HIERARCHY
ROOT Hips
{
	OFFSET 0.0000 0.0000 0.0000
	CHANNELS 6 Xposition Yposition Zposition Zrotation Xrotation Yrotation
	JOINT Spine1
	{
		OFFSET -0.0137 5.0038 -0.0537
		CHANNELS 3 Zrotation Xrotation Yrotation
		JOINT Spine2
		{
			OFFSET -0.0000 7.1253 -0.0298
			CHANNELS 3 Zrotation Xrotation Yrotation
			JOINT Chest
			{
				OFFSET -0.0000 7.5501 -0.8160
				CHANNELS 3 Zrotation Xrotation Yrotation
				JOINT Neck1
				{
					OFFSET -0.1817 26.3113 -0.5533
					CHANNELS 3 Zrotation Xrotation Yrotation
					JOINT Neck2
					{
						OFFSET -0.0000 7.7094 2.3026
						CHANNELS 3 Zrotation Xrotation Yrotation
						JOINT Head
						{
							OFFSET -0.0000 6.1289 1.9537
							CHANNELS 3 Zrotation Xrotation Yrotation
							JOINT Jaw
							{
								OFFSET 0.0026 0.4756 3.0949
								CHANNELS 3 Zrotation Xrotation Yrotation
								End Site
								{
									OFFSET 0.0 1.0 0.0
								}
							}
							JOINT LeftEye
							{
								OFFSET 3.2064 5.3802 7.5869
								CHANNELS 3 Zrotation Xrotation Yrotation
								End Site
								{
									OFFSET 0.0 1.0 0.0
								}
							}
							JOINT RightEye
							{
								OFFSET -3.2224 5.3619 7.5582
								CHANNELS 3 Zrotation Xrotation Yrotation
								End Site
								{
									OFFSET 0.0 1.0 0.0
								}
							}
						}
					}
				}
				JOINT LeftShoulder
				{
					OFFSET 1.6217 23.2372 5.1134
					CHANNELS 3 Zrotation Xrotation Yrotation
					JOINT LeftArm
					{
						OFFSET 14.9198 0.0000 -5.5023
						CHANNELS 3 Zrotation Xrotation Yrotation
						JOINT LeftForeArm
						{
							OFFSET 28.7393 0.0000 -0.0026
							CHANNELS 3 Zrotation Xrotation Yrotation
							JOINT LeftHand
							{
								OFFSET 27.0940 -0.0000 0.0026
								CHANNELS 3 Zrotation Xrotation Yrotation
								JOINT LeftHandThumbEnd
								{
									OFFSET 12.2686 -3.2202 4.8331
									CHANNELS 3 Zrotation Xrotation Yrotation
									End Site
									{
										OFFSET 0.0 1.0 0.0
									}
								}
								JOINT LeftHandMiddleEnd
								{
									OFFSET 19.0120 -0.3129 -0.0340
									CHANNELS 3 Zrotation Xrotation Yrotation
									End Site
									{
										OFFSET 0.0 1.0 0.0
									}
								}
							}
						}
					}
				}
				JOINT RightShoulder
				{
					OFFSET -1.3801 23.1803 5.2142
					CHANNELS 3 Zrotation Xrotation Yrotation
					JOINT RightArm
					{
						OFFSET -15.0372 0.0000 -5.5456
						CHANNELS 3 Zrotation Xrotation Yrotation
						JOINT RightForeArm
						{
							OFFSET -28.7366 0.0000 -0.0026
							CHANNELS 3 Zrotation Xrotation Yrotation
							JOINT RightHand
							{
								OFFSET -27.1336 -0.0000 0.0026
								CHANNELS 3 Zrotation Xrotation Yrotation
								JOINT RightHandThumbEnd
								{
									OFFSET -12.2642 -3.2115 4.8040
									CHANNELS 3 Zrotation Xrotation Yrotation
									End Site
									{
										OFFSET 0.0 1.0 0.0
									}
								}
								JOINT RightHandMiddleEnd
								{
									OFFSET -19.0006 -0.3066 -0.0316
									CHANNELS 3 Zrotation Xrotation Yrotation
									End Site
									{
										OFFSET 0.0 1.0 0.0
									}
								}
							}
						}
					}
				}
			}
		}
	}
	JOINT LeftLeg
	{
		OFFSET 10.0432 -8.4345 2.5957
		CHANNELS 3 Zrotation Xrotation Yrotation
		JOINT LeftShin
		{
			OFFSET -0.0000 -43.2218 -0.8029
			CHANNELS 3 Zrotation Xrotation Yrotation
			JOINT LeftFoot
			{
				OFFSET 0.0000 -42.1551 -3.4815
				CHANNELS 3 Zrotation Xrotation Yrotation
				JOINT LeftToeBase
				{
					OFFSET 0.0000 -5.0595 13.2315
					CHANNELS 3 Zrotation Xrotation Yrotation
					End Site
					{
						OFFSET 0.0 1.0 0.0
					}
				}
			}
		}
	}
	JOINT RightLeg
	{
		OFFSET -10.0473 -8.2953 2.6203
		CHANNELS 3 Zrotation Xrotation Yrotation
		JOINT RightShin
		{
			OFFSET 0.0000 -43.3622 -0.8056
			CHANNELS 3 Zrotation Xrotation Yrotation
			JOINT RightFoot
			{
				OFFSET 0.0000 -42.1174 -3.4784
				CHANNELS 3 Zrotation Xrotation Yrotation
				JOINT RightToeBase
				{
					OFFSET -0.0000 -5.0796 13.2842
					CHANNELS 3 Zrotation Xrotation Yrotation
					End Site
					{
						OFFSET 0.0 1.0 0.0
					}
				}
			}
		}
	}
}
MOTION
Frames: 150
Frame Time: 0.033333
-6.2471 93.8303 0.6146 2.7673 10.6055 -0.2349 -0.0657 13.0979 -0.6390 -0.2957 1.9772 -0.4095 2.0114 29.5751 -1.9369 9.3006 21.3468 0.8255 -0.1660 -3.6584 5.0242 1.2066 -16.3545 3.3820 -0.0540 -0.0794 0.1512 0.5347 -10.1905 -3.5380 -0.6339 -10.1961 3.8579 2.1084 18.4381 -10.9237 -69.1858 -27.8514 -17.0374 -0.8489 -0.3356 -130.8003 33.4292 18.8896 22.8637 -14.8838 10.9421 15.8626 -60.1099 2.0346 2.2982 3.8538 17.6452 20.1931 69.1901 -35.9665 -19.5388 0.2323 0.6220 88.0735 -26.9123 40.9901 -36.1828 15.9932 7.6107 -16.3135 50.3597 -3.7947 -4.8535 3.1050 -33.1863 -7.6030 -0.1300 39.3246 -0.1990 -6.2736 -17.7956 -3.5895 1.6210 0.3822 -1.9178 -14.6655 -35.2155 6.4534 0.4378 37.1989 1.2777 9.1625 -13.9101 1.2121 -1.4376 0.3782 1.0684
-6.5020 94.0743 0.7310 3.0098 12.2929 -0.2641 -0.0273 13.3381 -0.6239 -0.3131 2.1055 -0.3902 2.3069 29.7700 -1.7093 9.7051 21.5098 0.9419 -0.1005 -3.6850 4.9394 1.0462 -16.3057 3.2430 -0.0433 -0.0908 0.1296 0.5379 -10.1809 -3.5610 -0.6159 -10.2088 3.8348 2.6123 18.3655 -10.9474 -69.0767 -29.0383 -17.1304 -0.6874 -0.5116 -129.7349 33.1630 19.1428 22.3697 -14.8589 10.8805 15.7807 -59.9710 2.0448 2.2832 4.0422 17.3434 20.9085 68.6115 -37.1507 -20.8678 0.2934 0.4805 88.4086 -25.4435 38.8624 -34.3039 16.0843 7.4265 -16.2880 50.3219 -3.8612 -4.7641 3.4917 -34.3839 -8.3518 -0.1642 38.1841 -0.2192 -6.5312 -17.2421 -2.8573 1.6146 0.6160 -1.9556 -14.8046 -36.8297 6.1679 0.4237 36.5039 1.2350 9.1556 -13.1905 1.5111 -1.4485 0.3769 1.0522
-6.6821 94.3083 0.7660 3.1711 14.0094 -0.4928 0.0218 13.6132 -0.5808 -0.3170 2.2817 -0.3814 2.6180 30.0261 -1.3669 9.8925 21.6239 1.1936 -0.1899 -3.7349 4.7377 0.9884 -15.9544 2.8563 -0.0445 -0.1051 0.1215 0.5279 -10.2171 -3.5720 -0.6073 -10.2626 3.8291 3.0298 18.2860 -10.8922 -69.1233 -30.2589 -17.0168 -0.5906 -0.7228 -129.0151 32.6144 18.6915 21.2520 -14.8744 10.8096 15.7897 -59.8489 2.0200 2.2949 4.1150 17.0162 21.7717 67.9018 -38.4912 -21.9460 0.1264 0.3046 88.7663 -24.2936 37.2037 -33.1773 16.0948 7.3334 -16.3044 50.2139 -3.9109 -4.7342 3.9980 -35.6022 -9.0545 -0.1855 37.1434 -0.2297 -6.7944 -16.6208 -2.1713 1.6153 0.7628 -1.9833 -14.8085 -38.5492 5.7212 0.4395 35.7528 1.2571 9.1166 -12.4479 2.0264 -1.4434 0.4539 1.0316
-6.8352 94.5294 0.7900 3.2168 15.6132 -0.9709 0.0867 13.9346 -0.5198 -0.2830 2.4905 -0.3918 2.8776 30.2939 -0.9473 9.7405 21.7434 1.4782 -0.2969 -3.7710 4.5011 1.0069 -15.5804 2.4191 -0.0373 -0.1149 0.1118 0.5231 -10.2520 -3.5810 -0.5870 -10.3106 3.8165 3.2659 18.2006 -10.8404 -69.3750 -31.3691 -16.6691 -0.5761 -0.8506 -128.6580 32.1425 18.1095 20.0354 -14.9111 10.7595 15.7842 -59.7700 2.0203 2.2842 3.9989 16.6903 22.6563 67.3581 -39.9222 -22.9365 -0.0276 0.2165 89.2604 -23.4718 36.2740 -32.7356 16.0705 7.3141 -16.3144 50.1156 -3.9283 -4.7294 4.5309 -36.7392 -9.6153 -0.1923 36.3015 -0.2423 -7.0423 -16.0852 -1.4529 1.6197 0.8478 -2.0017 -14.7806 -40.1270 5.5037 0.4478 34.9758 1.2723 9.1251 -11.7190 2.6410 -1.4358 0.4704 1.0205
-6.9563 94.6944 0.8147 3.2043 17.1692 -1.5973 0.1551 14.3130 -0.4758 -0.2420 2.7347 -0.3621 3.0724 30.6308 -0.5543 9.3222 21.8379 1.8030 -0.3529 -3.7961 4.2369 1.1172 -15.1238 2.0111 -0.0328 -0.1191 0.1062 0.5165 -10.2920 -3.5863 -0.5703 -10.3597 3.8082 3.2988 18.0915 -10.8067 -69.6303 -32.4936 -16.1702 -0.6465 -0.9034 -128.5240 31.7611 17.4099 18.7926 -14.9972 10.6851 15.7207 -59.7175 2.0273 2.2301 3.7486 16.3436 23.5407 66.8251 -41.5339 -23.7546 -0.1575 0.1239 89.8831 -22.5294 35.6640 -32.4365 16.0430 7.3227 -16.3230 50.0521 -3.9337 -4.7164 5.0802 -37.8931 -10.1693 -0.1902 35.6712 -0.2424 -7.2659 -15.6865 -0.7164 1.6216 0.9520 -2.0024 -14.7870 -41.6717 5.5222 0.4661 34.2699 1.3006 9.1583 -11.0099 3.1753 -1.4285 0.4770 1.0171
-6.9786 94.8088 0.8250 3.1363 18.6640 -2.3001 0.2192 14.7434 -0.4345 -0.1796 2.9942 -0.3553 3.2109 31.0361 -0.2031 8.7075 21.8883 2.0596 -0.4009 -3.8147 4.0186 1.3139 -14.5665 1.6578 -0.0423 -0.1221 0.1065 0.4978 -10.3258 -3.5788 -0.5702 -10.4037 3.8066 3.1263 17.9522 -10.8654 -69.7640 -33.6873 -15.5850 -0.7273 -0.8571 -128.3999 31.3362 16.5124 17.6452 -15.0627 10.6447 15.6770 -59.6755 2.0465 2.1619 3.4299 15.9989 24.4345 66.0219 -43.3846 -24.1212 -0.2561 0.1002 90.3043 -21.2308 35.1730 -31.9471 16.0474 7.3482 -16.3376 50.0280 -3.9324 -4.7223 5.6567 -39.0911 -10.7035 -0.2005 35.3224 -0.2496 -7.4472 -15.4569 -0.0258 1.6268 1.0728 -2.0041 -14.8865 -43.2044 5.8138 0.4762 33.7412 1.3153 9.2250 -10.3588 3.6746 -1.4266 0.5075 1.0251
-6.9116 94.8153 0.8377 3.0649 20.1131 -3.0388 0.2740 15.2182 -0.3977 -0.1237 3.2841 -0.3492 3.3501 31.5084 0.1216 7.9719 21.8932 2.2549 -0.4194 -3.8270 3.7556 1.4659 -13.9060 1.3988 -0.0540 -0.1249 0.1058 0.4872 -10.3728 -3.5797 -0.5826 -10.4602 3.8124 2.9313 17.7909 -11.0358 -69.8908 -35.0744 -14.8701 -0.8312 -0.7390 -128.1428 30.8135 15.4147 16.4675 -15.1642 10.6034 15.6301 -59.6863 2.0642 2.0945 3.0034 15.7016 25.3269 64.8364 -45.4575 -23.9707 -0.3167 0.0788 90.4002 -19.7005 34.8302 -31.3167 16.0990 7.3646 -16.3341 50.0241 -3.9351 -4.7139 6.2067 -40.4449 -11.1727 -0.2130 35.3860 -0.2553 -7.5572 -15.4472 0.5560 1.6318 1.1671 -2.0091 -15.1761 -44.8285 6.3817 0.4922 33.5610 1.3290 9.3243 -9.8658 4.1950 -1.4255 0.4869 1.0222
-6.7585 94.7358 0.8203 3.0049 21.5405 -3.6989 0.3452 15.7343 -0.3782 -0.0821 3.5806 -0.3215 3.5345 32.0166 0.4419 7.2150 21.9274 2.3427 -0.4636 -3.8353 3.5064 1.5390 -13.1969 1.2247 -0.0684 -0.1324 0.1010 0.4778 -10.4421 -3.5917 -0.6025 -10.5414 3.8222 2.8227 17.6207 -11.2689 -69.9567 -36.6805 -14.0862 -0.8617 -0.5702 -127.7499 30.1911 13.9633 15.1195 -15.2725 10.5477 15.6146 -59.6689 2.0853 2.0840 2.5004 15.4322 26.2040 63.2140 -47.6749 -23.3019 -0.3147 0.1135 90.2325 -17.9007 34.6055 -30.6049 16.1297 7.3825 -16.3496 50.0109 -3.9491 -4.7611 6.7960 -41.9384 -11.7134 -0.2300 35.8030 -0.2651 -7.6306 -15.6338 1.1064 1.6347 1.2486 -2.0232 -15.6374 -46.5648 7.1213 0.5208 33.7270 1.3750 9.4569 -9.5605 4.6887 -1.4245 0.4453 1.0173
-6.6252 94.5751 0.8127 3.0041 22.9845 -4.2172 0.4141 16.2916 -0.3472 -0.0058 3.8871 -0.3157 3.7573 32.5473 0.7722 6.5118 22.0225 2.3608 -0.5440 -3.8456 3.3161 1.6169 -12.4057 1.0923 -0.0823 -0.1441 0.0956 0.4665 -10.5108 -3.6034 -0.6193 -10.6207 3.8315 2.9046 17.3611 -11.4740 -70.0718 -38.4978 -13.1524 -0.8939 -0.4432 -127.3178 29.6550 12.3734 13.7705 -15.3837 10.5262 15.6230 -59.6919 2.1067 2.0849 1.8988 15.1053 27.0639 61.0857 -49.8135 -22.1631 -0.3234 0.1880 89.9395 -15.9532 34.3112 -29.8678 16.2077 7.4099 -16.3593 50.1120 -3.9171 -4.8256 7.4213 -43.6063 -12.4130 -0.2438 36.5204 -0.2838 -7.6958 -16.0376 1.6921 1.6351 1.3482 -2.0366 -16.3251 -48.4668 8.0057 0.5572 34.3069 1.4328 9.5803 -9.5144 5.1111 -1.4239 0.4123 1.0229
-6.5054 94.3748 0.8453 3.1634 24.4323 -4.5316 0.4749 16.8796 -0.3459 0.0712 4.2094 -0.2659 3.9822 33.0767 1.0860 5.8583 22.2635 2.3319 -0.6002 -3.8552 3.1954 1.8019 -11.6058 1.0109 -0.0997 -0.1658 0.0907 0.4491 -10.5850 -3.6191 -0.6377 -10.7016 3.8464 3.1407 17.0806 -11.6168 -70.1980 -40.6158 -12.0842 -0.8617 -0.3319 -126.7317 29.2272 10.7846 12.4729 -15.4714 10.5273 15.7421 -59.6344 2.1096 2.1490 1.2404 14.8073 27.9049 58.7804 -51.9776 -20.9568 -0.1492 0.2422 89.5987 -14.0470 34.1049 -29.2474 16.2752 7.4378 -16.3311 50.2270 -3.8500 -4.8555 7.9743 -45.3262 -13.2231 -0.2537 37.2732 -0.3049 -7.7111 -16.4349 2.2432 1.6354 1.4322 -2.0397 -17.3561 -50.4767 9.0905 0.6200 35.1955 1.5323 9.7235 -9.6068 5.4470 -1.4225 0.3854 1.0520
-6.4332 94.1000 0.9002 3.5259 25.9154 -4.6209 0.5285 17.4750 -0.3678 0.1763 4.5679 -0.1962 4.1897 33.5819 1.3837 5.2775 22.7169 2.2934 -0.6485 -3.8703 3.0982 2.0917 -10.7644 0.9647 -0.1113 -0.1873 0.0853 0.4294 -10.6447 -3.6339 -0.6415 -10.7595 3.8569 3.5321 16.7927 -11.6158 -70.3382 -43.0271 -10.9388 -0.7724 -0.2779 -125.8432 29.0012 9.2783 11.3447 -15.5322 10.5331 15.8579 -59.6179 2.0898 2.1837 0.5492 14.5510 28.6987 56.1145 -54.0456 -19.5862 0.1080 0.3113 89.2448 -12.1507 34.0351 -28.7835 16.3352 7.4860 -16.3128 50.3926 -3.7862 -4.8741 8.4565 -47.1365 -14.1614 -0.2496 38.0536 -0.3075 -7.6828 -16.7846 2.7486 1.6349 1.4946 -2.0323 -18.8362 -52.5369 10.4725 0.6834 36.3178 1.6395 9.9101 -9.7969 5.6998 -1.4202 0.3778 1.0962
-6.4018 93.8010 1.0024 4.1200 27.3010 -4.4465 0.5595 18.1265 -0.3915 0.3293 4.9183 -0.1180 4.3867 34.0449 1.6326 4.7773 23.5053 2.2892 -0.6865 -3.9010 3.0117 2.4368 -9.9355 1.0148 -0.1189 -0.2094 0.0797 0.4165 -10.7120 -3.6580 -0.6441 -10.8298 3.8749 4.0427 16.5695 -11.4454 -70.5064 -45.6566 -9.8657 -0.6077 -0.2617 -124.5088 29.1150 7.7561 10.4719 -15.5818 10.5606 15.9967 -59.6868 2.0773 2.2259 -0.1685 14.3102 29.3762 53.0118 -55.8044 -17.9341 0.3576 0.4127 88.6633 -10.2223 34.2505 -28.4526 16.3929 7.5058 -16.2770 50.5678 -3.7449 -4.8726 8.7696 -48.8979 -15.1326 -0.2467 38.8598 -0.3023 -7.6328 -17.1161 3.1814 1.6316 1.4900 -2.0252 -20.8075 -54.5047 12.1979 0.7543 37.7201 1.7465 10.1452 -10.1603 5.8362 -1.4205 0.3718 1.1453
-6.3617 93.4234 1.1320 4.8967 28.5746 -4.0226 0.5777 18.7895 -0.4342 0.4923 5.2458 -0.0435 4.6099 34.4937 1.8592 4.3859 24.6026 2.3361 -0.6173 -3.9438 2.9488 2.7256 -9.1016 1.1893 -0.1096 -0.2318 0.0746 0.4049 -10.7437 -3.6769 -0.6130 -10.8798 3.8837 4.6799 16.3906 -11.1253 -70.8179 -48.4326 -8.7942 -0.4606 -0.3521 -122.8188 29.6663 6.2150 9.9544 -15.6199 10.5959 16.0763 -59.7516 2.0701 2.2212 -0.9313 14.0602 29.9701 49.4782 -57.1550 -16.0052 0.4254 0.6361 87.6938 -8.2288 34.9140 -28.3118 16.4370 7.4906 -16.2203 50.6513 -3.7452 -4.8962 9.0219 -50.6439 -16.2140 -0.2415 39.8403 -0.2915 -7.6279 -17.5352 3.6045 1.6274 1.4235 -2.0222 -23.1943 -56.3989 14.2017 0.8403 39.4297 1.8704 10.4356 -10.7157 5.9324 -1.4202 0.3595 1.1810
-6.3736 92.9223 1.2984 5.7594 29.7469 -3.4754 0.6175 19.4463 -0.4877 0.6184 5.5522 0.0169 4.8573 34.8467 2.0552 3.9868 25.8504 2.3072 -0.3743 -3.9807 2.9774 2.9483 -8.2781 1.4759 -0.0855 -0.2503 0.0704 0.4013 -10.7861 -3.6994 -0.5605 -10.9237 3.8912 5.3969 16.1771 -10.7121 -71.3286 -51.0236 -7.7502 -0.3444 -0.4230 -121.1771 30.6029 4.6312 9.6759 -15.6879 10.6663 16.1228 -59.9050 2.0770 2.1824 -1.7790 13.8311 30.2962 46.5074 -58.3082 -14.4547 0.4738 0.8013 86.5135 -6.9366 36.2320 -28.5626 16.4481 7.4907 -16.1486 50.7031 -3.7372 -4.8962 9.2148 -52.4381 -17.2592 -0.2253 41.1170 -0.2669 -7.6823 -18.1897 3.9789 1.6216 1.3594 -2.0286 -25.9136 -58.2672 16.4770 0.9447 41.4924 1.9919 10.7474 -11.5168 5.9681 -1.4177 0.3649 1.1976
-6.4291 92.3160 1.5001 6.5750 30.8018 -2.9241 0.6541 20.0658 -0.5564 0.7251 5.8200 0.0114 5.0024 35.0936 2.1832 3.5558 26.9128 2.1622 -0.0706 -3.9962 3.1190 3.1042 -7.5433 1.7719 -0.0678 -0.2600 0.0636 0.4019 -10.8406 -3.7314 -0.5252 -10.9714 3.9058 6.0799 15.9505 -10.3131 -71.9232 -53.1402 -6.7670 -0.1852 -0.4871 -119.9729 31.7094 3.3034 9.4801 -15.7774 10.6827 16.1118 -60.0346 2.0649 2.1209 -2.6355 13.6828 30.3467 44.8154 -59.5178 -13.6467 0.5987 0.8057 85.4760 -7.0065 38.1827 -29.2504 16.4088 7.5395 -16.0629 50.7311 -3.6965 -4.8609 9.3805 -54.2927 -18.0699 -0.2337 42.7592 -0.2666 -7.7807 -19.0711 4.1934 1.6182 1.2687 -2.0564 -28.8965 -60.0682 19.0818 1.0628 43.8351 2.0899 11.0527 -12.4976 6.0169 -1.4161 0.3450 1.2177
-6.5507 91.5877 1.7372 7.1672 31.7671 -2.5208 0.7118 20.6003 -0.6215 0.7823 6.0696 -0.0220 5.0593 35.1701 2.2229 3.0530 27.6354 1.8665 0.1735 -3.9963 3.3116 3.2369 -7.0053 2.0555 -0.0668 -0.2614 0.0514 0.3962 -10.9182 -3.7704 -0.5173 -11.0261 3.9230 6.6855 15.8001 -9.9717 -72.5569 -54.7388 -5.7870 -0.0700 -0.5221 -119.1453 32.7379 2.3478 9.2955 -15.8015 10.6646 16.0830 -59.9501 2.0043 2.0614 -3.3405 13.5687 30.1662 44.1466 -60.7316 -13.1384 0.8923 0.7625 84.8555 -7.8642 39.8789 -29.9573 16.3953 7.5774 -15.9984 50.7705 -3.6412 -4.8085 9.5680 -56.1709 -18.4684 -0.2384 44.7165 -0.2496 -7.8867 -20.2126 4.0437 1.6139 1.2152 -2.0654 -31.7808 -61.8021 21.7626 1.1738 46.2889 2.1702 11.3398 -13.5352 6.0608 -1.4166 0.3730 1.2479
-6.7242 90.8271 2.0107 7.5655 32.6151 -2.1468 0.7492 21.0738 -0.7019 0.8083 6.2385 -0.0817 5.0274 35.1478 2.1565 2.5155 27.9780 1.5135 0.2505 -3.9963 3.3793 3.4486 -6.6375 2.2782 -0.0657 -0.2660 0.0337 0.4070 -10.9960 -3.8113 -0.5278 -11.0757 3.9270 7.2183 15.7391 -9.6702 -73.0858 -55.7287 -4.9116 -0.0317 -0.5322 -118.7398 33.3631 1.5541 9.0034 -15.7835 10.6385 16.0714 -59.7257 1.8853 2.0349 -3.7715 13.3838 29.8113 43.9298 -61.5765 -12.2756 1.2112 0.6118 84.8243 -9.0226 40.9485 -30.4886 16.3971 7.6654 -15.9880 50.9712 -3.5435 -4.7394 9.7877 -57.9633 -18.5787 -0.2437 46.8253 -0.2276 -7.9804 -21.4982 3.5619 1.6101 1.1978 -2.0529 -34.3360 -63.4399 24.1736 1.2661 48.7470 2.2273 11.5392 -14.6324 6.1149 -1.4194 0.4282 1.2756
-6.9843 90.0449 2.3303 7.8635 33.3889 -1.7273 0.7851 21.4666 -0.8249 0.7614 6.3377 -0.1515 4.9464 35.0041 2.0068 1.9224 27.9668 1.1048 0.3270 -4.0012 3.2699 3.6938 -6.3578 2.3474 -0.0763 -0.2771 0.0127 0.4174 -11.0768 -3.8444 -0.5590 -11.1167 3.9215 7.7441 15.7377 -9.4066 -73.6013 -56.2434 -4.0820 -0.1148 -0.4594 -118.3280 33.4887 0.9984 8.8092 -15.7268 10.6257 16.0591 -59.5416 1.7644 2.0200 -3.8658 13.1569 29.2875 43.6902 -62.0304 -10.6500 1.6036 0.4742 84.9443 -10.2915 41.3641 -30.6914 16.4416 7.7106 -15.9857 51.1544 -3.4688 -4.7227 9.8501 -59.7044 -18.2289 -0.2419 48.9715 -0.2126 -8.0599 -22.7481 2.7283 1.6073 1.1722 -2.0251 -36.5643 -65.0028 26.2416 1.3362 51.1338 2.2550 11.5888 -15.7151 6.0988 -1.4262 0.4561 1.2872
-7.2884 89.3038 2.6416 8.2017 34.0733 -1.0143 0.8125 21.7836 -0.9553 0.7497 6.3453 -0.2835 4.8206 34.7439 1.7729 1.3188 27.7302 0.6746 0.4205 -4.0233 3.0277 3.9839 -6.1926 2.1482 -0.0826 -0.2902 0.0006 0.4240 -11.1359 -3.8621 -0.5790 -11.1353 3.9179 8.3230 15.8434 -9.1862 -74.3092 -56.4916 -3.1762 -0.2920 -0.3043 -117.6146 33.1701 0.6850 8.8111 -15.6003 10.6311 16.0222 -59.4551 1.7117 1.9850 -3.6408 12.8822 28.6841 43.4662 -61.9899 -8.5855 2.0142 0.3742 84.9339 -11.8832 41.3520 -30.7619 16.5179 7.7591 -16.0419 51.3829 -3.4005 -4.7596 9.5640 -61.4246 -17.3010 -0.2611 51.0620 -0.2165 -8.0943 -23.8243 1.4032 1.6084 1.0705 -1.9932 -38.6214 -66.4194 28.0549 1.3665 53.4881 2.2390 11.4839 -16.9016 5.8680 -1.4336 0.4446 1.2852
-7.6597 88.5877 2.9434 8.6599 34.6787 0.0289 0.8360 21.9970 -1.1218 0.7023 6.3253 -0.4436 4.6561 34.3980 1.4505 0.8703 27.2936 0.3125 0.4795 -4.0336 2.7046 4.2340 -6.0979 1.7225 -0.0878 -0.3041 -0.0030 0.4389 -11.1721 -3.8672 -0.6049 -11.1520 3.9172 8.9385 15.9808 -9.0154 -75.0166 -56.8308 -2.2574 -0.4543 -0.1715 -116.1394 32.4257 0.4114 8.9210 -15.4871 10.6859 16.0358 -59.5090 1.7057 1.9168 -3.1303 12.5840 28.1333 43.2841 -61.6347 -6.4605 2.2696 0.3596 84.6209 -13.5389 40.8885 -30.7537 16.6281 7.8048 -16.1040 51.6715 -3.3763 -4.7527 8.7992 -63.1179 -15.7670 -0.3472 53.0363 -0.3059 -8.0483 -24.5934 -0.3265 1.6123 0.8147 -1.9581 -40.6616 -67.6558 29.7800 1.3782 55.7724 2.2074 11.2078 -18.0654 5.3533 -1.4387 0.3717 1.2617
-8.0918 87.8822 3.2333 9.3195 35.1043 1.5488 0.8765 22.0790 -1.3495 0.5267 6.2717 -0.5279 4.7254 34.0804 1.0719 0.3811 26.7951 -0.0423 0.6131 -4.0003 2.3583 4.2992 -6.1115 1.0162 -0.0672 -0.3076 0.0121 0.4908 -11.2213 -3.8792 -0.6124 -11.2154 3.9515 9.5078 16.1829 -8.9659 -75.3594 -57.7986 -1.5404 -0.6613 -0.2045 -113.4954 31.2328 0.6165 9.4935 -15.2459 10.6720 16.0619 -59.4172 1.7099 1.9172 -2.5007 12.4477 27.5185 43.4974 -61.0983 -4.7117 2.2347 0.3367 83.9685 -15.7330 40.2090 -31.0235 16.6947 7.7772 -16.1494 51.7226 -3.4774 -4.7115 7.4790 -64.8589 -13.6727 -0.4311 55.0569 -0.4253 -7.8861 -24.9390 -2.4273 1.6431 0.4323 -1.8911 -42.6514 -68.7500 31.2309 1.3611 58.1327 2.1615 10.8792 -19.3400 4.6300 -1.4499 0.2262 1.2362
-8.6307 87.0205 3.4876 10.1258 35.3854 3.1689 0.8439 22.1120 -1.4387 0.4867 6.2208 -0.7938 4.5426 33.6530 0.6575 0.0034 26.4208 -0.3278 0.7728 -3.9801 1.9125 4.4118 -6.2711 0.4493 -0.0463 -0.3115 0.0248 0.5187 -11.2357 -3.8715 -0.5983 -11.2275 3.9612 10.2937 16.0785 -9.1574 -74.6682 -59.1852 -1.5364 -0.6512 -0.2490 -109.5808 29.9586 1.5479 10.7342 -15.0577 10.8650 16.1203 -59.5842 1.8253 1.8749 -1.7423 12.4156 26.9662 44.7639 -60.8662 -4.3784 2.4666 0.2126 82.7660 -18.2391 39.3086 -30.8552 16.7322 7.7389 -16.2114 51.7599 -3.6085 -4.7123 5.3859 -66.6147 -10.6991 -0.6075 57.3483 -0.5767 -7.7074 -25.1885 -4.7212 1.6546 -0.0283 -1.8880 -45.1121 -69.7111 33.2165 1.3805 60.7962 2.1533 10.4305 -20.7199 3.7083 -1.4573 0.1558 1.1796
-9.2547 85.9814 3.7601 11.0205 35.3179 4.9868 0.8086 22.1188 -1.5408 0.4208 6.1443 -1.0215 4.3970 33.2786 0.2330 -0.5277 26.0769 -0.6052 1.0292 -3.9635 1.3355 4.5407 -6.4857 -0.1597 -0.0243 -0.3120 0.0324 0.5446 -11.2549 -3.8609 -0.5788 -11.2319 3.9602 11.1143 15.8504 -9.6280 -72.8436 -61.1520 -2.2740 -0.5270 -0.2549 -104.7263 28.6001 3.0415 12.2092 -14.9479 10.9880 16.1701 -59.7377 1.8682 1.8365 -1.0020 12.4459 26.3683 46.7457 -60.7265 -5.0103 2.7750 0.0406 81.0290 -21.2571 38.2569 -30.2137 16.7943 7.7211 -16.2570 51.7703 -3.6645 -4.6997 2.4942 -68.2667 -6.8243 -0.8275 60.0442 -0.7606 -7.3573 -25.4522 -7.1116 1.6627 -0.4787 -1.8735 -47.5634 -70.4820 35.1187 1.4747 63.8327 2.2187 10.0004 -22.3456 2.6943 -1.4630 0.0607 1.1361
-9.9239 84.7121 3.9927 11.9443 34.9303 6.8741 0.7485 22.0944 -1.6237 0.3899 6.0693 -1.2424 4.1612 32.9785 -0.2155 -1.1150 25.6117 -0.8119 1.2766 -3.9359 0.6905 4.7054 -6.7751 -0.8707 -0.0229 -0.3064 0.0295 0.5495 -11.2705 -3.8542 -0.5818 -11.2195 3.9506 11.8546 15.5594 -10.3322 -70.7761 -63.4380 -3.0152 -0.4221 -0.2674 -99.7989 27.7552 4.2562 13.1860 -14.8906 10.9938 16.2083 -59.7573 1.8694 1.9195 -0.2726 12.4716 25.8383 48.9498 -60.5276 -6.2885 3.1236 -0.0588 79.0366 -24.2084 36.8605 -28.7736 16.7656 7.6784 -16.3117 51.5462 -3.7235 -4.7550 -1.1950 -69.7752 -2.0413 -1.0366 63.1773 -0.9287 -6.8482 -25.7785 -9.5646 1.6737 -0.9475 -1.8515 -50.2709 -71.0285 37.3383 1.6274 67.3643 2.3256 9.7380 -24.2209 1.6283 -1.4653 -0.1342 1.1126
-10.6891 83.1951 4.2842 12.8370 34.2859 8.7685 0.6826 22.0494 -1.6808 0.4432 6.0145 -1.4363 3.8034 32.7386 -0.7082 -1.6847 24.9060 -0.8428 1.4208 -3.9058 -0.0118 4.8534 -7.1224 -1.6906 -0.0561 -0.2899 0.0143 0.5227 -11.2539 -3.8560 -0.6215 -11.1734 3.9355 12.3417 15.1759 -11.1557 -69.7882 -65.6701 -2.8037 -0.5098 -0.4152 -95.6652 28.1249 4.6942 13.2221 -14.8651 10.9069 16.2208 -59.6158 1.8488 2.1130 0.4745 12.4526 25.4711 50.7391 -60.0730 -7.6731 3.3803 -0.0900 77.0945 -26.7343 35.1627 -26.5427 16.7067 7.5582 -16.3200 51.1807 -3.7785 -4.8036 -5.2470 -71.1784 3.1228 -1.2163 66.7864 -1.0620 -6.2286 -26.2001 -11.9111 1.6872 -1.4050 -1.8318 -53.2609 -71.3982 39.9947 1.9974 71.4488 2.6771 9.6918 -26.1883 0.5437 -1.4622 -0.5085 1.1286
-11.6322 81.4972 4.6230 13.6119 33.4678 10.6400 0.6680 21.9154 -1.6878 0.5281 5.9992 -1.6090 3.3790 32.5849 -1.1425 -2.0032 23.8975 -0.7919 1.3962 -3.8747 -0.7306 4.8843 -7.5932 -2.6237 -0.0882 -0.2595 0.0039 0.4825 -11.1653 -3.8475 -0.6463 -11.0705 3.9137 12.4407 14.7906 -11.9990 -69.1834 -67.4222 -2.4252 -0.5656 -0.6201 -93.0907 30.0366 4.5770 12.6025 -14.8672 10.7534 16.1915 -59.3926 1.6928 2.2799 1.5052 12.4238 25.2582 51.3589 -59.3573 -8.5171 3.5281 -0.3101 75.4952 -28.9156 33.4767 -23.9603 16.4176 7.4415 -16.2853 50.7819 -3.8537 -4.7965 -9.1935 -72.5312 8.2408 -1.5024 70.7730 -1.3141 -5.4612 -26.4779 -14.2048 1.6924 -2.0573 -1.7874 -56.4863 -71.5248 43.1578 2.6205 75.9349 3.2668 9.9563 -28.1050 -0.7542 -1.4643 -1.0380 1.1759
-12.6985 79.4398 4.9632 14.3505 32.5799 12.5933 0.6190 21.8183 -1.7090 0.6049 5.9622 -1.7244 3.1679 32.4129 -1.5035 -1.8993 22.6625 -0.4073 1.2496 -3.8163 -1.5246 4.8835 -8.0734 -3.5869 -0.0793 -0.2270 0.0100 0.4686 -11.0718 -3.8256 -0.6142 -10.9795 3.8984 12.4336 14.4003 -12.5633 -69.4323 -68.4506 -1.6148 -0.8340 -0.9103 -92.1685 32.7378 4.5195 11.5067 -14.7899 10.6527 16.1903 -59.1525 1.5866 2.4040 2.4758 12.4991 25.3189 51.3867 -58.4744 -9.3044 3.4809 -0.3536 74.1171 -30.7817 32.2743 -21.6576 16.2946 7.3185 -16.2714 50.4816 -3.9308 -4.7382 -12.6470 -74.1125 12.7735 -2.0021 75.3174 -1.7956 -4.7567 -26.7334 -16.2552 1.6920 -2.6243 -1.7353 -60.2100 -71.6825 46.9702 4.3241 81.0482 4.9968 10.2628 -30.0058 -1.9219 -1.4669 -1.7365 1.2585
-13.8770 77.1488 5.3639 14.9255 31.6693 14.4622 0.6266 21.6907 -1.7122 0.5864 5.9008 -1.8144 3.1721 32.2003 -1.6956 -1.5156 21.3673 -0.0205 1.0977 -3.7756 -2.2531 4.6727 -8.5487 -4.4796 -0.0535 -0.2085 0.0188 0.4641 -10.9873 -3.7890 -0.5570 -10.9033 3.8646 12.1918 14.0659 -12.8927 -68.2079 -68.2931 -2.4967 -0.9742 -1.0746 -92.6322 34.8570 5.1445 10.7330 -14.7267 10.6381 16.2052 -59.0507 1.5273 2.4596 3.4739 12.5660 25.2853 50.8293 -57.4395 -9.6269 3.3107 -0.4539 72.7427 -32.3249 31.3981 -19.5918 16.2468 7.2331 -16.2604 50.2975 -3.9648 -4.7213 -15.0930 -75.7537 16.1814 -2.9471 79.8904 -2.7206 -3.9894 -27.3035 -17.9390 1.6995 -3.1536 -1.7249 -63.7374 -71.8637 50.7285 11.1417 86.3135 11.8329 10.4170 -31.9566 -2.9545 -1.4714 -2.5719 1.3180
-15.1857 74.6101 5.8300 15.4352 30.6753 16.2529 0.6201 21.5125 -1.6542 0.5290 5.8287 -1.9317 3.2730 31.9579 -1.8573 -0.9106 19.9814 0.3282 0.8306 -3.7742 -2.9475 4.4193 -9.0239 -5.3205 -0.0180 -0.1953 0.0267 0.4903 -10.9020 -3.7538 -0.5119 -10.8313 3.8281 11.8376 13.7227 -13.1116 -65.1727 -66.8964 -5.2431 -0.9428 -1.0008 -93.7895 36.0576 6.3865 10.6526 -14.6849 10.6652 16.1678 -59.1586 1.5103 2.3965 4.5481 12.5573 25.2156 49.9373 -56.3072 -9.7434 3.1615 -0.5423 71.1473 -33.7908 30.8329 -17.8441 16.1782 7.1567 -16.2605 50.0170 -4.0168 -4.7679 -16.4905 -77.4926 18.3467 -5.6936 84.5973 -5.4618 -3.2467 -28.2280 -19.1527 1.7122 -3.6314 -1.7476 -67.3620 -72.0920 54.6704 159.7340 87.7955 160.4457 10.4384 -33.9175 -3.9523 -1.4849 -3.5849 1.3701
-16.5411 71.7652 6.3667 15.8894 29.4455 18.0249 0.6363 21.3326 -1.5957 0.4231 5.7288 -2.0670 3.3710 31.6171 -2.0315 -0.1534 18.4694 0.6835 0.5154 -3.7882 -3.6369 4.1322 -9.4405 -6.1374 0.0106 -0.1811 0.0281 0.5160 -10.8357 -3.7324 -0.4784 -10.7716 3.7938 11.4633 13.4320 -13.2440 -61.1583 -64.5081 -9.1002 -0.8702 -0.8529 -94.7139 36.7229 7.9859 10.8806 -14.6492 10.7248 16.1493 -59.4071 1.5056 2.3468 5.7742 12.4903 25.1245 48.5553 -54.8697 -9.3428 2.8422 -0.5911 69.0860 -35.0894 30.3651 -16.0890 16.2190 7.0922 -16.2687 49.8552 -4.0336 -4.8718 -16.2057 -79.1285 18.6519 -44.1816 89.1492 -43.9655 -2.5504 -29.7379 -20.1604 1.7265 -3.8428 -1.7425 -70.4380 -72.3125 58.1069 174.3564 81.8962 175.0536 10.3846 -35.8983 -5.1253 -1.4993 -4.7543 1.4055
-18.0007 68.6230 6.9538 16.3798 28.0169 19.6746 0.6248 21.2099 -1.4954 0.3164 5.6280 -2.2104 3.3135 31.1313 -2.2951 0.6713 16.6620 1.0029 0.0412 -3.8328 -4.3605 3.7975 -9.8139 -6.9749 0.0072 -0.1579 0.0248 0.5268 -10.7653 -3.7269 -0.4962 -10.7128 3.7776 11.1137 13.1147 -13.4444 -57.3268 -61.5043 -12.9364 -0.8845 -0.7181 -94.9748 37.3093 9.6315 11.0431 -14.5809 10.7551 16.1962 -59.5359 1.4979 2.3620 7.1602 12.4651 25.0672 46.9214 -53.3325 -8.7405 2.5548 -0.6299 66.6297 -36.3315 29.7677 -14.2882 16.2806 7.0503 -16.3035 49.7526 -4.0589 -4.9681 -13.9317 -80.7996 16.9682 -171.5111 85.5033 -171.3425 -1.9930 -31.4743 -21.1832 1.7343 -4.0273 -1.7252 -73.5144 -72.5781 61.6739 176.7226 75.4391 177.4206 10.2703 -37.6737 -6.3798 -1.5215 -6.1784 1.4591
-19.4967 65.1914 7.5861 16.9812 26.4164 21.1419 0.5716 21.1832 -1.4074 0.1714 5.5475 -2.3401 3.0397 30.5517 -2.6690 1.3648 14.4557 1.2514 -0.5488 -3.8862 -5.0841 3.3536 -10.0976 -7.7446 -0.0077 -0.1368 0.0230 0.5294 -10.6879 -3.7257 -0.5295 -10.6522 3.7721 10.7410 12.8109 -13.7972 -53.9502 -58.4018 -16.3416 -0.9169 -0.6820 -94.3333 38.0777 11.0972 10.9218 -14.5816 10.8115 16.3202 -59.7191 1.5237 2.4780 8.5349 12.4795 25.0216 45.1766 -51.6820 -7.9165 2.2230 -0.5676 63.8588 -37.1794 29.2070 -12.7494 16.2848 7.0264 -16.3424 49.6475 -4.1039 -5.0433 -8.8299 -82.3561 12.5966 -175.5291 80.4019 -175.4225 -1.6318 -33.3560 -22.3706 1.7364 -4.2171 -1.7101 -76.1940 -72.8520 64.8934 177.6410 68.8026 178.3595 10.0727 -39.3946 -7.7115 -1.5470 -7.7112 1.5056
-21.1605 61.6350 8.2729 17.6731 24.7181 22.3841 0.5007 21.2766 -1.3146 0.0573 5.4991 -2.4632 2.5500 29.9772 -3.1576 1.7707 12.0944 1.4153 -1.1369 -3.9244 -5.7313 2.8294 -10.3496 -8.4143 -0.0342 -0.1181 0.0268 0.5265 -10.5985 -3.7146 -0.5809 -10.5707 3.7726 10.3380 12.5180 -14.3706 -50.8724 -55.5412 -19.2551 -0.9403 -0.7165 -92.8900 39.1160 12.2502 10.6596 -14.5355 10.8820 16.4691 -59.7926 1.5261 2.6027 9.7287 12.5388 24.9067 43.4858 -49.9552 -6.8946 1.7914 -0.4770 61.0307 -37.4561 28.6294 -11.4071 16.3272 6.9985 -16.3298 49.6181 -4.0990 -5.0650 0.8028 -83.6847 3.9555 -176.5826 75.4877 -176.5555 -1.4837 -35.2248 -23.7205 1.7299 -4.3700 -1.6720 -78.3719 -73.3163 67.5018 178.1692 62.2615 178.9057 9.7163 -41.1169 -8.8751 -1.5811 -9.3751 1.5598
-22.9989 57.9663 8.9877 18.5296 22.9614 23.3495 0.4626 21.6132 -1.1877 -0.0677 5.4777 -2.6898 1.8282 29.3907 -3.7074 2.0591 9.8440 1.4998 -1.7216 -3.9947 -6.2192 2.4494 -10.4842 -8.9232 -0.1105 -0.1097 0.0392 0.4925 -10.5435 -3.6830 -0.7058 -10.4943 3.7926 9.9639 12.2226 -15.1119 -47.7546 -52.8751 -21.9105 -0.8226 -0.6328 -90.8552 40.3480 12.8510 10.3710 -14.5860 11.0108 16.5542 -60.1345 1.5647 2.5686 10.7615 12.5240 24.6504 42.2396 -48.5769 -6.2336 1.5535 -0.4749 58.4481 -37.4897 28.2437 -10.2039 16.3319 7.0252 -16.3281 49.7326 -4.0412 -5.0969 16.0554 -84.6079 -9.9339 -176.9089 70.9132 -176.9073 -1.3507 -36.8773 -25.3210 1.7117 -4.8897 -1.6723 -80.1539 -73.9955 69.4807 178.4971 55.8370 179.2377 9.0648 -42.8058 -9.7974 -1.6200 -11.1912 1.6060
-25.1034 54.4143 9.7353 19.8329 21.0192 24.4493 0.2866 21.9114 -1.1791 -0.2291 5.5943 -2.7886 1.2106 29.1233 -4.5487 2.3591 7.8480 1.4048 -2.2561 -3.9593 -6.5071 1.6497 -10.5839 -9.2987 -0.0980 -0.1056 0.0422 0.5133 -10.4660 -3.6774 -0.7000 -10.4157 3.7820 9.6457 11.9422 -16.1806 -44.8770 -50.6203 -23.8175 -1.2861 -0.6839 -88.7953 41.7550 13.5468 10.2803 -14.5347 10.9606 16.7193 -59.7696 1.5011 2.6881 11.4013 12.6678 24.1943 42.6670 -47.9609 -7.1023 1.2169 -0.3608 57.0064 -38.2067 27.8215 -9.4369 16.4867 6.9371 -16.2378 49.6703 -3.9905 -5.0236 33.9892 -84.8172 -26.6180 -176.9502 66.6805 -177.1354 -1.5195 -38.0463 -27.2175 1.7396 -4.8105 -1.6942 -81.3113 -74.5628 70.2421 178.9603 49.5756 179.6510 8.4476 -44.3730 -10.3334 -1.6650 -13.1705 1.6894
-27.2283 50.7066 10.5057 21.5666 18.8889 25.4608 0.1418 22.4196 -1.1568 -0.3656 5.7635 -3.0426 0.3823 29.0280 -5.5118 2.9026 6.3982 1.2694 -2.6879 -3.9809 -6.6971 0.8569 -10.6593 -9.6131 -0.1418 -0.1033 0.0569 0.4797 -10.4111 -3.6410 -0.7566 -10.3503 3.7896 9.4048 11.9946 -17.2100 -40.5990 -47.9846 -26.9001 -1.3835 -0.4594 -86.5635 43.2069 14.1313 10.7062 -14.6148 10.9352 16.8474 -59.7053 1.5433 2.7780 12.1400 12.6563 23.5985 44.1544 -48.2263 -9.4287 0.9735 -0.3004 56.5019 -40.2935 27.7575 -8.8415 16.5529 6.8737 -16.2582 49.6825 -3.9721 -5.0101 49.6195 -84.4762 -40.9399 -176.8648 62.9301 -177.1366 -1.9410 -38.7625 -28.9054 1.7757 -5.0252 -1.7523 -81.7321 -74.9964 69.5820 179.3655 43.2171 179.9363 7.5608 -45.8075 -10.3539 -1.7266 -15.7877 1.7610
-29.4861 46.8481 11.3652 23.8865 16.4954 26.5464 -0.0298 23.1110 -1.1810 -0.5504 5.9240 -3.2285 -0.4325 29.0884 -6.6869 4.0275 5.5320 1.2762 -3.0492 -4.0293 -7.1621 -0.5549 -10.6923 -9.7454 -0.1589 -0.1069 0.0584 0.4815 -10.3142 -3.6308 -0.7944 -10.2586 3.7852 9.4471 12.3693 -17.8379 -35.3171 -44.7323 -31.1463 -1.4731 -0.1949 -84.3005 44.3592 14.4881 11.7029 -14.7231 10.8632 16.8371 -59.4917 1.7210 2.9305 12.7242 12.3970 22.7815 47.0396 -48.2272 -13.6252 0.6955 -0.4145 57.4036 -44.1290 27.6058 -8.4754 16.5507 6.7053 -16.1848 49.6582 -3.9726 -4.9497 59.4635 -83.7157 -49.6566 -176.6929 59.7569 -176.9751 -2.7554 -39.4585 -30.0981 1.7892 -4.8146 -1.7326 -81.4372 -75.0833 67.2918 179.7287 36.5624 -179.8246 6.2860 -46.7886 -9.6518 -1.7983 -19.7090 1.8106
-31.8851 43.0489 12.1324 26.4946 14.2887 27.5772 -0.2022 23.9031 -1.2529 -0.7662 6.1291 -3.3227 -0.9125 29.0994 -7.6807 5.2168 5.1348 1.2544 -3.4231 -4.1252 -7.6506 -1.6429 -10.7272 -10.0221 -0.1936 -0.1220 0.0713 0.4579 -10.2405 -3.5834 -0.8418 -10.1941 3.7760 10.0162 12.8573 -18.0635 -30.1080 -40.7956 -35.5929 -1.4217 0.0383 -82.6689 44.7441 14.6774 13.2177 -14.9375 10.8519 16.8348 -59.6387 1.7576 3.0244 13.2780 12.1205 21.8673 51.3420 -47.9693 -19.8062 0.3604 -0.5878 60.4066 -48.0380 27.4245 -8.2463 16.5358 6.6660 -16.2297 49.9129 -3.9028 -4.8949 68.6491 -82.7703 -57.8405 -176.5428 57.2256 -176.8206 -4.2243 -40.0547 -31.1543 1.8166 -4.3464 -1.7457 -82.7538 -74.8404 66.1734 -179.9593 29.6338 -179.7389 4.9738 -47.1649 -7.9178 -1.9127 -24.2304 1.8853
-34.5452 39.3037 12.7623 29.3924 12.5317 28.5104 -0.3879 24.8662 -1.3265 -0.9284 6.3266 -3.3518 -1.2084 28.9240 -8.5503 6.5628 4.7891 1.2515 -3.7469 -4.2449 -8.1501 -2.8189 -10.7218 -10.2962 -0.2599 -0.1431 0.0903 0.3880 -10.1870 -3.5243 -0.9084 -10.1480 3.7794 11.3436 13.2577 -17.5602 -25.8924 -36.8040 -39.1716 -1.4493 0.2361 -82.4356 44.3447 13.9217 14.2663 -15.1382 10.9057 16.8019 -59.9802 1.8234 3.0918 13.4283 11.7212 20.7396 56.6653 -46.2736 -27.0907 -0.0868 -0.7042 65.7617 -52.0658 27.3352 -8.7057 16.4696 6.7064 -16.2519 50.2575 -3.8451 -4.8398 78.7256 -81.9317 -66.7065 -176.2831 55.4374 -176.5763 -6.2613 -40.1788 -31.9823 1.8195 -3.9152 -1.7445 -85.7136 -74.6028 66.5793 -179.7165 22.8038 -179.7832 3.7893 -47.0331 -5.7981 -2.0743 -29.0000 1.9816
-37.5059 36.0495 13.2335 32.4476 11.7659 29.6510 -0.5023 25.8568 -1.4599 -0.9376 6.5698 -3.4490 -1.2826 28.7063 -9.2258 7.7355 3.7885 1.1983 -3.9741 -4.3283 -8.5970 -3.8456 -10.6295 -10.6944 -0.2970 -0.1764 0.0909 0.3294 -10.1430 -3.5015 -0.9297 -10.1285 3.7755 13.1480 13.5753 -16.5143 -22.6338 -33.9633 -41.0041 -1.5110 0.1920 -84.0787 44.0075 12.6869 14.4163 -15.1748 11.0053 16.7409 -60.2298 1.8457 3.0861 13.1644 11.2631 19.8552 62.1897 -43.3060 -34.6381 -0.7413 -0.7005 73.5538 -55.8043 27.1657 -9.8695 16.4379 6.7497 -16.2530 50.6297 -3.8366 -4.7540 92.1055 -81.5929 -78.7123 -175.9162 54.9125 -176.2524 -8.7122 -39.4852 -31.9823 1.8107 -3.4166 -1.7264 -92.9278 -74.9907 71.9701 -179.5467 17.1694 -179.9520 2.8584 -45.3017 -3.7823 -2.2609 -33.3370 2.0690
-40.7447 33.4228 13.5260 35.9340 12.0758 31.2658 -0.5551 26.9908 -1.7695 -0.7297 6.9008 -3.5463 -1.0247 28.3418 -9.6908 8.6115 2.0783 1.0259 -3.9450 -4.3648 -9.0592 -4.7567 -10.4338 -11.2649 -0.2879 -0.2098 0.0664 0.2966 -10.0689 -3.5208 -0.8831 -10.0920 3.7485 15.1562 13.7079 -15.0732 -19.6292 -32.2748 -41.6515 -1.1529 -0.1165 -87.1621 44.2270 11.4968 13.7200 -15.0287 11.1134 16.5638 -60.3266 1.8339 2.9685 12.3791 10.7178 19.4550 67.4385 -39.2537 -42.0063 -2.0621 -0.6083 83.4086 -59.1342 26.4804 -11.2680 16.3808 6.7884 -16.2963 50.8698 -3.8165 -4.7440 109.2470 -81.8064 -94.4490 -175.4384 56.0010 -175.8241 -11.7543 -38.1530 -30.4772 1.7977 -2.5697 -1.6757 -107.4944 -75.5372 85.6304 -179.4850 12.9249 179.7315 2.1990 -40.8143 -1.1342 -2.4600 -36.8588 2.1079
-44.2704 31.3406 13.8468 40.2342 13.0350 33.3998 -0.6525 28.3235 -2.2802 -0.3541 7.1856 -3.5059 -0.4717 27.6574 -9.9330 9.4724 0.4627 0.6263 -3.2498 -4.3563 -9.5280 -5.7704 -9.9968 -12.2722 -0.2133 -0.2412 0.0165 0.3349 -9.9437 -3.5737 -0.7740 -10.0158 3.6906 17.0295 13.7101 -13.2287 -16.7459 -31.4975 -41.8507 -0.3508 -0.4142 -91.1393 45.4199 10.6769 12.5151 -14.9293 11.1062 16.1709 -60.1243 1.7613 2.6691 11.0445 9.9128 18.7881 72.2217 -33.9470 -48.4796 -4.0283 -0.7044 94.7006 -62.4082 25.9228 -12.6414 16.2312 6.8609 -16.4183 50.9044 -3.8091 -4.9907 133.2266 -82.4631 -116.8824 -174.8838 58.5768 -175.4140 -14.2957 -35.8125 -29.0550 1.7958 -2.1655 -1.6350 -125.7236 -74.6845 103.6461 -179.6788 10.4268 179.1674 2.5708 -33.9704 3.6504 -2.6039 -38.0541 1.9844
-47.7960 29.2136 14.2105 45.2959 13.9401 35.8497 -1.0784 29.5479 -3.1384 -0.0387 7.3443 -3.4873 0.2233 26.6832 -9.9592 10.2744 -0.0596 -0.0323 -2.4000 -4.1879 -9.7926 -6.2222 -9.3612 -13.5879 -0.1312 -0.2198 -0.0197 0.3586 -9.7072 -3.5973 -0.6337 -9.8354 3.6242 18.2625 13.2950 -11.2760 -14.6417 -30.8398 -41.3611 0.6310 -0.4393 -95.4482 47.2391 9.9638 11.5567 -14.8745 10.9544 15.7524 -60.0320 1.6763 2.3573 8.9761 9.1001 17.3497 76.1351 -27.1636 -52.2008 -6.6759 -0.6250 106.4955 -65.3768 25.7202 -13.5439 15.9973 7.0477 -16.6627 50.8162 -3.9442 -5.1176 163.2516 -82.5888 -145.0112 -173.9569 61.6418 -174.4478 -18.0072 -32.0562 -26.3021 1.7962 -1.6477 -1.5804 -139.7933 -71.6844 117.6728 179.9361 9.2460 178.4512 3.6791 -26.7126 10.8301 -2.3667 -35.7980 1.5856
-51.1230 26.9305 14.6859 51.0150 14.5141 38.1463 -1.7223 30.6015 -4.1985 0.1759 7.2505 -3.4364 0.5525 25.3122 -10.0024 11.0279 0.3307 -0.8448 -1.3606 -3.9369 -9.9066 -6.3298 -8.2278 -15.0198 -0.0506 -0.1768 -0.0352 0.3840 -9.4616 -3.5964 -0.5016 -9.6369 3.5782 18.5751 12.7215 -9.5218 -13.4583 -30.3240 -40.2590 1.0020 -0.3444 -99.2851 49.3911 9.2080 10.2747 -15.1001 10.7765 15.4889 -59.9880 1.5469 2.0311 6.7367 8.1168 14.6138 78.7805 -19.6106 -52.3454 -9.1496 -0.3820 118.4422 -67.9263 26.2961 -13.4329 15.6266 7.2276 -16.9550 50.5217 -4.0440 -5.0820 -170.4955 -81.5083 -168.7618 -172.8285 64.4611 -173.2624 -21.1074 -26.6926 -23.9344 1.7580 -1.7288 -1.5377 -147.7551 -67.4269 126.1657 179.6496 9.2510 177.8072 6.2430 -20.5428 18.5368 -1.9424 -29.0206 1.1221
-54.1898 24.9898 15.2769 57.1942 14.8600 39.7929 -2.5092 31.4207 -5.3001 0.1993 7.0312 -3.3533 0.1975 23.7710 -10.2723 11.2628 1.1195 -1.7060 -0.1650 -3.6269 -9.7086 -5.9834 -6.5271 -16.4061 -0.0024 -0.1440 -0.0415 0.3814 -9.2595 -3.6029 -0.4080 -9.4462 3.5712 17.7729 12.0251 -8.5507 -12.7273 -29.6285 -38.5985 0.9538 -0.3192 -102.2946 51.2265 8.1750 8.7395 -15.2675 10.5367 15.2989 -59.7891 1.4015 1.7819 4.4273 7.0310 11.3279 81.0053 -12.5153 -49.8051 -10.8709 0.1154 129.9744 -70.0779 28.2001 -12.2938 15.1727 7.4340 -17.1251 50.1789 -4.0349 -4.9834 -150.6062 -80.1567 174.2188 -171.8508 66.6120 -172.2958 -22.8641 -19.4069 -21.9379 1.7072 -2.2652 -1.5925 -150.1755 -62.3225 130.1153 179.7784 10.1238 177.4993 9.9327 -17.1711 25.0310 -1.5890 -21.2749 0.8239
-57.0502 23.6837 15.9548 63.8961 15.3583 40.3457 -3.5935 31.9618 -6.2382 0.0384 6.7357 -3.1755 -0.8072 22.2626 -10.8199 10.9246 2.0742 -2.4757 1.0719 -3.3268 -9.2847 -5.3338 -4.2713 -17.8126 0.0152 -0.1213 -0.0325 0.3742 -9.0373 -3.6021 -0.3710 -9.1881 3.5983 16.1866 11.4529 -8.6218 -12.1973 -29.2046 -36.7984 0.4921 -0.3248 -104.1176 52.3132 6.5666 6.8373 -15.3437 10.2910 15.1871 -59.5388 1.3955 1.7253 2.3481 5.8996 8.4842 82.8822 -7.0173 -46.2562 -11.1194 0.5473 140.8326 -71.8897 32.1055 -10.5940 14.4828 7.7028 -17.1159 49.7975 -3.9130 -4.9895 -131.8186 -79.3978 158.4966 -171.2243 67.6652 -171.8187 -22.9041 -10.9776 -20.0247 1.6668 -2.5897 -1.7123 -148.4702 -56.8359 130.8778 -179.8917 11.0871 177.5439 13.3250 -16.7084 29.8515 -1.4028 -15.1926 0.6735
-59.5484 22.9591 16.7083 70.5559 16.6890 39.8326 -4.8901 32.0999 -6.7183 -0.3662 6.4115 -3.0237 -2.0464 20.8007 -11.0582 10.2682 3.1096 -3.1962 2.4426 -3.0253 -8.6557 -4.4373 -2.2120 -18.8501 0.0634 -0.0947 -0.0069 0.4221 -8.7249 -3.5836 -0.3231 -8.8000 3.6327 14.4065 11.4783 -9.3185 -11.7791 -28.9093 -35.4349 0.4575 0.1798 -104.4999 52.4584 4.5427 4.3763 -15.1755 10.1446 15.1051 -59.2913 1.5580 1.8118 0.4349 4.9039 6.4470 84.4146 -3.2024 -42.0715 -9.5522 0.9400 150.3215 -73.2677 37.9923 -9.7182 14.0970 7.8996 -17.0212 49.6635 -3.7133 -5.1804 -110.8862 -79.1030 140.6066 -170.8122 67.2538 -171.7127 -22.4175 -3.1397 -18.3155 1.6850 -2.2935 -1.8684 -144.7000 -51.3696 130.4419 -179.5174 12.2873 177.7682 15.9865 -17.0675 32.3970 -1.3178 -11.6662 0.6058
-61.6827 22.4470 17.4200 76.7639 18.8211 39.2210 -6.3286 31.7168 -6.8387 -0.8942 6.1435 -2.9268 -3.0228 19.0527 -10.7510 9.8731 3.5195 -4.0146 3.4970 -2.7834 -7.9382 -3.5368 -0.5070 -19.1712 0.0803 -0.0613 0.0113 0.4850 -8.4536 -3.6144 -0.3552 -8.4792 3.7131 12.6488 12.0471 -10.0367 -11.6380 -28.9655 -34.6672 0.4945 1.0662 -103.6648 52.4120 2.4718 1.8406 -14.9981 10.2307 15.0873 -59.3222 1.8298 1.8344 -1.1789 4.3223 5.0856 85.7687 -0.9579 -38.2226 -6.4040 1.3364 157.4673 -74.6470 44.2090 -11.1623 13.8588 7.9792 -16.9836 49.6861 -3.5456 -5.3566 -90.5467 -78.0397 123.0326 -170.7128 65.2804 -171.9766 -21.9940 3.0458 -17.1000 1.7490 -1.7770 -2.0406 -140.8500 -45.9145 130.0464 -179.1165 13.4653 178.1579 18.2745 -17.3754 34.1074 -1.2545 -9.2861 0.5447
-63.4105 22.1486 18.0927 82.6766 21.3955 39.0957 -7.6820 30.9265 -6.7563 -1.6289 5.9170 -2.8442 -3.7688 17.0556 -10.2010 10.0277 2.5073 -4.7081 4.2294 -2.6034 -7.3700 -2.3337 0.9113 -18.6470 0.0239 -0.0425 -0.0110 0.5227 -8.3224 -3.7694 -0.5130 -8.3252 3.8533 10.9184 12.8099 -10.8164 -11.6372 -29.0645 -34.1564 0.4627 2.0090 -102.0599 53.1314 0.5224 -0.8890 -14.9997 10.5653 15.1799 -59.8274 2.1770 1.6817 -2.2197 3.9740 4.6066 86.8411 -0.2575 -35.3331 -2.3207 1.6225 162.6549 -77.6108 50.2404 -16.0594 13.6835 7.9839 -16.9248 49.8867 -3.4285 -5.3506 -74.9846 -75.4980 109.9680 -171.1416 61.9657 -172.7302 -21.0873 8.3592 -15.5558 1.9057 -1.1518 -2.2423 -137.3256 -40.0964 129.6646 -178.7211 14.3769 178.7075 20.3557 -17.4534 35.7790 -1.2482 -7.5443 0.4487
-64.8849 22.0858 18.7784 88.2500 23.9085 39.5298 -8.7442 29.9635 -6.4516 -2.4287 5.7827 -2.6864 -4.4057 15.1263 -9.6061 10.9266 -0.3911 -5.0034 4.4078 -2.4654 -7.1146 -0.2905 1.5141 -17.3860 -0.1649 -0.0471 -0.0666 0.4420 -8.1517 -4.0347 -0.8242 -8.1690 4.0728 9.2915 13.6105 -11.8219 -11.5785 -29.4079 -33.9344 0.3316 2.6654 -100.0416 54.8896 -1.0642 -3.7142 -15.1032 10.8478 15.2903 -60.5407 2.4235 1.4891 -2.4516 3.7199 5.1055 87.4300 -0.7696 -33.2969 2.0128 1.8372 166.3005 -83.2898 55.8683 -24.9622 13.5646 7.9693 -16.7792 50.1633 -3.3602 -5.2005 -65.4364 -71.7441 102.6296 -171.9194 57.6774 -173.7766 -19.8953 13.3527 -14.0510 2.1852 -0.6053 -2.3949 -133.8701 -34.1059 128.5344 -178.5058 15.0620 179.3516 22.3796 -17.7208 38.3531 -1.2648 -6.1249 0.3008
-66.3615 22.2815 19.4072 92.9247 26.1184 40.2231 -9.3801 29.1384 -5.9248 -3.1584 5.6557 -2.3284 -4.8362 13.8338 -8.9327 12.0228 -4.6411 -4.9009 4.2261 -2.3187 -6.8063 2.5960 0.7675 -15.7597 -0.4401 -0.0671 -0.0594 0.2432 -7.7764 -4.2392 -1.1894 -7.7646 4.3597 7.8658 14.3538 -13.1033 -11.4700 -30.1754 -34.0821 0.4386 3.0862 -98.0860 56.9226 -2.1201 -6.1620 -15.2423 11.0354 15.4418 -61.0855 2.4502 1.3565 -2.2048 3.5029 6.2404 87.7454 -2.0558 -32.1832 5.9031 1.9898 168.8334 -91.1082 60.2526 -36.8836 13.5672 7.9525 -16.4666 50.4342 -3.3114 -4.9649 -60.0092 -67.7828 99.2637 -172.8282 52.6916 -175.0258 -18.2919 18.0508 -12.4114 2.5713 -0.2470 -2.4540 -130.6825 -28.7502 126.0612 -178.7194 15.7412 179.8177 23.9039 -18.3008 42.5324 -1.2483 -4.9774 0.1316
-67.8477 22.6880 20.0350 96.5450 28.0745 40.7886 -9.7134 28.6827 -5.2760 -3.6146 5.6544 -1.9409 -5.0969 13.1560 -8.0177 12.5058 -8.8733 -4.3545 4.2888 -2.0727 -6.1138 5.8390 -1.2234 -14.0256 -0.5642 -0.0747 0.1266 0.1762 -7.2562 -4.1755 -1.3819 -7.0695 4.6755 6.6195 15.0806 -14.5038 -11.5190 -31.5666 -34.4202 0.8324 3.4443 -96.4649 58.2729 -2.9368 -8.5047 -15.2792 11.0092 15.5413 -61.0981 2.2853 1.3618 -1.9152 3.2740 7.7237 88.1392 -3.7664 -31.5794 8.9042 2.0291 170.6034 -101.5394 63.1934 -52.0562 13.7602 7.9871 -16.2477 50.6652 -3.2440 -4.8310 -55.9555 -63.8233 97.5325 -173.7610 47.3593 -176.3898 -16.1454 22.7885 -11.0760 2.9372 -0.1660 -2.4244 -127.7425 -24.3964 122.0707 -179.2637 16.9925 -179.9288 24.6997 -18.8598 48.2311 -1.2492 -4.1392 -0.0158
-69.4256 23.2120 20.6394 99.2740 29.7968 41.1375 -9.8462 28.6352 -4.5922 -3.8284 5.6922 -1.6313 -5.1654 13.0438 -6.8829 12.3927 -11.9190 -3.4769 4.7564 -1.8349 -5.0406 9.1185 -3.7774 -11.4783 -0.5174 -0.0391 0.4244 0.2291 -6.9547 -3.8996 -1.3400 -6.4244 4.9571 5.4966 15.8358 -15.9419 -11.8256 -33.4886 -34.4506 1.4791 3.7893 -95.3677 58.0976 -4.0104 -10.7566 -15.2119 10.9501 15.5996 -60.9800 2.1358 1.3706 -1.7130 3.2979 9.5422 89.0196 -5.9371 -31.8047 11.2356 1.9195 172.3063 -114.5572 63.9024 -70.3992 14.0835 8.1480 -16.1832 50.9470 -3.1946 -4.8543 -51.8470 -60.3069 95.9120 -174.5962 42.1399 -177.9037 -12.1186 29.1490 -8.2755 3.4245 -0.0921 -2.3829 -125.4359 -21.2617 117.5975 179.9283 19.1728 -179.8303 25.0447 -18.8559 54.4274 -1.2240 -3.3682 -0.1583
-70.8992 23.4648 21.2417 101.5247 31.2261 41.6838 -9.8239 28.7530 -3.8000 -3.8692 5.7645 -1.3545 -5.2561 13.1326 -5.7703 12.0073 -12.7719 -3.0774 5.1659 -1.6894 -3.5253 11.5350 -5.9478 -7.9017 -0.4589 0.0156 0.6203 0.2166 -7.0552 -3.6614 -1.1962 -6.2983 5.0678 4.3389 16.6044 -17.0975 -11.7611 -34.9007 -34.4048 2.4377 3.9843 -94.8304 56.3910 -5.1501 -12.6076 -15.0807 11.0428 15.6438 -61.0294 2.1876 1.0573 -1.6484 3.6231 11.5755 90.6669 -8.2923 -32.8658 13.2771 1.6728 174.0723 -126.9414 61.6933 -88.1350 14.4521 8.3411 -16.2106 51.1684 -3.2965 -4.8840 -47.7051 -58.0507 93.8165 -175.1489 37.9617 -179.4073 -6.6676 35.2333 -3.4955 4.0646 0.2319 -2.3290 -124.5524 -19.0254 115.1590 179.3385 21.5551 -179.8601 25.5796 -18.5624 59.1828 -1.1856 -2.6748 -0.2958
-72.0683 23.1537 21.7855 103.5757 32.2101 42.3860 -9.6937 28.8797 -3.0410 -4.0612 5.8763 -0.9007 -5.6756 13.3175 -4.9017 12.3024 -11.2316 -3.7131 5.3267 -1.6742 -1.7545 11.8837 -7.0461 -3.7380 -0.4410 0.0399 0.6219 0.1492 -7.4423 -3.5832 -1.0818 -6.7877 4.9484 3.3863 17.2813 -17.8831 -10.8163 -35.2944 -34.8305 3.2733 4.1669 -94.8180 54.2688 -5.6645 -14.1248 -15.0173 11.2603 15.6714 -61.4533 2.1627 0.5079 -1.1733 3.8998 13.1330 92.0132 -10.8875 -33.8510 15.1703 1.3342 175.4873 -133.5558 57.9136 -100.2843 14.8713 8.3954 -16.1928 51.3936 -3.4446 -4.7657 -43.0791 -57.1441 90.2373 -175.3560 35.5532 179.4846 -2.2626 38.9478 0.3828 4.5632 0.5719 -2.2836 -124.9965 -17.1427 115.4910 179.2353 22.8366 -179.8728 25.8203 -18.6561 61.7505 -1.2336 -2.3948 -0.3587
-73.0346 22.3729 22.1878 105.0794 32.4014 42.6116 -9.2860 29.3167 -2.1210 -4.4714 6.0759 -0.3881 -6.4582 13.8140 -4.2475 14.4998 -8.0936 -4.9678 4.7422 -1.9403 0.2893 10.7129 -6.4362 -0.1400 -0.3815 0.0261 0.5781 0.1303 -8.0495 -3.5969 -0.9389 -7.7508 4.8402 3.2618 18.1967 -18.7340 -8.7785 -35.4743 -35.8806 3.4413 4.2255 -95.3901 52.5424 -5.2995 -15.7741 -15.1826 11.4575 15.6998 -62.1459 1.9755 -0.0699 -0.1193 3.3978 13.7004 92.2244 -13.4057 -35.3829 16.7466 0.9086 176.8165 -132.8114 54.5185 -106.1634 15.3027 8.3396 -16.1688 51.5274 -3.6500 -4.4485 -36.6757 -57.3989 83.4714 -175.4251 35.3238 178.4351 2.2273 42.1945 3.9287 4.8233 0.5746 -2.1261 -125.8953 -15.5556 116.6392 179.2952 22.8217 -179.7936 25.3968 -19.4772 63.7857 -1.2742 -2.2914 -0.2670
-73.7915 21.8111 22.5035 105.6546 31.9030 42.4060 -8.4734 29.8412 -0.7769 -5.3164 6.1067 0.1225 -6.2883 14.8443 -3.5925 17.4190 -4.6794 -6.3059 4.4321 -2.1439 1.2270 8.7428 -4.3734 1.7464 -0.3372 0.0133 0.5250 0.0937 -8.5982 -3.5475 -0.8037 -8.7202 4.6776 4.1835 19.1638 -19.9975 -7.2374 -35.8960 -36.8889 3.2786 4.2779 -96.0534 51.4159 -4.1422 -17.7418 -15.4548 11.4504 15.7301 -62.7317 1.8603 -0.1500 0.5042 2.4371 13.1379 92.0283 -15.3054 -37.7028 17.8327 0.4383 178.3513 -128.5047 52.8007 -108.2793 15.6568 8.2616 -16.1946 51.5053 -3.9677 -4.0614 -29.2630 -58.2716 74.7390 -175.6260 37.2551 177.3134 7.0380 45.5338 7.9983 4.6726 0.9212 -1.6921 -126.2809 -14.7858 117.1633 179.4713 23.0200 -179.7881 25.3878 -21.0405 65.2214 -1.1871 -2.5201 -0.0711
-74.2908 21.5444 22.6345 105.9420 31.4171 41.9987 -8.4828 30.4574 -0.3376 -5.6289 6.1676 0.3363 -6.5691 15.2889 -3.4275 19.7530 -2.0596 -6.8045 4.0511 -2.2199 2.1239 7.6532 -2.6063 2.5831 -0.2719 0.0278 0.5742 0.1760 -8.9520 -3.4742 -0.7492 -9.3129 4.6926 4.6250 19.6857 -20.6037 -5.8972 -35.3639 -36.8860 3.4479 4.2724 -96.9179 50.7912 -3.3979 -19.4154 -15.5198 11.4642 15.6858 -62.9171 1.8870 -0.1540 0.7487 2.3038 13.2572 92.5102 -17.0029 -39.3333 18.4958 0.0502 179.7957 -125.0043 52.5687 -109.3135 15.4930 8.2601 -16.1197 51.3191 -4.1456 -4.1780 -21.6646 -58.8515 65.1192 -175.2873 40.1578 176.6742 11.5940 48.7558 11.0661 4.5845 0.9517 -1.2646 -126.5232 -14.1327 117.0570 179.2870 23.1111 -179.5857 25.6865 -22.8709 66.5888 -1.1241 -2.5434 0.0398
-74.5783 21.5148 22.7410 106.2777 31.3517 41.9483 -8.7250 30.8980 -0.0916 -5.7902 6.1702 0.4425 -6.8144 15.3496 -3.4062 21.2959 -0.1642 -6.9220 3.9538 -2.1708 2.4081 7.0319 -1.3155 2.7811 -0.2125 0.0525 0.5721 0.2564 -9.1578 -3.4403 -0.7066 -9.6357 4.6470 4.9470 20.0671 -21.0097 -5.3865 -35.3452 -36.0220 3.4918 4.6851 -97.8586 50.7292 -3.3099 -20.7100 -15.3152 11.5645 15.6846 -62.9553 1.9513 -0.1376 0.8647 2.5672 13.7377 93.6107 -18.1800 -41.4487 18.9302 -0.3158 -178.7101 -121.1851 53.3177 -108.4529 15.1069 8.4669 -16.0581 51.3409 -4.2001 -4.3385 -14.4608 -58.9427 55.8357 -174.8167 43.1979 176.4240 16.3229 51.1487 14.9190 4.3185 0.8765 -0.8436 -127.1961 -13.3436 117.3391 179.1222 23.4447 -179.4512 26.0473 -24.5070 67.9200 -1.0348 -2.5156 0.1159
-74.6420 21.6606 22.8560 106.6745 31.7001 42.2909 -9.1125 31.0875 -0.0052 -5.9400 6.0685 0.4864 -6.8269 15.2071 -3.3499 22.0080 1.2624 -7.0372 4.1930 -2.0592 2.5275 6.4842 -0.4704 2.8094 -0.1825 0.0752 0.5273 0.3268 -9.3036 -3.4614 -0.7126 -9.8487 4.5779 4.9277 20.2583 -21.2554 -5.4250 -35.7889 -34.7392 3.4071 5.1911 -98.7289 50.9097 -3.3384 -21.7292 -15.2529 11.6691 15.7153 -63.0480 1.9814 -0.1641 0.8150 3.1773 14.3356 95.2765 -18.8088 -44.0307 19.0397 -0.6353 -177.4893 -117.1020 54.5108 -105.8954 14.9233 8.7416 -16.0227 51.3963 -4.2097 -4.4984 -8.3640 -58.6467 47.9783 -174.3437 45.5572 176.4568 19.8689 52.1843 18.2014 4.0793 0.7867 -0.5672 -128.4823 -12.5899 118.3874 178.9500 23.8347 -179.3791 26.3727 -25.4901 68.9980 -0.9482 -2.5271 0.1533
-74.5307 21.8845 22.9350 107.0870 32.2272 42.8763 -9.6576 31.1627 -0.0829 -5.9381 5.8763 0.3412 -6.7914 14.8474 -3.2114 22.2719 2.4413 -7.0634 4.5850 -1.9534 2.7812 5.9647 -0.0904 2.8377 -0.1612 0.0818 0.5006 0.3823 -9.4356 -3.4750 -0.7238 -9.9935 4.5307 4.7148 20.2582 -21.2140 -5.8328 -36.5616 -33.3812 3.1890 5.5828 -99.4661 51.2014 -3.2216 -22.2568 -15.2789 11.7550 15.6383 -63.1944 2.0222 -0.3073 0.8154 3.8435 15.0930 97.1416 -18.7106 -46.9037 18.7472 -0.8394 -176.8152 -113.5658 55.6986 -102.5250 14.9244 8.9229 -16.1163 51.5218 -4.2598 -4.5795 -3.3603 -58.1347 41.5396 -173.8729 46.9513 176.6954 22.1599 51.8063 20.5980 4.0028 0.8142 -0.3840 -130.1325 -11.7982 119.8872 178.8152 24.1446 -179.3434 26.5733 -25.8224 69.7771 -0.8801 -2.4788 0.1593
-74.3466 22.0151 23.0222 107.4236 32.8749 43.6288 -10.2002 31.1990 -0.2338 -5.7835 5.6650 0.2048 -6.8249 14.3311 -3.2132 22.3048 3.3385 -6.9626 4.8974 -1.8790 2.9687 5.4901 -0.0735 2.6650 -0.1738 0.0678 0.4853 0.4142 -9.5442 -3.4728 -0.7808 -10.0950 4.4986 4.5522 20.2387 -20.8012 -6.4605 -37.2499 -32.0278 3.2685 5.7050 -100.2490 51.6528 -2.8250 -22.3269 -15.1972 11.8435 15.5736 -63.1428 2.0095 -0.5020 0.9004 4.6333 15.8374 99.0860 -18.1390 -49.3238 18.2631 -0.9033 -176.7061 -112.0253 56.2362 -100.1407 15.0105 8.9354 -16.2891 51.4418 -4.4338 -4.5983 0.8487 -57.5659 36.1319 -173.4615 47.2208 177.0403 23.5074 50.1384 22.1628 4.0940 0.8884 -0.2652 -132.1039 -11.0451 121.8487 178.6222 24.2577 -179.3853 26.6643 -25.7302 70.3575 -0.8380 -2.3758 0.1334
-73.9840 21.9088 23.0527 107.6235 33.4314 44.3574 -10.4808 31.3025 -0.3964 -5.6441 5.4712 0.1738 -7.0514 13.7089 -3.3111 22.6545 4.2618 -6.8825 4.9969 -1.8808 3.0139 5.0221 -0.2496 2.3197 -0.2265 0.0421 0.4274 0.3883 -9.6518 -3.5202 -0.8633 -10.1859 4.4379 4.6225 20.1508 -20.1095 -7.0220 -37.3441 -31.0578 3.5817 5.7184 -100.9662 52.5532 -2.3719 -22.0139 -15.0541 11.9870 15.5123 -63.0741 1.8883 -0.7453 1.2055 5.1507 16.2431 100.6530 -17.1168 -50.9676 17.8357 -0.8517 -176.9257 -112.8808 55.5754 -99.5371 15.0512 8.8910 -16.3962 51.3526 -4.5930 -4.4775 4.3694 -56.9081 31.4219 -173.1794 46.6137 177.4020 24.3651 47.1678 23.9126 4.3380 0.9349 -0.2297 -134.1740 -10.1780 123.9345 178.4050 24.0229 -179.4364 26.6297 -25.2532 71.0787 -0.8420 -2.2082 0.1046
-73.6517 21.5917 23.0210 107.5340 33.8827 44.8015 -10.4079 31.5586 -0.3477 -5.4984 5.3664 0.2850 -7.4342 13.0873 -3.6242 23.6050 5.4461 -6.6380 4.7937 -1.9776 3.0069 4.6334 -0.4301 1.5263 -0.2893 0.0315 0.3664 0.2808 -9.7665 -3.5697 -0.8854 -10.2654 4.3798 4.9926 19.9814 -19.3687 -7.4452 -36.9161 -30.3323 3.6733 5.9072 -101.8001 53.7820 -1.9388 -21.0723 -15.1982 12.0485 15.4344 -63.1397 1.6564 -1.0637 1.6726 5.3341 16.2267 101.5597 -15.9959 -52.1469 17.6670 -0.7733 -177.1407 -113.8802 54.3797 -98.9494 15.0062 8.8419 -16.4575 51.2359 -4.7552 -4.2687 7.1358 -56.4144 27.8339 -173.1151 45.4453 177.5572 25.3782 43.1433 25.8212 4.4820 0.7687 -0.2823 -136.0429 -9.2672 125.8238 178.2917 23.4484 -179.4652 26.5232 -24.5979 72.0366 -0.9004 -1.9756 0.1075
-73.2662 21.2951 22.8924 106.7559 34.3265 44.9769 -10.2396 31.6686 -0.2353 -5.5266 5.2370 0.3468 -7.3243 12.6681 -3.6802 24.6123 6.7503 -6.1279 4.7862 -2.0193 3.0546 4.2349 -0.4483 0.8326 -0.2878 0.0587 0.3186 0.2031 -9.8479 -3.6060 -0.8037 -10.2890 4.3191 5.7750 19.7639 -18.4252 -8.0746 -36.1404 -29.5256 3.7879 5.9496 -102.8530 54.5021 -1.2099 -19.9625 -15.4129 11.9657 15.3324 -63.1920 1.5031 -1.1256 1.9672 5.4605 15.8664 101.7678 -15.0199 -52.4123 17.5999 -0.6859 -177.4356 -115.2488 53.3097 -98.8095 15.0235 8.8059 -16.5084 51.1399 -4.9741 -4.1266 9.3974 -56.6818 25.4531 -173.2071 43.9612 177.5229 25.6396 39.5985 26.4750 4.4568 0.6809 -0.3353 -137.8140 -8.9992 127.6346 178.1876 22.7449 -179.5547 26.2023 -23.9047 72.8113 -0.9334 -1.9384 0.1232
-72.8631 21.0399 22.8139 105.4980 34.6635 45.0650 -10.0657 31.6426 -0.2127 -5.4912 5.0503 0.1833 -7.0041 12.2832 -3.4821 25.4490 8.2094 -5.5978 4.8549 -2.0369 3.2377 4.0323 -0.5952 0.4452 -0.2406 0.0971 0.2849 0.1576 -9.8393 -3.6231 -0.6589 -10.1924 4.2542 6.7531 19.6589 -17.2736 -8.6862 -35.3295 -28.7568 3.9834 5.8316 -103.8233 54.6522 -0.3643 -18.8771 -15.4522 11.8918 15.2738 -63.1492 1.4949 -1.0614 2.1235 5.5095 15.2671 101.6066 -14.0279 -51.5559 17.7623 -0.5138 -178.1270 -117.1620 51.9833 -99.1266 15.1085 8.7636 -16.5259 51.1280 -5.0782 -4.1511 11.1793 -57.5856 23.8566 -173.3497 42.4823 177.4814 25.3645 37.1252 26.3044 4.3601 0.6353 -0.3904 -139.7914 -9.2287 129.6169 177.9824 21.9298 -179.6820 25.8114 -23.2148 73.3936 -0.9224 -2.0242 0.1487
-72.4182 20.7866 22.8047 103.9026 34.8368 45.0648 -9.9099 31.6223 -0.3538 -5.2271 4.8486 0.0028 -6.7413 11.8074 -3.3999 26.0724 9.8819 -5.1668 4.9703 -2.0876 3.4010 4.0078 -0.8253 0.1924 -0.2072 0.1159 0.2463 0.0962 -9.7861 -3.6396 -0.5277 -10.0497 4.1811 7.6884 19.5579 -16.0594 -9.1827 -34.5001 -28.0141 4.1061 5.6783 -104.7374 54.4811 0.6809 -17.3358 -15.5240 11.8165 15.2223 -63.1008 1.5068 -1.0082 2.3273 5.3672 14.3673 101.0630 -12.9194 -49.2831 18.1298 -0.1277 -179.5429 -119.5698 50.0000 -99.3880 15.2037 8.7532 -16.5176 51.0030 -5.1124 -4.2271 12.3575 -58.8465 22.8532 -173.5388 41.2291 177.4982 24.4110 36.1371 25.1651 4.2945 0.6085 -0.4211 -142.0455 -9.7949 131.9915 177.7202 20.9656 -179.7786 25.5918 -22.3582 73.5490 -0.8954 -2.1580 0.1691
-71.9828 20.5468 22.8572 101.9706 34.9062 45.0225 -9.6912 31.5698 -0.5447 -4.8022 4.6598 -0.2196 -6.4804 11.2780 -3.4763 26.5762 11.7541 -4.8024 5.1553 -2.1600 3.5435 3.9858 -0.9886 -0.1782 -0.1655 0.1143 0.1891 0.0409 -9.7545 -3.6791 -0.3864 -9.9397 4.0897 8.5911 19.2792 -14.8832 -9.7481 -33.5207 -27.1482 4.1329 5.3654 -105.7986 54.1005 2.2092 -15.2845 -15.6905 11.7318 15.1466 -63.0766 1.4879 -0.9544 2.5415 5.0910 13.0363 100.1227 -11.6843 -45.4934 18.5721 0.4875 178.2254 -122.3058 47.4742 -99.0634 15.4544 8.6274 -16.4287 50.9046 -5.1025 -4.2565 12.7307 -60.5978 22.8212 -173.8380 40.3833 177.5447 22.6392 36.3780 22.4753 4.2004 0.6536 -0.3892 -144.8122 -10.5227 134.7809 177.3896 19.8762 -179.8578 25.5102 -21.3392 73.4727 -0.8610 -2.2581 0.2064
-71.4986 20.3932 22.9865 99.6151 34.8652 44.9894 -9.3832 31.4373 -0.8382 -4.3142 4.4680 -0.4451 -6.1502 10.7556 -3.7565 26.8430 13.5759 -4.4581 5.5149 -2.2115 3.6581 3.9906 -0.9956 -0.7305 -0.1224 0.0953 0.1345 -0.0029 -9.7005 -3.7047 -0.2539 -9.8237 3.9831 9.4290 18.8866 -13.8393 -10.5428 -32.5018 -25.9316 4.1563 5.0369 -107.2055 53.3886 3.8796 -13.1046 -15.7692 11.6065 15.0633 -62.9575 1.4558 -0.8617 2.6912 4.7498 11.3101 99.0019 -10.3086 -40.3599 18.9301 1.2336 175.4236 -125.4026 44.7218 -98.5194 15.7564 8.4916 -16.3106 50.8016 -5.0490 -4.3026 12.0468 -63.1229 24.1388 -174.2690 40.1288 177.7131 19.3383 37.2859 17.3419 4.0938 0.7936 -0.3643 -148.1500 -11.3090 137.8811 177.0653 18.7050 -179.9000 25.6370 -20.2511 73.2010 -0.8118 -2.3244 0.2352
-71.0193 20.2409 23.1893 96.9511 34.7690 44.9327 -9.1170 31.2711 -1.1810 -3.7500 4.3585 -0.7197 -5.6963 10.2658 -4.0892 26.9047 15.1768 -4.2591 5.9861 -2.2358 3.7543 3.9661 -0.9156 -1.4893 -0.0702 0.0794 0.1021 -0.0120 -9.6478 -3.7108 -0.1382 -9.7311 3.8973 10.2115 18.3378 -13.1135 -11.7033 -31.5933 -24.4691 4.2436 4.8590 -108.9019 52.3397 5.4444 -10.9294 -15.7098 11.3904 14.9546 -62.5752 1.4594 -0.7285 2.7640 4.4884 9.1667 97.9739 -8.7915 -34.4266 18.9873 1.9709 172.5947 -128.4230 42.1312 -97.6067 15.9424 8.4051 -16.1879 50.7763 -4.9565 -4.3341 9.7348 -66.2471 27.3619 -174.7560 40.7908 178.0526 14.6568 36.5515 10.4152 3.9190 0.9774 -0.4851 -151.9314 -12.0555 141.1606 176.7921 17.4906 -179.9106 25.8307 -19.0199 72.7702 -0.7385 -2.3599 0.2667
-70.5179 19.9647 23.4787 93.8505 34.6345 44.8877 -8.8043 31.0168 -1.5791 -3.1766 4.2816 -1.0469 -5.0930 9.9397 -4.2587 26.7361 16.3974 -4.0423 6.5319 -2.2601 3.7709 4.0276 -0.9050 -2.3088 -0.0121 0.0529 0.0939 0.0268 -9.6175 -3.7110 -0.0564 -9.6718 3.8547 10.9476 17.7055 -12.5633 -13.1506 -30.9291 -22.9289 4.5660 4.5021 -110.7759 50.9848 6.9345 -9.1020 -15.5080 11.3149 15.0040 -62.2051 1.5507 -0.5487 2.8568 4.2700 6.9480 97.1181 -7.0053 -28.5077 18.6082 2.6677 170.0215 -130.6324 40.0928 -95.8891 16.1480 8.4111 -16.1003 50.8762 -4.8593 -4.3508 4.7952 -69.9624 33.3140 -175.2558 42.5909 178.6578 8.4571 32.3866 2.6139 3.6878 0.9234 -0.8811 -156.2782 -12.8135 144.9629 176.6021 16.0507 -179.8666 26.1129 -17.5003 71.6339 -0.6459 -2.2547 0.2670
-69.9979 19.3784 23.8861 90.3812 34.4425 44.8976 -8.3854 30.7755 -2.0097 -2.5949 4.1736 -1.3888 -4.6159 9.6942 -4.3525 26.4668 17.3757 -3.6959 6.9506 -2.3800 3.5498 4.2044 -0.6719 -3.1316 0.0321 0.0022 0.1079 0.1136 -9.6745 -3.7433 -0.0530 -9.7232 3.8872 11.5937 17.1851 -11.8788 -14.5272 -30.6051 -21.7546 4.9604 3.9169 -112.5302 49.7308 7.9955 -7.7166 -15.3433 11.3080 15.0919 -61.8410 1.6689 -0.3906 3.1573 4.0715 5.0912 96.5405 -4.8868 -23.3382 17.7434 3.3367 167.5943 -131.3620 38.9711 -92.9284 16.4112 8.3658 -16.0905 51.1028 -4.7098 -4.3577 -3.7719 -73.6099 42.4818 -175.6337 45.8955 179.5541 2.4369 24.2020 -2.8557 3.2743 0.2101 -1.5681 -161.0763 -13.3673 149.2888 176.4255 14.1927 -179.7092 26.5367 -15.8879 69.8284 -0.5758 -1.9451 0.2419
-69.4732 18.6659 24.3361 86.6245 34.1705 44.8686 -7.6152 30.5475 -2.3687 -2.2106 4.0407 -1.5779 -4.2266 9.5852 -4.5020 25.9866 18.4263 -3.5342 7.1667 -2.6173 3.0459 4.3964 0.1342 -3.9135 0.0214 -0.0681 0.0615 0.1635 -9.9061 -3.8834 -0.1263 -9.9829 3.9253 12.0600 16.7138 -11.0400 -15.6181 -30.8512 -21.1521 4.8855 3.2341 -114.0598 49.1709 8.5700 -6.2765 -15.3197 11.2991 15.2305 -61.5373 1.6944 -0.1763 3.7627 3.9003 3.4484 95.9084 -2.5757 -18.7344 16.3584 3.9407 165.0656 -130.8267 38.7445 -88.8282 16.6006 8.1901 -16.1516 51.1007 -4.6024 -4.2694 -17.8923 -76.3192 56.5751 -175.8214 51.0069 -179.2795 -2.5694 13.3185 -4.5750 2.6262 -1.2005 -2.2426 -166.1344 -13.4955 153.9757 176.3096 12.1234 -179.3848 27.2341 -14.1514 67.4432 -0.5703 -1.5023 0.2346
-69.1285 18.0554 24.7590 82.8227 34.0260 44.7675 -6.6133 30.3734 -2.5867 -2.0939 3.9485 -1.6252 -3.8112 9.6028 -4.8560 25.4158 19.4797 -3.2685 7.0984 -2.8689 2.2733 4.5679 1.1689 -4.5854 -0.0347 -0.1295 -0.0460 0.1395 -10.2035 -4.0662 -0.2189 -10.3221 3.9057 12.4588 16.2860 -10.2044 -16.6266 -31.6138 -20.6182 4.2162 2.6362 -115.4711 49.3357 9.1148 -4.4505 -15.4291 11.2149 15.2962 -61.1612 1.5658 0.0997 4.5749 3.9333 2.1957 95.0886 -0.4329 -15.0849 14.7077 4.3750 162.6151 -128.9870 39.4575 -83.4734 16.6350 7.9533 -16.1833 50.9491 -4.5256 -4.1454 -34.6091 -77.2752 72.6307 -175.5936 58.0676 -177.9220 -5.8158 3.8374 -3.1955 2.0732 -2.4858 -2.5789 -170.9558 -13.1992 158.5001 176.3361 10.1727 -178.9436 28.2259 -12.5143 65.0530 -0.6176 -1.1352 0.2282
-68.9835 17.7295 25.1512 79.1439 34.1762 44.4916 -5.6517 30.2611 -2.7309 -2.1768 3.8642 -1.7776 -3.3777 9.8720 -5.2293 24.9385 20.3071 -2.5390 6.8428 -3.0431 1.5842 4.7610 1.9543 -5.0469 -0.0579 -0.1640 -0.0996 0.1207 -10.4189 -4.1564 -0.2488 -10.5561 3.8932 12.9297 15.8194 -9.4127 -18.0046 -32.4991 -19.6765 3.4521 2.3206 -116.9176 49.6156 9.7131 -2.5875 -15.5361 11.0087 15.1576 -60.6535 1.4234 0.4044 5.4669 4.4024 1.6494 94.0656 1.0518 -12.6543 13.0815 4.6254 160.5609 -126.0595 40.6586 -77.5254 16.6135 7.7638 -16.2924 50.7641 -4.5544 -4.1604 -44.9369 -77.0932 81.8043 -174.6170 65.6039 -176.3899 -7.5969 -1.1953 -0.9764 1.8196 -3.2080 -2.7603 -175.1218 -13.0418 162.0984 176.4218 8.9552 -178.5090 29.3828 -11.2417 63.2650 -0.6404 -0.8393 0.1790
-68.9825 17.6078 25.4273 75.8261 34.5868 43.9846 -5.0015 30.1809 -2.7527 -2.2142 3.8266 -2.1234 -3.0983 10.2683 -5.4911 24.5333 21.0634 -1.3964 6.6188 -3.1082 0.9702 4.8290 2.3812 -5.3476 0.0087 -0.1779 -0.0481 0.1904 -10.5367 -4.1284 -0.1828 -10.7002 3.9454 13.4046 15.6118 -8.7376 -19.4469 -33.5892 -18.5218 2.8365 2.4706 -118.2149 49.7483 10.0664 -0.7532 -15.7730 10.7371 14.9487 -60.3358 1.3351 0.6034 6.3180 4.9528 1.4541 92.8717 2.1049 -11.0420 11.7821 4.8934 158.8782 -122.7447 41.5450 -71.8299 16.6580 7.7789 -16.4215 50.7478 -4.7162 -4.2208 -46.7003 -77.2815 82.2565 -173.3113 71.2537 -174.9640 -8.9922 -3.0435 1.7718 1.7727 -3.5793 -2.9105 -178.4874 -13.1701 164.6718 176.4982 8.3822 -178.1411 30.3904 -10.4398 62.3209 -0.5901 -0.7879 0.0914
-69.0185 17.4398 25.6868 73.3198 35.0347 43.4838 -4.9199 30.1040 -2.8506 -2.1202 3.7743 -2.5179 -2.8634 10.6296 -5.6495 24.2372 21.7090 -0.2685 6.3772 -3.1524 0.5503 4.6423 2.6141 -5.5584 0.0796 -0.2140 0.0345 0.2978 -10.6680 -4.1021 -0.1426 -10.8621 4.0698 13.5536 15.5998 -8.4538 -20.6110 -34.7395 -17.3430 2.4548 2.6781 -119.4796 49.4921 10.1442 0.8334 -16.0425 10.6803 14.8758 -60.5491 1.4492 0.6122 6.9315 5.4708 1.2529 91.7832 3.1605 -10.2350 10.6442 5.1924 157.4866 -118.7250 42.1803 -65.4164 16.6718 7.9922 -16.6177 50.9064 -4.8341 -4.2950 -43.2887 -78.4010 77.8717 -172.9371 73.3773 -174.6577 -9.4330 -4.2329 4.7904 1.8011 -3.2872 -2.9647 178.8339 -13.1617 166.7793 176.4363 7.8179 -177.7822 31.2388 -10.0267 61.6999 -0.5060 -0.6719 -0.0031
-69.1126 17.2986 25.9196 71.4001 35.4567 42.9432 -5.2287 30.1666 -3.1046 -2.0166 3.7421 -2.6842 -2.6777 10.7276 -5.8210 23.5023 22.5416 0.2488 6.1948 -3.2066 0.3357 4.3081 3.1328 -5.4107 0.0332 -0.2661 0.0088 0.2463 -10.7607 -4.1498 -0.1840 -10.9838 4.0868 13.2730 15.3743 -8.3141 -21.3154 -35.4894 -16.4445 2.1574 2.6665 -120.5615 49.0228 10.0333 1.8483 -16.1067 10.8619 15.1536 -60.9756 1.5574 0.7813 7.3788 5.8850 0.7864 91.0586 4.3684 -9.0183 9.4938 5.5483 156.0338 -114.9758 42.6048 -58.9593 16.7152 8.2192 -16.7597 51.1067 -4.9328 -4.2038 -38.4452 -79.6977 72.7722 -172.7472 73.3513 -174.4450 -9.9537 -5.2094 7.4515 1.7966 -2.8079 -2.9394 176.8549 -12.9742 168.7664 176.5416 7.1605 -177.4583 31.9616 -9.6070 60.9938 -0.3462 -0.9714 -0.0172
-69.1275 17.0567 26.0245 70.0005 35.5106 42.6149 -5.3300 30.3490 -3.2521 -1.9306 3.7523 -2.9450 -2.6841 10.8395 -6.1955 22.8840 23.4149 0.9239 6.0704 -3.3197 0.2079 3.9658 3.6523 -5.3380 0.0312 -0.3109 -0.0002 0.2809 -10.9598 -4.1904 -0.2257 -11.1789 4.1182 13.0942 15.1018 -8.1819 -21.9025 -36.2541 -15.6007 1.7712 2.5004 -121.8330 48.8464 10.2017 2.8815 -16.1803 10.9400 15.2283 -61.1931 1.5359 0.7906 7.7961 6.0773 0.0393 90.4118 5.7562 -7.7704 8.6253 5.6914 154.7127 -110.8336 43.0498 -52.4845 16.4883 8.2394 -16.8761 50.9698 -4.8918 -4.1374 -34.6922 -80.6775 68.8122 -172.9130 72.9950 -174.5936 -9.9296 -6.1481 8.6628 1.7679 -2.5801 -2.8811 175.2606 -12.5423 170.1683 176.5624 6.5140 -177.0961 32.6865 -9.0524 60.0691 -0.3413 -0.8341 -0.0468
-69.2535 17.0227 26.1066 69.1492 35.4296 42.5268 -5.2681 30.6236 -3.4316 -1.8804 3.7915 -3.0807 -2.8773 10.9002 -6.7812 22.0027 24.4985 1.2305 5.8486 -3.4384 0.3028 3.7003 4.2291 -5.1177 0.0139 -0.3324 -0.0385 0.2476 -11.1701 -4.2418 -0.2313 -11.3621 4.1086 12.8931 14.7608 -8.1277 -22.2795 -37.1834 -14.6719 1.1975 2.1058 -123.1389 48.8398 10.5362 3.9078 -16.2302 10.9957 15.2665 -61.3295 1.4686 0.8468 8.1757 6.2515 -0.6951 89.7635 6.9624 -6.4109 7.9601 5.6758 153.6167 -107.1872 43.2358 -46.8426 16.3128 8.1389 -16.9197 50.6858 -4.8601 -4.0159 -34.0572 -81.2417 68.0564 -173.0301 72.8137 -174.6557 -9.9834 -6.7659 9.2191 1.7637 -2.4458 -2.7800 174.0769 -12.2995 170.7298 176.6604 6.2612 -176.8713 33.3880 -8.5200 59.3912 -0.3946 -0.5275 -0.0570
-69.3549 17.2275 26.1355 68.6573 35.3109 42.5831 -5.0983 30.8931 -3.5678 -1.9301 3.8013 -3.2060 -2.9728 11.1458 -7.2551 21.0259 25.4805 1.3752 5.7153 -3.4883 0.5776 3.3119 4.5824 -5.1141 0.0323 -0.3249 -0.0239 0.2101 -11.2976 -4.2065 -0.1578 -11.4528 4.1077 12.7628 14.4583 -8.2593 -22.5549 -38.2903 -13.6670 0.6930 1.7513 -124.3164 48.5440 10.7338 4.7463 -16.2407 10.9323 15.2309 -61.2085 1.3953 1.0047 8.4163 6.4520 -1.3142 88.9820 7.7396 -5.3405 7.3521 5.4968 152.9527 -104.2405 43.2461 -42.6918 16.3330 7.9981 -16.9610 50.4957 -4.9199 -4.0300 -36.0368 -81.4918 69.8454 -172.8481 72.8323 -174.4605 -9.9258 -6.8597 9.7004 1.7705 -2.3254 -2.7020 173.1302 -12.5022 170.5888 176.7239 6.4796 -176.8724 33.9486 -8.0771 59.0579 -0.4375 -0.2068 -0.0671
-69.4611 17.4933 26.1920 68.3892 35.1228 42.6702 -5.0573 31.1625 -3.7242 -1.9361 3.7977 -3.3614 -3.0034 11.4492 -7.5308 20.1822 26.3061 1.5127 5.6352 -3.5025 0.9262 2.9853 4.5690 -5.1390 0.0879 -0.3057 0.0592 0.2179 -11.3624 -4.0979 -0.0526 -11.4556 4.1547 12.6841 14.2304 -8.3926 -22.7319 -39.5950 -12.9119 0.3860 1.3334 -125.2080 47.8412 10.5013 5.1134 -16.3011 10.8252 15.1843 -61.0534 1.3854 1.1864 8.7479 6.5669 -1.8865 88.0818 8.2860 -4.7730 7.0771 5.3820 152.6091 -102.1640 42.8089 -40.1663 16.4709 8.0036 -16.9714 50.5722 -4.9632 -4.1639 -38.1122 -81.4944 71.6590 -172.4613 72.8937 -174.1278 -9.6347 -6.5956 10.2069 1.7531 -2.1460 -2.6674 172.5591 -13.0276 170.0493 176.7598 6.9142 -176.9895 34.3960 -7.6880 59.1989 -0.4201 -0.0340 -0.0722
-69.5679 17.5381 26.2368 68.2670 34.9406 42.6233 -5.2284 31.4787 -3.8550 -1.9197 3.8192 -3.4558 -2.9747 11.7280 -7.7187 19.3264 26.8442 1.6361 5.5301 -3.5197 1.1834 2.6823 4.3500 -5.2486 0.1349 -0.3023 0.1378 0.2505 -11.3568 -3.9898 0.0116 -11.3918 4.1952 12.5824 14.1156 -8.5030 -22.8040 -40.9930 -12.4134 0.2952 1.0391 -125.9808 46.8552 9.8101 5.2607 -16.2518 10.8208 15.2008 -61.0235 1.4698 1.2795 9.3073 6.5979 -2.2197 87.0607 8.8208 -4.9520 7.1618 5.4235 152.6564 -100.6706 41.9733 -38.4575 16.5269 8.1301 -16.9697 50.7564 -5.0106 -4.2674 -38.5349 -81.4054 71.8384 -172.0015 72.8157 -173.7677 -9.2558 -6.4095 10.7664 1.7431 -1.8957 -2.6708 172.2710 -13.4506 169.6792 176.7223 7.0523 -177.0622 34.7175 -7.3261 59.4583 -0.3758 0.1568 -0.0766
-69.5985 17.4302 26.2180 68.0163 34.7801 42.3245 -5.4542 31.8791 -3.9677 -1.9134 3.8585 -3.4399 -2.8986 11.8155 -7.8614 18.3542 27.3466 1.6195 5.4175 -3.6113 1.2157 2.5102 4.3543 -5.3849 0.1394 -0.3145 0.1696 0.2862 -11.3957 -3.9495 -0.0135 -11.3773 4.2236 12.3227 14.1136 -8.4080 -22.5250 -42.2062 -12.6133 0.3384 0.8491 -126.3412 46.1172 9.3182 5.3776 -16.1249 10.9440 15.2286 -61.1622 1.5182 1.1779 9.8648 6.5149 -2.4700 86.2918 9.5157 -5.0198 7.1550 5.4582 152.6426 -99.9815 41.4284 -37.4037 16.3679 8.2743 -16.9516 50.7925 -4.9609 -4.3286 -36.1651 -81.4234 69.2015 -171.9699 72.6258 -173.7899 -9.0808 -6.4841 11.4406 1.7183 -1.5890 -2.6753 172.2216 -13.8976 169.4509 176.7479 6.9844 -177.0837 35.1411 -6.8749 59.7926 -0.3511 0.5802 -0.0804
-69.5866 17.1130 26.2792 68.0148 34.4450 42.0594 -5.6475 32.3390 -4.1651 -1.8562 3.8779 -3.3706 -2.9245 11.6507 -8.0195 17.6185 27.8453 1.6196 5.3929 -3.6587 1.1163 2.5251 4.4984 -5.4865 0.1327 -0.3405 0.1349 0.2735 -11.4395 -3.9613 -0.0159 -11.3507 4.1761 12.0530 13.9047 -8.2561 -22.2069 -43.0522 -13.4099 0.4368 1.0504 -126.4508 45.6332 8.9020 5.7817 -16.1893 11.0490 15.2395 -61.4507 1.4332 1.1430 10.3050 6.5959 -2.7117 85.9129 10.1156 -4.7765 6.7513 5.3019 152.5059 -100.2874 41.8721 -37.3623 16.0378 8.3036 -16.8802 50.6030 -4.8720 -4.3286 -33.4874 -81.4184 66.0234 -172.0209 72.2026 -173.8107 -9.1872 -6.1732 11.5803 1.7807 -2.0449 -2.6600 172.3971 -13.9835 169.3565 176.8746 6.5607 -177.1485 35.4516 -5.9414 59.5503 -0.2493 1.2067 -0.0654
-69.5702 16.8899 26.2675 67.5927 34.2235 41.4417 -5.7621 32.7969 -4.1982 -1.9203 3.9374 -3.3770 -2.7624 11.7273 -8.1668 16.9632 27.9613 1.7942 5.5167 -3.6797 0.9447 2.4016 4.5196 -5.7975 0.1345 -0.3492 0.1270 0.3016 -11.4741 -3.9612 -0.0398 -11.3429 4.1683 11.7117 13.9099 -8.0848 -21.9599 -43.9024 -13.5841 0.5297 1.0109 -126.6610 45.4743 8.4875 5.8081 -16.1232 11.0898 15.2109 -61.4992 1.4231 1.1895 10.6951 6.4349 -2.8835 85.4649 10.7961 -4.9030 6.7513 5.2964 152.5829 -100.0119 41.6695 -36.8838 15.9832 8.3083 -16.8301 50.6681 -4.7999 -4.2743 -29.3379 -81.3741 61.7466 -172.4676 71.9745 -174.3710 -8.6509 -6.1342 11.7975 1.7974 -1.7590 -2.6015 172.4119 -14.4999 169.1662 176.8827 6.2901 -177.1075 35.3888 -5.3053 59.5740 -0.2729 1.7199 -0.0884
-69.5110 16.7162 26.2647 67.2282 34.0555 40.9156 -5.8164 33.1472 -4.2232 -1.9858 3.9713 -3.4065 -2.6375 11.8568 -8.2743 16.5221 28.0439 1.9109 5.6669 -3.6586 0.7497 2.2590 4.4602 -6.1577 0.1417 -0.3535 0.1170 0.3257 -11.5075 -3.9639 -0.0488 -11.3399 4.1517 11.4211 13.8826 -7.9162 -21.7812 -44.4755 -13.6831 0.7466 0.9122 -126.8344 45.4283 8.1738 5.7580 -16.0699 11.0635 15.1753 -61.4527 1.3917 1.2174 11.0783 6.3767 -3.0750 85.1249 11.2880 -4.8891 6.7212 5.4276 152.6434 -99.5105 41.4000 -36.3483 15.9530 8.2695 -16.8026 50.6966 -4.7483 -4.2119 -25.6729 -81.3208 57.9718 -172.8990 71.6940 -174.8771 -8.3111 -6.1413 12.0704 1.8002 -1.4962 -2.5657 172.3242 -14.8798 169.0589 176.8341 6.0185 -177.0941 35.3320 -4.6789 59.5078 -0.2891 2.0751 -0.1338
-69.4562 16.5771 26.2977 67.0013 34.0135 40.5286 -5.8493 33.3931 -4.2660 -2.0103 3.9774 -3.4876 -2.5886 11.9080 -8.4026 16.1447 28.1501 1.9671 5.7706 -3.6376 0.4862 2.1876 4.4084 -6.5914 0.1314 -0.3592 0.0924 0.3329 -11.5590 -3.9791 -0.0772 -11.3574 4.1265 11.1642 13.8804 -7.6734 -21.8267 -45.0381 -13.6149 0.9499 0.8191 -126.9627 45.4186 8.0472 5.6845 -16.0473 11.0270 15.0958 -61.5009 1.3291 1.1662 11.3681 6.3877 -3.2391 84.8982 11.6579 -4.7568 6.6420 5.5655 152.5827 -99.0610 41.1920 -35.8789 15.8648 8.2173 -16.7665 50.6413 -4.6933 -4.1127 -23.3571 -81.2441 55.6509 -173.2152 71.3991 -175.2521 -7.9411 -6.1635 12.2334 1.7983 -1.3633 -2.5409 172.2957 -15.1160 168.9004 176.8340 5.8268 -177.0740 35.4078 -3.9966 59.5357 -0.3071 2.3180 -0.1855
-69.4000 16.4905 26.3504 66.8914 34.0981 40.2483 -5.8423 33.5666 -4.3080 -2.0212 3.9929 -3.5791 -2.5587 11.8740 -8.5482 15.6950 28.2404 1.8983 5.8766 -3.5938 0.1217 2.2663 4.3828 -6.9364 0.1108 -0.3602 0.0600 0.3290 -11.6285 -3.9988 -0.1164 -11.3880 4.0932 10.8777 13.8907 -7.5248 -22.1333 -45.7215 -13.1247 1.0231 0.6814 -127.1445 45.3748 8.0809 5.7057 -16.0215 11.0307 15.0446 -61.5208 1.2900 1.0794 11.6401 6.4667 -3.3618 84.6352 11.8478 -4.5080 6.5380 5.6507 152.4830 -98.9090 41.0695 -35.5679 15.7653 8.1479 -16.7535 50.4794 -4.7075 -4.0806 -21.9824 -81.1780 54.3159 -173.4232 71.1276 -175.4512 -7.5824 -6.2503 12.4233 1.8140 -1.3341 -2.5190 172.1816 -15.1568 168.7925 176.7905 5.6625 -177.0658 35.5253 -3.3003 59.5538 -0.3296 2.4979 -0.2302
-69.3469 16.4677 26.4208 66.8197 34.2195 40.0968 -5.7853 33.6224 -4.3630 -2.0069 4.0152 -3.6898 -2.5520 11.8641 -8.6836 15.3132 28.3064 1.8526 5.9927 -3.5358 -0.1805 2.4248 4.4542 -7.1923 0.1017 -0.3497 0.0478 0.3361 -11.6858 -4.0041 -0.1424 -11.4071 4.0803 10.6081 13.9342 -7.4176 -22.6167 -46.5245 -12.3529 1.0351 0.4752 -127.2744 45.0599 8.1577 5.6106 -15.9589 11.0110 15.0159 -61.4560 1.2869 1.1038 11.8644 6.5964 -3.4391 84.3488 11.8512 -4.2072 6.3695 5.6533 152.3258 -98.6704 41.0801 -35.1207 15.7108 8.0549 -16.7187 50.3333 -4.7575 -4.0611 -21.2362 -81.1592 53.6598 -173.5486 70.9136 -175.5625 -7.2491 -6.3770 12.5455 1.8207 -1.3343 -2.5068 172.0018 -15.0679 168.6907 176.7370 5.5801 -177.0909 35.7027 -2.6725 59.5130 -0.3369 2.5983 -0.2441
-69.2629 16.5035 26.4982 66.8016 34.3005 39.9934 -5.7428 33.6566 -4.4511 -1.9929 4.0242 -3.8273 -2.5416 11.8506 -8.7640 15.0099 28.3674 1.7984 6.1028 -3.4868 -0.4000 2.5004 4.4284 -7.4837 0.1173 -0.3326 0.0599 0.3544 -11.7190 -3.9943 -0.1293 -11.4251 4.0902 10.3723 13.9725 -7.3848 -23.2419 -47.3289 -11.4004 0.9350 0.2581 -127.3223 44.6714 8.1791 5.4538 -16.0527 10.9977 15.0102 -61.5163 1.2899 1.1649 12.0566 6.7870 -3.5134 84.1266 11.7649 -3.9564 6.2721 5.6677 152.1739 -98.3747 41.1375 -34.6100 15.7260 7.9969 -16.6615 50.2972 -4.7657 -4.0629 -20.7672 -81.1064 53.2738 -173.5246 70.7261 -175.5017 -6.9718 -6.5348 12.6426 1.8088 -1.4082 -2.4983 171.9044 -14.9405 168.4572 176.6748 5.5144 -177.1337 35.9404 -2.1935 59.5918 -0.3358 2.5732 -0.2355
-69.1765 16.5093 26.6084 66.8037 34.3402 39.8944 -5.6829 33.6625 -4.5389 -1.9950 4.0224 -3.9371 -2.5522 11.8170 -8.8421 14.7475 28.3894 1.7150 6.1512 -3.4432 -0.6025 2.5804 4.4364 -7.7063 0.1305 -0.3163 0.0679 0.3691 -11.7242 -3.9827 -0.1157 -11.4127 4.0922 10.2256 13.9574 -7.3539 -24.0032 -47.9774 -10.5544 0.8769 0.0539 -127.2870 44.1950 8.1705 5.1609 -16.0296 10.9899 15.0490 -61.4630 1.2707 1.2147 12.2549 6.9662 -3.5565 83.8616 11.6728 -3.6643 6.1208 5.7171 151.9030 -98.2637 41.1991 -34.2428 15.7293 7.9435 -16.5778 50.2049 -4.7803 -4.0873 -20.2065 -80.9972 52.7532 -173.4170 70.6102 -175.3552 -6.7823 -6.6651 12.7266 1.7989 -1.5134 -2.5066 171.8379 -14.7811 168.1840 176.5804 5.4366 -177.1734 36.2753 -1.8773 59.7381 -0.3312 2.5610 -0.2260
-69.0881 16.5827 26.7776 66.8260 34.3325 39.7704 -5.6765 33.6891 -4.6403 -1.9725 4.0203 -4.0195 -2.5636 11.7387 -8.9233 14.4876 28.3037 1.6485 6.1755 -3.4200 -0.7986 2.5939 4.4064 -7.9245 0.1379 -0.3085 0.0738 0.3786 -11.7041 -3.9705 -0.1099 -11.3918 4.0889 10.0548 13.9561 -7.3550 -24.7164 -48.5893 -9.8225 0.7743 -0.0694 -127.1808 43.6354 8.0283 4.8983 -16.0019 10.9545 15.0859 -61.3980 1.2670 1.2473 12.4551 7.1332 -3.5663 83.5292 11.5225 -3.4220 5.9542 5.7663 151.5382 -98.2743 41.2436 -34.0400 15.6452 7.9315 -16.5335 50.1240 -4.7540 -4.0938 -19.3739 -80.7954 51.9309 -173.2140 70.5418 -175.1467 -6.6077 -6.7392 12.8364 1.7888 -1.6115 -2.5154 171.7766 -14.6050 167.9750 176.4648 5.3616 -177.1789 36.5819 -1.6745 59.9443 -0.3229 2.5873 -0.2155
-69.0241 16.5988 26.9185 66.7876 34.3516 39.6329 -5.6815 33.7012 -4.7085 -2.0033 3.9997 -4.0996 -2.5462 11.6538 -9.0135 14.2440 28.1653 1.6544 6.1322 -3.4192 -0.9359 2.6109 4.3783 -8.0754 0.1423 -0.3067 0.0788 0.3891 -11.6664 -3.9585 -0.1113 -11.3740 4.0862 9.8907 13.9437 -7.2986 -25.3795 -49.1665 -9.2563 0.7036 -0.2057 -127.0071 43.0446 7.8803 4.6647 -15.9536 10.9548 15.1427 -61.3751 1.2769 1.2378 12.5843 7.3148 -3.4670 83.1886 11.3178 -3.3142 5.8386 5.8195 151.1689 -98.4984 41.1084 -34.1492 15.6861 7.9256 -16.4381 50.1222 -4.7306 -4.0967 -18.5741 -80.6105 51.1142 -172.9718 70.4692 -174.9106 -6.4421 -6.8289 13.0365 1.7935 -1.6752 -2.5236 171.7721 -14.4118 167.7823 176.3382 5.2585 -177.1596 36.8814 -1.6359 60.1862 -0.3018 2.6293 -0.2056
-68.8997 16.5959 27.0286 66.7234 34.3929 39.4368 -5.7528 33.7242 -4.7873 -2.0485 3.9699 -4.1610 -2.5113 11.5651 -9.0823 13.9471 28.0180 1.6629 6.0793 -3.4283 -1.0215 2.6893 4.3281 -8.1230 0.1389 -0.3050 0.0810 0.3953 -11.6136 -3.9511 -0.1239 -11.3499 4.0855 9.7383 13.9460 -7.2146 -25.9927 -49.7629 -8.8168 0.6418 -0.3482 -126.8122 42.4296 7.7488 4.5425 -15.9284 10.9589 15.2061 -61.4127 1.3033 1.1756 12.6677 7.5071 -3.3673 82.8076 11.0561 -3.2782 5.8148 5.8148 150.7495 -98.9457 40.9870 -34.4648 15.6827 7.9648 -16.4155 50.1330 -4.7354 -4.1308 -17.5488 -80.3846 50.1105 -172.7033 70.4234 -174.6820 -6.2642 -6.8224 13.2472 1.8039 -1.7286 -2.5246 171.7370 -14.2205 167.6231 176.2038 5.1304 -177.1292 37.1668 -1.6279 60.4690 -0.2714 2.6863 -0.2005
-68.8671 16.6051 27.1636 66.6183 34.4656 39.1983 -5.8618 33.7102 -4.8226 -2.0724 3.9437 -4.2164 -2.5235 11.4649 -9.1473 13.6969 27.8932 1.7117 6.0235 -3.4389 -1.1027 2.7984 4.2743 -8.0985 0.1372 -0.3065 0.0860 0.4059 -11.5443 -3.9353 -0.1386 -11.2973 4.0813 9.6426 13.9923 -7.1774 -26.6397 -50.2754 -8.4357 0.6311 -0.3395 -126.6331 41.8391 7.5503 4.4648 -15.9337 11.0063 15.2593 -61.5747 1.3502 1.0728 12.7334 7.7333 -3.2667 82.4035 10.7503 -3.3153 5.7987 5.7733 150.2603 -99.2714 40.7911 -34.5914 15.6782 8.0421 -16.4019 50.1667 -4.6883 -4.1744 -16.2632 -80.1541 48.8654 -172.5296 70.4045 -174.5487 -6.0361 -6.7895 13.4493 1.8271 -1.7549 -2.5373 171.7273 -14.0508 167.5800 176.1108 5.0431 -177.0533 37.4734 -1.6438 60.7639 -0.2551 2.7663 -0.1990
-68.7928 16.5508 27.2888 66.5436 34.5395 39.0045 -5.9856 33.6662 -4.8626 -2.1267 3.9104 -4.2351 -2.5439 11.3869 -9.2100 13.4981 27.8208 1.7755 5.9962 -3.4426 -1.1957 2.8925 4.2414 -8.0678 0.1325 -0.3039 0.0848 0.4172 -11.4841 -3.9330 -0.1591 -11.2530 4.0797 9.6012 14.0703 -7.1930 -27.3307 -50.8226 -7.9598 0.5759 -0.3226 -126.5403 41.3132 7.3595 4.4782 -15.9307 11.0679 15.3034 -61.7145 1.3733 1.0103 12.8414 7.9644 -3.2669 82.0468 10.4340 -3.3321 5.8319 5.7606 149.7910 -99.5094 40.5454 -34.5852 15.6462 8.0676 -16.3618 50.1779 -4.7023 -4.2001 -14.8510 -79.9671 47.4509 -172.4615 70.3981 -174.4790 -5.8443 -6.7123 13.6348 1.8427 -1.7882 -2.5553 171.6670 -13.7896 167.6041 176.0059 4.8405 -177.0093 37.7010 -1.5352 60.8995 -0.2394 2.8205 -0.1999
-68.7196 16.4878 27.3956 66.4515 34.5930 38.8045 -6.0920 33.6277 -4.8867 -2.1731 3.8903 -4.2641 -2.6052 11.2945 -9.2690 13.1971 27.8201 1.7583 6.0430 -3.4364 -1.2613 2.9761 4.2705 -8.0242 0.1334 -0.3051 0.0862 0.4292 -11.4409 -3.9279 -0.1693 -11.2202 4.0801 9.5888 14.1157 -7.2303 -28.0273 -51.3040 -7.4630 0.5431 -0.4063 -126.4856 40.7988 7.2822 4.4843 -15.9228 11.1099 15.3427 -61.8079 1.4020 0.9705 12.9085 8.1526 -3.3562 81.8387 10.2398 -3.2137 5.8135 5.7542 149.3631 -99.6492 40.4248 -34.5257 15.6278 8.0816 -16.3278 50.1950 -4.6806 -4.1881 -13.2788 -79.8033 45.8764 -172.4341 70.4184 -174.4595 -5.7055 -6.5860 13.8035 1.8532 -1.7990 -2.5710 171.5402 -13.5058 167.8057 175.9359 4.6130 -176.9380 37.9151 -1.4561 60.8887 -0.2413 2.9388 -0.2085
-68.7022 16.3713 27.5016 66.4165 34.6401 38.6150 -6.2010 33.5827 -4.8843 -2.1875 3.8692 -4.2701 -2.6986 11.2191 -9.3903 12.7727 27.8337 1.6654 6.1324 -3.4198 -1.3650 3.0378 4.3617 -8.0169 0.1191 -0.3118 0.0671 0.4317 -11.4176 -3.9398 -0.2017 -11.1955 4.0619 9.5768 14.1687 -7.3007 -28.6951 -51.7275 -6.9849 0.5261 -0.5291 -126.5056 40.4267 7.3459 4.5425 -15.8855 11.1488 15.3598 -61.8531 1.4115 0.9304 12.9343 8.3381 -3.4454 81.7080 10.0761 -3.0560 5.7132 5.7771 148.9452 -99.7246 40.4136 -34.3988 15.6070 8.0652 -16.3230 50.2205 -4.6762 -4.1589 -11.9176 -79.5974 44.4892 -172.4607 70.4494 -174.4953 -5.6486 -6.5340 13.9616 1.8713 -1.7733 -2.5725 171.4131 -13.1655 168.0726 175.8884 4.3382 -176.8811 38.0819 -1.3509 60.7751 -0.2449 3.0794 -0.2370
-68.6731 16.2459 27.5828 66.4186 34.6326 38.4923 -6.2730 33.5415 -4.9093 -2.1852 3.8367 -4.2663 -2.8330 11.1476 -9.5681 12.3098 27.8761 1.5146 6.2444 -3.3902 -1.4894 3.1647 4.5751 -7.9704 0.0942 -0.3227 0.0406 0.4152 -11.4265 -3.9538 -0.2359 -11.1815 4.0346 9.5861 14.1787 -7.3179 -29.3110 -52.0539 -6.5491 0.5400 -0.6810 -126.5242 40.0746 7.4943 4.6576 -15.8024 11.1753 15.3372 -61.7991 1.3998 0.8747 13.0035 8.5191 -3.5337 81.5760 9.9025 -2.9135 5.6450 5.8034 148.5777 -99.7376 40.4140 -34.2971 15.6418 8.0257 -16.3233 50.2477 -4.6905 -4.1206 -10.7545 -79.4167 43.2637 -172.5331 70.5054 -174.5581 -5.5709 -6.5207 14.0462 1.8898 -1.7603 -2.5745 171.2922 -12.8412 168.2930 175.8440 4.0580 -176.8154 38.1430 -1.1921 60.6435 -0.2562 3.1854 -0.2669
-68.6122 16.1935 27.6303 66.4146 34.5746 38.4113 -6.3010 33.4924 -4.9415 -2.2042 3.7878 -4.2525 -2.9675 11.1219 -9.7216 11.8458 28.0067 1.3028 6.3365 -3.3594 -1.5911 3.3315 4.8595 -7.9307 0.0791 -0.3289 0.0176 0.3927 -11.4528 -3.9658 -0.2448 -11.1803 4.0073 9.5868 14.1785 -7.4313 -29.7446 -52.2831 -6.1714 0.5509 -0.7611 -126.4841 39.7860 7.6633 4.8165 -15.7598 11.1602 15.2752 -61.7445 1.3742 0.8203 13.0527 8.6541 -3.5953 81.5247 9.7512 -2.7125 5.5945 5.8299 148.2476 -99.9559 40.3974 -34.4530 15.7077 7.9491 -16.3301 50.2418 -4.7380 -4.1094 -9.9666 -79.2585 42.4089 -172.5608 70.5894 -174.5671 -5.5034 -6.6103 14.1143 1.9128 -1.7991 -2.5517 171.1926 -12.5792 168.4692 175.8293 3.8517 -176.7411 38.0855 -1.1235 60.5541 -0.2751 3.2538 -0.2715
-68.5713 16.1487 27.6447 66.3932 34.5582 38.3557 -6.2747 33.3997 -4.9510 -2.2212 3.7399 -4.2495 -3.1051 11.1338 -9.8350 11.4905 28.1485 1.1954 6.3946 -3.3369 -1.7088 3.5748 5.2270 -7.8343 0.0683 -0.3323 -0.0017 0.3809 -11.4688 -3.9717 -0.2553 -11.1500 3.9821 9.6286 14.1323 -7.5353 -30.1951 -52.5155 -5.7441 0.5611 -0.8192 -126.4611 39.4223 7.8111 4.9879 -15.7564 11.1257 15.2464 -61.6388 1.3711 0.8796 13.1086 8.7672 -3.5543 81.4265 9.5801 -2.5289 5.5285 5.8247 148.0493 -100.2516 40.4250 -34.7287 15.7489 7.9201 -16.3233 50.2178 -4.7935 -4.1101 -9.5642 -79.2113 41.9723 -172.5100 70.6592 -174.5094 -5.4529 -6.7538 14.1254 1.9386 -1.9138 -2.5207 171.0753 -12.3483 168.5476 175.8325 3.7002 -176.6984 38.0671 -1.0252 60.5332 -0.2996 3.2815 -0.2629
-68.5844 16.1499 27.6489 66.3975 34.4859 38.3733 -6.2430 33.2939 -4.9978 -2.2334 3.6990 -4.2888 -3.2127 11.1799 -9.8834 11.1608 28.3166 1.0554 6.4353 -3.3093 -1.7437 3.8259 5.5646 -7.7276 0.0750 -0.3236 0.0003 0.3838 -11.4585 -3.9625 -0.2448 -11.1044 3.9738 9.6838 14.0444 -7.7024 -30.6350 -52.7650 -5.2646 0.5165 -0.9394 -126.4082 39.0664 7.9247 5.1098 -15.7649 11.0670 15.2027 -61.4956 1.3463 0.9266 13.1931 8.8848 -3.4553 81.3595 9.3694 -2.3068 5.4392 5.8047 147.8945 -100.6599 40.5708 -35.1573 15.7186 7.9321 -16.3390 50.2003 -4.8504 -4.1883 -9.6121 -79.2175 41.9936 -172.4047 70.7330 -174.3943 -5.3639 -6.8953 14.1001 1.9379 -2.0594 -2.5056 171.0226 -12.1829 168.4709 175.8424 3.6580 -176.6865 38.0774 -0.9956 60.5597 -0.3084 3.2354 -0.2307
-68.5797 16.1759 27.6439 66.4207 34.4271 38.4209 -6.2170 33.1425 -5.0244 -2.2669 3.6599 -4.3143 -3.2510 11.2479 -9.8728 11.0221 28.5174 0.9798 6.4773 -3.2966 -1.7528 3.9934 5.8333 -7.6813 0.0964 -0.3117 0.0179 0.4087 -11.4181 -3.9433 -0.2250 -11.0309 3.9843 9.7969 13.9820 -7.9142 -31.1480 -53.0001 -4.7572 0.4749 -0.9253 -126.3408 38.6613 7.8869 5.1734 -15.7447 11.0168 15.1891 -61.3878 1.3410 1.0023 13.2781 8.9952 -3.3588 81.3255 9.1624 -2.0584 5.2974 5.8065 147.7217 -101.1549 40.6994 -35.7427 15.7068 7.9713 -16.3232 50.1336 -4.9204 -4.2387 -9.8423 -79.2552 42.2261 -172.2083 70.8438 -174.2171 -5.2816 -6.9892 14.0787 1.9442 -2.1865 -2.4990 170.9687 -12.0113 168.3687 175.8260 3.6707 -176.7077 38.1639 -1.0091 60.6988 -0.2968 3.1894 -0.1977
-68.6341 16.1534 27.6762 66.4160 34.3596 38.4685 -6.2084 32.9970 -4.9857 -2.2505 3.6450 -4.3647 -3.2483 11.3128 -9.8230 10.9972 28.7300 0.9588 6.4423 -3.3049 -1.7623 4.0929 6.0872 -7.6704 0.1204 -0.3013 0.0448 0.4392 -11.3615 -3.9190 -0.2078 -10.9672 4.0049 9.9162 13.9551 -8.1455 -31.6391 -53.1154 -4.3285 0.5470 -0.9243 -126.2827 38.1927 7.8067 5.1503 -15.7044 11.0046 15.2031 -61.3887 1.3684 1.0650 13.3921 9.0605 -3.2739 81.3011 9.0147 -1.9189 5.1572 5.8581 147.6043 -101.6453 40.7758 -36.3371 15.7023 8.1057 -16.3534 50.1967 -4.9510 -4.3228 -9.8497 -79.3374 42.2410 -171.9523 70.9196 -174.0001 -5.2492 -7.1095 14.0839 1.9361 -2.2556 -2.4971 170.9409 -11.8261 168.3334 175.8168 3.6316 -176.7298 38.2672 -1.1218 60.8038 -0.2722 3.1020 -0.1552
-68.6797 16.0972 27.6989 66.4290 34.2860 38.5229 -6.2189 32.8609 -4.9424 -2.2108 3.6334 -4.3716 -3.1966 11.3401 -9.7665 11.0174 28.9060 0.9074 6.3977 -3.3235 -1.7427 4.0927 6.3473 -7.7127 0.1343 -0.3038 0.0689 0.4573 -11.3019 -3.8972 -0.1975 -10.9183 4.0273 9.9992 13.9398 -8.3214 -32.1519 -53.1924 -3.9964 0.5423 -0.8482 -126.2260 37.8051 7.6261 5.1411 -15.6562 11.0112 15.2276 -61.4157 1.4146 1.0797 13.5349 9.0905 -3.1913 81.2898 8.9673 -1.9606 5.0644 5.9237 147.5506 -102.0028 40.7485 -36.8375 15.6277 8.1898 -16.3337 50.2290 -4.9409 -4.3657 -9.5292 -79.4165 41.8818 -171.7599 70.9975 -173.8363 -5.2092 -7.2083 14.1886 1.9229 -2.2687 -2.4960 170.9030 -11.5872 168.4338 175.7949 3.5063 -176.7358 38.3724 -1.2749 60.8648 -0.2526 3.0764 -0.1220
-68.6606 15.9782 27.7307 66.3941 34.1725 38.5346 -6.2178 32.7831 -4.8900 -2.1825 3.6278 -4.3593 -3.0873 11.3415 -9.6965 11.0306 29.0183 0.8670 6.3837 -3.3428 -1.7236 4.0928 6.6054 -7.7230 0.1381 -0.3161 0.0832 0.4747 -11.2576 -3.8867 -0.2081 -10.8892 4.0424 10.0220 13.9405 -8.4297 -32.5410 -53.1958 -3.8927 0.5702 -0.8687 -126.1735 37.4899 7.5815 5.1961 -15.5681 11.0722 15.2634 -61.3958 1.4695 1.0454 13.6031 9.1215 -3.1487 81.3643 9.0026 -2.0714 5.0024 5.9611 147.4914 -102.3014 40.6718 -37.2212 15.5501 8.2445 -16.3229 50.2247 -4.9453 -4.3558 -8.8937 -79.4597 41.1925 -171.5723 71.0852 -173.6658 -5.1677 -7.3698 14.3588 1.9202 -2.2490 -2.5008 170.8330 -11.3702 168.6486 175.7702 3.3206 -176.7157 38.3947 -1.3998 60.7768 -0.2368 3.1334 -0.1030
-68.6675 15.9313 27.7101 66.3118 34.0247 38.5000 -6.1688 32.7464 -4.8458 -2.1524 3.6122 -4.3294 -3.0087 11.3467 -9.6166 11.1200 29.0566 0.8877 6.3946 -3.3639 -1.6950 4.0504 6.8472 -7.7530 0.1424 -0.3349 0.0943 0.4972 -11.2595 -3.8917 -0.2224 -10.9146 4.0673 10.0435 13.9768 -8.4789 -32.8996 -53.1766 -3.9489 0.5610 -0.9003 -126.0914 37.3416 7.5989 5.1902 -15.5579 11.0995 15.2798 -61.3740 1.4911 0.9931 13.6265 9.1330 -3.1006 81.5884 9.1029 -2.1385 4.9060 5.9394 147.4483 -102.6145 40.6831 -37.5869 15.5100 8.2640 -16.3174 50.2115 -4.9227 -4.2916 -7.9818 -79.4613 40.1560 -171.5590 71.1724 -173.6526 -5.1498 -7.5599 14.5597 1.9217 -2.2256 -2.5051 170.7638 -11.2086 168.9631 175.7600 3.1497 -176.6624 38.4135 -1.6155 60.6127 -0.2345 3.2845 -0.1036
-68.6648 15.8597 27.7855 66.2468 33.8772 38.4454 -6.0590 32.7218 -4.7587 -2.1499 3.6038 -4.2641 -2.9147 11.3688 -9.5590 11.3263 28.9952 0.9468 6.4269 -3.3678 -1.6811 4.0273 7.0365 -7.7833 0.1398 -0.3496 0.0961 0.5030 -11.2662 -3.8982 -0.2343 -10.9335 4.0766 10.1071 13.9920 -8.5109 -33.2258 -53.1493 -4.0851 0.5539 -0.9159 -126.0215 37.2935 7.6845 5.2352 -15.5497 11.1123 15.2768 -61.3439 1.4632 0.9106 13.6417 9.1341 -3.0821 81.8010 9.2026 -2.2907 4.8200 5.8583 147.4509 -102.8761 40.6792 -37.8103 15.4868 8.2357 -16.3167 50.1682 -4.9154 -4.2049 -7.3147 -79.4725 39.3226 -171.6452 71.2210 -173.7414 -5.1042 -7.7157 14.6496 1.9218 -2.2359 -2.5148 170.6776 -11.0601 169.1882 175.7972 2.9705 -176.6246 38.3941 -1.7506 60.4327 -0.2656 3.4443 -0.1292
-68.6439 15.8029 27.8002 66.1776 33.7013 38.4074 -5.9253 32.7010 -4.6779 -2.1391 3.5911 -4.2322 -2.8211 11.4165 -9.4840 11.5006 28.8785 0.9540 6.4784 -3.3552 -1.6744 4.0277 7.2347 -7.7910 0.1300 -0.3594 0.0869 0.4985 -11.3114 -3.9238 -0.2502 -10.9952 4.0878 10.1270 14.0368 -8.5272 -33.5224 -53.2779 -4.1354 0.4329 -0.9464 -125.9831 37.2974 7.7821 5.3995 -15.5531 11.0820 15.2512 -61.2583 1.4210 0.8459 13.6601 9.1420 -3.0585 82.0514 9.2955 -2.4853 4.8058 5.7990 147.5538 -103.1547 40.6085 -38.1337 15.4844 8.1867 -16.3450 50.1315 -4.9125 -4.1218 -6.4479 -79.4698 38.3058 -171.7401 71.3046 -173.8577 -5.0308 -7.7505 14.6465 1.9255 -2.2519 -2.5192 170.5937 -10.8633 169.4812 175.8201 2.7656 -176.5558 38.4019 -1.9652 60.0987 -0.3170 3.6057 -0.1492
-68.6613 15.7646 27.7929 66.1209 33.5527 38.3495 -5.7926 32.6699 -4.6137 -2.1529 3.5809 -4.1597 -2.7325 11.4533 -9.4301 11.7508 28.6966 0.9822 6.5213 -3.3340 -1.6845 4.0470 7.4235 -7.7668 0.1129 -0.3650 0.0712 0.4859 -11.3377 -3.9443 -0.2733 -11.0297 4.0829 10.1735 14.0557 -8.5553 -33.7087 -53.2979 -4.2377 0.3601 -0.9699 -125.9166 37.3540 7.9910 5.5814 -15.5226 11.0405 15.2042 -61.1580 1.3776 0.8150 13.7131 9.1419 -2.9828 82.2168 9.3736 -2.8358 4.7610 5.7315 147.7099 -103.1414 40.5313 -38.1626 15.4570 8.1632 -16.3639 50.1192 -4.8770 -4.0256 -5.7458 -79.4705 37.4929 -171.9026 71.3951 -174.0217 -4.9647 -7.8115 14.5209 1.9267 -2.2278 -2.5202 170.4804 -10.6987 169.7543 175.8211 2.5973 -176.5002 38.3998 -2.1332 59.7456 -0.3676 3.7672 -0.1770
-68.6653 15.7282 27.8155 66.0334 33.3903 38.3243 -5.6556 32.6310 -4.5480 -2.1789 3.5618 -4.1259 -2.6069 11.5449 -9.3536 11.9372 28.5123 0.9775 6.5616 -3.2966 -1.6959 4.0662 7.5983 -7.7547 0.0980 -0.3657 0.0510 0.4746 -11.3512 -3.9658 -0.2925 -11.0517 4.0682 10.2037 14.0469 -8.5996 -33.7024 -53.2997 -4.4159 0.2862 -0.9779 -125.8033 37.4730 8.1221 5.7215 -15.5655 10.9778 15.1519 -61.0861 1.3310 0.8348 13.7016 9.1441 -2.9159 82.4500 9.3451 -3.2793 4.7795 5.7169 147.8672 -102.8869 40.3768 -38.1698 15.5057 8.1072 -16.3667 50.1095 -4.9077 -3.9976 -5.2407 -79.5198 36.8903 -171.9987 71.4381 -174.1293 -4.9210 -7.8481 14.4517 1.9299 -2.1532 -2.5131 170.3719 -10.5314 169.9561 175.8130 2.4390 -176.4854 38.3670 -2.2796 59.4383 -0.3883 3.7881 -0.1749
-68.7150 15.7266 27.8502 65.9944 33.2802 38.3080 -5.5537 32.5630 -4.4915 -2.1910 3.5372 -4.0922 -2.5124 11.6408 -9.2945 12.1513 28.3512 0.9808 6.5695 -3.2715 -1.6997 4.1161 7.7603 -7.7007 0.0842 -0.3671 0.0370 0.4654 -11.3588 -3.9791 -0.3117 -11.0520 4.0579 10.2705 14.0794 -8.6242 -33.6319 -53.2105 -4.6435 0.3253 -0.9472 -125.6895 37.6164 8.3098 5.7690 -15.5875 10.9695 15.1359 -61.0668 1.3343 0.8658 13.6976 9.0861 -2.8584 82.6317 9.3676 -3.7182 4.7720 5.6824 148.0483 -102.5107 40.3546 -38.1219 15.5298 8.1038 -16.3777 50.2151 -4.8761 -3.9722 -5.2352 -79.5873 36.8232 -172.0670 71.4778 -174.2252 -4.8274 -7.8734 14.3182 1.9282 -2.0623 -2.5033 170.2175 -10.3936 170.1785 175.7981 2.3469 -176.4721 38.3699 -2.3912 59.2078 -0.3970 3.7551 -0.1612
-68.7150 15.6968 27.8711 66.0034 33.1816 38.4099 -5.4370 32.4559 -4.4384 -2.2147 3.5142 -4.0764 -2.4170 11.7359 -9.2365 12.3633 28.1825 0.9671 6.5530 -3.2441 -1.7304 4.1670 7.9526 -7.6484 0.0768 -0.3679 0.0279 0.4586 -11.3516 -3.9819 -0.3195 -11.0370 4.0446 10.3079 14.1255 -8.6987 -33.3521 -53.0854 -4.9374 0.3736 -0.9234 -125.5320 37.7451 8.4050 5.7489 -15.5800 10.9472 15.1152 -61.0071 1.3501 0.9182 13.7097 9.0384 -2.8263 82.8034 9.3880 -4.0872 4.7490 5.6620 148.2048 -102.0467 40.3026 -38.0223 15.4996 8.0742 -16.3989 50.2105 -4.9054 -3.9921 -5.6486 -79.7234 37.2151 -172.0598 71.5104 -174.2314 -4.7321 -7.9522 14.2228 1.9365 -1.9774 -2.4841 170.0733 -10.1580 170.4378 175.7728 2.2397 -176.4629 38.2679 -2.6006 58.9375 -0.3859 3.7163 -0.1372
-68.7272 15.6718 27.9303 66.0089 33.0676 38.5870 -5.3178 32.3396 -4.4084 -2.1752 3.5035 -4.0459 -2.3750 11.8079 -9.2227 12.6343 28.0906 0.9456 6.4737 -3.2418 -1.7191 4.2246 8.1142 -7.5429 0.0796 -0.3641 0.0296 0.4536 -11.3563 -3.9858 -0.3101 -11.0415 4.0487 10.3435 14.1223 -8.8023 -32.9948 -52.8812 -5.1926 0.4362 -0.9146 -125.4057 37.8438 8.5153 5.7606 -15.5389 10.9261 15.0797 -60.9077 1.3458 0.9660 13.6684 8.9422 -2.8588 83.0262 9.4984 -4.2361 4.6627 5.6380 148.3047 -101.5585 40.3655 -37.8228 15.4720 8.0985 -16.4279 50.1747 -4.9232 -4.0282 -6.1170 -79.8900 37.6665 -172.0007 71.6003 -174.1621 -4.6959 -8.0294 14.0781 1.9411 -1.9151 -2.4783 170.0001 -9.9419 170.6593 175.8021 2.1690 -176.4528 38.1039 -2.8552 58.6565 -0.3734 3.6777 -0.1126
-68.7725 15.6213 27.9777 66.0464 32.9619 38.7754 -5.2015 32.2551 -4.3629 -2.1444 3.4952 -4.0300 -2.3622 11.8325 -9.1963 12.9159 28.0280 0.9105 6.3927 -3.2398 -1.7402 4.1810 8.2092 -7.4621 0.0881 -0.3593 0.0329 0.4521 -11.3573 -3.9883 -0.2916 -11.0556 4.0513 10.4118 14.1125 -8.9748 -32.6770 -52.7730 -5.2858 0.4104 -0.8746 -125.3033 37.9611 8.4303 5.7944 -15.5375 10.8748 15.0718 -60.8280 1.3092 1.0266 13.6687 8.8889 -2.9599 83.2236 9.6012 -4.2735 4.5801 5.6533 148.3585 -100.9799 40.3802 -37.4991 15.4200 8.1182 -16.4509 50.2085 -4.9387 -4.0235 -6.6823 -80.0403 38.2679 -171.8694 71.7187 -174.0330 -4.6959 -8.1472 13.9487 1.9394 -1.9524 -2.4743 169.9172 -9.7761 170.7970 175.8130 2.1237 -176.4514 37.8850 -3.1421 58.4428 -0.3596 3.6507 -0.0940
-68.8380 15.5905 28.0359 66.1012 32.9159 38.9224 -5.1600 32.1690 -4.3441 -2.1199 3.4953 -4.0278 -2.3315 11.8303 -9.1507 13.1592 27.9785 0.8808 6.3218 -3.2401 -1.6738 4.0704 8.2144 -7.4289 0.1062 -0.3527 0.0512 0.4745 -11.3237 -3.9691 -0.2770 -11.0368 4.0598 10.4764 14.0883 -9.1237 -32.3553 -52.6030 -5.3735 0.4768 -0.7986 -125.2510 38.0215 8.2720 5.7784 -15.5551 10.8374 15.0565 -60.8389 1.2848 1.0964 13.6771 8.8155 -3.0441 83.2792 9.7444 -4.3087 4.4855 5.6175 148.3937 -100.3866 40.4575 -37.0516 15.3549 8.1469 -16.4641 50.1430 -4.9790 -4.0632 -7.3045 -80.1574 38.9490 -171.6588 71.8348 -173.8459 -4.6159 -8.2450 13.7955 1.9293 -1.9515 -2.4848 169.9042 -9.6669 171.0121 175.8172 2.0769 -176.4503 37.6956 -3.4635 58.2079 -0.3454 3.5854 -0.0839
-68.9541 15.5272 28.1270 66.0859 32.8611 39.0104 -5.1593 32.1182 -4.3124 -2.0819 3.5083 -4.0366 -2.2978 11.8627 -9.1106 13.3286 27.9238 0.8728 6.2340 -3.2453 -1.5496 3.9272 8.1991 -7.3950 0.1261 -0.3488 0.0808 0.5061 -11.2753 -3.9472 -0.2686 -11.0231 4.0852 10.5131 14.0923 -9.2220 -31.9120 -52.4886 -5.5421 0.5321 -0.6976 -125.1843 38.0931 7.9942 5.7171 -15.5599 10.8555 15.1063 -60.8190 1.3088 1.1581 13.7034 8.7756 -3.0722 83.3021 9.8389 -4.4551 4.5421 5.6498 148.4315 -99.7845 40.4029 -36.5115 15.3103 8.1963 -16.4898 50.1351 -4.9967 -4.0753 -7.4711 -80.2401 39.1465 -171.4697 71.9124 -173.6906 -4.5709 -8.2586 13.7422 1.9015 -1.9842 -2.4988 169.8810 -9.6427 171.2108 175.7978 2.0360 -176.4278 37.5572 -3.8710 57.9993 -0.3332 3.5407 -0.0782
-69.0182 15.4837 28.1551 66.1157 32.8108 39.0496 -5.1819 32.1283 -4.2629 -2.0632 3.5004 -4.0321 -2.2454 11.8424 -9.0973 13.4935 27.8659 0.9021 6.1535 -3.2622 -1.4275 3.8051 8.1491 -7.3334 0.1328 -0.3500 0.0996 0.5138 -11.2336 -3.9342 -0.2626 -11.0121 4.1074 10.5134 14.0292 -9.3033 -31.4443 -52.2933 -5.8060 0.5362 -0.5829 -125.0488 38.1900 7.6942 5.6095 -15.5934 10.8812 15.1716 -60.8359 1.3298 1.2250 13.7293 8.7558 -3.1532 83.2654 9.9369 -4.4732 4.5425 5.6629 148.3741 -99.4186 40.3233 -36.1012 15.2537 8.2078 -16.4663 50.0973 -5.0022 -4.0565 -7.5815 -80.2374 39.2395 -171.3056 72.0125 -173.5307 -4.5681 -8.2708 13.8174 1.8701 -2.0065 -2.5008 169.9055 -9.6434 171.4339 175.8048 1.9890 -176.3930 37.4775 -4.2354 57.8559 -0.3350 3.5274 -0.0818
-69.0917 15.4507 28.2124 66.1293 32.8243 39.0838 -5.1897 32.1424 -4.2175 -2.0505 3.4982 -4.0290 -2.1830 11.8239 -9.0471 13.5692 27.7912 0.9214 6.1181 -3.2870 -1.2444 3.7516 8.1129 -7.2266 0.1306 -0.3532 0.1094 0.5203 -11.2406 -3.9386 -0.2734 -11.0327 4.1323 10.5129 13.9666 -9.3037 -31.1238 -52.1933 -6.0281 0.4979 -0.5901 -124.9340 38.3716 7.4864 5.3979 -15.6265 10.9193 15.2114 -60.9055 1.3511 1.2214 13.6947 8.7247 -3.2572 83.1945 10.0178 -4.4987 4.5865 5.6368 148.3430 -99.2482 40.2826 -35.8881 15.2727 8.2422 -16.4584 50.1111 -4.9963 -4.0309 -7.9005 -80.2621 39.5619 -171.2709 72.0574 -173.5057 -4.4934 -8.2238 13.8765 1.8508 -2.0231 -2.5118 169.9473 -9.6788 171.6664 175.8715 1.9636 -176.3678 37.4148 -4.4495 57.7003 -0.3400 3.6279 -0.0964
-69.1653 15.4666 28.2259 66.1377 32.7947 39.0847 -5.1934 32.1845 -4.1531 -2.0346 3.4981 -4.0032 -2.1334 11.8219 -9.0306 13.5979 27.6915 0.8793 6.1083 -3.2986 -1.1374 3.7007 8.1428 -7.1160 0.1213 -0.3591 0.1134 0.5209 -11.2722 -3.9488 -0.2935 -11.0774 4.1512 10.4827 13.9624 -9.3082 -30.7715 -52.2428 -6.2441 0.3611 -0.6107 -124.7712 38.5810 7.3173 5.2223 -15.6656 10.9196 15.2137 -60.8986 1.3315 1.1746 13.7178 8.6915 -3.4031 83.0855 10.0919 -4.5454 4.6161 5.6162 148.3297 -99.1208 40.1856 -35.8738 15.3041 8.2505 -16.4516 50.1359 -4.9790 -3.9856 -7.9855 -80.2291 39.6452 -171.3029 72.1317 -173.5241 -4.4239 -8.1599 13.8889 1.8250 -2.0587 -2.5139 169.9564 -9.7685 171.9013 175.9324 1.9851 -176.3474 37.2619 -4.5356 57.5633 -0.3551 3.6957 -0.1013
-69.1983 15.4739 28.2931 66.0970 32.8016 39.0570 -5.1373 32.2550 -4.0849 -2.0387 3.4911 -3.9429 -2.0866 11.8053 -9.0280 13.5259 27.6240 0.8063 6.1574 -3.3067 -1.0588 3.6573 8.1851 -7.0127 0.1122 -0.3649 0.1120 0.5150 -11.3159 -3.9630 -0.3065 -11.1279 4.1653 10.4856 13.9395 -9.2445 -30.5360 -52.2871 -6.4240 0.2414 -0.6954 -124.5878 38.7952 7.2524 5.0167 -15.7250 10.9220 15.1869 -60.9213 1.2914 1.1360 13.7012 8.6827 -3.5599 82.9883 10.1500 -4.4907 4.6355 5.5873 148.3249 -99.1138 40.0756 -35.9639 15.2808 8.2716 -16.4524 50.1622 -4.9314 -3.9061 -7.9934 -80.2459 39.6896 -171.4177 72.1534 -173.6237 -4.3603 -8.1148 13.7881 1.8007 -2.0481 -2.5031 169.9518 -9.9128 172.0891 176.0309 2.0079 -176.3478 37.1378 -4.4357 57.4300 -0.3814 3.7747 -0.1143
-69.2024 15.4894 28.3473 66.0565 32.8269 38.9995 -5.1024 32.3036 -4.0234 -2.0270 3.5127 -3.9006 -2.0701 11.7893 -9.0179 13.4647 27.5386 0.7485 6.2030 -3.2958 -1.0049 3.6567 8.3018 -6.8984 0.1042 -0.3681 0.1113 0.5249 -11.3627 -3.9727 -0.3333 -11.1746 4.1745 10.4980 13.9088 -9.1774 -30.2707 -52.3272 -6.5847 0.2092 -0.8058 -124.4673 38.9472 7.1806 4.8781 -15.7517 10.9186 15.1481 -60.9620 1.2285 1.0931 13.7330 8.6144 -3.6472 82.8692 10.2331 -4.4761 4.6462 5.5336 148.3917 -99.1626 40.0688 -36.0976 15.2855 8.2838 -16.4650 50.1798 -4.9101 -3.8904 -7.9689 -80.2722 39.7345 -171.5763 72.1009 -173.7645 -4.2548 -8.0265 13.6681 1.7850 -2.0431 -2.4989 169.9231 -10.0799 172.2750 176.0874 2.0581 -176.3725 37.0160 -4.2926 57.2501 -0.4074 3.8592 -0.1242
-69.2174 15.4800 28.3644 65.9675 32.8795 38.8914 -5.0424 32.3272 -3.9553 -2.0402 3.5232 -3.8468 -2.0435 11.7820 -8.9979 13.3943 27.5098 0.7249 6.2530 -3.2724 -1.0320 3.7143 8.4359 -6.8150 0.1004 -0.3673 0.1043 0.5376 -11.4081 -3.9854 -0.3535 -11.1996 4.1765 10.5124 13.8498 -9.1288 -29.9956 -52.3492 -6.7544 0.1839 -0.7871 -124.2946 39.0442 6.9736 4.8013 -15.7532 10.9067 15.1201 -60.9868 1.2038 1.0901 13.7182 8.5520 -3.7484 82.7348 10.2701 -4.4794 4.6485 5.5086 148.4379 -99.1646 40.0240 -36.2339 15.2913 8.3040 -16.4639 50.2370 -4.8743 -3.8089 -7.6817 -80.3195 39.5543 -171.6471 72.0021 -173.8274 -4.1830 -7.8948 13.5198 1.7944 -2.0129 -2.5110 169.8549 -10.2463 172.4493 176.1319 2.1148 -176.3621 36.9556 -4.0465 57.1067 -0.4259 3.9178 -0.1435
-69.2850 15.4422 28.4391 65.8900 32.9067 38.8094 -5.0176 32.3526 -3.9374 -2.0263 3.5412 -3.8106 -2.0458 11.7564 -8.9985 13.3283 27.4896 0.6868 6.2689 -3.2510 -1.0832 3.8164 8.6030 -6.7508 0.0902 -0.3637 0.0913 0.5450 -11.4230 -3.9959 -0.3814 -11.1938 4.1649 10.4890 13.7651 -9.0751 -29.6416 -52.2825 -6.9458 0.1898 -0.7753 -124.1425 39.1169 6.8401 4.7319 -15.6836 10.9040 15.0964 -60.9835 1.1854 1.0839 13.7506 8.4422 -3.7802 82.6236 10.3492 -4.4307 4.6344 5.5165 148.4909 -99.3142 40.0105 -36.4706 15.2997 8.2714 -16.4404 50.2135 -4.8714 -3.8269 -7.5411 -80.4042 39.5106 -171.7069 71.8376 -173.8802 -4.1231 -7.8215 13.4247 1.7959 -1.9095 -2.5250 169.8345 -10.3868 172.5736 176.1578 2.1227 -176.3499 36.9011 -3.9539 56.9928 -0.4240 3.9664 -0.1655
-69.3099 15.3810 28.4767 65.8393 32.9074 38.7770 -4.9476 32.3579 -3.9182 -2.0205 3.5540 -3.8267 -2.0657 11.7247 -8.9861 13.2932 27.4965 0.6468 6.2557 -3.2393 -1.1257 3.9439 8.7409 -6.6964 0.0855 -0.3617 0.0842 0.5483 -11.4321 -4.0006 -0.3938 -11.1780 4.1559 10.4640 13.6941 -9.0245 -29.3224 -52.2815 -7.1146 0.1581 -0.7338 -123.9604 39.1613 6.7300 4.7000 -15.6386 10.8919 15.0587 -60.9450 1.2127 1.1087 13.8159 8.3404 -3.8098 82.5124 10.4142 -4.4281 4.6429 5.5482 148.5769 -99.4385 39.9883 -36.6934 15.2460 8.2364 -16.4415 50.1462 -4.8650 -3.8898 -7.4147 -80.5060 39.4450 -171.8860 71.6890 -174.0411 -4.0607 -7.7696 13.3842 1.7960 -1.8167 -2.5289 169.7663 -10.4888 172.6214 176.1435 2.1319 -176.3465 36.8703 -3.9193 56.8685 -0.4050 4.0229 -0.1742
-69.3392 15.2893 28.5531 65.7983 32.9447 38.7554 -4.8798 32.3633 -3.8891 -2.0123 3.5545 -3.8573 -2.0697 11.6861 -8.9726 13.2023 27.4472 0.5472 6.2718 -3.2271 -1.1388 4.0344 8.7939 -6.6925 0.0807 -0.3556 0.0746 0.5420 -11.4183 -3.9969 -0.3971 -11.1393 4.1362 10.4551 13.6219 -8.9984 -29.1386 -52.2276 -7.1702 0.1567 -0.8150 -123.8347 39.2168 6.6999 4.6057 -15.5996 10.9002 15.0421 -61.0231 1.2568 1.1427 13.8050 8.2682 -3.8303 82.4735 10.4555 -4.3443 4.6186 5.5510 148.6199 -99.7070 40.0737 -37.0406 15.2148 8.2405 -16.4499 50.0998 -4.8513 -3.9704 -7.5535 -80.6327 39.6176 -172.0217 71.5163 -174.1608 -4.0174 -7.7466 13.3733 1.8062 -1.7873 -2.5158 169.7800 -10.5744 172.6015 176.1770 2.1503 -176.3501 36.8797 -3.9493 56.9024 -0.3920 4.0411 -0.1765
-69.3396 15.2577 28.5959 65.7865 32.9626 38.7654 -4.8264 32.3590 -3.8708 -2.0053 3.5493 -3.9228 -2.0695 11.6548 -8.9292 13.1780 27.3997 0.4331 6.2182 -3.2373 -1.1589 4.0433 8.7112 -6.6987 0.0769 -0.3460 0.0683 0.5287 -11.4216 -4.0056 -0.3910 -11.1297 4.1330 10.4571 13.5334 -9.0174 -29.0284 -52.1564 -7.1600 0.1595 -0.8086 -123.7145 39.2701 6.6607 4.5601 -15.6119 10.9027 15.0660 -61.0161 1.2959 1.2182 13.8438 8.2747 -3.8528 82.4389 10.4074 -4.2044 4.5897 5.5896 148.6437 -99.8986 40.1564 -37.2891 15.1732 8.2490 -16.4252 50.0161 -4.8649 -4.0348 -7.8867 -80.7240 40.0120 -172.0655 71.3628 -174.1976 -3.9595 -7.7249 13.4352 1.7976 -1.7738 -2.5044 169.7875 -10.5963 172.5649 176.1612 2.1589 -176.3728 36.9119 -3.9829 56.9101 -0.3726 4.0576 -0.1687
-69.3096 15.2219 28.6674 65.7694 32.9745 38.7716 -4.7853 32.3657 -3.8403 -1.9889 3.5549 -3.9813 -2.0512 11.6189 -8.8956 13.2116 27.3299 0.3068 6.1451 -3.2525 -1.1524 3.9977 8.5535 -6.7174 0.0795 -0.3366 0.0776 0.5193 -11.3923 -3.9905 -0.3756 -11.0989 4.1351 10.4680 13.4439 -9.0387 -28.9016 -52.0614 -7.1839 0.2064 -0.7250 -123.5837 39.3047 6.5016 4.4738 -15.5831 10.9063 15.0958 -60.9554 1.3203 1.3109 13.9405 8.2937 -3.8880 82.3228 10.3846 -4.0670 4.5619 5.5880 148.7119 -100.1054 40.1902 -37.5074 15.1154 8.2771 -16.4170 49.9337 -4.8750 -4.0680 -7.9411 -80.7939 40.1151 -172.0571 71.2494 -174.2026 -3.9388 -7.6540 13.4369 1.7814 -1.7448 -2.5026 169.7727 -10.5755 172.5796 176.1670 2.1351 -176.4024 36.9603 -3.9528 56.8646 -0.3509 4.0526 -0.1577
-69.3158 15.2216 28.7329 65.7374 32.9653 38.7119 -4.7791 32.4467 -3.8282 -1.9771 3.5623 -4.0127 -2.0193 11.5616 -8.8608 13.2528 27.2758 0.2393 6.0871 -3.2736 -1.1217 3.8903 8.3026 -6.7744 0.0930 -0.3312 0.0972 0.5181 -11.3605 -3.9707 -0.3465 -11.0868 4.1478 10.4707 13.3365 -9.0566 -28.7087 -51.9316 -7.2920 0.2476 -0.7150 -123.4157 39.3408 6.3409 4.3416 -15.6030 10.8825 15.1105 -60.9575 1.3132 1.3624 14.0304 8.3190 -3.9455 82.1962 10.4009 -4.0372 4.5978 5.5997 148.8118 -100.3962 40.0982 -37.7724 15.0908 8.3048 -16.3951 49.8942 -4.8589 -4.0948 -7.6937 -80.7942 39.8788 -172.0196 71.1156 -174.1791 -3.9707 -7.5716 13.5161 1.7612 -1.7238 -2.5135 169.7984 -10.6184 172.5892 176.1572 2.1334 -176.4524 36.9950 -3.9400 56.8589 -0.3312 4.0704 -0.1546
-69.3286 15.1650 28.7388 65.7005 33.0087 38.5878 -4.7813 32.5494 -3.7999 -1.9549 3.5773 -3.9820 -1.9827 11.4880 -8.8444 13.2747 27.1719 0.2343 6.0312 -3.2844 -1.1109 3.8176 7.9927 -6.8127 0.1078 -0.3296 0.1193 0.5239 -11.3124 -3.9460 -0.3224 -11.0619 4.1611 10.5366 13.1920 -8.9695 -28.5752 -51.7716 -7.5586 0.3432 -0.6681 -123.2255 39.4146 6.2552 4.2311 -15.5973 10.9005 15.1502 -60.9978 1.3087 1.3844 14.0392 8.3271 -4.0500 82.0292 10.4213 -4.0483 4.6322 5.5867 148.8868 -100.6708 39.9762 -37.9309 15.0458 8.3818 -16.4139 49.8925 -4.8293 -4.0949 -7.1447 -80.7444 39.3490 -171.9816 70.9686 -174.1493 -4.0497 -7.5558 13.6222 1.7534 -1.6944 -2.5304 169.7453 -10.6568 172.6871 176.1592 2.1112 -176.4890 37.0135 -3.8143 56.8184 -0.3266 4.1203 -0.1659
-69.3208 15.1392 28.8061 65.6657 33.0207 38.4552 -4.7895 32.6664 -3.7745 -1.9530 3.5928 -3.9559 -1.9147 11.4242 -8.8350 13.2402 27.0728 0.2733 6.0366 -3.2981 -1.0973 3.7585 7.6280 -6.8454 0.1128 -0.3304 0.1314 0.5289 -11.3085 -3.9391 -0.3164 -11.0769 4.1778 10.5741 13.0838 -8.8350 -28.4093 -51.6377 -7.9157 0.4303 -0.6748 -123.0176 39.5615 6.3006 4.0722 -15.6239 10.8943 15.1610 -61.0128 1.2979 1.3498 13.9984 8.3289 -4.1868 81.8828 10.4811 -4.0248 4.7013 5.5333 148.9616 -100.9951 39.9029 -38.1165 15.0076 8.3881 -16.3885 49.8509 -4.8084 -4.0833 -6.4987 -80.6595 38.6982 -172.0376 70.8811 -174.2100 -4.1530 -7.5333 13.7177 1.7583 -1.6461 -2.5356 169.7385 -10.6813 172.8039 176.1734 2.0723 -176.5060 37.0856 -3.6747 56.8328 -0.3267 4.1535 -0.1811
-69.2960 15.0730 28.8173 65.5976 33.0205 38.3171 -4.8124 32.7891 -3.7449 -1.9222 3.6255 -3.9385 -1.8699 11.3698 -8.8273 13.1633 26.9766 0.2995 6.0626 -3.3032 -1.0661 3.7423 7.3069 -6.8002 0.1102 -0.3323 0.1355 0.5276 -11.3206 -3.9402 -0.3211 -11.1049 4.1869 10.6327 13.0483 -8.6472 -28.3419 -51.6240 -8.2147 0.5089 -0.7565 -122.8552 39.6806 6.4310 3.9219 -15.6324 10.9072 15.1296 -61.0391 1.3052 1.2550 13.9469 8.3158 -4.3052 81.7860 10.5692 -4.0134 4.8062 5.5070 149.0435 -101.3088 39.8564 -38.1934 14.9904 8.3835 -16.3906 49.8883 -4.7897 -4.0802 -5.7838 -80.5813 37.9430 -172.1748 70.7754 -174.3728 -4.2157 -7.5119 13.7095 1.7658 -1.6063 -2.5533 169.7101 -10.7331 172.8965 176.1877 2.0081 -176.5269 37.1397 -3.5284 56.8532 -0.3229 4.1584 -0.1968
-69.2584 15.0119 28.8114 65.5415 32.9856 38.1520 -4.8084 32.9300 -3.7000 -1.9329 3.6376 -3.9208 -1.8010 11.3498 -8.8280 13.0701 26.8729 0.3430 6.1225 -3.2885 -1.0417 3.7491 7.0530 -6.7437 0.1057 -0.3309 0.1369 0.5113 -11.3247 -3.9385 -0.3145 -11.1231 4.1897 10.6819 13.0419 -8.4390 -28.3152 -51.6103 -8.5644 0.6065 -0.8095 -122.6595 39.7803 6.5841 3.7260 -15.6673 10.9211 15.1370 -61.0874 1.2940 1.2058 13.9500 8.3177 -4.4106 81.5956 10.6733 -3.9927 4.8660 5.4672 149.1384 -101.6895 39.8201 -38.2646 15.0121 8.3290 -16.3806 49.9386 -4.7676 -4.0228 -4.9562 -80.4514 37.0656 -172.3749 70.7192 -174.5906 -4.2850 -7.4949 13.6368 1.7628 -1.5947 -2.5528 169.6621 -10.8075 172.9830 176.2214 1.9300 -176.5342 37.1906 -3.4268 56.7987 -0.3400 4.2088 -0.2232
-69.2170 14.9606 28.8611 65.4392 32.9529 37.9730 -4.7753 33.0612 -3.6547 -1.9304 3.6486 -3.8778 -1.7497 11.3493 -8.8137 13.0001 26.8053 0.3809 6.1959 -3.2728 -1.0040 3.7436 6.8192 -6.6746 0.1090 -0.3270 0.1366 0.4914 -11.3426 -3.9391 -0.2880 -11.1558 4.1875 10.7724 13.0193 -8.2370 -28.3854 -51.5598 -8.8070 0.7253 -0.8509 -122.5416 39.8272 6.7098 3.6057 -15.7155 10.9126 15.1404 -61.0867 1.2509 1.1895 13.8863 8.3433 -4.4958 81.5043 10.7834 -3.9985 4.9293 5.4802 149.2493 -102.0127 39.8402 -38.2951 15.0641 8.2986 -16.3773 50.0514 -4.7296 -3.9998 -4.0233 -80.3227 36.0954 -172.5574 70.6743 -174.8050 -4.4039 -7.5352 13.4627 1.7523 -1.5836 -2.5537 169.5679 -10.8424 173.1252 176.2713 1.8280 -176.5485 37.2077 -3.3637 56.6548 -0.3689 4.2971 -0.2445
-69.1800 14.9419 28.8667 65.3849 32.8572 37.8468 -4.7695 33.1644 -3.6265 -1.8828 3.6581 -3.8443 -1.7493 11.3511 -8.8255 12.9617 26.8118 0.4286 6.2120 -3.2467 -1.0334 3.7850 6.6281 -6.5434 0.0987 -0.3242 0.1263 0.4538 -11.3519 -3.9446 -0.2710 -11.1817 4.1776 10.8315 13.0441 -8.0557 -28.3213 -51.5254 -9.1643 0.8003 -0.8892 -122.3819 39.8488 6.8846 3.5256 -15.7420 10.9455 15.1598 -61.1459 1.2050 1.1614 13.8654 8.4180 -4.5485 81.4113 10.8472 -4.0198 4.9316 5.5191 149.2699 -102.3409 39.8680 -38.4045 15.1441 8.2409 -16.3547 50.1109 -4.6916 -3.9432 -3.1765 -80.1872 35.1531 -172.7186 70.6507 -174.9909 -4.5158 -7.5798 13.2873 1.7387 -1.5573 -2.5585 169.5061 -10.8663 173.1908 176.2858 1.7780 -176.5590 37.2636 -3.4095 56.4561 -0.3953 4.4473 -0.2596
-69.2066 14.8775 28.8494 65.4037 32.8186 37.8150 -4.7309 33.2152 -3.6250 -1.8807 3.6259 -3.7717 -1.7661 11.3542 -8.8171 12.8833 26.8360 0.4364 6.2676 -3.2150 -1.0724 3.8160 6.4950 -6.4739 0.0871 -0.3205 0.1071 0.4122 -11.3659 -3.9573 -0.2516 -11.1990 4.1567 10.9516 13.0260 -7.8728 -28.3293 -51.4812 -9.4965 0.8708 -0.9200 -122.2829 39.7767 7.1401 3.5445 -15.7831 10.9571 15.1550 -61.1742 1.1448 1.1323 13.7771 8.4862 -4.6411 81.3917 10.8836 -3.9587 4.8758 5.5312 149.2779 -102.7100 39.9227 -38.6837 15.2045 8.2033 -16.3916 50.1295 -4.6821 -3.9490 -2.9567 -80.1531 34.8036 -172.8888 70.5811 -175.1410 -4.6551 -7.7089 13.1631 1.7293 -1.5766 -2.5620 169.4082 -10.7847 173.2003 176.3202 1.7078 -176.5970 37.2827 -3.3434 56.2725 -0.4096 4.5605 -0.2701
-69.2627 14.8790 28.8582 65.4395 32.7705 37.8076 -4.7094 33.2478 -3.6191 -1.8681 3.6084 -3.7832 -1.8353 11.3383 -8.7907 12.7835 26.8585 0.4003 6.2774 -3.1862 -1.1342 3.8973 6.4400 -6.4061 0.0750 -0.3153 0.0901 0.3774 -11.3586 -3.9649 -0.2416 -11.1967 4.1372 11.0308 12.9919 -7.7774 -28.2561 -51.3986 -9.8139 0.9464 -0.9110 -122.1773 39.6324 7.3902 3.5998 -15.7752 10.9570 15.1419 -61.0948 1.1427 1.1368 13.7267 8.5713 -4.6716 81.3646 10.8451 -3.9906 4.8883 5.5599 149.2835 -103.0468 39.8796 -39.0769 15.3377 8.1383 -16.3740 50.1387 -4.6836 -4.0039 -2.8636 -80.1258 34.5919 -172.9790 70.5325 -175.2002 -4.8128 -7.8439 13.0683 1.7446 -1.5760 -2.5501 169.3825 -10.7049 173.1064 176.3617 1.7142 -176.6353 37.3824 -3.3088 56.2194 -0.4043 4.5943 -0.2471
-69.2922 14.8543 28.8809 65.5323 32.7625 37.8842 -4.6961 33.2186 -3.6352 -1.8578 3.5807 -3.7658 -1.9068 11.2997 -8.8004 12.6189 26.8089 0.3165 6.2891 -3.1598 -1.1875 3.9795 6.4676 -6.3884 0.0756 -0.3088 0.0811 0.3671 -11.3207 -3.9579 -0.2296 -11.1500 4.1143 11.1226 12.8628 -7.7134 -28.2345 -51.3013 -10.1182 1.0062 -0.8848 -122.0490 39.4305 7.5994 3.6527 -15.7882 10.9188 15.1358 -61.0825 1.1434 1.1965 13.6744 8.6223 -4.6764 81.2700 10.7736 -4.0878 4.8802 5.5302 149.2268 -103.2741 39.8136 -39.4063 15.4072 8.1126 -16.3755 50.1816 -4.7032 -4.0494 -3.2820 -80.2038 34.9328 -173.0158 70.4524 -175.2183 -4.9308 -7.9393 13.0193 1.7595 -1.6200 -2.5278 169.3733 -10.4971 172.9561 176.3732 1.7183 -176.6753 37.5619 -3.3278 56.1972 -0.3980 4.6159 -0.2224
-69.2747 14.8300 28.8413 65.6181 32.7475 38.0014 -4.6841 33.1651 -3.6628 -1.8598 3.5549 -3.7944 -2.0041 11.2503 -8.8001 12.4540 26.7973 0.1985 6.2675 -3.1538 -1.1992 4.0384 6.5656 -6.3900 0.0875 -0.2985 0.0848 0.3672 -11.2613 -3.9412 -0.2050 -11.0926 4.1015 11.2480 12.7441 -7.7018 -28.3347 -51.3215 -10.2039 0.9960 -0.8614 -121.9259 39.1280 7.5896 3.6357 -15.7454 10.8848 15.1403 -61.0205 1.1610 1.2656 13.6682 8.6547 -4.6741 81.1556 10.7181 -4.0758 4.8934 5.5644 149.1055 -103.6218 39.6389 -39.8435 15.4575 8.1128 -16.3479 50.2488 -4.7126 -4.1278 -3.6773 -80.2908 35.2490 -173.0126 70.4352 -175.1963 -5.1096 -8.0388 13.0392 1.7730 -1.6144 -2.5084 169.4273 -10.2790 172.7609 176.4088 1.7492 -176.7039 37.7979 -3.3600 56.2290 -0.3681 4.5650 -0.1956
-69.3154 14.8052 28.8183 65.7007 32.7531 38.1147 -4.7242 33.1091 -3.6784 -1.8578 3.5394 -3.8221 -2.0736 11.1773 -8.8450 12.3114 26.7637 0.1506 6.2646 -3.1593 -1.2044 4.1110 6.6928 -6.3424 0.1036 -0.2902 0.0997 0.3788 -11.1872 -3.9115 -0.1830 -11.0142 4.0999 11.3919 12.6184 -7.6851 -28.4702 -51.2821 -10.2591 1.0380 -0.8072 -121.8297 38.7247 7.5422 3.6713 -15.6658 10.8480 15.1396 -60.9535 1.1981 1.3294 13.7357 8.7229 -4.5811 80.9266 10.6073 -4.1420 4.9097 5.5911 148.9738 -103.8367 39.4043 -40.2155 15.4738 8.1473 -16.3085 50.2731 -4.7315 -4.2284 -4.0555 -80.3612 35.5866 -172.9210 70.4488 -175.1201 -5.2591 -8.1461 13.1210 1.7760 -1.6310 -2.4897 169.4881 -10.0325 172.5811 176.4095 1.7777 -176.7244 38.0136 -3.4686 56.3434 -0.3384 4.5063 -0.1726
-69.3441 14.8030 28.7859 65.7215 32.7967 38.1797 -4.7722 33.0478 -3.6998 -1.8944 3.5148 -3.8426 -2.0907 11.1156 -8.8606 12.2027 26.7434 0.1367 6.2278 -3.1801 -1.1568 4.1387 6.7571 -6.3337 0.1303 -0.2828 0.1294 0.4040 -11.0846 -3.8652 -0.1537 -10.9223 4.1046 11.5184 12.4537 -7.6717 -28.6020 -51.1439 -10.3068 1.0776 -0.8260 -121.6966 38.3269 7.3839 3.6316 -15.6076 10.8486 15.1535 -60.9906 1.2188 1.3267 13.7622 8.7859 -4.4522 80.7358 10.4370 -4.3372 5.0223 5.6644 148.8652 -104.0406 39.0927 -40.7203 15.5819 8.2390 -16.2548 50.3957 -4.7294 -4.3540 -4.0209 -80.4132 35.5118 -172.7768 70.4503 -174.9980 -5.4171 -8.2536 13.3004 1.7648 -1.6357 -2.4959 169.5039 -9.8375 172.4131 176.3874 1.8398 -176.7403 38.1590 -3.4928 56.5490 -0.3023 4.4742 -0.1492
-69.3616 14.7771 28.7776 65.7710 32.8150 38.2320 -4.8208 33.0035 -3.7029 -1.9370 3.4946 -3.8632 -2.0546 11.0530 -8.8445 12.1039 26.7297 0.1592 6.2238 -3.2159 -1.1269 4.1031 6.7408 -6.3888 0.1575 -0.2784 0.1646 0.4466 -11.0094 -3.8330 -0.1403 -10.8697 4.1322 11.6222 12.3065 -7.6499 -28.7234 -50.9952 -10.4089 1.1316 -0.8972 -121.5631 37.9719 7.3050 3.5767 -15.6125 10.8048 15.1301 -61.0400 1.2663 1.2966 13.7793 8.8308 -4.4112 80.6137 10.2809 -4.5119 5.1143 5.7340 148.7450 -104.3387 38.8413 -41.2761 15.6348 8.3444 -16.2002 50.4885 -4.7203 -4.3996 -3.8261 -80.4181 35.2576 -172.7173 70.4492 -174.9388 -5.5381 -8.3456 13.5574 1.7384 -1.6496 -2.5155 169.4778 -9.6086 172.3322 176.3371 1.8366 -176.7637 38.1942 -3.5460 56.7674 -0.2662 4.4578 -0.1267
-69.3869 14.7099 28.8108 65.7905 32.8596 38.2311 -4.9015 32.9726 -3.6614 -1.9112 3.4822 -3.8630 -2.0268 10.9354 -8.8446 12.0514 26.7242 0.1740 6.2028 -3.2503 -1.1160 4.0244 6.7017 -6.4077 0.1742 -0.2814 0.1947 0.4820 -10.9418 -3.8045 -0.1423 -10.8196 4.1609 11.7459 12.1800 -7.5846 -29.0081 -50.7983 -10.4631 1.1668 -0.9259 -121.4676 37.6868 7.2353 3.4985 -15.5402 10.8694 15.2005 -61.0318 1.3195 1.2426 13.7700 8.8633 -4.4245 80.5237 10.1928 -4.6113 5.1553 5.7354 148.5957 -104.6601 38.7674 -41.7045 15.6866 8.4201 -16.1484 50.5262 -4.6994 -4.4015 -3.4315 -80.4011 34.8071 -172.7769 70.4021 -174.9903 -5.7346 -8.4737 13.7901 1.7136 -1.5705 -2.5386 169.4678 -9.3919 172.2662 176.3172 1.7882 -176.7960 38.2104 -3.5456 57.0840 -0.2553 4.5518 -0.1132
-69.4264 14.6693 28.8373 65.7751 32.9210 38.1701 -4.9152 32.9190 -3.6171 -1.9179 3.4558 -3.7988 -1.9945 10.8191 -8.8329 11.8892 26.7754 0.0861 6.2290 -3.2821 -1.1211 3.9237 6.7075 -6.4011 0.1720 -0.2908 0.1984 0.4983 -10.9481 -3.8088 -0.1633 -10.8376 4.1748 11.8473 12.0852 -7.4617 -29.4059 -50.7533 -10.5134 1.0728 -0.9841 -121.3449 37.5585 7.1988 3.4172 -15.5228 10.9295 15.2207 -61.1388 1.3410 1.1516 13.7008 8.8793 -4.5373 80.4952 10.1830 -4.6176 5.1674 5.7483 148.4600 -105.0583 38.7653 -42.1376 15.6732 8.4844 -16.1358 50.5666 -4.6828 -4.4187 -2.9234 -80.3576 34.2996 -172.9324 70.2840 -175.1214 -5.9698 -8.5823 13.9858 1.7007 -1.5476 -2.5622 169.4229 -9.1821 172.2869 176.3031 1.7149 -176.8221 38.2308 -3.4706 57.3175 -0.2556 4.7237 -0.1161
-69.4253 14.6239 28.8655 65.7320 32.9971 38.0566 -4.8950 32.8948 -3.5474 -1.9294 3.4396 -3.7292 -1.9641 10.6466 -8.8330 11.6868 26.8843 0.0236 6.3251 -3.2996 -1.1355 3.8055 6.7421 -6.3669 0.1555 -0.2990 0.1823 0.4943 -10.9875 -3.8334 -0.1933 -10.8777 4.1742 11.9459 12.0175 -7.2749 -29.9270 -50.7512 -10.4672 0.9134 -1.0844 -121.2832 37.4788 7.2666 3.3909 -15.4723 10.9795 15.2380 -61.1701 1.3299 1.0913 13.7098 8.8611 -4.6478 80.4312 10.2783 -4.4491 5.1123 5.7159 148.3217 -105.5646 38.9153 -42.4361 15.6053 8.4834 -16.1105 50.5644 -4.6884 -4.3580 -2.3229 -80.3183 33.7202 -173.2597 70.0922 -175.4270 -6.2650 -8.7007 14.0795 1.7041 -1.5517 -2.5609 169.3526 -8.9863 172.3136 176.3170 1.5977 -176.8410 38.2469 -3.3016 57.5307 -0.2767 4.8626 -0.1352
-69.4408 14.5812 28.8888 65.5687 33.0553 37.8667 -4.8029 32.8712 -3.4742 -1.9596 3.4305 -3.6591 -1.9106 10.5228 -8.8386 11.4711 26.9847 -0.0252 6.4465 -3.2836 -1.1084 3.7184 6.8679 -6.3214 0.1369 -0.3045 0.1551 0.4834 -11.0446 -3.8609 -0.2206 -10.9238 4.1540 12.0523 11.9886 -7.0411 -30.5253 -50.8555 -10.2577 0.7176 -1.2657 -121.2045 37.4527 7.2702 3.3230 -15.4280 10.9627 15.2124 -61.1799 1.2869 1.0356 13.7424 8.9328 -4.6732 80.3388 10.2318 -4.3972 5.1534 5.6727 148.2529 -105.9816 39.1175 -42.6908 15.6122 8.4747 -16.1113 50.7154 -4.6848 -4.2660 -1.4514 -80.2752 32.9273 -173.5956 69.8378 -175.7528 -6.5225 -8.7913 14.0678 1.7155 -1.6218 -2.5508 169.2543 -8.8302 172.3802 176.3446 1.4856 -176.8298 38.2785 -3.0675 57.6052 -0.3106 4.9148 -0.1571
-69.4224 14.5267 28.9386 65.3410 33.1620 37.6188 -4.7074 32.8175 -3.3815 -1.9608 3.4066 -3.6154 -1.8728 10.4415 -8.8554 11.2074 27.2286 -0.0535 6.6024 -3.2499 -1.0283 3.7342 7.0423 -6.2373 0.1150 -0.3022 0.1172 0.4487 -11.1429 -3.8962 -0.2314 -10.9944 4.1224 12.2026 11.9695 -6.7474 -31.1678 -50.8829 -9.9125 0.5299 -1.3906 -121.1420 37.5811 7.2666 3.3677 -15.4161 10.8864 15.1342 -61.1759 1.2310 0.9853 13.7409 9.1296 -4.6842 80.2152 10.0379 -4.2379 5.2095 5.6473 148.1618 -106.2429 39.3408 -42.7280 15.6314 8.4310 -16.1550 50.8053 -4.6757 -4.2147 -0.3731 -80.2666 32.0379 -173.9539 69.4959 -176.1161 -6.8011 -8.8473 13.9403 1.7284 -1.7390 -2.5108 169.1685 -8.7773 172.3013 176.3998 1.4102 -176.8604 38.3284 -2.7481 57.7947 -0.3486 4.7888 -0.1574
-69.4029 14.4628 29.0502 64.9895 33.3069 37.3655 -4.5979 32.7156 -3.3472 -1.9719 3.3642 -3.5897 -1.8103 10.4209 -8.8527 10.8462 27.5586 -0.1422 6.7289 -3.2177 -0.9261 3.7874 7.1894 -6.1780 0.0916 -0.2941 0.0751 0.4167 -11.2809 -3.9373 -0.2478 -11.0951 4.0869 12.4072 11.8619 -6.3969 -31.8121 -50.7085 -9.4402 0.4695 -1.5068 -121.0841 37.8298 7.1863 3.4750 -15.4182 10.7782 15.0418 -61.1039 1.1822 0.9795 13.7093 9.4444 -4.5875 80.0700 9.6797 -4.0845 5.3025 5.5965 148.0730 -106.4934 39.5184 -42.8248 15.7784 8.3686 -16.1818 50.9512 -4.6449 -4.1809 0.9736 -80.3314 30.9994 -174.1509 69.1503 -176.3324 -7.0829 -8.9055 13.8125 1.7156 -1.8213 -2.4822 168.9631 -8.7128 172.1783 176.3642 1.3062 -176.8858 38.4136 -2.4283 58.0713 -0.3702 4.5608 -0.1504
-69.3836 14.4265 29.2155 64.4532 33.5809 37.0413 -4.5561 32.5716 -3.4090 -1.9764 3.3021 -3.5997 -1.7743 10.4901 -8.7914 10.5834 27.8249 -0.1470 6.6169 -3.2297 -0.9802 3.8809 7.2241 -5.9942 0.0655 -0.2970 0.0309 0.3917 -11.4376 -3.9775 -0.2779 -11.1944 4.0438 12.6555 11.6502 -5.9143 -32.2759 -50.2741 -8.9448 0.5854 -1.2845 -121.0637 38.0537 6.8010 3.5167 -15.4987 10.6690 15.0257 -60.9509 1.1217 1.0278 13.6549 9.8218 -4.3537 79.8220 9.2060 -3.9655 5.4105 5.5523 148.0056 -106.4021 39.6629 -42.4834 15.9315 8.3158 -16.2192 51.0235 -4.6114 -4.1074 3.0412 -80.4691 29.4548 -174.1885 68.7487 -176.3894 -7.4116 -9.1275 13.6928 1.6731 -1.7154 -2.5119 168.6508 -8.6209 172.1267 176.2973 1.2079 -176.8454 38.8126 -2.2113 58.5460 -0.3716 4.1509 -0.1751
