HIERARCHY
ROOT Hips
{
	OFFSET 0.0000 0.0000 0.0000
	CHANNELS 6 Xposition Yposition Zposition Zrotation Xrotation Yrotation
	JOINT Spine1
	{
		OFFSET -0.0137 5.0038 -0.0537
		CHANNELS 3 Zrotation Xrotation Yrotation
		JOINT Spine2
		{
			OFFSET -0.0000 7.1253 -0.0298
			CHANNELS 3 Zrotation Xrotation Yrotation
			JOINT Chest
			{
				OFFSET -0.0000 7.5501 -0.8160
				CHANNELS 3 Zrotation Xrotation Yrotation
				JOINT Neck1
				{
					OFFSET -0.1817 26.3113 -0.5533
					CHANNELS 3 Zrotation Xrotation Yrotation
					JOINT Neck2
					{
						OFFSET -0.0000 7.7094 2.3026
						CHANNELS 3 Zrotation Xrotation Yrotation
						JOINT Head
						{
							OFFSET -0.0000 6.1289 1.9537
							CHANNELS 3 Zrotation Xrotation Yrotation
							JOINT Jaw
							{
								OFFSET 0.0026 0.4756 3.0949
								CHANNELS 3 Zrotation Xrotation Yrotation
								End Site
								{
									OFFSET 0.0 1.0 0.0
								}
							}
							JOINT LeftEye
							{
								OFFSET 3.2064 5.3802 7.5869
								CHANNELS 3 Zrotation Xrotation Yrotation
								End Site
								{
									OFFSET 0.0 1.0 0.0
								}
							}
							JOINT RightEye
							{
								OFFSET -3.2224 5.3619 7.5582
								CHANNELS 3 Zrotation Xrotation Yrotation
								End Site
								{
									OFFSET 0.0 1.0 0.0
								}
							}
						}
					}
				}
				JOINT LeftShoulder
				{
					OFFSET 1.6217 23.2372 5.1134
					CHANNELS 3 Zrotation Xrotation Yrotation
					JOINT LeftArm
					{
						OFFSET 14.9198 0.0000 -5.5023
						CHANNELS 3 Zrotation Xrotation Yrotation
						JOINT LeftForeArm
						{
							OFFSET 28.7393 0.0000 -0.0026
							CHANNELS 3 Zrotation Xrotation Yrotation
							JOINT LeftHand
							{
								OFFSET 27.0940 -0.0000 0.0026
								CHANNELS 3 Zrotation Xrotation Yrotation
								JOINT LeftHandThumbEnd
								{
									OFFSET 12.2686 -3.2202 4.8331
									CHANNELS 3 Zrotation Xrotation Yrotation
									End Site
									{
										OFFSET 0.0 1.0 0.0
									}
								}
								JOINT LeftHandMiddleEnd
								{
									OFFSET 19.0120 -0.3129 -0.0340
									CHANNELS 3 Zrotation Xrotation Yrotation
									End Site
									{
										OFFSET 0.0 1.0 0.0
									}
								}
							}
						}
					}
				}
				JOINT RightShoulder
				{
					OFFSET -1.3801 23.1803 5.2142
					CHANNELS 3 Zrotation Xrotation Yrotation
					JOINT RightArm
					{
						OFFSET -15.0372 0.0000 -5.5456
						CHANNELS 3 Zrotation Xrotation Yrotation
						JOINT RightForeArm
						{
							OFFSET -28.7366 0.0000 -0.0026
							CHANNELS 3 Zrotation Xrotation Yrotation
							JOINT RightHand
							{
								OFFSET -27.1336 -0.0000 0.0026
								CHANNELS 3 Zrotation Xrotation Yrotation
								JOINT RightHandThumbEnd
								{
									OFFSET -12.2642 -3.2115 4.8040
									CHANNELS 3 Zrotation Xrotation Yrotation
									End Site
									{
										OFFSET 0.0 1.0 0.0
									}
								}
								JOINT RightHandMiddleEnd
								{
									OFFSET -19.0006 -0.3066 -0.0316
									CHANNELS 3 Zrotation Xrotation Yrotation
									End Site
									{
										OFFSET 0.0 1.0 0.0
									}
								}
							}
						}
					}
				}
			}
		}
	}
	JOINT LeftLeg
	{
		OFFSET 10.0432 -8.4345 2.5957
		CHANNELS 3 Zrotation Xrotation Yrotation
		JOINT LeftShin
		{
			OFFSET -0.0000 -43.2218 -0.8029
			CHANNELS 3 Zrotation Xrotation Yrotation
			JOINT LeftFoot
			{
				OFFSET 0.0000 -42.1551 -3.4815
				CHANNELS 3 Zrotation Xrotation Yrotation
				JOINT LeftToeBase
				{
					OFFSET 0.0000 -5.0595 13.2315
					CHANNELS 3 Zrotation Xrotation Yrotation
					End Site
					{
						OFFSET 0.0 1.0 0.0
					}
				}
			}
		}
	}
	JOINT RightLeg
	{
		OFFSET -10.0473 -8.2953 2.6203
		CHANNELS 3 Zrotation Xrotation Yrotation
		JOINT RightShin
		{
			OFFSET 0.0000 -43.3622 -0.8056
			CHANNELS 3 Zrotation Xrotation Yrotation
			JOINT RightFoot
			{
				OFFSET 0.0000 -42.1174 -3.4784
				CHANNELS 3 Zrotation Xrotation Yrotation
				JOINT RightToeBase
				{
					OFFSET -0.0000 -5.0796 13.2842
					CHANNELS 3 Zrotation Xrotation Yrotation
					End Site
					{
						OFFSET 0.0 1.0 0.0
					}
				}
			}
		}
	}
}
MOTION
Frames: 300
Frame Time: 0.033333
-0.6132 99.5492 0.6642 -0.2571 1.7698 0.2804 0.3101 -3.6492 -0.0887 -0.4706 -6.0254 -0.0815 -0.7759 12.9727 -2.3192 1.4965 9.6809 2.4602 -1.0103 -3.4962 -0.9470 -0.6485 -0.0674 -1.4399 0.0214 -0.0111 -0.0366 0.7877 -10.3751 -3.8697 -0.7440 -10.3885 3.7927 -25.5867 11.7285 -12.6003 -54.4499 -13.1145 9.3787 0.6395 -0.4762 -34.1838 172.6672 -60.3990 179.2613 -14.4335 10.4089 13.4951 -61.7489 1.3545 1.7719 28.2486 9.2357 16.1959 41.1350 18.4154 19.6557 -0.4637 0.4495 38.9652 -12.5468 23.8330 -2.2829 16.3617 7.3514 -16.5322 50.2217 -3.6009 -5.6487 9.5653 -4.1655 7.9288 0.0231 1.6396 0.0316 -10.9948 3.3154 5.2293 1.6821 -0.7205 -2.1189 -8.0938 -4.0442 -6.7078 0.0443 1.8215 -0.0157 9.8368 -0.6342 -6.3418 -1.4285 -1.5415 1.0376
-0.6204 99.5642 0.7005 -0.2808 1.7924 0.2589 0.3017 -3.6409 -0.0961 -0.4737 -5.9959 0.0147 -0.7588 12.9249 -2.4022 1.5318 9.5595 2.4442 -0.9992 -3.4936 -0.9362 -0.6306 -0.0581 -1.4601 0.0166 -0.0186 -0.0263 0.7827 -10.3735 -3.8576 -0.7484 -10.3881 3.8018 -25.5561 11.7689 -12.6371 -54.3503 -13.2101 9.3681 0.5369 -0.5433 -34.1351 172.5917 -60.4132 179.2568 -14.5000 10.4208 13.4756 -61.6705 1.3530 1.8580 28.2170 9.2941 16.2049 41.1512 18.1536 19.5494 -0.4647 0.4245 38.8433 -12.4959 23.6150 -2.1328 16.3652 7.3722 -16.5476 50.3811 -3.5227 -5.6114 9.6065 -4.1636 7.9493 0.0051 1.6114 0.0022 -11.0799 3.2932 5.1898 1.6830 -0.7177 -2.1217 -8.0577 -4.0344 -6.6840 0.0338 1.7935 0.0033 9.7378 -0.7199 -6.3534 -1.4352 -1.5652 1.0337
-0.6315 99.5629 0.7131 -0.2881 1.8022 0.2324 0.2978 -3.6298 -0.1115 -0.4805 -5.9796 0.0671 -0.7488 12.9059 -2.4340 1.5859 9.4446 2.4222 -0.9990 -3.5220 -0.9147 -0.6296 0.0259 -1.4830 0.0144 -0.0256 -0.0181 0.7783 -10.3888 -3.8468 -0.7483 -10.4026 3.8078 -25.4950 11.7868 -12.6929 -54.2476 -13.2484 9.2885 0.4878 -0.5902 -34.0379 172.5498 -60.3824 179.2771 -14.5221 10.3944 13.4070 -61.6327 1.3341 1.8593 28.1817 9.3317 16.2037 41.1783 18.0142 19.4964 -0.5028 0.4228 38.7732 -12.4917 23.5351 -2.0949 16.3731 7.3871 -16.5461 50.4506 -3.4716 -5.6129 9.6325 -4.1534 7.9782 -0.0004 1.6133 -0.0098 -11.1258 3.2907 5.1348 1.6866 -0.6636 -2.1217 -8.0592 -4.0308 -6.6569 0.0294 1.7902 0.0096 9.7244 -0.7505 -6.3573 -1.4386 -1.5303 1.0380
-0.6320 99.5578 0.7396 -0.2857 1.8097 0.2099 0.2893 -3.6102 -0.1353 -0.4826 -5.9759 0.0766 -0.7447 12.9003 -2.4184 1.6091 9.3493 2.4009 -0.9871 -3.5511 -0.8954 -0.6322 0.0542 -1.4936 0.0126 -0.0318 -0.0105 0.7756 -10.4085 -3.8378 -0.7490 -10.4236 3.8129 -25.4279 11.7956 -12.7579 -54.1221 -13.2026 9.0631 0.5178 -0.5995 -33.9414 172.5117 -60.2128 179.3578 -14.4918 10.3993 13.3296 -61.6030 1.3365 1.8077 28.1481 9.3528 16.1966 41.2194 17.9232 19.4743 -0.5813 0.4545 38.7555 -12.4322 23.5988 -2.1197 16.3216 7.3807 -16.5188 50.3879 -3.4516 -5.6153 9.6432 -4.1479 7.9981 0.0036 1.6266 -0.0147 -11.1520 3.2848 5.0954 1.6882 -0.6271 -2.1187 -8.0747 -4.0301 -6.6170 0.0249 1.8049 0.0064 9.7532 -0.7711 -6.3467 -1.4394 -1.4931 1.0309
-0.6268 99.5567 0.7536 -0.2862 1.8189 0.2055 0.2757 -3.5939 -0.1239 -0.4786 -5.9773 0.0484 -0.7560 12.9006 -2.4143 1.6400 9.2242 2.3889 -0.9710 -3.5667 -0.8430 -0.6357 0.0700 -1.5177 0.0112 -0.0346 0.0019 0.7772 -10.4152 -3.8244 -0.7531 -10.4352 3.8245 -25.3832 11.7889 -12.8062 -54.0221 -13.2264 8.9292 0.5183 -0.5898 -33.8653 172.5388 -59.9686 179.3853 -14.4787 10.3858 13.2815 -61.6396 1.3282 1.7828 28.1346 9.3503 16.1859 41.2355 17.9090 19.4908 -0.6428 0.5077 38.7712 -12.4071 23.7275 -2.1749 16.3049 7.3799 -16.4961 50.3603 -3.4394 -5.6239 9.6399 -4.1530 8.0195 0.0091 1.6551 -0.0207 -11.1536 3.2964 5.0696 1.6884 -0.6071 -2.1169 -8.0882 -4.0270 -6.5739 0.0240 1.8149 -0.0076 9.8244 -0.7661 -6.3371 -1.4410 -1.4500 1.0308
-0.6157 99.5510 0.7604 -0.2917 1.8287 0.1739 0.2661 -3.5825 -0.1211 -0.4712 -5.9752 0.0250 -0.7681 12.8910 -2.4123 1.6530 9.1245 2.3604 -0.9482 -3.5717 -0.7537 -0.6476 0.0871 -1.5000 0.0102 -0.0333 0.0063 0.7811 -10.4196 -3.8187 -0.7589 -10.4436 3.8280 -25.3537 11.7718 -12.8516 -53.9809 -13.2317 8.8148 0.5665 -0.5523 -33.7813 172.5889 -59.6314 179.3510 -14.5055 10.3711 13.2405 -61.7483 1.3218 1.7734 28.1334 9.3532 16.1762 41.2298 17.9303 19.5238 -0.7100 0.5225 38.8071 -12.4107 23.8514 -2.2526 16.3237 7.3850 -16.5083 50.3783 -3.4499 -5.6351 9.6404 -4.1497 8.0457 0.0155 1.6648 -0.0134 -11.1462 3.3146 5.0454 1.6886 -0.5835 -2.1168 -8.0868 -4.0189 -6.5621 0.0263 1.7965 0.0025 9.8835 -0.7535 -6.3127 -1.4403 -1.4001 1.0294
-0.5826 99.5459 0.7804 -0.2994 1.8379 0.1548 0.2554 -3.5722 -0.1312 -0.4618 -5.9633 0.0256 -0.7790 12.8647 -2.4219 1.6508 9.0454 2.3455 -0.9288 -3.5739 -0.6710 -0.6542 0.0832 -1.4288 0.0112 -0.0325 0.0038 0.7847 -10.4208 -3.8218 -0.7604 -10.4487 3.8252 -25.3442 11.7525 -12.8939 -53.9576 -13.2461 8.7434 0.6279 -0.5111 -33.7028 172.6016 -59.3778 179.3249 -14.5337 10.3621 13.2201 -61.8121 1.3250 1.7860 28.1528 9.3374 16.1783 41.2484 17.9376 19.5254 -0.7773 0.5552 38.8266 -12.4196 23.9442 -2.3110 16.3330 7.3880 -16.5130 50.3878 -3.4549 -5.6378 9.6436 -4.1623 8.0832 0.0221 1.6910 -0.0123 -11.1533 3.3201 5.0367 1.6877 -0.5690 -2.1131 -8.0916 -4.0149 -6.5701 0.0329 1.7840 0.0158 9.9219 -0.7374 -6.2772 -1.4403 -1.3970 1.0245
-0.5723 99.5421 0.8111 -0.2990 1.8417 0.1374 0.2414 -3.5739 -0.1313 -0.4574 -5.9565 0.0311 -0.7919 12.8577 -2.4479 1.6601 8.9950 2.3476 -0.9149 -3.5754 -0.6024 -0.6687 0.0992 -1.3599 0.0110 -0.0275 0.0028 0.7877 -10.4294 -3.8237 -0.7637 -10.4583 3.8250 -25.3491 11.7539 -12.9264 -53.9490 -13.2578 8.6629 0.6771 -0.4909 -33.6060 172.5040 -59.2098 179.4265 -14.5361 10.3713 13.2012 -61.8624 1.3247 1.7866 28.1946 9.3406 16.2039 41.2350 17.9547 19.5426 -0.8059 0.5477 38.8217 -12.4527 24.0448 -2.3600 16.3639 7.3855 -16.5157 50.3949 -3.4645 -5.6664 9.6389 -4.1593 8.1289 0.0194 1.6982 -0.0163 -11.1589 3.3243 5.0376 1.6871 -0.5562 -2.1176 -8.1049 -4.0051 -6.5974 0.0350 1.7664 0.0204 9.9271 -0.7340 -6.2248 -1.4398 -1.4053 1.0164
-0.5359 99.5365 0.8427 -0.2988 1.8332 0.1231 0.2294 -3.5733 -0.1428 -0.4598 -5.9509 0.0286 -0.8055 12.8501 -2.4461 1.6808 8.9707 2.3626 -0.8954 -3.5682 -0.5710 -0.6942 0.0887 -1.2915 0.0089 -0.0209 0.0055 0.7859 -10.4303 -3.8192 -0.7660 -10.4586 3.8269 -25.3704 11.7736 -12.9554 -53.9430 -13.3144 8.6461 0.6760 -0.4892 -33.5134 172.4715 -59.1774 179.5006 -14.5377 10.3518 13.1274 -61.8990 1.3166 1.7382 28.2818 9.3296 16.2097 41.2063 17.9897 19.5504 -0.8088 0.5472 38.7749 -12.4110 24.0128 -2.3376 16.3806 7.3643 -16.5039 50.3396 -3.4880 -5.6865 9.6335 -4.1396 8.1705 0.0201 1.7115 -0.0140 -11.1688 3.2985 5.0165 1.6887 -0.5414 -2.1193 -8.1218 -3.9736 -6.6130 0.0373 1.7486 0.0231 9.9250 -0.7575 -6.2000 -1.4408 -1.4341 1.0064
-0.5070 99.5298 0.8724 -0.2999 1.8103 0.1151 0.2186 -3.5691 -0.1578 -0.4633 -5.9470 0.0253 -0.8128 12.8526 -2.4633 1.6760 8.9647 2.3827 -0.8753 -3.5607 -0.5221 -0.7208 0.0675 -1.2476 0.0067 -0.0191 0.0124 0.7825 -10.4297 -3.8109 -0.7669 -10.4606 3.8328 -25.4093 11.8297 -12.9696 -53.9587 -13.4318 8.7052 0.6417 -0.4952 -33.4540 172.5157 -59.2157 179.4884 -14.5321 10.3497 13.1107 -61.9000 1.3174 1.7132 28.3312 9.3312 16.2263 41.1876 18.0148 19.5608 -0.8028 0.5543 38.7558 -12.3453 23.8919 -2.3014 16.3802 7.3373 -16.4835 50.3091 -3.5078 -5.7060 9.6256 -4.1033 8.2247 0.0218 1.7198 -0.0099 -11.1521 3.2577 4.9898 1.6895 -0.5306 -2.1142 -8.1377 -3.9266 -6.6124 0.0392 1.7419 0.0278 9.9293 -0.7818 -6.1943 -1.4408 -1.4324 1.0010
-0.5060 99.5301 0.9098 -0.2956 1.7791 0.1121 0.2084 -3.5674 -0.1609 -0.4678 -5.9496 -0.0066 -0.8304 12.8768 -2.4537 1.6672 8.9528 2.3852 -0.8601 -3.5543 -0.4657 -0.7470 0.0284 -1.2049 0.0043 -0.0193 0.0198 0.7777 -10.4316 -3.8022 -0.7670 -10.4639 3.8402 -25.4413 11.8923 -12.9776 -53.9998 -13.5479 8.7902 0.5917 -0.4947 -33.4101 172.5440 -59.3207 179.4813 -14.5354 10.3455 13.1166 -61.8805 1.3214 1.7119 28.3798 9.3168 16.2084 41.1744 18.0496 19.5634 -0.7567 0.5420 38.7492 -12.3002 23.8379 -2.2828 16.3607 7.3145 -16.4673 50.2629 -3.5199 -5.7189 9.6178 -4.0595 8.2868 0.0203 1.7277 -0.0091 -11.1247 3.2221 4.9711 1.6909 -0.5301 -2.1129 -8.1605 -3.8748 -6.6168 0.0384 1.7366 0.0361 9.9469 -0.7951 -6.1769 -1.4404 -1.4147 1.0042
-0.4941 99.5234 0.9523 -0.2869 1.7444 0.1045 0.2030 -3.5710 -0.1594 -0.4745 -5.9506 -0.0275 -0.8465 12.8970 -2.4356 1.6507 8.9653 2.3871 -0.8560 -3.5514 -0.4303 -0.7720 -0.0294 -1.1437 0.0022 -0.0175 0.0243 0.7740 -10.4338 -3.7981 -0.7674 -10.4661 3.8460 -25.4749 11.9327 -13.0011 -54.0665 -13.6434 8.9262 0.5474 -0.4879 -33.3925 172.5580 -59.5887 179.4717 -14.5337 10.3612 13.1578 -61.8344 1.3425 1.7213 28.4069 9.3027 16.1556 41.1967 18.0373 19.5556 -0.7004 0.5325 38.7180 -12.2493 23.8558 -2.2668 16.3443 7.2974 -16.4566 50.2160 -3.5207 -5.7097 9.6039 -4.0060 8.3309 0.0219 1.7390 -0.0034 -11.0979 3.1841 4.9732 1.6915 -0.5251 -2.1163 -8.1819 -3.8126 -6.6223 0.0353 1.7300 0.0380 9.9490 -0.7937 -6.1509 -1.4417 -1.3978 1.0088
-0.5068 99.5170 0.9755 -0.2725 1.7141 0.0991 0.1912 -3.5848 -0.1509 -0.4784 -5.9512 -0.0273 -0.8670 12.9245 -2.4431 1.6321 9.0027 2.3977 -0.8554 -3.5598 -0.4021 -0.7751 -0.0853 -1.0885 0.0021 -0.0175 0.0246 0.7736 -10.4399 -3.7987 -0.7673 -10.4721 3.8476 -25.5067 11.9600 -13.0256 -54.1313 -13.7079 9.0602 0.5207 -0.4978 -33.3895 172.5505 -59.8671 179.4418 -14.5631 10.3568 13.1943 -61.7978 1.3487 1.7471 28.4498 9.3050 16.1191 41.2131 18.0867 19.5949 -0.6938 0.5210 38.6886 -12.2570 23.8327 -2.2747 16.3523 7.2897 -16.4650 50.2108 -3.5124 -5.6901 9.5849 -3.9472 8.3320 0.0232 1.7488 -0.0008 -11.0832 3.1635 5.0038 1.6908 -0.5382 -2.1231 -8.2145 -3.7525 -6.6270 0.0327 1.7257 0.0398 9.9524 -0.8157 -6.1291 -1.4413 -1.4080 1.0149
-0.4925 99.5203 1.0005 -0.2538 1.6894 0.0895 0.1758 -3.6126 -0.1328 -0.4839 -5.9605 -0.0269 -0.8775 12.9643 -2.4371 1.5960 9.0496 2.4044 -0.8493 -3.5688 -0.3664 -0.7589 -0.1293 -1.0657 0.0026 -0.0192 0.0210 0.7731 -10.4455 -3.8017 -0.7661 -10.4768 3.8445 -25.5389 11.9586 -13.0344 -54.1818 -13.6994 9.1644 0.5201 -0.5088 -33.4274 172.4641 -60.1934 179.5355 -14.5733 10.3735 13.2293 -61.7474 1.3701 1.7645 28.4935 9.3056 16.0840 41.2428 18.1395 19.6341 -0.6939 0.4985 38.6120 -12.2880 23.8291 -2.3060 16.3268 7.2881 -16.4767 50.1828 -3.4990 -5.6699 9.5601 -3.8957 8.3455 0.0264 1.7571 -0.0002 -11.0709 3.1600 5.0134 1.6915 -0.5524 -2.1285 -8.2506 -3.6955 -6.6049 0.0298 1.7156 0.0404 9.9554 -0.8345 -6.1267 -1.4414 -1.4423 1.0224
-0.4746 99.5262 1.0293 -0.2374 1.6723 0.0657 0.1640 -3.6393 -0.1208 -0.4899 -5.9791 -0.0173 -0.8858 13.0039 -2.4328 1.5421 9.1034 2.4116 -0.8303 -3.5692 -0.3403 -0.7455 -0.1638 -1.0350 0.0032 -0.0206 0.0210 0.7735 -10.4523 -3.8017 -0.7655 -10.4843 3.8454 -25.5526 11.9399 -13.0254 -54.2548 -13.6614 9.2705 0.5309 -0.5193 -33.5064 172.3091 -60.5466 179.7369 -14.5957 10.3754 13.2384 -61.7489 1.3803 1.7771 28.5228 9.2872 16.0624 41.2738 18.2098 19.6480 -0.6675 0.4661 38.5730 -12.3548 23.8831 -2.3716 16.3377 7.2942 -16.4857 50.2067 -3.4860 -5.6419 9.5349 -3.8562 8.3658 0.0247 1.7674 0.0022 -11.0659 3.1608 5.0119 1.6906 -0.5507 -2.1327 -8.2817 -3.6548 -6.5871 0.0307 1.7117 0.0376 9.9648 -0.8481 -6.1454 -1.4404 -1.4700 1.0299
-0.4559 99.5023 1.0651 -0.2217 1.6589 0.0609 0.1530 -3.6557 -0.1422 -0.4875 -5.9738 0.0048 -0.8862 13.0027 -2.4229 1.4775 9.1368 2.4086 -0.8113 -3.5631 -0.3318 -0.7475 -0.1938 -0.9718 0.0020 -0.0235 0.0253 0.7729 -10.4427 -3.7964 -0.7672 -10.4774 3.8495 -25.5776 11.9241 -12.9970 -54.3442 -13.6786 9.4107 0.5166 -0.5237 -33.5447 172.2785 -60.8560 179.8075 -14.5800 10.4099 13.2729 -61.7898 1.3936 1.7642 28.5455 9.2569 16.0340 41.3303 18.3014 19.6878 -0.6837 0.4672 38.5025 -12.3602 23.8667 -2.4117 16.3491 7.2879 -16.4845 50.2239 -3.4823 -5.6249 9.5110 -3.8169 8.3787 0.0307 1.7530 0.0111 -11.0744 3.1592 5.0110 1.6893 -0.5439 -2.1295 -8.3153 -3.6248 -6.5920 0.0354 1.7019 0.0469 9.9715 -0.8475 -6.1612 -1.4394 -1.4609 1.0324
-0.4420 99.5087 1.0454 -0.2114 1.6607 0.0415 0.1476 -3.6571 -0.1226 -0.4836 -5.9863 -0.0146 -0.9016 13.0063 -2.4193 1.4449 9.1592 2.4186 -0.8049 -3.5530 -0.3070 -0.7624 -0.2090 -0.9500 0.0000 -0.0252 0.0387 0.7718 -10.4331 -3.7816 -0.7703 -10.4711 3.8640 -25.6000 11.9147 -12.9865 -54.4301 -13.6971 9.5363 0.5359 -0.5188 -33.5990 172.2450 -60.9915 179.8958 -14.5748 10.4288 13.2916 -61.8521 1.3933 1.7654 28.6008 9.2592 16.0568 41.3207 18.4195 19.7255 -0.6687 0.4655 38.5091 -12.3922 23.7458 -2.4610 16.3525 7.2795 -16.4673 50.2193 -3.4696 -5.6026 9.4847 -3.8037 8.4043 0.0267 1.7520 0.0111 -11.0614 3.1560 5.0207 1.6895 -0.5399 -2.1265 -8.3422 -3.6235 -6.5706 0.0383 1.6961 0.0437 10.0049 -0.8446 -6.1414 -1.4396 -1.4503 1.0366
-0.4129 99.4986 1.0491 -0.2027 1.6726 0.0362 0.1484 -3.6543 -0.1416 -0.4773 -5.9794 -0.0040 -0.9141 12.9896 -2.4172 1.4079 9.1597 2.4337 -0.7977 -3.5516 -0.3042 -0.7724 -0.1985 -0.9203 -0.0025 -0.0272 0.0480 0.7674 -10.4260 -3.7727 -0.7706 -10.4636 3.8736 -25.6133 11.9098 -12.9908 -54.5226 -13.7647 9.6725 0.5531 -0.4966 -33.6402 172.1468 -61.0592 -179.9629 -14.5588 10.4352 13.2785 -61.8915 1.3829 1.7415 28.6219 9.2499 16.0722 41.3508 18.4754 19.7423 -0.6709 0.4929 38.5057 -12.3415 23.5977 -2.4635 16.3635 7.2569 -16.4398 50.1999 -3.4900 -5.5891 9.4580 -3.8084 8.4015 0.0252 1.7435 0.0223 -11.0436 3.1527 5.0589 1.6903 -0.5364 -2.1234 -8.3597 -3.6370 -6.5661 0.0432 1.6855 0.0370 10.0286 -0.8281 -6.1285 -1.4401 -1.4278 1.0274
-0.3923 99.4978 1.0265 -0.1965 1.6805 0.0116 0.1437 -3.6382 -0.1577 -0.4700 -5.9728 -0.0035 -0.9234 12.9792 -2.4079 1.3755 9.1698 2.4482 -0.7852 -3.5551 -0.2742 -0.7845 -0.1378 -0.9035 -0.0014 -0.0292 0.0455 0.7652 -10.4231 -3.7758 -0.7663 -10.4610 3.8719 -25.6232 11.9334 -13.0044 -54.6133 -13.8557 9.8048 0.5850 -0.4778 -33.7052 172.0160 -60.9963 -179.7850 -14.5598 10.4402 13.2283 -61.9569 1.3760 1.7294 28.6190 9.2400 16.1181 41.3840 18.5203 19.7353 -0.6832 0.5160 38.5562 -12.3248 23.5045 -2.4958 16.3789 7.2430 -16.4127 50.1985 -3.5028 -5.5982 9.4356 -3.8082 8.3814 0.0265 1.7364 0.0331 -11.0068 3.1550 5.1178 1.6932 -0.5763 -2.1163 -8.3749 -3.6566 -6.5129 0.0439 1.6894 0.0359 10.0566 -0.7981 -6.1701 -1.4407 -1.4406 1.0221
-0.3632 99.4987 0.9965 -0.1949 1.6986 -0.0168 0.1377 -3.6180 -0.1541 -0.4617 -5.9687 -0.0170 -0.9363 12.9792 -2.4013 1.3760 9.1839 2.4344 -0.7775 -3.5497 -0.2161 -0.8025 -0.0852 -0.8957 0.0013 -0.0295 0.0379 0.7649 -10.4242 -3.7852 -0.7604 -10.4634 3.8654 -25.6199 11.9633 -13.0417 -54.6786 -13.9508 9.9059 0.5994 -0.4523 -33.7666 171.8872 -60.8101 -179.6378 -14.5555 10.4410 13.1928 -61.9923 1.3625 1.7498 28.5896 9.2252 16.1696 41.4473 18.5890 19.7828 -0.7268 0.5260 38.6026 -12.3415 23.4123 -2.5343 16.3951 7.2655 -16.4045 50.2422 -3.5040 -5.6065 9.4174 -3.8314 8.3665 0.0245 1.7371 0.0261 -10.9667 3.1551 5.1899 1.6937 -0.6233 -2.1088 -8.3782 -3.6916 -6.4372 0.0344 1.6934 0.0270 10.0545 -0.7649 -6.2288 -1.4426 -1.4652 1.0239
-0.3490 99.5028 0.9672 -0.2002 1.7211 -0.0172 0.1423 -3.6018 -0.1776 -0.4591 -5.9640 -0.0009 -0.9398 12.9900 -2.4030 1.3991 9.2164 2.4249 -0.7711 -3.5502 -0.2026 -0.8381 -0.0920 -0.8717 0.0043 -0.0292 0.0252 0.7648 -10.4214 -3.7984 -0.7541 -10.4633 3.8513 -25.6073 12.0136 -13.0951 -54.7238 -14.0733 9.9349 0.6302 -0.4418 -33.7896 171.9278 -60.7010 -179.6446 -14.5752 10.4462 13.1986 -61.9995 1.3811 1.7704 28.5527 9.2023 16.1936 41.5370 18.6208 19.8374 -0.8061 0.5522 38.6301 -12.3002 23.2659 -2.5693 16.3800 7.2787 -16.4084 50.2600 -3.5187 -5.6193 9.4145 -3.8641 8.3076 0.0246 1.7364 0.0248 -10.9488 3.1464 5.2495 1.6957 -0.6493 -2.0989 -8.3598 -3.7254 -6.4102 0.0341 1.6798 0.0272 10.0176 -0.7384 -6.3010 -1.4444 -1.4761 1.0118
-0.3488 99.5125 0.9288 -0.2058 1.7299 -0.0276 0.1439 -3.5783 -0.1666 -0.4621 -5.9647 -0.0101 -0.9473 13.0253 -2.4048 1.4429 9.2606 2.4157 -0.7622 -3.5441 -0.1824 -0.8723 -0.0933 -0.8593 0.0065 -0.0271 0.0238 0.7656 -10.4189 -3.7996 -0.7502 -10.4593 3.8486 -25.5890 12.0665 -13.1518 -54.7224 -14.1726 9.9077 0.6574 -0.4478 -33.7967 171.9931 -60.5604 -179.7155 -14.6194 10.4575 13.2675 -62.0304 1.3886 1.8053 28.5413 9.1892 16.2174 41.5693 18.6121 19.8383 -0.8157 0.5547 38.6723 -12.2577 23.1775 -2.6198 16.3552 7.2911 -16.4165 50.2629 -3.5341 -5.6211 9.4168 -3.8903 8.2771 0.0242 1.7377 0.0211 -10.9514 3.1358 5.3154 1.6959 -0.6713 -2.1017 -8.3545 -3.7590 -6.3653 0.0297 1.6871 0.0199 9.9828 -0.7159 -6.3446 -1.4472 -1.4873 1.0092
-0.3493 99.5202 0.8958 -0.2081 1.7436 -0.0300 0.1415 -3.5542 -0.1479 -0.4736 -5.9643 -0.0118 -0.9448 13.0608 -2.4169 1.5025 9.3347 2.4188 -0.7610 -3.5402 -0.1831 -0.8914 -0.0685 -0.8737 0.0080 -0.0237 0.0206 0.7674 -10.4181 -3.8004 -0.7489 -10.4593 3.8422 -25.5756 12.1090 -13.1991 -54.6601 -14.2260 9.8125 0.6807 -0.4710 -33.8096 172.1085 -60.3936 -179.8080 -14.6410 10.4535 13.2960 -62.0539 1.3919 1.8168 28.5437 9.1838 16.2207 41.5626 18.6055 19.8398 -0.8167 0.5524 38.7421 -12.2118 23.2084 -2.6819 16.3473 7.3104 -16.4261 50.2799 -3.5319 -5.6362 9.4145 -3.9194 8.2511 0.0216 1.7254 0.0221 -10.9733 3.1453 5.3497 1.6933 -0.6956 -2.1001 -8.3491 -3.7965 -6.3490 0.0253 1.6773 0.0221 9.9517 -0.7115 -6.3892 -1.4471 -1.4900 1.0097
-0.3464 99.5107 0.8488 -0.2109 1.7580 -0.0199 0.1429 -3.5438 -0.1318 -0.4867 -5.9640 -0.0095 -0.9411 13.1030 -2.4280 1.5591 9.4356 2.4455 -0.7705 -3.5412 -0.2211 -0.8965 -0.0707 -0.8953 0.0091 -0.0184 0.0162 0.7646 -10.4181 -3.8038 -0.7438 -10.4587 3.8367 -25.6011 12.1483 -13.2465 -54.5376 -14.2883 9.6945 0.6663 -0.4738 -33.7932 172.1998 -60.3170 -179.8719 -14.6473 10.4524 13.3116 -62.0193 1.3869 1.8370 28.5736 9.1692 16.2297 41.5436 18.6144 19.8534 -0.8276 0.5605 38.7662 -12.2111 23.3075 -2.7276 16.3583 7.3316 -16.4451 50.3075 -3.5113 -5.6507 9.4142 -3.9518 8.2098 0.0201 1.7185 0.0270 -10.9922 3.1509 5.3591 1.6904 -0.7132 -2.1011 -8.3463 -3.8367 -6.3304 0.0210 1.6869 0.0187 9.9239 -0.7131 -6.4488 -1.4481 -1.5032 1.0120
-0.3345 99.5082 0.8133 -0.2058 1.7633 0.0058 0.1403 -3.5255 -0.1164 -0.4929 -5.9639 -0.0175 -0.9415 13.1506 -2.4177 1.6061 9.5360 2.4536 -0.7927 -3.5476 -0.2440 -0.8809 -0.1210 -0.9318 0.0082 -0.0155 0.0173 0.7635 -10.4186 -3.8004 -0.7448 -10.4584 3.8367 -25.6415 12.1823 -13.2906 -54.3927 -14.3487 9.5857 0.6407 -0.4758 -33.8135 172.3417 -60.3483 -179.9927 -14.6501 10.4351 13.3307 -61.9760 1.3606 1.8512 28.5942 9.1602 16.2303 41.5243 18.5959 19.8403 -0.8149 0.5716 38.8054 -12.2959 23.4026 -2.8025 16.3477 7.3451 -16.4643 50.3217 -3.4914 -5.6468 9.4036 -3.9809 8.1680 0.0182 1.7161 0.0322 -11.0056 3.1563 5.3567 1.6875 -0.7097 -2.1056 -8.3501 -3.8628 -6.3375 0.0161 1.6906 0.0206 9.8944 -0.7222 -6.4948 -1.4475 -1.5046 1.0149
-0.3218 99.5051 0.7756 -0.1964 1.7650 0.0471 0.1398 -3.5139 -0.1161 -0.4938 -5.9561 -0.0058 -0.9514 13.1985 -2.4233 1.6398 9.6089 2.4627 -0.8006 -3.5503 -0.2689 -0.8844 -0.1784 -0.9766 0.0073 -0.0145 0.0231 0.7611 -10.4217 -3.7953 -0.7443 -10.4619 3.8436 -25.6754 12.2010 -13.3104 -54.2625 -14.3903 9.4664 0.6276 -0.4865 -33.8312 172.4840 -60.4171 179.8384 -14.6494 10.4074 13.3353 -61.9426 1.3353 1.8553 28.6044 9.1563 16.2424 41.4824 18.5333 19.7974 -0.7648 0.5796 38.8197 -12.3999 23.5176 -2.8674 16.3434 7.3332 -16.4575 50.3040 -3.4830 -5.6306 9.3903 -4.0167 8.1316 0.0200 1.7204 0.0303 -11.0148 3.1840 5.3219 1.6876 -0.7101 -2.1140 -8.3636 -3.8891 -6.3467 0.0154 1.7009 0.0281 9.9184 -0.7092 -6.5339 -1.4465 -1.5029 1.0194
-0.2997 99.5054 0.7266 -0.1837 1.7568 0.0935 0.1381 -3.4955 -0.1116 -0.4928 -5.9561 -0.0109 -0.9558 13.2450 -2.4173 1.6654 9.6773 2.4677 -0.8109 -3.5608 -0.3013 -0.9054 -0.2344 -1.0281 0.0082 -0.0153 0.0218 0.7616 -10.4241 -3.7956 -0.7430 -10.4648 3.8416 -25.6833 12.1758 -13.3228 -54.1750 -14.3761 9.3506 0.6498 -0.5001 -33.8379 172.6447 -60.3439 179.6284 -14.6413 10.3874 13.3426 -61.9595 1.3210 1.8794 28.6115 9.1447 16.2452 41.4178 18.5091 19.7791 -0.7218 0.5865 38.8242 -12.4768 23.5455 -2.9027 16.3275 7.3171 -16.4669 50.2928 -3.4892 -5.6260 9.3677 -4.0388 8.0964 0.0225 1.7230 0.0299 -10.9990 3.2222 5.3016 1.6887 -0.6984 -2.1256 -8.3818 -3.9044 -6.3646 0.0177 1.6997 0.0356 9.9602 -0.6931 -6.5498 -1.4456 -1.5002 1.0144
-0.3052 99.5035 0.7055 -0.1736 1.7517 0.1316 0.1351 -3.4736 -0.1174 -0.4865 -5.9540 0.0010 -0.9536 13.2738 -2.4046 1.6864 9.7135 2.4580 -0.8272 -3.5682 -0.3444 -0.9097 -0.2909 -1.0749 0.0093 -0.0170 0.0196 0.7623 -10.4274 -3.7997 -0.7412 -10.4667 3.8401 -25.6921 12.1623 -13.3409 -54.1268 -14.3908 9.2678 0.6628 -0.5200 -33.8298 172.7598 -60.2220 179.4753 -14.6438 10.3726 13.3417 -61.9721 1.3123 1.8986 28.6329 9.1626 16.2635 41.3507 18.5015 19.7995 -0.7202 0.5977 38.7972 -12.5090 23.5122 -2.9268 16.3415 7.3078 -16.4664 50.3102 -3.4822 -5.6255 9.3447 -4.0664 8.0457 0.0239 1.7429 0.0396 -10.9775 3.2322 5.3076 1.6900 -0.6693 -2.1324 -8.3977 -3.9264 -6.3712 0.0193 1.7178 0.0306 9.9892 -0.6947 -6.5710 -1.4453 -1.5025 1.0099
-0.2732 99.5054 0.6722 -0.1674 1.7469 0.1670 0.1330 -3.4535 -0.1131 -0.4818 -5.9577 0.0087 -0.9456 13.3064 -2.4105 1.7078 9.7454 2.4223 -0.8481 -3.5784 -0.3484 -0.9091 -0.3070 -1.1139 0.0103 -0.0216 0.0169 0.7636 -10.4330 -3.8041 -0.7405 -10.4726 3.8385 -25.6998 12.1493 -13.3678 -54.1138 -14.4000 9.1820 0.7041 -0.5240 -33.8149 172.9117 -60.0617 179.2928 -14.6600 10.3556 13.3472 -61.9561 1.3056 1.8973 28.6669 9.2400 16.3103 41.2362 18.4965 19.8780 -0.7535 0.6046 38.7615 -12.5097 23.4925 -2.9657 16.3362 7.3145 -16.4645 50.3269 -3.4866 -5.6314 9.3304 -4.0941 7.9905 0.0217 1.7452 0.0337 -10.9408 3.2588 5.3187 1.6880 -0.6437 -2.1293 -8.4062 -3.9407 -6.3648 0.0206 1.7272 0.0377 9.9832 -0.6951 -6.6175 -1.4433 -1.4966 1.0060
-0.2641 99.5113 0.6226 -0.1682 1.7474 0.1958 0.1332 -3.4440 -0.1194 -0.4782 -5.9588 0.0055 -0.9263 13.3367 -2.4018 1.7319 9.7709 2.4084 -0.8555 -3.5828 -0.3773 -0.9072 -0.3216 -1.1224 0.0105 -0.0252 0.0093 0.7609 -10.4383 -3.8123 -0.7373 -10.4767 3.8297 -25.6933 12.1526 -13.3836 -54.1072 -14.3948 9.0620 0.7278 -0.5279 -33.7922 173.0574 -60.0120 179.1255 -14.6534 10.3537 13.3408 -61.9364 1.3061 1.8907 28.7168 9.2856 16.3423 41.0989 18.4624 19.9034 -0.7631 0.5979 38.6993 -12.4471 23.5064 -2.9742 16.3259 7.3207 -16.4658 50.3226 -3.4896 -5.6653 9.3189 -4.1240 7.9510 0.0201 1.7477 0.0391 -10.9125 3.2735 5.3165 1.6876 -0.6360 -2.1256 -8.3982 -3.9624 -6.3446 0.0242 1.7414 0.0435 9.9374 -0.6923 -6.6547 -1.4421 -1.4878 0.9948
-0.2448 99.5115 0.5785 -0.1703 1.7356 0.2182 0.1353 -3.4337 -0.1203 -0.4758 -5.9523 -0.0206 -0.9076 13.3665 -2.3792 1.7832 9.7864 2.3963 -0.8636 -3.5811 -0.3922 -0.9106 -0.3545 -1.1217 0.0092 -0.0229 0.0043 0.7584 -10.4334 -3.8190 -0.7372 -10.4700 3.8264 -25.6719 12.1408 -13.3922 -54.0994 -14.3463 8.9264 0.7496 -0.5272 -33.7693 173.2267 -59.9294 178.8714 -14.6578 10.3417 13.3365 -61.9401 1.2990 1.8957 28.7882 9.3149 16.3589 40.9687 18.4205 19.9554 -0.7691 0.5951 38.5970 -12.3868 23.5978 -2.9760 16.3291 7.3482 -16.4793 50.3673 -3.4923 -5.6853 9.3249 -4.1333 7.9458 0.0183 1.7401 0.0383 -10.9027 3.2879 5.3203 1.6874 -0.6428 -2.1325 -8.4003 -3.9658 -6.3017 0.0253 1.7562 0.0368 9.8961 -0.6850 -6.6849 -1.4423 -1.4796 0.9878
-0.2456 99.5109 0.5583 -0.1761 1.7284 0.2426 0.1416 -3.4302 -0.1166 -0.4800 -5.9601 -0.0416 -0.8796 13.4121 -2.3649 1.8224 9.8000 2.3918 -0.8591 -3.5806 -0.4114 -0.9183 -0.4067 -1.1507 0.0089 -0.0202 0.0021 0.7566 -10.4272 -3.8205 -0.7360 -10.4650 3.8233 -25.6704 12.1565 -13.4086 -54.0682 -14.3161 8.7594 0.7557 -0.5437 -33.7271 173.3900 -59.7751 178.5529 -14.6661 10.3294 13.3427 -61.9020 1.3011 1.8782 28.8822 9.3622 16.3770 40.8108 18.3714 19.9726 -0.7943 0.5736 38.5249 -12.3964 23.6701 -2.9730 16.3326 7.3564 -16.4785 50.3926 -3.4822 -5.6893 9.3315 -4.1464 7.9649 0.0159 1.7273 0.0309 -10.9096 3.3197 5.2895 1.6868 -0.6579 -2.1354 -8.3981 -3.9682 -6.2570 0.0220 1.7584 0.0441 9.8624 -0.6754 -6.7361 -1.4421 -1.4743 0.9880
-0.2416 99.5199 0.5364 -0.1869 1.7281 0.2637 0.1545 -3.4357 -0.1113 -0.4866 -5.9686 -0.0538 -0.8551 13.4491 -2.3620 1.8644 9.8106 2.3897 -0.8620 -3.5807 -0.4219 -0.9211 -0.4279 -1.1740 0.0082 -0.0180 0.0034 0.7547 -10.4299 -3.8196 -0.7354 -10.4664 3.8249 -25.6886 12.1815 -13.4315 -54.0282 -14.2912 8.6008 0.7648 -0.5554 -33.6753 173.5835 -59.6921 178.2594 -14.6915 10.3044 13.3171 -61.8082 1.3060 1.8441 29.0097 9.3585 16.3870 40.6456 18.3752 19.9436 -0.8014 0.5741 38.4664 -12.4720 23.7860 -2.9923 16.3398 7.3527 -16.4892 50.3869 -3.4896 -5.6993 9.3441 -4.1656 7.9891 0.0128 1.7100 0.0212 -10.9406 3.3519 5.2477 1.6848 -0.6676 -2.1367 -8.3843 -3.9735 -6.2309 0.0188 1.7601 0.0419 9.8454 -0.6617 -6.7511 -1.4423 -1.4737 0.9888
-0.2495 99.5079 0.5226 -0.1987 1.7297 0.2792 0.1645 -3.4500 -0.1111 -0.4896 -5.9707 -0.0478 -0.8293 13.4828 -2.3761 1.8849 9.8200 2.4049 -0.8575 -3.5738 -0.4362 -0.9185 -0.4076 -1.1963 0.0097 -0.0171 -0.0017 0.7570 -10.4268 -3.8258 -0.7346 -10.4638 3.8200 -25.7204 12.1907 -13.4413 -53.9735 -14.2597 8.4500 0.7641 -0.5618 -33.6208 173.7835 -59.6512 178.0108 -14.7091 10.2936 13.3220 -61.6932 1.3296 1.8256 29.1407 9.3550 16.3947 40.5026 18.3828 19.9013 -0.8210 0.5867 38.4172 -12.5653 23.8879 -3.0238 16.3367 7.3392 -16.4934 50.3511 -3.4950 -5.7004 9.3639 -4.1827 8.0108 0.0111 1.6930 0.0045 -10.9701 3.3898 5.2073 1.6841 -0.6679 -2.1346 -8.3659 -3.9738 -6.2079 0.0186 1.7570 0.0348 9.8147 -0.6349 -6.7603 -1.4436 -1.4657 0.9912
-0.2571 99.5027 0.5024 -0.2027 1.7268 0.3055 0.1706 -3.4632 -0.1351 -0.4896 -5.9719 -0.0316 -0.8113 13.5126 -2.3776 1.9160 9.8430 2.4119 -0.8524 -3.5695 -0.4417 -0.9199 -0.3858 -1.2178 0.0102 -0.0167 -0.0078 0.7571 -10.4342 -3.8345 -0.7336 -10.4699 3.8148 -25.7505 12.2030 -13.4483 -53.9071 -14.2334 8.2853 0.7538 -0.5707 -33.5220 173.9705 -59.5983 177.7665 -14.7109 10.2563 13.2999 -61.6044 1.3312 1.8261 29.2669 9.3427 16.3779 40.3849 18.4244 19.8670 -0.8580 0.5922 38.3658 -12.6128 23.9325 -3.0207 16.3477 7.3209 -16.4908 50.3375 -3.4913 -5.6978 9.3746 -4.1987 8.0220 0.0119 1.6906 -0.0085 -10.9893 3.4248 5.1700 1.6843 -0.6519 -2.1300 -8.3596 -3.9671 -6.2140 0.0166 1.7375 0.0360 9.7893 -0.6093 -6.7695 -1.4448 -1.4517 0.9879
-0.2539 99.5079 0.5242 -0.1928 1.7163 0.3051 0.1644 -3.4761 -0.1257 -0.4901 -5.9742 -0.0460 -0.8054 13.5506 -2.3748 1.9434 9.8686 2.4115 -0.8509 -3.5684 -0.4180 -0.9143 -0.3683 -1.2274 0.0097 -0.0144 -0.0093 0.7584 -10.4444 -3.8379 -0.7360 -10.4783 3.8157 -25.7796 12.2087 -13.4383 -53.8269 -14.1723 8.1487 0.7354 -0.5877 -33.4303 174.1536 -59.5635 177.5017 -14.6958 10.2430 13.2927 -61.5484 1.3404 1.8336 29.3825 9.3403 16.3882 40.2773 18.4853 19.8479 -0.8690 0.5607 38.3347 -12.6250 23.9171 -2.9620 16.3307 7.3185 -16.4980 50.3225 -3.4866 -5.7094 9.3648 -4.2070 8.0319 0.0142 1.7174 -0.0095 -11.0065 3.4349 5.1485 1.6828 -0.6199 -2.1305 -8.3663 -3.9708 -6.2299 0.0126 1.7476 0.0323 9.7773 -0.6154 -6.7546 -1.4450 -1.4420 0.9939
-0.2800 99.5062 0.5354 -0.1842 1.7029 0.2922 0.1584 -3.4886 -0.1290 -0.4900 -5.9777 -0.0528 -0.7904 13.5890 -2.3522 1.9497 9.8847 2.4110 -0.8400 -3.5787 -0.4215 -0.8972 -0.3693 -1.2361 0.0080 -0.0143 -0.0061 0.7567 -10.4534 -3.8350 -0.7377 -10.4879 3.8197 -25.8119 12.1853 -13.4151 -53.7759 -14.1121 8.0688 0.7048 -0.5873 -33.3285 174.3066 -59.6773 177.3012 -14.6776 10.2374 13.2758 -61.4762 1.3540 1.8257 29.4822 9.3302 16.3671 40.1910 18.5815 19.8495 -0.8940 0.5286 38.3340 -12.5765 23.8622 -2.9028 16.3112 7.3190 -16.4927 50.3155 -3.4765 -5.7019 9.3558 -4.2006 8.0582 0.0184 1.7398 -0.0052 -11.0022 3.4373 5.1183 1.6819 -0.5961 -2.1337 -8.3758 -3.9570 -6.2133 0.0083 1.7423 0.0361 9.7869 -0.6273 -6.7599 -1.4437 -1.4350 0.9999
-0.2742 99.5007 0.5429 -0.1780 1.6952 0.2805 0.1516 -3.5090 -0.1198 -0.4822 -5.9835 -0.0522 -0.7877 13.6268 -2.3345 1.9571 9.8918 2.4113 -0.8464 -3.5798 -0.4162 -0.8602 -0.3838 -1.2713 0.0059 -0.0152 0.0011 0.7547 -10.4572 -3.8274 -0.7402 -10.4924 3.8279 -25.8264 12.1628 -13.3858 -53.7700 -14.0529 8.0433 0.6525 -0.5840 -33.2446 174.3893 -59.9905 177.1544 -14.6677 10.2294 13.2620 -61.3855 1.3643 1.8027 29.5614 9.3237 16.3536 40.1437 18.6547 19.8434 -0.9260 0.5106 38.3106 -12.4993 23.7287 -2.8324 16.2779 7.3179 -16.4720 50.2917 -3.4595 -5.6715 9.3517 -4.1926 8.0689 0.0198 1.7475 -0.0057 -10.9807 3.4413 5.1130 1.6813 -0.5932 -2.1359 -8.3841 -3.9425 -6.1945 0.0079 1.7299 0.0517 9.8094 -0.6259 -6.7647 -1.4428 -1.4380 1.0051
-0.2770 99.4912 0.5369 -0.1713 1.6829 0.2723 0.1467 -3.5318 -0.1320 -0.4731 -5.9913 -0.0398 -0.7858 13.6715 -2.3131 1.9630 9.9153 2.3801 -0.8566 -3.5883 -0.4283 -0.8389 -0.4378 -1.2890 0.0034 -0.0146 0.0090 0.7523 -10.4641 -3.8197 -0.7430 -10.5001 3.8371 -25.8267 12.1479 -13.3623 -53.8110 -13.9720 8.0413 0.6312 -0.5764 -33.2078 174.3420 -60.4943 177.1212 -14.6764 10.2320 13.2626 -61.3595 1.3851 1.7926 29.6190 9.3104 16.3206 40.1101 18.7252 19.8654 -0.9634 0.5049 38.2719 -12.4166 23.6016 -2.7672 16.2465 7.3186 -16.4593 50.2631 -3.4632 -5.6482 9.3421 -4.1904 8.0640 0.0228 1.7696 0.0008 -10.9357 3.4603 5.1308 1.6833 -0.5754 -2.1375 -8.3977 -3.9237 -6.1780 0.0121 1.7235 0.0631 9.8181 -0.6152 -6.7534 -1.4421 -1.4404 1.0121
-0.2875 99.4865 0.5421 -0.1708 1.6743 0.2580 0.1399 -3.5648 -0.1126 -0.4692 -5.9997 -0.0453 -0.7908 13.7105 -2.3191 1.9940 9.9528 2.3567 -0.8631 -3.5939 -0.4335 -0.8307 -0.4822 -1.3267 0.0044 -0.0138 0.0073 0.7539 -10.4646 -3.8212 -0.7428 -10.5020 3.8364 -25.8301 12.1471 -13.3310 -53.8523 -13.9047 8.0689 0.6103 -0.5807 -33.1390 174.2421 -60.9246 177.1262 -14.6756 10.2499 13.2778 -61.3102 1.3913 1.8030 29.7186 9.3182 16.3211 40.0005 18.7730 19.8198 -0.9551 0.5064 38.2657 -12.3844 23.5434 -2.7172 16.2540 7.3120 -16.4466 50.2503 -3.4683 -5.6136 9.3448 -4.1830 8.0502 0.0245 1.7753 -0.0042 -10.9099 3.5072 5.1636 1.6852 -0.5826 -2.1428 -8.4046 -3.9092 -6.1618 0.0140 1.7172 0.0716 9.8389 -0.6042 -6.7605 -1.4416 -1.4689 1.0301
-0.2998 99.4861 0.5320 -0.1736 1.6796 0.2396 0.1360 -3.6023 -0.1199 -0.4693 -6.0105 -0.0442 -0.7858 13.7360 -2.3174 2.0306 9.9958 2.3293 -0.8689 -3.5843 -0.4447 -0.8454 -0.5332 -1.3380 0.0055 -0.0110 0.0005 0.7553 -10.4655 -3.8268 -0.7419 -10.5045 3.8284 -25.8343 12.1623 -13.3030 -53.9076 -13.8638 8.0676 0.6033 -0.5822 -33.0443 174.1133 -61.2179 177.2113 -14.6627 10.2970 13.2771 -61.2831 1.4080 1.7963 29.7991 9.3266 16.3281 39.8842 18.7594 19.7335 -0.9014 0.4906 38.2575 -12.3717 23.5878 -2.6452 16.2669 7.2957 -16.4342 50.2207 -3.4784 -5.6054 9.3453 -4.1912 8.0374 0.0245 1.7790 -0.0015 -10.8895 3.5312 5.1724 1.6851 -0.5788 -2.1449 -8.4003 -3.9185 -6.1887 0.0208 1.7178 0.0763 9.8444 -0.6009 -6.7214 -1.4398 -1.4787 1.0368
-0.3120 99.4871 0.5269 -0.1781 1.6869 0.2325 0.1298 -3.6314 -0.1173 -0.4691 -6.0228 -0.0566 -0.7743 13.7440 -2.3187 2.0659 10.0345 2.2991 -0.8752 -3.5807 -0.4541 -0.8658 -0.5213 -1.3331 0.0048 -0.0104 0.0037 0.7540 -10.4669 -3.8230 -0.7420 -10.5090 3.8313 -25.8723 12.1741 -13.2803 -53.9350 -13.8426 8.0535 0.6158 -0.5720 -32.9413 174.0716 -61.4104 177.2689 -14.6331 10.3388 13.2627 -61.2371 1.4251 1.7840 29.8932 9.3335 16.3460 39.7527 18.7644 19.6467 -0.8599 0.4868 38.2597 -12.3653 23.6330 -2.5881 16.2929 7.2861 -16.4333 50.2002 -3.4956 -5.6157 9.3512 -4.1948 8.0314 0.0201 1.7700 0.0030 -10.8639 3.5536 5.1930 1.6854 -0.5774 -2.1466 -8.3881 -3.9347 -6.2281 0.0259 1.7220 0.0857 9.8466 -0.6193 -6.6802 -1.4388 -1.4891 1.0352
-0.3121 99.4862 0.5265 -0.1851 1.6995 0.2359 0.1244 -3.6575 -0.1201 -0.4729 -6.0348 -0.0632 -0.7578 13.7365 -2.3203 2.1071 10.0567 2.2764 -0.8699 -3.5701 -0.4526 -0.8858 -0.4809 -1.3402 0.0023 -0.0106 0.0123 0.7505 -10.4657 -3.8150 -0.7436 -10.5089 3.8417 -25.9349 12.1962 -13.2772 -53.9369 -13.8217 8.0195 0.6578 -0.5621 -32.8674 174.0516 -61.5002 177.3404 -14.6405 10.3541 13.2389 -61.2517 1.4301 1.7673 30.0016 9.3338 16.3565 39.6432 18.7863 19.5830 -0.8422 0.4887 38.2247 -12.3596 23.7049 -2.5414 16.3092 7.2715 -16.4257 50.1750 -3.5109 -5.6322 9.3603 -4.2130 8.0321 0.0182 1.7605 0.0092 -10.8234 3.5492 5.2190 1.6858 -0.5727 -2.1437 -8.3825 -3.9612 -6.2753 0.0301 1.7359 0.0876 9.8473 -0.6280 -6.6431 -1.4388 -1.4880 1.0285
-0.3260 99.4841 0.5207 -0.1876 1.7121 0.2425 0.1221 -3.6749 -0.1254 -0.4826 -6.0423 -0.0674 -0.7493 13.7240 -2.3255 2.1499 10.0546 2.2578 -0.8728 -3.5617 -0.4323 -0.9013 -0.4158 -1.3531 0.0015 -0.0113 0.0122 0.7475 -10.4678 -3.8164 -0.7424 -10.5114 3.8432 -25.9708 12.1885 -13.2803 -53.9327 -13.7786 7.9937 0.7085 -0.5554 -32.8315 174.0248 -61.5881 177.3956 -14.6371 10.3462 13.2033 -61.2074 1.4475 1.7520 30.0851 9.3201 16.3553 39.5783 18.8136 19.5490 -0.8798 0.5029 38.1926 -12.3464 23.7626 -2.5065 16.3092 7.2682 -16.4215 50.1618 -3.5129 -5.6487 9.3575 -4.2271 8.0391 0.0142 1.7559 -0.0030 -10.7757 3.5237 5.2576 1.6856 -0.5711 -2.1336 -8.3746 -3.9838 -6.3301 0.0303 1.7437 0.0847 9.8410 -0.6269 -6.5938 -1.4390 -1.4795 1.0188
-0.3168 99.4831 0.5078 -0.1767 1.7165 0.2606 0.1165 -3.6860 -0.1443 -0.4953 -6.0338 -0.0626 -0.7507 13.7013 -2.3458 2.1955 10.0366 2.2460 -0.8768 -3.5621 -0.4121 -0.9044 -0.3410 -1.3698 0.0010 -0.0106 0.0111 0.7460 -10.4657 -3.8183 -0.7417 -10.5085 3.8425 -26.0032 12.1829 -13.2947 -53.9353 -13.7797 7.9954 0.7579 -0.5517 -32.7772 173.9237 -61.6078 177.4650 -14.6238 10.3173 13.1583 -61.1269 1.4498 1.7402 30.1654 9.2813 16.3439 39.5447 18.8611 19.5401 -0.9412 0.5176 38.1523 -12.3784 23.8546 -2.5406 16.3137 7.2796 -16.4337 50.1852 -3.5178 -5.6701 9.3528 -4.2224 8.0227 0.0119 1.7320 0.0018 -10.7545 3.5159 5.2824 1.6878 -0.5871 -2.1237 -8.3818 -3.9968 -6.3671 0.0267 1.7325 0.0911 9.8396 -0.6023 -6.5712 -1.4408 -1.4780 1.0124
-0.3188 99.4834 0.4912 -0.1661 1.7291 0.2778 0.1108 -3.7003 -0.1459 -0.5076 -6.0391 -0.0749 -0.7512 13.7027 -2.3428 2.2336 10.0047 2.2361 -0.8768 -3.5611 -0.4077 -0.9173 -0.2819 -1.3893 0.0020 -0.0090 0.0065 0.7479 -10.4696 -3.8242 -0.7417 -10.5115 3.8389 -26.0145 12.1840 -13.3170 -53.9673 -13.8010 8.0191 0.7948 -0.5475 -32.7722 173.7524 -61.6907 177.6296 -14.6366 10.3065 13.1264 -61.0676 1.4531 1.7347 30.2171 9.2196 16.3395 39.5352 18.8592 19.4664 -0.9413 0.5140 38.1323 -12.4340 23.9397 -2.5651 16.3224 7.2807 -16.4376 50.2104 -3.5228 -5.6577 9.3363 -4.2412 8.0129 0.0118 1.7256 0.0033 -10.7402 3.5265 5.2965 1.6891 -0.5954 -2.1207 -8.3851 -4.0160 -6.3658 0.0236 1.7305 0.0842 9.8346 -0.5982 -6.5651 -1.4429 -1.4825 1.0101
-0.3180 99.4884 0.4750 -0.1590 1.7461 0.2669 0.1042 -3.7130 -0.1316 -0.5147 -6.0493 -0.0878 -0.7527 13.7091 -2.3380 2.2627 9.9624 2.2275 -0.8775 -3.5598 -0.4129 -0.9282 -0.2346 -1.4058 0.0030 -0.0078 0.0025 0.7515 -10.4681 -3.8274 -0.7436 -10.5096 3.8349 -26.0245 12.1912 -13.3417 -54.0127 -13.8426 8.0858 0.7987 -0.5431 -32.7881 173.5739 -61.8119 177.7878 -14.6642 10.2886 13.1075 -61.0366 1.4601 1.7597 30.2723 9.1711 16.3507 39.4913 18.8416 19.3419 -0.9138 0.5045 38.1611 -12.4812 24.0251 -2.6186 16.3283 7.2948 -16.4386 50.2188 -3.5350 -5.6255 9.3283 -4.2682 7.9927 0.0091 1.7210 0.0008 -10.7401 3.5384 5.3220 1.6885 -0.6222 -2.1234 -8.3859 -4.0383 -6.3577 0.0205 1.7210 0.0826 9.8212 -0.5812 -6.5645 -1.4439 -1.5056 1.0168
-0.3250 99.4903 0.4222 -0.1540 1.7548 0.2596 0.0951 -3.7144 -0.1283 -0.5159 -6.0404 -0.0840 -0.7503 13.7100 -2.3401 2.2792 9.9021 2.2269 -0.8804 -3.5526 -0.4390 -0.9262 -0.2360 -1.3877 0.0029 -0.0054 0.0013 0.7535 -10.4587 -3.8276 -0.7460 -10.4993 3.8329 -26.0343 12.2156 -13.3547 -54.0720 -13.9596 8.1957 0.7692 -0.5323 -32.8107 173.3319 -61.9848 177.9881 -14.6739 10.2966 13.1359 -61.0317 1.4662 1.8081 30.2643 9.1353 16.3618 39.5309 18.7776 19.2987 -0.9118 0.5137 38.1295 -12.4705 23.9852 -2.6297 16.3273 7.3059 -16.4416 50.2432 -3.5232 -5.5949 9.3163 -4.2804 7.9588 0.0100 1.7074 0.0026 -10.7268 3.5463 5.3872 1.6874 -0.6591 -2.1258 -8.3831 -4.0604 -6.3657 0.0242 1.7064 0.0819 9.8031 -0.5563 -6.5578 -1.4452 -1.5216 1.0248
-0.3179 99.4929 0.3979 -0.1536 1.7614 0.2457 0.0861 -3.7101 -0.0985 -0.5136 -6.0445 -0.1097 -0.7493 13.7285 -2.3248 2.2844 9.8405 2.2254 -0.8823 -3.5430 -0.4486 -0.9143 -0.2522 -1.3879 0.0014 -0.0034 0.0058 0.7539 -10.4583 -3.8211 -0.7496 -10.4950 3.8359 -26.0520 12.2149 -13.3701 -54.1086 -14.0227 8.3185 0.7587 -0.5343 -32.8736 173.0405 -62.2213 178.2224 -14.6980 10.3114 13.1698 -61.0609 1.4725 1.8224 30.2671 9.1093 16.3829 39.5218 18.7322 19.2131 -0.8542 0.4859 38.1662 -12.4783 23.8682 -2.6309 16.3024 7.3094 -16.4510 50.2475 -3.5293 -5.5848 9.3053 -4.2867 7.9147 0.0094 1.6919 0.0052 -10.6997 3.5608 5.4493 1.6863 -0.6809 -2.1273 -8.3771 -4.0840 -6.3646 0.0277 1.7005 0.0806 9.7925 -0.5390 -6.5482 -1.4456 -1.5649 1.0320
-0.3303 99.4941 0.3569 -0.1642 1.7727 0.2568 0.0838 -3.7013 -0.1116 -0.5077 -6.0287 -0.0871 -0.7481 13.7245 -2.3189 2.2776 9.7765 2.2209 -0.8686 -3.5394 -0.4877 -0.9161 -0.2615 -1.3827 0.0010 -0.0041 0.0092 0.7543 -10.4529 -3.8180 -0.7511 -10.4903 3.8398 -26.0789 12.2041 -13.3881 -54.1124 -14.0899 8.4315 0.7444 -0.5435 -32.9084 172.8475 -62.4901 178.3563 -14.6831 10.3318 13.1762 -61.0645 1.4740 1.7942 30.2619 9.0950 16.3784 39.5254 18.7034 19.1650 -0.8171 0.4817 38.1764 -12.4575 23.7318 -2.6205 16.2617 7.2927 -16.4203 50.2081 -3.5297 -5.5650 9.3081 -4.3111 7.8498 0.0127 1.6717 0.0079 -10.6916 3.5919 5.5127 1.6848 -0.7151 -2.1272 -8.3660 -4.1083 -6.3711 0.0318 1.6769 0.0841 9.7975 -0.5037 -6.5562 -1.4460 -1.6016 1.0308
-0.3261 99.4867 0.3227 -0.1823 1.8010 0.2668 0.0873 -3.6978 -0.1110 -0.5031 -6.0317 -0.0829 -0.7538 13.7339 -2.3136 2.2699 9.7388 2.2046 -0.8599 -3.5435 -0.4734 -0.9292 -0.2244 -1.3881 0.0002 -0.0068 0.0190 0.7519 -10.4501 -3.8075 -0.7504 -10.4881 3.8497 -26.1115 12.2250 -13.4020 -54.1052 -14.1618 8.5461 0.7220 -0.5548 -32.9545 172.6256 -62.7749 178.5163 -14.6507 10.3548 13.1733 -61.0692 1.4756 1.7659 30.2541 9.0632 16.3767 39.5189 18.7049 19.1249 -0.7765 0.4697 38.2081 -12.4377 23.6717 -2.6063 16.2424 7.2874 -16.4121 50.1834 -3.5228 -5.5557 9.3251 -4.3534 7.7689 0.0149 1.6575 0.0213 -10.6881 3.6040 5.6005 1.6838 -0.7400 -2.1268 -8.3399 -4.1495 -6.3560 0.0350 1.6633 0.0905 9.8293 -0.4872 -6.5562 -1.4457 -1.6375 1.0260
-0.3395 99.4909 0.2874 -0.1968 1.8326 0.2691 0.0879 -3.6878 -0.0962 -0.5022 -6.0440 -0.1018 -0.7732 13.7483 -2.3032 2.2959 9.7254 2.2146 -0.8658 -3.5475 -0.4667 -0.9494 -0.1922 -1.3973 0.0015 -0.0084 0.0191 0.7532 -10.4554 -3.8072 -0.7490 -10.4938 3.8502 -26.1083 12.2462 -13.4208 -54.0717 -14.1607 8.5790 0.7415 -0.5560 -33.0029 172.4946 -62.9633 178.5838 -14.6530 10.3559 13.1673 -61.1126 1.4740 1.7776 30.2312 9.0147 16.3822 39.5037 18.7615 19.1198 -0.7106 0.4524 38.2578 -12.4620 23.6387 -2.6295 16.2536 7.2956 -16.4038 50.1872 -3.5143 -5.5517 9.3345 -4.4117 7.7262 0.0150 1.6633 0.0230 -10.6770 3.6148 5.6639 1.6816 -0.7450 -2.1271 -8.3191 -4.2082 -6.3473 0.0307 1.6765 0.0782 9.8662 -0.4900 -6.5197 -1.4450 -1.6529 1.0231
-0.3290 99.4866 0.2351 -0.2176 1.8507 0.2806 0.0908 -3.6658 -0.1056 -0.5015 -6.0378 -0.0950 -0.7810 13.7504 -2.3028 2.3231 9.7198 2.2099 -0.8776 -3.5509 -0.4555 -0.9585 -0.1732 -1.3856 0.0048 -0.0094 0.0073 0.7606 -10.4561 -3.8213 -0.7498 -10.4938 3.8396 -26.1055 12.2664 -13.4326 -54.0220 -14.1598 8.5459 0.7697 -0.5415 -32.9990 172.5334 -63.0503 178.5038 -14.6191 10.3840 13.2024 -61.1665 1.4744 1.7995 30.1876 9.0068 16.4061 39.4996 18.7850 19.1534 -0.7201 0.4541 38.2594 -12.4553 23.5919 -2.6546 16.2672 7.3078 -16.4126 50.2056 -3.5324 -5.5510 9.3573 -4.4664 7.6925 0.0164 1.6663 0.0328 -10.6730 3.6315 5.6948 1.6799 -0.7359 -2.1267 -8.2867 -4.2567 -6.3883 0.0348 1.6740 0.0741 9.8635 -0.4864 -6.4936 -1.4436 -1.6519 1.0151
-0.3618 99.4849 0.1870 -0.2378 1.8754 0.2888 0.0868 -3.6397 -0.1082 -0.5024 -6.0328 -0.0997 -0.7820 13.7534 -2.3080 2.3718 9.7260 2.2170 -0.8805 -3.5521 -0.4497 -0.9789 -0.1435 -1.3552 0.0068 -0.0119 0.0027 0.7651 -10.4559 -3.8254 -0.7503 -10.4912 3.8340 -26.1005 12.2821 -13.4340 -53.9595 -14.1805 8.5188 0.7864 -0.5286 -32.9583 172.6822 -63.1996 178.3223 -14.5846 10.4087 13.2375 -61.1644 1.4798 1.8357 30.1684 9.0154 16.4512 39.4357 18.7727 19.1566 -0.7134 0.4654 38.2644 -12.4913 23.5699 -2.6864 16.2998 7.3128 -16.4150 50.2543 -3.5313 -5.5496 9.3831 -4.5369 7.6992 0.0113 1.6658 0.0186 -10.6629 3.6568 5.7031 1.6800 -0.7307 -2.1221 -8.2500 -4.3234 -6.4247 0.0334 1.6838 0.0723 9.8529 -0.4906 -6.4822 -1.4428 -1.6425 1.0170
-0.3519 99.4859 0.1523 -0.2641 1.9090 0.2841 0.0887 -3.6198 -0.1143 -0.5042 -6.0297 -0.0915 -0.7840 13.7599 -2.3061 2.4384 9.7325 2.2135 -0.8873 -3.5568 -0.4389 -0.9997 -0.1194 -1.3302 0.0073 -0.0115 0.0036 0.7636 -10.4532 -3.8236 -0.7479 -10.4867 3.8339 -26.1122 12.2865 -13.4450 -53.8828 -14.2134 8.5174 0.7933 -0.5217 -32.9148 172.8881 -63.3713 178.0661 -14.5753 10.4053 13.2479 -61.1520 1.4672 1.8564 30.1812 9.0009 16.4709 39.3400 18.7585 19.1475 -0.7132 0.4701 38.2646 -12.5242 23.5570 -2.7122 16.3164 7.3122 -16.4301 50.2749 -3.5345 -5.5431 9.4088 -4.6077 7.6955 0.0097 1.6677 0.0160 -10.6374 3.6714 5.6948 1.6804 -0.7212 -2.1194 -8.2035 -4.3982 -6.4476 0.0301 1.6842 0.0738 9.8430 -0.4942 -6.5117 -1.4411 -1.6474 1.0206
-0.3663 99.4839 0.1065 -0.2889 1.9399 0.2698 0.0919 -3.6065 -0.1088 -0.5070 -6.0274 -0.0840 -0.7935 13.7767 -2.3125 2.5088 9.7409 2.2145 -0.8927 -3.5570 -0.4262 -1.0348 -0.1213 -1.3066 0.0085 -0.0122 0.0023 0.7646 -10.4451 -3.8245 -0.7465 -10.4795 3.8311 -26.1526 12.2884 -13.4568 -53.7955 -14.2587 8.5315 0.8058 -0.5245 -32.8700 173.0928 -63.5199 177.7704 -14.6050 10.3971 13.2783 -61.1486 1.4696 1.8794 30.2202 9.0022 16.4963 39.2370 18.7609 19.1706 -0.7385 0.4829 38.2481 -12.5748 23.5252 -2.7343 16.3179 7.3103 -16.4501 50.2851 -3.5321 -5.5472 9.4333 -4.6626 7.6715 0.0093 1.6564 0.0120 -10.6197 3.6642 5.7216 1.6809 -0.7221 -2.1187 -8.1607 -4.4625 -6.4282 0.0282 1.6810 0.0718 9.8335 -0.4763 -6.5421 -1.4412 -1.6451 1.0244
-0.3707 99.4786 0.0507 -0.3076 1.9744 0.2397 0.0861 -3.6001 -0.0937 -0.5142 -6.0314 -0.0846 -0.7970 13.8021 -2.3332 2.5807 9.7697 2.2013 -0.8814 -3.5536 -0.4040 -1.0987 -0.1603 -1.2561 0.0098 -0.0109 -0.0013 0.7648 -10.4361 -3.8273 -0.7440 -10.4689 3.8252 -26.1728 12.3060 -13.4641 -53.7737 -14.3112 8.5252 0.8485 -0.5232 -32.7763 173.3405 -63.5278 177.4088 -14.6662 10.3989 13.3094 -61.2142 1.4687 1.8761 30.2759 8.9985 16.5022 39.1030 18.7501 19.1923 -0.7607 0.4838 38.2392 -12.6321 23.4739 -2.7593 16.3142 7.2990 -16.4573 50.2951 -3.5366 -5.5400 9.4535 -4.7112 7.6079 0.0084 1.6380 0.0141 -10.6088 3.6666 5.7915 1.6805 -0.7487 -2.1127 -8.1242 -4.5355 -6.4163 0.0301 1.6865 0.0763 9.8339 -0.4324 -6.5471 -1.4409 -1.6384 1.0261
-0.3804 99.4844 0.0074 -0.3176 2.0102 0.2320 0.0752 -3.5915 -0.0817 -0.5232 -6.0276 -0.0840 -0.8039 13.8215 -2.3528 2.6479 9.7997 2.1836 -0.8726 -3.5528 -0.4068 -1.1352 -0.2213 -1.2232 0.0113 -0.0075 -0.0072 0.7676 -10.4311 -3.8327 -0.7436 -10.4610 3.8168 -26.1854 12.3394 -13.4861 -53.7532 -14.3636 8.5042 0.8693 -0.5198 -32.6868 173.5727 -63.4509 177.0952 -14.7173 10.3714 13.3231 -61.2471 1.4419 1.8666 30.3444 8.9780 16.4879 38.9795 18.6918 19.1636 -0.7471 0.4877 38.2401 -12.6936 23.4292 -2.7814 16.3225 7.2894 -16.4662 50.3116 -3.5378 -5.5320 9.4633 -4.7699 7.5680 0.0089 1.6332 0.0135 -10.6167 3.6554 5.8556 1.6793 -0.7776 -2.1068 -8.0999 -4.6090 -6.4017 0.0314 1.6989 0.0754 9.8275 -0.3889 -6.5455 -1.4420 -1.6330 1.0297
-0.3860 99.4904 -0.0394 -0.3275 2.0402 0.2221 0.0692 -3.5822 -0.0691 -0.5315 -6.0360 -0.0950 -0.8039 13.8647 -2.3493 2.6867 9.8136 2.1698 -0.8768 -3.5452 -0.4110 -1.1306 -0.3192 -1.2148 0.0112 -0.0028 -0.0070 0.7674 -10.4251 -3.8324 -0.7437 -10.4538 3.8171 -26.2198 12.3608 -13.5137 -53.7398 -14.4426 8.4880 0.8525 -0.5124 -32.5743 173.6855 -63.4936 176.9502 -14.7673 10.3681 13.3433 -61.2405 1.4411 1.8551 30.4323 8.9888 16.4863 38.8432 18.5512 19.0787 -0.7123 0.4818 38.2416 -12.7563 23.4197 -2.8393 16.3423 7.2943 -16.4765 50.3543 -3.5266 -5.5350 9.4665 -4.8386 7.5330 0.0141 1.6525 0.0212 -10.6426 3.6573 5.8896 1.6797 -0.7979 -2.1107 -8.0831 -4.6765 -6.3642 0.0303 1.7183 0.0669 9.8160 -0.3591 -6.5573 -1.4430 -1.6401 1.0257
-0.3825 99.4859 -0.1109 -0.3368 2.0597 0.2087 0.0656 -3.5808 -0.0693 -0.5331 -6.0252 -0.0758 -0.8122 13.9104 -2.3724 2.7175 9.8174 2.1729 -0.8876 -3.5495 -0.4271 -1.0991 -0.4171 -1.2174 0.0100 -0.0010 -0.0054 0.7678 -10.4181 -3.8312 -0.7467 -10.4451 3.8193 -26.2587 12.3711 -13.5122 -53.6819 -14.5048 8.4071 0.8369 -0.5059 -32.4373 173.8631 -63.5028 176.7654 -14.7482 10.3547 13.3562 -61.2004 1.4291 1.8724 30.5191 9.0170 16.4786 38.7425 18.4271 19.0871 -0.7355 0.4963 38.1941 -12.7601 23.4680 -2.9243 16.3609 7.2941 -16.4691 50.3840 -3.5197 -5.5445 9.4710 -4.8827 7.5016 0.0232 1.6540 0.0312 -10.6702 3.6809 5.9185 1.6775 -0.7875 -2.1151 -8.0666 -4.7281 -6.3290 0.0230 1.7253 0.0680 9.7861 -0.3097 -6.6084 -1.4433 -1.6004 1.0237
-0.3770 99.4941 -0.1551 -0.3336 2.0728 0.2162 0.0588 -3.5832 -0.0699 -0.5313 -6.0173 -0.0801 -0.8272 13.9614 -2.3930 2.7387 9.8301 2.1986 -0.8942 -3.5508 -0.4622 -1.0729 -0.5137 -1.1934 0.0106 -0.0002 -0.0079 0.7690 -10.4091 -3.8338 -0.7466 -10.4358 3.8164 -26.2785 12.3563 -13.4966 -53.6473 -14.5317 8.3308 0.8459 -0.5027 -32.3019 174.0298 -63.5312 176.5921 -14.7690 10.3383 13.3863 -61.1742 1.4177 1.8855 30.5883 9.0400 16.4676 38.6743 18.3344 19.1209 -0.7466 0.4951 38.1596 -12.7911 23.4936 -3.0050 16.3470 7.2923 -16.4475 50.3501 -3.5227 -5.5355 9.4493 -4.9277 7.4580 0.0300 1.6783 0.0286 -10.6613 3.7005 5.9269 1.6749 -0.7702 -2.1185 -8.0667 -4.7676 -6.3039 0.0203 1.7366 0.0612 9.7732 -0.2669 -6.6297 -1.4436 -1.5703 1.0228
-0.3748 99.5027 -0.1734 -0.3273 2.0821 0.2184 0.0494 -3.5860 -0.0504 -0.5280 -6.0316 -0.0970 -0.8411 14.0274 -2.3922 2.7505 9.8675 2.2082 -0.9074 -3.5586 -0.4663 -1.0580 -0.5894 -1.2131 0.0115 -0.0035 -0.0092 0.7719 -10.4054 -3.8341 -0.7477 -10.4315 3.8138 -26.2929 12.3496 -13.5028 -53.6342 -14.5692 8.2694 0.8322 -0.5077 -32.1860 174.1766 -63.4080 176.4539 -14.8207 10.3079 13.4115 -61.1574 1.4029 1.8857 30.6503 9.0917 16.4365 38.6148 18.3062 19.2095 -0.7708 0.4880 38.1707 -12.8165 23.4802 -3.0741 16.3175 7.2742 -16.4362 50.2988 -3.5273 -5.5300 9.4272 -4.9628 7.4354 0.0291 1.6936 0.0181 -10.6440 3.7156 5.9345 1.6719 -0.7370 -2.1194 -8.0792 -4.7974 -6.2620 0.0162 1.7449 0.0533 9.7881 -0.2321 -6.6489 -1.4435 -1.5291 1.0254
-0.3728 99.5032 -0.1989 -0.3149 2.0779 0.2081 0.0411 -3.5906 -0.0463 -0.5254 -6.0365 -0.0961 -0.8549 14.0718 -2.3824 2.7258 9.9391 2.1974 -0.9138 -3.5711 -0.4666 -1.0462 -0.6514 -1.2121 0.0107 -0.0049 -0.0096 0.7732 -10.4045 -3.8337 -0.7508 -10.4304 3.8131 -26.3029 12.3273 -13.4944 -53.6008 -14.5674 8.1947 0.7973 -0.5157 -32.0755 174.2652 -63.2547 176.3934 -14.8256 10.2871 13.4086 -61.1479 1.3880 1.8698 30.6603 9.1702 16.4002 38.5981 18.2308 19.3249 -0.7703 0.4759 38.1665 -12.7946 23.4954 -3.0931 16.2811 7.2637 -16.4346 50.2620 -3.5253 -5.5370 9.4013 -4.9793 7.4411 0.0289 1.7244 0.0150 -10.6392 3.7078 5.9188 1.6718 -0.7073 -2.1214 -8.1016 -4.8106 -6.2336 0.0181 1.7515 0.0545 9.7961 -0.2188 -6.6516 -1.4414 -1.5023 1.0227
-0.3395 99.5107 -0.2097 -0.2962 2.0593 0.1956 0.0359 -3.5992 -0.0348 -0.5215 -6.0399 -0.0952 -0.8754 14.1132 -2.3719 2.6813 10.0336 2.1822 -0.9116 -3.5964 -0.4676 -1.0148 -0.6878 -1.2486 0.0087 -0.0067 -0.0022 0.7730 -10.4190 -3.8260 -0.7549 -10.4451 3.8213 -26.3151 12.3246 -13.4934 -53.5417 -14.5720 8.1156 0.7683 -0.5296 -31.9837 174.3776 -63.0306 176.2812 -14.8261 10.2755 13.4126 -61.2145 1.3643 1.8607 30.6714 9.2426 16.3653 38.5697 18.1795 19.4013 -0.7486 0.4534 38.2122 -12.8237 23.5850 -3.1018 16.2760 7.2628 -16.4451 50.2721 -3.5200 -5.5594 9.3770 -4.9657 7.4601 0.0268 1.7370 0.0158 -10.6358 3.6997 5.8962 1.6705 -0.6862 -2.1260 -8.1318 -4.8056 -6.1946 0.0174 1.7637 0.0576 9.8103 -0.2211 -6.6572 -1.4382 -1.4945 1.0251
-0.3407 99.5004 -0.2010 -0.2806 2.0389 0.1766 0.0316 -3.6241 -0.0561 -0.5182 -6.0446 -0.0686 -0.8911 14.1412 -2.3605 2.6490 10.1193 2.1733 -0.9051 -3.6074 -0.5000 -0.9931 -0.7035 -1.2505 0.0061 -0.0068 0.0049 0.7679 -10.4231 -3.8185 -0.7550 -10.4508 3.8278 -26.3475 12.3276 -13.4824 -53.4350 -14.5445 7.9659 0.7819 -0.5226 -31.8438 174.3878 -62.8201 176.2798 -14.8278 10.2776 13.4116 -61.2936 1.3548 1.8515 30.6795 9.2974 16.3333 38.5828 18.1290 19.4643 -0.7530 0.4655 38.2260 -12.8026 23.6933 -3.0779 16.2792 7.2480 -16.4470 50.2722 -3.5215 -5.5692 9.3536 -4.9340 7.4745 0.0303 1.7348 0.0280 -10.6496 3.6997 5.8429 1.6720 -0.6861 -2.1322 -8.1632 -4.7807 -6.1826 0.0183 1.7500 0.0639 9.8183 -0.2348 -6.6510 -1.4352 -1.4994 1.0235
-0.3144 99.4931 -0.1753 -0.2680 2.0034 0.1673 0.0296 -3.6435 -0.0549 -0.5188 -6.0538 -0.0687 -0.9097 14.1591 -2.3457 2.6437 10.1893 2.1692 -0.9020 -3.6072 -0.5194 -0.9702 -0.7114 -1.2638 0.0043 -0.0037 0.0123 0.7641 -10.4285 -3.8128 -0.7549 -10.4577 3.8378 -26.3729 12.3184 -13.4813 -53.3367 -14.4942 7.8366 0.8107 -0.5166 -31.7302 174.4075 -62.6770 176.3247 -14.8486 10.2888 13.4050 -61.3455 1.3511 1.8482 30.6886 9.3409 16.3087 38.5938 18.1505 19.5409 -0.7508 0.4811 38.2592 -12.8424 23.8078 -3.0434 16.2904 7.2466 -16.4625 50.2692 -3.5243 -5.6061 9.3408 -4.8858 7.4805 0.0339 1.7367 0.0369 -10.6767 3.6973 5.8187 1.6720 -0.6748 -2.1465 -8.1935 -4.7367 -6.1675 0.0213 1.7440 0.0620 9.8425 -0.2555 -6.6349 -1.4342 -1.4921 1.0237
-0.2972 99.4891 -0.1650 -0.2551 1.9692 0.1788 0.0287 -3.6612 -0.0544 -0.5208 -6.0649 -0.0675 -0.9341 14.1583 -2.3507 2.6583 10.2446 2.1669 -0.8975 -3.6040 -0.5108 -0.9549 -0.6740 -1.2762 0.0031 -0.0015 0.0123 0.7626 -10.4340 -3.8144 -0.7559 -10.4664 3.8402 -26.3981 12.3197 -13.4742 -53.2452 -14.4742 7.7194 0.8278 -0.5187 -31.6175 174.4509 -62.5332 176.3619 -14.8486 10.2802 13.3966 -61.3459 1.3552 1.8545 30.6925 9.3674 16.2991 38.6321 18.2129 19.6199 -0.7934 0.4881 38.3083 -12.8546 23.9216 -3.0002 16.3028 7.2387 -16.4614 50.2580 -3.5293 -5.6226 9.3307 -4.8331 7.4863 0.0334 1.7291 0.0461 -10.6930 3.7035 5.7601 1.6737 -0.6622 -2.1506 -8.2180 -4.6870 -6.1807 0.0253 1.7382 0.0616 9.8656 -0.2632 -6.6328 -1.4326 -1.4761 1.0186
-0.2949 99.4945 -0.1564 -0.2455 1.9350 0.1833 0.0281 -3.6826 -0.0679 -0.5212 -6.0780 -0.0570 -0.9519 14.1522 -2.3567 2.6637 10.2592 2.1687 -0.8941 -3.5917 -0.4978 -0.9124 -0.5959 -1.3015 0.0033 -0.0040 0.0109 0.7628 -10.4421 -3.8182 -0.7556 -10.4746 3.8405 -26.4215 12.3264 -13.4860 -53.1851 -14.5129 7.6789 0.8366 -0.5203 -31.5298 174.5309 -62.4758 176.4109 -14.8451 10.2755 13.3977 -61.3160 1.3681 1.8572 30.6613 9.3874 16.3083 38.7017 18.2156 19.6385 -0.8253 0.5068 38.3355 -12.8799 24.0419 -2.9219 16.3188 7.2290 -16.4486 50.2530 -3.5192 -5.6325 9.3201 -4.7898 7.5141 0.0348 1.7307 0.0379 -10.7021 3.7132 5.7006 1.6747 -0.6543 -2.1493 -8.2465 -4.6317 -6.1891 0.0258 1.7246 0.0614 9.8840 -0.2479 -6.6277 -1.4310 -1.4585 1.0170
-0.2857 99.4937 -0.1318 -0.2337 1.8999 0.1938 0.0228 -3.6954 -0.0870 -0.5221 -6.0795 -0.0484 -0.9754 14.1133 -2.3609 2.6720 10.2510 2.1741 -0.8889 -3.5895 -0.4775 -0.8961 -0.4850 -1.3284 0.0019 -0.0060 0.0134 0.7586 -10.4490 -3.8162 -0.7541 -10.4797 3.8432 -26.4140 12.3179 -13.4791 -53.1403 -14.5231 7.6431 0.8508 -0.5327 -31.4722 174.7671 -62.5257 176.3362 -14.8419 10.2510 13.3686 -61.2442 1.3802 1.8362 30.6298 9.3753 16.3140 38.7743 18.1863 19.6069 -0.8114 0.4966 38.3419 -12.8786 24.1399 -2.8221 16.3002 7.2330 -16.4464 50.2625 -3.5170 -5.6294 9.3047 -4.7392 7.5324 0.0311 1.7262 0.0282 -10.6952 3.7024 5.6549 1.6749 -0.6413 -2.1421 -8.2703 -4.5696 -6.2140 0.0209 1.6960 0.0604 9.8975 -0.2266 -6.6120 -1.4305 -1.4416 1.0136
-0.2742 99.4816 -0.0948 -0.2164 1.8740 0.2048 0.0127 -3.7109 -0.0995 -0.5261 -6.0759 -0.0548 -0.9935 14.0554 -2.3549 2.6575 10.2114 2.1843 -0.8746 -3.5892 -0.4739 -0.8977 -0.3706 -1.3421 0.0015 -0.0086 0.0127 0.7569 -10.4530 -3.8179 -0.7531 -10.4827 3.8426 -26.3986 12.2912 -13.4694 -53.0849 -14.4869 7.5674 0.8641 -0.5488 -31.4426 174.9122 -62.5801 176.3416 -14.8351 10.2370 13.3185 -61.1969 1.3906 1.7954 30.5819 9.3580 16.3263 38.8777 18.1990 19.5774 -0.8073 0.5075 38.3477 -12.8575 24.1649 -2.7375 16.3072 7.2320 -16.4428 50.2702 -3.5172 -5.6366 9.2879 -4.6872 7.5410 0.0261 1.7178 0.0133 -10.7014 3.6979 5.6439 1.6774 -0.6488 -2.1383 -8.3051 -4.5258 -6.2181 0.0195 1.6881 0.0621 9.9153 -0.1974 -6.5992 -1.4321 -1.4474 1.0124
-0.2693 99.4795 -0.0772 -0.2007 1.8509 0.2026 0.0011 -3.7244 -0.1023 -0.5329 -6.0728 -0.0426 -1.0099 14.0015 -2.3516 2.6572 10.1435 2.2029 -0.8776 -3.5883 -0.4815 -0.9048 -0.2652 -1.3668 0.0018 -0.0090 0.0045 0.7581 -10.4567 -3.8253 -0.7539 -10.4869 3.8336 -26.3597 12.2654 -13.4549 -53.0164 -14.3876 7.4120 0.8996 -0.5532 -31.4850 174.9630 -62.5691 176.4295 -14.8025 10.2331 13.2603 -61.1627 1.3920 1.7613 30.5068 9.3533 16.3476 38.9915 18.2043 19.5400 -0.8171 0.4916 38.3522 -12.8029 24.1254 -2.6422 16.3024 7.2399 -16.4521 50.2840 -3.5349 -5.6434 9.2774 -4.6486 7.5551 0.0218 1.7197 0.0101 -10.7243 3.6758 5.6040 1.6800 -0.6434 -2.1336 -8.3391 -4.4858 -6.2136 0.0194 1.6759 0.0641 9.9139 -0.1787 -6.5878 -1.4333 -1.4419 1.0078
-0.2534 99.4779 -0.0619 -0.1894 1.8358 0.2074 -0.0108 -3.7499 -0.1011 -0.5376 -6.0665 -0.0399 -1.0139 13.9425 -2.3401 2.6510 10.0740 2.2213 -0.8959 -3.5912 -0.4805 -0.9166 -0.1786 -1.3990 0.0033 -0.0065 -0.0071 0.7626 -10.4563 -3.8360 -0.7554 -10.4873 3.8204 -26.3274 12.2592 -13.4473 -52.9822 -14.3062 7.2972 0.9370 -0.5417 -31.5629 174.8836 -62.4998 176.6032 -14.7699 10.2390 13.2334 -61.1088 1.3915 1.7519 30.4375 9.3312 16.3425 39.0934 18.2386 19.5053 -0.8199 0.4840 38.3320 -12.7883 24.1392 -2.5817 16.2885 7.2543 -16.4690 50.2914 -3.5386 -5.6409 9.2725 -4.6261 7.5805 0.0202 1.7204 0.0095 -10.7615 3.6686 5.5314 1.6818 -0.6596 -2.1344 -8.3589 -4.4479 -6.2146 0.0192 1.6715 0.0696 9.9300 -0.1939 -6.5858 -1.4337 -1.4661 1.0112
-0.2531 99.4784 -0.0492 -0.1840 1.8164 0.2320 -0.0176 -3.7684 -0.0996 -0.5382 -6.0645 -0.0395 -1.0212 13.8878 -2.3306 2.6171 9.9920 2.2539 -0.9051 -3.5927 -0.5125 -0.9223 -0.1429 -1.4266 0.0051 -0.0038 -0.0163 0.7678 -10.4587 -3.8462 -0.7573 -10.4923 3.8124 -26.2853 12.2378 -13.4421 -52.9628 -14.2503 7.2366 0.9260 -0.5329 -31.6428 174.8050 -62.4335 176.7892 -14.7119 10.2742 13.2490 -61.0671 1.3985 1.7696 30.3721 9.3005 16.3257 39.1885 18.3000 19.4716 -0.8115 0.4641 38.3091 -12.8154 24.2123 -2.5715 16.2963 7.2687 -16.4862 50.2984 -3.5275 -5.6355 9.2703 -4.6068 7.5984 0.0270 1.7209 0.0121 -10.8018 3.6670 5.4562 1.6818 -0.6744 -2.1373 -8.3761 -4.4165 -6.2156 0.0167 1.6756 0.0732 9.9464 -0.1847 -6.6067 -1.4347 -1.4809 1.0162
-0.2618 99.4760 -0.0268 -0.1813 1.8006 0.2897 -0.0264 -3.7829 -0.0979 -0.5362 -6.0668 -0.0322 -1.0204 13.8425 -2.3405 2.5504 9.8935 2.2673 -0.9020 -3.5864 -0.5344 -0.9199 -0.1429 -1.4242 0.0052 -0.0041 -0.0165 0.7715 -10.4581 -3.8441 -0.7611 -10.4961 3.8110 -26.2457 12.2273 -13.4470 -52.9691 -14.2339 7.2261 0.9164 -0.5305 -31.7683 174.7531 -62.4268 177.0069 -14.6840 10.2666 13.2398 -61.0050 1.4032 1.7803 30.2825 9.3138 16.3152 39.2806 18.3188 19.4462 -0.8144 0.4606 38.3015 -12.8479 24.2566 -2.5636 16.3065 7.2666 -16.4812 50.3040 -3.5309 -5.6195 9.2662 -4.5954 7.6039 0.0289 1.7200 0.0057 -10.8374 3.6831 5.3879 1.6828 -0.6942 -2.1427 -8.3873 -4.3787 -6.2169 0.0186 1.6748 0.0751 9.9659 -0.1749 -6.6318 -1.4349 -1.5037 1.0224
-0.2598 99.4694 -0.0131 -0.1785 1.7820 0.3382 -0.0379 -3.7911 -0.0927 -0.5345 -6.0760 -0.0183 -1.0200 13.8093 -2.3493 2.4809 9.7719 2.2553 -0.8999 -3.5777 -0.5178 -0.9073 -0.1358 -1.4222 0.0034 -0.0049 -0.0075 0.7730 -10.4625 -3.8338 -0.7664 -10.5042 3.8196 -26.1895 12.2193 -13.4430 -53.0067 -14.2318 7.2205 0.8993 -0.5350 -31.8794 174.6024 -62.3742 177.2897 -14.7010 10.2475 13.2224 -60.9603 1.4062 1.7796 30.1863 9.3371 16.2832 39.3550 18.3254 19.4145 -0.8195 0.4434 38.3189 -12.8700 24.2579 -2.5389 16.2957 7.2749 -16.4836 50.2865 -3.5344 -5.6027 9.2654 -4.5777 7.5744 0.0261 1.7163 0.0011 -10.8415 3.6756 5.3684 1.6813 -0.6788 -2.1491 -8.4010 -4.3382 -6.2069 0.0208 1.6725 0.0783 9.9959 -0.1804 -6.6595 -1.4338 -1.5177 1.0273
-0.2458 99.4549 0.0018 -0.1756 1.7720 0.3774 -0.0510 -3.7940 -0.0869 -0.5319 -6.0863 -0.0242 -1.0157 13.7642 -2.3426 2.4048 9.6397 2.2525 -0.8892 -3.5761 -0.5138 -0.9100 -0.1035 -1.4090 0.0021 -0.0050 -0.0020 0.7736 -10.4627 -3.8271 -0.7701 -10.5087 3.8256 -26.1344 12.2420 -13.4549 -53.1086 -14.3214 7.3409 0.8546 -0.5360 -32.0108 174.4105 -62.3823 177.6318 -14.7416 10.2401 13.2305 -60.9609 1.4201 1.7641 30.0720 9.3373 16.2435 39.4279 18.2980 19.3397 -0.8036 0.4243 38.3388 -12.8572 24.3032 -2.4657 16.2665 7.2756 -16.4753 50.2689 -3.5268 -5.5865 9.2553 -4.5631 7.5461 0.0254 1.7130 -0.0032 -10.8341 3.6709 5.3676 1.6829 -0.6283 -2.1489 -8.4138 -4.3155 -6.1904 0.0272 1.6782 0.0746 10.0138 -0.2126 -6.6765 -1.4332 -1.5122 1.0313
-0.2367 99.4485 -0.0076 -0.1736 1.7750 0.3836 -0.0576 -3.8039 -0.1082 -0.5314 -6.0773 -0.0093 -1.0213 13.6882 -2.3420 2.3522 9.4757 2.2603 -0.8841 -3.5785 -0.5062 -0.9133 -0.0246 -1.3849 0.0009 -0.0053 0.0013 0.7749 -10.4601 -3.8250 -0.7741 -10.5088 3.8304 -26.0585 12.2528 -13.4382 -53.1997 -14.3759 7.4461 0.8039 -0.5401 -32.0959 174.2495 -62.2231 177.9087 -14.7582 10.2283 13.2102 -60.9965 1.4204 1.7384 29.9321 9.3115 16.2199 39.5283 18.2783 19.2499 -0.7838 0.4117 38.3572 -12.7890 24.3333 -2.3661 16.2391 7.2606 -16.4478 50.2136 -3.5288 -5.5632 9.2528 -4.5547 7.5216 0.0289 1.7026 0.0037 -10.8235 3.6639 5.3620 1.6825 -0.5959 -2.1456 -8.4184 -4.3056 -6.2150 0.0293 1.6651 0.0807 10.0120 -0.2331 -6.6762 -1.4320 -1.5001 1.0332
-0.2332 99.4328 -0.0048 -0.1738 1.7850 0.3865 -0.0598 -3.7992 -0.1008 -0.5295 -6.0760 -0.0164 -1.0336 13.5954 -2.3551 2.3081 9.3123 2.2616 -0.8821 -3.5756 -0.4700 -0.9163 0.0917 -1.3752 0.0009 -0.0068 0.0010 0.7792 -10.4620 -3.8255 -0.7785 -10.5127 3.8322 -25.9621 12.2489 -13.4358 -53.2903 -14.3328 7.5419 0.7719 -0.5383 -32.2339 174.0392 -62.1466 178.2555 -14.7528 10.2274 13.1713 -60.9978 1.4324 1.7263 29.7805 9.2733 16.2462 39.6195 18.2840 19.1262 -0.7392 0.4056 38.4060 -12.7278 24.3636 -2.2755 16.2319 7.2645 -16.4525 50.1835 -3.5432 -5.5738 9.2516 -4.5714 7.5156 0.0247 1.7228 -0.0002 -10.8070 3.6533 5.3442 1.6849 -0.5982 -2.1521 -8.4230 -4.3214 -6.2324 0.0305 1.6817 0.0771 9.9948 -0.2488 -6.6456 -1.4317 -1.4993 1.0283
-0.2277 99.4305 -0.0173 -0.1717 1.7872 0.3804 -0.0539 -3.7867 -0.1276 -0.5320 -6.0637 -0.0013 -1.0474 13.4826 -2.3683 2.2736 9.1460 2.2762 -0.8862 -3.5773 -0.4340 -0.9009 0.2639 -1.3502 0.0014 -0.0106 0.0005 0.7826 -10.4623 -3.8271 -0.7809 -10.5145 3.8324 -25.8532 12.2524 -13.4480 -53.3720 -14.2636 7.6149 0.7665 -0.5363 -32.3468 173.8369 -62.0614 178.5908 -14.7310 10.2274 13.1347 -60.9926 1.4471 1.7238 29.5788 9.2207 16.2871 39.7746 18.3033 19.0250 -0.7127 0.4217 38.4590 -12.6561 24.3926 -2.2522 16.2286 7.2536 -16.4468 50.1438 -3.5585 -5.5637 9.2496 -4.5823 7.5108 0.0232 1.7384 0.0064 -10.8000 3.6528 5.3032 1.6870 -0.6203 -2.1554 -8.4291 -4.3427 -6.2758 0.0291 1.6965 0.0764 9.9755 -0.2533 -6.6073 -1.4318 -1.5178 1.0219
-0.2224 99.4277 -0.0266 -0.1702 1.7804 0.3545 -0.0488 -3.7562 -0.1416 -0.5260 -6.0522 0.0134 -1.0633 13.3457 -2.3959 2.2452 8.9774 2.2785 -0.8667 -3.5734 -0.3720 -0.8734 0.4562 -1.2719 0.0029 -0.0141 -0.0063 0.7864 -10.4690 -3.8367 -0.7816 -10.5200 3.8275 -25.7178 12.2610 -13.4582 -53.4677 -14.1506 7.6840 0.7815 -0.5255 -32.4837 173.6031 -61.8719 178.9605 -14.7290 10.2069 13.0949 -60.9562 1.4657 1.7423 29.2806 9.1738 16.3288 40.0411 18.3077 18.9968 -0.7108 0.4467 38.4618 -12.5937 24.4172 -2.2652 16.2538 7.2652 -16.4572 50.1525 -3.5652 -5.5824 9.2468 -4.5781 7.5191 0.0204 1.7471 0.0006 -10.7849 3.6532 5.2626 1.6897 -0.6623 -2.1553 -8.4286 -4.3581 -6.3280 0.0260 1.7097 0.0729 9.9379 -0.2646 -6.5527 -1.4329 -1.5489 1.0165
-0.2011 99.4274 -0.0429 -0.1650 1.7719 0.3319 -0.0399 -3.7192 -0.1697 -0.5265 -6.0333 0.0259 -1.0785 13.1920 -2.4089 2.2411 8.7903 2.2603 -0.8413 -3.5661 -0.2860 -0.8453 0.6882 -1.1933 0.0043 -0.0166 -0.0119 0.7865 -10.4703 -3.8441 -0.7785 -10.5181 3.8224 -25.5619 12.2785 -13.4804 -53.5685 -14.0390 7.7463 0.7944 -0.5229 -32.5779 173.4051 -61.6166 179.2605 -14.7293 10.2012 13.0672 -60.9150 1.4703 1.7310 28.9244 9.1271 16.3746 40.3745 18.2708 18.9880 -0.7017 0.4680 38.4340 -12.5418 24.4684 -2.2859 16.2859 7.2712 -16.4395 50.1743 -3.5652 -5.5526 9.2378 -4.5730 7.5099 0.0151 1.7670 -0.0052 -10.7526 3.6311 5.2430 1.6921 -0.7017 -2.1473 -8.4390 -4.3645 -6.3782 0.0239 1.7110 0.0784 9.8920 -0.2716 -6.5100 -1.4351 -1.6047 1.0161
-0.2042 99.4370 -0.0510 -0.1580 1.7746 0.3087 -0.0323 -3.6758 -0.1755 -0.5269 -6.0231 0.0198 -1.0896 13.0319 -2.4167 2.2263 8.5797 2.2362 -0.8055 -3.5500 -0.2074 -0.7977 0.9554 -1.1265 0.0056 -0.0181 -0.0146 0.7854 -10.4721 -3.8480 -0.7748 -10.5186 3.8205 -25.3866 12.2850 -13.5165 -53.7054 -13.9155 7.8552 0.8144 -0.5241 -32.6558 173.1862 -61.4439 179.5206 -14.7168 10.2158 13.0560 -60.9063 1.4773 1.7199 28.5182 9.0795 16.4219 40.7429 18.2678 19.0015 -0.6912 0.4853 38.4277 -12.5431 24.4576 -2.3286 16.3190 7.2888 -16.4433 50.2581 -3.5562 -5.5589 9.2168 -4.5754 7.4934 0.0108 1.7921 -0.0130 -10.7348 3.6010 5.2650 1.6928 -0.7362 -2.1428 -8.4379 -4.3839 -6.4133 0.0232 1.7159 0.0831 9.8262 -0.2634 -6.4569 -1.4372 -1.6652 1.0145
-0.1823 99.4359 -0.0545 -0.1538 1.7725 0.2835 -0.0144 -3.6338 -0.1945 -0.5310 -5.9970 0.0256 -1.0983 12.8736 -2.4158 2.1952 8.3579 2.2184 -0.7832 -3.5328 -0.1466 -0.7223 1.2303 -1.0820 0.0064 -0.0217 -0.0146 0.7841 -10.4626 -3.8477 -0.7719 -10.5073 3.8193 -25.2214 12.2726 -13.5465 -53.8354 -13.8332 8.0271 0.7999 -0.5267 -32.7018 172.9418 -61.5102 179.7523 -14.6890 10.2402 13.0622 -60.9085 1.4859 1.7050 28.1089 9.0574 16.4915 41.1085 18.2130 18.9881 -0.6842 0.5041 38.4087 -12.5085 24.3939 -2.3569 16.3308 7.2845 -16.4433 50.2862 -3.5685 -5.5567 9.2138 -4.5658 7.4799 0.0115 1.7983 -0.0129 -10.7363 3.5728 5.3185 1.6940 -0.7678 -2.1396 -8.4436 -4.4014 -6.4248 0.0257 1.7189 0.0913 9.7690 -0.2272 -6.4151 -1.4410 -1.7185 1.0133
-0.1832 99.4427 -0.0698 -0.1512 1.7735 0.2528 0.0110 -3.5966 -0.2083 -0.5346 -5.9712 0.0273 -1.1199 12.7346 -2.4170 2.1673 8.1438 2.2264 -0.7768 -3.5200 -0.1102 -0.6565 1.4732 -1.0571 0.0077 -0.0234 -0.0205 0.7847 -10.4591 -3.8528 -0.7698 -10.5014 3.8115 -25.0619 12.2787 -13.5834 -53.9737 -13.7902 8.2224 0.7814 -0.5163 -32.7466 172.6581 -61.7575 -179.9725 -14.6575 10.2706 13.0804 -60.9013 1.4925 1.6954 27.7156 9.0093 16.5458 41.4620 18.1864 18.9806 -0.6863 0.5083 38.3986 -12.4861 24.3348 -2.3908 16.3400 7.2836 -16.4540 50.3254 -3.5806 -5.5605 9.2068 -4.5565 7.4519 0.0105 1.7994 -0.0080 -10.7481 3.5334 5.3612 1.6950 -0.8021 -2.1364 -8.4393 -4.4205 -6.4319 0.0265 1.7248 0.0856 9.7178 -0.1926 -6.3733 -1.4432 -1.7571 1.0121
-0.1923 99.4422 -0.0725 -0.1482 1.7675 0.2083 0.0346 -3.5613 -0.1857 -0.5423 -5.9560 0.0206 -1.1410 12.6236 -2.4187 2.1356 7.9302 2.2424 -0.7849 -3.5020 -0.0921 -0.5856 1.6645 -1.0627 0.0088 -0.0235 -0.0207 0.7891 -10.4517 -3.8515 -0.7724 -10.4920 3.8107 -24.9322 12.3022 -13.6084 -54.0757 -13.7182 8.3803 0.7725 -0.4941 -32.8181 172.3012 -62.0320 -179.5912 -14.6471 10.2949 13.0977 -60.9013 1.4794 1.7193 27.3348 8.9489 16.5826 41.8045 18.1679 18.9916 -0.6580 0.5033 38.3909 -12.4668 24.3292 -2.4516 16.3189 7.2921 -16.4702 50.3034 -3.5965 -5.5636 9.2111 -4.5315 7.4258 0.0097 1.7955 0.0020 -10.7707 3.4889 5.4219 1.6946 -0.8519 -2.1477 -8.4346 -4.4346 -6.4102 0.0242 1.7405 0.0730 9.6793 -0.1863 -6.3270 -1.4470 -1.7870 1.0131
-0.1931 99.4425 -0.0550 -0.1478 1.7601 0.1735 0.0556 -3.5353 -0.1673 -0.5487 -5.9465 0.0372 -1.1684 12.5364 -2.4467 2.1010 7.7297 2.2671 -0.7939 -3.4814 -0.1125 -0.5170 1.8026 -1.0752 0.0091 -0.0212 -0.0212 0.7961 -10.4500 -3.8511 -0.7789 -10.4873 3.8095 -24.8175 12.3294 -13.6262 -54.1751 -13.6316 8.4980 0.7814 -0.4735 -32.8640 171.9144 -62.3412 -179.1832 -14.6538 10.3060 13.1250 -60.8977 1.4823 1.7466 26.9726 8.8980 16.6182 42.1332 18.1480 19.0168 -0.6386 0.4996 38.3851 -12.4925 24.4106 -2.5502 16.3143 7.3040 -16.4818 50.2978 -3.6076 -5.5773 9.2178 -4.5056 7.4022 0.0135 1.7828 0.0065 -10.7882 3.4811 5.4562 1.6945 -0.8988 -2.1676 -8.4214 -4.4452 -6.4163 0.0240 1.7680 0.0545 9.6619 -0.1873 -6.2835 -1.4485 -1.8000 1.0095
-0.2187 99.4308 -0.0533 -0.1577 1.7557 0.1589 0.0765 -3.5224 -0.1593 -0.5464 -5.9264 0.0628 -1.1900 12.4477 -2.4696 2.0655 7.5389 2.2646 -0.7943 -3.4690 -0.1227 -0.4614 1.9635 -1.0664 0.0088 -0.0196 -0.0187 0.8019 -10.4515 -3.8496 -0.7857 -10.4884 3.8137 -24.7290 12.3224 -13.6079 -54.2712 -13.5241 8.5976 0.8110 -0.4609 -32.8873 171.5678 -62.6446 -178.8057 -14.6876 10.3094 13.1618 -60.9249 1.4800 1.7903 26.6485 8.8583 16.6256 42.4139 18.1473 19.0427 -0.6234 0.5019 38.3990 -12.5460 24.4580 -2.6751 16.2999 7.3147 -16.4856 50.2916 -3.6089 -5.5713 9.2341 -4.4820 7.3768 0.0197 1.7658 0.0172 -10.7995 3.4802 5.4863 1.6926 -0.9305 -2.1841 -8.3947 -4.4485 -6.4454 0.0257 1.7829 0.0455 9.6506 -0.2019 -6.2728 -1.4489 -1.8006 1.0051
-0.2385 99.4236 -0.0318 -0.1655 1.7639 0.1650 0.0873 -3.5115 -0.1367 -0.5408 -5.9136 0.0826 -1.2091 12.3513 -2.4862 2.0238 7.3490 2.2370 -0.7829 -3.4593 -0.0870 -0.4212 2.1368 -1.0589 0.0086 -0.0196 -0.0147 0.8083 -10.4514 -3.8461 -0.7927 -10.4898 3.8195 -24.6305 12.3157 -13.5925 -54.4340 -13.4523 8.7960 0.8154 -0.4406 -32.9136 171.1356 -62.8746 -178.4125 -14.7549 10.3123 13.2333 -60.9843 1.4903 1.8451 26.3348 8.8180 16.6286 42.7218 18.1302 19.0364 -0.6123 0.5011 38.4090 -12.6212 24.4214 -2.7614 16.2983 7.3302 -16.4988 50.2740 -3.6141 -5.5543 9.2570 -4.4755 7.3665 0.0223 1.7558 0.0161 -10.8225 3.4844 5.4985 1.6897 -0.9439 -2.1995 -8.3663 -4.4594 -6.4846 0.0302 1.8097 0.0449 9.6568 -0.2270 -6.2619 -1.4476 -1.8130 1.0043
-0.2687 99.4291 -0.0071 -0.1790 1.7882 0.1633 0.0974 -3.5029 -0.1302 -0.5302 -5.9052 0.1092 -1.2188 12.2381 -2.5024 1.9707 7.1321 2.2145 -0.7689 -3.4482 -0.0671 -0.3937 2.3126 -0.9997 0.0086 -0.0190 -0.0133 0.8112 -10.4504 -3.8456 -0.7954 -10.4890 3.8217 -24.5137 12.3032 -13.5658 -54.6284 -13.3764 9.0302 0.8039 -0.4208 -32.9540 170.7114 -62.9867 -178.0141 -14.7923 10.3398 13.3015 -61.0578 1.5059 1.8838 26.0212 8.8010 16.6210 43.0446 18.0276 19.0005 -0.5980 0.4760 38.3935 -12.6356 24.3276 -2.7429 16.3174 7.3397 -16.4965 50.2675 -3.6068 -5.5324 9.2772 -4.4871 7.3562 0.0269 1.7591 0.0264 -10.8344 3.4737 5.4543 1.6866 -0.9384 -2.2030 -8.3334 -4.4716 -6.5295 0.0332 1.8242 0.0440 9.6559 -0.2405 -6.2660 -1.4447 -1.8219 1.0017
-0.3079 99.4216 0.0431 -0.1963 1.8307 0.2005 0.1093 -3.4910 -0.1413 -0.5214 -5.8866 0.1411 -1.2154 12.0852 -2.5126 1.9069 6.8794 2.1833 -0.7409 -3.4442 -0.0342 -0.3665 2.5553 -0.9341 0.0086 -0.0216 -0.0134 0.8151 -10.4472 -3.8473 -0.7991 -10.4882 3.8234 -24.3573 12.2690 -13.5352 -54.8526 -13.2339 9.2555 0.8396 -0.3875 -33.0523 170.3757 -63.0043 -177.6849 -14.7896 10.3494 13.3206 -61.0798 1.5188 1.8661 25.7241 8.7857 16.6093 43.3878 17.8794 18.9491 -0.5885 0.4789 38.3169 -12.6299 24.2362 -2.6833 16.3577 7.3290 -16.4797 50.2568 -3.6117 -5.5085 9.3096 -4.5119 7.3210 0.0272 1.7398 0.0356 -10.8388 3.4951 5.4226 1.6837 -0.9468 -2.1995 -8.3086 -4.4771 -6.5505 0.0386 1.8008 0.0509 9.6490 -0.2380 -6.3153 -1.4410 -1.8339 0.9969
-0.3477 99.4374 0.0936 -0.2114 1.8803 0.2397 0.1262 -3.4593 -0.1470 -0.5164 -5.8799 0.1239 -1.2136 11.9009 -2.5021 1.8563 6.6075 2.1846 -0.7052 -3.4385 0.0210 -0.3414 2.8881 -0.8572 0.0071 -0.0260 -0.0087 0.8165 -10.4524 -3.8425 -0.8033 -10.4920 3.8281 -24.1465 12.2594 -13.5217 -55.1330 -13.0706 9.5268 0.8825 -0.3882 -33.2085 170.1260 -63.0186 -177.4084 -14.8387 10.3741 13.3351 -61.2175 1.5316 1.8256 25.4193 8.7867 16.6552 43.7451 17.6916 18.8181 -0.5488 0.4507 38.2706 -12.7078 24.2479 -2.6278 16.4033 7.3000 -16.4727 50.2514 -3.6222 -5.5134 9.3325 -4.5574 7.3025 0.0217 1.7450 0.0413 -10.8270 3.4882 5.3943 1.6816 -0.9640 -2.1855 -8.2787 -4.4961 -6.5559 0.0422 1.7953 0.0396 9.6305 -0.2625 -6.3570 -1.4371 -1.8372 0.9947
-0.3738 99.4476 0.1264 -0.2269 1.9338 0.2866 0.1406 -3.4186 -0.1757 -0.5143 -5.8582 0.1280 -1.1998 11.6763 -2.4867 1.8228 6.3144 2.1928 -0.6431 -3.4401 0.1116 -0.3049 3.2680 -0.7576 0.0059 -0.0340 -0.0040 0.8198 -10.4518 -3.8379 -0.8089 -10.4896 3.8330 -23.8864 12.2306 -13.5043 -55.4431 -12.8867 9.8314 0.9299 -0.3908 -33.3561 169.9759 -62.9312 -177.3183 -14.8832 10.3754 13.3635 -61.3605 1.5323 1.7965 25.1025 8.7837 16.7108 44.1570 17.5102 18.7183 -0.5494 0.4486 38.1881 -12.8351 24.3488 -2.5992 16.4476 7.2730 -16.4753 50.2611 -3.6278 -5.5187 9.3606 -4.6068 7.2937 0.0148 1.7441 0.0291 -10.8135 3.5013 5.3738 1.6819 -0.9963 -2.1632 -8.2458 -4.5182 -6.5699 0.0403 1.7781 0.0243 9.5985 -0.2614 -6.4016 -1.4359 -1.8153 0.9989
-0.4117 99.4550 0.1448 -0.2375 1.9813 0.3201 0.1530 -3.3787 -0.2078 -0.5177 -5.8397 0.1391 -1.1728 11.4618 -2.4476 1.8315 6.0331 2.1840 -0.5864 -3.4380 0.2496 -0.2600 3.6609 -0.6742 0.0055 -0.0399 0.0030 0.8242 -10.4568 -3.8327 -0.8139 -10.4924 3.8412 -23.6036 12.1945 -13.5195 -55.7495 -12.6836 10.0970 1.0071 -0.3882 -33.5176 169.8278 -62.7536 -177.2106 -14.9523 10.3668 13.3904 -61.4675 1.5272 1.7937 24.7762 8.7628 16.7435 44.5966 17.3747 18.6714 -0.5991 0.4788 38.0779 -12.9969 24.5085 -2.5922 16.4763 7.2551 -16.4861 50.2525 -3.6376 -5.5594 9.3941 -4.6503 7.2730 0.0077 1.7520 0.0212 -10.8020 3.5105 5.3545 1.6844 -1.0358 -2.1415 -8.2119 -4.5476 -6.6105 0.0400 1.7714 0.0057 9.5607 -0.2422 -6.4188 -1.4377 -1.7787 0.9992
-0.4285 99.4580 0.1919 -0.2484 2.0147 0.3727 0.1613 -3.3319 -0.2261 -0.5264 -5.8195 0.1453 -1.1348 11.2546 -2.4180 1.8796 5.7765 2.1346 -0.5320 -3.4302 0.4246 -0.2186 4.0552 -0.6016 0.0058 -0.0435 0.0100 0.8282 -10.4556 -3.8260 -0.8169 -10.4887 3.8475 -23.2849 12.1875 -13.5561 -56.0549 -12.4725 10.2806 1.1005 -0.3746 -33.6448 169.7086 -62.2495 -177.0921 -15.0283 10.3509 13.3818 -61.5549 1.5110 1.7899 24.4573 8.7175 16.7625 45.0089 17.2695 18.6099 -0.6481 0.5007 37.9931 -13.1584 24.7740 -2.6557 16.4956 7.2528 -16.4912 50.2472 -3.6469 -5.5756 9.4189 -4.6747 7.2416 0.0041 1.7542 0.0104 -10.7844 3.4742 5.3558 1.6847 -1.0445 -2.1252 -8.1755 -4.5655 -6.6497 0.0362 1.7709 -0.0042 9.5307 -0.2085 -6.4525 -1.4410 -1.7443 0.9984
-0.4532 99.4695 0.2183 -0.2541 2.0260 0.4027 0.1663 -3.2772 -0.2294 -0.5385 -5.7975 0.1387 -1.0974 11.0766 -2.3869 1.9554 5.5714 2.0923 -0.4862 -3.4204 0.5712 -0.1902 4.4107 -0.5475 0.0059 -0.0448 0.0111 0.8306 -10.4589 -3.8260 -0.8189 -10.4897 3.8486 -22.9882 12.1640 -13.5799 -56.3131 -12.3002 10.4592 1.1525 -0.3766 -33.7403 169.6385 -61.7749 -176.9935 -15.1467 10.3135 13.3997 -61.6571 1.4884 1.8010 24.1603 8.6601 16.7573 45.3385 17.1682 18.5241 -0.6532 0.4987 37.9452 -13.2928 25.0908 -2.7111 16.5205 7.2740 -16.5362 50.2658 -3.6593 -5.6461 9.4412 -4.6605 7.1949 0.0006 1.7417 0.0142 -10.7839 3.4228 5.3916 1.6850 -1.0252 -2.1262 -8.1504 -4.5644 -6.6831 0.0334 1.7665 -0.0186 9.5184 -0.1954 -6.4728 -1.4433 -1.7235 0.9922
-0.4561 99.4689 0.2503 -0.2628 2.0160 0.4275 0.1702 -3.2213 -0.2301 -0.5500 -5.7634 0.1468 -1.0542 10.9179 -2.3720 2.0271 5.3941 2.0647 -0.4489 -3.4157 0.6650 -0.1651 4.6894 -0.5018 0.0064 -0.0456 0.0028 0.8333 -10.4565 -3.8356 -0.8205 -10.4874 3.8400 -22.7230 12.1528 -13.6041 -56.5184 -12.2075 10.6580 1.1438 -0.3744 -33.7635 169.5625 -61.3915 -176.9127 -15.2212 10.2926 13.4485 -61.7545 1.4726 1.7996 23.8992 8.6016 16.7087 45.5911 17.1075 18.4455 -0.6244 0.5066 37.9159 -13.3658 25.2615 -2.7389 16.5040 7.2862 -16.5623 50.2887 -3.6637 -5.6692 9.4690 -4.6231 7.1408 0.0029 1.7225 0.0187 -10.8085 3.3936 5.4374 1.6846 -0.9824 -2.1327 -8.1351 -4.5400 -6.6859 0.0290 1.7579 -0.0205 9.4991 -0.1846 -6.5352 -1.4440 -1.7013 0.9885
-0.4778 99.4807 0.2733 -0.2646 1.9904 0.4484 0.1636 -3.1651 -0.2040 -0.5605 -5.7413 0.1256 -1.0035 10.8092 -2.3467 2.0958 5.2824 2.0420 -0.4355 -3.4077 0.7073 -0.1271 4.8680 -0.4786 0.0075 -0.0452 -0.0086 0.8355 -10.4605 -3.8474 -0.8204 -10.4907 3.8284 -22.4840 12.1685 -13.6344 -56.6631 -12.1499 10.7945 1.0741 -0.3781 -33.7389 169.4305 -61.0672 -176.7649 -15.2521 10.3240 13.5130 -61.8386 1.4734 1.7886 23.6567 8.5495 16.6510 45.7907 17.0790 18.3756 -0.5710 0.4846 37.9157 -13.3929 25.3601 -2.7257 16.4470 7.3050 -16.5896 50.2933 -3.6553 -5.6895 9.4743 -4.5777 7.0581 0.0083 1.7206 0.0257 -10.8231 3.3564 5.5000 1.6819 -0.9450 -2.1447 -8.1232 -4.5049 -6.6933 0.0298 1.7668 -0.0214 9.4716 -0.1842 -6.5712 -1.4456 -1.6964 0.9863
-0.4681 99.4787 0.2723 -0.2669 1.9611 0.4658 0.1592 -3.1157 -0.1910 -0.5717 -5.7201 0.1244 -0.9594 10.7316 -2.3419 2.1730 5.2070 2.0198 -0.4250 -3.4069 0.7333 -0.0888 4.9961 -0.4509 0.0083 -0.0450 -0.0180 0.8368 -10.4740 -3.8573 -0.8202 -10.5037 3.8193 -22.2773 12.1841 -13.6416 -56.7571 -12.1095 10.8923 1.0003 -0.3929 -33.6698 169.3195 -60.7541 -176.6433 -15.2248 10.3534 13.5428 -61.9120 1.4643 1.8100 23.4634 8.5230 16.6089 45.9203 17.1023 18.3449 -0.5312 0.4688 37.9164 -13.4159 25.4459 -2.6861 16.4119 7.3118 -16.5832 50.2839 -3.6355 -5.6797 9.4868 -4.5383 6.9913 0.0143 1.7210 0.0351 -10.8382 3.3490 5.5440 1.6791 -0.9316 -2.1598 -8.1159 -4.4711 -6.6742 0.0294 1.7910 -0.0280 9.4597 -0.1655 -6.6222 -1.4454 -1.7130 0.9811
-0.4665 99.4789 0.3093 -0.2711 1.9355 0.4718 0.1496 -3.0749 -0.1874 -0.5755 -5.7084 0.1391 -0.9214 10.6890 -2.3297 2.2641 5.1373 1.9894 -0.4271 -3.3959 0.7552 -0.0529 5.0627 -0.4322 0.0059 -0.0445 -0.0151 0.8336 -10.4808 -3.8529 -0.8219 -10.5061 3.8221 -22.1145 12.1953 -13.6133 -56.8009 -12.0329 10.8795 0.9654 -0.4021 -33.6147 169.1999 -60.4776 -176.4858 -15.1802 10.3892 13.5448 -61.9767 1.4640 1.8410 23.3275 8.5238 16.5606 46.0170 17.1145 18.3535 -0.5328 0.4742 37.8475 -13.3795 25.5153 -2.6056 16.3935 7.3086 -16.5676 50.2481 -3.6189 -5.6602 9.4967 -4.5110 6.9561 0.0180 1.7303 0.0367 -10.8596 3.3408 5.5666 1.6781 -0.9136 -2.1781 -8.1175 -4.4545 -6.6508 0.0314 1.8164 -0.0469 9.4600 -0.1589 -6.6622 -1.4453 -1.7240 0.9692
-0.4708 99.4698 0.2945 -0.2756 1.9206 0.4724 0.1379 -3.0369 -0.1732 -0.5764 -5.7000 0.1462 -0.8896 10.6481 -2.3184 2.3553 5.1003 1.9507 -0.4220 -3.3941 0.7872 -0.0498 5.1159 -0.3950 0.0027 -0.0446 -0.0072 0.8330 -10.4881 -3.8431 -0.8280 -10.5127 3.8305 -21.9613 12.2019 -13.5696 -56.8291 -11.9225 10.8658 0.9172 -0.4114 -33.6353 169.1192 -60.2619 -176.4106 -15.1685 10.4029 13.5511 -62.0384 1.4682 1.8614 23.2307 8.5278 16.5077 46.0853 17.1508 18.3777 -0.5523 0.4571 37.7829 -13.3260 25.4838 -2.5033 16.3661 7.3078 -16.5415 50.2068 -3.6153 -5.6257 9.5084 -4.4912 6.9185 0.0175 1.7233 0.0381 -10.8768 3.3605 5.5922 1.6755 -0.9081 -2.1827 -8.1120 -4.4445 -6.6410 0.0327 1.8225 -0.0530 9.4705 -0.1540 -6.6699 -1.4416 -1.7416 0.9664
-0.4761 99.4554 0.2960 -0.2848 1.9241 0.4640 0.1310 -3.0134 -0.1758 -0.5733 -5.6887 0.1471 -0.8619 10.6112 -2.2949 2.4302 5.0607 1.9155 -0.4057 -3.3871 0.8167 -0.0737 5.1782 -0.3686 0.0004 -0.0454 0.0038 0.8311 -10.4861 -3.8313 -0.8305 -10.5114 3.8417 -21.8366 12.2055 -13.5373 -56.8640 -11.8313 10.9089 0.8731 -0.4197 -33.6850 169.1098 -60.2151 -176.4200 -15.1827 10.4083 13.5719 -62.1128 1.4719 1.8744 23.1526 8.5363 16.4484 46.1487 17.1397 18.3797 -0.5618 0.4614 37.7246 -13.2984 25.4495 -2.4155 16.3806 7.2973 -16.5204 50.1925 -3.6033 -5.5880 9.5258 -4.5014 6.9292 0.0189 1.7234 0.0326 -10.8812 3.3613 5.5840 1.6733 -0.9086 -2.1837 -8.1129 -4.4651 -6.6731 0.0352 1.8334 -0.0561 9.5218 -0.1671 -6.6272 -1.4386 -1.7425 0.9708
-0.4646 99.4411 0.2769 -0.2987 1.9383 0.4499 0.1328 -3.0020 -0.1877 -0.5684 -5.6818 0.1362 -0.8386 10.5773 -2.2524 2.5029 5.0253 1.8862 -0.3918 -3.3883 0.8537 -0.1050 5.2361 -0.3362 -0.0020 -0.0467 0.0150 0.8288 -10.4842 -3.8208 -0.8329 -10.5082 3.8545 -21.7363 12.2136 -13.5158 -56.8763 -11.6962 10.8888 0.8735 -0.4129 -33.7444 169.1134 -60.1861 -176.4824 -15.1994 10.4290 13.6118 -62.1839 1.5010 1.8768 23.0813 8.5304 16.3919 46.2512 17.0947 18.3838 -0.5812 0.4635 37.6630 -13.2518 25.4773 -2.3603 16.3890 7.2906 -16.5246 50.1542 -3.6087 -5.5978 9.5452 -4.5265 6.9347 0.0189 1.7388 0.0405 -10.8781 3.3362 5.5929 1.6725 -0.8981 -2.1746 -8.0988 -4.5033 -6.7223 0.0369 1.8406 -0.0583 9.5607 -0.1854 -6.5628 -1.4352 -1.7084 0.9754
-0.4681 99.4452 0.2658 -0.3171 1.9639 0.4274 0.1384 -2.9942 -0.2094 -0.5615 -5.6807 0.1292 -0.8141 10.5502 -2.2211 2.5423 4.9637 1.8546 -0.3724 -3.3918 0.9013 -0.1323 5.3210 -0.3128 -0.0033 -0.0495 0.0242 0.8270 -10.4834 -3.8118 -0.8334 -10.5082 3.8642 -21.6643 12.2242 -13.5123 -56.8892 -11.6014 10.8846 0.8815 -0.4098 -33.7364 169.2991 -60.1147 -176.7255 -15.2358 10.4402 13.6390 -62.3000 1.5152 1.8635 23.0215 8.5602 16.3730 46.3541 17.0297 18.3920 -0.5944 0.4695 37.6515 -13.2131 25.5156 -2.3643 16.4106 7.2771 -16.5383 50.1286 -3.6278 -5.6140 9.5722 -4.5750 6.9516 0.0188 1.7608 0.0471 -10.8721 3.3134 5.6016 1.6726 -0.8869 -2.1647 -8.0795 -4.5630 -6.7386 0.0367 1.8568 -0.0605 9.5761 -0.1743 -6.4898 -1.4327 -1.6612 0.9820
-0.4494 99.4542 0.2345 -0.3377 1.9889 0.4024 0.1424 -2.9887 -0.2390 -0.5498 -5.6722 0.1357 -0.7906 10.5137 -2.1971 2.5695 4.8851 1.8131 -0.3579 -3.3919 0.9344 -0.1564 5.4038 -0.2786 -0.0029 -0.0515 0.0208 0.8268 -10.4867 -3.8170 -0.8322 -10.5110 3.8602 -21.6306 12.2456 -13.5196 -56.8742 -11.5966 10.9082 0.8602 -0.4027 -33.6758 169.5065 -60.0349 -176.9835 -15.2845 10.4183 13.6459 -62.3503 1.5187 1.8536 22.9831 8.5819 16.3358 46.4414 16.9465 18.4002 -0.6088 0.4728 37.6205 -13.0921 25.5720 -2.3387 16.4190 7.2725 -16.5700 50.1254 -3.6404 -5.6651 9.5946 -4.6172 6.9580 0.0184 1.7638 0.0520 -10.8639 3.3050 5.6217 1.6724 -0.8737 -2.1516 -8.0517 -4.6172 -6.7635 0.0377 1.8497 -0.0569 9.5742 -0.1467 -6.4245 -1.4302 -1.6229 0.9830
-0.4631 99.4588 0.2357 -0.3556 2.0082 0.3579 0.1489 -2.9709 -0.2353 -0.5481 -5.6687 0.1422 -0.7756 10.4876 -2.2038 2.5929 4.7863 1.7753 -0.3415 -3.3797 0.9822 -0.2158 5.4459 -0.3097 -0.0007 -0.0549 0.0174 0.8294 -10.4870 -3.8218 -0.8302 -10.5119 3.8576 -21.6452 12.2429 -13.5637 -56.8484 -11.6514 10.9663 0.8272 -0.3836 -33.5557 169.7558 -60.0006 -177.1725 -15.3149 10.3803 13.6172 -62.3358 1.4954 1.8236 23.0011 8.6130 16.3323 46.4806 16.8888 18.4378 -0.5993 0.4795 37.5891 -13.0162 25.5935 -2.2928 16.4162 7.2596 -16.5790 50.1092 -3.6629 -5.7158 9.6145 -4.6496 6.9738 0.0162 1.7727 0.0417 -10.8506 3.2964 5.6508 1.6728 -0.8736 -2.1441 -8.0389 -4.6694 -6.7446 0.0384 1.8648 -0.0525 9.5843 -0.1156 -6.3870 -1.4301 -1.5941 0.9886
-0.4652 99.4611 0.2012 -0.3607 1.9975 0.3204 0.1543 -2.9481 -0.2288 -0.5531 -5.6630 0.1461 -0.7787 10.4892 -2.2205 2.6265 4.7079 1.7624 -0.3442 -3.3684 0.9804 -0.2922 5.3897 -0.3437 0.0010 -0.0559 0.0137 0.8318 -10.4893 -3.8280 -0.8289 -10.5142 3.8554 -21.6887 12.2079 -13.5831 -56.8065 -11.7495 10.9788 0.7842 -0.3643 -33.3665 169.9632 -60.0121 -177.2644 -15.3005 10.3624 13.5685 -62.2591 1.4757 1.7957 23.0558 8.6279 16.3350 46.5064 16.8794 18.5352 -0.6108 0.4981 37.5708 -12.9265 25.6191 -2.2463 16.4273 7.2487 -16.5879 50.1129 -3.6775 -5.7663 9.6243 -4.6550 7.0138 0.0173 1.7829 0.0381 -10.8624 3.2672 5.6633 1.6744 -0.8781 -2.1435 -8.0413 -4.6982 -6.7261 0.0373 1.8951 -0.0517 9.6043 -0.1017 -6.3352 -1.4319 -1.5874 0.9869
-0.4470 99.4684 0.1984 -0.3536 1.9776 0.2807 0.1448 -2.9274 -0.2167 -0.5586 -5.6658 0.1389 -0.7859 10.5190 -2.2286 2.6556 4.6562 1.7891 -0.3546 -3.3653 0.9285 -0.3874 5.2547 -0.3871 0.0017 -0.0561 0.0081 0.8327 -10.4924 -3.8334 -0.8285 -10.5155 3.8489 -21.7589 12.1674 -13.6049 -56.7191 -11.8301 10.8771 0.7933 -0.3483 -33.1874 170.2055 -59.8486 -177.3886 -15.3063 10.3350 13.5084 -62.2200 1.4603 1.7722 23.1393 8.6516 16.3378 46.4690 16.9396 18.6712 -0.6122 0.4947 37.6205 -12.8267 25.6680 -2.2580 16.4366 7.2537 -16.5934 50.1345 -3.6873 -5.7992 9.6172 -4.6448 7.0631 0.0152 1.7975 0.0416 -10.8970 3.2290 5.6437 1.6743 -0.8751 -2.1472 -8.0569 -4.7152 -6.7104 0.0350 1.9278 -0.0488 9.6054 -0.1016 -6.2692 -1.4336 -1.5871 0.9849
-0.4347 99.4691 0.1960 -0.3454 1.9463 0.2586 0.1305 -2.9227 -0.2291 -0.5647 -5.6556 0.1600 -0.7929 10.5747 -2.2466 2.6471 4.6402 1.8131 -0.3696 -3.3681 0.8557 -0.4675 5.0367 -0.4188 0.0022 -0.0557 0.0018 0.8368 -10.4892 -3.8403 -0.8319 -10.5126 3.8415 -21.8838 12.1329 -13.6193 -56.5908 -11.9859 10.7165 0.8079 -0.3398 -33.0099 170.4913 -59.7171 -177.5598 -15.3166 10.3123 13.4793 -62.2204 1.4557 1.7632 23.2504 8.6812 16.3275 46.3992 17.0231 18.8380 -0.6331 0.4881 37.7215 -12.7312 25.7641 -2.3021 16.4354 7.2703 -16.5836 50.1623 -3.6797 -5.8105 9.6098 -4.6215 7.1076 0.0168 1.7965 0.0428 -10.9637 3.2289 5.6210 1.6735 -0.8575 -2.1455 -8.0851 -4.7018 -6.6847 0.0339 1.9374 -0.0411 9.6008 -0.0916 -6.2480 -1.4357 -1.5835 0.9830
-0.4100 99.4754 0.1868 -0.3337 1.8875 0.2507 0.1169 -2.9198 -0.2190 -0.5716 -5.6507 0.1452 -0.8140 10.6732 -2.2580 2.6225 4.6771 1.8675 -0.3972 -3.3789 0.7596 -0.5351 4.7419 -0.4607 0.0025 -0.0531 -0.0035 0.8380 -10.4933 -3.8445 -0.8328 -10.5172 3.8350 -22.0255 12.1329 -13.6113 -56.4285 -12.2118 10.5222 0.8047 -0.3555 -32.8763 170.8548 -59.6844 -177.8471 -15.3122 10.2978 13.4852 -62.1964 1.4368 1.7769 23.3906 8.7285 16.3359 46.2392 17.0743 18.9801 -0.5839 0.4666 37.8532 -12.6378 25.8077 -2.3326 16.4101 7.2870 -16.5716 50.1654 -3.6621 -5.8092 9.5979 -4.5774 7.1659 0.0161 1.8089 0.0355 -11.0163 3.2389 5.5580 1.6722 -0.8300 -2.1500 -8.1156 -4.6541 -6.6498 0.0306 1.9491 -0.0389 9.6001 -0.0972 -6.2696 -1.4376 -1.5854 0.9863
-0.3872 99.4795 0.1659 -0.3233 1.8101 0.2502 0.1016 -2.9303 -0.2111 -0.5723 -5.6534 0.1335 -0.8481 10.8124 -2.2702 2.5634 4.7659 1.9269 -0.4486 -3.3845 0.6533 -0.5843 4.3869 -0.5198 0.0022 -0.0466 -0.0020 0.8376 -10.4943 -3.8421 -0.8333 -10.5167 3.8358 -22.2082 12.1476 -13.5969 -56.2263 -12.4912 10.2826 0.7803 -0.3722 -32.7722 171.1637 -59.7237 -178.1183 -15.2970 10.3064 13.5149 -62.1547 1.4358 1.7989 23.5826 8.7905 16.3337 45.9937 17.1230 19.1296 -0.5288 0.4616 37.9943 -12.5346 25.8363 -2.3208 16.3669 7.2953 -16.5653 50.1392 -3.6488 -5.7874 9.5881 -4.5224 7.2327 0.0179 1.8324 0.0348 -11.0641 3.2542 5.4605 1.6695 -0.8047 -2.1680 -8.1560 -4.5742 -6.6128 0.0280 1.9539 -0.0340 9.6216 -0.1024 -6.2968 -1.4399 -1.5894 0.9915
-0.3549 99.4785 0.1544 -0.3077 1.7395 0.2600 0.0834 -2.9526 -0.1897 -0.5728 -5.6670 0.1044 -0.8930 10.9682 -2.2868 2.4779 4.9189 1.9666 -0.4944 -3.3934 0.5777 -0.6524 4.0286 -0.5953 0.0021 -0.0408 0.0011 0.8387 -10.4992 -3.8381 -0.8350 -10.5225 3.8406 -22.4304 12.1527 -13.5612 -55.9753 -12.7812 10.0468 0.7510 -0.3916 -32.7422 171.4245 -59.8793 -178.3365 -15.2551 10.3000 13.5049 -62.1006 1.4282 1.8207 23.8380 8.8456 16.3438 45.6754 17.2408 19.3244 -0.5066 0.4553 38.1574 -12.4896 25.8709 -2.3060 16.3540 7.3163 -16.5579 50.1557 -3.6374 -5.7597 9.5741 -4.4781 7.3118 0.0139 1.8576 0.0313 -11.0838 3.2889 5.3198 1.6691 -0.8059 -2.1929 -8.2014 -4.4906 -6.5820 0.0314 1.9449 -0.0274 9.6675 -0.1089 -6.3166 -1.4413 -1.6103 0.9953
-0.3298 99.4771 0.1427 -0.2920 1.6788 0.2380 0.0677 -2.9926 -0.1806 -0.5697 -5.6745 0.1064 -0.9418 11.1103 -2.3086 2.3825 5.1264 2.0070 -0.5456 -3.4139 0.4901 -0.7289 3.6904 -0.6458 0.0006 -0.0364 0.0066 0.8344 -10.5032 -3.8300 -0.8341 -10.5255 3.8454 -22.6725 12.1167 -13.5059 -55.6891 -13.0082 9.8177 0.7662 -0.3881 -32.7693 171.6057 -60.0398 -178.5379 -15.1527 10.2974 13.5023 -62.0107 1.4371 1.8641 24.1150 8.8895 16.3342 45.3548 17.3599 19.5463 -0.5330 0.4708 38.2866 -12.4780 25.8482 -2.3008 16.3464 7.3305 -16.5460 50.1729 -3.6157 -5.7295 9.5577 -4.4321 7.4268 0.0110 1.8685 0.0318 -11.0987 3.2931 5.1740 1.6694 -0.7956 -2.2111 -8.2425 -4.4221 -6.5877 0.0340 1.9260 -0.0150 9.7217 -0.1271 -6.3065 -1.4388 -1.6244 0.9956
-0.3043 99.4646 0.1423 -0.2800 1.6382 0.2078 0.0525 -3.0328 -0.1814 -0.5613 -5.6861 0.1390 -0.9872 11.2225 -2.3510 2.2724 5.3441 2.0469 -0.5825 -3.4219 0.4037 -0.8206 3.3960 -0.6401 0.0006 -0.0356 0.0115 0.8335 -10.4998 -3.8247 -0.8334 -10.5231 3.8504 -22.9302 12.0595 -13.4467 -55.4381 -13.2179 9.6928 0.7767 -0.3824 -32.8105 171.6646 -60.1423 -178.7065 -15.0908 10.2916 13.4960 -61.9816 1.4467 1.8692 24.4161 8.9276 16.3327 45.0172 17.4902 19.7568 -0.6029 0.5203 38.4110 -12.5462 25.7430 -2.3585 16.3709 7.3433 -16.5540 50.2010 -3.6002 -5.6967 9.5326 -4.3956 7.5125 0.0184 1.8732 0.0317 -11.1371 3.3177 5.0630 1.6711 -0.8071 -2.2156 -8.2790 -4.3699 -6.5927 0.0403 1.8829 0.0012 9.8170 -0.1371 -6.2908 -1.4347 -1.6635 1.0009
-0.2769 99.4644 0.1511 -0.2830 1.6070 0.1599 0.0436 -3.0662 -0.1787 -0.5465 -5.7048 0.1473 -1.0260 11.3225 -2.3753 2.1638 5.5686 2.0848 -0.5998 -3.4281 0.3349 -0.9317 3.1200 -0.6185 0.0007 -0.0359 0.0126 0.8296 -10.5008 -3.8242 -0.8295 -10.5255 3.8522 -23.1388 12.0519 -13.4061 -55.2399 -13.4570 9.5989 0.7951 -0.3910 -32.8177 171.6343 -60.1969 -178.8272 -15.0676 10.2826 13.4794 -61.9670 1.4530 1.8451 24.6819 8.9634 16.3105 44.7072 17.5470 19.9601 -0.6627 0.5384 38.4739 -12.6125 25.5327 -2.3867 16.4051 7.3347 -16.5461 50.2150 -3.6009 -5.6977 9.5295 -4.3571 7.5887 0.0188 1.8630 0.0305 -11.1907 3.3496 4.9958 1.6715 -0.7977 -2.2087 -8.2985 -4.3327 -6.6045 0.0468 1.8288 0.0158 9.8823 -0.1277 -6.2393 -1.4307 -1.6678 1.0079
-0.2471 99.4804 0.1480 -0.3005 1.5820 0.1026 0.0435 -3.0985 -0.1796 -0.5328 -5.7235 0.1199 -1.0401 11.4089 -2.3702 2.0602 5.8151 2.1195 -0.6261 -3.4369 0.2496 -1.0561 2.8456 -0.5849 0.0023 -0.0372 0.0060 0.8265 -10.5022 -3.8296 -0.8231 -10.5277 3.8437 -23.3234 12.0609 -13.4005 -55.0738 -13.6676 9.5262 0.8267 -0.4003 -32.7817 171.6947 -60.1226 -178.9556 -15.0483 10.2988 13.4660 -61.9746 1.4677 1.8098 24.9406 8.9807 16.2943 44.4293 17.5746 20.1001 -0.7192 0.5463 38.5343 -12.6888 25.4739 -2.4216 16.4387 7.3414 -16.5628 50.2065 -3.6146 -5.7520 9.5429 -4.3271 7.6427 0.0182 1.8485 0.0354 -11.2376 3.3789 4.9771 1.6727 -0.7715 -2.2011 -8.2963 -4.3119 -6.6040 0.0502 1.7921 0.0154 9.9140 -0.0990 -6.1498 -1.4279 -1.6412 1.0032
-0.2422 99.4860 0.1279 -0.3234 1.5553 0.0471 0.0470 -3.1283 -0.1990 -0.5239 -5.7410 0.1054 -1.0365 11.4897 -2.3557 1.9641 6.0810 2.1558 -0.6597 -3.4530 0.1541 -1.1705 2.5885 -0.5833 0.0045 -0.0379 -0.0005 0.8219 -10.5073 -3.8352 -0.8140 -10.5331 3.8348 -23.5160 12.0962 -13.4276 -54.8753 -13.8647 9.4575 0.8414 -0.4094 -32.7234 171.8326 -59.8884 -179.1308 -15.0253 10.3161 13.4539 -61.9886 1.4657 1.7721 25.2050 8.9788 16.2634 44.1558 17.5575 20.1554 -0.7299 0.5456 38.6091 -12.7326 25.5279 -2.4606 16.4451 7.3327 -16.5643 50.2171 -3.6097 -5.7826 9.5636 -4.3043 7.7019 0.0189 1.8407 0.0301 -11.2582 3.3975 4.9851 1.6720 -0.7206 -2.1950 -8.2800 -4.2898 -6.6042 0.0490 1.7661 0.0104 9.9297 -0.0546 -6.0666 -1.4262 -1.5921 0.9959
-0.2108 99.4908 0.1229 -0.3473 1.5223 -0.0130 0.0508 -3.1535 -0.2131 -0.5204 -5.7529 0.0945 -1.0306 11.5817 -2.3577 1.8813 6.3247 2.1978 -0.6964 -3.4617 0.1014 -1.2723 2.3429 -0.6014 0.0067 -0.0348 -0.0076 0.8166 -10.5064 -3.8406 -0.8044 -10.5326 3.8249 -23.7359 12.0972 -13.4438 -54.6119 -13.9991 9.4220 0.8270 -0.4359 -32.6774 172.0189 -59.7055 -179.3506 -15.0400 10.3026 13.4295 -62.0230 1.4433 1.7500 25.5110 8.9448 16.2109 43.8580 17.5740 20.1795 -0.7104 0.5314 38.6653 -12.7740 25.6254 -2.4706 16.4570 7.3254 -16.5685 50.2162 -3.6191 -5.8142 9.6044 -4.2692 7.7668 0.0152 1.8207 0.0292 -11.2737 3.4129 4.9819 1.6728 -0.6853 -2.1892 -8.2681 -4.2642 -6.6148 0.0467 1.7365 0.0161 9.9569 0.0042 -5.9830 -1.4272 -1.5491 0.9864
-0.2026 99.4850 0.0860 -0.3683 1.4811 -0.0442 0.0507 -3.1695 -0.2300 -0.5217 -5.7778 0.0885 -1.0267 11.7091 -2.3611 1.8251 6.5877 2.2409 -0.7299 -3.4761 0.0740 -1.3609 2.0609 -0.6365 0.0090 -0.0331 -0.0098 0.8112 -10.5171 -3.8420 -0.7944 -10.5416 3.8203 -23.9307 12.1066 -13.4671 -54.2990 -14.0521 9.2800 0.8244 -0.4671 -32.6275 172.1349 -59.6108 -179.4806 -15.0494 10.3002 13.3836 -62.0267 1.4319 1.7396 25.8329 8.9162 16.1567 43.5402 17.6076 20.2144 -0.6676 0.5024 38.7369 -12.8296 25.7079 -2.4848 16.4574 7.3107 -16.5591 50.2150 -3.6131 -5.8099 9.6395 -4.2317 7.7949 0.0126 1.8146 0.0123 -11.2524 3.4173 5.0159 1.6740 -0.6756 -2.1818 -8.2524 -4.2335 -6.5965 0.0439 1.7218 0.0140 9.9708 0.0447 -5.8993 -1.4288 -1.5351 0.9832
-0.2051 99.4832 0.0744 -0.3793 1.4422 -0.0782 0.0362 -3.1824 -0.2501 -0.5284 -5.7966 0.0960 -1.0228 11.8519 -2.3715 1.7820 6.8555 2.2699 -0.7407 -3.4832 0.0863 -1.4484 1.7469 -0.6569 0.0096 -0.0317 -0.0009 0.8072 -10.5176 -3.8327 -0.7892 -10.5426 3.8285 -24.1129 12.1531 -13.4822 -54.0142 -14.1245 9.1189 0.8358 -0.4855 -32.5652 172.2820 -59.4444 -179.5936 -15.0593 10.2820 13.3369 -62.0186 1.4171 1.7561 26.1664 8.9135 16.1215 43.2246 17.6611 20.2960 -0.6569 0.4979 38.7931 -12.9112 25.8354 -2.5032 16.4522 7.3050 -16.5666 50.2306 -3.6007 -5.7985 9.6605 -4.1981 7.7988 0.0141 1.8121 -0.0020 -11.2441 3.4273 5.0567 1.6751 -0.7141 -2.1760 -8.2449 -4.2074 -6.5390 0.0421 1.7217 0.0085 9.9845 0.0465 -5.8551 -1.4303 -1.5557 0.9886
-0.2018 99.4798 0.0240 -0.3883 1.4005 -0.1240 0.0188 -3.2027 -0.2549 -0.5356 -5.8094 0.0985 -1.0323 12.0236 -2.3883 1.7689 7.1195 2.2725 -0.7392 -3.4915 0.1116 -1.5293 1.4592 -0.6522 0.0098 -0.0293 0.0047 0.8031 -10.5165 -3.8283 -0.7849 -10.5423 3.8347 -24.2721 12.2529 -13.4654 -53.7444 -14.2295 8.9400 0.8105 -0.4972 -32.5114 172.4017 -59.4690 -179.6549 -15.0020 10.2655 13.2772 -61.9252 1.4197 1.7782 26.4977 8.9354 16.0947 42.9246 17.7327 20.4486 -0.6754 0.4938 38.8269 -12.9527 25.8127 -2.5205 16.4644 7.3059 -16.5744 50.2672 -3.5831 -5.7822 9.6719 -4.1577 7.8058 0.0176 1.7945 -0.0108 -11.2386 3.4513 5.1005 1.6761 -0.7470 -2.1675 -8.2312 -4.1756 -6.4598 0.0368 1.7076 0.0146 9.9479 0.0464 -5.8678 -1.4326 -1.5983 0.9988
-0.1991 99.4866 -0.0106 -0.3833 1.3854 -0.1572 -0.0003 -3.2319 -0.2204 -0.5503 -5.8300 0.0698 -1.0594 12.2152 -2.4100 1.7754 7.3669 2.2625 -0.7267 -3.4930 0.1538 -1.6070 1.1633 -0.6587 0.0098 -0.0250 0.0087 0.8004 -10.5143 -3.8246 -0.7822 -10.5408 3.8404 -24.4354 12.3370 -13.4462 -53.5172 -14.3280 8.8461 0.7718 -0.5025 -32.5387 172.5728 -59.7073 -179.7311 -14.9128 10.2356 13.1970 -61.7633 1.4274 1.7924 26.8523 8.9751 16.0781 42.5713 17.8497 20.5949 -0.6551 0.4738 38.9199 -13.0124 25.7425 -2.5687 16.4549 7.3263 -16.5863 50.3173 -3.5580 -5.7584 9.6642 -4.1564 7.8095 0.0189 1.7893 -0.0198 -11.2402 3.4736 5.1461 1.6746 -0.7625 -2.1673 -8.2299 -4.1673 -6.3672 0.0307 1.7009 0.0233 9.9122 0.0199 -5.9067 -1.4342 -1.6149 1.0233
-0.2058 99.4862 -0.0614 -0.3710 1.3893 -0.1685 -0.0195 -3.2741 -0.2040 -0.5624 -5.8349 0.0763 -1.0943 12.4051 -2.4562 1.7869 7.6321 2.2821 -0.7247 -3.4991 0.1276 -1.6460 0.7995 -0.6476 0.0115 -0.0201 0.0021 0.8011 -10.5048 -3.8320 -0.7796 -10.5338 3.8347 -24.6007 12.3991 -13.3958 -53.3528 -14.4587 8.8273 0.6993 -0.4979 -32.6065 172.7926 -60.1842 -179.8749 -14.7986 10.2364 13.1407 -61.5540 1.4498 1.7912 27.1946 9.0055 16.0598 42.2277 17.9806 20.7282 -0.6335 0.4837 39.0137 -13.0029 25.6278 -2.6058 16.4308 7.3298 -16.5682 50.2996 -3.5489 -5.7279 9.6354 -4.1859 7.7952 0.0253 1.7945 -0.0224 -11.2267 3.4856 5.1751 1.6716 -0.7740 -2.1654 -8.2431 -4.1856 -6.2816 0.0295 1.7047 0.0306 9.8632 -0.0046 -5.9614 -1.4355 -1.6343 1.0409
-0.1851 99.4842 -0.1143 -0.3494 1.4037 -0.1672 -0.0363 -3.3123 -0.1777 -0.5647 -5.8508 0.0629 -1.1468 12.6040 -2.4862 1.7832 7.9115 2.3108 -0.7228 -3.5054 0.0985 -1.6413 0.3932 -0.6331 0.0118 -0.0164 -0.0046 0.7989 -10.4976 -3.8357 -0.7770 -10.5290 3.8259 -24.7657 12.4400 -13.3415 -53.2643 -14.5728 8.8795 0.6427 -0.5136 -32.7218 173.0165 -60.8852 179.8790 -14.6794 10.2506 13.1248 -61.3654 1.4580 1.8002 27.4942 9.0495 16.0659 41.8973 18.1181 20.8363 -0.5955 0.4777 39.1259 -13.0121 25.4737 -2.6189 16.4105 7.3388 -16.5537 50.3043 -3.5387 -5.6980 9.5840 -4.2309 7.7898 0.0285 1.7914 -0.0147 -11.2029 3.5095 5.1922 1.6694 -0.7737 -2.1719 -8.2715 -4.2111 -6.1861 0.0297 1.6918 0.0291 9.8268 -0.0166 -6.0287 -1.4351 -1.6553 1.0511
-0.1623 99.4745 -0.1438 -0.3234 1.4293 -0.1557 -0.0468 -3.3491 -0.1660 -0.5578 -5.8702 0.0542 -1.1948 12.7828 -2.4835 1.7619 8.1940 2.3296 -0.7309 -3.5192 0.0499 -1.6128 -0.0346 -0.6042 0.0099 -0.0149 -0.0036 0.7926 -10.4936 -3.8330 -0.7746 -10.5270 3.8266 -24.9333 12.4735 -13.2769 -53.2689 -14.6848 8.9620 0.6289 -0.5199 -32.8620 173.1606 -61.6310 179.6400 -14.6106 10.2476 13.1242 -61.2535 1.4474 1.8160 27.7384 9.0765 16.0542 41.6178 18.2330 20.8874 -0.5417 0.4661 39.1841 -12.9949 25.2539 -2.5647 16.3742 7.3280 -16.5408 50.2804 -3.5423 -5.6764 9.5309 -4.2693 7.7530 0.0266 1.7679 -0.0052 -11.1683 3.5423 5.2245 1.6696 -0.7582 -2.1747 -8.2988 -4.2525 -6.1319 0.0295 1.6834 0.0255 9.8131 -0.0185 -6.0926 -1.4337 -1.6810 1.0473
-0.1636 99.4708 -0.1768 -0.2981 1.4491 -0.1551 -0.0571 -3.3755 -0.1338 -0.5505 -5.8969 0.0397 -1.2278 12.9376 -2.4782 1.7432 8.4426 2.3498 -0.7436 -3.5270 -0.0011 -1.5872 -0.3730 -0.5932 0.0093 -0.0129 -0.0001 0.7897 -10.4885 -3.8280 -0.7731 -10.5202 3.8309 -25.0905 12.4781 -13.2328 -53.3375 -14.7610 9.1149 0.6278 -0.5237 -33.0003 173.2992 -62.1361 179.3631 -14.6331 10.2635 13.1817 -61.2223 1.4359 1.8524 27.9235 9.0858 16.0737 41.3998 18.3471 20.8756 -0.4745 0.4486 39.1982 -13.0533 25.1127 -2.5409 16.3498 7.3269 -16.5373 50.2649 -3.5458 -5.6313 9.4779 -4.2957 7.7213 0.0255 1.7421 -0.0027 -11.1333 3.5865 5.3018 1.6696 -0.7194 -2.1794 -8.3417 -4.2948 -6.1054 0.0308 1.6805 0.0179 9.8269 -0.0232 -6.1028 -1.4339 -1.6873 1.0505
-0.1356 99.4559 -0.2047 -0.2748 1.4815 -0.1257 -0.0595 -3.4072 -0.1371 -0.5444 -5.9051 0.0611 -1.2471 13.0450 -2.4814 1.7114 8.6548 2.3741 -0.7569 -3.5363 -0.0773 -1.5447 -0.6360 -0.5736 0.0089 -0.0130 0.0037 0.7860 -10.4802 -3.8245 -0.7702 -10.5118 3.8357 -25.2318 12.4649 -13.1905 -53.4320 -14.7728 9.2093 0.6499 -0.4998 -33.0932 173.4328 -62.5074 179.0913 -14.6468 10.2861 13.2406 -61.1940 1.4353 1.8647 28.0746 9.1211 16.0985 41.2462 18.4764 20.9393 -0.4821 0.4552 39.1165 -13.0748 24.9143 -2.4931 16.3469 7.3341 -16.5407 50.2930 -3.5370 -5.5979 9.4237 -4.3346 7.6750 0.0306 1.7102 0.0090 -11.0902 3.6312 5.3481 1.6695 -0.6959 -2.1795 -8.3788 -4.3413 -6.1334 0.0350 1.6568 0.0200 9.8424 -0.0101 -6.1007 -1.4328 -1.6842 1.0455
-0.1240 99.4523 -0.2480 -0.2562 1.5089 -0.0908 -0.0501 -3.4344 -0.1490 -0.5327 -5.9160 0.0571 -1.2592 13.1437 -2.4564 1.6531 8.8307 2.3837 -0.7726 -3.5453 -0.1043 -1.4728 -0.8277 -0.5816 0.0090 -0.0150 0.0107 0.7820 -10.4794 -3.8173 -0.7658 -10.5097 3.8428 -25.3523 12.4859 -13.1753 -53.5191 -14.7657 9.2331 0.6551 -0.4985 -33.1724 173.5057 -62.9433 178.9693 -14.6080 10.3197 13.2743 -61.1116 1.4588 1.8730 28.2058 9.1900 16.1341 41.1212 18.5709 21.0412 -0.5096 0.4418 38.9823 -13.1010 24.7645 -2.4562 16.3579 7.3471 -16.5403 50.3326 -3.5140 -5.5790 9.3808 -4.3838 7.6517 0.0284 1.6986 0.0113 -11.0452 3.6794 5.3929 1.6705 -0.6872 -2.1764 -8.4038 -4.3942 -6.1416 0.0387 1.6556 0.0185 9.8499 0.0192 -6.1070 -1.4305 -1.6556 1.0421
-0.1112 99.4556 -0.2613 -0.2349 1.5319 -0.0891 -0.0447 -3.4588 -0.1620 -0.5265 -5.9247 0.0577 -1.2716 13.2223 -2.4411 1.6215 8.9901 2.3876 -0.7838 -3.5506 -0.1045 -1.3906 -0.9479 -0.6167 0.0091 -0.0175 0.0153 0.7784 -10.4751 -3.8110 -0.7619 -10.5035 3.8457 -25.4482 12.5279 -13.1855 -53.6002 -14.7519 9.2471 0.6729 -0.5100 -33.2271 173.6120 -63.2107 178.8654 -14.5598 10.3332 13.2596 -61.0374 1.4742 1.8534 28.3296 9.2500 16.1914 41.0177 18.6456 21.1131 -0.5528 0.4420 38.8468 -13.1092 24.6121 -2.4040 16.3925 7.3503 -16.5350 50.3673 -3.5033 -5.5644 9.3399 -4.4201 7.6795 0.0268 1.6830 0.0183 -11.0089 3.7142 5.3669 1.6711 -0.7015 -2.1668 -8.4372 -4.4392 -6.1606 0.0388 1.6397 0.0239 9.8778 0.0590 -6.1232 -1.4275 -1.6215 1.0365
-0.0899 99.4674 -0.3075 -0.2242 1.5419 -0.0951 -0.0346 -3.4739 -0.1664 -0.5261 -5.9385 0.0426 -1.2713 13.2909 -2.4374 1.6176 9.1444 2.3798 -0.7903 -3.5573 -0.0683 -1.3333 -1.0010 -0.6255 0.0109 -0.0194 0.0128 0.7749 -10.4710 -3.8138 -0.7543 -10.4984 3.8419 -25.5426 12.6072 -13.2156 -53.6715 -14.7829 9.2387 0.6954 -0.4981 -33.2357 173.6592 -63.4222 178.8424 -14.5197 10.3596 13.2449 -60.9491 1.4966 1.8099 28.4429 9.2948 16.2487 40.9308 18.6697 21.1410 -0.5823 0.4418 38.7277 -13.1259 24.4119 -2.3252 16.3977 7.3476 -16.5308 50.3473 -3.5208 -5.5778 9.3206 -4.4591 7.7213 0.0237 1.6968 0.0145 -10.9714 3.7080 5.3238 1.6704 -0.7142 -2.1443 -8.4525 -4.4725 -6.1505 0.0375 1.6395 0.0164 9.9114 0.0831 -6.1356 -1.4250 -1.6059 1.0290
-0.0920 99.4669 -0.3288 -0.2196 1.5389 -0.0995 -0.0209 -3.4821 -0.1709 -0.5271 -5.9395 0.0370 -1.2658 13.3422 -2.4388 1.6294 9.2755 2.3741 -0.7842 -3.5648 -0.0270 -1.2958 -1.0278 -0.6450 0.0131 -0.0196 0.0067 0.7727 -10.4667 -3.8236 -0.7470 -10.4937 3.8372 -25.6190 12.6364 -13.2493 -53.7199 -14.8048 9.2617 0.6937 -0.4910 -33.2054 173.6830 -63.6467 178.8042 -14.4803 10.3414 13.2165 -60.8223 1.4744 1.7718 28.5547 9.3031 16.2758 40.8641 18.7333 21.1682 -0.6338 0.4552 38.6404 -13.1526 24.1714 -2.2912 16.4100 7.3218 -16.5160 50.3325 -3.5503 -5.6019 9.3134 -4.4707 7.7616 0.0212 1.6920 0.0120 -10.9335 3.6959 5.2946 1.6710 -0.7278 -2.1210 -8.4588 -4.4843 -6.1639 0.0332 1.6274 0.0030 9.9238 0.1243 -6.1440 -1.4265 -1.5845 1.0215
-0.0965 99.4717 -0.3477 -0.2177 1.5320 -0.1239 -0.0133 -3.4841 -0.1621 -0.5308 -5.9468 0.0231 -1.2431 13.3880 -2.4386 1.6439 9.4191 2.3721 -0.7752 -3.5686 -0.0007 -1.2621 -1.0463 -0.6641 0.0166 -0.0181 -0.0072 0.7755 -10.4623 -3.8377 -0.7425 -10.4911 3.8220 -25.6844 12.5951 -13.2661 -53.7423 -14.7707 9.2905 0.6874 -0.5047 -33.1508 173.6916 -63.7969 178.7591 -14.4812 10.3399 13.2145 -60.7795 1.4579 1.7633 28.6711 9.3000 16.2929 40.7805 18.8029 21.1487 -0.6523 0.4612 38.6274 -13.3042 24.0667 -2.3437 16.4235 7.3196 -16.5131 50.3599 -3.5691 -5.6315 9.3064 -4.4732 7.7842 0.0162 1.6829 0.0015 -10.9027 3.6813 5.3283 1.6718 -0.7437 -2.1006 -8.4572 -4.4995 -6.1726 0.0312 1.6251 -0.0095 9.9178 0.1666 -6.1060 -1.4285 -1.5667 1.0159
-0.0978 99.4728 -0.3733 -0.2098 1.5212 -0.1417 -0.0086 -3.4949 -0.1536 -0.5372 -5.9605 0.0073 -1.2204 13.4770 -2.4049 1.6730 9.5401 2.3985 -0.7791 -3.5697 -0.0243 -1.2375 -1.0889 -0.7057 0.0183 -0.0156 -0.0201 0.7797 -10.4667 -3.8529 -0.7434 -10.4944 3.8104 -25.7326 12.5556 -13.2934 -53.7218 -14.7364 9.2519 0.7213 -0.5174 -33.1500 173.7043 -63.7970 178.7001 -14.5215 10.3001 13.2256 -60.7923 1.4278 1.7870 28.7656 9.3178 16.2887 40.6864 18.7799 21.0789 -0.6294 0.4522 38.6713 -13.5064 24.1177 -2.4289 16.4263 7.3611 -16.5664 50.4384 -3.5723 -5.6679 9.2916 -4.4676 7.8060 0.0137 1.6677 0.0110 -10.8700 3.6693 5.3897 1.6740 -0.7361 -2.0953 -8.4569 -4.5223 -6.1878 0.0268 1.6343 -0.0239 9.8610 0.1968 -6.0777 -1.4318 -1.5521 1.0112
-0.1051 99.4843 -0.4354 -0.1959 1.5138 -0.1404 -0.0148 -3.5209 -0.1273 -0.5429 -5.9824 -0.0027 -1.2013 13.5943 -2.3786 1.6943 9.6703 2.4131 -0.7791 -3.5675 -0.0850 -1.2100 -1.1617 -0.7195 0.0210 -0.0135 -0.0381 0.7828 -10.4686 -3.8689 -0.7411 -10.4943 3.7897 -25.7917 12.5707 -13.3272 -53.6559 -14.7556 9.1642 0.7424 -0.5254 -33.1912 173.7210 -63.5844 178.6097 -14.5930 10.2486 13.2404 -60.8114 1.4204 1.8278 28.8954 9.3596 16.2775 40.5438 18.8164 21.0114 -0.6207 0.4153 38.7713 -13.6680 24.1719 -2.5318 16.3976 7.4069 -16.6253 50.4937 -3.5484 -5.7037 9.2691 -4.4654 7.8150 0.0123 1.6514 0.0189 -10.8545 3.6873 5.4181 1.6751 -0.7210 -2.0998 -8.4629 -4.5362 -6.1790 0.0184 1.6406 -0.0165 9.7974 0.2085 -6.1208 -1.4341 -1.5512 1.0115
-0.0934 99.4760 -0.4810 -0.1847 1.4928 -0.1008 -0.0198 -3.5480 -0.1184 -0.5498 -5.9763 0.0139 -1.1819 13.7085 -2.3791 1.7086 9.7807 2.4246 -0.7776 -3.5753 -0.1400 -1.1683 -1.2449 -0.7176 0.0230 -0.0122 -0.0460 0.7860 -10.4658 -3.8753 -0.7403 -10.4888 3.7796 -25.8620 12.5976 -13.3474 -53.5597 -14.8424 9.0760 0.7317 -0.5313 -33.2283 173.7498 -63.3003 178.4772 -14.6187 10.2340 13.2990 -60.8116 1.4299 1.8593 29.0347 9.3965 16.2864 40.3892 18.8837 20.9495 -0.6257 0.4085 38.9027 -13.7407 24.1407 -2.5690 16.3739 7.4251 -16.6591 50.5518 -3.5190 -5.7087 9.2468 -4.4654 7.8343 0.0188 1.6377 0.0209 -10.8649 3.7135 5.4063 1.6738 -0.7052 -2.1134 -8.4818 -4.5192 -6.1647 0.0208 1.6248 -0.0051 9.7670 0.2340 -6.2169 -1.4359 -1.5740 1.0186
-0.0926 99.4717 -0.4989 -0.1736 1.4788 -0.0745 -0.0218 -3.5726 -0.1199 -0.5546 -5.9786 0.0305 -1.1664 13.8202 -2.3767 1.7278 9.8978 2.4262 -0.7660 -3.5782 -0.1866 -1.1298 -1.3573 -0.7009 0.0228 -0.0101 -0.0464 0.7848 -10.4670 -3.8745 -0.7397 -10.4857 3.7787 -25.9145 12.6121 -13.3454 -53.4769 -14.8883 8.9533 0.7407 -0.5410 -33.2685 173.5711 -63.1832 178.6158 -14.5975 10.2451 13.3023 -60.8780 1.4390 1.8908 29.1600 9.4281 16.2838 40.2402 18.9941 20.9463 -0.6377 0.3952 39.0216 -13.7083 24.0427 -2.5128 16.3374 7.4123 -16.6528 50.5406 -3.5060 -5.6985 9.2240 -4.4688 7.8426 0.0261 1.6314 0.0378 -10.8611 3.7238 5.3721 1.6735 -0.6943 -2.1228 -8.4956 -4.5168 -6.1663 0.0279 1.6231 0.0080 9.7730 0.2258 -6.2827 -1.4347 -1.5935 1.0191
-0.0790 99.4631 -0.5584 -0.1700 1.4578 -0.0604 -0.0211 -3.5808 -0.0951 -0.5546 -5.9853 0.0149 -1.1570 13.9072 -2.3830 1.7566 10.0310 2.4188 -0.7670 -3.5845 -0.1786 -1.0854 -1.4642 -0.7061 0.0203 -0.0102 -0.0309 0.7835 -10.4574 -3.8546 -0.7435 -10.4717 3.7922 -25.9547 12.5832 -13.2937 -53.4292 -14.8758 8.8720 0.7508 -0.5353 -33.3380 173.2941 -63.2002 178.8506 -14.5332 10.2604 13.2798 -60.9001 1.4300 1.9166 29.2420 9.4637 16.2862 40.1494 19.1121 21.0193 -0.6455 0.4094 39.1177 -13.6783 23.8909 -2.4737 16.3434 7.3965 -16.6369 50.4900 -3.5087 -5.6695 9.2124 -4.4633 7.8310 0.0302 1.6189 0.0445 -10.8585 3.7305 5.3798 1.6736 -0.6838 -2.1397 -8.5092 -4.5075 -6.1447 0.0299 1.6225 0.0138 9.7968 0.2243 -6.3572 -1.4321 -1.5999 1.0218
-0.0549 99.4648 -0.6048 -0.1727 1.4431 -0.0335 -0.0212 -3.5728 -0.0794 -0.5492 -6.0007 0.0041 -1.1362 13.9646 -2.3900 1.7850 10.1576 2.4169 -0.7813 -3.5784 -0.1952 -1.0544 -1.5821 -0.7001 0.0179 -0.0120 -0.0144 0.7795 -10.4580 -3.8380 -0.7443 -10.4704 3.8104 -25.9627 12.5489 -13.2460 -53.4747 -14.8699 8.8661 0.7776 -0.5305 -33.4457 173.0751 -63.3067 179.0576 -14.5127 10.2792 13.2810 -60.9128 1.4312 1.9287 29.2662 9.5352 16.2625 40.1132 19.1248 21.1002 -0.6721 0.4273 39.1796 -13.6442 23.7197 -2.4370 16.3624 7.3804 -16.6223 50.4486 -3.5156 -5.6545 9.2035 -4.4751 7.8001 0.0348 1.6330 0.0460 -10.8266 3.7360 5.3789 1.6715 -0.6611 -2.1423 -8.5177 -4.5122 -6.1497 0.0345 1.6374 0.0066 9.8200 0.2389 -6.3792 -1.4291 -1.5937 1.0226
-0.0553 99.4637 -0.6383 -0.1696 1.4428 -0.0007 -0.0262 -3.5665 -0.0807 -0.5434 -6.0111 0.0082 -1.1150 13.9808 -2.3927 1.8350 10.2498 2.4016 -0.7999 -3.5778 -0.1762 -1.0575 -1.6502 -0.6959 0.0154 -0.0140 -0.0027 0.7747 -10.4554 -3.8276 -0.7443 -10.4681 3.8238 -25.9319 12.5361 -13.2075 -53.5945 -14.8966 8.9407 0.7938 -0.5314 -33.5295 173.1514 -63.4113 178.9349 -14.4948 10.2655 13.2774 -60.9031 1.4117 1.8979 29.2656 9.5730 16.1961 40.1180 19.0836 21.1469 -0.6784 0.4483 39.2024 -13.6393 23.6024 -2.3955 16.3783 7.3602 -16.6119 50.4286 -3.5232 -5.6571 9.1918 -4.4911 7.7812 0.0361 1.6309 0.0480 -10.7886 3.7460 5.3876 1.6697 -0.6280 -2.1353 -8.5359 -4.5255 -6.1848 0.0390 1.6280 0.0028 9.8602 0.2600 -6.3721 -1.4248 -1.5624 1.0269
-0.0408 99.4496 -0.6677 -0.1679 1.4329 0.0157 -0.0333 -3.5385 -0.0911 -0.5357 -6.0147 -0.0074 -1.0904 13.9669 -2.3792 1.8808 10.3169 2.3645 -0.7990 -3.5836 -0.1330 -1.0823 -1.6902 -0.6385 0.0150 -0.0156 -0.0015 0.7746 -10.4513 -3.8284 -0.7448 -10.4666 3.8266 -25.8992 12.5605 -13.1890 -53.7421 -14.9724 9.0951 0.7735 -0.5326 -33.5940 173.3287 -63.5518 178.6879 -14.4975 10.2492 13.3117 -60.8910 1.4111 1.8620 29.2569 9.5907 16.1447 40.1349 19.0280 21.1446 -0.6968 0.4860 39.2694 -13.6844 23.5773 -2.3741 16.3988 7.3338 -16.6016 50.4108 -3.5340 -5.6665 9.1945 -4.4996 7.8005 0.0331 1.6426 0.0499 -10.7799 3.7531 5.3975 1.6710 -0.5962 -2.1244 -8.5536 -4.5228 -6.2092 0.0372 1.6187 -0.0002 9.8935 0.2730 -6.3394 -1.4224 -1.5225 1.0268
-0.0420 99.4611 -0.6896 -0.1672 1.4324 0.0165 -0.0404 -3.5228 -0.1219 -0.5262 -6.0104 -0.0134 -1.0747 13.9417 -2.3632 1.9331 10.3486 2.3178 -0.7828 -3.5905 -0.0986 -1.0999 -1.6849 -0.5632 0.0154 -0.0155 -0.0074 0.7729 -10.4597 -3.8358 -0.7420 -10.4734 3.8197 -25.8304 12.5839 -13.1996 -53.8594 -14.9632 9.1848 0.7776 -0.5383 -33.6297 173.4161 -63.6125 178.4768 -14.5197 10.2320 13.3211 -60.8683 1.4151 1.8176 29.2336 9.6153 16.0928 40.1695 18.9234 21.1224 -0.7338 0.4873 39.3344 -13.6946 23.4982 -2.3290 16.3737 7.3265 -16.6089 50.3734 -3.5630 -5.6879 9.1935 -4.5184 7.8278 0.0267 1.6593 0.0476 -10.7668 3.7549 5.4115 1.6720 -0.5582 -2.1070 -8.5563 -4.5337 -6.2458 0.0323 1.6102 -0.0029 9.8757 0.2910 -6.2906 -1.4217 -1.4840 1.0181
-0.0270 99.4648 -0.6846 -0.1617 1.4286 0.0084 -0.0464 -3.5033 -0.1310 -0.5321 -6.0132 -0.0391 -1.0601 13.9249 -2.3506 1.9834 10.3425 2.2871 -0.7644 -3.5917 -0.0493 -1.1155 -1.6542 -0.5301 0.0170 -0.0144 -0.0135 0.7719 -10.4625 -3.8426 -0.7374 -10.4723 3.8128 -25.7740 12.6045 -13.2272 -53.9151 -14.9221 9.2254 0.7812 -0.5616 -33.6064 173.4578 -63.6018 178.3133 -14.5046 10.2172 13.3030 -60.8117 1.4100 1.7864 29.2581 9.6241 16.0834 40.1565 18.8275 21.0531 -0.7408 0.4884 39.4025 -13.7482 23.4833 -2.3437 16.3737 7.3313 -16.6230 50.3626 -3.5907 -5.7088 9.1855 -4.5303 7.8657 0.0210 1.6753 0.0412 -10.7634 3.7439 5.4334 1.6727 -0.5572 -2.0977 -8.5654 -4.5319 -6.2336 0.0232 1.6033 -0.0076 9.8672 0.2901 -6.2613 -1.4240 -1.4781 1.0109
-0.0370 99.4770 -0.6831 -0.1512 1.4315 -0.0090 -0.0522 -3.4982 -0.1345 -0.5428 -6.0129 -0.0466 -1.0412 13.9073 -2.3594 2.0050 10.3355 2.2823 -0.7335 -3.5954 -0.0113 -1.1187 -1.6255 -0.5211 0.0182 -0.0145 -0.0160 0.7715 -10.4641 -3.8431 -0.7343 -10.4723 3.8071 -25.7400 12.6131 -13.2395 -53.8839 -14.8722 9.1661 0.7657 -0.5923 -33.5104 173.5797 -63.5139 178.0980 -14.5019 10.2147 13.2831 -60.8053 1.3972 1.7704 29.2706 9.6421 16.0767 40.1328 18.7335 20.9929 -0.7295 0.4897 39.4661 -13.7780 23.5176 -2.3558 16.3635 7.3381 -16.6423 50.3796 -3.6007 -5.7454 9.1700 -4.5441 7.9092 0.0156 1.6904 0.0348 -10.7594 3.7273 5.4482 1.6731 -0.5783 -2.0895 -8.5681 -4.5354 -6.1981 0.0203 1.5962 -0.0082 9.8342 0.2738 -6.2466 -1.4257 -1.4740 1.0072
-0.0396 99.4795 -0.6800 -0.1331 1.4280 -0.0265 -0.0616 -3.4977 -0.1341 -0.5529 -6.0118 -0.0583 -1.0293 13.8939 -2.3599 2.0222 10.3266 2.2926 -0.7266 -3.5916 -0.0068 -1.1045 -1.6381 -0.5088 0.0195 -0.0150 -0.0214 0.7737 -10.4614 -3.8478 -0.7337 -10.4682 3.8003 -25.7319 12.6150 -13.2427 -53.7976 -14.8325 9.0460 0.7503 -0.6095 -33.3420 173.7876 -63.2335 177.8110 -14.5107 10.2161 13.2927 -60.8602 1.3938 1.7766 29.2793 9.6729 16.0738 40.1275 18.6592 20.9284 -0.7218 0.5012 39.5179 -13.7717 23.5591 -2.3632 16.3844 7.3514 -16.6626 50.4258 -3.5906 -5.7613 9.1451 -4.5484 7.9495 0.0161 1.7080 0.0309 -10.7607 3.6880 5.4370 1.6739 -0.5952 -2.0859 -8.5883 -4.5362 -6.1531 0.0190 1.6003 -0.0079 9.8171 0.2393 -6.2506 -1.4269 -1.4823 1.0164
-0.0218 99.4760 -0.6771 -0.1219 1.4137 -0.0275 -0.0667 -3.5011 -0.1197 -0.5581 -6.0164 -0.0739 -1.0267 13.9095 -2.3504 2.0424 10.2978 2.2886 -0.7321 -3.5919 0.0029 -1.0841 -1.6723 -0.5192 0.0208 -0.0157 -0.0293 0.7781 -10.4634 -3.8566 -0.7353 -10.4690 3.7925 -25.7254 12.6214 -13.2576 -53.6974 -14.8184 8.8792 0.7438 -0.6162 -33.1538 174.0209 -62.8238 177.4856 -14.5128 10.1958 13.2927 -60.8949 1.3767 1.8056 29.2767 9.6846 16.0439 40.1453 18.6322 20.8979 -0.7312 0.4972 39.5557 -13.7715 23.6126 -2.3600 16.4031 7.3724 -16.6872 50.5033 -3.5650 -5.7694 9.1351 -4.5282 7.9688 0.0151 1.7123 0.0386 -10.7609 3.6623 5.4442 1.6735 -0.5962 -2.0903 -8.6045 -4.5254 -6.1077 0.0172 1.6117 -0.0064 9.7982 0.2135 -6.3014 -1.4271 -1.4895 1.0307
-0.0148 99.4664 -0.6698 -0.1165 1.3967 -0.0410 -0.0656 -3.5176 -0.1072 -0.5570 -6.0181 -0.0643 -1.0397 13.9403 -2.3550 2.0642 10.2484 2.2992 -0.7442 -3.5913 -0.0287 -1.0757 -1.7095 -0.5193 0.0214 -0.0165 -0.0377 0.7796 -10.4669 -3.8667 -0.7357 -10.4708 3.7857 -25.7328 12.6076 -13.2762 -53.5932 -14.7979 8.7239 0.7444 -0.5996 -32.9753 174.1723 -62.4232 177.2146 -14.5057 10.1909 13.3043 -60.9676 1.3547 1.8484 29.2969 9.6719 16.0004 40.1675 18.6224 20.8598 -0.7410 0.5022 39.5586 -13.7666 23.6630 -2.3512 16.4319 7.3786 -16.6875 50.5437 -3.5378 -5.7641 9.1305 -4.4980 7.9358 0.0199 1.7112 0.0546 -10.7867 3.6509 5.4944 1.6729 -0.5937 -2.1072 -8.6132 -4.5100 -6.0794 0.0135 1.6171 -0.0041 9.8014 0.2079 -6.3584 -1.4280 -1.5007 1.0374
0.0009 99.4675 -0.6951 -0.1169 1.3818 -0.0719 -0.0558 -3.5258 -0.0856 -0.5503 -6.0294 -0.0576 -1.0597 13.9842 -2.3624 2.0605 10.2037 2.3294 -0.7679 -3.5909 -0.0614 -1.0706 -1.7437 -0.5211 0.0219 -0.0196 -0.0398 0.7809 -10.4726 -3.8697 -0.7363 -10.4776 3.7850 -25.7476 12.5517 -13.2795 -53.5208 -14.8042 8.6684 0.7043 -0.5958 -32.8551 174.2682 -62.3188 177.0184 -14.5153 10.1893 13.3163 -61.0260 1.3469 1.8903 29.3224 9.6799 15.9787 40.1403 18.6305 20.8143 -0.7521 0.4977 39.5952 -13.7734 23.6764 -2.3361 16.4217 7.3830 -16.6926 50.5323 -3.5168 -5.7591 9.1316 -4.4805 7.9247 0.0220 1.7207 0.0548 -10.8090 3.6604 5.5457 1.6744 -0.5943 -2.1251 -8.6136 -4.5065 -6.0395 0.0088 1.6345 -0.0081 9.8407 0.1772 -6.3909 -1.4267 -1.5126 1.0399
0.0280 99.4615 -0.6962 -0.1187 1.3598 -0.0952 -0.0461 -3.5288 -0.0766 -0.5454 -6.0220 -0.0398 -1.0750 14.0079 -2.3647 2.0574 10.1798 2.3614 -0.7840 -3.5986 -0.1023 -1.0739 -1.7689 -0.5060 0.0185 -0.0212 -0.0341 0.7797 -10.4787 -3.8616 -0.7422 -10.4823 3.7896 -25.7380 12.4866 -13.2657 -53.4617 -14.8095 8.6103 0.6519 -0.5937 -32.7364 174.3986 -62.4347 176.7958 -14.4775 10.1870 13.3229 -61.0330 1.3279 1.9081 29.3137 9.6946 15.9517 40.1474 18.6522 20.8285 -0.7967 0.4802 39.5861 -13.7389 23.6369 -2.2956 16.3916 7.3907 -16.6846 50.5105 -3.5203 -5.7497 9.1301 -4.4651 7.9438 0.0239 1.7240 0.0535 -10.8241 3.6948 5.5886 1.6744 -0.5799 -2.1403 -8.6106 -4.4969 -6.0338 0.0044 1.6396 -0.0046 9.8768 0.1559 -6.4027 -1.4240 -1.5121 1.0280
0.0104 99.4598 -0.6986 -0.1280 1.3454 -0.1191 -0.0359 -3.5375 -0.0781 -0.5358 -6.0132 -0.0186 -1.0747 14.0120 -2.3601 2.0202 10.1676 2.4003 -0.7915 -3.6050 -0.1560 -1.0697 -1.7785 -0.5219 0.0152 -0.0217 -0.0200 0.7773 -10.4748 -3.8469 -0.7465 -10.4794 3.8052 -25.7636 12.4069 -13.2381 -53.4074 -14.8124 8.6046 0.5805 -0.5784 -32.6666 174.5571 -62.6190 176.6150 -14.4007 10.1887 13.3093 -61.0136 1.3201 1.8789 29.2958 9.7060 15.9277 40.1659 18.6432 20.8367 -0.8160 0.4898 39.5316 -13.6843 23.5455 -2.2437 16.3647 7.3755 -16.6568 50.4447 -3.5316 -5.7278 9.1464 -4.4592 7.9695 0.0269 1.7309 0.0567 -10.8525 3.7226 5.5866 1.6744 -0.5870 -2.1507 -8.6133 -4.5003 -6.0164 0.0079 1.6538 -0.0018 9.9426 0.1573 -6.4158 -1.4224 -1.5291 1.0181
0.0017 99.4646 -0.7233 -0.1345 1.3359 -0.1354 -0.0288 -3.5447 -0.0688 -0.5254 -6.0121 -0.0160 -1.0705 14.0037 -2.3544 1.9743 10.1942 2.4175 -0.8083 -3.6055 -0.1507 -1.0667 -1.8031 -0.5601 0.0121 -0.0211 -0.0047 0.7746 -10.4760 -3.8305 -0.7503 -10.4828 3.8218 -25.7976 12.4011 -13.2238 -53.3723 -14.8018 8.5779 0.5197 -0.5785 -32.6849 174.7265 -62.7026 176.4422 -14.3713 10.1904 13.3199 -60.9866 1.3177 1.8608 29.2490 9.7079 15.9216 40.2075 18.6619 20.8766 -0.8303 0.4913 39.4826 -13.6784 23.4566 -2.2158 16.3591 7.3723 -16.6522 50.4504 -3.5289 -5.7127 9.1445 -4.4571 8.0200 0.0285 1.7219 0.0472 -10.8535 3.7600 5.5600 1.6729 -0.6040 -2.1571 -8.6091 -4.5034 -5.9973 0.0123 1.6585 0.0053 9.9917 0.1386 -6.4033 -1.4197 -1.5382 1.0104
0.0069 99.4633 -0.7335 -0.1385 1.3415 -0.1582 -0.0236 -3.5487 -0.0781 -0.5101 -6.0165 -0.0081 -1.0695 13.9744 -2.3488 1.9199 10.2001 2.4175 -0.8206 -3.6010 -0.1161 -1.0737 -1.7754 -0.5975 0.0100 -0.0221 0.0067 0.7731 -10.4840 -3.8207 -0.7530 -10.4917 3.8351 -25.8099 12.4263 -13.2112 -53.3491 -14.6717 8.4471 0.5463 -0.5697 -32.7441 174.8054 -62.6218 176.3088 -14.3324 10.1847 13.2919 -60.8910 1.3127 1.8151 29.1939 9.6828 15.8903 40.2682 18.6652 20.8987 -0.8291 0.4988 39.4176 -13.6532 23.4035 -2.1683 16.3764 7.3773 -16.6449 50.4659 -3.5167 -5.6973 9.1494 -4.4706 8.0475 0.0254 1.7214 0.0433 -10.8405 3.7797 5.5348 1.6709 -0.6177 -2.1574 -8.6147 -4.5167 -5.9807 0.0234 1.6586 0.0043 10.0261 0.1379 -6.3805 -1.4171 -1.5379 1.0097
-0.0022 99.4549 -0.7296 -0.1363 1.3468 -0.1877 -0.0211 -3.5460 -0.1133 -0.4992 -6.0064 0.0263 -1.0661 13.9280 -2.3574 1.8786 10.2256 2.4180 -0.8312 -3.6092 -0.1058 -1.0973 -1.6965 -0.5794 0.0088 -0.0253 0.0100 0.7729 -10.4895 -3.8162 -0.7548 -10.4982 3.8351 -25.8001 12.4887 -13.2114 -53.3423 -14.5047 8.2500 0.6307 -0.5677 -32.7780 174.8207 -62.4430 176.1929 -14.3073 10.1899 13.2742 -60.8502 1.3237 1.7859 29.1239 9.6506 15.8592 40.3596 18.6890 20.9533 -0.8613 0.4914 39.3892 -13.6054 23.3786 -2.1119 16.3821 7.3905 -16.6417 50.4886 -3.5003 -5.6972 9.1507 -4.4803 8.0897 0.0218 1.7089 0.0344 -10.8326 3.7854 5.5224 1.6697 -0.6035 -2.1415 -8.6199 -4.5367 -5.9544 0.0356 1.6596 0.0016 10.0410 0.1326 -6.3695 -1.4136 -1.5225 1.0112
-0.0036 99.4494 -0.7495 -0.1394 1.3578 -0.2172 -0.0147 -3.5355 -0.1306 -0.4929 -6.0050 0.0213 -1.0565 13.8836 -2.3518 1.8429 10.2265 2.4041 -0.8170 -3.6207 -0.0908 -1.1527 -1.5598 -0.5371 0.0090 -0.0306 0.0104 0.7712 -10.5041 -3.8170 -0.7525 -10.5142 3.8360 -25.7864 12.5303 -13.2127 -53.3518 -14.2673 8.0607 0.7462 -0.5553 -32.8141 174.7750 -62.2114 176.1495 -14.2962 10.2073 13.2553 -60.8584 1.3268 1.7603 29.0833 9.6309 15.8666 40.4317 18.6822 20.9590 -0.8596 0.4833 39.3721 -13.5720 23.4113 -2.0738 16.3821 7.3926 -16.6264 50.4837 -3.4825 -5.6989 9.1553 -4.5006 8.1613 0.0167 1.7189 0.0214 -10.8202 3.7882 5.5284 1.6690 -0.5996 -2.1220 -8.6192 -4.5588 -5.9038 0.0393 1.6649 -0.0063 10.0520 0.1358 -6.3757 -1.4142 -1.5295 1.0181
0.0031 99.4450 -0.7398 -0.1438 1.3708 -0.2409 -0.0049 -3.5196 -0.1524 -0.4885 -5.9964 0.0133 -1.0380 13.8421 -2.3457 1.8359 10.2131 2.3749 -0.7894 -3.6284 -0.0738 -1.2340 -1.4493 -0.4665 0.0095 -0.0317 0.0076 0.7708 -10.5030 -3.8198 -0.7509 -10.5160 3.8323 -25.7955 12.5435 -13.2158 -53.3805 -14.0903 8.0027 0.7999 -0.5471 -32.8374 174.6864 -62.1936 176.1549 -14.3023 10.2110 13.2468 -60.8777 1.3318 1.7657 29.0518 9.6117 15.8904 40.5107 18.6968 20.9660 -0.9056 0.4783 39.3371 -13.5524 23.4541 -2.0136 16.3985 7.3959 -16.6171 50.4732 -3.4843 -5.6884 9.1646 -4.5288 8.2452 0.0126 1.7143 0.0180 -10.8182 3.8020 5.4956 1.6711 -0.5881 -2.1021 -8.6092 -4.5848 -5.8860 0.0407 1.6776 -0.0006 10.0389 0.1357 -6.3874 -1.4168 -1.5126 1.0182
-0.0283 99.4562 -0.7694 -0.1534 1.3857 -0.2711 0.0092 -3.4948 -0.1514 -0.4937 -6.0046 -0.0154 -1.0167 13.8231 -2.3487 1.8477 10.2102 2.3503 -0.7464 -3.6312 -0.0567 -1.3300 -1.4003 -0.4054 0.0111 -0.0275 0.0047 0.7715 -10.5087 -3.8244 -0.7481 -10.5252 3.8303 -25.7914 12.5393 -13.2059 -53.4193 -13.9681 8.0613 0.7699 -0.5613 -32.8990 174.5218 -62.3491 176.3148 -14.3224 10.2162 13.2367 -60.8575 1.3460 1.7947 29.0615 9.5844 15.9574 40.5330 18.7388 20.9554 -0.9295 0.4631 39.3111 -13.5716 23.4425 -1.9565 16.4191 7.3936 -16.6072 50.4693 -3.4924 -5.6870 9.1737 -4.5723 8.3167 0.0149 1.7288 0.0167 -10.8276 3.8046 5.4762 1.6720 -0.5717 -2.0943 -8.5783 -4.6278 -5.8750 0.0341 1.6985 -0.0070 9.9878 0.1403 -6.3706 -1.4202 -1.5075 1.0166
-0.0378 99.4672 -0.7741 -0.1601 1.4134 -0.2864 0.0138 -3.4796 -0.1556 -0.4992 -6.0074 -0.0193 -0.9906 13.8176 -2.3668 1.8743 10.2006 2.3355 -0.7222 -3.6191 -0.0430 -1.3975 -1.4312 -0.3918 0.0136 -0.0227 -0.0024 0.7713 -10.5012 -3.8313 -0.7430 -10.5202 3.8221 -25.7866 12.5427 -13.1961 -53.4617 -13.9037 8.1144 0.7200 -0.5673 -32.9329 174.1548 -62.4938 176.6617 -14.3338 10.2220 13.2128 -60.7866 1.3677 1.7989 29.1015 9.5578 16.0112 40.5247 18.7785 20.9624 -0.9495 0.4711 39.2376 -13.5640 23.3720 -1.8811 16.4251 7.3810 -16.5931 50.4421 -3.5063 -5.6897 9.1837 -4.6194 8.3599 0.0141 1.7283 0.0188 -10.8385 3.8351 5.4210 1.6731 -0.6008 -2.0913 -8.5536 -4.6710 -5.8739 0.0300 1.7042 0.0013 9.9240 0.1599 -6.3761 -1.4229 -1.5080 1.0139
-0.0609 99.4822 -0.8103 -0.1648 1.4454 -0.3098 0.0136 -3.4715 -0.1491 -0.5062 -6.0102 -0.0266 -0.9603 13.8378 -2.3722 1.9205 10.1887 2.3271 -0.7323 -3.6082 -0.0441 -1.4380 -1.4834 -0.4148 0.0157 -0.0192 -0.0124 0.7699 -10.4997 -3.8419 -0.7372 -10.5198 3.8116 -25.7627 12.5576 -13.1786 -53.5031 -13.8667 8.1407 0.6414 -0.5749 -32.9568 173.7741 -62.6078 177.0377 -14.3233 10.2247 13.1744 -60.6943 1.3836 1.7881 29.1590 9.5406 16.0488 40.4753 18.8246 20.9783 -0.9458 0.4644 39.1828 -13.5341 23.3262 -1.8520 16.4098 7.3800 -16.5915 50.3966 -3.5163 -5.7038 9.1953 -4.6681 8.4064 0.0144 1.7263 0.0187 -10.8539 3.8356 5.3717 1.6713 -0.6247 -2.0883 -8.5320 -4.7245 -5.8502 0.0273 1.7083 0.0130 9.8517 0.1648 -6.4077 -1.4250 -1.5198 1.0164
-0.0706 99.4792 -0.8238 -0.1582 1.4878 -0.3307 0.0085 -3.4745 -0.1501 -0.5137 -6.0045 -0.0214 -0.9348 13.8719 -2.3692 1.9678 10.1647 2.3380 -0.7654 -3.6020 -0.0788 -1.4568 -1.5462 -0.4557 0.0157 -0.0175 -0.0187 0.7688 -10.4939 -3.8472 -0.7360 -10.5156 3.8039 -25.7421 12.5748 -13.1822 -53.5126 -13.8393 8.0656 0.5808 -0.5725 -32.9314 173.4599 -62.5933 177.3306 -14.2881 10.2359 13.1500 -60.6323 1.3823 1.7846 29.1990 9.5121 16.0559 40.4433 18.8148 20.9846 -0.9178 0.4450 39.1329 -13.4717 23.3123 -1.8607 16.4063 7.3836 -16.5888 50.3886 -3.5084 -5.7090 9.1850 -4.7254 8.4499 0.0151 1.7286 0.0271 -10.8771 3.8194 5.3166 1.6699 -0.6386 -2.0870 -8.5182 -4.7907 -5.8374 0.0271 1.7278 0.0224 9.7934 0.1489 -6.4178 -1.4256 -1.5376 1.0195
-0.0838 99.4816 -0.8455 -0.1386 1.5262 -0.3619 0.0038 -3.4706 -0.1190 -0.5232 -6.0062 -0.0503 -0.9270 13.9229 -2.3482 2.0175 10.1243 2.3588 -0.7898 -3.5991 -0.1019 -1.4772 -1.5999 -0.5151 0.0138 -0.0174 -0.0192 0.7683 -10.4950 -3.8456 -0.7395 -10.5181 3.8038 -25.6997 12.5553 -13.1832 -53.5254 -13.7827 7.9927 0.5429 -0.5792 -32.9204 173.3521 -62.5026 177.4580 -14.2987 10.2366 13.1245 -60.6478 1.3652 1.7934 29.2411 9.4789 16.0640 40.3943 18.7947 20.9655 -0.8508 0.4023 39.1154 -13.4575 23.3150 -1.9226 16.4073 7.3752 -16.5878 50.3777 -3.5037 -5.7186 9.1666 -4.7816 8.5212 0.0129 1.7288 0.0250 -10.9095 3.8022 5.2797 1.6701 -0.6210 -2.0969 -8.5249 -4.8623 -5.8192 0.0232 1.7490 0.0211 9.7659 0.1083 -6.3868 -1.4263 -1.5394 1.0302
-0.1004 99.4866 -0.8661 -0.1214 1.5626 -0.3610 -0.0024 -3.4733 -0.1071 -0.5301 -6.0098 -0.0559 -0.9177 13.9821 -2.3355 2.0403 10.1007 2.3511 -0.7969 -3.5960 -0.1073 -1.4819 -1.6603 -0.5556 0.0115 -0.0176 -0.0156 0.7674 -10.5038 -3.8405 -0.7436 -10.5276 3.8079 -25.6479 12.5093 -13.1790 -53.5295 -13.7093 7.8944 0.5162 -0.5853 -32.9497 173.3829 -62.3514 177.5346 -14.3175 10.2391 13.0846 -60.7157 1.3501 1.7880 29.2885 9.4810 16.0740 40.3159 18.8183 20.9756 -0.8378 0.3561 39.1442 -13.4759 23.2346 -2.0160 16.4137 7.3811 -16.6055 50.4094 -3.4940 -5.7265 9.1363 -4.8554 8.5805 0.0141 1.7437 0.0329 -10.9283 3.8074 5.2302 1.6709 -0.5888 -2.1085 -8.5294 -4.9253 -5.8329 0.0241 1.7572 0.0342 9.7499 0.0779 -6.3663 -1.4247 -1.5639 1.0372
-0.0928 99.4686 -0.8892 -0.1041 1.6001 -0.3432 -0.0117 -3.4759 -0.1105 -0.5301 -6.0042 -0.0347 -0.9157 14.0220 -2.3573 2.0523 10.0715 2.3278 -0.8009 -3.5923 -0.1374 -1.4980 -1.6828 -0.5574 0.0106 -0.0177 -0.0148 0.7664 -10.5012 -3.8393 -0.7445 -10.5256 3.8096 -25.6220 12.4580 -13.1581 -53.5085 -13.6469 7.7712 0.5068 -0.5713 -32.9758 173.3611 -62.1722 177.6556 -14.2811 10.2369 13.0376 -60.6832 1.3473 1.7713 29.3436 9.4717 16.0676 40.2412 18.8660 21.0049 -0.8498 0.3697 39.1714 -13.4860 23.0850 -2.1105 16.4373 7.3840 -16.6041 50.4414 -3.4809 -5.7076 9.1101 -4.9180 8.6213 0.0169 1.7356 0.0433 -10.9165 3.8361 5.1864 1.6720 -0.5722 -2.1169 -8.5422 -4.9661 -5.8618 0.0298 1.7370 0.0466 9.7628 0.0880 -6.3495 -1.4240 -1.5808 1.0446
-0.0970 99.4624 -0.9128 -0.0957 1.6321 -0.3426 -0.0136 -3.4848 -0.1052 -0.5286 -6.0079 -0.0332 -0.9255 14.0644 -2.3699 2.0612 10.0785 2.3145 -0.7936 -3.5969 -0.1750 -1.5212 -1.7050 -0.5496 0.0114 -0.0185 -0.0132 0.7676 -10.5036 -3.8382 -0.7441 -10.5298 3.8121 -25.6074 12.4564 -13.1375 -53.4945 -13.6193 7.6821 0.5064 -0.5849 -33.0522 173.3773 -61.9621 177.6981 -14.2905 10.2336 13.0311 -60.7294 1.3529 1.7971 29.3843 9.4721 16.0831 40.1541 18.9275 21.0410 -0.8637 0.3829 39.2523 -13.5120 23.0449 -2.2257 16.4583 7.3919 -16.6062 50.4633 -3.4714 -5.6883 9.0921 -4.9692 8.6325 0.0216 1.7343 0.0540 -10.8949 3.8790 5.2004 1.6722 -0.5791 -2.1219 -8.5456 -4.9954 -5.8520 0.0327 1.7020 0.0482 9.7838 0.1341 -6.3384 -1.4220 -1.5971 1.0514
-0.1133 99.4626 -0.9295 -0.0867 1.6725 -0.3518 -0.0143 -3.4979 -0.1018 -0.5205 -6.0083 -0.0408 -0.9407 14.0739 -2.3811 2.0793 10.0824 2.2890 -0.7963 -3.5941 -0.1826 -1.5240 -1.7190 -0.5530 0.0130 -0.0193 -0.0144 0.7710 -10.5022 -3.8403 -0.7444 -10.5289 3.8118 -25.6407 12.4816 -13.1409 -53.4802 -13.6351 7.5725 0.5394 -0.5907 -33.0621 173.2875 -61.7866 177.8174 -14.3069 10.2359 13.0367 -60.7289 1.3681 1.8049 29.4170 9.4817 16.1016 40.0928 18.9925 21.1110 -0.9034 0.4040 39.2843 -13.5217 23.0144 -2.3278 16.4839 7.3965 -16.6161 50.4677 -3.4800 -5.6817 9.0723 -5.0217 8.6331 0.0214 1.7298 0.0558 -10.8727 3.9159 5.2279 1.6722 -0.5859 -2.1271 -8.5497 -5.0438 -5.8486 0.0354 1.6807 0.0474 9.8094 0.1804 -6.3176 -1.4210 -1.6112 1.0501
-0.1031 99.4614 -0.9285 -0.0841 1.7070 -0.3574 -0.0046 -3.5051 -0.1175 -0.5119 -5.9984 -0.0525 -0.9512 14.0527 -2.3685 2.1094 10.1055 2.2692 -0.8045 -3.5929 -0.1719 -1.5003 -1.7275 -0.5865 0.0132 -0.0169 -0.0109 0.7705 -10.4935 -3.8360 -0.7433 -10.5222 3.8145 -25.6783 12.5345 -13.1744 -53.5092 -13.6984 7.5118 0.5837 -0.5856 -33.0672 173.2477 -61.6204 177.9135 -14.3125 10.2553 13.0474 -60.7454 1.3724 1.8030 29.4293 9.4945 16.1310 40.0352 18.9622 21.1244 -0.8769 0.4096 39.2836 -13.5448 23.1173 -2.4089 16.5084 7.4012 -16.6037 50.5025 -3.4764 -5.6522 9.0626 -5.0652 8.6545 0.0217 1.7236 0.0550 -10.8539 3.9394 5.2633 1.6709 -0.5800 -2.1290 -8.5454 -5.0774 -5.8262 0.0359 1.6587 0.0370 9.8097 0.2161 -6.3179 -1.4206 -1.6118 1.0444
-0.0960 99.4571 -0.9304 -0.0808 1.7402 -0.3764 0.0009 -3.4979 -0.1311 -0.4967 -5.9854 -0.0666 -0.9552 14.0007 -2.3662 2.1363 10.1078 2.2481 -0.8066 -3.5896 -0.1453 -1.4708 -1.6902 -0.6180 0.0147 -0.0156 -0.0122 0.7691 -10.4780 -3.8369 -0.7386 -10.5106 3.8116 -25.7335 12.5273 -13.2052 -53.5533 -13.7728 7.5657 0.5951 -0.5772 -33.0260 173.2574 -61.5988 177.9775 -14.3200 10.2669 13.0341 -60.7572 1.3761 1.7789 29.4172 9.4808 16.1528 40.0050 18.8950 21.0752 -0.8166 0.4190 39.2881 -13.5709 23.2417 -2.4702 16.5365 7.3907 -16.5937 50.4968 -3.4924 -5.6503 9.0457 -5.1042 8.6899 0.0189 1.7164 0.0447 -10.8215 3.9578 5.2622 1.6725 -0.5957 -2.1215 -8.5468 -5.1112 -5.8239 0.0405 1.6409 0.0394 9.8169 0.2475 -6.3215 -1.4212 -1.5974 1.0411
-0.0889 99.4593 -0.9271 -0.0795 1.7788 -0.4021 0.0086 -3.4873 -0.1305 -0.4941 -5.9722 -0.0705 -0.9640 13.9553 -2.3893 2.1797 10.0783 2.2119 -0.8052 -3.5833 -0.1099 -1.4538 -1.6305 -0.6326 0.0167 -0.0170 -0.0193 0.7671 -10.4704 -3.8449 -0.7321 -10.5044 3.8043 -25.7696 12.4972 -13.2489 -53.5968 -13.8511 7.6468 0.5970 -0.5575 -32.9419 173.3199 -61.5936 177.9951 -14.2946 10.2772 12.9938 -60.7402 1.3814 1.7458 29.4248 9.4832 16.1878 39.9670 18.7963 20.9974 -0.7676 0.3973 39.2938 -13.5831 23.2986 -2.5063 16.5447 7.3924 -16.5884 50.4989 -3.5001 -5.6842 9.0326 -5.1466 8.7437 0.0154 1.7192 0.0286 -10.7994 3.9587 5.2489 1.6745 -0.5997 -2.1060 -8.5520 -5.1511 -5.8078 0.0407 1.6328 0.0485 9.8170 0.2663 -6.3533 -1.4216 -1.5927 1.0353
-0.0745 99.4728 -0.9568 -0.0781 1.8102 -0.4112 0.0176 -3.4670 -0.1355 -0.5000 -5.9656 -0.0575 -0.9646 13.9270 -2.4259 2.2152 10.0272 2.1727 -0.7969 -3.5866 -0.0884 -1.4315 -1.5801 -0.6114 0.0188 -0.0208 -0.0254 0.7676 -10.4690 -3.8510 -0.7282 -10.5054 3.7966 -25.7696 12.4957 -13.2933 -53.6650 -13.9792 7.7449 0.5730 -0.5509 -32.8331 173.3420 -61.7119 178.0587 -14.2628 10.2972 12.9685 -60.6860 1.3996 1.7379 29.4281 9.4772 16.2338 39.9489 18.7339 20.9131 -0.7655 0.4013 39.3126 -13.5614 23.2705 -2.5062 16.5334 7.3942 -16.5982 50.4961 -3.5189 -5.7035 9.0188 -5.1841 8.7814 0.0129 1.7163 0.0192 -10.7923 3.9733 5.2451 1.6780 -0.6164 -2.0898 -8.5503 -5.1873 -5.7851 0.0341 1.6285 0.0489 9.8009 0.2869 -6.3674 -1.4226 -1.5897 1.0258
-0.0622 99.4822 -0.9750 -0.0745 1.8266 -0.4293 0.0229 -3.4458 -0.1363 -0.5157 -5.9632 -0.0688 -0.9607 13.9283 -2.4450 2.2375 9.9651 2.1563 -0.7813 -3.5874 -0.0696 -1.4081 -1.5558 -0.6207 0.0199 -0.0238 -0.0260 0.7677 -10.4723 -3.8522 -0.7258 -10.5079 3.7956 -25.7517 12.5197 -13.3356 -53.7403 -14.1055 7.8410 0.5819 -0.5594 -32.7353 173.3745 -61.9239 178.1079 -14.2690 10.3094 12.9650 -60.6794 1.4206 1.7442 29.4550 9.4473 16.3051 39.9183 18.7173 20.7917 -0.7626 0.4147 39.3625 -13.5746 23.2678 -2.5349 16.5099 7.3890 -16.6210 50.4829 -3.5418 -5.7079 9.0124 -5.2001 8.8051 0.0063 1.6997 0.0228 -10.7921 3.9952 5.2552 1.6801 -0.6321 -2.0764 -8.5496 -5.2163 -5.7695 0.0288 1.6326 0.0397 9.7702 0.3315 -6.3277 -1.4250 -1.5907 1.0193
-0.0618 99.4856 -0.9891 -0.0658 1.8267 -0.4529 0.0216 -3.4291 -0.1454 -0.5323 -5.9536 -0.0670 -0.9510 13.9542 -2.4468 2.2625 9.9184 2.1643 -0.7733 -3.5827 -0.0740 -1.3835 -1.5548 -0.6591 0.0192 -0.0222 -0.0210 0.7688 -10.4708 -3.8473 -0.7283 -10.5035 3.8008 -25.7404 12.5366 -13.3942 -53.8018 -14.2113 7.9209 0.5853 -0.5548 -32.6167 173.4037 -62.1071 178.1040 -14.2678 10.3149 12.9903 -60.7028 1.4252 1.7714 29.4760 9.4013 16.3355 39.8941 18.7711 20.7211 -0.7851 0.4338 39.4059 -13.5590 23.1848 -2.5272 16.4589 7.3942 -16.6398 50.4962 -3.5533 -5.7014 9.0094 -5.1925 8.8028 0.0060 1.6817 0.0328 -10.7981 4.0116 5.2746 1.6808 -0.6687 -2.0722 -8.5576 -5.2323 -5.7624 0.0287 1.6308 0.0349 9.7313 0.3800 -6.2838 -1.4279 -1.5904 1.0182
-0.0623 99.4876 -0.9989 -0.0562 1.8154 -0.4896 0.0144 -3.4207 -0.1204 -0.5462 -5.9625 -0.0876 -0.9446 14.0175 -2.4335 2.2820 9.9128 2.1789 -0.7709 -3.5748 -0.0730 -1.3692 -1.5753 -0.7108 0.0185 -0.0189 -0.0101 0.7694 -10.4657 -3.8356 -0.7307 -10.4990 3.8125 -25.7397 12.5603 -13.4691 -53.8665 -14.2893 7.9790 0.5864 -0.5479 -32.5422 173.2640 -62.1685 178.2374 -14.2578 10.3532 13.0611 -60.7341 1.4298 1.8134 29.4977 9.3877 16.3409 39.8657 18.8262 20.6990 -0.7703 0.4415 39.4426 -13.5956 23.0641 -2.5494 16.4447 7.3959 -16.6424 50.5186 -3.5288 -5.6675 8.9993 -5.1762 8.7882 0.0025 1.6844 0.0419 -10.7970 4.0035 5.3099 1.6778 -0.6907 -2.0781 -8.5655 -5.2454 -5.7351 0.0289 1.6441 0.0258 9.7316 0.4081 -6.2510 -1.4297 -1.6129 1.0274
-0.0601 99.4815 -1.0000 -0.0425 1.8012 -0.5252 0.0067 -3.4228 -0.1013 -0.5558 -5.9636 -0.0943 -0.9548 14.0818 -2.4363 2.2830 9.9199 2.1984 -0.7760 -3.5715 -0.0878 -1.3290 -1.5852 -0.7087 0.0168 -0.0139 -0.0003 0.7671 -10.4580 -3.8237 -0.7318 -10.4890 3.8213 -25.7652 12.5852 -13.5279 -53.9019 -14.3344 7.9901 0.5972 -0.5400 -32.4910 173.0929 -62.0547 178.3787 -14.2735 10.3664 13.1132 -60.7903 1.4178 1.8489 29.4863 9.3577 16.3229 39.8812 18.8784 20.7150 -0.7346 0.4263 39.4688 -13.6066 22.9691 -2.5445 16.4532 7.4056 -16.6494 50.5555 -3.5080 -5.6247 8.9848 -5.1543 8.7634 0.0057 1.6803 0.0645 -10.8033 3.9899 5.3412 1.6734 -0.7031 -2.0897 -8.5728 -5.2585 -5.7035 0.0305 1.6646 0.0272 9.7444 0.4247 -6.2591 -1.4301 -1.6378 1.0393
-0.0567 99.4817 -1.0028 -0.0322 1.7830 -0.5371 0.0003 -3.4178 -0.0808 -0.5608 -5.9715 -0.1017 -0.9757 14.1456 -2.4452 2.2694 9.9369 2.2041 -0.7760 -3.5719 -0.0910 -1.2956 -1.6213 -0.6904 0.0180 -0.0138 -0.0002 0.7678 -10.4574 -3.8230 -0.7300 -10.4893 3.8208 -25.7483 12.5942 -13.5517 -53.9730 -14.3610 8.0242 0.6011 -0.5507 -32.4906 173.0228 -61.9981 178.4402 -14.3035 10.3963 13.1710 -60.8136 1.4310 1.8610 29.4348 9.3065 16.2848 39.9337 18.8419 20.6478 -0.6507 0.3951 39.5247 -13.6061 22.9140 -2.5037 16.4624 7.3961 -16.6184 50.5362 -3.4790 -5.5917 8.9668 -5.1317 8.7203 0.0107 1.6814 0.0711 -10.7962 3.9894 5.3988 1.6713 -0.7039 -2.1012 -8.5831 -5.2629 -5.6741 0.0330 1.6923 0.0211 9.7882 0.4264 -6.2799 -1.4295 -1.6596 1.0477
-0.0631 99.4676 -1.0136 -0.0287 1.7593 -0.5463 0.0001 -3.4120 -0.0818 -0.5674 -5.9597 -0.1012 -1.0007 14.1911 -2.4604 2.2594 9.9660 2.2179 -0.7772 -3.5807 -0.1217 -1.2840 -1.6670 -0.6259 0.0204 -0.0155 -0.0099 0.7672 -10.4582 -3.8318 -0.7244 -10.4882 3.8095 -25.7243 12.5724 -13.5464 -54.0549 -14.3798 8.0973 0.6074 -0.5394 -32.4873 173.0886 -61.8842 178.3504 -14.3336 10.4134 13.1886 -60.9208 1.4290 1.8419 29.3611 9.2585 16.2624 40.0071 18.7677 20.5744 -0.5814 0.3727 39.5860 -13.6024 22.8907 -2.4855 16.4605 7.3959 -16.6107 50.5350 -3.4786 -5.5904 8.9723 -5.1021 8.6725 0.0187 1.6806 0.0777 -10.8254 3.9824 5.4487 1.6717 -0.6768 -2.1093 -8.5837 -5.2691 -5.6633 0.0332 1.7424 0.0184 9.8147 0.4389 -6.3087 -1.4290 -1.6575 1.0477
-0.0768 99.4540 -1.0222 -0.0301 1.7248 -0.5572 -0.0034 -3.3864 -0.0822 -0.5651 -5.9486 -0.0978 -1.0281 14.2072 -2.4703 2.2585 10.0187 2.1988 -0.7844 -3.5882 -0.1214 -1.2831 -1.7205 -0.5716 0.0222 -0.0184 -0.0178 0.7691 -10.4583 -3.8405 -0.7228 -10.4862 3.8025 -25.7117 12.5642 -13.5284 -54.1691 -14.4739 8.2638 0.5546 -0.5221 -32.4741 173.1588 -61.6686 178.1815 -14.3902 10.4251 13.2262 -61.0748 1.4036 1.8356 29.3091 9.2367 16.2512 40.0678 18.7050 20.5199 -0.5540 0.3610 39.6478 -13.5980 22.8232 -2.5206 16.4448 7.3925 -16.6024 50.5416 -3.4803 -5.5667 8.9841 -5.0551 8.6080 0.0226 1.6746 0.0772 -10.8566 4.0053 5.5268 1.6742 -0.6763 -2.1164 -8.5755 -5.2601 -5.6611 0.0330 1.7963 0.0302 9.8086 0.4238 -6.3453 -1.4283 -1.6580 1.0441
-0.0779 99.4619 -1.0464 -0.0340 1.6929 -0.5633 -0.0027 -3.3648 -0.0759 -0.5603 -5.9468 -0.0902 -1.0618 14.2292 -2.4655 2.2645 10.0538 2.1961 -0.7902 -3.5894 -0.1081 -1.2801 -1.7921 -0.5557 0.0210 -0.0208 -0.0154 0.7704 -10.4649 -3.8374 -0.7266 -10.4900 3.8054 -25.6899 12.5852 -13.5065 -54.2642 -14.5709 8.3960 0.5066 -0.5216 -32.4953 173.2518 -61.3458 177.9793 -14.4464 10.4097 13.2647 -61.2100 1.3691 1.8831 29.2722 9.2427 16.2642 40.1119 18.7107 20.5139 -0.5802 0.3749 39.7025 -13.6270 22.6465 -2.5545 16.4575 7.4114 -16.6305 50.5864 -3.4748 -5.5973 9.0038 -5.0146 8.5713 0.0240 1.6649 0.0766 -10.8672 4.0371 5.5724 1.6761 -0.6656 -2.1211 -8.5584 -5.2488 -5.6487 0.0260 1.8432 0.0238 9.7592 0.4016 -6.3792 -1.4280 -1.6457 1.0353
-0.0961 99.4544 -1.0281 -0.0369 1.6630 -0.5478 0.0023 -3.3442 -0.0962 -0.5554 -5.9472 -0.0486 -1.0862 14.2265 -2.4792 2.2737 10.0798 2.1873 -0.7951 -3.5872 -0.0842 -1.2886 -1.8470 -0.5493 0.0194 -0.0228 -0.0055 0.7718 -10.4657 -3.8278 -0.7312 -10.4901 3.8166 -25.6730 12.6291 -13.4868 -54.3560 -14.6443 8.4665 0.4832 -0.5185 -32.4782 173.2136 -61.0637 177.9284 -14.4757 10.3880 13.2696 -61.2637 1.3425 1.9148 29.2767 9.2879 16.3032 40.1196 18.7355 20.5195 -0.6459 0.4259 39.7307 -13.6392 22.5148 -2.6057 16.4790 7.4235 -16.6343 50.6202 -3.4672 -5.5876 9.0311 -4.9871 8.5343 0.0201 1.6616 0.0802 -10.8415 4.0790 5.5686 1.6766 -0.6780 -2.1198 -8.5473 -5.2309 -5.6617 0.0280 1.8898 0.0300 9.7129 0.3654 -6.4093 -1.4276 -1.6432 1.0242
-0.1224 99.4476 -1.0092 -0.0325 1.6378 -0.5287 0.0013 -3.3310 -0.0928 -0.5540 -5.9452 -0.0412 -1.1032 14.2021 -2.4927 2.3029 10.0893 2.2023 -0.7872 -3.5911 -0.0848 -1.3170 -1.8662 -0.5511 0.0183 -0.0209 -0.0012 0.7679 -10.4663 -3.8243 -0.7293 -10.4902 3.8220 -25.6472 12.6762 -13.4760 -54.4147 -14.6249 8.4303 0.5306 -0.5037 -32.4766 173.1712 -60.8939 177.9346 -14.4378 10.3632 13.2585 -61.1994 1.3282 1.9386 29.2640 9.3139 16.3484 40.1480 18.7668 20.5168 -0.6846 0.4600 39.7439 -13.5865 22.4418 -2.6078 16.4878 7.4278 -16.6441 50.6182 -3.4716 -5.5970 9.0431 -4.9561 8.5388 0.0128 1.6528 0.0781 -10.8009 4.1099 5.5228 1.6783 -0.6582 -2.1164 -8.5442 -5.2104 -5.7012 0.0261 1.9191 0.0243 9.6850 0.3238 -6.4127 -1.4269 -1.6068 1.0128
-0.1434 99.4536 -0.9785 -0.0235 1.6268 -0.4877 -0.0001 -3.3367 -0.0955 -0.5543 -5.9502 -0.0429 -1.1099 14.1819 -2.4987 2.3424 10.0906 2.1775 -0.7820 -3.5909 -0.0604 -1.3476 -1.8672 -0.5302 0.0182 -0.0188 0.0031 0.7642 -10.4745 -3.8216 -0.7257 -10.4965 3.8271 -25.6314 12.7053 -13.4796 -54.4280 -14.5305 8.2885 0.6127 -0.4766 -32.4593 173.0416 -60.8183 178.0448 -14.4001 10.3502 13.2182 -61.0810 1.3402 1.9103 29.2410 9.3326 16.3774 40.1774 18.7710 20.4808 -0.6924 0.4524 39.7450 -13.4929 22.3587 -2.5447 16.4945 7.4390 -16.6513 50.6052 -3.4802 -5.6187 9.0488 -4.9452 8.5446 0.0074 1.6610 0.0742 -10.7628 4.1199 5.4543 1.6776 -0.6466 -2.1040 -8.5546 -5.1915 -5.7615 0.0254 1.9401 0.0170 9.6989 0.2695 -6.4099 -1.4263 -1.5758 1.0078
-0.1669 99.4550 -0.9725 -0.0208 1.6127 -0.4352 0.0041 -3.3506 -0.1238 -0.5546 -5.9383 -0.0264 -1.1012 14.1486 -2.5080 2.3888 10.0862 2.1538 -0.7686 -3.5989 -0.0759 -1.3831 -1.8864 -0.4622 0.0176 -0.0150 0.0033 0.7597 -10.4806 -3.8241 -0.7219 -10.4981 3.8277 -25.6217 12.7185 -13.4663 -54.3994 -14.3861 8.0921 0.7125 -0.4537 -32.4481 173.0312 -60.7363 178.0032 -14.3385 10.3447 13.1837 -60.9485 1.3592 1.8771 29.2074 9.3466 16.3774 40.2452 18.7665 20.4717 -0.7318 0.4574 39.7330 -13.3705 22.3733 -2.5323 16.4981 7.4491 -16.6337 50.6017 -3.4825 -5.6249 9.0521 -4.9278 8.5329 0.0110 1.6677 0.0717 -10.7526 4.1219 5.4253 1.6773 -0.6305 -2.0902 -8.5530 -5.1453 -5.8177 0.0234 1.9292 0.0157 9.6932 0.2390 -6.4329 -1.4259 -1.5563 0.9952
-0.1768 99.4600 -0.9244 -0.0242 1.5927 -0.4006 0.0074 -3.3542 -0.1195 -0.5554 -5.9345 -0.0496 -1.0797 14.1172 -2.5040 2.4271 10.0674 2.1349 -0.7483 -3.6031 -0.0710 -1.4239 -1.9223 -0.4216 0.0185 -0.0136 0.0025 0.7589 -10.4830 -3.8261 -0.7188 -10.4967 3.8270 -25.6053 12.7264 -13.4541 -54.3841 -14.2309 7.9995 0.7771 -0.4598 -32.5210 173.1466 -60.5379 177.8079 -14.3347 10.3354 13.1842 -60.8947 1.3804 1.8506 29.2028 9.3524 16.3845 40.2639 18.8078 20.4366 -0.7457 0.4654 39.7903 -13.3258 22.4283 -2.5716 16.4947 7.4521 -16.6030 50.5927 -3.4764 -5.6349 9.0654 -4.8898 8.5114 0.0111 1.6763 0.0591 -10.7573 4.1106 5.4282 1.6761 -0.6162 -2.0807 -8.5580 -5.0929 -5.8182 0.0221 1.9304 0.0106 9.7074 0.2317 -6.4661 -1.4275 -1.5353 0.9995
-0.1957 99.4582 -0.8761 -0.0356 1.5555 -0.3806 0.0116 -3.3452 -0.1313 -0.5555 -5.9340 -0.0597 -1.0498 14.0885 -2.4811 2.4623 10.0172 2.1052 -0.7409 -3.6065 -0.0444 -1.4455 -1.9698 -0.4069 0.0197 -0.0165 -0.0088 0.7608 -10.4758 -3.8368 -0.7182 -10.4881 3.8144 -25.5817 12.7483 -13.4285 -54.3668 -14.0769 7.9050 0.8129 -0.4742 -32.6145 173.2986 -60.2912 177.5561 -14.3351 10.3300 13.1949 -60.8802 1.4042 1.8156 29.2023 9.3582 16.3751 40.2830 18.8371 20.4045 -0.7674 0.4746 39.8565 -13.2758 22.4101 -2.6041 16.4980 7.4520 -16.6036 50.6166 -3.4747 -5.6500 9.0891 -4.8262 8.4449 0.0123 1.6804 0.0536 -10.7893 4.1112 5.4638 1.6774 -0.6253 -2.0783 -8.5452 -5.0184 -5.8128 0.0217 1.9265 0.0170 9.6781 0.2255 -6.5153 -1.4281 -1.5216 0.9979
-0.2059 99.4586 -0.8326 -0.0479 1.5228 -0.3681 0.0216 -3.3417 -0.1286 -0.5573 -5.9339 -0.0793 -1.0196 14.0764 -2.4522 2.4763 9.9337 2.0867 -0.7389 -3.6113 -0.0109 -1.4567 -2.0105 -0.3983 0.0204 -0.0216 -0.0187 0.7634 -10.4672 -3.8450 -0.7194 -10.4814 3.8027 -25.5775 12.7826 -13.4209 -54.3312 -13.9773 7.8922 0.7857 -0.4902 -32.7661 173.4178 -60.1934 177.3935 -14.3281 10.3287 13.2010 -60.8957 1.4147 1.7801 29.2246 9.3959 16.3785 40.2591 18.7777 20.3292 -0.7441 0.4738 39.9211 -13.2792 22.3891 -2.5787 16.4882 7.4658 -16.6250 50.6469 -3.4637 -5.6838 9.1181 -4.7553 8.4046 0.0079 1.6736 0.0503 -10.8463 4.0945 5.5239 1.6799 -0.6269 -2.0819 -8.5385 -4.9551 -5.7647 0.0222 1.9361 0.0161 9.6367 0.2174 -6.5579 -1.4299 -1.5452 0.9979
-0.2101 99.4776 -0.7965 -0.0539 1.4921 -0.3751 0.0251 -3.3498 -0.1097 -0.5596 -5.9374 -0.0942 -0.9911 14.0731 -2.4296 2.4834 9.8455 2.0938 -0.7369 -3.6217 0.0038 -1.4642 -2.0395 -0.4077 0.0208 -0.0263 -0.0252 0.7649 -10.4708 -3.8517 -0.7202 -10.4844 3.7964 -25.5681 12.7915 -13.4200 -54.2502 -13.8283 7.8099 0.7780 -0.5218 -32.8815 173.5116 -60.0478 177.2152 -14.3149 10.3122 13.2007 -60.9102 1.4049 1.7623 29.2663 9.4512 16.3660 40.1939 18.7068 20.2519 -0.7116 0.4498 40.0064 -13.3093 22.3074 -2.5372 16.4814 7.4823 -16.6567 50.6816 -3.4505 -5.7083 9.1303 -4.6903 8.3773 0.0067 1.6661 0.0534 -10.8982 4.0788 5.5660 1.6801 -0.6404 -2.0875 -8.5317 -4.8961 -5.7126 0.0157 1.9412 0.0211 9.5954 0.1829 -6.5938 -1.4289 -1.5703 1.0042
-0.2140 99.4776 -0.7568 -0.0602 1.4622 -0.3570 0.0348 -3.3638 -0.1121 -0.5634 -5.9351 -0.0790 -0.9593 14.0650 -2.4131 2.4714 9.7438 2.1067 -0.7395 -3.6283 -0.0213 -1.4683 -2.0691 -0.4102 0.0203 -0.0298 -0.0245 0.7658 -10.4690 -3.8489 -0.7223 -10.4828 3.7950 -25.5570 12.7477 -13.4041 -54.1526 -13.6359 7.6966 0.7418 -0.5403 -32.9538 173.4591 -59.9594 177.1998 -14.2736 10.3034 13.1634 -60.8958 1.3941 1.7399 29.2949 9.4885 16.3293 40.1420 18.5642 20.1385 -0.6645 0.4442 40.0458 -13.3129 22.2100 -2.4765 16.4404 7.4740 -16.6658 50.6340 -3.4571 -5.7201 9.1418 -4.6396 8.3861 0.0039 1.6684 0.0548 -10.9515 4.0482 5.5719 1.6805 -0.6696 -2.0934 -8.5259 -4.8437 -5.6848 0.0079 1.9583 0.0279 9.5792 0.1349 -6.6272 -1.4286 -1.6038 1.0059
-0.2208 99.4884 -0.7183 -0.0682 1.4350 -0.3492 0.0466 -3.3726 -0.1005 -0.5680 -5.9357 -0.0768 -0.9255 14.0613 -2.3934 2.4499 9.6469 2.1392 -0.7461 -3.6397 -0.0664 -1.4775 -2.0778 -0.4393 0.0186 -0.0328 -0.0140 0.7654 -10.4802 -3.8399 -0.7255 -10.4926 3.8078 -25.5585 12.6921 -13.3966 -54.0581 -13.4895 7.6244 0.6885 -0.5621 -33.0162 173.3566 -59.9221 177.2821 -14.2464 10.2878 13.1410 -60.9121 1.3824 1.7487 29.3001 9.5227 16.2963 40.1071 18.4487 20.0740 -0.6425 0.4415 40.0753 -13.3436 22.1231 -2.4423 16.4122 7.4713 -16.6529 50.5902 -3.4466 -5.7208 9.1552 -4.6062 8.4586 0.0049 1.6803 0.0455 -11.0009 4.0185 5.5458 1.6794 -0.6974 -2.0986 -8.5239 -4.7918 -5.6399 0.0047 1.9698 0.0266 9.5794 0.0969 -6.6742 -1.4278 -1.6271 1.0133
-0.2294 99.4804 -0.6990 -0.0754 1.4072 -0.3371 0.0512 -3.3819 -0.0985 -0.5632 -5.9385 -0.0732 -0.9100 14.0537 -2.3834 2.4182 9.5577 2.1591 -0.7574 -3.6365 -0.0983 -1.4890 -2.0717 -0.4498 0.0156 -0.0343 0.0026 0.7644 -10.4837 -3.8237 -0.7306 -10.4948 3.8262 -25.5534 12.6571 -13.3734 -54.0037 -13.3902 7.5398 0.6701 -0.5669 -33.0017 173.2509 -59.8442 177.2789 -14.2396 10.2631 13.1269 -60.9277 1.3565 1.7716 29.2806 9.5279 16.2477 40.1259 18.3912 20.0775 -0.6466 0.4376 40.0568 -13.3681 22.0698 -2.4447 16.4098 7.4646 -16.6191 50.5707 -3.4410 -5.6837 9.1699 -4.5718 8.4991 0.0076 1.6840 0.0403 -11.0483 3.9778 5.5183 1.6765 -0.7107 -2.1037 -8.5221 -4.7418 -5.6452 0.0044 1.9809 0.0334 9.5915 0.0537 -6.6892 -1.4284 -1.6356 1.0184
-0.2309 99.4779 -0.6765 -0.0794 1.3798 -0.3330 0.0504 -3.3934 -0.0908 -0.5541 -5.9456 -0.0734 -0.9064 14.0533 -2.3816 2.3664 9.4892 2.1650 -0.7634 -3.6339 -0.0995 -1.4945 -2.0843 -0.4504 0.0135 -0.0337 0.0078 0.7651 -10.4863 -3.8179 -0.7355 -10.4936 3.8318 -25.5401 12.6631 -13.3561 -54.0204 -13.3781 7.5274 0.6803 -0.5719 -33.0049 173.2270 -59.7811 177.1765 -14.2597 10.2510 13.1596 -60.9410 1.3460 1.8250 29.2025 9.5158 16.1979 40.2080 18.3593 20.1359 -0.6716 0.4345 40.0466 -13.3813 22.0962 -2.4991 16.4185 7.4666 -16.6138 50.5564 -3.4430 -5.6927 9.1798 -4.5422 8.5295 0.0072 1.6971 0.0325 -11.0861 3.9364 5.4945 1.6731 -0.6804 -2.1085 -8.5236 -4.7027 -5.6829 0.0076 2.0001 0.0462 9.6031 0.0116 -6.6643 -1.4279 -1.6175 1.0262
-0.2204 99.4740 -0.6316 -0.0863 1.3610 -0.3376 0.0499 -3.4079 -0.0911 -0.5418 -5.9570 -0.0619 -0.9129 14.0652 -2.3912 2.3064 9.4267 2.1796 -0.7659 -3.6261 -0.0961 -1.4925 -2.1010 -0.4512 0.0132 -0.0325 0.0054 0.7695 -10.4897 -3.8216 -0.7406 -10.4960 3.8313 -25.5358 12.6727 -13.3410 -54.0466 -13.4205 7.5589 0.6942 -0.5810 -33.0110 173.3113 -59.7774 176.9803 -14.2780 10.2264 13.1658 -60.9443 1.3332 1.8393 29.1461 9.5303 16.1697 40.2350 18.3132 20.1820 -0.6962 0.4196 40.0619 -13.3920 22.2044 -2.5609 16.4650 7.4567 -16.6052 50.5634 -3.4559 -5.6883 9.1934 -4.5215 8.5323 0.0101 1.7103 0.0442 -11.1015 3.9190 5.4776 1.6709 -0.6585 -2.1106 -8.5239 -4.6813 -5.6966 0.0153 2.0253 0.0545 9.6068 -0.0330 -6.6514 -1.4268 -1.5884 1.0279
-0.2068 99.4679 -0.6190 -0.0981 1.3447 -0.3723 0.0544 -3.4236 -0.1228 -0.5276 -5.9584 -0.0311 -0.9188 14.0538 -2.3803 2.2287 9.3804 2.2012 -0.7679 -3.6266 -0.1215 -1.4847 -2.1215 -0.4151 0.0130 -0.0299 -0.0011 0.7706 -10.4855 -3.8285 -0.7421 -10.4930 3.8246 -25.5416 12.6863 -13.3376 -54.0988 -13.4901 7.6547 0.7189 -0.5763 -33.0323 173.3867 -59.8149 176.8323 -14.2939 10.2461 13.1847 -60.9831 1.3618 1.8127 29.1038 9.5537 16.1431 40.2515 18.2550 20.2170 -0.7350 0.4308 40.0729 -13.3722 22.3886 -2.6180 16.4619 7.4474 -16.6049 50.5544 -3.4574 -5.6896 9.2141 -4.4918 8.5341 0.0090 1.7114 0.0529 -11.1022 3.9022 5.4551 1.6708 -0.6345 -2.1137 -8.5226 -4.6607 -5.7103 0.0218 2.0346 0.0602 9.6053 -0.0553 -6.6115 -1.4257 -1.5621 1.0215
-0.1847 99.4708 -0.5837 -0.1045 1.3236 -0.3929 0.0570 -3.4355 -0.1363 -0.5195 -5.9657 -0.0250 -0.9257 14.0427 -2.3677 2.1538 9.3485 2.2436 -0.7676 -3.6256 -0.1555 -1.4879 -2.1011 -0.4045 0.0118 -0.0277 -0.0002 0.7682 -10.4913 -3.8297 -0.7421 -10.4978 3.8274 -25.5472 12.7000 -13.3453 -54.1629 -13.5563 7.7661 0.7296 -0.5779 -33.0695 173.3862 -59.9304 176.7991 -14.3543 10.2466 13.1842 -61.0186 1.3664 1.7647 29.0883 9.5803 16.1447 40.2148 18.1643 20.1553 -0.6918 0.4233 40.1225 -13.4155 22.5767 -2.6742 16.4726 7.4484 -16.6126 50.5567 -3.4583 -5.7055 9.2265 -4.4634 8.5577 0.0072 1.7160 0.0601 -11.0785 3.8939 5.4127 1.6710 -0.6307 -2.1205 -8.5251 -4.6303 -5.6910 0.0226 2.0408 0.0512 9.6175 -0.0653 -6.5780 -1.4252 -1.5324 1.0152
-0.1690 99.4778 -0.5620 -0.1071 1.3075 -0.3970 0.0599 -3.4438 -0.1496 -0.5144 -5.9705 -0.0062 -0.9344 14.0189 -2.3755 2.0912 9.3379 2.2774 -0.7631 -3.6308 -0.1630 -1.4995 -2.0332 -0.4110 0.0117 -0.0273 0.0024 0.7638 -10.4894 -3.8284 -0.7377 -10.4969 3.8306 -25.5511 12.7098 -13.3545 -54.2111 -13.5856 7.8360 0.7324 -0.5680 -33.0998 173.2873 -60.0883 176.9164 -14.3751 10.2464 13.1723 -61.0236 1.3671 1.7385 29.0987 9.6037 16.1644 40.1680 18.1163 20.0917 -0.6719 0.4317 40.1801 -13.4666 22.6439 -2.6924 16.4812 7.4542 -16.6174 50.5579 -3.4562 -5.7178 9.2342 -4.4292 8.5936 0.0017 1.7120 0.0501 -11.0617 3.8944 5.3588 1.6728 -0.6339 -2.1242 -8.5379 -4.5879 -5.6672 0.0234 2.0262 0.0532 9.6420 -0.0532 -6.5546 -1.4266 -1.5052 1.0110
-0.1546 99.4902 -0.5596 -0.1103 1.2885 -0.4068 0.0642 -3.4503 -0.1681 -0.5089 -5.9822 0.0004 -0.9390 13.9991 -2.3756 2.0271 9.3499 2.2793 -0.7429 -3.6357 -0.1459 -1.5231 -1.9657 -0.3732 0.0126 -0.0280 -0.0009 0.7619 -10.4977 -3.8330 -0.7341 -10.5081 3.8270 -25.5310 12.7092 -13.3646 -54.2336 -13.5471 7.8261 0.7549 -0.5755 -33.1202 173.0911 -60.3016 177.1448 -14.3710 10.2677 13.1401 -60.9894 1.3915 1.7159 29.0835 9.6381 16.1808 40.1397 18.0870 20.0733 -0.6627 0.4229 40.2149 -13.4973 22.5819 -2.6449 16.4864 7.4569 -16.6114 50.5648 -3.4514 -5.7118 9.2298 -4.4003 8.6070 -0.0013 1.7367 0.0422 -11.0357 3.8750 5.3351 1.6735 -0.6267 -2.1200 -8.5389 -4.5559 -5.6845 0.0193 2.0226 0.0535 9.6404 -0.0316 -6.5098 -1.4268 -1.4663 1.0003
-0.1441 99.4942 -0.5469 -0.1084 1.2642 -0.4148 0.0678 -3.4556 -0.1842 -0.5066 -5.9838 0.0082 -0.9463 13.9718 -2.3909 1.9851 9.3425 2.2831 -0.7263 -3.6301 -0.0839 -1.5544 -1.8897 -0.3409 0.0135 -0.0297 0.0002 0.7626 -10.4949 -3.8325 -0.7329 -10.5110 3.8280 -25.5131 12.6866 -13.3506 -54.2168 -13.4667 7.7729 0.7879 -0.5609 -33.1042 172.8970 -60.4935 177.3850 -14.3389 10.2669 13.0975 -60.8744 1.4074 1.6978 29.0797 9.6820 16.2101 40.1072 18.0894 20.0819 -0.6732 0.4363 40.2362 -13.4774 22.5002 -2.6097 16.4644 7.4414 -16.6036 50.5187 -3.4781 -5.7137 9.2196 -4.3578 8.6304 -0.0029 1.7506 0.0362 -11.0112 3.8530 5.3267 1.6755 -0.6272 -2.1181 -8.5517 -4.5054 -5.6965 0.0172 2.0041 0.0571 9.6161 -0.0054 -6.4646 -1.4291 -1.4446 0.9938
-0.1289 99.5039 -0.5163 -0.1073 1.2514 -0.4369 0.0730 -3.4764 -0.1781 -0.5106 -5.9917 -0.0120 -0.9467 13.9630 -2.3942 1.9541 9.3410 2.3004 -0.7159 -3.6248 -0.0125 -1.5925 -1.8244 -0.3111 0.0143 -0.0290 -0.0011 0.7618 -10.4954 -3.8344 -0.7304 -10.5152 3.8267 -25.4895 12.6480 -13.3162 -54.1900 -13.3943 7.7331 0.8125 -0.5557 -33.0710 172.7117 -60.6592 177.6471 -14.2988 10.2553 13.0719 -60.8299 1.4076 1.7067 29.0929 9.7123 16.2426 40.0454 18.1108 20.0702 -0.6646 0.4271 40.2439 -13.4385 22.4997 -2.5653 16.4462 7.4162 -16.6160 50.4533 -3.5080 -5.7527 9.2141 -4.3219 8.6646 -0.0054 1.7486 0.0282 -11.0111 3.8231 5.3301 1.6765 -0.6321 -2.1109 -8.5669 -4.4645 -5.7002 0.0155 1.9760 0.0593 9.5948 -0.0125 -6.4313 -1.4316 -1.4523 0.9936
-0.1302 99.5055 -0.5150 -0.1081 1.2496 -0.4483 0.0749 -3.5116 -0.1637 -0.5172 -5.9976 -0.0233 -0.9271 13.9506 -2.3898 1.9198 9.3223 2.3122 -0.7152 -3.6133 0.0559 -1.5993 -1.7728 -0.3175 0.0147 -0.0269 0.0026 0.7609 -10.4862 -3.8292 -0.7288 -10.5114 3.8295 -25.4773 12.5814 -13.2750 -54.1677 -13.3264 7.7394 0.7971 -0.5335 -33.0376 172.5373 -60.7079 177.8768 -14.2896 10.2515 13.0608 -60.8448 1.3930 1.7260 29.1282 9.7267 16.2584 39.9776 18.2066 20.0707 -0.6771 0.4259 40.2425 -13.4119 22.5547 -2.5417 16.4266 7.3952 -16.6119 50.4104 -3.5238 -5.7456 9.2150 -4.2991 8.6719 -0.0105 1.7488 0.0317 -11.0209 3.8132 5.3375 1.6762 -0.6798 -2.1091 -8.5767 -4.4359 -5.7065 0.0144 1.9497 0.0706 9.5948 -0.0050 -6.4182 -1.4348 -1.4869 1.0033
-0.0924 99.4972 -0.5012 -0.1009 1.2471 -0.4532 0.0695 -3.5450 -0.1589 -0.5225 -5.9947 -0.0302 -0.9061 13.9224 -2.3585 1.8643 9.3094 2.3355 -0.7072 -3.6089 0.0616 -1.5478 -1.7634 -0.3016 0.0140 -0.0218 -0.0007 0.7604 -10.4860 -3.8301 -0.7300 -10.5148 3.8244 -25.4674 12.5241 -13.2387 -54.1483 -13.3088 7.7725 0.7629 -0.5358 -33.0119 172.3467 -60.7844 178.1124 -14.2919 10.2704 13.0862 -60.8444 1.3877 1.7532 29.1105 9.7199 16.2304 39.9999 18.3223 20.1194 -0.7408 0.4203 40.2008 -13.3300 22.6491 -2.5192 16.4257 7.3941 -16.6171 50.4142 -3.5128 -5.7299 9.2006 -4.2836 8.6912 -0.0047 1.7553 0.0380 -11.0419 3.7987 5.3168 1.6756 -0.6985 -2.1164 -8.5920 -4.4103 -5.7333 0.0143 1.9234 0.0732 9.5969 0.0065 -6.3941 -1.4360 -1.5153 1.0040
-0.0815 99.4839 -0.4757 -0.0912 1.2491 -0.4397 0.0598 -3.5806 -0.1388 -0.5274 -5.9954 -0.0333 -0.8969 13.8899 -2.3389 1.8266 9.2863 2.3441 -0.6972 -3.6112 0.0836 -1.5010 -1.7456 -0.3124 0.0122 -0.0188 0.0029 0.7597 -10.4879 -3.8258 -0.7330 -10.5198 3.8303 -25.4772 12.4723 -13.2215 -54.1634 -13.3347 7.8868 0.7295 -0.5359 -33.0332 172.2040 -60.9080 178.3375 -14.2679 10.2593 13.0917 -60.8170 1.3615 1.7735 29.1105 9.6594 16.1957 40.0316 18.4957 20.1673 -0.7814 0.4329 40.1498 -13.2425 22.7346 -2.5184 16.4400 7.3937 -16.6034 50.4120 -3.5005 -5.7123 9.1827 -4.2651 8.6941 -0.0027 1.7545 0.0390 -11.0555 3.8010 5.3170 1.6758 -0.6896 -2.1334 -8.6170 -4.3819 -5.7465 0.0183 1.8822 0.0768 9.6191 0.0310 -6.4203 -1.4369 -1.5280 1.0046
-0.0569 99.4674 -0.4508 -0.0746 1.2506 -0.4185 0.0404 -3.6078 -0.1366 -0.5250 -6.0054 -0.0382 -0.8937 13.8599 -2.3159 1.8108 9.2394 2.3505 -0.6901 -3.6168 0.0706 -1.4744 -1.7291 -0.3178 0.0099 -0.0175 0.0057 0.7582 -10.4924 -3.8231 -0.7362 -10.5267 3.8347 -25.4754 12.4648 -13.2167 -54.2528 -13.4458 8.0609 0.6869 -0.5412 -33.0681 172.0317 -61.0558 178.5819 -14.2481 10.2666 13.1091 -60.8108 1.3533 1.7682 29.0866 9.5870 16.1520 40.0907 18.5993 20.1990 -0.8077 0.4470 40.0418 -13.1560 22.7852 -2.5098 16.4460 7.4002 -16.5897 50.3816 -3.4872 -5.6873 9.1523 -4.2494 8.6449 0.0002 1.7587 0.0432 -11.0327 3.7932 5.3524 1.6761 -0.6736 -2.1440 -8.6426 -4.3525 -5.7726 0.0228 1.8502 0.0809 9.6494 0.0346 -6.4464 -1.4361 -1.5382 0.9996
-0.0472 99.4736 -0.4488 -0.0641 1.2479 -0.3902 0.0226 -3.6196 -0.1326 -0.5150 -6.0261 -0.0376 -0.9047 13.8392 -2.3125 1.8217 9.1790 2.3523 -0.6902 -3.6137 0.0719 -1.4699 -1.7232 -0.3535 0.0084 -0.0188 0.0056 0.7596 -10.5028 -3.8247 -0.7406 -10.5381 3.8372 -25.4710 12.4577 -13.2123 -54.3561 -13.5637 8.2394 0.6539 -0.5616 -33.1089 171.9557 -61.1567 178.6915 -14.2597 10.2591 13.1435 -60.8042 1.3433 1.7662 29.0748 9.5264 16.1204 40.1146 18.6712 20.2052 -0.8159 0.4510 39.9743 -13.1345 22.8073 -2.5312 16.4581 7.3999 -16.5497 50.3714 -3.4883 -5.6678 9.1242 -4.2411 8.5915 0.0051 1.7738 0.0360 -10.9789 3.7815 5.4152 1.6737 -0.6574 -2.1487 -8.6564 -4.3173 -5.8032 0.0243 1.8256 0.0846 9.6714 0.0266 -6.4698 -1.4342 -1.5251 0.9947
-0.0538 99.4746 -0.4346 -0.0603 1.2392 -0.3483 0.0108 -3.6192 -0.1429 -0.5058 -6.0400 -0.0296 -0.9221 13.8102 -2.3214 1.8419 9.1039 2.3652 -0.6939 -3.6108 0.0924 -1.4737 -1.6959 -0.3779 0.0081 -0.0213 0.0003 0.7622 -10.5101 -3.8328 -0.7439 -10.5470 3.8346 -25.4593 12.4546 -13.2024 -54.4389 -13.7163 8.4112 0.6147 -0.5969 -33.1054 172.0102 -61.3564 178.6909 -14.3293 10.2439 13.1873 -60.8257 1.3496 1.7717 29.0689 9.4801 16.1067 40.1123 18.6941 20.1991 -0.7974 0.4368 39.9334 -13.1500 22.8169 -2.5586 16.4633 7.4083 -16.5337 50.3912 -3.5019 -5.6550 9.1044 -4.2353 8.5642 0.0059 1.7861 0.0261 -10.9415 3.7708 5.4545 1.6726 -0.6487 -2.1453 -8.6587 -4.2831 -5.8215 0.0236 1.8144 0.0852 9.6785 0.0072 -6.4994 -1.4321 -1.5073 0.9950
-0.0605 99.4782 -0.4252 -0.0569 1.2333 -0.3186 0.0054 -3.6232 -0.1589 -0.5032 -6.0323 -0.0270 -0.9412 13.7727 -2.3275 1.8511 9.0256 2.3496 -0.6925 -3.6092 0.1523 -1.4675 -1.6144 -0.3542 0.0084 -0.0245 0.0030 0.7640 -10.5071 -3.8303 -0.7450 -10.5448 3.8374 -25.4719 12.4682 -13.2182 -54.5007 -13.8504 8.5087 0.6596 -0.6002 -33.0722 172.0285 -61.5869 178.7370 -14.3701 10.2536 13.2364 -60.8283 1.3719 1.7853 29.0986 9.4539 16.1245 40.0758 18.6799 20.1614 -0.7782 0.4399 39.9507 -13.1950 22.8859 -2.6130 16.4504 7.4156 -16.5429 50.3955 -3.5283 -5.6616 9.0920 -4.2379 8.5848 0.0054 1.7932 0.0167 -10.9196 3.7588 5.4625 1.6740 -0.6409 -2.1353 -8.6650 -4.2528 -5.7915 0.0272 1.8127 0.0778 9.6796 -0.0149 -6.5420 -1.4308 -1.4955 0.9944
-0.0692 99.4738 -0.4079 -0.0563 1.2254 -0.3153 -0.0063 -3.6268 -0.1607 -0.5055 -6.0226 -0.0443 -0.9442 13.7429 -2.3062 1.8633 8.9737 2.3279 -0.6885 -3.6078 0.2231 -1.4308 -1.5246 -0.3274 0.0084 -0.0236 0.0031 0.7646 -10.5111 -3.8315 -0.7457 -10.5457 3.8386 -25.4892 12.4597 -13.2525 -54.5096 -13.9250 8.5479 0.7246 -0.5918 -33.0171 172.0612 -61.8557 178.7555 -14.4107 10.2701 13.2689 -60.8262 1.3936 1.8118 29.1237 9.4439 16.1565 40.0352 18.6308 20.1048 -0.7508 0.4138 39.9763 -13.2687 22.9011 -2.6786 16.4633 7.4405 -16.5745 50.4475 -3.5258 -5.6610 9.1003 -4.2273 8.6307 0.0020 1.7885 0.0142 -10.9304 3.7369 5.4556 1.6741 -0.6383 -2.1285 -8.6705 -4.2365 -5.7851 0.0269 1.8184 0.0752 9.6734 -0.0349 -6.5504 -1.4306 -1.5132 0.9967
-0.0606 99.4606 -0.4046 -0.0576 1.2096 -0.3176 -0.0117 -3.6309 -0.1643 -0.5103 -6.0023 -0.0254 -0.9399 13.7149 -2.3065 1.8791 8.9385 2.3039 -0.6899 -3.6042 0.2731 -1.3946 -1.4505 -0.2915 0.0079 -0.0224 0.0068 0.7635 -10.5126 -3.8280 -0.7455 -10.5465 3.8430 -25.5298 12.4443 -13.2659 -54.4850 -13.9811 8.5649 0.7921 -0.5733 -32.9743 172.1494 -62.1352 178.7459 -14.4142 10.2941 13.2780 -60.7575 1.4199 1.8289 29.1641 9.4491 16.1997 39.9864 18.5607 20.0535 -0.7683 0.4145 39.9422 -13.3394 22.8112 -2.6877 16.4881 7.4510 -16.6026 50.5039 -3.5134 -5.6669 9.1138 -4.1971 8.6664 0.0019 1.7691 0.0184 -10.9386 3.7352 5.4262 1.6750 -0.6465 -2.1198 -8.6689 -4.2088 -5.7539 0.0267 1.8163 0.0788 9.6470 -0.0429 -6.5763 -1.4309 -1.5330 0.9954
-0.0456 99.4448 -0.3738 -0.0566 1.1995 -0.3111 -0.0136 -3.6373 -0.1559 -0.5229 -6.0012 -0.0130 -0.9428 13.7088 -2.3145 1.9027 8.9275 2.2789 -0.6730 -3.6023 0.3142 -1.3821 -1.3778 -0.2784 0.0081 -0.0219 0.0146 0.7646 -10.5130 -3.8196 -0.7464 -10.5458 3.8500 -25.5850 12.4302 -13.2685 -54.4168 -14.0290 8.5857 0.8492 -0.5745 -32.9677 172.3060 -62.3412 178.6699 -14.3954 10.2784 13.2325 -60.6449 1.4333 1.8199 29.2399 9.4363 16.2669 39.9158 18.5624 20.0253 -0.8042 0.4195 39.9157 -13.4249 22.7165 -2.6934 16.4999 7.4498 -16.6041 50.5166 -3.4979 -5.6526 9.1231 -4.1780 8.6773 -0.0010 1.7542 0.0167 -10.9184 3.7317 5.4249 1.6739 -0.6764 -2.1119 -8.6677 -4.1833 -5.7087 0.0290 1.8140 0.0823 9.6199 -0.0575 -6.5826 -1.4332 -1.5551 0.9978
-0.0588 99.4399 -0.3825 -0.0592 1.1847 -0.3292 -0.0099 -3.6414 -0.1620 -0.5306 -5.9993 0.0104 -0.9458 13.7202 -2.3218 1.9188 8.9068 2.2832 -0.6670 -3.5909 0.3283 -1.3648 -1.3700 -0.2890 0.0094 -0.0181 0.0168 0.7650 -10.5062 -3.8158 -0.7439 -10.5390 3.8495 -25.6368 12.4084 -13.2569 -54.3277 -14.0841 8.6108 0.8602 -0.5855 -32.9485 172.4397 -62.5518 178.6111 -14.3533 10.2689 13.1798 -60.5201 1.4424 1.7960 29.3073 9.4101 16.3154 39.8348 18.5848 20.0158 -0.8512 0.4380 39.8941 -13.4359 22.5543 -2.6506 16.4962 7.4498 -16.6061 50.4843 -3.5118 -5.6371 9.1326 -4.1588 8.6997 0.0003 1.7461 0.0174 -10.9038 3.7143 5.4122 1.6728 -0.6955 -2.1047 -8.6639 -4.1653 -5.6463 0.0324 1.8132 0.0819 9.5972 -0.0475 -6.5973 -1.4359 -1.5730 0.9995
-0.0591 99.4272 -0.3626 -0.0618 1.1669 -0.3486 -0.0003 -3.6455 -0.1665 -0.5372 -6.0032 0.0256 -0.9581 13.7568 -2.3400 1.9263 8.8896 2.3090 -0.6545 -3.5839 0.3415 -1.3450 -1.4032 -0.2740 0.0103 -0.0142 0.0152 0.7670 -10.5032 -3.8179 -0.7441 -10.5350 3.8481 -25.6833 12.3918 -13.2471 -54.2431 -14.1909 8.7259 0.8144 -0.6086 -32.9615 172.5697 -62.8690 178.5607 -14.2989 10.2340 13.1449 -60.3858 1.4448 1.7831 29.3842 9.4043 16.3665 39.7161 18.5912 20.0307 -0.8791 0.4279 39.8842 -13.4420 22.4587 -2.6213 16.5036 7.4466 -16.5900 50.4814 -3.5172 -5.6224 9.1397 -4.1327 8.7062 0.0006 1.7286 0.0233 -10.8809 3.7172 5.4203 1.6739 -0.7177 -2.1050 -8.6519 -4.1454 -5.6053 0.0350 1.8107 0.0763 9.5802 -0.0385 -6.5954 -1.4371 -1.5665 0.9994
-0.0703 99.4306 -0.3673 -0.0579 1.1454 -0.3576 0.0054 -3.6507 -0.1659 -0.5405 -6.0051 0.0391 -0.9800 13.7966 -2.3592 1.9285 8.8813 2.3105 -0.6513 -3.5765 0.3729 -1.3186 -1.4497 -0.2307 0.0112 -0.0112 0.0080 0.7677 -10.4975 -3.8253 -0.7431 -10.5287 3.8402 -25.7233 12.4032 -13.2448 -54.1574 -14.2790 8.8004 0.7925 -0.6079 -32.9607 172.6352 -63.1301 178.5567 -14.2485 10.2134 13.1091 -60.2800 1.4576 1.7678 29.4665 9.4239 16.3811 39.5864 18.5491 20.0493 -0.8903 0.4146 39.8779 -13.4516 22.3675 -2.5853 16.4875 7.4593 -16.6045 50.5035 -3.5196 -5.6189 9.1410 -4.0954 8.6995 0.0001 1.7133 0.0242 -10.8830 3.7071 5.4536 1.6757 -0.7197 -2.1084 -8.6576 -4.1174 -5.5931 0.0324 1.7992 0.0780 9.5887 -0.0316 -6.5851 -1.4370 -1.5591 1.0013
-0.0800 99.4405 -0.3490 -0.0460 1.1157 -0.3691 0.0037 -3.6412 -0.1292 -0.5411 -6.0122 0.0076 -1.0021 13.8465 -2.3531 1.9308 8.8715 2.3154 -0.6510 -3.5696 0.4234 -1.2856 -1.4748 -0.1912 0.0116 -0.0084 0.0012 0.7685 -10.4960 -3.8310 -0.7432 -10.5247 3.8339 -25.7402 12.3880 -13.2301 -54.0922 -14.3302 8.9044 0.7437 -0.6043 -32.9820 172.7317 -63.2692 178.5129 -14.2095 10.2066 13.0726 -60.2257 1.4444 1.7567 29.5630 9.4505 16.3970 39.4206 18.4371 19.9940 -0.8124 0.3655 39.8956 -13.5128 22.3496 -2.5469 16.4707 7.4721 -16.6261 50.5293 -3.5054 -5.6167 9.1317 -4.0562 8.6900 -0.0016 1.7125 0.0254 -10.8826 3.6871 5.5316 1.6777 -0.7093 -2.1102 -8.6729 -4.0924 -5.5706 0.0304 1.8125 0.0697 9.6279 -0.0357 -6.5638 -1.4385 -1.5417 1.0123
-0.0962 99.4511 -0.3424 -0.0354 1.0902 -0.3632 -0.0004 -3.6339 -0.1028 -0.5420 -6.0157 -0.0215 -1.0105 13.8985 -2.3418 1.9232 8.8486 2.2942 -0.6356 -3.5736 0.4637 -1.2800 -1.5199 -0.1426 0.0120 -0.0085 -0.0036 0.7706 -10.5025 -3.8368 -0.7446 -10.5306 3.8305 -25.7458 12.3739 -13.2131 -54.0526 -14.3532 8.9755 0.7349 -0.5995 -33.0120 172.8947 -63.2890 178.3582 -14.1889 10.1959 13.0625 -60.1986 1.4244 1.7553 29.6528 9.4735 16.4126 39.2545 18.3063 19.8868 -0.7393 0.3221 39.9663 -13.5811 22.4126 -2.5176 16.4741 7.4864 -16.6497 50.5785 -3.4782 -5.6252 9.1197 -4.0259 8.6741 -0.0001 1.7089 0.0211 -10.8821 3.6899 5.6100 1.6786 -0.7016 -2.1115 -8.6928 -4.0622 -5.5595 0.0311 1.8081 0.0717 9.6734 -0.0245 -6.5776 -1.4382 -1.5552 1.0249
-0.1088 99.4448 -0.3322 -0.0265 1.0707 -0.3509 -0.0017 -3.6265 -0.0893 -0.5401 -6.0104 -0.0363 -1.0120 13.9325 -2.3218 1.9212 8.8093 2.2690 -0.6375 -3.5796 0.4569 -1.2640 -1.5825 -0.1102 0.0112 -0.0105 -0.0008 0.7699 -10.5089 -3.8335 -0.7457 -10.5341 3.8340 -25.7632 12.3725 -13.2198 -54.0275 -14.3772 9.0422 0.7160 -0.5876 -33.0257 173.1466 -63.1762 178.0582 -14.1858 10.2037 13.0925 -60.2129 1.4089 1.7728 29.7304 9.4568 16.4134 39.1342 18.2018 19.7483 -0.6758 0.3096 40.0500 -13.6560 22.4950 -2.5066 16.4701 7.4919 -16.6761 50.6296 -3.4638 -5.6282 9.1030 -3.9960 8.6533 0.0035 1.7018 0.0212 -10.8650 3.6690 5.6831 1.6777 -0.6844 -2.1161 -8.7059 -4.0396 -5.5855 0.0307 1.8040 0.0762 9.7059 -0.0360 -6.5600 -1.4367 -1.5565 1.0319
-0.1083 99.4265 -0.3022 -0.0176 1.0678 -0.3326 0.0004 -3.6258 -0.0861 -0.5347 -5.9994 -0.0294 -1.0180 13.9477 -2.3251 1.9024 8.7535 2.2541 -0.6466 -3.5837 0.4224 -1.2355 -1.6058 -0.0740 0.0102 -0.0150 0.0071 0.7709 -10.5121 -3.8282 -0.7487 -10.5343 3.8455 -25.8102 12.3723 -13.2181 -54.0149 -14.4161 9.1292 0.6960 -0.5734 -33.0588 173.3494 -63.1386 177.7853 -14.1865 10.2008 13.1485 -60.2158 1.3997 1.7879 29.8125 9.4380 16.4307 39.0265 18.0654 19.5608 -0.5988 0.3326 40.1170 -13.7191 22.5222 -2.4804 16.4970 7.4678 -16.6731 50.6319 -3.4702 -5.6316 9.0852 -3.9861 8.6419 0.0094 1.6896 0.0258 -10.8459 3.6667 5.7190 1.6794 -0.6519 -2.1234 -8.7242 -4.0225 -5.6272 0.0380 1.7807 0.0660 9.7429 -0.0458 -6.5458 -1.4359 -1.5760 1.0324
-0.1168 99.4182 -0.2932 -0.0098 1.0948 -0.3207 -0.0044 -3.6349 -0.0877 -0.5315 -5.9982 -0.0194 -1.0137 13.9679 -2.3250 1.9110 8.6992 2.2617 -0.6517 -3.5902 0.3715 -1.2304 -1.6368 -0.0709 0.0105 -0.0184 0.0099 0.7745 -10.5200 -3.8264 -0.7520 -10.5396 3.8499 -25.8381 12.3797 -13.2254 -54.0028 -14.4537 9.2064 0.6657 -0.5877 -33.1070 173.5726 -63.2414 177.5290 -14.2316 10.1950 13.1939 -60.2254 1.4016 1.7695 29.8955 9.4360 16.4708 38.8874 17.9778 19.4018 -0.5453 0.3457 40.1612 -13.7444 22.4753 -2.4021 16.5003 7.4490 -16.6797 50.6327 -3.4944 -5.6284 9.0618 -4.0105 8.6167 0.0124 1.6811 0.0264 -10.7992 3.6700 5.7347 1.6798 -0.6468 -2.1249 -8.7363 -4.0458 -5.6898 0.0447 1.7639 0.0633 9.7616 -0.0828 -6.5418 -1.4328 -1.5970 1.0289
-0.1131 99.4145 -0.3019 -0.0089 1.1175 -0.3223 -0.0100 -3.6290 -0.1096 -0.5314 -5.9928 0.0040 -0.9972 13.9776 -2.3289 1.9378 8.6566 2.2564 -0.6630 -3.5992 0.3809 -1.2385 -1.6615 -0.0668 0.0113 -0.0202 0.0046 0.7778 -10.5271 -3.8320 -0.7535 -10.5408 3.8436 -25.8452 12.4290 -13.2343 -54.0192 -14.4985 9.2575 0.6591 -0.6019 -33.1614 173.7293 -63.4022 177.3589 -14.2365 10.1889 13.2148 -60.2198 1.4076 1.7610 29.9559 9.4520 16.5095 38.7818 17.9254 19.3416 -0.5422 0.3559 40.1486 -13.7332 22.4007 -2.3267 16.5163 7.4512 -16.6724 50.6791 -3.4875 -5.6247 9.0532 -4.0490 8.6193 0.0135 1.6890 0.0328 -10.7491 3.6879 5.7301 1.6802 -0.6457 -2.1187 -8.7295 -4.0787 -5.7474 0.0492 1.7636 0.0618 9.7565 -0.1183 -6.5320 -1.4311 -1.6308 1.0236
-0.1325 99.4220 -0.3185 -0.0182 1.1297 -0.3267 -0.0176 -3.6019 -0.1209 -0.5325 -5.9894 0.0025 -0.9702 13.9776 -2.3100 1.9656 8.6230 2.2493 -0.6597 -3.6053 0.4248 -1.2559 -1.6697 -0.0352 0.0139 -0.0198 -0.0097 0.7837 -10.5239 -3.8457 -0.7541 -10.5380 3.8277 -25.8449 12.4682 -13.2535 -54.0211 -14.5046 9.2764 0.6591 -0.6025 -33.1879 173.7439 -63.5036 177.3237 -14.2362 10.2144 13.2351 -60.2417 1.4315 1.7649 29.9814 9.4904 16.5507 38.7243 17.9174 19.3619 -0.5754 0.3506 40.1046 -13.7209 22.2600 -2.2564 16.5197 7.4537 -16.6650 50.7069 -3.4803 -5.6183 9.0663 -4.0900 8.6275 0.0100 1.7151 0.0351 -10.6974 3.6964 5.7047 1.6800 -0.6692 -2.1071 -8.7053 -4.1035 -5.7941 0.0443 1.7672 0.0544 9.7479 -0.1462 -6.5209 -1.4306 -1.6436 1.0253
-0.1701 99.4301 -0.3428 -0.0266 1.1303 -0.3391 -0.0250 -3.5739 -0.1233 -0.5332 -5.9963 -0.0098 -0.9494 13.9979 -2.2861 2.0070 8.5987 2.2272 -0.6510 -3.6080 0.4686 -1.2827 -1.6916 0.0121 0.0161 -0.0182 -0.0263 0.7857 -10.5198 -3.8617 -0.7512 -10.5344 3.8090 -25.8489 12.4995 -13.2952 -54.0152 -14.4714 9.2555 0.7002 -0.5949 -33.1916 173.7168 -63.4210 177.3314 -14.2258 10.2388 13.1925 -60.2900 1.4565 1.7343 30.0096 9.5451 16.5675 38.6729 17.8823 19.3924 -0.6120 0.3475 40.0030 -13.6954 22.1007 -2.1785 16.5028 7.4510 -16.6655 50.6729 -3.4740 -5.6259 9.0861 -4.1081 8.6169 0.0053 1.7254 0.0368 -10.6568 3.7070 5.6811 1.6803 -0.6949 -2.0920 -8.6892 -4.1235 -5.8393 0.0362 1.7811 0.0474 9.7474 -0.1454 -6.5000 -1.4324 -1.6580 1.0275
-0.2036 99.4453 -0.3533 -0.0363 1.1347 -0.2986 -0.0288 -3.5542 -0.1254 -0.5389 -6.0068 -0.0127 -0.9283 14.0314 -2.2974 2.0545 8.5849 2.2079 -0.6486 -3.6097 0.4979 -1.3310 -1.7270 0.0464 0.0176 -0.0179 -0.0326 0.7854 -10.5143 -3.8670 -0.7479 -10.5324 3.8006 -25.8264 12.5208 -13.3344 -53.9961 -14.3779 9.1311 0.7656 -0.5995 -33.1933 173.7268 -63.1700 177.3188 -14.2329 10.2358 13.1149 -60.3280 1.4619 1.7114 30.0200 9.5897 16.5819 38.6399 17.7809 19.3549 -0.6278 0.3428 39.9322 -13.6894 21.9791 -2.1590 16.4947 7.4346 -16.6659 50.6356 -3.4725 -5.6403 9.1012 -4.1385 8.5746 0.0004 1.7382 0.0302 -10.6275 3.7261 5.6658 1.6790 -0.7516 -2.0792 -8.6672 -4.1331 -5.8587 0.0313 1.7978 0.0479 9.7591 -0.1254 -6.5073 -1.4343 -1.6532 1.0225
-0.2146 99.4512 -0.3521 -0.0378 1.1319 -0.2565 -0.0279 -3.5405 -0.1179 -0.5402 -6.0118 -0.0305 -0.9245 14.0572 -2.3031 2.0879 8.5832 2.2030 -0.6455 -3.6142 0.4905 -1.3759 -1.7641 0.0531 0.0175 -0.0181 -0.0268 0.7861 -10.5122 -3.8588 -0.7486 -10.5310 3.8031 -25.8049 12.5232 -13.3631 -53.9530 -14.2612 8.9220 0.8432 -0.6078 -33.1103 173.8788 -62.7170 177.1101 -14.2626 10.2222 13.0894 -60.3797 1.4507 1.7115 30.0365 9.5962 16.5970 38.6090 17.7199 19.2603 -0.6249 0.3341 39.8874 -13.7145 21.9574 -2.1780 16.4666 7.4095 -16.6652 50.5631 -3.4795 -5.6644 9.1170 -4.1434 8.5635 -0.0052 1.7190 0.0195 -10.6304 3.7455 5.6559 1.6801 -0.8035 -2.0739 -8.6575 -4.1421 -5.8608 0.0249 1.8197 0.0427 9.7817 -0.1099 -6.5084 -1.4371 -1.6298 1.0117
-0.2425 99.4570 -0.3617 -0.0464 1.1203 -0.2157 -0.0191 -3.5408 -0.1123 -0.5378 -6.0127 -0.0388 -0.9210 14.0867 -2.3149 2.1033 8.5782 2.2160 -0.6403 -3.6158 0.4512 -1.4017 -1.7986 0.0253 0.0166 -0.0163 -0.0189 0.7861 -10.5086 -3.8499 -0.7505 -10.5260 3.8100 -25.8053 12.5045 -13.3740 -53.8897 -14.1673 8.6989 0.8865 -0.6210 -32.9634 174.0560 -62.2818 176.8404 -14.3069 10.2021 13.1243 -60.4328 1.4331 1.7602 30.0269 9.5843 16.5929 38.5993 17.6718 19.1429 -0.6254 0.3262 39.8563 -13.7320 22.0251 -2.2217 16.4647 7.3950 -16.6683 50.4899 -3.5022 -5.6831 9.1369 -4.1486 8.5497 -0.0090 1.7220 0.0152 -10.6424 3.7534 5.6623 1.6799 -0.8411 -2.0797 -8.6469 -4.1349 -5.8750 0.0230 1.8354 0.0355 9.7687 -0.1102 -6.5201 -1.4387 -1.6216 1.0013
-0.2341 99.4558 -0.3778 -0.0490 1.0997 -0.1963 -0.0137 -3.5562 -0.0953 -0.5386 -6.0065 -0.0254 -0.9124 14.1187 -2.3253 2.1153 8.5661 2.2125 -0.6410 -3.6149 0.3962 -1.4022 -1.8236 0.0108 0.0153 -0.0121 -0.0165 0.7857 -10.5038 -3.8463 -0.7529 -10.5176 3.8115 -25.8258 12.4958 -13.4027 -53.8407 -14.1758 8.5356 0.8487 -0.6171 -32.7826 174.1870 -62.0156 176.5783 -14.3413 10.1856 13.1969 -60.4449 1.4157 1.8134 30.0148 9.5955 16.5788 38.5844 17.6495 19.0462 -0.6608 0.2952 39.8108 -13.7292 22.0246 -2.2483 16.4574 7.4011 -16.6825 50.4894 -3.5186 -5.6922 9.1511 -4.1227 8.5523 -0.0133 1.7062 0.0278 -10.6674 3.7340 5.6453 1.6793 -0.8332 -2.0969 -8.6464 -4.1108 -5.9034 0.0235 1.8291 0.0393 9.7321 -0.1442 -6.5390 -1.4392 -1.6018 0.9945
-0.2396 99.4570 -0.3836 -0.0511 1.0713 -0.1757 -0.0081 -3.5722 -0.0694 -0.5423 -6.0106 -0.0192 -0.9037 14.1564 -2.3171 2.1302 8.5300 2.2061 -0.6420 -3.6079 0.3461 -1.4009 -1.8465 -0.0016 0.0154 -0.0103 -0.0215 0.7852 -10.4973 -3.8507 -0.7527 -10.5087 3.8064 -25.8476 12.4764 -13.4317 -53.8370 -14.2688 8.4902 0.7557 -0.6263 -32.6372 174.2023 -62.0301 176.4397 -14.3523 10.1750 13.2624 -60.4190 1.3953 1.8249 30.0056 9.6368 16.5587 38.5559 17.5828 18.9275 -0.6657 0.2645 39.7768 -13.7529 21.9890 -2.2957 16.4524 7.4085 -16.6842 50.5003 -3.5210 -5.6792 9.1556 -4.0899 8.5364 -0.0080 1.7041 0.0409 -10.6705 3.7038 5.6377 1.6776 -0.8152 -2.1179 -8.6504 -4.0631 -5.8975 0.0239 1.8128 0.0412 9.7134 -0.1750 -6.5851 -1.4382 -1.6115 0.9946
-0.2488 99.4588 -0.3901 -0.0510 1.0427 -0.1303 -0.0068 -3.5907 -0.0577 -0.5424 -6.0119 -0.0043 -0.9036 14.1779 -2.3074 2.1500 8.4807 2.2230 -0.6381 -3.6020 0.3137 -1.3912 -1.8452 -0.0310 0.0158 -0.0091 -0.0262 0.7861 -10.5002 -3.8574 -0.7527 -10.5105 3.8044 -25.8592 12.4485 -13.4678 -53.8921 -14.3990 8.5375 0.6624 -0.6477 -32.5292 174.3058 -62.1576 176.2456 -14.3752 10.1814 13.3155 -60.4795 1.3842 1.8182 29.9981 9.6513 16.5134 38.5286 17.5269 18.8198 -0.6565 0.2613 39.7379 -13.7751 22.0518 -2.3619 16.4189 7.4216 -16.6746 50.5111 -3.5044 -5.6496 9.1579 -4.0568 8.5114 -0.0016 1.7048 0.0498 -10.6723 3.6768 5.6077 1.6768 -0.8103 -2.1303 -8.6619 -4.0041 -5.8728 0.0299 1.7818 0.0369 9.7238 -0.1969 -6.6726 -1.4366 -1.6339 1.0018
-0.2615 99.4498 -0.3883 -0.0551 1.0042 -0.0772 -0.0056 -3.5949 -0.0473 -0.5338 -6.0121 -0.0003 -0.9185 14.1693 -2.3120 2.1629 8.4071 2.2344 -0.6332 -3.5941 0.2811 -1.3926 -1.8323 -0.0323 0.0156 -0.0094 -0.0263 0.7854 -10.4992 -3.8582 -0.7526 -10.5111 3.8055 -25.8484 12.3975 -13.4798 -53.9589 -14.4340 8.5522 0.6258 -0.6572 -32.4658 174.4155 -62.1257 176.0035 -14.4019 10.1899 13.3516 -60.6025 1.3826 1.7892 29.9604 9.6726 16.4764 38.5293 17.5064 18.7566 -0.6556 0.2719 39.7378 -13.8166 22.0268 -2.4725 16.3840 7.4432 -16.6897 50.5339 -3.4981 -5.6403 9.1774 -4.0104 8.4707 0.0027 1.6985 0.0445 -10.6897 3.6564 5.5546 1.6763 -0.8169 -2.1324 -8.6684 -3.9326 -5.8492 0.0320 1.7571 0.0379 9.7528 -0.2037 -6.7615 -1.4337 -1.6433 1.0066
-0.2913 99.4359 -0.3692 -0.0628 0.9520 -0.0070 0.0012 -3.5845 -0.0474 -0.5246 -6.0140 0.0072 -0.9406 14.1377 -2.3392 2.1670 8.3217 2.2516 -0.6315 -3.5978 0.2736 -1.3843 -1.7568 -0.0135 0.0143 -0.0124 -0.0178 0.7853 -10.5045 -3.8504 -0.7551 -10.5197 3.8150 -25.8031 12.3515 -13.4679 -54.0502 -14.3980 8.5576 0.6422 -0.6638 -32.4962 174.4330 -62.0468 175.8710 -14.4138 10.2112 13.3874 -60.7325 1.3804 1.7623 29.8762 9.6739 16.4454 38.5827 17.4919 18.7166 -0.6634 0.2867 39.7584 -13.8159 21.9236 -2.5759 16.3579 7.4568 -16.6877 50.5463 -3.4952 -5.6115 9.2002 -3.9590 8.4027 0.0057 1.7138 0.0439 -10.7235 3.6397 5.5187 1.6758 -0.8146 -2.1318 -8.6624 -3.8429 -5.8556 0.0344 1.7397 0.0392 9.7713 -0.2058 -6.8386 -1.4302 -1.6261 1.0054
-0.3019 99.4344 -0.3698 -0.0745 0.8997 0.0622 0.0134 -3.5657 -0.0421 -0.5187 -6.0201 0.0027 -0.9574 14.0831 -2.3515 2.1728 8.2189 2.2642 -0.6266 -3.5990 0.2744 -1.3675 -1.6430 0.0067 0.0115 -0.0157 -0.0049 0.7813 -10.5122 -3.8391 -0.7566 -10.5256 3.8304 -25.7487 12.2870 -13.4737 -54.1062 -14.3033 8.5401 0.7015 -0.6578 -32.5729 174.3800 -61.9354 175.8782 -14.3892 10.2324 13.3889 -60.8175 1.3833 1.7106 29.7365 9.6847 16.4317 38.6650 17.4517 18.7135 -0.6601 0.3064 39.7578 -13.7646 21.7594 -2.6485 16.3438 7.4423 -16.6803 50.5000 -3.5085 -5.6036 9.2319 -3.9111 8.3368 0.0078 1.7260 0.0377 -10.7688 3.6324 5.4756 1.6749 -0.8204 -2.1319 -8.6546 -3.7437 -5.9020 0.0339 1.7025 0.0382 9.7847 -0.1961 -6.8895 -1.4283 -1.6223 0.9954
-0.3301 99.4140 -0.3552 -0.0916 0.8700 0.1208 0.0284 -3.5681 -0.0640 -0.5099 -6.0161 0.0306 -0.9561 13.9953 -2.3631 2.1658 8.1163 2.2594 -0.6308 -3.6036 0.2881 -1.3359 -1.4622 0.0494 0.0088 -0.0174 0.0011 0.7766 -10.5117 -3.8343 -0.7574 -10.5230 3.8374 -25.7059 12.2264 -13.4784 -54.1297 -14.2025 8.4808 0.7777 -0.6394 -32.6249 174.1155 -61.8321 176.1118 -14.3634 10.2817 13.3857 -60.9171 1.3987 1.6619 29.5607 9.7070 16.4300 38.7675 17.3901 18.7409 -0.6776 0.3270 39.7615 -13.7092 21.7123 -2.7196 16.3409 7.4239 -16.6684 50.4604 -3.5343 -5.6164 9.2672 -3.8896 8.2734 0.0106 1.7362 0.0380 -10.8242 3.6384 5.4271 1.6757 -0.8560 -2.1342 -8.6227 -3.6705 -5.9687 0.0374 1.6681 0.0530 9.7682 -0.1980 -6.9210 -1.4272 -1.6495 0.9784
-0.3585 99.4163 -0.3383 -0.1054 0.8406 0.1332 0.0461 -3.5664 -0.0572 -0.5005 -6.0223 0.0187 -0.9589 13.9050 -2.3369 2.1390 8.0151 2.2749 -0.6237 -3.6022 0.3266 -1.3037 -1.2604 0.0579 0.0073 -0.0166 0.0033 0.7737 -10.5151 -3.8336 -0.7575 -10.5226 3.8419 -25.6529 12.1903 -13.4942 -54.1469 -14.1685 8.5125 0.8178 -0.6379 -32.6973 173.8336 -61.8166 176.3572 -14.3569 10.3254 13.4241 -60.9923 1.4014 1.6651 29.3464 9.7088 16.4855 38.8712 17.3747 18.7730 -0.6604 0.3336 39.8028 -13.7912 21.8657 -2.8425 16.4019 7.4236 -16.6681 50.4771 -3.5480 -5.6291 9.3019 -3.8666 8.2823 0.0083 1.7534 0.0289 -10.8684 3.6377 5.4062 1.6760 -0.8893 -2.1460 -8.5994 -3.6174 -6.0134 0.0371 1.6599 0.0492 9.7680 -0.2154 -6.8902 -1.4281 -1.6659 0.9736
-0.3779 99.4097 -0.3345 -0.1269 0.8152 0.1443 0.0718 -3.5670 -0.0795 -0.4896 -6.0083 0.0448 -0.9435 13.7760 -2.3032 2.0929 7.9078 2.2891 -0.6145 -3.6032 0.3566 -1.2546 -1.0510 0.0794 0.0088 -0.0171 -0.0149 0.7748 -10.5129 -3.8536 -0.7555 -10.5173 3.8244 -25.5922 12.1736 -13.5134 -54.1705 -14.1768 8.5978 0.8470 -0.6330 -32.7780 173.5100 -61.9247 176.6498 -14.3688 10.3587 13.4593 -60.9811 1.4265 1.6646 29.1057 9.6663 16.5186 39.0281 17.4311 18.8809 -0.7070 0.3633 39.8028 -13.8688 22.0586 -2.9606 16.4479 7.4273 -16.6693 50.5089 -3.5479 -5.6479 9.3476 -3.8354 8.2878 0.0093 1.7460 0.0181 -10.9068 3.6441 5.3817 1.6771 -0.9103 -2.1558 -8.5631 -3.5707 -6.0791 0.0373 1.6462 0.0551 9.7424 -0.2059 -6.8602 -1.4295 -1.6592 0.9739
-0.3811 99.4183 -0.3186 -0.1452 0.7903 0.1418 0.0986 -3.5624 -0.0887 -0.4814 -5.9973 0.0691 -0.9294 13.6382 -2.2748 2.0361 7.7794 2.3005 -0.5935 -3.6053 0.4247 -1.1936 -0.8298 0.0929 0.0108 -0.0191 -0.0349 0.7773 -10.5201 -3.8752 -0.7538 -10.5231 3.8045 -25.4871 12.1841 -13.5342 -54.2062 -14.1857 8.6543 0.8949 -0.6269 -32.8521 173.1648 -62.0318 176.9852 -14.3658 10.3674 13.4664 -60.8719 1.4600 1.6665 28.8413 9.6357 16.5700 39.1981 17.4592 19.0120 -0.7551 0.3801 39.8069 -13.9011 22.2078 -3.0692 16.4991 7.4391 -16.6662 50.5571 -3.5291 -5.6555 9.3893 -3.7986 8.2743 0.0039 1.7509 0.0013 -10.9217 3.6329 5.3566 1.6779 -0.8966 -2.1513 -8.5298 -3.5350 -6.1375 0.0334 1.6460 0.0606 9.7228 -0.2025 -6.8020 -1.4312 -1.6168 0.9743
-0.3944 99.4235 -0.3057 -0.1582 0.7696 0.1568 0.1255 -3.5549 -0.1126 -0.4853 -5.9673 0.1162 -0.9020 13.4667 -2.2648 1.9793 7.6325 2.3033 -0.5697 -3.6122 0.4991 -1.1170 -0.5800 0.1224 0.0118 -0.0196 -0.0443 0.7768 -10.5197 -3.8848 -0.7510 -10.5237 3.7935 -25.3534 12.1795 -13.5356 -54.2509 -14.2026 8.7407 0.9246 -0.6315 -32.8953 172.8358 -62.1805 177.4069 -14.3478 10.3405 13.4248 -60.7157 1.4768 1.6489 28.5702 9.5874 16.6414 39.3803 17.4466 19.0825 -0.8015 0.4176 39.8057 -13.8579 22.2684 -3.1261 16.5272 7.4324 -16.6539 50.5699 -3.5277 -5.6596 9.4227 -3.7633 8.2544 0.0024 1.7513 -0.0102 -10.9171 3.6234 5.3190 1.6786 -0.8613 -2.1368 -8.5036 -3.4939 -6.1792 0.0286 1.6300 0.0708 9.6955 -0.1959 -6.7627 -1.4328 -1.5707 0.9729
-0.3816 99.4253 -0.3035 -0.1661 0.7628 0.1874 0.1445 -3.5423 -0.1242 -0.4924 -5.9512 0.1345 -0.8656 13.3041 -2.2490 1.9227 7.4614 2.3044 -0.5250 -3.6123 0.5622 -1.0507 -0.3175 0.1656 0.0124 -0.0205 -0.0439 0.7780 -10.5196 -3.8847 -0.7511 -10.5260 3.7935 -25.2170 12.1702 -13.5233 -54.2979 -14.2621 8.8693 0.9193 -0.6535 -32.9140 172.5456 -62.3483 177.8762 -14.3181 10.3413 13.3995 -60.6309 1.4978 1.6335 28.3098 9.5037 16.7143 39.5344 17.3891 19.0415 -0.7755 0.4450 39.8198 -13.8186 22.3145 -3.1374 16.5538 7.4080 -16.6303 50.5505 -3.5281 -5.6653 9.4346 -3.7533 8.2230 0.0018 1.7705 -0.0097 -10.8725 3.5998 5.2683 1.6804 -0.8338 -2.1217 -8.4871 -3.4674 -6.1692 0.0250 1.6241 0.0809 9.6482 -0.2102 -6.7598 -1.4331 -1.5627 0.9616
-0.3797 99.4352 -0.2979 -0.1740 0.7507 0.2020 0.1605 -3.5149 -0.0968 -0.5038 -5.9471 0.1202 -0.8304 13.1573 -2.2355 1.8843 7.2572 2.3061 -0.4799 -3.6063 0.6660 -0.9791 -0.0642 0.2128 0.0128 -0.0202 -0.0379 0.7807 -10.5207 -3.8802 -0.7527 -10.5276 3.8021 -25.0691 12.1497 -13.4937 -54.3698 -14.3692 9.1212 0.8657 -0.6765 -32.9304 172.3097 -62.4946 178.3185 -14.3255 10.3283 13.3954 -60.5990 1.4935 1.6667 28.0463 9.4110 16.8058 39.6790 17.3241 18.9658 -0.7060 0.4542 39.8303 -13.8331 22.3739 -3.1156 16.5768 7.3876 -16.6429 50.5304 -3.5543 -5.7002 9.4537 -3.7454 8.2268 -0.0006 1.7967 -0.0169 -10.8248 3.5905 5.2283 1.6833 -0.8358 -2.1186 -8.4805 -3.4402 -6.1164 0.0196 1.6377 0.0779 9.5840 -0.2473 -6.7776 -1.4365 -1.5876 0.9670
-0.3771 99.4386 -0.2807 -0.1726 0.7538 0.2230 0.1699 -3.4988 -0.1097 -0.5063 -5.9308 0.1444 -0.7982 13.0048 -2.2262 1.8457 7.0276 2.3062 -0.4358 -3.6081 0.7368 -0.9122 0.1757 0.2882 0.0111 -0.0211 -0.0353 0.7802 -10.5254 -3.8781 -0.7559 -10.5309 3.8055 -24.9128 12.1367 -13.4678 -54.4213 -14.4602 9.3371 0.8306 -0.6818 -32.9157 172.1696 -62.6763 178.6277 -14.3207 10.3051 13.3927 -60.5256 1.4882 1.7089 27.7499 9.3502 16.8588 39.8717 17.2303 18.9437 -0.7078 0.4541 39.8274 -13.8213 22.4539 -3.1125 16.6095 7.3899 -16.6810 50.5595 -3.5836 -5.7165 9.4499 -3.7439 8.2047 -0.0011 1.8198 -0.0031 -10.7744 3.5638 5.1780 1.6858 -0.8260 -2.1240 -8.4790 -3.4237 -6.1027 0.0181 1.6288 0.0875 9.4982 -0.2653 -6.8054 -1.4365 -1.6321 0.9629
-0.3718 99.4434 -0.2704 -0.1705 0.7592 0.2311 0.1817 -3.4830 -0.1147 -0.5076 -5.9093 0.1623 -0.7657 12.8601 -2.2240 1.8091 6.7326 2.3154 -0.4007 -3.6024 0.8212 -0.8557 0.4025 0.3691 0.0094 -0.0208 -0.0352 0.7808 -10.5377 -3.8816 -0.7603 -10.5398 3.8097 -24.7536 12.1040 -13.4584 -54.5060 -14.5457 9.6428 0.7929 -0.6772 -32.8983 172.0087 -63.0352 178.9595 -14.3432 10.3088 13.4303 -60.4626 1.4918 1.7530 27.4582 9.2952 16.9139 40.0810 17.1403 18.9370 -0.7173 0.4503 39.7806 -13.8612 22.5382 -3.1527 16.6210 7.3902 -16.7079 50.5786 -3.6093 -5.7286 9.4532 -3.7430 8.2059 0.0011 1.8401 0.0012 -10.7459 3.5573 5.1652 1.6876 -0.8030 -2.1378 -8.4878 -3.4180 -6.0814 0.0196 1.6354 0.0859 9.4640 -0.2789 -6.8261 -1.4386 -1.6685 0.9658
-0.3744 99.4436 -0.2476 -0.1647 0.7746 0.2281 0.1946 -3.4816 -0.1084 -0.5087 -5.8945 0.1640 -0.7319 12.7395 -2.2084 1.7716 6.4160 2.2951 -0.3543 -3.5932 0.9420 -0.8237 0.6026 0.4300 0.0062 -0.0205 -0.0269 0.7820 -10.5504 -3.8727 -0.7680 -10.5540 3.8189 -24.5782 12.0776 -13.4554 -54.6252 -14.6485 9.9942 0.7503 -0.6724 -32.8546 171.7150 -63.5999 179.3906 -14.3964 10.3090 13.4473 -60.4479 1.4803 1.7603 27.1801 9.2182 16.9338 40.2542 17.0931 18.9418 -0.6879 0.4222 39.7261 -13.9935 22.6277 -3.2496 16.6177 7.4001 -16.7272 50.6125 -3.6302 -5.7348 9.4402 -3.7417 8.1896 0.0013 1.8455 -0.0083 -10.7153 3.5586 5.2117 1.6865 -0.7723 -2.1525 -8.4950 -3.4259 -6.0813 0.0252 1.6513 0.0900 9.4690 -0.2918 -6.7985 -1.4397 -1.6988 0.9736
-0.3604 99.4295 -0.2094 -0.1469 0.7884 0.2298 0.2008 -3.4784 -0.1030 -0.5126 -5.8712 0.1500 -0.6923 12.5984 -2.1812 1.7231 6.0900 2.2821 -0.3064 -3.5801 1.0491 -0.7707 0.8044 0.4837 0.0037 -0.0208 -0.0164 0.7822 -10.5494 -3.8611 -0.7735 -10.5567 3.8303 -24.4137 12.0722 -13.4425 -54.7592 -14.7537 10.3519 0.6963 -0.6507 -32.7692 171.2281 -64.1857 179.9860 -14.3908 10.3389 13.4630 -60.4479 1.4765 1.7443 26.9115 9.1314 16.9484 40.4705 17.0494 18.9247 -0.6834 0.4507 39.6341 -14.0685 22.6144 -3.2995 16.6051 7.3958 -16.7145 50.6045 -3.6094 -5.7186 9.4114 -3.7277 8.1655 0.0062 1.8517 -0.0092 -10.6968 3.5586 5.2869 1.6873 -0.7519 -2.1622 -8.5162 -3.4388 -6.1117 0.0335 1.6679 0.0844 9.4872 -0.2853 -6.7326 -1.4424 -1.7169 0.9806
-0.3569 99.4182 -0.1737 -0.1340 0.7994 0.2423 0.2005 -3.4727 -0.0981 -0.5133 -5.8515 0.1418 -0.6584 12.4468 -2.1673 1.7036 5.7652 2.2291 -0.2616 -3.5732 1.1543 -0.7261 1.0013 0.5737 0.0016 -0.0218 -0.0092 0.7824 -10.5577 -3.8541 -0.7781 -10.5650 3.8388 -24.2129 12.0744 -13.4271 -54.9040 -14.7834 10.6417 0.6802 -0.6174 -32.7105 170.6530 -64.6402 -179.3154 -14.3956 10.3638 13.4679 -60.4282 1.4914 1.7063 26.6863 9.0671 16.9652 40.6462 17.0037 18.8658 -0.6895 0.4765 39.5639 -14.0719 22.4920 -3.3248 16.6097 7.3849 -16.6781 50.5865 -3.5882 -5.6857 9.3850 -3.7065 8.0933 0.0121 1.8565 -0.0082 -10.6960 3.5561 5.3766 1.6847 -0.7054 -2.1669 -8.5315 -3.4402 -6.1900 0.0417 1.6925 0.0886 9.4742 -0.2874 -6.6658 -1.4443 -1.7169 0.9794
-0.3516 99.4105 -0.1294 -0.1176 0.8296 0.2417 0.1931 -3.4631 -0.1027 -0.5134 -5.8397 0.1389 -0.6212 12.2754 -2.1519 1.7083 5.4477 2.1918 -0.2163 -3.5655 1.2275 -0.7063 1.2048 0.7016 0.0006 -0.0232 -0.0111 0.7839 -10.5668 -3.8578 -0.7816 -10.5734 3.8390 -23.9903 12.0582 -13.4152 -55.0889 -14.7948 10.9437 0.6815 -0.5928 -32.6182 170.2270 -65.0191 -178.7773 -14.3969 10.3915 13.4683 -60.4051 1.5178 1.6809 26.4918 9.0219 17.0083 40.7811 16.9053 18.7510 -0.6833 0.4964 39.4534 -14.0064 22.4326 -3.3403 16.6402 7.3648 -16.6291 50.5423 -3.5663 -5.6660 9.3618 -3.7098 8.0463 0.0137 1.8761 -0.0033 -10.7084 3.5683 5.4239 1.6831 -0.6516 -2.1615 -8.5383 -3.4674 -6.2668 0.0435 1.7080 0.0882 9.4293 -0.3147 -6.5901 -1.4453 -1.7056 0.9672
-0.3504 99.4094 -0.0959 -0.1082 0.8663 0.2379 0.1872 -3.4477 -0.1285 -0.5151 -5.8332 0.1523 -0.5850 12.0967 -2.1433 1.6993 5.1349 2.1635 -0.1711 -3.5585 1.3204 -0.7075 1.4573 0.8423 0.0005 -0.0273 -0.0075 0.7849 -10.5613 -3.8548 -0.7827 -10.5688 3.8436 -23.7674 12.0594 -13.4182 -55.3362 -14.8595 11.3391 0.6981 -0.5980 -32.5122 169.9947 -65.4824 -178.4195 -14.4643 10.4542 13.5414 -60.5109 1.5628 1.6828 26.3332 9.0232 17.1226 40.9049 16.7447 18.5909 -0.6847 0.5179 39.3083 -14.0006 22.5784 -3.4401 16.6870 7.3521 -16.6064 50.5112 -3.5634 -5.6501 9.3459 -3.7355 8.0662 0.0142 1.8941 -0.0033 -10.7265 3.5765 5.4080 1.6815 -0.6192 -2.1472 -8.5406 -3.4968 -6.2545 0.0453 1.7424 0.0794 9.3816 -0.3809 -6.5681 -1.4448 -1.6948 0.9598
-0.3632 99.4047 -0.0531 -0.0939 0.8964 0.2465 0.1809 -3.4374 -0.1596 -0.5195 -5.8129 0.1822 -0.5554 11.9096 -2.1502 1.6966 4.8456 2.1458 -0.1324 -3.5576 1.4281 -0.7209 1.7511 0.9343 0.0006 -0.0309 -0.0064 0.7853 -10.5524 -3.8551 -0.7828 -10.5592 3.8456 -23.5331 12.0699 -13.4391 -55.6060 -14.9426 11.7587 0.7236 -0.6109 -32.3715 170.0974 -65.9374 -178.4749 -14.5330 10.4719 13.5980 -60.6154 1.5772 1.6871 26.1848 9.0278 17.2493 41.0364 16.5940 18.4240 -0.6958 0.5095 39.1267 -14.0373 22.8777 -3.6241 16.7470 7.3493 -16.6038 50.5409 -3.5644 -5.6555 9.3399 -3.7513 8.1393 0.0102 1.8779 -0.0074 -10.7393 3.5884 5.3262 1.6797 -0.6314 -2.1328 -8.5404 -3.5039 -6.2419 0.0406 1.7449 0.0883 9.3208 -0.4495 -6.5877 -1.4420 -1.6955 0.9622
-0.4180 99.4176 -0.0045 -0.0863 0.9149 0.2705 0.1850 -3.4244 -0.1845 -0.5286 -5.8048 0.2004 -0.5255 11.7514 -2.1354 1.7005 4.5745 2.1128 -0.1099 -3.5415 1.5308 -0.7405 2.0225 0.9582 0.0006 -0.0319 -0.0050 0.7814 -10.5508 -3.8563 -0.7789 -10.5578 3.8494 -23.3052 12.0817 -13.5237 -55.8597 -15.0380 12.1531 0.7470 -0.6031 -32.2236 170.0734 -66.4283 -178.4238 -14.6214 10.4676 13.6246 -60.6729 1.5865 1.6793 26.0333 9.0274 17.3348 41.1917 16.4368 18.2567 -0.7007 0.5016 38.9228 -14.1459 23.1873 -3.8117 16.8190 7.3490 -16.6048 50.6014 -3.5719 -5.6846 9.3379 -3.7606 8.1950 0.0104 1.8691 -0.0134 -10.7277 3.5742 5.2593 1.6792 -0.6605 -2.1250 -8.5368 -3.5093 -6.2355 0.0361 1.7758 0.0775 9.2710 -0.5107 -6.5723 -1.4417 -1.7372 0.9643
-0.4527 99.4157 0.0569 -0.0789 0.9351 0.3252 0.1917 -3.4169 -0.2119 -0.5357 -5.7967 0.1990 -0.5039 11.6013 -2.1345 1.7133 4.3259 2.0997 -0.0899 -3.5248 1.6091 -0.7845 2.2736 0.9566 0.0019 -0.0325 -0.0063 0.7810 -10.5461 -3.8583 -0.7760 -10.5548 3.8477 -23.0888 12.0769 -13.6033 -56.0835 -15.0943 12.5220 0.7721 -0.5949 -32.0661 170.1506 -66.7038 -178.5709 -14.6815 10.4566 13.6155 -60.6986 1.5882 1.6445 25.8820 8.9855 17.3938 41.3650 16.3861 18.1117 -0.7103 0.4782 38.7765 -14.3283 23.4822 -4.0076 16.8757 7.3608 -16.6303 50.6522 -3.5832 -5.7306 9.3383 -3.7594 8.2417 0.0081 1.8473 -0.0235 -10.7137 3.5210 5.1842 1.6799 -0.6941 -2.1210 -8.5255 -3.4960 -6.2619 0.0359 1.7888 0.0795 9.2439 -0.5684 -6.5722 -1.4420 -1.7660 0.9687
-0.4613 99.4167 0.1094 -0.0800 0.9503 0.3898 0.2006 -3.4209 -0.2236 -0.5400 -5.7897 0.1872 -0.4893 11.4808 -2.1447 1.7217 4.1087 2.0986 -0.0816 -3.5098 1.6694 -0.8287 2.4466 0.9364 0.0036 -0.0327 -0.0084 0.7855 -10.5433 -3.8605 -0.7772 -10.5555 3.8448 -22.8905 12.0501 -13.6676 -56.2351 -15.1471 12.8310 0.7598 -0.5753 -31.8984 170.1678 -66.9017 -178.6587 -14.7286 10.4762 13.6256 -60.6999 1.6000 1.6307 25.7333 8.9267 17.4285 41.5297 16.3391 17.9607 -0.6972 0.4710 38.6915 -14.4343 23.6376 -4.1155 16.8853 7.3655 -16.6503 50.6499 -3.5983 -5.7788 9.3497 -3.7608 8.2590 0.0066 1.8476 -0.0282 -10.7309 3.4613 5.1323 1.6806 -0.7177 -2.1240 -8.5075 -3.4827 -6.3177 0.0348 1.8046 0.0695 9.2239 -0.6086 -6.5511 -1.4447 -1.7627 0.9664
-0.4860 99.4075 0.1494 -0.0882 0.9632 0.4541 0.2110 -3.4298 -0.2322 -0.5470 -5.7742 0.1764 -0.4680 11.3645 -2.1464 1.7209 3.8982 2.0985 -0.0868 -3.5024 1.6941 -0.8516 2.5680 0.9218 0.0052 -0.0315 -0.0097 0.7918 -10.5370 -3.8630 -0.7802 -10.5500 3.8445 -22.7233 12.0008 -13.7067 -56.3054 -15.1741 13.0929 0.7119 -0.5391 -31.7293 170.3073 -66.8541 -178.8254 -14.7306 10.4961 13.6456 -60.6866 1.6142 1.6330 25.5894 8.8776 17.4231 41.6919 16.2766 17.8316 -0.6801 0.4765 38.6270 -14.4627 23.6711 -4.1632 16.8738 7.3583 -16.6724 50.5926 -3.6267 -5.8210 9.3717 -3.7639 8.2855 0.0086 1.8319 -0.0293 -10.7795 3.4211 5.1036 1.6803 -0.7197 -2.1339 -8.4836 -3.4764 -6.4092 0.0326 1.8154 0.0654 9.1861 -0.6203 -6.5312 -1.4480 -1.7438 0.9630
-0.5295 99.4036 0.1715 -0.0963 0.9588 0.4844 0.2166 -3.4244 -0.2354 -0.5554 -5.7546 0.1697 -0.4495 11.2579 -2.1381 1.7284 3.6888 2.0994 -0.1041 -3.5001 1.6980 -0.8510 2.6634 0.9445 0.0050 -0.0275 -0.0112 0.7966 -10.5390 -3.8649 -0.7857 -10.5516 3.8437 -22.5596 11.9757 -13.7368 -56.3360 -15.1999 13.3003 0.6478 -0.5218 -31.5895 170.3874 -66.7931 -178.8689 -14.7328 10.5004 13.6474 -60.6638 1.6206 1.6711 25.4583 8.8431 17.4238 41.8218 16.1883 17.7350 -0.6419 0.4539 38.5563 -14.4709 23.6592 -4.1599 16.8381 7.3412 -16.6949 50.5169 -3.6555 -5.8306 9.3931 -3.7421 8.3146 0.0086 1.7995 -0.0205 -10.8292 3.3946 5.0901 1.6776 -0.7358 -2.1412 -8.4614 -3.4556 -6.4843 0.0330 1.8137 0.0628 9.1549 -0.6240 -6.5045 -1.4494 -1.7252 0.9594
-0.5411 99.3994 0.1946 -0.1094 0.9589 0.4756 0.2199 -3.4115 -0.2188 -0.5614 -5.7435 0.1597 -0.4245 11.1680 -2.1202 1.7253 3.4973 2.0837 -0.1214 -3.4981 1.7286 -0.8400 2.7426 0.9479 0.0039 -0.0259 -0.0017 0.7962 -10.5524 -3.8572 -0.7877 -10.5644 3.8569 -22.4192 11.9642 -13.7475 -56.3364 -15.1883 13.4302 0.5954 -0.5285 -31.4895 170.4619 -66.8019 -178.8021 -14.7086 10.5051 13.6301 -60.6515 1.6212 1.7080 25.3428 8.8115 17.4387 41.9188 16.0863 17.6305 -0.5831 0.4306 38.5309 -14.4792 23.6576 -4.1210 16.8029 7.3087 -16.6917 50.4386 -3.6705 -5.8021 9.4134 -3.7278 8.3613 0.0071 1.7854 -0.0185 -10.8805 3.3827 5.0898 1.6758 -0.7567 -2.1465 -8.4328 -3.4541 -6.5071 0.0287 1.8407 0.0499 9.1505 -0.6615 -6.4774 -1.4506 -1.7386 0.9626
-0.5562 99.3852 0.2201 -0.1239 0.9716 0.4559 0.2194 -3.4019 -0.2210 -0.5678 -5.7265 0.1639 -0.3946 11.0762 -2.1128 1.6966 3.3174 2.0546 -0.1107 -3.4981 1.7706 -0.8256 2.8501 0.9572 0.0028 -0.0285 0.0109 0.7944 -10.5673 -3.8455 -0.7884 -10.5782 3.8714 -22.3102 11.9441 -13.7405 -56.3065 -15.1446 13.5152 0.5634 -0.5459 -31.3864 170.4644 -66.9846 -178.6724 -14.7239 10.4863 13.6102 -60.6554 1.6196 1.7158 25.2433 8.7602 17.4699 42.0050 15.9800 17.5163 -0.5254 0.4273 38.5355 -14.4439 23.7457 -4.0691 16.7876 7.2694 -16.6717 50.3673 -3.6878 -5.7631 9.4367 -3.7317 8.3912 0.0040 1.7661 -0.0225 -10.9322 3.4060 5.0905 1.6749 -0.7909 -2.1465 -8.4127 -3.4621 -6.4856 0.0341 1.8535 0.0446 9.1855 -0.7147 -6.4521 -1.4503 -1.7897 0.9658
-0.5855 99.3795 0.2170 -0.1451 1.0010 0.4153 0.2213 -3.3974 -0.2261 -0.5691 -5.7072 0.1633 -0.3682 10.9802 -2.0937 1.6687 3.1500 2.0367 -0.0950 -3.5073 1.8109 -0.8073 2.9368 0.9728 0.0020 -0.0327 0.0231 0.7941 -10.5747 -3.8339 -0.7897 -10.5821 3.8843 -22.2592 11.9589 -13.7325 -56.2820 -15.1766 13.7085 0.5024 -0.5613 -31.3306 170.4939 -67.2279 -178.6631 -14.7557 10.4721 13.6341 -60.7605 1.6110 1.7098 25.1464 8.6803 17.4835 42.0857 15.9441 17.4377 -0.5209 0.4512 38.5901 -14.4318 23.8598 -4.0911 16.8163 7.2453 -16.6612 50.3906 -3.6817 -5.7193 9.4657 -3.7349 8.4144 0.0027 1.7334 -0.0379 -10.9839 3.4366 5.1401 1.6751 -0.8242 -2.1438 -8.3788 -3.4765 -6.4219 0.0443 1.8535 0.0373 9.2351 -0.7615 -6.4482 -1.4489 -1.8491 0.9661
-0.6283 99.3898 0.2467 -0.1703 1.0271 0.3721 0.2213 -3.3920 -0.2179 -0.5636 -5.7015 0.1489 -0.3624 10.8985 -2.0729 1.6708 3.0088 2.0052 -0.0740 -3.5188 1.8419 -0.7969 2.9820 0.9758 0.0020 -0.0382 0.0265 0.7977 -10.5812 -3.8322 -0.7934 -10.5865 3.8899 -22.2187 11.9936 -13.7276 -56.2764 -15.2032 13.9218 0.4587 -0.5575 -31.3347 170.5986 -67.4547 -178.8204 -14.8083 10.5040 13.7152 -60.8916 1.6332 1.7124 25.0589 8.6052 17.4682 42.1535 15.9241 17.3928 -0.5396 0.4586 38.6481 -14.3717 23.9757 -4.1212 16.8527 7.2456 -16.6613 50.4232 -3.6689 -5.6960 9.4922 -3.7434 8.4177 0.0077 1.7279 -0.0424 -11.0162 3.4446 5.1792 1.6713 -0.8261 -2.1409 -8.3384 -3.4901 -6.3938 0.0486 1.8452 0.0296 9.2649 -0.7961 -6.4392 -1.4486 -1.8792 0.9719
-0.6358 99.3946 0.2542 -0.2022 1.0623 0.3703 0.2256 -3.4019 -0.2184 -0.5607 -5.6990 0.1507 -0.3625 10.8334 -2.0910 1.6918 2.8872 1.9619 -0.0564 -3.5172 1.8454 -0.8046 3.0250 1.0280 0.0032 -0.0408 0.0231 0.8030 -10.5720 -3.8349 -0.7963 -10.5800 3.8845 -22.1859 12.0401 -13.7139 -56.2703 -15.1614 14.0208 0.5205 -0.5251 -31.4115 170.6382 -67.5818 -178.8955 -14.8459 10.5646 13.7890 -60.9411 1.6732 1.7055 25.0156 8.5592 17.4510 42.1484 15.9024 17.3327 -0.5770 0.4740 38.7473 -14.3089 24.0421 -4.1851 16.8837 7.2412 -16.6431 50.4135 -3.6528 -5.7086 9.5273 -3.7762 8.3936 0.0163 1.7257 -0.0523 -11.0296 3.4457 5.2056 1.6674 -0.8087 -2.1370 -8.2963 -3.4968 -6.3901 0.0578 1.8258 0.0310 9.2755 -0.8110 -6.4573 -1.4471 -1.8615 0.9720
-0.6600 99.3880 0.2715 -0.2284 1.0928 0.3996 0.2303 -3.4103 -0.2229 -0.5602 -5.7019 0.1520 -0.3747 10.7802 -2.0967 1.7318 2.8266 1.9420 -0.0421 -3.5166 1.8329 -0.8203 3.0680 1.0656 0.0037 -0.0396 0.0180 0.8088 -10.5667 -3.8400 -0.8011 -10.5778 3.8786 -22.1620 12.0962 -13.7143 -56.2518 -15.1082 14.0788 0.6081 -0.5050 -31.5340 170.6269 -67.6260 -178.9125 -14.8682 10.5982 13.8096 -60.9717 1.6866 1.6931 25.0051 8.5282 17.4323 42.0943 15.8744 17.2563 -0.5880 0.4741 38.8560 -14.3028 24.1843 -4.2338 16.9208 7.2385 -16.6299 50.4242 -3.6482 -5.7204 9.5597 -3.8182 8.3905 0.0227 1.7307 -0.0482 -11.0416 3.4356 5.2104 1.6654 -0.7829 -2.1383 -8.2619 -3.5073 -6.4097 0.0688 1.8202 0.0212 9.2772 -0.8258 -6.4682 -1.4459 -1.8028 0.9677
-0.6763 99.3898 0.2888 -0.2524 1.0984 0.4264 0.2312 -3.4107 -0.2292 -0.5564 -5.7066 0.1688 -0.3972 10.7487 -2.1080 1.7861 2.8034 1.8993 -0.0320 -3.5131 1.8886 -0.8227 3.1460 1.0550 0.0047 -0.0351 0.0163 0.8128 -10.5652 -3.8405 -0.8029 -10.5749 3.8748 -22.1426 12.1398 -13.7091 -56.2262 -15.0506 14.1050 0.6674 -0.4871 -31.6164 170.5437 -67.5896 -178.8704 -14.8646 10.6071 13.8157 -60.9459 1.6870 1.6991 25.0287 8.5380 17.4171 42.0095 15.8405 17.2149 -0.6040 0.4739 38.9138 -14.2534 24.2670 -4.2477 16.9204 7.2550 -16.6384 50.4231 -3.6481 -5.7472 9.6018 -3.8355 8.3620 0.0242 1.7386 -0.0406 -11.0285 3.4262 5.2044 1.6635 -0.7377 -2.1393 -8.2305 -3.4940 -6.4414 0.0715 1.8062 0.0187 9.2765 -0.8216 -6.5009 -1.4445 -1.7471 0.9668
-0.7040 99.3946 0.3237 -0.2736 1.0877 0.4513 0.2333 -3.3970 -0.2382 -0.5560 -5.7081 0.1851 -0.4138 10.7059 -2.0899 1.8420 2.8327 1.8721 -0.0197 -3.5005 1.9381 -0.8045 3.2193 1.0006 0.0057 -0.0301 0.0140 0.8124 -10.5633 -3.8429 -0.8006 -10.5688 3.8722 -22.1176 12.1455 -13.6984 -56.2312 -14.9762 14.1490 0.7120 -0.4705 -31.6733 170.4440 -67.7077 -178.7385 -14.8439 10.6207 13.7916 -60.9059 1.7011 1.7010 25.0623 8.5401 17.4023 41.9474 15.7442 17.0929 -0.5869 0.4750 38.9097 -14.1373 24.3424 -4.1977 16.8946 7.2410 -16.6285 50.3733 -3.6568 -5.7564 9.6407 -3.8303 8.3347 0.0246 1.7492 -0.0375 -11.0090 3.4094 5.2000 1.6661 -0.7222 -2.1332 -8.2031 -3.4726 -6.5092 0.0710 1.8077 0.0054 9.3039 -0.8146 -6.4732 -1.4451 -1.6857 0.9645
-0.7101 99.3987 0.3532 -0.2964 1.0500 0.4685 0.2289 -3.3654 -0.2457 -0.5601 -5.7035 0.2084 -0.4188 10.6540 -2.0683 1.9062 2.9215 1.8387 -0.0207 -3.4946 2.0225 -0.7802 3.2774 0.9363 0.0062 -0.0253 0.0087 0.8125 -10.5629 -3.8476 -0.7995 -10.5642 3.8656 -22.0783 12.1531 -13.6755 -56.2766 -14.9148 14.2229 0.7431 -0.4724 -31.7180 170.4307 -67.9341 -178.6941 -14.8366 10.5999 13.7496 -60.8898 1.6936 1.7064 25.1122 8.5280 17.3682 41.8862 15.7015 16.9705 -0.5610 0.4664 38.9489 -14.0691 24.4586 -4.1653 16.8707 7.2514 -16.6436 50.3976 -3.6547 -5.7455 9.6877 -3.7795 8.3026 0.0174 1.7377 -0.0321 -11.0034 3.3605 5.2180 1.6681 -0.7067 -2.1257 -8.1829 -3.4253 -6.5674 0.0696 1.8130 -0.0032 9.3555 -0.8161 -6.4382 -1.4458 -1.6341 0.9639
-0.7221 99.4122 0.3961 -0.3179 0.9967 0.4815 0.2264 -3.3343 -0.2429 -0.5681 -5.6977 0.2049 -0.4138 10.6254 -2.0265 1.9577 3.0457 1.8414 -0.0251 -3.4972 2.0545 -0.7486 3.2925 0.8793 0.0058 -0.0218 0.0026 0.8073 -10.5731 -3.8536 -0.7948 -10.5708 3.8592 -22.0247 12.1992 -13.6480 -56.3354 -14.8791 14.2717 0.7299 -0.4870 -31.7622 170.4497 -68.1441 -178.6924 -14.8247 10.5595 13.7157 -60.8583 1.6853 1.7232 25.1446 8.5014 17.3243 41.8684 15.6696 16.8452 -0.5235 0.4410 39.0041 -14.0562 24.7444 -4.1590 16.8668 7.2773 -16.6705 50.4497 -3.6382 -5.7430 9.7324 -3.7040 8.3058 0.0079 1.7206 -0.0331 -11.0151 3.3085 5.2359 1.6684 -0.6939 -2.1142 -8.1623 -3.3482 -6.6249 0.0611 1.7982 -0.0166 9.4056 -0.8409 -6.4035 -1.4443 -1.5835 0.9662
-0.7276 99.4144 0.3989 -0.3387 0.9388 0.4891 0.2177 -3.3263 -0.2270 -0.5726 -5.6919 0.1839 -0.3966 10.6400 -1.9870 1.9791 3.1647 1.8512 -0.0447 -3.4978 2.0301 -0.7239 3.2321 0.8705 0.0043 -0.0224 0.0015 0.8005 -10.5798 -3.8553 -0.7913 -10.5761 3.8596 -21.9919 12.2365 -13.5909 -56.3685 -14.8446 14.2781 0.7037 -0.4869 -31.8160 170.4524 -68.3108 -178.6865 -14.8176 10.5245 13.7107 -60.8501 1.6716 1.7459 25.1635 8.4810 17.2791 41.8988 15.6450 16.7627 -0.5111 0.4287 39.0586 -14.0364 24.9329 -4.1371 16.8504 7.2987 -16.6945 50.4643 -3.6171 -5.7648 9.7717 -3.6136 8.2976 0.0036 1.6995 -0.0224 -11.0453 3.2631 5.2513 1.6689 -0.6832 -2.1046 -8.1484 -3.2698 -6.6503 0.0515 1.7870 -0.0220 9.4262 -0.8440 -6.3842 -1.4440 -1.5616 0.9622
-0.7292 99.4146 0.4181 -0.3519 0.8925 0.5017 0.2008 -3.3399 -0.2210 -0.5735 -5.6905 0.1800 -0.3680 10.6976 -1.9600 1.9624 3.2770 1.8748 -0.0519 -3.5072 1.9562 -0.7404 3.0911 0.9075 0.0037 -0.0259 0.0012 0.7958 -10.5855 -3.8550 -0.7880 -10.5841 3.8588 -21.9900 12.2281 -13.5069 -56.3669 -14.7789 14.2321 0.6818 -0.4920 -31.8838 170.4615 -68.4364 -178.7514 -14.8506 10.5160 13.7333 -60.8389 1.6698 1.7363 25.2063 8.4810 17.2375 41.9088 15.6465 16.7235 -0.5240 0.4283 39.1255 -14.0261 24.9800 -4.0380 16.8333 7.3123 -16.7019 50.4468 -3.6064 -5.7747 9.7880 -3.5346 8.2692 0.0063 1.6790 -0.0175 -11.0722 3.2456 5.2747 1.6675 -0.6698 -2.0965 -8.1425 -3.1962 -6.6398 0.0450 1.7730 -0.0170 9.4321 -0.8423 -6.4072 -1.4451 -1.5680 0.9642
-0.7041 99.4137 0.4345 -0.3588 0.8497 0.5130 0.1787 -3.3578 -0.2120 -0.5742 -5.7004 0.1818 -0.3364 10.7860 -1.9395 1.9589 3.3991 1.9020 -0.0609 -3.5173 1.8885 -0.7939 2.8838 0.9481 0.0034 -0.0313 0.0004 0.7952 -10.5921 -3.8537 -0.7882 -10.5919 3.8570 -22.0145 12.1713 -13.4022 -56.3280 -14.7246 14.1783 0.6238 -0.5213 -31.9058 170.5155 -68.5463 -178.8897 -14.9058 10.5269 13.7697 -60.9059 1.6670 1.7162 25.2793 8.4977 17.1885 41.8714 15.6954 16.7379 -0.5389 0.4426 39.2045 -14.0114 24.9500 -3.8848 16.7646 7.3094 -16.6820 50.3920 -3.5877 -5.7673 9.7838 -3.4778 8.2159 0.0135 1.6906 -0.0090 -11.0665 3.2182 5.3053 1.6683 -0.6663 -2.0942 -8.1534 -3.1343 -6.6168 0.0428 1.7679 -0.0131 9.4450 -0.8285 -6.4574 -1.4472 -1.5844 0.9689
-0.6790 99.3995 0.4495 -0.3496 0.8060 0.5448 0.1525 -3.3660 -0.2093 -0.5751 -5.7078 0.1878 -0.3262 10.8836 -1.9108 1.9711 3.5232 1.9257 -0.0700 -3.5322 1.8192 -0.8504 2.6772 0.9688 0.0027 -0.0317 0.0087 0.7964 -10.6058 -3.8460 -0.7911 -10.6066 3.8664 -22.0445 12.1225 -13.3197 -56.2771 -14.7120 14.0900 0.5653 -0.5576 -31.9107 170.5434 -68.5133 -179.0467 -14.9328 10.5055 13.7845 -60.9431 1.6493 1.7132 25.4027 8.5395 17.1594 41.7928 15.7652 16.7751 -0.5595 0.4507 39.3103 -14.0302 24.9161 -3.7714 16.7248 7.3026 -16.6710 50.3725 -3.5799 -5.7559 9.7595 -3.4309 8.1520 0.0186 1.7087 -0.0093 -11.0545 3.1981 5.3552 1.6695 -0.6718 -2.1045 -8.1841 -3.0763 -6.5939 0.0462 1.7691 -0.0049 9.4980 -0.7928 -6.5220 -1.4478 -1.5857 0.9709
-0.6532 99.3930 0.4708 -0.3278 0.7708 0.6114 0.1227 -3.3611 -0.1977 -0.5756 -5.7261 0.1720 -0.3247 10.9764 -1.8827 1.9912 3.6412 1.9226 -0.0937 -3.5414 1.7703 -0.9006 2.5146 0.9629 0.0022 -0.0292 0.0194 0.7972 -10.6165 -3.8354 -0.7931 -10.6171 3.8782 -22.0856 12.1111 -13.2802 -56.2608 -14.7500 13.9926 0.5398 -0.5652 -31.9238 170.5171 -68.4804 -179.0910 -14.9074 10.5223 13.8148 -60.9458 1.6384 1.7244 25.5485 8.6061 17.1275 41.7034 15.8092 16.8250 -0.5855 0.4797 39.3950 -14.0120 24.9049 -3.6859 16.7227 7.2924 -16.6693 50.3519 -3.5866 -5.7284 9.7177 -3.4004 8.0143 0.0205 1.7454 -0.0097 -11.0437 3.1880 5.4233 1.6700 -0.6664 -2.1230 -8.2299 -3.0282 -6.5970 0.0502 1.7861 -0.0004 9.5674 -0.7630 -6.5944 -1.4472 -1.5885 0.9677
-0.6238 99.3824 0.4918 -0.3115 0.7513 0.6800 0.1006 -3.3559 -0.1949 -0.5723 -5.7300 0.1808 -0.3340 11.0382 -1.8984 2.0229 3.7640 1.9329 -0.1353 -3.5498 1.6964 -0.9598 2.4161 0.9742 0.0015 -0.0235 0.0234 0.7974 -10.6192 -3.8337 -0.7945 -10.6203 3.8848 -22.1418 12.1090 -13.2494 -56.2250 -14.7937 13.8475 0.5479 -0.5511 -31.9220 170.6218 -68.5240 -179.1731 -14.8468 10.5258 13.8322 -60.9340 1.6339 1.7650 25.7340 8.6671 17.1104 41.5688 15.8894 16.9085 -0.6177 0.5274 39.4695 -13.9509 24.8885 -3.6480 16.7483 7.2858 -16.6496 50.3394 -3.5848 -5.7139 9.6903 -3.3783 7.8479 0.0195 1.7716 0.0003 -11.0294 3.1869 5.4788 1.6714 -0.6502 -2.1390 -8.2712 -3.0004 -6.6407 0.0552 1.8037 -0.0088 9.6210 -0.7338 -6.6510 -1.4463 -1.5618 0.9587
-0.5927 99.3794 0.5096 -0.3061 0.7348 0.7298 0.0868 -3.3383 -0.1973 -0.5701 -5.7332 0.1682 -0.3412 11.0822 -1.9103 2.0338 3.9264 1.9541 -0.1553 -3.5586 1.6583 -1.0175 2.3656 0.9720 0.0004 -0.0203 0.0295 0.7969 -10.6247 -3.8278 -0.7963 -10.6281 3.8916 -22.2100 12.1441 -13.2347 -56.1683 -14.8332 13.6508 0.5771 -0.5518 -31.9429 170.8270 -68.5875 -179.2976 -14.7666 10.5359 13.8196 -60.9666 1.6199 1.7989 25.8986 8.6882 17.1248 41.4348 16.0722 17.0717 -0.6613 0.5689 39.5865 -13.9608 24.8321 -3.6764 16.8117 7.2856 -16.6389 50.3669 -3.5929 -5.7125 9.6815 -3.3550 7.7087 0.0137 1.7820 0.0049 -11.0160 3.1850 5.5332 1.6718 -0.6519 -2.1451 -8.2909 -2.9864 -6.6660 0.0573 1.8258 -0.0119 9.6430 -0.7376 -6.7096 -1.4445 -1.5304 0.9500
-0.5692 99.3930 0.4935 -0.3171 0.7250 0.7363 0.0805 -3.3209 -0.2106 -0.5617 -5.7318 0.1658 -0.3408 11.0992 -1.9212 2.0291 4.0935 1.9766 -0.1557 -3.5532 1.6542 -1.0544 2.3402 0.9877 -0.0007 -0.0197 0.0289 0.7943 -10.6248 -3.8285 -0.7960 -10.6271 3.8908 -22.2718 12.1828 -13.2281 -56.0864 -14.8233 13.3933 0.5999 -0.5414 -31.9911 170.9640 -68.5676 -179.3322 -14.7125 10.5139 13.7717 -60.8887 1.6155 1.8084 25.9828 8.7065 17.1443 41.3869 16.2239 17.2724 -0.7302 0.5876 39.7137 -13.9625 24.6623 -3.6906 16.8353 7.2928 -16.6543 50.3984 -3.6122 -5.7492 9.6872 -3.3378 7.6261 0.0100 1.7817 0.0010 -11.0028 3.1838 5.5649 1.6733 -0.6331 -2.1443 -8.2888 -2.9700 -6.6754 0.0492 1.8299 -0.0111 9.6246 -0.7482 -6.7627 -1.4425 -1.4852 0.9413
-0.5650 99.4214 0.5052 -0.3289 0.7252 0.7305 0.0756 -3.3155 -0.1900 -0.5539 -5.7402 0.1361 -0.3445 11.1344 -1.9293 2.0306 4.2509 1.9894 -0.1391 -3.5398 1.7276 -1.0975 2.3308 0.9969 -0.0009 -0.0195 0.0294 0.7904 -10.6280 -3.8274 -0.7924 -10.6261 3.8898 -22.3542 12.1993 -13.2401 -55.9545 -14.8048 13.1129 0.6280 -0.5572 -32.0511 171.1611 -68.3939 -179.4476 -14.6869 10.4702 13.6937 -60.7843 1.6104 1.7533 26.0656 8.7109 17.1671 41.3066 16.3313 17.4475 -0.7423 0.5618 39.8851 -13.9930 24.4973 -3.6846 16.8743 7.3089 -16.6889 50.4780 -3.6075 -5.8085 9.6956 -3.3334 7.5628 0.0049 1.7916 0.0008 -10.9803 3.1665 5.6156 1.6721 -0.6044 -2.1333 -8.2747 -2.9540 -6.6039 0.0395 1.8097 -0.0140 9.5734 -0.7471 -6.8216 -1.4409 -1.4480 0.9402
-0.5519 99.4286 0.4905 -0.3443 0.7204 0.7114 0.0758 -3.3256 -0.2015 -0.5462 -5.7328 0.1360 -0.3332 11.1772 -1.9337 2.0237 4.3946 1.9950 -0.1177 -3.5323 1.8024 -1.1329 2.2985 1.0134 0.0001 -0.0185 0.0264 0.7877 -10.6226 -3.8313 -0.7877 -10.6159 3.8855 -22.4880 12.1873 -13.2726 -55.7793 -14.8426 12.8066 0.6289 -0.5704 -31.9808 171.4770 -67.9697 -179.7707 -14.7104 10.4244 13.5908 -60.6999 1.5975 1.6237 26.1755 8.7242 17.1538 41.1736 16.3914 17.6430 -0.7691 0.5685 40.0635 -13.9619 24.4698 -3.6277 16.9040 7.3181 -16.7109 50.5166 -3.5977 -5.8536 9.7067 -3.3157 7.5071 0.0052 1.7892 -0.0033 -10.9538 3.1225 5.6800 1.6718 -0.5887 -2.1224 -8.2601 -2.9232 -6.4869 0.0387 1.7629 -0.0039 9.5000 -0.7096 -6.8927 -1.4408 -1.4222 0.9444
-0.5432 99.4379 0.4943 -0.3522 0.7076 0.6760 0.0795 -3.3445 -0.1850 -0.5423 -5.7385 0.1099 -0.3294 11.2547 -1.9121 2.0265 4.5227 2.0117 -0.1192 -3.5311 1.8149 -1.1557 2.2202 0.9948 0.0016 -0.0173 0.0241 0.7869 -10.6196 -3.8338 -0.7838 -10.6099 3.8819 -22.6691 12.1928 -13.3480 -55.5617 -14.9253 12.4691 0.6199 -0.5871 -31.8280 171.9810 -67.1208 179.6496 -14.7336 10.4220 13.5604 -60.6885 1.6065 1.5193 26.3413 8.7492 17.1397 40.9400 16.4705 17.8437 -0.7643 0.5530 40.2821 -13.9089 24.5852 -3.5208 16.8991 7.3264 -16.7357 50.5621 -3.5697 -5.8958 9.7175 -3.2914 7.5014 0.0038 1.7918 -0.0225 -10.9434 3.0540 5.7216 1.6719 -0.5809 -2.1175 -8.2623 -2.8953 -6.3350 0.0378 1.7521 -0.0108 9.4619 -0.6804 -6.9431 -1.4422 -1.4101 0.9596
-0.5327 99.4376 0.5033 -0.3576 0.6918 0.6686 0.0870 -3.3705 -0.1698 -0.5371 -5.7549 0.0845 -0.3367 11.3630 -1.8746 2.0398 4.6241 2.0391 -0.1388 -3.5398 1.7672 -1.1747 2.1093 0.9151 0.0015 -0.0169 0.0281 0.7885 -10.6158 -3.8299 -0.7858 -10.6070 3.8858 -22.9031 12.1901 -13.4356 -55.2579 -15.0097 12.0136 0.6189 -0.5922 -31.6270 172.5925 -66.0236 178.9445 -14.7221 10.4038 13.5442 -60.7073 1.5937 1.4507 26.5556 8.7644 17.1177 40.6382 16.5837 18.0555 -0.7493 0.5522 40.4833 -13.8755 24.7541 -3.4079 16.8679 7.3392 -16.7595 50.5863 -3.5289 -5.9267 9.7174 -3.2610 7.4986 0.0036 1.7904 -0.0303 -10.9585 2.9950 5.7189 1.6718 -0.6125 -2.1169 -8.2701 -2.8601 -6.2308 0.0357 1.7395 -0.0197 9.4551 -0.6598 -6.9728 -1.4431 -1.4159 0.9726
-0.5163 99.4329 0.5303 -0.3485 0.6666 0.6560 0.0930 -3.3958 -0.1607 -0.5337 -5.7660 0.0913 -0.3602 11.4775 -1.8729 2.0766 4.6831 2.0415 -0.1791 -3.5566 1.6833 -1.1663 1.9862 0.8186 0.0011 -0.0190 0.0299 0.7934 -10.6119 -3.8257 -0.7918 -10.6036 3.8862 -23.1627 12.1828 -13.5171 -54.9437 -15.0917 11.5506 0.6016 -0.5737 -31.4195 172.9405 -64.9193 178.4723 -14.6407 10.4072 13.5496 -60.7381 1.5830 1.4675 26.8050 8.7678 17.0879 40.3137 16.7874 18.3327 -0.7761 0.5703 40.6304 -13.8330 24.8758 -3.2973 16.8265 7.3482 -16.7571 50.5736 -3.5029 -5.9171 9.7010 -3.2161 7.4797 0.0053 1.7821 -0.0366 -10.9703 2.9599 5.6938 1.6728 -0.6433 -2.1279 -8.2921 -2.8228 -6.2023 0.0346 1.7293 -0.0143 9.4821 -0.6267 -6.9806 -1.4439 -1.4398 0.9787
-0.4974 99.4214 0.5588 -0.3364 0.6517 0.6633 0.1017 -3.4178 -0.1618 -0.5311 -5.7746 0.1181 -0.3894 11.5812 -1.9147 2.1314 4.7092 2.0557 -0.2277 -3.5704 1.5598 -1.1432 1.8399 0.7214 0.0015 -0.0221 0.0245 0.7966 -10.5979 -3.8280 -0.7943 -10.5902 3.8778 -23.4385 12.1642 -13.5471 -54.6569 -15.1993 11.1057 0.5905 -0.5623 -31.2346 172.9285 -64.0960 178.3658 -14.5286 10.4042 13.5232 -60.6857 1.5702 1.5293 27.0611 8.7619 17.0669 40.0271 16.9742 18.6235 -0.8141 0.5871 40.6927 -13.7314 24.8959 -3.1611 16.7850 7.3562 -16.7280 50.5547 -3.4815 -5.8667 9.6796 -3.1841 7.4628 0.0100 1.7671 -0.0453 -10.9572 2.9461 5.6256 1.6746 -0.6914 -2.1450 -8.3196 -2.7986 -6.2373 0.0332 1.7063 -0.0110 9.5580 -0.5950 -6.9638 -1.4432 -1.4642 0.9818
-0.4670 99.4103 0.5755 -0.3130 0.6430 0.6758 0.1067 -3.4309 -0.1435 -0.5305 -5.8009 0.1106 -0.4349 11.6727 -1.9707 2.1863 4.7536 2.0540 -0.2567 -3.5743 1.4671 -1.1198 1.7133 0.6411 0.0016 -0.0241 0.0185 0.8011 -10.5965 -3.8328 -0.7987 -10.5890 3.8716 -23.6924 12.1709 -13.5504 -54.4649 -15.3560 10.7675 0.5604 -0.5792 -31.0946 172.7095 -63.6805 178.5227 -14.4595 10.4120 13.5315 -60.6177 1.5637 1.6259 27.2947 8.7718 17.0503 39.7671 17.1041 18.8595 -0.7930 0.5500 40.7426 -13.6515 24.9764 -3.0204 16.7446 7.3613 -16.6849 50.5153 -3.4677 -5.8346 9.6385 -3.1698 7.4651 0.0109 1.7703 -0.0468 -10.9371 2.9205 5.5367 1.6755 -0.7229 -2.1612 -8.3660 -2.7888 -6.2952 0.0356 1.7023 -0.0119 9.6761 -0.6147 -6.8996 -1.4419 -1.4947 0.9838
-0.4469 99.4002 0.5874 -0.2779 0.6457 0.7023 0.1027 -3.4565 -0.1314 -0.5235 -5.8186 0.0725 -0.4761 11.7383 -1.9961 2.2189 4.8220 2.0560 -0.2782 -3.5763 1.4000 -1.0914 1.6142 0.5946 0.0001 -0.0240 0.0179 0.8013 -10.5898 -3.8326 -0.8019 -10.5842 3.8715 -23.9244 12.1842 -13.5275 -54.3707 -15.5286 10.5518 0.5266 -0.6008 -31.0044 172.4596 -63.6004 178.7187 -14.4389 10.4107 13.5399 -60.5751 1.5552 1.6808 27.4933 8.7779 17.0209 39.5732 17.1792 19.0337 -0.7250 0.5177 40.7486 -13.6098 25.0384 -2.9413 16.7220 7.3525 -16.6481 50.4777 -3.4632 -5.8357 9.5843 -3.1612 7.4829 0.0100 1.7750 -0.0386 -10.9298 2.8883 5.4535 1.6769 -0.7382 -2.1743 -8.4273 -2.7846 -6.3426 0.0395 1.6988 -0.0079 9.7809 -0.6366 -6.8373 -1.4399 -1.5148 0.9871
-0.4196 99.3952 0.6125 -0.2386 0.6620 0.7278 0.0927 -3.4940 -0.1220 -0.5130 -5.8337 0.0389 -0.5059 11.7932 -2.0097 2.2319 4.9055 2.0497 -0.2792 -3.5763 1.3393 -1.0790 1.5429 0.5753 -0.0005 -0.0249 0.0208 0.8023 -10.5887 -3.8316 -0.8043 -10.5851 3.8770 -24.1611 12.2082 -13.5343 -54.3469 -15.7209 10.4736 0.5045 -0.6210 -30.9691 172.2539 -63.6758 178.8256 -14.4453 10.3861 13.5561 -60.5484 1.5414 1.6793 27.6933 8.7930 16.9782 39.3943 17.1973 19.0898 -0.6318 0.4920 40.7705 -13.6018 25.1428 -2.9115 16.7078 7.3380 -16.6234 50.4445 -3.4613 -5.8206 9.5256 -3.1619 7.4892 0.0131 1.7758 -0.0193 -10.9295 2.8960 5.3762 1.6785 -0.7291 -2.1814 -8.4952 -2.7873 -6.3699 0.0422 1.7021 0.0042 9.8433 -0.6624 -6.8070 -1.4389 -1.5184 0.9942
-0.4050 99.3812 0.6407 -0.2032 0.6802 0.7182 0.0822 -3.5424 -0.1127 -0.5018 -5.8594 0.0019 -0.5137 11.8726 -1.9999 2.2215 4.9740 2.0346 -0.2797 -3.5685 1.3041 -1.0896 1.4788 0.5650 0.0004 -0.0256 0.0192 0.8054 -10.5855 -3.8353 -0.8056 -10.5868 3.8780 -24.3706 12.2247 -13.5479 -54.3660 -15.8271 10.4267 0.5397 -0.6267 -31.0102 172.1104 -63.8235 178.8583 -14.4749 10.3961 13.5680 -60.5619 1.5431 1.6296 27.8934 8.8030 16.9200 39.2117 17.2228 19.0773 -0.5307 0.4974 40.8044 -13.6407 25.2358 -2.8873 16.6953 7.3304 -16.6231 50.4042 -3.4591 -5.8310 9.4728 -3.1667 7.5114 0.0131 1.7846 -0.0066 -10.9285 2.9193 5.3135 1.6809 -0.7006 -2.1846 -8.5582 -2.7963 -6.3693 0.0426 1.7174 0.0066 9.8794 -0.7126 -6.7547 -1.4393 -1.5121 1.0033
-0.4031 99.3683 0.6807 -0.1809 0.6990 0.7072 0.0751 -3.5935 -0.1494 -0.4897 -5.8756 0.0188 -0.5061 11.9585 -2.0002 2.2006 5.0396 2.0244 -0.2800 -3.5722 1.2612 -1.0975 1.4551 0.5718 0.0011 -0.0278 0.0183 0.8069 -10.5825 -3.8353 -0.8056 -10.5892 3.8736 -24.5453 12.2531 -13.5668 -54.3885 -15.8689 10.3590 0.5896 -0.6253 -31.1011 172.0256 -63.9387 178.8108 -14.5027 10.4227 13.5692 -60.6222 1.5487 1.5784 28.0980 8.8369 16.8607 39.0313 17.2553 19.0547 -0.4937 0.4874 40.8533 -13.6284 25.2364 -2.8413 16.6532 7.3394 -16.6234 50.4169 -3.4496 -5.8357 9.4349 -3.1631 7.5394 0.0147 1.7738 0.0123 -10.9417 2.9428 5.2885 1.6831 -0.6484 -2.1785 -8.6017 -2.8136 -6.3606 0.0464 1.7427 0.0115 9.8865 -0.7500 -6.6928 -1.4388 -1.5001 1.0038
-0.3834 99.3666 0.6990 -0.1709 0.7018 0.6799 0.0713 -3.6285 -0.1855 -0.4824 -5.8814 0.0187 -0.4917 12.0379 -2.0023 2.1898 5.1302 2.0326 -0.2845 -3.5828 1.2578 -1.0952 1.4343 0.5807 0.0012 -0.0299 0.0159 0.8096 -10.5834 -3.8359 -0.8079 -10.5938 3.8686 -24.6632 12.2829 -13.5603 -54.3900 -15.8048 10.2011 0.6690 -0.6114 -31.2128 172.0098 -63.8748 178.7257 -14.4471 10.4461 13.5573 -60.5960 1.5419 1.5747 28.2856 8.8831 16.8073 38.9010 17.3116 19.0504 -0.5051 0.4912 40.8745 -13.5334 25.0854 -2.7935 16.6109 7.3480 -16.6276 50.3917 -3.4590 -5.8311 9.4182 -3.1483 7.6002 0.0111 1.7578 0.0071 -10.9698 2.9689 5.2740 1.6840 -0.6080 -2.1693 -8.6239 -2.8183 -6.3658 0.0426 1.7685 0.0198 9.8753 -0.7810 -6.6345 -1.4387 -1.4725 0.9973
-0.3700 99.3685 0.7099 -0.1655 0.7007 0.6359 0.0662 -3.6503 -0.1998 -0.4784 -5.8910 0.0045 -0.4722 12.1235 -2.0108 2.2189 5.2244 2.0637 -0.3026 -3.5881 1.2442 -1.0918 1.3757 0.5950 0.0013 -0.0301 0.0057 0.8113 -10.5873 -3.8447 -0.8095 -10.5983 3.8564 -24.7361 12.2953 -13.5566 -54.3601 -15.6768 9.9832 0.6997 -0.6065 -31.2978 171.9909 -63.5667 178.7072 -14.3942 10.4559 13.5297 -60.5110 1.5311 1.6035 28.4562 8.9362 16.7627 38.8273 17.4318 19.0972 -0.5892 0.4844 40.7963 -13.4493 24.7363 -2.7021 16.5847 7.3572 -16.6297 50.3680 -3.4834 -5.8458 9.4056 -3.1347 7.6628 0.0097 1.7651 -0.0024 -10.9782 2.9665 5.2895 1.6848 -0.5826 -2.1669 -8.6285 -2.8239 -6.3901 0.0385 1.7962 0.0248 9.8374 -0.8080 -6.5512 -1.4399 -1.4699 0.9798
-0.3404 99.3704 0.7291 -0.1571 0.7099 0.5895 0.0570 -3.6709 -0.2058 -0.4805 -5.9236 -0.0229 -0.4497 12.2284 -2.0156 2.2640 5.3561 2.0910 -0.3208 -3.5976 1.2258 -1.1021 1.2493 0.6114 0.0013 -0.0289 0.0018 0.8084 -10.6008 -3.8473 -0.8063 -10.6131 3.8510 -24.7507 12.3020 -13.5373 -54.3327 -15.5112 9.7031 0.7267 -0.6310 -31.3444 171.9824 -63.1740 178.7540 -14.3612 10.4663 13.4915 -60.4429 1.5242 1.6449 28.6112 8.9983 16.7147 38.7531 17.5398 19.1351 -0.6650 0.4485 40.6587 -13.4150 24.3706 -2.5792 16.5858 7.3702 -16.6251 50.3735 -3.5124 -5.8583 9.3828 -3.1373 7.7013 0.0080 1.7958 -0.0180 -10.9419 2.9767 5.3411 1.6840 -0.5682 -2.1660 -8.6306 -2.8577 -6.3996 0.0330 1.8389 0.0303 9.7811 -0.8304 -6.4625 -1.4405 -1.4898 0.9659
-0.3245 99.3709 0.7570 -0.1449 0.7201 0.5241 0.0395 -3.6932 -0.2019 -0.4864 -5.9416 -0.0415 -0.4334 12.3098 -2.0384 2.3081 5.4900 2.1246 -0.3220 -3.5980 1.2443 -1.1458 1.1156 0.6135 0.0017 -0.0271 0.0091 0.8060 -10.5945 -3.8382 -0.8030 -10.6125 3.8577 -24.7409 12.3049 -13.4946 -54.3329 -15.3918 9.4643 0.7243 -0.6498 -31.3268 172.1087 -62.7547 178.7702 -14.3548 10.4688 13.4673 -60.4081 1.5077 1.6828 28.7453 9.0550 16.6780 38.7136 17.6164 19.1313 -0.7187 0.4284 40.4961 -13.4168 24.0657 -2.4532 16.5862 7.3664 -16.6275 50.3688 -3.5463 -5.8703 9.3634 -3.1351 7.7300 0.0025 1.8055 -0.0281 -10.8820 3.0037 5.3880 1.6839 -0.5591 -2.1622 -8.6497 -2.8901 -6.3807 0.0283 1.8517 0.0413 9.7442 -0.8242 -6.4055 -1.4414 -1.5207 0.9731
-0.3014 99.3795 0.7633 -0.1319 0.7299 0.4675 0.0190 -3.7251 -0.1999 -0.4910 -5.9623 -0.0548 -0.4153 12.3974 -2.0548 2.3368 5.6242 2.1389 -0.3181 -3.5994 1.2770 -1.2118 0.9621 0.6065 0.0007 -0.0242 0.0229 0.8008 -10.6002 -3.8241 -0.7998 -10.6242 3.8707 -24.7207 12.3643 -13.4710 -54.3679 -15.3481 9.2255 0.7177 -0.6763 -31.3148 172.1546 -62.5878 178.9743 -14.3722 10.4525 13.4322 -60.3463 1.4970 1.6951 28.8581 9.1032 16.6263 38.7134 17.6395 19.0356 -0.7661 0.3861 40.3681 -13.4243 23.8429 -2.3221 16.5854 7.3719 -16.6237 50.3880 -3.5669 -5.8533 9.3444 -3.1267 7.7107 -0.0046 1.8094 -0.0276 -10.8156 3.0303 5.4356 1.6846 -0.5229 -2.1529 -8.6707 -2.9280 -6.3647 0.0265 1.8731 0.0535 9.7292 -0.8425 -6.3586 -1.4412 -1.5536 0.9853
-0.2854 99.3835 0.7705 -0.1106 0.7344 0.4196 0.0016 -3.7592 -0.2033 -0.4958 -5.9646 -0.0400 -0.4030 12.4797 -2.0788 2.3535 5.7370 2.1291 -0.3254 -3.5986 1.3128 -1.2618 0.8317 0.5487 0.0005 -0.0225 0.0275 0.7978 -10.5939 -3.8187 -0.7975 -10.6237 3.8753 -24.7240 12.4334 -13.4646 -54.4186 -15.3401 9.0279 0.6958 -0.6814 -31.3068 172.2948 -62.5055 179.1055 -14.3201 10.4324 13.3530 -60.2893 1.4916 1.6586 28.9990 9.1371 16.5548 38.7085 17.6509 18.8930 -0.8004 0.3759 40.2267 -13.4113 23.6938 -2.2341 16.5427 7.3903 -16.6358 50.3942 -3.5651 -5.8380 9.3205 -3.1085 7.6485 -0.0026 1.8042 -0.0179 -10.7598 3.0412 5.4849 1.6859 -0.4816 -2.1437 -8.7054 -2.9574 -6.3819 0.0294 1.8806 0.0730 9.7449 -0.8577 -6.3219 -1.4427 -1.5605 1.0011
-0.2740 99.3844 0.7767 -0.0875 0.7384 0.3675 -0.0102 -3.7878 -0.1658 -0.5062 -5.9850 -0.0471 -0.4029 12.5829 -2.1048 2.3618 5.8148 2.1259 -0.3257 -3.5848 1.3207 -1.2926 0.6988 0.4677 0.0018 -0.0221 0.0247 0.7988 -10.5957 -3.8203 -0.7959 -10.6286 3.8722 -24.7433 12.5176 -13.4756 -54.4907 -15.3887 8.9211 0.6306 -0.6950 -31.3563 172.4430 -62.4107 179.1557 -14.3033 10.4138 13.2706 -60.2446 1.4883 1.6213 29.1710 9.1751 16.5081 38.6405 17.7431 18.7431 -0.8305 0.3512 40.1759 -13.4339 23.5448 -2.2227 16.5165 7.4284 -16.6708 50.5009 -3.5246 -5.8001 9.2850 -3.0974 7.6069 0.0032 1.8063 -0.0050 -10.7434 3.0305 5.5203 1.6861 -0.4494 -2.1378 -8.7424 -2.9853 -6.4073 0.0313 1.8958 0.0728 9.8041 -0.8865 -6.2584 -1.4432 -1.5610 1.0152
-0.2626 99.3777 0.7729 -0.0683 0.7476 0.3487 -0.0185 -3.8130 -0.1444 -0.5119 -5.9930 -0.0402 -0.4200 12.6615 -2.1585 2.3865 5.8595 2.1241 -0.3347 -3.5660 1.2866 -1.3135 0.5614 0.4031 0.0039 -0.0213 0.0144 0.7984 -10.5844 -3.8294 -0.7914 -10.6171 3.8606 -24.7897 12.6026 -13.4640 -54.5542 -15.4343 8.8144 0.5932 -0.6874 -31.4013 172.6667 -62.2669 179.0368 -14.2766 10.3899 13.1959 -60.1709 1.5028 1.5838 29.4061 9.1869 16.4636 38.5058 17.8747 18.5589 -0.8354 0.3410 40.1624 -13.4817 23.5367 -2.2937 16.4767 7.4696 -16.7001 50.5639 -3.4932 -5.7768 9.2560 -3.0891 7.5652 0.0127 1.7892 0.0126 -10.7455 3.0096 5.5509 1.6853 -0.4317 -2.1384 -8.7865 -3.0024 -6.4636 0.0326 1.8841 0.0704 9.9023 -0.8896 -6.1965 -1.4440 -1.5591 1.0112
-0.2369 99.3670 0.7710 -0.0582 0.7543 0.3498 -0.0241 -3.8258 -0.1353 -0.5074 -6.0052 -0.0636 -0.4378 12.7354 -2.1893 2.4018 5.8934 2.1285 -0.3449 -3.5563 1.2287 -1.3386 0.3896 0.3557 0.0062 -0.0201 0.0008 0.7984 -10.5814 -3.8437 -0.7865 -10.6122 3.8471 -24.8201 12.6871 -13.4299 -54.6485 -15.4717 8.7080 0.5663 -0.6769 -31.4350 172.9667 -62.2022 178.8011 -14.2164 10.3781 13.1326 -60.0852 1.5101 1.5654 29.6400 9.1905 16.4360 38.3442 17.9879 18.3766 -0.8084 0.3312 40.1649 -13.5492 23.6541 -2.4220 16.4742 7.5082 -16.7114 50.6518 -3.4518 -5.7295 9.2262 -3.0912 7.5595 0.0184 1.7855 0.0151 -10.7456 2.9987 5.5836 1.6854 -0.4434 -2.1428 -8.8109 -3.0104 -6.4959 0.0364 1.8774 0.0597 9.9902 -0.8927 -6.1471 -1.4417 -1.5643 1.0031
-0.2234 99.3474 0.7691 -0.0539 0.7739 0.3517 -0.0245 -3.8459 -0.1555 -0.4990 -5.9971 -0.0558 -0.4582 12.7763 -2.2293 2.4122 5.9184 2.1284 -0.3764 -3.5571 1.1311 -1.3619 0.2298 0.3610 0.0087 -0.0176 -0.0133 0.7996 -10.5639 -3.8586 -0.7828 -10.5939 3.8320 -24.8698 12.7488 -13.3830 -54.7526 -15.5019 8.6506 0.5503 -0.6562 -31.4721 173.2190 -62.2688 178.5714 -14.1664 10.3777 13.1477 -60.0321 1.5138 1.5700 29.8564 9.1926 16.4044 38.2078 18.0709 18.2180 -0.8206 0.3219 40.1540 -13.5527 23.8162 -2.4953 16.4750 7.5324 -16.7119 50.6965 -3.4436 -5.6745 9.2003 -3.1087 7.5589 0.0240 1.7716 0.0274 -10.7529 3.0064 5.5939 1.6866 -0.4607 -2.1361 -8.8255 -3.0245 -6.5140 0.0454 1.8571 0.0597 10.0669 -0.8740 -6.1357 -1.4377 -1.5657 0.9897
-0.2089 99.3425 0.7260 -0.0442 0.8010 0.3344 -0.0261 -3.8642 -0.1500 -0.4937 -5.9985 -0.0943 -0.4780 12.8177 -2.2194 2.4381 5.9293 2.1350 -0.4103 -3.5633 1.0621 -1.3927 0.0688 0.3270 0.0103 -0.0156 -0.0245 0.8036 -10.5565 -3.8731 -0.7834 -10.5861 3.8239 -24.9277 12.7582 -13.3193 -54.8207 -15.4286 8.5901 0.5579 -0.6410 -31.5417 173.3853 -62.4488 178.4135 -14.1683 10.3773 13.1861 -60.0148 1.4874 1.5818 30.0490 9.1682 16.3505 38.0656 18.1491 18.0823 -0.7688 0.2843 40.1119 -13.5268 23.9685 -2.5205 16.5004 7.5283 -16.6928 50.7283 -3.4439 -5.6435 9.1744 -3.1350 7.5694 0.0241 1.7619 0.0269 -10.7338 3.0210 5.5944 1.6863 -0.5075 -2.1362 -8.8391 -3.0442 -6.5004 0.0482 1.8250 0.0556 10.1275 -0.8668 -6.1461 -1.4346 -1.5720 0.9899
-0.1939 99.3424 0.7214 -0.0429 0.8414 0.3201 -0.0254 -3.8853 -0.1357 -0.4885 -6.0147 -0.1194 -0.4866 12.8701 -2.1988 2.4466 5.9303 2.1262 -0.4380 -3.5618 1.0207 -1.4099 -0.0751 0.2877 0.0116 -0.0142 -0.0308 0.8116 -10.5556 -3.8830 -0.7890 -10.5888 3.8220 -25.0092 12.7221 -13.2652 -54.8501 -15.2822 8.5315 0.5892 -0.6322 -31.6727 173.3344 -62.8399 178.4958 -14.1929 10.3967 13.2245 -60.0454 1.4779 1.5761 30.2001 9.1380 16.2954 37.9400 18.2102 17.9525 -0.7052 0.2504 40.0863 -13.5072 24.0166 -2.4815 16.5276 7.5192 -16.6811 50.7748 -3.4511 -5.6421 9.1597 -3.1866 7.5550 0.0239 1.7695 0.0317 -10.7101 3.0142 5.6096 1.6854 -0.5330 -2.1414 -8.8414 -3.0816 -6.4714 0.0524 1.7911 0.0522 10.1965 -0.8578 -6.1737 -1.4333 -1.5867 0.9929
-0.1878 99.3487 0.6946 -0.0518 0.8734 0.2903 -0.0272 -3.9058 -0.1419 -0.4861 -6.0163 -0.1223 -0.4753 12.9106 -2.1837 2.4356 5.9338 2.1085 -0.4506 -3.5644 0.9945 -1.4087 -0.1724 0.2570 0.0123 -0.0148 -0.0330 0.8188 -10.5534 -3.8846 -0.7947 -10.5901 3.8188 -25.0988 12.6493 -13.2187 -54.8759 -15.0676 8.4890 0.6451 -0.6265 -31.8235 173.1101 -63.2860 178.7259 -14.1811 10.4581 13.2457 -60.1238 1.4894 1.5527 30.3072 9.1255 16.2486 37.8788 18.2757 17.9035 -0.7051 0.2384 40.0646 -13.4485 23.9374 -2.4001 16.5413 7.5194 -16.6570 50.8064 -3.4398 -5.6469 9.1461 -3.2186 7.5255 0.0285 1.7575 0.0375 -10.6741 3.0017 5.6376 1.6849 -0.5510 -2.1428 -8.8312 -3.1172 -6.4620 0.0590 1.7576 0.0531 10.2468 -0.8472 -6.2080 -1.4316 -1.5884 1.0005
-0.1992 99.3522 0.6448 -0.0633 0.8810 0.2612 -0.0337 -3.9159 -0.1516 -0.4855 -6.0181 -0.1259 -0.4613 12.9586 -2.1792 2.4433 5.9501 2.1008 -0.4600 -3.5636 0.9676 -1.3851 -0.2435 0.2390 0.0134 -0.0140 -0.0431 0.8234 -10.5535 -3.8939 -0.7973 -10.5888 3.8078 -25.1909 12.5704 -13.1847 -54.9139 -14.8556 8.5136 0.7102 -0.6238 -32.0092 172.8467 -63.5689 178.9701 -14.1580 10.5112 13.2451 -60.1910 1.5045 1.5495 30.3776 9.1090 16.2202 37.8772 18.3600 17.8952 -0.7396 0.2534 40.0514 -13.4295 23.7917 -2.3308 16.5213 7.5249 -16.6473 50.8265 -3.4402 -5.6590 9.1514 -3.2240 7.4802 0.0337 1.7429 0.0367 -10.6401 2.9758 5.6814 1.6829 -0.5660 -2.1394 -8.8172 -3.1298 -6.4702 0.0645 1.7286 0.0619 10.2773 -0.8481 -6.2469 -1.4312 -1.5695 1.0043
-0.1862 99.3458 0.6303 -0.0733 0.8825 0.2354 -0.0486 -3.9230 -0.1486 -0.4880 -6.0314 -0.1346 -0.4561 13.0289 -2.2028 2.4748 6.0032 2.1100 -0.4672 -3.5622 0.9498 -1.3813 -0.3479 0.2154 0.0147 -0.0133 -0.0552 0.8246 -10.5493 -3.9006 -0.7956 -10.5830 3.7897 -25.2621 12.5505 -13.1579 -54.9655 -14.7212 8.5340 0.7934 -0.6384 -32.1700 172.6715 -63.7659 179.0927 -14.1494 10.5314 13.2352 -60.2168 1.5003 1.5771 30.4188 9.1053 16.2291 37.9080 18.4244 17.9056 -0.7868 0.2732 40.0846 -13.4634 23.6611 -2.3585 16.4989 7.5267 -16.6374 50.8072 -3.4439 -5.6684 9.1556 -3.2122 7.4296 0.0363 1.7224 0.0361 -10.5957 2.9479 5.7555 1.6817 -0.5501 -2.1276 -8.8046 -3.1291 -6.4531 0.0649 1.7022 0.0660 10.2644 -0.8641 -6.2794 -1.4309 -1.5258 0.9958
-0.1960 99.3386 0.6106 -0.0753 0.8754 0.2262 -0.0611 -3.9330 -0.1704 -0.4927 -6.0444 -0.1457 -0.4517 13.1052 -2.2041 2.5093 6.1033 2.1046 -0.4698 -3.5675 0.9430 -1.3965 -0.4579 0.2219 0.0164 -0.0089 -0.0684 0.8228 -10.5481 -3.9112 -0.7902 -10.5772 3.7727 -25.3298 12.5518 -13.1490 -55.0085 -14.6590 8.5650 0.8539 -0.6753 -32.2631 172.6803 -63.8134 178.9880 -14.1637 10.5420 13.2612 -60.2724 1.5015 1.6226 30.4539 9.1201 16.2361 37.9288 18.4370 17.8844 -0.8221 0.2798 40.1530 -13.4909 23.5629 -2.3956 16.4801 7.5078 -16.6222 50.7626 -3.4462 -5.6700 9.1578 -3.1954 7.4042 0.0380 1.7059 0.0362 -10.5685 2.9327 5.8067 1.6818 -0.5201 -2.1181 -8.8006 -3.1173 -6.4231 0.0656 1.6825 0.0673 10.2414 -0.8750 -6.3049 -1.4305 -1.4773 0.9826
-0.1669 99.3407 0.6076 -0.0743 0.8687 0.1941 -0.0644 -3.9422 -0.1655 -0.4971 -6.0578 -0.1720 -0.4601 13.1750 -2.2095 2.5263 6.2414 2.0994 -0.4528 -3.5714 0.9278 -1.4241 -0.5928 0.2447 0.0178 -0.0041 -0.0724 0.8193 -10.5526 -3.9143 -0.7838 -10.5770 3.7664 -25.3646 12.5807 -13.1508 -55.0466 -14.6306 8.5731 0.8970 -0.7154 -32.2945 172.6945 -63.8215 178.8370 -14.1977 10.5229 13.2875 -60.2909 1.4841 1.6560 30.4796 9.1779 16.2688 37.9252 18.3443 17.7867 -0.8096 0.2607 40.2536 -13.5249 23.4675 -2.4257 16.4533 7.4965 -16.6183 50.6841 -3.4652 -5.6591 9.1512 -3.1753 7.4120 0.0344 1.6983 0.0277 -10.5458 2.8997 5.8389 1.6812 -0.4936 -2.1091 -8.8023 -3.1058 -6.3719 0.0642 1.6678 0.0757 10.2273 -0.8776 -6.3279 -1.4307 -1.4336 0.9798
-0.1281 99.3415 0.6039 -0.0709 0.8585 0.1480 -0.0587 -3.9476 -0.1529 -0.4997 -6.0580 -0.1919 -0.4713 13.2157 -2.1969 2.5325 6.3808 2.1064 -0.4392 -3.5707 0.9032 -1.4489 -0.7153 0.2638 0.0180 -0.0009 -0.0685 0.8149 -10.5506 -3.9110 -0.7788 -10.5706 3.7705 -25.3904 12.6001 -13.1542 -55.0520 -14.5772 8.5549 0.9219 -0.7228 -32.2626 172.7087 -63.8732 178.7203 -14.2027 10.5189 13.3296 -60.2632 1.4703 1.6638 30.4909 9.2483 16.2703 37.9343 18.1387 17.6341 -0.7289 0.2276 40.3001 -13.5310 23.3702 -2.3930 16.4273 7.4740 -16.6023 50.6423 -3.4688 -5.6570 9.1466 -3.1493 7.4665 0.0323 1.6818 0.0160 -10.5460 2.8685 5.8672 1.6804 -0.4851 -2.1041 -8.8185 -3.0981 -6.3030 0.0593 1.6582 0.0719 10.2289 -0.8630 -6.3675 -1.4324 -1.3946 0.9857
-0.1086 99.3453 0.6282 -0.0603 0.8398 0.0690 -0.0477 -3.9439 -0.1389 -0.5023 -6.0607 -0.2024 -0.4907 13.2513 -2.1891 2.5259 6.4818 2.0937 -0.4282 -3.5741 0.8912 -1.4575 -0.8065 0.2949 0.0167 0.0013 -0.0564 0.8104 -10.5518 -3.8988 -0.7768 -10.5689 3.7822 -25.4081 12.6219 -13.1606 -55.0607 -14.5405 8.5598 0.9243 -0.7130 -32.2031 172.7010 -63.9173 178.6483 -14.1959 10.5262 13.3783 -60.2619 1.4533 1.6625 30.4800 9.3184 16.2678 37.9640 17.9680 17.5112 -0.6532 0.1920 40.3135 -13.5308 23.2656 -2.3516 16.4014 7.4746 -16.6016 50.6162 -3.4672 -5.6609 9.1336 -3.0969 7.5377 0.0256 1.6558 0.0100 -10.5550 2.8326 5.8827 1.6799 -0.4957 -2.1053 -8.8481 -3.0885 -6.2532 0.0594 1.6435 0.0659 10.2734 -0.8283 -6.3904 -1.4340 -1.3853 0.9896
-0.0824 99.3515 0.6541 -0.0458 0.8170 0.0008 -0.0336 -3.9400 -0.1312 -0.5079 -6.0583 -0.1949 -0.5167 13.2832 -2.1954 2.5181 6.5377 2.0858 -0.4123 -3.5866 0.8574 -1.4482 -0.9191 0.3343 0.0155 0.0019 -0.0463 0.8093 -10.5654 -3.8902 -0.7784 -10.5798 3.7946 -25.4045 12.6279 -13.1640 -55.0807 -14.5205 8.6192 0.8762 -0.6873 -32.1290 172.6035 -63.9109 178.6703 -14.1503 10.5597 13.4026 -60.2820 1.4496 1.6759 30.4387 9.3671 16.2512 38.0239 17.8515 17.4510 -0.5745 0.1673 40.2849 -13.5526 23.1401 -2.3251 16.3470 7.4988 -16.6114 50.6447 -3.4474 -5.6603 9.1068 -3.0378 7.5911 0.0278 1.6358 0.0167 -10.5666 2.7973 5.9017 1.6784 -0.5181 -2.1103 -8.8847 -3.0905 -6.2236 0.0582 1.6597 0.0586 10.3362 -0.8013 -6.4235 -1.4355 -1.3933 0.9897
-0.0659 99.3523 0.6538 -0.0235 0.7891 -0.0528 -0.0295 -3.9268 -0.1326 -0.5089 -6.0569 -0.1721 -0.5365 13.3021 -2.2109 2.5086 6.5473 2.0779 -0.4167 -3.5901 0.8168 -1.4035 -1.0470 0.3689 0.0151 0.0010 -0.0397 0.8122 -10.5780 -3.8849 -0.7822 -10.5906 3.8035 -25.4109 12.6033 -13.1655 -55.1324 -14.5441 8.7552 0.8018 -0.6652 -32.0313 172.4724 -63.8140 178.6938 -14.0815 10.6014 13.4327 -60.2817 1.4534 1.7241 30.3758 9.4075 16.2180 38.1440 17.8072 17.4616 -0.5471 0.1923 40.2240 -13.5737 23.0590 -2.3112 16.2813 7.5290 -16.6114 50.6591 -3.4123 -5.6621 9.0671 -2.9693 7.6096 0.0336 1.6172 0.0198 -10.5530 2.7792 5.9413 1.6795 -0.5551 -2.1214 -8.9266 -3.0785 -6.2093 0.0581 1.6687 0.0524 10.4237 -0.7727 -6.4370 -1.4355 -1.4317 0.9807
-0.0319 99.3432 0.6786 -0.0038 0.7617 -0.0687 -0.0346 -3.9169 -0.1399 -0.5013 -6.0618 -0.1551 -0.5544 13.3334 -2.2175 2.5022 6.5366 2.0577 -0.4325 -3.6021 0.7972 -1.3511 -1.1990 0.3877 0.0155 -0.0004 -0.0428 0.8147 -10.5975 -3.8886 -0.7840 -10.6063 3.8015 -25.3858 12.5707 -13.1453 -55.2001 -14.5566 8.8676 0.7558 -0.6764 -31.9572 172.4156 -63.6700 178.5929 -14.0500 10.6072 13.4541 -60.3014 1.4511 1.7853 30.3269 9.4611 16.1806 38.2602 17.7876 17.4880 -0.5441 0.1977 40.2001 -13.6010 23.0460 -2.3544 16.2443 7.5620 -16.5957 50.7158 -3.3816 -5.6339 9.0337 -2.9109 7.5822 0.0400 1.6098 0.0261 -10.5455 2.7957 6.0199 1.6789 -0.5814 -2.1254 -8.9696 -3.0609 -6.2110 0.0551 1.6805 0.0507 10.4940 -0.7414 -6.4668 -1.4338 -1.4651 0.9714
-0.0088 99.3541 0.6765 0.0177 0.7443 -0.0610 -0.0520 -3.9065 -0.1402 -0.4880 -6.0758 -0.1574 -0.5614 13.3728 -2.2181 2.4771 6.5089 2.0082 -0.4571 -3.6086 0.8299 -1.2977 -1.3600 0.3771 0.0169 -0.0009 -0.0511 0.8195 -10.6105 -3.8959 -0.7858 -10.6163 3.7924 -25.3205 12.5174 -13.1239 -55.3111 -14.5185 8.9229 0.7720 -0.6902 -31.8771 172.3557 -63.6000 178.4891 -14.0655 10.6031 13.4892 -60.2522 1.4446 1.8294 30.2853 9.5307 16.1381 38.3471 17.7648 17.5087 -0.5393 0.1916 40.2122 -13.6133 23.0128 -2.4066 16.2158 7.5992 -16.5895 50.7546 -3.3599 -5.5730 8.9978 -2.8708 7.5043 0.0380 1.6127 0.0173 -10.5493 2.8352 6.0992 1.6780 -0.5849 -2.1306 -9.0030 -3.0375 -6.2173 0.0533 1.6919 0.0633 10.5511 -0.7107 -6.5076 -1.4307 -1.4708 0.9730
0.0020 99.3551 0.6801 0.0391 0.7541 -0.0339 -0.0648 -3.9149 -0.1404 -0.4824 -6.0920 -0.1489 -0.5830 13.4000 -2.2330 2.4605 6.4817 1.9688 -0.4749 -3.6202 0.8397 -1.2821 -1.4958 0.3519 0.0170 0.0005 -0.0593 0.8184 -10.6107 -3.9038 -0.7845 -10.6127 3.7837 -25.2360 12.4501 -13.1061 -55.3902 -14.4377 8.9150 0.8316 -0.7121 -31.7587 172.5284 -63.6549 178.1673 -14.1208 10.5565 13.5063 -60.1978 1.4273 1.8265 30.2755 9.5908 16.0758 38.4231 17.7483 17.5378 -0.5277 0.1724 40.1943 -13.6365 23.0018 -2.4170 16.2533 7.6168 -16.6006 50.8045 -3.3714 -5.5340 8.9756 -2.8600 7.4068 0.0324 1.6007 0.0212 -10.5752 2.9047 6.1633 1.6772 -0.5723 -2.1349 -9.0375 -3.0350 -6.2423 0.0535 1.6882 0.0790 10.5870 -0.6748 -6.5418 -1.4270 -1.4446 0.9713
0.0066 99.3696 0.7034 0.0491 0.7858 -0.0259 -0.0603 -3.9212 -0.1385 -0.4866 -6.1118 -0.1501 -0.5966 13.4087 -2.2278 2.4199 6.4493 1.9586 -0.4676 -3.6242 0.8384 -1.3117 -1.5936 0.3197 0.0168 0.0018 -0.0650 0.8141 -10.6095 -3.9110 -0.7805 -10.6092 3.7791 -25.1559 12.3822 -13.1074 -55.4151 -14.2910 8.8178 0.9278 -0.7408 -31.6425 172.7991 -63.7926 177.8085 -14.1675 10.5370 13.5102 -60.2010 1.4023 1.7790 30.2494 9.6184 16.0018 38.4997 17.7016 17.5694 -0.4775 0.1390 40.1131 -13.7083 22.9551 -2.3668 16.2888 7.6052 -16.6195 50.8324 -3.4071 -5.5410 8.9592 -2.8715 7.3616 0.0252 1.5770 0.0193 -10.5940 2.9506 6.2003 1.6758 -0.5506 -2.1391 -9.0498 -3.0570 -6.2293 0.0597 1.6919 0.0845 10.6160 -0.6340 -6.5735 -1.4251 -1.3987 0.9723
-0.0049 99.3871 0.6942 0.0605 0.8205 -0.0423 -0.0503 -3.9186 -0.1404 -0.4939 -6.1220 -0.1561 -0.6075 13.3757 -2.1863 2.3542 6.4095 1.9788 -0.4504 -3.6130 0.8125 -1.3255 -1.5868 0.2508 0.0144 0.0016 -0.0523 0.8067 -10.5875 -3.8996 -0.7779 -10.5860 3.7924 -25.1205 12.2920 -13.1286 -55.3858 -14.1098 8.7311 1.0138 -0.7457 -31.5307 173.0946 -63.7374 177.4139 -14.1963 10.5101 13.4805 -60.2368 1.3706 1.7275 30.2027 9.6406 15.9427 38.6528 17.6563 17.6432 -0.4958 0.1370 39.9610 -13.7935 22.8328 -2.2485 16.3418 7.5752 -16.6449 50.8854 -3.4433 -5.6049 8.9446 -2.8934 7.3817 0.0210 1.5472 0.0127 -10.6202 2.9302 6.2181 1.6758 -0.5402 -2.1416 -9.0543 -3.0973 -6.1810 0.0635 1.7023 0.0797 10.6527 -0.5911 -6.6114 -1.4253 -1.3442 0.9747
-0.0414 99.4102 0.6916 0.0715 0.8376 -0.0937 -0.0374 -3.9008 -0.1327 -0.4988 -6.1259 -0.1570 -0.6286 13.3332 -2.1575 2.2902 6.3675 1.9948 -0.4389 -3.6096 0.8461 -1.3195 -1.4700 0.1036 0.0111 0.0004 -0.0291 0.7989 -10.5757 -3.8773 -0.7766 -10.5710 3.8170 -25.0952 12.1914 -13.1427 -55.3405 -13.8831 8.6625 1.0692 -0.7342 -31.5098 173.2658 -63.3438 177.0905 -14.2084 10.4893 13.4324 -60.3197 1.3613 1.7263 30.1042 9.6739 15.9338 38.9099 17.7212 17.8404 -0.6303 0.1386 39.8629 -13.8748 22.5844 -2.1653 16.3883 7.5592 -16.6693 50.9362 -3.4719 -5.6741 8.9304 -2.9067 7.4450 0.0177 1.5354 0.0050 -10.6380 2.8647 6.2491 1.6758 -0.5280 -2.1395 -9.0487 -3.1396 -6.1163 0.0619 1.7309 0.0684 10.6638 -0.5636 -6.6672 -1.4269 -1.2990 0.9827
-0.0731 99.4368 0.6854 0.0826 0.8636 -0.1172 -0.0404 -3.9056 -0.1182 -0.5051 -6.1205 -0.1582 -0.6235 13.2811 -2.1508 2.2411 6.3548 2.0276 -0.4561 -3.6159 0.8885 -1.3422 -1.2755 -0.0691 0.0083 0.0019 -0.0232 0.7891 -10.5606 -3.8709 -0.7725 -10.5527 3.8233 -25.1101 12.0533 -13.1472 -55.2375 -13.6474 8.5804 1.1240 -0.6968 -31.5360 173.2788 -62.7894 177.0297 -14.2035 10.5071 13.4139 -60.4013 1.4171 1.7463 30.0461 9.6424 15.9543 39.1498 17.9291 18.0175 -0.8170 0.1527 39.8390 -13.8918 22.2411 -2.1197 16.4515 7.5919 -16.6811 50.9853 -3.4703 -5.7308 8.9109 -2.9417 7.5377 0.0162 1.5170 0.0127 -10.6288 2.8366 6.2561 1.6753 -0.4974 -2.1290 -9.0456 -3.1907 -6.0543 0.0639 1.7643 0.0487 10.6165 -0.5615 -6.7221 -1.4299 -1.3063 0.9798
