HIERARCHY
ROOT Hips
{
	OFFSET 0.0000 0.0000 0.0000
	CHANNELS 6 Xposition Yposition Zposition Zrotation Xrotation Yrotation
	JOINT Spine1
	{
		OFFSET -0.0137 5.0038 -0.0537
		CHANNELS 3 Zrotation Xrotation Yrotation
		JOINT Spine2
		{
			OFFSET -0.0000 7.1253 -0.0298
			CHANNELS 3 Zrotation Xrotation Yrotation
			JOINT Chest
			{
				OFFSET -0.0000 7.5501 -0.8160
				CHANNELS 3 Zrotation Xrotation Yrotation
				JOINT Neck1
				{
					OFFSET -0.1817 26.3113 -0.5533
					CHANNELS 3 Zrotation Xrotation Yrotation
					JOINT Neck2
					{
						OFFSET -0.0000 7.7094 2.3026
						CHANNELS 3 Zrotation Xrotation Yrotation
						JOINT Head
						{
							OFFSET -0.0000 6.1289 1.9537
							CHANNELS 3 Zrotation Xrotation Yrotation
							JOINT Jaw
							{
								OFFSET 0.0026 0.4756 3.0949
								CHANNELS 3 Zrotation Xrotation Yrotation
								End Site
								{
									OFFSET 0.0 1.0 0.0
								}
							}
							JOINT LeftEye
							{
								OFFSET 3.2064 5.3802 7.5869
								CHANNELS 3 Zrotation Xrotation Yrotation
								End Site
								{
									OFFSET 0.0 1.0 0.0
								}
							}
							JOINT RightEye
							{
								OFFSET -3.2224 5.3619 7.5582
								CHANNELS 3 Zrotation Xrotation Yrotation
								End Site
								{
									OFFSET 0.0 1.0 0.0
								}
							}
						}
					}
				}
				JOINT LeftShoulder
				{
					OFFSET 1.6217 23.2372 5.1134
					CHANNELS 3 Zrotation Xrotation Yrotation
					JOINT LeftArm
					{
						OFFSET 14.9198 0.0000 -5.5023
						CHANNELS 3 Zrotation Xrotation Yrotation
						JOINT LeftForeArm
						{
							OFFSET 28.7393 0.0000 -0.0026
							CHANNELS 3 Zrotation Xrotation Yrotation
							JOINT LeftHand
							{
								OFFSET 27.0940 -0.0000 0.0026
								CHANNELS 3 Zrotation Xrotation Yrotation
								JOINT LeftHandThumbEnd
								{
									OFFSET 12.2686 -3.2202 4.8331
									CHANNELS 3 Zrotation Xrotation Yrotation
									End Site
									{
										OFFSET 0.0 1.0 0.0
									}
								}
								JOINT LeftHandMiddleEnd
								{
									OFFSET 19.0120 -0.3129 -0.0340
									CHANNELS 3 Zrotation Xrotation Yrotation
									End Site
									{
										OFFSET 0.0 1.0 0.0
									}
								}
							}
						}
					}
				}
				JOINT RightShoulder
				{
					OFFSET -1.3801 23.1803 5.2142
					CHANNELS 3 Zrotation Xrotation Yrotation
					JOINT RightArm
					{
						OFFSET -15.0372 0.0000 -5.5456
						CHANNELS 3 Zrotation Xrotation Yrotation
						JOINT RightForeArm
						{
							OFFSET -28.7366 0.0000 -0.0026
							CHANNELS 3 Zrotation Xrotation Yrotation
							JOINT RightHand
							{
								OFFSET -27.1336 -0.0000 0.0026
								CHANNELS 3 Zrotation Xrotation Yrotation
								JOINT RightHandThumbEnd
								{
									OFFSET -12.2642 -3.2115 4.8040
									CHANNELS 3 Zrotation Xrotation Yrotation
									End Site
									{
										OFFSET 0.0 1.0 0.0
									}
								}
								JOINT RightHandMiddleEnd
								{
									OFFSET -19.0006 -0.3066 -0.0316
									CHANNELS 3 Zrotation Xrotation Yrotation
									End Site
									{
										OFFSET 0.0 1.0 0.0
									}
								}
							}
						}
					}
				}
			}
		}
	}
	JOINT LeftLeg
	{
		OFFSET 10.0432 -8.4345 2.5957
		CHANNELS 3 Zrotation Xrotation Yrotation
		JOINT LeftShin
		{
			OFFSET -0.0000 -43.2218 -0.8029
			CHANNELS 3 Zrotation Xrotation Yrotation
			JOINT LeftFoot
			{
				OFFSET 0.0000 -42.1551 -3.4815
				CHANNELS 3 Zrotation Xrotation Yrotation
				JOINT LeftToeBase
				{
					OFFSET 0.0000 -5.0595 13.2315
					CHANNELS 3 Zrotation Xrotation Yrotation
					End Site
					{
						OFFSET 0.0 1.0 0.0
					}
				}
			}
		}
	}
	JOINT RightLeg
	{
		OFFSET -10.0473 -8.2953 2.6203
		CHANNELS 3 Zrotation Xrotation Yrotation
		JOINT RightShin
		{
			OFFSET 0.0000 -43.3622 -0.8056
			CHANNELS 3 Zrotation Xrotation Yrotation
			JOINT RightFoot
			{
				OFFSET 0.0000 -42.1174 -3.4784
				CHANNELS 3 Zrotation Xrotation Yrotation
				JOINT RightToeBase
				{
					OFFSET -0.0000 -5.0796 13.2842
					CHANNELS 3 Zrotation Xrotation Yrotation
					End Site
					{
						OFFSET 0.0 1.0 0.0
					}
				}
			}
		}
	}
}
MOTION
Frames: 300
Frame Time: 0.033333
1.3093 98.5638 -0.0812 1.8091 -5.5856 -0.6599 -2.1687 0.4709 0.2331 -0.7242 -4.6134 0.6169 -1.0634 11.0797 -1.6850 -7.9625 -1.1572 5.4284 -1.0391 -3.8160 -1.4680 -2.0629 -15.1433 -1.5420 0.0850 0.0413 -0.0714 0.6719 -10.6504 -3.9927 -0.5100 -10.6466 3.8258 -8.9262 13.9615 -6.1927 -64.7988 5.3945 -20.8082 -0.1202 0.1772 -36.1694 12.2710 4.1323 2.5197 -15.5466 10.8820 15.8301 -60.5425 1.9046 2.1068 14.6891 10.4291 16.8018 50.9851 -38.6658 -24.3725 2.2669 0.6441 59.6152 -43.9013 -49.0054 20.7737 14.9002 7.3341 -15.2152 49.3622 -3.0227 -4.9694 6.6462 0.0045 18.5622 -0.0724 12.3499 -0.3390 -8.7211 -7.0609 -2.0037 1.6242 -0.3986 -2.2031 -13.8654 -6.3238 -27.7696 0.1803 16.5892 0.3706 9.5819 -7.8913 4.1177 -1.4133 -0.4138 0.8648
1.1341 98.5826 -0.0691 1.7135 -5.4149 -0.7265 -2.1251 0.5182 0.1838 -0.6906 -4.6179 0.6245 -0.8906 11.0859 -1.7394 -7.9798 -1.1905 5.4352 -1.0333 -3.8188 -1.4016 -2.2804 -15.3404 -1.3467 0.0872 0.0391 -0.0590 0.6727 -10.6214 -3.9741 -0.5063 -10.6264 3.8311 -8.6870 14.0553 -6.1124 -65.0858 5.3217 -20.6692 -0.2405 0.0871 -36.3316 12.3536 4.5227 2.3174 -15.5088 10.8735 15.7927 -60.5149 1.9298 1.9702 14.9305 10.4883 16.6701 50.7925 -38.5161 -24.2469 1.9664 0.6003 59.3279 -43.6320 -48.6384 20.8505 14.9252 7.3697 -15.2985 49.6182 -3.0312 -4.9711 6.8085 -0.1882 18.5953 -0.0903 12.2732 -0.3803 -8.9064 -6.9872 -1.9667 1.6289 -0.4605 -2.2269 -13.5751 -6.3514 -27.7130 0.1671 16.5048 0.3517 9.4429 -7.9380 4.0586 -1.4191 -0.3375 0.8493
0.9454 98.5859 -0.1061 1.6313 -5.2170 -0.7522 -2.0713 0.5746 0.1450 -0.6812 -4.6313 0.5870 -0.6968 11.1549 -1.7794 -8.0199 -1.2798 5.4723 -1.0054 -3.8447 -1.3867 -2.5388 -15.5115 -1.1595 0.0858 0.0366 -0.0655 0.6660 -10.6228 -3.9763 -0.5021 -10.6275 3.8202 -8.4196 14.1224 -6.0560 -65.4232 5.3367 -20.4957 -0.3335 -0.0010 -36.6478 12.3709 4.6953 2.1805 -15.5240 10.8857 15.8223 -60.5137 1.9420 1.9718 15.1585 10.4969 16.5558 50.5406 -38.3976 -24.2210 1.7606 0.5905 59.0731 -43.5974 -48.3492 21.0038 14.9422 7.3306 -15.3613 49.7168 -3.0828 -4.9811 6.9556 -0.5011 18.6498 -0.1008 12.3245 -0.4013 -9.0073 -6.9343 -2.0711 1.6338 -0.4958 -2.2144 -13.2915 -6.4964 -27.6894 0.1536 16.5776 0.3142 9.3228 -8.0300 4.0277 -1.4222 -0.2510 0.8439
0.7411 98.5844 -0.1608 1.5748 -5.0045 -0.7632 -2.0152 0.6594 0.1183 -0.6780 -4.6480 0.5386 -0.4932 11.2519 -1.8262 -8.1077 -1.3755 5.5268 -0.9944 -3.8773 -1.3942 -2.7833 -15.7559 -0.9937 0.0811 0.0356 -0.0750 0.6598 -10.6450 -3.9836 -0.5051 -10.6433 3.8091 -8.1896 14.2041 -6.0159 -65.7354 5.3806 -20.3775 -0.3901 -0.0605 -36.9807 12.3996 4.8720 2.1029 -15.5483 10.8871 15.8441 -60.5621 1.9495 1.9621 15.3723 10.5220 16.4435 50.2371 -38.2825 -24.2093 1.6426 0.5775 58.8907 -43.8983 -48.1890 21.3661 14.9817 7.2468 -15.3669 49.7374 -3.1500 -5.0039 7.0708 -0.8631 18.7192 -0.1034 12.4034 -0.4009 -9.0991 -6.8595 -2.2146 1.6351 -0.5220 -2.1942 -13.0177 -6.7315 -27.6826 0.1315 16.7701 0.2664 9.1912 -8.1608 4.0468 -1.4243 -0.1871 0.8320
0.5632 98.5795 -0.2232 1.5487 -4.8010 -0.7613 -1.9547 0.7673 0.1158 -0.6703 -4.6623 0.4548 -0.3020 11.3600 -1.8581 -8.1976 -1.4464 5.5583 -0.9961 -3.8885 -1.3863 -3.0380 -16.1011 -0.8458 0.0763 0.0387 -0.0739 0.6568 -10.6579 -3.9788 -0.5124 -10.6535 3.8082 -7.9781 14.2753 -5.9838 -66.0384 5.3979 -20.3013 -0.4432 -0.0845 -37.1775 12.4167 5.0073 2.0784 -15.5252 10.8793 15.8368 -60.5377 1.9501 1.9132 15.5027 10.5318 16.3212 49.9379 -38.1220 -24.1428 1.4959 0.6014 58.6974 -44.4633 -48.3959 22.0111 14.9923 7.1803 -15.3577 49.7057 -3.2070 -5.0144 7.1487 -1.2044 18.7736 -0.1031 12.4559 -0.3960 -9.1788 -6.7700 -2.3137 1.6322 -0.5321 -2.1864 -12.7842 -7.0237 -27.7303 0.1167 17.0345 0.2235 9.0851 -8.3100 4.1054 -1.4254 -0.1468 0.8294
0.3932 98.5519 -0.2768 1.5533 -4.6170 -0.7398 -1.8989 0.8771 0.0886 -0.6473 -4.6526 0.4023 -0.1394 11.4329 -1.9163 -8.2494 -1.4461 5.5742 -1.0274 -3.8854 -1.3765 -3.2477 -16.3969 -0.6835 0.0705 0.0482 -0.0727 0.6509 -10.6451 -3.9707 -0.5177 -10.6398 3.8024 -7.7953 14.3427 -5.9507 -66.3250 5.3989 -20.3515 -0.4587 -0.0943 -37.1727 12.3735 5.1705 2.1050 -15.5392 10.9041 15.8307 -60.6138 1.9765 1.8425 15.5692 10.5423 16.2215 49.6751 -38.0022 -24.0428 1.3496 0.6031 58.4761 -44.9474 -48.6855 22.5920 14.9756 7.1718 -15.3677 49.6890 -3.2163 -5.0291 7.1903 -1.4995 18.8007 -0.0982 12.4905 -0.3757 -9.2385 -6.6759 -2.4226 1.6312 -0.5289 -2.1794 -12.5905 -7.3582 -27.8466 0.1171 17.3497 0.2292 8.9868 -8.4592 4.1779 -1.4235 -0.1043 0.8210
0.2174 98.5361 -0.3382 1.5878 -4.4629 -0.7168 -1.8394 0.9843 0.0745 -0.6225 -4.6384 0.3336 -0.0044 11.4920 -1.9669 -8.2727 -1.3801 5.5531 -1.0443 -3.8729 -1.3124 -3.4420 -16.5999 -0.5276 0.0685 0.0564 -0.0703 0.6505 -10.6423 -3.9666 -0.5215 -10.6340 3.8037 -7.6577 14.3855 -5.9297 -66.5975 5.4327 -20.4831 -0.4150 -0.0824 -37.0538 12.2787 5.2882 2.1828 -15.5482 10.9215 15.8036 -60.6968 2.0179 1.7794 15.5999 10.5205 16.1592 49.4678 -37.9128 -23.9713 1.2746 0.5829 58.1993 -45.2852 -48.9604 23.0548 14.9415 7.1746 -15.3837 49.6275 -3.2204 -5.0069 7.2134 -1.7463 18.8169 -0.0980 12.5166 -0.3575 -9.3150 -6.5963 -2.5086 1.6300 -0.5294 -2.1752 -12.4459 -7.6908 -27.9617 0.1196 17.7085 0.2358 8.8929 -8.6445 4.2610 -1.4227 -0.1084 0.8171
0.0535 98.5148 -0.3628 1.6366 -4.3308 -0.6798 -1.7682 1.0790 0.0576 -0.5947 -4.6262 0.2822 0.1163 11.5223 -2.0173 -8.2659 -1.2400 5.5276 -1.0646 -3.8545 -1.2809 -3.6141 -16.7530 -0.3964 0.0665 0.0632 -0.0677 0.6491 -10.6389 -3.9628 -0.5237 -10.6305 3.8056 -7.5638 14.4200 -5.9242 -66.8108 5.4190 -20.5974 -0.4038 -0.0987 -36.8427 12.1890 5.2872 2.2149 -15.5400 10.9423 15.7904 -60.7514 2.0801 1.7494 15.6147 10.5259 16.1320 49.3763 -37.9761 -24.0199 1.2743 0.5347 57.8618 -45.4063 -49.1697 23.3144 14.9323 7.1738 -15.4027 49.5518 -3.2017 -4.9765 7.2263 -1.9531 18.8208 -0.1054 12.5357 -0.3542 -9.3982 -6.5133 -2.5892 1.6315 -0.5239 -2.1752 -12.3276 -8.0143 -28.0899 0.1234 18.0795 0.2527 8.7789 -8.8446 4.3770 -1.4203 -0.1174 0.7981
-0.1167 98.4935 -0.4179 1.6859 -4.2221 -0.6181 -1.6872 1.1419 0.0394 -0.5749 -4.6031 0.2363 0.2410 11.5436 -2.0474 -8.2018 -1.0564 5.5116 -1.0776 -3.8340 -1.2585 -3.7730 -16.7830 -0.3099 0.0667 0.0697 -0.0566 0.6482 -10.6370 -3.9509 -0.5222 -10.6270 3.8161 -7.5266 14.4374 -5.9288 -66.9563 5.3709 -20.6580 -0.3991 -0.1249 -36.6117 12.1536 5.3006 2.1868 -15.5256 10.9488 15.7891 -60.7557 2.1305 1.7532 15.6279 10.5149 16.1368 49.3163 -38.1021 -24.0465 1.2233 0.5034 57.4312 -45.3320 -49.3580 23.4088 14.9034 7.2012 -15.4231 49.4810 -3.1809 -4.9460 7.2445 -2.1312 18.8153 -0.1131 12.5592 -0.3588 -9.4875 -6.4566 -2.6433 1.6343 -0.5032 -2.1780 -12.2355 -8.2973 -28.1706 0.1271 18.4559 0.2507 8.6564 -9.0654 4.4720 -1.4191 -0.1104 0.7753
-0.2869 98.4764 -0.4231 1.7381 -4.1265 -0.5358 -1.6122 1.1815 0.0171 -0.5605 -4.5877 0.1833 0.3662 11.5530 -2.0654 -8.0981 -0.8552 5.4834 -1.0922 -3.8125 -1.2297 -3.9022 -16.7220 -0.2814 0.0656 0.0725 -0.0489 0.6473 -10.6303 -3.9401 -0.5232 -10.6220 3.8212 -7.4984 14.4582 -5.9200 -67.0454 5.2634 -20.7169 -0.4047 -0.1660 -36.3621 12.1620 5.3802 2.1440 -15.5539 10.9655 15.8067 -60.7666 2.1647 1.7732 15.6265 10.4864 16.1451 49.3159 -38.3007 -24.0795 1.2197 0.4874 56.9795 -45.2212 -49.4938 23.4067 14.8371 7.2284 -15.4208 49.4242 -3.1575 -4.9164 7.2493 -2.2896 18.7792 -0.1193 12.5837 -0.3661 -9.5430 -6.4200 -2.6828 1.6378 -0.4887 -2.1773 -12.1518 -8.5470 -28.2401 0.1264 18.8157 0.2438 8.5401 -9.2939 4.5239 -1.4202 -0.0901 0.7549
-0.4364 98.4481 -0.4560 1.7971 -4.0551 -0.4415 -1.5351 1.2083 0.0066 -0.5518 -4.5678 0.1226 0.4985 11.5629 -2.0747 -7.9695 -0.6568 5.4387 -1.1017 -3.7863 -1.1883 -4.0323 -16.6171 -0.2661 0.0622 0.0767 -0.0473 0.6443 -10.6207 -3.9371 -0.5267 -10.6127 3.8235 -7.4782 14.4819 -5.9103 -67.1009 5.1379 -20.8083 -0.3875 -0.1688 -36.1832 12.1510 5.4094 2.1126 -15.5952 10.9708 15.8314 -60.7793 2.1771 1.7971 15.6144 10.4176 16.1442 49.3756 -38.5304 -24.1376 1.2668 0.4739 56.6036 -45.1247 -49.5637 23.3875 14.8019 7.2483 -15.4152 49.3957 -3.1671 -4.9007 7.2589 -2.4241 18.7488 -0.1229 12.6212 -0.3675 -9.5924 -6.3941 -2.7554 1.6407 -0.4738 -2.1781 -12.0917 -8.7648 -28.3180 0.1261 19.1633 0.2538 8.4268 -9.5204 4.5285 -1.4216 -0.0430 0.7451
-0.5950 98.4246 -0.4659 1.8591 -3.9994 -0.3056 -1.4660 1.2168 -0.0151 -0.5397 -4.5560 0.0892 0.6396 11.5770 -2.0899 -7.8301 -0.4200 5.3944 -1.1184 -3.7691 -1.2073 -4.1326 -16.4829 -0.2019 0.0591 0.0788 -0.0484 0.6427 -10.6127 -3.9389 -0.5308 -10.6043 3.8228 -7.4479 14.5164 -5.9189 -67.1261 5.0026 -20.9583 -0.3242 -0.1587 -36.0586 12.1323 5.3325 2.0767 -15.6345 10.9797 15.8613 -60.7998 2.1723 1.8148 15.6280 10.3562 16.1353 49.4364 -38.7757 -24.1745 1.2978 0.4568 56.3788 -45.0543 -49.5775 23.3717 14.7735 7.2496 -15.3804 49.3464 -3.1506 -4.9006 7.2585 -2.5514 18.6799 -0.1239 12.6844 -0.3584 -9.6332 -6.3688 -2.8130 1.6417 -0.4897 -2.1842 -12.0578 -8.9703 -28.4319 0.1327 19.5237 0.2650 8.3144 -9.7362 4.5515 -1.4205 -0.0357 0.7338
-0.7686 98.3935 -0.4757 1.9220 -3.9687 -0.1901 -1.4016 1.2162 -0.0120 -0.5300 -4.5360 0.0509 0.7806 11.5848 -2.1088 -7.6690 -0.1706 5.3461 -1.1195 -3.7615 -1.2228 -4.2305 -16.3302 -0.1466 0.0568 0.0786 -0.0498 0.6410 -10.6126 -3.9430 -0.5336 -10.6013 3.8250 -7.3951 14.5408 -5.9336 -67.1547 4.8670 -21.1260 -0.2620 -0.1494 -36.0020 12.1283 5.2619 2.0650 -15.6578 10.9985 15.8888 -60.8336 2.1874 1.8391 15.6475 10.3200 16.1355 49.5005 -39.0598 -24.1798 1.3814 0.4464 56.2215 -44.9342 -49.4442 23.2738 14.7690 7.2192 -15.3351 49.3312 -3.1694 -4.8877 7.2560 -2.6436 18.6007 -0.1231 12.7462 -0.3497 -9.6872 -6.3620 -2.8529 1.6421 -0.5259 -2.1939 -12.0409 -9.1259 -28.5126 0.1318 19.8420 0.2735 8.2048 -9.9586 4.5477 -1.4192 -0.0523 0.7304
-0.9122 98.3683 -0.4668 1.9772 -3.9600 -0.0617 -1.3474 1.2034 -0.0055 -0.5166 -4.5204 0.0221 0.9371 11.6132 -2.1298 -7.4879 0.0651 5.2852 -1.1081 -3.7601 -1.2346 -4.3203 -16.1239 -0.0798 0.0588 0.0754 -0.0492 0.6429 -10.6145 -3.9457 -0.5310 -10.6010 3.8281 -7.3167 14.5526 -5.9745 -67.1649 4.7364 -21.3469 -0.1824 -0.1377 -36.0053 12.1447 5.2047 2.0974 -15.7039 10.9942 15.9100 -60.8553 2.1810 1.8676 15.6896 10.2713 16.1370 49.5029 -39.3335 -24.1070 1.4572 0.4396 56.1302 -44.7667 -49.2433 23.0973 14.7514 7.2117 -15.2988 49.3162 -3.1580 -4.8859 7.2661 -2.7170 18.5328 -0.1215 12.8105 -0.3431 -9.7429 -6.3534 -2.8930 1.6409 -0.5594 -2.2068 -12.0374 -9.2258 -28.5698 0.1365 20.0986 0.2853 8.1139 -10.1425 4.5122 -1.4192 -0.0933 0.7385
-1.0496 98.3396 -0.4590 2.0193 -3.9630 0.0549 -1.2934 1.1901 0.0111 -0.5072 -4.5214 -0.0236 1.1035 11.6387 -2.1288 -7.3105 0.2925 5.1963 -1.0675 -3.7463 -1.2032 -4.3894 -15.8861 -0.0366 0.0637 0.0708 -0.0412 0.6481 -10.6165 -3.9424 -0.5257 -10.6032 3.8407 -7.1889 14.5256 -6.0223 -67.2038 4.6365 -21.6200 -0.1187 -0.1375 -36.0791 12.2117 5.2300 2.1816 -15.7365 10.9824 15.9075 -60.9019 2.1744 1.8891 15.7634 10.2289 16.1619 49.4729 -39.6083 -24.0101 1.5347 0.4243 56.1163 -44.4862 -49.0214 22.8035 14.7678 7.2204 -15.2564 49.3402 -3.1592 -4.8651 7.2878 -2.7784 18.4879 -0.1249 12.8785 -0.3524 -9.8129 -6.3500 -2.9614 1.6384 -0.5792 -2.2176 -12.0305 -9.2952 -28.6281 0.1389 20.3153 0.2847 8.0251 -10.3200 4.4723 -1.4193 -0.1252 0.7508
-1.1597 98.3175 -0.4491 2.0524 -3.9581 0.1520 -1.2566 1.1783 -0.0226 -0.4923 -4.5279 -0.0402 1.2757 11.6388 -2.1314 -7.1311 0.4945 5.1026 -1.0492 -3.7292 -1.1637 -4.4498 -15.7048 0.0167 0.0675 0.0666 -0.0278 0.6499 -10.6027 -3.9301 -0.5196 -10.5984 3.8537 -7.0224 14.4744 -6.0553 -67.2869 4.5380 -21.9316 -0.0630 -0.1244 -36.2065 12.2823 5.2795 2.2370 -15.7383 10.9776 15.8988 -60.9376 2.1667 1.8834 15.8836 10.2097 16.2080 49.4002 -39.9009 -23.8780 1.5619 0.4284 56.2630 -44.1463 -48.8774 22.4258 14.7862 7.2142 -15.2367 49.3509 -3.1634 -4.8466 7.3037 -2.8204 18.4090 -0.1295 12.9119 -0.3619 -9.8799 -6.3395 -2.9925 1.6386 -0.6145 -2.2172 -12.0108 -9.3391 -28.7057 0.1433 20.4597 0.2965 7.9640 -10.4477 4.4490 -1.4179 -0.1340 0.7507
-1.2365 98.3091 -0.4463 2.0681 -3.9485 0.2447 -1.2199 1.1742 -0.0491 -0.4807 -4.5369 -0.0626 1.4324 11.6113 -2.1475 -6.9460 0.6850 5.0347 -1.0400 -3.7116 -1.1283 -4.4744 -15.5960 0.0730 0.0684 0.0687 -0.0167 0.6503 -10.5790 -3.9198 -0.5176 -10.5803 3.8658 -6.8278 14.4064 -6.0978 -67.3837 4.5043 -22.2620 0.0110 -0.1143 -36.4703 12.3346 5.2935 2.2670 -15.7148 10.9667 15.8748 -60.8959 2.1489 1.8745 16.0278 10.1928 16.2726 49.2854 -40.2011 -23.7393 1.5867 0.4476 56.4899 -43.8184 -48.7714 22.0648 14.8058 7.2073 -15.2351 49.3704 -3.1694 -4.8230 7.3193 -2.8457 18.3339 -0.1331 12.9138 -0.3794 -9.9467 -6.3422 -2.9967 1.6377 -0.6444 -2.2182 -11.9964 -9.3542 -28.7838 0.1415 20.5292 0.2934 7.9179 -10.5440 4.4270 -1.4169 -0.1055 0.7492
-1.2902 98.3027 -0.4201 2.0749 -3.9311 0.2866 -1.1848 1.1711 -0.0558 -0.4692 -4.5581 -0.1115 1.5589 11.5668 -2.1564 -6.7537 0.8377 4.9612 -1.0276 -3.6985 -1.0776 -4.4683 -15.5199 0.1241 0.0684 0.0730 -0.0092 0.6504 -10.5598 -3.9115 -0.5172 -10.5649 3.8735 -6.6418 14.3332 -6.1445 -67.4895 4.4934 -22.5329 0.0718 -0.0970 -36.8490 12.3653 5.2275 2.2953 -15.6573 10.9535 15.8460 -60.8733 2.1345 1.8591 16.1906 10.1958 16.3681 49.1152 -40.5266 -23.5891 1.6352 0.4207 56.7948 -43.3000 -48.4875 21.4803 14.8311 7.1822 -15.2126 49.3354 -3.1440 -4.7577 7.3312 -2.8470 18.2534 -0.1420 12.8774 -0.3933 -10.0015 -6.3415 -2.9428 1.6389 -0.6786 -2.2157 -11.9669 -9.3391 -28.7903 0.1376 20.5536 0.2815 7.8942 -10.6148 4.3748 -1.4170 -0.0688 0.7431
-1.3205 98.3027 -0.3926 2.0714 -3.8985 0.3234 -1.1624 1.1387 -0.0846 -0.4613 -4.5615 -0.1398 1.6573 11.4917 -2.1712 -6.5948 0.9479 4.9185 -1.0104 -3.6908 -1.0332 -4.4305 -15.4076 0.1643 0.0657 0.0774 -0.0128 0.6513 -10.5320 -3.9112 -0.5232 -10.5418 3.8676 -6.5097 14.2383 -6.1697 -67.5534 4.5054 -22.7696 0.1035 -0.0811 -37.2036 12.4432 5.2157 2.3144 -15.5771 10.9705 15.8390 -60.8341 2.1491 1.8476 16.3278 10.1551 16.4672 48.8988 -40.7175 -23.4169 1.6355 0.4594 57.1104 -42.6681 -48.2051 20.7890 14.8358 7.1746 -15.2195 49.3187 -3.1174 -4.7260 7.3473 -2.8145 18.1914 -0.1457 12.7666 -0.3984 -10.0490 -6.3330 -2.8972 1.6415 -0.7344 -2.2051 -11.9293 -9.2801 -28.7514 0.1291 20.4778 0.2788 7.9024 -10.6182 4.2447 -1.4174 -0.0540 0.7410
-1.3434 98.3185 -0.3723 2.0524 -3.8753 0.3577 -1.1408 1.0882 -0.1104 -0.4547 -4.5764 -0.1688 1.7124 11.4332 -2.1726 -6.4439 0.9971 4.8500 -0.9853 -3.6917 -0.9821 -4.3669 -15.3145 0.1994 0.0628 0.0790 -0.0169 0.6496 -10.5291 -3.9144 -0.5270 -10.5366 3.8632 -6.4278 14.1917 -6.2095 -67.5541 4.4796 -22.9567 0.1545 -0.0766 -37.5373 12.5362 5.2195 2.3388 -15.5263 11.0186 15.8698 -60.8688 2.1712 1.8362 16.4223 10.1092 16.5289 48.6884 -40.7808 -23.2299 1.5893 0.4847 57.3962 -41.9601 -47.8631 20.0821 14.8357 7.1842 -15.2636 49.2991 -3.0987 -4.7177 7.3695 -2.7433 18.1367 -0.1449 12.6172 -0.4013 -10.0635 -6.3255 -2.8433 1.6423 -0.7976 -2.1920 -11.8834 -9.1552 -28.6478 0.1173 20.3259 0.2659 7.9050 -10.5772 4.0692 -1.4183 -0.0543 0.7299
-1.3587 98.3465 -0.3377 2.0142 -3.8525 0.3659 -1.1215 1.0164 -0.1157 -0.4581 -4.5930 -0.1945 1.7351 11.3798 -2.1673 -6.3099 0.9906 4.8057 -0.9640 -3.6916 -0.9502 -4.2994 -15.2542 0.2198 0.0612 0.0774 -0.0191 0.6492 -10.5321 -3.9165 -0.5295 -10.5381 3.8615 -6.4098 14.1424 -6.2399 -67.5290 4.4404 -23.0255 0.1737 -0.0884 -37.7476 12.5970 5.1681 2.3185 -15.4913 11.0484 15.9143 -60.8756 2.1902 1.8372 16.4889 10.0459 16.5598 48.5509 -40.7530 -23.1074 1.5324 0.5248 57.5904 -41.2795 -47.5325 19.4016 14.8172 7.1931 -15.2825 49.2983 -3.0890 -4.7114 7.3996 -2.6519 18.0711 -0.1440 12.4371 -0.4142 -10.0809 -6.3001 -2.7659 1.6436 -0.8281 -2.1863 -11.8241 -8.9698 -28.5238 0.1011 20.0813 0.2477 7.8973 -10.5000 3.8925 -1.4216 -0.0589 0.7092
-1.3646 98.3689 -0.2749 1.9552 -3.8451 0.3662 -1.1145 0.9439 -0.1146 -0.4702 -4.6086 -0.1921 1.7382 11.3386 -2.1822 -6.2029 0.9344 4.7825 -0.9513 -3.6901 -0.9392 -4.2142 -15.2032 0.2152 0.0608 0.0752 -0.0223 0.6556 -10.5319 -3.9189 -0.5366 -10.5343 3.8574 -6.4250 14.1323 -6.2735 -67.4786 4.3773 -23.0347 0.1771 -0.1061 -37.8661 12.6794 5.0723 2.3037 -15.4857 11.0703 15.9673 -60.8699 2.1940 1.8338 16.5089 9.9507 16.5620 48.5166 -40.6282 -23.0621 1.4896 0.5900 57.6822 -40.8048 -47.2958 18.8956 14.7833 7.2114 -15.3165 49.2839 -3.0799 -4.7277 7.4549 -2.5428 18.0263 -0.1439 12.2534 -0.4211 -10.1065 -6.2399 -2.6966 1.6420 -0.8338 -2.1865 -11.7685 -8.7377 -28.4222 0.0945 19.7740 0.2493 7.8718 -10.3668 3.7613 -1.4247 -0.0623 0.7007
-1.3403 98.3912 -0.2187 1.8815 -3.8401 0.3459 -1.1166 0.8678 -0.1067 -0.4908 -4.6181 -0.1929 1.7206 11.2806 -2.1775 -6.1427 0.8223 4.7737 -0.9376 -3.6890 -0.9325 -4.1141 -15.1217 0.1837 0.0595 0.0737 -0.0271 0.6599 -10.5330 -3.9231 -0.5437 -10.5333 3.8522 -6.4737 14.1026 -6.2859 -67.4254 4.3341 -22.9119 0.1214 -0.1516 -37.8943 12.7464 5.0490 2.2421 -15.5053 11.0887 16.0086 -60.8776 2.1863 1.8373 16.5242 9.8573 16.5381 48.5251 -40.4286 -23.0436 1.4378 0.6365 57.7165 -40.4855 -47.1035 18.5531 14.7545 7.2210 -15.3458 49.2788 -3.0914 -4.7526 7.5231 -2.4347 17.9956 -0.1415 12.0957 -0.4325 -10.1474 -6.2003 -2.6149 1.6397 -0.8284 -2.1838 -11.7088 -8.4995 -28.3263 0.0873 19.4584 0.2452 7.8786 -10.2367 3.6429 -1.4267 -0.0601 0.7000
-1.3124 98.4122 -0.1409 1.8072 -3.8548 0.3023 -1.1381 0.8070 -0.0952 -0.5158 -4.6337 -0.1826 1.6815 11.2346 -2.1548 -6.1078 0.7074 4.8049 -0.9423 -3.6947 -0.9602 -4.0208 -15.0857 0.1425 0.0586 0.0744 -0.0338 0.6602 -10.5377 -3.9290 -0.5458 -10.5341 3.8455 -6.5538 14.0615 -6.3039 -67.3804 4.3659 -22.7137 0.0752 -0.1732 -37.9295 12.8020 4.9933 2.1884 -15.5257 11.1056 16.0261 -60.9530 2.1868 1.8341 16.5279 9.7830 16.4971 48.6485 -40.2382 -23.1438 1.4807 0.6494 57.7445 -40.3284 -46.8882 18.3426 14.7639 7.1952 -15.3467 49.2977 -3.1273 -4.7610 7.5925 -2.3211 17.9639 -0.1413 11.9815 -0.4383 -10.1627 -6.1679 -2.5258 1.6369 -0.8122 -2.1859 -11.6681 -8.2507 -28.2326 0.0789 19.1548 0.2335 7.8707 -10.1215 3.5531 -1.4275 -0.0405 0.7137
-1.2402 98.4401 -0.0837 1.7313 -3.8713 0.2402 -1.1687 0.7491 -0.0807 -0.5359 -4.6521 -0.1872 1.6202 11.2012 -2.1122 -6.1354 0.5859 4.8371 -0.9321 -3.7005 -0.9824 -3.9529 -15.0384 0.1186 0.0566 0.0753 -0.0402 0.6617 -10.5414 -3.9356 -0.5515 -10.5359 3.8408 -6.6630 14.0233 -6.2911 -67.3311 4.4397 -22.5003 0.0209 -0.1782 -37.9096 12.8159 4.9298 2.1434 -15.5370 11.1041 16.0125 -60.9915 2.1830 1.8254 16.5082 9.7341 16.4562 48.8210 -40.0174 -23.2827 1.5448 0.6268 57.8083 -40.2117 -46.6312 18.1810 14.7893 7.1552 -15.3407 49.2664 -3.1488 -4.7782 7.6542 -2.2019 17.9319 -0.1410 11.8815 -0.4345 -10.1552 -6.1427 -2.4394 1.6354 -0.7786 -2.1880 -11.6304 -8.0055 -28.1294 0.0713 18.8499 0.2168 7.8667 -9.9827 3.4915 -1.4271 -0.0376 0.7227
-1.1801 98.4533 -0.0258 1.6541 -3.9087 0.1479 -1.2101 0.7014 -0.0772 -0.5507 -4.6678 -0.1691 1.5386 11.1832 -2.0798 -6.2078 0.4879 4.8690 -0.9129 -3.7020 -0.9934 -3.9210 -15.0124 0.1097 0.0563 0.0758 -0.0423 0.6620 -10.5424 -3.9385 -0.5525 -10.5360 3.8401 -6.7710 13.9817 -6.2429 -67.2908 4.5503 -22.3512 -0.0152 -0.1825 -37.8036 12.7927 4.8313 2.1092 -15.5464 11.0889 15.9986 -61.0024 2.1782 1.8304 16.4740 9.7368 16.4000 48.9784 -39.7492 -23.3011 1.5878 0.6264 57.8503 -40.2352 -46.4544 18.1669 14.8201 7.1278 -15.3412 49.2535 -3.1786 -4.8059 7.7206 -2.0672 17.9340 -0.1373 11.7751 -0.4310 -10.1453 -6.1027 -2.3646 1.6329 -0.7435 -2.1903 -11.6177 -7.7548 -28.0541 0.0672 18.5203 0.2169 7.9169 -9.8053 3.4708 -1.4261 -0.0328 0.7316
-1.0933 98.4716 0.0463 1.5810 -3.9529 0.0412 -1.2585 0.6613 -0.0792 -0.5627 -4.6799 -0.1343 1.4460 11.1666 -2.0641 -6.3142 0.4129 4.9000 -0.8935 -3.7149 -0.9980 -3.9224 -15.0131 0.1183 0.0593 0.0765 -0.0387 0.6605 -10.5510 -3.9369 -0.5451 -10.5464 3.8434 -6.8461 13.9506 -6.1777 -67.2920 4.6622 -22.2343 -0.0433 -0.1923 -37.6388 12.7725 4.7472 2.1426 -15.5588 11.0775 15.9897 -61.0293 2.1733 1.8258 16.4114 9.7555 16.3261 49.0570 -39.4022 -23.1652 1.5898 0.6407 57.8793 -40.3240 -46.3161 18.1749 14.8489 7.1179 -15.3580 49.2814 -3.2031 -4.8145 7.7709 -1.9128 17.9192 -0.1321 11.6625 -0.4184 -10.1085 -6.0674 -2.2707 1.6310 -0.6977 -2.1961 -11.6189 -7.5162 -27.9629 0.0662 18.1909 0.2145 8.0032 -9.6205 3.4800 -1.4239 -0.0416 0.7334
-0.9845 98.4745 0.0945 1.5081 -3.9881 -0.1126 -1.3092 0.6253 -0.0716 -0.5663 -4.6917 -0.1038 1.3347 11.1574 -2.0566 -6.4470 0.3449 4.9270 -0.8740 -3.7347 -0.9750 -3.9176 -14.9778 0.1214 0.0641 0.0751 -0.0332 0.6601 -10.5556 -3.9323 -0.5356 -10.5535 3.8474 -6.9548 13.9151 -6.1158 -67.2882 4.7981 -22.1183 -0.0335 -0.1749 -37.4286 12.7280 4.6628 2.2061 -15.5838 11.0737 15.9835 -61.0586 2.1883 1.8349 16.3350 9.7886 16.2752 49.0266 -38.9847 -22.8704 1.5421 0.6455 57.8767 -40.4358 -46.2580 18.1885 14.8411 7.1500 -15.3746 49.3368 -3.1889 -4.8287 7.8100 -1.7493 17.9241 -0.1252 11.5364 -0.4096 -10.0667 -6.0412 -2.1338 1.6287 -0.6676 -2.1972 -11.6149 -7.2798 -27.8504 0.0708 17.8304 0.2197 8.0849 -9.4211 3.5137 -1.4231 -0.0491 0.7395
-0.8604 98.5037 0.1233 1.4397 -4.0309 -0.3048 -1.3582 0.6063 -0.0576 -0.5697 -4.7142 -0.0614 1.2086 11.1728 -2.0547 -6.5771 0.2721 4.9468 -0.8680 -3.7499 -0.9386 -3.8998 -14.9563 0.1164 0.0699 0.0699 -0.0299 0.6642 -10.5714 -3.9327 -0.5281 -10.5744 3.8526 -7.0822 13.9123 -6.0800 -67.2580 4.9247 -21.9442 -0.0216 -0.1470 -37.2781 12.6889 4.5565 2.2745 -15.6036 11.0536 15.9766 -61.0604 2.1869 1.8712 16.2504 9.8698 16.2355 48.8901 -38.5483 -22.4297 1.4333 0.6470 57.8176 -40.6516 -46.3672 18.3696 14.8404 7.1924 -15.3632 49.4012 -3.1510 -4.8325 7.8403 -1.5884 17.9363 -0.1206 11.4275 -0.4057 -9.9997 -6.0364 -1.9777 1.6255 -0.6307 -2.2022 -11.6246 -7.0593 -27.7289 0.0759 17.4782 0.2288 8.1675 -9.2196 3.5632 -1.4223 -0.0719 0.7409
-0.7362 98.5130 0.1639 1.3808 -4.0687 -0.5195 -1.4112 0.5986 -0.0445 -0.5757 -4.7302 -0.0324 1.0787 11.1884 -2.0469 -6.6775 0.2151 4.9955 -0.8819 -3.7654 -0.9121 -3.8819 -14.9717 0.1305 0.0702 0.0679 -0.0336 0.6618 -10.5819 -3.9380 -0.5254 -10.5869 3.8500 -7.1948 13.9070 -6.0322 -67.2431 5.0508 -21.7266 -0.0194 -0.1244 -37.1738 12.6605 4.4814 2.2961 -15.6001 11.0435 15.9573 -61.0573 2.1895 1.8523 16.1726 9.9394 16.2029 48.6787 -38.1521 -21.9327 1.3327 0.6815 57.6676 -40.9397 -46.5545 18.6741 14.8277 7.2232 -15.3425 49.4277 -3.1221 -4.8117 7.8601 -1.4327 17.9622 -0.1168 11.3385 -0.4001 -9.9345 -6.0538 -1.7923 1.6252 -0.6159 -2.2065 -11.6420 -6.8842 -27.5821 0.0813 17.1651 0.2302 8.2609 -9.0344 3.6265 -1.4215 -0.0702 0.7372
-0.5989 98.5332 0.1745 1.3236 -4.0959 -0.7424 -1.4586 0.5938 -0.0503 -0.5801 -4.7412 -0.0048 0.9508 11.2003 -2.0365 -6.7689 0.1829 5.0330 -0.8945 -3.7803 -0.8769 -3.8622 -15.0238 0.1747 0.0673 0.0662 -0.0445 0.6554 -10.5925 -3.9498 -0.5255 -10.5973 3.8400 -7.3057 13.9107 -5.9996 -67.2167 5.1654 -21.4888 -0.0371 -0.1187 -37.1268 12.6399 4.4259 2.2796 -15.5786 11.0539 15.9504 -61.0938 2.1946 1.8428 16.0928 9.9965 16.1705 48.4429 -37.7973 -21.4136 1.2656 0.6793 57.4976 -41.2091 -46.7383 18.9833 14.8032 7.2561 -15.3477 49.4490 -3.1101 -4.8124 7.8712 -1.3052 18.0335 -0.1136 11.2618 -0.3978 -9.8673 -6.0655 -1.6391 1.6249 -0.6007 -2.2058 -11.6594 -6.7358 -27.4201 0.0856 16.8634 0.2437 8.3755 -8.8344 3.6930 -1.4198 -0.0778 0.7346
-0.4646 98.5618 0.1771 1.2679 -4.1070 -0.9595 -1.4933 0.5879 -0.0434 -0.5877 -4.7544 0.0035 0.8349 11.2141 -2.0231 -6.8522 0.1657 5.0613 -0.8911 -3.7888 -0.8496 -3.8573 -15.1290 0.2190 0.0641 0.0659 -0.0487 0.6476 -10.6051 -3.9533 -0.5246 -10.6066 3.8350 -7.4059 13.9290 -5.9687 -67.1723 5.2788 -21.3241 -0.0470 -0.1226 -37.1097 12.6002 4.3110 2.2382 -15.5474 11.0900 15.9569 -61.1397 2.2150 1.8420 16.0096 10.0622 16.1307 48.1441 -37.4962 -20.8697 1.2220 0.6403 57.2764 -41.3810 -46.8728 19.2293 14.7868 7.2808 -15.3593 49.4537 -3.0940 -4.8084 7.8752 -1.2085 18.1293 -0.1127 11.1989 -0.3980 -9.8085 -6.0665 -1.5248 1.6253 -0.5876 -2.1988 -11.6652 -6.6192 -27.2619 0.0838 16.5846 0.2381 8.4758 -8.6421 3.7718 -1.4180 -0.0893 0.7303
-0.3299 98.5832 0.1826 1.2046 -4.1064 -1.1502 -1.5187 0.5744 -0.0326 -0.5951 -4.7614 0.0210 0.7313 11.2246 -2.0311 -6.9386 0.1522 5.1078 -0.8920 -3.7891 -0.8456 -3.8720 -15.1747 0.2591 0.0623 0.0647 -0.0553 0.6459 -10.6075 -3.9606 -0.5269 -10.6086 3.8289 -7.4944 13.9765 -5.9342 -67.1214 5.3357 -21.1886 -0.0654 -0.1237 -37.0678 12.5661 4.2451 2.2454 -15.5304 11.0997 15.9526 -61.1331 2.2176 1.8385 15.9426 10.0916 16.0909 47.8148 -37.1721 -20.3474 1.1860 0.6389 57.0131 -41.4914 -46.9843 19.4004 14.7389 7.3181 -15.3867 49.4501 -3.0918 -4.8050 7.8889 -1.1485 18.2410 -0.1135 11.1412 -0.3998 -9.7701 -6.0589 -1.4640 1.6254 -0.5718 -2.1886 -11.6556 -6.5027 -27.1511 0.0828 16.2789 0.2410 8.5848 -8.4376 3.8780 -1.4192 -0.1157 0.7323
-0.2048 98.6018 0.1951 1.1388 -4.1011 -1.3278 -1.5386 0.5604 -0.0356 -0.6031 -4.7508 0.0505 0.6458 11.1982 -2.0372 -7.0313 0.1693 5.1547 -0.8832 -3.7968 -0.8316 -3.8790 -15.1482 0.2891 0.0603 0.0659 -0.0616 0.6431 -10.6063 -3.9638 -0.5286 -10.6029 3.8191 -7.5724 14.0314 -5.8941 -67.0529 5.3649 -21.0320 -0.1236 -0.1409 -37.0325 12.5230 4.2185 2.2538 -15.5328 11.1099 15.9582 -61.0992 2.2136 1.8482 15.8736 10.0840 16.0539 47.5090 -36.8118 -19.8660 1.0986 0.6109 56.7235 -41.5493 -47.0638 19.5101 14.6894 7.3580 -15.3961 49.4569 -3.0873 -4.7937 7.8990 -1.1202 18.3450 -0.1094 11.1212 -0.3911 -9.7384 -6.0757 -1.4183 1.6239 -0.5339 -2.1795 -11.6385 -6.3949 -27.0538 0.0817 15.9836 0.2423 8.6726 -8.2539 3.9675 -1.4199 -0.1218 0.7331
-0.0778 98.6211 0.1942 1.0775 -4.0936 -1.4884 -1.5488 0.5424 -0.0093 -0.6175 -4.7629 0.0538 0.5715 11.1995 -2.0379 -7.1274 0.2230 5.2153 -0.8632 -3.7959 -0.8333 -3.9228 -15.1042 0.3315 0.0577 0.0695 -0.0736 0.6405 -10.6230 -3.9763 -0.5318 -10.6131 3.8090 -7.6316 14.0971 -5.8542 -66.9838 5.3668 -20.8961 -0.1583 -0.1627 -36.9923 12.4375 4.1598 2.2533 -15.5400 11.1057 15.9461 -61.0985 2.2224 1.8358 15.8152 10.0948 16.0336 47.2880 -36.5082 -19.5263 1.0639 0.5408 56.4485 -41.6462 -47.0566 19.6565 14.6448 7.3645 -15.3951 49.4598 -3.1077 -4.8066 7.8964 -1.1281 18.4551 -0.1132 11.1792 -0.3968 -9.6887 -6.1133 -1.3825 1.6239 -0.5027 -2.1767 -11.6267 -6.3100 -26.9534 0.0783 15.7359 0.2337 8.7519 -8.1103 4.0812 -1.4230 -0.1420 0.7413
0.0400 98.6236 0.2188 1.0263 -4.0955 -1.6392 -1.5628 0.5093 -0.0162 -0.6250 -4.7554 0.0928 0.5123 11.1794 -2.0276 -7.2490 0.3215 5.2812 -0.8565 -3.8002 -0.8764 -3.9568 -15.0201 0.3866 0.0526 0.0754 -0.0857 0.6364 -10.6244 -3.9888 -0.5381 -10.6105 3.7984 -7.7182 14.0958 -5.7934 -66.8901 5.3923 -20.7269 -0.2184 -0.1678 -36.9168 12.3465 4.2062 2.2314 -15.5557 11.0933 15.9460 -61.0363 2.2179 1.8427 15.7426 10.0942 15.9870 47.1943 -36.1891 -19.2925 1.0129 0.5367 56.2144 -41.7475 -47.1184 19.7842 14.6329 7.3671 -15.3689 49.4709 -3.1167 -4.8326 7.8923 -1.1246 18.5533 -0.1077 11.2273 -0.3905 -9.6591 -6.1489 -1.3550 1.6255 -0.4913 -2.1840 -11.6377 -6.2253 -26.8869 0.0752 15.4716 0.2306 8.7998 -7.9729 4.1843 -1.4264 -0.1366 0.7402
0.1612 98.6410 0.2152 0.9965 -4.1094 -1.8183 -1.5810 0.4648 -0.0071 -0.6310 -4.7684 0.1097 0.4483 11.1950 -2.0068 -7.3753 0.4428 5.3532 -0.8477 -3.8147 -0.8730 -4.0144 -14.9035 0.4224 0.0523 0.0765 -0.0883 0.6375 -10.6488 -3.9933 -0.5402 -10.6298 3.7975 -7.7726 14.0810 -5.7006 -66.8034 5.3900 -20.4974 -0.2845 -0.1977 -36.8804 12.2729 4.2723 2.1959 -15.5654 11.0850 15.9652 -61.0111 2.2112 1.8604 15.6358 10.0891 15.9457 47.1937 -35.8807 -19.1060 0.9978 0.4865 56.0390 -41.8068 -47.1071 19.8074 14.6101 7.3523 -15.3147 49.4634 -3.1300 -4.8374 7.8603 -1.0924 18.6485 -0.1039 11.2814 -0.3815 -9.6102 -6.2316 -1.2990 1.6225 -0.4825 -2.1951 -11.6629 -6.1598 -26.7906 0.0714 15.2632 0.2434 8.8529 -7.8690 4.2700 -1.4266 -0.1617 0.7434
0.2889 98.6476 0.2430 0.9707 -4.1253 -1.9990 -1.5958 0.4083 0.0110 -0.6295 -4.7859 0.1296 0.3973 11.2057 -1.9763 -7.5176 0.5656 5.4004 -0.8535 -3.8245 -0.8587 -4.0798 -14.7353 0.4862 0.0544 0.0744 -0.0872 0.6420 -10.6612 -3.9957 -0.5409 -10.6434 3.8016 -7.8443 14.0441 -5.6066 -66.7171 5.3747 -20.2283 -0.3497 -0.2030 -36.8454 12.1985 4.2462 2.2138 -15.5911 11.0586 15.9811 -61.0115 2.1880 1.8877 15.5383 10.0801 15.8720 47.2701 -35.5227 -18.9575 0.9744 0.5141 55.9929 -41.9993 -47.1425 19.9358 14.6062 7.3411 -15.2802 49.4446 -3.1507 -4.8472 7.8297 -1.0389 18.7414 -0.1029 11.3123 -0.3776 -9.5577 -6.3116 -1.2221 1.6200 -0.4927 -2.2027 -11.7058 -6.0824 -26.6844 0.0752 15.0443 0.2628 8.9191 -7.7279 4.3278 -1.4266 -0.1975 0.7507
0.4060 98.6393 0.2592 0.9590 -4.1713 -2.1644 -1.6116 0.3595 0.0128 -0.6287 -4.8020 0.1525 0.3504 11.2080 -1.9376 -7.6481 0.6979 5.4261 -0.8400 -3.8423 -0.8102 -4.1608 -14.5567 0.5702 0.0581 0.0690 -0.0809 0.6473 -10.6697 -3.9914 -0.5389 -10.6525 3.8086 -7.8899 13.9734 -5.5276 -66.6755 5.3758 -19.9178 -0.3752 -0.1986 -36.8204 12.1275 4.1021 2.2332 -15.6279 11.0390 16.0006 -61.0238 2.1659 1.9293 15.4451 10.0956 15.8025 47.3731 -35.1422 -18.8219 0.9667 0.5260 56.0927 -42.2295 -47.1878 20.0777 14.6031 7.3245 -15.2263 49.4552 -3.1598 -4.8594 7.7899 -0.9425 18.8129 -0.1019 11.3263 -0.3772 -9.5108 -6.3890 -1.1390 1.6185 -0.4938 -2.2100 -11.7766 -5.9770 -26.5757 0.0790 14.8281 0.2785 8.9918 -7.5979 4.3613 -1.4262 -0.2220 0.7624
0.5417 98.6333 0.3003 0.9527 -4.2250 -2.3141 -1.6292 0.2980 0.0129 -0.6242 -4.8117 0.1832 0.3107 11.1999 -1.9113 -7.7651 0.8169 5.4483 -0.8268 -3.8436 -0.7520 -4.2408 -14.4043 0.6320 0.0616 0.0660 -0.0747 0.6505 -10.6704 -3.9868 -0.5351 -10.6546 3.8155 -7.9329 13.9271 -5.4398 -66.6352 5.3879 -19.6612 -0.3639 -0.1855 -36.8282 12.0637 3.9488 2.2619 -15.6079 11.0409 16.0054 -61.0136 2.1568 1.9495 15.3810 10.1391 15.7513 47.4888 -34.7500 -18.7001 0.9535 0.5421 56.3438 -42.3790 -47.2028 20.1043 14.6068 7.3283 -15.1952 49.4702 -3.1470 -4.8712 7.7436 -0.8114 18.8649 -0.0990 11.3096 -0.3749 -9.4637 -6.4604 -1.0339 1.6173 -0.5016 -2.2181 -11.8676 -5.8579 -26.4891 0.0914 14.5967 0.2970 9.0725 -7.4717 4.4046 -1.4248 -0.2620 0.7719
0.6570 98.6292 0.3293 0.9418 -4.2841 -2.4581 -1.6474 0.2458 0.0100 -0.6213 -4.8307 0.1989 0.2782 11.1820 -1.8927 -7.8637 0.9062 5.4756 -0.8116 -3.8355 -0.6808 -4.3140 -14.3233 0.7137 0.0661 0.0619 -0.0667 0.6508 -10.6747 -3.9799 -0.5270 -10.6617 3.8237 -7.9595 13.8776 -5.3475 -66.5966 5.3991 -19.4401 -0.3656 -0.1609 -36.8456 12.0198 3.8601 2.2847 -15.5925 11.0359 15.9987 -61.0014 2.1521 1.9468 15.3386 10.2102 15.7414 47.5742 -34.3599 -18.5775 0.9628 0.5565 56.7044 -42.5146 -47.1912 20.0750 14.5874 7.3440 -15.1612 49.4724 -3.0947 -4.8558 7.7049 -0.6601 18.9054 -0.0981 11.2566 -0.3769 -9.4220 -6.5235 -0.9267 1.6167 -0.5083 -2.2260 -11.9609 -5.7175 -26.4010 0.0963 14.3521 0.3146 9.1636 -7.3691 4.4322 -1.4230 -0.2830 0.7794
0.7756 98.6424 0.3474 0.9290 -4.3469 -2.5535 -1.6691 0.1948 0.0033 -0.6182 -4.8471 0.2098 0.2591 11.1453 -1.8866 -7.9493 0.9642 5.4980 -0.8027 -3.8316 -0.6232 -4.3519 -14.2510 0.8268 0.0693 0.0572 -0.0626 0.6509 -10.6812 -3.9782 -0.5206 -10.6712 3.8275 -7.9731 13.8767 -5.2648 -66.5646 5.3970 -19.3094 -0.3259 -0.1411 -36.8782 11.9584 3.7560 2.3282 -15.5830 11.0261 15.9931 -61.0099 2.1367 1.9378 15.3175 10.2776 15.7408 47.6894 -33.9919 -18.5032 0.9686 0.5886 57.1497 -42.6927 -47.3041 20.1083 14.5968 7.3715 -15.1126 49.5217 -3.0255 -4.8115 7.6612 -0.5116 18.9220 -0.0989 11.2036 -0.3814 -9.3857 -6.5780 -0.8110 1.6171 -0.5085 -2.2240 -12.0423 -5.5641 -26.3312 0.1038 14.0940 0.3247 9.2506 -7.2795 4.4446 -1.4199 -0.2988 0.7792
0.8875 98.6588 0.3834 0.9124 -4.4112 -2.6376 -1.6884 0.1628 0.0130 -0.6205 -4.8715 0.2071 0.2436 11.0935 -1.8744 -8.0193 0.9966 5.5261 -0.7810 -3.8217 -0.5255 -4.3868 -14.2260 0.9428 0.0707 0.0529 -0.0650 0.6477 -10.6746 -3.9803 -0.5146 -10.6676 3.8257 -7.9580 13.8595 -5.2044 -66.5580 5.4227 -19.2077 -0.2790 -0.1278 -36.9126 11.8698 3.5746 2.2910 -15.5462 11.0281 16.0037 -60.9855 2.1331 1.9290 15.3182 10.3435 15.7727 47.8599 -33.7132 -18.5517 1.0100 0.5983 57.6187 -43.0703 -47.5643 20.4538 14.6102 7.3723 -15.0971 49.5011 -2.9843 -4.7690 7.6311 -0.3752 18.9531 -0.1030 11.1651 -0.3967 -9.3312 -6.6254 -0.6911 1.6168 -0.5227 -2.2183 -12.1231 -5.3975 -26.2441 0.0992 13.8482 0.3158 9.3547 -7.1813 4.4042 -1.4190 -0.3154 0.7823
1.0045 98.6804 0.4005 0.8950 -4.4811 -2.6597 -1.7108 0.1378 0.0040 -0.6294 -4.8740 0.2379 0.2245 11.0207 -1.8906 -8.0740 0.9973 5.5638 -0.7554 -3.8167 -0.4517 -4.3928 -14.1873 1.0541 0.0693 0.0497 -0.0723 0.6395 -10.6624 -3.9875 -0.5094 -10.6550 3.8178 -7.9166 13.8411 -5.1721 -66.5564 5.4104 -19.0929 -0.2557 -0.1220 -36.8881 11.7730 3.4601 2.2124 -15.5282 11.0340 16.0203 -60.9472 2.1403 1.9309 15.3142 10.3695 15.7739 48.1240 -33.5002 -18.7039 1.0227 0.6331 58.0466 -43.5099 -47.9416 20.9129 14.6248 7.3849 -15.1237 49.4724 -2.9639 -4.7466 7.6018 -0.2394 18.9397 -0.1038 11.1118 -0.4052 -9.2679 -6.6511 -0.5759 1.6173 -0.5241 -2.2008 -12.2051 -5.2207 -26.2107 0.0925 13.5966 0.3098 9.4607 -7.0506 4.3386 -1.4188 -0.3223 0.7802
1.0708 98.7050 0.3999 0.8805 -4.5465 -2.6548 -1.7249 0.1098 -0.0006 -0.6404 -4.8779 0.2754 0.2010 10.9670 -1.8945 -8.1341 0.9699 5.6046 -0.7217 -3.8101 -0.3813 -4.3979 -14.1550 1.1101 0.0679 0.0469 -0.0842 0.6321 -10.6532 -3.9989 -0.5047 -10.6412 3.8047 -7.8733 13.8167 -5.1683 -66.5438 5.3595 -18.9974 -0.2717 -0.1509 -36.8035 11.7003 3.4428 2.1667 -15.5346 11.0421 16.0330 -60.9488 2.1491 1.9227 15.2796 10.3607 15.7736 48.4580 -33.3478 -18.9590 1.0118 0.6716 58.3953 -43.8981 -48.2027 21.3028 14.6294 7.4066 -15.1831 49.4537 -2.9573 -4.7643 7.5709 -0.1220 18.8835 -0.1036 11.0717 -0.3990 -9.1977 -6.6625 -0.4877 1.6199 -0.5301 -2.1870 -12.2703 -5.0606 -26.1934 0.0848 13.3843 0.3028 9.5384 -6.9180 4.2689 -1.4216 -0.3309 0.7734
1.1505 98.7167 0.4086 0.8865 -4.6008 -2.6248 -1.7380 0.0805 0.0026 -0.6572 -4.8841 0.2819 0.1782 10.9348 -1.8594 -8.2235 0.8873 5.6351 -0.6817 -3.7982 -0.3421 -4.4138 -14.1453 1.1560 0.0682 0.0475 -0.0871 0.6284 -10.6527 -4.0017 -0.5008 -10.6352 3.8012 -7.8314 13.8159 -5.1799 -66.5536 5.2787 -18.9277 -0.2921 -0.1637 -36.6838 11.6420 3.4881 2.1515 -15.5226 11.0585 16.0561 -60.9386 2.1521 1.9245 15.2017 10.3156 15.7783 48.7790 -33.2206 -19.2506 0.9952 0.6696 58.6181 -44.1373 -48.3110 21.5181 14.6000 7.4131 -15.2296 49.4426 -2.9962 -4.7930 7.5241 -0.0449 18.8278 -0.1046 11.0679 -0.3927 -9.1382 -6.6603 -0.4552 1.6212 -0.5356 -2.1894 -12.3435 -4.9563 -26.1855 0.0821 13.2489 0.2901 9.5935 -6.8221 4.2230 -1.4261 -0.3440 0.7711
1.2112 98.7213 0.3855 0.9075 -4.6542 -2.6051 -1.7641 0.0608 0.0228 -0.6695 -4.8793 0.3013 0.1581 10.9049 -1.8377 -8.3102 0.8007 5.6899 -0.6588 -3.7970 -0.3482 -4.4228 -14.1912 1.1846 0.0717 0.0515 -0.0826 0.6321 -10.6490 -3.9957 -0.4976 -10.6256 3.8041 -7.7835 13.8272 -5.1907 -66.5769 5.1853 -18.8355 -0.3122 -0.1712 -36.5434 11.5977 3.5795 2.1462 -15.5416 11.0702 16.0481 -60.9298 2.1467 1.8780 15.1012 10.2577 15.7769 49.0995 -33.1803 -19.5681 1.0307 0.6419 58.7609 -44.2552 -48.3487 21.6147 14.5676 7.3936 -15.2433 49.4191 -3.0338 -4.8191 7.4698 0.0177 18.7886 -0.1041 11.0834 -0.3890 -9.0989 -6.6864 -0.4316 1.6186 -0.5468 -2.2005 -12.4313 -4.9068 -26.1845 0.0878 13.2008 0.2992 9.6286 -6.7702 4.1769 -1.4294 -0.3463 0.7796
1.2726 98.7147 0.3763 0.9412 -4.7011 -2.5705 -1.7919 0.0437 0.0291 -0.6728 -4.8711 0.3182 0.1416 10.8841 -1.8117 -8.4105 0.7085 5.7167 -0.6526 -3.7957 -0.3673 -4.4181 -14.2814 1.2484 0.0701 0.0535 -0.0839 0.6278 -10.6526 -3.9983 -0.4968 -10.6243 3.8038 -7.7418 13.8587 -5.1865 -66.5996 5.0509 -18.7558 -0.3338 -0.1710 -36.3676 11.5561 3.6439 2.1478 -15.5405 11.0705 16.0352 -60.9067 2.1299 1.8568 14.9952 10.2423 15.7849 49.4616 -33.1995 -19.9263 1.0759 0.6390 58.9341 -44.1954 -48.2927 21.5266 14.5842 7.3776 -15.2576 49.4463 -3.0544 -4.8648 7.4030 0.0654 18.7428 -0.1018 11.1108 -0.3946 -9.0546 -6.6963 -0.4471 1.6184 -0.5880 -2.2101 -12.5177 -4.9095 -26.1956 0.0948 13.2231 0.3109 9.6406 -6.7255 4.1300 -1.4302 -0.3680 0.7826
1.3192 98.7089 0.3570 0.9705 -4.7460 -2.5086 -1.8162 0.0433 0.0385 -0.6736 -4.8685 0.3266 0.1365 10.8691 -1.7846 -8.5023 0.6052 5.7201 -0.6410 -3.7938 -0.3671 -4.3987 -14.3731 1.3031 0.0713 0.0548 -0.0811 0.6275 -10.6591 -3.9980 -0.4937 -10.6258 3.8091 -7.7000 13.9042 -5.1996 -66.6286 4.9160 -18.6733 -0.3471 -0.1628 -36.2066 11.5386 3.7275 2.1718 -15.5293 11.0524 16.0095 -60.8838 2.1116 1.8504 14.9106 10.2785 15.8016 49.8219 -33.2786 -20.3125 1.1628 0.6466 59.1272 -44.1437 -48.1878 21.4214 14.6044 7.3636 -15.2313 49.4662 -3.0704 -4.8668 7.3489 0.0876 18.7014 -0.1019 11.1650 -0.3903 -9.0290 -6.7207 -0.4773 1.6174 -0.6141 -2.2216 -12.6011 -4.9291 -26.2299 0.1019 13.2942 0.3153 9.6360 -6.7173 4.1102 -1.4304 -0.3987 0.7795
1.3467 98.6961 0.3493 0.9934 -4.7770 -2.4519 -1.8391 0.0454 0.0441 -0.6752 -4.8572 0.3258 0.1403 10.8465 -1.7589 -8.5582 0.4765 5.7237 -0.6168 -3.7953 -0.3293 -4.3856 -14.4490 1.3434 0.0760 0.0561 -0.0756 0.6307 -10.6534 -3.9940 -0.4874 -10.6207 3.8155 -7.6478 13.8790 -5.2033 -66.6857 4.8833 -18.6140 -0.3342 -0.1603 -36.0907 11.5399 3.8153 2.1875 -15.5299 11.0138 15.9970 -60.8305 2.0777 1.8942 14.8807 10.3177 15.8324 50.0775 -33.3904 -20.6192 1.2416 0.6393 59.3035 -44.0593 -48.0540 21.3124 14.6335 7.3538 -15.2104 49.5017 -3.0598 -4.8685 7.3059 0.0917 18.6839 -0.0998 11.2090 -0.3891 -9.0182 -6.7494 -0.5350 1.6153 -0.6287 -2.2222 -12.6583 -4.9584 -26.2592 0.1063 13.3507 0.3269 9.6483 -6.6932 4.0551 -1.4297 -0.4073 0.7816
1.3556 98.6800 0.3186 1.0151 -4.7842 -2.3699 -1.8541 0.0480 0.0390 -0.6752 -4.8584 0.3223 0.1484 10.8293 -1.7304 -8.5951 0.3505 5.7258 -0.5909 -3.7985 -0.2922 -4.3543 -14.5081 1.3529 0.0815 0.0552 -0.0697 0.6320 -10.6543 -3.9909 -0.4774 -10.6257 3.8225 -7.5968 13.8635 -5.2007 -66.7358 4.8426 -18.5428 -0.3366 -0.1613 -36.0370 11.5824 3.9142 2.2096 -15.5257 10.9870 15.9806 -60.8063 2.0581 1.9301 14.8950 10.3249 15.8664 50.2901 -33.4805 -20.9092 1.2772 0.6571 59.5340 -44.0052 -47.9815 21.2899 14.6742 7.3307 -15.2075 49.5127 -3.0517 -4.8865 7.2698 0.0921 18.6334 -0.1027 11.2058 -0.3942 -9.0163 -6.7539 -0.5742 1.6146 -0.6528 -2.2243 -12.6946 -4.9914 -26.2979 0.1091 13.4018 0.3185 9.6659 -6.6842 4.0279 -1.4286 -0.4091 0.7762
1.3619 98.6734 0.3062 1.0352 -4.7994 -2.2818 -1.8702 0.0672 0.0298 -0.6759 -4.8696 0.3355 0.1620 10.8271 -1.7153 -8.5943 0.2304 5.7096 -0.5754 -3.8022 -0.2475 -4.3020 -14.5750 1.3297 0.0838 0.0536 -0.0659 0.6319 -10.6502 -3.9879 -0.4723 -10.6238 3.8265 -7.5487 13.8402 -5.2183 -66.7874 4.8358 -18.4970 -0.3214 -0.1645 -36.0120 11.6569 3.9567 2.2334 -15.5360 10.9899 15.9684 -60.8233 2.0567 1.9247 14.9475 10.3398 15.9091 50.4793 -33.6199 -21.1868 1.2869 0.6704 59.7565 -44.0731 -48.0343 21.4787 14.7206 7.2987 -15.2007 49.5268 -3.0673 -4.8886 7.2386 0.1120 18.5702 -0.1018 11.1707 -0.3917 -9.0130 -6.7531 -0.5790 1.6124 -0.6699 -2.2178 -12.7336 -5.0033 -26.3526 0.1102 13.4258 0.3102 9.6673 -6.6761 4.0121 -1.4251 -0.3915 0.7653
1.3686 98.6754 0.3034 1.0530 -4.8097 -2.1899 -1.8859 0.0810 0.0269 -0.6765 -4.8712 0.3461 0.1858 10.8286 -1.7133 -8.5522 0.1079 5.6805 -0.5617 -3.8024 -0.1985 -4.2200 -14.6449 1.2874 0.0842 0.0531 -0.0726 0.6324 -10.6467 -3.9966 -0.4719 -10.6232 3.8217 -7.4932 13.8371 -5.2231 -66.8452 4.8240 -18.5205 -0.2846 -0.1372 -36.0378 11.7406 3.9913 2.2904 -15.5689 10.9973 15.9623 -60.8536 2.0621 1.9128 15.0412 10.3780 15.9627 50.5977 -33.8326 -21.3928 1.2618 0.6972 59.9294 -44.1347 -48.1315 21.6942 14.7593 7.2873 -15.2197 49.5446 -3.0730 -4.8969 7.2107 0.1290 18.5131 -0.0995 11.1166 -0.3956 -8.9989 -6.7325 -0.5927 1.6115 -0.6427 -2.2025 -12.7599 -5.0047 -26.4243 0.1096 13.4124 0.3087 9.6696 -6.6471 3.9812 -1.4217 -0.3464 0.7663
1.3463 98.6827 0.2910 1.0738 -4.8247 -2.1068 -1.9049 0.1126 0.0163 -0.6776 -4.8744 0.3407 0.2182 10.8317 -1.6898 -8.4969 -0.0039 5.6297 -0.5354 -3.8008 -0.1313 -4.1391 -14.7264 1.2510 0.0835 0.0520 -0.0793 0.6299 -10.6397 -4.0024 -0.4704 -10.6195 3.8149 -7.4284 13.8416 -5.2200 -66.9080 4.7954 -18.5870 -0.2481 -0.1140 -36.0747 11.8024 4.0331 2.3066 -15.5775 11.0032 15.9624 -60.8731 2.0828 1.9057 15.1344 10.4272 16.0383 50.7514 -34.1076 -21.6293 1.2288 0.7150 60.0233 -44.0968 -48.1844 21.7832 14.7844 7.2837 -15.2443 49.5675 -3.0610 -4.8893 7.1762 0.1667 18.4579 -0.1033 11.0317 -0.4012 -8.9724 -6.6871 -0.5938 1.6119 -0.6078 -2.1832 -12.7825 -5.0127 -26.4817 0.1060 13.4098 0.2956 9.6618 -6.6322 3.9535 -1.4199 -0.2856 0.7713
1.3265 98.6872 0.2796 1.0960 -4.8361 -2.0347 -1.9092 0.1293 0.0006 -0.6819 -4.8658 0.3457 0.2447 10.8374 -1.6678 -8.4424 -0.0878 5.5840 -0.5112 -3.8061 -0.0953 -4.0524 -14.8106 1.2599 0.0827 0.0541 -0.0844 0.6253 -10.6299 -4.0073 -0.4675 -10.6094 3.8099 -7.3894 13.8478 -5.2128 -66.9390 4.7903 -18.6643 -0.2153 -0.0882 -36.1601 11.8599 4.0410 2.2914 -15.5650 11.0023 15.9585 -60.8963 2.1072 1.9169 15.1956 10.4673 16.0999 50.9014 -34.3915 -21.8126 1.1933 0.7129 60.0431 -44.0639 -48.2296 21.8297 14.8066 7.2821 -15.2745 49.5644 -3.0471 -4.8701 7.1434 0.2234 18.4022 -0.1066 10.9072 -0.4122 -8.9329 -6.6405 -0.5499 1.6134 -0.5755 -2.1700 -12.8007 -5.0196 -26.4924 0.0971 13.4042 0.2882 9.6514 -6.6256 3.9159 -1.4194 -0.2345 0.7747
1.3429 98.6921 0.2589 1.1151 -4.8376 -1.9973 -1.9014 0.1388 0.0100 -0.6899 -4.8569 0.3529 0.2759 10.8470 -1.6732 -8.4034 -0.1451 5.5875 -0.4906 -3.8131 -0.0933 -3.9883 -14.9131 1.2556 0.0787 0.0564 -0.0869 0.6177 -10.6152 -4.0049 -0.4678 -10.5948 3.8037 -7.3974 13.8666 -5.2209 -66.9350 4.7923 -18.7746 -0.1877 -0.0803 -36.2346 11.9128 4.1484 2.3092 -15.5351 11.0097 15.9482 -60.8717 2.1214 1.9037 15.2355 10.5015 16.1563 51.0084 -34.7021 -21.9497 1.2047 0.7228 59.9676 -44.0804 -48.2859 21.8800 14.8187 7.2769 -15.2919 49.5516 -3.0364 -4.8440 7.1129 0.2865 18.3631 -0.1069 10.7573 -0.4157 -8.8863 -6.5903 -0.5031 1.6123 -0.5528 -2.1640 -12.8095 -5.0299 -26.4955 0.0894 13.3841 0.2806 9.6423 -6.5957 3.8903 -1.4203 -0.2048 0.7731
1.3118 98.7062 0.2427 1.1312 -4.8333 -1.9560 -1.8824 0.1503 0.0274 -0.6937 -4.8626 0.3335 0.3069 10.8750 -1.6678 -8.3691 -0.1753 5.5633 -0.4765 -3.8078 -0.0910 -3.9510 -15.0028 1.2521 0.0760 0.0580 -0.0912 0.6157 -10.6094 -4.0080 -0.4715 -10.5897 3.7984 -7.4299 13.9091 -5.2403 -66.9002 4.7808 -18.8879 -0.1728 -0.0881 -36.3368 11.9448 4.2495 2.3613 -15.4873 11.0142 15.9503 -60.8438 2.1259 1.9033 15.2562 10.5054 16.2032 51.0126 -34.9357 -21.9980 1.2212 0.7350 59.8497 -44.0362 -48.3282 21.8632 14.8279 7.2701 -15.3167 49.5148 -3.0489 -4.8428 7.0818 0.3153 18.3124 -0.1052 10.6597 -0.4201 -8.8529 -6.5436 -0.4506 1.6114 -0.5420 -2.1632 -12.8061 -5.0525 -26.5001 0.0822 13.4056 0.2719 9.6378 -6.5684 3.9072 -1.4219 -0.1961 0.7689
1.2934 98.7154 0.2244 1.1554 -4.8280 -1.9305 -1.8683 0.1601 0.0522 -0.6964 -4.8627 0.3045 0.3315 10.9105 -1.6686 -8.3382 -0.1972 5.5617 -0.4862 -3.7976 -0.1114 -3.9098 -15.1003 1.2026 0.0714 0.0651 -0.0958 0.6119 -10.6053 -4.0104 -0.4773 -10.5857 3.7932 -7.4559 13.9838 -5.2690 -66.8672 4.7284 -18.9709 -0.1821 -0.0993 -36.4189 11.9710 4.3040 2.4193 -15.4697 11.0144 15.9427 -60.8232 2.1287 1.8955 15.2566 10.4753 16.2461 50.9259 -35.1366 -21.9752 1.2669 0.7185 59.6905 -43.9740 -48.3414 21.8180 14.8216 7.2693 -15.3502 49.5080 -3.0799 -4.8442 7.0487 0.3214 18.2818 -0.1018 10.5953 -0.4074 -8.8334 -6.4926 -0.4261 1.6105 -0.5277 -2.1697 -12.8201 -5.1131 -26.5270 0.0823 13.4732 0.2708 9.6362 -6.5698 3.9495 -1.4255 -0.1956 0.7687
1.2784 98.7266 0.1751 1.1759 -4.8256 -1.9043 -1.8487 0.1743 0.0610 -0.6928 -4.8634 0.2708 0.3613 10.9474 -1.6543 -8.3150 -0.2386 5.5760 -0.4961 -3.7876 -0.1476 -3.8779 -15.1482 1.1332 0.0691 0.0713 -0.0917 0.6066 -10.6030 -4.0031 -0.4767 -10.5816 3.7950 -7.5060 14.0695 -5.3085 -66.8025 4.6698 -19.0539 -0.2163 -0.1165 -36.4716 11.9960 4.3616 2.4492 -15.4687 11.0214 15.9425 -60.8064 2.1307 1.9040 15.2601 10.4643 16.2762 50.7767 -35.3523 -21.8844 1.2765 0.6924 59.5036 -43.7993 -48.2727 21.6837 14.8095 7.2875 -15.3754 49.5324 -3.1004 -4.8570 7.0339 0.3112 18.2812 -0.1014 10.5707 -0.4028 -8.8233 -6.4621 -0.4612 1.6095 -0.5244 -2.1698 -12.8288 -5.1820 -26.5508 0.0835 13.5620 0.2728 9.6137 -6.5971 3.9886 -1.4274 -0.1882 0.7682
1.2524 98.7202 0.1271 1.1854 -4.8192 -1.8719 -1.8233 0.1809 0.0572 -0.6852 -4.8609 0.2550 0.3949 10.9974 -1.6544 -8.2991 -0.2893 5.5823 -0.5169 -3.7864 -0.2095 -3.8427 -15.1409 1.0653 0.0693 0.0722 -0.0882 0.6104 -10.6051 -3.9993 -0.4804 -10.5852 3.7980 -7.5532 14.1450 -5.3396 -66.7359 4.6352 -19.2415 -0.2086 -0.1253 -36.4641 11.9707 4.3899 2.4651 -15.4877 11.0247 15.9362 -60.8031 2.1346 1.9081 15.3044 10.4502 16.3030 50.5931 -35.5741 -21.7868 1.2915 0.6627 59.3443 -43.5982 -48.1893 21.5545 14.8083 7.2976 -15.3906 49.5862 -3.1055 -4.8782 7.0326 0.2680 18.2916 -0.0983 10.5955 -0.3902 -8.8193 -6.4320 -0.5370 1.6087 -0.4822 -2.1742 -12.8245 -5.2281 -26.5745 0.0857 13.6226 0.2797 9.5765 -6.6232 4.0237 -1.4289 -0.1650 0.7687
1.2301 98.7066 0.0836 1.1925 -4.8247 -1.8317 -1.8000 0.1955 0.0614 -0.6746 -4.8587 0.2292 0.4311 11.0568 -1.6558 -8.2624 -0.3345 5.6072 -0.5608 -3.7880 -0.3045 -3.8469 -15.1206 1.0253 0.0679 0.0716 -0.0906 0.6139 -10.6049 -4.0009 -0.4869 -10.5856 3.7953 -7.5938 14.1860 -5.3662 -66.6806 4.6293 -19.4475 -0.1967 -0.1186 -36.4148 11.9074 4.4154 2.4915 -15.5259 11.0132 15.9211 -60.8120 2.1424 1.9024 15.3598 10.4436 16.3105 50.4047 -35.7709 -21.6693 1.2754 0.6578 59.2360 -43.4373 -48.0657 21.4371 14.8429 7.2989 -15.4000 49.6678 -3.1231 -4.9007 7.0377 0.2250 18.3090 -0.0970 10.6417 -0.3868 -8.7965 -6.4207 -0.6119 1.6087 -0.4389 -2.1811 -12.8234 -5.2707 -26.6246 0.0856 13.6873 0.2779 9.5577 -6.6456 4.0747 -1.4300 -0.1337 0.7668
1.2184 98.6961 0.0691 1.1985 -4.8201 -1.7999 -1.7805 0.2066 0.0781 -0.6703 -4.8598 0.2041 0.4798 11.1174 -1.6835 -8.2313 -0.3789 5.6398 -0.5905 -3.8004 -0.3805 -3.8881 -15.0946 1.0171 0.0645 0.0697 -0.0986 0.6171 -10.6070 -4.0070 -0.4969 -10.5869 3.7866 -7.6128 14.1991 -5.3858 -66.6547 4.6179 -19.6241 -0.2229 -0.1226 -36.3580 11.8374 4.5040 2.5427 -15.5507 11.0028 15.9198 -60.8202 2.1508 1.9157 15.4471 10.4356 16.3168 50.2074 -35.9943 -21.5722 1.2881 0.6237 59.1629 -43.3130 -47.8941 21.3171 14.8980 7.2885 -15.3552 49.7421 -3.1171 -4.9019 7.0416 0.1590 18.3424 -0.1013 10.7147 -0.3816 -8.7746 -6.4077 -0.6923 1.6084 -0.4193 -2.1845 -12.8209 -5.3060 -26.6892 0.0858 13.7261 0.2757 9.5807 -6.6683 4.1342 -1.4291 -0.1124 0.7629
1.1815 98.6847 0.0609 1.2056 -4.8094 -1.7836 -1.7687 0.2029 0.0882 -0.6725 -4.8558 0.1948 0.5406 11.1735 -1.7000 -8.2084 -0.4183 5.6406 -0.6138 -3.8162 -0.4512 -3.9410 -15.0402 1.0341 0.0612 0.0686 -0.1100 0.6159 -10.6054 -4.0166 -0.5029 -10.5821 3.7746 -7.6381 14.2015 -5.4060 -66.6122 4.6386 -19.7741 -0.2442 -0.1095 -36.3459 11.7847 4.6386 2.6272 -15.5704 10.9921 15.9176 -60.8308 2.1485 1.9490 15.5544 10.4212 16.3090 50.0373 -36.2177 -21.4933 1.2687 0.5969 59.0979 -43.2110 -47.7809 21.2700 14.9363 7.2903 -15.3176 49.7942 -3.1195 -4.9230 7.0557 0.1038 18.4076 -0.0992 10.7649 -0.3755 -8.7748 -6.4111 -0.7755 1.6076 -0.3838 -2.1895 -12.8205 -5.3381 -26.7363 0.0937 13.7324 0.2772 9.6011 -6.6643 4.1824 -1.4271 -0.1048 0.7593
1.1842 98.6741 0.0491 1.2129 -4.7991 -1.7799 -1.7574 0.1977 0.0987 -0.6703 -4.8582 0.1813 0.5954 11.2378 -1.7067 -8.1983 -0.4541 5.6341 -0.6292 -3.8367 -0.4919 -4.0019 -15.0004 1.0184 0.0591 0.0669 -0.1152 0.6150 -10.6164 -4.0245 -0.5063 -10.5920 3.7731 -7.6556 14.2188 -5.4256 -66.5556 4.6636 -19.9264 -0.2730 -0.1032 -36.3814 11.7531 4.7466 2.7136 -15.5874 10.9908 15.9101 -60.8725 2.1561 1.9664 15.6587 10.4024 16.3373 49.9430 -36.4719 -21.5114 1.2605 0.5644 59.0339 -43.1638 -47.6843 21.3146 14.9842 7.2780 -15.2896 49.7962 -3.1263 -4.9534 7.0721 0.0573 18.4733 -0.1040 10.7943 -0.3841 -8.7833 -6.4067 -0.8491 1.6077 -0.3654 -2.1997 -12.8170 -5.3708 -26.7657 0.0959 13.7621 0.2740 9.6263 -6.6843 4.2425 -1.4240 -0.1145 0.7529
1.1800 98.6666 0.0461 1.2226 -4.7924 -1.7708 -1.7577 0.1983 0.1021 -0.6673 -4.8640 0.1747 0.6407 11.2918 -1.7254 -8.1901 -0.4985 5.6190 -0.6412 -3.8373 -0.5121 -4.0465 -14.9954 1.0023 0.0605 0.0669 -0.1133 0.6136 -10.6157 -4.0251 -0.5020 -10.5977 3.7776 -7.6348 14.2509 -5.4251 -66.5002 4.7106 -20.1133 -0.2631 -0.0911 -36.4695 11.6887 4.6874 2.7833 -15.5718 10.9881 15.8904 -60.8808 2.1512 1.9714 15.7634 10.4140 16.3791 49.9121 -36.6949 -21.5556 1.2471 0.5624 59.0037 -43.1307 -47.6347 21.3644 14.9948 7.2855 -15.2797 49.7669 -3.1037 -4.9454 7.0886 0.0187 18.5305 -0.1044 10.8250 -0.3843 -8.8200 -6.3946 -0.9448 1.6069 -0.3601 -2.2043 -12.8248 -5.4054 -26.8050 0.0978 13.7906 0.2775 9.6328 -6.7186 4.3088 -1.4221 -0.1263 0.7498
1.1488 98.6754 0.0482 1.2260 -4.7979 -1.7874 -1.7538 0.2110 0.1124 -0.6642 -4.8845 0.1487 0.6678 11.3431 -1.7294 -8.1588 -0.5292 5.5775 -0.6443 -3.8292 -0.4769 -4.0959 -15.0066 1.0207 0.0629 0.0676 -0.1056 0.6129 -10.6174 -4.0193 -0.4966 -10.6043 3.7877 -7.5808 14.3022 -5.4262 -66.4749 4.7520 -20.2786 -0.2260 -0.0745 -36.6041 11.6259 4.5363 2.8378 -15.5420 10.9897 15.8789 -60.9143 2.1599 1.9669 15.8222 10.4466 16.4232 49.8871 -36.8515 -21.5428 1.2517 0.5603 58.9977 -43.1125 -47.6193 21.3845 14.9907 7.2951 -15.2578 49.7345 -3.0584 -4.9097 7.1058 0.0017 18.5789 -0.1076 10.8493 -0.3864 -8.8721 -6.3918 -1.0240 1.6058 -0.3621 -2.2052 -12.8155 -5.4167 -26.7960 0.0980 13.8311 0.2711 9.6126 -6.7767 4.3427 -1.4216 -0.1104 0.7479
1.1443 98.6747 0.0634 1.2310 -4.8020 -1.7814 -1.7606 0.2239 0.0970 -0.6587 -4.8890 0.1424 0.6807 11.3500 -1.7383 -8.1166 -0.5198 5.5648 -0.6475 -3.8223 -0.4652 -4.1093 -15.0350 1.0102 0.0624 0.0689 -0.1011 0.6122 -10.6107 -4.0130 -0.4970 -10.6038 3.7909 -7.5181 14.3532 -5.4274 -66.4619 4.7730 -20.3793 -0.2079 -0.0696 -36.7259 11.5940 4.4610 2.8492 -15.5339 11.0013 15.8893 -60.9264 2.1716 1.9547 15.8691 10.4862 16.4628 49.8804 -36.9068 -21.4849 1.2045 0.5733 59.0678 -43.1679 -47.7480 21.5043 15.0136 7.2893 -15.2561 49.7076 -3.0267 -4.8676 7.1260 0.0002 18.6179 -0.1121 10.8429 -0.3913 -8.9187 -6.3718 -1.0886 1.6064 -0.3642 -2.1950 -12.8109 -5.4161 -26.7992 0.0971 13.8513 0.2670 9.5929 -6.8031 4.3405 -1.4202 -0.0722 0.7445
1.1176 98.6799 0.0796 1.2356 -4.8110 -1.7549 -1.7667 0.2371 0.0713 -0.6521 -4.8921 0.1541 0.6809 11.3508 -1.7513 -8.0785 -0.5414 5.5330 -0.6493 -3.8173 -0.4450 -4.0723 -15.0691 1.0047 0.0644 0.0697 -0.0970 0.6149 -10.6058 -4.0083 -0.4960 -10.6009 3.7933 -7.4607 14.4062 -5.4412 -66.4720 4.7789 -20.4816 -0.1486 -0.0591 -36.8012 11.5251 4.3066 2.8392 -15.4981 10.9999 15.8994 -60.8985 2.1652 1.9332 15.8970 10.5228 16.4874 49.8609 -36.9112 -21.3957 1.1614 0.5750 59.1408 -43.4072 -48.0525 21.8719 15.0391 7.3055 -15.2762 49.7191 -3.0029 -4.8414 7.1496 0.0181 18.6805 -0.1135 10.8006 -0.4011 -8.9546 -6.3393 -1.1385 1.6072 -0.3495 -2.1877 -12.8103 -5.4017 -26.8235 0.0936 13.8566 0.2599 9.5789 -6.8156 4.3345 -1.4208 -0.0377 0.7447
1.0894 98.6833 0.0869 1.2386 -4.8111 -1.7368 -1.7689 0.2365 0.0355 -0.6519 -4.8745 0.1787 0.6812 11.3216 -1.7538 -8.0364 -0.5962 5.5143 -0.6441 -3.8074 -0.4251 -4.0418 -15.1187 0.9782 0.0619 0.0722 -0.0973 0.6131 -10.5948 -4.0045 -0.4990 -10.5909 3.7874 -7.4314 14.4176 -5.4415 -66.4805 4.7967 -20.5702 -0.1290 -0.0784 -36.7717 11.4180 4.1791 2.7822 -15.4893 11.0143 15.9247 -60.8787 2.1584 1.9357 15.8957 10.5339 16.4968 49.8670 -36.8532 -21.2984 1.0822 0.6175 59.2582 -43.5889 -48.4073 22.1594 15.0292 7.3157 -15.3001 49.7171 -3.0054 -4.8297 7.1571 0.0371 18.7114 -0.1122 10.7501 -0.4015 -8.9764 -6.3075 -1.1595 1.6091 -0.3483 -2.1775 -12.8018 -5.4005 -26.8599 0.0921 13.8681 0.2648 9.5732 -6.8163 4.3317 -1.4215 -0.0199 0.7403
1.0679 98.6926 0.0950 1.2506 -4.8147 -1.7438 -1.7704 0.2369 0.0381 -0.6540 -4.8782 0.1489 0.6710 11.3057 -1.7070 -7.9965 -0.6837 5.4844 -0.6204 -3.7986 -0.3799 -4.0175 -15.1669 0.9342 0.0607 0.0736 -0.0943 0.6084 -10.5967 -3.9975 -0.4971 -10.5883 3.7863 -7.4234 14.4071 -5.4484 -66.4900 4.8163 -20.6192 -0.1351 -0.1010 -36.7314 11.2805 4.0854 2.7469 -15.4912 11.0446 15.9554 -60.9079 2.1661 1.9360 15.8796 10.5204 16.5164 49.8301 -36.7529 -21.1907 1.0453 0.6225 59.3811 -43.7440 -48.6802 22.3517 15.0146 7.3346 -15.3308 49.7238 -3.0059 -4.8397 7.1525 0.0660 18.7333 -0.1141 10.7202 -0.4064 -8.9926 -6.2950 -1.1362 1.6098 -0.3460 -2.1826 -12.8025 -5.4174 -26.8597 0.0853 13.9115 0.2553 9.5684 -6.8282 4.3752 -1.4241 -0.0254 0.7383
1.0306 98.7065 0.1140 1.2614 -4.8120 -1.7539 -1.7731 0.2191 0.0390 -0.6553 -4.8700 0.1461 0.6614 11.2813 -1.6874 -7.9576 -0.7974 5.4677 -0.6028 -3.7856 -0.3539 -3.9870 -15.2090 0.8934 0.0568 0.0796 -0.1003 0.6040 -10.5875 -3.9989 -0.5004 -10.5788 3.7771 -7.4391 14.4082 -5.4336 -66.4661 4.8525 -20.7553 -0.1531 -0.1103 -36.6655 11.1399 3.9387 2.7433 -15.4868 11.0719 15.9549 -60.9321 2.1755 1.9476 15.8615 10.5020 16.5424 49.8033 -36.7119 -21.1233 1.0479 0.6518 59.4919 -43.7974 -48.9255 22.4275 15.0058 7.3197 -15.3461 49.7161 -3.0237 -4.8523 7.1574 0.1003 18.7436 -0.1127 10.6717 -0.4006 -9.0241 -6.2609 -1.1289 1.6113 -0.3439 -2.1814 -12.8072 -5.4088 -26.8596 0.0868 13.9075 0.2613 9.5689 -6.8271 4.3846 -1.4261 -0.0529 0.7406
1.0103 98.7081 0.1278 1.2646 -4.8142 -1.7235 -1.7661 0.1932 0.0426 -0.6587 -4.8615 0.1437 0.6561 11.2630 -1.6596 -7.9275 -0.9032 5.4638 -0.5924 -3.7789 -0.3607 -3.9556 -15.3082 0.8219 0.0550 0.0833 -0.1007 0.6030 -10.5850 -3.9966 -0.5035 -10.5729 3.7745 -7.4613 14.3992 -5.4280 -66.4427 4.8938 -20.8997 -0.1575 -0.1019 -36.6114 11.0144 3.8984 2.7648 -15.5190 11.1085 15.9654 -60.9742 2.2002 1.9527 15.8418 10.4830 16.5678 49.8506 -36.7416 -21.1809 1.0875 0.6518 59.5961 -43.7337 -49.0508 22.4175 15.0167 7.2980 -15.3593 49.7502 -3.0559 -4.8715 7.1704 0.1030 18.7546 -0.1080 10.6604 -0.3932 -9.0519 -6.2394 -1.1749 1.6118 -0.3627 -2.1836 -12.8047 -5.4020 -26.8638 0.0834 13.9295 0.2604 9.5730 -6.8358 4.3723 -1.4277 -0.0894 0.7463
0.9893 98.7090 0.1379 1.2681 -4.8244 -1.6679 -1.7545 0.1727 0.0450 -0.6586 -4.8556 0.1491 0.6520 11.2502 -1.6413 -7.9131 -0.9886 5.4642 -0.5873 -3.7821 -0.4065 -3.9078 -15.4388 0.7318 0.0511 0.0834 -0.1037 0.6021 -10.5894 -3.9976 -0.5100 -10.5762 3.7716 -7.4937 14.3824 -5.4180 -66.4042 4.9291 -21.0543 -0.1771 -0.0959 -36.5568 10.9048 3.9649 2.7860 -15.5509 11.1390 15.9694 -60.9871 2.2250 1.9501 15.8084 10.4464 16.5824 49.9145 -36.8185 -21.2870 1.1665 0.6848 59.6213 -43.7041 -49.1833 22.4618 15.0204 7.2861 -15.3636 49.7395 -3.0754 -4.8954 7.1860 0.0931 18.7516 -0.1051 10.6774 -0.3877 -9.0927 -6.2219 -1.2521 1.6131 -0.4050 -2.1943 -12.8055 -5.3885 -26.8983 0.0817 13.9589 0.2693 9.5719 -6.8604 4.3563 -1.4281 -0.1326 0.7500
0.9589 98.7064 0.1574 1.2752 -4.8395 -1.5886 -1.7445 0.1416 0.0533 -0.6538 -4.8498 0.1569 0.6394 11.2547 -1.6309 -7.9123 -1.0900 5.4643 -0.5984 -3.7866 -0.4705 -3.8456 -15.5978 0.6197 0.0506 0.0809 -0.1037 0.6051 -10.6022 -3.9966 -0.5141 -10.5906 3.7711 -7.5346 14.3552 -5.3915 -66.3541 4.9728 -21.1988 -0.1897 -0.1052 -36.5517 10.8434 4.0438 2.8139 -15.5708 11.1359 15.9592 -60.9925 2.2201 1.9633 15.7922 10.4300 16.6087 49.9728 -36.9724 -21.4253 1.2514 0.6812 59.5948 -43.7693 -49.2929 22.6261 15.0326 7.2659 -15.3224 49.7565 -3.0876 -4.9082 7.1932 0.0813 18.7417 -0.1049 10.6965 -0.3885 -9.1343 -6.2075 -1.3160 1.6127 -0.4562 -2.2096 -12.8087 -5.3840 -26.9174 0.0842 14.0194 0.2709 9.5670 -6.8949 4.3270 -1.4281 -0.1813 0.7575
0.9287 98.6982 0.1561 1.2962 -4.8570 -1.5030 -1.7335 0.1234 0.0618 -0.6579 -4.8523 0.1770 0.6265 11.2566 -1.6031 -7.9411 -1.1953 5.4621 -0.6084 -3.7896 -0.5345 -3.7814 -15.7871 0.5082 0.0490 0.0768 -0.1033 0.6048 -10.6087 -3.9949 -0.5172 -10.5974 3.7715 -7.6050 14.3331 -5.3992 -66.2891 4.9744 -21.2211 -0.2108 -0.0975 -36.5735 10.8059 4.1069 2.8108 -15.5706 11.1093 15.9614 -60.9436 2.2032 2.0083 15.7574 10.4547 16.6269 50.0576 -37.1428 -21.5637 1.2759 0.6890 59.4852 -43.7779 -49.4233 22.7572 15.0595 7.2408 -15.2750 49.7142 -3.1061 -4.9079 7.1914 0.0870 18.7037 -0.1086 10.7047 -0.4015 -9.1653 -6.2128 -1.3381 1.6138 -0.4541 -2.2308 -12.8335 -5.3918 -26.9379 0.0868 14.0970 0.2700 9.5685 -6.9760 4.2857 -1.4267 -0.1838 0.7534
0.9131 98.6853 0.1674 1.3137 -4.8739 -1.4172 -1.7239 0.0982 0.0771 -0.6591 -4.8545 0.1907 0.6046 11.2664 -1.5803 -7.9835 -1.3121 5.4773 -0.6307 -3.7992 -0.6046 -3.7198 -15.9875 0.3965 0.0478 0.0736 -0.1002 0.6024 -10.6162 -3.9907 -0.5169 -10.6065 3.7745 -7.6773 14.3274 -5.3853 -66.2252 4.9719 -21.2555 -0.2254 -0.1004 -36.6232 10.7893 4.1468 2.8118 -15.5403 11.0877 15.9554 -60.9048 2.1778 2.0493 15.7160 10.4731 16.6607 50.1432 -37.3229 -21.7158 1.2828 0.6815 59.3494 -43.7909 -49.5679 22.8868 15.0677 7.2074 -15.2510 49.6720 -3.1056 -4.9168 7.1913 0.0897 18.6737 -0.1128 10.7053 -0.4159 -9.1725 -6.2143 -1.3838 1.6163 -0.4486 -2.2416 -12.8478 -5.3863 -26.9404 0.0855 14.1719 0.2611 9.5656 -7.0547 4.2359 -1.4250 -0.1997 0.7475
0.8773 98.6771 0.1743 1.3176 -4.8897 -1.3265 -1.7111 0.0711 0.0786 -0.6550 -4.8622 0.2126 0.5736 11.2783 -1.5587 -8.0335 -1.4367 5.4678 -0.6518 -3.8043 -0.6751 -3.6566 -16.1991 0.2832 0.0485 0.0709 -0.0984 0.6016 -10.6158 -3.9914 -0.5145 -10.6107 3.7788 -7.7583 14.3226 -5.3782 -66.1406 4.9978 -21.2875 -0.2283 -0.0928 -36.6942 10.7900 4.1827 2.8309 -15.5070 11.0492 15.9318 -60.8748 2.1471 2.0526 15.7043 10.4980 16.7051 50.1843 -37.4755 -21.8460 1.2735 0.6760 59.2374 -43.9221 -49.8073 23.1141 15.0858 7.1845 -15.2491 49.6552 -3.1021 -4.9181 7.2070 0.0885 18.6385 -0.1118 10.7021 -0.4260 -9.1746 -6.2244 -1.4335 1.6173 -0.4425 -2.2440 -12.8483 -5.3577 -26.9647 0.0841 14.2100 0.2523 9.5277 -7.1112 4.1705 -1.4243 -0.2010 0.7369
0.8300 98.6755 0.1755 1.3242 -4.9159 -1.2437 -1.7010 0.0564 0.0690 -0.6525 -4.8660 0.2379 0.5361 11.2730 -1.5310 -8.0831 -1.5527 5.4474 -0.6645 -3.8055 -0.7047 -3.6066 -16.4134 0.1557 0.0479 0.0704 -0.0999 0.5996 -10.6169 -3.9950 -0.5139 -10.6160 3.7798 -7.8093 14.3188 -5.3731 -66.0841 5.0209 -21.2782 -0.2641 -0.0978 -36.7563 10.7969 4.1964 2.8129 -15.4801 11.0324 15.9189 -60.8633 2.1473 2.0479 15.6773 10.5162 16.7369 50.2190 -37.5709 -21.9413 1.2502 0.6733 59.1276 -44.0925 -50.0771 23.3501 15.0889 7.1712 -15.2640 49.6075 -3.1013 -4.9120 7.2264 0.1018 18.5765 -0.1130 10.7107 -0.4274 -9.1572 -6.2236 -1.4729 1.6171 -0.4477 -2.2431 -12.8491 -5.3321 -27.0126 0.0807 14.2515 0.2453 9.4904 -7.1761 4.1271 -1.4227 -0.1820 0.7292
0.7997 98.6692 0.1791 1.3249 -4.9580 -1.1703 -1.6990 0.0482 0.0580 -0.6474 -4.8581 0.2562 0.4894 11.2484 -1.5181 -8.1381 -1.6467 5.4470 -0.6717 -3.8029 -0.7319 -3.5470 -16.6348 0.0432 0.0501 0.0693 -0.0947 0.5988 -10.5979 -3.9862 -0.5085 -10.6023 3.7805 -7.8597 14.3301 -5.3704 -66.0279 5.0478 -21.2729 -0.2771 -0.0954 -36.7712 10.7818 4.1635 2.7894 -15.4777 11.0276 15.9208 -60.8742 2.1410 2.0358 15.6684 10.5272 16.7808 50.2674 -37.5941 -22.0204 1.2089 0.7179 59.0731 -44.2251 -50.3270 23.5110 15.0753 7.1829 -15.2704 49.5822 -3.0586 -4.8867 7.2501 0.1316 18.4947 -0.1140 10.7084 -0.4320 -9.1378 -6.2237 -1.4949 1.6196 -0.4742 -2.2408 -12.8527 -5.2837 -27.0599 0.0808 14.2973 0.2449 9.4664 -7.2425 4.0609 -1.4222 -0.1632 0.7258
0.7455 98.6744 0.1978 1.3254 -5.0170 -1.1065 -1.6952 0.0502 0.0478 -0.6422 -4.8632 0.2702 0.4338 11.2448 -1.5081 -8.1949 -1.7156 5.4268 -0.6589 -3.8033 -0.7443 -3.4779 -16.8446 -0.0207 0.0498 0.0706 -0.0969 0.5947 -10.5912 -3.9848 -0.5049 -10.5953 3.7751 -7.9182 14.3636 -5.3909 -65.9391 5.1165 -21.3337 -0.2458 -0.0899 -36.7953 10.7558 4.1988 2.7879 -15.4808 11.0513 15.9304 -60.9013 2.1370 1.9991 15.6363 10.5468 16.8080 50.2937 -37.5992 -22.0427 1.1535 0.7395 59.0313 -44.3096 -50.5400 23.6266 15.0616 7.1926 -15.2831 49.5918 -3.0316 -4.8460 7.2819 0.1744 18.3980 -0.1144 10.7274 -0.4326 -9.1181 -6.2344 -1.5023 1.6208 -0.4978 -2.2303 -12.8630 -5.2256 -27.0667 0.0754 14.3530 0.2410 9.4581 -7.3050 3.9689 -1.4215 -0.1534 0.7352
0.6999 98.6699 0.2136 1.3282 -5.0620 -1.0434 -1.6895 0.0402 0.0426 -0.6388 -4.8659 0.2868 0.3824 11.2314 -1.5110 -8.2672 -1.7663 5.4200 -0.6335 -3.7959 -0.7648 -3.4163 -16.9973 -0.0664 0.0490 0.0735 -0.1004 0.5908 -10.5782 -3.9874 -0.5025 -10.5800 3.7713 -7.9961 14.3885 -5.3904 -65.8450 5.2084 -21.4778 -0.1667 -0.0676 -36.7605 10.7079 4.2785 2.8030 -15.4587 11.0594 15.9287 -60.8794 2.1300 1.9866 15.6365 10.5620 16.8425 50.3657 -37.5945 -22.0987 1.1156 0.7931 59.0274 -44.3082 -50.7038 23.6499 15.0450 7.2287 -15.3323 49.6310 -3.0218 -4.8416 7.3075 0.2077 18.3053 -0.1154 10.7473 -0.4398 -9.1071 -6.2676 -1.4881 1.6233 -0.5121 -2.2229 -12.8712 -5.1766 -27.0707 0.0726 14.4059 0.2389 9.4366 -7.3671 3.8831 -1.4233 -0.1605 0.7451
0.6546 98.6624 0.1954 1.3342 -5.1055 -0.9932 -1.6787 0.0182 0.0448 -0.6428 -4.8753 0.2905 0.3402 11.2345 -1.5108 -8.3386 -1.8030 5.4418 -0.6183 -3.7922 -0.7751 -3.3551 -17.0909 -0.1193 0.0488 0.0766 -0.1025 0.5858 -10.5698 -3.9853 -0.4978 -10.5667 3.7648 -8.0834 14.3933 -5.3863 -65.7263 5.2825 -21.5753 -0.1356 -0.0862 -36.7165 10.7147 4.4241 2.8290 -15.4514 11.0829 15.9495 -60.8631 2.1282 1.9935 15.6141 10.5762 16.8571 50.4366 -37.5910 -22.1277 1.0793 0.7784 59.0511 -44.2838 -50.8032 23.6426 15.0125 7.2716 -15.3947 49.6819 -3.0325 -4.8613 7.3173 0.2556 18.1901 -0.1174 10.7492 -0.4416 -9.0876 -6.2832 -1.4332 1.6243 -0.5041 -2.2127 -12.8711 -5.1285 -27.0619 0.0727 14.4527 0.2404 9.4101 -7.4117 3.7980 -1.4236 -0.1767 0.7532
0.6168 98.6620 0.2148 1.3409 -5.1415 -0.9477 -1.6686 -0.0128 0.0480 -0.6466 -4.8932 0.2849 0.3056 11.2573 -1.4958 -8.4105 -1.8549 5.4658 -0.6190 -3.7913 -0.7890 -3.2743 -17.1058 -0.1979 0.0517 0.0767 -0.0993 0.5855 -10.5700 -3.9817 -0.4913 -10.5647 3.7665 -8.1509 14.3933 -5.3856 -65.6246 5.2846 -21.5838 -0.1402 -0.1032 -36.6674 10.7382 4.6674 2.8553 -15.4515 11.0876 15.9391 -60.8551 2.1218 1.9873 15.6065 10.6206 16.8931 50.4976 -37.6265 -22.1742 1.0571 0.7328 59.1038 -44.2514 -50.8108 23.6155 14.9937 7.3147 -15.4203 49.7378 -3.0514 -4.8848 7.3304 0.2960 18.0997 -0.1166 10.7516 -0.4425 -9.0985 -6.2814 -1.3650 1.6236 -0.5047 -2.2081 -12.8752 -5.1010 -27.0663 0.0776 14.5248 0.2550 9.3758 -7.4546 3.7596 -1.4245 -0.2014 0.7585
0.5827 98.6483 0.1888 1.3564 -5.1762 -0.9056 -1.6586 -0.0409 0.0687 -0.6497 -4.8935 0.2784 0.2724 11.2636 -1.4870 -8.4975 -1.9114 5.5090 -0.6240 -3.7840 -0.7833 -3.2257 -17.1130 -0.2917 0.0555 0.0742 -0.0924 0.5877 -10.5593 -3.9716 -0.4863 -10.5543 3.7698 -8.2200 14.3781 -5.3676 -65.5272 5.2903 -21.5649 -0.1384 -0.0897 -36.6712 10.7701 4.8456 2.8725 -15.4638 11.0876 15.9377 -60.8228 2.1320 2.0096 15.5966 10.6383 16.9214 50.6043 -37.6812 -22.2870 1.0660 0.7302 59.2184 -44.2282 -50.8577 23.6239 14.9864 7.3084 -15.4264 49.7426 -3.0703 -4.9197 7.3430 0.3309 18.0159 -0.1191 10.7505 -0.4397 -9.1126 -6.2929 -1.2977 1.6238 -0.5051 -2.2047 -12.8926 -5.0873 -27.0699 0.0800 14.6078 0.2640 9.3589 -7.5254 3.7137 -1.4260 -0.2290 0.7737
0.5485 98.6440 0.1941 1.3804 -5.2169 -0.8624 -1.6543 -0.0653 0.0810 -0.6508 -4.9021 0.2899 0.2430 11.2804 -1.4770 -8.5879 -1.9471 5.5667 -0.6470 -3.7896 -0.8371 -3.1759 -17.1254 -0.3890 0.0544 0.0731 -0.0928 0.5872 -10.5690 -3.9753 -0.4883 -10.5621 3.7726 -8.2730 14.3851 -5.3695 -65.4223 5.2643 -21.4858 -0.1475 -0.0884 -36.7390 10.8291 4.9176 2.8887 -15.4728 11.0949 15.9504 -60.8360 2.1369 2.0238 15.5895 10.6553 16.9451 50.7657 -37.7938 -22.5069 1.1294 0.7451 59.4194 -44.2574 -50.8920 23.7108 15.0436 7.2704 -15.4100 49.7646 -3.1048 -4.9377 7.3417 0.3557 17.9475 -0.1190 10.7738 -0.4279 -9.1375 -6.3119 -1.2755 1.6214 -0.5015 -2.2004 -12.9219 -5.0980 -27.1113 0.0845 14.7195 0.2627 9.3465 -7.5897 3.7053 -1.4261 -0.2454 0.7837
0.5075 98.6248 0.1861 1.4112 -5.2487 -0.8022 -1.6567 -0.0978 0.0883 -0.6546 -4.8952 0.3286 0.2283 11.2848 -1.4923 -8.7038 -1.9768 5.6254 -0.6674 -3.7892 -0.9173 -3.1270 -17.0992 -0.4749 0.0557 0.0745 -0.0945 0.5921 -10.5630 -3.9783 -0.4905 -10.5559 3.7719 -8.3366 14.3772 -5.3590 -65.3322 5.2430 -21.4565 -0.1461 -0.0702 -36.7970 10.8868 4.8030 2.8769 -15.5067 11.0746 15.9664 -60.8374 2.1415 2.0623 15.5818 10.6580 16.9561 50.9292 -37.9069 -22.6891 1.1394 0.8052 59.6089 -44.3640 -51.0144 23.9007 15.1310 7.2358 -15.3849 49.8028 -3.1197 -4.9747 7.3363 0.3749 17.9048 -0.1159 10.7841 -0.4153 -9.1837 -6.3024 -1.2984 1.6217 -0.4931 -2.2003 -12.9549 -5.1342 -27.2024 0.0903 14.8455 0.2715 9.3614 -7.6565 3.6949 -1.4269 -0.2480 0.7902
0.4504 98.6088 0.1817 1.4539 -5.2975 -0.7257 -1.6747 -0.1162 0.1176 -0.6626 -4.9045 0.3212 0.2213 11.3221 -1.4770 -8.8130 -2.0038 5.6615 -0.6576 -3.7935 -0.9964 -3.1164 -17.0842 -0.5600 0.0603 0.0758 -0.0902 0.5960 -10.5690 -3.9773 -0.4854 -10.5612 3.7788 -8.3837 14.3697 -5.3559 -65.2552 5.2196 -21.4586 -0.1093 -0.0585 -36.8697 10.9368 4.6585 2.8680 -15.5149 11.0548 15.9708 -60.8687 2.1449 2.0632 15.5911 10.6714 16.9828 51.0991 -38.1308 -22.9737 1.2369 0.8324 59.7852 -44.5886 -51.1761 24.2171 15.1940 7.1924 -15.3496 49.7734 -3.1230 -5.0048 7.3342 0.3970 17.8812 -0.1203 10.8142 -0.4135 -9.2259 -6.3099 -1.3348 1.6194 -0.4966 -2.2156 -13.0098 -5.1918 -27.2898 0.0899 15.0427 0.2568 9.3744 -7.7838 3.7231 -1.4271 -0.2636 0.7934
0.4195 98.5924 0.1714 1.4925 -5.3332 -0.6439 -1.6957 -0.1320 0.1430 -0.6677 -4.8982 0.3321 0.2162 11.3440 -1.4809 -8.9054 -2.0227 5.6806 -0.6691 -3.7997 -1.0525 -3.1107 -17.0604 -0.6321 0.0696 0.0745 -0.0763 0.6023 -10.5672 -3.9653 -0.4729 -10.5618 3.7926 -8.4572 14.3767 -5.3489 -65.1620 5.1432 -21.4481 -0.0861 -0.0499 -36.8822 11.0211 4.5773 2.8496 -15.5252 11.0403 15.9618 -60.8751 2.1399 2.0420 15.5990 10.6862 17.0073 51.2626 -38.3682 -23.2180 1.2813 0.8622 59.9120 -44.7873 -51.3629 24.4533 15.2324 7.1690 -15.3330 49.7848 -3.1225 -5.0411 7.3308 0.3968 17.8633 -0.1191 10.8518 -0.4188 -9.2672 -6.3242 -1.3838 1.6169 -0.5068 -2.2301 -13.0512 -5.2621 -27.3568 0.0925 15.2456 0.2533 9.3706 -7.8886 3.7296 -1.4263 -0.2738 0.7911
0.3503 98.5766 0.1601 1.5290 -5.3668 -0.5714 -1.7063 -0.1330 0.1530 -0.6651 -4.9082 0.3551 0.1999 11.3736 -1.4782 -8.9796 -2.0456 5.6803 -0.6937 -3.8023 -1.0943 -3.0970 -17.0786 -0.6803 0.0735 0.0728 -0.0703 0.5998 -10.5735 -3.9635 -0.4624 -10.5687 3.8010 -8.5398 14.3958 -5.3553 -65.0669 5.0514 -21.3841 -0.0740 -0.0355 -36.9358 11.0968 4.5216 2.8617 -15.5143 11.0200 15.9508 -60.8587 2.1183 2.0092 15.5748 10.7132 17.0263 51.4480 -38.5990 -23.4536 1.2663 0.8804 60.0468 -44.9771 -51.5461 24.6954 15.2989 7.1567 -15.3485 49.8192 -3.1299 -5.0718 7.3350 0.4032 17.8241 -0.1193 10.8713 -0.4257 -9.2996 -6.3307 -1.4520 1.6164 -0.5112 -2.2416 -13.0825 -5.3308 -27.4273 0.0966 15.4326 0.2545 9.3385 -7.9726 3.7464 -1.4216 -0.2906 0.7777
0.2898 98.5601 0.1561 1.5556 -5.3960 -0.5099 -1.7086 -0.1244 0.1357 -0.6562 -4.9013 0.3970 0.1797 11.3838 -1.4989 -9.0296 -2.0628 5.6890 -0.7249 -3.8051 -1.1316 -3.0661 -17.0828 -0.7498 0.0732 0.0724 -0.0737 0.5975 -10.5607 -3.9674 -0.4605 -10.5595 3.7977 -8.6133 14.4060 -5.3669 -65.0106 4.9833 -21.3137 -0.0536 -0.0282 -36.9964 11.1470 4.5046 2.8531 -15.5211 11.0004 15.9442 -60.8318 2.0766 1.9946 15.5447 10.7483 17.0434 51.6100 -38.8375 -23.6234 1.2295 0.8838 60.1703 -45.1329 -51.6658 24.8566 15.3510 7.1677 -15.3704 49.8740 -3.1177 -5.0711 7.3479 0.4036 17.7891 -0.1161 10.8819 -0.4307 -9.3363 -6.3361 -1.5245 1.6151 -0.5050 -2.2406 -13.1027 -5.3930 -27.4912 0.1030 15.5945 0.2674 9.2976 -8.0486 3.7286 -1.4165 -0.2708 0.7722
0.2291 98.5484 0.1553 1.5847 -5.4278 -0.4532 -1.6959 -0.0815 0.1236 -0.6499 -4.9021 0.3915 0.1577 11.3836 -1.4857 -9.0674 -2.0645 5.7113 -0.7515 -3.8138 -1.1428 -3.0454 -17.0807 -0.8143 0.0683 0.0687 -0.0827 0.5885 -10.5679 -3.9775 -0.4614 -10.5687 3.7912 -8.6495 14.4149 -5.3946 -65.0207 4.9205 -21.2029 -0.0676 -0.0337 -37.1162 11.1990 4.4520 2.8356 -15.5044 10.9963 15.9508 -60.8122 2.0622 1.9827 15.4918 10.8117 17.0967 51.8323 -39.1233 -23.8865 1.2111 0.8386 60.3352 -45.1201 -51.6311 24.8230 15.3805 7.1737 -15.4039 49.8961 -3.1200 -5.0546 7.3602 0.4038 17.7726 -0.1214 10.9024 -0.4416 -9.3654 -6.3401 -1.5911 1.6163 -0.4956 -2.2341 -13.1182 -5.4601 -27.5290 0.1072 15.7792 0.2575 9.2496 -8.1217 3.7158 -1.4134 -0.2337 0.7695
0.1684 98.5377 0.1158 1.6130 -5.4476 -0.4005 -1.6802 -0.0369 0.0945 -0.6362 -4.8914 0.3939 0.1462 11.3809 -1.4659 -9.1243 -2.0694 5.7131 -0.7656 -3.8110 -1.1512 -3.0004 -17.0520 -0.8467 0.0639 0.0656 -0.0882 0.5839 -10.5639 -3.9810 -0.4659 -10.5627 3.7856 -8.6795 14.4215 -5.4327 -65.0625 4.8887 -21.1394 -0.0834 -0.0325 -37.2348 11.2093 4.3848 2.7645 -15.4774 10.9952 15.9562 -60.7816 2.0487 1.9790 15.4202 10.8907 17.1454 52.0612 -39.4099 -24.1413 1.1576 0.8198 60.5179 -44.9304 -51.5630 24.6269 15.4014 7.2022 -15.4725 49.8860 -3.1243 -5.0346 7.3761 0.3973 17.7722 -0.1247 10.8947 -0.4427 -9.4107 -6.3160 -1.6565 1.6187 -0.5066 -2.2192 -13.1261 -5.5321 -27.5704 0.1133 15.9534 0.2505 9.1947 -8.1900 3.6859 -1.4121 -0.1913 0.7641
0.0973 98.5393 0.0936 1.6427 -5.4473 -0.3740 -1.6578 0.0094 0.0835 -0.6289 -4.8845 0.3837 0.1387 11.3900 -1.4634 -9.1531 -2.0695 5.7237 -0.7670 -3.8092 -1.1469 -2.9825 -17.0241 -0.8752 0.0663 0.0639 -0.0831 0.5894 -10.5583 -3.9759 -0.4669 -10.5543 3.7898 -8.6775 14.4476 -5.4758 -65.1368 4.8610 -21.1361 -0.0755 -0.0392 -37.3664 11.1626 4.3308 2.7047 -15.4938 10.9975 15.9501 -60.7834 2.0537 1.9607 15.3737 10.9460 17.2039 52.1589 -39.6980 -24.2952 1.1215 0.8313 60.6625 -44.5999 -51.4730 24.2770 15.3933 7.2163 -15.5326 49.8537 -3.1103 -5.0234 7.3950 0.3817 17.8155 -0.1282 10.8598 -0.4550 -9.4534 -6.2714 -1.7178 1.6214 -0.5094 -2.1992 -13.1121 -5.6285 -27.6089 0.1084 16.1312 0.2444 9.1215 -8.2573 3.6715 -1.4143 -0.1500 0.7641
0.0092 98.5427 0.0812 1.6734 -5.4286 -0.3424 -1.6420 0.0550 0.0739 -0.6221 -4.8739 0.3822 0.1545 11.4009 -1.4774 -9.1615 -2.0476 5.7222 -0.7710 -3.8042 -1.1535 -2.9873 -17.0012 -0.8601 0.0693 0.0650 -0.0773 0.5946 -10.5573 -3.9690 -0.4659 -10.5486 3.7930 -8.6447 14.4696 -5.5159 -65.2398 4.8752 -21.2297 -0.0363 -0.0422 -37.5210 11.0587 4.2579 2.6882 -15.4596 11.0134 15.9386 -60.7819 2.0662 1.9271 15.3300 10.9729 17.2405 52.1240 -39.9276 -24.3307 1.0631 0.8371 60.7858 -44.2478 -51.3986 23.8647 15.3571 7.2361 -15.5656 49.8235 -3.0811 -4.9984 7.4031 0.3346 17.8521 -0.1317 10.8395 -0.4539 -9.4974 -6.2380 -1.7703 1.6233 -0.5079 -2.1793 -13.0851 -5.7569 -27.6402 0.1042 16.3386 0.2413 9.0433 -8.3399 3.6634 -1.4168 -0.1245 0.7546
-0.0655 98.5392 0.0436 1.7040 -5.3974 -0.2868 -1.6241 0.1052 0.0724 -0.6205 -4.8625 0.3706 0.1788 11.4172 -1.4807 -9.1569 -1.9993 5.7299 -0.7766 -3.7963 -1.1890 -3.0004 -16.9853 -0.8553 0.0698 0.0684 -0.0762 0.5974 -10.5499 -3.9672 -0.4677 -10.5382 3.7929 -8.5921 14.5063 -5.5596 -65.3290 4.8545 -21.3482 -0.0304 -0.0463 -37.6534 10.9757 4.2800 2.6981 -15.4385 11.0356 15.9338 -60.7772 2.0902 1.9002 15.3027 10.9818 17.2542 52.0819 -40.1220 -24.3814 1.0220 0.8572 60.8746 -43.8973 -51.3127 23.4745 15.3062 7.2508 -15.6054 49.8077 -3.0877 -5.0075 7.4154 0.2550 17.8964 -0.1326 10.8523 -0.4441 -9.5594 -6.2109 -1.8617 1.6238 -0.4911 -2.1715 -13.0544 -5.9189 -27.6914 0.1045 16.5842 0.2360 8.9678 -8.4557 3.6867 -1.4202 -0.1141 0.7462
-0.1348 98.5356 -0.0040 1.7291 -5.3606 -0.2396 -1.5949 0.1588 0.0917 -0.6221 -4.8458 0.3514 0.2186 11.4405 -1.5015 -9.1399 -1.9313 5.7566 -0.7916 -3.7905 -1.2300 -3.0300 -16.9909 -0.8703 0.0674 0.0734 -0.0797 0.5934 -10.5469 -3.9689 -0.4690 -10.5330 3.7880 -8.5249 14.5457 -5.6141 -65.4180 4.8271 -21.4792 -0.0483 -0.0465 -37.7823 10.9105 4.3035 2.7147 -15.4471 11.0671 15.9468 -60.8141 2.1182 1.8738 15.2664 11.0035 17.2410 52.0380 -40.3551 -24.4522 1.0447 0.8484 60.8734 -43.7168 -51.2795 23.3447 15.2627 7.2452 -15.6347 49.8109 -3.1192 -5.0172 7.4381 0.1455 17.9348 -0.1356 10.9050 -0.4397 -9.6146 -6.1849 -1.9575 1.6236 -0.4681 -2.1780 -13.0164 -6.0904 -27.7467 0.1035 16.8473 0.2408 8.9068 -8.5843 3.7057 -1.4220 -0.1129 0.7404
-0.2320 98.5277 -0.0437 1.7626 -5.3211 -0.1727 -1.5697 0.2123 0.0956 -0.6164 -4.8126 0.3346 0.2708 11.4629 -1.5062 -9.1163 -1.8368 5.7847 -0.8142 -3.7928 -1.3073 -3.0543 -16.9940 -0.8814 0.0602 0.0794 -0.0892 0.5895 -10.5399 -3.9760 -0.4794 -10.5228 3.7782 -8.4492 14.5800 -5.6772 -65.5036 4.7719 -21.5993 -0.0860 -0.0351 -37.8900 10.8160 4.3106 2.7110 -15.4474 11.0712 15.9514 -60.8071 2.1240 1.8819 15.2263 10.9925 17.1713 51.9906 -40.5312 -24.5127 1.0935 0.8220 60.8463 -43.5763 -51.2336 23.2638 15.2673 7.2437 -15.6533 49.8459 -3.1636 -5.0390 7.4470 0.0074 17.9485 -0.1345 11.0074 -0.4265 -9.6658 -6.1624 -2.0826 1.6219 -0.4395 -2.1817 -12.9852 -6.2679 -27.8136 0.1075 17.1016 0.2558 8.8417 -8.7015 3.7090 -1.4235 -0.0853 0.7441
-0.3245 98.5146 -0.0625 1.8005 -5.2873 -0.1082 -1.5452 0.2670 0.1082 -0.6116 -4.7909 0.3099 0.3397 11.5225 -1.5058 -9.0859 -1.7416 5.8158 -0.8342 -3.7925 -1.3821 -3.0996 -17.0059 -0.8976 0.0552 0.0838 -0.0968 0.5877 -10.5426 -3.9834 -0.4877 -10.5233 3.7724 -8.3716 14.6222 -5.7464 -65.5836 4.6778 -21.6888 -0.1300 -0.0419 -37.9725 10.6948 4.3357 2.7325 -15.4775 11.0691 15.9550 -60.8255 2.1190 1.8976 15.2041 10.9764 17.1155 51.9687 -40.7756 -24.6762 1.2269 0.7659 60.7500 -43.4369 -51.0791 23.1782 15.2992 7.2309 -15.6531 49.8910 -3.1984 -5.0692 7.4547 -0.1493 17.9755 -0.1343 11.1545 -0.4165 -9.7104 -6.1247 -2.2370 1.6204 -0.4253 -2.1954 -12.9595 -6.4591 -27.8882 0.1083 17.3892 0.2625 8.7699 -8.8318 3.7518 -1.4253 -0.0864 0.7460
-0.4097 98.4932 -0.0946 1.8495 -5.2674 -0.0611 -1.5220 0.3400 0.1092 -0.6071 -4.7800 0.2888 0.4177 11.6064 -1.5028 -9.0462 -1.6460 5.8182 -0.8432 -3.7904 -1.4110 -3.1632 -17.0253 -0.9097 0.0540 0.0876 -0.0925 0.5896 -10.5543 -3.9817 -0.4920 -10.5308 3.7808 -8.2956 14.6670 -5.7812 -65.6552 4.5633 -21.7774 -0.1819 -0.0571 -38.0169 10.5772 4.3423 2.7780 -15.4915 11.0498 15.9557 -60.8480 2.1178 1.9178 15.2151 10.9845 17.0783 51.9038 -41.0471 -24.7759 1.3251 0.6858 60.5694 -43.3918 -51.0161 23.2332 15.3394 7.2102 -15.6157 49.8869 -3.2235 -5.0897 7.4659 -0.2940 18.0278 -0.1334 11.3124 -0.4102 -9.7602 -6.0925 -2.4025 1.6176 -0.4017 -2.2059 -12.9407 -6.6502 -27.9174 0.1073 17.6935 0.2519 8.6902 -8.9632 3.7973 -1.4236 -0.0859 0.7437
-0.4847 98.4693 -0.1189 1.9030 -5.2448 -0.0353 -1.5054 0.4137 0.1214 -0.6006 -4.7695 0.2787 0.5061 11.6986 -1.5326 -8.9988 -1.5632 5.8166 -0.8614 -3.7863 -1.4134 -3.2513 -17.0169 -0.8967 0.0569 0.0894 -0.0824 0.5968 -10.5655 -3.9774 -0.4936 -10.5412 3.7962 -8.1861 14.7339 -5.7986 -65.7546 4.4253 -21.8922 -0.1991 -0.0669 -38.0055 10.4736 4.3224 2.8248 -15.4908 11.0214 15.9301 -60.8652 2.1147 1.9095 15.2613 10.9823 17.0600 51.7976 -41.2875 -24.8280 1.3965 0.6141 60.3517 -43.4246 -51.0322 23.3720 15.3746 7.1537 -15.5711 49.8612 -3.2390 -5.1131 7.4751 -0.4241 18.0887 -0.1366 11.4463 -0.4049 -9.8209 -6.0594 -2.5414 1.6158 -0.3770 -2.2239 -12.9392 -6.8565 -27.9631 0.1132 18.0152 0.2552 8.6128 -9.1003 3.8847 -1.4215 -0.0954 0.7442
-0.5858 98.4421 -0.1435 1.9402 -5.2040 -0.0060 -1.4767 0.4803 0.1265 -0.5877 -4.7597 0.2530 0.6072 11.7803 -1.5463 -8.9549 -1.4835 5.8104 -0.8816 -3.7820 -1.4037 -3.3676 -17.0159 -0.8501 0.0600 0.0889 -0.0686 0.5989 -10.5678 -3.9676 -0.4888 -10.5455 3.8140 -8.0951 14.7827 -5.8069 -65.8569 4.3470 -22.0708 -0.1555 -0.0655 -37.9529 10.3845 4.2890 2.8933 -15.4963 10.9851 15.8880 -60.8930 2.1010 1.9038 15.3329 11.0107 17.0617 51.6843 -41.4509 -24.8266 1.4050 0.5762 60.1826 -43.4445 -50.9869 23.4160 15.4115 7.1296 -15.5488 49.8620 -3.2546 -5.1304 7.4979 -0.5558 18.1638 -0.1413 11.5521 -0.4019 -9.8795 -6.0472 -2.6733 1.6145 -0.3670 -2.2343 -12.9146 -7.0498 -28.0272 0.1118 18.2926 0.2412 8.5659 -9.2187 3.9958 -1.4181 -0.0989 0.7349
-0.6587 98.4125 -0.1558 1.9599 -5.1346 0.0101 -1.4317 0.5361 0.1230 -0.5768 -4.7557 0.2136 0.7161 11.8543 -1.5702 -8.8930 -1.4096 5.7832 -0.8875 -3.7786 -1.3261 -3.5000 -17.0199 -0.7793 0.0640 0.0871 -0.0545 0.6000 -10.5646 -3.9549 -0.4817 -10.5460 3.8289 -8.0186 14.8078 -5.8119 -65.9539 4.3046 -22.2279 -0.1186 -0.0537 -37.8912 10.3325 4.2830 2.9817 -15.5088 10.9707 15.8453 -60.9099 2.0932 1.8881 15.4132 11.0422 17.0849 51.5292 -41.5301 -24.7346 1.4143 0.5415 60.0724 -43.4212 -50.8245 23.3554 15.3933 7.1397 -15.5247 49.8570 -3.2364 -5.1079 7.5257 -0.7072 18.2241 -0.1475 11.6413 -0.3995 -9.9312 -6.0367 -2.7605 1.6141 -0.3691 -2.2364 -12.8543 -7.2235 -28.0886 0.1130 18.5031 0.2388 8.5271 -9.3261 4.0780 -1.4140 -0.0627 0.7316
-0.7448 98.4030 -0.1777 1.9668 -5.0432 0.0452 -1.3865 0.5789 0.0766 -0.5583 -4.7427 0.2016 0.8219 11.9063 -1.6125 -8.8333 -1.3331 5.7343 -0.8979 -3.7735 -1.2515 -3.6179 -17.0309 -0.6694 0.0665 0.0880 -0.0477 0.6012 -10.5481 -3.9490 -0.4775 -10.5400 3.8346 -7.9272 14.8379 -5.8065 -66.0351 4.2830 -22.4095 -0.0795 -0.0351 -37.8310 10.2998 4.2395 3.0578 -15.4964 10.9540 15.8040 -60.9079 2.0803 1.8599 15.4882 11.0733 17.1105 51.4224 -41.5265 -24.6635 1.3892 0.5433 60.0966 -43.2230 -50.5451 23.0397 15.3671 7.1776 -15.5020 49.8729 -3.1853 -5.0519 7.5447 -0.8580 18.2559 -0.1469 11.6844 -0.3946 -9.9802 -6.0157 -2.8431 1.6148 -0.3595 -2.2251 -12.7642 -7.3686 -28.1387 0.1156 18.6452 0.2441 8.4842 -9.3921 4.1134 -1.4105 -0.0046 0.7285
-0.8286 98.4050 -0.1702 1.9716 -4.9537 0.0766 -1.3428 0.6491 0.0520 -0.5386 -4.7447 0.1605 0.9133 11.9372 -1.6606 -8.7509 -1.2588 5.6755 -0.9017 -3.7654 -1.1594 -3.7077 -17.0745 -0.5700 0.0701 0.0862 -0.0441 0.6029 -10.5363 -3.9432 -0.4720 -10.5364 3.8344 -7.8060 14.8968 -5.8247 -66.1248 4.2732 -22.5038 -0.0460 -0.0177 -37.8599 10.3171 4.2697 3.1453 -15.4982 10.9505 15.7890 -60.9387 2.0855 1.8268 15.5483 11.1243 17.1182 51.3452 -41.4975 -24.5887 1.3547 0.5399 60.2177 -43.0791 -50.2834 22.7629 15.3484 7.2336 -15.4977 49.8715 -3.1207 -4.9614 7.5604 -0.9885 18.2725 -0.1466 11.6966 -0.3929 -10.0239 -5.9841 -2.8895 1.6155 -0.3461 -2.2116 -12.6805 -7.4964 -28.1701 0.1135 18.7710 0.2449 8.4550 -9.4526 4.1125 -1.4085 0.0394 0.7262
-0.9015 98.4139 -0.1672 1.9663 -4.8619 0.1107 -1.2946 0.7218 0.0316 -0.5227 -4.7347 0.1281 0.9914 11.9412 -1.7101 -8.6447 -1.1754 5.6329 -0.8953 -3.7538 -1.1041 -3.7876 -17.1443 -0.4742 0.0672 0.0843 -0.0499 0.6005 -10.5186 -3.9438 -0.4751 -10.5219 3.8251 -7.6707 14.9313 -5.8503 -66.2226 4.3117 -22.5760 -0.0333 -0.0144 -37.9154 10.3245 4.3529 3.2220 -15.4879 10.9723 15.7830 -60.9409 2.1241 1.7967 15.6124 11.1478 17.1013 51.3172 -41.4453 -24.5720 1.3357 0.5909 60.4090 -42.9508 -50.0641 22.5458 15.3194 7.2588 -15.5075 49.8314 -3.0519 -4.8926 7.5843 -1.1066 18.2708 -0.1535 11.6929 -0.3979 -10.0716 -5.9524 -2.9136 1.6191 -0.3460 -2.1969 -12.5907 -7.5914 -28.2011 0.1108 18.8505 0.2468 8.4329 -9.5099 4.0553 -1.4092 0.0846 0.7173
-0.9966 98.4201 -0.1707 1.9627 -4.7681 0.1764 -1.2480 0.7920 -0.0045 -0.5113 -4.7282 0.1113 1.0574 11.9461 -1.7444 -8.5077 -1.1000 5.5834 -0.9016 -3.7504 -1.0774 -3.8672 -17.2307 -0.4029 0.0621 0.0837 -0.0567 0.5917 -10.5194 -3.9477 -0.4770 -10.5210 3.8154 -7.5295 14.9528 -5.8988 -66.3133 4.3633 -22.6140 -0.0416 -0.0237 -38.0348 10.3349 4.4512 3.2537 -15.5067 11.0149 15.8083 -61.0146 2.1658 1.8038 15.6454 11.1546 17.0536 51.2889 -41.3424 -24.5544 1.2714 0.6570 60.6840 -42.8666 -49.8920 22.3907 15.2947 7.2780 -15.4999 49.8052 -2.9995 -4.8545 7.5912 -1.2464 18.2414 -0.1527 11.7280 -0.4049 -10.1142 -5.9403 -2.9323 1.6243 -0.3524 -2.1811 -12.4922 -7.6991 -28.2261 0.1055 18.9632 0.2467 8.3841 -9.5953 4.0053 -1.4113 0.1124 0.7022
-1.0727 98.4296 -0.1810 1.9689 -4.6742 0.2348 -1.2133 0.8639 -0.0082 -0.5064 -4.7175 0.0795 1.1272 11.9443 -1.7487 -8.4052 -1.0686 5.5821 -0.9085 -3.7433 -1.1237 -3.9419 -17.3511 -0.3500 0.0531 0.0876 -0.0677 0.5803 -10.5191 -3.9555 -0.4836 -10.5169 3.8043 -7.4197 14.9530 -5.9404 -66.3688 4.4228 -22.6047 -0.0866 -0.0461 -38.1786 10.3575 4.5407 3.2895 -15.5021 11.0539 15.8340 -61.0131 2.1907 1.7987 15.6652 11.1122 17.0130 51.1863 -41.2294 -24.5798 1.2364 0.6971 60.9574 -42.9232 -49.7754 22.4163 15.2977 7.2681 -15.4876 49.8070 -3.0121 -4.8569 7.5948 -1.3925 18.2359 -0.1505 11.7926 -0.3941 -10.1756 -5.9700 -2.9577 1.6274 -0.3533 -2.1741 -12.4176 -7.8255 -28.2525 0.0984 19.1005 0.2336 8.3404 -9.6892 3.9986 -1.4158 0.1217 0.6947
-1.1307 98.4299 -0.1900 1.9771 -4.5792 0.3009 -1.1847 0.9195 -0.0027 -0.5035 -4.6961 0.0556 1.1957 11.9566 -1.7518 -8.3295 -1.0692 5.5846 -0.9036 -3.7463 -1.1879 -4.0166 -17.4834 -0.3104 0.0486 0.0934 -0.0721 0.5738 -10.5196 -3.9568 -0.4865 -10.5136 3.7983 -7.3315 14.9522 -5.9594 -66.4079 4.4496 -22.6133 -0.1186 -0.0772 -38.2824 10.4090 4.6191 3.2989 -15.4970 11.0954 15.8522 -61.0085 2.2020 1.7771 15.6456 11.0595 16.9777 51.1669 -41.2178 -24.7193 1.2434 0.7110 61.1691 -43.0018 -49.6870 22.4525 15.2933 7.2485 -15.4745 49.8233 -3.0511 -4.8821 7.5935 -1.5784 18.2502 -0.1503 11.9122 -0.3850 -10.2200 -5.9848 -3.0107 1.6285 -0.3466 -2.1759 -12.3508 -7.9689 -28.3022 0.0954 19.2489 0.2321 8.2809 -9.7750 4.0236 -1.4189 0.1218 0.6998
-1.1736 98.4272 -0.1887 1.9880 -4.4882 0.3721 -1.1587 0.9639 0.0029 -0.4953 -4.6741 0.0410 1.2475 11.9836 -1.7405 -8.2906 -1.0971 5.5765 -0.9143 -3.7432 -1.2701 -4.0780 -17.6235 -0.2847 0.0432 0.0970 -0.0771 0.5669 -10.5238 -3.9604 -0.4905 -10.5155 3.7942 -7.2920 14.9487 -5.9727 -66.4068 4.4513 -22.6461 -0.1347 -0.0938 -38.3262 10.4473 4.7041 3.2911 -15.5015 11.1546 15.8733 -61.0160 2.2323 1.7517 15.6081 11.0277 16.9595 51.2137 -41.2936 -24.9666 1.2924 0.7343 61.3087 -43.1500 -49.6541 22.5692 15.3019 7.2097 -15.4634 49.8671 -3.1023 -4.9344 7.5689 -1.7727 18.2554 -0.1482 12.0585 -0.3778 -10.2242 -5.9771 -3.0889 1.6297 -0.3510 -2.1880 -12.2982 -8.1058 -28.3403 0.0917 19.3853 0.2249 8.2319 -9.8512 4.0219 -1.4217 0.1147 0.7030
-1.2110 98.4226 -0.1943 1.9910 -4.3972 0.4698 -1.1376 0.9879 0.0084 -0.4864 -4.6540 0.0353 1.2880 12.0449 -1.7632 -8.2563 -1.1757 5.5613 -0.9346 -3.7414 -1.3510 -4.1470 -17.7709 -0.2682 0.0428 0.1006 -0.0790 0.5674 -10.5275 -3.9619 -0.4920 -10.5192 3.7923 -7.2314 14.9558 -5.9508 -66.3983 4.4211 -22.7505 -0.1410 -0.1116 -38.3278 10.5039 4.9498 3.3321 -15.5321 11.1941 15.8845 -61.0797 2.2505 1.7283 15.5551 11.0054 16.9661 51.3038 -41.4591 -25.2677 1.3838 0.7024 61.3457 -43.3639 -49.6744 22.8185 15.3140 7.1866 -15.4501 49.9244 -3.1269 -4.9947 7.5430 -1.9796 18.2511 -0.1440 12.2195 -0.3722 -10.2083 -5.9661 -3.1984 1.6284 -0.3509 -2.2096 -12.2468 -8.2451 -28.4289 0.0959 19.5123 0.2321 8.2044 -9.8870 4.0649 -1.4220 0.0783 0.7169
-1.2435 98.4194 -0.2004 2.0074 -4.3046 0.5466 -1.1249 1.0193 0.0091 -0.4819 -4.6432 0.0225 1.3161 12.1011 -1.7753 -8.2549 -1.2900 5.5262 -0.9372 -3.7398 -1.3667 -4.2265 -17.9046 -0.2900 0.0443 0.1005 -0.0761 0.5683 -10.5352 -3.9612 -0.4895 -10.5282 3.7976 -7.1767 14.9798 -5.9283 -66.3984 4.3820 -22.8489 -0.1316 -0.0978 -38.2951 10.5243 5.1379 3.4055 -15.5499 11.2138 15.8887 -61.1258 2.2693 1.7041 15.4779 11.0120 17.0072 51.4289 -41.6788 -25.5629 1.4645 0.6849 61.2455 -43.6660 -49.8871 23.2513 15.3244 7.1539 -15.4136 49.8978 -3.1493 -4.9935 7.4998 -2.1761 18.2403 -0.1485 12.3646 -0.3634 -10.1735 -5.9626 -3.2954 1.6284 -0.3336 -2.2327 -12.2074 -8.3944 -28.5113 0.0990 19.6307 0.2427 8.1760 -9.9078 4.1031 -1.4203 0.0605 0.7193
-1.2746 98.4036 -0.2157 2.0197 -4.2031 0.6312 -1.1160 1.0519 0.0015 -0.4730 -4.6234 0.0310 1.3317 12.1215 -1.7794 -8.2640 -1.4192 5.4717 -0.9491 -3.7356 -1.3724 -4.2963 -18.0017 -0.3162 0.0467 0.0991 -0.0700 0.5726 -10.5347 -3.9600 -0.4888 -10.5327 3.8089 -7.1236 14.9707 -5.9297 -66.4229 4.3495 -22.9082 -0.1191 -0.0689 -38.1934 10.4897 5.2434 3.4488 -15.5539 11.1965 15.8694 -61.1302 2.2680 1.7010 15.4233 11.0065 17.0564 51.5237 -41.8510 -25.7962 1.5151 0.6979 61.0650 -44.0524 -50.2384 23.7893 15.3403 7.1245 -15.3885 49.8813 -3.1757 -4.9999 7.4573 -2.3567 18.2306 -0.1503 12.4634 -0.3678 -10.1382 -5.9719 -3.3867 1.6319 -0.3220 -2.2483 -12.1708 -8.5073 -28.5701 0.1051 19.6710 0.2447 8.1796 -9.9053 4.1046 -1.4172 0.0403 0.7161
-1.2648 98.3963 -0.2223 2.0219 -4.1045 0.6880 -1.1035 1.0985 -0.0031 -0.4601 -4.5999 0.0548 1.3309 12.1159 -1.8158 -8.2816 -1.5299 5.4621 -0.9601 -3.7345 -1.3923 -4.3557 -18.1582 -0.3159 0.0474 0.0973 -0.0633 0.5709 -10.5409 -3.9586 -0.4853 -10.5427 3.8210 -7.0559 14.9530 -5.9356 -66.4741 4.3793 -23.0131 -0.0893 -0.0647 -38.1271 10.4662 5.2627 3.4415 -15.5537 11.1842 15.8521 -61.1449 2.2653 1.6928 15.3640 11.0302 17.1443 51.5893 -42.0306 -25.9373 1.5300 0.6834 60.8319 -44.3567 -50.6370 24.2941 15.3661 7.0991 -15.3587 49.8663 -3.1720 -4.9997 7.4194 -2.5352 18.2083 -0.1516 12.5886 -0.3788 -10.1041 -5.9952 -3.4590 1.6318 -0.3510 -2.2465 -12.1215 -8.6250 -28.5841 0.1050 19.7224 0.2462 8.1856 -9.9143 4.0965 -1.4124 0.0307 0.7154
-1.2674 98.3907 -0.2221 2.0150 -4.0051 0.7069 -1.0948 1.1632 -0.0158 -0.4469 -4.5789 0.0768 1.3261 12.0880 -1.8383 -8.2888 -1.6373 5.4265 -0.9699 -3.7324 -1.3687 -4.3874 -18.3696 -0.3120 0.0484 0.0964 -0.0581 0.5705 -10.5354 -3.9556 -0.4834 -10.5412 3.8275 -6.9782 14.9156 -5.9678 -66.5411 4.4422 -23.0896 -0.0700 -0.0549 -38.1069 10.4980 5.2035 3.4253 -15.5453 11.1504 15.8165 -61.1536 2.2496 1.7127 15.2868 11.0410 17.2163 51.6192 -42.1449 -25.9506 1.4981 0.6783 60.5999 -44.5200 -51.0154 24.6670 15.4069 7.0929 -15.3499 49.8389 -3.1634 -4.9736 7.3837 -2.7105 18.1647 -0.1552 12.7311 -0.3922 -10.0851 -6.0307 -3.4556 1.6312 -0.3640 -2.2325 -12.0658 -8.7417 -28.5456 0.1058 19.7793 0.2347 8.1979 -9.9368 4.0609 -1.4080 0.0345 0.7140
-1.2482 98.3779 -0.2312 2.0013 -3.9153 0.7123 -1.0830 1.2211 -0.0371 -0.4348 -4.5464 0.1105 1.3150 12.0431 -1.8731 -8.2877 -1.7247 5.3995 -0.9917 -3.7295 -1.3641 -4.3905 -18.6344 -0.3216 0.0493 0.0953 -0.0568 0.5739 -10.5200 -3.9520 -0.4845 -10.5323 3.8258 -6.9071 14.8959 -6.0117 -66.5955 4.5014 -23.1612 -0.0748 -0.0637 -38.0864 10.5449 5.1776 3.4095 -15.5327 11.1209 15.7880 -61.1399 2.2418 1.7050 15.1908 11.0348 17.2899 51.6295 -42.1840 -25.9139 1.4582 0.6715 60.3855 -44.5038 -51.2931 24.8124 15.4155 7.1216 -15.3683 49.7802 -3.1157 -4.9389 7.3603 -2.8838 18.1246 -0.1583 12.8814 -0.3908 -10.1010 -6.0534 -3.4283 1.6341 -0.3781 -2.2215 -12.0030 -8.8647 -28.5101 0.1061 19.8633 0.2327 8.1943 -9.9546 4.0038 -1.4068 0.0660 0.7071
-1.2363 98.3795 -0.2329 1.9912 -3.8431 0.7104 -1.0727 1.2780 -0.0411 -0.4263 -4.5312 0.0965 1.2920 12.0102 -1.8645 -8.2904 -1.8099 5.3952 -1.0046 -3.7271 -1.3667 -4.4077 -18.9604 -0.3321 0.0516 0.0950 -0.0555 0.5734 -10.5066 -3.9479 -0.4792 -10.5243 3.8236 -6.8170 14.8908 -6.0837 -66.6591 4.5526 -23.1653 -0.0826 -0.0840 -38.1076 10.5825 5.1982 3.4141 -15.5321 11.1133 15.7689 -61.1623 2.2367 1.6942 15.0752 11.0217 17.3393 51.6770 -42.1769 -25.8885 1.4445 0.6562 60.2109 -44.3847 -51.4982 24.7791 15.3926 7.1533 -15.3929 49.7398 -3.0879 -4.9102 7.3293 -3.0374 18.0821 -0.1631 13.0433 -0.3946 -10.0886 -6.0828 -3.3597 1.6350 -0.3658 -2.2185 -11.9584 -8.9743 -28.4401 0.1012 19.9621 0.2164 8.2003 -9.9678 3.9377 -1.4075 0.1037 0.7009
-1.1972 98.3810 -0.2394 1.9760 -3.7891 0.7180 -1.0626 1.3175 -0.0663 -0.4184 -4.5177 0.1125 1.2634 12.0025 -1.8770 -8.3068 -1.9007 5.3595 -1.0104 -3.7258 -1.3448 -4.4115 -19.2540 -0.3439 0.0520 0.0985 -0.0571 0.5688 -10.4927 -3.9445 -0.4738 -10.5135 3.8156 -6.7543 14.9091 -6.1602 -66.6747 4.5759 -23.1842 -0.1031 -0.1094 -38.1278 10.5951 5.2514 3.4108 -15.5634 11.1341 15.8004 -61.2382 2.2344 1.6951 14.9441 11.0013 17.3409 51.7188 -42.1596 -25.8423 1.4683 0.6366 60.0745 -44.2501 -51.6268 24.6906 15.3553 7.2136 -15.4283 49.7843 -3.0739 -4.8949 7.3043 -3.1729 17.9930 -0.1626 13.2071 -0.3864 -10.0534 -6.1265 -3.2833 1.6357 -0.3492 -2.2114 -11.9215 -9.0552 -28.3863 0.0985 20.0366 0.2241 8.2076 -9.9656 3.8508 -1.4095 0.1271 0.6975
-1.1742 98.3809 -0.2404 1.9656 -3.7565 0.7504 -1.0528 1.3556 -0.0691 -0.4182 -4.5149 0.0953 1.2223 12.0026 -1.8675 -8.3265 -1.9675 5.3530 -1.0144 -3.7133 -1.3327 -4.4213 -19.5269 -0.3876 0.0508 0.1003 -0.0556 0.5621 -10.4877 -3.9394 -0.4695 -10.5089 3.8140 -6.7239 14.9262 -6.2348 -66.6496 4.5851 -23.1871 -0.1150 -0.1321 -38.1187 10.5864 5.3625 3.4021 -15.5562 11.1681 15.8228 -61.2891 2.2633 1.7142 14.8485 11.0037 17.3356 51.7616 -42.1672 -25.8442 1.5107 0.6537 59.9453 -44.1332 -51.7048 24.6167 15.3156 7.2450 -15.4403 49.7941 -3.0638 -4.8980 7.2659 -3.2913 17.8820 -0.1632 13.4000 -0.3900 -10.0028 -6.2004 -3.1793 1.6373 -0.3692 -2.2118 -11.9111 -9.1093 -28.3307 0.0949 20.1160 0.2198 8.2234 -9.9767 3.7588 -1.4130 0.1321 0.6909
-1.1448 98.3643 -0.2472 1.9544 -3.7429 0.7876 -1.0524 1.3909 -0.0702 -0.4237 -4.5059 0.0833 1.1782 11.9998 -1.8790 -8.3472 -2.0250 5.3874 -1.0136 -3.7115 -1.3563 -4.4409 -19.7508 -0.4081 0.0505 0.1012 -0.0511 0.5596 -10.4942 -3.9331 -0.4675 -10.5133 3.8164 -6.6875 14.9387 -6.2662 -66.6245 4.5523 -23.1688 -0.1098 -0.1575 -38.0721 10.5906 5.4610 3.3694 -15.5280 11.2115 15.8490 -61.2946 2.2922 1.7117 14.7669 10.9973 17.3487 51.7911 -42.1695 -25.8776 1.5487 0.6683 59.8655 -44.1132 -51.7523 24.6339 15.2768 7.2498 -15.4463 49.8046 -3.0621 -4.9287 7.2369 -3.4048 17.7796 -0.1649 13.6222 -0.3948 -9.9398 -6.3018 -3.0926 1.6392 -0.4073 -2.2138 -11.9105 -9.1404 -28.2588 0.0902 20.2031 0.2188 8.2343 -10.0074 3.6836 -1.4168 0.1080 0.6957
-1.1002 98.3389 -0.2438 1.9410 -3.7427 0.8282 -1.0649 1.4003 -0.0862 -0.4337 -4.4883 0.1094 1.1359 11.9886 -1.9054 -8.3858 -2.0657 5.4013 -1.0060 -3.7150 -1.3840 -4.4616 -19.8883 -0.4453 0.0518 0.1021 -0.0467 0.5580 -10.4957 -3.9279 -0.4636 -10.5109 3.8191 -6.6773 14.9645 -6.2839 -66.5888 4.4679 -23.0939 -0.1540 -0.1607 -37.9856 10.6512 5.5543 3.3170 -15.5216 11.2185 15.8541 -61.2552 2.2876 1.6938 14.7122 10.9966 17.3394 51.7561 -42.0963 -25.8348 1.4979 0.7106 59.7853 -44.1035 -51.8929 24.6593 15.2417 7.2435 -15.4401 49.8082 -3.0885 -4.9547 7.2174 -3.5049 17.7072 -0.1650 13.8455 -0.3984 -9.8955 -6.4196 -3.0406 1.6408 -0.4361 -2.2153 -11.9283 -9.1547 -28.2122 0.0858 20.2768 0.2269 8.2454 -10.0468 3.5956 -1.4199 0.0743 0.7028
-1.0410 98.3204 -0.2495 1.9409 -3.7576 0.8737 -1.0960 1.3932 -0.0592 -0.4473 -4.4900 0.0883 1.0826 11.9944 -1.9190 -8.4227 -2.0974 5.4135 -1.0002 -3.7118 -1.4417 -4.4917 -19.9972 -0.4718 0.0531 0.1067 -0.0445 0.5571 -10.4973 -3.9272 -0.4599 -10.5105 3.8225 -6.6677 14.9834 -6.2634 -66.5465 4.3959 -23.0095 -0.1931 -0.1718 -37.9319 10.7197 5.7097 3.3177 -15.5280 11.2324 15.8585 -61.2503 2.2844 1.6655 14.7046 11.0011 17.3212 51.6904 -42.0071 -25.8021 1.4724 0.6910 59.6950 -44.1498 -52.0098 24.7694 15.2042 7.2246 -15.4313 49.7671 -3.1233 -4.9806 7.1907 -3.5866 17.6604 -0.1682 14.0784 -0.3919 -9.8468 -6.5472 -3.0281 1.6407 -0.4577 -2.2205 -11.9712 -9.1710 -28.1683 0.0849 20.3711 0.2279 8.2534 -10.1195 3.5298 -1.4224 0.0565 0.7108
-0.9921 98.2939 -0.2155 1.9559 -3.7930 0.9304 -1.1455 1.3636 -0.0463 -0.4674 -4.4864 0.0901 1.0112 11.9938 -1.9461 -8.4782 -2.1047 5.4284 -0.9906 -3.7183 -1.5240 -4.4959 -20.0584 -0.5253 0.0566 0.1099 -0.0405 0.5613 -10.4972 -3.9239 -0.4568 -10.5096 3.8270 -6.6931 14.9784 -6.2289 -66.4824 4.3421 -22.9083 -0.2447 -0.1741 -37.8575 10.7557 5.8391 3.2896 -15.5387 11.2500 15.8712 -61.2422 2.2782 1.6557 14.7239 10.9968 17.2729 51.6156 -41.8945 -25.7792 1.4931 0.6415 59.5624 -44.1796 -52.1131 24.8704 15.1695 7.2326 -15.4240 49.7497 -3.1352 -5.0169 7.1524 -3.6209 17.6324 -0.1693 14.2827 -0.3856 -9.8176 -6.6887 -3.0375 1.6380 -0.4591 -2.2332 -12.0479 -9.1686 -28.1409 0.0834 20.4524 0.2364 8.2653 -10.1925 3.4536 -1.4234 0.0420 0.7171
-0.9271 98.2704 -0.1594 1.9707 -3.8589 0.9726 -1.2054 1.3272 -0.0301 -0.4863 -4.4896 0.0932 0.9181 11.9960 -1.9551 -8.5498 -2.0820 5.4478 -0.9839 -3.7244 -1.5940 -4.4788 -20.1111 -0.5812 0.0617 0.1096 -0.0352 0.5662 -10.5016 -3.9194 -0.4515 -10.5148 3.8317 -6.7334 14.9280 -6.1919 -66.4013 4.3271 -22.7551 -0.2971 -0.1740 -37.7944 10.7286 5.8089 3.2261 -15.5830 11.2366 15.8926 -61.2622 2.2719 1.6552 14.7479 11.0329 17.2233 51.6310 -41.7969 -25.8379 1.5426 0.5973 59.4570 -44.2490 -52.2679 25.0219 15.1571 7.2194 -15.4223 49.6952 -3.1621 -5.0315 7.1233 -3.6123 17.6413 -0.1735 14.4685 -0.3838 -9.7879 -6.8218 -3.0746 1.6360 -0.4638 -2.2537 -12.1421 -9.1347 -28.1160 0.0830 20.5272 0.2320 8.2935 -10.2443 3.3944 -1.4234 0.0317 0.7164
-0.8846 98.2470 -0.1002 1.9922 -3.9382 0.9809 -1.2789 1.2702 -0.0013 -0.5035 -4.4909 0.1006 0.7974 11.9894 -1.9685 -8.6444 -2.0432 5.4504 -0.9745 -3.7332 -1.6227 -4.4321 -20.1557 -0.6752 0.0667 0.1080 -0.0313 0.5709 -10.5018 -3.9180 -0.4460 -10.5173 3.8373 -6.7928 14.8754 -6.1517 -66.3065 4.3172 -22.6146 -0.2986 -0.1408 -37.7033 10.6586 5.6141 3.1463 -15.5981 11.1961 15.8936 -61.2475 2.2564 1.6607 14.7517 11.0546 17.1606 51.6335 -41.5918 -25.8082 1.5620 0.5810 59.3695 -44.3929 -52.4902 25.2537 15.1646 7.2053 -15.4328 49.6585 -3.1738 -5.0520 7.1076 -3.5302 17.6549 -0.1789 14.5649 -0.3883 -9.7952 -6.9289 -3.0872 1.6315 -0.4523 -2.2641 -12.2493 -9.0865 -28.1108 0.0897 20.5915 0.2457 8.3385 -10.2877 3.3416 -1.4209 0.0170 0.7182
-0.8473 98.2135 -0.0535 2.0036 -4.0269 0.9804 -1.3565 1.2187 -0.0004 -0.5139 -4.5067 0.1233 0.6723 11.9764 -1.9564 -8.7541 -2.0157 5.4709 -0.9854 -3.7459 -1.6796 -4.3480 -20.1928 -0.7548 0.0684 0.1033 -0.0301 0.5715 -10.5035 -3.9184 -0.4431 -10.5223 3.8400 -6.8968 14.8097 -6.1309 -66.1594 4.3390 -22.4365 -0.2777 -0.0771 -37.6699 10.6205 5.3083 3.0582 -15.5931 11.1443 15.8788 -61.2117 2.2110 1.6530 14.7414 11.0640 17.1060 51.6315 -41.2921 -25.7167 1.4952 0.6229 59.3371 -44.7013 -52.8059 25.6404 15.2248 7.1799 -15.4278 49.6782 -3.1781 -5.0464 7.1019 -3.3956 17.6158 -0.1787 14.6043 -0.4029 -9.8059 -7.0393 -3.0160 1.6292 -0.4435 -2.2660 -12.3605 -9.0033 -28.1186 0.0995 20.6171 0.2601 8.3727 -10.3113 3.3172 -1.4189 -0.0014 0.7192
-0.7839 98.1905 0.0354 1.9928 -4.1098 0.9415 -1.4250 1.1646 -0.0015 -0.5249 -4.5214 0.1665 0.5491 11.9418 -1.9594 -8.8710 -2.0214 5.5000 -1.0134 -3.7573 -1.7004 -4.2273 -20.2192 -0.8600 0.0696 0.0998 -0.0284 0.5692 -10.4984 -3.9174 -0.4383 -10.5215 3.8424 -7.0182 14.7497 -6.0925 -65.9905 4.3523 -22.2532 -0.2516 -0.0283 -37.6895 10.6464 5.0337 2.9579 -15.5812 11.1227 15.8686 -61.1705 2.1811 1.6386 14.7465 11.1039 17.0905 51.6446 -41.0264 -25.5752 1.4068 0.6677 59.2873 -45.2259 -53.1445 26.2579 15.2734 7.1760 -15.4619 49.7330 -3.1650 -5.0465 7.1137 -3.2310 17.5656 -0.1716 14.5751 -0.4046 -9.8234 -7.1242 -2.8998 1.6239 -0.4420 -2.2584 -12.4388 -8.8654 -28.0808 0.1052 20.5620 0.2769 8.4061 -10.3112 3.2714 -1.4144 -0.0006 0.7201
-0.7422 98.1897 0.0880 1.9555 -4.2035 0.8828 -1.4780 1.1293 -0.0101 -0.5347 -4.5412 0.1956 0.4242 11.8907 -1.9222 -8.9699 -2.0561 5.5068 -1.0312 -3.7575 -1.6944 -4.0607 -20.2107 -1.0005 0.0713 0.0945 -0.0259 0.5695 -10.5009 -3.9163 -0.4352 -10.5273 3.8454 -7.1515 14.7252 -6.0748 -65.7831 4.3361 -22.0733 -0.2045 -0.0184 -37.7791 10.7302 4.7248 2.8293 -15.5359 11.0921 15.8516 -61.1177 2.1368 1.6380 14.7384 11.1609 17.1144 51.6962 -40.8188 -25.4034 1.2867 0.6769 59.2108 -45.6470 -53.4295 26.7934 15.3255 7.1761 -15.4788 49.8004 -3.1545 -5.0485 7.1607 -3.0712 17.5080 -0.1681 14.5625 -0.4235 -9.8562 -7.2140 -2.7582 1.6203 -0.4590 -2.2438 -12.4814 -8.6697 -27.9722 0.1122 20.4506 0.2892 8.4452 -10.2801 3.1869 -1.4110 -0.0109 0.7252
-0.6889 98.1910 0.1421 1.9047 -4.2881 0.7776 -1.5280 1.1122 -0.0093 -0.5467 -4.5640 0.2129 0.3023 11.8202 -1.8747 -9.0088 -2.1471 5.5189 -1.0350 -3.7548 -1.6549 -3.8403 -20.1992 -1.1613 0.0750 0.0900 -0.0197 0.5739 -10.5003 -3.9110 -0.4318 -10.5281 3.8523 -7.2382 14.7445 -6.0590 -65.6211 4.2594 -21.8483 -0.1337 -0.0152 -37.9424 10.8858 4.4324 2.6671 -15.4909 11.0581 15.8469 -61.0332 2.1015 1.6515 14.7485 11.2006 17.2110 51.7730 -40.7542 -25.2868 1.2212 0.6435 59.0769 -45.8614 -53.5969 27.1437 15.3410 7.1688 -15.5291 49.8060 -3.1668 -5.0459 7.2358 -2.9242 17.5314 -0.1725 14.5533 -0.4467 -9.8862 -7.2851 -2.6540 1.6194 -0.5132 -2.2253 -12.4999 -8.4620 -27.8176 0.1125 20.3004 0.2919 8.5199 -10.2299 3.1047 -1.4091 -0.0237 0.7343
-0.6431 98.2118 0.1698 1.8312 -4.3613 0.6331 -1.5628 1.1005 -0.0415 -0.5641 -4.5584 0.2661 0.2074 11.7414 -1.8300 -8.9516 -2.2865 5.5214 -1.0351 -3.7599 -1.6279 -3.5845 -20.2365 -1.2968 0.0723 0.0894 -0.0228 0.5682 -10.4829 -3.9092 -0.4315 -10.5094 3.8432 -7.2882 14.7899 -6.0878 -65.4957 4.0898 -21.5099 -0.1405 -0.0423 -38.1288 11.0833 4.1231 2.4372 -15.4477 11.0262 15.8695 -60.8986 2.0833 1.7028 14.7241 11.2162 17.2868 51.9728 -40.7905 -25.1953 1.1619 0.6805 59.0315 -45.9472 -53.7430 27.3292 15.3603 7.1761 -15.5828 49.7782 -3.1714 -5.0336 7.3333 -2.8143 17.5401 -0.1765 14.5653 -0.4627 -9.9132 -7.3214 -2.5467 1.6247 -0.5716 -2.2068 -12.4769 -8.2653 -27.6978 0.1068 20.1173 0.2839 8.6215 -10.1488 3.0107 -1.4083 -0.0476 0.7272
-0.6110 98.2303 0.1723 1.7505 -4.4264 0.4436 -1.5923 1.1183 -0.0298 -0.5813 -4.5561 0.2962 0.1363 11.7113 -1.7834 -8.8187 -2.5029 5.4910 -1.0079 -3.7561 -1.5631 -3.3245 -20.3401 -1.4460 0.0675 0.0861 -0.0337 0.5655 -10.4775 -3.9163 -0.4382 -10.4987 3.8290 -7.2881 14.8398 -6.1261 -65.4162 3.9361 -21.2269 -0.1524 -0.0755 -38.3908 11.2562 3.9445 2.2574 -15.4298 11.0164 15.9032 -60.8435 2.0743 1.7764 14.6828 11.1927 17.3750 52.1693 -40.8778 -25.1019 1.1381 0.7516 59.1599 -46.1560 -53.9604 27.6304 15.3738 7.1624 -15.6340 49.7208 -3.2060 -5.0327 7.4232 -2.7766 17.5642 -0.1762 14.6863 -0.4638 -9.9136 -7.4027 -2.3899 1.6301 -0.6085 -2.1977 -12.4292 -8.1526 -27.6382 0.1073 20.0188 0.2741 8.6957 -10.0851 3.0191 -1.4115 -0.0511 0.7190
-0.5780 98.2278 0.1140 1.6703 -4.4743 0.2238 -1.6190 1.1671 -0.0194 -0.5996 -4.5460 0.3179 0.0980 11.7173 -1.7192 -8.6340 -2.7771 5.4571 -0.9680 -3.7484 -1.5107 -3.0964 -20.4722 -1.5821 0.0606 0.0847 -0.0502 0.5635 -10.4838 -3.9313 -0.4501 -10.4981 3.8123 -7.2329 14.8406 -6.1872 -65.4222 3.8336 -21.0458 -0.1917 -0.0838 -38.5854 11.3998 3.8068 2.1466 -15.4429 11.0200 15.9310 -60.8340 2.0819 1.8454 14.6453 11.1427 17.4648 52.2628 -40.9833 -24.8884 1.0731 0.8304 59.4208 -46.4169 -54.2558 27.9715 15.3670 7.1445 -15.6435 49.6764 -3.2476 -5.0451 7.5030 -2.8289 17.6108 -0.1757 14.9143 -0.4532 -9.9090 -7.5585 -2.1966 1.6348 -0.5989 -2.1925 -12.3628 -8.1512 -27.6323 0.1100 20.0466 0.2679 8.7005 -10.0634 3.1276 -1.4174 -0.0713 0.7181
-0.5417 98.2129 0.0707 1.5966 -4.4846 -0.0059 -1.6535 1.2279 0.0043 -0.6214 -4.5319 0.3268 0.0939 11.7665 -1.6792 -8.4469 -3.0680 5.4355 -0.9376 -3.7353 -1.5134 -2.9306 -20.6689 -1.6614 0.0526 0.0891 -0.0664 0.5616 -10.4939 -3.9462 -0.4642 -10.5024 3.7972 -7.1214 14.8865 -6.2403 -65.4551 3.6878 -21.0209 -0.2295 -0.1034 -38.6248 11.5421 3.7853 2.1355 -15.4567 11.0528 15.9374 -60.8632 2.1131 1.8538 14.6178 11.1421 17.5915 52.3132 -41.2117 -24.6621 1.0697 0.8434 59.6737 -46.5815 -54.3977 28.1441 15.3524 7.1108 -15.6081 49.6413 -3.2828 -5.0655 7.5550 -3.0032 17.6640 -0.1739 15.2830 -0.4359 -9.8734 -7.7750 -1.9665 1.6365 -0.5646 -2.2006 -12.2822 -8.2860 -27.6325 0.1202 20.2187 0.2681 8.6369 -10.0985 3.2929 -1.4236 -0.0947 0.7223
-0.5037 98.1670 -0.0233 1.5221 -4.4724 -0.2558 -1.6948 1.3065 0.0180 -0.6452 -4.4975 0.3490 0.1180 11.8313 -1.6572 -8.2680 -3.3569 5.3600 -0.9122 -3.7340 -1.5215 -2.8158 -20.8800 -1.6840 0.0470 0.0974 -0.0748 0.5608 -10.4952 -3.9519 -0.4745 -10.5025 3.7884 -6.9861 14.9727 -6.2677 -65.4927 3.4972 -21.1389 -0.2737 -0.1070 -38.4993 11.6458 3.8576 2.2277 -15.4717 11.0914 15.9343 -60.8981 2.1483 1.8371 14.6060 11.1533 17.6866 52.3359 -41.5001 -24.3619 1.1179 0.8014 59.8633 -46.7961 -54.4804 28.3381 15.3300 7.1155 -15.5559 49.6320 -3.2887 -5.0973 7.5995 -3.2766 17.7341 -0.1677 15.7659 -0.4013 -9.8389 -8.0225 -1.7853 1.6358 -0.5231 -2.2173 -12.1872 -8.4938 -27.6287 0.1255 20.4551 0.2860 8.5439 -10.1613 3.4780 -1.4282 -0.1233 0.7243
-0.4808 98.1180 -0.1211 1.4545 -4.4683 -0.5265 -1.7413 1.4101 0.0602 -0.6688 -4.4689 0.3232 0.1391 11.9363 -1.6522 -8.0763 -3.6474 5.2378 -0.8804 -3.7273 -1.4877 -2.7449 -21.1123 -1.6884 0.0483 0.1058 -0.0740 0.5655 -10.5050 -3.9521 -0.4764 -10.5105 3.7914 -6.8282 15.1155 -6.2914 -65.5393 3.2757 -21.3263 -0.2729 -0.0963 -38.2821 11.6758 3.8466 2.4242 -15.4943 11.0996 15.9126 -60.9606 2.1679 1.8214 14.5821 11.1615 17.8129 52.3392 -41.8033 -24.0171 1.2370 0.7189 59.9564 -47.1122 -54.5576 28.6253 15.3316 7.1223 -15.4985 49.6620 -3.3186 -5.1272 7.6461 -3.5863 17.8654 -0.1629 16.3213 -0.3782 -9.7978 -8.3074 -1.6684 1.6291 -0.4668 -2.2400 -12.0961 -8.7511 -27.5893 0.1340 20.7867 0.2908 8.4887 -10.2446 3.7299 -1.4306 -0.1532 0.7421
-0.4444 98.0551 -0.2331 1.4007 -4.4573 -0.8281 -1.7889 1.5098 0.0697 -0.6866 -4.4243 0.3311 0.1486 12.0271 -1.6913 -7.8852 -3.8885 5.1288 -0.8547 -3.7286 -1.4470 -2.6776 -21.3226 -1.6504 0.0501 0.1145 -0.0696 0.5686 -10.4940 -3.9494 -0.4755 -10.5000 3.7967 -6.7292 15.2401 -6.2904 -65.5512 3.0798 -21.4985 -0.2620 -0.0717 -37.9514 11.6451 3.6656 2.5574 -15.5123 11.0972 15.8853 -60.9755 2.1803 1.7981 14.5473 11.1734 17.9457 52.3659 -42.1227 -23.6208 1.3529 0.7016 60.0065 -47.3397 -54.5701 28.7882 15.3549 7.1541 -15.4681 49.6575 -3.2792 -5.1357 7.6936 -3.8462 18.0715 -0.1578 16.7433 -0.3619 -9.7798 -8.5580 -1.5949 1.6225 -0.4272 -2.2487 -12.0183 -9.0181 -27.5435 0.1500 21.0792 0.3264 8.4514 -10.3138 3.9834 -1.4274 -0.1538 0.7462
-0.4130 98.0068 -0.3290 1.3619 -4.4473 -1.1355 -1.8224 1.5770 0.0936 -0.6911 -4.4052 0.3225 0.1351 12.1273 -1.7154 -7.7167 -4.0555 4.9896 -0.8273 -3.7226 -1.3530 -2.5944 -21.4280 -1.6438 0.0550 0.1154 -0.0645 0.5742 -10.4932 -3.9521 -0.4712 -10.4996 3.8080 -6.7344 15.3283 -6.3012 -65.4854 2.9716 -21.6263 -0.2298 -0.0497 -37.6093 11.6253 3.3600 2.6189 -15.5191 11.0796 15.8657 -61.0047 2.1844 1.7809 14.4847 11.1974 18.0646 52.4234 -42.3798 -23.2476 1.4813 0.6944 60.0677 -47.5202 -54.4745 28.9265 15.3754 7.1800 -15.4441 49.6813 -3.2400 -5.1383 7.7193 -4.0189 18.2819 -0.1525 17.0356 -0.3560 -9.7770 -8.7555 -1.4744 1.6183 -0.4077 -2.2576 -11.9486 -9.2316 -27.4286 0.1638 21.2918 0.3516 8.4138 -10.3266 4.2093 -1.4232 -0.1690 0.7554
-0.3730 97.9892 -0.4087 1.3234 -4.4258 -1.4263 -1.8417 1.6136 0.1112 -0.6874 -4.3973 0.3337 0.1145 12.1852 -1.7553 -7.5784 -4.1361 4.8825 -0.8121 -3.7216 -1.2647 -2.5082 -21.5153 -1.6857 0.0638 0.1152 -0.0495 0.5789 -10.4828 -3.9451 -0.4577 -10.4933 3.8274 -6.8024 15.3498 -6.3264 -65.3836 2.9368 -21.6483 -0.2122 -0.0601 -37.2881 11.6568 3.0827 2.6209 -15.5117 11.0778 15.8494 -60.9799 2.1925 1.7630 14.4159 11.2594 18.1527 52.4906 -42.5987 -22.8539 1.5727 0.7287 60.0786 -47.7370 -54.3153 29.1318 15.4261 7.1923 -15.4284 49.7589 -3.2028 -5.1435 7.7383 -4.1103 18.4367 -0.1490 17.1777 -0.3562 -9.7575 -8.8856 -1.3294 1.6170 -0.4158 -2.2603 -11.8817 -9.3652 -27.3242 0.1685 21.3492 0.3723 8.4014 -10.2702 4.4126 -1.4173 -0.1651 0.7637
-0.3307 97.9921 -0.4547 1.2885 -4.3853 -1.6836 -1.8493 1.5995 0.1006 -0.6793 -4.4111 0.3622 0.0918 12.1961 -1.7939 -7.4231 -4.1392 4.7742 -0.8185 -3.7292 -1.1915 -2.4211 -21.4976 -1.7250 0.0739 0.1138 -0.0342 0.5854 -10.4712 -3.9364 -0.4433 -10.4879 3.8455 -6.8948 15.3035 -6.3446 -65.3271 2.9613 -21.5674 -0.2103 -0.0476 -37.0120 11.7475 2.8191 2.5469 -15.5021 11.0599 15.8431 -60.9021 2.1891 1.7666 14.3540 11.3270 18.1973 52.4786 -42.6453 -22.3590 1.5680 0.7788 60.0511 -47.9737 -54.1235 29.3580 15.4398 7.2040 -15.4019 49.7858 -3.1474 -5.1218 7.7551 -4.1186 18.5650 -0.1422 17.1555 -0.3536 -9.7165 -8.9229 -1.1992 1.6161 -0.4325 -2.2574 -11.8317 -9.4075 -27.2464 0.1720 21.2376 0.3871 8.4412 -10.1593 4.5597 -1.4128 -0.1480 0.7678
-0.2822 98.0129 -0.4426 1.2528 -4.3390 -1.8979 -1.8457 1.5385 0.0538 -0.6713 -4.4248 0.3987 0.0588 12.1456 -1.8209 -7.2716 -4.1003 4.6828 -0.8231 -3.7413 -1.1505 -2.3120 -21.3946 -1.7615 0.0788 0.1119 -0.0271 0.5894 -10.4640 -3.9318 -0.4376 -10.4849 3.8511 -7.0004 15.2429 -6.3574 -65.2839 3.0411 -21.4670 -0.1930 -0.0423 -36.8320 11.8797 2.6210 2.4508 -15.4711 11.0220 15.8267 -60.7998 2.1655 1.7651 14.2910 11.3790 18.2185 52.4534 -42.5202 -21.8979 1.5481 0.8108 60.0372 -47.8599 -53.7628 29.1475 15.4528 7.2177 -15.3787 49.7893 -3.0991 -5.0726 7.7701 -4.0392 18.6844 -0.1402 16.9836 -0.3603 -9.6906 -8.8953 -1.0925 1.6175 -0.4670 -2.2425 -11.7828 -9.3594 -27.1557 0.1672 21.0142 0.3861 8.4980 -10.0274 4.6494 -1.4077 -0.1438 0.7585
-0.2405 98.0750 -0.3850 1.2275 -4.3383 -2.0780 -1.8433 1.4702 0.0346 -0.6679 -4.4598 0.3864 0.0097 12.0738 -1.8237 -7.1260 -4.0195 4.6063 -0.8146 -3.7440 -1.1044 -2.2053 -21.2364 -1.8216 0.0780 0.1116 -0.0269 0.5921 -10.4741 -3.9308 -0.4416 -10.4914 3.8496 -7.0870 15.2123 -6.3531 -65.2374 3.1462 -21.3244 -0.1891 -0.0560 -36.8133 12.0005 2.6217 2.3808 -15.4447 11.0087 15.8112 -60.7578 2.1627 1.7474 14.2314 11.4506 18.2164 52.3690 -42.2428 -21.4339 1.5188 0.7863 60.0247 -47.6120 -53.4120 28.8027 15.4522 7.2161 -15.3825 49.7557 -3.0455 -5.0051 7.7930 -3.8153 18.7998 -0.1462 16.6553 -0.3668 -9.7263 -8.7779 -0.9867 1.6178 -0.4857 -2.2265 -11.7737 -9.1881 -27.0565 0.1561 20.6857 0.3822 8.5805 -9.8988 4.6579 -1.4050 -0.1030 0.7456
-0.1857 98.1549 -0.3102 1.2096 -4.3523 -2.2244 -1.8387 1.3594 0.0144 -0.6741 -4.4976 0.3903 -0.0351 11.9670 -1.8364 -7.0270 -3.9186 4.5605 -0.7955 -3.7284 -1.0895 -2.1113 -20.9892 -1.8879 0.0763 0.1104 -0.0285 0.5939 -10.4669 -3.9280 -0.4470 -10.4840 3.8427 -7.1977 15.1670 -6.3175 -65.1962 3.3052 -21.2398 -0.1547 -0.0695 -36.8653 12.0257 2.7113 2.3190 -15.4085 11.0203 15.8381 -60.7277 2.1801 1.7671 14.2439 11.4795 18.1588 52.1444 -41.7181 -20.8822 1.4435 0.8133 60.0621 -47.3370 -53.1757 28.3629 15.4152 7.2526 -15.4251 49.7676 -3.0040 -4.9396 7.8175 -3.4532 18.9147 -0.1511 16.1136 -0.3847 -9.8074 -8.5722 -0.8808 1.6211 -0.4770 -2.2084 -11.7883 -8.8778 -26.9629 0.1415 20.1691 0.3687 8.6801 -9.7256 4.6145 -1.4073 -0.0858 0.7306
-0.1353 98.2300 -0.1744 1.1931 -4.3895 -2.3313 -1.8415 1.2128 -0.0163 -0.6874 -4.5392 0.4027 -0.0669 11.8338 -1.8365 -6.9538 -3.7874 4.5633 -0.7755 -3.7133 -1.0904 -2.0286 -20.6448 -1.9534 0.0751 0.1078 -0.0334 0.5933 -10.4541 -3.9246 -0.4491 -10.4723 3.8285 -7.3220 15.0945 -6.2572 -65.1477 3.5014 -21.1214 -0.1514 -0.1008 -37.0253 12.0231 2.8058 2.2352 -15.3891 11.0378 15.8506 -60.7400 2.2147 1.7865 14.3057 11.4776 18.0704 51.8616 -40.9901 -20.4125 1.3749 0.8593 60.1794 -47.2227 -53.1530 28.0970 15.3489 7.2988 -15.4532 49.7519 -2.9789 -4.8691 7.8395 -2.9753 18.9996 -0.1490 15.4207 -0.3819 -9.8828 -8.3151 -0.7770 1.6216 -0.4494 -2.1918 -11.8193 -8.4615 -26.8803 0.1283 19.5359 0.3581 8.7704 -9.5227 4.5586 -1.4105 -0.0827 0.7167
-0.0875 98.3090 -0.0438 1.1797 -4.4444 -2.4014 -1.8475 1.0517 -0.0158 -0.7002 -4.5863 0.3743 -0.0951 11.6992 -1.8016 -6.9205 -3.6841 4.6146 -0.7585 -3.7082 -1.0987 -1.9591 -20.2466 -2.0132 0.0726 0.1002 -0.0401 0.5898 -10.4571 -3.9253 -0.4508 -10.4726 3.8163 -7.4447 15.0204 -6.2007 -65.0993 3.6442 -20.9114 -0.1701 -0.1360 -37.2228 11.9729 2.8225 2.0709 -15.3483 11.0628 15.8979 -60.7073 2.2513 1.8176 14.4211 11.4729 17.9474 51.5224 -40.1555 -20.0298 1.2842 0.8662 60.3674 -47.2769 -53.3005 28.0538 15.2547 7.3485 -15.4853 49.7011 -2.9641 -4.8259 7.8618 -2.4607 19.0700 -0.1449 14.7149 -0.3812 -9.9324 -8.0729 -0.6817 1.6228 -0.4249 -2.1848 -11.8767 -7.9927 -26.8177 0.1127 18.8644 0.3413 8.8526 -9.3342 4.4877 -1.4153 -0.0939 0.7137
0.0004 98.3705 0.1053 1.1551 -4.5095 -2.4563 -1.8563 0.8824 -0.0130 -0.7113 -4.6305 0.3561 -0.1142 11.5898 -1.7689 -6.9197 -3.6420 4.6931 -0.7501 -3.7225 -1.1444 -1.9208 -19.8017 -2.0286 0.0660 0.0927 -0.0601 0.5864 -10.4663 -3.9423 -0.4611 -10.4793 3.7957 -7.5663 14.9419 -6.1667 -65.0342 3.7330 -20.7018 -0.1865 -0.1451 -37.3954 11.9243 2.7521 1.8735 -15.3549 11.0736 15.9496 -60.6733 2.2547 1.8443 14.5776 11.4380 17.7787 51.1770 -39.2605 -19.7199 1.1568 0.8734 60.5851 -47.5321 -53.5582 28.2587 15.1890 7.3852 -15.4941 49.6958 -2.9408 -4.8337 7.8991 -1.9653 19.1046 -0.1411 14.0701 -0.3697 -9.9585 -7.8532 -0.6072 1.6232 -0.4135 -2.1769 -11.9444 -7.5086 -26.7689 0.1017 18.2021 0.3292 8.9337 -9.1178 4.4021 -1.4213 -0.1342 0.7221
0.0608 98.4171 0.2430 1.1381 -4.5753 -2.4924 -1.8722 0.7237 0.0077 -0.7196 -4.6825 0.3180 -0.1243 11.5153 -1.7250 -6.9880 -3.6921 4.8122 -0.7457 -3.7443 -1.2306 -1.9016 -19.4468 -2.0105 0.0583 0.0859 -0.0791 0.5775 -10.4822 -3.9593 -0.4683 -10.4884 3.7781 -7.6819 14.8758 -6.1446 -64.9515 3.7590 -20.4674 -0.2326 -0.1444 -37.5789 11.9244 2.6768 1.6663 -15.3694 11.0779 15.9953 -60.6583 2.2453 1.8526 14.7466 11.4034 17.6056 50.9011 -38.4662 -19.5608 1.0624 0.8592 60.7698 -47.9807 -53.8342 28.6699 15.1589 7.3776 -15.4724 49.6783 -2.9491 -4.8541 7.9203 -1.5395 19.1165 -0.1318 13.5676 -0.3524 -9.9703 -7.6828 -0.5527 1.6216 -0.4114 -2.1807 -12.0204 -7.0839 -26.7285 0.0853 17.6538 0.3001 9.0098 -8.9505 4.3212 -1.4263 -0.1862 0.7305
0.1498 98.4535 0.3793 1.1196 -4.6486 -2.5341 -1.8890 0.5733 0.0247 -0.7205 -4.7173 0.3118 -0.1374 11.4706 -1.7266 -7.0907 -3.7884 4.9418 -0.7615 -3.7748 -1.3101 -1.9102 -19.1717 -1.9445 0.0557 0.0777 -0.0920 0.5802 -10.5065 -3.9727 -0.4770 -10.5107 3.7667 -7.7934 14.8032 -6.1166 -64.8470 3.7884 -20.2752 -0.2582 -0.1528 -37.7827 11.9150 2.6649 1.5187 -15.4189 11.0630 16.0336 -60.6676 2.2124 1.8587 14.9463 11.3717 17.4377 50.6554 -37.8110 -19.4551 1.0051 0.8249 60.8769 -48.4695 -54.0661 29.1865 15.1916 7.3246 -15.4361 49.7060 -2.9684 -4.9032 7.9384 -1.1968 19.1277 -0.1255 13.2253 -0.3446 -9.9719 -7.5748 -0.5192 1.6180 -0.4113 -2.1889 -12.0995 -6.7345 -26.7532 0.0819 17.2143 0.3006 9.0755 -8.7811 4.2900 -1.4290 -0.2537 0.7409
0.2170 98.4632 0.4766 1.1175 -4.7251 -2.5842 -1.9087 0.4606 0.0456 -0.7262 -4.7516 0.2962 -0.1438 11.4419 -1.7083 -7.2351 -3.9539 5.0737 -0.7791 -3.7945 -1.3657 -1.9365 -19.0373 -1.8741 0.0554 0.0742 -0.0891 0.5862 -10.5177 -3.9684 -0.4835 -10.5207 3.7703 -7.8800 14.6934 -6.0513 -64.7258 3.8415 -20.1235 -0.3275 -0.1899 -37.9439 11.8873 2.7221 1.3779 -15.4553 11.0597 16.0600 -60.6767 2.1927 1.8671 15.1240 11.3790 17.3122 50.5456 -37.3455 -19.4678 1.0078 0.8251 60.8638 -49.0769 -54.3146 29.8961 15.2513 7.2531 -15.4163 49.7003 -3.0160 -4.9649 7.9479 -0.9354 19.1750 -0.1220 13.0215 -0.3466 -9.9746 -7.5227 -0.4997 1.6166 -0.4195 -2.2036 -12.2021 -6.5011 -26.8032 0.0775 16.9307 0.3004 9.1455 -8.6754 4.3238 -1.4293 -0.2617 0.7345
0.3004 98.4705 0.5648 1.1262 -4.8024 -2.6581 -1.9279 0.3684 0.0793 -0.7212 -4.7816 0.2722 -0.1425 11.4365 -1.6820 -7.4107 -4.1193 5.1652 -0.7893 -3.8061 -1.3818 -1.9869 -19.0279 -1.8060 0.0580 0.0710 -0.0807 0.5953 -10.5304 -3.9586 -0.4876 -10.5321 3.7780 -7.9839 14.6000 -6.0004 -64.5879 3.8890 -20.0008 -0.3769 -0.1967 -38.1151 11.8481 2.7853 1.2879 -15.4546 11.0417 16.0768 -60.6904 2.1690 1.8945 15.2318 11.3988 17.2371 50.5025 -36.9212 -19.4502 0.9697 0.8493 60.8145 -49.7055 -54.5871 30.6586 15.2974 7.1958 -15.4013 49.7290 -3.0893 -5.0273 7.9424 -0.7142 19.2289 -0.1185 12.9022 -0.3503 -9.9741 -7.5339 -0.4824 1.6151 -0.4251 -2.2194 -12.3111 -6.3418 -26.8244 0.0865 16.7530 0.3151 9.1978 -8.5827 4.3801 -1.4266 -0.2526 0.7303
0.3514 98.4723 0.6317 1.1426 -4.8640 -2.7457 -1.9398 0.2797 0.1031 -0.7116 -4.8107 0.2693 -0.1527 11.4369 -1.6633 -7.6016 -4.2736 5.2390 -0.7908 -3.8074 -1.3669 -2.0416 -19.1049 -1.7752 0.0603 0.0700 -0.0744 0.6026 -10.5357 -3.9555 -0.4905 -10.5382 3.7878 -8.0972 14.5558 -5.9571 -64.4303 3.9513 -19.8935 -0.4038 -0.1915 -38.3019 11.8164 2.8985 1.2294 -15.3890 11.0312 16.0792 -60.6595 2.1456 1.8964 15.2749 11.4228 17.2115 50.5717 -36.4939 -19.3978 0.9000 0.8438 60.7828 -50.5298 -54.8990 31.6101 15.3325 7.1476 -15.3907 49.7394 -3.1448 -5.0786 7.9274 -0.5080 19.3286 -0.1138 12.7628 -0.3586 -9.9668 -7.5261 -0.4916 1.6152 -0.4499 -2.2412 -12.4114 -6.2255 -26.8339 0.0939 16.6080 0.3278 9.2504 -8.5092 4.4786 -1.4229 -0.2292 0.7243
0.4229 98.4810 0.7010 1.1612 -4.9087 -2.8533 -1.9537 0.2071 0.1040 -0.7004 -4.8384 0.2914 -0.1555 11.4236 -1.6723 -7.7416 -4.3895 5.2770 -0.7939 -3.8141 -1.3401 -2.0839 -19.2163 -1.7566 0.0599 0.0713 -0.0758 0.6037 -10.5382 -3.9578 -0.4927 -10.5421 3.7877 -8.1757 14.5292 -5.9157 -64.3133 4.0379 -19.8199 -0.3835 -0.2149 -38.5064 11.7847 3.0264 1.1920 -15.3260 11.0050 16.0646 -60.6354 2.1174 1.9017 15.2672 11.4544 17.1993 50.7275 -36.0523 -19.2367 0.8069 0.8493 60.7898 -51.4385 -55.2980 32.6487 15.3613 7.1448 -15.3740 49.7123 -3.1461 -5.0804 7.9046 -0.3316 19.4325 -0.1114 12.6368 -0.3696 -9.9512 -7.5099 -0.4711 1.6136 -0.4307 -2.2495 -12.5076 -6.1416 -26.8238 0.1068 16.4694 0.3377 9.3012 -8.4369 4.5947 -1.4191 -0.1993 0.7255
0.4974 98.4766 0.7519 1.1870 -4.9469 -2.9740 -1.9698 0.1590 0.1027 -0.7006 -4.8663 0.2868 -0.1624 11.3873 -1.6588 -7.8127 -4.4898 5.2706 -0.7737 -3.8202 -1.2894 -2.1251 -19.2724 -1.7468 0.0578 0.0718 -0.0801 0.6012 -10.5380 -3.9615 -0.4945 -10.5458 3.7832 -8.1946 14.5013 -5.8829 -64.2803 4.1689 -19.8027 -0.3170 -0.2087 -38.6488 11.7754 3.0748 1.1281 -15.2712 10.9898 16.0370 -60.6297 2.1020 1.9053 15.2511 11.4813 17.2031 50.9380 -35.5890 -19.0086 0.7077 0.8281 60.8624 -52.3086 -55.6526 33.6231 15.3572 7.1573 -15.3373 49.6588 -3.1086 -5.0209 7.8746 -0.1436 19.5454 -0.1146 12.4834 -0.3912 -9.9448 -7.4981 -0.4245 1.6116 -0.4056 -2.2382 -12.6039 -6.0724 -26.7551 0.1129 16.3487 0.3310 9.3784 -8.3867 4.6672 -1.4165 -0.1750 0.7328
0.5667 98.4820 0.8207 1.2170 -4.9812 -3.0519 -1.9923 0.1139 0.0611 -0.6975 -4.8763 0.3158 -0.1734 11.3169 -1.6633 -7.8117 -4.5491 5.2132 -0.7575 -3.8276 -1.2684 -2.1094 -19.2703 -1.7116 0.0565 0.0709 -0.0836 0.5974 -10.5359 -3.9665 -0.4936 -10.5475 3.7794 -8.1564 14.4834 -5.8604 -64.3144 4.2873 -19.7993 -0.2395 -0.2048 -38.7063 11.7668 3.0337 1.0636 -15.2359 10.9458 15.9941 -60.6173 2.0713 1.9057 15.2334 11.5420 17.1963 51.2753 -35.0961 -18.7671 0.5747 0.8639 61.0728 -53.0647 -55.9908 34.4258 15.3910 7.1938 -15.3159 49.6569 -3.0476 -4.9505 7.8361 0.0516 19.6135 -0.1123 12.2929 -0.3904 -9.9464 -7.4458 -0.3621 1.6128 -0.3877 -2.2116 -12.6963 -5.9896 -26.6836 0.1210 16.2173 0.3324 9.4856 -8.3277 4.6594 -1.4154 -0.1826 0.7410
0.6377 98.5013 0.8528 1.2442 -5.0086 -3.1130 -2.0143 0.0722 0.0455 -0.7077 -4.8854 0.3135 -0.1822 11.2434 -1.6651 -7.7290 -4.5970 5.1502 -0.7153 -3.8295 -1.2605 -2.1016 -19.2522 -1.7022 0.0589 0.0718 -0.0798 0.5972 -10.5323 -3.9609 -0.4884 -10.5446 3.7794 -8.0588 14.4484 -5.8229 -64.3844 4.4089 -19.7373 -0.2156 -0.2139 -38.7276 11.7467 3.0816 1.0134 -15.2191 10.9412 15.9675 -60.5958 2.0719 1.9102 15.2244 11.5928 17.2024 51.7028 -34.6689 -18.5922 0.5074 0.9153 61.3735 -53.6087 -56.2612 35.0076 15.4007 7.2240 -15.3305 49.6429 -2.9625 -4.8894 7.7938 0.2431 19.6563 -0.1132 12.0840 -0.4002 -9.9611 -7.3656 -0.2728 1.6155 -0.3693 -2.1798 -12.7708 -5.8997 -26.6241 0.1179 16.0668 0.3386 9.5844 -8.2615 4.6056 -1.4155 -0.1907 0.7567
0.6876 98.5331 0.9039 1.2668 -5.0362 -3.1137 -2.0415 0.0408 0.0470 -0.7205 -4.9074 0.2959 -0.1805 11.1716 -1.6434 -7.6078 -4.6255 5.0567 -0.6818 -3.8048 -1.2579 -2.0752 -19.2627 -1.7575 0.0621 0.0760 -0.0778 0.5933 -10.5211 -3.9592 -0.4779 -10.5333 3.7797 -7.9254 14.4509 -5.8256 -64.4742 4.5042 -19.6709 -0.1794 -0.2152 -38.7261 11.7007 3.2318 1.0396 -15.1994 10.9578 15.9569 -60.5953 2.0901 1.9160 15.2619 11.6417 17.2109 52.2070 -34.2821 -18.5313 0.4568 1.0163 61.7983 -54.1832 -56.5932 35.6309 15.4039 7.2234 -15.3569 49.6567 -2.9310 -4.8402 7.7428 0.4123 19.6203 -0.1131 11.9038 -0.3977 -9.9837 -7.2827 -0.1753 1.6189 -0.3501 -2.1691 -12.8447 -5.8036 -26.6256 0.1098 15.9141 0.3383 9.6741 -8.1898 4.5697 -1.4189 -0.2282 0.7632
0.7248 98.5630 0.9328 1.2835 -5.0625 -3.0654 -2.0788 0.0063 0.0418 -0.7303 -4.9166 0.3024 -0.1660 11.0990 -1.6272 -7.4870 -4.6359 4.9751 -0.6767 -3.7801 -1.2994 -2.0314 -19.3149 -1.8911 0.0594 0.0799 -0.0849 0.5843 -10.5138 -3.9662 -0.4744 -10.5262 3.7722 -7.7469 14.4530 -5.8333 -64.5777 4.5658 -19.6066 -0.1999 -0.2240 -38.6822 11.6577 3.4360 1.0934 -15.2172 10.9872 15.9784 -60.6152 2.1068 1.9491 15.3313 11.6465 17.2128 52.7368 -33.9245 -18.5025 0.3544 1.1256 62.2883 -54.8978 -57.0053 36.4529 15.4474 7.2219 -15.3891 49.7226 -2.9021 -4.8252 7.6862 0.5575 19.5162 -0.1093 11.7441 -0.3959 -9.9733 -7.1975 -0.1005 1.6205 -0.3447 -2.1691 -12.9102 -5.7113 -26.6721 0.1021 15.7731 0.3426 9.7231 -8.1134 4.5177 -1.4211 -0.2811 0.7663
0.7772 98.5741 0.9615 1.2907 -5.0878 -2.9945 -2.1165 -0.0180 0.0565 -0.7478 -4.9255 0.3094 -0.1393 11.0495 -1.6137 -7.3597 -4.6583 4.9330 -0.7103 -3.7613 -1.3656 -2.0097 -19.3862 -2.0643 0.0561 0.0811 -0.0910 0.5764 -10.5041 -3.9686 -0.4734 -10.5170 3.7624 -7.5756 14.4629 -5.8170 -64.6509 4.6109 -19.5319 -0.2405 -0.2304 -38.6300 11.5973 3.6144 1.1633 -15.2426 11.0323 15.9983 -60.6507 2.1245 1.9903 15.4375 11.6382 17.2556 53.2977 -33.7298 -18.5879 0.3178 1.2053 62.7454 -55.7146 -57.3507 37.4243 15.5305 7.1884 -15.4066 49.7963 -2.9092 -4.8260 7.6490 0.6430 19.3937 -0.1107 11.6765 -0.4022 -9.9217 -7.1668 -0.0524 1.6209 -0.3361 -2.1715 -12.9667 -5.6439 -26.7512 0.0991 15.6748 0.3472 9.7592 -8.0745 4.4619 -1.4249 -0.3389 0.7741
0.8181 98.5735 0.9616 1.2919 -5.1055 -2.8966 -2.1486 -0.0388 0.0788 -0.7588 -4.9202 0.3189 -0.1030 11.0272 -1.5687 -7.2644 -4.7265 4.9140 -0.7691 -3.7526 -1.4780 -2.0028 -19.4411 -2.2406 0.0504 0.0808 -0.0963 0.5725 -10.5094 -3.9716 -0.4813 -10.5219 3.7560 -7.4235 14.4602 -5.7984 -64.6942 4.6262 -19.4730 -0.2995 -0.2445 -38.5768 11.5314 3.6913 1.2143 -15.2685 11.0643 16.0122 -60.6689 2.1335 2.0238 15.5053 11.5936 17.2940 53.8405 -33.6083 -18.6948 0.2750 1.2524 63.1030 -56.5969 -57.6357 38.4730 15.6126 7.1475 -15.4137 49.8652 -2.9276 -4.8614 7.6047 0.6337 19.2612 -0.1121 11.7614 -0.3995 -9.8521 -7.2303 -0.0226 1.6192 -0.3308 -2.1768 -13.0148 -5.6284 -26.8692 0.0999 15.6684 0.3498 9.7911 -8.0986 4.4402 -1.4298 -0.3696 0.7916
0.8508 98.5527 0.9606 1.2826 -5.1184 -2.7855 -2.1695 -0.0479 0.1047 -0.7689 -4.9030 0.3430 -0.0605 11.0149 -1.4964 -7.2185 -4.8271 4.9085 -0.8213 -3.7538 -1.6340 -2.0036 -19.5048 -2.3844 0.0451 0.0809 -0.1027 0.5717 -10.5169 -3.9755 -0.4918 -10.5258 3.7486 -7.3048 14.4632 -5.7888 -64.7104 4.6421 -19.3917 -0.3307 -0.2575 -38.5386 11.4425 3.6885 1.2214 -15.2804 11.0731 16.0029 -60.6587 2.1164 2.0479 15.5473 11.5417 17.3371 54.4248 -33.5920 -18.8762 0.2608 1.2749 63.3292 -57.5116 -57.7996 39.5786 15.7135 7.1195 -15.4082 49.9226 -2.9233 -4.8927 7.5706 0.5418 19.1474 -0.1093 11.9547 -0.3909 -9.7800 -7.3441 -0.0220 1.6178 -0.2970 -2.1913 -13.0431 -5.6482 -26.9856 0.1025 15.7280 0.3483 9.7983 -8.1724 4.4447 -1.4328 -0.3938 0.8062
0.8819 98.5194 0.9162 1.2625 -5.1307 -2.6485 -2.1848 -0.0472 0.1204 -0.7753 -4.8785 0.3937 -0.0152 11.0146 -1.4321 -7.2027 -4.9277 4.8919 -0.8582 -3.7577 -1.7970 -2.0260 -19.5948 -2.5122 0.0420 0.0849 -0.1080 0.5715 -10.5111 -3.9769 -0.4976 -10.5188 3.7410 -7.1969 14.4392 -5.7515 -64.7180 4.6467 -19.2763 -0.3882 -0.2672 -38.4457 11.3457 3.6673 1.1895 -15.2838 11.0457 15.9908 -60.5664 2.0814 2.0736 15.5752 11.4960 17.4158 54.9551 -33.6944 -19.0785 0.2913 1.3066 63.3473 -58.6666 -57.9931 40.9108 15.8134 7.1059 -15.4159 49.9911 -2.9281 -4.9505 7.5548 0.3645 19.0881 -0.1090 12.2613 -0.3887 -9.6846 -7.5136 -0.0999 1.6162 -0.2404 -2.2074 -13.0625 -5.6995 -27.1327 0.1098 15.8309 0.3599 9.8024 -8.2568 4.4632 -1.4350 -0.3901 0.8167
0.9109 98.4707 0.8883 1.2339 -5.1464 -2.4730 -2.1917 -0.0330 0.1468 -0.7817 -4.8651 0.4417 0.0153 11.0460 -1.3920 -7.2168 -5.0376 4.8514 -0.8763 -3.7655 -1.9542 -2.0775 -19.7468 -2.5795 0.0449 0.0873 -0.1111 0.5715 -10.5145 -3.9794 -0.4919 -10.5187 3.7365 -7.0679 14.4477 -5.7008 -64.7336 4.6137 -19.1592 -0.4258 -0.2826 -38.2806 11.3126 3.6339 1.1860 -15.3076 11.0168 15.9695 -60.5486 2.0460 2.0662 15.5588 11.4755 17.5228 55.5072 -33.8891 -19.3321 0.3892 1.3229 63.1965 -59.8773 -58.1606 42.2256 15.8816 7.0746 -15.3933 50.0522 -2.9562 -4.9899 7.5500 0.1439 19.0295 -0.1072 12.6249 -0.3808 -9.5659 -7.6913 -0.2332 1.6116 -0.2008 -2.2291 -13.0773 -5.7675 -27.2711 0.1223 15.9940 0.3703 9.8202 -8.3574 4.5070 -1.4345 -0.3980 0.8333
0.9674 98.4299 0.8685 1.2157 -5.1626 -2.2872 -2.1971 -0.0112 0.1789 -0.7861 -4.8549 0.4851 0.0195 11.0815 -1.3559 -7.2714 -5.1444 4.7916 -0.8937 -3.7682 -2.0868 -2.1228 -19.9335 -2.6498 0.0499 0.0857 -0.1096 0.5712 -10.5135 -3.9783 -0.4807 -10.5150 3.7370 -6.9767 14.4933 -5.6396 -64.7172 4.5798 -18.9949 -0.4686 -0.2916 -38.0413 11.3447 3.6130 1.2049 -15.3473 10.9769 15.9199 -60.5690 2.0167 2.0231 15.4975 11.4771 17.6491 56.0248 -34.1256 -19.5784 0.5057 1.3733 62.9056 -61.0699 -58.2871 43.4330 15.9628 7.0626 -15.3882 50.1551 -2.9767 -5.0124 7.5428 -0.0499 18.9786 -0.1032 12.9349 -0.3749 -9.4609 -7.8521 -0.3970 1.6089 -0.1747 -2.2427 -13.1038 -5.8364 -27.3885 0.1238 16.1567 0.3700 9.8691 -8.4301 4.5371 -1.4315 -0.4090 0.8477
0.9665 98.4018 0.8510 1.2147 -5.1589 -2.1026 -2.2090 0.0141 0.2082 -0.7855 -4.8476 0.5133 0.0035 11.0870 -1.3152 -7.3386 -5.2553 4.7562 -0.9084 -3.7692 -2.1894 -2.1517 -20.1399 -2.7652 0.0556 0.0844 -0.1061 0.5739 -10.5025 -3.9757 -0.4718 -10.5089 3.7403 -6.9180 14.5091 -5.6023 -64.7022 4.6053 -18.7543 -0.4908 -0.2902 -37.7848 11.3713 3.5232 1.2065 -15.3894 10.9534 15.8995 -60.5725 1.9968 1.9943 15.4242 11.4853 17.7734 56.4151 -34.3709 -19.7497 0.5639 1.4018 62.5247 -61.8437 -58.3081 44.2134 16.0057 7.0703 -15.4117 50.2100 -2.9583 -5.0259 7.5105 -0.1936 18.9200 -0.1047 13.1195 -0.3818 -9.3833 -7.9325 -0.5148 1.6083 -0.1520 -2.2503 -13.1364 -5.8890 -27.4838 0.1250 16.2518 0.3748 9.9254 -8.4543 4.4978 -1.4277 -0.3897 0.8652
0.9990 98.3802 0.8425 1.2315 -5.1384 -1.8705 -2.2235 0.0432 0.1890 -0.7756 -4.8334 0.5684 -0.0200 11.0408 -1.2622 -7.4481 -5.3831 4.7270 -0.9318 -3.7670 -2.2820 -2.1570 -20.3891 -2.9322 0.0546 0.0849 -0.1069 0.5639 -10.4808 -3.9763 -0.4638 -10.4955 3.7391 -6.8523 14.4838 -5.5920 -64.7314 4.7051 -18.5293 -0.4669 -0.2698 -37.5415 11.3640 3.3163 1.1404 -15.4114 10.9420 15.8604 -60.6099 1.9928 1.9564 15.2762 11.4926 17.8796 56.7908 -34.5878 -19.9732 0.5421 1.4102 62.1569 -62.0156 -58.2048 44.3196 16.0319 7.0649 -15.4434 50.2489 -2.9660 -5.0051 7.4499 -0.2903 18.8448 -0.1060 13.1798 -0.3947 -9.3116 -7.9466 -0.6441 1.6104 -0.1387 -2.2428 -13.1748 -5.9152 -27.5666 0.1290 16.2757 0.3728 9.9859 -8.4524 4.3419 -1.4227 -0.3591 0.8716
1.0271 98.3891 0.8380 1.2629 -5.0941 -1.6352 -2.2373 0.0856 0.1754 -0.7645 -4.8197 0.5890 -0.0507 10.9571 -1.1996 -7.6059 -5.5433 4.7549 -0.9717 -3.7704 -2.3790 -2.1470 -20.6830 -3.1237 0.0487 0.0808 -0.1159 0.5475 -10.4735 -3.9866 -0.4590 -10.4952 3.7333 -6.7415 14.4047 -5.6102 -64.8231 4.8415 -18.2202 -0.4649 -0.2719 -37.4184 11.3790 3.0767 1.0020 -15.3955 10.9515 15.8458 -60.6069 1.9895 1.9143 15.0751 11.4673 18.0078 57.0737 -34.8146 -20.2944 0.5690 1.3185 61.8303 -61.5719 -57.9655 43.7590 16.0174 7.0370 -15.4804 50.1850 -2.9595 -4.9680 7.3611 -0.3630 18.7613 -0.1163 13.1617 -0.4171 -9.2153 -7.9145 -0.7654 1.6137 -0.1423 -2.2167 -13.2141 -5.9445 -27.6115 0.1278 16.2590 0.3662 10.0422 -8.4356 4.1388 -1.4190 -0.3374 0.8834
1.0512 98.4018 0.8137 1.3050 -5.0331 -1.4118 -2.2378 0.1383 0.1588 -0.7599 -4.7926 0.6314 -0.0876 10.8391 -1.1722 -7.8258 -5.7316 4.8330 -1.0046 -3.7741 -2.4900 -2.1022 -20.9466 -3.3184 0.0414 0.0777 -0.1281 0.5354 -10.4583 -3.9984 -0.4618 -10.4834 3.7236 -6.6094 14.2756 -5.6337 -64.9332 4.9831 -17.8797 -0.4667 -0.2438 -37.3875 11.3649 2.7531 0.8129 -15.3765 10.9536 15.8304 -60.5877 1.9932 1.8831 14.8284 11.4174 18.1040 57.2511 -34.9999 -20.6312 0.5981 1.2551 61.5356 -60.8195 -57.7457 42.8474 15.9675 7.0178 -15.5005 50.0753 -2.9511 -4.8970 7.2648 -0.4011 18.6751 -0.1243 13.0424 -0.4321 -9.1636 -7.8230 -0.8645 1.6169 -0.1552 -2.1884 -13.2604 -5.9485 -27.6450 0.1240 16.1587 0.3466 10.0886 -8.3795 3.8919 -1.4171 -0.3422 0.8878
1.0932 98.4357 0.7550 1.3445 -4.9667 -1.1617 -2.2195 0.1965 0.1268 -0.7586 -4.7647 0.7008 -0.1259 10.7435 -1.1723 -8.0722 -5.9227 4.8839 -1.0260 -3.7834 -2.5942 -2.0094 -21.2144 -3.4874 0.0367 0.0729 -0.1349 0.5239 -10.4538 -4.0033 -0.4602 -10.4757 3.7157 -6.4751 14.1901 -5.6553 -64.9838 5.0645 -17.6142 -0.4578 -0.2385 -37.5148 11.3329 2.3976 0.6391 -15.3655 10.9731 15.8296 -60.6197 2.0094 1.8620 14.5645 11.3881 18.1942 57.2984 -35.2393 -21.0349 0.6716 1.2294 61.3324 -59.7923 -57.5630 41.6138 15.8986 7.0221 -15.5157 49.9556 -2.9360 -4.8507 7.1587 -0.4465 18.5434 -0.1264 12.9055 -0.4287 -9.1260 -7.6843 -0.9621 1.6205 -0.1894 -2.1566 -13.2825 -5.9600 -27.6921 0.1175 16.0506 0.3257 10.0774 -8.3053 3.6637 -1.4154 -0.3686 0.8764
1.1068 98.4757 0.6934 1.3819 -4.9157 -0.9143 -2.1928 0.2646 0.1270 -0.7627 -4.7471 0.7318 -0.1497 10.6893 -1.1604 -8.3098 -6.0666 4.9483 -1.0245 -3.7833 -2.6756 -1.9279 -21.4574 -3.6580 0.0363 0.0677 -0.1358 0.5188 -10.4617 -4.0025 -0.4561 -10.4778 3.7130 -6.3965 14.1510 -5.6623 -64.9296 5.1001 -17.4409 -0.4099 -0.2438 -37.7910 11.3311 2.0682 0.5432 -15.3381 10.9909 15.8154 -60.6658 2.0270 1.8337 14.3246 11.3676 18.2922 57.1372 -35.4905 -21.4066 0.7583 1.2388 61.1969 -59.0171 -57.5651 40.6367 15.8574 7.0221 -15.5112 49.8771 -2.9510 -4.8280 7.0642 -0.5094 18.4119 -0.1295 12.8199 -0.4274 -9.0905 -7.5642 -1.0620 1.6230 -0.2444 -2.1422 -13.3008 -5.9815 -27.7463 0.1073 16.0064 0.2918 10.0177 -8.2264 3.5165 -1.4176 -0.4115 0.8635
1.1050 98.4913 0.6354 1.4180 -4.8722 -0.6628 -2.1643 0.3436 0.1497 -0.7685 -4.7244 0.7519 -0.1642 10.6556 -1.1565 -8.5144 -6.1329 5.0347 -1.0178 -3.7881 -2.7444 -1.8457 -21.6310 -3.8245 0.0406 0.0650 -0.1301 0.5225 -10.4699 -3.9932 -0.4518 -10.4771 3.7147 -6.3547 14.1270 -5.6631 -64.8095 5.0384 -17.2677 -0.3959 -0.2508 -38.1189 11.4256 1.7539 0.4769 -15.3361 10.9934 15.7974 -60.6808 2.0329 1.8156 14.1100 11.3566 18.3719 56.7700 -35.7837 -21.6696 0.8438 1.2813 61.0313 -58.4557 -57.7080 39.9058 15.8449 7.0265 -15.5071 49.8898 -2.9756 -4.8662 6.9895 -0.6281 18.3034 -0.1314 12.8338 -0.4150 -9.0545 -7.5072 -1.2064 1.6219 -0.2865 -2.1386 -13.3147 -6.0497 -27.8407 0.1007 16.0493 0.2677 9.9385 -8.2028 3.4201 -1.4205 -0.4554 0.8629
1.0659 98.4971 0.5716 1.4533 -4.8146 -0.4158 -2.1370 0.4108 0.1574 -0.7743 -4.6962 0.7575 -0.1659 10.6259 -1.1201 -8.6889 -6.1022 5.1278 -1.0023 -3.7931 -2.8287 -1.7797 -21.7567 -3.9221 0.0390 0.0673 -0.1262 0.5171 -10.4704 -3.9855 -0.4493 -10.4687 3.7156 -6.3461 14.1170 -5.6657 -64.6441 4.9031 -17.1460 -0.3965 -0.2672 -38.4244 11.6035 1.4971 0.4060 -15.3241 11.0177 15.8037 -60.6714 2.0417 1.8063 13.9076 11.3488 18.4107 56.2905 -36.1117 -21.8448 0.8964 1.3193 60.8012 -57.9378 -57.8853 39.2953 15.8518 7.0418 -15.4877 49.9400 -2.9931 -4.9081 6.9233 -0.8113 18.1957 -0.1331 12.9247 -0.4033 -9.0328 -7.4866 -1.3786 1.6208 -0.3101 -2.1401 -13.3082 -6.1950 -27.9644 0.0989 16.1906 0.2623 9.8649 -8.2398 3.3265 -1.4211 -0.4849 0.8574
1.0192 98.4800 0.4869 1.4837 -4.7355 -0.1613 -2.1159 0.4749 0.1525 -0.7710 -4.6658 0.7991 -0.1759 10.6026 -1.1121 -8.8161 -5.9806 5.2033 -1.0031 -3.8024 -2.9044 -1.6574 -21.8134 -4.0136 0.0395 0.0721 -0.1199 0.5148 -10.4636 -3.9747 -0.4464 -10.4556 3.7177 -6.3341 14.0723 -5.6557 -64.4933 4.7504 -17.0416 -0.3880 -0.2818 -38.7050 11.8200 1.3044 0.3462 -15.3288 11.0341 15.8227 -60.6705 2.0421 1.8079 13.7068 11.3041 18.4212 55.7380 -36.4172 -21.9818 0.9273 1.3171 60.4843 -57.5325 -58.0788 38.9161 15.8506 7.0706 -15.5038 50.0280 -3.0178 -4.9816 6.8663 -1.0748 18.1061 -0.1334 13.1036 -0.3933 -9.0053 -7.5079 -1.5754 1.6187 -0.3321 -2.1542 -13.2739 -6.3953 -28.1187 0.1052 16.4127 0.2661 9.7859 -8.3315 3.2674 -1.4228 -0.5118 0.8594
0.9522 98.4589 0.4077 1.5033 -4.6482 0.0451 -2.0861 0.5447 0.1545 -0.7661 -4.6441 0.8127 -0.1986 10.5923 -1.0837 -8.8899 -5.8079 5.2604 -0.9997 -3.8056 -2.9449 -1.5522 -21.8764 -4.0643 0.0396 0.0752 -0.1170 0.5104 -10.4626 -3.9729 -0.4413 -10.4533 3.7219 -6.3119 14.0472 -5.6453 -64.3876 4.5548 -16.9135 -0.4157 -0.3335 -38.9427 12.0723 1.1288 0.2748 -15.3140 11.0418 15.8562 -60.6600 2.0213 1.8355 13.5325 11.2443 18.4194 55.2130 -36.7880 -22.1520 1.0239 1.2206 60.0974 -57.0194 -58.1552 38.4684 15.8345 7.0754 -15.5018 50.0710 -3.0460 -5.0437 6.8348 -1.4062 18.0629 -0.1368 13.3825 -0.3997 -8.9899 -7.5844 -1.7862 1.6185 -0.3356 -2.1720 -13.2024 -6.6618 -28.2497 0.1071 16.7402 0.2688 9.7230 -8.4792 3.2298 -1.4236 -0.5055 0.8548
0.8711 98.4141 0.3027 1.5282 -4.5636 0.2607 -2.0628 0.6292 0.1335 -0.7588 -4.6109 0.8391 -0.2367 10.5983 -1.0657 -8.9167 -5.5897 5.2961 -1.0066 -3.8083 -2.9528 -1.4497 -21.9579 -4.1382 0.0395 0.0786 -0.1158 0.5079 -10.4590 -3.9743 -0.4387 -10.4493 3.7260 -6.2872 14.0422 -5.6414 -64.3294 4.3126 -16.7740 -0.4622 -0.3547 -39.0905 12.2743 0.9721 0.1774 -15.2768 11.0144 15.8779 -60.6102 1.9821 1.8931 13.3470 11.1855 18.3859 54.8879 -37.2313 -22.4425 1.1225 1.1638 59.7211 -56.5712 -58.2798 38.1066 15.7916 7.0876 -15.5125 50.0318 -3.0934 -5.0675 6.8195 -1.7441 18.0128 -0.1357 13.6799 -0.4089 -9.0029 -7.6508 -1.9981 1.6216 -0.3468 -2.1822 -13.1346 -6.9489 -28.3684 0.1108 17.1246 0.2744 9.6702 -8.6769 3.1847 -1.4232 -0.4840 0.8455
0.7806 98.3849 0.2001 1.5447 -4.5072 0.4232 -2.0437 0.7429 0.1327 -0.7514 -4.5891 0.8487 -0.2795 10.6421 -1.0744 -8.9107 -5.3606 5.3111 -1.0245 -3.8161 -2.9141 -1.3457 -22.0945 -4.2191 0.0384 0.0802 -0.1183 0.5061 -10.4633 -3.9802 -0.4379 -10.4544 3.7289 -6.2515 14.0889 -5.6325 -64.3332 4.0807 -16.6598 -0.5310 -0.3778 -39.1716 12.4535 0.9060 0.0927 -15.2776 10.9905 15.8791 -60.5994 1.9497 1.9005 13.2058 11.1476 18.3509 54.6545 -37.7547 -22.7954 1.2880 1.0785 59.4134 -56.4046 -58.3768 37.9958 15.7650 7.0890 -15.5172 49.9713 -3.1353 -5.0566 6.8310 -2.0624 17.9623 -0.1376 13.9920 -0.4211 -9.0381 -7.7187 -2.1687 1.6233 -0.3520 -2.1805 -13.0591 -7.2208 -28.4241 0.1090 17.5586 0.2740 9.5894 -8.8860 3.1487 -1.4212 -0.4688 0.8473
0.6695 98.3494 0.1056 1.5619 -4.4573 0.5442 -2.0207 0.8541 0.1058 -0.7419 -4.5653 0.8661 -0.3158 10.7129 -1.0829 -8.8845 -5.1301 5.2982 -1.0323 -3.8133 -2.8307 -1.2530 -22.2448 -4.2988 0.0348 0.0824 -0.1213 0.5070 -10.4752 -3.9890 -0.4454 -10.4658 3.7333 -6.2603 14.1895 -5.6237 -64.3577 3.9100 -16.6880 -0.5766 -0.3988 -39.1649 12.5668 0.8672 0.0353 -15.2909 10.9707 15.8797 -60.6139 1.9427 1.9069 13.0909 11.1367 18.2986 54.4929 -38.2846 -23.0973 1.3520 1.0133 59.1518 -56.2036 -58.5060 37.8356 15.7160 7.1158 -15.5464 49.9044 -3.1461 -5.0562 6.8545 -2.3662 17.8823 -0.1365 14.3003 -0.4152 -9.0536 -7.7823 -2.3174 1.6257 -0.3543 -2.1720 -12.9706 -7.5020 -28.4738 0.1114 18.0223 0.2753 9.4649 -9.1094 3.1225 -1.4184 -0.4418 0.8406
0.5280 98.3090 0.0048 1.5834 -4.4252 0.5809 -2.0021 0.9854 0.1135 -0.7348 -4.5481 0.8506 -0.3394 10.8137 -1.1051 -8.8095 -4.9139 5.2974 -1.0225 -3.8020 -2.7395 -1.2297 -22.4198 -4.3074 0.0365 0.0855 -0.1157 0.5119 -10.4874 -3.9880 -0.4467 -10.4808 3.7440 -6.3027 14.3189 -5.6066 -64.4171 3.8350 -16.9342 -0.5717 -0.4021 -39.0434 12.6293 0.8856 0.0915 -15.3032 10.9773 15.8641 -60.7038 1.9736 1.8810 13.0219 11.1481 18.2668 54.3244 -38.8069 -23.3106 1.4070 0.9411 58.8886 -55.8249 -58.4435 37.5081 15.6700 7.1177 -15.5453 49.8466 -3.1805 -5.0371 6.9018 -2.6540 17.8473 -0.1476 14.6278 -0.4131 -9.0515 -7.8557 -2.4460 1.6280 -0.3207 -2.1627 -12.8830 -7.8131 -28.4946 0.1099 18.5648 0.2542 9.3196 -9.3773 3.1765 -1.4178 -0.3825 0.8364
0.3909 98.2534 -0.0599 1.6025 -4.3990 0.5816 -1.9773 1.1046 0.1216 -0.7335 -4.5180 0.8290 -0.3435 10.9305 -1.1421 -8.7120 -4.7003 5.2846 -0.9973 -3.7953 -2.6574 -1.2478 -22.6004 -4.2368 0.0387 0.0932 -0.1044 0.5127 -10.4936 -3.9800 -0.4430 -10.4873 3.7580 -6.4201 14.4500 -5.6071 -64.4636 3.8486 -17.3820 -0.5741 -0.4049 -38.7740 12.6367 1.0786 0.2332 -15.3337 10.9804 15.8291 -60.7578 2.0031 1.8422 12.9952 11.1728 18.2219 54.1134 -39.3060 -23.4316 1.4842 0.8789 58.6335 -55.2973 -58.2348 37.1056 15.6242 7.1045 -15.5311 49.8111 -3.2018 -5.0463 6.9676 -2.9386 17.8523 -0.1566 14.9672 -0.3959 -9.0570 -7.9435 -2.5387 1.6297 -0.2608 -2.1587 -12.7937 -8.1487 -28.5168 0.1111 19.1632 0.2495 9.1838 -9.6527 3.2479 -1.4194 -0.2881 0.8384
0.2157 98.2009 -0.1376 1.6189 -4.3511 0.5430 -1.9489 1.1996 0.1411 -0.7318 -4.4942 0.8217 -0.3272 11.0646 -1.2418 -8.6044 -4.5007 5.2439 -0.9556 -3.7780 -2.5720 -1.2851 -22.7865 -4.0590 0.0473 0.1097 -0.0834 0.5182 -10.4729 -3.9604 -0.4305 -10.4646 3.7771 -6.6123 14.5740 -5.6214 -64.4980 3.9280 -18.0264 -0.5323 -0.3709 -38.4021 12.5572 1.4763 0.4587 -15.3507 10.9830 15.7993 -60.8110 2.0318 1.7673 13.0096 11.2022 18.1795 53.8692 -39.7649 -23.4263 1.5526 0.8270 58.3897 -54.7596 -57.8834 36.7572 15.6228 7.1147 -15.5496 49.8667 -3.2331 -5.0705 7.0404 -3.2207 17.9167 -0.1593 15.2539 -0.3839 -9.1166 -7.9757 -2.6118 1.6277 -0.1982 -2.1641 -12.6923 -8.4868 -28.5566 0.1224 19.7182 0.2604 9.0393 -9.8688 3.3525 -1.4225 -0.1991 0.8381
0.0623 98.1618 -0.1773 1.6290 -4.2990 0.4640 -1.9047 1.2789 0.1522 -0.7248 -4.4813 0.7899 -0.2942 11.2027 -1.3526 -8.5003 -4.2879 5.1577 -0.9041 -3.7568 -2.4473 -1.3570 -22.9831 -3.8403 0.0655 0.1240 -0.0461 0.5303 -10.4524 -3.9299 -0.4055 -10.4446 3.8136 -6.8203 14.6732 -5.6309 -64.6190 3.9899 -18.6524 -0.4624 -0.2999 -37.9906 12.4751 1.9939 0.6666 -15.3957 10.9919 15.7925 -60.8881 2.0606 1.7117 13.0231 11.2262 18.1568 53.5269 -40.1013 -23.2373 1.5277 0.8332 58.1935 -54.3016 -57.5681 36.4226 15.5930 7.1334 -15.5658 49.8933 -3.2331 -5.0896 7.1172 -3.4772 18.0012 -0.1550 15.5007 -0.3738 -9.2377 -8.0008 -2.6266 1.6241 -0.1425 -2.1814 -12.5736 -8.7793 -28.5574 0.1325 20.1767 0.2752 8.8900 -10.0555 3.4605 -1.4242 -0.1243 0.8274
-0.0839 98.1301 -0.2447 1.6183 -4.2348 0.3683 -1.8520 1.3477 0.1262 -0.7010 -4.4802 0.7522 -0.2386 11.3175 -1.4713 -8.3574 -4.0597 5.0812 -0.8942 -3.7501 -2.3461 -1.4125 -23.1519 -3.6376 0.0780 0.1294 -0.0190 0.5409 -10.4378 -3.9084 -0.3903 -10.4337 3.8407 -6.9439 14.7009 -5.6287 -64.8829 4.0392 -19.1312 -0.3947 -0.2266 -37.7065 12.4443 2.3592 0.8585 -15.4028 10.9889 15.7849 -60.8936 2.0749 1.6608 13.0058 11.2462 18.1345 53.1823 -40.3039 -22.9789 1.4809 0.8266 58.1013 -53.7798 -57.2987 35.9103 15.5499 7.1468 -15.5638 49.9049 -3.2269 -5.1045 7.1976 -3.6699 18.0157 -0.1545 15.6316 -0.3776 -9.3503 -7.9627 -2.5525 1.6218 -0.1184 -2.1873 -12.4246 -8.9813 -28.5444 0.1426 20.4571 0.3134 8.7541 -10.1484 3.5485 -1.4219 -0.0679 0.8227
-0.2210 98.1159 -0.2986 1.5903 -4.1616 0.2583 -1.7823 1.4013 0.0971 -0.6671 -4.4933 0.6827 -0.1649 11.4129 -1.5670 -8.2047 -3.8623 5.0129 -0.9075 -3.7377 -2.2624 -1.4558 -23.2389 -3.5092 0.0837 0.1256 -0.0046 0.5534 -10.4365 -3.9005 -0.3905 -10.4401 3.8589 -7.0140 14.7551 -5.6394 -65.2021 4.0403 -19.4999 -0.3103 -0.1897 -37.6408 12.4771 2.6408 1.0202 -15.4012 10.9693 15.7752 -60.8580 2.0808 1.6455 13.0037 11.3269 18.1280 52.8351 -40.4829 -22.7313 1.4164 0.7944 58.1188 -53.0049 -56.9575 35.1232 15.5203 7.1553 -15.5549 49.9113 -3.2292 -5.0681 7.2827 -3.8056 17.9845 -0.1582 15.6588 -0.3791 -9.4570 -7.8653 -2.4513 1.6207 -0.1459 -2.1732 -12.2607 -9.0912 -28.4895 0.1471 20.5567 0.3314 8.6467 -10.1382 3.6099 -1.4180 -0.0522 0.8125
-0.3242 98.1352 -0.3387 1.5569 -4.0810 0.1525 -1.7053 1.4287 0.0648 -0.6349 -4.5079 0.6130 -0.0926 11.4901 -1.6651 -7.9914 -3.6637 4.9524 -0.9318 -3.7435 -2.1858 -1.4695 -23.2093 -3.4253 0.0833 0.1171 -0.0011 0.5590 -10.4373 -3.8974 -0.3958 -10.4447 3.8631 -7.0364 14.8405 -5.6922 -65.5027 3.9736 -19.7888 -0.2236 -0.1568 -37.6964 12.4794 2.7147 1.0858 -15.4178 10.9363 15.7666 -60.8235 2.0768 1.6692 13.0466 11.4439 18.1141 52.4906 -40.6826 -22.5053 1.4107 0.7277 58.1733 -52.0682 -56.5634 34.1972 15.5090 7.1608 -15.5383 49.8814 -3.2062 -5.0096 7.3632 -3.8526 17.9454 -0.1625 15.5292 -0.3774 -9.5551 -7.7186 -2.3642 1.6223 -0.1619 -2.1526 -12.0967 -9.1064 -28.3937 0.1413 20.5015 0.3342 8.5566 -10.1027 3.5905 -1.4143 -0.0374 0.7981
-0.4139 98.1723 -0.3770 1.5194 -4.0057 0.0679 -1.6192 1.4277 0.0363 -0.6149 -4.5288 0.5471 0.0025 11.5692 -1.7302 -7.7727 -3.4983 4.8844 -0.9423 -3.7622 -2.1425 -1.5038 -23.0670 -3.3305 0.0762 0.1071 -0.0118 0.5543 -10.4530 -3.9098 -0.4058 -10.4610 3.8550 -7.0451 14.9280 -5.7801 -65.6986 3.8951 -20.0766 -0.1702 -0.1409 -37.8679 12.4368 2.6010 1.0970 -15.4081 10.9189 15.7796 -60.7820 2.0691 1.7655 13.1600 11.5413 18.0326 52.0381 -40.8748 -22.2233 1.4439 0.6338 58.2793 -51.2398 -56.1912 33.3780 15.5422 7.1747 -15.5203 49.8715 -3.1973 -4.9599 7.4265 -3.8494 17.8775 -0.1608 15.3191 -0.3591 -9.6277 -7.5501 -2.2700 1.6228 -0.1888 -2.1296 -11.9298 -9.0654 -28.2813 0.1199 20.3653 0.3226 8.4575 -10.0554 3.5652 -1.4135 -0.0357 0.7755
-0.4836 98.1941 -0.3906 1.4798 -3.9344 0.0021 -1.5286 1.4087 0.0278 -0.6104 -4.5306 0.5016 0.1131 11.6048 -1.7767 -7.5459 -3.3221 4.8567 -0.9550 -3.7780 -2.1500 -1.5798 -22.8951 -3.2506 0.0654 0.1022 -0.0312 0.5457 -10.4564 -3.9266 -0.4189 -10.4627 3.8361 -7.0631 14.9632 -5.8807 -65.7799 3.8425 -20.3339 -0.1877 -0.1556 -38.0573 12.3753 2.4850 1.0947 -15.3832 10.9452 15.8127 -60.7454 2.0885 1.8511 13.3390 11.5896 17.9525 51.4699 -41.0246 -21.9321 1.4649 0.6112 58.3596 -50.7719 -56.0048 32.9263 15.5859 7.1809 -15.5049 49.8445 -3.1891 -4.9403 7.4885 -3.8316 17.8656 -0.1557 15.0982 -0.3406 -9.6903 -7.4091 -2.2086 1.6235 -0.2095 -2.1202 -11.7786 -9.0093 -28.2009 0.0921 20.1928 0.2933 8.3807 -10.0041 3.5510 -1.4161 -0.0295 0.7555
-0.5448 98.2200 -0.4291 1.4537 -3.8759 -0.0464 -1.4491 1.3975 0.0554 -0.6134 -4.5382 0.4237 0.2346 11.6303 -1.7891 -7.3753 -3.1494 4.8637 -0.9663 -3.7916 -2.1896 -1.6781 -22.7605 -3.1844 0.0581 0.1005 -0.0420 0.5398 -10.4704 -3.9355 -0.4278 -10.4716 3.8264 -7.0835 14.9785 -5.9782 -65.7756 3.8143 -20.5971 -0.2306 -0.1911 -38.2553 12.3743 2.4349 1.1309 -15.3543 11.0029 15.8386 -60.7738 2.1221 1.8818 13.5168 11.5807 17.8757 50.7868 -41.1386 -21.6045 1.5009 0.5923 58.3565 -50.6761 -55.9477 32.8380 15.6286 7.1782 -15.4853 49.8471 -3.2005 -4.9661 7.5239 -3.8636 17.9042 -0.1524 14.9982 -0.3257 -9.7363 -7.3514 -2.1896 1.6231 -0.2280 -2.1255 -11.6707 -9.0029 -28.1654 0.0722 20.1244 0.2632 8.3323 -10.0062 3.5873 -1.4200 -0.0295 0.7504
-0.5568 98.2223 -0.4346 1.4369 -3.8495 -0.0759 -1.3934 1.3821 0.0600 -0.6056 -4.5441 0.3852 0.3533 11.6685 -1.8058 -7.2736 -2.9774 4.8823 -0.9774 -3.7949 -2.2766 -1.7727 -22.6861 -3.1481 0.0500 0.1026 -0.0487 0.5319 -10.4860 -3.9410 -0.4361 -10.4829 3.8215 -7.0941 14.9819 -6.0603 -65.7122 3.8147 -20.9761 -0.2350 -0.2249 -38.3842 12.4058 2.4153 1.1780 -15.3188 11.0743 15.8698 -60.8424 2.1564 1.8556 13.6380 11.5368 17.7907 50.1008 -41.1991 -21.2347 1.4726 0.5766 58.2910 -50.5947 -55.9368 32.7955 15.6254 7.1661 -15.4672 49.8109 -3.2370 -4.9905 7.5428 -3.8978 17.9163 -0.1473 14.9713 -0.3164 -9.7739 -7.3542 -2.1868 1.6225 -0.2362 -2.1402 -11.6147 -9.0342 -28.1887 0.0696 20.1444 0.2565 8.2655 -10.0284 3.6728 -1.4210 -0.0208 0.7427
-0.5630 98.2034 -0.4475 1.4370 -3.8632 -0.1226 -1.3669 1.3667 0.0741 -0.5923 -4.5531 0.3461 0.4498 11.7235 -1.8370 -7.2132 -2.8025 4.8929 -0.9961 -3.7965 -2.3237 -1.8517 -22.6685 -3.1311 0.0473 0.1029 -0.0462 0.5298 -10.4965 -3.9373 -0.4397 -10.4914 3.8243 -7.0945 15.0001 -6.1101 -65.6292 3.7992 -21.3515 -0.2205 -0.2484 -38.4367 12.4792 2.5613 1.2520 -15.3170 11.1328 15.8742 -60.9178 2.1756 1.8071 13.7105 11.5059 17.7282 49.4892 -41.2502 -20.8606 1.4422 0.5746 58.1509 -50.6259 -55.9651 32.8674 15.6001 7.1742 -15.4438 49.7958 -3.2322 -5.0292 7.5509 -3.8856 17.9388 -0.1476 14.9746 -0.3204 -9.8057 -7.4030 -2.1634 1.6209 -0.2346 -2.1653 -11.6202 -9.0702 -28.2204 0.0750 20.2097 0.2736 8.1978 -10.0568 3.7653 -1.4198 0.0012 0.7472
-0.5428 98.1802 -0.4436 1.4377 -3.8850 -0.1980 -1.3513 1.3318 0.0643 -0.5771 -4.5678 0.3304 0.5257 11.7786 -1.8501 -7.1675 -2.6449 4.8873 -1.0057 -3.7868 -2.3430 -1.9269 -22.6062 -3.1024 0.0452 0.1054 -0.0457 0.5313 -10.5043 -3.9379 -0.4453 -10.4996 3.8276 -7.1197 15.0053 -6.1382 -65.5523 3.7944 -21.6571 -0.1515 -0.2481 -38.4697 12.5058 2.7567 1.3435 -15.3041 11.1565 15.8724 -60.9803 2.1833 1.7674 13.7461 11.4723 17.6933 48.9915 -41.2770 -20.5103 1.3580 0.5956 57.9579 -50.5461 -55.9889 32.8533 15.5225 7.1849 -15.4134 49.7025 -3.2305 -5.0258 7.5503 -3.8379 17.9561 -0.1458 14.9541 -0.3312 -9.8149 -7.4558 -2.1108 1.6204 -0.2197 -2.1833 -11.6412 -9.0678 -28.1958 0.0853 20.2167 0.2929 8.1302 -10.0747 3.8457 -1.4172 0.0367 0.7456
-0.4840 98.1822 -0.4107 1.4500 -3.9066 -0.2768 -1.3520 1.2797 0.0550 -0.5620 -4.5896 0.3257 0.5820 11.8047 -1.8679 -7.1524 -2.4643 4.9103 -1.0196 -3.7870 -2.3756 -1.9857 -22.4876 -3.1011 0.0476 0.1068 -0.0385 0.5380 -10.4994 -3.9358 -0.4470 -10.4990 3.8395 -7.1820 14.9917 -6.1441 -65.4943 3.7814 -21.8392 -0.1090 -0.2252 -38.4560 12.4985 2.9439 1.4361 -15.2997 11.1608 15.8894 -60.9848 2.1794 1.7593 13.8020 11.4544 17.6908 48.5928 -41.3463 -20.2530 1.3127 0.6067 57.7325 -50.4591 -56.0251 32.8219 15.4882 7.1832 -15.3737 49.6196 -3.2168 -5.0035 7.5293 -3.7253 17.9710 -0.1490 14.8556 -0.3376 -9.7957 -7.4638 -2.0727 1.6215 -0.2170 -2.1932 -11.6920 -9.0073 -28.1354 0.0916 20.1043 0.3084 8.1138 -10.0390 3.8834 -1.4139 0.0667 0.7389
-0.3924 98.2060 -0.3883 1.4638 -3.9315 -0.3704 -1.3488 1.2180 0.0517 -0.5485 -4.6231 0.3071 0.6054 11.8015 -1.8527 -7.1589 -2.3061 4.9517 -1.0465 -3.7797 -2.4134 -2.0448 -22.2729 -3.1013 0.0538 0.1063 -0.0253 0.5444 -10.4896 -3.9247 -0.4410 -10.4947 3.8529 -7.2687 14.9478 -6.1380 -65.4676 3.8194 -21.9380 -0.0638 -0.1898 -38.4732 12.4387 3.0451 1.5518 -15.2784 11.1580 15.9131 -60.9829 2.1787 1.7560 13.8740 11.4484 17.7240 48.3185 -41.4529 -20.1360 1.3344 0.5816 57.5343 -50.2793 -56.0480 32.7258 15.4821 7.1706 -15.3572 49.5346 -3.2153 -4.9480 7.5026 -3.5505 18.0131 -0.1587 14.6848 -0.3570 -9.7329 -7.4278 -2.0405 1.6220 -0.2392 -2.1962 -11.7594 -8.8955 -27.9889 0.0874 19.9274 0.2946 8.1689 -9.9514 3.8806 -1.4126 0.0775 0.7276
-0.3016 98.2417 -0.3308 1.4789 -3.9673 -0.4331 -1.3419 1.1284 0.0256 -0.5376 -4.6459 0.3136 0.6100 11.7657 -1.8446 -7.1724 -2.1365 4.9997 -1.0656 -3.7873 -2.4480 -2.0800 -21.9619 -3.1074 0.0614 0.1037 -0.0099 0.5510 -10.4828 -3.9105 -0.4326 -10.4909 3.8651 -7.3828 14.9043 -6.1259 -65.4460 3.8553 -21.9868 -0.0399 -0.1817 -38.4637 12.3770 3.0451 1.6375 -15.2827 11.1537 15.9431 -60.9896 2.1772 1.7879 13.9674 11.4581 17.7544 48.0550 -41.5087 -20.0006 1.3356 0.5579 57.3684 -50.0543 -56.0755 32.5742 15.5088 7.1733 -15.3685 49.5186 -3.1929 -4.9210 7.4622 -3.2968 18.0244 -0.1607 14.4065 -0.3634 -9.6657 -7.3364 -2.0080 1.6228 -0.2425 -2.1895 -11.8396 -8.6998 -27.8408 0.0824 19.6136 0.2892 8.2603 -9.7815 3.8263 -1.4105 0.0964 0.7092
-0.1925 98.2932 -0.2781 1.4878 -4.0068 -0.4845 -1.3396 1.0246 0.0143 -0.5289 -4.6706 0.3162 0.5942 11.7067 -1.8487 -7.1624 -1.9805 5.0130 -1.0661 -3.7933 -2.4198 -2.0773 -21.5460 -3.1129 0.0652 0.0987 -0.0061 0.5584 -10.4702 -3.9047 -0.4326 -10.4807 3.8647 -7.5281 14.8168 -6.1226 -65.4183 3.9632 -22.0063 -0.0266 -0.1741 -38.4293 12.3114 2.9715 1.6823 -15.2807 11.1435 15.9480 -60.9557 2.1748 1.7807 14.0899 11.4145 17.7781 47.7320 -41.3961 -19.7714 1.3067 0.5820 57.2274 -49.8985 -56.1692 32.5143 15.5407 7.1915 -15.3729 49.5562 -3.1614 -4.8919 7.4038 -2.9828 17.9920 -0.1584 14.0428 -0.3694 -9.6019 -7.2045 -1.9144 1.6233 -0.2464 -2.1816 -11.9304 -8.4275 -27.6895 0.0769 19.1878 0.2851 8.3916 -9.5685 3.7243 -1.4111 0.0978 0.7050
-0.0746 98.3564 -0.2137 1.4984 -4.0668 -0.5150 -1.3416 0.9186 0.0138 -0.5242 -4.7082 0.3017 0.5616 11.6401 -1.8347 -7.1146 -1.8494 5.0162 -1.0668 -3.7936 -2.3872 -2.0488 -21.0608 -3.1120 0.0630 0.0934 -0.0115 0.5594 -10.4747 -3.9092 -0.4379 -10.4798 3.8589 -7.6940 14.7416 -6.1327 -65.3575 4.0706 -21.9829 -0.0319 -0.1689 -38.3734 12.2467 2.8450 1.6792 -15.2610 11.1442 15.9324 -60.9538 2.1897 1.7534 14.2294 11.3683 17.8083 47.3490 -41.1750 -19.4619 1.2123 0.6118 57.0931 -49.8752 -56.3121 32.6323 15.5525 7.2244 -15.4074 49.6034 -3.1440 -4.8666 7.3360 -2.6060 17.9381 -0.1575 13.6135 -0.3805 -9.5556 -7.0616 -1.7732 1.6250 -0.2401 -2.1742 -12.0384 -8.1030 -27.5298 0.0710 18.7094 0.2782 8.5091 -9.3327 3.6234 -1.4117 0.0872 0.6944
0.0615 98.4047 -0.1443 1.5029 -4.1340 -0.5573 -1.3453 0.7809 0.0010 -0.5320 -4.7177 0.3049 0.5334 11.5620 -1.8164 -7.0307 -1.7514 5.0210 -1.0766 -3.7955 -2.3732 -2.0301 -20.5005 -3.1015 0.0590 0.0907 -0.0200 0.5539 -10.4648 -3.9127 -0.4413 -10.4649 3.8451 -7.8774 14.6386 -6.1273 -65.2690 4.2141 -22.0211 -0.0103 -0.1373 -38.2619 12.1902 2.6355 1.6091 -15.2670 11.1482 15.9216 -60.9368 2.2135 1.7479 14.3664 11.3145 17.8379 47.0309 -40.9621 -19.1881 1.1199 0.6715 56.9591 -49.6449 -56.3980 32.5246 15.5481 7.2686 -15.4326 49.6506 -3.1239 -4.8392 7.2746 -2.1752 17.8790 -0.1526 13.0911 -0.3847 -9.5108 -6.8737 -1.6585 1.6289 -0.2435 -2.1661 -12.1520 -7.7223 -27.3577 0.0611 18.1537 0.2780 8.6476 -9.0818 3.4689 -1.4121 0.0735 0.6928
0.1941 98.4673 -0.0645 1.5028 -4.1965 -0.6041 -1.3665 0.6357 0.0356 -0.5460 -4.7418 0.2688 0.5135 11.4972 -1.7772 -6.9392 -1.6882 5.0324 -1.0788 -3.7945 -2.3646 -2.0067 -19.9194 -3.1342 0.0559 0.0864 -0.0298 0.5503 -10.4650 -3.9199 -0.4440 -10.4593 3.8339 -8.0550 14.5502 -6.1137 -65.1515 4.3372 -22.0321 -0.0119 -0.1263 -38.1656 12.1790 2.5208 1.5709 -15.2893 11.1662 15.9228 -60.9493 2.2397 1.7543 14.5104 11.2536 17.8770 46.7409 -40.7476 -18.9518 1.0662 0.6923 56.8038 -49.3669 -56.3850 32.3416 15.5216 7.2844 -15.4189 49.6535 -3.1005 -4.8054 7.2139 -1.7752 17.8275 -0.1487 12.6162 -0.3797 -9.4506 -6.7281 -1.5520 1.6285 -0.2689 -2.1632 -12.2589 -7.3641 -27.1883 0.0534 17.6339 0.2600 8.7552 -8.8402 3.3424 -1.4154 0.0098 0.6991
0.3572 98.5042 0.0078 1.5015 -4.2732 -0.6438 -1.4038 0.4974 0.0478 -0.5603 -4.7454 0.2724 0.4940 11.4171 -1.7355 -6.8516 -1.6620 5.0537 -1.0843 -3.7993 -2.3777 -1.9655 -19.3252 -3.1927 0.0552 0.0830 -0.0362 0.5541 -10.4710 -3.9268 -0.4498 -10.4610 3.8281 -8.2388 14.4481 -6.0895 -65.0051 4.4666 -22.0355 -0.0058 -0.1275 -38.0529 12.1310 2.4636 1.5296 -15.3378 11.1547 15.9249 -60.9407 2.2509 1.7957 14.6221 11.1767 17.8780 46.5384 -40.5244 -18.7676 1.0576 0.7103 56.6576 -48.9490 -56.3202 31.9403 15.4952 7.2865 -15.3825 49.6225 -3.0676 -4.7988 7.1606 -1.4040 17.7783 -0.1402 12.2040 -0.3690 -9.3775 -6.6133 -1.4574 1.6268 -0.2931 -2.1666 -12.3749 -7.0176 -27.0457 0.0492 17.1399 0.2566 8.8443 -8.5931 3.2084 -1.4195 -0.0454 0.7053
0.4637 98.5257 0.0649 1.5147 -4.3542 -0.6886 -1.4618 0.3732 0.0835 -0.5736 -4.7609 0.2716 0.4586 11.3463 -1.6957 -6.7907 -1.6540 5.0691 -1.0728 -3.8078 -2.3980 -1.9211 -18.7782 -3.2698 0.0571 0.0794 -0.0402 0.5618 -10.4849 -3.9330 -0.4533 -10.4703 3.8266 -8.3911 14.4006 -6.0587 -64.8600 4.5294 -22.0224 0.0118 -0.1286 -37.9632 12.0718 2.4274 1.5064 -15.3498 11.1396 15.9390 -60.9340 2.2486 1.8369 14.7102 11.0741 17.8685 46.3734 -40.2696 -18.5936 1.0673 0.7086 56.4843 -48.4996 -56.1889 31.4749 15.4943 7.2656 -15.3515 49.6040 -3.0543 -4.8088 7.0901 -1.0764 17.7433 -0.1372 11.8850 -0.3735 -9.2773 -6.5305 -1.3787 1.6246 -0.2927 -2.1782 -12.5059 -6.7307 -26.9236 0.0532 16.7351 0.2631 8.9404 -8.3755 3.0818 -1.4221 -0.1111 0.7107
0.5936 98.5412 0.1188 1.5399 -4.4473 -0.7093 -1.5278 0.2668 0.1145 -0.5831 -4.7886 0.2822 0.4023 11.3196 -1.6681 -6.7316 -1.6681 5.0810 -1.0751 -3.8174 -2.4309 -1.8911 -18.3440 -3.3699 0.0628 0.0768 -0.0336 0.5695 -10.4991 -3.9275 -0.4493 -10.4803 3.8325 -8.5208 14.4101 -6.0500 -64.6926 4.5585 -21.9827 0.0261 -0.1304 -37.9326 12.0615 2.3987 1.4901 -15.3821 11.1376 15.9546 -60.9687 2.2271 1.8632 14.7592 10.9868 17.8425 46.2433 -40.0049 -18.4296 1.1250 0.6850 56.3270 -48.1459 -56.0558 31.1047 15.4970 7.2317 -15.3103 49.6004 -3.0312 -4.8387 7.0085 -0.7777 17.6898 -0.1310 11.6419 -0.3797 -9.1706 -6.4995 -1.2895 1.6212 -0.2880 -2.1934 -12.6509 -6.5009 -26.8127 0.0624 16.4489 0.2833 9.0402 -8.2335 2.9568 -1.4226 -0.1456 0.7207
0.7066 98.5502 0.1508 1.5678 -4.5403 -0.7217 -1.5916 0.1929 0.1205 -0.5824 -4.8162 0.3272 0.3379 11.2888 -1.6443 -6.7074 -1.7034 5.0835 -1.0922 -3.8147 -2.4840 -1.8562 -18.0233 -3.4646 0.0656 0.0747 -0.0305 0.5740 -10.5130 -3.9294 -0.4481 -10.4931 3.8399 -8.6459 14.4139 -6.0477 -64.5218 4.6137 -21.9105 0.0361 -0.1404 -37.9470 12.0830 2.3181 1.4562 -15.3785 11.1195 15.9684 -60.9581 2.1882 1.8682 14.8267 10.9010 17.8173 46.0964 -39.6987 -18.2487 1.1258 0.6662 56.2025 -47.8888 -55.9710 30.9059 15.5221 7.2124 -15.3245 49.5951 -3.0477 -4.8615 6.9238 -0.5191 17.6309 -0.1250 11.4500 -0.3936 -9.0688 -6.4855 -1.1887 1.6199 -0.2865 -2.2096 -12.7880 -6.3088 -26.7324 0.0709 16.2187 0.2992 9.1269 -8.1046 2.8723 -1.4220 -0.1675 0.7291
0.7992 98.5522 0.1823 1.5889 -4.6354 -0.7162 -1.6473 0.1287 0.1128 -0.5825 -4.8417 0.3662 0.2691 11.2800 -1.6348 -6.6847 -1.7574 5.0969 -1.1310 -3.8086 -2.5257 -1.8141 -17.8017 -3.5528 0.0663 0.0688 -0.0309 0.5759 -10.5223 -3.9323 -0.4487 -10.5062 3.8418 -8.7577 14.3815 -6.0252 -64.3480 4.6916 -21.8037 -0.0071 -0.1486 -37.9513 12.1241 2.2485 1.4537 -15.3900 11.0942 15.9855 -60.9268 2.1547 1.8898 14.8922 10.8414 17.8066 45.9311 -39.3783 -17.9961 1.0636 0.6643 56.0786 -47.8054 -55.9753 30.8952 15.5320 7.2028 -15.3115 49.6373 -3.0530 -4.8911 6.8491 -0.2859 17.5596 -0.1170 11.2890 -0.3984 -8.9805 -6.4943 -1.1002 1.6204 -0.2840 -2.2167 -12.9178 -6.1304 -26.6777 0.0807 16.0138 0.3203 9.2324 -7.9868 2.8068 -1.4201 -0.1809 0.7507
0.8853 98.5582 0.1838 1.6122 -4.7324 -0.7210 -1.6935 0.0815 0.1097 -0.5881 -4.8619 0.3892 0.2052 11.2749 -1.6170 -6.6627 -1.8101 5.1169 -1.1711 -3.8040 -2.5780 -1.7795 -17.6511 -3.6270 0.0667 0.0632 -0.0293 0.5775 -10.5247 -3.9321 -0.4494 -10.5135 3.8445 -8.8423 14.3597 -6.0128 -64.2240 4.7839 -21.7492 0.0153 -0.1592 -37.9197 12.1410 2.1566 1.5044 -15.3829 11.0859 15.9678 -60.9408 2.1432 1.8592 14.9371 10.8012 17.8296 45.8168 -39.1452 -17.8212 1.0237 0.6754 55.9315 -47.6038 -55.8885 30.7200 15.4872 7.2102 -15.2997 49.6062 -3.0278 -4.8588 6.7816 -0.0728 17.4978 -0.1197 11.1541 -0.4050 -8.9069 -6.5003 -1.0273 1.6228 -0.3070 -2.2124 -13.0352 -5.9790 -26.6136 0.0848 15.8563 0.3233 9.3336 -7.8961 2.7537 -1.4178 -0.2051 0.7590
0.9754 98.5679 0.1910 1.6302 -4.8277 -0.7486 -1.7310 0.0456 0.1075 -0.5947 -4.8702 0.3985 0.1627 11.2618 -1.5878 -6.6541 -1.8663 5.0954 -1.2045 -3.8075 -2.5915 -1.7144 -17.4855 -3.6651 0.0675 0.0586 -0.0285 0.5784 -10.5187 -3.9307 -0.4488 -10.5103 3.8444 -8.9105 14.3381 -5.9847 -64.1517 4.8939 -21.7361 0.0648 -0.1502 -37.8628 12.1282 2.0806 1.5852 -15.4064 11.0650 15.9496 -60.9274 2.1195 1.8538 14.9584 10.7781 17.8642 45.7120 -38.9421 -17.6599 0.9787 0.7089 55.7692 -47.4119 -55.8176 30.5061 15.4277 7.2614 -15.2988 49.6115 -2.9987 -4.8199 6.7272 0.1477 17.4524 -0.1183 11.0013 -0.3987 -8.8522 -6.4652 -0.9744 1.6243 -0.3243 -2.2009 -13.1474 -5.8179 -26.5557 0.0859 15.6714 0.3195 9.4262 -7.7900 2.7098 -1.4158 -0.2536 0.7635
1.0595 98.5642 0.1903 1.6462 -4.9138 -0.7864 -1.7576 0.0215 0.1059 -0.6059 -4.8683 0.4204 0.1324 11.2426 -1.5604 -6.6367 -1.9087 5.0508 -1.2136 -3.8078 -2.5793 -1.6592 -17.3370 -3.6819 0.0687 0.0561 -0.0251 0.5784 -10.5144 -3.9279 -0.4462 -10.5034 3.8478 -8.9538 14.3220 -5.9687 -64.1511 4.9624 -21.6894 0.1056 -0.1268 -37.7794 12.1015 1.9947 1.6063 -15.4049 11.0521 15.9214 -60.9026 2.1068 1.8357 14.9611 10.7855 17.9252 45.6531 -38.8006 -17.5600 0.9298 0.7581 55.5943 -47.2338 -55.8062 30.2785 15.3465 7.3077 -15.3087 49.5790 -2.9862 -4.7670 6.6882 0.3341 17.4279 -0.1192 10.8727 -0.3986 -8.8337 -6.4368 -0.9229 1.6242 -0.3214 -2.1899 -13.2394 -5.6944 -26.5012 0.0848 15.5178 0.3268 9.4779 -7.6981 2.6771 -1.4152 -0.2826 0.7610
1.1447 98.5698 0.1677 1.6589 -4.9957 -0.8215 -1.7763 0.0101 0.1213 -0.6166 -4.8705 0.4383 0.1051 11.2241 -1.5396 -6.5985 -1.9403 5.0189 -1.2139 -3.8039 -2.5736 -1.6336 -17.2238 -3.7283 0.0705 0.0545 -0.0235 0.5807 -10.5219 -3.9301 -0.4448 -10.5095 3.8519 -8.9847 14.3190 -5.9502 -64.1543 5.0673 -21.6719 0.1737 -0.1285 -37.7527 12.0512 1.9273 1.6240 -15.3553 11.0621 15.9075 -60.8698 2.1093 1.8244 14.9648 10.7694 17.9898 45.5904 -38.6622 -17.4912 0.8754 0.7551 55.4856 -47.1234 -55.8846 30.1669 15.3017 7.3213 -15.3385 49.5960 -2.9899 -4.7585 6.6528 0.4518 17.4142 -0.1210 10.8389 -0.3968 -8.7926 -6.4533 -0.8591 1.6230 -0.3282 -2.1892 -13.3106 -5.6120 -26.4481 0.0844 15.4328 0.3190 9.5065 -7.6301 2.6573 -1.4160 -0.2952 0.7571
1.2072 98.5567 0.1435 1.6740 -5.0646 -0.8629 -1.7997 0.0172 0.1320 -0.6281 -4.8615 0.4640 0.0871 11.1886 -1.5447 -6.5583 -1.9813 4.9895 -1.2048 -3.7959 -2.5486 -1.6025 -17.1335 -3.7989 0.0710 0.0577 -0.0255 0.5817 -10.5156 -3.9322 -0.4450 -10.5027 3.8497 -8.9953 14.3028 -5.9048 -64.1836 5.1490 -21.6530 0.2042 -0.1399 -37.7111 11.9822 1.8604 1.6463 -15.3205 11.0674 15.8987 -60.8211 2.1101 1.8294 14.9950 10.7178 18.0624 45.5175 -38.5278 -17.4326 0.8361 0.7872 55.4619 -47.2938 -56.1245 30.3507 15.3081 7.3134 -15.3752 49.6314 -3.0112 -4.8023 6.6254 0.5242 17.4123 -0.1232 10.8386 -0.3984 -8.7464 -6.4837 -0.8084 1.6217 -0.3239 -2.1872 -13.3830 -5.5828 -26.4385 0.0875 15.3876 0.3244 9.5284 -7.5747 2.6897 -1.4179 -0.3064 0.7649
1.2231 98.5424 0.0870 1.6891 -5.1278 -0.9075 -1.8204 0.0200 0.1335 -0.6395 -4.8467 0.5031 0.0719 11.1661 -1.5629 -6.5133 -2.0300 4.9791 -1.1935 -3.7849 -2.5431 -1.5624 -17.0941 -3.8614 0.0679 0.0661 -0.0319 0.5785 -10.5115 -3.9355 -0.4479 -10.4965 3.8403 -8.9978 14.3097 -5.8853 -64.2029 5.2015 -21.5875 0.1957 -0.1432 -37.6861 11.9165 1.8018 1.6584 -15.3063 11.0828 15.9199 -60.7913 2.1195 1.8226 15.0317 10.6979 18.1110 45.4805 -38.5331 -17.4284 0.8468 0.7841 55.4713 -47.5176 -56.3463 30.7096 15.3324 7.2892 -15.3751 49.6495 -3.0318 -4.8181 6.6057 0.5420 17.4047 -0.1215 10.8916 -0.3812 -8.7181 -6.5206 -0.7924 1.6213 -0.3342 -2.1882 -13.4423 -5.6118 -26.4603 0.0920 15.4083 0.3252 9.5628 -7.5442 2.7361 -1.4179 -0.3019 0.7680
1.2482 98.5338 0.0192 1.6996 -5.1834 -0.9082 -1.8377 0.0355 0.1316 -0.6474 -4.8337 0.5179 0.0632 11.1501 -1.5532 -6.4534 -2.0768 4.9501 -1.1736 -3.7770 -2.5603 -1.5395 -17.0421 -3.8731 0.0612 0.0748 -0.0428 0.5685 -10.5040 -3.9445 -0.4516 -10.4866 3.8299 -8.9792 14.3065 -5.8744 -64.2104 5.2492 -21.5691 0.1874 -0.1354 -37.6731 11.8128 1.7961 1.7013 -15.3266 11.0838 15.9395 -60.8096 2.1246 1.8517 15.0645 10.6708 18.1315 45.5580 -38.6124 -17.5448 0.9070 0.7652 55.5336 -47.6103 -56.4028 30.9401 15.3690 7.2832 -15.3576 49.7344 -3.0650 -4.8691 6.5937 0.5250 17.3802 -0.1225 10.9814 -0.3772 -8.6993 -6.5513 -0.7840 1.6211 -0.3639 -2.1935 -13.4825 -5.6442 -26.4997 0.0932 15.4614 0.3071 9.5966 -7.5222 2.7752 -1.4186 -0.2805 0.7725
1.2340 98.5292 -0.0311 1.7031 -5.2379 -0.8959 -1.8551 0.0594 0.1452 -0.6579 -4.8270 0.5094 0.0645 11.1495 -1.5475 -6.3639 -2.1244 4.8972 -1.1525 -3.7761 -2.5673 -1.5295 -17.0207 -3.8460 0.0550 0.0796 -0.0523 0.5594 -10.5045 -3.9511 -0.4548 -10.4859 3.8202 -8.9223 14.2948 -5.8514 -64.2321 5.2696 -21.5489 0.1776 -0.1295 -37.6544 11.6975 1.9735 1.8006 -15.3691 11.1182 15.9572 -60.8742 2.1417 1.8816 15.1000 10.6612 18.1463 45.6902 -38.8350 -17.7529 1.0725 0.7257 55.5648 -47.4665 -56.2600 30.8985 15.4163 7.2718 -15.2936 49.8380 -3.0751 -4.8915 6.5937 0.4791 17.3553 -0.1249 11.0993 -0.3726 -8.6757 -6.6016 -0.7971 1.6195 -0.3862 -2.1916 -13.5063 -5.6970 -26.5514 0.0954 15.5454 0.3041 9.6217 -7.5196 2.8203 -1.4201 -0.2771 0.7785
1.2160 98.5171 -0.1190 1.6996 -5.2836 -0.8565 -1.8656 0.0844 0.1470 -0.6655 -4.8174 0.4923 0.0741 11.1499 -1.5213 -6.2599 -2.1903 4.8275 -1.1313 -3.7721 -2.5746 -1.5367 -17.0520 -3.7970 0.0523 0.0812 -0.0541 0.5540 -10.5041 -3.9516 -0.4543 -10.4855 3.8185 -8.8471 14.2407 -5.8221 -64.2833 5.2537 -21.4793 0.1285 -0.1198 -37.6094 11.5677 2.2377 1.8621 -15.3924 11.1296 15.9562 -60.9118 2.1454 1.9082 15.1249 10.6550 18.1714 45.8457 -39.0432 -17.9718 1.1785 0.7284 55.5793 -47.2237 -56.0511 30.6964 15.4381 7.2784 -15.2596 49.8841 -3.0665 -4.9033 6.6088 0.4142 17.3589 -0.1242 11.1936 -0.3804 -8.6637 -6.6275 -0.8555 1.6189 -0.4300 -2.1911 -13.5080 -5.7374 -26.6112 0.0944 15.6144 0.3023 9.6332 -7.5156 2.8501 -1.4211 -0.2975 0.7800
1.1786 98.5044 -0.2053 1.6922 -5.3274 -0.7887 -1.8678 0.1071 0.1410 -0.6701 -4.8021 0.4898 0.0836 11.1471 -1.4958 -6.1498 -2.2653 4.7636 -1.1364 -3.7727 -2.6013 -1.5082 -17.0596 -3.7811 0.0535 0.0760 -0.0518 0.5545 -10.5146 -3.9515 -0.4522 -10.4936 3.8224 -8.7809 14.1913 -5.8247 -64.3306 5.2084 -21.3758 0.0886 -0.1045 -37.5800 11.5183 2.4687 1.9034 -15.4097 11.1442 15.9548 -60.9278 2.1358 1.9133 15.1257 10.6281 18.2007 46.0184 -39.1743 -18.2111 1.2439 0.7624 55.5973 -46.9526 -55.9032 30.4175 15.4357 7.2668 -15.2217 49.8899 -3.0522 -4.9124 6.6214 0.3491 17.3646 -0.1201 11.2750 -0.3868 -8.6565 -6.6568 -0.9350 1.6175 -0.4602 -2.1918 -13.5052 -5.7659 -26.6962 0.1022 15.6615 0.3097 9.6147 -7.5072 2.8581 -1.4205 -0.3415 0.7779
1.1572 98.4895 -0.2886 1.7001 -5.3601 -0.7073 -1.8702 0.1350 0.1441 -0.6694 -4.7827 0.4990 0.0891 11.1236 -1.4765 -6.0754 -2.3246 4.7177 -1.1556 -3.7772 -2.6151 -1.4452 -17.0764 -3.8376 0.0569 0.0701 -0.0435 0.5571 -10.5275 -3.9474 -0.4475 -10.5028 3.8335 -8.7384 14.1650 -5.8280 -64.3578 5.1706 -21.2902 0.0730 -0.0855 -37.6350 11.5274 2.5809 1.9257 -15.4191 11.1232 15.9310 -60.9480 2.1145 1.9039 15.0934 10.6414 18.2459 46.2161 -39.2807 -18.4780 1.2537 0.7752 55.6198 -46.8043 -55.9185 30.3277 15.4452 7.2358 -15.2497 49.8513 -3.0605 -4.9211 6.6105 0.2894 17.3684 -0.1189 11.3309 -0.4023 -8.6360 -6.6794 -1.0270 1.6171 -0.4613 -2.1876 -13.5181 -5.8180 -26.8021 0.1105 15.7137 0.3077 9.5824 -7.5174 2.8791 -1.4185 -0.3719 0.7685
1.1570 98.4763 -0.3609 1.7223 -5.3758 -0.6314 -1.8816 0.1694 0.1294 -0.6659 -4.7668 0.5351 0.0987 11.0808 -1.4614 -6.0137 -2.3738 4.6634 -1.1828 -3.7818 -2.6176 -1.3740 -17.1006 -3.9448 0.0565 0.0667 -0.0463 0.5554 -10.5464 -3.9544 -0.4463 -10.5198 3.8348 -8.7062 14.1629 -5.8316 -64.3773 5.1272 -21.1721 0.0768 -0.0820 -37.7838 11.5154 2.5196 1.9158 -15.3863 11.0981 15.9216 -60.9012 2.0914 1.9094 15.0891 10.6897 18.3156 46.3066 -39.3692 -18.6470 1.2176 0.7474 55.6312 -47.0164 -56.1615 30.6563 15.4926 7.2142 -15.2765 49.8451 -3.0697 -4.9274 6.5768 0.2299 17.3737 -0.1198 11.3697 -0.4121 -8.6041 -6.6911 -1.1186 1.6174 -0.4594 -2.1847 -13.5391 -5.8984 -26.9162 0.1189 15.7758 0.3180 9.5720 -7.5388 2.8968 -1.4159 -0.4113 0.7585
1.1432 98.4699 -0.4376 1.7462 -5.3911 -0.5609 -1.8912 0.2136 0.1074 -0.6652 -4.7419 0.5681 0.1287 11.0239 -1.4531 -5.9543 -2.4085 4.6473 -1.2122 -3.7921 -2.6175 -1.3224 -17.1431 -4.0453 0.0543 0.0672 -0.0514 0.5524 -10.5431 -3.9571 -0.4480 -10.5151 3.8277 -8.6857 14.1756 -5.8176 -64.4023 5.0359 -20.9545 0.0517 -0.0916 -37.9621 11.4636 2.4135 1.8789 -15.3664 11.0586 15.8974 -60.8231 2.0753 1.9043 15.0781 10.7697 18.4040 46.3675 -39.4400 -18.7684 1.1350 0.7348 55.6246 -47.3363 -56.4994 31.1090 15.5175 7.2345 -15.3238 49.8235 -3.0516 -4.9278 6.5440 0.1766 17.3608 -0.1209 11.3849 -0.4117 -8.5849 -6.6706 -1.2065 1.6194 -0.4516 -2.1799 -13.5537 -5.9856 -26.9959 0.1202 15.8599 0.3240 9.5739 -7.5738 2.8456 -1.4142 -0.4218 0.7494
1.1213 98.4749 -0.5068 1.7735 -5.4147 -0.5009 -1.8947 0.2686 0.0986 -0.6650 -4.7230 0.5694 0.1615 10.9839 -1.4121 -5.9027 -2.4505 4.6149 -1.2322 -3.7921 -2.5887 -1.2792 -17.1831 -4.1181 0.0495 0.0698 -0.0636 0.5466 -10.5366 -3.9673 -0.4519 -10.5082 3.8154 -8.6728 14.2196 -5.8289 -64.4390 4.8951 -20.6443 0.0238 -0.0880 -38.1807 11.3816 2.2465 1.8519 -15.3349 11.0110 15.8700 -60.7513 2.0598 1.8975 15.0712 10.8696 18.4796 46.3982 -39.5421 -18.8799 1.1073 0.7455 55.5726 -47.6250 -56.8050 31.5642 15.5226 7.2736 -15.3368 49.8420 -3.0498 -4.8992 6.5114 0.1299 17.3358 -0.1258 11.4053 -0.4079 -8.5738 -6.6341 -1.2747 1.6210 -0.4444 -2.1748 -13.5662 -6.0820 -27.0283 0.1145 15.9839 0.3144 9.5438 -7.5973 2.7856 -1.4155 -0.4280 0.7468
1.0934 98.4848 -0.5935 1.8008 -5.4486 -0.4413 -1.8884 0.3462 0.1116 -0.6724 -4.7245 0.5469 0.1861 10.9927 -1.3826 -5.8547 -2.5009 4.5990 -1.2304 -3.7869 -2.5716 -1.2722 -17.3165 -4.1431 0.0454 0.0715 -0.0718 0.5420 -10.5245 -3.9718 -0.4554 -10.4973 3.8060 -8.6442 14.2401 -5.8573 -64.5045 4.7717 -20.2940 -0.0136 -0.1084 -38.4098 11.3339 2.2152 1.8628 -15.3313 10.9895 15.8460 -60.6846 2.0488 1.9020 15.0485 10.9570 18.5372 46.4321 -39.6950 -18.9979 1.1273 0.7693 55.4825 -47.6212 -56.9199 31.7006 15.5086 7.2972 -15.3420 49.8371 -3.0645 -4.8529 6.4891 0.0872 17.3018 -0.1347 11.4483 -0.4124 -8.5678 -6.5929 -1.3332 1.6210 -0.4607 -2.1702 -13.5852 -6.1847 -27.0447 0.1047 16.1474 0.3027 9.5104 -7.6150 2.7457 -1.4183 -0.4308 0.7516
1.0504 98.4830 -0.6793 1.8264 -5.4791 -0.3586 -1.8769 0.4206 0.1127 -0.6769 -4.7114 0.5349 0.2050 11.0163 -1.3705 -5.8016 -2.5520 4.5841 -1.2387 -3.7857 -2.5726 -1.2836 -17.5248 -4.1443 0.0465 0.0704 -0.0689 0.5464 -10.5164 -3.9662 -0.4579 -10.4908 3.8049 -8.5877 14.2472 -5.8708 -64.5947 4.6773 -20.0576 -0.0184 -0.1138 -38.5872 11.2929 2.3124 1.9134 -15.3041 10.9984 15.8409 -60.6450 2.0565 1.9119 15.0104 10.9948 18.5617 46.4464 -39.7915 -19.0786 1.1078 0.8300 55.4201 -47.4239 -56.9003 31.4948 15.4842 7.3413 -15.3590 49.8412 -3.0563 -4.8252 6.4586 0.0014 17.2464 -0.1331 11.5520 -0.4086 -8.5816 -6.5852 -1.4051 1.6207 -0.4733 -2.1657 -13.5983 -6.3174 -27.0626 0.0965 16.3698 0.2840 9.4560 -7.6664 2.7279 -1.4228 -0.4129 0.7463
0.9834 98.4591 -0.7695 1.8595 -5.4943 -0.2652 -1.8666 0.4972 0.1272 -0.6779 -4.6951 0.5182 0.2039 11.0535 -1.3654 -5.7798 -2.6264 4.5992 -1.2433 -3.7776 -2.6303 -1.2997 -17.8228 -4.1645 0.0475 0.0686 -0.0636 0.5496 -10.5188 -3.9589 -0.4590 -10.4936 3.8074 -8.5058 14.2409 -5.8954 -64.6784 4.6319 -19.9799 0.0016 -0.1458 -38.6733 11.2780 2.4550 2.0013 -15.3041 11.0230 15.8283 -60.6627 2.0792 1.8903 14.9561 10.9870 18.5652 46.4615 -39.8812 -19.2001 1.1336 0.8366 55.4051 -47.1681 -56.7413 31.1347 15.4430 7.3499 -15.3848 49.8406 -3.0436 -4.8237 6.4248 -0.1509 17.2113 -0.1381 11.7509 -0.4136 -8.6036 -6.6261 -1.4867 1.6213 -0.4911 -2.1746 -13.6146 -6.5396 -27.1322 0.0987 16.7050 0.2775 9.3840 -7.7819 2.7812 -1.4275 -0.4312 0.7359
0.9358 98.4126 -0.8582 1.8869 -5.4935 -0.1599 -1.8606 0.5636 0.1216 -0.6774 -4.6604 0.5343 0.1998 11.0897 -1.3835 -5.7908 -2.7129 4.6129 -1.2498 -3.7851 -2.7179 -1.2991 -18.1888 -4.1790 0.0465 0.0717 -0.0614 0.5515 -10.5263 -3.9555 -0.4636 -10.4985 3.8077 -8.4345 14.2538 -5.9186 -64.6874 4.5824 -19.9786 -0.0059 -0.1756 -38.6396 11.2440 2.6238 2.0816 -15.3045 11.0525 15.8179 -60.6715 2.1086 1.8299 14.8717 10.9470 18.5326 46.4595 -39.9050 -19.2612 1.0955 0.7949 55.4717 -47.0114 -56.6076 30.8021 15.4176 7.3337 -15.4147 49.8279 -3.0486 -4.8661 6.4157 -0.3897 17.1972 -0.1427 12.0655 -0.4027 -8.6376 -6.7232 -1.6001 1.6216 -0.5037 -2.1824 -13.6170 -6.8314 -27.2617 0.1063 17.1357 0.2878 9.3160 -7.9747 2.8457 -1.4309 -0.4403 0.7321
0.8689 98.3595 -0.9532 1.9114 -5.4808 -0.0707 -1.8585 0.6409 0.1340 -0.6791 -4.6356 0.5401 0.1949 11.1432 -1.3745 -5.8414 -2.8083 4.5836 -1.2414 -3.7812 -2.8006 -1.2933 -18.6206 -4.1996 0.0428 0.0798 -0.0595 0.5462 -10.5265 -3.9526 -0.4659 -10.4932 3.8106 -8.3958 14.3282 -5.9781 -64.6190 4.4571 -19.9545 -0.0538 -0.1772 -38.5338 11.2212 2.8854 2.2018 -15.3010 11.0779 15.7915 -60.6898 2.1423 1.7430 14.7772 10.9330 18.4868 46.5234 -39.9832 -19.4016 1.1061 0.7229 55.5831 -47.1831 -56.5024 30.8703 15.4023 7.3188 -15.4101 49.7830 -3.0537 -4.9057 6.4197 -0.7227 17.2018 -0.1505 12.5361 -0.3879 -8.6756 -6.9083 -1.7204 1.6196 -0.4734 -2.2043 -13.6167 -7.1855 -27.4207 0.1227 17.6726 0.2886 9.2204 -8.2473 2.9710 -1.4323 -0.4339 0.7239
0.7762 98.2907 -1.0595 1.9137 -5.4540 0.0064 -1.8595 0.7140 0.1435 -0.6849 -4.6040 0.5641 0.1793 11.2072 -1.4107 -5.8675 -2.9124 4.5565 -1.2506 -3.7799 -2.8666 -1.2872 -19.1051 -4.2077 0.0397 0.0881 -0.0624 0.5391 -10.5116 -3.9485 -0.4654 -10.4764 3.8023 -8.3557 14.4139 -6.0111 -64.5100 4.2508 -19.8708 -0.1428 -0.1539 -38.3509 11.2123 3.2085 2.3105 -15.3146 11.0954 15.7721 -60.6779 2.1752 1.6685 14.6673 10.9366 18.4621 46.6461 -40.1107 -19.5584 1.1818 0.6561 55.7190 -47.6183 -56.5017 31.2492 15.4089 7.3027 -15.3807 49.7588 -3.0680 -4.9377 6.4585 -1.1400 17.2240 -0.1488 13.1182 -0.3701 -8.7138 -7.1121 -1.8712 1.6151 -0.4400 -2.2311 -13.5767 -7.5590 -27.5785 0.1449 18.2547 0.3098 9.1164 -8.5417 3.0903 -1.4313 -0.4282 0.7283
0.6719 98.2224 -1.1381 1.8851 -5.4330 0.0761 -1.8479 0.8077 0.1575 -0.6891 -4.5881 0.5516 0.1388 11.2818 -1.4151 -5.8755 -3.0422 4.5251 -1.2489 -3.7648 -2.8979 -1.3168 -19.6209 -4.2079 0.0396 0.0938 -0.0616 0.5317 -10.5009 -3.9485 -0.4580 -10.4686 3.8057 -8.3251 14.4769 -6.0298 -64.4033 4.0451 -19.7101 -0.2070 -0.1227 -38.1883 11.2068 3.5615 2.4144 -15.3204 11.0865 15.7661 -60.6441 2.1966 1.6447 14.5819 10.9634 18.4817 46.8607 -40.2967 -19.7720 1.3155 0.6356 55.8455 -48.1879 -56.4833 31.8233 15.4421 7.2912 -15.3551 49.7466 -3.0904 -4.9701 6.5649 -1.5717 17.2359 -0.1505 13.7181 -0.3608 -8.7708 -7.3271 -2.0484 1.6123 -0.4194 -2.2493 -13.4856 -7.8731 -27.6736 0.1455 18.8191 0.3014 9.0281 -8.8060 3.1787 -1.4304 -0.4041 0.7346
0.5117 98.1461 -1.2061 1.8323 -5.4252 0.1954 -1.8448 0.9116 0.1190 -0.6872 -4.5492 0.5915 0.0945 11.3290 -1.4337 -5.8709 -3.1653 4.4939 -1.2611 -3.7580 -2.9493 -1.3175 -20.1519 -4.1879 0.0388 0.0980 -0.0628 0.5270 -10.4829 -3.9491 -0.4548 -10.4581 3.8033 -8.2781 14.5063 -6.0423 -64.2977 3.8611 -19.5897 -0.2366 -0.0925 -38.0379 11.2513 3.8534 2.4899 -15.3431 11.0696 15.7627 -60.6049 2.1775 1.6345 14.4906 11.0048 18.4759 47.1156 -40.4458 -19.9319 1.3748 0.7069 55.9415 -48.8594 -56.6009 32.5319 15.5042 7.2778 -15.3264 49.7919 -3.0921 -4.9853 6.7061 -1.9958 17.2102 -0.1463 14.3036 -0.3464 -8.8475 -7.5210 -2.2587 1.6116 -0.4132 -2.2481 -13.3598 -8.1219 -27.7672 0.1519 19.3381 0.3136 8.9039 -9.0341 3.1776 -1.4269 -0.3699 0.7390
0.3526 98.0814 -1.2664 1.7666 -5.4381 0.3268 -1.8337 1.0563 0.1190 -0.6894 -4.5234 0.5967 0.0185 11.3731 -1.4645 -5.8519 -3.3146 4.4812 -1.2678 -3.7528 -2.9644 -1.2904 -20.6984 -4.1744 0.0389 0.0978 -0.0627 0.5227 -10.4934 -3.9512 -0.4500 -10.4721 3.8052 -8.2213 14.5506 -6.0881 -64.1774 3.6854 -19.4055 -0.2362 -0.0877 -38.0107 11.3701 4.0820 2.5733 -15.3434 11.0625 15.7520 -60.6164 2.1483 1.6325 14.3982 11.0612 18.5004 47.3559 -40.5949 -20.0497 1.4152 0.7384 55.9908 -49.4498 -56.7195 33.1763 15.5572 7.2460 -15.2852 49.8468 -3.0873 -4.9746 6.8744 -2.4147 17.1694 -0.1502 14.9208 -0.3586 -8.9345 -7.7367 -2.4487 1.6102 -0.4202 -2.2445 -13.2123 -8.3444 -27.8207 0.1534 19.9261 0.3258 8.7684 -9.3144 3.1372 -1.4217 -0.3152 0.7434
0.1589 98.0099 -1.3443 1.6905 -5.4444 0.4732 -1.8160 1.2171 0.1170 -0.6975 -4.4999 0.5989 -0.0591 11.4043 -1.4811 -5.8288 -3.4776 4.4421 -1.2909 -3.7426 -2.9372 -1.2395 -21.2838 -4.1882 0.0404 0.0963 -0.0608 0.5199 -10.5036 -3.9520 -0.4447 -10.4846 3.8087 -8.1773 14.6032 -6.1442 -64.0221 3.5078 -19.2111 -0.2130 -0.0823 -38.0907 11.4945 4.2008 2.6661 -15.3427 11.0561 15.7630 -60.6625 2.1129 1.6575 14.2919 11.1115 18.5442 47.5621 -40.6859 -20.0866 1.3673 0.7788 55.9977 -49.9875 -56.8939 33.7953 15.6060 7.2099 -15.2926 49.8629 -3.1150 -4.9704 7.0708 -2.8709 17.1235 -0.1523 15.5872 -0.3728 -9.0559 -7.9557 -2.6466 1.6101 -0.4109 -2.2415 -13.0386 -8.5676 -27.8953 0.1548 20.5229 0.3378 8.6186 -9.6113 3.0991 -1.4187 -0.2615 0.7428
-0.0541 97.9256 -1.3927 1.6020 -5.4302 0.6237 -1.7956 1.3683 0.1095 -0.7109 -4.4735 0.6161 -0.1367 11.4269 -1.4986 -5.8162 -3.6562 4.4027 -1.3008 -3.7307 -2.8916 -1.1977 -21.8761 -4.2162 0.0385 0.0977 -0.0607 0.5129 -10.4941 -3.9500 -0.4410 -10.4779 3.8073 -8.1413 14.6578 -6.2155 -63.8226 3.3400 -19.0684 -0.1873 -0.0808 -38.1866 11.6092 4.2137 2.7338 -15.3593 11.0668 15.7778 -60.7176 2.0927 1.6931 14.1708 11.1649 18.5942 47.7725 -40.7771 -20.0851 1.2785 0.8280 55.9496 -50.4978 -57.1017 34.3485 15.5969 7.1668 -15.3023 49.8056 -3.1196 -4.9591 7.2831 -3.3706 17.1065 -0.1586 16.2745 -0.3827 -9.1850 -8.1833 -2.8467 1.6111 -0.4190 -2.2446 -12.8446 -8.8074 -28.0067 0.1577 21.1411 0.3426 8.4832 -9.9476 3.0688 -1.4179 -0.2276 0.7326
-0.2706 97.8317 -1.4434 1.5148 -5.4084 0.7820 -1.7753 1.5163 0.0801 -0.7193 -4.4272 0.6257 -0.2147 11.4353 -1.4854 -5.8540 -3.8256 4.3929 -1.3127 -3.7216 -2.8795 -1.1746 -22.4868 -4.2538 0.0299 0.0985 -0.0736 0.4971 -10.4877 -3.9605 -0.4431 -10.4711 3.7948 -8.1137 14.7108 -6.2849 -63.5824 3.2185 -18.9785 -0.1435 -0.0778 -38.3364 11.6945 4.2059 2.7982 -15.3694 11.0961 15.8023 -60.8065 2.1034 1.7214 14.0535 11.2009 18.6551 47.9284 -40.8351 -20.0338 1.1787 0.8422 55.9358 -51.0091 -57.3102 34.8459 15.5473 7.1420 -15.3423 49.7217 -3.1473 -4.9571 7.5065 -3.8967 17.0902 -0.1608 17.0060 -0.3907 -9.3307 -8.4418 -3.0371 1.6148 -0.4240 -2.2484 -12.6344 -9.0777 -28.1199 0.1568 21.8282 0.3461 8.3291 -10.2987 3.0462 -1.4207 -0.1855 0.7278
-0.5050 97.7232 -1.4818 1.4231 -5.3788 0.9273 -1.7532 1.6489 0.0600 -0.7208 -4.3802 0.6355 -0.2871 11.4598 -1.4818 -5.9350 -3.9587 4.4045 -1.3108 -3.7218 -2.8807 -1.1638 -23.1300 -4.2879 0.0153 0.0999 -0.0994 0.4798 -10.4870 -3.9837 -0.4559 -10.4682 3.7712 -8.0507 14.7870 -6.3568 -63.3633 3.0573 -18.9196 -0.1232 -0.0647 -38.4661 11.7914 4.3069 2.8219 -15.3810 11.1311 15.8348 -60.8504 2.1074 1.7292 13.9385 11.2301 18.6950 48.0337 -40.8833 -19.9151 1.0921 0.8320 55.9185 -51.4827 -57.5409 35.3304 15.4907 7.1232 -15.3837 49.6429 -3.1679 -4.9620 7.7568 -4.4561 17.0710 -0.1659 17.7849 -0.3932 -9.4798 -8.7460 -3.2217 1.6173 -0.4050 -2.2410 -12.4206 -9.3823 -28.2500 0.1548 22.5836 0.3450 8.1669 -10.6702 3.0417 -1.4238 -0.1296 0.7381
-0.7309 97.6090 -1.5037 1.3302 -5.3642 1.0531 -1.7232 1.7767 0.0565 -0.7314 -4.3312 0.6519 -0.3487 11.5045 -1.4866 -6.0272 -4.0504 4.4018 -1.2980 -3.7195 -2.8659 -1.1511 -23.7767 -4.3248 0.0017 0.1055 -0.1215 0.4651 -10.4824 -3.9998 -0.4684 -10.4605 3.7481 -7.9685 14.9078 -6.4115 -63.1394 2.8482 -18.8953 -0.1377 -0.0642 -38.5824 11.9036 4.5124 2.8493 -15.3800 11.1380 15.8371 -60.8381 2.1094 1.7127 13.8407 11.2742 18.7087 48.0789 -40.9557 -19.7151 1.0291 0.8613 55.8422 -51.8395 -57.6755 35.7528 15.4652 7.1493 -15.3998 49.6300 -3.1872 -4.9511 8.0245 -5.0187 17.0213 -0.1710 18.6249 -0.3819 -9.6354 -9.0886 -3.3980 1.6187 -0.3751 -2.2271 -12.2053 -9.7040 -28.3939 0.1518 23.4154 0.3469 7.9940 -11.0872 3.0720 -1.4276 -0.0442 0.7487
-1.0044 97.4879 -1.5251 1.2303 -5.3718 1.1773 -1.6860 1.9132 0.0805 -0.7498 -4.2934 0.6493 -0.3947 11.5789 -1.5107 -6.1078 -4.1074 4.4216 -1.2827 -3.7223 -2.8834 -1.1665 -24.4107 -4.3213 -0.0065 0.1126 -0.1356 0.4588 -10.4922 -4.0079 -0.4792 -10.4675 3.7316 -7.8691 15.0215 -6.4470 -62.9450 2.6135 -18.8894 -0.1848 -0.0827 -38.6686 12.0227 4.8596 2.9124 -15.3533 11.1419 15.8211 -60.8014 2.1156 1.6921 13.7576 11.3246 18.7350 48.0824 -41.1011 -19.5602 1.0617 0.8911 55.6988 -52.0131 -57.7628 36.0857 15.4513 7.1699 -15.3794 49.6198 -3.1994 -4.9327 8.3156 -5.5989 16.9664 -0.1820 19.5437 -0.3737 -9.7881 -9.4710 -3.5646 1.6195 -0.3384 -2.2203 -11.9928 -10.0290 -28.5407 0.1471 24.3242 0.3466 7.8128 -11.5861 3.1316 -1.4318 0.0536 0.7660
-1.2479 97.3411 -1.5502 1.1205 -5.3952 1.3319 -1.6450 2.0318 0.0761 -0.7756 -4.2465 0.6595 -0.4101 11.6496 -1.5420 -6.2105 -4.1068 4.4617 -1.2643 -3.7284 -2.9424 -1.2099 -24.9629 -4.2383 -0.0068 0.1237 -0.1358 0.4584 -10.4916 -4.0003 -0.4796 -10.4673 3.7232 -7.7739 15.1056 -6.4489 -62.7775 2.3881 -18.9498 -0.2336 -0.1077 -38.6914 12.1274 5.2440 3.0309 -15.3306 11.1600 15.8219 -60.8059 2.1319 1.6710 13.6852 11.3513 18.7584 48.0704 -41.2601 -19.4424 1.0886 0.9123 55.5240 -52.0239 -57.8486 36.2452 15.4520 7.1978 -15.3332 49.7296 -3.2088 -4.9338 8.6275 -6.1573 16.9194 -0.1932 20.4365 -0.3692 -9.9529 -9.8455 -3.7708 1.6204 -0.3203 -2.2206 -11.7825 -10.3032 -28.7045 0.1537 25.1858 0.3582 7.5939 -12.0957 3.2102 -1.4335 0.1194 0.7691
-1.5018 97.1980 -1.5301 1.0118 -5.4316 1.4921 -1.6103 2.1341 0.0754 -0.7942 -4.1993 0.6748 -0.4169 11.7225 -1.5957 -6.3298 -4.0487 4.4957 -1.2415 -3.7351 -2.9896 -1.2569 -25.4293 -4.1042 -0.0038 0.1319 -0.1298 0.4617 -10.4911 -3.9916 -0.4769 -10.4666 3.7257 -7.7039 15.1658 -6.4357 -62.6434 2.2035 -19.0460 -0.2610 -0.1230 -38.6777 12.2364 5.6102 3.1907 -15.3260 11.1618 15.8070 -60.8236 2.1505 1.6142 13.6120 11.3648 18.7751 48.0998 -41.4575 -19.4459 1.1950 0.9069 55.3373 -52.0465 -57.9714 36.4404 15.4700 7.2012 -15.2885 49.8158 -3.2177 -4.9684 8.9500 -6.6681 16.9008 -0.2054 21.2728 -0.3663 -10.1056 -10.2049 -4.0399 1.6225 -0.3191 -2.2369 -11.5899 -10.5225 -28.8467 0.1642 25.9863 0.3796 7.3649 -12.5835 3.2859 -1.4339 0.1459 0.7770
-1.7729 97.0656 -1.5122 0.9190 -5.4893 1.6394 -1.5851 2.2228 0.0893 -0.8084 -4.1635 0.6732 -0.4330 11.7977 -1.6411 -6.4499 -3.9745 4.5503 -1.2159 -3.7389 -3.0131 -1.3321 -25.7892 -3.9665 0.0021 0.1358 -0.1176 0.4644 -10.4940 -3.9790 -0.4681 -10.4670 3.7362 -7.6580 15.2107 -6.4070 -62.5353 2.0535 -19.1030 -0.2679 -0.1225 -38.6697 12.3598 5.8412 3.3433 -15.3233 11.1697 15.8022 -60.8702 2.1691 1.5492 13.5225 11.3899 18.7791 48.1657 -41.6545 -19.5082 1.3117 0.8651 55.1413 -52.3359 -58.2145 36.9454 15.4552 7.1973 -15.2368 49.8632 -3.1970 -5.0082 9.2650 -7.0866 16.8806 -0.2170 22.0090 -0.3681 -10.2730 -10.5329 -4.2482 1.6220 -0.3240 -2.2608 -11.4361 -10.6759 -28.9357 0.1741 26.7134 0.3819 7.1817 -13.0455 3.3342 -1.4318 0.1598 0.7834
-2.0161 96.9265 -1.4823 0.8328 -5.5350 1.7713 -1.5724 2.2863 0.0817 -0.8186 -4.1284 0.6871 -0.4454 11.8523 -1.6863 -6.5540 -3.9155 4.5641 -1.1788 -3.7422 -2.9948 -1.4349 -26.0381 -3.7946 0.0113 0.1360 -0.1022 0.4704 -10.4872 -3.9649 -0.4553 -10.4620 3.7497 -7.6350 15.2051 -6.3450 -62.4947 1.9469 -19.1090 -0.2476 -0.0864 -38.6624 12.3877 5.9002 3.4019 -15.3485 11.1465 15.8144 -60.8899 2.1829 1.5337 13.4555 11.3788 18.7641 48.2391 -41.8422 -19.6118 1.4127 0.8672 54.9904 -52.7103 -58.4699 37.4866 15.4710 7.1798 -15.1929 49.9008 -3.1825 -5.0516 9.5709 -7.4340 16.8624 -0.2278 22.6226 -0.3843 -10.4508 -10.7814 -4.4299 1.6234 -0.3131 -2.2794 -11.2907 -10.7687 -29.0093 0.1906 27.3102 0.4048 7.0554 -13.4338 3.3557 -1.4289 0.1659 0.7832
-2.2620 96.8182 -1.4080 0.7392 -5.5677 1.8449 -1.5529 2.3298 0.0650 -0.8272 -4.1077 0.6978 -0.4592 11.8876 -1.7015 -6.6291 -3.9009 4.5914 -1.1430 -3.7343 -2.9608 -1.5335 -26.1990 -3.6329 0.0176 0.1344 -0.0916 0.4708 -10.4765 -3.9556 -0.4431 -10.4574 3.7592 -7.6324 15.1941 -6.2908 -62.5186 1.8618 -19.0009 -0.2252 -0.0495 -38.6617 12.3738 5.8473 3.3890 -15.3638 11.1317 15.8295 -60.8849 2.1822 1.5615 13.4100 11.3772 18.7640 48.3060 -42.0271 -19.7037 1.4425 0.8929 54.8706 -53.0288 -58.6430 37.8725 15.4643 7.1729 -15.1731 49.9259 -3.1709 -5.0745 9.8711 -7.7195 16.8288 -0.2386 23.1310 -0.4084 -10.6202 -10.9978 -4.5376 1.6266 -0.2916 -2.2816 -11.1254 -10.8209 -29.0567 0.2024 27.8154 0.4105 6.9443 -13.7458 3.3783 -1.4274 0.1871 0.7740
-2.4760 96.7140 -1.3245 0.6398 -5.6026 1.9052 -1.5327 2.3681 0.0472 -0.8344 -4.0825 0.6835 -0.4791 11.8755 -1.6843 -6.6415 -3.8781 4.6070 -1.1252 -3.7346 -2.8714 -1.5700 -26.3295 -3.5024 0.0172 0.1295 -0.0892 0.4647 -10.4708 -3.9533 -0.4379 -10.4533 3.7611 -7.6227 15.2254 -6.2410 -62.6279 1.7641 -18.8120 -0.2272 -0.0035 -38.6968 12.4095 5.7445 3.2889 -15.3593 11.0884 15.8223 -60.8314 2.1454 1.6026 13.4011 11.3394 18.7539 48.4002 -42.1387 -19.8126 1.3974 0.9246 54.8398 -53.1755 -58.6994 37.9890 15.4477 7.1548 -15.1820 49.8849 -3.1735 -5.0894 10.1739 -7.9434 16.7844 -0.2506 23.5550 -0.4465 -10.7866 -11.1581 -4.5757 1.6303 -0.2896 -2.2740 -10.9581 -10.8144 -29.0690 0.2131 28.2362 0.4178 6.8647 -14.0409 3.3560 -1.4251 0.2091 0.7635
-2.6701 96.6407 -1.2272 0.5344 -5.6567 1.9607 -1.5105 2.4217 0.0346 -0.8435 -4.0697 0.6659 -0.5046 11.8434 -1.6725 -6.5777 -3.8717 4.5721 -1.1168 -3.7180 -2.7627 -1.5493 -26.5503 -3.3640 0.0105 0.1259 -0.0963 0.4525 -10.4693 -3.9590 -0.4390 -10.4523 3.7545 -7.5890 15.2911 -6.2094 -62.8043 1.7333 -18.5691 -0.2239 -0.0008 -38.8621 12.4459 5.6358 3.1301 -15.3288 11.0716 15.8220 -60.7915 2.0989 1.6435 13.4422 11.3279 18.7247 48.4909 -42.2226 -19.9308 1.3001 0.9260 54.9286 -53.0358 -58.6178 37.7581 15.4453 7.1351 -15.2184 49.8228 -3.1961 -5.0661 10.4743 -8.1370 16.7315 -0.2539 23.9946 -0.4730 -10.9630 -11.3208 -4.6201 1.6321 -0.2747 -2.2534 -10.7904 -10.7531 -29.0245 0.2148 28.6363 0.4130 6.7927 -14.3409 3.2837 -1.4246 0.2549 0.7518
-2.8749 96.5690 -1.1116 0.4342 -5.7104 2.0006 -1.5140 2.4880 0.0156 -0.8575 -4.0616 0.6690 -0.5351 11.7836 -1.6896 -6.4111 -3.8803 4.5041 -1.1136 -3.7078 -2.6376 -1.4876 -26.8334 -3.2111 0.0009 0.1239 -0.1131 0.4420 -10.4628 -3.9700 -0.4473 -10.4429 3.7352 -7.5100 15.3163 -6.1694 -63.0604 1.8493 -18.3068 -0.2430 -0.0197 -39.1353 12.4222 5.4448 2.8982 -15.3552 11.0296 15.7992 -60.7885 2.0423 1.6586 13.5578 11.3010 18.6466 48.5939 -42.2852 -20.0377 1.1686 0.8970 55.1138 -52.6939 -58.4214 37.2087 15.4522 7.1205 -15.3042 49.7542 -3.2367 -5.0303 10.7666 -8.2993 16.6392 -0.2584 24.4103 -0.4918 -11.1824 -11.4732 -4.5995 1.6351 -0.2761 -2.2211 -10.6211 -10.6794 -28.8871 0.2005 29.0486 0.3917 6.7715 -14.6668 3.1052 -1.4259 0.3276 0.7453
-3.1026 96.4917 -1.0250 0.3402 -5.7931 2.0234 -1.5342 2.5663 -0.0132 -0.8797 -4.0342 0.6606 -0.5688 11.7344 -1.6992 -6.1580 -3.9349 4.4210 -1.1084 -3.6949 -2.5219 -1.4478 -27.1449 -3.0860 -0.0124 0.1217 -0.1311 0.4212 -10.4470 -3.9765 -0.4527 -10.4283 3.7094 -7.3559 15.3188 -6.1285 -63.4236 1.9989 -18.0054 -0.2856 -0.0725 -39.4255 12.2414 5.2421 2.6450 -15.4079 11.0090 15.7923 -60.8672 2.0205 1.6758 13.7205 11.3040 18.5237 48.8222 -42.4349 -20.2824 1.1026 0.8350 55.3990 -52.2705 -58.1548 36.4361 15.4172 7.0887 -15.3987 49.6213 -3.2775 -5.0119 11.0711 -8.4676 16.5229 -0.2675 24.9112 -0.4937 -11.4243 -11.6875 -4.6402 1.6431 -0.3420 -2.1922 -10.4472 -10.6322 -28.7167 0.1732 29.5600 0.3632 6.7557 -15.0489 2.8780 -1.4280 0.3942 0.7425
-3.3244 96.3722 -0.9457 0.2625 -5.9188 2.0466 -1.5621 2.6475 -0.0302 -0.9005 -3.9995 0.6395 -0.6006 11.7560 -1.7106 -5.8488 -4.0116 4.3346 -1.1153 -3.6955 -2.4210 -1.4073 -27.4443 -2.9886 -0.0211 0.1218 -0.1439 0.4072 -10.4318 -3.9778 -0.4559 -10.4085 3.6874 -7.2022 15.3365 -6.1326 -63.7950 2.0419 -17.6994 -0.3797 -0.1171 -39.5209 12.0629 5.1256 2.4083 -15.4444 10.9820 15.7856 -60.8893 2.0039 1.6719 13.9180 11.3455 18.3932 48.9956 -42.6373 -20.4971 1.0822 0.7740 55.6113 -52.3514 -58.0599 36.1816 15.3852 7.0646 -15.4364 49.5058 -3.3222 -4.9893 11.3734 -8.6485 16.3965 -0.2788 25.5167 -0.4844 -11.6182 -11.9743 -4.7215 1.6494 -0.4451 -2.1852 -10.3370 -10.6385 -28.5608 0.1524 30.1984 0.3403 6.7087 -15.4654 2.6768 -1.4317 0.4236 0.7462
-3.4992 96.2243 -0.8456 0.2010 -6.0600 2.0608 -1.5735 2.7037 -0.0218 -0.9208 -3.9589 0.6089 -0.6111 11.8470 -1.7339 -5.5427 -4.0848 4.2437 -1.1191 -3.6900 -2.3783 -1.4213 -27.7605 -2.8612 -0.0240 0.1296 -0.1450 0.4025 -10.4263 -3.9683 -0.4570 -10.3990 3.6763 -7.1493 15.4233 -6.1703 -64.0574 1.9146 -17.5265 -0.4589 -0.1428 -39.3168 11.9825 5.1025 2.1968 -15.4683 10.9655 15.8021 -60.8562 2.0103 1.6918 14.1110 11.4163 18.2304 49.0777 -42.9256 -20.6142 1.1405 0.7330 55.6618 -52.5697 -58.0755 36.1737 15.3341 7.0808 -15.4236 49.4685 -3.3560 -5.0004 11.6305 -8.8289 16.2673 -0.2836 26.1897 -0.4770 -11.7482 -12.3751 -4.7464 1.6518 -0.5213 -2.1983 -10.2833 -10.7122 -28.4291 0.1451 30.9192 0.3283 6.6527 -15.8620 2.5648 -1.4386 0.4125 0.7530
-3.6248 96.0321 -0.7677 0.1588 -6.2161 2.0418 -1.5756 2.7519 0.0016 -0.9312 -3.9267 0.5378 -0.6064 12.0051 -1.7606 -5.2716 -4.1316 4.1325 -1.1050 -3.6738 -2.3522 -1.5436 -28.2130 -2.6421 -0.0219 0.1401 -0.1363 0.4032 -10.4494 -3.9550 -0.4532 -10.4181 3.6801 -7.2329 15.5275 -6.2049 -64.2154 1.6846 -17.5099 -0.4614 -0.1372 -38.8294 11.9837 5.1605 2.0070 -15.4192 10.9592 15.7978 -60.8145 2.0444 1.6965 14.3339 11.4360 18.0854 48.9782 -43.2201 -20.6106 1.2563 0.6945 55.6291 -52.6345 -58.1642 36.0605 15.2678 7.0740 -15.3704 49.4320 -3.3929 -5.0535 11.8396 -9.0147 16.0841 -0.2820 26.9719 -0.4631 -11.8143 -12.9096 -4.6918 1.6509 -0.5618 -2.2348 -10.2964 -10.8820 -28.3271 0.1546 31.7660 0.3344 6.5982 -16.2802 2.6016 -1.4443 0.4146 0.7487
-3.7042 95.8056 -0.6829 0.1312 -6.3746 1.9780 -1.5933 2.7951 0.0294 -0.9371 -3.8961 0.4459 -0.5650 12.1861 -1.7940 -5.0578 -4.1531 4.0179 -1.0837 -3.6679 -2.3031 -1.7429 -28.7588 -2.3554 -0.0119 0.1475 -0.1229 0.4171 -10.4786 -3.9439 -0.4476 -10.4463 3.6938 -7.3558 15.5777 -6.1971 -64.3312 1.4792 -17.6286 -0.3930 -0.0983 -38.1941 12.0721 5.2146 1.7929 -15.3610 10.9671 15.7839 -60.7856 2.0803 1.6839 14.5881 11.3733 17.9695 48.7209 -43.3997 -20.4184 1.3068 0.6621 55.6128 -52.8238 -58.4064 36.0536 15.1985 7.0649 -15.3239 49.3465 -3.4138 -5.1422 12.0112 -9.2085 15.9851 -0.2739 27.7736 -0.4593 -11.8415 -13.4718 -4.6449 1.6427 -0.5215 -2.2706 -10.3734 -11.1014 -28.2854 0.1800 32.6229 0.3674 6.5426 -16.6775 2.7722 -1.4468 0.4614 0.7444
-3.7338 95.6058 -0.6564 0.1059 -6.5156 1.8442 -1.6369 2.8174 0.0350 -0.9390 -3.8773 0.3844 -0.4699 12.3654 -1.7969 -4.9179 -4.1683 3.9058 -1.0397 -3.6598 -2.2389 -1.9833 -29.3122 -2.0196 -0.0070 0.1531 -0.1160 0.4305 -10.5027 -3.9430 -0.4508 -10.4701 3.7066 -7.4178 15.6045 -6.1544 -64.4374 1.3556 -17.8646 -0.3539 -0.0521 -37.5624 12.1491 5.3290 1.6454 -15.3030 11.0250 15.7835 -60.7969 2.1064 1.6467 14.8271 11.3251 17.8775 48.4794 -43.4335 -20.1224 1.1944 0.6745 55.6575 -53.2727 -58.6811 36.3821 15.1674 7.0462 -15.3079 49.2601 -3.4063 -5.2084 12.1555 -9.3542 16.0016 -0.2653 28.4444 -0.4555 -11.8576 -14.0087 -4.5977 1.6292 -0.4440 -2.2846 -10.4637 -11.3120 -28.3106 0.2100 33.3447 0.4144 6.4158 -17.0614 3.0426 -1.4433 0.5274 0.7310
-3.7352 95.4631 -0.6203 0.0629 -6.6547 1.6514 -1.6998 2.8260 0.0187 -0.9451 -3.8658 0.3715 -0.3221 12.5373 -1.7805 -4.8094 -4.2220 3.7817 -1.0050 -3.6614 -2.1590 -2.1893 -29.7615 -1.7352 -0.0065 0.1534 -0.1159 0.4396 -10.5219 -3.9512 -0.4588 -10.4945 3.7169 -7.3532 15.6567 -6.0506 -64.5334 1.3240 -18.2316 -0.3944 -0.0245 -37.0242 11.9890 5.6339 1.6515 -15.2679 11.0886 15.7780 -60.8528 2.1363 1.5807 15.1012 11.3206 17.8212 48.3699 -43.4701 -19.9029 1.1471 0.7078 55.7473 -53.9340 -58.8043 36.9453 15.1967 7.0478 -15.3136 49.3228 -3.3971 -5.2342 12.3015 -9.4080 16.1025 -0.2589 28.9276 -0.4658 -11.8931 -14.4331 -4.5027 1.6181 -0.3695 -2.2871 -10.5299 -11.4367 -28.3892 0.2394 33.8338 0.4626 6.2201 -17.3490 3.3995 -1.4354 0.5429 0.7322
-3.7173 95.3977 -0.6020 0.0008 -6.7597 1.4124 -1.7601 2.8325 0.0146 -0.9464 -3.8781 0.3915 -0.1761 12.6466 -1.7633 -4.7355 -4.3308 3.6876 -0.9778 -3.6703 -2.0727 -2.3471 -29.9498 -1.4843 -0.0058 0.1491 -0.1142 0.4394 -10.5409 -3.9583 -0.4566 -10.5190 3.7279 -7.1577 15.6791 -5.9146 -64.6533 1.5145 -18.6594 -0.4433 -0.0384 -36.6965 11.5654 5.8589 1.7724 -15.2433 11.1242 15.7572 -60.8898 2.1465 1.5170 15.4017 11.3882 17.8539 48.4532 -43.5144 -19.8389 1.1375 0.7702 55.8308 -54.2215 -58.6611 37.1746 15.3021 7.0323 -15.3357 49.4449 -3.3672 -5.2224 12.4374 -9.3844 16.2504 -0.2647 29.1809 -0.4762 -11.9188 -14.6620 -4.3750 1.6145 -0.3456 -2.2816 -10.5330 -11.4374 -28.4264 0.2527 34.0172 0.4795 6.0601 -17.4980 3.7327 -1.4275 0.4881 0.7257
-3.7031 95.4113 -0.5529 -0.0524 -6.8015 1.1336 -1.8239 2.8358 0.0028 -0.9471 -3.8885 0.4147 -0.0543 12.6388 -1.7544 -4.6656 -4.5013 3.6179 -0.9668 -3.6796 -1.9615 -2.4628 -29.8314 -1.3108 -0.0036 0.1440 -0.1138 0.4316 -10.5414 -3.9610 -0.4437 -10.5323 3.7306 -6.9294 15.7037 -5.7897 -64.7385 1.8583 -19.0828 -0.4796 -0.0619 -36.5408 11.0557 5.8039 1.8804 -15.2959 11.1261 15.7439 -60.9778 2.1319 1.5170 15.6591 11.4513 17.9217 48.7296 -43.4215 -19.8633 1.1274 0.8416 55.9128 -53.3621 -58.1019 36.2009 15.3643 7.0447 -15.3579 49.5616 -3.3025 -5.1725 12.5226 -9.2821 16.3986 -0.2770 29.1745 -0.5094 -11.9742 -14.7066 -4.2250 1.6138 -0.3684 -2.2583 -10.5103 -11.3511 -28.3733 0.2474 33.9188 0.4705 6.0071 -17.5120 3.9645 -1.4224 0.3782 0.7200
-3.6453 95.4674 -0.5082 -0.0889 -6.8154 0.8940 -1.8829 2.8521 -0.0025 -0.9517 -3.9003 0.4289 0.0290 12.5698 -1.7481 -4.6309 -4.6848 3.6119 -0.9410 -3.7015 -1.8607 -2.5140 -29.5433 -1.2162 -0.0013 0.1365 -0.1124 0.4223 -10.5352 -3.9593 -0.4292 -10.5294 3.7298 -6.7398 15.7753 -5.7470 -64.7552 2.2344 -19.3981 -0.4555 -0.0569 -36.5780 10.6324 5.6021 1.9871 -15.3890 11.1014 15.7569 -61.0903 2.1164 1.5618 15.8228 11.4494 17.9312 49.1215 -43.1498 -19.9312 1.0854 0.9032 56.0161 -51.6986 -57.2207 34.2962 15.3398 7.0736 -15.3845 49.6435 -3.2645 -5.1213 12.5439 -9.1271 16.5396 -0.2853 29.0300 -0.5273 -12.0214 -14.6283 -4.0784 1.6151 -0.4230 -2.2199 -10.4817 -11.2071 -28.2302 0.2320 33.6670 0.4438 6.0368 -17.4587 4.0849 -1.4215 0.2679 0.7184
-3.5692 95.5383 -0.4827 -0.1090 -6.8119 0.6672 -1.9229 2.8575 -0.0086 -0.9664 -3.9121 0.4305 0.0752 12.5023 -1.7251 -4.6159 -4.8437 3.6535 -0.9113 -3.7235 -1.7535 -2.4999 -29.2625 -1.1764 -0.0022 0.1272 -0.1167 0.4156 -10.5333 -3.9604 -0.4244 -10.5251 3.7221 -6.6586 15.8540 -5.7697 -64.6658 2.5527 -19.5156 -0.4402 -0.0532 -36.7904 10.4003 5.4297 2.0780 -15.4612 11.0665 15.7801 -61.1786 2.0836 1.6264 15.9288 11.4305 17.9156 49.3959 -42.7866 -19.8696 0.9953 0.9190 56.1101 -50.1444 -56.3643 32.5137 15.2878 7.1194 -15.4235 49.6378 -3.2234 -5.0727 12.5240 -8.9425 16.6311 -0.2873 28.8254 -0.5405 -12.0739 -14.5307 -3.9371 1.6136 -0.4595 -2.1848 -10.4708 -11.0829 -28.0443 0.2127 33.3913 0.4169 6.0701 -17.3820 4.1280 -1.4245 0.1956 0.7204
-3.4744 95.5899 -0.4686 -0.1037 -6.8042 0.4688 -1.9486 2.8584 -0.0026 -0.9918 -3.9163 0.4455 0.0905 12.4548 -1.7356 -4.6130 -4.9665 3.7421 -0.8917 -3.7383 -1.7063 -2.4715 -29.0607 -1.1283 -0.0048 0.1218 -0.1264 0.4164 -10.5282 -3.9658 -0.4305 -10.5202 3.7085 -6.6511 15.9162 -5.8153 -64.5077 2.7875 -19.5970 -0.4024 -0.0576 -37.0618 10.2991 5.1992 2.1542 -15.5400 11.0482 15.8148 -61.2932 2.0533 1.6787 15.9893 11.4050 17.8877 49.5516 -42.4518 -19.7578 0.9333 0.9148 56.2150 -48.8643 -55.5995 31.0313 15.2350 7.1759 -15.4712 49.6169 -3.2098 -5.0517 12.4549 -8.7937 16.7016 -0.2806 28.6821 -0.5321 -12.0919 -14.4475 -3.7886 1.6135 -0.4487 -2.1656 -10.5012 -11.0161 -27.8594 0.2054 33.1771 0.4075 6.0994 -17.2969 4.1358 -1.4308 0.1773 0.7269
-3.3624 95.6075 -0.4724 -0.0837 -6.8232 0.3033 -1.9678 2.8723 0.0212 -1.0150 -3.9094 0.4309 0.0691 12.4419 -1.7481 -4.5926 -5.0912 3.8284 -0.8771 -3.7470 -1.6629 -2.4849 -28.9415 -1.0408 -0.0101 0.1207 -0.1366 0.4163 -10.5304 -3.9698 -0.4412 -10.5202 3.6940 -6.6872 15.9487 -5.8656 -64.2739 2.9128 -19.6857 -0.3657 -0.0860 -37.2622 10.2996 5.0301 2.2053 -15.5802 11.0637 15.8401 -61.3759 2.0471 1.7103 16.0271 11.4111 17.8805 49.5618 -42.2211 -19.6012 0.9250 0.8752 56.3007 -47.7521 -54.8864 29.7605 15.1775 7.2263 -15.4860 49.6379 -3.2083 -5.0642 12.3628 -8.6985 16.7779 -0.2714 28.6863 -0.5184 -12.0655 -14.4830 -3.6592 1.6118 -0.4381 -2.1683 -10.5739 -11.0221 -27.7057 0.2104 33.1202 0.4161 6.1176 -17.2708 4.1552 -1.4369 0.1968 0.7317
-3.2127 95.6087 -0.4637 -0.0567 -6.8695 0.1086 -1.9794 2.8816 0.0467 -1.0333 -3.8896 0.4249 0.0282 12.4648 -1.7483 -4.6012 -5.2190 3.8571 -0.8369 -3.7463 -1.5969 -2.4900 -28.8202 -0.9457 -0.0093 0.1264 -0.1376 0.4227 -10.5253 -3.9682 -0.4464 -10.5122 3.6911 -6.7857 15.9848 -5.9445 -63.9583 2.8997 -19.8176 -0.3445 -0.1113 -37.3341 10.3457 4.9866 2.2778 -15.5799 11.0878 15.8508 -61.4143 2.0516 1.7272 16.0148 11.4482 17.8579 49.4821 -42.0341 -19.3417 0.9407 0.8462 56.3505 -46.9231 -54.3088 28.8305 15.1335 7.3052 -15.5037 49.7333 -3.2082 -5.0863 12.2728 -8.6067 16.8708 -0.2639 28.7495 -0.5011 -12.0144 -14.5735 -3.5167 1.6083 -0.3863 -2.1932 -10.6863 -11.0475 -27.5451 0.2235 33.1081 0.4337 6.1450 -17.2312 4.1881 -1.4420 0.2102 0.7281
-3.0800 95.6088 -0.4491 -0.0130 -6.9118 -0.0927 -1.9977 2.8806 0.0631 -1.0462 -3.8783 0.4098 -0.0308 12.4816 -1.7157 -4.6221 -5.3156 3.8419 -0.7769 -3.7355 -1.4980 -2.5067 -28.6832 -0.8581 -0.0083 0.1352 -0.1294 0.4277 -10.5226 -3.9601 -0.4496 -10.5019 3.7003 -6.9461 15.9814 -6.0229 -63.5625 2.8216 -20.0248 -0.3255 -0.1259 -37.2218 10.4218 5.0046 2.3000 -15.5179 11.1251 15.8503 -61.3609 2.0712 1.7432 16.0068 11.4885 17.8413 49.3286 -41.8666 -19.0396 0.9513 0.8742 56.4157 -46.4389 -53.9533 28.3429 15.0853 7.3782 -15.5042 49.8419 -3.2204 -5.1351 12.1561 -8.4952 16.9957 -0.2587 28.7721 -0.4925 -11.9534 -14.6493 -3.3584 1.6058 -0.3511 -2.2243 -10.8200 -11.0599 -27.3733 0.2315 33.0361 0.4444 6.1895 -17.1607 4.2309 -1.4440 0.2189 0.7143
-2.9270 95.6235 -0.4670 0.0332 -6.9556 -0.2973 -2.0353 2.8607 0.0852 -1.0489 -3.8745 0.3932 -0.1046 12.5124 -1.7114 -4.6532 -5.4018 3.8330 -0.7418 -3.7201 -1.3776 -2.5152 -28.5601 -0.8148 -0.0035 0.1422 -0.1207 0.4325 -10.5297 -3.9552 -0.4451 -10.5089 3.7122 -7.1101 15.9968 -6.0669 -63.1368 2.7152 -20.4007 -0.2545 -0.1043 -37.0459 10.5253 5.0366 2.3540 -15.4741 11.1397 15.8399 -61.3106 2.0921 1.7290 15.9936 11.4850 17.8596 49.1521 -41.7204 -18.7651 1.0041 0.9079 56.5289 -46.2886 -53.7051 28.2303 15.0537 7.4225 -15.5039 49.9325 -3.2604 -5.1955 12.0342 -8.3538 17.1450 -0.2595 28.7277 -0.4874 -11.8995 -14.6870 -3.1850 1.6031 -0.3006 -2.2529 -10.9677 -11.0559 -27.2491 0.2533 32.8882 0.4828 6.2775 -17.0186 4.3378 -1.4428 0.2073 0.7155
-2.7593 95.6754 -0.4766 0.0721 -6.9914 -0.4968 -2.0782 2.8260 0.0982 -1.0452 -3.8873 0.3689 -0.1809 12.5469 -1.6967 -4.7092 -5.4708 3.8205 -0.7063 -3.7129 -1.2351 -2.5363 -28.3837 -0.7766 0.0001 0.1444 -0.1137 0.4314 -10.5335 -3.9511 -0.4367 -10.5128 3.7216 -7.2709 15.9756 -6.1095 -62.6970 2.6229 -20.8218 -0.1930 -0.0716 -36.8727 10.6454 5.0839 2.3863 -15.4169 11.1633 15.8401 -61.2582 2.1205 1.6780 15.9561 11.4851 17.8821 49.0900 -41.6030 -18.5838 1.0486 0.9613 56.7393 -46.2714 -53.4926 28.2489 15.0261 7.4294 -15.4691 49.9404 -3.2892 -5.2128 11.9113 -8.1688 17.3331 -0.2669 28.5880 -0.4903 -11.8324 -14.6777 -3.0396 1.6031 -0.2857 -2.2664 -11.1088 -11.0004 -27.1287 0.2668 32.6389 0.5093 6.3870 -16.8429 4.4378 -1.4382 0.1820 0.7136
-2.5650 95.7416 -0.4806 0.1044 -7.0181 -0.6778 -2.1330 2.7628 0.1133 -1.0399 -3.9022 0.3549 -0.2495 12.5854 -1.7124 -4.8032 -5.5396 3.8334 -0.6835 -3.7193 -1.1438 -2.5421 -28.1398 -0.7302 0.0071 0.1422 -0.1088 0.4355 -10.5321 -3.9479 -0.4270 -10.5181 3.7263 -7.4348 15.9298 -6.1478 -62.2480 2.5435 -21.2745 -0.1357 -0.0370 -36.7147 10.7377 5.1606 2.4074 -15.3557 11.1790 15.8317 -61.1717 2.1309 1.6245 15.9442 11.4632 17.8978 49.0438 -41.5030 -18.4253 1.0530 0.9963 57.0230 -46.1974 -53.1767 28.1179 15.0062 7.4264 -15.4486 49.8968 -3.2721 -5.2266 11.7965 -7.9328 17.5382 -0.2620 28.3120 -0.4802 -11.7492 -14.5931 -2.9608 1.6007 -0.2613 -2.2630 -11.2429 -10.8899 -27.0342 0.2686 32.2722 0.5259 6.4851 -16.6103 4.5548 -1.4343 0.1562 0.7188
-2.3742 95.8286 -0.4758 0.1368 -7.0193 -0.8439 -2.1917 2.6759 0.1095 -1.0364 -3.9274 0.3529 -0.3077 12.6188 -1.7242 -4.9170 -5.5913 3.8470 -0.6664 -3.7348 -1.0718 -2.5681 -27.8855 -0.6687 0.0143 0.1347 -0.1091 0.4446 -10.5359 -3.9502 -0.4223 -10.5297 3.7259 -7.5949 15.8069 -6.1878 -61.8370 2.5167 -21.7357 -0.0814 0.0082 -36.5820 10.7893 5.2075 2.4025 -15.3046 11.1875 15.8478 -61.0927 2.1190 1.6172 15.9298 11.4335 17.9097 48.9823 -41.3895 -18.2525 0.9906 1.0323 57.3281 -46.0793 -52.8702 27.9549 15.0478 7.4099 -15.4370 49.8761 -3.2658 -5.2059 11.6622 -7.6690 17.7296 -0.2502 27.9262 -0.4692 -11.6333 -14.4534 -2.9083 1.5982 -0.2391 -2.2473 -11.3526 -10.7406 -26.9225 0.2588 31.8040 0.5155 6.5720 -16.3168 4.6106 -1.4315 0.1092 0.7287
-2.1727 95.9523 -0.4603 0.1710 -7.0027 -0.9998 -2.2529 2.5767 0.1089 -1.0353 -3.9599 0.3801 -0.3604 12.6323 -1.7488 -5.0541 -5.6060 3.8936 -0.6477 -3.7502 -1.0650 -2.5953 -27.6593 -0.6097 0.0213 0.1249 -0.1132 0.4586 -10.5478 -3.9569 -0.4224 -10.5500 3.7231 -7.7647 15.6373 -6.2497 -61.4607 2.4915 -22.1466 -0.0793 0.0089 -36.4563 10.8745 5.3146 2.3983 -15.2950 11.1985 15.8885 -61.0520 2.1046 1.6425 15.9404 11.4235 17.9350 48.8995 -41.3310 -18.1124 0.9169 1.0825 57.5975 -46.0396 -52.6044 27.9637 15.1426 7.3698 -15.4243 49.8865 -3.2482 -5.1945 11.5070 -7.3624 17.9137 -0.2393 27.4145 -0.4612 -11.4899 -14.2419 -2.8679 1.5977 -0.2147 -2.2308 -11.4525 -10.5491 -26.8528 0.2560 31.2027 0.5235 6.6742 -15.9445 4.6512 -1.4304 0.0880 0.7351
-1.9759 96.0814 -0.4375 0.2076 -6.9763 -1.1369 -2.3061 2.4831 0.1046 -1.0308 -4.0019 0.4045 -0.4167 12.6181 -1.7470 -5.2233 -5.5970 3.9740 -0.6182 -3.7734 -1.0770 -2.6107 -27.3832 -0.6109 0.0268 0.1162 -0.1138 0.4680 -10.5665 -3.9608 -0.4214 -10.5712 3.7247 -7.9480 15.4594 -6.3498 -61.1103 2.4476 -22.5130 -0.1116 -0.0029 -36.3757 10.9930 5.4208 2.3728 -15.2640 11.2017 15.9431 -60.9768 2.0990 1.7070 15.9626 11.4372 17.9801 48.7954 -41.3049 -17.9978 0.8059 1.1073 57.8283 -46.0988 -52.3753 28.1569 15.2320 7.3353 -15.4384 49.9431 -3.2397 -5.2064 11.3341 -6.9901 18.0505 -0.2290 26.7759 -0.4613 -11.3424 -13.9640 -2.7987 1.5990 -0.2252 -2.2257 -11.5567 -10.3066 -26.7998 0.2550 30.4789 0.5295 6.8027 -15.4825 4.6601 -1.4291 0.0627 0.7376
-1.7698 96.2540 -0.3623 0.2565 -6.9443 -1.2400 -2.3479 2.3795 0.1198 -1.0236 -4.0561 0.4159 -0.4900 12.5861 -1.7497 -5.3992 -5.5656 4.0696 -0.6217 -3.7958 -1.1039 -2.5917 -27.0185 -0.6726 0.0340 0.1121 -0.1052 0.4749 -10.5757 -3.9572 -0.4140 -10.5805 3.7362 -8.1538 15.3336 -6.4633 -60.7815 2.3931 -22.9035 -0.1264 0.0029 -36.3501 11.1900 5.4735 2.3582 -15.2268 11.2028 15.9804 -60.8531 2.0950 1.7395 16.0119 11.4778 18.0377 48.6580 -41.3381 -17.9108 0.7333 1.1325 57.9509 -46.2497 -52.1693 28.4367 15.2930 7.3421 -15.4846 50.0378 -3.2340 -5.2170 11.1211 -6.5071 18.0982 -0.2212 25.9484 -0.4623 -11.1897 -13.6019 -2.6700 1.5989 -0.2453 -2.2366 -11.6674 -9.9986 -26.7653 0.2498 29.6146 0.5222 6.9612 -14.9366 4.6544 -1.4274 0.0280 0.7312
-1.5468 96.4621 -0.2840 0.3123 -6.8858 -1.3252 -2.3782 2.2505 0.1337 -1.0141 -4.1090 0.4386 -0.5722 12.5160 -1.7589 -5.6065 -5.5055 4.1916 -0.6482 -3.8124 -1.1499 -2.5364 -26.5112 -0.8278 0.0376 0.1113 -0.0999 0.4795 -10.5790 -3.9567 -0.4117 -10.5846 3.7460 -8.3657 15.2171 -6.5625 -60.5386 2.4637 -23.4506 -0.0381 0.0316 -36.4368 11.4615 5.3380 2.2970 -15.1794 11.2008 16.0165 -60.7497 2.1018 1.7484 16.0527 11.4968 18.1176 48.4028 -41.2833 -17.7303 0.5969 1.1744 57.9244 -46.3808 -52.0426 28.6468 15.2652 7.3656 -15.5417 50.0908 -3.2214 -5.2091 10.8874 -5.9572 18.1363 -0.2155 24.9600 -0.4696 -11.0441 -13.1440 -2.5242 1.6020 -0.2700 -2.2514 -11.7760 -9.6474 -26.7439 0.2418 28.6358 0.5071 7.1414 -14.3378 4.6630 -1.4273 0.0255 0.7179
-1.3431 96.6636 -0.2061 0.3864 -6.8078 -1.4340 -2.4017 2.1122 0.1060 -1.0079 -4.1555 0.4884 -0.6670 12.3988 -1.7693 -5.8350 -5.4101 4.3176 -0.6766 -3.8323 -1.1584 -2.4392 -25.8918 -0.9942 0.0364 0.1095 -0.0973 0.4805 -10.5695 -3.9542 -0.4165 -10.5732 3.7479 -8.5479 15.1569 -6.6000 -60.4375 2.6311 -23.9823 0.1139 0.0735 -36.7093 11.7840 5.1103 2.1722 -15.1223 11.1904 16.0579 -60.6569 2.1125 1.7590 16.0274 11.4624 18.2010 48.0739 -41.0620 -17.4579 0.4177 1.1547 57.8780 -46.2859 -51.9439 28.5270 15.1893 7.3893 -15.6029 50.0747 -3.2070 -5.2126 10.6484 -5.3781 18.2086 -0.2102 23.8766 -0.4647 -10.9106 -12.6316 -2.3705 1.6073 -0.2743 -2.2602 -11.8873 -9.3071 -26.7216 0.2290 27.6282 0.4849 7.3502 -13.7464 4.6645 -1.4266 0.0672 0.7016
-1.1714 96.8903 -0.1514 0.4729 -6.7214 -1.6029 -2.4155 1.9758 0.0936 -0.9932 -4.2117 0.5279 -0.7698 12.2792 -1.7742 -6.0979 -5.3042 4.4693 -0.6784 -3.8390 -1.1646 -2.2981 -25.2292 -1.1907 0.0309 0.1069 -0.1059 0.4752 -10.5659 -3.9636 -0.4226 -10.5613 3.7418 -8.7026 15.1081 -6.5902 -60.5109 2.8167 -24.2469 0.2328 0.0664 -37.1567 12.0542 4.9137 2.0335 -15.0422 11.1665 16.0792 -60.5978 2.1172 1.7622 15.8867 11.4099 18.2999 47.7491 -40.7891 -17.2225 0.3036 1.0649 57.7985 -46.0779 -51.8559 28.2493 15.1611 7.3977 -15.6452 49.9578 -3.2062 -5.1932 10.4121 -4.7865 18.3199 -0.2022 22.7614 -0.4513 -10.8125 -12.0542 -2.1934 1.6122 -0.2461 -2.2505 -11.9896 -8.9915 -26.6428 0.2127 26.6471 0.4513 7.5475 -13.1915 4.6769 -1.4261 0.1411 0.6878
-1.0053 97.1042 -0.1028 0.5654 -6.6007 -1.8263 -2.4124 1.8271 0.1084 -0.9780 -4.2702 0.5635 -0.8692 12.1611 -1.7745 -6.3805 -5.2229 4.5929 -0.6251 -3.8300 -1.1232 -2.1574 -24.5412 -1.3734 0.0341 0.1034 -0.1061 0.4828 -10.5509 -3.9635 -0.4249 -10.5346 3.7402 -8.8550 15.0175 -6.5629 -60.7423 2.9782 -24.1134 0.2525 0.0332 -37.6540 12.2254 4.8702 1.9324 -14.9700 11.1612 16.1190 -60.5722 2.1313 1.8279 15.6624 11.3471 18.3655 47.5041 -40.4805 -17.0457 0.2314 0.9930 57.7720 -45.8265 -51.8612 27.8737 15.1130 7.4039 -15.6772 49.8103 -3.2224 -5.1704 10.1780 -4.2013 18.4395 -0.1977 21.6016 -0.4381 -10.7318 -11.4502 -2.0000 1.6140 -0.1917 -2.2335 -12.0582 -8.7059 -26.4705 0.1911 25.6844 0.4191 7.7227 -12.6296 4.6336 -1.4276 0.2315 0.6762
-0.8902 97.2992 -0.0495 0.6692 -6.4556 -2.0394 -2.4053 1.6734 0.1176 -0.9592 -4.3246 0.5901 -0.9600 12.0433 -1.7493 -6.6554 -5.1396 4.6965 -0.5742 -3.8204 -1.1082 -2.0329 -23.9291 -1.5321 0.0319 0.1023 -0.1129 0.4830 -10.5329 -3.9689 -0.4306 -10.5091 3.7318 -9.0191 14.9447 -6.5653 -61.0532 3.0503 -23.7404 0.1743 -0.0310 -37.9742 12.3702 4.9909 1.8720 -14.9504 11.1590 16.1227 -60.5835 2.1403 1.8899 15.3898 11.2919 18.3815 47.4114 -40.2364 -17.0117 0.2033 0.9417 57.8257 -45.6231 -51.9479 27.5053 15.0990 7.3955 -15.6971 49.6990 -3.2509 -5.1594 9.9281 -3.6545 18.5413 -0.1863 20.4604 -0.4273 -10.6267 -10.8592 -1.8014 1.6143 -0.1452 -2.2216 -12.1123 -8.4664 -26.3097 0.1788 24.7559 0.4061 7.8461 -12.1035 4.6154 -1.4298 0.2776 0.6744
-0.7958 97.4743 -0.0197 0.7599 -6.3067 -2.2232 -2.3947 1.5278 0.1293 -0.9368 -4.3714 0.6090 -1.0315 11.9459 -1.7177 -6.9059 -5.0873 4.8073 -0.5561 -3.8126 -1.1471 -1.9221 -23.4222 -1.6910 0.0288 0.1025 -0.1181 0.4806 -10.5193 -3.9738 -0.4351 -10.4916 3.7263 -9.1613 14.9054 -6.5744 -61.3831 3.0983 -23.3433 0.0642 -0.0916 -38.0599 12.4925 5.1567 1.8561 -14.9792 11.1436 16.1196 -60.5558 2.1188 1.9419 15.1097 11.2493 18.3578 47.3905 -40.0679 -17.0712 0.2229 0.9059 57.9408 -45.6646 -52.1299 27.4070 15.1268 7.3841 -15.7024 49.6985 -3.2773 -5.1550 9.7127 -3.1844 18.6444 -0.1738 19.4147 -0.4085 -10.5112 -10.3425 -1.6650 1.6138 -0.1441 -2.2154 -12.1447 -8.2750 -26.1815 0.1736 23.9395 0.3963 7.9152 -11.6347 4.6158 -1.4317 0.2736 0.6817
-0.7181 97.6209 0.0316 0.8316 -6.1737 -2.3855 -2.3711 1.4031 0.1493 -0.9180 -4.4128 0.6023 -1.0929 11.8583 -1.6745 -7.1199 -5.0745 4.8969 -0.5617 -3.8134 -1.1959 -1.8565 -22.9865 -1.8134 0.0316 0.1003 -0.1128 0.4826 -10.5162 -3.9698 -0.4322 -10.4856 3.7306 -9.2744 14.9216 -6.5718 -61.7111 3.1719 -23.0177 0.0269 -0.1114 -37.9636 12.5756 5.2411 1.8588 -15.0320 11.1353 16.0973 -60.5164 2.1031 1.9779 14.8437 11.2101 18.3189 47.4342 -39.9816 -17.2094 0.2911 0.8539 58.0777 -45.7636 -52.2608 27.4205 15.1833 7.3387 -15.6886 49.7199 -3.2749 -5.1644 9.5453 -2.7843 18.7811 -0.1663 18.4923 -0.4026 -10.4139 -9.8929 -1.6183 1.6130 -0.1512 -2.2157 -12.1771 -8.0994 -26.1095 0.1687 23.2213 0.3890 7.9899 -11.2420 4.6793 -1.4337 0.2356 0.6978
-0.6619 97.7441 0.0864 0.8925 -6.0537 -2.5126 -2.3483 1.2939 0.1500 -0.8934 -4.4411 0.6245 -1.1368 11.7615 -1.6715 -7.3011 -5.0663 4.9885 -0.5882 -3.8248 -1.2824 -1.7788 -22.5573 -1.9275 0.0319 0.0966 -0.1110 0.4851 -10.5188 -3.9685 -0.4342 -10.4879 3.7325 -9.3582 14.9567 -6.5372 -62.0265 3.2936 -22.7930 0.0282 -0.0902 -37.7388 12.6312 5.2077 1.9162 -15.1126 11.1186 16.0662 -60.5090 2.0821 1.9732 14.5943 11.1646 18.2804 47.5101 -39.9740 -17.3813 0.3803 0.8276 58.1972 -46.0297 -52.4421 27.6549 15.2671 7.2979 -15.6503 49.7857 -3.2758 -5.1690 9.4053 -2.4371 18.9139 -0.1516 17.6690 -0.3914 -10.3485 -9.4996 -1.6201 1.6114 -0.1903 -2.2175 -12.2008 -7.9608 -26.1145 0.1730 22.5975 0.4066 8.0444 -10.8807 4.7586 -1.4332 0.1678 0.7137
-0.6067 97.8427 0.1389 0.9430 -5.9445 -2.6068 -2.3186 1.2114 0.1613 -0.8711 -4.4689 0.6254 -1.1509 11.6447 -1.6705 -7.4483 -5.0568 5.0515 -0.6184 -3.8340 -1.3720 -1.7322 -22.1345 -2.0079 0.0297 0.0909 -0.1158 0.4879 -10.5247 -3.9772 -0.4418 -10.4973 3.7328 -9.3833 14.9748 -6.4903 -62.3687 3.4704 -22.5686 0.0729 -0.0455 -37.5044 12.6265 5.1454 2.0565 -15.1891 11.1006 16.0603 -60.4938 2.0647 1.9512 14.3847 11.1086 18.2482 47.6204 -40.0043 -17.5989 0.4843 0.8380 58.3285 -46.3772 -52.7002 28.0061 15.3769 7.2608 -15.6180 49.8577 -3.2520 -5.1971 9.2915 -2.1417 19.0499 -0.1409 16.9534 -0.3877 -10.2934 -9.1679 -1.6551 1.6122 -0.2427 -2.2247 -12.2268 -7.8215 -26.1479 0.1767 22.0253 0.4022 8.1080 -10.5773 4.8576 -1.4318 0.1212 0.7261
-0.5806 97.9374 0.1707 0.9878 -5.8467 -2.6752 -2.2741 1.1328 0.1658 -0.8508 -4.4924 0.6225 -1.1481 11.5144 -1.6685 -7.5830 -5.0050 5.1078 -0.6376 -3.8472 -1.4358 -1.6961 -21.7159 -2.0618 0.0241 0.0816 -0.1233 0.4829 -10.5465 -3.9897 -0.4485 -10.5156 3.7320 -9.3635 14.9895 -6.4233 -62.7123 3.6452 -22.3185 0.0967 -0.0393 -37.2795 12.6168 5.1056 2.2237 -15.2396 11.0979 16.0632 -60.5058 2.0693 1.9271 14.2020 11.0834 18.2212 47.7085 -40.0806 -17.7681 0.5981 0.7623 58.4367 -46.6814 -52.9821 28.2537 15.4901 7.2406 -15.5889 49.9550 -3.2346 -5.2350 9.1964 -1.8634 19.1687 -0.1320 16.2784 -0.3868 -10.2439 -8.8770 -1.7054 1.6134 -0.3047 -2.2300 -12.2493 -7.6817 -26.1682 0.1796 21.5003 0.4079 8.2149 -10.3221 4.9128 -1.4270 0.0805 0.7290
-0.5413 98.0158 0.2197 1.0334 -5.7589 -2.7089 -2.2304 1.0460 0.1775 -0.8339 -4.5050 0.6072 -1.1180 11.3860 -1.6533 -7.6808 -4.8974 5.1686 -0.6662 -3.8551 -1.4978 -1.6666 -21.2194 -2.0894 0.0185 0.0754 -0.1331 0.4787 -10.5644 -4.0064 -0.4555 -10.5303 3.7308 -9.3279 14.9930 -6.3735 -63.0201 3.7779 -21.9961 0.0549 -0.0507 -37.0967 12.6647 5.0982 2.3945 -15.2771 11.1066 16.0620 -60.5514 2.0915 1.8859 14.0529 11.0400 18.2062 47.7807 -40.1171 -17.9119 0.6971 0.7189 58.4937 -46.8765 -53.2030 28.3175 15.5277 7.2393 -15.5624 50.0225 -3.2523 -5.2787 9.1087 -1.5962 19.2718 -0.1270 15.6621 -0.3848 -10.2205 -8.5914 -1.7433 1.6187 -0.3685 -2.2404 -12.2740 -7.5205 -26.1587 0.1819 20.9827 0.4064 8.3359 -10.1036 4.9092 -1.4227 0.0597 0.7250
-0.5085 98.0803 0.2738 1.0834 -5.6804 -2.7241 -2.1969 0.9602 0.1864 -0.8199 -4.5223 0.5920 -1.0550 11.2697 -1.6128 -7.7700 -4.7820 5.1847 -0.6753 -3.8468 -1.5065 -1.6636 -20.6784 -2.1101 0.0221 0.0709 -0.1323 0.4831 -10.5677 -4.0123 -0.4525 -10.5347 3.7369 -9.2553 14.9734 -6.3432 -63.3144 3.9122 -21.6250 -0.0170 -0.0718 -37.0192 12.7095 5.1202 2.5239 -15.2778 11.1028 16.0565 -60.5481 2.0900 1.9107 13.9433 11.0076 18.1891 47.8290 -40.1207 -18.0054 0.7567 0.7073 58.4794 -46.8439 -53.3266 28.1480 15.5286 7.2627 -15.5538 50.0714 -3.2712 -5.3021 9.0202 -1.3383 19.3549 -0.1254 15.0787 -0.3790 -10.2184 -8.3034 -1.7977 1.6228 -0.3758 -2.2430 -12.3103 -7.3418 -26.1249 0.1785 20.4906 0.4063 8.4462 -9.9098 4.8647 -1.4205 0.0603 0.7219
-0.4874 98.1457 0.3301 1.1363 -5.6081 -2.7293 -2.1739 0.8712 0.1817 -0.8087 -4.5455 0.5925 -0.9642 11.1809 -1.5649 -7.8459 -4.6712 5.1926 -0.6785 -3.8322 -1.4881 -1.6781 -20.0941 -2.1308 0.0302 0.0695 -0.1278 0.4901 -10.5699 -4.0132 -0.4430 -10.5386 3.7426 -9.1404 14.9203 -6.3215 -63.5783 4.1091 -21.3677 -0.0710 -0.0974 -37.0979 12.7587 4.9851 2.5664 -15.3172 11.0851 16.0411 -60.5986 2.0876 1.9683 13.8416 10.9781 18.1597 47.8179 -40.0585 -17.9696 0.7422 0.7399 58.4118 -46.6645 -53.3676 27.8974 15.5032 7.2740 -15.5530 50.0556 -3.2662 -5.2917 8.9282 -1.0946 19.4103 -0.1261 14.5435 -0.3685 -10.2411 -8.0285 -1.8158 1.6258 -0.3470 -2.2353 -12.3493 -7.1677 -26.0443 0.1726 20.0429 0.4050 8.5420 -9.7562 4.7788 -1.4193 0.0642 0.7263
-0.4753 98.1952 0.3861 1.1959 -5.5315 -2.7382 -2.1675 0.7872 0.1485 -0.7990 -4.5681 0.6145 -0.8551 11.0901 -1.5123 -7.9129 -4.5707 5.1915 -0.6941 -3.8114 -1.4360 -1.6826 -19.4868 -2.1628 0.0424 0.0692 -0.1129 0.5066 -10.5572 -3.9996 -0.4349 -10.5327 3.7534 -8.9823 14.8543 -6.2848 -63.8398 4.3910 -21.2694 -0.0736 -0.1042 -37.3476 12.8116 4.7425 2.5543 -15.3639 11.0721 16.0194 -60.6581 2.0861 2.0326 13.7802 10.9270 18.1406 47.7777 -39.9538 -17.9044 0.7302 0.8065 58.3591 -46.4399 -53.3672 27.6458 15.4952 7.2813 -15.5319 50.0361 -3.2238 -5.2420 8.8303 -0.8586 19.4727 -0.1266 14.0135 -0.3610 -10.2917 -7.7561 -1.7877 1.6284 -0.3218 -2.2259 -12.3790 -7.0259 -25.9317 0.1662 19.6631 0.4035 8.6036 -9.6395 4.6920 -1.4193 0.0764 0.7369
-0.4441 98.2540 0.4286 1.2574 -5.4728 -2.7216 -2.1645 0.7280 0.1118 -0.7920 -4.5913 0.6123 -0.7425 11.0027 -1.4571 -7.9658 -4.4530 5.2072 -0.6937 -3.7974 -1.3990 -1.6583 -18.9046 -2.1575 0.0504 0.0648 -0.0996 0.5171 -10.5554 -3.9859 -0.4292 -10.5323 3.7629 -8.7752 14.8147 -6.2655 -64.0939 4.6813 -21.3074 -0.0088 -0.1110 -37.7663 12.8478 4.4334 2.4622 -15.3732 11.0663 15.9967 -60.7137 2.0893 2.0456 13.7116 10.9062 18.1369 47.7289 -39.8338 -17.8650 0.7237 0.8465 58.3729 -46.0902 -53.2948 27.2901 15.4845 7.2815 -15.5156 49.9519 -3.1348 -5.1813 8.7378 -0.6423 19.5381 -0.1324 13.5418 -0.3684 -10.3419 -7.5332 -1.7488 1.6303 -0.2851 -2.2127 -12.4155 -6.9177 -25.8141 0.1580 19.3860 0.3924 8.6444 -9.5701 4.5879 -1.4194 0.0722 0.7427
-0.4320 98.2968 0.4634 1.3043 -5.4130 -2.6864 -2.1508 0.6911 0.0665 -0.7846 -4.6050 0.6119 -0.6331 10.9044 -1.4141 -7.9833 -4.3133 5.2053 -0.6859 -3.7983 -1.3667 -1.6141 -18.4269 -2.1386 0.0522 0.0623 -0.0891 0.5219 -10.5510 -3.9754 -0.4305 -10.5258 3.7725 -8.5610 14.7788 -6.2516 -64.3032 4.9317 -21.4571 0.0600 -0.0949 -38.1906 12.8874 4.1810 2.3217 -15.3614 11.0690 15.9666 -60.7324 2.0987 2.0320 13.6524 10.9076 18.1178 47.7005 -39.6838 -17.8397 0.6714 0.8979 58.4537 -45.6825 -53.2655 26.8992 15.4653 7.2762 -15.5140 49.8362 -3.0600 -5.1236 8.6582 -0.4730 19.5427 -0.1354 13.1488 -0.3793 -10.3625 -7.3478 -1.6850 1.6331 -0.2680 -2.2050 -12.4294 -6.8341 -25.7444 0.1476 19.1710 0.3857 8.6465 -9.5299 4.4986 -1.4204 0.0617 0.7358
-0.4328 98.3441 0.4962 1.3439 -5.3329 -2.6229 -2.1317 0.6538 0.0529 -0.7791 -4.6179 0.6001 -0.5285 10.8138 -1.4187 -7.9800 -4.1464 5.2073 -0.6823 -3.8030 -1.3510 -1.5885 -18.0764 -2.0900 0.0536 0.0619 -0.0849 0.5263 -10.5480 -3.9690 -0.4322 -10.5230 3.7736 -8.3020 14.7280 -6.2065 -64.5207 5.1494 -21.6913 0.1517 -0.1087 -38.6305 12.8745 4.0010 2.2371 -15.3392 11.0958 15.9674 -60.7875 2.1040 2.0140 13.5794 10.8960 18.0926 47.6488 -39.5135 -17.8173 0.6219 0.9201 58.5218 -45.3034 -53.2804 26.5917 15.4527 7.2847 -15.5347 49.7841 -3.0222 -5.0932 8.5670 -0.3951 19.5106 -0.1387 12.8755 -0.3867 -10.3064 -7.1929 -1.6427 1.6329 -0.2613 -2.1977 -12.4267 -6.8117 -25.6821 0.1419 19.0224 0.3833 8.6510 -9.4893 4.4076 -1.4226 0.0230 0.7327
-0.4326 98.3764 0.5052 1.3692 -5.2311 -2.5378 -2.1055 0.6190 0.0496 -0.7809 -4.6401 0.5723 -0.4159 10.7282 -1.4149 -7.9861 -3.9621 5.2251 -0.6602 -3.8007 -1.3368 -1.6212 -17.8376 -2.0442 0.0561 0.0624 -0.0762 0.5265 -10.5469 -3.9625 -0.4270 -10.5261 3.7839 -8.0561 14.6621 -6.1566 -64.7405 5.2817 -21.9017 0.2014 -0.1487 -38.9927 12.8466 3.9396 2.2071 -15.3010 11.1149 15.9501 -60.8292 2.1263 1.9705 13.5049 10.8755 18.0890 47.6717 -39.3383 -17.9434 0.6354 0.9420 58.6222 -45.0429 -53.3190 26.4203 15.4397 7.2893 -15.5401 49.7217 -3.0174 -5.0854 8.4853 -0.3935 19.4146 -0.1453 12.6976 -0.3906 -10.2189 -7.0759 -1.6018 1.6340 -0.2473 -2.1967 -12.4009 -6.8134 -25.6431 0.1373 18.8979 0.3580 8.6604 -9.4495 4.3484 -1.4268 -0.0056 0.7264
-0.4559 98.4028 0.5383 1.3848 -5.1216 -2.4354 -2.0812 0.5829 0.0367 -0.7858 -4.6409 0.5761 -0.3057 10.6332 -1.4208 -7.9850 -3.8063 5.2261 -0.6361 -3.8022 -1.2948 -1.6963 -17.6175 -2.0302 0.0611 0.0647 -0.0619 0.5288 -10.5406 -3.9493 -0.4191 -10.5261 3.7977 -7.8256 14.6185 -6.1172 -64.9403 5.2922 -22.0245 0.1924 -0.1963 -39.2626 12.7928 3.9375 2.1696 -15.2581 11.1130 15.9328 -60.8033 2.1437 1.9611 13.4195 10.8428 18.0677 47.7672 -39.2002 -18.1818 0.6896 0.9615 58.7026 -44.8557 -53.3636 26.2976 15.4015 7.2801 -15.4993 49.6416 -3.0372 -5.0696 8.4172 -0.4328 19.2758 -0.1525 12.5629 -0.3917 -10.1181 -6.9540 -1.5741 1.6344 -0.2065 -2.1892 -12.3618 -6.8302 -25.6468 0.1356 18.7733 0.3508 8.6796 -9.3958 4.2635 -1.4300 -0.0061 0.7275
-0.4814 98.4337 0.5754 1.3997 -5.0161 -2.3340 -2.0510 0.5536 0.0455 -0.7952 -4.6436 0.5669 -0.1984 10.5521 -1.4271 -8.0030 -3.6824 5.2545 -0.6043 -3.8010 -1.2705 -1.7926 -17.4123 -2.0543 0.0622 0.0677 -0.0546 0.5287 -10.5367 -3.9434 -0.4169 -10.5252 3.8060 -7.6455 14.6250 -6.0916 -65.1046 5.2132 -22.0591 0.1470 -0.2286 -39.4942 12.7215 4.0034 2.1251 -15.2057 11.1057 15.9299 -60.7181 2.1546 1.9931 13.3309 10.8364 18.0522 47.9479 -39.1413 -18.5257 0.7777 0.9613 58.7441 -44.7245 -53.4117 26.2158 15.3521 7.2751 -15.4656 49.5462 -3.0256 -5.0793 8.3600 -0.4857 19.0892 -0.1624 12.4599 -0.3802 -10.0584 -6.8464 -1.5634 1.6343 -0.1527 -2.1769 -12.3219 -6.8616 -25.6680 0.1377 18.6902 0.3483 8.6799 -9.3621 4.1738 -1.4341 0.0124 0.7316
-0.5563 98.4522 0.5984 1.4085 -4.9117 -2.2360 -2.0115 0.5332 0.0506 -0.7990 -4.6444 0.5729 -0.0990 10.4851 -1.4237 -8.0570 -3.6221 5.2686 -0.5860 -3.7875 -1.2514 -1.8543 -17.2313 -2.1340 0.0595 0.0699 -0.0517 0.5255 -10.5285 -3.9388 -0.4188 -10.5171 3.8090 -7.5076 14.6361 -6.0680 -65.2569 5.1438 -22.0926 0.0980 -0.2238 -39.7067 12.6789 4.0982 2.0518 -15.1563 11.0961 15.9376 -60.6202 2.1413 2.0264 13.2393 10.8220 18.0261 48.1096 -39.1105 -18.8614 0.8725 0.9893 58.7797 -44.8815 -53.5592 26.3100 15.3260 7.2628 -15.4080 49.4985 -3.0443 -5.0706 8.3093 -0.5450 18.9178 -0.1625 12.3661 -0.3697 -10.0204 -6.7849 -1.5641 1.6340 -0.1101 -2.1645 -12.2796 -6.9008 -25.7059 0.1375 18.6312 0.3314 8.6772 -9.3329 4.1171 -1.4375 0.0395 0.7334
-0.5975 98.4482 0.6055 1.4228 -4.8196 -2.1347 -1.9749 0.5226 0.0310 -0.7944 -4.6393 0.6071 -0.0298 10.4258 -1.4427 -8.1111 -3.6153 5.2848 -0.5905 -3.7658 -1.2537 -1.8655 -17.1398 -2.1947 0.0574 0.0736 -0.0499 0.5241 -10.5166 -3.9333 -0.4217 -10.5022 3.8077 -7.3815 14.6455 -6.0140 -65.4133 5.1386 -22.1851 0.0692 -0.1929 -39.9015 12.6683 4.1827 1.9341 -15.1240 11.0764 15.9553 -60.5167 2.1296 2.0567 13.1816 10.8074 18.0154 48.2015 -39.1061 -19.0868 0.9135 1.0238 58.8016 -45.4835 -53.9155 26.8508 15.3131 7.2571 -15.3729 49.5057 -3.0610 -5.0971 8.2597 -0.6024 18.7693 -0.1546 12.2988 -0.3529 -10.0241 -6.7629 -1.5573 1.6343 -0.1118 -2.1719 -12.2539 -6.9528 -25.7733 0.1417 18.6191 0.3271 8.6968 -9.3262 4.0688 -1.4391 0.0615 0.7283
-0.6382 98.4427 0.6248 1.4489 -4.7535 -2.0699 -1.9383 0.5468 0.0303 -0.7795 -4.6523 0.5999 0.0132 10.3935 -1.4381 -8.1786 -3.6626 5.3080 -0.6044 -3.7401 -1.2781 -1.8773 -17.1876 -2.1995 0.0547 0.0745 -0.0531 0.5206 -10.5209 -3.9373 -0.4235 -10.4999 3.8065 -7.2746 14.6607 -5.9389 -65.5770 5.1664 -22.2792 0.0801 -0.1715 -40.0725 12.6735 4.2780 1.8183 -15.1038 11.0770 15.9935 -60.5154 2.1106 2.0534 13.1557 10.8263 18.0394 48.2226 -39.2399 -19.3054 1.0369 0.9749 58.9010 -46.1489 -54.2014 27.4679 15.3597 7.2085 -15.3335 49.5340 -3.0774 -5.1259 8.2067 -0.6595 18.6568 -0.1480 12.3092 -0.3451 -10.0253 -6.7795 -1.5234 1.6338 -0.1491 -2.1833 -12.2340 -7.0409 -25.8034 0.1436 18.7206 0.3153 8.6925 -9.3694 4.0549 -1.4384 0.0686 0.7191
-0.6673 98.4205 0.6263 1.4872 -4.7007 -2.0232 -1.9107 0.5882 0.0355 -0.7572 -4.6354 0.5913 0.0408 10.3406 -1.4308 -8.2429 -3.7429 5.3408 -0.6317 -3.7274 -1.3065 -1.8864 -17.3261 -2.1876 0.0513 0.0762 -0.0607 0.5162 -10.5141 -3.9436 -0.4259 -10.4867 3.7999 -7.1776 14.6538 -5.8405 -65.7664 5.2380 -22.3540 0.0971 -0.1278 -40.1942 12.6837 4.3690 1.7419 -15.1079 11.0655 16.0114 -60.5080 2.1075 2.0240 13.1302 10.8185 18.0755 48.2677 -39.4465 -19.5910 1.1882 0.9613 59.0630 -46.6968 -54.4791 27.9662 15.4120 7.1684 -15.3184 49.5652 -3.0891 -5.1662 8.1581 -0.7157 18.5543 -0.1430 12.3515 -0.3397 -10.0334 -6.8181 -1.4825 1.6364 -0.2013 -2.1966 -12.2340 -7.1537 -25.8235 0.1472 18.8906 0.3055 8.6753 -9.4484 4.0312 -1.4372 0.0817 0.7162
-0.7094 98.4004 0.6329 1.5375 -4.6376 -1.9697 -1.8818 0.6336 0.0238 -0.7370 -4.6190 0.6093 0.0600 10.2928 -1.4088 -8.3277 -3.8630 5.3407 -0.6636 -3.7194 -1.3232 -1.9092 -17.5222 -2.1670 0.0498 0.0779 -0.0663 0.5125 -10.5186 -3.9507 -0.4251 -10.4867 3.7962 -7.1046 14.6537 -5.7529 -65.9402 5.3091 -22.3718 0.0904 -0.1159 -40.2922 12.7101 4.4168 1.6810 -15.1197 11.0568 16.0248 -60.5346 2.1002 2.0053 13.0664 10.8268 18.0841 48.2939 -39.6736 -19.8425 1.2905 0.9122 59.2756 -47.0859 -54.7145 28.3181 15.4901 7.1415 -15.3232 49.6347 -3.0995 -5.2057 8.0952 -0.8069 18.4292 -0.1408 12.4527 -0.3294 -10.0253 -6.8711 -1.4598 1.6371 -0.2476 -2.2089 -12.2343 -7.3120 -25.8450 0.1518 19.1098 0.3060 8.6416 -9.5592 4.0111 -1.4343 0.0909 0.7058
-0.7515 98.3729 0.6391 1.5864 -4.5524 -1.9154 -1.8547 0.6784 0.0159 -0.7218 -4.5915 0.6346 0.0810 10.2319 -1.3909 -8.4266 -4.0377 5.3382 -0.6900 -3.7120 -1.3216 -1.9550 -17.6854 -2.1484 0.0524 0.0793 -0.0672 0.5138 -10.5070 -3.9508 -0.4211 -10.4790 3.7937 -7.0390 14.6139 -5.6731 -66.1248 5.4242 -22.3539 0.0831 -0.1013 -40.3376 12.7403 4.3022 1.6329 -15.1230 11.0424 16.0222 -60.5432 2.0885 2.0047 12.9971 10.8050 18.0946 48.2894 -39.8658 -20.0603 1.3463 0.9121 59.5102 -47.4234 -54.9816 28.6338 15.5478 7.1475 -15.3331 49.7182 -3.0960 -5.2240 8.0325 -0.9430 18.2877 -0.1402 12.5899 -0.3194 -10.0145 -6.9546 -1.4398 1.6381 -0.2698 -2.2196 -12.2218 -7.5180 -25.8710 0.1575 19.3721 0.3058 8.6022 -9.6899 3.9946 -1.4325 0.0993 0.7012
-0.8135 98.3481 0.6273 1.6429 -4.4565 -1.8477 -1.8325 0.7403 0.0070 -0.7077 -4.5629 0.6497 0.1049 10.1831 -1.3851 -8.5468 -4.2735 5.3404 -0.7028 -3.7156 -1.3071 -1.9930 -17.8295 -2.1475 0.0538 0.0775 -0.0687 0.5182 -10.5068 -3.9526 -0.4226 -10.4863 3.7927 -6.9897 14.5660 -5.6081 -66.2933 5.5560 -22.3060 0.1128 -0.0996 -40.4053 12.7422 4.1217 1.6183 -15.1235 11.0117 15.9937 -60.5362 2.0627 2.0187 12.9136 10.7895 18.1452 48.2565 -40.0670 -20.2641 1.3654 0.9261 59.8016 -47.4943 -55.1899 28.6325 15.5848 7.1734 -15.3455 49.7859 -3.0461 -5.2225 7.9493 -1.1265 18.1336 -0.1385 12.7785 -0.3087 -10.0142 -7.0546 -1.4019 1.6377 -0.2741 -2.2231 -12.2112 -7.7673 -25.9026 0.1649 19.6892 0.3042 8.5564 -9.8548 3.9567 -1.4319 0.1141 0.7025
-0.8753 98.3150 0.5951 1.6930 -4.3754 -1.7326 -1.8026 0.8239 -0.0121 -0.6948 -4.5327 0.6725 0.1133 10.1570 -1.3982 -8.6724 -4.5478 5.3484 -0.7108 -3.7229 -1.3063 -2.0173 -17.9990 -2.1628 0.0497 0.0737 -0.0741 0.5203 -10.5100 -3.9560 -0.4332 -10.4951 3.7864 -6.9318 14.4864 -5.5659 -66.4339 5.7303 -22.2841 0.1820 -0.0822 -40.5079 12.7259 4.0473 1.6821 -15.1399 11.0249 15.9842 -60.5774 2.0550 2.0171 12.8432 10.7811 18.2273 48.1335 -40.2196 -20.3999 1.3102 0.9580 60.1299 -47.4108 -55.3539 28.4412 15.6344 7.1940 -15.3561 49.8577 -3.0005 -5.2120 7.8869 -1.3471 17.9684 -0.1372 13.0288 -0.3028 -10.0047 -7.1861 -1.3787 1.6382 -0.2880 -2.2167 -12.1942 -8.0284 -25.9640 0.1734 20.0621 0.3124 8.5072 -10.0705 3.8702 -1.4313 0.1441 0.7040
-0.9544 98.2753 0.5498 1.7424 -4.2974 -1.5872 -1.7688 0.9249 -0.0233 -0.6792 -4.5076 0.6691 0.1128 10.1617 -1.4111 -8.7946 -4.8110 5.3584 -0.7259 -3.7356 -1.3187 -2.0430 -18.2785 -2.1954 0.0426 0.0690 -0.0827 0.5178 -10.5229 -3.9614 -0.4454 -10.5101 3.7782 -6.8872 14.4032 -5.5376 -66.5008 5.8801 -22.2301 0.2452 -0.0813 -40.6408 12.6900 4.1336 1.8054 -15.1448 11.0471 15.9742 -60.5883 2.0535 1.9915 12.7940 10.7755 18.3447 47.8819 -40.3657 -20.4454 1.2257 0.9950 60.4232 -47.2662 -55.5451 28.1547 15.6526 7.2291 -15.3953 49.9135 -2.9547 -5.2097 7.8342 -1.6158 17.8326 -0.1370 13.3507 -0.3126 -9.9912 -7.3561 -1.3761 1.6376 -0.2922 -2.2013 -12.1721 -8.3055 -26.0290 0.1747 20.4947 0.3049 8.4356 -10.3297 3.8050 -1.4321 0.1883 0.7033
-1.0536 98.2272 0.5140 1.7865 -4.2339 -1.3729 -1.7294 1.0389 -0.0529 -0.6631 -4.4703 0.6766 0.1108 10.1830 -1.4173 -8.9190 -5.0145 5.3771 -0.7551 -3.7483 -1.3631 -2.0736 -18.6884 -2.2276 0.0317 0.0703 -0.0918 0.5051 -10.5360 -3.9667 -0.4545 -10.5196 3.7683 -6.8580 14.3322 -5.5348 -66.4940 5.9303 -22.1507 0.2812 -0.1225 -40.6900 12.6631 4.2906 1.9544 -15.1507 11.0963 15.9594 -60.6487 2.0874 1.9625 12.7616 10.8017 18.4611 47.6248 -40.5907 -20.5163 1.1603 1.0473 60.6669 -47.1825 -55.7854 27.9031 15.6608 7.2662 -15.4665 49.9789 -2.9410 -5.2376 7.8024 -1.9380 17.7215 -0.1411 13.7497 -0.3195 -9.9822 -7.5689 -1.4558 1.6389 -0.2942 -2.1894 -12.1415 -8.5987 -26.1672 0.1770 20.9859 0.3077 8.3529 -10.6428 3.7528 -1.4321 0.2507 0.6850
-1.1657 98.1677 0.4622 1.8122 -4.1797 -1.1406 -1.6858 1.1574 -0.0639 -0.6512 -4.4361 0.6745 0.1197 10.2222 -1.4117 -9.0372 -5.1382 5.3877 -0.7765 -3.7582 -1.4062 -2.1240 -19.1581 -2.2510 0.0279 0.0754 -0.0918 0.4984 -10.5469 -3.9649 -0.4555 -10.5284 3.7676 -6.8479 14.2862 -5.5277 -66.4198 5.8304 -21.9680 0.2371 -0.1785 -40.6366 12.6702 4.3420 2.0908 -15.1896 11.1174 15.9569 -60.6815 2.1016 1.9288 12.7506 10.8501 18.5776 47.3794 -40.8802 -20.5891 1.1212 1.0368 60.8071 -47.0098 -56.0052 27.6577 15.6324 7.2827 -15.5372 50.0078 -2.9749 -5.2658 7.8091 -2.3187 17.6839 -0.1498 14.2438 -0.3360 -9.9806 -7.8038 -1.6287 1.6389 -0.3057 -2.1808 -12.1012 -8.8789 -26.3224 0.1828 21.5103 0.3198 8.2419 -10.9534 3.7056 -1.4320 0.3010 0.6746
-1.2594 98.1038 0.4377 1.8182 -4.1360 -0.8642 -1.6303 1.2722 -0.0504 -0.6428 -4.3952 0.6510 0.1344 10.2574 -1.3950 -9.1342 -5.1716 5.4004 -0.8029 -3.7549 -1.4802 -2.1865 -19.6203 -2.2737 0.0326 0.0856 -0.0792 0.4992 -10.5361 -3.9468 -0.4471 -10.5183 3.7730 -6.8585 14.2820 -5.5256 -66.3002 5.6323 -21.7879 0.1695 -0.2103 -40.4577 12.7090 4.2465 2.1894 -15.2160 11.1099 15.9271 -60.6681 2.1136 1.9218 12.7774 10.9265 18.6664 47.2158 -41.2314 -20.7082 1.1086 1.0317 60.8210 -46.8605 -56.2187 27.5219 15.6040 7.3096 -15.6083 50.0581 -3.0150 -5.3007 7.8613 -2.7257 17.6579 -0.1614 14.7749 -0.3510 -9.9958 -8.0514 -1.8894 1.6381 -0.3149 -2.1790 -12.0479 -9.1297 -26.5073 0.1812 22.0283 0.3224 8.1497 -11.2481 3.6305 -1.4341 0.3443 0.6755
-1.3942 98.0383 0.4263 1.8099 -4.1281 -0.5575 -1.5617 1.3781 -0.0360 -0.6362 -4.3604 0.6229 0.1411 10.3134 -1.3676 -9.2211 -5.1191 5.4058 -0.8116 -3.7507 -1.5569 -2.2576 -20.0266 -2.3085 0.0404 0.0953 -0.0612 0.5035 -10.5255 -3.9256 -0.4356 -10.5080 3.7854 -6.9015 14.3298 -5.5408 -66.1410 5.3391 -21.5677 0.0766 -0.2134 -40.2098 12.7566 4.1476 2.2350 -15.2201 11.1058 15.9000 -60.6025 2.1148 1.9232 12.8456 11.0373 18.7202 47.1001 -41.6099 -20.7836 1.0460 1.0162 60.7159 -46.7602 -56.4268 27.5066 15.5504 7.3539 -15.6646 50.0787 -3.0277 -5.3172 7.9503 -3.0951 17.6288 -0.1732 15.3006 -0.3747 -10.0398 -8.3108 -2.1994 1.6378 -0.3464 -2.1792 -11.9952 -9.3128 -26.6862 0.1730 22.5148 0.3081 8.0630 -11.5262 3.4928 -1.4365 0.3692 0.6767
-1.5184 97.9774 0.4107 1.7882 -4.1649 -0.2378 -1.4913 1.4637 -0.0055 -0.6292 -4.3357 0.5981 0.1512 10.4027 -1.3687 -9.2844 -5.0029 5.4209 -0.8412 -3.7507 -1.6597 -2.2939 -20.3551 -2.3361 0.0475 0.1026 -0.0514 0.5151 -10.5254 -3.9162 -0.4321 -10.5116 3.7947 -6.9850 14.4013 -5.5658 -65.9797 5.0782 -21.4027 0.0198 -0.1985 -39.9718 12.7865 4.0945 2.3117 -15.2462 11.0903 15.8624 -60.5155 2.0913 1.9187 12.9771 11.1285 18.7498 46.9910 -42.0125 -20.8537 1.0309 0.9786 60.4940 -46.7148 -56.6076 27.6280 15.5150 7.3777 -15.6939 50.0893 -3.0303 -5.3260 8.0592 -3.4177 17.5500 -0.1757 15.8371 -0.3929 -10.0897 -8.5803 -2.5003 1.6364 -0.3848 -2.1804 -11.9583 -9.4198 -26.8633 0.1675 22.9808 0.2982 7.9946 -11.7970 3.3239 -1.4396 0.3586 0.6919
-1.6459 97.8998 0.4148 1.7575 -4.2490 0.1224 -1.4200 1.5252 -0.0162 -0.6163 -4.3105 0.5985 0.1726 10.5266 -1.3727 -9.3532 -4.8025 5.4366 -0.8604 -3.7701 -1.7746 -2.3126 -20.6424 -2.3399 0.0482 0.1080 -0.0535 0.5289 -10.5470 -3.9202 -0.4447 -10.5364 3.7945 -7.0781 14.4581 -5.5738 -65.8366 4.8340 -21.2525 -0.0355 -0.1849 -39.7754 12.8019 4.1848 2.3387 -15.2574 11.0691 15.8372 -60.4375 2.0570 1.9344 13.1467 11.2354 18.7408 46.9604 -42.4188 -20.9107 0.9704 0.9424 60.2753 -46.6802 -56.8042 27.7697 15.4794 7.3936 -15.7162 50.0421 -3.0247 -5.3455 8.1861 -3.6994 17.3855 -0.1752 16.4032 -0.4008 -10.1385 -8.8502 -2.7744 1.6383 -0.4128 -2.1784 -11.9335 -9.4499 -27.0448 0.1596 23.4165 0.2856 7.9222 -12.0796 3.1251 -1.4405 0.3451 0.7041
-1.7897 97.8099 0.4230 1.7247 -4.4224 0.4771 -1.3449 1.5913 -0.0103 -0.6000 -4.3048 0.5718 0.2069 10.7190 -1.3551 -9.4260 -4.5272 5.4801 -0.8724 -3.7841 -1.8653 -2.3561 -20.9005 -2.3424 0.0468 0.1116 -0.0600 0.5430 -10.5824 -3.9276 -0.4616 -10.5687 3.7914 -7.2022 14.5392 -5.5767 -65.6954 4.5761 -21.0795 -0.0985 -0.2014 -39.6320 12.7460 4.4403 2.3826 -15.2552 11.0612 15.8174 -60.3824 2.0506 1.9464 13.3913 11.3906 18.7213 46.9244 -42.8802 -20.9413 0.9384 0.8495 60.0321 -46.7863 -57.0164 28.1323 15.4685 7.3847 -15.7363 49.9754 -3.0527 -5.3698 8.3416 -3.9447 17.1619 -0.1817 17.1163 -0.4181 -10.1985 -9.1539 -2.9747 1.6407 -0.4187 -2.1862 -11.9578 -9.4095 -27.1747 0.1491 23.9546 0.2610 7.8726 -12.4362 2.9116 -1.4417 0.3701 0.7172
-1.9071 97.6936 0.5006 1.6967 -4.6916 0.8234 -1.2850 1.6514 -0.0152 -0.5820 -4.2823 0.5656 0.2704 10.9497 -1.3589 -9.5082 -4.1421 5.5225 -0.8866 -3.8115 -1.9339 -2.4032 -21.1387 -2.2881 0.0404 0.1166 -0.0768 0.5479 -10.6185 -3.9424 -0.4795 -10.5980 3.7746 -7.3138 14.6193 -5.5349 -65.6144 4.3178 -20.9485 -0.1458 -0.2294 -39.5000 12.6140 4.7519 2.4013 -15.2955 11.0472 15.8192 -60.4056 2.0533 1.9381 13.7357 11.5747 18.6757 46.9253 -43.3742 -20.9124 0.9028 0.7411 59.8272 -47.1617 -57.1732 28.7900 15.5218 7.3676 -15.7570 49.9881 -3.0894 -5.4184 8.5229 -4.1003 16.8506 -0.1869 17.8984 -0.4220 -10.2562 -9.4847 -3.1593 1.6441 -0.3882 -2.1972 -12.0358 -9.3034 -27.3148 0.1439 24.5528 0.2572 7.8401 -12.8352 2.6845 -1.4401 0.4225 0.7269
-2.0593 97.5483 0.5550 1.6807 -5.0259 1.1125 -1.2377 1.7151 0.0078 -0.5708 -4.2685 0.5465 0.3634 11.2105 -1.3445 -9.6034 -3.7426 5.5345 -0.8723 -3.8222 -1.9670 -2.5121 -21.3957 -2.1762 0.0372 0.1269 -0.0861 0.5491 -10.6356 -3.9460 -0.4870 -10.6022 3.7613 -7.3803 14.6759 -5.4499 -65.5924 4.0614 -20.7996 -0.2427 -0.2437 -39.3931 12.4070 5.1044 2.3989 -15.3377 11.0160 15.8253 -60.4693 2.0594 1.9269 14.1610 11.7639 18.5984 46.9431 -43.8534 -20.8279 0.9086 0.6386 59.6719 -47.8261 -57.2746 29.8173 15.6327 7.3268 -15.7990 50.0973 -3.1560 -5.4718 8.7131 -4.1963 16.5317 -0.1946 18.7505 -0.4261 -10.3425 -9.8684 -3.3074 1.6429 -0.3351 -2.2182 -12.1730 -9.2164 -27.4432 0.1444 25.3054 0.2643 7.8188 -13.3298 2.5054 -1.4390 0.5080 0.7436
-2.1696 97.3686 0.6562 1.6827 -5.3859 1.3385 -1.2057 1.7898 0.0573 -0.5678 -4.2542 0.5130 0.4821 11.4438 -1.2909 -9.7079 -3.3509 5.5475 -0.8572 -3.8137 -1.9860 -2.6852 -21.6397 -1.9858 0.0373 0.1365 -0.0840 0.5451 -10.6373 -3.9437 -0.4824 -10.5914 3.7633 -7.4039 14.7054 -5.3291 -65.6471 3.8663 -20.6906 -0.3095 -0.2345 -39.3165 12.2400 5.4311 2.3340 -15.3405 10.9798 15.8440 -60.5081 2.0557 1.9243 14.6169 11.9318 18.5401 47.1190 -44.2471 -20.8763 0.9192 0.6079 59.6531 -48.4450 -57.1831 30.7661 15.8072 7.2366 -15.8207 50.2072 -3.2110 -5.5120 8.8935 -4.2282 16.2328 -0.2058 19.5769 -0.4348 -10.4108 -10.2973 -3.3749 1.6412 -0.2868 -2.2531 -12.3493 -9.1604 -27.5457 0.1539 26.1228 0.2850 7.8015 -13.8662 2.3634 -1.4381 0.5622 0.7604
-2.2859 97.1855 0.7187 1.7100 -5.7081 1.4984 -1.1918 1.8540 0.1006 -0.5650 -4.2578 0.4763 0.6037 11.6555 -1.2125 -9.8295 -3.0285 5.5592 -0.8313 -3.7919 -1.9649 -2.8811 -21.8190 -1.7922 0.0432 0.1361 -0.0631 0.5380 -10.6374 -3.9296 -0.4638 -10.5821 3.7888 -7.4189 14.7408 -5.2002 -65.7075 3.6994 -20.6022 -0.3463 -0.1928 -39.3013 12.2376 5.8048 2.2557 -15.2870 10.9596 15.8688 -60.5393 2.0566 1.9527 14.9865 12.0677 18.5103 47.4486 -44.4523 -21.0520 0.8769 0.6635 59.8376 -48.6777 -56.9632 31.2160 15.9656 7.1638 -15.8236 50.2669 -3.2100 -5.5370 9.0214 -4.2280 16.0032 -0.2092 20.2931 -0.4354 -10.4763 -10.7370 -3.3151 1.6393 -0.2207 -2.2887 -12.5298 -9.1555 -27.5604 0.1682 26.9032 0.3220 7.7882 -14.3892 2.1998 -1.4364 0.5817 0.7766
-2.3645 97.0366 0.7474 1.7352 -5.9532 1.5920 -1.1856 1.8902 0.1371 -0.5616 -4.2819 0.4355 0.7240 11.8485 -1.1262 -9.9577 -2.8305 5.5501 -0.8152 -3.7732 -1.8723 -3.0506 -21.9145 -1.6838 0.0471 0.1256 -0.0356 0.5249 -10.6168 -3.9038 -0.4424 -10.5689 3.8171 -7.4729 14.7792 -5.0627 -65.7096 3.5874 -20.5611 -0.3557 -0.1683 -39.3723 12.3801 6.3358 2.2329 -15.2123 10.9772 15.9147 -60.6024 2.0908 1.9678 15.2699 12.1769 18.5304 47.7676 -44.4209 -21.2487 0.7913 0.7835 60.1641 -48.7168 -56.7947 31.3481 16.1287 7.1503 -15.8430 50.2881 -3.1046 -5.5507 9.1079 -4.2426 15.8522 -0.2146 20.8733 -0.4339 -10.5242 -11.1181 -3.2278 1.6404 -0.1684 -2.2949 -12.6460 -9.1823 -27.4924 0.1753 27.5523 0.3346 7.7628 -14.8261 2.0228 -1.4335 0.5524 0.7823
-2.4271 96.9561 0.7436 1.7243 -6.0830 1.6789 -1.1840 1.8764 0.1696 -0.5732 -4.3215 0.4175 0.8741 12.0257 -1.0864 -10.0943 -2.7723 5.5002 -0.7817 -3.7819 -1.7814 -3.1761 -21.8773 -1.6640 0.0465 0.1127 -0.0206 0.5069 -10.5770 -3.8869 -0.4260 -10.5476 3.8306 -7.5389 14.8193 -4.9087 -65.6334 3.5553 -20.7075 -0.2757 -0.1654 -39.5106 12.5525 6.9005 2.3031 -15.1489 11.0129 16.0033 -60.6134 2.0853 2.0046 15.4842 12.2271 18.5237 47.9438 -44.2111 -21.3389 0.6697 0.9686 60.5299 -48.8886 -56.8907 31.4761 16.2556 7.1960 -15.8868 50.3349 -2.9216 -5.5783 9.1600 -4.3118 15.7383 -0.2190 21.2689 -0.4320 -10.4954 -11.3406 -3.1978 1.6368 -0.0639 -2.2519 -12.6662 -9.2327 -27.4719 0.1827 27.9951 0.3272 7.7082 -15.1285 1.8425 -1.4304 0.4569 0.7977
