HIERARCHY
ROOT Hips
{
	OFFSET 0.0000 0.0000 0.0000
	CHANNELS 6 Xposition Yposition Zposition Zrotation Xrotation Yrotation
	JOINT Spine1
	{
		OFFSET -0.0137 5.0038 -0.0537
		CHANNELS 3 Zrotation Xrotation Yrotation
		JOINT Spine2
		{
			OFFSET -0.0000 7.1253 -0.0298
			CHANNELS 3 Zrotation Xrotation Yrotation
			JOINT Chest
			{
				OFFSET -0.0000 7.5501 -0.8160
				CHANNELS 3 Zrotation Xrotation Yrotation
				JOINT Neck1
				{
					OFFSET -0.1817 26.3113 -0.5533
					CHANNELS 3 Zrotation Xrotation Yrotation
					JOINT Neck2
					{
						OFFSET -0.0000 7.7094 2.3026
						CHANNELS 3 Zrotation Xrotation Yrotation
						JOINT Head
						{
							OFFSET -0.0000 6.1289 1.9537
							CHANNELS 3 Zrotation Xrotation Yrotation
							JOINT Jaw
							{
								OFFSET 0.0026 0.4756 3.0949
								CHANNELS 3 Zrotation Xrotation Yrotation
								End Site
								{
									OFFSET 0.0 1.0 0.0
								}
							}
							JOINT LeftEye
							{
								OFFSET 3.2064 5.3802 7.5869
								CHANNELS 3 Zrotation Xrotation Yrotation
								End Site
								{
									OFFSET 0.0 1.0 0.0
								}
							}
							JOINT RightEye
							{
								OFFSET -3.2224 5.3619 7.5582
								CHANNELS 3 Zrotation Xrotation Yrotation
								End Site
								{
									OFFSET 0.0 1.0 0.0
								}
							}
						}
					}
				}
				JOINT LeftShoulder
				{
					OFFSET 1.6217 23.2372 5.1134
					CHANNELS 3 Zrotation Xrotation Yrotation
					JOINT LeftArm
					{
						OFFSET 14.9198 0.0000 -5.5023
						CHANNELS 3 Zrotation Xrotation Yrotation
						JOINT LeftForeArm
						{
							OFFSET 28.7393 0.0000 -0.0026
							CHANNELS 3 Zrotation Xrotation Yrotation
							JOINT LeftHand
							{
								OFFSET 27.0940 -0.0000 0.0026
								CHANNELS 3 Zrotation Xrotation Yrotation
								JOINT LeftHandThumbEnd
								{
									OFFSET 12.2686 -3.2202 4.8331
									CHANNELS 3 Zrotation Xrotation Yrotation
									End Site
									{
										OFFSET 0.0 1.0 0.0
									}
								}
								JOINT LeftHandMiddleEnd
								{
									OFFSET 19.0120 -0.3129 -0.0340
									CHANNELS 3 Zrotation Xrotation Yrotation
									End Site
									{
										OFFSET 0.0 1.0 0.0
									}
								}
							}
						}
					}
				}
				JOINT RightShoulder
				{
					OFFSET -1.3801 23.1803 5.2142
					CHANNELS 3 Zrotation Xrotation Yrotation
					JOINT RightArm
					{
						OFFSET -15.0372 0.0000 -5.5456
						CHANNELS 3 Zrotation Xrotation Yrotation
						JOINT RightForeArm
						{
							OFFSET -28.7366 0.0000 -0.0026
							CHANNELS 3 Zrotation Xrotation Yrotation
							JOINT RightHand
							{
								OFFSET -27.1336 -0.0000 0.0026
								CHANNELS 3 Zrotation Xrotation Yrotation
								JOINT RightHandThumbEnd
								{
									OFFSET -12.2642 -3.2115 4.8040
									CHANNELS 3 Zrotation Xrotation Yrotation
									End Site
									{
										OFFSET 0.0 1.0 0.0
									}
								}
								JOINT RightHandMiddleEnd
								{
									OFFSET -19.0006 -0.3066 -0.0316
									CHANNELS 3 Zrotation Xrotation Yrotation
									End Site
									{
										OFFSET 0.0 1.0 0.0
									}
								}
							}
						}
					}
				}
			}
		}
	}
	JOINT LeftLeg
	{
		OFFSET 10.0432 -8.4345 2.5957
		CHANNELS 3 Zrotation Xrotation Yrotation
		JOINT LeftShin
		{
			OFFSET -0.0000 -43.2218 -0.8029
			CHANNELS 3 Zrotation Xrotation Yrotation
			JOINT LeftFoot
			{
				OFFSET 0.0000 -42.1551 -3.4815
				CHANNELS 3 Zrotation Xrotation Yrotation
				JOINT LeftToeBase
				{
					OFFSET 0.0000 -5.0595 13.2315
					CHANNELS 3 Zrotation Xrotation Yrotation
					End Site
					{
						OFFSET 0.0 1.0 0.0
					}
				}
			}
		}
	}
	JOINT RightLeg
	{
		OFFSET -10.0473 -8.2953 2.6203
		CHANNELS 3 Zrotation Xrotation Yrotation
		JOINT RightShin
		{
			OFFSET 0.0000 -43.3622 -0.8056
			CHANNELS 3 Zrotation Xrotation Yrotation
			JOINT RightFoot
			{
				OFFSET 0.0000 -42.1174 -3.4784
				CHANNELS 3 Zrotation Xrotation Yrotation
				JOINT RightToeBase
				{
					OFFSET -0.0000 -5.0796 13.2842
					CHANNELS 3 Zrotation Xrotation Yrotation
					End Site
					{
						OFFSET 0.0 1.0 0.0
					}
				}
			}
		}
	}
}
MOTION
Frames: 300
Frame Time: 0.033333
-2.9665 92.2468 0.2274 0.4780 -0.7450 0.8757 -3.6399 7.9945 0.3000 -2.4081 -1.4654 0.7803 -10.0468 25.8674 -4.7692 -4.4261 32.0352 6.8655 -0.0128 -3.5273 4.5550 4.2517 -5.3494 2.1912 -0.1505 -0.0482 0.0938 0.5727 -10.3905 -3.6874 -0.8820 -10.4301 3.9319 -7.5011 13.6085 -12.4754 -37.9976 -60.6846 -0.9381 0.0987 -1.7182 -71.7702 118.3723 -75.7588 -59.1655 -15.3597 10.6224 14.8222 -58.0855 1.6897 1.8786 12.3939 22.2085 13.8436 65.3606 37.5834 49.1752 1.7116 -1.9276 96.2684 47.3007 -16.1187 6.3712 15.4368 7.6832 -16.4057 52.0493 -3.5076 -5.0293 8.0514 -35.8797 21.3738 -0.2871 29.8590 -0.6169 -8.1116 7.9330 4.0684 1.6294 0.5608 -2.0204 -16.7317 -3.2330 -18.4080 0.1132 29.9266 0.6796 20.7761 -23.6743 -4.7711 -1.4509 -0.3979 1.1622
-3.0758 92.2713 0.1868 0.2493 -0.6473 0.9146 -3.6388 7.9097 0.3111 -2.4381 -1.4596 0.7954 -10.1436 25.9437 -4.9630 -4.4044 32.4450 6.9670 -0.0788 -3.5235 4.4451 4.3975 -5.1950 2.0836 -0.1700 -0.0543 0.1004 0.5423 -10.3491 -3.6721 -0.8890 -10.3773 3.9328 -7.4318 13.5631 -12.5281 -37.4726 -61.1550 -1.8151 0.0737 -1.7574 -71.4176 117.7686 -75.0557 -58.2269 -15.4602 10.6506 14.8051 -58.1095 1.6422 1.9598 12.3376 22.2795 13.7792 65.8671 37.6906 50.2982 1.3204 -1.7260 96.0984 46.7192 -15.7484 6.7043 15.3361 7.6622 -16.4675 52.1631 -3.4745 -5.0247 8.3417 -36.1826 21.4931 -0.3096 29.8409 -0.6043 -8.2072 8.0213 3.6965 1.6302 0.5547 -1.9958 -16.3680 -3.0594 -18.3503 0.0807 29.7692 0.6739 20.6504 -23.6662 -4.9600 -1.4512 -0.3997 1.1352
-3.1894 92.2594 0.1972 0.0654 -0.6177 0.9547 -3.6387 7.7908 0.3014 -2.4702 -1.4613 0.7828 -10.1954 25.9757 -5.0993 -4.3124 32.8597 7.0925 -0.0796 -3.5320 4.2540 4.4418 -4.9116 2.0189 -0.1925 -0.0535 0.1114 0.5113 -10.3224 -3.6578 -0.9027 -10.3489 3.9449 -7.2932 13.5163 -12.5871 -36.9510 -61.3639 -2.7714 0.0226 -1.7202 -71.0362 118.0306 -74.5644 -57.8062 -15.4604 10.6655 14.7596 -58.0138 1.6215 2.0079 12.2376 22.3215 13.7097 66.2354 37.7001 51.0930 1.1983 -1.7195 96.0074 46.3418 -15.1495 7.0250 15.3016 7.6798 -16.5111 52.3293 -3.4472 -4.9961 8.6025 -36.3446 21.5237 -0.3167 29.7549 -0.5906 -8.2234 8.2037 3.4562 1.6329 0.5861 -1.9788 -16.1162 -2.8305 -18.3236 0.0600 29.5580 0.6505 20.6131 -23.6684 -5.0513 -1.4489 -0.3729 1.1356
-3.2776 92.2616 0.2074 -0.0801 -0.6339 0.9371 -3.6265 7.6967 0.2908 -2.4902 -1.5312 0.7562 -10.2010 26.0188 -5.1553 -4.2609 33.2406 7.1499 -0.0736 -3.5380 4.0837 4.4888 -4.7407 1.9959 -0.2136 -0.0516 0.1222 0.4867 -10.3266 -3.6488 -0.9196 -10.3526 3.9621 -7.0812 13.5539 -12.6064 -36.3864 -61.5585 -3.8320 -0.1431 -1.6905 -70.6753 120.2111 -74.2728 -59.0133 -15.4439 10.5798 14.6860 -57.6605 1.5852 2.0445 12.0841 22.4058 13.6856 66.4635 37.7145 51.6293 1.0880 -1.7774 96.0668 46.1099 -14.5319 7.2590 15.2740 7.6972 -16.5539 52.4547 -3.4254 -5.0013 8.8768 -36.3605 21.3966 -0.2955 29.6001 -0.5580 -8.2192 8.4299 3.4467 1.6323 0.6018 -1.9816 -15.9378 -2.5703 -18.3010 0.0449 29.2454 0.6161 20.5655 -23.6417 -5.0089 -1.4419 -0.3973 1.1352
-3.3532 92.3123 0.2126 -0.1933 -0.6626 0.8365 -3.6002 7.5893 0.2869 -2.5042 -1.6039 0.7452 -10.2181 26.0155 -5.1918 -4.2608 33.5095 7.1916 -0.0796 -3.5381 3.9584 4.5985 -4.5611 2.0057 -0.2298 -0.0531 0.1310 0.4613 -10.3314 -3.6406 -0.9269 -10.3566 3.9768 -6.7941 13.5949 -12.5324 -35.9891 -61.8176 -4.8456 -0.4176 -1.6230 -70.3090 123.4327 -74.1126 -61.1829 -15.4103 10.4565 14.6436 -57.2558 1.5703 2.0580 11.8765 22.4771 13.6777 66.6913 37.7585 52.2373 0.9014 -1.7723 96.1484 45.7910 -13.9910 7.6635 15.2513 7.7011 -16.5873 52.5551 -3.3912 -5.0031 9.1340 -36.2080 21.2103 -0.2829 29.2742 -0.5384 -8.2143 8.6789 3.6160 1.6303 0.6306 -1.9911 -15.8233 -2.2858 -18.2792 0.0399 28.7710 0.6063 20.5413 -23.4648 -4.8495 -1.4367 -0.4655 1.1286
-3.3806 92.3948 0.1852 -0.2621 -0.6863 0.6425 -3.5736 7.4700 0.2869 -2.5117 -1.6667 0.7598 -10.2109 25.9414 -5.2159 -4.3734 33.7570 7.1673 -0.1071 -3.5470 3.9167 4.7328 -4.3436 2.0233 -0.2398 -0.0563 0.1371 0.4410 -10.3315 -3.6341 -0.9262 -10.3556 3.9855 -6.4140 13.6040 -12.4124 -35.9029 -62.0949 -5.6752 -0.6180 -1.6099 -70.0053 127.1961 -73.9084 -63.8664 -15.3961 10.3463 14.6631 -56.9343 1.5575 2.0602 11.5743 22.5173 13.6678 66.9242 37.8287 52.8638 0.6606 -1.7071 96.2599 45.4645 -13.6635 8.0497 15.2102 7.6808 -16.6173 52.5271 -3.3636 -4.9966 9.3484 -35.9372 21.0238 -0.2750 28.8165 -0.5259 -8.2457 8.9166 3.8836 1.6267 0.6459 -1.9907 -15.7992 -2.0275 -18.2945 0.0456 28.1758 0.6164 20.5493 -23.2146 -4.5338 -1.4314 -0.5375 1.1283
-3.3763 92.5255 0.1765 -0.2961 -0.7155 0.3209 -3.5387 7.3350 0.3049 -2.5092 -1.7183 0.7869 -10.1868 25.8093 -5.2315 -4.5580 34.0492 7.1543 -0.1576 -3.5568 3.8688 4.8235 -4.0979 2.0343 -0.2499 -0.0572 0.1424 0.4258 -10.3255 -3.6277 -0.9307 -10.3503 3.9932 -5.9791 13.6211 -12.2534 -36.1544 -62.4927 -6.2772 -0.8030 -1.6098 -69.7188 131.8568 -73.4799 -67.4137 -15.3669 10.2643 14.7175 -56.6578 1.5362 2.0716 11.2329 22.5530 13.6807 67.0533 37.9050 53.3708 0.4504 -1.6890 96.3979 45.2327 -13.4073 8.3959 15.1693 7.6595 -16.6171 52.4607 -3.3328 -4.9458 9.5514 -35.5647 20.8223 -0.2758 28.2759 -0.5241 -8.2817 9.1719 4.2978 1.6236 0.6371 -1.9960 -15.8698 -1.8034 -18.3286 0.0572 27.4886 0.6253 20.5404 -22.9136 -4.0472 -1.4284 -0.5918 1.1184
-3.3296 92.6796 0.1645 -0.2624 -0.7708 -0.1135 -3.5065 7.1990 0.3518 -2.4993 -1.8014 0.7937 -10.1162 25.6152 -5.1911 -4.8413 34.4400 7.1730 -0.2076 -3.5576 3.7661 4.8289 -3.7744 2.0390 -0.2719 -0.0541 0.1535 0.4098 -10.3211 -3.6151 -0.9609 -10.3513 4.0123 -5.4846 13.6745 -12.0877 -36.9892 -63.0000 -6.3808 -1.0136 -1.6111 -69.4312 136.9525 -72.8292 -71.2834 -15.3825 10.1524 14.7144 -56.3849 1.4547 2.0880 10.7990 22.5493 13.7150 67.2472 37.9790 53.8832 0.2419 -1.7453 96.5291 44.9931 -13.2458 8.6093 15.1523 7.6547 -16.6152 52.4843 -3.3118 -4.9349 9.7053 -35.0416 20.6096 -0.2727 27.6620 -0.5163 -8.3346 9.4270 4.8827 1.6230 0.5704 -2.0192 -16.0523 -1.5674 -18.3615 0.0695 26.6837 0.6176 20.4630 -22.5743 -3.4166 -1.4301 -0.6712 1.0931
-3.2404 92.8469 0.1535 -0.1723 -0.8524 -0.6198 -3.4805 7.0243 0.3820 -2.4852 -1.8717 0.8352 -9.9985 25.3786 -5.1777 -5.2059 34.9122 7.2326 -0.2760 -3.5532 3.6203 4.7539 -3.4034 2.0186 -0.2989 -0.0540 0.1644 0.3911 -10.3288 -3.6044 -0.9956 -10.3650 4.0329 -4.9646 13.7657 -11.8429 -38.4064 -63.6858 -5.9177 -1.2278 -1.5764 -69.2269 142.1637 -71.8562 -75.1113 -15.4157 10.0273 14.7116 -56.1589 1.3653 2.0732 10.3846 22.5184 13.7630 67.4297 38.1091 54.4220 0.0471 -1.8192 96.7102 44.6804 -13.0400 8.7086 15.1217 7.6541 -16.6092 52.5626 -3.2950 -4.9308 9.8015 -34.4218 20.4534 -0.2613 27.0363 -0.5002 -8.3498 9.6312 5.5009 1.6235 0.4925 -2.0404 -16.3496 -1.3125 -18.4113 0.0798 25.7836 0.6401 20.4307 -22.1811 -2.7918 -1.4296 -0.7533 1.0488
-3.0901 92.9962 0.1744 -0.0237 -0.9688 -1.1867 -3.4580 6.8429 0.3818 -2.4569 -1.9661 0.8525 -9.8057 25.0823 -5.1117 -5.6514 35.4508 7.2654 -0.3573 -3.5488 3.4440 4.6499 -3.0251 1.9367 -0.3194 -0.0560 0.1714 0.3715 -10.3320 -3.5940 -1.0176 -10.3761 4.0446 -4.3879 13.8726 -11.5164 -40.7861 -64.3520 -4.4220 -1.3371 -1.5826 -69.3130 146.5270 -70.5687 -78.1298 -15.4664 9.9159 14.7402 -56.0425 1.2810 2.0408 9.9949 22.4375 13.7639 67.6139 38.2776 54.9578 -0.0384 -1.9357 96.9409 44.3445 -12.7776 8.7613 15.0159 7.7086 -16.6510 52.6357 -3.2405 -4.9488 9.8106 -33.7287 20.4312 -0.2409 26.4849 -0.4765 -8.3451 9.7779 6.0690 1.6273 0.4015 -2.0594 -16.7537 -1.0393 -18.4625 0.0879 24.8369 0.6542 20.4229 -21.7372 -2.1502 -1.4303 -0.8198 1.0083
-2.8857 93.1417 0.2464 0.1809 -1.1035 -1.7893 -3.4156 6.6550 0.3769 -2.4078 -2.0711 0.8251 -9.5232 24.7547 -5.0273 -6.1701 35.9821 7.2495 -0.4373 -3.5443 3.2580 4.4819 -2.6612 1.7517 -0.3372 -0.0584 0.1778 0.3608 -10.3516 -3.5907 -1.0426 -10.3947 4.0607 -3.6565 14.0232 -11.0468 -44.8025 -65.0713 -1.1844 -1.4323 -1.6337 -69.8357 149.2235 -69.1520 -79.6140 -15.5719 9.8325 14.8595 -56.1411 1.2201 1.9855 9.6572 22.3468 13.7029 67.7855 38.5412 55.4424 -0.0322 -2.0723 97.3364 44.0258 -12.6822 8.6559 14.9250 7.7604 -16.7023 52.7176 -3.1923 -4.9632 9.7200 -33.0563 20.5601 -0.2271 26.1266 -0.4663 -8.3385 9.7841 6.5271 1.6315 0.3300 -2.0732 -17.2626 -0.7544 -18.5004 0.0891 23.8965 0.6626 20.5161 -21.2941 -1.5235 -1.4328 -0.8492 0.9807
-2.5981 93.2536 0.3483 0.4435 -1.2223 -2.3771 -3.3466 6.4683 0.3616 -2.3300 -2.1779 0.7706 -9.1306 24.4125 -4.9140 -6.6833 36.4606 7.1382 -0.4893 -3.5509 3.0295 4.1395 -2.3755 1.4920 -0.3468 -0.0612 0.1822 0.3547 -10.3763 -3.5938 -1.0560 -10.4194 4.0761 -2.7492 14.2231 -10.4616 -50.6542 -65.6404 4.0383 -1.4699 -1.6962 -70.9045 150.0806 -67.9561 -79.4868 -15.7435 9.8063 15.0791 -56.5116 1.2192 1.9465 9.4226 22.2151 13.5343 68.0321 38.9361 55.9532 0.0107 -2.2243 97.8552 43.7886 -12.8925 8.2807 14.8718 7.8018 -16.7706 52.7612 -3.1866 -5.0180 9.5003 -32.4676 20.8143 -0.2063 26.0083 -0.4419 -8.3180 9.6355 6.8771 1.6354 0.2583 -2.0785 -17.8762 -0.5062 -18.5138 0.0889 22.9925 0.6672 20.7361 -20.8616 -0.9866 -1.4336 -0.8712 0.9679
-2.2393 93.3510 0.4847 0.7473 -1.3292 -2.9351 -3.2336 6.3116 0.3674 -2.2287 -2.2904 0.6904 -8.6154 24.1083 -4.7998 -7.0820 36.8712 6.9622 -0.5450 -3.5695 2.7514 3.6193 -2.1620 1.1847 -0.3353 -0.0663 0.1778 0.3707 -10.4117 -3.6116 -1.0484 -10.4574 4.0813 -1.6048 14.4303 -9.7189 -58.3940 -65.8033 11.2847 -1.4709 -1.8824 -72.4270 149.1461 -67.0666 -77.9325 -15.8935 9.8399 15.3871 -57.0187 1.2288 1.9547 9.3194 22.0979 13.3202 68.2552 39.4419 56.3195 0.1178 -2.2723 98.4919 43.6183 -13.4726 7.6501 14.8340 7.8349 -16.8197 52.7569 -3.1740 -5.0652 9.1462 -31.9723 21.1721 -0.1961 26.1119 -0.4347 -8.2326 9.3638 7.1236 1.6390 0.1923 -2.0748 -18.5686 -0.2856 -18.4952 0.0883 22.1303 0.6763 21.0594 -20.4376 -0.5251 -1.4348 -0.9206 0.9662
-1.8306 93.4118 0.6466 1.0707 -1.3985 -3.3975 -3.0880 6.1860 0.3576 -2.1162 -2.3879 0.6073 -7.9842 23.8449 -4.6566 -7.2506 37.2446 6.7729 -0.5844 -3.5827 2.3921 2.9515 -2.0167 0.8762 -0.3194 -0.0719 0.1724 0.3925 -10.4531 -3.6304 -1.0381 -10.4995 4.0849 -0.2124 14.6232 -8.8314 -67.0092 -65.2694 19.5027 -1.4456 -2.1844 -74.0340 146.9306 -66.7821 -75.5943 -16.0050 9.8556 15.6491 -57.4000 1.2508 1.9883 9.3117 21.9646 13.0886 68.5821 39.9714 56.5423 0.3372 -2.2274 99.1134 43.4727 -14.0938 7.0347 14.8035 7.8894 -16.8574 52.7032 -3.1573 -5.1009 8.6980 -31.6220 21.5682 -0.1854 26.4021 -0.4137 -8.0915 9.0108 7.2987 1.6437 0.1323 -2.0698 -19.3254 -0.1422 -18.5108 0.0914 21.3449 0.6892 21.4732 -20.0293 -0.1580 -1.4363 -0.9650 0.9783
-1.3635 93.4337 0.8161 1.3953 -1.4127 -3.7417 -2.9161 6.1044 0.3425 -1.9876 -2.4785 0.5258 -7.2291 23.6207 -4.4714 -7.1629 37.4969 6.5724 -0.6268 -3.5884 2.0082 2.1836 -1.9535 0.6122 -0.2932 -0.0784 0.1645 0.4227 -10.4953 -3.6525 -1.0159 -10.5437 4.0838 1.3469 14.7870 -7.8723 -74.7803 -63.9079 26.8448 -1.2535 -2.5112 -75.5198 144.2350 -67.2733 -73.0500 -15.9762 9.8772 15.7944 -57.4418 1.3034 1.9970 9.3864 21.8630 12.9073 68.9244 40.4336 56.5267 0.6302 -2.2081 99.6400 43.2875 -14.5856 6.4427 14.8147 7.9568 -16.8514 52.6954 -3.1531 -5.1111 8.1275 -31.3856 21.9758 -0.1783 26.7921 -0.3918 -7.8750 8.5962 7.4032 1.6494 0.1309 -2.0678 -20.0833 -0.0712 -18.5721 0.1003 20.6025 0.7133 21.9336 -19.5898 0.0952 -1.4384 -1.0169 0.9958
-0.8443 93.4512 0.9772 1.6825 -1.3911 -3.9741 -2.7138 6.0928 0.3572 -1.8390 -2.5685 0.4374 -6.3991 23.4605 -4.2345 -6.8444 37.6562 6.3298 -0.6661 -3.5871 1.7023 1.3828 -2.0692 0.3872 -0.2691 -0.0825 0.1591 0.4473 -10.5389 -3.6701 -0.9932 -10.5867 4.0852 3.0566 14.9232 -6.8855 -81.1333 -61.9984 32.6925 -1.0905 -2.8456 -76.8185 142.2003 -68.2765 -71.2487 -15.9065 9.9167 15.8513 -57.3408 1.3862 1.9868 9.5229 21.8190 12.7620 69.3319 40.8920 56.4352 0.8492 -2.1900 100.1376 43.0826 -15.0387 5.8815 14.8898 7.9826 -16.8054 52.6637 -3.1366 -5.1076 7.5193 -31.3133 22.3255 -0.1659 27.3511 -0.3573 -7.6242 8.1315 7.4901 1.6549 0.1533 -2.0680 -20.8020 -0.0492 -18.6623 0.1140 19.9419 0.7276 22.4410 -19.1928 0.2852 -1.4416 -1.0485 1.0182
-0.3065 93.4243 1.1111 1.9474 -1.3101 -4.0784 -2.5211 6.0931 0.3645 -1.6824 -2.6364 0.3829 -5.5291 23.3446 -3.9753 -6.3121 37.6640 6.1355 -0.6970 -3.5858 1.4494 0.6149 -2.2866 0.2262 -0.2535 -0.0860 0.1565 0.4588 -10.5702 -3.6810 -0.9725 -10.6149 4.0869 4.8766 14.9770 -5.8451 -85.9439 -59.7863 36.7754 -0.9374 -3.1134 -77.9259 141.6646 -69.3335 -70.9566 -15.7799 9.9196 15.8257 -57.0684 1.4450 1.9441 9.6961 21.7697 12.6429 69.8252 41.3792 56.3518 1.0674 -2.1444 100.6191 42.8663 -15.5369 5.4561 14.9932 7.9937 -16.7366 52.6076 -3.1167 -5.0648 6.8672 -31.3494 22.5857 -0.1460 27.9274 -0.3223 -7.3399 7.7000 7.5744 1.6633 0.1792 -2.0708 -21.4732 -0.0912 -18.8132 0.1292 19.3355 0.7508 22.9545 -18.8196 0.4141 -1.4412 -1.0644 1.0344
0.2508 93.3814 1.2095 2.1937 -1.1907 -4.0582 -2.3418 6.1146 0.3827 -1.5297 -2.6847 0.3463 -4.6325 23.2614 -3.6862 -5.6514 37.5465 5.9396 -0.7726 -3.5823 1.3237 -0.0624 -2.5046 0.1048 -0.2446 -0.0848 0.1576 0.4607 -10.5918 -3.6846 -0.9564 -10.6253 4.0916 6.8192 14.9588 -4.8765 -89.6916 -57.4472 39.6513 -0.9765 -3.3833 -78.9092 142.6846 -70.3895 -72.1076 -15.6653 9.9175 15.7256 -56.8003 1.4952 1.8584 9.8935 21.7221 12.5314 70.3271 41.8968 56.3616 1.2503 -2.1447 101.1253 42.6160 -16.0486 5.1434 15.1081 7.9815 -16.6726 52.5299 -3.1035 -5.0233 6.1729 -31.5295 22.7900 -0.1367 28.6076 -0.2939 -7.0492 7.2419 7.5965 1.6702 0.1908 -2.0625 -22.1030 -0.1515 -18.9668 0.1441 18.7850 0.7657 23.4679 -18.4533 0.4044 -1.4431 -1.0649 1.0491
0.8126 93.3344 1.2917 2.4213 -1.0523 -3.9629 -2.1809 6.1634 0.4162 -1.4014 -2.7243 0.3100 -3.7196 23.1385 -3.3607 -4.9194 37.3243 5.7550 -0.8486 -3.5841 1.2666 -0.7383 -2.7404 0.0774 -0.2362 -0.0811 0.1595 0.4596 -10.5889 -3.6831 -0.9389 -10.6132 4.0933 8.8713 14.8144 -4.0403 -92.4645 -54.9793 41.4715 -1.0756 -3.5998 -79.8282 145.3422 -71.3831 -74.6887 -15.5801 9.9430 15.6339 -56.6128 1.5355 1.7915 10.0622 21.6223 12.4067 70.9256 42.4758 56.5355 1.3992 -2.2078 101.6136 42.2654 -16.6074 4.9509 15.2216 7.9979 -16.6494 52.5052 -3.0710 -4.9952 5.4449 -31.7701 23.0133 -0.1161 29.2992 -0.2552 -6.7576 6.7903 7.5620 1.6738 0.1522 -2.0462 -22.6917 -0.2230 -19.0967 0.1478 18.2773 0.7469 23.9353 -18.0790 0.2883 -1.4444 -1.0609 1.0583
1.3784 93.3147 1.3873 2.6616 -0.8776 -3.8555 -2.0668 6.1833 0.4501 -1.2915 -2.7606 0.2771 -2.8977 22.9679 -3.0507 -4.1817 36.9495 5.5750 -0.9215 -3.5805 1.3136 -1.3554 -2.9437 0.1537 -0.2208 -0.0802 0.1572 0.4613 -10.5746 -3.6824 -0.9102 -10.5884 4.0845 10.8174 14.5821 -3.3670 -94.2905 -52.6425 42.3912 -1.2249 -3.7190 -80.6439 149.5711 -72.0675 -78.6670 -15.5344 9.9400 15.5189 -56.5016 1.5416 1.7609 10.1635 21.5013 12.2581 71.4777 43.0064 56.8025 1.4765 -2.3326 102.0664 41.9341 -17.2790 4.7272 15.3410 8.0064 -16.6376 52.4846 -3.0375 -4.9886 4.6660 -31.9951 23.3260 -0.1188 29.8773 -0.2555 -6.4639 6.3830 7.5164 1.6766 0.0845 -2.0241 -23.2467 -0.3035 -19.1719 0.1515 17.7496 0.7427 24.3550 -17.6531 0.0673 -1.4445 -1.1121 1.0562
1.9202 93.3084 1.4658 2.8993 -0.6526 -3.7990 -1.9919 6.1800 0.4750 -1.2053 -2.7919 0.2582 -2.2243 22.6883 -2.8048 -3.4973 36.4131 5.4295 -0.9754 -3.5616 1.4248 -1.8560 -3.1397 0.3017 -0.2195 -0.0801 0.1645 0.4544 -10.5666 -3.6744 -0.9004 -10.5684 4.0909 12.5006 14.2990 -2.9095 -95.3348 -50.5283 42.7703 -1.4223 -3.6936 -81.3412 154.6837 -72.4017 -83.4000 -15.5392 9.8690 15.4105 -56.3797 1.5145 1.7548 10.1133 21.2985 12.0802 72.0241 43.3888 57.1300 1.5841 -2.4354 102.4655 41.5586 -18.0355 4.4834 15.4936 8.0012 -16.6220 52.5236 -3.0275 -4.9768 3.8904 -32.1766 23.6942 -0.1214 30.3215 -0.2565 -6.2615 5.9722 7.4485 1.6780 0.0192 -2.0229 -23.7387 -0.3902 -19.1908 0.1466 17.1666 0.7467 24.7237 -17.1643 -0.1854 -1.4449 -1.1658 1.0473
2.4347 93.3417 1.5692 3.1012 -0.3755 -3.7950 -1.9580 6.1552 0.4913 -1.1366 -2.8310 0.2481 -1.6949 22.2944 -2.6231 -2.9001 35.5871 5.2706 -0.9317 -3.5463 1.6400 -2.2785 -3.3585 0.5842 -0.2172 -0.0811 0.1741 0.4469 -10.5601 -3.6671 -0.8873 -10.5516 4.1016 13.9337 13.9978 -2.5893 -95.7423 -48.5688 42.8070 -1.6276 -3.5752 -82.0198 159.8842 -72.6871 -88.1366 -15.6381 9.7487 15.3548 -56.2923 1.4724 1.7883 9.9836 21.0343 11.8992 72.5831 43.6640 57.4704 1.7115 -2.5294 102.7666 41.2546 -18.8883 4.2818 15.5739 8.0207 -16.5832 52.6495 -3.0129 -4.9703 3.1717 -32.3383 24.1016 -0.1396 30.6275 -0.2836 -6.0780 5.6158 7.3969 1.6768 -0.0524 -2.0267 -24.1618 -0.4533 -19.2008 0.1472 16.4386 0.7582 25.0549 -16.5837 -0.4020 -1.4461 -1.2524 1.0340
2.9243 93.4049 1.7462 3.2283 -0.0212 -3.8952 -1.9535 6.1142 0.5010 -1.0846 -2.8694 0.2363 -1.2723 21.7462 -2.4653 -2.3718 34.4728 5.0769 -0.8416 -3.5242 1.9836 -2.5571 -3.5828 0.9728 -0.2115 -0.0779 0.1818 0.4437 -10.5428 -3.6585 -0.8727 -10.5186 4.1066 15.0655 13.6685 -2.4554 -95.4631 -46.7079 42.5080 -1.8362 -3.4514 -82.6470 164.4570 -73.1076 -92.4149 -15.7397 9.6373 15.2726 -56.2252 1.4532 1.8022 9.7570 20.6823 11.7335 73.1430 43.7948 57.7934 1.9259 -2.5370 102.9037 40.9961 -19.8019 4.1987 15.6090 8.0546 -16.5834 52.6923 -3.0062 -4.9787 2.5592 -32.5223 24.4665 -0.1569 30.8761 -0.3145 -5.9117 5.2280 7.4116 1.6765 -0.0722 -2.0355 -24.4455 -0.5253 -19.1920 0.1413 15.5887 0.7503 25.3325 -15.9241 -0.5545 -1.4492 -1.3095 1.0192
3.3894 93.4888 1.9264 3.2581 0.4055 -4.0668 -1.9754 6.0647 0.4822 -1.0517 -2.9174 0.2358 -0.9294 21.1284 -2.3166 -1.9364 33.1024 4.7988 -0.6825 -3.5209 2.4359 -2.7862 -3.9270 1.5367 -0.1914 -0.0767 0.1786 0.4506 -10.5252 -3.6624 -0.8379 -10.4900 4.0957 15.8902 13.4080 -2.4653 -94.7813 -45.0680 42.1680 -1.9717 -3.3840 -83.2518 167.5639 -73.9355 -95.5184 -15.8320 9.5801 15.2517 -56.1885 1.4833 1.8175 9.4919 20.3510 11.5486 73.7459 43.8216 58.2489 2.1081 -2.4097 102.8509 40.9218 -20.5012 4.3629 15.5811 8.1034 -16.6101 52.7018 -2.9651 -5.0140 2.0942 -32.7830 24.7324 -0.1747 31.1137 -0.3506 -5.7107 4.8314 7.5039 1.6739 -0.0575 -2.0259 -24.5693 -0.5725 -19.1765 0.1266 14.6063 0.7405 25.5346 -15.2294 -0.6929 -1.4527 -1.3492 1.0038
3.8377 93.5692 2.1308 3.1868 0.8819 -4.3187 -2.0149 6.0200 0.4311 -1.0290 -2.9629 0.2319 -0.6789 20.4825 -2.1816 -1.5623 31.4580 4.4429 -0.4776 -3.5282 2.9929 -2.9339 -4.3641 2.2211 -0.1676 -0.0745 0.1710 0.4662 -10.5062 -3.6740 -0.8047 -10.4653 4.0831 16.3275 13.2100 -2.5503 -93.5261 -43.7888 41.5977 -1.9690 -3.3938 -83.6777 169.0255 -75.2238 -97.5192 -15.8715 9.5434 15.2308 -56.1555 1.4967 1.8274 9.2280 19.9945 11.3990 74.3709 43.7495 58.7482 2.2944 -2.1136 102.5994 41.0029 -21.0319 4.8362 15.5272 8.1629 -16.6691 52.7895 -2.9273 -5.0732 1.7850 -33.1287 24.9025 -0.1768 31.3653 -0.3651 -5.5160 4.4522 7.6450 1.6724 0.0064 -2.0188 -24.5468 -0.5854 -19.1377 0.1014 13.5194 0.7165 25.6845 -14.4739 -0.7749 -1.4559 -1.3677 0.9879
4.2521 93.6445 2.3414 3.0501 1.3422 -4.6971 -2.0651 6.0218 0.3927 -1.0145 -2.9680 0.2230 -0.5227 19.9084 -2.0695 -1.2770 29.6399 4.0683 -0.2780 -3.5412 3.6110 -2.9906 -4.8619 2.9113 -0.1429 -0.0725 0.1595 0.4901 -10.4900 -3.6881 -0.7771 -10.4422 4.0638 16.2996 13.0919 -2.6639 -91.9306 -43.0762 40.9637 -1.8485 -3.4753 -83.8073 167.7345 -76.9170 -97.1362 -15.9309 9.5669 15.2100 -56.1328 1.4931 1.8063 9.0217 19.6286 11.3468 74.8529 43.6343 59.0756 2.4865 -1.8423 102.1934 41.3547 -21.5549 5.2555 15.4529 8.1471 -16.7045 52.8465 -2.9442 -5.1220 1.6181 -33.5198 25.0423 -0.1721 31.6602 -0.3664 -5.3829 4.1131 7.7954 1.6689 0.1211 -2.0081 -24.4478 -0.6643 -19.0082 0.0909 12.5910 0.6936 25.8579 -13.7690 -0.7737 -1.4570 -1.3968 0.9871
4.6090 93.6716 2.5077 2.8763 1.7170 -5.1263 -2.1032 6.0941 0.3593 -1.0132 -2.9211 0.2323 -0.4614 19.4975 -1.9906 -1.0281 27.7564 3.7823 -0.0747 -3.5449 4.1259 -3.0346 -5.4574 3.5739 -0.1132 -0.0662 0.1384 0.5263 -10.4670 -3.7105 -0.7517 -10.4171 4.0300 15.8388 13.0855 -2.8762 -90.1868 -43.0284 40.4253 -1.6456 -3.5478 -83.5321 162.7768 -78.7561 -93.4198 -15.9715 9.6067 15.1745 -56.0824 1.4815 1.8388 8.8814 19.2593 11.4217 75.1031 43.4105 59.0630 2.7037 -1.6386 101.7446 41.9126 -22.0083 5.4381 15.4522 8.0957 -16.7321 52.7936 -3.0022 -5.1686 1.5933 -33.9318 25.1450 -0.1722 32.0794 -0.3581 -5.3387 3.7427 7.9229 1.6659 0.2499 -2.0216 -24.3341 -0.8388 -18.8712 0.0969 11.9856 0.6788 26.0717 -13.2526 -0.6967 -1.4589 -1.3943 0.9861
4.8979 93.6445 2.5929 2.6744 1.9832 -5.5839 -2.1195 6.2916 0.3611 -1.0246 -2.8430 0.2407 -0.4956 19.2813 -1.9681 -0.8233 25.8505 3.5746 0.1082 -3.5395 4.5242 -3.0552 -6.1845 4.1900 -0.0871 -0.0593 0.1163 0.5606 -10.4418 -3.7306 -0.7327 -10.3938 3.9953 14.9897 13.1957 -3.1792 -88.4844 -43.5732 40.0242 -1.4362 -3.6206 -82.9462 153.7923 -79.9848 -85.7521 -16.0095 9.6691 15.1230 -56.1080 1.4865 1.8985 8.7851 18.9431 11.6443 75.1793 43.0644 58.7797 2.7889 -1.5374 101.2298 42.6258 -22.2585 5.2823 15.4987 8.1087 -16.7854 52.8263 -3.0349 -5.1698 1.6704 -34.3693 25.1997 -0.1616 32.6253 -0.3232 -5.3265 3.3455 8.0936 1.6615 0.3740 -2.0441 -24.1935 -1.1212 -18.6871 0.1098 11.7836 0.6726 26.2759 -13.0075 -0.5894 -1.4612 -1.3692 0.9942
5.1543 93.5897 2.6240 2.4536 2.2016 -5.9951 -2.1242 6.5680 0.3766 -1.0499 -2.7269 0.2614 -0.6128 19.2389 -2.0129 -0.6297 24.0367 3.4434 0.2678 -3.5273 4.8132 -3.0146 -6.9807 4.7202 -0.0702 -0.0533 0.0993 0.5861 -10.4156 -3.7449 -0.7237 -10.3695 3.9684 13.9426 13.3394 -3.5509 -87.0721 -44.5521 39.7818 -1.3128 -3.5419 -82.1577 144.2624 -80.4281 -77.4336 -16.0255 9.7105 15.1055 -56.1567 1.4955 1.9822 8.7436 18.6732 11.9844 75.0838 42.6243 58.2803 2.7764 -1.5503 100.6470 43.4249 -22.5271 4.6885 15.5728 8.1276 -16.8402 52.8832 -3.0634 -5.1812 1.7776 -34.8679 25.2374 -0.1480 33.2193 -0.2801 -5.2427 3.0106 8.2976 1.6567 0.4693 -2.0622 -24.0197 -1.5245 -18.4581 0.1333 11.9659 0.7019 26.4375 -12.9839 -0.5371 -1.4599 -1.3420 1.0017
5.3175 93.5115 2.5710 2.2166 2.3804 -6.2891 -2.1341 6.9192 0.3655 -1.0904 -2.5737 0.2963 -0.7816 19.3795 -2.0988 -0.4137 22.3544 3.3550 0.3674 -3.5114 5.0502 -2.8734 -7.7291 5.0994 -0.0629 -0.0482 0.0891 0.6002 -10.3937 -3.7480 -0.7228 -10.3430 3.9468 12.7724 13.4837 -3.9636 -85.8307 -45.8497 39.3780 -1.2497 -3.4066 -81.3875 136.4501 -80.1679 -70.5628 -16.1051 9.7771 15.0698 -56.3313 1.4933 2.0028 8.7869 18.4775 12.4196 74.7004 42.1403 57.5162 2.7427 -1.6398 99.9766 44.1714 -22.7963 3.8678 15.6494 8.1227 -16.8675 52.8986 -3.1160 -5.1518 1.9040 -35.4307 25.2413 -0.1422 33.7903 -0.2584 -5.0766 2.7680 8.5552 1.6540 0.5732 -2.0841 -23.7783 -2.0130 -18.2012 0.1524 12.4627 0.7372 26.4705 -13.0934 -0.5654 -1.4593 -1.2973 0.9913
5.4215 93.4513 2.4304 1.9657 2.5647 -6.4539 -2.1654 7.3362 0.3492 -1.1367 -2.4061 0.2966 -0.9887 19.6249 -2.1831 -0.1412 20.8257 3.2705 0.4332 -3.4931 5.2437 -2.7006 -8.4509 5.4077 -0.0526 -0.0448 0.0729 0.6140 -10.3701 -3.7570 -0.7150 -10.3187 3.9196 11.5748 13.6360 -4.4392 -84.6237 -47.3216 38.6553 -1.2357 -3.2380 -80.7241 133.7300 -79.2461 -68.4688 -16.1912 9.8429 15.0398 -56.5310 1.4818 2.0023 8.8898 18.3880 12.9037 74.2371 41.6553 56.7812 2.5494 -1.7283 99.2196 44.8353 -22.7030 3.1662 15.6907 8.0882 -16.8841 52.8757 -3.1175 -5.1110 2.0202 -36.0113 25.2542 -0.1457 34.2052 -0.2511 -4.8841 2.6705 8.7788 1.6517 0.6777 -2.1057 -23.4518 -2.5878 -17.9159 0.1570 13.2179 0.7715 26.3506 -13.3152 -0.6731 -1.4573 -1.2187 0.9801
5.4134 93.3787 2.2085 1.7077 2.7651 -6.4680 -2.2192 7.7887 0.3159 -1.1957 -2.2156 0.3292 -1.1895 19.9844 -2.2798 0.1360 19.4472 3.1852 0.5157 -3.4805 5.3857 -2.4814 -9.1560 5.6503 -0.0446 -0.0432 0.0606 0.6247 -10.3485 -3.7662 -0.7087 -10.2938 3.8984 10.3797 13.8238 -4.9679 -83.3799 -49.0404 37.5502 -1.3073 -3.0024 -80.1277 135.2225 -77.8334 -70.2336 -16.3031 9.8743 15.0032 -56.7419 1.4470 1.9947 9.0651 18.3642 13.4244 73.6591 41.2464 55.9969 2.2670 -1.8410 98.4643 45.4113 -22.3259 2.6644 15.7403 7.9776 -16.8674 52.8171 -3.1358 -5.0926 2.0847 -36.6138 25.3247 -0.1542 34.4248 -0.2595 -4.6783 2.7735 8.9246 1.6490 0.7994 -2.1161 -23.0213 -3.2597 -17.6669 0.1539 14.1892 0.8127 26.1499 -13.5963 -0.8465 -1.4537 -1.1556 0.9530
5.3151 93.3193 1.9255 1.4141 2.9704 -6.2982 -2.2726 8.2669 0.3005 -1.2685 -2.0121 0.3404 -1.3764 20.4430 -2.3710 0.4867 18.2742 3.1122 0.5504 -3.4756 5.5451 -2.2310 -9.8310 5.7714 -0.0374 -0.0410 0.0522 0.6338 -10.3217 -3.7683 -0.7024 -10.2663 3.8800 9.2294 14.0327 -5.5433 -81.9907 -50.9614 36.0803 -1.4651 -2.7994 -79.6019 138.6350 -76.0215 -73.6617 -16.3725 9.8695 14.9440 -56.8686 1.4096 1.9549 9.3020 18.3490 13.9672 73.0602 40.9319 55.1433 1.9482 -1.9050 97.7563 45.9475 -21.8775 2.2700 15.7978 7.8359 -16.8224 52.7846 -3.1578 -5.0844 2.1794 -37.2711 25.3709 -0.1725 34.5169 -0.2832 -4.5012 3.0207 8.9231 1.6468 0.9011 -2.1211 -22.4959 -3.9698 -17.5119 0.1424 15.3337 0.8229 25.9021 -13.9639 -1.0274 -1.4516 -1.0966 0.9314
5.0872 93.2418 1.5986 1.0762 3.1850 -5.9488 -2.3235 8.7476 0.2854 -1.3546 -1.7950 0.3553 -1.5463 20.9592 -2.4841 0.9145 17.3359 3.0450 0.5464 -3.4775 5.7516 -1.9544 -10.4058 5.7887 -0.0283 -0.0354 0.0433 0.6423 -10.2944 -3.7749 -0.6909 -10.2368 3.8640 8.2150 14.2702 -6.1282 -80.3690 -53.0577 34.2337 -1.6065 -2.6060 -79.0490 142.9085 -73.9433 -77.8285 -16.3370 9.8467 14.8660 -56.8816 1.3701 1.8965 9.5834 18.3372 14.4831 72.3712 40.6930 54.1966 1.6748 -1.9428 97.1242 46.4462 -21.3072 1.9904 15.8887 7.6524 -16.7454 52.7417 -3.2020 -5.0812 2.3407 -37.9824 25.3492 -0.1839 34.5186 -0.2950 -4.3718 3.3700 8.7098 1.6459 0.9808 -2.1156 -21.8499 -4.7064 -17.4268 0.1231 16.6602 0.8208 25.6174 -14.4393 -1.2828 -1.4501 -1.0531 0.9214
4.7448 93.1327 1.2499 0.7269 3.3901 -5.3837 -2.3741 9.2066 0.2898 -1.4495 -1.5514 0.3317 -1.7413 21.4981 -2.6257 1.4612 16.6059 2.9551 0.5203 -3.4727 5.9928 -1.6751 -10.8817 5.7490 -0.0157 -0.0257 0.0315 0.6554 -10.2675 -3.7850 -0.6777 -10.2092 3.8456 7.3230 14.4927 -6.7606 -78.4368 -55.2525 32.0340 -1.6783 -2.4383 -78.3372 146.4019 -71.7069 -81.4569 -16.2336 9.8536 14.8563 -56.8632 1.3225 1.8869 9.8703 18.3026 14.9109 71.6285 40.4172 53.1767 1.4506 -1.9531 96.5531 46.9290 -20.7742 1.7517 15.9474 7.5187 -16.7511 52.7087 -3.2502 -5.1292 2.5345 -38.7769 25.2659 -0.1976 34.5128 -0.3026 -4.3059 3.8012 8.3160 1.6466 1.0454 -2.1155 -21.1292 -5.4397 -17.4299 0.1038 18.1873 0.8045 25.3353 -15.0906 -1.6353 -1.4510 -0.9893 0.9260
4.2857 92.9685 0.9236 0.3525 3.5315 -4.6185 -2.4231 9.6205 0.2721 -1.5407 -1.3032 0.2892 -1.9743 22.0698 -2.8095 2.1077 16.0933 2.8355 0.5179 -3.4651 6.2142 -1.4515 -11.3244 5.7366 -0.0071 -0.0166 0.0221 0.6659 -10.2499 -3.7933 -0.6708 -10.1933 3.8320 6.4835 14.6754 -7.4531 -76.0830 -57.5049 29.5153 -1.7056 -2.3110 -77.4001 148.9534 -69.4478 -84.4080 -16.0462 9.8652 14.8608 -56.8383 1.3182 1.8973 10.1642 18.2508 15.1980 70.8647 40.1203 52.1449 1.3165 -1.9424 96.0329 47.3976 -20.2205 1.5516 16.0777 7.4141 -16.6963 52.6864 -3.3056 -5.1394 2.8313 -39.6471 25.0733 -0.2091 34.6255 -0.3046 -4.3094 4.2438 7.7432 1.6504 1.0885 -2.1187 -20.3660 -6.1184 -17.5722 0.0941 19.8932 0.7900 25.0790 -15.9631 -2.0409 -1.4534 -0.8723 0.9498
3.7459 92.7357 0.6197 -0.0345 3.5379 -3.7200 -2.4603 9.9955 0.2640 -1.6210 -1.0745 0.2022 -2.2448 22.6687 -3.0185 2.8173 15.8006 2.7030 0.5208 -3.4672 6.4113 -1.2403 -11.7506 5.7240 -0.0038 -0.0153 0.0180 0.6704 -10.2407 -3.7964 -0.6688 -10.1898 3.8260 5.6383 14.8891 -8.2647 -73.5648 -59.7365 26.9721 -1.7406 -2.1851 -76.2989 150.7426 -67.2485 -86.6331 -15.8827 9.8891 14.9181 -56.8939 1.3646 1.9457 10.5015 18.2582 15.3311 70.0328 39.8534 51.2037 1.2579 -2.0445 95.6661 47.9009 -19.5284 1.2693 16.1843 7.3305 -16.6470 52.6900 -3.3560 -5.1534 3.2153 -40.5303 24.8501 -0.2133 34.9275 -0.2975 -4.3354 4.6450 6.9860 1.6527 1.0907 -2.1155 -19.6082 -6.6541 -17.8212 0.0962 21.7716 0.7914 24.8956 -17.0181 -2.4919 -1.4542 -0.7676 0.9922
3.1548 92.4534 0.3754 -0.3940 3.4322 -2.7625 -2.5057 10.2899 0.2380 -1.7083 -0.8838 0.1245 -2.5796 23.2999 -3.2521 3.5182 15.7154 2.5641 0.5047 -3.4722 6.5315 -1.0045 -12.1782 5.6881 -0.0001 -0.0202 0.0098 0.6738 -10.2190 -3.7992 -0.6651 -10.1752 3.8116 4.7948 15.0874 -9.1339 -71.0038 -61.7928 24.4396 -1.7827 -2.0385 -75.1410 151.6387 -65.3833 -88.0139 -15.7782 9.8992 14.9892 -57.0642 1.4308 2.0127 10.9127 18.3434 15.3343 69.2254 39.5961 50.4879 1.2366 -2.1078 95.3782 48.3750 -18.5368 1.1754 16.2915 7.2615 -16.5911 52.6240 -3.3915 -5.1203 3.6449 -41.3656 24.6528 -0.2183 35.3577 -0.2911 -4.3438 4.9765 6.1608 1.6530 1.1055 -2.1138 -18.9170 -7.0362 -18.1236 0.1039 23.6970 0.7960 24.6875 -18.1554 -2.9733 -1.4523 -0.6633 1.0262
2.5472 92.1436 0.1649 -0.6953 3.2416 -1.9124 -2.5806 10.4886 0.2083 -1.7958 -0.7355 0.0556 -2.9839 23.8952 -3.5201 4.0605 15.9039 2.4917 0.4531 -3.4677 6.5924 -0.7921 -12.5244 5.6596 0.0029 -0.0251 0.0022 0.6775 -10.1914 -3.8012 -0.6630 -10.1529 3.7983 3.9577 15.2997 -9.9833 -68.5558 -63.5120 22.0293 -1.8243 -1.8666 -74.0188 151.9109 -63.9544 -88.8404 -15.7249 9.8938 15.0616 -57.2849 1.4627 2.1098 11.2752 18.5428 15.2657 68.4977 39.2991 50.1042 1.1773 -2.1697 95.1445 48.7132 -17.4104 1.2873 16.3770 7.2225 -16.5720 52.5322 -3.4200 -5.0789 4.0917 -42.0873 24.4795 -0.2424 35.8819 -0.3150 -4.3657 5.2598 5.4353 1.6520 1.1611 -2.1139 -18.3169 -7.2997 -18.3923 0.1171 25.5634 0.8206 24.4354 -19.2585 -3.4014 -1.4500 -0.5680 1.0549
1.9713 91.8632 0.0426 -0.9182 2.9478 -1.2935 -2.6845 10.5935 0.1974 -1.8864 -0.6340 0.0062 -3.4691 24.4273 -3.7882 4.3161 16.3828 2.5411 0.3627 -3.4573 6.5837 -0.5923 -12.7589 5.5777 0.0038 -0.0287 -0.0012 0.6729 -10.1559 -3.7964 -0.6573 -10.1260 3.7883 3.1609 15.4694 -10.6977 -66.1661 -64.7967 19.7305 -1.8891 -1.6863 -73.0005 151.8854 -63.0878 -89.3108 -15.7570 9.8902 15.0894 -57.5295 1.4893 2.1800 11.5478 18.7964 15.1218 67.9492 38.9715 49.9952 1.1107 -2.2186 94.9895 48.8631 -16.5946 1.2402 16.4345 7.1527 -16.5401 52.4125 -3.4741 -5.0322 4.5840 -42.5614 24.3159 -0.2525 36.3886 -0.3332 -4.4162 5.4629 4.9138 1.6507 1.2396 -2.1119 -17.9038 -7.4117 -18.5543 0.1482 27.1924 0.8519 24.1859 -20.2246 -3.7189 -1.4476 -0.5010 1.0801
1.4549 91.6258 -0.0327 -1.0602 2.5927 -0.9588 -2.8049 10.6119 0.1738 -1.9702 -0.5828 -0.0088 -3.9870 24.8720 -4.0639 4.1516 17.1889 2.7321 0.2738 -3.4466 6.5398 -0.4438 -12.7894 5.4581 -0.0059 -0.0302 0.0091 0.6544 -10.1421 -3.7796 -0.6592 -10.1186 3.7965 2.4152 15.6141 -11.2423 -63.9354 -65.6965 17.6569 -1.9719 -1.5500 -72.0587 152.0731 -62.6597 -89.8005 -15.7840 9.8883 15.0926 -57.6606 1.5071 2.1890 11.6940 19.1374 14.9393 67.5090 38.6657 50.0644 1.0559 -2.3406 94.9568 48.8348 -16.0610 1.1626 16.4587 7.0641 -16.5019 52.3289 -3.5581 -4.9954 5.1321 -42.8038 24.1477 -0.2676 36.8203 -0.3675 -4.4907 5.6129 4.6095 1.6526 1.3427 -2.1048 -17.6143 -7.4163 -18.5812 0.1709 28.5403 0.8852 23.9607 -21.0205 -3.9163 -1.4461 -0.4511 1.1015
1.0083 91.4407 -0.0885 -1.1319 2.1775 -0.9002 -2.9144 10.5637 0.1726 -2.0495 -0.5690 -0.0100 -4.5022 25.2406 -4.3121 3.6392 18.2992 2.9741 0.1660 -3.4465 6.4695 -0.3775 -12.5832 5.3450 -0.0297 -0.0333 0.0370 0.6187 -10.1465 -3.7437 -0.6726 -10.1256 3.8259 1.8200 15.7123 -11.6287 -62.2095 -66.2153 16.1013 -2.0592 -1.4574 -71.2668 152.5387 -62.5146 -90.2999 -15.7931 9.8828 15.0789 -57.6348 1.5232 2.1977 11.6980 19.4866 14.6970 67.2454 38.4267 50.3594 1.0018 -2.4515 95.0330 48.6751 -15.8462 1.1913 16.4650 6.9848 -16.4990 52.2414 -3.6243 -4.9710 5.6952 -42.7929 24.0023 -0.2815 37.1184 -0.3981 -4.5976 5.7481 4.5642 1.6532 1.4227 -2.0915 -17.4377 -7.2911 -18.4596 0.1856 29.5559 0.9202 23.7586 -21.6615 -4.1241 -1.4428 -0.3883 1.1258
0.6254 91.3527 -0.1473 -1.1329 1.7170 -0.9876 -2.9998 10.4648 0.1640 -2.1101 -0.6074 -0.0224 -4.9986 25.5436 -4.5360 2.8309 19.6484 3.2676 0.0557 -3.4535 6.3219 -0.3954 -12.1725 5.2437 -0.0590 -0.0359 0.0669 0.5767 -10.1535 -3.7080 -0.6919 -10.1394 3.8634 1.2972 15.7541 -11.8894 -60.9959 -66.4089 15.0605 -2.2433 -1.3726 -70.6553 153.2793 -62.3819 -90.7840 -15.7883 9.8847 15.0818 -57.6135 1.5282 2.1885 11.5711 19.8302 14.3867 67.1939 38.2797 50.8556 0.9716 -2.5150 95.1999 48.3675 -15.8349 1.3471 16.4247 6.9224 -16.4917 52.1047 -3.6499 -4.8976 6.2345 -42.4800 23.8806 -0.2875 37.1624 -0.4252 -4.6927 5.8591 4.6580 1.6562 1.4504 -2.0727 -17.3797 -7.0245 -18.2413 0.1896 30.2002 0.9242 23.5808 -22.0793 -4.3458 -1.4427 -0.3257 1.1431
0.3340 91.3673 -0.1926 -1.0555 1.2549 -1.2482 -3.0531 10.3043 0.1181 -2.1570 -0.6815 -0.0087 -5.4347 25.7669 -4.7317 1.8387 21.1424 3.6292 -0.0809 -3.4602 6.0532 -0.4549 -11.5353 5.1349 -0.0911 -0.0397 0.0951 0.5339 -10.1795 -3.6792 -0.7142 -10.1690 3.9018 0.8791 15.7522 -11.9847 -60.1633 -66.2226 14.3328 -2.4059 -1.3103 -70.2425 154.4408 -62.2573 -91.5934 -15.7511 9.8897 15.0953 -57.4958 1.5287 2.1832 11.2610 20.1646 14.0450 67.2388 38.1860 51.4794 0.9297 -2.4474 95.4237 47.8833 -16.0148 1.7581 16.3064 6.8903 -16.4891 52.0156 -3.6346 -4.8676 6.6741 -41.8775 23.8402 -0.2885 36.8558 -0.4525 -4.7726 6.0202 4.9049 1.6578 1.4384 -2.0494 -17.4033 -6.6512 -17.9450 0.1807 30.4306 0.9151 23.3701 -22.1778 -4.5125 -1.4414 -0.2845 1.1376
0.1094 91.5315 -0.1974 -0.8974 0.8365 -1.6205 -3.0857 10.0864 0.0924 -2.1725 -0.8076 -0.0518 -5.8115 25.8935 -4.9000 0.7919 22.6590 3.9689 -0.1823 -3.4689 5.7648 -0.5505 -10.6729 5.0236 -0.1173 -0.0453 0.1151 0.5021 -10.2127 -3.6590 -0.7371 -10.2088 3.9329 0.5081 15.7927 -11.9682 -59.6839 -65.7405 13.8918 -2.5416 -1.2804 -70.0423 155.8166 -62.1336 -92.5704 -15.6955 9.9126 15.0771 -57.3697 1.5251 2.1401 10.8430 20.4757 13.7218 67.3807 38.1592 52.2041 0.8528 -2.2730 95.6933 47.1290 -16.0952 2.5963 16.1848 6.9155 -16.4719 52.0408 -3.5651 -4.8493 6.9664 -40.9853 23.8989 -0.2876 36.1365 -0.4653 -4.8543 6.2995 5.2407 1.6610 1.3635 -2.0203 -17.4982 -6.2018 -17.6311 0.1541 30.2207 0.8841 23.1553 -21.9975 -4.5718 -1.4423 -0.2785 1.1199
-0.0490 91.7815 -0.2088 -0.6619 0.4912 -2.0824 -3.0893 9.8161 0.0501 -2.1664 -0.9437 -0.0766 -6.0964 25.9160 -5.0825 -0.1917 24.1084 4.2146 -0.2877 -3.4784 5.5154 -0.6883 -9.7492 4.9403 -0.1323 -0.0493 0.1220 0.4853 -10.2543 -3.6522 -0.7499 -10.2546 3.9440 0.1668 15.8820 -11.8831 -59.5852 -65.0590 13.8105 -2.6490 -1.2798 -70.1161 157.1877 -62.0756 -93.5798 -15.6333 9.9280 15.0431 -57.2423 1.5462 2.0464 10.3167 20.7112 13.3444 67.5639 38.1994 52.9946 0.8294 -2.1329 95.9761 46.2878 -16.0534 3.6660 15.9765 6.9261 -16.4772 52.0157 -3.5124 -4.8219 7.0975 -39.9065 24.0822 -0.2844 35.0514 -0.4705 -4.9674 6.7024 5.5910 1.6594 1.2763 -1.9856 -17.6712 -5.6847 -17.3584 0.1334 29.5814 0.8632 22.9834 -21.5488 -4.5380 -1.4433 -0.2561 1.0983
-0.1711 92.1171 -0.2193 -0.3621 0.2379 -2.5665 -3.0580 9.5009 0.0164 -2.1315 -1.0901 -0.1528 -6.2662 25.8064 -5.1918 -1.0348 25.3913 4.4078 -0.3637 -3.4844 5.2997 -0.8473 -8.8673 4.8395 -0.1401 -0.0535 0.1211 0.4789 -10.2863 -3.6509 -0.7600 -10.2939 3.9449 -0.1357 15.9291 -11.7637 -59.8669 -64.0566 14.0539 -2.7364 -1.3205 -70.3629 158.1812 -62.3314 -94.4083 -15.5970 9.9601 14.9828 -57.1162 1.5782 1.9459 9.7366 20.8363 12.9208 67.7199 38.2532 53.5501 0.9601 -1.9758 96.3068 45.4403 -15.9809 4.8713 15.8265 6.9772 -16.4705 52.0968 -3.4570 -4.8051 7.0648 -38.6637 24.3331 -0.2760 33.6147 -0.4620 -5.0812 7.2200 5.9818 1.6607 1.2121 -1.9673 -17.9206 -5.1389 -17.1549 0.1174 28.5465 0.8413 22.8504 -20.9304 -4.4355 -1.4461 -0.2233 1.0758
-0.2226 92.5108 -0.2110 0.0049 0.0934 -3.0522 -2.9900 9.1692 -0.0171 -2.0717 -1.2425 -0.2158 -6.3137 25.5816 -5.2752 -1.6589 26.4259 4.5188 -0.3996 -3.4973 5.1307 -1.0720 -8.1027 4.8193 -0.1355 -0.0598 0.1120 0.4863 -10.3078 -3.6561 -0.7581 -10.3207 3.9302 -0.3370 16.0488 -11.6010 -60.7650 -62.9301 14.8306 -2.7890 -1.3781 -70.8166 158.7508 -62.8197 -94.9497 -15.5616 9.9722 14.9534 -56.9812 1.5980 1.8862 9.1581 20.8693 12.4593 67.9085 38.3336 54.0441 1.1073 -1.8305 96.7066 44.6989 -15.9033 5.9272 15.7161 7.0402 -16.5261 52.1166 -3.4125 -4.7969 6.8732 -37.3306 24.5905 -0.2629 31.9199 -0.4409 -5.1609 7.8420 6.3872 1.6610 1.1145 -1.9616 -18.2313 -4.6155 -17.0592 0.1038 27.1939 0.8286 22.7721 -20.1439 -4.2434 -1.4486 -0.2197 1.0500
-0.2478 92.9415 -0.2367 0.4225 0.0992 -3.5106 -2.8947 8.8301 -0.0493 -1.9938 -1.4051 -0.2492 -6.2053 25.2525 -5.3108 -2.0515 27.1007 4.6029 -0.3687 -3.5050 5.0260 -1.3463 -7.5016 4.8480 -0.1241 -0.0686 0.0996 0.5008 -10.3241 -3.6683 -0.7496 -10.3431 3.9141 -0.3847 16.1366 -11.4032 -62.3163 -61.6580 16.1867 -2.8677 -1.4176 -71.4013 158.8078 -63.8040 -95.0004 -15.5618 9.9675 14.8766 -56.8580 1.6029 1.8307 8.6593 20.8049 12.0211 68.1217 38.4736 54.3337 1.2972 -1.7865 97.1430 44.1315 -15.9429 6.6811 15.6827 7.1179 -16.5861 52.2406 -3.4052 -4.8241 6.5077 -35.9873 24.8211 -0.2347 29.9999 -0.4156 -5.1459 8.5836 6.8901 1.6604 1.0322 -1.9648 -18.5902 -4.2058 -17.0387 0.1008 25.6717 0.8224 22.7620 -19.2186 -4.0795 -1.4498 -0.2466 1.0242
-0.2459 93.3696 -0.2783 0.8380 0.2760 -3.9342 -2.7694 8.5197 -0.0767 -1.8946 -1.5825 -0.2836 -5.9474 24.8530 -5.2522 -2.2418 27.3665 4.6196 -0.2390 -3.5164 5.0349 -1.6600 -7.1383 4.9860 -0.1126 -0.0789 0.0894 0.5171 -10.3468 -3.6843 -0.7424 -10.3691 3.9061 -0.2132 16.1932 -11.0794 -64.2768 -60.2634 17.8665 -2.9444 -1.4711 -72.2015 158.3130 -65.1779 -94.3599 -15.5800 9.9478 14.8312 -56.6780 1.6153 1.7743 8.2971 20.6744 11.6605 68.4403 38.6750 54.4778 1.4744 -1.8462 97.6167 43.7184 -16.0970 7.1815 15.6519 7.1870 -16.6670 52.3076 -3.3818 -4.8804 6.0469 -34.7609 24.9725 -0.2008 27.9599 -0.3712 -5.0242 9.4296 7.5148 1.6594 0.9599 -1.9684 -18.9209 -3.9471 -17.0859 0.0957 24.0348 0.8052 22.7884 -18.1982 -3.8632 -1.4504 -0.3012 0.9961
-0.2060 93.8084 -0.3460 1.2241 0.6149 -4.3153 -2.6172 8.2698 -0.0999 -1.7844 -1.7803 -0.3219 -5.5582 24.4128 -5.1152 -2.2439 27.2495 4.5616 -0.0699 -3.5269 5.2193 -2.0064 -7.0906 5.2678 -0.1057 -0.0876 0.0855 0.5254 -10.3743 -3.6975 -0.7367 -10.3983 3.9096 0.2236 16.2285 -10.5970 -66.4422 -58.7772 19.6966 -3.0165 -1.6204 -73.1836 157.1872 -66.8514 -92.9758 -15.6655 9.9175 14.7808 -56.5642 1.6286 1.7158 8.0831 20.4790 11.4090 68.9191 38.9729 54.5498 1.5812 -1.8449 98.1099 43.3286 -16.4722 7.4888 15.6429 7.2539 -16.7291 52.4038 -3.3766 -4.9165 5.5307 -33.7367 25.0753 -0.1909 25.9385 -0.3604 -4.8321 10.3215 8.2256 1.6592 0.9112 -1.9705 -19.1774 -3.8716 -17.1853 0.0945 22.4220 0.7791 22.8093 -17.2120 -3.5868 -1.4489 -0.3674 0.9707
-0.1940 94.2026 -0.4054 1.5331 1.0698 -4.6760 -2.4669 8.0669 -0.1414 -1.6866 -1.9333 -0.3100 -5.0663 23.9262 -4.9254 -2.0422 26.7683 4.4264 0.1340 -3.5250 5.6160 -2.3562 -7.4000 5.7456 -0.0934 -0.0908 0.0792 0.5361 -10.3885 -3.7167 -0.7215 -10.4075 3.9114 0.9101 16.2130 -9.9374 -68.4235 -57.1832 21.3241 -3.0588 -1.8686 -74.2766 155.6289 -68.3950 -91.1829 -15.7277 9.9245 14.7813 -56.5166 1.6490 1.6774 8.0386 20.2125 11.2836 69.5565 39.3049 54.5471 1.6766 -1.6178 98.5248 42.9554 -17.0639 7.6949 15.6477 7.3176 -16.7982 52.4349 -3.3371 -4.9544 5.0608 -32.9330 25.1355 -0.1747 23.9923 -0.3379 -4.6087 11.2488 8.8988 1.6598 0.8980 -1.9669 -19.3345 -3.9448 -17.3699 0.0966 20.8703 0.7500 22.8177 -16.2679 -3.2394 -1.4492 -0.3866 0.9586
-0.1979 94.5265 -0.4874 1.7561 1.5340 -4.9813 -2.3319 7.9683 -0.1731 -1.6003 -2.0433 -0.2914 -4.5217 23.4766 -4.6982 -1.6768 26.0104 4.2107 0.3272 -3.5307 6.2248 -2.6378 -7.9584 6.3949 -0.0816 -0.0885 0.0755 0.5439 -10.3877 -3.7257 -0.7043 -10.3989 3.9082 1.6973 16.1996 -9.2206 -69.7944 -55.7198 22.3985 -3.0494 -2.0822 -75.3162 154.5061 -69.6895 -89.8055 -15.7808 9.9363 14.7576 -56.4717 1.6746 1.6501 8.1794 19.9397 11.2647 70.1310 39.6611 54.4013 1.7619 -1.3312 98.8931 42.6881 -17.6453 7.8022 15.6490 7.3526 -16.8089 52.3604 -3.3039 -4.9527 4.7060 -32.3098 25.1265 -0.1772 22.2308 -0.3248 -4.4103 12.1011 9.4908 1.6614 0.9329 -1.9611 -19.3802 -4.0720 -17.5930 0.0912 19.4663 0.7139 22.7672 -15.4539 -2.9032 -1.4504 -0.3694 0.9589
-0.2243 94.7798 -0.5812 1.8936 1.9409 -5.2833 -2.2096 7.9769 -0.1889 -1.5310 -2.0984 -0.2727 -3.9884 23.1086 -4.4678 -1.1964 25.0912 3.9434 0.5192 -3.5403 6.9635 -2.8616 -8.6511 7.1673 -0.0750 -0.0817 0.0773 0.5458 -10.3676 -3.7243 -0.6920 -10.3699 3.9069 2.4092 16.1703 -8.6043 -70.4893 -54.5910 22.9889 -3.0153 -2.2055 -76.1201 154.1908 -70.6346 -89.2659 -15.8078 9.9465 14.7117 -56.3653 1.6948 1.6312 8.4561 19.6543 11.3613 70.5550 40.0324 54.1131 1.8786 -1.1407 99.1557 42.5675 -18.1797 7.6806 15.6198 7.3756 -16.7515 52.2258 -3.2702 -4.9423 4.4975 -31.8366 25.0430 -0.1748 20.7592 -0.3121 -4.2871 12.7815 10.0118 1.6634 1.0253 -1.9597 -19.3387 -4.2425 -17.8122 0.0877 18.3421 0.6767 22.6763 -14.8686 -2.6048 -1.4513 -0.3179 0.9605
-0.2554 94.9479 -0.6693 1.9657 2.2308 -5.5567 -2.1172 8.0873 -0.1973 -1.4814 -2.0960 -0.2683 -3.5406 22.8893 -4.2706 -0.6113 24.1063 3.6926 0.7190 -3.5590 7.6850 -3.0290 -9.3686 7.9909 -0.0648 -0.0755 0.0758 0.5554 -10.3505 -3.7262 -0.6791 -10.3424 3.9003 2.8532 16.1182 -8.2423 -70.4213 -53.9225 23.1007 -2.8584 -2.2511 -76.6020 154.2868 -71.2443 -89.2301 -15.8457 9.9355 14.6431 -56.3194 1.7047 1.6536 8.8248 19.3572 11.5772 70.7869 40.3746 53.7256 1.9506 -1.0700 99.3730 42.5963 -18.6423 7.2380 15.6473 7.4119 -16.6873 52.1573 -3.2262 -4.9099 4.4179 -31.4715 24.9167 -0.1724 19.6286 -0.3015 -4.1627 13.2654 10.5079 1.6644 1.0976 -1.9773 -19.2688 -4.4284 -17.9700 0.0811 17.5842 0.6208 22.5388 -14.4766 -2.3429 -1.4517 -0.2612 0.9540
-0.2701 95.0582 -0.7914 1.9533 2.4032 -5.8320 -2.0314 8.2634 -0.1874 -1.4603 -2.0294 -0.2865 -3.1926 22.8325 -4.1461 0.0474 23.0933 3.4863 0.8765 -3.5609 8.3575 -3.1376 -10.0934 8.8107 -0.0440 -0.0687 0.0625 0.5768 -10.3237 -3.7369 -0.6569 -10.3062 3.8748 2.9892 16.1064 -8.1854 -69.9732 -53.7821 23.1079 -2.6436 -2.2610 -76.7705 154.3116 -71.4354 -89.2103 -15.8881 9.9277 14.5553 -56.3544 1.6993 1.7062 9.2356 19.0686 11.8674 70.7859 40.6912 53.2514 1.9497 -1.1624 99.5103 42.8185 -19.0055 6.5550 15.6794 7.4397 -16.6784 52.1135 -3.2141 -4.8983 4.5000 -31.2804 24.6909 -0.1601 18.9357 -0.2920 -4.0789 13.5738 11.0176 1.6646 1.1339 -2.0014 -19.1424 -4.6486 -18.0117 0.0724 17.2612 0.5914 22.3582 -14.2897 -2.1613 -1.4518 -0.2300 0.9396
-0.3014 95.0781 -0.9138 1.8556 2.4682 -6.1080 -1.9604 8.5074 -0.1585 -1.4505 -1.9165 -0.3601 -2.9590 22.9205 -4.1004 0.7251 22.0846 3.3291 1.0343 -3.5575 9.0199 -3.1712 -10.8000 9.5620 -0.0222 -0.0620 0.0468 0.6042 -10.3043 -3.7525 -0.6385 -10.2766 3.8500 2.8622 16.1436 -8.3498 -69.3876 -54.1435 23.1863 -2.4086 -2.2507 -76.6622 153.5684 -71.2659 -88.5522 -15.9304 9.9486 14.5072 -56.4173 1.6943 1.7518 9.6800 18.7731 12.2061 70.5142 40.9454 52.5796 1.9897 -1.3307 99.5984 43.1869 -19.3090 5.6976 15.6870 7.4583 -16.7028 52.0951 -3.2259 -4.9146 4.7219 -31.2798 24.4615 -0.1437 18.7198 -0.2708 -4.0535 13.7061 11.4627 1.6639 1.1483 -2.0303 -18.9850 -4.9491 -18.0161 0.0678 17.3848 0.5836 22.1958 -14.2915 -1.9468 -1.4546 -0.2050 0.9330
-0.3088 95.0288 -1.0448 1.6742 2.4059 -6.3783 -1.9180 8.8256 -0.1144 -1.4558 -1.7652 -0.4514 -2.8127 23.1547 -4.1362 1.4158 21.1026 3.2032 1.1957 -3.5536 9.6774 -3.1376 -11.5769 10.3043 -0.0058 -0.0557 0.0379 0.6253 -10.2939 -3.7637 -0.6252 -10.2580 3.8368 2.5084 16.2593 -8.7300 -68.7779 -54.9933 23.3738 -2.1451 -2.1999 -76.3584 151.8552 -70.8305 -86.9881 -15.9661 9.9681 14.4723 -56.4770 1.6640 1.7732 10.1706 18.4779 12.6001 70.1049 41.1453 51.8069 1.9991 -1.6172 99.6501 43.7299 -19.5468 4.6905 15.6736 7.4273 -16.7208 52.1164 -3.2834 -4.9403 5.0934 -31.4661 24.2017 -0.1273 19.0283 -0.2435 -4.1014 13.5945 11.7928 1.6638 1.1090 -2.0557 -18.8053 -5.2857 -17.9719 0.0776 17.9273 0.5712 22.0242 -14.5134 -1.6741 -1.4576 -0.1565 0.9298
-0.3233 94.8892 -1.1902 1.4115 2.2355 -6.6701 -1.9126 9.1845 -0.1022 -1.4756 -1.5508 -0.5439 -2.7355 23.5177 -4.2147 2.0857 20.1890 3.0772 1.3332 -3.5390 10.3194 -3.0530 -12.3408 11.0346 0.0074 -0.0509 0.0293 0.6440 -10.2928 -3.7749 -0.6166 -10.2485 3.8260 1.9586 16.3770 -9.3068 -68.2979 -56.2005 23.8230 -1.9387 -2.1879 -75.9865 148.5663 -70.3038 -84.0654 -15.9909 9.9947 14.4096 -56.5436 1.6536 1.7564 10.7366 18.2509 13.0170 69.4301 41.2408 50.8223 2.0527 -1.9264 99.6249 44.4504 -19.7147 3.5848 15.7020 7.3707 -16.7076 52.1273 -3.3561 -4.9596 5.5803 -31.8435 23.9552 -0.1151 19.8598 -0.2128 -4.2045 13.1855 12.0431 1.6636 1.1120 -2.0764 -18.6121 -5.6404 -17.8879 0.0929 18.7955 0.5775 21.8600 -14.9327 -1.3724 -1.4593 -0.0894 0.9295
-0.3039 94.6718 -1.2895 1.1129 1.9710 -7.0004 -1.9471 9.5620 -0.0720 -1.5041 -1.3251 -0.6577 -2.7387 24.0296 -4.3466 2.6988 19.4379 2.9654 1.4402 -3.5332 10.9155 -2.9488 -13.0584 11.7356 0.0155 -0.0503 0.0220 0.6562 -10.2888 -3.7805 -0.6124 -10.2389 3.8158 1.2843 16.5083 -10.0652 -68.1031 -57.6251 24.6577 -1.7652 -2.1901 -75.6876 144.4854 -69.5904 -80.4834 -16.0401 10.0550 14.3939 -56.7183 1.6743 1.7374 11.3206 18.1169 13.4212 68.6225 41.2328 49.8116 2.0841 -2.2315 99.5108 45.2636 -19.8335 2.3818 15.8044 7.2864 -16.7027 52.1112 -3.4191 -4.9742 6.1269 -32.3525 23.8064 -0.1121 21.1282 -0.1961 -4.3544 12.5501 12.1502 1.6648 1.1274 -2.0939 -18.4554 -5.9962 -17.6987 0.0993 19.9680 0.5714 21.7188 -15.5304 -1.0612 -1.4602 -0.0097 0.9348
-0.2347 94.4104 -1.3247 0.8359 1.6546 -7.3212 -2.0184 9.9075 -0.0714 -1.5489 -1.0777 -0.7508 -2.8168 24.6276 -4.5427 3.2118 18.9817 2.8675 1.5042 -3.5424 11.4109 -2.8173 -13.6032 12.3046 0.0163 -0.0533 0.0211 0.6561 -10.2776 -3.7748 -0.6105 -10.2195 3.8071 0.5927 16.6083 -10.8626 -68.1416 -59.1025 25.6142 -1.6253 -2.2202 -75.4454 140.8748 -68.6303 -77.3646 -16.0715 10.0934 14.3886 -56.9657 1.6783 1.7237 11.8407 18.1088 13.7103 67.8554 41.0773 49.0848 2.0224 -2.5180 99.2422 45.9677 -19.8897 1.1852 15.9875 7.1961 -16.6985 52.0829 -3.4914 -4.9645 6.6019 -32.9267 23.7840 -0.1067 22.6730 -0.1873 -4.4540 11.7750 12.1612 1.6644 1.1953 -2.0970 -18.3615 -6.3337 -17.4463 0.1095 21.2385 0.5936 21.5822 -16.1270 -0.8433 -1.4587 0.0696 0.9417
-0.1182 94.1260 -1.3002 0.6304 1.3552 -7.6487 -2.1226 10.2301 -0.0566 -1.5950 -0.8677 -0.8569 -2.9760 25.2162 -4.7702 3.5794 18.8929 2.8157 1.4920 -3.5406 11.7503 -2.7141 -13.8726 12.6323 0.0074 -0.0568 0.0304 0.6461 -10.2628 -3.7548 -0.6180 -10.1977 3.8092 0.0303 16.7190 -11.6125 -68.5248 -60.4658 26.7403 -1.5694 -2.1553 -75.2392 139.0799 -67.5627 -75.8447 -16.1289 10.0731 14.3807 -57.1733 1.6447 1.7392 12.2024 18.1694 13.8746 67.2800 40.8412 48.6659 1.9288 -2.8060 98.9323 46.4305 -19.9227 0.1312 16.1432 7.1331 -16.7287 52.0911 -3.5717 -4.9716 6.9382 -33.5420 23.9620 -0.1042 24.3617 -0.1742 -4.5211 10.9179 12.0698 1.6630 1.2971 -2.0968 -18.3903 -6.6523 -17.0422 0.1259 22.5297 0.6322 21.5475 -16.6946 -0.8032 -1.4546 0.1014 0.9515
0.0448 93.8434 -1.2392 0.4944 1.0896 -7.9721 -2.2417 10.5232 -0.0754 -1.6428 -0.7013 -0.9348 -3.1818 25.7194 -4.9938 3.7902 19.1692 2.7884 1.4334 -3.5391 11.8869 -2.6519 -13.8953 12.7244 -0.0059 -0.0603 0.0376 0.6246 -10.2400 -3.7334 -0.6229 -10.1697 3.8057 -0.3994 16.8389 -12.3006 -69.0810 -61.6718 27.8615 -1.6184 -2.0277 -74.9784 139.0011 -66.4996 -75.8511 -16.2158 10.0075 14.3739 -57.3021 1.5818 1.7567 12.4080 18.2780 13.9089 66.9726 40.6148 48.6253 1.7184 -3.0939 98.5682 46.6554 -19.8983 -0.5537 16.3028 7.0673 -16.7470 52.0938 -3.6295 -4.9664 7.1423 -34.1354 24.2855 -0.1100 26.0580 -0.1726 -4.5866 10.0468 11.9095 1.6601 1.4349 -2.0917 -18.5081 -6.9483 -16.5854 0.1486 23.7450 0.6952 21.5651 -17.2206 -0.8274 -1.4491 0.0940 0.9541
0.2353 93.5475 -1.1343 0.4128 0.8770 -8.2843 -2.3595 10.7906 -0.0973 -1.6928 -0.5753 -1.0136 -3.4115 26.1151 -5.2106 3.8235 19.7218 2.8030 1.3638 -3.5274 11.8491 -2.6503 -13.7162 12.6149 -0.0191 -0.0629 0.0457 0.6012 -10.2169 -3.7126 -0.6253 -10.1491 3.8060 -0.6888 16.9302 -12.8602 -69.6280 -62.6527 28.8404 -1.7710 -1.8645 -74.6546 140.0420 -65.5943 -76.9419 -16.2817 9.9566 14.3856 -57.4004 1.5494 1.7778 12.4498 18.3759 13.8785 66.9117 40.4394 48.8497 1.4909 -3.3100 98.2177 46.6047 -19.8618 -0.9129 16.4640 7.0414 -16.7877 52.1359 -3.6808 -4.9411 7.2606 -34.7337 24.6721 -0.1116 27.7304 -0.1738 -4.6933 9.2175 11.7149 1.6595 1.5878 -2.0864 -18.7094 -7.2547 -16.1092 0.1664 24.8756 0.7597 21.6465 -17.7388 -0.8825 -1.4455 0.0576 0.9580
0.4766 93.2836 -1.0159 0.3642 0.7327 -8.6209 -2.4608 10.9796 -0.1410 -1.7445 -0.4871 -1.0363 -3.6539 26.4395 -5.4110 3.6906 20.4018 2.9096 1.3092 -3.5260 11.6356 -2.6228 -13.4547 12.3271 -0.0265 -0.0650 0.0490 0.5814 -10.2157 -3.7024 -0.6204 -10.1500 3.8029 -0.8906 17.0151 -13.2969 -69.9005 -63.4998 29.4429 -1.8922 -1.7307 -74.3064 141.3480 -64.9663 -78.2799 -16.3689 9.8963 14.3980 -57.5326 1.5142 1.8066 12.4225 18.5064 13.8517 66.8750 40.3163 49.1522 1.2888 -3.4470 97.9588 46.4418 -19.8885 -1.0225 16.5648 6.9910 -16.8060 52.1806 -3.7384 -4.9392 7.2905 -35.2894 25.1264 -0.1076 29.2540 -0.1743 -4.8096 8.4413 11.4879 1.6586 1.7088 -2.0755 -18.9065 -7.5677 -15.6195 0.1792 25.8693 0.8375 21.7315 -18.1862 -0.9576 -1.4425 -0.0282 0.9515
0.6762 93.0414 -0.9039 0.3455 0.6444 -8.9807 -2.5553 11.1191 -0.1740 -1.7906 -0.4276 -1.0309 -3.8846 26.7090 -5.5837 3.4485 21.1211 3.0836 1.2343 -3.5242 11.2938 -2.5742 -13.1268 11.8966 -0.0289 -0.0644 0.0487 0.5687 -10.2128 -3.6970 -0.6123 -10.1543 3.7979 -0.9685 17.0502 -13.5597 -70.1318 -64.1835 29.8709 -2.0194 -1.6762 -73.9874 142.3145 -64.6187 -79.3352 -16.4151 9.8676 14.4338 -57.5919 1.4948 1.8255 12.3354 18.6204 13.8329 66.7697 40.2545 49.3866 1.1652 -3.4983 97.7989 46.2362 -19.9010 -0.8669 16.6329 6.9755 -16.8471 52.1373 -3.7594 -4.9254 7.2971 -35.7788 25.5554 -0.0979 30.5640 -0.1635 -4.9321 7.7869 11.3083 1.6564 1.7978 -2.0817 -19.1182 -7.9062 -15.1249 0.1860 26.7657 0.8896 21.8247 -18.5926 -0.9869 -1.4412 -0.0716 0.9459
0.8532 92.8283 -0.7977 0.3570 0.5881 -9.2835 -2.6359 11.1897 -0.2066 -1.8354 -0.3662 -0.9974 -4.0755 26.9269 -5.7312 3.1528 21.8627 3.2713 1.1624 -3.5231 10.9191 -2.5172 -12.8308 11.4193 -0.0273 -0.0627 0.0503 0.5611 -10.2058 -3.6929 -0.6012 -10.1501 3.7943 -0.9595 17.0998 -13.7243 -70.3153 -64.7789 30.1398 -2.1335 -1.6641 -73.6885 142.9734 -64.4670 -80.0101 -16.4529 9.8275 14.4648 -57.6454 1.4780 1.8396 12.2788 18.7184 13.8041 66.6972 40.2342 49.6795 1.0084 -3.5156 97.6606 45.9234 -19.8116 -0.4642 16.6851 6.9543 -16.8980 52.1056 -3.7702 -4.9071 7.2675 -36.1795 25.9218 -0.0964 31.6439 -0.1630 -5.0677 7.2611 11.1463 1.6564 1.8346 -2.0726 -19.2989 -8.2244 -14.6884 0.1974 27.5445 0.9442 21.9244 -18.9300 -1.0547 -1.4392 -0.1275 0.9464
0.9833 92.6542 -0.7187 0.3746 0.5251 -9.4942 -2.6945 11.2224 -0.2200 -1.8633 -0.3287 -0.9785 -4.2248 27.0932 -5.8498 2.8292 22.6504 3.4491 1.0634 -3.5259 10.5579 -2.4789 -12.5926 10.9317 -0.0280 -0.0607 0.0578 0.5511 -10.1930 -3.6810 -0.5929 -10.1407 3.7974 -0.8867 17.1889 -13.7731 -70.5514 -65.2747 30.3353 -2.2351 -1.7227 -73.4036 143.1625 -64.5400 -80.1532 -16.5145 9.8179 14.4964 -57.7262 1.4571 1.8460 12.2099 18.7931 13.7741 66.6868 40.2359 50.0338 0.8777 -3.4930 97.5529 45.5497 -19.7940 0.0542 16.7037 6.9073 -16.9236 52.0641 -3.7847 -4.8913 7.2552 -36.4819 26.2264 -0.1013 32.5133 -0.1738 -5.1719 6.8396 10.9958 1.6570 1.8495 -2.0588 -19.4607 -8.4491 -14.3237 0.1993 28.2048 0.9680 22.0257 -19.2413 -1.0997 -1.4392 -0.1537 0.9504
1.0452 92.4949 -0.6326 0.4099 0.4317 -9.5938 -2.7324 11.1989 -0.2397 -1.8831 -0.3029 -0.9726 -4.3341 27.2317 -5.9341 2.4974 23.4807 3.6035 0.9189 -3.5305 10.2340 -2.3922 -12.3543 10.3834 -0.0337 -0.0569 0.0692 0.5364 -10.1843 -3.6655 -0.5899 -10.1342 3.8057 -0.7545 17.2662 -13.7340 -70.8525 -65.6199 30.4759 -2.3525 -1.7850 -73.0858 143.2234 -64.8054 -80.0882 -16.5008 9.8193 14.5082 -57.7314 1.4702 1.8509 12.1480 18.8298 13.6929 66.6879 40.2466 50.3895 0.8424 -3.4917 97.4538 45.1515 -19.7709 0.6129 16.6930 6.8802 -16.9344 52.0363 -3.7782 -4.8972 7.2410 -36.7014 26.4579 -0.1092 33.2176 -0.1798 -5.2813 6.5220 10.8103 1.6568 1.8232 -2.0456 -19.6033 -8.5600 -14.0746 0.1980 28.7444 0.9848 22.1129 -19.5205 -1.1835 -1.4387 -0.1569 0.9652
1.0421 92.3665 -0.5558 0.4896 0.2964 -9.5794 -2.7585 11.1267 -0.2433 -1.8889 -0.3162 -0.9775 -4.4071 27.3177 -5.9932 2.1813 24.3663 3.7062 0.7634 -3.5368 9.8902 -2.2986 -12.1162 9.8240 -0.0425 -0.0538 0.0796 0.5230 -10.1752 -3.6523 -0.5945 -10.1264 3.8155 -0.5878 17.3519 -13.6567 -71.1941 -65.7980 30.5194 -2.5048 -1.8207 -72.7525 143.1672 -65.2849 -79.6755 -16.5600 9.8446 14.5075 -57.7419 1.4904 1.8308 12.1414 18.8886 13.6160 66.7241 40.3201 50.7192 0.8489 -3.5512 97.4492 44.7914 -19.7616 1.0752 16.7049 6.8339 -16.9062 52.0343 -3.7850 -4.8700 7.2119 -36.7664 26.6441 -0.1040 33.7159 -0.1734 -5.3892 6.2964 10.6080 1.6602 1.7822 -2.0401 -19.7637 -8.5341 -13.8794 0.1923 29.1739 0.9889 22.1398 -19.7746 -1.3138 -1.4395 -0.1610 0.9765
0.9808 92.2691 -0.4673 0.6022 0.1270 -9.4560 -2.7663 11.0006 -0.2452 -1.8910 -0.3651 -0.9970 -4.4632 27.3529 -6.0384 1.8428 25.3356 3.8238 0.6024 -3.5414 9.4542 -2.2085 -11.7974 9.2198 -0.0497 -0.0503 0.0816 0.5139 -10.1764 -3.6493 -0.6008 -10.1336 3.8189 -0.3516 17.4373 -13.5244 -71.4993 -65.7787 30.3967 -2.6231 -1.8118 -72.3860 143.2639 -65.9928 -79.2638 -16.5785 9.8498 14.4747 -57.7233 1.4801 1.8187 12.1124 18.9765 13.5001 66.8767 40.3809 51.1348 0.8511 -3.5798 97.5023 44.4749 -19.7256 1.4971 16.6957 6.8380 -16.8540 52.0826 -3.7671 -4.8511 7.1615 -36.7147 26.8028 -0.1062 34.0218 -0.1701 -5.5105 6.1552 10.3602 1.6625 1.7602 -2.0429 -19.9116 -8.3652 -13.7199 0.1764 29.5044 0.9777 22.1504 -20.0218 -1.5482 -1.4380 -0.1389 0.9859
0.8912 92.2211 -0.3670 0.7409 -0.0663 -9.2625 -2.7528 10.7928 -0.2533 -1.8858 -0.4432 -1.0001 -4.4868 27.2921 -6.0885 1.4512 26.4138 3.9301 0.4366 -3.5426 8.9314 -2.1201 -11.3930 8.5996 -0.0602 -0.0485 0.0796 0.4994 -10.1852 -3.6534 -0.6072 -10.1472 3.8220 -0.1156 17.5263 -13.3586 -71.9258 -65.5654 30.2778 -2.7952 -1.6989 -71.9955 143.3478 -67.0330 -78.6867 -16.5997 9.8865 14.4587 -57.6590 1.4859 1.8185 12.0802 19.1194 13.3299 67.0727 40.4681 51.6280 0.8547 -3.6758 97.6015 44.1696 -19.6578 1.9092 16.6154 6.8709 -16.8350 52.0775 -3.7651 -4.8149 7.1147 -36.4920 26.9411 -0.1080 34.0778 -0.1703 -5.6369 6.0980 10.0685 1.6634 1.7254 -2.0421 -20.0630 -8.0548 -13.6280 0.1726 29.6582 0.9841 22.1804 -20.1830 -1.8417 -1.4348 -0.1319 0.9979
0.7408 92.2349 -0.2624 0.9041 -0.2942 -9.0168 -2.7206 10.5371 -0.2609 -1.8732 -0.5627 -1.0296 -4.5039 27.1409 -6.1138 0.9763 27.5435 4.0146 0.3120 -3.5434 8.3489 -2.0836 -10.9066 7.9894 -0.0698 -0.0508 0.0748 0.4879 -10.2122 -3.6611 -0.6157 -10.1833 3.8238 0.1478 17.5978 -13.1343 -72.3355 -65.1194 30.1054 -2.9736 -1.5639 -71.6198 143.5479 -68.3673 -78.1967 -16.6191 9.8840 14.4205 -57.5461 1.5023 1.8109 12.0282 19.2857 13.0811 67.3141 40.6187 52.2169 0.8547 -3.7157 97.7805 43.8025 -19.6186 2.4921 16.5839 6.9320 -16.8373 52.1712 -3.7859 -4.8068 7.0700 -36.1005 27.0230 -0.1099 33.9014 -0.1831 -5.7163 6.1279 9.8069 1.6622 1.6676 -2.0376 -20.2114 -7.5629 -13.5820 0.1686 29.5595 0.9813 22.2257 -20.1917 -2.1776 -1.4312 -0.1794 1.0093
0.5874 92.3277 -0.1026 1.0914 -0.5209 -8.7502 -2.6814 10.2167 -0.2658 -1.8533 -0.7296 -1.0564 -4.5137 26.9025 -6.1372 0.4104 28.7012 4.1030 0.2069 -3.5386 7.7351 -2.0365 -10.3151 7.3743 -0.0894 -0.0560 0.0781 0.4686 -10.2319 -3.6534 -0.6369 -10.2094 3.8304 0.4639 17.6156 -12.8089 -72.8253 -64.3727 29.9739 -3.1645 -1.4598 -71.3114 143.5163 -70.0641 -77.4721 -16.6369 9.8741 14.4187 -57.3939 1.5052 1.8280 11.8809 19.4647 12.7346 67.5948 40.7487 52.8403 0.9386 -3.6167 98.0045 43.4584 -19.5916 3.3743 16.4896 7.0312 -16.8534 52.1855 -3.7725 -4.7978 7.0174 -35.5172 27.0754 -0.1294 33.4157 -0.2216 -5.7692 6.3002 9.6029 1.6618 1.6021 -2.0350 -20.3611 -6.8968 -13.5947 0.1613 29.1207 0.9912 22.3454 -20.0692 -2.4795 -1.4284 -0.2152 1.0119
0.4375 92.5048 0.0908 1.2953 -0.7182 -8.5032 -2.6420 9.8271 -0.2763 -1.8263 -0.9502 -1.0672 -4.5109 26.5444 -6.1387 -0.2452 29.8712 4.1535 0.1400 -3.5342 7.1346 -2.0463 -9.6446 6.8197 -0.1053 -0.0638 0.0800 0.4536 -10.2566 -3.6455 -0.6550 -10.2383 3.8320 0.8435 17.6620 -12.3851 -73.5531 -63.3048 30.0635 -3.3213 -1.4396 -71.2340 142.9177 -71.9422 -76.1499 -16.6631 9.8699 14.4302 -57.2207 1.5444 1.8305 11.6087 19.6973 12.2933 67.9618 40.8505 53.6225 0.9424 -3.3470 98.2696 42.9776 -19.4471 4.7147 16.3446 7.1202 -16.8466 52.0707 -3.7394 -4.7714 6.9499 -34.7496 27.1031 -0.1600 32.6213 -0.2804 -5.7821 6.6149 9.4805 1.6601 1.5158 -2.0234 -20.4901 -6.0712 -13.6190 0.1544 28.3085 0.9969 22.4721 -19.7609 -2.7675 -1.4260 -0.2668 0.9971
0.3089 92.7556 0.2777 1.4904 -0.8493 -8.3388 -2.6113 9.4024 -0.2783 -1.7910 -1.2111 -1.0952 -4.4984 26.0266 -6.0897 -0.8989 30.8585 4.2167 0.0669 -3.5257 6.6389 -2.1009 -9.0369 6.3562 -0.1211 -0.0650 0.0869 0.4380 -10.2670 -3.6337 -0.6725 -10.2532 3.8418 1.2166 17.6546 -11.8443 -74.3941 -61.8781 30.3921 -3.3953 -1.4235 -71.5745 141.7312 -73.7582 -74.2650 -16.7265 9.8709 14.4486 -57.0471 1.5972 1.8000 11.2296 19.8757 11.7991 68.4653 40.9804 54.5009 0.9466 -2.9577 98.5141 42.2786 -19.0783 6.5949 16.2029 7.2335 -16.8422 51.8969 -3.6772 -4.7304 6.9222 -33.8855 27.0200 -0.1842 31.6130 -0.3369 -5.7690 7.0529 9.5170 1.6614 1.4300 -2.0092 -20.5983 -5.1675 -13.6515 0.1418 27.1739 0.9872 22.5789 -19.2763 -2.9732 -1.4291 -0.3522 0.9848
0.1760 93.0637 0.4975 1.6409 -0.8666 -8.2747 -2.5923 8.9546 -0.3011 -1.7478 -1.4749 -1.1021 -4.4533 25.3650 -5.9865 -1.5339 31.4828 4.2646 0.0823 -3.5276 6.2958 -2.2347 -8.6344 6.1084 -0.1249 -0.0613 0.0884 0.4425 -10.2861 -3.6399 -0.6855 -10.2788 3.8526 1.4838 17.5973 -11.2433 -75.2171 -60.2789 30.9887 -3.3704 -1.4753 -72.3985 139.1872 -75.2410 -71.1075 -16.7863 9.8688 14.4860 -56.9473 1.6542 1.7774 10.7821 19.9813 11.3153 69.0935 41.1291 55.3481 0.8743 -2.5374 98.7896 41.5893 -18.4910 8.8924 16.1032 7.3576 -16.8579 51.8261 -3.5786 -4.7332 6.9326 -33.0426 26.8216 -0.1898 30.4635 -0.3776 -5.7350 7.5710 9.7146 1.6637 1.3528 -1.9927 -20.6209 -4.2990 -13.7169 0.1272 25.8002 0.9677 22.6254 -18.6935 -3.0875 -1.4312 -0.4135 0.9715
0.0326 93.3503 0.6951 1.7592 -0.7759 -8.3047 -2.5847 8.5180 -0.3136 -1.7063 -1.7150 -1.0826 -4.3861 24.6019 -5.8749 -1.9945 31.6006 4.3164 0.1021 -3.5357 6.1622 -2.3914 -8.4961 6.0526 -0.1268 -0.0569 0.0923 0.4452 -10.2967 -3.6484 -0.6931 -10.2926 3.8703 1.6833 17.4507 -10.6361 -75.9767 -58.5205 31.7971 -3.1831 -1.6078 -73.6385 134.0675 -76.2102 -65.5575 -16.8300 9.8857 14.5054 -56.9278 1.7121 1.7317 10.3919 19.9728 10.8771 69.6904 41.3498 56.0356 0.7727 -2.2144 99.1016 41.1476 -17.9201 11.2122 16.0845 7.4775 -16.8589 51.8525 -3.4956 -4.7417 6.9839 -32.2784 26.5148 -0.1903 29.2995 -0.3962 -5.7248 8.0825 10.0430 1.6701 1.2571 -1.9820 -20.6059 -3.6076 -13.8102 0.1191 24.4235 0.9486 22.6798 -18.0347 -3.0448 -1.4359 -0.4772 0.9700
-0.0875 93.6161 0.8739 1.8689 -0.5893 -8.3989 -2.5969 8.1036 -0.3345 -1.6803 -1.9236 -1.0385 -4.3229 23.7848 -5.7621 -2.3293 31.2784 4.3512 0.1905 -3.5411 6.2063 -2.5729 -8.5842 6.1826 -0.1179 -0.0505 0.0911 0.4597 -10.2869 -3.6626 -0.6907 -10.2881 3.8799 1.8119 17.2090 -10.0347 -76.5343 -56.6772 32.7315 -2.8452 -1.8210 -75.1206 126.0359 -76.6236 -57.3884 -16.8414 9.9870 14.5958 -57.0482 1.7676 1.7038 10.0892 19.8410 10.5254 70.1833 41.5311 56.4228 0.7536 -1.9690 99.3820 41.0880 -17.5357 13.2131 16.1011 7.6018 -16.8624 51.9836 -3.4156 -4.7798 7.0116 -31.6472 26.1556 -0.1857 28.2171 -0.4011 -5.7515 8.5535 10.4550 1.6803 1.1701 -1.9856 -20.5799 -3.1457 -13.9191 0.1206 23.1781 0.9179 22.7934 -17.4330 -2.9239 -1.4412 -0.5136 0.9729
-0.1910 93.8359 1.0265 1.9757 -0.3508 -8.5232 -2.6393 7.7397 -0.3358 -1.6502 -2.1054 -0.9881 -4.2763 22.9741 -5.6318 -2.5003 30.5663 4.3500 0.3133 -3.5465 6.4295 -2.7786 -8.9050 6.5206 -0.1031 -0.0478 0.0845 0.4787 -10.2649 -3.6846 -0.6804 -10.2696 3.8833 1.9540 16.9262 -9.4707 -76.9353 -54.8010 33.7786 -2.4445 -2.0803 -76.6350 117.0822 -76.4601 -48.5639 -16.8531 10.0869 14.6870 -57.2454 1.8025 1.7076 9.8284 19.6210 10.2404 70.6498 41.6806 56.7150 0.7043 -1.7784 99.5781 41.3395 -17.4337 14.6174 16.1224 7.7121 -16.8725 52.1502 -3.3412 -4.8133 7.0204 -31.1476 25.8138 -0.1836 27.2476 -0.4007 -5.8252 8.9273 10.8527 1.6866 1.1090 -1.9947 -20.5816 -2.8688 -14.0481 0.1288 22.0951 0.8953 22.9241 -16.9212 -2.7532 -1.4478 -0.5164 0.9789
-0.2917 94.0064 1.1422 2.0747 -0.0877 -8.6377 -2.6904 7.4380 -0.3290 -1.6354 -2.2645 -0.9361 -4.2679 22.2360 -5.4815 -2.5495 29.5170 4.2942 0.4531 -3.5449 6.7964 -2.9303 -9.3275 6.9490 -0.0874 -0.0448 0.0765 0.5014 -10.2397 -3.7070 -0.6720 -10.2465 3.8842 2.1090 16.6400 -8.9383 -77.0178 -53.0189 34.6822 -2.0533 -2.3072 -77.9727 108.9450 -76.1789 -40.6629 -16.8093 10.2254 14.7694 -57.4362 1.8351 1.7350 9.6311 19.3205 10.0862 70.9889 41.7537 56.8072 0.7719 -1.6288 99.6226 41.6503 -17.5140 15.5188 16.1744 7.8242 -16.8856 52.3464 -3.2590 -4.8632 6.9933 -30.7687 25.5100 -0.1757 26.3808 -0.3852 -5.9040 9.2592 11.2109 1.6918 1.0698 -2.0054 -20.5573 -2.7577 -14.1546 0.1279 21.2456 0.8722 23.0396 -16.5210 -2.6188 -1.4543 -0.5223 0.9878
-0.3875 94.1425 1.2157 2.1550 0.1423 -8.6860 -2.7549 7.2258 -0.3248 -1.6285 -2.3907 -0.8650 -4.2736 21.6205 -5.3215 -2.5113 28.2509 4.1876 0.6725 -3.5375 7.1785 -3.0171 -9.7877 7.4739 -0.0729 -0.0397 0.0690 0.5275 -10.2158 -3.7263 -0.6692 -10.2176 3.8835 2.2561 16.3398 -8.4949 -76.6362 -51.3944 35.1559 -1.7013 -2.4872 -79.0072 102.5604 -76.0977 -34.6010 -16.7058 10.3434 14.8114 -57.5518 1.8667 1.7714 9.5074 19.0014 10.0647 71.1974 41.7601 56.7723 0.9074 -1.5831 99.5653 41.9288 -17.6127 15.9576 16.1600 7.8980 -16.8826 52.4401 -3.2004 -4.8938 6.9551 -30.5107 25.2463 -0.1740 25.6892 -0.3749 -5.9953 9.5152 11.4378 1.6922 1.0621 -2.0150 -20.5003 -2.7159 -14.2272 0.1272 20.6415 0.8540 23.0415 -16.2455 -2.5734 -1.4581 -0.5106 0.9995
-0.4864 94.2329 1.2415 2.1930 0.3004 -8.6492 -2.8257 7.1009 -0.3189 -1.6387 -2.4666 -0.8015 -4.2990 21.1397 -5.1592 -2.3797 26.8367 4.0320 0.8464 -3.5298 7.5904 -3.0046 -10.2410 8.0333 -0.0592 -0.0347 0.0607 0.5481 -10.1901 -3.7408 -0.6626 -10.1915 3.8773 2.2933 16.0424 -8.1907 -75.8625 -50.0279 35.1799 -1.4154 -2.5835 -79.7543 97.2453 -76.2493 -29.6508 -16.5859 10.4857 14.8220 -57.6666 1.8921 1.8206 9.4866 18.7266 10.1954 71.2646 41.7056 56.6345 1.0540 -1.5330 99.3682 42.2163 -17.7136 16.0327 16.1113 7.9400 -16.8637 52.4340 -3.1439 -4.9032 6.9540 -30.3249 25.0459 -0.1788 25.1058 -0.3715 -6.0995 9.7024 11.5224 1.6926 1.0382 -2.0248 -20.3877 -2.6713 -14.2515 0.1245 20.2748 0.8350 22.9169 -16.1074 -2.6434 -1.4618 -0.4699 1.0060
-0.5797 94.2800 1.2188 2.1773 0.4007 -8.5102 -2.8799 7.0612 -0.3138 -1.6582 -2.5048 -0.7699 -4.3522 20.8092 -5.0006 -2.2056 25.3616 3.8833 1.0166 -3.5167 7.9367 -2.9170 -10.6723 8.5796 -0.0479 -0.0283 0.0523 0.5692 -10.1740 -3.7555 -0.6616 -10.1712 3.8716 2.1804 15.7602 -8.0538 -74.8436 -48.9704 34.8173 -1.2020 -2.6530 -80.3685 92.8403 -76.4137 -25.7349 -16.4815 10.5898 14.7759 -57.7837 1.9090 1.8483 9.5380 18.4822 10.4616 71.1976 41.5594 56.3168 1.2382 -1.5004 99.1195 42.5675 -17.9303 15.6727 15.9803 7.9386 -16.8605 52.2961 -3.1391 -4.9117 7.0046 -30.2391 24.8195 -0.1781 24.6446 -0.3572 -6.1892 9.8505 11.5134 1.6909 1.0213 -2.0392 -20.2007 -2.6353 -14.2015 0.1153 20.1697 0.8110 22.6965 -16.1230 -2.8282 -1.4647 -0.4218 1.0016
-0.6833 94.2728 1.1531 2.1100 0.4474 -8.2995 -2.9282 7.0968 -0.3219 -1.6874 -2.4952 -0.7308 -4.4533 20.6036 -4.8877 -1.9980 23.8342 3.7292 1.1562 -3.5071 8.2883 -2.7479 -11.1546 9.0788 -0.0395 -0.0225 0.0430 0.5856 -10.1626 -3.7666 -0.6615 -10.1592 3.8619 1.8920 15.5042 -8.0868 -73.7053 -48.2663 34.0944 -1.0013 -2.6731 -80.8595 89.8400 -76.4078 -23.4918 -16.3943 10.6706 14.7350 -57.8336 1.9208 1.8927 9.6940 18.2409 10.8048 71.0126 41.3919 55.8985 1.3768 -1.4821 98.7910 42.9398 -18.3494 14.9479 15.8480 7.9436 -16.8940 52.1737 -3.1572 -4.9124 7.0976 -30.2779 24.6216 -0.1864 24.3801 -0.3668 -6.2854 9.9300 11.3692 1.6861 1.0178 -2.0537 -19.9556 -2.6371 -14.1353 0.1108 20.2985 0.7904 22.4184 -16.2520 -3.0621 -1.4662 -0.3430 1.0013
-0.7762 94.2413 1.0666 2.0132 0.4623 -8.0403 -2.9751 7.2190 -0.3053 -1.7209 -2.4520 -0.7219 -4.6037 20.5336 -4.8286 -1.7712 22.2368 3.5952 1.2686 -3.4926 8.6469 -2.5188 -11.6420 9.4798 -0.0397 -0.0180 0.0412 0.5926 -10.1559 -3.7677 -0.6698 -10.1533 3.8615 1.4097 15.2491 -8.2749 -72.5307 -48.0049 33.0924 -0.8564 -2.6685 -81.2114 89.1802 -76.1333 -23.7141 -16.3425 10.7414 14.6926 -57.9736 1.9149 1.9087 9.9704 18.0183 11.2376 70.7132 41.3015 55.4129 1.3932 -1.4990 98.4205 43.3714 -19.0199 13.8337 15.7235 7.9120 -16.9421 52.0830 -3.2361 -4.9194 7.2061 -30.4598 24.4317 -0.1945 24.3290 -0.3722 -6.3937 9.9500 11.1502 1.6805 1.0195 -2.0660 -19.6858 -2.7191 -14.0605 0.1084 20.6906 0.7821 22.1756 -16.4877 -3.3302 -1.4686 -0.2725 0.9953
-0.8915 94.1482 0.9475 1.8829 0.4476 -7.7017 -3.0231 7.4222 -0.3017 -1.7619 -2.3515 -0.7023 -4.7856 20.5891 -4.8375 -1.5294 20.5022 3.5011 1.3816 -3.4836 9.0283 -2.2448 -12.1792 9.8472 -0.0426 -0.0201 0.0448 0.6000 -10.1614 -3.7628 -0.6838 -10.1599 3.8665 0.7579 14.9736 -8.6303 -71.3651 -48.2137 31.8768 -0.6929 -2.6041 -81.3680 90.2228 -75.4675 -25.9560 -16.3106 10.7839 14.6563 -58.1402 1.8974 1.9381 10.3565 17.8441 11.7660 70.2560 41.2072 54.7235 1.3825 -1.5231 98.0166 43.9175 -19.7908 12.4617 15.6089 7.8471 -16.9692 51.9489 -3.3416 -4.8947 7.3206 -30.8099 24.2847 -0.2103 24.5235 -0.3940 -6.4929 9.8932 10.8617 1.6738 1.0300 -2.0850 -19.4049 -2.9189 -14.0118 0.1065 21.3676 0.7854 21.9774 -16.8615 -3.5542 -1.4718 -0.1835 0.9856
-0.9969 93.9896 0.7803 1.7295 0.4222 -7.3354 -3.0878 7.7121 -0.2893 -1.8017 -2.2043 -0.6938 -5.0085 20.7938 -4.8628 -1.2679 18.5573 3.4080 1.4973 -3.4858 9.4754 -1.9515 -12.8992 10.2279 -0.0432 -0.0259 0.0486 0.6069 -10.1914 -3.7600 -0.6935 -10.1929 3.8740 -0.1201 14.7163 -9.2259 -70.0556 -49.0164 30.4657 -0.5261 -2.4771 -81.3232 93.4315 -74.4404 -30.7301 -16.2971 10.7686 14.6027 -58.3084 1.8372 1.9422 10.8700 17.7312 12.3927 69.6526 41.1553 53.8093 1.2108 -1.6178 97.6164 44.7750 -20.5748 10.6333 15.5158 7.7069 -16.9316 51.7943 -3.4752 -4.8611 7.4276 -31.3597 24.1525 -0.2337 25.0286 -0.4213 -6.5519 9.7319 10.5267 1.6678 1.0469 -2.1036 -19.1429 -3.2818 -13.9784 0.1140 22.3620 0.7787 21.7554 -17.4161 -3.6713 -1.4751 -0.0917 0.9659
-1.0933 93.7507 0.5759 1.5486 0.3849 -6.9740 -3.1546 8.0433 -0.2897 -1.8426 -2.0020 -0.6745 -5.2500 21.1707 -4.9183 -1.0254 16.4327 3.3533 1.6362 -3.4947 9.8970 -1.6328 -13.8193 10.6072 -0.0405 -0.0311 0.0464 0.6221 -10.2180 -3.7635 -0.7040 -10.2191 3.8734 -1.2314 14.5014 -10.0542 -68.4926 -50.4321 28.9018 -0.3533 -2.2747 -81.0690 98.1155 -72.9899 -37.2769 -16.2411 10.7406 14.5365 -58.4679 1.7861 1.9001 11.4698 17.6769 13.0971 68.8326 41.1323 52.6177 1.0191 -1.8085 97.1796 45.8434 -21.2297 8.4758 15.5206 7.5186 -16.8281 51.7031 -3.5961 -4.8419 7.5395 -32.0996 24.0524 -0.2447 25.8252 -0.4320 -6.5952 9.4515 10.1253 1.6624 1.1012 -2.1234 -18.9083 -3.8216 -14.0070 0.1194 23.6290 0.7892 21.5899 -18.0695 -3.7074 -1.4774 0.0162 0.9449
-1.1563 93.4623 0.3499 1.3325 0.3391 -6.6263 -3.2049 8.4200 -0.2712 -1.8794 -1.7884 -0.6893 -5.5192 21.7049 -5.0107 -0.7875 14.4279 3.3206 1.7279 -3.4973 10.2519 -1.3496 -14.8087 10.9102 -0.0337 -0.0369 0.0333 0.6420 -10.2262 -3.7688 -0.7112 -10.2251 3.8535 -2.3289 14.3328 -11.0268 -66.8585 -52.2806 27.4671 -0.1860 -2.1594 -80.6833 102.7070 -71.2498 -43.6846 -16.1827 10.7267 14.4709 -58.6290 1.7461 1.7978 12.0898 17.7098 13.7968 67.7941 41.1278 51.2581 0.8160 -1.9942 96.8184 46.9553 -21.6475 6.3818 15.5979 7.3110 -16.6645 51.6112 -3.6853 -4.8388 7.6642 -33.0173 23.9855 -0.2678 26.9265 -0.4500 -6.6633 9.0443 9.6914 1.6597 1.1525 -2.1521 -18.6998 -4.5118 -14.0758 0.1344 25.1695 0.8022 21.4580 -18.8547 -3.6243 -1.4793 0.1012 0.9249
-1.1957 93.0975 0.0766 1.0918 0.2523 -6.3584 -3.2425 8.8290 -0.2596 -1.9414 -1.5383 -0.6775 -5.7806 22.3346 -5.1433 -0.6021 12.8722 3.3020 1.7724 -3.4995 10.4643 -1.1714 -15.6424 11.1178 -0.0250 -0.0406 0.0185 0.6632 -10.2181 -3.7774 -0.7159 -10.2149 3.8309 -3.1206 14.2082 -11.9462 -65.4919 -54.3578 26.5695 -0.1582 -2.1429 -80.1214 106.6405 -69.6543 -48.9279 -16.1305 10.7076 14.4976 -58.6795 1.7239 1.7292 12.6073 17.7862 14.3931 66.7564 41.0184 49.9455 0.7060 -2.1421 96.5192 47.8922 -21.6553 4.6914 15.7148 7.1396 -16.5247 51.4786 -3.7219 -4.8450 7.8351 -34.0470 23.9692 -0.2855 28.2731 -0.4684 -6.7370 8.5849 9.2681 1.6604 1.2230 -2.1785 -18.5356 -5.3058 -14.1528 0.1579 26.9022 0.8261 21.3743 -19.7110 -3.4983 -1.4793 0.1921 0.9173
-1.1953 92.7216 -0.1712 0.8347 0.0991 -6.1966 -3.2747 9.2276 -0.2234 -2.0002 -1.2849 -0.6929 -6.0040 23.0314 -5.2748 -0.5002 11.9986 3.2994 1.7708 -3.4991 10.5334 -1.1117 -16.1851 11.2023 -0.0137 -0.0371 0.0002 0.6836 -10.1937 -3.7854 -0.7140 -10.1843 3.8007 -3.5813 14.1718 -12.7351 -64.2736 -56.4250 26.1049 -0.1883 -2.2150 -79.3173 110.7746 -68.4723 -53.6717 -16.0854 10.6606 14.5440 -58.6156 1.6868 1.7155 13.0244 17.9220 14.8736 65.8647 40.8864 48.8903 0.6085 -2.2069 96.3478 48.6392 -21.3683 3.4063 15.8699 7.0450 -16.4401 51.4146 -3.7188 -4.8482 8.0763 -35.0379 24.0044 -0.3085 29.6821 -0.4880 -6.8413 8.1188 8.8374 1.6593 1.3245 -2.1952 -18.3959 -6.0363 -14.2000 0.1805 28.6080 0.8445 21.3454 -20.5650 -3.3672 -1.4792 0.2592 0.9427
-1.1967 92.3641 -0.4190 0.5562 -0.1378 -6.1016 -3.2830 9.5527 -0.1756 -2.0542 -1.0533 -0.6771 -6.1669 23.8224 -5.4226 -0.4905 11.8934 3.2881 1.7125 -3.4995 10.5106 -1.1678 -16.4149 11.1749 -0.0067 -0.0306 -0.0068 0.6871 -10.1609 -3.7854 -0.7039 -10.1491 3.7822 -3.8038 14.2520 -13.4000 -63.1150 -58.5390 25.9923 -0.3418 -2.2809 -78.1475 115.8407 -67.6880 -58.5136 -16.0085 10.6132 14.6277 -58.4073 1.6797 1.7397 13.3855 18.0834 15.1860 65.0620 40.8004 48.1133 0.5795 -2.1998 96.4318 49.2039 -20.8986 2.3905 15.9930 6.9588 -16.3890 51.3633 -3.7334 -4.8645 8.4059 -35.8947 24.0314 -0.3204 31.0025 -0.4929 -6.9123 7.7010 8.4455 1.6610 1.4535 -2.1890 -18.2696 -6.5708 -14.2567 0.2108 30.0949 0.8657 21.3493 -21.2919 -3.2250 -1.4761 0.2795 0.9784
-1.2015 92.0273 -0.6032 0.2625 -0.4625 -6.0055 -3.2610 9.7768 -0.1250 -2.0942 -0.8711 -0.6662 -6.2450 24.6340 -5.5503 -0.5163 12.5909 3.2868 1.5783 -3.4959 10.3708 -1.2829 -16.2158 10.9692 -0.0019 -0.0254 -0.0078 0.6823 -10.1193 -3.7775 -0.6894 -10.1095 3.7696 -3.8161 14.4373 -13.9519 -62.0172 -60.5728 26.1098 -0.6653 -2.2225 -76.5293 122.6395 -67.1236 -64.2944 -15.8770 10.5271 14.6633 -57.9614 1.6695 1.7725 13.7365 18.2443 15.3301 64.3632 40.8173 47.6400 0.6301 -2.1628 96.7263 49.5438 -20.2745 1.7097 16.0676 6.9207 -16.3362 51.4316 -3.7069 -4.8911 8.8363 -36.5323 23.9816 -0.3244 32.1499 -0.4883 -6.9618 7.2932 8.0941 1.6612 1.5650 -2.1714 -18.1512 -6.8427 -14.3723 0.2354 31.2520 0.8817 21.4184 -21.8915 -3.1191 -1.4712 0.2799 1.0313
-1.1934 91.7757 -0.7656 -0.0206 -0.8445 -5.9452 -3.2136 9.9270 -0.0844 -2.1179 -0.7778 -0.6649 -6.2312 25.4001 -5.6536 -0.6177 13.9984 3.3260 1.4089 -3.5030 10.0858 -1.3955 -15.5546 10.6039 -0.0080 -0.0290 0.0094 0.6603 -10.1062 -3.7542 -0.6798 -10.1015 3.7817 -3.7004 14.6995 -14.3461 -60.9911 -62.4253 26.2528 -1.0531 -2.0594 -74.6055 130.7436 -66.5274 -70.5896 -15.7576 10.4285 14.6642 -57.3888 1.6602 1.7886 14.0528 18.4576 15.3550 63.7251 40.9521 47.4359 0.7044 -2.1734 97.2559 49.7804 -19.4807 1.2631 16.0770 6.8964 -16.3213 51.5601 -3.6894 -4.9614 9.3130 -36.9627 23.8699 -0.3233 33.1307 -0.4861 -7.0238 6.9023 7.8461 1.6583 1.6490 -2.1318 -18.0250 -6.8773 -14.5274 0.2483 32.0522 0.9018 21.5164 -22.3517 -3.0306 -1.4625 0.2461 1.0722
-1.1813 91.5823 -0.8585 -0.2489 -1.2242 -5.9679 -3.1605 9.9986 -0.0596 -2.1313 -0.7509 -0.6816 -6.1539 25.9619 -5.7118 -0.7988 15.7966 3.4100 1.2384 -3.5196 9.7315 -1.4091 -14.6381 10.1407 -0.0216 -0.0357 0.0322 0.6292 -10.1107 -3.7259 -0.6754 -10.1033 3.8022 -3.4628 14.9489 -14.5461 -60.2726 -63.6958 26.4366 -1.3917 -1.8790 -72.8772 137.4496 -66.0966 -75.5913 -15.6443 10.3483 14.6500 -56.7782 1.6359 1.8137 14.2097 18.6568 15.2396 63.3401 41.1116 47.5439 0.8365 -2.0927 97.7942 49.8756 -18.7985 1.0844 16.0479 6.9250 -16.3277 51.6556 -3.6419 -4.9878 9.7652 -37.1659 23.7543 -0.3272 33.8408 -0.4917 -7.0713 6.6100 7.8122 1.6567 1.7078 -2.0965 -17.9473 -6.7155 -14.5483 0.2450 32.5168 0.8985 21.5500 -22.6579 -3.0136 -1.4541 0.2403 1.0942
-1.1371 91.4941 -0.9246 -0.3815 -1.5371 -6.1043 -3.1066 9.9757 -0.0639 -2.1328 -0.7652 -0.6893 -6.0447 26.2899 -5.7575 -1.0516 17.6326 3.5296 1.0877 -3.5341 9.3611 -1.3744 -13.6638 9.7159 -0.0352 -0.0426 0.0475 0.6036 -10.1288 -3.7047 -0.6764 -10.1191 3.8149 -3.2348 15.1243 -14.6157 -59.7911 -64.3611 26.5729 -1.6669 -1.6952 -71.5992 142.1384 -65.9936 -79.0539 -15.5452 10.3234 14.6405 -56.3292 1.6275 1.8166 14.2234 18.8269 15.0320 63.1866 41.2781 47.9061 0.9481 -2.0293 98.2533 49.9224 -18.3058 1.0010 16.0063 6.9390 -16.3473 51.6789 -3.6210 -4.9965 10.0857 -37.1161 23.6694 -0.3158 34.1868 -0.4873 -7.0706 6.4303 7.9482 1.6560 1.7519 -2.0651 -17.9200 -6.4765 -14.4324 0.2368 32.6260 0.9080 21.5501 -22.7857 -3.0378 -1.4450 0.2472 1.1010
-1.0970 91.5017 -0.9542 -0.4437 -1.7629 -6.3558 -3.0460 9.8839 -0.0941 -2.1279 -0.8065 -0.7148 -5.9360 26.4442 -5.7957 -1.3652 19.2988 3.6793 1.0037 -3.5425 9.0568 -1.3382 -12.7449 9.3819 -0.0436 -0.0465 0.0516 0.5863 -10.1547 -3.6942 -0.6745 -10.1401 3.8136 -3.0311 15.2691 -14.5969 -59.7446 -64.6789 26.9546 -1.9461 -1.6203 -70.8749 144.4587 -66.4572 -80.3974 -15.5300 10.3314 14.6120 -56.1347 1.6309 1.8036 14.0922 18.9720 14.7956 63.2483 41.4565 48.4441 1.0223 -2.0225 98.6614 49.9221 -18.0942 0.9401 15.9690 6.9531 -16.3771 51.6692 -3.6203 -4.9833 10.3068 -36.9193 23.6557 -0.3124 34.2008 -0.5002 -7.0062 6.4137 8.2617 1.6558 1.7668 -2.0461 -17.9195 -6.1998 -14.1725 0.2188 32.4403 0.8979 21.5395 -22.7399 -3.0284 -1.4392 0.2594 1.1041
-1.0096 91.5996 -0.9665 -0.4530 -1.9270 -6.7297 -2.9785 9.7432 -0.1223 -2.1152 -0.8799 -0.7612 -5.8301 26.4696 -5.8266 -1.7164 20.8107 3.7954 0.9407 -3.5491 8.8871 -1.3598 -11.8972 9.1623 -0.0452 -0.0502 0.0440 0.5771 -10.1706 -3.6962 -0.6679 -10.1540 3.7996 -2.8399 15.4567 -14.5057 -60.0005 -64.8018 27.4366 -2.1908 -1.5579 -70.5639 145.9896 -67.1675 -80.8633 -15.5485 10.3185 14.5379 -56.0348 1.6260 1.7991 13.8956 19.1209 14.5419 63.4431 41.6830 49.1303 0.9672 -2.0366 99.0462 49.9345 -18.0903 0.9785 15.9475 6.9714 -16.4361 51.6528 -3.6238 -4.9600 10.4478 -36.5429 23.6880 -0.2928 33.9019 -0.4868 -6.8955 6.5477 8.7080 1.6532 1.7635 -2.0284 -17.9626 -5.8853 -13.8969 0.2070 31.9178 0.8949 21.5349 -22.4889 -2.9180 -1.4333 0.2471 1.0992
-0.9030 91.8092 -0.9622 -0.4329 -1.9925 -7.1843 -2.8896 9.5426 -0.1431 -2.0862 -0.9905 -0.8244 -5.6828 26.3568 -5.8509 -2.1250 22.2362 3.8819 0.9055 -3.5492 8.7760 -1.4033 -11.0829 9.0271 -0.0526 -0.0546 0.0440 0.5649 -10.1863 -3.6895 -0.6698 -10.1651 3.7943 -2.6160 15.6771 -14.3811 -60.8480 -64.6629 28.3310 -2.4644 -1.5108 -70.6749 146.6028 -68.1798 -80.3559 -15.6277 10.2756 14.4809 -55.9988 1.6184 1.8185 13.5821 19.2574 14.2279 63.7771 41.8619 49.9340 0.8525 -2.1032 99.3276 49.8063 -18.1432 1.1172 15.9063 7.0011 -16.4673 51.6827 -3.6383 -4.9481 10.4919 -35.9928 23.7339 -0.2807 33.2366 -0.4867 -6.7428 6.8583 9.2594 1.6499 1.6686 -2.0151 -18.0354 -5.5512 -13.6698 0.2021 31.0157 0.9053 21.5349 -22.0158 -2.6704 -1.4285 0.1715 1.0816
-0.7420 92.0834 -0.9188 -0.3998 -1.9198 -7.6639 -2.7825 9.2881 -0.1901 -2.0358 -1.1388 -0.9023 -5.4879 26.0842 -5.8643 -2.5599 23.5270 3.9268 0.9123 -3.5472 8.7388 -1.5275 -10.2518 9.0197 -0.0642 -0.0593 0.0499 0.5487 -10.1928 -3.6766 -0.6761 -10.1702 3.7967 -2.3221 15.9108 -14.1741 -62.1784 -64.1877 29.4777 -2.6714 -1.4768 -71.2120 145.3967 -69.8373 -78.1617 -15.8046 10.2163 14.4514 -56.0599 1.6443 1.8160 13.1454 19.3314 13.8457 64.2040 42.0067 50.7905 0.7863 -2.1934 99.5742 49.3915 -18.1900 1.5979 15.8366 7.1003 -16.5634 51.6470 -3.5956 -4.9227 10.4347 -35.4040 23.7691 -0.2612 32.3245 -0.4834 -6.5389 7.2796 9.8676 1.6486 1.5738 -1.9941 -18.1188 -5.2444 -13.5651 0.1918 29.7618 0.8947 21.5209 -21.3119 -2.2330 -1.4261 0.0567 1.0555
-0.5451 92.4368 -0.8966 -0.3701 -1.6685 -8.1445 -2.6637 8.9963 -0.2433 -1.9606 -1.3144 -0.9812 -5.2158 25.6338 -5.8999 -2.9357 24.5871 3.9783 0.9742 -3.5570 8.7616 -1.7268 -9.4289 9.0998 -0.0774 -0.0634 0.0593 0.5334 -10.2030 -3.6632 -0.6869 -10.1796 3.8069 -1.9175 16.0794 -13.8072 -63.8621 -63.2351 30.7047 -2.7142 -1.5076 -72.1914 140.9740 -72.1448 -73.0336 -16.0794 10.1362 14.4198 -56.2482 1.6854 1.7992 12.6148 19.3379 13.4040 64.6941 42.1142 51.6259 0.7915 -2.3084 99.8048 48.8678 -18.0538 2.5555 15.7734 7.2285 -16.6686 51.6394 -3.5251 -4.9037 10.2549 -34.8536 23.8238 -0.2413 31.2107 -0.4856 -6.2630 7.8079 10.4971 1.6481 1.4518 -1.9691 -18.1946 -5.0051 -13.6321 0.1860 28.1624 0.8976 21.5772 -20.4326 -1.6312 -1.4254 -0.0573 1.0240
-0.3067 92.8088 -0.8481 -0.3186 -1.3011 -8.5749 -2.5491 8.7214 -0.2851 -1.8762 -1.4977 -1.0769 -4.8824 25.0504 -5.9177 -3.1633 25.2974 3.9267 1.0448 -3.5850 8.9140 -1.9590 -8.8224 9.2498 -0.0840 -0.0659 0.0664 0.5243 -10.2172 -3.6596 -0.6907 -10.2004 3.8217 -1.4251 16.1733 -13.3551 -65.7616 -61.9603 32.0137 -2.6830 -1.6081 -73.4729 132.6348 -74.4976 -64.3560 -16.4044 10.0465 14.4035 -56.5345 1.7375 1.7599 12.0759 19.2622 12.9494 65.3398 42.2377 52.5147 0.7762 -2.3666 100.0107 48.4233 -17.6538 3.9776 15.8095 7.3550 -16.8014 51.6656 -3.4400 -4.8808 9.9716 -34.3440 23.8866 -0.2241 30.0094 -0.4853 -5.9877 8.3781 10.9905 1.6519 1.3563 -1.9563 -18.3022 -4.8053 -13.8720 0.1725 26.3457 0.8696 21.7018 -19.4738 -0.9578 -1.4272 -0.1455 1.0032
-0.0366 93.1775 -0.8190 -0.2116 -0.8870 -8.9369 -2.4559 8.4724 -0.3421 -1.8015 -1.6439 -1.1173 -4.5244 24.3887 -5.9233 -3.1549 25.5780 3.8142 1.1302 -3.6201 9.0987 -2.1964 -8.5640 9.4398 -0.0864 -0.0675 0.0719 0.5179 -10.2188 -3.6606 -0.6880 -10.2020 3.8334 -0.9770 16.1974 -12.8783 -67.3364 -60.5878 33.0026 -2.5919 -1.6565 -74.7422 123.5977 -75.8663 -55.3496 -16.6654 9.9889 14.4106 -56.8531 1.7640 1.7314 11.6698 19.1044 12.4977 66.0685 42.4544 53.4414 0.7155 -2.3979 100.1917 48.2595 -17.2104 5.4494 15.8454 7.4349 -16.8860 51.6746 -3.3666 -4.8925 9.5621 -33.8735 24.0476 -0.2159 28.8255 -0.4878 -5.7640 8.9584 11.2333 1.6586 1.2689 -1.9589 -18.4656 -4.6334 -14.2932 0.1644 24.3953 0.8622 21.8988 -18.4744 -0.2845 -1.4275 -0.2071 0.9851
0.2583 93.5093 -0.7578 -0.0336 -0.4264 -9.2674 -2.3711 8.2729 -0.3498 -1.7404 -1.7902 -1.1748 -4.2049 23.7388 -5.8642 -2.9172 25.4217 3.6733 1.1591 -3.6486 9.3232 -2.4280 -8.6736 9.5654 -0.0819 -0.0661 0.0735 0.5206 -10.2054 -3.6661 -0.6806 -10.1844 3.8397 -0.5941 16.1783 -12.4242 -68.4824 -59.3472 33.7091 -2.4821 -1.7741 -75.7934 117.3188 -76.1081 -49.3072 -16.8521 9.9980 14.4072 -57.1999 1.7597 1.6846 11.4097 18.8378 12.1561 66.8264 42.7707 54.2640 0.6482 -2.2012 100.4105 48.4437 -17.2252 6.4812 15.9142 7.4780 -16.9448 51.7436 -3.3388 -4.9498 9.0358 -33.5171 24.2779 -0.2147 27.8243 -0.4760 -5.6090 9.4200 11.3477 1.6657 1.1927 -1.9798 -18.7222 -4.5867 -14.7314 0.1580 22.5731 0.8328 22.1568 -17.5546 0.3253 -1.4280 -0.2324 0.9613
0.5638 93.7639 -0.6777 0.1824 0.0951 -9.5414 -2.2968 8.1109 -0.3260 -1.6914 -1.9134 -1.2052 -3.9133 23.1399 -5.7825 -2.5240 24.8386 3.5129 1.1792 -3.6754 9.5719 -2.6863 -9.0180 9.6890 -0.0703 -0.0653 0.0683 0.5345 -10.1852 -3.6770 -0.6696 -10.1567 3.8342 -0.2599 16.1234 -12.0052 -69.3505 -58.2832 34.3129 -2.3103 -1.8182 -76.5462 114.7701 -75.7171 -47.2253 -16.9367 10.0277 14.4337 -57.4543 1.7144 1.6958 11.3019 18.5060 11.9696 67.4423 43.0797 54.7940 0.6607 -2.0240 100.6055 48.8488 -17.5172 6.9028 15.9176 7.5124 -16.9436 51.7719 -3.3093 -4.9758 8.4143 -33.3404 24.5847 -0.2201 27.0652 -0.4575 -5.5211 9.7515 11.3362 1.6710 1.1308 -2.0010 -19.0231 -4.7294 -15.1212 0.1541 21.0119 0.8120 22.4507 -16.7167 0.7984 -1.4317 -0.2846 0.9406
0.8751 93.9276 -0.6176 0.3888 0.6380 -9.7631 -2.2444 7.9983 -0.2899 -1.6418 -1.9912 -1.2170 -3.6491 22.6300 -5.6578 -2.0575 23.9258 3.3216 1.2414 -3.6900 9.7766 -3.0039 -9.5025 9.8640 -0.0537 -0.0629 0.0540 0.5593 -10.1743 -3.7019 -0.6600 -10.1406 3.8234 0.0264 16.0558 -11.6344 -69.6867 -57.4113 34.5874 -1.9824 -1.8547 -76.9055 114.6664 -75.1855 -47.7835 -16.9059 10.0631 14.4178 -57.5849 1.6837 1.7275 11.2924 18.1557 11.9629 67.8259 43.2050 54.8940 0.8414 -1.9732 100.6332 49.2821 -17.8293 6.7067 15.8891 7.5448 -16.9089 51.7870 -3.2896 -5.0111 7.7348 -33.3783 24.9607 -0.2064 26.6300 -0.4045 -5.5107 9.8699 11.1996 1.6735 1.0848 -2.0283 -19.2834 -5.0356 -15.3667 0.1487 19.8514 0.7917 22.6820 -16.0065 1.0486 -1.4357 -0.3293 0.9254
1.2503 94.0230 -0.5344 0.5273 1.1806 -9.8698 -2.2119 7.9413 -0.2508 -1.5927 -2.0304 -1.2176 -3.3784 22.2513 -5.4713 -1.5330 22.7869 3.1278 1.2883 -3.6944 9.8572 -3.3219 -10.0683 10.0764 -0.0383 -0.0603 0.0370 0.5881 -10.1857 -3.7342 -0.6579 -10.1541 3.8159 0.2317 15.9696 -11.3281 -69.5999 -56.7357 34.6208 -1.5574 -1.9181 -77.0416 115.2576 -74.7489 -49.1955 -16.8209 10.0696 14.3675 -57.6458 1.6328 1.7408 11.3726 17.8470 12.0953 68.0856 43.2146 54.7420 1.0487 -2.1009 100.5696 49.7384 -18.0423 5.9392 15.8194 7.5752 -16.8660 51.8083 -3.3164 -5.0342 7.0871 -33.6831 25.3602 -0.1907 26.5781 -0.3531 -5.5222 9.7272 10.9812 1.6711 1.0825 -2.0495 -19.4606 -5.4402 -15.4468 0.1446 19.1244 0.7679 22.8449 -15.4954 1.0761 -1.4388 -0.3994 0.9156
1.5890 94.0463 -0.4833 0.5505 1.6765 -9.8830 -2.1910 7.9547 -0.2047 -1.5525 -2.0317 -1.1965 -3.1291 22.0185 -5.2721 -0.9710 21.5488 2.9689 1.3572 -3.6865 9.8235 -3.5822 -10.7416 10.2842 -0.0261 -0.0600 0.0241 0.6137 -10.2022 -3.7602 -0.6587 -10.1714 3.8127 0.3487 15.8671 -11.0722 -69.3446 -56.2636 34.6863 -1.1474 -1.9527 -77.2035 116.1144 -74.4175 -51.0329 -16.7162 10.0716 14.3422 -57.6347 1.6190 1.7662 11.5526 17.5833 12.3269 68.2056 43.1340 54.3758 1.2768 -2.2742 100.4162 50.1282 -18.1768 4.8991 15.7426 7.6367 -16.8329 51.8545 -3.3169 -5.0571 6.5366 -34.2166 25.7590 -0.1810 26.8955 -0.3126 -5.5362 9.3713 10.7051 1.6675 1.0831 -2.0628 -19.5179 -5.9004 -15.3909 0.1404 18.8442 0.7511 22.9807 -15.1901 0.8755 -1.4419 -0.4221 0.9228
1.8747 94.0009 -0.4290 0.4761 2.0986 -9.7998 -2.1960 8.0374 -0.1871 -1.5270 -1.9930 -1.1666 -2.9222 21.9362 -5.0668 -0.3237 20.3204 2.8244 1.3492 -3.6660 9.7484 -3.7590 -11.5039 10.4427 -0.0185 -0.0568 0.0157 0.6313 -10.2221 -3.7771 -0.6612 -10.1940 3.8092 0.3889 15.7268 -10.8329 -69.0067 -55.9541 34.8278 -0.8323 -2.1178 -77.5491 116.4390 -73.9489 -52.5329 -16.6564 10.1033 14.3612 -57.7403 1.6278 1.7836 11.8212 17.3649 12.6129 68.1658 43.0402 53.8173 1.5299 -2.3824 100.3178 50.5104 -18.3370 3.8189 15.6928 7.6612 -16.7794 51.8677 -3.3562 -5.0576 6.0898 -34.9396 26.1530 -0.1666 27.5262 -0.2731 -5.5673 8.8946 10.3202 1.6635 1.0911 -2.0765 -19.4653 -6.3991 -15.3151 0.1492 18.9734 0.7586 23.0948 -15.0983 0.5891 -1.4414 -0.4177 0.9369
2.1148 93.8993 -0.3903 0.3248 2.4625 -9.6349 -2.2444 8.1535 -0.1840 -1.5305 -1.9119 -1.1136 -2.7808 21.9593 -4.8880 0.3714 19.1931 2.6798 1.3210 -3.6536 9.6867 -3.8453 -12.2876 10.5584 -0.0077 -0.0533 -0.0011 0.6452 -10.2170 -3.7942 -0.6537 -10.1884 3.7884 0.3562 15.5458 -10.6277 -68.6118 -55.7705 35.0372 -0.5806 -2.2975 -78.1053 115.5036 -73.6023 -52.8391 -16.7044 10.1445 14.4364 -57.9775 1.6697 1.8333 12.2155 17.1501 12.9346 68.0857 42.9797 53.2035 1.7281 -2.4253 100.2060 50.9095 -18.5184 2.7369 15.6717 7.6804 -16.7696 51.8374 -3.3756 -5.0255 5.7225 -35.7610 26.5751 -0.1603 28.3224 -0.2487 -5.6181 8.3454 9.8793 1.6606 1.1337 -2.0871 -19.3450 -6.8987 -15.2252 0.1649 19.3594 0.7856 23.2114 -15.1343 0.2401 -1.4417 -0.3486 0.9643
2.2998 93.7516 -0.3612 0.1486 2.7710 -9.4026 -2.3493 8.3081 -0.1769 -1.5627 -1.8183 -1.0690 -2.7145 22.1006 -4.7182 1.0964 18.2608 2.5260 1.2369 -3.6338 9.6593 -3.8598 -13.0289 10.6240 0.0038 -0.0481 -0.0215 0.6634 -10.2145 -3.8121 -0.6490 -10.1812 3.7611 0.2627 15.3698 -10.5242 -68.2282 -55.7305 35.3019 -0.3665 -2.5814 -78.7614 113.6119 -73.2253 -52.1997 -16.8179 10.2073 14.5196 -58.3116 1.7370 1.8713 12.7023 16.9719 13.3207 67.9094 42.9584 52.5137 1.8455 -2.4885 100.1460 51.3717 -18.7764 1.5549 15.7190 7.6592 -16.7445 51.7985 -3.4216 -4.9755 5.4092 -36.6474 26.9876 -0.1554 29.2566 -0.2313 -5.6414 7.8299 9.4369 1.6597 1.1883 -2.0932 -19.1942 -7.3707 -15.1204 0.1796 19.9576 0.7998 23.2922 -15.3113 -0.1102 -1.4405 -0.2742 0.9939
2.4019 93.5786 -0.3239 -0.0381 3.0163 -9.1113 -2.4867 8.4505 -0.1535 -1.6271 -1.6965 -0.9918 -2.7439 22.3210 -4.6089 1.7937 17.5847 2.3803 1.1217 -3.6083 9.6479 -3.7923 -13.6800 10.6204 0.0136 -0.0463 -0.0365 0.6789 -10.2039 -3.8221 -0.6454 -10.1642 3.7385 0.0715 15.2333 -10.5355 -67.8589 -55.9160 35.4743 -0.2196 -2.7690 -79.2923 112.5912 -72.7776 -52.1690 -16.9213 10.2595 14.5852 -58.6443 1.8063 1.9150 13.2701 16.8480 13.7282 67.6565 42.9637 51.8710 1.8579 -2.5455 100.0525 51.8753 -19.1032 0.3819 15.8896 7.6427 -16.7200 51.8207 -3.4749 -4.9085 5.1615 -37.5028 27.3621 -0.1567 30.1853 -0.2204 -5.6417 7.3804 8.9953 1.6561 1.2155 -2.0846 -19.0431 -7.7531 -15.0311 0.1856 20.6041 0.8189 23.3669 -15.5540 -0.4683 -1.4404 -0.2476 1.0273
2.4770 93.4310 -0.2424 -0.2058 3.1915 -8.7551 -2.6449 8.5580 -0.1301 -1.7070 -1.6003 -0.8909 -2.9022 22.6141 -4.5499 2.4229 17.2183 2.3010 1.0254 -3.5808 9.5790 -3.6025 -14.0330 10.5131 0.0219 -0.0512 -0.0455 0.6855 -10.2140 -3.8313 -0.6360 -10.1707 3.7283 -0.2468 15.1190 -10.6706 -67.4317 -56.3869 35.3639 -0.1563 -2.8282 -79.3040 113.3126 -72.2394 -53.3826 -16.9501 10.3202 14.6451 -58.8501 1.8563 1.9659 13.8993 16.7741 14.1677 67.3194 42.9675 51.2651 1.8473 -2.6367 99.9139 52.3620 -19.3187 -0.4294 16.1036 7.6401 -16.6879 51.9033 -3.4897 -4.8597 4.9887 -38.2346 27.6197 -0.1667 31.0133 -0.2236 -5.6410 7.0140 8.5865 1.6523 1.2497 -2.0749 -18.8940 -7.9674 -14.9307 0.1828 21.1916 0.8321 23.3851 -15.8017 -0.9018 -1.4396 -0.2278 1.0560
2.4687 93.3076 -0.1285 -0.3268 3.2701 -8.3005 -2.8216 8.5784 -0.1259 -1.7999 -1.5046 -0.7377 -3.1711 22.9426 -4.5695 2.8811 17.1695 2.3153 1.0151 -3.5531 9.4214 -3.2883 -14.0583 10.3450 0.0317 -0.0585 -0.0518 0.6843 -10.2182 -3.8364 -0.6147 -10.1736 3.7163 -0.7406 15.0055 -10.9194 -67.0467 -57.1568 34.9521 -0.1728 -2.6480 -78.7453 116.3886 -71.5300 -56.0515 -16.8316 10.3870 14.7099 -58.8265 1.8674 2.0103 14.5440 16.8301 14.6234 66.8600 42.8932 50.6540 1.8782 -2.6683 99.7311 52.7780 -19.1607 -0.5532 16.3240 7.6340 -16.6604 51.9830 -3.5042 -4.8321 4.8771 -38.7620 27.7249 -0.1902 31.6577 -0.2514 -5.6444 6.7883 8.2090 1.6528 1.2281 -2.0609 -18.7596 -7.9422 -14.8456 0.1811 21.6407 0.8505 23.3487 -15.9943 -1.4012 -1.4386 -0.2359 1.0777
2.3955 93.2011 0.0109 -0.3869 3.2228 -7.7324 -2.9900 8.5516 -0.1165 -1.8813 -1.4653 -0.6314 -3.5447 23.2878 -4.6102 3.1130 17.4659 2.3782 1.0232 -3.5189 9.2422 -2.9321 -13.7954 10.1304 0.0382 -0.0609 -0.0532 0.6771 -10.2090 -3.8335 -0.5944 -10.1618 3.7087 -1.3653 14.8698 -11.2818 -66.5751 -58.1423 34.1484 -0.3466 -2.2772 -77.6214 122.6945 -70.4955 -60.8708 -16.5935 10.4214 14.7883 -58.4340 1.8148 2.0380 15.0436 16.9669 15.0396 66.5622 42.7543 50.2844 1.8467 -2.6886 99.5754 53.0611 -18.5751 -0.1521 16.3971 7.5724 -16.5798 51.9794 -3.4881 -4.7983 4.8284 -39.0749 27.6866 -0.2197 32.2030 -0.2831 -5.6586 6.5886 7.7933 1.6535 1.2501 -2.0560 -18.6486 -7.6804 -14.8206 0.1486 21.9943 0.8450 23.2793 -16.1592 -1.9454 -1.4388 -0.2125 1.0847
2.2928 93.1225 0.1891 -0.4196 3.0868 -7.1065 -3.1333 8.4629 -0.0785 -1.9370 -1.4694 -0.5576 -3.9647 23.5445 -4.6717 3.0965 17.9914 2.4605 1.0173 -3.4817 9.1201 -2.5923 -13.4015 9.9589 0.0348 -0.0560 -0.0451 0.6585 -10.1991 -3.8225 -0.5821 -10.1538 3.7157 -2.0505 14.7366 -11.7184 -66.1299 -59.2380 33.1885 -0.7417 -1.7058 -76.1929 130.9550 -69.0159 -67.0640 -16.3183 10.3663 14.8731 -57.7492 1.7401 2.0221 15.3624 17.1599 15.3570 66.3980 42.6140 50.1429 1.8395 -2.7125 99.4772 53.0096 -17.8520 0.5121 16.3532 7.4616 -16.4925 51.9583 -3.4713 -4.8118 4.8538 -39.2127 27.5496 -0.2554 32.6405 -0.3377 -5.6815 6.3657 7.3662 1.6526 1.2301 -2.0536 -18.5537 -7.2074 -14.8718 0.1132 22.2125 0.8696 23.2013 -16.3116 -2.5180 -1.4376 -0.2303 1.0782
2.1796 93.0523 0.3956 -0.4294 2.8823 -6.5264 -3.2514 8.3399 -0.0605 -1.9952 -1.4953 -0.4487 -4.3660 23.6629 -4.7268 2.8584 18.5898 2.6189 0.9877 -3.4609 9.0272 -2.2514 -12.9454 9.7572 0.0216 -0.0518 -0.0233 0.6313 -10.2011 -3.7969 -0.5815 -10.1633 3.7390 -2.5948 14.6383 -12.0487 -65.4879 -60.0185 31.8494 -1.0554 -1.2902 -74.9403 136.7270 -67.4968 -71.5033 -16.1621 10.3331 14.9703 -57.2988 1.6787 2.0007 15.5345 17.3656 15.5745 66.4079 42.5171 50.3356 1.7233 -2.4927 99.3924 52.6879 -17.5311 1.2447 16.2313 7.4058 -16.4775 52.0069 -3.4329 -4.8280 4.9515 -39.2531 27.3838 -0.3060 33.0411 -0.4330 -5.7396 6.1189 6.9903 1.6537 1.2174 -2.0549 -18.5057 -6.6338 -14.9368 0.0791 22.3434 0.8876 23.1146 -16.4960 -3.0064 -1.4368 -0.2675 1.0501
2.0192 92.9530 0.5898 -0.4274 2.5777 -6.0306 -3.3547 8.1943 -0.0417 -2.0489 -1.5283 -0.3235 -4.7078 23.6685 -4.7594 2.4942 19.1491 2.8361 0.9739 -3.4531 8.9878 -1.9835 -12.4997 9.5532 0.0054 -0.0487 0.0029 0.6089 -10.2065 -3.7688 -0.5912 -10.1734 3.7691 -2.9454 14.5696 -12.1841 -64.5179 -60.4158 30.1031 -1.1231 -1.1614 -74.0836 139.0514 -66.4333 -73.3504 -16.0734 10.3497 15.1003 -57.0998 1.6239 1.9816 15.5840 17.5597 15.7011 66.5201 42.4488 50.7835 1.5731 -2.1762 99.3632 52.3279 -17.4041 2.1523 16.0627 7.3590 -16.5189 51.9070 -3.4164 -4.8424 5.1511 -39.1679 27.1674 -0.3500 33.4601 -0.5322 -5.8323 5.8659 6.6574 1.6578 1.1978 -2.0500 -18.5106 -6.0059 -14.9962 0.0523 22.4994 0.8872 23.1028 -16.7725 -3.3392 -1.4369 -0.2957 1.0332
1.8401 92.8519 0.7893 -0.4352 2.1665 -5.6362 -3.4332 8.0291 0.0097 -2.0781 -1.5891 -0.2562 -4.9695 23.6494 -4.7045 2.0655 19.6754 3.0384 0.9436 -3.4596 9.0413 -1.8248 -12.0857 9.3729 -0.0114 -0.0435 0.0263 0.5952 -10.2179 -3.7445 -0.6116 -10.1899 3.7977 -3.1293 14.5905 -12.1940 -63.7345 -60.6597 28.6066 -1.0789 -1.2795 -73.6082 138.3272 -65.9662 -72.6100 -16.0552 10.4024 15.1905 -57.1089 1.6057 1.9539 15.5753 17.7535 15.7822 66.6266 42.3655 51.2435 1.4287 -1.8861 99.4843 52.1528 -17.4071 2.8403 15.9158 7.2801 -16.5662 51.7650 -3.4610 -4.9127 5.5094 -39.0092 26.9328 -0.3818 33.9220 -0.5952 -5.9795 5.6211 6.3531 1.6626 1.1268 -2.0451 -18.5418 -5.3256 -15.0926 0.0336 22.6905 0.8533 23.1462 -17.1181 -3.5040 -1.4396 -0.3391 1.0318
1.6303 92.7330 0.9402 -0.4721 1.6652 -5.3735 -3.4802 7.8315 0.0808 -2.0986 -1.6543 -0.2018 -5.1338 23.6143 -4.6036 1.6238 20.1297 3.2343 0.8966 -3.4675 9.1302 -1.7343 -11.7126 9.2189 -0.0274 -0.0378 0.0444 0.5861 -10.2319 -3.7281 -0.6359 -10.2072 3.8239 -3.2066 14.6451 -12.1303 -63.2927 -60.8376 27.6512 -1.0481 -1.4887 -73.3662 135.6913 -65.7956 -70.2578 -15.9870 10.4793 15.2616 -57.1727 1.6360 1.9422 15.5369 17.8575 15.7726 66.7631 42.3341 51.7089 1.3312 -1.7753 99.6825 52.1837 -17.4830 3.1931 15.7920 7.2065 -16.6136 51.5791 -3.5478 -5.0107 6.0008 -38.7745 26.6825 -0.3947 34.4074 -0.6114 -6.1866 5.3546 6.0732 1.6687 1.0565 -2.0299 -18.6006 -4.6621 -15.2142 0.0358 22.9770 0.8341 23.2855 -17.5198 -3.5495 -1.4437 -0.3660 1.0562
1.4058 92.5806 1.1003 -0.5315 1.0868 -5.2080 -3.4811 7.5862 0.1427 -2.1129 -1.7204 -0.1667 -5.2219 23.5771 -4.4880 1.1648 20.6282 3.4576 0.8992 -3.4730 9.1596 -1.7629 -11.4102 9.1668 -0.0318 -0.0320 0.0461 0.5969 -10.2443 -3.7313 -0.6564 -10.2212 3.8320 -3.2655 14.6698 -12.0319 -63.0642 -60.9611 27.1257 -1.0304 -1.7334 -73.1107 132.6338 -65.5429 -67.6106 -15.8751 10.5727 15.3287 -57.2420 1.6807 1.9666 15.5007 17.8840 15.7098 66.8871 42.3675 52.0962 1.3220 -1.8427 99.9666 52.3978 -17.6185 3.2789 15.7458 7.1948 -16.6349 51.4198 -3.6396 -5.0767 6.6249 -38.4987 26.3650 -0.3870 34.9477 -0.5857 -6.4440 5.0446 5.8426 1.6720 0.9647 -2.0206 -18.6722 -3.9934 -15.3395 0.0469 23.3066 0.8155 23.4773 -17.9627 -3.5175 -1.4469 -0.3767 1.0980
1.1889 92.4245 1.2635 -0.5871 0.4529 -5.1483 -3.4433 7.2951 0.2123 -2.1101 -1.8094 -0.1686 -5.2674 23.5486 -4.3546 0.6751 21.1778 3.7023 0.9520 -3.4828 9.0994 -1.8305 -11.1371 9.1652 -0.0302 -0.0337 0.0372 0.6092 -10.2488 -3.7408 -0.6676 -10.2262 3.8249 -3.3810 14.6251 -11.9294 -62.8098 -60.9564 26.7176 -1.0833 -1.9344 -72.7085 130.3833 -65.0687 -65.6192 -15.8039 10.6296 15.3938 -57.2998 1.7205 2.0528 15.5153 17.8932 15.6389 66.9728 42.4831 52.3659 1.3229 -2.0491 100.2062 52.6104 -17.8050 3.3603 15.7494 7.2718 -16.6301 51.4029 -3.6699 -5.1310 7.3142 -38.1312 26.0352 -0.3780 35.4797 -0.5614 -6.7062 4.7007 5.7400 1.6730 0.8848 -2.0163 -18.7996 -3.2861 -15.4276 0.0716 23.5967 0.8169 23.6550 -18.3919 -3.4606 -1.4471 -0.4225 1.1335
1.0005 92.2962 1.4546 -0.5899 -0.1915 -5.2031 -3.3798 6.9366 0.2506 -2.0945 -1.9482 -0.1498 -5.2838 23.4880 -4.2462 0.1594 21.7881 3.8831 1.0015 -3.4899 8.9442 -1.9215 -10.7937 9.3012 -0.0300 -0.0443 0.0287 0.6136 -10.2636 -3.7497 -0.6731 -10.2479 3.8185 -3.5698 14.5707 -11.8458 -62.6132 -60.7541 26.4051 -1.2321 -1.9707 -72.1566 129.9773 -64.4068 -65.0755 -15.7341 10.6593 15.4355 -57.2379 1.7633 2.1035 15.5686 17.9665 15.5673 67.0524 42.6832 52.5321 1.2959 -2.2796 100.3343 52.6063 -17.9737 3.4335 15.7400 7.4111 -16.6157 51.4443 -3.6476 -5.1332 7.9704 -37.6063 25.7110 -0.3730 35.8577 -0.5594 -6.8927 4.3787 5.8430 1.6707 0.7971 -2.0157 -18.9898 -2.4973 -15.4636 0.0927 23.6739 0.8260 23.7958 -18.6712 -3.3795 -1.4434 -0.5114 1.1472
0.8495 92.2264 1.6336 -0.5177 -0.7830 -5.3434 -3.2981 6.5150 0.2615 -2.0496 -2.1436 -0.1675 -5.2608 23.3137 -4.1596 -0.3955 22.4439 3.9700 1.0546 -3.4871 8.7386 -1.9735 -10.3859 9.4806 -0.0301 -0.0565 0.0228 0.6098 -10.2849 -3.7593 -0.6710 -10.2765 3.8182 -3.8210 14.5607 -11.7698 -62.3806 -60.1772 25.9847 -1.4437 -1.8683 -71.5918 131.2228 -63.8257 -65.8945 -15.6414 10.6786 15.4396 -57.0618 1.7988 2.0896 15.5725 18.1243 15.4511 67.2506 42.9772 52.7342 1.2014 -2.3158 100.4540 52.2930 -18.2849 3.4212 15.6742 7.5426 -16.6443 51.4913 -3.6107 -5.1138 8.4824 -36.9508 25.4411 -0.3898 36.0794 -0.6013 -6.9266 4.0670 6.1604 1.6657 0.7836 -1.9963 -19.2598 -1.6783 -15.4863 0.1073 23.4909 0.8581 23.8747 -18.8106 -3.2362 -1.4415 -0.5528 1.1489
0.7852 92.2419 1.8859 -0.3549 -1.2444 -5.6243 -3.1991 6.0171 0.2452 -1.9926 -2.3787 -0.1871 -5.1791 22.9451 -4.1515 -1.0128 23.0224 4.0317 1.1701 -3.4972 8.5213 -1.9211 -9.8587 9.6062 -0.0341 -0.0659 0.0268 0.5994 -10.3119 -3.7602 -0.6693 -10.3101 3.8306 -4.1662 14.5595 -11.6586 -62.0437 -59.1146 25.2824 -1.6038 -1.7083 -71.2218 133.1468 -63.4862 -67.1241 -15.5774 10.7051 15.4490 -56.8704 1.8360 1.9996 15.4688 18.3041 15.2907 67.4950 43.3090 52.8525 1.1962 -2.1956 100.6620 51.9133 -18.8271 3.2039 15.5448 7.6312 -16.7241 51.4328 -3.5204 -5.0692 8.7799 -36.1815 25.2672 -0.3994 36.0572 -0.6618 -6.8748 3.7809 6.6725 1.6586 0.8201 -1.9690 -19.6031 -0.9234 -15.4119 0.1133 23.0488 0.8790 23.8830 -18.7197 -3.0388 -1.4418 -0.5522 1.1345
0.8050 92.3365 2.1666 -0.0622 -1.5782 -6.0241 -3.0895 5.4914 0.2406 -1.9097 -2.6393 -0.2734 -5.0512 22.3616 -4.2224 -1.6197 23.3809 4.0373 1.3382 -3.5079 8.3829 -1.8555 -9.2539 9.7064 -0.0327 -0.0637 0.0278 0.5990 -10.3296 -3.7681 -0.6662 -10.3369 3.8418 -4.5798 14.5431 -11.5521 -61.7712 -57.7605 24.4963 -1.6980 -1.6069 -71.0441 134.2911 -63.2929 -67.4380 -15.5563 10.7317 15.4602 -56.7757 1.8637 1.8827 15.2517 18.4239 15.0251 67.8756 43.6961 53.0869 1.1661 -2.0437 101.0105 51.6878 -19.5177 2.9382 15.3687 7.6764 -16.8991 51.2820 -3.4299 -5.0719 8.8461 -35.2770 25.1884 -0.4096 35.8070 -0.7255 -6.8390 3.5650 7.3211 1.6524 0.8395 -1.9339 -20.0696 -0.2268 -15.2463 0.1160 22.3353 0.9035 23.8745 -18.4796 -2.8258 -1.4444 -0.5482 1.1192
0.8905 92.4906 2.4664 0.3638 -1.8685 -6.5586 -2.9744 4.9741 0.1946 -1.8219 -2.8828 -0.3630 -4.8500 21.6313 -4.3474 -2.1949 23.4705 3.9580 1.5540 -3.5351 8.3847 -1.7771 -8.6788 9.7887 -0.0366 -0.0613 0.0357 0.5976 -10.3390 -3.7688 -0.6720 -10.3498 3.8600 -4.9946 14.5176 -11.4209 -61.6763 -56.3508 23.8248 -1.6799 -1.6022 -71.0235 134.0421 -63.1988 -66.2752 -15.5828 10.7464 15.4612 -56.7998 1.8589 1.7954 15.0488 18.4488 14.6611 68.3832 44.2237 53.4863 0.9700 -2.0467 101.4823 51.7943 -20.1471 2.4642 15.2642 7.6805 -17.0497 51.1279 -3.3761 -5.1208 8.7444 -34.1729 25.2032 -0.4187 35.3711 -0.7771 -6.8720 3.4122 7.9878 1.6518 0.8333 -1.9146 -20.6953 0.4771 -15.0700 0.1146 21.3142 0.9137 23.9596 -18.0930 -2.5475 -1.4474 -0.5717 1.1005
1.0418 92.6977 2.7996 0.9016 -2.1210 -7.2292 -2.8482 4.4763 0.1452 -1.7370 -3.1228 -0.4764 -4.5889 20.9093 -4.4908 -2.6723 23.2876 3.8723 1.8142 -3.5564 8.4635 -1.7923 -8.1624 9.9661 -0.0417 -0.0587 0.0441 0.5987 -10.3266 -3.7672 -0.6825 -10.3357 3.8768 -5.2864 14.5126 -11.2714 -62.0227 -55.1194 23.6848 -1.6946 -1.6618 -71.0740 132.4237 -63.3087 -63.8151 -15.6237 10.7737 15.4680 -56.7805 1.8586 1.7320 14.9546 18.4019 14.2666 68.9414 44.8817 53.9068 0.6093 -2.0996 102.0009 52.2409 -20.7992 1.6624 15.1782 7.6854 -17.1828 51.0789 -3.3608 -5.1986 8.5168 -32.8790 25.2596 -0.4128 34.7414 -0.7883 -6.9706 3.3647 8.6418 1.6580 0.8174 -1.9217 -21.4882 1.1827 -14.9382 0.1183 19.9912 0.9134 24.1556 -17.5129 -2.2647 -1.4521 -0.6103 1.0805
1.2349 92.9308 3.1500 1.5260 -2.2926 -7.9408 -2.6958 3.9895 0.1109 -1.6448 -3.3647 -0.5912 -4.2899 20.2555 -4.6631 -3.0246 22.9613 3.7677 2.0922 -3.5723 8.6709 -1.9070 -7.6645 10.2356 -0.0424 -0.0622 0.0451 0.6099 -10.3187 -3.7743 -0.6950 -10.3289 3.8862 -5.3859 14.5022 -11.0995 -62.6715 -54.1131 23.9351 -1.7653 -1.8257 -71.1638 129.7674 -63.6566 -60.4270 -15.7021 10.7812 15.5010 -56.7488 1.8525 1.7393 15.0298 18.2733 13.9407 69.4204 45.6557 54.0112 0.3276 -2.1052 102.6949 52.8447 -21.6462 0.4587 15.1506 7.7072 -17.3257 51.1895 -3.4101 -5.3205 8.1373 -31.5191 25.3138 -0.3902 33.9603 -0.7498 -7.0672 3.4171 9.3286 1.6656 0.7926 -1.9442 -22.3929 1.8597 -14.8608 0.1179 18.4008 0.8793 24.4616 -16.7830 -1.9647 -1.4585 -0.6699 1.0583
1.4503 93.1584 3.4540 2.2041 -2.3231 -8.6420 -2.5331 3.4971 0.0344 -1.5376 -3.5787 -0.6919 -3.9332 19.6494 -4.7994 -3.2560 22.5788 3.6696 2.3531 -3.5777 8.9481 -2.1087 -7.1319 10.5732 -0.0449 -0.0689 0.0443 0.6234 -10.3307 -3.7842 -0.7124 -10.3403 3.8929 -5.2965 14.4237 -10.9413 -63.2655 -53.1273 24.1915 -1.7939 -2.0956 -71.1504 126.2871 -64.4899 -56.6665 -15.8301 10.7422 15.4541 -56.6657 1.8494 1.7353 15.2997 18.0665 13.6907 69.6803 46.4925 53.6207 0.3367 -2.0873 103.4240 53.4700 -22.8023 -1.1253 15.1202 7.7331 -17.4422 51.3177 -3.4612 -5.4548 7.5944 -30.1928 25.3125 -0.3498 33.0235 -0.6772 -7.1580 3.5299 10.0526 1.6735 0.7799 -1.9862 -23.3104 2.4666 -14.8101 0.1157 16.5722 0.8363 24.7177 -15.9556 -1.7384 -1.4640 -0.6902 1.0421
1.6521 93.3699 3.6807 2.8463 -2.2108 -9.2411 -2.3678 3.0349 -0.0180 -1.4215 -3.7822 -0.8166 -3.5263 19.1883 -4.8923 -3.3772 22.2303 3.5773 2.5403 -3.5825 9.2383 -2.3647 -6.6015 10.9048 -0.0493 -0.0760 0.0455 0.6368 -10.3650 -3.7957 -0.7344 -10.3775 3.9075 -5.1384 14.3671 -10.8531 -63.5724 -52.2702 24.2878 -1.8122 -2.3367 -71.0874 123.0241 -65.7792 -53.2727 -15.9859 10.6468 15.3490 -56.6079 1.8439 1.7011 15.7305 17.9248 13.5626 69.5597 47.2629 52.7238 0.6470 -2.1244 104.1144 54.0287 -24.0829 -2.8040 15.1081 7.7612 -17.5232 51.3688 -3.5179 -5.5454 6.9743 -29.0731 25.2387 -0.3010 32.0273 -0.5828 -7.1919 3.6889 10.8257 1.6757 0.7784 -2.0262 -24.1015 2.9694 -14.6997 0.0940 14.7735 0.7795 24.8639 -15.1791 -1.7449 -1.4682 -0.6778 1.0279
1.8465 93.5734 3.8720 3.3997 -1.9960 -9.7279 -2.2111 2.6516 -0.0489 -1.3028 -3.9606 -0.9402 -3.1176 18.8869 -4.9327 -3.3825 21.9072 3.4799 2.6296 -3.5887 9.4818 -2.6100 -6.1162 11.1730 -0.0474 -0.0830 0.0371 0.6479 -10.4190 -3.8209 -0.7411 -10.4340 3.9145 -4.9966 14.3695 -10.7811 -63.5879 -51.5196 24.1696 -1.8453 -2.5040 -71.0896 120.8646 -67.1274 -51.1077 -16.1202 10.5122 15.1837 -56.5419 1.8311 1.6598 16.1987 17.8296 13.4975 69.2119 47.8917 51.6450 1.1683 -2.2004 104.6048 54.3832 -25.2461 -4.2840 15.1839 7.7584 -17.5563 51.3452 -3.5900 -5.5937 6.3347 -28.2010 25.2025 -0.2650 31.0677 -0.5127 -7.1622 3.8962 11.4877 1.6757 0.7766 -2.0610 -24.7075 3.3256 -14.5668 0.0658 13.1645 0.7310 24.8683 -14.4326 -1.9074 -1.4697 -0.6699 1.0126
2.0133 93.7575 3.9501 3.8452 -1.7433 -10.0663 -2.0611 2.4005 -0.0521 -1.1954 -4.0897 -1.0544 -2.7355 18.7124 -4.9112 -3.2893 21.6445 3.3613 2.6580 -3.5835 9.6530 -2.7979 -5.7286 11.3570 -0.0454 -0.0889 0.0284 0.6566 -10.4472 -3.8375 -0.7457 -10.4646 3.9135 -4.8933 14.3484 -10.7006 -63.4451 -50.7719 23.9088 -1.8811 -2.5584 -71.2802 120.1589 -68.3540 -50.3748 -16.2033 10.3697 15.0139 -56.4803 1.7861 1.6434 16.5894 17.7303 13.4308 68.9331 48.4607 50.8050 1.6350 -2.2913 104.9662 54.5584 -26.2421 -5.5205 15.2176 7.7015 -17.5536 51.1871 -3.6372 -5.6307 5.7501 -27.5638 25.1842 -0.2367 30.1755 -0.4685 -7.1044 4.1323 12.0159 1.6715 0.7643 -2.0815 -25.1383 3.5169 -14.4086 0.0396 11.9112 0.7042 24.8500 -13.7774 -2.1674 -1.4679 -0.6731 0.9989
2.1310 93.9092 3.9810 4.1844 -1.4848 -10.2751 -1.9214 2.2734 -0.0799 -1.0990 -4.1654 -1.1160 -2.4136 18.6618 -4.8698 -3.1309 21.4501 3.2679 2.6748 -3.5790 9.6983 -2.9210 -5.4234 11.4500 -0.0459 -0.0937 0.0236 0.6563 -10.4713 -3.8461 -0.7458 -10.4862 3.9101 -4.8522 14.3262 -10.5979 -63.2743 -50.0824 23.6455 -1.9047 -2.5929 -71.6721 120.3349 -69.3725 -50.5690 -16.2986 10.2533 14.8911 -56.5083 1.7376 1.6813 16.8592 17.6332 13.3833 68.8196 48.9500 50.3061 1.9596 -2.3494 105.1913 54.6007 -27.0045 -6.4336 15.2687 7.6881 -17.5152 51.0585 -3.6476 -5.5902 5.2525 -27.1282 25.1537 -0.2118 29.3762 -0.4316 -7.0232 4.3894 12.4222 1.6655 0.7605 -2.1046 -25.4348 3.5330 -14.3165 0.0265 11.0430 0.7006 24.8387 -13.2763 -2.4211 -1.4641 -0.6915 0.9774
2.2373 94.0175 3.9193 4.4502 -1.2408 -10.3422 -1.8009 2.2583 -0.0781 -1.0232 -4.2084 -1.1799 -2.1688 18.7172 -4.7869 -2.9033 21.3436 3.1592 2.6430 -3.5634 9.6976 -2.9782 -5.2410 11.4473 -0.0498 -0.0988 0.0247 0.6471 -10.4778 -3.8404 -0.7437 -10.4911 3.9088 -4.8936 14.3057 -10.5267 -63.0498 -49.4421 23.3348 -1.9052 -2.6368 -72.2053 120.7328 -70.2754 -51.1829 -16.4100 10.1670 14.7876 -56.6372 1.7068 1.7382 17.0529 17.5476 13.3572 68.8695 49.3890 50.0852 2.0962 -2.3597 105.3102 54.5618 -27.6206 -7.0757 15.3051 7.6994 -17.5328 50.9588 -3.6352 -5.5805 4.8166 -26.8614 25.0544 -0.1993 28.6933 -0.4171 -6.9134 4.6389 12.7577 1.6611 0.7640 -2.1371 -25.6398 3.4389 -14.2507 0.0186 10.5166 0.6970 24.8174 -12.9754 -2.6559 -1.4611 -0.6737 0.9564
2.3050 94.0999 3.8491 4.6502 -1.0047 -10.2498 -1.7151 2.3376 -0.0929 -0.9616 -4.1953 -1.1838 -1.9795 18.8402 -4.7289 -2.6237 21.2564 3.0428 2.6092 -3.5596 9.6623 -2.9953 -5.1198 11.3957 -0.0510 -0.1020 0.0198 0.6371 -10.4876 -3.8410 -0.7353 -10.4962 3.8981 -5.0341 14.2668 -10.5130 -62.7467 -48.8971 22.9747 -1.8197 -2.6520 -72.7985 120.9557 -71.0047 -51.9473 -16.5495 10.1061 14.7432 -56.8542 1.6865 1.7852 17.1952 17.4759 13.3334 68.9472 49.7410 49.9945 2.1192 -2.3650 105.3156 54.4682 -28.0362 -7.5329 15.3618 7.7331 -17.5463 50.8963 -3.6057 -5.5305 4.4304 -26.7833 24.8840 -0.1961 28.1511 -0.4251 -6.7865 4.9147 13.0043 1.6579 0.8187 -2.1558 -25.7725 3.2076 -14.2323 0.0208 10.3407 0.7045 24.7625 -12.8437 -2.8193 -1.4586 -0.6451 0.9362
2.3643 94.1300 3.7128 4.7859 -0.7581 -10.0034 -1.6496 2.5075 -0.0984 -0.9142 -4.1466 -1.1852 -1.8485 19.0356 -4.6587 -2.2454 21.1535 2.9174 2.5314 -3.5650 9.6384 -3.0278 -4.9996 11.2764 -0.0519 -0.1024 0.0168 0.6287 -10.5025 -3.8431 -0.7285 -10.5099 3.8936 -5.2027 14.2885 -10.5621 -62.4999 -48.5839 22.6830 -1.6925 -2.6625 -73.3776 120.9801 -71.6409 -52.7064 -16.7123 10.0559 14.7112 -57.1022 1.6876 1.7841 17.3326 17.3882 13.3033 68.9173 49.9917 49.8137 2.1895 -2.3631 105.2463 54.4266 -28.4375 -7.9805 15.4290 7.7671 -17.5617 50.8651 -3.5782 -5.4809 4.0959 -26.9197 24.6080 -0.1832 27.7745 -0.4059 -6.6182 5.1775 13.2011 1.6547 0.8960 -2.1613 -25.8342 2.8247 -14.2621 0.0229 10.5168 0.7238 24.7415 -12.8760 -2.9973 -1.4581 -0.5862 0.9321
2.3977 94.1093 3.5251 4.8569 -0.5009 -9.6458 -1.6022 2.7550 -0.0957 -0.8906 -4.0685 -1.1853 -1.7628 19.3025 -4.6136 -1.8380 21.0500 2.8510 2.4602 -3.5646 9.6153 -3.1302 -4.8519 11.1573 -0.0503 -0.1038 0.0147 0.6267 -10.5138 -3.8424 -0.7231 -10.5241 3.8879 -5.4156 14.3503 -10.6467 -62.2936 -48.5248 22.4356 -1.5258 -2.6519 -73.8659 120.9270 -72.0583 -53.5318 -16.8010 10.0329 14.6666 -57.2962 1.6803 1.7338 17.4915 17.2718 13.3323 68.8619 50.1218 49.6157 2.2252 -2.4302 105.0297 54.3920 -28.7442 -8.3752 15.4942 7.7968 -17.5557 50.9668 -3.5632 -5.4472 3.8041 -27.2575 24.3044 -0.1728 27.5839 -0.3878 -6.4725 5.4386 13.3242 1.6548 0.9544 -2.1683 -25.8027 2.2739 -14.3232 0.0318 11.0494 0.7260 24.6770 -13.0728 -3.1370 -1.4581 -0.4717 0.9227
2.4018 94.0695 3.2814 4.8740 -0.2661 -9.2368 -1.5855 3.0845 -0.0976 -0.8780 -3.9379 -1.2044 -1.7145 19.6217 -4.5585 -1.4254 20.9228 2.7960 2.3654 -3.5720 9.6596 -3.2444 -4.7282 11.0467 -0.0415 -0.1067 0.0039 0.6317 -10.5239 -3.8517 -0.7092 -10.5330 3.8733 -5.6149 14.4490 -10.7841 -62.1777 -48.7165 22.3244 -1.3265 -2.6305 -74.2491 121.4228 -72.1381 -54.9542 -16.8398 9.9994 14.5814 -57.4126 1.6535 1.6933 17.6640 17.1897 13.4057 68.7926 50.1750 49.4229 2.1696 -2.4942 104.7354 54.4384 -28.9778 -8.6771 15.5629 7.8272 -17.5503 51.1179 -3.5172 -5.4420 3.5772 -27.7003 24.0264 -0.1718 27.4587 -0.3756 -6.3058 5.7519 13.3825 1.6554 0.9788 -2.1679 -25.6896 1.6031 -14.3856 0.0397 11.8571 0.7239 24.5996 -13.3788 -3.2591 -1.4603 -0.3507 0.9320
2.3614 94.0238 2.9922 4.8460 -0.0311 -8.7957 -1.5890 3.4621 -0.0994 -0.8867 -3.7656 -1.1971 -1.6766 20.0233 -4.5287 -1.0383 20.8283 2.7686 2.2729 -3.5727 9.7075 -3.4072 -4.6837 10.9834 -0.0290 -0.1087 -0.0083 0.6417 -10.5161 -3.8605 -0.6938 -10.5154 3.8505 -5.7707 14.5740 -10.9531 -62.1682 -49.1775 22.3510 -1.1461 -2.6063 -74.5600 122.8333 -71.8940 -57.1338 -16.8082 10.0007 14.5107 -57.5042 1.6234 1.6390 17.8644 17.1428 13.5159 68.7434 50.1564 49.3127 2.0130 -2.6286 104.3508 54.5585 -29.0907 -8.9958 15.6463 7.8229 -17.4868 51.2867 -3.5104 -5.4381 3.3797 -28.2234 23.7979 -0.1597 27.3484 -0.3492 -6.1180 6.1201 13.4201 1.6565 0.9794 -2.1537 -25.5245 0.8104 -14.4705 0.0536 12.8640 0.7348 24.4821 -13.7530 -3.3414 -1.4606 -0.2595 0.9321
2.3133 93.9769 2.6530 4.7755 0.1933 -8.3838 -1.6099 3.9071 -0.0949 -0.9091 -3.5668 -1.1979 -1.6459 20.4661 -4.5119 -0.6917 20.8655 2.7694 2.1670 -3.5623 9.7579 -3.6110 -4.7006 10.9426 -0.0187 -0.1092 -0.0092 0.6512 -10.5068 -3.8577 -0.6819 -10.4938 3.8416 -5.8280 14.7250 -11.1126 -62.3576 -49.8528 22.5923 -1.0215 -2.5152 -74.7215 125.1777 -71.4338 -60.1482 -16.7291 10.0165 14.4577 -57.5496 1.6041 1.6028 18.0267 17.1176 13.6566 68.6209 50.0550 49.1425 1.9476 -2.8199 103.9198 54.4645 -28.9330 -9.0628 15.7307 7.8339 -17.4111 51.4287 -3.4785 -5.4241 3.2247 -28.7693 23.6159 -0.1445 27.2113 -0.3137 -5.8986 6.4942 13.4094 1.6576 0.9649 -2.1450 -25.2829 -0.0564 -14.5378 0.0570 14.0048 0.7530 24.3072 -14.1857 -3.3762 -1.4608 -0.2173 0.9424
2.2087 93.9256 2.3284 4.6650 0.3868 -8.0223 -1.6276 4.3552 -0.0970 -0.9342 -3.3583 -1.2093 -1.6326 20.9353 -4.5087 -0.4031 21.0728 2.8008 2.0481 -3.5392 9.7864 -3.8606 -4.7818 10.9656 -0.0109 -0.1103 -0.0086 0.6531 -10.4882 -3.8537 -0.6673 -10.4660 3.8356 -5.8029 14.8639 -11.2386 -62.6923 -50.6289 22.9915 -0.9525 -2.3892 -74.7748 127.8271 -70.9322 -63.2885 -16.6056 10.0590 14.4766 -57.4931 1.6062 1.5914 18.1400 17.1479 13.7828 68.4910 49.8797 49.0184 1.9079 -3.0285 103.4330 54.1125 -28.4083 -8.6621 15.7951 7.8228 -17.3002 51.5504 -3.4240 -5.3833 3.1533 -29.2726 23.4756 -0.1254 27.0440 -0.2733 -5.6773 6.8741 13.3176 1.6606 0.9513 -2.1392 -24.9952 -0.8540 -14.5519 0.0628 15.1074 0.7787 24.0786 -14.5862 -3.4307 -1.4600 -0.1962 0.9545
2.1257 93.9070 2.0080 4.5324 0.5633 -7.6963 -1.6469 4.7687 -0.1075 -0.9614 -3.1653 -1.2152 -1.6348 21.4323 -4.5218 -0.1821 21.4623 2.8195 1.9089 -3.5325 9.8067 -4.0837 -4.8454 10.9749 -0.0034 -0.1119 -0.0136 0.6552 -10.4851 -3.8574 -0.6537 -10.4532 3.8262 -5.7031 15.0228 -11.3235 -63.0517 -51.4329 23.4186 -0.9120 -2.2850 -74.8309 130.4345 -70.4344 -66.2815 -16.5016 10.0770 14.4646 -57.4384 1.5864 1.5663 18.2029 17.2062 13.8565 68.3228 49.6515 48.8893 1.9497 -3.1364 103.0591 53.6421 -27.7598 -7.9649 15.8974 7.7788 -17.2012 51.5976 -3.3913 -5.3348 3.1151 -29.7140 23.4024 -0.1033 26.8242 -0.2262 -5.4742 7.2435 13.1667 1.6632 0.9661 -2.1343 -24.6705 -1.5486 -14.5286 0.0565 16.0827 0.8031 23.8683 -14.9493 -3.5201 -1.4567 -0.1689 0.9762
2.0385 93.8879 1.7326 4.3748 0.7264 -7.4234 -1.6648 5.1444 -0.1284 -0.9770 -2.9949 -1.2233 -1.6445 21.9118 -4.5459 -0.0218 21.9575 2.8819 1.7737 -3.5296 9.7684 -4.2750 -4.9040 10.9433 -0.0000 -0.1111 -0.0160 0.6492 -10.4760 -3.8538 -0.6410 -10.4386 3.8170 -5.5411 15.1013 -11.3496 -63.4038 -52.1487 23.8526 -0.9174 -2.1905 -74.9116 132.4318 -70.1499 -68.6022 -16.4385 10.0597 14.4325 -57.3083 1.5528 1.5622 18.1949 17.2670 13.8595 68.1246 49.3968 48.7380 2.0990 -3.1536 102.7841 53.2891 -27.0955 -7.1925 15.9862 7.7035 -17.1097 51.5574 -3.3981 -5.2964 3.1184 -30.1097 23.3920 -0.0881 26.5756 -0.1997 -5.2950 7.6199 13.0009 1.6652 0.9584 -2.1291 -24.3212 -2.1241 -14.4589 0.0465 16.8755 0.7929 23.6857 -15.2119 -3.6174 -1.4527 -0.1353 0.9998
1.9530 93.8738 1.4904 4.2098 0.8831 -7.2344 -1.6781 5.4833 -0.1304 -0.9880 -2.8476 -1.2348 -1.6610 22.3461 -4.5729 0.0776 22.5387 2.9052 1.6384 -3.5491 9.7437 -4.4268 -4.9381 10.8945 -0.0029 -0.1117 -0.0136 0.6366 -10.4785 -3.8421 -0.6340 -10.4345 3.8112 -5.3159 15.1567 -11.3480 -63.7443 -52.8095 24.2905 -0.9535 -2.1365 -75.0264 134.1237 -69.9883 -70.4870 -16.3810 10.0705 14.4069 -57.2714 1.5426 1.5731 18.1487 17.3497 13.8109 67.9987 49.2653 48.8083 2.1401 -3.0330 102.6785 53.0993 -26.5196 -6.4741 16.0794 7.6158 -17.0623 51.3964 -3.4155 -5.2430 3.1277 -30.4731 23.5080 -0.0814 26.3280 -0.1802 -5.1719 7.9904 12.7990 1.6670 0.9728 -2.1108 -23.9772 -2.6017 -14.3629 0.0324 17.5225 0.7848 23.5988 -15.4345 -3.7500 -1.4464 -0.1309 1.0233
1.8715 93.8920 1.2810 4.0459 1.0496 -7.0929 -1.6968 5.7719 -0.1543 -1.0059 -2.7312 -1.2374 -1.6949 22.6934 -4.5871 0.1763 23.1128 2.9427 1.5319 -3.5587 9.6635 -4.5447 -4.9418 10.8142 -0.0095 -0.1126 -0.0086 0.6198 -10.4759 -3.8252 -0.6304 -10.4292 3.8079 -5.0611 15.0967 -11.3006 -63.8804 -53.2903 24.5206 -1.0297 -2.1089 -75.0659 135.5266 -69.9969 -72.0247 -16.3104 10.0731 14.3424 -57.2260 1.5395 1.5965 18.1089 17.4272 13.7542 67.8734 49.1528 48.9363 2.1648 -2.8720 102.6187 53.0018 -25.9872 -5.7678 16.1670 7.5477 -17.0305 51.2507 -3.4088 -5.2130 3.1282 -30.7891 23.7213 -0.0832 26.0621 -0.1917 -5.0700 8.3209 12.5904 1.6656 0.9821 -2.0914 -23.6464 -3.0145 -14.3077 0.0222 17.9874 0.7754 23.5233 -15.5599 -3.8536 -1.4392 -0.1097 1.0334
1.8017 93.9259 1.1108 3.8886 1.2374 -6.9853 -1.7411 6.0103 -0.2015 -1.0378 -2.6350 -1.2120 -1.7219 22.9367 -4.6050 0.2785 23.6360 2.9521 1.4649 -3.5584 9.5965 -4.6050 -5.0006 10.7551 -0.0160 -0.1103 -0.0012 0.6015 -10.4656 -3.8052 -0.6251 -10.4161 3.8036 -4.7749 15.0794 -11.2466 -63.9774 -53.7433 24.6650 -1.1342 -2.0628 -74.9972 137.1295 -70.0849 -73.7377 -16.2496 10.0366 14.2866 -57.1714 1.5243 1.6225 18.0275 17.5352 13.7099 67.7572 48.9190 49.1582 2.1156 -2.7156 102.5034 52.9321 -25.2984 -4.9470 16.2031 7.5170 -17.0244 51.1377 -3.4040 -5.1729 3.1152 -31.0713 23.9457 -0.0767 25.7728 -0.1917 -4.9667 8.6772 12.4075 1.6634 0.9924 -2.0746 -23.3394 -3.3757 -14.3138 0.0185 18.2612 0.7841 23.4421 -15.5783 -3.8424 -1.4321 -0.1242 1.0161
1.7384 93.9749 0.9760 3.7335 1.4431 -6.9763 -1.8081 6.2351 -0.2241 -1.0756 -2.5678 -1.1989 -1.7684 23.0730 -4.6131 0.4224 24.0300 2.8997 1.4106 -3.5559 9.6464 -4.6029 -5.1603 10.7476 -0.0229 -0.1092 0.0101 0.5881 -10.4548 -3.7851 -0.6248 -10.4025 3.8081 -4.4850 15.1496 -11.2121 -63.9940 -54.1976 24.7414 -1.2555 -1.9649 -74.9010 139.6130 -70.1187 -76.1517 -16.2378 9.9720 14.2276 -57.0914 1.5267 1.6387 17.9024 17.6292 13.7048 67.5757 48.6115 49.3945 2.0568 -2.5826 102.3712 52.7991 -24.5771 -4.1210 16.2450 7.4983 -17.0078 51.0425 -3.3778 -5.1172 3.1181 -31.3495 24.1951 -0.0834 25.5007 -0.2004 -4.8730 9.0267 12.2439 1.6582 0.9919 -2.0557 -23.0529 -3.7153 -14.3575 0.0162 18.3951 0.8040 23.3476 -15.4976 -3.6877 -1.4262 -0.1769 1.0013
1.7043 94.0333 0.8687 3.5437 1.6719 -7.0560 -1.8895 6.4510 -0.2470 -1.1253 -2.5073 -1.1654 -1.8273 23.1160 -4.6241 0.6388 24.2021 2.8663 1.4185 -3.5412 9.7085 -4.5456 -5.4115 10.7727 -0.0307 -0.1088 0.0242 0.5794 -10.4424 -3.7629 -0.6305 -10.3841 3.8165 -4.1833 15.2341 -11.1618 -63.8268 -54.6285 24.6139 -1.3147 -1.8474 -74.7538 142.6093 -69.9003 -79.1717 -16.2059 9.8690 14.1502 -56.9150 1.5282 1.6292 17.6988 17.6681 13.7439 67.2792 48.1872 49.5609 2.0226 -2.5490 102.1861 52.6091 -23.8437 -3.2533 16.2791 7.5148 -16.9620 51.0198 -3.3143 -5.0660 3.1899 -31.6570 24.4002 -0.0962 25.2806 -0.2208 -4.7769 9.3572 12.1090 1.6530 1.0053 -2.0460 -22.7434 -4.0457 -14.4587 0.0154 18.4086 0.8345 23.2595 -15.3712 -3.4173 -1.4206 -0.2313 0.9815
1.6505 94.0767 0.7681 3.3024 1.8863 -7.1860 -1.9876 6.7000 -0.2726 -1.1959 -2.4159 -1.1085 -1.8863 23.0803 -4.6448 0.9735 24.1295 2.8188 1.4819 -3.5313 9.8352 -4.4751 -5.8134 10.8615 -0.0282 -0.1085 0.0328 0.5799 -10.4249 -3.7526 -0.6249 -10.3667 3.8217 -3.8905 15.3263 -11.0959 -63.4662 -55.1347 24.2885 -1.2723 -1.7250 -74.6954 145.4397 -69.4454 -82.2146 -16.2348 9.7533 14.1334 -56.7926 1.5147 1.6227 17.4014 17.6367 13.7781 67.0647 47.6869 49.8050 1.9277 -2.5397 101.9972 52.4960 -23.0211 -2.2827 16.3108 7.5392 -16.8746 51.0578 -3.2355 -5.0063 3.3604 -32.0060 24.5487 -0.1130 25.1943 -0.2488 -4.7154 9.6426 11.9651 1.6510 1.0427 -2.0370 -22.3876 -4.3468 -14.5739 0.0189 18.3774 0.8630 23.2306 -15.2561 -3.1175 -1.4161 -0.2695 0.9646
1.6213 94.0984 0.6640 3.0025 2.0405 -7.3502 -2.0931 7.0063 -0.2766 -1.2752 -2.3052 -1.0862 -1.9743 23.0755 -4.6526 1.4507 23.8855 2.7634 1.4974 -3.5253 10.0142 -4.3670 -6.3759 10.9518 -0.0159 -0.1028 0.0339 0.5937 -10.3956 -3.7533 -0.6125 -10.3393 3.8206 -3.6184 15.3992 -11.0778 -62.9666 -55.7282 23.9604 -1.1689 -1.7357 -74.8643 147.0779 -68.9278 -84.3757 -16.3427 9.7099 14.2169 -56.9564 1.4852 1.6187 17.0025 17.5796 13.8315 66.9689 47.1643 50.1694 1.7294 -2.4846 101.9123 52.6996 -22.3612 -1.4384 16.3096 7.5543 -16.8418 51.1159 -3.2111 -4.9894 3.6428 -32.4248 24.7275 -0.1534 25.3077 -0.2943 -4.6901 9.8106 11.7379 1.6544 1.0655 -2.0297 -21.9903 -4.6211 -14.6627 0.0251 18.4435 0.8620 23.2411 -15.2519 -2.7221 -1.4171 -0.2834 0.9643
1.5736 94.0862 0.5282 2.6482 2.1748 -7.5364 -2.2044 7.3219 -0.3045 -1.3659 -2.1476 -1.0354 -2.0783 23.1465 -4.6613 2.0041 23.5432 2.6730 1.5027 -3.5199 10.2122 -4.2801 -7.1071 11.0746 0.0004 -0.0925 0.0289 0.6123 -10.3536 -3.7607 -0.5964 -10.3007 3.8093 -3.3826 15.4440 -11.1226 -62.3828 -56.4510 23.6899 -0.9745 -1.7734 -75.1989 147.4539 -68.6121 -85.4644 -16.4494 9.6685 14.2864 -57.1615 1.4506 1.6292 16.5842 17.4624 13.8867 66.9034 46.6619 50.5026 1.4527 -2.4168 101.9368 53.2386 -21.8633 -1.0049 16.2899 7.5682 -16.8562 51.2451 -3.2372 -5.0145 3.9807 -32.9071 24.9327 -0.1704 25.5280 -0.3147 -4.7468 9.9003 11.3652 1.6603 1.0530 -2.0272 -21.5624 -4.9228 -14.8021 0.0367 18.5821 0.8565 23.2454 -15.2944 -2.2847 -1.4200 -0.3085 0.9569
1.5140 94.0457 0.3759 2.2585 2.2804 -7.7061 -2.3319 7.6850 -0.2855 -1.4366 -1.9933 -1.0461 -2.2129 23.3421 -4.6809 2.6180 23.2174 2.5574 1.4232 -3.5222 10.4546 -4.1929 -7.9777 11.1409 0.0142 -0.0784 0.0251 0.6259 -10.3174 -3.7683 -0.5815 -10.2695 3.8031 -3.1483 15.5148 -11.2151 -61.9331 -57.3422 23.7156 -0.7845 -1.8904 -75.6164 146.4124 -68.4743 -85.2449 -16.5620 9.6346 14.2982 -57.3453 1.4424 1.6165 16.2557 17.3142 13.9774 66.6637 46.2041 50.5148 1.2902 -2.3325 102.0721 53.9501 -21.4846 -0.7654 16.2438 7.5377 -16.8700 51.3207 -3.3017 -5.0310 4.3745 -33.4753 25.1071 -0.1832 25.9366 -0.3176 -4.8521 9.8685 10.9557 1.6670 1.0205 -2.0260 -21.1200 -5.2961 -14.9554 0.0398 18.9356 0.8321 23.2560 -15.4317 -1.7793 -1.4263 -0.3621 0.9539
1.4630 93.9646 0.2237 1.8647 2.3589 -7.8948 -2.4828 8.0522 -0.2692 -1.5158 -1.8008 -1.0531 -2.3647 23.6567 -4.7168 3.2828 22.9552 2.4730 1.3175 -3.5278 10.5983 -4.1314 -8.9132 11.1550 0.0239 -0.0629 0.0242 0.6319 -10.2899 -3.7733 -0.5676 -10.2464 3.8027 -2.9368 15.5635 -11.3411 -61.6950 -58.3524 24.0774 -0.6010 -2.0169 -75.9611 144.3829 -68.2822 -84.0853 -16.5530 9.6467 14.2947 -57.3747 1.4670 1.5935 16.0963 17.1420 14.0868 66.1717 45.7602 50.1707 1.3049 -2.3223 102.1880 54.8091 -21.0855 -0.5933 16.2501 7.5022 -16.8672 51.3964 -3.3949 -5.0801 4.7713 -34.0954 25.2660 -0.1773 26.4865 -0.2924 -4.9386 9.6693 10.5370 1.6708 0.9983 -2.0396 -20.7084 -5.7972 -15.0853 0.0519 19.5563 0.8108 23.2429 -15.6563 -1.2810 -1.4324 -0.4051 0.9638
1.4184 93.8385 0.0402 1.4724 2.3821 -8.1155 -2.6610 8.4310 -0.2300 -1.5976 -1.5881 -1.0775 -2.5280 24.1212 -4.7960 4.0049 22.8165 2.4576 1.1913 -3.5433 10.6256 -4.0792 -9.8579 11.0924 0.0349 -0.0527 0.0196 0.6375 -10.2774 -3.7827 -0.5509 -10.2281 3.7984 -2.7856 15.6194 -11.4961 -61.7397 -59.5631 24.8409 -0.4249 -2.1210 -76.1847 142.0229 -67.9233 -82.3536 -16.5183 9.6997 14.2953 -57.3724 1.5043 1.5949 16.1312 17.0290 14.2610 65.3859 45.2983 49.4909 1.4731 -2.4718 102.2765 55.9336 -20.4840 -0.5051 16.2976 7.4582 -16.8051 51.4606 -3.4847 -5.0874 5.1862 -34.7388 25.4247 -0.1593 27.1809 -0.2451 -5.0223 9.3271 10.1933 1.6716 0.9800 -2.0558 -20.3550 -6.4006 -15.1705 0.0794 20.4733 0.8164 23.2089 -16.0134 -0.7629 -1.4361 -0.4375 0.9870
1.3846 93.6710 -0.1199 1.0971 2.3596 -8.3795 -2.8548 8.7855 -0.1827 -1.6828 -1.3542 -1.1264 -2.7134 24.6998 -4.8891 4.7482 22.7871 2.4794 1.0292 -3.5534 10.5528 -4.0441 -10.7221 10.9847 0.0395 -0.0489 0.0163 0.6371 -10.2706 -3.7850 -0.5417 -10.2173 3.7922 -2.6939 15.6328 -11.6665 -62.0856 -60.8453 25.9821 -0.2720 -2.1932 -76.2804 140.2304 -67.3687 -80.8165 -16.4535 9.7672 14.3074 -57.3636 1.5252 1.6496 16.2354 16.9302 14.4111 64.5457 44.7463 48.8092 1.7773 -2.7798 102.2472 57.2027 -19.5367 -0.4017 16.4045 7.4120 -16.6667 51.4705 -3.5262 -5.0507 5.6050 -35.3816 25.5885 -0.1320 28.0155 -0.1802 -5.1576 8.8598 9.8983 1.6730 1.0077 -2.0762 -20.0490 -7.0787 -15.2419 0.1145 21.5771 0.8517 23.1251 -16.3996 -0.2099 -1.4376 -0.4356 1.0127
1.4013 93.4854 -0.2367 0.7687 2.2924 -8.6991 -3.0392 9.1112 -0.1509 -1.7792 -1.1343 -1.1526 -2.9303 25.2970 -4.9831 5.4734 22.8908 2.4363 0.8355 -3.5445 10.4698 -3.9998 -11.3311 10.8395 0.0394 -0.0561 0.0118 0.6362 -10.2664 -3.7824 -0.5407 -10.2078 3.7819 -2.6512 15.6479 -11.8664 -63.0367 -62.2051 27.7598 -0.2663 -2.1833 -76.2781 139.4625 -66.8217 -79.7350 -16.4810 9.7962 14.2996 -57.3547 1.5364 1.6928 16.3305 16.8890 14.4803 63.9526 44.2227 48.5234 2.0805 -3.1792 102.0597 58.3847 -18.2160 -0.2626 16.5922 7.3755 -16.4714 51.4642 -3.5219 -4.9544 5.9747 -35.9994 25.8109 -0.0999 28.9260 -0.1352 -5.2909 8.3538 9.6739 1.6690 1.0637 -2.0828 -19.8420 -7.7071 -15.2207 0.1576 22.7076 0.8984 23.0505 -16.7711 0.2948 -1.4361 -0.4460 1.0283
1.4379 93.3042 -0.3136 0.4942 2.1832 -9.0265 -3.1984 9.4219 -0.1512 -1.8689 -0.9574 -1.1401 -3.1889 25.8428 -5.0889 6.0175 23.1708 2.3879 0.6867 -3.5302 10.3541 -3.9083 -11.6108 10.6823 0.0322 -0.0719 0.0096 0.6249 -10.2763 -3.7767 -0.5441 -10.2182 3.7759 -2.5560 15.6690 -12.0213 -64.6062 -63.3776 30.0922 -0.4110 -2.1414 -76.2791 139.3464 -66.4604 -78.9581 -16.5532 9.7461 14.2653 -57.3133 1.5237 1.7491 16.2948 17.0012 14.4675 63.5841 43.6317 48.5271 2.4042 -3.5399 101.8001 59.4487 -16.7444 -0.1111 16.8093 7.3378 -16.3184 51.4993 -3.5525 -4.9109 6.3049 -36.5333 26.0702 -0.0872 29.8223 -0.1156 -5.3749 7.9111 9.5672 1.6626 1.1291 -2.0761 -19.6984 -8.1627 -15.1326 0.1861 23.6674 0.9624 22.9808 -17.0432 0.6387 -1.4294 -0.4450 1.0306
1.4511 93.1520 -0.3445 0.2736 2.0478 -9.3253 -3.3346 9.6808 -0.1677 -1.9521 -0.8425 -1.1033 -3.4689 26.2738 -5.1944 6.2960 23.6759 2.3190 0.6005 -3.5289 10.2401 -3.7351 -11.6691 10.5093 0.0251 -0.0864 0.0077 0.6048 -10.2944 -3.7697 -0.5386 -10.2377 3.7684 -2.4823 15.7141 -12.0897 -66.2578 -64.1601 32.3461 -0.5861 -2.0272 -76.4489 139.8012 -66.0744 -78.6613 -16.6509 9.7232 14.3098 -57.3418 1.5417 1.8122 16.1305 17.2781 14.4189 63.5549 43.1142 48.9388 2.4990 -3.7915 101.5476 60.3004 -15.3913 0.0141 16.9968 7.3499 -16.2267 51.5483 -3.5682 -4.8389 6.6003 -36.9081 26.3256 -0.0956 30.5670 -0.1242 -5.4129 7.5598 9.6077 1.6585 1.2296 -2.0476 -19.5997 -8.3990 -14.9481 0.2091 24.3680 1.0198 22.9684 -17.2134 0.8102 -1.4219 -0.4469 1.0346
1.4692 93.0450 -0.3238 0.1404 1.9234 -9.5297 -3.4502 9.8816 -0.1952 -2.0250 -0.7795 -1.0511 -3.7650 26.5993 -5.2990 6.3728 24.2416 2.3228 0.5572 -3.5231 10.1390 -3.5422 -11.5987 10.3334 0.0190 -0.0936 0.0109 0.5830 -10.2907 -3.7527 -0.5289 -10.2434 3.7606 -2.4280 15.7980 -12.1008 -67.6702 -64.6013 34.1835 -0.7847 -1.9424 -76.7580 140.6339 -65.5796 -78.8511 -16.6885 9.6866 14.3712 -57.3862 1.5652 1.9021 15.9087 17.5664 14.3621 63.7621 42.7273 49.4762 2.4157 -3.8487 101.3557 60.7862 -14.3507 0.1833 17.1421 7.3975 -16.2191 51.6546 -3.5777 -4.8128 6.8197 -37.1257 26.4712 -0.1139 31.1136 -0.1608 -5.4042 7.3336 9.7314 1.6559 1.3205 -2.0205 -19.5473 -8.4602 -14.7340 0.2217 24.8219 1.0800 22.9962 -17.2580 0.7812 -1.4170 -0.4287 1.0462
1.4633 93.0080 -0.2344 0.0730 1.8538 -9.6562 -3.5401 9.9899 -0.2277 -2.0761 -0.7588 -0.9900 -4.0428 26.8067 -5.3545 6.2940 24.7765 2.3741 0.5796 -3.5207 10.0408 -3.3205 -11.4471 10.1940 0.0162 -0.0966 0.0124 0.5656 -10.2883 -3.7403 -0.5163 -10.2427 3.7519 -2.4022 15.8848 -12.1098 -68.5113 -64.7009 35.1984 -0.8009 -1.8832 -77.1486 141.6237 -65.0489 -79.2911 -16.7007 9.6717 14.4565 -57.4212 1.6021 1.9444 15.7013 17.8639 14.3469 64.0027 42.4536 49.9542 2.2377 -3.7966 101.1648 60.9597 -13.7594 0.3700 17.2212 7.4491 -16.2329 51.6957 -3.5445 -4.7504 6.9407 -37.2103 26.5458 -0.1154 31.4060 -0.1839 -5.3977 7.2196 9.8699 1.6514 1.3994 -2.0000 -19.5083 -8.4489 -14.5319 0.2223 25.0815 1.1302 23.0138 -17.1954 0.6445 -1.4161 -0.4383 1.0482
1.4122 93.0133 -0.1515 0.0700 1.8116 -9.6573 -3.6003 10.0464 -0.2453 -2.1066 -0.7427 -0.9400 -4.2810 26.9145 -5.3981 6.1228 25.2110 2.4638 0.6087 -3.5221 10.0064 -3.0570 -11.2316 10.0686 0.0128 -0.0978 0.0190 0.5504 -10.2813 -3.7250 -0.5076 -10.2410 3.7514 -2.3950 15.9639 -12.1149 -69.0014 -64.6547 35.6853 -0.8362 -1.8349 -77.5145 142.8359 -64.5442 -80.0607 -16.6581 9.6621 14.5757 -57.4199 1.6271 1.9598 15.5137 18.1276 14.3758 64.2758 42.2605 50.3921 1.9739 -3.7391 100.9648 60.8360 -13.4667 0.6085 17.2688 7.5103 -16.3016 51.7819 -3.4925 -4.7535 6.9860 -37.1658 26.5563 -0.1331 31.4436 -0.2250 -5.3444 7.2489 9.9660 1.6512 1.4553 -1.9712 -19.4887 -8.3784 -14.3602 0.2167 25.2293 1.1709 23.0019 -17.0955 0.4131 -1.4186 -0.4415 1.0484
1.3387 93.0562 -0.0822 0.0912 1.7756 -9.5496 -3.6260 10.0841 -0.2686 -2.1186 -0.7411 -0.8985 -4.4511 26.9605 -5.4026 5.8996 25.5225 2.5916 0.6717 -3.5302 10.0011 -2.7610 -10.9855 9.9711 0.0086 -0.0917 0.0294 0.5424 -10.2848 -3.7148 -0.5071 -10.2386 3.7635 -2.3353 16.0538 -12.1035 -69.1328 -64.5502 35.6102 -0.8399 -1.8984 -77.7180 144.1168 -64.0555 -81.0458 -16.5671 9.6947 14.6701 -57.4492 1.6052 1.9409 15.3172 18.3649 14.4281 64.5207 42.0889 50.7168 1.7425 -3.6895 100.7946 60.6286 -13.4586 0.7814 17.2548 7.5379 -16.3925 51.8452 -3.4273 -4.7458 7.0050 -37.0664 26.4765 -0.1612 31.3493 -0.2840 -5.2736 7.3827 9.9430 1.6517 1.4909 -1.9514 -19.4425 -8.2827 -14.2448 0.2110 25.3657 1.1629 22.9583 -17.0226 0.1764 -1.4226 -0.4554 1.0536
1.2405 93.1118 -0.0289 0.1344 1.7059 -9.3347 -3.6432 10.1138 -0.2995 -2.1366 -0.7351 -0.8508 -4.5617 26.9591 -5.4007 5.6880 25.6903 2.6849 0.7217 -3.5461 10.0468 -2.4931 -10.8021 9.9683 0.0026 -0.0889 0.0415 0.5327 -10.2760 -3.7014 -0.5091 -10.2272 3.7759 -2.2372 16.1453 -12.0730 -69.0177 -64.5249 35.1971 -0.9046 -1.8843 -77.6932 145.6786 -63.6593 -82.3614 -16.4737 9.7245 14.7251 -57.4553 1.5830 1.8988 15.1363 18.5193 14.4948 64.8250 41.9441 51.0387 1.5308 -3.5939 100.6974 60.5026 -13.6820 0.6156 17.2004 7.4885 -16.4516 51.8084 -3.4087 -4.7370 7.0152 -36.8745 26.3488 -0.1719 31.0678 -0.3122 -5.2055 7.6189 9.8311 1.6543 1.4974 -1.9376 -19.4155 -8.1255 -14.2851 0.2023 25.4139 1.1468 22.9292 -16.9453 -0.0598 -1.4267 -0.4757 1.0505
1.0982 93.1712 -0.0570 0.1662 1.6225 -9.0101 -3.6367 10.1539 -0.3010 -2.1558 -0.7308 -0.8243 -4.6193 26.9525 -5.4362 5.4841 25.6867 2.7348 0.8082 -3.5669 10.1671 -2.2858 -10.6785 10.0067 -0.0011 -0.0890 0.0493 0.5283 -10.2666 -3.6935 -0.5119 -10.2168 3.7855 -2.0682 16.2811 -12.0414 -68.7358 -64.6863 34.5775 -0.9939 -1.8581 -77.3898 147.3425 -63.3370 -83.8963 -16.3524 9.7534 14.7407 -57.3664 1.5737 1.8761 14.9705 18.6097 14.5795 65.1001 41.7842 51.2375 1.4036 -3.4909 100.6897 60.5669 -14.0310 0.2577 17.1766 7.4305 -16.5197 51.8620 -3.4277 -4.7857 7.0448 -36.6979 26.1615 -0.1951 30.7209 -0.3434 -5.1384 7.9448 9.5964 1.6587 1.4524 -1.9244 -19.3516 -7.9332 -14.4282 0.1892 25.4487 1.1240 22.8731 -16.9270 -0.2969 -1.4311 -0.5119 1.0499
0.9473 93.2108 -0.1412 0.1955 1.5366 -8.6088 -3.6120 10.2194 -0.3165 -2.1747 -0.7210 -0.8186 -4.6195 26.9435 -5.4823 5.3434 25.5808 2.7532 0.8838 -3.5663 10.2742 -2.1305 -10.6074 10.0532 0.0014 -0.0899 0.0469 0.5360 -10.2640 -3.6992 -0.5144 -10.2134 3.7838 -1.8022 16.3781 -12.0358 -68.2540 -64.9329 33.7734 -1.0338 -1.8925 -76.8596 148.7652 -63.1237 -85.3473 -16.2524 9.7691 14.7181 -57.2601 1.5478 1.8500 14.7487 18.6556 14.6444 65.3583 41.5838 51.3507 1.3705 -3.3963 100.8232 60.7917 -14.4672 -0.1432 17.1583 7.3497 -16.5643 51.8696 -3.4785 -4.8545 7.0793 -36.5691 25.8938 -0.1926 30.3607 -0.3401 -5.1196 8.3331 9.2682 1.6647 1.4052 -1.9260 -19.2247 -7.7738 -14.6386 0.1733 25.5322 1.0808 22.7552 -16.9731 -0.5492 -1.4333 -0.5002 1.0380
0.8060 93.2418 -0.2615 0.2113 1.4407 -8.1814 -3.5834 10.2983 -0.3206 -2.1924 -0.6946 -0.8295 -4.6012 26.9391 -5.5173 5.2717 25.3907 2.7285 0.9073 -3.5656 10.3959 -1.9772 -10.6523 10.0887 0.0056 -0.0924 0.0421 0.5464 -10.2576 -3.7087 -0.5166 -10.2125 3.7824 -1.4938 16.4405 -12.0777 -67.6608 -65.2944 32.9071 -1.0542 -1.8843 -76.2166 150.0114 -62.9698 -86.6096 -16.1710 9.7882 14.7073 -57.1913 1.5472 1.8557 14.5284 18.6541 14.6461 65.5676 41.3808 51.4128 1.4208 -3.3131 101.0711 61.2489 -14.9685 -0.5571 17.1306 7.3147 -16.5874 51.8664 -3.5207 -4.8940 7.1332 -36.4616 25.6208 -0.1879 29.9650 -0.3214 -5.1309 8.7345 8.9075 1.6704 1.3550 -1.9344 -19.0954 -7.6585 -14.8702 0.1603 25.6894 1.0522 22.6355 -17.1031 -0.8054 -1.4343 -0.4612 1.0323
0.6387 93.2438 -0.4128 0.2196 1.3579 -7.7796 -3.5602 10.4004 -0.3167 -2.2038 -0.6620 -0.8603 -4.5720 26.9367 -5.5440 5.2370 25.1061 2.6792 0.9311 -3.5471 10.4774 -1.8237 -10.7708 10.1065 0.0129 -0.0944 0.0324 0.5622 -10.2383 -3.7219 -0.5179 -10.1940 3.7754 -1.1415 16.4594 -12.1566 -67.1453 -65.7201 32.1368 -1.0901 -1.8982 -75.5217 151.1873 -62.6292 -87.8741 -16.0785 9.7795 14.6873 -57.0364 1.5371 1.8709 14.3116 18.6041 14.6151 65.7349 41.2213 51.4584 1.4409 -3.2708 101.3692 61.9476 -15.4968 -1.0982 17.1819 7.3183 -16.6008 51.8328 -3.5279 -4.9282 7.1854 -36.3835 25.3566 -0.1857 29.5406 -0.3079 -5.1929 9.1355 8.5826 1.6724 1.3191 -1.9513 -18.9568 -7.6133 -15.0351 0.1543 25.9257 1.0051 22.4720 -17.2858 -1.0437 -1.4350 -0.4197 1.0290
0.4580 93.2559 -0.6199 0.2312 1.2981 -7.3600 -3.5403 10.4961 -0.3147 -2.2134 -0.6140 -0.8966 -4.5367 26.9353 -5.5789 5.2099 24.7572 2.6112 0.9705 -3.5411 10.5263 -1.6759 -10.9355 10.1690 0.0216 -0.0959 0.0202 0.5789 -10.2311 -3.7394 -0.5172 -10.1910 3.7653 -0.7814 16.4792 -12.2573 -66.6795 -66.2604 31.4177 -1.1282 -1.9235 -74.8224 152.3498 -62.1386 -89.0615 -15.9787 9.7684 14.6650 -56.8985 1.5342 1.8821 14.0751 18.5392 14.5326 65.8942 41.1078 51.6134 1.3670 -3.3370 101.7180 62.7661 -16.0463 -1.9409 17.2744 7.3223 -16.5965 51.8434 -3.5643 -4.9715 7.2307 -36.3290 25.0881 -0.1746 29.0628 -0.2858 -5.2703 9.5428 8.2451 1.6718 1.3013 -1.9665 -18.7845 -7.6587 -15.1778 0.1557 26.2671 0.9752 22.2749 -17.5281 -1.3044 -1.4341 -0.3905 1.0248
0.2836 93.2457 -0.8481 0.2371 1.2831 -6.9441 -3.5233 10.5945 -0.3181 -2.2248 -0.5803 -0.9317 -4.5196 26.9481 -5.6439 5.1796 24.3637 2.5478 1.0388 -3.5342 10.5610 -1.4889 -11.0903 10.2242 0.0291 -0.0990 0.0088 0.5917 -10.2217 -3.7548 -0.5154 -10.1806 3.7557 -0.4286 16.4447 -12.3857 -66.4059 -66.9125 30.9587 -1.3166 -1.9340 -74.1220 153.4673 -61.5979 -90.1673 -15.9254 9.7117 14.6285 -56.7526 1.5163 1.8774 13.8637 18.4344 14.4686 66.0232 41.0571 51.7830 1.2581 -3.4483 102.0918 63.6004 -16.6212 -2.8736 17.3844 7.3082 -16.5580 51.9100 -3.6060 -5.0206 7.2221 -36.3373 24.8663 -0.1686 28.5630 -0.2811 -5.3314 9.9807 7.9643 1.6710 1.2977 -1.9769 -18.5814 -7.8039 -15.2646 0.1629 26.7106 0.9489 22.0587 -17.7958 -1.6103 -1.4346 -0.3725 1.0220
0.1002 93.2320 -1.1230 0.2296 1.2793 -6.5273 -3.5117 10.7089 -0.3292 -2.2403 -0.5520 -0.9918 -4.5041 26.9725 -5.7223 5.1583 23.9745 2.5302 1.1089 -3.5214 10.5742 -1.3390 -11.2459 10.2972 0.0314 -0.1019 0.0002 0.5986 -10.2193 -3.7674 -0.5184 -10.1777 3.7525 -0.0939 16.3899 -12.5247 -66.1680 -67.6051 30.5731 -1.5496 -1.9611 -73.4543 154.4413 -61.1316 -91.1963 -15.9085 9.6529 14.5836 -56.6113 1.4909 1.8393 13.6409 18.3276 14.4504 66.0878 41.0018 51.9203 1.1398 -3.5407 102.4476 64.3674 -17.3064 -3.8017 17.5371 7.2901 -16.5355 51.9515 -3.6076 -5.0594 7.2232 -36.3835 24.6187 -0.1727 28.0855 -0.2927 -5.3943 10.4296 7.7147 1.6704 1.3101 -1.9988 -18.3522 -8.0123 -15.3058 0.1594 27.2518 0.9032 21.7972 -18.1018 -1.8823 -1.4377 -0.3176 1.0197
-0.1059 93.1821 -1.4128 0.2051 1.2812 -6.1476 -3.5009 10.8100 -0.3720 -2.2622 -0.4934 -1.0134 -4.4930 26.9888 -5.8075 5.1395 23.6052 2.5035 1.1713 -3.4994 10.5807 -1.1983 -11.4317 10.3817 0.0296 -0.1052 -0.0042 0.6003 -10.2205 -3.7746 -0.5232 -10.1726 3.7512 0.2223 16.3675 -12.6756 -65.8572 -68.3562 30.1362 -1.7574 -1.9672 -72.8307 155.4868 -60.4955 -92.3565 -15.9091 9.5834 14.5267 -56.5003 1.4666 1.7806 13.4086 18.2460 14.4222 66.1648 40.9492 52.1509 0.9800 -3.5997 102.7778 65.0937 -17.9298 -4.7557 17.6707 7.2416 -16.5314 51.9496 -3.6644 -5.0587 7.2435 -36.4623 24.3408 -0.1662 27.6383 -0.2964 -5.4420 10.9036 7.5385 1.6712 1.3140 -2.0225 -18.1011 -8.2573 -15.3401 0.1636 27.8143 0.8857 21.4747 -18.4323 -2.1214 -1.4401 -0.2660 1.0139
-0.3124 93.1440 -1.7083 0.1645 1.2833 -5.8358 -3.4934 10.9015 -0.3949 -2.2889 -0.4586 -1.0602 -4.5306 27.0498 -5.9045 5.1245 23.2882 2.4925 1.1650 -3.4985 10.6464 -1.0482 -11.6416 10.4508 0.0282 -0.1087 -0.0060 0.6056 -10.2195 -3.7771 -0.5317 -10.1666 3.7517 0.4951 16.3895 -12.8277 -65.5547 -69.1860 29.7929 -1.9608 -1.9962 -72.2659 156.4481 -59.6104 -93.4141 -15.9016 9.4802 14.4704 -56.3646 1.4003 1.7755 13.2271 18.2067 14.4132 66.1752 40.9748 52.3836 0.7626 -3.6231 103.0883 65.7614 -18.4469 -5.6119 17.7713 7.1943 -16.5735 51.9350 -3.7041 -5.0973 7.2925 -36.5782 24.1301 -0.1742 27.2650 -0.3158 -5.4507 11.3482 7.3291 1.6714 1.3476 -2.0346 -17.8442 -8.5292 -15.3388 0.1693 28.4158 0.8715 21.1211 -18.7893 -2.2902 -1.4415 -0.2326 1.0110
-0.5099 93.0976 -1.9875 0.1185 1.2835 -5.5589 -3.4839 10.9679 -0.4475 -2.3302 -0.4131 -1.0892 -4.5761 27.1013 -6.0295 5.0988 23.0827 2.5227 1.1618 -3.4927 10.6658 -0.9504 -11.7647 10.4952 0.0266 -0.1086 -0.0084 0.6063 -10.2133 -3.7768 -0.5365 -10.1564 3.7471 0.7205 16.3874 -12.9592 -65.1074 -69.9235 29.3140 -2.0875 -1.9830 -71.7627 157.1591 -58.7868 -94.2233 -15.8875 9.4181 14.4419 -56.1953 1.3396 1.7480 13.0412 18.2010 14.3705 66.2242 40.9919 52.6925 0.4551 -3.6452 103.3130 66.2652 -18.8776 -6.3513 17.8503 7.1738 -16.6302 51.9314 -3.7392 -5.1225 7.3726 -36.6911 23.9096 -0.1665 26.9175 -0.3134 -5.4612 11.8010 7.1592 1.6752 1.3580 -2.0474 -17.6036 -8.8185 -15.3791 0.1856 29.0003 0.8657 20.7677 -19.1278 -2.3891 -1.4413 -0.2055 0.9914
-0.6867 93.0266 -2.2406 0.0626 1.2819 -5.3608 -3.4736 11.0178 -0.4569 -2.3743 -0.3677 -1.1416 -4.6374 27.1345 -6.1711 5.0548 22.9957 2.4977 1.1605 -3.4946 10.7334 -0.8860 -11.8659 10.5360 0.0215 -0.1050 -0.0040 0.6027 -10.2016 -3.7684 -0.5432 -10.1409 3.7496 0.9033 16.4140 -13.0970 -64.5615 -70.5529 28.8052 -2.1313 -1.9219 -71.4140 157.8574 -57.8876 -94.9621 -15.8349 9.3542 14.4273 -56.0587 1.3034 1.7400 12.8655 18.1899 14.2640 66.2767 41.0093 53.0174 0.1578 -3.7661 103.4749 66.6136 -19.1709 -7.0002 17.9162 7.1555 -16.6838 51.9460 -3.7487 -5.1570 7.4489 -36.8413 23.7618 -0.1633 26.6969 -0.3077 -5.4762 12.1080 6.9402 1.6747 1.3692 -2.0458 -17.3960 -9.1324 -15.4250 0.2043 29.5731 0.8727 20.4965 -19.4426 -2.4635 -1.4415 -0.1630 0.9904
-0.8521 92.9754 -2.4676 0.0085 1.2620 -5.2147 -3.4662 11.0437 -0.4760 -2.4069 -0.3469 -1.2095 -4.7071 27.1741 -6.3199 4.9600 23.0086 2.4471 1.1641 -3.5047 10.8311 -0.8954 -11.8990 10.6117 0.0180 -0.1028 -0.0014 0.5974 -10.1913 -3.7602 -0.5456 -10.1269 3.7480 1.0152 16.4353 -13.2245 -63.9589 -71.0135 28.2768 -2.1195 -1.8382 -71.2278 158.4163 -57.0413 -95.4654 -15.8300 9.3365 14.4398 -56.0400 1.2790 1.7230 12.7237 18.1942 14.1536 66.3134 41.0474 53.2522 -0.0729 -3.8746 103.6446 66.9131 -19.4571 -7.6957 17.9365 7.1216 -16.7266 51.9157 -3.7483 -5.1800 7.5372 -36.9541 23.6602 -0.1618 26.5189 -0.3089 -5.4821 12.3322 6.7770 1.6767 1.3583 -2.0430 -17.2226 -9.3945 -15.4955 0.2174 30.0677 0.8711 20.2822 -19.6967 -2.4771 -1.4425 -0.1475 0.9878
-0.9683 92.9193 -2.6516 -0.0544 1.2418 -5.0937 -3.4496 11.0330 -0.4932 -2.4298 -0.3428 -1.2801 -4.7561 27.1940 -6.4907 4.8419 23.0633 2.3841 1.2070 -3.5141 10.9268 -0.9972 -11.9429 10.7490 0.0168 -0.1017 0.0009 0.5930 -10.1836 -3.7520 -0.5434 -10.1187 3.7445 1.0910 16.4347 -13.3057 -63.4920 -71.2803 27.8897 -2.0916 -1.7439 -71.1858 158.9853 -56.2749 -95.9424 -15.8049 9.3275 14.4697 -56.0567 1.2788 1.7226 12.6187 18.1903 14.0293 66.3097 41.1160 53.3996 -0.1713 -4.0179 103.8568 67.1546 -19.7861 -8.5188 17.9672 7.1021 -16.7822 51.8974 -3.7340 -5.1971 7.6214 -37.0480 23.5497 -0.1479 26.3622 -0.3027 -5.5174 12.4730 6.6706 1.6754 1.3376 -2.0326 -17.0821 -9.6024 -15.5542 0.2185 30.4481 0.8724 20.1250 -19.8911 -2.4813 -1.4421 -0.1365 0.9981
-1.0555 92.8691 -2.7864 -0.1103 1.2416 -5.0192 -3.4450 10.9895 -0.5219 -2.4372 -0.3533 -1.3499 -4.7773 27.1610 -6.6429 4.7373 23.1093 2.3148 1.2691 -3.5309 11.0099 -1.1387 -11.9626 10.9001 0.0180 -0.1060 0.0002 0.5899 -10.1738 -3.7440 -0.5386 -10.1096 3.7349 1.1398 16.4381 -13.3184 -63.0820 -71.3593 27.5379 -2.0511 -1.6562 -71.2761 159.6058 -55.5129 -96.3935 -15.8236 9.3109 14.4948 -56.1201 1.2822 1.7132 12.6093 18.1792 13.9367 66.2318 41.2914 53.4200 -0.1551 -4.0966 104.1525 67.3881 -20.2115 -9.2403 17.9623 7.0746 -16.8263 51.8568 -3.7308 -5.1981 7.6882 -37.1412 23.4414 -0.1395 26.2669 -0.3051 -5.5383 12.5524 6.6203 1.6759 1.3137 -2.0222 -16.9706 -9.7651 -15.5988 0.2107 30.7008 0.8646 20.0371 -20.0207 -2.4835 -1.4417 -0.1342 1.0076
-1.0789 92.8488 -2.8996 -0.1610 1.2568 -4.9866 -3.4321 10.9026 -0.5373 -2.4289 -0.3980 -1.4089 -4.7762 27.0695 -6.7543 4.6255 23.0937 2.1869 1.3460 -3.5557 11.1248 -1.2762 -11.9201 11.0315 0.0215 -0.1116 -0.0056 0.5941 -10.1836 -3.7498 -0.5359 -10.1175 3.7286 1.1702 16.4605 -13.3080 -62.8659 -71.2404 27.3671 -2.0387 -1.5797 -71.4743 160.1710 -54.9789 -96.7326 -15.8244 9.3090 14.5078 -56.1303 1.3014 1.7225 12.6748 18.1835 13.8579 66.0848 41.4820 53.2978 -0.0000 -4.1581 104.4552 67.4701 -20.5936 -9.6863 17.8510 7.0246 -16.8304 51.8088 -3.7510 -5.2266 7.7449 -37.1840 23.3173 -0.1358 26.1702 -0.3047 -5.5778 12.6069 6.6374 1.6774 1.2930 -2.0249 -16.8855 -9.8281 -15.5924 0.2074 30.7777 0.8660 19.9852 -20.0879 -2.4971 -1.4406 -0.1558 1.0179
-1.0743 92.8431 -2.9289 -0.1882 1.3055 -4.9821 -3.4209 10.7518 -0.5393 -2.4227 -0.4593 -1.4423 -4.7345 26.9221 -6.8227 4.5509 23.0029 2.0510 1.3693 -3.5768 11.2016 -1.3814 -11.8734 11.1428 0.0245 -0.1165 -0.0130 0.6014 -10.1955 -3.7585 -0.5374 -10.1276 3.7220 1.2080 16.5274 -13.2811 -62.9775 -70.9773 27.4867 -2.1032 -1.5446 -71.7651 160.5515 -54.6643 -96.8313 -15.8213 9.3027 14.4942 -56.1791 1.3002 1.7411 12.8091 18.1917 13.7867 65.9216 41.7322 53.1881 0.1708 -4.2249 104.7633 67.4470 -20.8644 -9.7152 17.7776 6.9797 -16.7892 51.7483 -3.7620 -5.2402 7.7487 -37.2053 23.2429 -0.1371 26.0836 -0.3041 -5.6457 12.5952 6.6631 1.6772 1.2636 -2.0349 -16.8507 -9.8260 -15.5716 0.1972 30.6812 0.8636 19.9980 -20.1050 -2.5587 -1.4370 -0.1819 1.0200
-1.0002 92.8725 -2.9013 -0.1969 1.4026 -4.9473 -3.4033 10.5387 -0.5267 -2.4008 -0.5547 -1.4829 -4.6661 26.6801 -6.8187 4.4618 22.8073 1.9033 1.4108 -3.5987 11.2320 -1.4729 -11.8231 11.2473 0.0273 -0.1194 -0.0234 0.6072 -10.2105 -3.7718 -0.5385 -10.1431 3.7144 1.2456 16.5654 -13.2670 -63.1860 -70.4930 27.6878 -2.2465 -1.5078 -72.1458 160.8030 -54.7902 -96.8052 -15.8383 9.2941 14.4827 -56.1603 1.2990 1.7456 13.0089 18.1769 13.7226 65.7705 41.9879 53.0554 0.3758 -4.2701 104.9856 67.3002 -21.1430 -9.5167 17.7291 6.9596 -16.7567 51.6941 -3.7813 -5.2567 7.6827 -37.1736 23.2069 -0.1449 25.9257 -0.3102 -5.6784 12.5879 6.6807 1.6756 1.2140 -2.0435 -16.8541 -9.7295 -15.5548 0.1859 30.3374 0.8675 20.0467 -19.9869 -2.6438 -1.4336 -0.2340 1.0168
-0.9042 92.9626 -2.8018 -0.1967 1.5624 -4.9049 -3.3692 10.2379 -0.5118 -2.3770 -0.6682 -1.5034 -4.5582 26.3069 -6.7790 4.3745 22.4626 1.8118 1.4581 -3.6135 11.1899 -1.5308 -11.7243 11.2732 0.0248 -0.1188 -0.0308 0.6114 -10.2250 -3.7829 -0.5478 -10.1548 3.7118 1.3084 16.5286 -13.1999 -63.3193 -69.6596 27.7348 -2.3996 -1.4892 -72.6309 161.0198 -55.4742 -96.6721 -15.8186 9.2686 14.4126 -56.1077 1.2773 1.7347 13.2763 18.1098 13.6881 65.6051 42.3012 52.8740 0.5632 -4.3241 105.1106 67.1689 -21.4270 -9.2847 17.7109 6.9672 -16.7276 51.6647 -3.8102 -5.2219 7.5444 -37.1324 23.2022 -0.1600 25.7415 -0.3426 -5.7251 12.5287 6.6725 1.6739 1.1911 -2.0574 -16.8639 -9.5605 -15.5676 0.1677 29.7287 0.8592 20.1759 -19.7243 -2.7604 -1.4300 -0.2656 1.0101
-0.7588 93.0953 -2.6340 -0.1851 1.8260 -4.8886 -3.3667 9.8842 -0.4873 -2.3431 -0.8183 -1.5146 -4.4185 25.7640 -6.6690 4.2787 21.9141 1.7923 1.5573 -3.6260 11.0745 -1.5591 -11.6030 11.2544 0.0190 -0.1173 -0.0360 0.6147 -10.2459 -3.7951 -0.5633 -10.1723 3.7159 1.4276 16.4249 -13.0850 -63.4731 -68.4729 27.7647 -2.5711 -1.4884 -73.2976 161.0921 -56.6679 -96.2982 -15.7943 9.2132 14.3244 -56.0339 1.2505 1.7803 13.6144 17.9862 13.6972 65.5438 42.6526 52.7295 0.6451 -4.2737 104.9774 67.0323 -21.7916 -9.0631 17.6713 7.0450 -16.7751 51.6223 -3.7895 -5.2171 7.3364 -37.0922 23.2376 -0.1852 25.4574 -0.3907 -5.7789 12.4944 6.6693 1.6695 1.1333 -2.0619 -16.9037 -9.3243 -15.5896 0.1629 28.8100 0.8727 20.3664 -19.2749 -2.8863 -1.4264 -0.3455 1.0025
-0.5583 93.2716 -2.3924 -0.1880 2.2368 -4.8739 -3.3868 9.4722 -0.4699 -2.3010 -1.0274 -1.5253 -4.2397 25.0319 -6.4880 4.2134 21.1093 1.8151 1.6854 -3.6384 10.9317 -1.6543 -11.4831 11.2583 0.0103 -0.1152 -0.0371 0.6184 -10.2776 -3.8046 -0.5838 -10.2022 3.7261 1.5885 16.2879 -12.8883 -63.5701 -66.8530 27.7095 -2.7298 -1.5050 -74.2456 160.9199 -58.4617 -95.6112 -15.7750 9.1632 14.2238 -55.8976 1.2327 1.8187 14.0155 17.8303 13.7890 65.5729 43.0813 52.5715 0.5735 -4.1274 104.6220 66.6204 -22.1542 -8.5302 17.5685 7.1510 -16.7913 51.6130 -3.7129 -5.1475 7.0923 -37.1413 23.1910 -0.2108 25.2049 -0.4455 -5.8292 12.4343 6.7462 1.6642 1.1152 -2.0641 -16.9145 -9.0689 -15.6623 0.1540 27.6244 0.8662 20.5599 -18.6719 -2.9213 -1.4269 -0.4397 0.9866
-0.3306 93.4566 -2.0865 -0.2236 2.7640 -4.9114 -3.4497 9.0445 -0.4850 -2.2842 -1.2509 -1.4694 -4.0252 24.1162 -6.2649 4.2177 19.9604 1.8154 1.8726 -3.6427 10.8394 -1.8740 -11.4009 11.4040 0.0077 -0.1099 -0.0409 0.6277 -10.3109 -3.8190 -0.5987 -10.2354 3.7331 1.7751 16.1384 -12.5373 -63.6669 -64.8856 27.6372 -2.8049 -1.5498 -75.5596 160.1951 -60.7252 -94.4497 -15.8018 9.1208 14.1792 -55.8001 1.2459 1.9059 14.4017 17.5914 13.8587 65.7852 43.5712 52.4910 0.4596 -3.8449 104.0305 65.5868 -22.3033 -7.0932 17.3743 7.3051 -16.8121 51.6199 -3.5873 -5.0714 6.8740 -37.2688 23.1096 -0.2304 24.9672 -0.4873 -5.9086 12.3692 6.8379 1.6577 1.1004 -2.0530 -16.8761 -8.7795 -15.8026 0.1426 26.1730 0.8702 20.7877 -17.9379 -2.9386 -1.4288 -0.5443 0.9720
-0.0999 93.6590 -1.7223 -0.2977 3.3424 -5.0174 -3.5541 8.6600 -0.5002 -2.2769 -1.4843 -1.3813 -3.8205 23.1263 -6.0016 4.3041 18.4584 1.8021 2.0393 -3.6471 10.7837 -2.0976 -11.4689 11.6127 0.0029 -0.1001 -0.0423 0.6383 -10.3322 -3.8308 -0.6190 -10.2556 3.7436 1.9324 15.9683 -12.1243 -63.6078 -62.6453 27.5244 -2.7918 -1.7314 -77.3038 157.9800 -63.4542 -92.1172 -15.9196 9.1096 14.1542 -55.8561 1.2943 1.9384 14.6988 17.3051 13.9190 66.1295 44.1066 52.4119 0.3560 -3.4357 103.3666 63.9906 -22.1755 -4.7545 17.1634 7.4987 -16.7485 51.7823 -3.4273 -4.9757 6.7307 -37.4698 23.0274 -0.2545 24.8238 -0.5197 -6.0457 12.2511 6.8846 1.6508 1.1469 -2.0349 -16.7889 -8.4746 -15.9626 0.1293 24.6282 0.8631 21.1177 -17.2164 -2.9064 -1.4302 -0.6227 0.9605
0.1312 93.8218 -1.3534 -0.4242 3.8568 -5.1761 -3.6698 8.3554 -0.5162 -2.2869 -1.6415 -1.2480 -3.6504 22.1618 -5.7185 4.4712 16.6416 1.7121 2.1594 -3.6443 10.7377 -2.2529 -11.6810 11.8046 0.0000 -0.0907 -0.0430 0.6522 -10.3460 -3.8438 -0.6395 -10.2663 3.7560 2.0147 15.7181 -11.7602 -63.0825 -60.1564 27.1720 -2.5752 -1.9812 -79.4422 153.9671 -66.7199 -88.4585 -16.0838 9.1620 14.1571 -56.0802 1.3627 1.9074 14.9184 17.0346 13.9462 66.5547 44.6921 52.4238 0.1799 -3.0282 102.7774 62.1157 -21.6059 -1.9130 16.9644 7.7235 -16.6722 52.0896 -3.2715 -4.9437 6.7185 -37.7094 22.9323 -0.2740 24.8447 -0.5383 -6.2355 12.0564 6.8875 1.6516 1.1735 -2.0274 -16.6618 -8.0992 -16.1296 0.1150 23.0616 0.8443 21.4853 -16.5838 -2.7903 -1.4310 -0.6597 0.9464
0.3560 93.9147 -1.0123 -0.5970 4.2944 -5.3630 -3.7908 8.1483 -0.5080 -2.3019 -1.7194 -1.0845 -3.5407 21.3446 -5.4224 4.6874 14.5386 1.5470 2.2269 -3.6525 10.6840 -2.3273 -12.0914 11.9181 -0.0033 -0.0833 -0.0448 0.6710 -10.3364 -3.8564 -0.6654 -10.2540 3.7657 2.0054 15.4225 -11.5518 -62.3454 -57.6288 26.9272 -2.1685 -2.2004 -81.9754 147.6765 -70.1538 -82.7369 -16.3309 9.2275 14.1846 -56.5120 1.4165 1.8830 15.1097 16.7282 14.0184 67.0818 45.3392 52.4140 0.0054 -2.5797 102.3879 60.1944 -20.8057 0.6703 16.7283 7.9332 -16.6471 52.4403 -3.1487 -4.9263 6.8090 -38.0233 22.8553 -0.2987 25.0669 -0.5506 -6.5012 11.7486 6.8401 1.6553 1.2225 -2.0356 -16.5140 -7.7480 -16.2366 0.1041 21.7137 0.7837 21.8867 -16.0903 -2.6210 -1.4342 -0.6713 0.9195
0.5427 93.9557 -0.7204 -0.8027 4.6547 -5.4667 -3.8926 8.0651 -0.4747 -2.2996 -1.7525 -0.9923 -3.5368 20.7934 -5.1257 4.9987 12.3866 1.3807 2.1985 -3.6542 10.6025 -2.4007 -12.6309 11.9118 0.0058 -0.0766 -0.0726 0.6991 -10.3308 -3.8944 -0.6764 -10.2538 3.7446 1.8326 15.1747 -11.4946 -61.6420 -55.5148 26.9730 -1.6036 -2.3953 -84.5519 138.6181 -72.9390 -74.3133 -16.5532 9.3361 14.2367 -57.1181 1.4617 1.8703 15.3611 16.4259 14.2206 67.4307 45.9683 52.1664 -0.0170 -2.1532 102.2884 58.3117 -19.9844 2.4839 16.4944 8.0291 -16.6756 52.5636 -3.0722 -4.9460 6.9626 -38.4265 22.7159 -0.3117 25.4752 -0.5599 -6.7640 11.3429 6.7681 1.6573 1.3036 -2.0400 -16.3253 -7.5012 -16.3333 0.0925 20.7775 0.7247 22.2426 -15.7894 -2.5253 -1.4394 -0.6406 0.9013
0.6556 93.9470 -0.5067 -1.0465 4.8925 -5.4423 -3.9739 8.0913 -0.4242 -2.3046 -1.7292 -0.9355 -3.5972 20.5510 -4.8999 5.3740 10.4379 1.2071 2.1581 -3.6508 10.4541 -2.4855 -13.2224 11.8013 0.0179 -0.0680 -0.1040 0.7253 -10.3187 -3.9344 -0.6789 -10.2538 3.7182 1.5152 15.0001 -11.5337 -61.1494 -54.1043 27.3334 -0.9301 -2.4589 -86.7120 128.8656 -74.2960 -65.1236 -16.6289 9.4756 14.3131 -57.6822 1.5184 1.9065 15.7284 16.1446 14.5009 67.4862 46.4416 51.5599 0.1802 -1.8002 102.3415 56.6769 -19.1066 3.4864 16.3145 8.0045 -16.6634 52.4108 -3.0403 -4.9220 7.1955 -38.8499 22.4960 -0.3090 25.9599 -0.5546 -6.9744 10.9279 6.6915 1.6560 1.3748 -2.0466 -16.0989 -7.3479 -16.4443 0.0839 20.3040 0.6881 22.5190 -15.6303 -2.5826 -1.4468 -0.6127 0.9116
0.7240 93.8868 -0.3937 -1.3718 4.9938 -5.2883 -4.0164 8.2307 -0.3927 -2.3266 -1.6654 -0.8790 -3.6649 20.6053 -4.7470 5.7891 8.9720 1.0687 2.1288 -3.6466 10.1683 -2.5861 -13.8953 11.5835 0.0274 -0.0565 -0.1255 0.7382 -10.3073 -3.9587 -0.6733 -10.2536 3.6950 1.1671 14.9029 -11.6223 -60.9780 -53.3764 27.9612 -0.2162 -2.4599 -88.2966 120.5420 -74.2151 -57.3876 -16.5815 9.7229 14.4803 -58.2390 1.5725 1.9953 16.1518 15.9566 14.8206 67.3218 46.6444 50.7620 0.4439 -1.4854 102.3862 55.4395 -18.2534 3.8760 16.1542 7.8919 -16.5979 52.1333 -3.0766 -4.8869 7.5290 -39.3708 22.2151 -0.3124 26.6209 -0.5614 -7.0780 10.4851 6.5262 1.6569 1.4267 -2.0684 -15.7810 -7.2639 -16.6574 0.0824 20.2903 0.6723 22.6542 -15.6747 -2.6669 -1.4524 -0.5629 0.9289
0.7149 93.7704 -0.3397 -1.7634 4.9437 -5.0287 -4.0373 8.4367 -0.3304 -2.3493 -1.5561 -0.8687 -3.7085 20.9146 -4.6315 6.2594 8.1290 0.9349 2.0389 -3.6350 9.8651 -2.6321 -14.5090 11.2178 0.0330 -0.0442 -0.1325 0.7364 -10.2938 -3.9631 -0.6605 -10.2472 3.6833 0.8339 14.8926 -11.8029 -61.1371 -53.2373 28.7576 0.4079 -2.3638 -89.2025 115.5482 -73.2309 -53.1111 -16.4195 9.9872 14.6645 -58.6624 1.6194 2.1100 16.6310 15.8612 15.1173 66.9144 46.5220 49.8030 0.7400 -1.3246 102.2392 54.8088 -17.3452 4.0146 16.0773 7.7636 -16.4702 51.8480 -3.1069 -4.8382 7.9803 -39.9114 21.9389 -0.3190 27.3963 -0.5589 -7.1018 9.9931 6.2707 1.6590 1.4366 -2.0911 -15.4159 -7.2021 -16.8893 0.0809 20.7085 0.6658 22.7504 -15.8807 -2.7713 -1.4576 -0.5164 0.9651
0.6656 93.6067 -0.3288 -2.1382 4.7873 -4.6831 -4.0517 8.6218 -0.2776 -2.3872 -1.4244 -0.8429 -3.7503 21.3704 -4.5614 6.7318 7.9088 0.8138 1.8933 -3.6342 9.5720 -2.5608 -14.9169 10.7525 0.0376 -0.0373 -0.1345 0.7265 -10.2826 -3.9581 -0.6417 -10.2404 3.6725 0.4810 14.8932 -12.0150 -61.1363 -53.5266 29.1415 0.8050 -2.2274 -89.3906 113.4228 -72.0344 -51.8586 -16.2703 10.2284 14.8353 -58.9831 1.6722 2.2331 17.1027 15.8523 15.3338 66.4634 46.0766 48.9802 0.9638 -1.3037 101.8231 54.7684 -16.3710 4.1680 16.1320 7.6684 -16.3136 51.6416 -3.1102 -4.7571 8.4057 -40.3795 21.7404 -0.3275 28.1681 -0.5523 -7.0648 9.4915 5.9578 1.6616 1.4395 -2.1068 -15.0842 -7.1437 -17.1666 0.0913 21.3420 0.6850 22.7994 -16.1380 -2.8923 -1.4622 -0.4683 1.0051
0.6014 93.4327 -0.3246 -2.4108 4.5868 -4.3014 -4.0693 8.7518 -0.2061 -2.4098 -1.3197 -0.8285 -3.8434 21.9150 -4.5316 7.1134 8.2282 0.7474 1.6928 -3.6241 9.3217 -2.3608 -15.0028 10.1755 0.0409 -0.0381 -0.1317 0.7170 -10.2875 -3.9471 -0.6255 -10.2513 3.6676 0.1042 14.9149 -12.2488 -60.7808 -54.0499 28.8542 0.9054 -2.1844 -88.9813 113.0567 -71.0971 -52.2989 -16.1275 10.4068 14.9172 -59.2417 1.7217 2.3046 17.4542 15.9126 15.4472 66.0834 45.4306 48.4419 1.1309 -1.3821 101.2192 55.1261 -15.4691 4.3384 16.2643 7.6333 -16.1497 51.5500 -3.0961 -4.6507 8.7111 -40.8046 21.6659 -0.3463 28.9554 -0.5585 -6.9911 8.9836 5.5979 1.6602 1.4553 -2.1148 -14.8591 -7.1453 -17.4285 0.0974 22.1781 0.6918 22.8216 -16.5043 -2.9648 -1.4658 -0.4230 1.0445
0.5165 93.2377 -0.3246 -2.5165 4.3695 -3.9953 -4.1027 8.8189 -0.1440 -2.4328 -1.2622 -0.7710 -4.0161 22.4437 -4.5527 7.3233 8.9179 0.7526 1.4690 -3.5965 9.0847 -2.0630 -14.7389 9.5691 0.0389 -0.0432 -0.1192 0.7054 -10.2905 -3.9263 -0.6178 -10.2591 3.6724 -0.2478 14.9991 -12.4369 -60.1233 -54.6860 27.8858 0.7106 -2.1021 -87.9834 113.8130 -70.8491 -53.4210 -16.0021 10.5116 14.8675 -59.3491 1.7670 2.3023 17.5980 16.0807 15.4665 65.8543 44.6524 48.3433 1.2148 -1.5560 100.5091 55.6443 -14.6298 4.4282 16.4140 7.6172 -16.0342 51.5054 -3.1047 -4.5757 8.7775 -41.1151 21.7666 -0.3681 29.7030 -0.5776 -6.8054 8.5509 5.4146 1.6597 1.5215 -2.1147 -14.8296 -7.2451 -17.6591 0.1076 23.0987 0.7130 22.8331 -16.8700 -2.9370 -1.4657 -0.4354 1.0673
0.4580 93.0494 -0.3354 -2.4570 4.1017 -3.7980 -4.1270 8.8480 -0.1019 -2.4385 -1.2420 -0.6869 -4.2449 22.9087 -4.6169 7.2797 9.9172 0.8364 1.2753 -3.5693 8.8618 -1.7657 -14.2790 9.0221 0.0346 -0.0468 -0.0998 0.6945 -10.2940 -3.9046 -0.6150 -10.2690 3.6901 -0.5752 15.1388 -12.6099 -59.4697 -55.3380 26.6915 0.2579 -1.9190 -86.6411 115.6537 -71.2090 -55.1344 -15.8833 10.4944 14.7393 -59.1790 1.7702 2.2409 17.4770 16.3514 15.4111 65.7756 43.8878 48.6320 1.2770 -1.6813 99.9416 56.0426 -13.9626 4.4286 16.4491 7.6042 -15.9836 51.3964 -3.1802 -4.5489 8.7002 -41.2443 21.9351 -0.3833 30.3808 -0.5993 -6.5665 8.1705 5.4192 1.6543 1.6253 -2.1056 -15.0186 -7.3700 -17.8315 0.1261 23.9956 0.7445 22.8369 -17.2622 -2.8319 -1.4624 -0.4277 1.0812
0.4186 92.8921 -0.3306 -2.3005 3.7637 -3.7990 -4.1353 8.8774 -0.0553 -2.4152 -1.2682 -0.6296 -4.4985 23.3150 -4.6891 6.9772 11.0774 1.0593 1.1335 -3.5422 8.6738 -1.4825 -13.6831 8.5444 0.0267 -0.0503 -0.0745 0.6741 -10.3021 -3.8768 -0.6105 -10.2828 3.7166 -0.9558 15.2569 -12.7133 -58.7865 -55.9453 25.4038 -0.3037 -1.7681 -85.1090 118.4847 -71.7558 -57.6042 -15.8169 10.4140 14.5900 -58.8591 1.7339 2.1504 17.1634 16.6909 15.3657 65.7616 43.2700 49.1289 1.2049 -1.7670 99.6119 56.3333 -13.4729 4.3712 16.4425 7.5454 -15.9767 51.3229 -3.2724 -4.5761 8.6106 -41.1657 22.0871 -0.3884 30.9889 -0.6085 -6.2964 7.8543 5.6518 1.6528 1.7101 -2.0957 -15.3548 -7.5090 -17.9138 0.1462 24.8327 0.7920 22.8340 -17.6289 -2.6003 -1.4592 -0.4242 1.0848
0.3819 92.7630 -0.3372 -2.0882 3.3749 -4.0110 -4.1191 8.8698 -0.0125 -2.3908 -1.3000 -0.5629 -4.7317 23.6222 -4.7765 6.4830 12.3442 1.3547 1.0665 -3.5236 8.5088 -1.2720 -12.9209 8.2292 0.0159 -0.0544 -0.0431 0.6540 -10.3192 -3.8463 -0.6118 -10.3018 3.7525 -1.3311 15.3268 -12.7641 -58.2916 -56.3612 24.2653 -0.7689 -1.6416 -83.5661 121.7692 -72.1462 -60.6965 -15.7726 10.3144 14.4967 -58.4535 1.6757 2.0701 16.7322 17.0163 15.2778 65.7548 42.8113 49.7019 1.1310 -1.7866 99.4422 56.4307 -13.2018 4.4738 16.3797 7.4991 -16.0208 51.2590 -3.3688 -4.5926 8.5414 -40.8862 22.2599 -0.3730 31.4613 -0.5958 -6.1014 7.5793 5.9895 1.6529 1.7558 -2.0819 -15.7628 -7.6479 -17.8856 0.1774 25.5806 0.8455 22.8564 -17.9581 -2.2795 -1.4551 -0.3989 1.0831
0.3314 92.6468 -0.3463 -1.8598 2.9434 -4.3890 -4.0876 8.8316 0.0095 -2.3609 -1.3227 -0.5180 -4.9269 23.8500 -4.8466 5.9199 13.6469 1.6448 1.0448 -3.5115 8.4036 -1.1697 -12.0523 8.0562 0.0019 -0.0601 -0.0118 0.6310 -10.3385 -3.8102 -0.6175 -10.3164 3.7844 -1.7049 15.3894 -12.7857 -57.9301 -56.6160 23.2985 -1.0326 -1.5823 -82.1652 124.4001 -72.3484 -63.3433 -15.7881 10.2602 14.4926 -58.1746 1.6294 2.0367 16.3080 17.3487 15.1528 65.6383 42.4449 50.1170 1.0990 -1.7342 99.4282 56.5308 -12.9482 4.8701 16.3919 7.4715 -16.0422 51.2400 -3.4064 -4.6133 8.5443 -40.5025 22.4637 -0.3619 31.8465 -0.5827 -5.9946 7.3615 6.3607 1.6564 1.7364 -2.0657 -16.2106 -7.7533 -17.7783 0.2065 26.2336 0.8818 22.8973 -18.2635 -1.9394 -1.4529 -0.3392 1.0757
0.2854 92.5749 -0.3493 -1.6215 2.4700 -4.8555 -4.0434 8.7588 0.0094 -2.3367 -1.3529 -0.4993 -5.0563 24.0030 -4.8914 5.3395 14.9815 1.8617 1.0308 -3.5057 8.3953 -1.1523 -11.2205 8.0522 -0.0120 -0.0660 0.0114 0.6128 -10.3496 -3.7816 -0.6277 -10.3244 3.8078 -2.0636 15.4669 -12.8002 -57.7817 -56.7518 22.6073 -1.2128 -1.5973 -80.9101 126.5824 -72.4419 -65.5990 -15.8452 10.2300 14.4859 -57.9551 1.6040 2.0045 15.8819 17.6645 14.9807 65.5888 42.0922 50.5023 1.0879 -1.7644 99.4646 56.6637 -12.6521 5.3002 16.4012 7.4732 -16.0563 51.2970 -3.4218 -4.6031 8.5852 -39.9436 22.6961 -0.3423 32.0116 -0.5511 -5.9192 7.2615 6.7196 1.6610 1.7029 -2.0529 -16.6684 -7.7610 -17.6608 0.2332 26.7142 0.9308 22.9442 -18.4670 -1.5776 -1.4523 -0.2975 1.0662
0.2097 92.5594 -0.3544 -1.3749 1.9753 -5.3485 -3.9817 8.6326 0.0243 -2.3117 -1.4087 -0.5402 -5.1372 24.0841 -4.9460 4.7666 16.3208 2.0683 1.0240 -3.4929 8.3923 -1.1890 -10.4321 8.1018 -0.0252 -0.0707 0.0282 0.5982 -10.3613 -3.7598 -0.6408 -10.3351 3.8265 -2.3963 15.5624 -12.7757 -57.8343 -56.7881 22.1056 -1.3858 -1.5746 -79.6825 129.0283 -72.5019 -68.1370 -15.8762 10.2082 14.4625 -57.7404 1.6078 1.9490 15.4690 17.9712 14.7792 65.5640 41.7615 50.8099 1.0790 -1.8910 99.5558 56.8308 -12.4487 5.5813 16.4466 7.5085 -16.0888 51.5182 -3.3894 -4.6687 8.6711 -39.2229 22.9255 -0.3258 31.9263 -0.5313 -5.8795 7.2734 7.0887 1.6671 1.6574 -2.0379 -17.1178 -7.6374 -17.5248 0.2407 26.9691 0.9609 22.9924 -18.5267 -1.2593 -1.4536 -0.2633 1.0571
0.1346 92.6117 -0.3574 -1.1202 1.4702 -5.8096 -3.9009 8.4555 -0.0037 -2.2866 -1.4972 -0.5491 -5.1700 24.0987 -5.0684 4.1900 17.6092 2.2526 1.0869 -3.4891 8.3837 -1.2795 -9.6972 8.2125 -0.0352 -0.0762 0.0375 0.5816 -10.3595 -3.7448 -0.6440 -10.3361 3.8327 -2.6609 15.6852 -12.6796 -58.1776 -56.7986 21.8420 -1.5998 -1.5098 -78.4734 131.7445 -72.4353 -70.8324 -15.9074 10.1657 14.4454 -57.4966 1.6102 1.8758 15.0881 18.2815 14.5366 65.5904 41.4979 51.1126 1.0542 -2.0205 99.7410 57.0193 -12.4368 5.7119 16.4295 7.5796 -16.1532 51.8446 -3.3500 -4.7221 8.7649 -38.3676 23.1269 -0.3081 31.6008 -0.5181 -5.8616 7.4068 7.4097 1.6706 1.6026 -2.0176 -17.5322 -7.3812 -17.4248 0.2394 26.9907 0.9913 22.9939 -18.4378 -0.9625 -1.4522 -0.2705 1.0408
0.0334 92.7526 -0.3386 -0.8707 0.9808 -6.2478 -3.8106 8.2303 -0.0212 -2.2336 -1.6323 -0.6173 -5.1652 23.9955 -5.1989 3.6442 18.8087 2.4011 1.1706 -3.4838 8.3825 -1.3663 -9.0466 8.3257 -0.0376 -0.0777 0.0364 0.5746 -10.3621 -3.7443 -0.6417 -10.3423 3.8308 -2.8355 15.8128 -12.4888 -58.7122 -56.6436 21.6705 -1.7459 -1.4907 -77.3352 134.0103 -72.1744 -73.0324 -15.9032 10.1611 14.4807 -57.2945 1.6117 1.8387 14.7175 18.5190 14.2581 65.7838 41.3479 51.4721 1.0303 -2.0859 99.9741 57.2932 -12.7295 5.7876 16.3081 7.6860 -16.3358 52.0848 -3.2930 -4.8008 8.8806 -37.3724 23.2998 -0.3065 31.0142 -0.5368 -5.9173 7.6484 7.6975 1.6741 1.5547 -1.9971 -17.8920 -6.9591 -17.3182 0.2343 26.7139 1.0175 22.9755 -18.2107 -0.7128 -1.4531 -0.2950 1.0279
-0.0875 92.9414 -0.2824 -0.6267 0.5334 -6.6432 -3.7162 7.9420 -0.0562 -2.1737 -1.7910 -0.7021 -5.1184 23.7564 -5.3230 3.1349 19.8048 2.4828 1.2683 -3.4810 8.4212 -1.4255 -8.4037 8.4305 -0.0354 -0.0764 0.0300 0.5755 -10.3545 -3.7546 -0.6379 -10.3390 3.8277 -2.9576 15.9424 -12.2816 -59.3820 -56.3343 21.6619 -1.8455 -1.5275 -76.3473 135.2870 -71.8665 -74.0755 -15.8919 10.1479 14.4994 -57.1429 1.5971 1.8052 14.4346 18.7438 13.9604 66.0309 41.3336 51.8226 0.9770 -2.0511 100.2554 57.6455 -13.1988 5.9442 16.1913 7.8033 -16.5226 52.3170 -3.2317 -4.8446 8.9990 -36.2698 23.4440 -0.3002 30.1728 -0.5486 -6.0382 8.0044 7.9714 1.6759 1.5223 -1.9922 -18.2005 -6.3758 -17.2170 0.2209 26.1194 1.0165 22.9738 -17.8958 -0.5429 -1.4563 -0.3133 1.0192
-0.2157 93.1668 -0.2093 -0.3900 0.1446 -7.0125 -3.6121 7.6053 -0.1018 -2.1161 -1.9630 -0.8002 -5.0367 23.4067 -5.4195 2.6892 20.5737 2.5100 1.3757 -3.4808 8.4876 -1.5064 -7.7854 8.5740 -0.0299 -0.0744 0.0193 0.5851 -10.3543 -3.7705 -0.6353 -10.3452 3.8193 -3.0270 16.0718 -12.0860 -60.0840 -55.9029 21.7841 -1.8357 -1.5896 -75.5340 135.4869 -71.6486 -73.9176 -15.8618 10.1700 14.5097 -57.0292 1.5971 1.7694 14.2310 18.9114 13.6405 66.3424 41.4750 52.1882 0.8689 -2.0376 100.5743 58.0534 -13.8003 6.0022 16.1002 7.8888 -16.7150 52.5136 -3.2089 -4.9272 9.1272 -35.1310 23.5385 -0.2993 29.1576 -0.5638 -6.2056 8.4353 8.1928 1.6771 1.4639 -1.9904 -18.4755 -5.6880 -17.1598 0.2094 25.2724 0.9994 23.0064 -17.5175 -0.3993 -1.4594 -0.3194 1.0140
-0.3752 93.3935 -0.1087 -0.1659 -0.1653 -7.3590 -3.4980 7.2252 -0.1456 -2.0578 -2.1482 -0.8973 -4.9101 22.9549 -5.4971 2.2830 21.0356 2.4740 1.5047 -3.4935 8.6221 -1.6037 -7.1298 8.7757 -0.0240 -0.0775 0.0065 0.5966 -10.3536 -3.7916 -0.6344 -10.3500 3.8117 -3.1132 16.1692 -11.9207 -60.8582 -55.3911 22.1485 -1.8062 -1.6365 -74.9313 134.9655 -71.5828 -72.8581 -15.8575 10.1842 14.5121 -56.9189 1.6074 1.7343 14.1469 19.0206 13.3374 66.6349 41.7878 52.4749 0.7235 -2.0580 100.9305 58.4565 -14.4406 6.0526 16.0374 7.9458 -16.8379 52.6712 -3.2073 -4.9821 9.2527 -34.0139 23.6113 -0.2953 28.0435 -0.5669 -6.3904 8.8736 8.3766 1.6773 1.4035 -1.9875 -18.7132 -4.9807 -17.1064 0.1922 24.2790 0.9755 23.0805 -17.0996 -0.2937 -1.4622 -0.3284 1.0092
-0.5404 93.6244 0.0088 0.0535 -0.3954 -7.7019 -3.3698 6.8226 -0.1837 -1.9967 -2.3475 -1.0007 -4.7394 22.4942 -5.5417 1.8852 21.1950 2.3917 1.6442 -3.5098 8.8120 -1.7254 -6.5160 8.9989 -0.0217 -0.0836 -0.0039 0.6094 -10.3682 -3.8120 -0.6423 -10.3700 3.8097 -3.1879 16.2192 -11.8162 -61.8099 -54.8867 22.9433 -1.8282 -1.7620 -74.5375 133.2406 -71.7240 -70.5478 -15.9106 10.1946 14.5357 -56.8564 1.6450 1.7241 14.1041 19.0640 13.0778 66.8768 42.1546 52.5530 0.6429 -2.1067 101.3035 58.9571 -15.2064 5.9348 16.0345 7.9867 -16.9639 52.8122 -3.2375 -5.0966 9.3411 -32.9863 23.6892 -0.2885 26.9202 -0.5586 -6.5698 9.3027 8.5131 1.6752 1.3518 -1.9868 -18.9096 -4.3227 -17.0538 0.1819 23.2492 0.9505 23.1974 -16.6854 -0.2086 -1.4639 -0.3360 1.0121
-0.6596 93.8276 0.1020 0.2623 -0.5437 -8.0216 -3.2335 6.4397 -0.2223 -1.9450 -2.5324 -1.0821 -4.5371 22.0259 -5.5603 1.5085 21.0594 2.2798 1.8072 -3.5253 8.9898 -1.8305 -5.9711 9.2593 -0.0241 -0.0941 -0.0099 0.6174 -10.3691 -3.8254 -0.6549 -10.3753 3.8115 -3.2761 16.2135 -11.7506 -62.7525 -54.3800 23.8767 -1.8263 -1.8136 -74.3525 131.0830 -71.8708 -67.7572 -15.9971 10.2077 14.5603 -56.8065 1.6987 1.7165 14.1346 19.0331 12.8779 67.1604 42.5777 52.6013 0.5187 -2.2360 101.6040 59.5137 -15.8756 5.5625 16.0786 8.0135 -17.0109 52.8968 -3.2693 -5.1656 9.3859 -32.0474 23.7964 -0.2771 25.8130 -0.5384 -6.7401 9.7075 8.6535 1.6735 1.3307 -1.9946 -19.0964 -3.7480 -17.0487 0.1789 22.2154 0.9198 23.3076 -16.3164 -0.1371 -1.4657 -0.3508 1.0035
-0.7388 93.9901 0.1686 0.4632 -0.6117 -8.3228 -3.1053 6.1088 -0.2316 -1.8867 -2.6989 -1.1450 -4.3392 21.6347 -5.5674 1.2102 20.7140 2.1664 1.9490 -3.5426 9.1304 -1.8851 -5.5385 9.5524 -0.0256 -0.1079 -0.0184 0.6262 -10.3754 -3.8415 -0.6670 -10.3808 3.8114 -3.3446 16.1837 -11.6916 -63.6852 -53.9515 24.9057 -1.8079 -1.8225 -74.4328 129.0422 -71.8876 -65.0174 -16.1352 10.1674 14.5888 -56.7537 1.7318 1.7338 14.1866 18.9636 12.7433 67.4157 42.9762 52.5575 0.4398 -2.3353 101.8524 60.0062 -16.4569 5.0681 16.1414 8.0319 -17.0392 52.9610 -3.2992 -5.2380 9.3658 -31.2906 23.9128 -0.2651 24.8573 -0.5137 -6.8657 10.0882 8.8044 1.6715 1.3326 -2.0010 -19.2624 -3.3400 -17.0550 0.1841 21.3438 0.8932 23.4158 -16.0384 -0.0461 -1.4645 -0.3766 0.9882
-0.8244 94.1146 0.1848 0.6692 -0.5922 -8.5707 -3.0036 5.8502 -0.2337 -1.8300 -2.8290 -1.1833 -4.1507 21.3081 -5.5566 1.0219 20.1885 2.1011 2.0531 -3.5503 9.2520 -1.8840 -5.2626 9.8185 -0.0272 -0.1163 -0.0271 0.6337 -10.3828 -3.8587 -0.6785 -10.3862 3.8137 -3.3800 16.1417 -11.6381 -64.5405 -53.6485 25.9520 -1.7958 -1.8136 -74.6562 127.3035 -71.7559 -62.6622 -16.2569 10.1223 14.6249 -56.7502 1.7391 1.7354 14.2644 18.8336 12.6822 67.6414 43.3836 52.4864 0.4297 -2.4595 102.0233 60.2491 -16.8807 4.6551 16.1910 8.0869 -17.1134 52.9800 -3.2969 -5.3041 9.2747 -30.6868 24.0227 -0.2579 23.9925 -0.4983 -6.9037 10.4106 9.0030 1.6688 1.3364 -2.0108 -19.4272 -3.1288 -17.0537 0.1826 20.6947 0.8714 23.5470 -15.8726 -0.0235 -1.4627 -0.3902 0.9731
-0.8777 94.2050 0.1629 0.8713 -0.5074 -8.7572 -2.9220 5.6982 -0.2468 -1.7842 -2.9134 -1.1793 -3.9700 21.0676 -5.5328 0.8969 19.6108 2.0959 2.1588 -3.5471 9.3427 -1.8681 -5.1212 10.0328 -0.0287 -0.1204 -0.0340 0.6407 -10.3942 -3.8738 -0.6885 -10.3922 3.8147 -3.3308 16.0615 -11.5671 -65.3544 -53.4323 26.9167 -1.7334 -1.8598 -75.0265 125.4895 -71.5358 -60.3366 -16.3380 10.0900 14.6725 -56.8071 1.7393 1.7480 14.3452 18.7018 12.6805 67.8239 43.7613 52.3925 0.4376 -2.5688 102.1658 60.3165 -17.1551 4.3476 16.1429 8.1442 -17.1667 52.9566 -3.2649 -5.3235 9.1277 -30.2578 24.0554 -0.2485 23.2868 -0.4771 -6.9282 10.7132 9.1904 1.6676 1.3323 -2.0215 -19.5607 -3.0924 -17.0722 0.1931 20.2640 0.8742 23.6406 -15.8050 -0.0532 -1.4582 -0.3556 0.9543
-0.9246 94.2721 0.1277 1.0536 -0.3835 -8.8568 -2.8533 5.6457 -0.2669 -1.7420 -2.9434 -1.1707 -3.8149 20.8889 -5.4781 0.8387 19.0157 2.1105 2.2450 -3.5431 9.4694 -1.8543 -5.1097 10.2555 -0.0269 -0.1191 -0.0418 0.6475 -10.3873 -3.8859 -0.6915 -10.3826 3.8104 -3.2579 15.9325 -11.4861 -66.0635 -53.2315 27.7432 -1.6352 -1.8978 -75.5468 123.6132 -71.3042 -58.0393 -16.3954 10.1012 14.7434 -56.9554 1.7354 1.7673 14.4610 18.5972 12.7688 67.9588 44.0816 52.2572 0.4199 -2.6402 102.2249 60.2060 -17.3045 4.1953 16.0986 8.2079 -17.2428 52.8941 -3.2127 -5.3039 8.9584 -29.9665 24.0438 -0.2419 22.7188 -0.4615 -6.9172 10.9529 9.3654 1.6671 1.3244 -2.0318 -19.6714 -3.1911 -17.0722 0.1900 20.0333 0.8522 23.6965 -15.7915 -0.1072 -1.4584 -0.3202 0.9478
-0.9644 94.3256 0.0628 1.2351 -0.2397 -8.8936 -2.8108 5.6902 -0.2712 -1.7078 -2.9486 -1.1636 -3.6957 20.8058 -5.4078 0.8269 18.4322 2.0864 2.3088 -3.5521 9.6704 -1.8197 -5.2290 10.4643 -0.0244 -0.1172 -0.0475 0.6566 -10.3887 -3.8963 -0.6953 -10.3783 3.8078 -3.1505 15.7950 -11.3856 -66.6676 -53.0789 28.3864 -1.5292 -1.9306 -76.1847 121.9627 -71.0400 -56.0229 -16.4688 10.1426 14.8141 -57.1810 1.7328 1.7928 14.5989 18.5321 12.9230 68.0434 44.3409 52.0849 0.3760 -2.6491 102.2297 60.0269 -17.3478 4.1044 16.0032 8.2343 -17.2409 52.8211 -3.1678 -5.2688 8.7517 -29.7966 23.9956 -0.2459 22.2774 -0.4549 -6.8647 11.1529 9.5281 1.6635 1.2798 -2.0377 -19.7724 -3.3921 -17.0659 0.1864 19.9967 0.8257 23.7095 -15.8141 -0.1492 -1.4598 -0.2778 0.9449
-1.0227 94.3609 0.0180 1.3880 -0.0507 -8.8522 -2.7854 5.8140 -0.2828 -1.6850 -2.9047 -1.1354 -3.5979 20.7802 -5.3295 0.9233 17.8753 2.0792 2.3338 -3.5443 9.8600 -1.7719 -5.4829 10.6509 -0.0261 -0.1120 -0.0432 0.6594 -10.3800 -3.8910 -0.7010 -10.3634 3.8111 -2.9929 15.6117 -11.2446 -66.9749 -52.8766 28.5872 -1.3172 -1.9773 -76.8705 120.2325 -70.8577 -54.1273 -16.5157 10.1515 14.8058 -57.3229 1.7080 1.7907 14.7215 18.4092 13.1401 68.0729 44.4565 51.7529 0.4373 -2.6372 102.1646 59.7400 -17.2467 4.0802 15.9629 8.2506 -17.1940 52.7811 -3.1132 -5.2273 8.5188 -29.7755 23.8818 -0.2533 22.0012 -0.4660 -6.8214 11.2865 9.7308 1.6609 1.2279 -2.0538 -19.8414 -3.7368 -17.0841 0.1829 20.1549 0.8178 23.6674 -15.9067 -0.1368 -1.4632 -0.2484 0.9344
-1.0589 94.3703 -0.0499 1.5203 0.1689 -8.7308 -2.8011 6.0103 -0.2709 -1.6742 -2.8383 -1.1084 -3.5427 20.8280 -5.2524 1.0930 17.4141 2.0450 2.3697 -3.5518 10.0654 -1.6781 -5.8626 10.8187 -0.0275 -0.1075 -0.0339 0.6602 -10.3768 -3.8827 -0.7039 -10.3592 3.8221 -2.8357 15.4450 -11.1027 -67.0583 -52.8060 28.4827 -1.1085 -1.9632 -77.5189 119.0495 -70.7773 -52.8177 -16.5986 10.1159 14.7618 -57.4482 1.6667 1.8027 14.9157 18.2672 13.4163 68.0852 44.5474 51.3465 0.4897 -2.6814 102.0597 59.5010 -16.9599 3.9583 15.9294 8.2458 -17.1117 52.7712 -3.0724 -5.1821 8.2729 -29.9127 23.7694 -0.2648 21.8889 -0.4751 -6.7720 11.3652 9.8840 1.6595 1.1621 -2.0729 -19.8924 -4.1844 -17.0975 0.1845 20.5114 0.8028 23.5789 -16.0836 -0.1424 -1.4675 -0.2390 0.9190
-1.0530 94.3393 -0.1197 1.5904 0.4066 -8.5544 -2.8447 6.2520 -0.2685 -1.6759 -2.7332 -1.0637 -3.5116 20.9501 -5.1813 1.3666 17.0773 2.0258 2.3987 -3.5529 10.2198 -1.5371 -6.3630 10.9487 -0.0281 -0.0985 -0.0242 0.6597 -10.3782 -3.8712 -0.7044 -10.3562 3.8300 -2.6907 15.2775 -10.9566 -66.8097 -52.8681 28.0169 -0.9190 -1.9308 -78.1018 117.9498 -70.7877 -51.6860 -16.6788 10.0717 14.6821 -57.5541 1.6088 1.8348 15.1056 18.1195 13.7114 68.0357 44.5267 50.8499 0.5900 -2.6827 101.9160 59.3168 -16.6828 3.7602 15.9015 8.1808 -17.0185 52.7495 -3.0791 -5.1655 8.0628 -30.2358 23.5763 -0.2678 22.0207 -0.4782 -6.7517 11.3250 9.9830 1.6614 1.1199 -2.1104 -19.8663 -4.7130 -17.1239 0.1863 21.0436 0.7907 23.4099 -16.3595 -0.1803 -1.4716 -0.2250 0.8917
-1.0325 94.2698 -0.1719 1.5774 0.6551 -8.3634 -2.9217 6.5349 -0.2789 -1.6961 -2.5880 -0.9945 -3.4923 21.1566 -5.1047 1.7290 16.8674 1.9584 2.3830 -3.5672 10.4151 -1.3744 -6.9665 11.0458 -0.0265 -0.0903 -0.0167 0.6585 -10.3807 -3.8627 -0.6996 -10.3561 3.8342 -2.5537 15.1901 -10.8552 -66.4950 -53.1901 27.5936 -0.8414 -1.9195 -78.6513 116.7058 -70.8475 -50.5681 -16.7582 10.0442 14.6114 -57.6619 1.5648 1.8529 15.3606 17.9764 13.9731 67.8513 44.5126 50.2931 0.6803 -2.5950 101.8509 59.1709 -16.4591 3.5111 15.8990 8.0835 -16.9373 52.6822 -3.1225 -5.1649 7.9441 -30.7433 23.3196 -0.2616 22.4060 -0.4672 -6.7697 11.1735 10.0826 1.6603 1.1140 -2.1343 -19.7638 -5.3357 -17.1304 0.1933 21.8059 0.8102 23.2321 -16.7283 -0.2932 -1.4740 -0.1803 0.8741
-0.9877 94.1305 -0.2594 1.4664 0.8961 -8.1422 -3.0265 6.8746 -0.2773 -1.7283 -2.4221 -0.9578 -3.5059 21.4768 -5.0090 2.2198 16.7855 1.8504 2.3125 -3.5761 10.6658 -1.1852 -7.6754 11.0644 -0.0202 -0.0791 -0.0169 0.6587 -10.3808 -3.8582 -0.6864 -10.3523 3.8268 -2.4027 15.1465 -10.8108 -66.1095 -53.7859 27.2791 -0.8939 -1.9632 -79.1752 115.0618 -70.9439 -49.1962 -16.8654 10.0506 14.5185 -57.9082 1.5351 1.8348 15.6928 17.8217 14.2108 67.5342 44.5159 49.6735 0.7557 -2.4235 101.8824 59.0723 -16.4340 3.0898 15.8962 7.9702 -16.8609 52.5351 -3.1771 -5.1572 7.9327 -31.4960 22.9847 -0.2537 23.1883 -0.4499 -6.7925 10.8400 10.1532 1.6578 1.1426 -2.1519 -19.5639 -6.0239 -17.0829 0.2071 22.8467 0.8109 23.0272 -17.2328 -0.4017 -1.4769 -0.1335 0.8770
-0.9552 93.9204 -0.3310 1.2649 1.1246 -7.8911 -3.1523 7.2412 -0.2717 -1.7856 -2.2177 -0.9359 -3.5477 21.8860 -4.9614 2.8025 16.8313 1.7937 2.2240 -3.5804 10.9071 -1.0125 -8.3891 11.0263 -0.0101 -0.0669 -0.0203 0.6614 -10.3791 -3.8560 -0.6687 -10.3475 3.8138 -2.3060 15.1484 -10.8197 -65.5978 -54.6791 27.0917 -1.0014 -2.1210 -79.5069 113.5060 -70.8968 -48.2491 -16.8678 10.1305 14.5032 -58.2166 1.5653 1.8345 16.1278 17.6468 14.4164 67.1249 44.5953 49.0286 0.7954 -2.2232 102.0208 59.0603 -16.4736 2.6639 15.9249 7.8735 -16.8155 52.3909 -3.2229 -5.1439 8.0325 -32.4329 22.6012 -0.2445 24.2514 -0.4387 -6.7912 10.4323 10.1882 1.6554 1.2199 -2.1494 -19.2798 -6.7267 -16.9791 0.2154 24.0443 0.8132 22.8711 -17.8130 -0.6579 -1.4792 -0.0007 0.8995
-0.9072 93.6813 -0.3860 1.0085 1.3325 -7.6465 -3.2909 7.6150 -0.2425 -1.8534 -1.9969 -0.9353 -3.6419 22.3843 -4.9613 3.3713 17.0133 1.7657 2.1610 -3.5823 11.1107 -0.8994 -9.0858 11.0157 -0.0002 -0.0560 -0.0246 0.6688 -10.3839 -3.8541 -0.6560 -10.3457 3.7997 -2.3694 15.1871 -10.9711 -64.8464 -55.8189 26.9564 -1.0727 -2.2941 -79.5022 112.5555 -70.7693 -48.2656 -16.8840 10.2161 14.5320 -58.6066 1.6070 1.8869 16.6653 17.4938 14.5924 66.5101 44.6790 48.2659 0.8508 -2.1253 102.1877 59.1476 -16.5444 2.1847 15.9990 7.7895 -16.7687 52.2465 -3.2821 -5.1047 8.1738 -33.4881 22.2531 -0.2273 25.5338 -0.4188 -6.7165 9.9095 10.1759 1.6538 1.3434 -2.1410 -18.9426 -7.4390 -16.8192 0.2254 25.3861 0.8077 22.7004 -18.4036 -0.9294 -1.4805 0.1301 0.9302
-0.8579 93.3941 -0.4279 0.7878 1.5269 -7.3932 -3.4318 7.9415 -0.2161 -1.9254 -1.7767 -0.9349 -3.8231 22.9498 -5.0251 3.8154 17.3001 1.7368 2.0683 -3.5848 11.2885 -0.8944 -9.6050 11.1054 0.0023 -0.0557 -0.0184 0.6686 -10.3897 -3.8406 -0.6515 -10.3482 3.7979 -2.6768 15.2623 -11.2650 -63.9439 -57.1482 26.8625 -1.1248 -2.3502 -79.0486 112.5332 -70.6915 -49.4629 -16.8254 10.2616 14.5539 -58.7817 1.6477 1.9580 17.2230 17.4188 14.7598 65.8907 44.6520 47.6243 0.8439 -2.1421 102.2026 59.2807 -16.5698 1.5530 16.1797 7.7164 -16.6942 52.0769 -3.3220 -5.0379 8.2364 -34.5392 22.0516 -0.2142 26.8372 -0.4009 -6.5261 9.3916 10.1350 1.6531 1.4448 -2.1171 -18.6986 -8.0811 -16.6536 0.2337 26.6271 0.8188 22.5989 -18.9246 -1.2166 -1.4775 0.2081 0.9596
-0.7812 93.1251 -0.4262 0.6413 1.7012 -7.1791 -3.5337 8.2082 -0.1686 -1.9823 -1.5976 -0.9360 -4.0896 23.5424 -5.0982 4.0482 17.7219 1.7457 1.9055 -3.5642 11.3513 -0.9386 -9.9192 11.1412 -0.0020 -0.0622 -0.0099 0.6609 -10.4085 -3.8292 -0.6533 -10.3677 3.8060 -3.1982 15.3122 -11.7318 -62.9015 -58.4743 26.7469 -1.2435 -2.2853 -78.1367 113.0123 -70.8831 -51.2602 -16.6928 10.2380 14.4759 -58.6528 1.6605 1.9855 17.6769 17.4282 14.9212 65.2870 44.4248 47.0739 0.9209 -2.3174 101.9764 59.3752 -16.5537 0.8779 16.4248 7.6258 -16.5671 51.9376 -3.3714 -4.9789 8.1504 -35.5004 22.1047 -0.2004 28.0712 -0.3842 -6.2399 8.8803 10.0230 1.6508 1.5104 -2.1029 -18.5832 -8.5923 -16.4749 0.2339 27.6478 0.8276 22.5179 -19.3148 -1.4642 -1.4726 0.2059 0.9789
-0.6688 92.8796 -0.3723 0.5754 1.7811 -6.9603 -3.5912 8.4427 -0.1527 -2.0275 -1.4707 -0.8887 -4.4071 24.1365 -5.1994 4.0006 18.2679 1.8382 1.7256 -3.5430 11.2314 -1.0103 -10.0084 11.0628 -0.0123 -0.0690 -0.0026 0.6382 -10.4078 -3.8130 -0.6511 -10.3677 3.8084 -3.7898 15.2607 -12.2019 -61.8260 -59.5313 26.3323 -1.3370 -2.0293 -77.0191 113.3784 -71.3031 -52.8783 -16.4967 10.1878 14.3384 -58.2914 1.6388 1.9624 17.9303 17.5887 15.1275 64.8354 43.9565 46.7804 0.9795 -2.5405 101.4925 59.4954 -16.3727 0.5786 16.7000 7.5535 -16.4771 52.0001 -3.4534 -4.9371 7.9568 -36.2713 22.3244 -0.1900 29.2122 -0.3695 -5.8891 8.4169 9.8895 1.6543 1.5543 -2.1097 -18.5962 -8.8798 -16.3051 0.2376 28.4344 0.8704 22.4496 -19.6750 -1.6885 -1.4641 0.1781 0.9846
-0.5671 92.6516 -0.2788 0.5542 1.7746 -6.8052 -3.6384 8.6506 -0.1550 -2.0694 -1.3572 -0.7917 -4.6929 24.6330 -5.2829 3.7444 18.8865 2.0090 1.5503 -3.5151 10.9862 -1.0691 -10.0015 10.8392 -0.0206 -0.0706 0.0084 0.6119 -10.3719 -3.7877 -0.6424 -10.3298 3.8086 -4.2605 15.1692 -12.5215 -61.1347 -60.1587 25.8441 -1.3940 -1.7819 -76.1936 113.5210 -71.5626 -54.0177 -16.3332 10.1409 14.2454 -58.0026 1.5892 1.9653 18.0269 17.8418 15.3343 64.5755 43.4810 46.8150 0.8720 -2.7185 100.8518 59.6585 -15.9400 0.6052 16.8568 7.5317 -16.4181 52.0970 -3.4605 -4.8714 7.7856 -36.8821 22.5772 -0.2073 30.3363 -0.4068 -5.6180 7.9465 9.8248 1.6606 1.6169 -2.1081 -18.6933 -9.0143 -16.1462 0.2450 29.0619 0.9261 22.4371 -19.9724 -1.8844 -1.4560 0.1567 0.9888
-0.4725 92.4481 -0.1474 0.5281 1.7398 -6.6838 -3.6797 8.8215 -0.1854 -2.0984 -1.2631 -0.6800 -4.9104 24.9871 -5.2943 3.3868 19.5109 2.2475 1.4563 -3.4982 10.6326 -1.1468 -9.9877 10.5386 -0.0203 -0.0673 0.0114 0.5922 -10.3201 -3.7673 -0.6217 -10.2746 3.7929 -4.4986 15.0877 -12.6533 -60.6988 -60.2829 25.1570 -1.3379 -1.6050 -75.7930 113.5757 -71.7007 -54.8057 -16.1999 10.1586 14.2136 -57.8792 1.5787 1.9734 18.0164 18.0523 15.5300 64.5095 43.1381 47.0627 0.6564 -2.6646 100.2187 59.6045 -15.6441 0.8568 16.8863 7.5313 -16.4092 52.1550 -3.4168 -4.7980 7.7009 -37.3766 22.7119 -0.2297 31.3561 -0.4586 -5.4276 7.4831 9.8247 1.6651 1.7091 -2.0953 -18.7957 -9.0758 -16.0090 0.2405 29.5746 0.9715 22.4488 -20.1976 -2.0533 -1.4518 0.1947 0.9906
-0.3602 92.2927 0.0149 0.4903 1.6938 -6.6336 -3.7077 8.9575 -0.1948 -2.1240 -1.2116 -0.5509 -5.0757 25.2738 -5.2824 3.0222 20.0828 2.4813 1.3397 -3.4928 10.3162 -1.1978 -10.0156 10.1756 -0.0165 -0.0639 0.0124 0.5856 -10.2901 -3.7524 -0.6067 -10.2435 3.7769 -4.5509 15.0518 -12.6489 -60.3486 -60.1364 24.3012 -1.1973 -1.5521 -75.6161 113.0431 -71.8390 -54.8086 -16.1297 10.1905 14.1959 -57.8322 1.5866 2.0201 17.9489 18.2545 15.7229 64.4540 42.9200 47.2685 0.4442 -2.4088 99.7665 59.3414 -15.6086 1.1781 16.8809 7.5205 -16.4502 52.0767 -3.3296 -4.7419 7.6881 -37.7745 22.7672 -0.2668 32.2517 -0.5255 -5.3234 7.0591 9.8920 1.6643 1.7884 -2.0753 -18.8886 -9.1013 -15.9129 0.2279 29.9949 1.0003 22.4902 -20.3454 -2.1060 -1.4496 0.2376 0.9863
-0.2865 92.1834 0.1505 0.4537 1.6531 -6.6018 -3.7324 9.0395 -0.2087 -2.1528 -1.1780 -0.4185 -5.2059 25.4522 -5.2450 2.6782 20.5522 2.6952 1.2501 -3.4988 10.0330 -1.2623 -10.0282 9.8322 -0.0147 -0.0606 0.0182 0.5801 -10.2816 -3.7419 -0.5973 -10.2410 3.7761 -4.5350 15.0824 -12.5614 -59.9866 -59.9039 23.3262 -1.0559 -1.5307 -75.5272 112.4495 -72.0732 -54.5546 -16.0704 10.1905 14.1573 -57.7635 1.6183 2.0427 17.8733 18.3583 15.8699 64.4392 42.7954 47.4007 0.3440 -2.1896 99.4113 58.8707 -15.6385 1.4732 16.8315 7.4985 -16.4841 51.9417 -3.2791 -4.6946 7.7232 -38.0428 22.7523 -0.3020 32.9408 -0.5874 -5.2902 6.7045 9.9520 1.6634 1.8449 -2.0517 -18.9731 -9.1001 -15.8781 0.2081 30.2840 1.0174 22.5694 -20.4194 -2.0958 -1.4504 0.2583 0.9728
-0.2159 92.1051 0.2740 0.4326 1.6015 -6.5839 -3.7605 9.0981 -0.1818 -2.1707 -1.1588 -0.3368 -5.3071 25.5905 -5.2261 2.3875 20.9400 2.8608 1.1095 -3.5042 9.8200 -1.2558 -9.9956 9.4180 -0.0201 -0.0549 0.0311 0.5695 -10.2844 -3.7273 -0.5975 -10.2435 3.7900 -4.5499 15.1477 -12.4722 -59.5780 -59.7120 22.3085 -0.9544 -1.5436 -75.4514 112.0477 -72.2919 -54.3632 -16.0470 10.2358 14.1602 -57.6974 1.6442 2.0605 17.8072 18.4466 16.0126 64.4034 42.7610 47.4441 0.2900 -2.0365 99.2178 58.3914 -15.6422 1.6549 16.7132 7.4515 -16.5194 51.8105 -3.2662 -4.6723 7.7618 -38.2166 22.7353 -0.3296 33.5161 -0.6219 -5.2900 6.3839 9.9696 1.6647 1.8686 -2.0300 -19.0376 -9.0811 -15.8600 0.1918 30.5080 1.0178 22.6368 -20.5111 -2.0682 -1.4534 0.2841 0.9676
-0.1749 92.0328 0.3809 0.4134 1.5442 -6.5084 -3.7776 9.1054 -0.1839 -2.2050 -1.1148 -0.2245 -5.3946 25.7166 -5.2579 2.1148 21.2553 3.0400 1.0057 -3.5072 9.5443 -1.2876 -9.9565 9.0624 -0.0249 -0.0446 0.0409 0.5622 -10.2862 -3.7206 -0.5993 -10.2508 3.8026 -4.6285 15.2361 -12.3756 -59.0811 -59.7105 21.2972 -0.9702 -1.5543 -75.3034 111.9508 -72.4702 -54.4640 -16.0142 10.2442 14.1606 -57.5859 1.6570 2.0719 17.7557 18.4925 16.1250 64.4010 42.6877 47.4111 0.3234 -1.9619 99.1384 57.9979 -15.5138 1.7009 16.6238 7.4013 -16.5283 51.6554 -3.2768 -4.6715 7.8027 -38.3172 22.6495 -0.3173 33.9177 -0.6037 -5.3287 6.1631 9.9051 1.6675 1.8550 -2.0239 -19.1002 -9.0178 -15.9034 0.1837 30.6380 1.0081 22.6990 -20.5414 -2.0533 -1.4575 0.2606 0.9650
-0.1474 91.9819 0.4300 0.4194 1.4693 -6.4120 -3.7914 9.0996 -0.1348 -2.2108 -1.1070 -0.1917 -5.4972 25.8733 -5.2794 1.8431 21.5518 3.1795 0.8638 -3.5144 9.2681 -1.3468 -9.9433 8.6972 -0.0308 -0.0360 0.0476 0.5614 -10.2954 -3.7160 -0.6114 -10.2651 3.8149 -4.7076 15.3205 -12.3581 -58.5615 -59.7698 20.3753 -0.9995 -1.5707 -75.1785 112.1016 -72.5785 -54.6781 -16.0725 10.2543 14.1671 -57.5600 1.6705 2.0802 17.7089 18.5822 16.2246 64.3918 42.6096 47.3556 0.3566 -1.9647 99.2184 57.7092 -15.3953 1.5207 16.5599 7.3351 -16.5713 51.5331 -3.3533 -4.7189 7.8363 -38.3742 22.5553 -0.3064 34.2603 -0.5774 -5.3839 5.9885 9.8166 1.6714 1.8145 -2.0310 -19.1735 -8.9330 -15.9301 0.1763 30.7927 0.9750 22.7812 -20.5978 -2.0853 -1.4598 0.2025 0.9755
-0.1314 91.9203 0.4693 0.4398 1.3717 -6.2830 -3.7873 9.0598 -0.1097 -2.2183 -1.0878 -0.1596 -5.6093 26.0657 -5.3053 1.5662 21.8143 3.3080 0.7029 -3.5147 8.9332 -1.4847 -9.9402 8.3648 -0.0376 -0.0346 0.0505 0.5590 -10.2912 -3.7100 -0.6234 -10.2706 3.8165 -4.8043 15.3840 -12.3541 -58.0593 -59.9845 19.5309 -1.0550 -1.5505 -74.9862 112.5780 -72.6236 -55.1560 -16.1358 10.2474 14.1767 -57.5638 1.6765 2.0876 17.6893 18.6653 16.2868 64.4106 42.5361 47.4027 0.3258 -2.0448 99.3454 57.5296 -15.2243 1.1694 16.5286 7.2945 -16.5868 51.4462 -3.4141 -4.7460 7.8785 -38.4014 22.4183 -0.2929 34.5431 -0.5510 -5.4344 5.8384 9.7726 1.6730 1.7775 -2.0405 -19.2571 -8.8317 -15.9525 0.1860 30.9724 0.9679 22.9222 -20.7020 -2.1935 -1.4579 0.1207 0.9928
-0.1622 91.8458 0.5215 0.4797 1.2187 -6.1699 -3.7716 9.0015 -0.0895 -2.2226 -1.0872 -0.1505 -5.7318 26.2630 -5.3012 1.2499 22.0648 3.4376 0.5570 -3.5077 8.5596 -1.6565 -9.9644 8.0550 -0.0445 -0.0359 0.0512 0.5526 -10.2856 -3.7063 -0.6323 -10.2704 3.8171 -4.8642 15.4255 -12.3433 -57.7014 -60.2280 18.8887 -1.1888 -1.5338 -74.6946 112.9765 -72.5796 -55.5404 -16.1805 10.2718 14.1736 -57.6257 1.6939 2.0834 17.6365 18.7573 16.2966 64.5004 42.3986 47.5396 0.3049 -2.1672 99.4196 57.4251 -15.0448 0.9026 16.5133 7.2793 -16.5414 51.3729 -3.4786 -4.7519 7.9257 -38.3484 22.3214 -0.2818 34.7587 -0.5258 -5.4744 5.7249 9.7663 1.6735 1.7711 -2.0589 -19.3981 -8.6904 -15.9474 0.2006 31.1788 0.9644 23.0890 -20.8149 -2.2666 -1.4560 0.0350 1.0122
-0.1788 91.7715 0.5206 0.5559 1.0447 -6.1068 -3.7569 8.9492 -0.0504 -2.2243 -1.0918 -0.1642 -5.8410 26.4384 -5.2668 0.8945 22.3056 3.5311 0.3853 -3.4943 8.2283 -1.8500 -10.0376 7.7992 -0.0499 -0.0391 0.0527 0.5518 -10.2794 -3.7023 -0.6441 -10.2702 3.8193 -4.8884 15.4767 -12.3299 -57.4414 -60.4931 18.3314 -1.3150 -1.4423 -74.3519 114.3145 -72.4698 -56.7619 -16.2023 10.2891 14.1780 -57.6665 1.7049 2.0796 17.5564 18.8712 16.2668 64.6848 42.2518 47.8180 0.1836 -2.3630 99.4867 57.4347 -14.7455 0.5979 16.5071 7.2771 -16.4950 51.3193 -3.5460 -4.7346 7.9416 -38.2500 22.3036 -0.2841 34.8990 -0.5307 -5.4978 5.6596 9.7630 1.6694 1.7720 -2.0668 -19.5675 -8.5838 -15.9320 0.2206 31.4198 0.9723 23.2266 -20.9512 -2.2992 -1.4517 -0.0273 1.0307
-0.1867 91.7515 0.5326 0.6466 0.8687 -6.0860 -3.7430 8.8723 -0.0424 -2.2245 -1.1220 -0.1420 -5.9214 26.5551 -5.2175 0.5268 22.5050 3.6361 0.2442 -3.4745 7.9038 -2.0048 -10.1305 7.5967 -0.0561 -0.0440 0.0543 0.5478 -10.2759 -3.7001 -0.6540 -10.2692 3.8230 -4.9069 15.5038 -12.2644 -57.1584 -60.6938 17.7584 -1.5295 -1.3632 -73.9010 116.6921 -72.2569 -59.0057 -16.1922 10.2673 14.1326 -57.6028 1.7095 2.0358 17.4683 18.9971 16.2523 64.9669 42.0716 48.1276 0.0173 -2.5198 99.5147 57.4779 -14.4663 0.2311 16.5001 7.2998 -16.4314 51.3213 -3.5738 -4.7183 7.9500 -38.0249 22.3126 -0.2783 34.8392 -0.5210 -5.5303 5.6899 9.7816 1.6653 1.7523 -2.0797 -19.7398 -8.4695 -15.9561 0.2410 31.5397 0.9956 23.2866 -20.9841 -2.2698 -1.4467 -0.0764 1.0299
-0.2463 91.7984 0.5369 0.7507 0.7250 -6.1953 -3.7423 8.7766 -0.0329 -2.2186 -1.1901 -0.1020 -5.9548 26.6090 -5.1439 0.1288 22.6532 3.7903 0.1754 -3.4647 7.5748 -2.1310 -10.2126 7.4496 -0.0600 -0.0479 0.0550 0.5427 -10.2857 -3.6991 -0.6579 -10.2746 3.8267 -4.8881 15.4876 -12.1532 -56.7567 -60.7024 17.0636 -1.6310 -1.3427 -73.4062 119.6780 -72.0506 -61.8703 -16.1772 10.2497 14.1256 -57.5197 1.7011 1.9729 17.3324 19.1602 16.2713 65.1655 41.8326 48.3207 -0.0911 -2.6514 99.4771 57.5603 -14.2626 -0.1324 16.5303 7.3152 -16.4123 51.3432 -3.5751 -4.7102 7.9325 -37.7075 22.4139 -0.2818 34.5759 -0.5306 -5.5544 5.8145 9.8286 1.6617 1.7599 -2.0823 -19.8812 -8.3488 -15.9180 0.2556 31.4712 1.0129 23.2683 -20.9350 -2.1634 -1.4431 -0.0612 1.0153
-0.3009 91.9124 0.5248 0.8549 0.6225 -6.3759 -3.7466 8.6609 -0.0356 -2.2071 -1.2781 -0.0487 -5.9581 26.5637 -5.0940 -0.2771 22.7336 3.9736 0.1742 -3.4592 7.2945 -2.2662 -10.2479 7.3909 -0.0665 -0.0491 0.0617 0.5348 -10.2864 -3.6949 -0.6637 -10.2734 3.8389 -4.8450 15.4834 -12.0042 -56.3394 -60.5688 16.4105 -1.6924 -1.3459 -72.8611 123.5013 -71.8404 -65.5937 -16.1308 10.2337 14.1825 -57.4188 1.7110 1.9189 17.1605 19.3288 16.3263 65.3703 41.5407 48.4900 -0.1901 -2.7752 99.3850 57.6110 -13.9814 -0.3386 16.5020 7.3427 -16.4192 51.3692 -3.5294 -4.6905 7.9231 -37.2801 22.5648 -0.2834 34.0597 -0.5324 -5.5909 6.0471 9.8917 1.6625 1.7457 -2.0721 -19.9711 -8.1928 -15.8700 0.2598 31.1552 1.0346 23.2214 -20.7629 -2.0775 -1.4406 -0.0334 1.0053
-0.3968 92.0876 0.5159 0.9476 0.5554 -6.5903 -3.7554 8.5130 -0.0537 -2.1848 -1.3729 0.0013 -5.9236 26.4239 -5.0582 -0.6438 22.7336 4.1380 0.2175 -3.4668 7.0990 -2.3514 -10.2397 7.3828 -0.0697 -0.0469 0.0667 0.5289 -10.2744 -3.6888 -0.6649 -10.2606 3.8449 -4.8072 15.4973 -11.8549 -55.9039 -60.2528 15.8136 -1.6731 -1.3310 -72.3818 127.8528 -71.6342 -69.8083 -16.0836 10.1793 14.2196 -57.2984 1.6769 1.9287 16.9538 19.4578 16.3757 65.5088 41.2277 48.4907 -0.1759 -2.8496 99.3234 57.6296 -13.7452 -0.2406 16.4303 7.3905 -16.4746 51.3841 -3.4701 -4.6785 7.9214 -36.7423 22.7189 -0.2934 33.2825 -0.5442 -5.6718 6.3755 9.9278 1.6613 1.6984 -2.0602 -20.0085 -7.9578 -15.8320 0.2528 30.5808 1.0480 23.1793 -20.4559 -1.9709 -1.4395 -0.0366 1.0025
-0.4897 92.3128 0.5565 1.0323 0.4980 -6.8402 -3.7578 8.3232 -0.0588 -2.1626 -1.4720 0.0303 -5.8491 26.2154 -5.0243 -0.9388 22.6543 4.2633 0.2839 -3.4722 6.9866 -2.3652 -10.2478 7.3814 -0.0748 -0.0449 0.0761 0.5265 -10.2718 -3.6809 -0.6728 -10.2561 3.8582 -4.7085 15.5548 -11.7551 -55.6790 -59.8371 15.5416 -1.7135 -1.3186 -71.9656 132.4310 -71.2981 -74.1586 -16.0429 10.1148 14.2624 -57.1774 1.6500 1.9256 16.7541 19.5121 16.3667 65.5869 41.0123 48.3844 -0.1006 -2.8833 99.3452 57.5646 -13.6443 0.0808 16.3428 7.4254 -16.5283 51.4442 -3.4013 -4.6973 7.9335 -36.0751 22.8868 -0.2955 32.2648 -0.5469 -5.7740 6.8062 10.0434 1.6622 1.5980 -2.0504 -20.0224 -7.6114 -15.8129 0.2488 29.7732 1.0544 23.1505 -19.9650 -1.8352 -1.4391 -0.0936 1.0042
-0.6394 92.5761 0.6241 1.0971 0.4432 -7.0814 -3.7405 8.1032 -0.0747 -2.1355 -1.5865 0.0227 -5.7528 25.8931 -5.0195 -1.1232 22.5049 4.3466 0.4150 -3.4722 6.9836 -2.3887 -10.2418 7.4367 -0.0770 -0.0429 0.0832 0.5273 -10.2702 -3.6742 -0.6780 -10.2537 3.8665 -4.5685 15.6527 -11.6648 -55.6283 -59.3112 15.5693 -1.7766 -1.2889 -71.6582 136.7341 -70.9015 -78.1672 -16.0136 10.0815 14.2863 -57.1232 1.6538 1.9101 16.5814 19.5157 16.2766 65.6607 40.9617 48.3378 -0.0185 -2.9169 99.4719 57.3042 -13.6894 0.6340 16.2426 7.4784 -16.5510 51.5667 -3.3206 -4.7376 7.9890 -35.3121 22.9639 -0.3059 31.1001 -0.5660 -5.8952 7.2506 10.2144 1.6636 1.5055 -2.0351 -19.9891 -7.1501 -15.8490 0.2323 28.7508 1.0386 23.1223 -19.3691 -1.7484 -1.4419 -0.1499 1.0058
-0.7676 92.8755 0.7175 1.1836 0.3903 -7.3071 -3.7195 7.8475 -0.0766 -2.1113 -1.7292 -0.0435 -5.6510 25.4726 -5.0337 -1.1826 22.2855 4.3462 0.5688 -3.4774 7.0929 -2.3848 -10.1804 7.5546 -0.0715 -0.0418 0.0825 0.5349 -10.2720 -3.6800 -0.6749 -10.2576 3.8694 -4.4403 15.7241 -11.6205 -55.7063 -58.6519 15.8230 -1.8537 -1.2383 -71.4671 140.6920 -70.2729 -81.6993 -15.9563 10.1097 14.3137 -57.0497 1.6906 1.8757 16.4689 19.4764 16.0954 65.6958 41.1163 48.3275 0.0771 -2.8671 99.6819 56.9566 -13.9486 1.3914 16.1142 7.5405 -16.5764 51.6812 -3.2602 -4.7633 8.0447 -34.4483 23.0182 -0.3063 29.7809 -0.5749 -6.0282 7.7388 10.4088 1.6653 1.3818 -2.0301 -19.9688 -6.5750 -15.8967 0.2084 27.5569 1.0090 23.0971 -18.7023 -1.7526 -1.4473 -0.1897 1.0085
-0.9109 93.1580 0.8070 1.2820 0.3549 -7.4989 -3.6900 7.5474 -0.0987 -2.0831 -1.8844 -0.1194 -5.5360 24.9606 -5.0608 -1.1134 21.9904 4.2878 0.7326 -3.4787 7.2204 -2.3514 -10.0508 7.7330 -0.0609 -0.0433 0.0733 0.5500 -10.2733 -3.6959 -0.6681 -10.2616 3.8631 -4.3065 15.7208 -11.5963 -55.8744 -57.7924 16.2086 -1.8742 -1.1908 -71.4455 143.6539 -69.6360 -84.1083 -15.8617 10.1746 14.3477 -56.9544 1.7181 1.8652 16.3498 19.4146 15.8610 65.7779 41.3502 48.3450 0.1852 -2.7214 99.9527 56.6664 -14.3545 2.2443 15.9897 7.6118 -16.6201 51.7430 -3.2347 -4.8010 8.0781 -33.5241 23.0647 -0.2911 28.3362 -0.5609 -6.1900 8.2570 10.6002 1.6654 1.3149 -2.0371 -19.9384 -5.9470 -15.9537 0.1692 26.2554 0.9576 23.0322 -18.0539 -1.7873 -1.4532 -0.1904 0.9988
-1.0342 93.4726 0.8702 1.3993 0.3409 -7.6773 -3.6623 7.2306 -0.1214 -2.0514 -2.0636 -0.2121 -5.4069 24.3968 -5.0929 -0.9354 21.6275 4.1660 0.9343 -3.5019 7.3904 -2.2540 -9.8568 7.9530 -0.0445 -0.0492 0.0554 0.5711 -10.2932 -3.7277 -0.6551 -10.2823 3.8520 -4.1702 15.6898 -11.5475 -56.1639 -56.9110 16.7208 -1.9332 -1.1561 -71.5918 145.8897 -69.0129 -85.5474 -15.7784 10.2342 14.3962 -56.8988 1.7259 1.8823 16.2425 19.3455 15.6118 65.9323 41.7638 48.4944 0.1709 -2.5067 100.3577 56.4792 -14.9507 2.9891 15.9316 7.6780 -16.6699 51.8213 -3.2266 -4.8383 8.0760 -32.5606 23.1012 -0.2817 26.8223 -0.5470 -6.3427 8.7864 10.7676 1.6655 1.2535 -2.0426 -19.9096 -5.2674 -16.0152 0.1361 24.8518 0.9214 22.9764 -17.4255 -1.8409 -1.4566 -0.1792 0.9853
-1.1315 93.7616 0.9452 1.5087 0.3512 -7.8657 -3.6384 6.9214 -0.1456 -2.0226 -2.2447 -0.3031 -5.2628 23.8574 -5.0971 -0.6436 21.2078 3.9685 1.1283 -3.5306 7.6085 -2.0968 -9.5964 8.1587 -0.0325 -0.0543 0.0399 0.5899 -10.3257 -3.7586 -0.6492 -10.3125 3.8471 -4.0422 15.6297 -11.4800 -56.3924 -56.0185 17.2240 -1.9504 -1.1854 -71.8739 147.2675 -68.7013 -85.9842 -15.6938 10.2810 14.4003 -56.8847 1.7369 1.8932 16.1360 19.2216 15.3868 66.2077 42.2570 48.7528 0.1402 -2.3329 100.8046 56.3546 -15.5571 3.5738 15.9218 7.7104 -16.7548 51.9261 -3.2673 -4.9046 8.0756 -31.6604 23.1103 -0.2718 25.3855 -0.5364 -6.4677 9.3130 10.9149 1.6671 1.2292 -2.0491 -19.8667 -4.5874 -16.0301 0.1034 23.4319 0.8574 22.9405 -16.8319 -1.8998 -1.4574 -0.1843 0.9724
-1.2204 93.9988 0.9965 1.6117 0.3907 -8.0322 -3.6198 6.6376 -0.1748 -1.9927 -2.4035 -0.3783 -5.1045 23.3704 -5.0910 -0.2868 20.7537 3.6617 1.2589 -3.5560 7.9129 -1.9059 -9.3271 8.3236 -0.0273 -0.0635 0.0311 0.6037 -10.3603 -3.7822 -0.6517 -10.3482 3.8505 -3.9133 15.5863 -11.4252 -56.7898 -55.2657 17.9126 -2.0121 -1.2272 -72.2862 147.3695 -68.8868 -85.1816 -15.7453 10.3066 14.4503 -56.9569 1.7576 1.8967 16.0338 19.0664 15.1533 66.5535 42.7510 49.0731 0.1426 -2.1791 101.2524 56.3665 -16.1406 3.9753 15.9403 7.7176 -16.7893 52.0094 -3.3402 -4.9659 8.0911 -30.8679 23.0868 -0.2709 24.0610 -0.5322 -6.5797 9.8420 11.0319 1.6669 1.1838 -2.0587 -19.8327 -3.9713 -16.0267 0.0807 22.1140 0.8155 22.9450 -16.2968 -1.9778 -1.4567 -0.2097 0.9595
-1.2795 94.1976 1.0304 1.7073 0.4476 -8.1893 -3.5952 6.3998 -0.2007 -1.9661 -2.5254 -0.4312 -4.9574 22.9562 -5.0648 0.1349 20.3305 3.3654 1.3600 -3.5596 8.1601 -1.6988 -9.0980 8.4226 -0.0306 -0.0705 0.0329 0.6093 -10.3852 -3.7917 -0.6634 -10.3711 3.8635 -3.7946 15.5322 -11.3719 -57.2120 -54.5748 18.6207 -2.0748 -1.3052 -72.7923 146.5324 -69.4217 -83.6397 -15.8531 10.3261 14.4937 -57.1185 1.7845 1.9012 15.9272 18.8650 14.9325 66.9165 43.1117 49.3319 0.2285 -2.1031 101.6042 56.3753 -16.6394 4.2035 15.9701 7.7373 -16.8305 52.0552 -3.4078 -5.0395 8.0919 -30.1970 23.0155 -0.2648 22.9110 -0.5277 -6.6554 10.3413 11.2078 1.6667 1.1392 -2.0692 -19.8026 -3.4539 -16.0012 0.0752 20.9513 0.7794 22.9118 -15.8437 -2.0189 -1.4570 -0.2278 0.9473
-1.3396 94.3747 1.0575 1.7886 0.5244 -8.3556 -3.5665 6.2064 -0.2076 -1.9299 -2.6326 -0.4846 -4.8245 22.6273 -5.0443 0.5731 19.9777 3.0773 1.4393 -3.5558 8.3729 -1.4953 -8.9584 8.4973 -0.0314 -0.0748 0.0307 0.6145 -10.3914 -3.7987 -0.6696 -10.3749 3.8655 -3.7055 15.4908 -11.3217 -57.6543 -54.0008 19.3782 -2.1383 -1.3664 -73.3804 145.2637 -70.0603 -81.8810 -15.9990 10.3649 14.5803 -57.2734 1.8148 1.8904 15.8436 18.6585 14.7560 67.1789 43.4108 49.4936 0.3762 -1.9909 101.8543 56.2987 -17.1144 4.4595 15.9879 7.7563 -16.8748 52.0405 -3.4507 -5.0907 8.0873 -29.6140 22.9495 -0.2540 21.8750 -0.5289 -6.7102 10.8295 11.3863 1.6635 1.1473 -2.0650 -19.7796 -3.0654 -15.9606 0.0739 19.9658 0.7685 22.8648 -15.4260 -2.0641 -1.4575 -0.2329 0.9373
-1.3707 94.5259 1.0926 1.8670 0.6257 -8.5128 -3.5357 6.0674 -0.2009 -1.8954 -2.7230 -0.5132 -4.7033 22.3634 -5.0404 1.0438 19.6910 2.8261 1.5306 -3.5574 8.4490 -1.3263 -8.8209 8.5592 -0.0344 -0.0762 0.0323 0.6155 -10.3869 -3.8001 -0.6762 -10.3728 3.8708 -3.5992 15.4510 -11.2428 -58.0511 -53.4464 19.9863 -2.0627 -1.4314 -74.0040 143.5787 -70.7868 -79.8572 -16.1048 10.4034 14.6340 -57.3762 1.8418 1.8608 15.7884 18.4654 14.6413 67.3518 43.6282 49.5809 0.5143 -1.9338 101.9597 56.0833 -17.4965 4.7375 15.9580 7.8174 -16.8935 52.0256 -3.4240 -5.1154 8.0591 -29.1396 22.8595 -0.2358 20.9861 -0.5129 -6.7257 11.2545 11.6001 1.6589 1.1657 -2.0597 -19.7607 -2.7825 -15.9055 0.0772 19.1336 0.7704 22.7856 -15.0632 -2.1208 -1.4592 -0.2176 0.9208
-1.3842 94.6386 1.1088 1.9405 0.7378 -8.6168 -3.5007 5.9866 -0.2137 -1.8683 -2.7818 -0.5320 -4.5904 22.1833 -5.0353 1.5085 19.4592 2.6207 1.6334 -3.5694 8.4338 -1.1348 -8.6710 8.5680 -0.0388 -0.0746 0.0370 0.6107 -10.3763 -3.7938 -0.6791 -10.3618 3.8728 -3.4985 15.4338 -11.1319 -58.2711 -52.9982 20.3201 -1.8351 -1.5062 -74.5845 141.7721 -71.4466 -77.8069 -16.1954 10.4334 14.6618 -57.4424 1.8284 1.8248 15.7738 18.3146 14.5987 67.4256 43.7702 49.6012 0.5788 -1.9258 101.9776 55.7885 -17.6809 5.1476 15.9548 7.8820 -16.8578 52.0706 -3.3638 -5.1119 8.0032 -28.8095 22.7612 -0.2160 20.3056 -0.5085 -6.6982 11.6320 11.7874 1.6563 1.2013 -2.0558 -19.7491 -2.6271 -15.9084 0.0808 18.4947 0.7616 22.7024 -14.7663 -2.1519 -1.4598 -0.1951 0.9001
-1.3865 94.7141 1.1238 2.0113 0.8395 -8.7456 -3.4814 5.9672 -0.2002 -1.8511 -2.8141 -0.5703 -4.4959 22.0794 -5.0089 1.9607 19.2194 2.3915 1.7015 -3.5799 8.4506 -0.8699 -8.5197 8.5021 -0.0400 -0.0727 0.0418 0.6079 -10.3561 -3.7864 -0.6776 -10.3376 3.8753 -3.4350 15.4019 -11.0189 -58.3796 -52.6594 20.5686 -1.6298 -1.5708 -75.1151 140.0647 -72.0417 -75.9192 -16.2387 10.4355 14.6332 -57.4551 1.7928 1.8126 15.8469 18.2158 14.6700 67.3161 43.8777 49.4490 0.5787 -1.9193 101.8871 55.6211 -17.6765 5.5769 15.9342 7.9198 -16.8244 52.1135 -3.3250 -5.1108 7.9307 -28.6005 22.7568 -0.2122 19.8611 -0.5082 -6.6851 11.9069 11.9252 1.6556 1.2662 -2.0552 -19.7686 -2.6039 -15.8828 0.0763 18.1308 0.7427 22.6178 -14.5414 -2.1556 -1.4637 -0.1841 0.8940
-1.4001 94.7539 1.1294 2.0624 0.9022 -8.8370 -3.4698 6.0013 -0.2028 -1.8491 -2.7941 -0.5866 -4.4021 22.0292 -4.9651 2.4220 19.0302 2.1441 1.7398 -3.5806 8.4537 -0.5779 -8.4261 8.3632 -0.0344 -0.0678 0.0385 0.6137 -10.3543 -3.7912 -0.6716 -10.3319 3.8690 -3.3486 15.4013 -10.9207 -58.5151 -52.4615 20.8170 -1.4435 -1.6086 -75.5690 137.9495 -72.7192 -73.6814 -16.2632 10.4450 14.6009 -57.4808 1.7676 1.8258 15.9498 18.1446 14.7710 67.0643 43.9001 49.1513 0.5823 -2.0032 101.7570 55.6364 -17.5500 5.8175 15.9466 7.9241 -16.7703 52.1959 -3.3193 -5.1201 7.8772 -28.5360 22.7520 -0.2060 19.6735 -0.4988 -6.6964 12.0753 11.9971 1.6572 1.3051 -2.0599 -19.7956 -2.6940 -15.9121 0.0741 18.0467 0.7329 22.5624 -14.4568 -2.1193 -1.4660 -0.1567 0.8895
-1.4098 94.7426 1.1094 2.0946 0.9218 -8.8926 -3.4687 6.1078 -0.1919 -1.8536 -2.7520 -0.6060 -4.3249 22.0414 -4.9157 2.9481 18.8908 1.8608 1.7321 -3.5645 8.4795 -0.2592 -8.4076 8.1233 -0.0271 -0.0618 0.0352 0.6242 -10.3627 -3.8001 -0.6665 -10.3355 3.8668 -3.2253 15.4288 -10.8569 -58.7074 -52.3926 21.0902 -1.2896 -1.6686 -75.9761 135.1880 -73.4565 -70.8532 -16.2454 10.4488 14.5533 -57.5150 1.7686 1.8543 16.1183 18.1027 14.9206 66.6754 43.9082 48.7079 0.6056 -2.0796 101.6332 55.8202 -17.4962 5.8410 15.9164 7.9134 -16.7539 52.2279 -3.3440 -5.1300 7.8377 -28.6136 22.7999 -0.2070 19.7893 -0.4771 -6.7295 12.0866 11.9828 1.6592 1.3371 -2.0686 -19.8148 -2.8988 -15.9372 0.0736 18.2977 0.7439 22.5472 -14.5752 -2.1028 -1.4686 -0.0748 0.8938
-1.4208 94.6696 1.0967 2.0975 0.8973 -8.8876 -3.4799 6.2674 -0.1902 -1.8576 -2.6838 -0.6560 -4.2560 22.1132 -4.8353 3.5256 18.7687 1.5821 1.7001 -3.5489 8.4608 0.0650 -8.4719 7.8422 -0.0140 -0.0562 0.0207 0.6408 -10.3701 -3.8214 -0.6556 -10.3435 3.8534 -3.1047 15.4438 -10.8102 -58.9111 -52.3649 21.3359 -1.1240 -1.7245 -76.3956 131.2525 -74.2121 -66.9864 -16.2469 10.4779 14.5321 -57.6138 1.7872 1.8928 16.3161 18.0449 15.0760 66.2671 43.8704 48.2433 0.6475 -2.1840 101.4538 56.1756 -17.4878 5.7372 15.8888 7.9378 -16.7554 52.2669 -3.3616 -5.1374 7.8214 -28.8249 22.9073 -0.2116 20.1724 -0.4638 -6.8098 11.9121 11.9146 1.6601 1.4151 -2.0727 -19.8413 -3.1755 -15.9482 0.0737 18.8528 0.7428 22.5435 -14.9222 -2.0705 -1.4712 0.0492 0.9043
-1.4036 94.5488 1.0668 2.0741 0.8267 -8.8462 -3.5042 6.4635 -0.1697 -1.8605 -2.5928 -0.7165 -4.1993 22.2906 -4.7646 4.1341 18.6366 1.2925 1.6772 -3.5400 8.3473 0.4078 -8.6917 7.5287 -0.0016 -0.0541 0.0057 0.6574 -10.3794 -3.8407 -0.6469 -10.3504 3.8380 -3.0084 15.4320 -10.8131 -59.1581 -52.4250 21.6358 -0.9826 -1.7790 -76.8737 126.6418 -74.7730 -62.6087 -16.2696 10.5095 14.5042 -57.7176 1.8154 1.9082 16.5551 18.0051 15.2206 65.7503 43.7878 47.6801 0.7072 -2.2720 101.2847 56.6710 -17.5575 5.5540 15.8930 7.9634 -16.7446 52.3079 -3.3795 -5.1634 7.8184 -29.1460 23.0715 -0.2188 20.8001 -0.4585 -6.9140 11.6464 11.7920 1.6602 1.4837 -2.0744 -19.8644 -3.5167 -15.9044 0.0791 19.6947 0.7514 22.5058 -15.4250 -2.0836 -1.4743 0.1769 0.9169
-1.3841 94.3823 1.0083 2.0314 0.7555 -8.7770 -3.5424 6.6564 -0.1684 -1.8659 -2.4783 -0.7487 -4.1558 22.5449 -4.7457 4.7459 18.5129 1.0392 1.6430 -3.5471 8.1756 0.7337 -9.0174 7.2278 0.0027 -0.0565 -0.0026 0.6601 -10.3836 -3.8455 -0.6405 -10.3519 3.8230 -2.9891 15.3447 -10.8656 -59.4350 -52.5826 22.0172 -0.9323 -1.8442 -77.2513 121.7247 -75.0223 -58.2024 -16.3647 10.5015 14.4539 -57.8698 1.7995 1.9126 16.8291 17.9656 15.3592 65.2409 43.7179 47.1897 0.7121 -2.3350 101.0608 57.2941 -17.7465 5.2766 15.9577 7.9824 -16.7178 52.4029 -3.3985 -5.1596 7.8240 -29.5920 23.2081 -0.2153 21.6210 -0.4448 -6.9780 11.3046 11.6334 1.6610 1.5842 -2.0678 -19.8675 -3.9417 -15.8294 0.0897 20.7513 0.7730 22.4691 -16.0140 -2.1345 -1.4763 0.2672 0.9250
-1.3115 94.1911 0.9542 1.9774 0.6910 -8.6976 -3.5799 6.8604 -0.1703 -1.8792 -2.3489 -0.7646 -4.1437 22.8620 -4.7625 5.3405 18.3893 0.7940 1.6069 -3.5565 7.9947 1.0193 -9.4058 6.9391 0.0020 -0.0613 -0.0060 0.6595 -10.3906 -3.8434 -0.6410 -10.3536 3.8139 -3.0358 15.2569 -11.0181 -59.8180 -52.8980 22.6109 -0.9539 -1.8923 -77.5517 117.3895 -74.9918 -54.4539 -16.5114 10.4935 14.4016 -58.0860 1.7827 1.8594 17.1389 17.9370 15.4857 64.7435 43.6734 46.7550 0.6878 -2.4479 100.8640 57.9282 -17.9512 4.8115 16.0249 7.9663 -16.6636 52.4329 -3.4354 -5.1266 7.8223 -30.1412 23.3562 -0.2236 22.5856 -0.4565 -7.0129 10.9103 11.3978 1.6591 1.6676 -2.0540 -19.8696 -4.3854 -15.6774 0.1143 21.8893 0.7975 22.4531 -16.5878 -2.2680 -1.4795 0.3294 0.9393
-1.2423 93.9799 0.9128 1.9436 0.6425 -8.6268 -3.6203 7.0878 -0.1554 -1.8888 -2.2333 -0.7856 -4.1689 23.2054 -4.8048 5.8831 18.3351 0.5898 1.5186 -3.5606 7.8209 1.2430 -9.7510 6.6686 -0.0061 -0.0651 0.0012 0.6528 -10.4016 -3.8283 -0.6513 -10.3629 3.8163 -3.1310 15.2158 -11.2629 -60.3867 -53.3744 23.4640 -1.0787 -1.9059 -77.6968 113.3127 -74.8422 -51.0076 -16.6856 10.4221 14.3572 -58.2582 1.7381 1.8337 17.4308 17.9662 15.5992 64.3257 43.5687 46.3716 0.6424 -2.6039 100.6818 58.5074 -18.0547 4.2022 16.1495 7.9143 -16.6437 52.4142 -3.4915 -5.1093 7.8046 -30.7474 23.4671 -0.2342 23.6517 -0.4709 -7.0076 10.4583 11.1923 1.6596 1.7516 -2.0481 -19.8947 -4.8525 -15.4687 0.1428 23.0644 0.8356 22.4422 -17.1349 -2.4195 -1.4794 0.3397 0.9511
-1.1602 93.7621 0.8894 1.9344 0.6115 -8.5604 -3.6515 7.3309 -0.1603 -1.9077 -2.1344 -0.7944 -4.2308 23.5444 -4.8782 6.3266 18.3455 0.4299 1.3988 -3.5742 7.6762 1.4328 -10.0024 6.4047 -0.0143 -0.0676 0.0087 0.6456 -10.4100 -3.8135 -0.6605 -10.3667 3.8188 -3.2197 15.2578 -11.5184 -61.0572 -53.8908 24.4307 -1.1313 -1.8625 -77.7218 109.5970 -74.7155 -47.9177 -16.8084 10.3412 14.2883 -58.3417 1.7086 1.8075 17.6907 18.0646 15.6932 64.0080 43.3880 46.1027 0.5516 -2.7284 100.5227 58.9670 -18.0234 3.4926 16.2724 7.8616 -16.6375 52.3300 -3.5204 -5.0577 7.7858 -31.3278 23.5017 -0.2471 24.7027 -0.4806 -7.0050 9.9996 11.0310 1.6570 1.8633 -2.0426 -19.9611 -5.3006 -15.2333 0.1707 24.1762 0.8800 22.4941 -17.6264 -2.5419 -1.4781 0.3495 0.9646
-1.0873 93.5477 0.8460 1.9411 0.6118 -8.5248 -3.6674 7.5543 -0.1794 -1.9322 -2.0368 -0.7997 -4.3097 23.8423 -4.9795 6.6441 18.4417 0.3293 1.2860 -3.5924 7.5576 1.5109 -10.1245 6.2388 -0.0193 -0.0690 0.0121 0.6411 -10.4214 -3.8052 -0.6656 -10.3742 3.8180 -3.3153 15.3840 -11.7720 -61.7199 -54.4116 25.3923 -1.1216 -1.7765 -77.6198 105.7723 -74.6964 -44.6806 -16.8836 10.2825 14.2500 -58.4098 1.7087 1.7956 17.8974 18.1441 15.7616 63.7965 43.2213 45.9728 0.4429 -2.8528 100.4044 59.1479 -17.9387 2.7382 16.3355 7.8182 -16.6384 52.2059 -3.5271 -4.9922 7.7615 -31.8771 23.5098 -0.2599 25.6792 -0.4900 -6.9998 9.5278 10.9429 1.6559 1.9781 -2.0407 -20.0225 -5.7693 -14.9798 0.1912 25.2348 0.9136 22.5866 -18.0815 -2.6536 -1.4737 0.3729 0.9724
-1.0106 93.3624 0.8365 1.9332 0.6430 -8.5645 -3.6647 7.7401 -0.1884 -1.9584 -1.9430 -0.8117 -4.3928 24.1032 -5.1075 6.7976 18.6241 0.3149 1.2314 -3.5990 7.4842 1.4589 -10.1084 6.1904 -0.0189 -0.0690 0.0135 0.6433 -10.4276 -3.7993 -0.6665 -10.3774 3.8139 -3.4543 15.4975 -11.9490 -62.0944 -54.8615 26.0557 -1.0030 -1.7009 -77.3998 101.6592 -74.7677 -41.1502 -16.8632 10.2600 14.2279 -58.4482 1.7188 1.7994 18.0550 18.1930 15.8268 63.5965 43.0355 45.8457 0.3825 -2.9358 100.2617 59.1885 -17.9061 2.1866 16.3225 7.7876 -16.6588 52.1371 -3.5335 -4.9605 7.7736 -32.3768 23.5084 -0.2633 26.5142 -0.4924 -6.9988 9.1302 10.9497 1.6569 2.0501 -2.0303 -20.0691 -6.2561 -14.7060 0.2068 26.2085 0.9708 22.6958 -18.5291 -2.7487 -1.4689 0.4392 0.9828
-0.9593 93.1954 0.7781 1.9262 0.6446 -8.6517 -3.6706 7.8715 -0.2016 -1.9808 -1.8490 -0.8205 -4.4649 24.3544 -5.2263 6.7791 18.8703 0.3425 1.2412 -3.6146 7.4928 1.3260 -10.0730 6.2681 -0.0157 -0.0720 0.0124 0.6452 -10.4345 -3.8008 -0.6610 -10.3846 3.8103 -3.5789 15.6039 -12.0721 -62.3004 -55.1911 26.4520 -0.7952 -1.6042 -77.1584 97.6467 -74.8784 -37.6166 -16.8133 10.2319 14.2210 -58.4405 1.7115 1.8171 18.1551 18.2321 15.8717 63.3567 42.8059 45.6667 0.4517 -2.8737 100.1406 59.1144 -18.0162 1.9641 16.2648 7.7525 -16.6607 52.0303 -3.5259 -4.9212 7.8021 -32.7699 23.5820 -0.2685 27.1881 -0.4937 -7.0447 8.8080 10.9803 1.6547 2.0817 -2.0273 -20.1102 -6.6623 -14.4333 0.2161 27.0512 1.0066 22.7919 -18.9289 -2.7650 -1.4660 0.5004 0.9888
-0.9446 93.0303 0.7219 1.9148 0.6184 -8.7806 -3.6766 7.9460 -0.2031 -1.9954 -1.7689 -0.8329 -4.5126 24.5999 -5.3255 6.6132 19.2004 0.4578 1.2632 -3.6254 7.5608 1.1703 -10.0377 6.3852 -0.0120 -0.0712 0.0130 0.6479 -10.4404 -3.7992 -0.6555 -10.3859 3.8080 -3.6957 15.6796 -12.1547 -62.5073 -55.4785 26.7883 -0.6893 -1.6360 -76.8370 93.8389 -74.8806 -34.2756 -16.7470 10.2145 14.1652 -58.3984 1.6983 1.8131 18.2237 18.2744 15.9052 62.9687 42.5395 45.2999 0.6498 -2.7297 100.0929 58.9936 -18.2369 2.0242 16.2063 7.7308 -16.6312 51.9966 -3.5059 -4.8849 7.8713 -33.0772 23.6131 -0.2645 27.7791 -0.4882 -7.1101 8.5557 11.0009 1.6539 2.0770 -2.0265 -20.1323 -7.0245 -14.1666 0.2225 27.8367 1.0231 22.8393 -19.3019 -2.7208 -1.4645 0.5306 0.9969
-0.9454 92.8886 0.7075 1.9028 0.5291 -8.9120 -3.6804 7.9854 -0.1965 -2.0021 -1.6961 -0.8552 -4.5375 24.8205 -5.3911 6.3345 19.6300 0.6019 1.2765 -3.6319 7.7077 1.0061 -10.0496 6.5472 -0.0109 -0.0704 0.0156 0.6450 -10.4293 -3.7900 -0.6504 -10.3695 3.8028 -3.8074 15.7234 -12.2194 -62.8356 -55.7579 27.1712 -0.7478 -1.6411 -76.4994 90.6097 -74.8641 -31.3260 -16.7382 10.2315 14.1270 -58.4024 1.7061 1.7881 18.3107 18.3335 15.8824 62.5065 42.3155 44.9046 0.8818 -2.6100 100.0544 58.8764 -18.4802 2.0778 16.1759 7.7116 -16.5934 51.9947 -3.4835 -4.8995 7.9929 -33.2914 23.6133 -0.2694 28.3065 -0.4932 -7.1607 8.3440 11.0465 1.6547 2.0805 -2.0199 -20.1594 -7.2509 -13.9102 0.2242 28.5102 1.0366 22.8079 -19.6569 -2.6658 -1.4639 0.5344 1.0045
-0.9828 92.7526 0.6903 1.9125 0.3786 -8.9827 -3.6801 7.9909 -0.1968 -2.0052 -1.6464 -0.8687 -4.5445 25.0243 -5.4367 5.9664 20.1943 0.8087 1.2825 -3.6226 7.8512 0.8255 -10.0662 6.7479 -0.0132 -0.0645 0.0219 0.6382 -10.4131 -3.7798 -0.6488 -10.3516 3.8060 -3.8834 15.8072 -12.2978 -63.2023 -56.0136 27.4836 -0.9032 -1.6475 -76.1322 87.5172 -74.9166 -28.3935 -16.7174 10.2294 14.0981 -58.3490 1.7136 1.7422 18.3800 18.4331 15.7913 62.0920 42.1331 44.5509 1.0727 -2.5377 100.0586 58.8993 -18.8873 1.7980 16.1572 7.7065 -16.5950 52.0148 -3.4821 -4.8934 8.1159 -33.4063 23.5764 -0.2619 28.7614 -0.4878 -7.2356 8.1842 11.0312 1.6583 2.0689 -2.0207 -20.2090 -7.3500 -13.6815 0.2234 29.1006 1.0367 22.7482 -19.9975 -2.6546 -1.4630 0.5398 1.0173
-1.0445 92.6219 0.7047 1.9421 0.1414 -9.0203 -3.6610 7.9655 -0.1953 -1.9899 -1.6350 -0.8845 -4.5643 25.2171 -5.4769 5.5161 20.8574 1.0491 1.2485 -3.6109 8.0235 0.6655 -9.9981 6.9687 -0.0250 -0.0608 0.0364 0.6225 -10.3940 -3.7570 -0.6563 -10.3277 3.8163 -3.9455 15.9398 -12.3186 -63.5275 -56.1899 27.5498 -1.0833 -1.5624 -75.8124 84.3818 -75.0367 -25.2117 -16.7305 10.2410 14.0731 -58.2939 1.7154 1.7185 18.4387 18.5687 15.6610 61.7003 42.0438 44.2370 1.2157 -2.5176 100.1275 59.1229 -19.5030 1.1226 16.1718 7.6822 -16.6120 52.0146 -3.4921 -4.9024 8.2598 -33.3789 23.5634 -0.2606 29.1152 -0.4925 -7.3123 8.0414 10.9647 1.6617 2.0783 -2.0271 -20.2889 -7.2791 -13.4917 0.2115 29.5884 1.0078 22.6900 -20.3219 -2.6222 -1.4617 0.5252 1.0338
-1.1529 92.5280 0.7280 2.0009 -0.1495 -9.0120 -3.6358 7.9200 -0.1956 -1.9669 -1.6559 -0.8990 -4.5896 25.3738 -5.5033 5.0102 21.5498 1.3026 1.2103 -3.6010 8.1993 0.4952 -9.7582 7.2439 -0.0408 -0.0581 0.0539 0.6017 -10.3757 -3.7308 -0.6680 -10.3094 3.8322 -3.9526 16.0663 -12.3137 -63.7781 -56.1852 27.4037 -1.2074 -1.4569 -75.5606 80.8798 -75.1439 -21.5536 -16.7271 10.2417 14.0472 -58.2338 1.7245 1.7067 18.4592 18.6929 15.4849 61.4989 42.0584 44.1137 1.2707 -2.5009 100.2219 59.3563 -20.1833 0.3058 16.2244 7.6514 -16.6492 51.9522 -3.5489 -4.8784 8.4035 -33.2124 23.5463 -0.2659 29.3246 -0.5066 -7.3824 7.9572 10.8764 1.6653 2.0539 -2.0342 -20.4152 -7.0709 -13.3644 0.2072 29.9387 0.9972 22.6542 -20.6153 -2.5585 -1.4611 0.5031 1.0475
-1.2720 92.4697 0.7588 2.0792 -0.4659 -8.9916 -3.5957 7.8330 -0.2087 -1.9363 -1.6890 -0.9044 -4.6182 25.4654 -5.5302 4.4215 22.2465 1.5541 1.2317 -3.6032 8.3454 0.3203 -9.3890 7.5562 -0.0535 -0.0607 0.0628 0.5838 -10.3679 -3.7132 -0.6763 -10.3036 3.8367 -3.9299 16.1593 -12.2726 -63.8451 -55.9970 26.9558 -1.1880 -1.3351 -75.3658 77.2000 -75.2199 -17.6518 -16.6792 10.2262 13.9960 -58.1167 1.7247 1.7184 18.4212 18.8086 15.3051 61.4406 42.1510 44.1626 1.2361 -2.5395 100.3805 59.5134 -20.8139 -0.6015 16.3143 7.6032 -16.6717 51.7915 -3.5790 -4.8434 8.5446 -32.9185 23.5048 -0.2700 29.3779 -0.5194 -7.4381 7.9443 10.7799 1.6675 2.0208 -2.0399 -20.5268 -6.7743 -13.2785 0.2065 30.1483 1.0079 22.6425 -20.8387 -2.5041 -1.4584 0.5037 1.0416
-1.4065 92.4308 0.7980 2.1770 -0.8031 -8.9836 -3.5448 7.7181 -0.2004 -1.9159 -1.7529 -0.9213 -4.6590 25.5047 -5.5509 3.8116 22.9391 1.8114 1.2911 -3.6026 8.5139 0.1922 -8.9736 7.8497 -0.0605 -0.0591 0.0638 0.5710 -10.3602 -3.7082 -0.6780 -10.2947 3.8377 -3.9007 16.2291 -12.2214 -63.7452 -55.7206 26.3449 -1.1235 -1.2667 -75.2280 74.6405 -75.2265 -14.7360 -16.6503 10.2333 13.9763 -58.0505 1.7416 1.7454 18.3618 18.9354 15.1472 61.5430 42.3316 44.4167 1.0936 -2.6276 100.5375 59.4857 -21.2545 -1.3336 16.3610 7.5631 -16.7482 51.6227 -3.6309 -4.8405 8.6973 -32.5165 23.4755 -0.2721 29.2941 -0.5272 -7.4743 7.9809 10.6817 1.6685 1.9454 -2.0470 -20.6611 -6.3860 -13.1907 0.2020 30.2296 1.0136 22.6918 -20.9608 -2.4951 -1.4568 0.4768 1.0282
-1.5601 92.4192 0.8395 2.2935 -1.1489 -8.9724 -3.5005 7.5791 -0.1879 -1.8955 -1.8320 -0.9466 -4.7144 25.4692 -5.5561 3.1900 23.6395 2.0555 1.3796 -3.5929 8.6893 0.1097 -8.5486 8.1273 -0.0665 -0.0562 0.0637 0.5611 -10.3578 -3.7060 -0.6798 -10.2916 3.8379 -3.8857 16.2874 -12.1574 -63.6520 -55.4739 25.8231 -1.1312 -1.2468 -75.1327 73.8477 -75.2172 -13.5847 -16.6411 10.1905 13.9282 -57.9390 1.7577 1.7747 18.2562 19.0439 14.9929 61.7730 42.5163 44.8053 0.9240 -2.6781 100.7097 59.3357 -21.5440 -1.6944 16.3346 7.5618 -16.8083 51.4705 -3.6642 -4.8595 8.8414 -32.0524 23.4391 -0.2756 29.1402 -0.5386 -7.5130 8.0690 10.5877 1.6689 1.8652 -2.0559 -20.8037 -5.9210 -13.1267 0.1989 30.1897 1.0266 22.7258 -21.0694 -2.4950 -1.4544 0.4498 1.0083
-1.6790 92.4311 0.8983 2.4141 -1.4879 -8.9726 -3.4596 7.3900 -0.1792 -1.8772 -1.9206 -0.9602 -4.7731 25.3773 -5.5473 2.5759 24.3114 2.2656 1.4616 -3.5802 8.8553 0.0804 -8.1634 8.3380 -0.0681 -0.0525 0.0590 0.5576 -10.3642 -3.7103 -0.6797 -10.2990 3.8347 -3.9004 16.3409 -12.1098 -63.4880 -55.2671 25.3776 -1.1946 -1.3043 -75.0975 75.0361 -75.1899 -14.3928 -16.6272 10.1482 13.8952 -57.8216 1.7823 1.7833 18.1321 19.1583 14.8510 62.0014 42.6466 45.1854 0.8017 -2.7075 100.8944 59.0992 -21.6995 -1.7907 16.2973 7.5929 -16.8663 51.3744 -3.6942 -4.8937 8.9888 -31.5302 23.3679 -0.2735 28.9058 -0.5378 -7.5725 8.2186 10.4998 1.6712 1.7626 -2.0642 -20.9478 -5.4024 -13.0681 0.1922 30.0416 1.0485 22.7234 -21.1222 -2.5528 -1.4531 0.4204 0.9912
-1.7808 92.4795 1.0230 2.5550 -1.8148 -9.0087 -3.4375 7.1662 -0.1702 -1.8643 -2.0200 -0.9441 -4.8464 25.2434 -5.5529 2.0218 24.8823 2.4518 1.5285 -3.5738 8.9912 0.0875 -7.7821 8.4881 -0.0686 -0.0520 0.0550 0.5566 -10.3815 -3.7198 -0.6794 -10.3180 3.8370 -3.9219 16.3517 -12.0670 -63.2328 -55.0676 25.0154 -1.2733 -1.3711 -75.1344 78.1463 -75.2370 -17.0308 -16.6380 10.1483 13.9217 -57.7289 1.8033 1.7529 18.0304 19.2997 14.7320 62.1456 42.7600 45.5364 0.6590 -2.6714 101.1132 58.9514 -21.9204 -1.7614 16.2406 7.6180 -16.9069 51.2739 -3.7077 -4.9260 9.1103 -30.9306 23.2898 -0.2734 28.5814 -0.5323 -7.6521 8.3787 10.4641 1.6716 1.6663 -2.0653 -21.1170 -4.8351 -12.9658 0.1874 29.8002 1.0500 22.6952 -21.1094 -2.6108 -1.4519 0.3637 0.9818
-1.8918 92.5489 1.1353 2.7189 -2.1274 -9.0789 -3.4379 6.9134 -0.1833 -1.8613 -2.1437 -0.9089 -4.9349 25.0880 -5.5475 1.5578 25.3680 2.6156 1.5666 -3.5625 9.0718 0.1021 -7.4072 8.5815 -0.0674 -0.0505 0.0514 0.5600 -10.4014 -3.7299 -0.6808 -10.3421 3.8399 -3.9434 16.3408 -12.0086 -62.8301 -54.8461 24.6261 -1.3248 -1.4685 -75.2269 82.5765 -75.2320 -20.9240 -16.6043 10.1905 13.9578 -57.6940 1.8302 1.7051 17.9493 19.4456 14.6289 62.2174 42.8565 45.8385 0.5212 -2.5370 101.3716 58.7745 -22.1844 -1.4608 16.1561 7.6769 -16.9423 51.2028 -3.6852 -4.9539 9.2133 -30.2483 23.1882 -0.2703 28.1887 -0.5250 -7.7934 8.5228 10.4982 1.6744 1.5889 -2.0644 -21.2847 -4.2275 -12.8444 0.1860 29.4552 1.0436 22.6398 -21.0480 -2.6748 -1.4506 0.3279 0.9747
-1.9695 92.6393 1.2957 2.9094 -2.4369 -9.1705 -3.4665 6.6351 -0.2089 -1.8615 -2.2669 -0.8766 -5.0289 24.8758 -5.5365 1.1455 25.7412 2.7291 1.6093 -3.5610 9.1155 0.1373 -7.1026 8.6658 -0.0669 -0.0490 0.0521 0.5615 -10.4067 -3.7352 -0.6811 -10.3536 3.8468 -4.0238 16.3121 -11.9553 -62.1055 -54.5249 24.0600 -1.2807 -1.4903 -75.3785 87.9873 -75.2559 -25.7729 -16.5704 10.2417 14.0031 -57.6778 1.8473 1.7006 17.8762 19.5555 14.5338 62.2981 42.9464 46.1206 0.4185 -2.3551 101.6450 58.4463 -22.3329 -0.7776 16.0471 7.7659 -16.9660 51.1646 -3.6228 -4.9881 9.2752 -29.4626 23.1443 -0.2792 27.6922 -0.5351 -7.9655 8.6619 10.5954 1.6770 1.4790 -2.0519 -21.4974 -3.5555 -12.7282 0.1801 28.9532 1.0224 22.6139 -20.8738 -2.7414 -1.4525 0.2683 0.9712
-2.0300 92.7539 1.4852 3.1146 -2.7001 -9.2724 -3.5091 6.3554 -0.2265 -1.8546 -2.4029 -0.8636 -5.1207 24.6405 -5.5199 0.7923 25.9863 2.7938 1.6570 -3.5637 9.1013 0.1935 -6.9230 8.6972 -0.0614 -0.0460 0.0481 0.5715 -10.4177 -3.7465 -0.6799 -10.3732 3.8482 -4.0987 16.2658 -11.9049 -61.2652 -54.1247 23.4415 -1.1890 -1.5049 -75.5206 93.1375 -75.2971 -30.4092 -16.5389 10.2765 14.0357 -57.6279 1.8691 1.6966 17.8062 19.6255 14.4463 62.3859 43.0582 46.3000 0.3299 -2.1503 101.9192 58.0600 -22.4156 0.0808 15.9471 7.8737 -16.9846 51.2372 -3.5807 -5.0069 9.2721 -28.6772 23.1401 -0.2872 27.1555 -0.5502 -8.1168 8.7825 10.7231 1.6794 1.3793 -2.0453 -21.7310 -2.9077 -12.6567 0.1696 28.3656 1.0198 22.5622 -20.6580 -2.7549 -1.4561 0.1987 0.9680
-2.0565 92.8716 1.6774 3.3417 -2.8950 -9.3748 -3.5572 6.0370 -0.2295 -1.8474 -2.5388 -0.8629 -5.2068 24.3450 -5.5181 0.5246 26.0734 2.8247 1.7284 -3.5734 9.0352 0.2660 -6.7934 8.6817 -0.0562 -0.0446 0.0456 0.5776 -10.4321 -3.7573 -0.6763 -10.3943 3.8523 -4.1705 16.2001 -11.8282 -60.3668 -53.6016 22.8184 -1.0791 -1.5640 -75.6923 97.3733 -75.3121 -34.1257 -16.5491 10.2808 14.0636 -57.5254 1.8739 1.7051 17.7634 19.6283 14.3503 62.4649 43.2174 46.3614 0.3264 -1.9882 102.1877 57.5248 -22.2754 1.2820 15.8432 7.9589 -17.0020 51.3522 -3.5437 -5.0737 9.1816 -27.9114 23.1637 -0.2898 26.6113 -0.5616 -8.1917 8.8874 10.8295 1.6817 1.2879 -2.0406 -21.9928 -2.2913 -12.5945 0.1546 27.6763 1.0100 22.5179 -20.3575 -2.7443 -1.4593 0.1277 0.9607
-2.0383 93.0095 1.9029 3.5752 -3.0250 -9.4699 -3.5970 5.7242 -0.2161 -1.8365 -2.7069 -0.8999 -5.2925 24.0174 -5.4989 0.3676 26.0483 2.8100 1.8077 -3.5851 8.9816 0.3300 -6.7002 8.6117 -0.0552 -0.0406 0.0489 0.5825 -10.4450 -3.7635 -0.6800 -10.4156 3.8664 -4.2152 16.1352 -11.7360 -59.4925 -52.9950 22.2409 -0.9374 -1.7193 -75.9047 100.3360 -75.3444 -36.5637 -16.5891 10.2956 14.1039 -57.4417 1.8999 1.6836 17.7166 19.5868 14.2585 62.5633 43.4189 46.3527 0.3895 -1.8773 102.4695 56.9512 -21.8536 2.7979 15.7684 8.0439 -17.0251 51.5244 -3.5042 -5.1267 9.0372 -27.2353 23.1550 -0.2898 26.1738 -0.5592 -8.2142 8.9192 10.9105 1.6834 1.2442 -2.0330 -22.2888 -1.7358 -12.5313 0.1364 26.9821 0.9952 22.5312 -20.0200 -2.7553 -1.4640 0.0434 0.9694
-1.9775 93.1130 2.1215 3.8151 -3.0769 -9.5369 -3.6335 5.3834 -0.2220 -1.8230 -2.8432 -0.9003 -5.3398 23.6424 -5.4867 0.2966 25.9116 2.7350 1.8795 -3.6021 8.9053 0.3964 -6.6237 8.5346 -0.0538 -0.0403 0.0485 0.5911 -10.4505 -3.7752 -0.6861 -10.4326 3.8757 -4.2593 16.0463 -11.6564 -58.9061 -52.3508 21.9398 -0.8660 -1.8837 -76.2104 101.4267 -75.4235 -37.1209 -16.6440 10.3190 14.1740 -57.4288 1.9279 1.6799 17.6579 19.5453 14.1572 62.6434 43.5628 46.2538 0.5450 -1.8277 102.7249 56.6158 -21.3129 4.1267 15.6858 8.1246 -17.0542 51.6971 -3.4741 -5.1689 8.8202 -26.6676 23.1501 -0.2734 25.8051 -0.5351 -8.2153 8.9272 10.9349 1.6874 1.2357 -2.0306 -22.6092 -1.2892 -12.5233 0.1268 26.2841 0.9974 22.5826 -19.6733 -2.7457 -1.4684 -0.0263 0.9774
-1.8923 93.2055 2.3776 4.0499 -3.0942 -9.6058 -3.6642 5.0726 -0.2031 -1.7979 -2.9840 -0.9076 -5.3583 23.2790 -5.4425 0.3118 25.6638 2.5853 1.9068 -3.6117 8.8541 0.4768 -6.5608 8.4178 -0.0502 -0.0429 0.0435 0.6051 -10.4647 -3.7915 -0.6933 -10.4545 3.8814 -4.2831 15.9913 -11.5838 -58.4772 -51.7467 21.7774 -0.8205 -2.0402 -76.5713 101.1336 -75.6313 -36.2952 -16.7093 10.3501 14.2260 -57.4701 1.9592 1.6736 17.6178 19.5178 14.0674 62.6990 43.6894 46.1165 0.7258 -1.8247 102.9437 56.5076 -20.7877 5.0686 15.7041 8.1800 -17.0645 51.8906 -3.4531 -5.2073 8.5674 -26.1927 23.1849 -0.2566 25.5263 -0.5035 -8.2142 8.8848 10.9569 1.6906 1.2421 -2.0326 -22.9609 -0.9061 -12.5175 0.1150 25.6366 0.9782 22.6957 -19.3626 -2.7465 -1.4732 -0.0743 0.9960
-1.7877 93.2665 2.6080 4.2709 -3.0793 -9.6852 -3.6839 4.7985 -0.1886 -1.7714 -3.1068 -0.9013 -5.3388 22.9195 -5.3909 0.4115 25.3402 2.4082 1.9128 -3.6097 8.8037 0.5628 -6.5281 8.3066 -0.0474 -0.0476 0.0397 0.6165 -10.4785 -3.8044 -0.6996 -10.4718 3.8862 -4.2950 15.9376 -11.5116 -58.2012 -51.2167 21.8186 -0.8445 -2.1539 -76.9664 100.1829 -75.9659 -34.8192 -16.7361 10.4117 14.2847 -57.5133 2.0237 1.6686 17.5895 19.4942 13.9659 62.7498 43.8753 46.0371 0.8313 -1.8688 103.1379 56.6585 -20.2959 5.6405 15.7116 8.2121 -17.0747 52.0439 -3.4396 -5.2480 8.2758 -25.8499 23.3072 -0.2415 25.3812 -0.4786 -8.2288 8.7984 10.8909 1.6924 1.2765 -2.0261 -23.3175 -0.5930 -12.5310 0.1135 25.0280 0.9699 22.8834 -19.0850 -2.7404 -1.4751 -0.1083 1.0139
-1.6640 93.3018 2.7958 4.4779 -3.0433 -9.7502 -3.6930 4.5695 -0.1733 -1.7455 -3.2140 -0.8838 -5.3001 22.5946 -5.3601 0.5514 24.9784 2.2495 1.9187 -3.6074 8.7509 0.6420 -6.5021 8.2030 -0.0483 -0.0527 0.0376 0.6193 -10.4866 -3.8110 -0.7047 -10.4791 3.8892 -4.2826 15.8795 -11.3908 -57.9561 -50.7552 21.8725 -0.9082 -2.2011 -77.2365 99.2001 -76.4403 -33.3477 -16.7430 10.4590 14.2988 -57.5267 2.0835 1.6639 17.5622 19.4382 13.9000 62.8729 44.0913 46.0801 0.8971 -1.8570 103.2306 56.8170 -20.0197 5.9777 15.8188 8.2807 -17.0825 52.2931 -3.4088 -5.2835 7.9668 -25.6149 23.4982 -0.2258 25.3329 -0.4461 -8.2620 8.6660 10.8102 1.6920 1.3106 -2.0174 -23.6818 -0.3513 -12.5728 0.1196 24.4672 0.9674 23.1011 -18.8292 -2.7254 -1.4761 -0.1299 1.0242
-1.4993 93.3315 2.9317 4.6658 -2.9999 -9.8065 -3.6812 4.4011 -0.1431 -1.7155 -3.3325 -0.8794 -5.2378 22.3146 -5.3091 0.7026 24.6419 2.0805 1.9166 -3.5984 8.6853 0.7017 -6.5028 8.1222 -0.0472 -0.0581 0.0325 0.6219 -10.4937 -3.8188 -0.7055 -10.4862 3.8878 -4.2524 15.8197 -11.2732 -57.7969 -50.3868 22.0044 -1.0067 -2.2376 -77.3978 98.2107 -76.9465 -31.8250 -16.7753 10.4481 14.3104 -57.5095 2.1023 1.6997 17.5256 19.3901 13.8629 63.0864 44.3454 46.2337 0.8858 -1.9085 103.3054 57.0236 -19.8404 6.0878 15.9316 8.3376 -17.1019 52.5290 -3.4094 -5.2999 7.6430 -25.4640 23.7660 -0.2251 25.3903 -0.4307 -8.2791 8.5055 10.7111 1.6912 1.3278 -2.0147 -24.0262 -0.1289 -12.6061 0.1252 23.9108 0.9688 23.3032 -18.6161 -2.6858 -1.4748 -0.1562 1.0250
-1.3074 93.3515 3.0268 4.8267 -2.9266 -9.8437 -3.6475 4.2668 -0.1276 -1.6772 -3.4245 -0.8363 -5.1386 22.0447 -5.2624 0.8506 24.3267 1.9240 1.9005 -3.5913 8.5821 0.7752 -6.5166 8.0474 -0.0403 -0.0623 0.0199 0.6283 -10.4999 -3.8347 -0.6980 -10.4924 3.8746 -4.1992 15.7467 -11.1422 -57.6214 -50.0340 22.1178 -1.0728 -2.2238 -77.4889 97.4290 -77.5297 -30.5728 -16.8437 10.3889 14.3418 -57.4607 2.0905 1.7655 17.4197 19.3240 13.8233 63.4304 44.5391 46.4765 0.8572 -1.9320 103.3643 57.1485 -19.7231 6.1746 16.0288 8.3812 -17.1490 52.7016 -3.4412 -5.3271 7.3027 -25.4083 24.0306 -0.2254 25.4774 -0.4228 -8.2401 8.3689 10.6088 1.6883 1.3360 -2.0079 -24.3174 0.0481 -12.6451 0.1301 23.3363 0.9698 23.4294 -18.3890 -2.6638 -1.4708 -0.1447 1.0159
-1.1043 93.3802 3.0749 4.9728 -2.8119 -9.8733 -3.5939 4.1623 -0.0861 -1.6421 -3.5050 -0.8136 -5.0301 21.8124 -5.1759 1.0193 24.0425 1.8117 1.8686 -3.5744 8.4787 0.8285 -6.5545 7.9582 -0.0335 -0.0639 0.0067 0.6366 -10.4980 -3.8511 -0.6930 -10.4926 3.8641 -4.1306 15.6672 -11.0027 -57.5123 -49.7174 22.2997 -1.1611 -2.2169 -77.5467 96.4503 -78.0684 -29.2137 -16.9578 10.2933 14.3168 -57.3932 2.0629 1.7848 17.3110 19.2195 13.7979 63.8378 44.7226 46.7394 0.8476 -1.9460 103.3844 57.1368 -19.6122 6.2293 16.0800 8.4304 -17.1776 52.8278 -3.4674 -5.3286 6.9653 -25.4078 24.2457 -0.2331 25.5801 -0.4216 -8.1608 8.2154 10.5931 1.6856 1.3399 -2.0145 -24.5837 0.1805 -12.6623 0.1290 22.7385 0.9629 23.5373 -18.1822 -2.6602 -1.4676 -0.0832 1.0113
-0.9189 93.4036 3.1266 5.0925 -2.6268 -9.8957 -3.5318 4.0679 -0.0788 -1.6000 -3.5505 -0.7546 -4.8805 21.5735 -5.0694 1.1589 23.7804 1.7146 1.8415 -3.5613 8.3739 0.8307 -6.5814 7.9066 -0.0304 -0.0658 0.0005 0.6440 -10.4953 -3.8594 -0.6935 -10.4942 3.8578 -4.0288 15.5598 -10.8717 -57.4694 -49.3651 22.5706 -1.1755 -2.2173 -77.7150 95.2918 -78.5019 -27.7015 -17.0504 10.2317 14.3317 -57.3990 2.0448 1.7830 17.1610 19.1233 13.7358 64.2154 44.8105 46.9764 0.8895 -1.9746 103.4124 57.0965 -19.5224 6.2288 16.1172 8.4387 -17.1877 52.8892 -3.4977 -5.3717 6.6090 -25.5173 24.3862 -0.2300 25.7286 -0.4189 -8.0390 8.0330 10.6490 1.6815 1.3615 -2.0195 -24.8008 0.2280 -12.6722 0.1344 22.1351 0.9730 23.6228 -17.9620 -2.6802 -1.4656 -0.0191 1.0068
-0.6954 93.4280 3.1430 5.2054 -2.4238 -9.9273 -3.4629 4.0051 -0.0755 -1.5601 -3.5800 -0.6920 -4.7143 21.3714 -4.9620 1.2778 23.5391 1.6448 1.8226 -3.5535 8.2994 0.7891 -6.5681 7.8751 -0.0356 -0.0671 0.0107 0.6435 -10.4885 -3.8489 -0.7040 -10.4891 3.8702 -3.9159 15.4195 -10.7246 -57.4728 -48.9755 22.9351 -1.1443 -2.2574 -78.0157 93.7373 -78.8485 -25.7791 -17.1069 10.2252 14.3554 -57.4833 2.0270 1.7648 17.0168 19.0127 13.7021 64.5998 44.8787 47.2363 0.9166 -2.0258 103.4271 57.0448 -19.4308 6.2170 16.0942 8.4651 -17.1585 52.9306 -3.4904 -5.3878 6.2433 -25.6523 24.4930 -0.2274 25.8736 -0.4152 -7.8800 7.8369 10.7773 1.6779 1.3999 -2.0219 -25.0240 0.2333 -12.6810 0.1368 21.5272 0.9577 23.7685 -17.7778 -2.6909 -1.4658 0.0949 1.0066
-0.4891 93.4448 3.1670 5.3272 -2.2322 -9.9518 -3.4054 3.9752 -0.0918 -1.5219 -3.5902 -0.6479 -4.5427 21.1991 -4.8639 1.3636 23.3553 1.6063 1.8235 -3.5566 8.2569 0.7039 -6.5424 7.8686 -0.0379 -0.0679 0.0208 0.6457 -10.4789 -3.8366 -0.7114 -10.4747 3.8794 -3.7810 15.2811 -10.5758 -57.5632 -48.6192 23.4647 -1.0880 -2.3254 -78.4402 92.4145 -79.1429 -24.1201 -17.1078 10.2428 14.3992 -57.5818 1.9990 1.7763 16.8718 18.9292 13.7054 64.9783 44.9054 47.4915 0.9483 -2.0484 103.4352 57.0033 -19.3391 6.2130 16.0718 8.4810 -17.0935 52.9030 -3.4441 -5.3802 5.8741 -25.7991 24.5962 -0.2258 26.0312 -0.4088 -7.7233 7.6594 10.9467 1.6768 1.3965 -2.0129 -25.2649 0.2074 -12.7188 0.1374 20.9726 0.9565 23.9610 -17.6537 -2.7073 -1.4662 0.2052 1.0129
-0.3155 93.4575 3.1446 5.4495 -2.0567 -9.9655 -3.3506 3.9653 -0.1177 -1.4917 -3.6119 -0.6338 -4.3894 21.0859 -4.7656 1.4161 23.2513 1.6142 1.8419 -3.5649 8.1809 0.5737 -6.5208 7.8757 -0.0369 -0.0642 0.0282 0.6487 -10.4825 -3.8255 -0.7117 -10.4766 3.8825 -3.6492 15.1485 -10.4099 -57.6528 -48.3179 24.0349 -1.0718 -2.4395 -78.8913 91.5880 -79.4111 -23.0225 -17.0961 10.2573 14.4166 -57.7028 1.9795 1.8049 16.7490 18.8440 13.7449 65.2717 44.8971 47.6144 1.0237 -2.0926 103.4741 56.9704 -19.2667 6.2023 16.0489 8.5295 -17.0071 52.9047 -3.3509 -5.3574 5.4955 -25.9634 24.7322 -0.2207 26.2220 -0.3990 -7.5648 7.4824 11.0953 1.6776 1.3971 -2.0075 -25.5164 0.1694 -12.7853 0.1336 20.4521 0.9207 24.1626 -17.5366 -2.6713 -1.4670 0.2971 1.0163
-0.1119 93.4567 3.1351 5.5845 -1.9028 -9.9765 -3.3035 3.9513 -0.1338 -1.4697 -3.6058 -0.6170 -4.2593 20.9875 -4.7177 1.4508 23.1889 1.5875 1.8571 -3.5686 8.1376 0.4296 -6.4932 7.8984 -0.0291 -0.0598 0.0265 0.6537 -10.4765 -3.8233 -0.7012 -10.4644 3.8740 -3.5381 15.0106 -10.2439 -57.6199 -48.0877 24.4548 -1.0220 -2.5332 -79.2052 90.8539 -79.6985 -22.1187 -17.0784 10.2354 14.4230 -57.7107 1.9689 1.8468 16.6776 18.7961 13.7663 65.5209 44.9189 47.7450 1.0424 -2.0821 103.5006 56.9644 -19.1515 6.1891 16.0078 8.6048 -16.9476 52.9023 -3.2730 -5.3519 5.1166 -26.0868 24.9644 -0.2237 26.3585 -0.3977 -7.4017 7.3667 11.1904 1.6813 1.4141 -1.9923 -25.7938 0.1688 -12.8368 0.1295 19.9273 0.8984 24.3782 -17.3979 -2.7040 -1.4675 0.3640 1.0196
0.0929 93.4740 3.1651 5.7205 -1.7613 -10.0158 -3.2556 3.9298 -0.1201 -1.4457 -3.6284 -0.6375 -4.1692 20.9232 -4.6835 1.4670 23.1921 1.5984 1.8781 -3.5746 8.0637 0.2658 -6.4482 7.8991 -0.0178 -0.0542 0.0169 0.6640 -10.4855 -3.8313 -0.6885 -10.4739 3.8586 -3.4530 14.8994 -10.0644 -57.4962 -47.8794 24.6833 -0.9323 -2.6420 -79.4095 89.6935 -79.9092 -20.8602 -17.1128 10.2211 14.4386 -57.7736 1.9528 1.8700 16.6155 18.7645 13.7806 65.6051 44.9041 47.6942 1.1734 -2.0347 103.6341 56.9385 -19.1683 6.1396 15.9434 8.7062 -16.9571 52.9067 -3.2406 -5.3536 4.7382 -26.1707 25.2284 -0.2320 26.4685 -0.3994 -7.2566 7.2493 11.2362 1.6836 1.4217 -1.9875 -26.0493 0.1728 -12.8869 0.1244 19.4528 0.8860 24.5390 -17.2405 -2.7199 -1.4679 0.4269 1.0264
0.2821 93.5036 3.2382 5.8666 -1.6404 -10.0639 -3.2150 3.8983 -0.0866 -1.4204 -3.6452 -0.6635 -4.1089 20.8395 -4.6677 1.4884 23.2105 1.6199 1.8852 -3.5714 7.9618 0.1284 -6.3519 7.8722 -0.0065 -0.0464 0.0055 0.6787 -10.4826 -3.8428 -0.6804 -10.4722 3.8434 -3.3834 14.7833 -9.9210 -57.3498 -47.6439 24.8115 -0.8626 -2.6723 -79.4748 88.2001 -80.1047 -19.3765 -17.1598 10.1861 14.4328 -57.7639 1.9360 1.8680 16.5977 18.7126 13.7513 65.5866 44.9195 47.5513 1.3656 -2.0130 103.7741 56.8878 -19.2479 6.1025 15.8522 8.8166 -16.9632 52.9905 -3.2235 -5.3593 4.3748 -26.1661 25.5035 -0.2390 26.4828 -0.4003 -7.1197 7.1622 11.2613 1.6869 1.4746 -1.9851 -26.3199 0.2256 -12.9229 0.1170 18.9416 0.8641 24.7099 -16.9810 -2.8086 -1.4695 0.4986 1.0424
0.4770 93.5239 3.3420 6.0122 -1.5351 -10.1439 -3.1688 3.8473 -0.0633 -1.3930 -3.6627 -0.6647 -4.0686 20.7171 -4.6621 1.4779 23.2480 1.6366 1.8965 -3.5737 7.8456 -0.0130 -6.2550 7.8566 -0.0001 -0.0405 0.0004 0.6878 -10.4967 -3.8536 -0.6770 -10.4903 3.8415 -3.3447 14.7094 -9.8195 -57.1871 -47.3863 24.8603 -0.8059 -2.6284 -79.5081 87.2967 -80.3288 -18.5204 -17.2079 10.1601 14.4551 -57.7893 1.9178 1.8733 16.5622 18.6412 13.6685 65.5751 44.9582 47.4106 1.5849 -1.9581 103.9566 56.7672 -19.4144 6.0668 15.8139 8.9051 -16.9810 53.1037 -3.2178 -5.3922 4.0485 -26.0695 25.7689 -0.2359 26.4071 -0.3907 -7.0247 7.0842 11.2912 1.6888 1.4918 -1.9925 -26.5828 0.3153 -12.9404 0.1082 18.3937 0.8541 24.8461 -16.6509 -2.9110 -1.4722 0.5279 1.0452
0.6989 93.5684 3.4828 6.1659 -1.4322 -10.2168 -3.1310 3.7771 -0.0508 -1.3649 -3.6871 -0.6536 -4.0472 20.5612 -4.6804 1.4440 23.2669 1.6407 1.8862 -3.5741 7.7671 -0.1031 -6.1685 7.8488 -0.0010 -0.0373 0.0033 0.6916 -10.5155 -3.8556 -0.6822 -10.5126 3.8500 -3.3258 14.6002 -9.7580 -57.0461 -47.0931 24.9016 -0.8072 -2.5221 -79.4730 87.1506 -80.5346 -18.5782 -17.2542 10.1284 14.4697 -57.7566 1.9043 1.8897 16.5089 18.5450 13.5760 65.5860 44.9973 47.3100 1.8171 -1.9180 104.1124 56.5861 -19.6522 6.0119 15.7874 8.9599 -17.0013 53.1970 -3.2333 -5.4447 3.7194 -25.9186 26.0231 -0.2369 26.2855 -0.4004 -6.9157 7.0351 11.3474 1.6887 1.5232 -2.0003 -26.8628 0.4455 -12.9908 0.1001 17.7589 0.8464 24.9974 -16.2358 -3.0041 -1.4747 0.5086 1.0409
0.8953 93.6115 3.6244 6.3185 -1.3249 -10.2884 -3.0968 3.6959 -0.0466 -1.3375 -3.7419 -0.6479 -4.0365 20.3860 -4.7081 1.3889 23.2945 1.6529 1.8375 -3.5665 7.6814 -0.1892 -6.0906 7.8495 -0.0011 -0.0365 0.0018 0.6931 -10.5415 -3.8605 -0.6843 -10.5475 3.8527 -3.3136 14.4834 -9.7174 -56.9295 -46.7628 24.8896 -0.7848 -2.4081 -79.3888 86.9220 -80.6718 -18.6634 -17.3120 10.0734 14.4597 -57.7209 1.8760 1.9070 16.4328 18.4441 13.4590 65.6642 45.1139 47.3256 1.9615 -1.9109 104.2846 56.4985 -20.0312 5.7350 15.8035 8.9875 -17.0187 53.2810 -3.2348 -5.4768 3.3934 -25.7822 26.2618 -0.2337 26.1890 -0.4114 -6.7955 7.0012 11.4613 1.6873 1.5667 -2.0056 -27.1344 0.6056 -13.0785 0.0879 17.0582 0.8302 25.1315 -15.8172 -3.0608 -1.4759 0.4671 1.0218
1.0781 93.6522 3.7881 6.4791 -1.1887 -10.3552 -3.0859 3.5814 -0.0544 -1.3095 -3.7997 -0.6375 -4.0235 20.1647 -4.7269 1.2734 23.2967 1.6518 1.7829 -3.5713 7.6271 -0.2551 -6.0205 7.8738 -0.0003 -0.0379 -0.0002 0.6955 -10.5732 -3.8685 -0.6853 -10.5852 3.8579 -3.3246 14.2866 -9.7014 -56.8160 -46.3550 24.8847 -0.7666 -2.3470 -79.2854 86.3346 -80.6815 -18.5446 -17.3796 9.9828 14.4629 -57.6799 1.8476 1.9579 16.3863 18.3959 13.3443 65.7250 45.2680 47.4001 1.9965 -1.8993 104.4617 56.4561 -20.5377 5.3092 15.8246 9.0169 -17.0919 53.3064 -3.2634 -5.5118 3.0518 -25.6693 26.5452 -0.2460 26.1130 -0.4525 -6.6453 6.9882 11.5743 1.6845 1.5870 -2.0032 -27.4448 0.7868 -13.1822 0.0785 16.2724 0.8249 25.3499 -15.3822 -3.0953 -1.4787 0.4003 0.9989
1.2502 93.6765 3.9817 6.6548 -1.0223 -10.3830 -3.0900 3.4422 -0.0942 -1.2820 -3.8513 -0.5799 -4.0217 19.9118 -4.7700 1.1239 23.2705 1.6395 1.6957 -3.5883 7.6054 -0.3237 -6.0136 7.9129 0.0016 -0.0414 -0.0070 0.6927 -10.5898 -3.8742 -0.6785 -10.6052 3.8477 -3.2849 14.0640 -9.6704 -56.7420 -45.9130 24.8589 -0.7233 -2.2944 -79.1275 83.7002 -80.6099 -16.5708 -17.4817 9.8328 14.4566 -57.6002 1.8225 2.0001 16.3736 18.4095 13.2053 65.7427 45.4476 47.5155 1.8996 -1.9239 104.6562 56.5120 -21.0768 4.6775 15.8548 9.0557 -17.1596 53.3041 -3.2680 -5.5152 2.6800 -25.6003 26.8101 -0.2640 26.0689 -0.4975 -6.4919 7.0012 11.6570 1.6810 1.5988 -1.9983 -27.7554 0.9589 -13.3814 0.0779 15.4279 0.8370 25.5704 -14.9431 -3.0903 -1.4790 0.3346 0.9685
1.3757 93.7206 4.1560 6.8241 -0.8141 -10.4189 -3.0993 3.3130 -0.0943 -1.2569 -3.9320 -0.5924 -4.0243 19.6607 -4.7530 0.9694 23.1983 1.6493 1.5944 -3.6168 7.5933 -0.4009 -6.0323 7.9124 -0.0008 -0.0443 -0.0110 0.6898 -10.6033 -3.8756 -0.6798 -10.6176 3.8423 -3.2005 13.8253 -9.6537 -56.7146 -45.3940 24.9382 -0.5994 -2.3617 -79.0568 78.0259 -80.3350 -11.6266 -17.7243 9.6759 14.4321 -57.6724 1.8060 2.0078 16.4137 18.4615 13.1019 65.6359 45.6646 47.5260 1.7501 -1.9895 104.8633 56.6466 -21.7467 3.8303 15.9082 9.0897 -17.2307 53.3235 -3.2631 -5.5305 2.3146 -25.5821 27.0332 -0.2887 26.0702 -0.5437 -6.3682 6.9681 11.7193 1.6784 1.6370 -1.9926 -28.0457 1.0669 -13.5871 0.0789 14.6443 0.8434 25.7801 -14.5309 -3.0339 -1.4807 0.2583 0.9467
1.4701 93.7573 4.3187 6.9817 -0.5914 -10.4423 -3.1152 3.1792 -0.1167 -1.2306 -3.9784 -0.5800 -4.0235 19.4260 -4.7130 0.8491 23.0760 1.6996 1.5113 -3.6397 7.5643 -0.5427 -6.0689 7.9065 -0.0011 -0.0452 -0.0137 0.6908 -10.6045 -3.8787 -0.6807 -10.6143 3.8373 -3.0318 13.6569 -9.5685 -56.7866 -44.9324 25.1193 -0.3953 -2.5069 -79.0890 70.7951 -79.7541 -5.1576 -18.0032 9.5402 14.4152 -57.8327 1.7953 1.9619 16.4502 18.4793 12.9726 65.4882 45.8751 47.4607 1.6347 -1.9882 105.0788 56.7402 -22.4550 3.0547 15.9434 9.0764 -17.2415 53.2621 -3.2956 -5.5470 1.9713 -25.5972 27.1706 -0.2883 26.0518 -0.5419 -6.2895 6.9146 11.8197 1.6795 1.6622 -1.9997 -28.3007 1.1025 -13.7727 0.0804 13.9639 0.8532 25.9401 -14.1443 -3.0248 -1.4812 0.2433 0.9255
1.5691 93.7760 4.4710 7.1247 -0.3689 -10.5198 -3.1378 3.0916 -0.1173 -1.2025 -3.9972 -0.5694 -4.0128 19.2099 -4.6535 0.7324 22.8660 1.8065 1.4921 -3.6528 7.4956 -0.7302 -6.1000 7.9008 0.0044 -0.0449 -0.0194 0.7003 -10.5875 -3.8896 -0.6792 -10.5923 3.8340 -2.8315 13.5569 -9.4092 -56.9975 -44.5259 25.4892 -0.0876 -2.6737 -79.4079 65.2682 -78.9282 -0.3411 -18.2340 9.4256 14.4271 -57.9860 1.7602 1.9335 16.4254 18.4327 12.8371 65.3346 46.0451 47.3003 1.6065 -1.9302 105.2992 56.7173 -22.9862 2.6124 15.9903 9.0633 -17.1825 53.2044 -3.3543 -5.5546 1.6853 -25.6047 27.2104 -0.2835 26.0025 -0.5261 -6.2763 6.7679 11.9462 1.6840 1.6821 -2.0123 -28.5237 1.0437 -13.8728 0.0845 13.4702 0.8711 26.1201 -13.8743 -3.0709 -1.4831 0.2502 0.9206
1.6809 93.7550 4.6032 7.2210 -0.1721 -10.6150 -3.1586 3.0437 -0.1492 -1.1687 -3.9759 -0.5657 -3.9686 19.0188 -4.5433 0.5548 22.6817 1.9261 1.5102 -3.6623 7.4146 -0.8807 -6.2211 7.8609 0.0088 -0.0396 -0.0165 0.7073 -10.5418 -3.8903 -0.6774 -10.5435 3.8387 -2.6318 13.5181 -9.2338 -57.3991 -44.2068 26.1972 0.2471 -2.9047 -80.0876 62.4757 -77.9469 1.8676 -18.3278 9.3020 14.4800 -58.0768 1.7575 1.9841 16.3325 18.3009 12.6777 65.1863 46.2178 46.9327 1.6938 -1.9062 105.6612 56.7382 -23.2940 2.2698 15.9325 9.0531 -17.1170 53.0410 -3.4160 -5.5603 1.4905 -25.6722 27.1560 -0.2765 26.0686 -0.4886 -6.3724 6.5572 12.1501 1.6872 1.6791 -2.0272 -28.6849 0.9128 -13.8664 0.0967 13.1815 0.8442 26.2692 -13.7371 -3.1974 -1.4873 0.2971 0.9329
1.8093 93.7456 4.7416 7.2745 -0.0049 -10.6032 -3.1637 3.0194 -0.1931 -1.1403 -3.9279 -0.5900 -3.8668 18.9104 -4.4436 0.3321 22.6351 1.9530 1.4907 -3.6800 7.3565 -0.9596 -6.3282 7.7752 0.0175 -0.0349 -0.0251 0.7150 -10.5169 -3.9046 -0.6679 -10.5154 3.8330 -2.4442 13.4982 -9.0869 -57.8315 -43.9039 26.9400 0.7172 -3.1315 -80.9098 60.5345 -76.9699 3.5208 -18.2745 9.2196 14.5269 -58.1648 1.8335 2.0563 16.2206 18.1251 12.5676 64.8463 46.3227 46.0873 1.9728 -2.0150 106.1613 56.8620 -23.2601 1.8121 16.0109 9.0353 -17.0358 52.8495 -3.4707 -5.6165 1.3531 -25.8444 26.9984 -0.2799 26.2273 -0.4389 -6.5041 6.4121 12.4585 1.6866 1.6651 -2.0421 -28.7627 0.7455 -13.8730 0.1281 13.0940 0.7730 26.2866 -13.7566 -3.3883 -1.4931 0.2770 0.9605
