HIERARCHY
ROOT Hips
{
	OFFSET 0.0000 0.0000 0.0000
	CHANNELS 6 Xposition Yposition Zposition Zrotation Xrotation Yrotation
	JOINT Spine1
	{
		OFFSET -0.0137 5.0038 -0.0537
		CHANNELS 3 Zrotation Xrotation Yrotation
		JOINT Spine2
		{
			OFFSET -0.0000 7.1253 -0.0298
			CHANNELS 3 Zrotation Xrotation Yrotation
			JOINT Chest
			{
				OFFSET -0.0000 7.5501 -0.8160
				CHANNELS 3 Zrotation Xrotation Yrotation
				JOINT Neck1
				{
					OFFSET -0.1817 26.3113 -0.5533
					CHANNELS 3 Zrotation Xrotation Yrotation
					JOINT Neck2
					{
						OFFSET -0.0000 7.7094 2.3026
						CHANNELS 3 Zrotation Xrotation Yrotation
						JOINT Head
						{
							OFFSET -0.0000 6.1289 1.9537
							CHANNELS 3 Zrotation Xrotation Yrotation
							JOINT Jaw
							{
								OFFSET 0.0026 0.4756 3.0949
								CHANNELS 3 Zrotation Xrotation Yrotation
								End Site
								{
									OFFSET 0.0 1.0 0.0
								}
							}
							JOINT LeftEye
							{
								OFFSET 3.2064 5.3802 7.5869
								CHANNELS 3 Zrotation Xrotation Yrotation
								End Site
								{
									OFFSET 0.0 1.0 0.0
								}
							}
							JOINT RightEye
							{
								OFFSET -3.2224 5.3619 7.5582
								CHANNELS 3 Zrotation Xrotation Yrotation
								End Site
								{
									OFFSET 0.0 1.0 0.0
								}
							}
						}
					}
				}
				JOINT LeftShoulder
				{
					OFFSET 1.6217 23.2372 5.1134
					CHANNELS 3 Zrotation Xrotation Yrotation
					JOINT LeftArm
					{
						OFFSET 14.9198 0.0000 -5.5023
						CHANNELS 3 Zrotation Xrotation Yrotation
						JOINT LeftForeArm
						{
							OFFSET 28.7393 0.0000 -0.0026
							CHANNELS 3 Zrotation Xrotation Yrotation
							JOINT LeftHand
							{
								OFFSET 27.0940 -0.0000 0.0026
								CHANNELS 3 Zrotation Xrotation Yrotation
								JOINT LeftHandThumbEnd
								{
									OFFSET 12.2686 -3.2202 4.8331
									CHANNELS 3 Zrotation Xrotation Yrotation
									End Site
									{
										OFFSET 0.0 1.0 0.0
									}
								}
								JOINT LeftHandMiddleEnd
								{
									OFFSET 19.0120 -0.3129 -0.0340
									CHANNELS 3 Zrotation Xrotation Yrotation
									End Site
									{
										OFFSET 0.0 1.0 0.0
									}
								}
							}
						}
					}
				}
				JOINT RightShoulder
				{
					OFFSET -1.3801 23.1803 5.2142
					CHANNELS 3 Zrotation Xrotation Yrotation
					JOINT RightArm
					{
						OFFSET -15.0372 0.0000 -5.5456
						CHANNELS 3 Zrotation Xrotation Yrotation
						JOINT RightForeArm
						{
							OFFSET -28.7366 0.0000 -0.0026
							CHANNELS 3 Zrotation Xrotation Yrotation
							JOINT RightHand
							{
								OFFSET -27.1336 -0.0000 0.0026
								CHANNELS 3 Zrotation Xrotation Yrotation
								JOINT RightHandThumbEnd
								{
									OFFSET -12.2642 -3.2115 4.8040
									CHANNELS 3 Zrotation Xrotation Yrotation
									End Site
									{
										OFFSET 0.0 1.0 0.0
									}
								}
								JOINT RightHandMiddleEnd
								{
									OFFSET -19.0006 -0.3066 -0.0316
									CHANNELS 3 Zrotation Xrotation Yrotation
									End Site
									{
										OFFSET 0.0 1.0 0.0
									}
								}
							}
						}
					}
				}
			}
		}
	}
	JOINT LeftLeg
	{
		OFFSET 10.0432 -8.4345 2.5957
		CHANNELS 3 Zrotation Xrotation Yrotation
		JOINT LeftShin
		{
			OFFSET -0.0000 -43.2218 -0.8029
			CHANNELS 3 Zrotation Xrotation Yrotation
			JOINT LeftFoot
			{
				OFFSET 0.0000 -42.1551 -3.4815
				CHANNELS 3 Zrotation Xrotation Yrotation
				JOINT LeftToeBase
				{
					OFFSET 0.0000 -5.0595 13.2315
					CHANNELS 3 Zrotation Xrotation Yrotation
					End Site
					{
						OFFSET 0.0 1.0 0.0
					}
				}
			}
		}
	}
	JOINT RightLeg
	{
		OFFSET -10.0473 -8.2953 2.6203
		CHANNELS 3 Zrotation Xrotation Yrotation
		JOINT RightShin
		{
			OFFSET 0.0000 -43.3622 -0.8056
			CHANNELS 3 Zrotation Xrotation Yrotation
			JOINT RightFoot
			{
				OFFSET 0.0000 -42.1174 -3.4784
				CHANNELS 3 Zrotation Xrotation Yrotation
				JOINT RightToeBase
				{
					OFFSET -0.0000 -5.0796 13.2842
					CHANNELS 3 Zrotation Xrotation Yrotation
					End Site
					{
						OFFSET 0.0 1.0 0.0
					}
				}
			}
		}
	}
}
MOTION
Frames: 300
Frame Time: 0.033333
0.2235 99.9891 0.7788 -0.5689 -2.1285 -0.1065 -0.2984 -1.5050 0.1932 -0.5391 -5.8532 -0.1577 0.0341 13.9025 -2.2319 0.3426 25.3644 3.2648 -0.5930 -3.7305 0.4165 0.4000 -8.2915 -0.2542 0.0150 0.0194 0.0226 0.6795 -10.3849 -3.8027 -0.6496 -10.4234 3.8527 -17.6564 12.5590 -10.1628 -54.4068 6.9506 -24.1658 -0.0336 0.0962 -32.0558 -0.8694 -14.8535 3.9627 -15.9480 10.5697 15.6937 -60.3975 1.4748 2.6469 15.7532 12.3112 13.5080 57.5277 7.7608 26.4052 0.1005 0.0216 38.3325 2.7831 -6.6552 -5.4394 15.4492 7.2026 -16.3271 49.7056 -3.7448 -5.4942 4.9888 -2.3129 8.3487 -0.0299 8.3820 -0.1150 -5.0867 -4.2452 0.7983 1.6637 0.0597 -1.8823 -3.5039 2.2946 -11.1084 0.0168 2.7602 -0.0961 4.5726 -3.0337 2.2631 -1.4332 -0.2019 1.1086
0.2374 100.0003 0.7888 -0.5831 -2.0980 -0.0734 -0.3039 -1.5186 0.1511 -0.5278 -5.8233 -0.0588 0.0202 13.8622 -2.2894 0.3706 25.2449 3.2554 -0.5974 -3.7338 0.3802 0.4049 -8.3258 -0.2709 0.0079 0.0128 0.0315 0.6720 -10.3865 -3.7931 -0.6565 -10.4262 3.8624 -17.6539 12.5727 -10.1830 -54.3667 6.8895 -24.0252 -0.1115 0.0587 -32.0346 -0.8221 -14.7029 3.8873 -15.9128 10.5433 15.6702 -60.3028 1.4700 2.5633 15.7553 12.3500 13.4922 57.5078 7.7286 26.3919 0.0999 0.0265 38.2272 2.8678 -6.8636 -5.4378 15.4095 7.1845 -16.3099 49.7909 -3.6962 -5.4816 5.0038 -2.3319 8.3862 -0.0449 8.3343 -0.1492 -5.1706 -4.2361 0.7171 1.6687 0.0245 -1.8877 -3.4845 2.2493 -11.0882 0.0108 2.7781 -0.0892 4.5533 -3.0733 2.2133 -1.4355 -0.2384 1.0964
0.2310 100.0087 0.7770 -0.5795 -2.0879 -0.0516 -0.3114 -1.5248 0.1410 -0.5275 -5.8292 -0.0291 0.0035 13.8835 -2.3042 0.4228 25.1576 3.2427 -0.6122 -3.7629 0.3471 0.4024 -8.3430 -0.2874 0.0091 0.0080 0.0233 0.6716 -10.4133 -3.8008 -0.6535 -10.4510 3.8530 -17.6170 12.5761 -10.2166 -54.3379 6.8745 -23.9115 -0.1616 0.0164 -32.0839 -0.8008 -14.6918 3.9238 -15.9147 10.5677 15.6845 -60.2947 1.4753 2.5517 15.7346 12.3756 13.4882 57.4709 7.7005 26.3401 0.1392 0.0158 38.1699 2.8706 -6.9661 -5.4343 15.4087 7.1889 -16.3000 49.8399 -3.6798 -5.4777 4.9965 -2.3591 8.3857 -0.0537 8.3665 -0.1731 -5.2039 -4.2598 0.7026 1.6699 0.0568 -1.8885 -3.4956 2.2046 -11.0736 0.0094 2.8438 -0.0970 4.5277 -3.1254 2.2174 -1.4363 -0.2244 1.0931
0.2354 99.9954 0.7697 -0.5737 -2.0827 -0.0381 -0.3267 -1.5235 0.1280 -0.5229 -5.8201 -0.0111 -0.0141 13.8772 -2.3129 0.4428 25.0657 3.2100 -0.6162 -3.7899 0.3420 0.4022 -8.3876 -0.2777 0.0121 0.0068 0.0135 0.6754 -10.4212 -3.8095 -0.6510 -10.4565 3.8401 -17.5933 12.5597 -10.2464 -54.3179 6.9239 -23.9192 -0.1559 0.0301 -32.0981 -0.7694 -14.7062 3.9661 -15.9186 10.5626 15.6685 -60.2682 1.4708 2.5588 15.7278 12.3724 13.4941 57.4186 7.7440 26.3411 0.1324 0.0391 38.1496 2.8927 -7.0719 -5.4579 15.4031 7.1877 -16.2766 49.7863 -3.6773 -5.4737 4.9896 -2.3933 8.4085 -0.0522 8.4016 -0.1835 -5.2252 -4.2669 0.6785 1.6706 0.0744 -1.8808 -3.5170 2.1745 -11.0771 0.0073 2.8821 -0.0963 4.5305 -3.1463 2.2115 -1.4374 -0.2033 1.0872
0.2470 99.9887 0.7575 -0.5673 -2.0708 0.0018 -0.3407 -1.5227 0.1324 -0.5161 -5.8251 -0.0337 -0.0378 13.8752 -2.3028 0.4494 24.9671 3.1686 -0.6010 -3.8020 0.3462 0.3999 -8.4571 -0.2601 0.0137 0.0121 0.0084 0.6781 -10.4283 -3.8142 -0.6504 -10.4637 3.8333 -17.5758 12.5660 -10.2816 -54.2708 6.9604 -24.0085 -0.1227 0.0444 -32.1141 -0.7182 -14.7709 4.0067 -15.8985 10.5550 15.6345 -60.2822 1.4627 2.5550 15.6953 12.3559 13.4873 57.3841 7.8238 26.3934 0.0882 0.0530 38.1740 2.9262 -7.1535 -5.4711 15.4344 7.1983 -16.2579 49.7870 -3.6685 -5.4732 4.9746 -2.4269 8.4113 -0.0456 8.4253 -0.1818 -5.2164 -4.2597 0.6313 1.6687 0.0960 -1.8719 -3.5349 2.1492 -11.1148 0.0075 2.9012 -0.0922 4.5565 -3.1475 2.2176 -1.4377 -0.1714 1.0799
0.2752 99.9791 0.7533 -0.5680 -2.0631 0.0142 -0.3524 -1.5215 0.1300 -0.5116 -5.8236 -0.0498 -0.0640 13.8636 -2.2892 0.4532 24.8508 3.1386 -0.6018 -3.8028 0.3848 0.4273 -8.4621 -0.2795 0.0119 0.0176 0.0139 0.6785 -10.4315 -3.8080 -0.6541 -10.4680 3.8387 -17.5836 12.5561 -10.3092 -54.2201 6.9830 -24.0803 -0.0824 0.0553 -32.0661 -0.6999 -14.8169 4.0097 -15.8660 10.5585 15.6081 -60.2661 1.4681 2.5512 15.6811 12.3520 13.4868 57.3236 7.8833 26.4324 0.0566 0.0716 38.2058 2.9252 -7.2185 -5.4711 15.4389 7.2082 -16.2571 49.7645 -3.6692 -5.4806 4.9630 -2.4431 8.4101 -0.0394 8.4261 -0.1725 -5.1932 -4.2505 0.6223 1.6686 0.1157 -1.8831 -3.5477 2.1305 -11.1657 0.0075 2.9046 -0.0845 4.5855 -3.1392 2.2607 -1.4390 -0.1471 1.0751
0.2925 99.9683 0.7335 -0.5642 -2.0568 0.0164 -0.3683 -1.5181 0.1295 -0.5036 -5.8207 -0.0543 -0.0949 13.8359 -2.2931 0.4504 24.7633 3.1278 -0.6045 -3.8044 0.4177 0.4533 -8.4640 -0.2689 0.0107 0.0207 0.0186 0.6776 -10.4333 -3.8015 -0.6555 -10.4708 3.8423 -17.5845 12.5259 -10.3319 -54.1976 7.0302 -24.1904 -0.0160 0.0724 -31.9994 -0.7165 -14.9426 4.0246 -15.8434 10.5536 15.5910 -60.2593 1.4683 2.5555 15.6775 12.3462 13.5034 57.2641 7.9193 26.4270 0.0245 0.0848 38.2644 2.8771 -7.2979 -5.4769 15.4442 7.2047 -16.2609 49.7571 -3.6700 -5.4942 4.9497 -2.4566 8.4144 -0.0368 8.4208 -0.1657 -5.1695 -4.2254 0.6195 1.6691 0.1242 -1.8921 -3.5718 2.1096 -11.2406 0.0135 2.9073 -0.0722 4.6047 -3.1250 2.3434 -1.4386 -0.1591 1.0726
0.2986 99.9587 0.7395 -0.5593 -2.0480 0.0276 -0.3803 -1.5169 0.1230 -0.4995 -5.8171 -0.0454 -0.1189 13.7954 -2.2991 0.4542 24.6782 3.1262 -0.6128 -3.7980 0.4311 0.4711 -8.4529 -0.2516 0.0101 0.0245 0.0197 0.6761 -10.4385 -3.8003 -0.6553 -10.4756 3.8438 -17.5780 12.4946 -10.3653 -54.1909 7.0509 -24.2460 0.0311 0.0816 -31.9575 -0.7239 -15.0610 4.0518 -15.8116 10.5356 15.5855 -60.2251 1.4514 2.5868 15.6850 12.3384 13.5361 57.2143 7.9274 26.3772 0.0026 0.1005 38.3038 2.8475 -7.3798 -5.4941 15.4608 7.1890 -16.2580 49.7316 -3.6797 -5.5001 4.9371 -2.4648 8.4204 -0.0321 8.4030 -0.1621 -5.1700 -4.2026 0.6332 1.6701 0.1418 -1.8966 -3.5917 2.0938 -11.3199 0.0210 2.8961 -0.0615 4.5996 -3.1074 2.4349 -1.4375 -0.1941 1.0701
0.3058 99.9514 0.7404 -0.5590 -2.0416 0.0501 -0.3989 -1.5151 0.1007 -0.4982 -5.8139 -0.0286 -0.1307 13.7467 -2.3153 0.4706 24.6064 3.1363 -0.6126 -3.7885 0.4375 0.4787 -8.4215 -0.2438 0.0071 0.0277 0.0253 0.6722 -10.4405 -3.7934 -0.6572 -10.4774 3.8486 -17.5664 12.4771 -10.3811 -54.1792 7.0600 -24.2952 0.0452 0.0711 -31.9214 -0.7203 -15.1831 4.0666 -15.7865 10.5288 15.5966 -60.1987 1.4494 2.6232 15.6998 12.3291 13.5784 57.1743 7.9177 26.3201 0.0053 0.1011 38.3271 2.8303 -7.4401 -5.5239 15.4602 7.1687 -16.2495 49.7092 -3.6989 -5.5141 4.9231 -2.4590 8.4034 -0.0302 8.3684 -0.1614 -5.1685 -4.1979 0.6761 1.6715 0.1505 -1.8973 -3.6073 2.0869 -11.3951 0.0277 2.8832 -0.0532 4.5917 -3.1088 2.4961 -1.4358 -0.2221 1.0600
0.3362 99.9526 0.7397 -0.5575 -2.0411 0.0745 -0.4174 -1.5025 0.0785 -0.5025 -5.8047 -0.0244 -0.1376 13.6806 -2.3291 0.4854 24.5207 3.1248 -0.6072 -3.7816 0.4598 0.4788 -8.3929 -0.2322 0.0048 0.0290 0.0286 0.6685 -10.4408 -3.7904 -0.6580 -10.4776 3.8524 -17.5372 12.4716 -10.4088 -54.1863 7.0375 -24.2980 0.0333 0.0658 -31.9076 -0.7468 -15.1746 4.0833 -15.7729 10.5351 15.6218 -60.1979 1.4553 2.6293 15.7049 12.2986 13.6071 57.1781 7.9452 26.3495 -0.0132 0.1093 38.3069 2.8224 -7.4956 -5.5118 15.4632 7.1640 -16.2489 49.7264 -3.7023 -5.5303 4.9040 -2.4438 8.3693 -0.0283 8.3189 -0.1576 -5.1536 -4.1952 0.7275 1.6732 0.1685 -1.8892 -3.6216 2.0948 -11.4543 0.0323 2.8464 -0.0513 4.5886 -3.0861 2.5359 -1.4350 -0.2168 1.0497
0.3510 99.9547 0.7315 -0.5599 -2.0364 0.0974 -0.4287 -1.4980 0.0601 -0.5097 -5.8015 -0.0265 -0.1407 13.6308 -2.3343 0.4885 24.4117 3.1074 -0.6139 -3.7776 0.5020 0.4752 -8.3308 -0.2385 0.0042 0.0283 0.0292 0.6672 -10.4441 -3.7905 -0.6578 -10.4816 3.8537 -17.5072 12.4682 -10.4255 -54.1823 7.0614 -24.3556 0.0217 0.0670 -31.9368 -0.8121 -15.1205 4.1291 -15.7816 10.5330 15.6369 -60.2167 1.4543 2.6208 15.7115 12.2585 13.6310 57.2001 7.9894 26.3799 -0.0126 0.1094 38.2907 2.8303 -7.5311 -5.4860 15.4588 7.1668 -16.2434 49.7181 -3.6979 -5.5303 4.8969 -2.4323 8.3590 -0.0268 8.2727 -0.1549 -5.1380 -4.1954 0.7717 1.6727 0.1876 -1.8846 -3.6251 2.1128 -11.4951 0.0311 2.7834 -0.0492 4.5883 -3.0535 2.5456 -1.4350 -0.1878 1.0490
0.3601 99.9660 0.7189 -0.5577 -2.0349 0.1007 -0.4365 -1.4915 0.0716 -0.5194 -5.7996 -0.0476 -0.1454 13.5806 -2.3301 0.4957 24.3182 3.0863 -0.6236 -3.7695 0.5368 0.4578 -8.2783 -0.2317 0.0042 0.0288 0.0280 0.6667 -10.4445 -3.7934 -0.6574 -10.4844 3.8556 -17.4910 12.4680 -10.4672 -54.1894 7.1321 -24.4605 0.0390 0.0779 -31.9763 -0.8913 -15.0845 4.1707 -15.8047 10.5322 15.6492 -60.2313 1.4600 2.6062 15.7373 12.2109 13.6388 57.2313 8.0536 26.4110 -0.0068 0.1040 38.2890 2.8302 -7.5110 -5.4700 15.4431 7.1701 -16.2517 49.6968 -3.7043 -5.5338 4.8907 -2.4157 8.3397 -0.0277 8.2278 -0.1537 -5.1210 -4.1752 0.8092 1.6722 0.1840 -1.8844 -3.6335 2.1375 -11.5215 0.0284 2.7219 -0.0550 4.5913 -3.0207 2.5665 -1.4360 -0.1831 1.0500
0.3557 99.9721 0.7141 -0.5554 -2.0393 0.1169 -0.4441 -1.4901 0.0778 -0.5243 -5.7909 -0.0552 -0.1406 13.5368 -2.3240 0.5024 24.2271 3.0792 -0.6305 -3.7720 0.5434 0.4560 -8.2294 -0.2134 0.0056 0.0300 0.0208 0.6689 -10.4484 -3.8035 -0.6568 -10.4889 3.8511 -17.4747 12.4665 -10.5130 -54.2024 7.2132 -24.5719 0.0582 0.0941 -32.0239 -0.9575 -15.0241 4.1909 -15.8095 10.5240 15.6420 -60.2344 1.4626 2.5937 15.7488 12.1738 13.6366 57.3001 8.0940 26.4603 -0.0180 0.1024 38.2620 2.8251 -7.4715 -5.4626 15.4384 7.1638 -16.2527 49.6595 -3.7054 -5.5162 4.8827 -2.3869 8.2953 -0.0297 8.1743 -0.1542 -5.1120 -4.1448 0.8562 1.6701 0.1639 -1.8898 -3.6387 2.1657 -11.5487 0.0222 2.6643 -0.0551 4.5813 -2.9877 2.5917 -1.4366 -0.2030 1.0504
0.3513 99.9714 0.7046 -0.5479 -2.0491 0.1177 -0.4529 -1.4957 0.0962 -0.5281 -5.7909 -0.0471 -0.1398 13.5160 -2.3200 0.4946 24.1560 3.0664 -0.6268 -3.7816 0.5608 0.4757 -8.1643 -0.2254 0.0070 0.0289 0.0155 0.6709 -10.4534 -3.8111 -0.6562 -10.4926 3.8487 -17.4672 12.4477 -10.5573 -54.1992 7.2991 -24.6639 0.0492 0.0913 -32.0752 -0.9783 -14.9444 4.2197 -15.8266 10.5417 15.6485 -60.2864 1.4660 2.5893 15.7575 12.1403 13.6374 57.3737 8.1552 26.5277 -0.0427 0.0943 38.2581 2.8046 -7.3858 -5.4543 15.4270 7.1667 -16.2564 49.6344 -3.7008 -5.5136 4.8721 -2.3567 8.2682 -0.0320 8.1283 -0.1530 -5.1097 -4.1006 0.8809 1.6687 0.1363 -1.8950 -3.6534 2.1969 -11.5491 0.0185 2.6099 -0.0540 4.5804 -2.9515 2.5955 -1.4379 -0.2401 1.0564
0.3545 99.9736 0.7011 -0.5367 -2.0598 0.1076 -0.4658 -1.4977 0.1008 -0.5287 -5.7939 -0.0307 -0.1369 13.4938 -2.3051 0.4717 24.0896 3.0417 -0.6131 -3.7793 0.5796 0.4861 -8.1017 -0.2219 0.0068 0.0247 0.0172 0.6690 -10.4542 -3.8079 -0.6547 -10.4929 3.8497 -17.4554 12.4189 -10.5911 -54.2064 7.3636 -24.7057 0.0226 0.0808 -32.1168 -0.9976 -14.8822 4.2409 -15.8283 10.5400 15.6501 -60.2743 1.4525 2.6025 15.7510 12.0961 13.6462 57.4558 8.2161 26.5547 -0.0180 0.0747 38.2745 2.7834 -7.1966 -5.4538 15.4004 7.1560 -16.2498 49.5963 -3.7016 -5.5286 4.8538 -2.3241 8.2699 -0.0292 8.0761 -0.1495 -5.0968 -4.0515 0.8646 1.6667 0.1191 -1.9007 -3.6695 2.2269 -11.5620 0.0195 2.5506 -0.0560 4.5852 -2.9183 2.5810 -1.4388 -0.2505 1.0648
0.3686 99.9701 0.6907 -0.5238 -2.0830 0.1143 -0.4741 -1.4836 0.0947 -0.5257 -5.7888 -0.0207 -0.1403 13.4593 -2.3051 0.4509 24.0306 3.0225 -0.6092 -3.7704 0.5868 0.4844 -8.0554 -0.2153 0.0049 0.0215 0.0252 0.6664 -10.4478 -3.7974 -0.6560 -10.4864 3.8565 -17.4363 12.4025 -10.6154 -54.2297 7.3758 -24.7267 -0.0048 0.0760 -32.1171 -1.0142 -14.8111 4.2308 -15.8322 10.5347 15.6653 -60.2475 1.4253 2.6189 15.7313 12.0613 13.6645 57.5306 8.2716 26.6053 0.0046 0.0669 38.2913 2.7510 -7.0426 -5.4706 15.4025 7.1611 -16.2504 49.6024 -3.6937 -5.5273 4.8369 -2.2830 8.2569 -0.0284 8.0281 -0.1451 -5.0944 -4.0242 0.8785 1.6651 0.1229 -1.9090 -3.6956 2.2572 -11.6111 0.0211 2.5095 -0.0488 4.6037 -2.8911 2.6031 -1.4389 -0.2544 1.0727
0.3711 99.9626 0.6773 -0.5156 -2.1024 0.1142 -0.4784 -1.4689 0.0914 -0.5181 -5.7819 -0.0222 -0.1450 13.4167 -2.3067 0.4416 23.9739 3.0201 -0.6153 -3.7638 0.5591 0.4614 -8.0050 -0.1926 0.0035 0.0199 0.0306 0.6643 -10.4406 -3.7902 -0.6567 -10.4804 3.8606 -17.4112 12.3852 -10.6286 -54.2714 7.3873 -24.7599 -0.0062 0.0785 -32.1024 -1.0354 -14.7718 4.1990 -15.8428 10.5040 15.6585 -60.2258 1.3840 2.6352 15.7109 12.0467 13.6820 57.5649 8.2970 26.6460 0.0339 0.0733 38.3145 2.7754 -6.9386 -5.5079 15.4063 7.1499 -16.2447 49.5866 -3.7031 -5.5391 4.8236 -2.2531 8.2374 -0.0292 7.9843 -0.1417 -5.0872 -3.9948 0.9015 1.6652 0.1316 -1.9132 -3.7179 2.2760 -11.6505 0.0248 2.4801 -0.0486 4.6343 -2.8687 2.6401 -1.4378 -0.2475 1.0728
0.3884 99.9502 0.6448 -0.5076 -2.1200 0.1115 -0.4781 -1.4530 0.0932 -0.5182 -5.7763 -0.0300 -0.1512 13.3751 -2.3093 0.4326 23.9263 3.0312 -0.6356 -3.7653 0.5338 0.4375 -7.9045 -0.1822 0.0022 0.0196 0.0338 0.6617 -10.4374 -3.7855 -0.6565 -10.4754 3.8627 -17.3945 12.3674 -10.6465 -54.3086 7.3990 -24.7590 -0.0090 0.0868 -32.0768 -1.0477 -14.7591 4.1797 -15.8422 10.4934 15.6326 -60.2259 1.3684 2.6442 15.6877 12.0464 13.7331 57.5922 8.2898 26.6530 0.0579 0.0998 38.3370 2.8025 -6.8320 -5.5369 15.4163 7.1530 -16.2374 49.5603 -3.7032 -5.5495 4.8109 -2.2307 8.2178 -0.0325 7.9480 -0.1380 -5.0861 -3.9880 0.9270 1.6647 0.1395 -1.9197 -3.7376 2.2788 -11.6795 0.0254 2.4746 -0.0565 4.6632 -2.8585 2.6681 -1.4374 -0.2284 1.0686
0.4030 99.9486 0.6387 -0.4973 -2.1381 0.1182 -0.4806 -1.4364 0.0911 -0.5165 -5.7692 -0.0412 -0.1505 13.3418 -2.3040 0.3951 23.8824 3.0443 -0.6411 -3.7614 0.5045 0.4093 -7.7863 -0.1728 0.0025 0.0203 0.0328 0.6604 -10.4430 -3.7873 -0.6547 -10.4801 3.8627 -17.3838 12.3614 -10.6681 -54.3253 7.4306 -24.7932 0.0246 0.0949 -32.0762 -1.0833 -14.8053 4.2094 -15.8197 10.5087 15.6331 -60.2515 1.3786 2.6529 15.6516 12.0454 13.7893 57.5810 8.2833 26.6348 0.0783 0.1131 38.3980 2.8102 -6.8211 -5.5471 15.4420 7.1484 -16.2346 49.5730 -3.7135 -5.5557 4.7907 -2.2136 8.1928 -0.0336 7.9287 -0.1341 -5.0735 -3.9830 0.9575 1.6659 0.1304 -1.9202 -3.7501 2.2735 -11.6563 0.0236 2.4919 -0.0641 4.6833 -2.8531 2.6456 -1.4368 -0.2220 1.0651
0.4186 99.9479 0.5925 -0.4926 -2.1535 0.1251 -0.4793 -1.4281 0.0719 -0.5141 -5.7586 -0.0435 -0.1481 13.3108 -2.2821 0.3576 23.8178 3.0601 -0.6467 -3.7579 0.4796 0.3754 -7.6849 -0.1745 0.0049 0.0218 0.0273 0.6606 -10.4450 -3.7942 -0.6501 -10.4844 3.8576 -17.3928 12.3498 -10.6960 -54.3093 7.4454 -24.7913 0.0306 0.0976 -32.0561 -1.1251 -14.8232 4.2242 -15.8096 10.5176 15.6345 -60.2667 1.3812 2.6397 15.5990 12.0279 13.8311 57.5879 8.3018 26.6473 0.0506 0.1371 38.4435 2.8158 -6.8939 -5.5357 15.4467 7.1534 -16.2413 49.5912 -3.7162 -5.5429 4.7805 -2.2030 8.1696 -0.0311 7.9054 -0.1334 -5.0807 -3.9842 0.9683 1.6669 0.1062 -1.9150 -3.7495 2.2683 -11.6238 0.0166 2.5044 -0.0665 4.6743 -2.8383 2.5793 -1.4375 -0.2364 1.0678
0.4339 99.9521 0.5705 -0.4881 -2.1644 0.1331 -0.4755 -1.4253 0.0698 -0.5153 -5.7573 -0.0345 -0.1534 13.2908 -2.2867 0.3405 23.7821 3.0820 -0.6508 -3.7583 0.4546 0.3340 -7.6130 -0.1761 0.0060 0.0228 0.0266 0.6617 -10.4481 -3.7951 -0.6492 -10.4884 3.8572 -17.3807 12.3612 -10.7220 -54.2859 7.4231 -24.7998 0.0464 0.0994 -32.0211 -1.1836 -14.8362 4.2676 -15.8083 10.5376 15.6362 -60.2761 1.4042 2.6091 15.5476 12.0053 13.8829 57.5960 8.3251 26.6621 0.0063 0.1477 38.4821 2.7983 -6.9729 -5.5301 15.4779 7.1673 -16.2545 49.6544 -3.7020 -5.5391 4.7713 -2.1951 8.1468 -0.0334 7.8827 -0.1353 -5.0814 -3.9742 0.9803 1.6690 0.0917 -1.9136 -3.7435 2.2625 -11.5988 0.0106 2.5090 -0.0708 4.6497 -2.8370 2.5219 -1.4391 -0.2476 1.0611
0.4131 99.9489 0.5476 -0.4889 -2.1831 0.1523 -0.4671 -1.4183 0.0643 -0.5173 -5.7531 -0.0220 -0.1544 13.2732 -2.2925 0.3262 23.7555 3.0736 -0.6579 -3.7551 0.4443 0.2927 -7.5599 -0.1558 0.0064 0.0227 0.0303 0.6626 -10.4493 -3.7926 -0.6490 -10.4892 3.8613 -17.3605 12.3869 -10.7567 -54.2627 7.3569 -24.8050 0.0542 0.0952 -31.9605 -1.2237 -14.8728 4.3075 -15.7971 10.5516 15.6611 -60.2683 1.4127 2.6022 15.4932 11.9779 13.9158 57.5809 8.3015 26.6325 0.0002 0.1580 38.5089 2.8174 -7.0622 -5.5519 15.4821 7.1793 -16.2707 49.6816 -3.6968 -5.5350 4.7770 -2.1849 8.1215 -0.0337 7.8561 -0.1438 -5.0991 -3.9538 1.0074 1.6705 0.0762 -1.9154 -3.7338 2.2631 -11.5715 0.0066 2.5243 -0.0680 4.6153 -2.8278 2.4668 -1.4407 -0.2633 1.0536
0.4048 99.9556 0.5142 -0.4980 -2.2068 0.1574 -0.4593 -1.4076 0.0630 -0.5229 -5.7469 -0.0148 -0.1462 13.2551 -2.2988 0.3296 23.7557 3.1021 -0.6613 -3.7571 0.4257 0.2758 -7.5050 -0.1631 0.0067 0.0214 0.0302 0.6628 -10.4515 -3.7906 -0.6487 -10.4894 3.8590 -17.3273 12.3856 -10.7758 -54.2495 7.2538 -24.6999 0.0299 0.0793 -31.9138 -1.2233 -14.8927 4.3112 -15.8033 10.5701 15.6729 -60.2902 1.4251 2.5971 15.4349 11.9500 13.9517 57.5604 8.2640 26.5780 -0.0003 0.1502 38.5255 2.8755 -7.0684 -5.5791 15.4960 7.1967 -16.2767 49.7180 -3.6900 -5.5284 4.7873 -2.1841 8.1056 -0.0368 7.8685 -0.1447 -5.1109 -3.9646 1.0208 1.6690 0.0750 -1.9109 -3.7206 2.2586 -11.5461 0.0030 2.5470 -0.0669 4.5928 -2.8336 2.4163 -1.4400 -0.2483 1.0489
0.4080 99.9507 0.4895 -0.5052 -2.2296 0.1695 -0.4519 -1.3999 0.0725 -0.5297 -5.7441 -0.0095 -0.1350 13.2363 -2.2831 0.3459 23.7626 3.1160 -0.6743 -3.7593 0.4048 0.2728 -7.4264 -0.1771 0.0077 0.0220 0.0246 0.6636 -10.4539 -3.7962 -0.6474 -10.4893 3.8525 -17.3034 12.3814 -10.8021 -54.2432 7.1003 -24.5204 -0.0128 0.0717 -31.8576 -1.1903 -14.9247 4.3029 -15.8153 10.5832 15.6808 -60.2976 1.4330 2.5942 15.3868 11.9211 13.9692 57.5314 8.2289 26.5165 0.0142 0.1505 38.5280 2.9371 -7.1017 -5.5963 15.5002 7.2050 -16.2822 49.7252 -3.6895 -5.5395 4.7955 -2.1924 8.0992 -0.0400 7.8963 -0.1476 -5.1243 -3.9829 1.0272 1.6677 0.0816 -1.9054 -3.7045 2.2534 -11.5290 -0.0030 2.5815 -0.0741 4.5575 -2.8542 2.3793 -1.4395 -0.2256 1.0463
0.4078 99.9467 0.4610 -0.5146 -2.2503 0.1907 -0.4427 -1.3891 0.0821 -0.5339 -5.7393 -0.0114 -0.1288 13.2123 -2.2565 0.3573 23.7843 3.1106 -0.6804 -3.7635 0.4137 0.2722 -7.3984 -0.1686 0.0085 0.0232 0.0195 0.6653 -10.4555 -3.8017 -0.6476 -10.4903 3.8476 -17.2915 12.3869 -10.8321 -54.2214 6.9026 -24.2830 -0.0560 0.0753 -31.8105 -1.1604 -14.9847 4.2778 -15.8292 10.5763 15.6837 -60.2872 1.4257 2.6070 15.3394 11.9068 13.9782 57.5156 8.1871 26.4636 0.0063 0.1534 38.5241 2.9589 -7.1612 -5.6181 15.5047 7.2049 -16.2742 49.7209 -3.6837 -5.5361 4.8118 -2.2178 8.0870 -0.0433 7.9454 -0.1475 -5.1483 -3.9917 1.0228 1.6670 0.0919 -1.9026 -3.6833 2.2523 -11.5234 -0.0065 2.6075 -0.0674 4.5326 -2.8576 2.3442 -1.4395 -0.2146 1.0483
0.4005 99.9461 0.4373 -0.5258 -2.2657 0.2190 -0.4341 -1.3885 0.0733 -0.5335 -5.7358 0.0121 -0.1330 13.2015 -2.2452 0.3845 23.7919 3.1225 -0.6829 -3.7618 0.4134 0.2661 -7.3838 -0.1669 0.0096 0.0238 0.0162 0.6663 -10.4617 -3.8066 -0.6462 -10.4946 3.8455 -17.2810 12.3856 -10.8385 -54.2105 6.7124 -24.0545 -0.0756 0.0726 -31.7677 -1.1228 -15.0594 4.2716 -15.8327 10.5574 15.6686 -60.2666 1.4118 2.6013 15.3048 11.9032 13.9857 57.4939 8.0682 26.3425 0.0398 0.1560 38.4888 2.9505 -7.1876 -5.6263 15.4900 7.1874 -16.2554 49.6880 -3.6898 -5.5383 4.8293 -2.2575 8.0880 -0.0427 8.0020 -0.1516 -5.1576 -3.9854 0.9936 1.6671 0.0955 -1.9106 -3.6643 2.2443 -11.5142 -0.0077 2.6358 -0.0744 4.5311 -2.8437 2.3169 -1.4400 -0.2108 1.0463
0.3897 99.9406 0.4104 -0.5405 -2.2852 0.2565 -0.4245 -1.3939 0.0675 -0.5342 -5.7319 0.0367 -0.1359 13.2002 -2.2491 0.4018 23.8011 3.1120 -0.6757 -3.7606 0.4146 0.2445 -7.3750 -0.1622 0.0114 0.0236 0.0146 0.6684 -10.4583 -3.8089 -0.6445 -10.4906 3.8427 -17.2716 12.3801 -10.8464 -54.1909 6.5416 -23.8843 -0.0904 0.0602 -31.6755 -1.0702 -15.0762 4.2779 -15.8291 10.5590 15.6547 -60.2578 1.4123 2.5933 15.2857 11.9036 13.9891 57.4674 7.9825 26.2754 0.0408 0.1566 38.4690 2.9414 -7.2374 -5.6610 15.4675 7.1834 -16.2344 49.6734 -3.6869 -5.5311 4.8498 -2.2916 8.0617 -0.0412 8.0473 -0.1517 -5.1493 -3.9534 0.9758 1.6679 0.1016 -1.9130 -3.6395 2.2503 -11.5203 -0.0067 2.6410 -0.0680 4.5434 -2.8205 2.2993 -1.4400 -0.2199 1.0379
0.3827 99.9289 0.3615 -0.5523 -2.2981 0.2865 -0.4183 -1.3926 0.0596 -0.5314 -5.7300 0.0414 -0.1301 13.1964 -2.2277 0.4115 23.7661 3.0962 -0.6795 -3.7581 0.4222 0.2410 -7.3411 -0.1826 0.0112 0.0229 0.0184 0.6699 -10.4597 -3.8057 -0.6465 -10.4912 3.8478 -17.2906 12.3549 -10.8561 -54.1737 6.4045 -23.7035 -0.0940 0.0567 -31.5846 -1.0070 -15.0505 4.2727 -15.8437 10.5595 15.6494 -60.2635 1.4133 2.6089 15.2731 11.9037 13.9904 57.4323 7.9197 26.2286 0.0566 0.1654 38.4500 2.9423 -7.2166 -5.6698 15.4685 7.1817 -16.2383 49.6785 -3.6881 -5.5379 4.8664 -2.3158 8.0424 -0.0385 8.0673 -0.1462 -5.1463 -3.9235 0.9707 1.6675 0.1235 -1.9144 -3.6134 2.2532 -11.5101 -0.0049 2.6354 -0.0678 4.5404 -2.8069 2.2593 -1.4409 -0.2041 1.0332
0.3826 99.9279 0.3153 -0.5690 -2.3061 0.3063 -0.4111 -1.3920 0.0570 -0.5261 -5.7365 0.0485 -0.1226 13.2114 -2.2141 0.4145 23.7293 3.0798 -0.6781 -3.7579 0.4385 0.2398 -7.3149 -0.1793 0.0106 0.0203 0.0216 0.6727 -10.4683 -3.8035 -0.6504 -10.4995 3.8521 -17.3184 12.3481 -10.8700 -54.1392 6.2785 -23.5542 -0.0771 0.0542 -31.5174 -0.9571 -15.0482 4.2868 -15.8714 10.5507 15.6435 -60.2850 1.4015 2.6168 15.2914 11.9404 14.0156 57.3623 7.8523 26.1854 0.0620 0.1656 38.4675 2.9372 -7.2071 -5.6762 15.4654 7.1908 -16.2518 49.7069 -3.6848 -5.5537 4.8917 -2.3655 8.0215 -0.0366 8.1151 -0.1426 -5.1371 -3.9192 0.9596 1.6643 0.1554 -1.9108 -3.5819 2.2458 -11.4977 -0.0024 2.6444 -0.0704 4.5189 -2.7952 2.2224 -1.4403 -0.1987 1.0296
0.3877 99.9263 0.2794 -0.5830 -2.3191 0.3324 -0.4067 -1.3821 0.0595 -0.5227 -5.7445 0.0379 -0.1134 13.2312 -2.1954 0.4427 23.6970 3.0804 -0.6801 -3.7568 0.4427 0.2410 -7.2892 -0.1823 0.0104 0.0180 0.0198 0.6721 -10.4688 -3.8059 -0.6502 -10.4999 3.8507 -17.3375 12.3506 -10.8870 -54.1171 6.1615 -23.4309 -0.0760 0.0595 -31.4558 -0.8906 -15.0587 4.2642 -15.8786 10.5400 15.6332 -60.3083 1.4041 2.6267 15.3396 11.9745 14.0377 57.2828 7.7886 26.1463 0.0711 0.1726 38.4782 2.9635 -7.1667 -5.7185 15.4838 7.1976 -16.2599 49.7382 -3.6904 -5.5546 4.9152 -2.3970 8.0089 -0.0389 8.1457 -0.1395 -5.1267 -3.9181 0.9361 1.6620 0.1736 -1.9104 -3.5570 2.2345 -11.4710 0.0014 2.6688 -0.0710 4.5038 -2.7647 2.1861 -1.4403 -0.1960 1.0241
0.3909 99.9337 0.2602 -0.5913 -2.3289 0.3565 -0.4020 -1.3787 0.0640 -0.5204 -5.7439 0.0169 -0.1037 13.2507 -2.1884 0.4633 23.6789 3.0743 -0.6643 -3.7544 0.4391 0.2340 -7.3218 -0.1514 0.0093 0.0191 0.0183 0.6711 -10.4688 -3.8074 -0.6514 -10.4981 3.8492 -17.3407 12.3599 -10.9023 -54.1123 6.0322 -23.3170 -0.0946 0.0573 -31.3918 -0.8254 -15.0259 4.1993 -15.8505 10.5444 15.6340 -60.3186 1.4062 2.6313 15.3874 12.0322 14.0550 57.1889 7.7099 26.1384 0.0855 0.1649 38.4765 3.0265 -7.0866 -5.7458 15.4927 7.1973 -16.2666 49.7530 -3.6988 -5.5599 4.9272 -2.4267 8.0263 -0.0361 8.1639 -0.1357 -5.1134 -3.9082 0.8897 1.6604 0.1789 -1.9087 -3.5387 2.2171 -11.4470 0.0039 2.6989 -0.0614 4.4895 -2.7533 2.1441 -1.4385 -0.1903 1.0212
0.3884 99.9324 0.2159 -0.5970 -2.3377 0.3831 -0.3953 -1.3756 0.0660 -0.5234 -5.7456 -0.0082 -0.0836 13.2745 -2.1771 0.4743 23.6674 3.0536 -0.6555 -3.7577 0.4530 0.2260 -7.3828 -0.1415 0.0076 0.0209 0.0208 0.6691 -10.4671 -3.8050 -0.6529 -10.4972 3.8523 -17.3575 12.3710 -10.9313 -54.1080 5.9483 -23.2529 -0.0966 0.0620 -31.3540 -0.7529 -15.0367 4.1270 -15.8158 10.5471 15.6202 -60.3140 1.4083 2.6293 15.4324 12.0771 14.0530 57.1265 7.6686 26.1883 0.0696 0.1514 38.4469 3.0679 -7.0663 -5.7440 15.5038 7.2088 -16.2627 49.7652 -3.6808 -5.5564 4.9410 -2.4488 8.0645 -0.0408 8.1673 -0.1390 -5.1099 -3.9008 0.8306 1.6590 0.1766 -1.9025 -3.5279 2.2064 -11.4410 0.0053 2.7081 -0.0594 4.4871 -2.7410 2.1256 -1.4376 -0.1972 1.0238
0.3999 99.9350 0.1923 -0.6071 -2.3505 0.4170 -0.3801 -1.3681 0.0646 -0.5264 -5.7437 -0.0146 -0.0613 13.2915 -2.1871 0.4879 23.6776 3.0504 -0.6540 -3.7578 0.4500 0.2272 -7.4649 -0.1559 0.0078 0.0217 0.0212 0.6677 -10.4691 -3.8068 -0.6509 -10.5004 3.8545 -17.3882 12.3946 -10.9696 -54.0977 5.9207 -23.2564 -0.0969 0.0621 -31.3453 -0.6681 -15.0641 4.0789 -15.7588 10.5610 15.6272 -60.2771 1.4161 2.6409 15.5012 12.1027 14.0370 57.0731 7.6682 26.2472 0.0566 0.1484 38.4220 3.0586 -7.1641 -5.7650 15.4880 7.2068 -16.2448 49.7596 -3.6745 -5.5453 4.9538 -2.4687 8.0980 -0.0408 8.1682 -0.1449 -5.1106 -3.8803 0.7751 1.6581 0.1718 -1.9011 -3.5124 2.2093 -11.4354 0.0099 2.7037 -0.0603 4.4766 -2.7287 2.1154 -1.4379 -0.2078 1.0248
0.3946 99.9377 0.1725 -0.6129 -2.3645 0.4318 -0.3682 -1.3571 0.0686 -0.5238 -5.7420 -0.0224 -0.0353 13.3148 -2.2026 0.4885 23.7001 3.0510 -0.6561 -3.7557 0.4504 0.2412 -7.5318 -0.1871 0.0082 0.0228 0.0207 0.6697 -10.4736 -3.8103 -0.6519 -10.5067 3.8566 -17.4225 12.4105 -10.9842 -54.0917 5.9453 -23.2846 -0.0976 0.0560 -31.4197 -0.6276 -15.0041 4.0669 -15.7421 10.5583 15.6197 -60.2525 1.4230 2.6398 15.5734 12.1142 14.0170 57.0137 7.7038 26.2783 0.0588 0.1433 38.4250 3.0376 -7.3220 -5.7849 15.4581 7.1998 -16.2307 49.7115 -3.6832 -5.5393 4.9616 -2.4870 8.1379 -0.0447 8.1792 -0.1564 -5.1072 -3.8509 0.7287 1.6583 0.1814 -1.8951 -3.5041 2.2024 -11.4310 0.0102 2.7146 -0.0661 4.4689 -2.7305 2.1100 -1.4392 -0.2114 1.0249
0.3870 99.9361 0.1399 -0.6101 -2.3772 0.4597 -0.3575 -1.3483 0.0589 -0.5213 -5.7461 -0.0248 -0.0118 13.3531 -2.2275 0.4910 23.7450 3.0474 -0.6455 -3.7542 0.4462 0.2444 -7.6136 -0.1979 0.0099 0.0260 0.0137 0.6719 -10.4776 -3.8198 -0.6506 -10.5116 3.8515 -17.4689 12.4364 -10.9902 -54.0821 6.0072 -23.3656 -0.0760 0.0495 -31.5181 -0.6119 -14.9546 4.0333 -15.7472 10.5636 15.6113 -60.2487 1.4400 2.6191 15.6648 12.1464 14.0005 56.9434 7.7311 26.3072 0.0376 0.1383 38.4164 3.0238 -7.4839 -5.7575 15.4366 7.1887 -16.2130 49.6623 -3.6885 -5.5374 4.9569 -2.5079 8.1437 -0.0462 8.2006 -0.1668 -5.1149 -3.8263 0.6966 1.6587 0.2155 -1.8904 -3.5052 2.1949 -11.4373 0.0086 2.7310 -0.0704 4.4657 -2.7458 2.0921 -1.4400 -0.2142 1.0219
0.4002 99.9446 0.1359 -0.6048 -2.4038 0.4766 -0.3488 -1.3446 0.0658 -0.5160 -5.7486 -0.0505 0.0057 13.4202 -2.2471 0.5026 23.8223 3.0342 -0.6379 -3.7575 0.4494 0.2415 -7.7409 -0.1975 0.0110 0.0287 0.0104 0.6734 -10.4840 -3.8244 -0.6501 -10.5194 3.8490 -17.5254 12.4681 -10.9819 -54.0572 6.0764 -23.4405 -0.0691 0.0386 -31.6411 -0.6041 -14.8795 3.9810 -15.7503 10.5603 15.5887 -60.2319 1.4457 2.5889 15.7619 12.2034 13.9782 56.8616 7.7585 26.3793 0.0162 0.1188 38.4202 3.0046 -7.6091 -5.7206 15.4166 7.1832 -16.2112 49.6477 -3.6871 -5.5341 4.9498 -2.5128 8.1479 -0.0482 8.2288 -0.1669 -5.1163 -3.7935 0.6719 1.6597 0.2286 -1.8895 -3.5179 2.1940 -11.4504 0.0057 2.7513 -0.0750 4.4716 -2.7646 2.0944 -1.4409 -0.2072 1.0259
0.4056 99.9409 0.1191 -0.5944 -2.4332 0.4696 -0.3430 -1.3467 0.0643 -0.5111 -5.7511 -0.0680 0.0303 13.5004 -2.2524 0.5111 23.8796 3.0292 -0.6360 -3.7652 0.4310 0.2555 -7.8729 -0.2174 0.0114 0.0301 0.0071 0.6748 -10.4861 -3.8297 -0.6508 -10.5208 3.8475 -17.5920 12.4832 -10.9576 -54.0507 6.1214 -23.4802 -0.0868 0.0396 -31.7501 -0.5849 -14.7559 3.9183 -15.7630 10.5499 15.5873 -60.2193 1.4437 2.5766 15.8558 12.2452 13.9275 56.8242 7.7923 26.4452 -0.0283 0.1064 38.4512 3.0023 -7.6687 -5.7148 15.4024 7.1766 -16.2119 49.6458 -3.6739 -5.5199 4.9397 -2.5114 8.1531 -0.0464 8.2598 -0.1557 -5.1053 -3.7791 0.6431 1.6607 0.2387 -1.8956 -3.5385 2.1887 -11.4381 0.0037 2.7865 -0.0789 4.4958 -2.7826 2.0802 -1.4413 -0.2097 1.0286
0.4165 99.9411 0.1053 -0.5848 -2.4549 0.4521 -0.3342 -1.3591 0.0683 -0.5064 -5.7607 -0.0749 0.0610 13.5973 -2.2484 0.5205 23.9550 3.0314 -0.6460 -3.7800 0.4001 0.2847 -8.0195 -0.2717 0.0117 0.0307 0.0039 0.6751 -10.4858 -3.8315 -0.6506 -10.5202 3.8433 -17.6439 12.5003 -10.9331 -54.0652 6.1524 -23.5447 -0.0971 0.0404 -31.8409 -0.5933 -14.6970 3.8962 -15.7882 10.5300 15.5860 -60.2217 1.4357 2.5826 15.9339 12.2766 13.8560 56.8239 7.8368 26.4918 -0.0823 0.1044 38.5194 3.0131 -7.7355 -5.7426 15.3892 7.1689 -16.2054 49.6367 -3.6637 -5.4901 4.9273 -2.5252 8.1934 -0.0459 8.3231 -0.1523 -5.0789 -3.7767 0.6024 1.6610 0.2382 -1.9036 -3.5564 2.1760 -11.4303 0.0018 2.8231 -0.0722 4.5183 -2.7923 2.0733 -1.4405 -0.1981 1.0338
0.4171 99.9302 0.0878 -0.5766 -2.4761 0.4441 -0.3256 -1.3798 0.0771 -0.4972 -5.7747 -0.0855 0.0902 13.6993 -2.2302 0.5322 24.0436 3.0248 -0.6678 -3.7846 0.3745 0.3049 -8.1672 -0.3373 0.0110 0.0325 0.0029 0.6756 -10.4901 -3.8316 -0.6528 -10.5221 3.8423 -17.6841 12.5347 -10.9083 -54.1015 6.1735 -23.6262 -0.0941 0.0516 -31.9024 -0.6040 -14.6994 3.9188 -15.8212 10.5219 15.6012 -60.2449 1.4317 2.5965 16.0124 12.2954 13.7743 56.8434 7.8930 26.5042 -0.1190 0.0954 38.5881 3.0199 -7.7371 -5.7780 15.3848 7.1713 -16.2253 49.6434 -3.6578 -5.4911 4.9220 -2.5427 8.2193 -0.0463 8.3793 -0.1559 -5.0739 -3.7735 0.5793 1.6597 0.2370 -1.9169 -3.5772 2.1707 -11.4348 0.0018 2.8590 -0.0656 4.5456 -2.8036 2.0703 -1.4401 -0.1976 1.0410
0.4145 99.9195 0.0880 -0.5658 -2.4889 0.4382 -0.3198 -1.4072 0.0748 -0.4904 -5.7919 -0.0837 0.1151 13.8015 -2.2415 0.5301 24.1642 3.0162 -0.6721 -3.7840 0.3490 0.3044 -8.3269 -0.3884 0.0112 0.0332 0.0009 0.6725 -10.4907 -3.8309 -0.6495 -10.5211 3.8381 -17.7125 12.5734 -10.8619 -54.1507 6.1607 -23.6761 -0.1045 0.0534 -31.9384 -0.5665 -14.6458 3.9600 -15.8547 10.5251 15.6058 -60.2901 1.4366 2.6014 16.0940 12.3265 13.7036 56.8458 7.9114 26.4663 -0.1110 0.0813 38.6551 3.0075 -7.6655 -5.8078 15.3977 7.1781 -16.2359 49.6444 -3.6492 -5.4848 4.9095 -2.5484 8.2110 -0.0455 8.4053 -0.1548 -5.0729 -3.7429 0.5710 1.6592 0.2348 -1.9253 -3.5968 2.1616 -11.4763 0.0059 2.8874 -0.0522 4.5714 -2.8152 2.0870 -1.4378 -0.2021 1.0551
0.4089 99.9184 0.0687 -0.5534 -2.4920 0.4417 -0.3217 -1.4381 0.0656 -0.4829 -5.8006 -0.0799 0.1397 13.8797 -2.2534 0.5223 24.2836 3.0164 -0.6631 -3.7736 0.3114 0.2878 -8.4469 -0.4094 0.0104 0.0324 0.0040 0.6697 -10.4912 -3.8268 -0.6483 -10.5204 3.8409 -17.7400 12.6162 -10.8205 -54.2016 6.0847 -23.6465 -0.1456 0.0536 -31.9159 -0.5462 -14.5215 4.0161 -15.8676 10.5132 15.6138 -60.2729 1.4324 2.6053 16.1827 12.3676 13.6630 56.8473 7.9021 26.3770 -0.0657 0.0751 38.6822 2.9702 -7.6020 -5.7972 15.3874 7.1692 -16.2363 49.6196 -3.6557 -5.4748 4.9048 -2.5336 8.2021 -0.0446 8.3680 -0.1501 -5.0849 -3.6984 0.5720 1.6586 0.2237 -1.9312 -3.6186 2.1500 -11.5279 0.0145 2.8942 -0.0353 4.5930 -2.8162 2.1214 -1.4359 -0.2131 1.0619
0.3978 99.9241 0.0569 -0.5340 -2.4919 0.4407 -0.3272 -1.4580 0.0681 -0.4783 -5.8249 -0.1007 0.1586 13.9506 -2.2368 0.5241 24.4171 3.0130 -0.6526 -3.7693 0.2735 0.2543 -8.4936 -0.4044 0.0067 0.0304 0.0168 0.6654 -10.4986 -3.8136 -0.6516 -10.5285 3.8549 -17.7738 12.6815 -10.8033 -54.2380 6.0237 -23.6384 -0.1406 0.0483 -31.8995 -0.5413 -14.4512 4.0915 -15.8742 10.4841 15.6060 -60.2483 1.4084 2.6224 16.2599 12.4154 13.6444 56.8477 7.8689 26.2793 0.0122 0.0638 38.6943 2.9258 -7.5036 -5.7492 15.3815 7.1649 -16.2334 49.5813 -3.6657 -5.4804 4.8893 -2.5193 8.1923 -0.0450 8.3303 -0.1443 -5.1048 -3.6725 0.5798 1.6575 0.2448 -1.9348 -3.6442 2.1280 -11.5792 0.0182 2.9206 -0.0332 4.6069 -2.8488 2.1761 -1.4333 -0.2099 1.0653
0.3748 99.9226 0.0490 -0.5235 -2.4957 0.4461 -0.3250 -1.4691 0.0674 -0.4749 -5.8363 -0.1118 0.1806 13.9936 -2.2432 0.5324 24.5563 3.0145 -0.6511 -3.7705 0.2585 0.2184 -8.5192 -0.3883 0.0029 0.0297 0.0272 0.6580 -10.5022 -3.8034 -0.6519 -10.5319 3.8672 -17.8134 12.7286 -10.7723 -54.2678 6.0325 -23.6641 -0.1273 0.0484 -31.8968 -0.5659 -14.4980 4.1593 -15.8656 10.4562 15.6022 -60.1950 1.3921 2.6322 16.3220 12.4704 13.6274 56.8545 7.8632 26.2491 0.0554 0.0659 38.6680 2.9092 -7.4416 -5.7028 15.3627 7.1573 -16.2329 49.5514 -3.6825 -5.4953 4.8842 -2.5009 8.2005 -0.0460 8.2856 -0.1377 -5.1004 -3.6583 0.5823 1.6568 0.2697 -1.9304 -3.6552 2.1161 -11.6212 0.0213 2.9381 -0.0286 4.6132 -2.8781 2.1860 -1.4313 -0.1787 1.0625
0.3826 99.9237 0.0497 -0.5095 -2.4987 0.4677 -0.3164 -1.4723 0.0652 -0.4805 -5.8412 -0.1324 0.1928 14.0224 -2.2400 0.5521 24.6578 3.0165 -0.6542 -3.7701 0.2597 0.1825 -8.5035 -0.3795 0.0014 0.0299 0.0310 0.6546 -10.5067 -3.8011 -0.6514 -10.5381 3.8730 -17.8494 12.7642 -10.7638 -54.2668 6.0753 -23.7098 -0.0902 0.0535 -31.8930 -0.6082 -14.5422 4.2083 -15.8486 10.4440 15.6065 -60.1544 1.3899 2.6493 16.3825 12.5308 13.6256 56.8515 7.8742 26.2885 0.0464 0.0809 38.6113 2.9326 -7.3739 -5.6732 15.3741 7.1567 -16.2249 49.5410 -3.6931 -5.4958 4.8791 -2.4798 8.2022 -0.0480 8.2359 -0.1426 -5.0890 -3.6433 0.5962 1.6571 0.2813 -1.9231 -3.6675 2.1025 -11.6678 0.0177 2.9605 -0.0352 4.6107 -2.8883 2.2220 -1.4312 -0.1680 1.0573
0.3609 99.9292 0.0356 -0.4913 -2.4972 0.4779 -0.3056 -1.4787 0.0555 -0.4858 -5.8436 -0.1415 0.1994 14.0383 -2.2497 0.5641 24.7434 3.0074 -0.6628 -3.7730 0.2602 0.1651 -8.4791 -0.3853 0.0025 0.0315 0.0255 0.6541 -10.5099 -3.8075 -0.6488 -10.5423 3.8683 -17.8651 12.7939 -10.7605 -54.2633 6.1385 -23.7785 -0.0561 0.0676 -31.9005 -0.6246 -14.4892 4.2451 -15.8445 10.4509 15.6199 -60.1431 1.3966 2.6488 16.4125 12.5692 13.6191 56.8695 7.9254 26.3927 -0.0003 0.1054 38.5379 2.9636 -7.3228 -5.6288 15.3737 7.1712 -16.2367 49.5422 -3.6908 -5.5098 4.8631 -2.4537 8.1869 -0.0456 8.1741 -0.1452 -5.0854 -3.6136 0.6035 1.6586 0.2790 -1.9121 -3.6795 2.0853 -11.7173 0.0128 2.9756 -0.0365 4.6088 -2.8887 2.2593 -1.4314 -0.1670 1.0489
0.3385 99.9259 0.0210 -0.4762 -2.5006 0.4962 -0.2948 -1.4854 0.0529 -0.4920 -5.8446 -0.1489 0.2044 14.0590 -2.2676 0.5813 24.8158 2.9756 -0.6839 -3.7761 0.2786 0.1500 -8.4598 -0.3905 0.0046 0.0340 0.0199 0.6553 -10.5071 -3.8145 -0.6458 -10.5419 3.8629 -17.8649 12.8149 -10.7642 -54.2580 6.2255 -23.8697 -0.0251 0.0889 -31.9168 -0.6459 -14.4889 4.2800 -15.8246 10.4812 15.6453 -60.1286 1.4139 2.6360 16.4353 12.5746 13.6092 56.8907 8.0057 26.4998 -0.0431 0.1238 38.4701 2.9747 -7.2602 -5.6059 15.3758 7.1839 -16.2428 49.5705 -3.6864 -5.5025 4.8572 -2.4255 8.1755 -0.0472 8.1164 -0.1425 -5.0930 -3.5820 0.6058 1.6592 0.2734 -1.9076 -3.6903 2.0903 -11.7388 0.0098 2.9684 -0.0359 4.6084 -2.8868 2.2599 -1.4332 -0.1730 1.0480
0.3518 99.9341 0.0222 -0.4580 -2.5054 0.5065 -0.2913 -1.4912 0.0582 -0.4981 -5.8532 -0.1625 0.2154 14.0791 -2.2678 0.6088 24.8948 2.9627 -0.6928 -3.7793 0.2643 0.1464 -8.4583 -0.4157 0.0058 0.0356 0.0139 0.6559 -10.5117 -3.8212 -0.6440 -10.5476 3.8574 -17.8422 12.8498 -10.7727 -54.2519 6.2609 -23.9192 -0.0218 0.0945 -31.9367 -0.6501 -14.4987 4.2907 -15.8046 10.5250 15.6676 -60.1325 1.4358 2.5981 16.4449 12.5866 13.5942 56.8846 8.0475 26.5403 -0.0379 0.1233 38.4041 2.9790 -7.2076 -5.5841 15.3781 7.1929 -16.2511 49.5855 -3.6846 -5.4887 4.8410 -2.4024 8.1584 -0.0484 8.0765 -0.1447 -5.1043 -3.5609 0.6180 1.6591 0.2539 -1.9093 -3.7012 2.1019 -11.7625 0.0055 2.9520 -0.0330 4.5887 -2.8928 2.2749 -1.4339 -0.1654 1.0528
0.3370 99.9367 0.0110 -0.4409 -2.5194 0.5182 -0.2906 -1.5026 0.0611 -0.4978 -5.8526 -0.1668 0.2285 14.1007 -2.2797 0.6285 24.9485 2.9597 -0.6883 -3.7752 0.2264 0.1426 -8.4820 -0.4131 0.0075 0.0364 0.0093 0.6564 -10.5016 -3.8240 -0.6411 -10.5375 3.8502 -17.8413 12.8924 -10.7890 -54.2328 6.2313 -23.9278 -0.0361 0.1064 -31.9162 -0.6598 -14.5140 4.3015 -15.7914 10.5271 15.6619 -60.1148 1.4337 2.5665 16.4753 12.6034 13.5793 56.8458 8.0593 26.5590 -0.0375 0.1439 38.3152 2.9899 -7.2519 -5.5600 15.3578 7.1930 -16.2487 49.5858 -3.6784 -5.4686 4.8305 -2.3640 8.1332 -0.0483 8.0273 -0.1468 -5.1161 -3.5307 0.6434 1.6611 0.2125 -1.9095 -3.7134 2.1212 -11.7709 0.0066 2.9405 -0.0263 4.5681 -2.8956 2.2602 -1.4353 -0.1913 1.0619
0.3196 99.9398 0.0216 -0.4274 -2.5426 0.5372 -0.2916 -1.5092 0.0715 -0.4971 -5.8406 -0.1863 0.2456 14.1066 -2.2832 0.6599 24.9661 2.9478 -0.6943 -3.7698 0.2110 0.1513 -8.5122 -0.4366 0.0083 0.0366 0.0079 0.6561 -10.4935 -3.8257 -0.6393 -10.5287 3.8494 -17.8283 12.9028 -10.8079 -54.2373 6.2210 -23.9221 -0.0368 0.1207 -31.8977 -0.6809 -14.5126 4.3233 -15.7802 10.5277 15.6576 -60.0868 1.4267 2.5593 16.5007 12.6204 13.5663 56.7919 8.0555 26.5451 -0.0183 0.1525 38.2413 2.9866 -7.3198 -5.5579 15.3455 7.1933 -16.2532 49.6044 -3.6735 -5.4681 4.8266 -2.3199 8.1114 -0.0525 7.9889 -0.1561 -5.1364 -3.5041 0.6719 1.6610 0.1793 -1.9081 -3.7279 2.1555 -11.7957 0.0068 2.9203 -0.0219 4.5411 -2.8927 2.2470 -1.4366 -0.2122 1.0717
0.3111 99.9482 0.0042 -0.4202 -2.5548 0.5398 -0.2899 -1.5207 0.0863 -0.4955 -5.8440 -0.2067 0.2647 14.1213 -2.2727 0.6863 24.9752 2.9177 -0.6964 -3.7686 0.2025 0.1585 -8.5225 -0.4705 0.0097 0.0356 0.0062 0.6578 -10.4981 -3.8277 -0.6383 -10.5329 3.8480 -17.8236 12.9067 -10.8399 -54.2482 6.1799 -23.8591 -0.0479 0.1204 -31.9056 -0.7016 -14.4121 4.3465 -15.7981 10.5014 15.6420 -60.0970 1.4049 2.5705 16.5345 12.6542 13.5525 56.7155 8.0117 26.4514 0.0185 0.1286 38.2016 2.9832 -7.3689 -5.5618 15.3387 7.1949 -16.2543 49.6387 -3.6669 -5.4598 4.8303 -2.2895 8.0796 -0.0579 7.9649 -0.1516 -5.1717 -3.4816 0.6843 1.6615 0.1643 -1.9083 -3.7313 2.1760 -11.8235 0.0086 2.9059 -0.0153 4.5287 -2.9053 2.2494 -1.4376 -0.2413 1.0707
0.3146 99.9446 0.0096 -0.4161 -2.5566 0.5535 -0.2857 -1.5384 0.0735 -0.4917 -5.8521 -0.1929 0.2797 14.1349 -2.2653 0.7229 24.9543 2.9005 -0.7013 -3.7684 0.1796 0.1577 -8.5075 -0.5163 0.0101 0.0348 0.0076 0.6560 -10.4954 -3.8262 -0.6360 -10.5312 3.8498 -17.8384 12.9158 -10.8673 -54.2421 6.1244 -23.7998 -0.0692 0.1202 -31.9011 -0.6894 -14.3104 4.3397 -15.8130 10.4823 15.6307 -60.1019 1.3925 2.5737 16.5566 12.6396 13.5260 56.6857 7.9870 26.3413 0.0336 0.1200 38.1560 2.9940 -7.3234 -5.5416 15.3487 7.2099 -16.2664 49.6652 -3.6598 -5.4649 4.8415 -2.2678 8.0522 -0.0592 7.9295 -0.1431 -5.2056 -3.4672 0.6950 1.6617 0.1636 -1.9169 -3.7256 2.1974 -11.8331 0.0083 2.8792 -0.0235 4.5280 -2.9072 2.2647 -1.4386 -0.2610 1.0567
0.2837 99.9391 0.0172 -0.4167 -2.5671 0.5692 -0.2748 -1.5466 0.0816 -0.4936 -5.8673 -0.1923 0.2801 14.1543 -2.2755 0.7643 24.9426 2.9162 -0.7184 -3.7738 0.1382 0.1670 -8.4875 -0.5767 0.0126 0.0326 0.0018 0.6601 -10.5036 -3.8324 -0.6350 -10.5413 3.8435 -17.8246 12.9233 -10.8741 -54.2530 6.0755 -23.7572 -0.0602 0.1177 -31.9302 -0.6823 -14.3244 4.3729 -15.8323 10.4837 15.6330 -60.1464 1.4005 2.5851 16.5669 12.6180 13.5263 56.6609 7.9780 26.2310 0.0450 0.1131 38.1501 3.0044 -7.3636 -5.5482 15.3697 7.2248 -16.2828 49.6896 -3.6646 -5.4690 4.8561 -2.2471 8.0373 -0.0564 7.9135 -0.1356 -5.2116 -3.4525 0.7009 1.6594 0.1667 -1.9193 -3.7156 2.2403 -11.8370 0.0100 2.8512 -0.0320 4.5215 -2.9245 2.2710 -1.4362 -0.2573 1.0412
0.2658 99.9276 0.0303 -0.4143 -2.5811 0.6053 -0.2678 -1.5472 0.0750 -0.4918 -5.8713 -0.1806 0.2724 14.1565 -2.2825 0.7889 24.9064 2.9168 -0.7345 -3.7724 0.1119 0.1971 -8.4914 -0.6276 0.0153 0.0300 -0.0056 0.6668 -10.5020 -3.8395 -0.6362 -10.5410 3.8346 -17.8063 12.9200 -10.8638 -54.2806 6.0126 -23.7576 -0.0419 0.1277 -31.9106 -0.6705 -14.3581 4.3825 -15.8597 10.4924 15.6422 -60.1989 1.4125 2.5852 16.5688 12.6398 13.5374 56.6334 7.9558 26.1621 0.0176 0.1324 38.1425 3.0284 -7.4519 -5.5501 15.3971 7.2418 -16.2992 49.7131 -3.6706 -5.4678 4.8707 -2.2376 8.0324 -0.0562 7.9213 -0.1317 -5.2273 -3.4528 0.6794 1.6576 0.1917 -1.9196 -3.7112 2.2804 -11.8874 0.0098 2.8288 -0.0300 4.5019 -2.9373 2.2796 -1.4338 -0.2539 1.0313
0.2386 99.9262 0.0391 -0.4124 -2.5968 0.6552 -0.2640 -1.5396 0.0759 -0.4902 -5.8726 -0.1825 0.2619 14.1511 -2.2775 0.8125 24.8721 2.8923 -0.7445 -3.7677 0.0934 0.2159 -8.4946 -0.6575 0.0153 0.0269 -0.0052 0.6676 -10.5043 -3.8396 -0.6373 -10.5424 3.8358 -17.7945 12.9330 -10.8621 -54.2804 5.8874 -23.7065 -0.0451 0.1352 -31.8888 -0.6523 -14.3779 4.3779 -15.8674 10.4903 15.6314 -60.2012 1.4113 2.5688 16.5776 12.6717 13.5671 56.6102 7.9083 26.0763 0.0067 0.1445 38.1054 3.0590 -7.5186 -5.5422 15.4027 7.2517 -16.3045 49.7365 -3.6754 -5.4719 4.8900 -2.2356 8.0431 -0.0595 7.9317 -0.1370 -5.2525 -3.4483 0.6289 1.6565 0.2249 -1.9168 -3.7012 2.3153 -11.9346 0.0099 2.8145 -0.0287 4.4958 -2.9649 2.2598 -1.4326 -0.2449 1.0266
0.2141 99.9252 0.0486 -0.4195 -2.6085 0.7178 -0.2544 -1.5339 0.0667 -0.4893 -5.8672 -0.1837 0.2407 14.1456 -2.2728 0.8552 24.8247 2.8766 -0.7681 -3.7652 0.0909 0.2136 -8.4964 -0.6621 0.0127 0.0254 0.0032 0.6640 -10.4958 -3.8297 -0.6387 -10.5340 3.8434 -17.8000 12.9247 -10.8429 -54.2502 5.7397 -23.5767 -0.0717 0.1498 -31.8589 -0.6097 -14.4283 4.3147 -15.8565 10.4709 15.6269 -60.1897 1.4036 2.5682 16.5921 12.6916 13.5979 56.5876 7.8825 26.0361 -0.0001 0.1591 38.0642 3.0982 -7.5324 -5.5521 15.4122 7.2676 -16.3032 49.7759 -3.6717 -5.4668 4.9180 -2.2457 8.0492 -0.0623 7.9430 -0.1418 -5.2670 -3.4479 0.5775 1.6552 0.2562 -1.9126 -3.6791 2.3441 -11.9521 0.0072 2.8063 -0.0238 4.4948 -2.9941 2.1925 -1.4321 -0.2246 1.0301
0.1938 99.9202 0.0366 -0.4335 -2.6161 0.7594 -0.2417 -1.5333 0.0700 -0.4919 -5.8667 -0.1811 0.2178 14.1456 -2.2714 0.8851 24.7969 2.8925 -0.7711 -3.7666 0.0669 0.1956 -8.5194 -0.6649 0.0098 0.0240 0.0107 0.6574 -10.4882 -3.8206 -0.6381 -10.5271 3.8502 -17.8384 12.9177 -10.8332 -54.1985 5.6000 -23.4487 -0.0745 0.1420 -31.8113 -0.5725 -14.4831 4.2332 -15.8405 10.4711 15.6246 -60.1668 1.4003 2.5586 16.5884 12.7215 13.6279 56.5872 7.8490 26.0587 -0.0135 0.1597 37.9898 3.1366 -7.5152 -5.5572 15.4035 7.2772 -16.3067 49.7981 -3.6659 -5.4583 4.9459 -2.2610 8.0429 -0.0624 7.9661 -0.1544 -5.2785 -3.4807 0.5491 1.6554 0.2844 -1.9098 -3.6415 2.3745 -11.9267 0.0022 2.7903 -0.0259 4.4748 -3.0043 2.1135 -1.4314 -0.2115 1.0283
0.1774 99.9193 0.0415 -0.4454 -2.6179 0.8027 -0.2340 -1.5331 0.0841 -0.4988 -5.8717 -0.1840 0.1945 14.1519 -2.2827 0.9108 24.8022 2.9003 -0.7882 -3.7684 0.0736 0.1610 -8.5717 -0.6822 0.0099 0.0225 0.0117 0.6566 -10.4852 -3.8194 -0.6370 -10.5259 3.8500 -17.8759 12.9109 -10.8319 -54.1517 5.4588 -23.3074 -0.0791 0.1277 -31.7726 -0.5271 -14.5310 4.1571 -15.8176 10.4737 15.6213 -60.1388 1.4019 2.5468 16.5773 12.7343 13.6367 56.5878 7.8470 26.1035 -0.0267 0.1656 37.9511 3.1500 -7.5402 -5.5580 15.4083 7.2768 -16.3052 49.8072 -3.6640 -5.4617 4.9708 -2.2899 8.0014 -0.0631 8.0100 -0.1537 -5.2949 -3.5235 0.5363 1.6549 0.2848 -1.9033 -3.6100 2.3864 -11.9087 -0.0012 2.8027 -0.0311 4.4470 -2.9969 2.0772 -1.4331 -0.2114 1.0306
0.1605 99.9223 0.0465 -0.4596 -2.6197 0.8439 -0.2271 -1.5330 0.0822 -0.5080 -5.8724 -0.1835 0.1763 14.1615 -2.2779 0.9229 24.8303 2.9222 -0.7928 -3.7650 0.0586 0.1402 -8.6485 -0.6866 0.0120 0.0261 0.0061 0.6591 -10.4815 -3.8246 -0.6352 -10.5218 3.8423 -17.9088 12.9308 -10.8377 -54.1007 5.3184 -23.2051 -0.0868 0.1137 -31.7428 -0.4866 -14.5555 4.1117 -15.7962 10.4765 15.6171 -60.1232 1.4053 2.5521 16.5756 12.7184 13.6264 56.5864 7.8518 26.1287 -0.0078 0.1679 37.9321 3.1158 -7.5584 -5.5540 15.4097 7.2675 -16.3032 49.8045 -3.6636 -5.4630 4.9977 -2.3396 7.9525 -0.0619 8.0853 -0.1538 -5.3082 -3.5595 0.5246 1.6563 0.2549 -1.8940 -3.5806 2.3768 -11.9021 0.0011 2.8567 -0.0388 4.4192 -3.0070 2.0458 -1.4361 -0.2101 1.0352
0.1363 99.9218 0.0294 -0.4731 -2.6166 0.8886 -0.2227 -1.5339 0.0773 -0.5135 -5.8783 -0.1702 0.1584 14.1807 -2.2718 0.9117 24.8723 2.9524 -0.7988 -3.7664 0.0420 0.1589 -8.7272 -0.7014 0.0133 0.0312 0.0007 0.6602 -10.4816 -3.8310 -0.6338 -10.5231 3.8372 -17.9393 12.9358 -10.8479 -54.0544 5.2424 -23.1649 -0.0935 0.1025 -31.7306 -0.4716 -14.5120 4.0912 -15.8022 10.4939 15.6229 -60.1240 1.4196 2.5448 16.5706 12.7258 13.6191 56.5780 7.8262 26.1367 0.0049 0.1648 37.9316 3.0827 -7.5718 -5.5378 15.4177 7.2562 -16.3019 49.8212 -3.6596 -5.4657 5.0188 -2.3998 7.8887 -0.0603 8.1923 -0.1558 -5.3442 -3.6028 0.5244 1.6555 0.2387 -1.8900 -3.5486 2.3684 -11.8924 0.0006 2.9050 -0.0438 4.3817 -3.0280 1.9960 -1.4384 -0.2128 1.0348
0.1318 99.9227 0.0062 -0.4873 -2.6181 0.9364 -0.2208 -1.5407 0.0697 -0.5141 -5.8792 -0.1517 0.1451 14.2118 -2.2604 0.8860 24.9090 2.9787 -0.7921 -3.7669 0.0122 0.2037 -8.7716 -0.7268 0.0126 0.0346 0.0010 0.6601 -10.4767 -3.8325 -0.6351 -10.5185 3.8393 -17.9689 12.9377 -10.8501 -54.0112 5.2393 -23.2289 -0.0649 0.1074 -31.7250 -0.4800 -14.4616 4.0806 -15.8288 10.5176 15.6334 -60.1449 1.4392 2.5396 16.5741 12.7444 13.5900 56.5478 7.8059 26.1789 0.0145 0.1636 37.9253 3.0482 -7.6326 -5.5089 15.3965 7.2414 -16.2896 49.8102 -3.6582 -5.4620 5.0409 -2.4556 7.8162 -0.0574 8.3115 -0.1553 -5.3734 -3.6470 0.5263 1.6560 0.2505 -1.8914 -3.5163 2.3699 -11.8925 -0.0033 2.9413 -0.0351 4.3411 -3.0557 1.9291 -1.4402 -0.1819 1.0305
0.1267 99.9258 0.0115 -0.4995 -2.6220 0.9666 -0.2247 -1.5559 0.0753 -0.5109 -5.8831 -0.1570 0.1352 14.2572 -2.2402 0.8591 24.9907 3.0129 -0.7803 -3.7705 -0.0131 0.2417 -8.8055 -0.7220 0.0128 0.0372 0.0001 0.6605 -10.4755 -3.8340 -0.6353 -10.5164 3.8387 -17.9864 12.9242 -10.8271 -53.9961 5.2612 -23.2893 -0.0328 0.1147 -31.7372 -0.4986 -14.4863 4.0743 -15.8317 10.5322 15.6348 -60.1572 1.4567 2.5379 16.5812 12.7605 13.5744 56.4934 7.8081 26.2385 0.0302 0.1426 37.9420 3.0152 -7.6805 -5.5081 15.3912 7.2304 -16.2767 49.7855 -3.6570 -5.4573 5.0529 -2.4989 7.7579 -0.0564 8.4190 -0.1618 -5.3857 -3.6734 0.5485 1.6549 0.2717 -1.8989 -3.4902 2.3709 -11.8797 -0.0066 2.9796 -0.0365 4.3224 -3.0756 1.8917 -1.4408 -0.1462 1.0303
0.1292 99.9205 0.0207 -0.5121 -2.6251 0.9916 -0.2268 -1.5731 0.0922 -0.5099 -5.8884 -0.1541 0.1260 14.2968 -2.2250 0.8390 25.1051 3.0362 -0.7714 -3.7747 -0.0365 0.2613 -8.8385 -0.7102 0.0119 0.0381 0.0022 0.6584 -10.4659 -3.8309 -0.6350 -10.5066 3.8399 -18.0143 12.9195 -10.8085 -53.9944 5.2334 -23.2641 -0.0355 0.1239 -31.7636 -0.5088 -14.5075 4.0724 -15.8505 10.5209 15.6356 -60.1679 1.4642 2.5480 16.5805 12.7830 13.5447 56.4461 7.8295 26.3220 0.0321 0.1329 37.9763 3.0094 -7.6866 -5.5428 15.3844 7.2216 -16.2641 49.7737 -3.6366 -5.4450 5.0707 -2.5349 7.7196 -0.0589 8.5168 -0.1645 -5.3773 -3.7009 0.5608 1.6546 0.2944 -1.9071 -3.4772 2.3791 -11.8584 -0.0034 3.0052 -0.0380 4.3332 -3.1040 1.8566 -1.4403 -0.1208 1.0257
0.1082 99.9150 0.0333 -0.5142 -2.6212 0.9935 -0.2285 -1.5927 0.1156 -0.5111 -5.8993 -0.1497 0.1169 14.3344 -2.1968 0.8101 25.2580 3.0217 -0.7710 -3.7854 -0.0256 0.2852 -8.8885 -0.7076 0.0096 0.0373 0.0074 0.6554 -10.4684 -3.8249 -0.6369 -10.5083 3.8454 -18.0551 12.9218 -10.8070 -53.9899 5.1970 -23.1748 -0.0504 0.1271 -31.8235 -0.4900 -14.4875 4.0559 -15.8541 10.5033 15.6298 -60.1670 1.4600 2.5671 16.5876 12.8128 13.5168 56.3788 7.8536 26.4200 0.0171 0.1021 37.9979 3.0441 -7.6323 -5.5598 15.3878 7.2209 -16.2623 49.7700 -3.6325 -5.4482 5.0724 -2.5554 7.7179 -0.0572 8.5849 -0.1658 -5.3612 -3.7308 0.5736 1.6533 0.3059 -1.9192 -3.4646 2.3685 -11.8167 0.0001 3.0435 -0.0391 4.3518 -3.1297 1.8369 -1.4371 -0.1073 1.0222
0.0985 99.9097 0.0598 -0.5182 -2.6220 0.9735 -0.2316 -1.6068 0.1226 -0.5118 -5.9093 -0.1467 0.1017 14.3697 -2.1718 0.7829 25.3963 3.0096 -0.7713 -3.7878 -0.0001 0.3177 -8.9284 -0.7122 0.0056 0.0350 0.0179 0.6512 -10.4722 -3.8121 -0.6410 -10.5107 3.8555 -18.1032 12.9392 -10.7930 -53.9679 5.1722 -23.0655 -0.0748 0.1114 -31.9021 -0.4661 -14.4574 4.0131 -15.8506 10.4854 15.6327 -60.1704 1.4483 2.5872 16.6092 12.8450 13.5267 56.3186 7.8477 26.4556 0.0117 0.0794 38.0108 3.0869 -7.5638 -5.5783 15.4180 7.2308 -16.2807 49.8035 -3.6339 -5.4634 5.0867 -2.5712 7.7318 -0.0586 8.6390 -0.1602 -5.3538 -3.7560 0.5728 1.6533 0.3051 -1.9293 -3.4610 2.3586 -11.7804 0.0017 3.0888 -0.0381 4.3692 -3.1523 1.8331 -1.4348 -0.1124 1.0194
0.1220 99.9103 0.0696 -0.5198 -2.6145 0.9498 -0.2375 -1.6221 0.1183 -0.5096 -5.9179 -0.1280 0.0812 14.3989 -2.1660 0.7675 25.4940 3.0038 -0.7670 -3.7919 0.0218 0.3435 -8.9604 -0.7091 0.0025 0.0335 0.0274 0.6477 -10.4746 -3.8017 -0.6437 -10.5120 3.8654 -18.1409 12.9516 -10.7678 -53.9422 5.2029 -23.0377 -0.0805 0.1097 -31.9970 -0.4264 -14.5172 3.9797 -15.8474 10.4724 15.6229 -60.2008 1.4441 2.6000 16.6386 12.8745 13.5153 56.2599 7.8108 26.4401 0.0182 0.0768 38.0499 3.1230 -7.6070 -5.6138 15.4158 7.2325 -16.2872 49.7970 -3.6417 -5.4717 5.1011 -2.5828 7.7407 -0.0569 8.6669 -0.1549 -5.3684 -3.7549 0.5428 1.6541 0.3054 -1.9359 -3.4563 2.3483 -11.7544 0.0035 3.1321 -0.0392 4.3758 -3.2036 1.8403 -1.4329 -0.1155 1.0226
0.1092 99.9028 0.1090 -0.5154 -2.6037 0.9577 -0.2465 -1.6253 0.1076 -0.5115 -5.9305 -0.1097 0.0531 14.4211 -2.1750 0.7681 25.5665 3.0290 -0.7512 -3.7880 0.0182 0.3576 -9.0011 -0.6799 0.0007 0.0350 0.0330 0.6465 -10.4834 -3.7986 -0.6463 -10.5227 3.8745 -18.1729 12.9676 -10.7573 -53.9151 5.2811 -23.0864 -0.0514 0.1061 -32.0688 -0.4145 -14.6161 3.9462 -15.8407 10.4739 15.6152 -60.2254 1.4499 2.6003 16.6635 12.9087 13.5165 56.2317 7.7666 26.3981 0.0260 0.0744 38.1111 3.0913 -7.6781 -5.6146 15.4455 7.2328 -16.3051 49.8075 -3.6629 -5.4814 5.1048 -2.5872 7.7190 -0.0533 8.6722 -0.1450 -5.3919 -3.7433 0.5238 1.6546 0.2992 -1.9439 -3.4582 2.3355 -11.7608 0.0074 3.1666 -0.0379 4.3758 -3.2558 1.8529 -1.4328 -0.1300 1.0219
0.1075 99.9011 0.1428 -0.5131 -2.5894 0.9632 -0.2524 -1.6289 0.1037 -0.5091 -5.9408 -0.0917 0.0189 14.4380 -2.2033 0.7646 25.6266 3.0499 -0.7481 -3.7866 0.0435 0.3793 -9.0362 -0.6467 0.0004 0.0365 0.0339 0.6483 -10.4885 -3.7986 -0.6486 -10.5292 3.8759 -18.2041 12.9857 -10.7403 -53.8902 5.3679 -23.1672 -0.0076 0.1126 -32.1317 -0.4209 -14.6667 3.9405 -15.8374 10.4682 15.5963 -60.2515 1.4516 2.5934 16.6890 12.9381 13.5245 56.2356 7.7549 26.3922 -0.0000 0.0749 38.1611 3.0688 -7.8121 -5.6034 15.4428 7.2289 -16.3090 49.7949 -3.6683 -5.4683 5.1128 -2.5879 7.6932 -0.0532 8.6609 -0.1369 -5.4133 -3.7377 0.5143 1.6541 0.3009 -1.9387 -3.4514 2.3238 -11.7772 0.0105 3.1970 -0.0380 4.3704 -3.2974 1.8581 -1.4331 -0.1174 1.0211
0.0890 99.9068 0.1534 -0.5082 -2.5610 0.9598 -0.2586 -1.6399 0.0999 -0.5112 -5.9504 -0.0817 -0.0102 14.4533 -2.2219 0.7488 25.6466 3.0818 -0.7301 -3.7829 0.0668 0.4105 -9.0593 -0.6281 0.0018 0.0372 0.0288 0.6520 -10.4913 -3.8061 -0.6494 -10.5331 3.8723 -18.2394 13.0006 -10.7380 -53.8519 5.4364 -23.2368 0.0507 0.1217 -32.1586 -0.4537 -14.6956 3.9362 -15.8279 10.4595 15.5857 -60.2347 1.4456 2.5718 16.7186 12.9517 13.5428 56.2710 7.7470 26.3934 -0.0418 0.0765 38.1629 3.0788 -7.8289 -5.5924 15.4344 7.2226 -16.3098 49.8035 -3.6624 -5.4741 5.1131 -2.5911 7.6802 -0.0506 8.6266 -0.1363 -5.4211 -3.7219 0.5192 1.6532 0.3173 -1.9325 -3.4464 2.2962 -11.7951 0.0096 3.2299 -0.0457 4.3530 -3.3211 1.8603 -1.4333 -0.1001 1.0165
0.0647 99.9119 0.1777 -0.5031 -2.5265 0.9691 -0.2681 -1.6452 0.0917 -0.5153 -5.9570 -0.0792 -0.0310 14.4577 -2.2243 0.7206 25.6589 3.0969 -0.7130 -3.7872 0.1093 0.4438 -9.0636 -0.6337 0.0015 0.0368 0.0282 0.6498 -10.4947 -3.8068 -0.6479 -10.5342 3.8718 -18.2554 12.9822 -10.7311 -53.8306 5.4882 -23.2618 0.0528 0.1125 -32.1474 -0.4529 -14.6450 3.9071 -15.8087 10.4742 15.6045 -60.2079 1.4477 2.5577 16.7442 12.9409 13.5342 56.3312 7.7488 26.4004 -0.0496 0.0670 38.1184 3.1045 -7.8077 -5.5714 15.4329 7.2191 -16.3028 49.8069 -3.6470 -5.4801 5.1110 -2.5954 7.6620 -0.0515 8.5919 -0.1477 -5.4141 -3.7101 0.5383 1.6533 0.3413 -1.9272 -3.4347 2.2607 -11.8178 0.0052 3.2656 -0.0471 4.3421 -3.3535 1.8563 -1.4333 -0.0759 1.0146
0.0424 99.9077 0.2240 -0.4946 -2.4889 0.9746 -0.2780 -1.6517 0.0747 -0.5189 -5.9568 -0.0796 -0.0526 14.4624 -2.2208 0.6562 25.6670 3.0890 -0.6863 -3.7931 0.1524 0.4606 -9.0626 -0.6205 0.0009 0.0361 0.0296 0.6471 -10.5025 -3.8077 -0.6462 -10.5408 3.8751 -18.2777 12.9679 -10.7203 -53.8106 5.5163 -23.3053 0.0737 0.0981 -32.0893 -0.4813 -14.6195 3.8845 -15.7869 10.4821 15.6081 -60.1846 1.4483 2.5541 16.7605 12.9409 13.5254 56.4110 7.7335 26.4261 -0.0449 0.0609 38.0500 3.1381 -7.8183 -5.5351 15.4297 7.1965 -16.2869 49.7737 -3.6544 -5.4691 5.1057 -2.6017 7.6405 -0.0500 8.5700 -0.1505 -5.4098 -3.7079 0.5778 1.6540 0.3382 -1.9243 -3.4257 2.2233 -11.8321 0.0041 3.2963 -0.0449 4.3368 -3.3545 1.8729 -1.4346 -0.0785 1.0192
0.0218 99.9138 0.2279 -0.4821 -2.4519 0.9532 -0.2869 -1.6628 0.0755 -0.5259 -5.9532 -0.0805 -0.0738 14.4596 -2.2178 0.6116 25.6846 3.1040 -0.6825 -3.7991 0.1896 0.4922 -9.0482 -0.6393 0.0021 0.0354 0.0235 0.6488 -10.5074 -3.8144 -0.6456 -10.5464 3.8690 -18.3052 12.9657 -10.7001 -53.7717 5.5346 -23.3505 0.0817 0.0921 -32.0455 -0.4869 -14.5930 3.8838 -15.7800 10.5006 15.6293 -60.1826 1.4632 2.5686 16.7530 12.9579 13.5292 56.5145 7.7367 26.4766 -0.0516 0.0596 37.9875 3.1365 -7.8440 -5.4846 15.4354 7.1854 -16.2840 49.7476 -3.6544 -5.4734 5.1004 -2.6054 7.6265 -0.0486 8.5437 -0.1525 -5.4154 -3.7097 0.6068 1.6546 0.3458 -1.9160 -3.4260 2.1938 -11.8433 0.0041 3.3095 -0.0443 4.3352 -3.3806 1.8805 -1.4351 -0.0847 1.0213
-0.0005 99.9073 0.2737 -0.4720 -2.4180 0.9417 -0.2920 -1.6734 0.0796 -0.5306 -5.9538 -0.0879 -0.0958 14.4600 -2.2175 0.5897 25.7388 3.1187 -0.6938 -3.8062 0.2176 0.5244 -9.0445 -0.6661 0.0025 0.0375 0.0191 0.6495 -10.5135 -3.8196 -0.6455 -10.5526 3.8653 -18.3306 12.9987 -10.6800 -53.7204 5.5150 -23.3801 0.0788 0.0889 -32.0119 -0.4484 -14.5891 3.8895 -15.7989 10.5223 15.6400 -60.1884 1.4839 2.5766 16.7372 12.9655 13.5237 56.6178 7.7564 26.5376 -0.0568 0.0463 37.9212 3.1208 -7.7824 -5.4209 15.4310 7.1876 -16.2859 49.7220 -3.6506 -5.4718 5.0956 -2.6015 7.6302 -0.0474 8.5105 -0.1508 -5.4223 -3.7089 0.6016 1.6561 0.3433 -1.9148 -3.4207 2.1752 -11.8578 0.0009 3.3160 -0.0421 4.3342 -3.4143 1.8858 -1.4344 -0.0838 1.0228
-0.0346 99.9109 0.3015 -0.4603 -2.3815 0.9549 -0.2950 -1.6864 0.0803 -0.5295 -5.9524 -0.0958 -0.1117 14.4615 -2.2118 0.5535 25.7928 3.1277 -0.6996 -3.8032 0.2153 0.5562 -9.0818 -0.6705 0.0041 0.0400 0.0145 0.6519 -10.5122 -3.8226 -0.6447 -10.5519 3.8590 -18.3621 13.0211 -10.6687 -53.6766 5.4823 -23.3784 0.0752 0.1019 -31.9899 -0.3994 -14.6768 3.8890 -15.8083 10.5232 15.6393 -60.1825 1.4875 2.5792 16.7130 12.9636 13.4896 56.7090 7.7908 26.6123 -0.0681 0.0417 37.8585 3.0748 -7.7052 -5.3581 15.4255 7.1876 -16.2922 49.6886 -3.6585 -5.4860 5.0926 -2.6071 7.6333 -0.0446 8.4805 -0.1452 -5.4401 -3.6859 0.5787 1.6575 0.3210 -1.9200 -3.4206 2.1547 -11.8889 0.0005 3.3232 -0.0363 4.3407 -3.4262 1.8832 -1.4344 -0.0914 1.0277
-0.0544 99.9090 0.3388 -0.4495 -2.3408 0.9859 -0.2958 -1.7007 0.0803 -0.5292 -5.9585 -0.1005 -0.1187 14.4642 -2.2121 0.5124 25.8526 3.1420 -0.6924 -3.8040 0.2004 0.5948 -9.1374 -0.6778 0.0044 0.0403 0.0132 0.6505 -10.5094 -3.8223 -0.6427 -10.5494 3.8564 -18.4058 13.0303 -10.6532 -53.6340 5.4279 -23.3000 0.0534 0.1114 -31.9925 -0.3646 -14.7719 3.8855 -15.8098 10.5232 15.6435 -60.1591 1.4851 2.5721 16.6961 12.9617 13.4385 56.7834 7.8140 26.6554 -0.0791 0.0443 37.8191 3.0220 -7.6385 -5.3327 15.4096 7.1784 -16.2865 49.6503 -3.6682 -5.4789 5.0923 -2.6129 7.6276 -0.0439 8.4409 -0.1467 -5.4620 -3.6649 0.5530 1.6582 0.2927 -1.9277 -3.4196 2.1365 -11.9151 0.0021 3.3279 -0.0316 4.3440 -3.4401 1.8742 -1.4348 -0.0850 1.0332
-0.0807 99.9183 0.3792 -0.4390 -2.3084 1.0141 -0.2981 -1.7178 0.0953 -0.5258 -5.9674 -0.1021 -0.1244 14.4743 -2.2148 0.4903 25.9123 3.1487 -0.6955 -3.7973 0.2028 0.6247 -9.1961 -0.6897 0.0032 0.0411 0.0167 0.6499 -10.5076 -3.8165 -0.6450 -10.5492 3.8588 -18.4341 13.0300 -10.6380 -53.6141 5.3450 -23.1747 0.0208 0.1043 -32.0186 -0.3363 -14.8557 3.9090 -15.8053 10.5111 15.6449 -60.1512 1.4695 2.5774 16.6831 12.9615 13.3737 56.8265 7.8337 26.6653 -0.0748 0.0267 37.8187 2.9485 -7.6333 -5.3063 15.4016 7.1820 -16.2931 49.6453 -3.6767 -5.4807 5.0869 -2.6122 7.6186 -0.0436 8.4052 -0.1488 -5.4802 -3.6631 0.5625 1.6581 0.2963 -1.9347 -3.4209 2.1304 -11.9323 0.0049 3.3210 -0.0246 4.3573 -3.4714 1.8757 -1.4335 -0.0707 1.0375
-0.0928 99.9138 0.4323 -0.4294 -2.2689 1.0380 -0.2999 -1.7405 0.1001 -0.5247 -5.9780 -0.0992 -0.1231 14.4797 -2.2159 0.4753 25.9513 3.1458 -0.6901 -3.7924 0.2006 0.6413 -9.2181 -0.6765 0.0016 0.0414 0.0226 0.6469 -10.5070 -3.8090 -0.6454 -10.5481 3.8644 -18.4683 13.0507 -10.6216 -53.6118 5.2202 -23.0361 -0.0161 0.1063 -32.0093 -0.2973 -14.8988 3.9402 -15.7997 10.4838 15.6387 -60.1332 1.4471 2.5885 16.6711 12.9442 13.3080 56.8505 7.8244 26.6213 -0.0460 0.0140 37.7996 2.8880 -7.6394 -5.2803 15.3960 7.1756 -16.2844 49.6263 -3.6783 -5.4637 5.0827 -2.6056 7.6212 -0.0437 8.3551 -0.1563 -5.4903 -3.6614 0.5772 1.6586 0.3168 -1.9373 -3.4198 2.1226 -11.9464 0.0106 3.3112 -0.0281 4.3711 -3.4950 1.8687 -1.4324 -0.0429 1.0444
-0.0988 99.9127 0.4563 -0.4214 -2.2297 1.0484 -0.2981 -1.7663 0.0954 -0.5226 -5.9869 -0.1010 -0.1237 14.4822 -2.2055 0.4658 25.9801 3.1383 -0.6885 -3.7924 0.2066 0.6534 -9.2084 -0.6859 -0.0003 0.0410 0.0289 0.6454 -10.5060 -3.8020 -0.6479 -10.5465 3.8708 -18.4898 13.0511 -10.5929 -53.6135 5.1624 -22.9507 -0.0531 0.1038 -32.0016 -0.2602 -14.8938 3.9581 -15.7993 10.4672 15.6267 -60.1214 1.4246 2.5921 16.6619 12.9163 13.2582 56.8571 7.8115 26.5651 -0.0112 -0.0035 37.7736 2.8664 -7.6702 -5.2496 15.3819 7.1700 -16.2817 49.6016 -3.6773 -5.4764 5.0819 -2.5895 7.6256 -0.0415 8.2868 -0.1529 -5.4896 -3.6496 0.5841 1.6587 0.3329 -1.9340 -3.4154 2.1186 -11.9781 0.0126 3.2851 -0.0302 4.3718 -3.5016 1.8798 -1.4303 -0.0215 1.0457
-0.1167 99.9027 0.4917 -0.4123 -2.1940 1.0694 -0.2970 -1.7885 0.0833 -0.5210 -5.9801 -0.0904 -0.1300 14.4578 -2.2185 0.4755 26.0041 3.1303 -0.6994 -3.7929 0.2069 0.6614 -9.1853 -0.6931 -0.0007 0.0404 0.0301 0.6454 -10.5014 -3.8010 -0.6488 -10.5420 3.8723 -18.4850 13.0191 -10.5544 -53.6444 5.1663 -22.9041 -0.0828 0.1041 -31.9657 -0.2534 -14.8876 3.9388 -15.7991 10.4572 15.6153 -60.1022 1.4146 2.5868 16.6628 12.8821 13.2442 56.8576 7.8339 26.5242 -0.0104 0.0091 37.7651 2.8675 -7.7228 -5.2254 15.3785 7.1651 -16.2769 49.5656 -3.6949 -5.4649 5.0827 -2.5810 7.6442 -0.0426 8.2300 -0.1564 -5.4927 -3.6364 0.5711 1.6596 0.3553 -1.9343 -3.4204 2.1245 -12.0296 0.0153 3.2438 -0.0282 4.3559 -3.4964 1.8904 -1.4293 0.0143 1.0410
-0.1289 99.9007 0.5237 -0.4087 -2.1791 1.0907 -0.2886 -1.7951 0.0738 -0.5175 -5.9827 -0.0868 -0.1357 14.4344 -2.2317 0.4854 26.0327 3.1194 -0.7051 -3.7936 0.1985 0.6602 -9.1628 -0.6771 0.0007 0.0394 0.0266 0.6478 -10.5014 -3.8054 -0.6484 -10.5421 3.8692 -18.4761 13.0133 -10.5439 -53.6692 5.1995 -22.9160 -0.0770 0.1051 -31.9534 -0.2684 -14.9260 3.9518 -15.8117 10.4552 15.6073 -60.1413 1.4144 2.5616 16.6674 12.8653 13.2568 56.8364 7.8370 26.4366 0.0262 0.0106 37.8021 2.8596 -7.7834 -5.2409 15.3862 7.1613 -16.2786 49.5455 -3.6979 -5.4593 5.0918 -2.5672 7.6646 -0.0430 8.2066 -0.1608 -5.4962 -3.6240 0.5320 1.6615 0.3647 -1.9417 -3.4203 2.1459 -12.0756 0.0156 3.2220 -0.0388 4.3459 -3.4848 1.9120 -1.4280 0.0343 1.0323
-0.1468 99.9068 0.5684 -0.4033 -2.1807 1.1156 -0.2825 -1.7916 0.0707 -0.5151 -5.9809 -0.0892 -0.1433 14.3992 -2.2445 0.5305 26.0518 3.1049 -0.7164 -3.7881 0.2174 0.6447 -9.1326 -0.6568 0.0021 0.0385 0.0241 0.6514 -10.5009 -3.8090 -0.6491 -10.5430 3.8680 -18.4729 12.9944 -10.5433 -53.6679 5.2754 -22.9394 -0.0618 0.1150 -31.9560 -0.3042 -14.9895 3.9594 -15.7954 10.4585 15.5954 -60.1391 1.4134 2.5386 16.6744 12.8565 13.2839 56.8010 7.8593 26.4104 0.0303 0.0311 37.8288 2.8743 -7.8577 -5.2251 15.3894 7.1780 -16.2791 49.5426 -3.6887 -5.4566 5.0996 -2.5421 7.6754 -0.0456 8.1900 -0.1702 -5.5006 -3.6246 0.4931 1.6632 0.3609 -1.9391 -3.4292 2.1793 -12.1207 0.0131 3.2046 -0.0416 4.3335 -3.4869 1.9137 -1.4281 0.0230 1.0337
-0.1494 99.9084 0.5901 -0.3979 -2.1781 1.1517 -0.2785 -1.7913 0.0622 -0.5133 -5.9815 -0.0901 -0.1540 14.3558 -2.2687 0.5704 26.0650 3.0842 -0.7072 -3.7827 0.2561 0.6054 -9.1075 -0.6283 0.0021 0.0368 0.0249 0.6520 -10.5049 -3.8109 -0.6496 -10.5484 3.8715 -18.4670 12.9800 -10.5330 -53.6500 5.3818 -23.0270 -0.0313 0.1110 -31.9485 -0.3397 -14.9725 3.9691 -15.7641 10.4609 15.5869 -60.1146 1.4135 2.5260 16.6828 12.8539 13.3242 56.7780 7.8636 26.4069 0.0179 0.0447 37.8181 2.8875 -7.9054 -5.1824 15.3977 7.1913 -16.2810 49.5731 -3.6765 -5.4663 5.0992 -2.5242 7.6715 -0.0486 8.1807 -0.1789 -5.4865 -3.6380 0.4351 1.6648 0.3616 -1.9315 -3.4345 2.2184 -12.1651 0.0111 3.1754 -0.0428 4.3121 -3.5024 1.8968 -1.4282 0.0157 1.0317
-0.1589 99.9091 0.6254 -0.3940 -2.1762 1.1906 -0.2738 -1.7921 0.0669 -0.5147 -5.9822 -0.0993 -0.1552 14.3098 -2.2970 0.6010 26.0414 3.0505 -0.6933 -3.7752 0.2994 0.5733 -9.0870 -0.5963 0.0019 0.0361 0.0261 0.6500 -10.5047 -3.8122 -0.6478 -10.5492 3.8750 -18.4649 12.9590 -10.5536 -53.6234 5.4575 -23.0737 -0.0076 0.1066 -31.9286 -0.3860 -14.8776 3.9641 -15.7460 10.4602 15.5813 -60.0977 1.4081 2.5168 16.6815 12.8219 13.3606 56.7555 7.9166 26.4445 -0.0084 0.0568 37.8153 2.9003 -7.9176 -5.1446 15.4064 7.1999 -16.2759 49.6248 -3.6672 -5.4716 5.0942 -2.5050 7.6564 -0.0517 8.1722 -0.1883 -5.4926 -3.6453 0.4174 1.6659 0.3785 -1.9231 -3.4356 2.2606 -12.2021 0.0102 3.1338 -0.0363 4.2824 -3.4933 1.8648 -1.4290 0.0063 1.0287
-0.1571 99.9119 0.6488 -0.3878 -2.1743 1.2316 -0.2731 -1.7967 0.0609 -0.5175 -5.9741 -0.1145 -0.1524 14.2723 -2.3017 0.6441 25.9847 3.0257 -0.7110 -3.7761 0.3471 0.5705 -9.0324 -0.6070 0.0001 0.0364 0.0316 0.6457 -10.5026 -3.8075 -0.6471 -10.5465 3.8813 -18.4532 12.9378 -10.5676 -53.5841 5.4791 -23.0639 -0.0042 0.0975 -31.9295 -0.4203 -14.7579 3.9338 -15.7196 10.4808 15.6050 -60.0765 1.4105 2.5231 16.6605 12.8006 13.3870 56.7469 7.9602 26.5125 -0.0470 0.0683 37.8301 2.9083 -7.9148 -5.1058 15.4349 7.2084 -16.2742 49.6774 -3.6758 -5.4657 5.0931 -2.4915 7.6483 -0.0545 8.1690 -0.1900 -5.5048 -3.6608 0.4206 1.6670 0.3825 -1.9115 -3.4389 2.3087 -12.2276 0.0094 3.0762 -0.0216 4.2484 -3.4688 1.8272 -1.4303 -0.0015 1.0320
-0.1407 99.9050 0.6562 -0.3884 -2.1668 1.2739 -0.2630 -1.8023 0.0604 -0.5208 -5.9683 -0.1330 -0.1433 14.2328 -2.2982 0.6665 25.9165 3.0075 -0.7208 -3.7775 0.3399 0.5548 -8.9901 -0.6031 0.0011 0.0346 0.0286 0.6438 -10.5048 -3.8114 -0.6431 -10.5482 3.8788 -18.4503 12.9343 -10.5891 -53.5410 5.4642 -23.0618 0.0078 0.1062 -31.9216 -0.4377 -14.6623 3.9088 -15.7225 10.4907 15.6105 -60.0680 1.4168 2.5311 16.6459 12.7748 13.3947 56.7448 7.9957 26.5778 -0.0941 0.0923 37.8331 2.9468 -7.8920 -5.0855 15.4361 7.2137 -16.2758 49.6926 -3.6695 -5.4658 5.0975 -2.4828 7.6245 -0.0551 8.1601 -0.1870 -5.5214 -3.6819 0.4001 1.6701 0.3786 -1.8993 -3.4358 2.3394 -12.2397 0.0079 3.0324 -0.0207 4.2253 -3.4422 1.7885 -1.4323 -0.0281 1.0329
-0.1494 99.9106 0.6510 -0.3858 -2.1590 1.2853 -0.2513 -1.8135 0.0511 -0.5244 -5.9613 -0.1307 -0.1388 14.2013 -2.2934 0.6759 25.8470 3.0056 -0.7334 -3.7826 0.3123 0.5508 -8.9795 -0.6142 0.0041 0.0350 0.0180 0.6459 -10.5082 -3.8227 -0.6392 -10.5515 3.8670 -18.4449 12.9494 -10.5998 -53.4901 5.4550 -23.0915 0.0200 0.1174 -31.9406 -0.4086 -14.6494 3.8859 -15.7186 10.5144 15.6242 -60.0912 1.4320 2.5463 16.6020 12.7270 13.3965 56.7800 8.0068 26.6246 -0.1231 0.1143 37.8518 2.9973 -7.8052 -5.1164 15.4469 7.2191 -16.2842 49.7162 -3.6603 -5.4622 5.0927 -2.4756 7.6077 -0.0532 8.1447 -0.1813 -5.5510 -3.6939 0.4048 1.6704 0.3604 -1.8938 -3.4330 2.3625 -12.2367 0.0059 2.9866 -0.0266 4.2039 -3.4255 1.7611 -1.4332 -0.0415 1.0321
-0.1532 99.9115 0.6454 -0.3874 -2.1661 1.2881 -0.2394 -1.8100 0.0719 -0.5297 -5.9615 -0.1408 -0.1399 14.1839 -2.3011 0.6822 25.7782 2.9981 -0.7488 -3.7799 0.2971 0.5646 -8.9933 -0.6401 0.0062 0.0359 0.0130 0.6506 -10.5071 -3.8262 -0.6398 -10.5498 3.8609 -18.4364 12.9705 -10.6111 -53.4492 5.4357 -23.1025 0.0201 0.1199 -31.9664 -0.3453 -14.7145 3.8886 -15.7287 10.5251 15.6271 -60.1167 1.4533 2.5660 16.5623 12.6800 13.4060 56.7942 8.0063 26.6336 -0.1019 0.1286 37.8828 2.9754 -7.7238 -5.1506 15.4522 7.2346 -16.3074 49.7454 -3.6614 -5.4658 5.0916 -2.4714 7.6025 -0.0533 8.1517 -0.1826 -5.5757 -3.6874 0.4161 1.6694 0.3338 -1.9037 -3.4296 2.3824 -12.2250 0.0054 2.9734 -0.0381 4.2080 -3.4242 1.7405 -1.4346 -0.0459 1.0362
-0.1500 99.9114 0.6452 -0.3908 -2.1689 1.2962 -0.2334 -1.8150 0.0745 -0.5298 -5.9625 -0.1357 -0.1334 14.1765 -2.3113 0.6706 25.6983 2.9887 -0.7437 -3.7759 0.2850 0.5728 -8.9954 -0.6415 0.0063 0.0366 0.0135 0.6541 -10.5043 -3.8247 -0.6433 -10.5454 3.8605 -18.4460 12.9983 -10.6113 -53.4008 5.4092 -23.1377 0.0223 0.1256 -31.9615 -0.2884 -14.8177 3.8901 -15.7445 10.5451 15.6500 -60.1828 1.4818 2.5690 16.5156 12.6360 13.4016 56.7989 7.9947 26.6035 -0.0797 0.1308 37.9287 2.9576 -7.6634 -5.1797 15.4490 7.2357 -16.3144 49.7709 -3.6619 -5.4566 5.0997 -2.4739 7.6116 -0.0505 8.1579 -0.1824 -5.6070 -3.6908 0.4156 1.6684 0.3255 -1.9148 -3.4266 2.3974 -12.2431 0.0017 2.9559 -0.0461 4.2194 -3.4309 1.7566 -1.4362 -0.0302 1.0363
-0.1672 99.9158 0.6338 -0.3886 -2.1619 1.2876 -0.2383 -1.8279 0.0869 -0.5225 -5.9591 -0.1274 -0.1281 14.1643 -2.3210 0.6588 25.6326 2.9754 -0.7395 -3.7712 0.2941 0.5788 -8.9985 -0.6453 0.0063 0.0368 0.0163 0.6563 -10.5041 -3.8209 -0.6457 -10.5440 3.8628 -18.4427 13.0130 -10.6127 -53.3778 5.3942 -23.2032 0.0387 0.1379 -31.9146 -0.2509 -14.9088 3.9073 -15.7576 10.5388 15.6415 -60.2083 1.4898 2.5557 16.4814 12.5994 13.3850 56.7882 7.9999 26.5907 -0.0669 0.1201 37.9625 2.9653 -7.6526 -5.1956 15.4416 7.2349 -16.3220 49.7571 -3.6683 -5.4489 5.0946 -2.4884 7.6251 -0.0471 8.1692 -0.1836 -5.6280 -3.6877 0.4061 1.6670 0.3150 -1.9229 -3.4232 2.3905 -12.2741 -0.0001 2.9448 -0.0429 4.2403 -3.4449 1.7646 -1.4363 -0.0371 1.0361
-0.1665 99.9186 0.6363 -0.3834 -2.1513 1.2732 -0.2453 -1.8370 0.0880 -0.5165 -5.9567 -0.0982 -0.1194 14.1576 -2.3281 0.6419 25.5708 2.9705 -0.7420 -3.7620 0.2869 0.5804 -9.0079 -0.6475 0.0063 0.0382 0.0204 0.6561 -10.4945 -3.8155 -0.6455 -10.5338 3.8654 -18.4336 13.0047 -10.6331 -53.3705 5.3816 -23.2378 0.0418 0.1527 -31.8774 -0.2271 -14.9442 3.9416 -15.7597 10.5298 15.6405 -60.2113 1.4774 2.5503 16.4588 12.5577 13.3655 56.7641 8.0515 26.6154 -0.0803 0.1104 38.0038 2.9828 -7.6822 -5.2078 15.4407 7.2361 -16.3134 49.7636 -3.6645 -5.4444 5.0869 -2.5052 7.6272 -0.0414 8.1672 -0.1729 -5.6301 -3.6761 0.3766 1.6640 0.3108 -1.9307 -3.4253 2.3741 -12.2898 0.0000 2.9374 -0.0386 4.2604 -3.4358 1.7688 -1.4344 -0.0462 1.0414
-0.1624 99.9132 0.6217 -0.3796 -2.1456 1.2545 -0.2467 -1.8386 0.1024 -0.5120 -5.9573 -0.0931 -0.1119 14.1506 -2.3388 0.6161 25.5114 2.9918 -0.7442 -3.7511 0.2761 0.5797 -9.0016 -0.6337 0.0068 0.0379 0.0211 0.6557 -10.4918 -3.8160 -0.6440 -10.5307 3.8671 -18.4240 13.0007 -10.6470 -53.3638 5.3584 -23.2214 0.0296 0.1623 -31.8434 -0.2319 -14.8992 3.9893 -15.7319 10.5182 15.6463 -60.1787 1.4420 2.5669 16.4514 12.5403 13.3711 56.7161 8.0638 26.5997 -0.0618 0.0943 37.9937 3.0081 -7.6069 -5.2071 15.4474 7.2429 -16.3167 49.7710 -3.6582 -5.4470 5.0809 -2.5101 7.6321 -0.0407 8.1502 -0.1622 -5.6247 -3.6612 0.3507 1.6612 0.3124 -1.9353 -3.4325 2.3634 -12.2751 0.0048 2.9273 -0.0369 4.2675 -3.4169 1.7497 -1.4324 -0.0665 1.0450
-0.1625 99.9093 0.6139 -0.3836 -2.1459 1.2708 -0.2407 -1.8174 0.0868 -0.5075 -5.9533 -0.0956 -0.1010 14.1315 -2.3397 0.5927 25.4675 3.0412 -0.7453 -3.7490 0.2628 0.5703 -8.9637 -0.6119 0.0066 0.0360 0.0211 0.6537 -10.4896 -3.8149 -0.6427 -10.5271 3.8666 -18.3978 13.0020 -10.6484 -53.3539 5.3436 -23.2255 0.0011 0.1523 -31.8145 -0.2554 -14.8263 4.0282 -15.7202 10.5155 15.6545 -60.1647 1.4078 2.5759 16.4446 12.5480 13.3925 56.6594 8.0231 26.5391 -0.0212 0.0725 37.9657 3.0363 -7.5329 -5.2176 15.4395 7.2378 -16.3115 49.7859 -3.6461 -5.4519 5.0791 -2.5320 7.6416 -0.0430 8.1672 -0.1646 -5.6064 -3.6686 0.3208 1.6593 0.3219 -1.9269 -3.4248 2.3568 -12.2527 0.0049 2.9203 -0.0402 4.2615 -3.4100 1.7074 -1.4296 -0.0695 1.0468
-0.1718 99.9049 0.5952 -0.3885 -2.1529 1.2695 -0.2307 -1.7823 0.0683 -0.5022 -5.9450 -0.1025 -0.0937 14.1076 -2.3346 0.5718 25.4166 3.0912 -0.7456 -3.7415 0.2600 0.5594 -8.9104 -0.5613 0.0059 0.0330 0.0224 0.6542 -10.4842 -3.8127 -0.6444 -10.5214 3.8669 -18.3714 12.9999 -10.6707 -53.3588 5.3121 -23.2082 -0.0344 0.1349 -31.7553 -0.2954 -14.7517 4.0001 -15.7009 10.5070 15.6597 -60.1362 1.3913 2.5801 16.4336 12.5877 13.4413 56.6323 7.9621 26.4889 -0.0221 0.0847 37.9202 3.0375 -7.5307 -5.2087 15.4699 7.2273 -16.3090 49.8030 -3.6447 -5.4622 5.0908 -2.5460 7.6691 -0.0469 8.1756 -0.1694 -5.6050 -3.6718 0.2902 1.6602 0.3189 -1.9212 -3.4199 2.3636 -12.2165 0.0068 2.9059 -0.0488 4.2569 -3.3840 1.6724 -1.4287 -0.0718 1.0437
-0.1607 99.9092 0.5824 -0.3965 -2.1560 1.2605 -0.2210 -1.7522 0.0590 -0.5016 -5.9381 -0.1096 -0.0893 14.0790 -2.3415 0.5563 25.3820 3.1345 -0.7423 -3.7488 0.2923 0.5348 -8.8686 -0.4888 0.0072 0.0278 0.0187 0.6568 -10.4900 -3.8182 -0.6444 -10.5267 3.8646 -18.3308 13.0025 -10.6801 -53.3703 5.3410 -23.2410 -0.0217 0.1238 -31.6971 -0.3743 -14.6825 3.9788 -15.7027 10.5098 15.6566 -60.1321 1.4021 2.5550 16.4316 12.6250 13.4846 56.6204 7.9219 26.4577 -0.0470 0.1062 37.8540 3.0339 -7.5847 -5.2059 15.4754 7.2189 -16.3050 49.7828 -3.6511 -5.4739 5.1016 -2.5574 7.6962 -0.0491 8.1726 -0.1763 -5.6092 -3.6749 0.2614 1.6620 0.3101 -1.9051 -3.4055 2.3615 -12.1774 0.0066 2.8864 -0.0599 4.2270 -3.3467 1.6415 -1.4297 -0.0608 1.0366
-0.1811 99.9089 0.5528 -0.4060 -2.1572 1.2608 -0.2124 -1.7254 0.0481 -0.5036 -5.9344 -0.1117 -0.0798 14.0566 -2.3561 0.5279 25.3602 3.1423 -0.7314 -3.7585 0.3556 0.4952 -8.8228 -0.4064 0.0082 0.0242 0.0192 0.6599 -10.4914 -3.8177 -0.6453 -10.5288 3.8638 -18.2829 12.9945 -10.7010 -53.4049 5.4086 -23.3040 0.0185 0.1174 -31.6527 -0.4551 -14.5394 3.9655 -15.7189 10.5188 15.6521 -60.1444 1.4209 2.5275 16.4426 12.6568 13.5176 56.6088 7.8951 26.3896 -0.0705 0.1148 37.8310 3.0073 -7.6289 -5.2126 15.4911 7.2144 -16.3004 49.8056 -3.6537 -5.4518 5.1118 -2.5694 7.7051 -0.0566 8.1638 -0.1876 -5.6063 -3.6896 0.2553 1.6636 0.2988 -1.8894 -3.3865 2.3452 -12.1527 0.0063 2.9003 -0.0601 4.2069 -3.3225 1.6165 -1.4322 -0.0446 1.0336
-0.1754 99.9157 0.5214 -0.4116 -2.1519 1.2455 -0.2111 -1.7061 0.0558 -0.5123 -5.9355 -0.1345 -0.0643 14.0460 -2.3445 0.4992 25.3100 3.1397 -0.7218 -3.7694 0.4293 0.4743 -8.7494 -0.3678 0.0081 0.0250 0.0196 0.6628 -10.4964 -3.8185 -0.6485 -10.5344 3.8666 -18.2420 12.9604 -10.7176 -53.4392 5.5582 -23.4163 0.0738 0.1154 -31.6671 -0.5207 -14.4182 3.9961 -15.7293 10.5370 15.6453 -60.1672 1.4506 2.5007 16.4571 12.6681 13.5286 56.5946 7.8600 26.2707 -0.0410 0.1040 37.8311 2.9704 -7.6444 -5.1970 15.4947 7.2182 -16.3151 49.8291 -3.6526 -5.4463 5.1213 -2.5819 7.7205 -0.0612 8.1553 -0.1949 -5.6186 -3.7146 0.2802 1.6641 0.3061 -1.8852 -3.3738 2.3073 -12.1113 0.0015 2.9385 -0.0681 4.2064 -3.3236 1.5889 -1.4353 -0.0239 1.0326
-0.1813 99.9246 0.5019 -0.4152 -2.1355 1.2388 -0.2073 -1.7082 0.0515 -0.5205 -5.9303 -0.1379 -0.0475 14.0376 -2.3419 0.4456 25.2541 3.1426 -0.6999 -3.7787 0.4647 0.4585 -8.7193 -0.3452 0.0094 0.0279 0.0160 0.6631 -10.4937 -3.8223 -0.6461 -10.5343 3.8616 -18.2232 12.9462 -10.7411 -53.4400 5.6750 -23.5497 0.0802 0.1074 -31.6640 -0.5442 -14.3171 4.0139 -15.7532 10.5489 15.6539 -60.1755 1.4645 2.4950 16.4490 12.6752 13.5075 56.6013 7.8341 26.1918 -0.0300 0.0867 37.8326 2.9548 -7.6365 -5.1804 15.4841 7.2102 -16.3137 49.8432 -3.6431 -5.4378 5.1209 -2.6111 7.7199 -0.0619 8.1522 -0.1941 -5.6291 -3.7230 0.2748 1.6647 0.3129 -1.8848 -3.3552 2.2642 -12.0849 -0.0019 2.9596 -0.0647 4.2079 -3.3198 1.5568 -1.4377 -0.0084 1.0308
-0.1699 99.9259 0.4847 -0.4145 -2.1224 1.2302 -0.2062 -1.7212 0.0571 -0.5299 -5.9223 -0.1431 -0.0302 14.0316 -2.3409 0.4021 25.2041 3.1651 -0.6915 -3.7810 0.4422 0.4769 -8.6760 -0.3484 0.0103 0.0329 0.0104 0.6630 -10.4855 -3.8266 -0.6444 -10.5245 3.8545 -18.2120 12.9218 -10.7556 -53.4473 5.8239 -23.7108 0.0760 0.1147 -31.6563 -0.5454 -14.2956 4.0323 -15.7650 10.5640 15.6685 -60.1760 1.4717 2.5174 16.4324 12.6547 13.4658 56.6370 7.8770 26.1779 -0.0233 0.0712 37.8401 2.9294 -7.6250 -5.1841 15.4580 7.2124 -16.3173 49.8398 -3.6393 -5.4360 5.1174 -2.6277 7.6815 -0.0576 8.1393 -0.1769 -5.6324 -3.7113 0.2873 1.6628 0.3225 -1.8941 -3.3451 2.2193 -12.0620 -0.0025 2.9945 -0.0615 4.2023 -3.3154 1.5314 -1.4388 -0.0020 1.0294
-0.1878 99.9381 0.4548 -0.4094 -2.1208 1.2099 -0.2083 -1.7279 0.0647 -0.5307 -5.9203 -0.1476 -0.0240 14.0374 -2.3441 0.3580 25.1739 3.1854 -0.6883 -3.7827 0.4244 0.5201 -8.6664 -0.3719 0.0102 0.0369 0.0091 0.6624 -10.4851 -3.8261 -0.6438 -10.5220 3.8513 -18.1996 12.8995 -10.7668 -53.4661 5.9380 -23.8438 0.0789 0.1200 -31.6490 -0.5564 -14.2713 4.0669 -15.8113 10.5786 15.6866 -60.2287 1.4961 2.5486 16.4038 12.6348 13.4407 56.6704 7.9209 26.1554 0.0059 0.0479 37.9057 2.8783 -7.5432 -5.2130 15.4398 7.2051 -16.2996 49.8325 -3.6305 -5.4361 5.1092 -2.6368 7.6469 -0.0540 8.1425 -0.1703 -5.6230 -3.6852 0.3220 1.6600 0.3026 -1.9111 -3.3440 2.1919 -12.0309 -0.0036 3.0233 -0.0623 4.2015 -3.3056 1.5041 -1.4385 -0.0158 1.0294
-0.1662 99.9392 0.4573 -0.4042 -2.1261 1.1705 -0.2117 -1.7243 0.0738 -0.5263 -5.9241 -0.1354 -0.0225 14.0359 -2.3504 0.3191 25.1519 3.2009 -0.6845 -3.7760 0.4100 0.5583 -8.6899 -0.3930 0.0100 0.0377 0.0086 0.6637 -10.4801 -3.8247 -0.6457 -10.5141 3.8493 -18.2086 12.8812 -10.7731 -53.4943 5.9887 -23.9008 0.0755 0.1232 -31.6215 -0.6048 -14.2053 4.1188 -15.8312 10.5933 15.6980 -60.2737 1.5102 2.5482 16.3831 12.6171 13.4217 56.7035 7.9753 26.1631 0.0015 0.0388 37.9305 2.8579 -7.4530 -5.2129 15.4196 7.2049 -16.2939 49.8028 -3.6299 -5.4303 5.1012 -2.6244 7.6237 -0.0500 8.1250 -0.1637 -5.6252 -3.6434 0.3582 1.6584 0.2875 -1.9269 -3.3480 2.1806 -11.9870 -0.0003 3.0288 -0.0678 4.1976 -3.2838 1.4846 -1.4373 -0.0457 1.0240
-0.1709 99.9317 0.4478 -0.3968 -2.1363 1.1162 -0.2213 -1.7163 0.0821 -0.5178 -5.9235 -0.1334 -0.0246 14.0199 -2.3362 0.3158 25.1264 3.2052 -0.6906 -3.7660 0.4113 0.5778 -8.7128 -0.4110 0.0077 0.0371 0.0128 0.6641 -10.4761 -3.8175 -0.6508 -10.5076 3.8517 -18.2071 12.8589 -10.7586 -53.5386 6.0034 -23.8787 0.0497 0.1246 -31.6179 -0.6417 -14.1399 4.1374 -15.8234 10.5892 15.7038 -60.2861 1.5049 2.5521 16.3728 12.5795 13.3866 56.7294 8.0117 26.1629 0.0129 0.0279 37.9141 2.8685 -7.3308 -5.2054 15.4183 7.2018 -16.2720 49.7629 -3.6297 -5.4261 5.0968 -2.5901 7.6077 -0.0470 8.0815 -0.1552 -5.6337 -3.6218 0.3991 1.6545 0.2810 -1.9389 -3.3565 2.1727 -11.9467 -0.0006 3.0300 -0.0714 4.1997 -3.2784 1.4857 -1.4345 -0.0627 1.0212
-0.1543 99.9221 0.4299 -0.3916 -2.1434 1.0829 -0.2274 -1.7072 0.0835 -0.5081 -5.9254 -0.1403 -0.0298 14.0070 -2.3276 0.3219 25.1036 3.2092 -0.6933 -3.7624 0.4123 0.5682 -8.7056 -0.3934 0.0053 0.0346 0.0192 0.6647 -10.4768 -3.8102 -0.6563 -10.5089 3.8585 -18.2055 12.8653 -10.7573 -53.5791 5.9968 -23.8399 0.0528 0.1269 -31.6504 -0.6737 -14.0910 4.1392 -15.8509 10.5556 15.6791 -60.3139 1.4822 2.5606 16.3776 12.5562 13.3536 56.7227 8.0170 26.1658 0.0134 0.0184 37.9122 2.8909 -7.2248 -5.2011 15.4221 7.2028 -16.2702 49.7649 -3.6247 -5.4252 5.0879 -2.5596 7.6014 -0.0442 8.0398 -0.1497 -5.6366 -3.6035 0.4270 1.6525 0.2649 -1.9465 -3.3667 2.1538 -11.9459 0.0052 3.0607 -0.0703 4.2284 -3.2954 1.5103 -1.4308 -0.0748 1.0195
-0.1722 99.9075 0.4172 -0.3872 -2.1436 1.0611 -0.2269 -1.7101 0.0677 -0.5019 -5.9259 -0.1452 -0.0347 13.9975 -2.3269 0.3366 25.0617 3.2226 -0.6947 -3.7586 0.4210 0.5460 -8.6869 -0.3749 0.0045 0.0315 0.0213 0.6664 -10.4766 -3.8086 -0.6595 -10.5097 3.8608 -18.2087 12.8677 -10.7535 -53.6028 6.0182 -23.8531 0.0715 0.1342 -31.6580 -0.7055 -14.0909 4.1124 -15.8592 10.5290 15.6656 -60.3231 1.4582 2.5560 16.4022 12.5572 13.3521 56.6933 7.9855 26.1211 0.0012 0.0255 37.9254 2.9137 -7.1726 -5.2012 15.4306 7.2020 -16.2646 49.7551 -3.6268 -5.4297 5.0850 -2.5422 7.6030 -0.0408 7.9993 -0.1456 -5.6317 -3.6050 0.4411 1.6522 0.2601 -1.9469 -3.3740 2.1260 -11.9558 0.0088 3.0919 -0.0733 4.2494 -3.2994 1.5414 -1.4280 -0.0714 1.0149
-0.1716 99.9052 0.3997 -0.3854 -2.1448 1.0609 -0.2257 -1.7125 0.0527 -0.4958 -5.9233 -0.1540 -0.0375 13.9869 -2.3357 0.3479 25.0025 3.2290 -0.7064 -3.7677 0.4419 0.5354 -8.6537 -0.3563 0.0035 0.0288 0.0253 0.6669 -10.4774 -3.8059 -0.6618 -10.5109 3.8659 -18.2141 12.8646 -10.7469 -53.6073 6.0850 -23.9225 0.1160 0.1521 -31.6701 -0.7498 -14.1283 4.1092 -15.8752 10.5106 15.6356 -60.3270 1.4360 2.5424 16.4322 12.5918 13.3745 56.6505 7.9049 26.0504 0.0110 0.0408 37.9431 2.9335 -7.1614 -5.2095 15.4370 7.1863 -16.2450 49.7334 -3.6323 -5.4386 5.0868 -2.5301 7.6055 -0.0406 7.9541 -0.1438 -5.6401 -3.6071 0.4405 1.6538 0.2744 -1.9437 -3.3695 2.1026 -11.9538 0.0125 3.1240 -0.0707 4.2555 -3.3007 1.5502 -1.4265 -0.0499 1.0131
-0.1695 99.9095 0.3869 -0.3822 -2.1427 1.0783 -0.2261 -1.7084 0.0531 -0.4919 -5.9282 -0.1705 -0.0370 13.9791 -2.3438 0.3476 24.9593 3.2299 -0.7096 -3.7742 0.4637 0.5374 -8.6280 -0.3665 0.0046 0.0257 0.0215 0.6678 -10.4815 -3.8098 -0.6602 -10.5168 3.8615 -18.2178 12.8545 -10.7581 -53.5826 6.1733 -23.9848 0.1578 0.1584 -31.7135 -0.7932 -14.1598 4.1195 -15.8496 10.5150 15.6387 -60.3047 1.4342 2.5539 16.4715 12.6287 13.4036 56.6012 7.8560 26.0041 0.0020 0.0620 37.9505 2.9634 -7.2615 -5.2098 15.4525 7.1756 -16.2387 49.7323 -3.6364 -5.4479 5.0802 -2.5237 7.5951 -0.0435 7.9159 -0.1451 -5.6396 -3.5826 0.4468 1.6561 0.2673 -1.9405 -3.3652 2.0775 -11.9471 0.0131 3.1542 -0.0695 4.2537 -3.3110 1.5399 -1.4254 -0.0323 1.0149
-0.1729 99.9101 0.3629 -0.3815 -2.1458 1.0854 -0.2215 -1.7091 0.0457 -0.4961 -5.9283 -0.1688 -0.0412 13.9756 -2.3579 0.3461 24.9152 3.2246 -0.7014 -3.7771 0.4941 0.5191 -8.5844 -0.3695 0.0076 0.0250 0.0123 0.6712 -10.4886 -3.8222 -0.6576 -10.5243 3.8539 -18.2224 12.8438 -10.7801 -53.5361 6.2500 -24.0461 0.1823 0.1498 -31.7337 -0.7872 -14.1965 4.1168 -15.8195 10.5204 15.6337 -60.2786 1.4477 2.5554 16.5190 12.6698 13.4380 56.5416 7.8044 25.9998 0.0007 0.0689 37.9233 2.9849 -7.3709 -5.1706 15.4465 7.1660 -16.2466 49.7381 -3.6384 -5.4581 5.0844 -2.5137 7.5844 -0.0449 7.8759 -0.1529 -5.6401 -3.5668 0.4556 1.6584 0.2692 -1.9390 -3.3635 2.0578 -11.9486 0.0105 3.1900 -0.0662 4.2468 -3.3222 1.5371 -1.4255 -0.0254 1.0111
-0.1844 99.9159 0.3423 -0.3826 -2.1544 1.0975 -0.2191 -1.6947 0.0498 -0.5043 -5.9265 -0.1612 -0.0381 13.9641 -2.3751 0.3677 24.8986 3.2331 -0.7000 -3.7808 0.4899 0.4922 -8.5628 -0.3817 0.0098 0.0257 0.0069 0.6722 -10.4917 -3.8285 -0.6540 -10.5276 3.8483 -18.2087 12.8328 -10.8060 -53.5017 6.2915 -24.0980 0.1761 0.1386 -31.7528 -0.7361 -14.2378 4.1316 -15.7944 10.5285 15.6282 -60.2541 1.4645 2.5477 16.5521 12.6862 13.4809 56.5127 7.8070 26.0538 -0.0163 0.0752 37.9075 2.9938 -7.4765 -5.1213 15.4498 7.1623 -16.2547 49.7382 -3.6391 -5.4586 5.0891 -2.5164 7.5939 -0.0480 7.8728 -0.1584 -5.6411 -3.5655 0.4370 1.6622 0.2490 -1.9393 -3.3564 2.0314 -11.9411 0.0075 3.2460 -0.0589 4.2345 -3.3530 1.5256 -1.4279 -0.0375 1.0085
-0.2032 99.9195 0.3269 -0.3822 -2.1619 1.1029 -0.2252 -1.6790 0.0482 -0.5146 -5.9200 -0.1526 -0.0259 13.9436 -2.3723 0.3911 24.8937 3.2344 -0.6872 -3.7806 0.4780 0.4683 -8.5603 -0.3816 0.0093 0.0286 0.0056 0.6704 -10.4847 -3.8293 -0.6532 -10.5184 3.8462 -18.1881 12.7952 -10.8171 -53.4770 6.3379 -24.1230 0.1451 0.1286 -31.7640 -0.6887 -14.2516 4.1371 -15.7656 10.5474 15.6314 -60.2267 1.4785 2.5408 16.5626 12.6836 13.4995 56.5292 7.8420 26.1577 -0.0586 0.0764 37.8929 2.9933 -7.5148 -5.0946 15.4525 7.1607 -16.2540 49.7413 -3.6455 -5.4504 5.0931 -2.5266 7.6112 -0.0479 7.8916 -0.1574 -5.6547 -3.5928 0.4198 1.6646 0.2324 -1.9306 -3.3516 2.0050 -11.9404 0.0050 3.3012 -0.0563 4.2194 -3.3832 1.5281 -1.4300 -0.0313 1.0084
-0.2093 99.9238 0.3168 -0.3809 -2.1647 1.1137 -0.2329 -1.6654 0.0577 -0.5216 -5.9152 -0.1628 -0.0136 13.9373 -2.3621 0.4106 24.9028 3.2288 -0.6826 -3.7774 0.4676 0.4462 -8.5935 -0.3625 0.0081 0.0317 0.0073 0.6686 -10.4809 -3.8278 -0.6539 -10.5152 3.8483 -18.1786 12.7660 -10.8309 -53.4418 6.3657 -24.1388 0.1252 0.1171 -31.7747 -0.6783 -14.2677 4.1401 -15.7747 10.5590 15.6324 -60.2283 1.4897 2.5330 16.5483 12.6847 13.5228 56.5573 7.8385 26.2080 -0.0792 0.0603 37.8940 2.9728 -7.4891 -5.0682 15.4472 7.1691 -16.2622 49.7574 -3.6492 -5.4466 5.0987 -2.5522 7.6355 -0.0509 7.9304 -0.1625 -5.6669 -3.6054 0.3980 1.6658 0.2158 -1.9240 -3.3523 1.9822 -11.9411 0.0048 3.3376 -0.0525 4.2073 -3.3990 1.5171 -1.4320 -0.0569 1.0156
-0.1876 99.9327 0.2900 -0.3833 -2.1617 1.1392 -0.2372 -1.6619 0.0614 -0.5265 -5.9141 -0.1768 -0.0034 13.9435 -2.3415 0.4222 24.9021 3.2274 -0.6739 -3.7719 0.4482 0.4416 -8.6118 -0.3539 0.0063 0.0357 0.0102 0.6652 -10.4783 -3.8256 -0.6543 -10.5118 3.8530 -18.1814 12.7590 -10.8322 -53.3938 6.3607 -24.1590 0.0952 0.0971 -31.7813 -0.6852 -14.3011 4.1550 -15.7853 10.5858 15.6276 -60.2680 1.5184 2.5149 16.5313 12.6638 13.5417 56.6027 7.8304 26.2357 -0.0821 0.0415 37.8764 2.9567 -7.4705 -5.0396 15.4403 7.1646 -16.2637 49.7168 -3.6562 -5.4585 5.1004 -2.5797 7.6508 -0.0471 7.9546 -0.1649 -5.6853 -3.6075 0.3611 1.6666 0.2219 -1.9242 -3.3425 1.9607 -11.9417 -0.0000 3.3492 -0.0561 4.2003 -3.3973 1.4961 -1.4338 -0.0641 1.0192
-0.1961 99.9401 0.2736 -0.3864 -2.1559 1.1713 -0.2426 -1.6696 0.0631 -0.5261 -5.9164 -0.1853 -0.0050 13.9628 -2.3336 0.4399 24.8885 3.2255 -0.6806 -3.7696 0.4334 0.4519 -8.6120 -0.3718 0.0044 0.0374 0.0164 0.6620 -10.4851 -3.8210 -0.6550 -10.5177 3.8615 -18.1717 12.7734 -10.8394 -53.3674 6.3326 -24.1865 0.0726 0.0905 -31.7793 -0.6854 -14.2851 4.1514 -15.8064 10.6018 15.6368 -60.2926 1.5367 2.5134 16.5068 12.6635 13.5413 56.6423 7.7867 26.2433 -0.0601 0.0258 37.8795 2.9396 -7.4397 -5.0314 15.4145 7.1618 -16.2677 49.6880 -3.6696 -5.4531 5.1023 -2.6066 7.6424 -0.0485 7.9723 -0.1672 -5.6801 -3.5951 0.3434 1.6660 0.2218 -1.9330 -3.3360 1.9439 -11.9449 -0.0000 3.3655 -0.0576 4.1905 -3.3953 1.4688 -1.4345 -0.0820 1.0277
-0.2034 99.9476 0.2645 -0.3845 -2.1441 1.1914 -0.2518 -1.6914 0.0550 -0.5252 -5.9210 -0.1875 -0.0137 13.9935 -2.3335 0.4440 24.8716 3.2223 -0.6838 -3.7711 0.4212 0.4667 -8.5754 -0.3953 0.0033 0.0396 0.0200 0.6634 -10.4888 -3.8167 -0.6588 -10.5198 3.8658 -18.1670 12.8022 -10.8292 -53.3285 6.2917 -24.2094 0.0406 0.0818 -31.7794 -0.6847 -14.2601 4.1827 -15.8415 10.6253 15.6663 -60.3432 1.5538 2.5221 16.4824 12.6676 13.5485 56.6599 7.7435 26.2590 -0.0354 0.0064 37.8946 2.9128 -7.3869 -4.9972 15.3962 7.1727 -16.2706 49.7090 -3.6606 -5.4474 5.0944 -2.6353 7.6248 -0.0484 7.9784 -0.1610 -5.6535 -3.5707 0.3342 1.6644 0.2263 -1.9418 -3.3334 1.9201 -11.9621 0.0033 3.3821 -0.0480 4.1777 -3.3908 1.4539 -1.4345 -0.0890 1.0370
-0.2017 99.9410 0.2476 -0.3827 -2.1278 1.1937 -0.2576 -1.7132 0.0544 -0.5261 -5.9236 -0.1725 -0.0271 14.0088 -2.3489 0.4463 24.8417 3.2221 -0.6743 -3.7704 0.4116 0.4540 -8.5178 -0.3770 0.0036 0.0388 0.0193 0.6667 -10.4874 -3.8162 -0.6615 -10.5170 3.8642 -18.1715 12.8287 -10.8040 -53.3172 6.2626 -24.2170 0.0353 0.0946 -31.7637 -0.6902 -14.2364 4.2337 -15.8561 10.6184 15.6738 -60.3509 1.5531 2.5303 16.4751 12.6715 13.5718 56.6714 7.7316 26.2941 -0.0327 0.0066 37.8940 2.9246 -7.3670 -4.9779 15.3896 7.1735 -16.2575 49.6798 -3.6535 -5.4355 5.0952 -2.6621 7.6334 -0.0462 7.9848 -0.1519 -5.6201 -3.5627 0.3139 1.6648 0.2218 -1.9510 -3.3387 1.8941 -11.9685 0.0072 3.3889 -0.0479 4.1926 -3.3813 1.4508 -1.4338 -0.1076 1.0439
-0.1945 99.9343 0.2556 -0.3851 -2.1264 1.1958 -0.2635 -1.7256 0.0539 -0.5241 -5.9267 -0.1333 -0.0460 14.0164 -2.3769 0.4534 24.8285 3.2037 -0.6657 -3.7714 0.4133 0.4365 -8.4543 -0.3528 0.0038 0.0386 0.0192 0.6687 -10.4914 -3.8174 -0.6632 -10.5187 3.8650 -18.1794 12.8405 -10.7893 -53.3106 6.2767 -24.2524 0.0219 0.1035 -31.7474 -0.6543 -14.2433 4.2538 -15.8515 10.6218 15.6712 -60.3803 1.5524 2.5230 16.4858 12.6749 13.5710 56.6488 7.8119 26.4161 -0.0680 0.0062 37.9317 2.9569 -7.5013 -4.9918 15.4058 7.1844 -16.2701 49.7030 -3.6461 -5.4354 5.0909 -2.6757 7.6492 -0.0431 7.9951 -0.1487 -5.5913 -3.5643 0.2833 1.6630 0.2049 -1.9556 -3.3378 1.8922 -11.9986 0.0087 3.3840 -0.0447 4.2200 -3.3890 1.4619 -1.4306 -0.1229 1.0502
-0.1947 99.9308 0.2541 -0.3876 -2.1192 1.1837 -0.2745 -1.7330 0.0602 -0.5190 -5.9246 -0.1125 -0.0683 13.9968 -2.3938 0.4636 24.8077 3.2036 -0.6494 -3.7630 0.4227 0.4138 -8.4004 -0.3276 0.0053 0.0361 0.0122 0.6738 -10.4958 -3.8251 -0.6651 -10.5228 3.8585 -18.1700 12.8335 -10.7712 -53.3426 6.2882 -24.2418 0.0075 0.1002 -31.7098 -0.6261 -14.2179 4.2271 -15.8449 10.6070 15.6675 -60.3597 1.5338 2.5437 16.4965 12.6926 13.5868 56.6218 7.8935 26.5631 -0.1195 0.0038 37.9262 2.9929 -7.7116 -4.9702 15.4207 7.1941 -16.2817 49.7045 -3.6487 -5.4521 5.0887 -2.6815 7.6609 -0.0396 7.9900 -0.1425 -5.5951 -3.5544 0.2746 1.6615 0.1966 -1.9556 -3.3374 1.8958 -12.0418 0.0096 3.3446 -0.0320 4.2229 -3.3813 1.4839 -1.4267 -0.1315 1.0534
-0.1938 99.9290 0.2593 -0.3890 -2.1157 1.1758 -0.2868 -1.7293 0.0567 -0.5113 -5.9199 -0.1088 -0.0820 13.9646 -2.3874 0.4722 24.7715 3.1951 -0.6512 -3.7522 0.4207 0.3880 -8.3572 -0.3009 0.0057 0.0329 0.0095 0.6739 -10.4955 -3.8271 -0.6643 -10.5223 3.8551 -18.1505 12.8191 -10.7702 -53.3853 6.2895 -24.2223 -0.0023 0.0956 -31.6519 -0.6110 -14.2189 4.1950 -15.8351 10.5727 15.6554 -60.3235 1.4959 2.5642 16.5026 12.7005 13.6224 56.6042 7.9490 26.6456 -0.1592 0.0164 37.9003 2.9734 -7.8493 -4.9158 15.4356 7.1865 -16.2822 49.6758 -3.6641 -5.4795 5.0854 -2.6872 7.6697 -0.0390 7.9920 -0.1428 -5.6008 -3.5576 0.2808 1.6612 0.2090 -1.9544 -3.3439 1.9047 -12.0571 0.0113 3.3079 -0.0376 4.2131 -3.3669 1.5180 -1.4244 -0.1136 1.0501
-0.1745 99.9312 0.2377 -0.3936 -2.1117 1.1793 -0.2906 -1.7224 0.0485 -0.5087 -5.9146 -0.1033 -0.0905 13.9129 -2.3819 0.4776 24.7299 3.1965 -0.6680 -3.7460 0.4080 0.3540 -8.2909 -0.2690 0.0067 0.0307 0.0065 0.6732 -10.4958 -3.8286 -0.6617 -10.5223 3.8502 -18.1265 12.7953 -10.7793 -53.4344 6.2952 -24.1760 0.0032 0.1003 -31.6117 -0.6267 -14.2886 4.1793 -15.8226 10.5454 15.6464 -60.2906 1.4617 2.5726 16.4862 12.7008 13.6641 56.6084 7.9771 26.6717 -0.1556 0.0240 37.8812 2.9391 -7.8754 -4.8866 15.4511 7.1813 -16.2813 49.6788 -3.6659 -5.4947 5.0853 -2.6870 7.6872 -0.0412 7.9684 -0.1433 -5.5883 -3.5409 0.2680 1.6604 0.2417 -1.9552 -3.3440 1.9190 -12.0784 0.0111 3.2647 -0.0409 4.1955 -3.3159 1.5525 -1.4233 -0.0829 1.0429
-0.1551 99.9296 0.2426 -0.4003 -2.1075 1.1901 -0.2855 -1.7080 0.0345 -0.5093 -5.9094 -0.0916 -0.0960 13.8553 -2.3671 0.4773 24.6683 3.2124 -0.6899 -3.7371 0.4062 0.3248 -8.2119 -0.2595 0.0062 0.0296 0.0107 0.6717 -10.4961 -3.8228 -0.6609 -10.5231 3.8524 -18.1288 12.7523 -10.7974 -53.4399 6.3023 -24.0841 -0.0069 0.0892 -31.5962 -0.6833 -14.3390 4.1734 -15.7936 10.5222 15.6491 -60.2463 1.4411 2.5781 16.4736 12.6771 13.7049 56.6121 8.0419 26.6848 -0.1374 0.0255 37.8658 2.8980 -7.8161 -4.8493 15.4525 7.1862 -16.2777 49.7052 -3.6602 -5.4943 5.0904 -2.6812 7.7009 -0.0448 7.9390 -0.1478 -5.5731 -3.5263 0.2457 1.6601 0.2582 -1.9486 -3.3483 1.9381 -12.0999 0.0119 3.2169 -0.0420 4.1813 -3.2654 1.5971 -1.4237 -0.0577 1.0348
-0.1377 99.9294 0.2333 -0.4055 -2.0998 1.2164 -0.2823 -1.6918 0.0254 -0.5132 -5.9097 -0.0767 -0.0932 13.8018 -2.3594 0.4866 24.5931 3.2453 -0.7202 -3.7318 0.4175 0.3015 -8.1228 -0.2691 0.0060 0.0292 0.0130 0.6688 -10.5022 -3.8205 -0.6586 -10.5292 3.8546 -18.1391 12.6921 -10.8142 -53.4370 6.3709 -24.0725 0.0252 0.0691 -31.5824 -0.7479 -14.3639 4.1671 -15.7531 10.5391 15.6523 -60.2257 1.4595 2.5712 16.4603 12.6454 13.7304 56.6263 8.0998 26.7125 -0.1201 0.0175 37.8227 2.8625 -7.6528 -4.8148 15.4709 7.1977 -16.2799 49.7246 -3.6645 -5.4885 5.0894 -2.6738 7.6885 -0.0501 7.9050 -0.1570 -5.5506 -3.5219 0.2363 1.6595 0.2535 -1.9392 -3.3555 1.9528 -12.1322 0.0122 3.1727 -0.0533 4.1825 -3.2307 1.6407 -1.4255 -0.0338 1.0227
-0.1209 99.9230 0.2330 -0.4129 -2.1015 1.2342 -0.2769 -1.6724 0.0072 -0.5151 -5.9009 -0.0479 -0.0859 13.7527 -2.3647 0.4568 24.5067 3.2510 -0.7186 -3.7376 0.4585 0.2721 -8.0289 -0.2614 0.0047 0.0258 0.0233 0.6668 -10.5082 -3.8116 -0.6589 -10.5374 3.8662 -18.1479 12.6791 -10.8213 -53.4137 6.3497 -24.0586 0.0281 0.0563 -31.5649 -0.7720 -14.3104 4.1663 -15.7354 10.5608 15.6550 -60.2447 1.4774 2.5471 16.4392 12.6151 13.7509 56.6328 8.1475 26.7885 -0.1293 0.0237 37.7689 2.8421 -7.5029 -4.7728 15.4775 7.2146 -16.2846 49.7466 -3.6574 -5.4810 5.0923 -2.6542 7.6837 -0.0517 7.8664 -0.1626 -5.5308 -3.5016 0.2260 1.6612 0.2162 -1.9296 -3.3611 1.9736 -12.1456 0.0130 3.1301 -0.0560 4.1908 -3.1859 1.6649 -1.4277 -0.0534 1.0193
-0.1136 99.9385 0.2296 -0.4133 -2.1062 1.2336 -0.2754 -1.6549 0.0206 -0.5218 -5.8918 -0.0483 -0.0818 13.7141 -2.3685 0.4293 24.4221 3.2530 -0.7060 -3.7391 0.5211 0.2499 -7.9131 -0.2659 0.0043 0.0258 0.0270 0.6664 -10.5078 -3.8091 -0.6594 -10.5381 3.8716 -18.1485 12.7026 -10.8266 -53.3829 6.2885 -24.0216 0.0142 0.0484 -31.5931 -0.7423 -14.2510 4.1726 -15.7260 10.5939 15.6463 -60.2631 1.5041 2.5083 16.4103 12.5960 13.7819 56.6485 8.1689 26.8608 -0.1426 0.0261 37.7284 2.8223 -7.4445 -4.7392 15.4797 7.2180 -16.2921 49.7540 -3.6567 -5.4891 5.0856 -2.6250 7.7053 -0.0519 7.8217 -0.1704 -5.5267 -3.4715 0.2111 1.6636 0.1874 -1.9220 -3.3644 1.9908 -12.1570 0.0096 3.0899 -0.0536 4.1899 -3.1554 1.6820 -1.4301 -0.0791 1.0242
-0.1109 99.9442 0.2193 -0.4106 -2.1081 1.2383 -0.2787 -1.6521 0.0236 -0.5249 -5.8730 -0.0427 -0.0775 13.6757 -2.3695 0.3900 24.3179 3.2338 -0.6872 -3.7416 0.5843 0.2381 -7.7778 -0.2603 0.0037 0.0274 0.0296 0.6669 -10.5052 -3.8093 -0.6613 -10.5371 3.8778 -18.1460 12.7111 -10.8287 -53.3680 6.2267 -23.9618 -0.0030 0.0563 -31.6349 -0.7191 -14.2038 4.1726 -15.7520 10.5978 15.6465 -60.2580 1.5017 2.4927 16.3764 12.5619 13.7779 56.6907 8.1924 26.9279 -0.1738 0.0440 37.7118 2.8162 -7.4724 -4.7388 15.4752 7.2170 -16.3015 49.7543 -3.6622 -5.4799 5.0728 -2.6064 7.7228 -0.0488 7.7826 -0.1716 -5.5290 -3.4376 0.2079 1.6647 0.1634 -1.9251 -3.3778 2.0106 -12.1680 0.0088 3.0437 -0.0414 4.1789 -3.1307 1.6681 -1.4322 -0.1092 1.0345
-0.0989 99.9571 0.2154 -0.4050 -2.1096 1.2601 -0.2816 -1.6484 0.0440 -0.5287 -5.8624 -0.0505 -0.0760 13.6434 -2.3708 0.3639 24.2415 3.2198 -0.6727 -3.7461 0.6087 0.2489 -7.6656 -0.2698 0.0041 0.0300 0.0251 0.6697 -10.5070 -3.8150 -0.6633 -10.5381 3.8745 -18.1209 12.7155 -10.8492 -53.3656 6.1301 -23.8441 -0.0485 0.0622 -31.7146 -0.6786 -14.1307 4.1652 -15.7846 10.6099 15.6420 -60.2946 1.5067 2.4811 16.3284 12.5340 13.7545 56.7357 8.1696 26.9409 -0.1599 0.0348 37.7535 2.7953 -7.5059 -4.7896 15.4771 7.2117 -16.3021 49.7490 -3.6619 -5.4660 5.0538 -2.5974 7.7095 -0.0469 7.7690 -0.1731 -5.5250 -3.4249 0.2318 1.6644 0.1434 -1.9338 -3.3911 2.0256 -12.1786 0.0087 3.0071 -0.0309 4.1690 -3.1198 1.6471 -1.4329 -0.1259 1.0413
-0.0806 99.9728 0.1976 -0.4022 -2.1039 1.2593 -0.2782 -1.6474 0.0628 -0.5295 -5.8565 -0.0620 -0.0820 13.6200 -2.3692 0.3410 24.1634 3.2371 -0.6533 -3.7472 0.5923 0.2626 -7.5925 -0.2627 0.0043 0.0315 0.0206 0.6712 -10.5091 -3.8192 -0.6645 -10.5392 3.8700 -18.0904 12.7070 -10.8609 -53.3820 6.0544 -23.7357 -0.0817 0.0604 -31.8046 -0.6750 -14.1144 4.1564 -15.8090 10.5993 15.6421 -60.3005 1.4932 2.4805 16.2770 12.5118 13.7467 56.7742 8.1148 26.9251 -0.1357 0.0221 37.7994 2.7855 -7.4719 -4.8120 15.4745 7.2089 -16.2951 49.7333 -3.6464 -5.4660 5.0371 -2.6045 7.7176 -0.0461 7.7635 -0.1763 -5.5215 -3.4151 0.2496 1.6630 0.1319 -1.9482 -3.3957 2.0278 -12.1649 0.0078 2.9725 -0.0353 4.1553 -3.1006 1.6201 -1.4327 -0.1435 1.0422
-0.0654 99.9711 0.1902 -0.4032 -2.0984 1.2626 -0.2779 -1.6482 0.0657 -0.5218 -5.8500 -0.0611 -0.0859 13.5904 -2.3598 0.3319 24.1019 3.2341 -0.6441 -3.7448 0.5816 0.2596 -7.5556 -0.2295 0.0038 0.0308 0.0213 0.6721 -10.5010 -3.8167 -0.6666 -10.5319 3.8698 -18.0763 12.6931 -10.8789 -53.3952 5.9961 -23.6697 -0.1023 0.0697 -31.8306 -0.6993 -14.1803 4.1353 -15.8089 10.5887 15.6373 -60.2964 1.4729 2.4880 16.2403 12.5003 13.7397 56.8002 8.0307 26.8761 -0.0923 0.0167 37.8425 2.7736 -7.3909 -4.8198 15.4348 7.2050 -16.2865 49.7018 -3.6412 -5.4609 5.0245 -2.6038 7.7045 -0.0419 7.7423 -0.1651 -5.5170 -3.4061 0.2683 1.6609 0.1309 -1.9589 -3.3993 2.0285 -12.1539 0.0103 2.9317 -0.0366 4.1590 -3.0769 1.6082 -1.4333 -0.1592 1.0418
-0.0356 99.9644 0.1672 -0.4035 -2.0960 1.2483 -0.2818 -1.6457 0.0682 -0.5140 -5.8575 -0.0764 -0.0821 13.5781 -2.3391 0.3372 24.0570 3.2421 -0.6450 -3.7387 0.5618 0.2342 -7.5217 -0.1993 0.0032 0.0306 0.0222 0.6701 -10.5006 -3.8127 -0.6661 -10.5308 3.8683 -18.0530 12.6817 -10.8923 -53.4153 6.0048 -23.6733 -0.0866 0.0772 -31.8625 -0.7135 -14.3312 4.1095 -15.7928 10.5843 15.6340 -60.3002 1.4553 2.4964 16.1903 12.4747 13.7394 56.8250 7.9479 26.8030 -0.0358 0.0063 37.8944 2.7750 -7.2980 -4.8460 15.4181 7.1874 -16.2679 49.6720 -3.6459 -5.4540 5.0101 -2.5897 7.6691 -0.0390 7.7155 -0.1571 -5.4981 -3.4030 0.3045 1.6581 0.1435 -1.9633 -3.4032 2.0214 -12.1515 0.0104 2.9153 -0.0446 4.1658 -3.0614 1.6327 -1.4319 -0.1645 1.0427
-0.0255 99.9650 0.1706 -0.4050 -2.0917 1.2398 -0.2889 -1.6407 0.0566 -0.5079 -5.8559 -0.0691 -0.0789 13.5493 -2.3416 0.3308 24.0160 3.2450 -0.6470 -3.7348 0.5605 0.2160 -7.4706 -0.1708 0.0030 0.0266 0.0262 0.6708 -10.4986 -3.8086 -0.6671 -10.5271 3.8722 -18.0277 12.6598 -10.8979 -53.4280 6.0584 -23.7297 -0.0710 0.0850 -31.8461 -0.7340 -14.4366 4.0764 -15.7736 10.5777 15.6287 -60.2785 1.4377 2.5167 16.1610 12.4498 13.7427 56.8427 7.9057 26.7893 -0.0151 0.0160 37.9200 2.7675 -7.2000 -4.8621 15.4165 7.1947 -16.2705 49.6893 -3.6422 -5.4520 4.9998 -2.5767 7.6250 -0.0373 7.6747 -0.1522 -5.4804 -3.3896 0.3372 1.6560 0.1557 -1.9588 -3.4112 2.0170 -12.1572 0.0137 2.8988 -0.0476 4.1698 -3.0462 1.6487 -1.4316 -0.1671 1.0451
-0.0193 99.9584 0.1527 -0.4026 -2.0867 1.2488 -0.2944 -1.6356 0.0436 -0.5071 -5.8449 -0.0736 -0.0757 13.5206 -2.3373 0.3163 23.9570 3.2559 -0.6411 -3.7294 0.5456 0.2153 -7.3895 -0.1563 0.0039 0.0247 0.0273 0.6720 -10.4971 -3.8054 -0.6663 -10.5238 3.8712 -17.9856 12.6606 -10.9170 -53.4346 6.0991 -23.8188 -0.0705 0.0752 -31.8076 -0.7563 -14.4739 4.0733 -15.7590 10.5774 15.6259 -60.2560 1.4260 2.5352 16.1201 12.4460 13.7550 56.8658 7.8393 26.7797 -0.0006 0.0140 37.9383 2.7581 -7.0086 -4.8432 15.4374 7.1890 -16.2624 49.7020 -3.6309 -5.4556 4.9840 -2.5783 7.6076 -0.0340 7.6494 -0.1484 -5.4792 -3.3684 0.3482 1.6548 0.1517 -1.9570 -3.4163 1.9974 -12.1288 0.0180 2.9019 -0.0522 4.1772 -3.0354 1.6162 -1.4298 -0.1601 1.0462
-0.0028 99.9548 0.1384 -0.4020 -2.0928 1.2256 -0.3039 -1.6199 0.0278 -0.5091 -5.8321 -0.0750 -0.0741 13.4878 -2.3520 0.3083 23.9005 3.2555 -0.6405 -3.7268 0.5582 0.2188 -7.3044 -0.1311 0.0055 0.0223 0.0261 0.6733 -10.4883 -3.8055 -0.6644 -10.5148 3.8680 -17.9408 12.6843 -10.9414 -53.4262 6.1620 -23.9463 -0.0356 0.0760 -31.7757 -0.8030 -14.4751 4.1198 -15.7412 10.5721 15.6181 -60.2547 1.4136 2.5440 16.0726 12.4310 13.7734 56.9093 7.7821 26.7855 -0.0176 0.0291 37.9577 2.7803 -6.9140 -4.8661 15.4579 7.1881 -16.2750 49.7096 -3.6261 -5.4682 4.9786 -2.5771 7.6008 -0.0347 7.6358 -0.1422 -5.4805 -3.3684 0.3359 1.6557 0.1499 -1.9544 -3.4190 1.9771 -12.0850 0.0183 2.9178 -0.0489 4.1942 -3.0282 1.5673 -1.4284 -0.1574 1.0482
-0.0013 99.9543 0.1089 -0.4066 -2.1066 1.2011 -0.3083 -1.5993 0.0219 -0.5150 -5.8282 -0.0761 -0.0737 13.4648 -2.3671 0.3092 23.8544 3.2456 -0.6424 -3.7272 0.5789 0.2218 -7.2097 -0.0938 0.0068 0.0210 0.0220 0.6730 -10.4851 -3.8097 -0.6612 -10.5117 3.8628 -17.9106 12.7295 -10.9941 -53.3790 6.2144 -24.0536 0.0013 0.0786 -31.7251 -0.8696 -14.4355 4.1863 -15.7192 10.5616 15.6266 -60.2063 1.3969 2.5480 16.0443 12.4056 13.7981 56.9559 7.7568 26.7878 -0.0718 0.0510 37.9397 2.8383 -6.9353 -4.9105 15.4722 7.1784 -16.2723 49.7273 -3.6329 -5.4689 4.9834 -2.5771 7.6260 -0.0347 7.6432 -0.1395 -5.4641 -3.3902 0.3028 1.6574 0.1362 -1.9522 -3.4113 1.9559 -12.0236 0.0137 2.9582 -0.0549 4.2077 -3.0343 1.5158 -1.4269 -0.1683 1.0423
-0.0030 99.9472 0.0849 -0.4149 -2.1197 1.1837 -0.3097 -1.5704 0.0282 -0.5214 -5.8281 -0.0949 -0.0702 13.4397 -2.3772 0.3102 23.8387 3.2289 -0.6460 -3.7354 0.6281 0.2176 -7.1280 -0.0646 0.0090 0.0204 0.0159 0.6751 -10.4913 -3.8176 -0.6586 -10.5200 3.8571 -17.8532 12.7477 -11.0417 -53.3523 6.2314 -24.1093 0.0051 0.0756 -31.6533 -0.9168 -14.3545 4.2271 -15.7044 10.5814 15.6500 -60.1844 1.4092 2.5426 16.0030 12.3813 13.8192 56.9926 7.7147 26.7623 -0.0968 0.0622 37.9260 2.8758 -7.0232 -4.9812 15.5038 7.1746 -16.2792 49.7644 -3.6421 -5.4757 4.9915 -2.5842 7.6362 -0.0405 7.6634 -0.1455 -5.4351 -3.4361 0.3102 1.6570 0.1452 -1.9426 -3.4019 1.9381 -11.9872 0.0111 2.9902 -0.0583 4.2210 -3.0351 1.5047 -1.4262 -0.1639 1.0352
0.0093 99.9476 0.0597 -0.4221 -2.1252 1.1583 -0.3097 -1.5472 0.0369 -0.5250 -5.8285 -0.1186 -0.0598 13.4167 -2.3730 0.2986 23.8078 3.2177 -0.6499 -3.7360 0.6718 0.2241 -7.0475 -0.0585 0.0105 0.0217 0.0116 0.6789 -10.4965 -3.8242 -0.6594 -10.5279 3.8547 -17.8195 12.7284 -11.0936 -53.3288 6.2718 -24.1432 0.0173 0.0685 -31.5707 -0.9402 -14.3275 4.2398 -15.7015 10.6024 15.6527 -60.2005 1.4345 2.5397 15.9645 12.3473 13.8347 57.0311 7.6512 26.6666 -0.0807 0.0624 37.8939 2.8723 -7.0622 -5.0196 15.5093 7.1823 -16.2880 49.7901 -3.6607 -5.4711 4.9974 -2.5926 7.6384 -0.0464 7.6594 -0.1465 -5.4115 -3.4593 0.3380 1.6573 0.1643 -1.9280 -3.3925 1.9060 -11.9730 0.0120 3.0270 -0.0639 4.2075 -3.0225 1.5366 -1.4282 -0.1519 1.0341
0.0046 99.9450 0.0274 -0.4265 -2.1072 1.1468 -0.3114 -1.5477 0.0137 -0.5317 -5.8147 -0.1032 -0.0386 13.3814 -2.3711 0.2779 23.7732 3.2345 -0.6471 -3.7347 0.6716 0.2355 -6.9777 -0.0509 0.0136 0.0237 0.0004 0.6844 -10.4918 -3.8378 -0.6586 -10.5256 3.8441 -17.7929 12.6800 -11.1152 -53.3124 6.3163 -24.1700 0.0079 0.0686 -31.5245 -0.9230 -14.3943 4.2517 -15.7124 10.6333 15.6474 -60.2138 1.4684 2.5228 15.9165 12.3350 13.8330 57.0753 7.5521 26.5362 -0.0620 0.0581 37.8665 2.8446 -6.9887 -5.0344 15.5046 7.1825 -16.2900 49.8027 -3.6674 -5.4789 4.9946 -2.6101 7.6374 -0.0452 7.6221 -0.1436 -5.3976 -3.4454 0.3659 1.6588 0.1515 -1.9173 -3.3801 1.8598 -11.9754 0.0104 3.0357 -0.0630 4.1635 -3.0070 1.5516 -1.4303 -0.1574 1.0362
0.0014 99.9547 0.0004 -0.4271 -2.0900 1.1305 -0.3140 -1.5464 0.0333 -0.5392 -5.8126 -0.1195 -0.0162 13.3616 -2.3559 0.2466 23.7124 3.2499 -0.6400 -3.7248 0.6479 0.2558 -6.9185 -0.0482 0.0157 0.0248 -0.0063 0.6877 -10.4903 -3.8447 -0.6578 -10.5225 3.8383 -17.7620 12.6505 -11.1281 -53.2839 6.3584 -24.2048 0.0015 0.0702 -31.5527 -0.9011 -14.5084 4.2777 -15.7453 10.6378 15.6415 -60.2265 1.4821 2.5166 15.8668 12.3260 13.8304 57.1053 7.4906 26.4050 -0.0073 0.0278 37.8482 2.7638 -6.8160 -5.0229 15.5102 7.2016 -16.3051 49.8329 -3.6437 -5.4754 4.9895 -2.6516 7.6576 -0.0498 7.6361 -0.1507 -5.3966 -3.4147 0.3827 1.6597 0.1409 -1.9167 -3.3734 1.8101 -11.9712 0.0035 3.0554 -0.0655 4.1304 -2.9954 1.5606 -1.4332 -0.1733 1.0432
-0.0101 99.9599 -0.0406 -0.4314 -2.0774 1.1316 -0.3122 -1.5416 0.0362 -0.5423 -5.7990 -0.1099 0.0000 13.3347 -2.3550 0.2005 23.6398 3.2504 -0.6246 -3.7208 0.6270 0.2856 -6.8671 -0.0439 0.0161 0.0250 -0.0055 0.6864 -10.4849 -3.8434 -0.6557 -10.5140 3.8382 -17.7153 12.6431 -11.1342 -53.2539 6.3623 -24.2125 -0.0264 0.0790 -31.6253 -0.8913 -14.6066 4.3007 -15.7687 10.6353 15.6421 -60.2424 1.4798 2.5120 15.8067 12.3029 13.8301 57.1514 7.4758 26.3007 0.0292 0.0041 37.8552 2.7051 -6.6553 -5.0207 15.5024 7.2149 -16.3225 49.8493 -3.6276 -5.4768 4.9896 -2.6907 7.6899 -0.0480 7.6432 -0.1493 -5.4111 -3.3737 0.3603 1.6606 0.1250 -1.9269 -3.3636 1.7757 -11.9587 0.0038 3.0542 -0.0617 4.1359 -2.9717 1.5272 -1.4349 -0.2104 1.0455
-0.0066 99.9640 -0.0743 -0.4398 -2.0748 1.1243 -0.3061 -1.5272 0.0273 -0.5412 -5.7802 -0.0922 0.0176 13.3023 -2.3597 0.1643 23.5671 3.2646 -0.6068 -3.7176 0.6213 0.3167 -6.8180 -0.0430 0.0157 0.0243 -0.0008 0.6850 -10.4776 -3.8359 -0.6553 -10.5022 3.8406 -17.6580 12.6585 -11.1350 -53.2367 6.3768 -24.2874 -0.0338 0.0834 -31.7128 -0.8904 -14.7402 4.3443 -15.7772 10.6161 15.6422 -60.2508 1.4716 2.5347 15.7399 12.2548 13.8322 57.1971 7.5011 26.2176 0.0748 -0.0082 37.8668 2.6494 -6.5659 -5.0312 15.4906 7.2028 -16.3027 49.8256 -3.6150 -5.4698 4.9960 -2.7162 7.7364 -0.0438 7.6426 -0.1481 -5.4178 -3.3463 0.2976 1.6620 0.1089 -1.9315 -3.3484 1.7582 -11.9484 0.0071 3.0408 -0.0567 4.1534 -2.9531 1.4899 -1.4362 -0.2324 1.0460
-0.0005 99.9603 -0.1127 -0.4480 -2.0772 1.1220 -0.2964 -1.5119 0.0252 -0.5401 -5.7700 -0.0789 0.0300 13.2715 -2.3624 0.1403 23.5198 3.2828 -0.5909 -3.7170 0.6151 0.3535 -6.7768 -0.0384 0.0142 0.0227 0.0066 0.6844 -10.4692 -3.8256 -0.6577 -10.4899 3.8459 -17.6071 12.6538 -11.1376 -53.2498 6.4167 -24.3511 -0.0165 0.1003 -31.7850 -0.8800 -14.8761 4.3654 -15.7654 10.6111 15.6476 -60.2699 1.4709 2.5373 15.6711 12.2336 13.8426 57.2589 7.5408 26.2106 0.0644 0.0037 37.8390 2.6274 -6.5707 -5.0445 15.4858 7.2051 -16.2974 49.8008 -3.6083 -5.4651 5.0011 -2.7230 7.7699 -0.0381 7.6289 -0.1448 -5.4378 -3.3283 0.2590 1.6624 0.0975 -1.9450 -3.3343 1.7495 -11.9225 0.0074 3.0241 -0.0602 4.1595 -2.9346 1.4534 -1.4360 -0.2440 1.0392
0.0026 99.9537 -0.1585 -0.4564 -2.0810 1.1157 -0.2806 -1.4855 0.0289 -0.5393 -5.7647 -0.0640 0.0318 13.2305 -2.3810 0.1266 23.4715 3.2986 -0.5978 -3.7132 0.6225 0.3846 -6.7394 -0.0341 0.0128 0.0208 0.0133 0.6839 -10.4660 -3.8185 -0.6598 -10.4842 3.8526 -17.5572 12.6329 -11.1340 -53.2712 6.4640 -24.4052 -0.0045 0.1160 -31.8513 -0.8913 -14.9671 4.3902 -15.7441 10.5963 15.6409 -60.2636 1.4709 2.5375 15.6128 12.2218 13.8452 57.2966 7.5691 26.2264 0.0595 0.0191 37.8049 2.6227 -6.5825 -5.0753 15.4962 7.2080 -16.2971 49.8168 -3.6031 -5.4670 5.0061 -2.7390 7.7995 -0.0387 7.6320 -0.1439 -5.4461 -3.3281 0.2295 1.6618 0.1023 -1.9545 -3.3275 1.7358 -11.9275 0.0070 3.0291 -0.0692 4.1700 -2.9141 1.4731 -1.4346 -0.2230 1.0321
0.0073 99.9578 -0.1868 -0.4670 -2.0824 1.1098 -0.2656 -1.4624 0.0356 -0.5394 -5.7623 -0.0628 0.0354 13.1851 -2.3993 0.1201 23.4162 3.3074 -0.6130 -3.7126 0.6521 0.3837 -6.6771 0.0016 0.0124 0.0184 0.0143 0.6858 -10.4697 -3.8187 -0.6624 -10.4870 3.8544 -17.5129 12.6142 -11.1337 -53.3039 6.5072 -24.4555 0.0147 0.1332 -31.8904 -0.9128 -14.9993 4.3980 -15.7298 10.5790 15.6421 -60.2622 1.4626 2.5483 15.5716 12.2147 13.8507 57.3179 7.5973 26.2307 0.0350 0.0236 37.7586 2.6507 -6.5991 -5.1256 15.4956 7.2070 -16.3029 49.8211 -3.6169 -5.4792 5.0179 -2.7576 7.8306 -0.0394 7.6445 -0.1376 -5.4401 -3.3433 0.1995 1.6588 0.1332 -1.9541 -3.3165 1.7331 -11.9224 0.0040 3.0167 -0.0723 4.1921 -2.8860 1.4904 -1.4315 -0.1867 1.0279
0.0072 99.9581 -0.1955 -0.4767 -2.0738 1.0976 -0.2501 -1.4435 0.0308 -0.5359 -5.7597 -0.0728 0.0355 13.1349 -2.3889 0.1131 23.3333 3.2904 -0.6110 -3.7143 0.6961 0.3751 -6.6004 0.0742 0.0151 0.0152 0.0054 0.6903 -10.4733 -3.8299 -0.6615 -10.4930 3.8472 -17.4968 12.5999 -11.1542 -53.3273 6.5341 -24.4411 0.0282 0.1405 -31.9032 -0.9259 -14.9424 4.3885 -15.7279 10.5713 15.6298 -60.2676 1.4378 2.5301 15.5553 12.2198 13.8730 57.3322 7.6134 26.1783 -0.0004 0.0351 37.7202 2.6557 -6.6085 -5.1256 15.4987 7.2011 -16.2989 49.8077 -3.6340 -5.4740 5.0279 -2.7875 7.8757 -0.0408 7.6667 -0.1343 -5.4372 -3.3684 0.1648 1.6598 0.1417 -1.9445 -3.3049 1.7154 -11.9078 0.0049 3.0062 -0.0788 4.2031 -2.8377 1.5230 -1.4305 -0.1698 1.0285
0.0190 99.9590 -0.2287 -0.4815 -2.0655 1.0830 -0.2433 -1.4278 0.0174 -0.5284 -5.7469 -0.0868 0.0280 13.0839 -2.3594 0.0914 23.2269 3.2557 -0.6024 -3.7143 0.7594 0.3771 -6.5035 0.1332 0.0158 0.0141 -0.0006 0.6945 -10.4817 -3.8368 -0.6640 -10.5022 3.8413 -17.4752 12.5808 -11.1794 -53.3712 6.5792 -24.4072 0.0546 0.1428 -31.9392 -0.9569 -14.8371 4.3924 -15.7111 10.5701 15.6275 -60.2532 1.4270 2.5311 15.5466 12.2222 13.8917 57.3506 7.6036 26.0923 -0.0255 0.0422 37.6928 2.6684 -6.6137 -5.1323 15.4987 7.1912 -16.2919 49.7923 -3.6499 -5.4797 5.0366 -2.7981 7.9117 -0.0447 7.6496 -0.1314 -5.4336 -3.3636 0.1678 1.6593 0.1683 -1.9342 -3.2934 1.7036 -11.8867 0.0001 2.9831 -0.0765 4.2061 -2.7934 1.5402 -1.4289 -0.1343 1.0231
0.0092 99.9663 -0.2419 -0.4876 -2.0542 1.0598 -0.2365 -1.4150 0.0010 -0.5242 -5.7456 -0.0890 0.0228 13.0513 -2.3546 0.0558 23.1126 3.2463 -0.5824 -3.7139 0.8083 0.3848 -6.4093 0.1587 0.0173 0.0139 -0.0084 0.6945 -10.4875 -3.8448 -0.6608 -10.5059 3.8325 -17.4634 12.5654 -11.2000 -53.4111 6.5896 -24.3240 0.0387 0.1202 -31.9726 -0.9510 -14.6972 4.4129 -15.6887 10.5763 15.6373 -60.2574 1.4314 2.5471 15.5480 12.2103 13.9134 57.3617 7.5997 25.9901 -0.0277 0.0295 37.6921 2.6689 -6.6145 -5.1431 15.5042 7.1851 -16.2806 49.7771 -3.6660 -5.4798 5.0436 -2.8120 7.9265 -0.0474 7.6292 -0.1355 -5.4412 -3.3530 0.1794 1.6595 0.1795 -1.9237 -3.2828 1.6921 -11.8628 -0.0018 2.9602 -0.0732 4.2230 -2.7558 1.5452 -1.4293 -0.1274 1.0136
0.0242 99.9764 -0.2540 -0.4940 -2.0421 1.0385 -0.2282 -1.4064 -0.0013 -0.5263 -5.7384 -0.0923 0.0212 13.0172 -2.3540 0.0082 23.0279 3.2357 -0.5624 -3.7132 0.8592 0.3904 -6.3481 0.1674 0.0160 0.0125 -0.0024 0.6905 -10.4813 -3.8373 -0.6591 -10.5007 3.8367 -17.4648 12.5598 -11.2222 -53.4392 6.5533 -24.2370 -0.0064 0.0929 -31.9544 -0.9252 -14.5361 4.4332 -15.6713 10.5869 15.6348 -60.2468 1.4499 2.5609 15.5554 12.1861 13.9247 57.3589 7.6250 25.9060 0.0034 0.0157 37.7179 2.6609 -6.6287 -5.1581 15.4939 7.1729 -16.2711 49.7661 -3.6849 -5.4969 5.0511 -2.8322 7.9575 -0.0491 7.6177 -0.1470 -5.4504 -3.3614 0.1905 1.6606 0.1695 -1.9137 -3.2699 1.6857 -11.8243 0.0012 2.9321 -0.0725 4.2422 -2.7410 1.5566 -1.4305 -0.1288 1.0111
0.0249 99.9766 -0.2467 -0.5003 -2.0301 1.0380 -0.2246 -1.3969 -0.0069 -0.5262 -5.7292 -0.0959 0.0207 12.9886 -2.3508 -0.0259 22.9504 3.2596 -0.5591 -3.7116 0.8862 0.4376 -6.3326 0.1358 0.0157 0.0106 -0.0016 0.6912 -10.4810 -3.8368 -0.6604 -10.5013 3.8378 -17.4718 12.5480 -11.2262 -53.4647 6.5408 -24.2023 -0.0365 0.0697 -31.9312 -0.8979 -14.4513 4.4468 -15.6765 10.5942 15.6409 -60.2251 1.4708 2.5618 15.5263 12.1773 13.9368 57.3958 7.6341 25.8460 0.0229 0.0173 37.7491 2.6675 -6.6401 -5.1665 15.4892 7.1708 -16.2657 49.7685 -3.6878 -5.4899 5.0584 -2.8588 7.9771 -0.0502 7.6301 -0.1514 -5.4602 -3.3830 0.1760 1.6618 0.1609 -1.9101 -3.2587 1.6822 -11.7962 0.0033 2.9001 -0.0711 4.2548 -2.7419 1.5398 -1.4324 -0.1217 1.0168
0.0493 99.9787 -0.2548 -0.5046 -2.0227 1.0191 -0.2229 -1.3911 -0.0117 -0.5258 -5.7244 -0.0979 0.0194 12.9799 -2.3349 -0.0420 22.8710 3.2721 -0.5597 -3.7116 0.8937 0.4517 -6.3523 0.1323 0.0169 0.0083 -0.0043 0.6948 -10.4787 -3.8411 -0.6614 -10.5003 3.8359 -17.4795 12.5511 -11.2290 -53.5005 6.5258 -24.2071 -0.0291 0.0720 -31.9069 -0.8845 -14.4492 4.4606 -15.6990 10.5984 15.6323 -60.2370 1.4923 2.5382 15.4958 12.1808 13.9334 57.4390 7.6505 25.8323 0.0052 0.0291 37.7845 2.6870 -6.6458 -5.1718 15.4913 7.1793 -16.2676 49.8039 -3.6698 -5.4799 5.0606 -2.8672 7.9683 -0.0488 7.6280 -0.1490 -5.4591 -3.3965 0.1962 1.6625 0.1580 -1.9135 -3.2506 1.6807 -11.7493 0.0047 2.8776 -0.0721 4.2632 -2.7297 1.5099 -1.4353 -0.1290 1.0257
0.0492 99.9754 -0.2412 -0.5074 -2.0217 1.0005 -0.2225 -1.3890 -0.0051 -0.5213 -5.7190 -0.0974 0.0089 12.9916 -2.3386 -0.0529 22.8030 3.2968 -0.5689 -3.7172 0.8772 0.4564 -6.3909 0.1281 0.0182 0.0088 -0.0093 0.6962 -10.4745 -3.8459 -0.6600 -10.4968 3.8297 -17.4921 12.5468 -11.2335 -53.5398 6.5414 -24.2512 -0.0030 0.0840 -31.8832 -0.8728 -14.5211 4.4642 -15.7316 10.6045 15.6206 -60.2639 1.5160 2.5160 15.4608 12.1732 13.9242 57.4948 7.6530 25.8121 -0.0141 0.0379 37.8162 2.7184 -6.6826 -5.1884 15.5003 7.1892 -16.2914 49.8336 -3.6620 -5.4865 5.0597 -2.8596 7.9302 -0.0471 7.6205 -0.1378 -5.4530 -3.3829 0.2338 1.6627 0.1539 -1.9190 -3.2433 1.6756 -11.7075 0.0040 2.8742 -0.0764 4.2629 -2.7103 1.4708 -1.4376 -0.1304 1.0327
0.0485 99.9740 -0.2436 -0.5120 -2.0273 0.9649 -0.2155 -1.3826 0.0086 -0.5175 -5.7216 -0.0919 -0.0082 13.0336 -2.3371 -0.0642 22.7531 3.3404 -0.5769 -3.7255 0.8252 0.4336 -6.4482 0.1468 0.0188 0.0106 -0.0114 0.6968 -10.4749 -3.8472 -0.6595 -10.4975 3.8266 -17.5118 12.5447 -11.2262 -53.5593 6.5316 -24.2922 0.0033 0.0907 -31.8582 -0.8699 -14.5931 4.4713 -15.7905 10.5994 15.5975 -60.3168 1.5265 2.4790 15.4398 12.1893 13.9128 57.5102 7.6313 25.7559 -0.0008 0.0302 37.8877 2.7169 -6.7213 -5.2052 15.4906 7.2006 -16.3020 49.8344 -3.6473 -5.4750 5.0625 -2.8601 7.9028 -0.0469 7.6352 -0.1301 -5.4561 -3.3637 0.2805 1.6632 0.1530 -1.9311 -3.2328 1.6657 -11.6593 -0.0020 2.8970 -0.0877 4.2767 -2.7125 1.4494 -1.4383 -0.1396 1.0335
0.0492 99.9767 -0.2587 -0.5133 -2.0335 0.9250 -0.2086 -1.3711 0.0367 -0.5119 -5.7333 -0.1060 -0.0192 13.0806 -2.3102 -0.0766 22.7313 3.3852 -0.5780 -3.7226 0.7757 0.4079 -6.5122 0.1315 0.0176 0.0140 -0.0095 0.6961 -10.4738 -3.8426 -0.6618 -10.4968 3.8280 -17.5455 12.5286 -11.2141 -53.5775 6.5265 -24.3330 0.0130 0.1007 -31.8292 -0.8956 -14.7156 4.4991 -15.8477 10.5856 15.5801 -60.3792 1.5284 2.4761 15.4305 12.2066 13.9019 57.5149 7.6030 25.6721 0.0235 0.0066 37.9593 2.6883 -6.7206 -5.1866 15.4749 7.2113 -16.3056 49.8197 -3.6395 -5.4698 5.0662 -2.8725 7.8931 -0.0484 7.6775 -0.1318 -5.4611 -3.3545 0.3277 1.6625 0.1566 -1.9447 -3.2318 1.6399 -11.6467 -0.0044 2.9468 -0.0946 4.2977 -2.7293 1.4734 -1.4398 -0.1481 1.0313
0.0184 99.9757 -0.2649 -0.5141 -2.0433 0.9112 -0.2076 -1.3752 0.0323 -0.5029 -5.7305 -0.0883 -0.0224 13.1222 -2.2968 -0.1024 22.7538 3.4116 -0.5755 -3.7294 0.7154 0.3942 -6.6053 0.1166 0.0137 0.0187 0.0001 0.6927 -10.4752 -3.8311 -0.6663 -10.4969 3.8364 -17.5801 12.5213 -11.1846 -53.5746 6.4544 -24.3400 -0.0338 0.1101 -31.7565 -0.9257 -14.8060 4.4998 -15.8813 10.5856 15.5865 -60.4032 1.5254 2.4979 15.4008 12.2466 13.8917 57.5415 7.5620 25.6619 -0.0038 -0.0165 38.0164 2.6881 -6.6988 -5.1763 15.4781 7.2056 -16.3055 49.8086 -3.6422 -5.4662 5.0648 -2.8763 7.8757 -0.0426 7.7003 -0.1222 -5.4607 -3.3333 0.3596 1.6602 0.1372 -1.9544 -3.2253 1.6254 -11.6624 -0.0010 2.9776 -0.0802 4.3030 -2.7415 1.4914 -1.4374 -0.1525 1.0220
0.0181 99.9782 -0.2644 -0.5115 -2.0352 0.8971 -0.2119 -1.3909 0.0331 -0.4924 -5.7301 -0.0650 -0.0313 13.1446 -2.3006 -0.1426 22.7857 3.4230 -0.5721 -3.7305 0.6912 0.3901 -6.6970 0.0846 0.0104 0.0221 0.0110 0.6874 -10.4733 -3.8189 -0.6678 -10.4935 3.8476 -17.6291 12.5181 -11.1613 -53.5539 6.4248 -24.3500 -0.0650 0.1182 -31.6794 -0.9644 -14.8117 4.5064 -15.8607 10.5888 15.5994 -60.3940 1.5228 2.5333 15.3777 12.2485 13.8796 57.5768 7.5566 25.6814 -0.0125 -0.0140 38.0454 2.6875 -6.6650 -5.1602 15.4676 7.2005 -16.3077 49.8133 -3.6299 -5.4740 5.0584 -2.8811 7.8870 -0.0334 7.6859 -0.1166 -5.4553 -3.3001 0.3716 1.6562 0.1125 -1.9690 -3.2249 1.6023 -11.6567 0.0056 2.9909 -0.0727 4.3137 -2.7374 1.5045 -1.4350 -0.1554 1.0203
0.0151 99.9789 -0.2624 -0.5014 -2.0210 0.8800 -0.2178 -1.3948 0.0333 -0.4834 -5.7458 -0.0538 -0.0506 13.1635 -2.3031 -0.1695 22.8071 3.4249 -0.5795 -3.7213 0.6897 0.3845 -6.7445 0.0383 0.0071 0.0243 0.0211 0.6839 -10.4830 -3.8085 -0.6707 -10.4999 3.8585 -17.6652 12.5592 -11.1593 -53.5226 6.3945 -24.3743 -0.0778 0.1040 -31.6401 -0.9595 -14.6985 4.5056 -15.8478 10.5855 15.6018 -60.4052 1.5249 2.5556 15.3623 12.2267 13.8676 57.5991 7.5376 25.6879 0.0210 -0.0190 38.0545 2.6746 -6.5945 -5.1244 15.4815 7.2040 -16.3101 49.8240 -3.6150 -5.4884 5.0390 -2.9011 7.8831 -0.0303 7.6923 -0.1132 -5.4426 -3.2858 0.3704 1.6522 0.1296 -1.9813 -3.2376 1.5756 -11.6670 0.0134 3.0050 -0.0714 4.3182 -2.7459 1.5570 -1.4312 -0.1412 1.0171
0.0051 99.9648 -0.2697 -0.4872 -2.0152 0.8628 -0.2265 -1.3926 0.0240 -0.4775 -5.7477 -0.0377 -0.0719 13.1623 -2.3165 -0.1907 22.8254 3.4063 -0.5798 -3.7248 0.6937 0.3749 -6.7395 0.0275 0.0050 0.0215 0.0280 0.6818 -10.4933 -3.8005 -0.6725 -10.5065 3.8644 -17.6725 12.5985 -11.1729 -53.5155 6.3972 -24.4087 -0.0621 0.0857 -31.5976 -0.9538 -14.6564 4.4839 -15.8461 10.5653 15.5889 -60.3959 1.5078 2.5681 15.3555 12.2079 13.8538 57.6178 7.5211 25.7213 0.0344 -0.0199 38.0453 2.7024 -6.6016 -5.1132 15.4981 7.2102 -16.3100 49.8248 -3.6024 -5.5072 5.0234 -2.9028 7.9081 -0.0321 7.6909 -0.1207 -5.4349 -3.2812 0.3590 1.6506 0.1537 -1.9798 -3.2550 1.5631 -11.6728 0.0197 3.0113 -0.0730 4.3266 -2.7672 1.5957 -1.4280 -0.1283 1.0209
0.0145 99.9636 -0.2554 -0.4752 -2.0172 0.8552 -0.2297 -1.3801 0.0196 -0.4759 -5.7418 -0.0372 -0.0950 13.1479 -2.3395 -0.1914 22.8177 3.3919 -0.5707 -3.7285 0.6934 0.3294 -6.7047 0.0614 0.0053 0.0152 0.0273 0.6852 -10.5049 -3.8028 -0.6752 -10.5180 3.8648 -17.6728 12.6127 -11.1790 -53.5205 6.4464 -24.4349 -0.0302 0.0684 -31.5942 -0.9501 -14.7139 4.4658 -15.8382 10.5461 15.5721 -60.3624 1.4828 2.5737 15.3664 12.2049 13.8662 57.6224 7.5102 25.7593 0.0459 -0.0208 38.0591 2.7324 -6.6494 -5.1210 15.4884 7.2143 -16.2963 49.8181 -3.5958 -5.5181 5.0087 -2.8867 7.9522 -0.0347 7.6652 -0.1287 -5.4271 -3.2678 0.3413 1.6513 0.1800 -1.9647 -3.2758 1.5618 -11.6880 0.0237 3.0129 -0.0737 4.3425 -2.7798 1.6117 -1.4270 -0.1228 1.0271
0.0136 99.9512 -0.2513 -0.4723 -2.0159 0.8611 -0.2284 -1.3634 0.0097 -0.4716 -5.7276 -0.0447 -0.1066 13.1193 -2.3576 -0.1835 22.7635 3.3688 -0.5454 -3.7305 0.7098 0.2531 -6.6701 0.1123 0.0060 0.0110 0.0262 0.6855 -10.5056 -3.8056 -0.6740 -10.5233 3.8656 -17.6858 12.5992 -11.1806 -53.5252 6.5351 -24.4285 0.0212 0.0704 -31.6408 -0.9683 -14.8398 4.4635 -15.8152 10.5221 15.5487 -60.3313 1.4549 2.5765 15.3990 12.2087 13.9004 57.6075 7.4845 25.7380 0.0528 -0.0192 38.0707 2.7514 -6.7659 -5.1042 15.4887 7.2044 -16.2697 49.7843 -3.6102 -5.5056 5.0066 -2.8779 8.0048 -0.0369 7.6454 -0.1326 -5.4213 -3.2578 0.3066 1.6556 0.2003 -1.9422 -3.2870 1.5616 -11.6884 0.0252 3.0179 -0.0754 4.3565 -2.7940 1.5988 -1.4285 -0.1131 1.0362
-0.0017 99.9569 -0.2492 -0.4747 -2.0245 0.8901 -0.2222 -1.3353 0.0018 -0.4690 -5.7226 -0.0519 -0.1073 13.0988 -2.3826 -0.1725 22.7215 3.3300 -0.5176 -3.7345 0.7369 0.1745 -6.6857 0.1613 0.0091 0.0114 0.0189 0.6893 -10.5093 -3.8149 -0.6713 -10.5308 3.8572 -17.6791 12.6000 -11.1937 -53.5185 6.6234 -24.4131 0.0650 0.0737 -31.7715 -0.9747 -14.8582 4.4754 -15.7799 10.5239 15.5383 -60.3441 1.4469 2.5790 15.4273 12.2371 13.9510 57.5772 7.4989 25.7607 0.0166 -0.0166 38.1095 2.7623 -6.9814 -5.0911 15.4965 7.1948 -16.2534 49.7752 -3.6400 -5.5015 5.0057 -2.8744 8.0250 -0.0358 7.6362 -0.1293 -5.4105 -3.2506 0.2514 1.6589 0.2264 -1.9204 -3.2853 1.5746 -11.7064 0.0201 3.0151 -0.0702 4.3442 -2.8033 1.5978 -1.4290 -0.1135 1.0378
-0.0085 99.9626 -0.2319 -0.4802 -2.0306 0.9228 -0.2158 -1.3038 0.0115 -0.4750 -5.7127 -0.0628 -0.0980 13.0620 -2.4077 -0.1474 22.6801 3.3239 -0.5131 -3.7393 0.7478 0.1291 -6.7237 0.1692 0.0135 0.0132 0.0074 0.6938 -10.5031 -3.8291 -0.6667 -10.5278 3.8466 -17.6512 12.5845 -11.2048 -53.5040 6.7060 -24.3861 0.0678 0.0895 -31.8906 -0.9564 -14.7820 4.4785 -15.7269 10.5331 15.5399 -60.3218 1.4550 2.5880 15.4555 12.2433 13.9961 57.5579 7.5853 25.8942 -0.0367 0.0117 38.0865 2.7665 -7.2283 -5.0580 15.5005 7.1864 -16.2596 49.7522 -3.6741 -5.5061 5.0081 -2.8711 8.0366 -0.0347 7.6361 -0.1296 -5.3874 -3.2477 0.2123 1.6617 0.2246 -1.9107 -3.2790 1.5906 -11.7072 0.0131 3.0111 -0.0721 4.3066 -2.7922 1.5779 -1.4309 -0.1345 1.0333
0.0050 99.9760 -0.2229 -0.4847 -2.0373 0.9511 -0.2109 -1.2848 0.0217 -0.4820 -5.7038 -0.0718 -0.0742 13.0445 -2.4184 -0.1278 22.6552 3.3268 -0.5306 -3.7403 0.7406 0.1193 -6.7746 0.1326 0.0166 0.0154 -0.0036 0.6958 -10.5035 -3.8415 -0.6625 -10.5293 3.8359 -17.6259 12.5961 -11.2204 -53.4632 6.7273 -24.3649 0.0479 0.0906 -31.9678 -0.9083 -14.6597 4.4757 -15.7208 10.5635 15.5467 -60.3500 1.4801 2.5755 15.4628 12.2570 14.0284 57.5294 7.6648 26.0296 -0.0754 0.0264 38.0449 2.7791 -7.3624 -5.0066 15.4772 7.1760 -16.2643 49.7032 -3.6900 -5.5197 5.0182 -2.8626 8.0520 -0.0367 7.6446 -0.1329 -5.3544 -3.2558 0.1595 1.6631 0.2105 -1.9091 -3.2758 1.6129 -11.7033 0.0090 3.0076 -0.0689 4.2640 -2.7980 1.5490 -1.4323 -0.1451 1.0288
-0.0047 99.9696 -0.2116 -0.4824 -2.0404 0.9612 -0.2097 -1.2810 0.0257 -0.4894 -5.6947 -0.0811 -0.0451 13.0488 -2.4081 -0.1025 22.6269 3.3401 -0.5694 -3.7440 0.7136 0.1128 -6.8362 0.0677 0.0178 0.0175 -0.0100 0.6976 -10.5057 -3.8480 -0.6617 -10.5319 3.8291 -17.6011 12.5999 -11.2309 -53.4113 6.7225 -24.3599 0.0083 0.0851 -31.9861 -0.8657 -14.6178 4.4322 -15.7349 10.5887 15.5608 -60.3755 1.4967 2.5600 15.4374 12.2539 14.0204 57.5201 7.6941 26.1257 -0.0747 0.0233 38.0050 2.7704 -7.3524 -4.9484 15.4776 7.1837 -16.2773 49.6770 -3.6754 -5.5184 5.0137 -2.8632 8.0860 -0.0390 7.6781 -0.1326 -5.3355 -3.2884 0.1110 1.6634 0.2138 -1.9093 -3.2819 1.6207 -11.7017 0.0069 3.0250 -0.0641 4.2408 -2.8149 1.5281 -1.4333 -0.1491 1.0293
0.0019 99.9690 -0.1908 -0.4709 -2.0360 0.9607 -0.2117 -1.2898 0.0224 -0.4903 -5.6840 -0.0883 -0.0162 13.0503 -2.3773 -0.0946 22.6070 3.3546 -0.5899 -3.7460 0.6837 0.1215 -6.8984 0.0000 0.0162 0.0183 -0.0085 0.6959 -10.5047 -3.8455 -0.6634 -10.5304 3.8308 -17.5894 12.5865 -11.2441 -53.3662 6.7148 -24.3443 -0.0328 0.0675 -31.9591 -0.8429 -14.6332 4.4081 -15.7605 10.6054 15.5594 -60.3952 1.5082 2.5478 15.4082 12.2251 13.9834 57.5389 7.7001 26.1487 -0.0531 0.0054 37.9659 2.7688 -7.2602 -4.9117 15.4932 7.1779 -16.2831 49.6436 -3.6673 -5.5260 5.0014 -2.8631 8.1383 -0.0408 7.6886 -0.1385 -5.3409 -3.3144 0.0678 1.6649 0.2118 -1.9162 -3.2979 1.6203 -11.6998 0.0067 3.0329 -0.0606 4.2289 -2.8324 1.5226 -1.4344 -0.1572 1.0293
0.0057 99.9631 -0.1731 -0.4637 -2.0381 0.9771 -0.2145 -1.2938 0.0032 -0.4863 -5.6783 -0.0804 0.0120 13.0616 -2.3540 -0.1035 22.5910 3.3258 -0.5883 -3.7440 0.6729 0.1182 -6.9399 -0.0280 0.0136 0.0181 -0.0016 0.6914 -10.5072 -3.8380 -0.6644 -10.5311 3.8388 -17.5782 12.5407 -11.2596 -53.3387 6.7434 -24.3481 -0.0468 0.0587 -31.9347 -0.8531 -14.6869 4.4042 -15.7773 10.6022 15.5633 -60.3704 1.4901 2.5628 15.3960 12.2117 13.9430 57.5260 7.7111 26.1418 -0.0373 -0.0110 37.9794 2.7546 -7.2544 -4.9035 15.5036 7.1760 -16.2926 49.6538 -3.6555 -5.5337 4.9976 -2.8752 8.1887 -0.0385 7.7285 -0.1406 -5.3465 -3.3390 0.0176 1.6665 0.2049 -1.9205 -3.3170 1.6324 -11.7267 0.0101 3.0290 -0.0468 4.2222 -2.8555 1.5242 -1.4345 -0.1657 1.0354
0.0237 99.9530 -0.1451 -0.4591 -2.0479 0.9973 -0.2223 -1.2948 -0.0040 -0.4854 -5.6790 -0.0720 0.0354 13.0806 -2.3672 -0.1197 22.5928 3.2817 -0.5681 -3.7430 0.6745 0.0992 -6.9530 -0.0161 0.0111 0.0147 0.0067 0.6874 -10.5149 -3.8296 -0.6654 -10.5353 3.8481 -17.5576 12.5133 -11.2367 -53.3075 6.7754 -24.3871 -0.0507 0.0431 -31.9195 -0.8192 -14.7484 4.4025 -15.7819 10.6108 15.5814 -60.3535 1.4778 2.5618 15.3868 12.1851 13.8994 57.5154 7.7657 26.1746 -0.0316 -0.0097 38.0460 2.7221 -7.2944 -4.9325 15.5055 7.1725 -16.2951 49.6642 -3.6442 -5.5493 4.9888 -2.8667 8.2223 -0.0369 7.7437 -0.1388 -5.3271 -3.3384 -0.0165 1.6668 0.1825 -1.9225 -3.3349 1.6704 -11.7496 0.0140 2.9925 -0.0424 4.2322 -2.8596 1.5319 -1.4339 -0.1749 1.0430
0.0312 99.9486 -0.1307 -0.4535 -2.0562 1.0212 -0.2325 -1.2990 -0.0188 -0.4790 -5.6872 -0.0684 0.0471 13.1083 -2.3836 -0.1173 22.5953 3.2450 -0.5483 -3.7361 0.6608 0.0611 -6.9651 0.0126 0.0120 0.0119 0.0068 0.6868 -10.5132 -3.8292 -0.6632 -10.5333 3.8479 -17.5628 12.5285 -11.2091 -53.2565 6.8074 -24.4639 -0.0163 0.0465 -31.9275 -0.7701 -14.8236 4.4054 -15.7845 10.6094 15.5908 -60.3611 1.4654 2.5625 15.4041 12.1579 13.8656 57.4894 7.8178 26.2253 -0.0377 0.0052 38.1062 2.7002 -7.3357 -4.9666 15.5086 7.1836 -16.3038 49.6735 -3.6407 -5.5318 4.9765 -2.8384 8.2176 -0.0324 7.7355 -0.1312 -5.3153 -3.3383 -0.0156 1.6668 0.1618 -1.9235 -3.3568 1.7038 -11.7777 0.0167 2.9661 -0.0410 4.2562 -2.8516 1.5455 -1.4331 -0.2013 1.0475
0.0321 99.9515 -0.1204 -0.4451 -2.0615 1.0253 -0.2397 -1.3066 0.0056 -0.4770 -5.6981 -0.0988 0.0450 13.1277 -2.4012 -0.0902 22.6194 3.2195 -0.5440 -3.7317 0.6777 0.0375 -6.9839 0.0319 0.0150 0.0087 0.0015 0.6909 -10.5080 -3.8321 -0.6612 -10.5300 3.8409 -17.5759 12.5620 -11.1902 -53.2074 6.8017 -24.5012 0.0132 0.0370 -31.9399 -0.7366 -14.8209 4.4122 -15.7934 10.6023 15.6020 -60.3545 1.4579 2.5548 15.4291 12.1705 13.8650 57.4451 7.8647 26.3153 -0.0503 0.0076 38.1554 2.6577 -7.3320 -5.0029 15.5069 7.2017 -16.3177 49.7025 -3.6299 -5.5323 4.9669 -2.8138 8.2140 -0.0349 7.7261 -0.1327 -5.3069 -3.3394 0.0060 1.6640 0.1544 -1.9245 -3.3787 1.7321 -11.7881 0.0143 2.9431 -0.0497 4.2782 -2.8430 1.5630 -1.4318 -0.2098 1.0491
0.0268 99.9527 -0.0895 -0.4386 -2.0627 1.0355 -0.2442 -1.3315 -0.0044 -0.4726 -5.6942 -0.0971 0.0445 13.1379 -2.4156 -0.0485 22.6556 3.1926 -0.5554 -3.7326 0.6792 0.0379 -7.0095 0.0308 0.0169 0.0095 -0.0008 0.6910 -10.5012 -3.8350 -0.6571 -10.5244 3.8368 -17.5948 12.6070 -11.1894 -53.1792 6.7381 -24.5183 0.0481 0.0443 -31.9262 -0.7203 -14.8474 4.4008 -15.7949 10.5886 15.6011 -60.3635 1.4504 2.5678 15.4586 12.2081 13.8415 57.4041 7.8240 26.3862 -0.0523 0.0110 38.1330 2.6496 -7.2948 -5.0158 15.5007 7.2006 -16.3245 49.6897 -3.6509 -5.5296 4.9541 -2.7872 8.2015 -0.0342 7.6905 -0.1329 -5.2986 -3.3359 0.0258 1.6626 0.1662 -1.9272 -3.3910 1.7639 -11.7953 0.0168 2.9052 -0.0491 4.2909 -2.8298 1.5515 -1.4301 -0.2106 1.0432
0.0431 99.9568 -0.0548 -0.4332 -2.0662 1.0259 -0.2464 -1.3407 0.0115 -0.4707 -5.7042 -0.1364 0.0433 13.1531 -2.4083 -0.0032 22.7121 3.1802 -0.5658 -3.7308 0.6752 0.0340 -7.0403 0.0051 0.0189 0.0136 -0.0030 0.6897 -10.4935 -3.8367 -0.6519 -10.5204 3.8341 -17.5992 12.6248 -11.2056 -53.1918 6.6810 -24.5004 0.0606 0.0454 -31.9225 -0.7077 -14.9130 4.3727 -15.7789 10.5692 15.5981 -60.3418 1.4333 2.5953 15.4853 12.2352 13.8146 57.3529 7.7491 26.3851 0.0184 -0.0156 38.1039 2.6161 -7.2999 -5.0226 15.4975 7.1948 -16.3234 49.6637 -3.6682 -5.5362 4.9464 -2.7668 8.2144 -0.0402 7.6844 -0.1442 -5.2784 -3.3522 0.0126 1.6629 0.1685 -1.9258 -3.4038 1.7827 -11.7917 0.0176 2.8971 -0.0517 4.3027 -2.8358 1.5439 -1.4293 -0.1987 1.0485
0.0446 99.9443 -0.0243 -0.4270 -2.0651 1.0352 -0.2532 -1.3486 -0.0066 -0.4716 -5.6916 -0.1309 0.0428 13.1439 -2.4249 0.0404 22.7379 3.1864 -0.5807 -3.7326 0.6479 0.0117 -7.0528 0.0020 0.0191 0.0173 -0.0023 0.6874 -10.4804 -3.8370 -0.6489 -10.5110 3.8354 -17.6017 12.5967 -11.2161 -53.2212 6.6403 -24.4637 0.0596 0.0612 -31.9057 -0.7036 -14.9815 4.3189 -15.7313 10.5573 15.6006 -60.2823 1.4165 2.6126 15.4921 12.2464 13.7727 57.3634 7.6219 26.3415 0.0603 -0.0257 38.0430 2.6199 -7.2934 -5.0315 15.5065 7.1870 -16.3182 49.6490 -3.6812 -5.5353 4.9425 -2.7422 8.2171 -0.0398 7.6627 -0.1468 -5.2864 -3.3545 -0.0056 1.6640 0.1796 -1.9237 -3.4246 1.7966 -11.8165 0.0194 2.8898 -0.0445 4.3132 -2.8447 1.5205 -1.4294 -0.1872 1.0513
0.0515 99.9450 -0.0234 -0.4230 -2.0699 1.0248 -0.2550 -1.3507 0.0065 -0.4769 -5.6916 -0.1410 0.0358 13.1461 -2.4514 0.0711 22.7778 3.1680 -0.5845 -3.7332 0.6503 -0.0076 -7.0804 0.0014 0.0193 0.0171 -0.0002 0.6863 -10.4771 -3.8346 -0.6474 -10.5087 3.8371 -17.5937 12.6003 -11.2265 -53.2365 6.5894 -24.4488 0.0406 0.0624 -31.9020 -0.6957 -14.9865 4.2668 -15.7060 10.5458 15.5869 -60.2464 1.4031 2.6045 15.5033 12.2747 13.7508 57.3736 7.5303 26.2999 0.0713 -0.0336 38.0436 2.6064 -7.3303 -5.0307 15.5007 7.1891 -16.3195 49.6543 -3.6862 -5.5423 4.9388 -2.7321 8.2185 -0.0432 7.6779 -0.1523 -5.2826 -3.3664 -0.0081 1.6666 0.1710 -1.9128 -3.4385 1.8043 -11.8156 0.0158 2.9043 -0.0420 4.3129 -2.8728 1.5157 -1.4296 -0.1807 1.0550
0.0913 99.9563 -0.0173 -0.4154 -2.0819 1.0308 -0.2630 -1.3437 0.0148 -0.4847 -5.6967 -0.1639 0.0325 13.1516 -2.4609 0.0866 22.8200 3.1670 -0.5767 -3.7383 0.6397 -0.0138 -7.1015 -0.0137 0.0169 0.0183 0.0059 0.6852 -10.4807 -3.8272 -0.6512 -10.5105 3.8425 -17.5780 12.6225 -11.2448 -53.2520 6.5762 -24.4853 0.0575 0.0633 -31.9301 -0.7021 -15.0007 4.2412 -15.6915 10.5418 15.5603 -60.2453 1.4087 2.5766 15.4984 12.2729 13.7436 57.4126 7.4698 26.2365 0.0868 -0.0376 38.0628 2.5929 -7.3211 -5.0206 15.4856 7.1865 -16.3121 49.6442 -3.6989 -5.5204 4.9292 -2.7106 8.2175 -0.0455 7.6816 -0.1480 -5.2922 -3.3765 0.0040 1.6677 0.1682 -1.9034 -3.4527 1.8149 -11.8241 0.0115 2.9296 -0.0414 4.2959 -2.8897 1.5381 -1.4304 -0.1761 1.0559
0.0761 99.9570 -0.0012 -0.4089 -2.0926 1.0353 -0.2710 -1.3419 0.0142 -0.4928 -5.6987 -0.1796 0.0356 13.1479 -2.4570 0.1040 22.8688 3.1585 -0.5753 -3.7388 0.6319 -0.0076 -7.1188 -0.0406 0.0157 0.0179 0.0082 0.6849 -10.4818 -3.8254 -0.6533 -10.5121 3.8459 -17.5830 12.6326 -11.2543 -53.2685 6.5835 -24.5501 0.0595 0.0761 -31.9452 -0.6891 -15.0531 4.2273 -15.6989 10.5514 15.5456 -60.2470 1.4266 2.5539 15.4980 12.2795 13.7324 57.4538 7.4501 26.2125 0.0552 -0.0055 38.0968 2.5969 -7.3893 -5.0362 15.4776 7.1918 -16.3007 49.6524 -3.6833 -5.5097 4.9256 -2.6796 8.2029 -0.0469 7.6709 -0.1442 -5.2946 -3.3871 0.0103 1.6690 0.1432 -1.8943 -3.4652 1.8236 -11.8135 0.0081 2.9565 -0.0444 4.2696 -2.8994 1.5522 -1.4316 -0.1762 1.0581
0.0906 99.9561 0.0123 -0.4047 -2.0974 1.0204 -0.2762 -1.3486 0.0150 -0.4961 -5.7037 -0.1850 0.0357 13.1488 -2.4503 0.1067 22.9137 3.1480 -0.5814 -3.7331 0.6152 0.0179 -7.1387 -0.0653 0.0138 0.0195 0.0124 0.6829 -10.4830 -3.8219 -0.6551 -10.5129 3.8514 -17.6005 12.6296 -11.2573 -53.2938 6.6023 -24.6074 0.0630 0.0855 -31.9761 -0.6752 -15.0809 4.2395 -15.6922 10.5693 15.5515 -60.2483 1.4445 2.5401 15.4851 12.2946 13.7052 57.4918 7.4194 26.2050 0.0370 0.0230 38.0938 2.6124 -7.4439 -5.0491 15.4761 7.1998 -16.2980 49.6815 -3.6674 -5.4995 4.9208 -2.6469 8.1890 -0.0473 7.6496 -0.1345 -5.3033 -3.3976 0.0361 1.6676 0.1263 -1.8916 -3.4765 1.8270 -11.7992 0.0076 2.9651 -0.0526 4.2457 -2.9001 1.5728 -1.4329 -0.1946 1.0617
0.0981 99.9612 0.0324 -0.4058 -2.0978 1.0004 -0.2789 -1.3645 0.0147 -0.4930 -5.7106 -0.1768 0.0322 13.1550 -2.4511 0.0921 22.9426 3.1357 -0.5810 -3.7319 0.5973 0.0626 -7.1636 -0.0890 0.0128 0.0201 0.0164 0.6814 -10.4871 -3.8198 -0.6556 -10.5193 3.8580 -17.6175 12.6163 -11.2614 -53.3490 6.6061 -24.6180 0.0698 0.0871 -32.0308 -0.6297 -15.0835 4.2613 -15.7147 10.5711 15.5467 -60.2538 1.4470 2.5282 15.4547 12.2868 13.6601 57.5427 7.4132 26.2004 0.0302 0.0410 38.0775 2.6421 -7.5032 -5.0611 15.4674 7.2105 -16.3043 49.7159 -3.6496 -5.4948 4.9135 -2.6344 8.1906 -0.0467 7.6458 -0.1270 -5.3035 -3.4148 0.0563 1.6655 0.1109 -1.8940 -3.4787 1.8231 -11.7684 0.0092 2.9732 -0.0537 4.2368 -2.8963 1.5832 -1.4340 -0.2255 1.0642
0.1001 99.9609 0.0511 -0.4095 -2.0949 0.9725 -0.2793 -1.3813 0.0135 -0.4928 -5.7107 -0.1697 0.0278 13.1541 -2.4587 0.0750 22.9598 3.1330 -0.5723 -3.7352 0.5741 0.0929 -7.1915 -0.0753 0.0134 0.0212 0.0156 0.6785 -10.4867 -3.8217 -0.6516 -10.5184 3.8580 -17.6269 12.5991 -11.2543 -53.4044 6.6104 -24.6083 0.0568 0.0829 -32.1176 -0.5741 -15.0882 4.2811 -15.7365 10.5549 15.5485 -60.2656 1.4318 2.5384 15.4283 12.2515 13.6285 57.5889 7.3861 26.1151 0.0670 0.0320 38.0436 2.6800 -7.4383 -5.0943 15.4727 7.2172 -16.3029 49.7294 -3.6488 -5.5013 4.9109 -2.6326 8.2137 -0.0463 7.6537 -0.1279 -5.3063 -3.4378 0.0848 1.6628 0.1223 -1.8938 -3.4787 1.8204 -11.7409 0.0083 2.9681 -0.0592 4.2618 -2.8929 1.5881 -1.4345 -0.2247 1.0610
0.1081 99.9429 0.0491 -0.4151 -2.0941 0.9495 -0.2755 -1.3910 0.0119 -0.4968 -5.7050 -0.1640 0.0242 13.1547 -2.4591 0.0773 22.9656 3.1294 -0.5759 -3.7429 0.5506 0.0985 -7.2264 -0.0403 0.0155 0.0194 0.0097 0.6798 -10.4869 -3.8290 -0.6484 -10.5184 3.8529 -17.6413 12.5743 -11.2429 -53.4517 6.6203 -24.5874 0.0421 0.0978 -32.2136 -0.5329 -15.1263 4.2520 -15.7302 10.5368 15.5531 -60.2624 1.4061 2.5690 15.4177 12.2221 13.6131 57.6207 7.3539 26.0172 0.0810 0.0240 38.0026 2.7175 -7.3663 -5.1451 15.4715 7.2064 -16.2927 49.7261 -3.6594 -5.4995 4.9128 -2.6222 8.2290 -0.0447 7.6577 -0.1285 -5.3284 -3.4580 0.1336 1.6619 0.1198 -1.8978 -3.4784 1.8252 -11.7345 0.0080 2.9552 -0.0597 4.2946 -2.8905 1.5915 -1.4347 -0.2193 1.0531
0.1218 99.9343 0.0649 -0.4168 -2.0882 0.9168 -0.2763 -1.4003 0.0228 -0.4960 -5.7092 -0.1610 0.0090 13.1602 -2.4429 0.0770 22.9620 3.1051 -0.5886 -3.7399 0.5470 0.1199 -7.2717 -0.0285 0.0157 0.0171 0.0103 0.6794 -10.4830 -3.8255 -0.6477 -10.5123 3.8506 -17.6582 12.5488 -11.2282 -53.4825 6.6440 -24.5904 0.0265 0.1160 -32.2971 -0.5325 -15.1814 4.2193 -15.7341 10.5078 15.5292 -60.2769 1.3815 2.5669 15.4169 12.2071 13.6071 57.6551 7.3342 25.9343 0.0831 0.0298 37.9654 2.7280 -7.3739 -5.1995 15.4848 7.2066 -16.2919 49.7535 -3.6694 -5.5026 4.9071 -2.6078 8.2235 -0.0434 7.6460 -0.1319 -5.3546 -3.4716 0.1953 1.6625 0.1247 -1.9039 -3.4808 1.8257 -11.7190 0.0043 2.9450 -0.0650 4.3134 -2.9073 1.6001 -1.4342 -0.2176 1.0439
0.1217 99.9296 0.0473 -0.4142 -2.0815 0.9004 -0.2761 -1.4081 0.0093 -0.4935 -5.7134 -0.1381 -0.0189 13.1640 -2.4253 0.0737 22.9338 3.0944 -0.6045 -3.7303 0.5549 0.1454 -7.3045 -0.0243 0.0151 0.0167 0.0125 0.6811 -10.4744 -3.8210 -0.6505 -10.5026 3.8508 -17.6839 12.5359 -11.1956 -53.4992 6.6752 -24.5920 0.0098 0.1351 -32.3759 -0.5294 -15.2132 4.1959 -15.7254 10.4920 15.5057 -60.2933 1.3733 2.5689 15.4444 12.2146 13.6163 57.6609 7.3532 25.9130 0.0422 0.0504 37.9321 2.7415 -7.4119 -5.2429 15.4969 7.2187 -16.2964 49.8004 -3.6513 -5.5042 4.9013 -2.5883 8.1784 -0.0409 7.6105 -0.1289 -5.3797 -3.4653 0.2442 1.6626 0.1274 -1.9083 -3.4828 1.8334 -11.7127 0.0012 2.9116 -0.0623 4.3066 -2.9084 1.5961 -1.4334 -0.2315 1.0360
0.1310 99.9273 0.0588 -0.4067 -2.0716 0.8723 -0.2763 -1.4134 0.0125 -0.4920 -5.7261 -0.1181 -0.0477 13.1718 -2.4251 0.0642 22.9043 3.1122 -0.6008 -3.7220 0.5300 0.1624 -7.3405 -0.0417 0.0145 0.0170 0.0140 0.6831 -10.4712 -3.8168 -0.6539 -10.4982 3.8504 -17.6960 12.5392 -11.1605 -53.5288 6.7436 -24.6501 0.0393 0.1430 -32.4373 -0.5242 -15.2378 4.1867 -15.7241 10.4882 15.4706 -60.3372 1.3823 2.5374 15.4890 12.2312 13.6460 57.6406 7.4195 25.9336 -0.0099 0.0670 37.9060 2.7309 -7.4002 -5.2585 15.4963 7.2352 -16.2986 49.8151 -3.6401 -5.5070 4.8870 -2.5864 8.1671 -0.0425 7.5922 -0.1215 -5.3667 -3.4588 0.2511 1.6629 0.1309 -1.9113 -3.4875 1.8152 -11.7054 -0.0033 2.9202 -0.0642 4.2931 -2.9371 1.6201 -1.4321 -0.2346 1.0231
0.1472 99.9268 0.0547 -0.3951 -2.0606 0.8513 -0.2810 -1.4214 0.0164 -0.4929 -5.7320 -0.1019 -0.0742 13.1776 -2.4307 0.0686 22.8778 3.1449 -0.6041 -3.7257 0.5068 0.1639 -7.3326 -0.0761 0.0137 0.0170 0.0145 0.6830 -10.4713 -3.8148 -0.6555 -10.4997 3.8500 -17.7216 12.5393 -11.1354 -53.5555 6.8147 -24.7053 0.0877 0.1455 -32.4432 -0.5024 -15.2514 4.1922 -15.7198 10.4997 15.4723 -60.3594 1.4054 2.5306 15.5294 12.2429 13.6649 57.6214 7.4837 25.9624 -0.0305 0.0702 37.8980 2.7256 -7.3186 -5.2411 15.5013 7.2451 -16.3100 49.8181 -3.6440 -5.5045 4.8688 -2.5862 8.1773 -0.0454 7.5686 -0.1195 -5.3433 -3.4519 0.2479 1.6621 0.1415 -1.9140 -3.5019 1.7907 -11.7085 -0.0057 2.9323 -0.0661 4.2975 -2.9619 1.6317 -1.4312 -0.2215 1.0129
0.1623 99.9276 0.0507 -0.3852 -2.0480 0.8458 -0.2865 -1.4341 0.0176 -0.4974 -5.7391 -0.0852 -0.0948 13.1828 -2.4426 0.0735 22.8499 3.1777 -0.6025 -3.7352 0.4829 0.1524 -7.2979 -0.0971 0.0122 0.0160 0.0188 0.6793 -10.4773 -3.8119 -0.6545 -10.5052 3.8556 -17.7613 12.5444 -11.1276 -53.5710 6.8836 -24.7536 0.1401 0.1414 -32.4040 -0.4826 -15.3284 4.2018 -15.7224 10.5134 15.4972 -60.3476 1.4173 2.5215 15.5554 12.2402 13.6832 57.6456 7.5335 25.9671 -0.0304 0.0664 37.8820 2.7314 -7.2570 -5.2425 15.5037 7.2310 -16.2975 49.8101 -3.6533 -5.5004 4.8521 -2.5939 8.1735 -0.0444 7.5595 -0.1152 -5.3070 -3.4564 0.2537 1.6595 0.1852 -1.9103 -3.5175 1.7680 -11.7155 -0.0076 2.9471 -0.0800 4.3194 -2.9798 1.6548 -1.4308 -0.2032 1.0099
0.1626 99.9320 0.0633 -0.3753 -2.0327 0.8538 -0.2925 -1.4511 0.0199 -0.5023 -5.7477 -0.0945 -0.1062 13.1950 -2.4461 0.0806 22.8331 3.1826 -0.6096 -3.7441 0.4787 0.1158 -7.2674 -0.0878 0.0119 0.0149 0.0206 0.6789 -10.4821 -3.8113 -0.6546 -10.5114 3.8581 -17.8026 12.5535 -11.1193 -53.5674 6.9405 -24.7979 0.1881 0.1303 -32.3328 -0.4908 -15.4394 4.2200 -15.7374 10.5211 15.5207 -60.3288 1.4176 2.5166 15.5674 12.2261 13.6773 57.6731 7.5854 25.9873 -0.0152 0.0597 37.9000 2.7380 -7.2254 -5.2605 15.5072 7.2194 -16.2904 49.7891 -3.6597 -5.4949 4.8308 -2.6067 8.1425 -0.0439 7.5513 -0.1177 -5.2797 -3.4552 0.2778 1.6576 0.2173 -1.8955 -3.5363 1.7484 -11.7196 -0.0052 2.9572 -0.0884 4.3603 -2.9795 1.6645 -1.4315 -0.1914 1.0159
0.1604 99.9355 0.0591 -0.3742 -2.0272 0.8610 -0.2965 -1.4524 0.0181 -0.5017 -5.7551 -0.1004 -0.1036 13.1987 -2.4433 0.0762 22.8356 3.1824 -0.6149 -3.7557 0.4701 0.0845 -7.2595 -0.0682 0.0135 0.0143 0.0151 0.6814 -10.4827 -3.8169 -0.6537 -10.5123 3.8512 -17.8216 12.5452 -11.1218 -53.5856 7.0401 -24.8409 0.2336 0.1202 -32.2963 -0.5291 -15.4813 4.2760 -15.7541 10.5223 15.5297 -60.3233 1.4081 2.5138 15.5717 12.2101 13.6704 57.7031 7.6478 25.9801 0.0010 0.0611 37.9634 2.7518 -7.1965 -5.3099 15.5204 7.2037 -16.2833 49.7871 -3.6759 -5.4898 4.8146 -2.6223 8.1017 -0.0399 7.5698 -0.1189 -5.2604 -3.4461 0.3049 1.6554 0.2390 -1.8797 -3.5450 1.7308 -11.7137 -0.0015 2.9844 -0.0914 4.3702 -2.9813 1.6450 -1.4330 -0.1756 1.0238
0.1673 99.9289 0.0642 -0.3751 -2.0309 0.8696 -0.3033 -1.4526 0.0188 -0.4968 -5.7581 -0.1049 -0.0962 13.2073 -2.4270 0.0495 22.8360 3.1538 -0.6171 -3.7640 0.4965 0.0720 -7.2561 -0.0526 0.0156 0.0136 0.0048 0.6852 -10.4809 -3.8276 -0.6531 -10.5126 3.8399 -17.8177 12.5557 -11.1197 -53.5982 7.1061 -24.8728 0.2483 0.1115 -32.2885 -0.5750 -15.3743 4.3244 -15.7741 10.5242 15.5367 -60.3284 1.3976 2.5199 15.5774 12.2172 13.6670 57.7196 7.6862 25.9959 0.0116 0.0603 38.0070 2.7645 -7.1888 -5.3229 15.5029 7.1891 -16.2840 49.7624 -3.6737 -5.4907 4.8087 -2.6327 8.0482 -0.0419 7.6024 -0.1239 -5.2652 -3.4249 0.3407 1.6541 0.2457 -1.8690 -3.5530 1.7272 -11.7220 0.0027 3.0014 -0.0831 4.3608 -2.9690 1.6242 -1.4339 -0.1762 1.0285
0.1590 99.9373 0.0673 -0.3742 -2.0335 0.8841 -0.3085 -1.4578 0.0285 -0.4953 -5.7579 -0.1041 -0.0931 13.2163 -2.4241 0.0135 22.8552 3.1396 -0.6160 -3.7714 0.5265 0.0853 -7.2499 -0.0446 0.0174 0.0114 -0.0038 0.6871 -10.4736 -3.8362 -0.6512 -10.5085 3.8305 -17.8377 12.5834 -11.1253 -53.5765 7.1572 -24.8713 0.2551 0.1185 -32.3094 -0.6267 -15.3025 4.3823 -15.7941 10.5119 15.5254 -60.3434 1.3875 2.5288 15.5890 12.2593 13.6771 57.7217 7.7212 26.0733 0.0092 0.0575 38.0387 2.7511 -7.1941 -5.2918 15.4849 7.1809 -16.2843 49.7526 -3.6640 -5.5041 4.8006 -2.6446 8.0118 -0.0440 7.6305 -0.1278 -5.3035 -3.4065 0.3434 1.6554 0.2478 -1.8669 -3.5581 1.7121 -11.7237 0.0061 3.0337 -0.0751 4.3413 -2.9734 1.6194 -1.4347 -0.1957 1.0327
0.1641 99.9439 0.0570 -0.3714 -2.0413 0.8997 -0.3117 -1.4632 0.0325 -0.4958 -5.7572 -0.0971 -0.0880 13.2336 -2.4033 -0.0236 22.8914 3.1423 -0.6111 -3.7763 0.5390 0.1133 -7.2365 -0.0554 0.0180 0.0111 -0.0086 0.6861 -10.4755 -3.8405 -0.6492 -10.5090 3.8251 -17.8459 12.5971 -11.1377 -53.5459 7.1876 -24.8249 0.2254 0.1097 -32.3472 -0.6558 -15.2757 4.4101 -15.8037 10.5142 15.5317 -60.3588 1.3909 2.5488 15.5883 12.3065 13.6755 57.7104 7.7157 26.1153 0.0400 0.0391 38.0511 2.7442 -7.1305 -5.2741 15.4776 7.1835 -16.2842 49.7659 -3.6443 -5.5153 4.7964 -2.6452 8.0111 -0.0520 7.6401 -0.1343 -5.3509 -3.3793 0.3200 1.6564 0.2550 -1.8769 -3.5619 1.6930 -11.7451 0.0030 3.0800 -0.0695 4.3200 -2.9945 1.6330 -1.4341 -0.2113 1.0310
0.1682 99.9450 0.0615 -0.3706 -2.0451 0.9119 -0.3082 -1.4690 0.0345 -0.4972 -5.7548 -0.0825 -0.0815 13.2321 -2.3833 -0.0640 22.9324 3.1575 -0.6012 -3.7782 0.5225 0.1357 -7.2275 -0.0618 0.0170 0.0131 -0.0056 0.6832 -10.4685 -3.8372 -0.6481 -10.5013 3.8284 -17.8539 12.5832 -11.1402 -53.5253 7.2040 -24.7474 0.1891 0.1239 -32.3833 -0.6656 -15.2860 4.4492 -15.7967 10.5073 15.5356 -60.3717 1.4007 2.5752 15.5970 12.3402 13.6767 57.6884 7.7225 26.1365 0.0591 0.0356 38.0836 2.7645 -7.0887 -5.2851 15.4785 7.1912 -16.2754 49.7571 -3.6283 -5.5307 4.7961 -2.6532 8.0595 -0.0536 7.6442 -0.1319 -5.3973 -3.3513 0.2578 1.6573 0.2518 -1.8843 -3.5657 1.6758 -11.7555 -0.0014 3.1173 -0.0619 4.3298 -3.0080 1.6284 -1.4340 -0.2289 1.0292
0.1676 99.9516 0.0319 -0.3737 -2.0530 0.9347 -0.2966 -1.4736 0.0313 -0.4966 -5.7479 -0.0658 -0.0723 13.2220 -2.3635 -0.1129 22.9917 3.1896 -0.5886 -3.7851 0.4840 0.1508 -7.1900 -0.0705 0.0133 0.0132 0.0076 0.6800 -10.4721 -3.8254 -0.6526 -10.5028 3.8447 -17.8883 12.5483 -11.1334 -53.4866 7.2181 -24.6410 0.1461 0.1299 -32.4112 -0.6335 -15.3513 4.4962 -15.7902 10.5127 15.5420 -60.3837 1.4155 2.5927 15.5929 12.3746 13.6737 57.6702 7.7442 26.1761 0.0604 0.0454 38.1016 2.7748 -7.0569 -5.2876 15.4849 7.2001 -16.2617 49.7659 -3.6171 -5.5282 4.8029 -2.6655 8.1459 -0.0525 7.6511 -0.1378 -5.4248 -3.3327 0.1779 1.6582 0.2297 -1.8886 -3.5609 1.6703 -11.7530 -0.0032 3.1330 -0.0585 4.3351 -3.0133 1.6051 -1.4350 -0.2378 1.0266
0.1625 99.9520 0.0408 -0.3768 -2.0678 0.9614 -0.2850 -1.4670 0.0429 -0.4931 -5.7524 -0.0756 -0.0704 13.2129 -2.3417 -0.1518 23.0542 3.2195 -0.5944 -3.7752 0.4588 0.1563 -7.1449 -0.0818 0.0084 0.0122 0.0251 0.6763 -10.4807 -3.8082 -0.6588 -10.5096 3.8645 -17.9298 12.5268 -11.1247 -53.4433 7.1939 -24.5691 0.1150 0.1183 -32.3762 -0.5645 -15.4024 4.4796 -15.7792 10.5196 15.5344 -60.3999 1.4285 2.5844 15.5871 12.3803 13.6751 57.6597 7.7968 26.2199 0.0573 0.0549 38.1141 2.7612 -7.0658 -5.2887 15.4864 7.2053 -16.2522 49.7701 -3.6184 -5.5260 4.8117 -2.6772 8.2073 -0.0509 7.6668 -0.1370 -5.4485 -3.3352 0.1103 1.6568 0.2150 -1.8938 -3.5555 1.6692 -11.7488 -0.0061 3.1632 -0.0560 4.3352 -3.0132 1.5854 -1.4359 -0.2400 1.0257
0.1518 99.9399 0.0152 -0.3820 -2.0892 0.9997 -0.2749 -1.4610 0.0391 -0.4862 -5.7549 -0.0756 -0.0760 13.2159 -2.3317 -0.2017 23.0735 3.2356 -0.5842 -3.7681 0.4395 0.1441 -7.0877 -0.0493 0.0049 0.0092 0.0359 0.6735 -10.4888 -3.7977 -0.6630 -10.5146 3.8768 -17.9685 12.5269 -11.1093 -53.3957 7.1362 -24.5103 0.1186 0.1091 -32.2999 -0.4862 -15.4184 4.4128 -15.7689 10.5233 15.5193 -60.4059 1.4386 2.5558 15.5852 12.3689 13.6601 57.6436 7.8076 26.2266 0.0545 0.0635 38.1108 2.7579 -7.0470 -5.2873 15.5017 7.1961 -16.2544 49.7723 -3.6228 -5.5363 4.8226 -2.6748 8.2300 -0.0480 7.6630 -0.1397 -5.4611 -3.3327 0.0553 1.6552 0.2321 -1.8974 -3.5535 1.6843 -11.7695 -0.0070 3.1658 -0.0555 4.3208 -3.0042 1.5707 -1.4360 -0.2269 1.0269
0.1547 99.9322 0.0072 -0.3868 -2.1062 1.0243 -0.2724 -1.4645 0.0289 -0.4786 -5.7573 -0.0452 -0.0778 13.2309 -2.3408 -0.2427 23.0617 3.2651 -0.5838 -3.7643 0.4271 0.1427 -7.0472 -0.0339 0.0048 0.0071 0.0338 0.6759 -10.4944 -3.7991 -0.6655 -10.5181 3.8735 -18.0138 12.5274 -11.0934 -53.3396 7.0559 -24.4332 0.1271 0.0916 -32.2177 -0.4498 -15.3586 4.3555 -15.7696 10.5269 15.5089 -60.4080 1.4332 2.5329 15.5902 12.3621 13.6386 57.6206 7.8063 26.2307 0.0255 0.0734 38.0799 2.7741 -7.0207 -5.2833 15.5073 7.1779 -16.2532 49.7548 -3.6462 -5.5315 4.8284 -2.6858 8.2031 -0.0455 7.6786 -0.1336 -5.4572 -3.3185 0.0224 1.6547 0.2676 -1.8963 -3.5486 1.6937 -11.7843 -0.0013 3.1748 -0.0505 4.2847 -3.0148 1.5650 -1.4338 -0.2016 1.0178
0.1432 99.9208 -0.0021 -0.3875 -2.1182 1.0495 -0.2700 -1.4738 0.0132 -0.4773 -5.7552 -0.0189 -0.0781 13.2508 -2.3384 -0.2747 23.0300 3.2995 -0.5849 -3.7645 0.4169 0.1371 -7.0139 -0.0282 0.0052 0.0070 0.0277 0.6778 -10.4929 -3.8049 -0.6667 -10.5169 3.8669 -18.0770 12.5311 -11.0813 -53.2575 6.9386 -24.2965 0.1128 0.0796 -32.1358 -0.4478 -15.2578 4.3203 -15.7789 10.5365 15.5366 -60.4223 1.4212 2.5526 15.6219 12.3788 13.6382 57.5511 7.7608 26.1896 0.0071 0.0727 38.0405 2.8010 -6.9609 -5.2943 15.5194 7.1697 -16.2667 49.7637 -3.6554 -5.5343 4.8377 -2.6951 8.1744 -0.0422 7.6813 -0.1239 -5.4355 -3.3158 0.0104 1.6541 0.2982 -1.8989 -3.5467 1.6906 -11.7824 0.0023 3.1862 -0.0479 4.2524 -3.0236 1.5599 -1.4321 -0.1837 1.0089
0.1530 99.9274 -0.0312 -0.3891 -2.1342 1.0825 -0.2639 -1.4697 0.0236 -0.4755 -5.7716 -0.0136 -0.0739 13.2895 -2.3259 -0.2944 23.0285 3.3354 -0.5924 -3.7666 0.3930 0.1243 -6.9980 -0.0636 0.0064 0.0065 0.0216 0.6789 -10.5014 -3.8113 -0.6654 -10.5242 3.8609 -18.1326 12.5503 -11.0875 -53.1842 6.8182 -24.1574 0.0933 0.0749 -32.1238 -0.4353 -15.1861 4.3392 -15.7714 10.5380 15.5526 -60.4433 1.4053 2.5734 15.6584 12.4220 13.6562 57.4792 7.7117 26.1431 0.0125 0.0657 38.0188 2.7923 -6.9454 -5.3045 15.5418 7.1818 -16.2843 49.7819 -3.6468 -5.5469 4.8459 -2.7168 8.1627 -0.0452 7.7166 -0.1270 -5.3845 -3.3169 -0.0387 1.6536 0.3146 -1.8979 -3.5377 1.6824 -11.7634 0.0019 3.2193 -0.0516 4.2463 -3.0474 1.5614 -1.4308 -0.1623 1.0079
0.1424 99.9282 -0.0669 -0.3890 -2.1520 1.1265 -0.2521 -1.4624 0.0151 -0.4792 -5.7711 0.0049 -0.0698 13.3115 -2.3192 -0.3212 23.0447 3.3560 -0.5970 -3.7727 0.3866 0.1080 -6.9990 -0.1010 0.0067 0.0053 0.0201 0.6773 -10.5063 -3.8154 -0.6633 -10.5301 3.8623 -18.1917 12.5708 -11.0972 -53.1238 6.7006 -24.0253 0.0601 0.0747 -32.0851 -0.4270 -15.1405 4.3672 -15.7598 10.5442 15.5698 -60.4537 1.3958 2.5860 15.6994 12.4835 13.6813 57.4220 7.6776 26.1530 -0.0022 0.0702 37.9829 2.7709 -7.0180 -5.2840 15.5476 7.1961 -16.3069 49.8025 -3.6387 -5.5528 4.8525 -2.7370 8.1607 -0.0433 7.7463 -0.1241 -5.3495 -3.3052 -0.0910 1.6546 0.3209 -1.9006 -3.5322 1.6869 -11.7449 0.0022 3.2330 -0.0548 4.2505 -3.0485 1.5465 -1.4310 -0.1376 1.0087
0.1266 99.9337 -0.1129 -0.3894 -2.1780 1.1512 -0.2398 -1.4459 0.0052 -0.4751 -5.7716 0.0069 -0.0638 13.3400 -2.3013 -0.3449 23.0783 3.3631 -0.5996 -3.7730 0.4053 0.0798 -7.0364 -0.1216 0.0075 0.0043 0.0174 0.6768 -10.5051 -3.8184 -0.6612 -10.5315 3.8597 -18.2335 12.5758 -11.1046 -53.1088 6.6566 -23.9534 0.0584 0.0747 -32.0785 -0.4104 -15.0982 4.3925 -15.7494 10.5568 15.5937 -60.4726 1.3908 2.5883 15.7263 12.5310 13.7148 57.3700 7.6690 26.1881 -0.0125 0.0663 37.9650 2.7406 -7.1433 -5.2500 15.5442 7.1966 -16.3111 49.7956 -3.6453 -5.5426 4.8584 -2.7612 8.1778 -0.0430 7.8055 -0.1289 -5.3385 -3.2992 -0.1364 1.6555 0.3360 -1.8981 -3.5236 1.6915 -11.7450 0.0008 3.2511 -0.0519 4.2316 -3.0404 1.5478 -1.4314 -0.1025 1.0117
0.1178 99.9366 -0.1376 -0.3930 -2.2225 1.1947 -0.2218 -1.4168 0.0091 -0.4685 -5.7724 -0.0045 -0.0641 13.3855 -2.2985 -0.3461 23.1429 3.3559 -0.6149 -3.7789 0.4400 0.0431 -7.0978 -0.1395 0.0078 0.0014 0.0177 0.6764 -10.5083 -3.8188 -0.6601 -10.5387 3.8605 -18.2613 12.6079 -11.1134 -53.0937 6.6187 -23.9054 0.0672 0.0808 -32.1026 -0.3914 -15.0657 4.4193 -15.7416 10.5491 15.5885 -60.4555 1.3882 2.5811 15.7596 12.5912 13.7333 57.3151 7.6572 26.2310 -0.0037 0.0688 37.9695 2.7089 -7.3265 -5.2359 15.5256 7.1850 -16.3090 49.7627 -3.6550 -5.5353 4.8695 -2.7725 8.1901 -0.0497 7.8718 -0.1456 -5.3262 -3.3063 -0.1568 1.6565 0.3483 -1.8914 -3.5136 1.7111 -11.7622 0.0023 3.2848 -0.0494 4.1967 -3.0366 1.5477 -1.4319 -0.0780 1.0154
0.0972 99.9442 -0.1817 -0.3987 -2.2682 1.2239 -0.2034 -1.3986 0.0101 -0.4630 -5.7720 -0.0168 -0.0520 13.4589 -2.2936 -0.3267 23.2361 3.3611 -0.6404 -3.7796 0.4617 0.0078 -7.1693 -0.1540 0.0070 0.0036 0.0214 0.6740 -10.5066 -3.8144 -0.6594 -10.5390 3.8635 -18.2939 12.6333 -11.1068 -53.0707 6.6655 -23.9493 0.0891 0.0835 -32.1351 -0.3719 -15.0753 4.4260 -15.7361 10.5547 15.5647 -60.4364 1.4062 2.5536 15.7983 12.6382 13.7622 57.2512 7.6355 26.2226 0.0311 0.0625 37.9806 2.7162 -7.4179 -5.2459 15.4815 7.1608 -16.2943 49.6994 -3.6747 -5.5235 4.8908 -2.7756 8.2205 -0.0529 7.9124 -0.1515 -5.3336 -3.3034 -0.2215 1.6593 0.3484 -1.8842 -3.5018 1.7250 -11.7771 0.0007 3.3264 -0.0471 4.1691 -3.0387 1.5485 -1.4337 -0.0728 1.0209
0.0833 99.9523 -0.2438 -0.4036 -2.3125 1.2445 -0.1938 -1.3899 0.0257 -0.4614 -5.7694 -0.0475 -0.0160 13.5386 -2.2843 -0.2970 23.3580 3.3691 -0.6596 -3.7810 0.4545 -0.0141 -7.2689 -0.1711 0.0077 0.0086 0.0203 0.6727 -10.5035 -3.8133 -0.6568 -10.5361 3.8599 -18.3332 12.6484 -11.0970 -53.0537 6.7024 -23.9739 0.0685 0.0859 -32.1381 -0.3460 -15.0395 4.4219 -15.7466 10.5552 15.5467 -60.4291 1.4154 2.5465 15.8338 12.6887 13.7734 57.1942 7.6625 26.2650 0.0248 0.0542 38.0185 2.7344 -7.4000 -5.2551 15.4663 7.1596 -16.3039 49.6947 -3.6756 -5.5195 4.9078 -2.7733 8.2429 -0.0557 7.9404 -0.1510 -5.3507 -3.3020 -0.2776 1.6595 0.3318 -1.8752 -3.4897 1.7285 -11.8011 -0.0023 3.3755 -0.0513 4.1431 -3.0283 1.5432 -1.4355 -0.0862 1.0316
0.0612 99.9450 -0.2767 -0.4070 -2.3495 1.2737 -0.1837 -1.3947 0.0307 -0.4628 -5.7594 -0.0649 0.0342 13.6164 -2.2626 -0.2741 23.4901 3.3586 -0.6613 -3.7829 0.4288 0.0138 -7.3862 -0.2107 0.0070 0.0141 0.0240 0.6696 -10.4997 -3.8091 -0.6550 -10.5321 3.8637 -18.3926 12.6818 -11.0882 -53.0290 6.7145 -23.9958 0.0237 0.0885 -32.1337 -0.3154 -14.9294 4.4004 -15.7861 10.5583 15.5486 -60.4116 1.4278 2.5550 15.8691 12.7222 13.7373 57.1579 7.6996 26.2826 0.0031 0.0428 38.0831 2.7678 -7.2832 -5.2785 15.4566 7.1629 -16.3151 49.7175 -3.6665 -5.5192 4.9266 -2.7633 8.2600 -0.0529 7.9393 -0.1439 -5.3739 -3.2716 -0.3365 1.6590 0.2906 -1.8819 -3.4826 1.7408 -11.8272 -0.0007 3.3894 -0.0448 4.1232 -2.9924 1.5304 -1.4378 -0.1137 1.0423
0.0576 99.9426 -0.3024 -0.4117 -2.3872 1.2970 -0.1754 -1.3970 0.0451 -0.4613 -5.7641 -0.0874 0.0831 13.7121 -2.2502 -0.2511 23.6405 3.3296 -0.6439 -3.7845 0.3987 0.0455 -7.5464 -0.2666 0.0054 0.0190 0.0307 0.6656 -10.5033 -3.8004 -0.6543 -10.5360 3.8696 -18.4419 12.7599 -11.0910 -53.0459 6.6594 -23.9906 0.0026 0.0840 -32.1309 -0.2976 -14.7695 4.3926 -15.8107 10.5686 15.5614 -60.4122 1.4438 2.5709 15.8905 12.7395 13.6797 57.1326 7.7035 26.2493 0.0217 0.0160 38.1288 2.7739 -7.0951 -5.2763 15.4364 7.1805 -16.3222 49.7300 -3.6423 -5.5240 4.9391 -2.7570 8.2545 -0.0511 7.9521 -0.1414 -5.3784 -3.2369 -0.3538 1.6574 0.2715 -1.8974 -3.4752 1.7562 -11.8271 0.0026 3.4025 -0.0407 4.1235 -2.9717 1.4988 -1.4377 -0.1283 1.0499
0.0385 99.9330 -0.3211 -0.4132 -2.4210 1.3082 -0.1727 -1.3921 0.0503 -0.4554 -5.7787 -0.1036 0.1243 13.8054 -2.2540 -0.1935 23.7684 3.3073 -0.6217 -3.7879 0.3442 0.0412 -7.6861 -0.3108 0.0045 0.0220 0.0325 0.6612 -10.5043 -3.7976 -0.6518 -10.5367 3.8714 -18.4757 12.8522 -11.0932 -53.1129 6.6138 -24.0077 0.0084 0.0958 -32.1505 -0.2631 -14.6236 4.3858 -15.8192 10.5654 15.5740 -60.3676 1.4339 2.5738 15.9339 12.7461 13.6295 57.0964 7.6886 26.1577 0.0459 0.0012 38.1439 2.7587 -6.9571 -5.2729 15.4318 7.1841 -16.3060 49.6960 -3.6275 -5.5119 4.9491 -2.7430 8.2168 -0.0513 7.9591 -0.1398 -5.3652 -3.2113 -0.3037 1.6561 0.2780 -1.9124 -3.4666 1.7617 -11.8373 0.0075 3.4241 -0.0339 4.1387 -2.9773 1.4852 -1.4355 -0.1127 1.0479
0.0218 99.9362 -0.3713 -0.4185 -2.4607 1.3117 -0.1688 -1.3805 0.0396 -0.4416 -5.8015 -0.0993 0.1572 13.9153 -2.2817 -0.1190 23.8723 3.2956 -0.6114 -3.7919 0.2893 0.0237 -7.8248 -0.3714 0.0046 0.0220 0.0303 0.6614 -10.5119 -3.7995 -0.6519 -10.5448 3.8692 -18.4829 12.9115 -11.0852 -53.1961 6.6040 -24.0331 0.0103 0.0931 -32.2314 -0.2016 -14.5285 4.3783 -15.8221 10.5622 15.5769 -60.3713 1.4257 2.5659 15.9683 12.7678 13.5886 57.0311 7.6558 26.0715 0.0680 -0.0085 38.1901 2.7260 -6.9261 -5.2727 15.4253 7.1838 -16.2883 49.6881 -3.6239 -5.4985 4.9632 -2.7368 8.1635 -0.0532 7.9913 -0.1431 -5.3398 -3.2047 -0.2228 1.6536 0.2947 -1.9187 -3.4594 1.7591 -11.8474 0.0093 3.4781 -0.0272 4.1520 -2.9855 1.4776 -1.4329 -0.0846 1.0466
0.0042 99.9322 -0.4023 -0.4226 -2.4956 1.3145 -0.1561 -1.3736 0.0298 -0.4291 -5.8109 -0.1023 0.1739 14.0003 -2.3177 -0.0387 23.9422 3.2766 -0.6127 -3.7900 0.2368 -0.0076 -7.9579 -0.3977 0.0048 0.0201 0.0273 0.6614 -10.5090 -3.8032 -0.6514 -10.5431 3.8671 -18.5037 12.9584 -11.0828 -53.2633 6.6188 -24.0877 0.0070 0.0970 -32.2863 -0.1585 -14.4825 4.3639 -15.8070 10.5360 15.5578 -60.3459 1.4117 2.5634 16.0316 12.7842 13.5477 56.9582 7.6508 26.0279 0.0792 -0.0042 38.2086 2.6938 -6.8698 -5.2615 15.4194 7.1867 -16.2724 49.6841 -3.6395 -5.4703 4.9770 -2.7413 8.1463 -0.0544 8.0194 -0.1520 -5.3247 -3.2137 -0.1820 1.6532 0.3064 -1.9233 -3.4522 1.7400 -11.8588 0.0098 3.5535 -0.0253 4.1595 -3.0133 1.4820 -1.4304 -0.0562 1.0440
-0.0176 99.9254 -0.4469 -0.4186 -2.5264 1.3166 -0.1451 -1.3625 0.0170 -0.4257 -5.8084 -0.1175 0.1752 14.0647 -2.3484 0.0594 24.0026 3.2536 -0.6293 -3.7944 0.2042 -0.0333 -8.0391 -0.4116 0.0047 0.0173 0.0271 0.6607 -10.5096 -3.8033 -0.6509 -10.5431 3.8673 -18.5181 13.0047 -11.0965 -53.3099 6.6473 -24.1802 0.0254 0.0963 -32.3223 -0.1444 -14.5511 4.3556 -15.8079 10.5182 15.5339 -60.3136 1.4147 2.5479 16.1057 12.8093 13.5314 56.8839 7.6355 26.0046 0.0997 -0.0115 38.2380 2.6572 -6.7909 -5.2527 15.3895 7.1823 -16.2550 49.6635 -3.6468 -5.4651 4.9766 -2.7413 8.1399 -0.0572 8.0347 -0.1492 -5.3216 -3.2219 -0.1542 1.6549 0.2995 -1.9233 -3.4440 1.7154 -11.8722 0.0084 3.6280 -0.0290 4.1564 -3.0567 1.4893 -1.4274 -0.0354 1.0394
-0.0407 99.9255 -0.4669 -0.4132 -2.5538 1.2951 -0.1345 -1.3535 0.0121 -0.4222 -5.8100 -0.1555 0.1803 14.1271 -2.3458 0.1339 24.0597 3.2065 -0.6543 -3.7883 0.1979 -0.0365 -8.1177 -0.4098 0.0042 0.0165 0.0261 0.6599 -10.5158 -3.8046 -0.6511 -10.5492 3.8669 -18.5499 13.0391 -11.1191 -53.3472 6.6819 -24.2758 0.0673 0.0969 -32.3792 -0.1728 -14.6050 4.3553 -15.7987 10.5137 15.5184 -60.3180 1.4132 2.5397 16.1653 12.8340 13.5268 56.8451 7.6337 25.9966 0.0918 -0.0069 38.2578 2.6051 -6.7933 -5.2463 15.4044 7.1872 -16.2620 49.6847 -3.6543 -5.4512 4.9867 -2.7384 8.1549 -0.0593 8.0591 -0.1425 -5.3548 -3.2380 -0.1440 1.6557 0.2904 -1.9195 -3.4438 1.6807 -11.8799 0.0067 3.7085 -0.0335 4.1518 -3.0884 1.5337 -1.4254 -0.0491 1.0346
-0.0462 99.9115 -0.4856 -0.4086 -2.5830 1.2831 -0.1298 -1.3539 0.0125 -0.4225 -5.8003 -0.1801 0.1859 14.1709 -2.3540 0.2196 24.1325 3.1413 -0.6808 -3.7906 0.2057 -0.0245 -8.1972 -0.4395 0.0033 0.0145 0.0273 0.6584 -10.5199 -3.8057 -0.6513 -10.5554 3.8709 -18.5781 13.0659 -11.1362 -53.3731 6.7034 -24.3485 0.1076 0.1078 -32.4033 -0.2291 -14.6382 4.3140 -15.7676 10.5230 15.5196 -60.2781 1.4144 2.5213 16.2322 12.8609 13.5180 56.8346 7.6622 26.0232 0.0326 0.0158 38.2602 2.5629 -6.8867 -5.2630 15.4088 7.1976 -16.2768 49.6985 -3.6524 -5.4624 5.0000 -2.7151 8.1647 -0.0601 8.0460 -0.1356 -5.3622 -3.2372 -0.1357 1.6567 0.2734 -1.9162 -3.4484 1.6732 -11.8991 0.0049 3.7475 -0.0266 4.1371 -3.1134 1.5783 -1.4242 -0.0745 1.0304
-0.0435 99.9027 -0.5060 -0.4052 -2.6114 1.2864 -0.1236 -1.3518 0.0117 -0.4267 -5.7963 -0.1937 0.1889 14.2148 -2.3821 0.3069 24.2109 3.0873 -0.6958 -3.7966 0.1912 -0.0201 -8.2805 -0.4771 0.0039 0.0122 0.0295 0.6583 -10.5244 -3.8040 -0.6498 -10.5615 3.8728 -18.5882 13.1110 -11.1305 -53.3775 6.6972 -24.4058 0.1402 0.1141 -32.4604 -0.2541 -14.7255 4.2794 -15.7403 10.5285 15.5176 -60.2421 1.4145 2.5104 16.2827 12.8805 13.5203 56.8367 7.6659 26.0092 -0.0001 0.0311 38.2730 2.5037 -7.0336 -5.2732 15.4206 7.2092 -16.2737 49.6920 -3.6480 -5.4564 5.0075 -2.7041 8.1626 -0.0637 8.0523 -0.1337 -5.3464 -3.2471 -0.1293 1.6568 0.2798 -1.9066 -3.4487 1.6623 -11.8969 0.0052 3.7960 -0.0275 4.1215 -3.1339 1.6100 -1.4251 -0.0875 1.0304
-0.0528 99.8969 -0.5453 -0.4043 -2.6291 1.2783 -0.1170 -1.3462 -0.0012 -0.4323 -5.7922 -0.1916 0.1953 14.2450 -2.4053 0.3768 24.2641 3.0610 -0.7001 -3.7952 0.1475 -0.0164 -8.3858 -0.5402 0.0077 0.0150 0.0207 0.6608 -10.5196 -3.8132 -0.6447 -10.5594 3.8628 -18.5923 13.1307 -11.1126 -53.3720 6.6836 -24.4370 0.1707 0.1110 -32.5207 -0.2800 -14.7972 4.2595 -15.7023 10.5424 15.5387 -60.1953 1.4114 2.5005 16.3242 12.9001 13.5273 56.8401 7.6703 25.9861 -0.0334 0.0410 38.2969 2.4968 -7.1842 -5.2643 15.4217 7.2119 -16.2731 49.6833 -3.6524 -5.4444 5.0131 -2.7212 8.1482 -0.0617 8.0829 -0.1340 -5.3388 -3.2589 -0.1125 1.6574 0.2860 -1.8939 -3.4400 1.6421 -11.8849 0.0065 3.8349 -0.0320 4.1034 -3.1501 1.6193 -1.4263 -0.0885 1.0309
-0.0528 99.8955 -0.5630 -0.4104 -2.6434 1.2693 -0.1062 -1.3483 -0.0027 -0.4355 -5.7945 -0.1934 0.1943 14.2913 -2.4341 0.4320 24.3296 3.0319 -0.7135 -3.7945 0.1249 0.0099 -8.5055 -0.6133 0.0110 0.0188 0.0139 0.6639 -10.5135 -3.8209 -0.6409 -10.5554 3.8555 -18.6071 13.1752 -11.1067 -53.3223 6.6531 -24.4613 0.1892 0.1123 -32.5774 -0.2758 -14.8632 4.2411 -15.6900 10.5517 15.5596 -60.1844 1.4127 2.4920 16.3701 12.9502 13.5331 56.8183 7.6851 26.0156 -0.0753 0.0515 38.2947 2.4926 -7.3013 -5.2299 15.4313 7.2193 -16.2757 49.7117 -3.6588 -5.4364 5.0247 -2.7547 8.1307 -0.0620 8.1362 -0.1351 -5.3323 -3.2829 -0.0924 1.6578 0.2845 -1.8904 -3.4238 1.6183 -11.8538 0.0053 3.8709 -0.0327 4.0942 -3.1648 1.6155 -1.4275 -0.0796 1.0278
-0.0591 99.9032 -0.5902 -0.4177 -2.6529 1.2650 -0.1000 -1.3473 -0.0015 -0.4369 -5.7995 -0.2060 0.1945 14.3289 -2.4375 0.4742 24.3982 3.0184 -0.7215 -3.7889 0.0839 0.0395 -8.6065 -0.6602 0.0152 0.0241 -0.0007 0.6652 -10.5070 -3.8361 -0.6336 -10.5492 3.8397 -18.6148 13.1962 -11.1067 -53.2708 6.6156 -24.4297 0.1841 0.1090 -32.6454 -0.2673 -14.8988 4.2236 -15.7057 10.5410 15.5782 -60.1964 1.4024 2.5041 16.4042 12.9938 13.5188 56.7988 7.6734 26.0482 -0.1024 0.0499 38.2772 2.4864 -7.2787 -5.2137 15.4378 7.2329 -16.2952 49.7605 -3.6461 -5.4370 5.0350 -2.7910 8.0820 -0.0623 8.1920 -0.1387 -5.3355 -3.3007 -0.0438 1.6575 0.2797 -1.8913 -3.4060 1.5829 -11.8377 -0.0011 3.9264 -0.0389 4.0953 -3.1727 1.6073 -1.4287 -0.0750 1.0269
-0.0706 99.9015 -0.5983 -0.4244 -2.6693 1.2671 -0.0968 -1.3409 0.0051 -0.4406 -5.7956 -0.2207 0.1979 14.3592 -2.4280 0.4996 24.4773 2.9917 -0.7249 -3.7927 0.0549 0.0649 -8.6727 -0.6807 0.0187 0.0251 -0.0128 0.6652 -10.4961 -3.8473 -0.6267 -10.5386 3.8255 -18.6245 13.2050 -11.0856 -53.2156 6.5406 -24.3575 0.1525 0.1250 -32.6761 -0.2604 -14.8914 4.1933 -15.7150 10.5420 15.5859 -60.2191 1.3958 2.5257 16.4322 13.0336 13.4764 56.7791 7.6151 26.0531 -0.1116 0.0505 38.2316 2.5013 -7.1984 -5.2205 15.4370 7.2301 -16.2977 49.7881 -3.6274 -5.4378 5.0453 -2.8011 8.0138 -0.0652 8.2232 -0.1402 -5.3491 -3.2987 0.0454 1.6575 0.2620 -1.8887 -3.3933 1.5646 -11.8208 -0.0035 3.9671 -0.0354 4.1026 -3.1812 1.5913 -1.4298 -0.0775 1.0287
-0.0822 99.9105 -0.6181 -0.4289 -2.6887 1.2679 -0.1004 -1.3367 0.0140 -0.4451 -5.8058 -0.2489 0.2093 14.4104 -2.3859 0.5133 24.5600 2.9564 -0.7269 -3.7896 0.0219 0.0850 -8.7358 -0.7130 0.0201 0.0257 -0.0159 0.6638 -10.5002 -3.8497 -0.6225 -10.5411 3.8211 -18.6279 13.2169 -11.0719 -53.1661 6.4279 -24.2475 0.0887 0.1137 -32.6933 -0.2436 -14.8364 4.1408 -15.7363 10.5540 15.5891 -60.2924 1.3951 2.5452 16.4508 13.0668 13.4591 56.7562 7.5186 25.9554 -0.0585 0.0268 38.2005 2.4670 -7.0019 -5.2161 15.4370 7.2351 -16.3176 49.8261 -3.6167 -5.4410 5.0541 -2.8047 7.9742 -0.0659 8.2521 -0.1475 -5.3636 -3.3058 0.1163 1.6557 0.2429 -1.8856 -3.3872 1.5554 -11.8102 -0.0029 4.0025 -0.0377 4.1164 -3.1695 1.5996 -1.4304 -0.0952 1.0362
-0.0959 99.9110 -0.6299 -0.4331 -2.7132 1.2592 -0.1029 -1.3443 0.0267 -0.4477 -5.8127 -0.2641 0.2160 14.4554 -2.3406 0.5254 24.6513 2.9221 -0.7417 -3.7831 -0.0312 0.1141 -8.7901 -0.7653 0.0196 0.0248 -0.0106 0.6624 -10.5007 -3.8426 -0.6221 -10.5392 3.8252 -18.6415 13.2222 -11.0674 -53.1308 6.3467 -24.1665 0.0424 0.1155 -32.6826 -0.2352 -14.8033 4.0800 -15.7530 10.5610 15.5796 -60.3375 1.3907 2.5421 16.4708 13.0677 13.4409 56.7635 7.4605 25.8333 -0.0143 0.0135 38.1881 2.4273 -6.8122 -5.2317 15.4379 7.2327 -16.3302 49.8333 -3.6141 -5.4407 5.0548 -2.7936 7.9447 -0.0616 8.2670 -0.1494 -5.3563 -3.2934 0.1892 1.6546 0.2231 -1.8877 -3.3848 1.5622 -11.8192 -0.0002 4.0148 -0.0314 4.1340 -3.1675 1.6037 -1.4305 -0.1079 1.0415
-0.0815 99.8922 -0.6519 -0.4355 -2.7308 1.2591 -0.1052 -1.3664 0.0335 -0.4471 -5.8133 -0.2541 0.2158 14.4983 -2.3179 0.5252 24.7263 2.9102 -0.7600 -3.7797 -0.1038 0.1554 -8.8082 -0.8400 0.0177 0.0238 -0.0018 0.6599 -10.5001 -3.8317 -0.6239 -10.5337 3.8334 -18.6798 13.2243 -11.0524 -53.0886 6.3199 -24.1464 0.0155 0.1231 -32.6698 -0.2068 -14.8449 4.0291 -15.7647 10.5703 15.5819 -60.3704 1.3881 2.5274 16.4802 13.0618 13.4374 56.7850 7.3867 25.6724 0.0511 0.0175 38.1832 2.3841 -6.6865 -5.2432 15.4299 7.2211 -16.3346 49.8121 -3.6156 -5.4425 5.0559 -2.7746 7.9250 -0.0614 8.2602 -0.1550 -5.3467 -3.2865 0.2584 1.6536 0.2347 -1.8915 -3.3862 1.5715 -11.8526 0.0060 4.0127 -0.0317 4.1433 -3.1803 1.6106 -1.4303 -0.1046 1.0432
-0.0880 99.8857 -0.6377 -0.4393 -2.7351 1.2581 -0.1089 -1.3906 0.0260 -0.4460 -5.8156 -0.2197 0.2107 14.5393 -2.3181 0.5239 24.7935 2.9176 -0.7843 -3.7855 -0.1701 0.1743 -8.8040 -0.9225 0.0154 0.0217 0.0104 0.6593 -10.5068 -3.8185 -0.6281 -10.5366 3.8456 -18.7146 13.2363 -11.0241 -53.0353 6.3281 -24.1556 -0.0004 0.1223 -32.7179 -0.1721 -14.9705 4.0151 -15.7652 10.5624 15.5879 -60.3682 1.3794 2.5362 16.5054 13.0673 13.4605 56.7505 7.3382 25.5388 0.1166 0.0069 38.2131 2.3688 -6.6651 -5.2398 15.4563 7.2221 -16.3404 49.8506 -3.6063 -5.4482 5.0550 -2.7794 7.9154 -0.0602 8.2651 -0.1557 -5.3189 -3.2796 0.2909 1.6522 0.2598 -1.8941 -3.3832 1.5639 -11.8776 0.0145 4.0315 -0.0303 4.1594 -3.2101 1.5930 -1.4284 -0.1218 1.0444
-0.0863 99.8789 -0.6598 -0.4418 -2.7376 1.2330 -0.1125 -1.4036 0.0217 -0.4458 -5.8204 -0.1893 0.2052 14.5614 -2.3212 0.5136 24.8434 2.9516 -0.7985 -3.7899 -0.2351 0.1595 -8.7900 -0.9715 0.0156 0.0203 0.0097 0.6621 -10.5121 -3.8191 -0.6307 -10.5389 3.8452 -18.7628 13.2665 -11.0013 -52.9894 6.3206 -24.1661 0.0058 0.1267 -32.7278 -0.1693 -15.0983 4.0154 -15.7704 10.5325 15.5868 -60.3170 1.3615 2.5463 16.5463 13.1018 13.5072 56.6710 7.3400 25.5304 0.1429 -0.0054 38.2270 2.4100 -6.6613 -5.2407 15.4574 7.2183 -16.3289 49.8466 -3.6020 -5.4559 5.0496 -2.7876 7.9154 -0.0567 8.2826 -0.1585 -5.3038 -3.2823 0.3081 1.6520 0.2689 -1.8936 -3.3756 1.5423 -11.8653 0.0142 4.0633 -0.0349 4.1635 -3.2497 1.5587 -1.4260 -0.1368 1.0434
-0.0809 99.8806 -0.6647 -0.4414 -2.7492 1.2055 -0.1142 -1.4073 0.0069 -0.4423 -5.8237 -0.1587 0.1901 14.5736 -2.3236 0.4848 24.8891 2.9704 -0.8238 -3.7923 -0.2456 0.1287 -8.7664 -0.9777 0.0179 0.0190 -0.0003 0.6666 -10.5096 -3.8281 -0.6305 -10.5361 3.8330 -18.8103 13.2799 -10.9828 -52.9523 6.3230 -24.1519 0.0032 0.1313 -32.7539 -0.1899 -15.1364 4.0458 -15.7612 10.5019 15.5724 -60.2653 1.3467 2.5435 16.5645 13.1571 13.5664 56.6123 7.3550 25.6158 0.1159 -0.0039 38.2074 2.4538 -6.6903 -5.2163 15.4651 7.2236 -16.3090 49.8510 -3.5899 -5.4547 5.0459 -2.7818 7.8941 -0.0554 8.2912 -0.1490 -5.2957 -3.2886 0.3195 1.6523 0.2686 -1.8870 -3.3747 1.5248 -11.8372 0.0126 4.1075 -0.0349 4.1663 -3.2651 1.5179 -1.4264 -0.1581 1.0430
-0.0941 99.8844 -0.6657 -0.4355 -2.7692 1.1841 -0.1184 -1.4049 0.0084 -0.4427 -5.8333 -0.1606 0.1728 14.5952 -2.3070 0.4644 24.9435 2.9890 -0.8416 -3.7924 -0.2692 0.0790 -8.7657 -0.9666 0.0198 0.0193 -0.0115 0.6697 -10.5046 -3.8382 -0.6295 -10.5334 3.8194 -18.8671 13.2729 -10.9862 -52.9246 6.3533 -24.1414 0.0212 0.1456 -32.7859 -0.2142 -15.1365 4.0757 -15.7297 10.4904 15.5660 -60.2064 1.3414 2.5541 16.5771 13.2218 13.6218 56.5554 7.3735 25.7493 0.0823 -0.0023 38.1627 2.4949 -6.7496 -5.1948 15.4642 7.2311 -16.3007 49.8484 -3.5867 -5.4537 5.0354 -2.7542 7.8454 -0.0574 8.2820 -0.1507 -5.2760 -3.2973 0.3514 1.6523 0.2718 -1.8811 -3.3857 1.5246 -11.8022 0.0044 4.1384 -0.0471 4.1835 -3.2828 1.4992 -1.4267 -0.1648 1.0413
-0.0754 99.8929 -0.6971 -0.4282 -2.7835 1.1986 -0.1233 -1.4141 0.0150 -0.4411 -5.8488 -0.1624 0.1521 14.6260 -2.3186 0.4402 25.0019 3.0008 -0.8756 -3.7991 -0.2832 0.0234 -8.7982 -0.9643 0.0196 0.0155 -0.0124 0.6663 -10.5000 -3.8364 -0.6265 -10.5320 3.8154 -18.9139 13.2697 -10.9886 -52.9047 6.4144 -24.2063 0.0734 0.1554 -32.8072 -0.2448 -15.1146 4.0965 -15.7218 10.4799 15.5513 -60.1989 1.3443 2.5561 16.5673 13.2669 13.6636 56.5348 7.3745 25.8566 0.0674 0.0047 38.1277 2.5088 -6.8119 -5.2163 15.4621 7.2264 -16.2962 49.8547 -3.5912 -5.4476 5.0170 -2.7377 7.7978 -0.0638 8.2817 -0.1548 -5.2563 -3.3054 0.3598 1.6529 0.2563 -1.8734 -3.4019 1.5274 -11.7722 -0.0024 4.1618 -0.0496 4.2115 -3.2805 1.4929 -1.4290 -0.1708 1.0324
-0.0760 99.8917 -0.6989 -0.4145 -2.7991 1.2312 -0.1267 -1.4240 0.0265 -0.4410 -5.8532 -0.1733 0.1311 14.6520 -2.3198 0.4164 25.0544 3.0208 -0.9029 -3.8052 -0.3173 -0.0123 -8.8255 -0.9913 0.0174 0.0134 -0.0044 0.6652 -10.4978 -3.8276 -0.6298 -10.5307 3.8224 -18.9536 13.2414 -11.0017 -52.8765 6.5131 -24.2963 0.1267 0.1556 -32.8289 -0.2891 -15.1504 4.0937 -15.7283 10.4796 15.5291 -60.2000 1.3624 2.5261 16.5493 13.2766 13.6919 56.5240 7.4060 25.9290 0.0768 0.0110 38.1325 2.5059 -6.8817 -5.2344 15.4416 7.2210 -16.2914 49.8223 -3.5959 -5.4417 4.9936 -2.7234 7.7664 -0.0678 8.2792 -0.1609 -5.2336 -3.3142 0.3743 1.6555 0.2403 -1.8687 -3.4300 1.5208 -11.7403 -0.0033 4.2074 -0.0516 4.2391 -3.2815 1.4811 -1.4315 -0.1705 1.0180
-0.0835 99.8942 -0.7083 -0.4067 -2.8130 1.2603 -0.1256 -1.4418 0.0423 -0.4421 -5.8476 -0.1744 0.1210 14.6627 -2.3183 0.3857 25.0995 3.0446 -0.9169 -3.8094 -0.3547 -0.0260 -8.8344 -1.0206 0.0150 0.0142 0.0043 0.6655 -10.4953 -3.8183 -0.6351 -10.5290 3.8312 -18.9898 13.2063 -10.9974 -52.8461 6.6163 -24.3867 0.1623 0.1588 -32.8389 -0.3187 -15.2354 4.0617 -15.7456 10.5055 15.5262 -60.2075 1.3992 2.4891 16.5266 13.2642 13.7204 56.5233 7.4603 25.9933 0.0804 0.0185 38.1439 2.5243 -6.9252 -5.2307 15.4365 7.2176 -16.2955 49.8144 -3.6001 -5.4367 4.9766 -2.7132 7.7759 -0.0729 8.2836 -0.1712 -5.2240 -3.3330 0.3935 1.6576 0.2429 -1.8722 -3.4475 1.5174 -11.7011 -0.0075 4.2388 -0.0561 4.2361 -3.2918 1.4476 -1.4338 -0.1559 1.0059
-0.0432 99.9038 -0.7059 -0.3975 -2.8212 1.2797 -0.1260 -1.4722 0.0625 -0.4453 -5.8521 -0.1680 0.1293 14.6832 -2.3032 0.3406 25.1487 3.0599 -0.9091 -3.8073 -0.4096 -0.0180 -8.8450 -1.0510 0.0152 0.0180 0.0029 0.6678 -10.4915 -3.8197 -0.6371 -10.5247 3.8296 -19.0401 13.1903 -11.0157 -52.7911 6.6924 -24.4511 0.1729 0.1583 -32.8553 -0.3378 -15.3220 4.0533 -15.7891 10.5237 15.5240 -60.2589 1.4331 2.4535 16.5084 13.2593 13.7323 56.5122 7.5638 26.0918 0.0335 0.0077 38.1840 2.5526 -6.8932 -5.2241 15.4253 7.2293 -16.3098 49.8310 -3.5926 -5.4360 4.9530 -2.7162 7.7856 -0.0724 8.3074 -0.1637 -5.2180 -3.3374 0.3864 1.6575 0.2395 -1.8815 -3.4649 1.5012 -11.6848 -0.0045 4.2900 -0.0555 4.2248 -3.3290 1.4044 -1.4348 -0.1490 0.9970
-0.0307 99.8980 -0.7285 -0.3913 -2.8264 1.2768 -0.1314 -1.5083 0.0661 -0.4491 -5.8485 -0.1413 0.1439 14.6901 -2.2873 0.3197 25.1767 3.0782 -0.9023 -3.8039 -0.4615 -0.0152 -8.8529 -1.0678 0.0161 0.0222 -0.0028 0.6692 -10.4858 -3.8286 -0.6369 -10.5187 3.8269 -19.0972 13.1882 -11.0371 -52.7322 6.6989 -24.4381 0.1430 0.1703 -32.8394 -0.3311 -15.3641 4.0287 -15.7912 10.5377 15.5453 -60.2590 1.4573 2.4741 16.5234 13.2625 13.7263 56.4868 7.6281 26.1872 -0.0172 -0.0028 38.1806 2.5668 -6.7397 -5.2124 15.4270 7.2344 -16.3133 49.8751 -3.5901 -5.4465 4.9346 -2.7036 7.7873 -0.0658 8.2975 -0.1453 -5.2180 -3.3330 0.3789 1.6561 0.2458 -1.8933 -3.4799 1.4994 -11.6624 -0.0018 4.2914 -0.0456 4.2386 -3.3497 1.3484 -1.4353 -0.1289 0.9941
-0.0156 99.9009 -0.7576 -0.3886 -2.8392 1.2798 -0.1372 -1.5287 0.0772 -0.4532 -5.8599 -0.1249 0.1546 14.7215 -2.2743 0.3110 25.2051 3.1053 -0.8796 -3.7996 -0.4999 -0.0202 -8.8872 -1.0780 0.0189 0.0252 -0.0130 0.6715 -10.4867 -3.8416 -0.6337 -10.5188 3.8191 -19.1224 13.1975 -11.0518 -52.6842 6.6691 -24.3947 0.1038 0.1646 -32.8441 -0.2873 -15.3532 4.0167 -15.7739 10.5432 15.5549 -60.2411 1.4701 2.4874 16.5497 13.2605 13.7159 56.4423 7.6554 26.2484 -0.0264 -0.0241 38.2009 2.5337 -6.6182 -5.2051 15.4327 7.2400 -16.3142 49.9248 -3.5713 -5.4524 4.9226 -2.6956 7.7889 -0.0603 8.3087 -0.1354 -5.1939 -3.3320 0.3647 1.6563 0.2279 -1.9008 -3.4922 1.4977 -11.6112 0.0024 4.3074 -0.0508 4.2619 -3.3718 1.2851 -1.4347 -0.1256 1.0014
-0.0043 99.8967 -0.7500 -0.3900 -2.8735 1.2876 -0.1439 -1.5285 0.0769 -0.4521 -5.8714 -0.1075 0.1586 14.7509 -2.2755 0.3014 25.2410 3.1334 -0.8597 -3.7944 -0.5299 -0.0279 -8.9446 -1.0815 0.0190 0.0290 -0.0149 0.6733 -10.4894 -3.8446 -0.6352 -10.5221 3.8174 -19.1248 13.1913 -11.0426 -52.6771 6.6209 -24.3310 0.0595 0.1566 -32.8222 -0.2310 -15.2561 4.0064 -15.7409 10.5552 15.5651 -60.2310 1.4724 2.5025 16.5757 13.2682 13.7002 56.3987 7.6422 26.2862 -0.0238 -0.0224 38.2298 2.5006 -6.6098 -5.2224 15.4373 7.2413 -16.3122 49.9487 -3.5673 -5.4550 4.9268 -2.6618 7.7825 -0.0587 8.3128 -0.1333 -5.1931 -3.3197 0.3390 1.6556 0.2196 -1.8994 -3.4983 1.5210 -11.5698 0.0046 4.3252 -0.0495 4.2805 -3.3779 1.2176 -1.4322 -0.1211 1.0079
-0.0099 99.8957 -0.7587 -0.3939 -2.9223 1.2911 -0.1450 -1.5109 0.0974 -0.4503 -5.8870 -0.1383 0.1546 14.7824 -2.2605 0.3031 25.2653 3.1677 -0.8448 -3.7891 -0.5435 -0.0390 -9.0079 -1.0894 0.0174 0.0298 -0.0089 0.6748 -10.4975 -3.8388 -0.6400 -10.5309 3.8256 -19.1253 13.1715 -11.0196 -52.6855 6.5950 -24.2484 0.0311 0.1381 -32.8169 -0.1846 -15.1875 4.0197 -15.7245 10.5326 15.5498 -60.2234 1.4503 2.5229 16.6102 13.2756 13.6982 56.3393 7.6369 26.2774 0.0181 -0.0278 38.3060 2.4654 -6.6902 -5.2455 15.4414 7.2347 -16.3141 49.9384 -3.5660 -5.4542 4.9334 -2.6310 7.7731 -0.0592 8.3497 -0.1369 -5.1980 -3.3220 0.3410 1.6554 0.2201 -1.8987 -3.5030 1.5512 -11.5318 0.0037 4.3723 -0.0577 4.2841 -3.3890 1.1657 -1.4310 -0.1137 1.0152
-0.0117 99.8843 -0.7563 -0.4020 -2.9629 1.3102 -0.1449 -1.4967 0.0955 -0.4478 -5.8984 -0.1445 0.1506 14.8000 -2.2632 0.3115 25.2999 3.1934 -0.8256 -3.7952 -0.5425 -0.0599 -9.0638 -1.0695 0.0143 0.0278 0.0022 0.6710 -10.5064 -3.8275 -0.6424 -10.5396 3.8373 -19.1158 13.1651 -11.0135 -52.7124 6.5456 -24.1483 0.0254 0.1248 -32.8182 -0.1601 -15.1769 4.0297 -15.7396 10.5242 15.5584 -60.2617 1.4180 2.5517 16.6312 13.2978 13.6919 56.2961 7.5858 26.2351 0.0526 -0.0300 38.3977 2.4556 -6.8099 -5.2829 15.4451 7.2129 -16.3054 49.9075 -3.5823 -5.4474 4.9446 -2.6282 7.7483 -0.0590 8.4117 -0.1418 -5.2053 -3.3258 0.3461 1.6553 0.2333 -1.8963 -3.4982 1.5909 -11.5628 0.0043 4.3905 -0.0482 4.2700 -3.4020 1.1418 -1.4298 -0.1074 1.0142
-0.0227 99.8735 -0.7817 -0.4072 -2.9869 1.3306 -0.1512 -1.5000 0.0736 -0.4394 -5.9056 -0.1322 0.1479 14.8162 -2.2532 0.3175 25.3394 3.1805 -0.8201 -3.8033 -0.5149 -0.0770 -9.1005 -1.0340 0.0106 0.0288 0.0099 0.6648 -10.5124 -3.8203 -0.6436 -10.5447 3.8457 -19.1256 13.1665 -11.0205 -52.7086 6.5478 -24.1359 0.0521 0.1148 -32.8056 -0.1830 -15.2743 4.0365 -15.7600 10.5111 15.5553 -60.3014 1.3883 2.5749 16.6428 13.3311 13.6901 56.2725 7.5262 26.1889 0.0669 -0.0282 38.4767 2.4600 -6.8780 -5.2692 15.4326 7.1923 -16.2892 49.8471 -3.5945 -5.4496 4.9508 -2.6395 7.7225 -0.0538 8.4645 -0.1424 -5.2289 -3.3435 0.3764 1.6547 0.2351 -1.9009 -3.4923 1.6194 -11.6361 0.0061 4.3886 -0.0349 4.2590 -3.4103 1.1453 -1.4293 -0.1167 1.0041
-0.0276 99.8711 -0.7739 -0.4124 -3.0030 1.3375 -0.1555 -1.5115 0.0606 -0.4305 -5.9076 -0.1259 0.1438 14.8319 -2.2391 0.3176 25.3870 3.1705 -0.8232 -3.8118 -0.4805 -0.0905 -9.1314 -1.0094 0.0087 0.0285 0.0163 0.6587 -10.5114 -3.8152 -0.6413 -10.5424 3.8538 -19.1627 13.1879 -11.0354 -52.6793 6.5581 -24.1290 0.0788 0.1330 -32.7963 -0.1690 -15.4104 4.0008 -15.7873 10.5059 15.5548 -60.3334 1.3775 2.5714 16.6661 13.3734 13.6942 56.2434 7.5074 26.1937 0.0693 -0.0175 38.5298 2.4218 -6.9061 -5.2328 15.4095 7.1854 -16.2784 49.8160 -3.5968 -5.4497 4.9560 -2.6521 7.7203 -0.0495 8.5023 -0.1434 -5.2337 -3.3567 0.3962 1.6569 0.2314 -1.9135 -3.4871 1.6225 -11.6891 0.0050 4.4127 -0.0258 4.2456 -3.4189 1.1802 -1.4309 -0.1231 1.0048
-0.0296 99.8678 -0.7800 -0.4142 -3.0157 1.3318 -0.1561 -1.5301 0.0539 -0.4221 -5.9064 -0.1170 0.1407 14.8546 -2.2224 0.3025 25.4610 3.1847 -0.8251 -3.8147 -0.4673 -0.0990 -9.1697 -0.9976 0.0097 0.0281 0.0140 0.6567 -10.5166 -3.8180 -0.6374 -10.5472 3.8515 -19.2024 13.2232 -11.0537 -52.6493 6.5494 -24.1304 0.1094 0.1489 -32.8123 -0.1478 -15.5617 3.9584 -15.8027 10.4887 15.5404 -60.3325 1.3530 2.5600 16.6839 13.4210 13.7020 56.2113 7.5097 26.2425 0.0468 -0.0189 38.5578 2.3677 -6.9730 -5.1734 15.4008 7.1845 -16.2782 49.8134 -3.5888 -5.4516 4.9625 -2.6609 7.7271 -0.0494 8.5304 -0.1485 -5.2360 -3.3717 0.3952 1.6579 0.2317 -1.9185 -3.4817 1.6036 -11.7284 0.0043 4.4675 -0.0254 4.2311 -3.4216 1.2085 -1.4323 -0.1292 1.0120
-0.0223 99.8765 -0.7848 -0.4135 -3.0311 1.3301 -0.1597 -1.5422 0.0488 -0.4192 -5.9065 -0.1053 0.1377 14.8640 -2.2065 0.2824 25.5417 3.1934 -0.8318 -3.8157 -0.4545 -0.0846 -9.1865 -0.9971 0.0112 0.0279 0.0086 0.6565 -10.5173 -3.8227 -0.6339 -10.5481 3.8442 -19.2336 13.2603 -11.0640 -52.6345 6.5519 -24.1587 0.1416 0.1612 -32.8110 -0.1093 -15.6770 3.8833 -15.7924 10.4771 15.5327 -60.2892 1.3392 2.5527 16.7018 13.4416 13.6945 56.2080 7.5270 26.2788 0.0330 -0.0090 38.5341 2.3531 -7.0401 -5.1278 15.3920 7.1955 -16.2676 49.8109 -3.5709 -5.4298 4.9697 -2.6524 7.7111 -0.0491 8.5398 -0.1560 -5.2309 -3.3765 0.3771 1.6589 0.2452 -1.9178 -3.4800 1.5891 -11.7629 -0.0041 4.5212 -0.0290 4.2206 -3.4148 1.2494 -1.4328 -0.1041 1.0166
-0.0237 99.8850 -0.7938 -0.4094 -3.0524 1.3530 -0.1628 -1.5402 0.0593 -0.4300 -5.9098 -0.1108 0.1362 14.8688 -2.2080 0.2706 25.6356 3.2151 -0.8322 -3.8249 -0.4492 -0.0599 -9.1874 -1.0212 0.0121 0.0277 0.0071 0.6567 -10.5234 -3.8234 -0.6324 -10.5535 3.8427 -19.2333 13.2703 -11.0586 -52.6574 6.5028 -24.0910 0.1147 0.1488 -32.8349 -0.0644 -15.6937 3.8472 -15.7741 10.4708 15.5221 -60.2489 1.3397 2.5354 16.7179 13.4442 13.7032 56.2146 7.5579 26.2667 0.0376 -0.0028 38.5267 2.3657 -7.1133 -5.1159 15.3979 7.2096 -16.2613 49.8220 -3.5564 -5.4227 4.9754 -2.6440 7.6977 -0.0563 8.5583 -0.1677 -5.1988 -3.3743 0.3446 1.6593 0.2834 -1.9083 -3.4881 1.5849 -11.7917 -0.0090 4.5765 -0.0346 4.2294 -3.4378 1.2950 -1.4325 -0.0640 1.0184
-0.0291 99.8896 -0.8123 -0.4121 -3.0686 1.3939 -0.1646 -1.5409 0.0511 -0.4410 -5.9094 -0.1077 0.1430 14.8691 -2.2137 0.2523 25.7072 3.2468 -0.8184 -3.8281 -0.4725 -0.0334 -9.1747 -1.0286 0.0108 0.0309 0.0131 0.6532 -10.5202 -3.8167 -0.6312 -10.5482 3.8471 -19.2357 13.2737 -11.0189 -52.6859 6.4131 -24.0166 0.0489 0.1260 -32.8180 -0.0269 -15.6409 3.8512 -15.7601 10.4847 15.5188 -60.2517 1.3584 2.5206 16.7023 13.4100 13.7033 56.2772 7.5749 26.1779 0.0662 0.0104 38.5145 2.4247 -7.1579 -5.1128 15.4180 7.2105 -16.2550 49.8113 -3.5607 -5.4160 4.9850 -2.6478 7.7004 -0.0615 8.5796 -0.1768 -5.1664 -3.3616 0.2816 1.6624 0.3201 -1.8919 -3.4867 1.5897 -11.7995 -0.0143 4.6004 -0.0357 4.2253 -3.4488 1.2972 -1.4330 -0.0376 1.0147
-0.0194 99.9017 -0.8298 -0.4189 -3.0928 1.4282 -0.1657 -1.5353 0.0579 -0.4512 -5.9187 -0.1100 0.1476 14.8892 -2.2255 0.2408 25.7969 3.2780 -0.8080 -3.8379 -0.4785 0.0026 -9.1871 -1.0458 0.0109 0.0344 0.0148 0.6537 -10.5229 -3.8145 -0.6316 -10.5502 3.8486 -19.2361 13.2799 -10.9770 -52.6939 6.3430 -23.9270 -0.0127 0.0826 -32.8453 -0.0160 -15.5808 3.8911 -15.7686 10.5156 15.5352 -60.2812 1.3868 2.4889 16.6531 13.3944 13.6999 56.3514 7.6081 26.1240 0.0755 0.0038 38.5303 2.4817 -7.1755 -5.0836 15.4353 7.2185 -16.2841 49.8048 -3.5754 -5.4276 4.9975 -2.6470 7.7292 -0.0651 8.5975 -0.1756 -5.1238 -3.3379 0.1897 1.6638 0.3193 -1.8815 -3.4784 1.6113 -11.7943 -0.0187 4.6161 -0.0345 4.1917 -3.4633 1.2687 -1.4319 -0.0345 1.0175
-0.0173 99.9032 -0.8279 -0.4226 -3.1126 1.4676 -0.1687 -1.5302 0.0504 -0.4523 -5.9182 -0.1034 0.1418 14.8894 -2.2274 0.2236 25.8538 3.3060 -0.7968 -3.8422 -0.4936 0.0297 -9.2140 -1.0444 0.0108 0.0354 0.0136 0.6528 -10.5164 -3.8160 -0.6311 -10.5439 3.8478 -19.2521 13.2911 -10.9435 -52.7019 6.2921 -23.8595 -0.0396 0.0735 -32.8537 -0.0296 -15.5835 3.9062 -15.7706 10.5231 15.5476 -60.2904 1.4102 2.4655 16.5981 13.3714 13.6875 56.4653 7.6668 26.1241 0.0401 0.0085 38.5127 2.5206 -7.1730 -5.0474 15.4394 7.2130 -16.2936 49.7785 -3.5955 -5.4240 5.0096 -2.6408 7.7538 -0.0643 8.6014 -0.1627 -5.1044 -3.3087 0.1126 1.6676 0.3126 -1.8841 -3.4719 1.6394 -11.7918 -0.0207 4.6107 -0.0305 4.1514 -3.4613 1.2310 -1.4318 -0.0530 1.0199
-0.0345 99.9058 -0.8580 -0.4275 -3.1349 1.4864 -0.1659 -1.5351 0.0582 -0.4506 -5.9163 -0.1042 0.1283 14.9066 -2.2207 0.1988 25.8849 3.3170 -0.7845 -3.8447 -0.4900 0.0537 -9.2323 -1.0535 0.0094 0.0338 0.0130 0.6531 -10.5271 -3.8177 -0.6345 -10.5531 3.8492 -19.2752 13.3023 -10.9128 -52.7011 6.2461 -23.7886 -0.0544 0.0701 -32.8613 -0.0712 -15.6137 3.9326 -15.8027 10.5107 15.5578 -60.3088 1.4306 2.4529 16.5427 13.3620 13.6671 56.5493 7.7412 26.1536 0.0176 -0.0023 38.5169 2.5254 -7.2442 -5.0439 15.4358 7.2016 -16.3012 49.7464 -3.6222 -5.4367 5.0251 -2.6292 7.7840 -0.0628 8.6124 -0.1553 -5.1001 -3.2934 0.0759 1.6693 0.3055 -1.8951 -3.4598 1.6625 -11.7759 -0.0201 4.6172 -0.0299 4.1258 -3.4592 1.1995 -1.4322 -0.0663 1.0193
-0.0427 99.8965 -0.8520 -0.4333 -3.1529 1.4705 -0.1572 -1.5558 0.0544 -0.4477 -5.9049 -0.0946 0.1114 14.9276 -2.2204 0.1609 25.8763 3.3143 -0.7753 -3.8376 -0.4619 0.0711 -9.2301 -1.0509 0.0078 0.0316 0.0154 0.6523 -10.5334 -3.8174 -0.6370 -10.5600 3.8542 -19.3124 13.3085 -10.8741 -52.7003 6.1836 -23.6874 -0.0620 0.0934 -32.8059 -0.1117 -15.6768 3.9424 -15.8263 10.4835 15.5602 -60.2930 1.4292 2.4916 16.5084 13.3513 13.6448 56.5893 7.8095 26.2126 0.0037 -0.0141 38.5018 2.4915 -7.3418 -5.0688 15.4181 7.1961 -16.2981 49.7237 -3.6436 -5.4323 5.0406 -2.6119 7.7971 -0.0612 8.6171 -0.1570 -5.1118 -3.2784 0.0973 1.6692 0.2955 -1.9060 -3.4606 1.6834 -11.7786 -0.0141 4.6049 -0.0302 4.1234 -3.4300 1.2055 -1.4338 -0.0974 1.0222
-0.0427 99.8903 -0.8359 -0.4409 -3.1764 1.4549 -0.1469 -1.5757 0.0642 -0.4458 -5.9004 -0.1023 0.0974 14.9446 -2.2037 0.1283 25.8864 3.2875 -0.7678 -3.8306 -0.4244 0.0972 -9.2166 -1.0508 0.0068 0.0311 0.0178 0.6519 -10.5441 -3.8149 -0.6388 -10.5696 3.8573 -19.3304 13.3545 -10.8336 -52.7221 6.1172 -23.6297 -0.0284 0.1215 -32.7182 -0.1159 -15.7862 3.9359 -15.8289 10.4627 15.5481 -60.2648 1.4102 2.5332 16.4821 13.3318 13.6210 56.6166 7.8930 26.2782 -0.0031 -0.0342 38.4865 2.4678 -7.4044 -5.0801 15.4121 7.2005 -16.2901 49.7103 -3.6484 -5.4375 5.0471 -2.5875 7.7877 -0.0584 8.6344 -0.1599 -5.1206 -3.2925 0.1702 1.6668 0.3101 -1.9132 -3.4597 1.7108 -11.8023 -0.0044 4.5973 -0.0261 4.1218 -3.3941 1.2618 -1.4347 -0.1060 1.0241
-0.0452 99.8816 -0.8361 -0.4467 -3.2015 1.4342 -0.1429 -1.5844 0.0772 -0.4468 -5.9024 -0.1191 0.0923 14.9462 -2.1711 0.1125 25.8726 3.2418 -0.7646 -3.8194 -0.4013 0.1179 -9.2088 -1.0363 0.0064 0.0306 0.0176 0.6516 -10.5493 -3.8135 -0.6396 -10.5712 3.8564 -19.3424 13.3782 -10.8095 -52.7359 6.0764 -23.5443 -0.0301 0.1392 -32.6443 -0.0670 -15.8078 3.9149 -15.8169 10.4454 15.5372 -60.2282 1.3633 2.5671 16.4792 13.3115 13.5933 56.6113 7.9785 26.2974 -0.0134 -0.0362 38.5029 2.4861 -7.4548 -5.1172 15.3914 7.2076 -16.2810 49.7048 -3.6385 -5.4430 5.0569 -2.5587 7.7624 -0.0583 8.6536 -0.1591 -5.1238 -3.3018 0.2503 1.6637 0.3456 -1.9150 -3.4660 1.7403 -11.8596 0.0025 4.5947 -0.0248 4.1101 -3.3796 1.3482 -1.4342 -0.0880 1.0252
-0.0332 99.8777 -0.8426 -0.4493 -3.2202 1.4189 -0.1484 -1.5899 0.0816 -0.4491 -5.9054 -0.1039 0.0792 14.9283 -2.1853 0.1207 25.8791 3.2180 -0.7652 -3.8176 -0.3878 0.1165 -9.2016 -1.0083 0.0069 0.0277 0.0177 0.6526 -10.5488 -3.8131 -0.6396 -10.5695 3.8559 -19.3430 13.3896 -10.7831 -52.7424 6.0442 -23.4292 -0.0448 0.1522 -32.5691 -0.0265 -15.7909 3.8953 -15.8109 10.4351 15.5254 -60.2241 1.3316 2.5818 16.5149 13.3241 13.5872 56.5563 8.0104 26.2665 -0.0252 -0.0135 38.5281 2.5241 -7.4754 -5.1815 15.3931 7.2258 -16.2734 49.7327 -3.6129 -5.4502 5.0631 -2.5310 7.7356 -0.0574 8.6543 -0.1551 -5.1310 -3.2971 0.3140 1.6589 0.3817 -1.9120 -3.4723 1.7821 -11.9105 0.0097 4.5627 -0.0200 4.1077 -3.3765 1.4196 -1.4326 -0.0717 1.0228
-0.0302 99.8693 -0.8316 -0.4463 -3.2302 1.3975 -0.1588 -1.5839 0.0767 -0.4503 -5.9061 -0.0873 0.0628 14.8986 -2.2036 0.1144 25.8669 3.2144 -0.7607 -3.8098 -0.3765 0.0952 -9.1443 -0.9769 0.0075 0.0269 0.0161 0.6517 -10.5373 -3.8136 -0.6376 -10.5578 3.8542 -19.3466 13.3948 -10.7604 -52.7289 6.0358 -23.3272 -0.0512 0.1421 -32.5069 -0.0572 -15.7602 3.9122 -15.8192 10.4397 15.5114 -60.2430 1.3323 2.5675 16.5595 13.3645 13.6287 56.4776 7.9334 26.1407 0.0018 0.0032 38.5062 2.5514 -7.4328 -5.1980 15.3937 7.2299 -16.2671 49.7487 -3.6040 -5.4551 5.0717 -2.5165 7.7524 -0.0597 8.6549 -0.1600 -5.1538 -3.3016 0.3384 1.6583 0.4074 -1.9058 -3.4787 1.8082 -11.9281 0.0111 4.5307 -0.0193 4.1111 -3.3941 1.4895 -1.4315 -0.0384 1.0189
-0.0420 99.8711 -0.8253 -0.4420 -3.2490 1.3958 -0.1671 -1.5778 0.0542 -0.4474 -5.9143 -0.0594 0.0428 14.8832 -2.2223 0.0922 25.8732 3.2138 -0.7606 -3.8079 -0.3771 0.0733 -9.0933 -0.9459 0.0073 0.0270 0.0174 0.6506 -10.5321 -3.8128 -0.6367 -10.5525 3.8552 -19.3357 13.3983 -10.7545 -52.7169 6.0004 -23.2273 -0.0622 0.1146 -32.4721 -0.1181 -15.6849 3.9648 -15.8278 10.4441 15.5056 -60.2846 1.3332 2.5516 16.5697 13.4195 13.6643 56.4200 7.8161 26.0193 0.0247 0.0093 38.4719 2.5551 -7.4148 -5.2024 15.4070 7.2343 -16.2691 49.7880 -3.5942 -5.4445 5.0767 -2.5019 7.7620 -0.0592 8.6511 -0.1648 -5.1645 -3.2997 0.3024 1.6579 0.4104 -1.8915 -3.4778 1.8510 -11.9417 0.0107 4.4843 -0.0127 4.1058 -3.4082 1.5130 -1.4285 -0.0487 1.0220
-0.0628 99.8775 -0.8086 -0.4375 -3.2660 1.4018 -0.1721 -1.5765 0.0461 -0.4515 -5.9189 -0.0492 0.0245 14.8728 -2.2363 0.0904 25.8695 3.2178 -0.7786 -3.7981 -0.3764 0.0660 -9.0660 -0.9610 0.0070 0.0274 0.0197 0.6465 -10.5294 -3.8123 -0.6335 -10.5520 3.8594 -19.3258 13.4125 -10.7739 -52.6939 5.9323 -23.1061 -0.0838 0.1088 -32.4416 -0.1597 -15.5907 3.9937 -15.8229 10.4478 15.5127 -60.2815 1.3288 2.5525 16.5757 13.4714 13.6903 56.3779 7.7309 25.9580 0.0170 0.0147 38.4194 2.5325 -7.3994 -5.1923 15.4314 7.2424 -16.2820 49.8358 -3.5954 -5.4481 5.0822 -2.4737 7.7598 -0.0606 8.6194 -0.1776 -5.1510 -3.3008 0.2688 1.6588 0.3883 -1.8821 -3.4812 1.8871 -11.9562 0.0097 4.4523 -0.0035 4.0988 -3.4102 1.5117 -1.4273 -0.0823 1.0313
-0.0777 99.8772 -0.8061 -0.4345 -3.2767 1.4116 -0.1740 -1.5806 0.0305 -0.4574 -5.9235 -0.0553 0.0133 14.8695 -2.2438 0.1086 25.8435 3.2418 -0.7957 -3.7864 -0.3885 0.0416 -9.0210 -0.9915 0.0064 0.0293 0.0230 0.6457 -10.5339 -3.8109 -0.6339 -10.5584 3.8646 -19.3150 13.4327 -10.7971 -52.6703 5.8965 -23.0627 -0.0657 0.1144 -32.4426 -0.1793 -15.5334 4.0135 -15.8088 10.4609 15.5228 -60.2549 1.3440 2.5387 16.5618 13.4659 13.7050 56.3579 7.6712 25.9049 0.0335 0.0120 38.3758 2.4870 -7.3420 -5.1549 15.4490 7.2439 -16.2924 49.8540 -3.6006 -5.4600 5.0815 -2.4437 7.7380 -0.0619 8.5873 -0.1843 -5.1291 -3.3314 0.2756 1.6613 0.3787 -1.8787 -3.4851 1.9175 -11.9897 0.0103 4.4164 -0.0060 4.1005 -3.4104 1.5322 -1.4282 -0.1049 1.0367
-0.0965 99.8680 -0.7826 -0.4415 -3.2861 1.4426 -0.1710 -1.5921 0.0217 -0.4588 -5.9191 -0.0707 0.0025 14.8588 -2.2579 0.1210 25.7933 3.2449 -0.8089 -3.7793 -0.3994 0.0066 -8.9881 -0.9984 0.0076 0.0278 0.0266 0.6482 -10.5310 -3.8069 -0.6341 -10.5584 3.8672 -19.3128 13.4459 -10.8139 -52.6436 5.8835 -23.0803 -0.0272 0.1396 -32.4327 -0.1934 -15.4762 4.0320 -15.8055 10.4370 15.5176 -60.2100 1.3375 2.5351 16.5488 13.4408 13.7154 56.3566 7.6440 25.8505 0.0606 0.0276 38.3718 2.4433 -7.3526 -5.1519 15.4482 7.2405 -16.2967 49.8019 -3.6137 -5.4598 5.1000 -2.4237 7.7116 -0.0675 8.5718 -0.1895 -5.1084 -3.3571 0.2695 1.6669 0.3819 -1.8783 -3.4797 1.9478 -12.0328 0.0117 4.3857 -0.0062 4.0990 -3.3962 1.5325 -1.4312 -0.1128 1.0372
-0.0984 99.8668 -0.7841 -0.4489 -3.2909 1.4405 -0.1712 -1.6067 0.0193 -0.4628 -5.9091 -0.0960 0.0003 14.8413 -2.2429 0.1316 25.7293 3.2483 -0.8182 -3.7816 -0.3989 -0.0136 -8.9518 -1.0194 0.0089 0.0284 0.0283 0.6528 -10.5268 -3.8039 -0.6363 -10.5557 3.8686 -19.3068 13.4110 -10.8276 -52.6199 5.9230 -23.0794 0.0005 0.1554 -32.4420 -0.1999 -15.4203 4.0262 -15.8185 10.4424 15.5247 -60.1825 1.3335 2.5293 16.5360 13.4191 13.7355 56.3435 7.6303 25.8332 0.0817 0.0305 38.3685 2.4173 -7.3605 -5.1748 15.4271 7.2370 -16.2918 49.7433 -3.6331 -5.4560 5.1158 -2.4058 7.6984 -0.0695 8.5393 -0.1826 -5.1206 -3.3618 0.2945 1.6688 0.3970 -1.8846 -3.4736 1.9638 -12.0874 0.0071 4.3521 -0.0041 4.0954 -3.3705 1.5251 -1.4334 -0.0874 1.0396
-0.1068 99.8681 -0.7934 -0.4589 -3.2965 1.4367 -0.1707 -1.6237 0.0253 -0.4641 -5.9070 -0.0925 0.0054 14.8213 -2.2408 0.1134 25.6915 3.2276 -0.8172 -3.7903 -0.4206 -0.0277 -8.9533 -1.0208 0.0122 0.0273 0.0230 0.6589 -10.5227 -3.8086 -0.6358 -10.5531 3.8611 -19.3081 13.4000 -10.8473 -52.5749 5.9668 -23.1141 0.0015 0.1674 -32.4698 -0.1980 -15.3283 4.0250 -15.8455 10.4402 15.5104 -60.2129 1.3291 2.5066 16.5290 13.4083 13.7351 56.3304 7.6563 25.9097 0.0526 0.0331 38.3252 2.4118 -7.4084 -5.2166 15.4024 7.2375 -16.2925 49.7162 -3.6470 -5.4550 5.1320 -2.3959 7.6970 -0.0687 8.5191 -0.1682 -5.1337 -3.3639 0.3052 1.6691 0.3996 -1.8850 -3.4544 1.9706 -12.0984 0.0062 4.3412 0.0024 4.0772 -3.3495 1.5120 -1.4349 -0.0753 1.0355
-0.1148 99.8676 -0.8032 -0.4626 -3.3056 1.3918 -0.1758 -1.6250 0.0384 -0.4655 -5.9043 -0.0905 0.0197 14.7878 -2.2149 0.0817 25.6519 3.2015 -0.8143 -3.7935 -0.4427 -0.0301 -8.9329 -1.0189 0.0138 0.0279 0.0167 0.6634 -10.5247 -3.8149 -0.6374 -10.5553 3.8544 -19.3106 13.3793 -10.8783 -52.5353 5.9819 -23.1023 -0.0277 0.1556 -32.4890 -0.1873 -15.1885 4.0151 -15.8637 10.4570 15.5139 -60.2485 1.3402 2.5022 16.5319 13.3898 13.7500 56.3089 7.6864 25.9851 0.0240 0.0346 38.2675 2.4164 -7.4488 -5.2585 15.3715 7.2384 -16.2981 49.7300 -3.6535 -5.4595 5.1428 -2.3728 7.7258 -0.0673 8.4922 -0.1640 -5.1664 -3.3506 0.3453 1.6685 0.3740 -1.8905 -3.4404 1.9728 -12.0678 0.0037 4.3313 0.0005 4.0604 -3.3426 1.5221 -1.4352 -0.0906 1.0332
-0.1423 99.8570 -0.8173 -0.4575 -3.3136 1.3454 -0.1891 -1.6179 0.0410 -0.4688 -5.8950 -0.0797 0.0372 14.7433 -2.1967 0.0463 25.5940 3.1695 -0.8220 -3.7952 -0.4300 -0.0327 -8.8904 -1.0140 0.0141 0.0249 0.0144 0.6651 -10.5410 -3.8217 -0.6385 -10.5706 3.8565 -19.2972 13.3655 -10.9006 -52.5275 5.9772 -23.0978 -0.0563 0.1451 -32.4885 -0.1923 -15.1291 4.0158 -15.8702 10.4628 15.5457 -60.2701 1.3547 2.5248 16.5302 13.3495 13.7626 56.3004 7.6929 26.0270 0.0290 0.0333 38.1753 2.4480 -7.4672 -5.3014 15.3492 7.2268 -16.2902 49.7193 -3.6590 -5.4569 5.1465 -2.3510 7.7496 -0.0674 8.4713 -0.1745 -5.1857 -3.3368 0.4097 1.6661 0.3338 -1.8919 -3.4330 1.9783 -12.0075 0.0036 4.3165 0.0004 4.0608 -3.3537 1.5405 -1.4341 -0.1307 1.0325
-0.1425 99.8594 -0.8331 -0.4544 -3.3203 1.2738 -0.2030 -1.6053 0.0503 -0.4754 -5.8891 -0.0711 0.0576 14.6959 -2.1763 0.0168 25.5019 3.1335 -0.8321 -3.7905 -0.4186 -0.0308 -8.8671 -1.0124 0.0137 0.0215 0.0136 0.6670 -10.5505 -3.8260 -0.6413 -10.5767 3.8598 -19.2975 13.3829 -10.9391 -52.5165 5.9249 -23.0725 -0.0836 0.1423 -32.4664 -0.2009 -15.1296 4.0368 -15.8540 10.4680 15.5560 -60.2818 1.3683 2.5349 16.5373 13.2864 13.7740 56.3281 7.7349 26.0908 -0.0115 0.0372 38.0732 2.5037 -7.4742 -5.3368 15.3469 7.2358 -16.2846 49.7314 -3.6475 -5.4513 5.1444 -2.3154 7.7591 -0.0647 8.4321 -0.1837 -5.2014 -3.3070 0.4795 1.6650 0.2929 -1.8927 -3.4291 1.9908 -11.9392 0.0077 4.2814 -0.0020 4.0684 -3.3486 1.5681 -1.4335 -0.1844 1.0290
-0.1420 99.8556 -0.8463 -0.4498 -3.3175 1.2102 -0.2151 -1.6044 0.0480 -0.4823 -5.8810 -0.0596 0.0713 14.6534 -2.1720 0.0072 25.3916 3.1122 -0.8490 -3.7871 -0.4093 -0.0400 -8.8853 -1.0079 0.0140 0.0158 0.0103 0.6694 -10.5530 -3.8319 -0.6431 -10.5780 3.8586 -19.2952 13.3879 -10.9654 -52.5220 5.9003 -23.0504 -0.1015 0.1537 -32.4753 -0.2158 -15.1426 4.0562 -15.8319 10.4456 15.5633 -60.2490 1.3447 2.5537 16.5404 13.2107 13.7717 56.3599 7.8190 26.2084 -0.0956 0.0589 38.0017 2.5839 -7.5156 -5.3727 15.3649 7.2393 -16.2774 49.7568 -3.6340 -5.4407 5.1365 -2.2797 7.7608 -0.0606 8.3735 -0.1876 -5.1989 -3.2702 0.5224 1.6606 0.2828 -1.8873 -3.4261 2.0049 -11.9005 0.0129 4.2261 0.0081 4.0607 -3.3327 1.5768 -1.4317 -0.2206 1.0264
-0.1390 99.8657 -0.8537 -0.4490 -3.3120 1.1718 -0.2170 -1.6031 0.0679 -0.4897 -5.8959 -0.0825 0.0684 14.6502 -2.1807 0.0142 25.2692 3.1234 -0.8629 -3.7712 -0.4321 -0.0851 -8.9078 -0.9881 0.0141 0.0136 0.0094 0.6714 -10.5502 -3.8333 -0.6450 -10.5754 3.8583 -19.2889 13.4104 -10.9908 -52.5234 5.8877 -23.0604 -0.0692 0.1683 -32.5189 -0.2195 -15.2113 4.1074 -15.8164 10.4283 15.5554 -60.2593 1.3222 2.5728 16.5784 13.1534 13.8004 56.3409 7.8678 26.2244 -0.1159 0.0581 38.0007 2.5986 -7.5304 -5.4031 15.3826 7.2639 -16.2928 49.7778 -3.6138 -5.4433 5.1361 -2.2635 7.7671 -0.0575 8.3413 -0.1869 -5.2017 -3.2672 0.5584 1.6562 0.2900 -1.8898 -3.4230 2.0091 -11.8401 0.0179 4.2013 -0.0004 4.0521 -3.3317 1.5683 -1.4318 -0.2068 1.0213
-0.1387 99.8719 -0.8722 -0.4492 -3.2966 1.1630 -0.2131 -1.6062 0.0602 -0.4893 -5.8998 -0.0928 0.0538 14.6459 -2.2111 0.0043 25.1377 3.1450 -0.8623 -3.7642 -0.4577 -0.1386 -8.9006 -0.9383 0.0149 0.0154 0.0078 0.6720 -10.5327 -3.8311 -0.6440 -10.5600 3.8520 -19.2780 13.4367 -11.0116 -52.5224 5.9253 -23.1652 0.0035 0.1839 -32.5467 -0.2451 -15.2442 4.1512 -15.8214 10.4356 15.5492 -60.2976 1.3179 2.5740 16.6232 13.1380 13.8377 56.3018 7.8669 26.2462 -0.1349 0.0603 38.0183 2.6055 -7.5444 -5.4201 15.3866 7.2637 -16.2933 49.7839 -3.6149 -5.4465 5.1332 -2.2800 7.7651 -0.0516 8.3275 -0.1863 -5.2102 -3.2724 0.5659 1.6546 0.3167 -1.8901 -3.4066 1.9997 -11.7859 0.0228 4.1840 -0.0001 4.0298 -3.3224 1.5062 -1.4313 -0.1547 1.0139
-0.1510 99.8746 -0.8597 -0.4492 -3.2802 1.1244 -0.2030 -1.6024 0.0627 -0.4853 -5.9065 -0.1135 0.0359 14.6437 -2.2279 -0.0188 25.0120 3.1467 -0.8670 -3.7630 -0.4120 -0.1817 -8.8452 -0.8950 0.0155 0.0178 0.0100 0.6741 -10.5181 -3.8272 -0.6450 -10.5457 3.8526 -19.2706 13.4397 -11.0312 -52.5254 5.9776 -23.2619 0.0636 0.1946 -32.5676 -0.2719 -15.1928 4.1885 -15.8220 10.4456 15.5450 -60.3263 1.3284 2.5738 16.6643 13.1602 13.8696 56.2503 7.8111 26.2496 -0.1140 0.0590 38.0411 2.5949 -7.5625 -5.4353 15.3840 7.2697 -16.2947 49.8164 -3.6022 -5.4338 5.1330 -2.3033 7.7555 -0.0499 8.3333 -0.1884 -5.2136 -3.2670 0.5967 1.6535 0.3489 -1.8954 -3.3925 1.9847 -11.7169 0.0213 4.1776 -0.0017 4.0215 -3.3012 1.4294 -1.4316 -0.1084 1.0157
-0.1443 99.8761 -0.8591 -0.4468 -3.2591 1.0841 -0.1968 -1.5949 0.0560 -0.4815 -5.9101 -0.1157 0.0269 14.6324 -2.2411 -0.0494 24.9211 3.1346 -0.8739 -3.7624 -0.3308 -0.2076 -8.7464 -0.8539 0.0139 0.0211 0.0187 0.6710 -10.5105 -3.8167 -0.6449 -10.5359 3.8598 -19.2735 13.4324 -11.0543 -52.5226 6.0220 -23.3573 0.1097 0.2003 -32.5546 -0.2998 -15.1453 4.1994 -15.8147 10.4623 15.5352 -60.3329 1.3548 2.5585 16.6887 13.1726 13.8822 56.2242 7.7200 26.2012 -0.0557 0.0453 38.0599 2.5882 -7.4811 -5.4245 15.3658 7.2559 -16.2906 49.8461 -3.6122 -5.4305 5.1286 -2.3251 7.7519 -0.0530 8.3361 -0.1846 -5.2193 -3.2733 0.6164 1.6550 0.3694 -1.8981 -3.3833 1.9529 -11.6552 0.0192 4.1913 -0.0072 4.0410 -3.2819 1.3846 -1.4326 -0.0707 1.0160
-0.1445 99.8789 -0.8604 -0.4446 -3.2357 1.0385 -0.1902 -1.5760 0.0484 -0.4805 -5.9023 -0.1142 0.0285 14.5881 -2.2484 -0.0674 24.8752 3.1333 -0.8764 -3.7641 -0.2560 -0.2293 -8.6485 -0.8052 0.0132 0.0243 0.0213 0.6679 -10.5055 -3.8130 -0.6432 -10.5287 3.8614 -19.2740 13.4244 -11.0790 -52.5323 6.0939 -23.4731 0.1596 0.1963 -32.5201 -0.3153 -15.1030 4.1972 -15.7880 10.4725 15.5191 -60.3067 1.3775 2.5294 16.7121 13.1571 13.8848 56.2265 7.6445 26.1337 0.0134 0.0375 38.0697 2.5946 -7.3916 -5.4243 15.3534 7.2387 -16.2805 49.8560 -3.6196 -5.4248 5.1240 -2.3358 7.7450 -0.0595 8.3199 -0.1836 -5.2321 -3.2786 0.6512 1.6572 0.3701 -1.8945 -3.3771 1.9218 -11.6089 0.0188 4.1977 -0.0125 4.0808 -3.2826 1.3675 -1.4337 -0.0469 1.0189
-0.1377 99.8892 -0.8940 -0.4425 -3.2145 1.0025 -0.1825 -1.5511 0.0441 -0.4862 -5.8992 -0.1241 0.0471 14.5584 -2.2396 -0.0754 24.8633 3.1431 -0.8830 -3.7656 -0.1877 -0.2406 -8.5851 -0.7809 0.0117 0.0267 0.0249 0.6650 -10.5101 -3.8102 -0.6434 -10.5337 3.8668 -19.2631 13.4351 -11.1105 -52.5286 6.1478 -23.5991 0.1875 0.1933 -32.4980 -0.3123 -15.0395 4.1829 -15.7676 10.4927 15.5190 -60.2787 1.4094 2.5085 16.7066 13.1360 13.8816 56.2608 7.6064 26.1076 0.0614 0.0267 38.0960 2.5895 -7.3407 -5.4100 15.3550 7.2413 -16.2849 49.8779 -3.6148 -5.4219 5.1249 -2.3520 7.7805 -0.0696 8.3171 -0.1893 -5.2547 -3.3167 0.6746 1.6586 0.3668 -1.8912 -3.3748 1.8945 -11.5778 0.0167 4.1884 -0.0205 4.1148 -3.2723 1.3790 -1.4344 -0.0283 1.0231
-0.1311 99.8944 -0.9258 -0.4415 -3.1818 0.9663 -0.1774 -1.5437 0.0435 -0.4892 -5.8894 -0.1461 0.0750 14.5323 -2.2340 -0.0901 24.8676 3.1619 -0.8652 -3.7638 -0.1856 -0.2644 -8.5948 -0.7213 0.0117 0.0286 0.0188 0.6619 -10.5105 -3.8153 -0.6405 -10.5350 3.8593 -19.2385 13.4393 -11.1347 -52.5420 6.2068 -23.7349 0.2027 0.1957 -32.4884 -0.3177 -15.0124 4.1821 -15.7452 10.5109 15.5138 -60.2611 1.4337 2.4930 16.6706 13.1049 13.8620 56.3417 7.6050 26.1514 0.0498 0.0240 38.0876 2.6075 -7.2591 -5.4044 15.3599 7.2464 -16.2857 49.8489 -3.6170 -5.4314 5.1156 -2.3723 7.7940 -0.0744 8.3036 -0.1754 -5.2820 -3.3311 0.6786 1.6575 0.3513 -1.8806 -3.3675 1.8676 -11.5764 0.0118 4.1442 -0.0196 4.1336 -3.2463 1.4232 -1.4334 -0.0389 1.0197
-0.1177 99.9063 -0.9466 -0.4457 -3.1445 0.9325 -0.1727 -1.5512 0.0488 -0.4881 -5.8895 -0.1622 0.1118 14.5455 -2.2335 -0.1281 24.8617 3.1399 -0.8433 -3.7665 -0.1805 -0.2926 -8.6659 -0.6646 0.0131 0.0256 0.0164 0.6636 -10.5100 -3.8160 -0.6394 -10.5369 3.8542 -19.2098 13.4020 -11.1428 -52.5572 6.2546 -23.8163 0.1756 0.1948 -32.5069 -0.3270 -14.9734 4.2043 -15.7642 10.5098 15.5236 -60.2906 1.4316 2.4922 16.6232 13.0714 13.8355 56.4032 7.6453 26.2092 0.0378 0.0296 38.1220 2.5823 -7.2753 -5.4163 15.3701 7.2526 -16.2809 49.8360 -3.6080 -5.4401 5.1142 -2.4145 7.8295 -0.0745 8.3101 -0.1686 -5.3026 -3.3292 0.6648 1.6558 0.3506 -1.8710 -3.3519 1.8396 -11.5427 0.0079 4.0932 -0.0212 4.1412 -3.2033 1.4437 -1.4353 -0.0590 1.0234
-0.1134 99.9059 -0.9861 -0.4513 -3.0944 0.8772 -0.1707 -1.5606 0.0458 -0.4850 -5.8886 -0.1669 0.1445 14.5494 -2.2259 -0.1494 24.8505 3.1451 -0.7993 -3.7675 -0.1870 -0.3301 -8.7649 -0.6034 0.0149 0.0237 0.0112 0.6675 -10.5080 -3.8194 -0.6397 -10.5370 3.8467 -19.1703 13.3351 -11.1304 -52.5889 6.2811 -23.8344 0.1049 0.1814 -32.5079 -0.3357 -14.8687 4.2398 -15.7804 10.5113 15.5513 -60.3142 1.4237 2.5393 16.5884 13.0691 13.8285 56.4292 7.6634 26.2537 0.0282 0.0311 38.1456 2.5636 -7.3163 -5.4225 15.3527 7.2521 -16.2607 49.8102 -3.6031 -5.4385 5.1078 -2.4818 7.8778 -0.0708 8.3313 -0.1614 -5.3165 -3.3183 0.6692 1.6551 0.3484 -1.8663 -3.3321 1.7901 -11.5055 0.0052 4.0477 -0.0204 4.1443 -3.1644 1.4632 -1.4369 -0.0708 1.0214
-0.1021 99.9010 -0.9914 -0.4551 -3.0457 0.8231 -0.1691 -1.5643 0.0302 -0.4803 -5.8843 -0.1649 0.1668 14.5500 -2.2216 -0.1517 24.8164 3.1715 -0.7568 -3.7707 -0.2141 -0.3498 -8.8386 -0.5509 0.0155 0.0230 0.0123 0.6707 -10.5022 -3.8163 -0.6418 -10.5301 3.8460 -19.1337 13.2648 -11.1287 -52.6205 6.2843 -23.8315 0.0196 0.1677 -32.4778 -0.3449 -14.7278 4.2715 -15.8090 10.5000 15.5676 -60.3331 1.4178 2.5800 16.5729 13.0834 13.8323 56.4363 7.6602 26.2876 0.0048 0.0389 38.1467 2.5677 -7.3147 -5.4411 15.3501 7.2479 -16.2423 49.8151 -3.6016 -5.4335 5.0990 -2.5425 7.9373 -0.0641 8.3288 -0.1681 -5.3259 -3.2881 0.6838 1.6561 0.3303 -1.8725 -3.3159 1.7464 -11.4600 0.0045 3.9960 -0.0238 4.1644 -3.1123 1.4798 -1.4378 -0.0780 1.0166
-0.0962 99.9029 -0.9982 -0.4570 -3.0042 0.7811 -0.1680 -1.5493 0.0322 -0.4763 -5.8868 -0.1727 0.1741 14.5482 -2.2301 -0.1281 24.7841 3.2063 -0.7474 -3.7722 -0.2261 -0.3415 -8.8527 -0.5389 0.0148 0.0264 0.0140 0.6728 -10.5077 -3.8154 -0.6455 -10.5337 3.8490 -19.0886 13.2016 -11.1583 -52.6475 6.2979 -23.8290 -0.0409 0.1566 -32.4843 -0.3307 -14.5417 4.2982 -15.8127 10.5088 15.5736 -60.3581 1.4432 2.5884 16.5768 13.1120 13.8370 56.4157 7.6574 26.3088 -0.0174 0.0355 38.1678 2.5968 -7.3205 -5.4919 15.3408 7.2426 -16.2410 49.8159 -3.6168 -5.4403 5.0852 -2.5800 7.9425 -0.0581 8.3127 -0.1626 -5.3407 -3.2437 0.7188 1.6553 0.3122 -1.8909 -3.3063 1.7080 -11.4372 0.0067 3.9559 -0.0311 4.1891 -3.0646 1.4890 -1.4366 -0.0748 1.0066
-0.0860 99.8997 -0.9854 -0.4581 -2.9736 0.7526 -0.1627 -1.5280 0.0215 -0.4750 -5.8842 -0.1760 0.1696 14.5406 -2.2518 -0.0964 24.7379 3.2360 -0.7730 -3.7740 -0.2368 -0.3293 -8.8289 -0.5258 0.0146 0.0300 0.0119 0.6750 -10.5157 -3.8189 -0.6478 -10.5401 3.8479 -19.0414 13.1830 -11.1882 -52.6747 6.3478 -23.9344 -0.0281 0.1760 -32.4933 -0.2993 -14.4308 4.3067 -15.7950 10.5189 15.5660 -60.3724 1.4738 2.5789 16.5974 13.1211 13.8347 56.3761 7.6580 26.2945 -0.0249 0.0341 38.1861 2.6528 -7.3901 -5.5416 15.3523 7.2439 -16.2492 49.8010 -3.6270 -5.4366 5.0833 -2.6053 7.9278 -0.0581 8.2974 -0.1598 -5.3581 -3.2020 0.7527 1.6545 0.3323 -1.9082 -3.3075 1.6672 -11.4581 0.0086 3.9618 -0.0339 4.2206 -3.0366 1.5054 -1.4351 -0.0636 0.9993
-0.0799 99.9011 -0.9782 -0.4594 -2.9465 0.7248 -0.1578 -1.4989 0.0122 -0.4793 -5.8783 -0.1847 0.1645 14.5222 -2.2746 -0.0782 24.7126 3.2627 -0.7832 -3.7762 -0.2480 -0.3231 -8.7921 -0.5168 0.0132 0.0348 0.0084 0.6738 -10.5267 -3.8232 -0.6495 -10.5501 3.8457 -18.9992 13.1973 -11.2232 -52.6904 6.4425 -24.1124 0.0332 0.1803 -32.5035 -0.2440 -14.4398 4.2730 -15.7527 10.5251 15.5443 -60.3577 1.5032 2.5524 16.6051 13.1067 13.8581 56.3638 7.6814 26.2466 -0.0146 0.0244 38.2118 2.6830 -7.5344 -5.5526 15.3735 7.2337 -16.2476 49.7584 -3.6551 -5.4383 5.0826 -2.6443 7.9281 -0.0597 8.3203 -0.1507 -5.3733 -3.1980 0.7738 1.6541 0.3661 -1.9190 -3.3074 1.6172 -11.4958 0.0083 3.9891 -0.0408 4.2474 -3.0200 1.5197 -1.4330 -0.0316 0.9916
-0.0944 99.9116 -0.9829 -0.4684 -2.9119 0.6854 -0.1484 -1.4840 0.0048 -0.4776 -5.8689 -0.1866 0.1595 14.4964 -2.2956 -0.0787 24.6950 3.2708 -0.7861 -3.7733 -0.2157 -0.3358 -8.7774 -0.4831 0.0113 0.0341 0.0104 0.6719 -10.5324 -3.8216 -0.6514 -10.5553 3.8482 -18.9766 13.2015 -11.2493 -52.6955 6.5419 -24.2443 0.0810 0.1667 -32.5407 -0.1931 -14.4077 4.2248 -15.7088 10.5108 15.5285 -60.3238 1.5018 2.5385 16.5864 13.0867 13.8704 56.3871 7.7609 26.2570 -0.0264 0.0156 38.2420 2.6637 -7.7393 -5.5086 15.3939 7.2185 -16.2413 49.7322 -3.6785 -5.4310 5.0911 -2.6940 7.9520 -0.0614 8.3480 -0.1382 -5.3766 -3.2003 0.7582 1.6532 0.3867 -1.9171 -3.2966 1.5791 -11.5151 0.0066 3.9862 -0.0380 4.2575 -2.9972 1.5209 -1.4327 -0.0063 0.9889
-0.1024 99.9189 -0.9800 -0.4797 -2.8681 0.6375 -0.1389 -1.4776 0.0044 -0.4782 -5.8632 -0.2060 0.1630 14.4639 -2.2966 -0.1045 24.6587 3.2630 -0.7642 -3.7653 -0.1303 -0.3665 -8.7626 -0.4440 0.0091 0.0333 0.0166 0.6680 -10.5299 -3.8153 -0.6518 -10.5533 3.8551 -18.9493 13.1932 -11.2837 -52.7117 6.5690 -24.2638 0.0849 0.1364 -32.5634 -0.1614 -14.3124 4.1702 -15.6475 10.5137 15.5719 -60.2393 1.4892 2.5664 16.5383 13.0795 13.8726 56.4461 7.8029 26.2859 -0.0222 0.0048 38.2269 2.6080 -7.8455 -5.4272 15.4294 7.2083 -16.2433 49.7544 -3.6696 -5.4357 5.1024 -2.7505 7.9804 -0.0639 8.3752 -0.1321 -5.3609 -3.2073 0.7551 1.6518 0.4224 -1.9178 -3.2712 1.5466 -11.4934 0.0015 3.9550 -0.0336 4.2483 -2.9795 1.5056 -1.4321 0.0139 0.9888
-0.0858 99.9237 -0.9764 -0.4920 -2.8132 0.5824 -0.1332 -1.4879 0.0032 -0.4762 -5.8558 -0.2091 0.1731 14.4360 -2.3074 -0.1313 24.6183 3.2518 -0.7374 -3.7676 -0.0373 -0.4065 -8.7677 -0.3834 0.0086 0.0302 0.0219 0.6633 -10.5219 -3.8096 -0.6479 -10.5447 3.8584 -18.9284 13.1966 -11.3213 -52.7108 6.5767 -24.2969 0.0871 0.1127 -32.5471 -0.1460 -14.2397 4.1117 -15.6402 10.5054 15.6171 -60.2036 1.4609 2.6264 16.5039 13.0889 13.8477 56.4816 7.8237 26.3362 -0.0311 -0.0042 38.1983 2.5814 -7.8939 -5.3858 15.4480 7.1986 -16.2434 49.7962 -3.6561 -5.4411 5.1110 -2.8152 7.9994 -0.0658 8.4011 -0.1292 -5.3392 -3.2400 0.7757 1.6525 0.4404 -1.9103 -3.2391 1.5083 -11.4344 0.0034 3.9107 -0.0196 4.2138 -2.9545 1.4837 -1.4323 0.0234 0.9898
-0.0949 99.9323 -0.9702 -0.5025 -2.7533 0.5076 -0.1324 -1.4991 -0.0002 -0.4756 -5.8430 -0.2119 0.1862 14.3994 -2.3142 -0.1587 24.5626 3.2625 -0.7067 -3.7734 0.0141 -0.4446 -8.7664 -0.3473 0.0079 0.0286 0.0255 0.6607 -10.5141 -3.8066 -0.6468 -10.5363 3.8628 -18.9040 13.1949 -11.3584 -52.7208 6.5918 -24.3391 0.0992 0.1057 -32.4986 -0.1393 -14.2033 4.0637 -15.6571 10.5144 15.6580 -60.1794 1.4352 2.6828 16.4782 13.1005 13.8355 56.5184 7.8037 26.3445 -0.0243 0.0055 38.1352 2.5830 -7.8923 -5.3499 15.4440 7.1820 -16.2298 49.8104 -3.6444 -5.4521 5.1138 -2.8677 8.0574 -0.0663 8.4061 -0.1396 -5.3248 -3.2618 0.8017 1.6563 0.4298 -1.9049 -3.2041 1.4662 -11.3483 0.0029 3.8629 -0.0189 4.1747 -2.9200 1.4843 -1.4338 0.0196 0.9945
-0.0867 99.9335 -0.9325 -0.5150 -2.7061 0.4391 -0.1362 -1.5035 -0.0085 -0.4751 -5.8461 -0.2227 0.1988 14.3836 -2.2965 -0.1834 24.5237 3.2771 -0.6994 -3.7863 0.0587 -0.4588 -8.7530 -0.3281 0.0062 0.0286 0.0301 0.6595 -10.5176 -3.8020 -0.6491 -10.5399 3.8681 -18.8536 13.2093 -11.4024 -52.7435 6.6362 -24.4313 0.1346 0.1155 -32.4740 -0.1310 -14.2731 4.0479 -15.7068 10.5312 15.6734 -60.2303 1.4337 2.7015 16.4336 13.1208 13.8320 56.5654 7.7683 26.3249 -0.0007 -0.0022 38.1003 2.5972 -7.9159 -5.3305 15.4214 7.1739 -16.2218 49.7976 -3.6393 -5.4654 5.1256 -2.9043 8.1283 -0.0674 8.4117 -0.1518 -5.3428 -3.2932 0.8190 1.6582 0.4004 -1.9050 -3.1738 1.4321 -11.2758 0.0048 3.8371 -0.0280 4.1346 -2.8828 1.5163 -1.4356 -0.0012 0.9987
-0.0973 99.9453 -0.9088 -0.5250 -2.6626 0.3897 -0.1387 -1.5016 -0.0157 -0.4753 -5.8425 -0.2274 0.1998 14.3431 -2.3002 -0.1881 24.4682 3.2877 -0.7024 -3.7990 0.0789 -0.4657 -8.7133 -0.3204 0.0055 0.0282 0.0323 0.6614 -10.5152 -3.7988 -0.6522 -10.5380 3.8694 -18.7974 13.2173 -11.4406 -52.7762 6.7104 -24.5258 0.1796 0.1457 -32.4549 -0.1456 -14.3549 4.0762 -15.7449 10.5400 15.6746 -60.2683 1.4373 2.6930 16.3817 13.1111 13.8335 56.6481 7.7990 26.3577 -0.0287 0.0053 38.0538 2.6201 -7.9508 -5.3061 15.4190 7.1862 -16.2224 49.7964 -3.6299 -5.4617 5.1349 -2.9327 8.1731 -0.0641 8.4130 -0.1548 -5.3630 -3.2883 0.8244 1.6597 0.3584 -1.9065 -3.1464 1.4035 -11.2443 0.0023 3.8148 -0.0328 4.1106 -2.8388 1.5259 -1.4366 -0.0376 1.0052
-0.1032 99.9415 -0.8822 -0.5392 -2.6182 0.3512 -0.1347 -1.4809 -0.0085 -0.4787 -5.8411 -0.2306 0.1879 14.2646 -2.3298 -0.1746 24.3887 3.2941 -0.7123 -3.8023 0.1024 -0.4527 -8.6386 -0.3269 0.0087 0.0271 0.0216 0.6659 -10.5068 -3.8096 -0.6508 -10.5310 3.8594 -18.7323 13.1945 -11.4673 -52.8312 6.8295 -24.6029 0.2271 0.1815 -32.4451 -0.1675 -14.4105 4.1467 -15.7701 10.5427 15.6576 -60.2859 1.4448 2.6487 16.3332 13.0504 13.8329 56.7723 7.8816 26.3703 -0.0436 0.0217 38.0322 2.6598 -8.0262 -5.3034 15.4024 7.1917 -16.2169 49.7575 -3.6288 -5.4514 5.1567 -2.9574 8.2015 -0.0620 8.4055 -0.1610 -5.3740 -3.2647 0.8094 1.6612 0.3037 -1.9130 -3.1244 1.3791 -11.2400 0.0009 3.7796 -0.0469 4.1149 -2.7801 1.5562 -1.4386 -0.0637 1.0098
-0.1022 99.9468 -0.8520 -0.5590 -2.5745 0.3134 -0.1239 -1.4551 -0.0218 -0.4756 -5.8379 -0.2196 0.1644 14.1701 -2.3756 -0.1733 24.3034 3.2888 -0.7093 -3.8021 0.1278 -0.4356 -8.5493 -0.2904 0.0122 0.0268 0.0067 0.6702 -10.4999 -3.8238 -0.6477 -10.5269 3.8418 -18.6531 13.1758 -11.4606 -52.8736 6.8830 -24.6469 0.2062 0.1943 -32.4124 -0.1758 -14.4000 4.2085 -15.7808 10.5453 15.6504 -60.3080 1.4613 2.6032 16.2546 12.9940 13.8133 56.8969 7.9518 26.3716 -0.0495 0.0209 38.0528 2.6776 -8.0486 -5.3146 15.4072 7.1979 -16.2089 49.7396 -3.6139 -5.4329 5.1806 -2.9837 8.2442 -0.0577 8.3971 -0.1610 -5.3749 -3.2633 0.7776 1.6610 0.2480 -1.9161 -3.0973 1.3760 -11.2592 0.0054 3.7065 -0.0495 4.1361 -2.7224 1.5857 -1.4368 -0.0807 1.0043
-0.1014 99.9528 -0.8104 -0.5723 -2.5261 0.2930 -0.1198 -1.4339 -0.0213 -0.4723 -5.8340 -0.2342 0.1373 14.0649 -2.4086 -0.1821 24.2077 3.2783 -0.6914 -3.7935 0.1814 -0.4226 -8.4259 -0.2251 0.0163 0.0264 -0.0079 0.6758 -10.4962 -3.8395 -0.6449 -10.5249 3.8267 -18.5886 13.1525 -11.4526 -52.9021 6.8738 -24.6165 0.1513 0.1789 -32.3622 -0.1650 -14.3242 4.2610 -15.7606 10.5490 15.6233 -60.3503 1.4720 2.5491 16.1734 12.9360 13.8085 56.9984 7.9860 26.3167 -0.0142 0.0020 38.0822 2.6683 -7.9341 -5.3362 15.4002 7.1926 -16.2063 49.7158 -3.6142 -5.4264 5.1960 -3.0055 8.2752 -0.0546 8.3794 -0.1515 -5.3777 -3.2659 0.7503 1.6602 0.2257 -1.9170 -3.0811 1.3789 -11.2772 0.0125 3.6188 -0.0507 4.1436 -2.6865 1.6007 -1.4355 -0.0866 0.9990
-0.0929 99.9541 -0.7680 -0.5791 -2.4827 0.2751 -0.1231 -1.4157 -0.0180 -0.4657 -5.8245 -0.2491 0.1191 13.9557 -2.4154 -0.2106 24.0777 3.2588 -0.6737 -3.7827 0.2480 -0.4019 -8.2578 -0.1874 0.0186 0.0243 -0.0134 0.6794 -10.5035 -3.8484 -0.6438 -10.5315 3.8234 -18.5468 13.1243 -11.4769 -52.9175 6.8040 -24.4889 0.0672 0.1583 -32.3128 -0.1605 -14.1829 4.2840 -15.7309 10.5417 15.6252 -60.3568 1.4528 2.5660 16.0714 12.8855 13.7974 57.0852 8.0243 26.2610 0.0192 -0.0119 38.1212 2.6358 -7.8026 -5.3586 15.4126 7.1847 -16.1975 49.7222 -3.6145 -5.4343 5.1994 -3.0162 8.2912 -0.0499 8.3420 -0.1397 -5.3917 -3.2520 0.7316 1.6582 0.2366 -1.9152 -3.0691 1.3798 -11.3078 0.0148 3.5496 -0.0400 4.1382 -2.6709 1.6133 -1.4350 -0.0672 0.9975
-0.0858 99.9602 -0.7421 -0.5799 -2.4344 0.2403 -0.1304 -1.4087 -0.0130 -0.4604 -5.8107 -0.2490 0.1035 13.8567 -2.4128 -0.2480 23.9369 3.2419 -0.6456 -3.7737 0.3097 -0.4160 -8.0721 -0.1539 0.0205 0.0211 -0.0137 0.6840 -10.5083 -3.8522 -0.6444 -10.5388 3.8257 -18.5249 13.1007 -11.5104 -52.9087 6.7365 -24.3925 -0.0005 0.1499 -32.2695 -0.1398 -14.1388 4.2916 -15.7090 10.5369 15.6223 -60.3714 1.4374 2.6147 15.9764 12.8357 13.7843 57.1201 8.0606 26.2138 0.0659 -0.0205 38.1865 2.6052 -7.6860 -5.3881 15.4080 7.1793 -16.1894 49.7351 -3.6155 -5.4468 5.1969 -3.0220 8.3130 -0.0445 8.2890 -0.1250 -5.4103 -3.2159 0.7234 1.6592 0.2593 -1.9131 -3.0647 1.3641 -11.3200 0.0159 3.5071 -0.0309 4.1328 -2.6689 1.6455 -1.4351 -0.0507 0.9976
-0.0761 99.9554 -0.7071 -0.5781 -2.3954 0.2098 -0.1411 -1.3971 -0.0257 -0.4567 -5.7932 -0.2476 0.0937 13.7603 -2.3849 -0.2960 23.7673 3.2478 -0.6289 -3.7654 0.3415 -0.4173 -7.8433 -0.1311 0.0211 0.0174 -0.0110 0.6834 -10.5120 -3.8512 -0.6426 -10.5438 3.8295 -18.5124 13.0891 -11.5577 -52.9013 6.7266 -24.3745 -0.0123 0.1593 -32.2550 -0.1667 -14.2431 4.2997 -15.7055 10.5168 15.6192 -60.3628 1.4171 2.6730 15.9003 12.7875 13.8044 57.1181 8.0799 26.1539 0.1059 -0.0083 38.2314 2.6315 -7.5862 -5.3999 15.4117 7.1719 -16.1797 49.7201 -3.6246 -5.4706 5.1944 -3.0093 8.3361 -0.0433 8.2167 -0.1199 -5.4409 -3.1916 0.7309 1.6625 0.2917 -1.9148 -3.0661 1.3420 -11.3237 0.0156 3.5016 -0.0322 4.1278 -2.6703 1.6698 -1.4367 -0.0337 0.9940
-0.0929 99.9506 -0.6760 -0.5795 -2.3774 0.1861 -0.1443 -1.3796 -0.0440 -0.4550 -5.7698 -0.2494 0.0776 13.6717 -2.3540 -0.3346 23.5762 3.2744 -0.6296 -3.7562 0.3811 -0.4199 -7.5858 -0.0881 0.0199 0.0154 -0.0093 0.6835 -10.5168 -3.8495 -0.6451 -10.5474 3.8314 -18.5196 13.0808 -11.5982 -52.8681 6.7835 -24.4464 0.0496 0.1754 -32.2405 -0.2486 -14.3976 4.2993 -15.7154 10.5020 15.6149 -60.3410 1.4109 2.6876 15.8549 12.7540 13.8614 57.0506 8.1225 26.1315 0.1229 0.0187 38.2723 2.7183 -7.5585 -5.3994 15.4086 7.1647 -16.1850 49.6730 -3.6391 -5.4948 5.2019 -2.9750 8.3762 -0.0424 8.1405 -0.1130 -5.4611 -3.1854 0.7400 1.6652 0.3173 -1.9256 -3.0629 1.3423 -11.3370 0.0096 3.4902 -0.0418 4.1124 -2.6791 1.7204 -1.4369 -0.0133 0.9846
-0.0947 99.9553 -0.6433 -0.5871 -2.3607 0.1791 -0.1385 -1.3723 -0.0595 -0.4588 -5.7646 -0.2428 0.0742 13.6125 -2.3427 -0.3589 23.4301 3.3318 -0.6328 -3.7578 0.3997 -0.4017 -7.3739 -0.0577 0.0210 0.0106 -0.0151 0.6864 -10.5271 -3.8522 -0.6456 -10.5545 3.8211 -18.5059 13.0579 -11.6336 -52.8406 6.8620 -24.5718 0.1429 0.1818 -32.2323 -0.3185 -14.5899 4.2879 -15.7191 10.5072 15.6147 -60.3586 1.4092 2.6663 15.8014 12.7207 13.8982 56.9800 8.2217 26.2429 0.0544 0.0577 38.2871 2.8159 -7.6163 -5.3966 15.4438 7.1685 -16.2007 49.6724 -3.6605 -5.4969 5.2119 -2.9539 8.4079 -0.0418 8.1014 -0.1229 -5.4327 -3.1884 0.7365 1.6669 0.3182 -1.9336 -3.0547 1.3447 -11.3598 0.0081 3.4943 -0.0437 4.0665 -2.6632 1.7723 -1.4367 -0.0352 0.9667
-0.0868 99.9482 -0.6178 -0.5979 -2.3386 0.1791 -0.1247 -1.3824 -0.0626 -0.4652 -5.7591 -0.2343 0.0748 13.5504 -2.3535 -0.3719 23.3136 3.3752 -0.6359 -3.7558 0.4257 -0.4168 -7.2321 -0.0292 0.0235 0.0104 -0.0221 0.6904 -10.5287 -3.8579 -0.6444 -10.5559 3.8115 -18.4713 13.0119 -11.6555 -52.8394 6.9036 -24.6506 0.1940 0.1674 -32.1907 -0.3729 -14.6419 4.2909 -15.7255 10.5329 15.6052 -60.3872 1.4252 2.6285 15.7370 12.6752 13.9106 56.8987 8.3151 26.3988 -0.0027 0.0871 38.2206 2.8799 -7.6485 -5.3701 15.4337 7.1763 -16.2297 49.6825 -3.6813 -5.5052 5.2234 -2.9596 8.4249 -0.0441 8.0987 -0.1286 -5.3781 -3.1943 0.7483 1.6679 0.3190 -1.9424 -3.0423 1.3421 -11.4023 0.0079 3.4942 -0.0420 4.0269 -2.6586 1.8308 -1.4376 -0.0511 0.9528
-0.0854 99.9535 -0.5873 -0.6048 -2.3007 0.1881 -0.1179 -1.4016 -0.0603 -0.4714 -5.7593 -0.2230 0.0841 13.4805 -2.3579 -0.3969 23.2034 3.4082 -0.6250 -3.7498 0.4431 -0.4526 -7.1105 0.0038 0.0245 0.0130 -0.0231 0.6924 -10.5289 -3.8590 -0.6445 -10.5570 3.8104 -18.4137 12.9364 -11.6657 -52.8791 6.9026 -24.6612 0.2066 0.1340 -32.1311 -0.4056 -14.6088 4.3241 -15.7394 10.5619 15.5865 -60.4338 1.4458 2.5877 15.6576 12.5942 13.9122 56.8525 8.3949 26.5363 -0.0507 0.0898 38.0952 2.8986 -7.6639 -5.3133 15.4450 7.1818 -16.2488 49.7130 -3.6941 -5.5000 5.2191 -2.9929 8.4272 -0.0418 8.1275 -0.1323 -5.3057 -3.2047 0.7368 1.6676 0.3340 -1.9464 -3.0342 1.3248 -11.4371 0.0096 3.4807 -0.0391 4.0069 -2.6632 1.8734 -1.4385 -0.0640 0.9469
-0.0564 99.9609 -0.5293 -0.6084 -2.2666 0.2228 -0.1144 -1.4400 -0.0638 -0.4776 -5.7493 -0.1981 0.0947 13.4014 -2.3661 -0.4343 23.0927 3.4032 -0.6199 -3.7489 0.5017 -0.4845 -6.9922 0.0281 0.0230 0.0141 -0.0142 0.6918 -10.5287 -3.8521 -0.6473 -10.5603 3.8223 -18.3507 12.8569 -11.6671 -52.9328 6.8185 -24.5847 0.1933 0.0967 -32.0621 -0.4598 -14.4860 4.3879 -15.7607 10.5838 15.5728 -60.4362 1.4644 2.5750 15.5917 12.5220 13.9176 56.8285 8.4352 26.6301 -0.1090 0.1018 37.9644 2.9254 -7.6945 -5.2756 15.4387 7.1970 -16.2456 49.7436 -3.6701 -5.4886 5.2142 -3.0274 8.3833 -0.0440 8.1688 -0.1393 -5.2309 -3.2018 0.7448 1.6692 0.3586 -1.9403 -3.0373 1.3306 -11.4895 0.0125 3.4364 -0.0296 3.9942 -2.6649 1.8883 -1.4408 -0.0759 0.9515
-0.0653 99.9704 -0.4918 -0.5978 -2.2430 0.2461 -0.1108 -1.4707 -0.0542 -0.4850 -5.7526 -0.1746 0.1064 13.3490 -2.3681 -0.4865 22.9642 3.4028 -0.6408 -3.7380 0.5747 -0.4901 -6.8762 -0.0039 0.0199 0.0153 -0.0044 0.6916 -10.5338 -3.8427 -0.6538 -10.5655 3.8350 -18.3014 12.8183 -11.6909 -52.9749 6.6640 -24.4268 0.1631 0.0736 -32.0625 -0.4965 -14.3314 4.4687 -15.7641 10.5888 15.5608 -60.4364 1.4638 2.5745 15.5424 12.4727 13.9459 56.8051 8.4205 26.6483 -0.1570 0.0876 37.8620 2.9535 -7.6614 -5.2701 15.4362 7.2201 -16.2444 49.7724 -3.6390 -5.4783 5.2015 -3.0481 8.3215 -0.0501 8.2130 -0.1390 -5.1854 -3.2156 0.7469 1.6711 0.3886 -1.9334 -3.0566 1.3404 -11.5364 0.0172 3.4044 -0.0253 3.9942 -2.7001 1.9046 -1.4430 -0.0704 0.9644
-0.0691 99.9678 -0.4560 -0.5899 -2.2227 0.2789 -0.1031 -1.5000 -0.0539 -0.4873 -5.7412 -0.1332 0.1210 13.2922 -2.3905 -0.5455 22.8278 3.3838 -0.6641 -3.7270 0.6489 -0.4919 -6.7923 -0.0280 0.0171 0.0157 0.0033 0.6883 -10.5265 -3.8344 -0.6565 -10.5576 3.8434 -18.2798 12.7966 -11.7121 -52.9909 6.5083 -24.2357 0.1170 0.0828 -32.1138 -0.5233 -14.2142 4.5165 -15.7448 10.5801 15.5670 -60.3867 1.4399 2.6139 15.5177 12.4255 13.9741 56.7923 8.3977 26.6728 -0.2347 0.1048 37.8137 3.0265 -7.6513 -5.3351 15.4453 7.2379 -16.2414 49.8021 -3.6013 -5.4951 5.1823 -3.0599 8.2615 -0.0484 8.2347 -0.1302 -5.1515 -3.2317 0.7491 1.6734 0.4023 -1.9232 -3.0755 1.3638 -11.6018 0.0245 3.3553 -0.0232 4.0016 -2.7399 1.9110 -1.4441 -0.0589 0.9722
-0.0783 99.9680 -0.4317 -0.5835 -2.2138 0.3125 -0.0927 -1.5029 -0.0505 -0.4822 -5.7454 -0.1279 0.1276 13.2567 -2.3958 -0.6129 22.6762 3.3747 -0.6788 -3.7094 0.6995 -0.5059 -6.7375 -0.0273 0.0158 0.0162 0.0050 0.6846 -10.5303 -3.8327 -0.6555 -10.5586 3.8458 -18.2629 12.8199 -11.7291 -52.9806 6.3910 -24.1302 0.1040 0.1013 -32.1787 -0.5228 -14.1746 4.5030 -15.7264 10.5633 15.5832 -60.3618 1.4167 2.6624 15.5354 12.3949 14.0161 56.7276 8.3167 26.6002 -0.2195 0.0966 37.8314 3.0511 -7.6478 -5.4151 15.4579 7.2473 -16.2425 49.8361 -3.5751 -5.4931 5.1664 -3.0523 8.2180 -0.0444 8.2496 -0.1247 -5.1370 -3.2634 0.7666 1.6749 0.4011 -1.9241 -3.0994 1.3970 -11.6448 0.0288 3.3210 -0.0314 4.0295 -2.7740 1.9148 -1.4449 -0.0467 0.9733
-0.0615 99.9631 -0.4040 -0.5795 -2.2111 0.3277 -0.0801 -1.4962 -0.0549 -0.4698 -5.7376 -0.1320 0.1268 13.2049 -2.4047 -0.6785 22.4951 3.3815 -0.6767 -3.6961 0.7202 -0.5649 -6.6985 0.0433 0.0182 0.0180 -0.0033 0.6851 -10.5198 -3.8419 -0.6510 -10.5456 3.8372 -18.2415 12.8509 -11.7115 -52.9819 6.3218 -24.1094 0.1064 0.1251 -32.1881 -0.5169 -14.1500 4.4336 -15.7055 10.5527 15.6185 -60.3127 1.3944 2.6846 15.5602 12.3786 14.0682 56.6636 8.1927 26.5205 -0.1788 0.1009 37.8700 3.0699 -7.5892 -5.4860 15.4576 7.2544 -16.2529 49.8277 -3.5735 -5.4935 5.1535 -3.0338 8.2293 -0.0358 8.2543 -0.1156 -5.1308 -3.2987 0.7805 1.6754 0.3890 -1.9267 -3.1162 1.4268 -11.6395 0.0303 3.2929 -0.0392 4.0528 -2.7861 1.8917 -1.4436 -0.0369 0.9689
-0.0685 99.9639 -0.3843 -0.5748 -2.2134 0.3196 -0.0683 -1.4719 -0.0461 -0.4562 -5.7422 -0.1667 0.1245 13.1597 -2.3868 -0.7386 22.3192 3.3877 -0.6728 -3.6933 0.7225 -0.6583 -6.6914 0.1525 0.0223 0.0198 -0.0144 0.6898 -10.5131 -3.8534 -0.6475 -10.5367 3.8251 -18.1978 12.8794 -11.6880 -52.9968 6.2678 -24.1054 0.0908 0.1299 -32.1849 -0.4964 -14.0373 4.4048 -15.7077 10.5529 15.6328 -60.3176 1.3900 2.6622 15.5895 12.3731 14.1149 56.6048 8.0481 26.4535 -0.1052 0.0738 37.9121 3.0586 -7.4640 -5.4993 15.4622 7.2548 -16.2657 49.8181 -3.5747 -5.4844 5.1411 -3.0060 8.2604 -0.0337 8.2472 -0.1058 -5.1246 -3.3250 0.8077 1.6749 0.3684 -1.9222 -3.1279 1.4549 -11.6022 0.0316 3.2771 -0.0530 4.0727 -2.7932 1.8839 -1.4408 -0.0363 0.9667
-0.0581 99.9706 -0.3817 -0.5641 -2.1936 0.2933 -0.0589 -1.4661 -0.0440 -0.4470 -5.7310 -0.1667 0.1327 13.1015 -2.3709 -0.7977 22.1311 3.3890 -0.6702 -3.6889 0.7147 -0.7542 -6.6672 0.2531 0.0269 0.0215 -0.0263 0.6986 -10.4979 -3.8669 -0.6470 -10.5242 3.8130 -18.1697 12.8577 -11.6804 -53.0468 6.2875 -24.1418 0.1044 0.1374 -32.1289 -0.5111 -13.9518 4.4055 -15.7103 10.5472 15.6219 -60.3099 1.3942 2.6471 15.6133 12.3630 14.1195 56.5857 7.9073 26.4311 -0.0583 0.0526 37.9088 3.0626 -7.3015 -5.4946 15.4732 7.2506 -16.2689 49.8152 -3.5814 -5.4742 5.1158 -2.9855 8.2693 -0.0301 8.2024 -0.0997 -5.1018 -3.3225 0.8151 1.6746 0.3275 -1.9205 -3.1402 1.4605 -11.5575 0.0323 3.2452 -0.0529 4.0946 -2.7942 1.8411 -1.4391 -0.0445 0.9677
-0.0288 99.9693 -0.3594 -0.5478 -2.1570 0.2616 -0.0544 -1.4706 -0.0439 -0.4450 -5.7235 -0.1553 0.1449 13.0503 -2.3559 -0.8583 21.9432 3.3922 -0.6765 -3.6783 0.7166 -0.8332 -6.6095 0.3284 0.0301 0.0222 -0.0331 0.7083 -10.4897 -3.8769 -0.6502 -10.5204 3.8082 -18.1411 12.8143 -11.6764 -53.1092 6.3473 -24.1893 0.1042 0.1332 -32.0779 -0.5031 -13.9046 4.4416 -15.7199 10.5268 15.6008 -60.3018 1.3821 2.6561 15.6201 12.3339 14.1083 56.6231 7.7918 26.4798 -0.0449 0.0372 37.8579 3.0867 -7.1904 -5.4478 15.4889 7.2517 -16.2728 49.8417 -3.5821 -5.4825 5.0898 -2.9800 8.2667 -0.0272 8.1555 -0.0881 -5.0816 -3.3386 0.8283 1.6721 0.3013 -1.9216 -3.1537 1.4362 -11.4875 0.0350 3.2236 -0.0590 4.1129 -2.7899 1.7968 -1.4398 -0.0731 0.9768
-0.0246 99.9769 -0.3418 -0.5312 -2.1153 0.2308 -0.0610 -1.4821 -0.0473 -0.4480 -5.7146 -0.1326 0.1689 13.0099 -2.3596 -0.9236 21.7559 3.3845 -0.6795 -3.6668 0.7596 -0.9049 -6.4989 0.4005 0.0308 0.0208 -0.0319 0.7161 -10.4890 -3.8782 -0.6569 -10.5239 3.8117 -18.1019 12.7392 -11.6804 -53.1902 6.4469 -24.1980 0.1090 0.1193 -32.0614 -0.5037 -13.8838 4.5067 -15.7147 10.5227 15.5915 -60.2985 1.3626 2.6784 15.6246 12.2926 14.1001 56.6885 7.7110 26.5454 -0.0551 0.0379 37.8280 3.1194 -7.1914 -5.4024 15.5020 7.2562 -16.2560 49.8910 -3.5793 -5.4962 5.0573 -2.9756 8.2578 -0.0279 8.0997 -0.0832 -5.0609 -3.3516 0.8519 1.6707 0.2688 -1.9184 -3.1638 1.4058 -11.4485 0.0383 3.1994 -0.0619 4.1329 -2.8008 1.7493 -1.4408 -0.0861 0.9923
-0.0347 99.9856 -0.3382 -0.5133 -2.0882 0.2107 -0.0755 -1.4857 -0.0374 -0.4543 -5.7156 -0.1287 0.1827 12.9896 -2.3885 -0.9824 21.6080 3.3908 -0.6811 -3.6585 0.8163 -0.9651 -6.3672 0.4518 0.0306 0.0179 -0.0305 0.7227 -10.4960 -3.8776 -0.6641 -10.5337 3.8147 -18.0488 12.6656 -11.6836 -53.2658 6.5747 -24.2027 0.1289 0.1036 -32.0814 -0.5295 -13.8044 4.5761 -15.7197 10.5283 15.5915 -60.3199 1.3613 2.6936 15.6351 12.2431 14.1274 56.7659 7.6894 26.6131 -0.0712 0.0380 37.8407 3.1317 -7.2756 -5.3984 15.5031 7.2633 -16.2385 49.9325 -3.5731 -5.5133 5.0341 -2.9684 8.2329 -0.0327 8.0687 -0.0843 -5.0376 -3.3884 0.8875 1.6678 0.2613 -1.9110 -3.1766 1.3795 -11.4201 0.0394 3.2010 -0.0676 4.1312 -2.8372 1.7166 -1.4419 -0.0721 1.0038
-0.0220 99.9771 -0.3341 -0.4918 -2.0727 0.2043 -0.0933 -1.4872 -0.0586 -0.4619 -5.7207 -0.1371 0.1942 12.9843 -2.3891 -1.0460 21.4886 3.4042 -0.6754 -3.6563 0.8510 -1.0121 -6.2353 0.5066 0.0284 0.0179 -0.0288 0.7238 -10.5039 -3.8743 -0.6696 -10.5394 3.8152 -18.0045 12.6164 -11.6869 -53.3002 6.6847 -24.2015 0.1471 0.0944 -32.1149 -0.5596 -13.6496 4.6034 -15.7162 10.5524 15.6129 -60.3543 1.3785 2.6933 15.6562 12.2001 14.1628 56.8547 7.6646 26.6437 -0.0953 0.0483 37.8430 3.1303 -7.3172 -5.3801 15.5203 7.2710 -16.2304 49.9468 -3.5724 -5.5112 5.0179 -2.9341 8.2055 -0.0352 8.0091 -0.0887 -5.0560 -3.4212 0.9278 1.6660 0.2776 -1.9019 -3.1929 1.3674 -11.3946 0.0375 3.2092 -0.0726 4.1255 -2.8961 1.7023 -1.4414 -0.0400 1.0007
-0.0248 99.9700 -0.3086 -0.4725 -2.0585 0.2170 -0.1094 -1.4952 -0.0829 -0.4689 -5.7266 -0.1447 0.1985 12.9865 -2.4046 -1.1296 21.4237 3.4160 -0.6501 -3.6605 0.8890 -1.0779 -6.1473 0.5818 0.0281 0.0184 -0.0295 0.7253 -10.5095 -3.8736 -0.6715 -10.5430 3.8127 -17.9749 12.5988 -11.6881 -53.3034 6.7483 -24.2080 0.1530 0.0737 -32.1198 -0.5876 -13.4541 4.6035 -15.7339 10.5840 15.6270 -60.4202 1.4101 2.6729 15.6791 12.1924 14.2092 56.9346 7.6543 26.6709 -0.1144 0.0577 37.8739 3.0995 -7.4406 -5.3860 15.4999 7.2595 -16.2305 49.9012 -3.5872 -5.5209 5.0026 -2.9022 8.1944 -0.0368 7.9524 -0.0950 -5.0881 -3.4469 0.9439 1.6666 0.2872 -1.8945 -3.2036 1.3619 -11.3490 0.0374 3.2182 -0.0657 4.1105 -2.9440 1.6774 -1.4415 -0.0008 0.9931
-0.0207 99.9636 -0.2956 -0.4622 -2.0425 0.2151 -0.1178 -1.4987 -0.0958 -0.4711 -5.7322 -0.1636 0.2075 12.9827 -2.3875 -1.2264 21.3850 3.4284 -0.6173 -3.6608 0.9043 -1.1287 -6.1211 0.6532 0.0279 0.0199 -0.0280 0.7248 -10.5032 -3.8694 -0.6713 -10.5341 3.8108 -17.9423 12.5925 -11.6914 -53.3184 6.7486 -24.1985 0.1410 0.0601 -32.0914 -0.5981 -13.2802 4.5894 -15.7628 10.5967 15.6381 -60.4535 1.4259 2.6659 15.6841 12.2155 14.2248 57.0244 7.5895 26.6395 -0.1007 0.0603 37.8804 3.0488 -7.4981 -5.3869 15.4945 7.2488 -16.2321 49.8735 -3.5978 -5.5147 5.0016 -2.8767 8.2098 -0.0394 7.8951 -0.1046 -5.1278 -3.4504 0.9295 1.6680 0.3007 -1.8919 -3.2030 1.3566 -11.2958 0.0318 3.2271 -0.0572 4.1102 -2.9826 1.6604 -1.4415 0.0301 0.9933
-0.0297 99.9633 -0.2770 -0.4586 -2.0268 0.1998 -0.1152 -1.4897 -0.1057 -0.4760 -5.7223 -0.1662 0.2112 12.9632 -2.3833 -1.3203 21.3690 3.4618 -0.5823 -3.6682 0.8986 -1.1735 -6.1139 0.7313 0.0282 0.0206 -0.0273 0.7259 -10.5017 -3.8686 -0.6716 -10.5302 3.8099 -17.9198 12.5870 -11.6802 -53.3198 6.7114 -24.1385 0.1052 0.0488 -32.0629 -0.6002 -13.2083 4.5608 -15.7932 10.5941 15.6385 -60.4262 1.4477 2.6511 15.6812 12.2575 14.2473 57.0994 7.4930 26.5763 -0.0607 0.0410 37.8662 2.9939 -7.4062 -5.3599 15.4799 7.2296 -16.2282 49.8303 -3.6075 -5.5278 5.0034 -2.8582 8.2601 -0.0388 7.8510 -0.1138 -5.1766 -3.4582 0.8998 1.6685 0.3161 -1.8959 -3.1965 1.3437 -11.2473 0.0286 3.2474 -0.0541 4.1334 -3.0026 1.6367 -1.4420 0.0643 0.9937
-0.0352 99.9756 -0.2413 -0.4536 -2.0221 0.1754 -0.1099 -1.4745 -0.0947 -0.4812 -5.7205 -0.1918 0.2084 12.9576 -2.3552 -1.4054 21.3619 3.4823 -0.5595 -3.6803 0.9106 -1.2156 -6.1050 0.8082 0.0276 0.0204 -0.0221 0.7256 -10.5059 -3.8628 -0.6725 -10.5317 3.8144 -17.8982 12.6069 -11.6722 -53.3211 6.6332 -24.0629 0.0753 0.0516 -32.0609 -0.5773 -13.2343 4.5485 -15.8309 10.5745 15.6242 -60.4071 1.4529 2.6456 15.6642 12.3004 14.2486 57.1602 7.4053 26.5344 0.0082 0.0133 37.8183 2.9337 -7.2646 -5.3176 15.4636 7.2310 -16.2301 49.8170 -3.5998 -5.5228 5.0135 -2.8353 8.3122 -0.0421 7.8200 -0.1197 -5.2272 -3.4813 0.8644 1.6672 0.3318 -1.9034 -3.1946 1.3376 -11.2021 0.0265 3.2665 -0.0528 4.1824 -3.0064 1.6182 -1.4435 0.0679 0.9961
-0.0579 99.9691 -0.2023 -0.4574 -2.0255 0.1473 -0.0970 -1.4544 -0.0729 -0.4901 -5.7145 -0.2079 0.1971 12.9482 -2.3407 -1.4689 21.3322 3.4960 -0.5554 -3.6862 0.9394 -1.2409 -6.1054 0.8686 0.0268 0.0206 -0.0141 0.7268 -10.5018 -3.8539 -0.6757 -10.5256 3.8227 -17.9010 12.6064 -11.6607 -53.3140 6.5873 -23.9865 0.0457 0.0805 -32.0427 -0.5608 -13.3039 4.5237 -15.8448 10.5511 15.6076 -60.3436 1.4450 2.6399 15.6579 12.3090 14.2452 57.2190 7.4097 26.5731 0.0527 0.0149 37.7420 2.8665 -7.1573 -5.2746 15.4360 7.2489 -16.2226 49.8173 -3.5749 -5.5196 5.0324 -2.8107 8.3616 -0.0443 7.8105 -0.1217 -5.2723 -3.5085 0.8404 1.6655 0.3208 -1.9164 -3.1936 1.3410 -11.1794 0.0272 3.2807 -0.0609 4.2366 -2.9878 1.6074 -1.4471 0.0493 1.0019
-0.0715 99.9754 -0.1858 -0.4645 -2.0228 0.1327 -0.0892 -1.4478 -0.0767 -0.4925 -5.7083 -0.1912 0.1830 12.9508 -2.3361 -1.5201 21.3149 3.4904 -0.5683 -3.6832 0.9725 -1.2355 -6.1555 0.9147 0.0259 0.0238 -0.0128 0.7287 -10.5067 -3.8519 -0.6795 -10.5280 3.8235 -17.8982 12.6056 -11.6423 -53.2956 6.5636 -23.9828 0.0384 0.0994 -32.0303 -0.5558 -13.3607 4.4988 -15.8378 10.5536 15.6039 -60.3221 1.4485 2.6214 15.6315 12.3029 14.2104 57.2870 7.4218 26.6483 0.0666 0.0166 37.6743 2.8289 -7.1010 -5.2413 15.4191 7.2569 -16.2109 49.8425 -3.5583 -5.5141 5.0481 -2.8032 8.3530 -0.0396 7.8227 -0.1151 -5.2984 -3.5177 0.8275 1.6634 0.2782 -1.9193 -3.1804 1.3387 -11.1905 0.0324 3.2939 -0.0612 4.2717 -2.9636 1.6034 -1.4474 0.0133 0.9971
-0.0817 99.9726 -0.1665 -0.4707 -2.0225 0.1470 -0.0918 -1.4472 -0.0858 -0.4895 -5.7071 -0.1767 0.1669 12.9695 -2.3275 -1.5675 21.3223 3.4811 -0.5874 -3.6708 1.0236 -1.1829 -6.2754 0.9012 0.0246 0.0268 -0.0087 0.7301 -10.5088 -3.8457 -0.6836 -10.5263 3.8265 -17.9028 12.5952 -11.6152 -53.2769 6.5518 -24.0335 0.0512 0.1094 -31.9826 -0.5739 -13.3422 4.4426 -15.8251 10.5660 15.6064 -60.3292 1.4671 2.5828 15.6214 12.3158 14.1886 57.3452 7.4594 26.7453 0.0356 0.0332 37.6400 2.8065 -7.1196 -5.2325 15.4170 7.2725 -16.2035 49.8526 -3.5323 -5.4980 5.0669 -2.8059 8.3045 -0.0373 7.8498 -0.1195 -5.3307 -3.5163 0.8510 1.6625 0.2330 -1.9281 -3.1672 1.3524 -11.2299 0.0336 3.2838 -0.0615 4.3029 -2.9383 1.6218 -1.4469 -0.0003 0.9925
-0.0913 99.9804 -0.1535 -0.4723 -2.0120 0.1735 -0.1118 -1.4489 -0.1012 -0.4795 -5.7195 -0.1544 0.1455 13.0021 -2.3335 -1.6216 21.3841 3.4592 -0.5937 -3.6695 1.0870 -1.1126 -6.4143 0.8824 0.0236 0.0275 -0.0068 0.7296 -10.5187 -3.8425 -0.6852 -10.5327 3.8279 -17.8794 12.5378 -11.5856 -53.3010 6.6115 -24.1475 0.1061 0.1000 -31.9507 -0.6057 -13.2574 4.4105 -15.8192 10.5881 15.6140 -60.3936 1.4967 2.5480 15.6275 12.3284 14.1643 57.3681 7.4912 26.8063 0.0111 0.0210 37.6430 2.8049 -7.1047 -5.2496 15.4298 7.2816 -16.2033 49.8952 -3.5052 -5.4797 5.0735 -2.8287 8.2372 -0.0365 7.8891 -0.1293 -5.3665 -3.4814 0.8812 1.6606 0.2145 -1.9324 -3.1503 1.3569 -11.3056 0.0338 3.2760 -0.0535 4.3191 -2.9281 1.6466 -1.4432 0.0098 0.9862
-0.1036 99.9818 -0.1308 -0.4747 -1.9945 0.1937 -0.1344 -1.4582 -0.1109 -0.4739 -5.7286 -0.1237 0.1206 13.0269 -2.3587 -1.6737 21.4744 3.4396 -0.5824 -3.6733 1.1428 -1.0659 -6.5562 0.8969 0.0249 0.0271 -0.0112 0.7278 -10.5215 -3.8471 -0.6804 -10.5307 3.8226 -17.8411 12.4651 -11.5562 -53.3555 6.6433 -24.2497 0.1473 0.0898 -31.8699 -0.6290 -13.1473 4.3698 -15.8163 10.5687 15.6156 -60.4141 1.4955 2.5518 15.6431 12.3095 14.1224 57.3661 7.5479 26.8752 -0.0058 0.0052 37.6251 2.8099 -7.0768 -5.2676 15.4466 7.2765 -16.1989 49.9245 -3.4910 -5.4665 5.0878 -2.8483 8.1821 -0.0382 7.9044 -0.1452 -5.4075 -3.4315 0.8678 1.6600 0.2370 -1.9317 -3.1355 1.3642 -11.3835 0.0339 3.2593 -0.0337 4.3457 -2.9241 1.6704 -1.4399 0.0385 0.9830
-0.1279 99.9880 -0.1220 -0.4760 -1.9703 0.1976 -0.1528 -1.4662 -0.1018 -0.4774 -5.7443 -0.1105 0.1007 13.0499 -2.3560 -1.7179 21.5822 3.4792 -0.5411 -3.6760 1.1481 -1.0555 -6.6304 0.9204 0.0245 0.0260 -0.0138 0.7235 -10.5170 -3.8515 -0.6768 -10.5243 3.8215 -17.8090 12.3818 -11.5414 -53.4164 6.6315 -24.2815 0.1321 0.0410 -31.7813 -0.5865 -13.1087 4.2684 -15.7936 10.5263 15.6041 -60.4041 1.4773 2.6036 15.6563 12.2596 14.0734 57.3749 7.5757 26.8966 -0.0114 -0.0217 37.5645 2.7701 -6.9939 -5.2403 15.4747 7.2610 -16.2146 49.9362 -3.5157 -5.4712 5.1054 -2.8613 8.1867 -0.0432 7.8950 -0.1468 -5.4399 -3.4101 0.8254 1.6595 0.2886 -1.9352 -3.1211 1.3607 -11.4225 0.0375 3.2462 -0.0215 4.3730 -2.9074 1.6987 -1.4379 0.0609 0.9871
-0.1743 100.0001 -0.0945 -0.4738 -1.9483 0.1784 -0.1639 -1.4723 -0.0845 -0.4797 -5.7551 -0.1156 0.0882 13.0690 -2.3181 -1.7789 21.6781 3.5258 -0.4978 -3.6787 1.1561 -1.0527 -6.6205 0.9268 0.0210 0.0234 -0.0063 0.7149 -10.5086 -3.8451 -0.6750 -10.5153 3.8310 -17.7959 12.3320 -11.5519 -53.4627 6.5172 -24.2038 0.0712 -0.0099 -31.7317 -0.4973 -13.1452 4.1533 -15.7441 10.4708 15.5940 -60.3314 1.4507 2.6716 15.6261 12.2175 13.9861 57.3979 7.5636 26.9392 -0.0100 -0.0474 37.5100 2.6994 -7.0138 -5.1789 15.4921 7.2206 -16.2382 49.9087 -3.5683 -5.5009 5.1215 -2.8732 8.2417 -0.0491 7.8825 -0.1510 -5.4567 -3.4312 0.7818 1.6614 0.3410 -1.9282 -3.1007 1.3519 -11.3995 0.0439 3.2344 -0.0262 4.4017 -2.8851 1.6973 -1.4382 0.0944 1.0030
-0.2373 100.0178 -0.0902 -0.4846 -1.9267 0.1497 -0.1639 -1.4814 -0.0653 -0.4800 -5.7552 -0.1291 0.0843 13.0736 -2.2662 -1.8633 21.7777 3.5781 -0.4627 -3.6894 1.1934 -1.0177 -6.5763 0.8848 0.0147 0.0232 0.0111 0.7037 -10.5033 -3.8285 -0.6767 -10.5106 3.8510 -17.8204 12.2875 -11.5667 -53.4971 6.3551 -24.0169 0.0019 -0.0464 -31.7684 -0.3605 -13.0954 4.1051 -15.6833 10.4475 15.6007 -60.2698 1.4448 2.7149 15.5649 12.2120 13.9217 57.4687 7.5412 27.0342 -0.0624 -0.0552 37.4989 2.6596 -7.2472 -5.1649 15.4920 7.1707 -16.2613 49.8576 -3.6225 -5.5485 5.1440 -2.9040 8.3201 -0.0568 7.9132 -0.1489 -5.4608 -3.5109 0.7474 1.6620 0.3924 -1.9188 -3.0631 1.3340 -11.3630 0.0495 3.2338 -0.0381 4.3833 -2.8710 1.6568 -1.4417 0.1134 1.0256
-0.2585 100.0555 -0.1019 -0.5166 -1.8953 0.1757 -0.1499 -1.5346 -0.0238 -0.4936 -5.7647 -0.1521 0.1143 13.1239 -2.2359 -1.9404 21.9550 3.6159 -0.4668 -3.7012 1.1935 -0.9703 -6.5569 0.7740 0.0107 0.0255 0.0155 0.6974 -10.5059 -3.8262 -0.6786 -10.5125 3.8582 -17.9023 12.2891 -11.5620 -53.4572 6.1609 -23.8661 -0.0491 -0.0759 -31.8681 -0.2180 -12.9581 4.1328 -15.6325 10.4881 15.6565 -60.2957 1.4727 2.7173 15.4994 12.1769 13.8552 57.5639 7.6325 27.1251 -0.1558 -0.0411 37.5847 2.6469 -7.6518 -5.1565 15.4969 7.1812 -16.3114 49.8574 -3.6322 -5.5778 5.1771 -2.9869 8.3596 -0.0696 7.9932 -0.1443 -5.4391 -3.5858 0.7933 1.6612 0.4151 -1.9053 -2.9938 1.3319 -11.3312 0.0589 3.1901 -0.0725 4.2763 -2.8206 1.5670 -1.4479 0.0662 1.0438
