HIERARCHY
ROOT Hips
{
	OFFSET 0.0000 0.0000 0.0000
	CHANNELS 6 Xposition Yposition Zposition Zrotation Xrotation Yrotation
	JOINT Spine1
	{
		OFFSET -0.0137 5.0038 -0.0537
		CHANNELS 3 Zrotation Xrotation Yrotation
		JOINT Spine2
		{
			OFFSET -0.0000 7.1253 -0.0298
			CHANNELS 3 Zrotation Xrotation Yrotation
			JOINT Chest
			{
				OFFSET -0.0000 7.5501 -0.8160
				CHANNELS 3 Zrotation Xrotation Yrotation
				JOINT Neck1
				{
					OFFSET -0.1817 26.3113 -0.5533
					CHANNELS 3 Zrotation Xrotation Yrotation
					JOINT Neck2
					{
						OFFSET -0.0000 7.7094 2.3026
						CHANNELS 3 Zrotation Xrotation Yrotation
						JOINT Head
						{
							OFFSET -0.0000 6.1289 1.9537
							CHANNELS 3 Zrotation Xrotation Yrotation
							JOINT Jaw
							{
								OFFSET 0.0026 0.4756 3.0949
								CHANNELS 3 Zrotation Xrotation Yrotation
								End Site
								{
									OFFSET 0.0 1.0 0.0
								}
							}
							JOINT LeftEye
							{
								OFFSET 3.2064 5.3802 7.5869
								CHANNELS 3 Zrotation Xrotation Yrotation
								End Site
								{
									OFFSET 0.0 1.0 0.0
								}
							}
							JOINT RightEye
							{
								OFFSET -3.2224 5.3619 7.5582
								CHANNELS 3 Zrotation Xrotation Yrotation
								End Site
								{
									OFFSET 0.0 1.0 0.0
								}
							}
						}
					}
				}
				JOINT LeftShoulder
				{
					OFFSET 1.6217 23.2372 5.1134
					CHANNELS 3 Zrotation Xrotation Yrotation
					JOINT LeftArm
					{
						OFFSET 14.9198 0.0000 -5.5023
						CHANNELS 3 Zrotation Xrotation Yrotation
						JOINT LeftForeArm
						{
							OFFSET 28.7393 0.0000 -0.0026
							CHANNELS 3 Zrotation Xrotation Yrotation
							JOINT LeftHand
							{
								OFFSET 27.0940 -0.0000 0.0026
								CHANNELS 3 Zrotation Xrotation Yrotation
								JOINT LeftHandThumbEnd
								{
									OFFSET 12.2686 -3.2202 4.8331
									CHANNELS 3 Zrotation Xrotation Yrotation
									End Site
									{
										OFFSET 0.0 1.0 0.0
									}
								}
								JOINT LeftHandMiddleEnd
								{
									OFFSET 19.0120 -0.3129 -0.0340
									CHANNELS 3 Zrotation Xrotation Yrotation
									End Site
									{
										OFFSET 0.0 1.0 0.0
									}
								}
							}
						}
					}
				}
				JOINT RightShoulder
				{
					OFFSET -1.3801 23.1803 5.2142
					CHANNELS 3 Zrotation Xrotation Yrotation
					JOINT RightArm
					{
						OFFSET -15.0372 0.0000 -5.5456
						CHANNELS 3 Zrotation Xrotation Yrotation
						JOINT RightForeArm
						{
							OFFSET -28.7366 0.0000 -0.0026
							CHANNELS 3 Zrotation Xrotation Yrotation
							JOINT RightHand
							{
								OFFSET -27.1336 -0.0000 0.0026
								CHANNELS 3 Zrotation Xrotation Yrotation
								JOINT RightHandThumbEnd
								{
									OFFSET -12.2642 -3.2115 4.8040
									CHANNELS 3 Zrotation Xrotation Yrotation
									End Site
									{
										OFFSET 0.0 1.0 0.0
									}
								}
								JOINT RightHandMiddleEnd
								{
									OFFSET -19.0006 -0.3066 -0.0316
									CHANNELS 3 Zrotation Xrotation Yrotation
									End Site
									{
										OFFSET 0.0 1.0 0.0
									}
								}
							}
						}
					}
				}
			}
		}
	}
	JOINT LeftLeg
	{
		OFFSET 10.0432 -8.4345 2.5957
		CHANNELS 3 Zrotation Xrotation Yrotation
		JOINT LeftShin
		{
			OFFSET -0.0000 -43.2218 -0.8029
			CHANNELS 3 Zrotation Xrotation Yrotation
			JOINT LeftFoot
			{
				OFFSET 0.0000 -42.1551 -3.4815
				CHANNELS 3 Zrotation Xrotation Yrotation
				JOINT LeftToeBase
				{
					OFFSET 0.0000 -5.0595 13.2315
					CHANNELS 3 Zrotation Xrotation Yrotation
					End Site
					{
						OFFSET 0.0 1.0 0.0
					}
				}
			}
		}
	}
	JOINT RightLeg
	{
		OFFSET -10.0473 -8.2953 2.6203
		CHANNELS 3 Zrotation Xrotation Yrotation
		JOINT RightShin
		{
			OFFSET 0.0000 -43.3622 -0.8056
			CHANNELS 3 Zrotation Xrotation Yrotation
			JOINT RightFoot
			{
				OFFSET 0.0000 -42.1174 -3.4784
				CHANNELS 3 Zrotation Xrotation Yrotation
				JOINT RightToeBase
				{
					OFFSET -0.0000 -5.0796 13.2842
					CHANNELS 3 Zrotation Xrotation Yrotation
					End Site
					{
						OFFSET 0.0 1.0 0.0
					}
				}
			}
		}
	}
}
MOTION
Frames: 180
Frame Time: 0.033333
0.8254 100.3768 1.1203 -0.0671 -1.3293 -0.0646 1.3027 0.3007 -0.0063 -0.1766 -4.9526 -0.0322 0.5336 10.9563 -1.8748 -2.9223 8.6163 3.8482 -0.5982 -3.5646 0.0813 -0.8426 -11.7320 -0.1785 0.0288 0.0249 -0.0298 0.7227 -10.4174 -3.8952 -0.6687 -10.4438 3.8359 -14.3596 13.1768 -8.8927 -59.6614 7.8777 -16.7601 0.0821 0.3327 -41.7249 -1.9623 -9.7419 3.0282 -15.5961 10.7617 15.6448 -60.4116 1.7065 2.3673 15.1273 12.1540 16.8062 55.3837 7.8187 17.6620 0.2786 -0.0814 36.4058 3.9550 -10.9985 -4.6328 15.5459 7.3009 -16.4468 49.4894 -3.9476 -5.4759 5.5737 -0.6010 6.8786 -0.0404 6.1682 -0.0185 -7.6429 -3.2560 4.0890 1.6791 -0.4382 -1.9899 -3.5516 -3.9325 -1.9601 -0.0461 8.3743 -0.0932 7.0293 -2.2579 -5.7766 -1.4067 -0.0271 1.0206
0.9697 100.3913 1.0916 -0.0881 -1.3047 -0.0719 1.2250 0.2960 -0.0165 -0.1743 -4.9467 0.0143 0.5614 10.9056 -1.9181 -2.8104 8.6033 3.8368 -0.6044 -3.5355 0.1665 -0.9295 -11.6252 -0.1661 0.0238 0.0269 -0.0044 0.7188 -10.4175 -3.8699 -0.6751 -10.4411 3.8631 -14.2258 13.1834 -9.0224 -59.4996 7.7579 -16.6084 0.0698 0.2460 -42.0636 -1.8772 -9.7589 2.9199 -15.5439 10.7536 15.6519 -60.3541 1.7272 2.3566 15.2658 12.1656 16.7974 55.3343 7.6430 17.7445 0.2281 -0.0464 36.3858 3.9639 -11.0496 -4.5753 15.5159 7.2893 -16.4216 49.5741 -3.9288 -5.4582 5.4850 -0.5955 6.8567 -0.0596 6.1426 -0.0513 -7.6420 -3.3368 4.1245 1.6796 -0.4202 -2.0042 -3.6234 -3.9373 -1.8879 -0.0532 8.3072 -0.0990 7.0908 -2.2683 -5.8595 -1.4110 -0.0553 1.0114
1.1128 100.3844 1.0804 -0.1086 -1.3036 -0.1126 1.1333 0.2785 -0.0306 -0.1818 -4.9598 0.0212 0.6194 10.9411 -1.9003 -2.7013 8.6679 3.8207 -0.5812 -3.5529 0.2101 -1.0070 -11.5157 -0.1407 0.0218 0.0283 -0.0024 0.7163 -10.4307 -3.8659 -0.6765 -10.4476 3.8624 -14.1147 13.1899 -9.1550 -59.2654 7.6702 -16.4577 0.0539 0.1863 -42.3830 -1.7364 -9.9092 2.8789 -15.5087 10.7698 15.7109 -60.3384 1.7401 2.4301 15.4458 12.1443 16.7548 55.2454 7.4042 17.7351 0.2251 -0.0376 36.4341 3.8663 -11.1658 -4.5020 15.5128 7.2871 -16.3930 49.5947 -3.9198 -5.4579 5.3985 -0.5905 6.8255 -0.0635 6.1773 -0.0683 -7.5980 -3.4439 4.1887 1.6803 -0.3423 -2.0060 -3.7098 -3.9529 -1.8640 -0.0537 8.2906 -0.1066 7.1918 -2.2686 -5.8766 -1.4122 -0.0387 1.0193
1.2468 100.3724 1.0690 -0.1504 -1.3197 -0.1795 1.0415 0.2652 -0.0439 -0.1890 -4.9745 0.0228 0.6824 11.0114 -1.8691 -2.6024 8.8020 3.7963 -0.5482 -3.5756 0.2434 -1.0449 -11.4926 -0.1024 0.0211 0.0313 -0.0082 0.7147 -10.4446 -3.8690 -0.6762 -10.4559 3.8525 -14.0297 13.2207 -9.2646 -58.9392 7.5803 -16.3898 0.0304 0.1626 -42.5879 -1.5648 -10.0227 2.8746 -15.4742 10.7789 15.7270 -60.3276 1.7454 2.4660 15.6255 12.1133 16.6957 55.1552 7.1665 17.7690 0.1763 -0.0277 36.5072 3.7359 -11.3954 -4.4233 15.5204 7.2972 -16.3569 49.5853 -3.8977 -5.4450 5.3394 -0.5962 6.8250 -0.0588 6.2602 -0.0783 -7.5312 -3.5721 4.2678 1.6795 -0.2691 -1.9927 -3.7705 -3.9586 -1.8859 -0.0527 8.2722 -0.1104 7.2946 -2.2462 -5.8146 -1.4134 -0.0211 1.0269
1.3751 100.3547 1.0382 -0.2117 -1.3425 -0.2713 0.9654 0.2532 -0.0315 -0.1958 -4.9969 -0.0200 0.7198 11.0991 -1.8320 -2.4726 8.9523 3.7450 -0.5225 -3.5857 0.3109 -1.0649 -11.5267 -0.0582 0.0220 0.0353 -0.0033 0.7147 -10.4516 -3.8631 -0.6742 -10.4596 3.8561 -13.9950 13.2822 -9.3262 -58.5407 7.4731 -16.3823 0.0200 0.1759 -42.6200 -1.3732 -10.0465 2.8725 -15.4119 10.7940 15.7055 -60.3164 1.7640 2.4344 15.7909 12.0946 16.6580 55.0765 6.9309 17.8215 0.1352 0.0007 36.5866 3.6262 -11.6028 -4.3434 15.5133 7.3172 -16.3329 49.5580 -3.8641 -5.4240 5.3071 -0.6033 6.8220 -0.0506 6.3435 -0.0841 -7.4443 -3.6763 4.3915 1.6776 -0.1946 -1.9836 -3.8017 -3.9400 -1.9169 -0.0532 8.2178 -0.1110 7.3956 -2.1836 -5.6958 -1.4157 -0.0109 1.0415
1.5028 100.3509 1.0010 -0.2880 -1.3757 -0.3759 0.9028 0.2443 -0.0240 -0.1968 -5.0155 -0.0384 0.7315 11.1850 -1.8368 -2.3338 9.1491 3.7017 -0.5114 -3.5921 0.3699 -1.0629 -11.5555 -0.0010 0.0228 0.0369 0.0009 0.7132 -10.4580 -3.8584 -0.6709 -10.4661 3.8595 -14.0305 13.3542 -9.3758 -58.0705 7.4041 -16.4576 0.0745 0.1805 -42.4728 -1.2766 -9.9931 2.8925 -15.3745 10.8035 15.6684 -60.3405 1.7924 2.3744 15.9434 12.1065 16.6431 54.9953 6.7154 17.8766 0.0781 0.0369 36.7276 3.5389 -11.7044 -4.2912 15.5071 7.3260 -16.3117 49.5569 -3.8405 -5.4072 5.2970 -0.6151 6.7899 -0.0445 6.4553 -0.0796 -7.3538 -3.7864 4.5154 1.6761 -0.1232 -1.9780 -3.8001 -3.9166 -1.9525 -0.0510 8.1658 -0.1009 7.4911 -2.1071 -5.5593 -1.4174 -0.0223 1.0482
1.6160 100.3348 0.9700 -0.3717 -1.4395 -0.4553 0.8523 0.2452 -0.0349 -0.1976 -5.0196 -0.0403 0.7268 11.2732 -1.8527 -2.2079 9.3863 3.6488 -0.5073 -3.6069 0.4351 -1.0465 -11.5996 0.0649 0.0236 0.0372 0.0010 0.7121 -10.4615 -3.8571 -0.6677 -10.4673 3.8569 -14.1332 13.3933 -9.4275 -57.5305 7.3863 -16.5782 0.1376 0.1939 -42.1779 -1.2403 -9.9375 2.9275 -15.3689 10.8243 15.6706 -60.3775 1.8143 2.3437 16.0869 12.1103 16.6516 54.9212 6.5879 17.9411 -0.0133 0.0759 36.9105 3.4786 -11.7380 -4.2361 15.5007 7.3392 -16.3125 49.5639 -3.8270 -5.3889 5.3117 -0.6249 6.7359 -0.0423 6.6116 -0.0784 -7.2885 -3.9108 4.6598 1.6767 -0.0639 -1.9706 -3.7774 -3.8579 -1.9957 -0.0453 8.1067 -0.0879 7.5549 -2.0288 -5.4393 -1.4177 -0.0717 1.0483
1.6914 100.3068 0.9341 -0.4590 -1.5355 -0.5319 0.8202 0.2452 -0.0432 -0.1999 -5.0208 -0.0329 0.7024 11.3912 -1.8719 -2.0787 9.6678 3.6156 -0.5261 -3.6225 0.4594 -1.0326 -11.6784 0.1007 0.0242 0.0378 -0.0048 0.7082 -10.4681 -3.8623 -0.6625 -10.4720 3.8495 -14.3240 13.4250 -9.4979 -56.9036 7.3294 -16.6512 0.1915 0.2044 -41.8104 -1.1690 -9.9066 2.9972 -15.3888 10.8197 15.6695 -60.3949 1.8225 2.3545 16.2353 12.1408 16.6844 54.8199 6.4717 17.9848 -0.0726 0.0972 37.1081 3.4214 -11.7002 -4.1747 15.4919 7.3300 -16.2998 49.5634 -3.8141 -5.3794 5.3576 -0.6486 6.6827 -0.0410 6.8513 -0.0800 -7.2714 -4.0825 4.7911 1.6759 -0.0075 -1.9637 -3.7404 -3.7960 -2.0651 -0.0422 8.1125 -0.0716 7.5833 -1.9903 -5.3007 -1.4193 -0.1266 1.0479
1.7509 100.2768 0.8934 -0.5402 -1.6708 -0.5754 0.7994 0.2626 -0.0306 -0.2058 -5.0306 -0.0425 0.6565 11.5500 -1.8898 -1.9375 10.0051 3.6050 -0.5507 -3.6325 0.4272 -1.0332 -11.8148 0.0606 0.0238 0.0413 -0.0102 0.7038 -10.4816 -3.8673 -0.6588 -10.4846 3.8443 -14.5792 13.4814 -9.5668 -56.1988 7.1485 -16.6234 0.2087 0.1672 -41.4369 -1.0207 -9.9407 3.0871 -15.3698 10.8221 15.6620 -60.3892 1.8346 2.3654 16.3681 12.1914 16.7437 54.6932 6.3667 18.0591 -0.0948 0.0924 37.2846 3.3188 -11.6254 -4.0599 15.4788 7.3294 -16.2916 49.5663 -3.8030 -5.3896 5.4145 -0.6945 6.6403 -0.0426 7.2088 -0.0850 -7.2660 -4.3197 4.8995 1.6773 0.0417 -1.9614 -3.6923 -3.7434 -2.1242 -0.0410 8.2248 -0.0669 7.5874 -2.0454 -5.1903 -1.4212 -0.1489 1.0419
1.8049 100.2304 0.8288 -0.6244 -1.8523 -0.5774 0.7974 0.3004 -0.0382 -0.2105 -5.0233 -0.0324 0.6043 11.7325 -1.9269 -1.8304 10.3772 3.6119 -0.5922 -3.6531 0.3599 -1.0369 -11.9928 -0.0353 0.0233 0.0432 -0.0142 0.7002 -10.4787 -3.8680 -0.6561 -10.4845 3.8375 -14.8750 13.5329 -9.5977 -55.4851 6.8382 -16.5406 0.1842 0.1512 -41.0476 -0.8076 -9.9498 3.1561 -15.3761 10.8380 15.6913 -60.3784 1.8494 2.3858 16.4469 12.2571 16.7894 54.5759 6.2767 18.2372 -0.1267 0.1185 37.4420 3.1957 -11.6003 -3.9454 15.4535 7.3101 -16.2673 49.5558 -3.7947 -5.3851 5.5023 -0.7565 6.6086 -0.0429 7.6685 -0.0910 -7.2591 -4.5925 4.9446 1.6801 0.0847 -1.9595 -3.6289 -3.6688 -2.1920 -0.0436 8.4022 -0.0536 7.5947 -2.1549 -5.1453 -1.4239 -0.1235 1.0389
1.8017 100.1766 0.7691 -0.7024 -2.1040 -0.5543 0.8100 0.3663 -0.0369 -0.2118 -5.0165 -0.0332 0.5434 11.9776 -1.9379 -1.7626 10.8087 3.6151 -0.6426 -3.6696 0.2730 -1.0566 -12.2510 -0.1787 0.0225 0.0447 -0.0190 0.6967 -10.4793 -3.8701 -0.6544 -10.4862 3.8303 -15.1906 13.6358 -9.6326 -54.7884 6.3359 -16.4561 0.1700 0.1365 -40.6346 -0.5273 -9.9188 3.2260 -15.4023 10.8350 15.7371 -60.3753 1.8427 2.3982 16.4798 12.3692 16.8036 54.4392 6.1114 18.4515 -0.1116 0.1152 37.5763 3.0588 -11.5891 -3.8111 15.4256 7.2895 -16.2595 49.5179 -3.7983 -5.3900 5.6053 -0.8283 6.6020 -0.0392 8.2672 -0.0960 -7.2484 -4.9234 4.9358 1.6818 0.1265 -1.9635 -3.5580 -3.5946 -2.3116 -0.0526 8.7250 -0.0398 7.5748 -2.3378 -5.0791 -1.4256 -0.0608 1.0443
1.8047 100.1045 0.6763 -0.7491 -2.4210 -0.4999 0.8270 0.4644 -0.0166 -0.2128 -4.9964 -0.0246 0.4613 12.2595 -1.9573 -1.7182 11.3133 3.6224 -0.7034 -3.6832 0.1414 -1.0789 -12.5754 -0.3457 0.0222 0.0469 -0.0205 0.6942 -10.4800 -3.8708 -0.6527 -10.4908 3.8281 -15.5183 13.7490 -9.6659 -54.1408 5.7177 -16.3554 0.1239 0.1256 -40.2782 -0.1385 -9.9689 3.2992 -15.4263 10.8164 15.7614 -60.3870 1.8347 2.4180 16.4957 12.5327 16.8217 54.2856 5.8644 18.7124 -0.0962 0.1066 37.6769 2.8848 -11.6375 -3.6733 15.4032 7.2662 -16.2452 49.4620 -3.7959 -5.3809 5.7001 -0.8687 6.6018 -0.0359 8.9254 -0.0996 -7.2461 -5.2762 4.8986 1.6819 0.1334 -1.9817 -3.5197 -3.5386 -2.4666 -0.0578 9.2308 -0.0185 7.5618 -2.6059 -4.9887 -1.4267 -0.0127 1.0553
1.7562 100.0214 0.5962 -0.7489 -2.7604 -0.4382 0.8305 0.5665 0.0177 -0.2196 -4.9678 -0.0105 0.3787 12.5470 -1.9598 -1.6987 11.8341 3.6199 -0.7506 -3.6911 -0.0144 -1.0828 -12.9022 -0.5162 0.0219 0.0501 -0.0237 0.6891 -10.4769 -3.8741 -0.6485 -10.4880 3.8256 -15.8505 13.8578 -9.6896 -53.6076 5.1116 -16.3428 0.1215 0.1369 -39.9744 0.2738 -10.0483 3.3639 -15.4368 10.8037 15.7786 -60.3935 1.8206 2.4041 16.5102 12.7044 16.8302 54.1606 5.5563 18.9742 -0.0729 0.1055 37.6913 2.6203 -11.7354 -3.5219 15.3922 7.2499 -16.2327 49.4115 -3.7810 -5.3718 5.7552 -0.8461 6.5948 -0.0293 9.5138 -0.0992 -7.2392 -5.5921 4.8546 1.6829 0.1312 -2.0104 -3.5344 -3.5281 -2.6408 -0.0645 9.8710 -0.0085 7.5572 -2.9255 -4.8457 -1.4268 0.0149 1.0616
1.7169 99.9457 0.5498 -0.6988 -3.0882 -0.3605 0.8175 0.6521 0.0478 -0.2255 -4.9450 0.0191 0.2833 12.8413 -1.9602 -1.7059 12.3461 3.5920 -0.7908 -3.7008 -0.1279 -1.0767 -13.1701 -0.6531 0.0221 0.0512 -0.0282 0.6854 -10.4774 -3.8793 -0.6447 -10.4874 3.8222 -16.1656 13.9440 -9.6888 -53.2097 4.5459 -16.3866 0.1419 0.1540 -39.7605 0.6355 -10.0625 3.4389 -15.4392 10.8031 15.7912 -60.4317 1.8226 2.3816 16.5228 12.8936 16.8650 54.0546 5.1966 19.2384 -0.0552 0.0703 37.6567 2.2674 -11.8526 -3.3498 15.3831 7.2508 -16.2307 49.3728 -3.7631 -5.3527 5.7669 -0.7590 6.5995 -0.0271 9.9446 -0.0944 -7.2205 -5.8128 4.7665 1.6805 0.1342 -2.0331 -3.6049 -3.5196 -2.8016 -0.0612 10.5047 0.0051 7.5587 -3.2276 -4.7079 -1.4243 0.0489 1.0688
1.6482 99.8787 0.4850 -0.6282 -3.3435 -0.2587 0.7979 0.7020 0.0587 -0.2327 -4.9388 0.0679 0.2019 13.0894 -1.9549 -1.7612 12.7837 3.5469 -0.8130 -3.6912 -0.2160 -1.0529 -13.3395 -0.7437 0.0223 0.0520 -0.0278 0.6800 -10.4724 -3.8782 -0.6390 -10.4814 3.8231 -16.4604 13.9836 -9.6454 -52.9536 4.1604 -16.5719 0.1620 0.1918 -39.6619 0.8678 -9.9301 3.5036 -15.4388 10.8008 15.8080 -60.4478 1.8264 2.3560 16.5484 13.0508 16.9301 54.0098 4.8840 19.4450 -0.0195 0.0228 37.6319 1.8664 -11.9755 -3.1918 15.3807 7.2528 -16.2291 49.3490 -3.7573 -5.3364 5.7537 -0.6365 6.5792 -0.0279 10.1524 -0.0862 -7.2027 -5.8863 4.6496 1.6770 0.1578 -2.0414 -3.6953 -3.4965 -3.0023 -0.0520 10.9623 0.0199 7.5720 -3.4425 -4.5668 -1.4215 0.0880 1.0817
1.5741 99.8503 0.4527 -0.5732 -3.5063 -0.1231 0.7878 0.7110 0.0552 -0.2318 -4.9453 0.1330 0.1478 13.2753 -1.9379 -1.8418 13.1134 3.5426 -0.8246 -3.6706 -0.3397 -1.0157 -13.4433 -0.7853 0.0215 0.0511 -0.0212 0.6738 -10.4620 -3.8705 -0.6342 -10.4710 3.8284 -16.7237 13.9985 -9.5721 -52.8645 3.9262 -16.7904 0.2081 0.2302 -39.7225 0.9384 -9.6979 3.4858 -15.4464 10.7853 15.8342 -60.3959 1.8030 2.3466 16.6058 13.1735 17.0056 54.0128 4.7505 19.6691 -0.0274 -0.0109 37.6831 1.5705 -12.1115 -3.1085 15.3873 7.2474 -16.2545 49.3544 -3.7573 -5.3501 5.7455 -0.5082 6.5000 -0.0234 10.1549 -0.0675 -7.2120 -5.8492 4.5654 1.6741 0.1716 -2.0312 -3.7464 -3.4213 -3.1690 -0.0421 11.1351 0.0235 7.5643 -3.5284 -4.5064 -1.4188 0.1509 1.0897
1.4880 99.8406 0.4225 -0.5396 -3.5621 0.0559 0.7955 0.6894 0.0520 -0.2298 -4.9644 0.1971 0.1075 13.3840 -1.9035 -1.9110 13.2883 3.5795 -0.8544 -3.6480 -0.4559 -0.9803 -13.4603 -0.8437 0.0204 0.0517 -0.0108 0.6673 -10.4406 -3.8579 -0.6298 -10.4489 3.8380 -16.9238 13.9686 -9.4741 -52.9680 3.8167 -16.9508 0.2393 0.2602 -39.9214 0.9607 -9.4893 3.3686 -15.4179 10.7599 15.8406 -60.2961 1.7632 2.3486 16.6878 13.2511 17.0947 54.0712 4.7929 19.9420 -0.0180 -0.0076 37.7639 1.3888 -12.2407 -3.1199 15.3816 7.2442 -16.2910 49.3416 -3.7618 -5.3766 5.7555 -0.4213 6.3836 -0.0228 9.9919 -0.0566 -7.2555 -5.7194 4.4939 1.6717 0.1800 -2.0204 -3.7576 -3.3258 -3.3144 -0.0387 11.0684 0.0145 7.5600 -3.5039 -4.5088 -1.4179 0.2069 1.0971
1.4061 99.8664 0.3947 -0.5255 -3.5203 0.2575 0.8235 0.6568 0.0596 -0.2262 -4.9862 0.2584 0.0640 13.4094 -1.8639 -1.9702 13.3104 3.6280 -0.8858 -3.6419 -0.5559 -0.9448 -13.4146 -0.8917 0.0198 0.0507 -0.0004 0.6609 -10.4254 -3.8459 -0.6243 -10.4317 3.8472 -17.0515 13.9480 -9.3655 -53.2201 3.7287 -16.9484 0.2150 0.2677 -40.2779 0.9523 -9.2885 3.2355 -15.3848 10.7240 15.8146 -60.1859 1.7259 2.3547 16.7512 13.2984 17.2165 54.1997 4.9778 20.3002 -0.0109 -0.0045 37.8519 1.3195 -12.2056 -3.1978 15.3654 7.2299 -16.3045 49.3259 -3.7495 -5.4087 5.7959 -0.3905 6.2837 -0.0320 9.7156 -0.0580 -7.3338 -5.5137 4.4368 1.6694 0.1619 -2.0006 -3.7222 -3.2372 -3.3940 -0.0337 10.8302 -0.0037 7.5632 -3.3945 -4.5820 -1.4173 0.2321 1.0956
1.3025 99.9148 0.3480 -0.5103 -3.4052 0.4312 0.8490 0.6246 0.0440 -0.2262 -4.9929 0.3202 0.0185 13.3547 -1.8072 -2.0256 13.2010 3.6956 -0.9101 -3.6451 -0.6433 -0.9113 -13.3400 -0.9667 0.0193 0.0513 -0.0058 0.6564 -10.4190 -3.8500 -0.6209 -10.4233 3.8408 -17.1498 13.9353 -9.2881 -53.5226 3.7372 -16.8390 0.1825 0.2568 -40.7183 0.9212 -9.1809 3.0795 -15.3451 10.7096 15.7880 -60.1053 1.7093 2.3414 16.7663 13.2861 17.3444 54.4094 5.2832 20.7606 -0.0475 0.0022 37.9351 1.4094 -11.9514 -3.3477 15.3574 7.2073 -16.3075 49.3080 -3.7524 -5.4365 5.8434 -0.4051 6.2204 -0.0444 9.3715 -0.0586 -7.4403 -5.2707 4.3415 1.6684 0.1196 -1.9778 -3.6561 -3.2048 -3.4291 -0.0334 10.5400 -0.0139 7.5361 -3.2725 -4.7092 -1.4169 0.2442 1.0901
1.1622 99.9604 0.3083 -0.4961 -3.2529 0.6080 0.8790 0.5888 0.0178 -0.2270 -4.9952 0.3680 -0.0381 13.2752 -1.7413 -2.0721 12.9622 3.7384 -0.9296 -3.6599 -0.6972 -0.8652 -13.3042 -1.0425 0.0195 0.0504 -0.0127 0.6566 -10.4147 -3.8570 -0.6203 -10.4178 3.8332 -17.2928 13.9336 -9.2570 -53.7422 3.8504 -16.7012 0.1475 0.2559 -41.0738 0.8121 -9.1011 2.9238 -15.3144 10.6961 15.7677 -60.0356 1.7092 2.3138 16.7637 13.2404 17.4387 54.6710 5.6599 21.3214 -0.1568 0.0443 38.0348 1.6058 -11.5668 -3.5267 15.3775 7.1987 -16.3107 49.3336 -3.7393 -5.4359 5.9113 -0.4399 6.1854 -0.0524 8.9854 -0.0671 -7.5904 -5.0074 4.2409 1.6687 0.0665 -1.9672 -3.5627 -3.2108 -3.4144 -0.0416 10.2500 -0.0270 7.4640 -3.1510 -4.8947 -1.4198 0.2403 1.0835
1.0055 100.0057 0.2736 -0.4827 -3.1028 0.7580 0.9147 0.5553 0.0129 -0.2271 -5.0009 0.3949 -0.1008 13.2159 -1.6906 -2.1097 12.6845 3.7636 -0.9348 -3.6744 -0.7470 -0.8308 -13.3502 -1.1030 0.0200 0.0498 -0.0222 0.6604 -10.4162 -3.8682 -0.6231 -10.4199 3.8251 -17.4626 13.9307 -9.2747 -53.8734 4.0627 -16.6189 0.1852 0.2447 -41.2238 0.6666 -9.0358 2.8385 -15.3044 10.7018 15.7435 -60.0236 1.7278 2.2718 16.7664 13.1883 17.5086 54.9096 5.9464 21.8031 -0.2760 0.0834 38.1324 1.8286 -11.1690 -3.6592 15.4098 7.2003 -16.3232 49.3705 -3.7370 -5.4261 5.9854 -0.4931 6.1468 -0.0581 8.6359 -0.0753 -7.7526 -4.7721 4.1554 1.6704 0.0334 -1.9656 -3.4521 -3.2451 -3.3622 -0.0532 10.0195 -0.0415 7.3517 -3.0665 -5.1086 -1.4229 0.2241 1.0703
0.8292 100.0363 0.2367 -0.4723 -2.9802 0.8976 0.9611 0.5424 0.0159 -0.2264 -5.0009 0.4103 -0.1655 13.1868 -1.6846 -2.1641 12.3953 3.7607 -0.9221 -3.6799 -0.7666 -0.7885 -13.4780 -1.1602 0.0212 0.0478 -0.0191 0.6653 -10.4195 -3.8667 -0.6254 -10.4233 3.8287 -17.6559 13.9541 -9.3166 -53.9229 4.2279 -16.5123 0.2042 0.2263 -41.1417 0.5567 -8.9638 2.8189 -15.3073 10.7270 15.7370 -60.0282 1.7522 2.2439 16.7456 13.1411 17.5408 55.1192 6.0727 22.1753 -0.3665 0.1185 38.2354 2.0212 -10.9316 -3.7437 15.4341 7.2069 -16.3287 49.4232 -3.7327 -5.4149 6.0743 -0.5558 6.1259 -0.0604 8.3739 -0.0838 -7.9321 -4.5840 4.0868 1.6701 0.0074 -1.9649 -3.3320 -3.3054 -3.3094 -0.0603 9.8835 -0.0451 7.2122 -3.0270 -5.3008 -1.4252 0.2056 1.0613
0.6683 100.0379 0.1890 -0.4573 -2.9029 0.9724 1.0125 0.5596 0.0178 -0.2277 -4.9961 0.4132 -0.2163 13.1949 -1.6846 -2.2412 12.1384 3.7576 -0.8998 -3.6867 -0.7660 -0.7381 -13.6590 -1.2233 0.0221 0.0464 -0.0174 0.6707 -10.4263 -3.8650 -0.6290 -10.4312 3.8297 -17.8579 13.9628 -9.3614 -53.9419 4.3138 -16.2561 0.2031 0.1913 -40.9096 0.5252 -8.9516 2.8047 -15.3128 10.7562 15.7301 -60.0545 1.7645 2.2236 16.6972 13.0953 17.5272 55.2721 6.0534 22.4240 -0.4201 0.1457 38.3418 2.1504 -10.8781 -3.7538 15.4483 7.2132 -16.3343 49.4922 -3.7249 -5.3930 6.1665 -0.6237 6.1573 -0.0624 8.2367 -0.0851 -8.0953 -4.4777 4.0046 1.6701 -0.0091 -1.9629 -3.2268 -3.4256 -3.2864 -0.0643 9.9305 -0.0408 7.0913 -3.0864 -5.4314 -1.4249 0.2205 1.0590
0.5072 100.0242 0.1509 -0.4331 -2.8653 1.0138 1.0704 0.5952 0.0151 -0.2276 -4.9844 0.4119 -0.2639 13.2338 -1.6906 -2.3186 11.9494 3.7712 -0.8902 -3.6966 -0.7866 -0.6880 -13.8999 -1.2772 0.0228 0.0452 -0.0203 0.6726 -10.4313 -3.8675 -0.6295 -10.4385 3.8262 -18.0439 14.0052 -9.4135 -53.9431 4.2370 -15.8605 0.1489 0.1678 -40.5851 0.5659 -9.0244 2.7770 -15.3302 10.7643 15.7167 -60.0555 1.7557 2.2087 16.6244 13.0630 17.4921 55.3658 5.9115 22.5478 -0.4412 0.1715 38.4519 2.2009 -10.9389 -3.7300 15.4661 7.2175 -16.3408 49.5549 -3.7059 -5.3907 6.2530 -0.7025 6.2037 -0.0620 8.2132 -0.0867 -8.2377 -4.4274 3.9237 1.6702 -0.0155 -1.9566 -3.1354 -3.5950 -3.2762 -0.0673 10.1531 -0.0321 6.9752 -3.2323 -5.5351 -1.4238 0.2484 1.0655
0.3423 99.9997 0.1037 -0.3927 -2.8618 1.0128 1.1227 0.6507 0.0089 -0.2204 -4.9638 0.4023 -0.3110 13.3042 -1.7044 -2.4109 11.8010 3.7695 -0.8933 -3.7062 -0.7822 -0.6372 -14.1880 -1.3015 0.0234 0.0454 -0.0207 0.6742 -10.4300 -3.8677 -0.6298 -10.4394 3.8250 -18.2007 14.0727 -9.4619 -53.9510 4.0534 -15.3901 0.0931 0.1624 -40.2084 0.6226 -9.0982 2.7702 -15.3613 10.7490 15.7006 -60.0888 1.7442 2.2268 16.5172 13.0749 17.4357 55.4199 5.6437 22.5926 -0.4210 0.1920 38.5327 2.1693 -11.1024 -3.6888 15.4750 7.2070 -16.3439 49.5642 -3.7002 -5.3922 6.3232 -0.7905 6.2644 -0.0589 8.2759 -0.0834 -8.3706 -4.4129 3.8347 1.6711 -0.0108 -1.9620 -3.0629 -3.8094 -3.2684 -0.0669 10.5208 -0.0209 6.8698 -3.4251 -5.5799 -1.4223 0.2741 1.0741
0.1714 99.9707 0.0437 -0.3428 -2.8838 0.9957 1.1692 0.7218 0.0217 -0.2118 -4.9441 0.3633 -0.3563 13.4089 -1.7463 -2.5092 11.7129 3.7765 -0.8832 -3.7118 -0.7626 -0.6286 -14.5050 -1.2834 0.0245 0.0461 -0.0224 0.6764 -10.4360 -3.8710 -0.6299 -10.4465 3.8246 -18.2745 14.1609 -9.4893 -53.9889 3.8314 -14.9829 0.0635 0.1576 -39.8284 0.6573 -9.1323 2.8223 -15.3874 10.7276 15.6772 -60.1090 1.7391 2.2356 16.3981 13.1407 17.4053 55.4038 5.2758 22.5339 -0.3363 0.1769 38.5867 2.0975 -11.2575 -3.6471 15.4629 7.1944 -16.3407 49.5438 -3.7103 -5.3998 6.3884 -0.8999 6.3520 -0.0595 8.4374 -0.0872 -8.4904 -4.4220 3.7360 1.6745 -0.0067 -1.9714 -3.0097 -4.0547 -3.2778 -0.0702 10.9924 -0.0161 6.8175 -3.6337 -5.5614 -1.4217 0.2874 1.0764
0.0258 99.9092 -0.0055 -0.2798 -2.9281 0.9901 1.2029 0.7993 0.0161 -0.2074 -4.9152 0.3270 -0.3830 13.5289 -1.8019 -2.6290 11.6709 3.7910 -0.8590 -3.7205 -0.7588 -0.6581 -14.8044 -1.2291 0.0260 0.0492 -0.0238 0.6783 -10.4341 -3.8737 -0.6288 -10.4455 3.8240 -18.2737 14.2436 -9.5374 -54.0608 3.6081 -14.6763 0.0685 0.1536 -39.4264 0.7117 -9.1088 2.9207 -15.4178 10.7186 15.6700 -60.1306 1.7422 2.2677 16.2806 13.2285 17.3658 55.3312 4.9386 22.5139 -0.2735 0.1484 38.5807 2.0522 -11.3648 -3.6200 15.4529 7.1768 -16.3234 49.5329 -3.7232 -5.3863 6.4340 -1.0055 6.4171 -0.0550 8.6494 -0.0844 -8.5971 -4.4657 3.6506 1.6773 -0.0007 -1.9843 -2.9796 -4.3171 -3.3367 -0.0685 11.5390 -0.0073 6.7810 -3.8827 -5.4970 -1.4207 0.3220 1.0742
-0.1343 99.8557 -0.0812 -0.2037 -2.9794 0.9788 1.2244 0.8911 0.0216 -0.2086 -4.8880 0.2765 -0.3900 13.6542 -1.8499 -2.7575 11.6802 3.7892 -0.8251 -3.7248 -0.7220 -0.7007 -15.0893 -1.1690 0.0277 0.0532 -0.0224 0.6796 -10.4388 -3.8736 -0.6266 -10.4504 3.8261 -18.1935 14.3326 -9.6115 -54.1634 3.3518 -14.3720 0.0384 0.1538 -39.1168 0.7611 -9.0475 3.0748 -15.4554 10.7172 15.6693 -60.1784 1.7436 2.2986 16.1616 13.3463 17.3269 55.2118 4.6746 22.5435 -0.2419 0.1095 38.5054 2.0336 -11.4829 -3.5904 15.4524 7.1640 -16.3239 49.5327 -3.7424 -5.4041 6.4640 -1.1213 6.4899 -0.0523 8.8984 -0.0801 -8.7006 -4.5404 3.5952 1.6789 0.0074 -1.9942 -2.9651 -4.6108 -3.4143 -0.0673 12.1586 -0.0034 6.7337 -4.1772 -5.3914 -1.4215 0.3769 1.0795
-0.2890 99.7886 -0.1507 -0.1149 -3.0216 0.9753 1.2259 0.9765 0.0210 -0.2110 -4.8609 0.2423 -0.3878 13.7697 -1.9060 -2.8837 11.7275 3.7890 -0.7909 -3.7251 -0.7005 -0.7329 -15.3060 -1.0745 0.0273 0.0589 -0.0217 0.6781 -10.4382 -3.8731 -0.6262 -10.4495 3.8279 -18.0268 14.4007 -9.6803 -54.3324 3.1258 -14.1372 0.0151 0.1713 -38.9149 0.7738 -9.0082 3.2483 -15.4875 10.7157 15.6786 -60.2105 1.7405 2.3347 16.0536 13.5032 17.2872 55.0539 4.4766 22.5824 -0.2298 0.0821 38.3252 2.0525 -11.5774 -3.5771 15.4522 7.1661 -16.3316 49.5224 -3.7631 -5.4136 6.4705 -1.2439 6.5560 -0.0493 9.1461 -0.0713 -8.7927 -4.6191 3.5143 1.6796 0.0291 -2.0038 -2.9794 -4.9062 -3.5365 -0.0637 12.7562 0.0008 6.6742 -4.4561 -5.2718 -1.4208 0.4331 1.0793
-0.4084 99.7407 -0.1921 -0.0184 -3.0389 0.9641 1.2122 1.0521 0.0323 -0.2097 -4.8494 0.1996 -0.3887 13.8710 -1.9462 -2.9853 11.8211 3.7913 -0.7658 -3.7240 -0.6565 -0.7590 -15.4972 -0.9941 0.0262 0.0625 -0.0153 0.6740 -10.4459 -3.8673 -0.6243 -10.4569 3.8368 -17.7878 14.4640 -9.7360 -54.5395 2.9614 -13.9798 -0.0111 0.1936 -38.9064 0.7763 -8.9612 3.4087 -15.5043 10.7095 15.6729 -60.2585 1.7416 2.3546 15.9426 13.6481 17.2568 54.8941 4.3909 22.6009 -0.2027 0.0558 38.0955 2.0879 -11.6079 -3.6031 15.4620 7.1697 -16.3402 49.5198 -3.7783 -5.4207 6.4569 -1.3612 6.6407 -0.0497 9.3430 -0.0706 -8.8758 -4.6702 3.4429 1.6785 0.0160 -2.0149 -3.0117 -5.1925 -3.6249 -0.0606 13.2836 0.0040 6.6301 -4.6874 -5.1553 -1.4185 0.4740 1.0839
-0.5059 99.7115 -0.2345 0.0659 -2.9942 0.9617 1.2012 1.0845 0.0264 -0.2042 -4.8368 0.1821 -0.3908 13.9139 -2.0011 -3.0596 11.9019 3.8044 -0.7526 -3.7161 -0.6182 -0.7637 -15.6308 -0.9080 0.0240 0.0665 -0.0068 0.6681 -10.4397 -3.8584 -0.6230 -10.4502 3.8453 -17.5254 14.4998 -9.7526 -54.7860 2.8776 -13.8775 -0.0363 0.2243 -39.0174 0.7311 -8.8924 3.4982 -15.4925 10.7234 15.6734 -60.3065 1.7501 2.3685 15.8270 13.7813 17.2270 54.7502 4.4707 22.6513 -0.2078 0.0365 37.7694 2.2227 -11.4813 -3.6693 15.4847 7.1823 -16.3584 49.5309 -3.7969 -5.4381 6.4372 -1.4726 6.7453 -0.0481 9.3995 -0.0674 -8.9352 -4.6492 3.3475 1.6775 -0.0165 -2.0155 -3.0437 -5.4387 -3.7229 -0.0515 13.6261 0.0194 6.5939 -4.8347 -5.0690 -1.4163 0.4972 1.0843
-0.5787 99.7175 -0.2469 0.1257 -2.8768 0.9741 1.2053 1.0814 0.0126 -0.1981 -4.8529 0.1585 -0.3946 13.8997 -2.0155 -3.1001 11.9144 3.8175 -0.7402 -3.7044 -0.5947 -0.7730 -15.6785 -0.8435 0.0219 0.0680 -0.0021 0.6629 -10.4419 -3.8538 -0.6221 -10.4523 3.8512 -17.2751 14.5221 -9.7551 -55.0578 2.8504 -13.7615 -0.0798 0.2321 -39.2509 0.7064 -8.8293 3.5226 -15.4516 10.7341 15.6733 -60.3235 1.7411 2.3723 15.7202 13.8677 17.2133 54.6379 4.7719 22.7086 -0.2170 0.0194 37.4353 2.4017 -11.3063 -3.7628 15.5059 7.2024 -16.3763 49.5641 -3.7946 -5.4293 6.4126 -1.5727 6.8605 -0.0503 9.3049 -0.0663 -8.9613 -4.5643 3.2542 1.6754 -0.0648 -2.0104 -3.0583 -5.6313 -3.7924 -0.0456 13.7329 0.0262 6.5725 -4.8765 -5.0087 -1.4131 0.4870 1.0819
-0.6265 99.7603 -0.2262 0.1567 -2.6884 0.9848 1.2208 1.0481 0.0127 -0.2007 -4.8783 0.1522 -0.3887 13.7866 -2.0341 -3.1031 11.8377 3.8628 -0.7250 -3.6971 -0.5901 -0.7593 -15.5959 -0.8088 0.0200 0.0653 -0.0053 0.6608 -10.4434 -3.8569 -0.6236 -10.4539 3.8486 -17.0233 14.5042 -9.7470 -55.3805 2.9310 -13.6291 -0.1306 0.2163 -39.5415 0.6613 -8.7444 3.5276 -15.4216 10.7518 15.6805 -60.3110 1.7384 2.3632 15.6270 13.9033 17.2134 54.5679 5.2692 22.7498 -0.2057 0.0149 37.0952 2.6147 -11.1359 -3.9139 15.5064 7.2089 -16.3789 49.5670 -3.7821 -5.4510 6.3889 -1.6553 6.9634 -0.0532 9.0360 -0.0685 -8.9610 -4.3637 3.1841 1.6733 -0.1076 -2.0002 -3.0467 -5.7643 -3.8205 -0.0410 13.6096 0.0233 6.5539 -4.8000 -5.0000 -1.4106 0.4451 1.0732
-0.6449 99.8195 -0.1857 0.1510 -2.4473 0.9995 1.2377 0.9791 -0.0069 -0.2011 -4.8957 0.1731 -0.3673 13.5837 -2.0478 -3.0890 11.6356 3.8911 -0.7004 -3.6850 -0.5495 -0.6993 -15.3458 -0.8119 0.0180 0.0631 -0.0106 0.6619 -10.4414 -3.8621 -0.6287 -10.4492 3.8437 -16.7834 14.4570 -9.7391 -55.7069 3.1600 -13.5598 -0.1676 0.1767 -39.8518 0.5000 -8.6019 3.5873 -15.3955 10.7556 15.6789 -60.2655 1.7278 2.3604 15.5554 13.8606 17.2100 54.5533 5.9191 22.7267 -0.1765 0.0224 36.7607 2.8709 -10.9688 -4.0772 15.4922 7.2014 -16.3525 49.5153 -3.7983 -5.4554 6.3843 -1.7106 7.0090 -0.0585 8.6400 -0.0767 -8.9317 -4.0873 3.1548 1.6734 -0.1279 -1.9843 -3.0045 -5.8174 -3.8216 -0.0359 13.2593 0.0124 6.5323 -4.6288 -5.0549 -1.4111 0.4225 1.0595
-0.6335 99.8863 -0.0989 0.1215 -2.1777 1.0272 1.2499 0.8831 -0.0306 -0.2072 -4.9182 0.1953 -0.3330 13.3275 -2.0499 -3.0238 11.3505 3.9054 -0.6685 -3.6749 -0.4730 -0.6234 -15.0303 -0.8031 0.0168 0.0619 -0.0187 0.6643 -10.4433 -3.8716 -0.6334 -10.4474 3.8370 -16.5604 14.3685 -9.7501 -55.9943 3.5472 -13.5995 -0.2042 0.1311 -40.1514 0.2787 -8.4488 3.6629 -15.3970 10.7633 15.6612 -60.2460 1.7245 2.3348 15.5315 13.7681 17.2238 54.5535 6.6749 22.6819 -0.1656 0.0295 36.4772 3.1526 -10.8132 -4.1578 15.4525 7.1896 -16.3177 49.4537 -3.8092 -5.4590 6.3839 -1.7565 7.0070 -0.0607 8.2052 -0.0917 -8.8760 -3.8027 3.1791 1.6743 -0.1302 -1.9641 -2.9479 -5.8058 -3.8120 -0.0354 12.7622 -0.0074 6.5084 -4.3978 -5.1156 -1.4136 0.3946 1.0494
-0.6145 99.9607 -0.0095 0.0764 -1.9170 1.0286 1.2507 0.7777 -0.0403 -0.2131 -4.9484 0.1890 -0.2963 13.0483 -2.0317 -2.9343 11.0138 3.8728 -0.6221 -3.6670 -0.3497 -0.5514 -14.6811 -0.7862 0.0158 0.0624 -0.0256 0.6668 -10.4479 -3.8802 -0.6377 -10.4486 3.8322 -16.3479 14.2782 -9.7650 -56.2264 4.0863 -13.8225 -0.1972 0.0975 -40.4158 0.0255 -8.2513 3.7344 -15.4199 10.7803 15.6462 -60.2603 1.7280 2.2990 15.5336 13.6486 17.2387 54.5776 7.4838 22.6503 -0.1711 0.0186 36.3051 3.4563 -10.5815 -4.2116 15.4451 7.1891 -16.3033 49.4287 -3.8193 -5.4643 6.3795 -1.7695 6.9426 -0.0608 7.7629 -0.0886 -8.7973 -3.5244 3.2495 1.6751 -0.1169 -1.9570 -2.8865 -5.7241 -3.8000 -0.0400 12.1653 -0.0197 6.4945 -4.1433 -5.1820 -1.4152 0.3781 1.0379
-0.5564 100.0395 0.1252 0.0241 -1.6901 1.0012 1.2436 0.6718 -0.0492 -0.2214 -4.9717 0.1880 -0.2573 12.7680 -2.0214 -2.8219 10.6572 3.8447 -0.6037 -3.6690 -0.2231 -0.4651 -14.3203 -0.7664 0.0149 0.0605 -0.0333 0.6700 -10.4590 -3.8907 -0.6424 -10.4566 3.8272 -16.1610 14.1643 -9.7888 -56.3921 4.6889 -14.1251 -0.2048 0.0773 -40.6425 -0.2218 -8.0113 3.8076 -15.4328 10.7850 15.6396 -60.2786 1.7337 2.2747 15.5479 13.5002 17.2562 54.6155 8.2512 22.6086 -0.1891 0.0116 36.2679 3.7339 -10.3575 -4.2512 15.4405 7.1937 -16.3009 49.4293 -3.8301 -5.4544 6.3695 -1.7353 6.8802 -0.0597 7.3382 -0.0805 -8.6799 -3.2789 3.3372 1.6744 -0.1063 -1.9557 -2.8367 -5.5894 -3.7478 -0.0424 11.5341 -0.0280 6.5018 -3.8610 -5.2630 -1.4159 0.3597 1.0268
-0.4888 100.1070 0.2560 -0.0330 -1.4882 0.9483 1.2290 0.5538 -0.0404 -0.2249 -4.9972 0.1840 -0.2210 12.4986 -2.0071 -2.7042 10.3136 3.8154 -0.5900 -3.6689 -0.1119 -0.3846 -13.9451 -0.7662 0.0141 0.0548 -0.0426 0.6747 -10.4662 -3.9011 -0.6486 -10.4619 3.8194 -16.0010 14.0409 -9.8238 -56.5010 5.2877 -14.4782 -0.1992 0.0915 -40.8218 -0.4708 -7.7940 3.8929 -15.4428 10.7796 15.6358 -60.2861 1.7356 2.2661 15.5818 13.3112 17.2401 54.6709 8.9802 22.5799 -0.2353 0.0255 36.3715 3.9644 -10.2147 -4.2700 15.4500 7.2015 -16.2874 49.4395 -3.8336 -5.4467 6.3560 -1.6853 6.8524 -0.0589 6.9593 -0.0828 -8.5611 -3.0810 3.4197 1.6743 -0.0961 -1.9543 -2.8013 -5.4009 -3.6536 -0.0424 10.8633 -0.0368 6.5261 -3.5589 -5.3516 -1.4156 0.3304 1.0165
-0.3866 100.1565 0.3916 -0.0900 -1.3292 0.8880 1.2141 0.4391 -0.0375 -0.2256 -5.0182 0.1819 -0.1820 12.2543 -2.0010 -2.6061 10.0155 3.7673 -0.5874 -3.6687 0.0067 -0.3175 -13.5783 -0.7658 0.0136 0.0499 -0.0487 0.6785 -10.4740 -3.9080 -0.6531 -10.4685 3.8142 -15.8846 13.9196 -9.8595 -56.5492 5.8614 -14.8745 -0.1601 0.1210 -40.9939 -0.6872 -7.6526 3.9924 -15.4528 10.7894 15.6483 -60.3396 1.7473 2.2764 15.6363 13.1313 17.2184 54.6836 9.5584 22.5149 -0.2674 0.0308 36.6079 4.1199 -10.1258 -4.2758 15.4679 7.2157 -16.2908 49.4659 -3.8414 -5.4321 6.3414 -1.6031 6.8214 -0.0617 6.6208 -0.0900 -8.4442 -2.9076 3.5257 1.6732 -0.0974 -1.9545 -2.7825 -5.1848 -3.5488 -0.0399 10.2266 -0.0317 6.5651 -3.2573 -5.4358 -1.4150 0.2879 1.0144
-0.2900 100.2121 0.4966 -0.1392 -1.2061 0.8036 1.1892 0.3277 -0.0216 -0.2277 -5.0447 0.1681 -0.1325 12.0357 -1.9994 -2.5169 9.7647 3.7359 -0.5778 -3.6552 0.0879 -0.2934 -13.2310 -0.7400 0.0122 0.0472 -0.0575 0.6800 -10.4785 -3.9166 -0.6573 -10.4735 3.8059 -15.8110 13.7979 -9.8952 -56.5249 6.3788 -15.2283 -0.1129 0.1350 -41.1688 -0.8289 -7.5332 4.0537 -15.4683 10.8202 15.6640 -60.3940 1.7766 2.2694 15.7399 12.9578 17.2043 54.6395 9.9658 22.3229 -0.2697 0.0279 36.9553 4.1838 -10.0671 -4.2428 15.5054 7.2375 -16.3030 49.4834 -3.8385 -5.4440 6.3079 -1.4784 6.7913 -0.0614 6.2908 -0.0965 -8.3375 -2.7455 3.6577 1.6730 -0.0993 -1.9585 -2.7872 -4.9625 -3.4589 -0.0352 9.6339 -0.0370 6.6250 -2.9841 -5.4779 -1.4127 0.2285 1.0104
-0.1700 100.2611 0.5963 -0.1877 -1.1142 0.6886 1.1650 0.2200 -0.0299 -0.2324 -5.0643 0.1653 -0.0642 11.8421 -1.9855 -2.4527 9.5563 3.7168 -0.5671 -3.6372 0.1553 -0.2933 -12.8859 -0.7064 0.0120 0.0441 -0.0557 0.6819 -10.4846 -3.9164 -0.6595 -10.4803 3.8089 -15.7979 13.6869 -9.9121 -56.4368 6.7550 -15.4869 -0.0721 0.1567 -41.3328 -0.8732 -7.4215 4.0856 -15.4563 10.8369 15.6692 -60.4275 1.7956 2.2747 15.8991 12.8118 17.1847 54.5305 10.1371 22.0082 -0.2501 0.0335 37.3527 4.1576 -10.0246 -4.1629 15.5360 7.2492 -16.3150 49.5018 -3.8415 -5.4378 6.2757 -1.3216 6.7588 -0.0627 5.9633 -0.0939 -8.2445 -2.6044 3.8028 1.6719 -0.0946 -1.9675 -2.8048 -4.7371 -3.3827 -0.0294 9.0916 -0.0349 6.6940 -2.7361 -5.4741 -1.4110 0.1618 1.0075
-0.0539 100.2982 0.7081 -0.2321 -1.0560 0.5608 1.1297 0.1312 -0.0288 -0.2353 -5.0853 0.1352 0.0250 11.6729 -1.9472 -2.3991 9.4113 3.7006 -0.5485 -3.6179 0.2044 -0.3286 -12.5354 -0.6340 0.0117 0.0418 -0.0466 0.6823 -10.4819 -3.9066 -0.6606 -10.4798 3.8176 -15.8290 13.6002 -9.9284 -56.3076 7.0134 -15.6688 -0.0130 0.1767 -41.5016 -0.8609 -7.4620 4.0807 -15.4245 10.8274 15.6571 -60.4005 1.7919 2.2777 16.1035 12.6728 17.1579 54.3968 10.0948 21.5788 -0.2130 0.0384 37.7615 4.0311 -10.0919 -4.0338 15.5317 7.2515 -16.3124 49.4800 -3.8429 -5.4368 6.2387 -1.1492 6.7276 -0.0673 5.6908 -0.0808 -8.1728 -2.5344 3.9603 1.6717 -0.0711 -1.9754 -2.8348 -4.5298 -3.3163 -0.0250 8.6395 -0.0299 6.7610 -2.5528 -5.4546 -1.4086 0.1256 1.0028
0.0732 100.3186 0.7952 -0.2797 -1.0420 0.4441 1.0971 0.0629 -0.0345 -0.2412 -5.0989 0.1164 0.1264 11.5345 -1.9223 -2.3435 9.3185 3.6966 -0.5262 -3.6052 0.2599 -0.3798 -12.1717 -0.5366 0.0116 0.0407 -0.0294 0.6802 -10.4745 -3.8889 -0.6586 -10.4734 3.8342 -15.8786 13.5325 -9.9308 -56.1255 7.2124 -15.8287 0.0938 0.1982 -41.7331 -0.8346 -7.6157 4.0482 -15.3794 10.8198 15.6546 -60.3613 1.7881 2.2876 16.3574 12.5532 17.1267 54.2417 9.8721 21.0908 -0.2203 0.0507 38.1752 3.8463 -10.2866 -3.8865 15.5055 7.2586 -16.3110 49.4516 -3.8555 -5.4338 6.2110 -0.9722 6.7030 -0.0680 5.4933 -0.0797 -8.1043 -2.5431 4.1477 1.6710 -0.0235 -1.9822 -2.8657 -4.3374 -3.2657 -0.0232 8.2942 -0.0261 6.8239 -2.4065 -5.4319 -1.4077 0.1098 1.0009
0.2080 100.3300 0.8617 -0.3234 -1.0789 0.3313 1.0634 0.0226 -0.0419 -0.2494 -5.1089 0.0938 0.2218 11.4570 -1.9166 -2.2625 9.3043 3.6882 -0.5146 -3.6034 0.3393 -0.4332 -11.8523 -0.4493 0.0118 0.0411 -0.0171 0.6774 -10.4782 -3.8779 -0.6555 -10.4770 3.8475 -15.8999 13.4794 -9.9341 -55.9241 7.3219 -15.9448 0.2046 0.2181 -42.0044 -0.7757 -7.7931 3.9849 -15.3098 10.8222 15.6595 -60.3246 1.8018 2.2849 16.6373 12.4573 17.0894 54.0826 9.4496 20.5548 -0.2374 0.0557 38.5680 3.5908 -10.5819 -3.7526 15.4913 7.2752 -16.3104 49.4485 -3.8511 -5.4283 6.1830 -0.8140 6.6656 -0.0701 5.4230 -0.0820 -8.0284 -2.6348 4.3503 1.6699 0.0197 -1.9799 -2.8929 -4.1752 -3.2149 -0.0283 8.0932 -0.0274 6.8707 -2.3169 -5.3869 -1.4065 0.1047 0.9968
0.3132 100.3207 0.9195 -0.3589 -1.1696 0.2224 1.0266 0.0115 -0.0497 -0.2586 -5.1093 0.0695 0.3069 11.4310 -1.9156 -2.1574 9.3542 3.6650 -0.5092 -3.6036 0.4173 -0.4750 -11.5722 -0.3875 0.0135 0.0419 -0.0113 0.6774 -10.4760 -3.8730 -0.6522 -10.4751 3.8536 -15.9114 13.4415 -9.9404 -55.6758 7.3333 -16.0178 0.3038 0.2415 -42.2552 -0.6869 -7.9037 3.9259 -15.2464 10.8253 15.6627 -60.2829 1.8108 2.2843 16.9419 12.3494 17.0451 53.9482 8.9099 20.0148 -0.2515 0.0778 38.8917 3.3036 -10.9408 -3.6338 15.4500 7.2946 -16.2874 49.4153 -3.8284 -5.4059 6.1549 -0.6694 6.6197 -0.0692 5.4777 -0.0806 -7.9716 -2.7983 4.5434 1.6714 0.0549 -1.9774 -2.9304 -4.0327 -3.1265 -0.0327 8.0206 -0.0362 6.9103 -2.2702 -5.3616 -1.4096 0.0946 0.9975
0.4239 100.2977 0.9397 -0.3746 -1.3109 0.1248 0.9850 0.0293 -0.0584 -0.2679 -5.0999 0.0456 0.3768 11.4676 -1.9183 -2.0442 9.4973 3.6292 -0.5123 -3.6123 0.4815 -0.5138 -11.4298 -0.3572 0.0148 0.0452 -0.0113 0.6775 -10.4754 -3.8731 -0.6497 -10.4756 3.8535 -15.9021 13.4286 -9.9593 -55.3851 7.3078 -16.1525 0.3896 0.2504 -42.4262 -0.6234 -8.0178 3.8533 -15.1898 10.8407 15.6863 -60.2474 1.8270 2.2765 17.1985 12.2471 17.0098 53.8600 8.3232 19.5578 -0.2381 0.0856 39.1300 3.0277 -11.3084 -3.5424 15.4066 7.3012 -16.2706 49.3736 -3.8279 -5.3840 6.1259 -0.5741 6.5896 -0.0679 5.7005 -0.0819 -7.9563 -3.0392 4.6673 1.6724 0.0875 -1.9791 -2.9793 -3.9386 -3.0508 -0.0433 8.1292 -0.0376 6.9324 -2.3123 -5.3356 -1.4129 0.0944 1.0002
0.5212 100.2547 0.9231 -0.3727 -1.5061 0.0357 0.9443 0.0823 -0.0581 -0.2750 -5.0826 0.0285 0.4278 11.5667 -1.9336 -1.9334 9.7193 3.6041 -0.5254 -3.6197 0.4950 -0.5289 -11.4498 -0.3571 0.0159 0.0488 -0.0174 0.6759 -10.4776 -3.8799 -0.6462 -10.4780 3.8482 -15.8789 13.4563 -9.9683 -55.0720 7.1591 -16.2892 0.4470 0.2606 -42.4645 -0.5659 -8.1522 3.7906 -15.1648 10.8636 15.7073 -60.2386 1.8436 2.2621 17.3702 12.1966 16.9810 53.8162 7.6967 19.2719 -0.2096 0.0983 39.2396 2.8144 -11.6015 -3.4934 15.3665 7.2961 -16.2483 49.3248 -3.8201 -5.3587 6.0944 -0.5289 6.5616 -0.0706 6.1015 -0.0875 -7.9589 -3.3603 4.7588 1.6734 0.0864 -1.9862 -3.0455 -3.9162 -2.9863 -0.0531 8.4720 -0.0349 6.9494 -2.4727 -5.2975 -1.4171 0.0900 1.0098
0.6032 100.1934 0.8996 -0.3577 -1.7761 -0.0659 0.9115 0.1808 -0.0563 -0.2799 -5.0491 0.0181 0.4639 11.7315 -1.9534 -1.8419 10.0238 3.5873 -0.5483 -3.6274 0.4703 -0.5243 -11.6344 -0.3624 0.0163 0.0523 -0.0172 0.6770 -10.4780 -3.8796 -0.6466 -10.4788 3.8487 -15.8728 13.5567 -9.9843 -54.7225 6.8183 -16.3810 0.4458 0.2441 -42.3278 -0.4859 -8.2339 3.7161 -15.1486 10.8794 15.7123 -60.2366 1.8526 2.2329 17.4428 12.2431 16.9929 53.8109 7.0107 19.1744 -0.1807 0.1133 39.2183 2.6823 -11.7698 -3.4912 15.3301 7.2962 -16.2431 49.3008 -3.8036 -5.3281 6.0591 -0.5231 6.5755 -0.0719 6.6989 -0.1031 -7.9715 -3.7771 4.8283 1.6754 0.0658 -2.0010 -3.1245 -3.9624 -2.9656 -0.0622 9.0702 -0.0265 6.9689 -2.7392 -5.1828 -1.4212 0.0883 1.0168
0.6599 100.1059 0.8373 -0.3215 -2.0976 -0.1614 0.8856 0.3129 -0.0485 -0.2791 -5.0016 -0.0105 0.4785 11.9522 -1.9637 -1.7845 10.3765 3.5850 -0.5762 -3.6342 0.4222 -0.5082 -11.9573 -0.3802 0.0165 0.0560 -0.0214 0.6767 -10.4804 -3.8832 -0.6462 -10.4790 3.8444 -15.8926 13.6558 -9.9972 -54.3936 6.4154 -16.4302 0.4472 0.2389 -42.1023 -0.3920 -8.3156 3.6630 -15.1480 10.8843 15.7259 -60.2317 1.8439 2.2318 17.4351 12.3597 17.0155 53.8314 6.3032 19.2030 -0.1527 0.1313 39.1112 2.5985 -11.8877 -3.5253 15.3064 7.2902 -16.2366 49.2951 -3.7853 -5.3139 6.0139 -0.5421 6.6117 -0.0733 7.4341 -0.1168 -7.9853 -4.2339 4.8648 1.6775 0.0424 -2.0189 -3.2302 -4.0747 -2.9982 -0.0704 9.8818 -0.0217 6.9920 -3.0989 -5.0139 -1.4255 0.0727 1.0244
0.7186 100.0077 0.7728 -0.2535 -2.4439 -0.2782 0.8576 0.4643 -0.0454 -0.2727 -4.9527 -0.0171 0.4676 12.2190 -1.9824 -1.7991 10.7838 3.5816 -0.5972 -3.6473 0.3780 -0.5084 -12.3621 -0.4034 0.0170 0.0613 -0.0214 0.6786 -10.4903 -3.8839 -0.6475 -10.4885 3.8451 -15.9385 13.7763 -10.0026 -54.1123 5.9179 -16.3908 0.4257 0.2215 -41.8378 -0.2556 -8.3951 3.6315 -15.1780 10.8767 15.7337 -60.2467 1.8232 2.2462 17.3460 12.5447 17.0257 53.8621 5.5591 19.2634 -0.0934 0.1146 38.9783 2.5600 -12.0004 -3.5358 15.3118 7.2877 -16.2471 49.3131 -3.7696 -5.3140 5.9523 -0.5654 6.7054 -0.0740 8.2082 -0.1114 -8.0145 -4.7047 4.8419 1.6783 0.0397 -2.0363 -3.3614 -4.2621 -3.0765 -0.0751 10.8636 -0.0069 7.0547 -3.5440 -4.7745 -1.4266 0.0720 1.0272
0.7209 99.8911 0.6991 -0.1465 -2.7869 -0.4147 0.8344 0.6186 -0.0269 -0.2683 -4.9128 -0.0298 0.4229 12.5137 -2.0076 -1.8890 11.2194 3.6165 -0.6169 -3.6612 0.3352 -0.5352 -12.7753 -0.4379 0.0194 0.0651 -0.0111 0.6798 -10.4921 -3.8733 -0.6442 -10.4921 3.8558 -16.0261 13.8887 -9.9883 -53.9124 5.3749 -16.2201 0.3924 0.2358 -41.5714 -0.1025 -8.5039 3.6394 -15.2002 10.8581 15.7220 -60.2552 1.8199 2.2682 17.2193 12.7225 17.0336 53.8908 4.8912 19.3194 0.0019 0.0949 38.8394 2.5043 -12.1977 -3.5110 15.3219 7.2900 -16.2650 49.3214 -3.7664 -5.3157 5.8746 -0.5642 6.8446 -0.0739 8.9204 -0.1086 -8.0535 -5.1348 4.8047 1.6785 0.0558 -2.0539 -3.5326 -4.4931 -3.1174 -0.0755 11.9212 -0.0023 7.1508 -4.0413 -4.5112 -1.4295 0.0808 1.0322
0.7201 99.7689 0.6118 0.0056 -3.0984 -0.5552 0.8095 0.7587 -0.0137 -0.2640 -4.8826 -0.0204 0.3393 12.8146 -2.0468 -2.0611 11.6703 3.6685 -0.6283 -3.6716 0.2748 -0.5660 -13.2026 -0.4442 0.0203 0.0696 -0.0117 0.6777 -10.4989 -3.8726 -0.6405 -10.5010 3.8539 -16.0963 14.0031 -9.9433 -53.8416 4.8013 -15.9923 0.3716 0.2440 -41.3226 0.0579 -8.7557 3.6790 -15.2461 10.8564 15.7166 -60.3237 1.8224 2.2623 17.0184 12.9063 17.0215 53.9590 4.3273 19.4428 0.0647 0.0543 38.7246 2.4450 -12.4485 -3.4769 15.3429 7.2970 -16.2909 49.3446 -3.7672 -5.3174 5.7548 -0.5542 7.0054 -0.0655 9.5391 -0.0947 -8.0743 -5.4852 4.7262 1.6771 0.0734 -2.0620 -3.7347 -4.7710 -3.1966 -0.0707 12.9988 0.0034 7.2077 -4.5798 -4.2066 -1.4274 0.1044 1.0338
0.7153 99.6548 0.5269 0.1929 -3.3571 -0.6777 0.7846 0.8812 0.0001 -0.2637 -4.8530 -0.0028 0.2394 13.0709 -2.0872 -2.2913 12.1038 3.7348 -0.6422 -3.6710 0.2176 -0.5863 -13.6230 -0.4419 0.0211 0.0728 -0.0107 0.6777 -10.5000 -3.8719 -0.6394 -10.5030 3.8552 -16.1584 14.1136 -9.8838 -53.9098 4.2272 -15.7040 0.3334 0.2600 -41.0535 0.2271 -9.0779 3.6704 -15.2742 10.8597 15.7153 -60.3565 1.8171 2.2506 16.7846 13.1339 17.0066 54.0312 3.9166 19.6400 0.0866 0.0287 38.6078 2.3869 -12.7115 -3.4328 15.3618 7.3131 -16.3210 49.3661 -3.7673 -5.3209 5.6159 -0.5429 7.1855 -0.0582 10.0230 -0.0759 -8.1069 -5.7180 4.5960 1.6758 0.1075 -2.0622 -3.9653 -5.0508 -3.2857 -0.0551 13.9646 0.0263 7.2456 -5.0956 -3.9597 -1.4253 0.1287 1.0428
0.6581 99.5795 0.4747 0.3783 -3.5212 -0.7445 0.7675 0.9661 0.0013 -0.2595 -4.8365 0.0095 0.1387 13.2644 -2.1076 -2.5560 12.4338 3.8046 -0.6409 -3.6696 0.1578 -0.6193 -13.9358 -0.4188 0.0218 0.0738 -0.0051 0.6753 -10.5017 -3.8659 -0.6358 -10.5049 3.8617 -16.2085 14.1901 -9.8352 -54.0922 3.7400 -15.3792 0.2672 0.2572 -40.7884 0.3974 -9.3444 3.6265 -15.2983 10.8485 15.7161 -60.3649 1.8043 2.2459 16.5568 13.3644 16.9922 54.0809 3.6653 19.8694 0.1316 0.0027 38.4313 2.3690 -12.7810 -3.3818 15.3811 7.3299 -16.3617 49.3948 -3.7665 -5.3289 5.4799 -0.5422 7.3825 -0.0547 10.3088 -0.0656 -8.1221 -5.8206 4.4149 1.6741 0.1500 -2.0599 -4.1710 -5.3084 -3.3449 -0.0443 14.6912 0.0382 7.2633 -5.5006 -3.7901 -1.4227 0.1538 1.0589
0.6034 99.5431 0.4023 0.5330 -3.5866 -0.7496 0.7726 1.0118 -0.0050 -0.2508 -4.8325 0.0225 0.0463 13.3917 -2.1364 -2.8120 12.6423 3.8771 -0.6355 -3.6739 0.1008 -0.6567 -14.1300 -0.3778 0.0219 0.0731 0.0035 0.6698 -10.5001 -3.8554 -0.6306 -10.5026 3.8688 -16.2469 14.2530 -9.8117 -54.3280 3.4002 -15.1254 0.1865 0.2407 -40.5391 0.5123 -9.4983 3.5407 -15.3098 10.8274 15.7257 -60.3203 1.7854 2.2490 16.2995 13.5714 16.9700 54.1454 3.6268 20.2119 0.1754 -0.0314 38.2160 2.4133 -12.6199 -3.3774 15.4049 7.3385 -16.3979 49.4441 -3.7632 -5.3354 5.3664 -0.5631 7.5400 -0.0525 10.4067 -0.0569 -8.1088 -5.8129 4.2231 1.6710 0.1627 -2.0493 -4.3152 -5.5278 -3.3718 -0.0381 15.1602 0.0507 7.2667 -5.7655 -3.7492 -1.4184 0.1772 1.0724
0.5433 99.5337 0.3584 0.6591 -3.5646 -0.7053 0.7979 1.0209 -0.0187 -0.2452 -4.8358 0.0454 -0.0259 13.4482 -2.1715 -3.0386 12.6996 3.9418 -0.6394 -3.6704 0.0616 -0.6964 -14.2226 -0.3549 0.0220 0.0720 0.0163 0.6687 -10.4919 -3.8435 -0.6293 -10.4970 3.8820 -16.2860 14.2932 -9.8253 -54.5846 3.2585 -15.0270 0.1411 0.2243 -40.3084 0.5497 -9.4930 3.4645 -15.3190 10.8061 15.7232 -60.2641 1.7607 2.2575 16.0426 13.7334 16.9552 54.2234 3.7990 20.6455 0.1821 -0.0391 37.9391 2.5185 -12.3273 -3.4082 15.4154 7.3382 -16.4131 49.4832 -3.7495 -5.3488 5.2724 -0.5787 7.6220 -0.0527 10.2962 -0.0516 -8.0958 -5.7055 4.0660 1.6694 0.1534 -2.0387 -4.4152 -5.7014 -3.3708 -0.0374 15.3869 0.0520 7.2628 -5.8839 -3.7989 -1.4175 0.1893 1.0769
0.4661 99.5524 0.3005 0.7623 -3.4561 -0.6223 0.8325 1.0054 -0.0302 -0.2391 -4.8446 0.0590 -0.0726 13.4251 -2.2046 -3.2315 12.6338 3.9902 -0.6271 -3.6654 0.0195 -0.7456 -14.2467 -0.3429 0.0216 0.0716 0.0223 0.6678 -10.4799 -3.8377 -0.6295 -10.4872 3.8880 -16.2852 14.2969 -9.8484 -54.9036 3.3260 -15.0581 0.1233 0.2202 -40.1858 0.5070 -9.3835 3.4358 -15.3293 10.7708 15.7073 -60.1986 1.7377 2.2643 15.7993 13.8038 16.9393 54.3276 4.2049 21.1171 0.1565 -0.0355 37.6423 2.6505 -11.9732 -3.4552 15.4196 7.3179 -16.4190 49.4929 -3.7548 -5.3772 5.1847 -0.6184 7.6334 -0.0487 10.0332 -0.0518 -8.1026 -5.5072 3.9451 1.6685 0.1186 -2.0243 -4.4755 -5.8651 -3.3702 -0.0383 15.4407 0.0416 7.2452 -5.8944 -3.8590 -1.4180 0.1930 1.0666
0.3770 99.5874 0.2598 0.8509 -3.2780 -0.4979 0.8663 0.9783 -0.0484 -0.2373 -4.8504 0.0626 -0.0916 13.3267 -2.2226 -3.3841 12.4410 4.0365 -0.6157 -3.6602 -0.0224 -0.7576 -14.2278 -0.3579 0.0207 0.0749 0.0160 0.6700 -10.4743 -3.8449 -0.6334 -10.4798 3.8820 -16.2140 14.2958 -9.8708 -55.2619 3.5371 -15.1698 0.1129 0.2236 -40.2148 0.4430 -9.1798 3.4340 -15.3369 10.7497 15.7082 -60.1472 1.7217 2.2752 15.5655 13.7982 16.9352 54.4654 4.7270 21.5379 0.1381 -0.0162 37.3522 2.7945 -11.5881 -3.5201 15.4432 7.2911 -16.4132 49.4931 -3.7646 -5.3925 5.1050 -0.6718 7.6019 -0.0482 9.6442 -0.0505 -8.1295 -5.2353 3.8471 1.6699 0.0648 -2.0142 -4.5090 -6.0258 -3.4054 -0.0408 15.3603 0.0334 7.2096 -5.8419 -3.9336 -1.4200 0.1876 1.0514
0.3031 99.6438 0.2140 0.9151 -3.0495 -0.3471 0.9130 0.9474 -0.0667 -0.2351 -4.8552 0.0701 -0.0848 13.1667 -2.2307 -3.5022 12.1560 4.0739 -0.6054 -3.6563 -0.0557 -0.7297 -14.1859 -0.3950 0.0194 0.0784 0.0036 0.6711 -10.4681 -3.8586 -0.6371 -10.4723 3.8705 -16.0876 14.2623 -9.9009 -55.6318 3.8693 -15.3041 0.0759 0.2156 -40.4028 0.4149 -8.9082 3.4476 -15.3540 10.7524 15.7161 -60.1000 1.7243 2.2751 15.3563 13.7704 16.9545 54.5944 5.3251 21.8833 0.1043 -0.0099 37.1351 2.9761 -11.1799 -3.6168 15.4506 7.2669 -16.4189 49.4953 -3.7725 -5.4211 5.0489 -0.7379 7.5616 -0.0446 9.1610 -0.0515 -8.1757 -4.8994 3.7336 1.6698 0.0088 -2.0034 -4.5081 -6.1581 -3.4397 -0.0402 15.1233 0.0289 7.1563 -5.7301 -4.0700 -1.4209 0.1909 1.0364
0.2192 99.7167 0.1542 0.9541 -2.7732 -0.1650 0.9670 0.9024 -0.0948 -0.2263 -4.8698 0.0751 -0.0569 12.9577 -2.2157 -3.5897 11.7735 4.0818 -0.6015 -3.6459 -0.0904 -0.6699 -14.0732 -0.4253 0.0173 0.0777 -0.0094 0.6719 -10.4619 -3.8724 -0.6420 -10.4659 3.8577 -15.8722 14.2152 -9.9288 -56.0660 4.3155 -15.5526 0.0915 0.2319 -40.7088 0.4056 -8.6368 3.4825 -15.3575 10.7583 15.7162 -60.0952 1.7344 2.2676 15.1662 13.7380 16.9863 54.7277 5.9899 22.2038 0.0375 0.0171 36.9317 3.2181 -10.7625 -3.7317 15.4544 7.2474 -16.4070 49.4646 -3.7856 -5.4315 5.0056 -0.8246 7.4884 -0.0416 8.6155 -0.0519 -8.2211 -4.4979 3.6032 1.6695 -0.0279 -1.9992 -4.4748 -6.2642 -3.4954 -0.0429 14.7481 0.0198 7.0873 -5.5331 -4.2260 -1.4216 0.1981 1.0180
0.1578 99.8032 0.1186 0.9698 -2.4818 0.0239 1.0222 0.8628 -0.0894 -0.2168 -4.8927 0.0441 -0.0168 12.7243 -2.1922 -3.6194 11.3563 4.0772 -0.6002 -3.6404 -0.0840 -0.6123 -13.8822 -0.5031 0.0166 0.0726 -0.0140 0.6740 -10.4644 -3.8791 -0.6455 -10.4699 3.8560 -15.5757 14.1491 -9.9430 -56.5191 4.8082 -15.8100 0.1124 0.2264 -41.1519 0.4071 -8.3883 3.4965 -15.3561 10.7555 15.7012 -60.0831 1.7498 2.2581 14.9908 13.6835 17.0323 54.8424 6.6748 22.4506 -0.0010 0.0304 36.8262 3.4336 -10.3627 -3.8679 15.4691 7.2293 -16.3969 49.4445 -3.8110 -5.4395 4.9750 -0.9142 7.3970 -0.0460 8.0408 -0.0641 -8.2391 -4.0712 3.5026 1.6683 -0.0451 -1.9979 -4.4214 -6.3403 -3.5420 -0.0465 14.2816 0.0071 7.0306 -5.2828 -4.3950 -1.4219 0.2293 1.0085
0.0828 99.8910 0.0827 0.9580 -2.1674 0.2300 1.0804 0.8010 -0.0874 -0.2090 -4.9026 0.0397 0.0431 12.4542 -2.1827 -3.6111 10.9165 4.0762 -0.6034 -3.6321 -0.0932 -0.5598 -13.6291 -0.5567 0.0157 0.0689 -0.0188 0.6745 -10.4620 -3.8860 -0.6476 -10.4693 3.8526 -15.2863 14.0578 -9.9618 -56.9521 5.2887 -16.0189 0.1257 0.2196 -41.6765 0.4335 -8.2308 3.4975 -15.3339 10.7452 15.6913 -60.0634 1.7586 2.2630 14.8571 13.6179 17.0722 54.9278 7.3133 22.5784 -0.0457 0.0353 36.7585 3.6588 -9.9950 -4.0165 15.4734 7.2095 -16.3882 49.4327 -3.8406 -5.4381 4.9649 -1.0035 7.3063 -0.0522 7.4102 -0.0780 -8.2548 -3.6021 3.4087 1.6666 -0.0713 -1.9924 -4.3410 -6.3629 -3.5817 -0.0416 13.6701 0.0012 6.9939 -4.9675 -4.5949 -1.4205 0.2545 0.9956
0.0405 99.9877 0.0653 0.9201 -1.8505 0.4121 1.1393 0.7331 -0.0771 -0.2046 -4.9265 0.0222 0.1138 12.1893 -2.1406 -3.5725 10.4567 4.0358 -0.6008 -3.6294 -0.0675 -0.5049 -13.3265 -0.6424 0.0144 0.0663 -0.0208 0.6741 -10.4592 -3.8882 -0.6499 -10.4682 3.8511 -15.0359 13.9664 -9.9933 -57.2942 5.7007 -16.1366 0.1045 0.1939 -42.2463 0.4851 -8.0270 3.4593 -15.3062 10.7311 15.6875 -60.0321 1.7532 2.2711 14.7636 13.5128 17.0883 54.9917 7.8689 22.5830 -0.0769 0.0396 36.6849 3.8613 -9.6889 -4.1211 15.4841 7.2109 -16.3909 49.4319 -3.8530 -5.4430 4.9880 -1.0796 7.2291 -0.0606 6.7659 -0.0888 -8.2483 -3.1489 3.3425 1.6664 -0.0886 -1.9927 -4.2398 -6.3400 -3.5902 -0.0416 12.9704 -0.0216 6.9713 -4.6146 -4.7851 -1.4182 0.2526 0.9865
0.0055 100.0731 0.0562 0.8564 -1.5395 0.5666 1.1954 0.6424 -0.0827 -0.1936 -4.9457 0.0241 0.1808 11.9336 -2.1054 -3.5114 9.9835 3.9808 -0.6065 -3.6222 -0.0486 -0.4239 -12.9825 -0.7529 0.0135 0.0624 -0.0203 0.6762 -10.4566 -3.8871 -0.6537 -10.4661 3.8513 -14.8808 13.8956 -10.0183 -57.4976 6.0501 -16.2709 0.0901 0.1815 -42.7349 0.5667 -7.9467 3.3813 -15.2865 10.7070 15.6784 -60.0379 1.7424 2.2916 14.7539 13.3866 17.1067 54.9826 8.2478 22.3677 -0.0779 0.0342 36.6172 4.0240 -9.4113 -4.1957 15.5064 7.2212 -16.4049 49.4652 -3.8724 -5.4588 5.0412 -1.1474 7.1476 -0.0665 6.1194 -0.0811 -8.2374 -2.7031 3.2542 1.6675 -0.1036 -1.9975 -4.1209 -6.2809 -3.6137 -0.0399 12.2209 -0.0291 6.9617 -4.2253 -4.9718 -1.4156 0.2202 0.9803
-0.0404 100.1610 0.0636 0.7780 -1.2552 0.6838 1.2433 0.5571 -0.0816 -0.1904 -4.9677 0.0258 0.2407 11.6980 -2.0746 -3.4147 9.5060 3.9493 -0.5998 -3.6076 -0.0556 -0.3450 -12.6497 -0.8686 0.0130 0.0616 -0.0168 0.6757 -10.4520 -3.8836 -0.6543 -10.4637 3.8547 -14.7936 13.8200 -10.0532 -57.5740 6.3796 -16.4181 0.0963 0.1884 -43.1412 0.6334 -8.0458 3.3094 -15.2508 10.7154 15.6864 -60.0649 1.7436 2.3202 14.8186 13.2414 17.1184 54.9084 8.5273 22.0410 -0.0507 0.0289 36.5901 4.0997 -9.3029 -4.2350 15.5354 7.2396 -16.4204 49.5097 -3.8798 -5.4744 5.1092 -1.2018 7.0738 -0.0681 5.5199 -0.0752 -8.2460 -2.2863 3.1743 1.6681 -0.1195 -2.0036 -3.9879 -6.1880 -3.6179 -0.0384 11.4673 -0.0396 6.9566 -3.8482 -5.1270 -1.4142 0.1877 0.9814
-0.0499 100.2320 0.0839 0.6839 -1.0006 0.7853 1.2855 0.4679 -0.0789 -0.1846 -4.9933 0.0316 0.2899 11.4926 -2.0489 -3.2968 9.0333 3.9206 -0.5899 -3.5868 -0.0695 -0.2597 -12.3207 -0.9751 0.0131 0.0620 -0.0100 0.6763 -10.4494 -3.8761 -0.6546 -10.4626 3.8610 -14.7605 13.7401 -10.1020 -57.5660 6.6761 -16.6292 0.1402 0.1901 -43.3988 0.6689 -8.1594 3.2769 -15.2288 10.7191 15.6713 -60.1061 1.7534 2.3323 14.9201 13.0983 17.1296 54.7997 8.7301 21.6779 -0.0286 0.0203 36.6217 4.1226 -9.2826 -4.2447 15.5420 7.2364 -16.4224 49.5189 -3.8913 -5.4842 5.1957 -1.2439 6.9978 -0.0675 4.9732 -0.0614 -8.2648 -1.9003 3.0992 1.6682 -0.1368 -2.0068 -3.8466 -6.0624 -3.6343 -0.0314 10.7152 -0.0493 6.9466 -3.4713 -5.2509 -1.4141 0.1568 0.9791
-0.0773 100.2933 0.0864 0.5780 -0.7739 0.8829 1.3206 0.3811 -0.0838 -0.1818 -5.0165 0.0299 0.3252 11.2958 -2.0372 -3.1537 8.5672 3.8874 -0.5821 -3.5637 -0.0605 -0.1612 -11.9939 -1.0854 0.0126 0.0623 -0.0067 0.6777 -10.4481 -3.8727 -0.6570 -10.4638 3.8643 -14.7668 13.6527 -10.1501 -57.4956 6.9107 -16.8334 0.1743 0.1979 -43.5014 0.6895 -8.2120 3.2601 -15.2046 10.7427 15.6701 -60.1318 1.7678 2.3257 15.0555 12.9248 17.1609 54.6898 8.9227 21.3588 -0.0376 0.0300 36.6911 4.1303 -9.3497 -4.2485 15.5597 7.2417 -16.4325 49.5427 -3.8802 -5.4876 5.2969 -1.2820 6.9318 -0.0652 4.4933 -0.0503 -8.2879 -1.5735 3.0439 1.6688 -0.1393 -2.0043 -3.6959 -5.9177 -3.6715 -0.0273 9.9821 -0.0637 6.9355 -3.1030 -5.3584 -1.4143 0.1495 0.9769
-0.0853 100.3507 0.0994 0.4710 -0.5820 0.9568 1.3433 0.2954 -0.0822 -0.1821 -5.0380 0.0259 0.3533 11.1274 -2.0284 -2.9998 8.1079 3.8468 -0.5758 -3.5487 -0.0425 -0.0318 -11.6730 -1.2154 0.0121 0.0595 -0.0047 0.6808 -10.4530 -3.8704 -0.6610 -10.4680 3.8657 -14.7955 13.5648 -10.2182 -57.3860 7.0878 -17.0277 0.2399 0.1989 -43.4785 0.6718 -8.2125 3.2952 -15.1890 10.7592 15.6705 -60.1511 1.7701 2.3181 15.2067 12.7370 17.1841 54.5776 9.0944 21.1105 -0.0720 0.0305 36.7698 4.1692 -9.4596 -4.2305 15.5641 7.2450 -16.4350 49.5752 -3.8718 -5.4916 5.3974 -1.2999 6.8699 -0.0663 4.0696 -0.0528 -8.2881 -1.3016 3.0349 1.6679 -0.1226 -1.9994 -3.5497 -5.7703 -3.7050 -0.0268 9.3229 -0.0719 6.9254 -2.7647 -5.4587 -1.4128 0.1549 0.9759
-0.0983 100.3920 0.1336 0.3725 -0.4271 1.0085 1.3466 0.2234 -0.0804 -0.1906 -5.0479 0.0227 0.3689 10.9665 -2.0175 -2.8269 7.6695 3.7833 -0.5769 -3.5342 -0.0156 0.0936 -11.3668 -1.3454 0.0119 0.0558 -0.0007 0.6825 -10.4502 -3.8661 -0.6629 -10.4631 3.8685 -14.8375 13.4502 -10.2825 -57.2716 7.2241 -17.2073 0.2919 0.1890 -43.2789 0.6379 -8.1715 3.3215 -15.1859 10.7659 15.6757 -60.1482 1.7708 2.3227 15.3966 12.5022 17.2230 54.4771 9.2622 20.8978 -0.0993 0.0420 36.8392 4.2104 -9.5773 -4.1837 15.5608 7.2517 -16.4291 49.5936 -3.8617 -5.4924 5.4906 -1.3023 6.8087 -0.0699 3.7220 -0.0587 -8.2909 -1.1207 3.0639 1.6673 -0.0878 -2.0000 -3.4209 -5.6292 -3.7322 -0.0264 8.7541 -0.0795 6.9312 -2.4634 -5.5357 -1.4122 0.1664 0.9758
-0.1184 100.4173 0.1777 0.2804 -0.3086 1.0307 1.3357 0.1615 -0.0844 -0.2022 -5.0462 0.0138 0.3704 10.8248 -1.9993 -2.6547 7.2595 3.7116 -0.5702 -3.5244 -0.0035 0.2183 -11.1119 -1.4460 0.0116 0.0506 -0.0017 0.6848 -10.4528 -3.8675 -0.6656 -10.4646 3.8672 -14.9208 13.3359 -10.3355 -57.1116 7.2855 -17.3463 0.3226 0.1594 -42.9984 0.5892 -8.1461 3.3551 -15.1794 10.7863 15.6828 -60.1608 1.7862 2.3468 15.6158 12.3009 17.2867 54.3771 9.3562 20.7233 -0.1474 0.0587 36.9501 4.2229 -9.7260 -4.1172 15.5600 7.2534 -16.4241 49.6083 -3.8583 -5.5069 5.5800 -1.2896 6.7361 -0.0710 3.4535 -0.0666 -8.3070 -0.9948 3.1488 1.6676 -0.0834 -1.9995 -3.3080 -5.4893 -3.7396 -0.0240 8.2499 -0.0699 6.9261 -2.1862 -5.5860 -1.4120 0.1582 0.9772
-0.1275 100.4333 0.2096 0.1958 -0.2169 1.0183 1.3133 0.0991 -0.0875 -0.2173 -5.0353 0.0147 0.3618 10.7115 -1.9853 -2.4630 6.8937 3.6583 -0.5749 -3.5150 0.0032 0.3491 -10.9058 -1.5572 0.0105 0.0476 -0.0103 0.6855 -10.4488 -3.8753 -0.6685 -10.4616 3.8577 -15.0373 13.2383 -10.3697 -56.9268 7.3078 -17.4759 0.3630 0.1586 -42.7123 0.5326 -8.2141 3.3981 -15.1987 10.8028 15.6986 -60.1699 1.8060 2.3810 15.8480 12.1332 17.3504 54.2920 9.3672 20.5866 -0.1905 0.0763 37.0455 4.1923 -9.9086 -4.0313 15.5680 7.2558 -16.4116 49.6120 -3.8562 -5.5097 5.6589 -1.2615 6.6624 -0.0700 3.2501 -0.0652 -8.3267 -0.9202 3.2375 1.6689 -0.0765 -2.0034 -3.2085 -5.3398 -3.7258 -0.0219 7.7961 -0.0668 6.9041 -1.9548 -5.6188 -1.4130 0.1457 0.9809
-0.1272 100.4444 0.2407 0.1159 -0.1624 1.0028 1.2874 0.0414 -0.0846 -0.2291 -5.0373 0.0043 0.3419 10.6475 -1.9603 -2.2555 6.6110 3.5979 -0.5864 -3.5131 0.0044 0.4746 -10.7922 -1.6661 0.0095 0.0466 -0.0167 0.6876 -10.4473 -3.8819 -0.6724 -10.4611 3.8523 -15.2009 13.1700 -10.3979 -56.7099 7.2779 -17.5446 0.3947 0.1664 -42.4614 0.5039 -8.3727 3.4357 -15.2382 10.8082 15.7030 -60.2084 1.8313 2.4021 16.0987 11.9832 17.3939 54.1817 9.3286 20.4528 -0.2061 0.0855 37.1828 4.1247 -10.0568 -3.9289 15.5718 7.2616 -16.4061 49.6120 -3.8571 -5.5094 5.7396 -1.2287 6.5965 -0.0679 3.1239 -0.0620 -8.3535 -0.9024 3.3017 1.6705 -0.0805 -2.0094 -3.1176 -5.1853 -3.7057 -0.0264 7.4200 -0.0653 6.8783 -1.7862 -5.6333 -1.4133 0.1400 0.9836
-0.1408 100.4605 0.2785 0.0272 -0.1536 0.9979 1.2581 -0.0012 -0.0710 -0.2375 -5.0510 -0.0132 0.3145 10.6418 -1.9428 -2.0376 6.4097 3.5432 -0.6026 -3.5113 -0.0066 0.6152 -10.8009 -1.7887 0.0087 0.0459 -0.0221 0.6905 -10.4522 -3.8865 -0.6767 -10.4687 3.8468 -15.3977 13.1310 -10.4130 -56.4521 7.1446 -17.4847 0.3584 0.1691 -42.2948 0.5209 -8.5236 3.4598 -15.2665 10.8104 15.6956 -60.2317 1.8488 2.4054 16.3775 11.8745 17.4344 54.0534 9.2007 20.3165 -0.2111 0.0801 37.3668 3.9839 -10.1502 -3.8305 15.5631 7.2732 -16.4231 49.6160 -3.8564 -5.5168 5.8365 -1.1915 6.5247 -0.0663 3.0835 -0.0571 -8.3897 -0.9343 3.3768 1.6695 -0.0946 -2.0182 -3.0208 -5.0053 -3.7186 -0.0312 7.1008 -0.0628 6.8419 -1.6560 -5.6126 -1.4132 0.1408 0.9898
-0.1204 100.4612 0.3328 -0.0655 -0.1779 1.0069 1.2260 -0.0559 -0.0690 -0.2436 -5.0624 0.0093 0.2885 10.6897 -1.9417 -1.8273 6.3042 3.4967 -0.6116 -3.5168 -0.0386 0.7682 -10.9027 -1.8826 0.0075 0.0461 -0.0193 0.6919 -10.4489 -3.8824 -0.6804 -10.4669 3.8484 -15.6591 13.0842 -10.4020 -56.1725 6.9918 -17.3596 0.3392 0.1866 -42.1903 0.5286 -8.7659 3.4476 -15.2871 10.8002 15.6888 -60.2163 1.8573 2.3864 16.6841 11.7953 17.4546 53.9361 8.9816 20.1663 -0.2223 0.0916 37.5535 3.8198 -10.2464 -3.7258 15.5353 7.2698 -16.4207 49.5961 -3.8608 -5.4969 5.9426 -1.1389 6.4288 -0.0672 3.0966 -0.0539 -8.4425 -1.0165 3.4791 1.6696 -0.1139 -2.0313 -2.9235 -4.8058 -3.7367 -0.0325 6.8322 -0.0623 6.8021 -1.5684 -5.5991 -1.4142 0.1362 0.9924
-0.1198 100.4437 0.3957 -0.1596 -0.2401 1.0053 1.1880 -0.1016 -0.0519 -0.2521 -5.0777 0.0410 0.2719 10.7823 -1.9473 -1.6299 6.2837 3.4419 -0.6133 -3.5124 -0.0237 0.9194 -11.0559 -1.9627 0.0067 0.0481 -0.0081 0.6927 -10.4419 -3.8692 -0.6828 -10.4626 3.8578 -15.9585 13.0518 -10.3542 -55.8837 6.8086 -17.2011 0.3095 0.2122 -42.1441 0.5557 -9.0155 3.4360 -15.2789 10.7682 15.6736 -60.1907 1.8454 2.3879 17.0197 11.7466 17.4609 53.8125 8.7534 20.0428 -0.2344 0.0997 37.7719 3.6072 -10.4193 -3.6219 15.5091 7.2519 -16.4040 49.5665 -3.8634 -5.4886 6.0551 -1.0697 6.3394 -0.0688 3.1658 -0.0619 -8.4905 -1.1550 3.5937 1.6680 -0.1050 -2.0424 -2.8315 -4.5984 -3.7701 -0.0296 6.6380 -0.0608 6.7842 -1.5424 -5.5442 -1.4149 0.1404 0.9993
-0.1059 100.4354 0.4677 -0.2568 -0.3411 0.9832 1.1502 -0.1434 -0.0195 -0.2637 -5.1068 0.0506 0.2493 10.9336 -1.9240 -1.4075 6.3547 3.3811 -0.6052 -3.5182 0.0032 1.0561 -11.2241 -2.0290 0.0057 0.0530 -0.0010 0.6904 -10.4437 -3.8620 -0.6826 -10.4657 3.8660 -16.2803 13.0716 -10.2870 -55.5717 6.5682 -17.0070 0.2992 0.2313 -42.1368 0.6389 -9.3035 3.3822 -15.2722 10.7471 15.6626 -60.2085 1.8321 2.3948 17.3707 11.6923 17.4592 53.6891 8.5113 19.9499 -0.2078 0.0722 37.9929 3.4327 -10.4836 -3.5131 15.4831 7.2519 -16.4007 49.5417 -3.8492 -5.4717 6.1726 -0.9895 6.2834 -0.0703 3.3099 -0.0735 -8.5355 -1.3393 3.6965 1.6654 -0.0636 -2.0462 -2.7373 -4.3680 -3.7907 -0.0272 6.4851 -0.0797 6.7827 -1.5466 -5.4761 -1.4156 0.1620 1.0066
-0.1232 100.4193 0.5340 -0.3673 -0.4576 0.9591 1.1188 -0.1915 -0.0045 -0.2721 -5.1337 0.0708 0.2252 11.0993 -1.8856 -1.1749 6.5199 3.3165 -0.5971 -3.5236 0.0308 1.1962 -11.4063 -2.0822 0.0053 0.0564 0.0032 0.6885 -10.4378 -3.8556 -0.6812 -10.4601 3.8689 -16.6087 13.1065 -10.1935 -55.2594 6.3153 -16.8122 0.2711 0.2515 -42.0836 0.7705 -9.5758 3.2527 -15.2783 10.7278 15.6478 -60.2203 1.8049 2.3913 17.7454 11.6439 17.4551 53.5706 8.3479 20.0065 -0.2567 0.0781 38.1672 3.3769 -10.4794 -3.4320 15.4576 7.2642 -16.3960 49.5230 -3.8107 -5.4678 6.3099 -0.9078 6.2561 -0.0644 3.4875 -0.0732 -8.5708 -1.5386 3.7530 1.6621 -0.0156 -2.0407 -2.6308 -4.1083 -3.7833 -0.0249 6.3154 -0.0839 6.7709 -1.5478 -5.4307 -1.4135 0.1671 1.0179
-0.1163 100.3967 0.5892 -0.4805 -0.5935 0.9472 1.0907 -0.2391 -0.0021 -0.2784 -5.1569 0.0978 0.1878 11.2615 -1.8469 -0.9323 6.7505 3.2622 -0.6032 -3.5340 0.0571 1.3174 -11.5685 -2.1146 0.0047 0.0571 0.0048 0.6860 -10.4346 -3.8526 -0.6796 -10.4568 3.8698 -16.8781 13.1423 -10.0817 -54.9983 6.0618 -16.5997 0.2245 0.2592 -41.9503 0.9035 -9.8047 3.0730 -15.2763 10.7208 15.6415 -60.2260 1.7800 2.3734 18.1188 11.6129 17.4444 53.4938 8.1679 20.1063 -0.2960 0.0939 38.2655 3.3766 -10.4317 -3.3981 15.4433 7.2794 -16.3903 49.5282 -3.7714 -5.4508 6.4597 -0.8245 6.2366 -0.0625 3.7103 -0.0775 -8.6097 -1.7532 3.7712 1.6589 0.0254 -2.0323 -2.5228 -3.8200 -3.7853 -0.0254 6.1422 -0.0869 6.7601 -1.5269 -5.3980 -1.4117 0.1774 1.0276
-0.1185 100.3824 0.6517 -0.5912 -0.7540 0.9605 1.0620 -0.2785 -0.0197 -0.2814 -5.1758 0.1300 0.1466 11.4188 -1.8019 -0.7001 7.0621 3.2150 -0.6093 -3.5544 0.0644 1.4331 -11.7374 -2.1329 0.0055 0.0548 0.0139 0.6822 -10.4434 -3.8440 -0.6741 -10.4647 3.8787 -17.1162 13.2198 -10.0203 -54.7462 5.7928 -16.3855 0.1825 0.2274 -41.7292 1.0125 -10.0392 2.8891 -15.2684 10.7279 15.6464 -60.2358 1.7730 2.3491 18.4830 11.6332 17.4406 53.4471 7.9376 20.1914 -0.3231 0.1046 38.3267 3.3652 -10.4019 -3.3961 15.4370 7.2901 -16.3793 49.5469 -3.7377 -5.4234 6.6056 -0.7448 6.1966 -0.0622 3.9868 -0.0828 -8.6535 -1.9566 3.7793 1.6566 0.0404 -2.0252 -2.4208 -3.5211 -3.7794 -0.0222 6.0084 -0.0849 6.7588 -1.5084 -5.3822 -1.4087 0.1799 1.0376
-0.1193 100.3643 0.7302 -0.6914 -0.9451 0.9630 1.0283 -0.3021 -0.0345 -0.2822 -5.1912 0.1702 0.1044 11.5769 -1.7753 -0.4934 7.4179 3.1617 -0.6070 -3.5727 0.1001 1.5293 -11.8752 -2.1275 0.0073 0.0510 0.0240 0.6819 -10.4475 -3.8348 -0.6698 -10.4678 3.8894 -17.3085 13.2889 -9.9770 -54.5332 5.5780 -16.2500 0.1835 0.2119 -41.3892 1.0531 -10.2132 2.7508 -15.2584 10.7325 15.6462 -60.2343 1.7751 2.3251 18.7778 11.6867 17.4323 53.4784 7.6477 20.2865 -0.3438 0.1267 38.3171 3.3437 -10.4524 -3.3909 15.4289 7.3004 -16.3636 49.5618 -3.7149 -5.4028 6.7394 -0.6626 6.1525 -0.0656 4.3318 -0.0984 -8.6809 -2.1992 3.7764 1.6576 0.0473 -2.0153 -2.3410 -3.2460 -3.7774 -0.0194 5.9862 -0.0783 6.7558 -1.5488 -5.3511 -1.4082 0.1647 1.0486
-0.0965 100.3363 0.7882 -0.7678 -1.1453 0.9745 0.9944 -0.3073 -0.0419 -0.2875 -5.2025 0.2036 0.0656 11.7307 -1.7603 -0.3296 7.7724 3.0939 -0.5910 -3.5899 0.1640 1.5713 -12.0264 -2.0962 0.0096 0.0488 0.0302 0.6781 -10.4570 -3.8308 -0.6613 -10.4771 3.8973 -17.4554 13.3635 -9.9613 -54.3298 5.4333 -16.2248 0.1983 0.1806 -40.9768 1.0439 -10.2811 2.6655 -15.2521 10.7407 15.6385 -60.2296 1.7710 2.3104 19.0006 11.7393 17.4236 53.5280 7.3857 20.4174 -0.3425 0.1341 38.2556 3.3098 -10.4865 -3.3316 15.4175 7.3075 -16.3498 49.5942 -3.6891 -5.3829 6.8439 -0.6113 6.1130 -0.0729 4.7516 -0.1216 -8.6815 -2.4975 3.7722 1.6611 0.0658 -2.0002 -2.2867 -3.0432 -3.7696 -0.0208 6.1185 -0.0679 6.7397 -1.6752 -5.3378 -1.4096 0.1561 1.0605
-0.0516 100.3026 0.8381 -0.8187 -1.3817 0.9719 0.9582 -0.2914 -0.0431 -0.2981 -5.1983 0.2190 0.0324 11.9070 -1.7483 -0.2025 8.1470 3.0503 -0.5732 -3.6122 0.2023 1.5963 -12.2213 -2.0548 0.0112 0.0486 0.0346 0.6747 -10.4619 -3.8274 -0.6543 -10.4818 3.9019 -17.5762 13.4340 -9.9639 -54.1318 5.2980 -16.2753 0.2039 0.1436 -40.4498 0.9895 -10.2617 2.5782 -15.2552 10.7514 15.6457 -60.2176 1.7638 2.3022 19.1397 11.8037 17.4386 53.5797 7.1737 20.6237 -0.3377 0.1314 38.1990 3.3171 -10.5184 -3.2435 15.4168 7.3201 -16.3571 49.6350 -3.6685 -5.3731 6.9084 -0.5882 6.0765 -0.0728 5.2932 -0.1369 -8.6741 -2.8566 3.7876 1.6637 0.0940 -1.9881 -2.2644 -2.9228 -3.7650 -0.0285 6.4575 -0.0507 6.7103 -1.8777 -5.3191 -1.4118 0.1591 1.0719
-0.0156 100.2371 0.8491 -0.8366 -1.6605 0.9594 0.9218 -0.2300 -0.0254 -0.3082 -5.1837 0.2153 -0.0005 12.1138 -1.7330 -0.1174 8.5197 3.0344 -0.5758 -3.6292 0.2134 1.6068 -12.4766 -2.0264 0.0117 0.0488 0.0306 0.6707 -10.4649 -3.8320 -0.6494 -10.4838 3.8980 -17.6522 13.5162 -9.9791 -53.9509 5.1481 -16.4293 0.2137 0.1329 -39.8824 0.8983 -10.2213 2.5328 -15.2768 10.7591 15.6557 -60.1911 1.7569 2.3169 19.1956 11.9142 17.4792 53.5970 6.9900 20.8847 -0.3322 0.1282 38.1582 3.3824 -10.6472 -3.1368 15.4184 7.2998 -16.3611 49.6426 -3.6846 -5.3814 6.9350 -0.5891 6.0695 -0.0744 5.9582 -0.1518 -8.6728 -3.2707 3.8000 1.6674 0.0893 -1.9779 -2.2919 -2.9095 -3.7491 -0.0365 7.0623 -0.0301 6.6744 -2.1583 -5.2980 -1.4155 0.1642 1.0809
0.0777 100.1612 0.8346 -0.8008 -1.9923 0.9361 0.8825 -0.1265 -0.0132 -0.3225 -5.1492 0.2051 -0.0392 12.3554 -1.7233 -0.0982 8.9228 3.0426 -0.5831 -3.6403 0.1828 1.5843 -12.8450 -1.9828 0.0121 0.0523 0.0193 0.6687 -10.4634 -3.8440 -0.6467 -10.4809 3.8870 -17.6564 13.6438 -9.9995 -53.8309 4.8990 -16.6625 0.1911 0.1489 -39.3283 0.8011 -10.1795 2.5337 -15.3046 10.7646 15.6719 -60.1767 1.7554 2.3434 19.1422 12.0571 17.5371 53.6039 6.8194 21.2444 -0.3301 0.1340 38.0703 3.5059 -10.7588 -2.9949 15.4210 7.2798 -16.3656 49.5974 -3.7025 -5.3846 6.8946 -0.5973 6.0959 -0.0706 6.7219 -0.1562 -8.6551 -3.7291 3.7875 1.6731 0.0817 -1.9784 -2.3947 -3.0024 -3.7283 -0.0488 7.9432 -0.0228 6.6755 -2.5665 -5.2378 -1.4198 0.1624 1.0862
0.1687 100.0729 0.7875 -0.7074 -2.3794 0.8810 0.8360 0.0223 0.0304 -0.3424 -5.1142 0.1842 -0.0979 12.6433 -1.7418 -0.1123 9.3904 3.0701 -0.6015 -3.6464 0.1367 1.5597 -13.3345 -1.9721 0.0116 0.0604 0.0052 0.6691 -10.4600 -3.8563 -0.6482 -10.4738 3.8730 -17.5694 13.8085 -10.0330 -53.7827 4.6207 -17.0462 0.1781 0.1799 -38.8312 0.7243 -10.2047 2.6126 -15.3465 10.7688 15.6770 -60.1952 1.7766 2.3750 18.9690 12.2341 17.6163 53.5832 6.6686 21.7485 -0.3320 0.1345 37.9137 3.6577 -10.8383 -2.8730 15.4251 7.2787 -16.3884 49.5645 -3.7164 -5.4008 6.7840 -0.5797 6.1555 -0.0657 7.5344 -0.1538 -8.6289 -4.2192 3.7477 1.6752 0.0769 -2.0028 -2.5826 -3.1791 -3.7397 -0.0620 9.0573 -0.0243 6.7276 -3.0717 -5.0937 -1.4231 0.1608 1.0798
0.2606 99.9736 0.7151 -0.5856 -2.7659 0.8441 0.7812 0.1690 0.0406 -0.3583 -5.0754 0.1804 -0.1645 12.9441 -1.7989 -0.1433 9.8967 3.1067 -0.6077 -3.6419 0.0792 1.5170 -13.8704 -1.9359 0.0110 0.0695 -0.0013 0.6696 -10.4541 -3.8629 -0.6504 -10.4654 3.8670 -17.4275 13.9756 -10.0448 -53.7951 4.3404 -17.5426 0.1816 0.2063 -38.4331 0.6588 -10.3380 2.7634 -15.3729 10.7831 15.6858 -60.2513 1.8105 2.3866 18.7499 12.4321 17.6980 53.5098 6.4865 22.2115 -0.3335 0.1414 37.7318 3.7867 -10.8917 -2.8086 15.4438 7.2913 -16.4080 49.5687 -3.7254 -5.4011 6.6391 -0.5700 6.2251 -0.0573 8.3109 -0.1406 -8.5903 -4.6591 3.6667 1.6737 0.0736 -2.0355 -2.8226 -3.3887 -3.8243 -0.0650 10.1962 -0.0167 6.8312 -3.5967 -4.8987 -1.4243 0.1845 1.0599
0.3499 99.8730 0.6406 -0.4524 -3.1071 0.8457 0.7094 0.3001 0.0434 -0.3712 -5.0327 0.1794 -0.2290 13.2121 -1.8721 -0.1340 10.4041 3.0985 -0.5986 -3.6403 0.0667 1.4607 -14.3812 -1.8799 0.0105 0.0756 0.0047 0.6660 -10.4455 -3.8573 -0.6481 -10.4565 3.8747 -17.2666 14.1038 -10.0586 -53.8634 4.1344 -18.0893 0.2399 0.2504 -38.1949 0.5650 -10.5707 2.9309 -15.3957 10.8081 15.6918 -60.3072 1.8486 2.3654 18.5520 12.6343 17.7410 53.3701 6.2944 22.5667 -0.3223 0.1375 37.5418 3.8188 -11.0006 -2.7510 15.4390 7.2880 -16.3922 49.5437 -3.7319 -5.3904 6.4796 -0.5575 6.3243 -0.0510 8.9536 -0.1355 -8.5494 -4.9992 3.5526 1.6710 0.0889 -2.0617 -3.0689 -3.5883 -3.9535 -0.0637 11.2039 -0.0082 6.9690 -4.0911 -4.6779 -1.4231 0.2262 1.0438
0.4218 99.7997 0.5315 -0.3257 -3.3735 0.8792 0.6234 0.3874 0.0553 -0.3799 -5.0074 0.1605 -0.2868 13.4617 -1.9384 -0.0824 10.8652 3.0618 -0.5855 -3.6318 0.0754 1.4170 -14.8042 -1.8312 0.0116 0.0797 0.0139 0.6615 -10.4453 -3.8498 -0.6413 -10.4566 3.8858 -17.1106 14.2138 -10.0724 -53.9378 3.9993 -18.6300 0.3061 0.2964 -38.1956 0.4527 -10.7827 3.0568 -15.4067 10.8067 15.6829 -60.3539 1.8605 2.3222 18.4218 12.8405 17.7459 53.1419 6.1580 22.7784 -0.2799 0.1021 37.4851 3.7258 -11.1646 -2.6620 15.4473 7.3021 -16.4163 49.5463 -3.7370 -5.3894 6.3222 -0.5531 6.3760 -0.0484 9.4230 -0.1216 -8.5048 -5.2240 3.4298 1.6682 0.0869 -2.0734 -3.2995 -3.7771 -4.0925 -0.0590 12.0089 -0.0006 7.0993 -4.4749 -4.4890 -1.4202 0.2530 1.0374
0.4902 99.7606 0.4327 -0.2220 -3.5325 0.9499 0.5373 0.4302 0.0619 -0.3860 -5.0059 0.1619 -0.3290 13.6485 -1.9858 -0.0003 11.2120 2.9968 -0.5723 -3.6185 0.0605 1.3828 -15.0961 -1.7876 0.0124 0.0836 0.0133 0.6564 -10.4371 -3.8515 -0.6344 -10.4495 3.8871 -16.9836 14.2837 -10.1129 -54.0250 3.9813 -19.1083 0.3897 0.3517 -38.4422 0.3766 -10.9326 3.0765 -15.3796 10.8047 15.6809 -60.3411 1.8366 2.2893 18.3419 12.9883 17.6753 52.9361 6.1617 22.9419 -0.2791 0.0792 37.5315 3.6188 -11.3381 -2.5730 15.4446 7.3122 -16.4328 49.5618 -3.7342 -5.3790 6.1822 -0.5693 6.3542 -0.0448 9.6751 -0.1039 -8.4449 -5.2972 3.2967 1.6669 0.0907 -2.0721 -3.4809 -3.9196 -4.2050 -0.0562 12.5011 0.0009 7.1802 -4.6854 -4.4065 -1.4155 0.2610 1.0409
0.5091 99.7484 0.3327 -0.1588 -3.6005 1.0497 0.4760 0.4428 0.0574 -0.3911 -5.0100 0.1763 -0.3618 13.7550 -2.0292 0.1229 11.4466 2.9683 -0.5769 -3.6124 0.0132 1.3798 -15.2334 -1.7894 0.0134 0.0842 0.0031 0.6506 -10.4268 -3.8618 -0.6262 -10.4380 3.8764 -16.8895 14.3199 -10.1258 -54.0990 4.0042 -19.4159 0.4018 0.3905 -38.8791 0.3649 -10.9902 2.9923 -15.3356 10.7880 15.6814 -60.2738 1.7941 2.2893 18.3106 13.1084 17.6168 52.7432 6.2464 23.0651 -0.2612 0.0624 37.6165 3.4862 -11.3661 -2.4909 15.4480 7.3036 -16.4371 49.5919 -3.7153 -5.3834 6.0873 -0.5966 6.2776 -0.0494 9.7329 -0.0881 -8.3911 -5.2389 3.1987 1.6649 0.0704 -2.0602 -3.5887 -3.9986 -4.2400 -0.0525 12.6851 0.0048 7.2441 -4.7237 -4.4568 -1.4110 0.2368 1.0450
0.5097 99.7722 0.2403 -0.1275 -3.6020 1.1726 0.4285 0.4532 0.0518 -0.4008 -5.0169 0.1930 -0.3828 13.7599 -2.0556 0.2845 11.6110 2.9652 -0.5968 -3.6048 -0.0625 1.3920 -15.2481 -1.8298 0.0134 0.0861 -0.0090 0.6464 -10.4166 -3.8743 -0.6219 -10.4268 3.8647 -16.8101 14.3505 -10.1082 -54.1724 4.0576 -19.5649 0.3603 0.3762 -39.4383 0.4122 -10.9820 2.7831 -15.2858 10.7839 15.7071 -60.2004 1.7654 2.3162 18.3227 13.1927 17.5832 52.6005 6.4398 23.1889 -0.2502 0.0514 37.7361 3.3726 -11.2659 -2.4457 15.4640 7.2909 -16.4438 49.6225 -3.7065 -5.3949 6.0264 -0.6235 6.1978 -0.0544 9.6202 -0.0884 -8.3570 -5.0782 3.1450 1.6628 0.0336 -2.0471 -3.6339 -4.0179 -4.2190 -0.0479 12.6251 -0.0062 7.2908 -4.6476 -4.5979 -1.4078 0.2077 1.0397
0.4811 99.8190 0.1467 -0.1379 -3.5586 1.2804 0.4007 0.4473 0.0347 -0.4075 -5.0262 0.2135 -0.3870 13.6980 -2.0410 0.4636 11.7106 2.9652 -0.6281 -3.6004 -0.1423 1.4315 -15.1979 -1.8952 0.0127 0.0873 -0.0198 0.6440 -10.4098 -3.8841 -0.6207 -10.4154 3.8532 -16.7515 14.3532 -10.0738 -54.2633 4.1985 -19.5856 0.3175 0.3536 -40.0549 0.5117 -10.9480 2.4735 -15.2431 10.7789 15.7218 -60.1062 1.7493 2.3102 18.3426 13.2646 17.5453 52.5658 6.7086 23.4130 -0.3078 0.0750 37.8522 3.3069 -11.0885 -2.4493 15.4748 7.2814 -16.4409 49.6295 -3.6947 -5.3962 6.0288 -0.6167 6.1074 -0.0631 9.3414 -0.0992 -8.3549 -4.8181 3.1161 1.6629 -0.0001 -2.0307 -3.6053 -3.9785 -4.1690 -0.0505 12.3637 -0.0289 7.2904 -4.4764 -4.7650 -1.4067 0.1596 1.0289
0.4483 99.8769 0.0475 -0.1755 -3.4732 1.3596 0.3824 0.4096 0.0108 -0.4188 -5.0418 0.2409 -0.3805 13.6011 -2.0053 0.6527 11.7632 2.9540 -0.6563 -3.6104 -0.2063 1.4595 -15.1287 -1.9505 0.0127 0.0875 -0.0221 0.6460 -10.4073 -3.8865 -0.6225 -10.4076 3.8501 -16.7157 14.3565 -10.0171 -54.3159 4.4360 -19.5191 0.3099 0.3168 -40.6670 0.5986 -10.8330 2.1472 -15.2173 10.7799 15.7335 -60.0416 1.7582 2.2872 18.3965 13.2862 17.4769 52.6326 7.0495 23.7000 -0.4381 0.1295 38.0123 3.2727 -10.8478 -2.4968 15.4862 7.2891 -16.4374 49.6286 -3.6764 -5.3706 6.0785 -0.5774 6.0039 -0.0707 8.9097 -0.1125 -8.3889 -4.4848 3.1258 1.6650 -0.0294 -2.0159 -3.5214 -3.9016 -4.1097 -0.0525 11.9595 -0.0483 7.2733 -4.2238 -4.9404 -1.4084 0.0946 1.0169
0.3698 99.9437 -0.0225 -0.2366 -3.3602 1.4486 0.3640 0.3549 -0.0020 -0.4289 -5.0647 0.2501 -0.3614 13.4787 -1.9750 0.8324 11.7736 2.9299 -0.6863 -3.6224 -0.2399 1.4592 -15.0125 -2.0083 0.0128 0.0874 -0.0186 0.6466 -10.4099 -3.8838 -0.6227 -10.4068 3.8533 -16.6737 14.3532 -9.9517 -54.3452 4.7764 -19.4077 0.3319 0.2775 -41.1946 0.6529 -10.6328 1.9452 -15.2025 10.7894 15.7375 -60.0166 1.7914 2.2407 18.4905 13.2860 17.4019 52.7476 7.3230 23.8663 -0.5461 0.1725 38.2933 3.2484 -10.5520 -2.5565 15.5080 7.3060 -16.4292 49.6272 -3.6623 -5.3486 6.1638 -0.5154 5.8868 -0.0771 8.3888 -0.1231 -8.4326 -4.1392 3.1477 1.6674 -0.0512 -2.0028 -3.3865 -3.8190 -4.0884 -0.0550 11.4908 -0.0652 7.2417 -3.9273 -5.0830 -1.4115 0.0398 1.0062
0.2854 100.0163 -0.1034 -0.3098 -3.2469 1.5281 0.3521 0.3088 0.0042 -0.4438 -5.0882 0.2328 -0.3307 13.3633 -1.9419 0.9564 11.7622 2.8847 -0.6868 -3.6382 -0.2681 1.4309 -14.9174 -2.0629 0.0134 0.0849 -0.0155 0.6473 -10.4132 -3.8811 -0.6221 -10.4106 3.8555 -16.6201 14.3698 -9.9041 -54.3279 5.1593 -19.2782 0.3961 0.2451 -41.5704 0.6677 -10.4220 1.8787 -15.2035 10.8053 15.7319 -60.0221 1.8133 2.2137 18.5916 13.2688 17.2990 52.9046 7.4678 23.8246 -0.6001 0.1960 38.7624 3.1901 -10.3362 -2.5727 15.5083 7.3081 -16.4167 49.6082 -3.6625 -5.3303 6.2740 -0.4872 5.7621 -0.0807 7.9397 -0.1288 -8.4845 -3.8601 3.1526 1.6685 -0.0237 -1.9896 -3.2279 -3.7725 -4.0976 -0.0515 11.0921 -0.0726 7.2316 -3.6881 -5.2002 -1.4148 0.0057 1.0043
0.1761 100.0609 -0.1949 -0.3822 -3.1535 1.6006 0.3466 0.2803 0.0078 -0.4541 -5.0945 0.1956 -0.3037 13.2527 -1.9120 1.0207 11.7295 2.8291 -0.6883 -3.6558 -0.2980 1.3848 -14.8523 -2.1367 0.0124 0.0826 -0.0198 0.6441 -10.4225 -3.8873 -0.6210 -10.4235 3.8525 -16.5410 14.3875 -9.8413 -54.2594 5.5308 -19.0881 0.4321 0.2191 -41.7821 0.6821 -10.2322 1.8789 -15.2163 10.8295 15.7544 -60.0467 1.8219 2.2344 18.6650 13.2306 17.1499 53.0658 7.5233 23.6737 -0.6108 0.2031 39.3696 3.1315 -10.2683 -2.5221 15.5067 7.3007 -16.4134 49.6153 -3.6655 -5.3304 6.3998 -0.5033 5.6319 -0.0798 7.6088 -0.1281 -8.5462 -3.6509 3.1445 1.6678 0.0290 -1.9773 -3.0552 -3.7726 -4.1161 -0.0531 10.8146 -0.0707 7.2056 -3.5158 -5.3180 -1.4163 0.0058 1.0116
0.0644 100.0798 -0.2908 -0.4361 -3.0903 1.6718 0.3474 0.2710 -0.0043 -0.4612 -5.0843 0.1686 -0.2801 13.1629 -1.8905 1.0265 11.7242 2.7982 -0.6978 -3.6648 -0.3998 1.3456 -14.8437 -2.2159 0.0116 0.0802 -0.0322 0.6414 -10.4224 -3.9003 -0.6201 -10.4273 3.8395 -16.4390 14.4122 -9.7782 -54.1874 5.8102 -18.8287 0.4534 0.2114 -41.8148 0.7396 -10.1416 1.9234 -15.2182 10.8412 15.7659 -60.0463 1.8112 2.2755 18.6800 13.1839 16.9807 53.2324 7.4938 23.4886 -0.6053 0.2162 39.9812 3.0275 -10.3263 -2.4625 15.4840 7.2771 -16.3953 49.5904 -3.6714 -5.3284 6.5142 -0.5541 5.4604 -0.0766 7.4195 -0.1203 -8.6088 -3.4948 3.1329 1.6680 0.0578 -1.9740 -2.9111 -3.8312 -4.1492 -0.0496 10.7030 -0.0575 7.1579 -3.4046 -5.4048 -1.4174 -0.0122 1.0237
-0.0596 100.0812 -0.4159 -0.4723 -3.0772 1.7070 0.3599 0.3070 0.0006 -0.4633 -5.0721 0.1455 -0.2660 13.1073 -1.8828 1.0011 11.7492 2.7939 -0.7254 -3.6763 -0.5032 1.3220 -14.9063 -2.3287 0.0115 0.0759 -0.0434 0.6427 -10.4301 -3.9122 -0.6214 -10.4374 3.8297 -16.3112 14.4381 -9.6978 -54.1225 5.9826 -18.3686 0.4233 0.1975 -41.8108 0.8369 -10.0844 2.0143 -15.2421 10.8436 15.7629 -60.0477 1.8031 2.2945 18.6291 13.1741 16.8449 53.3560 7.3659 23.2364 -0.5477 0.2237 40.6172 2.8338 -10.4492 -2.3883 15.4489 7.2507 -16.3735 49.5642 -3.6728 -5.3312 6.6226 -0.6296 5.3080 -0.0745 7.3838 -0.1209 -8.6774 -3.3802 3.1718 1.6679 0.0622 -1.9818 -2.7781 -3.9217 -4.1412 -0.0492 10.7435 -0.0558 7.0962 -3.3770 -5.4795 -1.4179 -0.0232 1.0415
-0.1950 100.0768 -0.5232 -0.4954 -3.0936 1.6910 0.3864 0.3803 -0.0005 -0.4573 -5.0703 0.1459 -0.2508 13.0840 -1.8651 0.9391 11.8079 2.7895 -0.7642 -3.6722 -0.6059 1.3078 -15.0134 -2.4538 0.0111 0.0713 -0.0469 0.6441 -10.4426 -3.9164 -0.6238 -10.4515 3.8271 -16.1760 14.4982 -9.6054 -54.0754 6.0302 -17.8152 0.3856 0.1806 -41.7771 0.9396 -10.0431 2.1137 -15.2576 10.8420 15.7532 -60.0920 1.7910 2.2801 18.5141 13.1947 16.7325 53.4627 7.1377 22.9689 -0.5169 0.2220 41.1151 2.6107 -10.6118 -2.2973 15.4301 7.2441 -16.3511 49.5577 -3.6658 -5.3119 6.7273 -0.7172 5.1776 -0.0728 7.4427 -0.1177 -8.7624 -3.3125 3.2209 1.6681 0.0621 -1.9934 -2.6537 -4.0527 -4.1169 -0.0492 10.9031 -0.0600 7.0124 -3.4070 -5.5157 -1.4166 -0.0474 1.0502
-0.3253 100.0443 -0.6263 -0.5029 -3.1378 1.6621 0.4241 0.4764 -0.0026 -0.4431 -5.0549 0.1808 -0.2314 13.0757 -1.8565 0.8508 11.9108 2.7738 -0.8065 -3.6690 -0.6956 1.2870 -15.1410 -2.5540 0.0110 0.0669 -0.0377 0.6481 -10.4505 -3.9065 -0.6285 -10.4596 3.8359 -16.0367 14.5879 -9.5015 -54.0535 5.9916 -17.1945 0.3453 0.1703 -41.7607 1.0625 -9.9996 2.1962 -15.2582 10.8294 15.7325 -60.1307 1.7852 2.2495 18.3602 13.2338 16.6272 53.5203 6.8291 22.6638 -0.4912 0.2137 41.4557 2.4046 -10.8351 -2.2150 15.3870 7.2433 -16.3355 49.5582 -3.6545 -5.2929 6.8263 -0.8013 5.0349 -0.0743 7.5612 -0.1152 -8.8514 -3.2795 3.2989 1.6668 0.0553 -2.0049 -2.5459 -4.2049 -4.1228 -0.0447 11.1582 -0.0527 6.9255 -3.5146 -5.5034 -1.4136 -0.0648 1.0556
-0.4531 99.9960 -0.7539 -0.4997 -3.1806 1.6240 0.4802 0.5712 -0.0017 -0.4265 -5.0307 0.2060 -0.2043 13.0879 -1.8377 0.7278 12.0077 2.7905 -0.8401 -3.6638 -0.7884 1.2426 -15.2347 -2.6354 0.0117 0.0652 -0.0326 0.6524 -10.4535 -3.9020 -0.6313 -10.4628 3.8418 -15.9175 14.6708 -9.3928 -54.0586 5.9221 -16.5909 0.3098 0.1788 -41.7339 1.1868 -9.9546 2.2595 -15.2644 10.8012 15.7018 -60.1282 1.7616 2.2214 18.1936 13.2792 16.5521 53.5278 6.4765 22.3297 -0.4499 0.1868 41.6467 2.2263 -11.0319 -2.1580 15.3715 7.2461 -16.3224 49.5550 -3.6380 -5.2626 6.9274 -0.9155 4.9483 -0.0756 7.7312 -0.1163 -8.9423 -3.2907 3.3452 1.6656 0.0610 -2.0148 -2.4484 -4.3931 -4.1600 -0.0391 11.4779 -0.0561 6.8557 -3.6540 -5.4273 -1.4110 -0.0766 1.0673
-0.6107 99.9480 -0.8779 -0.4870 -3.2199 1.5963 0.5515 0.6592 -0.0105 -0.4109 -4.9978 0.2384 -0.1662 13.0985 -1.8247 0.5792 12.1209 2.8288 -0.8713 -3.6677 -0.8824 1.2061 -15.3282 -2.7088 0.0117 0.0670 -0.0274 0.6535 -10.4484 -3.8963 -0.6326 -10.4556 3.8465 -15.8082 14.7414 -9.2892 -54.0980 5.8574 -16.0329 0.2872 0.1916 -41.6928 1.2871 -9.9008 2.3094 -15.3009 10.7874 15.6780 -60.1475 1.7394 2.2018 18.0287 13.3523 16.5155 53.5212 6.1402 22.0728 -0.4645 0.1635 41.6516 2.0925 -11.2089 -2.1209 15.3674 7.2561 -16.3090 49.5689 -3.6284 -5.2482 7.0209 -1.0465 4.8752 -0.0747 7.9226 -0.1035 -9.0239 -3.3414 3.3791 1.6648 0.0827 -2.0218 -2.3522 -4.6077 -4.2204 -0.0358 11.8325 -0.0622 6.7539 -3.8184 -5.3523 -1.4076 -0.0401 1.0707
-0.7578 99.9062 -0.9931 -0.4684 -3.2456 1.6037 0.6401 0.7386 -0.0130 -0.3881 -4.9797 0.2622 -0.1275 13.1474 -1.8158 0.3852 12.2323 2.8742 -0.8987 -3.6688 -0.9754 1.1771 -15.4338 -2.7724 0.0127 0.0675 -0.0241 0.6533 -10.4511 -3.8930 -0.6305 -10.4572 3.8493 -15.7328 14.8103 -9.1857 -54.1243 5.7909 -15.5330 0.2733 0.1889 -41.7025 1.3715 -9.8613 2.3832 -15.3282 10.7844 15.6514 -60.1941 1.7269 2.1749 17.8698 13.4649 16.5434 53.4727 5.7756 21.7799 -0.4454 0.1245 41.5557 1.9796 -11.3742 -2.0751 15.3917 7.2728 -16.3083 49.6031 -3.5966 -5.2461 7.1178 -1.2019 4.8109 -0.0729 8.1233 -0.0872 -9.1020 -3.3780 3.3704 1.6665 0.0914 -2.0212 -2.2513 -4.8316 -4.2486 -0.0341 12.1985 -0.0720 6.6424 -3.9619 -5.3087 -1.4059 -0.0158 1.0768
-0.9332 99.8704 -1.1083 -0.4457 -3.2639 1.6397 0.7430 0.8173 -0.0121 -0.3588 -4.9554 0.2844 -0.0876 13.1829 -1.8169 0.1535 12.3399 2.9186 -0.9170 -3.6653 -1.0581 1.1571 -15.5274 -2.8372 0.0136 0.0676 -0.0219 0.6506 -10.4465 -3.8906 -0.6263 -10.4525 3.8507 -15.6714 14.8677 -9.0882 -54.1748 5.7114 -15.0929 0.2581 0.1977 -41.6892 1.4344 -9.8119 2.4531 -15.3246 10.7821 15.6401 -60.1951 1.7185 2.1687 17.7132 13.5817 16.5926 53.4464 5.4453 21.5296 -0.4371 0.1090 41.2725 1.9342 -11.5885 -2.0509 15.3877 7.2806 -16.3031 49.5988 -3.5813 -5.2465 7.2099 -1.3530 4.7405 -0.0720 8.2988 -0.0809 -9.1935 -3.3916 3.3447 1.6688 0.0919 -2.0184 -2.1423 -5.0454 -4.2599 -0.0366 12.5373 -0.0779 6.5066 -4.1008 -5.3194 -1.4039 0.0071 1.0800
-1.1283 99.8395 -1.1886 -0.4234 -3.2775 1.6878 0.8662 0.8953 -0.0192 -0.3355 -4.9275 0.3169 -0.0510 13.2079 -1.8334 -0.0911 12.4443 2.9719 -0.9276 -3.6630 -1.1287 1.1114 -15.6231 -2.8843 0.0150 0.0674 -0.0244 0.6479 -10.4380 -3.8908 -0.6208 -10.4443 3.8453 -15.6155 14.9173 -8.9989 -54.2809 5.5673 -14.6666 0.1965 0.1956 -41.6388 1.5376 -9.7272 2.4930 -15.3092 10.7753 15.6422 -60.1746 1.7144 2.1867 17.5515 13.6903 16.6579 53.4393 5.2010 21.3950 -0.4282 0.0981 40.8687 1.9179 -11.7773 -2.0326 15.3925 7.2950 -16.3098 49.6417 -3.5616 -5.2572 7.3168 -1.5065 4.6832 -0.0727 8.4741 -0.0887 -9.3054 -3.4122 3.2999 1.6718 0.0899 -2.0144 -2.0306 -5.2390 -4.2620 -0.0407 12.8581 -0.0835 6.3602 -4.2560 -5.3649 -1.4041 0.0359 1.0824
-1.3246 99.8017 -1.2735 -0.4006 -3.2885 1.7663 0.9995 0.9823 -0.0324 -0.3103 -4.8995 0.3435 -0.0125 13.2178 -1.8367 -0.3498 12.5548 3.0360 -0.9263 -3.6710 -1.2035 1.0596 -15.7377 -2.9503 0.0156 0.0669 -0.0263 0.6449 -10.4385 -3.8915 -0.6166 -10.4441 3.8419 -15.5448 14.9537 -8.9299 -54.4549 5.3910 -14.3077 0.1473 0.1569 -41.5641 1.6566 -9.6047 2.5268 -15.2939 10.7741 15.6409 -60.1253 1.7149 2.1843 17.3651 13.7809 16.7175 53.5023 5.0488 21.3413 -0.4427 0.0791 40.4015 1.9710 -11.9390 -2.0550 15.4075 7.2989 -16.3258 49.6609 -3.5681 -5.2811 7.4318 -1.6766 4.6435 -0.0781 8.6826 -0.0959 -9.4489 -3.4644 3.2189 1.6756 0.0578 -2.0016 -1.9139 -5.4239 -4.2837 -0.0481 13.1722 -0.0831 6.1959 -4.4294 -5.4318 -1.4050 0.0747 1.0821
-1.5338 99.7588 -1.3384 -0.3900 -3.3016 1.8485 1.1519 1.0758 -0.0365 -0.2812 -4.8718 0.3585 0.0309 13.2381 -1.8364 -0.6283 12.6380 3.1142 -0.9313 -3.6799 -1.2850 1.0086 -15.8765 -2.9769 0.0157 0.0667 -0.0207 0.6437 -10.4312 -3.8846 -0.6154 -10.4381 3.8458 -15.4976 14.9649 -8.8566 -54.6593 5.1748 -13.9801 0.0742 0.1011 -41.5104 1.8087 -9.4553 2.5717 -15.2819 10.7613 15.6222 -60.0931 1.7077 2.1796 17.1432 13.8785 16.8045 53.6158 4.9433 21.3438 -0.4689 0.0696 39.9005 2.0547 -11.9728 -2.1343 15.4237 7.3064 -16.3507 49.6854 -3.5795 -5.2962 7.5692 -1.8766 4.6132 -0.0838 8.9640 -0.1024 -9.6365 -3.5632 3.1268 1.6788 0.0077 -1.9912 -1.7768 -5.6066 -4.2755 -0.0542 13.5130 -0.0824 6.0074 -4.6154 -5.5090 -1.4075 0.1080 1.0802
-1.7366 99.7098 -1.4039 -0.3880 -3.3237 1.9499 1.3239 1.1778 -0.0455 -0.2465 -4.8311 0.3556 0.0759 13.2690 -1.8106 -0.9263 12.6802 3.2086 -0.9373 -3.6924 -1.3685 0.9666 -16.0507 -2.9979 0.0146 0.0680 -0.0179 0.6397 -10.4294 -3.8809 -0.6139 -10.4357 3.8482 -15.4939 14.9644 -8.7811 -54.8605 4.8954 -13.7255 0.0136 0.0512 -41.4282 1.9588 -9.3612 2.6058 -15.3028 10.7668 15.6300 -60.0645 1.7133 2.1803 16.8923 13.9746 16.8901 53.7754 4.8269 21.3639 -0.4742 0.0560 39.3532 2.1777 -11.8765 -2.2349 15.4429 7.3105 -16.3789 49.6867 -3.6051 -5.3204 7.7206 -2.1007 4.5750 -0.0873 9.3108 -0.1106 -9.8347 -3.6983 3.0228 1.6811 -0.0263 -1.9871 -1.6263 -5.7820 -4.2681 -0.0649 13.8701 -0.0908 5.7957 -4.8125 -5.5975 -1.4110 0.1440 1.0808
-1.9334 99.6550 -1.4676 -0.3916 -3.3652 2.0591 1.5146 1.2901 -0.0435 -0.2031 -4.7882 0.3278 0.1057 13.3464 -1.7775 -1.2610 12.6928 3.3412 -0.9446 -3.7090 -1.4553 0.9567 -16.2678 -3.0543 0.0136 0.0696 -0.0142 0.6380 -10.4307 -3.8770 -0.6145 -10.4369 3.8525 -15.5348 14.9891 -8.6942 -55.0484 4.5438 -13.5812 -0.0188 0.0282 -41.3610 2.0905 -9.4133 2.6564 -15.3392 10.7650 15.6377 -60.0689 1.7268 2.2007 16.6093 14.0998 16.9974 53.9185 4.6525 21.3654 -0.4192 0.0282 38.8456 2.3156 -11.7629 -2.3110 15.4399 7.2976 -16.4016 49.6230 -3.6526 -5.3421 7.8781 -2.3512 4.5061 -0.0907 9.7624 -0.1117 -10.0230 -3.8799 2.9008 1.6831 -0.0669 -1.9941 -1.4794 -5.9819 -4.2944 -0.0745 14.3116 -0.0981 5.6092 -5.0315 -5.6826 -1.4157 0.1756 1.0805
-2.1541 99.5796 -1.5245 -0.3936 -3.4383 2.1683 1.7253 1.4139 -0.0387 -0.1545 -4.7340 0.3146 0.1129 13.4652 -1.7736 -1.6377 12.6973 3.4613 -0.9513 -3.7154 -1.5216 0.9593 -16.5652 -3.1360 0.0134 0.0734 -0.0105 0.6387 -10.4316 -3.8731 -0.6162 -10.4384 3.8566 -15.6128 15.0334 -8.6252 -55.2316 4.1166 -13.5264 -0.0797 0.0324 -41.2907 2.2657 -9.4900 2.7382 -15.3364 10.7832 15.6576 -60.0894 1.7495 2.2449 16.2809 14.2667 17.1186 54.0658 4.4508 21.4209 -0.3669 0.0082 38.3290 2.4980 -11.7384 -2.3503 15.4468 7.2761 -16.4179 49.5600 -3.7077 -5.3715 8.0332 -2.6094 4.4193 -0.0848 10.2929 -0.1030 -10.2014 -4.1201 2.7505 1.6834 -0.1244 -2.0162 -1.3421 -6.2020 -4.3661 -0.0765 14.8717 -0.0950 5.4499 -5.3147 -5.7492 -1.4185 0.2242 1.0781
-2.3607 99.4852 -1.5704 -0.3837 -3.5128 2.2611 1.9279 1.5254 -0.0147 -0.1025 -4.6909 0.2849 0.1058 13.6000 -1.7838 -2.0449 12.7012 3.5517 -0.9434 -3.7125 -1.5562 0.9440 -16.8556 -3.1927 0.0133 0.0775 -0.0041 0.6387 -10.4276 -3.8666 -0.6166 -10.4385 3.8645 -15.6991 15.0954 -8.5779 -55.4412 3.7343 -13.6185 -0.0859 0.0839 -41.2720 2.4110 -9.5683 2.9017 -15.3478 10.7888 15.6646 -60.1443 1.7566 2.2697 15.9057 14.4389 17.2298 54.2341 4.2736 21.5454 -0.3333 -0.0093 37.7906 2.7208 -11.7890 -2.3533 15.4252 7.2451 -16.4085 49.4806 -3.7513 -5.3818 8.1667 -2.8582 4.3639 -0.0767 10.8286 -0.0882 -10.3482 -4.3951 2.5908 1.6830 -0.1658 -2.0422 -1.2339 -6.4239 -4.4504 -0.0699 15.4521 -0.0835 5.3216 -5.6172 -5.7614 -1.4196 0.2915 1.0723
-2.5380 99.4007 -1.5970 -0.3540 -3.5553 2.3649 2.1016 1.6072 -0.0061 -0.0574 -4.6577 0.2782 0.0919 13.7161 -1.8208 -2.4367 12.7081 3.6169 -0.9327 -3.7100 -1.5627 0.9000 -17.0736 -3.1990 0.0124 0.0774 -0.0013 0.6384 -10.4257 -3.8637 -0.6185 -10.4396 3.8686 -15.7716 15.1482 -8.5531 -55.6756 3.4191 -13.8337 -0.1032 0.1280 -41.2178 2.5088 -9.5739 3.0432 -15.3477 10.7912 15.6613 -60.1934 1.7723 2.2720 15.5677 14.5909 17.3308 54.3414 4.2181 21.7513 -0.3206 -0.0366 37.2346 2.9263 -11.8710 -2.4039 15.4238 7.2368 -16.4034 49.4494 -3.7760 -5.3875 8.2678 -3.0783 4.3434 -0.0673 11.2537 -0.0680 -10.4543 -4.6470 2.4076 1.6791 -0.2105 -2.0662 -1.1661 -6.6322 -4.5792 -0.0592 15.9628 -0.0664 5.2280 -5.8916 -5.7260 -1.4165 0.3729 1.0673
-2.6598 99.3389 -1.5950 -0.3147 -3.5497 2.4632 2.2378 1.6504 0.0026 -0.0219 -4.6497 0.3051 0.0910 13.7983 -1.8756 -2.7979 12.6910 3.6861 -0.9248 -3.7064 -1.5828 0.8417 -17.1935 -3.1758 0.0121 0.0751 -0.0005 0.6365 -10.4322 -3.8647 -0.6173 -10.4469 3.8720 -15.8166 15.1891 -8.5506 -55.9432 3.1990 -14.1215 -0.1484 0.1565 -41.1899 2.5633 -9.3897 3.1449 -15.3310 10.7750 15.6593 -60.2076 1.7735 2.2573 15.3167 14.7125 17.3900 54.3550 4.3152 21.9742 -0.3080 -0.0529 36.7416 3.0816 -12.0511 -2.5287 15.4472 7.2463 -16.4298 49.4738 -3.7949 -5.3990 8.3237 -3.2438 4.3591 -0.0636 11.5015 -0.0548 -10.5364 -4.7655 2.2417 1.6749 -0.2719 -2.0820 -1.1316 -6.7890 -4.6990 -0.0509 16.2924 -0.0556 5.1635 -6.0879 -5.6852 -1.4106 0.4139 1.0725
-2.7626 99.3176 -1.5721 -0.2643 -3.4863 2.5399 2.3558 1.6566 0.0072 0.0108 -4.6506 0.3391 0.0946 13.8233 -1.9354 -3.1437 12.6509 3.8025 -0.9243 -3.7016 -1.6507 0.7831 -17.2362 -3.1323 0.0125 0.0712 -0.0025 0.6358 -10.4375 -3.8672 -0.6160 -10.4519 3.8708 -15.8386 15.1976 -8.5343 -56.2654 3.0898 -14.4643 -0.2116 0.1475 -41.2474 2.6047 -8.9427 3.1864 -15.3316 10.7598 15.6641 -60.2213 1.7555 2.2549 15.1206 14.8213 17.4381 54.3071 4.5730 22.2177 -0.3136 -0.0876 36.3355 3.1540 -12.2804 -2.7085 15.4902 7.2537 -16.4461 49.5176 -3.7967 -5.4206 8.3321 -3.3697 4.3877 -0.0612 11.5973 -0.0462 -10.6162 -4.7665 2.1015 1.6696 -0.3286 -2.0782 -1.1291 -6.9076 -4.7878 -0.0416 16.4381 -0.0479 5.1096 -6.2123 -5.6577 -1.4042 0.4651 1.0724
-2.8158 99.3318 -1.4987 -0.2053 -3.3823 2.6000 2.4527 1.6352 -0.0010 0.0427 -4.6561 0.3377 0.1007 13.7607 -1.9352 -3.4469 12.5620 3.9192 -0.9394 -3.6902 -1.7180 0.7264 -17.2309 -3.1125 0.0110 0.0694 -0.0033 0.6322 -10.4318 -3.8663 -0.6155 -10.4475 3.8695 -15.8457 15.1767 -8.5262 -56.6358 3.1144 -14.8071 -0.2361 0.1376 -41.3997 2.6204 -8.4026 3.1618 -15.3259 10.7302 15.6481 -60.1813 1.7259 2.2633 14.9814 14.8788 17.4929 54.2724 4.9278 22.3226 -0.2972 -0.1113 36.0613 3.1933 -12.3012 -2.8844 15.5288 7.2457 -16.4378 49.4875 -3.8029 -5.4579 8.3046 -3.4351 4.4607 -0.0634 11.5205 -0.0490 -10.6964 -4.6959 1.9818 1.6678 -0.3660 -2.0791 -1.1605 -6.9607 -4.8187 -0.0415 16.4010 -0.0521 5.0847 -6.2478 -5.6795 -1.4010 0.5235 1.0643
-2.8261 99.3763 -1.4276 -0.1596 -3.2671 2.6337 2.5435 1.5990 -0.0226 0.0762 -4.6662 0.3398 0.1126 13.6504 -1.9271 -3.7208 12.4235 4.0597 -0.9662 -3.6869 -1.7680 0.6520 -17.1972 -3.0850 0.0100 0.0693 -0.0010 0.6304 -10.4273 -3.8634 -0.6157 -10.4466 3.8716 -15.8473 15.1432 -8.4839 -57.0075 3.2692 -15.0806 -0.2435 0.1398 -41.7810 2.6491 -7.9331 3.0898 -15.3035 10.7046 15.6557 -60.1354 1.6947 2.2977 14.8668 14.8930 17.5458 54.2319 5.3957 22.3138 -0.2381 -0.1423 36.0379 3.2007 -12.1278 -3.0441 15.5477 7.2382 -16.4352 49.4508 -3.8027 -5.4888 8.2536 -3.4381 4.5683 -0.0652 11.3245 -0.0577 -10.7311 -4.5668 1.8954 1.6666 -0.3707 -2.0814 -1.1997 -6.9359 -4.7781 -0.0438 16.2045 -0.0538 5.0798 -6.1848 -5.7515 -1.3995 0.5813 1.0531
-2.7969 99.4326 -1.3492 -0.1462 -3.1485 2.6389 2.6258 1.5432 -0.0462 0.1024 -4.6787 0.3447 0.1395 13.5101 -1.9105 -3.9297 12.2381 4.1762 -0.9902 -3.6812 -1.7481 0.5794 -17.1272 -3.0260 0.0093 0.0696 -0.0024 0.6307 -10.4167 -3.8631 -0.6173 -10.4392 3.8689 -15.8516 15.1178 -8.4311 -57.3500 3.4979 -15.2870 -0.2395 0.1344 -42.2996 2.6844 -7.5498 2.9923 -15.2742 10.6747 15.6713 -60.0837 1.6729 2.3337 14.8092 14.8571 17.5783 54.1782 5.9521 22.2159 -0.1683 -0.1780 36.2150 3.2566 -11.8016 -3.1822 15.5566 7.2189 -16.4181 49.4061 -3.8188 -5.5205 8.2099 -3.3623 4.6941 -0.0670 11.0199 -0.0734 -10.7121 -4.4280 1.8402 1.6673 -0.3748 -2.0784 -1.2324 -6.8244 -4.7028 -0.0437 15.8593 -0.0512 5.0977 -6.0258 -5.8111 -1.4009 0.6157 1.0381
-2.7393 99.5068 -1.2253 -0.1482 -3.0320 2.5997 2.6688 1.4799 -0.0537 0.1149 -4.7086 0.3308 0.1752 13.3693 -1.8997 -4.0184 12.0192 4.2703 -0.9873 -3.6824 -1.6714 0.4771 -17.0125 -2.8938 0.0099 0.0694 -0.0010 0.6319 -10.4183 -3.8619 -0.6175 -10.4421 3.8699 -15.8034 15.0696 -8.3889 -57.6799 3.7961 -15.4469 -0.2172 0.1091 -42.8404 2.7050 -7.3079 2.9136 -15.2033 10.6810 15.6829 -60.0352 1.6898 2.3492 14.8269 14.7908 17.5894 54.0500 6.5480 22.1026 -0.0929 -0.2230 36.5288 3.3466 -11.4186 -3.3028 15.5584 7.2086 -16.4150 49.3896 -3.8522 -5.5359 8.1554 -3.2268 4.8488 -0.0708 10.6562 -0.0959 -10.6463 -4.3036 1.8324 1.6705 -0.3883 -2.0738 -1.2755 -6.6599 -4.6078 -0.0431 15.4287 -0.0434 5.1614 -5.8234 -5.8253 -1.4022 0.6356 1.0223
-2.6342 99.5752 -1.0980 -0.1754 -2.9239 2.5406 2.6689 1.3988 -0.0674 0.1128 -4.7248 0.3212 0.2251 13.2138 -1.8987 -3.9890 11.7404 4.3051 -0.9406 -3.6844 -1.5281 0.3663 -16.8121 -2.6896 0.0110 0.0701 -0.0021 0.6361 -10.4160 -3.8648 -0.6196 -10.4394 3.8691 -15.7020 15.0204 -8.3639 -57.9683 4.0986 -15.6386 -0.1902 0.0908 -43.2141 2.6778 -7.1470 2.8887 -15.1455 10.7048 15.6889 -59.9986 1.7284 2.3342 14.9335 14.6701 17.5768 53.8940 7.1414 22.0277 -0.0664 -0.2273 36.7936 3.4789 -11.0865 -3.3670 15.5532 7.1950 -16.3989 49.3569 -3.8805 -5.5386 8.1098 -3.0485 5.0178 -0.0699 10.2550 -0.1089 -10.5437 -4.1757 1.8251 1.6752 -0.4351 -2.0623 -1.3114 -6.4315 -4.5101 -0.0453 14.9016 -0.0396 5.2319 -5.5608 -5.8432 -1.4056 0.6163 1.0091
-2.4746 99.6613 -0.9527 -0.2362 -2.8264 2.4413 2.6336 1.3096 -0.0607 0.0927 -4.7438 0.2847 0.2824 13.0625 -1.9034 -3.8415 11.4078 4.2493 -0.8623 -3.6788 -1.3054 0.2635 -16.5447 -2.4582 0.0117 0.0736 -0.0047 0.6394 -10.4192 -3.8708 -0.6212 -10.4406 3.8695 -15.5354 14.9803 -8.3546 -58.2129 4.3839 -15.8338 -0.2048 0.0785 -43.4082 2.6376 -7.0276 2.8958 -15.1243 10.7423 15.6929 -60.0051 1.7720 2.2933 15.1210 14.5283 17.5416 53.7104 7.6886 22.0107 -0.0955 -0.2124 37.0019 3.6074 -10.8500 -3.4288 15.5375 7.2018 -16.3842 49.3443 -3.8846 -5.5243 8.0758 -2.8605 5.2087 -0.0679 9.8742 -0.1163 -10.4171 -4.0511 1.8411 1.6775 -0.4696 -2.0541 -1.3297 -6.1474 -4.3812 -0.0475 14.2983 -0.0342 5.2960 -5.2728 -5.8692 -1.4097 0.5730 1.0040
-2.2961 99.7442 -0.8186 -0.3164 -2.7204 2.3256 2.5453 1.1959 -0.0526 0.0615 -4.7573 0.2309 0.3475 12.9023 -1.9174 -3.5756 11.0082 4.1297 -0.7690 -3.6632 -1.0433 0.1780 -16.2203 -2.2037 0.0108 0.0798 -0.0069 0.6440 -10.4144 -3.8758 -0.6273 -10.4327 3.8705 -15.3341 14.9328 -8.3705 -58.4179 4.6398 -16.0304 -0.2372 0.0865 -43.4050 2.5812 -6.9445 2.9198 -15.1102 10.7729 15.6994 -59.9996 1.7985 2.2551 15.3799 14.3053 17.4499 53.5457 8.2294 22.0644 -0.1727 -0.1880 37.1386 3.7236 -10.6300 -3.5006 15.5318 7.2260 -16.3701 49.3720 -3.8696 -5.5023 8.0528 -2.6484 5.3727 -0.0655 9.4451 -0.1072 -10.2766 -3.9072 1.8852 1.6759 -0.4812 -2.0549 -1.3450 -5.8121 -4.2602 -0.0462 13.5828 -0.0235 5.3333 -4.9468 -5.8997 -1.4123 0.5325 1.0022
-2.0728 99.8415 -0.6679 -0.4302 -2.6068 2.2067 2.4086 1.0695 -0.0375 0.0170 -4.7840 0.1574 0.4206 12.7325 -1.9350 -3.1725 10.5792 3.9780 -0.6734 -3.6441 -0.7648 0.1462 -15.8695 -1.9624 0.0092 0.0826 -0.0126 0.6459 -10.4148 -3.8826 -0.6316 -10.4287 3.8665 -15.0779 14.8631 -8.4441 -58.5976 4.9268 -16.1774 -0.2787 0.0792 -43.3196 2.4840 -6.9104 2.9313 -15.1266 10.8038 15.7143 -60.0564 1.8089 2.2237 15.7342 14.0370 17.3294 53.3723 8.6999 22.0638 -0.2559 -0.1602 37.3103 3.7993 -10.3924 -3.5916 15.5441 7.2669 -16.3520 49.4322 -3.8333 -5.4858 8.0375 -2.4279 5.5486 -0.0636 9.0061 -0.0999 -10.1008 -3.7499 1.9691 1.6715 -0.4928 -2.0594 -1.3483 -5.4287 -4.0884 -0.0415 12.7617 -0.0325 5.3866 -4.5575 -5.9439 -1.4130 0.4866 0.9981
-1.8220 99.9476 -0.5116 -0.5716 -2.4760 2.0533 2.2249 0.9329 -0.0402 -0.0324 -4.8192 0.0932 0.4834 12.5515 -1.9804 -2.6357 10.1134 3.7977 -0.5881 -3.6175 -0.4578 0.1576 -15.5114 -1.7072 0.0084 0.0786 -0.0165 0.6517 -10.4168 -3.8871 -0.6382 -10.4285 3.8640 -14.7986 14.7997 -8.5404 -58.7344 5.2696 -16.3731 -0.2490 0.0881 -43.1617 2.2599 -7.0512 2.9296 -15.1453 10.8117 15.7111 -60.0867 1.8148 2.2055 16.1973 13.7823 17.1734 53.1683 8.9918 21.9295 -0.3173 -0.1223 37.5671 3.8082 -10.1063 -3.6457 15.5419 7.3100 -16.3188 49.4851 -3.7787 -5.4694 8.0336 -2.1980 5.7354 -0.0635 8.5143 -0.1004 -9.9042 -3.5594 2.0835 1.6682 -0.4882 -2.0613 -1.3368 -4.9903 -3.9009 -0.0379 11.7913 -0.0494 5.4578 -4.0741 -5.9913 -1.4116 0.4231 0.9898
-1.5715 100.0483 -0.3479 -0.7304 -2.3125 1.9066 1.9949 0.7951 -0.0591 -0.0798 -4.8610 0.0060 0.5409 12.3450 -2.0057 -2.0014 9.6176 3.5751 -0.5015 -3.5925 -0.1206 0.1823 -15.1913 -1.4420 0.0087 0.0746 -0.0179 0.6549 -10.4210 -3.8891 -0.6400 -10.4301 3.8641 -14.4792 14.7383 -8.6993 -58.8171 5.6753 -16.5527 -0.1454 0.1124 -43.0304 1.9211 -7.3480 2.9225 -15.1815 10.8099 15.6891 -60.1438 1.8050 2.1894 16.7355 13.5026 16.9676 53.0142 9.0940 21.5188 -0.3611 -0.0840 38.0360 3.7325 -9.8917 -3.6373 15.5219 7.3336 -16.2774 49.5212 -3.7360 -5.4266 8.0331 -2.0064 5.9003 -0.0667 8.0219 -0.0998 -9.7044 -3.3443 2.2049 1.6654 -0.4597 -2.0490 -1.3125 -4.5616 -3.7180 -0.0365 10.7552 -0.0681 5.5667 -3.5163 -6.0177 -1.4099 0.3317 0.9847
-1.3193 100.1333 -0.2041 -0.8923 -2.1253 1.7619 1.7413 0.6803 -0.0887 -0.1300 -4.8935 -0.0767 0.6152 12.1163 -2.0472 -1.3616 9.1243 3.3656 -0.4347 -3.5775 0.1668 0.1938 -14.9311 -1.1781 0.0097 0.0711 -0.0189 0.6582 -10.4176 -3.8905 -0.6406 -10.4234 3.8625 -14.1694 14.6733 -8.8798 -58.8172 6.0695 -16.6502 -0.0270 0.1645 -42.9178 1.5764 -7.8236 2.8182 -15.1704 10.7938 15.6660 -60.1464 1.7813 2.1863 17.3024 13.2019 16.7329 52.9488 8.9972 20.7931 -0.4324 -0.0190 38.7820 3.6026 -9.8956 -3.6236 15.5148 7.3542 -16.2753 49.5982 -3.7199 -5.3964 8.0262 -1.8733 6.0200 -0.0696 7.5877 -0.1014 -9.5397 -3.1633 2.3557 1.6639 -0.3863 -2.0259 -1.2885 -4.2103 -3.5809 -0.0359 9.8095 -0.0757 5.7004 -2.9533 -6.0107 -1.4081 0.2188 0.9821
-1.0470 100.2185 -0.0528 -1.0640 -1.9201 1.6250 1.4860 0.5836 -0.1239 -0.1750 -4.9200 -0.1502 0.7132 11.9144 -2.0867 -0.7964 8.6108 3.1777 -0.3753 -3.5701 0.4050 0.2166 -14.7297 -0.9397 0.0125 0.0650 -0.0182 0.6627 -10.4171 -3.8905 -0.6388 -10.4201 3.8626 -13.8913 14.5861 -9.0661 -58.6909 6.4335 -16.6972 0.0911 0.2093 -42.8002 1.2550 -8.2845 2.7406 -15.1718 10.7790 15.6367 -60.1615 1.7634 2.1769 17.9237 12.9027 16.4918 52.9252 8.7619 19.8145 -0.5191 0.0447 39.7777 3.3790 -10.1456 -3.5025 15.5122 7.3780 -16.2820 49.6678 -3.7061 -5.3660 8.0235 -1.8327 6.1035 -0.0745 7.2780 -0.1073 -9.4094 -3.0355 2.5117 1.6648 -0.3214 -1.9954 -1.2672 -3.9330 -3.4383 -0.0346 8.9343 -0.0775 5.8397 -2.4081 -5.9789 -1.4086 0.1084 0.9937
-0.7807 100.2803 0.0450 -1.2368 -1.7121 1.5013 1.2591 0.5138 -0.1584 -0.2184 -4.9296 -0.2104 0.8294 11.7558 -2.1148 -0.3465 8.0866 3.0279 -0.3296 -3.5726 0.5957 0.2256 -14.6254 -0.7716 0.0152 0.0585 -0.0151 0.6656 -10.4202 -3.8869 -0.6357 -10.4250 3.8643 -13.6525 14.4976 -9.2129 -58.4320 6.6630 -16.7570 0.1836 0.2170 -42.5779 1.0207 -8.6119 2.7401 -15.1673 10.7742 15.6085 -60.1715 1.7648 2.1992 18.5539 12.6528 16.2960 52.9182 8.3964 18.7508 -0.5775 0.0868 40.8566 3.1106 -10.4791 -3.2697 15.5029 7.3970 -16.3008 49.7387 -3.7006 -5.3533 8.0178 -1.9241 6.1822 -0.0785 7.1670 -0.1186 -9.3196 -3.0084 2.6444 1.6665 -0.2603 -1.9678 -1.2415 -3.7580 -3.3222 -0.0328 8.1965 -0.0831 5.9773 -1.9125 -5.9456 -1.4100 0.0380 1.0069
-0.4987 100.3121 0.1145 -1.4021 -1.5363 1.3503 1.0626 0.4706 -0.2008 -0.2539 -4.9270 -0.2456 0.9627 11.6596 -2.1338 -0.0171 7.5821 2.9143 -0.2962 -3.5750 0.7411 0.2267 -14.5819 -0.6212 0.0170 0.0525 -0.0148 0.6665 -10.4228 -3.8892 -0.6330 -10.4300 3.8649 -13.4426 14.4538 -9.3174 -58.0673 6.6879 -16.8216 0.2655 0.1993 -42.2306 0.9144 -8.8087 2.8433 -15.1567 10.7799 15.6041 -60.1821 1.7725 2.2198 19.1157 12.4313 16.1618 52.9199 8.0522 17.9359 -0.6186 0.1073 41.7686 2.9524 -10.6982 -3.0324 15.5168 7.4088 -16.3221 49.8025 -3.6957 -5.3269 7.9971 -2.0911 6.2880 -0.0750 7.2397 -0.1153 -9.2397 -3.1166 2.7354 1.6681 -0.2159 -1.9482 -1.2427 -3.6432 -3.2081 -0.0329 7.5960 -0.0797 6.1442 -1.4988 -5.9109 -1.4110 -0.0206 1.0185
-0.1972 100.3293 0.1512 -1.5571 -1.4130 1.1517 0.9193 0.4642 -0.1918 -0.2833 -4.9239 -0.2844 1.0965 11.6336 -2.1465 0.2085 7.1866 2.8489 -0.2879 -3.5836 0.8795 0.1844 -14.6210 -0.5089 0.0187 0.0455 -0.0184 0.6691 -10.4282 -3.8932 -0.6319 -10.4393 3.8607 -13.2756 14.4111 -9.3914 -57.6458 6.5927 -16.8306 0.3380 0.1713 -41.8468 0.9074 -8.9931 2.9826 -15.1655 10.7863 15.6266 -60.1857 1.7853 2.2560 19.5817 12.2364 16.1284 52.8521 7.8465 17.5551 -0.6178 0.1275 42.3297 2.9367 -10.8352 -2.8562 15.5277 7.4183 -16.3387 49.8363 -3.6880 -5.3003 7.9690 -2.2870 6.3989 -0.0722 7.4858 -0.1220 -9.1265 -3.3649 2.8545 1.6667 -0.1498 -1.9408 -1.2607 -3.5795 -3.0677 -0.0384 7.1693 -0.0819 6.3135 -1.1798 -5.8648 -1.4126 -0.0617 1.0325
0.1063 100.3232 0.1848 -1.6828 -1.3507 0.9366 0.8104 0.4866 -0.1741 -0.3000 -4.9196 -0.3063 1.2424 11.6668 -2.1279 0.3053 6.9343 2.8394 -0.3048 -3.6084 0.9562 0.1034 -14.7145 -0.4221 0.0193 0.0409 -0.0283 0.6745 -10.4367 -3.9036 -0.6360 -10.4529 3.8496 -13.1339 14.3286 -9.4258 -57.2246 6.3835 -16.7633 0.3299 0.1285 -41.4388 1.0257 -9.1730 3.1095 -15.1813 10.8033 15.6532 -60.1848 1.8037 2.2916 19.9338 12.0878 16.1676 52.7417 7.7276 17.5628 -0.6048 0.1533 42.4649 3.0101 -10.9339 -2.7490 15.5274 7.4134 -16.3445 49.8031 -3.6935 -5.2886 7.9004 -2.4730 6.4805 -0.0694 7.8433 -0.1324 -8.9773 -3.7031 3.0390 1.6643 -0.0712 -1.9335 -1.3220 -3.5618 -2.9757 -0.0405 6.9438 -0.0857 6.4817 -0.9778 -5.7412 -1.4147 -0.0803 1.0369
0.4149 100.2867 0.1849 -1.7583 -1.3640 0.6837 0.7314 0.5230 -0.1475 -0.3086 -4.9106 -0.3101 1.3910 11.7602 -2.0726 0.2688 6.8636 2.8721 -0.3353 -3.6296 0.9571 0.0003 -14.8472 -0.3944 0.0188 0.0431 -0.0394 0.6799 -10.4438 -3.9138 -0.6429 -10.4624 3.8374 -13.0416 14.1988 -9.4294 -56.8419 6.1286 -16.6544 0.2916 0.0863 -41.0601 1.1935 -9.5003 3.1851 -15.1960 10.8224 15.6485 -60.1814 1.8369 2.2973 20.1815 12.0130 16.2762 52.6001 7.5805 17.8426 -0.5573 0.1691 42.1210 3.0948 -10.9877 -2.6711 15.5034 7.4163 -16.3336 49.7489 -3.6918 -5.2712 7.7701 -2.5953 6.5270 -0.0657 8.2686 -0.1437 -8.8074 -4.1065 3.3365 1.6623 0.0131 -1.9371 -1.4494 -3.5921 -2.9295 -0.0433 6.9466 -0.0935 6.6171 -0.9180 -5.5179 -1.4190 -0.0582 1.0400
0.7315 100.2340 0.1990 -1.7588 -1.4425 0.4159 0.6780 0.5519 -0.1177 -0.3138 -4.9024 -0.2902 1.5054 11.9106 -2.0183 0.1121 6.9982 2.9371 -0.3716 -3.6490 0.8968 -0.1229 -14.9749 -0.4055 0.0193 0.0463 -0.0431 0.6822 -10.4470 -3.9154 -0.6447 -10.4678 3.8309 -13.0134 14.0847 -9.3599 -56.4992 5.8416 -16.5827 0.2377 0.0657 -40.7988 1.3652 -10.0087 3.2523 -15.2293 10.8428 15.6438 -60.2093 1.8643 2.3010 20.2941 12.0228 16.4553 52.4533 7.3781 18.3001 -0.4817 0.1742 41.3744 3.1005 -11.0148 -2.5936 15.4828 7.4093 -16.3127 49.6648 -3.6936 -5.2611 7.5645 -2.6458 6.5632 -0.0590 8.7141 -0.1488 -8.6114 -4.5034 3.6499 1.6622 0.0971 -1.9460 -1.6558 -3.6656 -2.8879 -0.0489 7.1685 -0.0899 6.7311 -1.0098 -5.2688 -1.4228 -0.0292 1.0441
1.0200 100.1857 0.2103 -1.6735 -1.5818 0.1568 0.6402 0.5891 -0.0747 -0.3201 -4.8879 -0.2634 1.5636 12.0752 -1.9605 -0.1024 7.2993 2.9991 -0.4227 -3.6517 0.7827 -0.2444 -15.0917 -0.4193 0.0196 0.0502 -0.0480 0.6815 -10.4464 -3.9172 -0.6437 -10.4672 3.8234 -13.0228 13.9929 -9.2570 -56.2317 5.5250 -16.5499 0.2058 0.0545 -40.6212 1.4917 -10.5310 3.2927 -15.2625 10.8580 15.6347 -60.2528 1.8787 2.2931 20.2375 12.1163 16.6487 52.3636 7.0955 18.8501 -0.3799 0.1371 40.3541 3.0231 -10.9635 -2.5461 15.4532 7.4038 -16.3018 49.6041 -3.6903 -5.2472 7.2711 -2.6342 6.6213 -0.0485 9.1730 -0.1472 -8.3921 -4.8659 3.9069 1.6599 0.1614 -1.9656 -1.9556 -3.7911 -2.8580 -0.0580 7.6243 -0.0768 6.8714 -1.2493 -5.0150 -1.4238 0.0038 1.0490
1.2990 100.1279 0.1756 -1.5194 -1.7684 -0.0555 0.6193 0.6429 -0.0425 -0.3236 -4.8695 -0.2317 1.5409 12.2349 -1.9145 -0.3353 7.7029 3.0751 -0.4820 -3.6558 0.6180 -0.3537 -15.1904 -0.4590 0.0207 0.0536 -0.0490 0.6797 -10.4483 -3.9166 -0.6402 -10.4703 3.8205 -13.0631 13.9545 -9.1678 -56.0369 5.1643 -16.5029 0.1652 0.0427 -40.5376 1.5829 -10.9143 3.3198 -15.2760 10.8860 15.6570 -60.2831 1.8850 2.2701 20.0111 12.2352 16.8207 52.3832 6.7725 19.3645 -0.2293 0.0804 39.3265 2.9002 -10.8821 -2.5282 15.4596 7.3942 -16.3046 49.5830 -3.6867 -5.2442 6.9246 -2.5675 6.7133 -0.0384 9.6069 -0.1345 -8.1927 -5.1679 4.0722 1.6584 0.2076 -1.9854 -2.3243 -3.9509 -2.8606 -0.0628 8.2486 -0.0655 7.0787 -1.5782 -4.7535 -1.4233 0.0102 1.0488
1.5462 100.0577 0.1540 -1.3226 -1.9840 -0.2512 0.6134 0.7072 -0.0246 -0.3192 -4.8462 -0.1939 1.4590 12.3758 -1.9027 -0.5934 8.1596 3.1598 -0.5294 -3.6536 0.4537 -0.4547 -15.2693 -0.4967 0.0220 0.0566 -0.0483 0.6777 -10.4404 -3.9135 -0.6358 -10.4625 3.8180 -13.1608 13.9791 -9.0775 -55.9121 4.8311 -16.5417 0.1473 0.0552 -40.5093 1.6520 -11.1372 3.3420 -15.2960 10.8889 15.6742 -60.3139 1.8798 2.2758 19.6722 12.4025 16.9708 52.4757 6.4474 19.8280 -0.0986 0.0397 38.4579 2.7782 -10.8855 -2.5186 15.4629 7.3738 -16.2941 49.5453 -3.6811 -5.2458 6.5582 -2.4503 6.7995 -0.0328 9.9970 -0.1270 -8.0214 -5.4342 4.1962 1.6586 0.2376 -2.0028 -2.7258 -4.1380 -2.8987 -0.0608 8.9908 -0.0508 7.2925 -1.9804 -4.4781 -1.4218 0.0070 1.0454
1.7445 99.9922 0.1481 -1.1257 -2.1970 -0.4191 0.6185 0.7595 -0.0029 -0.3057 -4.8353 -0.1581 1.3505 12.5160 -1.9042 -0.8508 8.6083 3.2377 -0.5738 -3.6474 0.3212 -0.5200 -15.2944 -0.5710 0.0234 0.0591 -0.0434 0.6771 -10.4367 -3.9079 -0.6328 -10.4595 3.8225 -13.3270 14.0360 -9.0257 -55.8166 4.5780 -16.6527 0.1613 0.0802 -40.5452 1.6874 -11.2212 3.3715 -15.3229 10.8713 15.6680 -60.3562 1.8823 2.2826 19.2989 12.5925 17.0622 52.6075 6.1807 20.2153 -0.0076 0.0014 37.8833 2.6600 -10.9877 -2.5126 15.4652 7.3544 -16.2971 49.5206 -3.6973 -5.2542 6.2258 -2.3273 6.8648 -0.0332 10.3590 -0.1201 -7.8835 -5.6719 4.3029 1.6599 0.2587 -2.0206 -3.0911 -4.3267 -2.9007 -0.0591 9.7462 -0.0432 7.4532 -2.3715 -4.2637 -1.4203 0.0108 1.0390
1.8986 99.9248 0.1375 -0.9469 -2.3911 -0.5364 0.6278 0.7940 0.0142 -0.2898 -4.8238 -0.1036 1.2466 12.6316 -1.9428 -1.1204 9.0133 3.3174 -0.6026 -3.6361 0.2134 -0.5807 -15.2948 -0.6273 0.0256 0.0611 -0.0334 0.6775 -10.4276 -3.8974 -0.6293 -10.4495 3.8310 -13.5533 14.0684 -8.9902 -55.7649 4.4238 -16.7732 0.1900 0.1340 -40.6388 1.7026 -11.2710 3.3684 -15.3422 10.8462 15.6765 -60.3598 1.8724 2.3029 18.9510 12.7806 17.0995 52.7295 5.9941 20.5411 0.0427 -0.0194 37.5123 2.5963 -11.0998 -2.5029 15.4832 7.3269 -16.3072 49.5087 -3.7243 -5.2688 5.9502 -2.2136 6.9361 -0.0333 10.6742 -0.1122 -7.7830 -5.8766 4.3540 1.6621 0.2757 -2.0351 -3.4094 -4.4953 -2.8868 -0.0606 10.4469 -0.0350 7.5741 -2.7232 -4.1070 -1.4199 0.0379 1.0364
2.0020 99.8579 0.1392 -0.7783 -2.5619 -0.6620 0.6397 0.8116 0.0420 -0.2737 -4.8197 -0.0727 1.1480 12.7320 -1.9696 -1.3537 9.3683 3.4023 -0.6363 -3.6336 0.1288 -0.6528 -15.2603 -0.6499 0.0264 0.0649 -0.0278 0.6756 -10.4346 -3.8924 -0.6260 -10.4539 3.8366 -13.7970 14.0945 -8.9743 -55.7808 4.3188 -16.8528 0.1784 0.1713 -40.7885 1.7269 -11.2366 3.3676 -15.3445 10.8173 15.6907 -60.3292 1.8550 2.3363 18.6316 12.9486 17.1130 52.8355 5.9042 20.8514 0.0560 -0.0485 37.2756 2.5574 -11.1310 -2.4853 15.4990 7.2984 -16.3339 49.4999 -3.7660 -5.2978 5.7184 -2.1079 7.0596 -0.0351 10.9400 -0.0936 -7.6828 -6.0673 4.3502 1.6613 0.3030 -2.0389 -3.6903 -4.6710 -2.8600 -0.0672 11.1198 -0.0394 7.6865 -3.0638 -3.9453 -1.4195 0.0898 1.0370
2.0692 99.8093 0.1588 -0.6182 -2.7021 -0.7682 0.6433 0.8074 0.0584 -0.2562 -4.8183 -0.0552 1.0510 12.8008 -1.9715 -1.5693 9.6439 3.4629 -0.6526 -3.6392 0.0805 -0.6992 -15.1681 -0.6218 0.0264 0.0694 -0.0243 0.6750 -10.4353 -3.8882 -0.6256 -10.4511 3.8396 -14.0491 14.1424 -8.9761 -55.8483 4.2434 -16.8830 0.1340 0.2122 -40.9307 1.7619 -11.1222 3.3135 -15.3465 10.7781 15.6861 -60.2845 1.8309 2.3470 18.3649 13.0961 17.1111 52.9554 5.8956 21.1601 0.0395 -0.0727 37.0934 2.5158 -11.0816 -2.4555 15.4987 7.2788 -16.3378 49.4517 -3.7777 -5.3129 5.5261 -1.9920 7.2055 -0.0358 11.1117 -0.0741 -7.6256 -6.2084 4.3234 1.6617 0.3086 -2.0438 -3.9308 -4.8169 -2.8441 -0.0691 11.6800 -0.0445 7.7666 -3.3314 -3.7933 -1.4201 0.1335 1.0381
2.0977 99.7851 0.1782 -0.4797 -2.8023 -0.8274 0.6490 0.7850 0.0558 -0.2425 -4.8178 -0.0362 0.9587 12.8342 -1.9728 -1.7636 9.8574 3.4980 -0.6385 -3.6446 0.0797 -0.7221 -15.0359 -0.6024 0.0252 0.0751 -0.0229 0.6741 -10.4408 -3.8848 -0.6274 -10.4517 3.8393 -14.2543 14.1428 -8.9857 -55.9735 4.3130 -16.9290 0.1088 0.2285 -41.1093 1.7774 -10.9104 3.2792 -15.3376 10.7704 15.6956 -60.2541 1.8072 2.3462 18.1115 13.2022 17.0854 53.1136 5.9782 21.5066 0.0020 -0.1037 36.9989 2.4820 -11.0334 -2.4524 15.4971 7.2692 -16.3394 49.4187 -3.7815 -5.3247 5.3836 -1.8659 7.3251 -0.0371 11.1484 -0.0562 -7.5982 -6.2460 4.2732 1.6589 0.3187 -2.0443 -4.1098 -4.9248 -2.8594 -0.0682 12.0943 -0.0330 7.8121 -3.5314 -3.7141 -1.4185 0.1605 1.0355
2.0707 99.7808 0.1930 -0.3671 -2.8583 -0.8709 0.6629 0.7390 0.0558 -0.2319 -4.8292 -0.0162 0.8702 12.8318 -1.9949 -1.9406 10.0035 3.5213 -0.6156 -3.6407 0.0821 -0.7377 -14.8469 -0.5727 0.0250 0.0768 -0.0202 0.6731 -10.4382 -3.8790 -0.6269 -10.4460 3.8383 -14.4274 14.1336 -9.0026 -56.1520 4.4566 -16.9908 0.0824 0.2346 -41.2290 1.7566 -10.6320 3.2725 -15.3129 10.7696 15.6981 -60.2294 1.7963 2.3473 17.9150 13.3034 17.0715 53.2695 6.0965 21.8294 -0.0323 -0.1184 36.9454 2.4463 -11.0002 -2.4662 15.4991 7.2729 -16.3474 49.4057 -3.7682 -5.3506 5.2935 -1.7344 7.4291 -0.0390 11.0556 -0.0452 -7.5947 -6.1985 4.1859 1.6571 0.3002 -2.0372 -4.2347 -4.9689 -2.8765 -0.0596 12.3042 -0.0183 7.8447 -3.6486 -3.6692 -1.4173 0.1627 1.0292
2.0240 99.7991 0.2397 -0.2780 -2.8616 -0.8630 0.6878 0.6785 0.0469 -0.2287 -4.8514 -0.0009 0.7883 12.7589 -2.0150 -2.1050 10.1012 3.5616 -0.5698 -3.6340 0.0955 -0.7418 -14.5814 -0.5562 0.0246 0.0765 -0.0163 0.6722 -10.4371 -3.8744 -0.6267 -10.4435 3.8415 -14.5764 14.1073 -9.0241 -56.3463 4.7126 -17.0522 0.0533 0.2075 -41.3216 1.6990 -10.3181 3.2774 -15.2678 10.7887 15.7113 -60.1928 1.8012 2.3441 17.7207 13.3744 17.0599 53.4916 6.2905 22.1260 -0.0480 -0.1268 36.9836 2.4234 -10.9726 -2.4989 15.5065 7.2780 -16.3597 49.4257 -3.7627 -5.3666 5.2470 -1.6012 7.5480 -0.0381 10.8105 -0.0450 -7.6202 -6.0432 4.0400 1.6540 0.2442 -2.0264 -4.2981 -4.9536 -2.9032 -0.0526 12.3007 -0.0107 7.8292 -3.6903 -3.6737 -1.4154 0.1627 1.0238
1.9359 99.8484 0.2944 -0.2090 -2.8036 -0.8185 0.7194 0.6034 0.0170 -0.2262 -4.8801 0.0067 0.7065 12.6098 -2.0303 -2.2231 10.1186 3.5974 -0.5511 -3.6232 0.1186 -0.7073 -14.2301 -0.5551 0.0241 0.0719 -0.0169 0.6743 -10.4402 -3.8754 -0.6294 -10.4455 3.8413 -14.6703 14.0747 -9.0594 -56.5835 5.0484 -17.1111 0.0525 0.1812 -41.3844 1.6169 -10.0046 3.2842 -15.2411 10.7972 15.6926 -60.1488 1.8000 2.3226 17.4901 13.4037 17.0365 53.8196 6.6157 22.4648 -0.0979 -0.1084 37.1448 2.4501 -10.8094 -2.5936 15.5239 7.2972 -16.3576 49.4842 -3.7341 -5.3697 5.2464 -1.4615 7.6271 -0.0408 10.4063 -0.0501 -7.6797 -5.7737 3.8600 1.6531 0.1976 -2.0116 -4.3154 -4.8790 -2.9328 -0.0466 12.0786 -0.0129 7.7923 -3.6333 -3.7399 -1.4143 0.1606 1.0240
1.7918 99.9230 0.3302 -0.1599 -2.6851 -0.7145 0.7629 0.5146 -0.0268 -0.2237 -4.9016 0.0256 0.6293 12.3670 -2.0564 -2.2977 10.0479 3.6344 -0.5466 -3.6189 0.1061 -0.6664 -13.7679 -0.5419 0.0236 0.0643 -0.0252 0.6781 -10.4399 -3.8854 -0.6340 -10.4452 3.8334 -14.6953 14.0520 -9.1207 -56.8682 5.4722 -17.1504 0.0924 0.1728 -41.4706 1.5264 -9.7469 3.2627 -15.2111 10.8034 15.6745 -60.0750 1.7972 2.3098 17.2041 13.4049 16.9936 54.2553 7.0826 22.8578 -0.2143 -0.0570 37.4740 2.6102 -10.4723 -2.7478 15.5126 7.3104 -16.3539 49.5389 -3.7272 -5.3793 5.2799 -1.2848 7.6285 -0.0440 9.7846 -0.0507 -7.7834 -5.3399 3.6893 1.6540 0.1266 -1.9916 -4.2783 -4.7260 -2.9248 -0.0419 11.6036 -0.0140 7.7527 -3.4537 -3.9202 -1.4138 0.1250 1.0232
1.6343 100.0209 0.3849 -0.1457 -2.5380 -0.5822 0.8167 0.4303 -0.0514 -0.2169 -4.9270 0.0240 0.5695 12.0962 -2.0729 -2.3409 9.9176 3.6580 -0.5522 -3.6192 0.0589 -0.6459 -13.2519 -0.5409 0.0232 0.0571 -0.0385 0.6814 -10.4402 -3.9001 -0.6379 -10.4464 3.8208 -14.6042 14.0766 -9.1984 -57.1846 5.9327 -17.2075 0.1942 0.1740 -41.6762 1.4415 -9.5054 3.2558 -15.2119 10.8049 15.6541 -60.0676 1.7996 2.3008 16.8980 13.3476 16.9094 54.7089 7.6341 23.1858 -0.3332 0.0062 38.0132 2.8836 -10.0814 -2.9478 15.5314 7.3307 -16.3797 49.6164 -3.7258 -5.4062 5.3570 -1.1016 7.5281 -0.0534 9.0889 -0.0548 -7.9233 -4.8417 3.5992 1.6570 0.0437 -1.9763 -4.1786 -4.5166 -2.8954 -0.0421 10.9832 -0.0364 7.6976 -3.1760 -4.1476 -1.4142 0.0742 1.0220
1.4422 100.1140 0.4152 -0.1666 -2.4059 -0.4277 0.8850 0.3648 -0.0815 -0.2096 -4.9396 0.0224 0.5418 11.8289 -2.0705 -2.3986 9.7581 3.6711 -0.5628 -3.6245 0.0154 -0.6509 -12.7370 -0.5557 0.0231 0.0508 -0.0474 0.6836 -10.4412 -3.9110 -0.6398 -10.4479 3.8122 -14.4510 14.1152 -9.2338 -57.4614 6.4119 -17.3122 0.3111 0.2015 -42.0141 1.3449 -9.2909 3.2939 -15.2450 10.8057 15.6495 -60.1331 1.8052 2.3058 16.6131 13.2662 16.8025 55.0681 8.1427 23.3233 -0.4084 0.0688 38.7022 3.2033 -9.7346 -3.0934 15.5620 7.3395 -16.4206 49.6630 -3.7391 -5.4283 5.4813 -0.9317 7.3567 -0.0627 8.4248 -0.0572 -8.0868 -4.3733 3.5896 1.6624 -0.0373 -1.9712 -4.0160 -4.2487 -2.8936 -0.0465 10.3008 -0.0557 7.6174 -2.8748 -4.3875 -1.4133 0.0050 1.0135
1.2438 100.1810 0.4237 -0.2189 -2.3189 -0.2598 0.9654 0.3520 -0.1099 -0.1969 -4.9407 0.0130 0.5576 11.5834 -2.0310 -2.4688 9.6137 3.6707 -0.5636 -3.6331 -0.0244 -0.6809 -12.2950 -0.5896 0.0224 0.0454 -0.0496 0.6841 -10.4476 -3.9143 -0.6417 -10.4573 3.8113 -14.2649 14.1300 -9.2388 -57.6390 6.8442 -17.3824 0.3970 0.2196 -42.4746 1.2151 -9.1874 3.3412 -15.2973 10.7870 15.6512 -60.1956 1.7912 2.3168 16.4048 13.2179 16.7148 55.2527 8.4992 23.2257 -0.4833 0.1302 39.4077 3.3909 -9.6431 -3.0777 15.5738 7.3449 -16.4375 49.6930 -3.7497 -5.4423 5.6425 -0.8341 7.1653 -0.0710 7.9862 -0.0683 -8.2324 -4.0525 3.6102 1.6678 -0.0853 -1.9641 -3.8177 -4.0101 -2.9482 -0.0495 9.7404 -0.0767 7.5145 -2.6261 -4.5639 -1.4125 -0.0312 0.9990
1.0521 100.2203 0.4010 -0.2939 -2.2778 -0.0899 1.0581 0.3720 -0.1243 -0.1747 -4.9402 -0.0172 0.6121 11.3995 -1.9488 -2.5497 9.5279 3.6419 -0.5610 -3.6344 -0.0489 -0.7311 -11.9861 -0.6372 0.0217 0.0470 -0.0465 0.6836 -10.4588 -3.9134 -0.6426 -10.4702 3.8172 -14.1334 14.1294 -9.2444 -57.6523 7.1504 -17.3814 0.4161 0.2475 -42.9557 1.1637 -9.2137 3.3179 -15.2959 10.7773 15.6572 -60.2367 1.7738 2.3362 16.2727 13.1500 16.6394 55.2587 8.6786 22.9199 -0.5166 0.1532 39.9993 3.3394 -9.8497 -2.9350 15.5600 7.3414 -16.4410 49.7091 -3.7687 -5.4346 5.8368 -0.8205 6.9868 -0.0730 7.7883 -0.0697 -8.3627 -3.9090 3.6433 1.6703 -0.0804 -1.9674 -3.6036 -3.8332 -3.0130 -0.0509 9.3812 -0.0855 7.4194 -2.4755 -4.6890 -1.4136 -0.0296 0.9905
0.8492 100.2445 0.3910 -0.3680 -2.2524 0.0704 1.1559 0.4025 -0.1262 -0.1498 -4.9294 -0.0189 0.6836 11.2593 -1.8971 -2.6333 9.4944 3.6306 -0.5590 -3.6297 -0.0837 -0.7772 -11.8102 -0.7282 0.0215 0.0515 -0.0371 0.6784 -10.4640 -3.9061 -0.6379 -10.4774 3.8291 -14.0743 14.1436 -9.2396 -57.5336 7.2912 -17.3358 0.3898 0.2614 -43.3397 1.2177 -9.3125 3.2504 -15.2553 10.7740 15.6753 -60.2035 1.7544 2.3506 16.2221 13.0819 16.6017 55.0753 8.6606 22.5274 -0.5244 0.1545 40.3500 3.1567 -10.0929 -2.7434 15.5474 7.3228 -16.4273 49.7125 -3.7651 -5.4393 6.0166 -0.8692 6.8201 -0.0693 7.7295 -0.0678 -8.4558 -3.8149 3.6615 1.6723 -0.0859 -1.9713 -3.3964 -3.7170 -3.0576 -0.0500 9.1461 -0.0793 7.3248 -2.3796 -4.8040 -1.4151 0.0117 0.9900
0.6904 100.2553 0.3596 -0.4254 -2.2326 0.1977 1.2488 0.4297 -0.1233 -0.1245 -4.9290 -0.0192 0.7572 11.1855 -1.8472 -2.6872 9.4831 3.6244 -0.5659 -3.6224 -0.1063 -0.8191 -11.7079 -0.8521 0.0206 0.0553 -0.0325 0.6767 -10.4725 -3.9020 -0.6380 -10.4873 3.8347 -14.0706 14.1736 -9.2419 -57.3321 7.3145 -17.3407 0.3773 0.2401 -43.5569 1.3561 -9.3823 3.1799 -15.2004 10.7866 15.6874 -60.1866 1.7400 2.3644 16.2275 12.9580 16.5883 54.7514 8.5166 22.0933 -0.4834 0.1386 40.4119 2.9489 -10.2845 -2.5281 15.5376 7.3228 -16.4364 49.7191 -3.7466 -5.4516 6.1633 -0.9755 6.6719 -0.0630 7.7884 -0.0588 -8.5157 -3.7899 3.6892 1.6703 -0.0578 -1.9811 -3.2268 -3.6623 -3.1153 -0.0432 9.0133 -0.0733 7.2418 -2.3557 -4.8865 -1.4138 0.0720 0.9907
0.5440 100.2413 0.3305 -0.4703 -2.2225 0.3045 1.3410 0.4597 -0.1340 -0.1031 -4.9232 0.0052 0.8324 11.1627 -1.8213 -2.7100 9.4667 3.6197 -0.5797 -3.6197 -0.1440 -0.8512 -11.6246 -0.9474 0.0204 0.0530 -0.0284 0.6770 -10.4826 -3.8961 -0.6387 -10.4987 3.8367 -14.0806 14.1872 -9.2281 -57.1300 7.2391 -17.3664 0.3726 0.1927 -43.6171 1.5123 -9.4591 3.1278 -15.1970 10.7718 15.6779 -60.2057 1.7201 2.3896 16.2833 12.8279 16.6241 54.2999 8.3055 21.6835 -0.4273 0.1183 40.2795 2.8141 -10.4493 -2.3634 15.5465 7.3164 -16.4262 49.7258 -3.7142 -5.4521 6.2898 -1.1084 6.5628 -0.0597 7.9284 -0.0639 -8.5710 -3.8243 3.6933 1.6698 -0.0457 -1.9845 -3.0920 -3.6570 -3.1734 -0.0332 8.9775 -0.0644 7.2049 -2.3808 -4.9518 -1.4120 0.1188 0.9958
0.4295 100.2153 0.3015 -0.5012 -2.2152 0.4098 1.4237 0.4929 -0.1342 -0.0849 -4.9090 0.0127 0.9131 11.1551 -1.8014 -2.6980 9.4416 3.5981 -0.5801 -3.6153 -0.1931 -0.8850 -11.5511 -0.9673 0.0201 0.0490 -0.0297 0.6796 -10.4908 -3.8973 -0.6418 -10.5058 3.8352 -14.1065 14.1727 -9.2094 -56.9767 7.0761 -17.3772 0.3516 0.1507 -43.4981 1.6570 -9.5669 3.0951 -15.2061 10.7614 15.6792 -60.2087 1.7031 2.4020 16.3835 12.7072 16.7118 53.7940 8.0641 21.3470 -0.3859 0.0891 39.9389 2.7561 -10.6270 -2.2529 15.5419 7.3112 -16.4123 49.7064 -3.6916 -5.4629 6.3921 -1.2480 6.4889 -0.0572 8.0918 -0.0715 -8.6143 -3.8892 3.6935 1.6705 -0.0321 -1.9813 -2.9916 -3.6764 -3.2425 -0.0242 8.9881 -0.0544 7.1947 -2.4256 -5.0093 -1.4123 0.1389 1.0024
0.3433 100.1971 0.2424 -0.5282 -2.2094 0.4955 1.5116 0.5284 -0.1270 -0.0705 -4.8933 0.0034 0.9917 11.1791 -1.7949 -2.6419 9.3979 3.5767 -0.5675 -3.6089 -0.2350 -0.9428 -11.5246 -0.9720 0.0194 0.0475 -0.0269 0.6813 -10.4957 -3.8937 -0.6451 -10.5094 3.8372 -14.1483 14.1391 -9.1806 -56.8539 6.8279 -17.3549 0.3003 0.1088 -43.2674 1.7654 -9.6786 3.0775 -15.1997 10.7604 15.6698 -60.1975 1.7061 2.4126 16.5174 12.6204 16.8534 53.2234 7.7866 21.0775 -0.3722 0.0686 39.4695 2.7037 -10.8033 -2.1660 15.5331 7.3093 -16.3848 49.7029 -3.6893 -5.4483 6.4705 -1.4105 6.4521 -0.0569 8.2933 -0.0782 -8.6375 -3.9823 3.6730 1.6719 -0.0108 -1.9721 -2.9046 -3.7160 -3.3360 -0.0249 9.0337 -0.0477 7.1803 -2.4995 -5.0544 -1.4128 0.1739 1.0068
0.2832 100.1751 0.1886 -0.5617 -2.2074 0.5999 1.5958 0.5628 -0.1042 -0.0537 -4.8856 0.0050 1.0778 11.2365 -1.8201 -2.5552 9.3549 3.5224 -0.5560 -3.5978 -0.2647 -0.9967 -11.5870 -0.9883 0.0192 0.0503 -0.0329 0.6865 -10.4904 -3.8997 -0.6506 -10.5037 3.8316 -14.2035 14.0962 -9.1485 -56.7533 6.5395 -17.3344 0.2222 0.0831 -43.0053 1.8544 -9.6421 3.0930 -15.1942 10.7662 15.6578 -60.1957 1.7242 2.4097 16.7029 12.5347 17.0085 52.6197 7.5741 20.8917 -0.3915 0.0573 38.9396 2.6403 -11.0555 -2.0968 15.5123 7.3081 -16.3700 49.6934 -3.6911 -5.4395 6.5388 -1.5787 6.3669 -0.0545 8.5169 -0.0812 -8.6422 -4.0839 3.6516 1.6755 -0.0082 -1.9686 -2.8262 -3.7492 -3.4316 -0.0249 9.0830 -0.0403 7.1476 -2.5684 -5.1013 -1.4162 0.1962 1.0080
0.2269 100.1631 0.1533 -0.5955 -2.2163 0.7064 1.6682 0.5917 -0.0899 -0.0437 -4.8840 0.0050 1.1679 11.3267 -1.8412 -2.4487 9.3329 3.4925 -0.5666 -3.5913 -0.3326 -1.0098 -11.7298 -1.0451 0.0181 0.0543 -0.0411 0.6878 -10.4861 -3.9087 -0.6541 -10.4975 3.8248 -14.2736 14.0687 -9.1250 -56.6561 6.2457 -17.3860 0.1560 0.0734 -42.7271 1.9302 -9.5145 3.1323 -15.1991 10.7765 15.6507 -60.2050 1.7400 2.4083 16.9244 12.4665 17.1794 52.0246 7.3567 20.7711 -0.4022 0.0561 38.3433 2.5802 -11.2898 -2.0395 15.4859 7.3004 -16.3662 49.6755 -3.7027 -5.4418 6.5851 -1.7220 6.2692 -0.0505 8.7296 -0.0847 -8.5949 -4.1968 3.6616 1.6772 -0.0109 -1.9778 -2.7639 -3.7892 -3.5004 -0.0340 9.1732 -0.0497 7.1052 -2.6241 -5.1315 -1.4185 0.1968 1.0062
0.2098 100.1446 0.1261 -0.6139 -2.2400 0.7968 1.7134 0.6064 -0.0786 -0.0375 -4.8759 0.0092 1.2548 11.4533 -1.8689 -2.3202 9.3115 3.4777 -0.6063 -3.5899 -0.4026 -0.9788 -11.9030 -1.1598 0.0167 0.0587 -0.0428 0.6887 -10.4776 -3.9098 -0.6578 -10.4874 3.8225 -14.3432 14.0419 -9.0784 -56.5635 5.9731 -17.5205 0.0782 0.0774 -42.4727 1.9688 -9.3536 3.1783 -15.2257 10.7749 15.6552 -60.2283 1.7586 2.4301 17.1425 12.4264 17.3281 51.4775 7.0978 20.6393 -0.3639 0.0545 37.8058 2.5199 -11.4121 -1.9890 15.4681 7.2855 -16.3655 49.6332 -3.7148 -5.4389 6.6079 -1.8268 6.1926 -0.0479 8.9148 -0.0873 -8.5118 -4.3111 3.6638 1.6775 -0.0183 -1.9905 -2.7323 -3.8264 -3.5617 -0.0424 9.2996 -0.0518 7.0683 -2.7080 -5.1894 -1.4206 0.1999 1.0111
0.2166 100.1188 0.0995 -0.6051 -2.2695 0.8531 1.7261 0.6061 -0.0515 -0.0366 -4.8697 -0.0115 1.3222 11.5933 -1.8731 -2.1944 9.3070 3.4597 -0.6474 -3.5917 -0.4507 -0.9355 -12.0697 -1.3032 0.0141 0.0659 -0.0374 0.6857 -10.4677 -3.9027 -0.6600 -10.4764 3.8277 -14.4119 13.9987 -9.0403 -56.4998 5.7818 -17.7287 0.0428 0.0739 -42.2556 1.9543 -9.2609 3.2299 -15.2811 10.7876 15.6568 -60.3076 1.7892 2.4218 17.3366 12.3864 17.4625 51.0530 6.7730 20.4288 -0.2661 0.0241 37.3598 2.4728 -11.3935 -1.9541 15.4522 7.2730 -16.3454 49.5603 -3.7197 -5.4349 6.5827 -1.8918 6.1520 -0.0474 9.0679 -0.0814 -8.4102 -4.4411 3.6479 1.6762 -0.0111 -2.0070 -2.7454 -3.8945 -3.6273 -0.0469 9.4981 -0.0553 7.0290 -2.8396 -5.1766 -1.4217 0.2096 1.0169
0.2435 100.0909 0.0982 -0.5744 -2.3023 0.8750 1.7193 0.6010 -0.0299 -0.0356 -4.8644 -0.0436 1.3574 11.7115 -1.8533 -2.1121 9.3117 3.4174 -0.6741 -3.5852 -0.4480 -0.8891 -12.2044 -1.4173 0.0127 0.0709 -0.0236 0.6836 -10.4590 -3.8886 -0.6608 -10.4679 3.8428 -14.4956 13.9259 -9.0081 -56.4965 5.6982 -17.9575 0.0487 0.1051 -42.0871 1.9270 -9.2818 3.2497 -15.3329 10.8074 15.6539 -60.3911 1.8006 2.4031 17.4766 12.3306 17.5501 50.8217 6.4963 20.2027 -0.1596 -0.0121 37.0692 2.4204 -11.3420 -1.9162 15.4375 7.2585 -16.3242 49.4672 -3.7309 -5.4121 6.5409 -1.9168 6.2107 -0.0494 9.1569 -0.0792 -8.3200 -4.5461 3.5668 1.6749 -0.0121 -2.0242 -2.7993 -3.9638 -3.6768 -0.0498 9.7008 -0.0535 7.0062 -2.9852 -5.1164 -1.4230 0.2105 1.0227
0.3072 100.0716 0.1076 -0.5322 -2.3301 0.8980 1.6901 0.5928 -0.0259 -0.0360 -4.8560 -0.0605 1.3599 11.7866 -1.8314 -2.0627 9.3128 3.3788 -0.6660 -3.5821 -0.4582 -0.8519 -12.2933 -1.4362 0.0117 0.0717 -0.0120 0.6800 -10.4572 -3.8762 -0.6592 -10.4659 3.8550 -14.5856 13.8209 -8.9687 -56.5153 5.7258 -18.1431 0.0921 0.1253 -42.0110 1.8762 -9.3834 3.2493 -15.3404 10.8039 15.6314 -60.4008 1.7862 2.3751 17.5489 12.2978 17.5854 50.7881 6.3597 20.0920 -0.1228 -0.0345 36.9633 2.3859 -11.3283 -1.8975 15.4364 7.2418 -16.2929 49.4205 -3.7281 -5.4077 6.4776 -1.9086 6.3594 -0.0499 9.1663 -0.0772 -8.2217 -4.5958 3.4296 1.6712 -0.0069 -2.0272 -2.8754 -4.0053 -3.7434 -0.0485 9.8293 -0.0528 6.9804 -3.0836 -5.0335 -1.4228 0.1967 1.0247
0.3707 100.0710 0.1065 -0.4930 -2.3469 0.9119 1.6479 0.5739 -0.0439 -0.0413 -4.8600 -0.0378 1.3255 11.8331 -1.8474 -2.0412 9.3191 3.3401 -0.6469 -3.5803 -0.4778 -0.8171 -12.3255 -1.3818 0.0115 0.0668 -0.0067 0.6772 -10.4634 -3.8714 -0.6569 -10.4714 3.8609 -14.6933 13.7722 -8.8997 -56.5139 5.7666 -18.2881 0.1194 0.1418 -41.9881 1.8708 -9.3782 3.1997 -15.3315 10.8129 15.6445 -60.3950 1.7639 2.3385 17.5754 12.3030 17.5532 50.9100 6.4029 20.1501 -0.1505 -0.0332 37.0632 2.3482 -11.4286 -1.9085 15.4066 7.2498 -16.2921 49.4198 -3.7213 -5.3916 6.4112 -1.8364 6.5096 -0.0501 9.0427 -0.0605 -8.1053 -4.5630 3.2918 1.6670 -0.0299 -2.0182 -2.9640 -3.9824 -3.8173 -0.0403 9.8110 -0.0406 6.9889 -3.0928 -4.9372 -1.4211 0.1806 1.0314
0.4264 100.0835 0.1461 -0.4630 -2.3369 0.9097 1.5996 0.5414 -0.0658 -0.0466 -4.8712 -0.0172 1.2449 11.8378 -1.8894 -2.0171 9.2920 3.3309 -0.6341 -3.5831 -0.4812 -0.7849 -12.2937 -1.2847 0.0125 0.0578 -0.0103 0.6777 -10.4659 -3.8744 -0.6552 -10.4743 3.8564 -14.8123 13.7764 -8.8158 -56.5072 5.8395 -18.3211 0.1434 0.1498 -42.0576 1.8780 -9.2614 3.1025 -15.3113 10.7927 15.6451 -60.3457 1.7323 2.2962 17.5769 12.3505 17.4864 51.1551 6.5756 20.3284 -0.2070 -0.0027 37.3540 2.3146 -11.4516 -1.9643 15.3932 7.2687 -16.2966 49.4565 -3.7012 -5.3771 6.3449 -1.7148 6.6215 -0.0514 8.7887 -0.0479 -8.0098 -4.4440 3.2110 1.6639 -0.0617 -2.0001 -3.0410 -3.8944 -3.8228 -0.0387 9.6222 -0.0480 7.0539 -2.9824 -4.9134 -1.4190 0.1333 1.0363
0.4975 100.1328 0.1836 -0.4504 -2.2913 0.8878 1.5520 0.4937 -0.0812 -0.0484 -4.8881 -0.0048 1.1375 11.7826 -1.9139 -1.9877 9.2492 3.3344 -0.6317 -3.5877 -0.4711 -0.7192 -12.2311 -1.2222 0.0141 0.0512 -0.0189 0.6809 -10.4661 -3.8828 -0.6549 -10.4745 3.8467 -14.9348 13.8225 -8.7702 -56.4827 5.9587 -18.2145 0.1839 0.1434 -42.2443 1.8202 -9.1023 2.9716 -15.3057 10.7569 15.6424 -60.3058 1.7026 2.2714 17.5520 12.3992 17.3602 51.5011 6.8578 20.5307 -0.2641 0.0352 37.8048 2.3000 -11.3775 -2.0592 15.3862 7.2946 -16.3028 49.5134 -3.6724 -5.3776 6.2957 -1.5736 6.6917 -0.0537 8.4390 -0.0476 -7.9560 -4.2474 3.2236 1.6614 -0.0887 -1.9804 -3.0938 -3.7631 -3.7318 -0.0371 9.2815 -0.0649 7.1279 -2.7848 -4.9620 -1.4182 0.0645 1.0313
0.5434 100.1866 0.2249 -0.4653 -2.2387 0.8644 1.4954 0.4422 -0.0837 -0.0508 -4.9104 -0.0196 1.0381 11.7066 -1.9182 -1.9507 9.2298 3.3460 -0.6482 -3.6011 -0.4665 -0.6386 -12.1755 -1.2263 0.0168 0.0468 -0.0227 0.6844 -10.4648 -3.8854 -0.6526 -10.4743 3.8405 -15.0306 13.8983 -8.7543 -56.4197 6.0889 -17.9896 0.2345 0.1421 -42.5054 1.6721 -9.0067 2.8970 -15.3143 10.7089 15.6212 -60.2956 1.6827 2.2739 17.5613 12.4598 17.1946 51.8666 7.1506 20.6246 -0.2595 0.0590 38.4131 2.2759 -11.2151 -2.1578 15.4142 7.3184 -16.3196 49.5363 -3.6663 -5.4050 6.2719 -1.4117 6.7353 -0.0637 8.0445 -0.0540 -7.9290 -4.0298 3.2693 1.6617 -0.0908 -1.9657 -3.1124 -3.5857 -3.5822 -0.0383 8.8524 -0.0944 7.2097 -2.5370 -5.0356 -1.4182 0.0035 1.0223
0.5989 100.2197 0.2563 -0.5104 -2.2015 0.8582 1.4279 0.3862 -0.1094 -0.0588 -4.9136 -0.0222 0.9725 11.6316 -1.9147 -1.9362 9.2627 3.3535 -0.6618 -3.6262 -0.4805 -0.5690 -12.0895 -1.2522 0.0190 0.0432 -0.0332 0.6864 -10.4623 -3.8959 -0.6500 -10.4735 3.8282 -15.0928 13.9283 -8.7722 -56.3105 6.2578 -17.7604 0.3037 0.1625 -42.7194 1.4812 -8.9425 2.9242 -15.3199 10.6911 15.6245 -60.2911 1.6692 2.2997 17.6365 12.4883 16.9882 52.1985 7.3958 20.5810 -0.2444 0.0721 39.0232 2.3250 -11.1423 -2.2370 15.4331 7.3333 -16.3300 49.5328 -3.6818 -5.4200 6.2934 -1.2536 6.7564 -0.0696 7.6759 -0.0693 -7.9300 -3.8447 3.2597 1.6659 -0.0916 -1.9435 -3.0919 -3.3825 -3.4752 -0.0387 8.4117 -0.0954 7.2732 -2.2821 -5.1543 -1.4181 -0.0397 1.0205
0.6314 100.2234 0.2708 -0.5775 -2.1940 0.8662 1.3627 0.3626 -0.1184 -0.0786 -4.9145 -0.0345 0.9354 11.5759 -1.9131 -1.9289 9.3164 3.3479 -0.6720 -3.6484 -0.4867 -0.5328 -11.9937 -1.2716 0.0206 0.0418 -0.0455 0.6865 -10.4643 -3.9082 -0.6468 -10.4750 3.8144 -15.0888 13.8835 -8.8066 -56.1661 6.3967 -17.5292 0.3592 0.1880 -42.8204 1.3543 -8.8537 3.0434 -15.3398 10.6865 15.6203 -60.2986 1.6582 2.2868 17.7754 12.5008 16.8044 52.4928 7.5260 20.4397 -0.2764 0.0908 39.4569 2.3809 -11.2554 -2.2610 15.4438 7.3464 -16.3400 49.5219 -3.6889 -5.4204 6.3470 -1.1738 6.7902 -0.0713 7.5079 -0.0841 -7.9557 -3.7986 3.2182 1.6703 -0.0786 -1.9270 -3.0503 -3.2329 -3.4161 -0.0442 8.1223 -0.0988 7.3128 -2.0969 -5.2535 -1.4207 -0.0713 1.0253
0.6882 100.2245 0.2277 -0.6447 -2.2171 0.8802 1.2920 0.3706 -0.1282 -0.1078 -4.9156 -0.0436 0.9244 11.5546 -1.9051 -1.9310 9.4165 3.3172 -0.6785 -3.6701 -0.4897 -0.5150 -11.9437 -1.2949 0.0209 0.0410 -0.0544 0.6881 -10.4734 -3.9156 -0.6477 -10.4818 3.8042 -15.0411 13.8539 -8.8418 -55.9746 6.4097 -17.3408 0.3900 0.1873 -42.7717 1.3596 -8.6979 3.1583 -15.3385 10.7150 15.6245 -60.2874 1.6700 2.2650 17.9373 12.4949 16.6636 52.7516 7.5272 20.2764 -0.3295 0.0955 39.5993 2.3596 -11.4722 -2.2398 15.4211 7.3397 -16.3214 49.5097 -3.6861 -5.3855 6.3932 -1.1846 6.7857 -0.0675 7.5502 -0.0956 -7.9858 -3.8630 3.2281 1.6739 -0.0678 -1.9157 -3.0057 -3.1735 -3.4175 -0.0522 8.0228 -0.0866 7.3081 -1.9777 -5.2871 -1.4241 -0.0612 1.0285
0.7359 100.2153 0.1620 -0.6966 -2.2791 0.8704 1.2268 0.4040 -0.1244 -0.1446 -4.9157 -0.0529 0.9226 11.5819 -1.9068 -1.9574 9.5793 3.3180 -0.6824 -3.6843 -0.5032 -0.5060 -11.9454 -1.3227 0.0208 0.0400 -0.0573 0.6902 -10.4846 -3.9179 -0.6501 -10.4911 3.8009 -14.9856 13.8496 -8.8294 -55.7428 6.2876 -17.1779 0.3872 0.1747 -42.6511 1.4733 -8.5349 3.2768 -15.3285 10.7586 15.6417 -60.2698 1.6919 2.2224 18.0749 12.4772 16.6093 52.9693 7.4427 20.1941 -0.3939 0.1126 39.4619 2.2577 -11.6771 -2.2331 15.3896 7.3275 -16.2952 49.5033 -3.6694 -5.3456 6.4262 -1.2429 6.7812 -0.0657 7.7476 -0.1035 -8.0055 -3.9840 3.2684 1.6763 -0.0820 -1.9182 -2.9806 -3.1803 -3.4350 -0.0579 8.1068 -0.0754 7.2811 -1.9515 -5.2466 -1.4284 -0.0357 1.0307
0.8033 100.1973 0.0906 -0.7203 -2.3798 0.8175 1.1650 0.4542 -0.1076 -0.1761 -4.9204 -0.0731 0.9125 11.6633 -1.8995 -1.9891 9.8008 3.3550 -0.6989 -3.6895 -0.5094 -0.5059 -11.9789 -1.3584 0.0208 0.0386 -0.0563 0.6930 -10.4962 -3.9162 -0.6532 -10.5028 3.8023 -14.9556 13.8666 -8.7965 -55.5026 6.0752 -16.9953 0.3576 0.1540 -42.5409 1.6227 -8.3536 3.3994 -15.3227 10.7842 15.6528 -60.2642 1.7174 2.1870 18.1712 12.4960 16.6181 53.1135 7.2802 20.1976 -0.4101 0.1265 39.1575 2.1084 -11.8275 -2.2198 15.3628 7.3283 -16.2706 49.5119 -3.6406 -5.3162 6.4288 -1.3048 6.7950 -0.0643 8.0337 -0.1027 -8.0069 -4.1523 3.3200 1.6750 -0.1010 -1.9267 -2.9988 -3.2340 -3.4691 -0.0572 8.3255 -0.0671 7.2701 -1.9796 -5.1149 -1.4326 -0.0178 1.0369
0.8731 100.1684 0.0267 -0.7217 -2.4991 0.7401 1.1096 0.5009 -0.0967 -0.1972 -4.9259 -0.0731 0.8914 11.7861 -1.8798 -2.0372 10.0931 3.4088 -0.7110 -3.6881 -0.5280 -0.5045 -12.0629 -1.3672 0.0190 0.0410 -0.0549 0.6926 -10.5009 -3.9146 -0.6566 -10.5071 3.8055 -14.9650 13.8760 -8.7647 -55.2921 5.8263 -16.8634 0.3445 0.1444 -42.4135 1.7888 -8.1645 3.5143 -15.3244 10.8240 15.6755 -60.2750 1.7496 2.1627 18.2056 12.5389 16.6155 53.2223 7.0267 20.2671 -0.3803 0.1286 38.7546 1.9896 -11.9406 -2.2231 15.3417 7.3338 -16.2559 49.5212 -3.6153 -5.2777 6.4004 -1.3617 6.8413 -0.0655 8.3449 -0.1049 -7.9928 -4.3296 3.3497 1.6716 -0.1084 -1.9398 -3.0484 -3.3241 -3.5106 -0.0549 8.6239 -0.0674 7.2707 -2.0636 -4.9383 -1.4338 -0.0013 1.0396
0.9414 100.1336 -0.0649 -0.6988 -2.6341 0.6430 1.0624 0.5493 -0.0855 -0.2076 -4.9251 -0.0619 0.8512 11.9377 -1.8735 -2.1225 10.4117 3.4742 -0.7187 -3.6913 -0.5319 -0.4865 -12.1546 -1.3629 0.0179 0.0447 -0.0496 0.6914 -10.5049 -3.9095 -0.6577 -10.5102 3.8118 -15.0048 13.8691 -8.7221 -55.1187 5.6270 -16.7557 0.3625 0.1563 -42.3687 1.9323 -8.1034 3.5861 -15.3275 10.8523 15.7127 -60.2978 1.7658 2.1604 18.1688 12.5948 16.6046 53.3127 6.7378 20.3375 -0.2920 0.1079 38.4098 1.9005 -12.0654 -2.2265 15.3406 7.3355 -16.2634 49.5237 -3.6165 -5.2603 6.3430 -1.4209 6.9286 -0.0639 8.6896 -0.1060 -7.9761 -4.5192 3.3488 1.6677 -0.1152 -1.9508 -3.1280 -3.4487 -3.5365 -0.0560 9.0049 -0.0677 7.3208 -2.2070 -4.7711 -1.4338 0.0037 1.0462
1.0074 100.0844 -0.1381 -0.6602 -2.7796 0.5451 1.0251 0.5998 -0.0710 -0.2161 -4.9049 -0.0489 0.7974 12.0877 -1.8864 -2.2012 10.7734 3.5284 -0.7236 -3.7005 -0.5043 -0.4804 -12.2875 -1.3050 0.0178 0.0475 -0.0512 0.6900 -10.5103 -3.9124 -0.6568 -10.5168 3.8122 -15.0591 13.8778 -8.6776 -54.9843 5.4054 -16.6192 0.3410 0.1746 -42.3666 2.0405 -8.0934 3.6085 -15.3316 10.8330 15.7242 -60.2600 1.7495 2.1778 18.0939 12.6464 16.5705 53.3725 6.4874 20.4371 -0.1928 0.0785 38.1783 1.8635 -12.1353 -2.2355 15.3421 7.3185 -16.2579 49.4865 -3.6249 -5.2622 6.2653 -1.4796 7.0365 -0.0614 9.0480 -0.1143 -7.9412 -4.7058 3.3560 1.6655 -0.1231 -1.9623 -3.2281 -3.5871 -3.5593 -0.0534 9.4350 -0.0616 7.4025 -2.4025 -4.6234 -1.4332 0.0174 1.0530
1.0923 100.0326 -0.2407 -0.6118 -2.9339 0.4626 0.9971 0.6621 -0.0385 -0.2231 -4.8974 -0.0636 0.7264 12.2512 -1.8944 -2.2626 11.1836 3.5565 -0.7289 -3.7082 -0.4524 -0.5010 -12.4225 -1.1898 0.0185 0.0487 -0.0599 0.6896 -10.5198 -3.9221 -0.6550 -10.5243 3.8048 -15.1391 13.9212 -8.6506 -54.8624 5.1826 -16.5324 0.3379 0.2121 -42.3454 2.0768 -8.0888 3.5846 -15.3112 10.8030 15.7051 -60.2420 1.7224 2.1859 18.0043 12.7222 16.5314 53.4148 6.2452 20.5358 -0.0940 0.0389 38.0546 1.8533 -12.1596 -2.2594 15.3623 7.3066 -16.2617 49.4755 -3.6287 -5.2678 6.1868 -1.5345 7.1352 -0.0619 9.4294 -0.1210 -7.9244 -4.9101 3.3663 1.6649 -0.1158 -1.9721 -3.3391 -3.7458 -3.5917 -0.0557 9.9247 -0.0630 7.4842 -2.6192 -4.4692 -1.4329 0.0179 1.0556
1.1425 99.9872 -0.3301 -0.5629 -3.0697 0.4244 0.9649 0.7161 -0.0535 -0.2209 -4.8856 -0.0462 0.6526 12.4017 -1.8953 -2.3019 11.5876 3.5540 -0.7322 -3.7180 -0.3987 -0.5134 -12.5185 -1.0743 0.0185 0.0494 -0.0607 0.6869 -10.5336 -3.9231 -0.6524 -10.5343 3.8029 -15.2170 13.9944 -8.6332 -54.7593 4.9402 -16.5247 0.3317 0.2445 -42.2557 2.0670 -8.0604 3.5171 -15.2950 10.7891 15.6940 -60.2402 1.6976 2.1858 17.9043 12.8301 16.4688 53.4609 5.9959 20.6700 -0.0661 0.0263 37.9843 1.8843 -12.1792 -2.2993 15.3904 7.3037 -16.2718 49.5167 -3.6375 -5.2714 6.1046 -1.5861 7.1712 -0.0607 9.7640 -0.1224 -7.9065 -5.0780 3.3617 1.6659 -0.0986 -1.9775 -3.4370 -3.8887 -3.6792 -0.0592 10.3626 -0.0482 7.5082 -2.8174 -4.3462 -1.4310 0.0256 1.0511
1.2102 99.9488 -0.4265 -0.5079 -3.1984 0.3956 0.9323 0.7772 -0.0242 -0.2178 -4.8891 -0.0608 0.5627 12.5525 -1.9039 -2.3151 11.9854 3.5366 -0.7339 -3.7153 -0.2938 -0.5376 -12.5940 -0.9723 0.0196 0.0495 -0.0584 0.6894 -10.5423 -3.9200 -0.6530 -10.5423 3.8060 -15.2772 14.0638 -8.6142 -54.6831 4.7479 -16.5391 0.3145 0.2513 -42.1562 2.0303 -8.0062 3.4750 -15.2705 10.7730 15.6537 -60.2250 1.6968 2.1679 17.8607 12.9460 16.4272 53.4365 5.8130 20.8195 -0.0209 0.0078 37.9449 1.8116 -12.2209 -2.2693 15.3830 7.3126 -16.2875 49.5669 -3.6331 -5.2754 6.0237 -1.6486 7.1832 -0.0638 10.0883 -0.1295 -7.8805 -5.2108 3.3537 1.6660 -0.0840 -1.9858 -3.5378 -4.0339 -3.7548 -0.0637 10.7953 -0.0333 7.5108 -3.0040 -4.2104 -1.4313 0.0326 1.0495
1.2440 99.9000 -0.4887 -0.4529 -3.3085 0.3843 0.8981 0.8282 -0.0322 -0.2224 -4.8786 -0.0235 0.4935 12.6760 -1.9373 -2.3152 12.3708 3.5384 -0.7075 -3.7173 -0.2304 -0.5782 -12.6228 -0.8614 0.0196 0.0533 -0.0528 0.6889 -10.5369 -3.9114 -0.6526 -10.5375 3.8092 -15.3205 14.1360 -8.6049 -54.6805 4.5953 -16.6504 0.3439 0.2678 -41.9808 1.9827 -7.9489 3.4618 -15.2408 10.7730 15.6183 -60.2111 1.7237 2.1537 17.8458 13.0817 16.3783 53.3892 5.6252 20.9613 -0.0183 0.0160 37.8785 1.7265 -12.2188 -2.1816 15.3630 7.3107 -16.2812 49.5817 -3.6309 -5.2777 5.9549 -1.7281 7.1882 -0.0722 10.3907 -0.1281 -7.8418 -5.3246 3.3007 1.6667 -0.0599 -1.9912 -3.6289 -4.1740 -3.8481 -0.0659 11.1951 -0.0224 7.4824 -3.1853 -4.1086 -1.4306 0.0506 1.0408
1.2678 99.8672 -0.5555 -0.4047 -3.4039 0.3909 0.8681 0.8800 -0.0261 -0.2350 -4.8776 -0.0060 0.4354 12.7880 -1.9612 -2.2934 12.7430 3.5499 -0.6666 -3.7222 -0.1618 -0.6429 -12.6145 -0.7606 0.0196 0.0584 -0.0517 0.6852 -10.5410 -3.9097 -0.6489 -10.5443 3.8096 -15.3367 14.2267 -8.5976 -54.7127 4.4514 -16.7891 0.3862 0.2523 -41.8191 1.9525 -7.8465 3.4983 -15.2448 10.7759 15.6112 -60.2548 1.7531 2.1535 17.8325 13.2048 16.3777 53.3445 5.4707 21.0525 0.0078 -0.0207 37.8372 1.6026 -12.2010 -2.0473 15.3562 7.3069 -16.2892 49.6094 -3.6395 -5.2823 5.8928 -1.8399 7.2140 -0.0762 10.7131 -0.1228 -7.7919 -5.4565 3.2124 1.6654 -0.0463 -1.9919 -3.7039 -4.3313 -3.9593 -0.0673 11.5935 -0.0193 7.4875 -3.3631 -3.9832 -1.4309 0.0806 1.0351
1.2700 99.8301 -0.6125 -0.3668 -3.4654 0.4234 0.8442 0.9107 -0.0243 -0.2525 -4.8793 0.0091 0.3892 12.8818 -1.9700 -2.2280 13.0643 3.5666 -0.6280 -3.7309 -0.1171 -0.7153 -12.5581 -0.6703 0.0190 0.0645 -0.0461 0.6765 -10.5380 -3.9051 -0.6414 -10.5429 3.8165 -15.3623 14.3107 -8.5921 -54.7508 4.3135 -16.9220 0.4228 0.2624 -41.6454 1.9204 -7.7556 3.5224 -15.2545 10.7715 15.6150 -60.2589 1.7791 2.1671 17.8029 13.2926 16.3606 53.3427 5.3329 21.1466 0.0210 -0.0454 37.7509 1.5061 -12.1778 -1.9418 15.3598 7.2999 -16.2981 49.6376 -3.6571 -5.2870 5.8478 -1.9746 7.2364 -0.0733 11.0142 -0.1224 -7.7634 -5.5740 3.1564 1.6646 -0.0155 -1.9924 -3.7697 -4.4822 -4.0960 -0.0672 11.9307 -0.0155 7.5243 -3.5253 -3.8575 -1.4325 0.1135 1.0403
1.2643 99.8007 -0.6566 -0.3394 -3.5093 0.4450 0.8302 0.9333 -0.0245 -0.2699 -4.8831 0.0304 0.3539 12.9588 -1.9772 -2.1449 13.3598 3.5974 -0.6115 -3.7390 -0.1180 -0.7710 -12.5238 -0.5708 0.0184 0.0675 -0.0431 0.6700 -10.5377 -3.9031 -0.6360 -10.5450 3.8202 -15.3850 14.3867 -8.5705 -54.7928 4.2171 -17.0350 0.4486 0.2559 -41.4856 1.8593 -7.7029 3.5146 -15.2830 10.7560 15.6272 -60.2542 1.7978 2.1857 17.7555 13.3730 16.3744 53.3651 5.2467 21.2468 -0.0256 -0.0423 37.6707 1.4596 -12.1856 -1.9053 15.3441 7.2868 -16.3171 49.6567 -3.6879 -5.3069 5.8190 -2.1093 7.2535 -0.0656 11.2906 -0.1157 -7.7651 -5.6868 3.1367 1.6653 0.0072 -1.9836 -3.8205 -4.6153 -4.2184 -0.0628 12.2113 -0.0108 7.5499 -3.6528 -3.7157 -1.4350 0.1314 1.0475
1.2445 99.7799 -0.6852 -0.3279 -3.5442 0.4720 0.8239 0.9619 -0.0130 -0.2766 -4.8913 0.0365 0.3350 13.0200 -1.9727 -2.0913 13.6055 3.6146 -0.6115 -3.7548 -0.1084 -0.7950 -12.5181 -0.5358 0.0166 0.0665 -0.0495 0.6656 -10.5373 -3.9070 -0.6351 -10.5466 3.8114 -15.3928 14.4247 -8.5266 -54.8542 4.1998 -17.1116 0.4814 0.2393 -41.4110 1.8045 -7.6072 3.4702 -15.3306 10.7459 15.6419 -60.2750 1.8227 2.1951 17.6796 13.4005 16.3740 53.4285 5.2600 21.3412 -0.1120 -0.0223 37.6949 1.4780 -12.3323 -1.9600 15.3535 7.2857 -16.3516 49.6820 -3.7196 -5.3170 5.8014 -2.2058 7.2554 -0.0608 11.5001 -0.1186 -7.7793 -5.7537 3.1555 1.6688 0.0072 -1.9746 -3.8392 -4.7045 -4.3211 -0.0578 12.4189 -0.0045 7.5159 -3.7417 -3.6001 -1.4355 0.1370 1.0542
1.2220 99.7561 -0.6975 -0.3228 -3.5584 0.5351 0.8157 0.9753 -0.0006 -0.2734 -4.8884 0.0534 0.3449 13.0641 -1.9615 -2.0628 13.8146 3.5817 -0.6302 -3.7851 -0.0441 -0.8098 -12.5273 -0.5767 0.0144 0.0570 -0.0715 0.6580 -10.5377 -3.9262 -0.6321 -10.5472 3.7864 -15.3911 14.3865 -8.4712 -54.9482 4.2298 -17.0120 0.4473 0.2110 -41.4936 1.7591 -7.4770 3.4262 -15.4005 10.7341 15.6944 -60.2984 1.8091 2.2096 17.6212 13.4142 16.3574 53.4887 5.2673 21.3065 -0.1831 0.0042 37.7949 1.5769 -12.4877 -2.0623 15.3589 7.3049 -16.3942 49.7106 -3.7185 -5.3179 5.7945 -2.2806 7.1971 -0.0623 11.6611 -0.1189 -7.7802 -5.7844 3.1918 1.6702 0.0102 -1.9620 -3.8467 -4.7638 -4.4273 -0.0493 12.5661 -0.0055 7.4499 -3.7789 -3.5251 -1.4347 0.0860 1.0708
