HIERARCHY
ROOT Hips
{
	OFFSET 0.0000 0.0000 0.0000
	CHANNELS 6 Xposition Yposition Zposition Zrotation Xrotation Yrotation
	JOINT Spine1
	{
		OFFSET -0.0137 5.0038 -0.0537
		CHANNELS 3 Zrotation Xrotation Yrotation
		JOINT Spine2
		{
			OFFSET -0.0000 7.1253 -0.0298
			CHANNELS 3 Zrotation Xrotation Yrotation
			JOINT Chest
			{
				OFFSET -0.0000 7.5501 -0.8160
				CHANNELS 3 Zrotation Xrotation Yrotation
				JOINT Neck1
				{
					OFFSET -0.1817 26.3113 -0.5533
					CHANNELS 3 Zrotation Xrotation Yrotation
					JOINT Neck2
					{
						OFFSET -0.0000 7.7094 2.3026
						CHANNELS 3 Zrotation Xrotation Yrotation
						JOINT Head
						{
							OFFSET -0.0000 6.1289 1.9537
							CHANNELS 3 Zrotation Xrotation Yrotation
							JOINT Jaw
							{
								OFFSET 0.0026 0.4756 3.0949
								CHANNELS 3 Zrotation Xrotation Yrotation
								End Site
								{
									OFFSET 0.0 1.0 0.0
								}
							}
							JOINT LeftEye
							{
								OFFSET 3.2064 5.3802 7.5869
								CHANNELS 3 Zrotation Xrotation Yrotation
								End Site
								{
									OFFSET 0.0 1.0 0.0
								}
							}
							JOINT RightEye
							{
								OFFSET -3.2224 5.3619 7.5582
								CHANNELS 3 Zrotation Xrotation Yrotation
								End Site
								{
									OFFSET 0.0 1.0 0.0
								}
							}
						}
					}
				}
				JOINT LeftShoulder
				{
					OFFSET 1.6217 23.2372 5.1134
					CHANNELS 3 Zrotation Xrotation Yrotation
					JOINT LeftArm
					{
						OFFSET 14.9198 0.0000 -5.5023
						CHANNELS 3 Zrotation Xrotation Yrotation
						JOINT LeftForeArm
						{
							OFFSET 28.7393 0.0000 -0.0026
							CHANNELS 3 Zrotation Xrotation Yrotation
							JOINT LeftHand
							{
								OFFSET 27.0940 -0.0000 0.0026
								CHANNELS 3 Zrotation Xrotation Yrotation
								JOINT LeftHandThumbEnd
								{
									OFFSET 12.2686 -3.2202 4.8331
									CHANNELS 3 Zrotation Xrotation Yrotation
									End Site
									{
										OFFSET 0.0 1.0 0.0
									}
								}
								JOINT LeftHandMiddleEnd
								{
									OFFSET 19.0120 -0.3129 -0.0340
									CHANNELS 3 Zrotation Xrotation Yrotation
									End Site
									{
										OFFSET 0.0 1.0 0.0
									}
								}
							}
						}
					}
				}
				JOINT RightShoulder
				{
					OFFSET -1.3801 23.1803 5.2142
					CHANNELS 3 Zrotation Xrotation Yrotation
					JOINT RightArm
					{
						OFFSET -15.0372 0.0000 -5.5456
						CHANNELS 3 Zrotation Xrotation Yrotation
						JOINT RightForeArm
						{
							OFFSET -28.7366 0.0000 -0.0026
							CHANNELS 3 Zrotation Xrotation Yrotation
							JOINT RightHand
							{
								OFFSET -27.1336 -0.0000 0.0026
								CHANNELS 3 Zrotation Xrotation Yrotation
								JOINT RightHandThumbEnd
								{
									OFFSET -12.2642 -3.2115 4.8040
									CHANNELS 3 Zrotation Xrotation Yrotation
									End Site
									{
										OFFSET 0.0 1.0 0.0
									}
								}
								JOINT RightHandMiddleEnd
								{
									OFFSET -19.0006 -0.3066 -0.0316
									CHANNELS 3 Zrotation Xrotation Yrotation
									End Site
									{
										OFFSET 0.0 1.0 0.0
									}
								}
							}
						}
					}
				}
			}
		}
	}
	JOINT LeftLeg
	{
		OFFSET 10.0432 -8.4345 2.5957
		CHANNELS 3 Zrotation Xrotation Yrotation
		JOINT LeftShin
		{
			OFFSET -0.0000 -43.2218 -0.8029
			CHANNELS 3 Zrotation Xrotation Yrotation
			JOINT LeftFoot
			{
				OFFSET 0.0000 -42.1551 -3.4815
				CHANNELS 3 Zrotation Xrotation Yrotation
				JOINT LeftToeBase
				{
					OFFSET 0.0000 -5.0595 13.2315
					CHANNELS 3 Zrotation Xrotation Yrotation
					End Site
					{
						OFFSET 0.0 1.0 0.0
					}
				}
			}
		}
	}
	JOINT RightLeg
	{
		OFFSET -10.0473 -8.2953 2.6203
		CHANNELS 3 Zrotation Xrotation Yrotation
		JOINT RightShin
		{
			OFFSET 0.0000 -43.3622 -0.8056
			CHANNELS 3 Zrotation Xrotation Yrotation
			JOINT RightFoot
			{
				OFFSET 0.0000 -42.1174 -3.4784
				CHANNELS 3 Zrotation Xrotation Yrotation
				JOINT RightToeBase
				{
					OFFSET -0.0000 -5.0796 13.2842
					CHANNELS 3 Zrotation Xrotation Yrotation
					End Site
					{
						OFFSET 0.0 1.0 0.0
					}
				}
			}
		}
	}
}
MOTION
Frames: 300
Frame Time: 0.033333
-5.5856 98.2944 2.0777 1.7178 3.2549 -0.5462 0.2626 1.2676 -0.1494 -0.2792 -4.6501 -0.8506 1.3917 13.6702 -2.7421 4.9712 26.4401 1.6369 -0.9155 -3.7871 0.7286 -0.2556 -9.0405 -0.7733 -0.0262 -0.0353 0.0907 0.6875 -10.5203 -3.7701 -0.7351 -10.5697 3.9730 -10.6823 15.4576 -4.3912 -60.0252 14.2361 -4.5719 0.8423 -0.5013 -97.5060 13.3943 25.2219 20.9027 -15.4942 10.8660 16.2053 -59.6001 1.4707 1.9682 23.2506 15.2230 10.9317 41.8064 4.4743 -1.5227 0.2692 2.0404 85.1328 -13.3086 42.3459 -53.1456 15.6953 7.4453 -15.6392 50.4001 -3.4886 -5.3042 10.1788 -10.3365 5.1790 -0.1810 10.4131 -0.4885 -14.3887 -5.1834 -12.1881 1.6666 -1.7524 -1.9864 -10.7114 -14.3946 -16.6364 0.2412 18.4241 0.5635 10.3432 -9.3746 8.5225 -1.4517 -0.8653 1.1027
-5.7416 98.3142 2.1187 1.6811 3.4546 -0.4253 0.3762 1.3161 -0.1918 -0.2425 -4.6544 -0.8028 1.6023 13.7343 -2.7967 5.2327 26.3963 1.6389 -0.9482 -3.8036 0.5677 -0.3235 -8.9131 -0.8774 -0.0261 -0.0440 0.0784 0.6899 -10.5308 -3.7888 -0.7374 -10.5800 3.9667 -10.5840 15.4900 -4.4005 -60.1165 14.1913 -5.0026 0.8930 -0.6318 -97.3249 13.2736 25.3452 20.4683 -15.4077 10.8827 16.1469 -59.7296 1.4566 1.8958 23.4344 15.2135 11.1310 41.2833 3.9465 -2.1105 0.3921 1.9413 84.8637 -12.9304 41.3486 -52.0703 15.5929 7.4111 -15.5344 50.3109 -3.4702 -5.2729 10.3120 -10.4921 5.0734 -0.2065 10.2321 -0.5009 -14.5813 -5.1009 -12.2397 1.6652 -1.7148 -2.0056 -10.5164 -14.6016 -16.8099 0.2331 18.5512 0.5423 10.2764 -9.4353 8.4849 -1.4547 -0.8092 1.0734
-5.9000 98.3078 2.1049 1.6711 3.6695 -0.2983 0.4963 1.3482 -0.2172 -0.2135 -4.6397 -0.7823 1.8528 13.8290 -2.7898 5.4630 26.4519 1.6432 -1.0192 -3.8328 0.4022 -0.4095 -8.7945 -0.9605 -0.0242 -0.0461 0.0692 0.6874 -10.5421 -3.8024 -0.7301 -10.5854 3.9596 -10.5225 15.4861 -4.3906 -60.1568 14.1494 -5.3571 0.8940 -0.7732 -97.2543 13.0154 25.2438 20.1110 -15.3836 10.8703 16.1308 -59.7513 1.4604 1.9436 23.6729 15.1192 11.3796 40.6555 3.4482 -2.7289 0.5144 1.8533 84.7064 -12.3972 40.3844 -51.0474 15.4923 7.3409 -15.4115 50.1084 -3.4867 -5.2650 10.4025 -10.6930 4.9753 -0.2172 10.0998 -0.5115 -14.7346 -5.0098 -12.3154 1.6659 -1.6757 -2.0233 -10.3815 -14.8724 -17.0886 0.2337 18.6806 0.5339 10.2757 -9.4389 8.5417 -1.4556 -0.7264 1.0586
-6.0108 98.3134 2.1215 1.6441 3.8447 -0.2190 0.6322 1.4172 -0.2181 -0.1799 -4.6312 -0.8138 2.1301 13.9432 -2.7099 5.5749 26.5984 1.6094 -1.0683 -3.8551 0.3146 -0.5166 -8.7791 -0.9809 -0.0206 -0.0496 0.0668 0.6820 -10.5600 -3.8073 -0.7170 -10.6018 3.9580 -10.4820 15.4932 -4.3487 -60.2179 14.0800 -5.6499 0.8749 -0.8486 -97.1998 12.7857 25.1705 19.8137 -15.3756 10.8456 16.0983 -59.7329 1.4807 2.0000 23.8673 15.0404 11.6793 40.0488 2.9712 -3.2390 0.5960 1.8127 84.7149 -11.8807 39.8282 -50.2800 15.3943 7.3176 -15.3383 49.9310 -3.5081 -5.2486 10.4585 -10.8841 4.8987 -0.2148 10.0491 -0.5151 -14.7878 -4.9209 -12.3032 1.6639 -1.6394 -2.0252 -10.2614 -15.0719 -17.2984 0.2275 18.7320 0.5131 10.3056 -9.3927 8.6271 -1.4526 -0.6737 1.0482
-6.0868 98.3224 2.1135 1.6139 3.9993 -0.1783 0.7650 1.5044 -0.2120 -0.1356 -4.6201 -0.8467 2.3987 14.0763 -2.6111 5.6361 26.7631 1.6005 -1.0863 -3.8651 0.2492 -0.5893 -8.8034 -0.9975 -0.0212 -0.0471 0.0759 0.6758 -10.5715 -3.7961 -0.7109 -10.6076 3.9634 -10.4713 15.5075 -4.2854 -60.2666 13.9929 -5.9197 0.9013 -0.8808 -97.1971 12.6507 25.2500 19.6283 -15.3689 10.8552 16.0885 -59.7180 1.4988 2.0128 23.9977 14.9453 11.9885 39.5214 2.5302 -3.6123 0.6427 1.7913 84.8952 -11.3370 39.7038 -49.7449 15.3310 7.3053 -15.2808 49.8597 -3.5219 -5.2160 10.4851 -11.0555 4.8131 -0.2125 10.0322 -0.5133 -14.7891 -4.8301 -12.2323 1.6619 -1.5845 -2.0183 -10.1579 -15.2384 -17.4715 0.2232 18.7422 0.5036 10.3693 -9.3160 8.7146 -1.4482 -0.6221 1.0429
-6.1089 98.3232 2.1066 1.5855 4.1390 -0.1388 0.8889 1.5940 -0.2281 -0.0937 -4.5701 -0.8400 2.6510 14.1823 -2.5383 5.6559 26.8884 1.5621 -1.0847 -3.8755 0.2532 -0.6635 -8.8570 -0.9790 -0.0210 -0.0444 0.0831 0.6691 -10.5669 -3.7867 -0.7030 -10.6005 3.9662 -10.4832 15.4721 -4.1906 -60.2879 13.9326 -6.1458 0.8749 -0.8887 -97.1969 12.5573 25.3219 19.4987 -15.3608 10.8530 16.0731 -59.6612 1.5167 2.0034 24.0934 14.8550 12.2863 39.0934 2.1186 -3.8310 0.6272 1.8261 85.0944 -10.7653 39.7938 -49.3051 15.3081 7.2969 -15.2473 49.8455 -3.5497 -5.1775 10.4972 -11.2319 4.7295 -0.2089 10.0493 -0.4962 -14.7768 -4.7517 -12.1783 1.6609 -1.5195 -2.0119 -10.0938 -15.3872 -17.6178 0.2299 18.7101 0.5041 10.4398 -9.1922 8.7912 -1.4451 -0.5863 1.0378
-6.0844 98.3265 2.1259 1.5707 4.2793 -0.1219 0.9977 1.6945 -0.2205 -0.0499 -4.5281 -0.8598 2.8748 14.2868 -2.4554 5.6788 27.0083 1.5307 -1.0777 -3.8813 0.2757 -0.7430 -8.9005 -0.8954 -0.0196 -0.0400 0.0862 0.6679 -10.5722 -3.7825 -0.6989 -10.6049 3.9675 -10.5001 15.4515 -4.1171 -60.3071 13.8842 -6.3932 0.9069 -0.8209 -97.2075 12.3840 25.2175 19.3360 -15.3518 10.8741 16.0677 -59.6586 1.5421 1.9585 24.1582 14.7705 12.6150 38.7500 1.7637 -3.9710 0.6286 1.7939 85.3283 -10.3060 39.9928 -48.9482 15.3131 7.2958 -15.2399 49.8546 -3.5651 -5.1703 10.4697 -11.4487 4.6617 -0.2102 10.1573 -0.4851 -14.7511 -4.7216 -12.0990 1.6618 -1.4786 -2.0077 -10.0586 -15.5631 -17.7331 0.2375 18.7138 0.5051 10.5013 -9.0816 8.9078 -1.4432 -0.5761 1.0261
-6.0177 98.3331 2.0956 1.5589 4.4190 -0.1010 1.0998 1.8080 -0.1989 -0.0141 -4.4776 -0.8698 3.0842 14.3910 -2.3855 5.7480 27.1085 1.4810 -1.0808 -3.8900 0.3599 -0.8345 -8.9770 -0.7730 -0.0208 -0.0329 0.0895 0.6635 -10.5733 -3.7776 -0.6967 -10.6038 3.9708 -10.5176 15.4108 -4.0632 -60.2846 13.8212 -6.6453 0.9384 -0.7540 -97.2105 12.1624 24.9477 19.1311 -15.3099 10.8768 16.0527 -59.6151 1.5638 1.9341 24.2217 14.6879 12.9417 38.4720 1.4631 -3.9826 0.6311 1.7719 85.5370 -9.8326 40.2028 -48.6393 15.3294 7.2978 -15.2131 49.8817 -3.5437 -5.1564 10.4309 -11.7086 4.6275 -0.2162 10.3365 -0.4853 -14.7375 -4.6933 -11.9826 1.6613 -1.4299 -2.0162 -10.0528 -15.7335 -17.8351 0.2369 18.6887 0.4891 10.5557 -8.9389 9.0218 -1.4411 -0.5952 1.0131
-5.9261 98.3398 2.0798 1.5486 4.5416 -0.0328 1.1825 1.9283 -0.2133 0.0168 -4.4192 -0.8424 3.2771 14.4969 -2.3341 5.8542 27.2071 1.3983 -1.0513 -3.8992 0.4789 -0.9429 -9.0562 -0.6086 -0.0195 -0.0272 0.0875 0.6620 -10.5817 -3.7805 -0.6919 -10.6118 3.9683 -10.4947 15.4045 -4.0349 -60.2279 13.6357 -6.8876 0.9300 -0.7093 -97.1769 11.9945 24.6035 18.8580 -15.2919 10.8886 16.0727 -59.5814 1.5700 1.9556 24.2311 14.6025 13.2126 38.3394 1.2137 -3.8565 0.5946 1.7630 85.6660 -9.2189 40.3464 -48.2280 15.3424 7.2961 -15.1756 49.9250 -3.5206 -5.1428 10.3651 -11.9768 4.5501 -0.2136 10.5513 -0.4820 -14.7024 -4.7099 -11.8469 1.6594 -1.3644 -2.0157 -10.0619 -15.8835 -17.9441 0.2449 18.6328 0.4956 10.5955 -8.7950 9.0853 -1.4385 -0.6145 0.9974
-5.7953 98.3745 2.0381 1.5527 4.6478 0.0465 1.2284 2.0620 -0.2261 0.0492 -4.3605 -0.8401 3.4395 14.6091 -2.2661 5.9711 27.3181 1.2972 -0.9976 -3.9030 0.6582 -1.0159 -9.1448 -0.4389 -0.0152 -0.0275 0.0833 0.6615 -10.5898 -3.7839 -0.6824 -10.6182 3.9615 -10.4366 15.4001 -4.0067 -60.1523 13.3950 -7.1072 0.9358 -0.6642 -97.1690 11.8761 24.3095 18.6244 -15.2799 10.8864 16.0802 -59.5313 1.5685 1.9844 24.2254 14.5336 13.4448 38.2723 0.9885 -3.6382 0.6080 1.7586 85.7496 -8.6309 40.5297 -47.8163 15.3503 7.2994 -15.1356 50.0045 -3.4890 -5.1221 10.2521 -12.2365 4.4852 -0.2065 10.7790 -0.4776 -14.6207 -4.7193 -11.7360 1.6593 -1.3070 -2.0092 -10.1097 -16.0054 -18.0346 0.2483 18.5448 0.5058 10.6788 -8.6366 9.1206 -1.4367 -0.6137 0.9939
-5.6381 98.3862 1.9806 1.5732 4.7477 0.1235 1.2477 2.2066 -0.2048 0.0740 -4.2983 -0.8702 3.5656 14.7279 -2.1695 6.1316 27.4534 1.1635 -0.9660 -3.8994 0.9024 -1.0532 -9.2473 -0.2920 -0.0076 -0.0301 0.0785 0.6645 -10.6025 -3.7917 -0.6695 -10.6270 3.9579 -10.3281 15.4057 -3.9978 -60.0346 13.0554 -7.2620 0.9022 -0.6360 -97.1338 11.8287 24.0410 18.4603 -15.2897 10.8963 16.0958 -59.4932 1.5689 1.9915 24.2316 14.4893 13.6490 38.2515 0.8164 -3.3383 0.6387 1.7898 85.8267 -8.0592 40.8217 -47.5030 15.3373 7.3097 -15.1223 50.0655 -3.4536 -5.1178 10.1063 -12.5304 4.4370 -0.2069 11.0681 -0.4740 -14.5001 -4.7052 -11.6397 1.6598 -1.2687 -2.0025 -10.1987 -16.1182 -18.0857 0.2454 18.4183 0.5035 10.8096 -8.4464 9.1470 -1.4368 -0.5910 1.0075
-5.4537 98.4227 1.8964 1.6165 4.8527 0.2284 1.2322 2.3395 -0.1911 0.0843 -4.2371 -0.8721 3.6581 14.8646 -2.0917 6.3018 27.6182 1.0345 -0.9237 -3.9037 1.1080 -1.0610 -9.3613 -0.1114 -0.0019 -0.0319 0.0750 0.6668 -10.6232 -3.8011 -0.6605 -10.6437 3.9576 -10.1539 15.4282 -4.0071 -59.9286 12.6570 -7.4644 0.9451 -0.5919 -97.0956 11.8551 23.7624 18.4265 -15.2939 10.9172 16.1142 -59.5499 1.5882 1.9938 24.1920 14.4834 13.8374 38.3395 0.6575 -3.0165 0.6737 1.7594 85.9055 -7.6208 41.2425 -47.3653 15.3186 7.3105 -15.1236 50.1186 -3.4466 -5.1105 9.9168 -12.8507 4.3597 -0.2032 11.3949 -0.4608 -14.3540 -4.6869 -11.5530 1.6595 -1.2666 -2.0027 -10.3121 -16.2419 -18.1453 0.2439 18.2827 0.5130 10.9767 -8.2501 9.1646 -1.4355 -0.5958 1.0133
-5.2386 98.4312 1.8367 1.6668 4.9470 0.3269 1.1838 2.4521 -0.1713 0.0862 -4.1687 -0.8646 3.7134 14.9746 -2.0244 6.4809 27.7811 0.9283 -0.8864 -3.9138 1.2698 -1.0317 -9.4731 0.0660 0.0018 -0.0355 0.0732 0.6651 -10.6326 -3.8064 -0.6508 -10.6470 3.9576 -9.9611 15.4074 -4.0081 -59.8114 12.2509 -7.5824 0.9319 -0.5869 -96.9930 12.0257 23.6304 18.5402 -15.3046 10.9434 16.1338 -59.6014 1.6057 1.9919 24.1507 14.4740 13.9834 38.4645 0.6122 -2.6590 0.6475 1.7851 85.8759 -7.2106 41.6936 -47.3416 15.3259 7.2761 -15.1393 50.1248 -3.4441 -5.1172 9.7127 -13.1585 4.2727 -0.1974 11.7496 -0.4441 -14.2155 -4.6879 -11.4494 1.6589 -1.2893 -2.0152 -10.4632 -16.3521 -18.1860 0.2398 18.1325 0.5172 11.1651 -8.0506 9.1508 -1.4359 -0.6236 1.0193
-5.0183 98.4327 1.8024 1.7184 5.0156 0.4140 1.1028 2.5539 -0.1402 0.0746 -4.1237 -0.8648 3.7155 15.0972 -1.9543 6.6557 27.9779 0.8602 -0.8463 -3.9207 1.4054 -0.9549 -9.6023 0.2387 0.0008 -0.0413 0.0727 0.6602 -10.6398 -3.8058 -0.6483 -10.6472 3.9577 -9.7223 15.3351 -4.0269 -59.7260 11.8838 -7.5947 0.8977 -0.6609 -96.9264 12.2926 23.5706 18.8065 -15.3212 10.9420 16.1225 -59.6600 1.6150 1.9619 24.0589 14.4818 14.1130 38.7031 0.6527 -2.2987 0.5605 1.7858 85.7949 -6.9495 42.2290 -47.4343 15.3151 7.2469 -15.1614 50.0735 -3.4425 -5.1457 9.5047 -13.4536 4.1973 -0.1982 12.1568 -0.4326 -14.0893 -4.7481 -11.3647 1.6579 -1.2887 -2.0398 -10.6412 -16.4396 -18.1896 0.2371 18.0051 0.5314 11.3541 -7.8924 9.1043 -1.4341 -0.6679 1.0189
-4.7794 98.4181 1.7982 1.7454 5.0591 0.4696 0.9937 2.6450 -0.1224 0.0513 -4.0951 -0.8508 3.6604 15.2057 -1.9125 6.7665 28.1477 0.8328 -0.7881 -3.9086 1.4898 -0.8678 -9.7140 0.4073 -0.0040 -0.0492 0.0770 0.6506 -10.6446 -3.7991 -0.6490 -10.6456 3.9616 -9.4637 15.2021 -4.0147 -59.7104 11.6593 -7.5369 0.8903 -0.7366 -96.9798 12.6502 23.5642 19.1794 -15.3532 10.9447 16.1214 -59.7221 1.6121 1.9450 23.9433 14.5130 14.2315 39.0385 0.7165 -1.9973 0.4990 1.7714 85.7710 -6.9531 42.7910 -47.6787 15.3386 7.2534 -15.2084 50.0942 -3.4365 -5.1817 9.3140 -13.7473 4.1751 -0.2037 12.6279 -0.4278 -13.9578 -4.8677 -11.3293 1.6566 -1.2500 -2.0618 -10.8166 -16.4979 -18.1632 0.2400 17.9023 0.5371 11.5347 -7.7475 9.0565 -1.4318 -0.6673 1.0191
-4.5200 98.3895 1.7845 1.7226 5.0739 0.4920 0.8714 2.7263 -0.1144 0.0259 -4.0675 -0.8298 3.5631 15.2537 -1.8828 6.7638 28.2662 0.8191 -0.7329 -3.8933 1.5775 -0.7654 -9.8859 0.5374 -0.0122 -0.0561 0.0881 0.6365 -10.6394 -3.7843 -0.6509 -10.6373 3.9730 -9.2321 15.0686 -3.9934 -59.7622 11.4812 -7.3739 0.8215 -0.7661 -97.0790 12.9766 23.4470 19.4923 -15.3863 10.8825 16.1070 -59.6942 1.5845 1.9590 23.8463 14.5464 14.2759 39.4130 0.7747 -1.7438 0.5152 1.8166 85.8050 -6.9330 43.1516 -47.8633 15.3929 7.2701 -15.2326 50.1593 -3.4201 -5.1705 9.1777 -14.0198 4.2091 -0.2143 13.1366 -0.4301 -13.8227 -5.0625 -11.3241 1.6547 -1.1966 -2.0761 -10.9685 -16.4739 -18.0973 0.2467 17.7341 0.5503 11.7437 -7.5800 8.9775 -1.4303 -0.6558 1.0308
-4.2687 98.3726 1.7902 1.6735 5.0821 0.4566 0.7319 2.8021 -0.0841 0.0046 -4.0560 -0.8159 3.4140 15.2616 -1.8714 6.6812 28.3000 0.8581 -0.7095 -3.8799 1.6364 -0.6447 -10.0648 0.5710 -0.0178 -0.0574 0.0939 0.6268 -10.6247 -3.7739 -0.6538 -10.6227 3.9785 -9.0589 14.9364 -3.9606 -59.8341 11.4478 -7.1664 0.7731 -0.8218 -97.2430 13.2305 23.2252 19.6551 -15.4089 10.8101 16.0715 -59.5891 1.5339 1.9705 23.7795 14.6108 14.2457 39.7878 0.8839 -1.4707 0.5532 1.8288 85.9520 -6.9205 43.2855 -48.0541 15.4448 7.2939 -15.2500 50.2717 -3.3910 -5.1565 9.0569 -14.2503 4.2740 -0.2238 13.6335 -0.4380 -13.6617 -5.2858 -11.3138 1.6568 -1.1438 -2.0817 -11.0980 -16.3938 -18.0173 0.2474 17.4913 0.5478 11.9357 -7.3937 8.9569 -1.4302 -0.6144 1.0421
-3.9924 98.3473 1.8132 1.6036 5.1128 0.3889 0.5831 2.8336 -0.1079 -0.0313 -4.0322 -0.7375 3.2298 15.2184 -1.8615 6.4852 28.2435 0.9043 -0.6765 -3.8770 1.6041 -0.4939 -10.2101 0.5547 -0.0216 -0.0559 0.0968 0.6189 -10.6066 -3.7688 -0.6534 -10.6039 3.9794 -8.9178 14.8167 -3.9369 -59.9324 11.4887 -6.9216 0.6972 -0.8075 -97.4492 13.4007 22.8418 19.7587 -15.3942 10.7366 16.0513 -59.4271 1.4690 2.0057 23.7067 14.6744 14.1148 40.2604 1.0603 -1.1965 0.6223 1.8665 86.1766 -6.8748 43.2006 -48.1935 15.4719 7.3128 -15.2590 50.3462 -3.3701 -5.1435 8.9428 -14.4864 4.3763 -0.2232 14.1014 -0.4440 -13.4789 -5.5618 -11.3047 1.6588 -1.0935 -2.0763 -11.2010 -16.2908 -17.9486 0.2538 17.1543 0.5603 12.1454 -7.1845 8.9226 -1.4311 -0.5733 1.0430
-3.7133 98.3515 1.8459 1.5396 5.1542 0.2955 0.4125 2.8673 -0.1158 -0.0783 -4.0192 -0.6722 2.9817 15.1529 -1.8550 6.2010 28.1644 0.9722 -0.6528 -3.8806 1.5632 -0.3123 -10.3268 0.4802 -0.0198 -0.0545 0.0929 0.6195 -10.6070 -3.7771 -0.6514 -10.6071 3.9791 -8.8045 14.7233 -3.9363 -59.9930 11.5992 -6.6006 0.6283 -0.7999 -97.6921 13.5127 22.5838 19.9215 -15.3483 10.6922 16.0320 -59.3010 1.4290 2.0069 23.5980 14.7560 13.9537 40.8339 1.2992 -0.9286 0.7068 1.8644 86.4373 -6.9756 43.0141 -48.4352 15.4938 7.3364 -15.2607 50.4658 -3.3301 -5.1490 8.8114 -14.7285 4.5686 -0.2235 14.5710 -0.4507 -13.2838 -5.8301 -11.3060 1.6611 -1.0753 -2.0583 -11.3033 -16.1619 -17.8066 0.2490 16.7593 0.5552 12.3343 -6.9534 8.8395 -1.4344 -0.5681 1.0456
-3.4369 98.3772 1.8528 1.4889 5.2355 0.1900 0.2209 2.8738 -0.1260 -0.1260 -4.0234 -0.6149 2.6519 15.0611 -1.8364 5.8570 28.0193 1.0766 -0.6142 -3.8684 1.4487 -0.1039 -10.4191 0.3022 -0.0140 -0.0503 0.0855 0.6230 -10.6027 -3.7872 -0.6437 -10.6112 3.9731 -8.7449 14.6295 -3.9487 -60.0173 11.7312 -6.2246 0.5619 -0.7688 -97.8340 13.5587 22.4205 20.1319 -15.2898 10.6967 16.0291 -59.2612 1.4184 1.9839 23.4743 14.8460 13.7580 41.5025 1.6349 -0.6572 0.7984 1.8695 86.6545 -7.1963 42.7733 -48.7953 15.5414 7.3395 -15.2513 50.5919 -3.2928 -5.1383 8.6426 -14.9585 4.8091 -0.2258 14.9232 -0.4724 -13.0966 -6.0368 -11.3454 1.6626 -1.0605 -2.0323 -11.3894 -16.0074 -17.6286 0.2326 16.2506 0.5401 12.4745 -6.6648 8.6964 -1.4381 -0.5911 1.0519
-3.1909 98.4105 1.8850 1.4641 5.3497 0.1146 0.0223 2.8495 -0.1391 -0.1863 -4.0194 -0.5276 2.2732 14.9576 -1.8543 5.4921 27.8208 1.2007 -0.5939 -3.8693 1.2736 0.1404 -10.5181 0.0601 -0.0112 -0.0481 0.0812 0.6251 -10.6114 -3.7987 -0.6401 -10.6265 3.9740 -8.7383 14.5407 -3.9985 -59.9829 11.7770 -5.8450 0.5505 -0.7335 -97.8098 13.5059 22.3569 20.3918 -15.2412 10.7190 16.0562 -59.2404 1.4288 1.9740 23.3069 14.9412 13.5497 42.2297 2.0037 -0.4071 0.8347 1.9524 86.8143 -7.4110 42.5583 -49.1923 15.5899 7.3306 -15.2538 50.6666 -3.3132 -5.1247 8.4624 -15.1727 5.0315 -0.2261 15.1392 -0.4856 -12.9579 -6.1724 -11.3641 1.6638 -1.0308 -2.0095 -11.4812 -15.8603 -17.4583 0.2186 15.6716 0.5364 12.5614 -6.3604 8.5068 -1.4428 -0.6186 1.0567
-2.9537 98.4570 1.8930 1.4546 5.4855 0.0385 -0.1772 2.8211 -0.1171 -0.2438 -4.0401 -0.4643 1.8413 14.8639 -1.8826 5.0688 27.5798 1.3748 -0.5841 -3.8643 1.0406 0.3907 -10.5817 -0.2324 -0.0099 -0.0451 0.0757 0.6291 -10.6216 -3.8075 -0.6421 -10.6465 3.9714 -8.8015 14.4507 -4.0777 -59.8483 11.7118 -5.4571 0.5469 -0.7228 -97.6486 13.4353 22.2635 20.6514 -15.2037 10.7515 16.0661 -59.2770 1.4563 1.9293 23.0918 15.0449 13.3683 42.9719 2.3322 -0.2390 0.9530 1.9810 86.8500 -7.7487 42.3269 -49.5938 15.6373 7.3085 -15.2388 50.6852 -3.3452 -5.0993 8.2665 -15.3997 5.2511 -0.2300 15.3131 -0.5032 -12.8521 -6.2912 -11.3905 1.6628 -1.0102 -2.0001 -11.5626 -15.7641 -17.3008 0.2062 15.1244 0.5181 12.5952 -6.0785 8.3561 -1.4473 -0.6447 1.0548
-2.7302 98.4801 1.9036 1.4530 5.6142 -0.0164 -0.3540 2.7886 -0.1170 -0.3107 -4.0456 -0.3764 1.4025 14.7394 -1.9080 4.5848 27.2846 1.5881 -0.5879 -3.8614 0.7548 0.6435 -10.5750 -0.5809 -0.0061 -0.0392 0.0617 0.6344 -10.6191 -3.8224 -0.6405 -10.6532 3.9568 -8.9367 14.3269 -4.1973 -59.6263 11.5373 -5.0558 0.5527 -0.7107 -97.3536 13.3383 22.0815 20.7658 -15.1730 10.7789 16.0944 -59.2879 1.4760 1.9120 22.8447 15.1433 13.1756 43.6519 2.6463 -0.1134 1.0699 2.0274 86.7414 -8.1228 42.1403 -49.8689 15.6633 7.2882 -15.2108 50.6620 -3.3502 -5.0634 8.0693 -15.6341 5.4799 -0.2284 15.4978 -0.5207 -12.7664 -6.4063 -11.5027 1.6633 -0.9804 -1.9908 -11.6365 -15.6801 -17.2184 0.1972 14.6048 0.5215 12.6067 -5.8620 8.2113 -1.4497 -0.6384 1.0494
-2.5352 98.4972 1.9030 1.4559 5.7183 -0.0413 -0.5127 2.7535 -0.0879 -0.3761 -4.0673 -0.3100 0.9710 14.6330 -1.9236 4.0639 26.9960 1.8134 -0.6177 -3.8581 0.4738 0.8583 -10.5541 -0.9404 -0.0054 -0.0357 0.0517 0.6363 -10.6150 -3.8306 -0.6418 -10.6578 3.9454 -9.1197 14.2309 -4.3445 -59.3569 11.1864 -4.5562 0.4926 -0.7260 -97.0741 13.3208 21.7759 20.7606 -15.1711 10.7517 16.0769 -59.3333 1.4951 1.8769 22.6075 15.2333 13.0511 44.1790 2.9983 -0.0037 1.1454 2.0172 86.5392 -8.5574 41.8728 -50.0061 15.6772 7.2761 -15.2071 50.5601 -3.3437 -5.0710 7.8975 -15.8856 5.6777 -0.2308 15.7581 -0.5367 -12.6616 -6.5569 -11.6317 1.6601 -0.9506 -1.9893 -11.7181 -15.6270 -17.1515 0.1874 14.2223 0.5093 12.6330 -5.7296 8.0817 -1.4526 -0.6388 1.0452
-2.3450 98.4826 1.9192 1.4611 5.7844 -0.0233 -0.6563 2.7079 -0.0797 -0.4387 -4.0791 -0.2202 0.5614 14.5199 -1.9255 3.5368 26.6936 2.0209 -0.6630 -3.8520 0.1954 1.0232 -10.5636 -1.2619 -0.0109 -0.0360 0.0512 0.6307 -10.6026 -3.8269 -0.6486 -10.6512 3.9429 -9.3111 14.1323 -4.4911 -59.1122 10.7554 -4.0356 0.4344 -0.7309 -96.8346 13.3870 21.4525 20.6903 -15.1909 10.7214 16.0809 -59.3578 1.5039 1.8991 22.3867 15.3142 12.9217 44.5483 3.3594 0.1229 1.2017 2.0496 86.2621 -8.8300 41.4313 -49.9025 15.6558 7.2750 -15.2238 50.4330 -3.3447 -5.0859 7.7431 -16.1289 5.8335 -0.2254 16.0614 -0.5386 -12.5435 -6.7029 -11.8400 1.6605 -0.9426 -1.9893 -11.8113 -15.5534 -17.1396 0.1841 13.8962 0.5142 12.6476 -5.6278 7.9734 -1.4527 -0.6260 1.0422
-2.1919 98.4600 1.9389 1.4479 5.8068 0.0253 -0.7812 2.6484 -0.0725 -0.4917 -4.0965 -0.1413 0.1994 14.4297 -1.9133 3.0777 26.4093 2.1975 -0.7150 -3.8456 -0.0322 1.1220 -10.5691 -1.5445 -0.0176 -0.0376 0.0563 0.6229 -10.5946 -3.8168 -0.6555 -10.6459 3.9455 -9.4690 14.0291 -4.5726 -58.8944 10.3679 -3.5550 0.3899 -0.7793 -96.7067 13.5397 21.1472 20.6306 -15.2213 10.6775 16.0894 -59.3325 1.5039 1.9160 22.2199 15.4007 12.8279 44.7258 3.7144 0.2748 1.2195 2.0320 85.9972 -9.0598 41.0277 -49.7771 15.6027 7.2706 -15.2511 50.3116 -3.3535 -5.1202 7.6360 -16.3500 5.9658 -0.2242 16.4044 -0.5521 -12.4023 -6.8278 -12.0651 1.6637 -0.9281 -1.9899 -11.8840 -15.4423 -17.1307 0.1777 13.6141 0.5177 12.7086 -5.5249 7.8561 -1.4503 -0.6031 1.0430
-2.0598 98.4261 1.9713 1.4227 5.7868 0.0841 -0.8946 2.6012 -0.0426 -0.5326 -4.1365 -0.0849 -0.0904 14.3596 -1.8880 2.7099 26.1588 2.3270 -0.7685 -3.8353 -0.2120 1.1753 -10.5555 -1.8007 -0.0202 -0.0374 0.0582 0.6214 -10.5882 -3.8115 -0.6602 -10.6381 3.9453 -9.5464 13.9332 -4.6513 -58.7854 10.0898 -3.1407 0.3629 -0.8116 -96.6678 13.7618 20.9175 20.6139 -15.2443 10.6522 16.1172 -59.3512 1.5084 1.9240 22.0955 15.4737 12.7536 44.7652 4.0806 0.4410 1.2047 1.9835 85.7639 -9.1956 40.5914 -49.5741 15.5619 7.2611 -15.2629 50.1891 -3.3766 -5.1334 7.5695 -16.5300 6.0415 -0.2290 16.7740 -0.5712 -12.2465 -6.9688 -12.2539 1.6669 -0.9072 -1.9935 -11.9504 -15.3331 -17.1357 0.1696 13.4436 0.5109 12.8173 -5.4642 7.7907 -1.4499 -0.5798 1.0465
-1.9525 98.3795 1.9993 1.3756 5.7266 0.1496 -0.9816 2.5426 -0.0495 -0.5779 -4.1529 0.0211 -0.3113 14.2677 -1.8696 2.4136 25.9030 2.4141 -0.8254 -3.8287 -0.3644 1.1901 -10.5591 -1.9910 -0.0201 -0.0373 0.0569 0.6232 -10.5705 -3.8075 -0.6621 -10.6227 3.9380 -9.5989 13.8575 -4.6979 -58.6625 9.9646 -2.7766 0.2889 -0.8452 -96.7339 13.9473 20.8558 20.6461 -15.2709 10.6310 16.1493 -59.3429 1.4957 1.9452 21.9862 15.5345 12.6805 44.7569 4.4664 0.6390 1.1127 2.0196 85.5605 -9.1280 40.2044 -49.2937 15.5356 7.2544 -15.2730 50.0877 -3.3836 -5.1493 7.5588 -16.6578 6.0680 -0.2281 17.1062 -0.5771 -12.1192 -7.1100 -12.4252 1.6705 -0.8640 -1.9950 -11.9909 -15.1951 -17.1650 0.1671 13.3115 0.5121 12.9091 -5.4294 7.7110 -1.4485 -0.5370 1.0505
-1.8730 98.3481 2.0294 1.3275 5.6336 0.1737 -1.0596 2.5032 -0.0287 -0.6113 -4.1861 0.1063 -0.4883 14.1960 -1.8583 2.2063 25.6472 2.4582 -0.8967 -3.8182 -0.4700 1.1858 -10.5625 -2.1410 -0.0174 -0.0343 0.0502 0.6314 -10.5579 -3.8123 -0.6655 -10.6116 3.9288 -9.6247 13.8121 -4.7309 -58.5334 10.0938 -2.5772 0.3340 -0.8413 -96.9187 14.0142 20.9707 20.7157 -15.3026 10.6281 16.1549 -59.3947 1.4709 1.9257 21.8986 15.6060 12.6312 44.7206 4.7977 0.8428 1.0094 2.0582 85.4298 -9.0614 39.9837 -49.0747 15.5018 7.2524 -15.2769 50.0007 -3.3840 -5.1766 7.5767 -16.7122 6.0940 -0.2388 17.3887 -0.5906 -12.0033 -7.2489 -12.5719 1.6723 -0.8237 -1.9998 -12.0245 -15.0696 -17.1809 0.1646 13.2689 0.5027 12.9636 -5.4121 7.7180 -1.4474 -0.5088 1.0520
-1.8271 98.3374 2.0263 1.2914 5.5107 0.1923 -1.1234 2.4673 -0.0362 -0.6389 -4.2018 0.1797 -0.6278 14.1118 -1.8446 2.0773 25.3863 2.4928 -0.9563 -3.8167 -0.5747 1.1680 -10.5676 -2.2701 -0.0126 -0.0291 0.0380 0.6424 -10.5473 -3.8231 -0.6669 -10.6015 3.9131 -9.6228 13.8143 -4.7312 -58.3767 10.3440 -2.4659 0.3496 -0.8469 -97.0527 13.9513 21.1568 20.7201 -15.3141 10.6532 16.1527 -59.4428 1.4581 1.8984 21.8353 15.6500 12.5719 44.6743 5.0780 1.0213 0.9418 2.0974 85.3322 -8.9377 39.8535 -48.8472 15.4595 7.2549 -15.2681 49.9388 -3.3798 -5.2024 7.6130 -16.6640 6.1045 -0.2459 17.5374 -0.6048 -11.9360 -7.3572 -12.6899 1.6728 -0.8108 -2.0029 -12.0646 -14.9328 -17.1962 0.1677 13.2486 0.5022 12.9843 -5.4073 7.7370 -1.4457 -0.4757 1.0506
-1.8056 98.3321 2.0651 1.2701 5.3911 0.1425 -1.1702 2.4303 -0.0186 -0.6520 -4.2269 0.2199 -0.7489 14.0337 -1.8364 1.9473 25.0952 2.5051 -0.9898 -3.8070 -0.6758 1.1200 -10.6038 -2.3525 -0.0099 -0.0224 0.0300 0.6506 -10.5349 -3.8304 -0.6702 -10.5902 3.9034 -9.6509 13.8692 -4.7421 -58.2199 10.6438 -2.4037 0.3757 -0.8180 -97.1578 13.8249 21.3636 20.7116 -15.2671 10.7015 16.1443 -59.5242 1.4496 1.8736 21.8184 15.6870 12.5319 44.5738 5.3368 1.1886 0.9076 2.0833 85.3287 -8.8090 39.6656 -48.6226 15.4336 7.2711 -15.2724 49.9431 -3.3714 -5.2094 7.6504 -16.5579 6.1712 -0.2526 17.5833 -0.6121 -11.8921 -7.4346 -12.7991 1.6725 -0.8411 -1.9952 -12.0989 -14.8372 -17.1719 0.1748 13.2901 0.5013 12.9797 -5.4192 7.8168 -1.4453 -0.4977 1.0514
-1.8346 98.3322 2.0763 1.2724 5.2718 0.1056 -1.1967 2.3833 -0.0250 -0.6696 -4.2438 0.2666 -0.8479 13.9553 -1.8387 1.8600 24.7684 2.5051 -1.0055 -3.8013 -0.7853 1.0449 -10.6601 -2.4221 -0.0077 -0.0159 0.0237 0.6552 -10.5203 -3.8340 -0.6697 -10.5781 3.8920 -9.7091 13.9352 -4.7406 -58.0423 10.9489 -2.3707 0.3759 -0.8272 -97.1563 13.6913 21.5745 20.6357 -15.2303 10.7518 16.1528 -59.5559 1.4538 1.8885 21.8362 15.7135 12.4949 44.4736 5.5936 1.3647 0.8602 2.0853 85.3693 -8.5671 39.5388 -48.3610 15.4066 7.2654 -15.2360 49.9194 -3.3797 -5.1999 7.6840 -16.3807 6.2664 -0.2589 17.4655 -0.6201 -11.9227 -7.4469 -12.9257 1.6728 -0.8785 -1.9889 -12.1252 -14.7393 -17.1679 0.1755 13.3132 0.5065 12.9584 -5.4383 7.9142 -1.4444 -0.5440 1.0523
-1.9023 98.3288 2.0661 1.2884 5.1417 0.0508 -1.1994 2.3289 -0.0234 -0.6832 -4.2612 0.2981 -0.9202 13.8680 -1.8578 1.8021 24.4625 2.5191 -1.0362 -3.8012 -0.8977 0.9461 -10.6735 -2.4922 -0.0051 -0.0116 0.0199 0.6612 -10.5103 -3.8375 -0.6704 -10.5695 3.8859 -9.8071 14.0256 -4.7382 -57.8750 11.2286 -2.3687 0.3944 -0.8185 -97.0712 13.6093 21.7563 20.5920 -15.2134 10.8009 16.1801 -59.5859 1.4681 1.9170 21.9020 15.6974 12.4761 44.3406 5.8425 1.4824 0.8734 2.0952 85.4259 -8.2649 39.3630 -48.0540 15.3860 7.2534 -15.2040 49.8904 -3.3945 -5.1982 7.7250 -16.1393 6.3715 -0.2577 17.2399 -0.6163 -12.0146 -7.4325 -13.0524 1.6709 -0.9157 -1.9830 -12.1307 -14.6601 -17.1985 0.1749 13.3828 0.5093 12.9131 -5.5074 8.0475 -1.4458 -0.5957 1.0505
-2.0051 98.3312 2.0617 1.3202 4.9869 0.0188 -1.1837 2.2920 -0.0338 -0.6963 -4.2697 0.3245 -0.9644 13.7802 -1.8901 1.7674 24.2432 2.5259 -1.0596 -3.8041 -0.9869 0.8312 -10.6544 -2.5588 -0.0021 -0.0103 0.0134 0.6653 -10.5062 -3.8454 -0.6683 -10.5654 3.8790 -9.9393 14.1270 -4.7473 -57.6932 11.4853 -2.3913 0.4181 -0.8361 -96.9397 13.5926 21.9365 20.5844 -15.2303 10.8360 16.2158 -59.5800 1.4899 1.9398 21.9871 15.6717 12.4416 44.1948 6.0837 1.6120 0.8516 2.1443 85.4494 -7.9332 39.2069 -47.7207 15.3473 7.2275 -15.1642 49.8229 -3.4161 -5.1774 7.7856 -15.8573 6.4807 -0.2562 16.9647 -0.6131 -12.1445 -7.3742 -13.2058 1.6712 -0.9576 -1.9712 -12.1362 -14.5910 -17.2665 0.1744 13.5128 0.5136 12.8800 -5.6358 8.1959 -1.4477 -0.6211 1.0431
-2.1818 98.3302 2.0484 1.3679 4.7990 -0.0020 -1.1467 2.2643 -0.0185 -0.7022 -4.2975 0.2918 -0.9814 13.7401 -1.9335 1.7520 24.1270 2.5204 -1.0811 -3.8012 -1.0196 0.6839 -10.5688 -2.6162 0.0011 -0.0060 0.0061 0.6738 -10.5067 -3.8523 -0.6704 -10.5675 3.8700 -10.0948 14.2309 -4.7545 -57.5417 11.7635 -2.4742 0.4852 -0.8219 -96.8060 13.5680 22.1363 20.6097 -15.2295 10.8634 16.2373 -59.5779 1.5021 1.9170 22.0530 15.6692 12.4385 44.0331 6.2084 1.6685 0.8468 2.1295 85.4808 -7.8004 39.1272 -47.4234 15.3199 7.2222 -15.1451 49.7847 -3.4378 -5.1593 7.8681 -15.5396 6.5458 -0.2607 16.6873 -0.6112 -12.2969 -7.3109 -13.3290 1.6698 -0.9846 -1.9640 -12.1348 -14.5420 -17.3455 0.1704 13.7745 0.5123 12.8227 -5.8523 8.3459 -1.4500 -0.6284 1.0452
-2.3716 98.3117 2.0425 1.4456 4.5673 -0.0231 -1.1116 2.2304 -0.0283 -0.7006 -4.3086 0.2771 -0.9722 13.7114 -1.9934 1.7501 24.1088 2.4677 -1.0884 -3.8000 -1.0180 0.5205 -10.4676 -2.6402 0.0022 -0.0033 0.0042 0.6789 -10.5012 -3.8550 -0.6737 -10.5613 3.8689 -10.2607 14.3244 -4.7484 -57.4055 12.1009 -2.6738 0.5793 -0.7620 -96.6279 13.5436 22.4637 20.6561 -15.2415 10.8670 16.2170 -59.5746 1.4954 1.8680 22.1064 15.6889 12.4046 43.8878 6.2322 1.7216 0.8123 2.1369 85.4324 -7.8533 39.1047 -47.1381 15.2888 7.2185 -15.1378 49.6914 -3.4423 -5.1424 7.9477 -15.1565 6.5920 -0.2607 16.3630 -0.5981 -12.4709 -7.2042 -13.4123 1.6699 -1.0291 -1.9690 -12.1761 -14.5152 -17.4453 0.1749 14.1333 0.5197 12.7619 -6.1038 8.5182 -1.4527 -0.6529 1.0574
-2.5836 98.2921 2.0406 1.5267 4.2955 -0.0539 -1.0633 2.2126 -0.0460 -0.6935 -4.3186 0.2463 -0.9190 13.7225 -2.0427 1.7796 24.1942 2.3985 -1.0814 -3.8155 -1.0297 0.3492 -10.3673 -2.6335 0.0006 -0.0042 0.0079 0.6813 -10.5144 -3.8523 -0.6791 -10.5726 3.8732 -10.3455 14.4219 -4.7231 -57.3558 12.4700 -2.9713 0.6774 -0.6947 -96.4871 13.5177 22.9270 20.7545 -15.2770 10.8633 16.2057 -59.5927 1.4789 1.8356 22.0659 15.7000 12.3331 43.7975 6.1828 1.7325 0.7806 2.0933 85.3776 -8.0772 39.0775 -46.8652 15.2832 7.2227 -15.1316 49.6323 -3.4341 -5.1357 8.0408 -14.7423 6.6328 -0.2578 16.0614 -0.5900 -12.6382 -7.0970 -13.4634 1.6674 -1.0734 -1.9723 -12.2130 -14.5081 -17.5293 0.1842 14.6175 0.5364 12.6645 -6.4083 8.6795 -1.4526 -0.6865 1.0697
-2.8247 98.2547 2.0227 1.6010 4.0011 -0.1028 -1.0002 2.2067 -0.0630 -0.6765 -4.3215 0.2051 -0.8350 13.7511 -2.0901 1.8504 24.3267 2.3335 -1.1008 -3.8239 -1.0720 0.1992 -10.2905 -2.6279 -0.0021 -0.0054 0.0125 0.6834 -10.5224 -3.8481 -0.6869 -10.5777 3.8800 -10.3901 14.5078 -4.6801 -57.3727 12.8628 -3.2736 0.7359 -0.6593 -96.3610 13.4672 23.3783 20.8748 -15.2870 10.8454 16.1929 -59.5842 1.4562 1.8445 22.0026 15.6900 12.2603 43.6783 6.1602 1.6865 0.7181 2.0470 85.3205 -8.3121 38.9694 -46.6496 15.2828 7.2062 -15.1084 49.5468 -3.4416 -5.1464 8.1768 -14.3153 6.6703 -0.2575 15.7746 -0.5808 -12.8205 -7.0034 -13.5224 1.6662 -1.1160 -1.9860 -12.2476 -14.5143 -17.5866 0.1988 15.1903 0.5572 12.5524 -6.7349 8.8371 -1.4517 -0.7141 1.0733
-3.0806 98.2016 1.9799 1.6606 3.7060 -0.1438 -0.9221 2.2143 -0.0747 -0.6539 -4.3211 0.1643 -0.7251 13.7836 -2.1379 1.9230 24.4850 2.2703 -1.1162 -3.8243 -1.1405 0.0498 -10.2710 -2.6240 -0.0046 -0.0078 0.0169 0.6820 -10.5225 -3.8425 -0.6909 -10.5768 3.8853 -10.3622 14.5945 -4.6628 -57.4901 13.2499 -3.5798 0.8312 -0.5880 -96.2648 13.3803 23.7393 21.0300 -15.3204 10.8160 16.1661 -59.6061 1.4432 1.8569 21.9334 15.6597 12.1810 43.5626 6.1534 1.5684 0.6638 2.0067 85.2293 -8.5181 38.7772 -46.4915 15.2891 7.1957 -15.0947 49.4839 -3.4508 -5.1516 8.3379 -13.9212 6.7070 -0.2605 15.5307 -0.5780 -13.0285 -6.9129 -13.5908 1.6649 -1.1572 -2.0029 -12.2663 -14.5152 -17.6051 0.2178 15.7933 0.5727 12.3952 -7.0468 8.9806 -1.4514 -0.7319 1.0711
-3.3644 98.1649 1.9383 1.6968 3.4137 -0.1622 -0.8260 2.2396 -0.0932 -0.6299 -4.3273 0.1147 -0.5872 13.8381 -2.1955 2.0025 24.6642 2.2286 -1.1454 -3.8254 -1.2242 -0.1210 -10.2678 -2.6347 -0.0023 -0.0093 0.0124 0.6840 -10.5316 -3.8468 -0.6884 -10.5875 3.8808 -10.2996 14.6914 -4.6379 -57.6215 13.6157 -3.8161 0.9170 -0.5784 -96.2614 13.3864 24.1345 21.2392 -15.3627 10.8088 16.1466 -59.6429 1.4439 1.8660 21.8971 15.6619 12.1407 43.3998 6.1171 1.3534 0.6225 1.9600 85.1587 -8.7594 38.4835 -46.4818 15.3361 7.1994 -15.1225 49.4839 -3.4818 -5.1506 8.5326 -13.5499 6.7116 -0.2638 15.2996 -0.5741 -13.2286 -6.7962 -13.6406 1.6633 -1.2004 -2.0164 -12.2346 -14.5135 -17.6382 0.2329 16.4003 0.5906 12.2126 -7.3744 9.1191 -1.4493 -0.7462 1.0697
-3.6572 98.1330 1.8997 1.7206 3.1502 -0.1885 -0.7306 2.2539 -0.1199 -0.6118 -4.3233 0.0762 -0.4150 13.8884 -2.2611 2.0761 24.8427 2.2038 -1.1637 -3.8258 -1.3423 -0.3139 -10.2412 -2.6405 -0.0004 -0.0115 0.0090 0.6823 -10.5385 -3.8509 -0.6828 -10.5927 3.8778 -10.2397 14.7696 -4.6188 -57.7551 13.9186 -3.9945 0.9980 -0.6052 -96.2370 13.4241 24.5991 21.5091 -15.3998 10.8061 16.1376 -59.6343 1.4477 1.8896 21.9273 15.6679 12.1166 43.1745 6.0311 1.1028 0.5930 1.9715 84.9983 -8.9810 38.3188 -46.5475 15.3826 7.1894 -15.1513 49.4633 -3.5083 -5.1548 8.7510 -13.1776 6.7016 -0.2679 14.9819 -0.5704 -13.4493 -6.6261 -13.6716 1.6631 -1.2384 -2.0230 -12.1684 -14.5056 -17.6677 0.2493 16.9562 0.6160 12.0281 -7.6694 9.2312 -1.4483 -0.7651 1.0746
-3.9987 98.1184 1.8323 1.7314 2.9033 -0.1927 -0.6295 2.2877 -0.1250 -0.5846 -4.3337 -0.0113 -0.2257 13.9563 -2.2901 2.1520 25.0552 2.2117 -1.2008 -3.8323 -1.4816 -0.5222 -10.2121 -2.6706 -0.0024 -0.0118 0.0142 0.6795 -10.5528 -3.8446 -0.6849 -10.6065 3.8851 -10.1624 14.8405 -4.6229 -57.8908 14.1931 -4.1250 1.0815 -0.6404 -96.2874 13.5082 25.0109 21.8287 -15.4236 10.7903 16.1229 -59.5967 1.4372 1.9094 21.9877 15.6700 12.1104 42.9142 5.8999 0.7677 0.6302 1.9306 84.8302 -9.3307 38.2496 -46.7704 15.4203 7.1885 -15.1839 49.4601 -3.5225 -5.1629 8.9877 -12.8157 6.6680 -0.2741 14.6394 -0.5660 -13.6991 -6.4677 -13.6834 1.6626 -1.2647 -2.0315 -12.0573 -14.5084 -17.6509 0.2561 17.5244 0.6182 11.8319 -7.9945 9.3001 -1.4484 -0.7592 1.0746
-4.3225 98.0841 1.7876 1.7469 2.6841 -0.1695 -0.5213 2.3167 -0.1539 -0.5634 -4.3288 -0.0505 -0.0222 13.9982 -2.3487 2.1961 25.2666 2.2109 -1.2184 -3.8409 -1.6324 -0.7723 -10.1813 -2.6573 -0.0018 -0.0130 0.0121 0.6759 -10.5540 -3.8474 -0.6798 -10.6091 3.8830 -10.0892 14.8955 -4.6261 -58.0071 14.4312 -4.2527 1.1281 -0.6497 -96.3213 13.5588 25.3017 22.0444 -15.4382 10.7763 16.1138 -59.5319 1.4272 1.9236 22.0364 15.6578 12.0770 42.7186 5.7599 0.4798 0.6287 1.9474 84.6294 -9.7273 38.4085 -47.1835 15.4323 7.1871 -15.2046 49.4493 -3.5421 -5.1719 9.2320 -12.4594 6.6190 -0.2783 14.2375 -0.5598 -13.9480 -6.2698 -13.7124 1.6643 -1.2879 -2.0293 -11.9325 -14.5168 -17.6607 0.2664 18.0669 0.6257 11.6241 -8.2971 9.3288 -1.4482 -0.7567 1.0675
-4.6549 98.0686 1.7152 1.7574 2.4863 -0.1209 -0.4019 2.3533 -0.1823 -0.5398 -4.3347 -0.1024 0.1656 14.0445 -2.3963 2.2102 25.4343 2.2197 -1.2409 -3.8394 -1.7749 -0.9889 -10.1617 -2.6778 -0.0012 -0.0128 0.0097 0.6747 -10.5542 -3.8497 -0.6779 -10.6085 3.8812 -10.0260 14.9532 -4.6523 -58.0708 14.6401 -4.3760 1.1850 -0.6190 -96.3795 13.5448 25.5700 22.2502 -15.4385 10.7679 16.1088 -59.4940 1.4259 1.9273 22.0849 15.6173 12.0482 42.5489 5.6651 0.2227 0.5903 1.9559 84.4974 -10.0674 38.6756 -47.6711 15.4644 7.2109 -15.2319 49.5000 -3.5213 -5.1740 9.4783 -12.1187 6.5390 -0.2817 13.8158 -0.5581 -14.1820 -6.0780 -13.7114 1.6644 -1.3292 -2.0286 -11.7922 -14.5315 -17.6893 0.2687 18.5735 0.6178 11.4243 -8.5811 9.3805 -1.4490 -0.7805 1.0517
-4.9976 98.0457 1.6622 1.7663 2.3144 -0.0615 -0.2589 2.3925 -0.2135 -0.5139 -4.3332 -0.1681 0.3556 14.0882 -2.4509 2.1899 25.5578 2.2062 -1.2766 -3.8443 -1.8608 -1.2106 -10.1598 -2.7022 -0.0002 -0.0103 0.0076 0.6765 -10.5564 -3.8533 -0.6773 -10.6109 3.8797 -9.9758 15.0066 -4.6794 -58.1156 14.7939 -4.4876 1.2125 -0.6229 -96.4523 13.5287 25.9308 22.4820 -15.4670 10.7578 16.1004 -59.4723 1.4142 1.9421 22.0582 15.5398 12.0120 42.4303 5.5921 0.0373 0.5531 1.9366 84.4893 -10.3719 39.0746 -48.2790 15.4910 7.2302 -15.2463 49.5523 -3.5106 -5.1642 9.7331 -11.8079 6.4578 -0.2800 13.3914 -0.5439 -14.4369 -5.8614 -13.7050 1.6637 -1.3617 -2.0212 -11.6324 -14.5581 -17.7190 0.2665 19.0714 0.6192 11.2035 -8.8447 9.4154 -1.4510 -0.7880 1.0424
-5.3451 98.0326 1.6185 1.7957 2.1774 0.0007 -0.1098 2.4336 -0.2391 -0.4834 -4.3261 -0.2417 0.5414 14.1040 -2.5045 2.1685 25.6228 2.1788 -1.3169 -3.8412 -1.9436 -1.4526 -10.1581 -2.7183 0.0024 -0.0089 0.0035 0.6790 -10.5492 -3.8582 -0.6748 -10.6055 3.8761 -9.9397 15.0476 -4.7165 -58.1853 14.9256 -4.6325 1.2379 -0.5846 -96.4767 13.4828 26.2318 22.6416 -15.4881 10.7653 16.1086 -59.4837 1.4240 1.9491 22.0022 15.4423 11.9845 42.3665 5.5170 -0.1430 0.5632 1.9391 84.6004 -10.5415 39.4196 -48.7926 15.5133 7.2434 -15.2494 49.5896 -3.5032 -5.1586 9.9529 -11.5246 6.4025 -0.2800 12.9292 -0.5310 -14.7152 -5.6256 -13.7528 1.6635 -1.4088 -2.0200 -11.4857 -14.6104 -17.7528 0.2713 19.5321 0.6152 10.9862 -9.1025 9.4555 -1.4538 -0.7949 1.0340
-5.6837 98.0178 1.5347 1.8224 2.0833 0.0678 0.0547 2.4701 -0.2643 -0.4427 -4.3176 -0.3319 0.7420 14.1097 -2.5323 2.1575 25.6486 2.1595 -1.3608 -3.8357 -2.0419 -1.7037 -10.1804 -2.7266 0.0035 -0.0068 0.0004 0.6809 -10.5397 -3.8598 -0.6743 -10.5961 3.8711 -9.9280 15.1003 -4.7773 -58.2776 14.9782 -4.7412 1.2307 -0.5560 -96.4948 13.4165 26.4262 22.6894 -15.4795 10.7717 16.1059 -59.4555 1.4266 1.9591 21.8983 15.3333 11.9528 42.3274 5.4160 -0.3233 0.6200 1.9125 84.8431 -10.5767 39.5976 -49.1545 15.5555 7.2527 -15.2443 49.6714 -3.4864 -5.1384 10.1614 -11.2912 6.3512 -0.2829 12.4502 -0.5171 -15.0297 -5.3808 -13.8406 1.6627 -1.4655 -2.0220 -11.3221 -14.7079 -17.8252 0.2745 19.9672 0.6124 10.7506 -9.3270 9.5188 -1.4552 -0.7960 1.0289
-5.9824 98.0088 1.4727 1.8516 2.0176 0.1506 0.2283 2.5133 -0.2788 -0.3904 -4.3042 -0.4220 0.9573 14.1158 -2.5765 2.1703 25.6250 2.1214 -1.3929 -3.8379 -2.1341 -1.9705 -10.2492 -2.6869 0.0017 -0.0090 0.0046 0.6788 -10.5355 -3.8548 -0.6761 -10.5904 3.8757 -9.9311 15.1660 -4.8609 -58.4005 14.9425 -4.8394 1.2234 -0.5580 -96.4971 13.4192 26.5387 22.6770 -15.4747 10.7674 16.0847 -59.4758 1.4224 1.9500 21.7590 15.2450 11.9397 42.2920 5.2523 -0.4829 0.7056 1.8754 85.2082 -10.5473 39.6795 -49.4421 15.5795 7.2574 -15.2347 49.7531 -3.4756 -5.1129 10.3483 -11.1115 6.3348 -0.2853 11.9838 -0.5170 -15.3596 -5.1284 -13.9715 1.6601 -1.5527 -2.0325 -11.1696 -14.8258 -17.9305 0.2827 20.3531 0.6121 10.5283 -9.5312 9.5755 -1.4562 -0.8051 1.0256
-6.2891 97.9989 1.3696 1.8817 1.9736 0.2676 0.4101 2.5586 -0.2724 -0.3295 -4.2909 -0.5324 1.1833 14.1214 -2.6195 2.2381 25.5630 2.0534 -1.4293 -3.8372 -2.1966 -2.2380 -10.2944 -2.6405 -0.0010 -0.0130 0.0123 0.6785 -10.5333 -3.8448 -0.6816 -10.5859 3.8831 -9.9560 15.2169 -4.9702 -58.5283 14.9224 -4.9340 1.2434 -0.5718 -96.5858 13.4612 26.6018 22.6058 -15.4384 10.7646 16.0554 -59.4630 1.4208 1.9568 21.6317 15.1512 11.9580 42.2228 5.0545 -0.6796 0.8504 1.7859 85.6746 -10.5365 39.6446 -49.6230 15.6056 7.2545 -15.2358 49.8133 -3.4816 -5.1098 10.5036 -10.9777 6.3215 -0.2951 11.5409 -0.5225 -15.6667 -4.8568 -14.1298 1.6566 -1.6370 -2.0426 -11.0240 -14.9527 -18.0602 0.2865 20.7003 0.6103 10.3195 -9.7105 9.6190 -1.4567 -0.8150 1.0285
-6.5392 97.9922 1.2577 1.9053 1.9591 0.4490 0.6093 2.5890 -0.3003 -0.2664 -4.2711 -0.6037 1.4400 14.1385 -2.6778 2.3645 25.4788 1.9609 -1.4405 -3.8388 -2.2659 -2.5119 -10.3065 -2.5636 -0.0021 -0.0184 0.0189 0.6761 -10.5351 -3.8381 -0.6812 -10.5862 3.8893 -9.9942 15.2459 -5.0729 -58.6834 14.8645 -5.0621 1.2781 -0.5942 -96.7169 13.5239 26.5630 22.4958 -15.4396 10.7282 16.0268 -59.4400 1.4047 1.9964 21.5358 15.0582 11.9529 42.1145 4.8421 -0.8275 0.9216 1.7300 86.2009 -10.4312 39.5267 -49.6527 15.6121 7.2400 -15.2336 49.8728 -3.5036 -5.1196 10.6421 -10.8930 6.2879 -0.2988 11.0960 -0.5175 -15.9680 -4.5894 -14.3570 1.6573 -1.7094 -2.0463 -10.8739 -15.0751 -18.2483 0.2959 20.9678 0.6090 10.1531 -9.8570 9.6620 -1.4576 -0.8467 1.0201
-6.7861 97.9900 1.1582 1.9085 1.9503 0.6879 0.8181 2.6143 -0.3223 -0.2079 -4.2673 -0.6823 1.7087 14.1796 -2.7207 2.5924 25.4465 1.8473 -1.4808 -3.8526 -2.2970 -2.7453 -10.2973 -2.5223 -0.0038 -0.0246 0.0287 0.6696 -10.5460 -3.8283 -0.6781 -10.5936 3.9001 -10.0071 15.2935 -5.1776 -58.8981 14.7529 -5.2103 1.3135 -0.6226 -96.8503 13.6429 26.4633 22.3483 -15.4729 10.6942 16.0124 -59.4368 1.3956 2.0248 21.4814 14.9401 11.9413 41.9436 4.6620 -0.9359 0.9394 1.6800 86.7011 -10.2252 39.4859 -49.5947 15.5899 7.2315 -15.2413 49.9267 -3.5110 -5.1346 10.7869 -10.8620 6.2320 -0.3044 10.7117 -0.5119 -16.2336 -4.3442 -14.6087 1.6572 -1.7614 -2.0499 -10.7183 -15.1669 -18.4311 0.2962 21.1859 0.5961 10.0222 -9.9745 9.6636 -1.4571 -0.8594 1.0123
-6.9914 97.9789 1.0494 1.9039 1.9505 0.9796 1.0189 2.6195 -0.3409 -0.1618 -4.2628 -0.7588 1.9770 14.2284 -2.7524 2.8984 25.4693 1.7132 -1.5235 -3.8655 -2.2954 -2.9476 -10.2572 -2.4663 0.0036 -0.0293 0.0201 0.6749 -10.5614 -3.8391 -0.6681 -10.6080 3.8906 -9.9771 15.3591 -5.2640 -59.1487 14.6135 -5.4087 1.3458 -0.6473 -96.9514 13.7565 26.2773 22.1198 -15.5322 10.6808 16.0115 -59.4481 1.3893 2.0365 21.4504 14.7974 11.9237 41.8054 4.4912 -0.9817 0.8683 1.7069 87.1108 -9.9965 39.6323 -49.5840 15.5745 7.2251 -15.2582 49.9382 -3.5287 -5.1531 10.9099 -10.8917 6.1762 -0.3022 10.3944 -0.5101 -16.4439 -4.1103 -14.9146 1.6565 -1.8070 -2.0555 -10.5755 -15.2255 -18.6394 0.2957 21.3428 0.5858 9.9180 -10.0768 9.6520 -1.4539 -0.8826 1.0018
-7.1756 97.9823 0.9468 1.9000 1.9304 1.3014 1.1923 2.6310 -0.3507 -0.1239 -4.2632 -0.8387 2.2428 14.2924 -2.7718 3.2683 25.5499 1.6133 -1.5772 -3.8746 -2.2737 -3.0918 -10.2044 -2.4185 0.0099 -0.0314 0.0120 0.6810 -10.5786 -3.8496 -0.6613 -10.6239 3.8829 -9.9075 15.4357 -5.3291 -59.4390 14.5015 -5.6686 1.3668 -0.6928 -97.0569 13.8181 26.1303 21.9156 -15.5773 10.6701 16.0116 -59.4578 1.3984 2.0552 21.4439 14.6985 11.9328 41.6735 4.1918 -1.0102 0.8037 1.6973 87.4188 -10.0148 40.0672 -49.8326 15.5461 7.2308 -15.2761 49.9606 -3.5390 -5.1495 11.0113 -10.9590 6.1220 -0.3065 10.1778 -0.5162 -16.5877 -3.9123 -15.2562 1.6557 -1.8234 -2.0631 -10.4644 -15.2530 -18.8665 0.2919 21.4709 0.5706 9.8091 -10.1608 9.6364 -1.4511 -0.8856 0.9915
-7.3197 97.9670 0.8546 1.8860 1.8977 1.6654 1.3466 2.6387 -0.3757 -0.0932 -4.2539 -0.8932 2.5135 14.3641 -2.7833 3.6688 25.6724 1.4878 -1.6391 -3.8869 -2.1932 -3.2195 -10.1207 -2.3143 0.0091 -0.0346 0.0172 0.6795 -10.5864 -3.8449 -0.6609 -10.6272 3.8886 -9.7926 15.5240 -5.3713 -59.7633 14.4294 -6.0452 1.4053 -0.6770 -97.1888 13.7311 26.0684 21.7435 -15.5826 10.6535 15.9954 -59.4227 1.4104 2.0479 21.4839 14.6069 11.9518 41.5566 3.7663 -1.0716 0.7470 1.7284 87.7213 -10.2036 40.6987 -50.2280 15.5064 7.2311 -15.2942 49.9359 -3.5443 -5.1329 11.1159 -11.0710 6.0657 -0.3206 10.0541 -0.5308 -16.7098 -3.7441 -15.6573 1.6541 -1.8406 -2.0719 -10.3722 -15.2498 -19.1522 0.2944 21.5548 0.5652 9.7373 -10.2440 9.5936 -1.4489 -0.8963 0.9822
-7.4363 97.9559 0.7628 1.8634 1.8478 2.0432 1.4806 2.6488 -0.3991 -0.0626 -4.2383 -0.9347 2.7634 14.4269 -2.7854 4.0787 25.8595 1.3523 -1.6927 -3.8960 -2.0666 -3.3260 -10.0021 -2.1668 0.0018 -0.0322 0.0325 0.6681 -10.5920 -3.8312 -0.6641 -10.6276 3.9085 -9.6332 15.5999 -5.3715 -60.0672 14.4444 -6.4558 1.3669 -0.6230 -97.3744 13.5032 25.9706 21.5398 -15.5431 10.6478 15.9843 -59.3674 1.4058 2.0426 21.5517 14.5227 11.9727 41.4763 3.3075 -1.1161 0.6982 1.6965 88.0609 -10.4465 41.2920 -50.6897 15.4740 7.2353 -15.3176 49.9012 -3.5352 -5.1377 11.1976 -11.2223 6.0168 -0.3305 10.0383 -0.5489 -16.7826 -3.6537 -16.0875 1.6519 -1.8512 -2.0713 -10.3131 -15.2461 -19.4613 0.2964 21.6574 0.5549 9.7208 -10.3032 9.5238 -1.4486 -0.8890 0.9788
-7.4553 97.9446 0.6680 1.8370 1.8019 2.4380 1.5955 2.6536 -0.4059 -0.0391 -4.2211 -0.9675 3.0030 14.4745 -2.7892 4.4471 26.1052 1.1905 -1.7388 -3.9009 -1.8703 -3.4255 -9.8923 -1.9930 -0.0070 -0.0300 0.0490 0.6551 -10.5820 -3.8141 -0.6682 -10.6159 3.9276 -9.4686 15.7042 -5.3550 -60.3394 14.4816 -6.9080 1.2960 -0.5029 -97.5689 13.1648 25.8308 21.2766 -15.4917 10.6367 15.9804 -59.3245 1.3955 2.0443 21.6431 14.4427 11.9852 41.3999 2.8443 -1.1298 0.6558 1.6794 88.4646 -10.5864 41.7279 -51.0225 15.4418 7.2480 -15.3307 49.8863 -3.5149 -5.1436 11.2485 -11.3985 5.9744 -0.3386 10.0844 -0.5728 -16.8319 -3.6152 -16.5277 1.6497 -1.8902 -2.0704 -10.2776 -15.2080 -19.7448 0.2942 21.7008 0.5479 9.7607 -10.3286 9.4032 -1.4496 -0.8987 0.9759
-7.4553 97.9533 0.5783 1.8047 1.7657 2.7950 1.6873 2.6606 -0.3988 -0.0065 -4.2140 -1.0116 3.2190 14.5287 -2.7609 4.7665 26.3891 1.0468 -1.7533 -3.9004 -1.6705 -3.5056 -9.7813 -1.8374 -0.0149 -0.0246 0.0633 0.6463 -10.5883 -3.8009 -0.6752 -10.6174 3.9452 -9.2666 15.8199 -5.3392 -60.5820 14.5718 -7.3741 1.2898 -0.4260 -97.8348 12.7888 25.7536 21.0332 -15.4145 10.6462 15.9852 -59.3000 1.3862 2.0619 21.7400 14.3505 12.0189 41.2957 2.3861 -1.1764 0.6562 1.5968 89.0408 -10.6796 42.0393 -51.3673 15.4158 7.2668 -15.3338 49.8935 -3.5026 -5.1667 11.2591 -11.6002 5.9175 -0.3381 10.1872 -0.5914 -16.8560 -3.6137 -16.9391 1.6469 -1.9303 -2.0612 -10.2577 -15.1874 -20.0080 0.2890 21.7172 0.5329 9.8317 -10.2760 9.3189 -1.4486 -0.9057 0.9700
-7.3741 97.9615 0.4694 1.7790 1.7504 3.1433 1.7583 2.6719 -0.3968 0.0237 -4.1961 -1.0618 3.4205 14.5454 -2.7122 5.0531 26.6727 0.9086 -1.7591 -3.8938 -1.4681 -3.6044 -9.6594 -1.6524 -0.0139 -0.0215 0.0634 0.6480 -10.5905 -3.8046 -0.6741 -10.6172 3.9482 -9.0604 15.9200 -5.2843 -60.7646 14.6753 -7.7954 1.2473 -0.3681 -98.0674 12.5284 25.7220 20.8778 -15.3323 10.6519 15.9875 -59.2419 1.4009 2.0969 21.9038 14.2213 12.0852 41.1378 1.9592 -1.2911 0.7141 1.5955 89.6968 -10.6212 42.2788 -51.6341 15.3945 7.2716 -15.3445 49.8844 -3.4984 -5.1888 11.2395 -11.8239 5.8371 -0.3378 10.3300 -0.6079 -16.8765 -3.6311 -17.2979 1.6454 -2.0222 -2.0537 -10.2861 -15.1540 -20.2580 0.2850 21.6464 0.5124 9.9529 -10.1707 9.2460 -1.4495 -0.9375 0.9720
-7.2591 97.9783 0.3396 1.7297 1.7580 3.4462 1.8241 2.6719 -0.4257 0.0501 -4.1692 -1.0599 3.6274 14.5480 -2.6425 5.2703 26.8986 0.7888 -1.7689 -3.8886 -1.3180 -3.6578 -9.4968 -1.4835 -0.0094 -0.0174 0.0544 0.6538 -10.5900 -3.8156 -0.6702 -10.6155 3.9376 -8.8246 15.9685 -5.1926 -60.8980 14.7701 -8.1977 1.2367 -0.3391 -98.1989 12.3120 25.7385 20.6761 -15.3324 10.6754 15.9928 -59.2439 1.4095 2.1173 22.0324 14.1140 12.1459 41.0233 1.5095 -1.4555 0.7899 1.6014 90.3808 -10.4065 42.4578 -51.8314 15.3822 7.2759 -15.3521 49.9318 -3.4961 -5.2077 11.2011 -12.0887 5.7347 -0.3279 10.5455 -0.6183 -16.8629 -3.6958 -17.6295 1.6451 -2.0757 -2.0330 -10.3090 -15.1114 -20.4684 0.2827 21.4805 0.4969 10.0675 -9.9967 9.1457 -1.4488 -0.9600 0.9671
-7.0887 98.0092 0.2065 1.6708 1.7966 3.6772 1.8713 2.6786 -0.4227 0.0762 -4.1637 -1.0688 3.8208 14.5496 -2.5632 5.4554 27.0839 0.7150 -1.7726 -3.8920 -1.1852 -3.6923 -9.2886 -1.3167 -0.0055 -0.0188 0.0460 0.6606 -10.5914 -3.8263 -0.6692 -10.6168 3.9300 -8.5613 15.9724 -5.0771 -61.0068 14.8565 -8.5356 1.2663 -0.3635 -98.2665 12.1949 25.8090 20.5397 -15.3600 10.6960 15.9612 -59.3094 1.4236 2.0923 22.1773 14.0321 12.2676 40.8956 1.1315 -1.6451 0.8447 1.6505 91.0045 -10.1755 42.7134 -52.0715 15.3589 7.2848 -15.3665 49.9649 -3.4894 -5.2355 11.1377 -12.4122 5.6050 -0.3223 10.8745 -0.6258 -16.7769 -3.7923 -17.8865 1.6448 -2.1176 -2.0176 -10.3419 -15.0771 -20.6194 0.2719 21.2321 0.4685 10.2205 -9.7658 9.0900 -1.4489 -0.9815 0.9593
-6.8692 98.0166 0.0688 1.6090 1.8459 3.8370 1.8948 2.6897 -0.4276 0.0923 -4.1394 -1.0532 3.9952 14.5272 -2.4901 5.5943 27.2099 0.6708 -1.7509 -3.9047 -1.0731 -3.7168 -9.0670 -1.1320 -0.0020 -0.0234 0.0383 0.6673 -10.5971 -3.8368 -0.6686 -10.6185 3.9234 -8.2698 15.9290 -4.9388 -61.1241 14.8483 -8.7907 1.2688 -0.4049 -98.2089 12.1842 25.8851 20.4416 -15.4067 10.6960 15.9367 -59.3214 1.4380 2.0880 22.3077 13.9952 12.3986 40.7823 0.8515 -1.7496 0.8219 1.7393 91.5114 -9.9522 42.8791 -52.3072 15.3216 7.2762 -15.3805 49.9442 -3.5070 -5.2504 11.0465 -12.7612 5.4608 -0.3181 11.3038 -0.6287 -16.6441 -3.9224 -18.0471 1.6454 -2.1469 -2.0103 -10.4030 -15.0484 -20.7105 0.2658 20.9238 0.4588 10.3941 -9.4612 9.0406 -1.4494 -1.0025 0.9501
-6.5812 98.0366 -0.0407 1.5360 1.8948 3.9033 1.8907 2.7081 -0.4096 0.0967 -4.1268 -1.0508 4.1436 14.5270 -2.4008 5.7037 27.3217 0.6665 -1.7293 -3.9057 -0.9572 -3.7452 -8.8963 -0.9711 -0.0020 -0.0283 0.0335 0.6715 -10.5916 -3.8408 -0.6727 -10.6125 3.9182 -7.9330 15.8587 -4.8102 -61.2989 14.7963 -8.9936 1.2871 -0.4565 -98.1452 12.2997 26.0719 20.4597 -15.4348 10.6918 15.9302 -59.3471 1.4591 2.0782 22.4094 13.9936 12.5411 40.7279 0.6510 -1.8071 0.7934 1.8039 91.9499 -9.8826 42.9426 -52.5545 15.2838 7.2868 -15.4060 49.9525 -3.4937 -5.2497 10.9393 -13.1520 5.3373 -0.3150 11.8649 -0.6347 -16.4590 -4.0984 -18.1488 1.6443 -2.1795 -2.0211 -10.4770 -15.0165 -20.7162 0.2669 20.5597 0.4507 10.6102 -9.1240 9.0276 -1.4495 -1.0552 0.9385
-6.2610 98.0419 -0.1813 1.4402 1.9426 3.8746 1.8611 2.7554 -0.3755 0.0976 -4.1058 -1.0453 4.2584 14.5306 -2.3028 5.7790 27.4227 0.6402 -1.7258 -3.9025 -0.8020 -3.7378 -8.7967 -0.8129 -0.0071 -0.0340 0.0366 0.6682 -10.5828 -3.8349 -0.6806 -10.6036 3.9213 -7.5477 15.7816 -4.6893 -61.4980 14.7237 -9.1328 1.2799 -0.5051 -98.1051 12.4976 26.4278 20.5479 -15.4388 10.6896 15.9275 -59.3908 1.4619 2.0951 22.4855 14.0392 12.6866 40.7590 0.4777 -1.8007 0.7413 1.8291 92.3301 -9.8719 43.0094 -52.8315 15.2469 7.2819 -15.4075 49.8939 -3.4916 -5.2513 10.8483 -13.5779 5.2080 -0.3186 12.5507 -0.6337 -16.2517 -4.3322 -18.1591 1.6431 -2.2039 -2.0319 -10.5651 -14.9874 -20.6144 0.2732 20.1709 0.4518 10.8756 -8.7733 8.9886 -1.4470 -1.1155 0.9338
-5.8952 98.0297 -0.3017 1.3345 1.9581 3.7539 1.8084 2.8350 -0.3650 0.0911 -4.0752 -1.0013 4.3213 14.5570 -2.2194 5.8446 27.5198 0.6326 -1.7279 -3.8999 -0.6316 -3.6931 -8.7152 -0.6725 -0.0182 -0.0384 0.0500 0.6594 -10.5768 -3.8179 -0.6942 -10.5939 3.9352 -7.1344 15.7311 -4.5800 -61.6853 14.6380 -9.2261 1.1866 -0.5243 -98.0846 12.6762 26.7817 20.6568 -15.4776 10.6952 15.9284 -59.4382 1.4692 2.1051 22.5466 14.0884 12.8174 40.8870 0.2821 -1.8033 0.8167 1.7858 92.7097 -10.0169 43.0683 -53.2073 15.2563 7.2919 -15.4071 49.9034 -3.4926 -5.2607 10.7595 -13.9960 5.0910 -0.3123 13.3280 -0.6224 -16.0020 -4.6049 -18.1311 1.6425 -2.2304 -2.0539 -10.6726 -14.9229 -20.4409 0.2772 19.7477 0.4650 11.1699 -8.4275 8.9525 -1.4428 -1.1883 0.9377
-5.4878 98.0155 -0.4410 1.2121 1.9692 3.5362 1.7307 2.9228 -0.3443 0.0799 -4.0527 -0.9555 4.3362 14.6213 -2.1456 5.8939 27.6070 0.6675 -1.6940 -3.8925 -0.4851 -3.5904 -8.6380 -0.5692 -0.0253 -0.0389 0.0575 0.6510 -10.5749 -3.8086 -0.7006 -10.5871 3.9443 -6.7194 15.7177 -4.4646 -61.8346 14.6426 -9.4611 1.1855 -0.4854 -98.0829 12.6890 27.0045 20.7514 -15.5015 10.6945 15.9105 -59.4741 1.4752 2.1179 22.6372 14.1433 12.9491 41.0546 0.1605 -1.7267 0.9287 1.7658 93.0528 -10.1712 43.1277 -53.5804 15.2578 7.3038 -15.4034 49.9176 -3.5101 -5.2886 10.6719 -14.4235 5.0476 -0.3138 14.1547 -0.6242 -15.7160 -4.8874 -18.1027 1.6434 -2.2248 -2.0657 -10.7792 -14.8332 -20.1860 0.2715 19.2555 0.4654 11.4653 -8.0898 8.9553 -1.4396 -1.2771 0.9455
-5.0499 97.9986 -0.5764 1.0743 1.9758 3.2507 1.6387 3.0289 -0.3254 0.0514 -4.0283 -0.8974 4.2976 14.6993 -2.0889 5.9293 27.7028 0.7097 -1.6585 -3.8867 -0.3483 -3.4730 -8.5973 -0.4820 -0.0293 -0.0337 0.0635 0.6502 -10.5747 -3.8016 -0.7076 -10.5854 3.9506 -6.2656 15.7164 -4.3765 -62.0065 14.6981 -9.7888 1.2011 -0.4194 -98.0207 12.6039 27.1711 20.8594 -15.4751 10.7148 15.8986 -59.5170 1.4932 2.1076 22.6896 14.2212 13.0565 41.3375 0.1786 -1.4685 1.0211 1.7649 93.3551 -10.2995 43.2940 -53.9840 15.2487 7.3218 -15.4014 49.9304 -3.5155 -5.3119 10.5830 -14.8285 5.0346 -0.3137 14.9720 -0.6215 -15.4188 -5.1753 -18.0021 1.6400 -2.1883 -2.0793 -10.8672 -14.7330 -19.9164 0.2665 18.7112 0.4558 11.7536 -7.7353 9.0082 -1.4378 -1.3639 0.9540
-4.5934 98.0148 -0.7496 0.9189 1.9981 2.9219 1.5334 3.1409 -0.3022 0.0103 -4.0001 -0.8435 4.1995 14.7607 -2.0426 5.9389 27.8405 0.7329 -1.5903 -3.8784 -0.2104 -3.3151 -8.6117 -0.4106 -0.0328 -0.0313 0.0734 0.6475 -10.5736 -3.7927 -0.7126 -10.5831 3.9637 -5.8365 15.7212 -4.3063 -62.1609 14.7697 -10.1953 1.2063 -0.3663 -97.8653 12.5129 27.6104 21.1169 -15.4482 10.7366 15.8766 -59.5575 1.5013 2.0768 22.7209 14.3789 13.1648 41.7509 0.3250 -1.0107 1.0239 1.8555 93.5230 -10.2854 43.5691 -54.3379 15.2263 7.3419 -15.3919 49.9315 -3.4987 -5.3393 10.4967 -15.2218 5.0675 -0.3123 15.7507 -0.6116 -15.0784 -5.4440 -17.8018 1.6389 -2.1801 -2.0844 -10.9287 -14.5960 -19.6529 0.2570 18.0588 0.4396 12.0433 -7.3434 9.0713 -1.4377 -1.4543 0.9555
-4.1592 98.0281 -0.9051 0.7637 2.0257 2.5702 1.3978 3.2660 -0.2978 -0.0411 -3.9582 -0.7833 4.0216 14.8148 -2.0352 5.9101 27.9689 0.7392 -1.4909 -3.8662 -0.0865 -3.1194 -8.6739 -0.3452 -0.0358 -0.0295 0.0790 0.6446 -10.5686 -3.7871 -0.7154 -10.5785 3.9683 -5.4240 15.6982 -4.2451 -62.2779 14.8320 -10.6040 1.1823 -0.3363 -97.6894 12.3229 28.1178 21.3780 -15.4166 10.7796 15.8915 -59.6022 1.4992 2.0676 22.6788 14.5205 13.1973 42.3409 0.5850 -0.4004 0.9889 1.9347 93.6005 -10.1677 43.8470 -54.6270 15.2341 7.3511 -15.3526 50.0402 -3.4587 -5.3442 10.4006 -15.6058 5.1574 -0.3105 16.4789 -0.6109 -14.7164 -5.6898 -17.6225 1.6365 -2.1419 -2.0810 -10.9705 -14.4470 -19.4514 0.2483 17.3260 0.4401 12.3367 -6.8958 9.1633 -1.4353 -1.5387 0.9541
-3.7174 98.0324 -1.0548 0.6195 2.0876 2.1825 1.2185 3.3939 -0.2943 -0.1066 -3.9033 -0.7188 3.7609 14.8364 -2.0566 5.8623 28.0697 0.7240 -1.3745 -3.8629 0.0305 -2.8867 -8.7707 -0.3199 -0.0385 -0.0301 0.0853 0.6409 -10.5679 -3.7827 -0.7165 -10.5760 3.9765 -5.0747 15.6399 -4.1822 -62.3415 14.9128 -11.0110 1.1743 -0.3176 -97.4908 12.0079 28.6020 21.5942 -15.3762 10.7854 15.8816 -59.5441 1.4981 2.0843 22.6188 14.6617 13.1764 43.0344 0.8438 0.2328 1.0174 2.0226 93.5786 -9.9880 43.9485 -54.7538 15.2319 7.3601 -15.3170 50.1170 -3.4299 -5.3349 10.2727 -15.9963 5.3333 -0.3139 17.1600 -0.6255 -14.3264 -5.9094 -17.3967 1.6345 -2.1306 -2.0780 -11.0195 -14.3319 -19.2993 0.2430 16.5497 0.4412 12.7066 -6.4196 9.3315 -1.4344 -1.6316 0.9626
-3.3122 98.0552 -1.2185 0.4818 2.1781 1.7547 1.0008 3.5435 -0.2877 -0.1752 -3.8460 -0.6647 3.4110 14.8601 -2.0704 5.7614 28.1384 0.7036 -1.2821 -3.8642 0.1513 -2.6192 -8.9668 -0.3472 -0.0398 -0.0300 0.0874 0.6425 -10.5814 -3.7827 -0.7210 -10.5924 3.9799 -4.8027 15.5324 -4.1358 -62.3359 14.9600 -11.2677 1.1718 -0.2764 -97.4258 11.5970 28.9098 21.7324 -15.3035 10.8084 15.8813 -59.5191 1.5129 2.0984 22.4847 14.7917 13.1354 43.8474 1.1269 0.7936 1.0768 2.0596 93.6468 -9.9957 44.0016 -54.9689 15.2739 7.3655 -15.2918 50.2351 -3.4263 -5.3317 10.1229 -16.4248 5.6061 -0.3249 17.8220 -0.6511 -13.9618 -6.1020 -17.2040 1.6332 -2.1164 -2.0630 -11.0573 -14.2898 -19.1547 0.2404 15.7989 0.4606 13.1275 -5.9323 9.5606 -1.4339 -1.7418 0.9740
-2.8866 98.0558 -1.3761 0.3430 2.3064 1.3105 0.7472 3.6955 -0.2553 -0.2492 -3.7909 -0.6163 2.9932 14.8658 -2.0618 5.6450 28.1242 0.7392 -1.2381 -3.8624 0.2257 -2.3151 -9.2301 -0.4424 -0.0331 -0.0233 0.0731 0.6536 -10.5963 -3.8043 -0.7189 -10.6119 3.9704 -4.6187 15.3855 -4.1068 -62.2726 14.9439 -11.2900 1.1383 -0.2387 -97.5063 11.2405 29.0737 21.8516 -15.2450 10.8605 15.8998 -59.5771 1.5475 2.0917 22.2929 14.9274 13.0455 44.7332 1.3965 1.1784 1.2093 2.0582 93.7727 -10.0859 44.0222 -55.1678 15.3463 7.3830 -15.2510 50.3402 -3.4212 -5.2821 9.9660 -16.8914 5.9336 -0.3343 18.4644 -0.6668 -13.6039 -6.3049 -17.0494 1.6310 -2.0759 -2.0480 -11.0809 -14.3109 -18.9980 0.2311 15.0941 0.4569 13.5805 -5.4714 9.8271 -1.4354 -1.8394 0.9874
-2.4988 98.0510 -1.5455 0.2154 2.4613 0.9193 0.4805 3.8431 -0.2189 -0.3322 -3.7297 -0.5494 2.5318 14.8508 -2.0557 5.4651 28.0642 0.8167 -1.1903 -3.8697 0.2399 -2.0127 -9.5735 -0.5413 -0.0239 -0.0150 0.0550 0.6620 -10.5956 -3.8261 -0.7093 -10.6150 3.9526 -4.5537 15.2482 -4.1103 -62.1654 14.8286 -11.0325 1.0529 -0.2402 -97.6995 11.1387 29.1287 22.0689 -15.1846 10.9076 15.9208 -59.5908 1.5842 2.0785 22.0853 15.0901 12.9177 45.5552 1.6306 1.4363 1.3060 2.0599 93.8744 -10.2689 44.0247 -55.2888 15.4280 7.3743 -15.2180 50.4072 -3.3975 -5.2513 9.8050 -17.3444 6.2278 -0.3428 19.0064 -0.6831 -13.2726 -6.4763 -16.8585 1.6293 -2.0557 -2.0311 -11.0892 -14.3844 -18.9293 0.2211 14.4313 0.4629 14.0139 -5.0192 10.0397 -1.4375 -1.9477 1.0048
-2.1227 98.0407 -1.7137 0.1012 2.6344 0.5622 0.2033 3.9990 -0.1834 -0.4124 -3.6781 -0.4765 2.0146 14.8369 -2.0597 5.1842 27.9482 0.9584 -1.1195 -3.8689 0.1892 -1.7113 -9.9827 -0.6060 -0.0182 -0.0103 0.0428 0.6636 -10.5907 -3.8372 -0.7005 -10.6146 3.9377 -4.6113 15.1198 -4.1155 -62.0248 14.6159 -10.5064 0.9317 -0.2667 -97.9447 11.3073 29.1182 22.4043 -15.1428 10.9476 15.9574 -59.5954 1.6104 2.0488 21.8606 15.2371 12.7773 46.2656 1.8115 1.5081 1.4339 2.0434 93.9090 -10.5620 43.9246 -55.2273 15.5035 7.3507 -15.2221 50.4090 -3.3712 -5.2489 9.6255 -17.7869 6.4477 -0.3451 19.4895 -0.6886 -12.9515 -6.6224 -16.5786 1.6294 -2.0333 -2.0336 -11.0917 -14.4912 -18.9032 0.2199 13.8111 0.4732 14.4100 -4.5947 10.2304 -1.4364 -2.0657 1.0198
-1.7386 98.0452 -1.8553 -0.0133 2.8208 0.2624 -0.0739 4.1439 -0.1511 -0.4968 -3.6338 -0.3870 1.4695 14.8220 -2.0675 4.8110 27.8096 1.1501 -1.0305 -3.8613 0.1596 -1.3846 -10.3685 -0.6398 -0.0163 -0.0131 0.0359 0.6590 -10.5795 -3.8393 -0.6930 -10.6075 3.9258 -4.7930 15.0023 -4.1098 -61.8250 14.4199 -9.9236 0.8924 -0.3008 -98.1695 11.5911 29.0841 22.8488 -15.1178 10.9510 15.9640 -59.5667 1.6163 2.0158 21.6369 15.3853 12.6534 46.8406 1.9610 1.4304 1.5461 2.0286 93.8490 -10.9996 43.6554 -54.9838 15.5523 7.3232 -15.2371 50.3566 -3.3631 -5.2589 9.4538 -18.2087 6.6015 -0.3464 19.9095 -0.6989 -12.6443 -6.7741 -16.2371 1.6313 -2.0072 -2.0465 -11.0798 -14.5804 -18.8776 0.2235 13.1713 0.4903 14.7874 -4.1591 10.3710 -1.4320 -2.1750 1.0330
-1.3842 98.0395 -2.0051 -0.1256 3.0053 0.0191 -0.3533 4.2586 -0.1354 -0.5799 -3.5845 -0.2591 0.9175 14.8170 -2.0655 4.4123 27.6529 1.3819 -0.9349 -3.8450 0.1787 -1.0559 -10.6761 -0.6410 -0.0171 -0.0182 0.0326 0.6522 -10.5641 -3.8354 -0.6885 -10.5951 3.9158 -5.0480 14.8913 -4.0880 -61.5851 14.1780 -9.3178 0.8431 -0.3760 -98.3209 11.9042 29.1053 23.3779 -15.0877 10.9411 15.9600 -59.4778 1.6078 1.9881 21.4563 15.5306 12.5518 47.2322 2.0679 1.2415 1.6109 1.9919 93.7404 -11.4455 43.1396 -54.5830 15.5869 7.2841 -15.2448 50.2453 -3.3854 -5.2637 9.2867 -18.5989 6.7096 -0.3511 20.2477 -0.7197 -12.3461 -6.8747 -15.9370 1.6342 -1.9441 -2.0498 -11.0687 -14.6146 -18.8201 0.2240 12.4926 0.4958 15.1405 -3.7082 10.4217 -1.4286 -2.2587 1.0474
-1.0526 98.0263 -2.1394 -0.2367 3.1743 -0.1484 -0.6232 4.3753 -0.0957 -0.6550 -3.5485 -0.1561 0.3548 14.8288 -2.0361 4.0081 27.5184 1.6193 -0.8688 -3.8243 0.2977 -0.7282 -10.9201 -0.6314 -0.0208 -0.0186 0.0339 0.6436 -10.5441 -3.8257 -0.6889 -10.5774 3.9122 -5.3522 14.7943 -4.0586 -61.3450 13.9004 -8.7332 0.7651 -0.4396 -98.4622 12.2398 29.1778 23.9794 -15.0621 10.9364 15.9506 -59.4167 1.6159 1.9477 21.2270 15.6384 12.4750 47.5702 2.1765 0.9458 1.6638 1.8785 93.5972 -12.0173 42.6029 -54.2185 15.6162 7.2230 -15.2416 50.1153 -3.4081 -5.2447 9.1459 -18.9977 6.7565 -0.3562 20.6054 -0.7334 -12.0548 -6.9601 -15.6666 1.6390 -1.8383 -2.0449 -11.0476 -14.6297 -18.7723 0.2183 11.8711 0.4792 15.4535 -3.2901 10.4520 -1.4272 -2.2992 1.0640
-0.7529 98.0203 -2.2855 -0.3442 3.3517 -0.2290 -0.8739 4.4862 -0.0871 -0.7385 -3.4998 -0.0059 -0.2022 14.8336 -1.9945 3.5956 27.4255 1.8648 -0.7965 -3.8077 0.4780 -0.4065 -11.1769 -0.5528 -0.0248 -0.0173 0.0356 0.6383 -10.5322 -3.8203 -0.6923 -10.5677 3.9111 -5.6890 14.6977 -4.0252 -61.0690 13.6189 -8.3027 0.6991 -0.5013 -98.6069 12.5381 29.2297 24.6143 -15.0493 10.9279 15.9405 -59.3684 1.6173 1.9101 20.9786 15.7426 12.4595 47.8614 2.3112 0.5617 1.6717 1.7612 93.5168 -12.7446 42.2640 -54.1057 15.6632 7.2161 -15.2795 50.0418 -3.4124 -5.2169 9.0218 -19.4654 6.7740 -0.3597 21.0218 -0.7500 -11.7563 -7.0326 -15.5148 1.6411 -1.7730 -2.0349 -11.0166 -14.6815 -18.8149 0.2163 11.3407 0.4717 15.6929 -2.9189 10.4958 -1.4265 -2.3287 1.0724
-0.4815 97.9950 -2.4375 -0.4512 3.4984 -0.2355 -1.0893 4.5934 -0.0645 -0.8231 -3.4433 0.1452 -0.7429 14.8343 -1.9455 3.1900 27.3229 2.1034 -0.7442 -3.7996 0.7049 -0.0846 -11.3998 -0.4395 -0.0295 -0.0134 0.0372 0.6325 -10.5116 -3.8123 -0.6967 -10.5466 3.9090 -6.0235 14.5837 -3.9795 -60.8058 13.3819 -8.0475 0.6492 -0.5415 -98.7144 12.7455 29.2271 25.1607 -15.0605 10.9484 15.9271 -59.3955 1.6333 1.8508 20.7186 15.8261 12.5057 48.1080 2.5068 0.1371 1.6953 1.6494 93.4879 -13.3864 42.0842 -54.1680 15.6809 7.2037 -15.3005 49.9064 -3.4238 -5.1802 8.9306 -19.9364 6.7739 -0.3698 21.4660 -0.7611 -11.4625 -7.1136 -15.4763 1.6450 -1.7043 -2.0390 -10.9783 -14.7564 -18.9312 0.2159 10.9568 0.4738 15.9058 -2.6282 10.5554 -1.4258 -2.3221 1.0721
-0.2509 97.9627 -2.5671 -0.5537 3.6033 -0.1045 -1.2771 4.7153 -0.0448 -0.9049 -3.3884 0.2924 -1.2640 14.8591 -1.9204 2.7786 27.2656 2.3126 -0.6812 -3.7937 0.9769 0.2021 -11.6195 -0.2636 -0.0356 -0.0088 0.0445 0.6254 -10.4927 -3.8006 -0.7032 -10.5271 3.9154 -6.3504 14.4939 -3.9500 -60.5402 13.0966 -7.9258 0.5596 -0.5989 -98.7830 12.9339 29.0133 25.6309 -15.0479 10.9566 15.9179 -59.4074 1.6392 1.7965 20.4707 15.9175 12.5953 48.2832 2.7269 -0.2426 1.7376 1.5374 93.5049 -13.7270 41.9385 -54.1604 15.6689 7.2201 -15.3455 49.8030 -3.4214 -5.1552 8.8624 -20.4027 6.7156 -0.3875 21.9301 -0.7872 -11.1851 -7.1985 -15.5358 1.6497 -1.7084 -2.0516 -10.9531 -14.8407 -19.1004 0.2170 10.7334 0.4717 16.0916 -2.4121 10.5556 -1.4263 -2.3168 1.0782
-0.0322 97.9320 -2.6918 -0.6440 3.6887 0.1167 -1.4465 4.8445 -0.0388 -0.9811 -3.3356 0.4400 -1.7714 14.8968 -1.8893 2.3745 27.2592 2.4674 -0.6005 -3.7756 1.2978 0.4631 -11.8550 -0.0235 -0.0444 -0.0034 0.0574 0.6175 -10.4747 -3.7832 -0.7137 -10.5078 3.9279 -6.6782 14.4131 -3.9615 -60.2349 12.7538 -7.8991 0.4447 -0.6212 -98.8290 13.0441 28.7435 26.0320 -15.0149 10.9662 15.9541 -59.3385 1.6359 1.8015 20.2345 16.0062 12.7000 48.3918 3.0211 -0.4820 1.7743 1.5028 93.5768 -13.5733 41.6265 -53.8638 15.6429 7.2297 -15.3542 49.6923 -3.4013 -5.1381 8.7859 -20.8625 6.6085 -0.3938 22.3822 -0.8010 -10.9198 -7.2827 -15.6637 1.6535 -1.7292 -2.0594 -10.9351 -14.9317 -19.2864 0.2170 10.6078 0.4740 16.2112 -2.2489 10.4723 -1.4266 -2.3006 1.0896
0.1586 97.9112 -2.8184 -0.7200 3.7623 0.4367 -1.6009 4.9633 -0.0227 -1.0419 -3.2786 0.5762 -2.2518 14.9403 -1.9039 2.0096 27.2778 2.5831 -0.5116 -3.7498 1.6444 0.6693 -12.0883 0.2243 -0.0554 -0.0015 0.0759 0.6024 -10.4582 -3.7612 -0.7214 -10.4920 3.9476 -6.9609 14.3471 -3.9701 -59.9410 12.3336 -8.0235 0.3377 -0.6683 -98.8028 13.2067 28.5723 26.4294 -14.9571 10.9692 16.0053 -59.2846 1.6363 1.8481 20.0119 16.0558 12.8425 48.4427 3.3408 -0.6262 1.8643 1.5509 93.7512 -13.0108 41.1967 -53.3452 15.5896 7.2153 -15.3334 49.5687 -3.3908 -5.1583 8.6991 -21.3067 6.4803 -0.4097 22.7986 -0.8342 -10.6748 -7.3287 -15.8706 1.6583 -1.7765 -2.0597 -10.9369 -15.0010 -19.4443 0.2164 10.5444 0.4870 16.2578 -2.1150 10.2778 -1.4276 -2.3424 1.1001
0.3526 97.8796 -2.9351 -0.7805 3.7940 0.8336 -1.7585 5.0944 -0.0060 -1.0963 -3.2127 0.6634 -2.7052 14.9888 -1.9023 1.6802 27.3664 2.6673 -0.4353 -3.7344 2.0251 0.8641 -12.3370 0.4447 -0.0696 -0.0000 0.0981 0.5832 -10.4452 -3.7341 -0.7307 -10.4765 3.9699 -7.1553 14.2907 -3.9877 -59.7141 11.8200 -8.2080 0.2131 -0.7848 -98.7231 13.4547 28.3823 26.7596 -14.9202 10.9707 16.0785 -59.2202 1.6310 1.9234 19.7391 16.1062 12.9685 48.4663 3.7288 -0.5578 1.9185 1.6517 94.0155 -12.2081 40.8944 -52.7654 15.5697 7.2061 -15.3011 49.5648 -3.3820 -5.1611 8.5857 -21.7063 6.3611 -0.4263 23.1956 -0.8668 -10.4391 -7.3763 -16.1722 1.6632 -1.8084 -2.0450 -10.9853 -15.0505 -19.5681 0.2118 10.5706 0.4913 16.2381 -2.0082 10.0127 -1.4286 -2.3858 1.1103
0.5400 97.8491 -3.0699 -0.8249 3.7667 1.3258 -1.9082 5.2429 0.0084 -1.1393 -3.1453 0.7055 -3.1126 15.0480 -1.8733 1.4032 27.5039 2.7044 -0.4090 -3.7246 2.3653 1.0608 -12.5603 0.5682 -0.0796 0.0067 0.1102 0.5706 -10.4361 -3.7175 -0.7389 -10.4650 3.9811 -7.2803 14.2230 -4.0532 -59.5211 11.3041 -8.5342 0.1099 -0.8573 -98.5761 13.6102 28.1612 26.9361 -14.8990 10.9904 16.1429 -59.2305 1.6457 1.9605 19.4164 16.1676 13.0688 48.5042 4.0897 -0.4023 1.9622 1.7147 94.4374 -11.5073 40.8096 -52.3458 15.5858 7.1852 -15.2658 49.5856 -3.3904 -5.1415 8.4794 -22.0508 6.1704 -0.4443 23.6234 -0.8930 -10.2317 -7.4496 -16.4997 1.6723 -1.8613 -2.0286 -11.0652 -15.0740 -19.6507 0.2003 10.7383 0.4846 16.1298 -1.9529 9.6764 -1.4330 -2.4169 1.1132
0.7147 97.7836 -3.1856 -0.8765 3.6608 1.8722 -2.0298 5.3965 0.0200 -1.1848 -3.0764 0.7320 -3.4477 15.1411 -1.8564 1.1844 27.6947 2.7187 -0.4267 -3.7236 2.6035 1.2422 -12.8432 0.6065 -0.0870 0.0147 0.1197 0.5629 -10.4242 -3.7052 -0.7467 -10.4524 3.9910 -7.3354 14.2409 -4.1302 -59.3676 10.6939 -9.0057 -0.0183 -0.8891 -98.3490 13.7808 28.1613 27.0302 -14.9169 11.0225 16.1783 -59.2955 1.6659 1.9662 19.0316 16.2517 13.1340 48.6100 4.2774 -0.2572 2.0316 1.7656 95.0108 -11.1737 40.9549 -52.2393 15.6249 7.1758 -15.2637 49.6232 -3.3663 -5.1356 8.4166 -22.3664 5.9297 -0.4654 24.1577 -0.9239 -10.0439 -7.5938 -16.8366 1.6811 -1.9025 -2.0232 -11.1852 -15.0953 -19.7118 0.1901 11.1452 0.4731 15.9858 -2.0464 9.3102 -1.4392 -2.4206 1.1189
0.9262 97.7024 -3.2944 -0.9306 3.4728 2.4056 -2.1279 5.5395 0.0046 -1.2228 -3.0093 0.7834 -3.7249 15.2829 -1.8460 1.0300 27.9242 2.7287 -0.4653 -3.7226 2.7114 1.4042 -13.1606 0.5755 -0.0898 0.0223 0.1216 0.5603 -10.4044 -3.6981 -0.7496 -10.4326 3.9867 -7.3438 14.3073 -4.1923 -59.2198 10.0707 -9.6945 -0.1105 -0.8350 -97.9785 13.9008 28.1868 26.9323 -14.9553 11.0548 16.2210 -59.3844 1.6851 1.9770 18.6314 16.3391 13.1850 48.7233 4.3380 -0.0906 2.0469 1.8128 95.6368 -11.1880 41.1984 -52.3990 15.6797 7.1710 -15.2660 49.6813 -3.3256 -5.1080 8.3674 -22.6288 5.6457 -0.4730 24.7824 -0.9318 -9.8494 -7.7769 -17.1665 1.6884 -1.9640 -2.0271 -11.3187 -15.0976 -19.7908 0.1880 11.6889 0.4769 15.7873 -2.2362 8.9236 -1.4434 -2.4309 1.1183
1.1091 97.5959 -3.3925 -0.9786 3.1865 2.8735 -2.2224 5.6882 0.0258 -1.2539 -2.9610 0.7993 -3.9373 15.4898 -1.8242 0.9442 28.2116 2.7212 -0.5204 -3.7230 2.7266 1.5090 -13.4616 0.5068 -0.0872 0.0302 0.1169 0.5688 -10.3765 -3.6960 -0.7536 -10.4060 3.9743 -7.3144 14.4325 -4.2282 -59.0745 9.4346 -10.5457 -0.1343 -0.7201 -97.4578 13.9433 28.0424 26.5802 -14.9894 11.0749 16.2757 -59.5104 1.7080 1.9720 18.3104 16.4579 13.2519 48.7524 4.2559 0.1078 2.0483 1.8200 96.1909 -11.4549 41.4137 -52.7032 15.7659 7.1795 -15.2888 49.7536 -3.2767 -5.0978 8.3270 -22.8088 5.3850 -0.4848 25.5181 -0.9448 -9.6553 -8.0279 -17.4296 1.6932 -1.9984 -2.0445 -11.5015 -15.1037 -19.8338 0.1862 12.4301 0.4614 15.5960 -2.5562 8.6076 -1.4486 -2.3959 1.1144
1.3072 97.4615 -3.4772 -1.0360 2.8313 3.2463 -2.3081 5.8243 0.0605 -1.2911 -2.9181 0.8275 -4.0798 15.7631 -1.8305 0.9070 28.5907 2.7293 -0.5878 -3.7205 2.6562 1.5507 -13.7189 0.4366 -0.0798 0.0364 0.1047 0.5833 -10.3499 -3.7039 -0.7537 -10.3785 3.9543 -7.2935 14.5949 -4.2389 -58.8426 8.7936 -11.4827 -0.0558 -0.5923 -96.7879 13.8922 27.8901 26.0338 -15.0502 11.0922 16.3388 -59.6517 1.7129 1.9524 18.1102 16.6165 13.3393 48.7196 4.0079 0.3819 1.9664 1.7350 96.5426 -11.9434 41.4747 -53.0592 15.8410 7.1771 -15.3173 49.7950 -3.2638 -5.0855 8.3071 -22.9078 5.1488 -0.4889 26.2868 -0.9416 -9.4374 -8.3327 -17.6174 1.6904 -1.9742 -2.0591 -11.6940 -15.0910 -19.8546 0.1924 13.2294 0.4751 15.3972 -2.8648 8.3190 -1.4511 -2.3256 1.1121
1.4800 97.3290 -3.5310 -1.0923 2.4614 3.4846 -2.3905 5.9142 0.1087 -1.3251 -2.8919 0.8495 -4.1766 16.0773 -1.8291 0.8264 29.0330 2.7302 -0.6375 -3.7136 2.5107 1.5444 -13.8900 0.3976 -0.0788 0.0386 0.1002 0.5900 -10.3327 -3.7049 -0.7591 -10.3621 3.9460 -7.3295 14.7654 -4.2586 -58.4639 8.1537 -12.1911 0.0411 -0.4465 -96.0556 13.8226 27.7611 25.4010 -15.0697 11.0809 16.3511 -59.6974 1.7026 1.9101 18.0130 16.8075 13.4383 48.7600 3.6269 0.7283 1.8094 1.6286 96.5716 -12.8609 41.2639 -53.4483 15.9018 7.1282 -15.3748 49.7263 -3.2845 -5.1210 8.2944 -22.9454 4.9826 -0.4860 27.0471 -0.9361 -9.2014 -8.6671 -17.7471 1.6846 -1.9393 -2.0767 -11.8916 -15.0319 -19.8253 0.1979 13.9194 0.4886 15.2452 -3.1462 8.0862 -1.4521 -2.2240 1.1068
1.6551 97.1954 -3.5715 -1.1643 2.1321 3.5515 -2.4544 5.9395 0.1216 -1.3635 -2.8629 0.9246 -4.2482 16.3731 -1.8447 0.6748 29.4323 2.7715 -0.6996 -3.7045 2.3348 1.5505 -13.9797 0.3769 -0.0827 0.0344 0.1041 0.5837 -10.3115 -3.6973 -0.7615 -10.3451 3.9474 -7.4607 14.8948 -4.2365 -57.9348 7.5093 -12.3557 0.0408 -0.3339 -95.4303 13.9189 27.7654 24.9668 -15.1043 11.0610 16.3353 -59.6182 1.6861 1.8869 17.9554 16.9533 13.5132 48.9682 3.1180 1.0626 1.7160 1.5787 96.2963 -14.0633 40.8324 -53.7844 15.9433 7.0706 -15.4470 49.6045 -3.3271 -5.1954 8.2941 -22.9303 4.9951 -0.4801 27.6758 -0.9251 -8.9688 -8.9383 -17.8883 1.6792 -1.8897 -2.0905 -12.0583 -14.8984 -19.7361 0.2082 14.3298 0.5134 15.1390 -3.2962 7.9205 -1.4491 -2.1437 1.1101
1.8327 97.0882 -3.5805 -1.2386 1.8340 3.4400 -2.4931 5.9647 0.1249 -1.3799 -2.8533 0.9768 -4.2992 16.6165 -1.8322 0.4008 29.8088 2.8537 -0.7266 -3.7027 2.1657 1.5582 -13.9903 0.3538 -0.0894 0.0290 0.1123 0.5739 -10.3057 -3.6834 -0.7658 -10.3394 3.9522 -7.6082 14.9562 -4.2106 -57.4265 6.8854 -11.8253 -0.0470 -0.3208 -95.1021 14.2050 27.5691 24.7475 -15.0776 11.0230 16.2890 -59.4500 1.6637 1.8796 17.8361 17.1047 13.5957 49.2845 2.6658 1.3556 1.6342 1.4720 95.9879 -14.8249 40.3658 -53.6534 15.9453 7.0446 -15.5003 49.5769 -3.3572 -5.2305 8.2843 -22.8716 5.1249 -0.4826 28.2340 -0.9285 -8.7028 -9.1813 -17.9271 1.6743 -1.8475 -2.0960 -12.1945 -14.7526 -19.6132 0.2257 14.5568 0.5397 15.0551 -3.3487 7.9031 -1.4421 -2.0716 1.1126
2.0349 97.0022 -3.5843 -1.2920 1.5778 3.1622 -2.5197 5.9954 0.1432 -1.3786 -2.8575 0.9921 -4.3344 16.7800 -1.7972 0.0160 30.1371 2.9296 -0.7383 -3.7072 2.0542 1.5756 -13.9439 0.3105 -0.0927 0.0256 0.1135 0.5667 -10.3146 -3.6792 -0.7658 -10.3434 3.9512 -7.7311 14.9865 -4.1654 -56.9642 6.3528 -10.8123 -0.1367 -0.3493 -95.0921 14.5877 26.9085 24.5590 -15.0404 10.9894 16.2368 -59.2987 1.6530 1.8920 17.6973 17.2498 13.6633 49.5763 2.3848 1.6300 1.5717 1.3815 95.8202 -14.7554 39.9340 -52.9185 15.9579 7.0404 -15.5140 49.6817 -3.3703 -5.2412 8.2451 -22.7574 5.3307 -0.4788 28.6994 -0.9182 -8.4282 -9.4229 -17.8526 1.6714 -1.8190 -2.0814 -12.3261 -14.6148 -19.3848 0.2406 14.6356 0.5495 15.0478 -3.3013 7.9417 -1.4372 -2.0212 1.1170
2.2374 96.9509 -3.5652 -1.3080 1.3634 2.7300 -2.5594 6.0077 0.1439 -1.3728 -2.8644 0.9985 -4.3532 16.8565 -1.7426 -0.4145 30.3598 2.9598 -0.7389 -3.7071 2.0172 1.6045 -13.9055 0.2902 -0.0946 0.0222 0.1120 0.5628 -10.3225 -3.6791 -0.7656 -10.3490 3.9477 -7.7992 14.9884 -4.1077 -56.5401 5.9298 -9.4223 -0.2434 -0.4357 -95.3879 14.9962 25.9391 24.2909 -15.0073 10.9547 16.2089 -59.1426 1.6295 1.9101 17.5447 17.3755 13.7048 49.7963 2.2771 1.9229 1.5105 1.3743 95.7126 -14.1044 39.6347 -51.8774 15.9612 7.0546 -15.5125 49.8240 -3.3587 -5.2400 8.1577 -22.5738 5.6230 -0.4785 29.0187 -0.9233 -8.1864 -9.6290 -17.6253 1.6691 -1.8051 -2.0497 -12.4837 -14.4979 -19.1019 0.2454 14.5808 0.5605 15.0889 -3.2037 8.0668 -1.4332 -1.9924 1.1303
2.4309 96.9292 -3.5295 -1.2830 1.2057 2.1899 -2.6170 5.9669 0.1368 -1.3720 -2.8811 1.0124 -4.3662 16.8668 -1.6883 -0.8109 30.4807 2.9905 -0.7192 -3.7022 2.0155 1.6567 -13.8637 0.2799 -0.0948 0.0198 0.1108 0.5609 -10.3296 -3.6809 -0.7641 -10.3519 3.9463 -7.8168 14.9812 -4.0431 -56.0934 5.6043 -7.9022 -0.2967 -0.4881 -95.8424 15.2683 24.7630 23.8932 -14.9847 10.8899 16.1699 -59.0257 1.5976 1.9192 17.4205 17.4601 13.7251 49.9209 2.2942 2.1837 1.4408 1.4291 95.5433 -13.2860 39.3817 -50.7736 15.9222 7.0750 -15.5051 49.9149 -3.3476 -5.2334 8.0248 -22.3234 5.9415 -0.4769 29.1670 -0.9347 -8.0154 -9.7878 -17.2570 1.6705 -1.7954 -2.0163 -12.6537 -14.4139 -18.7776 0.2423 14.4099 0.5533 15.1757 -3.0248 8.2535 -1.4320 -1.9856 1.1465
2.6450 96.9442 -3.4854 -1.2131 1.0799 1.5989 -2.6890 5.8928 0.1439 -1.3770 -2.9152 1.0335 -4.3803 16.8203 -1.6684 -1.1654 30.5523 3.0048 -0.6749 -3.7100 2.0358 1.7039 -13.8198 0.2867 -0.0873 0.0177 0.1022 0.5664 -10.3334 -3.6904 -0.7540 -10.3547 3.9351 -7.7593 14.9529 -3.9732 -55.6355 5.3947 -6.4475 -0.2454 -0.5115 -96.3489 15.4435 23.6203 23.4569 -14.9560 10.8353 16.1373 -58.9592 1.5807 1.8871 17.3073 17.4948 13.7018 49.9643 2.4116 2.3942 1.3777 1.5278 95.2276 -12.3770 39.2240 -49.7307 15.8889 7.0915 -15.4790 49.9281 -3.3497 -5.2337 7.8527 -22.0261 6.2844 -0.4786 29.1957 -0.9444 -7.9082 -9.8986 -16.7905 1.6742 -1.7845 -1.9820 -12.8343 -14.3680 -18.4702 0.2384 14.1937 0.5593 15.3524 -2.8097 8.4869 -1.4330 -1.9794 1.1566
2.8117 96.9759 -3.4220 -1.1222 0.9626 0.9609 -2.7596 5.7833 0.1394 -1.3901 -2.9506 1.0510 -4.4191 16.7212 -1.6566 -1.4862 30.5455 3.0329 -0.5999 -3.7183 2.0579 1.7601 -13.6999 0.3101 -0.0800 0.0166 0.0941 0.5729 -10.3434 -3.7033 -0.7453 -10.3637 3.9278 -7.6723 14.8836 -3.8962 -55.1236 5.2118 -5.0934 -0.2071 -0.5758 -96.7585 15.5492 22.6848 23.0585 -14.9472 10.7963 16.1261 -58.9035 1.5722 1.8668 17.1944 17.4969 13.6520 49.9694 2.5845 2.5449 1.3291 1.5734 94.7024 -11.4702 39.1698 -48.8754 15.8556 7.1125 -15.4496 49.9336 -3.3345 -5.2056 7.6669 -21.6719 6.6779 -0.4737 29.1189 -0.9370 -7.8793 -9.9894 -16.3366 1.6778 -1.7540 -1.9499 -13.0110 -14.3251 -18.1814 0.2313 13.9412 0.5583 15.5271 -2.5932 8.7314 -1.4355 -1.9775 1.1590
2.9745 97.0237 -3.3418 -0.9934 0.8514 0.2964 -2.8373 5.6483 0.1673 -1.4049 -3.0129 1.0306 -4.4890 16.5926 -1.6449 -1.8062 30.4414 3.0817 -0.5409 -3.7288 2.0684 1.8577 -13.4941 0.2824 -0.0743 0.0136 0.0893 0.5761 -10.3567 -3.7134 -0.7382 -10.3758 3.9273 -7.5922 14.7927 -3.8732 -54.6188 5.0432 -3.9482 -0.1494 -0.6054 -96.9971 15.5951 21.9815 22.7600 -14.9725 10.7969 16.1214 -58.9460 1.5787 1.8520 17.0523 17.4944 13.5722 50.0142 2.8045 2.6897 1.3101 1.5857 93.9602 -10.7096 39.1998 -48.3277 15.8205 7.1465 -15.4331 49.9539 -3.3269 -5.1701 7.4614 -21.2660 7.0832 -0.4714 28.9618 -0.9337 -7.8846 -10.0773 -15.9023 1.6779 -1.7226 -1.9411 -13.2040 -14.2874 -17.8685 0.2204 13.7032 0.5503 15.6417 -2.3907 8.9671 -1.4397 -1.9797 1.1564
3.0883 97.0681 -3.2555 -0.8238 0.7487 -0.3677 -2.9312 5.4779 0.1765 -1.4205 -3.0739 1.0218 -4.5814 16.4222 -1.6335 -2.1840 30.2782 3.1172 -0.5136 -3.7396 2.0658 1.9572 -13.2465 0.2550 -0.0701 0.0093 0.0837 0.5829 -10.3687 -3.7229 -0.7367 -10.3896 3.9238 -7.5751 14.6813 -3.9199 -54.1126 4.8676 -2.9913 -0.1348 -0.6118 -97.1054 15.5242 21.4748 22.4821 -15.0080 10.8066 16.1329 -58.9789 1.5829 1.8717 16.8723 17.4786 13.4166 50.1480 3.1219 2.9143 1.2307 1.5583 93.1523 -10.1258 39.3779 -48.0242 15.7960 7.1880 -15.4372 49.9717 -3.3237 -5.1478 7.2390 -20.8208 7.4781 -0.4631 28.7184 -0.9142 -7.8902 -10.0925 -15.4747 1.6767 -1.6694 -1.9353 -13.4077 -14.2861 -17.5656 0.2187 13.4920 0.5653 15.6355 -2.2218 9.2058 -1.4431 -1.9808 1.1484
3.1882 97.1155 -3.1559 -0.6268 0.6325 -1.0801 -3.0304 5.2916 0.1914 -1.4346 -3.1491 1.0249 -4.7119 16.2496 -1.6563 -2.6126 30.0521 3.2060 -0.5139 -3.7485 2.0267 2.0480 -12.9661 0.2136 -0.0673 0.0059 0.0817 0.5943 -10.3848 -3.7278 -0.7418 -10.4063 3.9227 -7.6208 14.5502 -4.0092 -53.6634 4.6976 -2.2063 -0.1157 -0.5987 -97.1480 15.3604 21.1341 22.2059 -15.0259 10.8101 16.1359 -59.0463 1.6025 1.8690 16.6682 17.5027 13.2713 50.3416 3.4733 3.1913 1.1184 1.5230 92.3980 -9.7408 39.7068 -47.8912 15.7741 7.2149 -15.4319 49.9309 -3.3362 -5.1429 7.0081 -20.3706 7.8634 -0.4500 28.4831 -0.8885 -7.9056 -10.0783 -15.0735 1.6729 -1.6296 -1.9426 -13.6128 -14.3254 -17.2388 0.2169 13.3683 0.5662 15.5471 -2.1194 9.4669 -1.4458 -1.9962 1.1341
3.2901 97.1414 -3.0681 -0.4118 0.4900 -1.8878 -3.1365 5.0920 0.2023 -1.4487 -3.2200 1.0413 -4.8843 16.0443 -1.7038 -3.1237 29.7560 3.3354 -0.5114 -3.7431 1.9858 2.0973 -12.6932 0.1931 -0.0673 0.0024 0.0880 0.6004 -10.3805 -3.7212 -0.7487 -10.4040 3.9292 -7.7479 14.3783 -4.0915 -53.2699 4.5513 -1.5309 -0.0911 -0.5669 -97.1147 15.1627 20.9560 21.9353 -15.0458 10.7962 16.1460 -59.1021 1.6036 1.8914 16.4950 17.5499 13.1184 50.5575 3.8321 3.5696 0.9756 1.5705 91.6460 -9.3019 40.0200 -47.6311 15.7236 7.2326 -15.4112 49.8164 -3.3463 -5.1341 6.7964 -19.8447 8.2990 -0.4353 28.1925 -0.8585 -7.9471 -10.0522 -14.6834 1.6684 -1.6041 -1.9637 -13.8454 -14.3646 -16.8416 0.2191 13.2631 0.5840 15.4285 -2.0437 9.7521 -1.4472 -2.0014 1.1198
3.3680 97.1558 -2.9899 -0.1825 0.3226 -2.7296 -3.2367 4.9028 0.2194 -1.4535 -3.3011 1.0219 -5.0810 15.8153 -1.7651 -3.7113 29.4937 3.4843 -0.5363 -3.7332 1.9541 2.0882 -12.4172 0.1815 -0.0703 -0.0019 0.1012 0.6043 -10.3807 -3.7061 -0.7604 -10.4075 3.9433 -7.9153 14.2179 -4.1977 -52.9839 4.4383 -0.9213 -0.0601 -0.4931 -97.1169 15.0029 21.0177 21.7142 -15.0154 10.7855 16.1589 -59.1090 1.6076 1.9071 16.2894 17.6165 12.9164 50.8750 4.1156 3.9263 0.8877 1.6007 91.0094 -8.9576 40.2671 -47.2913 15.6920 7.2276 -15.3705 49.6886 -3.3607 -5.1534 6.6024 -19.2763 8.7293 -0.4272 27.8959 -0.8374 -8.0018 -10.0585 -14.2624 1.6614 -1.6083 -1.9960 -14.0794 -14.4218 -16.4545 0.2264 13.2137 0.6041 15.2972 -2.0206 10.1186 -1.4449 -2.0109 1.1087
3.4125 97.1709 -2.9245 0.0404 0.1457 -3.5894 -3.3178 4.7070 0.1916 -1.4449 -3.3876 1.0331 -5.2962 15.5826 -1.8649 -4.3594 29.2959 3.6670 -0.5522 -3.7334 1.8881 2.0035 -12.0280 0.1672 -0.0773 -0.0098 0.1232 0.6023 -10.3868 -3.6812 -0.7726 -10.4146 3.9634 -8.1579 14.0987 -4.3239 -52.7206 4.3553 -0.3699 -0.0011 -0.4030 -97.1881 14.8200 21.2870 21.5801 -14.9911 10.7626 16.1501 -59.0829 1.6044 1.9171 16.0545 17.6983 12.6413 51.3179 4.2746 4.2123 0.7910 1.5650 90.5104 -8.8036 40.2974 -46.8532 15.6938 7.2066 -15.3465 49.5931 -3.3923 -5.1972 6.4264 -18.6958 9.1581 -0.4167 27.5819 -0.8187 -8.0007 -10.0808 -13.8357 1.6565 -1.6310 -2.0235 -14.2998 -14.4758 -16.0778 0.2367 13.1632 0.6251 15.2144 -2.0186 10.5098 -1.4390 -2.0120 1.0976
3.4108 97.1825 -2.8795 0.2525 -0.0262 -4.4643 -3.3829 4.4904 0.1497 -1.4361 -3.4593 1.0429 -5.5111 15.3299 -1.9971 -5.0196 29.1229 3.9086 -0.5679 -3.7319 1.8057 1.8779 -11.4821 0.1089 -0.0848 -0.0159 0.1393 0.5964 -10.4021 -3.6646 -0.7822 -10.4261 3.9807 -8.4701 13.9702 -4.4535 -52.4505 4.3229 0.1320 0.0694 -0.3156 -97.2140 14.5606 21.7935 21.4792 -14.9903 10.7593 16.1739 -58.9831 1.6097 1.9442 15.7985 17.7673 12.3087 51.9051 4.3359 4.4237 0.7108 1.5360 90.0481 -8.7883 40.0394 -46.3170 15.7369 7.1883 -15.3440 49.6155 -3.4391 -5.2384 6.2662 -18.0713 9.5396 -0.3984 27.1677 -0.7910 -8.0117 -10.0885 -13.3285 1.6560 -1.6211 -2.0356 -14.4849 -14.5062 -15.7199 0.2442 13.0569 0.6482 15.1582 -1.9975 10.9072 -1.4335 -1.9871 1.0866
3.3995 97.2269 -2.8731 0.4728 -0.1807 -5.2918 -3.4352 4.2751 0.1091 -1.4227 -3.5358 1.0240 -5.7250 15.0969 -2.1554 -5.6699 29.0343 4.1514 -0.6169 -3.7464 1.7025 1.7025 -10.8660 0.0058 -0.0852 -0.0262 0.1473 0.5985 -10.4343 -3.6580 -0.7852 -10.4568 3.9890 -8.8280 13.8699 -4.6168 -52.1612 4.3107 0.6331 0.1627 -0.2351 -97.3390 14.2652 22.3946 21.5019 -14.9764 10.7622 16.1852 -58.9309 1.6251 1.9438 15.5546 17.8814 11.9670 52.5678 4.3079 4.4432 0.6390 1.4292 89.7050 -9.0658 39.7992 -45.9871 15.7944 7.1795 -15.3569 49.6659 -3.4892 -5.3014 6.1110 -17.4588 9.8979 -0.3812 26.6955 -0.7752 -8.0447 -10.0485 -12.8189 1.6571 -1.6318 -2.0352 -14.6550 -14.5411 -15.3625 0.2566 12.9350 0.6706 15.1656 -1.9313 11.2883 -1.4316 -1.9601 1.0812
3.3516 97.2867 -2.8751 0.6900 -0.3364 -6.0096 -3.4803 4.0786 0.0766 -1.4041 -3.6116 0.9872 -5.9142 14.8830 -2.3225 -6.2328 29.0308 4.3829 -0.6644 -3.7582 1.5482 1.4971 -10.2369 -0.1411 -0.0796 -0.0370 0.1456 0.6084 -10.4709 -3.6639 -0.7844 -10.4945 3.9892 -9.1803 13.7930 -4.8038 -51.9297 4.2792 1.1137 0.2525 -0.1653 -97.4787 13.9812 23.0165 21.6353 -14.9809 10.7690 16.2011 -58.9254 1.6525 1.9619 15.4121 17.9920 11.6055 53.2219 4.2609 4.2669 0.5837 1.3719 89.3214 -9.5461 39.7511 -45.9389 15.8479 7.1876 -15.3710 49.7311 -3.5128 -5.3433 5.9837 -16.8550 10.2034 -0.3695 26.1740 -0.7644 -8.1017 -9.9255 -12.3726 1.6593 -1.6336 -2.0279 -14.8103 -14.5442 -15.0507 0.2590 12.7887 0.6741 15.2394 -1.8342 11.6782 -1.4317 -1.9689 1.0778
3.2465 97.3410 -2.9315 0.8839 -0.4942 -6.6214 -3.5006 3.9118 0.0520 -1.3896 -3.6776 0.9400 -6.0602 14.6927 -2.4794 -6.6064 29.0732 4.5874 -0.7531 -3.7702 1.3614 1.2846 -9.6130 -0.3599 -0.0760 -0.0452 0.1421 0.6115 -10.4977 -3.6712 -0.7811 -10.5194 3.9883 -9.4605 13.7229 -4.9950 -51.8493 4.2040 1.5785 0.2811 -0.1477 -97.6157 13.8153 23.7104 21.8297 -15.0185 10.7977 16.2373 -58.9683 1.6920 1.9959 15.3823 18.0602 11.2076 53.7483 4.2993 3.9511 0.5567 1.3261 88.8251 -10.2158 39.9250 -46.1775 15.8793 7.2095 -15.3752 49.7845 -3.5214 -5.3585 5.9084 -16.3081 10.4232 -0.3646 25.6617 -0.7690 -8.1937 -9.7591 -11.9820 1.6627 -1.6449 -2.0203 -14.9312 -14.5444 -14.8260 0.2585 12.6651 0.6726 15.3632 -1.7564 11.9876 -1.4342 -1.9703 1.0723
3.1325 97.3744 -3.0164 1.0634 -0.6429 -7.1329 -3.4848 3.7776 0.0228 -1.3777 -3.7457 0.9089 -6.1388 14.5355 -2.6411 -6.7933 29.1438 4.7558 -0.8438 -3.7750 1.1081 1.0166 -9.0921 -0.5954 -0.0791 -0.0501 0.1442 0.6072 -10.5232 -3.6718 -0.7825 -10.5390 3.9924 -9.6661 13.6666 -5.1643 -51.9703 4.1103 1.9789 0.2688 -0.1591 -97.7563 13.8053 24.4188 22.0506 -15.0619 10.8246 16.2757 -59.0121 1.7330 2.0104 15.4544 18.0905 10.8505 54.0761 4.4619 3.5558 0.4559 1.2777 88.2099 -11.0006 40.3794 -46.6206 15.8999 7.2464 -15.3939 49.8431 -3.5125 -5.3505 5.8482 -15.8717 10.5712 -0.3535 25.2548 -0.7521 -8.3321 -9.6231 -11.6554 1.6631 -1.6971 -2.0091 -15.0097 -14.6579 -14.6974 0.2648 12.7412 0.6798 15.5022 -1.7749 12.2861 -1.4361 -2.0061 1.0606
3.0108 97.3938 -3.1034 1.2369 -0.7778 -7.5662 -3.4529 3.6858 0.0205 -1.3550 -3.8244 0.8219 -6.1401 14.4110 -2.7531 -6.8014 29.2119 4.8568 -0.9471 -3.7696 0.8253 0.7285 -8.6990 -0.8318 -0.0790 -0.0508 0.1429 0.6055 -10.5373 -3.6741 -0.7812 -10.5498 3.9915 -9.8023 13.6522 -5.2993 -52.2810 4.0508 2.3131 0.2463 -0.1742 -97.9460 13.9179 25.0812 22.2906 -15.0987 10.8478 16.3055 -59.0588 1.7565 2.0194 15.6286 18.0962 10.5362 54.1292 4.6458 3.1196 0.3699 1.2429 87.4640 -11.7626 40.9803 -47.2305 15.8718 7.2848 -15.4321 49.8244 -3.5085 -5.3327 5.7989 -15.5340 10.7043 -0.3460 24.9382 -0.7414 -8.5027 -9.5174 -11.3523 1.6626 -1.7541 -2.0166 -15.0805 -14.8760 -14.6277 0.2720 13.0076 0.6785 15.6386 -1.8734 12.6552 -1.4396 -2.0470 1.0568
2.9099 97.3986 -3.2459 1.3817 -0.8846 -7.9296 -3.3942 3.5862 -0.0005 -1.3306 -3.8781 0.7343 -6.0502 14.2985 -2.8528 -6.6660 29.2681 4.8854 -1.0374 -3.7630 0.5224 0.4107 -8.3727 -1.0294 -0.0730 -0.0522 0.1311 0.6098 -10.5326 -3.6871 -0.7729 -10.5470 3.9771 -9.8814 13.6707 -5.3621 -52.6764 4.0685 2.5132 0.2172 -0.2340 -98.1499 14.0656 25.7318 22.5061 -15.1398 10.8432 16.3266 -59.0573 1.7703 2.0482 15.8779 18.0782 10.2665 53.9892 4.7751 2.6683 0.2300 1.2247 86.6218 -12.4012 41.7794 -47.8988 15.8477 7.3081 -15.4632 49.7805 -3.4831 -5.3010 5.7853 -15.2659 10.8183 -0.3369 24.6410 -0.7198 -8.7050 -9.4130 -11.1083 1.6575 -1.7901 -2.0270 -15.1132 -15.1397 -14.5873 0.2862 13.3362 0.6860 15.7406 -1.9982 12.9600 -1.4413 -2.0981 1.0582
2.7854 97.4018 -3.3818 1.5096 -0.9997 -8.2310 -3.3156 3.5020 -0.0110 -1.2987 -3.9371 0.6231 -5.8917 14.2371 -2.9384 -6.4110 29.3200 4.8369 -1.1195 -3.7628 0.2002 0.1219 -8.1095 -1.2165 -0.0652 -0.0520 0.1152 0.6168 -10.5302 -3.7026 -0.7642 -10.5440 3.9578 -9.8565 13.7276 -5.3845 -53.1801 4.2051 2.5568 0.1965 -0.3054 -98.4099 14.2064 26.4380 22.7686 -15.1743 10.8460 16.3153 -59.0954 1.7933 2.0360 16.1062 18.0734 10.0216 53.7604 4.7479 2.2131 0.0922 1.1892 85.7562 -12.9056 42.4212 -48.4205 15.8173 7.2959 -15.5112 49.6679 -3.4941 -5.2998 5.7807 -15.0245 10.9115 -0.3316 24.3578 -0.7046 -8.8914 -9.3064 -10.8864 1.6520 -1.8179 -2.0449 -15.1184 -15.3880 -14.5741 0.2991 13.6869 0.6839 15.8096 -2.1695 13.2433 -1.4427 -2.1307 1.0647
2.6409 97.4049 -3.5482 1.6200 -1.1061 -8.5086 -3.2215 3.4091 -0.0226 -1.2547 -3.9948 0.4998 -5.6616 14.1899 -3.0124 -6.0598 29.3791 4.7346 -1.2042 -3.7581 -0.1260 -0.1650 -7.8803 -1.3876 -0.0549 -0.0494 0.0986 0.6259 -10.5235 -3.7169 -0.7525 -10.5370 3.9358 -9.7628 13.8000 -5.3891 -53.7290 4.4963 2.4629 0.1915 -0.3179 -98.7128 14.3099 27.2691 23.0880 -15.2037 10.8540 16.2965 -59.1115 1.8159 2.0211 16.2948 18.0577 9.8009 53.4853 4.5587 1.7038 -0.0270 1.1452 84.9560 -13.3348 42.8392 -48.7852 15.7974 7.2535 -15.5512 49.5434 -3.5353 -5.3098 5.7874 -14.8011 11.0052 -0.3270 24.0635 -0.7011 -9.0591 -9.1937 -10.7016 1.6458 -1.8458 -2.0702 -15.1002 -15.6375 -14.6118 0.3166 14.0361 0.6808 15.8791 -2.3401 13.5464 -1.4424 -2.1652 1.0763
2.4739 97.4066 -3.6995 1.7148 -1.2088 -8.7641 -3.1108 3.3014 -0.0435 -1.2055 -4.0387 0.3873 -5.3761 14.1348 -3.1104 -5.6209 29.4607 4.5872 -1.2985 -3.7518 -0.4204 -0.4345 -7.6687 -1.5473 -0.0459 -0.0488 0.0855 0.6372 -10.5034 -3.7259 -0.7449 -10.5213 3.9149 -9.6649 13.8678 -5.3816 -54.2461 4.9069 2.2898 0.1864 -0.2951 -99.0335 14.3730 28.1261 23.4678 -15.2629 10.8414 16.2620 -59.1130 1.8289 2.0179 16.4462 17.9991 9.5781 53.1949 4.2308 1.1458 -0.1147 1.1404 84.2968 -13.7039 43.1677 -49.0570 15.7897 7.2019 -15.5607 49.4415 -3.5919 -5.3294 5.8225 -14.5605 11.1288 -0.3236 23.7015 -0.6950 -9.2012 -9.0708 -10.5737 1.6401 -1.8949 -2.0873 -15.0699 -15.8286 -14.6896 0.3394 14.2773 0.7036 15.9534 -2.4806 13.8240 -1.4390 -2.1821 1.0915
2.3079 97.4158 -3.8202 1.8001 -1.3189 -8.9982 -2.9839 3.1856 -0.0714 -1.1631 -4.0946 0.2798 -5.0454 14.0527 -3.1982 -5.0889 29.5645 4.4310 -1.3472 -3.7390 -0.7092 -0.7029 -7.4514 -1.6505 -0.0388 -0.0467 0.0727 0.6477 -10.4863 -3.7350 -0.7403 -10.5048 3.8966 -9.5532 13.9333 -5.3870 -54.7042 5.3833 2.0767 0.1854 -0.2908 -99.2930 14.3364 28.9245 23.7346 -15.3313 10.8198 16.2363 -59.0850 1.8177 2.0135 16.5594 17.8981 9.3935 52.9217 3.8586 0.5684 -0.2225 1.1697 83.7449 -13.9794 43.3771 -49.1340 15.7982 7.1760 -15.5604 49.4087 -3.6439 -5.3403 5.8712 -14.2812 11.2642 -0.3173 23.2905 -0.6823 -9.3349 -8.9278 -10.4779 1.6377 -1.9558 -2.1001 -15.0192 -15.9380 -14.7783 0.3555 14.4036 0.7152 16.0554 -2.5831 14.1562 -1.4334 -2.2157 1.0980
2.1114 97.4353 -3.9292 1.8834 -1.4297 -9.2263 -2.8531 3.0696 -0.0977 -1.1162 -4.1581 0.1681 -4.7137 13.9484 -3.2850 -4.4659 29.6957 4.2672 -1.4054 -3.7320 -0.9508 -0.9810 -7.2060 -1.7459 -0.0388 -0.0464 0.0682 0.6500 -10.4822 -3.7378 -0.7424 -10.4988 3.8909 -9.4248 13.9624 -5.4205 -55.0942 5.9820 1.8594 0.2092 -0.3073 -99.5802 14.3531 29.7214 23.9992 -15.4074 10.7970 16.1899 -59.0266 1.8004 1.9757 16.6628 17.7684 9.2086 52.6499 3.4437 0.0101 -0.2888 1.2152 83.3423 -14.3346 43.5438 -49.1505 15.8090 7.1862 -15.6076 49.4281 -3.6948 -5.3679 5.9392 -13.9727 11.4526 -0.3173 22.8447 -0.6896 -9.4680 -8.7739 -10.4495 1.6346 -2.0588 -2.1139 -14.9877 -15.9767 -14.8382 0.3570 14.4409 0.7021 16.2354 -2.6927 14.4728 -1.4258 -2.2980 1.1085
1.9023 97.4698 -3.9960 1.9680 -1.5410 -9.4302 -2.7180 2.9369 -0.1387 -1.0647 -4.1902 0.0749 -4.3728 13.7812 -3.4087 -3.7775 29.7898 4.0720 -1.4280 -3.7136 -1.1637 -1.2664 -6.9623 -1.8280 -0.0399 -0.0467 0.0642 0.6501 -10.4799 -3.7416 -0.7437 -10.4954 3.8871 -9.2712 13.9564 -5.4645 -55.3913 6.6671 1.5830 0.2475 -0.3209 -99.8628 14.3098 30.4947 24.2338 -15.4986 10.7687 16.1348 -58.9970 1.7660 1.9686 16.7312 17.5900 9.0177 52.4152 3.0187 -0.5209 -0.3308 1.2365 83.0339 -14.6801 43.6055 -49.0166 15.8578 7.2121 -15.6512 49.5243 -3.7317 -5.3919 6.0200 -13.6229 11.6971 -0.3203 22.3407 -0.6975 -9.6431 -8.5795 -10.4769 1.6315 -2.1912 -2.1157 -14.9581 -15.9633 -14.9202 0.3641 14.4367 0.6972 16.4594 -2.8156 14.8082 -1.4181 -2.4290 1.1143
1.6699 97.4996 -4.0324 2.0537 -1.6568 -9.5936 -2.5945 2.7990 -0.1942 -1.0161 -4.2022 -0.0281 -4.0328 13.5816 -3.5128 -3.0848 29.8183 3.8442 -1.4294 -3.6970 -1.3320 -1.5167 -6.7328 -1.9320 -0.0433 -0.0485 0.0677 0.6454 -10.4807 -3.7376 -0.7445 -10.4952 3.8903 -9.0915 13.9523 -5.5751 -55.5805 7.3543 1.2831 0.3363 -0.3086 -100.1631 14.1420 31.1536 24.4098 -15.6229 10.7460 16.0846 -58.9857 1.7336 1.9807 16.7879 17.3729 8.8296 52.2539 2.6872 -0.9423 -0.3352 1.2457 82.7496 -14.7983 43.6611 -48.6583 15.9281 7.2290 -15.6692 49.6189 -3.7494 -5.4060 6.1105 -13.2386 11.9609 -0.3205 21.7966 -0.6998 -9.8384 -8.3738 -10.5338 1.6333 -2.2934 -2.1117 -14.9354 -15.9385 -15.0109 0.3759 14.5037 0.6967 16.6639 -2.9773 15.1375 -1.4138 -2.5338 1.1143
1.4089 97.5350 -4.0430 2.1483 -1.7759 -9.6933 -2.4729 2.6769 -0.2479 -0.9739 -4.2324 -0.1770 -3.7265 13.4021 -3.5915 -2.4314 29.7899 3.5640 -1.4353 -3.6813 -1.4497 -1.7636 -6.5266 -2.0307 -0.0398 -0.0484 0.0632 0.6472 -10.4886 -3.7403 -0.7383 -10.5029 3.8828 -8.8888 13.9684 -5.7549 -55.6628 7.9684 1.0426 0.4147 -0.3009 -100.5359 13.8660 31.5254 24.5084 -15.7226 10.7488 16.0654 -59.0242 1.7045 2.0102 16.8766 17.1493 8.6433 52.0630 2.5403 -1.1575 -0.3233 1.2034 82.4607 -14.5957 43.7662 -48.2010 16.0346 7.2612 -15.7150 49.8145 -3.7323 -5.4474 6.2011 -12.8690 12.2108 -0.3208 21.2819 -0.6973 -10.0380 -8.1711 -10.6339 1.6359 -2.3730 -2.1099 -14.9098 -15.9391 -15.0966 0.3810 14.6915 0.6923 16.7692 -3.1857 15.4245 -1.4125 -2.6256 1.1051
1.1198 97.5733 -4.0571 2.2307 -1.8812 -9.7331 -2.3448 2.5520 -0.2998 -0.9335 -4.2629 -0.3113 -3.4544 13.2412 -3.7010 -1.8359 29.6811 3.2926 -1.4573 -3.6666 -1.5171 -1.9867 -6.3657 -2.1365 -0.0338 -0.0491 0.0574 0.6509 -10.5020 -3.7489 -0.7287 -10.5196 3.8766 -8.6783 13.9609 -5.9382 -55.6219 8.5041 0.8164 0.4998 -0.2752 -100.9292 13.4835 31.6455 24.4996 -15.7856 10.7705 16.0709 -59.0870 1.6937 2.0544 17.0359 16.9378 8.4308 51.8119 2.5231 -1.1949 -0.2518 1.1629 82.0499 -14.1349 44.0420 -47.8115 16.1008 7.2940 -15.7330 49.9730 -3.7216 -5.4555 6.3171 -12.5247 12.4563 -0.3190 20.7886 -0.6935 -10.2314 -7.9908 -10.7682 1.6371 -2.4340 -2.0946 -14.8718 -15.9425 -15.1797 0.3860 14.9286 0.7022 16.8367 -3.3754 15.6297 -1.4140 -2.6997 1.0972
0.8352 97.6090 -4.0439 2.3030 -1.9602 -9.7289 -2.2252 2.4466 -0.3469 -0.8974 -4.2951 -0.4394 -3.2013 13.0841 -3.8150 -1.3160 29.5067 3.0544 -1.4735 -3.6570 -1.5581 -2.1858 -6.2366 -2.2290 -0.0317 -0.0488 0.0556 0.6533 -10.5047 -3.7524 -0.7264 -10.5251 3.8764 -8.4470 13.9590 -6.1155 -55.5192 8.9333 0.5452 0.5765 -0.2333 -101.2361 13.0784 31.7149 24.4251 -15.8371 10.8072 16.0712 -59.1476 1.7272 2.0591 17.2603 16.7366 8.2420 51.5357 2.6941 -1.0377 -0.2095 1.1721 81.4056 -13.4529 44.4816 -47.4470 16.1528 7.3116 -15.7133 50.1064 -3.6849 -5.4453 6.4298 -12.2247 12.6800 -0.3190 20.3133 -0.7021 -10.4042 -7.8431 -10.8858 1.6395 -2.5144 -2.0814 -14.8259 -15.9603 -15.2777 0.3861 15.1898 0.7035 16.8497 -3.5911 15.8117 -1.4179 -2.7532 1.0910
0.5903 97.6187 -4.0476 2.3528 -2.0144 -9.6873 -2.1102 2.3639 -0.4160 -0.8666 -4.3241 -0.5307 -2.9574 12.9479 -3.9453 -0.8725 29.3224 2.8329 -1.4729 -3.6591 -1.6041 -2.3782 -6.1445 -2.2555 -0.0298 -0.0494 0.0570 0.6576 -10.5159 -3.7552 -0.7255 -10.5405 3.8798 -8.1697 14.0060 -6.2704 -55.4129 9.1922 0.2512 0.6165 -0.2044 -101.5290 12.7198 31.7967 24.3735 -15.8883 10.8252 16.0574 -59.2153 1.7426 2.0430 17.4962 16.5823 8.0666 51.2890 2.9151 -0.7442 -0.2150 1.2342 80.5493 -12.6056 45.1443 -47.1841 16.1368 7.3338 -15.7023 50.1870 -3.6528 -5.4331 6.5480 -12.0077 12.8494 -0.3109 19.9316 -0.7039 -10.5500 -7.7005 -10.9779 1.6406 -2.5963 -2.0624 -14.7483 -16.0181 -15.3421 0.3886 15.5265 0.7084 16.7591 -3.8314 15.8963 -1.4245 -2.8084 1.0787
0.3407 97.6385 -4.0689 2.3927 -2.0412 -9.6680 -2.0032 2.2830 -0.4572 -0.8383 -4.3607 -0.6537 -2.7309 12.8403 -4.0566 -0.4835 29.1354 2.6780 -1.4561 -3.6644 -1.6525 -2.5688 -6.0130 -2.2701 -0.0276 -0.0477 0.0584 0.6616 -10.5199 -3.7570 -0.7247 -10.5482 3.8842 -7.8729 14.1002 -6.3795 -55.3114 9.3480 0.0012 0.5828 -0.2575 -101.8088 12.4549 31.9686 24.3535 -15.9798 10.8253 16.0304 -59.2849 1.7434 2.0306 17.7417 16.4768 7.9094 51.0745 3.2424 -0.2436 -0.3619 1.3782 79.4594 -11.6405 46.1822 -47.0742 16.0777 7.3707 -15.6940 50.2180 -3.6043 -5.4088 6.6641 -11.8539 13.0113 -0.3072 19.6251 -0.7155 -10.6960 -7.5741 -11.0551 1.6407 -2.6317 -2.0478 -14.6473 -16.0983 -15.3475 0.3791 15.8723 0.7091 16.5730 -4.0796 15.9120 -1.4323 -2.8383 1.0741
0.1458 97.6473 -4.0863 2.4315 -2.0316 -9.6569 -1.9131 2.2151 -0.4977 -0.8139 -4.4022 -0.7912 -2.5083 12.7452 -4.1396 -0.1617 28.9702 2.5366 -1.4423 -3.6754 -1.6913 -2.7469 -5.8860 -2.2694 -0.0249 -0.0462 0.0566 0.6687 -10.5216 -3.7594 -0.7260 -10.5511 3.8825 -7.5285 14.2019 -6.4685 -55.2931 9.4679 -0.2321 0.5145 -0.3350 -102.0902 12.2576 32.1627 24.3857 -16.0767 10.8091 16.0011 -59.4061 1.7234 2.0209 17.9604 16.3933 7.7355 50.9312 3.6213 0.3539 -0.6235 1.5518 78.3937 -10.5866 47.5913 -47.1985 15.9809 7.4532 -15.7220 50.2739 -3.5265 -5.4083 6.7547 -11.7852 13.1366 -0.3046 19.4270 -0.7154 -10.8047 -7.4722 -11.1029 1.6374 -2.6406 -2.0423 -14.5470 -16.2548 -15.3513 0.3778 16.2757 0.7220 16.3415 -4.3372 15.9437 -1.4387 -2.8652 1.0724
-0.0212 97.6420 -4.0746 2.4695 -2.0037 -9.6796 -1.8278 2.1625 -0.5225 -0.7955 -4.4394 -0.9452 -2.2902 12.6561 -4.2163 0.0816 28.8407 2.4448 -1.4385 -3.6969 -1.7191 -2.9069 -5.7850 -2.2566 -0.0264 -0.0447 0.0576 0.6709 -10.5316 -3.7588 -0.7312 -10.5601 3.8856 -7.1641 14.2706 -6.5328 -55.3337 9.6354 -0.3831 0.4001 -0.3863 -102.4214 12.0491 32.3226 24.4025 -16.1784 10.8130 15.9747 -59.5709 1.7108 2.0295 18.1190 16.3524 7.5681 50.8947 3.9436 0.8717 -0.8970 1.7139 77.5651 -9.6455 49.0293 -47.4895 15.9080 7.5309 -15.7777 50.3481 -3.4537 -5.4303 6.8263 -11.7974 13.1977 -0.3034 19.3763 -0.7049 -10.8921 -7.4216 -11.0523 1.6344 -2.6177 -2.0444 -14.4614 -16.4906 -15.3040 0.3739 16.7731 0.7248 16.0615 -4.6145 15.9675 -1.4437 -2.8597 1.0730
-0.1496 97.6043 -4.0807 2.5066 -1.9621 -9.8034 -1.7414 2.1293 -0.5524 -0.7708 -4.4487 -1.0621 -2.0872 12.5493 -4.3175 0.2196 28.7347 2.4057 -1.4364 -3.7172 -1.7398 -3.0294 -5.7616 -2.2345 -0.0298 -0.0433 0.0641 0.6709 -10.5233 -3.7496 -0.7378 -10.5533 3.8908 -6.8701 14.2652 -6.5842 -55.3999 9.8981 -0.4830 0.3012 -0.3903 -102.7398 11.8099 32.3958 24.3775 -16.2350 10.8184 15.9460 -59.7067 1.7145 2.0405 18.2149 16.3226 7.3731 50.9258 4.1418 1.1445 -1.0348 1.8116 77.2066 -9.1597 50.0011 -47.8178 15.8872 7.5628 -15.8082 50.3840 -3.4457 -5.4525 6.8925 -11.8600 13.2231 -0.3069 19.4407 -0.6983 -10.9447 -7.4173 -10.9333 1.6315 -2.5759 -2.0602 -14.3833 -16.7932 -15.1944 0.3835 17.3056 0.7501 15.7613 -4.8459 15.9548 -1.4448 -2.8429 1.0721
-0.2375 97.5491 -4.0608 2.5527 -1.9309 -10.0095 -1.6614 2.1115 -0.5834 -0.7386 -4.4558 -1.1540 -1.9109 12.4674 -4.3995 0.2913 28.6704 2.3774 -1.4241 -3.7208 -1.7779 -3.1465 -5.8371 -2.1938 -0.0396 -0.0426 0.0830 0.6616 -10.5144 -3.7261 -0.7483 -10.5451 3.9094 -6.6309 14.2392 -6.6633 -55.4985 10.2133 -0.5888 0.2983 -0.3590 -103.0266 11.5934 32.4296 24.3518 -16.2200 10.8276 15.9067 -59.7733 1.7214 2.0191 18.2078 16.3110 7.1213 51.0831 4.1693 1.1130 -0.9957 1.8302 77.2682 -9.2630 50.3356 -48.1257 15.8839 7.5481 -15.8225 50.3842 -3.4647 -5.4612 6.9306 -11.9369 13.2550 -0.3130 19.6056 -0.6884 -10.9469 -7.4546 -10.7565 1.6320 -2.5381 -2.0820 -14.3357 -17.1365 -15.0051 0.3936 17.9014 0.7580 15.4408 -5.0785 15.9806 -1.4448 -2.8075 1.0658
-0.3045 97.4817 -4.0407 2.5943 -1.8979 -10.3006 -1.5945 2.0998 -0.6043 -0.7004 -4.4688 -1.2475 -1.7504 12.4024 -4.4903 0.3208 28.6847 2.3627 -1.4375 -3.7190 -1.7927 -3.2693 -5.9158 -2.1734 -0.0477 -0.0450 0.1010 0.6507 -10.5191 -3.7064 -0.7540 -10.5517 3.9294 -6.4645 14.2257 -6.7155 -55.6293 10.5251 -0.7011 0.3132 -0.2841 -103.2096 11.5592 32.5268 24.3372 -16.1948 10.8384 15.8795 -59.8144 1.7264 2.0013 18.1425 16.2858 6.8610 51.2561 4.1138 0.9293 -0.9162 1.8183 77.6179 -9.6702 50.1644 -48.3217 15.9390 7.5234 -15.8324 50.4332 -3.5032 -5.4635 6.9531 -12.0114 13.2966 -0.3176 19.8235 -0.6801 -10.8996 -7.5340 -10.5428 1.6319 -2.5206 -2.0993 -14.3028 -17.4816 -14.7624 0.4022 18.4761 0.7606 15.1584 -5.2851 16.0543 -1.4439 -2.8128 1.0520
-0.3506 97.4269 -4.0241 2.6379 -1.8595 -10.6093 -1.5431 2.0878 -0.6433 -0.6703 -4.4633 -1.3194 -1.6200 12.3154 -4.6108 0.3477 28.7641 2.3329 -1.4702 -3.7138 -1.7704 -3.4032 -5.9384 -2.1655 -0.0517 -0.0498 0.1127 0.6448 -10.5191 -3.6950 -0.7559 -10.5546 3.9426 -6.3082 14.2030 -6.7354 -55.7899 10.8668 -0.8377 0.3343 -0.2311 -103.2527 11.6886 32.7132 24.3081 -16.1623 10.8405 15.8299 -59.7876 1.7250 1.9956 18.0371 16.2545 6.5572 51.4679 4.0172 0.7541 -0.8657 1.8410 78.1088 -10.3296 49.9693 -48.5952 15.9930 7.4884 -15.8549 50.4861 -3.5423 -5.4935 6.9583 -12.0766 13.3799 -0.3173 20.0371 -0.6722 -10.8539 -7.6199 -10.3720 1.6307 -2.5092 -2.1069 -14.2939 -17.7961 -14.4753 0.4046 18.9735 0.7733 14.9072 -5.4758 16.1191 -1.4427 -2.8132 1.0416
-0.3405 97.3628 -3.9819 2.6733 -1.8254 -10.9343 -1.5003 2.0896 -0.7003 -0.6513 -4.4387 -1.3831 -1.5168 12.2142 -4.7203 0.3763 28.9183 2.3106 -1.4851 -3.7193 -1.7724 -3.5198 -5.8888 -2.1651 -0.0574 -0.0538 0.1250 0.6358 -10.5288 -3.6842 -0.7583 -10.5648 3.9585 -6.1465 14.2310 -6.7311 -55.9639 11.1395 -0.9606 0.3250 -0.2484 -103.1507 11.9083 32.8599 24.2210 -16.1400 10.8193 15.7731 -59.7052 1.7135 2.0154 17.8790 16.2198 6.2116 51.7541 3.8638 0.5872 -0.8313 1.8481 78.6532 -11.2277 49.7039 -48.9379 16.0428 7.4382 -15.8431 50.5313 -3.5724 -5.5026 6.9707 -12.1609 13.4915 -0.3128 20.2980 -0.6640 -10.8529 -7.7491 -10.2010 1.6303 -2.4885 -2.1085 -14.2884 -18.0931 -14.1395 0.4095 19.4322 0.7844 14.6384 -5.6272 16.1417 -1.4428 -2.7950 1.0281
-0.3414 97.3076 -3.9545 2.6954 -1.8086 -11.2965 -1.4751 2.1085 -0.7501 -0.6404 -4.4179 -1.4483 -1.4424 12.1404 -4.8356 0.4078 29.2012 2.2669 -1.4963 -3.7344 -1.7263 -3.6183 -5.7879 -2.1688 -0.0642 -0.0572 0.1376 0.6260 -10.5463 -3.6750 -0.7617 -10.5820 3.9762 -5.9639 14.3355 -6.6818 -56.1999 11.3734 -1.1240 0.3558 -0.2308 -102.9395 12.1874 33.0714 24.2020 -16.1083 10.8089 15.7451 -59.6621 1.7060 2.0487 17.6795 16.1861 5.8672 52.0978 3.6254 0.3973 -0.8330 1.8662 79.2374 -12.4149 49.3700 -49.4680 16.1289 7.3917 -15.8825 50.5966 -3.6051 -5.5435 7.0014 -12.2307 13.6896 -0.3134 20.5810 -0.6617 -10.8456 -7.9017 -10.1313 1.6300 -2.4924 -2.1122 -14.2664 -18.3557 -13.7996 0.4120 19.8593 0.7956 14.3957 -5.7592 16.1746 -1.4423 -2.7970 1.0222
-0.3207 97.2726 -3.9345 2.7071 -1.8184 -11.6639 -1.4629 2.1533 -0.7929 -0.6375 -4.4114 -1.5131 -1.4152 12.1030 -4.9160 0.4889 29.5936 2.2152 -1.5034 -3.7506 -1.6703 -3.7031 -5.6604 -2.1714 -0.0678 -0.0585 0.1426 0.6197 -10.5704 -3.6757 -0.7628 -10.6062 3.9880 -5.8061 14.5000 -6.6195 -56.4016 11.5816 -1.3029 0.4219 -0.2249 -102.5898 12.4935 33.2656 24.2369 -16.0813 10.8296 15.7373 -59.6498 1.7097 2.0625 17.4416 16.1533 5.5309 52.4774 3.3033 0.1331 -0.7870 1.8154 79.8299 -13.9537 48.9558 -50.1803 16.2263 7.3350 -15.9160 50.6804 -3.6159 -5.5730 7.0488 -12.2553 13.9175 -0.3181 20.8271 -0.6730 -10.8252 -8.0522 -10.0932 1.6305 -2.4855 -2.1148 -14.2346 -18.5654 -13.4906 0.4037 20.2308 0.7853 14.1606 -5.8677 16.2331 -1.4435 -2.8076 1.0133
-0.3267 97.2169 -3.9219 2.7121 -1.8351 -12.0176 -1.4664 2.2018 -0.8318 -0.6385 -4.3807 -1.5520 -1.4205 12.0687 -4.9796 0.5857 30.0566 2.1754 -1.5127 -3.7759 -1.6279 -3.7124 -5.5323 -2.1974 -0.0680 -0.0570 0.1387 0.6202 -10.5913 -3.6868 -0.7631 -10.6272 3.9905 -5.6528 14.6249 -6.5289 -56.6202 11.7982 -1.5196 0.4770 -0.2105 -102.0893 12.7923 33.4310 24.2706 -16.0804 10.8549 15.7286 -59.6517 1.7184 2.0678 17.1619 16.1245 5.2231 52.8562 3.0135 -0.1326 -0.8387 1.7836 80.5384 -15.5265 48.5320 -50.9677 16.3195 7.2752 -15.9608 50.7171 -3.6432 -5.6191 7.1008 -12.2755 14.1236 -0.3203 21.0496 -0.6750 -10.8014 -8.1934 -10.0418 1.6318 -2.4666 -2.1052 -14.1959 -18.7583 -13.2700 0.4009 20.5555 0.7748 13.9379 -5.9401 16.3517 -1.4461 -2.8300 1.0005
-0.3260 97.1762 -3.8905 2.7125 -1.8305 -12.3315 -1.4803 2.2504 -0.8646 -0.6443 -4.3593 -1.5738 -1.4504 12.0509 -5.0106 0.6861 30.5575 2.1346 -1.5214 -3.7986 -1.6006 -3.6264 -5.4166 -2.2738 -0.0636 -0.0575 0.1289 0.6306 -10.6119 -3.7044 -0.7642 -10.6512 3.9865 -5.5492 14.7215 -6.4411 -56.8472 12.0210 -1.7587 0.5624 -0.2349 -101.5075 13.0918 33.6128 24.3657 -16.0614 10.8533 15.6834 -59.6479 1.7299 2.0476 16.8874 16.1113 4.9578 53.1481 2.7418 -0.5130 -0.8638 1.6891 81.4384 -17.1968 48.1773 -51.8778 16.3697 7.2503 -16.0120 50.7197 -3.6674 -5.6376 7.1325 -12.3285 14.3036 -0.3219 21.2819 -0.6768 -10.7640 -8.3113 -9.9568 1.6358 -2.4211 -2.0903 -14.1429 -18.9911 -13.1618 0.4062 20.8903 0.7715 13.7323 -6.0249 16.5328 -1.4508 -2.8426 0.9901
-0.3335 97.1396 -3.8594 2.6988 -1.8094 -12.5763 -1.4931 2.3001 -0.8753 -0.6509 -4.3576 -1.6050 -1.5090 12.0888 -5.0125 0.7690 31.0197 2.1443 -1.5026 -3.8135 -1.6219 -3.4825 -5.3131 -2.3671 -0.0555 -0.0573 0.1115 0.6430 -10.6310 -3.7287 -0.7597 -10.6752 3.9727 -5.5254 14.7770 -6.3204 -57.0832 12.2257 -1.9984 0.6884 -0.2860 -100.9117 13.4136 33.8872 24.5018 -16.0320 10.8445 15.6480 -59.6204 1.7448 2.0045 16.6283 16.1095 4.7890 53.3093 2.4605 -1.0070 -0.8414 1.5607 82.4597 -18.7315 47.9648 -52.7824 16.3929 7.2546 -16.0494 50.7169 -3.6690 -5.6376 7.1703 -12.4090 14.4400 -0.3257 21.5098 -0.6792 -10.7480 -8.4115 -9.8805 1.6388 -2.3653 -2.0778 -14.0721 -19.2187 -13.1267 0.4090 21.1939 0.7571 13.5141 -6.1004 16.6828 -1.4565 -2.8665 0.9882
-0.3588 97.0951 -3.8452 2.6799 -1.7723 -12.7451 -1.5081 2.3358 -0.8864 -0.6603 -4.3339 -1.5862 -1.5927 12.1187 -5.0156 0.8136 31.4028 2.1476 -1.4824 -3.8204 -1.6665 -3.2647 -5.2272 -2.4387 -0.0498 -0.0632 0.0977 0.6505 -10.6438 -3.7493 -0.7558 -10.6906 3.9643 -5.5393 14.8240 -6.1683 -57.3485 12.3681 -2.1848 0.7655 -0.3439 -100.3142 13.7923 34.2606 24.6772 -16.0020 10.8330 15.6306 -59.5859 1.7515 1.9832 16.3624 16.0998 4.6551 53.3943 2.1937 -1.5124 -0.8249 1.4575 83.5067 -20.0709 47.9753 -53.7869 16.3828 7.2414 -16.0732 50.6592 -3.6851 -5.6482 7.2051 -12.5090 14.5219 -0.3269 21.6998 -0.6727 -10.7595 -8.4461 -9.8604 1.6414 -2.2969 -2.0719 -14.0047 -19.4229 -13.1437 0.4125 21.4587 0.7578 13.3326 -6.1771 16.7512 -1.4602 -2.8725 0.9830
-0.3826 97.0710 -3.8446 2.6548 -1.7393 -12.8556 -1.5132 2.3936 -0.8675 -0.6708 -4.3318 -1.5758 -1.7109 12.1950 -4.9913 0.8177 31.7498 2.1977 -1.4495 -3.8267 -1.7127 -3.0044 -5.1394 -2.4940 -0.0491 -0.0687 0.0945 0.6535 -10.6695 -3.7581 -0.7574 -10.7147 3.9668 -5.5554 14.8972 -5.9945 -57.6860 12.4776 -2.3721 0.8746 -0.4062 -99.8081 14.1524 34.6229 24.8097 -15.9671 10.8359 15.6206 -59.6193 1.7703 1.9426 16.0970 16.0961 4.6313 53.3507 1.9407 -1.9956 -0.8350 1.3236 84.5862 -21.1114 47.9640 -54.6792 16.3869 7.2388 -16.0966 50.6732 -3.6785 -5.6495 7.2398 -12.6327 14.5712 -0.3303 21.9079 -0.6699 -10.7771 -8.5111 -9.8814 1.6410 -2.2424 -2.0790 -13.9243 -19.6186 -13.1933 0.4170 21.7472 0.7563 13.2007 -6.2709 16.7758 -1.4614 -2.8836 0.9809
-0.4043 97.0407 -3.8488 2.6265 -1.6952 -12.9092 -1.5202 2.4435 -0.8618 -0.6815 -4.3137 -1.5041 -1.8275 12.2566 -4.9665 0.7406 32.0240 2.2793 -1.3944 -3.8343 -1.7653 -2.7005 -5.0453 -2.4981 -0.0515 -0.0784 0.0975 0.6502 -10.6820 -3.7571 -0.7593 -10.7243 3.9733 -5.6164 14.9350 -5.7853 -58.0892 12.6022 -2.5890 0.9707 -0.4146 -99.3277 14.3395 34.7985 24.7906 -15.9452 10.8100 15.6315 -59.5574 1.7589 1.9337 15.8514 16.0972 4.6827 53.2147 1.6549 -2.4613 -0.8308 1.2484 85.6334 -21.7461 47.8774 -55.3773 16.3731 7.2239 -16.0897 50.6527 -3.6964 -5.6282 7.2853 -12.7132 14.5812 -0.3340 22.0085 -0.6690 -10.8062 -8.5498 -9.9012 1.6417 -2.1883 -2.0855 -13.8420 -19.7761 -13.2811 0.4295 21.9688 0.7642 13.1030 -6.3357 16.7620 -1.4604 -2.8677 0.9712
-0.4488 97.0103 -3.8433 2.6070 -1.6616 -12.9151 -1.5290 2.4999 -0.8450 -0.6886 -4.2961 -1.4230 -1.9473 12.3064 -4.9050 0.5824 32.2151 2.3751 -1.3416 -3.8363 -1.8004 -2.3560 -4.9887 -2.4975 -0.0560 -0.0820 0.1038 0.6451 -10.6777 -3.7519 -0.7629 -10.7155 3.9818 -5.6976 14.9566 -5.5814 -58.5574 12.7358 -2.7899 1.0291 -0.4048 -98.9168 14.3951 34.8122 24.6423 -15.8963 10.7770 15.6125 -59.5005 1.7469 1.8914 15.5922 16.1207 4.8256 53.0787 1.3922 -2.8232 -0.8542 1.2157 86.5583 -22.0161 47.6810 -55.7674 16.3592 7.2277 -16.1022 50.6224 -3.7238 -5.6128 7.3306 -12.7555 14.5166 -0.3377 22.0430 -0.6690 -10.8378 -8.6048 -9.9018 1.6406 -2.1484 -2.0947 -13.7773 -19.8909 -13.3528 0.4361 22.1790 0.7660 13.0169 -6.4242 16.7358 -1.4582 -2.8266 0.9619
-0.5131 96.9995 -3.8071 2.5870 -1.6148 -12.8697 -1.5401 2.5595 -0.8009 -0.6936 -4.2813 -1.3103 -2.0650 12.3257 -4.8526 0.3953 32.2857 2.4867 -1.3031 -3.8283 -1.8377 -2.0445 -4.9462 -2.4961 -0.0611 -0.0855 0.1104 0.6411 -10.6656 -3.7440 -0.7695 -10.7010 3.9897 -5.7724 14.9290 -5.3788 -59.0431 12.9173 -2.9495 1.0544 -0.3559 -98.6421 14.3451 34.7756 24.4223 -15.8288 10.7516 15.5975 -59.3650 1.7358 1.8616 15.3408 16.1639 5.0110 52.9252 1.0981 -3.0512 -0.8495 1.1714 87.3543 -22.0559 47.4471 -56.0583 16.3520 7.2223 -16.1084 50.5796 -3.7589 -5.6095 7.3832 -12.7998 14.3869 -0.3400 22.0377 -0.6701 -10.8544 -8.6257 -9.9162 1.6392 -2.1347 -2.1037 -13.7203 -19.9878 -13.4461 0.4381 22.3511 0.7716 12.9671 -6.4956 16.7179 -1.4545 -2.7774 0.9549
-0.6062 96.9846 -3.7664 2.5511 -1.5425 -12.7602 -1.5457 2.6047 -0.7701 -0.7007 -4.2544 -1.1810 -2.1661 12.3114 -4.7778 0.1938 32.1775 2.6113 -1.2946 -3.8123 -1.8459 -1.7849 -4.8569 -2.5361 -0.0619 -0.0855 0.1096 0.6407 -10.6525 -3.7468 -0.7701 -10.6860 3.9904 -5.8536 14.8622 -5.1913 -59.5475 13.1039 -3.0269 1.0230 -0.2685 -98.4936 14.2885 34.7337 24.1996 -15.7545 10.7244 15.5884 -59.1645 1.7310 1.8708 15.1037 16.1568 5.2329 52.8162 0.8316 -3.1651 -0.8395 1.2253 88.0181 -21.7296 47.1306 -56.0956 16.3444 7.2142 -16.1048 50.5362 -3.7949 -5.6019 7.4533 -12.8344 14.1697 -0.3346 21.9663 -0.6602 -10.8594 -8.6259 -9.9142 1.6345 -2.0929 -2.1082 -13.6364 -20.0476 -13.5720 0.4469 22.4521 0.7829 12.9288 -6.5225 16.6931 -1.4496 -2.6785 0.9556
-0.7285 96.9849 -3.7137 2.4912 -1.4746 -12.5919 -1.5455 2.6629 -0.7426 -0.7072 -4.2274 -1.0730 -2.2509 12.2836 -4.6401 -0.0318 31.9247 2.7115 -1.3025 -3.7900 -1.8181 -1.5991 -4.7485 -2.5764 -0.0627 -0.0836 0.1066 0.6422 -10.6404 -3.7516 -0.7733 -10.6744 3.9895 -5.9520 14.7809 -5.0354 -59.9836 13.3246 -2.9534 0.9475 -0.2295 -98.5094 14.2873 34.7286 24.0291 -15.6600 10.7268 15.5991 -58.9314 1.7381 1.8963 14.9136 16.1042 5.4491 52.7292 0.6124 -3.2073 -0.8130 1.2328 88.5775 -21.3178 46.8670 -56.0675 16.3650 7.2265 -16.0893 50.5135 -3.8251 -5.6123 7.5647 -12.8405 13.8722 -0.3292 21.8507 -0.6488 -10.8868 -8.6233 -9.8842 1.6331 -2.0823 -2.1134 -13.5236 -20.0449 -13.7236 0.4485 22.5018 0.7839 12.9005 -6.5303 16.6722 -1.4462 -2.5656 0.9542
-0.8514 97.0206 -3.6582 2.4118 -1.4128 -12.3685 -1.5378 2.7385 -0.7442 -0.7091 -4.1953 -0.9614 -2.3190 12.2575 -4.5009 -0.3107 31.5877 2.7835 -1.3058 -3.7751 -1.7683 -1.4642 -4.6882 -2.6181 -0.0623 -0.0836 0.1039 0.6444 -10.6381 -3.7549 -0.7738 -10.6686 3.9858 -6.0225 14.7303 -4.9126 -60.3764 13.5809 -2.8092 0.9373 -0.2173 -98.7572 14.3060 34.7697 23.9803 -15.5810 10.7589 15.6448 -58.8516 1.7231 1.9384 14.7221 16.0773 5.6755 52.7216 0.3633 -3.2022 -0.7798 1.1715 89.0856 -21.0407 46.7022 -56.2085 16.3676 7.2547 -16.0536 50.5160 -3.8230 -5.6048 7.6879 -12.7995 13.4924 -0.3233 21.6283 -0.6399 -10.9379 -8.5464 -9.8107 1.6295 -2.0468 -2.0988 -13.3699 -19.9709 -13.9188 0.4457 22.4531 0.7872 12.8402 -6.4979 16.6074 -1.4433 -2.4638 0.9538
-1.0000 97.0752 -3.6047 2.3273 -1.3407 -12.0947 -1.5241 2.8170 -0.7498 -0.7171 -4.1558 -0.8419 -2.3675 12.2400 -4.3719 -0.5758 31.1505 2.8483 -1.3089 -3.7611 -1.7412 -1.3793 -4.6538 -2.6930 -0.0647 -0.0851 0.1077 0.6399 -10.6321 -3.7507 -0.7741 -10.6583 3.9898 -6.0805 14.6924 -4.7963 -60.7094 13.8875 -2.7501 1.0206 -0.2243 -99.1133 14.2815 34.9357 24.1058 -15.5554 10.8134 15.7059 -58.9198 1.7124 1.9675 14.5885 16.0224 5.8986 52.7497 0.1337 -3.1937 -0.7079 1.1662 89.4675 -20.8060 46.5606 -56.3408 16.3706 7.2880 -16.0039 50.5227 -3.8015 -5.5889 7.8197 -12.7136 13.0412 -0.3151 21.2870 -0.6394 -10.9993 -8.4090 -9.7301 1.6304 -2.0389 -2.0856 -13.2013 -19.8292 -14.1786 0.4436 22.2990 0.7923 12.7670 -6.4482 16.5380 -1.4449 -2.3851 0.9420
-1.1616 97.1457 -3.5434 2.2391 -1.2634 -11.7328 -1.4992 2.9251 -0.7466 -0.7238 -4.1160 -0.7486 -2.3911 12.2447 -4.2622 -0.8257 30.6925 2.9346 -1.3099 -3.7633 -1.7332 -1.2907 -4.7265 -2.7916 -0.0667 -0.0838 0.1137 0.6377 -10.6378 -3.7432 -0.7759 -10.6561 3.9948 -6.0925 14.6624 -4.6423 -60.9846 14.2219 -2.7869 1.1442 -0.2845 -99.6142 14.2067 35.2429 24.3873 -15.5465 10.8861 15.7762 -59.0854 1.7313 1.9701 14.4598 15.9780 6.1881 52.7946 -0.0643 -3.2752 -0.6101 1.1368 89.8427 -20.5980 46.4931 -56.5200 16.3435 7.3311 -15.9793 50.5279 -3.7760 -5.5787 7.9379 -12.6489 12.4943 -0.3077 20.9452 -0.6387 -11.0453 -8.2587 -9.6015 1.6310 -2.0271 -2.0712 -13.0253 -19.6990 -14.4903 0.4368 22.1685 0.7860 12.6686 -6.3990 16.4680 -1.4481 -2.3228 0.9311
-1.3192 97.1889 -3.4849 2.1679 -1.1627 -11.2862 -1.4727 3.0491 -0.7367 -0.7302 -4.0560 -0.6717 -2.4001 12.2263 -4.1712 -0.9791 30.1804 2.9789 -1.3204 -3.7635 -1.7432 -1.2351 -4.9498 -2.8787 -0.0613 -0.0827 0.1068 0.6433 -10.6276 -3.7498 -0.7707 -10.6451 3.9855 -6.0751 14.6299 -4.4931 -61.1941 14.4614 -2.8375 1.2093 -0.3354 -100.1326 14.1389 35.6833 24.7444 -15.5652 10.9047 15.7965 -59.2253 1.7456 1.9826 14.3527 15.8926 6.4679 52.8669 -0.1329 -3.4306 -0.5385 1.1396 90.1830 -20.3901 46.5216 -56.7071 16.2999 7.3392 -15.9254 50.4549 -3.7748 -5.5754 8.0337 -12.6584 11.8990 -0.2980 20.6712 -0.6309 -11.0733 -8.1199 -9.5189 1.6327 -2.0025 -2.0602 -12.8789 -19.6138 -14.8349 0.4299 22.0857 0.7803 12.5909 -6.3717 16.3554 -1.4522 -2.2569 0.9245
-1.4511 97.2052 -3.4291 2.1043 -1.0627 -10.7878 -1.4380 3.2019 -0.7049 -0.7319 -3.9931 -0.6232 -2.3931 12.2367 -4.0813 -1.0309 29.6062 3.0328 -1.3294 -3.7629 -1.8299 -1.2209 -5.3107 -2.9634 -0.0509 -0.0784 0.0893 0.6560 -10.6076 -3.7649 -0.7626 -10.6261 3.9622 -6.0372 14.5985 -4.3731 -61.4046 14.5408 -2.8616 1.2142 -0.4214 -100.6736 14.2210 36.1623 25.1069 -15.5734 10.9217 15.8044 -59.2810 1.7530 1.9777 14.2467 15.8106 6.7286 52.9892 -0.1658 -3.6570 -0.5070 1.1306 90.5407 -20.2563 46.5048 -56.8520 16.2409 7.3460 -15.8830 50.3754 -3.7596 -5.5613 8.1213 -12.7817 11.2697 -0.2891 20.5807 -0.6174 -11.1063 -8.0300 -9.4869 1.6345 -1.9817 -2.0569 -12.7590 -19.6307 -15.1884 0.4191 22.1821 0.7563 12.5011 -6.3787 16.1988 -1.4574 -2.1942 0.9207
-1.5638 97.1917 -3.4196 2.0286 -0.9637 -10.2497 -1.3847 3.3820 -0.6900 -0.7203 -3.9275 -0.5795 -2.3570 12.2795 -3.9891 -1.0226 28.9616 3.0658 -1.3503 -3.7710 -1.9448 -1.2319 -5.7966 -3.0294 -0.0442 -0.0746 0.0795 0.6650 -10.5950 -3.7704 -0.7583 -10.6132 3.9452 -5.9846 14.5609 -4.3167 -61.6843 14.4524 -2.8413 1.1804 -0.4681 -101.2110 14.4783 36.6813 25.5179 -15.6139 10.9085 15.7993 -59.3035 1.7457 1.9733 14.1710 15.7307 6.9607 53.1615 -0.2449 -3.9606 -0.4778 1.1229 90.9430 -20.3315 46.4625 -57.0463 16.1649 7.3536 -15.8574 50.2572 -3.7465 -5.5249 8.2133 -13.0352 10.6829 -0.2843 20.6963 -0.6096 -11.1401 -7.9985 -9.5320 1.6364 -1.9752 -2.0623 -12.6448 -19.7200 -15.5777 0.4131 22.4322 0.7421 12.4181 -6.4325 16.0291 -1.4611 -2.1458 0.9224
-1.6807 97.1578 -3.4007 1.9425 -0.8789 -9.7003 -1.3146 3.5940 -0.6628 -0.7020 -3.8677 -0.5559 -2.2998 12.3598 -3.9141 -0.9903 28.2559 3.1304 -1.3676 -3.7867 -2.1092 -1.2551 -6.3669 -3.0804 -0.0395 -0.0723 0.0735 0.6671 -10.5786 -3.7695 -0.7515 -10.6011 3.9310 -5.9359 14.4889 -4.2855 -62.0006 14.2637 -2.7497 1.0762 -0.5067 -101.7461 14.8882 37.1286 25.9792 -15.6732 10.8846 15.7904 -59.3374 1.7494 1.9341 14.1383 15.7056 7.2073 53.3831 -0.3574 -4.2866 -0.5039 1.0961 91.3920 -20.7004 46.4232 -57.3316 16.0971 7.3689 -15.8384 50.1660 -3.7285 -5.4754 8.3107 -13.4080 10.1783 -0.2864 21.0302 -0.6094 -11.1424 -8.0512 -9.6421 1.6386 -1.9735 -2.0771 -12.5227 -19.8740 -15.9975 0.4047 22.8100 0.7313 12.3171 -6.5579 15.8879 -1.4617 -2.0932 0.9163
-1.7680 97.1022 -3.4226 1.8631 -0.7919 -9.1817 -1.2409 3.8347 -0.6411 -0.6819 -3.7963 -0.5300 -2.2278 12.4840 -3.8625 -0.9548 27.5516 3.1898 -1.3889 -3.8022 -2.2529 -1.2313 -6.9911 -3.1381 -0.0393 -0.0686 0.0729 0.6671 -10.5753 -3.7658 -0.7517 -10.5973 3.9268 -5.8858 14.3919 -4.2899 -62.3497 14.0431 -2.6875 1.0244 -0.5089 -102.3217 15.2327 37.4752 26.4358 -15.7090 10.8527 15.7872 -59.3757 1.7553 1.8963 14.1464 15.7435 7.4891 53.6128 -0.5304 -4.5754 -0.5246 0.9936 91.9206 -21.2477 46.3276 -57.6410 16.0392 7.3862 -15.8221 50.0504 -3.7440 -5.4186 8.4054 -13.8895 9.7910 -0.2972 21.5042 -0.6236 -11.1528 -8.1480 -9.8233 1.6384 -1.9727 -2.0950 -12.4181 -20.1342 -16.4360 0.4051 23.2962 0.7206 12.2035 -6.6794 15.8066 -1.4608 -2.0344 0.9071
-1.8489 97.0328 -3.4797 1.7978 -0.6954 -8.6833 -1.1754 4.0883 -0.6021 -0.6607 -3.7138 -0.5223 -2.1481 12.6222 -3.8095 -0.9266 26.8595 3.2240 -1.4062 -3.8094 -2.3869 -1.1953 -7.6616 -3.1655 -0.0409 -0.0632 0.0733 0.6615 -10.5503 -3.7575 -0.7506 -10.5731 3.9222 -5.8595 14.3441 -4.3305 -62.6584 13.6770 -2.5756 0.8803 -0.4922 -102.8316 15.6227 37.8657 26.9090 -15.7539 10.7904 15.7599 -59.3668 1.7659 1.8731 14.1687 15.7737 7.7711 53.9467 -0.7190 -4.8106 -0.4551 0.9141 92.3665 -21.7220 45.9874 -57.6707 15.9850 7.3825 -15.7850 49.9222 -3.7622 -5.3592 8.4723 -14.4100 9.4924 -0.3103 22.0322 -0.6342 -11.1616 -8.3082 -10.0824 1.6378 -1.9788 -2.1115 -12.3356 -20.4296 -16.8349 0.4105 23.7871 0.7191 12.0950 -6.8185 15.7993 -1.4594 -1.9518 0.8907
-1.9106 96.9640 -3.5362 1.7368 -0.5590 -8.2310 -1.1038 4.3423 -0.5908 -0.6421 -3.6179 -0.4865 -2.0650 12.7802 -3.7815 -0.9374 26.1955 3.2463 -1.4237 -3.8083 -2.4632 -1.1598 -8.3865 -3.1666 -0.0441 -0.0564 0.0781 0.6539 -10.5317 -3.7450 -0.7499 -10.5540 3.9216 -5.8570 14.3573 -4.4015 -62.9475 13.2516 -2.5170 0.7835 -0.4388 -103.3575 15.9747 38.3111 27.4033 -15.7761 10.7344 15.7669 -59.3616 1.7724 1.8853 14.1651 15.7954 8.0711 54.3696 -0.9298 -4.9036 -0.3028 0.8764 92.8165 -21.9840 45.4776 -57.4661 15.9416 7.3845 -15.7731 49.8470 -3.7550 -5.3445 8.5154 -15.0030 9.2746 -0.3134 22.5866 -0.6394 -11.1445 -8.4714 -10.4181 1.6338 -1.9731 -2.1252 -12.2562 -20.7714 -17.2016 0.4213 24.2485 0.7257 11.9851 -6.9750 15.7907 -1.4554 -1.8958 0.8824
-1.9070 96.8834 -3.6131 1.6883 -0.3918 -7.8256 -1.0357 4.6300 -0.5851 -0.6188 -3.5134 -0.4452 -1.9716 12.9707 -3.7446 -1.0010 25.5565 3.2489 -1.4372 -3.8040 -2.4773 -1.1186 -9.1634 -3.1611 -0.0448 -0.0506 0.0795 0.6493 -10.5164 -3.7362 -0.7466 -10.5378 3.9158 -5.8341 14.4210 -4.4895 -63.1793 12.8654 -2.5953 0.8348 -0.4647 -103.9518 16.3595 38.9333 28.0111 -15.7884 10.6719 15.7603 -59.3732 1.7542 1.9088 14.1399 15.8109 8.3727 54.8386 -1.0938 -4.8132 -0.1298 0.8228 93.3960 -22.0981 45.0438 -57.2842 15.9027 7.4026 -15.7771 49.8242 -3.7360 -5.3388 8.5264 -15.6458 9.0871 -0.3306 23.1546 -0.6506 -11.0735 -8.6404 -10.7345 1.6260 -1.9553 -2.1270 -12.1882 -21.1817 -17.5352 0.4323 24.6943 0.7275 11.9128 -7.1226 15.8136 -1.4493 -1.8562 0.8883
-1.8601 96.7815 -3.7011 1.6478 -0.2251 -7.4961 -0.9580 4.9863 -0.6001 -0.5981 -3.3718 -0.3855 -1.8798 13.1696 -3.7111 -1.1292 24.8734 3.2616 -1.4124 -3.8135 -2.4577 -1.1057 -9.9317 -3.1087 -0.0520 -0.0482 0.0886 0.6372 -10.5029 -3.7186 -0.7488 -10.5202 3.9190 -5.7648 14.4779 -4.5644 -63.3847 12.5201 -2.7619 0.9387 -0.4998 -104.5082 16.8147 39.6938 28.7243 -15.8232 10.6083 15.7027 -59.3357 1.7275 1.9303 14.0614 15.8183 8.7159 55.4130 -1.2168 -4.4999 0.0612 0.7827 93.9883 -21.8870 44.5146 -56.8739 15.8515 7.3908 -15.7649 49.8270 -3.7157 -5.3587 8.4958 -16.3070 8.9501 -0.3493 23.7522 -0.6727 -10.9538 -8.8489 -10.9971 1.6224 -1.9304 -2.1205 -12.1369 -21.6264 -17.8405 0.4433 25.1052 0.7258 11.9158 -7.2634 15.8769 -1.4448 -1.8068 0.9011
-1.7891 96.6823 -3.8553 1.6237 -0.0366 -7.1930 -0.8832 5.4120 -0.6204 -0.5779 -3.2083 -0.3552 -1.7733 13.4048 -3.6506 -1.2881 24.1209 3.2469 -1.3725 -3.8299 -2.3703 -1.1456 -10.7056 -2.9895 -0.0594 -0.0526 0.1032 0.6287 -10.5205 -3.7025 -0.7554 -10.5371 3.9350 -5.6436 14.5164 -4.6725 -63.5608 12.2228 -2.9702 1.1039 -0.4357 -105.1238 17.1481 40.2298 29.3955 -15.8149 10.5535 15.6645 -59.2594 1.7129 1.9746 13.9272 15.8140 9.1117 56.0307 -1.2817 -4.0052 0.2688 0.7230 94.7436 -21.3224 43.9367 -56.3325 15.7997 7.3925 -15.7726 49.8836 -3.6899 -5.3611 8.4119 -16.9996 8.7896 -0.3692 24.3844 -0.6948 -10.8146 -9.0522 -11.1223 1.6209 -1.9107 -2.1101 -12.1104 -22.1397 -18.1063 0.4501 25.5180 0.7279 12.0050 -7.3628 15.9546 -1.4426 -1.8058 0.9197
-1.6474 96.5682 -4.0651 1.5937 0.1801 -6.9729 -0.8117 5.9212 -0.6488 -0.5517 -2.9985 -0.3234 -1.6488 13.6878 -3.5901 -1.4820 23.3066 3.2368 -1.3026 -3.8398 -2.2137 -1.2236 -11.5743 -2.8268 -0.0638 -0.0547 0.1089 0.6195 -10.5255 -3.6949 -0.7547 -10.5443 3.9403 -5.4374 14.5224 -4.8092 -63.6962 11.9058 -3.1477 1.2091 -0.4109 -105.7724 17.4355 40.6441 30.0606 -15.7857 10.5302 15.6707 -59.1721 1.7011 2.0176 13.6669 15.7886 9.5546 56.6238 -1.3066 -3.2081 0.3913 0.6826 95.6110 -20.3184 43.3670 -55.7795 15.8099 7.3644 -15.7188 49.9955 -3.6609 -5.3335 8.3092 -17.8258 8.5853 -0.3812 25.1703 -0.7074 -10.6767 -9.2423 -11.2010 1.6254 -1.8950 -2.0880 -12.0806 -22.7680 -18.3505 0.4546 25.9646 0.7284 12.1036 -7.4326 16.0651 -1.4450 -1.7915 0.9214
-1.4451 96.4284 -4.3399 1.5809 0.4336 -6.8288 -0.7625 6.4805 -0.6838 -0.5326 -2.7650 -0.2788 -1.5265 14.0086 -3.5429 -1.6828 22.5260 3.2193 -1.2377 -3.8542 -1.9695 -1.2746 -12.5175 -2.6500 -0.0682 -0.0514 0.1228 0.6107 -10.5155 -3.6809 -0.7546 -10.5385 3.9555 -5.1320 14.5081 -4.9594 -63.8457 11.6236 -3.3554 1.2848 -0.3955 -106.4364 17.7061 41.0458 30.7901 -15.7873 10.5081 15.6668 -59.1367 1.7095 2.0172 13.3446 15.7519 10.0425 57.0592 -1.3752 -2.1843 0.4689 0.7343 96.5139 -19.1252 43.0620 -55.5793 15.8102 7.3260 -15.6497 50.0803 -3.6242 -5.2877 8.1616 -18.7755 8.3608 -0.3953 26.1030 -0.7141 -10.5170 -9.4319 -11.2105 1.6292 -1.8916 -2.0799 -12.0736 -23.5297 -18.5610 0.4629 26.4690 0.7378 12.2159 -7.4788 16.2451 -1.4503 -1.8197 0.9097
-1.1953 96.2757 -4.6453 1.5962 0.7057 -6.7814 -0.7607 7.1030 -0.6926 -0.5120 -2.5429 -0.2722 -1.4428 14.3996 -3.4739 -1.8848 21.8302 3.2464 -1.1627 -3.8649 -1.7270 -1.2308 -13.5545 -2.4816 -0.0662 -0.0422 0.1242 0.6070 -10.5103 -3.6777 -0.7471 -10.5331 3.9557 -4.6727 14.5061 -5.1016 -64.0316 11.3382 -3.6259 1.3430 -0.4314 -107.1382 17.9566 41.3244 31.4865 -15.7817 10.5100 15.6657 -59.2415 1.7386 1.9790 12.9370 15.7675 10.5707 57.3155 -1.5523 -0.9814 0.4907 0.8112 97.4692 -17.8952 43.2015 -55.9560 15.8005 7.3110 -15.5786 50.1705 -3.5713 -5.2837 7.9491 -19.8416 8.1337 -0.4073 27.2429 -0.7219 -10.3017 -9.6937 -11.1368 1.6295 -1.9051 -2.0936 -12.1095 -24.4701 -18.6927 0.4703 27.1615 0.7379 12.3084 -7.5861 16.5237 -1.4564 -1.8973 0.8820
-0.9197 96.0595 -4.9500 1.6315 0.9729 -6.7691 -0.7992 7.7278 -0.7222 -0.5067 -2.2866 -0.2451 -1.3835 14.8107 -3.3998 -2.0677 21.1763 3.3182 -1.0971 -3.8708 -1.5456 -1.0852 -14.5875 -2.3142 -0.0686 -0.0288 0.1303 0.5981 -10.4863 -3.6709 -0.7431 -10.5053 3.9623 -4.1698 14.4792 -5.2768 -64.2035 11.0366 -3.8474 1.3041 -0.4203 -107.7403 18.0020 41.3799 31.8987 -15.7689 10.5265 15.6875 -59.3598 1.7864 1.9613 12.5081 15.8352 11.0796 57.4478 -1.9203 0.2312 0.5001 0.9850 98.4487 -16.5354 43.8241 -56.7809 15.7986 7.2880 -15.4912 50.1863 -3.5355 -5.2925 7.7113 -20.9590 7.9247 -0.4137 28.5165 -0.7228 -10.0701 -10.0655 -11.0102 1.6293 -1.8666 -2.1145 -12.2031 -25.5162 -18.7668 0.4856 28.0073 0.7446 12.3960 -7.7600 16.8283 -1.4634 -1.9536 0.8505
-0.6103 95.7764 -5.2501 1.6480 1.2210 -6.7703 -0.8551 8.3752 -0.7095 -0.4986 -2.0468 -0.2580 -1.3676 15.2792 -3.3305 -2.2423 20.6124 3.3984 -1.0390 -3.8832 -1.3688 -0.8626 -15.5504 -2.1802 -0.0764 -0.0188 0.1469 0.5894 -10.4742 -3.6536 -0.7506 -10.4866 3.9823 -3.6747 14.4121 -5.4841 -64.3268 10.8271 -4.0363 1.3251 -0.4090 -108.4103 17.9280 41.3347 32.1520 -15.7325 10.5838 15.7066 -59.5470 1.8446 1.9238 12.1067 15.9322 11.5157 57.4682 -2.4410 1.3769 0.4768 1.0634 99.5127 -15.4827 44.5924 -57.8045 15.7829 7.3154 -15.4187 50.2574 -3.4570 -5.2786 7.4731 -22.1806 7.8045 -0.4321 30.0091 -0.7297 -9.8033 -10.5617 -10.9186 1.6261 -1.7867 -2.1322 -12.2990 -26.6564 -18.8332 0.5063 29.0723 0.7499 12.4677 -8.0234 17.1400 -1.4666 -1.9977 0.8332
-0.3165 95.4533 -5.5540 1.6332 1.4358 -6.7110 -0.9065 8.9795 -0.7181 -0.4964 -1.7971 -0.2495 -1.3895 15.7964 -3.2777 -2.4143 20.0661 3.4241 -0.9746 -3.8970 -1.1824 -0.5817 -16.4063 -2.0576 -0.0839 -0.0116 0.1620 0.5793 -10.4605 -3.6350 -0.7552 -10.4689 3.9963 -3.3181 14.3164 -5.7036 -64.2836 10.6230 -4.0938 1.2895 -0.3967 -109.0287 17.7176 41.1764 32.2086 -15.6678 10.6224 15.7263 -59.6381 1.8523 1.9177 11.7896 16.0027 11.8343 57.5286 -3.1660 2.2484 0.4748 1.0818 100.5773 -14.8711 45.0992 -58.7640 15.8148 7.3413 -15.3896 50.3544 -3.4054 -5.3070 7.2809 -23.4523 7.7337 -0.4455 31.6176 -0.7308 -9.5439 -11.1390 -10.9061 1.6255 -1.6837 -2.1452 -12.3775 -27.7916 -18.9151 0.5428 30.2548 0.7931 12.4913 -8.3650 17.3957 -1.4662 -2.0043 0.8282
-0.0410 95.0862 -5.8099 1.5879 1.6181 -6.5636 -0.9561 9.5372 -0.7042 -0.5022 -1.5641 -0.2483 -1.4453 16.3449 -3.2502 -2.5508 19.5811 3.3999 -0.8893 -3.9089 -1.0186 -0.2141 -17.1011 -2.0340 -0.0902 -0.0104 0.1765 0.5715 -10.4632 -3.6178 -0.7601 -10.4669 4.0108 -3.1311 14.2457 -5.9163 -64.1385 10.4117 -4.0717 1.3104 -0.4040 -109.6218 17.5002 40.9895 32.3117 -15.6431 10.6488 15.7307 -59.7079 1.8369 1.8964 11.6240 16.0729 12.0943 57.5767 -3.9937 2.7742 0.4598 1.0520 101.6148 -14.8482 45.2778 -59.6730 15.8628 7.3750 -15.3756 50.4809 -3.3481 -5.3085 7.1275 -24.7347 7.6894 -0.4670 33.3003 -0.7428 -9.2833 -11.7208 -10.9167 1.6242 -1.5487 -2.1618 -12.4575 -28.8837 -18.9744 0.5765 31.5424 0.8306 12.4220 -8.7794 17.5734 -1.4628 -1.9827 0.8294
0.2173 94.7025 -6.0544 1.5247 1.7421 -6.2960 -1.0098 10.0385 -0.6930 -0.5160 -1.3302 -0.2334 -1.5409 16.9117 -3.2545 -2.6277 19.1762 3.3672 -0.7785 -3.9146 -0.9524 0.2330 -17.6787 -2.1068 -0.0897 -0.0114 0.1748 0.5655 -10.4641 -3.6183 -0.7533 -10.4639 4.0095 -3.1505 14.2247 -6.0703 -63.8717 10.1067 -3.9907 1.3323 -0.4002 -110.0754 17.2436 40.9138 32.5861 -15.6474 10.6263 15.6945 -59.7175 1.8061 1.8565 11.6117 16.1644 12.3495 57.6959 -4.9449 2.8859 0.4905 1.0131 102.5456 -15.2034 45.1494 -60.4098 15.9053 7.3792 -15.3913 50.5441 -3.3196 -5.3307 7.0055 -25.9658 7.5627 -0.4911 35.0270 -0.7550 -8.9838 -12.2939 -10.9347 1.6268 -1.4508 -2.1696 -12.5814 -29.8712 -19.0327 0.6146 32.8866 0.8789 12.3432 -9.2478 17.6466 -1.4592 -1.9548 0.8375
0.4577 94.2620 -6.2101 1.4486 1.7773 -5.9552 -1.0647 10.4918 -0.6745 -0.5364 -1.1167 -0.2180 -1.6830 17.4745 -3.2496 -2.6267 18.9132 3.3197 -0.7060 -3.9142 -0.9208 0.7537 -18.2452 -2.2992 -0.0872 -0.0127 0.1672 0.5625 -10.4562 -3.6243 -0.7450 -10.4583 3.9996 -3.2809 14.2501 -6.1992 -63.6720 9.7327 -3.7563 1.2746 -0.3475 -110.4709 16.9575 40.8320 32.9726 -15.6752 10.5862 15.6336 -59.7054 1.7744 1.7851 11.6935 16.2809 12.5870 57.9016 -5.8934 2.5808 0.5732 1.0347 103.3754 -15.9017 45.0225 -61.1527 15.9530 7.3769 -15.4240 50.5444 -3.2926 -5.3387 6.9402 -27.1026 7.3964 -0.5125 36.8065 -0.7719 -8.6779 -12.9133 -10.9738 1.6296 -1.3431 -2.1734 -12.7687 -30.7179 -19.0184 0.6398 34.3069 0.9294 12.2460 -9.8321 17.6164 -1.4556 -1.8937 0.8538
0.6457 93.8124 -6.2627 1.3561 1.7327 -5.5790 -1.1147 10.8593 -0.6623 -0.5644 -0.9240 -0.1845 -1.8351 18.0112 -3.2318 -2.5599 18.8433 3.2921 -0.6304 -3.9057 -0.9594 1.3640 -18.7842 -2.5879 -0.0816 -0.0112 0.1487 0.5620 -10.4465 -3.6411 -0.7327 -10.4506 3.9768 -3.4671 14.3275 -6.3310 -63.6192 9.3515 -3.5130 1.2464 -0.3098 -110.8343 16.7992 40.8437 33.5169 -15.7165 10.5996 15.6083 -59.7549 1.7471 1.7318 11.8547 16.4175 12.7901 58.1120 -6.7198 1.9711 0.6045 1.0665 104.0485 -16.7413 45.0127 -61.8485 15.9909 7.3601 -15.4427 50.4955 -3.2964 -5.3271 6.9061 -28.0995 7.1965 -0.5319 38.5519 -0.7851 -8.3462 -13.5212 -11.0712 1.6327 -1.2438 -2.1707 -12.9859 -31.3905 -18.9421 0.6687 35.7012 0.9976 12.1036 -10.4464 17.4412 -1.4519 -1.7993 0.8621
0.8230 93.3719 -6.2594 1.2690 1.6287 -5.1841 -1.1757 11.1720 -0.5970 -0.5798 -0.7772 -0.1979 -2.0007 18.5208 -3.1702 -2.4231 18.9632 3.2672 -0.5743 -3.8929 -0.9983 2.0305 -19.2293 -2.9720 -0.0824 -0.0072 0.1421 0.5578 -10.4364 -3.6455 -0.7302 -10.4419 3.9701 -3.6039 14.4141 -6.4459 -63.7612 9.0245 -3.2469 1.2071 -0.3041 -111.2819 16.6755 40.8010 34.0940 -15.7365 10.6215 15.6115 -59.7499 1.7544 1.7124 12.0836 16.5596 12.9690 58.3116 -7.4032 1.0148 0.6836 1.0636 104.5967 -17.5170 45.0667 -62.3214 15.9747 7.3493 -15.4701 50.3757 -3.3045 -5.3434 6.8855 -28.9805 6.9998 -0.5720 40.2714 -0.8283 -7.9809 -14.1652 -11.1361 1.6362 -1.1243 -2.1740 -13.2786 -31.9569 -18.7411 0.6877 37.1048 1.0435 11.9663 -11.0698 17.1928 -1.4527 -1.7253 0.8769
1.0151 92.9333 -6.1749 1.1524 1.5024 -4.8127 -1.2295 11.4233 -0.5640 -0.5973 -0.6500 -0.1770 -2.1367 18.9375 -3.1178 -2.3214 19.1955 3.2789 -0.4825 -3.8901 -1.0973 2.6554 -19.5482 -3.3216 -0.0863 -0.0037 0.1398 0.5483 -10.4278 -3.6469 -0.7280 -10.4349 3.9678 -3.7109 14.4573 -6.5054 -63.9520 8.8123 -2.9502 1.0723 -0.2510 -111.8030 16.4942 40.7416 34.5691 -15.7562 10.6483 15.6206 -59.6912 1.7440 1.7252 12.3461 16.6843 13.1224 58.5320 -7.9315 -0.2057 0.8040 1.0439 105.0360 -18.1453 45.1346 -62.5830 15.9389 7.3290 -15.4739 50.2607 -3.3103 -5.3469 6.9039 -29.7193 6.8413 -0.6103 41.8404 -0.8695 -7.6210 -14.7963 -11.2447 1.6415 -1.0271 -2.1630 -13.5696 -32.3675 -18.5236 0.7210 38.3602 1.1034 11.8511 -11.6492 16.8788 -1.4536 -1.6427 0.8993
1.2059 92.5724 -6.0694 1.0260 1.3760 -4.5161 -1.2911 11.6149 -0.5607 -0.6237 -0.5538 -0.1169 -2.2477 19.2960 -3.0884 -2.2704 19.4367 3.2919 -0.3870 -3.8960 -1.1996 3.2307 -19.7446 -3.6326 -0.0912 -0.0050 0.1393 0.5356 -10.4203 -3.6431 -0.7251 -10.4262 3.9642 -3.8000 14.4467 -6.5089 -64.1047 8.7809 -2.6945 0.9356 -0.2035 -112.4124 16.1204 40.5709 34.8617 -15.7668 10.6997 15.6718 -59.7150 1.7211 1.7272 12.6159 16.7843 13.2638 58.7644 -8.2437 -1.5026 0.8550 1.0243 105.4475 -18.6218 45.2919 -62.8220 15.8807 7.3346 -15.4886 50.1748 -3.3326 -5.3582 6.9270 -30.2856 6.7274 -0.6437 43.1724 -0.9079 -7.2819 -15.3692 -11.3508 1.6470 -0.9681 -2.1425 -13.8248 -32.6272 -18.3346 0.7485 39.3564 1.1424 11.7686 -12.1024 16.6118 -1.4538 -1.6006 0.9130
1.3993 92.2703 -5.9482 0.8759 1.2688 -4.2716 -1.3560 11.7741 -0.5382 -0.6537 -0.4898 -0.0964 -2.3396 19.5878 -3.0806 -2.2681 19.6553 3.3243 -0.3122 -3.9085 -1.2575 3.7682 -19.8537 -3.9318 -0.0972 -0.0091 0.1424 0.5250 -10.4227 -3.6370 -0.7263 -10.4280 3.9657 -3.8516 14.4052 -6.4607 -64.2462 8.9079 -2.4551 0.7774 -0.1647 -113.0689 15.6082 40.2807 35.1040 -15.7490 10.7576 15.7260 -59.7628 1.7338 1.7056 12.9099 16.8596 13.4375 59.0150 -8.3174 -2.9084 0.8446 1.0359 105.8395 -18.9280 45.6557 -63.1312 15.8384 7.3486 -15.5147 50.1052 -3.3555 -5.3715 6.9799 -30.7349 6.6389 -0.6842 44.3139 -0.9501 -6.9929 -15.8947 -11.4304 1.6517 -0.9218 -2.1185 -14.0327 -32.7752 -18.2051 0.7654 40.1311 1.1709 11.7528 -12.4502 16.4334 -1.4554 -1.5829 0.9237
1.5767 92.0545 -5.8149 0.7132 1.1901 -4.0590 -1.4264 11.9114 -0.5374 -0.6986 -0.4414 -0.0724 -2.4056 19.7693 -3.0677 -2.3021 19.8340 3.3287 -0.2345 -3.9213 -1.2678 4.2352 -19.8872 -4.1908 -0.1006 -0.0125 0.1406 0.5173 -10.4318 -3.6393 -0.7252 -10.4337 3.9644 -3.8562 14.3390 -6.4302 -64.3701 9.1399 -2.2424 0.6424 -0.1742 -113.7272 15.0540 39.9694 35.2850 -15.7090 10.8244 15.7906 -59.8131 1.7381 1.6697 13.2433 16.9289 13.6328 59.3205 -8.2192 -4.4526 0.7923 1.1278 106.1884 -19.1060 46.3322 -63.6417 15.8090 7.3652 -15.5411 50.0776 -3.3721 -5.3635 7.0561 -31.0530 6.5673 -0.7218 45.2058 -0.9815 -6.7773 -16.3313 -11.5145 1.6561 -0.9002 -2.1004 -14.1575 -32.8027 -18.1828 0.7739 40.6492 1.1822 11.7586 -12.6945 16.3056 -1.4577 -1.5623 0.9260
1.7218 91.9252 -5.6382 0.5280 1.1656 -3.8594 -1.4948 12.0245 -0.5331 -0.7413 -0.4200 -0.0738 -2.4653 19.8736 -3.0445 -2.3777 19.9828 3.3187 -0.1603 -3.9269 -1.2547 4.6663 -19.8873 -4.4603 -0.1003 -0.0180 0.1319 0.5151 -10.4487 -3.6508 -0.7227 -10.4539 3.9586 -3.8279 14.2500 -6.4348 -64.5005 9.4109 -2.0566 0.5387 -0.2195 -114.4009 14.5095 39.7512 35.4386 -15.6570 10.9112 15.8897 -59.9139 1.7166 1.6668 13.6086 16.9905 13.7986 59.6563 -7.9848 -6.1616 0.7438 1.2671 106.4782 -19.2212 47.2086 -64.2349 15.7928 7.3900 -15.5606 50.0136 -3.3857 -5.3622 7.1674 -31.2877 6.4802 -0.7518 45.8578 -1.0078 -6.6311 -16.7000 -11.6058 1.6589 -0.9018 -2.0849 -14.1725 -32.7276 -18.2831 0.7768 40.9088 1.1977 11.7797 -12.9063 16.1963 -1.4604 -1.5520 0.9223
1.8344 91.8860 -5.4302 0.3168 1.2229 -3.6736 -1.5659 12.0694 -0.5486 -0.7821 -0.4035 -0.0403 -2.5185 19.8800 -3.0252 -2.5056 20.0645 3.3316 -0.0982 -3.9346 -1.2706 5.1115 -19.7952 -4.7702 -0.1014 -0.0269 0.1297 0.5130 -10.4542 -3.6570 -0.7223 -10.4669 3.9604 -3.8376 14.1323 -6.4900 -64.6004 9.6273 -1.8569 0.4626 -0.3414 -115.0789 14.0953 39.8236 35.6905 -15.5954 10.9929 15.9686 -59.9845 1.6935 1.7061 14.0389 17.0377 13.9055 59.9568 -7.6983 -8.0328 0.6982 1.4298 106.5595 -19.4740 48.2199 -64.9306 15.7434 7.4111 -15.5537 49.8737 -3.3628 -5.3162 7.3148 -31.4399 6.3725 -0.7762 46.2102 -1.0373 -6.5744 -16.9783 -11.6944 1.6581 -0.9560 -2.0749 -14.0737 -32.5470 -18.5247 0.7791 40.8563 1.2160 11.8740 -13.0465 16.1119 -1.4624 -1.5895 0.9210
1.9518 91.9345 -5.1868 0.0870 1.3532 -3.4755 -1.6332 12.0743 -0.5594 -0.8132 -0.4006 -0.0093 -2.5946 19.8412 -2.9975 -2.6665 20.0775 3.3955 -0.0514 -3.9415 -1.3127 5.6223 -19.6413 -5.1671 -0.1029 -0.0357 0.1307 0.5090 -10.4758 -3.6592 -0.7218 -10.4987 3.9664 -3.8691 14.0014 -6.5751 -64.7314 9.7170 -1.6159 0.4164 -0.4926 -115.8227 13.7806 40.0463 35.7783 -15.5435 11.0575 16.0225 -60.0208 1.6800 1.7472 14.4806 17.0516 13.9851 60.1971 -7.3735 -10.2245 0.7500 1.4883 106.5094 -20.1570 49.2495 -65.8302 15.6689 7.4227 -15.5526 49.6104 -3.3653 -5.2977 7.4799 -31.5571 6.2256 -0.7928 46.3753 -1.0677 -6.5757 -17.2355 -11.7628 1.6564 -1.0006 -2.0664 -13.8535 -32.3273 -18.8750 0.7604 40.6378 1.2054 11.9957 -13.1464 16.0661 -1.4659 -1.6641 0.9152
2.0201 91.9987 -4.9367 -0.1482 1.5341 -3.2393 -1.6972 12.0211 -0.5464 -0.8384 -0.3742 0.0346 -2.6913 19.7709 -2.9875 -2.8488 20.0414 3.5254 -0.0075 -3.9570 -1.3656 6.1238 -19.4937 -5.6228 -0.0997 -0.0439 0.1279 0.5103 -10.4823 -3.6627 -0.7166 -10.5172 3.9643 -3.9870 13.8100 -6.6500 -64.8042 9.6654 -1.3199 0.4515 -0.7014 -116.6317 13.6474 40.2791 35.6024 -15.5085 11.0730 16.0703 -60.0100 1.6593 1.7847 14.9421 17.0017 14.0384 60.2658 -6.9950 -12.5994 0.7980 1.4562 106.3511 -21.3915 50.1833 -66.9813 15.5914 7.4337 -15.5475 49.2385 -3.3896 -5.2795 7.6736 -31.6438 6.0197 -0.8214 46.3833 -1.1154 -6.6667 -17.4679 -11.7599 1.6588 -1.0200 -2.0530 -13.5995 -32.0836 -19.2943 0.7283 40.3305 1.1744 12.1818 -13.2354 16.0564 -1.4718 -1.7531 0.9112
2.0370 92.0356 -4.6724 -0.3941 1.6673 -2.9549 -1.7344 11.9544 -0.4796 -0.8515 -0.3568 0.0613 -2.8147 19.7561 -2.9686 -3.0440 20.0449 3.7108 -0.0078 -3.9681 -1.4147 6.6006 -19.4152 -6.1106 -0.0989 -0.0426 0.1294 0.5094 -10.4971 -3.6611 -0.7148 -10.5330 3.9661 -4.2305 13.6393 -6.7056 -64.7246 9.3901 -0.8339 0.4426 -0.9066 -117.4975 13.6545 40.3226 35.1182 -15.4557 11.1220 16.1569 -60.0452 1.6681 1.7741 15.3840 16.9590 14.1165 60.0301 -6.6512 -15.0114 0.7704 1.2266 106.1228 -22.8436 50.7343 -68.2088 15.5120 7.4678 -15.5721 48.9071 -3.4083 -5.2240 7.9418 -31.6918 5.7205 -0.8465 46.4681 -1.1569 -6.7917 -17.7514 -11.7640 1.6659 -1.0438 -2.0419 -13.3223 -31.8306 -19.7714 0.7068 40.1851 1.1382 12.2992 -13.4322 16.0713 -1.4797 -1.8349 0.9012
2.0145 92.0223 -4.4249 -0.6125 1.7131 -2.6153 -1.7419 11.8499 -0.4444 -0.8775 -0.3359 0.1523 -2.9686 19.7979 -2.9199 -3.2173 20.1296 3.8962 -0.0504 -3.9631 -1.4799 7.0316 -19.3998 -6.5805 -0.1002 -0.0391 0.1316 0.5119 -10.5034 -3.6592 -0.7204 -10.5389 3.9687 -4.5948 13.5114 -6.7153 -64.4120 8.9606 -0.3332 0.4376 -1.1309 -118.2805 13.7559 40.5024 34.6557 -15.4381 11.1526 16.2386 -60.0435 1.6624 1.7719 15.8567 16.9314 14.2455 59.3504 -6.4628 -17.0934 0.5781 1.0706 105.7314 -23.6194 51.1043 -69.1824 15.3601 7.4975 -15.6283 48.5490 -3.3960 -5.1807 8.2511 -31.6927 5.3707 -0.8459 46.6405 -1.1666 -6.9563 -18.0368 -11.8629 1.6746 -1.0577 -2.0403 -13.0991 -31.5237 -20.2183 0.7076 40.1951 1.1282 12.2673 -13.7140 16.0068 -1.4892 -1.8699 0.8859
1.9501 91.9730 -4.1423 -0.8019 1.6647 -2.3013 -1.7269 11.7382 -0.3587 -0.8810 -0.3788 0.1936 -3.1525 19.9259 -2.8085 -3.4067 20.3194 4.0722 -0.1346 -3.9474 -1.5425 7.4131 -19.3858 -7.0157 -0.1039 -0.0359 0.1373 0.5162 -10.4996 -3.6486 -0.7333 -10.5340 3.9714 -5.0099 13.4936 -6.6665 -63.9690 8.4356 0.1747 0.4603 -1.2421 -119.0262 13.8245 40.9771 34.5933 -15.4789 11.1382 16.2906 -60.0992 1.6378 1.7618 16.3430 16.9624 14.5530 58.2330 -6.5574 -18.7207 0.2415 0.9991 105.2166 -23.6664 51.5579 -70.2164 15.1785 7.4955 -15.7333 48.1530 -3.3663 -5.1554 8.5969 -31.6505 5.0593 -0.8445 46.9630 -1.1656 -7.0473 -18.3678 -12.0677 1.6755 -1.0366 -2.0476 -12.9385 -31.2228 -20.5612 0.7145 40.4389 1.1297 12.0894 -14.0881 15.9038 -1.4941 -1.8406 0.8800
1.8351 91.8830 -3.8329 -0.9438 1.5391 -1.9916 -1.7133 11.6087 -0.2978 -0.8918 -0.4498 0.2564 -3.3076 20.0765 -2.6536 -3.5244 20.5346 4.2074 -0.2703 -3.9311 -1.6596 7.6695 -19.3181 -7.3536 -0.1070 -0.0346 0.1345 0.5196 -10.4751 -3.6450 -0.7440 -10.5115 3.9644 -5.3552 13.5385 -6.5578 -63.4968 7.8957 0.6922 0.4674 -1.2605 -119.7251 13.9109 41.7994 34.8881 -15.5574 11.0460 16.2633 -60.1283 1.6126 1.7428 16.7678 17.0251 14.9699 56.8989 -7.0350 -19.8510 -0.1328 1.0338 104.6367 -23.2123 52.2070 -71.3628 14.9798 7.4509 -15.8505 47.6719 -3.3563 -5.1851 8.9407 -31.5377 4.8192 -0.8269 47.3191 -1.1378 -7.0840 -18.6944 -12.4073 1.6741 -0.9940 -2.0665 -12.8535 -30.9139 -20.8002 0.7363 40.8177 1.1703 11.8460 -14.4779 15.7308 -1.4946 -1.7011 0.8845
1.7142 91.8133 -3.5017 -1.0479 1.3916 -1.7499 -1.7009 11.4901 -0.2420 -0.9045 -0.5409 0.3264 -3.3886 20.1489 -2.4931 -3.5951 20.7557 4.3128 -0.3751 -3.9164 -1.8526 7.7265 -19.1763 -7.5464 -0.1137 -0.0349 0.1338 0.5160 -10.4465 -3.6401 -0.7543 -10.4827 3.9606 -5.5634 13.5831 -6.4720 -63.2445 7.4998 1.2831 0.4808 -1.2243 -120.4398 14.5087 42.9915 35.5605 -15.6496 10.9769 16.2263 -60.1965 1.5920 1.7033 16.9553 17.0551 15.4383 55.6411 -7.9599 -20.5804 -0.4230 1.0224 104.1515 -22.9669 52.6375 -72.5017 14.7596 7.4201 -15.9637 47.2268 -3.4000 -5.2348 9.2475 -31.3246 4.6911 -0.8168 47.5791 -1.1183 -7.1140 -19.0163 -12.7450 1.6737 -0.9502 -2.0955 -12.8213 -30.5923 -20.8925 0.7489 41.2015 1.1953 11.6131 -14.8389 15.5787 -1.4885 -1.5597 0.9016
1.5446 91.8264 -3.1439 -1.1306 1.2722 -1.5827 -1.6923 11.3440 -0.1984 -0.9212 -0.6164 0.4008 -3.3821 20.0886 -2.3470 -3.6226 20.9584 4.3784 -0.4673 -3.8898 -2.0493 7.6060 -18.9502 -7.6264 -0.1217 -0.0365 0.1390 0.5057 -10.4197 -3.6352 -0.7602 -10.4590 3.9687 -5.6523 13.5693 -6.4497 -63.1981 7.3398 1.8815 0.5147 -1.1685 -121.0458 15.6330 44.2661 36.5060 -15.7585 10.8940 16.2028 -60.1736 1.5567 1.7160 16.8920 16.9974 15.8329 54.5891 -9.2944 -20.8518 -0.5848 0.9977 103.7838 -22.8345 52.3901 -72.8951 14.6044 7.4102 -16.0152 46.9822 -3.4559 -5.2675 9.5278 -31.0068 4.6218 -0.8139 47.6120 -1.1201 -7.1772 -19.2584 -12.9622 1.6758 -0.9465 -2.1191 -12.8059 -30.1846 -20.8486 0.7400 41.3814 1.1892 11.4382 -15.0844 15.4743 -1.4810 -1.4568 0.9369
1.3368 91.9264 -2.7934 -1.2124 1.1763 -1.4775 -1.6868 11.1707 -0.1718 -0.9392 -0.6719 0.4864 -3.3011 19.9127 -2.2333 -3.6188 21.1745 4.3575 -0.5153 -3.8568 -2.2003 7.3091 -18.7203 -7.5741 -0.1237 -0.0353 0.1341 0.4983 -10.4012 -3.6412 -0.7557 -10.4424 3.9637 -5.6572 13.5395 -6.4375 -63.1976 7.4156 2.3419 0.6235 -1.0981 -121.4349 16.8698 45.4036 37.3955 -15.8842 10.8148 16.2007 -60.1348 1.4924 1.7514 16.5571 16.8486 16.1035 53.8030 -10.7735 -20.5422 -0.7538 0.9937 103.6981 -22.5051 51.1979 -72.1313 14.5918 7.3821 -15.9222 47.0210 -3.5426 -5.2658 9.7935 -30.5464 4.5909 -0.8097 47.3515 -1.1314 -7.3095 -19.3841 -13.0735 1.6793 -0.9736 -2.1091 -12.7483 -29.6461 -20.7333 0.7223 41.2784 1.1766 11.3043 -15.2036 15.4026 -1.4737 -1.3821 0.9583
1.1384 92.0905 -2.4389 -1.2937 1.0919 -1.4809 -1.6876 10.9893 -0.1521 -0.9531 -0.7458 0.5596 -3.1889 19.6349 -2.1573 -3.5744 21.4716 4.2848 -0.5344 -3.8289 -2.3039 6.8840 -18.4495 -7.4252 -0.1205 -0.0322 0.1248 0.4997 -10.3940 -3.6516 -0.7508 -10.4329 3.9542 -5.6020 13.5605 -6.4055 -63.1636 7.7000 2.5440 0.8148 -1.0324 -121.3886 18.0027 46.4559 38.2281 -15.9812 10.7446 16.1489 -60.0745 1.4247 1.7959 16.0082 16.6559 16.2272 53.2039 -12.1561 -19.5440 -0.9313 0.9448 103.8942 -21.9597 49.2422 -70.4891 14.7310 7.3165 -15.7672 47.2913 -3.6160 -5.2447 10.0603 -29.9624 4.6018 -0.8134 46.8673 -1.1659 -7.5102 -19.3667 -13.0396 1.6856 -0.9962 -2.0775 -12.6465 -29.0112 -20.6127 0.6900 40.9636 1.1343 11.2039 -15.2408 15.4059 -1.4735 -1.3287 0.9712
0.8829 92.3017 -2.0572 -1.3589 0.9957 -1.5545 -1.6897 10.7782 -0.1676 -0.9751 -0.8439 0.6430 -3.0738 19.3074 -2.0778 -3.4567 21.8264 4.1374 -0.5760 -3.8145 -2.3468 6.3913 -18.1625 -7.1778 -0.1142 -0.0272 0.1117 0.5041 -10.4020 -3.6677 -0.7422 -10.4357 3.9414 -5.5200 13.6279 -6.3429 -63.0324 8.2110 2.4532 1.0367 -0.8932 -120.8634 18.6791 47.2721 38.7520 -16.0545 10.7030 16.0746 -60.0776 1.3891 1.8211 15.3126 16.4552 16.2323 52.8199 -13.2257 -17.9883 -1.1041 0.8962 104.3753 -21.3292 47.2789 -68.8053 14.9312 7.2590 -15.6341 47.7196 -3.6683 -5.2319 10.3210 -29.2432 4.6425 -0.8100 46.1872 -1.1927 -7.7234 -19.2214 -12.9738 1.6916 -0.9949 -2.0421 -12.5088 -28.2565 -20.5601 0.6626 40.4207 1.0870 11.0582 -15.2527 15.4646 -1.4749 -1.3065 0.9597
0.6275 92.5360 -1.6633 -1.3812 0.9303 -1.6778 -1.6864 10.5345 -0.1667 -0.9976 -0.9649 0.7154 -2.9724 18.9785 -2.0018 -3.3155 22.1307 3.9803 -0.6396 -3.8140 -2.3529 5.9078 -17.8727 -6.9358 -0.1128 -0.0211 0.1118 0.5116 -10.4086 -3.6701 -0.7469 -10.4357 3.9436 -5.4635 13.7568 -6.2828 -62.8231 8.8061 2.1790 1.2251 -0.7602 -120.0211 18.9258 47.7544 38.9421 -16.0390 10.6858 15.9729 -60.0717 1.3775 1.8053 14.5653 16.3043 16.1921 52.6387 -13.8980 -16.0800 -1.1707 0.8240 105.1194 -20.6384 45.7865 -67.4464 15.1438 7.2447 -15.5989 48.2220 -3.6687 -5.2634 10.5499 -28.4714 4.7371 -0.7907 45.3628 -1.1914 -7.9330 -18.9922 -12.9341 1.6960 -0.9617 -2.0150 -12.3551 -27.5000 -20.5837 0.6433 39.7669 1.0475 10.8483 -15.2982 15.5193 -1.4776 -1.2636 0.9442
0.3417 92.8017 -1.2528 -1.3499 0.9384 -1.7616 -1.6736 10.2579 -0.1679 -1.0179 -1.1052 0.7770 -2.8869 18.6433 -1.9156 -3.1790 22.3744 3.8488 -0.6964 -3.8158 -2.3855 5.4684 -17.6391 -6.7331 -0.1150 -0.0167 0.1225 0.5166 -10.4148 -3.6597 -0.7561 -10.4350 3.9545 -5.4495 13.9119 -6.2205 -62.6245 9.3660 1.7850 1.3693 -0.6280 -118.9917 18.9179 47.9863 38.9103 -15.9940 10.6829 15.8896 -60.0596 1.3711 1.8068 13.8883 16.2224 16.1296 52.6106 -14.1406 -14.0491 -1.0759 0.7909 105.9471 -19.5849 44.6537 -66.2351 15.3356 7.2134 -15.6034 48.6605 -3.6562 -5.2725 10.7063 -27.7271 4.8547 -0.7553 44.3973 -1.1620 -8.1041 -18.6817 -12.9787 1.6952 -0.9304 -1.9984 -12.1812 -26.8220 -20.7229 0.6215 39.0514 1.0178 10.6234 -15.3143 15.5485 -1.4801 -1.2588 0.9285
0.0127 93.0927 -0.8306 -1.2871 1.0143 -1.7982 -1.6416 9.9492 -0.1534 -1.0385 -1.2514 0.8257 -2.8147 18.3089 -1.8315 -3.0223 22.5037 3.7430 -0.7712 -3.8155 -2.4427 5.0484 -17.4283 -6.5955 -0.1186 -0.0114 0.1404 0.5232 -10.4179 -3.6434 -0.7707 -10.4354 3.9759 -5.4595 14.0650 -6.0901 -62.4744 9.8750 1.3398 1.4238 -0.5929 -117.9423 18.8877 48.1304 38.9498 -15.9447 10.6584 15.8022 -59.9673 1.3493 1.8088 13.3070 16.1663 16.0683 52.6248 -14.0391 -11.8993 -0.8267 0.8573 106.8747 -17.8167 43.6051 -64.8329 15.5367 7.1550 -15.6263 48.9906 -3.6412 -5.3014 10.8365 -26.9992 5.0039 -0.7110 43.2839 -1.1132 -8.3051 -18.3066 -13.1035 1.6905 -0.8968 -1.9867 -11.9943 -26.1727 -20.9300 0.6039 38.2636 0.9996 10.4487 -15.3047 15.5458 -1.4828 -1.2515 0.9220
-0.3406 93.4039 -0.4351 -1.1903 1.1375 -1.7917 -1.5994 9.6423 -0.1458 -1.0489 -1.3958 0.8768 -2.7432 17.9711 -1.7366 -2.8457 22.5217 3.6515 -0.8518 -3.8117 -2.5638 4.6429 -17.2492 -6.4989 -0.1211 -0.0094 0.1591 0.5299 -10.4071 -3.6227 -0.7828 -10.4218 3.9938 -5.5198 14.1902 -5.8985 -62.4321 10.3623 0.8325 1.4817 -0.6080 -116.9322 18.9404 48.2782 39.1107 -15.8963 10.6369 15.7116 -59.8771 1.3359 1.7989 12.8180 16.1431 15.9987 52.6931 -13.6002 -9.7148 -0.5375 0.9922 107.8422 -15.7448 42.6919 -63.5692 15.6665 7.0849 -15.6339 49.2033 -3.6343 -5.3208 10.9292 -26.2756 5.1592 -0.6589 42.0473 -1.0463 -8.5355 -17.8760 -13.2917 1.6851 -0.8956 -1.9818 -11.8116 -25.5648 -21.1783 0.5888 37.4387 0.9869 10.3463 -15.2448 15.5250 -1.4832 -1.2467 0.9225
-0.6960 93.7062 -0.0592 -1.0804 1.2904 -1.7234 -1.5369 9.3514 -0.1591 -1.0469 -1.5384 0.9392 -2.6694 17.6650 -1.6167 -2.6619 22.4772 3.5638 -0.9204 -3.8072 -2.7302 4.2243 -17.0901 -6.4105 -0.1228 -0.0120 0.1711 0.5358 -10.4045 -3.6110 -0.7920 -10.4178 4.0061 -5.5686 14.3261 -5.6799 -62.5546 10.8170 0.2881 1.5667 -0.6313 -116.0729 19.1967 48.5205 39.4059 -15.8461 10.6314 15.6427 -59.8076 1.3362 1.7984 12.3819 16.1296 15.9107 52.8530 -12.9081 -7.6010 -0.3058 1.1644 108.8674 -13.7683 41.9290 -62.6527 15.7597 7.0358 -15.6480 49.3471 -3.6373 -5.3289 11.0091 -25.5923 5.2368 -0.6100 40.7956 -0.9879 -8.7997 -17.4366 -13.4621 1.6798 -0.9220 -1.9849 -11.6356 -24.9754 -21.4111 0.5804 36.6133 0.9703 10.2882 -15.1774 15.4765 -1.4813 -1.2458 0.9233
-1.0750 93.9967 0.2915 -0.9764 1.4488 -1.6534 -1.4536 9.0632 -0.1793 -1.0333 -1.6611 1.0217 -2.5913 17.3998 -1.5012 -2.4606 22.4125 3.4872 -0.9765 -3.8076 -2.9078 3.8058 -16.9119 -6.3146 -0.1182 -0.0156 0.1711 0.5448 -10.3987 -3.6100 -0.7911 -10.4071 4.0017 -5.6417 14.4474 -5.4114 -62.7793 11.2468 -0.2700 1.6986 -0.6573 -115.3565 19.6214 48.8427 39.7391 -15.8193 10.6223 15.5729 -59.7694 1.3298 1.8059 12.0153 16.1346 15.8268 53.1082 -12.1633 -5.6805 -0.1425 1.3184 109.8685 -12.2628 41.5539 -62.3920 15.8373 6.9936 -15.6594 49.4798 -3.6408 -5.3501 11.1082 -24.9284 5.2464 -0.5632 39.5436 -0.9320 -9.1102 -16.9735 -13.5403 1.6752 -0.9250 -1.9971 -11.4392 -24.4108 -21.5829 0.5671 35.8119 0.9531 10.2595 -15.0763 15.3662 -1.4783 -1.2308 0.9288
-1.4865 94.2792 0.5779 -0.8717 1.5945 -1.5842 -1.3706 8.7834 -0.1907 -1.0228 -1.7742 1.1172 -2.5063 17.1801 -1.3849 -2.2041 22.4211 3.4478 -1.0195 -3.8100 -3.1177 3.4240 -16.7504 -6.2618 -0.1112 -0.0170 0.1628 0.5561 -10.3896 -3.6188 -0.7878 -10.3967 3.9910 -5.6962 14.5294 -5.1491 -63.0480 11.6701 -0.7995 1.8628 -0.6819 -114.8012 20.1593 49.2270 40.1074 -15.8153 10.6051 15.5058 -59.7493 1.3243 1.8125 11.7421 16.1723 15.7451 53.4441 -11.5307 -4.1140 -0.0605 1.4298 110.8197 -11.5032 41.7462 -62.9246 15.9002 6.9719 -15.6743 49.6197 -3.6308 -5.3783 11.2222 -24.2841 5.2038 -0.5288 38.3139 -0.8864 -9.4280 -16.5192 -13.5696 1.6717 -0.9070 -2.0090 -11.2662 -23.8607 -21.6875 0.5560 35.0507 0.9396 10.2510 -14.9977 15.2181 -1.4738 -1.1867 0.9286
-1.8808 94.5372 0.8802 -0.7690 1.7101 -1.5318 -1.2834 8.5189 -0.1747 -1.0043 -1.8983 1.1617 -2.4129 17.0060 -1.2560 -1.9187 22.6045 3.4358 -1.0822 -3.8135 -3.3523 3.0777 -16.6069 -6.2721 -0.1096 -0.0143 0.1632 0.5613 -10.3854 -3.6205 -0.7895 -10.3902 3.9925 -5.7230 14.6242 -4.9158 -63.3411 12.0747 -1.2203 1.9980 -0.6138 -114.4823 20.7501 49.5845 40.4334 -15.8385 10.5761 15.4632 -59.7634 1.3360 1.8006 11.5130 16.2446 15.6662 53.8374 -11.0635 -2.9975 0.0064 1.4396 111.7992 -11.4825 42.4252 -64.1257 15.9639 6.9697 -15.7132 49.7402 -3.6270 -5.4165 11.3522 -23.6533 5.1259 -0.5033 37.1523 -0.8499 -9.7485 -16.0867 -13.5233 1.6709 -0.9266 -2.0267 -11.0909 -23.3465 -21.6815 0.5304 34.4053 0.9063 10.2205 -14.9763 15.0590 -1.4674 -1.1241 0.9266
-2.3125 94.7689 1.1516 -0.6656 1.7766 -1.4830 -1.2031 8.2610 -0.1438 -0.9935 -2.0075 1.2058 -2.3062 16.8469 -1.1787 -1.5869 22.9480 3.4283 -1.1654 -3.8212 -3.6342 2.7679 -16.4106 -6.3646 -0.1112 -0.0106 0.1648 0.5602 -10.3855 -3.6232 -0.7914 -10.3878 3.9986 -5.7187 14.7254 -4.7236 -63.5686 12.4458 -1.5462 2.0892 -0.5257 -114.3705 21.4452 49.9760 40.8040 -15.8878 10.5701 15.4540 -59.7974 1.3767 1.7915 11.2711 16.2849 15.5465 54.3331 -10.7932 -2.2516 0.0840 1.3908 112.6902 -11.8984 43.1254 -65.6242 16.0339 6.9789 -15.7385 49.8683 -3.6141 -5.4410 11.4844 -22.9697 5.0267 -0.4809 35.9782 -0.8229 -10.0616 -15.6092 -13.4377 1.6713 -0.9636 -2.0459 -10.9418 -22.8103 -21.5953 0.5108 33.8066 0.8829 10.1768 -14.9258 14.8713 -1.4625 -1.0723 0.9232
-2.7235 94.9988 1.3994 -0.5590 1.7804 -1.4119 -1.1183 8.0064 -0.1230 -0.9816 -2.1168 1.2080 -2.1920 16.6805 -1.1249 -1.2394 23.4559 3.3725 -1.2719 -3.8256 -3.9172 2.4481 -16.1706 -6.5232 -0.1132 -0.0090 0.1661 0.5539 -10.3853 -3.6271 -0.7888 -10.3933 4.0051 -5.6920 14.7908 -4.5698 -63.6745 12.8596 -1.7637 2.1113 -0.4738 -114.4359 22.1241 50.1900 41.0232 -15.9546 10.5452 15.4633 -59.7536 1.3908 1.8041 11.0077 16.2971 15.3660 54.9032 -10.6276 -1.7780 0.1151 1.3440 113.4577 -12.5415 43.6186 -67.1631 16.1291 6.9720 -15.7558 49.9910 -3.6145 -5.4380 11.6321 -22.1826 4.8852 -0.4597 34.7485 -0.8003 -10.4023 -15.1137 -13.3320 1.6741 -0.9914 -2.0595 -10.8189 -22.1994 -21.4630 0.4938 33.1986 0.8652 10.1107 -14.8659 14.6638 -1.4603 -1.0089 0.9197
-3.1401 95.2178 1.6216 -0.4686 1.7280 -1.3692 -1.0295 7.7684 -0.1166 -0.9719 -2.2132 1.2028 -2.0592 16.4854 -1.1329 -0.8750 24.0658 3.2629 -1.3871 -3.8363 -4.1666 2.0959 -15.8924 -6.6940 -0.1098 -0.0111 0.1569 0.5495 -10.3917 -3.6423 -0.7773 -10.4070 4.0002 -5.6570 14.8204 -4.4445 -63.6598 13.3350 -1.8869 2.1121 -0.4330 -114.6446 22.7189 50.2012 40.9390 -16.0718 10.4939 15.4710 -59.6853 1.3829 1.7830 10.7270 16.2896 15.1437 55.5211 -10.5754 -1.5141 0.0877 1.2784 114.0622 -13.4324 43.9337 -68.6641 16.2168 6.9638 -15.7542 50.0709 -3.6106 -5.4206 11.7903 -21.3398 4.7579 -0.4468 33.5162 -0.7945 -10.7742 -14.6310 -13.1695 1.6754 -1.0395 -2.0632 -10.7115 -21.5478 -21.2848 0.4836 32.6021 0.8581 9.9974 -14.8072 14.4500 -1.4584 -0.9343 0.9188
-3.5853 95.4449 1.8223 -0.3698 1.6311 -1.3811 -0.9468 7.5385 -0.1020 -0.9516 -2.3128 1.1609 -1.9218 16.2778 -1.1631 -0.4719 24.7480 3.1213 -1.5103 -3.8447 -4.4513 1.7004 -15.5607 -6.9022 -0.1025 -0.0139 0.1388 0.5510 -10.4042 -3.6662 -0.7642 -10.4273 3.9851 -5.5946 14.8217 -4.3682 -63.5380 13.8733 -1.8946 2.1269 -0.4035 -114.9755 23.1180 49.9825 40.4754 -16.1931 10.4227 15.4680 -59.5888 1.3613 1.7799 10.4427 16.2545 14.8884 56.2035 -10.5990 -1.5107 0.0689 1.1609 114.5118 -14.5071 43.9916 -70.0710 16.2565 6.9577 -15.7767 50.1294 -3.6087 -5.3832 11.9283 -20.4105 4.6619 -0.4386 32.2326 -0.7879 -11.1577 -14.1494 -12.9574 1.6763 -1.0976 -2.0625 -10.6229 -20.8632 -21.0228 0.4733 32.0024 0.8398 9.8339 -14.7311 14.2436 -1.4581 -0.8900 0.9235
-4.0160 95.6746 2.0232 -0.2523 1.4908 -1.4030 -0.8715 7.2940 -0.1097 -0.9291 -2.4153 1.1041 -1.7557 16.0778 -1.2194 -0.0248 25.5191 2.9562 -1.6607 -3.8641 -4.8098 1.2656 -15.1745 -7.1711 -0.0931 -0.0163 0.1179 0.5567 -10.4190 -3.6935 -0.7506 -10.4469 3.9663 -5.5098 14.8075 -4.2993 -63.3036 14.4568 -1.8273 2.1376 -0.4353 -115.3530 23.4023 49.5835 39.6785 -16.3209 10.3542 15.4669 -59.5039 1.3390 1.8209 10.1412 16.2414 14.5908 56.9385 -10.6513 -1.6968 -0.0059 1.0077 114.9021 -15.5522 44.0035 -71.3346 16.2657 6.9625 -15.8159 50.1921 -3.6106 -5.3803 12.0442 -19.3780 4.6211 -0.4286 30.8306 -0.7738 -11.5889 -13.6477 -12.7666 1.6766 -1.1568 -2.0546 -10.5755 -20.1377 -20.7149 0.4530 31.3828 0.8099 9.6783 -14.6538 14.0002 -1.4583 -0.8676 0.9283
-4.4074 95.9026 2.2458 -0.1101 1.3522 -1.4670 -0.8085 7.0367 -0.1081 -0.9043 -2.5155 1.0253 -1.5765 15.8595 -1.2789 0.4197 26.3261 2.7974 -1.7892 -3.8868 -5.2359 0.8233 -14.7543 -7.4555 -0.0837 -0.0191 0.1008 0.5631 -10.4271 -3.7159 -0.7383 -10.4616 3.9508 -5.4224 14.7763 -4.2617 -63.0367 15.0532 -1.6920 2.1569 -0.4733 -115.7159 23.5245 49.1183 38.7594 -16.4314 10.3040 15.4907 -59.4423 1.3125 1.8526 9.8444 16.2031 14.2506 57.6623 -10.6169 -2.0232 -0.0705 0.8847 115.1870 -16.6499 44.1239 -72.4003 16.2482 6.9989 -15.8802 50.2499 -3.6114 -5.3848 12.1050 -18.3062 4.6916 -0.4164 29.3315 -0.7573 -12.0320 -13.1314 -12.6230 1.6756 -1.2533 -2.0543 -10.5550 -19.4169 -20.3796 0.4279 30.7264 0.7720 9.5198 -14.5469 13.7316 -1.4600 -0.9014 0.9382
-4.7483 96.1263 2.4699 0.0498 1.2166 -1.5517 -0.7460 6.7564 -0.1099 -0.8709 -2.6193 0.9430 -1.3857 15.6334 -1.3594 0.8105 27.1139 2.6494 -1.9207 -3.9077 -5.6860 0.4101 -14.2835 -7.7501 -0.0734 -0.0223 0.0869 0.5703 -10.4267 -3.7356 -0.7247 -10.4741 3.9386 -5.3502 14.7345 -4.2321 -62.7768 15.6670 -1.5080 2.2293 -0.5113 -116.0657 23.5302 48.7261 37.8366 -16.4955 10.2604 15.5064 -59.3940 1.3074 1.8879 9.5536 16.1443 13.8775 58.3016 -10.4387 -2.3875 -0.1683 0.8168 115.4181 -17.6514 44.2942 -73.2008 16.2585 7.0100 -15.9011 50.2998 -3.6158 -5.3868 12.1377 -17.2253 4.8584 -0.4016 27.7909 -0.7340 -12.4694 -12.5988 -12.5298 1.6736 -1.3638 -2.0654 -10.5643 -18.7064 -19.9754 0.4074 30.0346 0.7371 9.3875 -14.3930 13.4259 -1.4611 -0.9667 0.9432
-5.1008 96.3186 2.6919 0.2274 1.0937 -1.6759 -0.6736 6.4623 -0.1179 -0.8271 -2.7299 0.8417 -1.2044 15.3811 -1.4553 1.1661 27.8768 2.5322 -2.0431 -3.9248 -6.1345 0.0304 -13.8282 -8.0426 -0.0676 -0.0244 0.0804 0.5748 -10.4242 -3.7443 -0.7180 -10.4783 3.9324 -5.2825 14.7029 -4.2156 -62.5568 16.2435 -1.2299 2.3115 -0.5806 -116.4032 23.4224 48.3735 36.8522 -16.5401 10.2226 15.5200 -59.3078 1.3055 1.9550 9.2619 16.0161 13.4545 58.8287 -10.0643 -2.8276 -0.2374 0.7554 115.6184 -18.3524 44.3725 -73.6239 16.2697 6.9964 -15.8837 50.2753 -3.6294 -5.3786 12.1360 -16.1403 5.0704 -0.3888 26.2234 -0.7165 -12.8853 -12.0320 -12.4582 1.6736 -1.4392 -2.0779 -10.5866 -18.0302 -19.5112 0.3903 29.3540 0.7268 9.2965 -14.2326 13.0099 -1.4584 -1.0203 0.9500
-5.4185 96.4982 2.8976 0.3831 0.9715 -1.7928 -0.5763 6.1916 -0.1398 -0.7723 -2.8323 0.7505 -1.0208 15.1295 -1.5698 1.4226 28.5838 2.4237 -2.1500 -3.9432 -6.4882 -0.3460 -13.4227 -8.2716 -0.0607 -0.0291 0.0734 0.5798 -10.4170 -3.7536 -0.7081 -10.4782 3.9241 -5.2365 14.7138 -4.2033 -62.3155 16.7338 -0.8747 2.3479 -0.6640 -116.8007 23.2752 48.0302 35.8964 -16.5723 10.1816 15.5361 -59.1951 1.2921 2.0014 8.9551 15.8659 13.0201 59.3031 -9.6418 -3.3964 -0.2613 0.6841 115.8094 -18.8118 44.3297 -73.6517 16.2819 6.9679 -15.8607 50.2455 -3.6501 -5.3627 12.1609 -15.1278 5.2685 -0.3810 24.7729 -0.6952 -13.2563 -11.5201 -12.4234 1.6749 -1.5374 -2.0842 -10.6039 -17.3925 -19.0488 0.3821 28.7474 0.7173 9.2324 -14.1024 12.6275 -1.4539 -1.0647 0.9523
-5.7366 96.6303 3.0553 0.5027 0.8495 -1.9287 -0.4514 5.9609 -0.1558 -0.7115 -2.9262 0.6512 -0.8403 14.8899 -1.6810 1.5712 29.1687 2.3562 -2.2405 -3.9655 -6.7017 -0.6930 -13.0213 -8.3912 -0.0505 -0.0337 0.0609 0.5922 -10.4221 -3.7680 -0.6998 -10.4883 3.9092 -5.2090 14.7171 -4.1930 -62.0469 17.1583 -0.4504 2.3508 -0.6998 -117.2413 22.9789 47.6798 34.9243 -16.6242 10.1570 15.5442 -59.1134 1.2829 2.0286 8.6968 15.7228 12.6278 59.6450 -9.2726 -4.1143 -0.2202 0.6196 115.9542 -19.0807 44.1777 -73.3472 16.3154 6.9692 -15.8533 50.2698 -3.6730 -5.3415 12.2138 -14.2237 5.4684 -0.3719 23.5212 -0.6849 -13.5694 -11.0847 -12.3550 1.6749 -1.6227 -2.0782 -10.5928 -16.8223 -18.6083 0.3715 28.2750 0.7007 9.1782 -14.0534 12.3218 -1.4492 -1.0964 0.9678
-6.0586 96.7315 3.2137 0.5911 0.7237 -2.0902 -0.2988 5.7625 -0.1490 -0.6411 -3.0170 0.5463 -0.6345 14.6802 -1.7903 1.6398 29.6360 2.3533 -2.2926 -3.9844 -6.8071 -1.0378 -12.6102 -8.3665 -0.0406 -0.0386 0.0490 0.6041 -10.4391 -3.7840 -0.6916 -10.5080 3.8976 -5.1835 14.6989 -4.1604 -61.8128 17.5725 -0.0602 2.3660 -0.7018 -117.7236 22.6555 47.3092 34.1438 -16.6764 10.1577 15.5849 -59.1145 1.3031 2.0304 8.5126 15.6158 12.2897 59.8576 -8.9238 -4.9689 -0.2100 0.5641 116.0676 -19.3773 44.0352 -72.8831 16.3317 7.0237 -15.8935 50.3809 -3.6870 -5.3322 12.3103 -13.4244 5.6843 -0.3597 22.4697 -0.6661 -13.8406 -10.7524 -12.2413 1.6773 -1.6925 -2.0642 -10.5449 -16.3363 -18.1720 0.3624 27.9790 0.6715 9.0903 -14.0927 12.1254 -1.4463 -1.1009 0.9831
-6.3955 96.7817 3.3315 0.6683 0.5871 -2.2811 -0.1397 5.5862 -0.1448 -0.5887 -3.0827 0.4523 -0.3966 14.5110 -1.8838 1.6536 29.9500 2.4060 -2.3028 -3.9972 -6.8022 -1.3835 -12.2327 -8.1496 -0.0412 -0.0415 0.0521 0.6051 -10.4464 -3.7831 -0.6944 -10.5155 3.9043 -5.1387 14.6467 -4.1258 -61.7283 17.9260 0.1758 2.4313 -0.6518 -118.0744 22.3689 46.9129 33.5847 -16.7547 10.1659 15.6072 -59.1924 1.3210 1.9974 8.4278 15.5291 11.9960 60.0114 -8.5940 -5.9468 -0.1862 0.5507 116.0426 -19.7899 43.9316 -72.4711 16.2615 7.1059 -15.9424 50.4936 -3.6956 -5.3128 12.4234 -12.7097 5.9332 -0.3532 21.5813 -0.6480 -14.0885 -10.4767 -12.0854 1.6825 -1.7434 -2.0517 -10.4874 -15.9553 -17.8092 0.3581 27.8536 0.6480 8.9439 -14.2071 12.0237 -1.4452 -1.0913 0.9863
-6.6982 96.8004 3.4531 0.7620 0.4484 -2.4351 -0.0016 5.4312 -0.1560 -0.5417 -3.1480 0.3423 -0.1557 14.4095 -1.9582 1.6358 30.2139 2.4693 -2.2606 -3.9969 -6.6712 -1.6687 -11.9073 -7.8008 -0.0494 -0.0392 0.0626 0.5997 -10.4469 -3.7741 -0.7059 -10.5141 3.9212 -5.0636 14.5908 -4.1177 -61.7870 18.1866 0.2522 2.4940 -0.6728 -118.2783 22.1643 46.6645 33.2514 -16.7959 10.1913 15.6120 -59.2874 1.3390 1.9642 8.4700 15.4809 11.7459 60.1114 -8.2781 -7.0087 -0.1663 0.5341 115.8468 -20.3492 43.9059 -72.3035 16.1692 7.2119 -16.0015 50.5566 -3.6760 -5.2961 12.5355 -12.0856 6.1532 -0.3440 20.8096 -0.6277 -14.3269 -10.2161 -11.9863 1.6833 -1.7986 -2.0453 -10.4484 -15.6728 -17.5728 0.3555 27.8437 0.6433 8.7196 -14.3543 11.9880 -1.4441 -1.0673 0.9811
-6.9652 96.8343 3.5476 0.8696 0.3525 -2.5249 0.1176 5.2821 -0.1895 -0.5039 -3.2151 0.2419 0.0893 14.3625 -2.0800 1.6059 30.4513 2.5371 -2.1927 -3.9830 -6.4351 -1.8937 -11.6263 -7.3512 -0.0609 -0.0399 0.0821 0.5920 -10.4427 -3.7567 -0.7214 -10.5049 3.9495 -4.9506 14.5893 -4.1300 -62.0056 18.3154 0.1011 2.5931 -0.7193 -118.3093 21.8864 46.6226 33.1025 -16.7874 10.2052 15.5954 -59.3368 1.3571 1.9566 8.6704 15.4512 11.5632 60.1736 -7.9290 -8.1343 -0.1469 0.5700 115.5099 -20.7187 43.8947 -72.1063 16.0630 7.2854 -16.0311 50.5295 -3.6806 -5.2654 12.6019 -11.5650 6.3553 -0.3326 20.0772 -0.6074 -14.5212 -9.9034 -11.9410 1.6806 -1.8251 -2.0500 -10.4216 -15.4787 -17.4499 0.3521 27.8273 0.6454 8.4403 -14.4263 11.9977 -1.4448 -1.0462 0.9660
-7.2000 96.8655 3.6086 0.9839 0.2978 -2.5819 0.2299 5.1605 -0.2496 -0.4575 -3.2649 0.1269 0.3219 14.3390 -2.2257 1.5594 30.6369 2.5803 -2.1372 -3.9626 -6.0605 -2.0614 -11.3792 -6.8471 -0.0760 -0.0402 0.1095 0.5767 -10.4403 -3.7306 -0.7365 -10.4942 3.9847 -4.7958 14.6497 -4.1575 -62.3036 18.2818 -0.1408 2.6217 -0.7791 -118.2507 21.4432 46.6628 32.9327 -16.7493 10.1992 15.5648 -59.2994 1.3781 1.9768 8.9458 15.4248 11.4076 60.1916 -7.4619 -9.2388 -0.1688 0.6547 115.2184 -20.6724 43.9407 -71.7460 15.9847 7.3230 -16.0378 50.4920 -3.7031 -5.2381 12.6346 -11.1455 6.5328 -0.3249 19.3924 -0.5985 -14.6826 -9.5861 -11.9332 1.6747 -1.8492 -2.0585 -10.3935 -15.3708 -17.3935 0.3490 27.8141 0.6468 8.1451 -14.4751 12.0507 -1.4474 -1.0117 0.9556
-7.3761 96.9012 3.6242 1.0896 0.3011 -2.6559 0.3567 5.0944 -0.3234 -0.3967 -3.2924 -0.0098 0.5406 14.3024 -2.3581 1.4947 30.8092 2.5734 -2.1148 -3.9410 -5.5706 -2.1946 -11.2090 -6.3328 -0.0884 -0.0426 0.1320 0.5631 -10.4378 -3.7085 -0.7473 -10.4832 4.0124 -4.6118 14.7298 -4.2151 -62.5965 18.1845 -0.3917 2.6146 -0.8390 -118.2111 20.8876 46.7431 32.6086 -16.7111 10.1869 15.5601 -59.1955 1.4021 2.0541 9.2390 15.3922 11.2638 60.1834 -6.9208 -10.3771 -0.2006 0.7448 115.1507 -20.1831 43.9477 -71.3162 15.9540 7.3359 -16.0288 50.4877 -3.7268 -5.2574 12.6499 -10.8404 6.6885 -0.3251 18.7837 -0.5988 -14.8396 -9.2659 -11.9535 1.6688 -1.8527 -2.0620 -10.3519 -15.3548 -17.3735 0.3487 27.7827 0.6631 7.8687 -14.4803 12.1187 -1.4502 -0.9661 0.9529
-7.5383 96.9507 3.5873 1.1868 0.3476 -2.7755 0.5074 5.0792 -0.3835 -0.3250 -3.3112 -0.1381 0.7499 14.2784 -2.4936 1.3802 30.9875 2.5080 -2.0728 -3.9223 -5.0363 -2.3345 -11.0818 -5.7907 -0.0935 -0.0472 0.1433 0.5539 -10.4421 -3.7006 -0.7482 -10.4826 4.0304 -4.4474 14.8561 -4.2947 -62.8055 18.1127 -0.5869 2.6092 -0.8790 -118.3261 20.4074 46.8741 32.2561 -16.6600 10.1857 15.5585 -59.1506 1.4153 2.1165 9.4835 15.4129 11.1184 60.1992 -6.4566 -11.6374 -0.1955 0.7929 115.3962 -19.7378 44.1199 -71.1316 15.9329 7.3459 -16.0000 50.5351 -3.7445 -5.2652 12.6450 -10.6501 6.8688 -0.3263 18.2909 -0.5989 -14.9807 -9.0052 -11.9760 1.6650 -1.8563 -2.0605 -10.3150 -15.4314 -17.3229 0.3421 27.7684 0.6599 7.6744 -14.4566 12.2214 -1.4516 -0.9497 0.9483
-7.6644 96.9831 3.5175 1.2718 0.4407 -2.9624 0.6759 5.1120 -0.4196 -0.2476 -3.3102 -0.2661 0.9557 14.2803 -2.6010 1.3080 31.1277 2.4103 -2.0704 -3.9226 -4.4969 -2.4846 -10.9696 -5.2565 -0.0892 -0.0506 0.1376 0.5563 -10.4543 -3.7116 -0.7415 -10.4931 4.0294 -4.3012 14.9592 -4.3802 -62.9342 18.0759 -0.6722 2.6274 -0.8878 -118.5478 20.0499 47.1321 32.0059 -16.6565 10.2290 15.5593 -59.2480 1.4234 2.1572 9.6439 15.4471 10.9706 60.2200 -6.2254 -13.0156 -0.1237 0.7709 115.8524 -19.6984 44.5520 -71.4002 15.9609 7.3729 -15.9642 50.6788 -3.7433 -5.2517 12.6139 -10.5835 7.0517 -0.3302 17.9456 -0.6048 -15.0565 -8.7900 -11.9909 1.6618 -1.8942 -2.0533 -10.2750 -15.6146 -17.2331 0.3296 27.7999 0.6429 7.5257 -14.3882 12.3150 -1.4509 -0.9389 0.9531
-7.7364 97.0262 3.4595 1.3582 0.5748 -3.2134 0.8400 5.1809 -0.4199 -0.1715 -3.2904 -0.3857 1.1613 14.3003 -2.6954 1.2369 31.1736 2.3134 -2.0231 -3.9426 -3.9992 -2.6538 -10.8557 -4.7013 -0.0773 -0.0580 0.1227 0.5679 -10.4805 -3.7348 -0.7286 -10.5199 4.0200 -4.1949 15.0135 -4.4112 -63.0056 18.1175 -0.7296 2.7453 -0.8702 -118.8170 19.8465 47.5453 32.0305 -16.6592 10.2743 15.5293 -59.4231 1.4358 2.1550 9.7423 15.4744 10.8939 60.2391 -6.2552 -14.4685 -0.0261 0.7074 116.3022 -20.0908 45.1137 -71.7667 15.9669 7.4297 -15.9472 50.8020 -3.7268 -5.2459 12.5201 -10.6322 7.2782 -0.3343 17.7430 -0.6138 -15.0342 -8.6306 -11.8772 1.6622 -1.9299 -2.0376 -10.2516 -15.9051 -17.1287 0.3228 27.8595 0.6199 7.4389 -14.2891 12.4769 -1.4506 -0.9281 0.9604
-7.7413 97.0459 3.3549 1.4499 0.7501 -3.5391 0.9927 5.2588 -0.4118 -0.1047 -3.2449 -0.4753 1.3644 14.3394 -2.7479 1.1944 31.0660 2.2665 -1.9459 -3.9623 -3.5746 -2.8028 -10.7643 -4.1885 -0.0661 -0.0628 0.1092 0.5789 -10.5090 -3.7545 -0.7167 -10.5463 4.0099 -4.1426 14.9963 -4.4067 -63.0533 18.1718 -0.7566 2.8744 -0.8685 -118.9729 19.9246 48.1821 32.3992 -16.6632 10.3202 15.4806 -59.5796 1.4584 2.1589 9.8273 15.4720 10.9002 60.1847 -6.4914 -15.9460 0.0886 0.6395 116.5354 -20.6007 45.4103 -71.7707 15.9225 7.4697 -15.9377 50.8439 -3.7189 -5.2399 12.3752 -10.7807 7.5410 -0.3302 17.6531 -0.6018 -14.9421 -8.5073 -11.7115 1.6650 -1.9820 -2.0200 -10.2533 -16.3236 -17.0133 0.3296 27.9775 0.6213 7.3922 -14.1530 12.6913 -1.4496 -0.9233 0.9602
-7.7135 97.0495 3.2064 1.5624 0.9577 -3.8592 1.1163 5.3405 -0.4001 -0.0494 -3.2017 -0.5561 1.5651 14.4025 -2.7675 1.1678 30.8345 2.2451 -1.8478 -3.9823 -3.2502 -2.9378 -10.7199 -3.6878 -0.0587 -0.0677 0.1041 0.5858 -10.5370 -3.7636 -0.7084 -10.5720 4.0069 -4.1597 14.9628 -4.3948 -63.1205 18.2005 -0.8260 3.0102 -0.8585 -118.9499 20.2679 48.9346 32.9967 -16.6558 10.3173 15.3807 -59.6778 1.4701 2.1375 9.9168 15.4238 10.9602 60.1133 -6.8681 -17.4168 0.2091 0.6118 116.5046 -20.9963 45.6173 -71.2842 15.8163 7.4885 -15.9403 50.7878 -3.7095 -5.2087 12.1508 -11.0475 7.7904 -0.3269 17.7314 -0.5883 -14.7826 -8.4658 -11.4907 1.6662 -1.9741 -2.0171 -10.3007 -16.8855 -16.9469 0.3464 28.2198 0.6370 7.3434 -14.0559 12.9834 -1.4492 -0.9410 0.9493
-7.6013 97.0019 3.0338 1.6908 1.1930 -4.1694 1.2035 5.4222 -0.3712 -0.0059 -3.1661 -0.6321 1.7434 14.5083 -2.7915 1.1664 30.4646 2.2370 -1.7439 -3.9932 -3.0238 -2.9986 -10.7060 -3.2574 -0.0539 -0.0699 0.1028 0.5925 -10.5567 -3.7647 -0.7055 -10.5833 4.0050 -4.2376 14.9528 -4.4260 -63.2182 18.1869 -0.9159 3.1343 -0.8151 -118.8303 20.7454 49.6647 33.6665 -16.6354 10.2984 15.2702 -59.7490 1.4893 2.1142 10.0715 15.3488 11.1010 59.9285 -7.3664 -18.7985 0.3037 0.5879 116.2606 -21.1453 45.6852 -70.4330 15.7075 7.4819 -15.9669 50.6680 -3.7208 -5.2073 11.8820 -11.4376 8.0284 -0.3236 17.9776 -0.5673 -14.6066 -8.5281 -11.3081 1.6651 -1.9332 -2.0356 -10.3897 -17.5799 -16.9437 0.3717 28.5995 0.6646 7.2672 -13.9982 13.3286 -1.4473 -0.9678 0.9327
-7.4254 96.9278 2.8252 1.8313 1.4551 -4.4281 1.2453 5.4946 -0.3818 0.0242 -3.1234 -0.6572 1.8993 14.6362 -2.8462 1.2238 29.9737 2.2376 -1.6485 -4.0004 -2.8855 -2.9947 -10.7105 -2.8833 -0.0565 -0.0774 0.1091 0.5903 -10.5828 -3.7602 -0.7093 -10.5996 4.0154 -4.3344 14.9965 -4.5188 -63.3414 18.0209 -1.0083 3.2066 -0.7543 -118.6161 21.1082 50.1586 34.1564 -16.6100 10.2402 15.1878 -59.6988 1.5044 2.1172 10.3475 15.2760 11.3062 59.6519 -7.9489 -19.9831 0.3081 0.6625 115.9117 -21.0795 45.7784 -69.4396 15.6227 7.4529 -15.9781 50.5541 -3.7550 -5.1961 11.5941 -11.9446 8.2551 -0.3201 18.3533 -0.5514 -14.4525 -8.6707 -11.2276 1.6628 -1.8663 -2.0695 -10.5229 -18.3475 -16.9777 0.4055 29.0291 0.7015 7.2230 -13.9852 13.6548 -1.4459 -1.0003 0.9077
-7.2195 96.8555 2.6272 1.9216 1.7212 -4.6675 1.2710 5.6222 -0.4026 0.0486 -3.0856 -0.6799 2.0194 14.7905 -2.8988 1.3556 29.4658 2.2285 -1.6222 -3.9992 -2.7479 -2.9257 -10.7522 -2.6671 -0.0634 -0.0870 0.1193 0.5846 -10.6018 -3.7479 -0.7174 -10.6107 4.0271 -4.3993 15.0815 -4.6550 -63.4807 17.7303 -1.0260 3.1109 -0.7094 -118.4774 21.2062 50.2607 34.2137 -16.5555 10.1693 15.1288 -59.5219 1.4978 2.1301 10.6953 15.2418 11.5651 59.3943 -8.6441 -20.9918 0.2837 0.6865 115.5895 -21.0709 45.8892 -68.6373 15.5579 7.4251 -15.9460 50.4304 -3.7625 -5.2065 11.3531 -12.5837 8.4768 -0.3212 18.9381 -0.5457 -14.3369 -8.8957 -11.2333 1.6592 -1.8023 -2.1080 -10.5996 -19.1057 -16.9880 0.4310 29.4563 0.7493 7.1876 -13.9787 13.9313 -1.4435 -1.0075 0.8947
-7.0032 96.8057 2.4110 1.9517 1.9687 -4.8508 1.2944 5.8063 -0.4609 0.0718 -3.0150 -0.6604 2.1203 14.9435 -2.9400 1.5229 28.9927 2.1542 -1.6359 -3.9953 -2.5770 -2.8116 -10.8276 -2.5480 -0.0623 -0.0982 0.1167 0.5832 -10.6070 -3.7465 -0.7133 -10.6101 4.0194 -4.4269 15.1508 -4.7974 -63.6044 17.4655 -1.1308 2.9638 -0.6408 -118.4617 21.1174 50.0784 33.8950 -16.4974 10.1038 15.1011 -59.2818 1.4569 2.1856 11.0777 15.2527 11.8084 59.2899 -9.4732 -21.9942 0.2702 0.6698 115.4655 -21.3046 46.1127 -68.1850 15.5506 7.4204 -15.9178 50.4185 -3.7629 -5.1989 11.1823 -13.2464 8.6406 -0.3278 19.5626 -0.5496 -14.2324 -9.0720 -11.2910 1.6562 -1.7948 -2.1193 -10.6206 -19.7572 -16.9819 0.4485 29.7438 0.7771 7.1764 -13.8687 14.1455 -1.4421 -1.0598 0.8887
-6.8183 96.7844 2.1837 1.9390 2.2067 -4.9999 1.3108 6.0543 -0.4808 0.0976 -2.9323 -0.6653 2.2056 15.0906 -2.9256 1.7260 28.5580 2.0381 -1.6922 -3.9890 -2.3990 -2.6883 -10.9557 -2.5514 -0.0587 -0.1055 0.1126 0.5835 -10.5981 -3.7493 -0.7049 -10.6017 4.0111 -4.3809 15.2244 -4.9104 -63.7032 17.2815 -1.3357 2.8030 -0.5549 -118.6311 21.0213 49.8982 33.5199 -16.4331 10.0873 15.1094 -59.1261 1.4210 2.2586 11.4369 15.2991 12.0174 59.4116 -10.3240 -23.1401 0.3507 0.6285 115.6237 -21.8565 46.4084 -68.1555 15.5923 7.4133 -15.9112 50.4695 -3.7410 -5.2120 11.0498 -13.9231 8.7450 -0.3440 20.2204 -0.5706 -14.1045 -9.2384 -11.3239 1.6528 -1.8169 -2.1133 -10.6147 -20.3462 -17.0059 0.4491 29.9619 0.7676 7.2110 -13.6886 14.4011 -1.4439 -1.1382 0.8827
-6.6421 96.7848 1.9560 1.9347 2.4594 -5.0129 1.2974 6.3467 -0.5054 0.1185 -2.8168 -0.6660 2.2709 15.2429 -2.8602 1.9665 28.1252 1.9182 -1.7696 -3.9913 -2.2717 -2.4803 -11.1875 -2.7088 -0.0533 -0.1070 0.1082 0.5828 -10.5941 -3.7551 -0.6924 -10.6030 4.0051 -4.2399 15.2294 -4.9460 -63.7481 17.2689 -1.7735 2.7639 -0.4880 -118.8923 21.0668 49.9065 33.3101 -16.3471 10.1487 15.1556 -59.1503 1.4417 2.3220 11.8039 15.3318 12.2176 59.6672 -11.0875 -24.3895 0.4689 0.6047 116.0243 -22.8387 46.7953 -68.7032 15.6777 7.3989 -15.9350 50.5466 -3.7365 -5.2301 10.8883 -14.6742 8.7783 -0.3626 20.9191 -0.5984 -13.9676 -9.3526 -11.3622 1.6506 -1.8807 -2.0965 -10.5995 -20.9623 -17.1582 0.4477 30.1732 0.7542 7.2884 -13.4614 14.7076 -1.4466 -1.2102 0.8706
-6.4634 96.7690 1.6947 1.9468 2.7437 -4.9383 1.2511 6.6402 -0.5245 0.1123 -2.6811 -0.6105 2.3236 15.4160 -2.7968 2.2265 27.7310 1.8199 -1.8061 -3.9989 -2.2709 -2.1934 -11.5404 -2.9738 -0.0488 -0.1010 0.1055 0.5849 -10.5977 -3.7651 -0.6846 -10.6085 4.0063 -4.0251 15.1928 -4.9210 -63.7582 17.2835 -2.3469 2.7979 -0.4351 -119.0973 21.3213 50.1684 33.3266 -16.2876 10.2243 15.1992 -59.2764 1.4656 2.3463 12.1562 15.3464 12.4377 59.9191 -11.6344 -25.4711 0.4810 0.5802 116.4749 -24.2027 47.2531 -69.8797 15.7677 7.3923 -15.9486 50.6416 -3.7280 -5.2140 10.7175 -15.5268 8.7513 -0.3802 21.6780 -0.6223 -13.8600 -9.4545 -11.4502 1.6523 -2.0030 -2.0775 -10.5897 -21.6428 -17.4323 0.4580 30.4278 0.7567 7.3859 -13.3071 15.0187 -1.4506 -1.2950 0.8472
-6.2603 96.7034 1.4147 1.9518 3.0581 -4.7937 1.1776 6.9390 -0.5157 0.0895 -2.5455 -0.5590 2.3453 15.6073 -2.7133 2.4757 27.3725 1.7068 -1.7861 -4.0101 -2.3914 -1.7959 -11.9945 -3.3623 -0.0448 -0.0940 0.1015 0.5895 -10.5998 -3.7759 -0.6810 -10.6125 4.0064 -3.8336 15.1551 -4.9002 -63.6514 17.1775 -2.8301 2.8167 -0.4167 -119.1354 21.6118 50.3710 33.2514 -16.1975 10.2916 15.2326 -59.3515 1.4909 2.3017 12.4881 15.3722 12.6619 60.1111 -12.0343 -26.1813 0.4180 0.5152 116.7302 -25.6845 47.6496 -71.3927 15.7651 7.4027 -15.9467 50.6207 -3.7078 -5.2074 10.5688 -16.4626 8.6423 -0.3945 22.4879 -0.6320 -13.8013 -9.6273 -11.5323 1.6547 -2.0652 -2.0704 -10.5491 -22.3861 -17.7860 0.4656 30.7630 0.7589 7.4622 -13.2914 15.2568 -1.4544 -1.3233 0.8270
-6.0573 96.6083 1.1266 1.9337 3.3680 -4.6162 1.0610 7.2276 -0.4958 0.0509 -2.4213 -0.5062 2.3277 15.8575 -2.6376 2.7138 27.0463 1.6159 -1.7280 -4.0170 -2.6219 -1.3064 -12.4781 -3.8075 -0.0350 -0.0869 0.0842 0.6023 -10.6049 -3.7980 -0.6745 -10.6187 3.9902 -3.7076 15.1646 -4.9382 -63.4333 16.8272 -3.0995 2.8012 -0.4839 -118.9868 21.7759 50.3541 32.9583 -16.1144 10.3724 15.2547 -59.4337 1.5180 2.2068 12.8006 15.4206 12.9015 60.1885 -12.3324 -26.2740 0.2504 0.4275 116.6773 -26.9249 47.8159 -72.7567 15.7406 7.4097 -15.9334 50.5323 -3.7104 -5.1888 10.4476 -17.4351 8.4881 -0.3989 23.3451 -0.6383 -13.7547 -9.8810 -11.6255 1.6538 -2.0423 -2.0734 -10.4546 -23.1332 -18.1871 0.4669 31.1514 0.7453 7.4732 -13.3465 15.4088 -1.4571 -1.2965 0.8133
-5.8572 96.4868 0.8240 1.8737 3.6624 -4.4148 0.9139 7.4826 -0.4543 -0.0086 -2.3159 -0.4798 2.2645 16.1668 -2.5734 2.9643 26.7798 1.5711 -1.6535 -4.0232 -2.8903 -0.7592 -12.9316 -4.2727 -0.0245 -0.0845 0.0630 0.6165 -10.6066 -3.8194 -0.6679 -10.6217 3.9659 -3.6830 15.1919 -5.0611 -63.1857 16.2292 -3.1434 2.7711 -0.5505 -118.6748 21.7760 50.0439 32.5454 -16.0152 10.4226 15.2603 -59.4594 1.5652 2.0694 13.1183 15.5065 13.2073 60.1357 -12.5475 -25.6482 0.0643 0.3856 116.3684 -27.8407 47.7858 -73.8459 15.6771 7.4158 -15.9428 50.3970 -3.7141 -5.1695 10.3778 -18.4262 8.2779 -0.4018 24.2601 -0.6333 -13.6686 -10.2012 -11.6905 1.6494 -1.9438 -2.0986 -10.3266 -23.8594 -18.6014 0.4632 31.6011 0.7191 7.4250 -13.4473 15.5504 -1.4581 -1.2447 0.8014
-5.6550 96.3487 0.5890 1.7537 3.9251 -4.2138 0.7675 7.6841 -0.4262 -0.0800 -2.2114 -0.4449 2.1706 16.4848 -2.5374 3.1826 26.5484 1.5928 -1.5844 -4.0299 -3.1259 -0.2143 -13.2967 -4.6373 -0.0213 -0.0862 0.0501 0.6215 -10.6068 -3.8301 -0.6663 -10.6222 3.9491 -3.7860 15.2160 -5.2508 -63.0006 15.3544 -3.0934 2.7452 -0.6068 -118.1881 21.9868 49.6019 32.2704 -16.0110 10.4105 15.2753 -59.4340 1.5838 1.9652 13.3638 15.5738 13.5197 59.9246 -12.6911 -24.2365 -0.0700 0.4252 115.8777 -27.8759 47.4316 -74.0594 15.6125 7.4108 -15.9715 50.2857 -3.7205 -5.1192 10.3822 -19.3885 8.0767 -0.4068 25.1920 -0.6273 -13.5112 -10.5170 -11.8145 1.6445 -1.7903 -2.1137 -10.1504 -24.4835 -18.9649 0.4716 31.9809 0.7272 7.4229 -13.4731 15.5955 -1.4559 -1.1582 0.8099
-5.4452 96.2170 0.3841 1.5776 4.1540 -4.0293 0.6433 7.8604 -0.3845 -0.1343 -2.1323 -0.4522 2.0029 16.7732 -2.4775 3.3141 26.3828 1.6551 -1.5174 -4.0151 -3.2420 0.2877 -13.5798 -4.8753 -0.0316 -0.0864 0.0553 0.6100 -10.5861 -3.8144 -0.6765 -10.6008 3.9486 -3.9486 15.2155 -5.4444 -62.8917 14.4032 -3.0117 2.6592 -0.6573 -117.7462 22.4897 49.1549 32.3092 -16.0808 10.3456 15.3078 -59.3559 1.5762 1.9266 13.5065 15.6491 13.8024 59.5996 -12.7822 -22.3110 0.0105 0.4717 115.4141 -26.5809 46.6812 -73.1163 15.5355 7.3698 -15.9736 50.2176 -3.7111 -5.0653 10.4578 -20.2960 7.8893 -0.4210 26.1343 -0.6284 -13.3162 -10.8373 -12.0320 1.6405 -1.6659 -2.1167 -9.9388 -24.9860 -19.2456 0.4810 32.2746 0.7376 7.4539 -13.4190 15.5742 -1.4506 -1.0578 0.8237
-5.2463 96.1003 0.2045 1.3544 4.3621 -3.8681 0.5647 8.0101 -0.3693 -0.1812 -2.0536 -0.3898 1.8182 16.9946 -2.4306 3.2592 26.2610 1.7471 -1.3985 -3.9912 -3.2685 0.6914 -13.7685 -4.9639 -0.0458 -0.0853 0.0685 0.5931 -10.5737 -3.7931 -0.6877 -10.5861 3.9571 -4.1060 15.1748 -5.5758 -62.8516 13.5853 -3.0520 2.5512 -0.7114 -117.5002 23.0769 48.6841 32.5911 -16.1870 10.2573 15.3447 -59.2855 1.5382 1.9330 13.4698 15.7311 14.0117 59.2491 -12.8037 -20.1931 0.2108 0.5422 115.2619 -24.1603 45.7350 -71.3962 15.4683 7.3154 -15.9541 50.1885 -3.7308 -5.0494 10.5747 -21.1468 7.7104 -0.4289 27.0443 -0.6352 -13.1021 -11.1363 -12.2778 1.6367 -1.5650 -2.1118 -9.6956 -25.3640 -19.4703 0.4953 32.4534 0.7652 7.5059 -13.3171 15.4849 -1.4427 -0.9808 0.8306
-5.0253 95.9944 0.0614 1.1193 4.5689 -3.7405 0.5085 8.1458 -0.3447 -0.2227 -1.9999 -0.2912 1.6147 17.1369 -2.3498 3.0613 26.1155 1.8650 -1.2902 -3.9595 -3.2192 1.0479 -13.9168 -5.0163 -0.0648 -0.0807 0.0909 0.5718 -10.5537 -3.7629 -0.7049 -10.5658 3.9781 -4.2376 15.1020 -5.6118 -62.8164 13.0606 -3.2671 2.4849 -0.7830 -117.4351 23.5563 48.1773 33.0276 -16.2771 10.1511 15.3342 -59.1969 1.4845 1.9738 13.3344 15.8209 14.2134 58.9424 -12.7989 -18.0750 0.5057 0.6795 115.4066 -21.2730 44.7565 -69.6534 15.4052 7.2686 -15.9314 50.1668 -3.7344 -5.0851 10.6973 -21.9479 7.5615 -0.4437 27.9115 -0.6470 -12.8911 -11.4014 -12.4764 1.6351 -1.5169 -2.1063 -9.4702 -25.6960 -19.6666 0.5019 32.5774 0.7795 7.5960 -13.1943 15.4588 -1.4393 -0.9579 0.8293
-4.8035 95.9077 -0.0640 0.9189 4.7535 -3.6526 0.4461 8.2851 -0.3258 -0.2620 -1.9541 -0.1555 1.3828 17.2250 -2.2103 2.8018 25.9732 1.9951 -1.2098 -3.9309 -3.1376 1.3391 -14.0632 -5.0795 -0.0815 -0.0711 0.1084 0.5544 -10.5416 -3.7407 -0.7214 -10.5524 3.9966 -4.2905 15.0006 -5.6137 -62.7927 12.8455 -3.6304 2.4857 -0.8111 -117.4701 23.9316 47.7084 33.5599 -16.3107 10.1236 15.3397 -59.1727 1.4491 1.9847 13.0977 15.9114 14.4083 58.8043 -12.7367 -16.0623 0.7436 0.8249 115.8657 -18.8140 44.1300 -68.6050 15.4031 7.2567 -15.9078 50.1794 -3.7218 -5.1379 10.7650 -22.6868 7.4912 -0.4595 28.7390 -0.6718 -12.7077 -11.6653 -12.6478 1.6333 -1.4971 -2.1070 -9.3143 -26.0064 -19.7738 0.5025 32.7236 0.7721 7.6866 -13.1406 15.4910 -1.4385 -0.9802 0.8189
-4.5653 95.8067 -0.1578 0.7769 4.9105 -3.6147 0.3555 8.3955 -0.3322 -0.3082 -1.8802 0.0338 1.1484 17.2488 -2.0475 2.4684 25.8565 2.1018 -1.1193 -3.9111 -3.0912 1.5717 -14.1808 -5.1388 -0.0905 -0.0638 0.1120 0.5445 -10.5243 -3.7363 -0.7291 -10.5325 4.0008 -4.3533 14.9228 -5.5676 -62.6972 12.7649 -4.0446 2.5034 -0.7461 -117.3564 24.0531 47.2739 33.9109 -16.3372 10.1367 15.3498 -59.2565 1.4422 1.9737 12.8698 16.0171 14.6058 58.8310 -12.7342 -14.2058 0.9081 1.0069 116.4978 -16.9173 43.8851 -68.1707 15.4505 7.2502 -15.8485 50.2010 -3.7165 -5.1787 10.7735 -23.3145 7.4728 -0.4742 29.4666 -0.6839 -12.5544 -11.8759 -12.7740 1.6400 -1.4928 -2.0934 -9.2505 -26.3013 -19.8396 0.5056 32.8508 0.7720 7.8050 -13.1077 15.5562 -1.4396 -1.0105 0.8032
-4.3242 95.7296 -0.2179 0.6682 5.0206 -3.6078 0.2481 8.4994 -0.3102 -0.3486 -1.8283 0.1895 0.9056 17.2969 -1.8714 2.1211 25.7878 2.1996 -1.0558 -3.9079 -3.0447 1.8287 -14.2754 -5.2452 -0.0948 -0.0562 0.1117 0.5459 -10.5261 -3.7404 -0.7385 -10.5270 4.0036 -4.4039 14.9277 -5.5155 -62.5443 12.7102 -4.4481 2.4926 -0.5996 -117.1421 23.9971 46.9005 34.1487 -16.2786 10.2329 15.3931 -59.3726 1.4664 1.9515 12.6607 16.1320 14.8174 58.9974 -12.7817 -12.5124 0.9745 1.1205 117.2652 -15.5946 43.7146 -68.0902 15.5121 7.2620 -15.7800 50.2626 -3.6874 -5.2005 10.7585 -23.8390 7.4145 -0.4872 30.1770 -0.6961 -12.4145 -12.0742 -12.8203 1.6449 -1.4804 -2.0793 -9.2542 -26.5721 -19.9189 0.5071 33.0539 0.7619 7.9281 -13.1144 15.6887 -1.4451 -1.0168 0.8112
-4.0494 95.6296 -0.2213 0.5564 5.0721 -3.5547 0.1391 8.5739 -0.2921 -0.3905 -1.7741 0.3115 0.6993 17.3502 -1.7086 1.7867 25.7210 2.2761 -0.9980 -3.9142 -3.0052 2.0634 -14.2905 -5.3247 -0.0975 -0.0527 0.1106 0.5508 -10.5244 -3.7442 -0.7490 -10.5223 4.0046 -4.4725 14.9187 -5.4892 -62.3587 12.6426 -4.8338 2.4260 -0.5071 -116.7874 23.9731 46.7034 34.3231 -16.1948 10.3493 15.4387 -59.4325 1.4871 1.9746 12.4754 16.2020 14.9735 59.3226 -12.8517 -11.0487 0.9666 1.2189 117.9620 -14.5104 43.4643 -67.9002 15.5841 7.2551 -15.7329 50.3818 -3.6406 -5.2120 10.7878 -24.2608 7.2396 -0.4982 30.8748 -0.7035 -12.2742 -12.3244 -12.8143 1.6482 -1.3746 -2.0686 -9.2748 -26.7760 -20.1033 0.5120 33.2754 0.7578 8.0628 -13.1624 15.8430 -1.4525 -0.9764 0.8243
-3.7944 95.5100 -0.1997 0.4450 5.0818 -3.4252 0.0373 8.6322 -0.2405 -0.4276 -1.7387 0.3594 0.5080 17.4052 -1.5907 1.4855 25.6880 2.3531 -0.9288 -3.9180 -2.9740 2.2990 -14.2412 -5.4160 -0.1058 -0.0485 0.1182 0.5481 -10.5273 -3.7363 -0.7637 -10.5215 4.0148 -4.5499 14.8400 -5.4861 -62.2423 12.5436 -5.2817 2.3701 -0.4468 -116.3438 24.0855 46.5941 34.6122 -16.1541 10.4766 15.5047 -59.4989 1.5380 1.9924 12.3275 16.2106 15.0678 59.7748 -12.9001 -9.9795 0.9523 1.2701 118.4965 -13.4524 42.8627 -67.3341 15.6217 7.2365 -15.7288 50.5290 -3.5788 -5.2628 10.8140 -24.6454 6.9667 -0.5023 31.6248 -0.7077 -12.1099 -12.6618 -12.7695 1.6500 -1.2388 -2.0624 -9.3118 -26.9314 -20.3097 0.5241 33.5567 0.7696 8.1930 -13.2690 15.9330 -1.4582 -0.9185 0.8349
-3.5557 95.3893 -0.1751 0.3273 5.0480 -3.1791 -0.0434 8.6726 -0.2090 -0.4666 -1.7057 0.3717 0.3195 17.4545 -1.5342 1.1875 25.7022 2.4545 -0.8669 -3.9293 -2.9496 2.5573 -14.0943 -5.5110 -0.1159 -0.0460 0.1300 0.5376 -10.5328 -3.7249 -0.7743 -10.5236 4.0306 -4.7052 14.7053 -5.5021 -62.1483 12.3415 -5.7625 2.2756 -0.4688 -115.8713 24.2812 46.4853 34.9728 -16.1517 10.5580 15.5704 -59.5150 1.5585 1.9964 12.2370 16.2243 15.0959 60.3298 -12.9293 -9.3827 0.9113 1.2948 118.8750 -12.6678 42.2563 -66.7064 15.6625 7.2113 -15.7521 50.7116 -3.5362 -5.2914 10.8562 -24.9878 6.6060 -0.5072 32.3900 -0.7142 -11.9293 -13.0365 -12.7173 1.6529 -1.0942 -2.0694 -9.3841 -26.9751 -20.5102 0.5347 33.8027 0.7958 8.3464 -13.4200 15.9016 -1.4597 -0.8582 0.8406
-3.3209 95.2786 -0.1090 0.2158 4.9769 -2.8669 -0.1052 8.6846 -0.1850 -0.4979 -1.6919 0.3593 0.0934 17.5346 -1.5557 0.8313 25.7005 2.5917 -0.8091 -3.9329 -2.9303 2.8408 -13.8786 -5.6113 -0.1229 -0.0429 0.1369 0.5276 -10.5240 -3.7136 -0.7797 -10.5117 4.0366 -4.9753 14.5397 -5.5216 -62.0845 12.0160 -6.2471 2.1106 -0.5084 -115.4032 24.4488 46.2382 35.1586 -16.1689 10.6101 15.6284 -59.5785 1.5699 1.9380 12.1996 16.3209 15.1103 60.9471 -12.9705 -9.3403 0.9359 1.2255 119.1446 -12.5964 41.8416 -66.3420 15.7371 7.2166 -15.7846 50.8440 -3.5040 -5.2788 10.8850 -25.2345 6.2063 -0.5073 33.0715 -0.7173 -11.7344 -13.4158 -12.6817 1.6547 -0.9634 -2.0845 -9.5037 -26.8786 -20.5795 0.5374 33.9405 0.8150 8.5353 -13.5236 15.6844 -1.4583 -0.8305 0.8523
-3.1066 95.2071 -0.0373 0.1269 4.9020 -2.4960 -0.1613 8.6803 -0.1887 -0.5299 -1.6950 0.3807 -0.1498 17.6290 -1.6461 0.4076 25.6753 2.7571 -0.7414 -3.9368 -2.9554 3.1213 -13.7101 -5.6810 -0.1239 -0.0456 0.1340 0.5244 -10.5131 -3.7126 -0.7794 -10.5044 4.0301 -5.3340 14.3801 -5.5647 -61.9713 11.6407 -6.6913 1.9354 -0.5469 -115.0800 24.4464 45.7840 35.0662 -16.1786 10.6384 15.6835 -59.6703 1.5708 1.8235 12.1440 16.4724 15.0857 61.6046 -12.9017 -9.6496 0.8901 1.0800 119.3158 -13.2205 41.7031 -66.3291 15.7925 7.2794 -15.8371 50.9623 -3.5060 -5.2408 10.8883 -25.3800 5.8007 -0.5026 33.5788 -0.7067 -11.5566 -13.7418 -12.6465 1.6539 -0.8623 -2.0956 -9.6700 -26.6784 -20.5468 0.5380 33.9712 0.8238 8.7628 -13.5987 15.3294 -1.4527 -0.8071 0.8545
-2.9203 95.1681 0.0884 0.0460 4.8350 -2.1632 -0.2198 8.6381 -0.1748 -0.5588 -1.7068 0.4106 -0.4126 17.7234 -1.7434 -0.0890 25.5886 2.9463 -0.6782 -3.9309 -3.0008 3.4115 -13.5834 -5.7473 -0.1289 -0.0501 0.1358 0.5197 -10.5004 -3.7070 -0.7860 -10.4959 4.0311 -5.7354 14.2252 -5.6423 -61.8661 11.2492 -7.0198 1.7556 -0.5540 -114.8619 24.2475 45.1200 34.7344 -16.1808 10.6506 15.7523 -59.7417 1.5760 1.7061 12.0868 16.6356 15.0743 62.1720 -12.6854 -10.1530 0.8129 0.8830 119.2280 -14.2221 41.4102 -66.3345 15.7897 7.3615 -15.8677 50.9543 -3.5437 -5.1974 10.8702 -25.4082 5.4555 -0.5065 33.8874 -0.7231 -11.3892 -13.9799 -12.5520 1.6538 -0.7653 -2.1057 -9.8423 -26.3836 -20.4330 0.5307 33.8390 0.8188 9.0221 -13.6102 14.9246 -1.4495 -0.8086 0.8620
-2.7390 95.1799 0.2254 -0.0433 4.8072 -1.8544 -0.2704 8.5405 -0.1695 -0.5885 -1.7222 0.4658 -0.6808 17.7760 -1.8092 -0.6043 25.4852 3.1655 -0.6144 -3.8998 -3.0635 3.6818 -13.4785 -5.7705 -0.1382 -0.0554 0.1435 0.5091 -10.4838 -3.6930 -0.7951 -10.4814 4.0363 -6.1063 14.0557 -5.7369 -61.7660 10.8524 -7.1248 1.5786 -0.6064 -114.7623 23.9653 44.3188 34.3203 -16.1918 10.6988 15.8803 -59.8201 1.6180 1.6666 12.0088 16.7566 15.0431 62.5853 -12.2428 -10.6434 0.6876 0.7340 118.8136 -15.0723 40.9228 -66.1078 15.7153 7.4385 -15.8941 50.8334 -3.5968 -5.1788 10.8546 -25.3183 5.1187 -0.4996 33.9181 -0.7341 -11.2580 -14.0845 -12.4322 1.6530 -0.6847 -2.1056 -9.9506 -25.9766 -20.3234 0.5217 33.4489 0.8114 9.2814 -13.4942 14.5060 -1.4465 -0.8082 0.8533
-2.5655 95.2596 0.4376 -0.1528 4.8146 -1.5838 -0.3294 8.3748 -0.1482 -0.6172 -1.7525 0.5221 -0.9535 17.7658 -1.8243 -1.1168 25.4151 3.3474 -0.5986 -3.8596 -3.0349 3.9466 -13.3539 -5.7900 -0.1535 -0.0623 0.1613 0.4891 -10.4730 -3.6692 -0.8076 -10.4712 4.0551 -6.4602 13.9153 -5.7896 -61.5636 10.4931 -6.9756 1.4107 -0.7454 -114.8230 23.6391 43.4605 33.9151 -16.1737 10.7163 16.0123 -59.7629 1.6456 1.7278 11.9705 16.8283 14.9850 62.7513 -11.5986 -10.9399 0.5690 0.6663 118.0180 -15.3859 40.4805 -65.6963 15.6044 7.4324 -15.8764 50.5884 -3.6609 -5.1718 10.8578 -25.0939 4.7829 -0.4919 33.6675 -0.7465 -11.1650 -14.0697 -12.2353 1.6531 -0.6296 -2.1053 -9.9956 -25.4214 -20.2567 0.5045 32.7313 0.7987 9.5922 -13.2683 14.1018 -1.4462 -0.8010 0.8442
-2.4212 95.4163 0.6583 -0.2871 4.8251 -1.3549 -0.3973 8.1494 -0.1350 -0.6519 -1.8074 0.6007 -1.2034 17.6910 -1.7847 -1.6251 25.4147 3.5089 -0.5884 -3.8139 -2.9663 4.1332 -13.2031 -5.7779 -0.1592 -0.0671 0.1689 0.4782 -10.4655 -3.6545 -0.8091 -10.4631 4.0583 -6.7499 13.7947 -5.8232 -61.1553 10.2925 -6.4919 1.2882 -0.9253 -115.2288 22.9392 42.3312 33.2873 -16.0625 10.7773 16.1749 -59.6711 1.6358 1.8328 11.9309 16.8662 14.8575 62.6021 -10.7882 -11.0219 0.4024 0.7482 117.1226 -14.9847 40.3300 -65.3939 15.5274 7.3806 -15.8489 50.4036 -3.6994 -5.2087 10.9134 -24.6841 4.3840 -0.4746 33.1240 -0.7434 -11.1394 -13.9535 -11.9888 1.6482 -0.5872 -2.1043 -9.9524 -24.6791 -20.2074 0.4767 31.7046 0.7855 9.9175 -12.9484 13.6905 -1.4440 -0.7541 0.8345
-2.3332 95.6555 0.8957 -0.4297 4.8281 -1.2594 -0.4988 7.9165 -0.1071 -0.6990 -1.9050 0.6946 -1.4439 17.5157 -1.7016 -2.1294 25.5833 3.6405 -0.5700 -3.7972 -2.8567 4.2654 -12.9823 -5.7655 -0.1528 -0.0688 0.1599 0.4815 -10.4716 -3.6649 -0.8004 -10.4707 4.0499 -6.9358 13.7024 -5.7732 -60.4870 10.4005 -5.7801 1.3213 -1.0406 -115.9979 21.7432 40.9496 32.4580 -15.9357 10.8075 16.2292 -59.6261 1.5917 1.8782 11.8764 16.9146 14.7202 62.2320 -10.0566 -11.1357 0.2702 0.9233 116.3989 -14.2217 40.7500 -65.4458 15.4569 7.3269 -15.8219 50.2297 -3.7016 -5.2341 11.0001 -24.1293 4.0248 -0.4709 32.3967 -0.7511 -11.1567 -13.7359 -11.6892 1.6450 -0.5944 -2.0897 -9.8804 -23.8020 -20.0463 0.4441 30.4620 0.7783 10.2840 -12.6318 13.2879 -1.4407 -0.7305 0.8417
-2.2755 95.9078 1.1251 -0.5792 4.7474 -1.2850 -0.6138 7.6965 -0.1141 -0.7691 -2.0018 0.8452 -1.6895 17.2367 -1.5950 -2.6022 25.9056 3.7240 -0.5791 -3.7972 -2.7342 4.3508 -12.6456 -5.7599 -0.1468 -0.0657 0.1423 0.4900 -10.4847 -3.6878 -0.7967 -10.4865 4.0355 -7.0155 13.5975 -5.6692 -59.4289 10.7279 -4.6829 1.4412 -1.0319 -116.9564 19.9107 39.2263 31.2640 -15.7625 10.8725 16.2407 -59.5781 1.5423 1.8642 11.7216 16.9460 14.6247 61.7649 -9.7211 -11.5865 0.1427 1.0313 115.9698 -13.7663 41.5336 -65.7340 15.4840 7.3057 -15.8416 50.1455 -3.7124 -5.2443 11.1187 -23.3936 3.7292 -0.4641 31.5250 -0.7541 -11.2210 -13.4416 -11.3385 1.6481 -0.6326 -2.0662 -9.8161 -22.7802 -19.7996 0.4171 29.0879 0.7828 10.5952 -12.2839 12.9501 -1.4379 -0.7662 0.8604
-2.2209 96.1851 1.3647 -0.7216 4.5513 -1.3745 -0.7288 7.4779 -0.1053 -0.8397 -2.0913 0.9900 -1.9407 16.9631 -1.4742 -3.0189 26.3854 3.7763 -0.6054 -3.8019 -2.6715 4.4579 -12.3010 -5.8095 -0.1489 -0.0620 0.1337 0.4911 -10.5058 -3.7002 -0.8026 -10.5072 4.0331 -7.0332 13.5188 -5.6046 -58.0587 10.9225 -3.2204 1.5566 -0.9959 -117.7968 18.3476 37.4508 30.1717 -15.5652 10.9471 16.2693 -59.4975 1.5061 1.8616 11.4371 16.9907 14.5995 61.3039 -9.9474 -12.4107 -0.1148 0.9902 115.7361 -14.4184 42.2048 -66.2623 15.5889 7.3160 -15.9011 50.1175 -3.7209 -5.2673 11.2302 -22.5148 3.4481 -0.4579 30.6467 -0.7705 -11.2658 -13.0870 -10.9411 1.6571 -0.7549 -2.0431 -9.7935 -21.6706 -19.5374 0.3896 27.7170 0.7822 10.8473 -11.8930 12.7108 -1.4367 -0.8918 0.8812
-2.1810 96.4397 1.5901 -0.8193 4.3137 -1.4571 -0.8298 7.2358 -0.0805 -0.9060 -2.1862 1.1287 -2.1856 16.7517 -1.3853 -3.3679 26.9037 3.8685 -0.6120 -3.7945 -2.7565 4.5818 -11.9956 -5.9422 -0.1574 -0.0602 0.1387 0.4865 -10.5375 -3.6991 -0.8152 -10.5361 4.0450 -7.0988 13.4315 -5.5688 -56.5153 10.7811 -1.4735 1.5595 -0.9016 -118.4292 17.3934 35.5968 29.1962 -15.3935 11.0186 16.3535 -59.3819 1.4870 1.9570 11.0655 16.9690 14.6097 60.8115 -10.5920 -13.5582 -0.4430 0.8698 115.6367 -16.1540 42.2942 -67.0277 15.7516 7.3307 -15.9605 50.1441 -3.7005 -5.2832 11.2976 -21.6077 3.1616 -0.4456 29.7923 -0.7766 -11.3046 -12.7131 -10.5696 1.6720 -0.9270 -2.0390 -9.8348 -20.6153 -19.3767 0.3829 26.4516 0.7901 11.1156 -11.4517 12.6207 -1.4393 -1.0517 0.8946
-2.1091 96.6389 1.8342 -0.8532 4.0707 -1.4576 -0.9203 6.9679 -0.0580 -0.9488 -2.2947 1.2492 -2.4346 16.5965 -1.3363 -3.6266 27.4207 3.9828 -0.6312 -3.7819 -2.9244 4.7003 -11.7639 -6.1723 -0.1591 -0.0630 0.1418 0.4846 -10.5636 -3.6970 -0.8172 -10.5625 4.0488 -7.2523 13.3117 -5.5219 -54.9611 10.3631 0.3222 1.5176 -0.7691 -118.8720 16.8181 33.5702 28.0995 -15.2832 11.0053 16.4004 -59.2801 1.4638 2.0776 10.6374 16.8675 14.6024 60.3192 -11.3368 -14.8174 -0.8200 0.6721 115.5923 -18.3152 41.6913 -67.6907 15.8976 7.3455 -15.9980 50.2366 -3.6521 -5.2979 11.2812 -20.7530 2.9444 -0.4302 28.9825 -0.7893 -11.3290 -12.4328 -10.3051 1.6870 -1.0819 -2.0467 -9.9468 -19.6878 -19.3523 0.3835 25.3652 0.7905 11.4137 -11.0482 12.5729 -1.4434 -1.1824 0.8975
-2.0289 96.8008 2.0067 -0.8434 3.8575 -1.3980 -1.0053 6.7190 -0.0102 -0.9730 -2.4142 1.3277 -2.6841 16.4809 -1.3055 -3.7860 27.9070 4.0600 -0.6527 -3.7840 -3.1028 4.8734 -11.5521 -6.5512 -0.1553 -0.0689 0.1439 0.4924 -10.5895 -3.6960 -0.8171 -10.5885 4.0487 -7.4756 13.1393 -5.4317 -53.6169 9.8902 1.8962 1.5462 -0.6960 -119.2530 16.5130 31.6964 27.1222 -15.2084 10.9706 16.4462 -59.2979 1.4407 2.1421 10.2292 16.7202 14.5755 59.9603 -12.0175 -16.0563 -1.0772 0.3771 115.6077 -20.4713 40.8340 -68.5134 16.0068 7.3712 -16.0122 50.3318 -3.5753 -5.3143 11.2132 -20.0363 2.8589 -0.4142 28.2742 -0.7965 -11.3225 -12.2716 -10.1727 1.6954 -1.1487 -2.0651 -10.0897 -18.9185 -19.4505 0.3782 24.4682 0.7724 11.6255 -10.7486 12.5680 -1.4475 -1.2271 0.9012
-1.9507 96.9116 2.1466 -0.7898 3.7110 -1.2615 -1.1026 6.4659 0.0447 -0.9896 -2.5114 1.3952 -2.9204 16.3556 -1.2958 -3.8183 28.3245 4.1235 -0.6928 -3.8038 -3.3151 5.0805 -11.2882 -6.9726 -0.1486 -0.0725 0.1427 0.5020 -10.5893 -3.6983 -0.8138 -10.5990 4.0451 -7.7671 12.9723 -5.2839 -52.6680 9.3921 3.1382 1.5430 -0.6726 -119.4174 16.4144 30.2514 26.4520 -15.1744 10.9318 16.4557 -59.4039 1.4344 2.1129 9.9047 16.5667 14.5152 59.8416 -12.4837 -17.0996 -1.1739 0.1560 115.6995 -21.9915 40.1747 -69.4467 16.0613 7.3578 -15.9942 50.3477 -3.5148 -5.3100 11.1164 -19.4725 2.8792 -0.4003 27.5879 -0.8027 -11.3640 -12.1307 -10.1905 1.6990 -1.1766 -2.0798 -10.2243 -18.3046 -19.6890 0.3775 23.7039 0.7672 11.6704 -10.5419 12.5721 -1.4515 -1.1968 0.9060
-1.9081 97.0199 2.2149 -0.7177 3.6500 -1.0422 -1.2026 6.2228 0.0826 -1.0077 -2.6051 1.4487 -3.1478 16.2553 -1.2762 -3.7814 28.7167 4.1657 -0.7299 -3.8240 -3.5404 5.3444 -10.9454 -7.3814 -0.1436 -0.0740 0.1400 0.5087 -10.5930 -3.7032 -0.8103 -10.6118 4.0419 -8.0824 12.8996 -5.0870 -52.1842 8.8624 3.9857 1.5048 -0.6946 -119.3356 16.4021 29.3732 26.0946 -15.1795 10.9089 16.4626 -59.5571 1.4394 2.0443 9.6799 16.4357 14.3963 59.8992 -12.6505 -17.8256 -1.1755 -0.0016 116.0031 -22.4704 39.9445 -70.1686 16.1065 7.3090 -15.9752 50.3468 -3.4982 -5.2695 11.0009 -19.0939 2.9630 -0.3831 26.9606 -0.7874 -11.4303 -11.9652 -10.3599 1.6967 -1.1739 -2.0837 -10.3076 -17.8236 -20.0098 0.3779 23.0110 0.7739 11.6157 -10.3983 12.5327 -1.4512 -1.1523 0.9053
-1.8940 97.1043 2.2610 -0.6676 3.6710 -0.8127 -1.2724 5.9923 0.1259 -1.0269 -2.7048 1.4867 -3.3466 16.1891 -1.2417 -3.7332 29.0653 4.2031 -0.7777 -3.8422 -3.7483 5.6463 -10.4862 -7.7087 -0.1439 -0.0762 0.1417 0.5146 -10.6067 -3.7071 -0.8170 -10.6345 4.0489 -8.4404 12.9987 -4.8486 -52.1746 8.3169 4.4032 1.4221 -0.7631 -118.9532 16.4201 28.9812 25.9838 -15.1808 10.8805 16.4483 -59.6256 1.4419 1.9595 9.5727 16.3722 14.2892 60.1061 -12.4623 -18.0714 -1.1209 -0.0317 116.5371 -21.7993 40.0581 -70.3899 16.1410 7.2400 -15.9661 50.3342 -3.5114 -5.2384 10.9073 -18.9118 3.1193 -0.3725 26.4576 -0.7764 -11.4847 -11.7542 -10.5787 1.6918 -1.1357 -2.0798 -10.3291 -17.4409 -20.2113 0.3784 22.3928 0.7676 11.5426 -10.2972 12.3985 -1.4515 -1.1133 0.9073
-1.8860 97.1720 2.2831 -0.6476 3.7563 -0.6012 -1.3175 5.7524 0.1576 -1.0392 -2.7923 1.5365 -3.4997 16.1322 -1.1817 -3.7404 29.3351 4.2289 -0.8385 -3.8442 -3.9219 5.9720 -9.9980 -7.9465 -0.1485 -0.0786 0.1460 0.5213 -10.6083 -3.7079 -0.8336 -10.6452 4.0603 -8.8644 13.1914 -4.5764 -52.4899 7.7977 4.4921 1.3276 -0.7806 -118.2844 16.3023 28.8916 25.9764 -15.1954 10.8133 16.4170 -59.5728 1.4598 1.8900 9.5380 16.3495 14.1969 60.5071 -11.9978 -18.0182 -0.9664 0.0531 117.2787 -20.1827 40.3882 -70.1251 16.1950 7.1645 -15.9526 50.3592 -3.5571 -5.2258 10.8422 -18.8441 3.3033 -0.3632 26.0196 -0.7675 -11.5201 -11.4623 -10.8274 1.6853 -1.0914 -2.0681 -10.3023 -17.0875 -20.2346 0.3799 21.7488 0.7528 11.4988 -10.1572 12.1368 -1.4511 -1.1022 0.9120
-1.9088 97.2146 2.3062 -0.6595 3.8398 -0.4008 -1.3311 5.5288 0.1797 -1.0457 -2.8548 1.5868 -3.6058 16.0947 -1.1188 -3.8145 29.5305 4.2401 -0.9110 -3.8490 -3.9976 6.2925 -9.6327 -8.0938 -0.1613 -0.0826 0.1604 0.5194 -10.5956 -3.6962 -0.8572 -10.6387 4.0810 -9.3231 13.4288 -4.2719 -52.9807 7.3246 4.5470 1.1811 -0.7177 -117.6539 16.2272 28.9013 25.9802 -15.2183 10.7507 16.3843 -59.4695 1.4972 1.8668 9.5195 16.3561 14.1175 61.0020 -11.3946 -17.7859 -0.7570 0.1788 118.1494 -18.2993 40.8966 -69.8029 16.2190 7.0984 -15.9369 50.3688 -3.6205 -5.2072 10.8233 -18.8427 3.3954 -0.3556 25.7153 -0.7600 -11.5270 -11.1784 -11.0755 1.6772 -1.0394 -2.0556 -10.2580 -16.7166 -20.1578 0.3828 21.0882 0.7523 11.5060 -9.9979 11.8065 -1.4497 -1.1008 0.9251
-1.9055 97.2703 2.3284 -0.6998 3.8920 -0.2110 -1.3188 5.3518 0.2269 -1.0371 -2.9247 1.6112 -3.6595 16.0852 -1.0262 -3.9379 29.6527 4.2311 -0.9373 -3.8434 -3.9502 6.5942 -9.4761 -8.1981 -0.1724 -0.0854 0.1766 0.5161 -10.5808 -3.6785 -0.8775 -10.6264 4.1006 -9.7051 13.6002 -3.9878 -53.4513 7.0639 4.7102 1.0451 -0.6894 -117.3568 16.2889 28.9730 26.0062 -15.2226 10.7151 16.3732 -59.3572 1.5279 1.8709 9.5592 16.3916 14.0693 61.3590 -10.7711 -17.4857 -0.6015 0.3229 118.9392 -16.6394 41.2048 -69.4903 16.2545 7.0891 -15.9570 50.4367 -3.6629 -5.2021 10.8479 -18.8219 3.4052 -0.3399 25.4596 -0.7413 -11.5317 -10.9310 -11.2466 1.6690 -0.9909 -2.0494 -10.1940 -16.3364 -20.0465 0.3743 20.4599 0.7369 11.5188 -9.8310 11.4750 -1.4466 -1.0410 0.9497
-1.9149 97.3129 2.3317 -0.7428 3.9371 -0.0332 -1.2914 5.1960 0.2557 -1.0359 -3.0013 1.6635 -3.6684 16.1141 -0.9208 -4.0891 29.7291 4.2378 -0.8865 -3.8405 -3.9092 6.8335 -9.4259 -8.2013 -0.1876 -0.0860 0.2001 0.5027 -10.5663 -3.6509 -0.8950 -10.6131 4.1253 -9.9865 13.7518 -3.7211 -53.8635 6.9469 4.9528 1.0008 -0.6495 -117.4755 16.3324 28.9668 26.0433 -15.2192 10.6804 16.3637 -59.2803 1.5128 1.8894 9.6629 16.5155 14.0550 61.5713 -10.2858 -17.1886 -0.5168 0.4576 119.5688 -15.4840 41.4548 -69.3775 16.2612 7.0970 -15.9755 50.4903 -3.6769 -5.2148 10.8848 -18.8111 3.3550 -0.3286 25.2490 -0.7330 -11.5282 -10.7655 -11.3357 1.6626 -0.9434 -2.0566 -10.1367 -16.0244 -19.9457 0.3669 19.9379 0.7191 11.5130 -9.6635 11.2015 -1.4427 -0.9544 0.9696
-1.9255 97.3545 2.3149 -0.7789 3.9797 0.1004 -1.2630 5.0546 0.2559 -1.0485 -3.0568 1.7493 -3.6536 16.1321 -0.8255 -4.2456 29.7898 4.2707 -0.7780 -3.8465 -3.8727 7.0635 -9.3939 -8.1456 -0.1993 -0.0846 0.2155 0.4921 -10.5474 -3.6271 -0.9069 -10.5931 4.1354 -10.1993 13.8302 -3.4440 -54.1174 6.9902 5.3089 1.0252 -0.6485 -117.8959 16.3780 29.0979 26.1280 -15.2210 10.6587 16.3721 -59.2387 1.4838 1.9035 9.8161 16.6756 14.0712 61.6293 -9.9467 -16.9322 -0.4538 0.5478 119.9535 -14.6014 41.6549 -69.2942 16.2082 7.1298 -16.0042 50.5059 -3.6655 -5.2310 10.9041 -18.7873 3.2981 -0.3181 25.0135 -0.7247 -11.5213 -10.6106 -11.3432 1.6607 -0.9158 -2.0629 -10.0819 -15.7391 -19.8543 0.3627 19.4027 0.7181 11.5080 -9.4652 10.9239 -1.4382 -0.8194 0.9819
-1.9596 97.4241 2.3154 -0.7893 4.0301 0.1627 -1.2462 4.9543 0.2735 -1.0713 -3.1306 1.8030 -3.6548 16.1281 -0.7003 -4.3741 29.8362 4.2660 -0.6791 -3.8456 -3.7793 7.2878 -9.3028 -8.0449 -0.2059 -0.0836 0.2219 0.4841 -10.5435 -3.6171 -0.9128 -10.5851 4.1414 -10.3373 13.8997 -3.2340 -54.2238 7.0691 5.9167 1.0098 -0.6746 -118.5461 16.3995 29.2969 26.2658 -15.1889 10.6667 16.3878 -59.2234 1.4484 1.9244 9.9653 16.8390 14.1035 61.5738 -9.6868 -16.7042 -0.4154 0.6142 120.0687 -13.7849 41.8039 -69.1646 16.1180 7.1770 -16.0249 50.4913 -3.6378 -5.2425 10.9009 -18.7082 3.2287 -0.3158 24.6897 -0.7328 -11.5021 -10.4457 -11.2741 1.6609 -0.9078 -2.0726 -10.0305 -15.4514 -19.7295 0.3392 18.7949 0.6898 11.5330 -9.1832 10.6599 -1.4367 -0.7173 0.9905
-1.9918 97.5241 2.2679 -0.7830 4.1173 0.1936 -1.2520 4.8498 0.2533 -1.1068 -3.1837 1.8905 -3.6780 16.0546 -0.6136 -4.4720 29.8833 4.2305 -0.5960 -3.8313 -3.6250 7.5101 -9.1235 -7.9070 -0.2111 -0.0842 0.2191 0.4746 -10.5483 -3.6204 -0.9122 -10.5892 4.1404 -10.4165 13.9144 -3.0465 -54.1710 7.1755 6.6448 0.9699 -0.7241 -119.2740 16.4458 29.5334 26.3183 -15.2285 10.6751 16.3817 -59.2603 1.4306 1.9339 10.0721 16.9268 14.1255 61.4751 -9.4502 -16.5332 -0.3924 0.7001 120.0307 -12.9791 42.0965 -68.9985 16.0583 7.2056 -16.0128 50.4869 -3.6016 -5.2523 10.8807 -18.5615 3.1748 -0.3164 24.1553 -0.7385 -11.5008 -10.1811 -11.2019 1.6649 -0.9390 -2.0607 -9.9577 -15.1509 -19.6290 0.3157 18.0232 0.6687 11.5865 -8.7978 10.4028 -1.4363 -0.6438 0.9834
-2.0622 97.6543 2.2318 -0.7639 4.2376 0.1785 -1.2772 4.7678 0.2437 -1.1389 -3.2263 1.9360 -3.7461 15.9232 -0.5588 -4.5485 29.9441 4.1726 -0.5525 -3.8279 -3.4024 7.7312 -8.9101 -7.7653 -0.2116 -0.0843 0.2113 0.4706 -10.5750 -3.6355 -0.9086 -10.6168 4.1405 -10.4410 13.9242 -2.9284 -54.0703 7.2052 7.4197 0.8914 -0.7612 -120.0304 16.5172 29.6906 26.2311 -15.2981 10.6834 16.3646 -59.3041 1.4284 1.9292 10.0831 16.9513 14.1500 61.3651 -9.2170 -16.3337 -0.3789 0.7792 119.9646 -12.3545 42.6462 -68.9286 16.0185 7.2371 -15.9899 50.5004 -3.5613 -5.2586 10.8383 -18.3822 3.1671 -0.3246 23.4703 -0.7401 -11.5364 -9.8375 -11.1214 1.6680 -1.0059 -2.0429 -9.8713 -14.8762 -19.5346 0.2900 17.1837 0.6450 11.7091 -8.3734 10.1657 -1.4373 -0.5887 0.9769
-2.1182 97.7965 2.1401 -0.7475 4.3840 0.1833 -1.2988 4.6600 0.2311 -1.1511 -3.2427 1.9527 -3.8481 15.7945 -0.5584 -4.6646 29.9338 4.1331 -0.5009 -3.8347 -3.1900 7.9359 -8.7745 -7.6663 -0.2120 -0.0856 0.2084 0.4659 -10.5951 -3.6434 -0.9036 -10.6380 4.1418 -10.4862 13.8753 -2.8601 -53.9019 7.1264 8.0741 0.7856 -0.7878 -120.7161 16.4695 29.6517 25.8757 -15.3574 10.7078 16.3545 -59.3562 1.4511 1.9284 10.0184 16.9254 14.1643 61.2653 -8.9766 -16.1105 -0.3850 0.8396 119.9960 -11.7903 43.2201 -68.7423 16.0477 7.2513 -15.9816 50.5155 -3.5314 -5.2526 10.8115 -18.2192 3.1645 -0.3356 22.7312 -0.7484 -11.6635 -9.4701 -11.0787 1.6742 -1.0582 -2.0195 -9.7688 -14.6248 -19.5035 0.2687 16.3173 0.6181 11.8592 -7.9486 9.9540 -1.4413 -0.5620 0.9616
-2.1372 97.9258 2.0428 -0.7367 4.5692 0.1828 -1.2980 4.5349 0.2448 -1.1401 -3.2552 1.9223 -3.9575 15.6979 -0.5861 -4.8352 29.8534 4.1352 -0.4379 -3.8428 -3.0445 8.1058 -8.8467 -7.6360 -0.2076 -0.0880 0.2099 0.4664 -10.6116 -3.6427 -0.8949 -10.6514 4.1416 -10.6050 13.8075 -2.8747 -53.7083 6.9144 8.4627 0.7145 -0.7620 -121.2629 16.2026 29.4308 25.2288 -15.3707 10.7280 16.3379 -59.3957 1.4894 1.9569 9.9271 16.8674 14.1395 61.0989 -8.7777 -15.8677 -0.4191 0.8303 120.1450 -11.1003 43.4729 -68.1900 16.0975 7.2445 -15.9847 50.5521 -3.5241 -5.2733 10.7922 -18.1755 3.2351 -0.3413 22.1020 -0.7556 -11.8217 -9.1390 -11.1711 1.6786 -1.0893 -2.0004 -9.6361 -14.4937 -19.5317 0.2518 15.6101 0.5938 11.9801 -7.6335 9.8137 -1.4463 -0.5759 0.9449
-2.1493 98.0136 1.9011 -0.7581 4.7489 0.2106 -1.2683 4.4147 0.2710 -1.1092 -3.2838 1.8559 -4.0297 15.6627 -0.6280 -5.0461 29.7157 4.2010 -0.3728 -3.8531 -2.9800 8.2023 -9.0909 -7.6551 -0.1991 -0.0857 0.2122 0.4754 -10.6126 -3.6379 -0.8869 -10.6476 4.1381 -10.8240 13.7348 -2.9162 -53.4416 6.5903 8.6443 0.6886 -0.6766 -121.6319 15.6539 29.0624 24.3522 -15.2670 10.7854 16.3488 -59.4369 1.5469 1.9838 9.9080 16.8509 14.0692 60.8265 -8.7764 -15.7318 -0.4615 0.7695 120.2916 -10.3192 43.4143 -67.3585 16.1209 7.2438 -16.0293 50.6415 -3.5287 -5.3015 10.7924 -18.2984 3.3875 -0.3340 21.7423 -0.7525 -11.9360 -8.9076 -11.3911 1.6800 -1.0818 -1.9909 -9.4761 -14.4829 -19.6323 0.2418 15.1782 0.5712 12.0907 -7.4646 9.7288 -1.4525 -0.6486 0.9309
-2.1532 98.0238 1.7857 -0.7979 4.8844 0.2496 -1.2210 4.3042 0.3016 -1.0809 -3.3199 1.8090 -4.0441 15.6806 -0.6696 -5.2560 29.6325 4.3105 -0.3090 -3.8653 -2.9807 8.2308 -9.4088 -7.6817 -0.1877 -0.0799 0.2153 0.4897 -10.5908 -3.6266 -0.8786 -10.6225 4.1282 -11.1211 13.6997 -2.9437 -53.0346 6.2184 8.7153 0.7864 -0.4939 -121.8599 14.8424 28.5572 23.5016 -15.0823 10.8372 16.3723 -59.5322 1.5941 2.0184 9.9958 16.9045 13.9867 60.4814 -9.0124 -15.8140 -0.5358 0.6867 120.3452 -9.7624 43.3643 -66.7843 16.1280 7.2439 -16.0613 50.7425 -3.5427 -5.2615 10.8232 -18.5639 3.6378 -0.3223 21.6870 -0.7425 -11.9829 -8.7953 -11.7408 1.6785 -1.0221 -1.9952 -9.3201 -14.6012 -19.7701 0.2425 15.1007 0.5572 12.1685 -7.4369 9.6907 -1.4564 -0.7158 0.9249
-2.1848 97.9768 1.6823 -0.8127 4.9242 0.3324 -1.1736 4.2150 0.3368 -1.0615 -3.3600 1.7847 -4.0282 15.7577 -0.6765 -5.3499 29.6920 4.4382 -0.2938 -3.8755 -3.0259 8.1925 -9.6292 -7.6641 -0.1765 -0.0711 0.2117 0.5067 -10.5654 -3.6217 -0.8738 -10.5961 4.1129 -11.3819 13.6919 -2.9248 -52.4562 5.7333 9.0133 0.9242 -0.3057 -122.0275 14.0757 28.1569 22.9256 -14.9603 10.8608 16.3429 -59.7187 1.6229 1.9910 10.1695 17.0311 13.8868 60.1934 -9.4564 -16.2468 -0.5878 0.5490 120.2650 -9.8797 43.4453 -66.9560 16.0870 7.2530 -16.0939 50.7998 -3.5542 -5.2419 10.8621 -18.8198 3.8604 -0.3017 21.8189 -0.7106 -11.9636 -8.7623 -12.1716 1.6731 -0.9463 -2.0069 -9.2379 -14.7795 -19.9270 0.2564 15.3365 0.5671 12.2134 -7.4884 9.7170 -1.4539 -0.7240 0.9209
-2.2415 97.8978 1.6360 -0.7776 4.8578 0.4803 -1.1461 4.1511 0.3548 -1.0660 -3.3923 1.8250 -3.9860 15.8311 -0.6722 -5.2637 29.9001 4.5707 -0.3751 -3.8875 -3.0891 8.1623 -9.6291 -7.6130 -0.1735 -0.0704 0.2056 0.5143 -10.5570 -3.6242 -0.8763 -10.5887 4.1037 -11.5115 13.6837 -2.8363 -51.7450 5.0338 9.8070 0.9846 -0.2915 -122.1174 13.6463 28.0446 22.8126 -14.9664 10.8292 16.3071 -59.8470 1.5938 1.9530 10.3745 17.1525 13.7718 60.0120 -9.9544 -16.9397 -0.6837 0.4334 119.9825 -10.5277 43.4323 -67.7272 16.0091 7.2525 -16.1125 50.7374 -3.6021 -5.2116 10.8824 -18.9325 4.0260 -0.2929 21.9327 -0.6802 -11.9440 -8.7071 -12.5853 1.6686 -0.8932 -2.0225 -9.2566 -14.9093 -20.0534 0.2750 15.7126 0.5864 12.2063 -7.5399 9.7273 -1.4453 -0.6773 0.9241
-2.3435 97.8427 1.6672 -0.7109 4.7396 0.6988 -1.1191 4.0795 0.3750 -1.0716 -3.4439 1.8644 -3.9286 15.8638 -0.6582 -5.0871 30.2605 4.6799 -0.4723 -3.8979 -3.1417 8.1504 -9.4413 -7.4875 -0.1767 -0.0729 0.1988 0.5157 -10.5678 -3.6330 -0.8850 -10.6011 4.1018 -11.5521 13.6914 -2.6966 -51.0127 4.1924 11.0290 0.9941 -0.3211 -122.2364 13.6073 28.1441 23.2348 -15.1043 10.7421 16.2627 -59.9318 1.5394 1.8831 10.5867 17.2110 13.6608 59.9010 -10.3462 -17.8971 -0.7152 0.3689 119.6769 -11.3851 43.2545 -68.6624 15.8544 7.2532 -16.1143 50.5132 -3.6502 -5.1905 10.8885 -18.8968 4.0650 -0.2954 21.9418 -0.6540 -11.9186 -8.6187 -12.9214 1.6681 -0.8668 -2.0306 -9.3247 -14.9281 -20.1432 0.2868 16.0268 0.5976 12.1458 -7.5534 9.7243 -1.4346 -0.6018 0.9432
-2.4178 97.8130 1.7110 -0.6430 4.6074 0.9225 -1.0784 4.0014 0.3660 -1.0713 -3.4748 1.8973 -3.8557 15.7678 -0.6378 -4.9245 30.6309 4.7229 -0.5060 -3.9002 -3.1377 8.1766 -9.2265 -7.3402 -0.1905 -0.0737 0.2003 0.4995 -10.5843 -3.6361 -0.8965 -10.6186 4.1137 -11.5195 13.6616 -2.5585 -50.4502 3.4205 12.3675 0.9627 -0.3566 -122.3344 13.7545 28.3116 23.8573 -15.3040 10.6524 16.2374 -59.8956 1.4870 1.8640 10.7400 17.1524 13.5410 59.8257 -10.4327 -18.8512 -0.7517 0.3933 119.4815 -12.0378 43.0737 -69.3066 15.6859 7.2516 -16.0626 50.2835 -3.6997 -5.1920 10.8987 -18.7195 3.9648 -0.2930 21.8121 -0.6415 -11.9253 -8.5479 -13.0995 1.6714 -0.8836 -2.0156 -9.4164 -14.8369 -20.2121 0.2934 16.2016 0.6017 12.0622 -7.5378 9.6524 -1.4285 -0.4643 0.9631
-2.4869 97.8336 1.7515 -0.5618 4.4818 1.1414 -1.0313 3.9304 0.3384 -1.0580 -3.5114 1.8984 -3.7772 15.5890 -0.6107 -4.8234 30.9287 4.6621 -0.4869 -3.8888 -2.9849 8.2240 -9.0972 -7.1884 -0.1996 -0.0788 0.2074 0.4867 -10.6119 -3.6339 -0.9018 -10.6446 4.1295 -11.4051 13.6118 -2.4623 -50.1901 3.0104 13.2849 1.0110 -0.3934 -122.4988 13.7557 28.4342 24.2335 -15.4065 10.6138 16.2594 -59.8456 1.4621 1.8978 10.8267 17.0229 13.4173 59.8203 -10.2089 -19.6887 -0.8069 0.3902 119.5482 -12.6381 42.8374 -69.7723 15.6075 7.2751 -16.0044 50.1918 -3.7008 -5.2213 10.8691 -18.4454 3.7620 -0.2970 21.5597 -0.6567 -11.9295 -8.4603 -13.1408 1.6744 -0.9041 -1.9946 -9.5185 -14.6631 -20.2086 0.2811 16.2561 0.5870 11.9807 -7.5281 9.5303 -1.4256 -0.3166 0.9703
-2.5210 97.8872 1.7965 -0.4527 4.3831 1.3608 -1.0044 3.8068 0.3101 -1.0312 -3.5402 1.9047 -3.6947 15.3710 -0.6067 -4.7772 31.1250 4.5508 -0.3961 -3.8749 -2.7247 8.2665 -9.0501 -7.0564 -0.2006 -0.0855 0.2136 0.4856 -10.6330 -3.6346 -0.9018 -10.6659 4.1436 -11.3079 13.5674 -2.3856 -50.1607 2.9932 13.5720 1.1040 -0.4714 -122.6985 13.5268 28.5526 24.1920 -15.4409 10.6218 16.3177 -59.8080 1.4543 1.9884 10.9311 16.8880 13.2653 59.8778 -9.8247 -20.2936 -0.8969 0.3981 119.8040 -13.2895 42.6573 -70.2711 15.6266 7.3084 -15.9494 50.2129 -3.6663 -5.2138 10.7936 -18.0824 3.4847 -0.3023 21.1649 -0.6842 -11.9229 -8.3259 -13.0629 1.6761 -0.9454 -1.9630 -9.6740 -14.4353 -20.1227 0.2653 16.1652 0.5742 11.9090 -7.4689 9.3304 -1.4287 -0.1887 0.9703
-2.5171 97.9630 1.8552 -0.3125 4.3017 1.5777 -0.9817 3.6412 0.2955 -1.0086 -3.5766 1.9003 -3.5934 15.1425 -0.5968 -4.6937 31.2304 4.4693 -0.2894 -3.8674 -2.4441 8.2926 -9.0664 -6.9412 -0.1931 -0.0882 0.2158 0.4905 -10.6493 -3.6396 -0.8913 -10.6802 4.1510 -11.2388 13.5150 -2.3001 -50.4176 3.2815 13.2466 1.1048 -0.5853 -122.8432 13.1579 28.7990 23.7806 -15.4330 10.6713 16.3769 -59.8455 1.4707 2.0860 11.0777 16.7676 13.1168 59.9286 -9.3787 -20.7065 -0.9281 0.3693 120.1585 -13.8963 42.5993 -70.7310 15.7061 7.2995 -15.8924 50.2339 -3.6333 -5.1918 10.6433 -17.6719 3.1600 -0.3074 20.6981 -0.7287 -11.8622 -8.1592 -12.8753 1.6783 -1.0039 -1.9443 -9.8792 -14.1737 -19.9592 0.2468 15.9875 0.5404 11.8412 -7.3866 9.1216 -1.4357 -0.1255 0.9664
-2.4870 98.0495 1.9933 -0.1529 4.2460 1.7779 -0.9519 3.4613 0.2991 -0.9839 -3.6312 1.9006 -3.4621 14.9370 -0.5606 -4.5916 31.2420 4.4437 -0.2008 -3.8572 -2.2431 8.2836 -9.0743 -6.8675 -0.1860 -0.0866 0.2188 0.4987 -10.6551 -3.6442 -0.8848 -10.6885 4.1590 -11.2028 13.5255 -2.2219 -51.0341 3.7772 12.3462 1.0065 -0.6466 -122.9042 12.8390 29.1202 23.2981 -15.3738 10.7420 16.4421 -59.8962 1.5031 2.1689 11.2635 16.7244 12.9935 59.9583 -8.9289 -20.8687 -0.9878 0.3271 120.5398 -14.2747 42.6130 -70.8979 15.7839 7.3020 -15.8638 50.3108 -3.6062 -5.1543 10.4339 -17.3095 2.8453 -0.3048 20.2912 -0.7572 -11.7353 -8.0037 -12.7274 1.6801 -1.0863 -1.9353 -10.1199 -13.9430 -19.7926 0.2353 15.7936 0.5001 11.8288 -7.2761 8.9480 -1.4437 -0.1593 0.9569
-2.4142 98.0985 2.1013 0.0088 4.1819 1.9380 -0.9050 3.2986 0.2976 -0.9518 -3.6848 1.9227 -3.3089 14.7478 -0.4990 -4.4397 31.1777 4.4421 -0.1865 -3.8533 -2.1127 8.2372 -9.0306 -6.8232 -0.1872 -0.0829 0.2292 0.4997 -10.6511 -3.6367 -0.8872 -10.6864 4.1713 -11.2341 13.5931 -2.0913 -51.9163 4.3537 11.0820 0.7761 -0.6422 -122.8176 12.5425 29.5339 22.8536 -15.3222 10.7770 16.4546 -59.8832 1.5350 2.2194 11.4671 16.7079 12.9190 59.9547 -8.5570 -20.9259 -1.0284 0.3284 120.8278 -14.2556 42.5057 -70.5392 15.8231 7.2946 -15.8575 50.3786 -3.6215 -5.1327 10.2046 -16.9698 2.5699 -0.3008 19.9296 -0.7683 -11.5972 -7.9034 -12.6667 1.6802 -1.1212 -1.9305 -10.3941 -13.7514 -19.6986 0.2279 15.6297 0.4719 11.9231 -7.2008 8.8265 -1.4485 -0.1954 0.9466
-2.3197 98.1216 2.2197 0.1730 4.1389 2.0554 -0.8490 3.1770 0.3179 -0.9065 -3.7406 1.9497 -3.1302 14.5649 -0.4353 -4.2813 31.0116 4.4508 -0.2260 -3.8608 -2.0588 8.1753 -8.9107 -6.8121 -0.1910 -0.0803 0.2448 0.5005 -10.6353 -3.6204 -0.8960 -10.6790 4.1877 -11.3552 13.7373 -1.9200 -52.9432 4.9773 9.6513 0.5556 -0.5481 -122.6550 12.2206 29.8392 22.4187 -15.2755 10.7994 16.4471 -59.8629 1.5575 2.2170 11.6901 16.7044 12.8894 59.8441 -8.2921 -20.8817 -1.0648 0.3574 121.0127 -14.0221 42.3129 -69.8659 15.7896 7.3145 -15.8722 50.4456 -3.6263 -5.0932 9.9547 -16.7215 2.3530 -0.2950 19.6786 -0.7689 -11.4653 -7.8675 -12.6326 1.6775 -1.1308 -1.9457 -10.6765 -13.6650 -19.7299 0.2311 15.5598 0.4678 12.0932 -7.1781 8.7948 -1.4529 -0.2419 0.9498
-2.1991 98.1183 2.3377 0.3523 4.0903 2.1346 -0.7809 3.0963 0.3458 -0.8550 -3.7787 1.9754 -2.9340 14.3964 -0.3703 -4.1217 30.7399 4.4518 -0.2763 -3.8609 -2.0957 8.0991 -8.8025 -6.8229 -0.1921 -0.0745 0.2557 0.5009 -10.6105 -3.6085 -0.8991 -10.6607 4.1989 -11.5474 13.8707 -1.7079 -53.9903 5.6413 8.1606 0.3996 -0.4095 -122.3697 11.8923 30.0945 22.0377 -15.2317 10.8114 16.4439 -59.8395 1.5723 2.2097 11.9128 16.6634 12.9234 59.6430 -8.1444 -20.7892 -1.1026 0.4323 121.1153 -13.7708 42.1567 -69.2440 15.7662 7.3485 -15.8792 50.5253 -3.6337 -5.0467 9.6720 -16.5211 2.1752 -0.2779 19.5139 -0.7553 -11.3443 -7.8790 -12.5848 1.6732 -1.1420 -1.9823 -11.0115 -13.6712 -19.7915 0.2383 15.5809 0.4793 12.3331 -7.1885 8.8214 -1.4564 -0.2672 0.9502
-2.0483 98.0989 2.3819 0.5540 4.0681 2.1653 -0.6940 3.0420 0.3849 -0.8060 -3.8153 1.9822 -2.7396 14.2817 -0.3210 -3.9753 30.4596 4.4511 -0.3010 -3.8537 -2.1941 7.9899 -8.7259 -6.8357 -0.1884 -0.0679 0.2559 0.5083 -10.5938 -3.6047 -0.9002 -10.6463 4.1963 -11.7828 13.9934 -1.4957 -54.9450 6.2603 6.7843 0.3700 -0.3590 -122.0525 11.6999 30.4521 21.8456 -15.1762 10.8351 16.4307 -59.8522 1.5957 2.1671 12.0810 16.6086 13.0073 59.3467 -8.1739 -20.7161 -1.0912 0.4207 121.1623 -13.8752 42.1126 -68.9639 15.7236 7.4018 -15.9131 50.6082 -3.6158 -5.0357 9.3414 -16.3988 2.0690 -0.2583 19.4409 -0.7383 -11.2126 -7.9593 -12.5581 1.6677 -1.1584 -2.0369 -11.3708 -13.7656 -19.8312 0.2445 15.6493 0.4966 12.5934 -7.2561 8.8655 -1.4546 -0.2713 0.9440
-1.8469 98.0771 2.4034 0.7774 4.0695 2.1792 -0.6054 2.9988 0.4047 -0.7510 -3.8416 1.9871 -2.5592 14.2155 -0.2796 -3.8392 30.2135 4.4481 -0.3201 -3.8394 -2.3451 7.8959 -8.6742 -6.8614 -0.1850 -0.0641 0.2540 0.5113 -10.5822 -3.6033 -0.8954 -10.6312 4.1890 -12.0199 14.0534 -1.3298 -55.6940 6.7643 5.7025 0.4114 -0.3495 -121.7185 11.7018 30.8991 21.9050 -15.1444 10.8169 16.4069 -59.8529 1.6037 2.1304 12.1718 16.5270 13.1069 59.0833 -8.3809 -20.7266 -1.0404 0.3988 121.1364 -14.3343 42.3438 -69.1374 15.6567 7.4255 -15.9374 50.5730 -3.6075 -5.0214 8.9561 -16.3461 2.0198 -0.2374 19.4207 -0.7150 -11.0825 -8.0136 -12.5408 1.6650 -1.1949 -2.0787 -11.7480 -13.9020 -19.8008 0.2472 15.6991 0.5082 12.8336 -7.3166 8.8587 -1.4508 -0.3145 0.9320
-1.6727 98.0592 2.3858 1.0089 4.0946 2.1804 -0.5254 2.9880 0.4386 -0.6915 -3.8407 1.9750 -2.3686 14.1807 -0.2374 -3.7256 29.9927 4.4045 -0.3513 -3.8315 -2.5007 7.8190 -8.6558 -6.9382 -0.1818 -0.0656 0.2535 0.5139 -10.5773 -3.6029 -0.8914 -10.6225 4.1868 -12.1938 14.0379 -1.2469 -56.2175 7.1899 4.9360 0.5160 -0.4128 -121.4285 11.8026 31.4446 22.1537 -15.1323 10.7668 16.3928 -59.7507 1.5906 2.1506 12.1965 16.4279 13.2063 58.8820 -8.7734 -20.8274 -0.9511 0.4068 121.0516 -14.8995 42.6532 -69.5204 15.5850 7.4201 -15.9640 50.5003 -3.6041 -5.0396 8.5538 -16.3505 2.0250 -0.2297 19.4144 -0.6989 -10.9541 -8.0138 -12.5259 1.6654 -1.2354 -2.1029 -12.1348 -14.0830 -19.6980 0.2512 15.7493 0.5350 13.0356 -7.3486 8.7994 -1.4475 -0.3470 0.9264
-1.4718 98.0303 2.3708 1.2241 4.1448 2.1518 -0.4548 3.0099 0.4623 -0.6422 -3.8244 1.9784 -2.1434 14.1825 -0.1956 -3.5965 29.7914 4.3376 -0.3761 -3.8255 -2.7084 7.7257 -8.6091 -7.0453 -0.1769 -0.0689 0.2481 0.5211 -10.5821 -3.6075 -0.8878 -10.6207 4.1777 -12.2768 13.9641 -1.2435 -56.5306 7.5034 4.4468 0.6198 -0.4809 -121.1981 11.9447 31.9108 22.5875 -15.1619 10.7200 16.3767 -59.6165 1.5727 2.2044 12.1794 16.3404 13.2869 58.7525 -9.2742 -20.9986 -0.8438 0.4502 121.0300 -15.3799 42.9116 -69.9059 15.5299 7.3937 -15.9998 50.3840 -3.6229 -5.0982 8.1600 -16.4156 2.0318 -0.2185 19.4526 -0.6704 -10.8204 -8.0075 -12.5067 1.6648 -1.2041 -2.1097 -12.4943 -14.3059 -19.5545 0.2583 15.8122 0.5482 13.2151 -7.3661 8.7264 -1.4451 -0.3721 0.9202
-1.2728 98.0096 2.3538 1.4024 4.2129 2.1063 -0.3915 3.0840 0.4666 -0.6032 -3.7768 1.9980 -1.8817 14.1901 -0.1434 -3.4228 29.5902 4.2131 -0.4277 -3.8238 -2.9090 7.5964 -8.5404 -7.1510 -0.1777 -0.0734 0.2495 0.5178 -10.5898 -3.6068 -0.8856 -10.6238 4.1788 -12.2617 13.8762 -1.3012 -56.7056 7.7197 4.1748 0.6577 -0.5110 -121.0031 12.1478 32.2024 23.1378 -15.1840 10.6764 16.3772 -59.4450 1.5582 2.2585 12.1604 16.2153 13.3821 58.6753 -9.7729 -21.1802 -0.7491 0.5184 121.0741 -15.8758 43.1452 -70.3205 15.5050 7.3374 -16.0016 50.2942 -3.6351 -5.1708 7.8201 -16.5211 2.0657 -0.2180 19.4755 -0.6448 -10.7213 -7.9666 -12.4593 1.6676 -1.1658 -2.1103 -12.7894 -14.5505 -19.3854 0.2698 15.8708 0.5661 13.3680 -7.3558 8.6480 -1.4440 -0.4060 0.9117
-1.1120 98.0149 2.2877 1.5269 4.2874 2.0234 -0.3363 3.2312 0.4740 -0.5639 -3.7185 1.9732 -1.6003 14.2472 -0.0742 -3.1979 29.3667 4.0342 -0.4787 -3.8261 -3.1027 7.4127 -8.4612 -7.2024 -0.1770 -0.0790 0.2449 0.5151 -10.6090 -3.6125 -0.8809 -10.6391 4.1743 -12.1205 13.7550 -1.4488 -56.8175 7.9180 4.0561 0.6477 -0.4805 -120.8914 12.3785 32.4409 23.8067 -15.1865 10.6631 16.3644 -59.2973 1.5402 2.2790 12.1733 16.0969 13.5200 58.6873 -10.3261 -21.3676 -0.5924 0.5758 121.1870 -16.5211 43.3891 -70.9030 15.5326 7.2893 -15.9746 50.2776 -3.6124 -5.2131 7.5309 -16.6581 2.1249 -0.2274 19.5157 -0.6383 -10.6276 -7.9297 -12.3824 1.6710 -1.1289 -2.0996 -12.9991 -14.7813 -19.2092 0.2795 15.8839 0.5780 13.4769 -7.2907 8.5835 -1.4425 -0.4553 0.9069
-0.9416 98.0245 2.2036 1.5943 4.3742 1.9140 -0.2997 3.4260 0.4562 -0.5363 -3.6432 1.9436 -1.3189 14.3386 -0.0278 -2.9179 29.1261 3.8587 -0.5250 -3.8244 -3.2695 7.2296 -8.4115 -7.2350 -0.1672 -0.0820 0.2270 0.5194 -10.6316 -3.6347 -0.8648 -10.6589 4.1568 -11.8175 13.6311 -1.6612 -56.9532 8.1750 3.9051 0.6804 -0.4575 -120.7876 12.5920 32.6893 24.4259 -15.1444 10.6730 16.3564 -59.1693 1.5208 2.2771 12.2509 15.9819 13.6731 58.7206 -10.8264 -21.4352 -0.4886 0.6199 121.3213 -17.2982 43.5623 -71.5374 15.6069 7.2841 -15.9704 50.3557 -3.5877 -5.2311 7.3253 -16.8226 2.1709 -0.2391 19.5576 -0.6527 -10.5355 -7.8498 -12.2737 1.6723 -1.1208 -2.0922 -13.1231 -14.9941 -19.0495 0.2799 15.8388 0.5845 13.5529 -7.1507 8.5093 -1.4406 -0.4991 0.9035
-0.7796 98.0533 2.0592 1.6076 4.5020 1.7598 -0.2915 3.6477 0.4293 -0.5120 -3.5353 1.9130 -1.0331 14.4425 -0.0076 -2.6349 28.8831 3.6740 -0.5344 -3.8190 -3.4057 7.0421 -8.4153 -7.2628 -0.1534 -0.0821 0.2060 0.5286 -10.6474 -3.6630 -0.8450 -10.6727 4.1366 -11.3504 13.4928 -1.9245 -57.1898 8.5355 3.6156 0.7357 -0.4054 -120.6808 12.8070 32.9271 25.0300 -15.1202 10.6850 16.3351 -59.0840 1.4976 2.2701 12.4015 15.8639 13.8226 58.7905 -11.2761 -21.4063 -0.3958 0.6773 121.4789 -18.1482 43.6883 -72.1672 15.6860 7.2822 -15.9573 50.4899 -3.5538 -5.2184 7.1767 -17.0440 2.2130 -0.2530 19.6038 -0.6825 -10.4258 -7.7158 -12.1262 1.6736 -1.1148 -2.0770 -13.1641 -15.2092 -18.9028 0.2842 15.6978 0.5964 13.6061 -6.9264 8.4459 -1.4416 -0.5772 0.9085
-0.6103 98.1192 1.8734 1.5759 4.6836 1.5890 -0.3070 3.8969 0.4016 -0.4894 -3.4407 1.8295 -0.7818 14.5952 0.0121 -2.3157 28.6967 3.5173 -0.5373 -3.8177 -3.4846 6.8589 -8.4566 -7.3116 -0.1432 -0.0788 0.1904 0.5338 -10.6734 -3.6851 -0.8288 -10.6916 4.1229 -10.7045 13.3421 -2.2386 -57.5684 8.9949 3.1687 0.8309 -0.4020 -120.5666 13.0015 33.1322 25.6155 -15.0552 10.7011 16.3190 -59.0282 1.4925 2.2694 12.6172 15.7667 13.9917 58.8600 -11.6262 -21.2344 -0.4138 0.6901 121.6297 -19.0150 43.8312 -72.7338 15.7610 7.2871 -15.9767 50.6254 -3.5461 -5.2070 7.0929 -17.3426 2.1803 -0.2663 19.6599 -0.7098 -10.2915 -7.5588 -11.9494 1.6721 -1.1091 -2.0664 -13.1137 -15.4703 -18.7847 0.2743 15.5274 0.5928 13.6442 -6.6781 8.4115 -1.4433 -0.6466 0.9221
-0.4672 98.1816 1.7113 1.5239 4.9417 1.3946 -0.3454 4.1226 0.3768 -0.4776 -3.3226 1.7514 -0.5549 14.7787 -0.0037 -2.0413 28.5189 3.4023 -0.5361 -3.8233 -3.5263 6.7171 -8.5020 -7.3797 -0.1419 -0.0779 0.1884 0.5324 -10.7003 -3.6965 -0.8244 -10.7139 4.1289 -9.9859 13.2243 -2.6120 -58.0383 9.3773 2.5713 0.9500 -0.4356 -120.3834 13.1209 33.3041 26.2590 -14.9690 10.6946 16.3012 -58.9509 1.4950 2.3065 12.8701 15.7107 14.1629 59.0101 -12.0005 -21.0650 -0.4175 0.7085 121.7043 -19.7996 44.0698 -73.2686 15.7448 7.2774 -15.9722 50.6701 -3.5515 -5.1668 7.0398 -17.7241 2.1250 -0.2778 19.7238 -0.7256 -10.1535 -7.4051 -11.7401 1.6710 -1.0790 -2.0550 -13.0251 -15.8301 -18.6704 0.2679 15.3628 0.5892 13.6781 -6.3981 8.3857 -1.4483 -0.7485 0.9372
-0.2903 98.2229 1.5562 1.4863 5.2262 1.1273 -0.4033 4.3559 0.3821 -0.4646 -3.2215 1.6184 -0.3975 15.0232 -0.0176 -1.8488 28.3616 3.3447 -0.5671 -3.8293 -3.5359 6.5952 -8.5411 -7.4326 -0.1424 -0.0753 0.1872 0.5363 -10.7324 -3.7061 -0.8298 -10.7359 4.1373 -9.2853 13.1670 -3.0777 -58.5387 9.5760 1.9530 1.0858 -0.4743 -120.1728 13.0952 33.5039 27.0341 -14.8539 10.7129 16.2853 -58.9029 1.5141 2.3346 13.1011 15.7382 14.3456 59.2191 -12.3994 -20.8603 -0.4116 0.6753 121.6265 -20.7160 44.4702 -74.0557 15.6520 7.2779 -15.9618 50.6276 -3.5569 -5.1476 6.9557 -18.1835 2.1519 -0.2824 19.9113 -0.7359 -10.0412 -7.3600 -11.5406 1.6701 -0.9950 -2.0516 -12.9352 -16.3452 -18.6145 0.2609 15.4025 0.5737 13.7237 -6.2148 8.5105 -1.4543 -0.8230 0.9518
-0.1035 98.2077 1.4061 1.4659 5.4874 0.7991 -0.4598 4.5684 0.3600 -0.4583 -3.1124 1.4976 -0.3171 15.2807 -0.0850 -1.7995 28.2225 3.3563 -0.5953 -3.8461 -3.5854 6.4707 -8.5919 -7.4402 -0.1418 -0.0760 0.1826 0.5346 -10.7457 -3.7124 -0.8267 -10.7395 4.1332 -8.6714 13.1550 -3.5256 -58.9628 9.5608 1.3550 1.1784 -0.4988 -119.8447 12.8591 33.7277 27.8731 -14.7811 10.7463 16.2675 -58.9400 1.5349 2.3491 13.2221 15.8467 14.4740 59.4905 -12.7787 -20.5450 -0.3810 0.6949 121.3145 -21.7704 45.0763 -75.2457 15.5703 7.2915 -15.9612 50.5741 -3.5580 -5.1543 6.8482 -18.6734 2.3320 -0.2759 20.2226 -0.7167 -9.9961 -7.4914 -11.4238 1.6702 -0.8759 -2.0496 -12.8817 -16.9851 -18.6441 0.2652 15.6355 0.5816 13.7913 -6.1406 8.7330 -1.4569 -0.8749 0.9568
0.1001 98.1239 1.2716 1.4556 5.6611 0.3634 -0.5055 4.7989 0.3592 -0.4511 -3.0231 1.3582 -0.3470 15.5551 -0.2133 -1.9231 28.0818 3.4535 -0.6078 -3.8524 -3.7069 6.3223 -8.6337 -7.4166 -0.1435 -0.0749 0.1789 0.5303 -10.7546 -3.7179 -0.8269 -10.7403 4.1326 -8.2058 13.1550 -3.8893 -59.2573 9.4658 0.8340 1.2871 -0.4925 -119.4832 12.5200 34.0412 28.8115 -14.7488 10.8052 16.2463 -59.1061 1.5696 2.2923 13.1996 15.9767 14.5662 59.7342 -13.0152 -20.0976 -0.3131 0.6427 120.8229 -22.9072 45.6174 -76.6069 15.5073 7.3377 -15.9860 50.5075 -3.5393 -5.2170 6.7066 -19.2034 2.7583 -0.2755 20.8578 -0.6872 -10.0050 -7.8342 -11.3899 1.6710 -0.7617 -2.0622 -12.8912 -17.7169 -18.6983 0.2857 16.1675 0.6087 13.8722 -6.2374 9.1482 -1.4571 -0.8864 0.9515
0.3054 97.9617 1.1571 1.4331 5.7109 -0.1335 -0.5259 5.0207 0.3360 -0.4498 -2.9497 1.2448 -0.4733 15.8331 -0.3871 -2.1870 27.9229 3.5501 -0.6138 -3.8486 -3.9137 6.1469 -8.7071 -7.4031 -0.1427 -0.0738 0.1670 0.5270 -10.7560 -3.7298 -0.8222 -10.7389 4.1195 -7.8746 13.1799 -4.1598 -59.4679 9.3102 0.3667 1.4111 -0.5194 -119.0014 12.1794 34.4697 29.6286 -14.7832 10.8973 16.2764 -59.3560 1.6093 2.1987 13.0096 16.1306 14.5628 60.0265 -13.0199 -19.5036 -0.2236 0.5835 120.2096 -23.7166 46.1449 -77.6997 15.5413 7.4021 -16.0063 50.5323 -3.5252 -5.2603 6.5851 -19.7025 3.3152 -0.2766 21.7417 -0.6568 -10.0272 -8.3384 -11.4386 1.6707 -0.6704 -2.0739 -12.9239 -18.3945 -18.7545 0.3146 16.8679 0.6581 13.8840 -6.4684 9.6543 -1.4525 -0.8302 0.9302
0.5494 97.7720 1.0554 1.3673 5.6811 -0.6617 -0.5210 5.1982 0.3248 -0.4552 -2.8890 1.1370 -0.6518 16.0796 -0.5806 -2.5200 27.7319 3.6507 -0.6458 -3.8376 -4.1561 6.0588 -8.7464 -7.4963 -0.1409 -0.0750 0.1533 0.5270 -10.7395 -3.7416 -0.8195 -10.7235 4.1037 -7.7249 13.2277 -4.3583 -59.6382 9.1189 -0.0022 1.4729 -0.5836 -118.4078 12.0521 34.8102 30.2863 -14.8930 10.9503 16.3062 -59.5422 1.6470 2.0651 12.7895 16.2967 14.5010 60.2208 -12.8024 -18.7529 -0.1519 0.5506 119.5097 -23.6385 46.6343 -78.0396 15.6118 7.4412 -16.0395 50.5718 -3.5033 -5.2828 6.5407 -20.1517 3.8540 -0.2874 22.7691 -0.6319 -10.0314 -8.8982 -11.4877 1.6703 -0.6580 -2.0817 -12.9538 -18.9052 -18.7007 0.3426 17.5219 0.7034 13.8277 -6.7297 10.1206 -1.4471 -0.7459 0.9117
0.7361 97.5975 0.9998 1.2350 5.6270 -1.1627 -0.5024 5.3198 0.3188 -0.4679 -2.8500 1.0474 -0.8269 16.2966 -0.7462 -2.8941 27.4975 3.7275 -0.7037 -3.8150 -4.3740 6.1005 -8.7703 -7.6840 -0.1381 -0.0812 0.1438 0.5335 -10.7060 -3.7452 -0.8213 -10.7007 4.0878 -7.6802 13.2915 -4.5355 -59.8540 8.9611 -0.3668 1.5155 -0.7377 -117.7763 12.2156 34.8834 30.7275 -14.9856 10.9481 16.3282 -59.5836 1.6681 1.9865 12.6049 16.4568 14.3930 60.3219 -12.4014 -17.9229 -0.1440 0.6063 118.8304 -22.4231 47.1106 -77.3914 15.6863 7.4469 -16.0761 50.6149 -3.4894 -5.3130 6.5986 -20.5547 4.2335 -0.2997 23.8163 -0.6149 -9.9611 -9.4260 -11.4348 1.6676 -0.6834 -2.0934 -12.9273 -19.2272 -18.5203 0.3654 18.0200 0.7531 13.7606 -6.9208 10.4755 -1.4421 -0.6843 0.9081
0.9081 97.4633 1.0149 1.0619 5.5742 -1.6058 -0.5012 5.3805 0.2984 -0.4896 -2.8272 0.9991 -0.9793 16.4532 -0.8796 -3.2284 27.2230 3.7941 -0.7710 -3.7961 -4.5350 6.2314 -8.7442 -7.8958 -0.1431 -0.0890 0.1489 0.5342 -10.6668 -3.7327 -0.8331 -10.6723 4.0878 -7.6572 13.3448 -4.6757 -60.1982 8.8713 -0.6648 1.4802 -0.9091 -117.2209 12.6433 34.6275 30.9437 -15.0326 10.9245 16.3345 -59.4916 1.6864 1.9689 12.5008 16.5973 14.2881 60.3735 -11.9183 -17.1981 -0.1526 0.7137 118.2647 -20.5006 47.5181 -76.0490 15.7039 7.4151 -16.0794 50.5949 -3.4986 -5.3687 6.7365 -20.8664 4.4494 -0.3035 24.7238 -0.5961 -9.8741 -9.8845 -11.2798 1.6631 -0.6794 -2.1053 -12.8527 -19.3894 -18.2919 0.3799 18.3463 0.7847 13.7644 -7.0448 10.7408 -1.4393 -0.6293 0.9178
1.0274 97.3742 1.0332 0.8687 5.5288 -2.0112 -0.5486 5.4119 0.2679 -0.5071 -2.8250 0.9652 -1.0980 16.5565 -0.9685 -3.5287 26.9790 3.8628 -0.8064 -3.7747 -4.6245 6.3897 -8.7017 -8.0440 -0.1496 -0.0946 0.1558 0.5341 -10.6346 -3.7191 -0.8465 -10.6456 4.0899 -7.6050 13.3786 -4.7649 -60.6703 8.8937 -0.8773 1.4158 -0.9682 -116.9583 13.0620 34.1035 30.9273 -15.0307 10.9327 16.3593 -59.3780 1.6968 1.9742 12.4192 16.7295 14.2544 60.5051 -11.4836 -16.8056 -0.0683 0.7925 117.9903 -18.5779 47.7809 -74.6114 15.6958 7.4035 -16.0698 50.6021 -3.5440 -5.4283 6.9105 -21.0774 4.5475 -0.3059 25.4414 -0.5854 -9.7554 -10.2538 -11.0408 1.6583 -0.6443 -2.1118 -12.7268 -19.4378 -18.0851 0.3815 18.4956 0.7906 13.8188 -7.0922 10.9340 -1.4357 -0.5555 0.9208
1.0765 97.3390 1.0856 0.6739 5.4745 -2.3673 -0.6361 5.4288 0.2239 -0.5340 -2.8262 0.9603 -1.2075 16.5841 -1.0172 -3.7763 26.7969 3.9248 -0.8180 -3.7624 -4.6262 6.5270 -8.6483 -8.1423 -0.1545 -0.0994 0.1606 0.5333 -10.6139 -3.7091 -0.8557 -10.6281 4.0910 -7.5429 13.3835 -4.8062 -61.0866 9.0256 -0.9192 1.3668 -0.9683 -117.0365 13.3590 33.5843 30.8110 -15.0193 10.9436 16.3630 -59.2791 1.7023 1.9669 12.3732 16.8260 14.2659 60.6721 -11.1179 -16.6438 0.0723 0.8244 117.9397 -17.1122 47.8168 -73.4757 15.6555 7.4228 -16.0597 50.6360 -3.5564 -5.4519 7.1016 -21.1492 4.6081 -0.3074 25.9092 -0.5903 -9.6352 -10.4987 -10.7463 1.6546 -0.5905 -2.1121 -12.5750 -19.3583 -17.9386 0.3772 18.4631 0.7870 13.8905 -7.0893 11.0832 -1.4335 -0.4732 0.9194
1.0940 97.3445 1.1466 0.4872 5.4139 -2.6594 -0.7511 5.4129 0.1748 -0.5732 -2.8330 0.9903 -1.3364 16.5654 -1.0564 -3.9966 26.6987 3.9625 -0.8025 -3.7652 -4.5959 6.6398 -8.5909 -8.2124 -0.1518 -0.1033 0.1551 0.5378 -10.6042 -3.7136 -0.8542 -10.6239 4.0826 -7.5078 13.4036 -4.8162 -61.3389 9.2338 -0.8101 1.3986 -0.9561 -117.3871 13.5758 33.2827 30.7270 -15.0026 10.9655 16.3589 -59.2579 1.7001 1.9307 12.2981 16.8932 14.2861 60.8701 -10.8143 -16.5816 0.2167 0.8296 118.0399 -16.1089 47.7578 -72.7508 15.6245 7.4479 -16.0740 50.6211 -3.5634 -5.4778 7.3084 -21.1043 4.6305 -0.3052 26.1667 -0.5914 -9.5474 -10.6309 -10.4201 1.6531 -0.5271 -2.1011 -12.4145 -19.1441 -17.8268 0.3676 18.2424 0.7762 13.9887 -7.0307 11.2192 -1.4336 -0.4278 0.9123
1.0612 97.3807 1.2353 0.3052 5.3514 -2.9124 -0.8744 5.3690 0.1570 -0.6162 -2.8667 1.0059 -1.5058 16.5193 -1.0701 -4.1505 26.6948 4.0205 -0.7852 -3.7689 -4.5641 6.7286 -8.4842 -8.2360 -0.1451 -0.0996 0.1391 0.5399 -10.6036 -3.7267 -0.8422 -10.6221 4.0604 -7.5350 13.4119 -4.7848 -61.3766 9.4527 -0.4562 1.4655 -0.9538 -117.8777 13.7657 33.2724 30.6110 -15.0172 10.9927 16.3707 -59.3238 1.7098 1.8831 12.1789 16.9582 14.3038 61.0754 -10.5650 -16.6007 0.3348 0.8059 118.2194 -15.2460 47.3996 -72.0744 15.6287 7.4439 -16.0861 50.6004 -3.5745 -5.4811 7.5079 -20.9291 4.6728 -0.3048 26.1843 -0.6037 -9.5091 -10.6701 -10.1505 1.6541 -0.4678 -2.0854 -12.2097 -18.7921 -17.7646 0.3509 17.8249 0.7566 14.0579 -6.9030 11.3237 -1.4340 -0.3814 0.8944
1.0118 97.4604 1.3820 0.1478 5.3021 -3.1500 -0.9956 5.2859 0.1443 -0.6688 -2.8878 1.0477 -1.7089 16.4103 -1.0806 -4.2931 26.7851 4.0726 -0.7522 -3.7740 -4.4792 6.7991 -8.3571 -8.2429 -0.1356 -0.0969 0.1202 0.5457 -10.6132 -3.7457 -0.8280 -10.6297 4.0374 -7.6348 13.3942 -4.7089 -61.1720 9.6347 0.0822 1.5844 -1.0022 -118.3678 14.0664 33.1897 30.3663 -15.0506 11.0112 16.4191 -59.3880 1.7141 1.8960 11.9899 16.9904 14.2523 61.2406 -10.3730 -16.6463 0.3857 0.8223 118.4416 -14.3248 46.8830 -71.2967 15.6639 7.4089 -16.0685 50.5760 -3.5705 -5.4568 7.6907 -20.6535 4.7511 -0.3055 25.9735 -0.6189 -9.5052 -10.6137 -9.9728 1.6568 -0.4410 -2.0623 -12.0162 -18.3512 -17.7015 0.3438 17.2474 0.7536 14.0908 -6.7028 11.3218 -1.4365 -0.3391 0.8948
0.9569 97.5738 1.5504 0.0200 5.2650 -3.3578 -1.0978 5.1768 0.1629 -0.7123 -2.9324 1.0652 -1.9643 16.2744 -1.0649 -4.4208 26.9774 4.1649 -0.7025 -3.7810 -4.3931 6.8342 -8.2090 -8.2031 -0.1294 -0.0944 0.1081 0.5488 -10.6353 -3.7587 -0.8185 -10.6510 4.0232 -7.8087 13.3838 -4.5983 -60.7710 9.7125 0.8206 1.6724 -1.0963 -118.7815 14.5352 32.7920 29.9127 -15.0904 10.9879 16.4677 -59.3931 1.7122 1.9587 11.7415 17.0275 14.1632 61.3843 -10.2297 -16.7679 0.3951 0.8366 118.6818 -13.4418 46.2657 -70.3886 15.7025 7.3650 -16.0506 50.5696 -3.5561 -5.4328 7.8517 -20.2940 4.8529 -0.3114 25.5882 -0.6424 -9.5323 -10.5146 -9.8505 1.6616 -0.4241 -2.0488 -11.8381 -17.8489 -17.6019 0.3256 16.5654 0.7228 14.1191 -6.4325 11.2646 -1.4412 -0.3200 0.9019
0.9218 97.6831 1.7561 -0.0652 5.2410 -3.5343 -1.1855 5.0434 0.1578 -0.7517 -2.9695 1.1249 -2.2387 16.1082 -1.0510 -4.5642 27.2481 4.2194 -0.6466 -3.8000 -4.2619 6.8742 -8.0549 -8.1105 -0.1310 -0.0961 0.1067 0.5489 -10.6746 -3.7664 -0.8215 -10.6858 4.0278 -8.0337 13.4070 -4.4936 -60.2397 9.6226 1.6521 1.6840 -1.1395 -119.0041 15.0216 32.1001 29.1871 -15.1147 10.9411 16.4795 -59.3031 1.6828 2.0378 11.4043 17.0045 13.9738 61.5138 -10.1267 -16.9463 0.3712 0.8455 118.9386 -12.7020 45.7753 -69.5221 15.7221 7.3118 -15.9964 50.5503 -3.5239 -5.3959 7.9716 -19.8867 4.9496 -0.3117 25.0666 -0.6574 -9.5642 -10.3657 -9.7964 1.6662 -0.4594 -2.0313 -11.7017 -17.3549 -17.5433 0.3125 15.8484 0.7033 14.1865 -6.1119 11.1594 -1.4433 -0.2907 0.9070
0.8949 97.8004 1.9546 -0.1046 5.2249 -3.6720 -1.2600 4.8990 0.1748 -0.7698 -3.0257 1.1615 -2.5175 15.9547 -1.0422 -4.7470 27.5402 4.2522 -0.6065 -3.8224 -4.0773 6.8910 -7.9313 -7.9574 -0.1341 -0.1002 0.1100 0.5534 -10.7204 -3.7680 -0.8329 -10.7305 4.0375 -8.2839 13.4345 -4.3956 -59.6842 9.4327 2.4909 1.6371 -1.1314 -119.1494 15.3810 31.3115 28.3641 -15.1176 10.9142 16.4903 -59.2029 1.6582 2.1043 11.0068 16.9579 13.7583 61.5937 -10.0378 -17.2070 0.3271 0.8026 119.2402 -12.2948 45.3779 -68.8240 15.7595 7.2934 -15.9426 50.5873 -3.5027 -5.3587 8.0415 -19.4654 5.0221 -0.2978 24.5093 -0.6543 -9.6022 -10.2027 -9.7648 1.6705 -0.5174 -2.0247 -11.6286 -16.8977 -17.4767 0.2964 15.1769 0.6681 14.3070 -5.7960 11.0496 -1.4455 -0.2945 0.9086
0.8904 97.8794 2.1384 -0.1102 5.2089 -3.7520 -1.3192 4.7575 0.1822 -0.7768 -3.0828 1.2165 -2.7560 15.8150 -1.0495 -4.9745 27.8099 4.2830 -0.5530 -3.8434 -3.8825 6.9095 -7.8683 -7.7636 -0.1326 -0.1040 0.1114 0.5595 -10.7634 -3.7717 -0.8361 -10.7707 4.0433 -8.5411 13.4490 -4.2655 -59.2015 9.2140 3.1857 1.5972 -1.0766 -119.2379 15.5648 30.7545 27.6151 -15.1105 10.8975 16.4518 -59.1461 1.6396 2.1025 10.6349 16.8719 13.5604 61.6282 -9.9880 -17.5839 0.2706 0.7124 119.5837 -12.2833 45.1255 -68.5002 15.7594 7.3099 -15.9084 50.6350 -3.4794 -5.3372 8.0606 -19.0973 5.0555 -0.2826 24.0166 -0.6544 -9.6183 -10.0114 -9.7231 1.6730 -0.5701 -2.0128 -11.6162 -16.5304 -17.4762 0.2921 14.6285 0.6407 14.4677 -5.5193 10.9809 -1.4465 -0.3279 0.9085
0.8726 97.9460 2.2505 -0.0656 5.1850 -3.7473 -1.3726 4.6314 0.1962 -0.7687 -3.1443 1.2658 -2.9422 15.7123 -1.0536 -5.1928 28.0648 4.3300 -0.5064 -3.8593 -3.7070 6.9096 -7.8436 -7.5580 -0.1276 -0.1041 0.1105 0.5692 -10.7916 -3.7762 -0.8361 -10.7961 4.0444 -8.7740 13.4303 -4.1152 -58.8515 9.0487 3.6787 1.5863 -1.0240 -119.3109 15.6144 30.4877 26.9789 -15.0959 10.9113 16.4124 -59.1801 1.6588 2.0728 10.3403 16.8282 13.4090 61.6308 -9.9922 -18.0136 0.1768 0.5867 119.9438 -12.7699 45.0914 -68.6709 15.7391 7.3416 -15.9005 50.6455 -3.4912 -5.3232 8.0171 -18.7867 5.0329 -0.2752 23.6189 -0.6590 -9.6342 -9.8258 -9.6464 1.6748 -0.6063 -2.0010 -11.6700 -16.2461 -17.5563 0.2948 14.2380 0.6339 14.6552 -5.3388 10.9745 -1.4461 -0.3437 0.9091
0.8303 97.9943 2.3316 0.0179 5.1483 -3.6666 -1.4054 4.5205 0.2053 -0.7611 -3.2050 1.3257 -3.0615 15.6567 -1.0618 -5.3881 28.3067 4.4066 -0.4646 -3.8649 -3.5785 6.8988 -7.8320 -7.3694 -0.1216 -0.0982 0.1077 0.5767 -10.8033 -3.7758 -0.8314 -10.7982 4.0359 -8.9269 13.3538 -3.9576 -58.7024 8.9366 3.9980 1.5700 -1.0214 -119.3537 15.5728 30.5271 26.4619 -15.0522 10.9374 16.3724 -59.2824 1.6971 2.0165 10.1867 16.8068 13.2920 61.5611 -10.0099 -18.4190 0.0256 0.4281 120.2341 -13.7048 45.2767 -69.3102 15.7452 7.3946 -15.9009 50.6925 -3.4903 -5.3113 7.9434 -18.5395 4.9439 -0.2693 23.3289 -0.6606 -9.6753 -9.6476 -9.6036 1.6743 -0.6123 -2.0014 -11.7768 -16.0641 -17.7380 0.3021 14.0263 0.6495 14.8491 -5.2581 11.0140 -1.4436 -0.3208 0.9098
0.7731 98.0266 2.4259 0.1362 5.1223 -3.5033 -1.4234 4.4144 0.2310 -0.7628 -3.2579 1.3787 -3.1124 15.6106 -1.0516 -5.5282 28.5336 4.4966 -0.4442 -3.8637 -3.4787 6.8448 -7.7987 -7.2192 -0.1207 -0.0907 0.1121 0.5775 -10.7981 -3.7676 -0.8302 -10.7839 4.0361 -8.9630 13.2542 -3.8102 -58.7835 8.8432 4.1437 1.5665 -1.0802 -119.3441 15.5271 30.7146 26.0071 -14.9803 10.9329 16.3390 -59.3737 1.7379 1.9933 10.1657 16.7990 13.1597 61.4862 -10.0231 -18.7214 -0.1301 0.3211 120.3340 -14.9426 45.5057 -70.2362 15.7289 7.4686 -15.9375 50.7552 -3.4801 -5.2785 7.8249 -18.3458 4.8435 -0.2707 23.0838 -0.6655 -9.7127 -9.4554 -9.5932 1.6694 -0.5831 -2.0072 -11.9080 -15.9731 -18.0031 0.3120 13.9416 0.6809 14.9748 -5.2397 11.0633 -1.4408 -0.2768 0.9137
0.7164 98.0428 2.4895 0.2585 5.1061 -3.2956 -1.4123 4.3104 0.2632 -0.7723 -3.3144 1.4149 -3.0996 15.5927 -1.0129 -5.5891 28.7284 4.6344 -0.4236 -3.8486 -3.4526 6.7473 -7.7458 -7.0943 -0.1314 -0.0800 0.1229 0.5656 -10.7834 -3.7521 -0.8403 -10.7589 4.0464 -8.9028 13.1715 -3.7024 -59.1192 8.7043 4.1654 1.5440 -1.2186 -119.3479 15.5677 30.9247 25.6059 -14.9068 10.8952 16.3297 -59.3913 1.7462 2.0136 10.2816 16.7867 13.0526 61.4094 -10.0205 -18.9020 -0.2374 0.2472 120.1204 -16.3532 45.6679 -71.1617 15.6597 7.5437 -15.9714 50.7682 -3.4868 -5.2644 7.6970 -18.1988 4.7769 -0.2751 22.8808 -0.6757 -9.7218 -9.3706 -9.6448 1.6671 -0.5424 -2.0270 -12.0369 -15.9496 -18.2490 0.3121 13.9520 0.7028 15.0124 -5.2803 11.0823 -1.4408 -0.2321 0.9139
0.6753 98.0482 2.5638 0.3788 5.0985 -3.0893 -1.3892 4.2250 0.2930 -0.7759 -3.3622 1.4070 -3.0432 15.5681 -0.9353 -5.5965 28.8870 4.7776 -0.4390 -3.8338 -3.4235 6.6369 -7.6557 -6.9735 -0.1539 -0.0748 0.1437 0.5478 -10.7797 -3.7261 -0.8680 -10.7471 4.0705 -8.7655 13.1233 -3.6170 -59.6663 8.5229 4.1539 1.4644 -1.3865 -119.4432 15.7179 31.1838 25.3160 -14.8240 10.8455 16.3276 -59.3724 1.7479 2.0484 10.4286 16.7539 12.9686 61.3786 -9.9730 -18.9957 -0.2567 0.2144 119.6796 -17.6805 45.6796 -71.8260 15.5783 7.6163 -16.0221 50.7497 -3.5453 -5.2857 7.5559 -18.0759 4.7613 -0.2868 22.6844 -0.7046 -9.6954 -9.3665 -9.7170 1.6642 -0.5134 -2.0454 -12.1607 -15.9685 -18.3813 0.2985 14.0145 0.6958 14.9810 -5.3637 11.0470 -1.4406 -0.2161 0.9147
0.6727 98.0599 2.6304 0.4954 5.1049 -2.8861 -1.3684 4.1481 0.2823 -0.7759 -3.3754 1.4089 -2.9468 15.4900 -0.8450 -5.6098 28.9851 4.8994 -0.4840 -3.8305 -3.4149 6.6023 -7.5353 -6.9205 -0.1832 -0.0765 0.1652 0.5218 -10.7763 -3.7015 -0.9015 -10.7427 4.1003 -8.6675 13.0786 -3.5360 -60.1851 8.3820 4.1291 1.3213 -1.5416 -119.6404 15.9712 31.6167 25.2440 -14.7723 10.8206 16.3417 -59.3454 1.7562 2.0716 10.5573 16.6511 12.9215 61.4510 -9.8246 -19.1215 -0.1644 0.2496 119.1843 -18.6316 45.5576 -72.1675 15.5092 7.6695 -16.0497 50.7067 -3.6549 -5.3340 7.4112 -17.9851 4.7819 -0.2872 22.4994 -0.7175 -9.6881 -9.4253 -9.7613 1.6644 -0.4921 -2.0374 -12.2881 -16.0029 -18.4526 0.2709 14.0751 0.6526 14.9278 -5.4937 10.9310 -1.4420 -0.2551 0.9069
0.7065 98.0883 2.6580 0.6005 5.1068 -2.6682 -1.3469 4.0967 0.2807 -0.7781 -3.3708 1.3785 -2.7842 15.3907 -0.7591 -5.6328 29.0887 4.8894 -0.6434 -3.8532 -3.3584 6.6386 -7.4224 -6.9500 -0.1859 -0.0873 0.1539 0.5240 -10.7915 -3.7191 -0.9098 -10.7599 4.0975 -8.6310 13.0435 -3.4417 -60.5700 8.2611 4.0774 1.1109 -1.6505 -119.9050 16.1819 32.2255 25.4001 -14.7761 10.8373 16.4087 -59.2819 1.7667 2.1186 10.6612 16.4685 12.9021 61.5520 -9.5196 -19.3133 -0.0862 0.3557 118.8016 -19.1110 45.4095 -72.1586 15.5523 7.7389 -16.0776 50.7799 -3.7433 -5.3588 7.2868 -17.9443 4.7695 -0.2937 22.3623 -0.7290 -9.7157 -9.4293 -9.7473 1.6627 -0.4565 -2.0102 -12.3860 -16.0436 -18.5454 0.2292 14.1694 0.5505 14.8143 -5.5830 10.7971 -1.4468 -0.3874 0.8982
