HIERARCHY
ROOT Hips
{
	OFFSET 0.0000 0.0000 0.0000
	CHANNELS 6 Xposition Yposition Zposition Zrotation Xrotation Yrotation
	JOINT Spine1
	{
		OFFSET -0.0137 5.0038 -0.0537
		CHANNELS 3 Zrotation Xrotation Yrotation
		JOINT Spine2
		{
			OFFSET -0.0000 7.1253 -0.0298
			CHANNELS 3 Zrotation Xrotation Yrotation
			JOINT Chest
			{
				OFFSET -0.0000 7.5501 -0.8160
				CHANNELS 3 Zrotation Xrotation Yrotation
				JOINT Neck1
				{
					OFFSET -0.1817 26.3113 -0.5533
					CHANNELS 3 Zrotation Xrotation Yrotation
					JOINT Neck2
					{
						OFFSET -0.0000 7.7094 2.3026
						CHANNELS 3 Zrotation Xrotation Yrotation
						JOINT Head
						{
							OFFSET -0.0000 6.1289 1.9537
							CHANNELS 3 Zrotation Xrotation Yrotation
							JOINT Jaw
							{
								OFFSET 0.0026 0.4756 3.0949
								CHANNELS 3 Zrotation Xrotation Yrotation
								End Site
								{
									OFFSET 0.0 1.0 0.0
								}
							}
							JOINT LeftEye
							{
								OFFSET 3.2064 5.3802 7.5869
								CHANNELS 3 Zrotation Xrotation Yrotation
								End Site
								{
									OFFSET 0.0 1.0 0.0
								}
							}
							JOINT RightEye
							{
								OFFSET -3.2224 5.3619 7.5582
								CHANNELS 3 Zrotation Xrotation Yrotation
								End Site
								{
									OFFSET 0.0 1.0 0.0
								}
							}
						}
					}
				}
				JOINT LeftShoulder
				{
					OFFSET 1.6217 23.2372 5.1134
					CHANNELS 3 Zrotation Xrotation Yrotation
					JOINT LeftArm
					{
						OFFSET 14.9198 0.0000 -5.5023
						CHANNELS 3 Zrotation Xrotation Yrotation
						JOINT LeftForeArm
						{
							OFFSET 28.7393 0.0000 -0.0026
							CHANNELS 3 Zrotation Xrotation Yrotation
							JOINT LeftHand
							{
								OFFSET 27.0940 -0.0000 0.0026
								CHANNELS 3 Zrotation Xrotation Yrotation
								JOINT LeftHandThumbEnd
								{
									OFFSET 12.2686 -3.2202 4.8331
									CHANNELS 3 Zrotation Xrotation Yrotation
									End Site
									{
										OFFSET 0.0 1.0 0.0
									}
								}
								JOINT LeftHandMiddleEnd
								{
									OFFSET 19.0120 -0.3129 -0.0340
									CHANNELS 3 Zrotation Xrotation Yrotation
									End Site
									{
										OFFSET 0.0 1.0 0.0
									}
								}
							}
						}
					}
				}
				JOINT RightShoulder
				{
					OFFSET -1.3801 23.1803 5.2142
					CHANNELS 3 Zrotation Xrotation Yrotation
					JOINT RightArm
					{
						OFFSET -15.0372 0.0000 -5.5456
						CHANNELS 3 Zrotation Xrotation Yrotation
						JOINT RightForeArm
						{
							OFFSET -28.7366 0.0000 -0.0026
							CHANNELS 3 Zrotation Xrotation Yrotation
							JOINT RightHand
							{
								OFFSET -27.1336 -0.0000 0.0026
								CHANNELS 3 Zrotation Xrotation Yrotation
								JOINT RightHandThumbEnd
								{
									OFFSET -12.2642 -3.2115 4.8040
									CHANNELS 3 Zrotation Xrotation Yrotation
									End Site
									{
										OFFSET 0.0 1.0 0.0
									}
								}
								JOINT RightHandMiddleEnd
								{
									OFFSET -19.0006 -0.3066 -0.0316
									CHANNELS 3 Zrotation Xrotation Yrotation
									End Site
									{
										OFFSET 0.0 1.0 0.0
									}
								}
							}
						}
					}
				}
			}
		}
	}
	JOINT LeftLeg
	{
		OFFSET 10.0432 -8.4345 2.5957
		CHANNELS 3 Zrotation Xrotation Yrotation
		JOINT LeftShin
		{
			OFFSET -0.0000 -43.2218 -0.8029
			CHANNELS 3 Zrotation Xrotation Yrotation
			JOINT LeftFoot
			{
				OFFSET 0.0000 -42.1551 -3.4815
				CHANNELS 3 Zrotation Xrotation Yrotation
				JOINT LeftToeBase
				{
					OFFSET 0.0000 -5.0595 13.2315
					CHANNELS 3 Zrotation Xrotation Yrotation
					End Site
					{
						OFFSET 0.0 1.0 0.0
					}
				}
			}
		}
	}
	JOINT RightLeg
	{
		OFFSET -10.0473 -8.2953 2.6203
		CHANNELS 3 Zrotation Xrotation Yrotation
		JOINT RightShin
		{
			OFFSET 0.0000 -43.3622 -0.8056
			CHANNELS 3 Zrotation Xrotation Yrotation
			JOINT RightFoot
			{
				OFFSET 0.0000 -42.1174 -3.4784
				CHANNELS 3 Zrotation Xrotation Yrotation
				JOINT RightToeBase
				{
					OFFSET -0.0000 -5.0796 13.2842
					CHANNELS 3 Zrotation Xrotation Yrotation
					End Site
					{
						OFFSET 0.0 1.0 0.0
					}
				}
			}
		}
	}
}
MOTION
Frames: 300
Frame Time: 0.033333
-4.3416 87.5658 0.3099 7.5081 4.0433 0.0988 1.0803 7.8133 -0.0653 -0.0724 -1.2854 0.8283 3.6334 20.7661 1.1738 15.4917 30.5113 -3.5069 -1.7871 -3.7922 -8.0595 3.0086 2.4644 -10.6154 0.0441 -0.1371 0.0084 0.8798 -10.7399 -3.9108 -0.7665 -10.7315 3.8931 8.1050 14.3479 -1.2247 -56.1543 -4.9184 -40.8403 0.3738 -0.9647 -105.8190 8.2923 7.8291 11.1618 -15.4548 11.4565 16.9392 -60.9370 1.7524 2.9416 -1.4380 12.8494 15.5945 78.2318 -52.1406 -36.1512 1.2197 -0.1794 88.5091 -43.1213 -30.7012 8.0956 15.7689 7.0992 -15.9041 49.6355 -3.1594 -4.9718 18.0123 -22.1308 9.8818 -0.5011 33.4226 -1.0931 -27.9490 -13.1259 -1.5844 1.5925 -0.5524 -1.8751 -27.6069 -49.8873 -20.6676 0.9754 44.4396 1.4439 15.8732 1.4998 -2.1174 -1.4195 1.5030 0.8101
-4.1569 87.8950 0.5696 7.6758 4.0870 0.3613 1.0399 7.8156 -0.1309 0.0031 -1.3318 0.8547 3.7112 20.6540 1.1344 15.9107 30.2653 -3.4865 -1.6572 -3.7466 -7.8331 2.8333 2.5164 -10.5122 0.0332 -0.1567 0.0120 0.8661 -10.6961 -3.8959 -0.7743 -10.6899 3.8892 8.1310 14.5650 -1.4865 -55.0032 -4.2155 -41.1892 0.4754 -0.8335 -104.7181 8.2291 7.4258 10.8097 -15.3826 11.4162 16.8850 -60.7096 1.7073 2.9052 -1.1861 12.6878 15.3405 78.8909 -52.4535 -37.1350 1.4588 -0.2471 87.5358 -43.0889 -31.7271 8.3261 15.8362 7.1152 -16.0416 49.6453 -3.1912 -4.9511 17.5191 -21.6941 9.8551 -0.4974 32.6473 -1.1019 -27.5781 -12.9158 -1.4941 1.5993 -0.7401 -1.8796 -27.8322 -49.3699 -20.6945 0.8811 43.7027 1.3948 16.1183 1.8437 -2.2409 -1.4256 1.4176 0.8002
-3.9408 88.1926 0.7241 7.8379 4.1683 0.5243 0.9799 7.7905 -0.1577 0.0628 -1.3540 0.8033 3.8120 20.5363 1.1341 16.3005 30.0479 -3.4701 -1.6624 -3.7436 -7.5881 2.6462 2.5656 -10.3718 0.0070 -0.1575 0.0290 0.8459 -10.6866 -3.8741 -0.8046 -10.6761 3.9087 7.8004 14.9049 -1.7930 -53.6981 -2.9288 -41.3192 0.6307 -0.6903 -103.2971 8.0078 6.7303 10.4616 -15.3917 11.4379 16.8908 -60.5403 1.7115 2.8823 -0.8549 12.5755 15.2757 79.0951 -52.6331 -37.8627 1.5141 -0.3532 86.4548 -43.4735 -32.9157 9.1761 15.8557 7.0899 -16.1287 49.4912 -3.2087 -4.9352 16.9851 -21.3845 9.9620 -0.4766 32.0511 -1.0728 -27.1834 -12.6785 -1.4093 1.6065 -0.8834 -1.8724 -28.1141 -48.9433 -20.6498 0.8145 42.8264 1.3599 16.4269 2.3823 -2.2813 -1.4280 1.3993 0.7990
-3.6532 88.4699 0.8404 7.9443 4.2661 0.5575 0.9392 7.7671 -0.1551 0.1054 -1.3673 0.7361 3.9135 20.4439 1.1687 16.5388 29.8503 -3.4930 -1.6828 -3.7478 -7.3804 2.5404 2.5076 -10.2075 0.0016 -0.1528 0.0371 0.8445 -10.6852 -3.8680 -0.8139 -10.6679 3.9198 7.1436 15.3086 -2.0434 -52.3958 -1.2344 -41.1088 0.7110 -0.5419 -101.3973 7.8315 6.1286 9.9153 -15.3947 11.5036 16.9121 -60.4747 1.7133 2.8414 -0.4592 12.5126 15.2738 79.1132 -52.6621 -38.4798 1.5735 -0.3724 85.4066 -44.0808 -34.1771 10.4445 15.8124 7.0627 -16.1672 49.3607 -3.2360 -4.9535 16.4988 -21.2313 10.1886 -0.4581 31.7547 -1.0405 -26.8914 -12.5286 -1.3748 1.6131 -0.9831 -1.8655 -28.3621 -48.4885 -20.5237 0.7231 41.7811 1.2789 16.7068 3.0273 -2.2774 -1.4291 1.4026 0.7916
-3.2789 88.6974 0.9268 8.0008 4.3879 0.4563 0.9027 7.7461 -0.1819 0.1337 -1.3728 0.7148 4.0011 20.4187 1.2132 16.6299 29.5900 -3.5484 -1.6899 -3.7610 -7.2280 2.4838 2.3474 -10.0233 -0.0023 -0.1491 0.0433 0.8415 -10.6883 -3.8647 -0.8176 -10.6670 3.9282 6.1828 15.8551 -2.2702 -51.0534 0.7281 -40.4690 0.7799 -0.3015 -98.8518 7.7756 5.4983 9.3010 -15.4125 11.5030 16.8880 -60.3977 1.6556 2.8184 -0.0193 12.4693 15.2797 79.0404 -52.5574 -38.9325 1.5307 -0.3590 84.4497 -44.5503 -35.3016 11.7003 15.7154 7.0577 -16.1633 49.2328 -3.2478 -4.9672 16.0380 -21.2368 10.4770 -0.4476 31.7719 -1.0170 -26.6640 -12.4725 -1.2810 1.6174 -1.0029 -1.8504 -28.5692 -48.0425 -20.3095 0.6722 40.6285 1.2302 16.9793 3.7768 -2.2899 -1.4289 1.3744 0.7845
-2.8077 88.8496 0.9885 8.0110 4.5328 0.2156 0.8723 7.7587 -0.1631 0.1626 -1.3704 0.6536 4.0294 20.4514 1.2793 16.6745 29.2415 -3.5995 -1.6657 -3.7789 -7.1564 2.4631 2.1049 -9.8769 0.0015 -0.1455 0.0444 0.8453 -10.7028 -3.8688 -0.8141 -10.6735 3.9323 4.9872 16.4610 -2.4949 -49.8094 2.7799 -39.3077 0.8361 -0.0701 -95.4990 7.8789 5.2048 8.8746 -15.4193 11.4608 16.8209 -60.3455 1.5807 2.8280 0.4582 12.4217 15.2933 79.0428 -52.3389 -39.4126 1.4623 -0.3476 83.6131 -44.8424 -36.2464 12.8912 15.6522 7.0811 -16.1364 49.1516 -3.2266 -5.0220 15.6291 -21.4270 10.7712 -0.4339 32.2042 -0.9917 -26.4515 -12.6549 -1.1634 1.6190 -0.9348 -1.8515 -28.8149 -47.6833 -19.8913 0.6274 39.5457 1.1832 17.2097 4.5278 -2.3485 -1.4280 1.3865 0.7749
-2.2568 88.9355 0.9777 7.9832 4.7150 -0.1076 0.8255 7.7728 -0.1333 0.1785 -1.3484 0.6084 4.0230 20.5429 1.3067 16.6669 28.8066 -3.6936 -1.5897 -3.8089 -7.1414 2.3950 1.7155 -9.7570 0.0190 -0.1468 0.0359 0.8689 -10.7317 -3.8875 -0.8015 -10.7000 3.9261 3.5151 17.0240 -2.7348 -48.5643 4.8594 -37.7377 0.9308 0.1062 -91.2707 8.2404 5.4490 8.8343 -15.5000 11.3321 16.6581 -60.3958 1.4923 2.8377 1.0656 12.3624 15.3128 79.1573 -52.0943 -39.9732 1.4345 -0.3962 83.0424 -45.1219 -36.8385 14.2339 15.6596 7.0900 -16.0762 49.1695 -3.1936 -5.0914 15.2515 -21.8921 11.1107 -0.4316 33.1079 -0.9865 -26.1996 -12.9820 -1.1267 1.6219 -0.8437 -1.8585 -29.0542 -47.4190 -19.4041 0.6204 38.4899 1.1622 17.3753 5.3422 -2.3671 -1.4232 1.3589 0.7786
-1.6281 88.9247 0.9144 7.9434 4.8900 -0.4016 0.7740 7.7992 -0.0711 0.1755 -1.2918 0.5635 3.9837 20.7039 1.2784 16.7332 28.2632 -3.8288 -1.5444 -3.8367 -7.1923 2.2832 1.1653 -9.7435 0.0531 -0.1473 0.0132 0.9075 -10.7407 -3.9136 -0.7704 -10.7097 3.8931 1.8056 17.4195 -2.9875 -47.2466 6.9633 -35.9862 1.0406 0.2236 -86.6369 9.1154 6.9943 9.7655 -15.6244 11.1617 16.3370 -60.5710 1.5251 2.7962 1.8585 12.3620 15.2953 79.4249 -51.9965 -40.6342 1.3071 -0.4006 82.8290 -45.6232 -37.1785 15.9714 15.7705 7.0822 -16.0022 49.2231 -3.2091 -5.0830 14.8860 -22.5855 11.3935 -0.3968 34.3950 -0.9454 -25.9559 -13.5030 -1.2051 1.6210 -0.6904 -1.8770 -29.3068 -47.2960 -19.0587 0.6386 37.5192 1.1661 17.4957 6.1332 -2.2595 -1.4115 1.3562 0.8129
-0.9511 88.8336 0.7975 7.8722 5.0045 -0.6486 0.6938 7.8150 -0.0115 0.1388 -1.1915 0.5525 3.9643 20.9668 1.2064 16.9237 27.7496 -3.9488 -1.5430 -3.8621 -7.2921 2.1720 0.5496 -9.8575 0.0816 -0.1482 -0.0080 0.9381 -10.7616 -3.9417 -0.7417 -10.7237 3.8664 0.2114 17.6855 -3.2311 -46.0866 8.8462 -34.4132 1.2760 0.4513 -82.3394 10.0200 8.9586 11.2469 -15.7792 10.9483 15.9281 -60.5720 1.6000 2.6955 2.7932 12.3849 15.3199 79.8532 -52.0535 -41.4940 1.1325 -0.4611 82.7575 -45.9630 -37.1161 17.6556 15.8288 7.1306 -15.9553 49.3830 -3.1703 -5.0880 14.5592 -23.3896 11.6500 -0.3866 35.9325 -0.9219 -25.7055 -14.2068 -1.3038 1.6166 -0.4943 -1.8988 -29.5593 -47.2509 -18.8673 0.6727 36.6404 1.2011 17.6672 6.9481 -1.9459 -1.3960 1.3210 0.8706
-0.2688 88.6989 0.6715 7.7352 5.0559 -0.8599 0.6025 7.8684 0.0147 0.1011 -1.1103 0.5534 3.9280 21.3022 1.1940 17.1647 27.4540 -3.9459 -1.5665 -3.8781 -7.4264 2.1461 0.0665 -9.9830 0.0963 -0.1458 -0.0203 0.9535 -10.7984 -3.9584 -0.7270 -10.7571 3.8514 -0.8159 17.7664 -3.3088 -45.4830 10.1236 -33.0196 1.3388 0.5714 -79.5132 10.1848 9.4386 11.3845 -15.9299 10.7844 15.6671 -60.4789 1.6264 2.5743 3.6048 12.4657 15.3325 80.4380 -52.0048 -42.3799 0.9491 -0.5347 82.8303 -46.0903 -36.8439 18.8366 15.7881 7.1913 -15.9519 49.5841 -3.1616 -5.1357 14.3055 -24.1785 11.8565 -0.4092 37.4816 -0.9230 -25.3831 -14.9173 -1.4356 1.6172 -0.2976 -1.8985 -29.7598 -47.2018 -18.7241 0.6771 35.9067 1.2136 17.8988 7.6958 -1.5790 -1.3829 1.3291 0.9063
0.4231 88.6172 0.5306 7.5009 5.0619 -1.0841 0.5072 7.9077 0.0337 0.0688 -1.0364 0.6149 3.9039 21.6727 1.2452 17.3295 27.3743 -3.9439 -1.5593 -3.8925 -7.5244 2.2000 -0.2597 -10.0304 0.0958 -0.1461 -0.0232 0.9467 -10.8269 -3.9618 -0.7214 -10.7827 3.8487 -1.5190 17.7567 -3.2448 -45.2016 10.7734 -31.6853 1.0151 0.5740 -78.1004 9.7658 8.6421 10.1835 -15.9394 10.6809 15.5969 -60.3035 1.5533 2.4971 4.3740 12.5627 15.3960 80.9158 -51.8387 -43.0170 0.7123 -0.5781 82.8676 -46.1331 -36.5305 19.6829 15.7336 7.2765 -15.9965 49.7095 -3.1388 -5.2114 14.1688 -24.8481 12.0534 -0.4547 38.8595 -0.9487 -25.0418 -15.5397 -1.4793 1.6160 -0.1416 -1.8717 -29.7713 -47.0122 -18.7060 0.6868 35.0633 1.2400 18.1126 8.4765 -1.2977 -1.3782 1.3863 0.9263
1.0846 88.5792 0.4086 7.2033 5.0241 -1.2971 0.4093 7.9557 0.0769 0.0297 -0.9897 0.6680 3.8630 22.0432 1.3668 17.4484 27.4915 -3.8821 -1.5458 -3.9114 -7.5492 2.2748 -0.4585 -10.0498 0.0895 -0.1485 -0.0221 0.9311 -10.8528 -3.9608 -0.7200 -10.8073 3.8529 -1.9880 17.7859 -3.0745 -45.0946 11.0573 -30.5672 0.5832 0.5338 -77.5030 8.9958 7.2939 8.3958 -15.8709 10.6606 15.6598 -60.1912 1.4917 2.4497 5.0510 12.7307 15.5144 81.5763 -51.5344 -43.6683 0.6032 -0.6298 82.7889 -46.2690 -36.2796 20.5609 15.6408 7.3331 -15.9903 49.7141 -3.1089 -5.2395 14.1056 -25.3747 12.2336 -0.4902 40.0247 -0.9827 -24.7067 -16.0942 -1.5210 1.6170 -0.0119 -1.8488 -29.6233 -46.6331 -18.8213 0.6639 34.0278 1.2234 18.3059 9.2705 -1.1163 -1.3780 1.4372 0.9160
1.6980 88.5990 0.3147 6.8838 4.9642 -1.5069 0.2983 7.9973 0.1162 -0.0058 -0.9588 0.7503 3.7979 22.3462 1.5155 17.4353 27.6707 -3.7660 -1.5597 -3.9315 -7.5438 2.4258 -0.5987 -10.0666 0.0755 -0.1518 -0.0173 0.9114 -10.8697 -3.9517 -0.7302 -10.8235 3.8597 -2.3150 17.8958 -2.8718 -45.0895 11.1470 -29.7571 0.1439 0.4596 -77.1754 8.1244 5.9814 6.7171 -15.7862 10.6885 15.7681 -60.1792 1.4617 2.4493 5.6173 12.8920 15.6450 82.1370 -51.0737 -44.0339 0.5231 -0.6476 82.5245 -46.2920 -36.2402 21.3010 15.5701 7.3382 -15.9148 49.6600 -3.1124 -5.2277 14.0669 -25.7553 12.4067 -0.5141 40.9488 -1.0011 -24.3578 -16.5935 -1.5267 1.6171 0.0727 -1.8347 -29.3826 -46.0571 -18.9922 0.6308 32.7866 1.1924 18.4827 10.0248 -1.0461 -1.3774 1.4168 0.8943
2.2483 88.6605 0.2682 6.5559 4.8930 -1.7072 0.1902 8.0234 0.1822 -0.0351 -0.9502 0.8171 3.6976 22.5595 1.6807 17.3193 27.8315 -3.5834 -1.6156 -3.9509 -7.5164 2.6387 -0.6681 -10.1326 0.0586 -0.1557 -0.0100 0.8854 -10.8844 -3.9410 -0.7407 -10.8389 3.8714 -2.5541 18.0092 -2.6696 -45.1425 11.4107 -29.3640 -0.0829 0.4072 -76.7786 7.2407 5.0761 5.5926 -15.7221 10.7026 15.8153 -60.1720 1.4520 2.4420 6.0679 13.0530 15.8207 82.4304 -50.5308 -44.0283 0.4955 -0.7056 81.9838 -46.3074 -36.4258 21.9955 15.4975 7.3561 -15.8594 49.5675 -3.0764 -5.1990 14.0617 -25.9913 12.5678 -0.5271 41.6422 -1.0142 -24.0062 -17.0308 -1.5677 1.6171 0.1011 -1.8234 -29.0799 -45.3651 -19.1769 0.5891 31.4449 1.1585 18.6085 10.7854 -1.0969 -1.3770 1.3498 0.8772
2.7353 88.7439 0.2579 6.2390 4.7904 -1.9097 0.0887 8.0490 0.2661 -0.0551 -0.9575 0.8826 3.5707 22.6668 1.8494 17.0720 27.9626 -3.3713 -1.7016 -3.9608 -7.4987 2.8560 -0.7571 -10.2137 0.0391 -0.1571 -0.0003 0.8563 -10.8896 -3.9244 -0.7513 -10.8453 3.8822 -2.6672 18.0966 -2.4469 -45.2531 11.8562 -29.2693 -0.2094 0.3424 -76.2431 6.4486 4.6387 5.0316 -15.7239 10.7153 15.8153 -60.2625 1.4702 2.4277 6.3487 13.2312 16.0231 82.5196 -49.9443 -43.7264 0.4897 -0.7712 81.2115 -46.2985 -36.9355 22.6174 15.4195 7.3778 -15.8145 49.4975 -3.0827 -5.1528 14.0825 -26.1071 12.7270 -0.5338 42.1772 -1.0185 -23.6729 -17.4069 -1.6393 1.6157 0.1407 -1.8204 -28.7853 -44.6145 -19.3434 0.5377 30.1607 1.1086 18.7258 11.4596 -1.1493 -1.3761 1.2658 0.8797
3.1480 88.8211 0.2788 5.9352 4.6520 -2.0777 0.0069 8.0651 0.3359 -0.0679 -0.9733 0.9829 3.4661 22.6823 2.0169 16.7057 28.0937 -3.1495 -1.7550 -3.9786 -7.5367 3.0381 -0.9136 -10.3111 0.0352 -0.1582 0.0014 0.8437 -10.8916 -3.9196 -0.7478 -10.8469 3.8832 -2.6735 18.1734 -2.2149 -45.3446 12.5499 -29.4744 -0.1745 0.3313 -75.5783 5.6291 4.5312 4.7858 -15.7577 10.7296 15.7656 -60.3240 1.4595 2.4087 6.4601 13.4233 16.2201 82.4977 -49.4676 -43.3015 0.5344 -0.7406 80.1628 -46.3264 -37.7409 23.0583 15.3822 7.4092 -15.8307 49.5047 -3.0752 -5.1404 14.1471 -26.0998 12.7818 -0.5315 42.5642 -1.0083 -23.3891 -17.7237 -1.6683 1.6167 0.1430 -1.8096 -28.5185 -43.8326 -19.4903 0.5126 28.9567 1.0923 18.8095 12.0852 -1.2725 -1.3752 1.2195 0.8919
3.5297 88.8714 0.3257 5.6652 4.4955 -2.2406 -0.0524 8.0773 0.3997 -0.0783 -1.0115 1.0871 3.3740 22.6364 2.1917 16.2418 28.2440 -2.8926 -1.8046 -3.9905 -7.6254 3.2363 -1.0664 -10.4320 0.0281 -0.1555 0.0047 0.8326 -10.8946 -3.9149 -0.7520 -10.8545 3.8883 -2.5891 18.2469 -1.9643 -45.3862 13.4737 -29.8371 0.0075 0.3506 -75.0056 4.8412 4.5264 4.7220 -15.7742 10.7294 15.6874 -60.4119 1.4361 2.3729 6.4438 13.6316 16.4406 82.2346 -49.1687 -42.6884 0.5375 -0.7015 78.9404 -46.3515 -38.7223 23.3361 15.3307 7.4292 -15.8487 49.4937 -3.1100 -5.1033 14.2131 -26.0341 12.7671 -0.5195 42.9092 -1.0008 -23.1424 -18.0153 -1.6249 1.6202 0.1457 -1.8113 -28.3180 -43.1065 -19.5890 0.5060 27.9064 1.0921 18.8687 12.6221 -1.3462 -1.3748 1.2158 0.9027
3.8739 88.9318 0.3620 5.4413 4.3312 -2.3923 -0.0894 8.0735 0.4576 -0.0820 -1.0682 1.1925 3.3006 22.5656 2.3788 15.7256 28.4175 -2.6117 -1.8377 -4.0011 -7.7661 3.4738 -1.1842 -10.5711 0.0217 -0.1525 0.0076 0.8265 -10.9091 -3.9144 -0.7608 -10.8707 3.8974 -2.4267 18.3174 -1.6984 -45.3746 14.4944 -30.1875 0.2493 0.4170 -74.6497 4.1013 4.5265 4.7361 -15.7543 10.7328 15.6120 -60.4871 1.4164 2.3798 6.3247 13.8480 16.6913 81.9247 -49.0536 -42.1262 0.5637 -0.6506 77.6475 -46.4180 -39.8207 23.5161 15.3000 7.4407 -15.8862 49.4776 -3.0976 -5.0882 14.2642 -25.9239 12.6883 -0.5038 43.2021 -0.9789 -22.9196 -18.2567 -1.5352 1.6261 0.1233 -1.8142 -28.1734 -42.4440 -19.6023 0.5002 27.0034 1.0960 18.8714 13.0807 -1.4265 -1.3745 1.2376 0.8949
4.1753 88.9715 0.4024 5.2582 4.1545 -2.5716 -0.1072 8.0324 0.5085 -0.0786 -1.1155 1.3048 3.2557 22.4924 2.5463 15.1970 28.6197 -2.3282 -1.8629 -4.0075 -7.9351 3.6596 -1.2554 -10.6841 0.0155 -0.1523 0.0113 0.8172 -10.9118 -3.9103 -0.7647 -10.8758 3.9034 -2.2412 18.3767 -1.4032 -45.3052 15.4783 -30.3908 0.4663 0.4715 -74.5520 3.4077 4.5196 4.8266 -15.7095 10.7247 15.5560 -60.5144 1.3997 2.3890 6.0915 14.0077 16.9638 81.5922 -49.0169 -41.6179 0.6049 -0.5917 76.4303 -46.4438 -40.8190 23.5478 15.2786 7.4518 -15.9168 49.4608 -3.0712 -5.0575 14.3092 -25.7445 12.6119 -0.4998 43.4278 -0.9732 -22.7497 -18.4605 -1.3585 1.6335 0.0640 -1.8174 -28.1043 -41.8054 -19.5068 0.4993 26.2088 1.1060 18.8912 13.5043 -1.5361 -1.3751 1.2481 0.8831
4.4308 89.0154 0.4189 5.1227 3.9735 -2.7441 -0.1131 7.9632 0.5307 -0.0717 -1.1683 1.4267 3.2259 22.4069 2.7058 14.7372 28.8414 -2.0925 -1.8733 -4.0032 -8.1012 3.7922 -1.3085 -10.7882 0.0079 -0.1524 0.0161 0.8032 -10.9039 -3.9031 -0.7672 -10.8682 3.9093 -1.9901 18.4153 -1.1042 -45.2626 16.3979 -30.4631 0.6656 0.5471 -74.6689 2.8016 4.6649 4.9399 -15.6972 10.7309 15.5349 -60.5320 1.3943 2.4030 5.8372 14.1468 17.2089 81.3222 -49.0157 -41.1616 0.6066 -0.5244 75.4172 -46.3782 -41.5824 23.3590 15.3209 7.4660 -15.9485 49.4600 -3.0222 -5.0404 14.3481 -25.4992 12.5188 -0.4949 43.5479 -0.9625 -22.6230 -18.6290 -1.1712 1.6381 -0.0159 -1.8159 -28.1027 -41.1718 -19.3661 0.4837 25.4475 1.0872 18.9386 13.8942 -1.6307 -1.3757 1.2257 0.8682
4.6488 89.0566 0.4475 4.9999 3.7893 -2.9316 -0.1004 7.8681 0.5806 -0.0598 -1.2237 1.4870 3.2318 22.3238 2.8351 14.3496 29.0977 -1.9168 -1.8820 -3.9978 -8.2316 3.8595 -1.3684 -10.8583 -0.0001 -0.1500 0.0225 0.7894 -10.8889 -3.8902 -0.7684 -10.8595 3.9113 -1.6961 18.4758 -0.7748 -45.2548 17.1469 -30.3941 0.7954 0.5471 -74.9267 2.3805 4.8613 5.0391 -15.7015 10.7463 15.5362 -60.5722 1.3970 2.4139 5.5260 14.2955 17.4098 81.2541 -49.0171 -40.8117 0.6173 -0.5126 74.6994 -46.2729 -42.0404 23.0514 15.3519 7.4593 -15.9475 49.4378 -2.9781 -5.0222 14.3902 -25.1992 12.3951 -0.5005 43.6011 -0.9733 -22.5413 -18.7774 -0.9012 1.6407 -0.0595 -1.8195 -28.0818 -40.5797 -19.2196 0.4739 24.7604 1.0896 18.9862 14.2275 -1.7214 -1.3757 1.2046 0.8635
4.7771 89.0942 0.4848 4.8909 3.5977 -3.1305 -0.0775 7.7734 0.6202 -0.0530 -1.2875 1.5513 3.2714 22.1982 2.9139 14.0517 29.4101 -1.8437 -1.8715 -3.9941 -8.3109 3.9006 -1.4094 -10.8921 0.0024 -0.1468 0.0227 0.7880 -10.8872 -3.8922 -0.7627 -10.8566 3.9124 -1.3297 18.5183 -0.4358 -45.3571 17.8622 -30.3300 0.9307 0.5051 -75.2582 2.0746 5.1228 5.1450 -15.7293 10.7388 15.5383 -60.5744 1.4067 2.4139 5.2267 14.4078 17.5548 81.3581 -48.9326 -40.5334 0.5890 -0.4747 74.3319 -46.0195 -42.1665 22.5410 15.4134 7.4304 -15.9369 49.4466 -2.9545 -5.0307 14.4492 -24.8338 12.2562 -0.5068 43.5607 -0.9861 -22.5122 -18.9080 -0.6307 1.6435 -0.0657 -1.8265 -28.0198 -40.0152 -19.1522 0.4606 24.1303 1.0727 19.0223 14.4724 -1.7436 -1.3746 1.1937 0.8583
4.8737 89.1583 0.5471 4.7913 3.4220 -3.3377 -0.0612 7.6742 0.6609 -0.0540 -1.3690 1.5870 3.3393 22.0514 2.9695 13.8819 29.7256 -1.8127 -1.8872 -4.0016 -8.3918 3.9684 -1.3807 -10.9246 0.0066 -0.1441 0.0222 0.7919 -10.8863 -3.8965 -0.7569 -10.8515 3.9123 -0.9148 18.5828 -0.1005 -45.5242 18.5316 -30.2802 1.0307 0.4430 -75.6776 1.8491 5.4421 5.2856 -15.7509 10.7324 15.5250 -60.5832 1.4103 2.3762 4.9494 14.5197 17.6729 81.7947 -48.7765 -40.5238 0.6033 -0.4924 74.2748 -45.6705 -41.8878 21.9936 15.4586 7.3873 -15.9002 49.4117 -2.9531 -4.9987 14.5173 -24.4380 12.1521 -0.5165 43.4378 -1.0074 -22.5350 -18.9818 -0.3229 1.6450 -0.0921 -1.8372 -27.9295 -39.5092 -19.1115 0.4505 23.5743 1.0481 19.0421 14.6795 -1.7442 -1.3747 1.1979 0.8650
4.9301 89.2698 0.6122 4.7078 3.2560 -3.5251 -0.0566 7.5656 0.6682 -0.0597 -1.4570 1.5991 3.4159 21.8811 3.0183 13.8283 30.0340 -1.8529 -1.9338 -4.0192 -8.4547 4.0435 -1.2898 -10.9619 0.0156 -0.1412 0.0173 0.8020 -10.8938 -3.9102 -0.7485 -10.8593 3.9122 -0.4591 18.6299 0.1923 -45.8005 19.2101 -30.2443 1.0849 0.4120 -76.1324 1.6499 5.7711 5.4222 -15.7537 10.7260 15.4987 -60.5844 1.4126 2.3714 4.7031 14.6404 17.7179 82.4659 -48.5696 -40.6659 0.7063 -0.4907 74.4371 -45.2882 -41.3247 21.3361 15.5000 7.3616 -15.8755 49.3813 -2.9556 -4.9779 14.5878 -23.9769 12.0834 -0.5203 43.1298 -1.0141 -22.5488 -18.9621 -0.0647 1.6459 -0.1063 -1.8416 -27.7879 -38.9893 -19.1481 0.4335 23.0093 1.0140 18.9842 14.8188 -1.7538 -1.3754 1.1915 0.8738
4.9077 89.4076 0.6989 4.6390 3.1052 -3.7114 -0.0648 7.4448 0.6461 -0.0723 -1.5396 1.6066 3.4783 21.6969 3.0235 13.9039 30.3448 -1.9302 -1.9644 -4.0457 -8.5164 4.0818 -1.1873 -10.9643 0.0229 -0.1420 0.0129 0.8168 -10.9034 -3.9221 -0.7480 -10.8735 3.9121 0.0360 18.6791 0.4634 -46.1536 19.9077 -30.2419 1.1307 0.4329 -76.6440 1.3514 6.0051 5.5617 -15.7453 10.7046 15.4505 -60.5714 1.3920 2.3533 4.4234 14.7465 17.6809 83.3323 -48.2278 -40.8977 0.8690 -0.5407 74.7949 -44.8378 -40.5076 20.5630 15.5174 7.3448 -15.8456 49.3486 -2.9496 -4.9463 14.6485 -23.4564 12.0747 -0.5190 42.6492 -1.0161 -22.5873 -18.8561 0.1407 1.6451 -0.1160 -1.8435 -27.5860 -38.4667 -19.2600 0.4277 22.3997 0.9952 18.8862 14.9827 -1.7699 -1.3736 1.1376 0.8747
4.8523 89.5877 0.8035 4.6012 2.9698 -3.8796 -0.0936 7.3198 0.5918 -0.0873 -1.6230 1.6106 3.5010 21.4931 2.9966 14.0873 30.6628 -2.0788 -1.9801 -4.0586 -8.5221 4.1157 -1.0302 -10.9586 0.0251 -0.1440 0.0128 0.8251 -10.9038 -3.9261 -0.7504 -10.8778 3.9144 0.5899 18.7472 0.7065 -46.5807 20.6675 -30.3017 1.2180 0.4587 -77.2117 0.9724 6.2402 5.7022 -15.6986 10.6829 15.4075 -60.5003 1.3821 2.3284 4.0822 14.8153 17.5379 84.2967 -47.6994 -41.1344 1.0935 -0.5992 75.2608 -44.4221 -39.5606 19.7919 15.5551 7.3466 -15.8552 49.3141 -2.9394 -4.9231 14.7034 -22.8649 12.1808 -0.5139 41.9302 -1.0237 -22.6541 -18.6219 0.2382 1.6442 -0.1511 -1.8503 -27.3718 -37.9470 -19.4297 0.4124 21.7535 0.9790 18.8149 15.1868 -1.7754 -1.3732 1.0644 0.8673
4.7520 89.8009 0.9228 4.5874 2.8754 -4.0324 -0.1347 7.1971 0.5648 -0.1027 -1.7282 1.5867 3.5017 21.2878 2.9271 14.3504 31.0069 -2.2340 -2.0011 -4.0647 -8.5068 4.1804 -0.8264 -10.9592 0.0271 -0.1451 0.0140 0.8341 -10.9112 -3.9289 -0.7545 -10.8876 3.9193 1.1604 18.8453 0.9005 -47.0139 21.4474 -30.2957 1.3480 0.5481 -77.8750 0.5891 6.3634 5.8528 -15.6659 10.6534 15.3634 -60.4790 1.3463 2.3263 3.6419 14.9075 17.3159 85.1964 -47.0167 -41.1762 1.1897 -0.6810 75.8769 -44.0820 -38.6146 19.0804 15.5395 7.3630 -15.8791 49.3260 -2.9165 -4.9076 14.7471 -22.2619 12.3444 -0.5141 41.0832 -1.0345 -22.7226 -18.3049 0.2550 1.6429 -0.1901 -1.8565 -27.1479 -37.4768 -19.5858 0.3983 21.1221 0.9602 18.7877 15.3823 -1.7852 -1.3717 0.9625 0.8496
4.5832 90.0348 1.0295 4.5820 2.8179 -4.1423 -0.1740 7.0656 0.5004 -0.1118 -1.8043 1.5828 3.4858 21.0341 2.8259 14.6187 31.3026 -2.4395 -1.9842 -4.0627 -8.4614 4.2120 -0.6394 -10.9134 0.0200 -0.1452 0.0193 0.8329 -10.9168 -3.9243 -0.7673 -10.8978 3.9284 1.7309 18.9590 1.0731 -47.4119 22.1275 -30.1962 1.4688 0.6380 -78.5388 0.2994 6.4167 5.9299 -15.6279 10.6185 15.3293 -60.4441 1.3311 2.3247 3.0851 14.9929 16.9952 86.0900 -46.1915 -41.1491 1.2311 -0.7194 76.6137 -43.7672 -37.7591 18.3191 15.5310 7.3976 -15.9209 49.3563 -2.8854 -4.9161 14.7986 -21.6243 12.5089 -0.5127 40.0338 -1.0372 -22.8141 -17.8670 0.2084 1.6407 -0.2556 -1.8502 -26.8793 -36.9989 -19.8207 0.4019 20.4613 0.9674 18.7988 15.5619 -1.8190 -1.3718 0.8603 0.8351
4.3778 90.2768 1.1407 4.5960 2.8008 -4.2241 -0.2062 6.9589 0.4582 -0.1269 -1.8914 1.5687 3.4549 20.7495 2.7157 14.8985 31.5541 -2.6357 -1.9629 -4.0559 -8.3947 4.2594 -0.4778 -10.8857 0.0173 -0.1427 0.0212 0.8368 -10.9216 -3.9281 -0.7749 -10.9070 3.9368 2.2885 19.0944 1.2107 -47.7505 22.7153 -29.9274 1.6214 0.7466 -79.2009 0.0716 6.3900 5.9713 -15.6029 10.6048 15.3225 -60.4252 1.3350 2.3230 2.4255 15.0742 16.6295 87.0034 -45.2765 -41.1709 1.2344 -0.7266 77.3684 -43.5132 -37.1125 17.5668 15.5131 7.4156 -15.9595 49.3835 -2.8699 -4.9366 14.8568 -20.9949 12.6616 -0.5139 38.8805 -1.0412 -22.9151 -17.3581 0.1771 1.6386 -0.3640 -1.8459 -26.6211 -36.5654 -20.0227 0.3936 19.8675 0.9488 18.8249 15.6431 -1.8415 -1.3723 0.7614 0.8290
4.1060 90.5192 1.2229 4.6337 2.8264 -4.2651 -0.2291 6.8592 0.4250 -0.1392 -1.9843 1.5375 3.4182 20.4731 2.6114 15.1564 31.7349 -2.7644 -1.9404 -4.0410 -8.3683 4.3507 -0.3436 -10.8843 0.0191 -0.1379 0.0187 0.8454 -10.9251 -3.9345 -0.7797 -10.9125 3.9379 2.8138 19.1892 1.3640 -47.9960 23.2081 -29.5703 1.7645 0.8619 -79.8370 -0.1317 6.2902 6.0590 -15.5909 10.5981 15.3053 -60.4279 1.3601 2.3015 1.7686 15.1371 16.2508 87.8012 -44.4376 -41.1953 1.2212 -0.7257 78.1040 -43.3185 -36.5394 16.8111 15.4953 7.4324 -15.9778 49.3488 -2.8598 -4.9280 14.9014 -20.3936 12.7983 -0.5207 37.6657 -1.0490 -22.9912 -16.7920 0.1657 1.6393 -0.5240 -1.8473 -26.3682 -36.2362 -20.2203 0.3883 19.3847 0.9235 18.8529 15.6877 -1.8315 -1.3718 0.6803 0.8212
3.8138 90.7541 1.3297 4.6822 2.8865 -4.3236 -0.2300 6.7534 0.4087 -0.1492 -2.0681 1.4907 3.3818 20.1955 2.5226 15.3581 31.8490 -2.8656 -1.8932 -4.0247 -8.3898 4.4051 -0.2786 -10.9079 0.0243 -0.1303 0.0135 0.8607 -10.9277 -3.9461 -0.7815 -10.9133 3.9357 3.3153 19.2554 1.5146 -48.2033 23.6273 -29.2334 1.9274 0.9642 -80.3978 -0.3275 6.1044 6.2140 -15.5742 10.6063 15.3112 -60.4940 1.4018 2.2934 1.1282 15.1652 15.9131 88.4383 -43.7038 -41.2343 1.2363 -0.7118 78.7667 -43.1712 -36.0701 16.0609 15.4742 7.4358 -15.9967 49.3394 -2.8633 -4.9433 14.9455 -19.7903 12.9241 -0.5132 36.3968 -1.0417 -23.0818 -16.1940 0.2178 1.6393 -0.6943 -1.8526 -26.1030 -35.9760 -20.4048 0.3766 18.9845 0.8723 18.9396 15.6972 -1.7395 -1.3717 0.5623 0.8201
3.4559 90.9907 1.4248 4.7477 2.9584 -4.3022 -0.2148 6.6487 0.3649 -0.1597 -2.1437 1.4681 3.3671 19.9041 2.4250 15.4806 31.9036 -2.9916 -1.8580 -4.0020 -8.4245 4.4503 -0.2610 -10.9785 0.0275 -0.1240 0.0090 0.8661 -10.9181 -3.9550 -0.7794 -10.9008 3.9337 3.7562 19.2883 1.6638 -48.3621 23.9431 -28.9489 2.0560 1.0071 -80.8296 -0.5285 5.8863 6.4247 -15.5577 10.6305 15.3081 -60.5319 1.4457 2.2865 0.5413 15.1463 15.5900 88.9224 -43.0852 -41.3005 1.2627 -0.6719 79.3546 -42.9985 -35.6821 15.2716 15.4589 7.4415 -16.0164 49.3160 -2.8806 -4.9462 14.9944 -19.1925 13.0207 -0.5080 35.0517 -1.0246 -23.2013 -15.5314 0.2588 1.6383 -0.8383 -1.8511 -25.8559 -35.7679 -20.6535 0.3650 18.6536 0.8343 19.0785 15.6581 -1.5826 -1.3690 0.4701 0.8186
3.0465 91.1936 1.5170 4.8288 3.0670 -4.2812 -0.1784 6.5474 0.3480 -0.1613 -2.2159 1.4283 3.3664 19.6134 2.3295 15.5839 31.9307 -3.0668 -1.8561 -3.9841 -8.4959 4.4956 -0.2644 -11.1036 0.0326 -0.1183 0.0052 0.8764 -10.9107 -3.9646 -0.7771 -10.8912 3.9324 4.1535 19.3122 1.8113 -48.5200 24.1297 -28.6757 2.1379 1.0591 -81.2162 -0.7318 5.5688 6.6379 -15.5524 10.6194 15.3010 -60.5254 1.4679 2.2690 -0.0167 15.0866 15.3240 89.2787 -42.5837 -41.4471 1.3229 -0.6528 79.8335 -42.7018 -35.3192 14.4511 15.4500 7.4329 -16.0542 49.2801 -2.8814 -4.9391 15.0572 -18.6288 13.1044 -0.5081 33.7161 -1.0293 -23.3853 -14.8565 0.3288 1.6371 -0.9608 -1.8529 -25.6464 -35.6899 -20.8704 0.3579 18.5176 0.7988 19.2421 15.5586 -1.3593 -1.3692 0.3707 0.8193
2.6495 91.3874 1.6071 4.9138 3.1952 -4.2281 -0.1170 6.4368 0.3220 -0.1601 -2.2853 1.3976 3.3923 19.3235 2.2411 15.5959 31.9078 -3.1302 -1.8510 -3.9680 -8.6013 4.5224 -0.2747 -11.2596 0.0457 -0.1153 -0.0045 0.8923 -10.9013 -3.9788 -0.7663 -10.8795 3.9223 4.4396 19.3421 1.9201 -48.6463 24.1582 -28.4246 2.1687 1.0649 -81.4885 -0.8986 5.1292 6.7910 -15.5593 10.5988 15.2771 -60.4997 1.4713 2.2313 -0.4961 15.0053 15.1090 89.4898 -42.2158 -41.6576 1.4137 -0.6292 80.1931 -42.3521 -35.1044 13.7335 15.4265 7.4078 -16.0738 49.2460 -2.9085 -4.9305 15.1067 -18.1079 13.1482 -0.5047 32.4087 -1.0271 -23.5535 -14.1851 0.3840 1.6365 -1.0598 -1.8515 -25.4452 -35.6627 -21.0475 0.3530 18.4924 0.7688 19.3451 15.3827 -1.1919 -1.3705 0.3413 0.8176
2.2071 91.5803 1.6970 5.0207 3.3418 -4.1487 -0.0415 6.3121 0.2809 -0.1547 -2.3391 1.3834 3.4320 19.0523 2.1471 15.5536 31.7909 -3.1672 -1.8797 -3.9562 -8.7417 4.5262 -0.2602 -11.4347 0.0580 -0.1157 -0.0131 0.9089 -10.8931 -3.9964 -0.7572 -10.8694 3.9173 4.6199 19.3648 2.0250 -48.7271 24.0980 -28.2421 2.1612 1.0874 -81.6965 -1.0401 4.5846 6.9075 -15.5672 10.5647 15.2694 -60.4160 1.4750 2.2018 -0.9031 14.9294 14.9578 89.5220 -42.0146 -41.8718 1.4872 -0.5819 80.4640 -41.9789 -35.0072 13.0684 15.4426 7.3738 -16.0869 49.2449 -2.9379 -4.9165 15.1429 -17.6325 13.1675 -0.4975 31.1607 -1.0130 -23.7377 -13.5032 0.4307 1.6372 -1.1623 -1.8463 -25.2727 -35.7202 -21.1799 0.3549 18.6123 0.7453 19.4094 15.1256 -1.0773 -1.3721 0.3206 0.8150
1.7770 91.7292 1.7901 5.1391 3.4909 -4.0836 0.0583 6.2078 0.2499 -0.1295 -2.3957 1.3486 3.4687 18.8042 2.0706 15.4008 31.5577 -3.1901 -1.9115 -3.9431 -8.9258 4.4992 -0.2017 -11.6367 0.0611 -0.1134 -0.0172 0.9159 -10.8907 -4.0086 -0.7564 -10.8647 3.9191 4.6954 19.3470 2.1087 -48.8312 24.0013 -28.1157 2.1686 1.1152 -81.8383 -1.1263 4.0420 6.9626 -15.5661 10.5419 15.2670 -60.3752 1.4697 2.1658 -1.2770 14.8394 14.8575 89.2668 -41.9560 -41.9184 1.4658 -0.4968 80.6263 -41.5564 -35.0869 12.4212 15.4555 7.3592 -16.1240 49.2888 -2.9804 -4.9355 15.1835 -17.1911 13.1504 -0.4837 29.9843 -0.9972 -23.9156 -12.8312 0.5037 1.6357 -1.2492 -1.8472 -25.1263 -35.8928 -21.2703 0.3459 18.9235 0.7169 19.4492 14.8047 -0.9532 -1.3738 0.3299 0.8185
1.3407 91.8553 1.8503 5.2783 3.6486 -4.0102 0.1722 6.1073 0.2198 -0.0991 -2.4282 1.3236 3.5264 18.5784 1.9875 15.1880 31.2635 -3.1934 -1.9484 -3.9334 -9.1327 4.4362 -0.1573 -11.8405 0.0614 -0.1144 -0.0200 0.9182 -10.9006 -4.0212 -0.7585 -10.8725 3.9265 4.6720 19.2673 2.1513 -48.9276 23.8335 -28.0255 2.0896 1.0648 -81.8853 -1.0639 3.5243 6.9168 -15.6203 10.4985 15.2734 -60.2835 1.4433 2.1517 -1.6003 14.7837 14.7736 88.8790 -42.0886 -41.9244 1.4306 -0.4266 80.6816 -41.1265 -35.2649 11.8384 15.4588 7.3554 -16.1488 49.3412 -2.9932 -4.9517 15.2109 -16.8193 13.0970 -0.4609 28.9123 -0.9609 -24.0949 -12.2184 0.5809 1.6331 -1.3281 -1.8431 -25.0257 -36.1716 -21.3381 0.3474 19.3902 0.7147 19.4445 14.3929 -0.8502 -1.3766 0.3408 0.8260
0.9146 91.9442 1.8894 5.4323 3.8384 -3.9424 0.3028 6.0175 0.2075 -0.0609 -2.4574 1.2886 3.5916 18.3833 1.9151 14.9377 30.9211 -3.1940 -2.0054 -3.9223 -9.3570 4.3477 -0.1087 -12.0687 0.0540 -0.1169 -0.0178 0.9114 -10.8981 -4.0220 -0.7682 -10.8718 3.9361 4.5580 19.1480 2.1178 -49.0414 23.6384 -27.9348 2.0399 1.0424 -81.9502 -0.9488 2.9555 6.8536 -15.6222 10.4860 15.2930 -60.2358 1.4254 2.1362 -1.8697 14.6854 14.7180 88.4182 -42.3626 -42.0074 1.4504 -0.3850 80.6934 -40.7111 -35.4517 11.3299 15.4884 7.3167 -16.1816 49.3681 -3.0468 -4.9691 15.2040 -16.5209 13.0579 -0.4450 27.9320 -0.9386 -24.2584 -11.6691 0.6561 1.6288 -1.4107 -1.8499 -24.9305 -36.5830 -21.3589 0.3646 20.0186 0.7311 19.3735 13.9438 -0.7843 -1.3778 0.3532 0.8255
0.4972 91.9971 1.9044 5.6070 4.0194 -3.8965 0.4460 5.9596 0.2054 -0.0156 -2.4693 1.2442 3.6489 18.2137 1.8368 14.7284 30.5625 -3.1728 -2.0903 -3.9121 -9.5741 4.2431 -0.0834 -12.3137 0.0403 -0.1172 -0.0103 0.8947 -10.8905 -4.0130 -0.7786 -10.8641 3.9474 4.3810 18.9934 1.9974 -49.2009 23.4203 -27.8819 1.9795 1.0804 -81.9633 -0.7842 2.2646 6.7923 -15.6034 10.4576 15.3054 -60.1772 1.4129 2.1314 -2.0873 14.5766 14.7196 87.9953 -42.7683 -42.2267 1.5227 -0.3710 80.6012 -40.2980 -35.6271 10.8937 15.5121 7.3019 -16.2164 49.3881 -3.0623 -5.0015 15.1795 -16.2803 13.0283 -0.4308 27.0832 -0.9170 -24.4078 -11.1817 0.7475 1.6281 -1.4684 -1.8686 -24.9082 -37.0569 -21.3107 0.3914 20.7432 0.7540 19.2842 13.4944 -0.7429 -1.3803 0.3742 0.8256
0.1193 92.0390 1.8846 5.7730 4.1996 -3.8317 0.5916 5.9237 0.1837 0.0247 -2.4706 1.2198 3.7352 18.0775 1.7326 14.5679 30.2110 -3.1475 -2.1539 -3.8965 -9.8073 4.1492 -0.0699 -12.5515 0.0296 -0.1198 -0.0044 0.8793 -10.8817 -4.0038 -0.7857 -10.8508 3.9550 4.1810 18.8819 1.8421 -49.3667 23.2610 -27.9812 2.0457 1.1881 -82.0033 -0.6747 1.7045 6.7734 -15.5971 10.4787 15.3470 -60.2481 1.4222 2.1192 -2.2375 14.4581 14.7473 87.6649 -43.2798 -42.5726 1.6397 -0.3929 80.4792 -39.9312 -35.7074 10.5330 15.5689 7.2896 -16.2553 49.4652 -3.0755 -5.0286 15.1382 -16.1085 12.9867 -0.4168 26.3306 -0.8929 -24.5098 -10.7116 0.7778 1.6280 -1.5328 -1.8850 -24.8776 -37.5634 -21.2737 0.4338 21.4604 0.7866 19.1709 13.0593 -0.7378 -1.3782 0.3941 0.8155
-0.2243 92.0738 1.8479 5.9267 4.3652 -3.7363 0.7384 5.9313 0.1654 0.0707 -2.4673 1.1682 3.8347 17.9670 1.6312 14.4812 29.8467 -3.1503 -2.2136 -3.8792 -9.9891 4.0366 -0.0612 -12.7933 0.0258 -0.1250 -0.0021 0.8727 -10.8672 -3.9940 -0.7880 -10.8375 3.9529 3.9633 18.8014 1.6185 -49.5164 23.1398 -28.1859 2.1063 1.2979 -82.0159 -0.5674 1.4318 6.7789 -15.6124 10.5167 15.3815 -60.3063 1.4511 2.1079 -2.3124 14.2943 14.8044 87.3561 -43.8906 -42.9969 1.7181 -0.3868 80.2755 -39.5757 -35.8019 10.2342 15.5711 7.2903 -16.2945 49.5027 -3.0499 -5.0396 15.1034 -16.0010 12.9379 -0.4084 25.6668 -0.8722 -24.6022 -10.2790 0.7835 1.6286 -1.5780 -1.8976 -24.8771 -38.0226 -21.1866 0.4600 22.1343 0.8192 19.0726 12.6577 -0.8241 -1.3763 0.4664 0.8101
-0.5441 92.0912 1.7842 6.0680 4.5307 -3.5873 0.8848 6.0003 0.1266 0.1155 -2.4507 1.1137 3.9645 17.8633 1.5449 14.5030 29.4615 -3.1922 -2.2273 -3.8657 -10.1690 3.8802 -0.0950 -12.9945 0.0203 -0.1307 0.0014 0.8679 -10.8607 -3.9885 -0.7942 -10.8325 3.9559 3.7797 18.7325 1.3261 -49.7424 22.9883 -28.6092 2.1727 1.4406 -81.9609 -0.4406 1.2959 6.8468 -15.6115 10.5617 15.4236 -60.3950 1.4796 2.1061 -2.3111 14.1119 14.8812 87.1491 -44.6000 -43.5201 1.7662 -0.3730 80.0423 -39.2525 -35.7963 9.9741 15.5979 7.2867 -16.3064 49.5373 -3.0460 -5.0184 15.0535 -16.0191 12.8315 -0.4055 25.2017 -0.8605 -24.6729 -9.9252 0.7969 1.6301 -1.6108 -1.9038 -24.8948 -38.4845 -21.0980 0.4879 22.7805 0.8481 18.9320 12.2845 -0.9575 -1.3743 0.5604 0.7995
-0.7761 92.0929 1.6631 6.1960 4.6710 -3.4123 1.0280 6.1314 0.1096 0.1583 -2.4260 1.0319 4.1103 17.8027 1.4946 14.6078 29.0324 -3.2838 -2.2215 -3.8526 -10.3200 3.7564 -0.2152 -13.1919 0.0238 -0.1349 -0.0006 0.8703 -10.8517 -3.9872 -0.7900 -10.8228 3.9497 3.5867 18.6621 0.9460 -49.9684 22.7979 -29.1339 2.1468 1.5944 -81.8834 -0.2958 1.1938 6.9302 -15.5827 10.5951 15.4335 -60.4046 1.4935 2.1210 -2.1898 13.8772 14.9869 86.9929 -45.4438 -44.1751 1.7809 -0.3606 79.7457 -39.0268 -35.8722 9.9293 15.5989 7.2865 -16.3130 49.5461 -3.0579 -4.9930 15.0079 -16.1722 12.6961 -0.4030 25.0099 -0.8499 -24.6905 -9.6694 0.8083 1.6315 -1.6382 -1.9033 -24.9747 -38.9117 -20.9159 0.4965 23.4077 0.8612 18.7577 11.9689 -1.1822 -1.3753 0.6552 0.7875
-0.9417 92.0590 1.5256 6.3014 4.7904 -3.2133 1.1656 6.3292 0.0975 0.2099 -2.3714 0.9511 4.2687 17.8024 1.4292 14.7553 28.4704 -3.3783 -2.2157 -3.8428 -10.4430 3.6633 -0.4272 -13.3997 0.0399 -0.1369 -0.0104 0.8836 -10.8447 -3.9954 -0.7713 -10.8146 3.9328 3.3533 18.5764 0.5343 -50.1812 22.5312 -29.7918 2.0395 1.7888 -81.7594 -0.1773 1.1034 7.0298 -15.5798 10.6338 15.4643 -60.4236 1.5178 2.1457 -1.9904 13.6162 15.1432 86.8721 -46.4683 -44.9068 1.7403 -0.3359 79.4180 -38.9179 -35.9750 10.0531 15.6120 7.2929 -16.3623 49.5427 -3.0562 -5.0185 14.9588 -16.4946 12.4973 -0.4140 25.1375 -0.8560 -24.6393 -9.5375 0.7780 1.6318 -1.6750 -1.8998 -25.0750 -39.3655 -20.7425 0.4944 24.0449 0.8609 18.5733 11.7589 -1.3903 -1.3773 0.7530 0.7722
-1.0231 91.9596 1.3046 6.4148 4.8705 -3.0015 1.2796 6.5799 0.0948 0.2551 -2.2731 0.8810 4.4354 17.8584 1.3693 14.9268 27.7747 -3.4746 -2.2200 -3.8401 -10.5917 3.5590 -0.7360 -13.6064 0.0593 -0.1365 -0.0217 0.8999 -10.8386 -4.0088 -0.7482 -10.8081 3.9156 3.0723 18.4738 0.0684 -50.3322 22.1928 -30.6252 1.8221 1.8946 -81.5921 -0.0707 1.2246 7.1872 -15.5824 10.6430 15.4393 -60.4121 1.5213 2.1541 -1.6384 13.3440 15.4003 86.8563 -47.6740 -45.8471 1.7251 -0.3398 79.0803 -39.0196 -36.0341 10.5328 15.6433 7.2882 -16.3901 49.5750 -3.1228 -5.0347 14.8852 -16.9694 12.2416 -0.4224 25.6328 -0.8644 -24.5773 -9.6277 0.7729 1.6346 -1.6892 -1.9086 -25.2587 -39.8473 -20.5228 0.4917 24.7140 0.8644 18.4164 11.5723 -1.5690 -1.3818 0.8297 0.7613
-1.0532 91.7965 1.0370 6.5183 4.9152 -2.7588 1.3743 6.8954 0.0968 0.3027 -2.1489 0.7998 4.6092 18.0110 1.3498 15.1040 26.9773 -3.5808 -2.2363 -3.8409 -10.7616 3.5006 -1.1049 -13.8500 0.0712 -0.1338 -0.0276 0.9068 -10.8338 -4.0130 -0.7294 -10.8020 3.9017 2.7054 18.3633 -0.4661 -50.3568 21.8672 -31.5760 1.6000 1.9944 -81.3956 0.0279 1.4125 7.3195 -15.6060 10.6779 15.4697 -60.4340 1.5390 2.1868 -1.1499 13.0703 15.7304 86.8999 -49.1245 -46.9300 1.7337 -0.3662 78.6475 -39.2259 -36.1268 11.2999 15.6749 7.2822 -16.4120 49.6550 -3.2075 -5.0678 14.8070 -17.6358 11.9063 -0.4313 26.5372 -0.8745 -24.5519 -9.9756 0.7839 1.6364 -1.6211 -1.9262 -25.5084 -40.4125 -20.2755 0.4918 25.4863 0.8562 18.2742 11.3813 -1.7077 -1.3866 0.9228 0.7638
-1.0056 91.5599 0.7391 6.6259 4.9165 -2.5462 1.4378 7.2546 0.1257 0.3563 -1.9771 0.7343 4.7785 18.2289 1.3554 15.2527 26.1258 -3.6499 -2.2797 -3.8561 -10.9810 3.5075 -1.5595 -14.1324 0.0766 -0.1307 -0.0301 0.9020 -10.8137 -4.0077 -0.7144 -10.7786 3.8895 2.2843 18.2583 -1.0256 -50.2798 21.5446 -32.6405 1.4012 2.0610 -81.0516 0.1940 1.5506 7.3833 -15.6017 10.7036 15.4389 -60.4713 1.5354 2.1801 -0.5537 12.8455 16.1796 86.9041 -50.7331 -48.0658 1.7356 -0.4231 78.0384 -39.4308 -36.2291 12.2603 15.6947 7.2624 -16.4112 49.6976 -3.2889 -5.0954 14.7212 -18.4358 11.5537 -0.4410 27.7785 -0.8920 -24.5873 -10.5094 0.8112 1.6387 -1.5395 -1.9543 -25.8621 -41.0265 -19.9396 0.4935 26.3541 0.8509 18.1660 11.1911 -1.8066 -1.3895 1.0052 0.7733
-0.9081 91.2663 0.4116 6.6997 4.9089 -2.3578 1.4781 7.6202 0.1450 0.4085 -1.7816 0.7027 4.9350 18.5478 1.3855 15.2788 25.3210 -3.7144 -2.2957 -3.8638 -11.1783 3.5358 -2.0431 -14.3689 0.0770 -0.1339 -0.0305 0.8967 -10.7963 -4.0011 -0.7096 -10.7584 3.8820 1.8696 18.2098 -1.5452 -50.0921 21.2032 -33.6532 1.3065 2.0376 -80.5074 0.5112 1.4776 7.2968 -15.5949 10.7407 15.4401 -60.5402 1.5191 2.1925 -0.0042 12.6483 16.6188 86.8350 -52.1852 -48.9174 1.6569 -0.4928 77.3613 -39.4935 -36.3109 13.1011 15.7191 7.2678 -16.4022 49.7842 -3.3336 -5.1332 14.6441 -19.3759 11.2221 -0.4487 29.2629 -0.9190 -24.6244 -11.1965 0.8322 1.6370 -1.4159 -1.9691 -26.2274 -41.7051 -19.5519 0.4979 27.3056 0.8587 18.0620 11.0166 -1.8660 -1.3893 1.0799 0.7790
-0.7712 90.9218 0.0415 6.7503 4.8958 -2.2348 1.5073 7.9852 0.1895 0.4528 -1.5934 0.6598 5.0482 18.9467 1.4568 15.2301 24.6464 -3.7240 -2.3336 -3.8654 -11.3405 3.6012 -2.4928 -14.6024 0.0658 -0.1369 -0.0232 0.8825 -10.7768 -3.9877 -0.7189 -10.7395 3.8877 1.4299 18.2075 -1.9920 -49.8180 20.8065 -34.3223 1.2732 1.8962 -79.7545 1.0938 1.1589 7.0882 -15.5995 10.7752 15.4405 -60.6032 1.5361 2.2217 0.3886 12.5714 17.0362 86.8420 -53.2895 -49.5296 1.6104 -0.5243 76.5888 -39.5186 -36.3950 13.8247 15.7109 7.2695 -16.3971 49.8338 -3.3781 -5.1801 14.5782 -20.3618 10.9716 -0.4583 30.8848 -0.9360 -24.6859 -11.9728 0.8330 1.6320 -1.2695 -1.9884 -26.5851 -42.4019 -19.1266 0.4920 28.2627 0.8625 18.0012 10.8488 -1.8780 -1.3882 1.1510 0.7784
-0.6049 90.5535 -0.3036 6.7723 4.9280 -2.2389 1.5277 8.3122 0.1899 0.4824 -1.3864 0.6897 5.1298 19.3892 1.5844 15.1356 24.2060 -3.7248 -2.3660 -3.8663 -11.4743 3.6877 -2.8901 -14.7658 0.0450 -0.1425 -0.0098 0.8601 -10.7592 -3.9684 -0.7400 -10.7228 3.9030 0.9420 18.2236 -2.3725 -49.4396 20.3434 -34.3959 1.2049 1.6337 -78.8121 1.9627 0.5963 6.6616 -15.5679 10.7613 15.4321 -60.4964 1.5096 2.2925 0.6459 12.5195 17.4055 86.8974 -53.9486 -49.8060 1.5798 -0.5663 75.8904 -39.3669 -36.3553 14.2641 15.6941 7.2901 -16.3691 49.8318 -3.3651 -5.2128 14.5524 -21.3589 10.8439 -0.4571 32.4876 -0.9532 -24.8138 -12.7698 0.8302 1.6279 -1.1149 -1.9993 -26.9215 -43.1598 -18.6969 0.5031 29.1580 0.8878 17.9803 10.7346 -1.8213 -1.3874 1.2410 0.7718
-0.4113 90.1939 -0.6307 6.7476 4.9672 -2.3466 1.5617 8.5982 0.1920 0.5015 -1.1993 0.7297 5.1593 19.8970 1.7379 15.0198 24.0423 -3.6916 -2.4049 -3.8720 -11.5940 3.7655 -3.1764 -14.8813 0.0271 -0.1443 0.0020 0.8399 -10.7441 -3.9509 -0.7582 -10.7118 3.9162 0.3621 18.2772 -2.6642 -48.8936 19.9094 -33.8753 1.1244 1.3616 -77.6976 3.0407 -0.0287 6.1167 -15.5267 10.7482 15.4225 -60.3795 1.4873 2.3468 0.8334 12.5189 17.7165 86.9450 -54.1767 -49.6428 1.5898 -0.6293 75.4150 -39.1285 -36.1352 14.5223 15.6426 7.3291 -16.3615 49.8308 -3.3237 -5.2318 14.5844 -22.2913 10.8022 -0.4514 34.0263 -0.9444 -24.9425 -13.5314 0.8010 1.6252 -0.9348 -2.0043 -27.1448 -43.8690 -18.3212 0.5326 29.9060 0.9340 17.9889 10.6772 -1.7152 -1.3852 1.3136 0.7687
-0.2273 89.8513 -0.9061 6.6901 4.9718 -2.5383 1.5830 8.8485 0.2326 0.5159 -1.0274 0.7531 5.1399 20.4600 1.8723 14.8744 24.1713 -3.6876 -2.4268 -3.8708 -11.6402 3.8600 -3.3323 -14.9830 0.0180 -0.1464 0.0087 0.8303 -10.7210 -3.9347 -0.7669 -10.6925 3.9159 -0.2055 18.3736 -2.8560 -48.2603 19.6070 -32.9721 1.1511 1.1042 -76.4493 4.1393 -0.5258 5.5634 -15.5089 10.7039 15.3733 -60.2655 1.4557 2.3917 0.9647 12.5594 17.9528 87.0456 -54.0032 -49.0520 1.5947 -0.7221 75.1936 -38.8335 -35.7217 14.7170 15.5902 7.3594 -16.3348 49.8401 -3.3103 -5.2503 14.6450 -23.1354 10.8352 -0.4493 35.5292 -0.9433 -25.0255 -14.2392 0.7010 1.6204 -0.7776 -2.0005 -27.3246 -44.4718 -17.9702 0.5565 30.5221 0.9616 18.0229 10.6481 -1.5407 -1.3832 1.3837 0.7833
-0.0139 89.5004 -1.1195 6.6143 4.9118 -2.7922 1.5982 9.0942 0.2595 0.5144 -0.8646 0.8169 5.1109 21.0164 2.0009 14.7399 24.5390 -3.7614 -2.4285 -3.8815 -11.6785 3.8973 -3.3747 -15.0247 0.0152 -0.1509 0.0103 0.8276 -10.7144 -3.9228 -0.7698 -10.6899 3.9075 -0.6782 18.5229 -2.9510 -47.5826 19.3733 -31.8760 1.2347 0.9054 -75.1725 5.1982 -0.7887 5.0903 -15.5384 10.6786 15.3357 -60.1879 1.4235 2.4476 1.0605 12.6505 18.0718 87.2248 -53.5011 -48.0924 1.5082 -0.8117 75.2613 -38.4875 -34.9942 14.6658 15.5655 7.4166 -16.3331 49.9318 -3.2792 -5.2638 14.7326 -23.8336 10.8792 -0.4559 36.9616 -0.9489 -25.0610 -14.9385 0.5730 1.6184 -0.5778 -1.9857 -27.4729 -44.9759 -17.6948 0.5985 31.0338 1.0126 18.0262 10.6356 -1.3691 -1.3787 1.4412 0.8112
0.2131 89.1674 -1.2898 6.5328 4.7638 -3.0461 1.6036 9.3299 0.2974 0.5014 -0.7293 0.8712 5.0862 21.5554 2.1291 14.6262 25.0813 -3.8924 -2.4229 -3.8992 -11.7193 3.8750 -3.3610 -15.0551 0.0136 -0.1552 0.0108 0.8239 -10.7148 -3.9125 -0.7712 -10.6944 3.8992 -1.0342 18.6743 -2.9481 -46.9227 19.1877 -30.6786 1.2969 0.8160 -74.0073 6.1835 -0.9455 4.7508 -15.5969 10.6514 15.2947 -60.1591 1.4309 2.4499 1.1415 12.8032 18.1161 87.6739 -52.7726 -47.0939 1.4083 -0.8804 75.5189 -38.3006 -34.0558 14.6913 15.5578 7.4876 -16.3028 50.0284 -3.2347 -5.2450 14.8298 -24.3817 10.9393 -0.4695 38.3032 -0.9536 -25.0438 -15.6084 0.4943 1.6178 -0.3598 -1.9665 -27.6276 -45.3435 -17.4865 0.6427 31.4728 1.0701 18.0745 10.5998 -1.1743 -1.3736 1.4742 0.8457
0.4243 88.8850 -1.4190 6.4501 4.5756 -3.2750 1.5964 9.5401 0.3317 0.4853 -0.6400 0.9237 5.0550 22.0312 2.2731 14.5615 25.6915 -3.9978 -2.4501 -3.9236 -11.7848 3.8589 -3.3253 -15.0882 0.0066 -0.1587 0.0148 0.8132 -10.7159 -3.8951 -0.7754 -10.6994 3.8916 -1.2231 18.8071 -2.8854 -46.3785 19.0427 -29.5281 1.3593 0.7382 -73.1633 6.9847 -1.0271 4.4955 -15.6372 10.6176 15.2850 -60.1420 1.4359 2.4684 1.2625 12.9887 18.1089 88.1410 -51.9918 -46.0553 1.2619 -0.9981 75.7710 -38.3038 -33.1502 14.8861 15.5397 7.5480 -16.2407 50.0737 -3.1693 -5.2076 14.9092 -24.7842 11.0306 -0.4874 39.4749 -0.9695 -24.9610 -16.2207 0.4379 1.6139 -0.1553 -1.9531 -27.7774 -45.5966 -17.3112 0.6679 31.8229 1.1136 18.1259 10.5835 -0.9724 -1.3675 1.4807 0.8674
0.6393 88.6673 -1.5060 6.4039 4.3769 -3.4687 1.5721 9.6977 0.3402 0.4550 -0.5683 0.9979 5.0274 22.4262 2.3957 14.5342 26.2694 -4.0698 -2.4879 -3.9572 -11.8685 3.8371 -3.3228 -15.1311 -0.0065 -0.1641 0.0208 0.7908 -10.7056 -3.8729 -0.7792 -10.6912 3.8844 -1.2893 18.8863 -2.7616 -45.9979 18.9550 -28.5775 1.3491 0.7077 -72.6258 7.4717 -1.1435 4.2586 -15.6139 10.5875 15.2842 -60.0686 1.4126 2.4791 1.3720 13.2220 18.0684 88.7440 -51.2845 -45.2427 1.1762 -1.1039 75.8180 -38.5136 -32.3896 15.2245 15.5225 7.5901 -16.1903 50.0998 -3.0976 -5.1653 14.9442 -25.0300 11.1607 -0.5116 40.3654 -0.9983 -24.8687 -16.6844 0.4256 1.6092 -0.0148 -1.9433 -27.9802 -45.7030 -17.1317 0.6733 31.9704 1.1546 18.2247 10.6316 -0.8120 -1.3625 1.4705 0.8735
0.8456 88.5428 -1.5751 6.3721 4.2035 -3.6127 1.5328 9.7983 0.3197 0.4274 -0.5187 1.0772 4.9826 22.7257 2.4856 14.4875 26.7722 -4.0906 -2.5061 -3.9829 -11.9646 3.8251 -3.3025 -15.1956 -0.0106 -0.1699 0.0187 0.7791 -10.7106 -3.8661 -0.7767 -10.6926 3.8741 -1.2144 18.9247 -2.5727 -45.8048 18.9277 -27.8839 1.3157 0.5904 -72.4132 7.6901 -1.2226 4.0134 -15.5896 10.5390 15.2811 -60.0258 1.3795 2.4785 1.4645 13.4361 18.0185 89.1183 -50.6228 -44.3867 1.0869 -1.1514 75.6960 -38.7963 -31.8588 15.5492 15.4825 7.6326 -16.2136 50.0318 -3.0408 -5.1385 14.9119 -25.1716 11.3358 -0.5286 40.9793 -1.0202 -24.7095 -16.9979 0.3293 1.6058 0.0486 -1.9290 -28.1149 -45.6935 -17.0442 0.6701 31.9463 1.1693 18.3131 10.7292 -0.6729 -1.3602 1.4242 0.8614
1.0059 88.4931 -1.5973 6.3788 4.0592 -3.6968 1.4756 9.8626 0.2977 0.3934 -0.4976 1.1380 4.9145 22.9113 2.5645 14.4641 27.1938 -4.0700 -2.5382 -3.9965 -12.0664 3.8495 -3.2526 -15.2943 -0.0078 -0.1728 0.0123 0.7763 -10.7089 -3.8686 -0.7672 -10.6894 3.8606 -1.0369 18.9605 -2.3744 -45.7891 18.9858 -27.4647 1.2644 0.4905 -72.3911 7.7461 -1.3058 3.7930 -15.5492 10.5266 15.2924 -59.9927 1.3763 2.4856 1.5598 13.6145 17.9924 89.3191 -50.0064 -43.5972 0.9718 -1.1658 75.3925 -39.1207 -31.5515 15.9444 15.4181 7.6688 -16.2064 49.9814 -3.0192 -5.0784 14.8193 -25.2296 11.5399 -0.5376 41.3578 -1.0340 -24.5445 -17.1745 0.1920 1.6040 0.0584 -1.9151 -28.2595 -45.5932 -16.9666 0.6490 31.7884 1.1616 18.4143 10.8463 -0.6189 -1.3608 1.3548 0.8502
1.1361 88.4930 -1.6349 6.3896 3.9679 -3.7258 1.4214 9.8837 0.2770 0.3528 -0.4973 1.1841 4.8420 23.0183 2.6258 14.4452 27.5062 -3.9952 -2.5910 -4.0052 -12.1471 3.8915 -3.1735 -15.4099 -0.0072 -0.1752 0.0088 0.7797 -10.7150 -3.8758 -0.7694 -10.6981 3.8593 -0.8276 18.9956 -2.1854 -45.8597 19.1004 -27.2048 1.1810 0.3594 -72.5276 7.7092 -1.2960 3.6323 -15.5520 10.4997 15.3017 -59.9515 1.3544 2.4859 1.6145 13.8018 17.9863 89.5538 -49.4757 -43.0770 0.9479 -1.2029 74.9689 -39.4371 -31.3505 16.3246 15.4034 7.6820 -16.1867 49.9509 -3.0416 -5.0101 14.7147 -25.2593 11.7487 -0.5490 41.5541 -1.0395 -24.3750 -17.3051 0.0551 1.6017 0.0443 -1.8997 -28.3452 -45.4377 -16.9262 0.6194 31.5138 1.1335 18.5046 10.9563 -0.6164 -1.3612 1.3220 0.8305
1.2428 88.5276 -1.6743 6.4061 3.9021 -3.7009 1.3628 9.8746 0.2358 0.3269 -0.5031 1.2229 4.7717 23.0404 2.6715 14.4441 27.6851 -3.9324 -2.6406 -4.0126 -12.2276 3.9068 -3.0714 -15.4996 -0.0078 -0.1730 0.0048 0.7801 -10.7118 -3.8831 -0.7700 -10.6963 3.8567 -0.6319 19.0239 -1.9820 -45.9992 19.2407 -27.1299 1.0967 0.2314 -72.6564 7.6032 -1.1684 3.4623 -15.5271 10.4954 15.2961 -59.9171 1.3532 2.5029 1.6329 13.9717 17.9623 89.7313 -48.9872 -42.6469 0.9449 -1.1491 74.5374 -39.7523 -31.3322 16.7093 15.3747 7.7007 -16.2012 49.9227 -3.0581 -4.9949 14.6223 -25.2102 11.9125 -0.5581 41.5296 -1.0457 -24.2130 -17.3269 -0.1646 1.6027 0.0078 -1.8862 -28.3743 -45.2337 -17.0007 0.5875 31.1659 1.1032 18.5869 11.0957 -0.6710 -1.3634 1.2853 0.8154
1.2978 88.5932 -1.6485 6.4158 3.8498 -3.6606 1.3131 9.8436 0.2246 0.3080 -0.5223 1.2448 4.7037 23.0239 2.6721 14.4481 27.8203 -3.8747 -2.6703 -4.0262 -12.2852 3.8909 -3.0000 -15.5647 -0.0059 -0.1692 0.0033 0.7813 -10.6999 -3.8841 -0.7665 -10.6861 3.8526 -0.4596 19.0525 -1.7852 -46.1449 19.4001 -27.1653 1.0330 0.2379 -72.8083 7.4880 -1.0976 3.3512 -15.5181 10.4960 15.2860 -59.8769 1.3531 2.5073 1.6245 14.1325 17.9120 89.7670 -48.5533 -42.1909 0.9634 -1.1525 74.1669 -40.0724 -31.2663 17.1056 15.3627 7.6958 -16.1795 49.9110 -3.0606 -4.9819 14.5333 -25.1243 12.0486 -0.5564 41.4163 -1.0467 -24.0583 -17.2905 -0.3198 1.6053 0.0020 -1.8811 -28.3811 -44.9873 -17.0468 0.5423 30.7973 1.0482 18.6743 11.2538 -0.7528 -1.3667 1.2583 0.8110
1.3542 88.6680 -1.6233 6.4066 3.7948 -3.6008 1.2577 9.7870 0.2109 0.2936 -0.5391 1.2602 4.6466 22.9940 2.6485 14.4702 27.9264 -3.8421 -2.7118 -4.0395 -12.2886 3.8678 -2.9503 -15.6030 0.0003 -0.1656 0.0011 0.7836 -10.6802 -3.8848 -0.7560 -10.6702 3.8462 -0.2958 19.0808 -1.5863 -46.2749 19.6039 -27.3139 1.0167 0.3008 -72.9720 7.4290 -0.9288 3.3197 -15.5098 10.5228 15.2713 -59.8793 1.3596 2.5002 1.5830 14.2615 17.8374 89.7670 -48.1509 -41.7522 0.9650 -1.1389 73.8660 -40.3176 -31.1804 17.4113 15.3339 7.6786 -16.1458 49.9258 -3.0721 -4.9808 14.4940 -24.9877 12.1270 -0.5633 41.2092 -1.0515 -23.9584 -17.2181 -0.4569 1.6069 -0.0145 -1.8783 -28.3904 -44.6841 -17.0799 0.5308 30.4137 1.0345 18.7590 11.4175 -0.9108 -1.3686 1.2152 0.8146
1.3758 88.7542 -1.5797 6.3914 3.7246 -3.5138 1.2029 9.7151 0.2197 0.2786 -0.5793 1.2677 4.6019 22.9658 2.6056 14.5079 28.0150 -3.8621 -2.7520 -4.0477 -12.2406 3.8416 -2.8762 -15.6059 -0.0038 -0.1618 0.0052 0.7773 -10.6638 -3.8753 -0.7588 -10.6574 3.8468 -0.1332 19.0993 -1.4304 -46.3633 19.7899 -27.4935 1.0003 0.3459 -73.1749 7.4152 -0.6361 3.3769 -15.5046 10.5351 15.2705 -59.8988 1.3743 2.5067 1.5615 14.3666 17.7549 89.6710 -47.7950 -41.2828 0.9355 -1.0954 73.5741 -40.5286 -31.1187 17.6484 15.3336 7.6740 -16.1079 49.9739 -3.0882 -4.9759 14.4761 -24.8257 12.1631 -0.5574 40.9678 -1.0474 -23.8689 -17.1050 -0.6081 1.6067 -0.0574 -1.8840 -28.3672 -44.3306 -17.1258 0.5078 30.0192 1.0126 18.8407 11.5790 -1.0596 -1.3693 1.1630 0.8163
1.4020 88.8440 -1.5076 6.3655 3.6372 -3.4318 1.1553 9.6380 0.2390 0.2734 -0.6348 1.2372 4.5534 22.9340 2.5747 14.5512 28.1244 -3.8898 -2.7636 -4.0431 -12.1905 3.7891 -2.7698 -15.5707 -0.0094 -0.1575 0.0099 0.7731 -10.6699 -3.8709 -0.7657 -10.6672 3.8536 0.0674 19.1152 -1.2881 -46.4560 19.9775 -27.6934 0.9997 0.3663 -73.4500 7.4667 -0.3111 3.4409 -15.4758 10.5637 15.3125 -59.9345 1.3821 2.5291 1.5670 14.4508 17.6784 89.5199 -47.4729 -40.8356 0.8886 -1.0981 73.2743 -40.7143 -31.1292 17.9815 15.2921 7.6863 -16.0885 49.9540 -3.0872 -4.9819 14.4766 -24.6281 12.1502 -0.5594 40.7309 -1.0576 -23.7881 -17.0161 -0.7361 1.6066 -0.0966 -1.8974 -28.3620 -43.9593 -17.1397 0.4960 29.6722 0.9985 18.9110 11.6824 -1.2081 -1.3705 1.1106 0.8196
1.4291 88.9195 -1.4554 6.3350 3.5428 -3.3352 1.1168 9.5178 0.2372 0.2504 -0.6778 1.2465 4.5354 22.8931 2.5457 14.6098 28.2265 -3.9097 -2.7698 -4.0387 -12.1898 3.7659 -2.6312 -15.5297 -0.0198 -0.1577 0.0147 0.7652 -10.6768 -3.8658 -0.7790 -10.6812 3.8628 0.2991 19.1504 -1.1740 -46.5194 20.1389 -27.9085 0.9780 0.4018 -73.8104 7.5307 -0.0797 3.4891 -15.4784 10.5699 15.3497 -59.9552 1.3888 2.5592 1.6060 14.5452 17.5950 89.4240 -47.2542 -40.4985 0.8084 -1.0644 72.9219 -40.9303 -31.2789 18.3621 15.2800 7.7057 -16.0608 49.8995 -3.0722 -4.9621 14.5058 -24.4074 12.1058 -0.5558 40.4649 -1.0532 -23.6964 -16.9190 -0.8684 1.6076 -0.1475 -1.9094 -28.3619 -43.5451 -17.1545 0.4849 29.2919 0.9925 19.0009 11.7877 -1.3851 -1.3707 1.0524 0.8248
1.4588 89.0050 -1.3795 6.2870 3.4400 -3.2932 1.0830 9.3937 0.2553 0.2256 -0.7381 1.2631 4.5488 22.8533 2.5209 14.6464 28.3193 -3.9369 -2.7695 -4.0309 -12.1811 3.7659 -2.5002 -15.4897 -0.0310 -0.1558 0.0191 0.7583 -10.6889 -3.8627 -0.7952 -10.6949 3.8735 0.5541 19.1621 -1.0480 -46.6218 20.4018 -28.1839 1.0048 0.4788 -74.3004 7.5755 0.1225 3.5227 -15.4370 10.5826 15.3798 -59.9941 1.3992 2.5686 1.6623 14.6264 17.5435 89.3775 -47.0944 -40.3208 0.7807 -1.0097 72.5269 -41.1499 -31.4526 18.6560 15.2648 7.6845 -15.9985 49.8107 -3.0738 -4.9251 14.5516 -24.1582 12.0454 -0.5566 40.2102 -1.0556 -23.6248 -16.8421 -0.9283 1.6086 -0.1806 -1.9279 -28.3532 -43.1073 -17.1303 0.4747 28.9044 0.9823 19.0682 11.9177 -1.5707 -1.3709 1.0124 0.8253
1.4742 89.1040 -1.3051 6.2097 3.3285 -3.2551 1.0546 9.2575 0.2638 0.2077 -0.8088 1.2642 4.5745 22.7935 2.5222 14.7112 28.4427 -3.9588 -2.7918 -4.0257 -12.1440 3.7255 -2.3925 -15.4265 -0.0403 -0.1539 0.0221 0.7522 -10.6883 -3.8586 -0.8077 -10.6973 3.8786 0.8762 19.1562 -0.9102 -46.8018 20.7872 -28.5476 1.0595 0.5446 -74.8732 7.6265 0.2882 3.5344 -15.3930 10.5908 15.4175 -60.0006 1.4063 2.5961 1.7264 14.7236 17.5078 89.4222 -47.0082 -40.2842 0.7871 -0.9964 72.0933 -41.3326 -31.5745 18.9064 15.2567 7.6673 -15.9892 49.7370 -3.0732 -4.9287 14.6202 -23.8874 11.9542 -0.5456 39.9523 -1.0501 -23.5372 -16.7501 -0.9238 1.6109 -0.2111 -1.9373 -28.2907 -42.6340 -17.1422 0.4703 28.4997 0.9765 19.1125 12.0319 -1.7538 -1.3715 0.9822 0.8250
1.5053 89.2143 -1.2282 6.1190 3.2052 -3.2424 1.0189 9.1457 0.2914 0.1927 -0.9080 1.2351 4.6122 22.7172 2.5372 14.7939 28.5616 -3.9577 -2.7967 -4.0156 -12.0559 3.6920 -2.3032 -15.3381 -0.0469 -0.1496 0.0239 0.7525 -10.6903 -3.8554 -0.8206 -10.6965 3.8804 1.2893 19.1599 -0.7602 -47.0411 21.3209 -28.9404 1.1292 0.5916 -75.5285 7.6614 0.4599 3.4777 -15.3608 10.5877 15.4442 -60.0089 1.3989 2.6083 1.7867 14.7827 17.4707 89.3917 -46.9611 -40.2054 0.8090 -1.0119 71.6009 -41.5019 -31.6977 19.1081 15.2193 7.6822 -15.9751 49.6944 -3.0505 -4.9102 14.6882 -23.5869 11.9173 -0.5461 39.6772 -1.0572 -23.4312 -16.6816 -0.8960 1.6127 -0.2442 -1.9386 -28.2019 -42.1128 -17.1454 0.4543 28.0491 0.9584 19.1607 12.1113 -1.9392 -1.3704 0.9462 0.8259
1.5441 89.3452 -1.1263 6.0270 3.0626 -3.2346 0.9774 9.0281 0.2733 0.1686 -0.9759 1.2561 4.6776 22.5679 2.5478 14.9183 28.6534 -3.9317 -2.7830 -4.0141 -11.9605 3.6546 -2.2548 -15.2399 -0.0454 -0.1509 0.0215 0.7602 -10.7075 -3.8650 -0.8253 -10.7072 3.8847 1.7804 19.1664 -0.5702 -47.3480 22.0399 -29.4802 1.1885 0.6664 -76.2147 7.6526 0.7688 3.3675 -15.3055 10.5834 15.4718 -59.9665 1.3721 2.6390 1.8317 14.8288 17.4154 89.3421 -46.9248 -40.1494 0.8323 -0.9949 71.1814 -41.6309 -31.7815 19.1822 15.2198 7.6950 -15.9436 49.6620 -3.0094 -4.8709 14.7640 -23.2369 11.9273 -0.5643 39.3237 -1.0893 -23.3505 -16.5732 -0.8525 1.6151 -0.3047 -1.9260 -28.1096 -41.5433 -17.2062 0.4504 27.5105 0.9713 19.2348 12.2454 -2.1380 -1.3695 0.9022 0.8218
1.5665 89.4822 -1.0085 5.9310 2.9069 -3.2543 0.9246 8.9184 0.2717 0.1490 -1.0595 1.2339 4.7416 22.3706 2.5717 15.0731 28.6989 -3.8768 -2.7857 -4.0084 -11.8246 3.6236 -2.2633 -15.1664 -0.0390 -0.1486 0.0175 0.7739 -10.7269 -3.8811 -0.8243 -10.7249 3.8891 2.2965 19.1855 -0.3819 -47.6834 22.9186 -29.9891 1.2500 0.7397 -76.8927 7.7020 1.2269 3.2044 -15.2607 10.5894 15.4944 -59.9342 1.3707 2.6737 1.8677 14.8482 17.3623 89.0991 -46.8574 -39.9161 0.8061 -0.9309 70.8460 -41.7360 -31.9218 19.1669 15.2177 7.6967 -15.9306 49.6382 -2.9621 -4.8548 14.8335 -22.8491 11.9750 -0.5833 38.9679 -1.1193 -23.2743 -16.4622 -0.8070 1.6178 -0.3734 -1.9144 -28.0077 -40.9205 -17.2455 0.4285 26.9399 0.9521 19.3100 12.3781 -2.2924 -1.3721 0.8482 0.8286
1.5965 89.6197 -0.8834 5.8208 2.7453 -3.2638 0.8725 8.7899 0.2771 0.1326 -1.1325 1.2206 4.8169 22.1475 2.5925 15.2398 28.6877 -3.8146 -2.7503 -3.9958 -11.6841 3.5834 -2.3033 -15.0859 -0.0219 -0.1429 0.0072 0.7986 -10.7462 -3.9060 -0.8148 -10.7387 3.8876 2.8470 19.1894 -0.1785 -48.0004 23.9461 -30.5679 1.3774 0.8525 -77.5014 7.8327 1.6817 3.0605 -15.2553 10.6378 15.5512 -59.9654 1.4002 2.7140 1.8585 14.8879 17.2690 88.9054 -46.7973 -39.7539 0.8055 -0.8694 70.6055 -41.7705 -31.9947 19.0269 15.2136 7.6943 -15.9562 49.6124 -2.9976 -4.8753 14.9224 -22.4512 12.0093 -0.5771 38.5910 -1.1085 -23.1906 -16.3481 -0.8015 1.6192 -0.4573 -1.9020 -27.8761 -40.2598 -17.3392 0.4157 26.3018 0.9415 19.3542 12.5336 -2.4424 -1.3741 0.7845 0.8374
1.5926 89.7622 -0.7422 5.6995 2.5645 -3.2617 0.8206 8.6268 0.3129 0.1225 -1.2155 1.1700 4.9024 21.9078 2.6106 15.4191 28.6765 -3.7738 -2.7539 -3.9903 -11.5466 3.4973 -2.3625 -15.0137 -0.0039 -0.1305 -0.0012 0.8253 -10.7607 -3.9285 -0.8051 -10.7527 3.8873 3.3928 19.2267 0.0128 -48.2925 25.0613 -31.1872 1.5005 0.9012 -77.9531 8.0762 2.2143 2.9339 -15.2851 10.6740 15.6060 -59.9543 1.4235 2.7413 1.8158 14.9403 17.1574 88.7580 -46.7159 -39.6724 0.8033 -0.7888 70.3513 -41.7518 -32.0134 18.7362 15.2010 7.7083 -15.9934 49.6505 -3.0389 -4.9352 15.0433 -22.0203 12.0466 -0.5750 38.1997 -1.1044 -23.0987 -16.2263 -0.7923 1.6230 -0.5058 -1.8960 -27.7097 -39.5535 -17.4730 0.3885 25.6585 0.9043 19.3974 12.6957 -2.5834 -1.3784 0.7052 0.8602
1.5775 89.8932 -0.6093 5.5583 2.3667 -3.2238 0.7704 8.4460 0.3260 0.1064 -1.2890 1.1500 4.9904 21.6525 2.5826 15.6117 28.6935 -3.7704 -2.7353 -3.9842 -11.4258 3.3632 -2.4389 -14.8791 0.0141 -0.1224 -0.0094 0.8516 -10.7751 -3.9532 -0.7958 -10.7694 3.8901 3.9518 19.2690 0.1908 -48.5705 26.3034 -31.8288 1.6348 0.9944 -78.3246 8.4345 2.7774 2.8174 -15.3707 10.6932 15.6410 -59.9831 1.4190 2.7448 1.7167 14.9530 16.9830 88.7584 -46.6098 -39.7061 0.8414 -0.6819 70.1362 -41.6829 -31.8912 18.2988 15.2292 7.7122 -15.9932 49.7097 -3.0740 -4.9578 15.1969 -21.5904 12.0428 -0.5695 37.8196 -1.1025 -23.0370 -16.1025 -0.7879 1.6265 -0.5695 -1.8970 -27.5156 -38.8391 -17.6623 0.3798 25.0707 0.8877 19.4329 12.8119 -2.7226 -1.3817 0.6293 0.8749
1.5590 90.0321 -0.4385 5.4119 2.1584 -3.1997 0.7109 8.2504 0.3499 0.0858 -1.3806 1.1127 5.0651 21.4006 2.5171 15.8052 28.7715 -3.7668 -2.6957 -3.9769 -11.2874 3.2206 -2.4772 -14.7147 0.0288 -0.1149 -0.0151 0.8726 -10.7815 -3.9665 -0.7868 -10.7816 3.8876 4.5018 19.3151 0.3570 -48.9105 27.6436 -32.4467 1.7866 1.1308 -78.6499 8.7829 3.3161 2.6686 -15.4398 10.6958 15.6821 -59.9668 1.3986 2.7333 1.6098 14.9608 16.7836 88.8019 -46.5143 -39.7970 0.9510 -0.6364 69.9776 -41.5518 -31.6485 17.8686 15.2377 7.7189 -16.0007 49.7298 -3.1146 -4.9967 15.3654 -21.1115 12.0699 -0.5591 37.3728 -1.1005 -23.0170 -15.9675 -0.8154 1.6298 -0.6089 -1.9059 -27.3234 -38.1075 -17.8384 0.3752 24.5092 0.8783 19.4487 12.9005 -2.8855 -1.3822 0.5522 0.8922
1.5436 90.1812 -0.2628 5.2675 1.9462 -3.1749 0.6336 8.0376 0.3563 0.0701 -1.4881 1.0614 5.1219 21.1361 2.4474 16.0397 28.9013 -3.8011 -2.6950 -3.9698 -11.1104 3.0854 -2.4473 -14.5082 0.0249 -0.1097 -0.0091 0.8716 -10.7830 -3.9601 -0.7940 -10.7856 3.8961 5.0780 19.3910 0.5075 -49.3528 28.9787 -33.0748 1.8917 1.2738 -78.9251 9.1404 3.8096 2.5216 -15.4771 10.6837 15.6988 -60.0146 1.3687 2.6975 1.4541 14.9043 16.5455 88.8283 -46.3239 -39.8407 1.0600 -0.6058 69.9588 -41.3378 -31.4002 17.3457 15.2414 7.7153 -16.0008 49.7703 -3.1056 -5.0268 15.5620 -20.5692 12.1072 -0.5626 36.8376 -1.1113 -23.0194 -15.7959 -0.8429 1.6325 -0.6103 -1.9150 -27.1493 -37.3444 -17.9955 0.3718 23.9340 0.8616 19.4882 12.9902 -3.0743 -1.3807 0.4902 0.9003
1.5239 90.3553 -0.0385 5.1328 1.7384 -3.1421 0.5491 7.8163 0.3448 0.0444 -1.5991 1.0219 5.1559 20.8230 2.3614 16.2980 29.1548 -3.8609 -2.6853 -3.9637 -10.8903 2.9442 -2.4087 -14.2690 0.0172 -0.1062 -0.0000 0.8706 -10.7798 -3.9496 -0.8093 -10.7843 3.9085 5.7041 19.4840 0.6349 -49.9370 30.2969 -33.8162 1.9906 1.4281 -79.1236 9.4445 4.2902 2.4044 -15.4446 10.6574 15.7004 -59.9565 1.3227 2.6874 1.2350 14.8438 16.2652 89.0139 -46.0749 -39.9889 1.2076 -0.6045 70.0032 -40.9824 -31.1260 16.7618 15.2283 7.6952 -15.9766 49.7653 -3.0748 -5.0242 15.7453 -19.9711 12.1799 -0.5646 36.1723 -1.1266 -23.0359 -15.5428 -0.8766 1.6360 -0.6338 -1.9097 -27.0092 -36.5445 -18.1162 0.3873 23.3290 0.8707 19.5246 13.0797 -3.3121 -1.3793 0.4453 0.9025
1.4651 90.5609 0.1692 5.0195 1.5598 -3.1251 0.4601 7.5872 0.3273 0.0120 -1.7258 0.9891 5.1709 20.4558 2.2451 16.5660 29.4459 -3.9130 -2.6988 -3.9595 -10.6093 2.8117 -2.3666 -14.0072 -0.0008 -0.1040 0.0154 0.8617 -10.7928 -3.9375 -0.8371 -10.7978 3.9356 6.3134 19.5880 0.7689 -50.5973 31.5169 -34.5973 2.0306 1.5879 -79.3006 9.6984 4.8496 2.3709 -15.4305 10.6271 15.6845 -59.9839 1.2812 2.6524 0.9426 14.7447 15.9753 89.2177 -45.6709 -40.1367 1.3856 -0.6179 70.2099 -40.4770 -30.8136 16.1401 15.2336 7.6857 -15.9966 49.8347 -3.0264 -5.0180 15.9038 -19.3092 12.2728 -0.5623 35.3677 -1.1210 -23.0369 -15.1985 -0.8979 1.6388 -0.6697 -1.8928 -26.8603 -35.7380 -18.2281 0.3968 22.6478 0.8880 19.5066 13.1845 -3.5640 -1.3786 0.3919 0.9013
1.3841 90.7869 0.3909 4.9639 1.4450 -3.1114 0.3672 7.3487 0.2995 -0.0175 -1.8556 0.9276 5.1377 20.0200 2.1307 16.8216 29.6889 -3.9264 -2.7003 -3.9407 -10.2991 2.6987 -2.3110 -13.7332 -0.0171 -0.1012 0.0285 0.8544 -10.8082 -3.9268 -0.8617 -10.8141 3.9584 6.9079 19.6573 0.8811 -51.3573 32.4969 -35.3548 2.0378 1.7389 -79.4093 9.9002 5.3102 2.3901 -15.3824 10.6326 15.7064 -60.0131 1.2894 2.6451 0.5863 14.5901 15.6767 89.2849 -45.1303 -40.1501 1.5286 -0.6313 70.5492 -39.7856 -30.5178 15.3797 15.2426 7.6788 -16.0168 49.8596 -2.9537 -5.0201 15.9664 -18.6136 12.3593 -0.5531 34.4149 -1.1055 -22.9967 -14.8115 -0.8620 1.6407 -0.7191 -1.8757 -26.7391 -34.9922 -18.3244 0.3992 21.9337 0.8894 19.4607 13.2715 -3.8236 -1.3773 0.3400 0.9003
1.3030 91.0253 0.6163 4.9568 1.3789 -3.0633 0.2732 7.1066 0.2518 -0.0481 -1.9703 0.8827 5.0884 19.5218 2.0048 17.0796 29.8482 -3.9534 -2.6573 -3.9254 -9.9969 2.5748 -2.3077 -13.4284 -0.0257 -0.0985 0.0367 0.8522 -10.8204 -3.9246 -0.8765 -10.8211 3.9763 7.4614 19.6843 0.9811 -52.1266 33.2418 -36.0933 2.0378 1.8511 -79.4003 10.0440 5.6401 2.4802 -15.3713 10.5879 15.6823 -60.0360 1.2950 2.6082 0.1886 14.3865 15.3523 89.3632 -44.4398 -40.2184 1.6746 -0.6094 71.1513 -38.9741 -30.2810 14.4912 15.2530 7.6881 -16.0228 49.8652 -2.8621 -5.0110 15.9703 -17.9086 12.3840 -0.5488 33.3677 -1.0870 -22.9627 -14.3633 -0.7670 1.6442 -0.8170 -1.8595 -26.6390 -34.3580 -18.4645 0.4094 21.2427 0.8986 19.4350 13.3585 -4.0370 -1.3777 0.2771 0.8987
1.1555 91.2661 0.8288 4.9933 1.3681 -2.9938 0.1800 6.8752 0.2051 -0.0726 -2.0901 0.8378 5.0085 19.0167 1.8650 17.3333 29.8925 -3.9648 -2.5952 -3.9073 -9.6702 2.4768 -2.3413 -13.1181 -0.0241 -0.0967 0.0396 0.8585 -10.8286 -3.9267 -0.8794 -10.8228 3.9845 7.9245 19.6939 1.0831 -52.7980 33.7535 -36.7174 2.0726 1.9168 -79.3182 10.0910 5.8629 2.6723 -15.4021 10.5476 15.6506 -60.0392 1.3061 2.5885 -0.2420 14.1447 15.0000 89.3716 -43.7132 -40.3163 1.8818 -0.5927 71.9513 -38.2170 -30.1903 13.6206 15.2770 7.6750 -16.0157 49.8465 -2.8062 -4.9914 15.9305 -17.2178 12.3386 -0.5442 32.2532 -1.0661 -22.9675 -13.8746 -0.5963 1.6469 -0.9556 -1.8467 -26.5687 -33.8429 -18.5867 0.4123 20.6289 0.9031 19.4213 13.4310 -4.2500 -1.3775 0.1699 0.9013
1.0114 91.4772 1.0370 5.0424 1.4097 -2.8620 0.1150 6.6563 0.1690 -0.0923 -2.2126 0.7726 4.9232 18.5125 1.7101 17.5836 29.7535 -3.9825 -2.5278 -3.8837 -9.3425 2.3545 -2.4107 -12.8388 -0.0220 -0.0924 0.0429 0.8636 -10.8291 -3.9299 -0.8789 -10.8187 3.9933 8.3094 19.6875 1.1402 -53.4209 34.0517 -37.2299 2.1629 1.9861 -79.1829 10.1052 6.0517 2.9690 -15.4394 10.5085 15.6202 -60.0082 1.3305 2.5883 -0.6966 13.8441 14.6366 89.3156 -42.9752 -40.5033 2.1154 -0.5636 72.8880 -37.4698 -30.1927 12.7210 15.2920 7.6830 -16.0184 49.8546 -2.7769 -4.9918 15.8973 -16.6112 12.2210 -0.5409 31.1610 -1.0607 -23.0035 -13.3827 -0.4153 1.6479 -1.0839 -1.8447 -26.5005 -33.4443 -18.7480 0.4056 20.1463 0.8967 19.4288 13.4253 -4.4331 -1.3797 0.0547 0.9048
0.8152 91.6594 1.1949 5.0868 1.4681 -2.6895 0.0794 6.4784 0.1134 -0.0930 -2.3237 0.7188 4.8323 18.0415 1.5629 17.8027 29.4998 -3.9839 -2.4205 -3.8612 -9.0756 2.2653 -2.4841 -12.6064 -0.0174 -0.0898 0.0434 0.8671 -10.8340 -3.9323 -0.8734 -10.8150 3.9956 8.6026 19.6677 1.1838 -53.9254 34.1678 -37.5713 2.2766 2.0119 -79.1043 10.0227 6.2057 3.3232 -15.4719 10.4846 15.6143 -59.9947 1.3510 2.5835 -1.1922 13.5588 14.3062 89.1660 -42.3209 -40.7441 2.2752 -0.5116 73.9445 -36.8312 -30.2772 11.8509 15.3635 7.6790 -16.0417 49.8884 -2.7826 -5.0050 15.8803 -16.1036 11.9968 -0.5306 30.1839 -1.0369 -23.0585 -12.9484 -0.2676 1.6477 -1.2069 -1.8497 -26.4160 -33.1933 -18.9299 0.4022 19.8678 0.8835 19.3936 13.3810 -4.5621 -1.3812 -0.0606 0.8950
0.6259 91.7854 1.3041 5.1248 1.5489 -2.4934 0.0762 6.3342 0.0837 -0.0817 -2.4067 0.6467 4.7568 17.6139 1.4560 18.0170 29.1076 -4.0243 -2.3953 -3.8618 -8.8447 2.2684 -2.5110 -12.4964 -0.0207 -0.0886 0.0500 0.8642 -10.8426 -3.9304 -0.8752 -10.8104 4.0070 8.7787 19.6255 1.2074 -54.2493 34.1631 -37.6693 2.3622 2.0147 -79.1681 9.8355 6.3309 3.7086 -15.4747 10.4593 15.5614 -59.9142 1.3526 2.5653 -1.6933 13.2806 14.0639 88.9328 -41.8135 -41.2069 2.4250 -0.4295 74.9780 -36.3252 -30.5575 11.1153 15.3885 7.6598 -16.0763 49.8945 -2.8183 -5.0185 15.8946 -15.7235 11.7555 -0.5253 29.3461 -1.0280 -23.1607 -12.5572 -0.1406 1.6476 -1.3280 -1.8556 -26.3335 -33.0971 -19.0998 0.4064 19.8172 0.8818 19.3190 13.2550 -4.6477 -1.3837 -0.1032 0.8903
0.4267 91.8683 1.3749 5.1570 1.6380 -2.2474 0.1235 6.2233 0.0843 -0.0550 -2.4771 0.5830 4.6999 17.2411 1.3816 18.1970 28.5881 -4.0734 -2.4087 -3.8685 -8.7566 2.3007 -2.4837 -12.5200 -0.0122 -0.0862 0.0459 0.8709 -10.8352 -3.9381 -0.8640 -10.7993 4.0034 8.8263 19.5694 1.2137 -54.3837 33.9890 -37.5573 2.4189 1.9022 -79.2908 9.5743 6.4519 4.0833 -15.4265 10.4680 15.4993 -59.8586 1.3945 2.5244 -2.1813 13.0486 13.9121 88.6227 -41.4929 -41.8790 2.5217 -0.3074 75.8908 -35.9386 -31.0047 10.4951 15.4752 7.6017 -16.1190 49.9571 -2.8776 -5.0721 15.9441 -15.4836 11.4725 -0.5166 28.6751 -1.0119 -23.2814 -12.2663 -0.0856 1.6461 -1.4545 -1.8648 -26.2651 -33.1275 -19.2932 0.4039 19.9692 0.8459 19.2488 13.0385 -4.6962 -1.3866 -0.1156 0.8842
0.2510 91.8894 1.4160 5.1918 1.7378 -1.9625 0.2035 6.1507 0.1075 -0.0265 -2.5273 0.5527 4.6780 16.9419 1.3260 18.3491 27.9938 -4.1323 -2.4488 -3.8890 -8.7836 2.3772 -2.4812 -12.6265 0.0022 -0.0844 0.0356 0.8850 -10.8247 -3.9520 -0.8486 -10.7860 3.9912 8.7642 19.5483 1.2013 -54.2990 33.6605 -37.2189 2.4682 1.8132 -79.5556 9.2400 6.4922 4.5114 -15.3990 10.4734 15.4485 -59.8355 1.4153 2.5003 -2.6496 12.8501 13.8476 88.3475 -41.4048 -42.8621 2.6212 -0.2186 76.6422 -35.7290 -31.6366 10.0975 15.5624 7.5235 -16.1443 50.0365 -2.9437 -5.1192 15.9841 -15.4406 11.1908 -0.5150 28.2853 -1.0154 -23.4030 -12.0755 -0.0786 1.6442 -1.5493 -1.8767 -26.2101 -33.3228 -19.4737 0.4028 20.3411 0.8065 19.1830 12.7698 -4.6646 -1.3886 -0.0852 0.8752
0.0742 91.8623 1.4067 5.2317 1.8308 -1.6793 0.3073 6.0892 0.1368 0.0098 -2.5399 0.5653 4.6943 16.7126 1.2773 18.4543 27.3390 -4.1667 -2.4988 -3.9126 -8.9395 2.4633 -2.4649 -12.7942 0.0150 -0.0846 0.0240 0.8972 -10.8085 -3.9627 -0.8345 -10.7646 3.9737 8.6018 19.4614 1.1764 -54.1850 33.2130 -36.8160 2.5262 1.7192 -79.8420 8.8967 6.4508 4.9707 -15.3893 10.5033 15.4254 -59.8095 1.4335 2.4813 -3.0229 12.7244 13.8471 87.9767 -41.6474 -43.9011 2.6813 -0.1143 77.0951 -35.6282 -32.4622 9.8157 15.6850 7.4337 -16.1619 50.0775 -3.0171 -5.1640 16.0244 -15.5237 10.9258 -0.5013 28.1027 -1.0084 -23.5467 -12.0010 -0.0968 1.6405 -1.6056 -1.8908 -26.1729 -33.6559 -19.7282 0.4102 20.8645 0.7662 19.1696 12.4540 -4.5320 -1.3890 -0.0113 0.8682
-0.0736 91.7864 1.3707 5.2849 1.9068 -1.3739 0.4150 6.0528 0.1821 0.0370 -2.5412 0.5941 4.7534 16.5556 1.2358 18.5135 26.7141 -4.2332 -2.5678 -3.9252 -9.1084 2.5815 -2.4170 -12.9999 0.0183 -0.0852 0.0197 0.9011 -10.7933 -3.9681 -0.8314 -10.7454 3.9687 8.3261 19.3494 1.1295 -54.0053 32.7266 -36.4231 2.6388 1.6759 -80.0769 8.5578 6.3487 5.4915 -15.3809 10.5142 15.4097 -59.8331 1.4124 2.4491 -3.2887 12.6014 13.9035 87.4599 -42.0505 -44.8501 2.6933 -0.0499 77.2372 -35.6495 -33.3534 9.6644 15.8052 7.3740 -16.1589 50.1599 -3.0197 -5.2162 16.0661 -15.7102 10.6665 -0.5031 28.1435 -1.0164 -23.7110 -12.0500 -0.1070 1.6394 -1.6390 -1.9088 -26.1908 -34.0708 -19.9597 0.4334 21.5319 0.7606 19.2098 12.1036 -4.4044 -1.3889 0.0676 0.8657
-0.1950 91.6843 1.3338 5.3334 1.9544 -1.1299 0.5266 6.0478 0.2456 0.0670 -2.5302 0.6119 4.8063 16.4759 1.2291 18.5499 26.1645 -4.2848 -2.6430 -3.9328 -9.2838 2.7136 -2.3291 -13.2111 0.0228 -0.0861 0.0136 0.9073 -10.7944 -3.9762 -0.8300 -10.7416 3.9638 7.9639 19.2289 1.0325 -53.7644 32.1300 -35.8601 2.6995 1.6532 -80.3000 8.1747 6.1805 5.9993 -15.3616 10.5393 15.4149 -59.8849 1.3955 2.3736 -3.4551 12.4932 13.9928 86.7902 -42.5373 -45.5671 2.6526 -0.0097 77.0946 -35.6063 -34.2396 9.5072 15.8836 7.3289 -16.1424 50.2382 -3.0144 -5.2391 16.0923 -15.9630 10.4821 -0.5057 28.3613 -1.0265 -23.8488 -12.1985 -0.1438 1.6402 -1.6822 -1.9233 -26.2325 -34.5053 -20.1248 0.4513 22.2522 0.7471 19.2835 11.7549 -4.2151 -1.3872 0.1382 0.8654
-0.2697 91.5779 1.2617 5.3746 2.0037 -0.9725 0.6311 6.0518 0.3038 0.0852 -2.5306 0.6344 4.8651 16.4734 1.2305 18.5277 25.7125 -4.2864 -2.7096 -3.9417 -9.4568 2.8651 -2.2315 -13.4025 0.0180 -0.0892 0.0161 0.9038 -10.8109 -3.9800 -0.8366 -10.7535 3.9750 7.5219 19.1396 0.9162 -53.4732 31.4739 -35.2385 2.6914 1.7038 -80.5238 7.7632 5.9900 6.5173 -15.3512 10.5421 15.3938 -59.9683 1.3830 2.3089 -3.5439 12.3794 14.1192 86.0038 -43.0426 -46.0278 2.6606 -0.0009 76.6866 -35.5941 -35.1952 9.5160 15.9319 7.2803 -16.1175 50.2763 -2.9733 -5.2383 16.1122 -16.2667 10.4231 -0.5094 28.6942 -1.0439 -23.9585 -12.3969 -0.2457 1.6375 -1.7109 -1.9339 -26.2995 -34.9183 -20.2108 0.4656 22.8838 0.7402 19.3698 11.4560 -4.0038 -1.3841 0.2044 0.8654
-0.2996 91.4735 1.2289 5.3998 2.0443 -0.8983 0.7201 6.0741 0.3137 0.1067 -2.5088 0.6814 4.8950 16.4967 1.2328 18.4185 25.4109 -4.2920 -2.7395 -3.9353 -9.6028 3.0314 -2.1154 -13.5442 0.0055 -0.0961 0.0251 0.8925 -10.8257 -3.9702 -0.8513 -10.7661 3.9882 7.1052 19.0955 0.7649 -53.2010 30.8003 -34.6805 2.6548 1.7473 -80.7079 7.3513 5.8416 6.9716 -15.3092 10.5598 15.3950 -60.0558 1.3777 2.2898 -3.6141 12.3262 14.2185 85.2224 -43.4402 -46.1205 2.5826 -0.0473 76.1414 -35.5350 -36.1157 9.6362 15.9721 7.2575 -16.0862 50.2878 -2.9059 -5.2226 16.1228 -16.5643 10.4137 -0.5083 29.0849 -1.0462 -24.0238 -12.6398 -0.3324 1.6354 -1.6854 -1.9363 -26.3618 -35.2819 -20.2547 0.4911 23.3774 0.7641 19.4395 11.2177 -3.8243 -1.3774 0.2666 0.8585
-0.2694 91.3645 1.1723 5.4065 2.0661 -0.8952 0.7908 6.1165 0.3060 0.1294 -2.4885 0.7206 4.8938 16.5468 1.2380 18.2397 25.2508 -4.3073 -2.7415 -3.9283 -9.7041 3.1336 -1.9434 -13.6381 -0.0034 -0.1054 0.0324 0.8857 -10.8397 -3.9630 -0.8630 -10.7835 3.9994 6.6948 19.0831 0.5884 -52.9281 30.1786 -34.2559 2.5672 1.8033 -80.8079 6.8685 5.7949 7.4254 -15.2625 10.5569 15.3576 -60.0910 1.3816 2.2847 -3.6626 12.3023 14.3220 84.4431 -43.6497 -45.9476 2.5256 -0.0382 75.5144 -35.4688 -37.0883 9.9141 15.9786 7.2529 -16.0467 50.2861 -2.8609 -5.1809 16.1352 -16.8361 10.4452 -0.5127 29.5057 -1.0430 -24.0279 -12.8571 -0.4087 1.6344 -1.6725 -1.9371 -26.4264 -35.5327 -20.2211 0.5075 23.6963 0.7903 19.4905 11.0654 -3.7209 -1.3742 0.2921 0.8535
-0.1901 91.2737 1.1486 5.3997 2.0813 -0.9882 0.8371 6.1892 0.3086 0.1592 -2.4699 0.7194 4.8528 16.6366 1.2547 17.9981 25.1893 -4.2659 -2.7410 -3.9178 -9.7639 3.2144 -1.7422 -13.7141 -0.0107 -0.1136 0.0398 0.8810 -10.8462 -3.9517 -0.8729 -10.7910 4.0052 6.2953 19.0854 0.3952 -52.6292 29.6278 -33.8590 2.4810 1.8075 -80.9160 6.3248 5.9151 7.8466 -15.2215 10.5607 15.3351 -60.1618 1.4185 2.3147 -3.6879 12.3470 14.4099 83.7434 -43.7257 -45.5989 2.4566 -0.0603 74.9363 -35.3981 -38.0971 10.3188 15.9934 7.2824 -16.0535 50.2269 -2.8109 -5.1541 16.1194 -17.0855 10.5249 -0.5148 29.9746 -1.0423 -23.9674 -13.0907 -0.5073 1.6321 -1.6546 -1.9275 -26.4787 -35.7353 -20.1622 0.5103 23.8436 0.8069 19.5552 11.0353 -3.5943 -1.3716 0.2870 0.8503
-0.0402 91.1851 1.0903 5.3854 2.0779 -1.0955 0.8655 6.2675 0.2902 0.1850 -2.4360 0.7114 4.8036 16.7547 1.3108 17.7297 25.1602 -4.2200 -2.7666 -3.9174 -9.7899 3.2603 -1.5435 -13.8037 -0.0141 -0.1202 0.0448 0.8808 -10.8426 -3.9437 -0.8790 -10.7894 4.0081 5.8684 19.1328 0.1528 -52.1984 29.1158 -33.4708 2.4199 1.7908 -80.9864 5.6636 6.1012 8.2176 -15.1935 10.5413 15.2972 -60.1833 1.4608 2.3478 -3.6291 12.4255 14.4651 82.9699 -43.7025 -45.0551 2.3297 -0.0494 74.4240 -35.4069 -39.2654 10.8258 15.9536 7.3174 -16.0373 50.1032 -2.8023 -5.1373 16.0848 -17.3551 10.5950 -0.5275 30.5296 -1.0564 -23.8808 -13.3385 -0.5575 1.6292 -1.6429 -1.9132 -26.5559 -35.8776 -20.0819 0.4997 23.8823 0.8054 19.6082 11.0814 -3.5029 -1.3740 0.2617 0.8440
0.1455 91.0874 1.0376 5.3669 2.0542 -1.2106 0.8908 6.3804 0.2943 0.2074 -2.4034 0.7058 4.7365 16.9265 1.3717 17.4362 25.1426 -4.1124 -2.8020 -3.9233 -9.8312 3.2794 -1.3366 -13.8827 -0.0089 -0.1229 0.0433 0.8904 -10.8482 -3.9447 -0.8779 -10.7958 4.0038 5.4413 19.1657 -0.1029 -51.6004 28.6464 -33.0393 2.3820 1.7655 -81.0781 4.9776 6.4859 8.6007 -15.1763 10.5731 15.2964 -60.2135 1.5144 2.3692 -3.4810 12.5008 14.5004 82.0920 -43.6616 -44.4426 2.1977 -0.0614 73.9984 -35.5410 -40.5581 11.4188 15.8850 7.3560 -16.0151 49.9553 -2.8136 -5.1258 16.0443 -17.6665 10.5968 -0.5383 31.2400 -1.0758 -23.7866 -13.6910 -0.6009 1.6279 -1.6179 -1.9038 -26.6646 -36.0373 -19.9374 0.4707 23.9790 0.7778 19.6991 11.1527 -3.4036 -1.3781 0.2197 0.8425
0.3511 90.9531 0.9606 5.3521 1.9860 -1.3355 0.9135 6.5102 0.2860 0.2172 -2.3406 0.7307 4.6674 17.1127 1.4334 17.0618 25.1111 -3.9720 -2.8190 -3.9311 -9.9379 3.2393 -1.1819 -13.9618 0.0046 -0.1251 0.0334 0.9008 -10.8398 -3.9542 -0.8622 -10.7892 3.9883 4.9499 19.1454 -0.3795 -50.7937 28.2390 -32.5739 2.3070 1.7744 -81.1171 4.2138 6.8792 8.9891 -15.1700 10.5565 15.2655 -60.1753 1.5160 2.3445 -3.2310 12.5798 14.5327 81.1403 -43.6236 -43.7995 2.0644 0.0225 73.6425 -35.8109 -42.0243 12.1688 15.8195 7.4007 -15.9816 49.8344 -2.8197 -5.0948 16.0224 -17.9721 10.5511 -0.5517 32.0665 -1.0853 -23.7297 -14.1223 -0.6160 1.6276 -1.5595 -1.8998 -26.8387 -36.2104 -19.7734 0.4572 24.1571 0.7798 19.8123 11.1931 -3.2847 -1.3820 0.1878 0.8391
0.5718 90.7627 0.8487 5.3498 1.8642 -1.4594 0.9346 6.6613 0.2815 0.2201 -2.2643 0.7877 4.5796 17.3489 1.4862 16.5972 25.0869 -3.8044 -2.8474 -3.9498 -10.0703 3.1903 -1.0482 -14.0327 0.0185 -0.1265 0.0221 0.9127 -10.8333 -3.9652 -0.8465 -10.7853 3.9699 4.4304 19.0923 -0.6869 -49.7776 27.8548 -32.0682 2.2318 1.8465 -81.1066 3.4015 7.3895 9.3549 -15.2236 10.5803 15.2811 -60.1970 1.5124 2.3575 -2.9246 12.7151 14.5243 80.1029 -43.6065 -43.0820 1.8856 0.0817 73.3707 -36.2989 -43.5557 13.1000 15.7809 7.4616 -15.9734 49.8210 -2.8119 -5.1069 15.9898 -18.3030 10.4955 -0.5599 33.0617 -1.0879 -23.6835 -14.6459 -0.6479 1.6268 -1.4265 -1.8981 -27.0827 -36.4091 -19.5376 0.4532 24.4779 0.7835 19.8957 11.1715 -3.1681 -1.3844 0.1581 0.8439
0.7663 90.5395 0.7652 5.3818 1.6581 -1.5657 0.9462 6.8462 0.3128 0.2340 -2.1889 0.8066 4.4470 17.6595 1.5402 16.0098 25.0439 -3.5967 -2.9062 -3.9657 -10.2352 3.1828 -0.8889 -14.1111 0.0291 -0.1270 0.0123 0.9180 -10.8331 -3.9743 -0.8310 -10.7926 3.9548 3.8386 19.0094 -1.0318 -48.5038 27.4101 -31.5374 2.1463 1.9183 -80.9778 2.5532 7.8799 9.6405 -15.2874 10.6286 15.3143 -60.2555 1.5151 2.3894 -2.5230 12.8750 14.5239 78.9396 -43.6881 -42.3718 1.8084 0.1200 73.1242 -36.9769 -45.1203 14.2193 15.7643 7.5147 -15.9848 49.8773 -2.8239 -5.1241 15.9303 -18.6099 10.4171 -0.5665 34.1977 -1.0905 -23.6269 -15.2286 -0.6868 1.6251 -1.2835 -1.9078 -27.4430 -36.6665 -19.2306 0.4438 25.0185 0.7869 19.9473 11.0743 -2.9729 -1.3864 0.1610 0.8519
0.9739 90.2721 0.6497 5.4665 1.4052 -1.6604 0.9476 7.0348 0.3470 0.2484 -2.0975 0.8468 4.2863 18.0199 1.5734 15.3398 24.9315 -3.3461 -2.9318 -3.9751 -10.4345 3.1570 -0.7638 -14.1733 0.0395 -0.1263 0.0026 0.9215 -10.8138 -3.9775 -0.8155 -10.7784 3.9358 3.1782 18.8805 -1.4378 -47.0955 26.7839 -31.0945 2.0450 1.9609 -80.5834 1.7158 8.2865 9.8178 -15.3148 10.6524 15.3232 -60.2636 1.5220 2.4276 -2.0351 13.0701 14.5607 77.6516 -43.8333 -41.6264 1.7539 0.1345 72.9086 -37.8101 -46.5854 15.4897 15.7675 7.5604 -16.0120 49.9434 -2.8566 -5.1794 15.8517 -18.9258 10.4097 -0.5719 35.4129 -1.0995 -23.5701 -15.8231 -0.7787 1.6237 -1.1115 -1.9120 -27.9177 -37.0052 -18.9008 0.4445 25.7360 0.7948 19.9930 10.9534 -2.7055 -1.3882 0.1822 0.8604
1.1545 89.9717 0.5468 5.5982 1.1104 -1.7580 0.9425 7.2542 0.3794 0.2690 -1.9859 0.8764 4.0887 18.4384 1.5894 14.6089 24.7646 -3.0880 -2.9710 -3.9768 -10.5912 3.1501 -0.6832 -14.2022 0.0366 -0.1265 0.0022 0.9128 -10.7942 -3.9665 -0.8147 -10.7646 3.9262 2.4863 18.7245 -1.9155 -45.6125 25.8718 -30.7435 1.9075 1.8981 -79.9710 1.0020 8.7290 9.8783 -15.3844 10.6752 15.3637 -60.3163 1.5118 2.4830 -1.5120 13.2601 14.5970 76.3103 -44.0549 -40.8092 1.6982 0.1073 72.6648 -38.7074 -48.0110 16.8643 15.7563 7.5782 -16.0092 49.9658 -2.8908 -5.2190 15.7443 -19.2573 10.4315 -0.5769 36.7214 -1.1071 -23.5342 -16.4405 -0.9108 1.6205 -0.9172 -1.9151 -28.4839 -37.4523 -18.5095 0.4474 26.6681 0.8210 20.0578 10.7820 -2.3607 -1.3866 0.2159 0.8688
1.2818 89.6309 0.4221 5.7507 0.8291 -1.8015 0.9278 7.4759 0.4096 0.2950 -1.8878 0.8865 3.8803 18.8848 1.5867 13.9146 24.5154 -2.8491 -3.0312 -3.9642 -10.6938 3.1264 -0.6500 -14.2082 0.0257 -0.1258 0.0094 0.8933 -10.7622 -3.9457 -0.8190 -10.7446 3.9252 1.8048 18.5679 -2.4923 -44.2030 24.6144 -30.5580 1.7260 1.7966 -79.0542 0.4867 9.1228 9.8078 -15.3908 10.6717 15.3915 -60.3469 1.4811 2.5335 -0.9127 13.4412 14.6974 75.0849 -44.3481 -40.0751 1.6389 0.0685 72.3733 -39.6432 -49.1816 18.2794 15.7469 7.5921 -16.0146 49.9945 -2.9294 -5.2496 15.6566 -19.6308 10.4905 -0.5879 38.0297 -1.1309 -23.5285 -17.0189 -1.1221 1.6188 -0.7739 -1.9209 -29.1210 -37.9562 -18.0683 0.4535 27.7354 0.8514 20.1777 10.5487 -1.9745 -1.3853 0.2539 0.8722
1.3821 89.2687 0.3012 5.9112 0.5949 -1.8058 0.9240 7.6738 0.4085 0.3160 -1.7689 0.9219 3.6990 19.3422 1.5420 13.2530 24.1032 -2.6025 -3.0674 -3.9516 -10.8088 3.1391 -0.6764 -14.1969 0.0123 -0.1310 0.0176 0.8714 -10.7313 -3.9234 -0.8264 -10.7213 3.9258 1.1165 18.4137 -3.1353 -42.8936 23.0263 -30.5696 1.5164 1.6811 -77.8585 0.1598 9.4046 9.6080 -15.3894 10.6644 15.4008 -60.3877 1.4551 2.5789 -0.2748 13.5872 14.8352 74.0083 -44.7521 -39.2995 1.4628 0.0392 72.0350 -40.5877 -50.0656 19.6935 15.7356 7.6333 -16.0246 50.0639 -2.9376 -5.2854 15.5894 -20.0384 10.5103 -0.5886 39.2560 -1.1345 -23.5064 -17.5328 -1.3890 1.6175 -0.6417 -1.9165 -29.7538 -38.5266 -17.6022 0.4713 28.8988 0.9132 20.2563 10.2639 -1.6806 -1.3823 0.3081 0.8679
1.4088 88.9318 0.1588 6.0524 0.4404 -1.8082 0.9378 7.8446 0.3967 0.3289 -1.6614 0.9397 3.5484 19.8068 1.4909 12.6504 23.5570 -2.3318 -3.0981 -3.9460 -10.8897 3.2288 -0.7870 -14.1937 0.0035 -0.1420 0.0241 0.8529 -10.7076 -3.9067 -0.8272 -10.7035 3.9268 0.3994 18.2655 -3.8363 -41.6929 21.3069 -30.6640 1.3082 1.6172 -76.5361 0.0274 9.5214 9.3825 -15.4170 10.6333 15.4081 -60.3982 1.4023 2.6273 0.4504 13.7047 15.0761 73.2179 -45.3985 -38.7136 1.3532 0.0287 71.6443 -41.5684 -50.5439 21.1088 15.7099 7.6463 -15.9959 50.0649 -2.9551 -5.2691 15.5681 -20.4738 10.5390 -0.5896 40.3309 -1.1320 -23.4898 -17.9596 -1.6244 1.6172 -0.5308 -1.9153 -30.3041 -39.1157 -17.1162 0.4960 30.0560 0.9809 20.2803 9.9571 -1.4729 -1.3789 0.3824 0.8639
1.3840 88.6276 0.0473 6.1902 0.3318 -1.8195 0.9444 8.0162 0.3916 0.3451 -1.5804 0.9234 3.4233 20.3077 1.4275 12.1222 22.9116 -2.0335 -3.1230 -3.9405 -10.9492 3.4264 -0.9524 -14.1691 -0.0005 -0.1517 0.0265 0.8442 -10.6892 -3.8942 -0.8276 -10.6857 3.9214 -0.3268 18.1203 -4.5341 -40.6215 19.5617 -30.8834 1.1520 1.5445 -75.0692 0.0702 9.3628 9.1644 -15.4261 10.6531 15.4154 -60.4826 1.3995 2.6785 1.2134 13.7893 15.4125 72.6612 -46.2205 -38.1361 1.1425 -0.0189 71.2345 -42.4155 -50.5626 22.2658 15.6666 7.6723 -15.9963 50.0521 -2.9321 -5.2706 15.5453 -20.8868 10.5822 -0.5902 41.2498 -1.1306 -23.4444 -18.2882 -1.8568 1.6180 -0.4340 -1.9147 -30.7827 -39.7073 -16.6104 0.5261 31.1955 1.0425 20.2529 9.6089 -1.2955 -1.3754 0.4936 0.8645
1.2865 88.3566 -0.0711 6.3436 0.2774 -1.8286 0.9480 8.1643 0.3869 0.3486 -1.4854 0.9107 3.3318 20.7847 1.3807 11.6499 22.2363 -1.8286 -3.1333 -3.9231 -10.9371 3.6780 -1.1885 -14.1593 -0.0011 -0.1633 0.0271 0.8454 -10.6816 -3.8935 -0.8308 -10.6794 3.9227 -1.0619 18.0166 -5.2840 -39.6460 17.8897 -31.2236 1.0354 1.5116 -73.4788 0.1580 8.9570 8.9925 -15.4728 10.6392 15.4063 -60.4897 1.3824 2.7470 1.9578 13.8768 15.7758 72.5614 -47.1952 -37.8362 1.0175 -0.0758 70.8029 -43.0965 -50.2371 23.1204 15.6323 7.6746 -16.0098 50.0746 -2.9571 -5.2611 15.5424 -21.2498 10.6726 -0.6065 41.9429 -1.1474 -23.4344 -18.5223 -2.0460 1.6200 -0.3473 -1.9079 -31.2479 -40.2688 -16.0755 0.5576 32.2271 1.1074 20.2310 9.2629 -1.1890 -1.3752 0.6073 0.8640
1.1358 88.1266 -0.1905 6.4984 0.2728 -1.8504 0.9637 8.3036 0.3965 0.3552 -1.3956 0.8586 3.2283 21.2569 1.3099 11.2851 21.5528 -1.6489 -3.1391 -3.8982 -10.9041 3.9256 -1.4934 -14.1514 -0.0000 -0.1636 0.0250 0.8502 -10.6754 -3.8973 -0.8339 -10.6703 3.9222 -1.7637 17.9036 -5.9749 -38.8512 16.3175 -31.6221 0.9278 1.4488 -71.8140 0.3108 8.4402 8.8073 -15.5364 10.6529 15.4275 -60.5231 1.4389 2.8170 2.6023 13.9495 16.1584 72.7412 -48.2253 -37.5325 0.8701 -0.1284 70.4080 -43.5541 -49.5802 23.6258 15.5981 7.6752 -16.0490 50.0341 -3.0028 -5.2581 15.5306 -21.5751 10.7617 -0.6086 42.4519 -1.1486 -23.4202 -18.6747 -2.2132 1.6201 -0.2437 -1.9086 -31.6232 -40.8298 -15.5729 0.5729 33.2128 1.1477 20.1692 8.8947 -1.1493 -1.3755 0.7272 0.8605
0.9054 87.9510 -0.2727 6.6653 0.2930 -1.8586 0.9759 8.4422 0.3796 0.3557 -1.3017 0.8168 3.1227 21.6562 1.2204 11.0598 20.9509 -1.5532 -3.1463 -3.8822 -10.8557 4.1214 -1.8345 -14.1386 0.0004 -0.1562 0.0246 0.8462 -10.6726 -3.8992 -0.8287 -10.6599 3.9219 -2.4227 17.8276 -6.6047 -38.2380 14.9237 -32.0262 0.8068 1.4207 -70.1835 0.5453 7.9400 8.6771 -15.6051 10.6544 15.4225 -60.4985 1.4848 2.8610 3.1089 13.9845 16.4776 73.1429 -49.2101 -37.2081 0.7604 -0.1462 70.0970 -43.7581 -48.6607 23.7045 15.5357 7.6786 -16.0525 50.0090 -3.0715 -5.2485 15.5414 -21.7969 10.8425 -0.6088 42.7037 -1.1558 -23.4356 -18.7041 -2.3452 1.6235 -0.1739 -1.9116 -31.9510 -41.3233 -15.1011 0.5870 34.1363 1.1907 20.0791 8.4638 -1.1701 -1.3797 0.8439 0.8733
0.6546 87.8269 -0.3516 6.8235 0.3729 -1.8707 0.9703 8.5335 0.3577 0.3536 -1.2164 0.7785 3.0312 22.0276 1.0971 10.9454 20.5310 -1.5343 -3.1201 -3.8669 -10.7921 4.2842 -2.1559 -14.1042 -0.0032 -0.1517 0.0273 0.8397 -10.6694 -3.8962 -0.8287 -10.6501 3.9239 -2.9805 17.8403 -7.1271 -37.7784 13.7600 -32.3656 0.7279 1.3216 -68.8002 0.7619 7.5418 8.6137 -15.6727 10.6397 15.3952 -60.4814 1.5180 2.8853 3.4345 14.0054 16.7195 73.8612 -50.1287 -36.9845 0.7350 -0.2094 69.9756 -43.8303 -47.5195 23.5336 15.4888 7.6714 -16.0702 49.9705 -3.1170 -5.2703 15.5370 -21.9765 10.9386 -0.6018 42.7492 -1.1556 -23.4854 -18.6260 -2.4195 1.6238 -0.1025 -1.9122 -32.1570 -41.7912 -14.7025 0.6039 34.9329 1.2225 19.9093 8.0952 -1.2405 -1.3820 0.9298 0.8790
0.3646 87.7700 -0.3885 6.9763 0.4830 -1.8874 0.9568 8.6029 0.3307 0.3560 -1.1396 0.7040 2.9359 22.3506 0.9656 10.9266 20.2720 -1.5946 -3.0862 -3.8575 -10.7151 4.4354 -2.3710 -14.0342 -0.0029 -0.1434 0.0257 0.8361 -10.6665 -3.8965 -0.8244 -10.6437 3.9205 -3.4557 17.8616 -7.5656 -37.5169 12.7954 -32.5665 0.5968 1.1797 -67.6281 0.9611 7.1946 8.5385 -15.7250 10.6240 15.3533 -60.4641 1.5488 2.8819 3.5932 14.0648 16.8822 74.7680 -50.9669 -36.7810 0.7530 -0.3379 70.0551 -43.8204 -46.2362 23.1482 15.4232 7.6771 -16.1171 49.9768 -3.1652 -5.3024 15.5420 -22.0555 11.0598 -0.5949 42.5333 -1.1633 -23.5944 -18.3986 -2.4908 1.6231 -0.0348 -1.9069 -32.2864 -42.1902 -14.3646 0.6122 35.5998 1.2295 19.7574 7.7530 -1.3164 -1.3837 1.0126 0.8999
0.0663 87.7912 -0.4002 7.1087 0.6290 -1.8737 0.9484 8.6104 0.2824 0.3564 -1.0838 0.6366 2.8531 22.5981 0.8122 10.9777 20.1872 -1.7135 -3.0502 -3.8611 -10.6233 4.5597 -2.5226 -13.9490 -0.0048 -0.1376 0.0259 0.8290 -10.6657 -3.8971 -0.8197 -10.6437 3.9213 -3.8410 17.9011 -7.8900 -37.4636 12.1680 -32.7498 0.4929 1.1255 -66.7208 1.1182 6.8112 8.4754 -15.7381 10.6184 15.3114 -60.4769 1.5731 2.8486 3.6140 14.1345 16.9530 75.7490 -51.6189 -36.5907 0.8274 -0.4097 70.3621 -43.8210 -45.0780 22.6790 15.3735 7.6729 -16.1746 49.9864 -3.1937 -5.3287 15.5336 -22.0286 11.1670 -0.5748 42.0401 -1.1448 -23.7224 -18.0743 -2.5222 1.6219 0.0551 -1.8944 -32.2874 -42.5091 -14.1613 0.6213 36.1252 1.2339 19.6065 7.4295 -1.4368 -1.3860 1.0908 0.9220
-0.2581 87.8715 -0.3736 7.2182 0.7973 -1.8731 0.9474 8.5630 0.2216 0.3637 -1.0641 0.5509 2.7902 22.7988 0.6719 11.0971 20.2414 -1.8630 -3.0387 -3.8773 -10.5566 4.6548 -2.5965 -13.8613 -0.0121 -0.1338 0.0314 0.8168 -10.6681 -3.8879 -0.8221 -10.6527 3.9262 -4.1395 17.9852 -8.1129 -37.5970 11.8067 -32.9734 0.4153 1.0811 -65.9253 1.3254 6.4904 8.3830 -15.7685 10.5993 15.2734 -60.4727 1.5766 2.8243 3.5280 14.2056 16.9269 76.5805 -52.1057 -36.2209 0.9080 -0.5112 70.7978 -43.6946 -43.9481 22.0501 15.3579 7.6690 -16.2330 50.0140 -3.2199 -5.3650 15.5223 -21.8846 11.2729 -0.5550 41.3162 -1.1286 -23.8553 -17.6836 -2.4886 1.6203 0.1482 -1.8865 -32.1934 -42.7333 -14.0576 0.6393 36.4679 1.2501 19.4718 7.1758 -1.5878 -1.3846 1.1469 0.9389
-0.5903 88.0320 -0.3057 7.2996 0.9838 -1.8694 0.9526 8.4613 0.1518 0.3668 -1.0851 0.4788 2.7571 22.9154 0.5291 11.2606 20.4555 -2.0234 -2.9921 -3.8950 -10.5256 4.7354 -2.6101 -13.7848 -0.0217 -0.1347 0.0397 0.8024 -10.6730 -3.8756 -0.8260 -10.6656 3.9342 -4.3390 18.1230 -8.2521 -37.9379 11.7489 -33.2840 0.4114 1.0858 -65.1898 1.4604 6.1501 8.3111 -15.7604 10.5727 15.2607 -60.4466 1.5416 2.7985 3.3929 14.2654 16.8097 77.2079 -52.4198 -35.7149 1.0055 -0.5843 71.3234 -43.3893 -42.9747 21.2578 15.3531 7.6723 -16.3070 50.0555 -3.2340 -5.3564 15.5118 -21.5967 11.3932 -0.5451 40.3249 -1.1108 -24.0062 -17.2264 -2.3909 1.6188 0.2223 -1.8773 -31.9812 -42.8268 -14.0517 0.6604 36.6025 1.2751 19.3530 7.0090 -1.7827 -1.3823 1.1870 0.9437
-0.9111 88.2736 -0.2147 7.3674 1.1674 -1.8556 0.9713 8.3064 0.0696 0.3644 -1.1372 0.4223 2.7646 22.9155 0.3889 11.4802 20.8020 -2.2000 -2.9296 -3.9064 -10.5391 4.7667 -2.5612 -13.7215 -0.0283 -0.1374 0.0448 0.7931 -10.6765 -3.8652 -0.8300 -10.6757 3.9374 -4.4370 18.2862 -8.3125 -38.5440 11.9749 -33.7572 0.4622 1.1916 -64.3441 1.4766 5.8761 8.2404 -15.7619 10.5232 15.2263 -60.3629 1.4837 2.7821 3.2058 14.3264 16.5983 77.6515 -52.5784 -35.1282 1.1301 -0.6387 71.9253 -42.8539 -42.1475 20.2080 15.3753 7.7033 -16.4059 50.1818 -3.2287 -5.3571 15.5182 -21.1565 11.5365 -0.5316 39.0730 -1.0873 -24.1826 -16.7024 -2.2935 1.6201 0.2261 -1.8695 -31.7223 -42.7611 -14.1236 0.6720 36.4891 1.2938 19.2881 6.9208 -1.9972 -1.3777 1.2004 0.9439
-1.2138 88.5500 -0.0837 7.4091 1.3708 -1.8589 0.9944 8.1182 0.0156 0.3644 -1.2395 0.3442 2.8121 22.7642 0.2584 11.7052 21.2606 -2.3420 -2.8299 -3.9035 -10.5868 4.7125 -2.5262 -13.6742 -0.0327 -0.1434 0.0472 0.7879 -10.6877 -3.8615 -0.8332 -10.6960 3.9412 -4.4178 18.4611 -8.2993 -39.4126 12.3994 -34.3059 0.5617 1.2795 -63.4357 1.3677 5.6834 8.1881 -15.7159 10.4667 15.1744 -60.3096 1.4188 2.7562 2.9769 14.3318 16.3273 77.9021 -52.5342 -34.4766 1.2004 -0.6367 72.7204 -41.9382 -41.5254 18.7869 15.4194 7.7366 -16.4994 50.2769 -3.1859 -5.3399 15.4978 -20.6136 11.7267 -0.5211 37.6521 -1.0577 -24.3493 -16.1036 -2.1919 1.6198 0.1271 -1.8550 -31.4362 -42.5502 -14.1504 0.6685 36.1932 1.2984 19.2780 6.8722 -2.2140 -1.3744 1.1827 0.9348
-1.4619 88.8871 0.0970 7.4453 1.5591 -1.8516 1.0174 7.9002 -0.0644 0.3754 -1.3455 0.2646 2.9039 22.4686 0.1397 11.9250 21.7596 -2.4589 -2.7230 -3.8917 -10.6238 4.6114 -2.5313 -13.6603 -0.0323 -0.1509 0.0453 0.7905 -10.7138 -3.8671 -0.8331 -10.7286 3.9428 -4.3358 18.6186 -8.2131 -40.4655 12.9134 -34.9003 0.6597 1.3457 -62.4495 1.1284 5.6814 8.1557 -15.6749 10.4166 15.1228 -60.2801 1.3773 2.7500 2.7282 14.2683 16.0086 78.2597 -52.4652 -34.1522 1.2986 -0.6272 73.7728 -40.6300 -40.9647 16.9546 15.4894 7.7869 -16.5800 50.3416 -3.1155 -5.3160 15.4755 -19.9517 11.9394 -0.5254 36.0791 -1.0510 -24.5165 -15.4539 -2.0553 1.6157 -0.0220 -1.8261 -31.1534 -42.2197 -14.1890 0.6592 35.7352 1.3005 19.2787 6.8612 -2.4486 -1.3710 1.1547 0.9296
-1.6864 89.2202 0.2851 7.4808 1.7334 -1.8700 1.0369 7.6505 -0.1200 0.3935 -1.4765 0.1579 3.0160 22.0571 0.0583 12.1079 22.2266 -2.5309 -2.6228 -3.8622 -10.6699 4.4906 -2.5719 -13.6760 -0.0323 -0.1558 0.0437 0.7884 -10.7295 -3.8689 -0.8312 -10.7470 3.9428 -4.2750 18.7553 -8.0772 -41.5484 13.4889 -35.4214 0.7995 1.4327 -61.5568 0.7050 5.7414 8.1111 -15.6007 10.3562 15.0537 -60.2297 1.3500 2.7527 2.5811 14.1373 15.7208 78.7639 -52.4433 -34.3172 1.4300 -0.6457 75.1510 -39.2529 -40.3618 15.0293 15.5486 7.8229 -16.6481 50.3655 -3.0547 -5.2982 15.4485 -19.2239 12.1284 -0.5238 34.4922 -1.0321 -24.7186 -14.8029 -1.8700 1.6185 -0.1929 -1.8101 -30.8890 -41.8295 -14.2314 0.6519 35.2117 1.2929 19.2977 6.8196 -2.6516 -1.3706 1.1644 0.9190
-1.8762 89.5418 0.4982 7.5225 1.8713 -1.9058 1.0608 7.3609 -0.1900 0.4041 -1.5999 0.0815 3.1434 21.5741 -0.0130 12.2152 22.5916 -2.5626 -2.5510 -3.8307 -10.7513 4.3534 -2.6357 -13.7083 -0.0322 -0.1533 0.0437 0.7823 -10.7349 -3.8694 -0.8224 -10.7468 3.9412 -4.2435 18.8252 -7.9050 -42.5867 13.9539 -35.7512 0.9157 1.5085 -60.7810 0.2068 5.7586 7.9650 -15.5688 10.3369 15.0073 -60.2825 1.3590 2.7024 2.5300 13.9509 15.4500 79.3466 -52.5708 -34.8446 1.5198 -0.6420 76.8653 -38.0981 -39.9444 13.4648 15.6403 7.8287 -16.7109 50.3139 -3.0253 -5.3007 15.4003 -18.4481 12.2951 -0.5189 32.9240 -1.0119 -24.8492 -14.1384 -1.6650 1.6225 -0.3370 -1.8053 -30.6411 -41.4216 -14.3222 0.6479 34.6602 1.2891 19.2845 6.7656 -2.8205 -1.3708 1.1800 0.9141
-2.0481 89.8216 0.7232 7.5783 1.9974 -1.9605 1.0945 7.0669 -0.2103 0.4153 -1.7465 -0.0091 3.2723 21.0799 -0.0646 12.2878 22.8353 -2.5447 -2.5268 -3.8138 -10.8128 4.2068 -2.6755 -13.7740 -0.0280 -0.1455 0.0420 0.7811 -10.7342 -3.8728 -0.8107 -10.7387 3.9379 -4.2206 18.8432 -7.7328 -43.5393 14.2180 -35.8635 1.0178 1.5548 -60.1100 -0.1965 5.5961 7.7460 -15.5330 10.3522 14.9700 -60.3691 1.3856 2.6191 2.5755 13.7280 15.2078 79.9366 -52.8439 -35.6822 1.6170 -0.6595 78.7845 -37.3445 -39.8635 12.4516 15.7581 7.8054 -16.7436 50.2842 -3.0236 -5.3082 15.3320 -17.7234 12.4474 -0.5285 31.5150 -1.0243 -24.9006 -13.5682 -1.4598 1.6277 -0.4755 -1.8094 -30.4219 -41.0855 -14.4757 0.6596 34.1440 1.2951 19.2597 6.7262 -2.9117 -1.3737 1.1757 0.9083
-2.1671 90.0665 0.9093 7.6365 2.1254 -1.9846 1.1390 6.7749 -0.2569 0.4205 -1.8827 -0.0699 3.4010 20.5843 -0.0891 12.3403 22.9217 -2.5039 -2.5032 -3.7988 -10.8803 4.0093 -2.7329 -13.8363 -0.0193 -0.1389 0.0353 0.7841 -10.7327 -3.8814 -0.7953 -10.7274 3.9282 -4.1560 18.8179 -7.5510 -44.3720 14.2566 -35.8482 1.0966 1.5385 -59.4542 -0.3823 5.2873 7.4494 -15.5310 10.3958 14.9712 -60.4490 1.4018 2.5379 2.6562 13.4654 14.9524 80.1821 -53.1477 -36.3078 1.5409 -0.5936 80.8222 -36.6697 -40.0753 11.5939 15.8317 7.8129 -16.7356 50.2727 -3.0288 -5.3015 15.2533 -17.1197 12.5209 -0.5285 30.3085 -1.0335 -24.8815 -13.1335 -1.2200 1.6320 -0.6036 -1.8069 -30.2290 -40.8122 -14.6512 0.6561 33.6346 1.2761 19.2130 6.7195 -2.9810 -1.3752 1.1382 0.8891
-2.2486 90.2728 1.0900 7.6824 2.2511 -2.0167 1.1846 6.5096 -0.2601 0.4241 -2.0093 -0.1466 3.5265 20.1026 -0.1273 12.4373 22.8842 -2.4554 -2.4956 -3.7984 -10.9216 3.7651 -2.7932 -13.9223 -0.0079 -0.1363 0.0270 0.7924 -10.7285 -3.8950 -0.7790 -10.7136 3.9194 -4.0651 18.7790 -7.3539 -45.1117 14.1183 -35.7642 1.1683 1.5119 -58.7568 -0.3638 4.9832 7.1720 -15.5578 10.4326 14.9533 -60.4807 1.4220 2.4676 2.7753 13.1941 14.7469 80.0327 -53.4343 -36.6831 1.4800 -0.4717 82.8480 -36.1003 -40.5157 10.9536 15.9284 7.8093 -16.6992 50.3408 -3.0347 -5.2579 15.1652 -16.6235 12.5529 -0.5312 29.3253 -1.0448 -24.8299 -12.8028 -0.9820 1.6362 -0.7694 -1.8062 -30.0586 -40.5676 -14.8385 0.6428 33.1273 1.2444 19.1744 6.7590 -3.0011 -1.3795 1.0728 0.8704
-2.2506 90.4233 1.2278 7.6988 2.3832 -2.0797 1.2264 6.2823 -0.2876 0.4380 -2.1122 -0.2129 3.6307 19.6643 -0.1574 12.5661 22.7069 -2.4243 -2.4937 -3.8153 -10.9421 3.5095 -2.8481 -14.0150 0.0011 -0.1350 0.0204 0.8030 -10.7392 -3.9106 -0.7708 -10.7141 3.9177 -3.9266 18.6964 -7.1702 -45.7945 13.8394 -35.6074 1.1778 1.4756 -58.0577 -0.2018 4.6733 6.9551 -15.5871 10.4591 14.9339 -60.4270 1.4190 2.4223 2.9079 12.9482 14.5429 79.3350 -53.6247 -36.4906 1.3137 -0.2945 84.7976 -35.3743 -41.0556 10.2640 15.9835 7.8125 -16.6875 50.4036 -3.0445 -5.2545 15.1024 -16.2705 12.5624 -0.5158 28.5887 -1.0290 -24.7896 -12.5537 -0.8362 1.6392 -0.9258 -1.8008 -29.8653 -40.3871 -15.0422 0.6132 32.6338 1.1907 19.1174 6.8437 -2.9772 -1.3830 1.0134 0.8573
-2.2094 90.5246 1.2950 7.6816 2.5354 -2.1724 1.2426 6.1047 -0.2886 0.4693 -2.1863 -0.2808 3.7444 19.3072 -0.2100 12.6971 22.4534 -2.4403 -2.5049 -3.8422 -10.9276 3.2881 -2.8938 -14.1102 0.0014 -0.1381 0.0221 0.8067 -10.7482 -3.9148 -0.7736 -10.7147 3.9249 -3.7858 18.6234 -7.0194 -46.3636 13.4283 -35.3225 1.0896 1.4008 -57.4682 0.0113 4.4636 6.8243 -15.6624 10.4325 14.8928 -60.3709 1.3971 2.3858 3.0186 12.7177 14.3553 78.2507 -53.7183 -35.8846 1.1087 -0.1256 86.6264 -34.4707 -41.5189 9.4806 16.0552 7.8244 -16.6759 50.5067 -3.0426 -5.2647 15.0680 -16.1342 12.5757 -0.5139 28.2077 -1.0149 -24.7545 -12.4339 -0.7340 1.6408 -1.0231 -1.7992 -29.6636 -40.3495 -15.2689 0.5966 32.2064 1.1563 19.0658 6.9788 -2.8369 -1.3865 1.0031 0.8540
-2.1252 90.5602 1.3447 7.6450 2.7103 -2.2726 1.2482 5.9984 -0.2948 0.5024 -2.2333 -0.3508 3.8469 19.0199 -0.2785 12.8869 22.1151 -2.4385 -2.5102 -3.8890 -10.9747 3.1127 -2.9587 -14.2278 0.0071 -0.1424 0.0194 0.8177 -10.7685 -3.9234 -0.7725 -10.7279 3.9256 -3.6445 18.5012 -6.9266 -46.8697 12.9866 -34.9674 0.9137 1.3382 -57.0191 0.2097 4.3988 6.7598 -15.7586 10.4179 14.8949 -60.3285 1.3916 2.3424 3.1978 12.5093 14.1738 76.8029 -53.8117 -34.9811 0.9378 0.0215 88.3585 -33.2643 -41.8634 8.4547 16.1258 7.8419 -16.6804 50.6066 -3.0485 -5.2670 15.0432 -16.2560 12.5543 -0.4969 28.2353 -0.9829 -24.7790 -12.4834 -0.6847 1.6366 -0.9998 -1.7989 -29.4730 -40.5177 -15.5639 0.5791 31.9189 1.1049 19.0194 7.1192 -2.5366 -1.3901 1.0128 0.8645
-1.9739 90.4903 1.3145 7.5857 2.8784 -2.4266 1.2391 5.9588 -0.2962 0.5306 -2.2449 -0.4093 3.9435 18.8460 -0.3599 13.0811 21.7591 -2.4493 -2.4811 -3.9347 -11.0884 3.0305 -3.0963 -14.3445 0.0112 -0.1479 0.0191 0.8252 -10.7801 -3.9234 -0.7718 -10.7326 3.9236 -3.5511 18.3452 -6.8982 -47.2494 12.6664 -34.7570 0.7444 1.2570 -56.6945 0.2667 4.6208 6.7994 -15.8348 10.3643 14.9095 -60.2849 1.3479 2.3163 3.4457 12.3706 14.0016 75.0587 -53.9798 -33.8436 0.6988 0.1457 89.9200 -31.7646 -42.0404 7.3125 16.1473 7.9041 -16.7159 50.6925 -3.0076 -5.2752 15.0387 -16.6153 12.5056 -0.4830 28.7347 -0.9573 -24.9247 -12.7106 -0.6573 1.6330 -0.8744 -1.8075 -29.3053 -40.9012 -15.8677 0.5850 31.8533 1.0742 18.9920 7.3072 -2.1156 -1.3920 1.0279 0.8754
-1.8247 90.3159 1.2483 7.5412 2.9793 -2.5749 1.2146 5.9995 -0.2696 0.5476 -2.2355 -0.4817 3.9820 18.8175 -0.4485 13.3497 21.4265 -2.4654 -2.4403 -3.9751 -11.2842 3.0244 -3.2923 -14.4809 0.0195 -0.1514 0.0152 0.8346 -10.7820 -3.9204 -0.7641 -10.7308 3.9097 -3.5051 18.1582 -6.9344 -47.4306 12.4973 -34.8023 0.6272 1.2500 -56.4929 0.1881 5.1680 6.9651 -15.8868 10.3045 14.8954 -60.2674 1.3484 2.2929 3.7716 12.2543 13.8733 73.3015 -54.2607 -32.8882 0.4699 0.2567 91.0998 -30.2679 -42.1108 6.2927 16.1434 7.9682 -16.7601 50.7570 -2.9850 -5.3105 15.0388 -17.1560 12.3921 -0.4793 29.7039 -0.9466 -25.1671 -13.1139 -0.6442 1.6281 -0.6899 -1.8330 -29.2545 -41.4290 -16.1449 0.6120 32.0463 1.0646 18.9958 7.4384 -1.5452 -1.3918 1.0328 0.8768
-1.6544 90.0672 1.1249 7.5140 2.9602 -2.6907 1.1722 6.0943 -0.2435 0.5479 -2.1822 -0.5218 3.9801 18.9494 -0.5222 13.6120 21.2545 -2.5583 -2.3829 -4.0054 -11.4803 3.0927 -3.4607 -14.5635 0.0347 -0.1605 0.0040 0.8488 -10.7945 -3.9278 -0.7478 -10.7459 3.8902 -3.4991 18.0144 -7.0332 -47.3261 12.3455 -35.0455 0.5965 1.3254 -56.4992 0.0078 6.1286 7.2096 -15.9072 10.2452 14.8712 -60.2099 1.3514 2.3033 4.0821 12.1650 13.7852 71.9127 -54.6813 -32.4627 0.2415 0.2959 91.6805 -29.5062 -42.1518 5.9937 16.1558 7.9961 -16.7909 50.8011 -2.9720 -5.3889 15.0614 -17.7372 12.2262 -0.4803 30.9499 -0.9550 -25.4147 -13.6074 -0.6240 1.6241 -0.5350 -1.8620 -29.3600 -41.9444 -16.3106 0.6483 32.4178 1.0819 19.0555 7.5548 -0.9763 -1.3879 1.0153 0.8725
-1.4708 89.7733 0.9897 7.4839 2.8371 -2.7558 1.1328 6.2244 -0.1955 0.5294 -2.1155 -0.5435 3.9299 19.2391 -0.5829 13.8576 21.2969 -2.6600 -2.3399 -4.0151 -11.6469 3.2654 -3.5073 -14.6307 0.0469 -0.1702 -0.0050 0.8597 -10.8149 -3.9317 -0.7347 -10.7748 3.8728 -3.5532 17.9165 -7.1528 -46.8965 12.0936 -35.2668 0.6002 1.4015 -56.8627 -0.1261 7.3355 7.4477 -15.8707 10.2058 14.8308 -60.1993 1.3732 2.3093 4.4057 12.1502 13.8069 71.1019 -55.3157 -32.7606 0.1230 0.2179 91.5516 -29.9424 -42.1628 6.5688 16.1860 8.0173 -16.7532 50.8124 -2.9474 -5.4430 15.1070 -18.3582 12.0108 -0.5055 32.4227 -1.0005 -25.5986 -14.1871 -0.6351 1.6212 -0.4030 -1.8933 -29.5668 -42.4370 -16.3966 0.6814 32.9647 1.1110 19.1211 7.5963 -0.4614 -1.3828 1.0130 0.8621
-1.2729 89.4329 0.8383 7.4169 2.5972 -2.7519 1.0901 6.3382 -0.1590 0.4945 -2.0071 -0.4857 3.8819 19.6221 -0.5996 14.0420 21.5860 -2.8018 -2.3059 -4.0188 -11.7846 3.5636 -3.3942 -14.6753 0.0567 -0.1796 -0.0138 0.8637 -10.8316 -3.9388 -0.7212 -10.7958 3.8614 -3.6479 17.8710 -7.2569 -46.1869 11.6826 -35.4410 0.5828 1.4944 -57.5781 -0.1920 8.6973 7.6329 -15.8179 10.1524 14.7833 -60.1315 1.3738 2.3058 4.7977 12.1909 13.9591 70.7150 -56.0792 -33.5726 0.0662 0.0890 90.5814 -31.4719 -42.0877 7.9872 16.1780 8.0460 -16.7204 50.7747 -2.9438 -5.5159 15.2403 -18.9087 11.7226 -0.5353 33.9162 -1.0456 -25.7523 -14.7739 -0.6515 1.6240 -0.2871 -1.9153 -29.8115 -42.7565 -16.4329 0.7248 33.5399 1.1642 19.1665 7.5948 -0.1164 -1.3777 1.0545 0.8517
-1.0731 89.1209 0.6937 7.3027 2.2952 -2.7382 1.0510 6.4437 -0.0766 0.4583 -1.9186 -0.4385 3.8161 20.0995 -0.5367 14.1622 22.0895 -2.9247 -2.3159 -4.0132 -11.8033 3.9262 -3.1395 -14.6792 0.0617 -0.1804 -0.0199 0.8703 -10.8554 -3.9473 -0.7176 -10.8201 3.8559 -3.7721 17.8611 -7.3100 -45.2838 11.0905 -35.4225 0.5588 1.5404 -58.6509 -0.1247 9.8601 7.7405 -15.7410 10.1398 14.7989 -60.0822 1.3876 2.3103 5.2847 12.3335 14.3031 70.6858 -56.9381 -34.6781 0.1557 -0.1678 88.8019 -33.7749 -41.8809 10.0213 16.1411 8.0231 -16.6612 50.6111 -2.9843 -5.5524 15.4264 -19.3954 11.4425 -0.5647 35.3570 -1.0867 -25.8021 -15.3357 -0.6648 1.6242 -0.2067 -1.9417 -30.0199 -42.9562 -16.4097 0.7324 34.1396 1.1822 19.1857 7.5583 0.1220 -1.3742 1.1073 0.8461
-0.9004 88.8704 0.5551 7.1450 1.9348 -2.7211 1.0065 6.5062 -0.0083 0.4144 -1.8283 -0.3437 3.7670 20.6160 -0.4047 14.1361 22.6982 -3.0057 -2.3330 -3.9982 -11.7229 4.3143 -2.8960 -14.6370 0.0578 -0.1781 -0.0202 0.8653 -10.8680 -3.9498 -0.7221 -10.8249 3.8606 -3.8945 17.8573 -7.2753 -44.3497 10.4529 -35.2719 0.4626 1.5333 -59.8885 0.0890 10.6338 7.8139 -15.7495 10.1662 14.8698 -60.0942 1.4062 2.3724 5.8080 12.5430 14.7120 70.8452 -57.6754 -35.5667 0.2967 -0.3219 86.4312 -36.2203 -41.8335 12.1948 16.0479 7.9860 -16.5874 50.3899 -3.0133 -5.5814 15.6867 -19.6760 11.1714 -0.5700 36.4953 -1.0921 -25.7945 -15.7835 -0.6971 1.6241 -0.1677 -1.9596 -30.1430 -42.9424 -16.3872 0.7209 34.5790 1.1876 19.1696 7.5063 0.2256 -1.3706 1.1642 0.8435
-0.7838 88.6869 0.4538 6.9584 1.6020 -2.7515 0.9562 6.5502 0.0595 0.3663 -1.7820 -0.2139 3.7248 21.1068 -0.2408 14.0000 23.3498 -3.0372 -2.3555 -3.9699 -11.5717 4.6496 -2.7238 -14.5277 0.0484 -0.1738 -0.0152 0.8561 -10.8719 -3.9454 -0.7334 -10.8207 3.8698 -3.9569 17.8910 -7.1559 -43.5386 9.8793 -35.0714 0.3783 1.4824 -61.1110 0.3230 10.9876 7.8608 -15.7778 10.2065 14.9867 -60.1425 1.4146 2.4652 6.3613 12.8049 15.1934 70.9472 -58.1279 -35.8405 0.3883 -0.3787 83.7830 -38.5057 -41.9196 14.3071 15.9033 7.9129 -16.5308 50.1169 -3.0492 -5.6045 15.9579 -19.8043 10.9427 -0.5772 37.3158 -1.0963 -25.7421 -16.1177 -0.6082 1.6230 -0.1229 -1.9682 -30.1228 -42.8452 -16.4461 0.7209 34.8502 1.2046 19.1465 7.4919 0.2710 -1.3679 1.2127 0.8446
-0.7090 88.5867 0.3880 6.7410 1.2954 -2.8341 0.8975 6.5810 0.1234 0.3170 -1.7729 -0.0860 3.6870 21.5220 -0.0163 13.8079 23.9728 -3.0274 -2.3801 -3.9299 -11.3899 4.9297 -2.6184 -14.3937 0.0326 -0.1686 -0.0044 0.8355 -10.8590 -3.9328 -0.7462 -10.8019 3.8852 -3.9834 17.9064 -6.9612 -42.9258 9.5365 -34.8239 0.2576 1.3739 -62.1469 0.4114 10.9773 7.8461 -15.7787 10.2594 15.1068 -60.1855 1.4201 2.5535 6.8917 13.1107 15.7376 71.0984 -58.1800 -35.6387 0.4797 -0.3849 81.1812 -40.8280 -42.2483 16.5016 15.7224 7.7940 -16.4580 49.8286 -3.0886 -5.6021 16.2297 -19.7630 10.8082 -0.5697 37.7861 -1.0869 -25.6556 -16.3265 -0.4559 1.6216 -0.0857 -1.9750 -29.9516 -42.6123 -16.5824 0.7061 34.8856 1.2034 19.1251 7.5084 0.3205 -1.3670 1.2327 0.8454
-0.7140 88.5837 0.3491 6.5161 1.0487 -2.9591 0.8224 6.5986 0.1805 0.2676 -1.8032 0.0174 3.6294 21.8467 0.2573 13.6107 24.5049 -2.9620 -2.4389 -3.8997 -11.1847 5.1845 -2.4850 -14.2883 0.0115 -0.1639 0.0117 0.8151 -10.8472 -3.9148 -0.7688 -10.7871 3.9069 -3.9811 17.9369 -6.7408 -42.4630 9.4922 -34.5123 0.1593 1.2928 -62.9446 0.3095 10.6266 7.7938 -15.7883 10.3116 15.1817 -60.2706 1.4347 2.5955 7.4086 13.3996 16.3086 71.5069 -57.8327 -35.2753 0.6686 -0.3983 78.8768 -43.1263 -42.7726 18.7604 15.5701 7.6694 -16.3625 49.6106 -3.1092 -5.5391 16.4911 -19.6006 10.7592 -0.5554 37.9190 -1.0655 -25.5413 -16.4030 -0.2599 1.6220 -0.0540 -1.9675 -29.6621 -42.2817 -16.7757 0.6773 34.6753 1.1767 19.0989 7.5682 0.3283 -1.3684 1.2398 0.8573
-0.7517 88.6616 0.3323 6.2830 0.8833 -3.0744 0.7314 6.5784 0.2020 0.2148 -1.8253 0.1428 3.5843 22.0336 0.5281 13.4150 24.8968 -2.8793 -2.4578 -3.8825 -11.0371 5.3527 -2.3918 -14.1935 -0.0091 -0.1649 0.0279 0.7915 -10.8434 -3.8966 -0.7887 -10.7823 3.9300 -3.9505 17.9713 -6.4622 -42.1316 9.8044 -34.2293 0.0848 1.2084 -63.4297 -0.0089 10.2752 7.7316 -15.8272 10.3661 15.2431 -60.3581 1.4621 2.6716 7.8940 13.6787 16.8207 72.2239 -57.1175 -34.8413 0.9168 -0.4242 77.0429 -45.4772 -43.4306 21.2268 15.5277 7.5816 -16.2858 49.5014 -3.0881 -5.4555 16.7184 -19.3604 10.7735 -0.5309 37.7261 -1.0384 -25.4043 -16.3238 -0.0947 1.6228 -0.0355 -1.9488 -29.2489 -41.8520 -17.0533 0.6567 34.2084 1.1738 19.0755 7.6928 0.2527 -1.3700 1.1943 0.8678
-0.7983 88.7897 0.3402 6.0424 0.7871 -3.1857 0.6323 6.5494 0.2225 0.1628 -1.8645 0.2672 3.5555 22.0971 0.7736 13.2557 25.1544 -2.7635 -2.4703 -3.8839 -10.9369 5.4979 -2.2689 -14.1378 -0.0242 -0.1690 0.0418 0.7809 -10.8499 -3.8858 -0.8092 -10.7897 3.9530 -3.8455 18.0695 -6.1795 -41.9341 10.4641 -33.9564 0.1218 1.1511 -63.6714 -0.5027 10.0510 7.6622 -15.8737 10.3912 15.2750 -60.4712 1.4848 2.7455 8.2951 13.9306 17.2587 73.1873 -56.0574 -34.4548 1.1366 -0.4456 75.8329 -47.6599 -43.9957 23.6164 15.5355 7.5446 -16.2222 49.5242 -3.0644 -5.3681 16.9417 -19.0999 10.8557 -0.5040 37.3253 -1.0257 -25.2938 -16.1600 0.0087 1.6231 -0.0191 -1.9260 -28.7572 -41.3657 -17.3808 0.6365 33.5802 1.1598 19.0776 7.8761 0.1608 -1.3727 1.1208 0.8838
-0.8641 88.9629 0.3640 5.8058 0.7507 -3.2364 0.5346 6.4969 0.2473 0.1064 -1.9238 0.3668 3.5494 22.0505 0.9713 13.1820 25.3509 -2.6869 -2.4922 -3.8940 -10.8299 5.6123 -2.1011 -14.1088 -0.0317 -0.1743 0.0519 0.7739 -10.8481 -3.8775 -0.8178 -10.7919 3.9686 -3.6652 18.1866 -5.9131 -41.8458 11.4720 -33.6760 0.2266 1.1077 -63.7707 -1.0402 9.9027 7.6174 -15.9347 10.3956 15.2634 -60.5945 1.4858 2.7722 8.5751 14.1575 17.5642 74.3225 -54.7387 -34.1143 1.2852 -0.4620 75.1448 -49.5035 -44.3440 25.6588 15.5434 7.5173 -16.1742 49.5589 -3.0532 -5.2764 17.1612 -18.8321 10.9691 -0.4959 36.7517 -1.0288 -25.1970 -15.9195 0.0875 1.6228 0.0285 -1.9036 -28.2331 -40.8696 -17.7738 0.6133 32.8906 1.1453 19.1111 8.0095 0.0689 -1.3759 1.0541 0.8999
-0.9260 89.1526 0.4017 5.6005 0.7346 -3.2556 0.4307 6.4275 0.2599 0.0604 -1.9919 0.4613 3.5464 21.9288 1.1294 13.1780 25.5564 -2.6689 -2.4962 -3.9028 -10.7362 5.6965 -1.9525 -14.0560 -0.0351 -0.1707 0.0575 0.7695 -10.8462 -3.8746 -0.8192 -10.7945 3.9776 -3.3861 18.2950 -5.6382 -41.9076 12.6974 -33.4447 0.3353 1.0990 -63.7724 -1.5507 9.8849 7.5204 -15.9762 10.4226 15.2450 -60.7502 1.5056 2.7320 8.7041 14.3719 17.7118 75.4601 -53.3200 -33.7451 1.3156 -0.4530 74.8381 -50.9935 -44.5154 27.2262 15.5053 7.5450 -16.1931 49.6084 -3.0275 -5.2391 17.3396 -18.5261 11.0338 -0.4829 36.0883 -1.0234 -25.1359 -15.6400 0.1195 1.6256 0.0412 -1.8873 -27.7462 -40.4077 -18.1845 0.5981 32.2480 1.1329 19.1318 8.1334 -0.0149 -1.3774 0.9760 0.9179
-0.9646 89.3390 0.4722 5.4287 0.7436 -3.2258 0.3365 6.3304 0.2659 0.0110 -2.0699 0.5737 3.5662 21.7495 1.2444 13.2649 25.7897 -2.7297 -2.5303 -3.9198 -10.6686 5.7787 -1.7980 -14.0133 -0.0368 -0.1696 0.0618 0.7628 -10.8307 -3.8685 -0.8165 -10.7856 3.9814 -3.0308 18.4004 -5.3695 -42.0659 14.0528 -33.2641 0.4670 1.1036 -63.7775 -2.0809 9.9297 7.3544 -16.0191 10.3915 15.1938 -60.7984 1.4752 2.6754 8.6939 14.5787 17.7278 76.5971 -51.9646 -33.4787 1.2867 -0.4410 74.6817 -52.2516 -44.5692 28.4272 15.4395 7.5589 -16.1955 49.6526 -3.0058 -5.2145 17.4894 -18.2242 11.0809 -0.4656 35.3580 -1.0090 -25.0687 -15.3154 0.1345 1.6247 0.0568 -1.8701 -27.3183 -39.9716 -18.6112 0.5903 31.5844 1.1288 19.1434 8.2879 -0.0467 -1.3777 0.8864 0.9240
-0.9957 89.5371 0.5418 5.2919 0.7753 -3.1881 0.2500 6.2178 0.2952 -0.0384 -2.1666 0.6517 3.5648 21.5219 1.3330 13.4605 26.0453 -2.7959 -2.5608 -3.9419 -10.6337 5.8193 -1.6370 -13.9947 -0.0350 -0.1673 0.0622 0.7621 -10.8279 -3.8675 -0.8117 -10.7926 3.9818 -2.5857 18.5042 -5.0971 -42.3594 15.4565 -33.0509 0.6081 1.1239 -63.8647 -2.5391 10.0096 7.1244 -16.0211 10.3840 15.1468 -60.8021 1.4646 2.6309 8.5586 14.7212 17.6557 77.5468 -50.6402 -33.1597 1.2289 -0.4382 74.5808 -53.2313 -44.4813 29.1827 15.3850 7.5634 -16.1744 49.6583 -2.9731 -5.1660 17.5888 -17.9142 11.0951 -0.4597 34.6130 -1.0013 -24.9945 -14.9796 0.1576 1.6238 0.0422 -1.8636 -26.9412 -39.5704 -18.9882 0.5774 30.9554 1.1222 19.2166 8.4325 -0.0443 -1.3771 0.8072 0.9209
-1.0169 89.7435 0.6092 5.1916 0.8206 -3.1314 0.1684 6.0815 0.2757 -0.0835 -2.2594 0.7398 3.5629 21.2512 1.4032 13.6926 26.2561 -2.8766 -2.5800 -3.9560 -10.5996 5.8190 -1.4600 -13.9785 -0.0317 -0.1668 0.0598 0.7693 -10.8398 -3.8758 -0.8116 -10.8136 3.9840 -2.0854 18.5824 -4.8047 -42.7977 16.6996 -32.7930 0.6745 1.1519 -64.0169 -2.9214 9.9986 6.8523 -15.9905 10.3534 15.1001 -60.7726 1.4387 2.6158 8.2636 14.8169 17.4929 78.5032 -49.4267 -33.0366 1.1636 -0.4467 74.5822 -53.6852 -44.2027 29.2153 15.3554 7.5606 -16.1414 49.6392 -2.9402 -5.1060 17.6487 -17.6023 11.0992 -0.4542 33.8523 -0.9905 -24.9195 -14.6320 0.1579 1.6233 -0.0201 -1.8519 -26.6194 -39.1972 -19.3202 0.5715 30.3642 1.1278 19.3052 8.5474 -0.0631 -1.3743 0.7235 0.9107
-1.0102 89.9365 0.6762 5.1429 0.8703 -3.0844 0.0961 5.9526 0.2618 -0.1188 -2.3601 0.7723 3.5180 20.9201 1.4454 13.9735 26.4634 -2.9721 -2.6238 -3.9626 -10.5291 5.8027 -1.2911 -13.9588 -0.0247 -0.1666 0.0533 0.7806 -10.8578 -3.8902 -0.8072 -10.8346 3.9819 -1.5930 18.6521 -4.5078 -43.3344 17.7336 -32.3645 0.6790 1.2126 -64.3468 -3.2450 9.8804 6.5981 -15.9277 10.3309 15.0951 -60.6850 1.4296 2.6249 7.8325 14.8808 17.3042 79.4634 -48.3718 -33.1519 1.1478 -0.4925 74.6784 -53.6339 -43.7612 28.5488 15.3364 7.5597 -16.1132 49.5704 -2.9190 -5.0317 17.6696 -17.2396 11.1225 -0.4728 33.0332 -1.0083 -24.8839 -14.2795 0.1865 1.6238 -0.1138 -1.8407 -26.4041 -38.8391 -19.5477 0.5565 29.7821 1.1171 19.3968 8.6394 -0.1412 -1.3739 0.6610 0.9005
-1.0271 90.1401 0.7575 5.1387 0.9193 -3.0329 0.0391 5.8096 0.2417 -0.1479 -2.4630 0.7990 3.4612 20.5649 1.4601 14.2385 26.6450 -3.0439 -2.6511 -3.9597 -10.4628 5.7902 -1.1465 -13.9598 -0.0173 -0.1644 0.0470 0.7893 -10.8663 -3.9010 -0.7989 -10.8397 3.9756 -1.1486 18.7261 -4.2002 -43.8998 18.5743 -31.8468 0.7236 1.2397 -64.8950 -3.5279 9.7056 6.3679 -15.8687 10.3233 15.0795 -60.6284 1.4305 2.6112 7.2541 14.9132 17.0455 80.4609 -47.4919 -33.5588 1.1980 -0.5505 74.9751 -53.1562 -43.2283 27.2936 15.3766 7.5533 -16.0866 49.5046 -2.8978 -4.9622 17.6228 -16.8402 11.1681 -0.4907 32.1711 -1.0332 -24.8156 -13.9091 0.2647 1.6271 -0.2473 -1.8338 -26.2488 -38.4867 -19.7027 0.5345 29.2243 1.0800 19.4650 8.7324 -0.2501 -1.3738 0.6071 0.8833
-1.0558 90.3121 0.8283 5.1706 0.9845 -2.9807 0.0086 5.6474 0.1933 -0.1670 -2.5516 0.8420 3.3952 20.1493 1.4167 14.4567 26.7961 -3.0941 -2.6427 -3.9420 -10.4135 5.7161 -1.0608 -13.9160 -0.0067 -0.1582 0.0373 0.8006 -10.8793 -3.9188 -0.7870 -10.8466 3.9680 -0.7839 18.7877 -3.9011 -44.4837 19.2089 -31.2714 0.7519 1.2361 -65.6423 -3.6271 9.2932 6.1535 -15.8006 10.3350 15.0758 -60.5923 1.4461 2.5697 6.5006 14.9255 16.7433 81.3471 -46.7628 -34.0668 1.2543 -0.5800 75.4655 -52.4777 -42.7125 25.7374 15.3865 7.5752 -16.0735 49.4004 -2.8570 -4.9070 17.5505 -16.3968 11.1596 -0.4965 31.2663 -1.0412 -24.7798 -13.5720 0.4046 1.6296 -0.3905 -1.8320 -26.1607 -38.2216 -19.8038 0.5272 28.7848 1.0684 19.4528 8.7568 -0.3789 -1.3765 0.5461 0.8628
-1.1141 90.4471 0.9269 5.2293 1.0464 -2.9345 0.0106 5.4777 0.1675 -0.1671 -2.6372 0.8381 3.3119 19.7206 1.3606 14.6016 26.8841 -3.1300 -2.6171 -3.9247 -10.3437 5.5982 -1.0445 -13.8792 0.0050 -0.1525 0.0265 0.8116 -10.8746 -3.9350 -0.7732 -10.8381 3.9573 -0.5218 18.8517 -3.6489 -45.0187 19.6723 -30.6713 0.8735 1.1925 -66.5535 -3.6346 8.7175 6.0135 -15.7919 10.3446 15.0762 -60.5596 1.4564 2.5110 5.6538 14.9224 16.4575 82.0385 -46.1133 -34.6102 1.2994 -0.5999 76.1790 -51.5919 -42.1363 24.0038 15.3818 7.5677 -16.0805 49.3190 -2.8635 -4.8974 17.4624 -15.9784 11.1304 -0.5003 30.4661 -1.0392 -24.7391 -13.3078 0.5669 1.6312 -0.4971 -1.8315 -26.1409 -38.0146 -19.8287 0.5230 28.4810 1.0560 19.3936 8.6907 -0.4903 -1.3800 0.4945 0.8500
-1.1835 90.5423 1.0274 5.3036 1.0995 -2.8576 0.0353 5.2902 0.1446 -0.1528 -2.7317 0.8187 3.2556 19.3279 1.2946 14.7125 26.8088 -3.1410 -2.6463 -3.9197 -10.2828 5.4561 -1.0273 -13.8986 0.0074 -0.1463 0.0231 0.8175 -10.8725 -3.9452 -0.7727 -10.8305 3.9581 -0.3471 18.9281 -3.4448 -45.4816 19.8913 -30.0524 0.9730 1.1311 -67.5615 -3.4544 7.9172 5.8872 -15.8070 10.3598 15.0826 -60.5512 1.4657 2.4441 4.7971 14.8792 16.1704 82.5239 -45.5795 -35.2091 1.3369 -0.5799 77.1221 -50.4438 -41.4582 22.0475 15.3950 7.5197 -16.0740 49.2671 -2.8920 -4.9261 17.3825 -15.5933 11.0615 -0.4961 29.7606 -1.0188 -24.7400 -13.0977 0.6916 1.6310 -0.5752 -1.8342 -26.1880 -37.8687 -19.8131 0.5136 28.3363 1.0308 19.3352 8.5419 -0.6001 -1.3855 0.4783 0.8486
-1.2649 90.6203 1.1618 5.3789 1.1424 -2.7910 0.0873 5.1154 0.1327 -0.1245 -2.8055 0.7830 3.2427 18.9412 1.2291 14.7757 26.6062 -3.1098 -2.6692 -3.9324 -10.2789 5.2602 -1.0737 -13.9199 0.0068 -0.1404 0.0212 0.8193 -10.8648 -3.9500 -0.7736 -10.8194 3.9574 -0.2164 18.9701 -3.2955 -45.9490 19.8844 -29.4062 1.0052 1.0371 -68.6713 -3.0657 7.0328 5.7858 -15.8110 10.3701 15.1056 -60.5089 1.4688 2.3729 4.0023 14.7916 15.9068 82.5942 -45.1849 -35.5933 1.3229 -0.5304 78.1466 -49.2160 -40.7968 20.1395 15.4807 7.4236 -16.0455 49.2550 -2.9202 -4.9607 17.3183 -15.2449 10.9693 -0.4874 29.1614 -1.0059 -24.8158 -12.9218 0.7999 1.6289 -0.6296 -1.8402 -26.2444 -37.7809 -19.7949 0.5031 28.3121 1.0050 19.2823 8.3644 -0.6799 -1.3892 0.4438 0.8530
-1.3716 90.6755 1.2813 5.4482 1.1918 -2.7261 0.1655 4.9451 0.1126 -0.0896 -2.8701 0.7635 3.2781 18.6151 1.1360 14.8166 26.3011 -3.0331 -2.6816 -3.9599 -10.3625 5.0686 -1.1136 -13.9570 0.0024 -0.1351 0.0220 0.8140 -10.8643 -3.9514 -0.7780 -10.8143 3.9624 -0.1192 18.9649 -3.1758 -46.3973 19.7305 -28.8296 0.9439 0.9304 -69.7350 -2.5657 6.1372 5.6845 -15.8191 10.3713 15.1293 -60.4446 1.4664 2.2961 3.2986 14.6796 15.6560 82.4530 -44.9669 -35.9392 1.3049 -0.4624 79.1290 -47.9210 -40.1223 18.3180 15.5750 7.3386 -16.0232 49.2479 -2.9189 -4.9931 17.2771 -14.9490 10.8711 -0.4645 28.6365 -0.9736 -24.9429 -12.7826 0.8413 1.6266 -0.6931 -1.8489 -26.2863 -37.7773 -19.8227 0.4985 28.4054 0.9851 19.2500 8.1679 -0.7591 -1.3903 0.4008 0.8482
-1.4951 90.7256 1.3765 5.5163 1.2512 -2.6682 0.2542 4.8126 0.1087 -0.0484 -2.9396 0.7147 3.3416 18.3625 1.0395 14.8424 25.9451 -2.9506 -2.6806 -3.9708 -10.4589 4.9068 -1.1686 -13.9882 -0.0095 -0.1295 0.0316 0.8057 -10.8650 -3.9430 -0.7938 -10.8120 3.9778 0.0081 18.8997 -3.1025 -46.8712 19.5614 -28.3940 0.8452 0.8608 -70.7724 -2.0347 5.3457 5.6483 -15.8287 10.3879 15.2029 -60.4559 1.4661 2.2256 2.7055 14.5520 15.4540 82.1601 -44.9459 -36.2288 1.3086 -0.4062 79.9491 -46.7476 -39.4860 16.7116 15.6589 7.2458 -16.0181 49.2322 -2.9653 -5.0125 17.2463 -14.7357 10.8577 -0.4523 28.2009 -0.9699 -25.0977 -12.6490 0.8024 1.6256 -0.7701 -1.8646 -26.2926 -37.8418 -19.8890 0.5103 28.5647 0.9796 19.2085 7.9658 -0.7808 -1.3888 0.3925 0.8334
-1.6213 90.7587 1.4552 5.5936 1.3233 -2.6406 0.3427 4.7107 0.1135 -0.0014 -2.9932 0.6655 3.4340 18.1538 0.9311 14.8676 25.5911 -2.9143 -2.6870 -3.9741 -10.5504 4.8206 -1.2723 -14.0402 -0.0203 -0.1285 0.0410 0.7950 -10.8588 -3.9308 -0.8048 -10.7977 3.9887 0.1470 18.8484 -3.0862 -47.3466 19.4539 -28.1867 0.7647 0.8145 -71.7292 -1.5548 4.7439 5.6872 -15.8227 10.4269 15.2595 -60.4823 1.4702 2.1865 2.1662 14.4027 15.2739 81.8316 -45.0499 -36.4875 1.3313 -0.3374 80.5146 -45.8222 -38.9366 15.3376 15.7214 7.2015 -16.0061 49.2800 -2.9676 -5.0347 17.2167 -14.5437 10.8702 -0.4382 27.7821 -0.9532 -25.2633 -12.5324 0.7416 1.6249 -0.8653 -1.8750 -26.3204 -37.9710 -19.9175 0.5357 28.7910 0.9928 19.1771 7.7730 -0.7951 -1.3854 0.3714 0.8237
-1.7718 90.7738 1.5228 5.6722 1.4321 -2.6530 0.4349 4.6438 0.0914 0.0414 -3.0290 0.6248 3.5285 17.9806 0.8229 14.9515 25.2466 -2.8841 -2.7056 -3.9754 -10.6323 4.7725 -1.4152 -14.0810 -0.0289 -0.1269 0.0504 0.7875 -10.8636 -3.9192 -0.8136 -10.7948 3.9982 0.3208 18.8277 -3.0920 -47.8386 19.4512 -28.2096 0.7651 0.8581 -72.6054 -1.1713 4.3232 5.7268 -15.7931 10.4935 15.3221 -60.5655 1.4842 2.1456 1.6661 14.2316 15.1230 81.4764 -45.2802 -36.6889 1.3676 -0.3084 80.8526 -45.0808 -38.4828 14.1648 15.7513 7.1704 -15.9880 49.2383 -2.9616 -5.0122 17.2043 -14.4158 10.8943 -0.4296 27.3967 -0.9557 -25.4402 -12.3981 0.6953 1.6244 -0.9720 -1.8926 -26.3367 -38.1719 -19.9215 0.5558 29.0323 0.9988 19.1480 7.5985 -0.7621 -1.3807 0.3744 0.8070
-1.9003 90.7762 1.5756 5.7461 1.5970 -2.6819 0.5280 4.5860 0.0656 0.0811 -3.0387 0.5872 3.6439 17.8079 0.6947 15.0190 24.9121 -2.9306 -2.7199 -3.9683 -10.6385 4.7500 -1.5566 -14.1439 -0.0322 -0.1293 0.0548 0.7830 -10.8519 -3.9086 -0.8154 -10.7792 3.9981 0.4996 18.8206 -3.1442 -48.3914 19.6041 -28.4707 0.8619 0.9185 -73.4177 -0.8401 3.9109 5.8169 -15.7424 10.5234 15.3754 -60.5749 1.4829 2.1460 1.1882 14.0153 14.9941 81.0212 -45.5414 -36.7418 1.3895 -0.3062 80.9318 -44.5235 -38.2177 13.2627 15.7461 7.1723 -15.9638 49.1964 -2.9192 -4.9823 17.1942 -14.3783 10.9131 -0.4266 27.0824 -0.9521 -25.6035 -12.2798 0.7060 1.6224 -1.0332 -1.9026 -26.3288 -38.4263 -19.8990 0.5784 29.2617 1.0078 19.1053 7.4283 -0.7320 -1.3777 0.3910 0.7927
-2.0192 90.7523 1.6103 5.7953 1.7805 -2.7535 0.6300 4.5975 0.0433 0.1240 -3.0448 0.5210 3.7442 17.6761 0.5672 15.1361 24.5894 -2.9651 -2.7029 -3.9536 -10.6116 4.7131 -1.6595 -14.1589 -0.0287 -0.1300 0.0524 0.7915 -10.8582 -3.9112 -0.8160 -10.7863 3.9945 0.7566 18.8141 -3.1887 -49.0190 19.8354 -28.8910 1.0026 1.0087 -74.1726 -0.5320 3.4007 5.9068 -15.6831 10.5679 15.4106 -60.6808 1.5083 2.1335 0.7255 13.7727 14.8732 80.5980 -45.8191 -36.7078 1.4394 -0.3403 80.8337 -44.0185 -37.9801 12.5023 15.7204 7.1764 -15.9334 49.1361 -2.8972 -4.9345 17.1999 -14.4296 10.9044 -0.4306 26.9206 -0.9632 -25.7815 -12.1943 0.7209 1.6224 -1.1022 -1.9100 -26.2897 -38.7391 -19.8108 0.5894 29.5651 0.9990 19.0436 7.2440 -0.6960 -1.3764 0.4216 0.7783
-2.1074 90.7237 1.6052 5.8265 1.9674 -2.8262 0.7367 4.6498 -0.0065 0.1657 -3.0082 0.4591 3.8438 17.5466 0.4449 15.2593 24.2838 -3.0806 -2.6637 -3.9484 -10.5247 4.6658 -1.7654 -14.1191 -0.0234 -0.1330 0.0481 0.8001 -10.8462 -3.9116 -0.8133 -10.7755 3.9845 1.0600 18.8014 -3.2621 -49.7259 20.1527 -29.4491 1.1332 1.1422 -74.8977 -0.3227 2.8109 5.9953 -15.6489 10.5751 15.4129 -60.6922 1.5115 2.1329 0.2754 13.5457 14.7635 80.2113 -46.0819 -36.5831 1.4369 -0.3592 80.5981 -43.5997 -37.9440 11.8754 15.7246 7.1974 -15.9640 49.1365 -2.8880 -4.9134 17.2302 -14.5440 10.8782 -0.4329 26.8565 -0.9503 -25.9360 -12.1164 0.7389 1.6218 -1.1567 -1.9065 -26.2353 -39.0432 -19.7243 0.5983 29.8573 1.0085 19.0287 7.0820 -0.7131 -1.3773 0.4785 0.7738
-2.1769 90.6916 1.5887 5.8456 2.1518 -2.8832 0.8395 4.7459 -0.0351 0.2094 -2.9826 0.3656 3.9455 17.4825 0.3192 15.4204 24.0323 -3.2159 -2.5903 -3.9359 -10.3959 4.6466 -1.8819 -14.0776 -0.0196 -0.1324 0.0461 0.8105 -10.8454 -3.9137 -0.8153 -10.7755 3.9813 1.4114 18.8040 -3.3159 -50.4056 20.4878 -30.0179 1.1955 1.1750 -75.7245 -0.1562 2.1836 6.0802 -15.5885 10.5868 15.4195 -60.7221 1.5072 2.1231 -0.1303 13.3466 14.6787 79.8818 -46.4085 -36.5035 1.4518 -0.3969 80.2621 -43.1531 -38.0006 11.3428 15.6954 7.1924 -16.0199 49.0712 -2.9069 -4.9265 17.2697 -14.7493 10.8429 -0.4421 26.9499 -0.9576 -26.0931 -12.0772 0.7247 1.6238 -1.2263 -1.9017 -26.1743 -39.3754 -19.6595 0.6017 30.1701 1.0094 19.0198 6.9357 -0.6994 -1.3806 0.5187 0.7655
-2.2429 90.6463 1.5440 5.8637 2.3269 -2.9223 0.9228 4.8523 -0.0666 0.2420 -2.9408 0.2777 4.0561 17.4492 0.2116 15.6284 23.8325 -3.3480 -2.5299 -3.9273 -10.2689 4.6591 -2.0618 -14.0441 -0.0110 -0.1283 0.0409 0.8203 -10.8344 -3.9194 -0.8077 -10.7670 3.9741 1.7611 18.8208 -3.3609 -51.0773 20.8350 -30.6421 1.2265 1.1912 -76.5660 -0.0175 1.6515 6.1448 -15.5325 10.5878 15.4345 -60.7108 1.4981 2.1410 -0.4246 13.1805 14.6212 79.5373 -46.7574 -36.3849 1.4379 -0.3836 79.8408 -42.7224 -38.1853 10.9137 15.6893 7.1803 -16.0864 49.0475 -2.9434 -4.9581 17.2954 -15.0167 10.7674 -0.4548 27.1737 -0.9600 -26.2399 -12.0992 0.6745 1.6248 -1.2738 -1.8969 -26.1226 -39.7088 -19.6265 0.6032 30.4661 1.0160 19.0035 6.8094 -0.6552 -1.3844 0.5667 0.7539
-2.2525 90.5939 1.5001 5.8817 2.4799 -2.9426 0.9896 4.9627 -0.1109 0.2607 -2.8887 0.2084 4.1726 17.4559 0.1528 15.8828 23.6832 -3.4396 -2.4675 -3.9293 -10.2181 4.7047 -2.2627 -14.0393 0.0066 -0.1232 0.0276 0.8407 -10.8258 -3.9359 -0.7926 -10.7635 3.9585 2.0886 18.8317 -3.3716 -51.6437 21.1813 -31.2369 1.1862 1.1753 -77.3951 0.1884 1.1946 6.2038 -15.4879 10.6079 15.4524 -60.6853 1.5020 2.1704 -0.5852 13.0791 14.5828 79.2201 -47.1966 -36.2847 1.3956 -0.2866 79.3449 -42.4159 -38.6240 10.6842 15.7040 7.1497 -16.1181 49.0264 -3.0014 -4.9823 17.3199 -15.3331 10.7028 -0.4698 27.5250 -0.9607 -26.3397 -12.1881 0.5928 1.6245 -1.3242 -1.8994 -26.1169 -40.0287 -19.5798 0.6087 30.7464 1.0329 19.0139 6.7157 -0.6094 -1.3888 0.6193 0.7446
-2.2471 90.5187 1.4655 5.9003 2.6082 -2.9825 1.0213 5.0728 -0.1243 0.2687 -2.8396 0.1428 4.2931 17.5272 0.1271 16.1681 23.6082 -3.4634 -2.4317 -3.9328 -10.2262 4.8100 -2.4395 -14.0686 0.0269 -0.1174 0.0113 0.8628 -10.8287 -3.9557 -0.7722 -10.7688 3.9374 2.3506 18.8310 -3.3209 -52.0465 21.5269 -31.7719 1.0953 1.1769 -78.0966 0.4903 0.8687 6.1745 -15.4839 10.6321 15.4842 -60.6862 1.5302 2.1743 -0.6139 13.0869 14.5718 78.9718 -47.7569 -36.2371 1.3420 -0.2055 78.8174 -42.2543 -39.1379 10.6908 15.6899 7.1053 -16.1123 48.9779 -3.0531 -5.0031 17.3142 -15.7188 10.7102 -0.4838 28.0417 -0.9709 -26.4158 -12.3854 0.4749 1.6243 -1.3326 -1.9058 -26.1640 -40.3404 -19.4722 0.6043 31.0369 1.0196 19.0273 6.6302 -0.5309 -1.3920 0.6980 0.7457
-2.1816 90.4245 1.4225 5.9146 2.6901 -3.0514 1.0239 5.1807 -0.1269 0.2779 -2.7668 0.0933 4.4009 17.6329 0.1325 16.4472 23.6020 -3.4974 -2.4095 -3.9437 -10.2558 4.8980 -2.5692 -14.0722 0.0411 -0.1134 -0.0006 0.8793 -10.8338 -3.9743 -0.7598 -10.7772 3.9268 2.5135 18.8048 -3.2329 -52.2952 21.8980 -32.3006 1.0282 1.1732 -78.4551 0.8742 0.6676 6.0828 -15.4798 10.6501 15.4995 -60.6923 1.5310 2.1591 -0.5549 13.1055 14.5859 78.8143 -48.3354 -36.1966 1.2948 -0.1093 78.2360 -42.1827 -39.5796 10.6859 15.7098 7.0673 -16.0977 48.9625 -3.1085 -5.0298 17.2844 -16.1116 10.7972 -0.4897 28.6579 -0.9685 -26.5032 -12.6543 0.3106 1.6256 -1.2814 -1.9118 -26.2461 -40.5852 -19.3269 0.5998 31.2757 1.0105 19.0189 6.5999 -0.4741 -1.3955 0.7903 0.7573
-2.0757 90.3146 1.3674 5.9314 2.7294 -3.1132 1.0066 5.2789 -0.1026 0.2806 -2.6991 0.0452 4.4946 17.7964 0.1636 16.7430 23.6957 -3.5687 -2.4123 -3.9538 -10.2700 4.9832 -2.6135 -14.0950 0.0461 -0.1132 -0.0049 0.8857 -10.8269 -3.9768 -0.7555 -10.7746 3.9185 2.5815 18.7784 -3.1379 -52.3425 22.3913 -32.9243 1.0779 1.1738 -78.3686 1.2783 0.6236 5.9423 -15.4979 10.6821 15.5056 -60.7164 1.5376 2.1893 -0.4521 13.1659 14.5782 78.8832 -48.9607 -36.2719 1.2937 -0.0749 77.5902 -42.2843 -39.8612 10.7811 15.7234 7.0453 -16.0957 48.9558 -3.1447 -5.0703 17.2246 -16.5457 10.9925 -0.4901 29.3815 -0.9680 -26.5946 -12.9777 0.1437 1.6252 -1.1417 -1.9252 -26.4076 -40.7450 -19.1068 0.5871 31.4118 0.9891 18.9818 6.6297 -0.3936 -1.3990 0.8837 0.7741
-1.8917 90.1964 1.2850 5.9374 2.7440 -3.1821 0.9727 5.3736 -0.0843 0.2800 -2.6183 0.0332 4.5638 17.9893 0.1903 17.0085 23.9196 -3.7243 -2.3828 -3.9552 -10.2469 5.0805 -2.5523 -14.0832 0.0419 -0.1184 -0.0014 0.8809 -10.8392 -3.9713 -0.7603 -10.7895 3.9229 2.6233 18.7743 -3.0743 -52.2431 22.9169 -33.6259 1.2178 1.1795 -77.7339 1.6394 0.8704 5.8277 -15.5188 10.6937 15.4919 -60.7282 1.5075 2.2169 -0.3579 13.2286 14.5576 79.1639 -49.5548 -36.4689 1.3427 -0.1040 76.9781 -42.4487 -39.8746 10.6961 15.7411 7.0605 -16.1143 48.9959 -3.1806 -5.1132 17.1438 -17.0149 11.2960 -0.4915 30.1465 -0.9721 -26.6720 -13.2903 -0.1008 1.6228 -0.9599 -1.9256 -26.5969 -40.8346 -18.8618 0.5913 31.4134 0.9926 18.9153 6.7802 -0.3836 -1.3978 0.9601 0.7914
-1.6212 90.1042 1.2068 5.9257 2.7442 -3.2376 0.9064 5.4630 -0.0517 0.2652 -2.5592 0.0316 4.5907 18.1994 0.1989 17.2932 24.3214 -3.9471 -2.3475 -3.9460 -10.1733 5.1915 -2.3658 -14.0311 0.0325 -0.1229 0.0077 0.8720 -10.8607 -3.9619 -0.7709 -10.8120 3.9357 2.6541 18.8183 -3.0569 -52.0398 23.4673 -34.3599 1.3776 1.1855 -76.5252 1.9438 1.3665 5.7692 -15.5308 10.6854 15.4579 -60.7502 1.4664 2.2817 -0.2418 13.2942 14.5439 79.7256 -50.0923 -36.8336 1.5137 -0.1647 76.3635 -42.7953 -39.6282 10.4921 15.7591 7.0974 -16.1505 49.0702 -3.1990 -5.1785 17.0341 -17.5021 11.6704 -0.4944 30.9234 -0.9711 -26.6850 -13.5695 -0.3906 1.6207 -0.7874 -1.9216 -26.7913 -40.8159 -18.5736 0.5967 31.2612 1.0088 18.8621 7.0445 -0.4158 -1.3955 1.0229 0.8075
-1.3410 90.0274 1.1218 5.9040 2.7359 -3.3281 0.8051 5.5443 0.0104 0.2468 -2.5240 0.0156 4.5600 18.4152 0.1966 17.5833 24.8958 -4.1471 -2.2610 -3.9333 -10.0787 5.2660 -2.1236 -13.9440 0.0322 -0.1294 0.0104 0.8729 -10.8917 -3.9619 -0.7721 -10.8459 3.9417 2.6211 18.9199 -3.1159 -51.7405 24.0404 -35.0736 1.5470 1.1648 -74.8560 2.1158 2.0917 5.7621 -15.5830 10.6723 15.4129 -60.8330 1.4240 2.2941 -0.1075 13.3963 14.5496 80.4331 -50.5498 -37.2734 1.7848 -0.2361 75.8256 -43.3028 -39.1675 10.3059 15.7860 7.1399 -16.1674 49.1344 -3.1965 -5.2147 16.9132 -17.9439 12.0378 -0.4997 31.6650 -0.9743 -26.6568 -13.8162 -0.6469 1.6207 -0.6656 -1.9160 -27.0049 -40.7236 -18.2132 0.5961 30.9732 1.0305 18.8107 7.4481 -0.5300 -1.3916 1.0699 0.8265
-1.0138 89.9916 1.0676 5.8478 2.7377 -3.4480 0.6924 5.5821 0.0511 0.2168 -2.4926 0.0313 4.4702 18.5774 0.1825 17.8589 25.5660 -4.3300 -2.1688 -3.9221 -9.9475 5.3010 -1.9039 -13.7765 0.0356 -0.1346 0.0110 0.8701 -10.9105 -3.9638 -0.7634 -10.8720 3.9453 2.5326 19.0388 -3.2149 -51.4522 24.6406 -35.7940 1.7175 1.1850 -72.8004 2.0891 2.8807 5.7748 -15.6333 10.6523 15.3586 -60.8939 1.3842 2.3029 0.0144 13.4879 14.5469 80.9762 -50.7899 -37.4127 1.9613 -0.2747 75.3813 -43.8153 -38.6483 10.1884 15.7621 7.2021 -16.1896 49.1646 -3.1809 -5.2329 16.7881 -18.3014 12.3385 -0.5003 32.2807 -0.9736 -26.6065 -14.0178 -0.7939 1.6200 -0.5221 -1.9101 -27.1530 -40.4973 -17.8564 0.6006 30.4635 1.0709 18.7461 7.9500 -0.7919 -1.3875 1.0917 0.8434
-0.6549 89.9970 1.0454 5.7616 2.7398 -3.6110 0.5710 5.5868 0.0949 0.1864 -2.4872 0.0193 4.3269 18.7162 0.2044 18.0586 26.2459 -4.4375 -2.0818 -3.9029 -9.8118 5.3583 -1.6168 -13.6019 0.0290 -0.1346 0.0189 0.8620 -10.9249 -3.9519 -0.7674 -10.8915 3.9511 2.3882 19.1502 -3.3142 -51.1976 25.2651 -36.5992 1.9363 1.2733 -70.4904 1.8612 3.5797 5.7892 -15.6527 10.6454 15.2842 -60.9785 1.3884 2.2824 0.1502 13.6032 14.5463 81.2746 -50.9046 -37.2352 2.0983 -0.3129 75.0013 -44.2547 -38.0623 10.0931 15.6918 7.2470 -16.1792 49.0907 -3.1209 -5.2107 16.6608 -18.5838 12.5614 -0.4972 32.8345 -0.9599 -26.4804 -14.2153 -0.8329 1.6210 -0.3744 -1.9047 -27.2420 -40.1901 -17.4905 0.5935 29.8062 1.0939 18.7024 8.4998 -1.1109 -1.3831 1.1289 0.8547
-0.2975 90.0303 1.0460 5.6448 2.7497 -3.8214 0.4439 5.5652 0.1608 0.1549 -2.5121 0.0084 4.1508 18.7951 0.2381 18.2091 26.8915 -4.4632 -2.0082 -3.8905 -9.7304 5.4306 -1.3167 -13.4367 0.0293 -0.1332 0.0197 0.8625 -10.9382 -3.9480 -0.7684 -10.9013 3.9501 2.2319 19.2461 -3.3840 -51.0086 25.8878 -37.4521 2.2232 1.4745 -68.1441 1.4345 4.1783 5.8352 -15.6739 10.6575 15.1895 -61.0931 1.4272 2.2353 0.3056 13.7004 14.5641 81.2672 -50.7935 -36.7258 2.2033 -0.3741 74.7473 -44.5772 -37.4204 10.1186 15.6281 7.2578 -16.1739 49.0617 -3.0797 -5.2065 16.5359 -18.7978 12.7875 -0.5037 33.3223 -0.9545 -26.2565 -14.4033 -0.7982 1.6257 -0.2725 -1.8936 -27.3033 -39.7534 -17.0968 0.5848 28.9614 1.0970 18.6958 9.1018 -1.4778 -1.3808 1.1372 0.8671
0.0662 90.1048 1.0327 5.4953 2.7342 -4.0240 0.3149 5.4962 0.1862 0.1161 -2.5265 0.0427 3.9727 18.8029 0.2567 18.2662 27.4327 -4.4668 -1.9704 -3.8942 -9.6491 5.4446 -1.0285 -13.2397 0.0315 -0.1352 0.0181 0.8665 -10.9354 -3.9428 -0.7692 -10.8968 3.9415 2.0678 19.3067 -3.3473 -50.8294 26.3369 -38.1619 2.4294 1.6727 -65.9016 0.8731 4.8347 5.8747 -15.7036 10.6488 15.1109 -61.1491 1.4688 2.2512 0.4810 13.7662 14.5670 80.8878 -50.4062 -35.8021 2.2083 -0.4094 74.6438 -44.7226 -36.9295 10.2683 15.5755 7.2968 -16.1593 49.0499 -3.0191 -5.1769 16.4486 -18.8937 12.9322 -0.5015 33.6646 -0.9331 -26.0130 -14.5671 -0.6905 1.6298 -0.1913 -1.8692 -27.2972 -39.1568 -16.8055 0.5731 27.8753 1.1021 18.7322 9.7691 -1.8450 -1.3771 1.0702 0.8770
0.4363 90.2185 1.0417 5.3034 2.6927 -4.2000 0.2024 5.4043 0.2262 0.0541 -2.5836 0.0835 3.7985 18.7800 0.2820 18.2259 27.8758 -4.4047 -1.9450 -3.8994 -9.5819 5.4239 -0.7700 -13.0541 0.0338 -0.1374 0.0160 0.8729 -10.9372 -3.9447 -0.7701 -10.8964 3.9375 1.9631 19.3306 -3.2535 -50.6341 26.5755 -38.5335 2.5878 1.7678 -64.0922 0.2684 5.6355 5.9394 -15.7219 10.6487 15.0470 -61.2120 1.5219 2.2276 0.7057 13.8363 14.6004 80.3644 -49.7680 -34.7856 2.2060 -0.4140 74.6943 -44.7469 -36.6250 10.4788 15.5199 7.3464 -16.1548 49.0751 -2.9721 -5.1332 16.3889 -18.9053 13.0324 -0.5105 33.9074 -0.9410 -25.7851 -14.7024 -0.5282 1.6334 -0.1399 -1.8491 -27.2146 -38.4184 -16.6358 0.5427 26.6406 1.0758 18.8194 10.4341 -2.1422 -1.3752 0.9735 0.8812
0.7530 90.3437 1.0742 5.1088 2.6368 -4.3374 0.0896 5.2827 0.2420 -0.0164 -2.6313 0.1537 3.6588 18.6878 0.3082 18.0740 28.2560 -4.3375 -1.9203 -3.9066 -9.5041 5.3769 -0.5641 -12.8551 0.0339 -0.1419 0.0150 0.8778 -10.9418 -3.9501 -0.7761 -10.9019 3.9408 1.9308 19.3047 -3.0834 -50.3684 26.5706 -38.4785 2.6158 1.7881 -63.0048 -0.3687 6.5014 6.0298 -15.7369 10.6481 14.9915 -61.2343 1.5557 2.1960 0.9645 13.9200 14.6596 79.7794 -48.9018 -33.7867 2.1687 -0.3441 75.0187 -44.7277 -36.6101 10.7775 15.4878 7.4021 -16.1425 49.1124 -2.9068 -5.1292 16.3609 -18.8392 13.0846 -0.5236 34.0255 -0.9549 -25.5856 -14.7731 -0.3372 1.6366 -0.1326 -1.8244 -27.0666 -37.6523 -16.6400 0.5212 25.3392 1.0618 18.9381 11.1052 -2.3494 -1.3741 0.8464 0.8813
1.0254 90.4842 1.1381 4.9194 2.5625 -4.4175 -0.0197 5.1548 0.2596 -0.0727 -2.6972 0.2028 3.5135 18.5337 0.3991 17.8408 28.5523 -4.2185 -1.8973 -3.9051 -9.4616 5.3770 -0.3409 -12.7350 0.0318 -0.1439 0.0148 0.8817 -10.9498 -3.9531 -0.7849 -10.9071 3.9446 1.9715 19.2284 -2.9042 -50.0354 26.3380 -37.9984 2.5837 1.6850 -62.6725 -0.9892 7.3102 6.1496 -15.7249 10.6574 14.9579 -61.2213 1.5697 2.1488 1.2371 14.0660 14.7250 79.1869 -47.8864 -32.8847 2.0918 -0.2628 75.4665 -44.7197 -36.7908 11.2206 15.4273 7.4496 -16.1302 49.1313 -2.8653 -5.1515 16.3509 -18.6858 13.0693 -0.5326 34.0171 -0.9531 -25.3856 -14.8040 -0.1582 1.6373 -0.1660 -1.8068 -26.8801 -36.8603 -16.7566 0.4869 24.0307 1.0266 19.0758 11.7165 -2.4815 -1.3737 0.7214 0.8825
1.2719 90.6378 1.2350 4.7620 2.4918 -4.4473 -0.1303 5.0044 0.2954 -0.1153 -2.7660 0.2566 3.3912 18.3343 0.5295 17.5218 28.7999 -4.0906 -1.9364 -3.9100 -9.4099 5.3960 -0.1681 -12.6769 0.0188 -0.1464 0.0232 0.8699 -10.9512 -3.9456 -0.7999 -10.9121 3.9597 2.0419 19.0976 -2.7123 -49.5249 25.8149 -37.0148 2.4005 1.5296 -63.1075 -1.5288 7.9520 6.2637 -15.7438 10.6233 14.9190 -61.1754 1.5598 2.1259 1.5325 14.2538 14.7641 78.6548 -46.7962 -32.1487 2.0160 -0.1544 76.0739 -44.7350 -37.1081 11.8266 15.4071 7.4620 -16.0652 49.1633 -2.8686 -5.1248 16.3443 -18.4930 13.0312 -0.5468 33.9268 -0.9578 -25.2286 -14.8383 0.0134 1.6323 -0.1910 -1.7918 -26.7383 -36.1049 -16.9120 0.4556 22.7816 0.9909 19.2532 12.2356 -2.5256 -1.3752 0.5812 0.8818
1.4744 90.7692 1.3553 4.6302 2.4342 -4.4220 -0.2315 4.8430 0.2938 -0.1444 -2.8358 0.3577 3.2798 18.0837 0.6866 17.1238 28.9647 -3.9746 -1.9855 -3.9217 -9.3857 5.4262 -0.0037 -12.6187 -0.0000 -0.1489 0.0353 0.8514 -10.9526 -3.9344 -0.8199 -10.9209 3.9806 2.1762 18.9097 -2.4920 -48.9100 25.0396 -35.6713 2.1289 1.4084 -64.2695 -2.0214 8.3632 6.3232 -15.7500 10.5567 14.9132 -61.0402 1.5309 2.1282 1.7819 14.4047 14.7696 78.2417 -45.5843 -31.6208 1.9343 -0.0558 76.8534 -44.6350 -37.4171 12.4095 15.4229 7.4620 -15.9918 49.1747 -2.8671 -5.1056 16.3375 -18.2806 12.9692 -0.5463 33.7439 -0.9579 -25.1173 -14.8554 0.1517 1.6274 -0.2502 -1.7861 -26.5915 -35.4243 -17.1377 0.4311 21.6648 0.9744 19.4353 12.6287 -2.5389 -1.3761 0.4432 0.8736
1.6419 90.8498 1.4652 4.5308 2.3884 -4.3726 -0.3017 4.7132 0.3235 -0.1659 -2.9040 0.4350 3.1809 17.8329 0.8258 16.6580 29.0009 -3.8072 -2.0573 -3.9451 -9.3647 5.4868 0.1185 -12.6072 -0.0175 -0.1516 0.0489 0.8336 -10.9558 -3.9235 -0.8371 -10.9287 4.0036 2.3014 18.6972 -2.2944 -48.1926 24.1207 -34.0677 1.8457 1.3528 -66.0611 -2.3622 8.6091 6.4060 -15.7254 10.4905 14.9228 -60.9236 1.5080 2.1179 1.9725 14.5286 14.8098 77.9144 -44.4701 -31.3463 1.8668 -0.0045 77.7130 -44.5362 -37.7297 13.0018 15.4597 7.4402 -15.8963 49.1650 -2.8235 -5.0609 16.3416 -18.1281 12.9084 -0.5548 33.6360 -0.9623 -25.0319 -14.9412 0.2515 1.6230 -0.2764 -1.7814 -26.5334 -34.9254 -17.2874 0.4122 20.9012 0.9596 19.6296 12.8754 -2.5591 -1.3787 0.3302 0.8702
1.7480 90.8935 1.5378 4.4585 2.3171 -4.2689 -0.3329 4.6456 0.3292 -0.1765 -2.9560 0.5314 3.0962 17.6208 0.9359 16.1278 28.8999 -3.6360 -2.0957 -3.9568 -9.3515 5.5351 0.1331 -12.6188 -0.0206 -0.1554 0.0519 0.8272 -10.9609 -3.9244 -0.8386 -10.9349 4.0121 2.4122 18.4996 -2.1160 -47.3994 23.1336 -32.5575 1.6373 1.3440 -68.1344 -2.5649 8.8517 6.5082 -15.7118 10.4520 14.9840 -60.8756 1.4919 2.1023 2.0973 14.6277 14.8550 77.6729 -43.5888 -31.2728 1.7430 0.0380 78.6462 -44.3558 -37.8847 13.3686 15.4933 7.4279 -15.8591 49.1630 -2.7916 -5.0362 16.3585 -18.0357 12.8005 -0.5530 33.6215 -0.9756 -24.9833 -15.0156 0.3071 1.6242 -0.3419 -1.7830 -26.5033 -34.6173 -17.4181 0.4026 20.5563 0.9476 19.7708 12.9460 -2.5729 -1.3784 0.2458 0.8576
1.7815 90.8606 1.5718 4.4174 2.2281 -4.1533 -0.3300 4.6440 0.3373 -0.1788 -2.9829 0.6223 3.0353 17.4579 1.0199 15.5737 28.6406 -3.4740 -2.1577 -3.9650 -9.3278 5.5574 0.0480 -12.6726 -0.0181 -0.1565 0.0525 0.8212 -10.9550 -3.9285 -0.8268 -10.9298 4.0149 2.4559 18.3025 -1.9989 -46.6014 22.1934 -31.2645 1.5163 1.3405 -70.2967 -2.6156 9.3213 6.6103 -15.6982 10.4773 15.0922 -60.8650 1.4707 2.1010 2.1960 14.6844 14.9630 77.4276 -43.0256 -31.4330 1.6325 0.0742 79.5318 -44.1935 -38.0327 13.6125 15.5364 7.3981 -15.8487 49.2139 -2.7899 -5.0375 16.4177 -17.9958 12.6379 -0.5561 33.7348 -0.9851 -24.9737 -15.1421 0.3380 1.6263 -0.4407 -1.7968 -26.5674 -34.5358 -17.4621 0.4099 20.6899 0.9506 19.8619 12.8248 -2.5669 -1.3806 0.1697 0.8566
1.7444 90.7872 1.5498 4.4129 2.1410 -4.0344 -0.2913 4.6970 0.3394 -0.1740 -2.9829 0.7183 2.9855 17.3818 1.0543 14.9991 28.2111 -3.2676 -2.2337 -3.9684 -9.3435 5.5931 -0.1462 -12.7842 -0.0126 -0.1598 0.0501 0.8169 -10.9324 -3.9302 -0.8118 -10.9079 4.0091 2.3926 18.1480 -1.9219 -45.7129 21.2237 -30.1678 1.4301 1.2508 -72.4476 -2.4998 9.8504 6.7287 -15.6658 10.5070 15.1800 -60.8267 1.4516 2.1017 2.3102 14.7324 15.1228 77.1998 -42.9039 -31.8007 1.5671 0.1145 80.2353 -44.0598 -38.0762 13.7533 15.5696 7.3776 -15.8703 49.2492 -2.7913 -5.0525 16.4877 -18.0616 12.4110 -0.5615 34.0250 -1.0015 -24.9501 -15.2965 0.3604 1.6292 -0.5330 -1.8114 -26.6762 -34.7168 -17.4531 0.4259 21.2483 0.9624 19.9129 12.5459 -2.5262 -1.3828 0.1117 0.8506
1.6201 90.6431 1.4897 4.4295 2.0443 -3.9376 -0.2064 4.8182 0.3447 -0.1604 -2.9564 0.7951 2.9547 17.3997 1.0573 14.3892 27.6128 -3.0234 -2.3072 -3.9684 -9.4377 5.6189 -0.4489 -12.9323 -0.0087 -0.1622 0.0470 0.8119 -10.9038 -3.9282 -0.8021 -10.8826 4.0016 2.2187 18.0089 -1.9004 -44.8067 20.2018 -29.2256 1.3572 1.1007 -74.4635 -2.2099 10.4091 6.8170 -15.5705 10.5361 15.2445 -60.7248 1.4442 2.1110 2.4873 14.7717 15.3770 76.9369 -43.2427 -32.3203 1.5160 0.1485 80.6695 -43.9200 -38.0004 13.8274 15.5983 7.3440 -15.8969 49.2884 -2.8018 -5.0643 16.5987 -18.2127 12.1351 -0.5644 34.4802 -1.0088 -24.9244 -15.4809 0.3717 1.6345 -0.6336 -1.8241 -26.8114 -35.1535 -17.3551 0.4557 22.2570 0.9828 19.9015 12.1102 -2.4667 -1.3852 0.1330 0.8295
1.4245 90.4259 1.3931 4.4643 1.9395 -3.8594 -0.0810 5.0053 0.3463 -0.1352 -2.8919 0.8311 2.9392 17.4967 1.0452 13.7652 26.8351 -2.7161 -2.3846 -3.9720 -9.6217 5.6413 -0.8366 -13.1129 -0.0037 -0.1591 0.0414 0.8111 -10.8828 -3.9297 -0.7914 -10.8619 3.9894 1.8919 17.8196 -1.9717 -44.0062 19.1350 -28.4377 1.3032 0.9684 -76.1933 -1.5508 10.9914 6.8469 -15.4812 10.5768 15.3008 -60.5982 1.4776 2.1139 2.7488 14.8028 15.7059 76.6678 -43.9494 -32.9190 1.4843 0.1829 80.7614 -43.8850 -37.9754 14.0979 15.5992 7.3024 -15.9172 49.2965 -2.8290 -5.0639 16.7483 -18.4345 11.7686 -0.5594 35.1061 -1.0037 -24.9188 -15.7613 0.4456 1.6375 -0.6806 -1.8502 -26.9877 -35.7736 -17.1493 0.4861 23.6504 1.0091 19.8404 11.5512 -2.4242 -1.3898 0.2078 0.8144
1.1877 90.1686 1.2959 4.5170 1.8437 -3.7993 0.0558 5.2195 0.3756 -0.1012 -2.8177 0.8336 2.9602 17.7026 0.9958 13.1064 25.9096 -2.4225 -2.4408 -3.9704 -9.8649 5.6205 -1.3373 -13.2927 -0.0027 -0.1561 0.0394 0.8058 -10.8486 -3.9286 -0.7832 -10.8246 3.9822 1.3867 17.6455 -2.1585 -43.3110 17.9778 -27.6969 1.2490 0.8225 -77.6029 -0.4702 11.7144 6.8259 -15.4676 10.5698 15.3472 -60.4290 1.5054 2.1380 3.1426 14.8187 16.1040 76.4117 -44.8943 -33.5261 1.4350 0.1890 80.5690 -44.0357 -38.0595 14.6895 15.6312 7.2269 -15.9378 49.3183 -2.8817 -5.1091 16.9193 -18.7169 11.3542 -0.5451 35.8418 -1.0069 -24.9881 -16.1018 0.6327 1.6369 -0.6411 -1.8854 -27.2087 -36.5222 -16.8542 0.4924 25.2765 1.0106 19.7823 10.9339 -2.3538 -1.3975 0.3554 0.8099
0.8864 89.8640 1.1519 4.5569 1.7374 -3.7151 0.1989 5.4605 0.3730 -0.0640 -2.7114 0.8207 3.0289 18.0274 0.9063 12.4655 24.9664 -2.1747 -2.4579 -3.9589 -10.1144 5.5438 -1.9502 -13.3965 -0.0003 -0.1485 0.0350 0.8053 -10.8173 -3.9258 -0.7796 -10.7902 3.9695 0.7910 17.4411 -2.4443 -42.8110 16.7140 -27.0023 1.1979 0.6513 -78.6108 1.1151 12.5937 6.6496 -15.5518 10.5642 15.4433 -60.2900 1.5134 2.1753 3.6243 14.8393 16.5068 76.1342 -45.9776 -33.9125 1.2822 0.1372 80.1586 -44.3152 -38.1984 15.4134 15.6193 7.1922 -15.9488 49.2909 -2.9524 -5.1411 17.1245 -19.0303 10.7680 -0.5149 36.6615 -1.0012 -25.1150 -16.4446 0.9190 1.6335 -0.5619 -1.9178 -27.3905 -37.3509 -16.5810 0.5175 27.1000 1.0463 19.6473 10.1987 -2.2792 -1.4042 0.5709 0.8063
0.5496 89.5347 0.9958 4.5818 1.6173 -3.5863 0.3137 5.7072 0.3693 -0.0236 -2.5945 0.7569 3.1372 18.4548 0.7987 11.9579 24.1248 -1.9781 -2.4714 -3.9516 -10.3404 5.4556 -2.5827 -13.5323 0.0033 -0.1389 0.0307 0.8033 -10.7804 -3.9243 -0.7711 -10.7481 3.9569 0.1818 17.2980 -2.7927 -42.4925 15.3505 -26.3860 1.0820 0.4910 -79.1720 2.9943 13.5820 6.3719 -15.7064 10.5345 15.5417 -60.2172 1.5154 2.2137 4.2297 14.9022 16.9206 75.7885 -47.0113 -34.0049 1.0693 0.0711 79.6683 -44.7866 -38.3828 16.3177 15.5608 7.1820 -15.9489 49.2747 -3.0204 -5.2051 17.3966 -19.3415 10.0690 -0.4853 37.4920 -1.0007 -25.3099 -16.7549 1.2216 1.6279 -0.4334 -1.9503 -27.5526 -38.1747 -16.3737 0.5512 28.9818 1.0896 19.4768 9.3677 -2.1661 -1.4104 0.7786 0.8141
0.1964 89.2202 0.8277 4.5996 1.5020 -3.4474 0.3911 5.9464 0.3462 0.0044 -2.4731 0.6799 3.2801 18.9775 0.7146 11.6746 23.4716 -1.9097 -2.5219 -3.9582 -10.5061 5.4064 -3.1273 -13.7289 0.0056 -0.1364 0.0271 0.7989 -10.7531 -3.9207 -0.7641 -10.7155 3.9467 -0.3857 17.2966 -3.2116 -42.2518 13.9533 -25.9286 0.9322 0.3521 -79.3082 4.8870 14.4261 6.0452 -15.8884 10.4723 15.6227 -60.1507 1.4885 2.2671 4.9291 14.9993 17.3054 75.4198 -47.9206 -33.7923 0.8560 -0.0231 79.2082 -45.3121 -38.5760 17.2520 15.4879 7.2145 -15.9184 49.2933 -3.0794 -5.2454 17.7009 -19.6244 9.3700 -0.4621 38.2246 -1.0188 -25.5138 -16.9782 1.4720 1.6216 -0.2816 -1.9748 -27.6863 -38.9359 -16.2054 0.5963 30.7692 1.1496 19.2476 8.5235 -2.0783 -1.4157 0.9431 0.8258
-0.1833 88.9429 0.6886 4.6159 1.4310 -3.2398 0.4411 6.1370 0.3016 0.0255 -2.3637 0.5885 3.4321 19.5597 0.6507 11.5950 23.1044 -1.9546 -2.5885 -3.9696 -10.6434 5.3992 -3.4932 -13.9663 0.0036 -0.1384 0.0259 0.7890 -10.7357 -3.9159 -0.7594 -10.6989 3.9411 -0.8793 17.4382 -3.6814 -42.0212 12.6666 -25.6452 0.7294 0.2822 -79.0678 6.5462 14.9892 5.8017 -16.0218 10.3972 15.6714 -60.0852 1.4746 2.3312 5.6677 15.1191 17.6595 75.0604 -48.6328 -33.3662 0.6904 -0.1654 78.9127 -45.8798 -38.8772 18.2614 15.3748 7.2680 -15.8562 49.2914 -3.1197 -5.2237 18.0075 -19.8694 8.6776 -0.4319 38.7497 -1.0195 -25.6644 -17.0801 1.6015 1.6155 -0.1350 -1.9831 -27.7523 -39.5791 -16.1314 0.6274 32.3013 1.1971 18.9890 7.7071 -2.1075 -1.4178 1.0435 0.8371
-0.5322 88.7464 0.5598 4.6334 1.4105 -2.9899 0.4797 6.2896 0.2647 0.0397 -2.2707 0.4796 3.5803 20.1414 0.5943 11.7020 23.0503 -2.1203 -2.6609 -3.9910 -10.7419 5.4236 -3.7104 -14.1972 -0.0007 -0.1464 0.0284 0.7761 -10.7299 -3.9081 -0.7552 -10.6982 3.9405 -1.2531 17.6496 -4.1310 -41.7830 11.6891 -25.5844 0.5240 0.2909 -78.5962 7.8818 15.3070 5.7115 -16.1371 10.3308 15.7033 -60.1102 1.4994 2.4276 6.3605 15.2273 17.9421 74.8106 -49.1855 -32.8930 0.6803 -0.3567 78.8377 -46.3955 -39.1822 19.2280 15.3608 7.3390 -15.8085 49.3940 -3.1251 -5.1982 18.2621 -20.0913 8.0843 -0.4117 39.0481 -1.0261 -25.7209 -17.0786 1.6079 1.6068 0.0070 -1.9816 -27.7498 -40.1178 -16.1420 0.6510 33.5421 1.2334 18.7141 6.9954 -2.2108 -1.4156 1.0850 0.8518
-0.8744 88.6162 0.4899 4.6465 1.4547 -2.6876 0.5230 6.4065 0.2146 0.0376 -2.1923 0.4102 3.7393 20.6644 0.5309 11.8879 23.2503 -2.3223 -2.6907 -4.0082 -10.8489 5.4852 -3.7689 -14.3976 -0.0022 -0.1566 0.0290 0.7708 -10.7378 -3.9042 -0.7531 -10.7123 3.9393 -1.5211 17.8334 -4.4724 -41.4998 11.1565 -25.6944 0.3287 0.3772 -78.0811 8.8030 15.3859 5.8501 -16.2254 10.2730 15.6923 -60.1307 1.5355 2.4828 6.9205 15.3218 18.1472 74.6862 -49.6430 -32.4796 0.7328 -0.5298 78.9718 -46.9601 -39.6008 20.2223 15.4047 7.3979 -15.8204 49.5363 -3.1228 -5.1683 18.4759 -20.3063 7.6441 -0.3887 39.0922 -1.0180 -25.7434 -16.9734 1.4838 1.6001 0.1055 -1.9735 -27.6582 -40.5789 -16.2799 0.6780 34.4737 1.2820 18.5133 6.4647 -2.3866 -1.4085 1.1051 0.8636
-1.1525 88.5619 0.4462 4.6763 1.5647 -2.4183 0.5538 6.5143 0.2093 0.0472 -2.1388 0.3161 3.8648 21.0461 0.5185 12.1021 23.5926 -2.5241 -2.7018 -4.0232 -10.9181 5.5795 -3.7380 -14.5673 -0.0054 -0.1627 0.0328 0.7587 -10.7495 -3.8957 -0.7474 -10.7258 3.9403 -1.6877 17.9316 -4.7096 -41.3136 11.1132 -25.8749 0.2231 0.5093 -77.6327 9.2639 15.2256 6.1047 -16.2465 10.2448 15.6393 -60.1461 1.5766 2.4852 7.3188 15.3950 18.2963 74.7123 -50.0098 -32.2640 0.8264 -0.6611 79.1716 -47.7098 -40.1551 21.3758 15.4823 7.4165 -15.8941 49.6715 -3.1198 -5.1851 18.6129 -20.5150 7.4205 -0.3850 38.9558 -1.0172 -25.7749 -16.7936 1.2836 1.5965 0.1391 -1.9578 -27.5554 -40.9551 -16.4363 0.6890 35.1027 1.3000 18.4034 6.1124 -2.5473 -1.4021 1.1093 0.8820
-1.3866 88.5560 0.4060 4.7366 1.7226 -2.1359 0.5716 6.5861 0.1635 0.0526 -2.0937 0.3121 3.9619 21.3016 0.5028 12.3320 23.9830 -2.7203 -2.6745 -4.0385 -10.9849 5.6446 -3.6569 -14.6597 -0.0019 -0.1681 0.0270 0.7586 -10.7602 -3.9002 -0.7398 -10.7399 3.9319 -1.7510 18.0163 -4.8270 -41.2215 11.4085 -26.1562 0.1821 0.6079 -77.1968 9.3985 14.8734 6.3483 -16.2704 10.2137 15.5584 -60.1515 1.5798 2.4336 7.5535 15.4662 18.3490 74.8250 -50.3229 -32.1294 0.8336 -0.6759 79.3557 -48.5265 -40.7983 22.5701 15.5801 7.4265 -15.9970 49.8272 -3.1176 -5.2214 18.6570 -20.7062 7.3281 -0.3811 38.6653 -0.9983 -25.7969 -16.5310 1.0251 1.5960 0.1306 -1.9386 -27.4380 -41.2883 -16.6702 0.7050 35.4674 1.3176 18.3173 5.9356 -2.6708 -1.3940 1.1584 0.8930
-1.5421 88.6172 0.3803 4.8147 1.9101 -1.9057 0.5816 6.6335 0.1577 0.0616 -2.0795 0.2954 4.0003 21.4681 0.5313 12.5640 24.2912 -2.8649 -2.6382 -4.0471 -11.0415 5.7058 -3.5679 -14.7246 -0.0040 -0.1669 0.0253 0.7542 -10.7690 -3.8988 -0.7386 -10.7517 3.9273 -1.7693 18.1075 -4.8983 -41.2241 11.9725 -26.4316 0.2059 0.6341 -76.7922 9.2840 14.3895 6.5193 -16.2239 10.2160 15.4671 -60.1513 1.5516 2.3585 7.6854 15.5333 18.3565 74.8064 -50.5714 -31.9270 0.7860 -0.6860 79.3771 -49.3301 -41.4040 23.6573 15.5756 7.4639 -16.0818 49.8888 -3.1031 -5.2362 18.6120 -20.8571 7.3541 -0.3931 38.2688 -0.9895 -25.8388 -16.2385 0.7983 1.5953 0.1311 -1.9270 -27.3355 -41.5222 -16.8786 0.6855 35.5762 1.3028 18.2404 5.8804 -2.7456 -1.3904 1.2328 0.8965
-1.6310 88.7437 0.3904 4.8974 2.1264 -1.7161 0.5753 6.6191 0.1227 0.0579 -2.0814 0.3309 4.0138 21.5574 0.5730 12.7703 24.5049 -2.9555 -2.5868 -4.0438 -11.0952 5.7626 -3.4945 -14.7731 -0.0072 -0.1676 0.0238 0.7514 -10.7815 -3.9005 -0.7431 -10.7690 3.9278 -1.7583 18.2000 -4.8779 -41.3111 12.7187 -26.7662 0.2513 0.6300 -76.3361 8.9480 13.7153 6.5587 -16.1812 10.2161 15.3974 -60.1691 1.4922 2.2960 7.7573 15.6031 18.3509 74.6563 -50.7665 -31.6190 0.6447 -0.6430 79.2493 -49.9353 -41.9483 24.4686 15.5686 7.4851 -16.1028 49.8734 -3.0749 -5.2088 18.4990 -20.9837 7.4564 -0.4060 37.8137 -0.9670 -25.8108 -15.9503 0.5755 1.5938 0.1097 -1.9112 -27.2066 -41.6639 -17.0944 0.6757 35.4318 1.2972 18.1468 5.9195 -2.8242 -1.3865 1.3045 0.8736
-1.6544 88.9043 0.4100 4.9821 2.3507 -1.5984 0.5564 6.5646 0.0912 0.0479 -2.0841 0.4060 3.9994 21.5323 0.6333 12.9924 24.6338 -3.0156 -2.5348 -4.0373 -11.1947 5.8534 -3.4342 -14.8508 -0.0101 -0.1683 0.0209 0.7506 -10.7845 -3.9047 -0.7485 -10.7694 3.9274 -1.7262 18.2894 -4.7776 -41.4781 13.6174 -27.1582 0.2527 0.6505 -75.7943 8.3395 12.8916 6.5410 -16.1346 10.2067 15.3375 -60.1556 1.4436 2.2753 7.8044 15.6208 18.3411 74.4520 -50.8463 -31.3444 0.5580 -0.5397 79.0189 -50.4212 -42.4689 25.0822 15.5614 7.4752 -16.1016 49.7614 -3.0420 -5.1745 18.3452 -21.0204 7.6545 -0.4048 37.2302 -0.9275 -25.7433 -15.6203 0.3702 1.5977 0.0809 -1.8995 -27.1051 -41.6547 -17.2588 0.6437 35.0101 1.2690 18.1062 6.1118 -2.9355 -1.3849 1.3674 0.8450
-1.5992 89.1097 0.4517 5.0400 2.5544 -1.5305 0.5345 6.5037 0.0912 0.0281 -2.1152 0.4695 3.9650 21.4475 0.7111 13.2168 24.7558 -3.0222 -2.4995 -4.0340 -11.2617 5.9763 -3.4005 -14.9683 -0.0139 -0.1688 0.0209 0.7558 -10.7981 -3.9122 -0.7597 -10.7839 3.9346 -1.6811 18.4145 -4.5908 -41.6485 14.6953 -27.5802 0.3330 0.7207 -75.2769 7.4553 11.8959 6.5036 -16.0484 10.2547 15.3064 -60.1915 1.4572 2.2760 7.8360 15.6505 18.3258 74.2748 -50.8757 -31.1269 0.5750 -0.5079 78.7438 -50.7904 -42.8722 25.6170 15.6072 7.4487 -16.1118 49.7219 -3.0289 -5.1504 18.1736 -21.0005 7.9150 -0.4151 36.6399 -0.9188 -25.6263 -15.2834 0.1852 1.5998 0.0265 -1.8952 -26.9886 -41.5205 -17.3782 0.6089 34.3963 1.2373 18.1204 6.3982 -3.0618 -1.3835 1.3767 0.8236
-1.5512 89.3215 0.5245 5.0518 2.7385 -1.5284 0.5126 6.4205 0.1020 0.0088 -2.1649 0.5228 3.9133 21.3266 0.7869 13.4466 24.8653 -3.0139 -2.4983 -4.0348 -11.2721 6.1096 -3.3259 -15.0900 -0.0171 -0.1671 0.0229 0.7617 -10.8169 -3.9160 -0.7708 -10.7996 3.9421 -1.6177 18.5301 -4.3220 -41.8619 15.8785 -27.9833 0.4258 0.7791 -74.7749 6.4304 10.9377 6.4941 -15.9776 10.3273 15.2891 -60.2978 1.4856 2.2751 7.8209 15.6615 18.2859 74.1186 -50.7987 -30.9263 0.6604 -0.5025 78.5101 -50.7947 -43.0407 25.7029 15.6448 7.4162 -16.1327 49.7557 -3.0488 -5.1310 18.0141 -20.9259 8.1942 -0.4249 36.0593 -0.9250 -25.5020 -14.9742 0.0500 1.6027 -0.0105 -1.8896 -26.8110 -41.2638 -17.5096 0.5761 33.6034 1.2128 18.1456 6.7607 -3.1998 -1.3835 1.3826 0.8197
-1.4361 89.5663 0.6017 5.0370 2.8837 -1.5323 0.4723 6.3179 0.1146 -0.0156 -2.2236 0.5723 3.8591 21.1652 0.8611 13.6962 25.0037 -3.0038 -2.4537 -4.0299 -11.2594 6.1674 -3.2620 -15.1489 -0.0111 -0.1681 0.0192 0.7713 -10.8382 -3.9308 -0.7669 -10.8204 3.9461 -1.5284 18.6261 -4.0130 -42.1221 17.0750 -28.3266 0.5108 0.8174 -74.2996 5.3516 10.1611 6.4870 -15.8953 10.3815 15.2654 -60.3666 1.5195 2.2783 7.7944 15.6565 18.2004 73.9341 -50.5650 -30.6351 0.6687 -0.4405 78.3268 -50.5583 -43.0840 25.4521 15.6763 7.4217 -16.1710 49.8181 -3.0613 -5.1231 17.8672 -20.7986 8.4533 -0.4359 35.4905 -0.9420 -25.4011 -14.6838 -0.0391 1.6052 -0.0465 -1.8803 -26.6297 -40.8741 -17.6749 0.5480 32.6725 1.1864 18.1909 7.1528 -3.2789 -1.3851 1.3636 0.8200
-1.3109 89.7977 0.6702 4.9826 3.0040 -1.5611 0.4173 6.2042 0.1316 -0.0406 -2.2890 0.6142 3.7912 20.9749 0.9318 13.9637 25.2026 -3.0079 -2.3969 -4.0245 -11.2074 6.2033 -3.1577 -15.1431 0.0007 -0.1681 0.0109 0.7864 -10.8574 -3.9496 -0.7567 -10.8448 3.9430 -1.3922 18.7031 -3.6763 -42.3997 18.2225 -28.4998 0.5835 0.8450 -73.9545 4.1862 9.5954 6.4642 -15.8284 10.4271 15.2332 -60.4073 1.5268 2.2551 7.7229 15.6751 18.0846 73.8733 -50.2039 -30.3974 0.6304 -0.3501 78.1947 -50.2424 -42.9394 25.0277 15.6655 7.4667 -16.2048 49.8600 -3.0327 -5.1281 17.7399 -20.6377 8.7226 -0.4574 34.9442 -0.9729 -25.3176 -14.4166 -0.1063 1.6095 -0.0700 -1.8726 -26.4033 -40.4209 -17.8743 0.5173 31.6774 1.1550 18.2502 7.5792 -3.3321 -1.3871 1.3421 0.8201
-1.1656 90.0388 0.7624 4.8937 3.0977 -1.6025 0.3526 6.0716 0.1395 -0.0712 -2.3480 0.6589 3.7306 20.7718 1.0179 14.2471 25.4528 -3.0095 -2.3255 -4.0229 -11.1559 6.2098 -3.0383 -15.0662 0.0076 -0.1643 0.0064 0.7917 -10.8711 -3.9600 -0.7489 -10.8582 3.9422 -1.2309 18.7402 -3.3231 -42.6921 19.2415 -28.5501 0.5882 0.9295 -73.6875 3.1259 9.1246 6.3519 -15.7686 10.4656 15.1947 -60.4379 1.5273 2.2058 7.6338 15.7510 17.9398 74.0514 -49.7706 -30.3058 0.5215 -0.2509 78.1296 -49.9570 -42.6413 24.5003 15.6179 7.5193 -16.1885 49.8884 -3.0236 -5.1053 17.6378 -20.4662 9.0047 -0.4722 34.4069 -0.9837 -25.2794 -14.1510 -0.2065 1.6132 -0.1140 -1.8575 -26.1381 -39.8976 -18.1183 0.4913 30.6332 1.1140 18.2942 7.9977 -3.3174 -1.3882 1.2792 0.8189
-1.0137 90.2666 0.8648 4.7817 3.1720 -1.6440 0.2777 5.9131 0.1743 -0.1044 -2.4025 0.6976 3.6914 20.5630 1.1041 14.5163 25.7334 -3.0375 -2.2609 -4.0316 -11.0973 6.2203 -2.9196 -14.9647 0.0101 -0.1586 0.0058 0.7905 -10.8840 -3.9662 -0.7424 -10.8694 3.9461 -1.0794 18.7205 -2.9817 -42.9401 20.0907 -28.4779 0.5206 0.9738 -73.5196 2.2932 8.8154 6.2020 -15.7253 10.4631 15.1529 -60.4216 1.5085 2.1446 7.5301 15.8201 17.7944 74.4897 -49.2521 -30.5059 0.4582 -0.1391 78.1065 -49.8043 -42.2818 24.1203 15.5606 7.5611 -16.1627 49.8366 -2.9826 -5.1064 17.5760 -20.2706 9.2903 -0.4806 33.8730 -0.9810 -25.2776 -13.9040 -0.2853 1.6162 -0.1285 -1.8548 -25.8665 -39.3448 -18.3883 0.4537 29.6028 1.0488 18.3505 8.4135 -3.2904 -1.3915 1.2041 0.8233
-0.8604 90.4995 0.9816 4.6654 3.2421 -1.6753 0.1899 5.7360 0.2140 -0.1425 -2.4628 0.7271 3.6552 20.3674 1.1861 14.7487 26.0088 -3.0750 -2.2244 -4.0271 -11.0268 6.2324 -2.7964 -14.8532 0.0073 -0.1528 0.0101 0.7899 -10.8825 -3.9629 -0.7482 -10.8730 3.9537 -0.9403 18.6806 -2.6714 -43.1642 20.7849 -28.3958 0.4884 1.0013 -73.3639 1.7099 8.6586 6.0695 -15.7354 10.4291 15.1205 -60.3803 1.4699 2.1105 7.4621 15.8593 17.6264 75.1073 -48.7128 -30.8873 0.4570 -0.1188 78.0683 -49.6857 -41.8588 23.7818 15.4929 7.5649 -16.0935 49.7315 -2.9798 -5.0796 17.5173 -20.0718 9.6194 -0.4851 33.3188 -0.9791 -25.2378 -13.6784 -0.4070 1.6161 -0.1434 -1.8487 -25.5876 -38.7823 -18.6598 0.4212 28.5715 0.9997 18.3774 8.8437 -3.2678 -1.3951 1.0926 0.8286
-0.7186 90.7148 1.1293 4.5621 3.2966 -1.6783 0.0905 5.5461 0.2383 -0.1781 -2.5245 0.7605 3.6053 20.1558 1.2629 14.9621 26.2432 -3.1226 -2.2156 -4.0220 -10.9812 6.2806 -2.6644 -14.7843 -0.0014 -0.1473 0.0185 0.7820 -10.8865 -3.9568 -0.7567 -10.8784 3.9675 -0.8066 18.6289 -2.4010 -43.3543 21.3061 -28.3170 0.4717 1.0124 -73.1430 1.2735 8.6073 5.9447 -15.7578 10.4010 15.1128 -60.3179 1.4512 2.1056 7.4163 15.8513 17.4466 75.8740 -48.1013 -31.4272 0.5118 -0.1270 78.0395 -49.5630 -41.4958 23.4424 15.4129 7.5569 -16.0332 49.5869 -2.9980 -5.0791 17.4677 -19.8559 9.9572 -0.4837 32.7476 -0.9613 -25.1852 -13.4536 -0.5567 1.6150 -0.1322 -1.8494 -25.3283 -38.2019 -18.9331 0.3976 27.5584 0.9757 18.4204 9.2486 -3.3099 -1.3967 0.9850 0.8411
-0.6306 90.8940 1.2598 4.4736 3.3583 -1.7066 -0.0051 5.3658 0.2879 -0.2125 -2.6123 0.7792 3.5422 19.9726 1.3248 15.1780 26.4451 -3.1289 -2.2395 -4.0235 -10.9517 6.3569 -2.5658 -14.7697 -0.0134 -0.1414 0.0291 0.7713 -10.8935 -3.9475 -0.7710 -10.8798 3.9856 -0.6777 18.6203 -2.1873 -43.4954 21.6233 -28.1535 0.4689 1.0518 -72.9988 0.9541 8.6511 5.8814 -15.7533 10.3763 15.1076 -60.2838 1.4296 2.1092 7.3812 15.8345 17.2832 76.6598 -47.4650 -31.9861 0.5838 -0.2221 78.0923 -49.4180 -41.1256 23.1704 15.4041 7.5087 -16.0037 49.4706 -3.0256 -5.0698 17.4344 -19.6202 10.2776 -0.4903 32.1698 -0.9500 -25.1365 -13.2190 -0.6805 1.6154 -0.1336 -1.8492 -25.1011 -37.7129 -19.1574 0.3970 26.6925 0.9811 18.4929 9.5923 -3.3555 -1.3961 0.9049 0.8537
-0.6012 91.0811 1.4032 4.3870 3.4167 -1.7043 -0.0927 5.1803 0.2962 -0.2499 -2.6944 0.8450 3.4891 19.7779 1.3514 15.3534 26.6281 -3.1269 -2.2657 -4.0336 -10.9246 6.4370 -2.4663 -14.7397 -0.0163 -0.1416 0.0313 0.7731 -10.9130 -3.9517 -0.7809 -10.8970 3.9978 -0.5939 18.6446 -1.9989 -43.4965 21.8286 -27.9225 0.4601 1.0826 -72.9415 0.7143 8.7561 5.8643 -15.7806 10.3588 15.1117 -60.3112 1.4131 2.1046 7.3368 15.8108 17.1010 77.3960 -46.8205 -32.4765 0.6445 -0.2940 78.2263 -49.2595 -40.8153 22.9579 15.4524 7.4618 -15.9972 49.4090 -3.0178 -5.0855 17.4221 -19.3670 10.5691 -0.4868 31.5410 -0.9454 -25.1066 -12.9436 -0.7853 1.6159 -0.1555 -1.8393 -24.8691 -37.2535 -19.3733 0.4151 25.9266 1.0098 18.5469 9.8579 -3.4250 -1.3923 0.8526 0.8631
-0.6165 91.2321 1.5370 4.2908 3.4797 -1.7402 -0.1597 5.0077 0.3008 -0.2867 -2.7850 0.8753 3.4291 19.5817 1.3773 15.5081 26.7764 -3.0923 -2.3066 -4.0349 -10.8686 6.4923 -2.3539 -14.6867 -0.0138 -0.1396 0.0282 0.7765 -10.9281 -3.9602 -0.7792 -10.9127 4.0001 -0.5039 18.6324 -1.8211 -43.4885 21.9835 -27.6257 0.4689 1.0880 -72.9885 0.4667 8.8187 5.8937 -15.7566 10.3774 15.1076 -60.3833 1.4302 2.0672 7.2311 15.8132 16.9581 78.0786 -46.1781 -32.8943 0.6794 -0.3567 78.4459 -48.9813 -40.4458 22.6111 15.4495 7.4251 -16.0052 49.3184 -3.0233 -5.0768 17.4522 -19.0659 10.8224 -0.4844 30.8633 -0.9425 -25.0968 -12.6796 -0.8309 1.6173 -0.1916 -1.8347 -24.6237 -36.8383 -19.5601 0.4303 25.2816 1.0287 18.5821 10.0321 -3.4686 -1.3891 0.8209 0.8690
-0.6863 91.3781 1.6973 4.2004 3.5515 -1.8031 -0.2117 4.8290 0.2964 -0.3232 -2.8508 0.9051 3.3833 19.3513 1.4003 15.6265 26.9209 -3.0778 -2.3380 -4.0444 -10.7982 6.5010 -2.2481 -14.5921 -0.0136 -0.1427 0.0268 0.7824 -10.9466 -3.9687 -0.7848 -10.9319 4.0066 -0.4144 18.5987 -1.6662 -43.4855 22.0754 -27.3141 0.5000 1.1250 -73.1369 0.1760 8.8740 5.9954 -15.7279 10.3874 15.0991 -60.3885 1.4390 2.0429 7.0476 15.7875 16.8112 78.7017 -45.5035 -33.2744 0.7067 -0.3669 78.7651 -48.6176 -39.9512 22.0166 15.4415 7.4244 -15.9795 49.3102 -2.9842 -5.0494 17.5238 -18.7132 11.0245 -0.4872 30.1202 -0.9306 -25.1498 -12.3750 -0.7904 1.6220 -0.2500 -1.8206 -24.3831 -36.4676 -19.7064 0.4527 24.7339 1.0573 18.5996 10.1258 -3.5219 -1.3861 0.7850 0.8766
-0.7916 91.5013 1.8696 4.1165 3.6184 -1.8822 -0.2494 4.6822 0.2915 -0.3488 -2.9261 0.9188 3.3324 19.1081 1.4117 15.6966 27.0757 -3.0938 -2.3544 -4.0416 -10.6845 6.4811 -2.1703 -14.4558 -0.0205 -0.1432 0.0329 0.7768 -10.9615 -3.9666 -0.7917 -10.9464 4.0183 -0.3287 18.5486 -1.5512 -43.5126 22.0753 -26.9138 0.6037 1.1592 -73.4078 -0.1015 8.9170 6.1516 -15.7051 10.3975 15.1027 -60.4158 1.4306 2.0276 6.7962 15.7356 16.6704 79.1671 -44.8181 -33.5930 0.7677 -0.3953 79.1783 -48.1998 -39.4484 21.3086 15.3900 7.4287 -15.9754 49.2407 -2.9467 -5.0222 17.6141 -18.3194 11.1834 -0.4834 29.3445 -0.9169 -25.2526 -12.0448 -0.6952 1.6235 -0.3007 -1.8167 -24.1497 -36.1746 -19.8315 0.4598 24.3351 1.0644 18.5986 10.1418 -3.4966 -1.3844 0.7440 0.8750
-0.9312 91.6203 2.0491 4.0467 3.6836 -1.9236 -0.2649 4.5534 0.2638 -0.3620 -2.9789 0.9442 3.2983 18.8449 1.3875 15.7482 27.2063 -3.1379 -2.3455 -4.0440 -10.5727 6.4157 -2.1414 -14.2989 -0.0245 -0.1461 0.0370 0.7716 -10.9566 -3.9606 -0.7941 -10.9420 4.0217 -0.2385 18.4783 -1.4327 -43.5116 21.9260 -26.4485 0.6733 1.1701 -73.8528 -0.3700 8.9829 6.3373 -15.6534 10.4019 15.1093 -60.3851 1.4183 2.0221 6.4629 15.6560 16.5071 79.4968 -44.1561 -33.8509 0.7777 -0.3661 79.7391 -47.7253 -39.0200 20.4246 15.3473 7.4381 -15.9649 49.1618 -2.9134 -4.9846 17.7318 -17.9220 11.2587 -0.4789 28.5505 -0.9037 -25.3856 -11.6785 -0.5537 1.6226 -0.3306 -1.8074 -23.9250 -35.9448 -19.9746 0.4638 24.0392 1.0610 18.5533 10.1128 -3.4875 -1.3830 0.6927 0.8671
-1.0958 91.7089 2.1931 4.0003 3.7498 -1.9336 -0.2460 4.4537 0.2498 -0.3737 -3.0321 0.9505 3.2723 18.5853 1.3298 15.7401 27.2833 -3.1814 -2.3147 -4.0331 -10.4605 6.3392 -2.1893 -14.1712 -0.0266 -0.1459 0.0415 0.7667 -10.9504 -3.9542 -0.7937 -10.9377 4.0256 -0.1524 18.4296 -1.3709 -43.5121 21.6801 -25.9704 0.8352 1.1680 -74.4814 -0.6367 9.1054 6.6189 -15.5932 10.4213 15.1209 -60.3788 1.4034 2.0048 6.0806 15.5614 16.3536 79.5933 -43.5801 -34.0519 0.7540 -0.3698 80.3734 -47.2058 -38.7074 19.4590 15.2925 7.4371 -15.9766 49.1015 -2.8934 -4.9609 17.8555 -17.5616 11.2705 -0.4790 27.8221 -0.9021 -25.5433 -11.3146 -0.3922 1.6217 -0.3794 -1.8031 -23.7346 -35.8257 -20.0670 0.4692 23.9663 1.0632 18.4832 9.9794 -3.4873 -1.3839 0.6585 0.8580
-1.3129 91.7714 2.3257 3.9832 3.8116 -1.9111 -0.2027 4.3926 0.2319 -0.3711 -3.0851 0.9341 3.2460 18.3394 1.2647 15.6651 27.2305 -3.2370 -2.3103 -4.0151 -10.3474 6.2602 -2.2738 -14.0975 -0.0240 -0.1436 0.0430 0.7674 -10.9454 -3.9538 -0.7887 -10.9376 4.0266 -0.0900 18.3871 -1.3470 -43.4449 21.3199 -25.5177 0.9925 1.1767 -75.2555 -0.8226 9.2581 6.9344 -15.5454 10.4411 15.1487 -60.3684 1.3874 1.9874 5.6974 15.4446 16.2211 79.5182 -43.1256 -34.2813 0.7319 -0.3232 81.0785 -46.6742 -38.5188 18.5039 15.2674 7.4152 -16.0039 49.0611 -2.9114 -4.9477 17.9645 -17.2394 11.2259 -0.4802 27.1683 -0.9028 -25.7003 -10.9735 -0.2391 1.6214 -0.4573 -1.7996 -23.5727 -35.8324 -20.1709 0.4807 24.1076 1.0601 18.3929 9.7625 -3.4460 -1.3863 0.6482 0.8480
-1.5327 91.7933 2.4070 3.9984 3.8581 -1.8457 -0.1216 4.3677 0.2180 -0.3521 -3.1087 0.9034 3.2352 18.1268 1.1791 15.5499 26.9999 -3.2438 -2.3204 -4.0019 -10.2983 6.1816 -2.3986 -14.0819 -0.0136 -0.1420 0.0353 0.7722 -10.9346 -3.9643 -0.7725 -10.9278 4.0177 -0.0906 18.3216 -1.3832 -43.3121 20.8077 -25.0694 1.0676 1.1734 -76.0527 -0.8815 9.2982 7.2255 -15.5181 10.4575 15.1790 -60.3203 1.3878 1.9633 5.3695 15.3751 16.1375 79.3983 -42.9921 -34.7083 0.7465 -0.2512 81.7465 -46.2409 -38.4795 17.8134 15.2569 7.3989 -16.0479 49.0602 -2.9274 -5.0001 18.1018 -16.9710 11.1151 -0.4816 26.6167 -0.9017 -25.8940 -10.6793 -0.1440 1.6237 -0.5301 -1.7967 -23.4929 -35.9375 -20.2413 0.4855 24.4570 1.0504 18.3307 9.4469 -3.4308 -1.3874 0.7061 0.8391
-1.7944 91.7784 2.4672 4.0440 3.9048 -1.7393 -0.0089 4.3791 0.2083 -0.3301 -3.1116 0.8564 3.2556 17.9649 1.0902 15.3731 26.6008 -3.2332 -2.3669 -4.0054 -10.2840 6.0634 -2.5347 -14.0996 0.0010 -0.1389 0.0228 0.7849 -10.9173 -3.9787 -0.7546 -10.9116 4.0008 -0.1609 18.2197 -1.5068 -43.1599 20.1782 -24.7296 1.1105 1.1484 -76.8122 -0.7735 9.2878 7.4654 -15.5189 10.4783 15.2205 -60.3138 1.3914 1.9739 5.1507 15.2948 16.0887 79.1522 -43.2085 -35.2371 0.8033 -0.2271 82.2844 -45.8732 -38.4959 17.3903 15.2893 7.3532 -16.0382 49.1035 -2.9805 -5.0382 18.1894 -16.8013 10.9457 -0.4749 26.2309 -0.9033 -26.0306 -10.4879 -0.0569 1.6237 -0.5865 -1.8002 -23.4547 -36.1644 -20.2659 0.4952 25.0235 1.0451 18.2341 9.0485 -3.4064 -1.3892 0.7919 0.8345
-2.0462 91.7236 2.4887 4.1220 3.9577 -1.5858 0.1260 4.4188 0.1983 -0.2985 -3.0850 0.8168 3.3246 17.8697 0.9904 15.1413 26.0252 -3.1757 -2.3794 -4.0055 -10.3644 5.8963 -2.6714 -14.1350 0.0195 -0.1401 0.0046 0.8002 -10.8955 -3.9972 -0.7321 -10.8856 3.9750 -0.2828 18.0550 -1.6567 -43.0231 19.5051 -24.6311 1.1033 1.1247 -77.4305 -0.5329 9.3914 7.6629 -15.5819 10.4861 15.2667 -60.2799 1.4138 2.0173 5.0508 15.2040 16.0992 78.8664 -43.7822 -35.8784 0.8263 -0.1711 82.6496 -45.5300 -38.4805 17.1476 15.3858 7.3125 -16.0310 49.2167 -3.0312 -5.0777 18.2543 -16.7445 10.7150 -0.4629 26.0054 -0.8997 -26.1564 -10.3921 0.0242 1.6252 -0.6490 -1.8000 -23.4843 -36.5009 -20.2504 0.4991 25.7519 1.0325 18.1432 8.6378 -3.4121 -1.3916 0.8920 0.8251
-2.2717 91.6356 2.4619 4.2254 4.0121 -1.4301 0.2691 4.4935 0.2129 -0.2531 -3.0386 0.7421 3.4358 17.8505 0.8991 14.8968 25.3069 -3.0872 -2.4098 -4.0011 -10.5012 5.7199 -2.7988 -14.2302 0.0324 -0.1405 -0.0074 0.8121 -10.8699 -4.0063 -0.7183 -10.8512 3.9552 -0.4650 17.8585 -1.8653 -42.9475 18.8157 -24.7773 1.0785 1.0775 -77.8961 -0.1237 9.7085 7.9044 -15.6357 10.5148 15.3186 -60.2923 1.4482 2.0762 5.0643 15.0817 16.2182 78.6786 -44.7001 -36.8106 0.9520 -0.1587 82.7838 -45.3208 -38.4096 17.1058 15.4752 7.2645 -16.0059 49.2934 -3.0904 -5.1001 18.2800 -16.7812 10.4711 -0.4443 25.9382 -0.8944 -26.2613 -10.4122 0.1324 1.6260 -0.6989 -1.8091 -23.5698 -36.9425 -20.1680 0.5120 26.6086 1.0369 18.0586 8.2297 -3.4556 -1.3954 0.9832 0.8152
-2.4862 91.5156 2.4040 4.3426 4.0569 -1.2632 0.4134 4.6079 0.2340 -0.2021 -2.9792 0.6509 3.5874 17.9170 0.8130 14.6945 24.5287 -2.9826 -2.4734 -3.9966 -10.6712 5.5540 -2.9499 -14.3772 0.0344 -0.1385 -0.0073 0.8119 -10.8428 -4.0007 -0.7143 -10.8153 3.9491 -0.6636 17.6633 -2.1601 -42.9925 18.1617 -25.1470 1.0721 1.0040 -78.2182 0.3991 10.2049 8.1899 -15.7131 10.5354 15.3334 -60.3184 1.4682 2.0870 5.1884 14.9475 16.4124 78.5639 -45.8361 -37.8303 1.0781 -0.1705 82.7059 -45.2529 -38.3876 17.2392 15.5217 7.2209 -15.9757 49.3177 -3.1402 -5.0971 18.2704 -16.9307 10.1934 -0.4281 26.0769 -0.8919 -26.3265 -10.5552 0.2066 1.6256 -0.6896 -1.8320 -23.6933 -37.4392 -20.0617 0.5223 27.5430 1.0309 17.9701 7.8062 -3.4856 -1.3975 1.0530 0.8090
-2.6376 91.3471 2.2947 4.4670 4.1072 -1.1177 0.5428 4.7409 0.2287 -0.1554 -2.8930 0.6184 3.7776 18.0645 0.7140 14.5288 23.7755 -2.9129 -2.5598 -3.9998 -10.8627 5.4455 -3.1028 -14.5119 0.0288 -0.1416 0.0001 0.8072 -10.8185 -3.9851 -0.7224 -10.7792 3.9513 -0.8557 17.5314 -2.5108 -43.0569 17.5382 -25.6388 1.0433 0.9718 -78.4987 0.9452 10.7758 8.4899 -15.7885 10.5092 15.3325 -60.3320 1.4635 2.1196 5.3662 14.7697 16.6331 78.6301 -47.0528 -38.9437 1.1755 -0.2175 82.5628 -45.3162 -38.4539 17.5628 15.6009 7.1875 -15.9601 49.3469 -3.1572 -5.1197 18.2561 -17.1926 9.9261 -0.4218 26.4128 -0.9044 -26.3948 -10.7582 0.2562 1.6238 -0.6484 -1.8617 -23.8729 -38.0097 -19.9065 0.5538 28.5110 1.0505 17.8863 7.3962 -3.5344 -1.3976 1.1078 0.7980
-2.7291 91.1589 2.1650 4.5900 4.1554 -1.0203 0.6478 4.9069 0.2300 -0.1072 -2.8088 0.5629 3.9595 18.2715 0.6351 14.4702 23.1165 -2.8585 -2.6780 -4.0105 -11.0118 5.3718 -3.2211 -14.6767 0.0212 -0.1415 0.0095 0.8008 -10.8010 -3.9701 -0.7312 -10.7564 3.9575 -1.0036 17.4652 -2.8700 -43.1689 16.9760 -26.1995 1.0121 1.0045 -78.7349 1.4122 11.1809 8.7818 -15.8249 10.4955 15.3291 -60.3224 1.4731 2.1301 5.6119 14.5982 16.8916 78.7347 -48.2357 -39.9354 1.2807 -0.3111 82.3603 -45.4441 -38.5165 18.0086 15.6715 7.1667 -15.9551 49.3449 -3.1964 -5.1077 18.2365 -17.5405 9.6577 -0.4114 26.9324 -0.9081 -26.4182 -11.0235 0.2677 1.6218 -0.5722 -1.8954 -24.0701 -38.5872 -19.6948 0.5740 29.4464 1.0632 17.8126 7.0146 -3.5721 -1.3973 1.1588 0.7872
-2.8097 90.9627 2.0119 4.6917 4.1810 -1.0079 0.7331 5.1041 0.2267 -0.0600 -2.7107 0.5092 4.1416 18.5504 0.5692 14.4608 22.6011 -2.8261 -2.7864 -4.0256 -11.1060 5.3010 -3.3102 -14.8052 0.0212 -0.1433 0.0111 0.8029 -10.8032 -3.9675 -0.7335 -10.7558 3.9585 -1.1080 17.4536 -3.2313 -43.2842 16.4649 -26.7211 0.9642 1.0287 -78.9599 1.7620 11.4776 8.9980 -15.8461 10.4736 15.3225 -60.3189 1.4853 2.1278 5.8853 14.4811 17.1571 78.7504 -49.3581 -40.5750 1.3116 -0.4415 82.1286 -45.6047 -38.5333 18.5582 15.7029 7.1747 -15.9334 49.3504 -3.1770 -5.0964 18.2297 -17.9358 9.4096 -0.4117 27.6466 -0.9210 -26.4439 -11.3351 0.3162 1.6198 -0.5083 -1.9245 -24.2863 -39.1898 -19.4005 0.6040 30.4226 1.0870 17.7546 6.6305 -3.6109 -1.3966 1.2171 0.7837
-2.8591 90.7488 1.8686 4.7653 4.1721 -1.0525 0.8024 5.3290 0.2093 -0.0045 -2.6043 0.4420 4.3029 18.8795 0.5421 14.4745 22.2337 -2.8420 -2.8535 -4.0270 -11.1409 5.2390 -3.3727 -14.8896 0.0245 -0.1456 0.0069 0.8055 -10.8006 -3.9706 -0.7302 -10.7533 3.9528 -1.1757 17.4383 -3.5401 -43.4047 16.0392 -27.2129 0.8837 1.0284 -79.1548 2.0235 11.6452 9.1369 -15.8098 10.4655 15.3208 -60.3041 1.5055 2.1243 6.1745 14.4269 17.4187 78.6643 -50.3533 -40.8341 1.2540 -0.5538 81.8870 -45.7690 -38.5600 19.1382 15.7221 7.2171 -15.9477 49.3915 -3.1668 -5.0962 18.2705 -18.3116 9.1396 -0.4101 28.4486 -0.9220 -26.4815 -11.6652 0.3803 1.6190 -0.4910 -1.9431 -24.4933 -39.7512 -19.0923 0.6156 31.3234 1.0924 17.6531 6.3443 -3.6377 -1.3975 1.2789 0.7780
-2.9047 90.5433 1.7332 4.8039 4.1203 -1.1515 0.8607 5.5564 0.1904 0.0455 -2.4994 0.3705 4.4408 19.2509 0.5374 14.5058 22.0082 -2.8727 -2.8937 -4.0259 -11.1370 5.1512 -3.4149 -14.9323 0.0244 -0.1465 0.0056 0.8056 -10.7973 -3.9674 -0.7302 -10.7534 3.9468 -1.2249 17.4520 -3.8201 -43.5320 15.7004 -27.6785 0.8261 1.0104 -79.2785 2.2363 11.7844 9.2267 -15.7950 10.4677 15.3188 -60.3008 1.5350 2.1365 6.4895 14.4014 17.6626 78.3981 -51.1858 -40.6687 1.1943 -0.6336 81.5416 -45.8611 -38.5219 19.6536 15.7076 7.2615 -15.9491 49.4176 -3.1463 -5.0750 18.3358 -18.6573 8.8708 -0.4107 29.3215 -0.9278 -26.5139 -12.0351 0.4897 1.6146 -0.4448 -1.9500 -24.6844 -40.2447 -18.7935 0.6194 32.1630 1.0987 17.5728 6.0937 -3.6012 -1.3981 1.3341 0.7757
-2.9215 90.3308 1.5992 4.8234 4.0442 -1.2493 0.9018 5.7809 0.2145 0.0847 -2.4071 0.2727 4.5789 19.6627 0.5539 14.5462 21.8988 -2.9091 -2.9202 -4.0246 -11.1090 5.0698 -3.4609 -14.9763 0.0186 -0.1480 0.0102 0.8010 -10.7982 -3.9584 -0.7377 -10.7574 3.9492 -1.2544 17.5038 -4.0704 -43.6036 15.4475 -28.1698 0.8291 0.9572 -79.3134 2.4258 11.9103 9.2661 -15.7747 10.4867 15.3493 -60.3340 1.5687 2.1729 6.8717 14.3853 17.9110 77.7826 -51.8761 -40.0245 1.0638 -0.6921 81.1003 -45.9051 -38.4776 20.1669 15.6700 7.3229 -15.9709 49.4514 -3.1434 -5.0749 18.4096 -19.0243 8.6247 -0.4266 30.2949 -0.9514 -26.5427 -12.4553 0.6041 1.6073 -0.4247 -1.9499 -24.8676 -40.6984 -18.5317 0.6209 32.9367 1.1004 17.5334 5.8850 -3.4720 -1.4000 1.3535 0.7723
-2.9037 90.1280 1.4612 4.8374 3.9292 -1.3099 0.9304 5.9659 0.1729 0.1051 -2.2845 0.2408 4.7078 20.0406 0.5802 14.5812 21.8678 -2.9298 -2.9013 -4.0212 -11.1753 4.9681 -3.4931 -15.0147 0.0149 -0.1473 0.0113 0.7993 -10.7996 -3.9552 -0.7445 -10.7607 3.9499 -1.2860 17.5325 -4.2739 -43.6289 15.3085 -28.7692 0.8226 0.8933 -79.0658 2.6153 11.9899 9.2207 -15.7785 10.5300 15.3676 -60.3546 1.5755 2.1734 7.2969 14.3729 18.1419 76.8906 -52.3934 -38.9919 0.9268 -0.6519 80.5571 -46.0385 -38.5741 20.6903 15.6271 7.3925 -16.0030 49.5455 -3.1206 -5.1018 18.4915 -19.3334 8.3940 -0.4309 31.1813 -0.9611 -26.6042 -12.8269 0.6912 1.6055 -0.4117 -1.9502 -25.0611 -41.0537 -18.3715 0.6273 33.5604 1.1172 17.5480 5.7176 -3.2950 -1.4020 1.3618 0.7696
-2.8449 89.9285 1.3378 4.8324 3.7939 -1.3864 0.9402 6.1214 0.1696 0.1244 -2.1797 0.1916 4.8162 20.4465 0.6227 14.6079 21.9099 -2.9426 -2.9050 -4.0144 -11.2466 4.9124 -3.5174 -15.1166 0.0071 -0.1418 0.0161 0.7946 -10.7957 -3.9470 -0.7548 -10.7567 3.9529 -1.3789 17.6230 -4.4569 -43.5130 15.2388 -29.3299 0.8260 0.8330 -78.6273 2.8167 11.7995 9.0883 -15.7780 10.5906 15.3744 -60.4054 1.6130 2.1289 7.7806 14.3891 18.4218 75.7071 -52.8356 -37.6422 0.8234 -0.6276 79.8769 -46.2228 -38.7351 21.3054 15.5444 7.4162 -16.0421 49.6354 -3.1412 -5.1702 18.5719 -19.6336 8.2109 -0.4393 32.0782 -0.9786 -26.6326 -13.2455 0.7614 1.6035 -0.3652 -1.9557 -25.2276 -41.3432 -18.2304 0.6195 34.1065 1.1130 17.5697 5.5360 -3.1215 -1.4029 1.3732 0.7736
-2.7533 89.7203 1.2114 4.8228 3.6441 -1.4647 0.9249 6.2486 0.1683 0.1322 -2.0838 0.1519 4.9182 20.8669 0.6598 14.6165 22.0391 -2.9511 -2.9101 -4.0239 -11.3386 4.8663 -3.5749 -15.2113 0.0079 -0.1413 0.0124 0.8008 -10.7899 -3.9462 -0.7603 -10.7532 3.9448 -1.5048 17.8130 -4.6303 -43.2457 15.1682 -29.7227 0.7778 0.7925 -78.0433 3.0139 11.3897 8.8960 -15.7816 10.6305 15.3627 -60.4443 1.6280 2.1297 8.2735 14.4285 18.6961 74.2207 -53.1798 -35.8776 0.7100 -0.6183 79.1225 -46.5947 -39.1100 22.1976 15.5103 7.4509 -16.0809 49.7333 -3.1392 -5.2385 18.6365 -19.9085 8.0662 -0.4391 32.9425 -0.9792 -26.6437 -13.6597 0.8084 1.5992 -0.2354 -1.9557 -25.4153 -41.5982 -18.0938 0.6316 34.5775 1.1304 17.5901 5.4045 -2.9960 -1.4012 1.3921 0.7848
-2.6304 89.5372 1.0963 4.8010 3.4934 -1.5443 0.9006 6.3395 0.1735 0.1361 -2.0171 0.1230 5.0050 21.3071 0.7000 14.6306 22.2405 -2.9734 -2.9442 -4.0370 -11.4416 4.8107 -3.6345 -15.3139 0.0122 -0.1418 0.0059 0.8108 -10.7818 -3.9509 -0.7623 -10.7538 3.9353 -1.6434 18.0545 -4.7636 -42.9141 15.1365 -29.9682 0.6586 0.7781 -77.3221 3.2239 10.7433 8.6751 -15.7825 10.6743 15.3642 -60.4747 1.6691 2.1195 8.7556 14.4626 18.9505 72.5870 -53.3885 -33.9168 0.6491 -0.5929 78.3612 -46.9911 -39.6355 23.2088 15.4780 7.4757 -16.0883 49.8338 -3.1850 -5.2734 18.6807 -20.1610 7.9637 -0.4150 33.7349 -0.9610 -26.6148 -14.0717 0.8014 1.5952 -0.0798 -1.9567 -25.5629 -41.7729 -17.9934 0.6291 34.9116 1.1223 17.6394 5.3230 -2.8803 -1.3985 1.4291 0.7938
-2.5095 89.3948 0.9897 4.7620 3.3925 -1.6271 0.8754 6.4021 0.1861 0.1358 -1.9720 0.0998 5.0747 21.6855 0.7578 14.6630 22.4877 -2.9959 -2.9679 -4.0462 -11.5334 4.7654 -3.7130 -15.4215 0.0175 -0.1435 0.0003 0.8193 -10.7800 -3.9564 -0.7594 -10.7588 3.9272 -1.7476 18.3065 -4.8513 -42.6655 15.2339 -30.0710 0.5512 0.8551 -76.5117 3.4106 10.0310 8.4931 -15.7877 10.6573 15.3479 -60.4494 1.6674 2.1577 9.1844 14.5003 19.1799 71.1531 -53.4884 -32.1206 0.7073 -0.5730 77.6276 -47.4693 -40.2709 24.2618 15.5196 7.5283 -16.0747 49.9908 -3.1759 -5.2715 18.7109 -20.4031 7.9401 -0.3912 34.3702 -0.9453 -26.5369 -14.4182 0.7457 1.5921 0.0576 -1.9510 -25.6457 -41.8902 -17.9129 0.6197 35.0833 1.1190 17.7053 5.3449 -2.8378 -1.3968 1.4536 0.8149
-2.3910 89.3155 0.9116 4.7255 3.3226 -1.6618 0.8521 6.4494 0.1529 0.1292 -1.9305 0.1473 5.1225 21.9735 0.8001 14.7145 22.7590 -3.0344 -2.9329 -4.0495 -11.6561 4.7190 -3.7537 -15.4776 0.0182 -0.1467 -0.0018 0.8179 -10.7793 -3.9553 -0.7568 -10.7628 3.9214 -1.7860 18.4632 -4.8199 -42.5188 15.5511 -30.1473 0.4560 0.9293 -75.6623 3.5948 9.4716 8.4484 -15.7910 10.6422 15.3418 -60.4293 1.6525 2.1771 9.5136 14.5698 19.3278 70.2639 -53.4926 -30.8160 0.7786 -0.5240 77.1408 -47.8608 -40.8417 25.0634 15.5816 7.5748 -16.0724 50.1407 -3.1561 -5.2473 18.7216 -20.6178 7.9507 -0.3631 34.8165 -0.9216 -26.4288 -14.6442 0.6207 1.5911 0.1248 -1.9392 -25.6697 -41.9208 -17.9103 0.6251 35.0583 1.1427 17.7561 5.4740 -2.8639 -1.3915 1.4830 0.8273
-2.2748 89.2962 0.8225 4.7008 3.3050 -1.6564 0.8292 6.4859 0.1679 0.1221 -1.9408 0.1776 5.1459 22.1846 0.8440 14.8074 23.0819 -3.1122 -2.9176 -4.0545 -11.7223 4.7077 -3.7200 -15.5275 0.0090 -0.1506 0.0057 0.8108 -10.7832 -3.9435 -0.7686 -10.7720 3.9277 -1.7476 18.6236 -4.7285 -42.5512 16.0888 -30.2808 0.5148 1.0610 -74.8433 3.7367 9.1158 8.5710 -15.7996 10.6228 15.3130 -60.4555 1.6111 2.1860 9.7540 14.6804 19.4198 69.9875 -53.4159 -30.1536 0.8616 -0.5198 76.8535 -48.1861 -41.2388 25.6196 15.6219 7.6102 -16.0584 50.2974 -3.1232 -5.2103 18.6756 -20.8093 8.0266 -0.3564 35.0759 -0.9025 -26.2564 -14.7728 0.4802 1.5914 0.1456 -1.9242 -25.6435 -41.9128 -17.9646 0.6298 34.8668 1.1708 17.7790 5.6845 -2.9291 -1.3859 1.4876 0.8385
-2.1602 89.3448 0.7527 4.6708 3.3173 -1.6256 0.8130 6.5162 0.1918 0.1046 -1.9631 0.2280 5.1571 22.2828 0.8963 14.9406 23.4030 -3.1876 -2.9063 -4.0613 -11.7742 4.7383 -3.6073 -15.5520 0.0018 -0.1552 0.0109 0.8032 -10.7923 -3.9336 -0.7747 -10.7840 3.9298 -1.6651 18.7376 -4.5722 -42.7130 16.7699 -30.4346 0.6102 1.1377 -74.0514 3.7945 8.8410 8.7729 -15.7824 10.5961 15.2481 -60.4848 1.5509 2.2108 9.8781 14.7777 19.4352 70.1510 -53.2020 -29.9456 0.9120 -0.5211 76.7272 -48.4514 -41.5189 25.9111 15.6686 7.6286 -16.0796 50.3550 -3.0825 -5.1800 18.5891 -20.9701 8.1786 -0.3659 35.1714 -0.8973 -26.0362 -14.8040 0.2902 1.5915 0.1238 -1.9147 -25.5682 -41.8104 -18.0708 0.6184 34.4943 1.1782 17.7785 5.9654 -3.0223 -1.3819 1.4882 0.8442
-2.0424 89.4330 0.7213 4.6399 3.3592 -1.5880 0.7941 6.5204 0.2002 0.0897 -2.0047 0.3040 5.1665 22.2987 0.9794 15.1098 23.7204 -3.2671 -2.8992 -4.0666 -11.8155 4.8053 -3.5021 -15.5962 -0.0057 -0.1580 0.0160 0.7937 -10.8078 -3.9272 -0.7802 -10.7978 3.9355 -1.5307 18.8350 -4.3641 -43.0050 17.5488 -30.6418 0.7336 1.2650 -73.3795 3.7461 8.4846 8.9333 -15.7462 10.5712 15.2137 -60.5109 1.5115 2.2358 9.8887 14.8615 19.3763 70.7367 -52.8574 -30.1815 0.9355 -0.5259 76.7332 -48.7312 -41.6929 26.0921 15.6781 7.6279 -16.1078 50.3239 -3.0566 -5.1420 18.4676 -21.1179 8.3894 -0.3774 35.1405 -0.8925 -25.7939 -14.7422 0.0754 1.5928 0.0770 -1.9074 -25.4611 -41.6355 -18.2442 0.6150 33.9258 1.1831 17.7864 6.3150 -3.1042 -1.3808 1.4855 0.8359
-1.8929 89.5730 0.6908 4.6157 3.4154 -1.5477 0.7615 6.4893 0.1564 0.0731 -2.0313 0.4134 5.1585 22.1897 1.0901 15.2907 24.0439 -3.3305 -2.9055 -4.0758 -11.8534 4.8657 -3.4141 -15.6404 -0.0060 -0.1594 0.0133 0.7929 -10.8182 -3.9322 -0.7789 -10.8098 3.9338 -1.3651 18.9036 -4.1201 -43.3988 18.3918 -30.8641 0.8315 1.4597 -72.7870 3.5805 8.0051 8.9368 -15.6806 10.5473 15.1550 -60.5172 1.4866 2.2076 9.8328 14.9245 19.2850 71.5857 -52.3613 -30.6892 0.9182 -0.5121 76.8846 -49.1359 -41.8362 26.2600 15.6262 7.6292 -16.1370 50.1852 -3.0162 -5.1129 18.3036 -21.1959 8.6455 -0.3862 34.9516 -0.8803 -25.5483 -14.5940 -0.0652 1.5989 0.0253 -1.8961 -25.3360 -41.3629 -18.4462 0.5995 33.1753 1.1776 17.8076 6.7449 -3.1681 -1.3813 1.4750 0.8280
-1.7334 89.7488 0.7001 4.5848 3.4554 -1.5449 0.7173 6.4480 0.1566 0.0693 -2.0884 0.4792 5.1417 22.0432 1.2477 15.4816 24.3969 -3.3593 -2.8964 -4.0803 -11.8740 4.9642 -3.3373 -15.7020 -0.0025 -0.1615 0.0090 0.7994 -10.8366 -3.9430 -0.7779 -10.8277 3.9340 -1.1622 18.9861 -3.8691 -43.7873 19.2349 -30.9807 0.8732 1.6099 -72.4470 3.2686 7.5838 8.7837 -15.6369 10.5413 15.1026 -60.5136 1.4775 2.1614 9.7496 14.9917 19.1664 72.5825 -51.8062 -31.4036 0.9169 -0.5808 77.0942 -49.6423 -41.8821 26.5348 15.5569 7.6273 -16.1738 49.9899 -2.9858 -5.0981 18.1430 -21.1945 8.9159 -0.4092 34.7058 -0.8948 -25.3269 -14.4046 -0.1607 1.6060 -0.0318 -1.8835 -25.2319 -41.0045 -18.6012 0.5689 32.3078 1.1485 17.8692 7.2492 -3.1944 -1.3849 1.4804 0.8246
-1.5471 89.9462 0.7319 4.5333 3.4652 -1.5924 0.6714 6.3718 0.1415 0.0524 -2.1310 0.5635 5.1322 21.8490 1.4006 15.6721 24.7177 -3.4010 -2.8672 -4.0927 -11.8340 5.0256 -3.2850 -15.6950 0.0059 -0.1634 0.0025 0.8109 -10.8575 -3.9565 -0.7719 -10.8437 3.9300 -0.9222 19.0762 -3.6172 -44.1608 19.9597 -30.9869 0.8517 1.6687 -72.2971 2.8298 7.4213 8.4909 -15.5521 10.5443 15.0781 -60.4593 1.4525 2.1427 9.6378 15.0206 19.0204 73.3981 -51.1553 -31.9430 0.8643 -0.5907 77.3434 -50.0609 -41.9815 26.7010 15.4831 7.6364 -16.1809 49.8186 -2.9963 -5.0825 18.0098 -21.0553 9.1450 -0.4308 34.3504 -0.9203 -25.1740 -14.1930 -0.1429 1.6102 -0.0314 -1.8654 -25.0943 -40.5396 -18.8037 0.5266 31.2979 1.1045 17.9447 7.8207 -3.1836 -1.3884 1.4760 0.8201
-1.3799 90.1434 0.7752 4.4660 3.4608 -1.6211 0.6219 6.2808 0.1905 0.0305 -2.2004 0.6064 5.1156 21.6217 1.5096 15.8678 25.0314 -3.4201 -2.8135 -4.0911 -11.7604 5.0764 -3.1871 -15.6520 0.0118 -0.1598 -0.0006 0.8214 -10.8837 -3.9673 -0.7691 -10.8683 3.9310 -0.6609 19.1277 -3.3670 -44.4504 20.6833 -30.9207 0.8353 1.6136 -72.3536 2.3152 7.4309 8.1685 -15.4750 10.5813 15.0684 -60.3912 1.4608 2.1029 9.5485 15.0720 18.9020 74.0934 -50.4691 -32.3836 0.7983 -0.5695 77.5528 -50.4141 -42.0784 26.9425 15.4368 7.6465 -16.1603 49.6969 -3.0025 -5.0487 17.8784 -20.8918 9.3139 -0.4560 34.0246 -0.9506 -25.0173 -14.0237 -0.0895 1.6131 -0.0397 -1.8513 -24.9481 -40.0176 -18.9722 0.4753 30.2791 1.0416 18.0639 8.3342 -3.1441 -1.3923 1.4487 0.8121
-1.2030 90.3413 0.7803 4.3816 3.4254 -1.6090 0.5784 6.1623 0.2093 -0.0090 -2.2489 0.6726 5.1101 21.3719 1.5763 16.0279 25.3118 -3.4941 -2.7306 -4.0889 -11.6423 5.0959 -3.0471 -15.5459 0.0235 -0.1537 -0.0082 0.8379 -10.9092 -3.9845 -0.7617 -10.8870 3.9281 -0.4224 19.1468 -3.1286 -44.5628 21.2761 -30.7990 0.7714 1.5437 -72.4581 1.8740 7.5644 7.9169 -15.4462 10.5946 15.0479 -60.3322 1.4505 2.0737 9.4603 15.0952 18.7425 74.6460 -49.7611 -32.6708 0.7535 -0.4406 77.8260 -50.6477 -42.2184 27.1200 15.4220 7.6747 -16.1462 49.7050 -2.9975 -5.0384 17.7942 -20.7241 9.4433 -0.4777 33.7188 -0.9627 -24.8484 -13.8811 -0.0729 1.6149 -0.0286 -1.8251 -24.7992 -39.4261 -19.1803 0.4521 29.2132 1.0134 18.1749 8.8380 -3.1775 -1.3936 1.3878 0.8074
-1.0458 90.5228 0.7818 4.2997 3.3667 -1.5787 0.5288 6.0403 0.2689 -0.0388 -2.3091 0.6847 5.0701 21.1365 1.6101 16.1916 25.5281 -3.5625 -2.6737 -4.0832 -11.5210 5.0822 -2.8760 -15.4251 0.0328 -0.1419 -0.0144 0.8523 -10.9250 -3.9994 -0.7556 -10.8987 3.9254 -0.2044 19.1234 -2.9021 -44.5427 21.7963 -30.6791 0.7694 1.4544 -72.6023 1.5298 7.6596 7.7152 -15.4363 10.6324 15.0583 -60.3071 1.4901 2.0337 9.3699 15.1599 18.6057 75.1973 -49.0969 -32.9829 0.7982 -0.3344 78.1031 -50.7445 -42.2416 27.1978 15.4125 7.6770 -16.1124 49.7201 -3.0127 -5.0214 17.7096 -20.5710 9.5676 -0.4911 33.4695 -0.9577 -24.6510 -13.7740 -0.0988 1.6166 -0.0451 -1.8159 -24.6805 -38.8301 -19.3384 0.4147 28.2324 0.9700 18.2510 9.2710 -3.2174 -1.3945 1.2981 0.8168
-0.9006 90.6678 0.7654 4.2188 3.2851 -1.5458 0.4717 5.9018 0.3161 -0.0695 -2.3627 0.6921 5.0159 20.9168 1.6157 16.3070 25.7032 -3.6420 -2.6400 -4.0838 -11.3915 5.0543 -2.7215 -15.2791 0.0389 -0.1329 -0.0186 0.8627 -10.9358 -4.0116 -0.7534 -10.9064 3.9268 -0.0217 19.0855 -2.7107 -44.3951 22.2016 -30.5163 0.7432 1.4090 -72.7853 1.3013 7.6360 7.5631 -15.5135 10.6363 15.0706 -60.3384 1.5244 1.9982 9.2821 15.2322 18.4358 75.6918 -48.4578 -33.1838 0.8748 -0.2353 78.4032 -50.7478 -42.1451 27.1413 15.4286 7.6783 -16.0808 49.7657 -3.0280 -5.0361 17.6490 -20.4179 9.6852 -0.4963 33.2493 -0.9490 -24.4716 -13.6774 -0.1428 1.6197 -0.0547 -1.8153 -24.5737 -38.2335 -19.4829 0.3870 27.3166 0.9377 18.3171 9.6827 -3.2713 -1.3956 1.1639 0.8308
-0.8083 90.7932 0.7362 4.1322 3.2002 -1.5298 0.4053 5.7522 0.3492 -0.1042 -2.4217 0.7136 4.9503 20.7413 1.6014 16.3616 25.8338 -3.6932 -2.6037 -4.0678 -11.2744 5.0233 -2.5983 -15.1213 0.0346 -0.1269 -0.0155 0.8607 -10.9488 -4.0139 -0.7617 -10.9231 3.9388 0.1361 19.0394 -2.5436 -44.1538 22.4949 -30.2857 0.7558 1.4141 -72.9887 1.1111 7.4481 7.4086 -15.5616 10.6218 15.1009 -60.3580 1.5627 1.9872 9.1733 15.3169 18.2631 76.1295 -47.8786 -33.2940 0.9656 -0.1792 78.7199 -50.7954 -41.9427 27.1021 15.4575 7.6641 -16.0306 49.8199 -3.0241 -5.0422 17.6139 -20.2603 9.7887 -0.5051 33.0402 -0.9662 -24.3097 -13.6022 -0.1504 1.6207 -0.1015 -1.8235 -24.4568 -37.6855 -19.6208 0.3782 26.4783 0.9307 18.3893 10.0536 -3.2923 -1.3952 1.0379 0.8391
-0.7241 90.9164 0.7637 4.0364 3.1131 -1.5481 0.3281 5.5780 0.3835 -0.1271 -2.4764 0.7250 4.8664 20.5553 1.5794 16.3821 25.9182 -3.7308 -2.5839 -4.0556 -11.1774 5.0254 -2.5171 -14.9640 0.0216 -0.1269 -0.0058 0.8414 -10.9491 -4.0034 -0.7701 -10.9242 3.9548 0.2480 18.9812 -2.4055 -43.8839 22.6911 -30.0102 0.7371 1.4286 -73.1692 0.9584 7.1695 7.2484 -15.6011 10.5921 15.1078 -60.3440 1.5800 1.9875 9.0607 15.3912 18.0717 76.5151 -47.2795 -33.2871 0.9990 -0.0925 79.0711 -50.8512 -41.6877 26.9624 15.4760 7.6261 -15.9844 49.7605 -3.0161 -5.0660 17.6035 -20.0721 9.9403 -0.5124 32.7893 -0.9877 -24.1878 -13.5118 -0.1445 1.6229 -0.1163 -1.8294 -24.3106 -37.1760 -19.8079 0.3779 25.7190 0.9286 18.4511 10.3749 -3.2923 -1.3958 0.9314 0.8477
-0.6342 91.0248 0.8002 3.9374 3.0183 -1.5877 0.2633 5.4100 0.4168 -0.1549 -2.5421 0.7315 4.7586 20.3746 1.5629 16.3622 26.0143 -3.7581 -2.5539 -4.0325 -11.0565 5.0094 -2.4312 -14.7712 -0.0012 -0.1253 0.0125 0.8159 -10.9507 -3.9819 -0.7915 -10.9295 3.9798 0.3329 18.9359 -2.3000 -43.5839 22.7796 -29.6200 0.6927 1.4234 -73.3934 0.8401 6.9788 7.0935 -15.6340 10.5685 15.1229 -60.3547 1.5915 1.9825 8.8943 15.4866 17.8824 76.9133 -46.6500 -33.2787 1.0119 -0.0799 79.4879 -50.9263 -41.3385 26.7664 15.4730 7.5879 -15.9496 49.6999 -3.0197 -5.0855 17.6233 -19.8482 10.0914 -0.5176 32.5277 -1.0076 -24.0917 -13.4227 -0.0932 1.6226 -0.1385 -1.8458 -24.1471 -36.7083 -20.0124 0.3724 25.0313 0.9283 18.5155 10.6173 -3.2339 -1.3955 0.8400 0.8477
-0.5630 91.1287 0.8549 3.8479 2.9292 -1.6387 0.1862 5.2369 0.4475 -0.1809 -2.6185 0.7422 4.6367 20.1733 1.5405 16.3226 26.1492 -3.7935 -2.5239 -4.0061 -10.9250 5.0104 -2.3839 -14.5306 -0.0158 -0.1261 0.0258 0.7983 -10.9451 -3.9642 -0.8044 -10.9255 3.9950 0.4106 18.8988 -2.2044 -43.3286 22.8254 -29.2521 0.6723 1.4169 -73.6643 0.7460 6.8040 6.9433 -15.6418 10.5537 15.1550 -60.3922 1.5581 2.0065 8.6880 15.5471 17.6560 77.2738 -45.9655 -33.2470 1.0187 -0.0445 79.9618 -51.0363 -41.0707 26.5971 15.4881 7.5535 -15.9091 49.6119 -3.0262 -5.0811 17.6659 -19.5837 10.2740 -0.5275 32.1882 -1.0302 -24.0346 -13.3035 -0.0802 1.6207 -0.1398 -1.8529 -23.9876 -36.2613 -20.2200 0.3781 24.3808 0.9426 18.5628 10.8355 -3.2075 -1.3946 0.7745 0.8369
-0.5275 91.2489 0.9212 3.7722 2.8612 -1.7123 0.1011 5.0786 0.4594 -0.2128 -2.7160 0.7749 4.4951 19.9445 1.5159 16.3056 26.2883 -3.7737 -2.4758 -3.9804 -10.8211 4.9999 -2.3288 -14.2909 -0.0255 -0.1277 0.0350 0.7878 -10.9473 -3.9525 -0.8139 -10.9322 4.0060 0.4739 18.8477 -2.1093 -43.1288 22.9297 -28.9361 0.7473 1.3798 -73.9544 0.6237 6.6070 6.7540 -15.6102 10.5436 15.1596 -60.3927 1.5078 2.0096 8.4777 15.6220 17.4313 77.6848 -45.2639 -33.3136 1.0424 -0.0413 80.4759 -51.1592 -40.8368 26.4139 15.5236 7.5091 -15.8579 49.5612 -3.0215 -5.0460 17.6984 -19.2880 10.4530 -0.5244 31.7815 -1.0352 -23.9909 -13.1695 -0.0758 1.6207 -0.1739 -1.8632 -23.8226 -35.8448 -20.3899 0.3846 23.7769 0.9558 18.6002 10.9834 -3.2173 -1.3931 0.7249 0.8141
-0.5104 91.3532 1.0109 3.7272 2.8166 -1.8292 0.0038 4.9351 0.4498 -0.2480 -2.8079 0.8071 4.3212 19.6700 1.5001 16.2983 26.3931 -3.7439 -2.4520 -3.9680 -10.6875 4.9984 -2.2771 -14.0762 -0.0285 -0.1307 0.0387 0.7829 -10.9502 -3.9498 -0.8141 -10.9298 4.0109 0.5318 18.7735 -1.9912 -43.0167 23.0614 -28.6766 0.8297 1.4179 -74.2421 0.4732 6.2820 6.5712 -15.5850 10.5397 15.1652 -60.3624 1.4574 1.9777 8.2350 15.6842 17.2306 78.0864 -44.4769 -33.4052 1.0500 -0.0490 81.0369 -51.2130 -40.6102 26.1371 15.4780 7.4963 -15.8234 49.4900 -2.9739 -5.0090 17.7329 -18.9366 10.6608 -0.5327 31.2651 -1.0337 -23.9816 -13.0126 -0.0635 1.6244 -0.2258 -1.8616 -23.7211 -35.4669 -20.4602 0.3945 23.2419 0.9682 18.6419 11.0646 -3.2717 -1.3911 0.6815 0.8041
-0.5538 91.4699 1.1180 3.6851 2.7818 -1.9587 -0.0832 4.8160 0.4310 -0.2749 -2.8975 0.8214 4.1207 19.4047 1.4934 16.2913 26.4411 -3.6915 -2.4672 -3.9640 -10.5160 5.0034 -2.2250 -13.9019 -0.0268 -0.1309 0.0385 0.7867 -10.9559 -3.9519 -0.8139 -10.9310 4.0113 0.5569 18.7497 -1.8933 -42.9115 23.1470 -28.3744 0.9448 1.3956 -74.5659 0.3148 5.9804 6.4258 -15.5801 10.5587 15.2022 -60.3752 1.4449 1.9667 7.9461 15.7351 17.0217 78.4217 -43.6934 -33.4931 1.0890 -0.1085 81.6304 -51.1876 -40.4012 25.7710 15.4285 7.4682 -15.8152 49.3916 -2.9585 -4.9846 17.7752 -18.5782 10.8486 -0.5372 30.7405 -1.0240 -23.9654 -12.8517 -0.0511 1.6264 -0.3121 -1.8479 -23.6108 -35.1715 -20.4798 0.4022 22.8400 0.9828 18.6947 11.1416 -3.2878 -1.3888 0.6549 0.8094
-0.6053 91.5668 1.2255 3.6471 2.7531 -2.1118 -0.1523 4.6982 0.3826 -0.2977 -2.9564 0.8734 3.9360 19.1709 1.4560 16.2622 26.3653 -3.6232 -2.4818 -3.9647 -10.3631 4.9681 -2.2491 -13.7393 -0.0183 -0.1300 0.0324 0.7959 -10.9638 -3.9622 -0.8067 -10.9314 4.0060 0.5756 18.7473 -1.8194 -42.8585 23.1257 -28.0759 0.9776 1.3839 -74.8777 0.1703 5.7502 6.2936 -15.5647 10.5680 15.2617 -60.3336 1.4402 2.0058 7.6323 15.7345 16.7724 78.5315 -42.9402 -33.4129 1.0737 -0.1069 82.2573 -51.0973 -40.3786 25.3352 15.3652 7.4573 -15.7991 49.3179 -2.9690 -4.9503 17.8508 -18.1730 10.9689 -0.5325 30.1609 -1.0120 -24.0178 -12.6715 0.0634 1.6250 -0.3988 -1.8352 -23.4969 -34.9547 -20.5176 0.4130 22.5588 0.9864 18.7213 11.2123 -3.2415 -1.3860 0.6149 0.8144
-0.7300 91.6390 1.3239 3.5898 2.7486 -2.2367 -0.1916 4.6004 0.3789 -0.3117 -3.0221 0.8593 3.7676 18.9685 1.3982 16.2058 26.1814 -3.5110 -2.4922 -3.9556 -10.2150 4.8906 -2.3018 -13.6421 -0.0146 -0.1246 0.0327 0.7998 -10.9518 -3.9627 -0.8016 -10.9183 4.0038 0.5474 18.7670 -1.7835 -42.8208 23.0900 -27.8121 1.0096 1.3757 -75.1849 0.0355 5.6316 6.2894 -15.5829 10.5752 15.2766 -60.3474 1.4559 1.9989 7.3290 15.6982 16.5439 78.5099 -42.2122 -33.3491 1.1212 -0.0943 82.8886 -50.9420 -40.4090 24.8731 15.2806 7.4444 -15.8297 49.1981 -2.9861 -4.9657 17.9763 -17.8156 11.0056 -0.5325 29.6532 -1.0191 -24.0885 -12.5277 0.2392 1.6263 -0.4875 -1.8331 -23.3541 -34.8479 -20.5687 0.4157 22.4995 0.9717 18.7455 11.2044 -3.1465 -1.3910 0.5919 0.8264
-0.8771 91.6619 1.4060 3.5305 2.7610 -2.3277 -0.2117 4.5234 0.3630 -0.3118 -3.0730 0.8250 3.6182 18.7944 1.3249 16.1179 25.8995 -3.3907 -2.4731 -3.9503 -10.1323 4.7653 -2.3478 -13.5331 -0.0123 -0.1194 0.0338 0.8010 -10.9349 -3.9618 -0.7980 -10.9052 4.0038 0.4731 18.7752 -1.7828 -42.7739 23.0317 -27.5690 0.9763 1.3651 -75.4888 -0.1117 5.5789 6.3576 -15.6058 10.5853 15.2873 -60.3766 1.4829 1.9960 7.0535 15.6680 16.3265 78.3304 -41.5793 -33.2225 1.1240 -0.0537 83.5099 -50.6562 -40.4434 24.2675 15.2285 7.4165 -15.8736 49.1062 -3.0512 -4.9826 18.1175 -17.5294 10.9806 -0.5248 29.2278 -1.0116 -24.1890 -12.4109 0.4031 1.6261 -0.5543 -1.8335 -23.1678 -34.8824 -20.6868 0.4251 22.6529 0.9581 18.7251 11.0883 -3.0013 -1.3949 0.5908 0.8258
-1.0426 91.6676 1.4597 3.4758 2.7592 -2.3587 -0.2090 4.4746 0.3395 -0.3132 -3.1042 0.8031 3.5123 18.6628 1.2342 16.0216 25.5727 -3.2842 -2.4585 -3.9504 -10.1085 4.6689 -2.3534 -13.4571 -0.0055 -0.1165 0.0300 0.8035 -10.9098 -3.9614 -0.7877 -10.8837 3.9943 0.3552 18.7536 -1.8229 -42.7100 23.0104 -27.4474 0.9142 1.3354 -75.7370 -0.2440 5.5623 6.5350 -15.6377 10.6128 15.2938 -60.4337 1.5106 1.9703 6.8320 15.6364 16.1106 78.0369 -41.0709 -33.1432 1.1254 -0.0124 84.0212 -50.3401 -40.5463 23.7120 15.2114 7.3941 -15.9169 49.0554 -3.1147 -4.9967 18.2722 -17.2924 10.9117 -0.5009 28.8568 -0.9839 -24.3299 -12.3091 0.4930 1.6238 -0.5721 -1.8303 -22.9644 -35.0057 -20.8956 0.4180 22.9796 0.9223 18.6532 10.8733 -2.8352 -1.3992 0.5989 0.8180
-1.2597 91.6396 1.4847 3.4503 2.7472 -2.3617 -0.1969 4.4591 0.3361 -0.3129 -3.1010 0.7664 3.4500 18.5650 1.1344 15.8928 25.2315 -3.2178 -2.4748 -3.9640 -10.0822 4.6037 -2.3301 -13.4012 -0.0011 -0.1152 0.0281 0.8020 -10.8830 -3.9597 -0.7784 -10.8598 3.9888 0.1979 18.7147 -1.8980 -42.6392 23.0339 -27.4651 0.8468 1.3083 -75.9730 -0.3815 5.7113 6.7955 -15.6713 10.6305 15.2741 -60.4666 1.5019 1.9589 6.6766 15.6040 15.9366 77.6221 -40.6859 -33.1135 1.1137 -0.0061 84.4515 -50.2666 -40.7285 23.5038 15.2319 7.3737 -15.9284 49.0543 -3.1487 -5.0318 18.4494 -17.1251 10.8710 -0.4951 28.5648 -0.9807 -24.5304 -12.2042 0.5319 1.6223 -0.5909 -1.8274 -22.8014 -35.2423 -21.0926 0.4267 23.5537 0.9212 18.5471 10.5245 -2.6701 -1.4037 0.5932 0.8186
-1.4874 91.5757 1.4784 3.4577 2.7165 -2.3530 -0.1723 4.4937 0.3210 -0.3136 -3.0801 0.7404 3.4249 18.5215 1.0356 15.7336 24.8984 -3.1474 -2.4890 -3.9776 -10.0736 4.5508 -2.2788 -13.3537 0.0040 -0.1134 0.0244 0.8034 -10.8564 -3.9569 -0.7692 -10.8354 3.9777 0.0256 18.6515 -2.0103 -42.6477 23.0736 -27.6149 0.8068 1.2865 -76.1138 -0.5121 5.8993 7.0589 -15.6894 10.6557 15.2574 -60.5051 1.4983 1.9598 6.6057 15.5785 15.8075 77.1598 -40.4797 -33.1666 1.1367 0.0084 84.7752 -50.2836 -40.9179 23.4445 15.2632 7.3541 -15.9220 49.1511 -3.1908 -5.0665 18.6029 -16.9845 10.8391 -0.4881 28.3416 -0.9705 -24.7586 -12.1565 0.4777 1.6208 -0.5764 -1.8273 -22.6847 -35.5816 -21.2517 0.4468 24.3681 0.9328 18.4407 10.0273 -2.4751 -1.4049 0.5671 0.8150
-1.7123 91.4781 1.4686 3.5081 2.6884 -2.3248 -0.1370 4.5590 0.3051 -0.3083 -3.0438 0.7011 3.4314 18.5431 0.9397 15.5978 24.5918 -3.1035 -2.5283 -3.9914 -10.0361 4.5150 -2.2554 -13.3232 0.0106 -0.1141 0.0183 0.8077 -10.8498 -3.9605 -0.7620 -10.8268 3.9696 -0.1484 18.5979 -2.1467 -42.7091 23.0587 -27.8200 0.7684 1.2731 -76.1804 -0.6303 5.9586 7.3330 -15.7003 10.6702 15.2564 -60.4867 1.4809 1.9786 6.5871 15.4761 15.7121 76.6393 -40.3602 -33.2608 1.2139 -0.0157 85.0126 -50.3427 -41.1101 23.4783 15.2830 7.3404 -15.8974 49.2855 -3.1923 -5.0983 18.7399 -16.8909 10.8119 -0.4943 28.1979 -0.9760 -24.9927 -12.1204 0.3955 1.6212 -0.5796 -1.8309 -22.6718 -36.0253 -21.2899 0.4790 25.3536 0.9616 18.3275 9.4607 -2.3253 -1.4040 0.5621 0.8059
-1.9754 91.3652 1.4687 3.5943 2.6649 -2.3101 -0.0939 4.6471 0.2929 -0.2935 -2.9983 0.6673 3.4638 18.6184 0.8486 15.4820 24.3029 -3.0693 -2.5812 -4.0055 -9.9803 4.4802 -2.3042 -13.3076 0.0070 -0.1169 0.0237 0.8044 -10.8498 -3.9563 -0.7663 -10.8215 3.9777 -0.3536 18.6201 -2.3085 -42.7602 22.9309 -27.9710 0.6765 1.3092 -76.2480 -0.6973 5.9004 7.5941 -15.6783 10.6798 15.2713 -60.4643 1.4674 2.0117 6.6320 15.3675 15.6621 76.0205 -40.3673 -33.2398 1.2143 -0.0459 85.1423 -50.3727 -41.3030 23.5305 15.2913 7.3383 -15.8756 49.4222 -3.1986 -5.1513 18.8454 -16.8069 10.7853 -0.4934 28.0967 -0.9829 -25.2265 -12.0703 0.2993 1.6231 -0.6191 -1.8363 -22.7361 -36.4856 -21.2147 0.5233 26.3896 1.0101 18.2295 8.8587 -2.2482 -1.4036 0.5663 0.8041
-2.2432 91.2583 1.4525 3.7075 2.6625 -2.2801 -0.0350 4.7490 0.2684 -0.2700 -2.9405 0.6442 3.5150 18.7477 0.7532 15.3874 24.0493 -3.0142 -2.6236 -4.0156 -9.9250 4.4853 -2.4479 -13.3046 -0.0015 -0.1220 0.0338 0.7988 -10.8446 -3.9433 -0.7786 -10.8116 3.9888 -0.5557 18.7023 -2.4870 -42.8208 22.7506 -28.1269 0.6330 1.3276 -76.3801 -0.7418 5.8458 7.8471 -15.6460 10.6992 15.3038 -60.4518 1.4537 2.0713 6.6995 15.2581 15.6193 75.3315 -40.4809 -33.0684 1.1123 -0.0953 85.1955 -50.3140 -41.6075 23.5905 15.2820 7.3489 -15.8571 49.5160 -3.1949 -5.1696 18.9307 -16.7514 10.7181 -0.4947 28.0230 -0.9847 -25.4698 -12.0024 0.2221 1.6188 -0.6047 -1.8348 -22.8591 -36.9815 -21.0667 0.5675 27.4254 1.0665 18.1045 8.3039 -2.2173 -1.4021 0.6075 0.7985
-2.4937 91.1341 1.4528 3.8405 2.6694 -2.2321 0.0416 4.8618 0.2600 -0.2390 -2.8994 0.5920 3.5778 18.9301 0.6799 15.3099 23.8067 -2.9289 -2.6464 -4.0254 -9.9173 4.4891 -2.5920 -13.3032 -0.0155 -0.1268 0.0483 0.7859 -10.8409 -3.9241 -0.7939 -10.8073 4.0039 -0.7311 18.7931 -2.6540 -42.9250 22.5588 -28.3923 0.5832 1.3810 -76.5228 -0.7353 5.7602 8.1578 -15.6155 10.7007 15.3208 -60.4326 1.4570 2.1398 6.8232 15.1861 15.6097 74.6372 -40.7032 -32.8443 0.9896 -0.1118 85.0952 -50.2126 -41.9494 23.6971 15.2804 7.3940 -15.8451 49.5719 -3.1592 -5.1549 18.9853 -16.7243 10.6232 -0.4876 27.9909 -0.9866 -25.6890 -11.9604 0.1898 1.6179 -0.5725 -1.8433 -23.0145 -37.4622 -20.8682 0.5883 28.4459 1.0830 17.9344 7.7532 -2.2412 -1.4011 0.6983 0.7862
-2.7242 91.0059 1.4544 3.9878 2.7059 -2.1681 0.1328 4.9946 0.2578 -0.2151 -2.8625 0.5191 3.6523 19.1465 0.5982 15.2130 23.5958 -2.8400 -2.6526 -4.0324 -9.8737 4.5019 -2.6963 -13.2943 -0.0275 -0.1299 0.0614 0.7757 -10.8329 -3.9065 -0.8074 -10.8021 4.0165 -0.8500 18.8914 -2.7960 -43.0993 22.4082 -28.7747 0.6360 1.3810 -76.7334 -0.7069 5.7566 8.5399 -15.6211 10.6822 15.2952 -60.5008 1.4711 2.1603 6.9860 15.1495 15.6618 73.9156 -41.0216 -32.5120 0.8212 -0.1423 84.8816 -50.0900 -42.2583 23.8908 15.2517 7.4624 -15.8187 49.6302 -3.1381 -5.1029 19.0139 -16.7880 10.5268 -0.4885 28.0624 -0.9925 -25.8977 -11.9586 0.1925 1.6156 -0.5194 -1.8511 -23.1874 -38.0033 -20.6451 0.6178 29.4980 1.1203 17.7764 7.1821 -2.3325 -1.4018 0.8114 0.7856
-2.9985 90.8638 1.4494 4.1342 2.7317 -2.1259 0.2248 5.1426 0.2153 -0.1905 -2.7982 0.4771 3.7370 19.3695 0.5481 15.1313 23.3829 -2.7861 -2.6361 -4.0249 -9.8343 4.5121 -2.7729 -13.2580 -0.0310 -0.1319 0.0645 0.7709 -10.8147 -3.8981 -0.8106 -10.7780 4.0163 -0.9262 18.9335 -2.9257 -43.3259 22.2878 -29.1991 0.6566 1.3770 -76.9335 -0.6602 5.8186 8.8536 -15.5917 10.6896 15.3163 -60.4701 1.4815 2.2027 7.1711 15.1404 15.7126 73.2965 -41.4301 -32.2029 0.7293 -0.1672 84.4918 -49.9932 -42.5774 24.1902 15.2162 7.5373 -15.8190 49.6779 -3.1117 -5.0786 19.0601 -16.8682 10.4233 -0.4789 28.1830 -0.9800 -26.1245 -11.9554 0.1784 1.6146 -0.4862 -1.8566 -23.3736 -38.5141 -20.4420 0.6307 30.4837 1.1350 17.6429 6.6884 -2.4135 -1.4029 0.9130 0.7846
-3.2579 90.7258 1.4529 4.2570 2.7649 -2.1023 0.3196 5.2928 0.1806 -0.1708 -2.7189 0.4230 3.8350 19.5755 0.5105 15.0307 23.2465 -2.7882 -2.6342 -4.0055 -9.7151 4.5137 -2.8044 -13.2104 -0.0257 -0.1314 0.0587 0.7781 -10.8002 -3.9018 -0.8065 -10.7629 4.0063 -0.9583 18.9647 -3.0553 -43.5781 22.1365 -29.6083 0.6584 1.3467 -77.1520 -0.5772 5.9062 9.1302 -15.5833 10.6666 15.3305 -60.4562 1.4841 2.2412 7.3788 15.1276 15.7955 72.6892 -41.8453 -31.7726 0.6207 -0.1829 83.9895 -49.9660 -42.8681 24.5882 15.1861 7.5945 -15.7982 49.7248 -3.1165 -5.0664 19.1195 -16.9667 10.3228 -0.4861 28.3343 -0.9742 -26.3198 -11.9705 0.1804 1.6129 -0.4532 -1.8529 -23.5103 -38.9946 -20.2509 0.6508 31.4233 1.1629 17.5342 6.2263 -2.5024 -1.4051 0.9898 0.7884
-3.4798 90.6015 1.4747 4.3663 2.7938 -2.0842 0.4025 5.4567 0.1308 -0.1522 -2.6350 0.3833 3.9309 19.7559 0.4942 14.9666 23.1994 -2.8127 -2.6192 -3.9835 -9.5967 4.5049 -2.7706 -13.1497 -0.0108 -0.1313 0.0416 0.7981 -10.8016 -3.9236 -0.7967 -10.7638 3.9892 -0.9508 18.9681 -3.1911 -43.8028 21.9661 -29.9855 0.6407 1.2974 -77.3180 -0.4516 6.0649 9.2925 -15.6092 10.6511 15.3405 -60.4493 1.5015 2.2503 7.5853 15.1165 15.8857 72.2075 -42.2834 -31.3457 0.5334 -0.1970 83.4061 -50.0461 -43.1596 25.1091 15.1506 7.6095 -15.7672 49.7567 -3.1575 -5.0517 19.1705 -17.0715 10.2271 -0.4888 28.5125 -0.9609 -26.4909 -12.0090 0.1641 1.6108 -0.4311 -1.8479 -23.6311 -39.4717 -20.1035 0.6694 32.3041 1.1890 17.4535 5.7872 -2.5108 -1.4064 1.0681 0.7884
-3.6831 90.4609 1.4548 4.4584 2.8242 -2.0723 0.4732 5.5989 0.1028 -0.1266 -2.5471 0.3194 4.0308 19.9451 0.4925 14.9051 23.1802 -2.8464 -2.6245 -3.9589 -9.4879 4.4875 -2.7207 -13.1299 -0.0029 -0.1306 0.0318 0.8105 -10.7950 -3.9335 -0.7925 -10.7576 3.9764 -0.9458 18.9727 -3.3119 -43.9433 21.7559 -30.3753 0.6134 1.2431 -77.4344 -0.2543 6.2589 9.4527 -15.6101 10.6568 15.3410 -60.4340 1.5390 2.2565 7.7677 15.0977 16.0034 71.8513 -42.7378 -30.9265 0.4343 -0.1860 82.7790 -50.1897 -43.3693 25.6470 15.1179 7.6278 -15.7747 49.7760 -3.1851 -5.0687 19.2351 -17.1728 10.1712 -0.4892 28.6782 -0.9485 -26.6473 -12.0402 0.1563 1.6068 -0.4180 -1.8394 -23.7469 -39.8985 -19.9489 0.6754 33.0970 1.2032 17.4099 5.3587 -2.5270 -1.4069 1.1379 0.7902
-3.8066 90.3496 1.4573 4.5457 2.8591 -2.0701 0.5295 5.7111 0.0948 -0.1021 -2.4686 0.2475 4.1285 20.1424 0.5044 14.8425 23.1974 -2.8970 -2.6186 -3.9424 -9.4244 4.4712 -2.7240 -13.1354 -0.0011 -0.1340 0.0284 0.8161 -10.7974 -3.9394 -0.7940 -10.7643 3.9751 -0.9532 18.9531 -3.4567 -44.0553 21.5259 -30.7253 0.5972 1.2304 -77.5023 -0.0607 6.4572 9.5913 -15.6306 10.6583 15.3363 -60.4356 1.5566 2.2722 7.9201 15.0712 16.1346 71.6793 -43.2321 -30.6581 0.4154 -0.2482 82.1495 -50.3310 -43.5033 26.1421 15.1087 7.6309 -15.7878 49.7958 -3.2173 -5.0845 19.2768 -17.2657 10.1457 -0.4832 28.8424 -0.9376 -26.7800 -12.0895 0.1418 1.6026 -0.3918 -1.8343 -23.8607 -40.2850 -19.7958 0.6566 33.7826 1.1843 17.3565 4.9787 -2.4941 -1.4078 1.1777 0.7904
-3.8652 90.2230 1.4075 4.6264 2.8977 -2.0836 0.5677 5.8176 0.0931 -0.0709 -2.4024 0.1855 4.2306 20.3479 0.5093 14.7591 23.2083 -2.9443 -2.6126 -3.9422 -9.4066 4.4516 -2.8107 -13.1286 -0.0087 -0.1383 0.0341 0.8061 -10.7932 -3.9303 -0.7989 -10.7636 3.9796 -0.9750 18.8978 -3.5795 -44.1112 21.2467 -31.0198 0.5460 1.2548 -77.5247 0.1771 6.5564 9.6985 -15.6872 10.6681 15.3616 -60.5362 1.5688 2.2868 8.0264 15.0533 16.2748 71.5576 -43.7873 -30.3800 0.3463 -0.2847 81.5994 -50.4968 -43.5957 26.6212 15.1301 7.6367 -15.8255 49.8159 -3.2261 -5.1011 19.2870 -17.3606 10.1261 -0.4755 29.0144 -0.9347 -26.8581 -12.1586 0.1498 1.5975 -0.3454 -1.8327 -23.9833 -40.6375 -19.6525 0.6498 34.3669 1.1790 17.2668 4.7028 -2.4912 -1.4080 1.2069 0.7941
-3.8958 90.1160 1.3836 4.6908 2.9491 -2.1147 0.6066 5.9043 0.0656 -0.0537 -2.3370 0.1869 4.3297 20.5415 0.5073 14.6418 23.2095 -2.9747 -2.5799 -3.9408 -9.4522 4.4537 -2.9180 -13.1182 -0.0183 -0.1409 0.0426 0.7943 -10.7791 -3.9144 -0.8074 -10.7537 3.9845 -1.0304 18.8182 -3.7119 -44.1204 20.9594 -31.2789 0.4855 1.2644 -77.4594 0.4182 6.5705 9.7331 -15.7176 10.6780 15.3904 -60.6047 1.5908 2.3315 8.1146 15.0834 16.4200 71.4782 -44.4532 -30.1408 0.2757 -0.3287 81.1062 -50.5918 -43.5954 26.9935 15.2213 7.6318 -15.8430 49.9013 -3.2242 -5.1152 19.2633 -17.4981 10.0990 -0.4606 29.2545 -0.9338 -26.8838 -12.2562 0.1852 1.5973 -0.2872 -1.8342 -24.0759 -40.9551 -19.5423 0.6631 34.8096 1.1914 17.1895 4.4956 -2.4817 -1.4065 1.2196 0.7905
-3.8878 90.0191 1.3678 4.7525 3.0065 -2.1634 0.6378 6.0018 0.0782 -0.0277 -2.2917 0.1626 4.4039 20.7336 0.5182 14.5459 23.1841 -2.9952 -2.5644 -3.9427 -9.5354 4.4630 -2.9837 -13.1132 -0.0279 -0.1376 0.0514 0.7810 -10.7677 -3.8993 -0.8149 -10.7461 3.9916 -1.0893 18.7163 -3.8621 -44.1199 20.6893 -31.5069 0.4497 1.3041 -77.3448 0.6455 6.5137 9.7470 -15.7356 10.6774 15.3968 -60.6453 1.5930 2.3430 8.2039 15.1141 16.6338 71.5364 -45.2511 -30.1451 0.3482 -0.3764 80.6163 -50.7317 -43.4666 27.4004 15.3038 7.6116 -15.8669 49.9723 -3.2117 -5.1286 19.2288 -17.6460 10.0390 -0.4516 29.5391 -0.9371 -26.8922 -12.3840 0.2305 1.6008 -0.2599 -1.8511 -24.1971 -41.2523 -19.4009 0.6708 35.1622 1.1925 17.1675 4.4027 -2.5127 -1.4047 1.2372 0.7864
-3.8499 89.9392 1.3472 4.8081 3.0644 -2.2167 0.6728 6.1018 0.0836 -0.0078 -2.2477 0.1630 4.4614 20.9092 0.5130 14.4690 23.1218 -3.0065 -2.5865 -3.9468 -9.6507 4.4926 -2.9913 -13.1181 -0.0352 -0.1346 0.0579 0.7715 -10.7577 -3.8853 -0.8179 -10.7352 3.9908 -1.1784 18.6453 -4.0296 -44.1196 20.3666 -31.6468 0.4269 1.3291 -77.1699 0.9339 6.4686 9.7102 -15.7317 10.6943 15.4199 -60.6733 1.6076 2.3510 8.2781 15.1363 16.8611 71.6155 -46.1134 -30.1904 0.4493 -0.4529 80.1421 -50.8661 -43.3079 27.7717 15.3466 7.6060 -15.8959 50.0092 -3.1704 -5.1535 19.1704 -17.7877 9.9233 -0.4450 29.8453 -0.9405 -26.8446 -12.5352 0.2779 1.6015 -0.2178 -1.8810 -24.3138 -41.4973 -19.2654 0.6833 35.4034 1.1951 17.1628 4.3983 -2.5478 -1.4030 1.2567 0.7806
-3.7751 89.8887 1.3509 4.8445 3.1248 -2.2647 0.7142 6.1914 0.0741 0.0056 -2.2141 0.1947 4.5051 21.0672 0.4984 14.4143 23.0533 -2.9972 -2.6129 -3.9575 -9.8061 4.5099 -2.9514 -13.1395 -0.0330 -0.1374 0.0528 0.7756 -10.7682 -3.8911 -0.8181 -10.7448 3.9854 -1.2870 18.6262 -4.1812 -44.0834 20.0139 -31.7041 0.4276 1.3471 -76.9293 1.2117 6.3308 9.6570 -15.7064 10.6832 15.4176 -60.6580 1.5967 2.3308 8.3234 15.1308 17.0969 71.6838 -46.9269 -30.2346 0.5275 -0.5224 79.6980 -50.9102 -43.1152 27.9962 15.3888 7.5706 -15.9217 50.0508 -3.1385 -5.1743 19.1046 -17.9214 9.7893 -0.4350 30.1526 -0.9278 -26.7507 -12.6972 0.3507 1.6023 -0.1846 -1.9025 -24.4118 -41.6778 -19.1742 0.6984 35.4849 1.2073 17.2030 4.4617 -2.5697 -1.3998 1.2981 0.7601
-3.6631 89.8584 1.3343 4.8549 3.1907 -2.3190 0.7534 6.2659 0.0748 0.0164 -2.1883 0.2113 4.5115 21.2173 0.4980 14.3525 22.9983 -2.9944 -2.6188 -3.9578 -9.9092 4.4952 -2.9034 -13.1722 -0.0280 -0.1423 0.0444 0.7830 -10.7901 -3.9030 -0.8154 -10.7690 3.9777 -1.3779 18.6310 -4.3003 -44.0457 19.6927 -31.7078 0.4957 1.3510 -76.6661 1.4706 6.1838 9.5944 -15.6722 10.6820 15.4174 -60.6646 1.5942 2.2890 8.3257 15.1027 17.3387 71.6773 -47.5927 -30.1219 0.5366 -0.5893 79.2891 -50.9184 -42.9023 28.0951 15.3926 7.5786 -15.9555 50.0797 -3.1004 -5.1875 19.0104 -18.0815 9.6734 -0.4204 30.5136 -0.9113 -26.5759 -12.8925 0.4220 1.6024 -0.1528 -1.9203 -24.4628 -41.7994 -19.0671 0.6927 35.4764 1.1984 17.2644 4.5198 -2.5996 -1.3956 1.3718 0.7395
-3.5122 89.8339 1.3176 4.8418 3.2548 -2.4129 0.7862 6.3204 0.0747 0.0303 -2.1414 0.2323 4.5093 21.3410 0.5128 14.3055 22.9270 -2.9967 -2.6283 -3.9577 -9.9554 4.4937 -2.9187 -13.2246 -0.0249 -0.1479 0.0382 0.7883 -10.8032 -3.9128 -0.8130 -10.7777 3.9717 -1.4612 18.6164 -4.3595 -44.0151 19.3090 -31.6155 0.5156 1.2844 -76.3597 1.6387 6.0802 9.5451 -15.6397 10.6704 15.4118 -60.6533 1.6057 2.2785 8.2800 15.0424 17.5510 71.6461 -48.1434 -29.9382 0.4923 -0.6207 78.9337 -50.7820 -42.7023 27.9608 15.3755 7.5861 -15.9911 50.0342 -3.0754 -5.1826 18.9522 -18.2545 9.5910 -0.4097 30.9065 -0.9041 -26.4281 -13.0943 0.5228 1.6011 -0.1063 -1.9268 -24.5036 -41.8605 -18.9604 0.6760 35.3426 1.1836 17.3401 4.6420 -2.6331 -1.3943 1.4636 0.7208
-3.3269 89.8264 1.2607 4.8050 3.3078 -2.5297 0.8062 6.3671 0.1141 0.0499 -2.1069 0.2244 4.4969 21.4597 0.5470 14.2504 22.9104 -3.0007 -2.6313 -3.9483 -9.9405 4.5037 -2.9921 -13.2968 -0.0278 -0.1495 0.0393 0.7850 -10.8134 -3.9136 -0.8145 -10.7847 3.9742 -1.5398 18.6346 -4.3949 -43.9363 18.9443 -31.4564 0.5480 1.1432 -76.0346 1.7550 6.0180 9.5215 -15.6190 10.6874 15.4177 -60.6520 1.6362 2.3032 8.2193 15.0079 17.7542 71.6704 -48.6224 -29.8017 0.4855 -0.6746 78.6160 -50.5662 -42.4403 27.6567 15.3581 7.5961 -16.0321 49.9932 -3.0870 -5.1983 18.8892 -18.4559 9.5415 -0.4087 31.3589 -0.9244 -26.2752 -13.3023 0.6141 1.5998 -0.0572 -1.9265 -24.5381 -41.8598 -18.8202 0.6466 35.1248 1.1434 17.4086 4.8409 -2.6622 -1.3937 1.5403 0.7146
-3.1143 89.8146 1.2115 4.7572 3.3537 -2.6148 0.8191 6.3911 0.1361 0.0659 -2.0639 0.2296 4.5059 21.5460 0.6176 14.1837 22.9128 -3.0391 -2.6197 -3.9321 -9.9470 4.5170 -3.1043 -13.3600 -0.0324 -0.1463 0.0432 0.7800 -10.8084 -3.9100 -0.8179 -10.7793 3.9780 -1.6130 18.6443 -4.4044 -43.8065 18.6109 -31.2872 0.5286 0.9765 -75.6423 1.8519 5.9910 9.4880 -15.6105 10.7041 15.4198 -60.6607 1.6735 2.3482 8.1610 14.9969 17.9040 71.8352 -49.0317 -29.8166 0.5522 -0.6954 78.4103 -50.4117 -42.1671 27.3343 15.3769 7.6089 -16.0587 49.9761 -3.0979 -5.2099 18.8286 -18.6828 9.4599 -0.4064 31.8492 -0.9350 -26.1332 -13.5073 0.6993 1.6011 -0.0055 -1.9310 -24.5523 -41.8234 -18.7474 0.6249 34.8364 1.1137 17.4463 5.1027 -2.6826 -1.3959 1.5854 0.7131
-2.8723 89.8182 1.1805 4.6972 3.3826 -2.6855 0.8224 6.4142 0.1533 0.0753 -2.0235 0.2559 4.5318 21.6168 0.7063 14.1323 22.9850 -3.0870 -2.6075 -3.9275 -10.0020 4.5451 -3.1912 -13.4398 -0.0339 -0.1405 0.0437 0.7778 -10.8093 -3.9086 -0.8198 -10.7802 3.9778 -1.6695 18.6993 -4.4041 -43.6018 18.3455 -31.1140 0.5383 0.8693 -75.2496 1.9281 6.0129 9.4502 -15.6494 10.7322 15.4395 -60.6839 1.7001 2.4165 8.1021 14.9907 17.9877 71.9986 -49.3436 -29.8394 0.6239 -0.7161 78.2597 -50.3690 -41.9887 27.1933 15.3903 7.6144 -16.0806 50.0062 -3.1153 -5.2372 18.7533 -18.9068 9.4081 -0.4042 32.3216 -0.9434 -25.9377 -13.7027 0.7202 1.6033 0.0160 -1.9344 -24.5534 -41.7419 -18.7521 0.6182 34.4603 1.1097 17.4978 5.4186 -2.6529 -1.3954 1.5785 0.7239
-2.6629 89.8219 1.1708 4.6383 3.3882 -2.7302 0.8184 6.4574 0.2098 0.0933 -2.0066 0.2347 4.5372 21.6772 0.8181 14.1451 23.0773 -3.1094 -2.6423 -3.9251 -10.0958 4.5551 -3.1809 -13.5297 -0.0337 -0.1341 0.0428 0.7792 -10.8066 -3.9091 -0.8194 -10.7815 3.9750 -1.6924 18.7542 -4.3756 -43.4334 18.1429 -30.9072 0.5524 0.8567 -74.8471 2.0088 6.0603 9.4367 -15.6712 10.7458 15.4149 -60.7161 1.7322 2.4481 8.0627 15.0262 18.0652 72.2003 -49.5565 -29.9310 0.6890 -0.7367 78.1031 -50.3613 -41.8559 27.1421 15.3941 7.6063 -16.0813 50.0563 -3.1454 -5.2557 18.6552 -19.1305 9.4112 -0.4027 32.7663 -0.9494 -25.7571 -13.8961 0.6955 1.6049 0.0544 -1.9433 -24.5565 -41.6410 -18.8017 0.5856 34.0704 1.0704 17.5725 5.7482 -2.5880 -1.3958 1.5455 0.7476
-2.4519 89.8455 1.1516 4.5871 3.3789 -2.7170 0.8014 6.4877 0.2242 0.0954 -1.9775 0.2992 4.5685 21.6962 0.9016 14.1663 23.2004 -3.2057 -2.6619 -3.9394 -10.2177 4.5356 -3.0850 -13.5954 -0.0265 -0.1382 0.0351 0.7871 -10.8151 -3.9229 -0.8134 -10.7928 3.9707 -1.6910 18.8180 -4.3340 -43.2491 17.9858 -30.6555 0.5264 0.9295 -74.4608 1.9935 6.1342 9.4230 -15.6832 10.6917 15.3748 -60.6153 1.6947 2.4796 8.0313 15.0404 18.0742 72.4845 -49.6150 -30.1279 0.7362 -0.6857 78.0213 -50.4177 -41.8585 27.2367 15.4216 7.5925 -16.0714 50.0725 -3.1286 -5.2734 18.5676 -19.3305 9.4543 -0.4071 33.1110 -0.9555 -25.6151 -14.0458 0.5913 1.6081 0.0647 -1.9388 -24.5627 -41.4800 -18.9571 0.5758 33.5761 1.0607 17.6777 6.1328 -2.5092 -1.3938 1.4944 0.7720
-2.2482 89.8938 1.1233 4.5323 3.3648 -2.7000 0.7816 6.5254 0.2702 0.1011 -1.9776 0.3256 4.5746 21.7057 0.9882 14.2180 23.3512 -3.2423 -2.6777 -3.9536 -10.3416 4.5218 -2.9423 -13.6670 -0.0142 -0.1404 0.0238 0.8037 -10.8360 -3.9389 -0.8050 -10.8149 3.9596 -1.6190 18.8590 -4.2508 -43.1588 17.8875 -30.3403 0.5245 1.0071 -74.1165 1.9201 6.1890 9.4238 -15.7321 10.6637 15.3771 -60.5736 1.6737 2.4733 8.0013 15.0416 18.0881 72.6742 -49.5158 -30.2435 0.7126 -0.6825 77.9883 -50.4920 -41.9861 27.3480 15.4317 7.6001 -16.0777 50.1062 -3.1226 -5.3040 18.4437 -19.5069 9.5687 -0.4069 33.3855 -0.9688 -25.4480 -14.1676 0.4288 1.6093 0.0486 -1.9350 -24.5520 -41.2739 -19.1020 0.5486 33.0393 1.0290 17.8236 6.5208 -2.4190 -1.3912 1.4486 0.7939
-2.0589 89.9712 1.1024 4.4721 3.3567 -2.6298 0.7608 6.5284 0.2860 0.0966 -1.9794 0.3953 4.5871 21.6877 1.0662 14.2674 23.5494 -3.2685 -2.6840 -3.9670 -10.4689 4.5513 -2.8201 -13.7517 -0.0057 -0.1445 0.0155 0.8120 -10.8398 -3.9471 -0.7969 -10.8191 3.9486 -1.5204 18.8873 -4.1304 -43.0774 17.8575 -30.0349 0.5004 1.0536 -73.7958 1.7601 6.1631 9.4314 -15.7473 10.6088 15.3717 -60.4673 1.6271 2.4723 8.0067 15.0598 18.0865 72.9043 -49.3192 -30.3994 0.6755 -0.6722 78.0249 -50.6500 -42.1860 27.4568 15.4816 7.6201 -16.0556 50.1390 -3.1057 -5.3084 18.3362 -19.6811 9.6824 -0.4147 33.5856 -0.9743 -25.2774 -14.2629 0.2561 1.6120 0.0250 -1.9229 -24.5341 -40.9817 -19.2837 0.5162 32.3638 0.9919 18.0116 6.9531 -2.3696 -1.3884 1.4060 0.7960
-1.8365 90.0438 1.0720 4.4115 3.3399 -2.5308 0.7390 6.5132 0.2994 0.0941 -1.9862 0.4457 4.5855 21.6436 1.1591 14.3266 23.7807 -3.2853 -2.6758 -3.9753 -10.5841 4.5948 -2.7287 -13.8622 0.0018 -0.1441 0.0085 0.8187 -10.8455 -3.9544 -0.7892 -10.8234 3.9397 -1.3984 18.8953 -3.9894 -43.0399 17.9366 -29.7357 0.4600 1.0706 -73.5171 1.5799 6.1041 9.4306 -15.7112 10.5853 15.3539 -60.3773 1.6091 2.4583 8.0488 15.0795 18.0974 73.1475 -49.0742 -30.6270 0.6736 -0.6815 78.0841 -50.8749 -42.4223 27.5488 15.4572 7.6453 -16.0326 50.1399 -3.0967 -5.3094 18.2564 -19.8046 9.7747 -0.4103 33.6905 -0.9484 -25.1484 -14.2863 0.0654 1.6158 -0.0326 -1.9207 -24.5204 -40.6226 -19.4683 0.4930 31.6162 0.9732 18.2197 7.3960 -2.3992 -1.3854 1.3594 0.7918
-1.6336 90.1366 1.0631 4.3464 3.3213 -2.4099 0.7062 6.4890 0.3352 0.0935 -2.0176 0.4718 4.5841 21.6042 1.2639 14.4076 24.0091 -3.2839 -2.6879 -3.9796 -10.6724 4.6612 -2.6499 -13.9991 -0.0047 -0.1419 0.0149 0.8120 -10.8534 -3.9472 -0.7944 -10.8262 3.9467 -1.2554 18.9227 -3.8497 -43.0327 18.0639 -29.4104 0.4082 1.0558 -73.3496 1.4316 6.1084 9.4520 -15.6919 10.5938 15.3696 -60.3633 1.6122 2.4734 8.1111 15.1174 18.0977 73.4031 -48.7787 -30.8750 0.7074 -0.7183 78.1308 -51.1620 -42.6682 27.7853 15.4346 7.6569 -16.0328 50.1381 -3.0977 -5.3276 18.1837 -19.9338 9.8396 -0.4071 33.7907 -0.9260 -25.0189 -14.2973 -0.1369 1.6163 -0.0591 -1.9225 -24.5034 -40.2369 -19.6076 0.4632 30.8955 0.9431 18.3920 7.7941 -2.5165 -1.3843 1.3280 0.7955
-1.4461 90.2332 1.0786 4.2741 3.2926 -2.2797 0.6625 6.4278 0.3557 0.0809 -2.0536 0.5349 4.6049 21.5393 1.3716 14.5162 24.2615 -3.3243 -2.7264 -3.9930 -10.7454 4.7179 -2.5528 -14.1414 -0.0117 -0.1476 0.0222 0.8032 -10.8595 -3.9349 -0.8006 -10.8309 3.9522 -1.1090 18.9474 -3.7032 -43.0501 18.2674 -29.1593 0.3496 1.0140 -73.2321 1.2995 6.1174 9.4875 -15.6481 10.6100 15.3564 -60.3740 1.6230 2.4906 8.1865 15.1694 18.0478 73.6653 -48.4234 -31.0690 0.7383 -0.6990 78.1515 -51.4122 -42.9044 28.0498 15.4090 7.6648 -16.0468 50.1147 -3.0921 -5.3069 18.1223 -20.0044 9.9116 -0.4044 33.7918 -0.8928 -24.9002 -14.2509 -0.3516 1.6175 -0.0537 -1.9221 -24.4917 -39.7773 -19.7395 0.4566 30.0995 0.9477 18.5592 8.2076 -2.6551 -1.3832 1.2897 0.7957
-1.2685 90.3476 1.0965 4.1914 3.2614 -2.1456 0.6090 6.3322 0.3542 0.0615 -2.0937 0.6098 4.6255 21.4638 1.4791 14.6706 24.5169 -3.3618 -2.7789 -4.0079 -10.8327 4.7735 -2.4392 -14.2688 -0.0257 -0.1531 0.0332 0.7875 -10.8705 -3.9198 -0.8131 -10.8376 3.9635 -0.9411 18.9386 -3.5373 -43.1259 18.5040 -28.9895 0.2775 1.0231 -73.1535 1.1453 6.1142 9.5062 -15.6018 10.5939 15.3094 -60.3577 1.6445 2.4619 8.2924 15.2200 17.9833 73.7856 -47.9785 -31.0446 0.6940 -0.6121 78.1801 -51.6363 -43.1534 28.2802 15.3474 7.6961 -16.0733 50.0709 -3.0459 -5.2916 18.0776 -20.0369 9.9974 -0.4077 33.7018 -0.8771 -24.7998 -14.1676 -0.5174 1.6180 -0.0217 -1.9222 -24.4567 -39.2692 -19.8601 0.4414 29.2969 0.9342 18.7052 8.5728 -2.8013 -1.3827 1.2628 0.7994
-1.1050 90.4533 1.1470 4.0991 3.2151 -2.0068 0.5534 6.2165 0.3430 0.0409 -2.1470 0.6582 4.6406 21.3790 1.5993 14.8329 24.7644 -3.3840 -2.8087 -4.0174 -10.9394 4.7839 -2.2418 -14.3490 -0.0372 -0.1565 0.0393 0.7773 -10.8826 -3.9119 -0.8256 -10.8476 3.9705 -0.7841 18.9229 -3.3279 -43.2101 18.7884 -28.8649 0.2488 1.0409 -73.1896 0.9631 6.0528 9.4908 -15.5987 10.5774 15.2581 -60.3906 1.6520 2.4101 8.3947 15.3020 17.9055 73.9012 -47.4760 -30.9447 0.6468 -0.5465 78.2691 -51.8090 -43.3334 28.4440 15.3179 7.7217 -16.1150 50.0210 -2.9727 -5.2906 18.0414 -20.0246 10.1076 -0.4222 33.5580 -0.8770 -24.6723 -14.0732 -0.6670 1.6196 -0.0373 -1.9151 -24.4163 -38.7321 -19.9672 0.4308 28.5057 0.9259 18.8541 8.9136 -2.9355 -1.3825 1.2145 0.8027
-0.9797 90.5786 1.2071 4.0004 3.1630 -1.8746 0.4955 6.0926 0.3465 0.0203 -2.2123 0.6783 4.6492 21.2668 1.7112 15.0290 24.9697 -3.3965 -2.8389 -4.0191 -11.0099 4.7992 -2.0382 -14.4163 -0.0389 -0.1552 0.0373 0.7760 -10.8997 -3.9149 -0.8283 -10.8599 3.9702 -0.6191 18.9206 -3.1173 -43.3162 18.9805 -28.7310 0.2180 1.0273 -73.2688 0.8041 5.9072 9.3735 -15.5877 10.5664 15.2312 -60.4243 1.6607 2.3645 8.4897 15.3733 17.8214 73.8530 -46.9264 -30.6849 0.5554 -0.5033 78.3796 -51.9306 -43.5139 28.5455 15.2721 7.7387 -16.1500 49.9456 -2.9523 -5.2912 18.0080 -19.9754 10.2282 -0.4419 33.3718 -0.9100 -24.5442 -13.9900 -0.7789 1.6191 -0.0318 -1.9055 -24.3610 -38.1695 -20.0532 0.4169 27.7460 0.9166 18.9721 9.1933 -3.0546 -1.3840 1.1530 0.8051
-0.8770 90.6858 1.2464 3.8971 3.1024 -1.7332 0.4390 5.9525 0.3537 -0.0060 -2.2833 0.7041 4.6716 21.1319 1.8009 15.2497 25.1596 -3.3864 -2.8636 -4.0226 -11.0888 4.8292 -1.8397 -14.4899 -0.0320 -0.1502 0.0296 0.7844 -10.9147 -3.9256 -0.8223 -10.8770 3.9622 -0.4587 18.9463 -2.8837 -43.4060 19.1754 -28.6451 0.2598 0.9854 -73.4426 0.6344 5.7549 9.2699 -15.6312 10.5479 15.2204 -60.4768 1.6526 2.3245 8.5693 15.4451 17.7279 73.7937 -46.3767 -30.4150 0.4320 -0.4606 78.5385 -51.9908 -43.6166 28.5555 15.2760 7.7431 -16.1349 49.8821 -2.9157 -5.2886 18.0070 -19.9035 10.2939 -0.4650 33.1922 -0.9575 -24.3905 -13.9182 -0.8406 1.6194 -0.0420 -1.8976 -24.3136 -37.6121 -20.1182 0.4018 27.0431 0.9040 19.0703 9.4508 -3.1745 -1.3856 1.0703 0.8118
-0.8098 90.7976 1.3067 3.7962 3.0385 -1.5819 0.3851 5.7992 0.3746 -0.0345 -2.3521 0.7086 4.6765 20.9283 1.8929 15.4649 25.3177 -3.3715 -2.8618 -4.0206 -11.1573 4.8528 -1.6519 -14.5826 -0.0176 -0.1413 0.0158 0.8013 -10.9252 -3.9483 -0.8102 -10.8919 3.9523 -0.2787 18.9240 -2.6763 -43.5465 19.4345 -28.5837 0.3126 0.9597 -73.6474 0.4773 5.5156 9.1599 -15.6491 10.5369 15.2156 -60.4911 1.6628 2.2860 8.6393 15.4819 17.6451 73.7847 -45.7501 -30.2539 0.3395 -0.3844 78.7266 -52.0440 -43.6590 28.4810 15.2340 7.7428 -16.1087 49.8002 -2.9270 -5.2821 18.0413 -19.7919 10.2858 -0.4810 32.9866 -0.9925 -24.2381 -13.8466 -0.8999 1.6220 -0.0710 -1.8917 -24.2756 -37.0392 -20.1546 0.3807 26.3915 0.8784 19.1661 9.6568 -3.3287 -1.3885 1.0075 0.8218
-0.8019 90.8910 1.3742 3.7051 2.9795 -1.4323 0.3296 5.6362 0.4135 -0.0669 -2.4223 0.7048 4.6862 20.6991 1.9647 15.6503 25.4312 -3.3802 -2.8760 -4.0198 -11.1773 4.8871 -1.4508 -14.7030 -0.0078 -0.1326 0.0087 0.8193 -10.9441 -3.9681 -0.8081 -10.9182 3.9548 -0.0913 18.9010 -2.4979 -43.6738 19.7121 -28.5205 0.3774 0.8850 -73.9078 0.3435 5.3021 9.0648 -15.6797 10.5041 15.2163 -60.4732 1.6566 2.2740 8.6979 15.4921 17.5798 73.8885 -45.1700 -30.3039 0.3082 -0.3448 78.8984 -52.0564 -43.6043 28.3768 15.2158 7.7305 -16.0371 49.7374 -2.9423 -5.2562 18.0887 -19.6490 10.2455 -0.4854 32.7397 -1.0055 -24.1042 -13.7438 -0.9546 1.6256 -0.0816 -1.8813 -24.2376 -36.5322 -20.2014 0.3714 25.8369 0.8728 19.2449 9.8394 -3.4580 -1.3916 0.9499 0.8447
-0.8219 90.9728 1.4762 3.6375 2.9230 -1.2740 0.2638 5.4549 0.4324 -0.1058 -2.4770 0.7543 4.7088 20.4360 1.9982 15.8139 25.4939 -3.4431 -2.8991 -4.0202 -11.1964 4.9067 -1.2859 -14.7818 -0.0040 -0.1301 0.0069 0.8315 -10.9475 -3.9787 -0.8132 -10.9282 3.9617 0.0805 18.8734 -2.3376 -43.7565 20.0028 -28.4885 0.4090 0.8023 -74.1949 0.2386 5.1863 9.0153 -15.6736 10.4716 15.2074 -60.4108 1.6240 2.3036 8.7331 15.4861 17.4839 74.1441 -44.6123 -30.5605 0.3743 -0.3141 79.1093 -52.0896 -43.4863 28.2292 15.2170 7.6991 -15.9615 49.6573 -2.9496 -5.2406 18.1491 -19.4600 10.1945 -0.4819 32.3967 -1.0014 -24.0480 -13.5995 -1.0285 1.6299 -0.0872 -1.8696 -24.1919 -36.0829 -20.3351 0.3758 25.3374 0.8829 19.3040 10.0023 -3.5560 -1.3939 0.9122 0.8665
-0.8550 91.0593 1.5789 3.5816 2.8674 -1.1241 0.2004 5.2785 0.4637 -0.1415 -2.5550 0.7765 4.7152 20.1522 2.0135 15.9393 25.5042 -3.5144 -2.9416 -4.0117 -11.1526 4.9242 -1.1618 -14.8406 -0.0047 -0.1300 0.0110 0.8360 -10.9527 -3.9808 -0.8209 -10.9394 3.9746 0.2636 18.8543 -2.2123 -43.8346 20.3786 -28.4650 0.4819 0.7800 -74.5558 0.1188 5.0874 9.0025 -15.6935 10.4605 15.2273 -60.4203 1.5986 2.3339 8.7277 15.4667 17.3684 74.4062 -44.0443 -30.8623 0.4874 -0.3250 79.3056 -52.1624 -43.3126 28.0594 15.2361 7.6564 -15.8851 49.6119 -2.9995 -5.2086 18.2094 -19.2384 10.1889 -0.4773 31.9913 -0.9977 -24.0322 -13.4517 -1.1218 1.6318 -0.0719 -1.8586 -24.1212 -35.6927 -20.5123 0.3737 24.9285 0.8809 19.3792 10.0824 -3.5348 -1.3948 0.8906 0.8836
-0.9012 91.1272 1.6705 3.5436 2.8217 -0.9999 0.1324 5.0957 0.4710 -0.1703 -2.6348 0.8176 4.7032 19.8446 1.9995 16.0557 25.4715 -3.6003 -2.9855 -4.0086 -11.1161 4.9604 -1.0636 -14.8659 -0.0078 -0.1325 0.0176 0.8368 -10.9566 -3.9782 -0.8277 -10.9424 3.9862 0.4434 18.8469 -2.0795 -43.8751 20.8550 -28.5454 0.5813 0.8773 -74.9141 -0.0456 4.9560 9.0160 -15.7081 10.4443 15.2633 -60.4008 1.5391 2.3877 8.7251 15.4447 17.2499 74.5465 -43.4981 -31.0740 0.5803 -0.3022 79.5115 -52.3757 -43.1790 28.0035 15.2571 7.6277 -15.8312 49.5792 -2.9946 -5.2115 18.2834 -18.9836 10.2696 -0.4662 31.4992 -0.9833 -24.0886 -13.2659 -1.2078 1.6325 -0.0869 -1.8454 -24.0557 -35.3627 -20.7298 0.3938 24.5748 0.9102 19.4483 10.1431 -3.4920 -1.3944 0.8592 0.8989
-0.9796 91.2010 1.7712 3.5137 2.8016 -0.9028 0.0681 4.9233 0.4826 -0.1921 -2.7403 0.8485 4.6577 19.4988 1.9663 16.1538 25.4129 -3.6559 -2.9940 -3.9969 -11.1034 5.0215 -0.9606 -14.8736 -0.0075 -0.1315 0.0210 0.8366 -10.9697 -3.9820 -0.8271 -10.9519 3.9974 0.6549 18.7985 -1.9317 -43.9427 21.3985 -28.6699 0.6799 1.0022 -75.2590 -0.3038 4.9027 8.9904 -15.7188 10.4415 15.2952 -60.4303 1.4989 2.3599 8.6822 15.4166 17.1349 74.5987 -42.8948 -31.2444 0.6621 -0.2481 79.7796 -52.5570 -43.0496 27.8748 15.2949 7.5760 -15.7768 49.5435 -2.9925 -5.1928 18.3509 -18.7093 10.4037 -0.4630 30.9343 -0.9806 -24.2014 -13.0491 -1.2847 1.6359 -0.1478 -1.8372 -23.9555 -35.1028 -20.9641 0.4096 24.2909 0.9185 19.4826 10.1423 -3.4090 -1.3928 0.8454 0.8986
-1.0522 91.2733 1.8495 3.4996 2.8086 -0.8355 0.0121 4.7402 0.4847 -0.2106 -2.8392 0.8474 4.5930 19.1209 1.9249 16.2462 25.3468 -3.7147 -3.0003 -3.9898 -11.0775 5.0785 -0.8637 -14.8472 -0.0018 -0.1313 0.0184 0.8445 -10.9761 -3.9896 -0.8219 -10.9532 3.9967 0.8708 18.7498 -1.8091 -44.0525 21.9795 -28.8576 0.7945 1.1079 -75.5826 -0.5807 4.8882 8.9893 -15.7412 10.4359 15.3201 -60.4241 1.4559 2.3664 8.5506 15.3568 16.9731 74.5677 -42.1972 -31.3552 0.7710 -0.2194 80.0766 -52.5567 -42.8721 27.5051 15.3113 7.5434 -15.7173 49.5649 -2.9393 -5.1950 18.4089 -18.3996 10.5496 -0.4644 30.2670 -0.9781 -24.3548 -12.8018 -1.3148 1.6386 -0.2290 -1.8336 -23.8390 -34.8755 -21.1686 0.4258 24.0219 0.9458 19.4735 10.1159 -3.3946 -1.3898 0.8204 0.8940
-1.1533 91.3788 1.9243 3.4930 2.8814 -0.7740 -0.0389 4.5489 0.4738 -0.2307 -2.9389 0.8594 4.5333 18.7105 1.8589 16.3235 25.2661 -3.7445 -3.0006 -3.9812 -11.0201 5.1402 -0.7314 -14.8015 0.0083 -0.1349 0.0105 0.8564 -10.9758 -4.0042 -0.8146 -10.9549 3.9936 1.1014 18.7044 -1.7152 -44.1914 22.5362 -29.0340 0.9306 1.1830 -75.9449 -0.9015 4.8374 9.0291 -15.7442 10.4208 15.3384 -60.4459 1.4156 2.3602 8.3150 15.2175 16.7412 74.5245 -41.3726 -31.5035 0.9070 -0.1912 80.4745 -52.2010 -42.5697 26.7605 15.3542 7.5195 -15.7119 49.5867 -2.8925 -5.2075 18.4525 -18.1041 10.6998 -0.4645 29.4989 -0.9819 -24.4868 -12.5065 -1.3211 1.6384 -0.3279 -1.8192 -23.7037 -34.6959 -21.3381 0.4456 23.7367 0.9729 19.4289 10.1083 -3.3810 -1.3865 0.7956 0.8716
-1.2739 91.4855 1.9976 3.5152 3.0188 -0.7228 -0.0772 4.3609 0.4343 -0.2500 -3.0145 0.8657 4.4782 18.2507 1.7849 16.3789 25.1454 -3.7679 -3.0037 -3.9660 -10.9060 5.1877 -0.5787 -14.7352 0.0133 -0.1380 0.0071 0.8655 -10.9545 -4.0093 -0.8127 -10.9412 3.9906 1.3371 18.6423 -1.6635 -44.4345 23.0381 -29.2042 1.0122 1.2592 -76.3093 -1.1905 4.6273 9.0940 -15.7146 10.3899 15.3459 -60.4073 1.3827 2.4213 7.9798 15.0225 16.4520 74.4082 -40.4780 -31.6178 1.0142 -0.1665 80.9383 -51.4964 -42.2162 25.6175 15.3911 7.5040 -15.6961 49.6059 -2.8643 -5.1913 18.4642 -17.7926 10.7838 -0.4578 28.6176 -0.9646 -24.6214 -12.1643 -1.2741 1.6385 -0.4503 -1.8037 -23.5750 -34.5986 -21.4794 0.4529 23.4544 0.9855 19.3851 10.1180 -3.3823 -1.3853 0.7660 0.8575
-1.4239 91.5927 2.0772 3.5642 3.1871 -0.6957 -0.1035 4.2061 0.3953 -0.2637 -3.0934 0.8507 4.4247 17.8193 1.6704 16.3630 25.0002 -3.7653 -2.9914 -3.9496 -10.6965 5.2577 -0.4248 -14.6242 0.0052 -0.1388 0.0161 0.8622 -10.9342 -4.0033 -0.8248 -10.9232 4.0057 1.5822 18.5909 -1.6553 -44.7175 23.5130 -29.3109 1.1413 1.3279 -76.8276 -1.5370 4.4380 9.2646 -15.6557 10.3741 15.3360 -60.4146 1.3609 2.4742 7.5759 14.7975 16.1688 74.1650 -39.5339 -31.6953 1.1242 -0.1458 81.6060 -50.4893 -41.6971 24.0470 15.4259 7.5080 -15.6965 49.6160 -2.8172 -5.1474 18.4400 -17.4763 10.8129 -0.4543 27.7174 -0.9603 -24.7637 -11.7978 -1.0979 1.6377 -0.5438 -1.7881 -23.4433 -34.6138 -21.6101 0.4616 23.2939 0.9802 19.3394 10.0961 -3.3553 -1.3867 0.7609 0.8467
-1.5916 91.6989 2.1260 3.6407 3.3575 -0.6852 -0.1102 4.0658 0.3396 -0.2637 -3.1398 0.8359 4.3815 17.4353 1.5347 16.3076 24.8070 -3.7601 -2.9476 -3.9406 -10.4769 5.3202 -0.3235 -14.4373 -0.0002 -0.1405 0.0233 0.8553 -10.9060 -3.9926 -0.8282 -10.8892 4.0115 1.7649 18.4986 -1.6781 -44.9874 23.9781 -29.3949 1.2758 1.4033 -77.4401 -1.9651 4.4570 9.5068 -15.6137 10.3842 15.3159 -60.4002 1.3639 2.5324 7.1752 14.5769 15.9135 73.7248 -38.7178 -31.6736 1.1378 -0.0901 82.3720 -49.2317 -41.1351 22.1102 15.4218 7.5166 -15.6896 49.6076 -2.7856 -5.1163 18.3872 -17.1449 10.7793 -0.4377 26.8261 -0.9308 -24.8975 -11.4263 -0.8467 1.6376 -0.6448 -1.7668 -23.3193 -34.7337 -21.7352 0.4667 23.2706 0.9711 19.2732 9.9968 -3.3411 -1.3901 0.7629 0.8370
-1.7893 91.7679 2.1817 3.7385 3.5040 -0.6860 -0.0898 3.9694 0.2892 -0.2545 -3.1817 0.8008 4.3380 17.1485 1.3893 16.1992 24.6151 -3.7357 -2.8764 -3.9307 -10.2538 5.3604 -0.2125 -14.2270 -0.0011 -0.1396 0.0268 0.8553 -10.8974 -3.9877 -0.8292 -10.8742 4.0135 1.8704 18.3986 -1.7277 -45.1596 24.4553 -29.4501 1.4944 1.4601 -78.2009 -2.4678 4.8069 9.7784 -15.5787 10.3986 15.2834 -60.4435 1.3894 2.5564 6.7886 14.3875 15.6929 73.0579 -38.0564 -31.5099 1.0728 -0.0479 83.1368 -47.9213 -40.5648 20.1672 15.3816 7.5294 -15.6819 49.5732 -2.7720 -5.1032 18.3223 -16.8791 10.7261 -0.4248 26.1268 -0.9228 -25.0363 -11.0998 -0.5530 1.6375 -0.7112 -1.7604 -23.2279 -34.9797 -21.8221 0.4792 23.4827 0.9553 19.1873 9.7818 -3.2731 -1.3932 0.7630 0.8226
-2.0038 91.7772 2.2059 3.8555 3.6105 -0.7200 -0.0410 3.9095 0.2469 -0.2346 -3.2027 0.7465 4.2955 16.9545 1.2317 16.0947 24.4239 -3.7193 -2.7928 -3.9266 -10.0497 5.3480 -0.1584 -13.9987 0.0034 -0.1351 0.0255 0.8557 -10.8966 -3.9874 -0.8199 -10.8632 4.0089 1.8768 18.3010 -1.7666 -45.2317 24.8566 -29.5064 1.6765 1.4660 -78.9217 -2.8854 5.3681 9.9895 -15.5974 10.4321 15.2669 -60.4538 1.4239 2.5741 6.4727 14.2579 15.5312 72.2462 -37.6642 -31.2578 0.9115 0.0513 83.8328 -46.5433 -40.0309 18.2234 15.3644 7.5361 -15.6665 49.5879 -2.7552 -5.1108 18.2787 -16.6771 10.6992 -0.4179 25.6274 -0.9112 -25.2035 -10.8832 -0.3229 1.6369 -0.7474 -1.7559 -23.2010 -35.3394 -21.8371 0.4862 23.9738 0.9405 19.1133 9.4198 -3.2103 -1.3975 0.7905 0.8087
-2.2118 91.7508 2.2113 3.9850 3.6700 -0.7804 0.0380 3.8939 0.2300 -0.2068 -3.2141 0.6614 4.2552 16.8458 1.0956 15.9852 24.2694 -3.6838 -2.7221 -3.9196 -9.8856 5.3123 -0.1435 -13.8017 0.0120 -0.1279 0.0199 0.8609 -10.8961 -3.9915 -0.8077 -10.8570 3.9986 1.7888 18.2005 -1.7807 -45.2572 25.1008 -29.5819 1.7990 1.4193 -79.5261 -3.1409 5.7631 10.1474 -15.6233 10.4591 15.2595 -60.4803 1.4670 2.5682 6.2436 14.1865 15.3902 71.4740 -37.5808 -31.1031 0.8134 0.1373 84.3634 -45.1908 -39.5359 16.4978 15.3369 7.5317 -15.6754 49.6231 -2.7980 -5.1140 18.2408 -16.5398 10.6727 -0.4194 25.3987 -0.9057 -25.3678 -10.8131 -0.1470 1.6372 -0.7538 -1.7644 -23.2217 -35.8138 -21.8231 0.4987 24.7047 0.9287 18.9897 8.9506 -3.0845 -1.4026 0.8534 0.7936
-2.4108 91.6633 2.2253 4.1250 3.6894 -0.8926 0.1389 3.9108 0.2244 -0.1802 -3.1937 0.5851 4.2352 16.7889 0.9592 15.8590 24.1156 -3.6238 -2.6778 -3.9268 -9.7714 5.2695 -0.2025 -13.6496 0.0195 -0.1201 0.0154 0.8699 -10.8958 -3.9951 -0.8001 -10.8560 3.9896 1.6483 18.1558 -1.8046 -45.2771 25.1112 -29.6177 1.7853 1.3495 -80.0293 -3.2065 5.8644 10.2344 -15.6615 10.4347 15.2452 -60.4193 1.4984 2.5839 6.1093 14.1660 15.2774 70.7159 -37.8032 -30.9840 0.7187 0.1813 84.7059 -43.9754 -39.1944 15.1409 15.3422 7.4960 -15.6820 49.6744 -2.8476 -5.1505 18.2142 -16.4601 10.6714 -0.4302 25.3898 -0.9204 -25.5320 -10.8672 0.0096 1.6360 -0.7409 -1.7819 -23.2996 -36.3816 -21.7459 0.5156 25.6448 0.9285 18.8632 8.4106 -2.9132 -1.4074 0.9495 0.7877
-2.6108 91.5319 2.2571 4.2866 3.6638 -1.0073 0.2502 3.9710 0.2161 -0.1499 -3.1496 0.5318 4.2314 16.7985 0.8293 15.7599 23.9700 -3.5562 -2.6325 -3.9360 -9.7389 5.2182 -0.3438 -13.5025 0.0278 -0.1124 0.0085 0.8771 -10.8891 -3.9987 -0.7917 -10.8471 3.9770 1.4886 18.1297 -1.8487 -45.3427 24.9213 -29.6642 1.6890 1.3367 -80.4241 -3.1321 5.7793 10.2727 -15.6662 10.4239 15.2459 -60.3259 1.5104 2.5823 6.0600 14.1859 15.1498 70.0781 -38.3147 -30.9147 0.5912 0.2169 84.8548 -43.0469 -39.1302 14.2887 15.3446 7.4717 -15.6749 49.6900 -2.8878 -5.1864 18.1836 -16.4139 10.6176 -0.4283 25.5584 -0.9213 -25.6944 -10.9926 0.1366 1.6363 -0.7426 -1.8011 -23.4423 -37.0206 -21.6772 0.5280 26.7129 0.9289 18.7430 7.9004 -2.6753 -1.4114 1.0214 0.7775
-2.7697 91.3874 2.2582 4.4422 3.5951 -1.1416 0.3594 4.0558 0.2183 -0.1149 -3.0999 0.4679 4.2427 16.8954 0.7109 15.6863 23.8135 -3.4809 -2.5888 -3.9470 -9.7291 5.1509 -0.5355 -13.3557 0.0329 -0.1044 0.0057 0.8869 -10.8925 -4.0012 -0.7899 -10.8497 3.9712 1.3317 18.1591 -1.9137 -45.4721 24.5630 -29.7243 1.5567 1.3642 -80.7447 -2.9625 5.7026 10.3000 -15.6530 10.4257 15.2533 -60.2683 1.5111 2.5548 6.0905 14.1967 15.0648 69.5647 -39.0355 -30.8882 0.4655 0.1931 84.7957 -42.4831 -39.2447 13.9523 15.3388 7.4491 -15.6429 49.6643 -2.9173 -5.2039 18.1651 -16.3669 10.5412 -0.4162 25.8570 -0.9183 -25.8535 -11.1951 0.2742 1.6335 -0.7388 -1.8234 -23.6013 -37.6597 -21.6176 0.5431 27.8267 0.9369 18.6404 7.4033 -2.3660 -1.4148 1.0741 0.7713
-2.9348 91.2094 2.2214 4.5798 3.4971 -1.2837 0.4519 4.1424 0.2124 -0.0808 -3.0510 0.4232 4.2853 17.0691 0.6082 15.6099 23.7045 -3.4606 -2.5533 -3.9538 -9.6885 5.1111 -0.7522 -13.1876 0.0354 -0.0997 0.0051 0.8918 -10.8893 -3.9988 -0.7914 -10.8440 3.9685 1.1649 18.1883 -2.0073 -45.6389 24.2043 -29.8497 1.4585 1.3853 -81.0079 -2.7940 5.8310 10.3439 -15.6313 10.4301 15.2518 -60.1987 1.4790 2.5156 6.2055 14.2423 15.0353 69.2484 -39.8985 -30.8740 0.3528 0.1732 84.5625 -42.4084 -39.6189 14.1968 15.3731 7.4212 -15.6059 49.6502 -2.9412 -5.2378 18.1587 -16.3649 10.4662 -0.4039 26.2761 -0.9145 -25.9792 -11.3999 0.4270 1.6315 -0.7178 -1.8354 -23.7622 -38.2664 -21.5554 0.5539 28.9237 0.9370 18.5690 6.9263 -2.0301 -1.4168 1.1106 0.7659
-3.0921 91.0297 2.2049 4.6904 3.3718 -1.4533 0.5347 4.2424 0.1980 -0.0400 -2.9966 0.3776 4.3279 17.3228 0.5411 15.5594 23.6492 -3.4741 -2.5148 -3.9431 -9.6283 5.1029 -1.0131 -13.0333 0.0356 -0.0933 0.0076 0.8940 -10.8972 -3.9913 -0.7923 -10.8475 3.9656 1.0129 18.1749 -2.1329 -45.8607 23.8425 -29.9920 1.4155 1.3588 -81.2201 -2.6280 6.1981 10.3582 -15.5922 10.4742 15.2680 -60.2157 1.4629 2.4540 6.3718 14.3083 15.0668 69.1067 -40.8319 -30.8175 0.2388 0.0988 84.2534 -42.8110 -40.1539 14.9581 15.4023 7.3980 -15.5656 49.6533 -2.9636 -5.2589 18.1940 -16.3891 10.3582 -0.3892 26.8068 -0.9143 -26.0930 -11.6024 0.5484 1.6300 -0.6947 -1.8513 -23.9115 -38.8372 -21.4654 0.5656 30.0302 0.9497 18.4976 6.4271 -1.7196 -1.4174 1.1892 0.7601
-3.2301 90.8555 2.1457 4.7756 3.2395 -1.6165 0.5912 4.3360 0.1753 -0.0009 -2.9478 0.3444 4.3798 17.6273 0.5140 15.5676 23.6868 -3.5177 -2.5142 -3.9315 -9.5596 5.1346 -1.1914 -12.9205 0.0388 -0.0903 0.0045 0.8983 -10.9072 -3.9910 -0.7901 -10.8536 3.9583 0.8509 18.1310 -2.2668 -46.0261 23.4816 -30.1129 1.3668 1.2963 -81.3106 -2.4863 6.6507 10.3256 -15.5493 10.4966 15.3036 -60.1785 1.4265 2.3992 6.6023 14.3859 15.1499 69.2211 -41.8110 -30.8269 0.2376 0.0251 83.8690 -43.6138 -40.7583 16.1611 15.4830 7.3713 -15.5437 49.7036 -2.9780 -5.2796 18.2683 -16.4100 10.2169 -0.3906 27.3433 -0.9264 -26.2100 -11.7800 0.6816 1.6281 -0.6502 -1.8668 -24.0290 -39.3291 -21.3956 0.5947 30.9990 0.9918 18.4100 5.9933 -1.4915 -1.4168 1.2823 0.7556
-3.3401 90.7116 2.0889 4.8274 3.1237 -1.8145 0.6264 4.4236 0.1784 0.0290 -2.9259 0.3058 4.4183 17.9890 0.5168 15.6006 23.7925 -3.5515 -2.5116 -3.9133 -9.5340 5.1642 -1.2514 -12.8420 0.0451 -0.0900 -0.0045 0.9073 -10.9371 -3.9988 -0.7864 -10.8793 3.9460 0.6963 18.0818 -2.4055 -46.1300 23.0465 -30.1658 1.2954 1.1477 -81.2098 -2.2269 7.0244 10.2053 -15.5524 10.5172 15.3696 -60.2646 1.4267 2.3754 6.8460 14.4729 15.2798 69.5089 -42.7563 -30.8230 0.3089 -0.0561 83.4641 -44.5344 -41.2169 17.4841 15.5636 7.3612 -15.5591 49.8358 -2.9964 -5.2767 18.3296 -16.4254 10.0259 -0.3833 27.8587 -0.9280 -26.2540 -11.9627 0.8182 1.6232 -0.6001 -1.8877 -24.0791 -39.7474 -21.3101 0.6208 31.8042 1.0386 18.2799 5.6618 -1.3327 -1.4141 1.3636 0.7439
-3.4153 90.6120 2.0577 4.8485 3.0283 -2.0187 0.6589 4.5065 0.1833 0.0482 -2.8924 0.2781 4.4577 18.3264 0.5590 15.6361 23.8923 -3.5747 -2.5331 -3.8971 -9.5568 5.2114 -1.2214 -12.8516 0.0466 -0.0945 -0.0095 0.9074 -10.9632 -4.0002 -0.7831 -10.8986 3.9362 0.5194 18.0323 -2.5255 -46.1646 22.5987 -30.1956 1.2372 0.9854 -80.9034 -1.8581 7.2276 10.0103 -15.5340 10.5213 15.4350 -60.2952 1.4798 2.4156 7.0579 14.5566 15.4274 69.9615 -43.5981 -30.9120 0.4976 -0.0787 83.0827 -45.2403 -41.4274 18.5629 15.6334 7.3431 -15.5924 49.9271 -3.0034 -5.2292 18.4014 -16.4230 9.8568 -0.3769 28.2690 -0.9316 -26.2176 -12.1436 0.9652 1.6189 -0.5526 -1.9075 -24.1057 -40.0654 -21.1861 0.6586 32.3816 1.1045 18.1415 5.4683 -1.2653 -1.4135 1.4376 0.7359
-3.4350 90.5127 2.0333 4.8518 2.9719 -2.2284 0.6826 4.5904 0.2062 0.0644 -2.8690 0.2484 4.4854 18.6113 0.6322 15.6306 23.9977 -3.5628 -2.5446 -3.8709 -9.6072 5.2701 -1.0974 -12.9439 0.0361 -0.1059 -0.0029 0.8944 -10.9685 -3.9863 -0.7911 -10.8979 3.9392 0.3844 18.0342 -2.6279 -46.1979 22.1320 -30.2319 1.2265 0.8659 -80.4644 -1.3768 7.3954 9.8097 -15.5952 10.5065 15.4957 -60.3773 1.5759 2.4599 7.1521 14.6218 15.5660 70.5570 -44.2421 -31.1350 0.7173 -0.0445 82.7818 -45.4940 -41.3763 19.1159 15.6756 7.3650 -15.6782 49.9432 -2.9573 -5.1853 18.4485 -16.4387 9.7631 -0.3728 28.5981 -0.9257 -26.1326 -12.3803 1.1049 1.6164 -0.4928 -1.9236 -24.1353 -40.2967 -20.9936 0.6789 32.7288 1.1461 18.0843 5.4065 -1.2476 -1.4133 1.4932 0.7286
-3.3969 90.4450 2.0091 4.8330 2.9506 -2.3921 0.6838 4.6671 0.2309 0.0891 -2.8410 0.1915 4.4899 18.8010 0.7485 15.5999 24.1364 -3.5394 -2.5618 -3.8566 -9.6633 5.3655 -0.9364 -13.0768 0.0121 -0.1164 0.0172 0.8653 -10.9495 -3.9498 -0.8089 -10.8719 3.9509 0.2607 18.0929 -2.6900 -46.1811 21.7272 -30.2605 1.3088 0.7423 -79.9961 -0.8906 7.7108 9.6513 -15.6621 10.5135 15.5296 -60.4868 1.7029 2.4553 7.1648 14.6973 15.7061 71.1145 -44.5922 -31.3605 0.8508 0.0438 82.7069 -45.5069 -41.2936 19.1987 15.7145 7.3881 -15.8130 49.9115 -2.8676 -5.2131 18.4916 -16.5167 9.7463 -0.3721 28.8843 -0.9233 -26.0700 -12.5659 1.2526 1.6127 -0.4225 -1.9269 -24.1810 -40.4448 -20.7645 0.6495 32.9139 1.0943 18.0526 5.4288 -1.2233 -1.4152 1.4977 0.7266
-3.3090 90.3840 1.9474 4.7884 2.9802 -2.4343 0.6670 4.7009 0.2323 0.1011 -2.8101 0.1475 4.5509 18.9094 0.8903 15.5538 24.3621 -3.5987 -2.5839 -3.8731 -9.6717 5.4892 -0.8081 -13.1971 -0.0148 -0.1279 0.0369 0.8299 -10.9395 -3.9134 -0.8299 -10.8511 3.9651 0.1426 18.2110 -2.6644 -46.0378 21.3545 -30.3976 1.4452 0.6269 -79.5254 -0.5246 8.2400 9.5732 -15.7687 10.5612 15.6148 -60.6041 1.7802 2.4823 7.1302 14.7698 15.7949 71.4459 -44.6983 -31.4333 0.8087 0.1847 82.8591 -45.3992 -41.3276 18.8727 15.7670 7.4347 -15.9289 49.9618 -2.7834 -5.3021 18.5147 -16.6896 9.7304 -0.3671 29.1281 -0.8972 -26.0241 -12.6263 1.3145 1.6027 -0.3325 -1.8984 -24.1712 -40.5374 -20.6973 0.6151 32.9240 0.9918 17.9775 5.4865 -1.1604 -1.4155 1.3905 0.7221
