HIERARCHY
ROOT Hips
{
	OFFSET 0.0000 0.0000 0.0000
	CHANNELS 6 Xposition Yposition Zposition Zrotation Xrotation Yrotation
	JOINT Spine1
	{
		OFFSET -0.0137 5.0038 -0.0537
		CHANNELS 3 Zrotation Xrotation Yrotation
		JOINT Spine2
		{
			OFFSET -0.0000 7.1253 -0.0298
			CHANNELS 3 Zrotation Xrotation Yrotation
			JOINT Chest
			{
				OFFSET -0.0000 7.5501 -0.8160
				CHANNELS 3 Zrotation Xrotation Yrotation
				JOINT Neck1
				{
					OFFSET -0.1817 26.3113 -0.5533
					CHANNELS 3 Zrotation Xrotation Yrotation
					JOINT Neck2
					{
						OFFSET -0.0000 7.7094 2.3026
						CHANNELS 3 Zrotation Xrotation Yrotation
						JOINT Head
						{
							OFFSET -0.0000 6.1289 1.9537
							CHANNELS 3 Zrotation Xrotation Yrotation
							JOINT Jaw
							{
								OFFSET 0.0026 0.4756 3.0949
								CHANNELS 3 Zrotation Xrotation Yrotation
								End Site
								{
									OFFSET 0.0 1.0 0.0
								}
							}
							JOINT LeftEye
							{
								OFFSET 3.2064 5.3802 7.5869
								CHANNELS 3 Zrotation Xrotation Yrotation
								End Site
								{
									OFFSET 0.0 1.0 0.0
								}
							}
							JOINT RightEye
							{
								OFFSET -3.2224 5.3619 7.5582
								CHANNELS 3 Zrotation Xrotation Yrotation
								End Site
								{
									OFFSET 0.0 1.0 0.0
								}
							}
						}
					}
				}
				JOINT LeftShoulder
				{
					OFFSET 1.6217 23.2372 5.1134
					CHANNELS 3 Zrotation Xrotation Yrotation
					JOINT LeftArm
					{
						OFFSET 14.9198 0.0000 -5.5023
						CHANNELS 3 Zrotation Xrotation Yrotation
						JOINT LeftForeArm
						{
							OFFSET 28.7393 0.0000 -0.0026
							CHANNELS 3 Zrotation Xrotation Yrotation
							JOINT LeftHand
							{
								OFFSET 27.0940 -0.0000 0.0026
								CHANNELS 3 Zrotation Xrotation Yrotation
								JOINT LeftHandThumbEnd
								{
									OFFSET 12.2686 -3.2202 4.8331
									CHANNELS 3 Zrotation Xrotation Yrotation
									End Site
									{
										OFFSET 0.0 1.0 0.0
									}
								}
								JOINT LeftHandMiddleEnd
								{
									OFFSET 19.0120 -0.3129 -0.0340
									CHANNELS 3 Zrotation Xrotation Yrotation
									End Site
									{
										OFFSET 0.0 1.0 0.0
									}
								}
							}
						}
					}
				}
				JOINT RightShoulder
				{
					OFFSET -1.3801 23.1803 5.2142
					CHANNELS 3 Zrotation Xrotation Yrotation
					JOINT RightArm
					{
						OFFSET -15.0372 0.0000 -5.5456
						CHANNELS 3 Zrotation Xrotation Yrotation
						JOINT RightForeArm
						{
							OFFSET -28.7366 0.0000 -0.0026
							CHANNELS 3 Zrotation Xrotation Yrotation
							JOINT RightHand
							{
								OFFSET -27.1336 -0.0000 0.0026
								CHANNELS 3 Zrotation Xrotation Yrotation
								JOINT RightHandThumbEnd
								{
									OFFSET -12.2642 -3.2115 4.8040
									CHANNELS 3 Zrotation Xrotation Yrotation
									End Site
									{
										OFFSET 0.0 1.0 0.0
									}
								}
								JOINT RightHandMiddleEnd
								{
									OFFSET -19.0006 -0.3066 -0.0316
									CHANNELS 3 Zrotation Xrotation Yrotation
									End Site
									{
										OFFSET 0.0 1.0 0.0
									}
								}
							}
						}
					}
				}
			}
		}
	}
	JOINT LeftLeg
	{
		OFFSET 10.0432 -8.4345 2.5957
		CHANNELS 3 Zrotation Xrotation Yrotation
		JOINT LeftShin
		{
			OFFSET -0.0000 -43.2218 -0.8029
			CHANNELS 3 Zrotation Xrotation Yrotation
			JOINT LeftFoot
			{
				OFFSET 0.0000 -42.1551 -3.4815
				CHANNELS 3 Zrotation Xrotation Yrotation
				JOINT LeftToeBase
				{
					OFFSET 0.0000 -5.0595 13.2315
					CHANNELS 3 Zrotation Xrotation Yrotation
					End Site
					{
						OFFSET 0.0 1.0 0.0
					}
				}
			}
		}
	}
	JOINT RightLeg
	{
		OFFSET -10.0473 -8.2953 2.6203
		CHANNELS 3 Zrotation Xrotation Yrotation
		JOINT RightShin
		{
			OFFSET 0.0000 -43.3622 -0.8056
			CHANNELS 3 Zrotation Xrotation Yrotation
			JOINT RightFoot
			{
				OFFSET 0.0000 -42.1174 -3.4784
				CHANNELS 3 Zrotation Xrotation Yrotation
				JOINT RightToeBase
				{
					OFFSET -0.0000 -5.0796 13.2842
					CHANNELS 3 Zrotation Xrotation Yrotation
					End Site
					{
						OFFSET 0.0 1.0 0.0
					}
				}
			}
		}
	}
}
MOTION
Frames: 300
Frame Time: 0.033333
1.1628 90.7974 -1.7075 4.6646 -4.1346 -0.7467 0.3364 7.9976 -0.7700 0.0709 -2.3972 -1.7175 1.2670 18.0074 -3.4947 10.3191 15.3597 -0.3196 -4.4838 -4.2117 -15.1902 1.9908 -16.1995 -18.8016 -0.0072 -0.0042 0.0813 0.6792 -10.5842 -3.7425 -0.6855 -10.5397 3.8683 -12.7211 13.9335 -15.6798 -53.7354 -9.5360 -10.5954 -0.0968 0.2222 -90.8127 9.2524 -13.4733 -20.2377 -14.7984 10.8177 15.7429 -59.3129 1.8524 2.3544 12.9063 9.8103 16.8886 36.4290 -26.6827 -7.5429 0.1245 0.5054 97.3415 -28.7410 -12.3065 16.4494 15.9499 7.5987 -16.1321 50.0399 -3.4499 -5.3240 10.4215 -10.0113 21.9866 -0.2672 40.2288 -0.7190 -16.4527 -23.3446 7.1519 1.6253 -0.7119 -2.0745 -14.8646 -39.0630 -27.2995 0.4459 39.6451 0.4095 7.5184 0.1069 5.5514 -1.4347 0.0599 0.8345
1.1316 90.8882 -1.6626 4.6620 -4.0643 -0.7591 0.3616 8.0073 -0.8388 0.1290 -2.3853 -1.6170 1.2835 17.9578 -3.5703 10.3490 15.2106 -0.3172 -4.5182 -4.2424 -15.2314 1.9785 -15.8993 -18.7835 -0.0149 -0.0285 0.0842 0.6637 -10.5954 -3.7415 -0.6848 -10.5548 3.8751 -12.7215 13.9523 -15.6649 -53.7017 -9.5280 -10.5692 -0.0786 0.2125 -90.9212 9.1606 -13.2867 -20.3177 -14.7976 10.7698 15.6864 -59.2439 1.8426 2.3834 12.7722 9.7310 16.8730 36.4542 -26.8483 -7.6548 0.1857 0.4280 97.4264 -28.4871 -12.3354 16.4431 15.9958 7.6578 -16.2212 50.0334 -3.4340 -5.2966 10.3828 -9.9510 21.9814 -0.2920 39.9404 -0.7699 -16.4762 -23.2437 7.0632 1.6348 -0.7469 -2.0736 -14.7955 -38.9593 -27.2346 0.4258 39.4320 0.4024 7.6309 0.2154 5.4016 -1.4418 0.0228 0.8453
1.0691 90.9146 -1.6490 4.6889 -4.0022 -0.7602 0.3816 8.0237 -0.8699 0.1607 -2.3655 -1.5707 1.3094 17.9396 -3.5828 10.4075 15.0937 -0.2887 -4.5541 -4.2708 -15.2906 2.0054 -15.7325 -18.7983 -0.0174 -0.0391 0.0876 0.6543 -10.6143 -3.7391 -0.6800 -10.5738 3.8797 -12.6762 13.9605 -15.7044 -53.6637 -9.4879 -10.4997 -0.0808 0.2114 -91.1331 9.0577 -13.1796 -20.3051 -14.8245 10.7404 15.6768 -59.2374 1.8220 2.4130 12.6302 9.6748 16.8921 36.4986 -27.0045 -7.8326 0.1568 0.3347 97.5742 -28.2940 -12.2181 16.2841 16.0397 7.6703 -16.2899 49.9700 -3.4561 -5.3207 10.3511 -9.9606 22.0094 -0.3018 39.8072 -0.7955 -16.4411 -23.1834 6.9606 1.6435 -0.7338 -2.0790 -14.7501 -39.0294 -27.2452 0.4339 39.4549 0.4172 7.6718 0.2288 5.3728 -1.4418 0.0413 0.8517
0.9697 90.9160 -1.6373 4.7187 -3.9499 -0.7497 0.4021 8.0421 -0.8632 0.1809 -2.3525 -1.5541 1.3439 17.9173 -3.5667 10.4330 15.0363 -0.2813 -4.5645 -4.2780 -15.3257 2.0538 -15.6851 -18.8142 -0.0172 -0.0413 0.0885 0.6528 -10.6291 -3.7424 -0.6777 -10.5880 3.8840 -12.6467 13.9378 -15.7325 -53.6513 -9.4058 -10.4162 -0.1581 0.2349 -91.3142 8.9847 -13.0568 -20.3156 -14.8160 10.7344 15.6757 -59.2575 1.8216 2.4229 12.4904 9.6589 16.9353 36.5609 -27.1177 -8.0394 0.1079 0.3406 97.7061 -28.2090 -12.0978 16.0925 16.0925 7.6700 -16.3313 49.9782 -3.4714 -5.3562 10.3396 -10.0038 22.0510 -0.3028 39.7264 -0.7957 -16.4221 -23.1232 6.8837 1.6459 -0.7279 -2.0909 -14.7172 -39.1138 -27.2837 0.4242 39.5454 0.4026 7.7045 0.1815 5.4389 -1.4405 0.0289 0.8482
0.8709 90.9186 -1.6459 4.7376 -3.9081 -0.7290 0.4373 8.0750 -0.8404 0.1955 -2.3484 -1.5554 1.3634 17.9164 -3.5400 10.4228 14.9678 -0.2896 -4.5504 -4.2770 -15.3278 2.1089 -15.6974 -18.8414 -0.0170 -0.0376 0.0892 0.6502 -10.6341 -3.7456 -0.6740 -10.5939 3.8865 -12.6227 13.9235 -15.7579 -53.6490 -9.3557 -10.3319 -0.2331 0.2468 -91.5026 8.9763 -12.8619 -20.3301 -14.8387 10.7306 15.6530 -59.2841 1.8393 2.3991 12.3718 9.6630 16.9822 36.6745 -27.3044 -8.2732 0.0987 0.3448 97.8530 -28.1107 -12.0348 15.9388 16.1192 7.6600 -16.3431 49.9593 -3.4776 -5.3906 10.3573 -10.0784 22.1020 -0.2975 39.6998 -0.7923 -16.4282 -23.0581 6.7866 1.6447 -0.7154 -2.0872 -14.6594 -39.1904 -27.3422 0.4090 39.6552 0.3810 7.7224 0.1148 5.4989 -1.4380 0.0266 0.8450
0.7635 90.9043 -1.6579 4.7644 -3.8728 -0.7125 0.4705 8.1287 -0.8257 0.2091 -2.3382 -1.5521 1.3585 17.9153 -3.5332 10.3986 14.8954 -0.2931 -4.5364 -4.2763 -15.3235 2.1896 -15.7052 -18.8764 -0.0177 -0.0353 0.0938 0.6473 -10.6323 -3.7416 -0.6724 -10.5916 3.8917 -12.6128 13.9109 -15.7661 -53.6618 -9.3344 -10.2518 -0.2886 0.2991 -91.6664 8.9769 -12.6965 -20.3699 -14.8608 10.7227 15.5966 -59.3102 1.8565 2.3603 12.2800 9.6531 17.0594 36.8179 -27.5324 -8.5051 0.1197 0.3497 97.9808 -27.9922 -12.0120 15.8060 16.1288 7.6357 -16.3337 49.8955 -3.4886 -5.4062 10.3879 -10.1558 22.1637 -0.2935 39.7164 -0.7908 -16.4452 -23.0194 6.7206 1.6431 -0.6940 -2.0837 -14.5947 -39.2875 -27.4203 0.4045 39.7872 0.3729 7.7190 0.0324 5.5468 -1.4368 0.0474 0.8427
0.6409 90.8778 -1.6449 4.7936 -3.8341 -0.6983 0.5005 8.1821 -0.8504 0.2207 -2.3070 -1.5144 1.3395 17.9028 -3.5348 10.3456 14.8101 -0.2928 -4.5173 -4.2773 -15.3092 2.2328 -15.7431 -18.8412 -0.0193 -0.0370 0.0918 0.6414 -10.6303 -3.7445 -0.6699 -10.5924 3.8924 -12.6342 13.8951 -15.7703 -53.6836 -9.2990 -10.2044 -0.3184 0.3523 -91.8013 8.9580 -12.5622 -20.4397 -14.8438 10.7196 15.5755 -59.3187 1.8681 2.3390 12.2144 9.6462 17.1231 36.9817 -27.7327 -8.6996 0.0993 0.3566 98.1254 -27.8358 -11.9876 15.6643 16.1389 7.6271 -16.3475 49.8822 -3.4933 -5.4139 10.4199 -10.2358 22.1639 -0.2839 39.7362 -0.7671 -16.4946 -22.9732 6.6893 1.6430 -0.6786 -2.0822 -14.5191 -39.4065 -27.5182 0.4131 39.9560 0.3825 7.6671 -0.0811 5.5796 -1.4350 0.0432 0.8322
0.5368 90.8301 -1.6632 4.8337 -3.7984 -0.6943 0.5310 8.2541 -0.8472 0.2333 -2.2880 -1.5238 1.2986 17.9123 -3.5344 10.3096 14.7206 -0.2616 -4.5081 -4.2759 -15.2931 2.2844 -15.8031 -18.8298 -0.0226 -0.0368 0.0951 0.6359 -10.6288 -3.7395 -0.6709 -10.5889 3.8957 -12.6795 13.9004 -15.7761 -53.6992 -9.2758 -10.1712 -0.3315 0.3751 -91.9122 8.9491 -12.5038 -20.4841 -14.8177 10.7242 15.5605 -59.3172 1.8644 2.3266 12.1582 9.6600 17.2055 37.1380 -27.9650 -8.8968 0.1008 0.3426 98.2572 -27.7189 -11.9733 15.5473 16.1433 7.6245 -16.3593 49.8515 -3.4883 -5.4127 10.4517 -10.3232 22.1589 -0.2874 39.8176 -0.7628 -16.5718 -22.9660 6.6896 1.6433 -0.6825 -2.0775 -14.4707 -39.5773 -27.5685 0.4153 40.2102 0.3902 7.5913 -0.2324 5.6089 -1.4340 0.0195 0.8262
0.4224 90.7772 -1.6600 4.8797 -3.7603 -0.6879 0.5622 8.3162 -0.8446 0.2348 -2.2698 -1.5213 1.2552 17.9441 -3.5629 10.2722 14.6315 -0.2175 -4.4773 -4.2729 -15.3005 2.2881 -15.8835 -18.7957 -0.0249 -0.0368 0.0963 0.6309 -10.6345 -3.7379 -0.6704 -10.5970 3.8969 -12.7803 13.9041 -15.7905 -53.6679 -9.2170 -10.2169 -0.2797 0.3806 -91.9873 8.9419 -12.4520 -20.5193 -14.8021 10.7066 15.5306 -59.3171 1.8452 2.3171 12.1138 9.6738 17.2695 37.2733 -28.1730 -9.0224 0.0781 0.3149 98.3494 -27.6048 -11.9399 15.4585 16.1660 7.6220 -16.3659 49.8692 -3.4817 -5.3982 10.4654 -10.4159 22.1224 -0.2885 39.9257 -0.7531 -16.6338 -22.9899 6.7109 1.6439 -0.6704 -2.0765 -14.4415 -39.7844 -27.6079 0.4203 40.5204 0.3945 7.5005 -0.4181 5.6791 -1.4343 0.0117 0.8185
0.3216 90.7066 -1.6817 4.9285 -3.7453 -0.6843 0.5910 8.3915 -0.8548 0.2431 -2.2397 -1.5222 1.1998 17.9901 -3.5989 10.2106 14.5404 -0.1793 -4.4365 -4.2616 -15.2912 2.2789 -15.9750 -18.7748 -0.0237 -0.0354 0.0896 0.6318 -10.6357 -3.7437 -0.6689 -10.5980 3.8891 -12.9062 13.9193 -15.8165 -53.6303 -9.2398 -10.2640 -0.2604 0.4004 -91.9848 8.8949 -12.4036 -20.5419 -14.7889 10.7295 15.5453 -59.3551 1.8372 2.3173 12.0521 9.6917 17.3118 37.3930 -28.3737 -9.0672 0.0120 0.2945 98.4338 -27.5136 -11.9047 15.3889 16.1740 7.6294 -16.3774 49.8724 -3.4651 -5.3919 10.4888 -10.5065 22.0636 -0.2906 40.0770 -0.7485 -16.6926 -23.0353 6.7415 1.6455 -0.6597 -2.0785 -14.4446 -39.9983 -27.5957 0.4343 40.8981 0.4129 7.4007 -0.6257 5.7222 -1.4337 0.0388 0.8165
0.2253 90.6209 -1.6817 4.9870 -3.7495 -0.6621 0.6223 8.4581 -0.8640 0.2409 -2.2021 -1.5271 1.1418 18.0642 -3.6457 10.1567 14.4461 -0.1638 -4.4183 -4.2557 -15.3059 2.2862 -16.0838 -18.8131 -0.0215 -0.0349 0.0814 0.6342 -10.6268 -3.7500 -0.6668 -10.5883 3.8779 -13.0897 13.9132 -15.8402 -53.5544 -9.2282 -10.3868 -0.1915 0.4245 -91.9588 8.7963 -12.3959 -20.5536 -14.7997 10.7077 15.5308 -59.3469 1.8183 2.3132 12.0165 9.7269 17.3312 37.5107 -28.6129 -9.1199 0.0242 0.2966 98.5043 -27.4930 -11.9215 15.3742 16.1767 7.6144 -16.3639 49.8545 -3.4768 -5.3751 10.5131 -10.6078 21.9954 -0.2909 40.3049 -0.7354 -16.7286 -23.1207 6.7713 1.6461 -0.6455 -2.0824 -14.4820 -40.2201 -27.5805 0.4450 41.3301 0.4293 7.3057 -0.8616 5.7626 -1.4345 0.0819 0.8144
0.1242 90.5068 -1.6741 5.0463 -3.7850 -0.6371 0.6569 8.5257 -0.8617 0.2352 -2.1693 -1.5446 1.0725 18.1621 -3.6930 10.1109 14.3679 -0.1584 -4.3976 -4.2534 -15.3399 2.2676 -16.2276 -18.8348 -0.0189 -0.0342 0.0710 0.6376 -10.6165 -3.7591 -0.6654 -10.5815 3.8663 -13.2822 13.9074 -15.8854 -53.4785 -9.2732 -10.5138 -0.1395 0.4207 -91.8720 8.6785 -12.4550 -20.5520 -14.8005 10.6952 15.5222 -59.3438 1.8027 2.3073 11.9952 9.7899 17.3229 37.6151 -28.8735 -9.1518 0.0642 0.2658 98.5678 -27.4933 -11.8513 15.3427 16.1940 7.5968 -16.3618 49.8701 -3.4946 -5.3806 10.5498 -10.7040 21.8874 -0.2965 40.6167 -0.7291 -16.7870 -23.2581 6.8046 1.6453 -0.6361 -2.0989 -14.5669 -40.4434 -27.5306 0.4408 41.8394 0.4185 7.2172 -1.1404 5.8103 -1.4356 0.1079 0.8054
0.0340 90.3658 -1.6700 5.0944 -3.8621 -0.6053 0.6880 8.6018 -0.8408 0.2297 -2.1334 -1.5775 1.0115 18.2837 -3.7394 10.0842 14.3306 -0.1624 -4.3926 -4.2607 -15.3613 2.2507 -16.4115 -18.8519 -0.0168 -0.0331 0.0672 0.6416 -10.6027 -3.7605 -0.6655 -10.5692 3.8589 -13.4673 13.9070 -15.9441 -53.4083 -9.3556 -10.6602 -0.0981 0.4092 -91.7303 8.5756 -12.4686 -20.5425 -14.8176 10.6900 15.5163 -59.3677 1.7902 2.2963 11.9834 9.8413 17.3243 37.6787 -29.0725 -9.1626 0.1133 0.2142 98.5907 -27.5677 -11.7122 15.3572 16.1843 7.5572 -16.3377 49.8618 -3.5352 -5.3835 10.6236 -10.8012 21.7597 -0.3052 41.0197 -0.7252 -16.8762 -23.4487 6.8074 1.6430 -0.6332 -2.1118 -14.6870 -40.6649 -27.4661 0.4425 42.4199 0.4187 7.1261 -1.4312 5.8877 -1.4371 0.1052 0.8001
-0.0522 90.2054 -1.6507 5.1187 -3.9732 -0.6014 0.7072 8.6741 -0.8327 0.2312 -2.1004 -1.5963 0.9592 18.4292 -3.7625 10.0712 14.3188 -0.1699 -4.3777 -4.2747 -15.3993 2.2485 -16.6143 -18.8757 -0.0168 -0.0337 0.0679 0.6396 -10.5922 -3.7547 -0.6639 -10.5589 3.8555 -13.5949 13.9041 -15.9979 -53.3540 -9.4784 -10.8126 -0.0759 0.3681 -91.5533 8.4853 -12.4827 -20.5223 -14.8330 10.6986 15.5463 -59.4235 1.7738 2.2959 11.9987 9.9381 17.3041 37.7340 -29.2487 -9.1296 0.1441 0.1364 98.5673 -27.6563 -11.5640 15.3915 16.1746 7.5366 -16.3215 49.8844 -3.5636 -5.3827 10.7393 -10.9061 21.6311 -0.3100 41.4977 -0.7233 -16.9646 -23.7002 6.7912 1.6419 -0.6371 -2.1228 -14.7993 -40.8801 -27.4087 0.4381 43.0430 0.4086 7.0257 -1.7468 5.9599 -1.4356 0.0741 0.7956
-0.1486 90.0341 -1.6058 5.1178 -4.1083 -0.5771 0.7123 8.7336 -0.8302 0.2229 -2.0653 -1.5959 0.9239 18.5460 -3.7906 10.0778 14.3568 -0.2113 -4.3742 -4.2781 -15.3893 2.2468 -16.8218 -18.9021 -0.0174 -0.0370 0.0724 0.6395 -10.5753 -3.7473 -0.6653 -10.5423 3.8584 -13.6708 13.9050 -16.0747 -53.3606 -9.5835 -10.8996 -0.0799 0.3520 -91.4008 8.4353 -12.4105 -20.5045 -14.8604 10.7073 15.5741 -59.4429 1.7705 2.3152 12.0537 10.0061 17.2768 37.8408 -29.2866 -9.1129 0.1878 0.1408 98.4905 -27.7036 -11.5217 15.4378 16.1742 7.5410 -16.3434 49.9169 -3.5914 -5.4012 10.9023 -11.0007 21.5342 -0.3210 41.9800 -0.7258 -17.0450 -23.9544 6.7140 1.6408 -0.6231 -2.1235 -14.9054 -41.0507 -27.4170 0.4613 43.6587 0.4317 6.9457 -2.0686 6.0741 -1.4358 0.0694 0.7995
-0.2016 89.8640 -1.5919 5.0932 -4.2854 -0.5586 0.7091 8.8166 -0.7962 0.2121 -2.0582 -1.6324 0.8958 18.6797 -3.7957 10.0993 14.4518 -0.2366 -4.3530 -4.2706 -15.3678 2.2191 -17.0675 -18.9045 -0.0178 -0.0400 0.0749 0.6377 -10.5698 -3.7409 -0.6650 -10.5379 3.8583 -13.6832 13.9354 -16.1118 -53.3706 -9.6963 -10.9934 -0.0786 0.3110 -91.2864 8.4226 -12.2987 -20.4700 -14.8906 10.7091 15.5610 -59.4875 1.7741 2.3029 12.1698 10.1276 17.2680 37.9108 -29.2761 -9.0788 0.2055 0.0929 98.4172 -27.7428 -11.4557 15.5209 16.1605 7.5331 -16.3401 49.9432 -3.6157 -5.3973 11.0952 -11.0951 21.4546 -0.3394 42.5473 -0.7515 -17.1249 -24.2688 6.6156 1.6381 -0.6200 -2.1151 -15.0168 -41.2074 -27.4102 0.4679 44.3011 0.4386 6.8772 -2.3921 6.2172 -1.4347 0.0840 0.8087
-0.2484 89.6934 -1.5673 5.0567 -4.4602 -0.5478 0.6901 8.8730 -0.8015 0.2046 -2.0395 -1.6291 0.8741 18.7787 -3.7864 10.1517 14.5625 -0.2604 -4.3410 -4.2722 -15.3737 2.1942 -17.2975 -18.9258 -0.0196 -0.0414 0.0761 0.6339 -10.5587 -3.7375 -0.6647 -10.5277 3.8579 -13.6501 13.9366 -16.1235 -53.4266 -9.7718 -11.0618 -0.1053 0.3390 -91.1904 8.4153 -12.2637 -20.4687 -14.9014 10.7201 15.5679 -59.4464 1.7841 2.2952 12.3294 10.2632 17.2326 38.0020 -29.2271 -9.0323 0.2231 0.0952 98.3745 -27.7340 -11.4713 15.6217 16.1549 7.5428 -16.3522 49.9508 -3.6318 -5.4055 11.2789 -11.1700 21.3660 -0.3426 43.0723 -0.7544 -17.1953 -24.5521 6.5525 1.6380 -0.6369 -2.1137 -15.1235 -41.3164 -27.4251 0.4811 44.8459 0.4537 6.8113 -2.6621 6.3507 -1.4348 0.1241 0.8149
-0.2537 89.5277 -1.5659 5.0147 -4.6365 -0.5438 0.6650 8.9094 -0.8110 0.1944 -2.0220 -1.6097 0.8535 18.8893 -3.7911 10.2238 14.6933 -0.2558 -4.3297 -4.2739 -15.3961 2.1962 -17.4785 -18.9762 -0.0227 -0.0426 0.0798 0.6267 -10.5510 -3.7305 -0.6641 -10.5203 3.8606 -13.6027 13.9734 -16.1114 -53.4610 -9.8750 -11.1117 -0.1377 0.3377 -91.1443 8.4556 -12.2098 -20.4772 -14.9143 10.7378 15.5909 -59.4342 1.7905 2.2927 12.5018 10.4035 17.1996 38.0860 -29.1772 -8.9773 0.2431 0.0973 98.3513 -27.7011 -11.4488 15.7083 16.1494 7.5582 -16.3641 49.9456 -3.6263 -5.4107 11.4434 -11.2339 21.2967 -0.3477 43.5716 -0.7545 -17.2316 -24.8315 6.5018 1.6369 -0.6458 -2.1100 -15.2308 -41.3993 -27.4111 0.5027 45.3190 0.4801 6.7520 -2.8840 6.4465 -1.4338 0.1829 0.8156
-0.2219 89.3920 -1.5585 4.9635 -4.8284 -0.5527 0.6253 8.9392 -0.8077 0.1884 -2.0222 -1.6342 0.8271 19.0061 -3.7563 10.3033 14.8682 -0.2442 -4.3362 -4.2724 -15.3911 2.1878 -17.5773 -19.0054 -0.0241 -0.0404 0.0830 0.6212 -10.5472 -3.7243 -0.6617 -10.5197 3.8624 -13.5490 13.9986 -16.0729 -53.4780 -9.8769 -11.1623 -0.1281 0.3384 -91.1787 8.4960 -12.1784 -20.4271 -14.9166 10.7348 15.5854 -59.4236 1.7727 2.2798 12.6770 10.5076 17.1893 38.1627 -29.0073 -8.9320 0.2459 0.0626 98.3824 -27.6522 -11.3311 15.7893 16.1593 7.5587 -16.3671 49.9505 -3.6192 -5.4150 11.5850 -11.2653 21.2523 -0.3461 44.0470 -0.7517 -17.2223 -25.1174 6.4735 1.6368 -0.6917 -2.1064 -15.3682 -41.4137 -27.3076 0.4947 45.7112 0.4697 6.7402 -3.0583 6.4857 -1.4340 0.2178 0.8135
-0.1516 89.2755 -1.5835 4.9086 -5.0165 -0.5812 0.5740 8.9436 -0.8178 0.1783 -2.0176 -1.6441 0.8078 19.1180 -3.7122 10.3886 15.0825 -0.2833 -4.3363 -4.2821 -15.3502 2.1802 -17.6520 -18.9895 -0.0232 -0.0398 0.0828 0.6160 -10.5484 -3.7236 -0.6548 -10.5208 3.8607 -13.5046 14.0691 -16.0247 -53.4750 -9.8698 -11.2216 -0.1021 0.3845 -91.2369 8.5504 -12.1877 -20.4260 -14.9216 10.7352 15.5945 -59.4165 1.7541 2.2845 12.8212 10.5954 17.1360 38.2491 -28.7519 -8.8360 0.2132 0.0686 98.4427 -27.6051 -11.2411 15.8628 16.1738 7.5606 -16.3602 49.9819 -3.6064 -5.4103 11.7118 -11.2674 21.2666 -0.3521 44.4515 -0.7628 -17.1590 -25.3712 6.4667 1.6367 -0.7403 -2.0887 -15.5223 -41.3663 -27.1663 0.4922 45.9664 0.4757 6.7684 -3.1689 6.4867 -1.4347 0.2164 0.8193
-0.0789 89.2000 -1.6186 4.8524 -5.1925 -0.6347 0.5179 8.9370 -0.8013 0.1671 -2.0301 -1.6493 0.7814 19.2282 -3.6856 10.4973 15.3238 -0.3113 -4.3319 -4.2941 -15.3180 2.1891 -17.7152 -18.9718 -0.0223 -0.0375 0.0837 0.6170 -10.5494 -3.7223 -0.6542 -10.5262 3.8619 -13.4605 14.1375 -15.9495 -53.4733 -9.8341 -11.2753 -0.0854 0.3751 -91.2782 8.5944 -12.1221 -20.4184 -14.9376 10.7299 15.5921 -59.4228 1.7421 2.2882 12.9547 10.6646 17.1012 38.3126 -28.4466 -8.7189 0.1817 0.0820 98.5020 -27.6133 -11.1484 15.9581 16.1718 7.5679 -16.3569 50.0085 -3.5882 -5.4129 11.7987 -11.2240 21.2906 -0.3669 44.7492 -0.7807 -17.0938 -25.5813 6.5137 1.6371 -0.7803 -2.0842 -15.6563 -41.2598 -27.0103 0.4891 46.0616 0.4760 6.8312 -3.1984 6.4717 -1.4347 0.1981 0.8174
0.0543 89.1642 -1.6665 4.7889 -5.3571 -0.7129 0.4578 8.9175 -0.7925 0.1456 -2.0372 -1.6368 0.7616 19.3102 -3.6565 10.5871 15.5915 -0.3387 -4.2990 -4.3028 -15.2920 2.1922 -17.7482 -18.8951 -0.0193 -0.0365 0.0805 0.6195 -10.5515 -3.7269 -0.6507 -10.5317 3.8597 -13.4145 14.2215 -15.8629 -53.4910 -9.7854 -11.3079 -0.0793 0.3818 -91.3249 8.6562 -12.1130 -20.4126 -14.9473 10.7144 15.5823 -59.4132 1.7443 2.2863 13.0526 10.7222 17.0381 38.3952 -28.0660 -8.5540 0.1058 0.1264 98.5502 -27.6273 -11.1240 16.0404 16.1788 7.5839 -16.3478 50.0596 -3.5730 -5.4051 11.8419 -11.1386 21.3305 -0.3722 44.9467 -0.7918 -17.0172 -25.7472 6.5602 1.6363 -0.7929 -2.0774 -15.7746 -41.1052 -26.8570 0.4843 45.9859 0.4731 6.8906 -3.1071 6.4763 -1.4345 0.1874 0.8166
0.2035 89.1660 -1.7019 4.7212 -5.4757 -0.8160 0.4001 8.8806 -0.7811 0.1211 -2.0565 -1.6216 0.7400 19.3673 -3.6121 10.6611 15.8346 -0.3663 -4.2612 -4.3025 -15.2659 2.2371 -17.7306 -18.8404 -0.0166 -0.0344 0.0753 0.6220 -10.5547 -3.7319 -0.6478 -10.5350 3.8538 -13.3788 14.2737 -15.7654 -53.5113 -9.7047 -11.3167 -0.1001 0.3764 -91.3587 8.6763 -12.0573 -20.4002 -14.9497 10.7009 15.5799 -59.4274 1.7513 2.2859 13.1265 10.7800 16.9812 38.5019 -27.6840 -8.4102 0.0498 0.1948 98.5777 -27.6446 -11.1188 16.1524 16.1664 7.5942 -16.3502 50.0615 -3.5737 -5.4061 11.8453 -11.0309 21.4116 -0.3739 45.0167 -0.8069 -16.9370 -25.8462 6.6347 1.6362 -0.8116 -2.0782 -15.8497 -40.9239 -26.7268 0.4816 45.7625 0.4745 6.9713 -2.9564 6.4929 -1.4351 0.1648 0.8203
0.4061 89.2160 -1.7599 4.6653 -5.5595 -0.9329 0.3319 8.8302 -0.7742 0.0906 -2.0743 -1.5861 0.7162 19.3955 -3.5776 10.7351 16.0807 -0.3831 -4.2423 -4.3225 -15.1964 2.2790 -17.6826 -18.8127 -0.0144 -0.0352 0.0726 0.6254 -10.5569 -3.7370 -0.6457 -10.5380 3.8493 -13.3655 14.3087 -15.6809 -53.5568 -9.6373 -11.2298 -0.1945 0.3932 -91.4206 8.6926 -11.9232 -20.4196 -14.9460 10.6547 15.5556 -59.3286 1.7564 2.2820 13.2009 10.8531 16.9468 38.5938 -27.3580 -8.3025 0.0394 0.2710 98.6070 -27.6891 -11.1044 16.2389 16.1638 7.5974 -16.3228 50.0661 -3.5759 -5.3840 11.7902 -10.9050 21.5264 -0.3770 44.9783 -0.8186 -16.8196 -25.8937 6.7369 1.6340 -0.8025 -2.0737 -15.9096 -40.7105 -26.6032 0.4762 45.3797 0.4725 7.0541 -2.7287 6.4765 -1.4364 0.1278 0.8382
0.6289 89.3162 -1.8090 4.6109 -5.6057 -1.0778 0.2596 8.7740 -0.7562 0.0664 -2.1111 -1.5526 0.6735 19.4235 -3.5296 10.7714 16.2978 -0.3939 -4.2173 -4.3278 -15.1245 2.3312 -17.6377 -18.7651 -0.0130 -0.0364 0.0667 0.6280 -10.5551 -3.7419 -0.6461 -10.5406 3.8449 -13.3809 14.3516 -15.5840 -53.5409 -9.5717 -11.1516 -0.2919 0.3744 -91.5243 8.6982 -11.7973 -20.4210 -14.9486 10.6362 15.5362 -59.3263 1.7509 2.2606 13.2441 10.9418 16.9101 38.7148 -27.0575 -8.2338 0.0550 0.3522 98.6668 -27.7919 -11.0545 16.3123 16.1402 7.5917 -16.2958 50.0156 -3.5836 -5.3661 11.6806 -10.7632 21.6665 -0.3769 44.8417 -0.8222 -16.6759 -25.8864 6.8581 1.6320 -0.7993 -2.0728 -15.9192 -40.4574 -26.4864 0.4592 44.8256 0.4528 7.1353 -2.4179 6.4827 -1.4371 0.0844 0.8387
0.8568 89.4539 -1.8640 4.5687 -5.6061 -1.2640 0.1833 8.6969 -0.7753 0.0472 -2.1338 -1.4836 0.6208 19.4156 -3.5045 10.7810 16.4718 -0.3846 -4.2212 -4.3398 -15.0513 2.4023 -17.5516 -18.7385 -0.0152 -0.0385 0.0757 0.6255 -10.5508 -3.7324 -0.6476 -10.5374 3.8527 -13.4179 14.3254 -15.4655 -53.4982 -9.4169 -11.1237 -0.3567 0.3815 -91.5854 8.7045 -11.6611 -20.4275 -14.9545 10.6284 15.5436 -59.2734 1.7395 2.2551 13.2790 10.9962 16.8803 38.7771 -26.7663 -8.1327 0.0915 0.3975 98.7355 -27.8937 -10.9921 16.3082 16.1229 7.5865 -16.2688 49.9792 -3.5964 -5.3391 11.5293 -10.5953 21.8457 -0.3712 44.5572 -0.8293 -16.4914 -25.8115 6.9817 1.6303 -0.7821 -2.0707 -15.8966 -40.1803 -26.4244 0.4468 44.0964 0.4478 7.2643 -1.9856 6.4957 -1.4387 0.0122 0.8436
1.1097 89.6255 -1.9229 4.5278 -5.5554 -1.4788 0.1168 8.6230 -0.7724 0.0388 -2.1754 -1.4446 0.5579 19.3856 -3.4609 10.7670 16.6016 -0.3628 -4.2334 -4.3394 -14.9954 2.4745 -17.4344 -18.7072 -0.0171 -0.0362 0.0846 0.6233 -10.5492 -3.7224 -0.6491 -10.5363 3.8606 -13.4354 14.3131 -15.3681 -53.4055 -9.2458 -11.1858 -0.3382 0.3826 -91.6205 8.7626 -11.5632 -20.4166 -14.9296 10.6574 15.5506 -59.2863 1.7384 2.2358 13.2927 11.0184 16.8670 38.8259 -26.4156 -8.0375 0.1316 0.4040 98.8659 -28.0086 -10.8536 16.2710 16.1211 7.6047 -16.2849 49.9583 -3.5847 -5.3441 11.3319 -10.4096 22.0586 -0.3599 44.1630 -0.8264 -16.2705 -25.6775 7.0925 1.6298 -0.7559 -2.0754 -15.8262 -39.8940 -26.3736 0.4374 43.2520 0.4321 7.4380 -1.5143 6.5453 -1.4414 -0.0590 0.8361
1.3615 89.8418 -1.9702 4.4858 -5.4525 -1.7205 0.0531 8.5345 -0.7665 0.0341 -2.2108 -1.3994 0.5064 19.3337 -3.4297 10.7307 16.6861 -0.3296 -4.2384 -4.3355 -14.9360 2.5342 -17.3297 -18.6618 -0.0204 -0.0352 0.0978 0.6197 -10.5553 -3.7077 -0.6523 -10.5425 3.8745 -13.4485 14.3185 -15.3087 -53.2670 -9.0797 -11.2218 -0.2748 0.3744 -91.6813 8.8242 -11.4597 -20.4114 -14.9210 10.6647 15.5287 -59.3184 1.7339 2.2043 13.2600 11.0075 16.8483 38.8255 -25.9675 -7.8992 0.0602 0.3909 99.0584 -28.0630 -10.7736 16.1915 16.1048 7.6195 -16.2882 49.9237 -3.5856 -5.3186 11.1064 -10.2167 22.2747 -0.3445 43.6687 -0.8177 -16.0655 -25.4859 7.2583 1.6256 -0.7439 -2.0716 -15.7095 -39.6024 -26.3262 0.4420 42.3010 0.4398 7.6292 -0.9718 6.5924 -1.4422 -0.1580 0.8243
1.6253 90.0830 -2.0041 4.4430 -5.2921 -1.9382 -0.0056 8.4267 -0.7701 0.0232 -2.2454 -1.3392 0.4737 19.2274 -3.4297 10.6661 16.6936 -0.2939 -4.2498 -4.3289 -14.8724 2.5799 -17.1857 -18.5958 -0.0224 -0.0389 0.1044 0.6162 -10.5495 -3.7010 -0.6524 -10.5378 3.8799 -13.4650 14.3145 -15.2669 -53.0869 -8.8939 -11.1987 -0.2275 0.4068 -91.7354 8.9005 -11.3600 -20.4110 -14.9154 10.6827 15.5189 -59.3186 1.7459 2.1992 13.2396 10.9696 16.8174 38.8427 -25.4926 -7.7896 0.0148 0.4044 99.2754 -28.1079 -10.8143 16.0739 16.0937 7.6535 -16.3076 49.9473 -3.5490 -5.2948 10.8552 -10.0177 22.4724 -0.3187 43.0372 -0.7852 -15.8522 -25.2160 7.4117 1.6245 -0.7414 -2.0671 -15.5568 -39.2648 -26.2884 0.4404 41.2322 0.4412 7.8302 -0.3951 6.5953 -1.4437 -0.2398 0.8143
1.8420 90.3244 -2.0124 4.3972 -5.1164 -2.1723 -0.0520 8.3376 -0.7631 0.0162 -2.2834 -1.3205 0.4622 19.1129 -3.3958 10.6266 16.6588 -0.2476 -4.2721 -4.3219 -14.7849 2.6193 -17.0653 -18.5307 -0.0229 -0.0402 0.1053 0.6166 -10.5603 -3.7031 -0.6531 -10.5483 3.8823 -13.3928 14.3132 -15.2584 -52.9216 -8.7542 -11.1109 -0.1787 0.4067 -91.7787 8.9935 -11.2272 -20.3863 -14.8709 10.6972 15.5101 -59.3456 1.7613 2.2039 13.2093 10.8858 16.7996 38.8514 -25.1138 -7.7277 -0.0148 0.3980 99.4651 -28.1131 -10.8608 15.8974 16.1057 7.6795 -16.3307 49.9711 -3.5191 -5.2902 10.6226 -9.8285 22.6526 -0.3128 42.4158 -0.7917 -15.6981 -24.9475 7.6180 1.6242 -0.7862 -2.0683 -15.3881 -38.9360 -26.1962 0.4432 40.2033 0.4477 7.9766 0.1654 6.5535 -1.4434 -0.3162 0.8095
2.0169 90.5596 -2.0106 4.3484 -4.9297 -2.3635 -0.0882 8.2485 -0.7639 0.0114 -2.3078 -1.3195 0.4775 18.9615 -3.3834 10.5922 16.5931 -0.2279 -4.2771 -4.3129 -14.7305 2.6504 -16.9995 -18.4247 -0.0210 -0.0412 0.0936 0.6188 -10.5641 -3.7178 -0.6511 -10.5516 3.8724 -13.2524 14.3022 -15.2482 -52.8035 -8.6804 -10.9546 -0.1999 0.4042 -91.7722 9.1161 -11.1619 -20.3921 -14.8521 10.6933 15.5076 -59.3686 1.7518 2.2253 13.1906 10.7935 16.7981 38.8590 -24.8668 -7.7128 -0.0281 0.3940 99.6424 -28.0869 -10.9583 15.7028 16.1160 7.6834 -16.3419 49.9580 -3.4991 -5.2923 10.4167 -9.6449 22.7884 -0.3074 41.7795 -0.7891 -15.6066 -24.6527 7.8261 1.6272 -0.8343 -2.0770 -15.2146 -38.6126 -26.1114 0.4456 39.2172 0.4667 8.0942 0.7077 6.4825 -1.4426 -0.3895 0.7997
2.1635 90.7557 -1.9882 4.2975 -4.7699 -2.5074 -0.1038 8.1792 -0.7842 0.0137 -2.3148 -1.3144 0.5139 18.7887 -3.3779 10.5737 16.4836 -0.2126 -4.2827 -4.3041 -14.6965 2.6661 -16.9649 -18.3497 -0.0193 -0.0390 0.0817 0.6186 -10.5612 -3.7320 -0.6472 -10.5478 3.8619 -13.0644 14.2737 -15.2375 -52.7099 -8.6138 -10.7855 -0.2450 0.4027 -91.7613 9.2541 -11.1481 -20.3883 -14.8197 10.7048 15.5390 -59.3669 1.7528 2.2542 13.1668 10.6562 16.7825 38.7821 -24.7146 -7.7229 -0.0297 0.4066 99.7894 -28.0895 -11.1163 15.5057 16.1232 7.6905 -16.3654 49.9364 -3.4889 -5.2955 10.2775 -9.4637 22.8934 -0.3043 41.1868 -0.7887 -15.6177 -24.3559 8.0113 1.6307 -0.8858 -2.0910 -15.0481 -38.3223 -26.0617 0.4363 38.3778 0.4720 8.1757 1.1772 6.4138 -1.4414 -0.4548 0.7911
2.2634 90.8973 -1.9642 4.2479 -4.6326 -2.6234 -0.0964 8.1393 -0.7664 0.0209 -2.3338 -1.3342 0.5745 18.6242 -3.3783 10.5621 16.3880 -0.1904 -4.2786 -4.2944 -14.6964 2.6812 -16.9657 -18.2971 -0.0150 -0.0376 0.0709 0.6216 -10.5679 -3.7474 -0.6410 -10.5533 3.8531 -12.8630 14.2748 -15.2541 -52.6246 -8.5765 -10.6335 -0.2340 0.3873 -91.7796 9.3581 -11.0618 -20.3403 -14.7684 10.6861 15.5275 -59.3357 1.7665 2.2729 13.1559 10.5194 16.7924 38.6250 -24.6889 -7.8081 -0.0333 0.3987 99.9644 -28.1152 -11.3209 15.3316 16.1257 7.6922 -16.3860 49.8862 -3.4737 -5.2936 10.1767 -9.3321 22.9534 -0.3002 40.7486 -0.7836 -15.6728 -24.1566 8.1519 1.6319 -0.9039 -2.1021 -14.9152 -38.1340 -26.0221 0.4197 37.8232 0.4528 8.2728 1.5294 6.4236 -1.4405 -0.5023 0.7829
2.3059 90.9826 -1.8918 4.1937 -4.5403 -2.6611 -0.0645 8.1225 -0.7650 0.0282 -2.3422 -1.3585 0.6575 18.4698 -3.3922 10.5506 16.2936 -0.1830 -4.2844 -4.2877 -14.6955 2.6918 -16.9768 -18.2728 -0.0093 -0.0359 0.0571 0.6285 -10.5741 -3.7649 -0.6364 -10.5558 3.8400 -12.6959 14.2723 -15.2610 -52.5425 -8.5264 -10.5185 -0.2063 0.3739 -91.8109 9.4546 -10.9068 -20.2844 -14.7446 10.6731 15.5145 -59.3405 1.7749 2.2903 13.1205 10.3429 16.8131 38.4088 -24.7631 -7.9447 -0.0275 0.3844 100.1244 -28.1340 -11.6157 15.2252 16.1325 7.6820 -16.4065 49.8170 -3.4859 -5.2884 10.1661 -9.2465 22.9278 -0.3087 40.4740 -0.7930 -15.7850 -24.0152 8.2748 1.6337 -0.8864 -2.1150 -14.8042 -38.0187 -26.0312 0.4130 37.5369 0.4510 8.3414 1.7073 6.4312 -1.4402 -0.5103 0.7760
2.2673 90.9974 -1.8223 4.1372 -4.4690 -2.6325 -0.0074 8.1031 -0.7553 0.0404 -2.3387 -1.3856 0.7489 18.3349 -3.4098 10.5290 16.1590 -0.1599 -4.2657 -4.2718 -14.7491 2.6743 -16.9690 -18.2624 -0.0047 -0.0294 0.0443 0.6345 -10.5803 -3.7833 -0.6327 -10.5591 3.8302 -12.6057 14.2360 -15.2735 -52.4622 -8.4695 -10.4475 -0.1677 0.3461 -91.7879 9.5216 -10.7531 -20.2632 -14.7364 10.6510 15.4794 -59.3208 1.7777 2.2911 13.0690 10.1934 16.8556 38.1568 -24.9397 -8.1013 -0.0499 0.3959 100.2328 -28.1605 -11.9116 15.1887 16.1320 7.6641 -16.4219 49.7558 -3.5185 -5.2933 10.2077 -9.2472 22.8406 -0.3086 40.3958 -0.7928 -15.9284 -23.9410 8.3493 1.6360 -0.8454 -2.1332 -14.7277 -37.9813 -26.0739 0.4026 37.5181 0.4337 8.3761 1.7019 6.4402 -1.4421 -0.4873 0.7665
2.1983 90.9592 -1.7218 4.0957 -4.4391 -2.5707 0.0625 8.1004 -0.7796 0.0602 -2.3214 -1.3859 0.8234 18.2305 -3.4321 10.4797 16.0085 -0.1544 -4.2361 -4.2636 -14.8268 2.6320 -16.9869 -18.2374 -0.0023 -0.0242 0.0308 0.6373 -10.5857 -3.7984 -0.6307 -10.5590 3.8168 -12.5701 14.1754 -15.2542 -52.4480 -8.4482 -10.3668 -0.1615 0.2979 -91.7711 9.5261 -10.6369 -20.2886 -14.7167 10.6548 15.4757 -59.2988 1.7982 2.2946 12.9690 10.1036 16.8800 37.9284 -25.2201 -8.2088 -0.1125 0.4073 100.3285 -28.1805 -12.1576 15.1761 16.1187 7.6343 -16.4291 49.7066 -3.5506 -5.3132 10.2959 -9.2879 22.6758 -0.3008 40.4851 -0.7765 -16.0781 -23.9207 8.3934 1.6375 -0.8051 -2.1469 -14.6871 -38.0364 -26.1343 0.3971 37.7706 0.4292 8.3553 1.5298 6.4592 -1.4426 -0.4575 0.7635
2.0527 90.8765 -1.6233 4.0724 -4.4525 -2.4696 0.1464 8.1279 -0.7832 0.0846 -2.3189 -1.4069 0.8677 18.1685 -3.4394 10.4147 15.8454 -0.1456 -4.2274 -4.2618 -14.8925 2.5844 -17.0047 -18.2291 -0.0018 -0.0235 0.0262 0.6416 -10.5961 -3.8058 -0.6341 -10.5694 3.8150 -12.5849 14.1217 -15.2295 -52.4774 -8.4675 -10.2730 -0.1855 0.2801 -91.7824 9.5052 -10.4988 -20.3176 -14.7203 10.6613 15.4798 -59.3102 1.8121 2.2990 12.8372 10.0486 16.9108 37.7745 -25.5584 -8.3336 -0.1811 0.4294 100.4264 -28.2486 -12.4346 15.1965 16.1257 7.6122 -16.4208 49.7156 -3.5744 -5.3148 10.4302 -9.3667 22.4993 -0.2921 40.7251 -0.7593 -16.2172 -23.9816 8.3791 1.6378 -0.7675 -2.1533 -14.7017 -38.1685 -26.1618 0.3965 38.2937 0.4298 8.2958 1.2100 6.4621 -1.4435 -0.4247 0.7631
1.8812 90.7419 -1.4976 4.0695 -4.4913 -2.3440 0.2312 8.1684 -0.7807 0.1161 -2.2997 -1.4114 0.8879 18.1444 -3.4563 10.3389 15.6840 -0.1314 -4.2291 -4.2703 -14.9591 2.5645 -17.0473 -18.2564 -0.0016 -0.0253 0.0242 0.6446 -10.5991 -3.8063 -0.6369 -10.5670 3.8120 -12.6385 14.0834 -15.2111 -52.5646 -8.5229 -10.1763 -0.2071 0.2631 -91.8201 9.4866 -10.4360 -20.3838 -14.7150 10.6617 15.4850 -59.3001 1.8047 2.3194 12.6903 10.0356 16.9558 37.7168 -25.9811 -8.4927 -0.2209 0.4193 100.5301 -28.3096 -12.6377 15.2295 16.1371 7.5933 -16.4269 49.7003 -3.6041 -5.3301 10.6116 -9.4924 22.3323 -0.2933 41.1044 -0.7578 -16.3537 -24.1127 8.3097 1.6380 -0.7425 -2.1622 -14.7486 -38.3776 -26.2035 0.4094 39.0405 0.4463 8.1739 0.7715 6.4728 -1.4439 -0.3660 0.7646
1.6438 90.5678 -1.4001 4.0911 -4.5637 -2.2037 0.3114 8.2178 -0.7668 0.1400 -2.2777 -1.4178 0.8981 18.1685 -3.4659 10.2602 15.5386 -0.1371 -4.2457 -4.2807 -15.0190 2.5364 -17.1198 -18.3213 -0.0031 -0.0248 0.0313 0.6462 -10.5975 -3.7973 -0.6421 -10.5601 3.8179 -12.7423 14.0493 -15.2021 -52.6812 -8.5801 -10.1163 -0.2011 0.2792 -91.8703 9.4843 -10.5198 -20.4528 -14.7334 10.6698 15.5067 -59.3027 1.7901 2.3401 12.5915 10.0638 17.0126 37.7043 -26.4403 -8.6408 -0.2359 0.3838 100.6218 -28.3700 -12.6947 15.2283 16.1591 7.5875 -16.4255 49.7582 -3.6163 -5.3492 10.8209 -9.6321 22.1888 -0.3008 41.5522 -0.7654 -16.4872 -24.2759 8.1825 1.6392 -0.7027 -2.1659 -14.8514 -38.6389 -26.2419 0.4361 39.9428 0.4688 8.0349 0.2720 6.4982 -1.4442 -0.3066 0.7726
1.3867 90.3631 -1.2748 4.1261 -4.6570 -2.0120 0.3860 8.2676 -0.7607 0.1535 -2.2477 -1.4081 0.9044 18.2242 -3.4871 10.1903 15.4100 -0.1288 -4.2719 -4.2858 -15.1271 2.4975 -17.2191 -18.4108 -0.0047 -0.0220 0.0353 0.6469 -10.5906 -3.7899 -0.6467 -10.5483 3.8199 -12.8581 14.0642 -15.1984 -52.7727 -8.6420 -10.1445 -0.1493 0.2851 -91.9551 9.4654 -10.6907 -20.5172 -14.7384 10.6961 15.5218 -59.3163 1.7802 2.3425 12.5483 10.1184 17.0554 37.7644 -26.8520 -8.7749 -0.2493 0.3181 100.6673 -28.3260 -12.5421 15.2260 16.1589 7.5719 -16.4210 49.7513 -3.6256 -5.3747 11.0505 -9.7910 22.0130 -0.2996 42.0445 -0.7542 -16.6073 -24.4616 7.9854 1.6397 -0.6651 -2.1700 -14.9756 -38.9438 -26.3129 0.4678 40.9752 0.4903 7.8749 -0.3233 6.5452 -1.4440 -0.2454 0.7794
1.1144 90.1599 -1.1684 4.1709 -4.7663 -1.8051 0.4509 8.3168 -0.7520 0.1578 -2.2214 -1.4118 0.9071 18.3055 -3.5015 10.1387 15.2967 -0.1317 -4.3066 -4.2924 -15.2221 2.4240 -17.3362 -18.4985 -0.0062 -0.0180 0.0368 0.6466 -10.5790 -3.7833 -0.6497 -10.5344 3.8163 -12.9782 14.0719 -15.1634 -52.8991 -8.7258 -10.1619 -0.1212 0.3158 -92.0271 9.4037 -10.9058 -20.5332 -14.7710 10.7264 15.5484 -59.3547 1.7748 2.3379 12.5694 10.1926 17.1204 37.8993 -27.2568 -8.9344 -0.2068 0.2429 100.6437 -28.2348 -12.1996 15.1980 16.1615 7.5575 -16.4118 49.7703 -3.6324 -5.3746 11.3002 -9.9306 21.8222 -0.3021 42.5068 -0.7463 -16.7246 -24.6540 7.7584 1.6414 -0.6234 -2.1733 -15.1143 -39.2437 -26.3962 0.4977 42.0305 0.5149 7.7319 -0.9556 6.5713 -1.4425 -0.1789 0.7912
0.7889 89.9509 -1.0686 4.2342 -4.8893 -1.5593 0.4970 8.3630 -0.7327 0.1542 -2.2026 -1.4161 0.9243 18.4142 -3.5025 10.0841 15.2421 -0.1502 -4.3200 -4.2894 -15.3305 2.3682 -17.4619 -18.6018 -0.0091 -0.0171 0.0422 0.6474 -10.5870 -3.7770 -0.6569 -10.5387 3.8225 -13.0871 14.1121 -15.1705 -53.0297 -8.8266 -10.1876 -0.0421 0.3259 -92.1130 9.3060 -11.0814 -20.5129 -14.7810 10.7404 15.5382 -59.3760 1.7647 2.3256 12.6664 10.2782 17.1811 38.1062 -27.6029 -9.1325 -0.1414 0.1824 100.5816 -28.1107 -11.8528 15.2041 16.1268 7.5469 -16.3793 49.7598 -3.6129 -5.3793 11.5433 -10.0594 21.6357 -0.3102 42.9765 -0.7365 -16.8562 -24.8539 7.5384 1.6421 -0.5808 -2.1744 -15.2779 -39.5471 -26.4702 0.5290 43.0818 0.5411 7.5914 -1.5983 6.5870 -1.4412 -0.0912 0.7993
0.5070 89.7497 -0.9747 4.3116 -5.0166 -1.3008 0.5358 8.4041 -0.7261 0.1511 -2.1817 -1.4139 0.9455 18.5169 -3.4880 10.0142 15.2148 -0.1718 -4.3163 -4.2835 -15.4547 2.2950 -17.5897 -18.7107 -0.0110 -0.0182 0.0407 0.6437 -10.5872 -3.7760 -0.6575 -10.5385 3.8197 -13.1633 14.1224 -15.1889 -53.2075 -8.9340 -10.1851 0.0015 0.3554 -92.1743 9.2293 -11.3231 -20.4784 -14.7786 10.7514 15.5328 -59.3508 1.7512 2.3171 12.7964 10.3892 17.2206 38.3415 -27.8218 -9.3085 -0.1083 0.1382 100.5052 -28.0219 -11.6002 15.2431 16.1002 7.5541 -16.3855 49.7672 -3.6090 -5.3890 11.7643 -10.1540 21.4459 -0.3122 43.3633 -0.7337 -16.9739 -25.0107 7.3501 1.6422 -0.5449 -2.1661 -15.4503 -39.8166 -26.5495 0.5586 44.0896 0.5725 7.4593 -2.2373 6.5291 -1.4398 -0.0145 0.8124
0.2352 89.5803 -0.8726 4.4057 -5.1342 -1.0405 0.5673 8.4268 -0.7337 0.1401 -2.1766 -1.4102 0.9697 18.6401 -3.4668 9.9336 15.1943 -0.1847 -4.3219 -4.2760 -15.5556 2.2360 -17.7042 -18.8341 -0.0126 -0.0216 0.0381 0.6413 -10.5910 -3.7774 -0.6590 -10.5428 3.8182 -13.2298 14.1107 -15.2082 -53.3780 -9.0326 -10.1462 0.0126 0.3577 -92.2080 9.1841 -11.5269 -20.4484 -14.8116 10.7501 15.5049 -59.3314 1.7477 2.3014 12.9231 10.4730 17.2375 38.5889 -27.9496 -9.5122 -0.0354 0.1261 100.4097 -27.9824 -11.4481 15.3240 16.0868 7.5646 -16.3777 49.7888 -3.5974 -5.3922 11.9309 -10.1948 21.2452 -0.3178 43.6633 -0.7382 -17.0654 -25.1601 7.2244 1.6417 -0.5378 -2.1512 -15.6345 -40.0521 -26.6323 0.5660 44.9592 0.5818 7.3438 -2.7806 6.4501 -1.4392 0.0501 0.8160
0.0053 89.4434 -0.7820 4.5261 -5.2265 -0.7987 0.5890 8.4329 -0.7530 0.1316 -2.1701 -1.3889 0.9900 18.7355 -3.4643 9.8353 15.1850 -0.1996 -4.3331 -4.2616 -15.6203 2.1686 -17.7774 -18.9600 -0.0146 -0.0234 0.0411 0.6368 -10.5864 -3.7731 -0.6589 -10.5418 3.8216 -13.2774 14.1069 -15.2014 -53.5397 -9.1570 -10.0950 0.0085 0.3760 -92.2369 9.1732 -11.6934 -20.4439 -14.8294 10.7559 15.4889 -59.3107 1.7587 2.2858 13.0006 10.5214 17.2392 38.8395 -27.9536 -9.7307 0.0189 0.1633 100.3482 -27.9388 -11.4183 15.4041 16.0758 7.5727 -16.3577 49.7913 -3.5930 -5.3818 12.0374 -10.1655 21.0693 -0.3271 43.7907 -0.7451 -17.1391 -25.2344 7.1283 1.6405 -0.5596 -2.1319 -15.8300 -40.2496 -26.6886 0.5869 45.6788 0.6144 7.2521 -3.2635 6.3730 -1.4383 0.0909 0.8159
-0.1979 89.3710 -0.6997 4.6621 -5.2953 -0.6014 0.6079 8.4473 -0.7685 0.1310 -2.1795 -1.3952 1.0010 18.7960 -3.4389 9.7471 15.1918 -0.1803 -4.3646 -4.2507 -15.7124 2.1374 -17.8092 -19.0893 -0.0166 -0.0246 0.0469 0.6339 -10.5817 -3.7672 -0.6601 -10.5407 3.8279 -13.3214 14.0994 -15.1846 -53.6738 -9.2424 -10.0185 -0.0136 0.3846 -92.2615 9.1805 -11.8147 -20.4317 -14.8611 10.7489 15.4584 -59.3075 1.7593 2.2634 13.0405 10.5493 17.2710 39.0370 -27.8901 -10.0004 0.0898 0.1785 100.3319 -27.9297 -11.5398 15.5669 16.0463 7.5653 -16.3504 49.8039 -3.6017 -5.3751 12.0791 -10.0816 20.9589 -0.3398 43.7862 -0.7711 -17.2295 -25.2609 7.0467 1.6414 -0.5855 -2.1253 -16.0296 -40.3902 -26.6967 0.5926 46.1996 0.6242 7.1948 -3.6470 6.3090 -1.4379 0.1340 0.8179
-0.3529 89.3445 -0.6330 4.8109 -5.3171 -0.4579 0.6219 8.4373 -0.7899 0.1425 -2.1826 -1.3851 1.0055 18.8072 -3.4248 9.6502 15.2068 -0.1592 -4.3937 -4.2554 -15.7904 2.1013 -17.7953 -19.1843 -0.0170 -0.0299 0.0514 0.6303 -10.5792 -3.7605 -0.6580 -10.5411 3.8326 -13.3727 14.1144 -15.1530 -53.7516 -9.3437 -9.9250 -0.0796 0.3990 -92.2781 9.2055 -11.8815 -20.4684 -14.8591 10.7301 15.4446 -59.2396 1.7487 2.2548 13.0411 10.5523 17.3021 39.1460 -27.7851 -10.2429 0.1542 0.1793 100.3072 -27.9024 -11.6993 15.6992 16.0303 7.5523 -16.3357 49.8498 -3.5890 -5.3573 12.0658 -9.9485 20.9187 -0.3576 43.6058 -0.8027 -17.3121 -25.2039 6.9728 1.6420 -0.6271 -2.1170 -16.2107 -40.4778 -26.6760 0.6038 46.4975 0.6402 7.1876 -3.9194 6.2425 -1.4366 0.1737 0.8162
-0.4797 89.3690 -0.5786 4.9581 -5.3045 -0.3493 0.6381 8.4309 -0.8019 0.1566 -2.1917 -1.3956 1.0239 18.7829 -3.3907 9.5420 15.2166 -0.1360 -4.4119 -4.2716 -15.8731 2.0410 -17.7589 -19.2251 -0.0142 -0.0363 0.0492 0.6303 -10.5738 -3.7616 -0.6522 -10.5420 3.8268 -13.4082 14.1283 -15.1362 -53.8074 -9.4128 -9.8141 -0.1360 0.3830 -92.3212 9.2454 -11.9644 -20.4947 -14.8818 10.7262 15.4386 -59.2199 1.7422 2.2528 12.9990 10.5507 17.3524 39.1635 -27.6075 -10.4671 0.1888 0.2000 100.3067 -27.8619 -11.8307 15.8174 16.0296 7.5413 -16.3340 49.8865 -3.5699 -5.3415 12.0028 -9.7998 20.9250 -0.3652 43.3203 -0.8279 -17.4021 -25.0862 6.9061 1.6415 -0.6757 -2.1072 -16.3698 -40.5304 -26.6253 0.5867 46.6372 0.6162 7.2017 -4.0943 6.2010 -1.4346 0.1890 0.8178
-0.5572 89.4306 -0.5179 5.0852 -5.2492 -0.2594 0.6618 8.4103 -0.8080 0.1767 -2.1985 -1.3954 1.0532 18.7221 -3.3735 9.4071 15.1871 -0.0952 -4.4199 -4.2844 -15.9484 2.0000 -17.6880 -19.2579 -0.0107 -0.0416 0.0392 0.6324 -10.5785 -3.7723 -0.6472 -10.5494 3.8166 -13.4248 14.1354 -15.1334 -53.8168 -9.4065 -9.7301 -0.1687 0.3670 -92.3961 9.2944 -12.0542 -20.4623 -14.8911 10.7096 15.4214 -59.2113 1.7509 2.2525 12.9388 10.5244 17.4087 39.0585 -27.3715 -10.6105 0.1817 0.2333 100.2692 -27.8502 -11.9408 15.9289 16.0518 7.5498 -16.3500 49.9608 -3.5647 -5.3356 11.9125 -9.6446 20.9306 -0.3764 42.9437 -0.8471 -17.4566 -24.8996 6.8605 1.6424 -0.7035 -2.0985 -16.4769 -40.5268 -26.5700 0.5814 46.6293 0.6078 7.2399 -4.1959 6.1127 -1.4358 0.1888 0.8186
-0.6354 89.5117 -0.4752 5.1962 -5.1571 -0.1991 0.6915 8.3882 -0.8080 0.1916 -2.2063 -1.3896 1.1003 18.6445 -3.3625 9.2637 15.1290 -0.0769 -4.4304 -4.2891 -15.9745 1.9831 -17.5775 -19.3067 -0.0080 -0.0443 0.0403 0.6356 -10.5791 -3.7722 -0.6452 -10.5547 3.8172 -13.4422 14.1000 -15.1421 -53.7983 -9.3198 -9.6603 -0.1968 0.3632 -92.5296 9.3481 -12.0628 -20.3930 -14.8951 10.6834 15.4284 -59.1729 1.7646 2.2802 12.8629 10.4833 17.4810 38.8730 -27.1304 -10.7096 0.1566 0.2780 100.2219 -27.8428 -11.9950 15.9928 16.0961 7.5384 -16.3556 49.9868 -3.5757 -5.3513 11.8129 -9.5099 20.9461 -0.3859 42.5322 -0.8554 -17.5127 -24.7106 6.8665 1.6426 -0.7111 -2.0930 -16.5302 -40.5229 -26.5426 0.5585 46.5201 0.5806 7.2935 -4.2462 6.0537 -1.4375 0.1696 0.8144
-0.6960 89.5966 -0.4530 5.2871 -5.0526 -0.1457 0.7184 8.3600 -0.8143 0.2061 -2.2234 -1.3819 1.1445 18.5881 -3.3351 9.1255 15.0644 -0.0371 -4.4290 -4.2813 -16.0062 1.9846 -17.4971 -19.3269 -0.0058 -0.0457 0.0412 0.6365 -10.5812 -3.7713 -0.6423 -10.5596 3.8197 -13.4263 14.0707 -15.1551 -53.7608 -9.2602 -9.5959 -0.2372 0.3120 -92.6955 9.4204 -12.0461 -20.3056 -14.8809 10.6634 15.4416 -59.1738 1.7597 2.2993 12.7596 10.4498 17.5311 38.6937 -26.9439 -10.7888 0.1270 0.3101 100.1522 -27.8444 -12.0202 16.0473 16.1193 7.5449 -16.3765 50.0258 -3.5855 -5.3747 11.6976 -9.4086 20.9580 -0.3846 42.1577 -0.8505 -17.5303 -24.5252 6.8877 1.6429 -0.7236 -2.0938 -16.5324 -40.5318 -26.5414 0.5500 46.3891 0.5618 7.3104 -4.2763 6.0395 -1.4385 0.1517 0.7931
-0.7520 89.6880 -0.4332 5.3546 -4.9317 -0.0975 0.7481 8.3127 -0.8235 0.2137 -2.2362 -1.3565 1.1898 18.5425 -3.3367 9.0075 14.9967 0.0001 -4.4569 -4.2827 -15.9991 2.0178 -17.4172 -19.3850 -0.0026 -0.0429 0.0411 0.6401 -10.5752 -3.7726 -0.6395 -10.5523 3.8201 -13.4139 14.0097 -15.1638 -53.7432 -9.1847 -9.5360 -0.3098 0.3151 -92.8768 9.5166 -12.0780 -20.2894 -14.8946 10.6507 15.4796 -59.1415 1.7490 2.3300 12.6483 10.3792 17.5811 38.4855 -26.7684 -10.8095 0.0720 0.3864 100.0260 -27.8539 -12.0736 16.0704 16.1393 7.5476 -16.3993 50.0664 -3.6138 -5.4028 11.5969 -9.3176 20.9384 -0.3843 41.7647 -0.8393 -17.5291 -24.3028 6.8989 1.6436 -0.7509 -2.0936 -16.4902 -40.5214 -26.5878 0.5496 46.1766 0.5616 7.3251 -4.2391 5.9913 -1.4398 0.1317 0.7800
-0.7825 89.7847 -0.4039 5.3977 -4.8092 -0.0904 0.7739 8.2916 -0.8291 0.2271 -2.2546 -1.3395 1.2183 18.4984 -3.3212 8.9058 14.9157 0.0406 -4.4886 -4.2792 -15.9880 2.0605 -17.3491 -19.4365 -0.0007 -0.0389 0.0433 0.6425 -10.5729 -3.7711 -0.6380 -10.5495 3.8216 -13.3738 13.9850 -15.1687 -53.7752 -9.1440 -9.5211 -0.3444 0.3308 -93.0433 9.5962 -12.1168 -20.2718 -14.9160 10.6523 15.4961 -59.1796 1.7394 2.3412 12.5506 10.3637 17.6283 38.3207 -26.7074 -10.8378 0.0439 0.4118 99.9067 -27.8124 -12.0913 16.0362 16.1410 7.5627 -16.4251 50.1139 -3.6043 -5.4155 11.4959 -9.2614 20.9297 -0.3815 41.4138 -0.8397 -17.5083 -24.0946 6.9244 1.6425 -0.7597 -2.1005 -16.4007 -40.5047 -26.6440 0.5425 45.9462 0.5430 7.3010 -4.1982 5.9719 -1.4396 0.1316 0.7712
-0.8234 89.8879 -0.3922 5.4265 -4.6854 -0.0750 0.7966 8.2750 -0.8192 0.2414 -2.2815 -1.3508 1.2441 18.4713 -3.3083 8.8091 14.8362 0.0839 -4.5257 -4.2769 -15.9727 2.1104 -17.2907 -19.5190 -0.0018 -0.0325 0.0548 0.6413 -10.5631 -3.7582 -0.6393 -10.5365 3.8325 -13.3584 13.9637 -15.1607 -53.7815 -9.0823 -9.5273 -0.3634 0.3499 -93.1989 9.6558 -12.1451 -20.2405 -14.9313 10.6562 15.5021 -59.2083 1.7304 2.3405 12.4792 10.3219 17.6933 38.1611 -26.6723 -10.8653 0.0459 0.4166 99.7768 -27.7978 -12.0842 16.0328 16.1309 7.5858 -16.4375 50.1215 -3.5970 -5.4122 11.3902 -9.2206 20.9356 -0.3802 41.0665 -0.8380 -17.4831 -23.8875 6.9610 1.6433 -0.7397 -2.1107 -16.2838 -40.4726 -26.7234 0.5348 45.6671 0.5290 7.3014 -4.1218 5.9343 -1.4406 0.1449 0.7708
-0.8550 89.9975 -0.3886 5.4410 -4.5623 -0.0802 0.8175 8.2710 -0.8414 0.2540 -2.2956 -1.3321 1.2579 18.4498 -3.3104 8.7242 14.7704 0.1263 -4.5495 -4.2753 -15.9627 2.1606 -17.2480 -19.5518 -0.0062 -0.0258 0.0688 0.6329 -10.5623 -3.7437 -0.6398 -10.5316 3.8469 -13.3427 13.9260 -15.1573 -53.8048 -9.0388 -9.5295 -0.3674 0.4067 -93.2909 9.7238 -12.1915 -20.2689 -14.9211 10.6633 15.5124 -59.2234 1.7272 2.3288 12.3916 10.2539 17.7437 38.0560 -26.6970 -10.8772 0.0679 0.3609 99.7048 -27.7409 -11.9738 15.9574 16.1087 7.5961 -16.4266 50.1067 -3.5671 -5.3833 11.3009 -9.1865 20.9705 -0.3819 40.7161 -0.8584 -17.4594 -23.6926 7.0208 1.6422 -0.7380 -2.1147 -16.1459 -40.4499 -26.8098 0.5383 45.3846 0.5354 7.2894 -4.0188 5.8668 -1.4391 0.1494 0.7681
-0.8587 90.1006 -0.3920 5.4270 -4.4313 -0.0991 0.8489 8.2576 -0.8517 0.2652 -2.3143 -1.3275 1.2738 18.4281 -3.3071 8.6517 14.7280 0.1438 -4.5572 -4.2747 -15.9355 2.1754 -17.2179 -19.5567 -0.0100 -0.0246 0.0771 0.6261 -10.5537 -3.7344 -0.6404 -10.5229 3.8546 -13.3610 13.9123 -15.1812 -53.8233 -9.0141 -9.5154 -0.3751 0.4400 -93.3047 9.7750 -12.2310 -20.3279 -14.8968 10.6451 15.5017 -59.1787 1.7303 2.3309 12.3190 10.1625 17.7805 38.0022 -26.7236 -10.8941 0.1092 0.3518 99.6384 -27.7135 -11.8519 15.9084 16.0807 7.6102 -16.4176 50.0961 -3.5309 -5.3729 11.2221 -9.1775 21.0161 -0.3775 40.3912 -0.8712 -17.4454 -23.5250 7.1269 1.6417 -0.7276 -2.1138 -15.9915 -40.3964 -26.8814 0.5220 45.0472 0.5184 7.2977 -3.8556 5.8136 -1.4394 0.1453 0.7683
-0.8452 90.2062 -0.3977 5.3974 -4.3066 -0.1058 0.8787 8.2456 -0.8641 0.2788 -2.3197 -1.3260 1.2875 18.3867 -3.3242 8.5901 14.6953 0.1700 -4.5488 -4.2620 -15.9200 2.1837 -17.1855 -19.5532 -0.0129 -0.0250 0.0804 0.6201 -10.5515 -3.7328 -0.6400 -10.5217 3.8601 -13.3825 13.9066 -15.2090 -53.8549 -8.9951 -9.5123 -0.3633 0.4514 -93.2571 9.7804 -12.2350 -20.3561 -14.8612 10.6185 15.5016 -59.1423 1.7276 2.3436 12.2604 10.0363 17.7977 37.9879 -26.6754 -10.8936 0.0964 0.3564 99.6252 -27.7203 -11.6561 15.8509 16.0569 7.6249 -16.4264 50.0658 -3.5215 -5.3868 11.1462 -9.1898 21.0358 -0.3741 40.1085 -0.8805 -17.4165 -23.3574 7.2373 1.6417 -0.7493 -2.1194 -15.8268 -40.3245 -26.9678 0.4989 44.7026 0.4879 7.3179 -3.6687 5.7822 -1.4411 0.1511 0.7587
-0.8300 90.2794 -0.4090 5.3557 -4.2097 -0.0977 0.9080 8.2450 -0.8639 0.2894 -2.3137 -1.3524 1.2966 18.3462 -3.3234 8.5543 14.6592 0.1943 -4.5348 -4.2531 -15.8943 2.1880 -17.1392 -19.5423 -0.0111 -0.0242 0.0716 0.6232 -10.5627 -3.7458 -0.6392 -10.5329 3.8540 -13.3715 13.9017 -15.2386 -53.8737 -8.9840 -9.5267 -0.3336 0.4455 -93.1922 9.7366 -12.1931 -20.3376 -14.8503 10.5761 15.4727 -59.1079 1.7276 2.3463 12.2079 9.8947 17.8147 37.9951 -26.6337 -10.9123 0.0664 0.3547 99.6701 -27.7602 -11.5296 15.8242 16.0552 7.6177 -16.4163 50.0446 -3.5271 -5.3847 11.0887 -9.2483 21.0180 -0.3699 39.9828 -0.8864 -17.3822 -23.2619 7.3067 1.6415 -0.7903 -2.1167 -15.7052 -40.2653 -27.0200 0.4866 44.4321 0.4722 7.3434 -3.5030 5.7386 -1.4417 0.1542 0.7512
-0.7941 90.3299 -0.4432 5.3014 -4.1364 -0.0441 0.9405 8.2339 -0.8538 0.2931 -2.3080 -1.3734 1.3269 18.3006 -3.3188 8.5448 14.5991 0.2015 -4.5201 -4.2414 -15.8821 2.2062 -17.0800 -19.5679 -0.0069 -0.0228 0.0608 0.6295 -10.5629 -3.7616 -0.6368 -10.5339 3.8457 -13.3849 13.9082 -15.2887 -53.8448 -8.9598 -9.5955 -0.3065 0.4202 -93.1034 9.6854 -12.1003 -20.2803 -14.8332 10.5463 15.4618 -59.1151 1.7300 2.3589 12.2044 9.8090 17.8166 38.0428 -26.6463 -10.9609 0.0092 0.3932 99.7026 -27.8314 -11.4971 15.9007 16.0676 7.6216 -16.4049 50.0462 -3.5562 -5.3784 11.0695 -9.3749 21.0029 -0.3675 40.0042 -0.8834 -17.3695 -23.2211 7.3148 1.6415 -0.8007 -2.1137 -15.6291 -40.2111 -27.0526 0.4650 44.2249 0.4413 7.4016 -3.3914 5.6855 -1.4436 0.1570 0.7501
-0.7365 90.3291 -0.4666 5.2345 -4.1156 0.0122 0.9677 8.2294 -0.8489 0.2920 -2.3010 -1.3861 1.3576 18.2679 -3.3029 8.5762 14.5118 0.2076 -4.5048 -4.2405 -15.9205 2.2276 -16.9955 -19.5795 -0.0038 -0.0189 0.0558 0.6394 -10.5681 -3.7707 -0.6402 -10.5391 3.8423 -13.3955 13.8821 -15.3136 -53.7627 -8.9016 -9.7300 -0.2548 0.3939 -92.9806 9.6179 -12.0365 -20.2167 -14.8358 10.5486 15.4861 -59.1142 1.7410 2.3749 12.2425 9.7683 17.8073 38.0965 -26.7162 -10.9935 -0.0501 0.4101 99.7072 -27.8899 -11.4482 15.9869 16.0793 7.6013 -16.4004 50.0256 -3.5836 -5.3885 11.0763 -9.5370 20.9631 -0.3576 40.2212 -0.8679 -17.3672 -23.2774 7.2967 1.6423 -0.7937 -2.1183 -15.6036 -40.1700 -27.0264 0.4439 44.1561 0.4158 7.4468 -3.3308 5.5890 -1.4459 0.1716 0.7475
-0.6525 90.2817 -0.4933 5.1505 -4.1653 0.0666 0.9930 8.2193 -0.8172 0.2923 -2.2877 -1.4119 1.3831 18.2550 -3.2954 8.6489 14.4368 0.2210 -4.5001 -4.2519 -15.9751 2.2314 -16.9426 -19.5687 -0.0011 -0.0146 0.0493 0.6480 -10.5566 -3.7777 -0.6433 -10.5253 3.8349 -13.4107 13.8346 -15.2917 -53.6631 -8.8403 -9.9015 -0.2258 0.3657 -92.8265 9.5737 -12.0431 -20.1698 -14.8201 10.5720 15.5248 -59.1173 1.7562 2.3849 12.2960 9.7631 17.7821 38.2045 -26.7764 -11.0063 -0.1067 0.4586 99.6666 -27.9639 -11.3355 16.0513 16.1201 7.5803 -16.3940 50.0073 -3.6100 -5.4010 11.1331 -9.7070 20.9224 -0.3526 40.6026 -0.8597 -17.3618 -23.4170 7.2408 1.6431 -0.7881 -2.1260 -15.6404 -40.1166 -26.9631 0.4208 44.2105 0.3874 7.4799 -3.3058 5.4860 -1.4505 0.1842 0.7460
-0.5470 90.1856 -0.5020 5.0607 -4.2895 0.1243 0.9993 8.2051 -0.7916 0.2892 -2.2783 -1.4258 1.4043 18.2830 -3.2905 8.7541 14.4283 0.2038 -4.5008 -4.2594 -15.9766 2.2210 -16.9310 -19.5618 0.0001 -0.0143 0.0490 0.6558 -10.5444 -3.7766 -0.6491 -10.5148 3.8333 -13.4412 13.7959 -15.2625 -53.5735 -8.8018 -10.0437 -0.2453 0.3171 -92.7096 9.5485 -11.9975 -20.0975 -14.8446 10.5665 15.5391 -59.1355 1.7535 2.3903 12.3872 9.8074 17.7350 38.3469 -26.8352 -10.9951 -0.1710 0.4866 99.5889 -28.0291 -11.1695 16.1047 16.1630 7.5501 -16.3671 50.0254 -3.6293 -5.4026 11.2266 -9.8753 20.9034 -0.3575 41.1370 -0.8582 -17.3622 -23.6597 7.1523 1.6428 -0.7772 -2.1392 -15.7497 -40.0605 -26.8574 0.4086 44.3809 0.3763 7.5322 -3.3381 5.3716 -1.4530 0.2007 0.7428
-0.4100 90.0438 -0.5181 4.9771 -4.5071 0.1571 0.9803 8.2072 -0.7753 0.2791 -2.2532 -1.4266 1.3959 18.3521 -3.2826 8.8972 14.5013 0.1320 -4.4995 -4.2654 -15.9225 2.2163 -16.9664 -19.5144 -0.0029 -0.0147 0.0546 0.6579 -10.5403 -3.7691 -0.6577 -10.5116 3.8392 -13.4630 13.7876 -15.2410 -53.4862 -8.8402 -10.1241 -0.3101 0.2858 -92.6215 9.5146 -12.0444 -20.0675 -14.8493 10.5720 15.5652 -59.1203 1.7564 2.4035 12.4793 9.8873 17.6474 38.5667 -26.9130 -10.9273 -0.2409 0.4428 99.4703 -27.9909 -11.0202 16.1145 16.2097 7.5429 -16.3535 50.0768 -3.6465 -5.4129 11.3593 -9.9973 20.9033 -0.3604 41.7711 -0.8505 -17.3636 -23.9887 7.0144 1.6398 -0.7311 -2.1447 -15.9742 -40.0061 -26.6520 0.4180 44.6799 0.3856 7.6024 -3.4174 5.2832 -1.4528 0.1903 0.7414
-0.2368 89.8689 -0.5294 4.9041 -4.8002 0.1724 0.9397 8.2091 -0.7514 0.2662 -2.2330 -1.4384 1.3601 18.4554 -3.2629 9.0843 14.6498 0.0436 -4.4931 -4.2728 -15.8622 2.2206 -17.0241 -19.5017 -0.0076 -0.0176 0.0664 0.6545 -10.5401 -3.7543 -0.6642 -10.5102 3.8502 -13.5084 13.8225 -15.2109 -53.3759 -8.8494 -10.2081 -0.3816 0.2652 -92.5186 9.5260 -12.2451 -20.0940 -14.8525 10.5834 15.5940 -59.0825 1.7613 2.4082 12.6356 9.9997 17.5537 38.8418 -27.0070 -10.8992 -0.2374 0.3969 99.3433 -27.9668 -10.9747 16.1691 16.2381 7.5662 -16.3672 50.0763 -3.6401 -5.4441 11.5209 -10.0519 20.9194 -0.3625 42.4660 -0.8455 -17.3385 -24.3783 6.8311 1.6390 -0.7145 -2.1512 -16.2840 -39.9133 -26.3591 0.4195 45.0392 0.3907 7.6665 -3.5095 5.2068 -1.4535 0.1703 0.7483
-0.0371 89.6683 -0.5572 4.8179 -5.1374 0.1535 0.8949 8.2174 -0.7158 0.2497 -2.2232 -1.4465 1.3067 18.5983 -3.2501 9.2875 14.8285 -0.0177 -4.4740 -4.2734 -15.8329 2.2504 -17.0926 -19.5132 -0.0111 -0.0191 0.0763 0.6533 -10.5488 -3.7428 -0.6705 -10.5179 3.8598 -13.5758 13.9174 -15.1833 -53.2273 -8.8174 -10.3186 -0.3963 0.2409 -92.4431 9.5244 -12.5725 -20.0953 -14.8831 10.5905 15.5738 -59.1110 1.7686 2.3783 12.8375 10.1544 17.4591 39.1195 -27.1022 -10.8477 -0.2209 0.3542 99.2166 -27.9527 -10.9817 16.2300 16.2327 7.6094 -16.3825 50.0948 -3.6240 -5.4669 11.6872 -10.0840 20.9280 -0.3612 43.2261 -0.8338 -17.2786 -24.8202 6.6321 1.6387 -0.6749 -2.1587 -16.6285 -39.8164 -26.0370 0.4231 45.4493 0.3952 7.7363 -3.5978 5.1614 -1.4530 0.1479 0.7548
0.1669 89.4744 -0.5753 4.7267 -5.4938 0.1213 0.8419 8.2120 -0.6796 0.2289 -2.2222 -1.4478 1.2447 18.7610 -3.2424 9.4763 15.0186 -0.0590 -4.4447 -4.2695 -15.8326 2.2928 -17.1883 -19.5163 -0.0154 -0.0165 0.0889 0.6494 -10.5534 -3.7284 -0.6754 -10.5238 3.8719 -13.6275 14.0381 -15.1128 -53.1243 -8.7155 -10.4734 -0.3768 0.2847 -92.3608 9.5322 -13.0215 -20.1164 -14.8917 10.6349 15.5766 -59.1644 1.7784 2.3474 13.0453 10.3422 17.3799 39.4359 -27.1874 -10.7903 -0.1949 0.3190 99.0789 -27.9080 -11.0009 16.2662 16.2040 7.6354 -16.4025 50.0520 -3.6065 -5.4820 11.8437 -10.0768 20.9046 -0.3513 43.9544 -0.8173 -17.2054 -25.2538 6.4839 1.6370 -0.6208 -2.1672 -16.9704 -39.6746 -25.6983 0.4484 45.8202 0.4327 7.8198 -3.6922 5.0962 -1.4517 0.1543 0.7626
0.3869 89.2904 -0.6033 4.6343 -5.8477 0.0693 0.7780 8.2044 -0.6619 0.2079 -2.2164 -1.4259 1.1830 18.9245 -3.2452 9.6859 15.2279 -0.1007 -4.4341 -4.2778 -15.8491 2.3595 -17.3217 -19.5528 -0.0181 -0.0154 0.0950 0.6457 -10.5622 -3.7233 -0.6775 -10.5319 3.8809 -13.6891 14.1574 -15.0503 -53.0764 -8.5808 -10.5441 -0.3988 0.3139 -92.3233 9.5001 -13.3624 -20.1672 -14.9086 10.6745 15.5828 -59.1992 1.7774 2.3248 13.2752 10.5284 17.3054 39.7461 -27.3110 -10.7837 -0.0976 0.2983 98.9997 -27.8963 -11.0396 16.3194 16.1839 7.6460 -16.4061 50.0666 -3.5979 -5.4782 11.9923 -10.0273 20.8914 -0.3463 44.6232 -0.7994 -17.1275 -25.6630 6.4051 1.6374 -0.5846 -2.1793 -17.2875 -39.5124 -25.3847 0.4662 46.1131 0.4652 7.9269 -3.7265 5.0288 -1.4499 0.1713 0.7723
0.6088 89.1490 -0.6456 4.5347 -6.1766 -0.0060 0.7055 8.1969 -0.6383 0.1852 -2.2251 -1.4075 1.1193 19.0889 -3.2444 9.8939 15.4066 -0.1379 -4.4270 -4.2901 -15.8877 2.4299 -17.4440 -19.5865 -0.0187 -0.0163 0.0986 0.6461 -10.5696 -3.7212 -0.6789 -10.5386 3.8844 -13.7226 14.2615 -14.9573 -53.1112 -8.3762 -10.5749 -0.4083 0.3522 -92.3221 9.4459 -13.6046 -20.2000 -14.9071 10.7268 15.6114 -59.2473 1.7657 2.3028 13.5244 10.6669 17.2372 39.9946 -27.3574 -10.7559 -0.0104 0.2613 98.9357 -27.8983 -11.0977 16.4363 16.1447 7.6564 -16.4120 50.0577 -3.5811 -5.4551 12.1174 -9.9529 20.9158 -0.3378 45.1682 -0.7894 -17.0217 -26.0243 6.3975 1.6374 -0.5580 -2.1834 -17.5462 -39.3169 -25.1130 0.4687 46.2685 0.4747 8.0331 -3.6852 4.9683 -1.4471 0.1807 0.7865
0.8266 89.0464 -0.6900 4.4388 -6.4512 -0.1128 0.6274 8.1995 -0.6110 0.1590 -2.2287 -1.4028 1.0591 19.2229 -3.2432 10.0796 15.5806 -0.1814 -4.4052 -4.3028 -15.8841 2.5153 -17.5797 -19.6179 -0.0179 -0.0167 0.0960 0.6475 -10.5778 -3.7251 -0.6787 -10.5458 3.8819 -13.7167 14.3296 -14.8527 -53.2089 -8.1206 -10.5712 -0.4349 0.3749 -92.3469 9.3798 -13.8054 -20.2351 -14.8700 10.7660 15.6200 -59.2631 1.7676 2.2786 13.7447 10.7335 17.1685 40.1559 -27.2552 -10.6508 0.0255 0.2507 98.8760 -27.9220 -11.1390 16.5434 16.1277 7.6706 -16.4087 50.0279 -3.5603 -5.4321 12.2052 -9.8769 20.9789 -0.3435 45.5963 -0.8017 -16.9157 -26.3372 6.4419 1.6353 -0.5409 -2.1774 -17.7461 -39.1394 -24.8869 0.4732 46.3213 0.4824 8.1449 -3.5818 4.9431 -1.4438 0.1627 0.8027
1.0217 88.9964 -0.7500 4.3477 -6.6658 -0.2122 0.5405 8.1861 -0.6141 0.1300 -2.2202 -1.3801 0.9904 19.3111 -3.2474 10.2405 15.7226 -0.2372 -4.3791 -4.3055 -15.8757 2.5815 -17.6897 -19.6059 -0.0164 -0.0159 0.0852 0.6502 -10.5885 -3.7400 -0.6784 -10.5590 3.8740 -13.7021 14.3777 -14.7533 -53.3063 -7.8284 -10.5535 -0.4705 0.3732 -92.3560 9.2873 -13.9556 -20.2742 -14.8641 10.7994 15.6499 -59.2635 1.7713 2.2650 13.9294 10.7711 17.0931 40.2929 -27.0147 -10.4866 -0.0035 0.2852 98.8041 -27.9342 -11.2262 16.6634 16.0903 7.6705 -16.4023 49.9698 -3.5638 -5.4110 12.2569 -9.7904 21.0592 -0.3457 45.8538 -0.8070 -16.7896 -26.5477 6.5078 1.6343 -0.5378 -2.1718 -17.8737 -38.9264 -24.7021 0.4764 46.1976 0.4926 8.2565 -3.4146 4.9309 -1.4430 0.1428 0.8144
1.1936 89.0126 -0.8259 4.2627 -6.8185 -0.2981 0.4478 8.1620 -0.6157 0.0928 -2.2178 -1.3551 0.9291 19.3740 -3.2549 10.3972 15.8513 -0.2900 -4.3551 -4.3058 -15.8658 2.6558 -17.7634 -19.6105 -0.0131 -0.0159 0.0681 0.6538 -10.5927 -3.7577 -0.6752 -10.5655 3.8565 -13.6828 14.4406 -14.6600 -53.3882 -7.4990 -10.5760 -0.4709 0.3881 -92.3899 9.1988 -14.0490 -20.2472 -14.8632 10.8136 15.6594 -59.3071 1.7771 2.2592 14.1125 10.8389 17.0328 40.4222 -26.7480 -10.3722 -0.0225 0.3055 98.7472 -27.9914 -11.3284 16.8036 16.0668 7.6700 -16.4107 49.9605 -3.5705 -5.4142 12.2730 -9.6824 21.1647 -0.3430 45.9155 -0.8009 -16.6395 -26.6615 6.5667 1.6330 -0.5475 -2.1633 -17.9302 -38.6791 -24.5714 0.4803 45.8964 0.5037 8.3553 -3.1802 4.9108 -1.4422 0.1048 0.8221
1.3442 89.0862 -0.9096 4.1717 -6.9154 -0.3827 0.3530 8.1290 -0.6002 0.0555 -2.2272 -1.3578 0.8670 19.4286 -3.2520 10.5412 15.9782 -0.3549 -4.3422 -4.3104 -15.8176 2.7377 -17.8179 -19.6527 -0.0072 -0.0141 0.0504 0.6624 -10.5983 -3.7769 -0.6716 -10.5751 3.8366 -13.6573 14.5432 -14.5828 -53.4566 -7.2060 -10.6428 -0.4417 0.4159 -92.4056 9.1426 -14.0295 -20.1744 -14.8648 10.8507 15.6602 -59.3672 1.7901 2.2390 14.2820 10.8961 16.9823 40.5223 -26.4580 -10.2545 -0.0127 0.3004 98.6449 -28.0713 -11.4287 16.9145 16.0482 7.6663 -16.4146 49.9422 -3.5809 -5.4020 12.2666 -9.5674 21.2682 -0.3379 45.8065 -0.7908 -16.4501 -26.6721 6.6050 1.6328 -0.5724 -2.1480 -17.8991 -38.3726 -24.4763 0.4764 45.4364 0.5001 8.4483 -2.9070 4.8478 -1.4434 0.0538 0.8384
1.4837 89.2339 -1.0002 4.0814 -6.9477 -0.4351 0.2562 8.0841 -0.6157 0.0294 -2.2329 -1.3301 0.7933 19.4383 -3.2635 10.6537 16.0803 -0.3862 -4.3056 -4.3204 -15.8283 2.8078 -17.8492 -19.6615 -0.0026 -0.0165 0.0313 0.6647 -10.5968 -3.7945 -0.6648 -10.5769 3.8160 -13.6419 14.6252 -14.5063 -53.5056 -6.9556 -10.6632 -0.4563 0.4179 -92.4202 9.0623 -13.9642 -20.0433 -14.8434 10.8875 15.6633 -59.3906 1.8129 2.2290 14.4572 10.9635 16.9300 40.5905 -26.1336 -10.1137 -0.0199 0.3368 98.5190 -28.1502 -11.5811 17.0191 16.0375 7.6646 -16.4466 49.9253 -3.6073 -5.4161 12.2175 -9.4187 21.3472 -0.3173 45.4614 -0.7690 -16.2428 -26.5481 6.6374 1.6319 -0.5979 -2.1364 -17.7848 -38.0133 -24.4582 0.4828 44.7692 0.5160 8.5182 -2.5439 4.7470 -1.4436 0.0067 0.8471
1.5933 89.4312 -1.0766 4.0112 -6.9262 -0.5235 0.1572 8.0430 -0.6120 0.0039 -2.2648 -1.3259 0.6995 19.4452 -3.2741 10.7317 16.1864 -0.4092 -4.2782 -4.3204 -15.8112 2.8887 -17.8396 -19.6815 -0.0009 -0.0197 0.0275 0.6636 -10.6037 -3.7986 -0.6602 -10.5905 3.8116 -13.6230 14.7120 -14.4608 -53.5725 -6.7759 -10.6500 -0.4589 0.4226 -92.3971 8.9843 -13.8531 -19.9404 -14.8326 10.9090 15.6555 -59.4196 1.8370 2.2087 14.5979 11.0271 16.9079 40.6142 -25.8119 -9.9741 -0.0037 0.3527 98.3845 -28.2854 -11.7409 17.1358 15.9994 7.6711 -16.4639 49.9354 -3.6050 -5.3960 12.1336 -9.2458 21.4617 -0.3074 44.9575 -0.7697 -16.0397 -26.3250 6.6830 1.6326 -0.6382 -2.1331 -17.6197 -37.6423 -24.4517 0.4759 43.9723 0.5145 8.5905 -2.1407 4.6547 -1.4440 -0.0465 0.8487
1.7156 89.6692 -1.1309 3.9506 -6.8451 -0.6000 0.0605 7.9945 -0.6308 -0.0173 -2.2927 -1.3016 0.6032 19.4106 -3.2954 10.7849 16.2855 -0.4281 -4.2704 -4.3218 -15.7808 2.9704 -17.7651 -19.6720 -0.0022 -0.0233 0.0306 0.6605 -10.6024 -3.7915 -0.6597 -10.5942 3.8124 -13.5839 14.7722 -14.4511 -53.6460 -6.6510 -10.6019 -0.4301 0.4256 -92.3797 8.9433 -13.7387 -19.8702 -14.7790 10.9019 15.6408 -59.3554 1.8489 2.2032 14.6990 11.0574 16.8730 40.5648 -25.4350 -9.7851 -0.0099 0.3427 98.2705 -28.4019 -11.9766 17.2850 15.9616 7.6753 -16.4777 49.9432 -3.5871 -5.3785 12.0179 -9.0530 21.5928 -0.3162 44.2801 -0.8088 -15.8399 -26.0243 6.7454 1.6318 -0.6622 -2.1320 -17.4080 -37.2507 -24.4928 0.4784 43.0321 0.5252 8.6694 -1.6982 4.5659 -1.4416 -0.0835 0.8430
1.8042 89.9268 -1.1990 3.9090 -6.7227 -0.7185 -0.0321 7.9466 -0.6352 -0.0320 -2.3196 -1.2985 0.5080 19.3297 -3.3032 10.8169 16.4006 -0.4099 -4.2655 -4.3259 -15.7703 3.0273 -17.6555 -19.6519 -0.0050 -0.0256 0.0349 0.6533 -10.6050 -3.7856 -0.6581 -10.5999 3.8160 -13.5317 14.7984 -14.4756 -53.7522 -6.6036 -10.4667 -0.4285 0.4482 -92.3511 8.9709 -13.6604 -19.8465 -14.7418 10.9072 15.6207 -59.3198 1.8613 2.1956 14.7591 11.0659 16.8915 40.4587 -25.0509 -9.6259 -0.0185 0.3472 98.1837 -28.4982 -12.2418 17.4356 15.9455 7.6621 -16.4737 49.9371 -3.5660 -5.3673 11.8884 -8.8533 21.7666 -0.3184 43.5218 -0.8362 -15.6802 -25.6475 6.8349 1.6339 -0.6938 -2.1311 -17.1856 -36.8738 -24.5296 0.4624 42.0455 0.5076 8.7530 -1.2311 4.5349 -1.4409 -0.1191 0.8374
1.8670 90.1978 -1.2472 3.8727 -6.5402 -0.8605 -0.1092 7.8776 -0.6489 -0.0447 -2.3478 -1.2967 0.4315 19.2142 -3.3106 10.8056 16.4950 -0.3889 -4.2826 -4.3264 -15.7095 3.0523 -17.5087 -19.6113 -0.0072 -0.0267 0.0393 0.6459 -10.6089 -3.7819 -0.6549 -10.6037 3.8213 -13.4499 14.7952 -14.5080 -53.8156 -6.6085 -10.3439 -0.4391 0.4603 -92.3295 9.0359 -13.6473 -19.8212 -14.7101 10.9032 15.5966 -59.2880 1.8662 2.1924 14.7480 11.0298 16.9089 40.2906 -24.6554 -9.4282 -0.0456 0.3380 98.1044 -28.5826 -12.5020 17.5634 15.9507 7.6526 -16.4829 49.9538 -3.5481 -5.3625 11.7442 -8.6685 21.9470 -0.3136 42.7112 -0.8484 -15.5508 -25.2201 6.9269 1.6373 -0.7171 -2.1237 -16.8820 -36.5514 -24.6577 0.4541 41.0256 0.5099 8.8001 -0.7319 4.5579 -1.4390 -0.1439 0.8321
1.9125 90.4414 -1.2727 3.8382 -6.3232 -1.0098 -0.1637 7.8085 -0.6591 -0.0594 -2.3771 -1.3007 0.3763 19.0615 -3.3243 10.7784 16.5581 -0.3436 -4.3115 -4.3251 -15.6368 3.0544 -17.3302 -19.5586 -0.0086 -0.0257 0.0415 0.6417 -10.6131 -3.7793 -0.6535 -10.6054 3.8236 -13.3019 14.7534 -14.5251 -53.8655 -6.6177 -10.2470 -0.4584 0.4637 -92.3171 9.0968 -13.6810 -19.7527 -14.7020 10.8928 15.5782 -59.2778 1.8628 2.1945 14.7165 10.9597 16.9547 40.0372 -24.2533 -9.2105 -0.0861 0.3328 98.0130 -28.6791 -12.7820 17.6632 15.9606 7.6387 -16.4881 49.9622 -3.5414 -5.3730 11.6143 -8.5203 22.0946 -0.3071 41.9365 -0.8451 -15.4647 -24.7806 7.0412 1.6410 -0.7363 -2.1229 -16.5679 -36.3108 -24.8205 0.4424 40.0934 0.5005 8.8035 -0.2537 4.6232 -1.4381 -0.1782 0.8244
1.9309 90.6696 -1.2917 3.8126 -6.0885 -1.1358 -0.2109 7.7279 -0.6861 -0.0696 -2.3986 -1.2903 0.3453 18.8781 -3.3422 10.7267 16.6035 -0.3351 -4.3064 -4.3124 -15.5712 3.0067 -17.1253 -19.4300 -0.0070 -0.0239 0.0392 0.6427 -10.6139 -3.7844 -0.6512 -10.6042 3.8238 -13.1370 14.7146 -14.5819 -53.8464 -6.6441 -10.2103 -0.4359 0.4695 -92.2991 9.1690 -13.7705 -19.6655 -14.6977 10.8921 15.5879 -59.2951 1.8631 2.2013 14.6797 10.8751 16.9837 39.7799 -23.8916 -9.0124 -0.0886 0.3739 97.9217 -28.7611 -12.9966 17.6808 15.9558 7.6401 -16.4979 49.9895 -3.5386 -5.3639 11.4918 -8.3909 22.2057 -0.2955 41.1852 -0.8235 -15.4172 -24.3540 7.1696 1.6449 -0.7621 -2.1285 -16.2482 -36.1414 -25.0341 0.4383 39.2614 0.4937 8.8036 0.1983 4.7126 -1.4376 -0.2048 0.8126
1.9130 90.8758 -1.2772 3.7890 -5.8428 -1.2483 -0.2378 7.6572 -0.6943 -0.0743 -2.4313 -1.3064 0.3268 18.6937 -3.3820 10.6763 16.6039 -0.3401 -4.3054 -4.2924 -15.4714 2.9338 -16.9253 -19.2838 -0.0055 -0.0175 0.0377 0.6434 -10.6012 -3.7865 -0.6487 -10.5903 3.8222 -12.9746 14.6671 -14.6570 -53.7535 -6.7084 -10.1960 -0.4156 0.4961 -92.2784 9.2575 -13.8780 -19.5477 -14.7110 10.8881 15.5806 -59.3066 1.8680 2.2027 14.6340 10.7628 17.0018 39.5307 -23.6078 -8.8133 -0.0426 0.4176 97.7782 -28.7860 -13.1693 17.6313 15.9461 7.6506 -16.5343 50.0134 -3.5373 -5.3568 11.3969 -8.3030 22.2929 -0.2784 40.5008 -0.7989 -15.3976 -23.9573 7.2911 1.6484 -0.7785 -2.1338 -15.9234 -36.0122 -25.2679 0.4379 38.5403 0.5002 8.8034 0.5539 4.8037 -1.4369 -0.2461 0.8068
1.8684 91.0641 -1.2474 3.7661 -5.5950 -1.3241 -0.2504 7.5958 -0.7106 -0.0835 -2.4696 -1.3213 0.3272 18.5264 -3.4409 10.6099 16.5455 -0.3537 -4.2837 -4.2687 -15.3520 2.8302 -16.7420 -19.1055 -0.0037 -0.0138 0.0339 0.6465 -10.6036 -3.7955 -0.6480 -10.5913 3.8219 -12.8165 14.6146 -14.7415 -53.6048 -6.7770 -10.1939 -0.3625 0.5159 -92.2827 9.3436 -13.9952 -19.4522 -14.7315 10.8657 15.5997 -59.2971 1.8745 2.2211 14.6023 10.6398 17.0216 39.2794 -23.3796 -8.6243 -0.0138 0.4430 97.6503 -28.7875 -13.3078 17.5536 15.9527 7.6495 -16.5390 50.0559 -3.5322 -5.3340 11.3128 -8.2583 22.3528 -0.2676 39.8963 -0.7850 -15.3710 -23.6054 7.4144 1.6493 -0.7870 -2.1322 -15.6059 -35.9237 -25.5090 0.4393 37.9360 0.5047 8.7725 0.8398 4.8826 -1.4366 -0.2887 0.8048
1.7810 91.2190 -1.1958 3.7526 -5.3394 -1.4008 -0.2593 7.5472 -0.7263 -0.0841 -2.5037 -1.3519 0.3283 18.3656 -3.4956 10.5564 16.4151 -0.3540 -4.2743 -4.2422 -15.2390 2.7327 -16.5432 -18.9216 -0.0034 -0.0108 0.0277 0.6448 -10.6025 -3.8026 -0.6462 -10.5883 3.8191 -12.6625 14.5321 -14.8160 -53.4445 -6.8881 -10.1637 -0.3560 0.5099 -92.2547 9.4249 -14.1485 -19.3955 -14.7385 10.8672 15.6312 -59.2878 1.8791 2.2354 14.5812 10.4873 17.0447 39.0037 -23.1689 -8.4118 -0.0055 0.4695 97.5158 -28.7748 -13.3826 17.4634 15.9556 7.6652 -16.5567 50.1034 -3.5211 -5.3382 11.2429 -8.2217 22.3892 -0.2608 39.3185 -0.7765 -15.4019 -23.2917 7.5406 1.6491 -0.7832 -2.1336 -15.2842 -35.8857 -25.7352 0.4324 37.4665 0.4917 8.7167 1.0478 4.9555 -1.4369 -0.3131 0.8020
1.6528 91.3525 -1.1547 3.7507 -5.0829 -1.4619 -0.2636 7.5256 -0.7294 -0.0876 -2.5427 -1.4035 0.3433 18.2378 -3.5270 10.5082 16.2442 -0.3511 -4.2780 -4.2089 -15.1189 2.6771 -16.3483 -18.8061 -0.0063 -0.0080 0.0312 0.6468 -10.6057 -3.7997 -0.6536 -10.5867 3.8228 -12.4981 14.4302 -14.9109 -53.3168 -7.0238 -10.0706 -0.3457 0.4715 -92.2981 9.4712 -14.2920 -19.3335 -14.7542 10.8563 15.6343 -59.2777 1.8857 2.2377 14.5627 10.3616 17.1016 38.7481 -23.0345 -8.2656 -0.0324 0.4653 97.4328 -28.7687 -13.4698 17.4187 15.9577 7.6684 -16.5650 50.1093 -3.5296 -5.3473 11.1905 -8.2175 22.4234 -0.2567 38.8034 -0.7661 -15.4888 -23.0060 7.6667 1.6466 -0.7752 -2.1313 -14.9851 -35.9179 -25.9378 0.4353 37.1452 0.4901 8.6416 1.1682 5.0296 -1.4370 -0.3207 0.8024
1.5103 91.4627 -1.1115 3.7547 -4.7931 -1.4893 -0.2606 7.4838 -0.7616 -0.0917 -2.5575 -1.4255 0.3812 18.0916 -3.5617 10.4602 16.0080 -0.3694 -4.2786 -4.1860 -15.0392 2.5995 -16.1439 -18.6686 -0.0071 -0.0084 0.0246 0.6501 -10.5976 -3.8058 -0.6588 -10.5750 3.8169 -12.3739 14.3340 -15.0145 -53.2120 -7.2379 -9.9579 -0.3704 0.4650 -92.2751 9.5321 -14.3594 -19.3372 -14.7646 10.8593 15.6674 -59.2605 1.8890 2.2624 14.5543 10.2580 17.1536 38.5718 -22.9655 -8.1754 -0.0646 0.5344 97.3791 -28.7569 -13.5276 17.3919 15.9668 7.6655 -16.5797 50.1656 -3.5679 -5.3661 11.1603 -8.2395 22.4447 -0.2516 38.2545 -0.7530 -15.6296 -22.6982 7.7601 1.6464 -0.7758 -2.1263 -14.6703 -35.9707 -26.1553 0.4393 36.8779 0.4852 8.5361 1.2414 5.0529 -1.4394 -0.3326 0.8060
1.3218 91.5634 -1.0489 3.7683 -4.4925 -1.5081 -0.2443 7.4533 -0.7655 -0.0995 -2.5809 -1.4623 0.4164 17.9756 -3.6013 10.4211 15.7509 -0.3837 -4.2928 -4.1689 -14.9545 2.5328 -15.9694 -18.5589 -0.0088 -0.0091 0.0252 0.6541 -10.5944 -3.8050 -0.6662 -10.5679 3.8183 -12.2546 14.2505 -15.1159 -53.1147 -7.4553 -9.8466 -0.3669 0.4494 -92.3222 9.6415 -14.4325 -19.3323 -14.8185 10.8575 15.6762 -59.2898 1.8921 2.2747 14.5427 10.1659 17.2112 38.4244 -22.9718 -8.1436 -0.0803 0.5460 97.4089 -28.7331 -13.5233 17.3594 15.9708 7.6429 -16.5897 50.1961 -3.5913 -5.3816 11.1362 -8.2883 22.4512 -0.2512 37.7509 -0.7435 -15.7879 -22.4174 7.8104 1.6436 -0.7778 -2.1193 -14.3568 -36.0835 -26.3599 0.4358 36.7327 0.4714 8.4126 1.2274 5.0622 -1.4424 -0.3291 0.8093
1.1455 91.6545 -0.9840 3.7804 -4.1925 -1.4989 -0.2275 7.4305 -0.7979 -0.1023 -2.5925 -1.4603 0.4619 17.8776 -3.6431 10.3623 15.4647 -0.3909 -4.2843 -4.1549 -14.9024 2.4770 -15.8196 -18.4676 -0.0098 -0.0096 0.0268 0.6607 -10.5882 -3.8025 -0.6746 -10.5596 3.8192 -12.1474 14.1789 -15.2142 -53.0269 -7.7028 -9.7706 -0.3490 0.4408 -92.3607 9.7788 -14.4793 -19.3432 -14.8656 10.8435 15.6868 -59.3232 1.8991 2.2970 14.5385 10.0887 17.2597 38.2879 -23.0888 -8.1684 -0.0281 0.5349 97.4755 -28.7377 -13.4725 17.3504 15.9885 7.6294 -16.5809 50.2545 -3.5950 -5.3948 11.1262 -8.3698 22.4447 -0.2433 37.2877 -0.7380 -15.9693 -22.1517 7.8369 1.6414 -0.7841 -2.1160 -14.0261 -36.2298 -26.6289 0.4345 36.6593 0.4548 8.2877 1.2001 5.0690 -1.4430 -0.3070 0.8121
0.9285 91.7387 -0.9135 3.8019 -3.9055 -1.4637 -0.2082 7.4318 -0.8045 -0.0995 -2.6078 -1.4792 0.5020 17.7939 -3.6833 10.3236 15.1842 -0.4142 -4.2944 -4.1389 -14.8097 2.4602 -15.6785 -18.4323 -0.0135 -0.0098 0.0411 0.6624 -10.5880 -3.7862 -0.6842 -10.5572 3.8343 -12.0460 14.0953 -15.3142 -52.9818 -7.9531 -9.6751 -0.3187 0.4364 -92.4141 9.9381 -14.4915 -19.3602 -14.9224 10.8052 15.6592 -59.3695 1.8888 2.3072 14.5363 10.0075 17.3184 38.1350 -23.2076 -8.2523 0.0265 0.4987 97.6230 -28.7427 -13.4072 17.3160 15.9880 7.6049 -16.5584 50.3028 -3.5899 -5.4088 11.1264 -8.4433 22.4406 -0.2462 36.8437 -0.7537 -16.1735 -21.8950 7.8728 1.6396 -0.7896 -2.1176 -13.7130 -36.3842 -26.8975 0.4341 36.6471 0.4448 8.2025 1.1130 5.0516 -1.4433 -0.2706 0.8098
0.6910 91.8041 -0.8174 3.8247 -3.6253 -1.4079 -0.1842 7.4507 -0.8193 -0.0894 -2.6058 -1.4887 0.5489 17.6985 -3.7216 10.3055 14.9185 -0.4251 -4.2994 -4.1342 -14.7426 2.4574 -15.5459 -18.4077 -0.0166 -0.0126 0.0541 0.6610 -10.5864 -3.7714 -0.6888 -10.5542 3.8469 -11.9567 14.0014 -15.4144 -53.0076 -8.2576 -9.5022 -0.3456 0.4781 -92.4759 10.1360 -14.5398 -19.4135 -14.9547 10.7728 15.6436 -59.3421 1.8797 2.3146 14.5298 9.9011 17.3763 37.9215 -23.2808 -8.3315 0.0121 0.4815 97.8253 -28.7019 -13.3923 17.2377 15.9897 7.6077 -16.5481 50.3745 -3.5597 -5.4251 11.1501 -8.5240 22.4527 -0.2517 36.4179 -0.7725 -16.3737 -21.6408 7.8886 1.6385 -0.8033 -2.1166 -13.4142 -36.5646 -27.1783 0.4357 36.6905 0.4424 8.1080 0.9853 5.0591 -1.4410 -0.2222 0.8086
0.4489 91.8745 -0.7114 3.8492 -3.3354 -1.3522 -0.1511 7.4590 -0.8356 -0.0791 -2.6059 -1.4795 0.5977 17.6003 -3.7696 10.3004 14.6673 -0.4203 -4.3263 -4.1374 -14.7044 2.4660 -15.4281 -18.3802 -0.0174 -0.0185 0.0594 0.6610 -10.5894 -3.7670 -0.6907 -10.5597 3.8555 -11.8957 13.9277 -15.5343 -53.0521 -8.5520 -9.3236 -0.3533 0.5295 -92.5157 10.3046 -14.5943 -19.4524 -14.9528 10.7422 15.6340 -59.2347 1.8654 2.3259 14.5061 9.7558 17.4077 37.6643 -23.2938 -8.3995 -0.0166 0.4828 98.0031 -28.6392 -13.4107 17.1929 15.9918 7.6052 -16.5435 50.4339 -3.5195 -5.4335 11.1743 -8.6066 22.4569 -0.2564 35.9853 -0.7889 -16.5757 -21.3696 7.8883 1.6382 -0.8127 -2.1066 -13.1276 -36.7344 -27.4125 0.4460 36.7245 0.4541 8.0166 0.8803 5.0088 -1.4370 -0.1621 0.8015
0.1984 91.9441 -0.6069 3.8638 -3.0451 -1.2984 -0.0978 7.4803 -0.8300 -0.0653 -2.6269 -1.5046 0.6406 17.5226 -3.8017 10.2756 14.3981 -0.3812 -4.3365 -4.1304 -14.6907 2.5005 -15.3144 -18.3900 -0.0173 -0.0211 0.0628 0.6594 -10.5997 -3.7647 -0.6884 -10.5728 3.8593 -11.8419 13.8849 -15.6587 -53.1149 -8.8513 -9.1490 -0.3518 0.5476 -92.5413 10.4737 -14.6847 -19.4473 -14.9462 10.7280 15.6090 -59.2296 1.8514 2.3098 14.4595 9.6222 17.4512 37.3777 -23.3304 -8.4869 -0.0029 0.4307 98.1538 -28.6107 -13.4064 17.1618 16.0046 7.6114 -16.5310 50.4702 -3.4871 -5.4150 11.1914 -8.6943 22.4384 -0.2634 35.5885 -0.8052 -16.7239 -21.1251 7.8639 1.6374 -0.8269 -2.1045 -12.8523 -36.9135 -27.6024 0.4430 36.8077 0.4421 7.9201 0.7395 4.9619 -1.4335 -0.0911 0.7922
-0.0050 92.0070 -0.4756 3.8808 -2.7645 -1.2114 -0.0395 7.4886 -0.8533 -0.0505 -2.6206 -1.5231 0.6830 17.4231 -3.8368 10.2558 14.1284 -0.3467 -4.3346 -4.1261 -14.7063 2.5143 -15.1994 -18.3800 -0.0158 -0.0248 0.0572 0.6587 -10.6079 -3.7698 -0.6847 -10.5823 3.8536 -11.7972 13.8353 -15.7745 -53.2141 -9.1278 -9.0396 -0.3449 0.5680 -92.4839 10.6005 -14.8225 -19.4777 -14.9274 10.7277 15.6275 -59.2140 1.8410 2.3224 14.3763 9.5007 17.4957 37.1127 -23.3275 -8.5642 -0.0573 0.4275 98.3155 -28.5189 -13.3718 17.0865 16.0084 7.6211 -16.5299 50.4733 -3.4561 -5.4067 11.2082 -8.7643 22.3871 -0.2671 35.1787 -0.8200 -16.8642 -20.8739 7.8886 1.6400 -0.8507 -2.1030 -12.6039 -37.0770 -27.7731 0.4485 36.8984 0.4464 7.7888 0.5624 4.8785 -1.4299 -0.0378 0.7801
-0.2289 92.0494 -0.3454 3.9019 -2.5263 -1.1351 0.0182 7.5087 -0.8688 -0.0313 -2.6049 -1.5638 0.7146 17.3479 -3.8692 10.2476 13.8706 -0.3076 -4.3491 -4.1236 -14.6913 2.5235 -15.0886 -18.3769 -0.0156 -0.0286 0.0565 0.6578 -10.6171 -3.7722 -0.6826 -10.5911 3.8525 -11.7752 13.7882 -15.8792 -53.3182 -9.3634 -8.9626 -0.3149 0.5724 -92.3887 10.6813 -14.9010 -19.5346 -14.8967 10.7150 15.6423 -59.1456 1.8288 2.3409 14.2550 9.3854 17.5479 36.8718 -23.3719 -8.6586 -0.1005 0.4392 98.4842 -28.4413 -13.3626 16.9849 16.0034 7.6451 -16.5319 50.4888 -3.4403 -5.4122 11.2439 -8.8206 22.3584 -0.2783 34.8537 -0.8479 -16.9886 -20.6508 7.9248 1.6422 -0.9054 -2.1014 -12.4210 -37.2357 -27.8655 0.4439 37.0668 0.4385 7.6586 0.3706 4.7467 -1.4288 0.0221 0.7790
-0.4229 92.0770 -0.2280 3.9238 -2.3243 -1.0348 0.0845 7.5200 -0.8895 -0.0125 -2.5995 -1.6072 0.7373 17.2949 -3.8914 10.2501 13.6540 -0.3194 -4.3449 -4.1237 -14.6720 2.5150 -15.0116 -18.3639 -0.0152 -0.0325 0.0602 0.6601 -10.6240 -3.7697 -0.6840 -10.5985 3.8580 -11.7643 13.7636 -15.9908 -53.4301 -9.5773 -8.9372 -0.2539 0.5734 -92.2925 10.7352 -14.9355 -19.5965 -14.8914 10.6839 15.6441 -59.1189 1.8093 2.3596 14.1345 9.2794 17.5733 36.6929 -23.4203 -8.7548 -0.1942 0.4748 98.6722 -28.3237 -13.3519 16.8818 15.9777 7.6531 -16.5377 50.4482 -3.4327 -5.4366 11.2792 -8.8778 22.2896 -0.2829 34.6108 -0.8577 -17.1162 -20.4808 7.9765 1.6428 -0.9340 -2.1045 -12.2813 -37.3827 -27.9480 0.4350 37.2769 0.4211 7.5516 0.1557 4.6217 -1.4272 0.0636 0.7674
-0.5933 92.0760 -0.0784 3.9492 -2.1607 -0.9140 0.1500 7.5367 -0.9086 0.0066 -2.5735 -1.6342 0.7619 17.2230 -3.9270 10.2919 13.4511 -0.3247 -4.3623 -4.1266 -14.6750 2.4996 -14.9524 -18.3740 -0.0141 -0.0286 0.0630 0.6606 -10.6167 -3.7695 -0.6821 -10.5893 3.8627 -11.7781 13.7262 -16.0680 -53.5280 -9.7239 -8.9727 -0.1693 0.6019 -92.1739 10.7353 -14.9155 -19.6476 -14.8656 10.6856 15.6719 -59.1011 1.8114 2.3758 14.0203 9.1290 17.5738 36.5761 -23.4590 -8.8663 -0.2786 0.5215 98.8829 -28.1844 -13.3839 16.7431 15.9540 7.6718 -16.5530 50.3848 -3.4219 -5.4674 11.3254 -8.9448 22.1968 -0.2832 34.4730 -0.8657 -17.2666 -20.3650 7.9980 1.6460 -0.9538 -2.1067 -12.1955 -37.5430 -27.9998 0.4210 37.5889 0.4043 7.4670 -0.1287 4.4846 -1.4296 0.1201 0.7614
-0.7443 92.0470 0.0585 3.9713 -2.0411 -0.7803 0.2148 7.5662 -0.9048 0.0154 -2.5576 -1.6770 0.7992 17.1843 -3.9577 10.3286 13.2928 -0.3332 -4.3620 -4.1279 -14.6810 2.4892 -14.9249 -18.4180 -0.0119 -0.0256 0.0630 0.6643 -10.6139 -3.7714 -0.6807 -10.5846 3.8612 -11.8225 13.6954 -16.1554 -53.5762 -9.8573 -8.9914 -0.1334 0.5856 -92.0807 10.6989 -14.8112 -19.6576 -14.8613 10.6771 15.6801 -59.0948 1.8131 2.3832 13.9237 9.0035 17.5685 36.5388 -23.6053 -9.0321 -0.2858 0.5389 99.0918 -28.1009 -13.3652 16.6599 15.9467 7.6821 -16.5524 50.3221 -3.4259 -5.4712 11.3951 -9.0328 22.1217 -0.2921 34.4748 -0.8826 -17.4389 -20.3387 7.9918 1.6476 -0.9434 -2.1118 -12.1789 -37.7058 -27.9828 0.4082 37.9927 0.3908 7.4312 -0.4499 4.3453 -1.4324 0.1524 0.7576
-0.8934 91.9803 0.1896 3.9970 -1.9574 -0.6325 0.2766 7.5936 -0.9229 0.0168 -2.5243 -1.6812 0.8321 17.1468 -3.9902 10.3684 13.1472 -0.3351 -4.3612 -4.1364 -14.7576 2.4885 -14.8948 -18.4671 -0.0095 -0.0226 0.0538 0.6663 -10.6173 -3.7836 -0.6780 -10.5882 3.8547 -11.8719 13.6291 -16.2233 -53.6005 -9.9604 -9.0122 -0.1425 0.5647 -91.9682 10.6729 -14.7265 -19.6983 -14.8836 10.6891 15.7212 -59.1193 1.8040 2.3937 13.8531 8.9192 17.5351 36.6219 -23.8475 -9.2125 -0.2653 0.5216 99.2870 -28.0041 -13.2823 16.6523 15.9380 7.6802 -16.5594 50.2669 -3.4460 -5.4770 11.4832 -9.1626 22.0190 -0.2918 34.6140 -0.8886 -17.6138 -20.3850 7.9111 1.6489 -0.9067 -2.1233 -12.2052 -37.8875 -27.9518 0.4085 38.4828 0.3906 7.3833 -0.8004 4.2120 -1.4341 0.1882 0.7459
-1.0022 91.8813 0.3102 4.0254 -1.9348 -0.4855 0.3271 7.6200 -0.9188 0.0213 -2.4920 -1.7065 0.8641 17.1435 -3.9921 10.3843 13.0295 -0.3490 -4.3723 -4.1449 -14.8404 2.4977 -14.8943 -18.5324 -0.0043 -0.0213 0.0362 0.6704 -10.6183 -3.8028 -0.6716 -10.5902 3.8366 -11.9394 13.5713 -16.2823 -53.5764 -10.0122 -9.0499 -0.1642 0.5570 -91.8619 10.6341 -14.6879 -19.7072 -14.9066 10.7005 15.7355 -59.1550 1.8039 2.3927 13.8285 8.8592 17.4748 36.7403 -24.1013 -9.3597 -0.2389 0.5292 99.4554 -27.9826 -13.1639 16.6682 15.9483 7.6685 -16.5504 50.2284 -3.4746 -5.4720 11.5846 -9.2828 21.9005 -0.2925 34.8759 -0.8849 -17.7879 -20.5080 7.7968 1.6486 -0.8655 -2.1274 -12.3022 -38.0754 -27.8722 0.3903 39.0639 0.3616 7.3357 -1.1831 4.0644 -1.4367 0.2458 0.7426
-1.1093 91.7432 0.4277 4.0585 -1.9823 -0.3317 0.3758 7.6707 -0.9025 0.0266 -2.4641 -1.7237 0.8827 17.1683 -3.9900 10.3725 12.9597 -0.3463 -4.3675 -4.1497 -14.9283 2.5188 -14.9292 -18.6067 -0.0010 -0.0201 0.0248 0.6758 -10.6176 -3.8144 -0.6701 -10.5908 3.8233 -12.0399 13.5300 -16.3271 -53.5139 -10.0476 -9.0809 -0.2180 0.5139 -91.7356 10.5758 -14.5813 -19.6983 -14.9540 10.6715 15.7236 -59.2021 1.8103 2.3991 13.8198 8.8601 17.4356 36.9168 -24.4268 -9.5156 -0.2009 0.5028 99.6103 -28.0073 -12.9166 16.6668 15.9695 7.6554 -16.5250 50.2166 -3.4897 -5.4783 11.7068 -9.4437 21.7947 -0.2964 35.3562 -0.8971 -17.9557 -20.7135 7.6628 1.6472 -0.8343 -2.1296 -12.4674 -38.2774 -27.7514 0.3878 39.7696 0.3533 7.3113 -1.6110 3.9392 -1.4389 0.2742 0.7500
-1.1661 91.5472 0.5291 4.0989 -2.0993 -0.2214 0.4145 7.7411 -0.8908 0.0368 -2.4308 -1.7235 0.8761 17.2220 -3.9627 10.3643 12.9329 -0.3620 -4.3696 -4.1558 -14.9805 2.5282 -15.0419 -18.6537 -0.0012 -0.0163 0.0223 0.6750 -10.6190 -3.8148 -0.6699 -10.5923 3.8192 -12.1482 13.5055 -16.3393 -53.4431 -10.0766 -9.1450 -0.2731 0.4707 -91.5900 10.5076 -14.4080 -19.6691 -14.9560 10.6635 15.7221 -59.2372 1.8217 2.4086 13.8203 8.8979 17.3796 37.1426 -24.7615 -9.6046 -0.1998 0.4777 99.7483 -28.0092 -12.6779 16.6717 15.9959 7.6505 -16.5257 50.2108 -3.5053 -5.4947 11.8465 -9.6140 21.6927 -0.3041 36.0187 -0.9052 -18.1233 -21.0210 7.5074 1.6439 -0.8068 -2.1304 -12.7028 -38.5090 -27.5838 0.3934 40.6008 0.3524 7.2903 -2.0754 3.8555 -1.4383 0.3071 0.7565
-1.2027 91.3034 0.6125 4.1468 -2.3001 -0.1211 0.4374 7.8300 -0.8724 0.0457 -2.3945 -1.7077 0.8643 17.3122 -3.9233 10.3714 12.9472 -0.3893 -4.3759 -4.1626 -15.0260 2.5395 -15.2139 -18.7321 -0.0065 -0.0134 0.0366 0.6712 -10.6120 -3.7969 -0.6771 -10.5842 3.8318 -12.3015 13.5426 -16.3577 -53.3477 -10.1165 -9.2076 -0.3276 0.4352 -91.4649 10.4707 -14.2048 -19.7156 -14.9451 10.6571 15.7282 -59.2291 1.8204 2.4240 13.8451 8.9689 17.3141 37.4103 -25.1278 -9.6936 -0.1836 0.4609 99.8700 -28.0041 -12.5058 16.7060 16.0291 7.6519 -16.5299 50.2212 -3.5302 -5.5117 12.0138 -9.7791 21.5777 -0.3195 36.8703 -0.9191 -18.3245 -21.4235 7.3605 1.6395 -0.7667 -2.1308 -13.0429 -38.7682 -27.3635 0.4045 41.5587 0.3577 7.2846 -2.5683 3.8180 -1.4375 0.3303 0.7660
-1.2029 91.0080 0.6784 4.1882 -2.5697 -0.0505 0.4668 7.9147 -0.8472 0.0517 -2.3527 -1.6931 0.8460 17.4364 -3.8837 10.3549 12.9916 -0.3637 -4.3734 -4.1743 -15.0797 2.5279 -15.4213 -18.8015 -0.0096 -0.0122 0.0466 0.6702 -10.6077 -3.7836 -0.6827 -10.5774 3.8400 -12.4963 13.5837 -16.3443 -53.2466 -10.0791 -9.3046 -0.3386 0.4151 -91.3291 10.4558 -14.0756 -19.7692 -14.9248 10.6940 15.7471 -59.2608 1.8189 2.4310 13.8852 9.0912 17.2633 37.7008 -25.4778 -9.7192 -0.1997 0.4262 99.9571 -27.9882 -12.2936 16.7387 16.0646 7.6520 -16.5293 50.2035 -3.5423 -5.5182 12.1870 -9.9457 21.4408 -0.3313 37.8897 -0.9252 -18.4590 -21.9126 7.1843 1.6384 -0.7493 -2.1290 -13.4499 -39.0197 -27.0845 0.4228 42.6134 0.3767 7.3051 -3.1117 3.7881 -1.4364 0.3578 0.7746
-1.1811 90.6910 0.7195 4.2201 -2.8799 -0.0259 0.4950 7.9818 -0.8239 0.0595 -2.3149 -1.6716 0.8316 17.5973 -3.8454 10.3198 13.0314 -0.3182 -4.3870 -4.1907 -15.1276 2.5090 -15.6190 -18.8621 -0.0124 -0.0119 0.0607 0.6671 -10.5955 -3.7665 -0.6855 -10.5645 3.8513 -12.7421 13.6402 -16.3248 -53.1382 -9.9865 -9.4343 -0.3172 0.4196 -91.1680 10.4490 -14.0061 -19.8002 -14.9274 10.7449 15.7574 -59.3170 1.8206 2.4157 13.9632 9.2388 17.2539 37.9451 -25.8110 -9.6845 -0.1872 0.3958 99.9407 -27.9765 -12.0084 16.8018 16.0695 7.6629 -16.5270 50.1654 -3.5439 -5.5093 12.3691 -10.1056 21.2930 -0.3384 38.9931 -0.9268 -18.5701 -22.4551 7.0722 1.6392 -0.7386 -2.1350 -13.8976 -39.2516 -26.7515 0.4322 43.6647 0.3832 7.3320 -3.5966 3.7714 -1.4366 0.3908 0.7805
-1.1271 90.3560 0.7551 4.2461 -3.2287 -0.0306 0.5187 8.0429 -0.8131 0.0635 -2.2747 -1.6488 0.8217 17.7942 -3.8067 10.2553 13.0977 -0.2531 -4.3990 -4.2097 -15.1590 2.5218 -15.8410 -18.9190 -0.0146 -0.0163 0.0706 0.6665 -10.6008 -3.7546 -0.6895 -10.5653 3.8599 -12.9749 13.7328 -16.2590 -53.0538 -9.8725 -9.5767 -0.2718 0.4208 -91.0203 10.4451 -14.0335 -19.8870 -14.9161 10.8072 15.7777 -59.3642 1.8042 2.3902 14.0263 9.4217 17.2612 38.2277 -26.1274 -9.6459 -0.1980 0.3213 99.9060 -27.9261 -11.6189 16.8395 16.0699 7.6695 -16.5072 50.0972 -3.5221 -5.4875 12.5437 -10.2366 21.1599 -0.3446 40.1404 -0.9268 -18.6567 -23.0291 6.9798 1.6407 -0.7116 -2.1416 -14.3573 -39.4776 -26.3695 0.4541 44.7147 0.4216 7.3592 -4.0660 3.7302 -1.4347 0.4371 0.7782
-1.0348 90.0176 0.7472 4.2786 -3.6109 -0.0727 0.5278 8.1128 -0.7935 0.0711 -2.2479 -1.6352 0.8016 18.0088 -3.7613 10.1919 13.1569 -0.1906 -4.4192 -4.2205 -15.1971 2.5457 -16.0445 -18.9755 -0.0143 -0.0207 0.0769 0.6660 -10.6066 -3.7476 -0.6885 -10.5699 3.8645 -13.2164 13.8244 -16.1864 -52.9935 -9.6999 -9.6926 -0.2269 0.4558 -90.9070 10.4038 -14.1462 -19.9172 -14.9010 10.8575 15.7847 -59.4064 1.7909 2.3636 14.1148 9.6284 17.2902 38.5197 -26.4677 -9.6398 -0.1538 0.2963 99.8212 -27.9105 -11.2807 16.9158 16.0611 7.6786 -16.4936 50.0701 -3.4936 -5.4688 12.6985 -10.3513 21.0699 -0.3494 41.3207 -0.9333 -18.7153 -23.6305 6.9074 1.6429 -0.6932 -2.1600 -14.8663 -39.6779 -25.9063 0.4596 45.7430 0.4429 7.4026 -4.4947 3.7022 -1.4336 0.4877 0.7799
-0.9115 89.6813 0.7444 4.3061 -4.0038 -0.1456 0.5378 8.1847 -0.7678 0.0770 -2.2093 -1.6230 0.7863 18.2157 -3.7238 10.1166 13.2026 -0.1399 -4.4233 -4.2305 -15.2206 2.5638 -16.2370 -19.0310 -0.0136 -0.0190 0.0753 0.6671 -10.6070 -3.7502 -0.6882 -10.5678 3.8621 -13.4312 13.8869 -16.0900 -52.9890 -9.4954 -9.7625 -0.2240 0.4795 -90.8154 10.3435 -14.1891 -19.9247 -14.9030 10.8803 15.7819 -59.4453 1.7820 2.3407 14.2166 9.8070 17.3063 38.7862 -26.7276 -9.5881 -0.1311 0.2866 99.7189 -27.8906 -10.9375 17.0125 16.0625 7.6777 -16.4805 50.0281 -3.4814 -5.4531 12.8446 -10.4518 21.0158 -0.3547 42.4817 -0.9256 -18.7421 -24.2354 6.8523 1.6458 -0.6569 -2.1756 -15.3817 -39.8542 -25.4109 0.4749 46.6805 0.4803 7.4772 -4.8694 3.6640 -1.4335 0.5205 0.7829
-0.7846 89.3487 0.6997 4.3303 -4.3758 -0.2360 0.5385 8.2543 -0.7459 0.0784 -2.1682 -1.6003 0.7829 18.3847 -3.6871 10.0566 13.2349 -0.0940 -4.3893 -4.2358 -15.2633 2.5392 -16.4540 -19.0374 -0.0117 -0.0155 0.0680 0.6709 -10.6068 -3.7576 -0.6884 -10.5641 3.8538 -13.6203 13.9447 -15.9854 -53.0254 -9.2685 -9.8160 -0.2366 0.5093 -90.7091 10.2691 -14.1418 -19.9064 -14.9035 10.8807 15.7789 -59.4761 1.7866 2.3317 14.3279 9.9529 17.3189 39.0228 -26.8714 -9.5197 -0.1506 0.3098 99.6227 -27.8645 -10.6444 17.1268 16.0680 7.6834 -16.4728 50.0112 -3.4731 -5.4599 12.9565 -10.5497 20.9789 -0.3561 43.5810 -0.9182 -18.7623 -24.8294 6.8373 1.6489 -0.6405 -2.1927 -15.8824 -40.0255 -24.8971 0.4882 47.5301 0.5069 7.5562 -5.1827 3.6332 -1.4348 0.5277 0.7865
-0.6400 89.0458 0.6555 4.3382 -4.7363 -0.3273 0.5310 8.3207 -0.7255 0.0765 -2.1350 -1.5910 0.7825 18.5685 -3.6516 10.0114 13.2763 -0.0754 -4.3473 -4.2360 -15.2704 2.5024 -16.6816 -19.0160 -0.0101 -0.0112 0.0597 0.6767 -10.6073 -3.7666 -0.6916 -10.5640 3.8459 -13.7748 14.0224 -15.8860 -53.0544 -9.0875 -9.8377 -0.2627 0.4799 -90.6187 10.2134 -14.0344 -19.8567 -14.8830 10.8692 15.7731 -59.4849 1.7990 2.3340 14.4341 10.0680 17.3116 39.2167 -26.9534 -9.4106 -0.1833 0.3059 99.5515 -27.8777 -10.3735 17.1996 16.1079 7.6785 -16.4531 50.0493 -3.4889 -5.4660 13.0593 -10.6354 20.9447 -0.3626 44.5951 -0.9107 -18.7745 -25.3916 6.8465 1.6484 -0.6059 -2.1921 -16.3498 -40.1533 -24.4001 0.5077 48.2597 0.5402 7.6340 -5.4214 3.6105 -1.4361 0.5308 0.7970
-0.4576 88.7617 0.5771 4.3407 -5.0859 -0.4240 0.5057 8.3820 -0.7098 0.0701 -2.0977 -1.5848 0.7863 18.7687 -3.6255 9.9871 13.3105 -0.0774 -4.3004 -4.2448 -15.2971 2.4782 -16.8985 -18.9875 -0.0089 -0.0107 0.0538 0.6816 -10.6140 -3.7744 -0.6943 -10.5709 3.8417 -13.9044 14.0946 -15.7837 -53.0737 -8.9288 -9.8543 -0.2471 0.4236 -90.5471 10.1180 -13.9258 -19.7733 -14.8734 10.8658 15.7774 -59.4713 1.8002 2.3405 14.5469 10.2387 17.3154 39.4484 -27.1325 -9.3620 -0.1688 0.2577 99.4998 -27.8849 -10.1683 17.2853 16.1213 7.6756 -16.4476 50.0722 -3.4923 -5.4841 13.1486 -10.7155 20.9605 -0.3653 45.5233 -0.9022 -18.7786 -25.9090 6.8666 1.6467 -0.5660 -2.1900 -16.7835 -40.2499 -23.9219 0.5134 48.8689 0.5473 7.7115 -5.5745 3.5934 -1.4370 0.5083 0.8096
-0.2796 88.5229 0.4781 4.3242 -5.4122 -0.4923 0.4770 8.4276 -0.7067 0.0652 -2.0683 -1.5923 0.7773 18.9728 -3.6069 9.9753 13.3660 -0.0989 -4.2692 -4.2585 -15.2800 2.4588 -17.0850 -18.9592 -0.0075 -0.0115 0.0479 0.6874 -10.6178 -3.7803 -0.6975 -10.5747 3.8348 -13.9965 14.1543 -15.6779 -53.0872 -8.7600 -9.9306 -0.2047 0.3829 -90.4506 10.0540 -13.8054 -19.6939 -14.8697 10.8781 15.7633 -59.5240 1.7979 2.3325 14.6773 10.4183 17.3174 39.6805 -27.3004 -9.3018 -0.1613 0.2171 99.4600 -27.8726 -10.0043 17.3299 16.1319 7.6729 -16.4538 50.0605 -3.5218 -5.5053 13.2132 -10.7686 20.9395 -0.3691 46.2979 -0.8934 -18.6995 -26.3541 6.8567 1.6433 -0.5245 -2.1809 -17.1526 -40.2767 -23.5013 0.5162 49.3207 0.5521 7.8014 -5.6625 3.5338 -1.4373 0.4921 0.8263
-0.1003 88.3377 0.3761 4.2973 -5.7164 -0.5295 0.4328 8.4524 -0.6977 0.0559 -2.0481 -1.5964 0.7592 19.1758 -3.6124 9.9859 13.4337 -0.1374 -4.2426 -4.2717 -15.2804 2.4526 -17.2461 -18.9496 -0.0067 -0.0167 0.0526 0.6905 -10.6062 -3.7717 -0.6994 -10.5661 3.8366 -14.0671 14.2156 -15.5880 -53.1078 -8.6180 -9.9931 -0.1914 0.3768 -90.3594 10.0238 -13.6285 -19.6464 -14.8765 10.8823 15.7346 -59.5440 1.8040 2.3243 14.8404 10.6066 17.3041 39.9022 -27.4366 -9.2426 -0.1527 0.2340 99.4036 -27.8882 -9.9257 17.4640 16.1444 7.6796 -16.4884 50.0368 -3.5390 -5.5379 13.2585 -10.8006 20.9302 -0.3736 46.9160 -0.8810 -18.5647 -26.7341 6.8167 1.6400 -0.4704 -2.1721 -17.4691 -40.2267 -23.1603 0.5391 49.5873 0.5801 7.9116 -5.6556 3.4596 -1.4374 0.4655 0.8411
0.0754 88.2146 0.2277 4.2441 -5.9938 -0.5938 0.3819 8.4743 -0.6823 0.0433 -2.0460 -1.6125 0.7217 19.3850 -3.6142 10.0264 13.5374 -0.1756 -4.2387 -4.2876 -15.2580 2.4853 -17.3836 -18.9547 -0.0056 -0.0189 0.0578 0.6945 -10.6064 -3.7644 -0.7012 -10.5678 3.8380 -14.0828 14.2936 -15.4995 -53.1453 -8.5035 -10.0579 -0.1797 0.4032 -90.2774 10.0044 -13.4071 -19.5849 -14.8853 10.8977 15.7116 -59.5632 1.8206 2.3149 14.9909 10.7895 17.2820 40.0774 -27.5150 -9.1180 -0.1437 0.2481 99.2667 -27.9679 -9.9810 17.6834 16.1419 7.6743 -16.4998 50.0471 -3.5578 -5.5451 13.3094 -10.8011 20.9366 -0.3668 47.3661 -0.8566 -18.4058 -27.0567 6.7677 1.6358 -0.4208 -2.1715 -17.6794 -40.1180 -22.9035 0.5640 49.6917 0.6157 7.9879 -5.5759 3.3842 -1.4341 0.4354 0.8584
0.2054 88.1614 0.0962 4.1767 -6.2334 -0.6339 0.3098 8.4778 -0.6831 0.0216 -2.0458 -1.5931 0.6766 19.5467 -3.6223 10.1118 13.6945 -0.2238 -4.2239 -4.2957 -15.2560 2.5393 -17.4965 -18.9615 -0.0038 -0.0211 0.0554 0.6968 -10.5944 -3.7625 -0.7005 -10.5590 3.8338 -14.0913 14.3849 -15.4189 -53.1824 -8.4161 -10.1153 -0.1714 0.4430 -90.2088 10.0080 -13.2357 -19.5788 -14.9035 10.9314 15.7346 -59.5983 1.8284 2.3060 15.1781 10.9588 17.2513 40.2809 -27.5155 -9.0425 -0.1437 0.3168 99.1233 -28.0515 -10.1208 17.9247 16.1773 7.6666 -16.5038 50.0479 -3.5830 -5.5415 13.3577 -10.7702 20.9591 -0.3634 47.6179 -0.8378 -18.1846 -27.2734 6.6653 1.6352 -0.4057 -2.1697 -17.7933 -39.9463 -22.7770 0.5959 49.5733 0.6577 8.0618 -5.4070 3.3436 -1.4291 0.3936 0.8588
0.3412 88.1750 -0.0403 4.0931 -6.4244 -0.6858 0.2349 8.4677 -0.6738 -0.0061 -2.0510 -1.5590 0.6177 19.6479 -3.6405 10.2279 13.8828 -0.2395 -4.2274 -4.3028 -15.2815 2.5844 -17.5818 -18.9823 -0.0025 -0.0229 0.0495 0.6935 -10.5874 -3.7680 -0.6943 -10.5555 3.8265 -14.1028 14.4423 -15.3634 -53.2719 -8.3052 -10.1097 -0.2247 0.4792 -90.1310 10.0484 -13.1539 -19.6314 -14.9034 10.9528 15.7416 -59.5934 1.8463 2.2858 15.3588 11.0958 17.2160 40.4765 -27.4309 -9.0128 -0.1255 0.3638 98.9447 -28.1160 -10.3309 18.1586 16.1544 7.6610 -16.5067 50.0543 -3.5798 -5.5232 13.4064 -10.7049 21.0013 -0.3613 47.6871 -0.8327 -17.9669 -27.3745 6.5622 1.6342 -0.4375 -2.1648 -17.8067 -39.7173 -22.7361 0.5987 49.2797 0.6745 8.1411 -5.1969 3.3619 -1.4258 0.3489 0.8606
0.4612 88.2581 -0.1778 3.9944 -6.5623 -0.7724 0.1531 8.4544 -0.6574 -0.0370 -2.0638 -1.5222 0.5431 19.7150 -3.6652 10.3605 14.0934 -0.2325 -4.2243 -4.2976 -15.3003 2.6519 -17.6503 -19.0330 -0.0016 -0.0241 0.0408 0.6915 -10.5895 -3.7782 -0.6907 -10.5600 3.8197 -14.1028 14.5080 -15.3160 -53.3595 -8.1823 -10.1142 -0.2161 0.4590 -90.1078 10.0976 -13.1511 -19.6946 -14.8964 10.9688 15.7426 -59.5737 1.8564 2.2487 15.5171 11.1980 17.1780 40.6938 -27.2354 -8.9644 -0.1418 0.3873 98.7343 -28.1444 -10.5125 18.3985 16.1207 7.6504 -16.4875 50.0048 -3.5755 -5.5004 13.4291 -10.6216 21.0927 -0.3679 47.5936 -0.8511 -17.7499 -27.3688 6.4904 1.6310 -0.4862 -2.1547 -17.7160 -39.4627 -22.7652 0.6022 48.8205 0.6837 8.1973 -4.9126 3.4359 -1.4226 0.3127 0.8539
0.5629 88.4114 -0.3088 3.9115 -6.6413 -0.8736 0.0595 8.4203 -0.6517 -0.0622 -2.0709 -1.4995 0.4531 19.7190 -3.6765 10.4833 14.2977 -0.2358 -4.2387 -4.2967 -15.3244 2.7322 -17.6701 -19.0900 -0.0021 -0.0262 0.0357 0.6875 -10.5898 -3.7817 -0.6875 -10.5621 3.8131 -14.1349 14.5793 -15.3006 -53.4356 -8.0549 -10.0484 -0.1865 0.4426 -90.1274 10.1045 -13.1640 -19.7451 -14.8792 10.9772 15.7607 -59.5858 1.8521 2.2345 15.6659 11.2361 17.1402 40.9254 -26.9219 -8.9457 -0.1772 0.3776 98.5466 -28.0608 -10.6138 18.5590 16.0829 7.6590 -16.4833 49.9616 -3.5494 -5.4772 13.4223 -10.4968 21.2231 -0.3748 47.2784 -0.8703 -17.5601 -27.2314 6.4394 1.6319 -0.5381 -2.1485 -17.5507 -39.1596 -22.8541 0.5914 48.1839 0.6795 8.2350 -4.5689 3.5117 -1.4225 0.2986 0.8465
0.6527 88.6173 -0.4307 3.8432 -6.6697 -0.9999 -0.0331 8.3753 -0.6599 -0.0853 -2.0896 -1.4681 0.3504 19.6815 -3.6919 10.5800 14.4818 -0.2116 -4.2550 -4.2973 -15.3773 2.8140 -17.6657 -19.1744 -0.0031 -0.0283 0.0339 0.6792 -10.5965 -3.7832 -0.6811 -10.5718 3.8108 -14.1729 14.6436 -15.3013 -53.5050 -7.9585 -9.9078 -0.1792 0.4225 -90.1696 10.0949 -13.2507 -19.7756 -14.8627 10.9962 15.7767 -59.6004 1.8329 2.2032 15.7938 11.2572 17.1017 41.1595 -26.5876 -8.9718 -0.1455 0.3736 98.4174 -27.9509 -10.7195 18.6949 16.0587 7.6756 -16.4880 49.9385 -3.5299 -5.4312 13.3701 -10.3031 21.3928 -0.3708 46.7471 -0.8810 -17.3750 -27.0000 6.4283 1.6306 -0.5777 -2.1540 -17.3454 -38.8335 -22.9957 0.5879 47.4220 0.6832 8.2445 -4.1725 3.6016 -1.4233 0.2770 0.8410
0.7245 88.8699 -0.5311 3.8018 -6.6398 -1.1300 -0.1272 8.3196 -0.6645 -0.1135 -2.1219 -1.4649 0.2453 19.6256 -3.6908 10.6640 14.6230 -0.2014 -4.2841 -4.2960 -15.3891 2.8713 -17.6192 -19.2389 -0.0041 -0.0296 0.0335 0.6720 -10.5974 -3.7821 -0.6758 -10.5771 3.8087 -14.2148 14.7027 -15.3185 -53.5285 -7.8526 -9.7374 -0.1470 0.3972 -90.2552 10.0702 -13.3947 -19.7907 -14.8548 10.9833 15.7640 -59.6074 1.8166 2.1872 15.9149 11.2278 17.0493 41.3109 -26.2500 -8.9880 -0.0583 0.3368 98.3322 -27.8566 -10.8254 18.7897 16.0400 7.6826 -16.4931 49.9448 -3.5209 -5.3944 13.2642 -10.0758 21.5711 -0.3724 46.0615 -0.8960 -17.1864 -26.7086 6.4685 1.6299 -0.6150 -2.1498 -17.1123 -38.4911 -23.1743 0.5849 46.5099 0.6845 8.2587 -3.6912 3.7093 -1.4247 0.2548 0.8403
0.7890 89.1480 -0.6291 3.7844 -6.5420 -1.2455 -0.2161 8.2471 -0.6875 -0.1359 -2.1625 -1.4523 0.1535 19.5329 -3.7154 10.7167 14.7397 -0.1975 -4.2811 -4.2909 -15.3877 2.9045 -17.5462 -19.2693 -0.0033 -0.0311 0.0295 0.6650 -10.5961 -3.7862 -0.6671 -10.5780 3.8054 -14.2425 14.7652 -15.3404 -53.5142 -7.7697 -9.6025 -0.1016 0.3777 -90.3191 10.0642 -13.5501 -19.8236 -14.8678 10.9634 15.7544 -59.6554 1.8193 2.1811 16.0003 11.1650 16.9903 41.3850 -25.8765 -8.9813 -0.0141 0.2958 98.3251 -27.8104 -10.9199 18.8593 16.0511 7.6899 -16.5038 49.9781 -3.5176 -5.3736 13.1017 -9.8209 21.7186 -0.3680 45.2463 -0.9066 -17.0146 -26.3496 6.5610 1.6320 -0.6617 -2.1484 -16.8594 -38.1682 -23.3803 0.5735 45.5228 0.6781 8.2776 -3.1949 3.7915 -1.4256 0.1997 0.8372
0.8599 89.4500 -0.6935 3.7813 -6.3807 -1.3469 -0.2907 8.1754 -0.7172 -0.1581 -2.2038 -1.4455 0.0791 19.3884 -3.7521 10.7658 14.8205 -0.1865 -4.2805 -4.2906 -15.3488 2.8919 -17.4313 -19.2600 -0.0025 -0.0311 0.0296 0.6629 -10.6018 -3.7902 -0.6627 -10.5861 3.8065 -14.2435 14.8051 -15.3585 -53.4662 -7.7042 -9.4796 -0.0604 0.3694 -90.3624 10.0612 -13.7206 -19.7835 -14.8516 10.9594 15.7305 -59.6768 1.8335 2.1743 16.0408 11.0587 16.9531 41.4211 -25.4874 -8.9777 0.0106 0.3334 98.3557 -27.7551 -11.0501 18.8738 16.0540 7.6748 -16.5074 49.9259 -3.5502 -5.3513 12.9048 -9.5733 21.8391 -0.3626 44.3369 -0.9164 -16.8822 -25.9275 6.6839 1.6351 -0.7313 -2.1457 -16.5862 -37.8458 -23.6022 0.5573 44.4733 0.6617 8.2836 -2.6921 3.8798 -1.4290 0.1083 0.8405
0.9020 89.7575 -0.7568 3.7824 -6.1678 -1.4214 -0.3503 8.0845 -0.7536 -0.1774 -2.2449 -1.4391 0.0350 19.2330 -3.7870 10.8112 14.8671 -0.2015 -4.2736 -4.3007 -15.3169 2.8502 -17.2449 -19.2441 -0.0001 -0.0341 0.0234 0.6653 -10.6053 -3.8009 -0.6599 -10.5932 3.8039 -14.2274 14.8519 -15.3773 -53.3684 -7.6862 -9.3885 -0.0279 0.3654 -90.4268 10.0661 -13.8774 -19.7395 -14.8670 10.9330 15.7046 -59.6400 1.8385 2.1755 16.0526 10.9447 16.9438 41.4029 -25.1128 -8.9883 -0.0427 0.3796 98.4090 -27.7217 -11.2095 18.9059 16.0409 7.6609 -16.5101 49.9190 -3.5758 -5.3412 12.7005 -9.3424 21.9730 -0.3528 43.3807 -0.9051 -16.7599 -25.4657 6.7843 1.6375 -0.7944 -2.1394 -16.2844 -37.5620 -23.8833 0.5379 43.4109 0.6433 8.2791 -2.2183 3.9711 -1.4307 0.0298 0.8391
0.9315 90.0582 -0.8068 3.7885 -5.9180 -1.4828 -0.3865 7.9906 -0.7624 -0.1826 -2.2962 -1.4722 0.0183 19.0717 -3.8081 10.8147 14.8721 -0.2249 -4.2628 -4.3056 -15.2831 2.7913 -17.0218 -19.2170 0.0023 -0.0336 0.0131 0.6679 -10.6142 -3.8138 -0.6581 -10.6042 3.7985 -14.1796 14.8582 -15.3778 -53.2726 -7.7024 -9.3216 -0.0494 0.3198 -90.5033 10.0548 -13.9562 -19.6222 -14.8800 10.9233 15.6815 -59.6439 1.8500 2.1762 16.0127 10.8249 16.9348 41.3316 -24.8054 -8.9766 -0.1347 0.3833 98.4229 -27.6448 -11.3445 18.8585 16.0305 7.6564 -16.5127 49.9249 -3.5923 -5.3341 12.4988 -9.1423 22.0840 -0.3458 42.4364 -0.8912 -16.6503 -25.0087 6.8468 1.6372 -0.8248 -2.1305 -15.9697 -37.3210 -24.1756 0.5094 42.4147 0.6042 8.2619 -1.7729 4.0934 -1.4330 -0.0480 0.8372
0.9492 90.3474 -0.8191 3.8063 -5.6542 -1.5165 -0.4002 7.8813 -0.7592 -0.1862 -2.3250 -1.4869 0.0295 18.8983 -3.8604 10.7786 14.8405 -0.2209 -4.2396 -4.3153 -15.2902 2.7470 -16.8150 -19.1790 0.0058 -0.0337 0.0029 0.6761 -10.6186 -3.8270 -0.6589 -10.6083 3.7892 -14.1082 14.8115 -15.3957 -53.2061 -7.7293 -9.2515 -0.0974 0.3209 -90.5868 10.0765 -14.0183 -19.5485 -14.9116 10.9139 15.6754 -59.6103 1.8592 2.1887 15.9351 10.7170 16.9311 41.2342 -24.6260 -9.0106 -0.1634 0.3967 98.4309 -27.6231 -11.4574 18.7354 16.0406 7.6367 -16.4886 49.9764 -3.6085 -5.3331 12.3042 -8.9660 22.1853 -0.3344 41.5030 -0.8732 -16.5599 -24.5508 6.8918 1.6346 -0.8014 -2.1265 -15.6787 -37.1135 -24.4929 0.4964 41.4869 0.5839 8.2658 -1.3735 4.2107 -1.4347 -0.0876 0.8383
0.9196 90.5968 -0.8212 3.8286 -5.3880 -1.5300 -0.3961 7.7926 -0.7457 -0.1790 -2.3708 -1.5057 0.0578 18.7418 -3.8980 10.7187 14.7941 -0.2022 -4.2192 -4.3145 -15.3434 2.7289 -16.6564 -19.1512 0.0055 -0.0285 -0.0004 0.6778 -10.6082 -3.8292 -0.6612 -10.5986 3.7853 -14.0232 14.7271 -15.4315 -53.1604 -7.7398 -9.2002 -0.1454 0.3307 -90.7121 10.1058 -14.0438 -19.4464 -14.9413 10.9141 15.6935 -59.6337 1.8517 2.2055 15.8663 10.6449 16.9527 41.1176 -24.5931 -9.1027 -0.1352 0.4039 98.4258 -27.6387 -11.5327 18.6323 16.0739 7.6208 -16.4657 50.0634 -3.6142 -5.3275 12.1287 -8.8179 22.2701 -0.3271 40.6487 -0.8575 -16.5138 -24.0978 6.9267 1.6344 -0.8068 -2.1302 -15.3934 -36.9738 -24.8258 0.4840 40.7053 0.5556 8.2624 -1.0393 4.3320 -1.4342 -0.1406 0.8286
0.8722 90.8262 -0.7645 3.8657 -5.1405 -1.5400 -0.3911 7.7051 -0.7364 -0.1658 -2.4115 -1.5161 0.0901 18.6136 -3.9214 10.6605 14.7561 -0.1808 -4.2106 -4.3027 -15.3635 2.7295 -16.5797 -19.1349 0.0029 -0.0229 0.0075 0.6765 -10.5962 -3.8190 -0.6652 -10.5872 3.7925 -13.9106 14.6093 -15.4750 -53.1383 -7.7490 -9.1731 -0.1774 0.3474 -90.8414 10.1774 -14.1013 -19.3661 -14.9757 10.9100 15.7213 -59.6478 1.8400 2.2220 15.7845 10.6024 16.9762 40.9791 -24.6934 -9.2071 -0.0712 0.4164 98.3960 -27.6531 -11.5906 18.4916 16.1049 7.5931 -16.4567 50.1215 -3.6214 -5.3340 11.9742 -8.6509 22.3432 -0.3197 39.8250 -0.8519 -16.5199 -23.6447 6.9571 1.6332 -0.7974 -2.1373 -15.1348 -36.8692 -25.1659 0.4939 40.0346 0.5591 8.2362 -0.7667 4.4552 -1.4313 -0.1755 0.8174
0.7812 91.0297 -0.6961 3.9141 -4.9011 -1.5108 -0.3828 7.6211 -0.7346 -0.1520 -2.4547 -1.5235 0.1270 18.5013 -3.9364 10.6435 14.7182 -0.1796 -4.2382 -4.2920 -15.3884 2.7240 -16.5340 -19.1351 -0.0006 -0.0218 0.0183 0.6712 -10.5818 -3.8049 -0.6670 -10.5743 3.8018 -13.8216 14.5138 -15.5451 -53.1215 -7.7893 -9.1323 -0.2233 0.3805 -90.9686 10.2801 -14.1711 -19.3433 -14.9693 10.8941 15.7257 -59.5773 1.8316 2.2246 15.7533 10.5168 17.0114 40.8034 -24.8083 -9.3564 0.0396 0.4228 98.3407 -27.6918 -11.6345 18.3725 16.1138 7.5666 -16.4465 50.1737 -3.6230 -5.3353 11.8424 -8.4757 22.4093 -0.3081 39.0158 -0.8482 -16.5324 -23.2003 6.9832 1.6327 -0.8019 -2.1439 -14.9034 -36.7936 -25.5140 0.4994 39.4711 0.5572 8.2017 -0.5506 4.5739 -1.4282 -0.2199 0.8062
0.7043 91.2195 -0.5937 3.9605 -4.6633 -1.4760 -0.3760 7.5446 -0.7513 -0.1371 -2.4908 -1.5213 0.1669 18.3885 -3.9653 10.6170 14.6678 -0.1700 -4.2630 -4.2762 -15.3926 2.7093 -16.4797 -19.1524 -0.0029 -0.0256 0.0332 0.6632 -10.5774 -3.7890 -0.6636 -10.5725 3.8166 -13.7310 14.4316 -15.6010 -53.1579 -7.8146 -9.1059 -0.2361 0.4487 -91.0627 10.4028 -14.2714 -19.3830 -14.9546 10.8783 15.7135 -59.5339 1.8186 2.2214 15.7366 10.4090 17.0491 40.6177 -24.9033 -9.4916 0.1369 0.4200 98.2714 -27.6756 -11.6537 18.2778 16.1160 7.5568 -16.4450 50.1990 -3.5970 -5.3313 11.7230 -8.2986 22.4410 -0.2982 38.2194 -0.8520 -16.5779 -22.7608 7.0374 1.6320 -0.7975 -2.1366 -14.6709 -36.7212 -25.8331 0.4986 38.9649 0.5524 8.1407 -0.3653 4.6479 -1.4250 -0.2306 0.7963
0.5466 91.3946 -0.4811 4.0048 -4.4061 -1.4202 -0.3579 7.4723 -0.7805 -0.1254 -2.5250 -1.5366 0.2039 18.2725 -3.9801 10.5961 14.5840 -0.1651 -4.2835 -4.2575 -15.3782 2.7066 -16.3576 -19.2024 -0.0076 -0.0281 0.0541 0.6515 -10.5769 -3.7662 -0.6612 -10.5713 3.8376 -13.6435 14.3824 -15.6621 -53.1965 -7.8658 -9.0973 -0.2372 0.5100 -91.0964 10.4744 -14.3534 -19.4248 -14.9314 10.8508 15.6844 -59.4683 1.7976 2.2072 15.7177 10.2895 17.1149 40.4467 -24.9288 -9.6272 0.1859 0.4103 98.2051 -27.5989 -11.6295 18.1766 16.1066 7.5747 -16.4379 50.2138 -3.5479 -5.3234 11.6344 -8.1352 22.4298 -0.2954 37.4325 -0.8585 -16.6591 -22.3418 7.0946 1.6330 -0.7943 -2.1277 -14.4299 -36.6749 -26.1190 0.4969 38.5458 0.5430 8.0678 -0.2360 4.6579 -1.4221 -0.2007 0.7904
0.3726 91.5636 -0.3234 4.0415 -4.1370 -1.3757 -0.3375 7.4003 -0.8190 -0.1132 -2.5569 -1.5524 0.2391 18.1499 -3.9873 10.5862 14.4956 -0.1800 -4.3025 -4.2466 -15.3406 2.7030 -16.2092 -19.2184 -0.0096 -0.0318 0.0606 0.6419 -10.5855 -3.7614 -0.6552 -10.5787 3.8464 -13.5425 14.3696 -15.7239 -53.2551 -7.9521 -9.0643 -0.2422 0.5423 -91.1480 10.5272 -14.3906 -19.4469 -14.9006 10.8400 15.6725 -59.4180 1.7857 2.2008 15.6940 10.1482 17.1693 40.2893 -24.8882 -9.7505 0.1974 0.4394 98.1695 -27.4363 -11.5288 18.0371 16.0656 7.5831 -16.4280 50.1457 -3.5119 -5.2986 11.5818 -7.9768 22.4234 -0.2942 36.6457 -0.8643 -16.7933 -21.9306 7.1820 1.6336 -0.8014 -2.1189 -14.1744 -36.6489 -26.3813 0.4980 38.1973 0.5417 7.9703 -0.1641 4.6340 -1.4201 -0.1528 0.7898
0.1736 91.7179 -0.1623 4.0594 -3.8751 -1.3519 -0.3020 7.3321 -0.8389 -0.1078 -2.5887 -1.5660 0.2899 18.0456 -4.0098 10.5772 14.4065 -0.1766 -4.3247 -4.2403 -15.2805 2.7008 -16.0446 -19.2374 -0.0104 -0.0330 0.0628 0.6360 -10.5938 -3.7632 -0.6505 -10.5876 3.8528 -13.4711 14.3698 -15.8072 -53.2882 -8.0270 -9.0534 -0.2134 0.5812 -91.1836 10.5804 -14.3957 -19.4545 -14.8751 10.8008 15.6688 -59.3706 1.7776 2.2112 15.6772 10.0098 17.2050 40.0994 -24.8116 -9.8230 0.1674 0.4575 98.1181 -27.2751 -11.3968 17.9271 16.0541 7.5814 -16.4147 50.1229 -3.4850 -5.2795 11.5723 -7.8179 22.4117 -0.2950 35.8755 -0.8726 -16.9195 -21.5253 7.2663 1.6358 -0.8302 -2.1110 -13.8999 -36.6193 -26.6226 0.4842 37.9247 0.5234 7.9061 -0.1322 4.5841 -1.4181 -0.0971 0.7859
-0.0451 91.8547 -0.0118 4.0661 -3.6265 -1.3029 -0.2586 7.2759 -0.8472 -0.0986 -2.6191 -1.5846 0.3385 17.9450 -4.0301 10.5734 14.3102 -0.1789 -4.3268 -4.2244 -15.2210 2.6946 -15.8671 -19.2236 -0.0091 -0.0294 0.0584 0.6370 -10.5915 -3.7698 -0.6486 -10.5866 3.8508 -13.3748 14.3229 -15.8708 -53.3214 -8.0598 -9.0990 -0.1794 0.5817 -91.1993 10.6454 -14.4018 -19.4539 -14.8519 10.7695 15.6693 -59.3554 1.7837 2.2256 15.6345 9.8702 17.2273 39.9076 -24.6789 -9.8776 0.1017 0.4847 98.0826 -27.1615 -11.2827 17.7974 16.0358 7.5913 -16.4270 50.0912 -3.4790 -5.2829 11.5778 -7.6806 22.3553 -0.2919 35.1787 -0.8776 -17.0330 -21.1474 7.3855 1.6379 -0.8480 -2.1083 -13.6194 -36.5989 -26.8558 0.4632 37.7531 0.4867 7.7976 -0.1768 4.5244 -1.4178 -0.0411 0.7742
-0.2647 91.9603 0.1513 4.0742 -3.3878 -1.2409 -0.2153 7.2218 -0.8596 -0.0922 -2.6409 -1.5970 0.3955 17.8349 -4.0410 10.5810 14.2180 -0.1734 -4.3398 -4.2159 -15.1599 2.6944 -15.6915 -19.2139 -0.0067 -0.0264 0.0530 0.6408 -10.5901 -3.7787 -0.6471 -10.5850 3.8479 -13.2887 14.2360 -15.9318 -53.3492 -8.0513 -9.1937 -0.1614 0.5520 -91.1730 10.7034 -14.3679 -19.4939 -14.8473 10.7482 15.6664 -59.3676 1.7843 2.2409 15.5648 9.7428 17.2068 39.7579 -24.5045 -9.9135 0.0147 0.5114 98.0765 -27.0785 -11.2050 17.6616 16.0150 7.5927 -16.4451 50.0673 -3.4882 -5.3026 11.5991 -7.5666 22.3013 -0.2891 34.5643 -0.8755 -17.1678 -20.8045 7.5048 1.6395 -0.8515 -2.1074 -13.3580 -36.6220 -27.0972 0.4485 37.6798 0.4586 7.6831 -0.2782 4.4967 -1.4199 0.0223 0.7667
-0.4734 92.0415 0.2974 4.0817 -3.1782 -1.1727 -0.1676 7.1733 -0.8628 -0.0866 -2.6527 -1.6348 0.4381 17.7417 -4.0534 10.5915 14.1260 -0.1700 -4.3501 -4.2113 -15.0935 2.6933 -15.5320 -19.2136 -0.0057 -0.0217 0.0476 0.6458 -10.5874 -3.7862 -0.6496 -10.5809 3.8436 -13.2132 14.1164 -15.9794 -53.3743 -8.0518 -9.2709 -0.1534 0.5350 -91.1245 10.7325 -14.3389 -19.5190 -14.8664 10.7369 15.6711 -59.3616 1.7849 2.2616 15.4796 9.6646 17.2033 39.6259 -24.4209 -9.9510 -0.0168 0.4884 98.0605 -27.0340 -11.1309 17.5661 16.0080 7.5777 -16.4531 50.0549 -3.5024 -5.3323 11.6498 -7.4795 22.2423 -0.2902 34.0646 -0.8812 -17.3256 -20.5109 7.6129 1.6420 -0.8570 -2.1054 -13.1465 -36.6663 -27.2857 0.4371 37.7117 0.4415 7.5478 -0.4213 4.4346 -1.4232 0.0694 0.7635
-0.6886 92.0840 0.4582 4.0920 -3.0047 -1.0896 -0.1308 7.1332 -0.8766 -0.0833 -2.6626 -1.6668 0.4842 17.6664 -4.0581 10.5830 14.0701 -0.1884 -4.3363 -4.2127 -15.0607 2.6738 -15.4007 -19.1521 -0.0036 -0.0228 0.0404 0.6515 -10.5942 -3.7951 -0.6509 -10.5868 3.8380 -13.1435 14.0141 -16.0186 -53.3729 -8.0755 -9.3823 -0.1330 0.4882 -91.1015 10.7211 -14.2696 -19.5388 -14.8940 10.7252 15.6519 -59.3699 1.7825 2.2762 15.3743 9.6579 17.1810 39.5546 -24.3930 -9.9683 -0.0608 0.4272 98.0574 -26.9892 -11.1153 17.5131 15.9899 7.5546 -16.4499 50.0707 -3.5084 -5.3517 11.7012 -7.4287 22.1444 -0.2843 33.7291 -0.8665 -17.5235 -20.2999 7.7024 1.6404 -0.8393 -2.1015 -12.9840 -36.7455 -27.4540 0.4190 37.8515 0.4078 7.4110 -0.5947 4.3816 -1.4256 0.1004 0.7562
-0.8748 92.0981 0.5759 4.0996 -2.8735 -1.0168 -0.0859 7.1113 -0.8815 -0.0811 -2.6644 -1.7000 0.5189 17.6000 -4.0715 10.5713 14.0317 -0.2130 -4.3015 -4.2169 -15.0359 2.6593 -15.2899 -19.0575 -0.0026 -0.0230 0.0374 0.6575 -10.6138 -3.8018 -0.6548 -10.6029 3.8392 -13.1005 13.9370 -16.0595 -53.3570 -8.1308 -9.4852 -0.1246 0.4716 -91.0643 10.7159 -14.2544 -19.5750 -14.9480 10.7126 15.6568 -59.3750 1.7708 2.3003 15.2769 9.6627 17.1536 39.4632 -24.3904 -9.9307 -0.1107 0.3827 98.0531 -26.9270 -11.0933 17.4254 16.0002 7.5440 -16.4448 50.1451 -3.5138 -5.3657 11.7751 -7.4046 22.0680 -0.2800 33.5244 -0.8653 -17.7370 -20.1536 7.7102 1.6403 -0.8178 -2.0961 -12.8690 -36.8344 -27.5663 0.4092 38.0805 0.3880 7.3205 -0.7947 4.2849 -1.4295 0.1422 0.7554
-1.0074 92.0751 0.6941 4.1056 -2.8042 -0.9362 -0.0407 7.1084 -0.8842 -0.0796 -2.6519 -1.7172 0.5568 17.5545 -4.1106 10.5586 14.0183 -0.2355 -4.2638 -4.2195 -15.0070 2.6539 -15.2200 -18.9725 -0.0020 -0.0209 0.0372 0.6605 -10.6149 -3.8022 -0.6562 -10.6006 3.8383 -13.0873 13.8847 -16.1052 -53.3373 -8.1844 -9.6189 -0.0789 0.4980 -91.0205 10.7128 -14.2236 -19.5759 -14.9866 10.7227 15.6759 -59.4041 1.7674 2.3251 15.1822 9.6856 17.1257 39.3670 -24.4286 -9.8743 -0.1377 0.3731 98.0441 -26.8807 -11.0141 17.3145 16.0353 7.5402 -16.4338 50.2069 -3.5080 -5.3673 11.8833 -7.3905 22.0214 -0.2785 33.4555 -0.8687 -17.9435 -20.1102 7.6812 1.6397 -0.7940 -2.0975 -12.8053 -36.9369 -27.6734 0.4139 38.4127 0.3865 7.2454 -1.0478 4.2009 -1.4319 0.1779 0.7547
-1.1571 92.0215 0.8000 4.1228 -2.7796 -0.8722 -0.0064 7.1184 -0.8702 -0.0725 -2.6451 -1.7331 0.5649 17.5360 -4.1500 10.5709 14.0435 -0.2575 -4.2384 -4.2113 -14.9723 2.6872 -15.1798 -18.9151 -0.0045 -0.0168 0.0451 0.6591 -10.6032 -3.7929 -0.6599 -10.5862 3.8463 -13.0829 13.8364 -16.1415 -53.3377 -8.2371 -9.7248 -0.0702 0.5360 -90.9525 10.7414 -14.1734 -19.5835 -15.0066 10.7345 15.6989 -59.4229 1.7611 2.3503 15.1032 9.7272 17.0895 39.3154 -24.5057 -9.8288 -0.1309 0.4061 98.0401 -26.8549 -10.9375 17.2191 16.0457 7.5601 -16.4463 50.2377 -3.4972 -5.3741 11.9883 -7.3937 21.9781 -0.2830 33.5195 -0.8766 -18.1308 -20.1373 7.6323 1.6413 -0.7776 -2.1115 -12.8171 -37.0489 -27.7185 0.4218 38.8271 0.3879 7.1784 -1.3436 4.1541 -1.4328 0.2192 0.7534
-1.2597 91.9538 0.8936 4.1387 -2.8014 -0.8032 0.0192 7.1379 -0.8634 -0.0682 -2.6435 -1.7200 0.5658 17.5580 -4.1937 10.5827 14.1189 -0.2942 -4.2168 -4.1966 -14.9381 2.7372 -15.1961 -18.8638 -0.0094 -0.0135 0.0634 0.6531 -10.6015 -3.7745 -0.6637 -10.5837 3.8666 -13.0549 13.8138 -16.1817 -53.3617 -8.3165 -9.7952 -0.0607 0.5567 -90.9194 10.7800 -14.1371 -19.6279 -15.0012 10.7380 15.7087 -59.4626 1.7570 2.3538 15.0282 9.7630 17.0176 39.2895 -24.5855 -9.7850 -0.1377 0.3848 98.0731 -26.8248 -10.7955 17.1390 16.0275 7.5797 -16.4516 50.2592 -3.4750 -5.3790 12.0881 -7.4252 21.9083 -0.2859 33.7332 -0.8847 -18.2524 -20.2358 7.5645 1.6422 -0.7650 -2.1220 -12.8758 -37.1925 -27.7424 0.4375 39.3173 0.4102 7.1206 -1.6238 4.1369 -1.4305 0.2516 0.7496
-1.3257 91.8456 0.9818 4.1565 -2.8558 -0.7284 0.0364 7.1570 -0.8639 -0.0568 -2.6412 -1.7071 0.5360 17.5881 -4.2382 10.6435 14.1999 -0.2948 -4.2229 -4.1912 -14.9204 2.7673 -15.2194 -18.8321 -0.0140 -0.0130 0.0775 0.6430 -10.5892 -3.7580 -0.6628 -10.5735 3.8804 -13.0362 13.7983 -16.2078 -53.3945 -8.4029 -9.8109 -0.0984 0.5793 -90.8536 10.8331 -14.0535 -19.6870 -14.9863 10.7366 15.7192 -59.4312 1.7592 2.3548 14.9722 9.8055 16.9451 39.3264 -24.6731 -9.7931 -0.1216 0.3967 98.0934 -26.8074 -10.6989 17.0905 15.9877 7.6073 -16.4654 50.2100 -3.4440 -5.4021 12.1855 -7.4891 21.8429 -0.2901 34.0559 -0.8982 -18.3207 -20.3869 7.4713 1.6421 -0.7689 -2.1271 -12.9817 -37.3276 -27.7394 0.4418 39.8248 0.4192 7.0930 -1.9037 4.1399 -1.4280 0.3215 0.7456
-1.3671 91.7159 1.0632 4.1745 -2.9449 -0.6681 0.0435 7.1958 -0.8679 -0.0453 -2.6345 -1.7229 0.4853 17.6315 -4.2361 10.7427 14.2841 -0.3090 -4.2419 -4.1917 -14.8663 2.7890 -15.2328 -18.7871 -0.0193 -0.0108 0.0894 0.6350 -10.5969 -3.7477 -0.6651 -10.5808 3.8952 -13.0147 13.7945 -16.2474 -53.4370 -8.4671 -9.7910 -0.1249 0.6061 -90.8133 10.8787 -13.9951 -19.7918 -14.9673 10.7124 15.6964 -59.3719 1.7385 2.3417 14.9254 9.8206 16.8698 39.4117 -24.7210 -9.8327 -0.0965 0.3879 98.1661 -26.7816 -10.5566 17.0404 15.9433 7.6088 -16.4524 50.1410 -3.4212 -5.4042 12.2870 -7.5757 21.7797 -0.2930 34.5077 -0.9058 -18.4013 -20.5964 7.4269 1.6433 -0.7782 -2.1304 -13.1451 -37.4762 -27.6719 0.4418 40.3841 0.4244 7.1033 -2.2139 4.1406 -1.4253 0.3877 0.7434
-1.3699 91.5805 1.1152 4.1804 -3.0657 -0.6314 0.0418 7.2304 -0.8713 -0.0382 -2.6189 -1.7475 0.4296 17.6866 -4.2215 10.8320 14.3643 -0.3438 -4.2585 -4.1934 -14.7900 2.8054 -15.2314 -18.7529 -0.0218 -0.0132 0.0971 0.6285 -10.6002 -3.7393 -0.6639 -10.5815 3.9035 -13.0319 13.8002 -16.2906 -53.4503 -8.5164 -9.7558 -0.1360 0.5934 -90.7596 10.9118 -13.9712 -19.9076 -14.9696 10.7015 15.6904 -59.3327 1.7203 2.3332 14.9004 9.8309 16.8065 39.5381 -24.7441 -9.8739 -0.0696 0.3984 98.2366 -26.7727 -10.4258 17.0054 15.9253 7.6047 -16.4425 50.0883 -3.4022 -5.4097 12.3931 -7.6514 21.7402 -0.3035 34.9996 -0.9208 -18.4778 -20.8256 7.3709 1.6435 -0.7920 -2.1290 -13.3200 -37.5875 -27.5803 0.4385 40.8854 0.4286 7.1280 -2.4539 4.1048 -1.4247 0.4419 0.7395
-1.3258 91.4410 1.1553 4.1820 -3.1990 -0.5968 0.0388 7.2694 -0.8785 -0.0447 -2.6032 -1.7651 0.3790 17.7463 -4.2155 10.8878 14.4336 -0.3758 -4.2607 -4.1892 -14.6937 2.8057 -15.2285 -18.7113 -0.0219 -0.0145 0.1013 0.6282 -10.6083 -3.7355 -0.6633 -10.5872 3.9074 -13.0689 13.8221 -16.3103 -53.4334 -8.5349 -9.7806 -0.1147 0.5576 -90.7184 10.9039 -13.9871 -19.9814 -14.9597 10.6927 15.6984 -59.3444 1.7135 2.3278 14.8839 9.8554 16.7529 39.6522 -24.7724 -9.8855 -0.0507 0.3941 98.2968 -26.7915 -10.2628 16.9936 15.9253 7.6032 -16.4095 50.0421 -3.3971 -5.3807 12.4801 -7.7431 21.6991 -0.3128 35.5380 -0.9392 -18.5393 -21.0983 7.3378 1.6435 -0.7964 -2.1251 -13.5064 -37.6900 -27.4718 0.4306 41.3467 0.4291 7.1710 -2.6670 4.0777 -1.4254 0.4854 0.7364
-1.2697 91.2909 1.1708 4.1779 -3.3485 -0.5683 0.0373 7.3184 -0.8881 -0.0535 -2.5775 -1.7771 0.3344 17.7896 -4.1966 10.9412 14.4841 -0.3605 -4.2449 -4.1847 -14.6529 2.8017 -15.2357 -18.6803 -0.0205 -0.0134 0.0986 0.6293 -10.6199 -3.7392 -0.6616 -10.5962 3.9052 -13.1193 13.8389 -16.3163 -53.4082 -8.5731 -9.8071 -0.1392 0.5000 -90.6133 10.8755 -14.0145 -20.0600 -14.9680 10.7087 15.7162 -59.4117 1.7239 2.3314 14.8468 9.8877 16.7095 39.7547 -24.7389 -9.8717 -0.0672 0.3979 98.3652 -26.8315 -10.1268 16.9811 15.9103 7.6057 -16.4043 50.0119 -3.4054 -5.3778 12.5432 -7.8549 21.6321 -0.3141 36.1365 -0.9515 -18.5706 -21.4198 7.2932 1.6432 -0.8020 -2.1251 -13.7167 -37.7988 -27.3335 0.4288 41.8180 0.4279 7.2012 -2.8840 4.0809 -1.4284 0.5038 0.7380
-1.1612 91.1415 1.1669 4.1718 -3.5019 -0.5556 0.0281 7.3645 -0.8976 -0.0627 -2.5470 -1.7552 0.2943 17.8259 -4.1929 10.9816 14.5353 -0.3691 -4.2288 -4.1837 -14.6247 2.7818 -15.2504 -18.6407 -0.0172 -0.0156 0.0908 0.6378 -10.6256 -3.7500 -0.6633 -10.6026 3.8991 -13.2050 13.8844 -16.3227 -53.3272 -8.6078 -9.8786 -0.1190 0.4632 -90.4904 10.8379 -14.0648 -20.1338 -14.9675 10.7209 15.7336 -59.4845 1.7263 2.3350 14.7988 9.9356 16.6779 39.8846 -24.6967 -9.8694 -0.0697 0.4186 98.4244 -26.8690 -10.0455 16.9945 15.9268 7.6228 -16.4194 49.9857 -3.4423 -5.3836 12.5996 -7.9898 21.5925 -0.3177 36.7824 -0.9563 -18.5846 -21.7745 7.2813 1.6429 -0.7740 -2.1257 -13.9421 -37.9105 -27.1788 0.4370 42.2454 0.4391 7.2465 -3.0772 4.0890 -1.4319 0.5319 0.7360
-1.0011 90.9770 1.1549 4.1671 -3.6949 -0.5565 0.0112 7.4134 -0.8856 -0.0674 -2.5204 -1.7579 0.2476 17.9026 -4.1822 11.0285 14.5755 -0.3695 -4.2309 -4.2090 -14.6030 2.7484 -15.2956 -18.6131 -0.0126 -0.0223 0.0807 0.6482 -10.6353 -3.7614 -0.6641 -10.6141 3.8878 -13.3081 13.9407 -16.2947 -53.2069 -8.6247 -9.9862 -0.0922 0.4528 -90.3466 10.8322 -14.1753 -20.2005 -14.9732 10.7443 15.7500 -59.5286 1.7351 2.3376 14.7489 10.0279 16.6352 39.9883 -24.6974 -9.8300 -0.0860 0.3975 98.4893 -26.9119 -9.9450 16.9965 15.9360 7.6380 -16.4552 49.9720 -3.4555 -5.4125 12.6344 -8.1291 21.5645 -0.3224 37.5018 -0.9498 -18.5727 -22.1744 7.2706 1.6410 -0.7321 -2.1184 -14.2278 -38.0212 -26.9440 0.4428 42.6950 0.4495 7.3113 -3.2355 4.0959 -1.4361 0.5213 0.7479
-0.8256 90.7958 1.0945 4.1695 -3.9073 -0.5868 -0.0092 7.4549 -0.8657 -0.0704 -2.4930 -1.7496 0.2001 18.0071 -4.1800 11.0546 14.6093 -0.3846 -4.2319 -4.2338 -14.5944 2.6975 -15.3797 -18.5776 -0.0080 -0.0292 0.0710 0.6581 -10.6315 -3.7697 -0.6648 -10.6120 3.8745 -13.4212 14.0115 -16.2736 -53.0720 -8.6257 -10.1210 -0.0389 0.4242 -90.1838 10.8347 -14.2052 -20.2567 -14.9661 10.7736 15.7678 -59.5549 1.7443 2.3353 14.7122 10.1102 16.5750 40.0708 -24.7044 -9.7371 -0.1122 0.3714 98.5342 -26.9424 -9.8040 16.9763 15.9599 7.6364 -16.4512 49.9734 -3.4923 -5.4150 12.6459 -8.2561 21.5548 -0.3246 38.2574 -0.9347 -18.5300 -22.5882 7.2319 1.6393 -0.7120 -2.1160 -14.5373 -38.1158 -26.6778 0.4370 43.0943 0.4486 7.4102 -3.3496 4.1120 -1.4390 0.4960 0.7593
-0.6149 90.6141 1.0225 4.1713 -4.1546 -0.6467 -0.0160 7.5112 -0.8283 -0.0727 -2.4589 -1.7381 0.1556 18.1279 -4.1710 11.0447 14.6143 -0.3802 -4.2277 -4.2603 -14.6395 2.6526 -15.4821 -18.5504 -0.0055 -0.0346 0.0649 0.6670 -10.6341 -3.7761 -0.6693 -10.6174 3.8688 -13.5540 14.0439 -16.2585 -52.9452 -8.6153 -10.1857 -0.0530 0.4105 -90.0150 10.8292 -14.2080 -20.2802 -15.0003 10.7803 15.7712 -59.5646 1.7582 2.3382 14.6922 10.2236 16.5160 40.1328 -24.7551 -9.6053 -0.1457 0.3509 98.5221 -26.9735 -9.6364 17.0071 15.9835 7.6236 -16.4541 49.9682 -3.4970 -5.4427 12.6569 -8.3763 21.5815 -0.3195 39.0507 -0.9146 -18.4805 -23.0104 7.1690 1.6388 -0.6777 -2.1190 -14.8795 -38.1847 -26.3770 0.4282 43.4658 0.4410 7.5428 -3.4208 4.1225 -1.4411 0.4501 0.7649
-0.4002 90.4253 0.9237 4.1753 -4.4202 -0.7102 -0.0235 7.5714 -0.7980 -0.0746 -2.4243 -1.7222 0.1200 18.2637 -4.1601 11.0212 14.6289 -0.3569 -4.2270 -4.2800 -14.6952 2.6337 -15.5800 -18.5581 -0.0061 -0.0370 0.0673 0.6710 -10.6256 -3.7705 -0.6746 -10.6089 3.8673 -13.6983 14.0719 -16.2410 -52.8392 -8.5935 -10.2111 -0.1034 0.4128 -89.8596 10.8059 -14.1471 -20.2788 -15.0028 10.8051 15.7824 -59.5959 1.7665 2.3473 14.6984 10.3636 16.4731 40.2266 -24.8649 -9.4870 -0.1688 0.3226 98.4690 -27.0151 -9.4957 17.1133 16.0240 7.6075 -16.4314 49.9811 -3.5194 -5.4526 12.6724 -8.5046 21.6564 -0.3211 39.8587 -0.9131 -18.4267 -23.4507 7.0723 1.6378 -0.6399 -2.1267 -15.2297 -38.2553 -26.1035 0.4243 43.8123 0.4399 7.6893 -3.4559 4.1751 -1.4412 0.4074 0.7726
-0.1498 90.2288 0.7893 4.1901 -4.6970 -0.7763 -0.0409 7.6230 -0.7705 -0.0765 -2.3887 -1.7094 0.0978 18.4029 -4.1300 10.9970 14.6839 -0.3557 -4.2202 -4.2943 -14.7719 2.6244 -15.7365 -18.5736 -0.0067 -0.0390 0.0689 0.6744 -10.6204 -3.7672 -0.6798 -10.6006 3.8687 -13.8662 14.1152 -16.2216 -52.7438 -8.5779 -10.2076 -0.1679 0.4359 -89.7257 10.7706 -14.0262 -20.2711 -15.0111 10.8222 15.7924 -59.5877 1.7677 2.3715 14.7565 10.5147 16.4635 40.3012 -24.9930 -9.4026 -0.2293 0.2987 98.4144 -27.0549 -9.3629 17.2460 16.0379 7.6008 -16.4169 50.0221 -3.5388 -5.4717 12.6760 -8.6155 21.7569 -0.3134 40.6492 -0.8899 -18.3484 -23.9014 6.9468 1.6356 -0.6077 -2.1336 -15.6112 -38.3468 -25.8104 0.4442 44.1427 0.4659 7.8362 -3.4635 4.2384 -1.4393 0.3668 0.7763
0.0776 90.0458 0.6729 4.1968 -4.9662 -0.8495 -0.0548 7.6668 -0.7385 -0.0754 -2.3638 -1.6925 0.0781 18.5465 -4.0993 10.9757 14.7686 -0.3388 -4.2300 -4.2984 -14.8458 2.6348 -15.9214 -18.6163 -0.0073 -0.0348 0.0700 0.6747 -10.6156 -3.7657 -0.6815 -10.5921 3.8687 -14.0346 14.1745 -16.1998 -52.6753 -8.5554 -10.2014 -0.2337 0.4817 -89.6257 10.7407 -13.8721 -20.2478 -14.9996 10.8527 15.7941 -59.6139 1.7730 2.3652 14.8220 10.6517 16.4640 40.4106 -25.1489 -9.3652 -0.2146 0.3120 98.3215 -27.1211 -9.2221 17.3923 16.0663 7.6074 -16.3986 50.0604 -3.5567 -5.4698 12.6750 -8.7213 21.8719 -0.3114 41.3930 -0.8800 -18.2414 -24.3490 6.7859 1.6331 -0.5830 -2.1475 -15.9645 -38.4208 -25.5464 0.4729 44.4232 0.5052 7.9590 -3.4359 4.3286 -1.4355 0.3294 0.7810
0.3076 89.8907 0.5490 4.1986 -5.2213 -0.9083 -0.0717 7.6882 -0.7103 -0.0795 -2.3604 -1.6639 0.0540 18.6888 -4.0788 10.9632 14.8814 -0.3280 -4.2503 -4.2994 -14.8999 2.6378 -16.0695 -18.6547 -0.0049 -0.0333 0.0659 0.6775 -10.6159 -3.7692 -0.6797 -10.5926 3.8637 -14.1895 14.2696 -16.1557 -52.6142 -8.4784 -10.2096 -0.2688 0.4854 -89.5968 10.6898 -13.6997 -20.2146 -15.0080 10.8787 15.7961 -59.6429 1.7896 2.3398 14.9355 10.7499 16.4611 40.5007 -25.2607 -9.3573 -0.1840 0.2954 98.2098 -27.1482 -9.1310 17.5378 16.0607 7.6321 -16.3670 50.0671 -3.5500 -5.4511 12.6589 -8.8099 21.9653 -0.3063 42.0514 -0.8584 -18.0848 -24.7594 6.6228 1.6307 -0.5493 -2.1565 -16.2843 -38.4582 -25.3098 0.4882 44.6005 0.5251 8.0723 -3.3769 4.4368 -1.4313 0.2822 0.7827
0.5229 89.7572 0.4406 4.1926 -5.4504 -0.9656 -0.0971 7.6925 -0.6975 -0.0864 -2.3470 -1.6183 0.0327 18.8193 -4.0671 10.9770 14.9806 -0.3179 -4.2673 -4.3000 -14.9533 2.6275 -16.1528 -18.6772 -0.0051 -0.0322 0.0649 0.6779 -10.6168 -3.7696 -0.6806 -10.5931 3.8614 -14.2948 14.3557 -16.0760 -52.5889 -8.3308 -10.2842 -0.2566 0.5022 -89.5716 10.6590 -13.5656 -20.2343 -14.9899 10.9048 15.7905 -59.6625 1.8086 2.3037 15.0782 10.8158 16.4441 40.6351 -25.2973 -9.3606 -0.1664 0.2666 98.1319 -27.1000 -9.0562 17.6359 16.0510 7.6704 -16.3354 50.0376 -3.5027 -5.4332 12.6380 -8.8884 22.0699 -0.3060 42.6186 -0.8416 -17.9149 -25.1288 6.4693 1.6289 -0.5235 -2.1567 -16.5522 -38.4783 -25.1209 0.5100 44.7228 0.5515 8.1712 -3.3313 4.5315 -1.4282 0.2637 0.7892
0.7273 89.6513 0.3231 4.1793 -5.6626 -1.0161 -0.1360 7.6871 -0.6965 -0.0901 -2.3436 -1.5781 0.0056 18.9418 -4.0586 11.0052 15.0771 -0.3239 -4.2722 -4.3044 -14.9846 2.6169 -16.1706 -18.6681 -0.0071 -0.0340 0.0686 0.6752 -10.6179 -3.7616 -0.6819 -10.5917 3.8609 -14.3731 14.4138 -15.9549 -52.5912 -8.0986 -10.3568 -0.2313 0.5290 -89.5787 10.6277 -13.5697 -20.2596 -14.9630 10.9112 15.7826 -59.6667 1.8117 2.2786 15.2424 10.8773 16.4482 40.7890 -25.2847 -9.3832 -0.1469 0.2398 98.0714 -27.0469 -9.0215 17.7148 16.0261 7.7163 -16.3363 50.0276 -3.4605 -5.4267 12.6302 -8.9154 22.1919 -0.3130 43.0229 -0.8386 -17.7350 -25.3894 6.3280 1.6291 -0.5198 -2.1456 -16.7680 -38.4352 -24.9668 0.5201 44.7392 0.5740 8.2949 -3.2623 4.5810 -1.4257 0.2285 0.8002
0.9422 89.6014 0.2223 4.1652 -5.8358 -1.0585 -0.1766 7.6681 -0.6960 -0.0955 -2.3475 -1.5499 -0.0146 19.0274 -4.0345 11.0499 15.1455 -0.3506 -4.2711 -4.3075 -14.9792 2.5516 -16.1882 -18.6404 -0.0088 -0.0337 0.0718 0.6706 -10.6114 -3.7581 -0.6811 -10.5860 3.8651 -14.4501 14.4719 -15.8481 -52.6212 -7.8486 -10.3771 -0.2427 0.5537 -89.6334 10.5645 -13.6394 -20.2367 -14.9324 10.9297 15.7891 -59.6485 1.8086 2.2641 15.4137 10.9091 16.4414 40.9863 -25.2029 -9.4368 -0.1285 0.2710 98.0001 -26.9282 -9.0380 17.7459 16.0150 7.7380 -16.3647 49.9840 -3.4253 -5.4266 12.6191 -8.8971 22.3415 -0.3233 43.2491 -0.8477 -17.5809 -25.5535 6.2199 1.6294 -0.5247 -2.1287 -16.9293 -38.3415 -24.8918 0.5260 44.6297 0.5911 8.4169 -3.1768 4.6335 -1.4258 0.1892 0.8109
1.0721 89.6140 0.1257 4.1507 -5.9656 -1.0917 -0.2276 7.6437 -0.6842 -0.1068 -2.3644 -1.5503 -0.0207 19.0911 -3.9922 11.1000 15.2236 -0.3926 -4.2523 -4.3020 -14.9512 2.4881 -16.2344 -18.6258 -0.0103 -0.0302 0.0775 0.6694 -10.6070 -3.7519 -0.6829 -10.5849 3.8710 -14.5181 14.5584 -15.7541 -52.6424 -7.6077 -10.3486 -0.2424 0.5152 -89.7471 10.4640 -13.6973 -20.1568 -14.9118 10.9493 15.7835 -59.6827 1.8038 2.2515 15.5932 10.9202 16.4568 41.1644 -25.0671 -9.5078 -0.1298 0.2774 97.9603 -26.8014 -9.1061 17.7800 15.9952 7.7300 -16.3690 49.9427 -3.4237 -5.4012 12.5833 -8.8439 22.4633 -0.3358 43.3244 -0.8552 -17.4110 -25.6389 6.1419 1.6289 -0.5350 -2.1151 -17.0211 -38.2208 -24.8890 0.5277 44.4228 0.6068 8.4911 -3.0599 4.7240 -1.4261 0.1395 0.8221
1.1834 89.6789 0.0738 4.1333 -6.0464 -1.1027 -0.2811 7.6031 -0.6929 -0.1214 -2.3774 -1.5254 -0.0216 19.0856 -3.9609 11.1636 15.2865 -0.3958 -4.2630 -4.3062 -14.9734 2.4366 -16.2668 -18.6386 -0.0083 -0.0290 0.0702 0.6684 -10.6018 -3.7599 -0.6776 -10.5834 3.8633 -14.5801 14.6304 -15.6298 -52.6909 -7.3455 -10.2963 -0.3010 0.4905 -89.8407 10.3556 -13.7412 -20.0605 -14.8893 10.9794 15.7990 -59.6838 1.8185 2.2531 15.7990 10.9115 16.4620 41.3466 -24.8927 -9.6032 -0.0971 0.3269 97.9165 -26.6929 -9.2850 17.8388 15.9899 7.7143 -16.3935 49.9115 -3.4461 -5.3940 12.5517 -8.7259 22.5710 -0.3446 43.1736 -0.8700 -17.2482 -25.6306 6.0721 1.6287 -0.5594 -2.1114 -17.0462 -38.0526 -24.9616 0.5326 44.0710 0.6279 8.5487 -2.8678 4.7837 -1.4275 0.0794 0.8352
1.2696 89.7843 0.0441 4.1200 -6.0755 -1.1211 -0.3377 7.5531 -0.6968 -0.1412 -2.4007 -1.5032 -0.0245 19.0646 -3.9231 11.2279 15.3402 -0.3867 -4.2770 -4.3090 -14.9957 2.4178 -16.2691 -18.6948 -0.0050 -0.0315 0.0561 0.6727 -10.6148 -3.7783 -0.6753 -10.6022 3.8525 -14.6129 14.7147 -15.5180 -52.7303 -7.0974 -10.2527 -0.3020 0.4669 -89.9900 10.2484 -13.7715 -19.9298 -14.8878 10.9935 15.8014 -59.7238 1.8123 2.2455 15.9766 10.9206 16.4846 41.5464 -24.7348 -9.7391 -0.0729 0.3313 97.8927 -26.5814 -9.4640 17.9064 16.0012 7.6715 -16.3750 49.8644 -3.4706 -5.3695 12.4922 -8.6030 22.6602 -0.3454 42.9237 -0.8790 -17.0544 -25.5893 6.0181 1.6282 -0.5821 -2.1049 -17.0232 -37.8846 -25.0372 0.5339 43.6723 0.6334 8.5844 -2.6818 4.8190 -1.4264 0.0308 0.8417
1.2902 89.9121 0.0219 4.1112 -6.0527 -1.1363 -0.3971 7.4856 -0.7027 -0.1522 -2.4129 -1.4894 -0.0318 19.0053 -3.8836 11.2894 15.3481 -0.3668 -4.3082 -4.3212 -15.0329 2.3986 -16.2218 -18.7632 -0.0024 -0.0354 0.0426 0.6754 -10.6209 -3.7927 -0.6726 -10.6111 3.8388 -14.6438 14.7317 -15.3980 -52.7761 -6.8384 -10.1910 -0.3533 0.4148 -90.0979 10.1810 -13.8002 -19.8619 -14.8942 10.9981 15.7988 -59.7378 1.8132 2.2298 16.1168 10.8919 16.5054 41.7170 -24.5541 -9.8595 -0.0275 0.3323 97.8455 -26.4856 -9.6585 17.9745 15.9908 7.6479 -16.3626 49.7999 -3.4736 -5.3401 12.4188 -8.4414 22.7315 -0.3426 42.5235 -0.8851 -16.9103 -25.4651 6.0206 1.6301 -0.5912 -2.0971 -16.9408 -37.7050 -25.1230 0.5273 43.2173 0.6281 8.5977 -2.4777 4.8296 -1.4274 0.0002 0.8501
1.3195 90.0569 0.0195 4.1097 -5.9703 -1.1526 -0.4480 7.4032 -0.6976 -0.1652 -2.4326 -1.4707 -0.0306 18.9259 -3.8502 11.3040 15.3086 -0.3659 -4.3412 -4.3337 -15.0338 2.3818 -16.0957 -18.8197 -0.0004 -0.0395 0.0331 0.6840 -10.6263 -3.8040 -0.6772 -10.6193 3.8309 -14.6672 14.7075 -15.2958 -52.8478 -6.5535 -10.1298 -0.3665 0.3877 -90.2380 10.1158 -13.8436 -19.7862 -14.9228 10.9880 15.7835 -59.7477 1.8223 2.2149 16.2203 10.8361 16.5008 41.8578 -24.2669 -9.9286 -0.0683 0.3365 97.8199 -26.4220 -9.7876 18.0470 15.9944 7.6364 -16.3403 49.8112 -3.4727 -5.3279 12.3357 -8.2751 22.8026 -0.3313 41.9874 -0.8679 -16.7889 -25.2518 6.0426 1.6315 -0.5910 -2.0806 -16.8136 -37.5000 -25.2084 0.5146 42.6823 0.6103 8.6023 -2.2413 4.8201 -1.4291 -0.0207 0.8585
1.2862 90.2386 0.0365 4.1157 -5.8466 -1.1381 -0.4968 7.3083 -0.6962 -0.1766 -2.4484 -1.4511 -0.0240 18.8315 -3.8282 11.2826 15.2288 -0.3754 -4.3446 -4.3434 -15.0522 2.3807 -15.9504 -18.8816 0.0015 -0.0420 0.0309 0.6906 -10.6153 -3.8039 -0.6796 -10.6090 3.8249 -14.6689 14.6651 -15.2023 -52.9191 -6.3194 -10.0449 -0.3851 0.3772 -90.4033 10.0465 -13.8490 -19.7070 -14.9499 10.9726 15.7838 -59.7201 1.8330 2.2224 16.2998 10.7783 16.4944 41.9331 -23.9793 -9.9879 -0.1090 0.3595 97.8041 -26.4329 -9.9487 18.1216 16.0192 7.6204 -16.3275 49.8467 -3.4853 -5.3357 12.2498 -8.1181 22.8917 -0.3169 41.3594 -0.8612 -16.6957 -24.9519 6.0689 1.6316 -0.5708 -2.0675 -16.6561 -37.2969 -25.3431 0.5108 42.1008 0.6005 8.6069 -2.0041 4.7836 -1.4307 -0.0351 0.8656
1.2383 90.4285 0.0611 4.1269 -5.6972 -1.0942 -0.5410 7.2247 -0.6962 -0.1883 -2.4906 -1.4283 -0.0176 18.7448 -3.8282 11.2311 15.1638 -0.4006 -4.3238 -4.3478 -15.0924 2.3779 -15.8239 -18.8943 0.0019 -0.0429 0.0395 0.6930 -10.6114 -3.7942 -0.6812 -10.6025 3.8328 -14.6525 14.6273 -15.1268 -52.9845 -6.1417 -9.9595 -0.4066 0.3220 -90.6117 10.0211 -13.8181 -19.6197 -14.9933 10.9551 15.7747 -59.7203 1.8299 2.2264 16.3573 10.7682 16.4926 41.9963 -23.7616 -10.0957 -0.1125 0.3811 97.8373 -26.4940 -10.2309 18.1719 16.0427 7.6169 -16.3282 49.9465 -3.4835 -5.3373 12.1456 -7.9568 22.9519 -0.3007 40.6736 -0.8298 -16.5962 -24.5971 6.0714 1.6305 -0.5746 -2.0574 -16.4701 -37.1168 -25.5279 0.5215 41.5268 0.6071 8.5971 -1.7592 4.7590 -1.4302 -0.0619 0.8624
1.1667 90.6323 0.0998 4.1506 -5.5082 -1.0566 -0.5828 7.1336 -0.6937 -0.1975 -2.5379 -1.4150 -0.0243 18.6452 -3.8369 11.1934 15.0829 -0.4252 -4.3104 -4.3519 -15.1357 2.3567 -15.7248 -18.9031 0.0016 -0.0418 0.0512 0.6913 -10.6066 -3.7814 -0.6802 -10.5974 3.8442 -14.6559 14.6113 -15.1169 -53.0242 -6.0104 -9.8778 -0.3754 0.3113 -90.8225 10.0769 -13.8145 -19.6025 -15.0099 10.9599 15.7741 -59.7086 1.8233 2.2298 16.4221 10.7352 16.4979 41.9970 -23.5974 -10.2488 -0.0367 0.4009 97.8517 -26.5431 -10.5152 18.1441 16.0395 7.6124 -16.3424 50.0085 -3.4790 -5.3226 12.0448 -7.7653 23.0067 -0.2870 39.8521 -0.8158 -16.5405 -24.1730 6.0941 1.6301 -0.6030 -2.0538 -16.2622 -36.9534 -25.7218 0.5340 40.9395 0.6298 8.5682 -1.5133 4.6954 -1.4284 -0.0849 0.8588
1.0513 90.8695 0.1699 4.1941 -5.2720 -1.0094 -0.6350 7.0228 -0.6999 -0.2044 -2.5837 -1.4131 -0.0357 18.5165 -3.8530 11.1909 14.9675 -0.4359 -4.3313 -4.3510 -15.1643 2.3587 -15.6208 -18.9474 0.0001 -0.0428 0.0649 0.6828 -10.5889 -3.7659 -0.6745 -10.5836 3.8557 -14.7076 14.6063 -15.1431 -53.0668 -5.9445 -9.7603 -0.3409 0.3109 -91.0193 10.1479 -13.8376 -19.6316 -14.9951 10.9490 15.7579 -59.6253 1.8224 2.2343 16.5115 10.6760 16.5199 41.9437 -23.4133 -10.3946 0.0112 0.4604 97.7876 -26.5699 -10.7614 18.1391 16.0080 7.6257 -16.3603 50.0672 -3.4650 -5.3092 11.9220 -7.5389 23.0581 -0.2790 38.8911 -0.8101 -16.5273 -23.6857 6.1516 1.6310 -0.6359 -2.0554 -16.0279 -36.7940 -25.9458 0.5433 40.2893 0.6501 8.5037 -1.2304 4.6445 -1.4269 -0.1063 0.8542
0.9178 91.1255 0.2655 4.2486 -4.9758 -0.9596 -0.6834 6.8955 -0.7227 -0.2055 -2.6320 -1.4261 -0.0495 18.3685 -3.8648 11.2152 14.8495 -0.4185 -4.3564 -4.3431 -15.1666 2.4096 -15.4852 -19.0461 -0.0011 -0.0448 0.0695 0.6712 -10.5848 -3.7598 -0.6652 -10.5844 3.8606 -14.7442 14.5923 -15.2080 -53.1147 -5.9409 -9.6413 -0.3111 0.3105 -91.2077 10.2547 -13.9020 -19.6989 -14.9473 10.9180 15.7459 -59.5324 1.8074 2.2272 16.6061 10.5838 16.5534 41.8220 -23.2416 -10.5757 0.0555 0.4301 97.7163 -26.5235 -10.8957 18.0594 15.9754 7.6227 -16.3650 50.0751 -3.4402 -5.2875 11.7737 -7.3115 23.0901 -0.2785 37.8072 -0.8271 -16.5368 -23.1296 6.2464 1.6344 -0.6653 -2.0592 -15.7485 -36.6676 -26.1892 0.5495 39.6064 0.6631 8.3922 -0.9508 4.5375 -1.4243 -0.0908 0.8421
0.7573 91.3934 0.3798 4.2901 -4.6443 -0.8791 -0.7177 6.7697 -0.7470 -0.2039 -2.6762 -1.4392 -0.0514 18.1833 -3.9122 11.2399 14.7082 -0.3907 -4.4065 -4.3344 -15.1412 2.4804 -15.2688 -19.1438 0.0008 -0.0480 0.0650 0.6657 -10.5870 -3.7663 -0.6555 -10.5930 3.8574 -14.7125 14.5443 -15.2531 -53.2008 -5.9142 -9.5508 -0.2608 0.3693 -91.4070 10.3865 -14.0476 -19.7843 -14.9408 10.8684 15.7409 -59.4604 1.7851 2.2227 16.6309 10.4313 16.5772 41.7201 -22.9736 -10.7593 0.0351 0.3969 97.6528 -26.4439 -10.8990 17.9555 15.9662 7.6132 -16.3621 50.0713 -3.4023 -5.2755 11.6289 -7.0735 23.0768 -0.2753 36.6453 -0.8308 -16.5804 -22.5254 6.3751 1.6402 -0.7014 -2.0580 -15.4347 -36.5232 -26.3945 0.5454 38.9218 0.6666 8.2806 -0.6985 4.3655 -1.4239 -0.0701 0.8387
0.5567 91.6512 0.4891 4.3001 -4.3023 -0.8034 -0.7235 6.6653 -0.7832 -0.2009 -2.7168 -1.4545 -0.0425 17.9938 -3.9651 11.2469 14.5575 -0.3560 -4.4241 -4.3265 -15.1201 2.5528 -15.0024 -19.2209 0.0041 -0.0500 0.0551 0.6637 -10.5963 -3.7802 -0.6464 -10.6066 3.8508 -14.5923 14.4543 -15.2839 -53.3191 -5.8924 -9.4745 -0.2427 0.4162 -91.6110 10.4849 -14.1534 -19.8514 -14.9406 10.8174 15.7268 -59.4184 1.7723 2.2190 16.5813 10.2486 16.5890 41.6261 -22.7127 -10.9819 0.0207 0.3420 97.6258 -26.3589 -10.8807 17.8978 15.9443 7.6159 -16.3811 50.0358 -3.3782 -5.2620 11.5270 -6.8711 23.0408 -0.2732 35.5316 -0.8428 -16.6733 -21.9268 6.5416 1.6438 -0.7514 -2.0526 -15.0800 -36.3894 -26.6258 0.5326 38.2842 0.6543 8.1757 -0.4702 4.2069 -1.4225 -0.0674 0.8306
0.3451 91.8855 0.5940 4.2934 -3.9600 -0.7110 -0.7062 6.5817 -0.8197 -0.2031 -2.7493 -1.4586 -0.0153 17.7918 -4.0326 11.2416 14.3786 -0.3649 -4.4349 -4.3161 -15.0760 2.6257 -14.7201 -19.2584 0.0058 -0.0518 0.0518 0.6620 -10.5960 -3.7881 -0.6402 -10.6064 3.8495 -14.4309 14.3831 -15.3242 -53.4114 -5.9142 -9.4541 -0.2348 0.4419 -91.7760 10.5579 -14.1891 -19.9372 -14.9574 10.7698 15.7392 -59.3765 1.7631 2.2365 16.4914 10.0565 16.5955 41.5170 -22.4284 -11.2111 -0.0243 0.3911 97.6375 -26.3396 -10.9510 17.9116 15.9307 7.6234 -16.4026 49.9890 -3.3860 -5.2514 11.4799 -6.6876 22.9788 -0.2728 34.4356 -0.8482 -16.8258 -21.3389 6.7283 1.6480 -0.7794 -2.0428 -14.6944 -36.2527 -26.9020 0.5113 37.7016 0.6239 8.0548 -0.2795 4.0786 -1.4229 -0.0649 0.8199
0.1064 92.0991 0.6758 4.2668 -3.6555 -0.6044 -0.6687 6.5383 -0.8338 -0.2044 -2.7975 -1.5058 0.0189 17.6253 -4.0814 11.2322 14.2362 -0.3696 -4.4171 -4.3038 -15.0262 2.7036 -14.4365 -19.2870 0.0065 -0.0503 0.0504 0.6603 -10.6009 -3.7927 -0.6368 -10.6115 3.8518 -14.2497 14.3302 -15.3689 -53.4517 -5.9765 -9.4909 -0.2370 0.4300 -91.8854 10.6289 -14.1751 -20.0426 -14.9956 10.7207 15.7264 -59.4134 1.7579 2.2558 16.3550 9.9116 16.6293 41.3984 -22.2063 -11.4689 -0.0495 0.4404 97.7097 -26.4229 -11.0780 17.9738 15.9298 7.6237 -16.4128 50.0089 -3.3689 -5.2640 11.4658 -6.5426 22.8551 -0.2666 33.5077 -0.8307 -16.9917 -20.8204 6.9184 1.6502 -0.8372 -2.0381 -14.3133 -36.1470 -27.1886 0.4826 37.2725 0.5763 7.9184 -0.1670 4.0160 -1.4236 -0.0545 0.8067
-0.1208 92.2741 0.7769 4.2434 -3.3857 -0.5052 -0.6268 6.5075 -0.8545 -0.1966 -2.8292 -1.5515 0.0490 17.4743 -4.1146 11.2182 14.1005 -0.3898 -4.3947 -4.2898 -14.9857 2.7560 -14.1770 -19.3008 0.0047 -0.0456 0.0516 0.6573 -10.6015 -3.7924 -0.6374 -10.6117 3.8558 -14.0988 14.2869 -15.4301 -53.4448 -6.0886 -9.5940 -0.2312 0.4354 -91.9085 10.7028 -14.1250 -20.1475 -15.0076 10.6979 15.7343 -59.4397 1.7468 2.2839 16.1945 9.8234 16.6430 41.2201 -22.0884 -11.6432 -0.0719 0.4907 97.7812 -26.5291 -11.2530 18.0275 15.9464 7.6058 -16.4310 50.0373 -3.4041 -5.2952 11.4863 -6.4146 22.7200 -0.2580 32.6933 -0.8122 -17.1388 -20.3598 7.0519 1.6508 -0.8844 -2.0389 -13.9535 -36.0753 -27.4959 0.4605 36.9493 0.5330 7.7763 -0.1225 3.9994 -1.4252 -0.0394 0.7995
-0.3292 92.4086 0.8846 4.2228 -3.1497 -0.4197 -0.5887 6.4833 -0.8538 -0.1868 -2.8590 -1.6053 0.0865 17.3554 -4.1347 11.1865 14.0101 -0.4340 -4.3740 -4.2838 -14.9385 2.7948 -13.9365 -19.3029 0.0029 -0.0418 0.0575 0.6589 -10.5995 -3.7879 -0.6426 -10.6102 3.8653 -13.9803 14.2326 -15.5175 -53.3869 -6.2397 -9.7009 -0.2092 0.4251 -91.9043 10.7539 -14.0123 -20.2224 -15.0327 10.6660 15.7303 -59.4299 1.7419 2.3069 16.0124 9.7479 16.6458 41.0607 -22.0394 -11.7891 -0.0462 0.5173 97.8306 -26.6769 -11.4189 18.1355 15.9727 7.5776 -16.4139 50.0870 -3.4417 -5.3166 11.5084 -6.3090 22.6056 -0.2509 32.0032 -0.7966 -17.2733 -19.9706 7.1854 1.6473 -0.9013 -2.0404 -13.6314 -36.0294 -27.7553 0.4379 36.7344 0.4880 7.6354 -0.1310 3.9960 -1.4247 -0.0309 0.7898
-0.5290 92.5197 0.9892 4.2187 -2.9388 -0.3391 -0.5516 6.4527 -0.8526 -0.1743 -2.8743 -1.6406 0.1101 17.2327 -4.1643 11.1229 13.9334 -0.4709 -4.3463 -4.2767 -14.9463 2.8247 -13.7087 -19.2460 -0.0006 -0.0343 0.0651 0.6586 -10.5892 -3.7807 -0.6489 -10.6001 3.8743 -13.8869 14.1117 -15.6082 -53.3506 -6.3676 -9.8387 -0.1634 0.4540 -91.7951 10.7973 -13.9026 -20.3246 -15.0525 10.6734 15.7461 -59.4585 1.7429 2.3327 15.8241 9.6913 16.6146 40.9212 -22.0280 -11.8506 -0.0296 0.5178 97.8270 -26.7740 -11.5588 18.2070 15.9954 7.5554 -16.4128 50.1270 -3.4821 -5.3442 11.5297 -6.2232 22.5022 -0.2418 31.4046 -0.7767 -17.3965 -19.6216 7.2894 1.6420 -0.9074 -2.0420 -13.3635 -36.0066 -28.0040 0.4327 36.5907 0.4679 7.5136 -0.1966 3.9803 -1.4248 -0.0047 0.7824
-0.7004 92.5993 1.0678 4.2266 -2.7614 -0.2507 -0.5183 6.4218 -0.8377 -0.1723 -2.8866 -1.6764 0.1237 17.1531 -4.1924 11.0584 13.8731 -0.4873 -4.3146 -4.2681 -14.9717 2.8729 -13.5044 -19.1922 -0.0018 -0.0292 0.0680 0.6607 -10.5862 -3.7772 -0.6536 -10.5971 3.8787 -13.7842 13.9663 -15.6960 -53.2941 -6.5478 -9.9424 -0.1447 0.4306 -91.7016 10.8043 -13.7758 -20.3870 -15.0759 10.6743 15.7390 -59.4968 1.7466 2.3448 15.6292 9.6299 16.5939 40.8194 -22.0384 -11.8724 -0.0250 0.4702 97.8072 -26.8667 -11.6355 18.2602 15.9997 7.5428 -16.4062 50.1469 -3.4773 -5.3580 11.5353 -6.1936 22.4460 -0.2295 30.9619 -0.7743 -17.5059 -19.3361 7.3541 1.6386 -0.9046 -2.0467 -13.1565 -36.0381 -28.1982 0.4195 36.5602 0.4316 7.4078 -0.3043 3.9550 -1.4241 0.0353 0.7665
-0.8406 92.6455 1.1479 4.2417 -2.6278 -0.1692 -0.4922 6.4059 -0.8099 -0.1717 -2.8961 -1.7274 0.1385 17.0995 -4.2255 10.9994 13.8550 -0.4987 -4.2987 -4.2533 -14.9579 2.9351 -13.3751 -19.1608 -0.0041 -0.0259 0.0777 0.6599 -10.5888 -3.7659 -0.6572 -10.5950 3.8875 -13.7017 13.7933 -15.7769 -53.2691 -6.7507 -9.9944 -0.1432 0.4364 -91.5751 10.8475 -13.6814 -20.4884 -15.1079 10.6641 15.7161 -59.5235 1.7326 2.3495 15.4742 9.5713 16.6151 40.7086 -22.0967 -11.8872 -0.0104 0.4039 97.7855 -26.9459 -11.6453 18.2646 15.9964 7.5231 -16.3810 50.1518 -3.4869 -5.3435 11.5591 -6.1576 22.4320 -0.2334 30.6148 -0.7945 -17.6306 -19.1104 7.3992 1.6349 -0.8937 -2.0499 -13.0116 -36.0825 -28.3312 0.4246 36.6018 0.4346 7.3211 -0.4344 3.8773 -1.4237 0.0723 0.7576
-0.9741 92.6745 1.2100 4.2523 -2.5219 -0.0727 -0.4751 6.4002 -0.8013 -0.1679 -2.8886 -1.7474 0.1435 17.0522 -4.2610 10.9863 13.8553 -0.5191 -4.2932 -4.2384 -14.9547 2.9731 -13.3193 -19.1249 -0.0065 -0.0259 0.0821 0.6558 -10.5994 -3.7641 -0.6578 -10.6016 3.8954 -13.6298 13.6543 -15.8766 -53.2601 -7.0503 -9.9657 -0.1992 0.4519 -91.4439 10.8938 -13.6649 -20.6444 -15.0917 10.6718 15.7047 -59.4770 1.7332 2.3596 15.3721 9.5237 16.6352 40.6194 -22.1986 -11.8842 0.0096 0.3661 97.7393 -27.0156 -11.6755 18.2698 15.9710 7.5287 -16.3880 50.1567 -3.4688 -5.3648 11.5802 -6.1430 22.4104 -0.2298 30.3378 -0.8035 -17.7339 -18.9157 7.4076 1.6333 -0.9123 -2.0549 -12.9003 -36.1172 -28.4508 0.4285 36.6508 0.4412 7.2229 -0.5544 3.7773 -1.4229 0.0853 0.7458
-1.0705 92.7120 1.2314 4.2619 -2.4349 0.0399 -0.4620 6.3949 -0.8334 -0.1683 -2.8764 -1.7290 0.1425 17.0089 -4.2999 10.9925 13.8469 -0.5404 -4.3080 -4.2167 -14.9197 2.9968 -13.2677 -19.1297 -0.0103 -0.0339 0.0878 0.6489 -10.6006 -3.7569 -0.6587 -10.6040 3.9020 -13.5852 13.5707 -15.9653 -53.2528 -7.3640 -9.9252 -0.2366 0.4690 -91.3142 10.9666 -13.6550 -20.8406 -15.0863 10.6579 15.6958 -59.4087 1.7267 2.3691 15.3142 9.4690 16.6481 40.5503 -22.2957 -11.8547 0.0301 0.4119 97.6561 -27.0565 -11.7131 18.2268 15.9571 7.5441 -16.3996 50.2017 -3.4548 -5.3740 11.6025 -6.1332 22.3730 -0.2337 30.0886 -0.8222 -17.7905 -18.7376 7.3815 1.6345 -0.9584 -2.0567 -12.8033 -36.1329 -28.5856 0.4350 36.6483 0.4610 7.1145 -0.6325 3.6679 -1.4211 0.0788 0.7346
-1.1359 92.7380 1.2546 4.2766 -2.3562 0.1329 -0.4577 6.4042 -0.8541 -0.1660 -2.8722 -1.7246 0.1290 16.9781 -4.3337 11.0326 13.8079 -0.5304 -4.3417 -4.2031 -14.8871 3.0165 -13.2019 -19.1791 -0.0131 -0.0418 0.0902 0.6428 -10.6063 -3.7536 -0.6580 -10.6121 3.9044 -13.5498 13.5749 -16.0335 -53.2232 -7.6576 -9.9287 -0.2021 0.4892 -91.2181 11.0793 -13.6299 -20.9763 -15.0435 10.6499 15.7016 -59.3453 1.7228 2.3763 15.3122 9.4156 16.6897 40.4769 -22.3711 -11.8224 0.0748 0.4334 97.5317 -27.0806 -11.6844 18.1828 15.9450 7.5834 -16.4371 50.2232 -3.4120 -5.4105 11.6124 -6.1563 22.3459 -0.2420 29.9208 -0.8383 -17.7955 -18.6104 7.2929 1.6369 -1.0154 -2.0599 -12.7295 -36.1651 -28.6632 0.4383 36.6648 0.4746 7.0129 -0.6975 3.5374 -1.4199 0.0820 0.7249
-1.1849 92.7422 1.2750 4.2913 -2.3104 0.2299 -0.4574 6.4313 -0.8825 -0.1670 -2.8659 -1.7181 0.1150 16.9680 -4.3665 11.0990 13.7588 -0.5077 -4.3909 -4.1978 -14.8705 3.0423 -13.1197 -19.2624 -0.0136 -0.0488 0.0884 0.6398 -10.6109 -3.7541 -0.6555 -10.6203 3.9010 -13.5126 13.6289 -16.0786 -53.1866 -7.8964 -9.9914 -0.1236 0.5076 -91.1343 11.1971 -13.5759 -21.0987 -15.0204 10.6279 15.7107 -59.3077 1.7040 2.3658 15.3023 9.3424 16.7376 40.4575 -22.3871 -11.8315 0.1136 0.4655 97.4171 -27.0926 -11.6601 18.1722 15.9497 7.5980 -16.4439 50.2087 -3.3976 -5.4127 11.6258 -6.2161 22.3262 -0.2497 29.8887 -0.8474 -17.7937 -18.5606 7.2018 1.6388 -1.0467 -2.0602 -12.7122 -36.2180 -28.6718 0.4292 36.7322 0.4665 6.9505 -0.7438 3.3824 -1.4197 0.0925 0.7203
-1.2056 92.7289 1.2738 4.3017 -2.2798 0.3326 -0.4566 6.4557 -0.9046 -0.1690 -2.8485 -1.7080 0.1252 16.9661 -4.3857 11.1686 13.6954 -0.5190 -4.4385 -4.2110 -14.8438 3.0552 -12.9866 -19.3183 -0.0117 -0.0573 0.0850 0.6403 -10.6158 -3.7603 -0.6520 -10.6279 3.9002 -13.4895 13.6863 -16.1100 -53.1574 -8.0499 -10.0949 -0.0072 0.5434 -91.0653 11.2896 -13.5903 -21.2066 -15.0014 10.6140 15.7454 -59.2377 1.6918 2.3704 15.2687 9.2676 16.7270 40.5025 -22.3382 -11.8230 0.1085 0.5294 97.3220 -27.0651 -11.7143 18.2037 15.9648 7.6277 -16.4592 50.1879 -3.3955 -5.4233 11.6406 -6.3097 22.2928 -0.2571 29.9818 -0.8602 -17.8119 -18.5909 7.1528 1.6394 -1.0424 -2.0531 -12.7329 -36.2852 -28.6526 0.4119 36.8370 0.4505 6.9355 -0.7601 3.2486 -1.4217 0.1118 0.7251
-1.1965 92.6654 1.2477 4.2970 -2.2862 0.4250 -0.4430 6.4994 -0.8918 -0.1715 -2.8326 -1.7224 0.1580 16.9904 -4.3806 11.1972 13.6599 -0.5474 -4.4451 -4.2197 -14.7956 3.0811 -12.9055 -19.3546 -0.0112 -0.0591 0.0902 0.6426 -10.6240 -3.7600 -0.6525 -10.6356 3.9082 -13.4551 13.7545 -16.1325 -53.1817 -8.1416 -10.1989 0.1025 0.5396 -90.9674 11.2956 -13.6702 -21.3210 -15.0070 10.5831 15.7608 -59.2010 1.6882 2.3700 15.2065 9.2317 16.6976 40.6029 -22.2516 -11.7901 0.0429 0.5771 97.2586 -27.0788 -11.7759 18.2581 15.9867 7.6620 -16.4899 50.1937 -3.3958 -5.4436 11.6719 -6.4942 22.2294 -0.2622 30.3342 -0.8673 -17.8504 -18.7364 7.1466 1.6396 -1.0045 -2.0461 -12.8041 -36.3943 -28.5376 0.3880 37.0919 0.4186 6.9519 -0.8252 3.1249 -1.4249 0.1348 0.7366
-1.1824 92.5461 1.2053 4.2768 -2.3560 0.4973 -0.4203 6.5772 -0.8957 -0.1698 -2.8064 -1.7228 0.2086 17.0275 -4.3518 11.1887 13.6631 -0.5823 -4.4030 -4.2276 -14.7696 3.0801 -12.9144 -19.3082 -0.0087 -0.0543 0.0863 0.6505 -10.6262 -3.7682 -0.6551 -10.6346 3.9067 -13.4149 13.8153 -16.1308 -53.2312 -8.1910 -10.2805 0.1528 0.5015 -90.8474 11.2002 -13.7772 -21.3831 -15.0035 10.5724 15.7761 -59.1669 1.6950 2.3841 15.1350 9.2717 16.6496 40.6840 -22.1966 -11.6652 -0.0974 0.6546 97.2356 -27.1367 -11.8126 18.2408 16.0174 7.6799 -16.5155 50.1860 -3.4243 -5.4552 11.7347 -6.7369 22.0942 -0.2571 30.9446 -0.8559 -17.9153 -18.9990 7.1419 1.6381 -0.9249 -2.0475 -12.9180 -36.5464 -28.4284 0.3911 37.5203 0.4222 6.9420 -0.9588 3.0502 -1.4296 0.1695 0.7534
-1.1265 92.3576 1.1465 4.2547 -2.5108 0.5270 -0.3955 6.6925 -0.8831 -0.1676 -2.7864 -1.7315 0.2543 17.1177 -4.2840 11.1605 13.6903 -0.5911 -4.3412 -4.2293 -14.7734 3.0615 -13.0006 -19.2358 -0.0090 -0.0453 0.0818 0.6568 -10.6335 -3.7730 -0.6621 -10.6386 3.9030 -13.3840 13.8975 -16.1057 -53.2718 -8.2334 -10.3703 0.1690 0.3900 -90.7365 11.0126 -13.8109 -21.3512 -15.0209 10.5828 15.7664 -59.2205 1.6968 2.3807 15.0839 9.4038 16.6090 40.7792 -22.2994 -11.5630 -0.1798 0.6306 97.2652 -27.2028 -11.7072 18.2346 16.0274 7.6862 -16.5341 50.1390 -3.4614 -5.4644 11.8189 -7.0113 21.9086 -0.2563 31.8435 -0.8472 -17.9918 -19.3927 7.1635 1.6368 -0.8576 -2.0636 -13.1061 -36.7435 -28.2715 0.3834 38.1401 0.3987 6.9287 -1.2062 3.0561 -1.4348 0.1774 0.7572
-1.0446 92.1113 1.0650 4.2482 -2.7461 0.5165 -0.3789 6.8126 -0.8774 -0.1661 -2.7474 -1.7204 0.2964 17.2358 -4.2201 11.1301 13.7601 -0.6042 -4.2879 -4.2368 -14.7754 3.0139 -13.1585 -19.1527 -0.0119 -0.0371 0.0810 0.6572 -10.6312 -3.7714 -0.6690 -10.6303 3.9014 -13.4016 14.0044 -16.0902 -53.2733 -8.2527 -10.4777 0.1394 0.3362 -90.5962 10.8238 -13.8213 -21.3095 -15.0362 10.6045 15.7715 -59.2480 1.6956 2.4009 15.0880 9.5983 16.5706 40.8481 -22.5344 -11.4365 -0.2282 0.6175 97.3257 -27.2663 -11.5748 18.2550 16.0134 7.6917 -16.5216 50.1026 -3.4885 -5.4713 11.9273 -7.2660 21.7323 -0.2610 32.9105 -0.8356 -18.0780 -19.8790 7.1847 1.6372 -0.7910 -2.0860 -13.3623 -36.9594 -28.1429 0.3961 38.8779 0.4051 6.9112 -1.5608 3.1451 -1.4389 0.1570 0.7623
-0.9524 91.8432 0.9933 4.2505 -3.0544 0.4910 -0.3632 6.9415 -0.8375 -0.1647 -2.7210 -1.7323 0.3165 17.4181 -4.1587 11.1043 13.8709 -0.5979 -4.2521 -4.2378 -14.7970 2.9530 -13.3718 -19.1011 -0.0142 -0.0326 0.0818 0.6590 -10.6344 -3.7671 -0.6754 -10.6299 3.8993 -13.4159 14.1100 -16.0711 -53.2069 -8.2452 -10.6207 0.1124 0.2871 -90.5035 10.6629 -13.8555 -21.2310 -15.0407 10.6339 15.7627 -59.2967 1.6903 2.3939 15.1402 9.8164 16.5499 40.8968 -22.8879 -11.3422 -0.2089 0.5280 97.4209 -27.3637 -11.4909 18.3226 15.9939 7.6708 -16.4651 50.0638 -3.5096 -5.4574 12.0391 -7.4873 21.5905 -0.2696 34.0704 -0.8329 -18.1301 -20.4683 7.1516 1.6351 -0.7041 -2.1073 -13.6807 -37.1839 -27.9908 0.4016 39.7084 0.4039 6.8994 -1.9785 3.2951 -1.4412 0.1179 0.7667
-0.8601 91.5609 0.9296 4.2582 -3.4116 0.4757 -0.3501 7.0577 -0.8135 -0.1713 -2.6785 -1.7151 0.3308 17.5879 -4.1195 11.0927 14.0021 -0.5816 -4.2535 -4.2557 -14.8360 2.8642 -13.5766 -19.0337 -0.0163 -0.0331 0.0880 0.6591 -10.6249 -3.7568 -0.6805 -10.6176 3.9027 -13.4521 14.1562 -16.0305 -53.0955 -8.1358 -10.8091 0.0883 0.3158 -90.4274 10.5249 -13.9221 -21.0992 -15.0419 10.6776 15.7846 -59.3450 1.6763 2.3974 15.2397 10.0264 16.5242 40.9762 -23.2947 -11.2640 -0.1515 0.4931 97.5261 -27.4557 -11.5352 18.3753 16.0084 7.6491 -16.3857 50.0430 -3.5228 -5.4366 12.1678 -7.6774 21.5320 -0.2705 35.2242 -0.8189 -18.1480 -21.0760 7.0255 1.6345 -0.6116 -2.1190 -14.0408 -37.3607 -27.8520 0.4079 40.5234 0.4070 6.9430 -2.3769 3.4672 -1.4422 0.0839 0.7694
-0.7718 91.2795 0.8506 4.2634 -3.7840 0.4561 -0.3346 7.1789 -0.7866 -0.1675 -2.6354 -1.7097 0.3279 17.7485 -4.0967 11.0606 14.1711 -0.5807 -4.2497 -4.2648 -14.8409 2.7909 -13.7951 -18.9924 -0.0187 -0.0319 0.0921 0.6599 -10.6253 -3.7489 -0.6869 -10.6109 3.9055 -13.4817 14.1732 -15.9850 -52.9621 -7.9887 -11.0109 0.0863 0.3440 -90.4124 10.3931 -13.9492 -20.9339 -15.0156 10.7348 15.8117 -59.4204 1.6711 2.4010 15.3186 10.2163 16.4991 41.0567 -23.6685 -11.1775 -0.0980 0.4267 97.6246 -27.5640 -11.6010 18.4361 16.0336 7.6330 -16.3474 50.0239 -3.5242 -5.4393 12.3052 -7.8468 21.5342 -0.2744 36.3426 -0.8173 -18.1673 -21.7102 6.8784 1.6329 -0.5509 -2.1247 -14.4252 -37.5243 -27.6509 0.4167 41.3372 0.4185 7.0220 -2.7611 3.6123 -1.4396 0.0679 0.7720
-0.6540 91.0081 0.7820 4.2611 -4.1497 0.4433 -0.3206 7.2992 -0.7591 -0.1673 -2.6059 -1.7182 0.3143 17.9160 -4.0716 11.0383 14.3370 -0.5776 -4.2397 -4.2708 -14.8532 2.7210 -14.0048 -18.9396 -0.0199 -0.0329 0.0934 0.6616 -10.6217 -3.7443 -0.6908 -10.6002 3.9022 -13.5200 14.1955 -15.9647 -52.8373 -7.8867 -11.1625 0.0540 0.3645 -90.3681 10.2695 -13.9409 -20.7763 -15.0096 10.7807 15.8176 -59.4758 1.6738 2.3959 15.3966 10.3924 16.4920 41.1707 -24.0318 -11.1146 -0.0470 0.3832 97.6584 -27.6166 -11.6896 18.4448 16.0345 7.6209 -16.3285 50.0068 -3.5576 -5.4226 12.4470 -8.0204 21.5598 -0.2825 37.4154 -0.8181 -18.1736 -22.3179 6.7395 1.6303 -0.5204 -2.1221 -14.8007 -37.6626 -27.4202 0.4214 42.0854 0.4294 7.1165 -3.0726 3.7179 -1.4372 0.0560 0.7822
-0.5659 90.7636 0.6799 4.2388 -4.4861 0.4421 -0.3054 7.3945 -0.7493 -0.1654 -2.5776 -1.7029 0.2962 18.0769 -4.0701 10.9954 14.4519 -0.5630 -4.2471 -4.2766 -14.8613 2.6635 -14.1871 -18.8861 -0.0209 -0.0357 0.0951 0.6601 -10.6153 -3.7390 -0.6916 -10.5883 3.9000 -13.5673 14.2360 -15.9143 -52.7268 -7.8066 -11.3494 0.0582 0.3686 -90.2848 10.1555 -13.9282 -20.6655 -14.9792 10.8766 15.8421 -59.5664 1.6927 2.3879 15.4575 10.5611 16.4749 41.3136 -24.3383 -11.0173 -0.0050 0.3649 97.6167 -27.6197 -11.7515 18.4119 16.0300 7.6384 -16.3389 49.9596 -3.5589 -5.4151 12.5718 -8.1901 21.5336 -0.2817 38.3888 -0.8154 -18.1416 -22.8453 6.5965 1.6291 -0.4797 -2.1186 -15.1337 -37.7406 -27.2040 0.4394 42.6950 0.4688 7.2000 -3.2993 3.7632 -1.4351 0.0743 0.7878
-0.4495 90.5531 0.5933 4.2121 -4.7655 0.4387 -0.2985 7.4631 -0.7458 -0.1659 -2.5552 -1.6792 0.2669 18.2325 -4.0754 10.9799 14.5322 -0.5437 -4.2599 -4.2801 -14.8747 2.6241 -14.3484 -18.8707 -0.0192 -0.0425 0.0908 0.6615 -10.6059 -3.7392 -0.6897 -10.5780 3.8910 -13.6186 14.2999 -15.8922 -52.6643 -7.7947 -11.4559 0.0562 0.3711 -90.1644 10.0597 -13.8962 -20.6337 -14.9505 10.9407 15.8294 -59.5767 1.7058 2.3678 15.5231 10.6975 16.4704 41.4588 -24.5864 -10.9447 0.0274 0.3708 97.5211 -27.5701 -11.7008 18.3353 16.0513 7.6573 -16.3616 49.9366 -3.5522 -5.4033 12.6698 -8.3509 21.4762 -0.2860 39.2305 -0.8050 -18.0612 -23.3099 6.5101 1.6284 -0.4582 -2.1152 -15.4084 -37.7995 -26.9952 0.4433 43.1648 0.4882 7.2824 -3.4524 3.7683 -1.4336 0.1063 0.7903
-0.3427 90.3740 0.4938 4.1838 -4.9873 0.4133 -0.3041 7.5174 -0.7569 -0.1684 -2.5378 -1.6419 0.2364 18.3836 -4.0644 10.9640 14.6038 -0.5027 -4.2729 -4.2826 -14.8927 2.6173 -14.4813 -18.8641 -0.0199 -0.0501 0.0903 0.6618 -10.6207 -3.7394 -0.6915 -10.5929 3.8907 -13.6429 14.3987 -15.8742 -52.6396 -7.8647 -11.5457 0.0983 0.3461 -90.0662 9.9371 -13.8489 -20.6022 -14.9559 10.9640 15.7942 -59.6366 1.6938 2.3283 15.5598 10.8091 16.4748 41.6040 -24.7661 -10.8789 0.0115 0.3192 97.4213 -27.4276 -11.5900 18.2375 16.0264 7.6639 -16.3522 49.8592 -3.5240 -5.3729 12.7199 -8.5299 21.4071 -0.2832 39.9887 -0.7859 -17.9246 -23.7159 6.4193 1.6274 -0.4563 -2.1102 -15.6185 -37.8960 -26.7873 0.4488 43.5614 0.5087 7.3302 -3.5508 3.7660 -1.4301 0.1310 0.7819
-0.2269 90.2287 0.4115 4.1558 -5.1737 0.3802 -0.3080 7.5470 -0.7411 -0.1751 -2.5156 -1.6135 0.2080 18.5067 -4.0490 10.9603 14.6641 -0.4733 -4.2973 -4.2813 -14.9136 2.6143 -14.5639 -18.8838 -0.0195 -0.0577 0.0907 0.6628 -10.6214 -3.7379 -0.6920 -10.5943 3.8904 -13.6904 14.4825 -15.8672 -52.6355 -7.9104 -11.5931 0.1336 0.3816 -89.9720 9.8330 -13.8260 -20.5683 -14.9422 10.9566 15.7849 -59.6475 1.6920 2.3005 15.6072 10.8877 16.4927 41.7384 -24.8563 -10.8668 0.0013 0.3212 97.3303 -27.3321 -11.5264 18.1567 16.0345 7.6616 -16.3440 49.8377 -3.5150 -5.3546 12.7691 -8.6713 21.3988 -0.2856 40.6015 -0.7799 -17.7733 -24.0480 6.3436 1.6268 -0.4793 -2.1039 -15.8002 -37.9452 -26.5793 0.4533 43.8150 0.5272 7.4000 -3.5862 3.7411 -1.4296 0.1452 0.7759
-0.1096 90.1149 0.3247 4.1354 -5.3342 0.3327 -0.3151 7.5817 -0.7304 -0.1827 -2.4932 -1.5900 0.1698 18.6069 -4.0389 10.9355 14.7318 -0.4468 -4.2951 -4.2849 -14.9179 2.5966 -14.6352 -18.8644 -0.0200 -0.0601 0.0931 0.6606 -10.6247 -3.7368 -0.6908 -10.5954 3.8930 -13.7278 14.5521 -15.8447 -52.6602 -7.9715 -11.6003 0.1457 0.4185 -89.8934 9.7218 -13.8325 -20.4935 -14.9263 10.9427 15.8056 -59.6648 1.6926 2.2870 15.6481 10.9472 16.5285 41.8529 -24.8814 -10.8736 0.0090 0.3264 97.2443 -27.2432 -11.4764 18.1259 16.0525 7.6431 -16.3279 49.8351 -3.5217 -5.3428 12.7832 -8.7916 21.3848 -0.2841 41.1289 -0.7664 -17.6317 -24.3187 6.3034 1.6267 -0.4921 -2.1029 -15.9616 -37.9763 -26.3872 0.4602 43.9915 0.5409 7.4714 -3.5906 3.7415 -1.4298 0.1522 0.7753
-0.0293 90.0301 0.2427 4.1172 -5.4780 0.3024 -0.3184 7.6153 -0.7135 -0.1917 -2.4857 -1.5753 0.1275 18.6893 -4.0321 10.9126 14.7937 -0.4127 -4.2805 -4.2914 -14.9244 2.5631 -14.6851 -18.8169 -0.0185 -0.0613 0.0924 0.6605 -10.6245 -3.7379 -0.6881 -10.5946 3.8926 -13.7731 14.6187 -15.8222 -52.6661 -8.0278 -11.5523 0.1010 0.3883 -89.8472 9.6080 -13.7899 -20.4121 -14.9609 10.9203 15.8222 -59.6861 1.7015 2.2895 15.6846 11.0099 16.5570 41.9019 -24.8356 -10.8461 -0.0231 0.3351 97.1463 -27.1973 -11.4688 18.1557 16.0581 7.6323 -16.3452 49.8507 -3.5380 -5.3605 12.7812 -8.8603 21.3478 -0.2894 41.5351 -0.7653 -17.5230 -24.5226 6.3185 1.6262 -0.4867 -2.1116 -16.1019 -37.9716 -26.2312 0.4652 44.0770 0.5494 7.5285 -3.5521 3.7569 -1.4300 0.1568 0.7781
0.0870 89.9713 0.1414 4.1008 -5.6142 0.2805 -0.3203 7.6306 -0.7037 -0.2022 -2.4737 -1.5591 0.0841 18.7593 -4.0496 10.8716 14.8588 -0.3894 -4.2642 -4.2967 -14.9030 2.5142 -14.7191 -18.7248 -0.0164 -0.0602 0.0885 0.6631 -10.6139 -3.7404 -0.6866 -10.5845 3.8872 -13.8338 14.6584 -15.7762 -52.6797 -8.0600 -11.4973 0.0576 0.4041 -89.8072 9.5205 -13.7657 -20.2871 -14.9714 10.9163 15.8642 -59.7128 1.7139 2.3097 15.7250 11.0942 16.6123 41.9427 -24.7805 -10.8058 -0.0686 0.3900 97.0387 -27.1781 -11.4845 18.1849 16.0921 7.6285 -16.3734 49.9069 -3.5796 -5.3922 12.7657 -8.8992 21.3205 -0.2964 41.8437 -0.7720 -17.4148 -24.6629 6.3444 1.6272 -0.4889 -2.1155 -16.2256 -37.9163 -26.1169 0.4797 44.0727 0.5703 7.5828 -3.4801 3.7700 -1.4315 0.1554 0.7799
0.1887 89.9473 0.0445 4.0744 -5.7292 0.2545 -0.3152 7.6316 -0.6799 -0.2203 -2.4764 -1.5638 0.0488 18.8527 -4.0542 10.8204 14.9337 -0.3737 -4.2331 -4.2875 -14.8555 2.4755 -14.7716 -18.6628 -0.0152 -0.0566 0.0865 0.6647 -10.6166 -3.7415 -0.6857 -10.5857 3.8830 -13.8868 14.6839 -15.7191 -52.6697 -8.0261 -11.5103 0.1017 0.4048 -89.7637 9.4700 -13.8073 -20.1740 -14.9838 10.9411 15.8908 -59.7713 1.7304 2.3055 15.7821 11.2093 16.6894 41.9928 -24.8073 -10.8253 -0.0490 0.3681 96.9198 -27.1308 -11.5024 18.2175 16.0702 7.6255 -16.3934 49.8855 -3.6015 -5.4088 12.7425 -8.9397 21.3304 -0.3042 42.0978 -0.7801 -17.2918 -24.7882 6.3306 1.6295 -0.5066 -2.1219 -16.3123 -37.8600 -26.0301 0.4788 44.0370 0.5662 7.6617 -3.4173 3.8178 -1.4338 0.1347 0.7820
0.3117 89.9592 -0.0442 4.0477 -5.8168 0.2655 -0.3241 7.6112 -0.6855 -0.2328 -2.4743 -1.5589 0.0321 18.9176 -4.0456 10.7632 15.0220 -0.3599 -4.1854 -4.2790 -14.8345 2.4267 -14.8271 -18.5682 -0.0132 -0.0570 0.0788 0.6631 -10.6115 -3.7459 -0.6806 -10.5848 3.8729 -13.9333 14.6814 -15.6570 -52.6730 -8.0149 -11.4666 0.0872 0.4162 -89.7214 9.4096 -13.8698 -20.1165 -14.9891 10.9828 15.9109 -59.8073 1.7531 2.2964 15.8424 11.3138 16.7373 42.0395 -24.8148 -10.8374 -0.0698 0.3636 96.8027 -27.0475 -11.5417 18.2193 16.0484 7.6341 -16.4068 49.8810 -3.6020 -5.4114 12.7028 -8.9574 21.3417 -0.3005 42.2211 -0.7732 -17.1459 -24.8431 6.2547 1.6299 -0.5447 -2.1178 -16.3694 -37.7728 -25.9949 0.4766 43.8729 0.5629 7.7336 -3.2859 3.8433 -1.4356 0.1010 0.7806
0.4181 89.9853 -0.1309 4.0263 -5.8717 0.2315 -0.3464 7.5814 -0.6903 -0.2396 -2.4720 -1.5498 0.0242 18.9415 -4.0222 10.6961 15.1129 -0.3604 -4.1525 -4.2674 -14.7762 2.3917 -14.8365 -18.4978 -0.0135 -0.0598 0.0803 0.6622 -10.6069 -3.7424 -0.6804 -10.5872 3.8731 -13.9812 14.6529 -15.5785 -52.7145 -7.9795 -11.3981 0.0718 0.4227 -89.6703 9.3412 -13.8741 -20.1068 -14.9957 10.9825 15.8832 -59.8137 1.7673 2.2860 15.9082 11.3593 16.7720 42.0505 -24.7181 -10.8130 -0.0895 0.3796 96.6761 -26.9648 -11.5911 18.2018 16.0096 7.6257 -16.3820 49.8681 -3.5873 -5.4077 12.6414 -8.9446 21.3970 -0.2961 42.2312 -0.7653 -16.9967 -24.8542 6.1810 1.6306 -0.5614 -2.1131 -16.3916 -37.6614 -25.9785 0.4697 43.5959 0.5597 7.8087 -3.0950 3.8742 -1.4369 0.0641 0.7790
0.5632 90.0420 -0.2048 4.0136 -5.9129 0.1935 -0.3793 7.5454 -0.7080 -0.2381 -2.4702 -1.5186 0.0150 18.9261 -3.9992 10.6380 15.2132 -0.3609 -4.1410 -4.2635 -14.7347 2.3735 -14.8335 -18.4672 -0.0163 -0.0602 0.0919 0.6569 -10.5963 -3.7271 -0.6807 -10.5805 3.8818 -14.0321 14.6386 -15.4882 -52.7818 -7.9788 -11.2971 0.0247 0.4213 -89.5922 9.2758 -13.8351 -20.1157 -14.9873 10.9890 15.8729 -59.7792 1.7843 2.2774 15.9735 11.3574 16.7833 42.0729 -24.5551 -10.8024 -0.0694 0.4121 96.5353 -26.8705 -11.5797 18.1283 15.9913 7.6075 -16.3702 49.8289 -3.5872 -5.4150 12.5618 -8.9054 21.4891 -0.2985 42.1555 -0.7689 -16.8420 -24.8207 6.1313 1.6319 -0.5703 -2.1075 -16.4176 -37.5171 -25.9754 0.4754 43.1954 0.5722 7.9155 -2.8414 3.9070 -1.4367 0.0438 0.7764
0.6762 90.1170 -0.2873 4.0069 -5.9235 0.1401 -0.4151 7.5126 -0.7059 -0.2312 -2.4912 -1.4989 0.0061 18.9007 -3.9591 10.6176 15.3161 -0.3539 -4.1471 -4.2659 -14.7131 2.3674 -14.8167 -18.4710 -0.0192 -0.0595 0.1023 0.6518 -10.6009 -3.7143 -0.6818 -10.5870 3.8916 -14.0615 14.6707 -15.4375 -52.8353 -8.0007 -11.1450 -0.0224 0.3861 -89.6053 9.2401 -13.7728 -20.0938 -15.0130 10.9752 15.8494 -59.7419 1.7830 2.2497 16.0359 11.3130 16.7938 42.0701 -24.3486 -10.8203 -0.0427 0.3644 96.4278 -26.7514 -11.4792 18.0622 15.9668 7.5787 -16.3686 49.8025 -3.5819 -5.4075 12.4482 -8.8708 21.5934 -0.3021 42.0655 -0.7808 -16.6962 -24.7698 6.1378 1.6318 -0.5832 -2.1025 -16.4220 -37.3875 -25.9468 0.4821 42.7791 0.5837 8.0196 -2.5843 3.9357 -1.4349 0.0303 0.7747
0.7897 90.2074 -0.3412 3.9986 -5.9152 0.1027 -0.4413 7.4714 -0.6962 -0.2295 -2.5145 -1.4860 0.0004 18.8430 -3.9271 10.6384 15.3959 -0.3489 -4.1998 -4.2846 -14.6830 2.3553 -14.7828 -18.4886 -0.0177 -0.0608 0.1001 0.6500 -10.6029 -3.7179 -0.6768 -10.5895 3.8889 -14.0857 14.6835 -15.3853 -52.8597 -7.9548 -10.9967 -0.0613 0.3949 -89.6515 9.2519 -13.7818 -20.0830 -14.9921 10.9908 15.8328 -59.6989 1.7820 2.2214 16.1022 11.2447 16.7805 42.0434 -24.0814 -10.7974 -0.0325 0.3923 96.3152 -26.6682 -11.4330 18.0351 15.9757 7.5550 -16.3541 49.8053 -3.5776 -5.3920 12.3433 -8.8100 21.6798 -0.3034 41.8757 -0.7903 -16.5783 -24.6670 6.1678 1.6318 -0.5782 -2.0911 -16.4201 -37.2319 -25.9566 0.4877 42.3059 0.6023 8.1209 -2.3100 3.9746 -1.4353 0.0139 0.7828
0.8947 90.2946 -0.4078 3.9797 -5.8743 0.0559 -0.4634 7.4219 -0.7129 -0.2336 -2.5307 -1.4320 -0.0067 18.7548 -3.9204 10.6607 15.4701 -0.3159 -4.2207 -4.2958 -14.6780 2.3491 -14.7268 -18.4759 -0.0137 -0.0647 0.0856 0.6522 -10.6219 -3.7357 -0.6709 -10.6071 3.8774 -14.0866 14.7171 -15.3292 -52.8302 -7.9158 -10.8648 -0.0799 0.3398 -89.7049 9.2492 -13.8492 -20.0565 -14.9700 10.9857 15.8293 -59.7108 1.7722 2.2087 16.1493 11.1808 16.7801 42.0249 -23.8057 -10.7524 -0.0635 0.3879 96.2416 -26.5940 -11.3236 18.0278 15.9903 7.5550 -16.3467 49.8321 -3.5809 -5.3703 12.2245 -8.7679 21.7393 -0.2996 41.6649 -0.7995 -16.4745 -24.5638 6.2295 1.6316 -0.5963 -2.0839 -16.3592 -37.1068 -26.0000 0.5032 41.8480 0.6328 8.1798 -2.0404 4.0246 -1.4327 0.0033 0.7817
0.9813 90.3735 -0.4557 3.9668 -5.8316 -0.0035 -0.4878 7.3716 -0.7163 -0.2421 -2.5454 -1.4090 -0.0184 18.6786 -3.8974 10.6938 15.4990 -0.2935 -4.2454 -4.3026 -14.6815 2.3348 -14.6681 -18.4511 -0.0107 -0.0655 0.0766 0.6516 -10.6294 -3.7466 -0.6642 -10.6135 3.8693 -14.1105 14.7405 -15.2872 -52.7960 -7.8554 -10.7290 -0.0653 0.3398 -89.7776 9.2460 -13.9746 -20.0188 -14.9628 10.9838 15.8295 -59.7365 1.7620 2.1986 16.1952 11.0923 16.8067 42.0273 -23.5499 -10.7717 -0.0632 0.4163 96.2074 -26.5678 -11.1447 18.0188 16.0172 7.5815 -16.3586 49.8648 -3.5696 -5.3485 12.1195 -8.7170 21.7755 -0.2960 41.4680 -0.7932 -16.4250 -24.4719 6.3105 1.6360 -0.6150 -2.0827 -16.3004 -37.0095 -26.0591 0.5028 41.4483 0.6353 8.2355 -1.8187 4.1034 -1.4313 -0.0285 0.7798
1.0728 90.4378 -0.4976 3.9412 -5.8008 -0.0706 -0.5089 7.3223 -0.7147 -0.2471 -2.5500 -1.4045 -0.0283 18.6071 -3.8622 10.7117 15.5383 -0.3077 -4.2582 -4.3029 -14.6335 2.3285 -14.6263 -18.4123 -0.0096 -0.0642 0.0744 0.6494 -10.6278 -3.7505 -0.6596 -10.6118 3.8686 -14.1301 14.7477 -15.2532 -52.7928 -7.8273 -10.5426 -0.0858 0.3492 -89.8462 9.2219 -14.0989 -20.0226 -14.9574 10.9648 15.8286 -59.6798 1.7634 2.2070 16.2130 11.0164 16.8213 42.0459 -23.3388 -10.7880 -0.0674 0.4513 96.1816 -26.5400 -11.0108 18.0108 15.9884 7.6210 -16.3672 49.8996 -3.5407 -5.3344 12.0544 -8.6502 21.7939 -0.2861 41.2799 -0.7690 -16.4367 -24.3764 6.4031 1.6355 -0.6089 -2.0808 -16.2301 -36.9076 -26.1345 0.4940 41.0820 0.6255 8.2796 -1.6215 4.2117 -1.4297 -0.0760 0.7794
1.1738 90.5076 -0.5185 3.9159 -5.7797 -0.1270 -0.5283 7.2684 -0.7125 -0.2584 -2.5517 -1.3838 -0.0377 18.5575 -3.8443 10.7204 15.5736 -0.3394 -4.2594 -4.2951 -14.5778 2.3324 -14.5858 -18.3887 -0.0101 -0.0623 0.0832 0.6482 -10.6229 -3.7428 -0.6592 -10.6087 3.8783 -14.1719 14.7693 -15.2445 -52.7726 -7.7914 -10.3922 -0.0803 0.3489 -89.9064 9.1925 -14.1273 -20.0592 -14.9503 10.9346 15.8269 -59.6361 1.7693 2.2150 16.2287 10.9613 16.8216 42.0819 -23.1799 -10.8267 -0.0785 0.5049 96.1737 -26.5510 -10.8843 18.0103 15.9652 7.6495 -16.3917 49.9249 -3.5396 -5.3251 12.0107 -8.5798 21.8126 -0.2840 41.0984 -0.7628 -16.4320 -24.2956 6.4872 1.6343 -0.5880 -2.0789 -16.1680 -36.8092 -26.2102 0.4919 40.7490 0.6270 8.3042 -1.4137 4.3158 -1.4298 -0.1365 0.7801
1.2319 90.5456 -0.5520 3.8946 -5.7697 -0.1594 -0.5423 7.2417 -0.7099 -0.2643 -2.5609 -1.3778 -0.0625 18.5045 -3.8416 10.7301 15.6047 -0.3554 -4.2641 -4.2928 -14.5322 2.3609 -14.5342 -18.3999 -0.0124 -0.0589 0.0976 0.6457 -10.6225 -3.7290 -0.6612 -10.6064 3.8933 -14.2152 14.7734 -15.2032 -52.7342 -7.7345 -10.2844 -0.0750 0.3365 -89.9541 9.1474 -14.1540 -20.1138 -14.9294 10.9112 15.8252 -59.6019 1.7718 2.2201 16.2414 10.9013 16.8420 42.1012 -22.9935 -10.8501 -0.1230 0.5231 96.1882 -26.5606 -10.7574 17.9850 15.9416 7.6576 -16.4114 49.9293 -3.5444 -5.3211 11.9742 -8.5324 21.7888 -0.2913 41.0022 -0.7678 -16.4343 -24.2517 6.5762 1.6320 -0.5936 -2.0823 -16.1037 -36.7354 -26.2864 0.4891 40.4880 0.6272 8.2970 -1.2466 4.3987 -1.4315 -0.1698 0.7805
1.2900 90.5803 -0.5955 3.8666 -5.7773 -0.1847 -0.5493 7.2222 -0.7244 -0.2701 -2.5641 -1.3646 -0.0936 18.4565 -3.8462 10.7138 15.6187 -0.3615 -4.2578 -4.2804 -14.5091 2.3873 -14.4962 -18.4238 -0.0119 -0.0557 0.0991 0.6460 -10.6251 -3.7292 -0.6606 -10.6086 3.8968 -14.2785 14.7799 -15.1723 -52.6686 -7.6949 -10.1977 -0.0587 0.3217 -89.9725 9.0627 -14.1843 -20.1654 -14.9008 10.8974 15.8450 -59.5817 1.7812 2.2269 16.2297 10.8414 16.8458 42.1223 -22.8127 -10.8709 -0.1660 0.5465 96.2523 -26.5451 -10.7036 17.9542 15.9233 7.6548 -16.4454 49.9036 -3.5613 -5.3403 11.9540 -8.4934 21.7557 -0.2881 40.9333 -0.7647 -16.4464 -24.2193 6.6599 1.6305 -0.6020 -2.0805 -16.0513 -36.6637 -26.3661 0.4901 40.2810 0.6212 8.2722 -1.1203 4.4946 -1.4343 -0.2001 0.7783
1.3147 90.5859 -0.6113 3.8452 -5.8024 -0.2253 -0.5532 7.2139 -0.7342 -0.2760 -2.5672 -1.3597 -0.1355 18.4292 -3.8497 10.6927 15.6417 -0.3831 -4.2660 -4.2665 -14.4756 2.4305 -14.4792 -18.4567 -0.0105 -0.0535 0.0968 0.6497 -10.6305 -3.7353 -0.6616 -10.6157 3.8982 -14.3400 14.7895 -15.1715 -52.5898 -7.6770 -10.1160 -0.0181 0.3275 -89.9626 8.9692 -14.1862 -20.1825 -14.9080 10.8832 15.8424 -59.5924 1.7827 2.2193 16.2162 10.8188 16.8434 42.1320 -22.7050 -10.8687 -0.1629 0.5381 96.3138 -26.5841 -10.6743 18.0018 15.9044 7.6453 -16.4566 49.8690 -3.5901 -5.3565 11.9652 -8.4622 21.7318 -0.2918 40.9167 -0.7728 -16.4910 -24.2091 6.7398 1.6295 -0.5998 -2.0818 -16.0150 -36.6110 -26.4257 0.4845 40.1517 0.6029 8.2567 -1.0535 4.6107 -1.4367 -0.2067 0.7785
1.3302 90.5903 -0.6521 3.8232 -5.8543 -0.2479 -0.5508 7.2181 -0.7391 -0.2802 -2.5695 -1.3611 -0.1733 18.4220 -3.8582 10.6559 15.6851 -0.3797 -4.2485 -4.2557 -14.4910 2.4395 -14.4675 -18.4577 -0.0073 -0.0501 0.0817 0.6551 -10.6352 -3.7516 -0.6606 -10.6219 3.8835 -14.3869 14.7996 -15.1809 -52.5179 -7.7157 -10.0096 -0.0192 0.3048 -89.9591 8.8400 -14.1642 -20.1714 -14.9232 10.8657 15.8465 -59.6299 1.7899 2.2204 16.1826 10.8318 16.8065 42.1319 -22.6915 -10.8438 -0.1478 0.4891 96.4070 -26.6056 -10.6591 18.0805 15.9026 7.6196 -16.4548 49.8844 -3.6199 -5.3780 11.9972 -8.4223 21.6885 -0.2930 40.9494 -0.7740 -16.5410 -24.2229 6.7934 1.6268 -0.6131 -2.0779 -16.0023 -36.5587 -26.4556 0.4784 40.1101 0.5870 8.2578 -1.0316 4.7146 -1.4378 -0.2082 0.7830
1.3289 90.5693 -0.6710 3.8097 -5.9177 -0.2729 -0.5489 7.2145 -0.7319 -0.2832 -2.5639 -1.3848 -0.2007 18.4341 -3.8491 10.6174 15.7365 -0.4103 -4.2314 -4.2529 -14.5003 2.4225 -14.4592 -18.4150 -0.0034 -0.0489 0.0670 0.6649 -10.6356 -3.7675 -0.6627 -10.6227 3.8690 -14.4397 14.7844 -15.1991 -52.4740 -7.7812 -9.9129 -0.0561 0.3235 -89.9375 8.6805 -14.1815 -20.1634 -14.9624 10.8462 15.8468 -59.6489 1.7882 2.2269 16.1581 10.8630 16.7529 42.1366 -22.7554 -10.7948 -0.1302 0.4579 96.4936 -26.6404 -10.6080 18.1441 15.9289 7.6051 -16.4276 49.9614 -3.6270 -5.3746 12.0391 -8.3787 21.6675 -0.2915 40.9905 -0.7738 -16.5962 -24.2508 6.8308 1.6252 -0.6027 -2.0721 -16.0143 -36.5068 -26.4580 0.4733 40.1242 0.5706 8.2571 -1.0401 4.8117 -1.4396 -0.2006 0.7914
1.3127 90.5543 -0.6722 3.8057 -6.0049 -0.2876 -0.5465 7.2126 -0.7077 -0.2793 -2.5670 -1.4224 -0.2251 18.4745 -3.8431 10.5873 15.8031 -0.4228 -4.1872 -4.2558 -14.5611 2.3778 -14.4902 -18.3726 -0.0008 -0.0485 0.0587 0.6721 -10.6350 -3.7754 -0.6650 -10.6196 3.8603 -14.4997 14.7606 -15.2176 -52.4365 -7.8523 -9.8542 -0.1014 0.3142 -89.8748 8.5018 -14.2226 -20.1532 -14.9815 10.8421 15.8317 -59.6314 1.7860 2.2387 16.1673 10.9059 16.7215 42.1083 -22.9155 -10.7880 -0.0694 0.4281 96.5796 -26.7372 -10.5472 18.2060 15.9594 7.5868 -16.4174 50.0524 -3.6398 -5.3876 12.0824 -8.3020 21.6642 -0.2884 41.0277 -0.7702 -16.6350 -24.2808 6.8513 1.6262 -0.6100 -2.0742 -16.0636 -36.4419 -26.4337 0.4798 40.1713 0.5708 8.2705 -1.0820 4.8820 -1.4407 -0.2061 0.7965
1.3159 90.5289 -0.6784 3.8113 -6.1028 -0.3035 -0.5468 7.2072 -0.6915 -0.2766 -2.5685 -1.4321 -0.2287 18.5389 -3.8398 10.5701 15.8792 -0.4459 -4.1698 -4.2548 -14.6179 2.3499 -14.5432 -18.3325 -0.0017 -0.0467 0.0621 0.6749 -10.6278 -3.7679 -0.6700 -10.6083 3.8610 -14.5661 14.7224 -15.2500 -52.4326 -7.9382 -9.8313 -0.1914 0.3232 -89.8107 8.4076 -14.2597 -20.1723 -15.0034 10.8426 15.8057 -59.6286 1.7758 2.2461 16.2025 10.9369 16.7056 42.0604 -23.1298 -10.8096 -0.0040 0.4100 96.6696 -26.8086 -10.4838 18.1964 15.9629 7.5672 -16.3891 50.1182 -3.6521 -5.3920 12.1316 -8.2100 21.6971 -0.2807 41.0536 -0.7610 -16.6478 -24.3138 6.8239 1.6252 -0.5974 -2.0802 -16.1237 -36.3885 -26.4159 0.4903 40.2507 0.5698 8.2576 -1.1391 4.9477 -1.4402 -0.2281 0.7998
1.3100 90.5012 -0.6663 3.8371 -6.1840 -0.3232 -0.5486 7.1858 -0.6528 -0.2773 -2.5645 -1.4430 -0.2274 18.6010 -3.8525 10.5659 15.9478 -0.4822 -4.1949 -4.2616 -14.6505 2.3457 -14.5814 -18.3379 -0.0057 -0.0445 0.0775 0.6717 -10.6122 -3.7476 -0.6748 -10.5876 3.8715 -14.6517 14.6858 -15.2801 -52.4355 -8.0111 -9.8357 -0.3143 0.3700 -89.7365 8.3809 -14.1905 -20.2028 -15.0327 10.8388 15.7639 -59.5876 1.7756 2.2407 16.2651 10.9536 16.6971 42.0179 -23.3711 -10.8567 0.0806 0.4331 96.7468 -26.8634 -10.4825 18.1323 15.9881 7.5550 -16.3738 50.1375 -3.6544 -5.4044 12.1700 -8.1058 21.7514 -0.2811 41.0474 -0.7582 -16.6528 -24.3184 6.7755 1.6247 -0.5722 -2.0848 -16.2185 -36.3434 -26.3973 0.4980 40.3146 0.5663 8.2795 -1.1888 5.0031 -1.4395 -0.2572 0.8067
1.3324 90.4950 -0.6606 3.8699 -6.2219 -0.3561 -0.5532 7.1535 -0.6376 -0.2878 -2.5771 -1.4179 -0.2122 18.6862 -3.8958 10.5651 15.9989 -0.4677 -4.2172 -4.2646 -14.6713 2.3661 -14.6248 -18.3682 -0.0086 -0.0437 0.0875 0.6698 -10.6155 -3.7346 -0.6793 -10.5866 3.8807 -14.6976 14.6971 -15.2876 -52.4461 -8.0794 -9.9438 -0.3528 0.4024 -89.7182 8.3720 -14.0324 -20.1779 -15.0548 10.8137 15.7156 -59.5584 1.7668 2.2255 16.3163 10.9972 16.7236 41.9399 -23.6387 -10.8349 0.0707 0.4000 96.8163 -26.8546 -10.5025 18.0374 16.0016 7.5510 -16.3489 50.1191 -3.6419 -5.4087 12.1700 -8.0243 21.8116 -0.2781 41.0050 -0.7527 -16.5821 -24.3034 6.6853 1.6246 -0.5494 -2.0864 -16.2658 -36.3389 -26.3934 0.5116 40.3478 0.5763 8.2927 -1.2239 5.0320 -1.4357 -0.2826 0.8012
1.3258 90.5165 -0.6488 3.9112 -6.2306 -0.4179 -0.5662 7.1329 -0.6516 -0.2948 -2.5910 -1.3986 -0.1975 18.7438 -3.9150 10.5818 16.0352 -0.4547 -4.2590 -4.2626 -14.6311 2.3823 -14.6530 -18.4012 -0.0106 -0.0430 0.0888 0.6679 -10.6206 -3.7329 -0.6816 -10.5879 3.8828 -14.7502 14.7176 -15.2973 -52.4625 -8.0878 -10.0722 -0.3300 0.4247 -89.7040 8.3490 -13.8319 -20.1140 -15.0558 10.8107 15.7020 -59.5512 1.7524 2.2152 16.3888 11.0360 16.7785 41.8483 -23.8590 -10.7826 0.0275 0.3649 96.8587 -26.8117 -10.4902 17.9319 16.0112 7.5562 -16.3111 50.0910 -3.6247 -5.3868 12.1514 -7.9182 21.8856 -0.2763 40.8810 -0.7532 -16.5560 -24.2400 6.6676 1.6264 -0.5466 -2.0939 -16.2867 -36.3293 -26.3887 0.5149 40.3160 0.5802 8.2830 -1.2254 5.0239 -1.4336 -0.2818 0.7939
1.3072 90.5755 -0.6295 3.9551 -6.2081 -0.5052 -0.5818 7.1136 -0.6772 -0.2991 -2.5986 -1.3752 -0.1888 18.7648 -3.9316 10.6003 16.0580 -0.4618 -4.3031 -4.2555 -14.5518 2.3845 -14.6462 -18.3992 -0.0136 -0.0434 0.0905 0.6609 -10.6121 -3.7278 -0.6807 -10.5788 3.8821 -14.8103 14.7213 -15.2986 -52.4974 -8.0425 -10.1880 -0.3045 0.4905 -89.7140 8.3161 -13.6708 -20.0242 -15.0526 10.7986 15.7115 -59.5315 1.7506 2.2207 16.4606 11.0643 16.8373 41.7790 -24.0354 -10.7009 -0.0194 0.3893 96.8753 -26.7293 -10.4701 17.8076 16.0001 7.5835 -16.3006 50.0509 -3.5876 -5.3759 12.1067 -7.7763 21.9453 -0.2734 40.6218 -0.7514 -16.5288 -24.1085 6.6987 1.6287 -0.5665 -2.0998 -16.2630 -36.2787 -26.3741 0.5028 40.1675 0.5719 8.2510 -1.1569 5.0059 -1.4331 -0.2513 0.7840
1.2789 90.6703 -0.6135 4.0017 -6.1611 -0.5850 -0.5982 7.1037 -0.7010 -0.2945 -2.6140 -1.3833 -0.1918 18.7863 -3.9230 10.6196 16.0708 -0.4838 -4.3283 -4.2524 -14.4633 2.3656 -14.6251 -18.3480 -0.0159 -0.0473 0.0958 0.6573 -10.6121 -3.7226 -0.6811 -10.5810 3.8864 -14.8705 14.7110 -15.3005 -52.5194 -7.9282 -10.2909 -0.2404 0.5581 -89.7864 8.2730 -13.5533 -19.9520 -15.0411 10.8044 15.7350 -59.4861 1.7508 2.2208 16.5069 11.0682 16.8831 41.7474 -24.1962 -10.6841 -0.0306 0.3792 96.9124 -26.6899 -10.4105 17.7027 15.9979 7.5988 -16.2832 50.0130 -3.5470 -5.3385 12.0442 -7.5917 22.0062 -0.2714 40.2429 -0.7518 -16.5254 -23.9193 6.7704 1.6274 -0.5908 -2.0994 -16.2122 -36.2034 -26.3647 0.4849 39.9285 0.5585 8.2182 -1.0310 4.9726 -1.4333 -0.2298 0.7804
1.2307 90.7975 -0.5823 4.0522 -6.0534 -0.6584 -0.6110 7.0879 -0.7035 -0.2903 -2.6367 -1.3991 -0.1909 18.7864 -3.9104 10.6629 16.0582 -0.5010 -4.3547 -4.2464 -14.3875 2.3559 -14.5651 -18.3096 -0.0202 -0.0511 0.1084 0.6513 -10.6087 -3.7097 -0.6833 -10.5797 3.8992 -14.8980 14.6690 -15.3113 -52.5657 -7.7820 -10.3645 -0.1863 0.5869 -89.8781 8.2054 -13.4658 -19.9096 -15.0183 10.8112 15.7332 -59.4787 1.7609 2.2186 16.5428 11.0090 16.9028 41.7221 -24.2963 -10.7152 -0.0046 0.3741 96.9812 -26.7179 -10.3733 17.6114 15.9741 7.6153 -16.2823 50.0004 -3.5047 -5.3092 11.9488 -7.3896 22.0712 -0.2746 39.7107 -0.7697 -16.5324 -23.6676 6.8851 1.6236 -0.6132 -2.1002 -16.1231 -36.1186 -26.3911 0.4730 39.5630 0.5467 8.2160 -0.8256 4.9859 -1.4333 -0.2001 0.7736
1.1767 90.9662 -0.5589 4.1055 -5.8963 -0.6824 -0.6237 7.0629 -0.7157 -0.2837 -2.6553 -1.4121 -0.1907 18.7579 -3.9120 10.7082 16.0519 -0.5069 -4.3508 -4.2437 -14.3530 2.3504 -14.4926 -18.2770 -0.0236 -0.0555 0.1187 0.6472 -10.6098 -3.6980 -0.6859 -10.5821 3.9093 -14.9248 14.6432 -15.3110 -52.5592 -7.6246 -10.4656 -0.1440 0.5567 -89.9326 8.1664 -13.4186 -19.9360 -15.0035 10.7893 15.7078 -59.4727 1.7621 2.2179 16.5624 10.9161 16.9240 41.7068 -24.3399 -10.7866 0.0142 0.3585 97.0755 -26.7908 -10.3152 17.5283 15.9719 7.6232 -16.2815 50.0083 -3.4718 -5.2929 11.8212 -7.2023 22.1311 -0.2774 39.0619 -0.7866 -16.5403 -23.3523 7.0136 1.6226 -0.6332 -2.0977 -16.0037 -36.0272 -26.4548 0.4673 39.0928 0.5464 8.2346 -0.5796 4.9644 -1.4345 -0.1892 0.7704
1.1207 91.1564 -0.5199 4.1580 -5.6619 -0.7168 -0.6344 7.0237 -0.7235 -0.2786 -2.6740 -1.4076 -0.1750 18.6913 -3.9164 10.7445 16.0445 -0.5102 -4.3342 -4.2482 -14.3533 2.3469 -14.4014 -18.2372 -0.0247 -0.0577 0.1193 0.6482 -10.6193 -3.6997 -0.6889 -10.5936 3.9121 -14.9390 14.6316 -15.3293 -52.5370 -7.4721 -10.5816 -0.0825 0.5258 -89.9830 8.1822 -13.4082 -19.9683 -14.9995 10.7789 15.6637 -59.4963 1.7484 2.2188 16.5646 10.7984 16.9315 41.6676 -24.3361 -10.8621 0.0007 0.3358 97.1910 -26.8628 -10.2391 17.4812 15.9507 7.6117 -16.2910 49.9912 -3.4675 -5.2862 11.6783 -7.0362 22.2060 -0.2805 38.2969 -0.7988 -16.5753 -22.9623 7.1714 1.6229 -0.6425 -2.0976 -15.8181 -35.9530 -26.5680 0.4599 38.5292 0.5323 8.2417 -0.3034 4.9306 -1.4340 -0.1859 0.7666
1.0549 91.3844 -0.5053 4.2130 -5.3689 -0.7424 -0.6510 6.9751 -0.7319 -0.2722 -2.6984 -1.4111 -0.1523 18.6092 -3.9184 10.7743 16.0221 -0.5394 -4.3221 -4.2543 -14.3262 2.3423 -14.2972 -18.2079 -0.0227 -0.0574 0.1085 0.6509 -10.6165 -3.7116 -0.6870 -10.5933 3.9006 -14.9470 14.6255 -15.3452 -52.5013 -7.3301 -10.6752 -0.0377 0.5239 -90.0325 8.2192 -13.3995 -19.9974 -14.9793 10.7917 15.6278 -59.5453 1.7537 2.2202 16.5646 10.6796 16.9103 41.5883 -24.3052 -10.9055 -0.0442 0.3093 97.3052 -26.9337 -10.2276 17.4671 15.9613 7.6098 -16.3112 49.9794 -3.4746 -5.2946 11.4967 -6.8761 22.2492 -0.2756 37.4238 -0.7923 -16.6120 -22.5171 7.3265 1.6221 -0.6234 -2.0949 -15.5726 -35.8787 -26.7261 0.4452 37.8748 0.5057 8.2400 0.0040 4.8617 -1.4336 -0.1721 0.7676
0.9711 91.6270 -0.4807 4.2727 -5.0186 -0.7680 -0.6662 6.9190 -0.7448 -0.2702 -2.7268 -1.4012 -0.1218 18.5102 -3.9326 10.8104 15.9719 -0.5480 -4.3067 -4.2584 -14.3099 2.3451 -14.2110 -18.1850 -0.0171 -0.0554 0.0889 0.6552 -10.6151 -3.7347 -0.6803 -10.5932 3.8839 -14.9261 14.6075 -15.3829 -52.4959 -7.2111 -10.6746 -0.0475 0.5439 -90.1363 8.2545 -13.3508 -19.9660 -14.9577 10.8112 15.5991 -59.5718 1.7571 2.2169 16.5610 10.5593 16.8849 41.4974 -24.2777 -10.9684 -0.0813 0.2977 97.4276 -26.9685 -10.2564 17.4234 15.9671 7.5940 -16.3084 49.9408 -3.4957 -5.2869 11.2997 -6.7204 22.2954 -0.2636 36.4248 -0.7757 -16.6176 -22.0023 7.4552 1.6202 -0.6134 -2.0959 -15.2973 -35.8073 -26.9118 0.4372 37.1225 0.4820 8.2631 0.3435 4.7635 -1.4337 -0.1489 0.7658
0.8612 91.9075 -0.4430 4.3438 -4.6072 -0.7697 -0.6874 6.8501 -0.7664 -0.2746 -2.7566 -1.3879 -0.0917 18.3898 -3.9674 10.8530 15.9035 -0.5489 -4.2799 -4.2531 -14.3004 2.3428 -14.1119 -18.1537 -0.0114 -0.0536 0.0727 0.6620 -10.6082 -3.7534 -0.6749 -10.5919 3.8673 -14.8806 14.5732 -15.4128 -52.5078 -7.0795 -10.6714 -0.0406 0.5524 -90.2668 8.3043 -13.2163 -19.9184 -14.9524 10.8336 15.6046 -59.5987 1.7606 2.2286 16.5626 10.4363 16.8605 41.3923 -24.2479 -11.0359 -0.1129 0.3002 97.5464 -26.9987 -10.3021 17.3786 15.9781 7.5979 -16.3033 49.9279 -3.4978 -5.2610 11.0665 -6.5599 22.3545 -0.2557 35.2836 -0.7744 -16.6105 -21.3960 7.5837 1.6212 -0.6305 -2.0927 -14.9812 -35.7448 -27.0955 0.4267 36.3018 0.4669 8.3067 0.7383 4.6268 -1.4343 -0.1303 0.7637
0.7371 92.2126 -0.3938 4.4255 -4.1557 -0.7670 -0.7242 6.7855 -0.7739 -0.2728 -2.7945 -1.3989 -0.0714 18.2656 -4.0062 10.9349 15.8065 -0.5472 -4.2503 -4.2459 -14.2915 2.3452 -13.9994 -18.0999 -0.0095 -0.0519 0.0661 0.6641 -10.6111 -3.7630 -0.6729 -10.5982 3.8632 -14.8103 14.5079 -15.4607 -52.5486 -6.9405 -10.6537 -0.0286 0.5531 -90.3776 8.3473 -13.0351 -19.9026 -14.9128 10.8283 15.6137 -59.5823 1.7637 2.2498 16.5834 10.3125 16.8463 41.2827 -24.2457 -11.1561 -0.0948 0.2887 97.6777 -27.0290 -10.4385 17.3517 15.9653 7.5983 -16.3010 49.9372 -3.4684 -5.2456 10.8201 -6.3869 22.4280 -0.2518 34.0377 -0.7799 -16.6025 -20.7359 7.6774 1.6213 -0.6729 -2.0832 -14.6361 -35.6977 -27.2689 0.4090 35.4398 0.4468 8.3434 1.1797 4.4719 -1.4327 -0.0951 0.7572
0.5831 92.5009 -0.3142 4.5058 -3.6872 -0.7394 -0.7540 6.7250 -0.7831 -0.2734 -2.8309 -1.4109 -0.0590 18.1256 -4.0513 11.0444 15.6756 -0.5511 -4.2278 -4.2374 -14.2734 2.3556 -13.8704 -18.0388 -0.0111 -0.0491 0.0683 0.6625 -10.6177 -3.7651 -0.6741 -10.6074 3.8700 -14.6986 14.4212 -15.5020 -52.6484 -6.8362 -10.6114 -0.0641 0.5614 -90.4733 8.4367 -12.8703 -19.9433 -14.8793 10.8186 15.6339 -59.5548 1.7591 2.2713 16.5960 10.1742 16.8245 41.1883 -24.2107 -11.2633 -0.1171 0.3097 97.7769 -27.0298 -10.6306 17.3253 15.9515 7.5925 -16.2961 50.0007 -3.4472 -5.2329 10.5753 -6.2287 22.4871 -0.2459 32.7659 -0.7877 -16.5984 -20.0350 7.7656 1.6212 -0.7315 -2.0770 -14.2815 -35.6603 -27.4573 0.3938 34.6191 0.4312 8.3388 1.5945 4.3255 -1.4294 -0.0586 0.7464
0.4199 92.7837 -0.2629 4.5699 -3.2092 -0.6833 -0.7793 6.6583 -0.8024 -0.2763 -2.8740 -1.4204 -0.0404 17.9885 -4.0945 11.1777 15.5099 -0.5486 -4.2322 -4.2311 -14.2655 2.3616 -13.6923 -17.9515 -0.0143 -0.0467 0.0751 0.6566 -10.6152 -3.7591 -0.6738 -10.6072 3.8779 -14.5649 14.3471 -15.5406 -52.7316 -6.7535 -10.5772 -0.1092 0.5513 -90.5917 8.5494 -12.7900 -20.0327 -14.8810 10.7985 15.6686 -59.5255 1.7548 2.3025 16.5980 10.0308 16.8027 41.1216 -24.1673 -11.3822 -0.1340 0.3300 97.8447 -27.0342 -10.9166 17.3229 15.9531 7.5937 -16.3204 50.0576 -3.4156 -5.2370 10.3575 -6.1066 22.5530 -0.2427 31.5193 -0.7995 -16.6120 -19.3476 7.8240 1.6204 -0.7825 -2.0727 -13.9033 -35.6227 -27.6749 0.3776 33.8272 0.4083 8.3177 1.9791 4.1909 -1.4256 -0.0421 0.7354
0.2406 93.0367 -0.1745 4.6310 -2.7292 -0.6037 -0.8068 6.5777 -0.8274 -0.2779 -2.9124 -1.4455 -0.0054 17.8664 -4.1119 11.3067 15.3350 -0.5578 -4.2460 -4.2259 -14.2523 2.3846 -13.5195 -17.9319 -0.0160 -0.0481 0.0751 0.6509 -10.6194 -3.7638 -0.6712 -10.6105 3.8837 -14.4279 14.2855 -15.5986 -52.7710 -6.6672 -10.6282 -0.0857 0.5632 -90.7132 8.6893 -12.8307 -20.1396 -14.8922 10.7654 15.6920 -59.5155 1.7413 2.3290 16.5871 9.8955 16.7832 41.0585 -24.1288 -11.5108 -0.1750 0.3613 97.9126 -27.0367 -11.2109 17.2873 15.9311 7.5933 -16.3310 50.0426 -3.3921 -5.2481 10.1680 -6.0227 22.6347 -0.2401 30.3427 -0.8054 -16.6399 -18.6924 7.8780 1.6228 -0.8389 -2.0709 -13.5147 -35.6446 -27.9646 0.3673 33.1213 0.3994 8.2729 2.3075 4.0695 -1.4227 -0.0396 0.7231
0.0515 93.2487 -0.0939 4.6703 -2.2965 -0.5412 -0.8170 6.5097 -0.8655 -0.2724 -2.9330 -1.4661 0.0284 17.7346 -4.1027 11.4004 15.1706 -0.5650 -4.2725 -4.2173 -14.2448 2.3981 -13.3679 -17.9383 -0.0149 -0.0453 0.0650 0.6468 -10.6211 -3.7772 -0.6640 -10.6119 3.8745 -14.2809 14.2050 -15.6531 -52.7923 -6.5826 -10.6834 -0.0575 0.5909 -90.8130 8.8143 -12.9087 -20.2396 -14.9187 10.7302 15.6989 -59.5590 1.7175 2.3390 16.5393 9.7466 16.7745 41.0266 -24.0744 -11.6579 -0.1943 0.3829 98.0019 -27.0182 -11.4387 17.2419 15.9173 7.5979 -16.3627 50.0029 -3.3846 -5.2571 10.0313 -5.9488 22.7214 -0.2355 29.2794 -0.8141 -16.7021 -18.1314 7.9611 1.6250 -0.8711 -2.0797 -13.1407 -35.6908 -28.2340 0.3484 32.6029 0.3720 8.2055 2.5507 3.9678 -1.4219 -0.0292 0.7137
-0.1140 93.4163 0.0187 4.6918 -1.9173 -0.4715 -0.8104 6.4484 -0.9003 -0.2599 -2.9426 -1.4914 0.0724 17.5998 -4.0766 11.4572 15.0588 -0.5991 -4.3014 -4.2128 -14.2308 2.4076 -13.2471 -17.9712 -0.0098 -0.0484 0.0469 0.6506 -10.6237 -3.7998 -0.6574 -10.6140 3.8592 -14.1252 14.1457 -15.7185 -52.7815 -6.5171 -10.7824 0.0066 0.6337 -90.8960 8.9200 -13.0083 -20.3165 -14.9232 10.7104 15.7120 -59.5749 1.7017 2.3520 16.4710 9.6145 16.7612 40.9832 -23.9903 -11.7621 -0.2271 0.4098 98.1263 -27.0478 -11.5917 17.2047 15.9115 7.6142 -16.3842 49.9822 -3.3771 -5.2715 9.9620 -5.8983 22.7936 -0.2326 28.3940 -0.8162 -16.7789 -17.6696 8.0328 1.6264 -0.8738 -2.0865 -12.8116 -35.7624 -28.4911 0.3390 32.2748 0.3569 8.1306 2.7185 3.8807 -1.4223 0.0003 0.7091
-0.2749 93.5394 0.1433 4.6982 -1.6051 -0.4045 -0.7927 6.4107 -0.9252 -0.2473 -2.9521 -1.5070 0.1314 17.4727 -4.0545 11.4532 14.9589 -0.6214 -4.3100 -4.2084 -14.2054 2.4246 -13.1551 -18.0146 -0.0063 -0.0529 0.0369 0.6534 -10.6327 -3.8128 -0.6531 -10.6233 3.8522 -13.9638 14.0909 -15.7774 -52.7410 -6.4883 -10.8805 0.0329 0.6455 -90.9570 8.9951 -13.0268 -20.3722 -14.9176 10.6961 15.7130 -59.5936 1.6930 2.3593 16.3746 9.4725 16.7224 40.8799 -23.8737 -11.7902 -0.2896 0.4291 98.2285 -27.0842 -11.7789 17.2117 15.9093 7.6294 -16.4000 49.9532 -3.3997 -5.2710 9.9416 -5.8406 22.7980 -0.2310 27.6778 -0.8070 -16.8536 -17.3121 8.1053 1.6251 -0.8424 -2.0798 -12.5192 -35.8655 -28.7237 0.3252 32.1313 0.3378 8.0609 2.8023 3.8242 -1.4226 0.0625 0.7020
-0.4415 93.6192 0.2761 4.6960 -1.3609 -0.3262 -0.7634 6.3937 -0.9343 -0.2364 -2.9583 -1.5288 0.2073 17.3388 -4.0461 11.4102 14.8499 -0.6475 -4.3021 -4.2030 -14.1715 2.4403 -13.0520 -18.0256 -0.0057 -0.0532 0.0361 0.6532 -10.6378 -3.8165 -0.6511 -10.6262 3.8528 -13.7971 14.0235 -15.8143 -52.7118 -6.4708 -10.9974 0.0546 0.6428 -90.9496 9.0272 -13.0450 -20.3950 -14.8959 10.6767 15.7035 -59.5560 1.7001 2.3688 16.2366 9.3331 16.7019 40.7766 -23.7392 -11.7849 -0.3640 0.4883 98.3105 -27.0917 -12.0315 17.2432 15.9025 7.6513 -16.4298 49.9366 -3.4297 -5.2872 9.9671 -5.8051 22.7638 -0.2302 27.1498 -0.8066 -16.9251 -17.0271 8.1410 1.6260 -0.7859 -2.0711 -12.2878 -35.9565 -28.9173 0.3241 32.1443 0.3302 8.0076 2.7569 3.7794 -1.4231 0.1242 0.6998
-0.5907 93.6625 0.4104 4.6836 -1.1767 -0.2449 -0.7221 6.3911 -0.9282 -0.2314 -2.9532 -1.5478 0.3071 17.2096 -4.0512 11.3462 14.7256 -0.6426 -4.2670 -4.2011 -14.1764 2.4478 -12.9649 -18.0044 -0.0072 -0.0496 0.0391 0.6502 -10.6396 -3.8134 -0.6513 -10.6252 3.8571 -13.6492 13.9538 -15.8466 -52.6606 -6.4677 -11.1379 0.0781 0.5971 -90.9013 9.0328 -13.0653 -20.3696 -14.8701 10.6838 15.6970 -59.5627 1.7086 2.3707 16.0797 9.2097 16.6963 40.6487 -23.6737 -11.7754 -0.3714 0.5506 98.3722 -27.1184 -12.3051 17.2994 15.9061 7.6650 -16.4544 49.9611 -3.4572 -5.3037 10.0314 -5.7885 22.7344 -0.2327 26.7852 -0.8082 -16.9910 -16.8301 8.1444 1.6271 -0.7367 -2.0605 -12.0977 -36.0447 -29.0822 0.3299 32.2778 0.3371 7.9574 2.5986 3.7517 -1.4233 0.1747 0.6989
-0.7609 93.6759 0.5319 4.6642 -1.0498 -0.1669 -0.6704 6.4097 -0.9136 -0.2246 -2.9583 -1.5806 0.4046 17.1110 -4.0604 11.2680 14.6082 -0.6059 -4.2204 -4.1997 -14.1970 2.4563 -12.9117 -17.9690 -0.0082 -0.0407 0.0385 0.6495 -10.6440 -3.8154 -0.6527 -10.6256 3.8587 -13.4900 13.8770 -15.8556 -52.6049 -6.4989 -11.2705 0.0719 0.5509 -90.8637 9.0634 -13.0955 -20.3273 -14.8930 10.7042 15.6872 -59.6361 1.7167 2.3588 15.8869 9.1332 16.7095 40.5594 -23.7085 -11.8041 -0.3308 0.5735 98.4583 -27.1182 -12.5281 17.3294 15.8922 7.6637 -16.4863 49.9518 -3.4818 -5.3217 10.1280 -5.8081 22.6935 -0.2328 26.6291 -0.7996 -17.0771 -16.7292 8.0869 1.6301 -0.7082 -2.0528 -11.9604 -36.1423 -29.1948 0.3443 32.5516 0.3566 7.8840 2.3325 3.7066 -1.4232 0.1663 0.7003
-0.9297 93.6461 0.6707 4.6450 -0.9798 -0.0841 -0.6179 6.4380 -0.8990 -0.2132 -2.9610 -1.6128 0.4837 17.0150 -4.0637 11.2139 14.4943 -0.5833 -4.1966 -4.2006 -14.2228 2.4413 -12.8919 -17.9237 -0.0102 -0.0331 0.0396 0.6483 -10.6341 -3.8160 -0.6556 -10.6141 3.8614 -13.3582 13.7850 -15.8591 -52.5587 -6.5271 -11.3238 0.0044 0.5322 -90.8455 9.0835 -13.0365 -20.3091 -14.9204 10.7014 15.6665 -59.6744 1.7227 2.3456 15.7297 9.0610 16.7207 40.4761 -23.7730 -11.8380 -0.2433 0.5969 98.5335 -27.1411 -12.7599 17.3593 15.8586 7.6493 -16.4988 49.9188 -3.4948 -5.3367 10.2706 -5.8404 22.6631 -0.2386 26.6176 -0.8012 -17.2074 -16.6720 8.0169 1.6344 -0.6981 -2.0624 -11.8874 -36.2205 -29.2574 0.3455 32.9238 0.3507 7.8263 1.9985 3.6671 -1.4250 0.1562 0.7040
-1.0746 93.5968 0.7883 4.6163 -0.9409 -0.0175 -0.5582 6.4554 -0.9134 -0.2079 -2.9434 -1.6049 0.5691 16.9397 -4.0966 11.1335 14.4009 -0.5655 -4.1709 -4.1986 -14.2296 2.4142 -12.9153 -17.8522 -0.0103 -0.0326 0.0372 0.6520 -10.6289 -3.8186 -0.6590 -10.6080 3.8580 -13.2443 13.7057 -15.8410 -52.5190 -6.5577 -11.3973 0.0101 0.5403 -90.8534 9.0936 -13.0071 -20.3164 -14.9659 10.6848 15.6748 -59.6985 1.7190 2.3589 15.5712 9.0156 16.7286 40.3885 -23.8642 -11.7805 -0.2469 0.6010 98.5899 -27.1340 -12.9256 17.3043 15.8301 7.6286 -16.4904 49.9049 -3.5150 -5.3415 10.4346 -5.8969 22.6073 -0.2433 26.7102 -0.8038 -17.3600 -16.6565 7.9599 1.6380 -0.6890 -2.0685 -11.8235 -36.3055 -29.3148 0.3592 33.3688 0.3710 7.7507 1.6334 3.6169 -1.4258 0.1197 0.7059
-1.2410 93.5069 0.9306 4.5807 -0.9239 0.0275 -0.4887 6.4772 -0.9331 -0.1929 -2.9236 -1.5967 0.6394 16.8803 -4.1123 11.0651 14.2940 -0.5422 -4.1626 -4.1935 -14.2463 2.4096 -12.9550 -17.8134 -0.0126 -0.0316 0.0367 0.6499 -10.6257 -3.8204 -0.6621 -10.6019 3.8604 -13.1373 13.6366 -15.8227 -52.5309 -6.6593 -11.4080 -0.0610 0.5831 -90.8235 9.1131 -12.9867 -20.3188 -15.0080 10.6693 15.6895 -59.7240 1.7198 2.3788 15.4292 8.9988 16.7424 40.3440 -24.0171 -11.7313 -0.2263 0.6618 98.6187 -27.2109 -13.0094 17.2571 15.7848 7.6289 -16.5048 49.8646 -3.5074 -5.3604 10.6244 -5.9696 22.5318 -0.2480 26.8983 -0.8220 -17.5611 -16.6964 7.9269 1.6412 -0.6719 -2.0905 -11.7606 -36.4235 -29.4015 0.3670 33.9197 0.3771 7.6794 1.2154 3.6365 -1.4273 0.1300 0.6988
-1.3937 93.4047 1.0730 4.5368 -0.9456 0.0948 -0.4122 6.5141 -0.9265 -0.1788 -2.9179 -1.6321 0.7135 16.8641 -4.0989 10.9814 14.2301 -0.5590 -4.1472 -4.1721 -14.2044 2.4129 -13.0357 -17.7788 -0.0156 -0.0336 0.0466 0.6485 -10.6216 -3.8083 -0.6673 -10.5969 3.8705 -13.0671 13.6605 -15.8228 -52.5335 -6.7745 -11.4763 -0.0340 0.6017 -90.8228 9.1553 -13.0088 -20.3582 -15.0153 10.6412 15.6841 -59.7545 1.7059 2.3915 15.2997 8.9984 16.7707 40.2956 -24.2189 -11.7094 -0.2230 0.6266 98.6473 -27.2746 -12.9874 17.1734 15.7635 7.6019 -16.4678 49.8487 -3.5124 -5.3442 10.8311 -6.0729 22.4282 -0.2579 27.2353 -0.8381 -17.7746 -16.8208 7.8943 1.6432 -0.6531 -2.0985 -11.7306 -36.5664 -29.4574 0.3725 34.5712 0.3845 7.5912 0.7699 3.6610 -1.4290 0.1376 0.6893
-1.5150 93.2913 1.2151 4.4846 -1.0010 0.1536 -0.3245 6.5706 -0.9018 -0.1603 -2.9091 -1.6695 0.7644 16.8427 -4.0886 10.9384 14.1731 -0.5556 -4.1438 -4.1579 -14.1940 2.4280 -13.1574 -17.7581 -0.0193 -0.0348 0.0569 0.6431 -10.6195 -3.7972 -0.6690 -10.5938 3.8807 -13.0137 13.6899 -15.8170 -52.5744 -6.9249 -11.4884 -0.0714 0.6371 -90.7943 9.2284 -13.0782 -20.3913 -15.0145 10.6458 15.6893 -59.7578 1.7059 2.3948 15.2025 9.0213 16.8078 40.2808 -24.4773 -11.7154 -0.1897 0.6377 98.6293 -27.2915 -13.0475 17.0766 15.7623 7.5881 -16.4808 49.8225 -3.5247 -5.3483 11.0668 -6.1697 22.2555 -0.2640 27.6396 -0.8584 -18.0118 -16.9499 7.8781 1.6436 -0.6174 -2.1039 -11.7328 -36.6746 -29.4714 0.3734 35.2616 0.3874 7.4954 0.2869 3.6698 -1.4303 0.1896 0.6822
-1.6509 93.1553 1.3312 4.4504 -1.0591 0.2103 -0.2557 6.6185 -0.8984 -0.1480 -2.8881 -1.6640 0.8196 16.8340 -4.1094 10.9213 14.1403 -0.5687 -4.1687 -4.1620 -14.1969 2.4456 -13.2952 -17.7686 -0.0197 -0.0409 0.0667 0.6406 -10.6066 -3.7848 -0.6674 -10.5819 3.8883 -12.9893 13.7248 -15.7959 -52.6261 -7.0733 -11.5395 -0.0498 0.6316 -90.7457 9.2453 -13.1362 -20.4281 -15.0059 10.6467 15.7103 -59.7380 1.6934 2.3998 15.1637 9.0574 16.8428 40.2206 -24.8003 -11.6928 -0.1863 0.6420 98.5931 -27.2753 -13.1126 16.9792 15.7715 7.5984 -16.4748 49.8277 -3.5229 -5.3369 11.2878 -6.2907 22.1011 -0.2700 28.0953 -0.8703 -18.2122 -17.1101 7.8232 1.6447 -0.5936 -2.0996 -11.7507 -36.8104 -29.4632 0.3877 35.9423 0.4208 7.4049 -0.1780 3.6365 -1.4291 0.2578 0.6665
-1.7642 93.0025 1.4592 4.4280 -1.1347 0.2475 -0.1953 6.6809 -0.9045 -0.1414 -2.8654 -1.6573 0.8587 16.8516 -4.1120 10.9019 14.1043 -0.5620 -4.1807 -4.1627 -14.2092 2.4681 -13.3825 -17.8299 -0.0178 -0.0453 0.0677 0.6412 -10.6103 -3.7852 -0.6641 -10.5827 3.8897 -12.9712 13.7652 -15.7774 -52.6776 -7.1570 -11.6547 0.0718 0.6110 -90.6714 9.1844 -13.1903 -20.3992 -14.9955 10.6252 15.7073 -59.6940 1.6614 2.3897 15.1698 9.1056 16.9315 40.1583 -25.1656 -11.7253 -0.1720 0.6001 98.5526 -27.2193 -13.0424 16.8355 15.7709 7.6102 -16.4701 49.8131 -3.5418 -5.3224 11.5010 -6.4649 21.9667 -0.2810 28.6921 -0.8756 -18.3846 -17.3669 7.7278 1.6475 -0.5877 -2.0952 -11.8078 -36.9899 -29.3924 0.4070 36.7072 0.4561 7.3513 -0.6902 3.5811 -1.4289 0.3366 0.6644
-1.8716 92.8286 1.5421 4.4180 -1.2650 0.2620 -0.1333 6.7627 -0.8893 -0.1308 -2.8381 -1.6662 0.8737 16.9043 -4.0979 10.8629 14.0880 -0.5309 -4.1972 -4.1663 -14.2555 2.4868 -13.4570 -17.8970 -0.0125 -0.0447 0.0537 0.6448 -10.6095 -3.7987 -0.6571 -10.5803 3.8736 -12.9435 13.8202 -15.7575 -52.7544 -7.2915 -11.7363 0.1590 0.5877 -90.5661 9.0636 -13.1626 -20.2735 -14.9664 10.6146 15.6740 -59.6780 1.6449 2.3728 15.1729 9.2086 17.0465 40.1366 -25.5353 -11.7304 -0.1791 0.5767 98.4632 -27.1353 -12.8556 16.6946 15.7712 7.6331 -16.4899 49.7815 -3.5497 -5.3356 11.7214 -6.6419 21.8495 -0.2851 29.3990 -0.8670 -18.5372 -17.7145 7.5880 1.6501 -0.5907 -2.0938 -11.9371 -37.1752 -29.2177 0.4190 37.5598 0.4737 7.3108 -1.2167 3.5342 -1.4297 0.3750 0.6755
-1.9684 92.6156 1.6230 4.4173 -1.4385 0.2875 -0.0707 6.8290 -0.8927 -0.1340 -2.8038 -1.6395 0.9063 17.0024 -4.1110 10.7891 14.1018 -0.5107 -4.1949 -4.1640 -14.3150 2.4900 -13.5672 -17.9258 -0.0108 -0.0404 0.0486 0.6509 -10.6104 -3.8052 -0.6600 -10.5777 3.8689 -12.9554 13.8982 -15.7527 -52.8233 -7.4551 -11.8291 0.2329 0.5702 -90.4550 8.9416 -13.0640 -20.1475 -14.9054 10.5972 15.6748 -59.6194 1.6357 2.3726 15.1682 9.3121 17.1404 40.0795 -25.8912 -11.6629 -0.2176 0.5275 98.3418 -27.0629 -12.5009 16.5292 15.7912 7.6593 -16.5130 49.8110 -3.5805 -5.3612 11.9407 -6.8170 21.7434 -0.2957 30.1802 -0.8647 -18.6914 -18.1161 7.5021 1.6511 -0.6019 -2.0993 -12.1231 -37.3822 -29.0372 0.4370 38.4788 0.4949 7.2643 -1.7477 3.5169 -1.4300 0.3835 0.6849
-2.0518 92.3645 1.7012 4.4124 -1.6850 0.3284 -0.0005 6.9104 -0.8873 -0.1282 -2.7658 -1.6508 0.9325 17.1348 -4.1206 10.7102 14.1315 -0.4649 -4.1799 -4.1590 -14.3988 2.4500 -13.7169 -17.9581 -0.0117 -0.0333 0.0505 0.6540 -10.6101 -3.8025 -0.6653 -10.5744 3.8696 -13.0007 13.9380 -15.7223 -52.9095 -7.6204 -11.8923 0.2708 0.5700 -90.2885 8.8448 -12.9757 -20.0323 -14.8773 10.6130 15.6908 -59.6391 1.6536 2.3688 15.1659 9.4137 17.2167 40.0274 -26.2437 -11.5460 -0.2261 0.5114 98.1784 -26.9582 -12.0047 16.3427 15.8117 7.6612 -16.5065 49.8165 -3.6138 -5.3826 12.1782 -6.9814 21.6143 -0.3074 31.0952 -0.8665 -18.8436 -18.6429 7.4097 1.6527 -0.6054 -2.1156 -12.3730 -37.5819 -28.8450 0.4531 39.4976 0.5057 7.2208 -2.3310 3.5259 -1.4356 0.3920 0.6983
-2.1020 92.0609 1.7532 4.4183 -1.9944 0.3805 0.0637 6.9849 -0.8917 -0.1204 -2.7201 -1.6670 0.9494 17.2902 -4.1324 10.6147 14.1981 -0.4313 -4.1465 -4.1489 -14.5057 2.4020 -13.9005 -18.0101 -0.0149 -0.0262 0.0600 0.6566 -10.6080 -3.7898 -0.6748 -10.5685 3.8772 -13.0768 13.9633 -15.7014 -53.0305 -7.7875 -11.9359 0.3034 0.5854 -90.0914 8.7681 -12.8466 -19.9348 -14.8685 10.6238 15.6813 -59.6305 1.6659 2.3518 15.1681 9.5279 17.2786 40.0295 -26.5493 -11.4028 -0.2408 0.4981 97.9947 -26.8371 -11.4877 16.2510 15.8171 7.6634 -16.5120 49.7711 -3.6328 -5.4246 12.4195 -7.1028 21.4633 -0.3129 32.0690 -0.8640 -19.0150 -19.2462 7.3222 1.6518 -0.6020 -2.1423 -12.6813 -37.7965 -28.7033 0.4744 40.5761 0.5148 7.1643 -2.9569 3.5970 -1.4412 0.3961 0.7087
-2.1287 91.7412 1.7928 4.4389 -2.3523 0.4390 0.1105 7.0514 -0.8830 -0.1145 -2.6974 -1.7011 0.9589 17.4745 -4.1242 10.5439 14.3170 -0.4214 -4.1349 -4.1537 -14.6033 2.3562 -14.1198 -18.1041 -0.0202 -0.0237 0.0782 0.6585 -10.6044 -3.7680 -0.6882 -10.5618 3.8941 -13.1910 13.9758 -15.6724 -53.1695 -7.9214 -11.9237 0.3002 0.5823 -89.8963 8.7305 -12.7359 -19.8550 -14.9292 10.6327 15.6295 -59.6977 1.6709 2.3179 15.2248 9.6861 17.3002 40.0691 -26.8429 -11.2769 -0.2323 0.4614 97.8233 -26.7413 -11.1473 16.3263 15.8212 7.6458 -16.4746 49.7305 -3.6629 -5.4215 12.6482 -7.1734 21.3459 -0.3150 33.0304 -0.8558 -19.2164 -19.8681 7.2465 1.6458 -0.5656 -2.1574 -13.0360 -37.9911 -28.6141 0.4797 41.6211 0.5030 7.1000 -3.5648 3.7569 -1.4465 0.3810 0.7175
-2.1343 91.4313 1.8088 4.4696 -2.7644 0.4525 0.1467 7.1156 -0.8732 -0.1057 -2.6724 -1.7202 0.9568 17.6683 -4.0979 10.4636 14.4881 -0.4159 -4.1213 -4.1663 -14.6831 2.3136 -14.3961 -18.2116 -0.0247 -0.0231 0.0893 0.6545 -10.5998 -3.7512 -0.6942 -10.5539 3.9024 -13.3368 13.9851 -15.6142 -53.3395 -8.0214 -11.8744 0.2457 0.5592 -89.6601 8.7138 -12.6193 -19.8395 -14.9590 10.6819 15.5927 -59.8141 1.6917 2.2931 15.3004 9.8751 17.3018 40.1732 -27.1301 -11.1595 -0.2003 0.4038 97.6495 -26.7197 -10.9221 16.5510 15.8385 7.6225 -16.4762 49.7009 -3.6799 -5.4501 12.8796 -7.1777 21.2753 -0.3152 33.9827 -0.8463 -19.4182 -20.5067 7.1294 1.6371 -0.5178 -2.1599 -13.4323 -38.1473 -28.5259 0.4958 42.6318 0.5150 7.0420 -4.1653 3.9750 -1.4478 0.3322 0.7204
-2.1200 91.1309 1.8097 4.4967 -3.1828 0.4205 0.1682 7.1716 -0.8722 -0.0999 -2.6635 -1.7189 0.9522 17.8512 -4.0536 10.4001 14.6812 -0.4181 -4.1211 -4.1804 -14.7721 2.2733 -14.6624 -18.3029 -0.0271 -0.0251 0.0937 0.6530 -10.5894 -3.7426 -0.6981 -10.5459 3.9040 -13.5067 14.0435 -15.5254 -53.4877 -8.0685 -11.7795 0.1738 0.5289 -89.4206 8.6514 -12.4599 -19.8622 -14.9975 10.7195 15.5828 -59.8753 1.7068 2.2775 15.4088 10.0567 17.3121 40.3319 -27.4168 -11.1432 -0.0634 0.3498 97.5454 -26.7807 -10.8780 16.7832 15.8462 7.6069 -16.4644 49.7497 -3.6813 -5.4532 13.1035 -7.1420 21.2698 -0.3227 34.8776 -0.8558 -19.5550 -21.0915 6.9993 1.6326 -0.4949 -2.1576 -13.8268 -38.2488 -28.4086 0.5012 43.5267 0.5168 6.9954 -4.6794 4.2089 -1.4461 0.2707 0.7203
-2.0912 90.8721 1.8204 4.5145 -3.5923 0.3361 0.1839 7.2095 -0.8829 -0.0921 -2.6382 -1.6910 0.9432 18.0066 -4.0301 10.3396 14.8714 -0.4273 -4.1314 -4.1931 -14.8324 2.2560 -14.9061 -18.3856 -0.0270 -0.0305 0.0938 0.6469 -10.5940 -3.7410 -0.6924 -10.5521 3.9036 -13.6702 14.1180 -15.3925 -53.6560 -8.0888 -11.6391 0.0412 0.5344 -89.1807 8.6041 -12.3935 -19.9317 -15.0286 10.7481 15.6103 -59.9026 1.7182 2.2784 15.4896 10.1907 17.3230 40.4841 -27.6403 -11.1585 0.0910 0.3062 97.5178 -26.8264 -10.9411 16.9534 15.8514 7.5943 -16.4661 49.7808 -3.6699 -5.4472 13.3099 -7.0746 21.2530 -0.3390 35.6905 -0.8870 -19.6531 -21.6004 6.8837 1.6321 -0.4936 -2.1509 -14.2013 -38.2852 -28.2301 0.5304 44.2618 0.5570 6.9967 -5.1121 4.3927 -1.4421 0.2163 0.7250
-2.0441 90.6513 1.8264 4.5174 -3.9750 0.2697 0.1930 7.2452 -0.8673 -0.0832 -2.6271 -1.6954 0.9480 18.1425 -3.9997 10.3183 15.0640 -0.4456 -4.1503 -4.2045 -14.8818 2.2396 -15.1230 -18.4488 -0.0245 -0.0382 0.0910 0.6465 -10.6016 -3.7455 -0.6867 -10.5618 3.9009 -13.8424 14.2404 -15.2816 -53.7677 -8.0415 -11.5123 -0.0323 0.5493 -89.0275 8.5580 -12.4515 -19.9936 -15.0142 10.7453 15.6257 -59.8799 1.7136 2.2855 15.5744 10.2459 17.3521 40.5897 -27.7640 -11.2629 0.2399 0.2637 97.5807 -26.8739 -10.9766 17.0473 15.8659 7.5904 -16.4676 49.8825 -3.6328 -5.4417 13.4857 -7.0078 21.2339 -0.3550 36.4374 -0.9253 -19.7087 -22.0258 6.8026 1.6324 -0.5203 -2.1406 -14.5553 -38.2830 -28.0165 0.5449 44.8854 0.5793 7.0579 -5.4465 4.5272 -1.4394 0.1780 0.7305
-1.9826 90.4640 1.8173 4.5079 -4.3178 0.2056 0.2059 7.2672 -0.8405 -0.0714 -2.6276 -1.7034 0.9460 18.2616 -3.9684 10.3404 15.2289 -0.4538 -4.1951 -4.2325 -14.9219 2.2289 -15.3113 -18.5095 -0.0212 -0.0463 0.0919 0.6493 -10.6093 -3.7460 -0.6828 -10.5727 3.9004 -13.9783 14.3624 -15.1908 -53.8491 -7.9300 -11.3944 -0.0726 0.5812 -88.9854 8.4867 -12.5241 -19.9707 -14.9652 10.7364 15.6097 -59.8099 1.6985 2.2841 15.6412 10.2665 17.3630 40.6185 -27.7950 -11.3258 0.2888 0.2346 97.6776 -26.8628 -11.0444 17.0965 15.8911 7.5965 -16.4418 49.9531 -3.6003 -5.4074 13.6347 -6.9285 21.1769 -0.3634 37.0913 -0.9529 -19.7473 -22.3854 6.7491 1.6297 -0.5290 -2.1299 -14.8775 -38.2418 -27.7968 0.5563 45.3783 0.6026 7.1115 -5.7007 4.6267 -1.4377 0.1833 0.7399
-1.9168 90.2925 1.8076 4.4976 -4.6357 0.2008 0.2196 7.2461 -0.8337 -0.0711 -2.6108 -1.6676 0.9664 18.3742 -3.9644 10.3516 15.3711 -0.4374 -4.2136 -4.2613 -15.0200 2.1997 -15.4539 -18.5333 -0.0184 -0.0536 0.0980 0.6517 -10.6081 -3.7408 -0.6798 -10.5782 3.9068 -14.1201 14.4772 -15.1198 -53.8505 -7.8111 -11.3863 -0.0636 0.5899 -88.9218 8.3935 -12.5762 -19.8525 -14.9248 10.7271 15.6354 -59.7378 1.6782 2.3007 15.7220 10.2786 17.3518 40.5923 -27.7768 -11.3402 0.2184 0.2521 97.7102 -26.7912 -11.1039 17.1479 15.9418 7.6336 -16.4276 50.0370 -3.5429 -5.3753 13.7541 -6.8648 21.0771 -0.3591 37.6855 -0.9546 -19.7570 -22.7118 6.7175 1.6284 -0.5104 -2.1225 -15.1875 -38.1877 -27.6197 0.5791 45.7770 0.6380 7.1301 -5.8897 4.6888 -1.4360 0.2074 0.7351
-1.8083 90.1037 1.7795 4.4942 -4.9616 0.1828 0.2334 7.2522 -0.7983 -0.0769 -2.6009 -1.6761 0.9806 18.5032 -3.9513 10.3504 15.5297 -0.4172 -4.2063 -4.2799 -15.0821 2.1780 -15.5709 -18.5697 -0.0175 -0.0531 0.1093 0.6545 -10.6136 -3.7273 -0.6811 -10.5844 3.9155 -14.2283 14.5716 -15.0541 -53.8357 -7.6326 -11.4336 0.0335 0.5706 -88.9163 8.3060 -12.5909 -19.7199 -14.9118 10.7127 15.6212 -59.7148 1.6635 2.2878 15.8083 10.3264 17.3914 40.5229 -27.7764 -11.3597 0.1530 0.2117 97.7356 -26.7281 -10.9923 17.2258 15.9781 7.6721 -16.3897 50.0292 -3.5108 -5.3240 13.8465 -6.8312 20.9803 -0.3549 38.3497 -0.9495 -19.7718 -23.0964 6.7328 1.6280 -0.4942 -2.1233 -15.5115 -38.1712 -27.4100 0.5936 46.2224 0.6579 7.1401 -6.1022 4.7409 -1.4347 0.2507 0.7303
-1.7157 89.9357 1.7525 4.4844 -5.2869 0.1569 0.2408 7.2455 -0.7782 -0.0817 -2.5913 -1.6689 0.9867 18.6320 -3.9062 10.3249 15.6646 -0.4117 -4.1965 -4.2942 -15.1227 2.1723 -15.6396 -18.6083 -0.0146 -0.0507 0.1098 0.6574 -10.6128 -3.7254 -0.6782 -10.5842 3.9136 -14.3145 14.6354 -14.9866 -53.8053 -7.4568 -11.4861 0.0757 0.5367 -88.8489 8.2046 -12.5989 -19.5833 -14.9073 10.7407 15.6204 -59.7346 1.6739 2.2825 15.9368 10.4133 17.3927 40.4544 -27.7741 -11.3088 0.0914 0.2116 97.6556 -26.6929 -10.8626 17.3960 16.0149 7.7108 -16.4024 50.0709 -3.4847 -5.3183 13.9322 -6.7881 20.8841 -0.3451 38.9805 -0.9370 -19.7461 -23.4548 6.7704 1.6280 -0.4673 -2.1321 -15.8231 -38.1138 -27.2162 0.5929 46.5857 0.6499 7.1660 -6.2328 4.7998 -1.4341 0.2395 0.7282
-1.6006 89.7859 1.6946 4.4817 -5.6012 0.1108 0.2352 7.2327 -0.7610 -0.0938 -2.5825 -1.6623 0.9885 18.7370 -3.8562 10.2816 15.8202 -0.4268 -4.1970 -4.2942 -15.1030 2.1704 -15.6828 -18.6388 -0.0106 -0.0460 0.1028 0.6621 -10.6060 -3.7300 -0.6752 -10.5767 3.9032 -14.3941 14.6856 -14.8986 -53.7680 -7.2833 -11.5441 0.0699 0.5133 -88.7368 8.1264 -12.5806 -19.5444 -14.9084 10.7620 15.6353 -59.7098 1.6968 2.2867 16.0832 10.4753 17.3860 40.3706 -27.6978 -11.2205 0.0398 0.2364 97.5032 -26.7156 -10.7032 17.5737 16.0401 7.7366 -16.4126 50.0812 -3.5033 -5.3285 13.9970 -6.7166 20.8351 -0.3432 39.5160 -0.9184 -19.6777 -23.7819 6.8041 1.6276 -0.4410 -2.1399 -16.1217 -38.0498 -27.0452 0.6021 46.8582 0.6621 7.2401 -6.3049 4.8369 -1.4345 0.2155 0.7295
-1.4935 89.6880 1.6346 4.4659 -5.8948 0.0704 0.2249 7.2284 -0.7382 -0.1018 -2.5812 -1.6606 0.9694 18.8321 -3.7972 10.2445 15.9828 -0.4356 -4.1862 -4.2747 -15.0584 2.1606 -15.7200 -18.6537 -0.0064 -0.0395 0.0861 0.6668 -10.6136 -3.7472 -0.6716 -10.5840 3.8853 -14.4287 14.7494 -14.8048 -53.7330 -7.1424 -11.5927 0.0553 0.4632 -88.6298 8.0601 -12.4988 -19.5178 -14.9197 10.8085 15.6550 -59.7471 1.7407 2.2705 16.2092 10.5254 17.3829 40.3291 -27.5603 -11.1368 -0.0099 0.2418 97.3374 -26.7699 -10.5372 17.7421 16.0254 7.7513 -16.4208 50.0900 -3.5228 -5.3466 14.0347 -6.6526 20.8080 -0.3403 39.9801 -0.9079 -19.5607 -24.0608 6.8320 1.6268 -0.4391 -2.1492 -16.3772 -37.9685 -26.8790 0.5983 47.0600 0.6478 7.3325 -6.3113 4.8875 -1.4354 0.1741 0.7332
-1.3577 89.6051 1.5284 4.4535 -6.1539 0.0311 0.1987 7.2139 -0.7358 -0.1056 -2.5641 -1.6424 0.9328 18.9018 -3.7464 10.2343 16.1385 -0.4640 -4.1936 -4.2560 -15.0069 2.1636 -15.7522 -18.6862 -0.0050 -0.0381 0.0706 0.6676 -10.6210 -3.7647 -0.6698 -10.5919 3.8715 -14.4720 14.8069 -14.7229 -53.6630 -7.0375 -11.6298 -0.0024 0.4619 -88.5191 8.0335 -12.4202 -19.5306 -14.9101 10.8340 15.6523 -59.7132 1.7770 2.2514 16.3347 10.5536 17.3641 40.3563 -27.3713 -11.0571 -0.0451 0.2780 97.1895 -26.8369 -10.3668 17.8807 16.0195 7.7568 -16.4327 50.0586 -3.5474 -5.3781 14.0718 -6.5917 20.8394 -0.3420 40.3293 -0.9018 -19.4437 -24.2640 6.8596 1.6270 -0.4388 -2.1533 -16.6026 -37.8639 -26.7447 0.5940 47.1326 0.6352 7.4518 -6.2707 4.9305 -1.4366 0.1473 0.7361
-1.2044 89.5578 1.4280 4.4401 -6.3796 0.0208 0.1624 7.1881 -0.7162 -0.1084 -2.5574 -1.6450 0.8970 18.9822 -3.7091 10.2119 16.2754 -0.5064 -4.1933 -4.2420 -14.9711 2.1528 -15.8190 -18.6950 -0.0052 -0.0430 0.0693 0.6659 -10.6196 -3.7642 -0.6689 -10.5926 3.8687 -14.5116 14.8601 -14.6531 -53.5704 -6.9305 -11.6750 -0.0144 0.4742 -88.4368 8.0236 -12.4018 -19.5475 -14.8884 10.8620 15.6504 -59.6861 1.8048 2.2324 16.4175 10.5673 17.3216 40.4508 -27.1749 -11.0087 -0.0611 0.2799 97.0773 -26.8921 -10.2636 18.0056 16.0173 7.7572 -16.4223 50.0297 -3.5475 -5.3973 14.0813 -6.5354 20.8892 -0.3351 40.5885 -0.8827 -19.2945 -24.3991 6.8315 1.6248 -0.4344 -2.1437 -16.8005 -37.7426 -26.6335 0.5845 47.1006 0.6194 7.5605 -6.1890 4.9772 -1.4379 0.1284 0.7459
-1.0587 89.5404 1.2954 4.4305 -6.5554 0.0030 0.1128 7.1616 -0.6991 -0.1107 -2.5612 -1.6397 0.8592 19.0644 -3.6859 10.1605 16.4058 -0.5386 -4.1799 -4.2358 -14.9616 2.1552 -15.8976 -18.6946 -0.0080 -0.0506 0.0835 0.6644 -10.6255 -3.7479 -0.6734 -10.5998 3.8818 -14.5446 14.8477 -14.6000 -53.4913 -6.8085 -11.7023 -0.0088 0.4882 -88.3609 8.0050 -12.4200 -19.5400 -14.8730 10.8693 15.6262 -59.7011 1.8066 2.2165 16.4952 10.5991 17.2881 40.5761 -27.0455 -11.0076 -0.0105 0.2382 97.0031 -26.9609 -10.1923 18.1119 16.0330 7.7415 -16.3915 50.0053 -3.5482 -5.3942 14.0515 -6.4999 20.9473 -0.3237 40.7522 -0.8653 -19.1128 -24.4688 6.7898 1.6214 -0.4358 -2.1286 -16.9506 -37.6207 -26.5544 0.5762 46.9604 0.6069 7.6565 -6.0327 4.9977 -1.4400 0.1075 0.7541
-0.8984 89.5537 1.1520 4.4128 -6.6965 -0.0073 0.0582 7.1437 -0.7042 -0.1120 -2.5594 -1.6014 0.8198 19.1218 -3.6586 10.1093 16.4949 -0.5443 -4.1633 -4.2389 -14.9941 2.1678 -15.9921 -18.6892 -0.0127 -0.0550 0.1067 0.6629 -10.6236 -3.7203 -0.6816 -10.5993 3.9027 -14.5482 14.7836 -14.5429 -53.4341 -6.6878 -11.6896 -0.0645 0.4723 -88.3099 7.9743 -12.4013 -19.5186 -14.8676 10.8678 15.6049 -59.7252 1.8016 2.2113 16.5380 10.6540 17.2475 40.7287 -26.9245 -11.0242 0.0328 0.2431 96.9663 -27.0359 -10.2014 18.2296 16.0727 7.7258 -16.3782 50.0013 -3.5414 -5.3891 14.0050 -6.4841 21.0186 -0.3145 40.8319 -0.8619 -18.9282 -24.4819 6.7477 1.6187 -0.4380 -2.1163 -17.0362 -37.4702 -26.5298 0.5759 46.6908 0.6064 7.7339 -5.8047 4.9920 -1.4417 0.0945 0.7592
-0.7432 89.6115 0.9966 4.3922 -6.8058 -0.0207 0.0028 7.1367 -0.6814 -0.1186 -2.5762 -1.5766 0.7761 19.1846 -3.6297 10.0917 16.5856 -0.5176 -4.1480 -4.2508 -15.0640 2.2000 -16.1143 -18.7177 -0.0171 -0.0540 0.1306 0.6624 -10.6246 -3.6931 -0.6904 -10.5981 3.9247 -14.5545 14.7460 -14.5290 -53.3610 -6.6207 -11.6582 -0.1173 0.4235 -88.2894 7.9516 -12.3436 -19.5138 -14.9170 10.8493 15.5827 -59.7487 1.7930 2.2162 16.6162 10.7452 17.2408 40.8517 -26.8933 -11.1124 0.1204 0.2131 96.9582 -27.1533 -10.2351 18.4135 16.1038 7.7107 -16.3682 50.0656 -3.5113 -5.4015 13.9272 -6.4735 21.0857 -0.3018 40.8389 -0.8481 -18.7158 -24.4604 6.6984 1.6173 -0.4395 -2.1187 -17.0926 -37.3152 -26.5172 0.5775 46.3182 0.6095 7.8175 -5.4902 4.9706 -1.4419 0.0551 0.7582
-0.5986 89.6976 0.8428 4.3653 -6.8846 -0.0132 -0.0496 7.1383 -0.6667 -0.1241 -2.5892 -1.5365 0.7195 19.2081 -3.5954 10.1199 16.6301 -0.4664 -4.1739 -4.2695 -15.1721 2.2269 -16.1623 -18.7511 -0.0207 -0.0486 0.1438 0.6586 -10.6236 -3.6780 -0.6938 -10.5946 3.9362 -14.5486 14.7238 -14.5241 -53.3208 -6.5785 -11.6384 -0.1974 0.4414 -88.2861 7.9812 -12.2869 -19.5183 -14.9257 10.8768 15.6021 -59.7644 1.7908 2.2137 16.7114 10.8326 17.2217 40.9988 -26.8439 -11.2238 0.2167 0.2518 96.9535 -27.2591 -10.3618 18.5790 16.1094 7.7001 -16.4081 50.1096 -3.5202 -5.4143 13.8290 -6.4363 21.1042 -0.2941 40.7204 -0.8437 -18.4951 -24.3825 6.6661 1.6161 -0.4429 -2.1286 -17.0976 -37.1189 -26.5618 0.5729 45.8417 0.6047 7.8946 -5.1181 4.9557 -1.4410 0.0255 0.7479
-0.4525 89.8180 0.7219 4.3376 -6.9258 0.0166 -0.0947 7.1227 -0.6515 -0.1444 -2.6067 -1.4896 0.6580 19.2352 -3.5952 10.1616 16.6595 -0.4200 -4.2185 -4.2872 -15.2524 2.2338 -16.1785 -18.7899 -0.0192 -0.0477 0.1386 0.6603 -10.6336 -3.6831 -0.6926 -10.6027 3.9304 -14.5586 14.7496 -14.5284 -53.2301 -6.5322 -11.6289 -0.2286 0.4526 -88.3347 8.0727 -12.2780 -19.5425 -14.9359 10.8862 15.6162 -59.7227 1.7942 2.1973 16.8285 10.8743 17.2115 41.0434 -26.7179 -11.2797 0.2318 0.2771 96.9381 -27.3416 -10.5854 18.7594 16.0803 7.6934 -16.4202 50.1397 -3.5159 -5.3866 13.7070 -6.3983 21.0934 -0.2958 40.5285 -0.8422 -18.2482 -24.2584 6.6334 1.6166 -0.4567 -2.1316 -17.0637 -36.9106 -26.6291 0.5638 45.2678 0.6008 8.0171 -4.6842 4.9104 -1.4395 0.0145 0.7384
-0.3301 89.9658 0.5817 4.2931 -6.9235 0.0367 -0.1337 7.1128 -0.6485 -0.1586 -2.6205 -1.4454 0.5828 19.2227 -3.5991 10.2223 16.6790 -0.3639 -4.2571 -4.2957 -15.3205 2.2290 -16.1495 -18.8154 -0.0188 -0.0462 0.1212 0.6568 -10.6469 -3.7000 -0.6884 -10.6133 3.9119 -14.5661 14.7796 -14.5079 -53.1346 -6.4454 -11.6686 -0.1992 0.5057 -88.4054 8.1805 -12.3309 -19.5740 -14.9047 10.9022 15.6373 -59.6792 1.7992 2.1819 16.9395 10.8432 17.2080 41.0431 -26.3928 -11.2316 0.1264 0.3453 96.9402 -27.4214 -10.8192 18.8988 16.0507 7.7106 -16.4307 50.1097 -3.4949 -5.3718 13.5703 -6.3782 21.0690 -0.2871 40.2871 -0.8275 -17.9990 -24.1281 6.6403 1.6197 -0.4618 -2.1345 -16.9692 -36.6964 -26.7028 0.5405 44.6390 0.5765 8.1294 -4.2793 4.8589 -1.4374 0.0193 0.7241
-0.2302 90.1264 0.4224 4.2273 -6.8743 0.0311 -0.1696 7.0858 -0.6552 -0.1674 -2.6299 -1.4145 0.5243 19.1821 -3.5790 10.2746 16.6808 -0.3476 -4.2841 -4.2955 -15.3028 2.1996 -16.0780 -18.8017 -0.0173 -0.0472 0.1036 0.6550 -10.6593 -3.7198 -0.6833 -10.6244 3.8952 -14.5709 14.8124 -14.4966 -53.0591 -6.3519 -11.6462 -0.1551 0.5293 -88.5388 8.2242 -12.3832 -19.5640 -14.8418 10.9176 15.6649 -59.6361 1.8119 2.1791 16.9875 10.7722 17.1942 41.0515 -25.9723 -11.1173 -0.0273 0.3853 96.9434 -27.4548 -11.0002 18.9428 16.0533 7.7420 -16.4320 50.0897 -3.4668 -5.3472 13.4491 -6.3742 21.0509 -0.2812 39.9923 -0.8280 -17.7886 -23.9662 6.6968 1.6222 -0.4677 -2.1250 -16.8057 -36.4664 -26.7660 0.5068 43.9424 0.5419 8.2301 -3.8596 4.7971 -1.4369 0.0545 0.7172
-0.1364 90.2943 0.2791 4.1481 -6.7917 -0.0004 -0.1986 7.0367 -0.6705 -0.1764 -2.6292 -1.3748 0.4881 19.1156 -3.5633 10.3141 16.6568 -0.3555 -4.3060 -4.2906 -15.2083 2.1807 -16.0055 -18.7728 -0.0160 -0.0492 0.0971 0.6540 -10.6617 -3.7287 -0.6791 -10.6264 3.8889 -14.5753 14.8431 -14.4654 -53.0028 -6.2815 -11.5467 -0.1624 0.4977 -88.6944 8.1920 -12.4530 -19.5380 -14.7919 10.9188 15.6906 -59.6174 1.8175 2.1904 16.9833 10.7044 17.1618 41.0930 -25.5549 -10.9718 -0.1789 0.4123 96.9632 -27.4330 -11.1025 18.8759 16.0603 7.7854 -16.4186 50.0579 -3.4659 -5.3191 13.3403 -6.3766 21.0252 -0.2761 39.6577 -0.8374 -17.6256 -23.7632 6.7987 1.6227 -0.4395 -2.1064 -16.5868 -36.2306 -26.7875 0.4854 43.2271 0.5255 8.2683 -3.4407 4.6683 -1.4365 0.1138 0.7206
-0.0554 90.4466 0.1504 4.0670 -6.6774 -0.0475 -0.2200 6.9898 -0.6346 -0.1844 -2.6496 -1.3829 0.4765 19.0279 -3.5193 10.3577 16.6376 -0.3711 -4.3099 -4.2805 -15.0909 2.1647 -15.9324 -18.7624 -0.0149 -0.0457 0.0999 0.6566 -10.6603 -3.7294 -0.6796 -10.6247 3.8940 -14.5695 14.8749 -14.4787 -52.9899 -6.2063 -11.3925 -0.1755 0.4120 -88.8573 8.1465 -12.4648 -19.5021 -14.7952 10.8965 15.6688 -59.6536 1.8170 2.1849 16.9811 10.6459 17.1364 41.1623 -25.1850 -10.8800 -0.2769 0.4068 96.9980 -27.3827 -11.0946 18.7959 16.0688 7.8106 -16.4146 50.0364 -3.4646 -5.2916 13.2309 -6.4140 21.0060 -0.2758 39.3558 -0.8399 -17.4574 -23.5944 6.9212 1.6231 -0.4158 -2.1014 -16.3533 -36.0235 -26.7717 0.4623 42.5747 0.4871 8.2409 -3.0381 4.5631 -1.4396 0.1542 0.7307
0.0015 90.5847 0.0495 3.9938 -6.5538 -0.1024 -0.2413 6.9392 -0.6331 -0.1877 -2.6457 -1.3697 0.4813 18.9211 -3.4716 10.3939 16.5823 -0.3610 -4.3028 -4.2751 -15.0469 2.1485 -15.8578 -18.7313 -0.0144 -0.0398 0.0984 0.6609 -10.6637 -3.7364 -0.6829 -10.6280 3.8985 -14.5428 14.8862 -14.4893 -52.9984 -6.1567 -11.2736 -0.2241 0.3362 -88.9845 8.1517 -12.4709 -19.5133 -14.8174 10.8850 15.6692 -59.7097 1.8051 2.1990 16.9484 10.6032 17.0974 41.2215 -24.8954 -10.7819 -0.3710 0.3719 97.0306 -27.2798 -11.0200 18.6863 16.0727 7.8061 -16.4088 50.0396 -3.4689 -5.2706 13.1406 -6.4687 21.0020 -0.2696 39.0650 -0.8314 -17.3219 -23.4161 7.0116 1.6237 -0.4106 -2.1057 -16.1341 -35.8609 -26.7578 0.4631 41.9799 0.4829 8.1856 -2.6701 4.4811 -1.4414 0.1487 0.7405
0.0383 90.7042 -0.0504 3.9273 -6.4256 -0.1251 -0.2555 6.8815 -0.6349 -0.1903 -2.6408 -1.3577 0.4897 18.8070 -3.4340 10.4430 16.4897 -0.3412 -4.2999 -4.2733 -15.0636 2.1304 -15.7579 -18.7251 -0.0145 -0.0343 0.0950 0.6652 -10.6489 -3.7425 -0.6872 -10.6154 3.8968 -14.5153 14.8850 -14.5115 -52.9920 -6.0881 -11.2105 -0.2673 0.3239 -89.0498 8.2135 -12.4476 -19.5078 -14.8702 10.8869 15.6720 -59.7153 1.8020 2.2194 16.9196 10.5828 17.0558 41.2783 -24.6921 -10.7334 -0.4105 0.4221 97.0053 -27.2011 -11.0135 18.6302 16.0504 7.7738 -16.4100 50.0143 -3.4836 -5.2811 13.0702 -6.5236 21.0436 -0.2624 38.7490 -0.8243 -17.2020 -23.2337 7.0533 1.6262 -0.4355 -2.1142 -15.9378 -35.7075 -26.7909 0.4567 41.4217 0.4697 8.1579 -2.3324 4.4099 -1.4449 0.1172 0.7530
0.0739 90.8268 -0.1146 3.8778 -6.3021 -0.1404 -0.2633 6.8473 -0.6266 -0.1963 -2.6481 -1.3600 0.4928 18.7045 -3.4275 10.4916 16.3898 -0.3406 -4.3107 -4.2772 -15.0605 2.1133 -15.6248 -18.6917 -0.0143 -0.0321 0.0911 0.6694 -10.6455 -3.7462 -0.6911 -10.6121 3.8934 -14.4546 14.8927 -14.5269 -53.0056 -6.0445 -11.1843 -0.2786 0.3445 -89.1201 8.3013 -12.4089 -19.4671 -14.9267 10.8875 15.6497 -59.7619 1.7919 2.2131 16.8674 10.5381 17.0132 41.3000 -24.5129 -10.6681 -0.4553 0.4488 96.9783 -27.1181 -11.0279 18.6069 15.9897 7.7249 -16.4001 49.9891 -3.5008 -5.2893 12.9898 -6.5758 21.1099 -0.2615 38.4737 -0.8189 -17.1002 -23.0784 7.0343 1.6272 -0.4675 -2.1173 -15.7535 -35.5927 -26.8493 0.4519 40.9488 0.4595 8.1264 -2.0393 4.4057 -1.4462 0.0713 0.7608
0.0959 90.9406 -0.1685 3.8396 -6.1550 -0.1606 -0.2695 6.8314 -0.6533 -0.1927 -2.6489 -1.3401 0.4797 18.5677 -3.4575 10.5565 16.2668 -0.3422 -4.3215 -4.2979 -15.0861 2.1040 -15.4664 -18.6074 -0.0127 -0.0349 0.0800 0.6746 -10.6412 -3.7558 -0.6928 -10.6065 3.8797 -14.3651 14.8767 -14.5309 -53.0543 -6.0432 -11.0897 -0.3192 0.3960 -89.1927 8.3440 -12.3533 -19.4392 -14.9577 10.9109 15.6806 -59.7745 1.7969 2.2293 16.7985 10.4425 16.9701 41.2807 -24.3450 -10.6171 -0.4534 0.4553 97.0107 -27.0456 -11.1581 18.5574 15.9441 7.6897 -16.3894 49.9693 -3.4756 -5.3109 12.9093 -6.6305 21.1892 -0.2567 38.1519 -0.8228 -17.0101 -22.8955 6.9711 1.6286 -0.5121 -2.1169 -15.5646 -35.5071 -26.9402 0.4393 40.4708 0.4389 8.1276 -1.7474 4.3991 -1.4468 0.0444 0.7659
0.1318 91.0653 -0.2239 3.8093 -5.9882 -0.1586 -0.2661 6.8189 -0.6551 -0.1886 -2.6663 -1.3619 0.4728 18.4338 -3.5083 10.6010 16.1701 -0.3569 -4.2970 -4.3016 -15.0857 2.1043 -15.3319 -18.5178 -0.0098 -0.0367 0.0673 0.6788 -10.6399 -3.7697 -0.6913 -10.6067 3.8680 -14.2724 14.8818 -14.5373 -53.0947 -6.0374 -11.0089 -0.3016 0.4492 -89.3134 8.3706 -12.2914 -19.3857 -14.9888 10.9112 15.7095 -59.8613 1.7998 2.2341 16.7105 10.3189 16.9473 41.2410 -24.2161 -10.6434 -0.4111 0.4226 97.0829 -26.9935 -11.3417 18.4615 15.9407 7.6725 -16.3614 50.0103 -3.4560 -5.3055 12.8146 -6.6924 21.2836 -0.2494 37.8118 -0.8144 -16.9276 -22.7231 6.8973 1.6305 -0.5608 -2.1128 -15.3850 -35.4342 -27.0302 0.4240 39.9831 0.4131 8.1854 -1.4697 4.4046 -1.4458 0.0203 0.7615
0.1388 91.1783 -0.2690 3.7907 -5.7928 -0.1658 -0.2643 6.8193 -0.6459 -0.1789 -2.6876 -1.4043 0.4674 18.2962 -3.5493 10.6606 16.0879 -0.3598 -4.2605 -4.2971 -15.0487 2.1255 -15.2158 -18.4344 -0.0087 -0.0342 0.0596 0.6815 -10.6343 -3.7764 -0.6914 -10.6007 3.8586 -14.1853 14.8858 -14.5926 -53.1334 -6.0852 -10.8659 -0.3072 0.5001 -89.4509 8.4105 -12.2057 -19.3395 -14.9783 10.9093 15.7322 -59.9037 1.8104 2.2549 16.6060 10.2036 16.9280 41.1930 -24.1934 -10.7114 -0.3223 0.3548 97.1636 -26.9322 -11.4890 18.2864 15.9517 7.6596 -16.3588 50.0728 -3.4533 -5.3177 12.7116 -6.7813 21.3722 -0.2493 37.5034 -0.8106 -16.8774 -22.5473 6.8579 1.6313 -0.5906 -2.1077 -15.2076 -35.3985 -27.0857 0.4239 39.5339 0.4111 8.2388 -1.2230 4.3798 -1.4431 0.0253 0.7528
0.1645 91.2772 -0.3032 3.7878 -5.5775 -0.1679 -0.2696 6.8136 -0.6442 -0.1666 -2.7019 -1.4394 0.4710 18.1373 -3.5906 10.7429 15.9926 -0.3901 -4.2456 -4.2902 -14.9912 2.1333 -15.0984 -18.3680 -0.0092 -0.0362 0.0621 0.6797 -10.6259 -3.7746 -0.6906 -10.5961 3.8629 -14.1222 14.8831 -14.6764 -53.1628 -6.1273 -10.6747 -0.3513 0.5312 -89.6027 8.5007 -12.1491 -19.3232 -14.9430 10.8914 15.7415 -59.8922 1.8111 2.2822 16.5118 10.1102 16.9096 41.1475 -24.2631 -10.8194 -0.2154 0.3363 97.2233 -26.8570 -11.6666 18.0934 15.9619 7.6485 -16.3715 50.1246 -3.4647 -5.3242 12.6012 -6.8753 21.4417 -0.2459 37.1808 -0.7880 -16.8757 -22.3212 6.8283 1.6344 -0.6007 -2.1055 -15.0583 -35.3845 -27.1141 0.4248 39.1064 0.4172 8.2743 -0.9950 4.3092 -1.4415 0.0607 0.7443
0.1809 91.3849 -0.3415 3.7914 -5.3490 -0.1706 -0.2775 6.8012 -0.6566 -0.1543 -2.7047 -1.4481 0.4912 17.9976 -3.6341 10.8409 15.8615 -0.4236 -4.2539 -4.2825 -14.9289 2.1371 -14.9437 -18.3248 -0.0079 -0.0412 0.0691 0.6793 -10.6240 -3.7711 -0.6872 -10.5978 3.8727 -14.0610 14.8589 -14.7950 -53.1638 -6.1291 -10.5173 -0.3864 0.5600 -89.7796 8.6478 -12.1396 -19.3231 -14.9156 10.8931 15.7671 -59.8508 1.8225 2.2940 16.4141 9.9989 16.8715 41.0687 -24.3341 -10.9242 -0.1346 0.3276 97.2738 -26.7830 -11.8393 17.9452 15.9717 7.6522 -16.4185 50.1444 -3.4766 -5.3329 12.4926 -6.9863 21.5211 -0.2430 36.8648 -0.7794 -16.8893 -22.0900 6.8078 1.6361 -0.5925 -2.1057 -14.9117 -35.3937 -27.1079 0.4359 38.7028 0.4425 8.3006 -0.7609 4.2329 -1.4403 0.0885 0.7404
0.1758 91.4942 -0.3608 3.7917 -5.1001 -0.1955 -0.2858 6.7983 -0.6876 -0.1400 -2.7058 -1.4495 0.5164 17.8512 -3.6667 10.9558 15.7054 -0.4633 -4.2864 -4.2768 -14.8560 2.1490 -14.7402 -18.2753 -0.0100 -0.0449 0.0827 0.6728 -10.6330 -3.7596 -0.6844 -10.6102 3.8885 -13.9802 14.8157 -14.9081 -53.1771 -6.0944 -10.4027 -0.4134 0.5862 -89.9300 8.7969 -12.1772 -19.3189 -14.9062 10.8896 15.7730 -59.8226 1.8222 2.2930 16.3247 9.8854 16.8478 40.9437 -24.4140 -10.9794 -0.0832 0.3460 97.2999 -26.6994 -12.0242 17.8466 15.9346 7.6587 -16.4451 50.0734 -3.4578 -5.3090 12.3678 -7.1060 21.6080 -0.2466 36.5206 -0.7786 -16.9360 -21.8247 6.8217 1.6398 -0.5835 -2.1114 -14.7373 -35.4136 -27.0708 0.4415 38.3299 0.4672 8.3012 -0.5492 4.0984 -1.4374 0.1218 0.7336
0.1664 91.6021 -0.3659 3.7903 -4.8489 -0.2192 -0.2888 6.8044 -0.7352 -0.1290 -2.6934 -1.4550 0.5415 17.7144 -3.6950 11.0735 15.5173 -0.4913 -4.3105 -4.2742 -14.7839 2.1739 -14.4618 -18.1853 -0.0111 -0.0489 0.0857 0.6671 -10.6431 -3.7601 -0.6802 -10.6187 3.8943 -13.9008 14.7618 -14.9887 -53.1522 -6.0279 -10.4025 -0.3770 0.6253 -90.0412 8.8990 -12.2711 -19.3519 -14.8730 10.8774 15.7906 -59.7654 1.8165 2.3051 16.2432 9.7693 16.8360 40.8147 -24.4883 -11.0221 -0.0526 0.3883 97.3409 -26.6681 -12.1619 17.7695 15.9084 7.6879 -16.4853 50.0227 -3.4123 -5.3106 12.2577 -7.2368 21.7279 -0.2573 36.1759 -0.7965 -17.0156 -21.5881 6.8706 1.6456 -0.5887 -2.1192 -14.5444 -35.4441 -27.0183 0.4355 37.9958 0.4704 8.2752 -0.3710 3.9509 -1.4354 0.1296 0.7242
0.1489 91.6861 -0.3793 3.7735 -4.6191 -0.2356 -0.2732 6.8156 -0.7723 -0.1210 -2.6807 -1.4738 0.5705 17.6094 -3.7326 11.1822 15.3442 -0.5247 -4.3360 -4.2760 -14.6874 2.2093 -14.1807 -18.0983 -0.0072 -0.0537 0.0744 0.6680 -10.6476 -3.7718 -0.6727 -10.6207 3.8820 -13.8191 14.6948 -15.0569 -53.1251 -5.9801 -10.4460 -0.3257 0.6615 -90.0974 8.9272 -12.3915 -19.3856 -14.8583 10.8439 15.7875 -59.7124 1.7959 2.3102 16.1845 9.6560 16.8255 40.6645 -24.5613 -11.0402 -0.0697 0.4481 97.3901 -26.6947 -12.2744 17.7368 15.8723 7.7066 -16.5214 49.9526 -3.4087 -5.3124 12.1903 -7.3815 21.8325 -0.2723 35.9176 -0.8295 -17.0719 -21.4188 6.8963 1.6484 -0.6034 -2.1256 -14.3506 -35.4865 -26.9793 0.4241 37.7394 0.4661 8.2318 -0.2350 3.8139 -1.4351 0.1183 0.7082
0.1254 91.7348 -0.4019 3.7363 -4.4023 -0.2355 -0.2402 6.8356 -0.8081 -0.1166 -2.6521 -1.4884 0.6183 17.5064 -3.7653 11.2842 15.1770 -0.5715 -4.3489 -4.2818 -14.6246 2.2601 -13.9324 -18.0363 -0.0026 -0.0531 0.0624 0.6716 -10.6541 -3.7863 -0.6660 -10.6265 3.8691 -13.7124 14.6137 -15.1153 -53.1148 -5.9353 -10.5977 -0.2106 0.6861 -90.0463 8.8989 -12.4634 -19.4406 -14.8472 10.8334 15.7896 -59.7381 1.7893 2.3366 16.1653 9.5454 16.7995 40.4981 -24.6414 -11.0473 -0.1054 0.4690 97.4259 -26.7403 -12.3656 17.7760 15.8817 7.7278 -16.5491 49.9485 -3.4089 -5.3386 12.1572 -7.5920 21.9024 -0.2786 35.8025 -0.8492 -17.0783 -21.3222 6.8857 1.6492 -0.6110 -2.1265 -14.1491 -35.5605 -26.9571 0.4204 37.6081 0.4635 8.1555 -0.1732 3.6760 -1.4360 0.0910 0.6991
0.0697 91.7402 -0.4059 3.6817 -4.2232 -0.1853 -0.1893 6.8753 -0.8284 -0.1144 -2.6475 -1.5270 0.6677 17.4446 -3.7692 11.3654 15.0288 -0.5943 -4.3240 -4.2794 -14.6126 2.2931 -13.7277 -18.0435 0.0010 -0.0468 0.0528 0.6768 -10.6627 -3.7996 -0.6641 -10.6411 3.8633 -13.5929 14.5667 -15.1669 -53.1339 -5.9601 -10.8015 -0.1024 0.6406 -89.9363 8.7881 -12.3903 -19.4550 -14.8776 10.7916 15.7616 -59.8342 1.7885 2.3406 16.1852 9.4781 16.8093 40.3852 -24.7460 -11.1392 -0.1837 0.4659 97.4860 -26.7910 -12.2751 17.8233 15.9087 7.7241 -16.5473 49.9471 -3.4580 -5.3673 12.1686 -7.8709 21.8844 -0.2786 35.9002 -0.8432 -17.0429 -21.3463 6.8258 1.6491 -0.6187 -2.1307 -13.9799 -35.6947 -26.9501 0.3997 37.6731 0.4273 8.0892 -0.2084 3.5986 -1.4400 0.0772 0.6889
0.0170 91.6895 -0.4032 3.6200 -4.0984 -0.1175 -0.1309 6.9159 -0.8159 -0.1172 -2.6340 -1.5732 0.7323 17.4261 -3.7661 11.4124 14.8914 -0.6383 -4.3066 -4.2723 -14.5623 2.3169 -13.5832 -18.1240 0.0004 -0.0367 0.0560 0.6844 -10.6693 -3.7999 -0.6726 -10.6534 3.8694 -13.4889 14.5373 -15.2364 -53.1981 -6.0839 -11.0068 -0.0205 0.5722 -89.7648 8.5975 -12.1954 -19.3784 -14.8908 10.7322 15.7148 -59.8606 1.7914 2.3510 16.2363 9.4708 16.8456 40.3270 -24.9644 -11.3103 -0.2397 0.4599 97.5254 -26.8105 -12.0896 17.8742 15.9380 7.6962 -16.5067 49.9391 -3.5431 -5.3889 12.2317 -8.1876 21.7722 -0.2807 36.2017 -0.8308 -17.0080 -21.4719 6.7539 1.6456 -0.5816 -2.1283 -13.8444 -35.8770 -27.0012 0.3980 37.9268 0.4142 8.0333 -0.3501 3.5726 -1.4442 0.0797 0.7005
-0.0645 91.5893 -0.4009 3.5740 -4.0609 -0.0309 -0.0763 6.9541 -0.8149 -0.1230 -2.6169 -1.5864 0.7888 17.4693 -3.7527 11.4108 14.7898 -0.7121 -4.2977 -4.2617 -14.5091 2.3165 -13.5076 -18.2309 -0.0031 -0.0319 0.0646 0.6871 -10.6692 -3.7898 -0.6832 -10.6571 3.8802 -13.4404 14.5405 -15.2949 -53.2601 -6.2772 -11.2180 0.0240 0.4893 -89.6105 8.4146 -11.9738 -19.2298 -14.9009 10.7105 15.6984 -59.8558 1.8042 2.3644 16.3083 9.5300 16.8753 40.3313 -25.2538 -11.4998 -0.3242 0.4379 97.5223 -26.7818 -11.8335 17.9178 15.9429 7.6849 -16.4718 49.9288 -3.6021 -5.4138 12.3213 -8.4674 21.5895 -0.2790 36.6503 -0.7948 -17.0133 -21.6617 6.6856 1.6421 -0.5114 -2.1273 -13.7874 -36.0940 -27.1143 0.4026 38.3919 0.4039 8.0014 -0.6148 3.6755 -1.4478 0.1193 0.7148
-0.1141 91.4457 -0.3726 3.5694 -4.1420 0.0349 -0.0344 7.0126 -0.7977 -0.1239 -2.5950 -1.6062 0.8205 17.5762 -3.7436 11.3835 14.7321 -0.7558 -4.3069 -4.2498 -14.4933 2.2789 -13.5496 -18.3267 -0.0073 -0.0282 0.0741 0.6859 -10.6549 -3.7765 -0.6910 -10.6411 3.8884 -13.4660 14.5412 -15.3220 -53.3395 -6.4989 -11.3694 -0.0001 0.4692 -89.4666 8.3092 -11.7850 -19.0881 -14.9033 10.7287 15.7029 -59.8564 1.8248 2.3685 16.3814 9.6119 16.9447 40.3770 -25.6238 -11.7097 -0.3182 0.4144 97.4508 -26.8011 -11.4776 18.0270 15.9435 7.6880 -16.4390 49.8885 -3.6362 -5.4395 12.4389 -8.6430 21.4637 -0.2723 37.1740 -0.7587 -17.0697 -21.9277 6.5654 1.6387 -0.4091 -2.1294 -13.8555 -36.3161 -27.2641 0.4126 38.9973 0.3941 7.9945 -0.9341 3.9116 -1.4505 0.1413 0.7256
-0.1647 91.2772 -0.3435 3.5917 -4.3227 0.0670 -0.0020 7.0826 -0.7884 -0.1195 -2.5779 -1.6125 0.8058 17.7376 -3.7462 11.3233 14.7584 -0.7622 -4.3072 -4.2353 -14.5434 2.2188 -13.6987 -18.3579 -0.0106 -0.0287 0.0782 0.6806 -10.6421 -3.7672 -0.6930 -10.6238 3.8891 -13.5555 14.5643 -15.2943 -53.3550 -6.6768 -11.4704 -0.0455 0.4951 -89.3449 8.2942 -11.6730 -19.0228 -14.9369 10.7639 15.7365 -59.9046 1.8444 2.3685 16.4373 9.7177 17.0186 40.4157 -26.0130 -11.8617 -0.2303 0.3472 97.3470 -26.9957 -11.1873 18.2565 15.9509 7.7025 -16.3981 49.9581 -3.6356 -5.4455 12.5743 -8.7082 21.4227 -0.2595 37.7056 -0.7245 -17.1475 -22.2105 6.4420 1.6367 -0.3498 -2.1287 -14.0132 -36.5008 -27.3923 0.4377 39.6704 0.4118 7.9955 -1.2915 4.1935 -1.4492 0.1335 0.7306
-0.1927 91.1128 -0.3320 3.6303 -4.5705 0.0702 0.0259 7.1602 -0.7666 -0.1093 -2.5651 -1.6165 0.7474 17.9133 -3.7644 11.2557 14.8677 -0.7489 -4.2964 -4.2214 -14.6311 2.1909 -13.8749 -18.4078 -0.0124 -0.0283 0.0788 0.6739 -10.6441 -3.7653 -0.6900 -10.6195 3.8886 -13.6543 14.6179 -15.2005 -53.3589 -6.8092 -11.5192 -0.1011 0.5558 -89.2339 8.3124 -11.6684 -19.0751 -14.9665 10.8015 15.7625 -59.9279 1.8571 2.3617 16.4832 9.8533 17.1144 40.4701 -26.3983 -12.0377 -0.0759 0.2756 97.3182 -27.2738 -11.0991 18.5463 15.9505 7.6919 -16.3391 50.0155 -3.6098 -5.4474 12.7158 -8.6661 21.4250 -0.2572 38.1959 -0.7173 -17.2233 -22.4899 6.3413 1.6371 -0.3273 -2.1309 -14.2089 -36.6114 -27.4765 0.4626 40.3040 0.4409 7.9662 -1.6457 4.4491 -1.4447 0.1059 0.7369
-0.2075 90.9401 -0.3306 3.6619 -4.8265 0.0692 0.0447 7.2313 -0.7372 -0.0996 -2.5460 -1.6219 0.6878 18.0689 -3.7624 11.2314 15.0100 -0.7262 -4.2929 -4.2227 -14.7716 2.1771 -14.0313 -18.4754 -0.0131 -0.0320 0.0777 0.6717 -10.6439 -3.7653 -0.6897 -10.6154 3.8874 -13.7455 14.6831 -15.1073 -53.3688 -6.9019 -11.4777 -0.1955 0.6278 -89.1525 8.3265 -11.7203 -19.1767 -14.9846 10.8221 15.7483 -59.9141 1.8630 2.3389 16.5336 9.9615 17.1926 40.4896 -26.6770 -12.2095 0.0716 0.2270 97.3519 -27.5027 -11.1668 18.7659 15.9577 7.6914 -16.3123 50.0982 -3.5713 -5.4463 12.8581 -8.6006 21.4370 -0.2629 38.6492 -0.7351 -17.2960 -22.7526 6.2778 1.6391 -0.3511 -2.1319 -14.4291 -36.6817 -27.4761 0.4837 40.8828 0.4669 7.9316 -1.9906 4.6242 -1.4392 0.0877 0.7441
-0.1939 90.7945 -0.2983 3.6872 -5.0219 0.0797 0.0605 7.2674 -0.7140 -0.0964 -2.5247 -1.6005 0.6509 18.1859 -3.7523 11.2412 15.1236 -0.7119 -4.3177 -4.2246 -14.8993 2.1836 -14.1459 -18.6032 -0.0123 -0.0351 0.0752 0.6719 -10.6375 -3.7671 -0.6885 -10.6097 3.8843 -13.8326 14.7254 -15.0362 -53.3902 -6.9139 -11.4289 -0.2796 0.6552 -89.0890 8.3340 -11.7968 -19.2762 -14.9716 10.8232 15.7289 -59.8790 1.8687 2.3238 16.6024 10.0219 17.2154 40.4803 -26.8974 -12.3705 0.1983 0.1843 97.3865 -27.5980 -11.2819 18.9149 15.9659 7.6964 -16.3280 50.1756 -3.5449 -5.4611 12.9640 -8.5537 21.4081 -0.2668 39.0181 -0.7575 -17.3245 -22.9735 6.2178 1.6400 -0.3930 -2.1242 -14.6085 -36.7482 -27.4527 0.5050 41.3500 0.5022 7.9022 -2.2469 4.7088 -1.4343 0.0735 0.7517
-0.2027 90.6858 -0.2992 3.7018 -5.1543 0.0865 0.0733 7.2794 -0.7028 -0.0946 -2.5055 -1.5748 0.6426 18.2743 -3.7217 11.2615 15.1950 -0.6865 -4.3435 -4.2391 -15.0102 2.1814 -14.2206 -18.7313 -0.0122 -0.0387 0.0770 0.6746 -10.6417 -3.7659 -0.6913 -10.6154 3.8879 -13.8983 14.7578 -14.9876 -53.4376 -6.9017 -11.3710 -0.3502 0.6437 -89.0391 8.3687 -11.9180 -19.3588 -14.9396 10.8140 15.7067 -59.8042 1.8763 2.3087 16.6602 10.0748 17.2012 40.4858 -27.0545 -12.4868 0.2643 0.1577 97.4115 -27.5969 -11.4226 19.0286 15.9773 7.6972 -16.3548 50.2058 -3.5378 -5.4769 13.0299 -8.5212 21.3505 -0.2659 39.2907 -0.7734 -17.3234 -23.1579 6.2108 1.6393 -0.4238 -2.1178 -14.7397 -36.8129 -27.4120 0.5150 41.6976 0.5177 7.8787 -2.4326 4.7545 -1.4310 0.0904 0.7545
-0.2106 90.6020 -0.2852 3.7210 -5.2629 0.1245 0.0814 7.2863 -0.6972 -0.0970 -2.4952 -1.5512 0.6450 18.3496 -3.7153 11.2716 15.2203 -0.6659 -4.3883 -4.2479 -15.0590 2.1709 -14.2592 -18.8669 -0.0118 -0.0415 0.0822 0.6786 -10.6394 -3.7579 -0.6947 -10.6162 3.8903 -13.9567 14.7470 -14.9577 -53.5051 -6.7807 -11.3149 -0.3350 0.6027 -89.0495 8.3981 -12.0821 -19.4184 -14.9285 10.8127 15.6993 -59.7834 1.8753 2.2902 16.7270 10.0881 17.1974 40.4651 -27.1280 -12.5704 0.2716 0.1326 97.4379 -27.5561 -11.5656 19.1378 15.9875 7.6950 -16.3354 50.2124 -3.4961 -5.4578 13.0681 -8.4858 21.2614 -0.2656 39.4987 -0.7779 -17.3290 -23.3117 6.2323 1.6410 -0.4390 -2.1157 -14.8630 -36.8480 -27.3848 0.5145 41.9642 0.5210 7.8660 -2.5857 4.7885 -1.4310 0.1086 0.7561
-0.2308 90.5581 -0.2627 3.7404 -5.3431 0.1696 0.0675 7.2761 -0.7204 -0.0989 -2.4782 -1.5147 0.6594 18.4144 -3.7148 11.2575 15.1881 -0.6446 -4.4036 -4.2518 -15.0891 2.1545 -14.2964 -18.9300 -0.0106 -0.0438 0.0821 0.6833 -10.6383 -3.7573 -0.6970 -10.6149 3.8890 -14.0018 14.6991 -14.9396 -53.5554 -6.6062 -11.2523 -0.2886 0.5860 -89.1012 8.3910 -12.3168 -19.4553 -14.9210 10.8103 15.7224 -59.6973 1.8674 2.2951 16.7889 10.0462 17.2148 40.4594 -27.0719 -12.6339 0.2094 0.1501 97.4654 -27.4989 -11.6938 19.2392 16.0073 7.7079 -16.3211 50.2209 -3.4523 -5.4443 13.0729 -8.4370 21.1803 -0.2609 39.5857 -0.7775 -17.3351 -23.3894 6.2675 1.6431 -0.4579 -2.1051 -14.9634 -36.8458 -27.3624 0.5230 42.1306 0.5327 7.8376 -2.7032 4.7539 -1.4328 0.1332 0.7609
-0.2390 90.5358 -0.2559 3.7600 -5.4213 0.2007 0.0536 7.2776 -0.7281 -0.0978 -2.4795 -1.5066 0.6749 18.5026 -3.7126 11.2461 15.1477 -0.6284 -4.4124 -4.2603 -15.1084 2.1525 -14.3895 -18.9720 -0.0084 -0.0423 0.0758 0.6851 -10.6538 -3.7647 -0.6947 -10.6297 3.8839 -14.0361 14.6807 -14.9529 -53.5912 -6.4828 -11.1710 -0.2340 0.5381 -89.2068 8.3528 -12.5051 -19.4609 -14.9259 10.8340 15.7298 -59.7086 1.8612 2.2872 16.8457 10.0366 17.2617 40.4021 -27.0056 -12.6678 0.1106 0.1419 97.5049 -27.4656 -11.7615 19.3361 15.9893 7.7227 -16.3076 50.2137 -3.4192 -5.4279 13.0786 -8.3774 21.1109 -0.2619 39.6602 -0.7782 -17.3444 -23.4488 6.3410 1.6436 -0.4795 -2.0991 -15.0561 -36.8337 -27.3271 0.5169 42.2798 0.5226 7.8096 -2.8412 4.7380 -1.4345 0.1539 0.7587
-0.2626 90.5298 -0.2273 3.7909 -5.4868 0.2191 0.0349 7.2757 -0.7363 -0.0986 -2.4860 -1.5223 0.6762 18.5822 -3.6913 11.2313 15.1090 -0.6078 -4.4017 -4.2623 -15.1241 2.1513 -14.5091 -18.9870 -0.0064 -0.0342 0.0678 0.6844 -10.6526 -3.7699 -0.6897 -10.6269 3.8714 -14.0697 14.6496 -14.9359 -53.6025 -6.3913 -11.0933 -0.2283 0.5039 -89.2520 8.3045 -12.6473 -19.4882 -14.9497 10.8800 15.7340 -59.7769 1.8784 2.2763 16.8961 10.0356 17.3232 40.3482 -26.9082 -12.6485 0.0237 0.1530 97.4978 -27.4686 -11.7697 19.4015 15.9688 7.7566 -16.3099 50.2257 -3.3911 -5.4210 13.0658 -8.2878 21.0887 -0.2654 39.6580 -0.7844 -17.3848 -23.4650 6.4106 1.6447 -0.5001 -2.0997 -15.1417 -36.7960 -27.2821 0.5088 42.3716 0.5088 7.7852 -2.9668 4.7336 -1.4364 0.1414 0.7564
-0.2667 90.5378 -0.2127 3.8236 -5.5201 0.2077 0.0173 7.2571 -0.7555 -0.1035 -2.4783 -1.5106 0.6840 18.6235 -3.6759 11.2214 15.1127 -0.6182 -4.3942 -4.2625 -15.1411 2.1553 -14.6393 -18.9897 -0.0042 -0.0307 0.0592 0.6851 -10.6499 -3.7780 -0.6858 -10.6207 3.8609 -14.1163 14.6508 -14.9272 -53.5712 -6.3328 -11.0851 -0.2026 0.4631 -89.2414 8.2791 -12.7524 -19.5674 -14.9543 10.9038 15.7588 -59.7913 1.8814 2.2793 16.9493 10.0614 17.3661 40.3168 -26.8220 -12.6047 -0.0685 0.1726 97.4887 -27.4391 -11.7620 19.4536 15.9647 7.7807 -16.3336 50.2239 -3.3904 -5.4197 13.0467 -8.1957 21.1215 -0.2791 39.5870 -0.8044 -17.4186 -23.4536 6.4663 1.6463 -0.5106 -2.1026 -15.1943 -36.7723 -27.2502 0.5107 42.4048 0.5139 7.7499 -3.0409 4.7209 -1.4386 0.1472 0.7514
-0.2466 90.5571 -0.1746 3.8593 -5.5343 0.1696 0.0056 7.2521 -0.7499 -0.1089 -2.4775 -1.5148 0.6848 18.6470 -3.6473 11.2171 15.1254 -0.6030 -4.4021 -4.2716 -15.1630 2.1779 -14.7316 -19.0320 -0.0056 -0.0277 0.0569 0.6842 -10.6545 -3.7811 -0.6878 -10.6229 3.8601 -14.1417 14.6627 -14.8919 -53.5147 -6.2759 -11.1240 -0.1821 0.4220 -89.2154 8.2746 -12.7848 -19.6109 -14.9356 10.9252 15.7592 -59.7700 1.8951 2.2681 16.9814 10.1069 17.3889 40.3140 -26.7722 -12.5458 -0.1252 0.1419 97.4846 -27.3536 -11.7144 19.4743 15.9536 7.7877 -16.3460 50.1995 -3.3979 -5.4076 13.0117 -8.0994 21.1743 -0.2873 39.4938 -0.8169 -17.4709 -23.4280 6.5294 1.6438 -0.5136 -2.1034 -15.2377 -36.7676 -27.2110 0.5133 42.3977 0.5165 7.7265 -3.0471 4.6977 -1.4400 0.1678 0.7507
-0.2396 90.5842 -0.1305 3.9029 -5.5340 0.1113 -0.0016 7.2489 -0.7386 -0.1164 -2.4708 -1.5169 0.6788 18.6417 -3.6180 11.2148 15.1540 -0.6122 -4.4204 -4.2859 -15.1689 2.1953 -14.7781 -19.0851 -0.0089 -0.0270 0.0613 0.6838 -10.6599 -3.7791 -0.6941 -10.6276 3.8676 -14.1562 14.6792 -14.8574 -53.4522 -6.2219 -11.1748 -0.1596 0.4141 -89.1851 8.3303 -12.8103 -19.6783 -14.9234 10.9223 15.7502 -59.6987 1.9092 2.2617 17.0275 10.1401 17.3948 40.3201 -26.7216 -12.4840 -0.1552 0.1227 97.4931 -27.2797 -11.6820 19.5014 15.9717 7.7778 -16.3339 50.1774 -3.3941 -5.4071 12.9601 -8.0014 21.2665 -0.2926 39.3656 -0.8311 -17.5115 -23.4111 6.5941 1.6413 -0.5103 -2.1032 -15.2743 -36.7745 -27.1667 0.4963 42.3479 0.4882 7.7237 -2.9884 4.6932 -1.4438 0.1688 0.7562
-0.2222 90.6166 -0.1076 3.9337 -5.5155 0.0658 -0.0073 7.2294 -0.7458 -0.1212 -2.4527 -1.4962 0.6806 18.6196 -3.6092 11.1999 15.1539 -0.6417 -4.4257 -4.2962 -15.1675 2.2118 -14.8272 -19.1089 -0.0127 -0.0280 0.0691 0.6839 -10.6636 -3.7732 -0.7020 -10.6303 3.8784 -14.1712 14.6681 -14.8453 -53.3888 -6.1281 -11.2205 -0.1250 0.4533 -89.1814 8.3754 -12.8852 -19.7211 -14.9044 10.9087 15.7600 -59.5533 1.9180 2.2804 17.0524 10.1377 17.3569 40.3466 -26.6609 -12.4245 -0.1495 0.1409 97.5062 -27.2174 -11.7085 19.4880 16.0064 7.7632 -16.3164 50.1947 -3.3742 -5.4246 12.9059 -7.9101 21.3401 -0.2840 39.2014 -0.8243 -17.5342 -23.3616 6.6910 1.6398 -0.5043 -2.0983 -15.2863 -36.7558 -27.1768 0.4962 42.2162 0.4843 7.7491 -2.8778 4.6858 -1.4476 0.1489 0.7662
-0.2148 90.6449 -0.0938 3.9560 -5.5005 0.0312 -0.0062 7.2207 -0.7347 -0.1178 -2.4649 -1.5089 0.6666 18.6237 -3.6144 11.1947 15.1647 -0.6560 -4.4382 -4.3037 -15.1593 2.2347 -14.8819 -19.1060 -0.0150 -0.0266 0.0761 0.6873 -10.6762 -3.7682 -0.7100 -10.6437 3.8879 -14.1740 14.6401 -14.8423 -53.3592 -6.0477 -11.2208 -0.1002 0.4743 -89.2250 8.3925 -12.9371 -19.7410 -14.9153 10.8795 15.7294 -59.4742 1.9112 2.2768 17.0726 10.1360 17.3344 40.3641 -26.6293 -12.3996 -0.0985 0.0935 97.5783 -27.2039 -11.7223 19.4461 16.0288 7.7277 -16.2782 50.2240 -3.3865 -5.4102 12.8576 -7.8502 21.3677 -0.2792 39.1061 -0.8113 -17.5421 -23.3153 6.8149 1.6386 -0.5101 -2.0983 -15.2914 -36.7527 -27.2013 0.4897 42.1202 0.4721 7.7801 -2.7863 4.7280 -1.4503 0.1136 0.7732
-0.2084 90.6681 -0.1127 3.9639 -5.4743 0.0151 -0.0196 7.1853 -0.7596 -0.1009 -2.4680 -1.4839 0.6595 18.6238 -3.6455 11.1777 15.1736 -0.6922 -4.4368 -4.3022 -15.1456 2.2916 -14.9506 -19.0833 -0.0162 -0.0257 0.0854 0.6887 -10.6794 -3.7599 -0.7139 -10.6481 3.8987 -14.1709 14.5551 -14.8260 -53.3361 -5.9443 -11.2174 -0.0884 0.4727 -89.2947 8.3834 -12.9246 -19.7807 -14.9232 10.8632 15.7213 -59.3894 1.9110 2.3009 17.0798 10.1456 17.2893 40.4451 -26.5882 -12.3714 -0.0391 0.1060 97.7028 -27.1795 -11.9232 19.4406 16.0523 7.7263 -16.2788 50.2481 -3.3939 -5.4445 12.8125 -7.8227 21.3773 -0.2712 39.0114 -0.8048 -17.5406 -23.2279 6.9256 1.6396 -0.5105 -2.1009 -15.2779 -36.7168 -27.2632 0.4966 41.9745 0.4834 7.8251 -2.6958 4.7495 -1.4513 0.1090 0.7755
-0.1842 90.7008 -0.1006 3.9720 -5.4622 -0.0056 -0.0416 7.1758 -0.7626 -0.0841 -2.4971 -1.4854 0.6476 18.6526 -3.6582 11.1815 15.2165 -0.7433 -4.4316 -4.2988 -15.1270 2.3959 -15.0559 -19.0867 -0.0144 -0.0236 0.0920 0.6919 -10.6833 -3.7526 -0.7135 -10.6510 3.9040 -14.1288 14.4587 -14.8251 -53.3277 -5.8771 -11.1725 -0.1075 0.4309 -89.4267 8.3863 -12.7929 -19.8217 -14.9427 10.8275 15.6647 -59.3916 1.9186 2.2882 17.0873 10.1643 17.2200 40.5343 -26.5234 -12.3592 0.0048 0.0744 97.9054 -27.1919 -12.2963 19.5193 16.0761 7.7247 -16.2622 50.2680 -3.4143 -5.4345 12.7663 -7.7948 21.3340 -0.2762 38.9779 -0.8062 -17.5458 -23.1469 7.0427 1.6403 -0.5045 -2.1082 -15.2696 -36.7127 -27.3434 0.5055 41.8862 0.5000 7.8769 -2.6428 4.8243 -1.4493 0.1272 0.7719
-0.1593 90.7423 -0.1225 3.9789 -5.4373 -0.0349 -0.0665 7.1633 -0.7583 -0.0731 -2.5333 -1.4813 0.6171 18.6788 -3.6847 11.2479 15.2205 -0.7607 -4.4579 -4.3098 -15.1588 2.5083 -15.1322 -19.1368 -0.0117 -0.0233 0.0911 0.6889 -10.6894 -3.7526 -0.7051 -10.6572 3.9016 -14.0650 14.3559 -14.8095 -53.2988 -5.8438 -11.1413 -0.1475 0.3758 -89.5307 8.4044 -12.5443 -19.8700 -14.9825 10.8082 15.6174 -59.4186 1.9443 2.2624 17.1192 10.2019 17.1122 40.6461 -26.4798 -12.3070 0.0933 0.0850 98.0891 -27.2099 -12.7677 19.6837 16.0609 7.7367 -16.2730 50.2475 -3.4358 -5.4021 12.7103 -7.7359 21.2656 -0.2770 38.8701 -0.8007 -17.5519 -23.0316 7.1363 1.6401 -0.5060 -2.1211 -15.2455 -36.6939 -27.4239 0.5112 41.7476 0.5193 7.9261 -2.5440 4.8876 -1.4476 0.1749 0.7545
-0.1435 90.7995 -0.1112 3.9852 -5.3830 -0.0829 -0.0918 7.1501 -0.7547 -0.0740 -2.5682 -1.4678 0.5861 18.6813 -3.7154 11.3481 15.2043 -0.7648 -4.4975 -4.3288 -15.2152 2.6202 -15.1611 -19.2274 -0.0084 -0.0278 0.0848 0.6850 -10.6990 -3.7583 -0.6934 -10.6675 3.8911 -13.9880 14.2824 -14.8159 -53.2919 -5.8408 -11.1174 -0.1966 0.3042 -89.6187 8.5113 -12.2311 -19.9911 -14.9773 10.7805 15.5706 -59.4171 1.9723 2.2354 17.1477 10.2257 16.9851 40.7730 -26.4046 -12.2648 0.1754 0.1049 98.2520 -27.2361 -13.1392 19.8961 16.0128 7.7600 -16.2830 50.2035 -3.4177 -5.3512 12.6493 -7.6724 21.2377 -0.2864 38.7010 -0.8126 -17.5428 -22.9393 7.2384 1.6393 -0.5060 -2.1358 -15.1810 -36.7165 -27.5165 0.5237 41.6117 0.5505 7.9560 -2.4096 4.8917 -1.4462 0.2452 0.7405
-0.1175 90.8726 -0.1150 3.9852 -5.3044 -0.1582 -0.1164 7.1408 -0.7418 -0.0765 -2.5872 -1.4823 0.5504 18.6310 -3.7167 11.4564 15.1191 -0.7467 -4.5409 -4.3459 -15.2967 2.6990 -15.0299 -19.3049 -0.0059 -0.0396 0.0720 0.6801 -10.7109 -3.7728 -0.6832 -10.6821 3.8789 -13.9107 14.2458 -14.8436 -53.3032 -5.8761 -11.0971 -0.1917 0.2546 -89.6738 8.6816 -12.0371 -20.1591 -14.9685 10.7582 15.5291 -59.4079 1.9764 2.2110 17.1332 10.2349 16.8697 40.9488 -26.2756 -12.2764 0.2653 0.1816 98.4229 -27.2352 -13.3050 19.9880 15.9832 7.7644 -16.2736 50.1120 -3.3677 -5.3069 12.5874 -7.6213 21.2823 -0.2901 38.4795 -0.8361 -17.5339 -22.8492 7.3760 1.6395 -0.4888 -2.1429 -15.0911 -36.7323 -27.5344 0.5190 41.4307 0.5529 7.9495 -2.2340 4.8598 -1.4477 0.3225 0.7272
-0.1150 90.9409 -0.1315 3.9721 -5.1785 -0.2562 -0.1486 7.1145 -0.7440 -0.0772 -2.5770 -1.5101 0.5176 18.5210 -3.6914 11.5094 15.0069 -0.7248 -4.5762 -4.3414 -15.3308 2.7626 -14.7752 -19.3717 -0.0066 -0.0534 0.0594 0.6800 -10.7173 -3.7859 -0.6841 -10.6929 3.8661 -13.8660 14.1981 -14.8885 -53.3067 -5.8563 -11.0825 -0.0889 0.1828 -89.7416 8.8406 -11.9697 -20.2839 -14.8746 10.7479 15.5245 -59.3919 1.9813 2.2344 17.0790 10.2189 16.8091 41.1086 -25.9903 -12.3117 0.2740 0.3118 98.6926 -27.2413 -13.3384 19.8789 16.0252 7.7387 -16.3006 50.0682 -3.3368 -5.3641 12.5268 -7.6139 21.3746 -0.2943 38.2408 -0.8513 -17.5790 -22.7635 7.5428 1.6372 -0.4519 -2.1435 -14.9723 -36.7507 -27.5159 0.5193 41.1982 0.5515 7.8946 -2.0580 4.7918 -1.4505 0.3883 0.7165
-0.0948 91.0057 -0.1431 3.9328 -5.0374 -0.2996 -0.1611 7.0712 -0.7394 -0.0866 -2.5725 -1.5656 0.5301 18.4247 -3.6480 11.5023 14.9305 -0.7649 -4.5906 -4.3180 -15.3324 2.8126 -14.5737 -19.4175 -0.0102 -0.0576 0.0416 0.6805 -10.7109 -3.8012 -0.6915 -10.6827 3.8466 -13.9028 14.1790 -14.9535 -53.2785 -5.8973 -11.1071 0.0663 0.1257 -89.6704 8.9055 -11.9656 -20.3594 -14.7548 10.7895 15.5626 -59.3698 2.0087 2.2875 17.0059 10.1768 16.7961 41.1772 -25.5820 -12.3847 0.2289 0.4672 99.0196 -27.2857 -13.3725 19.6813 16.0971 7.6690 -16.2916 50.0755 -3.3260 -5.4719 12.4829 -7.6803 21.4352 -0.2883 38.0674 -0.8344 -17.6596 -22.6412 7.6426 1.6313 -0.3592 -2.1318 -14.8362 -36.7687 -27.5254 0.5018 41.0038 0.5010 7.7742 -1.9442 4.7617 -1.4565 0.3467 0.7083
