HIERARCHY
ROOT Hips
{
	OFFSET 0.0000 0.0000 0.0000
	CHANNELS 6 Xposition Yposition Zposition Zrotation Xrotation Yrotation
	JOINT Spine1
	{
		OFFSET -0.0137 5.0038 -0.0537
		CHANNELS 3 Zrotation Xrotation Yrotation
		JOINT Spine2
		{
			OFFSET -0.0000 7.1253 -0.0298
			CHANNELS 3 Zrotation Xrotation Yrotation
			JOINT Chest
			{
				OFFSET -0.0000 7.5501 -0.8160
				CHANNELS 3 Zrotation Xrotation Yrotation
				JOINT Neck1
				{
					OFFSET -0.1817 26.3113 -0.5533
					CHANNELS 3 Zrotation Xrotation Yrotation
					JOINT Neck2
					{
						OFFSET -0.0000 7.7094 2.3026
						CHANNELS 3 Zrotation Xrotation Yrotation
						JOINT Head
						{
							OFFSET -0.0000 6.1289 1.9537
							CHANNELS 3 Zrotation Xrotation Yrotation
							JOINT Jaw
							{
								OFFSET 0.0026 0.4756 3.0949
								CHANNELS 3 Zrotation Xrotation Yrotation
								End Site
								{
									OFFSET 0.0 1.0 0.0
								}
							}
							JOINT LeftEye
							{
								OFFSET 3.2064 5.3802 7.5869
								CHANNELS 3 Zrotation Xrotation Yrotation
								End Site
								{
									OFFSET 0.0 1.0 0.0
								}
							}
							JOINT RightEye
							{
								OFFSET -3.2224 5.3619 7.5582
								CHANNELS 3 Zrotation Xrotation Yrotation
								End Site
								{
									OFFSET 0.0 1.0 0.0
								}
							}
						}
					}
				}
				JOINT LeftShoulder
				{
					OFFSET 1.6217 23.2372 5.1134
					CHANNELS 3 Zrotation Xrotation Yrotation
					JOINT LeftArm
					{
						OFFSET 14.9198 0.0000 -5.5023
						CHANNELS 3 Zrotation Xrotation Yrotation
						JOINT LeftForeArm
						{
							OFFSET 28.7393 0.0000 -0.0026
							CHANNELS 3 Zrotation Xrotation Yrotation
							JOINT LeftHand
							{
								OFFSET 27.0940 -0.0000 0.0026
								CHANNELS 3 Zrotation Xrotation Yrotation
								JOINT LeftHandThumbEnd
								{
									OFFSET 12.2686 -3.2202 4.8331
									CHANNELS 3 Zrotation Xrotation Yrotation
									End Site
									{
										OFFSET 0.0 1.0 0.0
									}
								}
								JOINT LeftHandMiddleEnd
								{
									OFFSET 19.0120 -0.3129 -0.0340
									CHANNELS 3 Zrotation Xrotation Yrotation
									End Site
									{
										OFFSET 0.0 1.0 0.0
									}
								}
							}
						}
					}
				}
				JOINT RightShoulder
				{
					OFFSET -1.3801 23.1803 5.2142
					CHANNELS 3 Zrotation Xrotation Yrotation
					JOINT RightArm
					{
						OFFSET -15.0372 0.0000 -5.5456
						CHANNELS 3 Zrotation Xrotation Yrotation
						JOINT RightForeArm
						{
							OFFSET -28.7366 0.0000 -0.0026
							CHANNELS 3 Zrotation Xrotation Yrotation
							JOINT RightHand
							{
								OFFSET -27.1336 -0.0000 0.0026
								CHANNELS 3 Zrotation Xrotation Yrotation
								JOINT RightHandThumbEnd
								{
									OFFSET -12.2642 -3.2115 4.8040
									CHANNELS 3 Zrotation Xrotation Yrotation
									End Site
									{
										OFFSET 0.0 1.0 0.0
									}
								}
								JOINT RightHandMiddleEnd
								{
									OFFSET -19.0006 -0.3066 -0.0316
									CHANNELS 3 Zrotation Xrotation Yrotation
									End Site
									{
										OFFSET 0.0 1.0 0.0
									}
								}
							}
						}
					}
				}
			}
		}
	}
	JOINT LeftLeg
	{
		OFFSET 10.0432 -8.4345 2.5957
		CHANNELS 3 Zrotation Xrotation Yrotation
		JOINT LeftShin
		{
			OFFSET -0.0000 -43.2218 -0.8029
			CHANNELS 3 Zrotation Xrotation Yrotation
			JOINT LeftFoot
			{
				OFFSET 0.0000 -42.1551 -3.4815
				CHANNELS 3 Zrotation Xrotation Yrotation
				JOINT LeftToeBase
				{
					OFFSET 0.0000 -5.0595 13.2315
					CHANNELS 3 Zrotation Xrotation Yrotation
					End Site
					{
						OFFSET 0.0 1.0 0.0
					}
				}
			}
		}
	}
	JOINT RightLeg
	{
		OFFSET -10.0473 -8.2953 2.6203
		CHANNELS 3 Zrotation Xrotation Yrotation
		JOINT RightShin
		{
			OFFSET 0.0000 -43.3622 -0.8056
			CHANNELS 3 Zrotation Xrotation Yrotation
			JOINT RightFoot
			{
				OFFSET 0.0000 -42.1174 -3.4784
				CHANNELS 3 Zrotation Xrotation Yrotation
				JOINT RightToeBase
				{
					OFFSET -0.0000 -5.0796 13.2842
					CHANNELS 3 Zrotation Xrotation Yrotation
					End Site
					{
						OFFSET 0.0 1.0 0.0
					}
				}
			}
		}
	}
}
MOTION
Frames: 240
Frame Time: 0.033333
-1.0232 100.2635 5.8985 1.6584 0.7569 -0.2698 -0.9536 -2.5366 -0.2246 -0.9763 -5.6186 -0.0097 -0.8009 10.0088 -2.0146 3.5464 3.0172 1.7464 -0.5055 -3.6031 0.6806 2.0555 -6.7090 -0.8561 -0.0017 0.0245 -0.0096 0.7712 -10.6068 -3.8741 -0.7739 -10.6328 3.8644 -15.7266 9.8391 -8.5523 -57.2090 12.2743 -29.9393 0.0627 0.1275 -32.6390 -4.6255 -1.3842 -1.6643 -15.6494 10.9220 15.9951 -60.4011 1.7042 2.4280 23.7457 8.2798 14.3018 53.7954 8.9723 16.8909 -0.0008 0.0945 33.5061 3.8505 -0.2004 -3.5309 15.4810 7.1561 -16.3193 49.8032 -3.9542 -5.4276 1.7870 -0.4739 5.9678 0.0299 1.6562 0.0006 -3.6941 -2.6001 -0.2791 1.6438 -0.8349 -1.9195 -5.0478 0.8737 -6.6511 -0.0078 2.0446 -0.0527 4.0844 -3.9279 -4.8752 -1.4220 -0.4740 1.0303
-1.0223 100.2790 6.0402 1.6396 0.7726 -0.2888 -0.9615 -2.5439 -0.2228 -0.9736 -5.6102 0.0579 -0.7654 10.0243 -2.0636 3.5263 3.1549 1.7489 -0.5001 -3.5787 0.7094 2.0632 -6.7428 -0.8594 -0.0053 0.0325 0.0077 0.7659 -10.6019 -3.8555 -0.7757 -10.6282 3.8808 -15.6964 9.8412 -8.5267 -57.2607 12.2214 -29.9470 0.0063 0.0571 -32.6226 -4.5873 -1.3552 -1.6225 -15.6579 10.9081 15.9546 -60.3385 1.7314 2.3535 23.7624 8.2955 14.2977 53.8318 8.9024 16.9338 -0.0202 0.0939 33.3370 4.0052 -0.3729 -3.4685 15.4835 7.1582 -16.3479 49.9230 -3.9280 -5.4394 1.7895 -0.4352 5.9603 0.0198 1.6142 -0.0376 -3.7845 -2.6700 -0.2201 1.6426 -0.8481 -1.9419 -5.0472 0.8554 -6.5975 -0.0142 2.0878 -0.0432 4.0598 -3.9991 -4.9347 -1.4263 -0.4991 1.0305
-1.0172 100.2808 6.1346 1.6419 0.7926 -0.3135 -0.9663 -2.5613 -0.2380 -0.9685 -5.6208 0.1066 -0.7355 10.0957 -2.0822 3.4877 3.3420 1.7918 -0.5064 -3.6103 0.6721 2.0765 -6.7065 -0.8633 -0.0060 0.0334 0.0132 0.7576 -10.6114 -3.8468 -0.7689 -10.6356 3.8812 -15.6903 9.8487 -8.4764 -57.2845 12.1744 -29.9006 -0.0424 0.0125 -32.6753 -4.5692 -1.4916 -1.5726 -15.6672 10.8989 15.9583 -60.2706 1.7515 2.3681 23.7811 8.3125 14.3258 53.8371 8.7894 16.9064 -0.0364 0.0905 33.2079 4.0799 -0.4546 -3.4321 15.4857 7.1605 -16.3461 49.9598 -3.9072 -5.4605 1.7636 -0.4145 5.9387 0.0173 1.6026 -0.0608 -3.8049 -2.7476 -0.1622 1.6436 -0.8106 -1.9493 -5.0721 0.8367 -6.5560 -0.0149 2.1248 -0.0380 4.0716 -4.0333 -4.9902 -1.4268 -0.4787 1.0305
-0.9652 100.2715 6.1874 1.6569 0.8103 -0.3458 -0.9697 -2.5557 -0.2285 -0.9612 -5.6410 0.1026 -0.7156 10.1745 -2.0579 3.4274 3.5588 1.8257 -0.5067 -3.6450 0.6625 2.0885 -6.6843 -0.8880 -0.0055 0.0306 0.0113 0.7515 -10.6298 -3.8473 -0.7611 -10.6531 3.8782 -15.7125 9.8700 -8.4323 -57.2947 12.1321 -29.8403 -0.0507 -0.0051 -32.7450 -4.5066 -1.5412 -1.5591 -15.6588 10.8951 15.9495 -60.2254 1.7585 2.3801 23.8103 8.3366 14.3693 53.8051 8.6946 16.8962 -0.0405 0.0871 33.1309 4.1199 -0.4484 -3.4234 15.5023 7.1791 -16.3248 49.9405 -3.8770 -5.4591 1.7202 -0.4002 5.9369 0.0153 1.6129 -0.0730 -3.7609 -2.8124 -0.1223 1.6425 -0.7844 -1.9514 -5.1321 0.8251 -6.5430 -0.0120 2.1444 -0.0443 4.1310 -4.0419 -4.9966 -1.4265 -0.4632 1.0274
-0.8959 100.2742 6.2072 1.6636 0.8403 -0.3646 -0.9699 -2.5559 -0.2197 -0.9414 -5.6499 0.0943 -0.7014 10.2442 -2.0490 3.3492 3.7722 1.8534 -0.4894 -3.6698 0.6526 2.1179 -6.6742 -0.8950 -0.0051 0.0306 0.0140 0.7491 -10.6354 -3.8443 -0.7579 -10.6586 3.8796 -15.7417 9.8925 -8.3639 -57.3007 12.0727 -29.8008 -0.0570 0.0064 -32.8019 -4.4329 -1.5133 -1.6002 -15.6211 10.8771 15.9245 -60.1695 1.7605 2.3713 23.8339 8.3552 14.4063 53.7689 8.6524 16.9448 -0.0790 0.1029 33.0692 4.1790 -0.4358 -3.4107 15.5011 7.1903 -16.3074 49.8805 -3.8620 -5.4589 1.6727 -0.4063 5.9325 0.0206 1.6309 -0.0703 -3.6962 -2.8534 -0.0972 1.6418 -0.7412 -1.9419 -5.1841 0.8295 -6.5493 -0.0082 2.0944 -0.0453 4.2135 -3.9991 -4.9807 -1.4266 -0.4370 1.0210
-0.8393 100.2738 6.2051 1.6597 0.8784 -0.4079 -0.9641 -2.5471 -0.1969 -0.9231 -5.6612 0.0703 -0.6793 10.3117 -2.0383 3.2688 4.0010 1.8649 -0.4724 -3.6857 0.6797 2.1571 -6.6633 -0.9058 -0.0044 0.0309 0.0200 0.7497 -10.6430 -3.8389 -0.7568 -10.6682 3.8855 -15.7724 9.9060 -8.3035 -57.3183 12.0406 -29.7694 -0.0449 0.0142 -32.8791 -4.3736 -1.4350 -1.6676 -15.5808 10.8710 15.9031 -60.1199 1.7717 2.3605 23.8576 8.3686 14.4520 53.7080 8.6448 16.9974 -0.1128 0.1189 33.0549 4.2064 -0.5206 -3.3902 15.4957 7.1930 -16.3082 49.8454 -3.8652 -5.4655 1.6236 -0.4132 5.9322 0.0243 1.6494 -0.0603 -3.6247 -2.9170 -0.0532 1.6401 -0.6750 -1.9401 -5.2268 0.8175 -6.5795 -0.0035 2.0575 -0.0435 4.3181 -3.9579 -4.9331 -1.4276 -0.4033 1.0171
-0.7845 100.2784 6.2154 1.6560 0.9223 -0.4360 -0.9546 -2.5315 -0.1968 -0.9028 -5.6603 0.0698 -0.6673 10.3569 -2.0447 3.1854 4.2599 1.8760 -0.4479 -3.6976 0.7121 2.2004 -6.6590 -0.8917 -0.0037 0.0289 0.0209 0.7490 -10.6528 -3.8387 -0.7549 -10.6806 3.8858 -15.8016 9.9152 -8.2535 -57.3409 12.0483 -29.7979 -0.0280 0.0143 -32.9537 -4.3380 -1.3781 -1.7528 -15.5447 10.8734 15.8973 -60.1000 1.7865 2.3524 23.8953 8.3829 14.5002 53.6405 8.6328 16.9967 -0.1559 0.1356 33.0647 4.2347 -0.6345 -3.3634 15.5018 7.1777 -16.3051 49.8076 -3.8776 -5.4650 1.5749 -0.4264 5.9228 0.0293 1.6667 -0.0462 -3.5768 -2.9739 -0.0190 1.6411 -0.6313 -1.9309 -5.2685 0.8052 -6.6215 0.0029 2.0114 -0.0363 4.4082 -3.9356 -4.8714 -1.4268 -0.3915 1.0106
-0.7028 100.2774 6.1968 1.6536 0.9655 -0.4631 -0.9442 -2.5156 -0.1796 -0.8916 -5.6617 0.0739 -0.6616 10.4178 -2.0674 3.1405 4.5463 1.8850 -0.4490 -3.6994 0.7481 2.2399 -6.6140 -0.9090 -0.0034 0.0278 0.0201 0.7478 -10.6577 -3.8397 -0.7526 -10.6879 3.8857 -15.8412 9.9260 -8.2228 -57.3292 12.0928 -29.8659 0.0018 0.0189 -33.0355 -4.3104 -1.3354 -1.8177 -15.5216 10.8729 15.8910 -60.0740 1.8029 2.3615 23.9474 8.4094 14.5582 53.5555 8.6089 16.9715 -0.1758 0.1469 33.0663 4.2319 -0.7667 -3.3349 15.5059 7.1572 -16.2946 49.7859 -3.8897 -5.4580 1.5309 -0.4360 5.9270 0.0261 1.6921 -0.0459 -3.5733 -3.0194 0.0573 1.6422 -0.5991 -1.9274 -5.3227 0.7981 -6.6538 0.0098 1.9725 -0.0378 4.4865 -3.9159 -4.7949 -1.4273 -0.4124 1.0046
-0.6506 100.2711 6.2204 1.6563 0.9976 -0.4773 -0.9392 -2.5010 -0.1739 -0.8874 -5.6569 0.0848 -0.6573 10.4790 -2.0877 3.1132 4.8763 1.8960 -0.4483 -3.6914 0.7402 2.2697 -6.5259 -0.9592 -0.0042 0.0327 0.0135 0.7460 -10.6496 -3.8440 -0.7525 -10.6806 3.8779 -15.8862 9.9577 -8.2020 -57.2880 12.1256 -29.9321 0.0179 0.0219 -33.1269 -4.2689 -1.2927 -1.8987 -15.4941 10.8761 15.8922 -60.0465 1.8180 2.3657 24.0057 8.4704 14.6139 53.4774 8.5427 16.9374 -0.2071 0.1534 33.0166 4.2376 -0.8594 -3.2894 15.4779 7.1465 -16.2788 49.7455 -3.8885 -5.4474 1.4858 -0.4370 5.9304 0.0244 1.7272 -0.0394 -3.5753 -3.0983 0.1063 1.6453 -0.5623 -1.9255 -5.3856 0.8063 -6.6701 0.0124 1.9424 -0.0352 4.5587 -3.9377 -4.7312 -1.4277 -0.4310 0.9933
-0.5799 100.2714 6.2786 1.6668 1.0191 -0.4678 -0.9434 -2.4797 -0.1648 -0.8869 -5.6626 0.0693 -0.6561 10.5574 -2.1020 3.1000 5.2330 1.9154 -0.4591 -3.6858 0.7364 2.3023 -6.3556 -1.0600 -0.0050 0.0350 0.0141 0.7451 -10.6482 -3.8408 -0.7528 -10.6806 3.8766 -15.9114 10.0018 -8.1617 -57.2346 12.1360 -29.9893 0.0158 0.0121 -33.2443 -4.2500 -1.1695 -1.9837 -15.4949 10.9143 15.9151 -60.0878 1.8366 2.3646 24.0393 8.5322 14.6570 53.4214 8.5296 16.9537 -0.2383 0.1473 32.9732 4.2177 -0.9447 -3.2178 15.4684 7.1514 -16.2698 49.7277 -3.8797 -5.4397 1.4217 -0.4194 5.9383 0.0232 1.7821 -0.0380 -3.5621 -3.2086 0.1450 1.6465 -0.5337 -1.9265 -5.4556 0.8356 -6.6948 0.0129 1.9210 -0.0438 4.6322 -3.9794 -4.6911 -1.4282 -0.4277 0.9839
-0.5203 100.2727 6.3615 1.6827 1.0470 -0.4617 -0.9463 -2.4631 -0.1785 -0.8871 -5.6543 0.0835 -0.6631 10.6253 -2.1134 3.0799 5.6365 1.9097 -0.4815 -3.6726 0.7051 2.3247 -6.1130 -1.1732 -0.0058 0.0384 0.0186 0.7432 -10.6422 -3.8339 -0.7529 -10.6750 3.8785 -15.9470 10.0655 -8.1180 -57.1458 12.1217 -30.0757 -0.0086 0.0043 -33.3476 -4.2742 -0.9881 -2.0903 -15.5128 10.9436 15.9497 -60.1091 1.8511 2.3695 24.0757 8.6014 14.6359 53.3706 8.5455 16.9899 -0.2838 0.1407 32.9515 4.2102 -1.0146 -3.1639 15.4783 7.1428 -16.2584 49.7206 -3.8739 -5.4463 1.3523 -0.4063 5.9713 0.0277 1.8402 -0.0324 -3.5453 -3.3101 0.1291 1.6477 -0.5198 -1.9292 -5.5342 0.8761 -6.7697 0.0093 1.8800 -0.0280 4.7152 -4.0219 -4.6612 -1.4266 -0.3996 0.9801
-0.4312 100.2663 6.4321 1.7047 1.0791 -0.4603 -0.9490 -2.4412 -0.1636 -0.8849 -5.6561 0.0683 -0.6887 10.6973 -2.1060 3.0730 6.0690 1.8980 -0.5075 -3.6623 0.6688 2.3300 -5.8140 -1.2824 -0.0066 0.0371 0.0299 0.7410 -10.6408 -3.8210 -0.7519 -10.6723 3.8892 -15.9804 10.1193 -8.0801 -57.0758 12.1283 -30.1253 0.0053 0.0121 -33.4916 -4.3180 -0.8893 -2.1728 -15.5250 10.9651 15.9723 -60.1405 1.8531 2.3707 24.1193 8.6754 14.6052 53.3132 8.5676 16.9874 -0.2951 0.1426 32.9564 4.1806 -1.0642 -3.1103 15.4691 7.1362 -16.2521 49.6870 -3.8660 -5.4403 1.2720 -0.3779 5.9929 0.0277 1.9013 -0.0305 -3.5273 -3.4193 0.1293 1.6471 -0.5111 -1.9400 -5.6327 0.9234 -6.8437 0.0072 1.8499 -0.0302 4.8289 -4.0732 -4.6132 -1.4260 -0.3863 0.9824
-0.3283 100.2658 6.5057 1.7280 1.1355 -0.4703 -0.9575 -2.4275 -0.1398 -0.8805 -5.6592 0.0729 -0.7086 10.7633 -2.1131 3.0705 6.5608 1.8954 -0.5290 -3.6621 0.5915 2.3528 -5.4735 -1.3615 -0.0077 0.0319 0.0384 0.7397 -10.6453 -3.8126 -0.7527 -10.6742 3.8989 -16.0251 10.1794 -8.0446 -56.9890 12.1196 -30.1280 0.0249 0.0173 -33.6609 -4.3907 -0.7954 -2.2551 -15.5422 10.9700 15.9907 -60.1504 1.8582 2.3704 24.1771 8.7626 14.5779 53.2355 8.6096 16.9440 -0.3073 0.1478 33.0033 4.1394 -1.1192 -3.0877 15.4606 7.1227 -16.2577 49.6432 -3.8742 -5.4446 1.1875 -0.3516 5.9894 0.0283 1.9408 -0.0235 -3.4901 -3.5141 0.1489 1.6492 -0.5555 -1.9483 -5.7380 0.9531 -6.9051 0.0053 1.8217 -0.0294 4.9586 -4.1186 -4.5337 -1.4258 -0.4064 0.9840
-0.1951 100.2758 6.5908 1.7579 1.2029 -0.4617 -0.9752 -2.4100 -0.1140 -0.8755 -5.6728 0.0781 -0.7213 10.8387 -2.1058 3.0811 7.0982 1.8595 -0.5543 -3.6606 0.5299 2.3828 -5.0610 -1.4622 -0.0094 0.0239 0.0362 0.7375 -10.6524 -3.8121 -0.7539 -10.6778 3.8954 -16.0651 10.2286 -8.0239 -56.8958 12.1009 -30.0404 0.0150 0.0139 -33.8843 -4.4751 -0.6785 -2.3013 -15.5626 10.9708 16.0036 -60.1858 1.8585 2.3741 24.2174 8.8483 14.5533 53.1662 8.6589 16.8760 -0.3121 0.1350 33.0336 4.1093 -1.1437 -3.0753 15.4380 7.1091 -16.2487 49.5975 -3.8809 -5.4470 1.0865 -0.3203 5.9949 0.0264 1.9814 -0.0208 -3.4493 -3.6210 0.1304 1.6514 -0.5913 -1.9537 -5.8614 0.9776 -6.9734 0.0030 1.8178 -0.0297 5.0927 -4.1937 -4.4657 -1.4257 -0.4397 0.9822
-0.0824 100.2583 6.7052 1.8029 1.3027 -0.4685 -1.0086 -2.4084 -0.0941 -0.8718 -5.6717 0.1146 -0.7342 10.8971 -2.1135 3.1073 7.6538 1.8222 -0.5769 -3.6524 0.4490 2.4095 -4.5586 -1.5515 -0.0103 0.0170 0.0324 0.7370 -10.6515 -3.8151 -0.7554 -10.6742 3.8918 -16.0911 10.2463 -7.9852 -56.8100 12.1053 -29.9435 -0.0155 0.0083 -34.1223 -4.5996 -0.5068 -2.3226 -15.5495 10.9709 16.0134 -60.1550 1.8565 2.3952 24.2614 8.9266 14.5359 53.0924 8.7459 16.8102 -0.3345 0.1241 33.0482 4.0841 -1.0784 -3.0884 15.4098 7.0925 -16.2305 49.5542 -3.9000 -5.4415 0.9610 -0.3004 6.0021 0.0250 1.9997 -0.0183 -3.4114 -3.7281 0.0965 1.6531 -0.6020 -1.9467 -6.0116 0.9848 -7.0850 0.0077 1.7900 -0.0240 5.2682 -4.2726 -4.3866 -1.4260 -0.4528 0.9837
0.0530 100.2538 6.8615 1.8478 1.4232 -0.4475 -1.0496 -2.3945 -0.0741 -0.8717 -5.6804 0.1275 -0.7334 10.9603 -2.1057 3.1802 8.2294 1.7863 -0.6121 -3.6421 0.3686 2.4221 -4.0588 -1.6348 -0.0104 0.0105 0.0317 0.7389 -10.6499 -3.8129 -0.7571 -10.6713 3.8887 -16.0832 10.2596 -7.9338 -56.7464 12.0899 -29.7877 -0.0627 0.0035 -34.3944 -4.7008 -0.3319 -2.3550 -15.5619 10.9713 16.0241 -60.1285 1.8413 2.3880 24.3033 9.0150 14.5258 53.0013 8.8727 16.7948 -0.3510 0.1020 33.0505 4.0586 -0.9591 -3.1290 15.3985 7.0956 -16.2367 49.5369 -3.9037 -5.4512 0.8200 -0.2843 5.9933 0.0231 2.0303 -0.0128 -3.3906 -3.8670 0.0808 1.6519 -0.6018 -1.9419 -6.1749 0.9854 -7.2364 0.0128 1.7684 -0.0277 5.4768 -4.3740 -4.2697 -1.4261 -0.4476 0.9854
0.2162 100.2368 7.0335 1.8895 1.5747 -0.4205 -1.0898 -2.3760 -0.0450 -0.8716 -5.6890 0.1357 -0.7254 11.0218 -2.0863 3.2897 8.7944 1.7666 -0.6532 -3.6239 0.2335 2.4308 -3.5623 -1.7002 -0.0100 0.0097 0.0291 0.7419 -10.6353 -3.8114 -0.7592 -10.6564 3.8822 -16.0702 10.2561 -7.8911 -56.7211 12.1019 -29.6527 -0.0689 0.0059 -34.6286 -4.7792 -0.2478 -2.3960 -15.5776 10.9681 16.0255 -60.1232 1.8167 2.3786 24.3605 9.1345 14.5032 52.8665 9.0281 16.8379 -0.3813 0.0804 33.0596 4.0115 -0.8342 -3.2148 15.4009 7.1091 -16.2384 49.5231 -3.8979 -5.4395 0.6661 -0.2958 5.9753 0.0224 2.0758 -0.0072 -3.3573 -4.0172 0.0757 1.6523 -0.5992 -1.9437 -6.3512 0.9650 -7.4075 0.0182 1.7413 -0.0331 5.7133 -4.4879 -4.1184 -1.4262 -0.4318 0.9808
0.4180 100.2026 7.2557 1.9365 1.7750 -0.3748 -1.1412 -2.3656 -0.0291 -0.8690 -5.6892 0.1617 -0.7252 11.0754 -2.0831 3.4267 9.3247 1.7534 -0.7031 -3.6142 0.1256 2.4404 -3.0169 -1.7686 -0.0103 0.0106 0.0257 0.7431 -10.6218 -3.8121 -0.7607 -10.6396 3.8762 -16.0486 10.2465 -7.8335 -56.7087 12.1077 -29.4729 -0.0965 0.0154 -34.8743 -4.8541 -0.1317 -2.3611 -15.5546 10.9857 16.0171 -60.1227 1.8057 2.3707 24.4393 9.2390 14.4940 52.7139 9.1643 16.8314 -0.3892 0.0708 33.0745 3.9247 -0.6352 -3.3114 15.3938 7.1194 -16.2226 49.4900 -3.8978 -5.4302 0.4931 -0.3534 5.9501 0.0207 2.1392 0.0078 -3.3323 -4.1990 0.0578 1.6506 -0.5820 -1.9448 -6.5399 0.9190 -7.5657 0.0271 1.7102 -0.0403 5.9654 -4.6028 -4.0387 -1.4257 -0.3988 0.9733
0.6390 100.1827 7.5311 1.9904 2.0118 -0.3099 -1.1995 -2.3441 -0.0261 -0.8664 -5.6940 0.1780 -0.7234 11.1300 -2.0621 3.5630 9.8283 1.7248 -0.7387 -3.5983 0.0618 2.4465 -2.4732 -1.8355 -0.0092 0.0073 0.0203 0.7467 -10.6155 -3.8165 -0.7621 -10.6313 3.8699 -16.0136 10.2730 -7.7894 -56.7029 12.0929 -29.3107 -0.0723 0.0310 -35.1199 -4.9468 -0.0219 -2.2925 -15.5353 11.0036 16.0035 -60.1655 1.8091 2.3548 24.4872 9.3312 14.4879 52.5969 9.2924 16.7629 -0.3881 0.0729 33.1955 3.7343 -0.5371 -3.4164 15.3905 7.1205 -16.1983 49.4832 -3.8901 -5.4131 0.2950 -0.4551 5.8804 0.0212 2.2509 0.0172 -3.2831 -4.4186 0.0583 1.6504 -0.5901 -1.9361 -6.7358 0.8388 -7.6703 0.0335 1.6974 -0.0405 6.2225 -4.7121 -4.0330 -1.4262 -0.4068 0.9733
0.8950 100.1766 7.8372 2.0537 2.3126 -0.2324 -1.2686 -2.3197 -0.0366 -0.8567 -5.6912 0.2108 -0.7291 11.1745 -2.0360 3.7250 10.3263 1.6680 -0.7761 -3.5869 0.0119 2.4591 -1.9603 -1.8800 -0.0081 0.0022 0.0147 0.7482 -10.6080 -3.8212 -0.7613 -10.6240 3.8623 -15.9520 10.3261 -7.7373 -56.7175 12.0272 -29.1171 -0.0464 0.0555 -35.4118 -5.0344 0.0782 -2.1932 -15.5153 11.0138 15.9825 -60.2115 1.8002 2.3263 24.4755 9.4248 14.4892 52.5767 9.4470 16.7553 -0.4571 0.0708 33.3573 3.4944 -0.4530 -3.4802 15.4044 7.1203 -16.1714 49.5017 -3.8788 -5.4023 0.0578 -0.6084 5.7875 0.0220 2.3907 0.0135 -3.2171 -4.6924 0.0913 1.6503 -0.6128 -1.9245 -6.9415 0.7328 -7.7312 0.0371 1.6674 -0.0344 6.4604 -4.8411 -4.1013 -1.4276 -0.4275 0.9709
1.1305 100.1551 8.2418 2.1195 2.6522 -0.1691 -1.3363 -2.2833 -0.0325 -0.8505 -5.6831 0.2381 -0.7418 11.2217 -2.0011 3.9338 10.7791 1.6206 -0.8211 -3.5834 -0.0142 2.4423 -1.4871 -1.9279 -0.0079 -0.0052 0.0197 0.7508 -10.5963 -3.8158 -0.7629 -10.6156 3.8673 -15.8627 10.3748 -7.6805 -56.7484 11.9000 -28.8139 -0.0153 0.0976 -35.7533 -5.1241 0.0441 -2.0992 -15.4616 11.0145 15.9548 -60.1560 1.7948 2.3136 24.4360 9.5130 14.5066 52.5842 9.5999 16.7454 -0.5062 0.0798 33.5764 3.2264 -0.3565 -3.5164 15.4099 7.1291 -16.1569 49.5161 -3.8597 -5.3982 -0.1928 -0.7974 5.6597 0.0208 2.5271 0.0138 -3.1506 -4.9785 0.1918 1.6516 -0.6106 -1.9174 -7.1508 0.6006 -7.7375 0.0346 1.6322 -0.0303 6.6712 -4.9735 -4.2388 -1.4293 -0.4431 0.9674
1.4157 100.1536 8.6816 2.1836 3.0566 -0.1079 -1.4024 -2.2346 -0.0235 -0.8449 -5.6875 0.2638 -0.7483 11.2857 -1.9539 4.1283 11.2836 1.5518 -0.8388 -3.5767 -0.0595 2.4267 -1.0394 -1.9532 -0.0072 -0.0163 0.0251 0.7523 -10.5917 -3.8099 -0.7629 -10.6138 3.8715 -15.7155 10.4901 -7.6275 -56.8042 11.6096 -28.4494 0.0155 0.1120 -36.1346 -5.1557 -0.1412 -1.9974 -15.4341 10.9909 15.9439 -60.1377 1.7745 2.3134 24.3280 9.6374 14.5411 52.6475 9.6799 16.6972 -0.5211 0.0680 33.8527 2.9724 -0.3673 -3.5638 15.4217 7.1248 -16.1433 49.5232 -3.8573 -5.3757 -0.4669 -1.0528 5.5302 0.0170 2.7028 0.0048 -3.0808 -5.2944 0.2935 1.6534 -0.6089 -1.9021 -7.3629 0.4138 -7.6982 0.0354 1.6166 -0.0242 6.8710 -5.1166 -4.3844 -1.4305 -0.4910 0.9619
1.7102 100.1435 9.1909 2.2547 3.5090 -0.0618 -1.4700 -2.1755 -0.0207 -0.8524 -5.6835 0.3162 -0.7478 11.3574 -1.8992 4.3343 11.8275 1.5109 -0.8617 -3.5841 -0.1064 2.4245 -0.5123 -2.0086 -0.0061 -0.0248 0.0278 0.7541 -10.5931 -3.8091 -0.7622 -10.6190 3.8742 -15.5138 10.5620 -7.5683 -56.8868 11.2466 -27.9354 -0.0292 0.0890 -36.5644 -5.1332 -0.4411 -1.9409 -15.4256 10.9673 15.9244 -60.1123 1.7677 2.3244 24.1760 9.7786 14.5822 52.7493 9.7013 16.6714 -0.5174 0.0680 34.0519 2.8225 -0.4355 -3.5541 15.4360 7.1197 -16.1346 49.5380 -3.8694 -5.3609 -0.7724 -1.3360 5.4312 0.0149 2.9080 0.0018 -2.9852 -5.6717 0.3882 1.6538 -0.5964 -1.8802 -7.6009 0.1875 -7.6882 0.0367 1.5986 -0.0302 7.0922 -5.2790 -4.5026 -1.4311 -0.5289 0.9630
2.0163 100.1365 9.7364 2.3325 3.9762 -0.0341 -1.5334 -2.1044 0.0227 -0.8632 -5.6917 0.3273 -0.7573 11.4428 -1.8260 4.5081 12.4138 1.4949 -0.8906 -3.5897 -0.1859 2.4355 0.0579 -2.0988 -0.0029 -0.0294 0.0212 0.7546 -10.5980 -3.8183 -0.7560 -10.6275 3.8685 -15.3035 10.6657 -7.5197 -56.9682 10.8309 -27.4326 -0.0838 0.0851 -36.9644 -5.1079 -0.7317 -1.8568 -15.4560 10.9583 15.9073 -60.1619 1.7789 2.3139 24.0122 9.9301 14.6595 52.8597 9.7355 16.7309 -0.4812 0.0637 34.0698 2.7337 -0.5334 -3.5029 15.4392 7.1274 -16.1510 49.5208 -3.8861 -5.3551 -1.0860 -1.6257 5.3294 0.0045 3.1592 0.0102 -2.8486 -6.0880 0.4878 1.6541 -0.5674 -1.8629 -7.8534 -0.0584 -7.7000 0.0345 1.6506 -0.0513 7.2999 -5.5177 -4.5762 -1.4330 -0.5756 0.9616
2.3589 100.0926 10.3365 2.4184 4.4327 -0.0022 -1.5984 -2.0204 0.0524 -0.8841 -5.6770 0.3731 -0.7703 11.5209 -1.7632 4.6590 13.0413 1.4695 -0.9134 -3.5910 -0.2767 2.4590 0.5942 -2.1862 0.0008 -0.0293 0.0118 0.7553 -10.5951 -3.8323 -0.7491 -10.6265 3.8616 -15.1253 10.7408 -7.4949 -57.0059 10.4563 -26.9617 -0.1920 0.0658 -37.3343 -5.1625 -1.0001 -1.7487 -15.5093 10.9515 15.8840 -60.1876 1.8107 2.2921 23.8312 10.0988 14.7457 53.0078 9.7929 16.9160 -0.4825 0.0758 33.9079 2.6766 -0.5600 -3.4921 15.4394 7.1208 -16.1479 49.4710 -3.8954 -5.3383 -1.4192 -1.8879 5.2268 0.0003 3.4541 0.0174 -2.6479 -6.5234 0.5424 1.6499 -0.5339 -1.8583 -8.1225 -0.2895 -7.7366 0.0313 1.7746 -0.0660 7.4630 -5.8384 -4.6886 -1.4350 -0.6033 0.9475
2.6774 100.0186 11.0003 2.5211 4.8964 0.0459 -1.6799 -1.9354 0.0545 -0.9073 -5.6579 0.4273 -0.8010 11.6158 -1.7290 4.8028 13.6644 1.4379 -0.9322 -3.5879 -0.3485 2.4818 1.0678 -2.2543 0.0020 -0.0299 0.0061 0.7517 -10.5945 -3.8428 -0.7429 -10.6257 3.8587 -14.9649 10.7958 -7.4402 -57.0188 10.1944 -26.6722 -0.2372 0.0298 -37.7968 -5.2373 -1.2328 -1.5451 -15.5042 10.9758 15.8645 -60.2364 1.8527 2.2583 23.6308 10.2797 14.8409 53.2164 9.7245 17.0283 -0.4765 0.0674 33.6297 2.5595 -0.4010 -3.5083 15.4352 7.1310 -16.1351 49.4072 -3.9103 -5.3306 -1.7732 -2.1273 5.0463 0.0014 3.7898 0.0211 -2.4016 -6.9862 0.6040 1.6430 -0.4866 -1.8683 -8.4066 -0.5536 -7.7727 0.0273 2.0651 -0.0735 7.6155 -6.2866 -4.8617 -1.4335 -0.6378 0.9260
2.9908 99.9157 11.7069 2.6263 5.3638 0.1037 -1.7832 -1.8287 0.0630 -0.9248 -5.6367 0.4643 -0.8463 11.6930 -1.7224 4.9590 14.2678 1.4028 -0.9498 -3.5818 -0.3859 2.4973 1.4206 -2.2983 0.0021 -0.0366 0.0088 0.7452 -10.5949 -3.8454 -0.7361 -10.6288 3.8673 -14.7912 10.8518 -7.3882 -57.0684 10.0042 -26.4412 -0.1703 0.0207 -38.4981 -5.2999 -1.3743 -1.2487 -15.4611 10.9953 15.8535 -60.2305 1.8805 2.2030 23.4018 10.4513 14.9089 53.5276 9.5634 16.8843 -0.4291 0.0571 33.4807 2.3456 -0.3093 -3.5547 15.4163 7.1372 -16.1073 49.3305 -3.9371 -5.3012 -2.1325 -2.3444 4.8135 0.0017 4.1838 0.0109 -2.1231 -7.5089 0.7079 1.6404 -0.4499 -1.8912 -8.6943 -0.9230 -7.7535 0.0247 2.6824 -0.0812 7.7764 -6.8938 -5.0849 -1.4308 -0.6607 0.9097
3.2812 99.8103 12.4500 2.6933 5.8501 0.1527 -1.8856 -1.6904 0.0543 -0.9330 -5.6183 0.4942 -0.8840 11.7363 -1.7247 5.1009 14.8702 1.3894 -0.9628 -3.5948 -0.4102 2.5316 1.5943 -2.3313 0.0033 -0.0478 0.0114 0.7405 -10.6108 -3.8472 -0.7284 -10.6486 3.8729 -14.5761 10.9233 -7.3365 -57.1556 9.8577 -26.1617 -0.0152 0.0089 -39.6374 -5.2859 -1.3825 -0.9346 -15.4184 11.0129 15.8466 -60.2272 1.8694 2.1414 23.0838 10.6534 14.9260 54.0155 9.3309 16.5284 -0.4161 0.0526 33.6039 2.1374 -0.3416 -3.5939 15.4376 7.1630 -16.1245 49.2966 -3.9567 -5.2893 -2.4463 -2.5793 4.5596 0.0051 4.6749 -0.0083 -1.8679 -8.1623 0.8465 1.6379 -0.4106 -1.8959 -8.9240 -1.5696 -7.6297 0.0150 3.9702 -0.0877 7.9254 -7.7060 -5.3967 -1.4252 -0.6666 0.9032
3.5740 99.7089 13.2227 2.7416 6.3503 0.1748 -2.0034 -1.5125 0.0470 -0.9275 -5.5701 0.4743 -0.9213 11.7144 -1.7098 5.2406 15.4699 1.3807 -0.9787 -3.6269 -0.4039 2.5906 1.6430 -2.3061 0.0084 -0.0585 0.0093 0.7450 -10.6175 -3.8548 -0.7221 -10.6602 3.8751 -14.3059 10.9961 -7.2909 -57.2839 9.6334 -25.7451 0.1424 0.0212 -41.1799 -5.2070 -1.3714 -0.6335 -15.3336 11.0184 15.8415 -60.1446 1.8551 2.1267 22.7041 10.8963 14.8822 54.6278 8.9817 16.0296 -0.4489 0.0721 33.9700 1.9452 -0.4723 -3.5959 15.4344 7.1670 -16.1170 49.2059 -4.0100 -5.2925 -2.7131 -2.8309 4.3593 -0.0010 5.2486 -0.0471 -1.6574 -8.9122 0.9918 1.6402 -0.3991 -1.8808 -9.1206 -2.7359 -7.3585 -0.0040 6.3931 -0.0719 8.0895 -8.7661 -5.8069 -1.4216 -0.7365 0.9128
3.8179 99.6124 14.0424 2.7734 6.8326 0.0939 -2.1308 -1.2860 0.0213 -0.9314 -5.5011 0.5088 -0.9494 11.7030 -1.6815 5.4296 16.0549 1.4105 -0.9838 -3.5802 -0.3215 2.6138 1.4977 -2.2982 -0.0151 -0.0420 0.0631 0.7221 -10.6277 -3.8037 -0.7454 -10.6695 3.9370 -13.9556 11.0685 -7.3386 -57.4182 9.2960 -25.1984 0.2386 -0.0109 -43.1574 -5.0922 -1.3757 -0.4340 -15.2885 10.9535 15.8578 -60.1288 1.7942 2.1162 22.2214 11.2425 14.7817 55.3759 8.4946 15.5671 -0.6177 0.1164 34.5576 1.6950 -0.6942 -3.4790 15.4013 7.1419 -16.1342 49.2135 -4.0166 -5.3579 -2.9531 -3.0538 4.2520 -0.0169 5.9455 -0.1312 -1.4626 -9.7993 1.1838 1.6387 -0.3905 -1.8616 -9.3121 -4.6823 -6.9471 -0.0148 10.4265 -0.0444 8.2364 -9.8258 -6.2077 -1.4384 -1.0691 0.9091
4.0200 99.4682 14.8893 2.7247 7.2143 0.0179 -2.2082 -0.9951 0.0039 -0.9344 -5.3971 0.4205 -0.9560 11.6820 -1.6631 5.5257 16.6872 1.4130 -0.9193 -3.6053 -0.2531 2.6651 1.3127 -2.2007 -0.0001 -0.0425 0.0401 0.7364 -10.6352 -3.8353 -0.7285 -10.6853 3.9156 -13.6107 11.2046 -7.3893 -57.5124 8.8876 -24.5472 0.2011 -0.0145 -45.6345 -4.8595 -1.3567 -0.2076 -15.2427 10.9611 15.8798 -60.1161 1.8060 2.1562 21.6934 11.5871 14.6535 56.1012 7.8703 14.9170 -0.6400 0.1318 35.3947 1.3503 -0.7554 -3.3593 15.4202 7.1571 -16.1430 49.1881 -4.0182 -5.3706 -3.0436 -3.2554 4.3584 -0.0187 6.8377 -0.1685 -1.3621 -10.7680 1.2268 1.6511 -0.4413 -1.8278 -9.3881 -7.1046 -6.5431 -0.0535 15.6364 0.0435 8.3954 -10.7408 -6.5467 -1.4483 -1.5934 0.9599
4.2025 99.2788 15.7911 2.6702 7.4922 -0.0905 -2.2758 -0.6260 -0.0460 -0.9421 -5.2694 0.2926 -1.0019 11.6896 -1.6539 5.6733 17.3103 1.3835 -0.8471 -3.6251 -0.1935 2.7452 1.1260 -2.0578 0.0162 -0.0471 0.0138 0.7497 -10.6410 -3.8706 -0.7081 -10.6950 3.8911 -13.2457 11.4773 -7.5088 -57.4461 8.5231 -24.1562 0.1761 -0.0405 -48.6520 -4.6411 -1.3180 -0.0618 -15.2639 10.9963 15.9560 -60.1824 1.7980 2.2356 21.0886 11.9668 14.4141 56.8638 7.1364 14.2368 -0.6013 0.1600 36.4576 0.7933 -0.6752 -3.1413 15.4361 7.1640 -16.1168 49.1238 -4.0072 -5.4061 -3.0799 -3.3551 4.7432 -0.0265 7.8441 -0.1993 -1.3527 -11.8057 1.1112 1.6727 -0.4641 -1.8121 -9.4352 -10.2139 -6.1007 -0.0848 22.3810 0.1202 8.4550 -11.3656 -6.9253 -1.4602 -2.5353 1.0155
4.3276 99.0422 16.7750 2.5655 7.5898 -0.2258 -2.2955 -0.1741 -0.0846 -0.9542 -5.0383 0.2748 -1.0728 11.7052 -1.7919 5.8455 17.8852 1.3569 -0.7611 -3.6418 -0.1408 2.9035 1.0505 -1.9440 0.0261 -0.0531 -0.0178 0.7555 -10.6610 -3.9087 -0.6941 -10.7085 3.8627 -12.8848 11.6955 -7.7480 -57.3051 8.3573 -23.9756 0.2688 0.0694 -52.2567 -4.4714 -1.1581 -0.0332 -15.3489 10.9157 15.9227 -60.3254 1.8060 2.2913 20.4371 12.3831 14.1027 57.6592 6.2939 13.4020 -0.4852 0.1937 37.7001 0.0723 -0.6128 -2.6470 15.5916 7.1558 -16.1788 49.1159 -3.9822 -5.3876 -2.9916 -3.2214 5.2947 -0.0485 8.9349 -0.2585 -1.3692 -12.9224 0.9835 1.6839 -0.4524 -1.7707 -9.4174 -13.8058 -5.6376 -0.0456 30.3730 0.2508 7.8598 -11.3257 -7.3908 -1.4639 -3.5944 1.0095
4.3429 98.7990 17.9068 2.3683 7.6114 -0.4522 -2.2414 0.2526 -0.1448 -0.9627 -4.9027 0.1198 -1.0932 11.8184 -1.8457 5.8935 18.5647 1.3812 -0.6967 -3.6689 -0.1318 3.0274 1.1619 -1.7838 0.0344 -0.0609 -0.0322 0.7617 -10.6928 -3.9409 -0.6840 -10.7419 3.8634 -12.6809 11.8579 -7.9961 -57.0145 8.3402 -23.7164 0.3064 0.0814 -56.4002 -4.3421 -1.0917 -0.0554 -15.4730 10.9399 15.9693 -60.3709 1.7565 2.2270 19.8949 12.7654 13.7322 58.2399 5.6734 12.6359 -0.3107 0.1627 39.1952 -0.5967 -0.7025 -2.2971 15.6170 7.2033 -16.1936 49.1769 -3.8976 -5.3519 -2.7363 -2.8868 5.9346 -0.0461 9.9298 -0.3048 -1.4682 -14.0071 0.6220 1.6805 -0.4361 -1.7621 -9.1701 -17.3821 -5.6182 0.0109 37.9673 0.2407 6.8920 -11.7255 -7.5497 -1.4592 -3.2628 0.9877
4.2870 98.5829 19.2605 2.0279 7.6501 -0.7009 -2.1059 0.5713 -0.2204 -0.9364 -4.7990 -0.0751 -1.0460 11.9164 -1.9429 5.9015 19.0996 1.4057 -0.6297 -3.6865 -0.1008 3.0626 1.4113 -1.5411 0.0439 -0.0638 -0.0523 0.7696 -10.7178 -3.9722 -0.6730 -10.7697 3.8505 -12.5467 11.9200 -8.2164 -56.7633 8.2998 -23.4355 0.3321 0.0894 -60.5909 -4.0728 -1.0389 -0.2412 -15.4719 11.0615 16.0194 -60.3636 1.7852 2.1261 19.6068 12.9545 13.3644 58.5473 5.3361 11.9465 -0.0983 0.1201 40.4805 -0.9889 -0.4594 -1.8618 15.5635 7.2500 -16.2235 49.2260 -3.8403 -5.3275 -2.2687 -2.3266 6.4633 -0.0412 10.5708 -0.3365 -1.6303 -14.7886 0.3748 1.6693 -0.4717 -1.7729 -8.5858 -20.5646 -6.0914 0.0690 43.5485 0.2147 6.8818 -12.7329 -7.0098 -1.4481 -2.6225 0.9513
4.1481 98.4749 20.8367 1.3786 7.8234 -1.0357 -1.8041 0.7490 -0.2668 -0.8491 -4.7259 -0.3104 -0.8327 11.9889 -2.0590 5.8592 19.3666 1.4117 -0.5632 -3.6754 0.0158 3.0454 1.7896 -1.3321 0.0531 -0.0756 -0.0665 0.7779 -10.7419 -3.9907 -0.6628 -10.7931 3.8390 -12.4365 11.8766 -8.4460 -56.5830 8.0506 -23.1189 0.2800 0.0078 -64.4751 -3.7117 -0.6531 -0.4416 -15.4177 11.1431 16.0419 -60.2161 1.8032 2.0482 19.5939 12.9708 13.0474 58.4794 5.1994 11.2890 0.0925 0.0565 41.5720 -1.0995 0.0643 -1.4990 15.4758 7.2648 -16.2646 49.2194 -3.8315 -5.3111 -1.4367 -1.7170 6.9483 -0.0525 10.8808 -0.3676 -1.9243 -15.2078 0.3218 1.6663 -0.6007 -1.7952 -7.4344 -23.4868 -6.8917 0.0969 46.4145 0.1825 7.6975 -13.5138 -5.6977 -1.4353 -2.4549 0.9417
3.9144 98.4735 22.5273 0.5536 8.1259 -1.4298 -1.4129 0.8729 -0.3497 -0.7318 -4.6667 -0.5206 -0.4553 11.9582 -2.2378 5.7226 19.3051 1.4483 -0.4225 -3.6661 0.1171 2.9540 2.1129 -1.1197 0.0599 -0.0905 -0.0747 0.7835 -10.7523 -3.9992 -0.6536 -10.8020 3.8278 -12.0619 11.7556 -8.6779 -56.5915 7.6428 -22.9142 0.1253 -0.0378 -68.0620 -3.5461 -0.0819 -0.4827 -15.3840 11.1548 16.0539 -60.0441 1.7945 2.0011 19.6265 12.8893 12.8015 58.2748 5.1344 10.4394 0.1722 0.0443 42.8228 -0.9332 0.6806 -1.2750 15.4249 7.2829 -16.3120 49.2606 -3.8353 -5.2838 -0.3718 -1.0704 7.5278 -0.0687 10.8808 -0.4102 -2.3314 -15.1888 0.2615 1.6694 -0.9246 -1.8135 -5.8623 -26.1566 -7.9637 0.0979 46.6825 0.1594 8.5211 -13.5998 -4.2651 -1.4139 -2.4977 0.9250
3.6421 98.5731 24.3990 -0.2168 8.4883 -1.8094 -1.0376 0.9902 -0.4771 -0.6366 -4.5766 -0.7194 -0.0363 11.8571 -2.4990 5.6180 18.9436 1.4661 -0.3152 -3.6505 0.2117 2.7821 2.1356 -0.9833 0.0754 -0.1066 -0.0971 0.8090 -10.7279 -4.0141 -0.6466 -10.7740 3.7924 -11.3976 11.5549 -8.9810 -56.6691 7.2017 -22.5722 -0.0712 0.0428 -71.7530 -3.6799 0.2761 -0.2676 -15.3038 11.0762 16.0399 -60.0614 1.6894 2.0696 19.6075 12.6580 12.5587 58.0632 5.2121 9.3528 0.1624 0.0931 44.5731 -0.7340 1.2038 -1.2221 15.3978 7.3236 -16.3300 49.2891 -3.7174 -5.2927 0.7189 -0.3346 8.1742 -0.0496 10.7217 -0.4161 -2.8828 -14.5800 0.2060 1.7111 -1.4907 -1.8235 -4.1927 -28.4907 -9.1329 0.1020 44.5759 0.1660 9.1381 -13.2415 -3.3278 -1.4012 -2.7688 0.9316
3.2814 98.7398 26.3677 -0.6999 8.8848 -2.0821 -0.8502 1.1098 -0.5487 -0.5697 -4.5321 -1.0001 0.3413 11.8029 -2.7420 5.6553 18.4147 1.4092 -0.2296 -3.6507 0.2427 2.6057 2.0841 -0.8997 0.0788 -0.1070 -0.1027 0.8150 -10.7119 -4.0147 -0.6449 -10.7571 3.7813 -10.7192 11.3655 -9.5323 -56.4792 6.8789 -22.2330 0.0282 0.0067 -75.5399 -3.7762 0.9462 -0.0047 -15.2319 11.0901 16.0677 -60.0269 1.6641 2.1157 19.6768 12.4003 12.2493 57.7661 5.1452 8.0100 0.1450 0.0586 46.7343 -0.6959 1.8818 -1.1089 15.4023 7.3071 -16.2451 49.3992 -3.6600 -5.2379 1.5866 0.2918 8.8864 -0.0501 10.7881 -0.4348 -3.3743 -13.3188 -0.0303 1.7303 -2.6952 -1.8913 -2.8085 -30.2364 -10.1239 0.1205 40.2947 0.2032 9.2109 -12.4321 -3.0580 -1.4003 -3.0039 0.9251
2.8891 99.0121 28.4399 -0.9663 9.2785 -2.2341 -0.7627 1.2087 -0.6102 -0.5165 -4.4921 -1.3022 0.6379 11.7936 -3.0568 5.7961 17.8455 1.3470 -0.2161 -3.6488 0.2286 2.3791 1.9819 -0.8637 0.0751 -0.1032 -0.1089 0.8146 -10.7068 -4.0169 -0.6512 -10.7570 3.7728 -10.0386 11.2558 -10.1390 -56.0866 6.3467 -21.6292 0.1408 -0.1228 -79.2357 -3.5742 1.9899 0.1726 -15.1375 11.1209 16.1095 -60.0936 1.6716 2.1861 19.7452 12.1635 11.9004 57.5694 4.8992 6.4528 0.1614 -0.0117 49.3391 -0.7666 2.6128 -0.9862 15.3950 7.2821 -16.1274 49.4493 -3.6028 -5.1931 2.3197 0.9197 9.4941 -0.0477 10.9822 -0.4296 -3.7496 -11.6154 -0.2810 1.7601 -4.3644 -1.9756 -1.7212 -31.3659 -10.8735 0.1614 34.4230 0.2629 9.1200 -11.2709 -2.9027 -1.4083 -3.1957 0.9402
2.3971 99.2886 30.6564 -1.1226 9.6425 -2.2535 -0.6998 1.2748 -0.6485 -0.4622 -4.4712 -1.6723 0.9034 11.8314 -3.3586 5.9661 17.3421 1.3252 -0.2715 -3.6397 0.2128 2.1204 1.9366 -0.9159 0.0701 -0.0983 -0.1141 0.8176 -10.7311 -4.0238 -0.6642 -10.7846 3.7720 -9.2990 11.2246 -10.7493 -55.7254 5.5706 -20.7918 0.2437 -0.2735 -82.7504 -3.0831 3.4118 0.3745 -15.0598 11.1308 16.1274 -60.2613 1.6855 2.2858 19.6861 12.0192 11.5109 57.5683 4.5919 4.9540 0.1709 -0.0805 52.3623 -0.6910 3.2532 -0.8201 15.3602 7.2815 -16.0286 49.4792 -3.5654 -5.1772 3.0148 1.6178 10.0533 -0.0425 11.2349 -0.4590 -3.9608 -9.8190 -0.5758 1.7969 -6.3109 -2.0517 -0.8819 -32.0822 -11.2900 0.1967 28.3393 0.2923 9.2752 -10.1283 -2.5682 -1.4150 -3.3344 0.9804
1.8152 99.4005 33.0567 -1.2719 9.9060 -2.1654 -0.6034 1.2991 -0.6851 -0.3915 -4.4616 -2.0373 1.1832 11.8691 -3.6260 6.0679 16.9715 1.3508 -0.3519 -3.6308 0.1773 1.8279 1.9072 -0.9956 0.0630 -0.0937 -0.1119 0.8144 -10.7516 -4.0240 -0.6758 -10.8004 3.7793 -8.5863 11.2098 -11.2685 -55.5733 4.6749 -19.8536 0.2732 -0.3482 -85.9016 -2.3864 5.0671 0.5087 -14.9753 11.1188 16.1051 -60.3835 1.6729 2.3647 19.5402 11.9328 11.0775 57.7183 4.3705 3.6789 0.1863 -0.1208 55.5826 -0.2660 3.5381 -0.6591 15.2932 7.2939 -15.9650 49.4489 -3.5318 -5.1855 3.7395 2.4528 10.4248 -0.0229 11.5851 -0.5206 -3.9144 -8.3442 -0.7094 1.8402 -8.2417 -2.1155 -0.1331 -32.6035 -11.5703 0.2174 23.6679 0.2945 9.9650 -9.5894 -1.9984 -1.4128 -3.4422 1.0221
1.1355 99.3287 35.6388 -1.4664 10.0587 -1.9900 -0.4518 1.2919 -0.6843 -0.2861 -4.4883 -2.4265 1.4643 11.9255 -3.8785 6.0473 16.7541 1.4438 -0.4183 -3.6096 0.1623 1.5128 1.7860 -1.0520 0.0572 -0.0801 -0.1041 0.8137 -10.7605 -4.0200 -0.6876 -10.8050 3.7945 -7.9978 11.2626 -11.6549 -55.6187 3.7617 -18.8511 0.2264 -0.4009 -88.6677 -1.6577 6.8065 0.5165 -14.8610 11.1276 16.0519 -60.4124 1.6620 2.3680 19.4598 11.9194 10.6516 57.8061 4.2180 2.6940 0.2944 -0.2139 58.7122 0.2387 3.2679 -0.4900 15.2166 7.3286 -15.9590 49.3936 -3.5030 -5.2104 4.5367 3.4442 10.5185 0.0055 12.1854 -0.6203 -3.6120 -7.2721 -0.5286 1.8891 -10.1788 -2.1789 0.7251 -32.9125 -11.9493 0.2211 21.2046 0.2771 10.8072 -9.7973 -1.3424 -1.4084 -3.6251 1.0490
0.3844 99.0689 38.4803 -1.7403 10.0772 -1.6762 -0.2067 1.2030 -0.7134 -0.1759 -4.5265 -2.7525 1.7640 12.0188 -4.1018 5.9268 16.5943 1.5589 -0.4694 -3.5930 0.1333 1.2156 1.4776 -1.0752 0.0589 -0.0633 -0.1059 0.8082 -10.7364 -4.0208 -0.6792 -10.7742 3.7905 -7.6113 11.4218 -11.8630 -55.8372 2.9551 -17.9393 0.0767 -0.4590 -90.8858 -1.0814 8.3989 0.4036 -14.8020 11.1680 16.0078 -60.4165 1.6781 2.3094 19.4825 12.0086 10.2319 57.8056 4.1787 2.1190 0.3355 -0.2470 61.4937 0.7171 2.6520 -0.4340 15.1938 7.3539 -15.9633 49.3824 -3.4703 -5.2196 5.4415 4.4036 10.2591 0.0566 13.3919 -0.7310 -3.1358 -6.4535 -0.0381 1.9497 -12.3827 -2.2610 1.6817 -32.6102 -12.3361 0.2113 20.5786 0.2761 10.8139 -10.2772 -0.9914 -1.4133 -3.9188 1.0375
-0.4641 98.5411 41.6611 -2.1087 10.0136 -1.2512 0.1588 1.0262 -0.6848 -0.0679 -4.5922 -2.9888 2.0819 12.1617 -4.2900 5.7309 16.4709 1.6576 -0.5276 -3.5882 0.0707 0.9522 1.1346 -1.0593 0.0642 -0.0519 -0.1121 0.8085 -10.6979 -4.0219 -0.6685 -10.7296 3.7763 -7.5070 11.7044 -11.9337 -56.2400 2.3332 -17.0900 -0.1541 -0.5671 -92.5845 -0.7022 9.8297 0.1593 -14.8167 11.1916 15.9882 -60.3827 1.6999 2.2648 19.6403 12.1443 9.9332 57.5877 4.3334 2.0109 0.2473 -0.2661 63.6547 1.1707 1.9977 -0.4621 15.1782 7.3884 -15.9814 49.4515 -3.3914 -5.2159 6.4502 4.8836 9.6757 0.0994 15.9318 -0.8267 -2.3518 -5.7307 0.8062 2.0256 -15.0030 -2.3687 2.6159 -31.6452 -12.4803 0.2008 21.4021 0.2348 9.3449 -10.0362 -0.6326 -1.4284 -4.1464 0.9922
-1.4175 97.7681 45.1517 -2.6659 9.8579 -0.6940 0.7771 0.8943 -0.5969 -0.0353 -4.6289 -3.0130 2.4914 12.2142 -4.4727 5.4683 16.2869 1.8526 -0.5951 -3.6267 -0.2886 0.7456 0.7688 -1.1304 0.0585 -0.0884 -0.1127 0.8009 -10.6844 -3.9968 -0.6678 -10.7127 3.7530 -7.6660 11.9138 -11.7983 -56.9086 2.3369 -16.4771 -0.0966 -0.6122 -94.1054 -0.5357 10.6049 -0.1208 -14.7762 11.2104 15.8980 -60.2733 1.8332 2.2765 19.8512 12.3168 9.8751 57.1223 4.3196 2.0561 0.3863 -0.3241 64.8140 1.5347 1.3041 -0.3755 15.1482 7.4388 -15.9594 49.2767 -3.3897 -5.1060 7.6139 4.1753 9.0518 0.1067 21.0269 -0.9896 -1.0849 -4.7385 2.3218 2.1642 -18.7022 -2.4888 3.4718 -30.4158 -12.0106 0.1319 23.4466 0.0806 6.2953 -8.2722 -0.4293 -1.4279 -3.6516 0.8431
-2.3914 96.9707 48.6263 -3.1341 9.3063 -0.3394 1.2580 1.1442 -0.4042 0.1698 -4.5799 -2.9532 2.8166 12.3205 -4.3897 5.1270 16.0959 2.1303 -0.7324 -3.6462 -0.4291 0.7693 -0.0428 -1.4132 0.0464 -0.0896 -0.0834 0.7884 -10.6343 -3.9462 -0.6787 -10.6700 3.7666 -7.8185 12.0255 -11.4087 -57.9882 2.4482 -15.6899 -0.3896 -0.7741 -95.1206 -0.1958 11.3438 -0.6739 -14.7932 11.1145 15.8967 -60.2518 1.6644 2.2762 19.7857 12.6571 10.1860 56.5803 3.8057 2.7156 0.4056 -0.2852 64.8958 1.8064 0.7175 -0.2887 15.0091 7.4494 -16.0189 49.2879 -3.3376 -5.1529 8.4999 2.0132 8.2355 0.0704 29.7220 -1.1394 0.6573 -2.9944 4.7672 2.2944 -20.3359 -2.6398 3.9288 -29.6670 -10.9687 0.0733 27.5359 -0.1406 3.8852 -9.9201 -1.4358 -1.4123 -2.1854 0.8472
-3.2900 96.1475 51.9652 -3.3586 8.3913 0.1834 1.5356 1.7128 -0.2644 0.3357 -4.3807 -2.7629 3.1882 12.4336 -4.1748 4.8131 16.0262 2.2467 -0.5693 -3.6169 -0.5739 0.5855 -1.2041 -1.2581 0.0482 -0.0763 -0.0723 0.8036 -10.5940 -3.9316 -0.6908 -10.6320 3.7740 -7.7289 12.2220 -10.8789 -59.5240 2.6355 -15.1627 -0.6256 -0.8128 -95.3449 0.1913 11.7283 -1.5760 -14.7602 11.0624 15.8115 -60.2877 1.5762 2.2037 19.5927 13.0500 10.7610 55.7386 2.9316 4.1187 0.2971 -0.0962 64.0409 1.5275 0.5324 0.0428 14.9847 7.4626 -15.9528 49.3863 -3.3290 -5.0556 8.9985 -1.5675 7.3079 -0.0384 41.0180 -1.2895 2.8627 -0.7415 8.1536 2.2360 -17.0313 -2.5019 4.1409 -28.7057 -10.1241 0.0298 32.2891 -0.1862 2.6893 -13.5954 -2.4861 -1.4105 -1.4953 0.8901
-4.0621 95.3424 55.1852 -3.3981 7.6191 0.7177 1.7678 2.1962 -0.1141 0.3977 -4.2723 -2.4229 3.4520 12.5677 -3.8726 4.6290 16.1655 2.1313 -0.4788 -3.6310 -0.4752 0.4987 -2.2571 -1.1225 0.0423 -0.0817 -0.0566 0.7962 -10.6043 -3.9175 -0.6972 -10.6370 3.7939 -7.8293 12.4906 -10.2415 -60.9333 3.0537 -14.9089 -0.7430 -0.9032 -94.6141 0.5892 12.0766 -2.3493 -14.6844 11.1133 15.8099 -60.4119 1.5990 2.0897 19.5956 13.2339 11.5381 54.1660 2.1264 6.1176 0.1860 0.1264 62.6045 1.0454 0.6797 0.6306 14.9725 7.4852 -15.9239 49.4966 -3.3111 -4.9375 8.9879 -5.8159 6.1895 -0.1471 51.8961 -1.2853 4.6869 -0.5283 10.8561 2.1172 -8.8523 -2.3246 4.2491 -27.3344 -9.6556 0.0030 36.0018 -0.2015 2.0510 -17.2584 -3.2011 -1.4086 -1.1780 0.9459
-4.6719 94.6505 58.3551 -3.2799 7.1814 1.1106 2.0007 2.4555 0.0429 0.3916 -4.2130 -2.0070 3.5459 12.6400 -3.4439 4.4337 16.3291 1.9759 -0.4854 -3.6289 -0.2956 0.5616 -3.2103 -1.0557 0.0265 -0.0821 -0.0355 0.7706 -10.6102 -3.8945 -0.7068 -10.6355 3.8206 -8.3095 12.8578 -9.4543 -61.9540 3.7010 -14.7903 -0.7281 -0.9725 -92.8903 1.0731 12.2109 -2.8303 -14.6310 11.1996 15.9076 -60.4340 1.6917 2.1189 19.8084 13.1880 12.4136 51.7497 1.6310 8.8418 0.1320 0.1970 60.9998 0.6662 1.4820 1.2886 15.0697 7.4421 -15.9893 49.5071 -3.3434 -4.9708 8.5148 -10.2501 4.8709 -0.2760 60.3682 -1.1947 4.0738 -4.0134 9.9795 2.0846 -5.6021 -2.2900 4.2175 -25.7011 -9.4149 -0.0395 38.4814 -0.2099 1.8814 -20.4211 -3.6709 -1.4079 -0.9393 0.9778
-5.1333 94.1778 61.5378 -3.0554 7.1034 1.3713 2.2350 2.5662 0.2006 0.3350 -4.1677 -1.5402 3.4873 12.6289 -2.9321 4.2429 16.2966 1.8816 -0.5714 -3.6161 -0.1955 0.6339 -3.9197 -1.0693 0.0182 -0.0811 -0.0270 0.7525 -10.6044 -3.8819 -0.7085 -10.6222 3.8293 -9.0563 13.1744 -8.6378 -62.5926 4.6989 -14.5186 -0.6174 -0.9573 -90.7550 1.3716 12.0361 -2.8601 -14.5744 11.2994 16.1101 -60.3951 1.8024 2.2522 19.8969 13.0318 13.3659 49.0419 1.2782 11.7670 0.2111 0.1911 60.0024 0.5462 2.7545 1.8368 15.1906 7.3150 -16.1146 49.4630 -3.4513 -5.0598 7.6855 -15.1684 3.8045 -0.3973 65.7441 -0.9955 2.8472 -8.9400 7.8803 2.0293 -5.1063 -2.2779 4.0406 -23.8276 -9.2308 -0.0813 39.6625 -0.2193 1.9617 -22.9356 -3.9794 -1.4072 -0.7781 0.9837
-5.5277 93.9976 64.8920 -2.7644 7.2742 1.5698 2.4401 2.6299 0.3463 0.2484 -4.1265 -0.9827 3.3105 12.5329 -2.4114 4.0411 16.0447 1.8643 -0.6825 -3.6068 -0.2515 0.7170 -4.3306 -1.2437 0.0166 -0.0836 -0.0194 0.7447 -10.5946 -3.8697 -0.7063 -10.6071 3.8324 -9.8065 13.3659 -7.8114 -62.8797 6.2875 -14.0582 -0.3596 -0.8701 -89.2653 0.9687 11.3945 -2.5912 -14.5091 11.3575 16.2917 -60.3540 1.8606 2.3492 19.4168 12.8217 14.3323 46.9252 0.7793 13.9658 0.4393 0.1531 60.3349 0.4583 3.8902 2.1293 15.3152 7.1609 -16.2023 49.3808 -3.5525 -5.1835 6.5920 -20.3463 3.3258 -0.3970 67.7560 -0.6807 2.0679 -13.4248 6.1624 1.9363 -5.2510 -2.2469 3.7400 -21.5488 -9.1441 -0.1072 39.4897 -0.2136 2.1236 -24.7157 -4.2360 -1.4054 -0.7273 0.9911
-5.8655 94.1762 68.3908 -2.3118 7.5630 1.8420 2.5313 2.6875 0.4760 0.1350 -4.1017 -0.3659 2.9548 12.3320 -1.9042 3.9301 15.7402 1.8438 -0.8813 -3.6318 -0.4549 0.8772 -4.3850 -1.6594 0.0147 -0.0899 -0.0094 0.7428 -10.5998 -3.8539 -0.7101 -10.6090 3.8361 -10.3387 13.5085 -7.0074 -62.8211 8.3328 -13.4077 -0.0156 -0.7335 -88.9189 -0.2110 10.4321 -2.2217 -14.4825 11.3341 16.3771 -60.3515 1.8533 2.3436 18.4656 12.6199 15.1483 45.6629 0.1212 15.1675 0.7192 0.1216 61.9188 0.2528 4.9844 2.0985 15.4350 7.0809 -16.2947 49.3567 -3.5789 -5.2789 5.1765 -25.2369 3.4785 -0.2410 66.5305 -0.2871 1.6430 -16.5727 4.7700 1.8398 -5.4040 -2.1966 3.1854 -18.6631 -9.2054 -0.1027 37.8005 -0.1919 2.3467 -25.6126 -4.3659 -1.4072 -0.8379 1.0015
-6.1037 94.7007 71.9045 -1.6178 7.9131 2.2041 2.4664 2.7473 0.5761 -0.0129 -4.0562 0.3310 2.3923 12.0228 -1.4190 3.8776 15.4550 1.7656 -1.1133 -3.6819 -0.7924 1.1229 -4.1919 -2.2410 0.0063 -0.0951 0.0084 0.7413 -10.6164 -3.8359 -0.7279 -10.6189 3.8548 -10.5863 13.6489 -6.2566 -62.4257 10.4040 -12.5246 0.3012 -0.5152 -89.5471 -1.7441 9.3303 -1.8484 -14.4609 11.3065 16.3997 -60.3543 1.8335 2.2458 17.2904 12.4583 15.7837 45.1074 -0.4658 15.5596 0.9198 0.0973 64.4776 0.0740 6.0710 1.8957 15.6023 7.0690 -16.3560 49.4061 -3.5565 -5.3276 3.3288 -29.4252 4.3038 -0.0532 62.3219 0.0252 1.0241 -17.8019 3.0589 1.7730 -5.4815 -2.1469 2.3202 -15.1669 -9.3761 -0.0792 34.6423 -0.1389 2.6024 -25.3779 -4.4318 -1.4142 -1.1788 0.9939
-6.2395 95.5708 75.5269 -0.7983 8.3505 2.5829 2.3456 2.7519 0.6899 -0.2165 -4.0274 1.0638 1.7407 11.6438 -0.9093 3.7926 15.1844 1.6825 -1.3634 -3.6449 -1.1713 1.3761 -3.9086 -2.9123 -0.0317 -0.0876 0.0763 0.7037 -10.6389 -3.7754 -0.7682 -10.6408 3.9398 -10.7051 13.6938 -5.5681 -61.8231 12.2791 -11.3721 0.5900 -0.3567 -90.7625 -3.0451 8.4667 -1.5034 -14.5031 11.1796 16.3382 -60.3585 1.7403 2.1646 16.0219 12.3520 16.2279 45.0520 -0.7332 15.3840 1.0513 0.0986 67.6413 -0.0549 6.8614 1.6698 15.6227 7.0512 -16.3993 49.3939 -3.5318 -5.3499 1.1971 -32.6891 5.4997 0.1134 55.6423 0.2816 0.1622 -17.2341 1.4588 1.7412 -5.4423 -2.1131 1.2756 -11.3598 -9.5753 -0.0735 30.5793 -0.1106 2.8827 -23.7205 -4.4910 -1.4359 -2.1134 0.9601
-6.2644 96.5557 79.3038 -0.0714 8.7386 2.7775 2.2050 2.7301 0.7647 -0.4047 -3.9746 1.7828 1.1627 11.3462 -0.3534 3.4805 15.0355 1.7420 -1.5055 -3.6876 -1.7139 1.6250 -3.6444 -3.4839 -0.0371 -0.0902 0.0853 0.6914 -10.6664 -3.7699 -0.7684 -10.6730 3.9524 -10.6682 13.6550 -4.8642 -61.3507 13.5872 -9.8706 0.7159 -0.2114 -92.1457 -3.8005 7.4940 -1.4237 -14.5082 11.1024 16.2567 -60.2619 1.7223 2.0812 14.7912 12.2521 16.7362 45.1913 -0.6633 14.9869 1.0858 0.1143 70.8318 -0.0761 7.5625 1.3591 15.6539 7.0377 -16.4355 49.3928 -3.5229 -5.3994 -0.8699 -34.6573 6.7489 0.2082 47.2629 0.4536 -1.0938 -15.4203 0.3248 1.7290 -5.4481 -2.0751 0.2827 -7.6516 -9.8074 -0.1108 26.6689 0.0052 3.1697 -20.5044 -4.4749 -1.4383 -3.9172 0.9911
-6.1751 97.6151 83.4620 0.4841 9.0112 2.7213 2.0504 2.7033 0.8240 -0.5582 -3.9708 2.3240 0.6943 11.1156 0.3234 3.0253 15.0540 1.8076 -1.5451 -3.6783 -2.1862 1.7771 -3.3673 -3.8700 -0.0431 -0.0870 0.0970 0.6788 -10.6792 -3.7596 -0.7692 -10.6909 3.9684 -10.3782 13.6687 -4.0930 -61.3168 14.3373 -8.3033 0.7890 -0.1627 -93.4065 -4.2419 6.5305 -1.5495 -14.4900 11.0725 16.2503 -60.2139 1.6856 2.0590 13.5782 12.1982 17.2168 45.6334 -0.2879 14.6352 1.1638 0.1249 73.6727 0.0284 8.1762 1.0200 15.6184 7.0384 -16.4485 49.3838 -3.5059 -5.5276 -2.4659 -35.2318 7.5071 0.1937 37.9821 0.4790 -2.8059 -13.0215 -0.7419 1.7333 -5.4304 -2.0720 -0.6681 -4.2630 -9.8674 -0.1364 23.5930 0.0671 3.1808 -16.1246 -4.1895 -1.4467 -7.0721 1.0510
-5.9964 98.5750 88.0303 0.9474 9.1193 2.3753 1.7403 2.5470 0.9040 -0.6856 -3.9991 2.7345 0.3379 10.9387 1.0099 2.5675 15.4165 1.9020 -1.4965 -3.6345 -2.4062 1.8656 -3.3115 -4.0906 -0.0510 -0.0696 0.1049 0.6723 -10.6506 -3.7432 -0.7802 -10.6624 3.9704 -9.7566 13.9004 -3.2835 -61.6927 14.4268 -6.7925 0.5742 -0.1937 -94.1514 -4.5130 5.9106 -2.0824 -14.5110 11.1032 16.3261 -60.2445 1.7003 2.0523 12.2725 12.2148 17.5951 46.7192 0.3542 14.5652 1.1656 0.0595 76.1685 0.3315 8.7355 0.5747 15.6866 7.0897 -16.4876 49.3599 -3.4788 -5.5585 -3.5032 -34.6413 7.5305 0.0693 29.0831 0.3062 -4.4968 -10.9749 -1.4582 1.7249 -5.4153 -2.0610 -1.7222 -1.3219 -9.5785 -0.0777 21.7907 0.0862 2.2943 -10.9091 -3.4940 -1.4744 -11.8619 1.0991
-5.7800 99.2859 92.7837 1.1497 8.9814 1.8530 1.4553 2.3564 0.9432 -0.7650 -4.1472 3.0245 0.0139 10.8856 1.5758 2.1547 15.9758 2.0217 -1.4784 -3.6380 -2.4715 2.0132 -3.0239 -4.1118 -0.0579 -0.0628 0.1147 0.6673 -10.6336 -3.7320 -0.7892 -10.6545 3.9813 -8.8844 14.1283 -2.5281 -62.4449 14.4350 -5.7078 0.4187 -0.1641 -94.4083 -4.4425 5.9847 -2.5209 -14.3504 11.1481 16.4117 -60.1701 1.7135 2.0810 11.1599 12.3385 17.7720 48.3048 1.1826 14.8727 1.0623 0.1183 78.2709 0.9056 8.4024 0.1340 15.5864 7.1884 -16.5690 49.4553 -3.4731 -5.6621 -3.7171 -33.1206 6.7314 -0.0183 21.9163 0.1272 -6.4578 -9.7079 -2.0827 1.7021 -5.1399 -2.0865 -2.5165 0.9923 -9.0370 -0.0544 21.8722 0.1111 1.2814 -6.3829 -3.1971 -1.5048 -15.7278 1.1655
-5.5369 99.5456 97.5178 1.1735 8.5414 1.3580 1.1653 2.1124 0.9465 -0.7975 -4.3199 3.1566 -0.2446 10.8836 1.8442 1.7609 16.6880 2.2301 -1.3835 -3.6553 -2.3578 2.1063 -2.6810 -3.8726 -0.0550 -0.0595 0.1052 0.6713 -10.5960 -3.7400 -0.7861 -10.6185 3.9668 -8.1641 14.4742 -2.0039 -63.1424 14.3156 -4.8229 0.2819 -0.1006 -94.3265 -4.2244 6.8654 -2.9566 -14.2439 11.2640 16.5385 -60.1437 1.7996 2.1286 10.5957 12.6386 17.7832 49.9501 2.1860 15.6175 0.7119 0.1561 80.1596 1.8640 7.5328 -0.1573 15.5003 7.2828 -16.6427 49.5895 -3.4831 -5.7251 -3.5653 -30.8617 5.6175 -0.0416 17.4076 -0.0407 -8.4991 -9.0314 -2.5544 1.6473 -5.0037 -2.1647 -3.0891 2.4070 -8.0789 -0.0376 24.4732 0.1706 0.4155 -2.6866 -2.9848 -1.5381 -18.2139 1.2112
-5.2294 99.1662 102.2384 1.4111 7.8790 1.0638 0.6252 1.8106 0.9288 -0.8305 -4.4509 3.1124 -0.4192 10.9645 1.7019 1.3774 17.2096 2.4879 -1.3069 -3.6306 -2.1294 2.2451 -2.1217 -3.5163 -0.0474 -0.0516 0.0842 0.6812 -10.5749 -3.7673 -0.7784 -10.5957 3.9470 -8.2357 14.6395 -1.9332 -63.1666 14.2041 -4.0299 0.1842 -0.1652 -94.0532 -3.9015 8.1911 -3.3004 -14.1755 11.3951 16.7127 -60.0625 1.9167 2.2966 11.0019 12.9084 17.5610 50.9685 3.2763 16.5392 0.3581 0.1766 81.6356 3.0192 6.6805 0.0210 15.4545 7.3026 -16.6509 49.7296 -3.4871 -5.8566 -3.8192 -28.4373 4.6966 0.0021 16.4938 -0.0965 -8.9904 -7.5966 -3.0619 1.6437 -4.8136 -2.2323 -3.9145 2.6933 -6.9641 -0.0174 29.7693 0.3581 0.6115 0.0915 -2.2149 -1.5997 -19.4856 1.2912
-4.8492 98.2465 106.7736 2.2904 7.0786 1.2208 -0.4225 1.7001 0.7811 -0.9415 -4.5898 2.7282 -0.5784 11.0948 1.2722 0.9908 17.3431 2.9460 -0.9717 -3.5213 -2.0663 2.2408 -1.6882 -3.0862 -0.0170 -0.0640 0.0404 0.6997 -10.5801 -3.8167 -0.7355 -10.6096 3.9001 -9.3740 14.4001 -2.5362 -62.2127 14.0069 -3.7579 0.4326 -0.2654 -93.3581 -3.1855 9.1898 -3.6458 -14.2946 11.4599 16.7146 -60.0373 2.0310 2.2282 12.6370 12.9867 17.1706 50.9253 4.1233 16.8998 0.4280 0.2862 82.6692 3.9383 5.4198 0.4057 15.4624 7.2901 -16.5413 49.6076 -3.4035 -5.8157 -5.0361 -27.1401 3.9240 -0.0492 20.3922 -0.0118 -3.9581 -4.2880 -2.8453 1.6919 -3.2410 -2.0909 -5.5393 1.5071 -6.2061 -0.0110 37.9996 0.6984 2.1772 2.5556 -0.5957 -1.5772 -19.0561 1.2625
-4.5628 96.7273 111.1034 3.3684 5.8601 1.6025 -1.1896 2.0263 0.5546 -1.0856 -4.4981 2.3402 -1.3205 11.3461 0.6051 0.8588 17.2353 3.1351 -0.9702 -3.6118 -1.7325 2.3797 -2.6306 -3.0995 -0.0181 -0.0597 0.0683 0.6996 -10.5842 -3.8012 -0.7411 -10.6350 3.9410 -10.1197 13.8109 -3.5945 -61.1438 13.2147 -4.9090 0.7108 -0.3457 -92.0715 -2.2611 10.1131 -3.8921 -14.3119 11.2287 16.5496 -60.0488 1.8789 2.3960 14.1892 13.2263 16.4052 51.4702 3.6937 16.6699 0.7379 0.3055 82.8282 3.5279 4.9157 1.0009 15.4410 7.2473 -16.4418 49.5878 -3.5226 -5.7453 -6.5375 -27.2348 3.9664 0.0090 28.9417 0.1089 0.0351 -8.3363 -2.7401 1.6517 -1.4078 -2.0130 -7.3251 -0.7391 -4.5770 0.1199 48.7120 0.9297 4.6868 4.3642 1.3957 -1.5211 -12.9979 1.1810
-4.3430 95.2454 115.3179 4.0413 4.8449 1.6490 -1.6561 2.5586 0.3214 -1.2451 -4.3466 2.0144 -1.9657 11.4986 -0.0593 0.7587 16.6903 3.2779 -1.0043 -3.6923 -1.5269 2.6151 -4.0896 -3.0123 -0.0353 -0.0424 0.1128 0.7000 -10.5611 -3.7513 -0.7789 -10.6129 3.9886 -10.4283 13.5701 -4.5783 -60.3281 10.8776 -7.4780 0.8167 -0.3196 -89.9924 -1.3026 11.0759 -4.0920 -14.3344 11.2839 16.4523 -60.0989 1.8406 2.2483 14.8362 13.7170 15.4933 53.2310 2.2667 16.1075 1.0889 0.1838 81.8900 1.7737 4.7041 1.5405 15.4277 7.2692 -16.2723 49.6752 -3.4508 -5.5200 -7.5864 -26.6206 5.1213 0.0651 35.9723 0.2024 1.9498 -13.5050 -3.4164 1.6335 -0.6083 -1.9403 -8.3322 -4.2832 -2.6012 0.2991 59.7533 1.0813 5.5580 3.3633 1.4293 -1.4551 -6.3650 1.0979
-4.2057 94.1928 119.1404 4.2798 4.5340 1.1733 -2.0181 2.8460 0.1587 -1.3481 -4.2239 1.6365 -2.4105 11.5843 -0.6422 0.7217 15.8291 3.3278 -0.9916 -3.7270 -1.1807 2.8488 -5.0214 -2.8182 -0.0388 -0.0233 0.1234 0.6928 -10.5483 -3.7358 -0.7806 -10.5978 3.9976 -10.7371 13.3563 -5.6389 -59.4048 7.7050 -10.2584 0.7723 -0.2607 -88.3063 -0.4960 12.7315 -4.1314 -14.3789 11.4165 16.3404 -60.1131 1.8312 2.0919 15.2770 14.1656 14.7908 54.9957 1.0048 15.4798 1.3069 -0.0112 80.5600 -0.0815 4.7456 2.0325 15.3717 7.3386 -16.1539 49.7884 -3.3584 -5.2860 -7.8988 -25.2448 6.4635 0.0575 40.0363 0.1992 2.8800 -17.8408 -4.1407 1.6246 -0.0463 -1.8874 -8.7402 -9.5811 -0.9839 0.5478 69.0763 1.0774 4.1159 -0.8069 -0.6425 -1.4880 -4.2781 1.1051
-4.1100 93.7395 123.1277 4.3070 4.6764 0.5770 -2.3949 2.9468 -0.0435 -1.3635 -4.0972 1.1356 -2.7686 11.5391 -1.2527 0.8808 14.9736 3.2711 -0.9265 -3.7052 -0.7301 2.9843 -5.1967 -2.5246 -0.0292 -0.0208 0.0937 0.6963 -10.5447 -3.7617 -0.7647 -10.5934 3.9618 -10.6408 13.0570 -6.8783 -58.4087 4.4651 -12.4893 0.4633 -0.2263 -88.0809 -0.1710 14.2882 -3.9159 -14.4308 11.4216 16.1934 -60.1138 1.8374 2.0590 15.8524 14.4058 14.0931 55.9701 0.9001 15.2777 1.1377 -0.1524 80.0419 -0.4043 5.0981 2.1960 15.2897 7.3357 -16.0656 49.7812 -3.3712 -5.1452 -7.7638 -23.0422 6.9765 0.0272 41.2520 0.1501 3.1117 -20.9124 -4.1765 1.6260 0.2944 -1.8855 -8.8713 -16.0031 -0.3433 0.8638 74.9033 1.1622 2.5160 -5.3462 -2.2660 -1.5067 -3.8681 1.1079
-4.0668 93.8916 127.2217 3.9567 4.9454 0.2372 -2.6734 3.0147 -0.3123 -1.2761 -4.0123 0.5176 -2.8830 11.3877 -2.0025 1.2462 14.3968 3.1126 -0.8018 -3.6326 -0.3443 2.9915 -4.8931 -2.1193 -0.0163 -0.0278 0.0519 0.7147 -10.5557 -3.8037 -0.7562 -10.6080 3.9172 -9.6816 12.6947 -8.1395 -57.7739 1.6546 -14.0537 0.0272 -0.1907 -89.6265 -0.3411 14.8626 -3.5079 -14.5014 11.3105 16.0325 -60.2554 1.8395 2.0565 16.4998 14.4242 13.2254 56.1975 1.9133 15.1725 0.7594 -0.1830 80.6231 0.6979 5.5310 2.0085 15.1865 7.3108 -16.0089 49.7515 -3.4544 -5.0842 -7.0502 -19.9428 6.5478 -0.0486 40.0532 0.0101 2.8749 -22.6905 -3.8678 1.6361 0.3079 -1.9166 -8.1308 -22.3047 -0.9396 0.9592 76.3599 1.0841 1.8387 -8.8511 -3.0801 -1.4519 -3.6372 1.0482
-4.1068 94.5778 131.4006 3.1204 5.3103 0.2043 -2.7201 3.0339 -0.7016 -1.1390 -3.9404 -0.1000 -2.6406 11.2073 -2.7947 1.7305 13.9725 2.8129 -0.6668 -3.5519 0.0579 2.9511 -4.4247 -1.7184 0.0074 -0.0413 -0.0136 0.7469 -10.5685 -3.8746 -0.7386 -10.6200 3.8468 -8.1211 12.1906 -9.2950 -57.6200 -0.5619 -14.7386 -0.4434 -0.0388 -92.4977 -0.7984 13.8451 -3.0977 -14.5722 11.1129 15.9049 -60.3486 1.7472 2.1612 17.1495 14.2537 12.2055 56.0139 3.3016 14.5642 0.5116 -0.3022 81.7673 1.7097 5.4377 1.7375 15.0684 7.3534 -16.0787 49.6663 -3.4867 -5.1708 -5.7298 -16.0940 5.8150 -0.0642 36.8226 -0.1060 2.4147 -22.9676 -3.6466 1.6925 -0.0505 -1.9203 -6.1258 -27.5087 -2.6629 0.3485 73.5317 0.2025 1.5884 -10.9912 -3.8136 -1.3934 -3.4297 0.9644
-4.2282 95.7499 135.5173 2.0257 5.8482 0.2642 -2.6029 3.0084 -0.9946 -0.9963 -3.9252 -0.7703 -2.1066 11.0308 -3.3871 2.2292 13.6634 2.4362 -0.4805 -3.5737 0.3749 2.9018 -3.8227 -1.2144 0.0393 -0.0554 -0.0947 0.7735 -10.5851 -3.9566 -0.6983 -10.6391 3.7545 -6.5778 11.6499 -10.4655 -57.4827 -2.1336 -14.8126 -0.7990 -0.0695 -95.7362 -1.0432 11.8794 -2.9102 -14.7323 10.9914 15.8046 -60.2913 1.6475 2.2161 17.7015 13.8946 11.1173 55.7745 4.5438 13.2369 0.4800 -0.5755 82.8948 1.9715 5.1035 1.6977 14.9835 7.4316 -16.1155 49.5256 -3.3977 -5.1657 -4.0586 -11.8814 5.3823 -0.0571 32.3404 -0.2155 1.7863 -21.3174 -3.8476 1.7207 -1.1753 -1.9505 -3.1508 -31.0605 -5.0951 -0.1973 66.5815 -0.5162 1.6996 -11.6777 -4.5496 -1.3532 -3.3544 0.8802
-4.4140 97.2397 139.8927 0.9651 6.6206 0.2164 -2.3821 2.8583 -1.1069 -0.8736 -3.9647 -1.3838 -1.5205 10.8880 -3.8792 2.7176 13.3887 2.1317 -0.3553 -3.6081 0.6889 2.8492 -3.2423 -0.7146 0.0603 -0.0644 -0.1544 0.7847 -10.6117 -4.0149 -0.6645 -10.6654 3.6857 -5.2091 11.2342 -11.3848 -57.3142 -3.1658 -14.5778 -1.0577 -0.1334 -98.5519 -0.9866 9.8079 -3.0443 -14.8955 10.8998 15.7541 -60.1858 1.5774 2.2953 18.0266 13.5444 10.2574 55.5713 5.4866 11.5519 0.7166 -0.8968 84.0471 1.6584 4.6711 1.7967 14.9154 7.4869 -16.1018 49.4369 -3.2807 -5.1799 -2.4547 -7.9553 5.3940 -0.0220 27.7664 -0.2490 1.1131 -17.6219 -4.3355 1.7636 -3.6045 -2.0335 0.0161 -32.9544 -7.3997 -0.3629 56.3241 -0.6899 2.3127 -11.2443 -4.9653 -1.3713 -3.5400 0.8675
-4.6037 98.8110 144.6007 0.0961 7.5268 0.0448 -2.0562 2.5863 -1.0659 -0.8099 -3.9839 -1.8795 -0.9556 10.6982 -4.1970 3.1048 13.0316 2.0312 -0.2671 -3.5649 0.7011 2.6996 -2.7119 -0.2972 0.0554 -0.0632 -0.1679 0.7899 -10.6151 -4.0264 -0.6742 -10.6665 3.6717 -4.1167 11.0568 -12.1311 -57.0984 -3.4008 -14.6654 -0.7713 -0.1504 -100.6539 -0.8013 8.1565 -3.0249 -15.0150 10.9290 15.8066 -60.1040 1.6253 2.3752 17.8626 13.2920 9.4906 55.6776 6.3482 10.1263 0.9234 -1.0200 85.2765 1.4765 4.2535 2.0531 14.8416 7.5046 -15.9521 49.4852 -3.2200 -5.1173 -1.0697 -4.8447 5.8511 0.0319 24.3986 -0.1871 0.4900 -12.1029 -5.4532 1.8734 -8.0273 -2.1908 2.7823 -33.1587 -9.0650 -0.2526 43.2511 -0.4391 3.3581 -9.9800 -5.2577 -1.4227 -3.9919 0.9521
-4.8214 100.1055 149.5211 -0.7682 8.4143 -0.0540 -1.4635 2.2181 -0.9651 -0.5953 -4.1363 -2.3636 -0.4748 10.5739 -4.2678 3.1785 12.8206 2.1210 -0.3118 -3.5123 0.7649 2.5331 -2.1971 -0.2271 0.0319 -0.0630 -0.1369 0.7851 -10.6270 -4.0013 -0.7158 -10.6781 3.7180 -3.1621 11.0708 -12.5964 -57.0913 -3.0654 -14.9149 -0.5856 -0.2039 -101.8770 -0.6899 7.3057 -2.9447 -15.0010 10.9283 15.7791 -60.0911 1.6669 2.4022 17.0109 13.1025 8.9650 56.4279 7.4155 9.2518 0.8189 -1.1476 86.3156 1.6088 3.9957 2.7501 14.7895 7.4306 -15.8367 49.4572 -3.2436 -5.0663 0.3091 -3.0487 6.4988 -0.0127 23.3799 -0.1695 0.0778 -6.3232 -6.2457 2.0130 -13.1263 -2.3739 4.8942 -31.7440 -9.8744 -0.0555 28.4745 -0.2046 4.7949 -8.3664 -5.0260 -1.4462 -4.0707 1.0369
-4.9616 100.8987 154.5217 -1.3962 8.9179 -0.1605 -0.7971 1.8557 -0.8059 -0.3469 -4.3630 -2.7036 -0.0035 10.5478 -4.2221 2.8511 12.9153 2.4958 -0.2737 -3.4855 0.5132 2.2649 -1.5869 -0.2341 0.0091 -0.0711 -0.0886 0.7737 -10.6381 -3.9540 -0.7512 -10.6846 3.7786 -2.4323 11.1659 -12.7159 -57.3872 -1.8620 -15.6955 -0.2966 -0.1987 -102.3684 -0.8113 6.7988 -2.6501 -14.8392 10.9379 15.7192 -59.9440 1.7173 2.4059 15.7669 13.1793 8.6058 57.2451 8.3772 8.9556 0.6938 -1.0907 86.9984 1.8893 3.6070 3.3349 14.7215 7.3940 -15.9167 49.4176 -3.3091 -5.0711 1.3387 -2.1433 7.0692 -0.0484 24.8778 -0.1752 0.1100 -0.6832 -6.1754 2.1625 -17.8954 -2.4681 5.9720 -29.4228 -9.3915 0.0368 15.3754 -0.1338 6.6662 -7.8750 -4.3361 -1.4007 -4.1958 1.1056
-5.0222 101.0402 159.7108 -1.4416 8.6097 -0.3850 -0.3214 1.6469 -0.6115 -0.1628 -4.5309 -2.8785 0.2869 10.5967 -4.1775 2.3193 13.4944 2.9119 -0.2280 -3.4750 0.3121 1.9352 -0.8408 -0.1139 -0.0044 -0.0684 -0.0420 0.7638 -10.6330 -3.9109 -0.7688 -10.6694 3.8343 -2.1165 11.3760 -12.4474 -57.9022 0.2346 -16.6445 -0.0023 -0.2355 -102.5300 -1.2787 6.0791 -2.2310 -14.6033 10.9589 15.6698 -59.7976 1.7502 2.3285 14.7261 13.5963 8.5834 57.4930 9.1520 9.1966 0.5779 -0.9102 87.3148 2.1494 2.9213 3.5291 14.7228 7.3907 -16.0243 49.3363 -3.2973 -5.1430 1.6612 -1.6185 7.2421 -0.0588 29.0735 -0.2385 -0.2367 4.8463 -5.4686 2.2704 -20.9434 -2.4859 5.9721 -26.9166 -8.1558 0.0106 8.0777 -0.1701 8.2702 -8.3277 -3.4376 -1.3534 -4.4954 1.0924
-4.9627 100.4197 164.8276 -1.1251 7.5695 -0.5911 0.0951 1.6617 -0.3949 -0.0300 -4.5305 -2.9419 0.3729 10.7381 -3.9913 1.7147 14.2491 3.0033 -0.3742 -3.4755 0.5159 1.8452 0.0076 -0.1193 -0.0258 -0.0375 0.0235 0.7533 -10.5999 -3.8482 -0.8005 -10.6222 3.9073 -2.5313 11.7073 -12.0768 -58.1037 2.7817 -17.2043 -0.1218 -0.4109 -102.5687 -2.2103 4.3928 -1.9056 -14.5228 10.9036 15.6442 -59.5896 1.8008 2.3119 14.3456 14.1048 8.8187 56.8318 9.7869 9.6799 0.3936 -0.7014 87.5131 2.2800 2.1929 3.2167 14.7182 7.4535 -16.1077 49.5023 -3.1511 -5.2692 1.7016 -1.9057 7.1362 -0.0491 36.5598 -0.3019 -1.7261 9.7579 -4.9927 2.1908 -19.8349 -2.3368 5.5027 -24.7343 -7.4090 0.0205 8.4194 -0.2365 8.1741 -8.4908 -2.3568 -1.3342 -5.0008 1.1589
-4.9730 99.0925 169.8619 -1.6588 6.3416 -0.9328 1.2534 1.8645 -0.1207 0.0315 -4.4929 -2.6404 0.5658 11.0169 -3.7451 1.3009 14.7770 2.9139 -0.5383 -3.4268 0.7363 1.8211 0.7829 -0.3957 -0.0375 -0.0463 0.0598 0.7382 -10.6228 -3.8059 -0.8063 -10.6184 3.9379 -4.3826 11.7938 -11.7404 -57.3300 6.0270 -17.7106 0.1738 -0.6701 -102.3462 -3.6088 2.4237 -1.6989 -14.6006 11.0170 15.8894 -59.5335 1.7638 2.5247 15.4161 14.1055 9.5776 54.7561 10.4561 9.6742 0.1509 -0.5744 87.4629 2.2207 2.0504 3.0047 14.7332 7.4822 -16.1961 49.6300 -3.1610 -5.4344 3.0115 -3.7958 7.7013 -0.0442 46.7239 -0.3660 -4.2265 12.4788 -5.2753 1.8563 -13.0757 -2.0386 5.9233 -23.8527 -6.9727 0.0921 14.4599 -0.4318 3.8741 -3.9646 -0.2724 -1.4114 -3.9108 1.0970
-5.1736 97.3621 174.6903 -2.7127 4.7498 -1.3586 2.1777 2.5768 0.1569 0.3190 -4.3047 -2.1849 1.3818 11.5704 -3.4901 0.7101 15.0827 3.0604 -0.5610 -3.5082 0.3691 1.6272 -0.3142 -0.4945 -0.0147 -0.0831 0.0126 0.7527 -10.6386 -3.8482 -0.7751 -10.6499 3.8794 -6.2013 11.8580 -10.6956 -57.4485 8.1814 -17.8204 0.4787 -0.5137 -100.9407 -4.7828 1.9904 -2.1399 -14.4883 11.0005 15.9471 -59.6118 1.6202 2.5564 16.5708 14.2154 10.7982 52.2568 9.8738 9.3997 0.3984 -0.4771 86.6778 1.3581 1.2282 2.8495 14.8213 7.4545 -16.1645 49.6850 -3.1844 -5.3369 5.0210 -6.4276 8.3122 -0.0398 57.6195 -0.3998 -4.6899 9.2700 -4.3781 1.7725 -6.2614 -1.9986 6.9959 -24.9116 -6.5234 -0.0632 25.4218 -0.3539 -0.8360 -6.3579 -0.4232 -1.4156 -1.4411 1.0311
-5.3751 96.1150 179.3125 -3.2838 3.7616 -1.1838 2.6046 2.8612 0.1914 0.4628 -4.1689 -1.7913 2.0407 12.3232 -3.3147 0.6206 15.3918 2.7985 -0.5894 -3.5487 0.2725 1.4533 -1.1854 -0.5781 -0.0183 -0.0955 0.0030 0.7285 -10.6170 -3.8483 -0.7609 -10.6280 3.8626 -7.3100 12.7064 -9.2907 -59.0368 7.9816 -16.6996 -0.0159 -0.3452 -97.7520 -4.3344 4.7820 -2.4928 -14.3984 11.1426 15.9681 -59.9943 1.6243 2.4691 17.9917 14.6435 11.6222 50.0453 8.0051 10.5013 0.7171 -0.5408 83.9819 -0.2445 1.3057 3.0361 15.1612 7.4575 -16.0874 49.8489 -3.1910 -5.2328 6.2906 -10.1325 8.1428 -0.1141 65.7255 -0.4953 -3.8174 3.3280 -3.1025 1.8134 -4.3834 -2.0437 7.5529 -24.2659 -7.2319 -0.1217 32.7886 -0.2854 -2.2028 -11.5630 -0.3928 -1.4094 -0.3799 1.0246
-5.5021 95.5109 183.9339 -3.0564 3.5144 -0.6788 2.7157 2.8864 0.1767 0.3246 -4.1110 -1.3775 2.1141 12.6631 -3.0436 1.0899 15.7007 2.6246 -0.6900 -3.5650 -0.0153 1.3452 -1.0327 -0.8975 -0.0037 -0.1007 -0.0303 0.7178 -10.6170 -3.8830 -0.7238 -10.6283 3.8268 -7.5930 13.5392 -8.1019 -61.8461 7.7680 -14.7279 -0.3404 -0.3516 -94.7653 -2.7164 8.6414 -1.5847 -14.3119 11.2579 15.9640 -60.0675 1.7824 2.3803 18.7877 14.8730 12.3033 49.3446 6.0335 12.2113 0.9497 -0.5017 81.4275 -1.0026 3.5052 2.7278 15.3712 7.3400 -15.9754 49.7866 -3.2299 -5.1291 6.3309 -14.9537 7.8236 -0.2873 70.0677 -0.5717 -2.7380 -2.9267 -2.1086 1.8516 -4.3384 -2.1040 7.0092 -22.3559 -8.1379 -0.0762 36.1499 -0.2642 -2.6379 -15.7106 0.2742 -1.4109 0.1162 1.0156
-5.5835 95.3396 188.4982 -2.6357 3.7181 -0.4671 2.8574 3.0022 0.3191 0.1727 -4.1437 -0.8436 1.8852 12.5674 -2.5449 1.4048 15.6554 2.6001 -0.8285 -3.5436 -0.4264 1.2779 -0.9507 -1.2848 -0.0013 -0.1003 -0.0250 0.7232 -10.6446 -3.8841 -0.7273 -10.6558 3.8372 -7.6674 14.0238 -6.9477 -64.1143 9.1472 -12.8124 -0.2561 -0.2015 -94.4383 -2.1550 9.4658 -0.5979 -14.2281 11.2634 15.9926 -59.9489 1.8849 2.3346 17.6793 14.6923 12.8651 50.5616 5.0026 14.1679 0.9428 -0.3353 81.2719 -0.4493 4.9005 2.2685 15.4253 7.2433 -15.9548 49.6334 -3.2723 -5.1433 5.6538 -20.3702 8.4000 -0.3542 70.5394 -0.4397 -2.0104 -8.1202 -1.3366 1.7988 -4.4873 -2.0787 6.1831 -19.7878 -8.0629 -0.0684 36.8858 -0.2525 -2.6561 -18.7538 0.4930 -1.4147 0.1454 1.0306
-5.6179 95.6986 192.9575 -2.1567 4.0819 -0.4393 3.0096 3.1087 0.5669 0.0636 -4.1755 -0.1738 1.4856 12.3148 -1.9166 1.4356 15.2785 2.5958 -1.0040 -3.5409 -0.9535 1.2845 -0.8206 -1.8041 -0.0086 -0.0981 -0.0030 0.7331 -10.6432 -3.8627 -0.7548 -10.6534 3.8608 -8.3621 14.2758 -5.9371 -64.6227 11.5393 -11.1084 -0.0219 -0.0434 -96.1567 -3.0130 7.7887 -0.5920 -14.2635 11.1919 16.0461 -60.0824 1.8729 2.2746 16.0239 14.3475 13.4457 51.8080 4.8979 16.0519 0.7553 -0.1925 82.9745 0.6750 4.6155 2.1465 15.4477 7.3291 -16.0415 49.6938 -3.2741 -5.1505 4.3326 -25.1959 9.9565 -0.2023 66.5225 -0.1523 -2.0818 -11.6350 -1.5681 1.7323 -4.7493 -1.9973 5.2610 -16.1508 -6.9838 -0.0680 34.7565 -0.2599 -2.3520 -20.1702 0.0336 -1.4262 -0.2712 1.0366
-5.5967 96.6376 197.4818 -1.6227 4.3930 -0.3832 3.1197 3.1231 0.7466 -0.0775 -4.1625 0.6668 1.0766 12.0005 -1.3220 1.3467 14.9448 2.5505 -1.2375 -3.5170 -1.3443 1.2355 -0.6035 -2.4804 -0.0480 -0.0888 0.0755 0.6965 -10.6451 -3.7819 -0.7991 -10.6501 3.9463 -9.4118 14.2654 -5.1338 -64.0868 13.8866 -9.6404 0.2441 -0.0399 -97.8629 -3.9236 5.9586 -1.1853 -14.4452 11.0396 16.0500 -60.2518 1.7290 2.2032 14.7446 14.1430 14.0912 52.2478 5.0873 17.4071 0.6441 -0.2015 85.4104 1.4042 3.5349 2.3582 15.3956 7.4003 -16.0271 49.8645 -3.1959 -5.0459 2.4619 -28.5752 11.8230 0.0381 58.5489 0.1882 -2.6542 -12.5517 -2.1374 1.7245 -5.0153 -1.9611 4.3350 -11.5133 -5.4418 -0.0771 30.5207 -0.2587 -1.9744 -19.5933 -0.8504 -1.4501 -1.2664 1.0199
-5.4506 97.8343 202.0813 -0.9585 4.6019 -0.3186 3.1088 3.0161 0.8415 -0.2196 -4.1192 1.5037 0.7148 11.7552 -0.7173 1.0183 14.7969 2.6087 -1.4222 -3.5576 -1.8856 1.1491 -0.3119 -3.1094 -0.0711 -0.1058 0.1304 0.6594 -10.6741 -3.7199 -0.8102 -10.6764 4.0009 -10.2632 14.2588 -4.4486 -63.6447 15.4223 -8.4078 0.5468 -0.0092 -98.6649 -4.0020 4.9175 -1.8293 -14.5528 10.9209 15.9901 -60.1731 1.6654 2.1364 13.6569 13.9815 14.7087 52.3376 5.2425 18.2763 0.5053 -0.1292 87.7967 1.5592 2.9264 2.5505 15.3038 7.4056 -15.9777 50.0041 -3.1677 -5.0242 0.1840 -30.1920 13.4207 0.1867 47.6854 0.4456 -3.3256 -11.3371 -1.7470 1.7367 -5.1594 -1.9511 3.3340 -6.3635 -4.1088 -0.1147 25.4183 -0.1456 -1.5804 -16.8142 -1.5319 -1.4525 -3.0890 1.0513
-5.2130 99.0460 206.8193 -0.1724 4.6964 -0.3208 2.9605 2.8437 0.8757 -0.3633 -4.1243 2.0997 0.3648 11.5269 -0.0429 0.6202 14.9404 2.6593 -1.5477 -3.5434 -2.3882 0.9348 -0.0467 -3.4913 -0.0814 -0.1099 0.1664 0.6397 -10.6897 -3.6836 -0.8132 -10.6896 4.0411 -10.5191 14.4016 -3.7683 -63.9484 16.1683 -7.3867 0.8166 -0.0562 -98.5584 -3.4438 4.7391 -2.3129 -14.5379 10.8345 15.9713 -59.9904 1.6272 2.1632 12.2398 13.7680 15.0828 52.8575 5.2287 18.9073 0.5034 -0.0578 89.8282 1.3883 3.0121 2.4494 15.1857 7.3547 -15.9591 50.0437 -3.1796 -5.1502 -1.9510 -29.9832 14.1165 0.2040 35.1283 0.5655 -3.5380 -9.2057 -0.9280 1.7730 -4.9756 -1.9428 2.2081 -1.3511 -3.1354 -0.1775 20.9143 -0.1120 -1.5778 -12.5493 -1.7526 -1.4582 -6.2516 1.1240
-4.9487 100.0172 211.9788 0.6799 4.7875 -0.5692 2.5889 2.4627 0.9133 -0.4974 -4.2022 2.4741 0.0148 11.2362 0.6171 0.3871 15.5068 2.6624 -1.6309 -3.5221 -2.6142 0.6101 -0.0998 -3.6093 -0.0817 -0.0911 0.1723 0.6538 -10.6511 -3.6754 -0.8292 -10.6452 4.0451 -10.0608 14.7998 -3.0865 -65.0700 16.0952 -6.1454 0.4712 -0.2145 -97.8926 -2.5700 5.4624 -2.7022 -14.5591 10.9055 16.0992 -59.7909 1.6284 2.1844 10.3941 13.4830 15.2420 54.2122 5.1894 19.7191 0.3781 -0.0954 91.4972 1.1656 3.7497 1.8073 15.2283 7.3862 -16.0574 50.0611 -3.2021 -5.1859 -3.4633 -28.7401 13.5556 0.0562 23.1711 0.4110 -3.4601 -8.1134 -0.3374 1.7890 -4.8258 -1.9399 0.9090 2.7786 -2.4708 -0.1529 18.2790 -0.1672 -2.4301 -7.8002 -1.3863 -1.4822 -10.7176 1.1631
-4.6762 100.6234 217.4149 1.4338 4.8078 -1.0120 2.0987 2.0361 0.9020 -0.6064 -4.4227 2.7326 -0.3976 11.0246 1.0528 0.4656 16.1841 2.6706 -1.6897 -3.5553 -2.7125 0.4018 -0.0552 -3.6344 -0.0691 -0.0827 0.1534 0.6778 -10.6330 -3.7024 -0.8278 -10.6410 4.0301 -9.3587 15.2066 -2.5335 -66.5669 15.9351 -5.2019 0.2499 -0.2288 -97.1888 -1.8873 6.4774 -2.5696 -14.3637 10.9593 16.1998 -59.6403 1.6864 2.2022 9.0464 13.3842 15.2811 55.4157 5.1463 20.7142 0.1955 -0.1464 92.7264 1.0960 4.1844 1.0040 15.1315 7.4402 -16.1618 50.1603 -3.1649 -5.2630 -4.1082 -27.1065 12.0451 -0.0406 14.2755 0.1775 -4.1142 -7.6246 -0.6798 1.7674 -4.7505 -2.0287 -0.2709 5.5491 -2.0647 -0.1385 18.3794 -0.1940 -3.1803 -4.2282 -1.2120 -1.4975 -14.5449 1.1978
-4.5352 100.7528 222.9301 2.1667 4.6669 -1.3528 1.4231 1.6658 0.8241 -0.7126 -4.6360 2.8327 -0.8614 10.8623 1.1584 0.7767 16.7966 2.6729 -1.6411 -3.5789 -2.6680 0.3366 -0.0450 -3.5129 -0.0520 -0.0823 0.1172 0.6943 -10.6012 -3.7378 -0.8078 -10.6168 3.9837 -8.9710 15.6133 -2.3444 -67.6632 15.7317 -4.5336 0.2092 -0.1630 -96.8194 -1.4273 7.1776 -2.4058 -14.2315 11.0674 16.3568 -59.7329 1.7793 2.2865 8.5810 13.3427 15.2022 56.0992 5.0964 21.5586 0.2622 -0.1931 93.7494 1.1143 4.4864 0.4700 15.0928 7.5029 -16.2850 50.2851 -3.1536 -5.3566 -4.3476 -25.2841 10.0056 -0.0270 9.6081 -0.0253 -5.1405 -7.5976 -1.2054 1.7020 -4.7500 -2.1590 -1.4061 6.5716 -1.9592 -0.1381 22.0785 -0.1411 -3.4461 -1.3519 -0.9549 -1.5402 -17.9613 1.2626
-4.4066 100.2345 228.3884 2.8731 4.2377 -1.3845 0.5846 1.4425 0.7174 -0.8541 -4.7304 2.7910 -1.3051 10.8417 0.8345 1.2341 17.0902 2.5884 -1.5960 -3.5651 -2.4607 0.5140 -0.0571 -3.3011 -0.0486 -0.0805 0.1094 0.7017 -10.5780 -3.7480 -0.8052 -10.5996 3.9725 -8.9411 15.8021 -2.6284 -68.0795 15.4872 -4.3853 0.3378 -0.2553 -96.7148 -1.1163 7.4377 -2.2619 -14.1363 11.1577 16.5608 -59.7413 1.8364 2.5202 8.9663 13.2502 14.9100 56.2817 5.1076 22.1611 0.4214 -0.1551 94.5226 0.9666 4.9028 0.4854 15.1247 7.4711 -16.3776 50.3775 -3.1873 -5.5735 -4.5629 -23.5487 8.1894 0.0449 10.0510 -0.1075 -5.8276 -7.0876 -2.3420 1.6865 -4.6941 -2.2343 -2.4742 5.8120 -2.1843 -0.1278 29.6627 -0.0155 -3.2213 1.6062 -0.5761 -1.6546 -20.8289 1.4114
-4.3593 99.1318 233.6203 3.8392 3.5473 -1.0616 -0.5855 1.4834 0.5638 -1.0520 -4.6926 2.4808 -1.7025 10.9693 0.2277 1.6753 16.7858 2.6217 -1.3898 -3.5057 -2.3151 0.7870 -0.0885 -3.1391 -0.0211 -0.0853 0.0754 0.7281 -10.5908 -3.7883 -0.7750 -10.6208 3.9356 -9.3653 15.3327 -3.5702 -67.6369 15.1823 -4.7090 0.5561 -0.3552 -96.4848 -0.5977 6.8071 -2.3621 -14.2955 11.1137 16.4911 -59.7538 1.9187 2.6174 10.2012 13.1758 14.5729 55.6439 5.1485 22.4293 0.4777 -0.1141 95.0149 0.7105 4.8556 1.0643 15.0374 7.4288 -16.3338 50.3722 -3.1420 -5.7249 -5.2016 -22.2770 7.1443 -0.0647 14.1783 -0.1441 -5.3512 -2.9289 -3.7760 1.7273 -4.1867 -2.1816 -3.9631 3.2524 -3.1459 -0.1034 40.7054 0.1525 -2.1570 4.9345 -0.2737 -1.6712 -19.9915 1.3933
-4.4398 97.3773 238.4385 5.3233 2.4222 -0.5556 -1.8093 2.1349 0.3014 -1.2828 -4.5209 2.0720 -2.6506 11.3371 -0.3340 2.2199 16.2317 2.6521 -1.2056 -3.5952 -2.3906 1.3791 -1.4580 -3.2209 -0.0051 -0.0682 0.0698 0.7379 -10.6290 -3.8070 -0.7551 -10.6750 3.9391 -10.0113 14.8666 -5.1908 -66.0456 13.7462 -5.7707 0.6404 -0.5573 -95.8198 0.5251 5.8901 -2.7038 -14.4145 11.1250 16.4103 -60.0620 1.9235 2.5184 11.9006 13.2054 14.0718 54.7158 4.6200 21.7390 0.7474 0.0290 94.8469 0.2021 4.6543 2.1051 15.1616 7.3542 -16.2106 49.9501 -3.1226 -5.6261 -6.5545 -22.9383 6.2802 -0.1363 23.2218 -0.1160 -2.5863 -4.8068 -3.5415 1.6655 -2.0420 -2.1237 -6.1280 -0.6250 -4.0851 0.1113 53.3937 0.4118 -0.7689 8.6850 -0.5742 -1.4509 -12.2663 1.1291
-4.5317 95.7525 243.0941 6.5476 1.2481 -0.6695 -2.5134 2.9181 0.1392 -1.5684 -4.2475 1.8911 -3.8163 11.8771 -0.8744 2.5887 15.7174 2.6293 -1.2361 -3.6580 -2.2405 2.1622 -3.7390 -3.3754 -0.0012 -0.0430 0.0561 0.7440 -10.5929 -3.8183 -0.7550 -10.6409 3.9253 -10.7335 14.3249 -6.5357 -63.3844 11.0962 -8.0128 0.6800 -0.5171 -94.3188 1.7084 5.7290 -3.1073 -14.4362 11.1669 16.2860 -59.9941 1.9043 2.3798 13.6668 13.5889 13.7212 54.1819 3.4905 20.5198 0.8425 0.2573 93.0972 -0.7213 4.6898 3.5960 15.1644 7.3746 -16.1818 49.7987 -3.2176 -5.5407 -7.7509 -23.0922 6.7112 -0.0097 32.1839 0.0494 -1.5373 -10.7489 -3.5673 1.6295 -0.9582 -2.0856 -7.7546 -5.2959 -3.8122 0.2621 65.0427 0.4500 -0.4937 8.9267 -1.4336 -1.3533 -5.6580 1.0423
-4.7518 94.6871 247.5926 6.5083 0.5561 -1.8158 -2.5746 3.3232 0.1235 -1.6494 -4.0226 1.7300 -4.2140 12.3556 -1.2106 2.2097 15.3288 2.8324 -1.1836 -3.6583 -1.8646 2.7350 -5.0243 -3.1985 -0.0026 -0.0168 0.0411 0.7233 -10.5581 -3.8237 -0.7383 -10.5994 3.9042 -11.5394 13.9048 -7.3299 -60.7018 7.6175 -10.5797 0.6495 -0.3730 -92.4980 2.3443 8.7241 -3.3201 -14.4456 11.2295 16.1102 -59.9458 1.9222 2.2397 14.8657 14.1332 13.8634 54.5171 2.2972 18.9298 0.8038 0.1300 90.3479 -2.0780 5.2667 4.7141 15.1778 7.4303 -16.0926 49.8502 -3.2522 -5.3783 -7.2232 -21.6097 7.5852 -0.0251 37.3312 0.0700 -1.3114 -15.8977 -3.8004 1.6206 -0.1406 -2.0277 -7.8082 -10.7449 -2.6695 0.3859 73.4162 0.3840 -1.1642 4.3258 -1.8096 -1.4076 -4.2169 1.0667
-5.0325 94.1727 252.1101 5.8720 0.2491 -3.1841 -2.5839 3.5556 -0.0103 -1.5653 -3.8509 1.3621 -4.1064 12.4464 -1.5278 1.7522 15.0850 2.9858 -1.0006 -3.6061 -1.1729 2.8925 -5.6451 -2.5390 0.0048 -0.0062 0.0062 0.7240 -10.5443 -3.8514 -0.7240 -10.5849 3.8628 -11.0871 13.5234 -8.0315 -59.5657 4.1898 -11.9650 0.2173 -0.3055 -92.4296 2.1000 12.0435 -3.3223 -14.5046 11.1206 15.8953 -59.9633 1.9374 2.1949 15.5359 14.4542 13.8080 55.3391 2.2545 17.7178 0.4190 -0.0668 88.9119 -2.7646 5.8601 4.8026 15.1480 7.4361 -15.9855 49.8191 -3.3354 -5.2053 -5.9387 -19.0453 7.6203 -0.1004 39.5288 -0.0788 -1.4290 -20.0031 -3.1813 1.6196 0.3537 -1.9793 -7.2442 -16.8193 -2.0866 0.5748 77.8075 0.4002 -2.2915 -1.4608 -2.2859 -1.4274 -3.8803 1.0620
-5.4667 94.2615 256.6287 4.9795 0.0834 -3.9655 -2.6540 3.7118 -0.2542 -1.3743 -3.7555 0.7407 -3.8107 12.3069 -2.0754 1.7229 14.8619 2.9741 -0.7657 -3.5463 -0.4690 2.8015 -5.8943 -1.7441 0.0157 -0.0089 -0.0347 0.7435 -10.5615 -3.8906 -0.7200 -10.6031 3.8182 -9.7311 13.1785 -8.9304 -59.3877 1.6741 -12.2694 -0.2841 -0.3715 -94.4022 1.1598 13.2981 -3.4774 -14.5618 10.9409 15.7397 -59.9876 1.9041 2.1677 16.3798 14.4604 13.2005 55.8396 3.6010 17.0894 -0.0616 -0.2284 89.4669 -1.9198 5.9274 4.6200 15.0723 7.3975 -15.9265 49.7046 -3.4146 -5.0925 -4.4634 -15.4121 6.6151 -0.1508 38.9190 -0.2850 -1.7840 -22.4124 -2.1183 1.6295 0.4089 -1.9602 -6.2285 -22.3629 -2.7866 0.4755 77.4988 0.1857 -2.9630 -6.2336 -3.0896 -1.3956 -3.7386 0.9878
-6.1211 94.9256 261.1087 3.7938 0.1229 -4.3039 -2.5736 3.7555 -0.5652 -1.1697 -3.6986 0.0457 -3.2809 12.0635 -2.7688 1.9455 14.5681 2.7423 -0.5827 -3.4887 0.2523 2.5762 -5.9563 -0.9594 0.0369 -0.0174 -0.0987 0.7723 -10.5646 -3.9506 -0.7044 -10.6050 3.7423 -8.2153 12.7120 -9.9774 -59.3071 0.2072 -12.0040 -0.7642 -0.2645 -97.1950 -0.1224 12.8561 -3.9566 -14.6057 10.8020 15.7642 -59.9317 1.7720 2.2433 17.4233 14.3534 12.2432 56.0035 5.4223 16.6735 -0.3397 -0.4672 91.0302 -0.3033 5.5138 4.5558 15.0336 7.4081 -16.0596 49.6591 -3.4287 -5.2313 -2.7851 -11.0474 5.1104 -0.0968 36.1066 -0.3808 -2.3734 -22.8315 -0.8903 1.6920 -0.0483 -1.9634 -4.5377 -26.7495 -4.3372 -0.0142 72.6019 -0.4388 -2.9680 -9.3523 -4.0225 -1.3587 -3.8053 0.8832
-6.9672 96.0150 265.6565 2.5069 0.4718 -4.4663 -2.3587 3.6132 -0.7706 -1.0018 -3.7077 -0.6471 -2.5301 11.8091 -3.3917 2.1800 14.1920 2.3997 -0.3932 -3.5352 0.8877 2.4070 -5.8052 -0.2052 0.0572 -0.0238 -0.1667 0.7941 -10.5817 -4.0145 -0.6819 -10.6190 3.6614 -7.1024 12.3128 -11.1252 -58.8188 -0.5359 -11.7190 -1.0538 -0.2206 -99.5596 -1.1883 12.1961 -4.5411 -14.8608 10.7763 15.8564 -59.9935 1.6615 2.3135 18.4188 14.2044 11.1899 56.2169 6.7946 15.8727 -0.2997 -0.7129 92.4008 1.1245 5.1486 4.6633 14.9816 7.4639 -16.1551 49.7090 -3.2881 -5.2443 -1.0290 -6.7785 3.7531 -0.0273 32.6301 -0.3929 -3.0978 -21.0079 -0.1871 1.7307 -1.5174 -2.0320 -2.4631 -29.6856 -6.1219 -0.2665 63.5503 -0.6516 -2.1927 -10.8032 -5.1657 -1.3518 -3.8764 0.8062
-7.9504 97.4265 270.4639 1.3704 1.0832 -4.6498 -2.0452 3.2623 -0.8127 -0.9233 -3.7378 -1.2039 -1.7850 11.5483 -4.0181 2.5112 13.6638 2.1558 -0.3218 -3.5377 1.2008 2.3313 -5.5534 0.3725 0.0564 -0.0253 -0.1973 0.7967 -10.5852 -4.0394 -0.6810 -10.6200 3.6252 -6.4090 12.0478 -12.0598 -58.0716 -0.5852 -11.9239 -0.8114 -0.1189 -101.1234 -1.9009 11.7075 -4.8288 -15.1131 10.7754 15.9261 -60.0190 1.6476 2.3837 19.3464 14.1557 10.1940 56.5010 7.6093 14.8400 -0.0761 -0.8184 93.3226 1.7873 4.9555 4.6474 14.9164 7.5369 -16.0797 49.8750 -3.1728 -5.1457 0.5807 -3.2367 2.7563 0.0873 29.8842 -0.2344 -3.7246 -16.8380 -0.3155 1.8236 -5.0338 -2.1606 -0.5069 -30.9435 -7.4295 -0.2067 50.8536 -0.3655 -0.9878 -10.5673 -6.6112 -1.4114 -4.1554 0.8637
-9.0381 98.8811 275.6889 0.3970 1.7475 -4.8024 -1.5678 2.7360 -0.8228 -0.7629 -3.9210 -1.7785 -1.2318 11.3996 -4.4267 2.6182 13.2667 2.1223 -0.2795 -3.5193 1.4797 2.3613 -5.0902 0.6716 0.0337 -0.0159 -0.1760 0.7806 -10.6031 -4.0222 -0.7084 -10.6383 3.6597 -5.9601 11.9820 -12.6269 -57.3270 -0.2952 -12.4023 -0.5002 -0.0906 -101.6713 -2.4025 11.6658 -5.0451 -15.2411 10.8191 15.9075 -60.1074 1.6709 2.3834 19.6765 14.2485 9.5594 57.4824 8.0020 13.7360 -0.0209 -0.9053 93.5414 1.9067 4.9211 4.6236 14.8930 7.4831 -15.9068 49.9244 -3.1603 -4.9866 2.1609 -0.5330 2.4280 0.0882 28.3881 -0.1315 -4.2887 -11.1671 -0.7757 1.9638 -10.0512 -2.3852 0.8874 -30.0595 -8.0600 0.0423 35.0093 0.0083 0.2353 -8.8392 -7.4616 -1.4814 -4.0744 0.9442
-10.1199 100.0480 281.1074 -0.3883 2.1702 -4.9517 -0.9543 2.1559 -0.8047 -0.5801 -4.2236 -2.2571 -0.7018 11.2749 -4.6026 2.2720 13.2432 2.3508 -0.1201 -3.5084 1.4920 2.2616 -4.5678 0.9135 0.0107 -0.0207 -0.1371 0.7700 -10.6303 -3.9898 -0.7436 -10.6692 3.7160 -5.4969 12.0088 -12.8341 -57.2519 0.5383 -13.5062 -0.0793 -0.0913 -101.1933 -2.5593 11.5316 -4.8362 -15.1714 10.8636 15.8001 -60.0328 1.7165 2.3708 19.1241 14.5391 9.0738 59.0201 8.1927 12.7221 -0.0940 -0.8336 93.3202 2.0082 4.4297 4.4172 14.8269 7.4362 -15.8212 49.9455 -3.1997 -4.8047 3.5509 1.3337 2.5272 0.0784 28.7822 -0.0681 -4.3391 -4.6722 -1.0734 2.1588 -15.7109 -2.5690 1.4807 -27.3538 -7.6750 0.1901 18.5665 0.0807 2.1885 -7.8110 -7.6305 -1.5067 -4.2006 1.0265
-11.1578 100.5735 286.8198 -0.6753 2.1185 -5.2531 -0.4779 1.6765 -0.6920 -0.4245 -4.5099 -2.5778 -0.3382 11.0619 -4.6872 1.6945 13.5048 2.7460 0.0785 -3.5040 1.4744 1.9780 -3.8445 1.2006 -0.0014 -0.0329 -0.0802 0.7679 -10.6294 -3.9339 -0.7668 -10.6687 3.7825 -5.0038 12.0940 -12.7228 -57.8245 2.1648 -15.0567 0.3258 -0.0665 -100.3188 -2.5955 11.1863 -4.1602 -14.9213 10.9430 15.7556 -59.9324 1.7462 2.3392 18.1536 15.0693 8.9129 60.2260 8.3009 11.9330 -0.1045 -0.6868 93.0461 2.2601 3.2521 3.9488 14.7772 7.4279 -15.8780 49.8066 -3.1539 -4.7870 4.2363 2.1887 2.7143 0.0279 31.8878 -0.1460 -4.1051 2.1990 -0.6691 2.3172 -19.7923 -2.5993 1.2367 -24.3517 -6.5112 0.1649 6.7028 -0.0535 4.8623 -7.9324 -7.3188 -1.4760 -4.5517 1.0459
-12.1053 100.3738 292.3535 -0.4470 1.5071 -5.6941 -0.2153 1.5613 -0.4994 -0.3193 -4.6278 -2.7534 -0.1909 10.8142 -4.6975 1.1741 13.5195 2.9874 0.0661 -3.4850 1.8194 1.7237 -2.9326 1.5068 -0.0089 -0.0285 -0.0142 0.7747 -10.5787 -3.8708 -0.7888 -10.6043 3.8551 -4.8578 12.3015 -12.5655 -58.4031 4.2751 -16.4051 0.3880 -0.1673 -99.7049 -2.8749 10.5763 -3.2954 -14.7437 11.0775 15.8069 -60.0165 1.7755 2.2365 17.4000 15.6071 9.0933 60.3874 8.5163 11.6233 -0.2192 -0.5388 93.1436 2.4973 2.0191 3.4350 14.7972 7.4735 -15.9636 49.7838 -3.0652 -4.8491 4.2556 1.7443 2.7146 0.0029 38.4553 -0.2451 -4.4240 8.4219 -0.0626 2.2891 -19.0285 -2.4415 0.6113 -22.2373 -5.6176 0.0495 2.6797 -0.1562 6.8339 -9.1413 -6.5185 -1.4361 -4.8909 1.0485
-13.0674 99.1952 297.5791 -0.5455 0.5865 -6.0998 0.3694 1.7663 -0.2779 -0.1644 -4.5662 -2.8091 -0.0353 10.7352 -4.4895 0.5972 12.8708 3.0498 -0.0898 -3.4829 2.3062 1.6055 -2.0116 1.5669 -0.0201 -0.0176 0.0400 0.7723 -10.5387 -3.8133 -0.8086 -10.5594 3.9070 -5.4459 12.6031 -12.5787 -58.3872 6.3800 -17.2749 -0.0569 -0.3364 -99.4227 -3.2718 9.5403 -2.4420 -14.7936 11.0767 15.8087 -60.0373 1.7853 2.2937 17.1514 15.6987 9.5628 59.2542 8.8342 11.6197 -0.3958 -0.4522 93.6284 2.5076 1.3791 2.7504 14.8084 7.4977 -15.9879 50.0176 -2.8726 -5.0145 4.8266 -0.2851 2.6562 -0.0115 48.1840 -0.3467 -5.7844 11.5734 -0.5938 2.0032 -12.4076 -2.1580 0.6150 -21.5180 -5.7920 0.0802 6.6869 -0.1943 8.2014 -9.2307 -5.2854 -1.3931 -5.1901 1.1670
-13.9509 97.3360 302.1550 -1.9595 -0.4013 -6.5660 1.9714 2.3380 -0.2218 0.0171 -4.4050 -2.5066 0.4589 10.9253 -4.1827 -0.1300 11.5793 3.2473 -0.1449 -3.3871 2.6351 1.4255 -1.7321 1.4610 -0.0273 -0.0355 0.0627 0.7625 -10.5448 -3.7758 -0.8115 -10.5454 3.9126 -7.1241 12.5234 -12.7290 -57.7480 8.8808 -17.8933 -0.0156 -0.3959 -99.1427 -3.7436 8.6926 -2.0269 -14.9267 11.1182 16.0434 -59.8854 1.7272 2.5780 17.7577 15.1719 10.6636 56.6093 8.9453 11.4030 -0.5458 -0.5499 94.0458 2.4587 1.8953 2.3289 14.8226 7.4728 -16.1310 50.0800 -3.0744 -5.2482 7.1431 -3.6543 2.6141 -0.0016 59.1829 -0.3566 -7.4179 9.8689 -2.1988 1.7543 -6.7656 -2.0165 2.2284 -23.2687 -6.6536 0.1520 16.9627 -0.3011 8.3620 -3.2945 -2.7069 -1.4055 -4.3983 1.1272
-14.9664 94.8928 306.1854 -3.0065 -1.9538 -6.8832 2.6174 3.6295 -0.1305 0.3588 -3.9430 -2.3076 1.4935 11.4391 -3.8943 -1.1535 10.0994 3.5952 -0.0655 -3.3759 2.3638 1.0967 -4.0172 1.8849 -0.0137 -0.0471 0.0045 0.8023 -10.5459 -3.8361 -0.8257 -10.5487 3.8564 -8.0993 12.6152 -12.3195 -58.2265 10.0380 -18.2060 -0.0741 -0.2040 -97.9844 -3.5475 8.7576 -2.9068 -14.7829 11.0963 16.0639 -59.8235 1.6475 2.6124 17.8328 15.1248 12.1674 53.7957 7.0474 11.3860 -0.3285 -0.5757 93.7079 1.6296 1.5472 2.0318 14.8833 7.5046 -16.1960 50.1509 -3.1016 -5.1824 8.8742 -7.2168 1.9148 -0.0540 69.6688 -0.4488 -6.6061 1.0703 -2.3207 1.8289 -4.5177 -2.0655 3.4730 -26.6734 -6.6929 0.0980 31.9214 -0.0676 4.0187 -4.8319 -2.3105 -1.4315 -1.6120 0.9856
-15.8199 93.1547 310.2707 -3.2875 -2.9938 -6.1427 2.6691 4.4472 -0.1395 0.4924 -3.6275 -2.2212 2.1353 12.4330 -3.8682 -1.1572 8.9172 3.4866 -0.1025 -3.3844 2.1962 0.7148 -5.2801 1.9392 -0.0114 -0.0436 -0.0603 0.7797 -10.5296 -3.8879 -0.8013 -10.5229 3.7808 -9.7086 13.0065 -12.1708 -58.2115 10.1162 -17.5605 -0.3612 -0.1830 -95.2329 -2.4387 10.6040 -4.5782 -14.8270 11.1371 15.9969 -60.1524 1.6883 2.4834 19.4942 14.9101 13.3375 50.0939 4.2246 11.3161 0.1927 -0.8392 91.8791 0.2066 1.6394 2.2673 15.1693 7.4897 -16.1698 50.1553 -3.1449 -5.1530 9.3094 -11.8120 -0.0276 -0.2641 76.8339 -0.5658 -4.5190 -6.3031 -1.1955 1.8925 -4.2640 -2.1353 3.7584 -27.2373 -7.4027 0.0225 41.5059 -0.0685 2.4559 -10.8940 -2.8443 -1.4422 -0.4845 0.9069
-16.6308 91.8323 314.3028 -3.1304 -3.4333 -4.7467 2.6099 4.9442 -0.1864 0.4292 -3.3626 -2.0447 2.4614 13.1104 -3.7885 -0.5873 8.3581 3.2756 -0.2499 -3.4185 1.6877 0.5767 -5.6247 1.3116 -0.0047 -0.0502 -0.1102 0.7564 -10.5282 -3.9224 -0.7662 -10.5201 3.7140 -11.0197 13.3170 -12.1393 -58.4649 9.9028 -16.8959 -0.3342 -0.1548 -91.5947 -1.1184 12.9924 -6.0339 -14.8079 11.2264 16.0467 -60.4394 1.8217 2.4148 20.6239 14.5059 14.2399 47.9220 1.3850 11.2552 0.6661 -1.1072 89.7214 -1.0427 3.0542 2.3832 15.3921 7.4873 -16.1290 50.1496 -3.1468 -5.1513 9.3524 -17.3656 -1.7527 -0.7420 80.5873 -0.9265 -2.7919 -12.0459 -0.9532 1.9013 -4.4023 -2.1922 3.3697 -26.3691 -8.5376 -0.0114 47.3555 -0.1383 1.9522 -16.7682 -3.3273 -1.4350 0.0242 0.8955
-17.3613 90.9005 318.4278 -2.8787 -3.4600 -3.4057 2.6321 5.3581 -0.1292 0.3744 -3.1458 -1.7409 2.6591 13.4490 -3.4980 -0.0766 8.0767 3.0729 -0.3940 -3.4188 1.0742 0.5438 -5.9172 0.4803 -0.0011 -0.0498 -0.1116 0.7526 -10.5472 -3.9191 -0.7573 -10.5440 3.7067 -12.0287 13.5679 -11.8627 -58.8218 9.6946 -16.1208 -0.1003 0.0794 -88.4698 -0.2232 14.4081 -7.2096 -14.7486 11.3234 16.1630 -60.6309 1.9017 2.4202 20.4762 13.8624 15.0278 47.3030 -0.6531 11.3245 0.7995 -1.1785 88.3958 -1.6345 4.0507 2.2657 15.4697 7.4771 -16.1499 50.1132 -3.0672 -5.2279 9.3329 -23.3737 -1.9890 -1.1361 81.0127 -1.2253 -2.0220 -16.2462 -1.6667 1.8143 -4.5293 -2.1427 2.8769 -24.8054 -9.4176 -0.0704 50.8731 -0.1773 2.1770 -21.7182 -4.0300 -1.4272 0.2698 0.9287
-17.9731 90.5289 322.4668 -2.5218 -3.1755 -2.4189 2.6657 5.7001 -0.0154 0.3274 -2.9950 -1.2794 2.7406 13.6303 -3.0355 0.2966 7.8394 2.8195 -0.5602 -3.4511 0.5072 0.5654 -6.1367 -0.2962 -0.0032 -0.0502 -0.0775 0.7564 -10.5864 -3.8897 -0.7674 -10.5887 3.7443 -12.9637 13.7593 -11.2953 -59.1030 9.5514 -14.7780 0.0832 0.2640 -86.5807 0.0717 14.7746 -7.9867 -14.6539 11.3394 16.1868 -60.6484 1.8615 2.3522 19.7436 13.3338 15.8485 47.1472 -2.1946 11.6070 0.7299 -1.1315 87.9518 -1.8212 4.2568 2.0054 15.5327 7.4601 -16.1426 50.1618 -2.9347 -5.2254 8.7462 -29.0780 -0.2265 -0.9615 77.9070 -1.0138 -2.0158 -18.5918 -2.6296 1.7144 -4.5974 -2.0159 2.2419 -22.5643 -9.9203 -0.1098 52.1687 -0.1807 2.7399 -25.3731 -4.6795 -1.4238 0.2994 0.9601
-18.4864 90.7355 326.7386 -2.0478 -2.6263 -1.7672 2.6724 5.9574 0.1449 0.2682 -2.9161 -0.7172 2.6782 13.6579 -2.4836 0.6045 7.6377 2.5899 -0.7425 -3.5318 -0.0692 0.6271 -6.2096 -1.0425 -0.0081 -0.0622 -0.0297 0.7537 -10.6354 -3.8441 -0.7766 -10.6379 3.7954 -13.7768 13.8940 -10.5241 -59.4790 9.5647 -12.9720 0.2333 0.2646 -85.7375 -0.0264 14.5993 -8.2677 -14.5756 11.2695 16.1082 -60.5454 1.7709 2.1908 18.7893 13.0382 16.7443 47.1516 -3.4606 12.0186 0.5146 -1.0331 88.0881 -2.0138 4.2140 1.7494 15.5741 7.4127 -16.0958 50.2142 -2.8796 -5.1404 7.0992 -33.9298 3.3154 -0.4135 72.0151 -0.4150 -2.2413 -19.3960 -3.2667 1.6842 -4.6755 -1.9267 1.4439 -19.7465 -10.1006 -0.1116 51.4381 -0.1656 3.3937 -27.6831 -5.1679 -1.4275 0.1496 0.9633
-18.9160 91.3892 331.1292 -1.4327 -1.7756 -1.2418 2.6594 6.1163 0.2495 0.1820 -2.8447 -0.0646 2.4775 13.4546 -1.8522 0.8829 7.4396 2.4280 -0.9644 -3.6138 -0.8000 0.6952 -6.1420 -1.7764 -0.0077 -0.0799 0.0005 0.7570 -10.6854 -3.8215 -0.7810 -10.6840 3.8293 -14.4020 13.9319 -9.6709 -59.9921 9.8347 -10.8828 0.3464 0.1373 -85.6740 -0.3603 13.9189 -8.1661 -14.4949 11.1359 16.0119 -60.2511 1.7430 2.0898 17.6023 12.8727 17.4715 47.4135 -4.4999 12.5222 0.1834 -0.8801 88.6056 -2.2932 4.1766 1.5248 15.5740 7.3159 -15.9876 50.2230 -2.9858 -5.0447 4.1171 -37.5761 8.0428 0.1641 64.0625 0.2947 -2.9621 -19.3661 -3.6708 1.6885 -4.6787 -1.8706 0.4919 -16.4677 -10.1833 -0.0782 48.9686 -0.0913 4.1276 -28.6803 -5.7108 -1.4378 -0.2124 0.9790
-19.1724 92.3841 335.4034 -0.7126 -0.6859 -0.7697 2.6879 6.1950 0.3932 0.0659 -2.8787 0.4950 2.1378 13.0959 -1.0450 1.1117 7.3314 2.2758 -1.1798 -3.5728 -1.5528 0.6650 -6.0329 -2.5860 -0.0089 -0.0729 0.0267 0.7622 -10.7097 -3.8098 -0.7905 -10.7105 3.8678 -14.7256 13.9389 -8.8437 -60.7744 10.3863 -8.8614 0.5870 0.0203 -86.1776 -0.6476 12.5744 -7.5868 -14.5101 10.9398 16.0096 -59.9502 1.6450 2.1309 16.0795 12.7559 17.8387 48.1554 -5.3029 12.7970 0.1812 -0.7799 89.3738 -2.8528 4.2561 1.4156 15.5682 7.2555 -15.9695 50.2710 -3.0571 -5.0494 0.2164 -39.4693 12.7595 0.4106 54.5385 0.6902 -4.3766 -19.5390 -3.7927 1.7043 -4.4932 -1.8511 -0.5416 -12.8678 -10.0870 -0.1108 45.2932 -0.1439 4.7515 -28.4374 -6.4561 -1.4674 -0.9326 0.9841
-19.2128 93.4935 339.6491 0.0514 0.4342 -0.5035 2.7064 6.1511 0.5423 -0.0400 -2.9335 1.0718 1.6454 12.7478 -0.3095 1.2387 7.4388 2.1645 -1.3725 -3.5919 -2.4448 0.6754 -5.9715 -3.3689 -0.0057 -0.0616 0.0135 0.7680 -10.7162 -3.8373 -0.7912 -10.7225 3.8673 -14.6415 13.9851 -7.9815 -61.9612 10.8769 -6.7527 0.6977 -0.1765 -86.9521 -0.8339 10.8614 -6.8749 -14.5210 10.9353 16.0950 -59.8725 1.6504 2.1154 14.3615 12.5532 17.9610 49.3313 -5.4964 13.1424 0.1656 -0.6546 90.1878 -3.3850 4.6012 1.3278 15.4911 7.2957 -16.0385 50.4177 -3.0866 -5.1596 -3.3908 -39.6271 15.9687 0.3375 44.7012 0.6872 -6.2707 -19.3099 -3.4901 1.7169 -4.7167 -1.8827 -1.5158 -9.2515 -9.5443 -0.1282 41.2984 -0.0904 5.4237 -26.8177 -7.6779 -1.4812 -2.1627 1.0275
-19.0969 94.7112 344.1377 0.8869 1.3690 -0.5593 2.5363 5.9806 0.6690 -0.1538 -3.0013 1.6385 1.1071 12.4665 0.3863 1.4305 7.9481 1.9845 -1.5322 -3.6055 -3.1085 0.5319 -5.7946 -3.8561 -0.0078 -0.0592 0.0012 0.7711 -10.7116 -3.8504 -0.7989 -10.7241 3.8559 -14.1893 14.3478 -7.1570 -63.3987 11.0538 -4.6454 0.5978 -0.2734 -87.8241 -0.8341 9.0020 -6.0978 -14.6266 10.9752 16.1761 -59.8946 1.6285 2.1115 12.7779 12.4641 17.9459 50.6210 -5.0122 13.5966 0.1130 -0.6110 91.1271 -3.7222 5.0717 1.3169 15.4858 7.3985 -16.1225 50.5151 -3.0864 -5.1046 -6.0019 -38.3129 17.1240 0.1451 35.6330 0.4643 -7.4772 -18.2737 -2.7155 1.6900 -5.3080 -1.9608 -2.5849 -6.0413 -8.1909 -0.1197 38.4016 -0.0308 5.5230 -23.3889 -8.8221 -1.4951 -4.7983 1.0380
-18.8450 95.8694 348.9820 1.6108 1.8511 -0.6963 2.2197 5.7210 0.6602 -0.2795 -3.1013 2.1463 0.6566 12.3153 0.8473 1.6209 8.9134 1.7503 -1.6970 -3.6193 -3.4735 0.4701 -5.3417 -4.2963 -0.0195 -0.0645 0.0372 0.7399 -10.7035 -3.8105 -0.7906 -10.7238 3.8891 -13.3839 14.9290 -6.3888 -65.2750 11.0029 -2.6693 0.3833 -0.4631 -88.5186 -0.5917 6.9467 -4.9976 -14.5972 10.9395 16.1962 -59.8162 1.5731 2.1193 11.5026 12.5046 17.6773 51.9668 -3.9263 14.3076 0.2459 -0.5542 91.9910 -3.6390 4.9619 1.3769 15.3019 7.4309 -16.1366 50.6194 -3.0710 -5.1321 -7.0996 -35.6339 15.8560 0.0664 28.5859 0.2904 -7.6307 -16.6646 -2.1146 1.6801 -5.5733 -2.0275 -3.5492 -3.4215 -6.7770 -0.1223 37.6360 0.0900 4.9093 -18.4304 -9.5856 -1.5253 -9.2390 1.1556
-18.5613 96.7487 354.0419 2.2927 1.9430 -0.9788 1.6583 5.3694 0.6384 -0.4224 -3.2210 2.4114 0.2257 12.1640 1.0538 1.8909 10.2591 1.5676 -1.7893 -3.5988 -3.5335 0.4138 -4.6289 -4.5056 -0.0309 -0.0635 0.0693 0.7114 -10.6836 -3.7752 -0.7830 -10.7058 3.9190 -12.5659 15.4957 -5.7461 -66.9616 10.9960 -0.9420 0.1355 -0.7215 -88.9526 -0.1602 5.1983 -3.9342 -14.6176 10.9110 16.2792 -59.8913 1.5579 2.2573 10.7963 12.6401 17.2303 53.2872 -2.3768 15.4064 0.4259 -0.4881 92.6949 -2.9445 4.8378 1.6002 15.2139 7.4405 -16.1559 50.6745 -3.0599 -5.2080 -7.3649 -32.0899 13.5340 0.0311 24.6344 0.1731 -6.2473 -14.6261 -2.2268 1.6929 -5.5221 -2.0837 -4.4157 -2.2943 -5.3920 -0.1088 40.0090 0.2024 2.7927 -11.4338 -9.7819 -1.6408 -15.5351 1.3547
-18.3441 97.2094 359.0863 3.0524 1.8540 -1.2878 0.8179 4.9953 0.5382 -0.6212 -3.3331 2.4828 -0.2772 11.9214 0.9357 2.1728 11.4535 1.5701 -1.8436 -3.5476 -3.3920 0.4147 -3.5738 -4.5121 -0.0286 -0.0541 0.0623 0.7047 -10.6594 -3.7873 -0.7697 -10.6845 3.9137 -12.2818 15.8086 -5.4613 -67.5331 11.3414 0.2413 0.0516 -0.8815 -89.4483 0.1454 4.2352 -2.9515 -14.6494 10.8995 16.3103 -60.0710 1.5922 2.3763 10.8707 12.8457 16.6933 54.3380 -0.6454 16.8562 0.5047 -0.3892 93.2359 -1.5227 4.7884 1.8749 15.1529 7.4581 -16.2338 50.7669 -3.0370 -5.3440 -7.6815 -28.3375 11.6676 -0.0040 23.5540 0.1175 -3.7535 -11.2971 -3.2436 1.7217 -5.0935 -2.0916 -5.3234 -3.0900 -4.4640 -0.0330 45.4751 0.3509 -0.5974 -2.5797 -10.5875 -1.7904 -20.4081 1.4919
-18.2402 97.1012 364.0606 3.9795 1.5819 -1.4272 -0.1511 4.8451 0.3425 -0.8344 -3.4182 2.3135 -1.0250 11.7006 0.6651 2.2222 12.0424 1.8026 -1.7931 -3.5352 -3.3347 0.6170 -2.7880 -4.4382 -0.0145 -0.0560 0.0268 0.7140 -10.6200 -3.8250 -0.7493 -10.6551 3.8753 -12.8229 15.7286 -5.9079 -66.2584 11.8653 0.3663 0.1738 -0.7001 -90.2014 -0.0898 3.6836 -2.6291 -14.6717 10.8915 16.3177 -60.2349 1.6830 2.3800 11.5726 13.0070 15.9815 55.0199 0.8852 18.1915 0.5780 -0.1320 93.6453 0.2624 4.8970 2.1311 15.1981 7.4551 -16.2477 50.8166 -2.9207 -5.4342 -8.3433 -25.5388 10.9523 0.0075 25.3187 0.1156 -1.8423 -8.4905 -3.9111 1.7224 -4.0367 -2.0777 -6.2307 -5.5323 -3.8743 0.0424 53.3617 0.4281 -4.2632 5.5627 -13.3046 -1.7787 -16.1577 1.3470
-18.2036 96.4511 368.8738 4.9311 1.0645 -1.4747 -0.9673 5.0677 0.1398 -1.0583 -3.4962 1.9981 -1.9147 11.6647 0.2653 1.9061 12.2222 2.3677 -1.6070 -3.5611 -3.6050 0.9695 -3.0360 -4.2460 -0.0066 -0.0538 0.0122 0.7198 -10.5922 -3.8368 -0.7394 -10.6362 3.8590 -13.9308 15.4381 -6.7594 -63.4325 12.0424 -1.4183 0.6827 -0.3890 -90.9162 -0.4936 3.1173 -3.4619 -14.6640 11.0470 16.3698 -60.3454 1.7947 2.1094 12.4219 13.2795 15.1603 55.4654 1.9399 18.9852 0.7788 0.1821 93.8965 1.4435 4.6843 2.5579 15.4488 7.4779 -16.1192 50.6391 -2.6891 -5.2682 -9.0717 -23.7030 11.1301 0.0485 29.5023 0.1112 -0.7393 -8.9833 -4.1077 1.6861 -2.7620 -2.0310 -7.0050 -8.9319 -3.1170 0.0908 62.2539 0.3748 -7.5854 10.3448 -16.2064 -1.6883 -6.8891 1.1204
-18.2267 95.5913 373.6773 5.4536 0.5859 -1.8910 -1.4321 5.2323 0.0223 -1.1753 -3.5119 1.6201 -2.5908 11.7927 -0.2772 1.1715 12.3318 2.8970 -1.5178 -3.6655 -3.2059 1.1685 -3.7598 -4.1783 -0.0072 -0.0547 0.0282 0.7192 -10.6365 -3.8300 -0.7448 -10.7097 3.8884 -14.5427 14.8444 -7.3384 -60.6957 11.4112 -4.2032 1.0012 -0.2695 -91.2872 -0.7888 3.9522 -5.0379 -14.6230 11.0178 16.2525 -60.3040 1.7924 2.1857 12.7242 13.7101 14.7072 56.0849 2.4128 19.3331 0.9543 0.0893 93.4977 1.6839 5.0503 3.2235 15.4020 7.3639 -16.0295 50.3749 -2.8900 -5.3694 -9.2240 -22.1719 11.7929 -0.0197 34.1346 0.1387 0.2461 -12.1717 -4.3203 1.6482 -1.4687 -1.9693 -7.3313 -12.7998 -1.3778 0.3023 70.7975 0.3763 -5.2218 7.4279 -13.2009 -1.7058 -4.4189 1.1234
-18.1774 94.7314 378.5213 5.3382 0.0920 -2.4659 -1.5213 5.4689 -0.1080 -1.2031 -3.4553 1.2010 -2.7739 11.8933 -0.8098 0.3549 12.1353 3.3603 -1.3894 -3.6852 -2.6669 1.2041 -4.6118 -3.5366 -0.0105 -0.0602 0.0427 0.7231 -10.6518 -3.8124 -0.7572 -10.7295 3.9068 -14.6903 14.4509 -7.9001 -58.2003 9.4151 -7.3449 0.8599 -0.0970 -91.2163 -0.5131 6.1074 -6.5527 -14.5648 11.0553 16.0604 -60.1360 1.7821 2.1463 12.6721 14.3130 14.2693 56.9220 2.6165 19.3946 0.8749 0.0323 92.9284 1.4488 4.7913 3.7454 15.3307 7.3881 -15.9115 50.4244 -2.9991 -5.2154 -8.6915 -20.3827 11.8195 -0.0526 38.0869 0.1016 0.5797 -16.7468 -3.8119 1.6335 -0.5446 -1.9417 -6.9318 -17.1032 -0.3319 0.5592 76.9232 0.4862 -2.6570 1.7288 -8.8236 -1.6429 -3.9882 1.1343
-18.1662 94.0498 383.1641 5.0134 -0.1571 -2.9305 -1.5872 5.5580 -0.2946 -1.1182 -3.3364 0.7488 -2.7881 11.9158 -1.4225 -0.2564 11.5405 3.5576 -1.1330 -3.6634 -1.8916 1.1489 -5.2130 -2.6371 -0.0121 -0.0655 0.0518 0.7271 -10.6534 -3.7987 -0.7649 -10.7291 3.9138 -14.3186 13.9860 -8.6366 -55.9013 7.0760 -9.9378 0.4296 0.0296 -91.8238 -0.0849 9.2910 -7.6011 -14.5258 11.0641 15.8998 -60.0604 1.7664 2.0991 12.7467 14.8041 13.7087 57.7738 3.0112 19.0976 0.7101 -0.1111 92.8762 1.0485 4.0572 4.0202 15.2754 7.4361 -15.7978 50.4311 -3.0543 -5.0508 -7.9556 -18.1293 11.6440 -0.0887 40.3541 0.0190 0.6016 -20.7185 -3.2811 1.6326 0.0464 -1.9371 -6.3021 -21.8684 -0.5731 0.7121 79.8400 0.5254 -1.5025 -3.5208 -5.8701 -1.5465 -3.9917 1.0990
-18.2357 93.6880 387.7052 4.6015 -0.1288 -3.1314 -1.6875 5.5238 -0.5096 -0.9601 -3.2555 0.2226 -2.7366 11.8682 -2.1724 -0.5430 10.7559 3.5245 -0.8340 -3.6342 -0.9919 1.0366 -5.6131 -1.7268 -0.0071 -0.0738 0.0489 0.7432 -10.6498 -3.7924 -0.7696 -10.7176 3.9002 -13.4320 13.4516 -9.5523 -53.8313 4.9157 -11.6818 -0.1121 0.0930 -93.5059 0.1713 11.5108 -8.2137 -14.6406 10.9708 15.7607 -60.0444 1.7030 2.0529 13.3290 15.0441 13.0147 58.3324 3.9819 18.4386 0.5837 -0.3269 93.6370 0.7519 2.8955 4.1989 15.2126 7.4762 -15.6854 50.3133 -3.0945 -4.8918 -7.0724 -15.3167 11.3051 -0.1577 40.8669 -0.1594 0.5384 -23.6818 -3.0982 1.6398 0.2494 -1.9330 -5.3163 -26.8980 -2.0120 0.2748 79.6490 -0.0598 -1.1198 -7.2604 -4.2312 -1.4536 -4.0017 1.0207
-18.4489 93.7802 392.3913 4.0104 0.2188 -3.0657 -1.6789 5.3404 -0.8154 -0.7859 -3.2096 -0.3080 -2.5337 11.7213 -2.9459 -0.5399 9.9508 3.4099 -0.6034 -3.5683 -0.2166 0.8321 -5.9781 -0.8893 0.0098 -0.0816 -0.0003 0.7677 -10.6148 -3.8309 -0.7585 -10.6731 3.8338 -12.1206 12.8006 -10.3746 -52.2929 3.1985 -12.6715 -0.6677 0.2230 -95.5505 0.2043 12.1161 -8.7319 -14.7873 10.8077 15.7166 -59.9731 1.5879 2.1614 14.3077 15.0944 12.2272 58.6046 5.3246 17.5546 0.5871 -0.5650 94.7712 0.6314 1.4840 4.4381 15.1853 7.4971 -15.7356 50.1731 -3.1770 -5.0236 -5.9829 -12.0362 10.7292 -0.1662 39.5578 -0.2966 0.4118 -25.1996 -3.0532 1.6953 0.0112 -1.9183 -3.5999 -31.6049 -4.3539 -0.5085 76.0150 -1.0271 -0.6866 -9.3848 -3.3339 -1.4048 -4.0912 0.9595
-18.7712 94.3901 396.9562 3.2063 0.8255 -2.9415 -1.5016 5.0504 -1.0388 -0.5905 -3.2834 -0.9216 -2.0565 11.5275 -3.5073 -0.5596 9.4387 3.2901 -0.3896 -3.6187 0.2775 0.5935 -6.1025 -0.0417 0.0290 -0.0911 -0.0716 0.7781 -10.6039 -3.8918 -0.7274 -10.6544 3.7440 -10.7226 12.2192 -11.1216 -51.3277 2.1289 -13.4951 -0.8318 0.2019 -97.2598 0.3598 12.0334 -9.0041 -14.9894 10.7544 15.7358 -59.8667 1.5219 2.2577 15.2513 15.0165 11.4124 58.8525 6.7070 16.2983 0.7179 -0.7443 95.7463 0.7371 0.0390 4.8550 15.1796 7.4559 -15.6918 50.0061 -3.1672 -5.0223 -4.6659 -8.4888 10.0522 -0.1422 36.9579 -0.4196 0.0492 -24.7116 -3.0142 1.7213 -1.1330 -1.9422 -1.0101 -35.2799 -7.3757 -0.7721 69.0692 -1.3040 -0.0819 -10.3445 -3.0605 -1.3738 -4.1436 0.9037
-19.1729 95.5368 401.7834 2.2926 1.5414 -2.8826 -1.1732 4.6491 -1.1129 -0.3880 -3.4327 -1.5337 -1.4297 11.3197 -3.9450 -0.5992 9.3673 3.2695 -0.2432 -3.6827 0.6484 0.3090 -6.0143 0.6797 0.0296 -0.0957 -0.1036 0.7640 -10.6200 -3.9206 -0.7102 -10.6677 3.7107 -9.3206 11.8935 -11.5456 -51.0912 1.4899 -14.1119 -0.9334 0.1557 -98.4867 0.7906 12.0262 -9.0299 -15.1389 10.7574 15.7846 -59.8298 1.5243 2.3441 15.9861 15.0348 10.7909 59.1862 7.9110 14.8069 0.9296 -0.8491 96.3828 0.7454 -0.8837 5.3696 15.2454 7.3850 -15.6214 49.8956 -3.1935 -5.0298 -3.2360 -5.0577 9.4703 -0.0902 34.1322 -0.4558 -0.3025 -21.8533 -3.1171 1.7615 -3.8575 -2.0259 1.9076 -37.1659 -10.2390 -0.4874 59.0681 -0.8622 0.6622 -10.2862 -2.9506 -1.3957 -4.3320 0.9171
-19.5628 96.9998 406.9633 1.4801 2.1681 -3.0049 -0.7767 4.1285 -1.0415 -0.2487 -3.6085 -1.9760 -0.7529 11.1009 -4.2791 -0.7169 9.8222 3.4076 -0.0886 -3.6596 0.7438 -0.0655 -5.6940 1.2849 0.0137 -0.0922 -0.0831 0.7480 -10.6460 -3.9087 -0.7222 -10.7000 3.7483 -7.9962 11.8585 -11.6121 -51.7549 1.5298 -15.1414 -0.6214 0.2276 -99.2377 1.2493 12.0865 -8.6857 -15.1518 10.7850 15.7775 -59.8428 1.5878 2.3666 16.2059 15.2009 10.1317 59.8063 8.9362 13.4247 1.0386 -0.6658 96.7158 0.9111 -1.3678 5.8790 15.2498 7.3355 -15.5120 49.8807 -3.3255 -4.9206 -1.8930 -2.1175 9.1602 -0.0179 32.2836 -0.3593 -0.5747 -16.5554 -3.6047 1.8931 -9.0961 -2.2112 4.2579 -36.7294 -12.1747 -0.0759 46.3634 -0.2513 1.5981 -10.2180 -2.7162 -1.4476 -4.5299 0.9957
-19.9813 98.3435 412.5423 0.9301 2.3816 -3.1628 -0.4173 3.5558 -0.9367 -0.0792 -3.8386 -2.3202 -0.2235 10.9985 -4.4530 -0.9613 10.8382 3.6771 0.0197 -3.5937 0.8442 -0.3231 -5.0960 1.4659 -0.0032 -0.0793 -0.0432 0.7334 -10.6585 -3.8786 -0.7411 -10.7189 3.8067 -6.9662 11.9871 -11.3978 -52.9521 2.3152 -16.5413 -0.3215 0.2682 -99.7791 1.3170 12.1055 -8.4552 -15.0368 10.8623 15.7721 -59.9284 1.6825 2.3653 15.8896 15.5749 9.5985 60.8543 9.7239 12.0420 0.9981 -0.6129 96.8316 1.4444 -1.7444 6.4779 15.2284 7.2325 -15.4579 49.8539 -3.3997 -4.8478 -0.7200 0.1105 9.0927 -0.0393 32.3437 -0.3033 -0.6998 -9.9160 -3.8344 2.1016 -15.6167 -2.4859 4.9822 -33.8303 -12.1789 0.1956 31.8268 0.0674 3.4132 -9.5931 -1.8561 -1.4816 -4.4752 1.0086
-20.3324 99.2757 418.2049 1.0097 2.0180 -3.0959 -0.3431 3.0366 -0.8158 -0.0399 -4.0584 -2.5324 0.0428 10.9470 -4.5567 -1.0614 12.0759 3.9675 0.0048 -3.5547 0.7569 -0.4503 -4.1470 1.4356 -0.0159 -0.0661 0.0114 0.7277 -10.6618 -3.8281 -0.7614 -10.7188 3.8718 -6.3685 12.2088 -11.0732 -54.2428 4.2428 -18.5523 0.0327 0.2982 -100.5789 0.8236 11.4600 -8.1402 -14.8735 10.8781 15.7528 -59.8208 1.7537 2.3343 15.4629 16.2739 9.1421 61.9253 10.1322 10.4629 1.1086 -0.6649 97.1632 2.0713 -2.4567 6.8894 15.1844 7.2565 -15.5515 49.9037 -3.3113 -4.8536 -0.1621 1.5041 8.7446 -0.1077 34.9731 -0.3308 -0.8808 -2.3923 -3.5605 2.3323 -21.0789 -2.6627 3.7059 -29.4850 -10.2805 0.2573 19.0950 0.1211 6.8188 -8.6534 -0.9623 -1.4600 -4.5492 1.0080
-20.7579 99.5144 423.7160 1.4327 1.2723 -2.7180 -0.4559 2.6498 -0.6107 -0.0801 -4.1839 -2.6640 0.0606 10.9040 -4.5315 -0.9939 12.9508 3.9643 -0.1583 -3.5331 0.8680 -0.3358 -2.9765 1.1711 -0.0264 -0.0435 0.0707 0.7342 -10.6114 -3.7731 -0.7887 -10.6609 3.9378 -6.3119 12.4402 -10.7788 -55.1647 6.9752 -20.7371 0.1192 0.2810 -101.6072 -0.2077 10.0953 -7.2625 -14.8776 10.8313 15.7392 -59.7727 1.7972 2.2887 15.5971 16.8557 8.8155 62.3950 10.6640 9.1585 1.1141 -0.7154 97.8488 2.4546 -3.4448 6.9025 15.2592 7.2660 -15.6646 50.1026 -3.2105 -4.9617 0.1361 1.3643 7.6273 -0.1642 40.6945 -0.3565 -2.4653 5.0214 -3.5864 2.3130 -21.7700 -2.5243 2.0349 -25.1473 -8.8387 0.1679 12.4311 0.0755 10.4227 -7.1048 -0.7190 -1.3868 -4.7944 1.0620
-21.2741 98.9850 428.6574 1.3220 0.3817 -2.2118 -0.0050 2.5399 -0.4028 -0.1727 -4.2631 -2.4344 -0.0462 10.9288 -4.2192 -0.8598 13.2262 3.6886 -0.4168 -3.5009 0.8788 0.0927 -1.9363 0.6632 -0.0376 -0.0327 0.1173 0.7314 -10.6108 -3.7303 -0.8069 -10.6499 3.9882 -7.0223 12.6409 -10.5732 -55.4539 9.9822 -22.8635 0.1572 0.2225 -102.2774 -1.2770 8.4055 -5.8656 -14.9380 10.9055 15.9181 -59.9232 1.7768 2.4143 16.4585 16.7316 8.9815 61.9729 11.5722 8.2128 0.9291 -0.7285 98.8198 2.4244 -3.8338 6.8458 15.4274 7.2262 -15.8043 50.2610 -3.2896 -5.1661 1.1718 -0.6215 5.8045 -0.1277 49.0406 -0.3152 -6.1776 9.7733 -4.7914 1.9394 -15.1299 -2.1621 1.5329 -22.2028 -9.1946 0.1965 13.5886 -0.0298 11.7246 -3.4418 0.6630 -1.3659 -4.6861 1.1408
-21.7916 97.8298 433.1845 0.3677 -0.7982 -1.7124 0.8198 2.9519 -0.2517 -0.1297 -4.1280 -1.9399 0.2332 11.1543 -3.7158 -0.8796 12.9175 3.5015 -0.5624 -3.4231 0.8403 0.3894 -2.4596 0.2400 -0.0198 -0.0297 0.0647 0.7506 -10.6061 -3.7867 -0.7902 -10.6358 3.9330 -8.2079 12.6538 -10.2560 -55.6003 12.1246 -24.0282 0.0362 0.3253 -101.8927 -2.2285 7.0633 -4.6257 -15.0160 10.9528 16.1333 -60.0180 1.7328 2.5807 17.4438 16.2319 9.8888 60.6451 11.9736 7.7078 0.7715 -0.7101 99.8244 2.4315 -3.4028 6.5833 15.5641 7.2516 -15.9031 50.3702 -3.4366 -5.1106 3.2287 -3.7362 3.6442 -0.0762 58.1157 -0.3094 -9.6602 8.0470 -6.5508 1.7533 -7.9844 -2.0376 2.3789 -21.8116 -10.1855 0.1285 21.2273 -0.0584 7.4697 -2.8143 2.3198 -1.4405 -3.0756 1.0392
-22.3274 96.7509 437.7775 -0.8143 -2.0487 -1.2631 1.5530 3.5535 0.0064 0.0748 -3.9553 -1.4318 0.7355 11.7322 -3.2906 -1.0915 12.5422 3.6659 -0.6403 -3.5258 0.3562 0.7028 -3.8403 -0.0973 -0.0117 -0.0609 0.0048 0.7387 -10.6154 -3.8314 -0.7638 -10.6450 3.8601 -9.7802 12.7773 -9.5253 -55.8933 12.9077 -23.7509 -0.3149 0.4243 -100.4324 -2.5423 6.4968 -4.3352 -14.9409 10.8812 16.0296 -60.3660 1.6229 2.4115 17.7242 15.8345 11.1677 58.7260 11.1520 8.4784 0.9053 -0.7477 99.7915 2.5535 -2.8452 6.4581 15.8247 7.2910 -15.7409 50.8403 -3.2130 -4.9668 5.4096 -7.5307 1.9942 -0.2842 64.7859 -0.5602 -9.4298 2.6373 -4.4391 1.7938 -5.8474 -2.0704 3.4434 -21.1060 -10.9839 0.0742 28.7589 -0.0807 2.2913 -5.8769 2.6887 -1.4447 -1.3165 0.9481
-22.7260 96.1656 442.2242 -1.0982 -2.9061 -0.4147 1.7995 3.7644 0.0974 0.0929 -3.8274 -0.9608 0.8144 12.4242 -2.9068 -0.9933 12.3257 3.5742 -0.6018 -3.5592 0.2922 0.8461 -4.4765 -0.2871 -0.0089 -0.0656 -0.0248 0.7280 -10.5704 -3.8474 -0.7496 -10.5858 3.8162 -11.5179 13.1321 -9.0176 -55.9613 13.1572 -22.1968 -0.6463 0.3879 -98.7315 -2.1897 6.0814 -4.2318 -15.1208 11.0530 16.0990 -61.1532 1.5859 2.2960 17.7855 15.5270 12.4067 56.8055 9.2712 10.6931 0.6704 -0.8097 98.8472 3.9395 -0.1825 6.4207 16.1189 7.4757 -15.8038 51.6789 -2.8909 -5.0510 6.3974 -12.0811 1.1628 -0.4975 67.1010 -0.7833 -8.2614 -2.0768 -1.6396 1.8076 -5.2503 -2.0937 3.2856 -19.1979 -10.8917 0.0041 32.9794 -0.1498 0.5799 -9.9571 1.8956 -1.4441 -0.4620 0.9261
-23.0219 96.0130 446.5181 -0.7490 -3.4057 0.4777 1.7808 3.8458 0.2298 -0.0375 -3.7828 -0.4517 0.6611 12.8334 -2.5074 -0.7984 12.4445 3.5258 -0.6093 -3.5805 0.1722 1.1157 -4.4604 -0.6709 -0.0105 -0.0746 -0.0042 0.7225 -10.5422 -3.8134 -0.7486 -10.5436 3.8220 -12.8037 13.3415 -8.5003 -56.2091 13.7713 -20.3288 -0.5830 0.2074 -97.7448 -1.8917 5.4380 -3.8242 -15.3985 11.3849 16.2913 -62.3211 1.6223 2.2092 16.8057 15.0569 13.7956 56.0630 6.7024 13.8582 -0.0623 -0.7659 97.9143 6.3469 3.5366 6.7520 16.3132 7.7569 -16.0819 52.5281 -2.3104 -5.2091 6.1842 -16.9495 1.6920 -0.5318 64.7654 -0.7675 -7.8061 -5.2162 0.3095 1.7629 -4.7861 -2.0524 2.4879 -16.5662 -9.7008 -0.0279 34.6326 -0.2071 0.5175 -13.3714 -0.0646 -1.4391 0.0731 0.9345
-23.2273 96.2905 450.7613 -0.0327 -3.6813 1.1494 1.6572 3.9309 0.3721 -0.1923 -3.7296 0.2131 0.3811 12.8849 -2.1059 -0.6783 12.5901 3.4308 -0.6998 -3.5779 -0.1471 1.4444 -4.2242 -1.2463 -0.0267 -0.0801 0.0742 0.7109 -10.5314 -3.7286 -0.7708 -10.5208 3.8959 -13.6144 13.3771 -7.8052 -56.2309 14.8606 -18.8475 -0.0483 0.0272 -98.0047 -2.0897 4.6278 -3.5023 -15.6678 11.7788 16.5552 -63.4474 1.6989 2.2164 14.9502 14.5812 15.1958 56.3094 3.4267 16.8858 -0.7693 -0.6993 97.2900 8.3477 5.9434 7.1753 16.4398 8.1056 -16.3778 53.2594 -1.5480 -5.3777 4.6501 -21.0637 4.1116 -0.2587 58.0107 -0.4096 -7.5764 -6.3481 2.0568 1.7501 -4.4458 -1.9944 1.4950 -13.1825 -8.0164 -0.0409 33.9513 -0.1903 1.2962 -15.6051 -2.5552 -1.4342 0.3274 0.9324
-23.3186 96.8923 454.9375 0.8555 -3.8030 1.8721 1.4904 3.9863 0.4749 -0.3635 -3.6725 0.9324 0.0652 12.7122 -1.5809 -0.5282 12.6753 3.2035 -0.9235 -3.5624 -0.7245 1.7533 -3.9362 -2.0759 -0.0371 -0.0839 0.1352 0.7027 -10.5330 -3.6727 -0.7847 -10.5165 3.9644 -14.0946 13.4350 -7.2475 -55.8781 15.8100 -17.6292 0.5338 -0.0964 -99.0168 -2.5764 3.6961 -3.5311 -15.9441 12.1382 16.8624 -64.4451 1.8239 2.3265 13.1098 14.2182 16.2990 56.7029 0.1037 19.0330 -1.2564 -0.6153 96.9441 9.5370 6.7519 7.6017 16.5879 8.5109 -16.7165 54.1338 -0.9504 -5.5955 1.8350 -23.5706 7.7691 0.1761 47.6351 0.2265 -6.4991 -5.9583 3.5087 1.7756 -4.0754 -1.9865 0.4988 -9.1234 -6.3753 -0.0733 31.4992 -0.1932 2.1741 -16.4662 -5.1339 -1.4412 0.1779 0.9125
-23.2448 97.7111 459.4491 1.8330 -3.7272 2.8447 1.2593 3.8796 0.5113 -0.5501 -3.6372 1.4816 -0.2555 12.3458 -0.9123 -0.2519 12.9543 2.8654 -1.2419 -3.4700 -1.3031 1.8502 -3.8483 -2.9660 -0.0496 -0.0721 0.1897 0.6945 -10.5529 -3.6278 -0.8033 -10.5211 4.0315 -13.7568 13.5864 -6.7020 -55.8199 16.0511 -16.6395 0.7853 -0.1204 -100.1765 -2.8513 2.5310 -3.8417 -16.5564 12.6079 17.3002 -65.7792 1.9099 2.4901 11.1569 13.6598 16.9337 57.6831 -2.5262 19.8196 -1.2948 -0.7486 97.0601 10.0880 6.9394 7.7831 17.1846 9.1332 -17.3734 55.7617 -0.4207 -5.8816 -1.9323 -23.9735 11.3874 0.3296 34.6370 0.5719 -3.9468 -5.0668 4.2650 1.7799 -3.9073 -1.9907 -0.5290 -5.0621 -5.3569 -0.1216 28.5614 -0.3169 2.8086 -15.6861 -7.2764 -1.4659 -0.6934 0.8498
-22.9892 98.5949 464.0025 2.4892 -3.6809 3.7602 1.1104 3.6556 0.5577 -0.6373 -3.7565 1.9142 -0.4567 12.0356 -0.3524 -0.0542 13.4350 2.6986 -1.5392 -3.5202 -2.1209 1.8931 -3.5537 -3.9884 -0.0495 -0.0667 0.1902 0.6798 -10.6070 -3.6419 -0.7892 -10.5751 4.0464 -12.6868 13.6677 -6.1275 -56.5904 15.8259 -15.6208 0.9670 -0.0393 -101.5342 -2.8015 0.9783 -4.0318 -16.9801 13.0715 17.6584 -67.1829 1.9744 2.6291 9.6098 13.4732 17.3226 58.6815 -4.2229 19.6396 -1.2895 -0.7511 97.9372 10.3108 6.0743 7.4416 17.6200 9.5540 -17.9336 57.3155 -0.2719 -6.0996 -4.8996 -22.7125 13.0267 0.1848 21.8687 0.5861 -2.7053 -4.2081 3.8551 1.7977 -3.8656 -1.9652 -1.5325 -1.7738 -5.7626 -0.1085 27.1647 -0.3742 3.7243 -13.7446 -7.8074 -1.4540 -2.3296 0.8774
-22.6335 99.2824 468.5538 2.7149 -3.8915 4.4866 0.9401 3.3748 0.5890 -0.6577 -3.9103 2.1348 -0.5328 11.7214 -0.0829 0.2404 14.1712 2.5249 -1.6393 -3.5653 -2.6444 1.7176 -3.2667 -4.5594 -0.0444 -0.0644 0.1681 0.6701 -10.6570 -3.6695 -0.7693 -10.6275 4.0268 -11.0829 13.9550 -5.3516 -57.6768 15.2791 -14.5102 0.9592 -0.0911 -103.1149 -1.8674 -0.3760 -4.5057 -17.6790 13.7294 18.1467 -69.4163 1.9070 2.9341 8.5481 13.4752 17.4441 59.8343 -4.8086 18.7752 -1.0706 -0.8484 99.5720 10.3780 4.7585 6.7046 18.1620 10.0364 -18.6990 59.5398 -0.0846 -6.3745 -6.3789 -21.0292 12.8132 0.0285 13.4129 0.4272 -2.0108 -3.2044 3.6451 1.8251 -4.1192 -2.0241 -2.2681 0.1555 -6.7373 -0.1193 29.0218 -0.4035 4.7079 -11.5184 -6.8443 -1.4206 -4.3346 0.8679
-22.2353 99.6292 473.1410 2.7509 -4.4625 5.2039 0.6175 3.1301 0.5499 -0.7066 -4.0623 2.1790 -0.6094 11.4874 -0.0780 0.7348 15.0305 2.2609 -1.6080 -3.5580 -2.9480 1.5693 -2.9568 -4.7280 -0.0347 -0.0621 0.1245 0.6707 -10.6766 -3.7116 -0.7493 -10.6500 3.9741 -9.2891 14.3272 -4.6419 -58.4633 14.8316 -13.4496 0.7545 -0.1710 -104.8568 -0.1197 -1.4252 -5.5754 -18.7482 14.4976 18.8449 -72.4150 1.6892 3.4158 8.1052 13.4951 17.2206 61.0556 -4.4822 17.5625 -0.7812 -0.9151 101.6477 10.3633 3.3955 5.7399 18.9736 10.6867 -19.6898 62.5051 0.3587 -6.7817 -6.7394 -19.2843 11.4291 0.0015 10.3264 0.3511 -0.3663 -1.7883 3.5128 1.8696 -3.8425 -2.0811 -2.8022 0.9791 -7.7058 -0.1662 33.4889 -0.3838 5.5614 -9.3454 -5.3193 -1.3891 -5.9705 0.8689
-21.9365 99.4888 477.7260 2.8574 -5.3897 5.8923 0.0743 2.9080 0.4608 -0.8076 -4.1699 2.1692 -0.8287 11.3805 -0.2960 1.3870 15.8366 1.9861 -1.5737 -3.5352 -3.0949 1.6562 -2.5963 -4.7000 -0.0274 -0.0486 0.0753 0.6815 -10.6722 -3.7638 -0.7439 -10.6492 3.9230 -7.9172 14.7085 -4.2518 -58.3160 14.9817 -12.4957 0.5603 -0.1916 -106.9505 2.1601 -2.3467 -7.4308 -20.2081 15.4560 19.7555 -75.8758 1.1691 4.0060 8.4139 13.5746 16.6305 62.0855 -3.6366 16.1575 -0.4192 -0.9177 103.7930 10.6636 1.7231 4.6580 20.0467 11.4642 -20.7383 65.9827 1.1350 -7.2612 -6.4324 -16.9727 9.2722 -0.0160 10.5708 0.2679 1.4907 0.0462 2.5756 1.9115 -2.9334 -2.1128 -3.3395 1.0334 -8.3527 -0.1708 39.7785 -0.3237 6.3355 -6.9860 -3.5813 -1.3802 -7.1355 0.9001
-21.7188 98.9481 482.3391 3.4251 -6.4211 6.2720 -0.8035 2.6373 0.4463 -0.9518 -4.2285 2.1122 -1.2609 11.5253 -0.6150 1.9560 16.3202 1.8418 -1.5867 -3.5207 -3.1300 2.0461 -2.3164 -4.7035 -0.0196 -0.0305 0.0297 0.6935 -10.6781 -3.8198 -0.7384 -10.6629 3.8846 -8.1051 14.9331 -4.3267 -56.4458 15.6953 -11.1757 0.3448 -0.1299 -109.1880 4.5350 -2.7582 -10.0051 -21.7929 16.3131 20.5450 -78.9913 0.3112 4.5418 9.6979 13.7153 15.9475 62.3953 -2.6430 14.6716 -0.1910 -0.9777 105.6236 11.5141 0.0493 3.8030 21.1413 12.1815 -21.5811 69.2027 1.9921 -7.8221 -6.2869 -14.1788 7.2536 -0.0321 12.0201 0.1765 2.6541 3.1836 0.7584 1.9217 -1.6852 -2.0563 -4.3391 0.2209 -8.3631 -0.1157 46.6903 -0.2647 7.3453 -4.4935 -1.3402 -1.3917 -7.8515 0.9717
-21.4793 98.3318 486.7059 4.6695 -7.3664 6.1758 -1.8950 2.4780 0.5336 -1.1635 -4.2386 2.0175 -1.9376 11.8834 -0.8598 2.2399 16.3330 1.9581 -1.5411 -3.5010 -3.1835 2.5676 -2.5618 -4.7581 -0.0126 -0.0038 0.0060 0.6847 -10.6750 -3.8541 -0.7137 -10.6575 3.8701 -10.0902 14.9214 -4.7980 -53.0856 16.4785 -9.7005 0.3734 -0.1777 -110.8522 6.4639 -2.2132 -13.0207 -23.2395 16.6212 20.6101 -80.7349 -0.6307 4.6199 11.6425 13.9937 15.4199 62.0554 -1.9614 13.3247 -0.4390 -1.0748 106.8582 12.8112 -1.5040 3.2005 21.7180 12.8823 -22.0061 71.0914 3.1804 -8.1984 -6.9018 -11.7010 5.8996 -0.0439 14.0692 0.0828 2.9712 5.8756 -0.0617 1.8368 -0.5080 -1.9876 -6.1237 -1.4620 -7.5787 0.0547 52.9866 -0.0114 8.9812 -2.2448 1.4164 -1.3385 -8.0984 0.9713
-21.2292 97.8431 490.6399 6.3911 -7.9387 5.4995 -2.9249 2.3550 0.7360 -1.3580 -4.2275 1.8594 -3.0188 12.3546 -1.0129 2.2834 15.8176 2.0422 -1.5522 -3.5346 -2.8997 2.8675 -3.3949 -5.0563 -0.0032 0.0282 -0.0108 0.6751 -10.6545 -3.8809 -0.6868 -10.6536 3.8587 -12.0094 14.6301 -5.4057 -50.1565 16.7270 -8.4314 0.4281 -0.2783 -111.9872 7.4901 -0.0959 -15.2897 -24.2509 16.6987 20.2882 -82.0259 -1.5787 4.3021 12.8810 14.1853 15.1652 62.4305 -1.9928 11.6404 -0.3684 -1.2122 107.5127 13.4711 -1.4948 3.0497 22.1580 13.2323 -22.2381 72.3826 3.8819 -8.5761 -8.1463 -10.3499 5.7418 0.0224 18.0795 0.0832 2.7585 4.5054 -0.1706 1.7857 0.3914 -1.9709 -8.2453 -4.0766 -5.3037 0.2959 58.3791 0.2742 10.6293 -2.5392 3.1738 -1.3393 -7.3568 1.0422
-20.9850 97.4437 494.3979 7.5266 -8.1941 4.6500 -3.3906 2.4542 0.7621 -1.4607 -4.1477 1.7901 -3.7954 12.6611 -1.2301 1.8965 14.9021 2.2858 -1.5217 -3.5537 -2.7865 2.9075 -4.9232 -5.0115 -0.0011 0.0286 -0.0037 0.6642 -10.6404 -3.8714 -0.6724 -10.6423 3.8647 -13.2503 14.4117 -5.8290 -48.5075 16.3717 -8.1115 0.5084 -0.1768 -112.3668 7.9609 2.8171 -16.8400 -25.1070 16.7879 19.9175 -82.7160 -2.4851 3.6040 13.0853 14.5001 14.9182 63.2041 -2.2926 10.6555 -0.6758 -1.2373 107.8116 13.8128 -1.6812 2.6912 22.2562 13.4848 -22.3593 73.0597 4.4442 -8.9571 -8.8978 -9.4609 6.0876 0.0615 22.1524 0.0737 2.5904 1.3261 -0.1539 1.7810 0.7248 -1.9441 -9.7075 -7.2547 -2.7644 0.4166 62.1629 0.4785 10.3507 -3.9809 2.1905 -1.3467 -6.5478 1.0518
-20.6560 97.1267 497.7648 7.9262 -8.0216 3.8967 -3.4962 2.5972 0.7121 -1.4536 -4.0328 1.6522 -4.0794 12.7774 -1.5675 1.3801 13.7967 2.5182 -1.3956 -3.5815 -2.6627 2.7708 -6.6669 -4.8253 -0.0004 0.0216 0.0177 0.6552 -10.6229 -3.8469 -0.6623 -10.6255 3.8847 -13.5729 14.1057 -6.1880 -48.1380 15.7715 -8.3041 0.5114 0.0057 -112.6259 8.0844 5.5925 -17.7110 -26.0782 16.9491 19.7049 -83.7627 -3.4103 2.8673 12.7917 14.7320 14.7712 63.8232 -2.4479 9.9230 -1.0890 -1.3640 107.9837 13.8760 -1.6499 2.1209 22.3933 13.6320 -22.4471 73.6251 4.6244 -9.2309 -8.9628 -8.6359 6.5137 0.0711 25.0978 0.0204 2.2773 -1.9681 -0.0661 1.7829 1.0211 -1.9044 -10.5788 -10.8022 -0.6529 0.4089 63.7566 0.5263 9.3254 -5.1255 0.4072 -1.3500 -5.9351 1.0132
-20.4684 96.9207 500.9279 7.8934 -7.5538 3.5366 -3.5265 2.7047 0.5681 -1.3981 -3.9486 1.4477 -4.0211 12.7998 -1.9607 1.0919 12.7608 2.5846 -1.2491 -3.6096 -2.5362 2.5678 -8.2535 -4.6485 0.0017 0.0200 0.0386 0.6506 -10.5944 -3.8222 -0.6529 -10.5951 3.9016 -13.3197 13.8277 -6.6513 -48.3835 14.9094 -8.6465 0.3947 0.1605 -112.9620 8.2450 7.4549 -18.3587 -26.9424 17.0167 19.6595 -84.6479 -4.2962 2.4305 12.6633 14.8334 14.5291 63.9682 -2.4415 9.2108 -1.4530 -1.4450 107.9347 13.8274 -1.6929 1.4099 22.6679 13.6311 -22.4460 74.2278 4.5902 -9.4991 -8.6650 -7.6347 6.6521 0.0686 26.6231 -0.0471 1.8851 -4.8143 0.0505 1.7825 1.1551 -1.8466 -11.2338 -14.1768 0.6330 0.3143 62.9272 0.4485 8.8677 -5.7911 -0.2073 -1.3483 -5.5124 0.9762
-20.3239 96.8614 504.0419 7.6402 -6.8859 3.6004 -3.5433 2.7504 0.4063 -1.3291 -3.9395 1.1202 -3.7811 12.8311 -2.3493 1.0971 11.8650 2.5236 -1.1459 -3.6416 -2.4212 2.3344 -9.6931 -4.6122 0.0033 0.0248 0.0464 0.6469 -10.5879 -3.8147 -0.6448 -10.5891 3.9111 -12.7076 13.6430 -7.1703 -49.0234 13.7384 -8.9862 0.2077 0.1549 -113.3626 8.5275 8.6070 -18.9125 -27.6420 17.0202 19.6226 -85.2947 -5.1629 2.2693 12.6886 14.8409 14.1900 63.8892 -2.4155 8.3352 -1.6166 -1.5960 107.6767 13.6556 -1.8451 0.6524 23.0860 13.4940 -22.3486 74.8708 4.4831 -9.8207 -8.1716 -6.3841 6.4966 0.0636 26.9173 -0.1056 1.4726 -7.0550 0.0838 1.7842 1.0666 -1.8006 -11.7944 -17.0938 1.1976 0.2102 60.0222 0.3420 9.2126 -6.3749 0.3052 -1.3509 -5.1801 0.9615
-20.2890 96.9830 507.0374 7.1986 -6.0160 3.9523 -3.5094 2.6631 0.2295 -1.2365 -3.9866 0.7551 -3.4151 12.8320 -2.7155 1.3462 11.1179 2.4235 -1.1297 -3.6704 -2.3643 2.0833 -10.9511 -4.7109 0.0051 0.0330 0.0440 0.6397 -10.5829 -3.8199 -0.6329 -10.5921 3.9116 -11.9701 13.5172 -7.6408 -50.0179 12.4410 -9.3183 0.0144 0.0790 -113.6451 8.9043 9.4429 -19.3588 -28.1791 16.9721 19.5499 -85.7571 -5.9453 2.2407 12.8484 14.7263 13.7695 63.7228 -2.2778 7.3968 -1.6246 -1.7521 107.2803 13.4120 -2.1192 -0.2362 23.4983 13.2786 -22.1425 75.4709 4.3913 -10.1693 -7.4786 -4.8488 6.1023 0.0728 26.0045 -0.1409 1.0848 -8.7055 -0.0343 1.7836 0.7703 -1.7496 -12.1078 -19.3273 1.1086 0.1709 55.2720 0.3277 10.0913 -7.1456 1.1209 -1.3626 -4.9051 0.9835
-20.3819 97.2265 509.8577 6.5886 -5.0157 4.4894 -3.3811 2.4739 0.0499 -1.1232 -4.0899 0.3377 -2.9463 12.7759 -3.0005 1.7581 10.5121 2.3047 -1.2104 -3.6896 -2.3990 1.8574 -11.9980 -4.9243 0.0046 0.0378 0.0268 0.6268 -10.5863 -3.8402 -0.6200 -10.6091 3.8978 -11.0846 13.5521 -8.0418 -51.4797 11.1906 -9.7568 -0.0810 -0.0841 -113.7305 9.2728 10.1693 -19.6110 -28.4409 16.8692 19.4359 -86.0270 -6.5233 2.3085 12.9598 14.5340 13.2993 63.5735 -1.9833 6.5128 -1.4231 -1.9364 106.8489 13.0923 -2.5700 -1.3007 23.7000 13.0482 -21.8284 75.8124 4.4011 -10.5403 -6.5742 -2.9876 5.4612 0.0718 24.0498 -0.2076 0.7135 -9.9116 -0.1482 1.7795 0.3072 -1.7010 -12.0357 -20.7030 0.5030 0.1961 49.1352 0.3943 11.2306 -8.1487 1.8898 -1.3687 -4.7560 1.0391
-20.4957 97.5417 513.0702 5.8605 -3.9850 5.0705 -3.1408 2.2211 -0.1259 -1.0098 -4.2388 -0.0439 -2.4083 12.6252 -3.2301 2.1953 10.0622 2.2386 -1.2700 -3.6833 -2.5523 1.6560 -12.7979 -5.1237 0.0023 0.0319 0.0185 0.6124 -10.5834 -3.8511 -0.6090 -10.6209 3.8929 -10.0985 13.7025 -8.3236 -53.4011 10.2823 -10.3621 -0.0854 -0.2401 -113.5952 9.4448 10.9540 -19.4964 -28.5199 16.6992 19.3072 -86.1260 -6.8652 2.3497 12.9365 14.3469 12.8294 63.4428 -1.4254 6.1118 -1.2684 -2.0590 106.4714 12.7055 -3.1481 -2.4001 23.6563 12.7752 -21.4605 75.8173 4.2691 -10.8840 -5.5488 -0.7969 4.5947 0.0806 21.2314 -0.3090 0.5152 -10.6046 -0.0719 1.7778 -0.2881 -1.6784 -11.5267 -21.0315 -0.2457 0.2280 42.5112 0.5026 12.3247 -9.4244 2.2724 -1.3617 -4.7074 1.1241
-20.6899 97.8891 516.4012 5.0112 -2.9252 5.6835 -2.7605 1.8688 -0.2730 -0.8969 -4.4057 -0.3666 -1.8365 12.4179 -3.4707 2.5919 9.6352 2.1356 -1.2875 -3.6212 -2.8571 1.3860 -13.3444 -5.2409 0.0001 0.0141 -0.0209 0.5962 -10.5687 -3.8940 -0.5972 -10.6171 3.8583 -8.9372 13.8241 -8.3720 -55.7031 9.9917 -11.2929 -0.0646 -0.3729 -113.4470 9.4082 11.6934 -18.9937 -28.2866 16.4094 19.4088 -85.8623 -6.8208 2.5472 12.6328 14.1220 12.3599 63.2804 -0.6790 6.2511 -1.0304 -2.0283 106.0945 12.2174 -3.6319 -3.0844 23.4268 12.6704 -21.4778 75.5895 4.2612 -11.3047 -4.4147 1.6462 3.4106 0.1417 17.7770 -0.3764 0.5013 -10.8203 0.2546 1.8195 -0.9519 -1.6428 -10.4856 -20.5552 -0.8937 0.1712 36.6952 0.4924 12.9858 -11.2516 2.1785 -1.3409 -4.4587 1.2229
-20.9055 98.0896 520.0512 4.1253 -1.9346 6.2651 -2.2939 1.5386 -0.3067 -0.8024 -4.5895 -0.7144 -1.2460 12.1663 -3.6466 2.9266 9.2538 1.9943 -1.2988 -3.6195 -3.0300 1.1794 -13.8241 -5.4053 -0.0030 0.0102 -0.0336 0.5809 -10.5357 -3.8980 -0.5870 -10.5786 3.8371 -7.8936 14.1250 -8.3312 -58.0410 10.0081 -12.3416 0.0985 -0.4504 -113.5002 8.8901 12.3649 -18.2188 -27.8217 16.1056 19.2982 -85.3625 -6.6224 2.5716 12.2650 13.9362 12.1122 62.7937 0.1670 6.7825 -0.9307 -2.1495 105.9900 11.9898 -3.9171 -3.5589 23.0232 12.5046 -21.2970 74.9702 3.7919 -11.1611 -3.2461 3.6537 2.0854 0.1661 15.5501 -0.4537 0.5672 -10.8331 0.9156 1.8196 -1.9198 -1.6961 -9.0227 -19.4338 -1.2986 0.1176 32.7968 0.4601 12.7631 -12.6352 2.0730 -1.3362 -4.2784 1.1675
-21.1083 97.9970 523.9474 3.2556 -0.9541 6.9592 -1.8403 1.2317 -0.3555 -0.6856 -4.7528 -0.9817 -0.6486 11.9039 -3.8218 3.0270 8.6945 1.8590 -1.3405 -3.6333 -3.2205 1.1323 -14.3667 -5.7044 -0.0042 0.0172 -0.0467 0.5869 -10.4655 -3.8957 -0.5933 -10.4889 3.8043 -7.1920 14.3735 -8.1567 -60.0807 10.3988 -13.0720 0.1045 -0.6586 -114.0408 8.1736 12.8789 -17.4427 -27.0473 15.8341 19.3561 -84.1302 -6.1750 2.7358 12.0123 13.7017 12.0518 61.7519 0.9756 7.5247 -0.8813 -2.0923 106.2774 12.0736 -3.9990 -3.8379 22.6750 12.2145 -21.1145 73.9080 2.8303 -11.0189 -2.1030 4.7454 0.7289 0.1901 15.2467 -0.5416 0.7664 -10.8561 1.7004 1.8224 -3.0427 -1.7340 -7.3679 -18.0486 -1.6025 0.0142 31.1585 0.3566 11.8502 -13.7458 2.2658 -1.3506 -3.8719 1.0248
-21.2918 97.8731 527.6691 2.0962 0.0959 7.5952 -1.1232 0.9793 -0.2571 -0.5527 -4.9582 -1.0419 0.0653 11.6873 -3.8349 3.1095 8.0402 1.6258 -1.5021 -3.6616 -3.6802 0.9481 -15.2187 -6.1385 -0.0063 -0.0052 -0.0093 0.5824 -10.4428 -3.8521 -0.5888 -10.4709 3.8353 -6.8383 14.7078 -7.8752 -61.9719 11.1439 -13.9043 0.4561 -0.6253 -114.9033 7.3449 12.6289 -16.6720 -26.1057 15.8024 19.5920 -83.1426 -5.4711 3.1080 11.6317 13.3780 12.0990 60.2083 1.4228 8.0065 -0.5465 -1.7157 106.8705 12.5855 -4.9325 -3.8185 21.9508 12.5354 -21.2585 73.2431 2.7271 -10.4259 -0.6382 4.3443 -0.7001 0.1799 17.8941 -0.6417 1.3936 -10.7951 2.6742 1.8854 -4.6684 -1.9321 -5.3112 -16.7804 -1.3780 -0.0909 30.9227 0.1365 10.3719 -14.4426 1.7268 -1.3679 -3.5567 1.0490
-21.6302 97.4317 531.1423 0.9512 0.9223 8.2478 -0.3996 0.9577 -0.1918 -0.3628 -4.9927 -0.8964 0.7186 11.5436 -3.8170 3.1341 7.0342 1.6302 -1.6658 -3.6440 -4.1181 0.9134 -16.0871 -6.7031 -0.0040 -0.0036 -0.0018 0.6004 -10.3988 -3.8403 -0.6020 -10.4221 3.8339 -6.7488 14.7778 -7.3764 -63.5845 11.8279 -13.7201 0.4022 -0.7155 -116.0488 6.5113 11.4418 -16.2389 -25.3373 15.6445 19.8879 -82.2852 -4.7291 3.9247 11.3902 13.0845 12.5852 58.4866 1.4044 8.2587 -0.5205 -1.6529 107.8876 12.8405 -5.5281 -3.1072 21.8622 12.5253 -21.3958 72.9975 2.9490 -10.0415 0.7865 2.4380 -1.9244 0.1863 23.4376 -0.8153 1.9499 -10.6952 3.6217 1.9059 -6.4773 -2.0817 -3.3637 -15.5919 -0.6553 -0.1309 31.4766 0.0092 8.9032 -15.8495 0.7991 -1.3840 -2.9166 1.0107
-21.9416 96.8098 534.5006 -0.1314 1.5022 8.8039 0.3403 1.1864 -0.0535 -0.1828 -4.9127 -0.6055 1.4026 11.5614 -3.4945 2.9828 5.8998 1.6616 -1.8309 -3.6251 -4.7201 1.0763 -17.1363 -7.3051 -0.0006 0.0066 -0.0003 0.6114 -10.3781 -3.8408 -0.6063 -10.3905 3.8359 -7.3032 14.7938 -6.6679 -64.6557 12.4642 -12.7160 0.5464 -0.7991 -117.1050 5.5151 9.5152 -15.4584 -24.7273 15.4100 20.1410 -81.8381 -3.7789 4.6850 11.1821 12.7925 13.2634 56.7127 0.5162 7.9792 -0.4284 -1.5486 108.6550 12.5710 -6.0589 -1.8071 21.8183 12.4955 -21.4528 72.8238 2.9737 -9.4971 2.1347 -1.3541 -2.8463 0.1441 32.2307 -0.9460 2.4729 -10.6995 4.1426 1.9258 -8.2020 -2.1993 -1.4371 -14.5325 0.3145 -0.1196 32.5005 -0.0499 7.2213 -17.7507 -0.2434 -1.3933 -2.3232 0.9982
-22.2544 96.0910 537.4905 -0.8017 1.8091 9.2273 0.9982 1.5789 0.1701 -0.0739 -4.7185 -0.2284 1.8724 11.7522 -2.8367 2.6398 4.7632 1.6238 -1.9429 -3.6036 -5.1684 1.3682 -18.3679 -7.9715 0.0033 0.0237 0.0395 0.6162 -10.3739 -3.8055 -0.6041 -10.3677 3.8814 -8.6064 14.7792 -5.7811 -64.9492 12.7981 -10.6698 0.9450 -0.8657 -117.5919 4.3507 8.0158 -13.5442 -24.3022 15.1169 20.0978 -81.8838 -2.5765 4.7322 10.9357 12.4008 13.9762 55.0663 -0.9331 7.5064 -0.2801 -1.4608 108.5828 11.4106 -5.5270 0.1960 21.9104 12.4007 -21.2489 72.7830 2.5402 -8.5329 2.9423 -6.4555 -3.2660 0.0228 42.5899 -0.9802 3.0107 -10.9485 3.6777 1.9293 -8.7908 -2.2437 0.0417 -13.3710 1.0076 -0.0733 33.7919 -0.0043 5.4969 -20.0317 -0.8196 -1.4015 -1.7892 1.0182
-22.3886 95.4308 540.4292 -0.9255 2.0241 9.4098 1.5302 2.0051 0.4030 -0.0345 -4.4474 0.2786 2.0545 12.0127 -1.9238 1.9599 3.7401 1.5466 -1.9365 -3.5889 -5.4522 1.7130 -19.8197 -8.5030 0.0114 0.0380 0.1175 0.6221 -10.3508 -3.7313 -0.5963 -10.3282 3.9613 -10.4040 14.8154 -4.7846 -64.5644 12.4370 -7.8451 1.2770 -0.8391 -117.3806 3.0711 7.8965 -10.3265 -23.6984 14.9189 19.7130 -81.5771 -1.1878 3.9751 10.3191 12.0722 14.6550 53.8355 -2.6072 7.0409 0.0284 -1.2991 107.4656 9.8305 -3.1508 2.1522 21.8254 12.1524 -20.7711 72.1993 1.7539 -7.0728 2.8494 -11.8744 -3.0207 -0.1221 51.6678 -0.9415 3.6357 -12.0961 2.6611 1.8920 -7.8099 -2.1997 0.7421 -12.0939 1.1012 -0.0419 35.0220 0.1167 3.9842 -22.3536 -0.4183 -1.4123 -1.5491 1.0647
-22.4134 95.1338 543.6644 -0.5866 2.2705 9.3757 1.9335 2.3943 0.7114 -0.0711 -4.2286 0.9195 1.9186 12.3280 -1.0090 1.1681 2.8512 1.5423 -1.9084 -3.5242 -5.3895 2.0938 -21.2109 -9.1090 0.0275 0.0491 0.2132 0.6255 -10.3463 -3.6427 -0.5704 -10.3291 4.0604 -11.9958 14.6866 -3.8234 -64.2044 11.8813 -5.0222 1.3412 -0.5330 -116.9833 1.4480 8.2091 -6.5459 -22.5997 14.7640 19.2398 -80.0335 0.3823 3.2435 9.4732 12.1659 15.3905 52.8257 -4.3185 6.6558 0.4926 -1.0716 105.7663 8.4948 0.0052 3.3438 21.1605 11.8584 -20.2280 70.0889 1.6048 -5.6057 1.8273 -16.8190 -2.2307 -0.1797 57.3656 -0.7213 4.9251 -13.8039 2.3712 1.8490 -6.6356 -2.1549 0.6453 -10.2740 0.7978 -0.0379 35.2253 0.2116 2.5143 -23.7917 0.8958 -1.4364 -1.8839 1.1285
-22.1878 95.2928 547.0587 0.2188 2.6876 9.2200 2.0119 2.6436 0.8981 -0.1445 -3.9917 1.6935 1.5378 12.6015 -0.1734 0.2770 1.9842 1.6733 -1.8781 -3.5528 -5.1176 2.7090 -22.1763 -9.7460 0.0327 0.0549 0.2303 0.6265 -10.3206 -3.6273 -0.5629 -10.3258 4.0807 -13.2498 14.5977 -2.9407 -64.0303 11.2747 -2.7491 0.8303 -0.5927 -116.7231 -0.7388 9.5073 -2.8080 -21.1389 14.2417 18.6536 -76.2757 1.4675 2.7217 8.6716 12.4787 16.3316 52.1532 -5.3761 6.4602 0.5114 -0.7648 103.7460 7.4754 4.7729 4.0538 20.1947 11.0588 -19.2423 65.9296 1.0544 -4.6538 -0.2489 -20.9301 -1.1217 -0.1861 58.8686 -0.4850 6.8238 -15.2960 3.1422 1.8354 -5.7949 -2.1801 -0.2516 -7.4093 0.4908 -0.0767 33.2743 0.3562 2.1362 -23.1098 2.8644 -1.4361 -2.7455 1.1448
-21.7443 96.1521 550.9279 1.3870 3.4946 9.0691 1.6978 2.8384 1.0914 -0.2624 -3.8986 2.4988 0.8999 12.5565 0.5533 -0.1111 1.1260 1.8736 -1.9457 -3.6039 -5.0724 3.1310 -22.6387 -10.2234 0.0429 0.0494 0.2553 0.6132 -10.3103 -3.5953 -0.5305 -10.3375 4.0980 -13.6404 14.2872 -2.4965 -64.2366 11.6071 -2.4832 0.5404 -0.3781 -116.4692 -2.8993 10.2964 0.0144 -19.3120 13.3035 17.7687 -71.7253 1.9083 2.4950 8.1126 12.8732 17.2313 51.9528 -5.8351 5.8156 0.7462 -0.5465 101.9359 6.4631 9.6147 3.0668 18.8252 10.0749 -18.2646 60.8382 0.6311 -4.3736 -2.7601 -24.0316 -0.3004 -0.0304 56.1345 -0.0844 7.7453 -15.8395 3.9952 1.8018 -5.3379 -2.1679 -1.8089 -3.7566 0.1631 -0.0528 29.2356 0.5044 2.9616 -21.1269 4.9020 -1.4360 -4.2048 1.1523
-21.2184 97.3977 555.0021 2.8748 4.7534 9.1096 1.0153 2.9158 1.1279 -0.4101 -3.8141 3.2462 0.0485 12.2254 1.1939 -0.2626 -0.0170 2.0658 -2.0323 -3.6428 -4.9145 3.3553 -23.1344 -10.5834 0.0538 0.0544 0.2577 0.6195 -10.3168 -3.5996 -0.5159 -10.3630 4.1046 -13.3648 13.9593 -2.2878 -64.6200 12.1737 -3.7374 0.3720 -0.1806 -116.2534 -4.8565 10.0938 1.6079 -17.7295 12.5342 17.1343 -67.8938 1.8373 2.4978 7.5128 13.1921 17.8169 52.4736 -5.7083 5.0951 1.2222 -0.3992 100.6950 5.1015 13.1956 1.4386 17.6201 9.1352 -17.5485 56.5431 -0.2028 -4.8062 -5.4212 -26.1303 -0.0344 0.1350 49.1485 0.2092 8.3582 -15.3022 4.7041 1.7691 -4.8101 -2.1642 -3.8315 0.2580 -0.1616 -0.0510 23.7637 0.5881 4.7947 -17.1507 6.2337 -1.4517 -6.5455 1.1453
-20.5698 98.7300 559.1151 4.2139 6.3634 9.0948 0.2135 2.8335 1.0690 -0.5436 -3.8298 3.7867 -0.7622 11.8045 1.7288 -0.4569 -1.1741 2.2383 -2.0328 -3.6614 -4.7799 3.4861 -23.9742 -10.6099 0.0602 0.0564 0.2267 0.6232 -10.3644 -3.6447 -0.5065 -10.4182 4.0850 -12.5333 13.7479 -2.1778 -65.4666 12.4167 -5.4954 0.2262 0.0052 -115.6837 -6.0156 9.7026 2.4450 -16.7282 12.0353 16.7479 -65.4692 1.7008 2.5336 6.6295 13.4813 18.0902 53.6523 -5.1841 4.6686 1.9755 -0.3632 99.8541 3.5922 16.2741 -0.3484 16.8747 8.4734 -17.0963 53.8212 -1.0557 -5.1781 -7.3943 -26.9621 -0.3872 0.2093 38.3683 0.3321 8.4306 -13.2187 4.9524 1.7638 -4.4742 -2.1415 -5.8008 3.6743 -0.5069 -0.0482 18.5426 0.5941 6.7012 -11.6560 6.9465 -1.4799 -9.6747 1.1680
-19.9279 99.9174 563.7364 4.8499 8.0534 8.5940 -0.3934 2.6104 0.9587 -0.6582 -3.9244 4.0338 -1.2712 11.3670 2.2429 -0.7989 -2.1295 2.3474 -1.9123 -3.6482 -4.6917 3.5313 -24.8186 -10.0531 0.0544 0.0578 0.1593 0.6184 -10.4178 -3.7237 -0.5135 -10.4642 4.0284 -11.0750 13.7902 -1.9278 -67.0599 11.9387 -6.9968 -0.0011 0.0330 -114.3014 -5.8544 10.4184 3.0081 -16.0295 11.7342 16.4775 -63.7950 1.6663 2.5240 5.3722 13.7525 18.1315 55.3521 -4.1712 5.3067 2.5442 -0.2902 98.9783 2.4696 18.7592 -2.0976 16.3823 8.1159 -16.8308 52.2324 -1.6663 -5.4401 -8.1153 -26.3595 -0.6594 0.1796 25.3334 0.3378 7.5084 -9.1390 4.1908 1.7779 -4.3808 -2.0994 -7.2373 5.7614 -0.9589 -0.0041 15.2082 0.5876 8.2213 -5.3683 7.7510 -1.5306 -13.1876 1.2449
-19.2220 100.7421 568.7065 4.4960 9.3711 7.5096 -0.7181 2.3548 0.9208 -0.7180 -4.0860 3.9078 -1.4581 10.9659 2.5929 -1.0489 -2.7627 2.3657 -1.7105 -3.6248 -4.4777 3.5481 -25.2646 -9.0889 0.0446 0.0528 0.0987 0.6210 -10.4911 -3.7942 -0.5359 -10.5266 3.9775 -9.1374 14.0781 -1.6315 -68.9683 11.0449 -8.0149 -0.3044 0.0247 -112.5619 -4.7471 11.7787 3.4941 -15.3804 11.5997 16.2907 -62.4526 1.6988 2.4933 4.3423 14.0615 17.9436 57.0426 -2.5087 7.4518 2.5625 -0.1632 98.0994 2.1307 19.4121 -3.3234 15.9167 7.9562 -16.7103 51.2909 -2.0265 -5.6255 -7.7616 -24.5604 -0.1123 0.0979 13.5613 0.2826 4.9560 -4.2697 2.4933 1.7644 -4.2898 -2.0783 -7.6657 6.4625 -1.0121 0.0367 15.0579 0.5975 8.9081 0.3547 8.5095 -1.5911 -15.8353 1.3362
-18.5502 101.0138 573.9669 3.5620 9.7926 6.1205 -0.9792 2.2970 0.8721 -0.7483 -4.1831 3.5813 -1.4612 10.7430 2.5891 -1.1317 -3.0566 2.3991 -1.5639 -3.6256 -4.0991 3.6693 -25.0063 -8.3320 0.0299 0.0389 0.0382 0.6200 -10.5273 -3.8537 -0.5647 -10.5613 3.9185 -7.5234 14.4113 -1.6839 -70.0467 10.1983 -8.8862 -0.3576 -0.0027 -111.3978 -3.4229 12.8375 3.4692 -14.8975 11.5876 16.2302 -61.3811 1.7724 2.5540 4.2502 14.3522 17.4679 58.0526 -0.5680 10.5301 2.1206 -0.0850 97.0065 2.5947 17.9606 -3.7324 15.5625 7.7768 -16.7136 50.6224 -2.4081 -5.8604 -7.0539 -22.6822 1.0540 0.0895 8.4985 0.2189 2.1664 -1.5385 1.0571 1.7306 -3.8235 -2.0860 -7.2816 5.8877 -0.4898 -0.0141 19.1002 0.7036 7.9935 4.5567 8.2439 -1.6700 -17.5132 1.4283
-17.9039 100.5527 579.1543 3.1575 9.1994 4.7496 -1.7426 2.6528 0.6473 -0.8981 -4.1967 3.1797 -1.5080 10.7515 2.1976 -1.1131 -2.8696 2.5774 -1.3069 -3.5955 -3.8458 3.6272 -24.4491 -7.7329 0.0302 0.0344 0.0329 0.6270 -10.5323 -3.8508 -0.5707 -10.5790 3.9081 -6.5564 14.8829 -2.1994 -69.5103 9.3787 -10.5456 0.0853 -0.1212 -111.2802 -1.9748 12.9210 2.8586 -14.6099 11.5756 16.2018 -60.5109 1.8946 2.5265 5.0001 14.6384 16.7231 58.3387 1.1422 13.6265 1.7325 0.1127 95.0364 3.0670 16.3642 -4.2616 15.4606 7.5435 -16.6967 49.8993 -2.7809 -6.0246 -6.9202 -21.0334 2.3635 0.0535 11.7599 0.0586 1.8019 -2.3673 1.3522 1.6999 -3.0463 -2.0788 -7.4730 3.9280 -0.1812 -0.0713 27.6703 0.9447 6.8020 7.9904 8.2226 -1.7409 -19.4434 1.4588
-17.1880 99.3747 583.6482 3.5505 7.6245 3.6149 -2.7941 3.3101 0.4171 -1.1600 -3.9511 2.6775 -1.9668 10.9363 1.3478 -0.8896 -1.7404 2.6778 -1.2773 -3.6256 -3.5833 3.5040 -24.0190 -7.3818 0.0483 0.0482 0.0744 0.6418 -10.5336 -3.8184 -0.5524 -10.6074 3.9534 -5.4672 14.8716 -2.9468 -67.8558 8.7225 -12.8408 0.5842 -0.2360 -111.9422 -0.9713 12.9052 1.9606 -14.5342 11.1648 16.0270 -60.0854 1.8453 2.7324 5.7603 15.0802 15.7051 58.7436 2.2016 16.3884 1.4349 0.1237 91.9948 2.9543 16.0808 -5.6468 15.3911 7.3868 -16.5856 49.4592 -3.0865 -6.0606 -7.6158 -19.4975 3.8766 -0.0563 19.3657 -0.1117 2.6261 -7.5952 1.1126 1.6641 -1.6510 -2.0112 -8.7320 0.9196 -0.4197 0.0283 39.8264 1.2716 7.0490 11.8745 9.0355 -1.7788 -17.6087 1.4193
-16.6412 97.7487 588.0042 4.4727 5.8694 3.0016 -3.8352 4.0724 0.0787 -1.4747 -3.7465 2.0377 -2.8204 10.9929 0.2194 -0.4242 0.1702 2.6534 -1.3793 -3.6260 -3.4754 3.4834 -24.3352 -7.1051 0.0551 0.0860 0.1196 0.6575 -10.4683 -3.7805 -0.5563 -10.5496 4.0043 -4.4432 14.7257 -3.8270 -64.6672 7.5897 -15.1126 0.7138 -0.3553 -112.5621 -0.4334 12.3157 0.6865 -14.6490 10.9762 15.8263 -60.1692 1.7586 2.6137 6.2015 15.6898 13.9622 59.5695 2.6437 18.9370 1.4701 0.1152 88.5103 1.6575 16.8301 -7.8800 15.4495 7.2487 -16.4246 49.2836 -3.2151 -5.9870 -8.8666 -17.6530 5.3423 -0.0447 26.9609 -0.1346 3.1561 -14.0850 0.4355 1.6399 -0.9853 -1.9726 -10.3567 -3.1071 -0.6969 0.3220 53.4733 1.6339 7.5484 15.6583 8.9532 -1.5616 -9.3282 1.1507
-16.0994 96.4014 592.2271 5.3767 4.8215 2.8693 -4.7337 4.2813 -0.2572 -1.7241 -3.7686 1.1788 -3.7006 11.0867 -1.0307 0.2489 1.8390 2.5812 -1.4808 -3.6775 -3.3456 3.4374 -24.4784 -6.8716 0.0488 0.1172 0.1141 0.6497 -10.3989 -3.7834 -0.5615 -10.4652 4.0001 -4.2602 14.4899 -4.9705 -60.3034 6.2502 -16.6887 0.7417 -0.4453 -112.1567 -0.1268 11.6981 -0.9907 -14.6990 10.8671 15.6102 -60.0274 1.6397 2.4360 7.1037 16.2811 12.0255 60.0205 3.1772 20.9511 1.6430 0.1214 85.6342 -0.0378 17.5643 -9.7666 15.6058 7.1302 -16.3126 49.4122 -3.3291 -5.8940 -9.8603 -14.7646 6.0671 -0.0265 30.7375 -0.0636 3.6111 -18.6838 -0.4350 1.6331 -0.7942 -1.9266 -11.4683 -7.8816 -0.9727 0.7122 64.9948 1.8445 6.1159 16.0069 6.8428 -1.4727 -5.0045 1.0690
-15.6617 95.7795 596.9251 5.4065 4.4459 2.9981 -5.1134 4.1191 -0.5874 -1.8096 -3.8487 0.2597 -4.0426 11.0074 -2.2422 0.7323 2.8137 2.4995 -1.5761 -3.6146 -3.0020 3.3137 -24.1337 -6.6628 0.0344 0.1116 0.0514 0.6349 -10.3708 -3.8421 -0.5757 -10.4241 3.9386 -4.3051 14.2837 -6.3792 -56.5884 4.6408 -16.9704 0.1057 -0.3088 -110.5068 0.2661 11.7516 -2.4729 -14.6581 10.7285 15.4285 -59.7505 1.4733 2.3421 8.0295 16.7826 10.2080 60.2026 4.3674 22.5961 1.5505 -0.0001 84.3731 -0.7869 18.4366 -11.0957 15.7825 7.1589 -16.4199 49.7896 -3.4115 -5.9024 -9.7571 -10.9084 5.5245 -0.0211 30.6037 -0.0728 4.0406 -21.3105 -1.0040 1.6785 -0.8395 -1.9323 -10.7820 -12.8775 -1.0584 0.9617 72.1589 1.6618 3.0667 12.1584 2.5827 -1.4760 -4.2056 1.0778
-15.1188 96.0019 601.6658 4.5059 4.4379 3.2758 -5.0737 4.0404 -0.9943 -1.7873 -3.9261 -0.7150 -3.7098 10.5856 -3.2602 1.3330 3.3495 2.4028 -1.4930 -3.5975 -3.1143 2.8826 -23.5784 -5.8812 0.0005 0.0880 -0.0873 0.5622 -10.3948 -3.9847 -0.5661 -10.4269 3.8139 -3.6283 14.2800 -8.0543 -54.7647 3.7599 -16.8138 -0.1428 -0.1564 -109.0763 0.5475 11.5688 -3.4081 -14.7296 10.6882 15.3468 -59.7644 1.4320 2.2312 8.6361 16.9238 8.4286 60.2958 6.1908 23.9055 1.4026 -0.1497 84.8828 0.0873 19.5965 -12.5282 15.7816 7.1306 -16.4484 50.0017 -3.5686 -5.8658 -8.7874 -6.2673 4.0077 0.0669 27.7034 -0.1465 3.9096 -21.7334 -1.1849 1.6992 -1.5843 -2.0001 -8.1600 -17.9101 -1.3397 0.8075 74.7909 1.1420 -0.4584 5.6627 -2.8020 -1.4800 -3.6491 1.0773
-14.4167 96.8759 606.4259 3.2431 4.7686 3.5543 -4.8291 3.8952 -1.2685 -1.6145 -3.9726 -1.6291 -3.1964 10.1174 -4.2929 2.0878 3.2932 2.0702 -1.3453 -3.5847 -2.6778 2.1437 -22.8794 -4.8369 -0.0090 0.0700 -0.1555 0.5403 -10.4256 -4.0583 -0.5607 -10.4560 3.7531 -2.7924 14.3175 -9.6368 -54.2015 3.7797 -15.8458 -0.3752 -0.1996 -108.9045 0.4633 10.7788 -4.4804 -14.8906 10.6858 15.3785 -59.7245 1.4506 2.2152 9.0944 16.8181 7.1393 60.2331 7.8726 24.9801 1.0890 -0.4653 86.0888 1.4774 21.6385 -13.7187 15.7984 7.0865 -16.4256 49.9537 -3.6561 -5.8125 -7.6436 -1.4855 2.1608 0.1053 23.4923 -0.1856 3.8247 -19.5951 -1.1122 1.7289 -3.3337 -2.1035 -5.0312 -22.2110 -1.8014 0.3718 72.5543 0.4324 -2.4513 0.8864 -5.8678 -1.4772 -3.7690 1.0499
-13.6313 98.3673 611.3443 1.6583 5.4884 3.5959 -4.2894 3.6203 -1.4450 -1.4216 -4.0255 -2.4404 -2.4964 9.6926 -5.1454 2.9859 2.8134 1.6918 -1.2147 -3.6043 -2.0531 1.4038 -22.1026 -3.7202 -0.0158 0.0697 -0.2233 0.5413 -10.4610 -4.1333 -0.5723 -10.4855 3.6936 -2.1245 14.5280 -10.8282 -54.4659 4.5861 -14.8584 -0.4091 -0.3329 -109.5739 0.3174 9.6780 -5.3184 -15.0635 10.6323 15.3814 -59.6635 1.4493 2.2089 9.4145 16.5236 6.2346 60.0346 8.8107 25.8166 0.7748 -0.8419 87.4053 2.4958 23.3033 -14.1563 15.8343 7.1334 -16.4594 49.8544 -3.6602 -5.7614 -6.3044 3.0829 0.4973 0.1805 18.7498 -0.1065 3.6495 -14.8398 -1.4136 1.7981 -6.5857 -2.2207 -1.5984 -25.5830 -2.5920 -0.0748 66.1631 -0.1929 -2.8887 -2.1671 -6.6415 -1.4840 -4.0223 1.0358
-12.7177 100.1814 616.5652 -0.2959 6.6970 3.3506 -3.3527 3.1148 -1.5522 -1.1790 -4.1194 -3.1217 -1.5930 9.3352 -5.7555 3.7731 1.9854 1.4640 -1.0527 -3.6549 -1.4620 0.8311 -21.2837 -2.7503 -0.0214 0.0795 -0.2574 0.5482 -10.4707 -4.1679 -0.5875 -10.4862 3.6606 -1.4649 14.6881 -11.4013 -55.6348 6.0119 -14.3945 -0.3305 -0.4148 -110.0733 0.2778 9.1670 -5.8941 -15.1077 10.5962 15.3893 -59.7338 1.4300 2.1971 9.2257 16.0648 5.7227 60.1537 8.8646 26.3771 0.6246 -1.0713 88.9184 3.0352 23.7570 -13.7704 15.8637 7.1913 -16.5675 49.7466 -3.6754 -5.7351 -4.6462 6.7361 -0.5393 0.2180 14.6620 0.0985 3.4728 -8.2088 -2.1301 1.9328 -11.2639 -2.3773 2.2527 -27.7934 -3.7758 -0.2535 55.6521 -0.4141 -1.5457 -4.3683 -5.9709 -1.4698 -3.9748 1.0177
-11.7886 101.9284 622.3463 -2.3666 8.2107 3.0038 -2.1439 2.4552 -1.5482 -0.8274 -4.3086 -3.7510 -0.5813 9.0764 -6.0455 4.2828 0.9737 1.3879 -0.9395 -3.7283 -1.0474 0.4219 -20.4015 -2.0647 -0.0224 0.0825 -0.2529 0.5524 -10.4942 -4.1607 -0.5907 -10.5037 3.6612 -0.6503 14.9590 -11.4237 -57.6563 7.6101 -14.6958 -0.0912 -0.5097 -109.9265 0.4848 9.4915 -5.9880 -15.0358 10.5858 15.3825 -59.8621 1.4225 2.1733 8.2566 15.4929 5.4774 60.8252 8.3829 26.6593 0.6586 -1.1235 90.9522 3.6439 22.4654 -12.5207 15.7649 7.2992 -16.7263 49.6420 -3.7488 -5.7302 -2.7553 8.8479 -0.9203 0.1435 12.7515 0.3318 3.3855 -1.1807 -3.2756 2.0945 -15.4963 -2.5186 6.1267 -28.3417 -5.1691 -0.1463 41.7140 -0.2384 0.8389 -5.5967 -4.9947 -1.4653 -3.8569 1.0245
-10.6651 103.0051 628.3274 -4.0256 9.6181 2.9519 -0.9604 1.7823 -1.4956 -0.4378 -4.5942 -4.2697 0.3615 8.9030 -6.1330 4.5017 -0.0047 1.5082 -0.8839 -3.7477 -0.9987 0.1279 -19.4690 -1.6488 -0.0245 0.0742 -0.2302 0.5757 -10.5014 -4.1290 -0.6158 -10.5128 3.6751 0.4392 15.5265 -11.0031 -60.5244 9.0238 -15.9133 0.2700 -0.5194 -108.8999 1.0067 10.3854 -5.6944 -14.8536 10.6269 15.3119 -60.1052 1.4728 2.1049 6.4584 14.8976 5.4072 62.0910 8.0439 26.8842 0.6109 -1.0174 93.9943 4.6690 19.3023 -10.7600 15.6947 7.4275 -16.9250 49.5752 -3.8533 -5.7430 -1.2149 9.3829 -1.4350 0.0553 14.0333 0.5110 2.6766 4.6789 -4.3189 2.1819 -16.9901 -2.5239 8.9450 -26.9239 -5.6721 -0.0206 25.0613 -0.1076 2.8020 -6.2332 -4.1847 -1.4462 -3.8386 1.0488
-9.5599 103.0851 634.2675 -4.4943 10.2921 3.2981 -0.3099 1.3671 -1.3669 -0.1427 -4.8491 -4.5063 0.9314 8.8962 -6.0062 4.4666 -0.7022 1.7389 -0.9031 -3.7439 -1.3132 -0.1465 -18.7243 -1.5224 -0.0142 0.0351 -0.1591 0.6301 -10.5431 -4.0441 -0.6486 -10.5533 3.7311 1.7470 16.3288 -10.3213 -63.9208 10.1096 -17.4431 0.5462 -0.4582 -107.7248 1.5704 10.7465 -5.1592 -14.6863 10.6326 15.2420 -60.2178 1.5313 2.0752 4.3093 14.5657 5.3766 63.2435 8.2278 27.1062 0.4655 -0.8230 98.5581 5.9327 14.3640 -8.9627 15.5135 7.5715 -17.0869 49.5704 -3.7786 -5.7972 -0.9969 8.5233 -2.5669 0.0809 19.7420 0.5587 0.3751 7.9866 -5.2421 2.0894 -15.0703 -2.3310 9.0685 -24.7845 -3.1437 -0.0689 10.9355 -0.1645 3.6780 -7.0831 -4.0283 -1.3816 -3.7650 1.0743
-8.3028 102.1500 640.1470 -4.2760 9.7290 3.9462 0.1921 1.6213 -1.1608 0.1012 -4.8178 -4.3391 1.1992 9.0892 -5.5369 4.0011 -0.9836 1.8156 -1.0431 -3.7579 -1.5572 -0.4256 -18.6584 -1.8288 -0.0023 0.0180 -0.0614 0.6693 -10.5524 -3.9354 -0.6645 -10.5557 3.8125 2.6885 17.1842 -9.4831 -67.1246 10.7907 -18.1489 0.1564 -0.3734 -106.5288 2.2092 10.0309 -4.7420 -14.5986 10.6407 15.2658 -60.2588 1.5885 2.1138 2.5074 14.5047 5.5055 63.3145 8.8253 26.9126 0.6583 -0.7150 104.6575 7.7334 7.1563 -7.3170 15.2429 7.5250 -16.8895 49.7475 -3.3665 -5.7899 -1.2867 6.2818 -3.5975 0.1218 30.8315 0.5915 -3.8466 9.8062 -6.8771 1.8556 -10.9780 -2.0966 7.9514 -23.2513 0.0167 -0.1591 6.7427 -0.2408 2.8295 -7.6236 -4.6519 -1.3674 -3.8725 1.0832
-7.0282 100.3158 645.7224 -4.8778 8.1104 4.5152 1.5421 2.5648 -0.8951 0.3404 -4.5876 -3.6577 1.6334 9.6564 -4.6754 2.8911 -0.8876 1.9574 -1.1725 -3.7366 -2.0831 -0.6284 -19.2920 -2.4110 -0.0022 0.0378 -0.0281 0.6626 -10.5350 -3.9067 -0.6590 -10.5314 3.8438 2.2082 17.9962 -8.3423 -69.1893 11.3679 -18.0306 -0.3161 -0.3034 -105.0487 2.7702 9.3854 -4.4687 -14.7480 10.7328 15.5155 -60.4232 1.6311 2.3342 1.9047 14.5271 6.0880 61.5881 9.5502 26.3029 0.9427 -1.0111 111.2770 9.9009 -0.2126 -5.9213 15.2587 7.2901 -16.5571 50.1417 -3.0871 -5.6535 0.0153 3.0593 -2.9126 0.1441 45.3554 0.4958 -7.4529 10.3859 -8.6429 1.6663 -7.4343 -1.9726 8.3053 -22.5676 0.6972 0.0005 13.7077 -0.3066 -0.1481 -6.1360 -4.1682 -1.4324 -3.1547 1.0435
-5.8940 97.7480 651.1550 -6.5740 5.8226 4.8200 3.1802 4.0382 -0.4159 0.7579 -4.1672 -2.6943 2.7892 10.5174 -3.6784 1.4036 -0.2449 2.3408 -1.3039 -3.7759 -2.7685 -1.1100 -21.3143 -2.5351 -0.0113 0.0397 -0.0898 0.6262 -10.5285 -3.9870 -0.6430 -10.5321 3.8020 0.2544 18.2166 -6.7326 -70.2606 12.3866 -17.1312 -0.4083 -0.0698 -103.2354 3.2591 9.9779 -3.7898 -14.9410 10.6753 15.8235 -60.6745 1.4928 2.3887 2.7385 14.6801 7.2086 58.1284 9.5205 25.0194 1.3429 -1.0379 116.8131 11.2989 -4.4276 -6.1033 15.4556 6.9339 -16.0455 50.3599 -2.9684 -5.1565 3.4559 -0.4828 -0.9801 0.0868 60.0400 0.1713 -7.5763 8.0727 -9.3911 1.6913 -5.6654 -1.9602 10.3756 -22.7496 -0.7075 -0.0247 26.4673 -0.2372 -1.7386 -11.0735 -3.8222 -1.4100 -1.2651 1.0514
-4.9797 95.5040 656.6366 -8.0999 4.2553 5.4081 4.4067 4.8668 0.0542 1.1586 -3.8540 -1.8129 4.1481 11.5367 -2.7750 0.0289 0.5985 2.5683 -1.3014 -3.7609 -3.2345 -2.0804 -23.7315 -2.3451 -0.0211 0.0639 -0.0700 0.5930 -10.5450 -3.9911 -0.6328 -10.5362 3.8511 -2.7601 18.8031 -4.6740 -70.2256 12.5776 -15.4953 -0.4763 -0.0139 -100.4113 4.6665 13.9369 -2.6803 -14.8900 10.8492 16.2495 -60.8253 1.5688 2.2857 4.5572 14.7267 8.4838 54.1090 8.9893 23.8442 1.4172 -0.9564 119.2632 10.8651 -2.0313 -7.3188 15.5772 7.0754 -15.9333 50.7587 -2.8941 -5.0084 6.9456 -5.5868 -0.3708 -0.0431 72.3867 -0.2074 -6.7145 4.5760 -9.6747 1.7614 -5.1201 -1.9734 12.0649 -21.1088 -3.3157 -0.0349 35.2238 -0.1205 -2.0399 -18.5329 -2.5811 -1.3979 -0.3792 1.0189
-3.8644 94.4124 662.2818 -8.2640 3.7525 6.4454 4.8773 4.8936 0.4206 1.1610 -3.6717 -0.9285 4.8879 12.2364 -1.8463 -0.5739 1.1887 2.5622 -1.6049 -3.7659 -3.8572 -2.6110 -24.4603 -3.1824 -0.0321 0.0827 -0.0706 0.5577 -10.5202 -3.9799 -0.6223 -10.4849 3.8443 -5.7600 19.3388 -2.9404 -69.6831 12.5919 -13.7925 -0.1414 0.1341 -98.2052 7.5732 18.9907 -0.7031 -14.8445 10.9007 16.4419 -60.5251 1.7421 2.2416 7.5903 14.8890 10.1148 49.8960 7.9513 22.1424 1.2143 -0.8619 118.5191 8.9511 8.6109 -9.9809 15.3876 7.4650 -16.2740 50.7678 -2.7476 -5.2173 8.7418 -12.4875 -1.0802 -0.0732 80.7811 -0.3580 -5.7948 2.0072 -10.0205 1.8331 -4.9818 -2.0279 11.4957 -17.0358 -5.6180 0.0692 37.5162 0.0921 -2.1681 -23.7738 -0.5329 -1.4076 -0.2884 0.9972
-2.5418 94.7442 667.9211 -6.9051 3.8218 7.5427 4.5940 4.6904 0.7445 0.8303 -3.5867 0.1051 4.6780 12.1384 -0.8597 -0.5348 1.9558 2.6275 -2.0107 -3.7062 -4.6218 -2.6614 -23.8649 -4.7490 -0.0253 0.1056 -0.0403 0.5358 -10.5022 -3.9241 -0.5899 -10.4684 3.8477 -6.9447 18.9704 -1.3819 -69.7045 14.0101 -12.9340 0.3757 -0.1003 -99.0399 9.2645 19.7611 -0.2708 -14.9224 10.7167 16.2981 -60.1048 1.7307 2.3627 9.6579 15.0067 11.9892 47.6860 6.5066 20.0271 1.0094 -0.6836 115.6613 6.4026 20.9705 -13.1878 15.2430 7.5779 -16.5216 50.1493 -2.6245 -5.4344 8.3949 -20.1909 -1.2025 -0.1685 83.7485 -0.3299 -4.5865 0.7694 -9.6808 1.8106 -5.0915 -2.0562 8.9103 -11.2120 -6.6036 0.1066 34.6079 0.3202 -1.5926 -25.8397 0.9380 -1.4461 -0.8233 1.0395
-1.1202 96.0259 673.6561 -4.7537 3.9959 8.2316 3.9373 4.6443 1.0631 0.4135 -3.6163 1.3465 3.7131 11.6886 0.0704 -0.5869 2.6851 2.7370 -2.3130 -3.6964 -5.4722 -2.2049 -22.9060 -6.3639 -0.0150 0.1072 -0.0272 0.5456 -10.5012 -3.8818 -0.5829 -10.4872 3.8292 -6.5311 18.0496 -0.0003 -70.2213 16.1896 -13.1525 0.5981 -0.3111 -102.1167 8.2416 16.4784 -1.6092 -14.8463 10.7964 16.1414 -59.9502 1.6463 2.3877 9.2870 15.0416 13.4770 48.5975 5.4100 18.4770 0.5709 -0.4910 112.2076 3.8503 26.0087 -14.5885 15.3130 7.4915 -16.3804 49.8949 -2.6017 -5.4480 6.1114 -26.5049 0.8235 -0.4824 80.3716 -0.5123 -3.3688 -0.0223 -8.2879 1.6662 -5.0610 -1.9748 5.8144 -4.1354 -5.9668 -0.0010 27.7928 0.4715 -0.5963 -23.7004 0.6071 -1.4643 -2.0844 1.0952
0.2941 97.9309 679.5556 -1.9237 4.5597 8.9061 2.8161 4.4416 1.2378 -0.0071 -3.6836 2.4816 2.2324 11.1791 0.9034 -0.7207 3.1984 2.8304 -2.6213 -3.7737 -6.1248 -1.4309 -21.9520 -7.7832 -0.0108 0.0889 -0.0092 0.5721 -10.5091 -3.8505 -0.6040 -10.5061 3.8331 -6.0159 17.2637 0.7232 -70.2268 17.4498 -14.1553 0.7808 -0.5966 -104.3314 6.1429 13.3283 -2.5104 -15.0179 11.0295 16.0622 -60.2660 1.6522 2.3397 8.3695 15.3927 14.5631 50.3440 4.7576 17.2968 0.4463 -0.5868 109.0513 1.6484 26.1781 -14.2603 15.3336 7.5089 -16.1734 49.8685 -2.6195 -5.4479 1.7713 -30.8379 4.5566 -0.2933 71.1702 -0.2517 -1.3810 -0.9144 -5.4694 1.6149 -5.1335 -1.8897 2.5039 2.8124 -4.3080 -0.1230 19.6953 0.4164 0.2194 -17.4364 -1.1631 -1.4744 -5.7285 1.0948
1.7529 99.9461 686.0012 0.9356 5.7643 9.6529 1.4174 3.8313 1.2130 -0.3723 -3.8936 3.4824 0.7512 10.8104 1.4470 -1.1560 3.3405 2.9649 -2.7710 -3.8679 -6.7362 -0.6783 -21.1817 -8.9299 0.0066 0.0582 0.0418 0.5904 -10.4989 -3.7959 -0.5888 -10.5266 3.8767 -6.0782 16.5474 0.7413 -69.7442 17.4570 -14.7551 0.7328 -0.6734 -105.0559 4.6289 12.2481 -2.3695 -15.0070 11.1540 16.1237 -60.5432 1.5882 2.3338 7.4577 15.6705 15.2320 52.0421 4.7650 17.0178 0.3156 -0.4217 106.3864 1.0003 24.4382 -13.2163 15.3628 7.6170 -16.1923 49.9834 -2.7498 -5.5775 -3.0966 -33.0937 7.6728 0.0105 57.5136 0.0707 -0.4165 -1.3430 -3.3853 1.6902 -4.7279 -1.8958 -0.8152 7.9804 -4.0841 -0.1772 13.4377 0.4281 0.5692 -8.9362 -1.9429 -1.4797 -11.4722 1.1228
3.1399 101.6504 692.7060 2.9924 7.2679 10.2825 0.2769 2.9796 1.1457 -0.6262 -4.1386 3.8988 -0.4893 10.5016 1.9998 -1.6651 3.2894 2.9904 -2.7768 -3.8681 -7.0102 0.0112 -20.6946 -9.6268 0.0264 0.0362 0.0824 0.6023 -10.5025 -3.7583 -0.5606 -10.5528 3.9162 -6.1995 16.0851 0.5352 -69.2854 16.3331 -15.0603 0.6834 -0.7917 -105.0906 3.7723 12.4074 -1.9276 -14.9429 11.1554 16.1219 -60.5713 1.5073 2.3137 6.3724 15.7273 15.5280 53.9394 5.1851 17.6853 0.2622 -0.1313 104.0500 1.0034 22.6914 -11.8776 15.3576 7.6812 -16.2418 50.0365 -2.9313 -5.7347 -6.4229 -33.1287 9.0830 0.0829 39.8466 0.1337 -1.3092 -0.9672 -2.7995 1.7696 -4.0844 -1.9288 -3.2304 11.1496 -3.9621 -0.1542 10.0379 0.3252 0.6246 0.6445 -2.3054 -1.5228 -16.6049 1.2314
4.5506 102.6784 699.7122 3.5061 8.3964 10.4103 -0.1359 2.1391 1.0896 -0.7436 -4.3151 3.6961 -1.1973 10.2570 2.5528 -1.9492 3.2347 2.8720 -2.6969 -3.8391 -6.8753 0.5938 -20.1695 -9.6349 0.0336 0.0216 0.0404 0.6208 -10.5471 -3.8221 -0.5646 -10.5896 3.8892 -5.9369 15.9031 0.2568 -68.9317 14.6147 -15.0912 0.3617 -0.6185 -105.3495 3.5387 12.5895 -1.4437 -14.8104 11.1901 16.0673 -60.3804 1.4927 2.2931 5.0197 15.6393 15.3654 56.0445 5.9324 19.3285 0.1264 0.0698 102.1970 1.2600 20.2976 -10.4626 15.3491 7.7192 -16.2905 50.1551 -2.9637 -5.8292 -6.8225 -31.0633 8.4151 -0.0266 20.7143 0.0174 -3.5200 -0.3038 -2.6663 1.7862 -3.6876 -1.9459 -3.7110 12.4103 -2.1880 -0.1222 10.9862 0.1938 0.7238 8.8634 -2.8267 -1.6191 -18.2772 1.3510
6.1873 102.9022 706.9994 3.3204 8.8318 10.1373 -0.3810 1.5818 0.9779 -0.7814 -4.4910 3.2747 -1.6332 10.0993 2.5679 -1.8925 3.3650 2.9309 -2.5896 -3.8604 -6.6548 1.1258 -19.2952 -9.2004 0.0255 -0.0119 -0.0569 0.6304 -10.5601 -3.9194 -0.5911 -10.5900 3.7906 -5.6651 15.7993 -0.3198 -68.1513 13.1667 -15.1248 0.3010 -0.3640 -106.3858 3.4837 12.6654 -0.9457 -14.6899 11.2843 16.0562 -60.0996 1.5746 2.3618 4.1565 15.7273 15.0680 57.7308 6.8446 21.2605 -0.1214 0.1251 100.8207 1.5933 17.3579 -9.3570 15.3067 7.6973 -16.2927 49.9986 -3.0132 -5.8172 -5.7235 -28.2928 6.3099 -0.0160 5.9904 -0.1147 -4.6803 -0.4229 -1.3146 1.6982 -4.1400 -2.1062 -3.0112 11.5717 1.3243 -0.1988 17.5353 0.1784 1.1883 14.3390 -3.6485 -1.6456 -15.4809 1.3249
8.0100 101.9944 714.1551 3.5733 8.1054 10.0549 -1.1497 1.7412 0.7532 -0.9704 -4.5198 2.8107 -2.0864 10.2192 1.6926 -1.3856 3.6298 3.1481 -2.4451 -3.8930 -6.6002 1.6915 -18.1626 -8.6138 0.0133 -0.0275 -0.0763 0.6380 -10.5440 -3.9282 -0.6233 -10.5687 3.7645 -5.4963 15.5347 -1.5048 -66.3834 12.3005 -15.3460 0.7158 -0.3285 -108.7255 3.7104 12.7863 -0.4135 -14.5873 11.2264 15.9768 -59.7641 1.7002 2.5362 3.9419 15.5871 14.4675 59.1685 7.6559 22.7396 -0.1864 0.1592 99.4461 1.7872 15.2153 -8.6553 15.2767 7.5232 -16.2078 49.5523 -3.2467 -5.8328 -5.1993 -26.1687 4.3914 0.1752 2.4156 -0.0136 -4.4959 -1.9778 0.1280 1.6178 -4.4094 -2.2625 -2.4619 9.2203 4.4868 -0.3336 29.6205 0.3131 2.8546 16.4383 -3.4687 -1.6297 -9.4670 1.2391
9.5690 99.9320 721.0729 4.4176 6.3128 10.4724 -2.5081 2.5180 0.3956 -1.2607 -4.2450 2.2487 -2.5854 10.5189 0.2661 -0.5394 3.9971 3.0358 -2.4072 -3.7516 -6.1077 2.3993 -17.5610 -8.4726 0.0048 0.0439 0.0048 0.6395 -10.5550 -3.8656 -0.6412 -10.5738 3.8691 -4.9693 15.1044 -2.9714 -63.7561 11.3871 -15.5316 0.8689 -0.4235 -111.9718 4.2583 12.0475 -0.6323 -14.6572 11.2457 16.0789 -59.8879 1.8045 2.7155 3.9848 15.4003 13.0685 60.8588 8.0779 23.6189 -0.1567 0.0954 97.8425 1.3588 13.2630 -8.3822 15.4425 7.3265 -16.2306 49.4690 -3.3732 -6.0359 -6.0877 -24.5767 4.9762 0.1200 9.4222 -0.0010 -4.8580 -2.9245 -0.7578 1.6692 -4.4502 -2.3002 -2.9033 6.4230 5.2764 -0.3261 45.0473 0.5275 5.5975 13.3729 -1.4159 -1.6258 -5.8850 1.1837
10.9929 97.5018 728.0240 6.6404 4.2549 11.2264 -4.5781 3.8082 -0.2213 -1.7215 -3.9687 1.4246 -3.7528 10.8426 -0.9406 0.6326 4.7486 2.6448 -2.2192 -3.6831 -5.8668 3.1368 -18.9297 -8.7116 0.0118 0.0751 0.0309 0.6417 -10.5293 -3.8580 -0.6300 -10.5740 3.9156 -5.2929 14.4929 -5.1293 -59.2250 9.8656 -14.8927 0.4438 -0.5123 -114.7550 5.3706 9.3198 -1.8474 -15.0777 11.1245 16.0047 -60.2043 1.8221 2.4851 5.5895 15.3992 10.9791 61.7600 8.2592 22.6710 0.4056 -0.2345 96.3460 0.1447 11.8929 -8.3653 15.5884 7.2899 -16.3758 49.3913 -3.4007 -6.0547 -8.7730 -24.4212 7.0100 0.0507 21.8321 0.0157 -2.7827 -2.9276 -2.9908 1.6744 -2.7546 -2.0936 -5.8914 2.4570 3.1640 -0.2625 61.3204 0.7284 5.8397 8.1003 0.1569 -1.5748 -4.5875 1.1174
12.2594 95.5147 734.2417 8.8930 2.4204 11.7743 -5.8797 4.8893 -0.6412 -2.1930 -3.6860 0.7920 -5.8425 11.4963 -2.2010 2.2278 5.5257 2.1552 -2.4566 -3.7571 -5.5294 3.7799 -21.6515 -9.7137 0.0246 0.1105 0.1072 0.6430 -10.4732 -3.7942 -0.6087 -10.5413 4.0012 -5.8553 14.3750 -7.0720 -53.9067 7.2501 -14.9667 0.2106 -0.6724 -115.4916 6.1131 7.7278 -2.8518 -15.1483 10.9091 15.9749 -60.1284 1.6899 2.4901 7.7989 16.1901 8.5617 63.3678 7.3522 20.6467 1.0100 -0.3532 94.4230 -2.7597 13.2943 -7.8139 15.4997 7.1611 -16.5781 49.4523 -3.6734 -6.0657 -11.2086 -23.1641 9.2306 0.0997 32.6125 0.1843 -0.5387 -9.7923 -5.1214 1.6204 -1.4132 -1.9834 -9.1549 -2.5792 1.6737 -0.0345 74.2814 0.9040 3.6579 3.7311 -0.8987 -1.7025 -4.3927 1.1465
13.6203 94.6824 740.3979 9.2650 1.3592 11.0762 -6.0272 5.3603 -0.8495 -2.3427 -3.5003 0.2521 -6.5831 11.7966 -3.0691 2.3577 6.1308 2.1432 -2.5635 -3.7271 -5.2413 3.9123 -22.4542 -9.6234 0.0210 0.1074 0.0922 0.6305 -10.4431 -3.8102 -0.6033 -10.4995 3.9918 -6.6200 14.3679 -8.0887 -50.2380 4.9369 -15.6635 -0.0162 -0.6164 -114.0755 5.7473 8.1226 -3.1660 -15.2882 10.7442 15.8282 -60.1871 1.5676 2.4265 8.9675 17.4001 6.7253 65.4472 6.6589 18.5331 1.2523 -0.5881 93.3555 -5.3468 15.0358 -7.9388 15.4381 7.0932 -16.3490 49.4819 -3.6752 -5.7230 -10.9584 -18.9172 9.9596 -0.0896 36.1859 -0.0074 0.5923 -15.4827 -6.0128 1.6254 -0.8255 -1.9659 -10.3076 -8.6647 1.8468 0.6147 81.8638 1.3949 0.5938 -0.1947 -3.5372 -1.7404 -4.3405 1.1799
15.1212 94.8467 746.7391 8.1321 1.0475 9.9542 -5.5576 5.4760 -0.9994 -2.1175 -3.4853 -0.4932 -6.1055 11.4933 -3.9302 1.6687 6.7189 2.4422 -2.4595 -3.6258 -4.7741 3.4593 -22.2191 -8.7561 0.0055 0.0736 0.0327 0.6114 -10.4921 -3.8629 -0.6150 -10.5406 3.9346 -6.3323 14.1808 -8.5546 -49.6037 4.0315 -15.7541 -0.4407 -0.5634 -112.7705 4.2342 9.1274 -3.6681 -15.2656 10.6912 15.7736 -60.3883 1.4723 2.2757 9.0662 18.2017 5.6618 67.1512 7.2877 17.3580 0.8099 -0.9371 94.8683 -5.9805 15.0454 -8.1349 15.3637 7.1462 -16.1530 49.5544 -3.6386 -5.4011 -9.1026 -13.1976 9.2841 -0.2350 34.7777 -0.3386 0.8445 -19.2923 -5.3620 1.6646 -0.6410 -1.9746 -9.6266 -15.2164 2.1193 1.6388 83.6089 2.1738 -1.5527 -3.2894 -4.9435 -1.6787 -4.1087 1.1703
16.4799 95.8605 753.0312 6.3852 1.2723 9.3737 -4.9421 5.3441 -1.2218 -1.7296 -3.5222 -1.4143 -5.0779 10.9131 -4.8457 1.3042 7.0220 2.5850 -2.0760 -3.6216 -4.3666 2.4852 -21.6033 -7.1626 -0.0063 0.0554 -0.0635 0.5937 -10.5262 -3.9538 -0.6188 -10.5674 3.8364 -5.4610 14.1645 -9.2641 -50.1959 4.7075 -15.2182 -0.7755 -0.5435 -112.3037 2.4771 9.0594 -4.7517 -15.1478 10.8063 15.8672 -60.3031 1.4895 2.1828 9.4528 18.2840 4.7832 67.8961 8.6131 16.7834 0.2877 -1.3971 97.6953 -5.4547 13.2645 -7.4551 15.2256 7.1754 -15.9955 49.4720 -3.5580 -5.1784 -7.0174 -6.8475 7.4927 -0.1859 29.9327 -0.5852 0.4982 -19.6284 -3.8823 1.6773 -1.3519 -2.0144 -7.5515 -20.9093 1.0069 1.2122 79.7110 1.4760 -2.1858 -5.5345 -5.1219 -1.5620 -3.8896 1.0974
17.8124 97.5212 759.6796 4.2215 2.0341 9.3447 -4.0731 4.9258 -1.4738 -1.3961 -3.5886 -2.2964 -3.7816 10.3974 -5.7865 1.6311 6.9866 2.3707 -1.6702 -3.6495 -3.8963 1.4190 -20.9115 -5.6001 -0.0184 0.0508 -0.2026 0.5747 -10.5194 -4.0896 -0.6173 -10.5607 3.6940 -4.2995 14.4044 -10.0367 -51.4203 6.3780 -14.5700 -0.9001 -0.3133 -111.9743 0.6495 7.2029 -5.8961 -15.0490 10.8978 15.8956 -60.0396 1.4862 2.1325 10.4289 17.9131 3.8870 67.7603 9.5512 16.2680 0.1161 -1.6215 100.0843 -4.8105 10.5964 -6.2610 15.0951 7.2939 -15.9976 49.3998 -3.4637 -5.0832 -4.7785 -0.7989 5.1059 0.0363 23.9334 -0.6210 -0.1245 -16.1671 -2.6364 1.7423 -4.0052 -2.1009 -4.0745 -25.1908 -1.2674 0.1218 70.8466 0.0638 -2.2329 -6.8843 -5.4056 -1.4756 -3.8869 1.0205
18.9735 99.4078 766.5986 1.9159 3.3152 9.5705 -2.9478 4.2311 -1.5859 -1.0698 -3.8017 -3.1092 -2.4561 10.0995 -6.5990 2.3558 6.6147 2.0034 -1.4612 -3.7361 -3.1341 0.6243 -20.1077 -4.5731 -0.0171 0.0604 -0.2401 0.5617 -10.5267 -4.1234 -0.5975 -10.5603 3.6491 -2.9230 14.8170 -10.5077 -53.2098 8.1584 -14.1695 -1.0725 -0.1645 -111.0508 -0.7898 5.9562 -6.6734 -15.0262 11.0378 15.9108 -59.9344 1.4653 2.0792 11.2478 17.4188 3.2770 67.5987 9.7005 15.5174 0.1621 -1.7578 101.3547 -4.3319 8.6949 -5.5186 15.0532 7.2703 -16.0465 49.2991 -3.4158 -5.1299 -2.3613 4.0847 3.3316 0.1231 18.8376 -0.5128 -0.5691 -9.4000 -2.1654 1.8965 -9.3471 -2.3228 0.0676 -27.4266 -3.6175 -0.1812 57.1292 -0.3714 -1.5527 -7.4627 -6.2657 -1.4409 -3.9342 0.9417
20.0378 101.1446 773.5851 -0.1958 4.7730 9.8715 -1.6460 3.4489 -1.6448 -0.7339 -4.1104 -3.8693 -1.2531 9.8592 -6.9734 3.1001 6.1046 1.7540 -1.4568 -3.8254 -2.7728 0.0714 -19.3048 -3.7699 -0.0226 0.0751 -0.2517 0.5449 -10.5311 -4.1273 -0.5880 -10.5573 3.6313 -1.5942 15.3560 -10.5462 -55.5221 9.7702 -14.3211 -1.0243 -0.1164 -109.6293 -1.5425 5.8269 -6.8218 -14.9300 11.1419 15.8759 -59.8803 1.4773 2.0734 11.0459 16.9203 2.7866 68.0422 9.4054 14.8189 0.3150 -1.5205 101.7108 -3.6919 8.2751 -5.6924 14.9648 7.2379 -16.0141 49.2800 -3.4524 -5.1100 -0.1127 7.5017 1.9750 0.0868 15.8923 -0.3104 -0.5974 -1.2198 -2.0744 2.1251 -15.4219 -2.5586 3.5424 -27.3521 -4.6695 -0.1021 39.2522 -0.2110 -1.0901 -7.3966 -8.0282 -1.4624 -3.9230 0.9517
21.2529 102.1322 780.8930 -1.5020 5.9585 10.2649 -0.5538 2.7013 -1.6079 -0.3924 -4.5176 -4.4916 -0.4008 9.7113 -6.9677 3.5319 5.4482 1.8091 -1.4779 -3.8181 -2.9392 -0.4393 -18.3755 -3.1330 -0.0291 0.0723 -0.2273 0.5636 -10.5597 -4.0997 -0.6175 -10.5914 3.6575 -0.5813 15.9221 -10.3604 -58.0733 11.3362 -14.8149 -0.7563 -0.1350 -108.2367 -1.8551 5.9655 -6.7742 -14.7938 11.1912 15.7455 -59.9123 1.5170 2.0771 9.6576 16.4950 2.4053 69.0204 9.2257 14.5332 0.2619 -1.1642 101.9530 -2.5479 8.5184 -6.1817 14.7986 7.2694 -16.0807 49.1630 -3.4809 -5.0267 1.2242 9.3180 0.5569 -0.0101 16.4416 -0.1469 -0.5151 6.0953 -1.9286 2.3014 -19.3395 -2.6456 4.7093 -25.3799 -3.2143 -0.0219 19.6466 -0.1072 -1.1633 -7.1278 -8.6204 -1.4502 -3.9531 1.0574
22.7101 102.2252 788.2152 -1.7640 6.4208 10.5023 0.0434 2.1580 -1.3413 -0.1601 -4.7767 -4.7196 0.0864 9.6975 -6.7425 3.6672 4.7500 2.0919 -1.5179 -3.8362 -3.2467 -0.9654 -17.3721 -2.7054 -0.0160 0.0320 -0.1452 0.6166 -10.6146 -4.0117 -0.6433 -10.6394 3.7317 -0.2648 16.3162 -10.1076 -60.1934 13.0911 -15.1307 -0.2924 -0.2238 -107.5302 -2.2793 5.4772 -6.5321 -14.6680 11.1833 15.7473 -59.9770 1.4954 2.1224 8.1281 16.3094 2.3650 69.1928 9.3830 14.3903 0.1781 -0.8185 102.8363 -1.1247 8.1060 -6.3734 14.6403 7.2750 -16.2358 48.9211 -3.4187 -5.1260 1.1759 9.3970 -1.4159 -0.0510 21.7926 -0.1397 -1.6311 11.1270 -2.3777 2.2136 -18.1827 -2.4137 3.9218 -23.4659 -0.1101 -0.0848 5.8189 -0.1423 -0.0138 -6.9890 -7.0699 -1.3586 -4.0609 1.1476
24.1752 101.3564 795.6610 -1.9506 5.7447 10.4311 0.7332 2.3329 -0.9736 0.0434 -4.6798 -4.4641 0.4252 9.9447 -6.1455 3.4115 4.0854 2.1874 -1.6020 -3.8552 -3.1035 -1.4577 -16.9143 -2.5732 -0.0017 0.0249 -0.0746 0.6585 -10.6194 -3.9311 -0.6566 -10.6278 3.7850 -0.6703 16.5255 -9.5708 -61.5081 14.2942 -14.6002 -0.2490 -0.5314 -106.7788 -2.5873 4.5602 -6.4845 -14.6547 11.0840 15.8524 -60.1500 1.4708 2.1565 7.2079 16.1612 2.9924 67.9851 9.6506 14.1200 0.3200 -0.5672 103.8710 0.2593 7.0091 -6.3937 14.5753 7.2122 -16.2461 48.8702 -3.2658 -5.3400 1.0586 7.7512 -3.2447 -0.0403 32.4750 -0.0805 -5.1680 14.1424 -4.4348 1.8515 -11.5209 -2.0531 3.9849 -22.9190 1.1235 -0.1454 4.2031 -0.1420 1.4747 -7.2084 -5.3977 -1.3321 -4.2461 1.1678
25.6628 99.5287 802.6173 -3.1421 4.1444 10.1763 2.2848 3.1755 -0.6912 0.2779 -4.3831 -3.6112 0.9130 10.5293 -5.0851 2.6789 3.6134 2.1900 -1.5836 -3.7984 -3.0805 -1.7030 -17.3563 -2.6698 0.0020 0.0471 -0.0201 0.6504 -10.6077 -3.8834 -0.6412 -10.5956 3.8386 -1.4078 16.8657 -8.6617 -62.7971 14.5057 -13.7910 -0.0749 -0.7137 -105.2408 -2.2778 4.1517 -6.5427 -14.8694 11.0030 16.0513 -60.3379 1.4968 2.3670 6.7357 16.0346 4.2513 65.8860 9.7353 13.8545 0.4656 -0.8199 104.2676 1.2863 7.1213 -6.4369 14.7089 7.2900 -16.3509 49.3111 -3.2236 -5.5837 2.6889 4.5891 -3.4983 0.0094 46.8713 -0.1077 -8.2978 14.3686 -5.8680 1.6415 -6.4077 -1.9307 5.9569 -23.3248 -0.0209 0.0809 13.3497 -0.1531 0.1351 -3.8499 -2.7642 -1.4088 -3.6959 1.1349
26.7141 96.9259 809.5614 -4.9302 1.9080 10.0377 3.6514 4.4860 -0.2859 0.6709 -3.9222 -2.5090 2.0104 11.3101 -4.1071 1.9173 3.8168 2.3843 -1.5799 -3.8128 -3.3441 -1.9447 -19.5609 -2.4518 -0.0002 0.0506 -0.0447 0.6343 -10.6160 -3.9315 -0.6308 -10.6130 3.8376 -2.4315 16.9582 -7.1087 -64.1454 14.1806 -12.7985 0.1769 -0.6560 -102.7960 -1.2336 4.8840 -6.8157 -15.0020 10.9187 16.1891 -60.6544 1.4530 2.3792 7.1857 16.1019 6.0055 62.5585 9.4027 13.5236 0.7274 -1.0317 103.8251 1.5636 8.2365 -7.7369 14.9811 7.3431 -16.4118 49.7140 -3.3125 -5.4222 5.8238 0.7824 -3.1666 -0.0204 61.3914 -0.3754 -8.0805 9.4296 -5.6708 1.7571 -4.4594 -1.9783 8.6786 -24.1574 -1.7375 0.0411 27.9555 0.0050 -1.9940 -7.1812 -2.1407 -1.4028 -1.3604 1.0481
27.7273 95.0429 816.1978 -6.1401 0.4574 10.5393 4.3873 4.9994 0.0567 0.9145 -3.6738 -1.6314 3.1810 12.3859 -3.3048 1.5273 4.0195 2.3517 -1.4745 -3.7399 -3.3655 -2.2821 -21.2262 -2.3378 -0.0082 0.0704 -0.0393 0.6235 -10.5940 -3.9331 -0.6385 -10.5786 3.8584 -4.4210 17.5145 -5.2283 -64.4404 12.5742 -11.4745 0.0461 -0.3038 -99.2451 -0.1234 8.2855 -6.7827 -14.9461 10.9789 16.3583 -60.7272 1.5599 2.2640 9.3909 16.2031 7.8134 57.5858 8.5694 13.9468 0.7840 -0.9966 101.3570 0.6839 12.1014 -10.3845 15.3757 7.5616 -16.6538 50.0601 -3.3916 -5.4682 8.1564 -4.5367 -4.5668 -0.1305 72.7799 -0.6222 -6.4411 3.3727 -4.9568 1.8792 -3.9457 -2.0418 10.4198 -22.1425 -3.3041 -0.0163 36.6351 0.0268 -2.9012 -15.0029 -2.0244 -1.3930 -0.0068 0.9750
28.9473 94.3300 822.7509 -5.7163 -0.0015 11.5643 4.3576 4.7831 0.2517 0.7820 -3.6471 -0.9157 3.4495 12.8846 -2.4749 1.7839 4.4369 2.2257 -1.6951 -3.7156 -3.6590 -2.1094 -20.8889 -3.0919 -0.0193 0.0862 -0.0897 0.5949 -10.5407 -3.9631 -0.6341 -10.5130 3.7945 -6.0701 17.8446 -3.9561 -64.5165 11.5536 -10.6946 0.1303 0.1672 -96.4761 0.7023 13.0404 -5.7744 -15.0162 11.0244 16.5315 -60.7056 1.7718 2.2243 11.8576 16.2209 9.5135 53.3903 6.9647 14.4455 0.9533 -0.9053 98.0531 -0.3818 19.7284 -14.0573 15.7525 7.4831 -16.6752 49.9374 -3.3174 -5.6413 8.3959 -11.3814 -6.1385 -0.3940 79.2245 -0.8792 -3.6871 -1.7813 -3.3764 1.9694 -4.3050 -2.1512 9.7627 -17.5902 -4.3528 0.0518 38.6622 0.1024 -3.3069 -20.6991 -1.3675 -1.4053 0.5203 0.9243
30.0439 94.7293 829.0704 -4.4697 0.0366 12.1684 4.1306 4.5384 0.6122 0.5296 -3.7447 -0.1209 3.0964 12.5226 -1.5546 1.8168 5.2080 2.2877 -1.9444 -3.6357 -3.9080 -1.7773 -20.1070 -4.3245 -0.0145 0.0917 -0.0564 0.5890 -10.5441 -3.9141 -0.6220 -10.5224 3.8118 -6.4800 17.3889 -2.7289 -64.8117 12.3038 -10.3628 -0.0234 0.0626 -97.3561 1.0260 13.4466 -5.7878 -15.0719 10.8099 16.3239 -60.2895 1.7259 2.3462 11.6794 16.0586 10.9909 52.5766 5.3569 14.7944 0.5231 -0.6423 96.6935 -0.8559 22.1591 -14.3548 15.7387 7.4164 -16.6109 49.7111 -3.1474 -5.7679 7.3514 -18.8260 -5.9184 -0.6979 80.1416 -0.9971 -1.4673 -4.5078 -1.5979 1.9052 -4.6151 -2.1430 8.0028 -11.5692 -4.4330 0.0353 36.3278 0.2254 -2.8828 -23.5097 -0.8023 -1.4329 -0.0883 0.9782
31.4469 96.0444 835.4833 -2.8389 0.2666 12.0356 3.7405 4.2523 0.9355 0.2847 -3.8531 1.0175 2.4173 11.8777 -0.5676 1.2282 5.9236 2.4615 -2.1479 -3.6731 -4.4090 -1.2441 -18.8049 -5.6337 -0.0068 0.0836 -0.0261 0.6017 -10.5373 -3.8681 -0.6228 -10.5332 3.8262 -6.8453 16.5628 -1.5132 -64.5993 14.0545 -10.7346 -0.1651 0.0370 -100.3347 0.8546 10.1860 -6.6176 -15.0925 10.8208 16.0756 -60.2981 1.6379 2.4074 10.2314 15.9267 12.2386 52.9587 4.4464 14.9562 0.1441 -0.4430 96.9889 -0.9944 19.6103 -12.3360 15.6642 7.4046 -16.6340 49.6844 -3.1263 -5.7745 4.9103 -24.4800 -3.3022 -0.4419 74.8045 -0.5586 -0.2089 -6.2588 0.1651 1.7830 -4.8060 -2.0395 5.8784 -4.4099 -3.5214 -0.0611 30.4514 0.3204 -2.1656 -22.2736 -0.6759 -1.4508 -1.8442 1.0494
32.8659 97.8323 842.3724 -0.8266 0.7964 11.5873 2.9837 3.7392 1.1324 0.0254 -3.9323 2.2756 1.5532 11.1720 0.2818 0.5340 6.4031 2.7051 -2.4170 -3.7850 -4.8178 -0.5891 -17.4951 -6.9189 0.0002 0.0679 0.0450 0.6147 -10.5491 -3.7885 -0.6244 -10.5493 3.8859 -7.4013 15.9685 -0.4078 -64.2521 15.3094 -11.3097 -0.2372 -0.0242 -102.6967 0.4288 7.2440 -7.1658 -15.3467 10.8799 15.9138 -60.5540 1.5970 2.3991 8.7197 15.9948 13.2922 53.3125 4.1458 14.8891 0.2831 -0.4765 97.7860 -0.8431 16.0342 -9.8619 15.5360 7.3808 -16.4696 49.6410 -3.1428 -5.6311 1.0063 -27.9620 0.7199 -0.0087 64.0660 0.0349 0.1679 -6.4725 1.5436 1.7444 -5.1542 -1.9934 3.4108 2.5384 -2.1659 -0.1106 23.7071 0.2941 -1.6281 -17.1142 -0.6717 -1.4752 -6.0851 1.0968
34.3642 99.6137 849.6065 1.2610 1.8482 11.0666 1.9611 2.9982 1.1732 -0.2396 -4.1815 3.3466 0.5237 10.5287 0.9865 -0.1168 6.5899 2.8409 -2.5844 -3.8699 -5.2407 -0.0375 -16.4568 -7.8505 0.0146 0.0453 0.1136 0.6278 -10.5518 -3.7178 -0.6100 -10.5850 3.9484 -7.8086 15.6520 0.3955 -64.3015 15.8729 -11.3236 -0.3200 -0.0155 -104.1998 0.0233 5.9974 -7.0251 -15.3673 10.8388 15.8573 -60.5668 1.5011 2.4382 7.2091 16.0381 13.9812 54.0025 4.3289 15.0836 0.5554 -0.2505 98.7143 -0.2246 12.7987 -8.1670 15.4322 7.4598 -16.4291 49.8428 -3.1400 -5.5902 -3.4760 -29.2740 4.7011 0.2232 49.3564 0.3684 -1.1001 -5.1398 1.8870 1.7559 -4.9042 -2.0013 0.6372 7.7630 -2.2225 -0.1454 18.8675 0.2666 -1.5459 -9.9163 0.0940 -1.4915 -12.4352 1.1577
35.8888 100.9546 857.3387 2.5189 3.1236 10.5089 1.2225 2.1473 1.1588 -0.4418 -4.4587 3.7146 -0.3583 9.9223 1.7372 -0.6202 6.5025 2.8292 -2.6004 -3.8444 -5.3876 0.4408 -15.8721 -8.2583 0.0252 0.0294 0.1031 0.6429 -10.5693 -3.7408 -0.6044 -10.6133 3.9469 -7.6239 15.5487 1.0259 -65.1045 15.7715 -10.7207 -0.5434 -0.0894 -105.1516 -0.1208 5.8925 -6.3918 -15.3047 10.8134 15.8582 -60.3968 1.4630 2.4635 5.5175 15.9005 14.2077 55.3948 4.9044 16.0354 0.6288 0.0326 99.4522 0.5717 9.8111 -6.9313 15.4577 7.5411 -16.4454 50.0453 -3.1252 -5.6665 -6.7671 -28.2727 7.8850 0.1828 31.3404 0.4050 -4.3120 -3.9639 1.1308 1.7862 -4.2414 -1.9749 -1.3487 10.8228 -2.7531 -0.1299 17.2042 0.1866 -1.7708 -2.0081 0.4549 -1.5522 -18.3723 1.2911
37.3834 101.5915 865.5484 2.5079 3.9965 9.9026 1.0549 1.3749 1.0784 -0.5317 -4.6315 3.5785 -0.9088 9.4799 2.3099 -0.8167 6.2005 2.7881 -2.6195 -3.8452 -5.2829 0.9243 -15.5048 -8.2829 0.0267 0.0196 0.0317 0.6592 -10.6029 -3.8354 -0.6181 -10.6361 3.8934 -6.9042 15.7132 1.3869 -66.1987 15.3431 -9.6482 -0.9422 -0.0451 -106.0269 0.0475 6.3292 -5.3697 -15.1907 10.8900 15.8980 -60.0604 1.4735 2.4564 4.1428 15.8872 14.1016 57.1930 5.5676 17.5071 0.3084 0.1786 100.1668 1.3536 7.1806 -6.2460 15.4262 7.6675 -16.5005 50.2019 -3.1218 -5.6934 -7.8675 -25.9004 9.5073 -0.0777 13.8673 0.0587 -8.2941 -4.2253 -0.4110 1.7027 -4.3727 -2.0407 -1.8670 12.1867 -2.4787 -0.0989 19.3551 0.0953 -1.2207 4.4098 0.4880 -1.6297 -20.7374 1.3783
38.7104 101.3659 873.5266 1.8997 4.2978 9.1685 0.9344 0.9448 0.9427 -0.5479 -4.7848 3.3712 -1.2029 9.2706 2.3419 -0.8771 5.8053 3.0085 -2.5564 -3.8995 -5.3021 1.4223 -15.2267 -7.9567 0.0198 0.0003 -0.0403 0.6670 -10.6308 -3.9109 -0.6401 -10.6640 3.8236 -6.1623 16.0315 1.3476 -66.8832 15.0100 -8.8850 -0.8240 0.0706 -107.1115 0.2957 7.0454 -4.2303 -15.0806 11.0333 15.9994 -59.9221 1.5657 2.5576 3.7771 15.9426 13.9582 58.7955 6.0841 18.4839 0.0856 0.1426 100.9221 1.9969 5.0053 -5.8016 15.2155 7.6558 -16.4768 49.9748 -3.2879 -5.6299 -7.5540 -23.9086 9.7854 -0.1047 2.9029 -0.2333 -11.2722 -5.3124 -0.8930 1.4916 -5.1456 -2.2150 -1.5493 11.7369 -1.0578 -0.1586 26.0779 0.1440 1.4503 8.9007 1.4864 -1.6147 -18.4121 1.3341
40.0923 100.1629 880.7792 1.7273 3.7872 8.8191 0.2317 1.0900 0.8418 -0.6684 -4.7568 3.0435 -1.3841 9.4010 1.6039 -0.8095 5.2527 3.2952 -2.3824 -3.9062 -5.2497 1.8748 -14.9667 -7.5608 0.0116 0.0046 -0.0307 0.6796 -10.6724 -3.9030 -0.6682 -10.7035 3.8348 -5.6246 16.0952 0.7582 -66.5841 14.8702 -8.7975 -0.1719 -0.0204 -108.8187 0.6621 7.6601 -3.5868 -15.0094 11.1106 16.0660 -59.8114 1.6733 2.7013 4.2818 15.8159 13.6021 60.2281 6.2537 18.6253 0.0746 0.0838 101.4950 2.3331 4.2243 -5.3217 15.1886 7.4958 -16.3585 49.7226 -3.3651 -5.6842 -7.3233 -23.0849 9.9280 0.0336 3.2618 -0.2186 -12.4642 -6.0009 -0.5715 1.4314 -5.3046 -2.3434 -1.6473 9.7355 0.0464 -0.2311 37.0096 0.4329 5.2916 11.3227 3.4271 -1.5109 -12.6832 1.2165
41.3345 98.0623 887.5734 3.4534 2.5710 9.1432 -1.9535 1.7447 0.5271 -0.9704 -4.4983 2.4153 -1.8048 9.8359 0.6007 -0.6668 4.8731 3.3144 -2.1332 -3.7567 -4.7133 2.1167 -15.0924 -7.3595 0.0125 0.0589 -0.0192 0.6710 -10.6758 -3.9016 -0.6577 -10.6974 3.8568 -5.5945 15.4284 -0.5607 -64.5067 14.6770 -8.8208 0.4775 0.0450 -110.6212 1.0040 7.3312 -3.8463 -15.0594 11.0683 16.0127 -59.9516 1.7541 2.6300 5.6366 15.5328 12.6720 61.1377 6.1228 17.7729 0.4606 -0.1346 101.8767 2.0877 4.0460 -5.3589 15.1561 7.3829 -16.3087 49.4967 -3.2950 -5.7392 -9.0662 -23.3321 10.8941 -0.1041 12.8270 -0.0104 -7.6158 -1.1423 -2.8552 1.6505 -4.9390 -2.3218 -4.6138 6.5259 -1.2041 -0.0752 50.8633 0.9002 7.6130 9.6762 4.6555 -1.3483 -8.1722 1.0723
42.3499 95.3682 894.0534 6.2760 0.3294 10.2025 -4.0323 3.2477 -0.0185 -1.4940 -4.1015 1.8903 -3.4375 10.6711 -0.7202 0.0214 5.4705 2.8440 -2.0111 -3.6473 -4.4706 2.6308 -19.1057 -7.7767 0.0145 0.1206 0.0056 0.6934 -10.5884 -3.8936 -0.6788 -10.6370 3.9025 -5.3205 14.9310 -2.5149 -60.8757 12.8451 -8.6932 0.2623 -0.2119 -111.4188 1.9925 6.4106 -5.1834 -15.1402 11.0445 16.1338 -60.3376 1.8262 2.3916 7.2268 15.6508 10.7984 62.1988 5.3506 16.7585 0.8032 -0.1485 101.7541 0.9286 5.2690 -5.0460 15.1780 7.3049 -16.6234 49.3624 -3.4720 -5.8968 -12.3014 -24.9112 11.2809 0.2421 28.6628 0.3364 0.5447 -4.3278 -3.6602 1.7085 -2.6399 -2.1837 -8.8587 2.8204 -2.4865 0.1094 65.3685 1.1017 6.1078 5.2490 2.8060 -1.3702 -5.8423 1.0530
43.4853 93.7363 900.4512 7.0603 -1.6382 10.9813 -4.3381 4.1414 -0.1123 -1.7785 -3.8797 1.1492 -4.6297 11.7885 -1.7379 0.6201 6.4365 2.6647 -2.1643 -3.6504 -4.5130 2.8992 -21.3633 -8.5757 0.0282 0.1575 0.0687 0.6694 -10.4829 -3.8259 -0.6304 -10.5438 3.9566 -6.5068 15.4036 -4.2768 -55.7585 9.1136 -9.6108 0.0076 -0.4588 -109.1234 1.9906 10.1127 -6.3925 -15.1703 10.8929 16.0181 -60.2841 1.6659 2.1920 8.4451 16.4703 8.7531 63.8225 4.2886 16.0013 1.2473 -0.4714 99.5983 -1.8144 8.3282 -4.7639 15.1506 7.2639 -16.5429 49.3166 -3.5179 -5.5852 -12.4335 -22.8492 11.5245 0.2744 37.8359 0.5360 3.6444 -10.9623 -4.5907 1.6435 -0.9768 -2.0322 -9.6722 -1.3609 -1.1289 0.3256 75.3389 1.0667 2.7436 1.7520 -1.9249 -1.5130 -5.2814 1.1083
44.5913 93.2263 906.9014 6.6809 -2.7086 10.8713 -4.2812 4.5404 -0.2653 -1.7953 -3.7295 0.3850 -4.7942 12.0945 -2.5249 0.7982 7.1511 2.6341 -2.3187 -3.6088 -4.3888 2.8620 -21.3136 -8.5524 0.0236 0.1501 0.0814 0.6401 -10.4743 -3.8195 -0.6094 -10.5361 3.9807 -7.0036 15.5235 -5.5202 -53.2178 6.2987 -10.4756 -0.3459 -0.1614 -106.6280 0.5161 16.5553 -6.7877 -15.4310 10.7578 15.9474 -60.3746 1.5241 2.1211 8.8935 17.3549 7.2424 65.1302 4.1706 16.2162 1.3624 -0.4401 97.6949 -3.3481 12.1911 -5.6023 15.1091 7.3021 -16.4026 49.2141 -3.4887 -5.3433 -10.8253 -18.5673 10.9386 0.0861 40.8709 0.3290 4.4199 -16.9479 -5.3859 1.6456 -0.3844 -1.9726 -8.8179 -6.9894 1.4536 0.5299 80.7666 1.0340 -0.1531 -1.8954 -5.8398 -1.6408 -4.6369 1.1641
45.6340 93.8004 913.4121 5.5660 -2.9047 10.5228 -4.0722 4.6216 -0.5572 -1.6032 -3.6853 -0.3598 -4.4123 11.7284 -3.5060 1.1026 7.3749 2.6801 -2.2924 -3.5673 -4.1347 2.4289 -20.7337 -7.8223 0.0115 0.1079 0.0215 0.6211 -10.5303 -3.8824 -0.6133 -10.5916 3.9296 -6.2428 15.3931 -6.4428 -53.5763 5.1466 -10.1820 -0.6307 -0.0083 -106.5717 -0.7978 18.9897 -7.1420 -15.4797 10.7845 15.9242 -60.4960 1.5029 2.0697 9.2638 17.7287 6.3651 65.5314 5.6355 17.4352 0.7484 -0.3749 98.2910 -2.1750 14.0130 -6.3073 15.0660 7.2631 -16.2364 49.1706 -3.5066 -5.2336 -8.6002 -13.1557 9.6270 -0.0648 39.2311 0.0475 4.1884 -20.1665 -5.1789 1.6839 -0.5915 -1.9394 -7.1970 -13.4162 3.4686 0.9196 80.5721 1.3023 -1.0009 -4.5395 -7.1933 -1.6536 -4.2137 1.1834
46.6224 95.2789 919.6315 4.0622 -2.4907 10.5249 -3.6948 4.4095 -0.8710 -1.3227 -3.7050 -1.2320 -3.7209 11.1224 -4.5120 1.6721 7.1464 2.5168 -1.9704 -3.6052 -3.7060 1.7053 -20.0998 -6.5082 -0.0010 0.0840 -0.0747 0.6142 -10.5682 -3.9799 -0.6287 -10.6184 3.8371 -5.3873 15.4354 -7.4233 -54.4878 5.5203 -9.4418 -0.7446 -0.0680 -108.0571 -1.3943 16.7104 -7.4665 -15.2992 10.8985 15.8603 -60.5927 1.4851 1.9763 10.2714 17.5530 5.4613 65.0789 7.8274 18.4413 0.3525 -0.6491 100.4761 0.2740 13.8997 -6.4138 15.0186 7.2701 -16.1355 49.1132 -3.4097 -5.1488 -6.3740 -7.0621 7.8711 -0.0854 34.2205 -0.2054 3.5553 -19.9282 -4.4131 1.7047 -1.7478 -1.9676 -5.1056 -19.2691 3.3585 0.5793 74.5311 0.8242 -0.1621 -6.2067 -6.8129 -1.5751 -4.2260 1.1474
47.7715 97.1356 926.5616 2.3629 -1.6551 10.8525 -3.1110 3.9208 -1.1282 -1.1270 -3.7529 -2.0344 -2.7378 10.5177 -5.4635 2.6199 6.8201 2.0612 -1.6534 -3.6420 -3.2471 1.0688 -19.6665 -5.2217 -0.0152 0.0753 -0.1624 0.6000 -10.5426 -4.0626 -0.6367 -10.5802 3.7448 -4.4052 15.5205 -8.2131 -55.5667 6.9233 -9.1504 -0.8263 0.0247 -109.5137 -1.6988 12.2454 -7.4336 -15.1269 10.9450 15.7093 -60.3548 1.4637 1.9258 11.6210 17.0970 4.4029 64.1623 9.9463 18.7115 0.3959 -0.7897 102.9878 2.5652 12.3511 -6.3505 14.9569 7.3682 -16.1683 49.1842 -3.3060 -5.1021 -4.1698 -1.3022 6.1563 0.0432 28.5614 -0.3074 2.7960 -16.3246 -3.9975 1.7905 -5.0648 -2.1180 -2.4075 -23.3355 1.2642 -0.0224 63.2572 0.0651 0.8121 -7.1601 -6.6457 -1.4897 -4.4850 1.0848
48.9222 98.9770 933.9617 0.5599 -0.5133 11.3743 -2.2764 3.1581 -1.2815 -0.8697 -3.9924 -2.9120 -1.6430 10.1129 -6.0904 3.5733 6.6058 1.6293 -1.5686 -3.7261 -2.6090 0.7056 -19.1529 -4.5028 -0.0177 0.0876 -0.1588 0.5802 -10.5240 -4.0511 -0.6176 -10.5513 3.7386 -3.2970 15.7215 -8.5547 -56.6554 8.3830 -9.5495 -1.0498 0.0672 -110.2479 -1.6862 9.3617 -7.2377 -15.0717 10.9294 15.6125 -60.2170 1.4809 1.9140 12.4808 16.7310 3.5672 63.5832 11.4310 18.3312 0.7170 -0.9297 104.8674 3.7690 10.9109 -6.2928 14.8425 7.3319 -16.1402 49.1607 -3.2528 -5.1311 -1.9021 3.1049 4.9558 0.0872 24.5690 -0.2608 2.0501 -10.7380 -3.5266 1.9554 -10.5215 -2.4194 0.7719 -24.7727 -1.7671 -0.0888 46.9795 -0.0443 1.5193 -6.6595 -6.6157 -1.4591 -4.7844 0.9973
50.2638 100.3481 941.9566 -0.7692 0.5848 12.0094 -1.4358 2.3368 -1.4860 -0.6069 -4.4390 -3.6377 -0.7300 9.7719 -6.2792 4.2140 6.6216 1.3175 -1.5418 -3.7710 -2.3616 0.4611 -18.5077 -3.9047 -0.0293 0.1099 -0.1387 0.5795 -10.5279 -4.0209 -0.6361 -10.5540 3.7526 -1.8719 15.9719 -8.5547 -58.2265 9.7408 -10.8732 -1.1077 -0.0581 -110.3839 -1.6161 8.1413 -6.9763 -15.0135 10.9503 15.4874 -59.9700 1.5354 1.9444 12.0375 16.5193 2.7407 64.2635 12.2778 17.9010 0.8479 -0.7601 105.7712 4.2024 10.0017 -6.4930 14.6637 7.3677 -16.0963 49.3128 -3.2792 -4.9880 -0.2404 6.3039 3.6786 0.0785 22.8664 -0.1115 1.6870 -4.1288 -2.5112 2.2070 -16.8337 -2.7252 3.1007 -23.3355 -4.1452 0.0609 26.3568 0.0291 1.7034 -5.2237 -6.0232 -1.4776 -5.0021 1.0077
51.5520 100.8732 949.2872 -1.0444 1.3418 12.4753 -0.9515 1.4339 -1.4566 -0.4259 -4.9152 -4.0471 -0.2485 9.4091 -6.1614 4.4589 6.7627 1.3957 -1.4018 -3.7391 -2.6835 0.2494 -17.4760 -3.6307 -0.0237 0.0998 -0.0694 0.6197 -10.5991 -3.9528 -0.6630 -10.6293 3.8258 -0.3096 15.9604 -8.5312 -60.4004 11.3734 -12.8920 -0.6630 0.0117 -110.7783 -1.8051 7.2183 -6.5277 -14.7600 11.0465 15.5255 -59.6578 1.5613 2.1473 10.4446 16.4464 2.2167 65.8158 12.8132 17.5921 0.6420 -0.6334 106.0558 4.0375 8.8942 -6.7972 14.5114 7.3874 -16.1270 49.3396 -3.2248 -4.8723 0.0235 8.4568 2.0644 0.0450 24.0637 -0.0418 1.7322 2.3323 -0.8611 2.4486 -21.8299 -2.8563 2.9370 -20.9904 -2.8573 0.1468 6.7560 -0.0511 2.0482 -4.9225 -5.9439 -1.4123 -4.9313 1.0778
52.9663 100.5238 956.0751 -1.0282 1.3005 12.4145 -0.4519 0.9548 -1.1533 -0.2812 -5.0659 -3.9891 0.0014 9.1321 -5.8366 4.4584 6.8075 1.5405 -1.4336 -3.7908 -2.9235 0.0558 -16.2661 -3.4693 -0.0078 0.0678 -0.0261 0.6501 -10.6373 -3.9022 -0.6610 -10.6541 3.8591 0.0402 15.4795 -8.5812 -61.7329 13.1397 -13.9557 -0.2205 -0.0341 -112.0019 -2.3300 6.9871 -6.0309 -14.3375 11.0996 15.6542 -59.3950 1.5446 2.2775 9.5385 16.4413 2.5198 65.8294 13.0069 16.8763 0.6023 -0.4882 106.2573 4.0102 7.6279 -7.1236 14.4715 7.2864 -16.2059 49.0196 -3.2025 -5.1142 -0.1270 9.1280 0.6045 -0.0167 29.6166 -0.0771 0.3305 8.0735 -0.3866 2.4315 -21.9485 -2.6096 1.9622 -21.1936 -0.2914 -0.0159 -0.5179 -0.0479 2.4171 -6.7182 -6.5794 -1.3578 -4.7261 1.0435
54.2948 99.1269 962.0382 -1.4401 0.2230 12.2126 0.4542 1.0713 -0.7280 -0.0527 -4.9056 -3.7107 0.2125 9.3901 -5.1660 4.0701 6.6798 1.5109 -1.5598 -3.8125 -2.7443 -0.0255 -15.6848 -4.0003 0.0088 0.0796 0.0199 0.6799 -10.5790 -3.8407 -0.6574 -10.5957 3.8802 -0.6182 15.2483 -8.4034 -62.2552 13.6584 -13.8268 -0.3596 -0.2705 -112.9763 -2.5981 6.8064 -5.7990 -14.3233 10.9803 15.6215 -59.3170 1.5329 2.3347 9.3318 16.3942 3.5824 64.0846 12.8725 16.2344 0.6851 -0.4326 106.2944 4.3900 7.0049 -7.0388 14.5426 7.0996 -16.1863 49.0400 -3.0395 -5.3758 0.5255 8.4719 0.0885 -0.0557 39.2555 -0.1217 -2.4195 11.6858 -1.7995 2.0668 -15.1815 -2.1825 2.3392 -21.5245 -0.5623 -0.0709 2.9878 -0.0576 2.6807 -7.3513 -6.8901 -1.3386 -4.9414 1.1344
55.7341 97.1011 967.8986 -3.3585 -1.4083 11.9728 2.4332 1.6291 -0.5573 0.2014 -4.6830 -3.0235 0.8058 10.1435 -4.2639 3.2742 6.6564 1.8650 -1.5836 -3.6731 -3.1154 -0.0358 -15.8643 -4.4913 0.0055 0.0975 -0.0103 0.6679 -10.5462 -3.8647 -0.6518 -10.5497 3.8370 -2.3254 15.1719 -7.9194 -62.4378 13.5335 -13.4793 -0.1039 -0.3858 -112.8117 -2.4895 7.9585 -5.7143 -14.5710 10.9373 15.7662 -59.6230 1.5466 2.6153 9.9073 16.1846 5.3164 60.9054 12.4703 15.8620 0.6254 -0.6214 105.7303 5.1665 8.1976 -6.4827 14.6595 7.0663 -16.4463 49.2334 -3.1957 -5.6957 3.8190 6.4494 1.4651 -0.0171 50.8824 -0.2439 -4.4611 11.2451 -3.0273 1.7701 -8.4733 -1.9598 5.0359 -23.5124 -3.0606 0.1570 15.6566 -0.1449 1.2140 1.0765 -4.1035 -1.4130 -3.6583 1.1444
56.8432 94.5399 973.4859 -4.9804 -3.8708 11.8860 3.3419 2.8741 -0.2417 0.6810 -4.1631 -2.2761 2.0300 11.0400 -3.6214 2.2898 7.4074 2.3056 -1.7083 -3.6775 -3.5465 -0.1575 -18.7521 -4.5195 -0.0037 0.0908 -0.0448 0.6682 -10.5881 -3.9140 -0.6726 -10.5810 3.8208 -3.0384 15.3237 -6.3904 -64.2067 12.3521 -13.7673 0.1275 -0.3729 -110.7546 -1.9104 11.2945 -5.9918 -14.7433 10.8611 15.8965 -60.0270 1.4825 2.5355 9.8575 16.4204 6.9649 57.5699 10.9937 15.6281 0.8084 -0.6546 105.1219 5.3510 9.8760 -6.5803 14.8105 7.0690 -16.4624 49.2958 -3.2336 -5.6340 7.0086 4.0173 2.4699 0.0409 62.1693 -0.3485 -4.7849 4.9674 -3.1685 1.8606 -4.7148 -2.0125 7.3026 -25.6695 -5.0717 0.1544 32.4289 0.1690 -0.4715 -2.5456 -2.6250 -1.4036 -0.6743 1.0529
57.8288 93.1079 979.1488 -6.3747 -5.1756 12.8523 3.9874 3.1752 -0.0735 0.9561 -4.0255 -1.8310 3.1656 12.1004 -3.1820 1.9566 8.2009 2.1915 -1.7652 -3.6907 -3.7077 -0.4511 -19.8884 -4.7465 -0.0154 0.0875 -0.0350 0.6487 -10.5755 -3.9017 -0.6796 -10.5498 3.8374 -4.7243 16.2259 -4.7342 -65.0564 9.9854 -13.9767 -0.1010 -0.1187 -106.3392 -0.1844 18.3853 -5.7610 -15.0183 10.8786 16.0438 -60.3266 1.6039 2.3127 11.1671 16.6744 8.0506 53.6502 9.0143 15.3337 0.8761 -0.7775 103.1843 4.7984 13.2762 -6.6448 14.9912 7.2090 -16.4864 49.1943 -3.1281 -5.6698 9.0079 -0.5793 1.1635 -0.0219 70.0683 -0.4760 -3.4198 -1.6997 -1.3256 1.9682 -4.0415 -2.1115 8.8198 -23.9296 -7.0755 0.1282 40.5012 0.1457 -1.1376 -9.9279 -2.0066 -1.4002 0.8337 0.9713
58.9387 92.8869 984.8996 -6.5811 -5.3536 14.3083 4.1963 2.8933 -0.0112 0.8508 -4.1196 -1.3793 3.4912 12.3715 -2.7257 2.3932 9.1996 1.9512 -2.0105 -3.7341 -4.2144 -0.5321 -18.8670 -5.5568 -0.0251 0.0915 -0.0951 0.6152 -10.5407 -3.9447 -0.6684 -10.5163 3.7668 -6.2369 16.5550 -3.6575 -65.6290 9.2651 -14.3899 0.0064 0.1426 -102.7047 1.0220 24.5598 -5.1271 -15.2958 11.0697 16.2389 -60.5514 1.8165 2.1872 12.0694 16.7888 8.7642 51.7109 6.4976 14.3411 0.9131 -0.8059 100.9430 3.9679 17.8695 -7.1277 15.1349 7.1650 -16.4196 49.0150 -2.9504 -5.6002 9.0924 -6.7202 -0.6445 -0.1925 73.5498 -0.5726 -1.6433 -7.9420 1.0992 1.9808 -4.5724 -2.1889 8.6347 -20.2538 -7.8576 0.1020 42.3777 0.0929 -1.1402 -15.4038 -1.9388 -1.4088 1.2844 0.9518
60.0972 93.7901 990.7752 -5.6706 -5.2327 15.0919 4.0954 2.7672 0.1561 0.6276 -4.2196 -0.6956 2.9366 11.8575 -2.1389 2.8415 10.1104 1.7911 -2.2571 -3.7871 -4.8782 -0.4622 -17.5406 -6.4794 -0.0260 0.0955 -0.1241 0.6021 -10.5294 -3.9602 -0.6605 -10.5119 3.7264 -6.9762 16.0047 -2.7543 -66.0039 11.0335 -14.4622 -0.0023 0.0979 -102.9550 -0.2583 23.6664 -5.6755 -15.2382 11.1553 16.2045 -60.5009 1.8856 2.2184 11.1108 16.3753 9.3683 52.8528 4.7758 13.0087 0.6450 -0.7244 100.3696 2.5719 17.9366 -7.0957 15.2243 7.0988 -16.3325 49.0019 -2.9504 -5.5233 7.3765 -12.6192 -0.8190 -0.1541 71.7456 -0.3394 -0.3026 -12.3608 3.4610 1.8763 -4.9735 -2.1231 7.3096 -15.3270 -6.4782 0.0492 40.0293 0.1507 -0.2919 -18.1017 -2.9288 -1.4202 0.7325 0.9905
61.5681 95.6321 996.2658 -4.2442 -5.0777 15.0630 3.8280 2.7170 0.3760 0.3950 -4.2585 0.2542 2.0530 11.0800 -1.4526 2.9833 10.8039 1.6396 -2.4764 -3.8067 -5.3731 -0.3316 -16.1864 -7.2926 -0.0174 0.0897 -0.0347 0.5937 -10.5273 -3.8727 -0.6379 -10.5150 3.8134 -7.8409 15.2875 -1.9086 -65.8764 13.6472 -14.4675 0.0861 0.0505 -104.7119 -2.2342 18.7562 -5.6285 -15.0799 11.0353 15.9696 -60.5558 1.7779 2.2114 9.8857 15.9266 10.0598 54.1366 4.3224 12.0077 0.5993 -0.7284 100.9142 1.0641 13.6588 -5.6984 15.0870 7.0923 -16.1412 49.1498 -3.0613 -5.3179 4.6249 -16.7585 0.6797 0.1900 64.2177 0.2548 0.2723 -14.3158 4.2373 1.7909 -5.1225 -2.0351 5.7495 -9.3948 -3.4090 -0.0402 34.5701 0.1770 0.7334 -17.7928 -4.8115 -1.4404 -0.7614 1.0130
63.1319 97.7447 1001.6985 -2.5932 -4.8283 14.4487 3.2673 2.5443 0.5519 0.2193 -4.2786 1.3219 1.1346 10.3746 -0.8432 2.8506 11.1737 1.6025 -2.6506 -3.8788 -5.7921 -0.1592 -14.8349 -7.9872 -0.0020 0.0804 0.0507 0.5984 -10.5317 -3.7871 -0.6132 -10.5198 3.8959 -8.7336 14.7642 -1.1370 -65.5629 15.7883 -13.8986 -0.0628 0.0357 -106.0963 -2.9305 14.8165 -4.6080 -15.0351 10.9663 15.7782 -60.6775 1.7419 2.2320 9.0593 15.6823 10.9201 54.4985 4.7250 11.7218 0.6884 -0.6471 101.4543 0.5642 10.3153 -3.9416 14.9675 7.1573 -16.0681 49.3008 -3.1429 -5.3264 1.3781 -18.7944 3.1324 0.3286 52.1984 0.5541 -0.6087 -13.9980 3.9674 1.7684 -5.3021 -2.0070 4.2243 -3.7746 -0.4109 -0.1361 29.1120 0.2200 1.5221 -14.9087 -6.5900 -1.4482 -3.0903 1.0802
64.8043 99.5011 1006.8323 -1.2750 -4.3274 13.2679 2.6572 2.2090 0.6355 0.0685 -4.2911 2.0193 0.5416 9.5989 0.0847 2.5569 11.3128 1.5793 -2.7087 -3.8316 -5.8384 -0.0967 -13.8142 -8.3118 0.0078 0.0883 0.1074 0.6056 -10.5505 -3.7354 -0.6013 -10.5328 3.9551 -8.9062 14.4998 -0.4396 -65.8563 17.0187 -12.6141 -0.5014 0.1763 -106.9830 -2.4960 12.3037 -3.3454 -15.1273 10.8676 15.6559 -60.3599 1.6634 2.4028 7.8846 15.4758 11.6304 54.8732 5.3370 12.0171 1.1649 -0.5277 101.6331 0.8678 8.7966 -2.8654 14.9538 7.1190 -16.1541 49.2916 -3.3313 -5.4112 -1.3274 -18.8471 5.4875 0.2845 36.5929 0.5984 -2.1676 -12.2812 3.6619 1.7655 -5.1965 -1.9719 2.8888 -0.0727 1.4190 -0.2032 26.6432 0.1207 1.6825 -10.5828 -6.7136 -1.4824 -7.2355 1.1913
66.3897 100.6132 1011.8585 -0.5761 -3.7511 11.5862 2.1258 1.8804 0.6269 -0.1155 -4.3897 2.3583 0.2643 8.8864 0.9660 2.3028 11.2049 1.5796 -2.6215 -3.7758 -5.8337 -0.1840 -13.3520 -7.8662 0.0128 0.1067 0.0787 0.6447 -10.6229 -3.7954 -0.6308 -10.5968 3.9569 -7.4807 14.4257 0.2666 -67.4339 17.4830 -11.1097 -1.0084 0.2134 -107.7649 -1.4511 10.0421 -1.7333 -15.0613 10.7536 15.4946 -60.0140 1.6362 2.3986 5.9978 15.4148 12.1161 55.8378 5.9795 13.5787 1.3640 -0.3883 101.7485 1.7059 7.8725 -2.7416 14.8868 7.1452 -16.1421 49.2649 -3.3861 -5.4950 -2.7663 -17.6004 7.1393 0.0691 19.8260 0.4390 -3.8626 -10.2837 2.9643 1.7536 -4.9775 -1.9851 1.7791 1.3190 1.5294 -0.2132 28.5014 -0.0151 1.8490 -7.5574 -5.7908 -1.5264 -10.4061 1.2916
67.6504 100.9097 1016.9066 -0.3421 -3.4209 9.5714 1.5098 1.6097 0.5471 -0.2497 -4.4744 2.4885 0.1002 8.3331 1.4282 2.4020 10.7366 1.5981 -2.5502 -3.7534 -5.6782 -0.3385 -13.1347 -7.1039 0.0078 0.1123 0.0069 0.6793 -10.6784 -3.8928 -0.6763 -10.6448 3.9097 -5.4974 14.4661 0.7336 -68.8813 17.5645 -9.3265 -1.4324 0.1397 -108.8618 -0.1319 7.8613 -0.2118 -14.9989 10.8819 15.4514 -59.8302 1.6475 2.4449 4.4986 15.2736 12.4982 56.9504 6.3773 15.6519 1.5388 -0.2054 101.8814 2.9369 5.9943 -3.1545 14.9683 7.1598 -16.2687 49.3500 -3.3757 -5.6539 -2.7878 -16.1410 7.2356 -0.0825 6.1705 0.1267 -4.7429 -7.8864 2.5310 1.6660 -5.5672 -2.1327 0.9037 0.8173 1.0913 -0.2192 34.5344 -0.0433 2.1812 -6.4320 -4.5070 -1.5763 -11.8745 1.3410
68.8441 100.2512 1022.1207 0.1090 -3.8451 7.3385 0.6065 1.7454 0.5805 -0.4750 -4.4621 2.2486 -0.1375 8.2011 1.5024 2.5263 10.1843 1.5803 -2.3024 -3.7031 -5.1710 -0.2485 -12.7201 -6.3009 -0.0056 0.0856 -0.0903 0.6940 -10.6980 -3.9958 -0.7181 -10.6638 3.8203 -4.7277 14.4484 0.4635 -68.1885 17.1800 -7.4068 -1.4012 -0.0934 -110.3548 0.8338 6.7977 0.6048 -14.8990 10.9154 15.4361 -59.5681 1.6447 2.5791 4.0323 14.8129 12.8026 57.8456 6.3345 17.1131 2.0767 -0.0198 101.9989 4.3159 4.1757 -3.6153 15.0998 7.2276 -16.5633 49.5270 -3.4565 -5.9670 -2.3703 -15.7968 6.1219 -0.0259 1.6968 -0.0271 -4.4407 -7.0382 3.3371 1.6119 -6.0002 -2.2497 -0.3426 -0.8944 0.9297 -0.2703 44.6861 0.0974 2.2559 -6.1896 -3.5652 -1.6290 -12.6845 1.3710
70.1351 98.4449 1028.4605 1.0890 -4.9651 5.4019 -0.5685 2.2389 0.6770 -0.7046 -4.3722 1.8245 -0.5023 8.4677 1.2443 2.5268 9.8202 1.3615 -2.1149 -3.5370 -4.3400 -0.0301 -12.4172 -5.7370 -0.0215 0.0738 -0.1156 0.7070 -10.7297 -4.0373 -0.7627 -10.7021 3.8117 -4.6731 14.2775 -0.3894 -66.4180 16.1508 -5.5520 -1.5649 -0.2962 -111.8534 1.5100 6.5285 0.4986 -14.9523 11.0036 15.6593 -59.5066 1.6511 2.7219 3.8493 14.1485 12.6778 59.0848 6.1209 17.9829 2.3649 0.2497 102.0974 5.7981 3.5631 -4.1167 15.2458 7.4225 -16.7904 50.0257 -3.3512 -6.3096 -2.7414 -16.2664 5.4334 0.0002 5.1506 -0.1237 -4.2456 -7.5640 3.6154 1.6292 -6.1743 -2.3730 -2.1977 -2.7616 1.3107 -0.1041 56.5171 0.5713 2.3724 -6.4805 -3.4806 -1.6912 -13.1436 1.4122
