HIERARCHY
ROOT Hips
{
	OFFSET 0.0000 0.0000 0.0000
	CHANNELS 6 Xposition Yposition Zposition Zrotation Xrotation Yrotation
	JOINT Spine1
	{
		OFFSET -0.0137 5.0038 -0.0537
		CHANNELS 3 Zrotation Xrotation Yrotation
		JOINT Spine2
		{
			OFFSET -0.0000 7.1253 -0.0298
			CHANNELS 3 Zrotation Xrotation Yrotation
			JOINT Chest
			{
				OFFSET -0.0000 7.5501 -0.8160
				CHANNELS 3 Zrotation Xrotation Yrotation
				JOINT Neck1
				{
					OFFSET -0.1817 26.3113 -0.5533
					CHANNELS 3 Zrotation Xrotation Yrotation
					JOINT Neck2
					{
						OFFSET -0.0000 7.7094 2.3026
						CHANNELS 3 Zrotation Xrotation Yrotation
						JOINT Head
						{
							OFFSET -0.0000 6.1289 1.9537
							CHANNELS 3 Zrotation Xrotation Yrotation
							JOINT Jaw
							{
								OFFSET 0.0026 0.4756 3.0949
								CHANNELS 3 Zrotation Xrotation Yrotation
								End Site
								{
									OFFSET 0.0 1.0 0.0
								}
							}
							JOINT LeftEye
							{
								OFFSET 3.2064 5.3802 7.5869
								CHANNELS 3 Zrotation Xrotation Yrotation
								End Site
								{
									OFFSET 0.0 1.0 0.0
								}
							}
							JOINT RightEye
							{
								OFFSET -3.2224 5.3619 7.5582
								CHANNELS 3 Zrotation Xrotation Yrotation
								End Site
								{
									OFFSET 0.0 1.0 0.0
								}
							}
						}
					}
				}
				JOINT LeftShoulder
				{
					OFFSET 1.6217 23.2372 5.1134
					CHANNELS 3 Zrotation Xrotation Yrotation
					JOINT LeftArm
					{
						OFFSET 14.9198 0.0000 -5.5023
						CHANNELS 3 Zrotation Xrotation Yrotation
						JOINT LeftForeArm
						{
							OFFSET 28.7393 0.0000 -0.0026
							CHANNELS 3 Zrotation Xrotation Yrotation
							JOINT LeftHand
							{
								OFFSET 27.0940 -0.0000 0.0026
								CHANNELS 3 Zrotation Xrotation Yrotation
								JOINT LeftHandThumbEnd
								{
									OFFSET 12.2686 -3.2202 4.8331
									CHANNELS 3 Zrotation Xrotation Yrotation
									End Site
									{
										OFFSET 0.0 1.0 0.0
									}
								}
								JOINT LeftHandMiddleEnd
								{
									OFFSET 19.0120 -0.3129 -0.0340
									CHANNELS 3 Zrotation Xrotation Yrotation
									End Site
									{
										OFFSET 0.0 1.0 0.0
									}
								}
							}
						}
					}
				}
				JOINT RightShoulder
				{
					OFFSET -1.3801 23.1803 5.2142
					CHANNELS 3 Zrotation Xrotation Yrotation
					JOINT RightArm
					{
						OFFSET -15.0372 0.0000 -5.5456
						CHANNELS 3 Zrotation Xrotation Yrotation
						JOINT RightForeArm
						{
							OFFSET -28.7366 0.0000 -0.0026
							CHANNELS 3 Zrotation Xrotation Yrotation
							JOINT RightHand
							{
								OFFSET -27.1336 -0.0000 0.0026
								CHANNELS 3 Zrotation Xrotation Yrotation
								JOINT RightHandThumbEnd
								{
									OFFSET -12.2642 -3.2115 4.8040
									CHANNELS 3 Zrotation Xrotation Yrotation
									End Site
									{
										OFFSET 0.0 1.0 0.0
									}
								}
								JOINT RightHandMiddleEnd
								{
									OFFSET -19.0006 -0.3066 -0.0316
									CHANNELS 3 Zrotation Xrotation Yrotation
									End Site
									{
										OFFSET 0.0 1.0 0.0
									}
								}
							}
						}
					}
				}
			}
		}
	}
	JOINT LeftLeg
	{
		OFFSET 10.0432 -8.4345 2.5957
		CHANNELS 3 Zrotation Xrotation Yrotation
		JOINT LeftShin
		{
			OFFSET -0.0000 -43.2218 -0.8029
			CHANNELS 3 Zrotation Xrotation Yrotation
			JOINT LeftFoot
			{
				OFFSET 0.0000 -42.1551 -3.4815
				CHANNELS 3 Zrotation Xrotation Yrotation
				JOINT LeftToeBase
				{
					OFFSET 0.0000 -5.0595 13.2315
					CHANNELS 3 Zrotation Xrotation Yrotation
					End Site
					{
						OFFSET 0.0 1.0 0.0
					}
				}
			}
		}
	}
	JOINT RightLeg
	{
		OFFSET -10.0473 -8.2953 2.6203
		CHANNELS 3 Zrotation Xrotation Yrotation
		JOINT RightShin
		{
			OFFSET 0.0000 -43.3622 -0.8056
			CHANNELS 3 Zrotation Xrotation Yrotation
			JOINT RightFoot
			{
				OFFSET 0.0000 -42.1174 -3.4784
				CHANNELS 3 Zrotation Xrotation Yrotation
				JOINT RightToeBase
				{
					OFFSET -0.0000 -5.0796 13.2842
					CHANNELS 3 Zrotation Xrotation Yrotation
					End Site
					{
						OFFSET 0.0 1.0 0.0
					}
				}
			}
		}
	}
}
MOTION
Frames: 240
Frame Time: 0.033333
-0.1420 101.0888 4.9536 1.6582 -1.2726 -0.0185 -0.2982 -0.9056 -0.2381 -0.7676 -5.0731 -0.5248 -1.8581 12.6020 -2.8509 -0.4531 -11.4512 2.4024 -1.3970 -3.5494 -2.0384 -1.3675 -6.6250 -3.4847 0.0386 0.0280 0.0049 0.7458 -10.3915 -3.8524 -0.6745 -10.4141 3.8538 -21.2546 11.5390 -10.9901 -53.3262 11.6017 -29.3266 0.6536 0.3510 -34.8639 -1.7597 -18.7251 10.0915 -15.9736 10.6963 15.4961 -60.5112 1.8113 2.4972 24.5673 9.9503 14.6246 53.3548 9.4196 23.0209 0.2255 0.0005 32.1709 -7.6780 -18.5171 -3.1798 15.4110 7.3185 -16.0695 49.5765 -3.7075 -4.9818 -1.5231 1.3326 -0.7517 0.0665 1.7963 0.1193 -0.1829 -2.0503 7.9982 1.6395 -0.0278 -1.9538 -5.0364 1.9070 -3.7809 0.0128 1.8282 -0.0427 5.1685 -2.1694 -1.6133 -1.4291 0.2547 1.0111
-0.1013 101.0913 5.0379 1.6159 -1.1645 -0.0714 -0.2879 -0.8751 -0.2619 -0.7520 -5.0372 -0.4693 -1.8146 12.5587 -2.8968 -0.4141 -11.6711 2.3844 -1.3874 -3.5275 -1.9649 -1.3284 -6.7575 -3.4716 0.0389 0.0259 0.0150 0.7461 -10.3678 -3.8362 -0.6737 -10.3920 3.8572 -21.1861 11.5640 -10.9651 -53.3706 11.3545 -29.0156 0.5144 0.2993 -34.9869 -1.5787 -18.6608 10.0168 -15.9740 10.6770 15.4392 -60.4814 1.8273 2.4426 24.4199 9.9654 14.6770 53.5104 9.3778 23.1885 0.1396 -0.0081 31.9354 -7.5616 -18.4197 -3.1160 15.4386 7.3179 -16.0908 49.7046 -3.6769 -5.0089 -1.5721 1.3270 -0.7895 0.0530 1.7649 0.0762 -0.2470 -2.2274 8.1272 1.6401 -0.0687 -1.9822 -5.0580 1.8849 -3.6477 0.0128 1.7876 -0.0289 5.2079 -2.2384 -1.6193 -1.4319 0.1835 1.0038
0.0354 101.0961 5.2238 1.5900 -1.0190 -0.1656 -0.2800 -0.8218 -0.2588 -0.7406 -5.0321 -0.4650 -1.7731 12.5657 -2.8954 -0.3612 -11.9601 2.3870 -1.3586 -3.5423 -1.9137 -1.3178 -6.8737 -3.4963 0.0384 0.0194 0.0101 0.7420 -10.3651 -3.8367 -0.6701 -10.3869 3.8485 -21.0655 11.6020 -10.9718 -53.4422 11.1167 -28.7108 0.4445 0.2589 -35.1788 -1.4553 -18.6807 10.0130 -15.9659 10.7061 15.4645 -60.4953 1.8423 2.4814 24.2512 9.9626 14.7770 53.6302 9.3676 23.3183 0.0973 -0.0525 31.7807 -7.5408 -18.4345 -3.0715 15.4584 7.3342 -16.0889 49.7593 -3.6826 -5.0346 -1.6462 1.2629 -0.8606 0.0467 1.7749 0.0471 -0.2411 -2.4005 8.2724 1.6416 -0.0841 -1.9939 -5.1036 1.7993 -3.5171 0.0147 1.7890 -0.0183 5.2894 -2.3178 -1.6549 -1.4326 0.1803 0.9979
0.2005 101.0861 5.4085 1.5725 -0.8435 -0.2418 -0.2872 -0.7545 -0.2783 -0.7244 -5.0233 -0.4569 -1.7247 12.5725 -2.8719 -0.3460 -12.2356 2.3987 -1.3259 -3.5629 -1.8663 -1.2399 -7.0529 -3.5267 0.0342 0.0113 -0.0015 0.7315 -10.3717 -3.8474 -0.6680 -10.3874 3.8355 -20.9269 11.6482 -11.0085 -53.4908 10.9105 -28.4946 0.4164 0.2424 -35.3362 -1.3469 -18.6104 9.9702 -15.9375 10.7162 15.4733 -60.4902 1.8503 2.5103 24.0470 9.9528 14.8715 53.7754 9.3808 23.4101 0.0251 -0.0682 31.7171 -7.4939 -18.5651 -3.0502 15.4786 7.3423 -16.0798 49.7393 -3.6863 -5.0559 -1.7418 1.1624 -0.9232 0.0520 1.7941 0.0359 -0.2042 -2.5815 8.4015 1.6430 -0.0836 -1.9990 -5.1756 1.6823 -3.4163 0.0168 1.7839 -0.0155 5.3897 -2.3982 -1.6782 -1.4317 0.1649 0.9784
0.3396 101.0795 5.5148 1.5536 -0.6135 -0.2986 -0.2913 -0.6849 -0.2519 -0.7079 -5.0268 -0.4914 -1.6948 12.5954 -2.8681 -0.3423 -12.5421 2.4210 -1.2854 -3.5692 -1.8079 -1.1216 -7.3310 -3.5429 0.0299 0.0053 -0.0130 0.7245 -10.3818 -3.8586 -0.6691 -10.3890 3.8251 -20.7771 11.6966 -11.0462 -53.5089 10.6901 -28.2967 0.4093 0.2284 -35.4923 -1.2092 -18.4688 9.9480 -15.8899 10.7112 15.4354 -60.4714 1.8596 2.5040 23.8312 9.9588 14.9852 53.8964 9.4311 23.4793 -0.0324 -0.0753 31.7745 -7.5061 -18.7791 -2.9980 15.4851 7.3607 -16.0882 49.7314 -3.6798 -5.0654 -1.8457 1.0008 -1.0140 0.0566 1.8270 0.0333 -0.1235 -2.7450 8.5517 1.6431 -0.0772 -2.0017 -5.2472 1.5119 -3.3039 0.0200 1.7856 -0.0139 5.4982 -2.4552 -1.6906 -1.4341 0.1718 0.9711
0.5263 101.0687 5.6347 1.5346 -0.3224 -0.3620 -0.3032 -0.6333 -0.2337 -0.6903 -5.0228 -0.5092 -1.6619 12.6090 -2.8729 -0.3555 -12.8658 2.4327 -1.2466 -3.5650 -1.7280 -0.9814 -7.6246 -3.5318 0.0253 0.0063 -0.0234 0.7217 -10.3728 -3.8662 -0.6755 -10.3769 3.8137 -20.6384 11.7236 -11.0739 -53.5180 10.5103 -28.1583 0.4268 0.2103 -35.5755 -1.1024 -18.2954 9.8927 -15.8282 10.7338 15.4202 -60.4429 1.8883 2.4855 23.6295 9.9593 15.0964 53.9958 9.5005 23.4886 -0.1008 -0.0769 31.9178 -7.4864 -18.9234 -2.9976 15.4730 7.3605 -16.0922 49.6848 -3.6917 -5.0579 -1.9712 0.7916 -1.1226 0.0612 1.8540 0.0473 0.0063 -2.8997 8.6960 1.6447 -0.0677 -2.0081 -5.3181 1.3003 -3.1913 0.0241 1.7681 -0.0085 5.5928 -2.4963 -1.7057 -1.4359 0.1831 0.9627
0.7179 101.0589 5.7546 1.5196 0.0056 -0.4330 -0.3148 -0.5789 -0.2110 -0.6692 -5.0155 -0.5162 -1.6469 12.6111 -2.8857 -0.3947 -13.2175 2.4252 -1.2021 -3.5582 -1.5898 -0.8140 -7.9544 -3.5263 0.0237 0.0069 -0.0256 0.7210 -10.3691 -3.8659 -0.6776 -10.3695 3.8087 -20.4979 11.7136 -11.0904 -53.5508 10.3707 -28.0345 0.4625 0.1987 -35.6315 -1.0472 -18.1351 9.8810 -15.7833 10.7503 15.3922 -60.4381 1.9080 2.4671 23.4567 9.9555 15.2353 54.0940 9.5978 23.3770 -0.1615 -0.0865 32.1838 -7.5018 -19.0754 -2.9932 15.4668 7.3562 -16.0904 49.6457 -3.7058 -5.0644 -2.1050 0.5528 -1.2518 0.0615 1.8832 0.0708 0.1329 -3.0689 8.8533 1.6458 -0.0720 -2.0151 -5.4102 1.0613 -3.0793 0.0318 1.7593 0.0034 5.6869 -2.5371 -1.7249 -1.4378 0.1547 0.9637
0.9232 101.0373 5.8639 1.4986 0.3549 -0.4704 -0.3214 -0.5243 -0.2143 -0.6468 -4.9934 -0.4813 -1.6414 12.6042 -2.9037 -0.4325 -13.5703 2.4030 -1.1653 -3.5538 -1.4525 -0.6322 -8.2865 -3.4896 0.0210 0.0087 -0.0297 0.7176 -10.3629 -3.8662 -0.6795 -10.3598 3.8017 -20.3590 11.6912 -11.0957 -53.5748 10.1996 -27.8503 0.4676 0.1849 -35.6756 -0.9607 -17.9705 9.8501 -15.7219 10.7665 15.3753 -60.4331 1.9111 2.4790 23.2842 9.9779 15.3793 54.2111 9.6460 23.1707 -0.2043 -0.0867 32.4688 -7.4944 -19.1460 -3.0137 15.4737 7.3456 -16.0879 49.6121 -3.7186 -5.0702 -2.2448 0.3031 -1.3972 0.0636 1.9248 0.0855 0.2498 -3.2423 9.0352 1.6454 -0.0839 -2.0218 -5.4975 0.8279 -2.9712 0.0359 1.7500 0.0229 5.7382 -2.5969 -1.8006 -1.4371 0.1139 0.9647
1.1416 101.0494 6.0280 1.4709 0.7220 -0.4729 -0.3271 -0.4635 -0.2113 -0.6307 -4.9735 -0.4613 -1.6501 12.5898 -2.9252 -0.4391 -13.9076 2.3795 -1.1403 -3.5427 -1.3383 -0.4725 -8.6081 -3.4765 0.0182 0.0111 -0.0323 0.7128 -10.3554 -3.8652 -0.6804 -10.3552 3.7961 -20.1982 11.7018 -11.1171 -53.6202 9.9372 -27.5759 0.4382 0.1547 -35.6840 -0.8364 -17.8118 9.7772 -15.6398 10.7944 15.3694 -60.4275 1.9216 2.4948 23.1007 10.0243 15.5445 54.3560 9.6928 22.9123 -0.2191 -0.1077 32.7684 -7.4211 -19.1729 -3.0543 15.4626 7.3404 -16.0791 49.5649 -3.7412 -5.0941 -2.3919 0.0570 -1.5613 0.0633 1.9716 0.1030 0.3649 -3.4512 9.2059 1.6465 -0.0663 -2.0229 -5.5852 0.6111 -2.8361 0.0380 1.7567 0.0446 5.7873 -2.7037 -1.9532 -1.4362 0.0811 0.9616
1.3891 101.0632 6.2825 1.4468 1.0879 -0.4449 -0.3402 -0.3976 -0.2142 -0.6239 -4.9474 -0.4464 -1.6761 12.5439 -2.9450 -0.4441 -14.1816 2.3940 -1.1225 -3.5406 -1.2594 -0.3430 -8.8785 -3.4762 0.0140 0.0115 -0.0404 0.7089 -10.3454 -3.8699 -0.6849 -10.3535 3.7865 -19.9968 11.7397 -11.1436 -53.7293 9.5840 -27.2431 0.3827 0.1024 -35.5967 -0.7385 -17.5537 9.6692 -15.5766 10.8356 15.3659 -60.4426 1.9391 2.4813 22.8959 10.0858 15.6949 54.5348 9.7622 22.6484 -0.2344 -0.1163 33.0921 -7.2572 -19.1865 -3.1517 15.4426 7.3295 -16.0615 49.4899 -3.7659 -5.1254 -2.5542 -0.1691 -1.6876 0.0602 2.0223 0.1124 0.4892 -3.6695 9.3047 1.6506 -0.0535 -2.0180 -5.6849 0.4152 -2.6841 0.0371 1.7896 0.0529 5.8481 -2.8234 -2.1668 -1.4349 0.0710 0.9562
1.6535 101.0767 6.6532 1.4414 1.4457 -0.3629 -0.3729 -0.3315 -0.2161 -0.6231 -4.9290 -0.4504 -1.7310 12.5028 -2.9453 -0.4377 -14.4351 2.3949 -1.0930 -3.5313 -1.1714 -0.2471 -9.0908 -3.5430 0.0144 0.0098 -0.0401 0.7067 -10.3394 -3.8692 -0.6821 -10.3562 3.7857 -19.7847 11.8389 -11.1882 -53.8398 9.2241 -26.9786 0.3191 0.0463 -35.4365 -0.7438 -17.2351 9.5841 -15.5498 10.8746 15.3789 -60.4696 1.9601 2.4819 22.6665 10.1665 15.7693 54.7121 9.8372 22.3268 -0.2137 -0.1243 33.5122 -7.0525 -19.2050 -3.2835 15.4337 7.3188 -16.0490 49.4254 -3.8008 -5.1408 -2.7472 -0.3529 -1.8056 0.0587 2.0989 0.1177 0.6394 -3.9172 9.3557 1.6545 -0.0577 -2.0145 -5.8183 0.2568 -2.5532 0.0269 1.8910 0.0632 5.8950 -2.9993 -2.4651 -1.4340 0.0552 0.9588
1.9819 101.0808 7.1086 1.4589 1.7600 -0.2466 -0.4451 -0.2699 -0.2129 -0.6348 -4.9133 -0.4394 -1.8023 12.4579 -2.9579 -0.3788 -14.5872 2.3905 -1.0820 -3.5329 -1.1208 -0.1448 -9.2771 -3.6485 0.0182 0.0095 -0.0317 0.7049 -10.3423 -3.8646 -0.6724 -10.3631 3.7963 -19.5815 11.9848 -11.2363 -53.9635 8.9665 -26.8811 0.2996 0.0148 -35.2533 -0.8608 -16.9786 9.5668 -15.5603 10.9120 15.3923 -60.5190 1.9837 2.4668 22.4153 10.2973 15.7905 54.8978 9.8828 21.9247 -0.1979 -0.0947 34.0337 -6.8522 -19.2184 -3.4126 15.4199 7.3083 -16.0309 49.3825 -3.8204 -5.1321 -2.9840 -0.4361 -1.9625 0.0576 2.1886 0.1111 0.8155 -4.2253 9.4124 1.6600 -0.1125 -2.0244 -5.9808 0.1024 -2.3806 0.0173 2.2248 0.0575 5.9195 -3.3104 -2.8380 -1.4352 0.0105 0.9548
2.3310 101.0463 7.6141 1.5330 2.0083 -0.1041 -0.5998 -0.1885 -0.1903 -0.6664 -4.8880 -0.4371 -1.8769 12.4019 -2.9878 -0.2376 -14.6488 2.3721 -1.0853 -3.5547 -1.0666 -0.0300 -9.4597 -3.8302 0.0231 0.0102 -0.0232 0.7054 -10.3462 -3.8596 -0.6626 -10.3685 3.8066 -19.3586 12.1642 -11.2618 -54.0631 8.7965 -26.9064 0.2469 -0.0057 -35.1540 -1.0373 -16.7394 9.5763 -15.5903 10.9503 15.4009 -60.5580 2.0166 2.4562 22.1572 10.4681 15.7708 55.0462 9.9210 21.4542 -0.1947 -0.0524 34.7057 -6.6557 -19.1997 -3.5552 15.4010 7.3112 -16.0058 49.3293 -3.8159 -5.1113 -3.2965 -0.3991 -2.1881 0.0488 2.2842 0.1014 1.0472 -4.5654 9.5206 1.6656 -0.1927 -2.0384 -6.2064 -0.2743 -2.1146 -0.0008 3.2727 0.0575 5.9580 -3.9478 -3.3228 -1.4386 -0.0630 0.9533
2.6924 100.9985 8.2280 1.7113 2.1930 0.0640 -0.8867 -0.0684 -0.1789 -0.7264 -4.8566 -0.4455 -1.9437 12.3138 -2.9627 -0.0649 -14.5905 2.2812 -1.0488 -3.5788 -1.0695 0.1088 -9.7057 -4.0199 0.0214 0.0159 -0.0269 0.6952 -10.3617 -3.8705 -0.6557 -10.3828 3.8113 -19.0470 12.3769 -11.2572 -54.1667 8.7242 -27.1104 0.1837 0.0065 -35.1991 -1.3075 -16.7012 9.5956 -15.6060 10.9752 15.4560 -60.5937 2.0165 2.4545 21.8655 10.6971 15.6818 55.1902 9.9027 20.8806 -0.2335 -0.0343 35.5374 -6.3985 -19.1052 -3.6857 15.3702 7.3189 -15.9736 49.2566 -3.8358 -5.0640 -3.7375 -0.2198 -2.4685 0.0442 2.3210 0.0932 1.3696 -4.9247 9.5914 1.6719 -0.2614 -2.0444 -6.5369 -1.2746 -1.6423 -0.0195 5.8769 0.0916 6.0749 -5.1607 -3.9784 -1.4400 -0.1565 0.9601
3.0373 100.9294 8.8924 2.0137 2.3106 0.2442 -1.3156 0.1414 -0.1924 -0.8083 -4.7992 -0.3991 -2.0651 12.1653 -2.9992 0.2150 -14.4741 2.0730 -0.9626 -3.5008 -1.0203 0.1942 -10.0776 -4.1071 0.0434 0.0388 0.0385 0.7131 -10.3719 -3.8212 -0.6292 -10.4017 3.8852 -18.5368 12.5561 -11.2836 -54.3421 8.7996 -27.4872 0.1952 0.0514 -35.3831 -1.6208 -16.8693 9.5669 -15.5759 10.9064 15.4500 -60.6094 1.9906 2.3872 21.5345 10.9714 15.5368 55.4419 9.7716 20.2740 -0.3403 -0.0193 36.4027 -6.2698 -18.7878 -3.6149 15.3222 7.3172 -15.9779 49.2726 -3.8228 -5.1557 -4.3290 0.0531 -2.8053 0.0362 2.3253 0.0154 1.7621 -5.2634 9.6923 1.6602 -0.2731 -2.0567 -7.0045 -3.0573 -1.1139 -0.0165 10.2030 0.1038 6.2695 -6.5297 -4.7439 -1.4564 -0.3726 0.9658
3.3241 100.8396 9.5935 2.1403 2.4322 0.4693 -1.6467 0.3014 -0.2503 -0.8681 -4.7171 -0.4087 -2.1842 12.0336 -3.0307 0.4824 -14.2648 1.9142 -0.9540 -3.4623 -1.1026 0.3216 -10.4422 -4.1871 0.0432 0.0453 0.0424 0.7106 -10.3447 -3.8187 -0.6269 -10.3833 3.8910 -18.1475 12.7005 -11.2417 -54.3146 8.8262 -27.7369 0.1520 0.1122 -35.4346 -1.7367 -17.0782 9.4235 -15.5335 10.9062 15.4997 -60.5053 1.9782 2.3491 21.2536 11.0950 15.2958 55.6558 9.5849 19.4201 -0.2858 -0.0526 37.1209 -6.3576 -18.2376 -3.5270 15.3074 7.3395 -15.9993 49.3170 -3.8536 -5.1746 -4.6777 0.3490 -3.0795 0.0469 2.3226 0.0294 2.0648 -5.5070 9.5431 1.6700 -0.3043 -2.0471 -7.2341 -5.3723 -0.5969 -0.0265 15.5325 0.2065 6.4843 -7.3050 -5.4927 -1.4666 -0.8009 1.0245
3.5769 100.8271 10.4343 1.9214 2.5871 0.7549 -1.7615 0.4599 -0.3176 -0.8738 -4.6406 -0.5357 -2.2281 11.8923 -3.0248 0.7266 -14.1667 1.8256 -1.0457 -3.4195 -1.2958 0.3991 -10.6001 -4.2535 0.0436 0.0460 0.0381 0.7168 -10.3292 -3.8256 -0.6316 -10.3747 3.8893 -17.8864 12.8824 -11.2858 -54.1212 8.7979 -27.8610 0.1402 0.1267 -35.2970 -1.7208 -17.1619 9.3224 -15.5039 10.9260 15.5668 -60.4581 1.9208 2.3157 21.1201 11.2709 15.0610 55.6995 9.3551 18.4148 -0.1316 -0.0638 37.6841 -6.6614 -17.8197 -3.3539 15.2812 7.3738 -16.0585 49.3615 -3.8573 -5.2421 -4.5843 0.7427 -3.2472 0.0432 2.1934 0.0279 2.2195 -5.7962 9.2958 1.6945 -0.2910 -2.0401 -7.0221 -8.4635 -0.0920 -0.0706 22.1606 0.2439 6.6662 -7.0425 -6.3037 -1.4828 -1.9389 1.0904
3.7801 100.8233 11.3207 1.4968 2.7377 1.0519 -1.7513 0.6125 -0.3866 -0.8546 -4.4581 -0.5771 -2.2042 11.7101 -3.0995 0.9025 -14.2271 1.8432 -1.2020 -3.4594 -1.6317 0.5623 -10.6449 -4.4691 0.0300 0.0326 0.0024 0.7110 -10.3394 -3.8497 -0.6537 -10.3676 3.8464 -17.5698 12.9221 -11.4316 -53.9938 8.7912 -27.8239 0.1266 0.1473 -35.1117 -1.8253 -16.9696 9.4731 -15.6183 10.8533 15.5172 -60.5445 1.8592 2.3266 20.9680 11.5920 14.7562 55.7166 9.0208 17.3763 0.1044 -0.0627 38.0788 -7.0943 -17.7815 -2.9542 15.4383 7.3884 -16.1760 49.4249 -3.8651 -5.2554 -4.2067 1.2564 -3.4083 -0.0025 1.9714 -0.0132 2.2851 -6.1577 9.1931 1.7087 -0.2286 -1.9830 -6.5663 -12.0270 0.5887 -0.0806 29.4798 0.2583 6.6073 -5.3917 -7.3374 -1.4915 -3.8228 1.0874
3.9491 100.7879 12.2972 1.0896 2.8497 1.2173 -1.7078 0.8012 -0.4642 -0.8515 -4.3395 -0.7083 -2.1616 11.6081 -3.0651 0.9533 -14.3986 1.8059 -1.3264 -3.4626 -1.7972 0.6172 -10.5065 -4.6872 0.0233 0.0201 -0.0242 0.7153 -10.3707 -3.8768 -0.6713 -10.3938 3.8229 -17.2641 12.9639 -11.5418 -53.7381 8.9564 -27.8654 0.0614 0.1390 -35.1220 -2.1018 -16.8270 9.9369 -15.7636 10.8638 15.5629 -60.6764 1.8118 2.3363 20.6785 11.7342 14.5374 55.8964 9.2034 16.7339 0.2324 -0.0535 38.4295 -7.1814 -17.7289 -2.7728 15.4533 7.4195 -16.2115 49.4927 -3.8079 -5.3052 -3.8455 1.8266 -3.2673 -0.0152 1.8845 -0.0325 2.3052 -6.6868 8.9283 1.7118 -0.1143 -1.9591 -6.1072 -15.6864 0.9877 -0.0847 36.3998 0.1996 6.3655 -3.7670 -7.4710 -1.4876 -3.9287 1.0616
4.0826 100.6838 13.3258 0.8219 2.9040 1.2731 -1.7202 1.0094 -0.5158 -0.8501 -4.2384 -0.8035 -2.1667 11.5652 -3.0691 0.8374 -14.5669 1.8558 -1.3894 -3.4576 -1.9314 0.5836 -10.5611 -4.8586 0.0155 0.0232 -0.0530 0.7160 -10.3878 -3.9027 -0.6875 -10.4014 3.7951 -17.1056 12.9646 -11.6521 -53.2260 9.3095 -27.9337 -0.0202 0.1360 -35.2294 -2.3490 -16.4026 10.4229 -15.9171 10.8919 15.5976 -60.7693 1.8035 2.2823 20.4432 11.8468 14.4178 56.0701 9.7824 16.5932 0.3095 -0.0705 38.4807 -6.9386 -17.2901 -2.7850 15.4394 7.4180 -16.1842 49.5107 -3.7644 -5.2800 -3.6487 2.4750 -3.0875 -0.0145 1.8835 -0.0192 2.3226 -7.2528 8.7718 1.7051 -0.1640 -1.9406 -5.7362 -18.9779 1.2906 -0.0516 41.7770 0.2017 6.7139 -3.5601 -7.1481 -1.4853 -2.6367 1.0384
4.2182 100.5580 14.4548 0.5971 3.0334 1.2580 -1.7094 1.1392 -0.5408 -0.8228 -4.1766 -0.8291 -2.1670 11.5843 -3.1118 0.5866 -14.7442 1.9310 -1.4383 -3.4579 -2.0517 0.4753 -10.7793 -4.8993 0.0091 0.0276 -0.0796 0.7142 -10.4218 -3.9303 -0.6988 -10.4231 3.7715 -17.0866 12.9324 -11.7079 -52.5612 9.6010 -27.9181 -0.0679 0.1192 -35.4288 -2.3628 -15.9231 10.8155 -16.0074 10.9556 15.6577 -60.8218 1.8475 2.1980 20.2934 11.9195 14.3850 56.2081 10.6007 16.7116 0.3818 -0.1243 38.3530 -6.4697 -16.6086 -3.0038 15.4413 7.4065 -16.1758 49.5439 -3.7495 -5.2514 -3.4929 3.0862 -2.8887 -0.0010 1.9160 0.0123 2.2874 -7.8556 8.6187 1.6944 -0.2386 -1.9403 -5.2795 -21.9146 1.4170 -0.0090 44.6731 0.2294 7.2705 -4.4181 -6.7866 -1.4827 -2.0646 1.0381
4.3211 100.4513 15.6927 0.2501 3.3002 1.1498 -1.5736 1.1906 -0.5213 -0.7506 -4.1406 -0.8711 -2.0790 11.5809 -3.1234 0.2817 -14.9475 1.9935 -1.4846 -3.4539 -2.1619 0.3215 -10.9650 -4.8369 0.0066 0.0261 -0.0964 0.7172 -10.4403 -3.9521 -0.7072 -10.4394 3.7602 -17.0570 12.8718 -11.7006 -52.0025 9.4738 -27.5293 -0.1015 0.1206 -35.7323 -2.0912 -15.5319 11.1223 -16.0386 10.9703 15.7188 -60.7418 1.8930 2.1466 20.2553 11.9672 14.3799 56.3276 11.4532 16.8843 0.4397 -0.1387 38.0584 -5.8032 -15.8392 -3.3400 15.4264 7.3914 -16.2084 49.5051 -3.7810 -5.2483 -3.1855 3.6245 -2.6555 -0.0039 1.9058 0.0533 2.1889 -8.4445 8.4330 1.6913 -0.3113 -1.9738 -4.5577 -24.6203 1.3042 0.0158 44.8820 0.2622 7.3338 -4.7837 -6.7955 -1.4711 -2.0998 1.0493
4.3998 100.3501 17.0901 -0.2327 3.7020 1.0150 -1.3369 1.1986 -0.5393 -0.6580 -4.1009 -0.9461 -1.8378 11.4630 -3.0873 0.0134 -15.1285 2.0411 -1.5260 -3.4615 -2.2800 0.1741 -11.0913 -4.7189 -0.0015 0.0257 -0.1177 0.7088 -10.4446 -3.9769 -0.7157 -10.4449 3.7431 -16.8417 12.8045 -11.6069 -51.7571 8.9535 -26.7346 -0.1520 0.1521 -36.4436 -1.5968 -15.2322 11.4273 -16.0583 10.9228 15.7716 -60.6650 1.9023 2.1662 20.2743 12.0039 14.3416 56.4981 12.1219 16.8193 0.4143 -0.1125 37.6929 -5.0750 -15.0031 -3.6466 15.4228 7.3948 -16.2578 49.5035 -3.8122 -5.2553 -2.7051 4.1418 -2.4149 -0.0143 1.8294 0.0926 1.9963 -9.0735 8.1737 1.6911 -0.3644 -1.9992 -3.5709 -27.0875 0.8531 0.0343 42.6993 0.3136 6.9065 -4.4229 -7.2431 -1.4560 -2.2824 1.0742
4.4472 100.2080 18.6021 -0.7703 4.2048 0.8720 -1.1006 1.1727 -0.5479 -0.5671 -4.0984 -1.0681 -1.4897 11.2966 -3.0488 -0.0562 -15.2627 2.0128 -1.5565 -3.4732 -2.3608 0.0295 -11.2243 -4.6006 -0.0097 0.0267 -0.1300 0.6978 -10.4526 -3.9906 -0.7212 -10.4469 3.7340 -16.4537 12.7135 -11.4718 -51.7684 8.3841 -25.6977 -0.1654 0.1939 -37.8513 -1.0386 -14.8327 11.7942 -16.1160 10.8774 15.7763 -60.6796 1.9097 2.1972 20.3927 12.0135 14.2713 56.7228 12.5698 16.3408 0.3136 -0.0552 37.3698 -4.6470 -14.3053 -3.7286 15.4150 7.3930 -16.2883 49.4623 -3.8638 -5.2907 -2.1343 4.6508 -2.1533 -0.0318 1.7599 0.1477 1.7176 -9.8475 7.8937 1.6927 -0.4224 -2.0193 -2.4717 -29.2251 0.1612 0.0499 38.4163 0.3560 6.1549 -3.5633 -7.8704 -1.4444 -2.4282 1.1098
4.4937 99.9908 20.2569 -1.3589 4.7558 0.7888 -0.8682 1.0991 -0.5868 -0.4904 -4.1065 -1.1774 -1.0553 11.1347 -3.0658 0.0771 -15.3857 1.9137 -1.6031 -3.4902 -2.3994 -0.0781 -11.3458 -4.5145 -0.0156 0.0276 -0.1305 0.6888 -10.4527 -3.9947 -0.7240 -10.4395 3.7370 -15.9453 12.6052 -11.3253 -51.9123 7.9685 -24.5969 -0.1542 0.2416 -40.0665 -0.4866 -14.3036 12.1912 -16.1708 10.8240 15.7703 -60.7305 1.9191 2.2268 20.6009 11.9797 14.1057 56.9598 12.7522 15.3601 0.2211 -0.0014 37.0584 -4.4734 -13.6520 -3.6736 15.3822 7.3839 -16.2775 49.4267 -3.8930 -5.2742 -1.4564 5.1896 -1.8089 -0.0456 1.7454 0.2176 1.3685 -10.7476 7.5475 1.6917 -0.5085 -2.0451 -1.2218 -30.8343 -0.9199 0.0753 31.9602 0.3899 5.3664 -2.1654 -8.4254 -1.4347 -2.5539 1.1607
4.4776 99.7535 22.0987 -1.8768 5.2870 0.8410 -0.6964 1.0297 -0.5991 -0.4501 -4.1732 -1.3380 -0.6139 11.0787 -3.1419 0.4238 -15.5704 1.7749 -1.6390 -3.5034 -2.3797 -0.1922 -11.5965 -4.4889 -0.0185 0.0317 -0.1202 0.6808 -10.4765 -3.9886 -0.7211 -10.4559 3.7520 -15.3288 12.5472 -11.2167 -52.0738 7.7395 -23.6054 -0.1015 0.2450 -43.0599 0.0601 -13.7212 12.5155 -16.1778 10.8231 15.8063 -60.8529 1.9574 2.2611 20.8366 11.9860 13.8978 57.1810 12.6937 14.0549 0.1779 0.0012 36.8156 -4.3830 -13.0063 -3.6000 15.3837 7.3928 -16.2634 49.4784 -3.8932 -5.2690 -0.7877 5.8085 -1.3055 -0.0487 1.8197 0.2531 1.0155 -11.7081 7.0626 1.6838 -0.6339 -2.0798 0.1090 -31.8881 -2.4312 0.0853 24.2070 0.3333 5.1308 -0.5447 -8.4835 -1.4163 -2.6664 1.2083
4.4531 99.3958 24.0856 -2.1393 5.7240 1.0508 -0.6605 0.9849 -0.6037 -0.4615 -4.2501 -1.4771 -0.2697 11.0975 -3.2991 0.9167 -15.8035 1.6172 -1.6935 -3.5196 -2.3954 -0.3147 -11.9568 -4.5142 -0.0105 0.0359 -0.0858 0.6844 -10.5049 -3.9627 -0.7082 -10.4826 3.7903 -14.6730 12.4963 -11.1552 -52.1290 7.8649 -23.0236 0.0140 0.2275 -46.6277 0.4922 -13.3201 12.6199 -16.1591 10.8651 15.9127 -60.9826 1.9811 2.3202 21.0237 12.0064 13.6007 57.4721 12.5254 12.6815 0.1676 0.0199 36.5596 -4.1118 -12.4493 -3.5244 15.3672 7.4066 -16.2743 49.5817 -3.8934 -5.2712 -0.3346 6.5906 -0.7764 -0.0344 1.9522 0.2440 0.7385 -12.7026 6.4877 1.6747 -0.7461 -2.1031 1.4072 -32.7092 -4.3181 0.1111 16.5902 0.2100 5.5850 0.6766 -8.3660 -1.3874 -2.8338 1.2285
4.3814 98.9057 26.2815 -2.1182 6.0674 1.3676 -0.7380 0.9691 -0.5978 -0.4916 -4.3106 -1.6180 -0.0924 11.1573 -3.4692 1.4948 -16.1350 1.4220 -1.7535 -3.5323 -2.4258 -0.4668 -12.3993 -4.6037 0.0095 0.0370 -0.0346 0.7023 -10.5291 -3.9171 -0.6850 -10.5065 3.8402 -14.0766 12.3640 -11.1462 -51.9880 8.2781 -22.7530 0.1030 0.1910 -50.5508 0.7391 -13.0590 12.4986 -16.1169 10.9144 16.0241 -61.1266 1.9699 2.3669 21.1820 11.9802 13.2632 57.7677 12.4174 11.3902 0.2052 0.0479 36.2709 -3.5622 -12.0640 -3.4838 15.3368 7.4126 -16.2891 49.6514 -3.9159 -5.3147 -0.1044 7.5584 -0.2191 -0.0176 2.1215 0.2037 0.4977 -13.7589 5.8118 1.6739 -0.8614 -2.0954 2.6665 -33.8372 -6.4327 0.1461 10.4595 0.0912 6.4299 1.4708 -8.3710 -1.3608 -2.9859 1.2285
4.3022 98.2727 28.6423 -1.8305 6.3352 1.8563 -0.9096 0.9538 -0.6157 -0.5271 -4.3221 -1.7343 -0.0601 11.2021 -3.6693 2.0917 -16.5201 1.2273 -1.8086 -3.5493 -2.4518 -0.6181 -12.9641 -4.7247 0.0311 0.0367 0.0145 0.7228 -10.5429 -3.8712 -0.6611 -10.5136 3.8842 -13.5412 12.1177 -11.1628 -51.7126 8.8218 -22.8229 0.1624 0.1777 -54.3022 0.7586 -13.0662 12.1561 -16.0269 10.9798 16.1351 -61.1714 1.9713 2.4119 21.3427 11.9289 12.8896 58.0453 12.3662 10.3478 0.1928 0.1048 35.8461 -2.7272 -11.6442 -3.6121 15.2777 7.4178 -16.2820 49.5938 -3.9871 -5.3794 -0.0399 8.7709 0.2807 -0.0126 2.2175 0.1458 0.2216 -14.7600 5.0437 1.6850 -1.0439 -2.0807 3.8959 -35.3498 -8.8874 0.1928 6.3699 0.0396 7.3253 2.0122 -8.3633 -1.3475 -3.0763 1.2064
4.1637 97.5396 31.2168 -1.3555 6.5392 2.4744 -1.1546 0.9081 -0.6437 -0.5713 -4.3220 -1.8692 -0.0884 11.2432 -3.8735 2.6650 -16.9151 1.0591 -1.8365 -3.5438 -2.4504 -0.7912 -13.7148 -4.8611 0.0488 0.0384 0.0525 0.7340 -10.5523 -3.8358 -0.6359 -10.5070 3.9170 -13.0526 11.8567 -11.2343 -51.4490 9.2387 -23.0983 0.1916 0.1361 -57.4232 0.8060 -13.3490 11.6400 -15.9313 11.0696 16.2439 -61.2263 2.0134 2.4482 21.5592 11.8832 12.5430 58.1748 12.2979 9.4621 0.2133 0.1336 35.2673 -1.8148 -11.0625 -3.9383 15.2438 7.4204 -16.2458 49.4975 -4.0753 -5.4348 -0.0485 10.3015 0.7264 -0.0199 2.1250 0.0835 -0.1042 -15.5662 4.1794 1.7059 -1.3765 -2.0848 4.9637 -37.1512 -11.3598 0.2420 4.5995 0.0433 7.9685 2.1740 -8.2464 -1.3489 -3.1286 1.1690
3.9423 96.7513 34.0480 -0.8979 6.7359 3.2679 -1.3370 0.7310 -0.7523 -0.6269 -4.3453 -2.0187 -0.0913 11.2565 -4.0596 3.2126 -17.2855 0.8406 -1.8726 -3.4986 -2.4050 -0.9905 -14.5464 -5.0184 0.0524 0.0298 0.0520 0.7214 -10.5660 -3.8459 -0.6160 -10.5134 3.9230 -12.5929 11.5605 -11.3162 -51.4122 9.4861 -23.4967 0.2604 0.1655 -59.4979 0.9239 -13.9040 11.0975 -15.8061 11.0851 16.2926 -61.3643 2.0159 2.5994 21.9353 11.8829 12.2196 58.0830 12.2131 8.6482 0.1899 0.1918 34.6278 -1.0049 -10.5945 -4.5118 15.2326 7.4345 -16.2067 49.2563 -4.1422 -5.4637 0.1135 12.1491 1.0622 -0.0370 1.7959 0.0942 -0.3546 -16.1300 3.1884 1.7650 -1.7003 -2.0463 5.8761 -38.7558 -13.5614 0.2500 4.5427 0.1072 8.3190 1.7289 -8.1124 -1.3385 -3.1334 1.1532
3.5840 95.9461 37.1297 -0.5207 6.8315 4.1501 -1.5540 0.4958 -0.8567 -0.6918 -4.3934 -2.2402 0.0833 11.2388 -4.1544 3.7045 -17.6432 0.7273 -1.8566 -3.4602 -2.4755 -1.1502 -15.4160 -4.9659 0.0496 0.0389 0.0486 0.7009 -10.5596 -3.8502 -0.6009 -10.4789 3.9189 -12.1850 11.4158 -11.4693 -51.5529 9.4696 -23.8452 0.2775 0.1589 -60.5644 1.1853 -14.4663 10.6837 -15.7127 11.1436 16.3431 -61.3315 2.0990 2.6397 22.2535 11.8771 11.8645 58.0482 12.0785 8.0518 0.0956 0.1885 33.8711 -0.3440 -10.1751 -4.9569 15.2715 7.4064 -16.1649 49.1878 -4.2553 -5.4011 0.5908 14.2543 1.6038 -0.0536 1.4463 0.0255 -0.7882 -16.0842 2.0946 1.7913 -2.4983 -2.0621 6.3199 -39.5543 -15.0568 0.2811 5.5932 0.1773 7.9975 0.5242 -8.1486 -1.3509 -3.2084 1.1246
3.0546 95.3194 40.5824 -0.5388 6.9326 5.0930 -1.6004 0.1370 -0.9084 -0.6993 -4.5467 -2.5563 0.4250 11.1748 -4.2046 4.1830 -18.0093 0.5583 -1.8523 -3.4196 -2.5158 -1.2562 -16.2071 -4.8892 0.0368 0.0445 0.0323 0.6674 -10.5543 -3.8727 -0.5921 -10.4550 3.9127 -11.9228 11.3530 -11.6625 -51.9455 9.2589 -23.9222 0.2540 0.1295 -60.5180 1.5564 -15.1456 10.4201 -15.6202 11.1642 16.2906 -61.2718 2.1387 2.5574 22.7558 11.7444 11.5703 57.8951 11.8902 7.1364 0.0964 0.1755 33.0519 -0.0721 -10.0770 -5.2674 15.3258 7.4242 -16.1695 49.2883 -4.2583 -5.2870 1.7609 16.3714 2.2822 -0.0387 1.3216 -0.1287 -1.3578 -15.3492 1.0027 1.8284 -3.9783 -2.1182 6.5642 -39.1549 -15.6249 0.2589 6.9409 0.2152 6.9100 -0.8148 -8.4453 -1.3570 -3.3981 1.1392
2.3874 94.9869 44.5989 -1.4930 7.2662 5.7761 -1.0926 -0.5387 -0.8366 -0.6271 -4.8233 -2.8476 1.0931 11.0893 -4.1915 4.5127 -18.4164 0.4211 -1.8416 -3.4142 -2.5061 -1.2621 -16.6057 -4.8102 0.0066 0.0518 -0.0102 0.6170 -10.5132 -3.9041 -0.6019 -10.3974 3.8692 -12.2165 11.1694 -11.8301 -52.3711 9.0497 -23.4033 0.1167 0.1295 -59.5043 2.1568 -16.1419 10.2060 -15.5505 11.1461 16.2107 -61.0754 2.0818 2.4303 23.6306 11.3328 11.3695 57.3057 11.8700 5.8636 0.0728 0.2152 32.3390 -0.0073 -10.1066 -5.4950 15.3282 7.4662 -16.2159 49.4087 -4.2385 -5.1784 4.3444 17.8146 3.8583 0.0236 2.1185 -0.3883 -2.0726 -13.6885 -0.3305 1.8874 -6.5521 -2.1857 7.5988 -37.5037 -15.6187 0.2159 7.8400 0.2355 4.5889 -0.5782 -8.9268 -1.3570 -3.7547 1.2003
1.5939 95.0552 49.1314 -3.7277 7.8465 5.7420 0.2641 -1.4842 -0.7095 -0.5144 -5.1996 -2.8237 2.3004 11.0065 -4.1197 4.4661 -19.1366 0.3812 -1.8544 -3.4703 -2.2398 -1.3140 -16.1607 -4.7565 -0.0166 0.0382 -0.0300 0.6035 -10.5126 -3.9141 -0.6319 -10.4119 3.8472 -13.6674 10.5870 -11.8275 -52.5342 9.3147 -22.0218 0.0984 0.0493 -58.1157 3.1971 -18.1980 9.9923 -15.4468 11.0586 16.0236 -60.8858 2.0321 2.3529 24.9031 10.7162 11.3793 55.8625 11.7786 4.0529 0.1841 0.2552 31.9025 -0.0076 -10.1370 -5.7365 15.2253 7.5266 -16.2499 49.6244 -4.2036 -5.0838 8.5581 17.8970 6.7196 0.0910 4.6738 -0.6728 -2.8098 -11.0834 -1.8061 2.0082 -10.6240 -2.2609 9.9827 -35.2463 -15.0383 0.1059 7.9816 0.0975 1.7459 3.2795 -9.5467 -1.3463 -3.7938 1.2264
0.7769 95.3543 53.9682 -6.2443 7.9808 4.9564 1.5943 -2.2755 -0.6456 -0.2599 -5.5039 -2.8421 3.7470 10.8854 -3.7958 4.2853 -19.6177 0.3393 -1.7560 -3.5395 -1.4916 -1.3062 -15.7417 -4.5051 -0.0258 0.0149 -0.0371 0.6175 -10.5623 -3.9226 -0.6630 -10.4552 3.8436 -15.0904 10.0429 -11.4830 -53.3039 9.1010 -19.7006 -0.2746 -0.0640 -55.9504 4.8330 -20.1751 9.4640 -15.5780 10.8539 15.7968 -60.7687 1.8867 2.3445 25.8573 10.2260 11.8189 54.4823 11.5906 3.0801 0.0247 0.2829 31.3896 -0.1058 -10.3168 -5.8099 15.1845 7.5362 -16.3064 49.7643 -4.1828 -5.1543 12.6437 17.2031 9.2051 0.1011 9.0567 -0.9080 -3.2403 -6.6482 -2.1264 2.1667 -16.2721 -2.4142 12.6651 -32.3692 -14.3698 -0.0174 7.9346 -0.0961 0.4629 6.6517 -9.7587 -1.3233 -3.1255 1.1833
0.0512 95.9563 58.8293 -8.0939 7.5072 3.7850 2.4649 -2.6958 -0.5674 -0.0269 -5.7069 -2.9360 5.0010 10.7845 -3.2902 4.1240 -19.7873 0.3840 -1.7414 -3.5438 -0.8785 -1.0663 -15.7027 -3.9853 -0.0365 0.0007 -0.0453 0.6198 -10.5542 -3.9121 -0.6861 -10.4199 3.8209 -15.7547 9.8227 -10.9349 -54.8239 8.7938 -17.6681 -0.4448 -0.0985 -53.1443 6.2871 -22.1675 8.9040 -15.6930 10.6798 15.6842 -60.6124 1.7472 2.4995 26.2988 9.9926 12.3139 53.3140 10.9264 2.7990 -0.0173 0.2773 31.1018 -0.5488 -10.3171 -5.8492 15.2239 7.6503 -16.4300 49.9026 -4.1838 -5.2412 15.2257 15.6173 10.4370 0.1028 15.9502 -1.0934 -3.4796 -0.5357 -1.3962 2.2935 -21.1460 -2.4770 14.5096 -28.5835 -13.5082 -0.1168 7.6025 -0.2370 0.6049 8.2471 -8.8753 -1.2933 -2.5875 1.0923
-0.6616 96.7658 63.5241 -9.0267 6.6779 2.5311 2.8537 -2.7724 -0.3635 0.2150 -5.7537 -2.8165 5.6679 10.6644 -2.9065 3.8855 -19.7800 0.5074 -1.5590 -3.5276 -0.6153 -0.9128 -16.0828 -3.4458 -0.0271 0.0199 -0.0338 0.6546 -10.5059 -3.8647 -0.7039 -10.3984 3.7942 -15.7670 10.0852 -10.5401 -56.4154 8.3314 -16.2562 -0.6012 -0.2195 -49.8799 7.4159 -23.9718 8.6239 -15.7054 10.5020 15.7022 -60.4272 1.5141 2.6179 26.1703 9.8089 12.6088 52.6544 9.8149 3.2114 0.0354 0.2025 31.1203 -1.2336 -10.4957 -5.5993 15.3134 7.7537 -16.5407 50.2348 -3.9141 -5.2927 16.1358 12.6359 9.8660 0.0454 25.8295 -1.1091 -3.8178 6.6744 -0.7081 2.3087 -20.3384 -2.4355 15.3764 -24.5426 -12.8148 -0.0197 7.5000 -0.4335 0.2130 7.8439 -7.2366 -1.2978 -1.8809 1.0807
-1.2988 97.4545 67.9345 -9.2691 5.5940 1.7896 2.9940 -2.4116 -0.2022 0.3203 -5.6466 -2.5462 5.8749 10.5420 -2.6398 3.8007 -19.7416 0.5597 -1.3854 -3.5478 -0.6267 -0.8531 -16.4816 -2.8918 -0.0302 0.0164 -0.0448 0.6442 -10.4792 -3.8640 -0.7019 -10.3708 3.7707 -15.2519 10.2623 -10.2535 -57.9490 8.2082 -15.5092 -0.6026 -0.3148 -46.5993 7.8052 -25.4345 8.6271 -15.8085 10.3684 15.5892 -60.3477 1.3775 2.6802 25.7758 9.7520 12.8567 52.2889 8.3848 4.0243 -0.0549 0.1658 31.8504 -1.9601 -10.7172 -5.2324 15.4131 7.6926 -16.4655 50.3483 -3.8725 -5.1748 16.2189 8.6921 8.0513 0.0286 36.5291 -1.0412 -4.7153 13.2715 -0.3425 2.0942 -12.1653 -2.2196 15.4664 -20.4694 -12.1158 0.0621 7.4103 -0.4534 -0.4595 6.2184 -6.1054 -1.3247 -1.6907 1.0997
-1.9088 97.8877 71.9801 -9.3030 4.5441 1.4537 3.2134 -1.8916 -0.1285 0.3554 -5.4804 -2.1191 5.7867 10.4264 -2.3766 3.6133 -19.4413 0.5601 -1.1829 -3.5507 -0.7846 -0.8132 -17.0692 -2.7145 -0.0198 0.0212 -0.0244 0.6501 -10.4516 -3.8372 -0.6889 -10.3454 3.7806 -14.6481 10.6064 -9.9423 -59.0905 8.1820 -15.4162 -0.4585 -0.3174 -43.5657 7.8207 -26.9716 8.7496 -15.8577 10.3166 15.5395 -60.1173 1.2733 2.7087 24.9758 9.7066 12.9889 52.1775 6.7334 4.8111 -0.0344 0.0342 33.2712 -2.9929 -10.8040 -4.6167 15.4996 7.5593 -16.3703 50.3262 -3.8083 -5.0918 16.1103 4.4510 5.3671 0.0816 46.3026 -0.9658 -7.7203 15.3035 -2.9501 2.0389 -6.0307 -2.1615 15.4019 -16.6937 -11.7866 0.0809 7.6397 -0.4015 -1.0420 3.8649 -5.1439 -1.3488 -1.4276 1.0974
-2.4473 98.1716 75.6970 -9.1722 3.5932 1.2304 3.4135 -1.4187 -0.0217 0.3855 -5.2473 -1.6544 5.5515 10.3001 -2.0486 3.3359 -19.0190 0.5331 -0.9972 -3.4849 -0.9043 -0.7308 -17.6276 -2.6482 -0.0250 0.0513 -0.0191 0.6517 -10.4194 -3.8276 -0.7013 -10.3212 3.7877 -14.4089 11.0115 -9.4931 -59.7469 8.1425 -15.3586 -0.3502 -0.2424 -40.6091 8.1561 -28.7037 8.6302 -15.8134 10.3488 15.6157 -59.8849 1.1284 2.7486 24.1827 9.6565 13.1825 51.7937 5.0615 5.4868 0.0545 -0.0806 35.0174 -4.1434 -9.9339 -4.0567 15.5375 7.4156 -16.2362 50.1880 -3.7248 -5.0732 15.8505 0.1732 2.4409 0.0358 53.9762 -0.8811 -10.4235 11.0280 -6.3462 1.9962 -4.6157 -2.1240 15.1551 -13.3197 -11.4107 0.0369 8.1825 -0.3267 -1.4635 1.3496 -4.5337 -1.3588 -1.1633 1.0832
-2.9168 98.4525 79.4179 -8.5908 2.7316 1.0106 3.4124 -1.0424 0.1287 0.3617 -5.0201 -1.1609 5.1122 10.2171 -1.7407 3.0577 -18.6257 0.6275 -0.8895 -3.4214 -1.0314 -0.6964 -18.0057 -2.6281 -0.0397 0.0755 -0.0331 0.6338 -10.3797 -3.8378 -0.7133 -10.2956 3.7788 -14.5446 11.4506 -9.0202 -60.1545 8.0229 -14.7056 -0.3451 -0.1549 -37.7105 8.9337 -30.2251 8.1941 -15.7366 10.4218 15.7178 -59.7647 1.0389 2.8270 23.4762 9.7113 13.4648 51.1310 3.2935 6.2702 0.0439 -0.0950 36.7177 -5.1824 -8.1498 -3.9641 15.5184 7.3198 -16.0825 50.0293 -3.6522 -5.0371 14.9269 -4.2765 -0.2640 -0.0715 58.9120 -0.7369 -10.1193 5.5925 -6.1385 1.9603 -4.4292 -2.1403 14.3128 -9.9819 -10.7548 0.0359 8.2164 -0.2715 -1.8239 -0.8798 -4.1234 -1.3651 -0.8917 1.0723
-3.3153 98.7565 83.0996 -7.6096 2.0494 0.8528 3.2862 -0.7542 0.2954 0.2917 -4.8572 -0.6757 4.4153 10.1178 -1.4764 2.7199 -18.3578 0.7989 -0.8048 -3.3854 -1.0526 -0.6721 -18.2563 -2.6863 -0.0479 0.0867 -0.0432 0.6070 -10.3577 -3.8452 -0.7036 -10.2833 3.7708 -14.8348 11.8258 -8.5898 -60.4806 8.2663 -13.8211 -0.2981 -0.0902 -35.1953 9.3610 -31.2567 7.8462 -15.6405 10.5231 15.7634 -59.7201 0.9957 2.8496 22.5506 9.7424 13.7042 50.7385 1.3612 6.8520 -0.0371 -0.0816 38.3600 -5.9480 -6.0358 -4.2969 15.4448 7.2980 -15.9968 49.9127 -3.5701 -5.0877 13.4379 -9.0801 -2.7271 -0.1170 61.2628 -0.5030 -8.0616 1.0384 -3.5664 1.9287 -4.3726 -2.1682 13.0074 -6.5388 -9.9041 0.0585 7.4061 -0.2359 -2.1205 -2.8403 -3.9734 -1.3720 -0.6555 1.0656
-3.6740 98.9726 86.7700 -6.4260 1.6602 0.7023 3.1137 -0.5360 0.4301 0.2072 -4.7149 -0.1542 3.5593 9.9442 -1.2833 2.2389 -18.3972 1.0266 -0.7582 -3.3875 -0.9319 -0.5960 -18.4619 -2.7548 -0.0453 0.0882 -0.0421 0.5938 -10.3495 -3.8404 -0.6861 -10.2837 3.7675 -15.2796 12.0443 -8.2265 -60.6021 9.2076 -13.3019 -0.1638 -0.0304 -33.3031 8.6747 -31.8100 7.9633 -15.5150 10.5670 15.6924 -59.6250 0.9683 2.8185 21.3340 9.6954 13.8924 50.7715 -0.5918 7.1164 -0.1337 -0.0036 40.1076 -6.2855 -4.1938 -4.6114 15.2893 7.3287 -16.0073 49.7244 -3.5152 -5.2016 11.6928 -14.1425 -4.7176 -0.0205 60.9531 -0.1630 -5.4669 -2.6316 -0.1272 1.9026 -4.3807 -2.1883 11.5432 -3.1373 -8.9531 0.0710 5.8798 -0.2338 -2.2961 -4.5053 -4.0012 -1.3841 -0.5096 1.0428
-4.0113 99.0278 90.6032 -5.2048 1.5704 0.5669 2.9185 -0.3703 0.4862 0.1293 -4.5969 0.4164 2.7101 9.8061 -1.1182 1.5213 -18.8552 1.2758 -0.7203 -3.4342 -0.7292 -0.4945 -18.8410 -2.7494 -0.0392 0.0813 -0.0378 0.5852 -10.3591 -3.8294 -0.6680 -10.3138 3.7621 -15.8039 12.1787 -7.9677 -60.5240 10.8100 -13.5085 0.0301 0.0033 -32.2377 6.7532 -31.7466 8.7532 -15.4304 10.6123 15.5932 -59.6805 1.0095 2.7640 19.8121 9.5403 14.0293 51.0244 -2.1892 7.4038 -0.1999 0.0809 42.2105 -6.1410 -2.8979 -4.7722 15.1004 7.4264 -16.1170 49.6660 -3.4658 -5.2621 9.9369 -19.2813 -6.1404 0.1351 57.9453 0.1432 -3.1978 -5.5249 2.9778 1.8729 -4.3574 -2.1960 10.1498 0.0137 -8.0501 0.0686 4.1888 -0.2215 -2.4696 -6.0318 -4.1819 -1.3950 -0.4241 0.9973
-4.3512 98.8630 94.5530 -4.1609 1.7468 0.3539 2.7706 -0.2414 0.4903 0.0705 -4.4889 0.9786 2.0449 9.7501 -0.9248 0.5662 -19.6131 1.5767 -0.6782 -3.4960 -0.4535 -0.3864 -19.5197 -2.6236 -0.0193 0.0704 -0.0200 0.5993 -10.3512 -3.7990 -0.6442 -10.3355 3.7610 -16.3363 12.2675 -7.7943 -60.4076 12.7384 -14.3523 0.2398 0.0486 -31.8783 4.2093 -31.0687 9.8963 -15.4164 10.6709 15.5990 -59.8297 1.1309 2.7379 18.1146 9.3685 14.2104 51.0851 -3.2717 8.1127 -0.1535 0.1273 44.5389 -5.6189 -2.0851 -4.8726 14.9844 7.5165 -16.2532 49.6715 -3.4610 -5.2796 8.4114 -24.2559 -6.6402 0.2583 52.5069 0.2970 -1.7691 -7.0945 5.0451 1.8325 -4.1542 -2.2036 9.0365 2.7259 -7.3708 0.0322 2.8786 -0.1863 -2.6586 -7.7075 -4.4484 -1.4070 -0.3217 0.9543
-4.6413 98.4954 98.5263 -3.4273 2.0730 -0.0454 2.7315 -0.1361 0.4785 0.0262 -4.3805 1.4236 1.6523 9.7489 -0.6243 -0.5359 -20.3530 1.9243 -0.5895 -3.5270 -0.1801 -0.2995 -20.4892 -2.3558 0.0031 0.0666 -0.0035 0.6244 -10.3257 -3.7636 -0.6258 -10.3410 3.7541 -16.7893 12.2841 -7.6090 -60.4643 14.5301 -15.2741 0.3854 0.1038 -31.8204 2.0465 -30.3017 10.7286 -15.4222 10.7433 15.7146 -59.8207 1.2300 2.7937 16.4554 9.2401 14.4553 50.6881 -3.8570 9.3288 -0.0626 0.1637 46.7656 -4.8548 -1.5172 -5.0124 14.9493 7.5579 -16.3712 49.7405 -3.4582 -5.2738 7.0760 -28.4696 -5.9403 0.3347 44.9639 0.3590 -1.2125 -6.9209 5.9102 1.7713 -3.9967 -2.2079 8.2339 5.0642 -6.9389 -0.0185 2.1269 -0.1475 -2.7610 -9.5499 -4.6238 -1.4190 -0.1775 0.9302
-4.8404 97.9760 102.4082 -2.9378 2.4825 -0.6205 2.7434 -0.0750 0.4408 0.0107 -4.3261 1.7114 1.4906 9.8017 -0.2275 -1.6248 -20.8834 2.2473 -0.4790 -3.5314 0.1267 -0.2027 -21.4517 -1.9847 0.0170 0.0717 -0.0001 0.6372 -10.3261 -3.7489 -0.6131 -10.3622 3.7455 -17.1410 12.3241 -7.3418 -60.6956 15.8390 -15.8359 0.4069 0.1010 -31.8211 0.6425 -29.7004 11.1086 -15.3641 10.8112 15.7777 -59.7336 1.2564 2.8966 14.9529 9.2353 14.7518 49.9732 -4.2212 10.8023 -0.0682 0.2326 48.6419 -4.0058 -0.8990 -5.1834 15.0387 7.5517 -16.4315 49.8528 -3.4380 -5.2472 5.3812 -31.4220 -3.7069 0.3956 34.9578 0.4803 -1.4151 -5.5243 5.6260 1.7099 -3.8690 -2.1918 7.5735 7.2752 -6.8209 -0.0620 1.7098 -0.1335 -2.6601 -11.3731 -4.4317 -1.4248 -0.0894 0.9388
-4.9947 97.3200 106.2796 -2.6918 2.8574 -1.3541 2.7668 0.0001 0.4708 0.0171 -4.3542 1.7991 1.5301 9.9004 0.2179 -2.5582 -21.1716 2.6478 -0.4414 -3.5253 0.3600 0.0040 -22.1019 -1.4824 0.0269 0.0851 0.0002 0.6319 -10.3554 -3.7491 -0.5894 -10.3821 3.7462 -17.3215 12.4469 -7.0140 -61.0009 16.5830 -15.8503 0.3071 -0.0159 -31.9107 -0.0385 -29.5752 11.1832 -15.2054 10.9295 15.8057 -59.6885 1.3057 2.9157 13.6979 9.3097 15.0739 49.1556 -4.4574 12.3317 -0.2362 0.2343 49.9817 -3.2555 -0.2467 -5.3011 15.1590 7.5199 -16.4033 50.0202 -3.3758 -5.2212 3.1320 -32.7883 -0.0308 0.3285 22.9989 0.5751 -3.2280 -4.0024 4.5437 1.6537 -3.6975 -2.1663 6.9666 9.5635 -6.8665 -0.0828 1.5047 -0.1697 -2.2986 -13.0535 -3.8973 -1.4283 -0.2190 0.9681
-5.0792 96.5552 110.2109 -2.5906 3.1739 -2.1857 2.6964 -0.0120 0.4665 0.0265 -4.4304 1.8513 1.7799 10.0257 0.5476 -3.3440 -21.2223 2.9891 -0.3637 -3.4748 0.7594 0.0665 -22.3538 -0.7611 0.0788 0.1028 0.0586 0.6474 -10.3800 -3.7086 -0.5017 -10.4011 3.8056 -17.4989 12.6930 -6.7293 -61.2670 17.0070 -15.4451 0.2352 -0.0823 -32.0943 -0.2810 -30.1213 11.1940 -15.1714 10.9764 15.7828 -59.8197 1.2892 2.7468 12.7691 9.4488 15.5071 48.2970 -4.6629 13.5636 -0.3023 0.2203 50.8585 -2.8131 0.2050 -5.4020 15.2027 7.5860 -16.4533 50.2494 -3.2394 -5.3208 0.8710 -33.0488 3.4719 0.0659 11.2054 0.4421 -6.0228 -3.1114 4.0401 1.5221 -3.6484 -2.2511 6.2633 12.0816 -7.1650 -0.0285 1.3459 -0.2865 -1.7397 -14.5607 -3.0272 -1.4479 -0.7299 0.8912
-5.1394 95.6068 114.3714 -2.4662 3.4761 -3.0633 2.5257 -0.1299 0.4329 0.0304 -4.5136 1.8993 2.0684 10.2419 0.7323 -3.9394 -21.1481 3.2933 -0.1753 -3.4663 1.2389 -0.0764 -22.3415 -0.0443 0.0689 0.1113 0.0474 0.6087 -10.3219 -3.7078 -0.4843 -10.3279 3.7873 -17.6461 12.7169 -6.5444 -61.4863 17.3174 -14.9386 0.1115 -0.1271 -32.1353 -0.3662 -30.9808 11.0598 -15.1604 10.9305 15.6851 -59.9190 1.2461 2.6224 12.4387 9.6076 15.9931 47.3184 -4.6804 14.5229 -0.5201 0.2705 51.4653 -2.5695 0.0420 -5.3172 15.1049 7.5936 -16.4836 50.2495 -3.2704 -5.3389 -0.9933 -33.4779 5.8931 -0.0444 3.8700 0.3878 -7.9940 -2.8825 4.8507 1.4143 -3.8450 -2.2947 5.3796 14.6334 -7.4877 0.0195 1.1912 -0.3054 -0.8603 -15.7576 -2.3109 -1.4453 -1.2070 0.8340
-5.1765 94.7310 118.7874 -1.9764 3.6614 -3.7439 2.1459 -0.1708 0.4110 0.0005 -4.5946 1.9035 2.0594 10.4632 0.7887 -4.2082 -20.9998 3.4354 0.0310 -3.4519 1.5763 -0.2533 -22.3223 0.6718 0.0432 0.1127 0.0143 0.5894 -10.2800 -3.7318 -0.5167 -10.2880 3.7571 -17.8743 12.6841 -6.6142 -61.2523 17.4075 -14.4558 -0.1417 -0.1829 -31.9474 -0.2031 -32.0222 10.7641 -15.2291 10.8245 15.5693 -59.9590 1.1997 2.4786 12.6514 9.7176 16.4424 46.5796 -4.6118 14.8125 -0.5865 0.3555 51.8799 -2.6088 -0.2447 -4.9546 15.0609 7.5613 -16.4325 50.1989 -3.2746 -5.2963 -2.8755 -34.3520 7.6051 -0.0071 2.9807 0.3666 -8.1338 -3.2203 6.0071 1.4065 -4.0078 -2.3000 3.9882 17.2826 -7.9564 0.0347 0.9900 -0.2842 0.0398 -16.1884 -1.8992 -1.4353 -2.0078 0.8364
-5.2100 94.1174 123.7224 -0.8062 3.8966 -4.1822 1.2979 -0.4492 0.4044 -0.0741 -4.8003 1.9675 1.6422 10.7222 0.6377 -3.9203 -20.7583 3.4056 0.0490 -3.4497 1.8450 -0.4203 -21.7520 1.1346 0.0349 0.1107 -0.0021 0.5850 -10.3014 -3.7597 -0.5277 -10.3183 3.7558 -18.2546 12.5920 -6.8995 -60.4734 17.3791 -14.0488 -0.5112 -0.2216 -31.3728 -0.0802 -32.5378 10.4584 -15.1757 10.9078 15.6428 -59.9679 1.2325 2.4022 13.4698 9.6984 16.7146 46.0781 -3.8546 14.8018 -0.6589 0.4227 51.8721 -2.5323 -0.6545 -4.3841 15.0928 7.5454 -16.3322 50.1652 -3.2479 -5.2910 -4.9671 -34.3880 8.6240 0.0139 5.6408 0.3222 -6.4947 -2.6579 6.2668 1.5036 -4.2929 -2.3452 1.8385 19.5394 -8.4802 0.0726 1.4573 -0.2430 0.8712 -15.6307 -2.0087 -1.4344 -3.7431 0.9102
-5.2321 93.9448 128.7559 1.1385 4.4491 -4.2627 -0.1446 -1.1265 0.3269 -0.2539 -5.1356 1.9851 0.8711 10.9594 0.3814 -3.0418 -20.7455 3.0578 0.0945 -3.5394 2.2895 -0.6362 -20.5305 1.5024 0.0054 0.0947 -0.0513 0.5367 -10.2768 -3.8169 -0.5381 -10.2886 3.7243 -18.9672 12.3502 -7.3717 -59.1350 17.3884 -14.0066 -0.7676 -0.1251 -30.0765 -0.2417 -32.7400 10.1806 -15.1204 11.0557 15.6315 -60.1058 1.3688 2.3582 15.2415 9.4697 16.9259 45.4157 -2.3308 14.4193 -0.7216 0.3395 51.2586 -2.3878 -0.7304 -3.7381 15.1731 7.4303 -16.1808 50.1422 -3.2677 -5.0831 -7.5574 -34.5783 9.0479 0.0495 10.2266 0.3478 -2.9253 1.4495 6.2438 1.6807 -4.5231 -2.2967 -1.1212 19.8495 -9.2181 0.1318 4.8547 -0.2013 1.7683 -13.9868 -2.2745 -1.4644 -7.8835 1.0504
-5.3485 94.0494 133.8153 2.6964 4.6289 -3.8235 -1.1352 -1.5046 0.2879 -0.5154 -5.4370 1.8366 -0.0851 11.0497 0.0350 -1.8357 -20.6465 2.6933 -0.1580 -3.5312 2.1953 -0.5478 -20.0624 1.5194 0.0214 0.0778 -0.0427 0.5791 -10.2461 -3.7930 -0.5472 -10.2819 3.7149 -19.0949 12.3765 -8.1089 -58.1604 17.3884 -15.4640 -0.7188 0.0388 -28.4615 -0.8221 -33.5437 10.1878 -15.3264 11.1469 15.8111 -60.0827 1.5116 2.3075 16.6048 9.2359 16.5410 45.8706 -1.0044 13.7033 -0.5486 0.3406 49.8910 -2.5509 -0.5141 -3.1822 15.1819 7.4162 -16.1687 50.2616 -3.1744 -5.0521 -9.2965 -34.9412 8.6355 0.1191 15.9693 0.3173 -0.6067 5.3993 6.5165 1.7053 -3.5483 -2.1937 -3.2896 18.7933 -9.6299 0.0157 11.5018 -0.0236 2.3583 -10.5387 -2.8855 -1.5258 -14.7183 1.2272
-5.5104 94.3797 139.0609 3.6759 4.2604 -2.8868 -1.6141 -1.4263 0.2163 -0.7666 -5.3750 1.6708 -1.0170 10.6154 -0.3810 -0.7176 -20.0053 2.0260 -0.5252 -3.4562 1.8052 -0.3650 -20.2796 1.3432 0.0192 0.0906 -0.0472 0.6298 -10.2328 -3.8087 -0.6025 -10.3013 3.7212 -17.8927 12.6696 -8.8908 -58.2312 16.5449 -17.9061 -0.5566 0.1022 -26.7009 -1.4567 -33.6696 10.4970 -15.4703 11.0271 15.7875 -59.9510 1.4412 2.4370 16.5835 9.6296 15.7312 48.2915 -0.2650 12.8118 -0.4621 0.4313 47.6663 -3.3530 -0.8922 -2.4888 15.2911 7.4264 -16.2936 50.4814 -3.3131 -5.1086 -10.5828 -34.3294 8.7541 0.2034 22.1720 0.3441 0.6165 3.5243 5.7713 1.6882 -2.2908 -2.1051 -4.4535 16.1192 -9.5238 -0.1331 21.6112 0.0798 2.8370 -3.1393 -3.2657 -1.7034 -22.9965 1.4962
-5.5786 94.8683 144.1626 4.2854 3.4910 -2.0955 -1.9458 -1.0680 0.1247 -0.9129 -5.1173 1.4642 -1.5836 10.0696 -0.8614 0.0486 -19.0256 1.9160 -0.8488 -3.4416 1.2783 -0.4120 -19.9770 0.8582 0.0393 0.0850 -0.0241 0.6859 -10.2895 -3.8024 -0.6200 -10.3538 3.7506 -16.1053 12.8805 -9.5079 -58.8846 15.0247 -20.3143 -0.3530 0.0246 -25.6394 -1.5172 -33.4745 10.4082 -15.5937 10.9292 15.8428 -59.8599 1.3372 2.7317 15.6980 10.2805 15.1489 51.4329 0.4331 11.9530 -0.4191 0.3453 44.8670 -4.1324 -1.7209 -2.0207 15.5197 7.4512 -16.2975 50.7714 -3.4741 -5.0244 -11.3190 -31.5116 9.2474 0.0995 25.5235 0.3059 2.6011 0.5875 4.7630 1.6444 -1.2646 -2.0151 -5.2605 11.2634 -8.4147 -0.0552 34.7093 0.2099 4.1734 7.9778 -3.3859 -1.7295 -24.7989 1.4380
-5.5519 95.4887 149.0259 4.7776 2.8433 -1.8317 -2.2746 -0.6863 -0.0795 -1.0267 -4.8639 1.3172 -1.7408 9.6617 -1.3159 0.3076 -18.3856 2.0664 -0.9164 -3.4866 0.7954 -0.5372 -19.4632 0.6516 0.0724 0.0924 0.0361 0.7262 -10.3148 -3.7657 -0.5949 -10.3706 3.8194 -15.0169 12.9225 -10.1092 -58.6744 13.6853 -21.9596 -0.3573 -0.0733 -26.2944 -1.1757 -34.3133 9.9515 -15.7622 10.7956 15.8738 -59.8737 1.1883 2.7825 15.5587 10.6383 14.8968 53.0770 2.0074 11.7763 -0.4724 0.2278 42.3701 -4.1024 -1.9219 -2.2708 15.7231 7.4460 -16.1812 50.7256 -3.4457 -4.9177 -11.6082 -27.6996 9.1858 0.0779 26.3567 0.3142 3.3877 -2.7132 4.3170 1.6436 -1.4813 -2.0371 -6.2147 5.1005 -6.5831 0.0245 47.2966 0.3909 7.1565 19.4489 -1.5265 -1.3483 -11.4367 1.0717
-5.4971 96.1836 153.8398 5.1675 2.4920 -1.7837 -2.6808 -0.4233 -0.2599 -1.1141 -4.7306 0.9828 -1.6068 9.4338 -1.8552 0.4290 -17.8757 2.2561 -0.7807 -3.5197 0.6666 -0.7130 -19.2493 0.7437 0.1036 0.1127 0.1015 0.7485 -10.3521 -3.7116 -0.5536 -10.3858 3.8827 -14.1155 12.6392 -10.4493 -58.1294 12.8283 -23.6592 -0.3306 -0.1053 -27.7344 -0.4818 -35.7883 9.3732 -15.7939 10.6936 15.9100 -59.8989 1.1550 2.7709 16.2228 10.7279 14.8131 53.5851 3.6863 11.8664 -0.3525 0.0798 39.8402 -4.0073 -1.8545 -2.3234 15.8552 7.4120 -16.1203 50.5467 -3.4311 -4.9081 -11.6174 -23.5323 8.7419 0.1322 25.4798 0.4206 3.4182 -5.4655 4.2905 1.6193 -1.4134 -2.0481 -7.0933 -1.3010 -4.2484 0.1336 57.3862 0.5448 10.4539 21.9732 2.5327 -1.2902 -4.9697 1.0352
-5.5163 96.9653 158.6392 4.8985 2.1459 -1.6475 -2.8052 -0.2104 -0.4664 -1.1091 -4.6598 0.3965 -1.1106 9.3938 -2.3009 0.7464 -17.4994 2.2319 -0.7271 -3.5309 0.7152 -0.9975 -18.9923 1.0192 0.1109 0.1175 0.1252 0.7610 -10.4235 -3.6981 -0.5502 -10.4596 3.9119 -13.2079 12.4507 -10.7010 -57.2924 11.7641 -25.3696 -0.3703 -0.0982 -29.1008 0.3917 -36.6752 8.9781 -15.8595 10.6406 15.9594 -59.8776 1.2336 2.7742 17.2290 10.7823 14.6188 53.7846 4.9698 11.4164 -0.1525 0.0099 37.6665 -4.3635 -2.3653 -2.0229 15.8273 7.4108 -16.1113 50.5469 -3.4117 -4.8278 -10.8015 -19.1130 7.9077 0.1061 23.6575 0.3782 3.0137 -7.5697 4.1791 1.5970 -1.3250 -2.0484 -7.2761 -7.3901 -2.7041 0.3405 63.9776 0.6696 11.2609 17.1474 4.1119 -1.3190 -3.8730 1.0412
-5.5776 97.7339 163.3911 4.0838 1.7916 -1.3096 -2.6932 0.0036 -0.7209 -1.0102 -4.5563 -0.2609 -0.3765 9.3371 -2.7317 1.3258 -17.1512 1.9684 -0.7132 -3.5344 0.8010 -1.1939 -18.5441 1.2472 0.0946 0.1142 0.1080 0.7526 -10.4809 -3.7232 -0.5734 -10.5200 3.9060 -12.1530 12.3385 -11.0410 -56.3960 10.4423 -26.7554 -0.4331 -0.0567 -30.6105 0.9606 -36.7538 9.0731 -15.9378 10.6083 15.9851 -59.8972 1.3450 2.7549 18.2417 10.8173 14.2601 54.1483 5.8441 10.1644 -0.0011 -0.0025 35.8665 -4.9336 -3.6918 -1.4237 15.7586 7.4397 -16.1260 50.5656 -3.4063 -4.7197 -9.3901 -14.4734 7.0588 0.0355 21.1218 0.2404 2.5407 -9.0885 3.7527 1.5884 -1.1988 -2.0145 -6.8133 -13.2252 -2.6808 0.5055 66.7268 0.7194 10.1012 11.7066 3.0527 -1.3582 -3.5132 1.0471
-5.6848 98.3736 168.0077 3.0764 1.4820 -0.7829 -2.5005 0.2483 -0.9783 -0.8723 -4.4526 -0.9171 0.3722 9.2816 -3.1610 2.1102 -16.8448 1.5302 -0.6863 -3.5391 0.8144 -1.2021 -18.1314 1.3471 0.0706 0.1100 0.0752 0.7282 -10.5238 -3.7627 -0.5965 -10.5532 3.8851 -11.0215 12.1355 -11.5048 -55.3906 9.1503 -27.5916 -0.4260 -0.0506 -32.9137 1.2815 -36.6555 9.4018 -15.9533 10.5986 15.9982 -60.0372 1.4606 2.7251 19.1707 10.7881 13.7447 54.7258 6.6212 8.3587 0.0628 0.0257 34.5444 -5.3224 -5.6641 -0.5495 15.6943 7.5018 -16.1898 50.5658 -3.4105 -4.7327 -7.7931 -9.6835 6.4353 -0.0148 18.1039 0.0774 2.1160 -10.2182 3.0650 1.5913 -1.0454 -1.9582 -5.8541 -18.8307 -4.1226 0.4253 66.2757 0.4253 7.9116 6.5089 0.3501 -1.3859 -3.5245 1.0214
-5.9433 98.7550 172.6432 2.1246 1.3406 -0.2216 -2.2817 0.4118 -1.1566 -0.7531 -4.3776 -1.4688 1.0017 9.2569 -3.5702 2.9431 -16.6164 1.0526 -0.6570 -3.5792 0.8406 -1.0154 -17.7128 1.0583 0.0466 0.1019 0.0427 0.7085 -10.5462 -3.7960 -0.6239 -10.5620 3.8595 -10.0739 11.8197 -12.0294 -54.1063 8.0051 -28.0208 -0.3362 -0.0445 -35.8191 1.4615 -36.5740 9.5578 -15.8867 10.6330 15.9778 -60.2158 1.5761 2.6620 20.0080 10.7549 13.1046 55.4168 7.4672 6.5553 0.0143 0.0976 33.4371 -5.1478 -7.4921 0.1407 15.6579 7.5618 -16.2430 50.5308 -3.4252 -4.8574 -6.2507 -4.9442 6.1356 -0.0289 14.7587 -0.0329 1.7086 -11.0247 2.3990 1.6058 -0.9204 -1.9082 -4.3927 -23.9167 -6.3635 0.0997 62.7018 -0.1154 5.6395 2.3676 -2.4994 -1.3966 -3.5751 0.9669
-6.2543 98.8680 177.2296 1.4075 1.4414 0.2144 -2.1028 0.4486 -1.2052 -0.6710 -4.3815 -1.9464 1.4172 9.2694 -3.8766 3.7481 -16.5300 0.6175 -0.6778 -3.6323 0.8671 -0.6963 -17.4237 0.5255 0.0284 0.0864 0.0229 0.6915 -10.5774 -3.8179 -0.6423 -10.5712 3.8458 -9.2498 11.4188 -12.5417 -52.6961 6.9191 -28.2871 -0.1736 -0.0533 -38.7388 1.7453 -36.7643 9.3058 -15.7708 10.7003 15.9526 -60.4551 1.6762 2.5965 20.7487 10.8520 12.5085 56.1575 8.2924 4.9814 0.0134 0.1603 32.4338 -4.4804 -8.5068 0.3682 15.6447 7.6354 -16.3192 50.5511 -3.4463 -5.0282 -4.9491 -0.4585 6.1102 -0.0363 11.3096 -0.1085 1.2914 -11.5990 1.9928 1.6241 -0.8891 -1.8829 -2.5976 -28.2323 -8.7298 -0.1726 56.4835 -0.4815 3.8662 -0.5821 -4.7420 -1.4046 -3.6005 0.9250
-6.5834 98.6712 181.7542 1.0287 1.7315 0.4968 -2.0170 0.3461 -1.1964 -0.6332 -4.4351 -2.3916 1.5903 9.2477 -4.1144 4.4864 -16.4107 0.3421 -0.7446 -3.6677 0.7850 -0.3476 -17.2854 -0.0119 0.0161 0.0833 0.0251 0.6702 -10.5834 -3.8165 -0.6448 -10.5561 3.8513 -8.4732 11.0229 -12.9598 -51.3339 5.7738 -28.5381 0.0287 -0.0909 -41.1510 2.2011 -37.0611 8.5918 -15.6762 10.7863 15.9861 -60.6079 1.7221 2.6133 21.3188 11.0507 11.9836 57.0132 9.1554 3.7510 0.0502 0.2311 31.5136 -3.3609 -8.7542 0.0252 15.6403 7.6412 -16.3378 50.5687 -3.5139 -5.1262 -4.0417 3.7764 6.1546 -0.0348 8.0310 -0.1338 0.8811 -11.9990 1.8733 1.6425 -1.0436 -1.9003 -0.7135 -31.5029 -10.9068 -0.1956 47.7303 -0.4168 2.4645 -2.0832 -6.4525 -1.4152 -3.7515 0.9231
-6.9107 98.2576 186.4875 0.9591 2.1457 0.6772 -2.0050 0.0946 -1.2295 -0.6320 -4.5374 -2.7300 1.5019 9.1875 -4.3586 5.1582 -16.2215 0.0646 -0.8137 -3.6428 0.5848 -0.0839 -17.1773 -0.4330 -0.0060 0.0836 0.0170 0.6319 -10.6007 -3.8438 -0.6508 -10.5790 3.8681 -7.6771 10.7780 -13.3661 -50.1970 4.3130 -28.6203 0.1955 -0.0722 -42.7091 2.9044 -37.4927 7.6279 -15.6164 10.7172 15.9910 -60.6727 1.6120 2.9082 21.8817 11.2626 11.5004 57.7660 10.2242 2.8293 0.1586 0.3322 30.8232 -2.0554 -8.4556 -0.8134 15.6649 7.6177 -16.3809 50.5526 -3.5481 -5.2179 -3.4995 7.8760 6.0065 0.0231 4.9264 0.0033 0.4828 -12.1467 2.0598 1.6935 -1.3184 -1.9516 1.0724 -33.4183 -12.6956 -0.0601 36.4092 -0.1586 1.3648 -2.2147 -7.3321 -1.4381 -3.5643 0.9673
-7.2989 97.6894 191.2919 1.1122 2.4334 0.9594 -2.1395 -0.1710 -1.2332 -0.7125 -4.6913 -3.0022 1.3902 9.2029 -4.6813 5.7928 -15.9364 -0.0229 -0.8215 -3.6073 0.2816 -0.0249 -16.9019 -0.7431 0.0013 0.0877 0.0550 0.6351 -10.6081 -3.8102 -0.6378 -10.5899 3.9078 -7.1821 10.6317 -13.8356 -49.0476 2.9822 -28.4451 0.3583 -0.0822 -43.8291 3.3283 -37.7028 6.8120 -15.7044 10.7462 15.9882 -60.7815 1.5587 2.9904 22.5586 11.2707 10.9438 58.3270 11.3340 1.7836 0.3804 0.3667 30.2146 -0.7966 -7.1238 -1.5911 15.6028 7.5774 -16.3139 50.6854 -3.5293 -5.2239 -3.1101 11.6441 5.9554 0.0314 2.9787 0.1431 0.0349 -11.8998 2.5123 1.7314 -2.1580 -2.0491 2.2940 -33.7784 -13.5671 0.1506 23.7028 0.0619 1.0072 -1.6036 -6.7761 -1.4517 -3.4405 1.0120
-7.7852 97.0835 196.2101 1.3296 2.6211 1.3502 -2.3291 -0.5314 -1.1804 -0.8501 -4.8806 -3.2677 1.2776 9.3066 -5.0635 6.4481 -15.5457 -0.1386 -0.8324 -3.5967 0.0752 -0.1666 -16.2167 -1.0374 0.0242 0.0688 0.1123 0.6560 -10.6520 -3.7654 -0.6105 -10.6435 3.9717 -6.9236 10.3525 -14.2960 -48.0428 2.2693 -28.0859 0.3372 -0.1119 -44.6209 3.5744 -37.6493 6.1386 -15.7353 10.8342 15.9568 -60.9381 1.5136 2.9962 23.7759 11.1178 10.4003 58.2123 12.7058 0.5331 0.6336 0.3345 30.2442 0.2941 -4.9917 -2.3562 15.4554 7.5843 -16.3195 50.5794 -3.5833 -5.2828 -2.5901 15.0272 5.9293 -0.0193 2.1409 0.2161 -0.3497 -11.4000 2.6909 1.7862 -3.5029 -2.0812 2.7390 -33.5142 -13.2383 0.2606 12.8419 0.1137 2.0154 -1.2176 -6.0282 -1.4134 -3.5626 1.0960
-8.3711 96.4877 201.4736 1.2550 2.6875 1.7290 -2.3658 -0.9711 -1.1516 -1.0102 -5.0658 -3.5179 1.4040 9.4490 -5.4227 6.9756 -15.0315 -0.3567 -0.7411 -3.5644 -0.0246 -0.5183 -15.0436 -1.0711 0.0300 0.0562 0.1410 0.6617 -10.6438 -3.7395 -0.6008 -10.6433 4.0033 -6.5497 10.1147 -14.6221 -47.5373 2.1099 -27.6053 0.0647 -0.2287 -45.4782 3.8830 -37.3148 5.5191 -15.6195 10.9516 15.9922 -61.1065 1.6039 2.9516 25.1902 11.0589 9.8085 57.5609 14.1616 -0.8025 0.8882 0.2941 31.0945 1.2511 -3.1156 -2.7883 15.3360 7.4996 -16.2797 50.3079 -3.6708 -5.2924 -1.4895 18.4746 5.9637 -0.0786 1.6868 0.1662 -0.8887 -10.2308 2.3639 1.8669 -5.7057 -2.0621 3.2390 -32.9519 -12.7065 0.2066 6.1848 0.1573 2.9728 -0.7326 -6.1198 -1.3614 -3.7515 1.1595
-9.0361 95.9247 206.8427 0.6636 2.5118 1.8967 -2.2322 -1.3370 -1.1608 -0.9665 -5.2084 -3.8669 1.8779 9.6033 -5.6415 7.2258 -14.2250 -0.3681 -0.6346 -3.5382 0.1290 -0.8445 -13.8962 -1.0311 0.0217 0.0456 0.1300 0.6497 -10.6482 -3.7564 -0.6042 -10.6310 4.0015 -5.9699 10.1571 -14.6264 -47.7791 2.4373 -27.0261 -0.1721 -0.2121 -46.7839 4.1162 -36.2891 5.2398 -15.6540 10.9424 16.0545 -61.4624 1.6243 2.9875 26.0803 11.0794 9.3770 56.9999 15.9947 -1.3011 0.7371 0.4127 32.5925 2.0132 -2.0069 -2.8607 15.4737 7.4999 -16.3442 50.3983 -3.6624 -5.1385 0.4071 21.8230 6.3664 -0.0873 1.8066 -0.0407 -1.8178 -8.3909 1.9182 1.9368 -8.7477 -2.1382 3.9325 -31.8336 -12.0070 0.1372 4.8180 0.1880 1.5696 -0.4081 -6.2630 -1.3837 -3.8257 1.1428
-9.7043 95.7421 212.6121 -0.6340 2.3318 1.8411 -1.6258 -1.7996 -1.1252 -0.8222 -5.3545 -4.1068 2.6814 9.8401 -5.7151 7.1660 -13.4375 -0.4165 -0.6026 -3.5274 0.2495 -0.9986 -12.3412 -1.0211 -0.0016 0.0407 0.0927 0.6407 -10.6170 -3.7876 -0.6416 -10.6017 3.9656 -6.0644 10.2731 -14.4418 -48.0734 3.6744 -26.4532 -0.1541 -0.0193 -48.5836 4.1111 -35.3300 5.1773 -15.7903 11.0214 16.1331 -61.9982 1.6219 2.9494 26.8849 11.0172 8.9402 55.9176 17.5817 -2.0826 0.6036 0.5710 34.5823 2.3878 -0.3747 -2.8182 15.7290 7.7080 -16.5262 51.0891 -3.3889 -4.9027 3.3108 23.5004 7.4173 0.0153 4.7323 -0.3633 -2.8551 -5.1636 1.3164 2.0816 -13.9232 -2.3540 4.7104 -29.1888 -10.2673 0.1631 5.2478 0.1791 -2.7450 2.5421 -6.1538 -1.4412 -4.0001 1.1185
-10.4208 96.1912 218.5475 -2.3116 2.4262 1.5490 -0.5718 -2.3790 -0.9713 -0.6688 -5.5935 -4.0735 3.5502 10.0920 -5.6985 7.0738 -13.1658 -0.5270 -0.6957 -3.6111 0.7466 -1.1436 -10.0195 -1.3321 -0.0086 0.0174 0.0995 0.6547 -10.6039 -3.7784 -0.6687 -10.6064 3.9710 -7.6357 10.1324 -13.9965 -47.7400 5.7582 -25.9208 -0.0461 0.0215 -50.2054 3.9882 -34.1747 5.2236 -16.2443 11.2854 16.3621 -63.2643 1.6393 2.9473 28.2295 10.6749 8.9185 53.9466 18.4920 -3.5845 0.5018 0.5711 36.5249 2.3445 1.4907 -2.6840 15.9616 8.1123 -16.8307 52.1866 -2.8645 -4.8013 6.4706 21.6193 8.3363 -0.0165 12.7743 -0.5089 -4.0896 1.2703 0.4979 2.3524 -21.8935 -2.6168 5.4991 -25.6789 -7.2642 0.1345 4.1823 0.0294 -6.1288 10.3063 -7.0498 -1.4473 -3.4279 1.0611
-11.0682 96.9561 224.1287 -3.6425 2.2023 0.8844 0.3131 -2.3836 -0.7916 -0.4590 -5.6742 -4.0087 4.3775 10.0795 -5.3158 6.9380 -13.0036 -0.6391 -0.9342 -3.6325 1.1966 -0.9813 -8.7360 -1.4415 0.0190 -0.0092 0.1492 0.7028 -10.6078 -3.7285 -0.6616 -10.6041 4.0057 -8.5769 9.9138 -13.2412 -48.8550 7.1529 -25.5167 0.0480 0.0666 -50.7239 4.3572 -33.1324 4.9815 -16.7552 11.6767 16.6929 -65.2225 1.6461 3.2608 28.1443 10.4526 9.4186 53.4131 18.6015 -3.5459 0.2578 0.5742 37.6307 2.2944 3.1557 -2.2991 16.2604 8.6860 -17.3297 53.5045 -2.2812 -4.8230 8.4215 17.0632 7.8696 -0.0984 24.9844 -0.6485 -5.4832 11.1059 -0.1943 2.4388 -26.8324 -2.5656 6.2864 -21.9545 -4.5889 -0.0114 3.4959 -0.1575 -6.1084 14.8983 -8.4893 -1.4002 -2.8572 1.0219
-11.6100 97.8922 229.3970 -4.6155 1.4861 -0.1666 0.9464 -1.7273 -0.5437 -0.2230 -5.4809 -3.5426 5.0023 9.9521 -4.7552 6.7011 -12.6860 -0.4466 -0.9373 -3.6788 0.8849 -0.7046 -8.9427 -1.3428 0.0422 -0.0213 0.1751 0.7541 -10.5881 -3.6754 -0.6671 -10.6102 3.9951 -8.5814 10.3988 -12.6467 -50.8453 7.0821 -25.3072 -0.0400 -0.0202 -50.1586 5.1897 -33.0427 4.4154 -17.2623 12.0149 17.0901 -67.5147 1.7326 3.9649 26.2093 10.2888 9.9895 54.5852 18.1885 -0.8970 0.1912 0.5973 38.3920 2.6298 5.0200 -1.6371 16.7555 9.2766 -17.8621 55.6299 -1.2075 -5.1286 9.2564 11.1090 5.9714 -0.1267 39.0547 -0.6817 -7.3808 20.6417 -0.4631 2.2019 -19.2718 -2.2907 7.3982 -18.7514 -3.6811 0.0517 5.0446 -0.3237 -6.1569 13.9875 -8.3305 -1.4056 -2.2108 1.0450
-12.1532 98.5018 234.1971 -5.4058 0.4170 -0.8108 1.5178 -0.6746 -0.4226 -0.0507 -5.1831 -2.8159 5.2124 9.9469 -4.1598 6.6248 -12.2707 -0.5699 -0.7501 -3.6939 0.5721 -0.3805 -9.5743 -1.4007 0.0454 -0.0485 0.1872 0.7592 -10.6086 -3.6681 -0.6670 -10.6315 4.0037 -7.8941 11.0675 -12.0667 -53.0941 6.8336 -25.5582 -0.1203 0.0055 -49.1865 5.9783 -33.3862 3.4842 -17.8954 12.6369 17.4439 -70.9889 2.2167 4.6722 23.8794 10.4037 10.7329 55.7540 17.4632 3.0892 0.0062 0.6074 40.4795 3.4334 6.5762 -0.4081 17.4608 9.8777 -18.2528 59.1791 -0.0983 -5.4812 10.0858 4.8327 3.4300 0.0016 51.8510 -0.6502 -9.0681 27.1279 0.1307 2.1594 -8.8453 -2.1772 8.5612 -15.4802 -3.8014 0.0446 7.3984 -0.2913 -6.4950 11.1685 -7.7492 -1.4114 -1.9870 1.0008
-12.7155 98.7401 238.7908 -5.8419 -0.7215 -1.2274 1.9223 0.4023 -0.3074 -0.0065 -4.9033 -2.0646 5.0261 10.0610 -3.5424 6.5736 -11.6367 -0.7469 -0.5970 -3.6408 0.1625 0.0266 -10.1725 -1.8401 0.0310 -0.0469 0.1746 0.7387 -10.5679 -3.6802 -0.6764 -10.5974 3.9952 -7.3708 11.9411 -11.3715 -54.6308 7.3050 -26.4397 -0.2171 0.0007 -48.0900 6.9810 -33.3199 2.0163 -18.6193 13.5640 18.0414 -75.0957 3.3916 5.3756 22.0096 10.6930 11.5527 55.5375 16.1306 6.3498 -0.0465 0.4788 44.1169 4.1040 7.7004 1.2687 18.4434 10.6206 -18.8062 64.3608 0.8620 -5.5523 11.1433 -1.3278 1.0081 0.0207 62.1569 -0.6046 -8.8406 25.4887 1.3817 2.2064 -6.1326 -2.1761 9.3105 -12.7768 -4.1773 -0.0312 10.8869 -0.2928 -6.4612 7.3907 -7.1618 -1.4112 -1.5691 0.9694
-13.2545 98.6075 243.3081 -5.8197 -1.7851 -1.5672 2.0566 1.2623 -0.1229 -0.0911 -4.5945 -1.3447 4.6617 10.2663 -2.9853 6.4092 -10.9064 -0.7609 -0.5325 -3.5651 -0.3243 0.4215 -10.5459 -2.4581 0.0046 -0.0240 0.1259 0.6946 -10.4848 -3.7242 -0.6863 -10.5234 3.9532 -7.4109 12.7916 -10.5855 -55.5625 8.5903 -27.5453 -0.3211 -0.1042 -46.5437 8.1400 -32.9420 0.5106 -19.2208 14.6272 18.5273 -78.4803 4.9956 5.5978 20.7135 11.0068 12.4703 53.9054 14.2379 8.0830 -0.1000 0.3372 48.5673 4.5125 7.9625 3.1719 19.4301 11.1384 -19.3284 69.1641 0.7150 -5.3629 12.3309 -7.4908 -0.8193 -0.0897 69.1595 -0.6127 -7.2693 20.4523 3.3107 2.1716 -5.8843 -2.1991 9.4736 -10.6749 -4.7211 -0.1167 15.4594 -0.3019 -6.1451 2.8744 -6.4505 -1.4136 -1.0505 0.9615
-13.7164 98.2078 248.0479 -5.4647 -2.5770 -1.9362 2.0080 1.7569 0.1304 -0.2533 -4.2784 -0.6970 4.2617 10.5402 -2.5254 6.1122 -10.2579 -0.5745 -0.5603 -3.5170 -0.7256 0.7342 -10.6527 -3.0674 -0.0181 -0.0062 0.0744 0.6559 -10.4005 -3.7635 -0.6939 -10.4514 3.9035 -8.2759 13.4240 -9.8139 -56.0662 10.4376 -28.1250 -0.5624 -0.2190 -44.3045 9.2815 -32.1490 -0.5049 -19.6337 15.6345 18.7878 -80.7237 6.7953 5.4273 19.9895 11.1470 13.4406 51.2385 11.8641 8.2020 -0.1410 0.2521 53.0382 4.5006 7.5606 5.0821 20.2277 11.3448 -19.6777 72.5844 -0.3739 -5.0709 13.4258 -13.5448 -1.8295 -0.3141 72.0498 -0.7374 -6.0559 15.2554 5.0015 2.0884 -6.0918 -2.2036 9.0837 -8.8352 -5.3514 -0.1519 20.1118 -0.2957 -5.6806 -1.5965 -5.5817 -1.4128 -0.5746 0.9575
-14.0776 97.7364 253.0500 -4.8120 -3.0203 -2.4249 1.8496 1.9235 0.3861 -0.4427 -4.0387 -0.0833 3.7983 10.8534 -2.1177 5.6263 -9.7564 -0.3206 -0.6061 -3.5349 -0.9191 1.0392 -10.6234 -3.5747 -0.0295 -0.0101 0.0444 0.6326 -10.3487 -3.7769 -0.6954 -10.4120 3.8654 -9.8185 13.9194 -9.0961 -56.3033 12.8868 -28.1865 -0.7862 -0.2773 -41.5751 10.0558 -30.7740 -0.7357 -19.8735 16.5744 18.8279 -82.0725 8.7804 4.7627 19.4990 11.1774 14.4277 48.3232 8.9205 7.1263 -0.1604 0.2054 57.2832 3.8768 6.3447 7.1431 20.8965 11.2945 -19.9140 74.6764 -1.8196 -4.8058 13.9802 -19.3650 -1.8042 -0.4085 70.7538 -0.7421 -5.8331 10.5959 6.6262 1.9871 -6.1464 -2.1675 8.1621 -6.8449 -5.8574 -0.1484 23.8302 -0.2955 -5.1492 -5.4762 -4.6978 -1.4041 -0.3160 0.9323
-14.2836 97.3400 258.2493 -3.9306 -3.0367 -3.1073 1.6089 1.8823 0.5715 -0.6050 -3.9568 0.6117 3.2892 11.0990 -1.7723 4.8885 -9.4548 -0.0011 -0.6654 -3.5909 -0.9601 1.4592 -10.6287 -3.9488 -0.0239 -0.0279 0.0533 0.6459 -10.3237 -3.7517 -0.6986 -10.3843 3.8578 -11.5298 14.3144 -8.3012 -56.6134 15.8983 -27.8911 -0.8920 -0.2005 -39.1398 9.8710 -28.5804 0.2466 -20.1231 17.4013 18.5940 -82.7023 10.8492 3.4904 18.7640 11.1917 15.3475 46.0533 5.7991 5.4577 -0.2117 0.2076 61.5071 2.8759 4.4956 9.1591 21.6069 11.2009 -20.0924 76.1130 -3.2447 -4.5115 13.5109 -24.4490 -0.5118 -0.1569 65.1395 -0.4193 -6.5205 7.2478 8.3170 1.8757 -6.0321 -2.0862 6.8428 -4.4879 -6.0851 -0.1347 25.8421 -0.2599 -4.6800 -8.4654 -3.9895 -1.3972 -0.3218 0.9000
-14.3827 97.0471 263.3337 -2.9072 -2.6152 -4.0372 1.3637 1.7188 0.6893 -0.7418 -4.0319 1.4023 2.7724 11.1579 -1.3603 3.8175 -9.3162 0.3701 -0.6987 -3.6204 -1.0000 1.9875 -10.8641 -4.2623 -0.0094 -0.0359 0.0839 0.6755 -10.3367 -3.7189 -0.6993 -10.3946 3.8809 -13.0946 14.6611 -7.2811 -57.1150 19.2476 -27.0405 -0.8501 -0.0545 -37.8795 8.8926 -26.4804 1.9469 -20.2287 17.9545 18.2513 -82.4315 12.9003 2.2853 17.7723 11.3474 16.1247 44.4773 3.0537 3.6978 -0.3659 0.1583 66.0803 2.0361 2.3958 11.1745 22.4270 11.1243 -20.2104 77.3185 -4.6433 -4.1640 11.8075 -28.1712 2.1165 0.1804 55.2663 -0.0419 -7.4754 5.3822 9.6351 1.8080 -5.8865 -2.0327 5.2003 -1.5226 -6.1710 -0.1278 25.6821 -0.1813 -4.1896 -10.2692 -3.2740 -1.3942 -0.7726 0.8665
-14.3648 97.0004 268.7265 -2.0079 -1.8651 -5.0678 1.3191 1.4295 0.7907 -0.8726 -4.2199 2.0852 2.3248 10.9862 -0.7046 2.6249 -9.2007 0.8896 -0.7080 -3.5563 -1.1410 2.4255 -11.0651 -4.6490 0.0107 -0.0305 0.1235 0.7009 -10.3943 -3.6961 -0.6856 -10.4696 3.9314 -14.1794 14.9706 -5.8724 -57.8656 22.5155 -25.3733 -0.6404 0.1392 -38.2326 7.9932 -25.3635 3.5811 -19.8775 18.4547 18.0426 -81.4912 14.8961 1.9092 16.6594 11.6720 16.7091 43.4634 1.1816 1.9399 -0.3692 0.1448 71.1595 1.5611 0.3905 13.2153 23.2513 11.2712 -20.4403 78.2609 -5.2569 -3.8307 9.1660 -29.3739 5.6669 0.3611 40.6160 0.1871 -7.7146 3.8487 10.2973 1.7907 -5.5274 -1.9568 3.3815 2.5996 -6.4703 -0.1391 22.5843 -0.0895 -3.8190 -10.1748 -2.2891 -1.4158 -1.8285 0.8783
-14.1301 97.1445 274.5018 -1.4214 -1.0971 -6.0677 1.4199 0.9409 0.7487 -0.9441 -4.3925 2.5549 2.0575 10.7404 0.1064 1.5548 -8.9430 1.6341 -0.9017 -3.6949 -1.2176 3.0557 -10.5680 -5.0522 0.0003 -0.0354 0.0849 0.7034 -10.5311 -3.7660 -0.7103 -10.5852 3.9289 -14.5739 15.3782 -4.0259 -58.6114 24.9328 -22.3058 -0.6847 0.4106 -40.0094 7.5016 -25.0996 4.8438 -19.5352 18.6782 17.6167 -80.7468 15.9140 1.6976 15.3531 11.7913 16.9990 43.0543 0.9300 0.9832 -0.8657 0.2587 76.2545 1.8359 -1.0878 14.8649 24.1026 11.2203 -20.8810 78.7233 -6.4559 -4.3123 7.0626 -27.6321 7.7940 0.2537 23.1428 0.2062 -7.0721 0.5911 10.8984 1.8009 -4.9705 -1.9018 1.4633 7.5901 -7.1662 -0.1303 17.7469 -0.0331 -2.9710 -7.1545 -1.4839 -1.4150 -4.2133 0.8953
-13.8670 97.5935 280.4999 -1.1098 -0.4035 -7.0220 1.3609 0.3898 0.6488 -0.8829 -4.7043 2.9467 2.0539 10.4373 0.8082 0.6938 -8.3687 2.0433 -0.9079 -3.7530 -1.0439 3.5028 -9.9143 -4.9998 -0.0135 -0.0265 0.0362 0.6999 -10.6197 -3.8196 -0.7351 -10.6429 3.8915 -14.1157 16.0264 -2.2701 -59.8443 27.0057 -19.9613 -0.3765 0.6147 -42.7963 6.8975 -25.1156 5.4981 -19.0119 18.8297 17.5102 -79.7814 15.9205 2.2692 14.2538 12.0007 17.2259 43.2109 1.2317 0.5833 -1.3513 0.3176 80.6256 2.9376 -3.4065 15.1301 24.0629 11.2849 -20.9792 78.4928 -6.7517 -4.8715 6.3755 -25.3522 7.5623 0.0654 9.4702 -0.0316 -7.4801 -3.1597 11.4565 1.7484 -5.0653 -2.0399 -0.4148 12.8634 -7.8675 -0.0873 12.5602 -0.0361 -2.0579 -2.2972 -0.9413 -1.3790 -7.5389 0.8769
-13.5556 98.0877 286.6271 -0.4322 0.3298 -7.7967 0.9143 -0.1687 0.6723 -0.8075 -5.0745 3.2402 1.8314 10.1347 1.3296 0.3301 -7.6428 2.1634 -0.7637 -3.7763 -1.0194 3.6859 -9.3177 -4.8238 -0.0205 -0.0342 0.0102 0.7061 -10.6386 -3.8269 -0.7542 -10.6620 3.8523 -13.2369 16.5087 -1.0437 -60.8615 28.8047 -18.8260 -0.2325 0.7584 -45.8149 6.2664 -24.4192 5.9308 -18.6752 18.8179 17.4006 -79.4150 15.7216 2.6011 13.5749 12.0776 17.3003 43.9924 1.6992 0.1834 -1.3769 0.2461 84.1321 4.0065 -5.0394 14.7972 24.0567 11.3922 -21.0263 78.2247 -6.8746 -5.4292 5.1517 -24.6469 7.6070 0.0199 5.2187 -0.2225 -8.1488 -4.8784 12.0981 1.7199 -5.2280 -2.1123 -2.4554 16.8267 -8.1874 -0.0844 9.1557 0.1349 -1.4627 3.6103 -0.7061 -1.3580 -11.4053 0.8880
-13.1393 98.5032 292.8532 0.5506 0.8993 -8.1890 0.3289 -0.6913 0.6996 -0.8414 -5.4012 3.6137 1.4521 9.9331 1.4975 0.3711 -6.6648 2.3107 -0.8177 -3.7896 -1.2171 3.7833 -8.5979 -4.7747 -0.0120 -0.0440 0.0373 0.7333 -10.6540 -3.7945 -0.7636 -10.6934 3.8680 -12.5506 16.8578 -0.1170 -60.9968 29.9292 -18.3680 -0.3525 0.7099 -48.8550 6.2552 -22.8499 6.6632 -18.7725 19.0498 17.3343 -80.3353 15.8905 2.1523 13.1057 12.2793 17.2780 45.4719 2.1756 -0.4395 -1.0488 0.0768 87.1073 5.2065 -5.2016 13.9340 24.4300 11.6115 -21.2311 79.0371 -6.9548 -6.1414 3.2194 -24.1588 8.0892 -0.0459 7.3471 -0.3974 -8.6180 -4.9316 11.4310 1.7777 -4.9349 -2.1366 -4.4785 18.6213 -8.3657 -0.1186 8.8899 0.3219 -1.5433 10.0988 -0.5730 -1.3809 -16.0304 0.9798
-12.7597 98.7028 299.1796 1.8881 1.0828 -8.4160 -0.3853 -1.0912 0.7949 -0.9541 -5.5927 3.9912 0.9055 9.9386 1.4120 0.4862 -5.6930 2.4040 -0.8601 -3.7829 -1.3607 3.8803 -7.5454 -4.7347 -0.0015 -0.0483 0.0583 0.7340 -10.6139 -3.7682 -0.7416 -10.6702 3.8763 -12.6446 16.9875 0.4697 -59.6994 30.3682 -17.6673 -0.6062 0.5362 -52.1584 7.1047 -20.9852 6.8919 -19.2769 19.3713 17.4421 -82.0562 16.0449 1.4821 12.9709 12.6755 17.1451 47.4810 2.9956 -0.9634 -0.7465 -0.0756 89.8181 6.9822 -4.5125 12.3115 24.8823 11.7143 -21.4668 80.3810 -7.1165 -7.0488 0.9608 -22.8977 8.0931 -0.0725 11.6804 -0.5269 -8.5658 -2.4767 9.0374 1.8215 -4.4193 -2.1569 -6.8601 18.3961 -8.7435 -0.1381 12.5492 0.5843 -2.4359 16.5855 -1.1860 -1.4071 -19.3476 1.0575
-12.3981 98.2622 305.5268 3.3653 0.5957 -8.3535 -1.0375 -1.1044 0.9358 -1.0854 -5.5796 4.2376 0.1114 10.2866 1.1211 0.6285 -4.9786 2.3572 -0.8590 -3.7435 -1.4179 4.0394 -6.4162 -4.8058 0.0125 -0.0462 0.0987 0.7117 -10.5223 -3.7097 -0.6903 -10.5949 3.8925 -13.5328 17.0082 0.4816 -56.8213 30.1092 -16.5762 -0.8315 0.3959 -56.0728 8.5551 -19.5878 6.5985 -20.0048 19.5732 17.7303 -84.0202 15.7971 1.0851 13.0978 13.3267 16.7315 49.8059 4.0243 -1.0938 -0.4679 -0.2054 92.5574 9.0922 -3.5965 10.0614 24.9482 11.7546 -21.5281 81.3752 -6.9211 -7.8798 -1.1366 -21.1178 6.9002 -0.1062 16.4725 -0.5604 -7.3729 1.5854 6.3099 1.8074 -3.5308 -2.1471 -9.3864 16.4126 -9.2250 -0.1235 20.4319 0.8787 -3.1961 22.1931 -2.7664 -1.3477 -17.4542 1.0392
-11.9828 96.9488 311.5217 4.8093 -0.5875 -7.8097 -1.5208 -0.4817 1.0633 -1.2685 -5.4257 4.1013 -0.9215 11.0103 0.7546 1.1108 -4.3539 2.3272 -0.8852 -3.6870 -1.5505 4.1629 -6.3106 -5.0607 0.0362 -0.0167 0.1630 0.7101 -10.4543 -3.6414 -0.6417 -10.5231 3.9462 -14.7683 17.1446 -0.2381 -52.8522 28.7572 -15.4967 -0.8997 0.2695 -60.5128 10.2038 -19.4092 6.3424 -20.8420 19.3836 18.3069 -85.1959 14.6157 1.3018 13.4294 14.0801 15.9742 51.9398 4.8355 -0.8867 0.0160 -0.6711 95.0970 11.1903 -2.8550 7.6448 24.9142 11.9126 -21.3574 81.2592 -5.4432 -8.3481 -2.9771 -20.1404 5.0576 -0.2155 23.7198 -0.5679 -5.5096 -0.1648 6.3193 1.7624 -1.5839 -2.0927 -11.6797 13.0637 -9.4544 0.0641 31.5532 1.0380 -2.9873 24.8641 -4.2407 -1.1824 -11.3946 0.9240
-11.6280 95.1621 317.4558 6.5713 -1.8984 -7.0158 -2.2357 0.4563 1.0087 -1.5021 -5.0255 3.8951 -2.1688 11.7788 0.2767 1.7899 -3.4998 2.0883 -0.9771 -3.6212 -1.7773 4.3020 -7.9717 -5.3359 0.0404 0.0144 0.1527 0.7192 -10.4215 -3.6592 -0.6444 -10.4829 3.9441 -15.7607 17.0073 -1.1183 -48.7532 26.0508 -15.5003 -0.8055 0.1705 -64.6271 12.7847 -20.5241 6.3415 -21.4497 19.4622 19.1747 -86.6195 13.4672 2.0324 14.0067 14.6303 14.9187 53.6579 5.4699 -0.2018 0.4847 -0.9348 96.8775 12.0196 -2.2279 5.7801 24.7247 12.0491 -21.3792 81.0674 -4.4562 -9.2182 -5.6349 -19.7100 5.0137 -0.1014 32.9621 -0.4239 -4.4783 -7.0015 6.2346 1.7418 -0.6553 -2.0780 -13.9707 8.1257 -9.4787 0.3322 44.6451 1.0523 -3.3429 22.3265 -6.5372 -1.2080 -7.1529 0.9226
-11.4126 93.6032 323.4803 7.8870 -2.6260 -6.1220 -2.8816 1.0965 0.8828 -1.7428 -4.6833 3.4356 -3.2805 12.5531 -0.3556 2.8452 -2.4784 1.7900 -1.0902 -3.6285 -2.0735 4.3512 -9.9149 -5.8972 0.0373 0.0304 0.1383 0.7125 -10.3943 -3.6778 -0.6448 -10.4411 3.9378 -16.6020 16.6572 -2.2746 -45.1603 21.4652 -16.2381 -0.7294 0.0694 -67.5193 17.3412 -22.2376 6.2760 -21.9457 19.5508 20.3616 -87.6763 12.1709 3.6433 15.0358 15.0520 13.9910 55.2819 5.8036 0.8652 0.5676 -1.0599 97.0437 11.6968 -2.3980 4.3953 24.2642 12.0175 -21.2364 80.1692 -3.3266 -10.1324 -7.6158 -18.3185 5.9874 0.0422 39.3422 -0.2021 -3.4948 -13.1469 5.2593 1.7286 -0.1721 -2.0498 -15.3252 1.4887 -9.0497 0.6158 57.0890 1.0647 -3.9863 14.7051 -9.2805 -1.3068 -5.6846 0.9278
-11.4427 92.8445 329.2238 7.7468 -2.6627 -5.2350 -3.0669 1.3265 0.5860 -1.8217 -4.4653 2.7988 -3.5515 12.9156 -1.0044 4.1929 -1.2898 1.4787 -1.2360 -3.6960 -2.3090 4.2215 -10.7636 -6.3404 0.0273 0.0157 0.0974 0.6958 -10.4100 -3.7239 -0.6480 -10.4514 3.9084 -16.7491 16.1283 -3.6265 -43.2448 16.2016 -18.1224 -0.5852 -0.1236 -69.2523 22.4393 -23.9645 6.1863 -22.1531 19.4856 21.3384 -88.4976 10.6051 5.6768 16.2453 15.4180 13.1862 56.9606 5.8823 1.3202 0.4895 -1.2432 96.1621 10.5305 -3.7724 2.5160 23.7365 11.6599 -20.6952 79.1142 -2.5694 -11.0351 -7.4327 -15.8636 6.5851 0.0653 42.1095 -0.1279 -2.8439 -17.7619 3.6272 1.7167 0.0928 -1.9682 -14.7598 -5.9482 -8.4752 0.7937 65.5373 0.9556 -3.7930 7.8776 -10.0100 -1.3265 -5.2461 0.9232
-11.5806 92.9604 334.7802 6.9213 -2.1754 -4.5687 -3.2144 1.4469 0.0809 -1.7431 -4.3464 2.1026 -3.3799 12.6924 -1.7982 5.6970 -0.0783 1.0887 -1.3150 -3.6805 -2.4134 3.9273 -10.6165 -6.1766 0.0078 -0.0113 0.0171 0.6841 -10.4503 -3.8040 -0.6743 -10.4899 3.8341 -15.4600 15.3915 -4.6297 -43.0447 11.6632 -20.8746 -0.4596 -0.3815 -70.8354 24.9017 -26.0341 6.1777 -21.8984 19.0220 21.7095 -89.1616 8.9835 7.4954 17.3231 15.4670 12.5761 58.4418 6.1675 0.9476 0.4712 -1.4946 95.3647 8.8585 -5.7019 0.6337 23.5137 11.1734 -20.4237 78.1032 -2.1175 -12.2136 -6.2215 -12.2587 6.3075 0.0125 41.3112 -0.2336 -2.5853 -19.8795 2.6396 1.7481 -0.1510 -1.8927 -13.3015 -13.7267 -8.3039 0.8705 68.7441 0.7486 -2.7001 3.9371 -8.6129 -1.2528 -5.4813 0.8654
-11.8197 93.8327 340.1154 5.6687 -1.3636 -4.0634 -3.1442 1.5044 -0.4024 -1.6770 -4.2065 1.4774 -2.9109 12.1333 -2.5942 7.1474 0.7210 0.5542 -1.2631 -3.6843 -2.5757 3.5587 -9.8338 -5.5478 0.0003 -0.0297 -0.0910 0.6748 -10.5087 -3.9187 -0.6749 -10.5297 3.7315 -13.8011 14.7653 -5.3898 -42.9687 8.8775 -24.2040 -0.0392 -0.5051 -73.1088 24.2216 -29.1145 6.2426 -21.3343 18.5761 21.9862 -89.4019 7.5470 8.8036 18.2271 15.0624 11.9422 58.9158 6.7229 -0.0146 0.9594 -1.7243 95.0974 7.7089 -6.8617 -0.4159 23.3522 11.0066 -20.3058 77.6180 -1.6884 -12.7804 -4.6607 -8.0062 4.9370 0.0712 38.3242 -0.2967 -2.7617 -19.0460 2.5963 1.7487 -1.4132 -1.8685 -10.9684 -20.9862 -9.2426 0.5370 66.6864 0.3283 -1.7820 1.4428 -7.4586 -1.1811 -5.4878 0.7692
-12.2475 95.3171 345.3912 3.9203 -0.2149 -3.7374 -2.8341 1.4743 -0.6053 -1.4817 -4.2445 0.6728 -2.1251 11.6016 -3.2523 8.3398 1.0505 -0.1246 -1.1827 -3.7012 -1.9821 3.1815 -8.7137 -5.0125 0.0024 -0.0338 -0.1566 0.6923 -10.5581 -3.9925 -0.6857 -10.5899 3.6716 -12.2498 13.9828 -6.0157 -42.8987 7.3943 -27.0848 0.2480 -0.5490 -76.3628 22.4584 -32.6025 5.9926 -21.0488 18.3523 22.3850 -89.5054 6.4734 9.9031 18.9415 14.4673 11.3719 58.1948 8.0482 -0.3372 1.0588 -2.1793 95.8417 7.5329 -6.1207 -0.3040 23.0851 10.9649 -20.2529 76.8431 -1.2918 -12.4027 -2.8775 -3.0572 2.7792 0.1559 33.0538 -0.3026 -3.2576 -16.1476 3.9364 1.7879 -3.4297 -1.9300 -7.5281 -26.4588 -11.1236 0.0930 58.3775 -0.2010 -0.9104 0.0039 -7.2099 -1.1373 -5.2354 0.6119
-13.0050 97.1575 351.0806 2.0405 1.1234 -3.5759 -2.4468 1.2550 -0.5555 -1.3033 -4.3504 -0.1845 -1.1343 11.1248 -3.7989 9.3149 1.1773 -0.9173 -1.1894 -3.6721 -1.1662 3.0115 -7.7608 -4.6008 0.0115 -0.0126 -0.1571 0.7126 -10.6303 -4.0115 -0.6844 -10.6787 3.6825 -11.0344 13.6604 -6.5956 -42.9030 6.5604 -29.2151 0.8139 -0.3784 -80.0116 21.5217 -35.0336 5.1933 -21.1046 18.2380 23.0727 -88.8397 5.6313 10.8292 19.1586 13.9531 10.5224 57.0016 9.6357 -0.0918 1.2751 -2.3854 97.6865 8.1737 -3.8058 0.6966 22.6160 10.9597 -19.8828 76.3234 -0.9916 -11.1681 -1.2467 2.4528 0.2318 0.2475 25.8328 -0.1220 -3.7915 -10.9347 5.6617 1.8660 -6.1992 -2.0670 -3.6549 -28.6825 -13.2335 -0.0800 42.5285 -0.2790 0.4413 0.0323 -7.3591 -1.2525 -4.6557 0.6237
-14.0136 98.8885 357.1283 0.9410 2.2882 -3.0154 -2.4208 1.0571 -0.4687 -1.2361 -4.6559 -1.1190 -0.4331 10.7281 -4.0974 10.0671 1.4383 -1.5397 -1.0109 -3.5863 -0.6928 2.8776 -7.0529 -4.2709 0.0130 0.0105 -0.0733 0.7217 -10.7215 -3.9433 -0.6876 -10.7855 3.7841 -9.5851 13.8152 -7.2873 -43.4493 5.7486 -30.3442 1.4204 -0.1450 -83.4592 20.8851 -34.6796 4.3126 -21.7545 18.0318 23.2029 -88.2317 4.3977 11.1204 18.3973 13.8984 9.1958 56.8130 11.2325 0.3588 1.5097 -2.0951 100.3228 8.8140 -0.6016 2.4533 22.4096 11.0597 -19.5804 76.9600 -1.3363 -9.4395 -0.2331 8.2040 -1.7962 0.2275 18.0048 0.0877 -4.4364 -3.8716 6.2404 1.9405 -9.8126 -2.2009 -1.4025 -27.3963 -14.3602 -0.0035 20.3209 -0.2580 2.2499 0.1197 -7.4807 -1.3914 -3.6204 0.7857
-15.1637 99.8281 363.7186 1.5931 3.1155 -2.0960 -3.3294 0.8432 -0.3996 -1.3325 -4.9453 -1.8276 -0.4232 10.2835 -4.1397 10.5809 1.7523 -1.4922 -0.7361 -3.5580 -0.9719 2.9884 -6.4653 -4.1375 0.0056 -0.0093 0.0523 0.7205 -10.7651 -3.8207 -0.7023 -10.8139 3.9213 -8.0287 13.6770 -7.8984 -44.0447 5.7871 -30.9190 2.0746 0.2346 -86.4400 18.6437 -31.7343 4.7100 -21.6149 17.4368 22.6607 -85.8912 3.0208 10.4025 16.9179 14.3198 7.5489 57.9060 12.6437 0.5721 1.7295 -1.5682 103.2247 8.4595 2.1150 3.6276 21.8063 11.5809 -19.7003 75.9834 -0.9238 -7.5749 -0.3099 13.0701 -2.5565 0.1181 12.5321 0.0661 -5.9226 4.0502 4.1569 1.9642 -13.8908 -2.1752 -2.2564 -25.9872 -13.7457 0.0905 0.4204 -0.4044 8.4255 -2.7060 -6.8384 -1.2886 -3.0775 1.0515
-16.3777 100.1160 370.3255 2.5684 3.5951 -1.2991 -4.0736 0.7501 -0.3687 -1.4366 -5.0336 -2.0967 -0.8624 10.1103 -4.0939 10.9145 1.7066 -1.3238 -0.8118 -3.7071 -1.3451 3.3884 -5.7856 -4.3100 -0.0092 -0.0394 0.1011 0.6833 -10.7093 -3.7594 -0.6947 -10.7438 3.9653 -8.0929 13.4073 -8.5650 -43.0272 6.2176 -30.7155 2.2136 0.2698 -87.9170 15.8872 -26.5513 5.5603 -20.7962 16.6812 21.9340 -82.4747 2.3450 8.4906 16.6605 15.0454 6.5966 57.9037 13.2866 -0.1275 1.8140 -1.3103 105.5260 8.0599 3.7232 4.2802 20.9516 11.9861 -19.8600 72.7985 0.2802 -6.1826 0.1523 15.5690 -2.7027 -0.0443 11.8669 -0.0244 -9.5539 11.7402 -0.4766 1.9423 -16.6168 -2.0781 -2.5995 -28.1680 -14.0376 0.1072 -5.6568 -0.2201 17.5923 -6.4137 -8.3085 -1.0251 -3.0055 1.0965
-17.7540 100.0522 376.9664 2.5220 3.8635 -0.3951 -3.8761 0.6419 -0.3497 -1.3512 -5.0133 -2.0876 -1.1798 10.4956 -4.1613 10.7146 1.2866 -1.1424 -1.0111 -3.8059 -1.5041 3.6768 -5.5050 -4.8532 -0.0170 -0.0361 0.1599 0.6575 -10.5828 -3.6760 -0.6845 -10.6323 4.0014 -9.5213 13.2733 -8.9031 -41.2601 6.6543 -31.0327 2.2824 0.1963 -87.0420 13.5034 -19.6440 6.3530 -20.5063 16.0166 20.9237 -79.5770 2.1066 5.8867 17.4150 15.4757 6.2880 56.3323 13.7841 -1.3356 1.6931 -1.1795 106.6397 7.5154 4.2150 4.9717 20.2028 11.7171 -19.7660 69.4153 1.0596 -5.7194 2.2620 15.1384 -2.1515 0.0052 16.5030 -0.2901 -13.2458 17.1043 -6.0595 1.8536 -17.7168 -2.0049 -1.4688 -29.6688 -14.8036 0.1825 -3.0423 0.0736 21.7168 -6.8252 -9.2237 -0.9317 -3.2087 1.1342
-19.0384 99.5202 383.4981 1.9707 3.8894 0.1995 -3.1141 0.6098 -0.3790 -1.2325 -4.9282 -1.8926 -1.2822 11.0521 -4.0187 9.8163 0.8461 -0.7387 -1.0395 -3.7843 -1.7638 3.7455 -5.6797 -5.2579 -0.0200 -0.0269 0.1791 0.6390 -10.5047 -3.6357 -0.6720 -10.5700 3.9972 -11.8442 13.2374 -8.5962 -39.7349 7.2040 -32.1638 2.4247 0.0575 -84.5343 11.6156 -11.1686 7.1672 -20.5506 15.2575 19.9942 -77.4010 1.8725 3.5761 18.6193 15.8704 6.5854 53.6853 14.2126 -2.6368 1.4188 -1.1475 106.0856 6.1678 4.7224 5.8526 19.5742 10.9991 -19.3720 66.7347 0.6214 -5.3739 4.7319 12.8583 -1.4898 0.1176 24.3717 -0.5431 -16.3519 19.5580 -11.6181 1.7039 -15.5879 -1.9242 -0.4497 -31.5459 -14.6668 0.1699 7.0885 0.1194 22.1907 -4.3826 -8.7561 -1.0854 -3.8231 1.1941
-20.2875 98.4087 390.0292 1.9113 3.5111 0.3849 -2.4382 0.6488 -0.4626 -1.1911 -4.7980 -1.4162 -1.5328 11.4900 -3.7681 8.5802 0.7876 -0.2829 -1.0084 -3.7231 -2.0478 3.7054 -6.5948 -5.4812 -0.0217 -0.0111 0.1614 0.6548 -10.5098 -3.6669 -0.6924 -10.5730 3.9946 -14.0988 13.5352 -7.9197 -39.4450 6.9847 -33.2013 2.0359 -0.0468 -81.4932 10.5716 -3.2004 8.2320 -20.2615 14.5557 19.4098 -74.8242 1.8305 2.0999 19.3295 16.2619 7.0376 51.0466 15.1674 -3.4884 0.8888 -0.8034 103.8585 3.9948 5.7183 6.8171 18.7760 10.2540 -18.7777 63.9765 -0.5023 -4.8277 5.9450 10.3789 -0.8173 0.2328 32.7771 -0.6824 -18.6635 18.6798 -16.2552 1.6071 -10.8826 -1.9035 -0.9028 -32.8523 -13.2355 0.1116 18.0509 0.1294 21.2558 -3.2029 -7.2842 -1.2565 -4.2338 1.1972
-21.1075 97.5627 396.5486 1.9779 3.3052 -0.1848 -1.8584 0.4086 -0.4160 -1.0273 -4.8005 -0.9221 -1.6794 11.7711 -3.5586 7.3805 0.7028 0.2283 -1.0998 -3.6683 -2.0874 3.4560 -7.2614 -5.3706 -0.0258 -0.0150 0.1072 0.6700 -10.4925 -3.7275 -0.7180 -10.5556 3.9522 -16.4198 14.0079 -7.0248 -40.3922 6.4974 -33.0059 1.6835 0.0059 -79.6567 10.0000 3.1137 9.3795 -19.5318 13.7197 18.8600 -71.7475 1.9336 1.7904 19.5199 16.4998 7.6516 48.3974 16.4600 -4.0720 0.4811 -0.5592 100.9707 2.0436 6.7982 7.3742 17.9253 9.5433 -18.0514 60.6286 -1.2042 -4.2765 5.7527 8.0693 0.7340 0.2257 38.8100 -0.7268 -18.2363 14.9086 -17.8480 1.6384 -8.5353 -1.9431 -1.7611 -32.5244 -11.7515 0.1147 24.4620 0.1622 18.2543 -4.0855 -4.3331 -1.3176 -3.9761 1.1889
-21.7170 97.4766 403.1381 1.3549 3.2833 -1.3393 -1.0255 0.1880 -0.2760 -0.7201 -4.9200 -0.6436 -1.2658 11.6426 -3.3328 6.1370 0.6560 0.7206 -1.1483 -3.6542 -2.0934 3.2115 -6.6412 -4.8341 -0.0343 -0.0362 0.0382 0.6607 -10.4596 -3.7906 -0.7272 -10.5299 3.8817 -18.3338 14.5125 -6.1452 -42.3708 6.7126 -31.3504 1.5451 0.0927 -79.9814 9.7393 6.9403 10.4010 -18.2760 13.0023 18.3346 -68.4452 2.0256 2.0874 19.0933 16.8628 8.2785 46.1308 17.6745 -4.2314 0.3965 -0.6586 99.0904 1.1061 6.7424 7.6301 16.9066 8.8177 -17.3699 56.8032 -1.6417 -4.3423 5.3661 6.1320 2.5390 0.1199 41.9082 -0.8669 -18.6930 10.3655 -19.2012 1.6733 -7.8051 -1.9976 -1.4490 -30.4226 -11.0741 0.1099 27.9370 0.1355 13.2598 -5.2079 -2.1026 -1.3522 -2.9787 1.1116
-22.3601 98.4336 410.0318 0.7764 3.1810 -2.1204 -0.5238 0.1756 -0.3048 -0.5115 -4.8691 -0.5274 -0.5728 11.0675 -3.2071 5.3648 0.5690 0.8897 -0.9715 -3.5457 -1.6239 2.8557 -5.5990 -4.1981 -0.0446 -0.0160 0.0240 0.6538 -10.4100 -3.8050 -0.7425 -10.4719 3.8692 -18.6104 14.7642 -5.6213 -45.3233 7.4155 -28.1771 0.5365 0.1525 -81.5732 10.1202 9.1068 10.6150 -17.6079 12.4876 17.8212 -66.1187 1.8764 2.3245 18.5864 16.9280 8.2557 44.5436 19.1316 -3.7776 0.2812 -0.6922 99.0629 1.1798 6.0431 8.7949 16.5235 8.5293 -16.8797 54.8356 -1.7746 -4.5273 3.9408 4.7854 3.0816 0.0760 42.1924 -0.7657 -17.3923 3.7288 -18.0159 1.6261 -7.7929 -1.9803 -1.1293 -26.5236 -10.6911 0.1539 29.3088 0.3148 10.8436 -7.1912 -2.0779 -1.4347 -3.6700 1.0837
-22.9791 100.1934 417.0894 0.5580 3.3918 -3.0536 -0.4699 0.2492 -0.2883 -0.4156 -4.9444 -0.6266 0.1693 10.3838 -2.8627 5.1755 0.5363 0.9360 -0.8240 -3.4833 -1.0694 2.6390 -4.0011 -3.5253 -0.0419 -0.0105 -0.0111 0.6537 -10.4302 -3.8380 -0.7370 -10.4741 3.8298 -17.2330 14.6776 -5.1761 -48.6034 9.3326 -25.6282 0.0537 0.1277 -82.9402 9.5741 9.9262 10.6692 -16.9168 12.0352 17.3560 -64.2112 1.8427 2.3415 18.8354 16.8476 8.7525 43.4532 20.1325 -3.3731 0.2668 -0.7339 100.6538 1.3828 3.6269 9.2776 16.0112 8.3556 -16.4541 53.4063 -1.9664 -4.6500 1.5542 3.3229 2.3640 0.0057 39.8473 -0.4205 -15.3400 -1.9290 -14.1814 1.6332 -8.3313 -1.9886 -1.0281 -21.9969 -10.0072 0.2353 27.3720 0.4563 9.3398 -7.7969 -2.3480 -1.4745 -4.7715 1.1086
-23.7613 101.8969 424.5145 -0.1798 3.9614 -3.7649 -0.3752 0.3749 -0.2464 -0.3134 -4.9870 -0.8783 1.2440 9.7514 -2.4888 5.4324 0.2163 0.7714 -0.5417 -3.4279 -0.2367 2.3678 -2.5477 -2.7120 -0.0350 -0.0085 -0.0304 0.6706 -10.5149 -3.8622 -0.7394 -10.5464 3.8122 -14.3534 14.5955 -4.7730 -51.9341 10.9052 -24.4323 -0.0307 0.1731 -83.3025 8.9418 8.3881 10.6618 -16.3863 11.7882 17.1016 -62.9945 1.7891 2.3292 18.9957 16.2430 9.4523 43.7542 20.6816 -2.6981 0.4798 -0.7802 102.8547 1.5664 1.5460 8.6489 15.6052 8.2287 -16.2001 52.2703 -2.2358 -4.7968 0.4607 0.8119 0.9282 -0.0346 37.3046 -0.0864 -13.3636 -6.2134 -10.0930 1.7034 -8.1382 -2.0701 0.0217 -17.5483 -8.8582 0.2481 21.5604 0.4585 10.7483 -7.8644 -2.6400 -1.4910 -5.4389 1.1601
-24.8621 102.9216 431.8853 -1.5019 4.8516 -4.1065 -0.1048 0.5245 -0.1850 -0.1603 -4.9678 -1.1358 2.4598 9.3682 -2.2933 6.1356 -0.5900 0.5554 -0.3532 -3.4466 0.4775 2.1621 -1.5452 -1.9582 -0.0382 -0.0339 0.0003 0.6982 -10.6410 -3.8393 -0.7729 -10.6643 3.8529 -10.6142 14.5639 -4.6857 -54.9770 12.0199 -23.9889 0.1429 0.2852 -83.4431 8.2269 4.5548 10.3084 -16.0060 11.6604 16.9075 -62.3004 1.7267 2.4387 18.8373 15.3447 10.2108 45.3682 20.7773 -1.2062 0.7040 -0.7827 105.2100 1.9010 0.1302 6.9208 15.2684 8.0704 -16.0714 51.3236 -2.5678 -4.9887 1.2595 -3.2576 0.1668 -0.0321 36.6292 0.0536 -10.5458 -8.5607 -5.6235 1.7174 -7.4741 -2.0925 1.9671 -13.7370 -7.1406 0.1429 13.2710 0.2483 13.9058 -6.6637 -2.2703 -1.4528 -5.7564 1.2033
-26.1684 103.0580 438.6595 -2.6023 5.6445 -3.9983 0.0388 0.8835 -0.1405 -0.0726 -4.8682 -1.3007 3.3269 9.3261 -2.2474 7.2181 -1.7278 0.3836 -0.3758 -3.5312 0.8975 2.0505 -1.1534 -1.4870 -0.0455 -0.0600 0.0625 0.7147 -10.7324 -3.7786 -0.8039 -10.7517 3.9215 -6.9168 14.7622 -5.0531 -56.7872 12.8521 -23.5093 0.2370 0.3586 -84.0797 6.9941 0.1271 9.6840 -15.7146 11.5932 16.7040 -61.8091 1.6843 2.5651 18.3484 14.5732 10.7604 48.0203 20.0608 1.4728 0.5975 -0.7261 107.0455 2.5449 -0.3229 4.6180 15.0737 7.9195 -16.0582 50.8008 -2.8278 -5.1493 2.8302 -8.8887 0.4183 0.0247 38.9750 0.0664 -6.4573 -10.2661 -0.6633 1.7438 -6.6069 -2.0604 3.5318 -11.1008 -4.8749 -0.0014 7.0293 0.0406 15.3823 -5.1230 -1.6220 -1.3921 -5.7954 1.2032
-27.4300 102.2778 444.6355 -3.2692 5.8549 -3.5308 0.1947 1.5363 -0.1141 -0.1008 -4.5809 -1.3504 3.7448 9.5261 -2.0650 8.0942 -2.6207 0.1878 -0.4917 -3.6056 0.9566 2.0699 -1.2368 -1.3283 -0.0482 -0.0638 0.1170 0.7170 -10.7834 -3.7206 -0.8123 -10.7924 3.9721 -4.3174 15.1690 -5.6963 -56.7367 13.6267 -22.6400 0.1999 0.1637 -85.1952 5.5309 -3.1241 9.2131 -15.5638 11.5128 16.4668 -61.5227 1.7034 2.5722 17.5724 14.0811 10.9694 50.8920 17.9560 4.4770 0.4859 -0.7019 108.0990 2.9933 -0.3511 2.5024 15.0539 7.8290 -16.1486 50.7291 -2.9073 -5.2396 4.3615 -15.2316 1.3463 0.0804 43.7065 0.0825 -2.3192 -12.1980 3.5264 1.7824 -6.0604 -2.0528 4.3807 -9.7348 -3.4189 -0.0758 7.1616 -0.0990 13.5478 -4.2847 -1.8475 -1.3831 -5.4383 1.1541
-28.5673 100.5076 450.6666 -3.7889 5.2683 -3.0688 0.6065 2.6471 -0.0061 -0.1974 -4.1715 -1.2587 3.8623 9.8988 -1.7680 8.3054 -3.0352 0.1021 -0.6616 -3.5823 0.4610 2.2913 -1.6045 -1.3910 -0.0411 -0.0563 0.1171 0.7165 -10.8135 -3.7210 -0.7980 -10.8032 3.9668 -3.1586 15.3030 -6.1271 -55.2572 14.7468 -21.5603 0.5250 0.2299 -86.1374 4.2525 -4.9307 9.0084 -15.3205 11.4685 16.3484 -61.2612 1.6852 2.3645 16.6433 13.8815 11.2377 53.1755 14.1674 6.8968 0.8685 -0.6946 108.1931 2.7655 -0.4881 0.7324 15.1149 7.7317 -16.3433 50.7153 -2.9380 -5.3286 5.8091 -21.9722 3.2202 0.0440 49.6790 0.0710 1.1565 -14.2836 4.9971 1.7933 -6.2170 -2.1231 5.2254 -8.8396 -3.9541 0.0062 14.3327 -0.2794 7.3029 -6.8662 -2.6426 -1.4654 -4.5177 1.0786
-29.6621 97.9790 456.7363 -4.6600 4.2540 -3.1152 1.3858 3.9371 0.1779 -0.1840 -3.6261 -0.9679 4.2866 10.4398 -1.2822 7.2253 -3.3731 0.2150 -0.7062 -3.5339 0.2102 2.4349 -2.7323 -1.5613 -0.0204 -0.0400 0.0817 0.7423 -10.7880 -3.7642 -0.7849 -10.7745 3.9331 -3.3462 15.4725 -5.5893 -53.2799 14.5750 -19.5909 0.4945 0.0241 -86.4813 3.8551 -4.9014 8.5647 -15.2298 11.3682 16.1894 -61.1723 1.6155 2.0252 15.3801 13.9200 11.7663 54.3739 9.5607 9.1537 1.0354 -0.8847 107.4036 1.5069 -1.0587 -0.4605 15.3360 7.6381 -16.2109 50.9580 -3.0171 -5.1347 7.1518 -29.1138 5.8785 -0.1106 55.3245 0.0223 3.0478 -16.4951 3.8498 1.7626 -6.7563 -2.1343 6.2945 -7.7678 -5.9060 -0.0193 24.2879 -0.2110 4.9198 -13.7741 -1.7067 -1.4622 -3.9665 1.0937
-30.5579 95.5737 463.2224 -5.8065 3.6449 -4.4601 2.3557 4.8175 0.5187 -0.0023 -3.1349 -0.3055 5.1116 10.9961 -0.5084 5.1199 -3.8873 0.6086 -0.6685 -3.4996 0.1868 2.5753 -3.9365 -1.4805 -0.0132 -0.0517 0.1184 0.7640 -10.7508 -3.7291 -0.7964 -10.7480 3.9689 -4.3948 15.7604 -3.9853 -52.4246 13.1526 -16.8193 0.2490 -0.1949 -86.7243 4.8764 -3.1710 8.6967 -15.1072 11.2052 16.0040 -60.9025 1.5588 1.6868 14.0081 13.9753 12.9659 54.0014 5.3637 11.3107 1.0294 -0.9971 106.0005 -0.5415 -2.0070 -1.4384 15.3023 7.6006 -16.0859 51.0219 -3.0548 -4.9703 7.7994 -36.3606 8.3541 -0.0047 58.3632 0.2838 2.6583 -18.1198 2.5703 1.7442 -7.0355 -2.1374 6.7613 -5.1648 -7.3970 0.0018 30.3903 -0.1141 4.1429 -18.9495 1.4166 -1.4369 -4.2725 1.0994
-31.0684 94.0526 469.9732 -6.1080 3.9905 -6.4960 2.7525 5.0981 0.9005 0.0917 -2.8167 0.4767 5.6442 11.0569 0.4191 3.2373 -4.6629 1.1194 -0.5600 -3.4214 0.1938 2.7684 -4.3446 -1.4172 -0.0100 -0.0719 0.1316 0.7719 -10.7290 -3.7196 -0.8009 -10.7445 3.9843 -5.1184 15.9532 -2.1537 -53.7323 12.1132 -13.7635 -0.0482 -0.4115 -88.1703 6.6034 -1.6479 9.7516 -14.9196 10.9542 15.8634 -60.2248 1.4747 1.7460 12.8019 13.7070 14.5238 53.1111 3.1019 13.1301 1.0570 -0.9105 104.8973 -1.8480 -1.6127 -2.3318 15.1329 7.5147 -15.9990 50.6244 -2.9478 -4.9511 6.4267 -42.5179 9.9712 0.3522 57.6334 0.7258 2.0923 -19.0434 3.5655 1.7344 -6.7784 -2.1731 5.7271 -1.0948 -7.8486 0.0285 30.6557 0.0449 3.5660 -21.6764 4.8716 -1.4488 -5.2560 1.0961
-31.3066 93.5186 476.8373 -5.2986 5.1123 -8.2097 2.4222 4.9054 1.0999 0.0322 -2.7422 1.2996 5.4599 10.7227 1.2383 2.0386 -5.4789 1.5211 -0.4616 -3.4254 -0.0835 3.1107 -4.1030 -1.6119 -0.0021 -0.0981 0.0792 0.7787 -10.7452 -3.7720 -0.7943 -10.7693 3.9304 -5.4071 15.7650 -0.6760 -56.0204 13.2404 -11.3897 -0.0329 -0.5365 -91.3810 7.5714 -0.9175 10.8433 -14.7907 10.9409 15.8682 -59.8704 1.4865 1.8738 11.8098 13.3113 15.5761 53.0539 2.7460 14.4856 0.9207 -0.5694 104.8878 -1.9828 0.0574 -2.8965 15.0442 7.4977 -16.0961 50.3141 -2.8772 -5.1773 3.1092 -46.8612 11.0793 0.5466 53.4595 0.9332 1.7380 -17.6611 5.4603 1.7478 -6.6174 -2.2200 3.5437 3.7663 -7.5678 0.0222 26.9250 0.2923 3.8982 -20.5009 6.6085 -1.4663 -8.7220 1.1544
-31.5743 93.8461 484.5935 -3.3425 6.6654 -9.0267 1.5031 4.3104 1.0416 -0.1758 -2.9024 1.9899 4.2490 10.0408 1.8521 1.8145 -5.8336 1.6468 -0.6251 -3.4117 -0.4620 3.5074 -3.8840 -2.1548 0.0023 -0.0973 0.0567 0.8009 -10.7690 -3.8004 -0.8073 -10.7951 3.9120 -5.5543 15.7848 0.2983 -58.0741 15.5241 -9.8398 -0.1022 -0.7428 -94.8439 7.2884 -0.2177 12.1917 -14.7877 10.9338 15.9571 -59.7269 1.5299 1.8684 10.7901 13.2526 15.4970 54.7219 3.6308 15.4205 0.6533 -0.2970 105.7258 -2.2331 2.2933 -2.9256 15.1052 7.4622 -16.1487 50.2773 -3.0881 -5.2660 -2.0607 -48.4717 12.7414 0.4381 45.7526 0.7885 0.5611 -14.1652 5.5492 1.7430 -6.5782 -2.2381 0.2439 8.8873 -7.1294 0.0707 21.4310 0.4470 4.8676 -13.5583 7.3953 -1.5379 -17.8709 1.2998
-32.0894 94.6879 493.1059 -1.0586 8.1121 -9.1513 0.4963 3.4658 0.8726 -0.4331 -3.3099 2.6159 2.4496 9.4286 2.1091 2.2021 -5.5839 1.5022 -1.0255 -3.4263 -0.9158 3.7940 -3.5575 -2.9477 -0.0001 -0.0739 0.0447 0.8042 -10.7773 -3.8153 -0.8145 -10.8168 3.8993 -5.2419 16.0555 0.6413 -60.5300 17.7231 -9.2174 -0.0600 -0.4917 -97.3933 6.4543 0.5663 13.8378 -14.8003 11.0503 16.0459 -59.9476 1.5727 1.8241 9.6191 13.5487 14.4651 57.7558 5.0943 15.3819 0.8235 -0.2015 106.7686 -2.6216 3.9260 -2.8375 15.2926 7.5245 -16.1783 50.9359 -3.1733 -5.2830 -6.9186 -47.0556 13.7566 0.2142 35.9977 0.5493 -1.6638 -10.1758 4.5156 1.6928 -6.0542 -2.1916 -3.1231 12.8257 -6.8673 0.0974 17.6186 0.6019 6.1810 -0.4766 7.7137 -1.7439 -30.4063 1.6093
-32.7987 95.5149 502.2907 0.1163 8.8445 -9.1246 -0.0523 2.7405 0.8771 -0.5227 -3.5986 2.9304 1.1612 9.0769 2.1952 2.5936 -4.9420 1.4290 -1.4564 -3.5066 -1.3786 3.7889 -3.2271 -3.5763 -0.0092 -0.0669 0.0113 0.7807 -10.7526 -3.8314 -0.8074 -10.7982 3.8463 -4.9729 16.5152 0.8750 -62.8914 18.6627 -9.5702 0.1215 0.1112 -98.7765 5.4475 1.6317 14.8449 -14.8444 11.1550 16.0499 -60.2093 1.5683 1.9779 8.7236 14.1559 13.2927 60.3931 7.1632 14.8568 0.8798 -0.2551 107.7192 -2.4646 5.9240 -2.8190 15.3974 7.5949 -16.1369 51.5020 -3.1090 -5.1837 -8.4473 -44.0146 11.9801 0.0169 28.0983 0.3051 -3.7780 -7.4486 4.2766 1.5920 -5.5298 -2.2096 -4.7549 13.8225 -5.6880 0.0523 19.6880 0.7832 7.6181 14.7528 7.4444 -1.8680 -37.3007 1.7132
-33.7678 95.8374 511.8671 0.5057 8.6560 -8.9332 -0.4092 2.5084 0.9005 -0.5868 -3.6548 3.0501 0.5018 9.1185 2.0351 2.6927 -4.4579 1.5970 -1.7389 -3.5851 -1.7624 3.6551 -2.7567 -4.1178 -0.0153 -0.0750 0.0227 0.7520 -10.7510 -3.8155 -0.7897 -10.7889 3.8507 -5.3235 16.7794 0.8799 -63.8785 18.1599 -10.1327 0.0784 0.4957 -99.7173 4.2091 2.3216 14.8542 -14.8515 11.1578 15.9538 -60.3728 1.5656 2.1945 8.5389 14.8113 12.2016 61.7391 9.4670 14.3261 0.7824 -0.2177 108.4867 -1.4566 7.4368 -2.9159 15.3970 7.5243 -16.1152 51.4558 -2.9416 -5.2503 -7.9226 -40.8779 8.4870 -0.0087 26.1653 0.1610 -4.7427 -5.6040 5.2263 1.5863 -5.1816 -2.3100 -4.9204 11.8906 -3.3995 -0.0948 28.3120 0.9447 9.8781 26.4238 6.0497 -1.3166 -24.2754 1.1635
-34.7624 95.3876 520.8485 1.3676 7.7520 -7.9760 -1.1803 2.9987 0.6898 -0.7666 -3.5314 2.9119 -0.1576 9.3995 1.3886 2.6008 -3.9903 1.9156 -1.6989 -3.6285 -2.2011 3.3869 -3.3680 -4.5982 -0.0116 -0.0669 0.0985 0.7354 -10.7662 -3.7401 -0.7662 -10.8016 3.9242 -6.0476 16.6737 0.4860 -63.0111 16.3282 -10.6392 0.0217 0.5608 -100.5936 2.8036 2.1864 13.9724 -14.7580 11.2755 16.0416 -60.4630 1.6561 2.1640 8.7003 15.4197 11.0389 62.1835 11.3268 13.6614 1.1693 -0.2598 108.9234 -0.7007 7.6054 -2.6860 15.4070 7.4820 -16.0511 51.1129 -2.7563 -5.3331 -8.2336 -38.4498 5.7258 -0.0214 31.1380 0.1314 -3.6849 -5.6639 6.2304 1.6946 -4.4871 -2.2789 -5.5260 8.0818 -1.9692 -0.1590 41.6064 0.9954 12.9298 29.3736 7.0617 -1.0723 -7.4666 1.0216
-35.6520 94.2713 529.1485 2.8183 6.6013 -6.3196 -2.2878 3.9234 0.3042 -1.0935 -3.3470 2.3200 -1.0708 9.6966 0.5243 2.6792 -3.1462 1.9647 -1.5407 -3.6137 -2.5246 3.1384 -5.5988 -4.8445 -0.0004 -0.0238 0.1262 0.7361 -10.7408 -3.7166 -0.7468 -10.8013 3.9549 -6.9372 16.4555 -0.5861 -60.2617 12.9649 -11.1752 -0.0289 0.3443 -100.8402 2.1233 1.4869 12.5839 -14.6033 11.3882 16.3777 -60.2304 1.6766 2.2302 8.9781 16.0641 9.6323 62.2810 12.5273 13.5584 1.5782 -0.5274 108.2566 -0.6002 6.5434 -1.8141 15.3630 7.5349 -16.1605 50.7622 -2.8108 -5.4329 -9.9715 -36.4300 4.4212 -0.0036 39.3590 0.0876 -1.2322 -10.2226 6.8769 1.7050 -3.4118 -2.1453 -7.0061 2.6316 -1.9087 -0.0142 56.9526 1.0133 12.6185 22.3089 7.1584 -1.1882 -4.8128 1.0364
-36.6257 92.8530 537.0072 4.4290 5.7756 -4.7599 -3.4565 4.7926 -0.0841 -1.4127 -3.1686 1.4880 -2.3096 10.1039 -0.4978 3.1911 -2.5163 1.7597 -1.4758 -3.6393 -2.1601 2.9556 -8.2641 -5.1289 0.0119 0.0130 0.1642 0.7321 -10.7461 -3.6897 -0.7231 -10.8364 4.0037 -8.3710 16.2212 -2.2191 -55.5328 8.2354 -12.1178 -0.0117 -0.0507 -99.7181 2.8291 1.8089 10.9197 -14.4061 11.3358 16.5462 -59.8340 1.6115 2.3002 9.6102 16.6055 8.4079 62.1242 13.1494 14.2157 1.3422 -0.7711 105.9126 -0.9709 6.0230 -0.9435 15.3452 7.6024 -16.3665 50.6282 -3.0172 -5.3752 -12.1667 -33.7791 4.0332 0.0581 46.3306 0.2271 0.8752 -16.1249 7.5094 1.6680 -2.7182 -2.0449 -8.9799 -4.7517 -1.6823 0.4705 70.4959 1.2135 9.8008 13.2723 5.7172 -1.2880 -5.1622 1.0539
-37.6360 91.8363 545.0127 5.0484 5.2047 -3.8785 -4.0747 5.5845 -0.4460 -1.6681 -2.9285 0.6413 -3.1775 10.5624 -1.4430 3.8293 -2.6726 1.4613 -1.3069 -3.6583 -1.6955 2.7574 -10.2737 -4.6312 0.0171 0.0208 0.1174 0.7283 -10.7346 -3.7438 -0.7096 -10.8226 3.9680 -9.7342 15.9987 -4.1330 -49.8843 2.8031 -13.5340 0.0704 -0.1524 -98.0601 3.8266 4.5100 10.0437 -14.3681 11.3422 16.4599 -59.5511 1.5646 2.1129 10.1614 17.1873 7.2249 61.8902 12.8902 14.9762 0.9813 -0.5032 102.2232 -1.7630 8.1901 -1.7040 15.3011 7.6573 -16.4779 50.5955 -3.2272 -5.2118 -12.8034 -29.9652 2.9418 0.1833 50.6919 0.4494 0.9002 -21.7479 8.3956 1.6662 -2.4789 -2.0838 -9.7922 -13.6428 -0.6514 1.3802 80.1911 1.8478 5.9974 5.1974 2.6950 -1.3536 -5.6836 1.0695
-38.6205 91.4293 552.7007 4.1311 5.0399 -3.9787 -4.0384 6.0782 -0.7151 -1.6293 -2.7728 -0.1529 -3.3010 10.8476 -2.1923 4.1958 -3.2191 1.2951 -1.0632 -3.6546 -1.1501 2.5246 -11.1796 -3.6618 0.0176 -0.0191 0.0310 0.7186 -10.7748 -3.8404 -0.6978 -10.8486 3.8979 -9.9642 15.5785 -6.0446 -45.4767 -2.2650 -13.9412 -0.0429 -0.3936 -98.1824 3.3499 7.8258 9.6049 -14.7266 11.2394 16.2727 -59.8032 1.4633 1.9753 10.3311 17.5943 6.4290 61.8630 12.3616 14.6978 0.7958 -0.5586 99.1028 -2.9971 12.7991 -4.6160 15.2750 7.6414 -16.4391 50.3820 -3.3427 -5.0285 -11.2685 -24.6755 1.4102 0.1161 51.6327 0.4572 0.0224 -26.0603 9.3935 1.6817 -2.4535 -2.1568 -8.4179 -23.4157 0.6474 3.1977 84.6072 3.4365 3.8137 -1.0478 -0.2089 -1.3408 -5.7389 1.0313
-39.5307 91.8229 560.2020 2.4855 5.4948 -4.5361 -3.7887 6.1252 -0.9904 -1.3952 -2.7368 -0.8439 -2.8846 10.6172 -2.9534 4.4834 -3.6389 1.1738 -0.8147 -3.6432 -0.5432 2.1261 -11.4803 -2.4300 0.0163 -0.0593 -0.0741 0.7189 -10.7960 -3.9515 -0.6988 -10.8582 3.8023 -9.1111 14.7456 -7.6138 -42.6893 -5.7029 -13.2319 -0.2401 -0.5804 -100.4363 2.0477 8.3332 8.7832 -15.1576 11.1296 16.1852 -59.9974 1.3822 2.1217 11.0009 17.3244 6.1135 61.4818 13.1519 12.9931 0.3820 -0.9335 98.9309 -3.7321 15.1893 -6.4216 15.2457 7.6333 -16.3315 50.1640 -3.4066 -4.9983 -8.9645 -18.0066 0.0133 0.0502 48.7982 0.3290 -0.9464 -27.7805 10.2329 1.7193 -3.8356 -2.2172 -5.4693 -32.8371 0.8988 2.2866 82.9001 2.3358 3.9113 -5.8125 -1.9628 -1.3232 -5.3251 0.9554
-40.4399 93.1589 568.0468 0.4956 6.4924 -5.3019 -3.3386 5.6425 -1.1851 -1.1007 -2.8119 -1.5019 -1.9695 10.0103 -3.5898 4.5679 -3.8049 1.1320 -0.5356 -3.7044 0.0912 1.6842 -11.3491 -1.1978 0.0139 -0.0812 -0.1698 0.7156 -10.7938 -4.0496 -0.6984 -10.8384 3.7106 -8.0261 13.7923 -8.6430 -41.1319 -7.3321 -12.1282 -0.5147 -0.5360 -103.1344 1.5877 6.7616 7.9979 -15.3520 11.1130 16.1855 -59.9323 1.3647 2.3500 12.1959 16.6504 6.0107 60.6807 14.9616 10.4525 0.0850 -1.2422 100.8318 -4.0193 14.9734 -6.5578 15.2178 7.6518 -16.3622 49.9645 -3.4237 -5.1475 -6.4769 -10.4588 -0.6372 0.1021 42.7522 0.2346 -1.3167 -24.8740 10.1998 1.8332 -8.2515 -2.3253 -0.8769 -39.8443 -0.8316 0.3540 75.0531 0.2512 4.6178 -9.5053 -3.7809 -1.3368 -4.7183 0.9032
-41.4145 95.2974 576.8860 -1.5545 7.5541 -6.3969 -2.7473 4.7217 -1.2740 -0.8592 -3.0241 -2.2093 -0.6966 9.3569 -3.9904 4.3275 -3.6939 1.3870 -0.2331 -3.7639 0.5530 1.3114 -10.5991 0.0727 0.0114 -0.0845 -0.2358 0.7051 -10.8022 -4.1179 -0.6873 -10.8346 3.6483 -7.0728 13.1344 -8.8935 -41.0012 -7.0703 -11.3568 -0.4303 -0.2893 -105.6156 1.9672 5.3792 7.9009 -15.3381 11.1349 16.1331 -59.9178 1.3743 2.4842 13.2909 16.1699 5.9712 59.9123 17.0050 8.1708 0.0988 -1.2522 102.9494 -3.9295 13.9848 -5.9446 15.2170 7.6354 -16.3810 50.0990 -3.4578 -5.2386 -3.9057 -2.4117 0.0683 0.2066 34.5929 0.2827 -0.8383 -15.7598 8.7636 2.1125 -17.2936 -2.5665 4.9159 -42.7225 -4.1625 -0.0765 61.6612 -0.0885 5.3797 -11.7587 -4.9285 -1.3922 -4.5794 0.9731
-42.3620 97.6210 586.6242 -3.2809 8.0951 -7.6198 -2.1236 3.5961 -1.1856 -0.5745 -3.4316 -2.9464 0.4533 8.9766 -4.3100 3.7779 -2.9716 1.7479 -0.0379 -3.7240 1.1702 1.2037 -9.5060 1.1470 0.0060 -0.0453 -0.1528 0.6882 -10.8012 -4.0317 -0.6786 -10.8168 3.7288 -6.1658 13.0501 -8.3896 -42.3048 -5.4407 -11.2336 -0.1719 -0.1694 -107.7560 2.5472 5.7366 7.8976 -15.3217 11.1971 16.0685 -60.2772 1.4600 2.4127 13.5917 16.4518 5.9507 60.1923 18.7233 7.0966 -0.0883 -0.9986 104.4457 -3.2082 13.2858 -4.7708 15.1735 7.5829 -16.2773 50.3612 -3.4290 -5.2930 -1.4326 5.3165 1.6857 0.0753 26.5449 0.4529 -0.4154 -0.7978 7.6142 2.5183 -26.6447 -2.8924 9.9904 -40.6752 -7.5818 0.0395 43.8491 0.0505 7.1569 -10.9416 -4.1364 -1.4367 -4.9612 1.0661
-43.3931 99.3669 597.1942 -3.7734 8.1320 -8.3063 -1.9648 2.3889 -1.1644 -0.4415 -3.9439 -3.6145 1.2156 8.8142 -4.6367 3.0326 -1.9508 2.1599 0.2015 -3.6126 1.6153 1.2495 -8.0306 1.9501 0.0025 -0.0303 -0.0501 0.6905 -10.7866 -3.9261 -0.6856 -10.7967 3.8262 -5.5785 13.3904 -7.7369 -44.4681 -2.6676 -11.7355 0.2060 -0.0245 -110.0436 3.0000 6.1373 7.4135 -15.2155 11.2575 15.9883 -60.5552 1.6663 2.3535 13.0687 17.0967 5.5161 61.4969 20.1241 6.4306 -0.0403 -0.5997 105.8325 -1.8808 12.1294 -2.8774 14.9894 7.6403 -16.2805 50.4184 -3.3659 -5.3086 -0.1349 11.2938 2.4114 -0.1462 21.3978 0.6556 -2.0077 15.7171 6.9154 2.4846 -26.4677 -2.6757 12.2900 -35.5021 -9.6580 0.1617 24.3459 0.0621 10.9610 -7.6246 -1.0237 -1.3984 -5.2991 1.1122
-44.3521 99.9583 607.1549 -3.1139 7.8839 -8.6528 -2.2342 1.4798 -1.1730 -0.5095 -4.3949 -3.8795 1.4419 8.7960 -4.8711 2.6505 -1.4172 2.4638 0.3430 -3.5939 2.1572 1.1945 -6.5939 2.3364 0.0060 -0.0693 0.0493 0.7152 -10.7617 -3.8286 -0.7023 -10.7705 3.9254 -5.6398 13.6861 -7.2743 -46.5083 0.5362 -12.1804 0.4673 0.0523 -112.8000 3.0579 5.8351 6.6416 -15.0497 11.2056 15.9655 -60.6703 1.7870 2.3326 12.6125 17.2764 4.9171 62.8910 21.5437 5.5562 0.0623 -0.1099 107.4462 -0.8719 10.3797 -0.8170 14.7631 7.6872 -16.5187 50.2314 -3.3511 -5.3626 -0.7887 14.0458 0.8798 -0.1208 22.5021 0.7159 -6.8262 24.0412 6.3332 1.9157 -13.2364 -2.1210 11.8143 -31.2064 -8.8398 0.1576 10.7301 0.1047 15.6150 -5.4970 1.0681 -1.2633 -4.9222 1.1574
-45.1590 99.5197 617.1129 -2.6267 7.0445 -8.9501 -2.0974 1.3661 -1.1119 -0.4786 -4.5454 -3.7726 1.3392 8.9768 -4.8692 2.4926 -1.3393 2.5613 0.2699 -3.6031 2.8661 1.1085 -6.2420 2.3341 0.0095 -0.0609 0.1237 0.7103 -10.6684 -3.7391 -0.6906 -10.6732 3.9823 -6.1032 14.0844 -6.7330 -48.4598 3.0829 -12.8689 0.5162 0.0215 -114.5834 2.6191 4.9973 5.7747 -15.0328 11.2039 16.0146 -60.8214 1.7754 2.3467 12.3719 17.4245 4.4473 63.7339 21.9258 4.7138 0.0836 0.0032 108.7895 -1.1275 8.1917 0.3577 14.6656 7.6437 -16.6448 50.2803 -3.1714 -5.4750 -1.3477 13.8540 -0.5678 0.0631 29.9272 0.6588 -10.2720 22.6470 7.1391 1.7682 -6.7675 -2.0135 11.0022 -28.4637 -7.6257 0.0670 7.5959 0.1238 18.0516 -4.9331 1.0410 -1.1235 -4.7416 1.1969
-45.9478 98.0602 626.7130 -3.3405 5.6732 -9.1381 -0.9534 1.9271 -0.8472 -0.2331 -4.4222 -3.6427 1.3809 9.3124 -4.3690 2.1076 -1.3698 2.6453 0.0952 -3.5814 3.0851 1.2283 -6.7047 2.1695 0.0146 -0.0106 0.1285 0.6923 -10.5771 -3.7177 -0.6620 -10.5766 3.9642 -6.8660 14.6465 -6.1551 -50.2770 4.9082 -14.2972 0.6280 -0.0231 -114.1124 1.4839 4.8477 5.3698 -15.1566 11.2274 16.0612 -60.8621 1.7481 2.4527 12.3597 17.4703 4.3590 63.7727 20.8811 3.3996 0.3030 -0.4984 109.2062 -2.2369 6.5006 0.8124 14.7310 7.5558 -16.5671 50.5094 -3.1030 -5.5737 0.5775 11.3743 0.3598 0.2502 41.2727 0.4257 -11.0803 16.2589 9.1964 1.8409 -5.3076 -2.0419 11.1111 -27.2666 -6.7748 0.1008 14.8613 -0.0752 15.4001 -3.4599 1.0893 -1.1337 -4.7401 1.2770
-46.9439 95.9638 635.3386 -5.3698 4.0539 -9.1718 0.8469 3.0927 -0.3757 0.1876 -4.0881 -3.0076 2.1755 9.6205 -3.8568 1.3164 -1.4128 2.8824 -0.0128 -3.5446 2.6535 1.3284 -8.4203 2.2481 0.0190 0.0091 -0.0121 0.6902 -10.5926 -3.8711 -0.6517 -10.5972 3.8362 -7.7697 14.8947 -5.3935 -51.8268 6.2736 -16.0045 0.5277 -0.2837 -111.2234 -0.1690 6.8926 5.7585 -15.1193 11.0720 16.0940 -60.5350 1.5146 2.4580 12.6505 17.3316 5.0539 62.7913 18.7285 1.6019 0.7753 -1.0962 108.7056 -3.5957 5.4890 0.9695 14.9008 7.4787 -16.5084 50.7785 -3.2135 -5.3226 5.3856 6.3649 3.1803 0.2691 54.6313 -0.0557 -9.7471 8.0171 11.1149 2.0910 -4.8877 -2.1725 13.1305 -27.9461 -4.8507 0.1378 29.0888 -0.2438 -0.2472 -4.7535 0.8050 -1.3978 -2.5563 1.0339
-48.0618 93.8029 644.0553 -6.9548 2.8175 -8.5917 2.1425 4.1396 -0.0710 0.5021 -3.7224 -2.2488 3.3276 10.2308 -3.3032 0.1752 -1.8522 2.9860 -0.0074 -3.6092 2.5255 1.3464 -10.9099 1.8427 0.0005 -0.0173 -0.0065 0.6918 -10.6442 -3.8642 -0.6941 -10.6364 3.8563 -8.7248 15.2823 -4.0792 -52.7979 5.7589 -17.5115 -0.2045 -0.2249 -106.5190 -1.5132 12.0405 6.4308 -14.9323 11.0771 15.9130 -60.2355 1.4995 2.2077 13.0028 16.8717 6.3324 60.6450 15.7006 1.1566 1.0300 -1.3283 107.0577 -5.2161 5.7882 -0.1286 15.1888 7.5548 -16.3625 50.7644 -3.2877 -4.9833 9.1523 -1.1160 3.5270 0.0883 66.6606 -0.4536 -7.1758 1.1178 12.9744 2.1499 -4.3425 -2.2386 15.0056 -26.5686 -3.2498 -0.1516 40.0896 -0.2503 -5.3115 -13.6245 -1.1985 -1.4128 -0.8331 0.9811
-49.0336 92.8103 652.7853 -7.2344 2.6589 -7.7769 2.9039 4.3388 0.1902 0.5761 -3.5562 -1.3486 3.7371 10.7718 -2.5981 -0.7615 -2.5303 3.0075 -0.2165 -3.6320 2.0649 1.7356 -11.9495 0.9919 -0.0143 -0.0252 -0.0013 0.6905 -10.6282 -3.8547 -0.7261 -10.5966 3.8682 -10.2032 15.8291 -2.9250 -52.4324 5.2868 -18.9429 -0.6157 -0.1656 -102.4067 -1.5732 18.7378 7.7022 -14.7876 11.1717 16.0040 -60.0903 1.6790 2.1366 13.5781 16.3557 8.2922 57.3937 12.5864 1.9862 1.1827 -0.9500 105.1202 -5.7214 9.9527 -2.3262 15.1696 7.7076 -16.4320 50.5034 -3.1888 -5.0076 10.5710 -10.3822 1.7849 0.0337 74.8789 -0.3922 -4.6772 -4.9800 14.0006 2.1578 -4.6499 -2.3224 14.9175 -21.6438 -2.2315 -0.2459 42.5748 -0.4132 -6.7264 -20.6354 -1.3492 -1.4208 -0.1884 0.9043
-49.8241 93.0881 661.8430 -5.8049 3.0617 -6.9293 2.9442 4.3887 0.5585 0.4099 -3.5075 -0.3874 2.9823 10.4125 -1.6517 -1.3612 -2.7966 3.2058 -0.4369 -3.5190 1.4030 2.2687 -12.1241 -0.2430 -0.0160 -0.0175 -0.0092 0.6938 -10.5999 -3.8562 -0.7363 -10.5721 3.8510 -10.5386 15.5879 -2.0433 -52.1717 6.6491 -19.3753 -1.0086 -0.5040 -102.4122 -1.3208 19.7166 7.9885 -14.7305 11.0218 15.9464 -59.7682 1.6802 2.1694 12.4838 15.8884 10.3139 55.8569 10.9121 3.0242 1.1348 -0.6882 106.2683 -4.9167 12.3278 -3.1523 15.0769 7.7441 -16.6530 50.1248 -3.1102 -5.4126 9.2136 -19.6974 -0.2095 0.1663 77.2978 -0.0057 -3.5071 -9.0065 14.2626 2.0696 -5.2604 -2.3549 12.6748 -14.4470 -1.1890 -0.2058 39.5285 -0.3409 -6.4094 -24.6171 -1.3398 -1.4492 -0.9322 0.9028
-50.5758 94.4888 671.6945 -3.8324 3.7638 -6.4052 2.7037 4.2211 0.9844 0.1776 -3.4947 0.8994 1.8597 9.7412 -0.7395 -2.4593 -2.9031 3.5024 -0.6093 -3.4738 0.6639 3.1363 -11.6500 -1.8430 -0.0109 -0.0251 0.0144 0.6985 -10.6136 -3.8222 -0.7339 -10.5984 3.8620 -11.0610 14.8768 -1.2674 -51.4905 9.3741 -19.4132 -1.2319 -0.7577 -104.7055 -1.5946 15.2340 7.1225 -14.7276 11.0306 15.9061 -59.7873 1.6133 2.1773 10.4912 15.5214 11.9137 55.6588 10.5450 3.8308 0.6582 -0.6151 110.0819 -4.6261 10.4113 -2.3332 14.9835 7.8358 -16.6811 50.1404 -3.0288 -5.5458 6.1543 -27.2467 -0.5234 0.2508 73.1447 0.3098 -3.6904 -11.2585 14.2896 1.9076 -5.8294 -2.2867 10.0506 -5.4169 0.0778 -0.2409 31.6065 -0.2503 -5.3959 -22.6866 -1.9848 -1.4517 -4.0778 1.0052
-51.1983 96.6400 681.4730 -1.5884 4.7371 -5.7824 2.1089 3.5946 1.1618 -0.0795 -3.4867 2.2828 0.6268 9.1393 0.0062 -3.3948 -2.9292 3.7417 -0.8928 -3.5634 0.1541 4.0752 -10.3930 -3.4478 -0.0025 -0.0435 0.1257 0.7084 -10.6758 -3.7070 -0.7281 -10.6721 3.9633 -11.9666 14.2095 -0.6766 -51.0232 12.0330 -19.2061 -1.3984 -0.9068 -106.1878 -1.6302 10.0613 6.4244 -15.0760 10.9616 15.9051 -60.1195 1.5286 2.0807 9.1324 15.3929 12.8536 55.5497 10.6994 4.8752 0.2220 -0.5827 114.3776 -5.1591 7.3295 -1.1911 14.8804 7.7706 -16.2931 50.4373 -2.8924 -5.3655 1.6710 -32.0449 0.5947 0.2758 62.4768 0.4006 -4.5754 -11.2689 13.4360 1.8206 -6.2159 -2.1980 7.1963 3.4715 0.5964 -0.2359 22.3606 -0.3676 -4.4250 -13.5298 -2.3875 -1.4720 -12.4722 1.1309
-52.0514 98.7700 691.6515 0.3174 6.0329 -4.7525 1.3540 2.5060 1.1068 -0.2799 -3.7203 3.2244 -0.4515 8.7071 0.6846 -3.8510 -2.8089 3.7422 -1.1164 -3.6386 -0.3915 4.7837 -8.9831 -4.4831 0.0098 -0.0484 0.2142 0.7245 -10.6979 -3.6145 -0.7191 -10.7239 4.0442 -12.0211 13.9791 -0.1805 -52.1940 13.6894 -18.7748 -1.6432 -0.9099 -106.4476 -1.3613 6.1175 6.2500 -15.2027 10.8612 16.0631 -60.4091 1.4959 2.1692 7.9968 15.1465 13.0627 56.1480 10.9838 6.0501 0.5352 -0.1018 117.9237 -5.5872 4.8985 -0.2066 14.8561 7.7426 -16.1312 50.7725 -2.8635 -5.3502 -2.7159 -33.7433 2.1618 0.2216 46.6660 0.2856 -6.4699 -10.6236 11.0864 1.8210 -5.4330 -2.2179 4.4338 10.7009 -0.7849 -0.0864 14.3009 -0.5345 -2.6209 0.6755 -1.4029 -1.5448 -23.1354 1.2989
-53.0621 100.0921 701.5428 0.8709 7.1280 -3.7035 1.1324 1.4411 1.0764 -0.3564 -4.0782 3.3301 -1.0596 8.4332 1.5781 -3.6458 -2.7146 3.5680 -1.3688 -3.6420 -0.8531 5.1489 -7.8125 -5.2803 0.0128 -0.0349 0.1972 0.7407 -10.7615 -3.6535 -0.7280 -10.7933 4.0456 -10.8786 14.2242 0.3395 -54.9896 14.6427 -18.3028 -1.6200 -0.7072 -106.6622 -1.0197 2.7136 6.0662 -15.0671 10.8097 16.1036 -60.6571 1.5491 2.3048 6.5926 14.7535 12.7577 57.6834 11.8693 8.1757 0.4947 0.3499 120.8878 -5.1832 3.6141 0.2868 14.9349 7.6778 -16.0561 50.7295 -2.9328 -5.3370 -4.8170 -32.8543 2.9423 0.1103 27.9052 0.2202 -9.7254 -10.2657 8.0486 1.7771 -4.9035 -2.2912 3.2160 15.7321 -1.5957 0.0434 9.9496 -0.6099 1.0911 14.4096 0.0445 -1.5156 -23.9380 1.2881
-54.1758 100.3395 711.5130 -0.0048 7.6942 -3.0166 1.4257 0.7767 0.9954 -0.3277 -4.3764 3.2838 -1.0735 8.2602 2.1391 -2.9398 -2.8045 3.3717 -1.5697 -3.6271 -1.4148 5.2276 -7.2414 -5.7255 0.0132 -0.0193 0.1675 0.7550 -10.8064 -3.7112 -0.7412 -10.8365 4.0397 -9.5647 14.9019 0.7435 -57.7421 14.8081 -17.5234 -1.5084 -0.3534 -107.2824 -0.5499 0.0205 5.7496 -14.8726 10.8287 15.9910 -60.6703 1.5642 2.3824 5.5005 14.4604 12.3949 59.3749 12.9028 10.5378 0.1230 0.4141 123.0965 -4.1846 2.9788 0.2568 14.9169 7.6399 -16.1055 50.5527 -2.9514 -5.2806 -4.1630 -31.5251 2.0597 -0.1044 12.7802 -0.0345 -11.8043 -10.1913 6.1389 1.5665 -5.4290 -2.4075 4.3445 17.5703 0.1929 -0.0885 12.4191 -0.5702 5.6470 22.0525 0.2688 -1.2205 -13.2526 1.0296
-55.2077 99.6553 721.1015 -0.6162 7.6529 -2.4249 1.2489 0.6963 0.8851 -0.3468 -4.4769 3.1695 -0.9578 8.2498 2.0617 -2.1350 -2.8980 3.2173 -1.5267 -3.7025 -2.3907 5.3767 -7.2178 -5.7075 0.0065 -0.0352 0.1109 0.7548 -10.7626 -3.7503 -0.7545 -10.7871 3.9676 -9.4515 15.3416 0.5510 -59.0477 14.7082 -16.6340 -1.0306 -0.1161 -107.9601 0.0505 -1.4885 5.6175 -14.7304 10.9753 16.0217 -60.5353 1.6494 2.4961 5.5147 14.2359 12.0708 60.2958 13.6143 11.7299 0.2507 0.0454 124.1261 -3.3263 1.9501 0.4438 14.8944 7.5252 -16.1265 50.3767 -2.8716 -5.3189 -2.8974 -31.0581 0.0350 -0.0545 7.3614 -0.2045 -12.2469 -10.1652 6.2784 1.4054 -5.7348 -2.4094 5.0035 16.3815 1.3308 -0.2773 21.2920 -0.5087 7.4697 22.6516 -1.2133 -1.1065 -7.2269 0.9734
-56.2076 98.1239 730.5233 0.3487 6.8979 -1.2646 -0.0576 1.1093 0.6363 -0.5673 -4.3526 2.8708 -1.1535 8.6057 1.3394 -1.0703 -2.9095 2.8539 -1.5210 -3.6393 -2.8884 5.5793 -7.5686 -5.8294 0.0012 -0.0031 0.1312 0.7316 -10.7134 -3.7236 -0.7406 -10.7222 3.9816 -10.7156 15.2129 -0.5515 -58.2536 13.9683 -15.8178 -0.3918 -0.2415 -107.8519 0.8970 -1.6916 5.6061 -14.5212 11.1000 16.2252 -60.1859 1.7235 2.6911 6.6708 14.0631 11.2911 60.7533 14.2489 12.4344 0.3031 -0.3605 123.0332 -3.0041 0.8856 1.2919 15.0874 7.4505 -16.2086 50.5369 -2.8530 -5.6183 -3.6040 -31.1453 -1.0267 0.0147 13.1186 -0.2474 -11.1233 -8.3331 5.3203 1.5308 -6.0887 -2.3970 2.6163 13.3947 -0.8501 -0.2750 34.1581 -0.1492 7.9286 18.2513 -1.9156 -1.2224 -5.7818 1.0206
-57.1223 96.2287 739.8710 3.0140 5.6827 0.0822 -2.1485 1.8415 0.1536 -0.9904 -4.1124 2.4038 -2.1105 9.3648 0.2383 0.1973 -2.8743 2.3524 -1.4897 -3.5542 -2.8963 5.5329 -8.4916 -6.0831 0.0142 -0.0053 0.1163 0.7082 -10.6452 -3.7281 -0.6915 -10.6878 3.9546 -13.5175 14.4247 -2.3840 -54.7958 12.4255 -15.0819 0.0702 -0.3757 -106.2093 2.1866 -1.7593 5.4350 -14.5864 10.9580 16.0634 -59.8874 1.7749 2.5419 8.7070 14.1832 10.1740 60.6716 14.7637 13.0240 -0.0004 -0.7435 119.7088 -3.2738 1.2041 2.0759 15.1419 7.5123 -16.2808 50.3283 -2.8554 -5.7649 -6.8577 -31.8948 -0.9338 -0.0265 25.2904 -0.1044 -4.0277 -3.1960 3.1202 1.7244 -4.0572 -2.1247 -2.9341 8.6451 -4.8314 -0.2160 48.5103 0.2647 8.1965 12.1349 -0.6296 -1.3201 -5.5235 1.0559
-58.0108 94.2100 748.8803 5.6131 4.0991 0.4241 -3.3639 2.9566 -0.0981 -1.4216 -3.7880 1.8236 -4.0563 10.0690 -0.8096 1.7648 -2.4962 1.9859 -1.5515 -3.6055 -2.6001 5.2934 -10.9340 -6.4284 0.0322 0.0326 0.1893 0.7165 -10.6389 -3.6642 -0.6668 -10.6913 4.0294 -15.2736 14.6441 -4.2696 -50.7390 8.8173 -16.1012 0.1215 -0.6747 -102.8048 3.6306 1.0775 5.4340 -14.5575 11.1214 16.0835 -59.8207 1.7302 2.2879 9.2808 15.0142 8.5225 62.5323 13.9584 13.4865 0.1887 -1.0577 114.6163 -4.6730 4.9338 2.1402 14.9380 7.4799 -16.2828 49.9916 -3.0483 -5.4900 -10.2864 -30.7347 -0.7107 0.0505 37.2699 0.0045 -0.0818 -10.5537 4.2703 1.6150 -1.5805 -1.9495 -8.2396 2.3073 -5.8067 0.0863 62.3783 0.7064 7.3488 5.6127 1.0324 -1.4433 -5.5222 1.0903
-58.7776 93.2464 757.7321 6.8988 3.3305 -1.3353 -3.9724 3.5867 -0.2638 -1.6211 -3.5414 1.3831 -5.1835 10.4140 -1.5331 2.2515 -2.3624 1.9919 -1.5134 -3.6644 -1.7519 5.1899 -12.0158 -5.9309 0.0257 0.0242 0.1641 0.7071 -10.6804 -3.7116 -0.6709 -10.7266 4.0328 -16.5652 14.9305 -5.2822 -46.4310 5.7736 -18.4456 0.4352 -0.4063 -99.6101 3.3287 8.3464 5.8408 -14.7068 11.1472 16.1173 -59.6220 1.5997 2.2373 9.0453 16.2382 7.2435 64.4579 13.1258 13.8041 0.2398 -1.0255 110.7217 -6.3202 9.2379 1.1387 14.9311 7.4647 -16.1656 49.9410 -3.1032 -5.2019 -11.7969 -25.5303 -0.3009 0.0009 41.3970 -0.0319 0.3830 -18.5783 6.2762 1.6059 -0.6339 -1.9378 -11.1905 -6.2226 -3.0712 0.4827 72.8516 0.9721 5.3917 0.4169 0.9046 -1.4946 -5.6083 1.1195
-59.8211 93.4824 767.4962 6.2985 3.5033 -3.9521 -4.0608 3.7229 -0.4813 -1.4737 -3.4741 0.6520 -4.8857 10.0641 -2.2152 1.8390 -1.9829 2.2897 -1.1456 -3.6133 -0.5795 4.8469 -11.8915 -4.4484 0.0115 -0.0166 0.0410 0.6875 -10.7265 -3.8348 -0.6796 -10.7783 3.9170 -16.1988 14.6281 -5.7500 -44.6264 3.8428 -18.2507 0.2311 -0.3724 -100.4972 2.1200 11.7170 5.5879 -14.8360 11.0552 16.0680 -59.8477 1.5245 2.2641 8.9724 16.8888 6.8779 64.9856 14.7647 14.2792 -0.5905 -1.1265 112.4658 -5.6098 7.4573 1.7066 14.9920 7.3931 -16.0679 49.9128 -3.2696 -5.1085 -11.0197 -18.1148 -0.7677 0.0332 39.3338 -0.0463 -0.4152 -23.6031 8.8020 1.6584 -0.6866 -1.9341 -11.1698 -15.7769 0.1296 1.0195 77.1134 1.2881 3.9276 -3.4152 0.9195 -1.4627 -5.4146 1.1046
-61.0309 94.7050 777.2688 4.5454 4.0722 -5.7708 -3.8451 3.5617 -0.7569 -1.1544 -3.5628 -0.4153 -3.7332 9.3625 -2.9533 1.6167 -1.3729 2.3576 -0.5074 -3.6322 0.3210 4.2477 -11.0692 -2.4415 0.0045 -0.0287 -0.0722 0.6815 -10.7353 -3.9468 -0.6849 -10.7940 3.8055 -14.7047 14.1179 -6.3504 -44.6365 2.6916 -16.2505 -0.3069 -0.5670 -103.7204 1.5694 10.5843 5.3606 -15.0241 11.0831 16.0706 -60.0777 1.5376 2.2315 9.5744 16.6044 6.1409 64.5887 17.6875 14.2525 -1.0683 -1.4460 115.9214 -3.5840 4.4696 2.5277 15.0645 7.2403 -16.0275 49.7306 -3.3792 -5.1068 -9.0804 -9.2450 -1.6258 0.1369 32.8804 -0.0055 -1.3039 -23.3645 10.3751 1.7185 -2.7043 -2.0833 -8.4975 -24.2627 0.8092 0.9465 74.1498 1.0555 3.5778 -5.8904 0.4279 -1.3835 -4.9680 1.0076
-62.2923 96.7027 786.2336 2.1242 5.0441 -6.8494 -3.3596 2.8362 -1.0516 -0.9020 -3.7467 -1.4074 -2.1229 8.7629 -3.8621 2.0633 -0.7499 2.1786 -0.0092 -3.7113 1.1658 3.7278 -9.5504 -0.8076 0.0026 -0.0322 -0.1551 0.6895 -10.7196 -4.0324 -0.6900 -10.7799 3.7234 -12.7371 13.5728 -6.9772 -45.9658 2.9054 -14.0773 -0.4184 -0.3668 -107.2652 1.7833 7.3798 5.7355 -15.1077 11.0450 16.0273 -60.0900 1.4555 2.2757 11.1398 15.9203 5.1483 63.3363 20.3577 12.9772 -0.9634 -1.4727 118.4048 -1.6423 3.1151 2.3799 15.0520 7.1831 -16.1118 49.6798 -3.4149 -5.2766 -6.0673 -0.3994 -1.0452 0.2729 24.8492 0.0778 -2.1162 -16.7625 9.3164 1.8844 -9.1420 -2.3156 -3.6307 -30.0511 -0.7533 0.1714 64.1423 0.1212 3.7040 -6.4879 -1.5443 -1.3704 -4.5546 0.9469
-63.7891 98.9218 794.6495 -0.5376 6.2318 -7.5056 -2.5549 1.6913 -1.1807 -0.6603 -4.1152 -2.4593 -0.4468 8.4507 -4.5994 2.8332 -0.0585 1.9424 0.1152 -3.7635 2.1693 3.5540 -7.7180 0.1563 0.0017 -0.0149 -0.1049 0.6798 -10.7231 -3.9744 -0.6768 -10.7539 3.7653 -10.6485 13.2783 -7.4109 -47.8705 3.9432 -12.6099 -0.5560 -0.1820 -110.3187 2.4361 5.0181 6.2281 -15.1928 11.0776 16.0123 -60.3094 1.4701 2.2681 12.6335 15.6365 4.2560 62.3748 21.9395 10.9737 -0.6547 -1.4431 119.4464 -0.1439 3.6711 1.7739 14.8496 7.1395 -16.1186 49.6872 -3.3387 -5.4306 -1.9186 6.7750 2.0198 0.2010 18.1506 0.1342 -3.2065 -5.2567 6.6300 2.1704 -18.5031 -2.6351 1.9660 -32.2025 -3.1199 -0.1573 48.2032 -0.2128 4.1121 -4.8563 -3.7288 -1.3834 -4.3789 0.9274
-65.3679 100.6518 803.6412 -2.0569 7.0972 -7.8461 -2.0137 0.5445 -1.2790 -0.5221 -4.5513 -3.4506 0.7090 8.2775 -5.1298 3.3989 0.6667 1.7876 0.1833 -3.7094 2.6744 3.4184 -6.0735 0.9559 -0.0059 0.0112 -0.0384 0.6765 -10.7095 -3.9007 -0.6840 -10.7162 3.8245 -8.6401 13.2819 -7.5086 -49.9249 5.7462 -12.5998 -0.4466 -0.1496 -112.8887 3.0383 3.3485 6.5191 -15.1994 11.0624 15.8377 -60.4461 1.5113 2.2699 13.0521 15.9011 3.4750 62.6877 22.6730 9.0795 -0.2426 -1.2114 119.8499 0.8920 4.2331 1.1557 14.5987 7.2457 -16.0351 49.7783 -3.2105 -5.3221 1.4655 11.8020 5.3776 -0.0471 14.4950 0.2097 -4.8448 7.8929 4.9131 2.3428 -23.0975 -2.6841 5.4163 -30.6730 -4.5183 -0.1327 27.8389 -0.1775 5.3472 -2.0032 -4.4969 -1.4091 -4.3475 0.9924
-66.7008 101.2904 812.8715 -1.7152 7.3330 -7.9762 -2.2508 -0.2966 -1.2892 -0.5274 -4.9915 -4.2095 1.1381 8.2328 -5.3965 3.6997 1.1773 1.9068 0.3467 -3.6788 2.6989 3.1764 -4.7743 1.4900 -0.0111 -0.0185 0.0633 0.6995 -10.7407 -3.8027 -0.7160 -10.7439 3.9331 -7.0530 13.4370 -7.5040 -51.6856 7.9778 -13.5379 -0.1015 -0.1168 -115.1082 3.2629 1.6229 6.4560 -15.1215 11.0141 15.6953 -60.3456 1.5514 2.3804 12.7655 16.2513 3.0642 63.8855 23.2539 7.5964 -0.0201 -1.0106 120.4836 1.3847 3.7110 0.7944 14.4336 7.3994 -16.1540 49.8859 -3.1086 -5.1666 2.1607 15.0767 6.2446 -0.1595 15.2222 0.1078 -6.8370 17.0644 5.8221 2.0495 -16.9860 -2.2648 5.5041 -27.9794 -3.8736 -0.0673 9.4346 -0.1903 8.5882 -1.1104 -3.9972 -1.3393 -4.1737 1.1203
-67.9079 100.9202 822.3489 -0.9632 6.9884 -8.5311 -2.5380 -0.5576 -1.2083 -0.5829 -5.1559 -4.3152 1.3598 8.2470 -5.4733 3.7905 1.2482 2.0101 0.4091 -3.6917 2.9775 2.9274 -4.2221 1.7515 -0.0098 -0.0619 0.1553 0.6957 -10.7067 -3.7011 -0.7098 -10.7074 4.0160 -6.5182 13.6183 -7.2948 -52.7366 10.0546 -14.4493 0.3480 -0.1998 -116.5808 3.1373 0.2216 6.0970 -14.9244 11.0433 15.7734 -60.3343 1.5894 2.4358 12.6869 16.3937 3.1864 64.5247 23.6857 6.7219 -0.1257 -0.9560 121.3230 1.3122 2.7132 0.6220 14.3874 7.4661 -16.3449 49.8871 -3.0242 -5.2645 1.5209 16.2234 5.3889 -0.0724 21.0950 -0.0696 -8.7433 19.4045 8.0574 1.7686 -8.6667 -1.9988 5.3367 -26.8217 -3.5105 -0.0898 1.0082 -0.0780 13.0831 -2.1743 -2.9966 -1.2043 -3.9003 1.1929
-68.9113 99.4688 831.5846 -1.1212 5.9183 -9.2491 -2.0426 -0.1337 -1.0916 -0.4468 -5.0058 -4.1234 1.7009 8.5523 -5.1350 3.4550 1.0419 2.0414 0.3340 -3.6451 3.4068 2.8067 -4.7436 1.7063 -0.0078 -0.0440 0.2049 0.6846 -10.5872 -3.6288 -0.6940 -10.5932 4.0379 -6.5323 14.2147 -6.7836 -53.8126 10.8236 -15.1674 0.2848 -0.4196 -116.3271 3.1697 -1.3200 5.4056 -15.0348 11.0792 15.8011 -60.4416 1.5790 2.4834 12.4694 16.4868 3.6745 64.3147 23.2438 6.3677 -0.0991 -1.2476 121.7063 0.7123 1.2801 0.3574 14.5865 7.4022 -16.2951 50.1453 -2.8541 -5.3994 2.2801 15.2647 5.6196 0.0724 31.1417 -0.2619 -9.8031 16.3338 10.5475 1.7765 -5.7435 -2.0004 6.7459 -26.4030 -5.0209 -0.0243 3.9171 0.0153 16.4107 -2.9381 -2.0752 -1.0622 -4.1914 1.3124
-70.0050 97.3199 840.3909 -2.9940 4.4776 -9.9540 -0.1976 0.6537 -0.8106 -0.1633 -4.8424 -3.8049 2.3255 9.2014 -4.3091 2.7312 0.8355 2.1697 0.2101 -3.5499 3.1723 2.8547 -5.5324 1.4484 0.0004 -0.0020 0.1887 0.6652 -10.5186 -3.6356 -0.6568 -10.5190 4.0033 -7.5193 15.0237 -6.1996 -54.4459 11.0304 -16.0618 0.3610 -0.6427 -114.0613 3.0292 -1.8856 4.7738 -15.1605 11.0873 15.8577 -60.4736 1.5678 2.5951 12.5767 16.3284 4.6518 62.9669 21.9960 5.7559 0.0883 -1.7428 121.1378 0.4085 0.9176 0.2198 14.8038 7.2624 -16.3093 50.1150 -3.1254 -5.5864 6.1531 12.2213 8.2109 0.1975 43.3017 -0.5593 -10.0237 11.0022 12.5452 1.9017 -5.2557 -2.0609 9.6109 -26.9851 -6.6902 0.1821 15.9151 -0.2609 12.1191 0.5155 0.2983 -1.2025 -3.7712 1.2777
-71.2873 94.5426 849.0113 -5.5538 2.6207 -10.4702 1.6056 2.1039 -0.3395 0.3904 -4.3590 -3.0482 3.6834 9.6694 -3.5864 1.4269 0.7036 2.7313 0.1231 -3.5162 2.4928 2.9321 -8.4026 1.2083 0.0132 0.0156 0.0947 0.6749 -10.5302 -3.7504 -0.6434 -10.5470 3.9308 -8.7314 15.3079 -4.8557 -55.5568 11.1357 -17.0022 0.0517 -0.8446 -109.6461 2.7298 0.5381 4.5906 -15.0074 10.8774 15.8742 -60.2281 1.3695 2.4936 12.1764 15.9119 6.1080 60.8368 19.9458 5.1858 0.3862 -1.8947 119.4824 0.2814 1.4096 -0.6343 14.9998 7.1842 -16.2917 50.2025 -3.2459 -5.3051 11.3117 6.9586 10.3654 0.0568 56.7467 -0.8931 -9.1058 3.2031 13.2146 2.0824 -4.4212 -2.1765 13.0350 -28.8876 -6.0440 0.0447 34.0013 -0.3297 -0.9872 -6.1260 -0.7137 -1.4032 -1.0367 1.0572
-72.5323 92.5181 857.7265 -7.5205 1.6262 -10.0573 3.0017 2.9256 0.0305 0.7502 -4.0578 -2.3105 4.9491 10.4123 -3.0550 0.2148 0.1395 2.8276 -0.0194 -3.6155 2.1431 3.1977 -10.7714 0.3111 0.0039 -0.0106 0.0843 0.6811 -10.5403 -3.7559 -0.6725 -10.5504 3.9286 -10.7532 16.0444 -2.8699 -55.9394 10.0801 -17.9974 -0.3657 -0.5766 -103.4196 3.2186 9.4662 5.4452 -14.8761 11.0108 15.8461 -60.4887 1.5474 2.2244 12.0521 15.5087 7.6166 57.6971 16.8713 5.4596 0.5630 -1.5341 115.8727 -0.2651 4.9949 -1.9661 15.0377 7.3416 -16.1594 50.0955 -3.1600 -5.0425 14.0022 -0.3998 8.2054 -0.1252 67.9856 -1.1094 -7.3435 -4.0092 13.7650 2.1111 -4.1748 -2.2486 15.3602 -26.3498 -5.3783 -0.2712 42.7076 -0.4255 -4.6382 -15.3676 -2.0249 -1.4116 0.4036 0.9724
-73.6522 92.0009 866.1764 -7.3265 1.4669 -8.7499 3.4517 3.1249 0.2506 0.7100 -3.9200 -1.4377 4.7351 10.4887 -2.4047 0.0653 -0.1526 2.7277 -0.4248 -3.6173 1.3331 3.7168 -11.2314 -1.2306 -0.0092 -0.0020 -0.0072 0.6750 -10.5376 -3.8441 -0.6953 -10.5373 3.8390 -12.2600 16.4439 -1.4568 -55.8376 10.3244 -18.3751 -0.5360 -0.5291 -99.7027 5.2639 21.1851 7.4807 -14.9927 11.0905 16.0020 -60.4114 1.8065 2.0508 11.9163 15.2081 9.0496 55.1968 13.7188 5.1169 1.0546 -0.9502 112.3781 -0.3372 13.2818 -4.0304 14.8893 7.4864 -16.4107 49.8990 -2.9943 -5.2104 13.2614 -8.7461 3.4682 -0.1868 74.9514 -0.8842 -5.7177 -9.9961 14.4811 2.1522 -4.5421 -2.3578 14.5387 -20.5770 -4.5109 -0.2747 43.6294 -0.4947 -5.3239 -22.0238 -2.5834 -1.4320 0.7336 0.8924
-74.8663 92.7421 874.4653 -5.9890 1.6294 -7.4784 3.5271 3.2879 0.6584 0.5371 -3.9382 -0.3161 3.4910 9.8004 -1.4435 0.0557 -0.1497 2.6846 -0.7769 -3.5248 0.1655 4.3342 -11.1564 -3.1622 -0.0090 -0.0053 -0.0398 0.6768 -10.5563 -3.8690 -0.7013 -10.5679 3.7966 -12.0168 16.1553 -0.1066 -55.7007 12.2001 -18.0202 -0.9126 -0.7749 -101.7747 4.9177 21.1597 6.1777 -14.8765 10.8460 15.8039 -59.8934 1.7105 2.1767 10.3178 14.9647 10.3386 54.9369 12.3252 3.5564 1.2658 -0.5082 113.5865 -0.4035 13.4931 -4.2721 14.9097 7.5319 -16.5806 49.8765 -2.9716 -5.5584 10.9034 -17.2059 -0.8765 0.0253 76.3497 -0.2942 -4.9190 -13.7150 15.0534 1.9997 -4.7956 -2.3310 12.5427 -12.7304 -3.1512 -0.2022 39.4629 -0.3213 -4.8198 -24.8195 -3.6330 -1.4600 -0.3933 0.9407
-75.9745 94.5013 882.9024 -4.0776 1.8245 -6.4307 3.2168 3.0747 0.9316 0.3271 -3.9561 1.1204 1.9438 9.1315 -0.4381 -0.3129 0.2668 2.5991 -1.1948 -3.5771 -1.0453 5.0351 -10.6371 -5.2155 -0.0119 -0.0274 -0.0038 0.6845 -10.6235 -3.8224 -0.7179 -10.6367 3.8202 -12.0934 15.5538 0.8488 -54.5817 14.8480 -17.6051 -1.0826 -0.9995 -105.4518 2.9064 13.8142 3.8928 -14.8143 10.6945 15.5751 -59.9317 1.6467 2.1680 9.1369 15.0296 11.3101 54.7271 12.5870 2.2128 0.8617 -0.2410 117.4366 -1.3572 6.8116 -2.9457 14.9077 7.6073 -16.3775 50.1872 -2.9936 -5.4938 7.4964 -23.7520 -2.9793 0.0524 70.6931 0.0126 -4.7359 -15.5976 15.6290 1.8362 -5.4315 -2.2277 10.2935 -3.2193 -1.1798 -0.2483 31.0704 -0.3332 -3.8569 -21.3361 -5.0709 -1.4574 -4.1840 1.0624
-77.0381 96.8273 891.4097 -1.8509 2.0937 -5.6179 2.4647 2.4303 1.1270 0.0753 -4.0230 2.5239 0.4690 8.6667 0.3135 -0.9428 0.9833 2.6486 -1.5393 -3.6537 -2.0566 5.6724 -9.5505 -6.8381 -0.0004 -0.0399 0.1343 0.6863 -10.6557 -3.6737 -0.6975 -10.6807 3.9426 -12.4344 14.9637 1.4782 -53.7749 17.0837 -17.2051 -1.2069 -0.8993 -107.7133 1.8941 7.2193 2.9227 -15.0732 10.6037 15.7081 -60.3113 1.4701 2.2098 8.2216 15.2162 11.7881 54.6866 13.0056 1.9449 0.8035 0.1100 120.9707 -2.4002 0.2273 -1.7664 14.8128 7.6497 -16.2771 50.6572 -2.9705 -5.4722 3.1640 -27.6222 -2.6674 0.0480 58.7151 0.0747 -5.1237 -15.0801 15.6383 1.8093 -5.4992 -2.2183 7.5785 6.0976 -0.7191 -0.2567 22.3317 -0.4609 -2.8476 -11.6502 -4.6389 -1.4912 -13.0699 1.2150
-78.3396 98.9533 900.3398 -0.3291 2.5818 -4.8755 1.8497 1.4747 1.1576 -0.0899 -4.2230 3.3445 -0.6765 8.2597 1.0198 -1.3687 1.8319 2.6382 -1.7174 -3.6987 -2.8040 6.0154 -8.3448 -7.6168 0.0103 -0.0443 0.1962 0.7012 -10.6671 -3.6105 -0.6909 -10.7128 3.9981 -12.2030 14.6269 2.0346 -54.3797 18.3304 -16.7852 -1.3783 -0.8507 -108.2350 1.5708 3.8430 2.7747 -15.2751 10.4679 15.8497 -60.4716 1.4155 2.3318 7.2239 15.2068 11.7238 55.3450 13.3196 2.9638 1.1430 0.6183 123.2890 -2.5913 -2.8586 -1.4709 14.8001 7.5604 -16.1116 50.8123 -3.0173 -5.4098 -0.7301 -28.5827 -0.4357 0.1304 42.0455 0.1433 -5.8736 -13.2873 14.0267 1.7920 -4.7218 -2.2388 5.0664 13.4724 -1.8077 -0.1426 15.3716 -0.5007 -1.0354 2.6250 -2.3650 -1.6123 -23.9688 1.4167
-79.6465 100.3712 909.6990 -0.3561 3.0288 -4.2976 1.8304 0.5100 1.0954 -0.1512 -4.5867 3.4153 -1.0671 7.9476 1.7968 -1.4177 2.4220 2.5637 -1.8879 -3.6586 -3.1184 6.0636 -7.2461 -7.9735 0.0134 -0.0264 0.1786 0.7188 -10.7206 -3.6591 -0.7016 -10.7703 4.0076 -11.0686 14.7604 2.5354 -56.5702 18.8897 -16.6044 -1.4447 -0.6898 -107.9811 1.2711 2.1137 3.0615 -15.1317 10.3712 15.8727 -60.4043 1.4504 2.4820 5.9313 14.9483 11.2647 56.6541 13.9767 5.1642 1.1455 0.8838 124.5586 -1.8831 -3.1438 -1.6351 14.7904 7.5387 -16.0605 50.7670 -3.0066 -5.3839 -2.6578 -27.3651 1.8269 0.0550 23.8353 0.2023 -8.1498 -11.0059 10.0617 1.7083 -4.3748 -2.2899 4.1367 18.7646 -2.2407 -0.0371 11.4686 -0.4408 3.0854 16.6714 0.8815 -1.6408 -26.3969 1.4402
-81.0394 100.8317 919.3069 -1.7307 3.3284 -4.0866 2.2447 -0.2518 0.9715 -0.0546 -4.9217 3.2451 -0.7233 7.7197 2.1946 -1.2273 2.3304 2.4876 -2.0772 -3.6367 -3.2587 5.9079 -6.3224 -8.0253 0.0177 -0.0176 0.1727 0.7292 -10.7651 -3.6992 -0.7030 -10.8173 4.0318 -9.9971 15.2409 2.8564 -58.8916 18.8556 -16.2475 -1.4434 -0.3023 -107.7358 0.6205 0.7634 3.3998 -14.9031 10.4082 15.7203 -60.3840 1.4264 2.5058 5.1408 14.7051 10.9240 57.4751 14.5565 7.0648 0.9948 0.9071 125.5426 -1.0696 -2.8258 -1.8801 14.6495 7.5133 -16.0807 50.5307 -2.9548 -5.2919 -2.2080 -26.5313 2.0936 -0.1728 10.0558 0.0230 -10.9857 -9.0352 6.6724 1.5204 -4.8752 -2.3691 5.6509 21.0218 0.2474 -0.1324 12.9274 -0.3348 9.1065 25.2437 2.8425 -1.2649 -15.2509 1.0797
-82.3717 100.3378 928.7814 -2.5466 3.2575 -3.9653 2.1840 -0.4898 0.8268 -0.0342 -4.9933 3.0819 -0.4561 7.6340 2.0424 -1.0211 1.8408 2.4881 -2.0340 -3.7365 -3.7972 5.8494 -5.9220 -7.8982 0.0183 -0.0297 0.1189 0.7343 -10.7042 -3.7352 -0.7076 -10.7579 3.9589 -10.1649 15.4220 2.7475 -59.7670 18.6840 -15.7559 -1.1634 -0.0208 -107.6632 -0.1920 -0.6916 3.4539 -14.7137 10.7046 15.8308 -60.3865 1.5495 2.5514 5.4473 14.4355 10.8507 57.2015 14.6157 7.1502 1.4294 0.7175 126.2819 -0.8971 -3.0104 -1.9811 14.5006 7.3946 -16.0866 50.2372 -2.9535 -5.2513 -1.3145 -26.9856 0.4671 -0.1380 5.5063 -0.1118 -12.6025 -8.2472 6.6200 1.3958 -5.1875 -2.3587 6.4397 20.4117 2.0455 -0.2963 20.2426 -0.2485 11.8735 25.7290 2.2636 -1.1058 -7.6504 0.9772
-83.4592 98.8501 938.0492 -1.8922 2.5049 -3.9272 1.2695 -0.2429 0.7927 -0.2106 -4.8697 2.8550 -0.6576 7.8829 1.5053 -0.7800 1.4569 2.3742 -1.9173 -3.7591 -4.0449 5.9799 -5.8345 -7.8667 0.0141 -0.0117 0.1455 0.7311 -10.6856 -3.6995 -0.7122 -10.7263 3.9758 -11.5735 15.3452 1.9891 -58.9881 18.0718 -15.2640 -0.6655 0.0343 -107.4577 -0.7330 -1.8603 3.2205 -14.6304 10.9758 16.0861 -60.4520 1.6920 2.6702 6.2252 14.3137 10.7203 56.9449 14.6392 6.6984 1.7464 0.3859 125.7885 -1.4212 -2.8141 -1.6371 14.6319 7.3690 -16.1622 50.4275 -2.8838 -5.4223 -1.8069 -27.6211 -0.7509 -0.0424 10.7010 -0.1678 -13.0857 -7.4844 7.0765 1.4600 -5.5001 -2.3715 3.9535 18.0997 0.4144 -0.3191 32.0092 0.0825 11.5709 21.3496 0.7864 -1.2298 -5.7767 1.0085
-84.4085 96.7473 947.6962 0.6887 1.4124 -4.2706 -0.7456 0.2848 0.5643 -0.5648 -4.6812 2.6757 -1.4208 8.4123 0.8266 -0.6606 1.1387 2.3779 -1.7718 -3.6713 -3.6865 5.8651 -5.7251 -7.5664 0.0213 -0.0159 0.1347 0.6975 -10.6545 -3.7048 -0.6654 -10.7081 3.9558 -14.3109 14.4179 0.8143 -56.2352 17.4244 -14.7132 -0.1942 0.0464 -106.1760 -0.7014 -3.2454 2.6115 -14.7781 10.8500 16.0166 -60.4225 1.7495 2.6580 7.3826 14.1568 10.4895 56.5968 15.3029 6.9262 1.3013 -0.0263 123.8059 -2.0439 -2.3570 -1.3636 14.7357 7.4863 -16.1993 50.4802 -2.7072 -5.6571 -4.7784 -28.3817 -0.8273 -0.1545 21.3733 -0.0471 -6.6219 -1.5551 6.0519 1.6991 -4.1171 -2.1867 -2.3734 13.9776 -3.7369 -0.1888 45.6168 0.5799 10.0260 15.3409 -0.1679 -1.3094 -5.1870 1.0280
-85.3237 93.9804 956.4422 3.7777 -0.1605 -5.0056 -2.2911 1.4378 0.4361 -1.0127 -4.3475 2.4176 -3.2418 8.8904 -0.0539 -0.1080 1.2404 2.4839 -1.6785 -3.6623 -3.1782 5.5180 -8.2498 -7.3094 0.0468 0.0198 0.2035 0.7438 -10.6207 -3.6458 -0.6645 -10.6892 4.0289 -16.1323 14.1278 -0.6873 -52.8260 15.1439 -15.2727 -0.3105 -0.3940 -103.2742 0.0951 -3.1184 1.8137 -14.7723 10.9584 16.0855 -60.4100 1.7439 2.4486 7.7594 14.3178 9.7906 57.4960 15.1055 7.1501 1.3251 -0.2108 120.5719 -2.7811 -0.9663 -1.2819 14.7655 7.4488 -16.3372 50.0568 -2.8872 -5.5405 -9.1254 -29.5645 -1.1307 0.0145 36.4923 -0.0195 -0.2170 -8.5163 9.0118 1.5929 -1.1680 -1.9629 -8.8264 8.1328 -5.4548 0.1877 59.4860 0.9943 8.5942 8.4423 0.3119 -1.3856 -4.8911 1.0358
-86.4318 92.6003 964.2962 5.8806 -1.2772 -6.3760 -3.0888 2.0640 0.3455 -1.3338 -4.0314 2.1655 -4.8203 9.4723 -0.8277 0.0185 1.1418 2.6433 -1.6966 -3.5848 -2.2352 5.4505 -9.6345 -6.8667 0.0454 0.0451 0.2007 0.7451 -10.5815 -3.6628 -0.6696 -10.6523 4.0459 -17.8278 14.3158 -1.9717 -48.0884 12.6958 -17.9605 -0.0789 -0.3626 -98.4077 -0.0350 2.6119 1.5671 -14.6958 11.1398 16.0974 -60.1871 1.7244 2.3647 7.9928 15.2122 8.7925 59.7282 14.1628 8.1735 0.9559 0.0060 115.6603 -4.0447 2.1821 -1.4283 14.7264 7.3979 -16.2907 49.8403 -3.1468 -5.3938 -12.1769 -26.1302 -0.2888 0.1780 43.5357 0.1225 0.8328 -17.0951 11.0937 1.5739 -0.1301 -1.9977 -12.2896 0.8557 -3.5539 0.5318 70.0242 1.2750 6.7461 2.6026 0.3194 -1.4914 -5.1978 1.0848
-87.6881 92.3649 971.6508 5.9373 -1.6408 -7.8968 -3.2917 2.2974 0.0956 -1.3356 -3.9364 1.4561 -4.7604 9.4407 -1.3898 -0.5184 1.2287 3.0926 -1.4728 -3.5607 -1.4104 5.1484 -9.3697 -5.7902 0.0339 0.0338 0.1527 0.7237 -10.6123 -3.7184 -0.6700 -10.6822 4.0153 -17.3168 14.3362 -2.9926 -45.7379 10.6572 -20.4934 -0.1384 -0.2218 -95.9111 -1.6701 11.5169 2.2318 -14.7739 11.1984 16.0176 -59.9318 1.6905 2.2642 7.5475 15.9762 8.0520 61.9763 14.3918 8.9433 0.4116 0.1390 112.6419 -4.5870 5.0234 -2.2926 14.7535 7.4220 -16.1827 49.6068 -3.2776 -5.1452 -12.2247 -20.1136 -0.3828 0.1621 44.2497 0.1561 0.8067 -23.2131 12.3463 1.5844 0.2541 -2.0283 -12.2370 -7.2445 -0.6962 1.1201 76.0398 1.6941 5.4368 -2.4679 -0.3776 -1.4800 -5.1575 1.0932
-89.0673 92.9850 978.9923 4.8699 -1.4487 -8.7982 -3.3945 2.4106 -0.4028 -1.1534 -3.9214 0.4896 -3.8927 8.7457 -2.2930 -0.6842 1.2470 3.3489 -1.1446 -3.5447 -0.6602 4.6963 -9.0455 -4.4247 0.0163 0.0062 0.0361 0.7196 -10.6698 -3.8376 -0.7001 -10.7277 3.9108 -14.6021 14.0337 -3.6885 -45.9743 8.9006 -20.2717 -0.5273 -0.2300 -98.5584 -2.6620 13.8133 2.5924 -14.8527 11.1336 15.9571 -60.0033 1.6527 2.2287 7.6529 15.8835 7.2373 62.6032 16.8639 9.4696 -0.0704 -0.0618 113.2293 -2.9133 5.4358 -2.2758 14.6741 7.4129 -16.2724 49.4144 -3.4561 -5.1722 -10.8789 -12.6731 -1.1486 0.1777 40.6554 0.1689 0.4713 -26.0901 13.1386 1.6352 -0.3752 -2.0326 -10.2089 -15.3489 0.5832 1.3045 76.5276 1.5569 5.2580 -6.4892 -0.9019 -1.4275 -4.8978 1.0473
-90.4140 94.5078 987.2583 3.1504 -0.9324 -9.2325 -3.2558 2.1405 -0.8246 -0.9511 -3.9680 -0.5816 -2.5924 8.1099 -3.2482 -0.5026 1.2247 3.1882 -0.6995 -3.6170 -0.2386 4.2064 -8.2479 -2.9943 -0.0056 -0.0068 -0.1221 0.7059 -10.6519 -3.9887 -0.7247 -10.7015 3.7523 -12.2864 13.6485 -4.6451 -46.5362 8.0912 -18.2733 -0.5919 -0.1039 -102.9917 -2.6326 10.9549 3.1174 -14.9849 11.0967 15.9052 -59.9974 1.5550 2.2498 8.8343 15.4001 5.9151 61.6396 19.7559 9.0832 0.0498 -0.3334 114.9426 -0.2584 3.8566 -1.5469 14.5464 7.3973 -16.2965 49.3559 -3.4522 -5.1330 -8.7288 -4.4673 -1.6552 0.2930 34.3242 0.2137 0.1324 -24.2511 12.6310 1.7228 -2.9089 -2.1598 -6.4371 -21.7291 -0.1732 0.4903 70.6045 0.5017 5.2603 -8.9329 -2.9171 -1.3857 -4.6741 0.9689
-91.9605 96.5763 995.5897 1.1281 -0.0989 -9.4457 -2.8337 1.3588 -1.0478 -0.7285 -4.1862 -1.6742 -1.2367 7.7849 -4.2489 -0.0026 1.3858 2.8469 -0.3688 -3.7119 0.6349 3.7245 -7.0885 -2.0184 -0.0081 -0.0169 -0.1322 0.7118 -10.6655 -3.9954 -0.7320 -10.7068 3.7377 -10.6280 13.2212 -5.4669 -47.2896 7.9864 -15.9338 -0.7403 0.1096 -106.4961 -1.9200 7.8467 3.6227 -15.0997 11.0918 15.9136 -60.0382 1.4630 2.2584 10.4677 15.2091 4.7470 60.4172 21.9837 8.1455 0.1984 -0.6590 116.3541 1.9514 2.2808 -0.9556 14.5575 7.2638 -16.2847 49.3188 -3.3501 -5.2755 -5.7776 3.1623 -0.6447 0.3078 27.7723 0.2570 -0.3585 -17.1825 10.9325 1.8786 -9.2069 -2.4075 -1.7262 -25.2563 -2.0759 -0.0143 58.1239 -0.0905 5.5265 -9.0672 -5.2287 -1.3896 -4.9892 0.9044
-93.6000 98.6580 1004.1417 -0.6533 0.7798 -9.6424 -2.2372 0.3245 -1.1550 -0.6175 -4.5543 -2.6421 -0.0400 7.7037 -5.0369 0.5046 1.8410 2.5552 -0.2200 -3.7329 1.1938 3.4624 -5.7092 -1.1886 -0.0101 0.0070 -0.0906 0.6965 -10.6704 -3.9512 -0.7167 -10.7012 3.7762 -9.2825 13.2217 -5.8778 -48.4795 8.2033 -14.6707 -0.5980 0.2582 -108.5898 -1.1552 6.2775 4.1925 -15.2036 11.1040 15.8790 -60.2019 1.4649 2.2150 11.4018 15.4671 3.7839 60.1944 23.1706 7.2640 0.4092 -0.7451 117.0930 3.1388 1.2136 -0.9064 14.5912 7.1834 -16.0706 49.5349 -3.2851 -5.3005 -2.5921 9.2714 1.4632 0.2234 22.6201 0.3756 -0.9317 -6.5242 8.6241 2.1530 -17.6451 -2.6967 2.6288 -25.6442 -4.1631 -0.1138 40.6001 -0.1264 5.9902 -7.7520 -6.9035 -1.4397 -5.1537 0.9549
-95.1906 100.0315 1012.9987 -1.4639 1.4388 -9.6526 -1.9059 -0.6853 -1.1897 -0.5747 -5.0733 -3.4854 0.6935 7.7067 -5.5941 0.9023 2.5773 2.4415 -0.0952 -3.6376 1.3258 3.2093 -4.3038 -0.3903 -0.0142 0.0357 -0.0344 0.6900 -10.6530 -3.8956 -0.7150 -10.6761 3.8335 -7.6956 13.5048 -6.0181 -50.4932 8.5675 -14.5306 -0.3833 0.1363 -109.9334 -0.5505 5.0930 4.9181 -15.1212 11.1564 15.6997 -60.2653 1.5375 2.1156 10.9894 16.0551 2.9826 61.5357 23.8684 6.7941 0.6110 -0.7677 117.7297 3.7100 0.2592 -1.0133 14.5538 7.2521 -15.9145 49.7307 -3.2140 -5.1154 -0.4078 13.7730 3.0634 0.0419 19.7633 0.4528 -1.7099 5.2824 7.2541 2.4195 -23.2196 -2.8500 5.2021 -23.6520 -5.7964 -0.0083 20.2540 -0.0877 7.3339 -5.4893 -6.1640 -1.4353 -5.0200 1.0369
-96.6001 100.3399 1021.6197 -0.9313 1.7427 -9.7280 -2.2106 -1.4895 -1.0721 -0.6278 -5.4675 -3.9708 0.9549 7.7161 -5.8665 1.2928 3.1091 2.5800 -0.0079 -3.5989 1.3906 2.9499 -2.9581 0.0619 -0.0050 0.0118 0.0744 0.7201 -10.6448 -3.7887 -0.7253 -10.6671 3.9421 -6.7279 13.6684 -6.0809 -52.0964 9.5300 -15.3641 0.1925 -0.0205 -111.2817 -0.2580 3.8235 5.6522 -14.9408 11.1593 15.6290 -60.1705 1.6122 2.1751 10.3289 16.4204 2.6672 62.8204 24.6161 6.2208 0.7365 -0.7013 118.5990 3.9335 -0.9444 -1.1437 14.3654 7.2969 -15.9762 49.5904 -3.1468 -5.0050 -0.6367 16.3760 2.5794 -0.0446 20.8603 0.3810 -3.1830 13.8579 7.8829 2.3377 -20.7729 -2.5739 5.5317 -22.0174 -6.2093 0.1391 4.1663 -0.0556 10.6674 -3.1897 -3.8273 -1.3100 -4.6575 1.1016
-97.9411 99.7464 1030.1951 -0.2887 1.5066 -9.7445 -2.4081 -1.6364 -0.8964 -0.6635 -5.5064 -3.9972 1.0680 7.7803 -5.9201 1.6581 3.0416 2.6383 -0.0809 -3.6070 1.6972 2.6955 -2.2067 0.1882 0.0033 -0.0230 0.1259 0.7241 -10.5848 -3.7242 -0.7121 -10.6058 3.9759 -7.0822 13.6990 -6.2895 -52.4904 10.2021 -15.9568 0.5164 -0.3122 -112.2995 -0.2391 2.8138 6.0082 -14.7904 11.1683 15.7294 -60.1800 1.6444 2.2037 10.5189 16.4571 2.9460 62.5085 25.1241 5.3340 0.6683 -0.6235 119.3322 3.9381 -2.0148 -1.0674 14.2985 7.2720 -16.1792 49.4134 -3.1143 -5.1022 -1.2529 16.3679 1.7822 -0.0223 27.4618 0.3079 -5.1890 16.7215 9.3000 2.0467 -12.5154 -2.2075 5.5459 -22.2920 -6.4718 0.1342 -0.9770 0.0895 14.0326 -2.9308 -2.5242 -1.2099 -4.2457 1.1339
-99.2533 98.0368 1038.7388 -0.9962 0.6029 -9.4394 -1.6146 -1.1004 -0.7769 -0.4174 -5.2404 -3.9457 1.4787 8.2569 -5.3704 1.6789 2.3860 2.5686 -0.2296 -3.5987 2.0569 2.5616 -2.2849 -0.3290 0.0079 -0.0133 0.1311 0.7228 -10.4683 -3.6931 -0.7016 -10.4969 3.9492 -8.0878 14.0291 -6.6196 -52.5133 9.6289 -16.6613 0.4035 -0.6114 -112.0313 -0.1543 1.4916 5.8944 -14.9611 11.0848 15.7357 -60.2266 1.6334 2.3448 11.0821 16.1841 3.6759 60.5042 24.9112 4.2630 0.4853 -0.7467 119.2473 3.6564 -3.3701 -1.0559 14.4717 7.2003 -16.1367 49.6425 -2.8368 -5.3050 0.5376 13.9377 2.8839 0.0587 38.7310 0.1058 -6.2726 13.8666 11.3252 1.9593 -7.5614 -2.1253 6.5560 -22.7114 -7.1395 0.1795 3.3602 0.0576 13.9446 -1.4933 -2.3741 -1.1434 -4.5179 1.3001
-100.6328 95.6978 1047.3703 -3.9189 -0.4534 -9.2390 0.7668 -0.2288 -0.6337 -0.0242 -5.1397 -3.4425 2.3947 9.1798 -4.5565 1.2760 1.5534 2.5511 -0.3165 -3.5308 1.7919 2.6079 -2.9800 -0.8767 0.0090 0.0057 0.0766 0.7137 -10.4486 -3.7490 -0.6890 -10.4571 3.8898 -9.8437 14.2455 -6.7344 -52.0601 9.0656 -17.9193 0.6687 -0.5828 -110.2797 -0.3943 1.5983 5.7067 -15.1280 11.0100 15.8247 -60.1179 1.6152 2.6421 12.1772 15.7165 5.0980 56.8821 23.8397 2.7924 0.3250 -1.0295 117.8158 3.4418 -3.2699 -0.9769 14.6581 7.2271 -16.2411 49.8121 -3.0356 -5.4744 6.0715 9.3401 5.9390 0.0371 51.5122 -0.2643 -6.7393 8.2030 12.3068 1.9553 -6.3597 -2.1406 9.9678 -25.2302 -7.5490 0.2904 17.0375 -0.3916 3.3833 5.7569 -1.0835 -1.3938 -3.1336 1.1562
-102.0173 92.7265 1054.3512 -6.7706 -2.3089 -9.3231 2.1260 1.4914 -0.3594 0.5795 -4.4662 -2.7935 4.2656 9.8412 -3.8813 0.3313 1.1886 3.0292 -0.5011 -3.5674 1.1744 2.6954 -7.1494 -0.8872 0.0093 -0.0112 0.0423 0.7437 -10.5424 -3.8020 -0.7212 -10.5413 3.8825 -10.4495 14.5829 -5.1978 -53.3878 7.4514 -19.3325 0.3282 -0.4360 -106.8319 -0.6089 4.7258 5.3398 -14.9768 10.7482 15.7143 -59.8432 1.4748 2.5395 11.5398 15.2941 6.9247 53.8081 21.4480 2.8912 0.3816 -0.7812 115.0135 2.5322 -2.0030 -2.0294 14.6120 7.2302 -15.9834 49.8730 -3.0680 -5.1567 11.2279 3.9742 6.9512 -0.0950 63.9722 -0.5819 -6.6869 -1.1686 11.3728 1.9720 -4.7588 -2.1700 13.9618 -28.7334 -7.1432 -0.1541 36.7923 -0.2421 -3.7262 -3.8715 -4.1937 -1.4285 -0.4340 1.0379
-103.1489 91.3715 1060.9694 -7.9243 -3.4644 -8.2816 2.6337 2.3896 -0.2639 0.7230 -4.1290 -2.2194 4.9352 10.6657 -3.5071 0.4495 0.9866 2.7007 -0.5631 -3.5594 0.9510 2.7332 -8.9772 -1.3969 -0.0070 -0.0012 0.0377 0.7222 -10.5237 -3.8003 -0.7349 -10.5141 3.8833 -11.4747 15.4181 -4.1943 -54.1865 6.0523 -19.9809 -0.0465 -0.2392 -101.5264 0.5872 9.9415 5.4787 -15.0376 10.7655 15.7117 -60.0886 1.5835 2.2312 12.1104 15.0657 8.4673 50.4148 17.7428 4.7525 0.5173 -0.4909 109.6828 2.2311 4.6770 -3.6731 14.4530 7.5353 -16.1632 49.5822 -3.0420 -5.1757 12.7065 -2.5778 3.7159 -0.2227 72.9321 -0.7409 -5.5357 -7.5014 12.0754 2.0841 -4.5395 -2.2964 15.1977 -26.1081 -7.8706 -0.3212 44.5741 -0.3961 -4.9413 -12.5601 -4.5679 -1.4260 0.5390 0.9287
-104.5390 91.0812 1067.2894 -7.4968 -3.8088 -6.8753 2.6928 2.7903 -0.0927 0.5448 -3.9253 -1.5663 4.3174 10.6128 -2.9303 1.0392 1.1428 2.5080 -0.8337 -3.5010 0.2398 2.9739 -9.2444 -2.3710 -0.0177 0.0039 -0.0559 0.7078 -10.5028 -3.8852 -0.7440 -10.4939 3.7856 -12.1931 15.6239 -3.6109 -54.2746 7.0660 -19.9940 -0.1586 -0.0851 -98.0734 1.4381 14.9855 6.0873 -14.9886 10.9827 15.8520 -60.1700 1.8308 2.1379 12.1664 14.7818 9.9234 48.8842 14.3250 6.3776 0.9648 -0.1506 106.2907 2.7661 12.3696 -5.0031 14.7132 7.6514 -16.5388 49.5604 -3.0018 -5.4900 12.1059 -10.2734 -0.2013 -0.4746 77.6707 -0.8089 -4.3698 -11.8955 12.8645 2.0955 -4.7886 -2.3754 14.1891 -21.3831 -8.1587 -0.3170 46.6041 -0.4762 -4.6419 -19.2340 -4.8545 -1.4322 0.8017 0.9018
-105.7840 91.8049 1074.0486 -6.6355 -3.7281 -6.0352 2.8492 3.0573 0.2937 0.3610 -3.8316 -0.5873 3.3290 10.0135 -2.1011 1.0077 1.2892 2.5040 -1.0392 -3.4025 -0.3633 3.2808 -9.3852 -3.6468 -0.0175 0.0156 -0.0495 0.7114 -10.5226 -3.8845 -0.7503 -10.5274 3.7956 -12.9530 15.4728 -2.7270 -53.1718 9.5985 -19.6286 -0.2498 -0.0284 -97.7557 1.1080 16.6902 5.5519 -14.8768 10.9683 15.8648 -60.0542 1.8028 2.1956 10.6627 14.4747 11.2722 49.5848 11.7778 6.8177 1.2505 0.2108 107.0039 2.8090 12.5435 -5.3004 14.8439 7.5931 -16.6408 49.5291 -2.9529 -5.6564 10.9625 -18.0886 -2.7479 -0.2763 77.5454 -0.3885 -4.1826 -14.0664 12.3686 1.9313 -5.1865 -2.3043 12.7421 -15.4673 -7.1682 -0.3304 44.4957 -0.4381 -3.5193 -22.9713 -5.7756 -1.4466 0.0295 0.9268
-106.9755 93.5735 1081.4667 -5.3321 -3.5935 -5.7076 2.7751 3.0575 0.7102 0.1619 -3.8062 0.6924 2.1900 9.4727 -1.2278 0.4954 1.5901 2.4924 -1.2179 -3.5009 -1.0229 3.7459 -8.9969 -4.8943 -0.0181 -0.0010 -0.0329 0.7062 -10.5540 -3.8602 -0.7493 -10.5679 3.8030 -13.9239 15.2016 -1.8132 -51.4403 12.4534 -18.6831 -0.4292 -0.1252 -98.5200 0.5089 15.5602 4.1530 -14.8725 10.9357 15.9014 -60.1222 1.6200 2.2400 8.9281 14.3865 12.4996 50.8467 10.0041 6.6353 1.3494 0.5072 109.6893 2.0266 8.0331 -4.9670 14.8418 7.5695 -16.5417 49.6528 -2.9140 -5.5507 8.8331 -24.0768 -3.3698 0.0117 71.7459 0.0121 -4.5903 -14.6439 12.3821 1.7986 -5.5971 -2.1809 10.9053 -8.1504 -5.5811 -0.2888 38.6985 -0.3105 -2.2006 -22.6766 -6.7409 -1.4428 -1.9740 0.9998
-108.2511 96.0012 1089.6304 -3.7261 -3.4300 -5.5356 2.4064 2.7514 0.9975 -0.0372 -3.8047 2.0065 0.9426 8.9877 -0.3642 0.1626 2.2157 2.4602 -1.4131 -3.6690 -1.6219 4.0615 -8.2623 -5.9727 -0.0115 -0.0312 0.0231 0.7113 -10.6081 -3.7987 -0.7428 -10.6293 3.8486 -14.6473 14.9760 -1.0772 -50.0183 14.8713 -17.6256 -0.5605 -0.1965 -98.5001 0.3475 13.7815 2.8629 -15.1126 10.8479 15.8982 -60.3308 1.5087 2.1967 7.6684 14.4237 13.3212 51.9388 9.0655 6.4832 1.5712 0.7856 112.6301 0.6293 2.8494 -4.2813 14.6449 7.5115 -16.3052 49.7453 -2.9071 -5.3775 5.7334 -27.5464 -2.5744 0.1068 60.5785 0.1054 -4.4862 -13.2553 13.1406 1.7775 -5.9923 -2.1591 8.6754 -0.4290 -4.1532 -0.2617 31.3956 -0.2899 -0.9180 -17.5008 -7.0894 -1.4494 -6.5673 1.0674
-109.5868 98.4984 1097.9935 -2.4656 -3.2392 -5.3397 1.9869 2.1292 1.1163 -0.2084 -3.9517 2.9028 -0.0048 8.6033 0.4421 -0.1085 3.2793 2.4319 -1.5310 -3.7407 -2.2583 4.3222 -7.3337 -6.7112 0.0008 -0.0342 0.0796 0.7241 -10.6167 -3.7352 -0.7318 -10.6457 3.8971 -14.4530 14.8828 -0.2824 -50.0645 16.6092 -16.6638 -0.6957 -0.1365 -97.5398 0.6004 12.6440 2.3565 -15.1882 10.7986 16.0676 -60.4135 1.4676 2.3097 6.5497 14.4188 13.6221 53.3562 8.8917 6.9515 1.9075 1.0561 114.8440 -0.2155 -0.0976 -4.0315 14.5774 7.4882 -16.2343 49.8571 -2.8892 -5.4591 2.8586 -27.9929 -1.3656 0.1691 45.1850 0.2014 -3.9805 -10.9085 13.5500 1.7854 -5.5676 -2.1738 6.4234 6.7570 -4.1645 -0.2039 24.6220 -0.3205 0.3901 -8.1718 -6.0245 -1.5061 -14.3044 1.2329
-110.7153 100.5058 1106.4919 -2.4201 -3.1003 -5.1086 1.9823 1.3158 1.0739 -0.2750 -4.2343 3.0475 -0.3234 8.1546 1.3406 -0.0729 4.6489 2.2974 -1.5989 -3.7253 -2.7648 4.3218 -6.2725 -6.9196 0.0024 -0.0058 0.0567 0.7493 -10.6536 -3.7786 -0.7533 -10.6773 3.8926 -12.9645 15.1004 0.6169 -51.8951 17.6778 -15.8008 -0.8541 -0.1044 -96.3736 1.0115 12.5859 2.6698 -15.0674 10.9353 16.3693 -60.3787 1.5283 2.5011 5.5551 14.3220 13.3093 55.1132 9.6674 8.5335 1.8128 1.1050 116.3273 -0.0149 -1.0574 -4.1191 14.5940 7.5169 -16.2113 50.0185 -2.7885 -5.5544 1.6065 -26.0754 -0.1949 0.0495 27.8251 0.1488 -4.4034 -9.0962 12.2002 1.7313 -4.9221 -2.1774 5.3423 12.4020 -4.3184 -0.1303 19.9762 -0.3774 2.3366 3.4541 -4.2433 -1.6540 -22.1729 1.4619
-112.0972 101.8575 1114.7607 -3.8886 -3.1280 -4.8464 2.4998 0.3726 0.8411 -0.1662 -4.6031 2.8001 0.1235 7.7733 1.7874 0.2830 5.9642 2.0799 -1.7478 -3.6486 -3.0347 4.0216 -5.0650 -6.6875 0.0037 0.0177 0.0429 0.7703 -10.6838 -3.8183 -0.7703 -10.7071 3.8990 -10.8516 15.7921 1.5663 -54.5742 18.1023 -14.6202 -1.2251 -0.0231 -95.7042 1.5986 12.6489 3.5531 -14.7348 11.0859 16.4966 -60.1598 1.5177 2.6264 5.0909 14.3395 12.7149 56.5754 10.8773 10.6467 1.4701 1.0059 117.4154 0.7955 -1.5878 -4.0860 14.4899 7.5519 -16.1788 50.0488 -2.7396 -5.4273 2.2248 -23.5308 0.4643 -0.1955 12.6408 -0.0818 -6.2389 -8.0730 9.9490 1.5630 -5.0749 -2.2094 6.2977 15.9959 -2.9112 -0.0945 18.8720 -0.3711 6.4348 14.9346 -1.7286 -1.7179 -24.4247 1.5020
-113.1006 102.4784 1122.6965 -5.3812 -3.3920 -4.6019 2.7837 -0.3189 0.5257 0.0007 -4.9255 2.4775 0.7074 7.6041 1.6902 0.8101 6.7956 1.9066 -1.9426 -3.6157 -3.2384 3.6971 -3.7822 -6.3661 0.0078 0.0053 0.0256 0.7691 -10.6613 -3.8341 -0.7595 -10.6921 3.8748 -9.5155 16.2723 2.2152 -56.3655 18.7747 -13.1633 -1.6015 0.0583 -95.9282 2.0837 12.0041 4.2999 -14.3632 11.1525 16.4388 -59.8620 1.5166 2.7279 5.6726 14.4657 12.2916 57.3135 11.8869 11.6419 1.5022 0.9245 118.4135 1.5460 -2.3393 -3.6968 14.3575 7.4587 -16.1627 49.7097 -2.9163 -5.2624 2.6860 -21.7593 1.0377 -0.2014 3.9324 -0.1137 -8.0046 -7.1981 9.2315 1.4443 -5.3820 -2.2244 7.4471 16.6114 -0.8060 -0.1684 23.0105 -0.1378 13.8266 22.8799 2.5076 -1.4244 -16.0512 1.1908
-114.0846 102.0125 1130.0630 -6.0318 -4.1181 -4.4641 2.7445 -0.4266 0.2436 0.0394 -5.0936 2.2380 0.9560 7.6179 1.1698 1.0993 7.2275 1.8866 -1.9973 -3.6498 -3.4449 3.4293 -3.0932 -6.0026 0.0103 0.0063 0.0596 0.7656 -10.6233 -3.7807 -0.7509 -10.6465 3.8836 -9.1334 16.5756 2.5535 -56.7511 19.7582 -12.3893 -1.5578 0.0308 -97.1774 1.7994 10.8360 4.8375 -14.1106 11.3067 16.4169 -59.6991 1.6134 2.6561 6.2448 14.7061 12.0038 58.3333 12.7304 11.3965 1.8746 0.8456 119.2982 1.8562 -3.1127 -3.1155 14.3673 7.4111 -16.1099 49.5512 -2.9813 -5.0973 2.2794 -20.0516 1.2600 -0.1146 1.8052 0.0109 -9.0705 -7.7858 9.9117 1.4308 -5.2416 -2.2369 7.2863 14.9901 0.1862 -0.2786 31.7265 0.0837 19.6279 24.2707 5.6818 -1.1953 -8.3335 1.0578
-114.9096 100.3441 1137.0787 -5.5908 -5.0509 -4.6344 2.2525 -0.1855 0.1592 -0.0771 -5.1128 2.1344 0.9295 7.6132 0.4821 0.9439 7.2647 2.0936 -2.0450 -3.6519 -3.7325 3.2966 -2.6965 -5.7180 0.0061 0.0066 0.0789 0.7636 -10.6419 -3.7655 -0.7575 -10.6522 3.9013 -9.5386 16.6733 2.4341 -56.1296 20.6761 -12.2589 -1.1799 0.0629 -98.9001 0.6320 9.8336 5.3161 -14.1169 11.5158 16.5823 -59.9750 1.7719 2.5926 6.3072 15.0016 11.5573 59.8927 13.7444 10.6726 2.0113 0.5402 119.6555 1.9999 -3.9936 -2.7796 14.5756 7.3956 -16.0914 49.9393 -2.8821 -5.1417 0.9389 -18.0161 0.8765 -0.0517 3.9159 0.0945 -9.8198 -9.0959 10.9121 1.4324 -5.3991 -2.3091 4.8363 11.6966 -1.1508 -0.2349 43.4100 0.2408 18.1242 20.1401 3.2822 -1.2190 -6.1554 1.0331
-115.5006 97.9110 1144.0001 -3.8583 -5.9014 -4.9302 0.7618 0.2286 0.2461 -0.2477 -4.9250 1.7561 0.9727 7.6557 0.0297 0.4998 6.7038 2.3468 -2.1109 -3.5370 -3.4329 3.0179 -2.5425 -5.6458 -0.0030 0.0396 0.0134 0.7120 -10.6505 -3.8514 -0.7247 -10.6756 3.8626 -11.3177 16.0685 1.4435 -54.1275 21.4119 -12.1354 -0.7674 -0.0480 -99.9338 -0.6818 8.6499 5.7717 -14.1717 11.6356 16.9085 -60.3298 1.8803 2.8016 6.7828 14.8810 11.1363 60.5560 14.9562 9.1613 1.8996 0.0417 119.1005 2.1352 -4.9355 -2.8042 15.0193 7.4056 -16.1166 50.5503 -2.6606 -5.3518 -1.5902 -17.2004 -0.0420 -0.1370 9.2313 0.1318 -7.5491 -5.9388 10.0648 1.5879 -5.5075 -2.3438 0.1390 6.8198 -3.7116 0.1515 55.9192 0.5186 13.6750 13.7477 -1.5992 -1.3308 -5.2580 1.0132
-116.1202 95.0719 1150.2205 -0.3316 -7.1315 -4.6625 -1.6657 1.4287 0.0578 -0.5614 -4.3799 1.4311 -0.0633 8.1287 -0.6215 0.4457 5.3975 2.5416 -1.8955 -3.7237 -3.2835 2.4094 -4.1499 -5.5792 0.0195 0.0034 0.0076 0.7432 -10.6133 -3.8604 -0.7182 -10.6613 3.8584 -14.4717 15.0176 -0.0483 -49.5873 21.0741 -12.1254 -0.4512 -0.3253 -99.3205 -2.1545 7.6541 5.6343 -14.4529 11.5057 16.6625 -60.2106 1.8934 2.4750 8.8052 14.1716 10.4216 59.4780 15.6624 7.6239 1.3299 -0.5386 117.0515 2.2834 -4.2087 -3.1835 15.3105 7.4817 -16.3225 50.6933 -2.4978 -5.4549 -6.6052 -20.8976 -2.3602 -0.0456 22.7858 0.2388 5.4304 1.3063 13.2779 1.6402 -1.6550 -1.9800 -6.5370 0.5075 -5.5342 0.4828 68.3793 0.8051 10.0237 5.3251 -4.3427 -1.4680 -4.0826 1.0284
-116.8350 93.4230 1156.3148 1.2824 -9.2783 -4.8672 -1.7461 2.8840 0.0607 -0.7734 -3.8352 1.3676 -1.5486 9.1875 -1.0197 0.2572 4.9355 2.7126 -2.0455 -3.6671 -2.7703 2.4130 -6.8614 -5.7819 0.0292 0.0108 0.0748 0.7892 -10.5975 -3.7985 -0.7465 -10.6778 3.9369 -16.6370 15.1418 -1.1884 -45.9497 17.9472 -15.5681 -0.2319 -0.4992 -93.9944 -4.1509 12.1716 5.6898 -14.5324 11.7477 16.6986 -60.2566 1.8236 2.2275 9.9078 15.3043 9.6136 60.8312 13.1775 6.1483 1.1870 -0.4191 111.2417 0.5387 0.2582 -3.2334 15.0949 7.5109 -16.3417 50.4742 -2.7397 -5.4134 -9.4196 -21.4302 -1.9411 0.2244 36.2194 0.2053 6.1590 -7.3561 14.9117 1.6052 -0.3248 -2.0252 -8.6901 -4.9167 -3.2911 0.3865 76.0211 0.7072 7.4752 -1.1862 -5.8667 -1.5232 -4.4344 1.0394
-117.4405 92.6931 1162.0179 1.5291 -10.9250 -5.5569 -1.4162 3.7555 0.0111 -0.6846 -3.4483 1.0783 -1.7504 9.8686 -1.3097 -0.7077 5.3579 3.2866 -1.9453 -3.5761 -2.3997 2.2342 -7.1340 -5.2548 0.0296 0.0206 0.1014 0.7765 -10.6063 -3.7656 -0.7318 -10.7073 3.9627 -17.3051 15.3896 -2.0996 -45.4818 14.1692 -19.9182 -0.3067 -0.2923 -87.8567 -6.8586 19.9783 6.2192 -14.9354 11.7810 16.5837 -60.2332 1.7176 1.9615 9.3857 16.7118 9.1479 63.2610 10.9249 5.8237 0.7117 -0.3198 104.6944 -2.1480 4.6474 -3.4744 15.0579 7.5061 -16.0963 49.9901 -3.0050 -5.1431 -10.0133 -17.9741 -1.0960 0.1884 41.7272 0.1649 5.5452 -14.0488 14.8943 1.5926 0.4867 -2.0292 -8.1184 -10.0637 -0.2935 0.5761 78.1979 0.8586 6.3193 -5.2680 -6.3606 -1.5082 -4.9431 1.0495
-118.1377 92.3495 1167.7698 1.7564 -11.5451 -5.9502 -1.5533 4.2289 -0.1788 -0.6189 -3.2252 0.5727 -1.7772 9.9569 -1.9730 -1.2571 5.7633 3.5104 -1.6290 -3.5134 -1.9403 1.9837 -6.9181 -4.5070 0.0298 0.0111 0.1006 0.7655 -10.6225 -3.7615 -0.7184 -10.7241 3.9568 -16.4173 15.3215 -3.0079 -46.2910 11.1865 -22.8506 -0.3777 -0.1506 -85.8894 -8.7195 22.1321 6.0053 -15.1240 11.6654 16.3571 -60.3257 1.7967 1.9268 9.2052 17.0434 8.6356 63.9145 10.9567 6.2477 0.2948 -0.3236 101.6502 -2.7468 6.2423 -3.3438 14.9687 7.4817 -16.0580 49.5673 -3.2675 -5.1226 -10.4717 -13.7854 -1.0054 0.2281 43.5354 0.1822 4.5595 -19.2819 15.2351 1.5929 0.7607 -2.0436 -7.5913 -15.9605 1.3886 0.7358 76.3407 0.9673 6.8217 -7.7637 -5.6516 -1.4713 -4.9695 1.0481
-118.7797 92.5617 1173.9485 1.6933 -11.2926 -5.9768 -1.7841 4.2052 -0.3771 -0.5232 -3.2472 -0.0729 -1.7318 9.8587 -2.7550 -1.2985 6.0111 3.4816 -1.3860 -3.5022 -1.4330 1.7693 -6.5943 -3.9536 0.0283 0.0079 0.0821 0.7573 -10.6003 -3.7697 -0.7113 -10.6985 3.9270 -15.4903 15.0763 -3.7994 -46.6424 9.1620 -23.8426 -0.5861 -0.1149 -88.1302 -8.9119 19.7412 5.6672 -15.1423 11.5349 16.2277 -60.3198 1.8402 2.0554 9.8890 16.8530 7.7175 62.9738 12.7399 6.9889 0.0393 -0.4486 101.8814 -1.8877 6.3696 -2.8921 14.8197 7.4384 -16.1021 49.2310 -3.3749 -5.1799 -10.4190 -9.1266 -1.2095 0.2776 42.3119 0.2613 3.7230 -22.7213 15.1784 1.6227 0.5787 -2.0778 -6.5580 -21.3988 1.5373 0.3358 70.5221 0.5197 7.8437 -8.7745 -5.8128 -1.4461 -4.7665 1.0440
-119.5302 93.4641 1180.1534 1.0456 -10.5750 -5.6567 -1.8032 3.7175 -0.6123 -0.3857 -3.4163 -0.8275 -1.3632 9.6292 -3.5489 -1.0504 6.4807 3.4721 -1.2956 -3.5070 -1.1535 1.5322 -6.1030 -3.4853 0.0216 0.0123 0.0331 0.7401 -10.5596 -3.8055 -0.7067 -10.6576 3.8663 -14.4196 14.7127 -4.4582 -47.3327 7.8456 -23.7309 -0.8572 0.0534 -92.3758 -7.3899 15.5045 5.3895 -15.0596 11.4024 16.1822 -60.2747 1.8563 2.2671 10.6355 16.7172 6.3874 61.6568 15.0887 7.6022 0.1406 -0.5674 103.5455 -0.6415 5.3655 -2.4490 14.6866 7.3606 -16.1167 49.1089 -3.4110 -5.3020 -9.3923 -3.5691 -1.2251 0.3018 38.3471 0.3513 3.3020 -24.0326 14.3037 1.7004 -0.0657 -2.0979 -4.4096 -25.1402 0.3161 -0.0281 60.8573 0.1340 8.1219 -8.1045 -6.9612 -1.4378 -4.8219 1.0861
-120.3602 94.7933 1186.5802 0.0285 -9.8516 -5.2078 -1.6292 2.9890 -0.7586 -0.2852 -3.7152 -1.7721 -0.6699 9.3753 -4.2042 -0.8143 7.3871 3.4256 -1.1198 -3.5722 -0.9619 1.2583 -5.3124 -2.9334 0.0079 0.0188 -0.0101 0.7105 -10.5595 -3.8380 -0.7027 -10.6494 3.8182 -13.1867 14.5995 -4.9593 -48.3794 6.9449 -23.5288 -1.0085 0.0689 -96.6306 -5.5727 11.9974 5.2819 -15.0440 11.3666 16.0541 -60.2900 1.8181 2.3083 10.6989 16.6280 4.7894 61.1916 17.3679 7.9642 0.3738 -0.6682 105.2423 0.4424 4.1977 -2.1253 14.5970 7.3260 -16.0486 49.2704 -3.2758 -5.2072 -7.5980 2.5200 -0.7085 0.2668 33.3304 0.3656 3.0076 -22.6478 12.7466 1.7561 -1.8215 -2.1908 -1.4324 -26.3699 -2.0454 -0.0770 48.4065 0.1199 7.4432 -6.3665 -8.2662 -1.4384 -4.9291 1.0865
-121.2585 96.3065 1193.3133 -0.6587 -9.2406 -4.5791 -1.5931 2.1150 -0.8370 -0.2866 -4.0609 -2.5394 -0.0532 9.0951 -4.9477 -0.4474 8.5568 3.3130 -0.9948 -3.5652 -1.1467 0.9839 -4.3648 -2.3214 -0.0124 0.0189 -0.0414 0.6957 -10.5550 -3.8647 -0.7237 -10.6503 3.7899 -11.6814 14.6630 -5.2796 -49.8291 6.8526 -24.1125 -0.6028 0.2205 -99.9522 -4.5483 9.5106 5.3951 -15.1247 11.4158 15.9431 -60.2640 1.7877 2.2631 10.3033 16.6760 3.1704 61.4875 19.1888 7.8175 0.8077 -0.6253 106.6798 0.9565 2.7012 -1.9308 14.5466 7.3011 -15.8456 49.5228 -3.2578 -5.0229 -5.6279 8.0632 0.7553 0.2609 29.1498 0.3850 2.5549 -17.6292 10.2062 1.9067 -6.4073 -2.3680 1.1599 -25.3736 -4.6465 -0.0737 34.3919 0.0826 6.9932 -4.3158 -8.4973 -1.4611 -5.3097 1.1197
-122.1717 97.5870 1200.6432 -0.6197 -8.9038 -3.8253 -1.7820 1.3043 -0.8651 -0.3689 -4.4480 -3.1903 0.1026 8.8027 -5.6003 0.0519 9.6806 3.1964 -0.9576 -3.5129 -1.2649 0.7491 -3.2386 -2.1201 -0.0230 0.0208 0.0062 0.6969 -10.5705 -3.8238 -0.7439 -10.6687 3.8500 -9.8828 14.7105 -5.5544 -51.4433 7.1863 -25.0587 -0.3269 0.2946 -102.0362 -4.4343 7.9523 5.7028 -15.1693 11.5377 15.9114 -60.3683 1.8964 2.2618 9.6324 16.8113 1.9267 62.6244 20.6750 7.5131 1.1320 -0.7383 107.6033 1.2831 0.8237 -1.5348 14.5272 7.2689 -15.7976 49.5689 -3.2667 -4.9569 -3.8092 12.1045 2.8351 0.2110 27.7386 0.3606 1.2351 -10.1960 7.5235 2.1220 -13.5803 -2.6131 2.3149 -23.2144 -6.3980 0.0334 21.0829 0.0378 8.5629 -2.5527 -7.6443 -1.4532 -5.3322 1.0865
-123.0345 98.4008 1207.4629 -0.0317 -8.6517 -3.0131 -2.1024 0.5230 -0.8171 -0.5059 -4.7312 -3.6086 -0.0686 8.3230 -6.0764 0.6061 10.3449 3.1086 -1.0449 -3.4861 -1.4966 0.6214 -1.9935 -2.1629 -0.0241 0.0237 0.0676 0.7077 -10.5660 -3.7715 -0.7549 -10.6616 3.9228 -8.2793 14.6209 -5.9335 -52.8510 8.0875 -26.1683 -0.1013 0.1707 -103.2439 -4.8956 6.5622 6.2350 -15.0793 11.6159 15.9201 -60.2987 2.0492 2.3126 8.9961 16.8923 0.9787 63.8420 22.1009 7.2328 1.2864 -0.6616 108.4434 1.8921 -1.0955 -1.2953 14.4709 7.2543 -15.8519 49.4606 -3.2755 -4.9538 -2.2098 14.0609 4.8107 0.1010 29.5695 0.2790 -1.0042 -2.1140 5.1200 2.3758 -20.0249 -2.7671 2.2240 -21.2603 -7.0510 0.1267 10.6798 0.0377 11.3188 -2.0160 -6.9343 -1.3920 -5.1888 1.0388
-123.6004 98.5541 1214.0553 0.7798 -8.5046 -2.2362 -2.4123 -0.0787 -0.6886 -0.6708 -4.8936 -3.8293 -0.3693 7.8096 -6.2930 1.1197 10.3473 2.9610 -1.1606 -3.4884 -1.5324 0.5116 -0.7564 -2.3944 -0.0181 0.0234 0.1241 0.7259 -10.5497 -3.7200 -0.7595 -10.6318 3.9801 -7.3431 14.4321 -6.4254 -53.6017 9.4247 -27.1379 0.1207 -0.2340 -104.0061 -5.4251 5.2099 6.6880 -14.9252 11.6557 15.9435 -60.2611 2.1317 2.3067 8.8231 16.9807 0.4967 64.2399 23.3443 6.8466 1.2304 -0.5718 109.4070 2.4109 -2.8495 -1.0871 14.4761 7.2129 -15.9438 49.3088 -3.2636 -5.0643 -0.9655 14.0416 6.0830 -0.0091 34.6836 0.1420 -4.2736 4.8293 3.2090 2.4329 -21.4324 -2.6671 1.5174 -19.9092 -7.1205 0.1258 4.7120 0.1148 13.8984 -2.6009 -6.4909 -1.3171 -4.9780 1.0045
-124.0804 97.8200 1219.9103 1.3539 -8.5252 -1.5303 -2.5400 -0.3565 -0.5540 -0.7785 -4.8753 -3.8570 -0.5138 7.4038 -6.2476 1.4684 9.6034 2.6682 -1.2900 -3.5138 -1.2981 0.4008 0.2448 -2.8409 -0.0122 0.0278 0.1790 0.7488 -10.5286 -3.6657 -0.7701 -10.5896 4.0279 -7.1022 14.2181 -6.9113 -53.5591 10.8044 -27.9730 0.2556 -0.6583 -104.4986 -5.9233 3.4088 6.8364 -14.8378 11.6594 15.9962 -60.3495 2.1403 2.2979 9.2443 16.9531 0.5290 63.2103 24.4384 6.0074 1.1022 -0.5483 110.7042 2.2914 -4.9200 -0.7900 14.5479 7.1501 -15.9621 49.4588 -3.1650 -5.1726 0.1860 12.5020 6.7911 -0.0255 42.5581 -0.0280 -7.0427 7.6539 2.9472 2.2210 -16.3275 -2.3883 0.9219 -19.2211 -7.4020 0.0994 4.2235 0.2172 15.6764 -3.4897 -5.7847 -1.2427 -4.8302 1.0510
-124.6720 96.0910 1226.0201 0.4354 -8.6738 -0.7088 -1.6590 -0.2434 -0.4929 -0.6699 -4.8048 -3.8225 -0.3665 7.4434 -5.8144 1.6577 8.0691 2.3822 -1.3202 -3.4944 -1.1073 0.4399 0.8632 -3.6296 -0.0054 0.0270 0.1939 0.7494 -10.5009 -3.6446 -0.7567 -10.5502 4.0292 -7.8799 13.9479 -7.4508 -52.3673 12.1488 -28.4779 0.4316 -0.7595 -104.8109 -6.3772 1.4549 6.9173 -14.9622 11.5295 16.0861 -60.3933 2.0675 2.4767 10.7917 16.4482 1.1646 60.2000 25.5813 4.5424 0.7991 -0.5551 112.1513 1.4186 -7.3984 -0.0358 14.5802 7.1335 -15.9587 49.6914 -3.0593 -5.3630 3.0231 9.2897 7.6658 -0.0922 52.6736 -0.3025 -7.6066 5.1346 6.0787 2.0322 -10.1712 -2.1968 1.7922 -19.6147 -8.2691 0.1202 9.7688 -0.0235 15.1589 -0.8304 -4.5762 -1.2075 -5.0121 1.2406
-125.5252 93.7481 1231.8969 -2.4686 -8.8020 -0.1816 0.4069 0.2012 -0.5251 -0.2671 -4.7781 -3.2645 0.4266 8.0421 -5.3652 1.7508 6.2714 2.3369 -1.4679 -3.4533 -1.2958 0.6925 -0.1457 -4.0805 0.0045 -0.0172 0.1417 0.7831 -10.5525 -3.7147 -0.7698 -10.5866 3.9900 -9.7163 13.5742 -7.5116 -50.0533 13.1418 -28.8381 0.7221 -0.4356 -104.1822 -6.5163 0.7779 6.9079 -15.2525 11.2896 16.2730 -60.3953 1.9671 2.7776 12.8398 15.6003 2.6102 56.0245 26.3115 3.0566 0.3978 -0.3703 112.4691 0.1648 -9.4030 1.6412 14.8350 7.2883 -16.1723 50.0889 -3.3048 -5.5142 8.1619 4.2101 8.6927 -0.2090 63.4100 -0.5282 -5.5474 -1.1008 11.0724 1.9432 -7.1873 -2.1215 5.3100 -23.1321 -8.9759 0.1147 21.2647 -0.3917 4.8975 7.7636 -2.8677 -1.3988 -2.7115 1.0872
-126.1991 91.4487 1237.0205 -4.5163 -9.9721 -0.5479 1.2048 1.5996 -0.2442 0.1509 -4.2517 -2.8502 1.8950 8.6207 -4.7783 1.5702 5.2707 2.4054 -1.5638 -3.4729 -1.5872 1.2877 -3.5327 -4.0881 0.0028 -0.0538 0.0898 0.8176 -10.6224 -3.7678 -0.8099 -10.6427 3.9460 -10.5215 13.6287 -6.2901 -49.4256 11.6638 -28.7613 0.3340 -0.3671 -101.5622 -5.3597 3.2734 5.9598 -15.2500 11.0731 16.2629 -60.3766 1.7867 2.6113 12.0942 15.1853 4.1013 54.2391 25.2320 4.7784 0.2362 0.0180 109.6600 -1.3764 -10.8067 2.7699 15.0138 7.3181 -15.8335 50.4273 -3.1763 -5.2484 11.4062 -0.3309 7.5458 -0.5128 72.9042 -0.8231 -4.9606 -7.5711 12.7105 1.9618 -5.3416 -2.1377 8.3968 -26.7072 -9.6032 -0.1157 36.4170 -0.2667 -0.9109 1.7080 -4.2967 -1.4102 -0.3108 1.0279
-126.6217 90.4211 1241.7712 -5.0084 -10.9579 -0.4654 1.2996 2.4360 -0.1231 0.1401 -3.9170 -2.4324 2.0884 9.0042 -4.1845 2.3266 5.6069 1.9036 -1.4417 -3.4021 -1.7298 1.6675 -4.8833 -4.3978 -0.0110 -0.0191 0.0490 0.7820 -10.5575 -3.7953 -0.8030 -10.5585 3.8981 -11.2285 14.1341 -5.6018 -49.5138 9.8830 -27.5262 -0.1483 -0.2523 -97.4901 -2.6715 6.5632 5.6296 -15.3235 11.0272 16.2663 -60.7006 1.8440 2.3849 11.5051 15.0568 5.0529 53.7325 23.0783 8.6527 0.1464 0.0697 103.5684 -1.1085 -6.7342 1.4806 14.7635 7.5430 -15.8270 50.2735 -3.1294 -5.1402 12.1700 -4.8617 4.7709 -1.1604 78.5089 -1.5549 -5.7063 -11.9788 11.5534 2.0321 -4.9705 -2.2552 9.0503 -25.9519 -10.5754 -0.1787 43.3948 -0.3218 -2.2979 -4.6575 -4.0482 -1.4182 0.7119 0.9623
-127.0652 90.2387 1246.0345 -4.7672 -11.3680 -0.2105 1.1838 2.8131 0.0382 -0.0346 -3.7051 -2.0029 1.7972 8.9675 -3.5102 3.1556 6.5575 1.6856 -1.5196 -3.3952 -2.2007 1.9153 -5.0575 -4.8895 -0.0161 -0.0006 -0.0183 0.7514 -10.5218 -3.8484 -0.7833 -10.5244 3.8201 -12.0399 14.1355 -5.1303 -49.8325 9.3335 -25.7422 -0.3174 -0.0378 -94.1154 0.3646 8.2649 5.1142 -15.2298 11.0514 16.1989 -60.7943 1.9527 2.3901 11.1408 14.8845 6.0323 53.5226 20.3914 11.2819 0.3131 0.3103 98.7126 -0.0288 -0.2701 -0.3865 14.5974 7.6319 -16.0946 49.9639 -3.0758 -5.3417 12.0514 -10.0882 2.3533 -1.9022 80.1943 -2.2725 -6.0946 -14.9326 10.8352 2.0052 -5.0232 -2.3033 8.6100 -24.0200 -11.0611 -0.2634 46.4855 -0.4065 -2.3787 -9.5233 -4.1485 -1.4209 1.0398 0.9304
-127.4714 90.8620 1250.7071 -4.3841 -11.4432 -0.0582 1.1580 2.9738 0.2236 -0.1293 -3.5969 -1.4380 1.4561 8.8254 -2.9364 3.4475 7.5217 1.7837 -1.7009 -3.4388 -2.5700 2.1185 -5.0706 -5.4557 -0.0166 -0.0026 -0.0566 0.7419 -10.5379 -3.8804 -0.7769 -10.5427 3.7748 -12.6207 13.9813 -4.4051 -50.0091 9.8856 -24.4391 -0.2233 0.1840 -91.9237 2.1398 8.3215 3.9350 -15.0404 11.1397 16.1485 -60.7461 1.9584 2.4291 10.4886 14.6871 7.0239 54.0579 17.7223 11.6299 0.2964 0.5039 97.4196 -0.1596 0.9046 -0.8201 14.6606 7.4870 -16.1822 49.7700 -3.1056 -5.5061 11.5001 -15.0799 1.1284 -1.4416 78.0924 -1.6735 -5.2829 -16.5445 11.9258 1.8960 -4.8422 -2.2312 7.8724 -21.3265 -10.9024 -0.2945 46.6802 -0.3633 -1.7923 -12.4707 -4.6113 -1.4229 0.8301 0.9631
-127.6616 92.2249 1254.5066 -3.7237 -11.3239 -0.2352 1.0416 2.9714 0.3735 -0.2240 -3.5542 -0.7270 1.0744 8.6507 -2.4001 3.5266 8.5461 1.9016 -1.8874 -3.5358 -2.8484 2.2489 -4.9072 -5.8098 -0.0141 -0.0071 -0.0584 0.7364 -10.5730 -3.8850 -0.7678 -10.5752 3.7739 -12.9254 13.9286 -3.5267 -50.3201 11.0924 -23.5949 -0.0675 0.2911 -89.7866 2.9539 8.2245 2.8779 -14.8806 11.2100 16.1835 -60.6713 1.8878 2.3995 9.8286 14.5599 7.9541 54.8978 15.0502 10.9960 0.2898 0.4119 97.4142 -1.3477 -0.5879 -0.6699 14.7676 7.3934 -16.1493 49.7963 -3.1718 -5.4854 10.1585 -18.7777 0.9856 -0.5678 71.8804 -0.7038 -4.1324 -16.4418 12.9113 1.8094 -4.7137 -2.1404 6.7380 -17.8403 -10.0857 -0.2580 44.2445 -0.2951 -1.1310 -13.7818 -4.8993 -1.4285 0.3263 0.9742
-127.6732 94.0038 1258.2137 -2.8507 -11.0890 -0.6756 0.8276 2.8874 0.4554 -0.3337 -3.5932 0.0224 0.6582 8.4263 -1.9182 3.5087 9.5884 1.9609 -2.0137 -3.6244 -2.9899 2.2665 -4.6467 -5.9183 -0.0084 -0.0063 -0.0255 0.7324 -10.6045 -3.8583 -0.7534 -10.6111 3.8110 -12.8514 14.1082 -2.6534 -51.0838 12.4643 -23.0055 0.0269 0.2211 -87.0948 3.5703 8.2471 2.1955 -14.8396 11.2161 16.2136 -60.6857 1.7984 2.3577 9.1992 14.5879 8.7957 55.7616 12.6449 10.4286 0.2250 0.2494 97.5203 -2.7011 -2.4153 -0.2497 14.8420 7.3589 -16.0366 49.9468 -3.1931 -5.3532 8.1752 -20.6818 1.5916 -0.0770 62.1642 -0.1733 -3.2356 -14.5255 13.0321 1.7780 -4.6762 -2.1222 5.3633 -13.6624 -8.8280 -0.1643 39.7585 -0.1748 -0.6058 -13.7862 -5.1183 -1.4324 -0.2970 0.9512
-127.6675 95.7748 1262.3047 -2.0773 -10.7347 -1.2806 0.7077 2.7092 0.4410 -0.4246 -3.6957 0.6099 0.2986 8.1241 -1.3851 3.3487 10.5348 1.9891 -2.0110 -3.6573 -2.9606 2.1206 -4.4240 -5.7415 -0.0017 0.0067 0.0290 0.7245 -10.6171 -3.8091 -0.7331 -10.6284 3.8707 -12.3908 14.3840 -1.8052 -52.4796 13.7519 -22.3778 -0.0639 0.1420 -83.8499 4.3372 7.8387 1.7524 -14.7678 11.1894 16.2690 -60.5285 1.7953 2.3898 8.4519 14.7414 9.4693 56.5812 10.6145 10.2820 0.1346 0.1873 97.3439 -3.8060 -4.0502 0.4021 14.8270 7.2872 -15.8842 50.0863 -3.2492 -5.2304 6.1338 -20.6526 2.6228 0.1168 49.7764 0.0754 -2.8972 -11.5375 12.4663 1.7633 -4.6598 -2.1478 4.2199 -9.0774 -7.3041 -0.0890 33.9246 -0.0634 -0.4430 -12.8271 -5.4454 -1.4337 -0.8863 0.9581
-127.2641 97.1726 1265.9589 -1.8391 -10.2290 -1.8968 0.9405 2.4001 0.2998 -0.4452 -3.8449 0.9419 0.1148 7.7725 -0.7478 3.0582 11.1467 2.0108 -1.8719 -3.6429 -2.7742 1.7805 -4.2243 -5.2334 0.0037 0.0313 0.0567 0.7225 -10.6166 -3.7942 -0.7210 -10.6227 3.9100 -11.6424 14.6143 -1.0011 -54.4116 14.9951 -21.6394 -0.3207 0.1890 -80.4466 5.3423 6.4776 1.5297 -14.5919 11.1669 16.3606 -60.1077 1.8400 2.5009 7.3948 14.8544 9.9267 57.3418 9.1140 10.4088 0.2016 0.2383 97.0310 -4.6826 -5.5854 1.0901 14.7686 7.2320 -15.7727 50.1251 -3.2961 -5.1167 4.7207 -19.1710 3.7086 0.1671 35.7303 0.2801 -2.6886 -8.4855 11.0676 1.7421 -4.5305 -2.1230 3.7982 -4.5346 -5.7231 -0.1107 27.8748 -0.0587 -0.5458 -11.6549 -5.9371 -1.4315 -1.3597 0.9965
-126.8627 98.0227 1268.8762 -2.3495 -9.6331 -2.4828 1.5766 1.9812 0.0954 -0.3510 -4.0716 1.1192 0.2136 7.5056 -0.2734 2.6702 11.1804 1.9821 -1.6242 -3.6457 -2.4403 1.3421 -4.0360 -4.4701 0.0058 0.0562 0.0740 0.7347 -10.6429 -3.7994 -0.7301 -10.6408 3.9483 -10.9253 14.8841 -0.2612 -56.4199 16.2376 -20.8016 -0.5792 0.1735 -77.2936 6.2166 4.0535 1.4535 -14.4380 11.1790 16.4472 -59.7485 1.8442 2.4920 6.1127 14.8894 10.3364 57.9037 8.2707 10.6985 0.3557 0.1919 96.7046 -5.4555 -7.0834 1.6278 14.7348 7.2784 -15.7261 50.2146 -3.2593 -4.9528 4.3013 -17.3891 4.3969 0.0885 23.0448 0.3057 -2.4371 -5.7304 8.4542 1.7096 -4.4062 -2.0944 4.2517 -0.6265 -4.2341 -0.1914 22.9243 -0.1758 -0.5549 -11.0503 -6.4239 -1.4276 -1.5292 0.9971
-126.4518 98.2815 1271.2581 -3.3153 -9.0820 -3.1260 2.2801 1.5546 -0.0629 -0.1590 -4.2735 1.2894 0.5900 7.3865 -0.1393 2.3090 10.6447 1.9464 -1.3247 -3.6882 -2.0985 0.9971 -3.8434 -3.5854 0.0069 0.0627 0.0694 0.7529 -10.6787 -3.8193 -0.7465 -10.6732 3.9568 -10.7749 15.0589 0.2836 -57.9543 17.5071 -19.9256 -0.6992 0.1080 -74.1542 6.6295 1.2422 1.3773 -14.3951 11.2358 16.5737 -59.6596 1.8597 2.4653 5.2635 14.6974 10.7571 57.7289 7.9898 11.0978 0.4972 0.2026 96.1396 -5.9809 -8.3558 1.9307 14.7104 7.3089 -15.7184 50.2818 -3.2097 -4.8599 4.6002 -16.1926 4.2985 0.0473 15.1294 0.2415 -1.8410 -2.8767 6.0367 1.7004 -4.3114 -2.0664 5.1251 2.2691 -3.1623 -0.2531 19.9151 -0.3212 -0.4411 -11.4134 -6.5686 -1.4334 -1.4804 0.9730
-126.1154 98.0528 1273.8550 -3.9473 -8.6636 -3.9694 2.4475 1.2392 -0.0481 -0.0098 -4.3750 1.4021 1.1358 7.4563 -0.2391 2.1314 9.6575 1.9152 -1.1128 -3.7042 -1.6714 0.8306 -3.7110 -2.9434 0.0092 0.0623 0.0620 0.7634 -10.7275 -3.8359 -0.7520 -10.7259 3.9573 -11.5095 15.0759 0.3560 -58.7232 18.7950 -18.8616 -0.5079 -0.0914 -70.6375 6.6674 -1.7799 1.1856 -14.4973 11.2457 16.6343 -59.8869 1.8757 2.5790 5.4261 14.2576 11.2100 56.3849 8.1280 11.5018 0.6741 0.1462 95.1312 -6.2500 -9.1570 2.1940 14.7521 7.3072 -15.8204 50.3468 -3.1626 -4.9959 4.8004 -15.4753 4.1385 0.0388 12.7456 0.2228 -0.5339 1.5233 4.5232 1.7273 -3.9362 -2.0032 5.3594 3.9774 -2.9334 -0.2458 19.4612 -0.3911 0.0786 -13.0223 -6.1185 -1.4388 -1.1615 1.0003
-125.7087 97.5252 1276.5468 -3.4460 -8.3530 -4.8533 1.6515 1.0168 0.0869 -0.0286 -4.3897 1.3177 1.5272 7.7284 -0.3636 2.2275 8.6045 1.9280 -0.8671 -3.7064 -1.0853 0.6787 -3.8338 -2.6861 0.0215 0.0754 0.0852 0.7770 -10.7255 -3.8130 -0.7427 -10.7251 3.9781 -13.0274 14.9529 0.1122 -58.7635 19.5982 -17.7478 -0.1966 -0.3350 -65.6252 6.8129 -4.7316 0.6749 -14.6760 11.0605 16.5112 -60.0661 1.7642 2.6940 6.7053 13.7726 11.4665 54.3051 8.2502 11.9695 0.8012 0.0860 92.9850 -6.0439 -9.3493 2.2515 14.8332 7.3367 -15.7865 50.3733 -2.9205 -5.1062 4.0198 -15.3369 4.6004 -0.0516 14.5922 0.1367 -0.1223 5.8042 4.8570 1.6554 -2.2306 -1.9130 3.9029 4.2629 -3.8939 -0.2095 21.9144 -0.4455 1.2006 -15.3595 -4.9326 -1.4486 -1.0303 0.9787
-125.3354 97.2718 1279.0413 -1.8164 -8.0969 -5.3127 0.5299 1.2010 0.1173 -0.2362 -4.5097 1.3822 0.8879 8.1752 -0.3586 2.6686 7.6995 1.7090 -0.8469 -3.6216 -1.0157 1.0162 -5.4510 -2.7371 0.0291 0.0800 0.1238 0.7881 -10.6797 -3.7751 -0.7390 -10.6914 4.0151 -14.0610 15.1204 -0.6900 -58.8065 18.2159 -16.9012 -0.1247 -0.4292 -58.0593 7.6118 -7.1698 -0.0581 -14.6966 10.7493 16.2423 -59.8892 1.5517 2.6806 7.7915 13.5064 11.1335 54.1215 7.2799 12.5162 0.7775 0.0395 88.6339 -5.8106 -7.6273 2.1851 14.7284 7.4116 -15.9518 50.2620 -3.0614 -5.2460 1.8305 -16.0648 5.7717 0.0449 18.8433 0.0079 -0.1052 3.1200 5.3993 1.6211 -1.2604 -1.9248 0.9362 2.8199 -5.7727 -0.2065 27.3268 -0.3718 2.4492 -16.8718 -3.4255 -1.4624 -1.7380 1.0437
-124.8695 97.3453 1280.9706 -0.7616 -7.7845 -5.6311 -0.0653 1.1959 0.0380 -0.3671 -4.4504 1.4213 0.3532 8.4801 -0.5946 2.6340 7.4970 2.0263 -0.9739 -3.6647 -1.2688 1.4217 -6.4301 -2.9892 0.0180 0.0612 0.0538 0.7773 -10.6657 -3.8193 -0.7509 -10.6743 3.9250 -13.9624 15.6034 -1.4030 -60.5264 14.0310 -16.0991 -0.5020 -0.3141 -47.5691 10.1813 -8.7348 -0.5406 -14.9893 10.4908 15.9927 -59.7964 1.3605 2.7173 7.1080 13.9110 11.0148 57.0656 5.0113 13.4798 0.1530 0.1347 81.3812 -5.6805 -4.1995 0.8893 14.7660 7.4782 -15.9993 50.1785 -3.2363 -5.1086 0.3413 -15.4824 7.6822 0.0178 20.2385 -0.0430 -0.0382 1.4660 4.8395 1.6157 -0.5502 -1.8908 -1.5744 -0.0259 -7.7212 -0.1597 34.3558 -0.2620 3.9236 -15.3715 -1.3808 -1.4538 -3.8599 1.0878
-124.5112 97.6852 1282.6374 -0.3406 -7.4975 -5.7955 -0.4133 1.2677 -0.1525 -0.4194 -4.4162 1.1564 0.2890 8.5014 -0.8403 2.3067 7.9075 2.3878 -1.0224 -3.6292 -1.2516 1.5038 -6.5046 -2.7617 0.0194 0.0697 0.0387 0.7702 -10.6248 -3.8214 -0.7400 -10.6465 3.8987 -12.9739 15.7928 -1.9511 -63.2534 10.5061 -16.2297 -0.5011 -0.0647 -37.9829 11.6966 -11.0487 -0.0267 -15.1765 10.3773 15.7429 -59.7529 1.2987 2.7135 5.6074 14.2124 10.8015 60.9027 2.5463 14.3903 -0.0631 0.1542 72.9450 -5.5839 0.4729 -2.0580 14.7617 7.6002 -16.1486 50.1763 -3.3497 -4.9646 -0.3711 -13.7862 9.3889 -0.0567 19.2914 -0.0621 0.3396 0.7038 3.8825 1.6288 0.0001 -1.8357 -3.4681 -3.4733 -9.7090 -0.0889 41.4940 -0.1776 6.0341 -12.0575 1.0141 -1.4345 -5.6036 1.0668
-124.2418 98.1587 1284.1457 -0.0526 -7.1692 -5.8921 -0.7951 1.3013 -0.4028 -0.4201 -4.3922 0.8681 0.2668 8.4722 -1.2661 2.0860 8.2425 2.5653 -1.0151 -3.6029 -1.0443 1.3351 -6.2544 -2.1755 0.0219 0.0829 0.0553 0.7545 -10.5987 -3.8028 -0.7183 -10.6354 3.9116 -11.9718 15.9685 -2.4015 -65.1202 9.3335 -17.7970 -0.5585 0.0245 -32.7270 10.0997 -12.1125 1.2909 -15.3668 10.3809 15.5608 -59.9249 1.4567 2.6142 4.5074 14.1269 10.3395 63.8405 0.9995 15.8413 -0.1687 0.0753 64.8755 -4.6387 5.5288 -5.2463 14.9578 7.6085 -16.3904 50.1930 -3.4006 -5.0319 -0.8605 -11.3734 10.3656 -0.1211 16.5873 -0.0747 0.6862 0.6949 3.3487 1.6367 -0.0076 -1.8011 -4.9999 -6.5389 -11.4145 -0.0246 46.5292 -0.0495 8.2408 -9.1256 2.8766 -1.3643 -4.8663 0.9343
-124.1362 98.6571 1285.8767 0.1676 -6.8846 -6.0208 -1.1783 1.3241 -0.5276 -0.3922 -4.4082 0.6296 0.3189 8.5616 -1.7187 1.8842 8.2982 2.5656 -0.9354 -3.6187 -0.7405 1.1594 -6.0750 -1.6158 0.0258 0.0920 0.0821 0.7476 -10.5877 -3.7750 -0.7019 -10.6362 3.9340 -11.3750 16.0914 -2.7244 -65.7864 10.1012 -20.3766 -0.7435 0.0056 -31.7758 6.2389 -10.8793 2.2503 -15.5952 10.4319 15.4833 -60.2161 1.6448 2.3609 4.1497 13.9601 9.8154 65.2207 0.6505 17.9291 -0.1267 -0.0166 58.1562 -2.6829 9.3270 -7.2684 15.1982 7.5331 -16.5493 50.1830 -3.4154 -5.1388 -1.2013 -8.7254 10.7820 -0.1455 13.2310 -0.0957 0.7986 1.0497 3.1827 1.6385 -0.2383 -1.7798 -6.1422 -8.7561 -12.7300 0.0258 48.4799 0.0584 9.1231 -8.5507 3.2270 -1.3147 -3.7461 0.8197
-123.8711 99.0914 1287.3367 0.3304 -6.6461 -6.1513 -1.5110 1.3575 -0.5236 -0.3808 -4.4036 0.4837 0.4656 8.6826 -2.0754 1.7386 8.1526 2.5073 -0.8491 -3.6476 -0.4930 1.0928 -6.0435 -1.3560 0.0287 0.0939 0.0878 0.7485 -10.5711 -3.7657 -0.6955 -10.6286 3.9337 -11.0778 16.1201 -2.9299 -65.7845 11.2111 -22.3590 -0.8589 -0.0327 -33.1064 3.3264 -9.9546 2.2760 -15.6409 10.5563 15.4599 -60.4976 1.7383 2.1810 4.2008 13.7854 9.3400 65.5995 1.3032 20.4300 0.0366 -0.0574 52.9507 0.1268 11.8538 -8.1543 15.3686 7.4644 -16.5594 50.2195 -3.4437 -5.2231 -1.4653 -6.3062 10.6654 -0.1297 10.1438 -0.0774 0.8380 1.4336 3.4940 1.6324 -0.4553 -1.7863 -6.8975 -10.1351 -13.5898 0.0633 47.2251 0.1051 8.8306 -9.2519 2.3312 -1.3164 -3.6995 0.7608
-123.7854 99.4236 1288.8029 0.4878 -6.4882 -6.2717 -1.8051 1.4148 -0.4785 -0.3809 -4.4013 0.3869 0.6418 8.8311 -2.2391 1.6195 8.0140 2.3796 -0.7581 -3.6507 -0.3709 1.1092 -6.0807 -1.2809 0.0283 0.0903 0.0783 0.7491 -10.5555 -3.7751 -0.6966 -10.6240 3.9244 -10.9023 16.1150 -3.1463 -65.3722 11.6163 -22.9193 -0.9324 -0.0855 -34.8354 2.4633 -10.2138 2.1346 -15.6013 10.6911 15.4568 -60.7146 1.7302 2.1152 4.3877 13.7851 9.0393 65.5756 2.3472 22.9495 0.2117 -0.0684 49.0340 3.4760 13.6018 -8.3243 15.4611 7.4435 -16.4623 50.4002 -3.4228 -5.3138 -1.6858 -4.3235 10.3025 -0.1077 7.8586 -0.0501 0.8653 1.6109 4.0417 1.6220 -0.5563 -1.8100 -7.3766 -10.7013 -13.9748 0.0903 43.3725 0.1528 8.3433 -10.0807 1.3275 -1.3500 -4.0217 0.7606
-123.6602 99.6289 1289.8305 0.6807 -6.4414 -6.3754 -2.1123 1.4720 -0.4199 -0.3862 -4.4076 0.3350 0.7777 9.0364 -2.2929 1.5666 7.9520 2.2547 -0.6882 -3.6374 -0.2987 1.2102 -6.0611 -1.3175 0.0241 0.0842 0.0698 0.7499 -10.5413 -3.7863 -0.7052 -10.6166 3.9189 -10.7847 16.0504 -3.4135 -64.6465 11.4880 -22.5762 -0.8764 -0.1199 -36.4067 2.6094 -11.0974 2.1726 -15.6111 10.7699 15.4352 -60.7902 1.6667 2.1212 4.6674 13.9003 8.9272 65.4440 3.4225 25.1761 0.3879 -0.0595 46.0898 6.8465 14.6497 -8.0717 15.4883 7.4698 -16.3713 50.5864 -3.4090 -5.4185 -1.8814 -2.7005 9.9460 -0.0832 6.3349 -0.0187 0.8561 1.5413 4.5220 1.6146 -0.5328 -1.8485 -7.6710 -10.4568 -13.9403 0.1021 37.7058 0.1855 7.9965 -10.5405 0.5242 -1.3980 -4.2477 0.8131
-123.5629 99.7342 1290.9084 0.9618 -6.5087 -6.4580 -2.4491 1.5122 -0.3428 -0.4169 -4.4488 0.2810 0.8113 9.3282 -2.2805 1.6014 8.0500 2.2167 -0.6470 -3.6139 -0.2583 1.3832 -5.9683 -1.4391 0.0184 0.0786 0.0674 0.7542 -10.5479 -3.7958 -0.7208 -10.6275 3.9272 -10.7916 15.9102 -3.7617 -63.5322 11.1491 -21.8760 -0.7842 -0.1501 -37.7893 3.1907 -12.3035 2.3531 -15.5461 10.7924 15.4506 -60.6208 1.5659 2.1942 5.1225 14.0925 8.9746 65.3327 4.2550 26.7714 0.5685 -0.0595 43.6533 9.5457 14.8522 -7.6003 15.4561 7.4716 -16.2966 50.6167 -3.4291 -5.5026 -2.1067 -1.2865 9.6059 -0.0605 5.3777 0.0030 0.8749 1.2557 4.9181 1.6149 -0.4375 -1.8740 -7.9062 -9.4710 -13.6200 0.0837 30.8979 0.1838 8.1451 -10.3149 0.1930 -1.4350 -4.2044 0.9074
-123.5849 99.7448 1291.7634 1.3433 -6.7026 -6.4636 -2.7851 1.5041 -0.2540 -0.4745 -4.4742 0.2177 0.7273 9.6699 -2.2365 1.6487 8.3380 2.2351 -0.6043 -3.5892 -0.2262 1.5918 -5.7211 -1.5742 0.0131 0.0782 0.0861 0.7636 -10.5712 -3.7879 -0.7407 -10.6508 3.9599 -10.9342 15.7144 -4.2064 -62.0459 10.7911 -21.3546 -0.7355 -0.1633 -38.8671 3.8157 -13.2604 2.6099 -15.3905 10.7812 15.5217 -60.3638 1.5157 2.3098 5.6618 14.2295 9.1145 65.4469 4.6498 27.3901 0.6267 0.0330 41.4730 11.1082 14.3172 -7.1726 15.4428 7.4182 -16.2563 50.5283 -3.4781 -5.5770 -2.3868 0.0254 9.3180 -0.0422 4.8134 0.0258 0.9719 0.8542 5.1222 1.6218 -0.3020 -1.8780 -8.1623 -7.8658 -13.2275 0.0433 23.8123 0.1350 8.9444 -9.2171 0.5369 -1.4426 -4.0029 1.0005
-123.9048 99.7110 1292.6357 1.7099 -6.9250 -6.3088 -2.9913 1.4359 -0.1349 -0.5679 -4.4764 0.1282 0.5854 10.0073 -2.2135 1.6359 8.7211 2.2370 -0.5043 -3.5781 -0.0596 1.7327 -5.2913 -1.6889 0.0080 0.0752 0.1201 0.7716 -10.6195 -3.7627 -0.7593 -10.6914 4.0074 -11.3247 15.3943 -4.6937 -60.1860 10.6711 -21.4629 -0.6095 -0.1686 -39.5054 4.1804 -13.6756 2.9495 -15.2794 10.7772 15.6332 -60.2472 1.5681 2.4872 6.3297 14.3117 9.2523 65.6435 4.5660 26.8258 0.5850 0.1121 39.4699 11.3132 13.2450 -7.1538 15.5131 7.3507 -16.2331 50.3759 -3.5676 -5.5807 -2.6056 1.1434 9.0940 -0.0343 4.5802 0.0392 1.1295 0.4380 4.9629 1.6218 -0.1541 -1.9000 -8.3850 -6.1759 -12.9380 -0.0133 18.0548 0.0373 9.3502 -7.0694 1.2959 -1.4349 -3.5992 1.0003
-124.1674 99.6487 1293.7041 1.9018 -7.1271 -6.0569 -2.9058 1.3794 -0.0148 -0.6542 -4.5245 0.0209 0.4239 10.3522 -2.1833 1.4176 9.0550 2.2267 -0.5478 -3.6360 0.0639 1.9547 -4.4868 -1.6390 0.0041 0.0502 0.0588 0.7586 -10.6104 -3.8048 -0.7530 -10.6680 3.9294 -12.2025 14.6561 -5.0456 -58.0359 10.9016 -22.0479 -0.2322 -0.0362 -39.3375 4.2936 -13.7881 3.3114 -15.2153 10.9204 15.7778 -60.2075 1.7595 2.5086 7.1293 14.2587 9.3486 65.7441 4.1656 25.1897 0.5631 0.0705 37.7400 10.2457 11.8806 -7.6847 15.6312 7.3679 -16.2547 50.4158 -3.6642 -5.4581 -2.5972 2.0864 9.2113 -0.0087 4.5098 0.1331 1.3067 -0.0275 4.3851 1.6296 0.0832 -1.9552 -8.5210 -4.7194 -12.5998 -0.0145 15.1503 -0.1304 7.9038 -4.4869 1.7797 -1.4255 -2.5727 0.9566
-124.4457 99.6632 1294.5254 1.9147 -7.0972 -5.6634 -2.6583 1.1915 0.0209 -0.6641 -4.5502 0.0079 0.2650 10.5604 -2.2205 1.2747 9.2382 2.3318 -0.5742 -3.5736 0.0716 2.0236 -4.0453 -1.7978 0.0026 0.0462 0.0399 0.7546 -10.6119 -3.8221 -0.7521 -10.6623 3.9100 -13.2123 14.0378 -5.2243 -56.0442 9.9328 -22.0851 -0.0809 0.0237 -38.0414 5.4320 -14.5810 3.6815 -15.2629 10.9299 15.7971 -60.2364 1.7352 2.3298 7.8908 14.0240 9.3689 65.8399 4.0965 23.7115 0.4145 0.0127 36.4240 8.3082 9.5522 -7.5269 15.5963 7.2819 -16.2391 50.1635 -3.7107 -5.3740 -2.4373 2.7021 9.3570 0.0094 4.4417 0.0791 1.3326 -0.4767 3.9381 1.6268 -0.0204 -1.9862 -8.6045 -3.4996 -13.0215 -0.0147 13.8241 -0.1337 7.3281 -4.0487 1.6198 -1.4197 -2.1315 0.9620
-124.7563 99.7332 1295.6345 1.6901 -6.7433 -5.3606 -2.3307 0.8821 0.0599 -0.6390 -4.6688 -0.0212 0.3149 10.6344 -2.2416 1.1149 9.5430 2.4668 -0.6155 -3.5513 0.0918 2.0490 -3.6239 -2.0158 0.0005 0.0278 0.0371 0.7607 -10.6217 -3.8222 -0.7619 -10.6787 3.9060 -13.5599 13.5562 -5.3551 -55.3862 7.0674 -20.7154 -0.1937 0.0606 -35.9877 7.9491 -17.1813 4.4130 -15.3466 10.8691 15.7200 -59.9982 1.6492 2.3153 8.1376 13.8300 9.4265 66.0645 3.9107 22.3421 0.4562 -0.0232 35.4116 6.1720 6.9171 -7.0635 15.4864 7.1932 -16.2413 49.9254 -3.7755 -5.3191 -2.0715 2.8528 9.3867 0.0166 4.4078 0.0363 1.2474 -0.8630 3.7260 1.6271 -0.1978 -1.9857 -8.3697 -2.4939 -13.4510 0.0009 12.2586 -0.1075 7.1655 -3.7279 1.5331 -1.4122 -1.9722 1.0084
-125.0479 99.8238 1296.4499 1.4600 -6.2490 -5.2966 -2.1133 0.5932 0.0338 -0.6271 -4.7720 -0.0626 0.4940 10.4806 -2.1779 1.0243 10.0096 2.4973 -0.5651 -3.5674 0.1380 2.0268 -3.3464 -1.9218 -0.0038 0.0090 0.0491 0.7618 -10.6448 -3.8112 -0.7718 -10.7021 3.9198 -12.9096 13.2484 -5.4377 -56.1378 4.1407 -19.1761 -0.1783 0.1169 -34.9924 10.4071 -21.1095 4.5840 -15.3007 10.7961 15.6679 -59.6670 1.5247 2.5584 7.8085 13.6535 9.6078 66.4146 3.5501 21.4422 0.6007 -0.0865 34.6102 4.7454 5.1251 -6.8987 15.4182 7.0841 -16.1947 49.5930 -3.8640 -5.3550 -1.7072 2.7445 9.3087 0.0036 4.3779 0.0166 1.0026 -1.2078 3.9044 1.6243 -0.1636 -1.9775 -7.9982 -1.7530 -13.7702 0.0165 10.7083 -0.0976 7.1066 -3.5083 1.4665 -1.4061 -1.7480 1.0202
-125.3516 99.8634 1297.4931 1.3327 -5.8501 -5.4362 -2.0066 0.3895 0.0215 -0.6267 -4.8413 -0.1085 0.6635 10.3808 -2.0535 1.0547 10.3792 2.4163 -0.5075 -3.5976 0.2767 2.0215 -3.0880 -1.6780 -0.0073 -0.0053 0.0527 0.7530 -10.6811 -3.8112 -0.7699 -10.7266 3.9276 -12.3284 12.9131 -5.5085 -56.6624 2.8431 -18.5259 -0.0556 0.1164 -35.7740 11.3564 -23.3319 4.4481 -15.2608 10.7198 15.6466 -59.4402 1.4105 2.7332 7.7053 13.4575 9.8996 66.2383 3.3926 21.0202 0.5734 -0.1390 34.2420 4.1592 3.9217 -6.8585 15.3741 6.9981 -16.1219 49.3220 -3.9251 -5.4029 -1.4295 2.6713 9.3061 -0.0098 4.3441 0.0055 0.7219 -1.5033 4.2330 1.6241 -0.0298 -1.9641 -7.7088 -1.2709 -13.9849 0.0075 9.6152 -0.1152 7.0337 -3.5097 1.5435 -1.4084 -1.4861 1.0095
-125.7056 99.8756 1298.3742 1.2486 -5.5398 -5.6318 -1.9197 0.2249 0.0606 -0.6298 -4.8832 -0.0940 0.7933 10.3396 -1.9845 1.1713 10.6111 2.3602 -0.4972 -3.6027 0.3782 2.0561 -2.8094 -1.4884 -0.0077 0.0039 0.0358 0.7446 -10.6874 -3.8291 -0.7621 -10.7206 3.9113 -12.1609 12.5698 -5.5669 -56.5237 2.8100 -18.8581 -0.0246 0.1219 -37.4267 11.1688 -23.1093 4.4640 -15.2652 10.6554 15.6024 -59.2973 1.3717 2.7566 7.9870 13.3004 10.1591 65.5329 3.3289 20.8156 0.3724 -0.1188 34.2720 3.8311 2.9957 -6.7026 15.3726 6.9954 -16.0609 49.2866 -3.8765 -5.3993 -1.1926 2.6820 9.4289 -0.0091 4.2497 -0.0019 0.4900 -1.7122 4.4367 1.6258 0.0433 -1.9549 -7.4716 -0.9269 -14.1253 -0.0147 8.8575 -0.1224 6.9775 -3.5778 1.6304 -1.4168 -1.3547 0.9979
-126.1347 99.8796 1299.2391 1.1505 -5.2697 -5.8574 -1.8293 0.0633 0.0906 -0.6300 -4.9114 -0.0479 0.9216 10.3201 -1.9705 1.2940 10.7725 2.3588 -0.5014 -3.5803 0.3630 2.0682 -2.4466 -1.3063 -0.0068 0.0215 0.0139 0.7393 -10.6632 -3.8478 -0.7548 -10.6913 3.8858 -12.1647 12.3064 -5.5868 -56.2736 3.1209 -19.6142 -0.0766 0.1336 -38.9665 10.7851 -22.1047 4.4899 -15.2143 10.6483 15.5833 -59.2077 1.3782 2.7503 8.2917 13.1485 10.3701 64.7539 3.0705 20.4884 0.1985 -0.0915 34.4843 3.2777 2.2625 -6.3850 15.3994 7.0210 -16.0541 49.3515 -3.7901 -5.4131 -0.9244 2.7382 9.6818 -0.0035 4.0966 -0.0075 0.2700 -1.8533 4.4951 1.6288 0.0687 -1.9578 -7.2166 -0.6135 -14.1493 -0.0205 8.2138 -0.0989 6.8961 -3.6479 1.6596 -1.4211 -1.3508 0.9743
-126.6309 99.9216 1300.1022 1.0448 -5.0277 -6.0801 -1.7440 -0.0934 0.0953 -0.6302 -4.9758 -0.0405 1.0233 10.3598 -1.9600 1.4092 10.9142 2.3754 -0.4915 -3.5694 0.3182 2.0298 -2.0307 -1.1355 -0.0043 0.0265 0.0020 0.7370 -10.6558 -3.8585 -0.7472 -10.6850 3.8725 -12.1705 12.1329 -5.5611 -56.1702 3.4626 -20.4618 -0.1558 0.0839 -40.1898 10.4197 -21.0992 4.6109 -15.1300 10.6798 15.5948 -59.2085 1.4303 2.7252 8.4928 12.9697 10.5459 64.0496 2.5643 19.8626 0.2372 -0.1236 34.9849 2.4795 1.6850 -5.9523 15.4150 7.0413 -16.0925 49.4279 -3.7308 -5.4129 -0.6144 2.7959 10.0079 -0.0065 3.9265 -0.0152 0.0383 -1.9447 4.4397 1.6316 0.0849 -1.9615 -6.9406 -0.2795 -14.0808 -0.0156 7.5527 -0.0706 6.8331 -3.7199 1.6756 -1.4191 -1.4083 0.9604
-126.9982 99.9718 1300.7943 0.9744 -4.8318 -6.3163 -1.6861 -0.2372 0.0899 -0.6237 -5.0253 -0.0578 1.0693 10.3975 -1.9500 1.5152 10.9910 2.3826 -0.4937 -3.5675 0.2919 1.9847 -1.6003 -1.0112 -0.0026 0.0211 -0.0053 0.7422 -10.6547 -3.8699 -0.7483 -10.6860 3.8695 -12.2201 12.0202 -5.5047 -56.2113 3.8938 -21.3195 -0.1518 0.0517 -41.1046 10.0495 -20.1916 4.8115 -15.0427 10.7134 15.6266 -59.2199 1.5126 2.7309 8.5929 12.7103 10.6897 63.5310 2.1111 19.2128 0.2569 -0.1427 35.9086 1.7181 1.1700 -5.5134 15.3890 7.0307 -16.1230 49.4757 -3.7383 -5.3937 -0.3398 2.8864 10.3864 -0.0165 3.6829 -0.0321 -0.1683 -1.9800 4.3324 1.6346 0.0174 -1.9587 -6.7141 0.0800 -13.9650 -0.0019 6.8705 -0.0508 6.8171 -3.7950 1.7237 -1.4167 -1.5107 0.9794
-127.3872 99.9999 1301.6238 0.9074 -4.6495 -6.5050 -1.6369 -0.3860 0.0583 -0.6050 -5.0412 -0.0587 1.0854 10.4141 -1.9664 1.6391 10.9711 2.3879 -0.5433 -3.5686 0.2678 1.9603 -1.1929 -1.0101 -0.0039 0.0179 -0.0244 0.7444 -10.6471 -3.8942 -0.7534 -10.6781 3.8548 -12.4502 11.9467 -5.4739 -56.2158 4.5144 -22.0683 -0.1281 0.0645 -41.9685 9.6281 -19.0143 4.9380 -14.9942 10.7620 15.6518 -59.2737 1.6026 2.7090 8.6810 12.4420 10.7857 63.1351 1.8928 18.7873 0.0226 -0.1184 37.3368 1.2463 0.6479 -5.1568 15.3650 7.0300 -16.1602 49.5376 -3.7602 -5.3547 -0.1000 2.9122 10.7258 -0.0178 3.5131 -0.0505 -0.3543 -2.0139 4.2063 1.6442 -0.0951 -1.9388 -6.5010 0.4109 -13.8556 0.0091 6.2335 -0.0405 6.8072 -3.8433 1.7184 -1.4158 -1.6279 1.0096
-127.6858 99.9937 1302.0731 0.8197 -4.4911 -6.5641 -1.5620 -0.5264 0.0617 -0.5822 -5.0473 -0.1099 1.0727 10.4378 -1.9981 1.6834 10.8672 2.3216 -0.5803 -3.5702 0.3527 1.8884 -0.8920 -1.1600 -0.0071 0.0274 -0.0334 0.7426 -10.6388 -3.9079 -0.7578 -10.6677 3.8508 -12.8110 11.8666 -5.4659 -56.2357 5.1592 -22.4983 -0.1347 0.0843 -42.7519 9.2657 -17.8611 4.9692 -14.9383 10.8366 15.7130 -59.3357 1.6585 2.6649 8.7139 12.1007 10.8195 62.8377 1.9101 18.5055 -0.1399 -0.0980 38.9791 1.0067 0.4071 -4.8088 15.3352 7.1147 -16.2599 49.6348 -3.7175 -5.3321 0.1333 2.8286 10.9326 -0.0218 3.5448 -0.0530 -0.4615 -2.1301 4.1234 1.6514 -0.1847 -1.9170 -6.2748 0.6958 -13.7872 0.0069 5.7391 -0.0324 6.8012 -3.8475 1.6151 -1.4127 -1.7700 1.0519
