HIERARCHY
ROOT Hips
{
	OFFSET 0.0000 0.0000 0.0000
	CHANNELS 6 Xposition Yposition Zposition Zrotation Xrotation Yrotation
	JOINT Spine1
	{
		OFFSET -0.0137 5.0038 -0.0537
		CHANNELS 3 Zrotation Xrotation Yrotation
		JOINT Spine2
		{
			OFFSET -0.0000 7.1253 -0.0298
			CHANNELS 3 Zrotation Xrotation Yrotation
			JOINT Chest
			{
				OFFSET -0.0000 7.5501 -0.8160
				CHANNELS 3 Zrotation Xrotation Yrotation
				JOINT Neck1
				{
					OFFSET -0.1817 26.3113 -0.5533
					CHANNELS 3 Zrotation Xrotation Yrotation
					JOINT Neck2
					{
						OFFSET -0.0000 7.7094 2.3026
						CHANNELS 3 Zrotation Xrotation Yrotation
						JOINT Head
						{
							OFFSET -0.0000 6.1289 1.9537
							CHANNELS 3 Zrotation Xrotation Yrotation
							JOINT Jaw
							{
								OFFSET 0.0026 0.4756 3.0949
								CHANNELS 3 Zrotation Xrotation Yrotation
								End Site
								{
									OFFSET 0.0 1.0 0.0
								}
							}
							JOINT LeftEye
							{
								OFFSET 3.2064 5.3802 7.5869
								CHANNELS 3 Zrotation Xrotation Yrotation
								End Site
								{
									OFFSET 0.0 1.0 0.0
								}
							}
							JOINT RightEye
							{
								OFFSET -3.2224 5.3619 7.5582
								CHANNELS 3 Zrotation Xrotation Yrotation
								End Site
								{
									OFFSET 0.0 1.0 0.0
								}
							}
						}
					}
				}
				JOINT LeftShoulder
				{
					OFFSET 1.6217 23.2372 5.1134
					CHANNELS 3 Zrotation Xrotation Yrotation
					JOINT LeftArm
					{
						OFFSET 14.9198 0.0000 -5.5023
						CHANNELS 3 Zrotation Xrotation Yrotation
						JOINT LeftForeArm
						{
							OFFSET 28.7393 0.0000 -0.0026
							CHANNELS 3 Zrotation Xrotation Yrotation
							JOINT LeftHand
							{
								OFFSET 27.0940 -0.0000 0.0026
								CHANNELS 3 Zrotation Xrotation Yrotation
								JOINT LeftHandThumbEnd
								{
									OFFSET 12.2686 -3.2202 4.8331
									CHANNELS 3 Zrotation Xrotation Yrotation
									End Site
									{
										OFFSET 0.0 1.0 0.0
									}
								}
								JOINT LeftHandMiddleEnd
								{
									OFFSET 19.0120 -0.3129 -0.0340
									CHANNELS 3 Zrotation Xrotation Yrotation
									End Site
									{
										OFFSET 0.0 1.0 0.0
									}
								}
							}
						}
					}
				}
				JOINT RightShoulder
				{
					OFFSET -1.3801 23.1803 5.2142
					CHANNELS 3 Zrotation Xrotation Yrotation
					JOINT RightArm
					{
						OFFSET -15.0372 0.0000 -5.5456
						CHANNELS 3 Zrotation Xrotation Yrotation
						JOINT RightForeArm
						{
							OFFSET -28.7366 0.0000 -0.0026
							CHANNELS 3 Zrotation Xrotation Yrotation
							JOINT RightHand
							{
								OFFSET -27.1336 -0.0000 0.0026
								CHANNELS 3 Zrotation Xrotation Yrotation
								JOINT RightHandThumbEnd
								{
									OFFSET -12.2642 -3.2115 4.8040
									CHANNELS 3 Zrotation Xrotation Yrotation
									End Site
									{
										OFFSET 0.0 1.0 0.0
									}
								}
								JOINT RightHandMiddleEnd
								{
									OFFSET -19.0006 -0.3066 -0.0316
									CHANNELS 3 Zrotation Xrotation Yrotation
									End Site
									{
										OFFSET 0.0 1.0 0.0
									}
								}
							}
						}
					}
				}
			}
		}
	}
	JOINT LeftLeg
	{
		OFFSET 10.0432 -8.4345 2.5957
		CHANNELS 3 Zrotation Xrotation Yrotation
		JOINT LeftShin
		{
			OFFSET -0.0000 -43.2218 -0.8029
			CHANNELS 3 Zrotation Xrotation Yrotation
			JOINT LeftFoot
			{
				OFFSET 0.0000 -42.1551 -3.4815
				CHANNELS 3 Zrotation Xrotation Yrotation
				JOINT LeftToeBase
				{
					OFFSET 0.0000 -5.0595 13.2315
					CHANNELS 3 Zrotation Xrotation Yrotation
					End Site
					{
						OFFSET 0.0 1.0 0.0
					}
				}
			}
		}
	}
	JOINT RightLeg
	{
		OFFSET -10.0473 -8.2953 2.6203
		CHANNELS 3 Zrotation Xrotation Yrotation
		JOINT RightShin
		{
			OFFSET 0.0000 -43.3622 -0.8056
			CHANNELS 3 Zrotation Xrotation Yrotation
			JOINT RightFoot
			{
				OFFSET 0.0000 -42.1174 -3.4784
				CHANNELS 3 Zrotation Xrotation Yrotation
				JOINT RightToeBase
				{
					OFFSET -0.0000 -5.0796 13.2842
					CHANNELS 3 Zrotation Xrotation Yrotation
					End Site
					{
						OFFSET 0.0 1.0 0.0
					}
				}
			}
		}
	}
}
MOTION
Frames: 240
Frame Time: 0.033333
-3.7276 97.9302 4.4443 0.5695 5.3456 -0.3496 2.9851 3.1355 -0.0753 0.8438 -3.8968 -1.6141 5.8902 14.2935 -1.6461 -4.8748 15.1641 4.3239 -0.4317 -3.6542 3.2326 -9.5408 -11.5262 7.3235 0.0180 -0.0289 0.0014 0.7969 -10.3486 -3.8083 -0.7677 -10.3634 3.8247 -1.0817 17.0894 -12.0739 -54.1389 3.7911 -45.9986 0.7239 0.6521 -82.4521 2.3012 4.7139 34.4016 -16.0691 10.6002 15.5068 -60.2235 1.3129 2.3171 3.6578 12.6363 12.7701 57.3978 -7.5595 34.1030 -0.5655 -0.3987 113.0392 32.9145 10.9387 -18.0869 15.1780 7.2249 -15.6269 51.0118 -2.9567 -5.1626 7.0418 -18.4796 4.4471 -0.0439 21.2439 -0.2069 -8.9290 -8.8298 -3.6763 1.6291 -0.4553 -1.8818 -5.4756 -14.7261 -4.8620 0.1161 23.4977 0.3544 6.6977 -13.4916 -7.1840 -1.4127 -0.0784 1.1799
-3.4522 97.9530 4.8302 0.6696 5.4906 -0.2108 2.8880 3.2160 -0.1063 0.8455 -3.9182 -1.5797 5.7704 14.3336 -1.6851 -4.7221 15.2098 4.2661 -0.4987 -3.6796 3.1835 -9.5375 -11.5759 7.1159 0.0020 -0.0338 0.0303 0.7746 -10.3496 -3.7738 -0.7777 -10.3610 3.8540 -1.0087 17.1516 -12.2037 -53.9224 3.5315 -45.8611 0.5088 0.5068 -82.4044 2.7055 4.2598 34.0166 -15.9511 10.5966 15.5554 -60.1063 1.2533 2.2913 3.6762 12.7975 12.6103 57.1823 -7.5741 33.8632 -0.4721 -0.3773 112.9599 32.4775 10.3401 -18.0119 15.0888 7.2345 -15.6008 50.8662 -2.9593 -5.1002 6.7922 -18.5369 4.3847 -0.0648 21.3472 -0.2242 -8.8649 -9.0315 -3.6547 1.6289 -0.4288 -1.8807 -5.7383 -14.7381 -4.9187 0.1155 23.4934 0.3547 6.9922 -13.3841 -7.3459 -1.4191 -0.0372 1.1588
-3.1492 97.9603 5.1159 0.8009 5.6754 -0.0091 2.7673 3.3201 -0.1675 0.8295 -3.8929 -1.5172 5.6347 14.4011 -1.7153 -4.5429 15.1848 4.1576 -0.5759 -3.7258 3.1065 -9.5935 -11.7371 7.0034 -0.0027 -0.0345 0.0367 0.7607 -10.3689 -3.7663 -0.7731 -10.3730 3.8581 -0.9867 17.2523 -12.3274 -53.7286 3.2351 -45.4972 0.4281 0.4283 -82.4486 3.0502 4.0333 33.7449 -15.9167 10.6182 15.6210 -60.0508 1.2445 2.3118 3.5427 12.8791 12.5090 57.0313 -7.5968 33.6700 -0.3119 -0.3394 112.9673 32.0772 9.9439 -17.9622 15.0070 7.2035 -15.5555 50.6996 -2.9454 -5.0587 6.4864 -18.6625 4.2345 -0.0647 21.4899 -0.2355 -8.6856 -9.2231 -3.5859 1.6336 -0.4064 -1.8664 -6.0312 -14.8378 -5.1063 0.1217 23.5556 0.3822 7.2955 -13.2892 -7.4923 -1.4203 0.0124 1.1388
-2.8475 97.9793 5.3353 0.8876 5.9114 0.1195 2.6625 3.4792 -0.1780 0.8246 -3.8765 -1.5037 5.4790 14.4947 -1.6849 -4.4022 15.0853 4.0556 -0.6364 -3.7465 3.0292 -9.6849 -12.1347 6.9865 0.0027 -0.0363 0.0249 0.7577 -10.3873 -3.7777 -0.7590 -10.3876 3.8435 -1.0285 17.3657 -12.4122 -53.5973 2.8208 -44.8633 0.3343 0.3281 -82.4796 3.5029 4.2047 33.5162 -15.8729 10.6241 15.6803 -60.0234 1.2396 2.3491 3.3240 12.9907 12.5247 56.7914 -7.5721 33.6356 -0.1958 -0.3283 113.0936 31.6865 9.8377 -17.7707 14.9737 7.1929 -15.5222 50.6020 -2.9322 -5.0361 6.1954 -18.8594 4.1196 -0.0604 21.6591 -0.2527 -8.4896 -9.3946 -3.4289 1.6366 -0.4402 -1.8572 -6.2900 -14.9998 -5.2671 0.1228 23.5553 0.3929 7.5473 -13.1616 -7.5072 -1.4211 0.0014 1.1230
-2.5267 98.0042 5.4709 0.9455 6.2273 0.2142 2.5793 3.6782 -0.1875 0.8185 -3.8103 -1.4520 5.2982 14.5921 -1.6555 -4.2769 14.8488 3.9629 -0.6782 -3.7591 2.9778 -9.7971 -12.7478 7.0550 0.0082 -0.0345 0.0168 0.7560 -10.3961 -3.7864 -0.7457 -10.3951 3.8331 -1.1042 17.5016 -12.4584 -53.4558 2.3577 -44.0789 0.2611 0.2733 -82.5276 4.0267 4.5013 33.3394 -15.8109 10.6620 15.7152 -59.9635 1.2549 2.3828 2.9908 13.0981 12.6008 56.4922 -7.5338 33.8296 -0.1305 -0.2986 113.3839 31.2911 9.8451 -17.4682 14.9295 7.1873 -15.5198 50.5090 -2.9569 -5.0204 5.9020 -19.1834 3.9969 -0.0504 21.8715 -0.2572 -8.3170 -9.5469 -3.2601 1.6392 -0.4644 -1.8522 -6.5251 -15.2340 -5.3943 0.1201 23.4913 0.4156 7.8147 -13.0027 -7.5234 -1.4227 -0.0094 1.1089
-2.1869 98.0084 5.5493 0.9813 6.6037 0.2979 2.4912 3.9432 -0.1722 0.8234 -3.7234 -1.4368 5.0880 14.7220 -1.5998 -4.1826 14.4941 3.9095 -0.7039 -3.7680 2.9320 -9.8972 -13.5222 7.1401 0.0147 -0.0304 0.0072 0.7550 -10.4016 -3.7944 -0.7314 -10.3996 3.8192 -1.1722 17.6693 -12.4728 -53.2636 1.9088 -43.2259 0.2244 0.2569 -82.6793 4.5179 4.7967 33.2674 -15.7581 10.7056 15.7444 -59.9348 1.3006 2.4142 2.6288 13.2286 12.7770 56.1298 -7.5788 34.0101 0.0152 -0.2632 113.8762 30.8338 9.7637 -17.0190 14.9034 7.1722 -15.5015 50.4546 -2.9764 -5.0173 5.6120 -19.7047 3.8356 -0.0443 22.2881 -0.2589 -8.1257 -9.7802 -3.0487 1.6426 -0.4158 -1.8461 -6.7391 -15.6097 -5.4353 0.1168 23.5333 0.4309 8.1095 -12.8803 -7.5300 -1.4245 -0.0142 1.1057
-1.8170 97.9703 5.5925 0.9981 7.0164 0.4037 2.3840 4.2648 -0.1386 0.8177 -3.6001 -1.4061 4.8833 14.8564 -1.5448 -4.1227 14.0619 3.8948 -0.7319 -3.7932 2.8786 -10.0052 -14.4101 7.2533 0.0204 -0.0306 0.0007 0.7556 -10.4092 -3.8009 -0.7206 -10.4072 3.8120 -1.2495 17.8260 -12.4692 -53.0444 1.5456 -42.3901 0.2237 0.3117 -82.9327 4.8526 4.9862 33.2302 -15.7285 10.7399 15.7459 -59.8994 1.3677 2.3671 2.2991 13.3947 13.0262 55.7266 -7.6133 34.0916 0.1423 -0.1798 114.4879 30.3647 9.6975 -16.3629 14.8460 7.1521 -15.4887 50.3878 -2.9992 -5.0448 5.3332 -20.3968 3.6044 -0.0503 22.9172 -0.2601 -7.9237 -10.0539 -2.7565 1.6541 -0.3783 -1.8468 -6.9678 -16.0813 -5.4180 0.1198 23.6880 0.4341 8.4175 -12.8524 -7.5558 -1.4282 -0.0305 1.1050
-1.4263 97.8790 5.5860 1.0095 7.4683 0.6050 2.2335 4.6221 -0.1234 0.7912 -3.4677 -1.3673 4.6763 15.0563 -1.4615 -4.0455 13.6115 3.8828 -0.7469 -3.8097 2.7735 -10.1344 -15.4226 7.3471 0.0276 -0.0211 -0.0224 0.7645 -10.4262 -3.8260 -0.7151 -10.4193 3.7871 -1.2850 17.9696 -12.4978 -52.8081 1.1454 -41.3721 0.1306 0.3164 -83.4198 5.1636 5.0097 33.1224 -15.7431 10.7465 15.7719 -59.9329 1.3952 2.3365 2.0331 13.5629 13.2739 55.2905 -7.6525 33.9630 0.2371 -0.0950 115.1608 29.9319 9.6347 -15.6157 14.8446 7.1799 -15.5171 50.4206 -2.9650 -5.1020 5.0544 -21.2710 3.2980 -0.0427 23.7525 -0.2591 -7.7193 -10.4628 -2.4699 1.6588 -0.2955 -1.8420 -7.1894 -16.6703 -5.5024 0.1188 24.0005 0.4316 8.7130 -13.0156 -7.5799 -1.4298 0.0035 1.0924
-1.0182 97.7337 5.6111 1.0871 7.9721 0.9321 1.9894 4.9449 -0.1134 0.7264 -3.3282 -1.2746 4.4707 15.2939 -1.4219 -3.9525 13.2584 3.8530 -0.7701 -3.8227 2.6692 -10.2002 -16.4730 7.3285 0.0319 -0.0063 -0.0435 0.7733 -10.4335 -3.8488 -0.7156 -10.4186 3.7667 -1.3554 18.0737 -12.5595 -52.5957 0.7923 -40.2696 0.0745 0.3104 -84.0594 5.5205 4.7779 33.0199 -15.7631 10.7536 15.8077 -60.0014 1.4174 2.2732 1.8924 13.7218 13.5206 54.8193 -7.5621 33.7218 0.1686 -0.1060 115.6901 29.5830 9.8956 -14.7714 14.8699 7.2295 -15.5686 50.5233 -2.9691 -5.1505 4.6882 -22.2134 3.0044 -0.0300 24.5678 -0.2440 -7.5009 -10.9580 -2.2799 1.6550 -0.1504 -1.8482 -7.4945 -17.3465 -5.6657 0.1216 24.4112 0.4547 9.0519 -13.3053 -7.6821 -1.4292 0.0477 1.0822
-0.5864 97.6084 5.7337 1.2648 8.5476 1.3368 1.6531 5.1863 -0.0998 0.6463 -3.2114 -1.1868 4.2355 15.5676 -1.3930 -3.9248 13.0508 3.8189 -0.8301 -3.8220 2.5978 -10.1657 -17.3344 7.2030 0.0334 -0.0004 -0.0606 0.7755 -10.4333 -3.8645 -0.7154 -10.4154 3.7487 -1.4402 18.1379 -12.5629 -52.4826 0.3717 -39.1162 -0.0031 0.2509 -84.6563 6.1550 4.3770 33.0401 -15.8331 10.7433 15.8309 -60.0876 1.4395 2.1697 1.8874 13.8805 13.7901 54.4211 -7.4856 33.4284 -0.0098 -0.2110 115.9822 29.4366 10.6172 -13.8153 14.8912 7.3072 -15.5974 50.6513 -2.9837 -5.1970 4.1806 -23.0962 2.8407 -0.0159 25.1141 -0.2245 -7.2626 -11.4079 -2.3171 1.6484 -0.0399 -1.8716 -7.9191 -18.0590 -5.8879 0.1330 24.7415 0.4948 9.4566 -13.5739 -7.7697 -1.4239 0.0767 1.0786
-0.0704 97.5623 5.9292 1.4802 9.2333 1.8113 1.2772 5.3768 -0.1147 0.5530 -3.1106 -1.0459 3.9571 15.7716 -1.3410 -3.9289 12.9324 3.7728 -0.9201 -3.8116 2.5208 -10.0260 -17.9917 7.0139 0.0351 -0.0016 -0.0721 0.7694 -10.4328 -3.8716 -0.7065 -10.4119 3.7332 -1.3726 18.1452 -12.4852 -52.5616 -0.0199 -38.0197 -0.1286 0.1918 -85.1173 6.9417 3.9327 33.1740 -15.9207 10.7618 15.9046 -60.2261 1.4483 2.0997 1.8963 14.0222 13.9918 54.3374 -7.5614 33.1544 -0.1170 -0.3602 116.1915 29.5006 11.5819 -12.9399 14.9542 7.3440 -15.5968 50.7638 -3.0406 -5.2237 3.6085 -23.8649 2.6757 -0.0072 25.2784 -0.2237 -7.0041 -11.6549 -2.4344 1.6397 0.0668 -1.9044 -8.3683 -18.6610 -6.1625 0.1459 24.6787 0.5506 9.8758 -13.6398 -7.9046 -1.4165 0.1067 1.0833
0.4529 97.6160 6.1527 1.6516 10.0568 2.2872 0.9265 5.5387 -0.1218 0.4590 -3.0408 -0.8697 3.6636 15.8219 -1.2687 -3.9928 12.7768 3.7676 -0.9619 -3.7806 2.4098 -9.8196 -18.4717 6.8322 0.0368 -0.0044 -0.0725 0.7629 -10.4235 -3.8667 -0.6967 -10.4028 3.7275 -1.0835 18.0727 -12.2876 -52.7384 -0.0150 -37.3613 -0.1442 0.2045 -85.3874 7.1680 3.7841 33.5853 -15.9658 10.7489 15.9306 -60.3718 1.4218 2.0905 1.8374 14.0961 14.1553 54.5576 -7.5716 33.0702 -0.1742 -0.4721 116.4995 29.8005 12.7174 -12.2865 15.0042 7.3554 -15.5751 50.8095 -3.0907 -5.1597 3.0990 -24.5675 2.3941 -0.0181 25.0986 -0.2421 -6.7503 -11.6451 -2.4591 1.6339 0.1458 -1.9247 -8.7387 -19.0861 -6.3608 0.1580 24.0914 0.5903 10.2881 -13.4516 -8.1526 -1.4112 0.1252 1.0854
0.9757 97.7562 6.4307 1.6919 11.0447 2.7139 0.6317 5.6862 -0.1234 0.3673 -2.9801 -0.6734 3.3902 15.6568 -1.1477 -4.0769 12.4698 3.8344 -0.9658 -3.7491 2.3048 -9.5317 -18.8582 6.6999 0.0372 -0.0056 -0.0685 0.7613 -10.4222 -3.8625 -0.6940 -10.4022 3.7309 -0.6253 17.8917 -11.9994 -52.9564 0.4943 -37.0593 -0.0193 0.2308 -85.5296 6.6429 4.0840 34.4331 -16.0004 10.6840 15.8626 -60.4544 1.3479 2.1170 1.6685 14.0652 14.3264 55.0588 -7.5228 33.0492 -0.1171 -0.5136 116.9602 30.2880 14.2450 -11.8414 15.0262 7.3364 -15.5774 50.7765 -3.1503 -5.0601 2.7726 -25.2741 2.0024 -0.0364 24.6558 -0.2836 -6.5264 -11.4852 -2.3867 1.6285 0.1967 -1.9282 -8.9029 -19.3567 -6.5354 0.1542 22.9701 0.5943 10.6232 -13.0192 -8.4845 -1.4089 0.0943 1.0621
1.4130 97.9319 6.7713 1.5788 12.1766 3.0848 0.3462 5.7919 -0.1125 0.2780 -2.9178 -0.4896 3.1393 15.3262 -0.9671 -4.1007 11.9451 3.9223 -0.9461 -3.7242 2.2644 -9.1220 -19.2072 6.5347 0.0364 -0.0066 -0.0637 0.7604 -10.4227 -3.8606 -0.6941 -10.4008 3.7390 -0.1276 17.7213 -11.6904 -53.1917 1.3440 -36.6834 0.1641 0.2894 -85.5994 5.6204 4.6707 35.6141 -16.0206 10.5962 15.7296 -60.4803 1.2860 2.1371 1.4578 13.9559 14.5288 55.7354 -7.5162 32.9067 0.0876 -0.4711 117.5815 30.7634 15.9883 -11.6184 15.0286 7.2796 -15.5827 50.6735 -3.1916 -5.0243 2.6709 -26.0484 1.5533 -0.0568 24.0938 -0.3315 -6.3247 -11.2449 -2.3686 1.6267 0.2390 -1.9249 -8.8455 -19.5227 -6.6942 0.1344 21.4706 0.5784 10.8415 -12.4097 -8.9063 -1.4087 -0.0103 1.0313
1.8025 98.1097 7.2192 1.3473 13.3341 3.4893 0.0466 5.8860 -0.0997 0.1980 -2.8615 -0.3644 2.8574 14.9336 -0.7566 -4.0023 11.3107 4.0031 -0.9001 -3.6863 2.2738 -8.6386 -19.5607 6.3240 0.0350 -0.0048 -0.0584 0.7610 -10.4243 -3.8567 -0.6966 -10.4018 3.7465 0.3522 17.6148 -11.3727 -53.4096 2.3348 -35.8358 0.2720 0.3676 -85.8061 4.4610 5.3854 36.8705 -16.0218 10.5141 15.6035 -60.5004 1.2428 2.1875 1.2271 13.8134 14.7069 56.4321 -7.6856 32.4718 0.4149 -0.4032 118.4201 30.9295 17.1603 -11.7722 15.0066 7.1932 -15.6064 50.5675 -3.2258 -5.0832 2.7641 -26.9265 1.1275 -0.0756 23.7320 -0.3708 -6.1626 -11.0883 -2.5826 1.6282 0.3109 -1.9063 -8.5792 -19.6574 -6.9629 0.0979 19.9767 0.5389 11.0161 -11.7779 -9.3231 -1.4091 -0.1027 1.0140
2.1466 98.1899 7.7483 0.9752 14.3560 3.8886 -0.2174 6.0151 -0.0865 0.1100 -2.8068 -0.2409 2.5385 14.5917 -0.5673 -3.7700 10.7264 4.0495 -0.8780 -3.6661 2.2731 -8.0633 -19.9370 6.0192 0.0340 -0.0010 -0.0540 0.7638 -10.4211 -3.8520 -0.7006 -10.3999 3.7504 0.6928 17.5835 -11.0601 -53.4961 3.2873 -34.3630 0.1766 0.5433 -86.2051 3.2656 5.7013 37.8502 -16.0650 10.4528 15.4718 -60.5621 1.1968 2.1583 0.9838 13.6929 14.8252 56.9902 -8.0503 31.7821 0.6915 -0.2578 119.5060 30.7760 17.1047 -12.2065 15.0141 7.0885 -15.6409 50.4539 -3.2943 -5.1426 3.0731 -27.8420 0.7772 -0.0982 23.8272 -0.4106 -6.0677 -11.2165 -2.9914 1.6339 0.4158 -1.8893 -8.1438 -19.6837 -7.2886 0.0665 18.7319 0.4871 11.2528 -11.2818 -9.6700 -1.4106 -0.1460 1.0058
2.4114 98.1849 8.3644 0.4795 15.1724 4.2581 -0.4198 6.1527 -0.0464 0.0306 -2.7559 -0.1409 2.1857 14.3689 -0.4130 -3.5327 10.2762 4.0703 -0.9007 -3.6570 2.2085 -7.3882 -20.2271 5.5451 0.0363 0.0084 -0.0588 0.7681 -10.4052 -3.8519 -0.7005 -10.3843 3.7416 0.6424 17.5713 -10.8244 -53.2754 4.1906 -32.5140 -0.0223 0.7491 -86.5598 2.2194 5.6246 38.5468 -16.0983 10.3730 15.3121 -60.5771 1.1116 2.0148 0.8163 13.5914 14.8602 57.2981 -8.5160 30.8528 0.8471 -0.0892 120.7415 30.5017 16.1479 -12.7049 15.1181 7.0643 -15.6902 50.4672 -3.2739 -5.1940 3.5442 -28.7431 0.5388 -0.1199 24.4606 -0.4674 -6.0425 -11.7512 -3.4737 1.6391 0.5243 -1.8748 -7.5912 -19.5400 -7.6409 0.0368 17.7768 0.4236 11.5558 -11.0641 -9.9649 -1.4136 -0.1734 1.0131
2.7011 98.0386 9.1155 -0.0432 15.8105 4.5569 -0.5553 6.2710 -0.0066 -0.0781 -2.6730 -0.0027 1.7851 14.2335 -0.3185 -3.4405 10.0402 4.0953 -0.8800 -3.6491 1.9970 -6.7002 -20.3406 4.9829 0.0404 0.0228 -0.0701 0.7746 -10.3609 -3.8565 -0.6983 -10.3474 3.7206 0.1109 17.5511 -10.7163 -52.7376 4.8609 -30.5296 -0.1177 0.8790 -86.6400 1.6439 5.6461 39.3284 -16.1774 10.2708 15.1423 -60.5535 1.0051 1.8369 0.6709 13.4724 14.7906 57.4610 -9.0054 29.9381 0.8348 0.0704 121.9469 30.2774 14.9784 -13.1089 15.2481 7.1145 -15.7482 50.5745 -3.2280 -5.2285 4.0478 -29.6497 0.3963 -0.1322 25.6010 -0.5044 -6.0636 -12.6071 -3.9532 1.6410 0.6373 -1.8543 -7.0369 -19.3232 -7.9337 0.0220 17.1681 0.3879 11.8239 -11.2291 -10.2863 -1.4143 -0.1110 1.0245
2.9497 97.8187 9.8772 -0.4518 16.3410 4.7297 -0.6711 6.3609 0.0632 -0.1925 -2.6189 0.1241 1.2535 14.1969 -0.3056 -3.5638 10.2130 4.1433 -0.8752 -3.6293 1.6349 -6.1094 -20.2223 4.3853 0.0413 0.0294 -0.0710 0.7812 -10.3116 -3.8451 -0.7034 -10.3067 3.7069 -0.8214 17.4959 -10.7777 -52.1551 4.8955 -28.2720 -0.1176 0.9068 -86.3569 1.9069 5.8281 40.4381 -16.2978 10.1477 14.9411 -60.5703 0.9495 1.6576 0.4510 13.3776 14.6212 57.7028 -9.4680 29.2053 0.8078 0.1854 122.9120 30.1522 13.7698 -13.4272 15.4016 7.1776 -15.7527 50.7898 -3.1920 -5.1899 4.3974 -30.4900 0.3197 -0.1456 27.0245 -0.5328 -6.0516 -13.6955 -4.3039 1.6382 0.7145 -1.8440 -6.6886 -19.1201 -7.9986 0.0126 16.9203 0.3680 12.0911 -11.7830 -10.6326 -1.4127 -0.0472 1.0414
3.2415 97.5885 10.7033 -0.6660 16.7591 4.8081 -0.7830 6.4022 0.1060 -0.3140 -2.5684 0.2808 0.5971 14.2017 -0.4300 -3.9472 10.9350 4.1983 -0.9324 -3.6239 1.2000 -5.6865 -19.8172 3.7965 0.0333 0.0214 -0.0482 0.7684 -10.2697 -3.8103 -0.7072 -10.2767 3.7195 -2.0097 17.3567 -10.9622 -51.7893 4.0529 -25.8472 -0.1440 0.7719 -85.7333 3.2033 6.0645 41.5998 -16.4285 10.0480 14.7623 -60.4925 0.9492 1.5163 -0.0031 13.3291 14.2288 58.3181 -9.8387 28.9284 0.8216 0.2934 123.4757 30.1510 12.9474 -13.8271 15.4605 7.2126 -15.7544 50.8803 -3.2085 -5.1549 4.5329 -31.0121 0.1409 -0.1652 28.2602 -0.5821 -5.9968 -14.7811 -4.3088 1.6358 0.7403 -1.8416 -6.6517 -18.8449 -7.7460 0.0039 16.8314 0.3836 12.3260 -12.4477 -11.0984 -1.4073 -0.0430 1.0665
3.5543 97.3816 11.6076 -0.6875 17.1160 4.7633 -0.9230 6.3801 0.1191 -0.4169 -2.5604 0.3964 -0.1562 14.2282 -0.6466 -4.5575 12.2406 4.3232 -1.0283 -3.6244 0.7244 -5.4473 -19.0573 3.1661 0.0163 0.0041 -0.0079 0.7356 -10.2430 -3.7542 -0.7095 -10.2650 3.7492 -3.2717 17.1213 -11.2302 -51.5877 2.6750 -23.6106 -0.2843 0.5035 -85.3062 4.7479 6.1320 42.3520 -16.5498 9.9979 14.6939 -60.4481 0.9600 1.4601 -0.5900 13.4149 13.6569 59.2667 -9.9844 29.1097 0.8786 0.3716 123.7297 30.1735 12.7509 -14.6727 15.4139 7.2329 -15.7658 50.8493 -3.2158 -5.1028 4.4895 -31.2030 -0.2563 -0.1933 29.1882 -0.6349 -5.9596 -15.8074 -3.8544 1.6373 0.7307 -1.8497 -6.9109 -18.5476 -7.1845 -0.0123 16.8328 0.4055 12.5254 -13.0418 -11.6393 -1.4030 -0.1127 1.0645
3.8702 97.1760 12.6286 -0.5679 17.3932 4.5980 -1.1146 6.2931 0.1036 -0.4879 -2.5834 0.4321 -0.9558 14.2440 -0.9289 -5.3629 14.0959 4.5025 -1.1512 -3.6344 0.2235 -5.3103 -17.8425 2.3789 -0.0089 -0.0111 0.0290 0.6912 -10.2729 -3.7109 -0.7171 -10.3041 3.7874 -4.6223 16.8472 -11.6338 -51.4040 1.0706 -21.7200 -0.5288 0.2262 -85.4374 6.0208 6.1301 42.6271 -16.6140 9.9982 14.7518 -60.4123 1.0068 1.4539 -1.2392 13.6212 12.9037 60.4553 -9.9749 29.4741 1.0228 0.4782 123.9638 30.3091 12.7137 -16.0842 15.4021 7.2095 -15.8281 50.7297 -3.1757 -5.1621 4.2729 -31.1223 -0.7507 -0.2335 29.9737 -0.7096 -5.9683 -16.8706 -3.1010 1.6417 0.7113 -1.8435 -7.3946 -18.2378 -6.3646 -0.0421 17.0734 0.4132 12.7354 -13.6199 -12.2172 -1.4015 -0.2117 1.0398
4.2250 96.9125 13.7859 -0.4250 17.4792 4.3164 -1.2930 6.1544 0.0528 -0.5457 -2.6150 0.4140 -1.7498 14.2252 -1.2681 -6.3038 16.5749 4.7382 -1.2700 -3.6565 -0.3325 -5.2757 -16.2555 1.4036 -0.0409 -0.0204 0.0530 0.6441 -10.3461 -3.6970 -0.7362 -10.3904 3.8312 -6.1319 16.5480 -12.1719 -51.0514 -0.6557 -20.1602 -1.0387 0.0110 -86.1768 6.8967 6.2199 42.3990 -16.5618 10.0715 14.9296 -60.3795 1.0837 1.5264 -1.9452 13.8516 11.9682 61.7925 -9.7261 29.9510 1.1470 0.6589 124.2381 30.5409 12.6895 -17.7451 15.3527 7.1622 -15.9282 50.5388 -3.2273 -5.2332 4.0105 -30.7748 -1.2938 -0.2732 30.8695 -0.7924 -6.0377 -18.0902 -2.2501 1.6516 0.6799 -1.8201 -8.0001 -17.9684 -5.2711 -0.0746 17.9625 0.4262 13.0821 -14.3912 -12.8921 -1.4065 -0.3376 1.0302
4.6110 96.6147 15.0962 -0.3110 17.3115 3.8080 -1.4302 5.9186 0.0396 -0.5689 -2.7164 0.3338 -2.5087 14.3018 -1.5959 -7.2901 19.6274 5.0326 -1.5798 -3.6090 -0.8783 -5.4153 -14.4245 0.2062 -0.0808 -0.0172 0.0816 0.6058 -10.4596 -3.6920 -0.7798 -10.5179 3.8950 -7.8727 16.2530 -12.8272 -50.3297 -2.3525 -19.0580 -1.6538 -0.0385 -87.5365 7.1699 6.1829 41.7024 -16.3339 10.1127 15.1430 -60.2550 1.1420 1.6703 -2.6778 14.1158 10.8531 63.0737 -9.3348 30.3799 1.2960 0.8051 124.6675 31.0161 12.5897 -19.5407 15.2141 7.2035 -16.1574 50.3828 -3.2929 -5.3497 3.6895 -30.0556 -1.8176 -0.3160 31.9195 -0.8979 -6.0177 -19.4573 -1.2680 1.6626 0.5375 -1.8047 -8.7173 -18.0145 -3.7999 -0.0962 20.2141 0.4395 13.5307 -15.0988 -13.4767 -1.4374 -0.7298 1.0373
5.0903 96.2215 16.5830 -0.2847 16.6395 3.0637 -1.4952 5.7303 0.0361 -0.5532 -2.8112 0.1583 -3.2161 14.4597 -1.9114 -8.4826 23.3397 5.4855 -1.9069 -3.6301 -1.6266 -5.8193 -12.1167 -1.1068 -0.0904 -0.0307 0.0650 0.5982 -10.6062 -3.7412 -0.7948 -10.6880 3.9145 -9.7125 15.9429 -13.4722 -49.2069 -3.9664 -18.4038 -2.1833 0.0446 -89.2160 6.7462 6.1835 40.7566 -16.0742 10.2155 15.4317 -60.0728 1.2372 1.8051 -3.4268 14.4225 9.7796 64.2863 -8.8723 30.7246 1.3135 1.0284 125.0980 32.0814 12.8703 -21.1477 15.1223 7.3121 -16.4019 50.3105 -3.2704 -5.5120 3.3059 -28.6511 -2.1660 -0.3189 33.0274 -0.9300 -5.9997 -21.0901 -0.0347 1.6798 0.5001 -1.7701 -9.4441 -18.2336 -2.0296 -0.0970 24.1205 0.5717 14.0242 -15.7641 -13.8500 -1.4578 -1.3438 1.1003
5.5615 95.7721 18.2767 -0.3610 15.4475 1.9070 -1.4554 5.6150 0.0518 -0.5844 -2.8595 0.1157 -3.7766 14.6091 -2.2233 -9.9441 27.3070 6.3350 -2.3379 -3.6420 -2.5026 -6.6537 -9.3223 -2.4248 -0.0792 -0.0541 0.0358 0.6197 -10.7920 -3.8180 -0.7988 -10.8893 3.9288 -11.0966 15.4502 -13.8866 -48.1790 -5.1696 -18.4248 -2.2939 0.2037 -90.7301 6.1208 6.2320 39.9398 -15.7626 10.3200 15.7369 -59.8498 1.3598 2.1485 -4.1752 14.7374 8.8516 65.2310 -8.3501 31.1356 1.2492 1.0599 125.5233 33.3555 13.3718 -22.9865 15.1184 7.3351 -16.4794 50.2119 -3.2533 -5.5974 2.8079 -26.4747 -2.1440 -0.3018 34.0413 -0.9481 -6.0118 -22.7570 1.4174 1.6877 0.4408 -1.6994 -10.1002 -18.9145 -0.2160 -0.0402 30.0825 0.9019 13.8379 -15.7259 -13.8116 -1.4779 -2.6037 1.1563
6.0505 95.2995 20.1977 -0.5300 13.9955 0.4208 -1.3617 5.5421 0.0796 -0.5876 -2.9837 0.0395 -4.0857 14.7521 -2.4378 -11.5842 31.0978 7.0451 -2.6809 -3.6847 -3.3126 -7.7470 -6.9879 -3.2198 -0.0646 -0.0869 0.0105 0.6517 -10.8888 -3.8610 -0.8043 -11.0274 3.9162 -12.0005 15.1989 -13.9142 -47.2680 -6.6054 -18.9344 -1.8844 0.2212 -91.8463 5.8179 6.4460 40.0724 -15.6551 10.4306 16.0384 -59.7738 1.4117 2.4024 -5.0572 15.0857 8.1409 66.1442 -8.1870 31.3836 1.3640 1.0249 125.6775 34.8566 14.4263 -24.4315 14.9305 7.4651 -16.5623 50.1130 -3.3574 -5.6665 2.2487 -23.6946 -1.6164 -0.2527 34.7328 -0.8872 -5.9556 -24.4192 2.7332 1.6894 0.3977 -1.6847 -10.5389 -20.2248 1.0150 0.0771 37.4138 1.1028 13.0238 -15.2583 -13.5179 -1.4926 -3.7686 1.2078
6.5112 94.9392 22.3001 -0.8249 12.3537 -1.4017 -1.1203 5.5349 0.0818 -0.5599 -3.1286 -0.0370 -4.2486 14.7554 -2.5605 -13.3164 34.2356 7.7548 -2.9314 -3.7079 -3.9138 -9.0204 -5.1491 -3.4702 -0.0607 -0.1143 -0.0107 0.6764 -10.9350 -3.8824 -0.8231 -11.1088 3.8932 -12.3028 15.0393 -13.5770 -47.0343 -8.5587 -19.2780 -1.4553 0.1162 -92.4013 6.6795 7.1914 41.4680 -15.6599 10.6311 16.3060 -59.8912 1.4850 2.5765 -6.1019 15.3742 7.6950 66.9194 -8.2693 31.7851 1.3986 0.9301 125.6350 36.3464 16.1147 -25.4981 14.7341 7.5552 -16.5182 50.0676 -3.4729 -5.7146 1.7598 -20.2051 -0.5815 -0.1915 34.7850 -0.8112 -5.9053 -25.7791 3.8429 1.6866 0.0335 -1.7032 -10.4969 -21.9614 1.1245 0.2211 45.0474 1.2003 11.3688 -14.7363 -13.5422 -1.5004 -3.9622 1.1893
6.9049 94.8023 24.6960 -1.3788 10.7786 -3.5257 -0.7418 5.5365 0.0505 -0.4759 -3.2786 -0.1493 -4.1389 14.4930 -2.6667 -14.8782 36.4572 8.4599 -3.0303 -3.7179 -4.1680 -10.2376 -3.7744 -3.1940 -0.0487 -0.1335 -0.0391 0.7020 -10.9408 -3.9106 -0.8243 -11.1365 3.8586 -11.8992 14.8388 -13.0773 -48.1324 -10.8550 -19.0437 -1.2989 -0.0309 -92.7046 9.1482 8.1521 44.4380 -15.7257 10.8505 16.4319 -59.9980 1.5522 2.6454 -7.3401 15.5554 7.5373 67.4492 -8.6110 32.1179 1.3213 0.8627 125.5591 38.1686 17.8870 -26.3963 14.5992 7.5837 -16.4958 50.0121 -3.6284 -5.7810 1.6008 -16.2031 0.6786 -0.1329 33.8461 -0.7130 -5.9794 -26.5208 4.7856 1.6830 -0.7159 -1.7706 -9.7833 -23.6558 -0.1219 0.4226 50.3978 1.2642 9.6158 -14.6203 -13.5005 -1.4822 -3.6715 1.1113
7.2738 94.9097 27.3195 -2.2545 9.4662 -5.8211 -0.2539 5.4807 -0.0571 -0.3207 -3.4000 -0.3433 -3.7055 13.9667 -2.9322 -15.9799 37.7011 9.1612 -2.9935 -3.6958 -3.9396 -11.4005 -2.9945 -2.5206 -0.0141 -0.1290 -0.0724 0.7426 -10.8586 -3.9441 -0.7973 -11.0623 3.8121 -10.8545 14.5099 -12.6160 -50.2629 -12.6979 -18.4031 -1.3209 0.1174 -93.4911 11.4132 8.7560 47.4579 -15.6686 11.0327 16.4628 -60.0596 1.6531 2.6906 -8.4340 15.3741 7.7187 67.5630 -8.8474 32.2140 1.0774 0.7209 125.5878 40.0206 19.3604 -26.8186 14.6915 7.7039 -16.5370 50.1768 -3.7201 -5.8799 1.8577 -11.9008 1.9573 -0.0414 31.8952 -0.5810 -6.3002 -26.2885 5.8148 1.7302 -1.6760 -1.8909 -8.2505 -25.2454 -2.6597 0.6187 52.0279 1.2878 8.7553 -14.9136 -12.8406 -1.4354 -3.7584 1.0125
7.4919 95.3379 30.0060 -3.2959 8.4790 -7.9400 0.1747 5.3239 -0.2012 -0.1563 -3.4925 -0.6643 -2.9003 13.4135 -3.3299 -16.5147 37.8102 9.7117 -2.8266 -3.7022 -3.3094 -12.2322 -2.4478 -1.6571 0.0391 -0.1196 -0.0952 0.7900 -10.7995 -3.9780 -0.7366 -10.9910 3.7815 -9.4592 14.1854 -12.7020 -51.9248 -13.1601 -18.5650 -0.9216 0.1704 -94.8508 12.2099 9.2464 48.7252 -15.6975 11.2011 16.5893 -60.1742 1.7731 2.6964 -8.6203 14.9572 8.0826 66.9975 -9.0453 31.9002 0.7444 0.5208 125.6540 41.6382 20.1001 -26.7218 14.6775 7.7844 -16.5913 50.0740 -3.7318 -5.8675 2.5759 -7.7986 3.4383 0.0201 29.4548 -0.4606 -6.7985 -24.6502 5.9762 1.7598 -3.3511 -2.0462 -5.8464 -26.2882 -6.0609 0.6479 49.3623 1.1640 8.8666 -14.9099 -11.8191 -1.3937 -3.9895 0.8963
7.5170 96.0801 32.9849 -4.3598 7.8375 -9.5686 0.5129 5.0953 -0.3797 -0.0092 -3.5641 -1.1023 -1.8623 12.9199 -4.0164 -16.3626 37.0830 10.0160 -2.5811 -3.6991 -2.5022 -13.0933 -2.1783 -0.5222 0.1151 -0.1024 -0.1256 0.8493 -10.6821 -4.0161 -0.6394 -10.8692 3.7340 -7.7261 14.0427 -13.4226 -52.8745 -12.5527 -19.4613 -0.2725 0.1780 -96.8925 11.4111 9.6730 48.0293 -15.8474 11.3131 16.8361 -60.2384 1.7919 2.7211 -7.7560 14.2252 8.3386 65.8553 -9.1178 31.3942 0.4497 0.2711 125.7234 42.8411 20.8164 -25.7820 14.5464 7.8340 -16.6349 49.8690 -3.6555 -5.8184 3.6653 -4.2995 5.0188 0.0977 27.2443 -0.3639 -7.4618 -21.4964 5.3423 1.8092 -6.0849 -2.1943 -2.6999 -26.4036 -9.8201 0.5355 42.9426 0.8812 9.1720 -14.3517 -10.9611 -1.3921 -4.3222 0.8228
7.3219 97.0840 36.2362 -5.2497 7.4389 -10.5270 0.7769 4.8839 -0.5062 0.1009 -3.6207 -1.7554 -0.7661 12.5665 -4.8138 -15.4387 35.8419 9.9999 -2.4461 -3.6574 -1.6439 -13.9475 -2.0953 0.6530 0.1473 -0.0846 -0.1412 0.8690 -10.5475 -4.0298 -0.5952 -10.7232 3.7116 -5.7197 14.2389 -14.7663 -53.4521 -11.4110 -20.4222 0.3166 0.1034 -99.7481 9.9781 10.3005 46.0215 -16.0837 11.4428 17.0988 -60.4357 1.8577 2.8467 -5.9229 13.2682 8.3149 64.3444 -8.8843 30.9526 0.1238 0.0580 125.9857 43.2739 21.7598 -23.9572 14.3906 7.7832 -16.6242 49.6349 -3.4756 -5.8327 4.9853 -1.8343 6.5420 0.1676 26.2494 -0.3296 -8.2662 -16.8495 3.9313 1.8953 -10.4405 -2.3493 0.5099 -25.3682 -12.7576 0.4178 33.9140 0.5970 9.3637 -13.2798 -10.0439 -1.4279 -4.5789 0.8208
6.8941 98.2396 39.6576 -5.6879 7.1856 -10.8196 0.9704 4.6963 -0.5851 0.0997 -3.5931 -2.4443 0.2601 12.3638 -5.5604 -13.7962 34.2971 9.8250 -2.3959 -3.5500 -1.1319 -14.8126 -2.3780 1.6991 0.1274 -0.0694 -0.1408 0.8504 -10.3981 -4.0108 -0.6134 -10.5432 3.7070 -3.9131 14.5013 -16.2311 -53.9810 -9.8893 -20.8061 0.6418 -0.0743 -103.5004 8.5660 10.7583 43.8149 -16.3020 11.4839 17.2171 -60.5655 1.9904 3.0249 -3.4568 12.3476 7.9945 62.7935 -8.3687 30.3155 -0.0961 0.0330 126.6281 43.0003 22.2401 -21.5507 14.4054 7.6593 -16.6631 49.5071 -3.3777 -5.8575 6.1491 -0.7974 7.5833 0.1860 27.3241 -0.2339 -9.1880 -10.5790 1.8047 2.0794 -16.9452 -2.5169 2.7725 -23.8198 -13.4935 0.3001 24.5770 0.3864 9.7611 -11.7027 -9.6851 -1.4610 -4.9094 0.8850
6.3930 99.2165 43.2816 -5.6944 6.8503 -10.4629 1.2474 4.6808 -0.6387 0.2140 -3.5154 -3.2893 1.0455 12.2835 -6.0835 -11.8978 32.6953 9.2189 -2.5038 -3.4818 -0.7125 -15.4298 -3.0471 2.4170 0.0734 -0.0516 -0.1060 0.7755 -10.3392 -3.9658 -0.6440 -10.4297 3.7513 -2.2731 14.7919 -17.3847 -55.1112 -8.4702 -20.2921 0.4591 -0.3437 -107.4773 7.7239 10.4600 41.2579 -16.2223 11.4355 17.1342 -60.7339 2.0203 3.0635 -1.3921 11.5927 7.5926 61.6321 -7.6502 29.4434 -0.0575 0.0899 127.5839 41.7673 22.0171 -18.9693 14.4469 7.4254 -16.5676 49.3032 -3.2076 -5.9214 7.2128 -0.9840 7.6625 0.0723 30.6491 -0.2654 -10.7636 -3.9686 -0.0866 2.2734 -22.3016 -2.6499 3.7590 -22.4702 -12.3332 0.2407 17.3624 0.2496 10.4722 -10.4745 -10.1700 -1.4719 -5.0179 0.9099
5.8825 99.6217 46.8958 -5.1150 6.2133 -9.8604 1.4903 4.8612 -0.6807 0.3443 -3.4427 -3.9853 1.6001 12.3252 -6.3873 -9.9747 31.3577 8.3572 -2.3709 -3.4819 -0.5040 -15.8165 -4.1444 3.0201 0.0380 -0.0294 -0.0764 0.7221 -10.2589 -3.9108 -0.6605 -10.2970 3.7680 -0.7515 15.3180 -17.7838 -56.8496 -7.2797 -19.5210 0.1428 -0.5452 -110.9081 7.1727 10.0259 39.2380 -15.9585 11.3605 16.9156 -60.7429 1.9833 2.9840 -0.5833 11.1626 7.3336 61.0237 -6.6860 28.7371 0.2024 0.1884 128.5588 39.8450 21.5514 -17.4653 14.4718 7.2668 -16.4905 49.1409 -3.0671 -5.9741 7.6230 -1.6377 6.5048 0.0019 35.8859 -0.3037 -12.8864 1.6859 -1.6314 2.3297 -23.7559 -2.6017 3.4365 -21.7672 -9.8666 0.1547 13.4959 0.1248 10.6007 -10.1085 -10.4035 -1.4684 -5.1701 0.9383
5.3253 99.2471 50.4684 -4.0487 5.1671 -9.2164 1.6859 5.1463 -0.6794 0.4918 -3.3689 -4.4726 1.8510 12.4401 -6.3742 -7.9017 30.4794 7.2544 -2.2308 -3.5343 -0.3410 -15.8938 -5.4526 3.4310 0.0072 -0.0171 -0.0376 0.6965 -10.1647 -3.8308 -0.6967 -10.1691 3.7762 0.5867 16.0752 -17.4784 -58.9064 -6.1239 -18.7631 -0.0457 -0.5524 -113.2230 6.5310 10.0339 37.8282 -15.7674 11.3441 16.6564 -60.6936 1.9327 2.9132 -0.7695 10.9556 7.2221 60.6854 -5.2520 28.9320 0.3602 0.2091 129.3841 37.9784 21.0877 -17.1274 14.4279 7.2730 -16.4094 49.3267 -2.8416 -5.9278 7.3454 -2.2828 4.1360 0.0311 42.5754 -0.3483 -15.3105 5.5479 -2.8704 2.1691 -20.5963 -2.3739 2.1466 -21.7225 -6.3241 0.0504 13.6403 0.0691 9.5351 -10.0584 -10.3876 -1.4592 -5.3215 0.9852
4.6532 98.1444 54.2927 -3.1505 3.7813 -8.6733 2.2065 5.4480 -0.6783 0.6227 -3.2470 -4.5295 2.0810 12.7298 -5.9941 -5.9972 29.9333 5.9111 -2.1570 -3.5660 -0.2963 -15.5716 -6.9571 3.6233 0.0058 -0.0118 -0.0236 0.7008 -10.0845 -3.7755 -0.6979 -10.0499 3.7416 1.2251 16.7299 -16.5791 -60.8092 -4.9011 -17.6368 -0.1329 -0.7184 -114.2943 6.0158 10.3703 36.6328 -15.7541 11.3388 16.5038 -60.5450 1.8273 2.9015 -0.9525 11.1333 7.2302 59.6796 -3.6705 29.7829 0.3973 0.2155 130.0909 36.5920 20.0986 -17.5108 14.4523 7.3741 -16.3276 49.8047 -2.6483 -5.8302 7.1043 -3.0472 0.8731 0.1161 50.0627 -0.3136 -17.3750 7.5179 -3.8752 1.9282 -14.8510 -2.1420 0.9892 -22.1703 -2.8702 0.0183 18.5183 0.0601 6.7079 -8.1179 -9.9950 -1.4800 -4.6244 0.9358
3.8836 96.3132 58.1329 -2.7033 2.0017 -8.2943 2.9788 6.0034 -0.6031 0.8178 -3.1642 -4.1216 2.4771 13.2196 -5.2772 -4.2315 30.0904 4.2823 -2.0820 -3.6662 -0.6829 -15.1933 -9.3043 3.7431 0.0600 -0.0316 -0.0799 0.7653 -9.9857 -3.7687 -0.6462 -9.9447 3.5975 1.5532 17.0284 -15.0138 -62.9272 -3.3367 -16.0486 0.3022 -1.0160 -114.2278 6.0256 10.7793 35.3314 -15.6336 11.3522 16.4169 -60.3891 1.6500 2.7633 -0.8184 11.6975 7.6649 57.8905 -2.3751 30.3936 0.2966 0.4704 130.6529 35.5910 18.3460 -18.4145 14.5027 7.3661 -16.0923 50.0779 -2.5924 -5.6239 7.4400 -4.0534 -1.9303 0.1294 57.9563 -0.4454 -16.9016 6.1276 -3.3002 1.9270 -9.8016 -2.1349 0.2482 -23.0402 0.0131 0.0236 27.7787 0.0532 4.6219 -8.0622 -10.6731 -1.4453 -1.9778 0.9045
3.0576 94.1447 61.7716 -3.3837 0.1187 -7.8418 3.9425 6.4365 -0.4835 1.0991 -3.0623 -3.4451 3.7936 14.3995 -4.5064 -2.9825 31.4782 2.9131 -1.9479 -3.7516 -1.4421 -15.2650 -11.8682 3.6871 0.0821 -0.0270 -0.1329 0.8084 -9.9449 -3.8277 -0.6431 -9.8999 3.5375 1.9283 17.5492 -12.3113 -65.5778 -2.8177 -13.8996 0.2740 -1.1098 -112.4796 7.5563 11.9168 33.5491 -15.5908 11.5889 16.4765 -60.5122 1.5935 2.5581 -0.2066 12.5761 8.1650 54.9461 -2.1168 30.8329 0.1018 0.4884 130.4887 34.1880 16.7613 -19.8058 14.6862 7.3723 -15.9256 50.5619 -2.5337 -5.4112 9.3234 -5.8064 -4.2650 -0.0845 65.7817 -0.8780 -14.8353 1.3473 -1.6451 2.0078 -6.9423 -2.1829 1.0961 -23.2788 0.9824 -0.0160 37.4046 0.2077 5.4632 -13.8587 -12.4019 -1.4305 -0.4775 0.9709
2.2553 92.6905 65.3736 -4.1814 -1.2845 -7.1057 4.6249 6.2630 -0.3117 1.2287 -2.9671 -2.8964 5.3434 15.9760 -3.5791 -1.5508 35.2254 1.4756 -2.1354 -3.8549 -1.9304 -15.2000 -11.9738 2.6147 0.1045 -0.0316 -0.1456 0.7703 -10.0369 -3.8703 -0.5616 -9.9939 3.5498 2.2660 18.3917 -9.2867 -67.9770 -2.7306 -11.8370 0.0557 -1.3562 -108.7458 10.5007 14.2288 32.4311 -15.8521 11.5772 16.5273 -60.6067 1.6911 2.3556 2.3833 13.2992 8.8483 50.5726 -2.7272 30.8367 -0.1346 0.1613 128.7831 32.9203 19.9943 -20.4330 14.6297 7.4284 -15.9765 50.6907 -2.5778 -5.3771 11.2297 -8.5330 -7.0917 -0.4361 71.0012 -1.3423 -11.4754 -4.2832 0.9611 2.1070 -6.1272 -2.2943 2.3327 -21.5112 1.4585 0.0183 42.3590 0.2802 6.1697 -18.4374 -14.2396 -1.4152 0.1128 1.0636
1.4675 91.9515 68.8892 -4.2208 -2.3310 -6.1270 4.7727 6.2235 -0.1912 1.1440 -2.8171 -2.2858 6.2305 17.0166 -2.7166 -0.0117 40.2998 0.2097 -2.2841 -3.8543 -2.2287 -14.9753 -9.7700 0.8554 0.1184 -0.0497 -0.1384 0.7386 -10.2755 -3.9054 -0.5031 -10.2286 3.5969 3.7381 19.1967 -6.7378 -70.7077 -2.1614 -9.9606 -0.2570 -1.5974 -105.4625 12.9093 16.6444 32.4718 -16.1166 11.2321 16.2874 -60.3553 1.8073 2.1192 4.7265 13.7274 9.6043 47.8356 -4.7462 30.2142 0.1255 0.2272 127.3036 33.4201 24.7898 -19.0177 14.6062 7.5804 -16.2004 50.8951 -2.5329 -5.3303 11.8463 -12.0728 -10.4223 -0.6962 72.7678 -1.4856 -8.3651 -9.0940 3.7027 2.1183 -5.9028 -2.3899 2.8775 -18.6522 2.1179 0.0785 44.3931 0.4155 6.8838 -21.8588 -16.3887 -1.3998 0.3113 1.1157
0.7097 91.7511 72.3033 -3.8290 -2.6806 -5.4870 4.6522 6.4821 -0.0642 1.0395 -2.6818 -1.5338 6.3584 17.6066 -1.8973 0.6602 44.3496 -0.5558 -2.3804 -3.8227 -2.5294 -14.4648 -7.8743 -0.8726 0.1063 -0.0622 -0.1102 0.7341 -10.3914 -3.8637 -0.5234 -10.3640 3.6166 4.6981 19.5485 -4.8246 -72.3791 -0.8073 -8.4081 -0.1997 -1.7411 -104.8186 13.7901 17.4721 31.4254 -16.0736 10.9464 16.0906 -60.0997 1.8195 2.0924 5.5374 13.8444 10.3157 47.3391 -6.6541 29.7662 0.3689 0.3978 127.6012 33.8673 23.5403 -17.3823 14.9584 7.6612 -16.2027 51.4671 -2.4952 -5.1800 11.8288 -16.7348 -13.1911 -0.6964 71.3362 -1.2644 -7.0988 -12.9684 4.5442 1.9817 -5.6259 -2.3580 3.1493 -15.7807 3.3020 0.0716 44.5621 0.5585 7.3438 -24.0616 -18.6824 -1.3963 0.2889 1.1598
-0.0413 92.0502 75.5832 -3.0037 -2.4115 -5.0491 4.3658 6.8894 0.0347 0.8752 -2.4784 -0.6948 5.6797 17.8560 -1.1119 0.4168 46.7477 -0.6851 -2.4930 -3.8337 -3.0226 -13.5212 -6.8400 -2.3315 0.0668 -0.0771 -0.0775 0.7062 -10.4394 -3.8028 -0.5757 -10.4299 3.6338 4.6369 19.3590 -3.5445 -73.0398 0.1474 -7.2553 0.0373 -1.7292 -105.8024 13.3921 17.5964 29.1533 -15.9152 10.8099 16.0968 -59.8472 1.7215 2.1666 4.9448 14.0944 10.7845 48.0947 -7.9912 29.3650 0.7997 0.4580 128.6819 33.4576 18.0969 -16.3939 15.2317 7.6982 -16.0504 51.6588 -2.6163 -5.0486 11.2400 -22.4331 -14.1565 -0.5443 66.9608 -1.0103 -6.7201 -15.4618 4.0584 1.8149 -5.2221 -2.2311 3.0547 -12.8380 4.8472 -0.0108 43.0949 0.5623 7.3417 -25.1884 -20.7734 -1.4099 0.0607 1.2033
-0.7529 92.7078 78.8881 -1.7511 -1.6898 -4.7795 3.9410 7.3308 0.1580 0.5570 -2.2977 0.2018 4.2712 17.8713 -0.4788 -0.7272 48.0109 -0.1660 -2.6703 -3.7513 -3.5964 -12.0329 -6.4469 -3.6616 -0.0408 -0.0788 -0.0157 0.6062 -10.4800 -3.7240 -0.6949 -10.4659 3.7155 3.8959 18.7449 -2.6676 -73.1575 -0.1515 -6.6976 0.2642 -1.4885 -107.0783 11.8155 17.7159 26.8463 -15.6836 10.6635 16.1548 -59.4757 1.5618 2.2291 3.2346 14.7625 10.9489 49.4705 -8.8319 28.8091 1.5262 0.3944 129.6896 32.7854 12.6344 -16.0591 15.1714 7.6363 -15.9964 51.2877 -2.9456 -4.9924 9.5292 -28.2607 -12.7151 -0.4619 59.4633 -0.9508 -6.5143 -15.7224 2.2216 1.6973 -4.8487 -2.0952 2.4862 -9.8415 6.2937 -0.1431 40.5130 0.4641 6.7133 -25.2394 -22.0798 -1.4501 -0.5547 1.1637
-1.3852 93.4365 82.3307 -0.5285 -0.6605 -5.0030 3.4601 7.6925 0.3603 0.2430 -2.1438 0.9224 2.4904 17.7565 0.1671 -2.8433 48.5634 0.9593 -2.8048 -3.7578 -4.3681 -10.3799 -6.3041 -4.7378 -0.0894 -0.0888 0.0055 0.5552 -10.5242 -3.6985 -0.7474 -10.5120 3.7513 2.7466 17.7372 -2.1120 -73.2214 -1.4211 -6.1853 0.3422 -1.1526 -108.6597 9.6801 18.0820 25.1700 -15.3765 10.6138 16.1479 -59.3235 1.4983 2.3265 1.0032 15.6423 11.2348 50.8565 -8.9130 28.1689 1.8765 0.4180 130.1689 32.4225 10.1833 -15.5052 15.1262 7.6840 -16.2104 51.1759 -3.1736 -5.1991 6.8551 -32.7488 -9.3146 -0.3677 49.0146 -0.8205 -7.3743 -14.2659 -0.3425 1.6402 -4.6012 -2.0114 1.6119 -7.0456 6.9138 -0.2230 37.6814 0.4453 6.1502 -24.4102 -21.8170 -1.4668 -1.5247 1.1625
-1.9092 94.0130 86.1542 0.2764 0.5375 -5.9091 2.9869 7.8562 0.6058 0.0185 -2.1053 1.5579 0.6755 17.5542 0.9219 -5.7960 48.7071 2.3977 -2.7731 -3.7455 -5.0712 -9.1392 -6.4333 -5.3476 -0.1100 -0.0890 0.0112 0.5483 -10.5528 -3.7096 -0.7857 -10.5539 3.7780 1.5632 16.7136 -1.6200 -73.5704 -3.3986 -5.7687 0.3775 -0.8733 -110.4508 7.6659 18.3215 23.8023 -15.1116 10.6237 16.1657 -59.2649 1.4572 2.5196 -1.4308 16.4345 11.5197 52.1797 -8.4031 27.6870 1.9033 0.3113 130.2746 31.9834 9.9701 -15.0937 15.1066 7.7824 -16.4718 51.2711 -3.2921 -5.4188 4.1311 -35.2448 -5.3183 -0.3555 36.9232 -0.7011 -9.9986 -11.9321 -2.5331 1.6197 -4.8113 -2.0380 0.5960 -4.3057 6.5163 -0.2344 34.5489 0.4732 5.8416 -23.1495 -19.6395 -1.4695 -2.9150 1.1829
-2.4650 94.3654 90.3140 0.4176 1.6637 -7.5615 2.5350 7.7570 0.9513 -0.1070 -2.1739 2.1714 -0.9103 17.2835 1.6448 -9.0801 48.5760 4.0754 -2.6354 -3.7474 -5.4628 -8.5416 -6.7036 -5.3801 -0.1474 -0.0922 0.0352 0.5329 -10.5849 -3.7133 -0.8510 -10.5987 3.8386 0.6755 15.8567 -1.0559 -74.4533 -5.5191 -5.0943 0.3296 -0.6836 -112.5992 6.1690 18.3770 22.6997 -14.8920 10.7240 16.1327 -59.3062 1.5038 2.6036 -3.6553 17.1230 12.0357 53.0742 -7.5607 27.6633 1.6002 0.1582 130.2680 31.2306 10.4522 -14.9784 15.0301 7.8955 -16.6760 51.2878 -3.2923 -5.5707 2.4316 -36.4075 -1.7649 -0.4856 26.3126 -0.7592 -12.2413 -9.8496 -2.8237 1.5735 -5.0915 -2.1535 -0.3016 -1.1677 5.4958 -0.2122 30.8492 0.5257 6.0172 -21.8544 -16.1012 -1.4642 -4.4232 1.1800
-3.0379 94.3639 94.7894 -0.1731 2.3632 -9.7075 2.0534 7.4280 1.2695 -0.2006 -2.3334 2.8242 -1.9846 16.9748 2.3273 -12.1764 48.2645 5.7615 -2.4411 -3.7520 -5.3772 -8.4161 -6.9699 -4.8775 -0.1935 -0.0923 0.0655 0.4931 -10.5915 -3.7065 -0.9065 -10.6120 3.9045 0.3441 15.2972 -0.4007 -75.7936 -7.3805 -4.1620 0.1093 -0.6166 -114.8469 5.1625 18.4843 22.0678 -14.8333 10.8388 16.1233 -59.4615 1.5936 2.6871 -5.3876 17.7613 12.6528 53.7151 -7.0560 27.7150 1.3617 0.1502 130.2028 30.5688 10.5539 -14.9186 14.9523 7.9466 -16.8216 51.0647 -3.3132 -5.7334 2.3822 -37.4550 0.5119 -0.4648 21.6572 -0.7381 -12.1963 -8.3452 -1.6039 1.5742 -5.0156 -2.2223 -0.8253 2.3874 4.1274 -0.2000 27.3075 0.6244 6.3239 -20.6547 -12.1238 -1.4557 -6.0050 1.1498
-3.5936 93.9475 99.4934 -1.0813 2.5408 -11.8818 1.4765 6.9413 1.5606 -0.3476 -2.5565 3.4457 -2.6342 16.6469 2.7715 -14.6844 47.8448 7.3918 -2.2959 -3.7467 -4.8006 -8.4940 -7.1567 -3.8935 -0.2221 -0.0708 0.0915 0.4672 -10.5476 -3.6947 -0.9424 -10.5885 3.9536 0.3290 14.9658 0.2172 -77.0206 -8.7307 -3.2664 -0.2623 -0.5927 -116.8487 4.6515 18.8279 22.3046 -14.7805 10.9721 16.2402 -59.7087 1.6589 2.7901 -6.6688 18.3791 13.1432 54.5379 -7.2172 27.4650 1.3963 0.2989 129.9291 30.1102 10.4642 -14.8598 14.9891 7.9346 -16.9134 50.8173 -3.3309 -5.9106 3.2475 -38.4365 1.9661 -0.3517 23.7346 -0.6207 -10.2214 -6.8733 -0.5818 1.6820 -4.8687 -2.1763 -1.3117 5.8948 2.5585 -0.1764 25.0877 0.7663 6.6450 -19.3989 -8.4401 -1.4712 -8.1980 1.1854
-4.0638 93.2032 104.4428 -1.6206 2.5365 -13.6639 0.6717 6.2246 1.7926 -0.5814 -2.8561 3.9464 -3.1653 16.3276 2.8736 -16.5581 47.1621 8.7455 -2.1699 -3.7179 -3.7378 -8.3326 -6.8785 -2.5644 -0.2267 -0.0452 0.1105 0.4832 -10.5560 -3.6904 -0.9691 -10.5936 3.9888 -0.1906 14.9068 0.3216 -77.2658 -9.9017 -2.7044 -0.6715 -0.5028 -118.0060 4.4171 19.5803 23.4389 -14.7876 11.1537 16.4019 -60.0647 1.7398 2.7383 -7.3053 18.8021 13.3896 55.5276 -7.3462 26.8765 1.4961 0.4861 129.3634 29.8953 10.7587 -14.9985 15.1291 7.9038 -16.9316 50.7923 -3.2504 -6.0214 3.8762 -39.1396 2.8490 -0.3269 29.7236 -0.5447 -7.4178 -4.6845 0.3198 1.7875 -4.3646 -2.0731 -2.5349 8.7085 0.4161 -0.1525 24.8639 0.9378 6.8827 -17.9528 -5.1153 -1.5194 -11.5025 1.2804
-4.3876 92.3460 109.4962 -1.3012 2.6679 -14.7196 -0.2741 5.3949 1.9153 -0.9012 -3.1964 4.2386 -4.0315 16.1401 2.6948 -17.9200 46.1618 9.9754 -1.9493 -3.6582 -2.5489 -7.8989 -6.4214 -1.3060 -0.2305 -0.0390 0.1144 0.4989 -10.6161 -3.7200 -0.9944 -10.6421 4.0292 -1.8719 15.1017 -0.5428 -76.1150 -11.3659 -2.5735 -1.2236 -0.3194 -118.0478 4.7771 20.2873 25.3044 -15.0167 11.3225 16.4844 -60.4050 1.8174 2.5262 -7.1366 19.1186 13.3637 56.1471 -7.0176 26.2229 1.5305 1.0553 128.8150 30.4104 11.2772 -15.6832 15.2909 8.0465 -16.8371 51.0866 -3.0701 -5.8553 3.2015 -39.7785 3.3756 -0.3615 36.0907 -0.5826 -5.0777 -3.9402 1.8924 1.7188 -2.5468 -1.9088 -4.9683 9.9760 -2.6570 -0.1436 27.0665 1.2625 6.8327 -16.0266 -2.2070 -1.5906 -16.1717 1.3457
-4.5921 91.7535 114.2487 -0.1267 2.6040 -14.7991 -1.0534 4.7127 1.9859 -1.1681 -3.4009 4.4260 -5.6147 16.3801 2.1038 -19.0340 45.3637 10.3331 -1.8867 -3.6826 -1.4721 -7.7719 -5.7477 -0.3050 -0.1328 -0.0410 0.1146 0.5905 -10.7653 -3.7787 -0.8903 -10.8122 4.0494 -4.6276 15.0721 -2.3041 -73.0902 -12.5641 -3.9194 -1.4762 -0.4404 -117.0939 5.6300 21.1860 27.8667 -14.9927 11.2091 16.4256 -60.5081 1.7473 2.5994 -6.4870 19.4344 13.1553 56.6758 -6.6517 25.2185 1.6202 1.4810 127.9708 31.8255 12.8855 -16.2832 15.2435 8.1676 -16.9862 51.4426 -3.1702 -5.9886 0.8537 -39.1934 4.9257 -0.2791 41.2026 -0.4015 -3.1742 -7.1457 2.2685 1.6286 -0.8418 -1.8507 -8.0908 10.0993 -5.9310 -0.0593 31.0130 1.5208 7.1758 -12.9060 -1.1591 -1.6893 -19.8950 1.4713
-4.6888 91.5834 118.6484 1.0634 2.5369 -14.4187 -1.5443 4.3736 1.9920 -1.4124 -3.4988 4.6351 -7.0336 16.4395 1.5608 -19.7632 44.9189 10.7995 -1.9029 -3.6091 -0.7898 -7.9810 -4.5655 0.6652 -0.0876 -0.0489 0.0975 0.6376 -10.7980 -3.8093 -0.8461 -10.8886 4.0294 -6.5964 15.1391 -3.7821 -70.3556 -13.0635 -6.5904 -2.0101 -0.3755 -115.7439 5.9133 21.9308 30.6250 -14.9485 11.2725 16.4613 -60.4464 1.7669 2.5967 -6.8482 19.7816 12.7085 58.2525 -6.1490 24.3054 1.7596 1.9561 127.0091 33.5590 14.3379 -17.1235 15.2071 8.2478 -17.0644 51.6269 -3.2720 -6.1336 -1.6632 -37.3606 6.6950 -0.2381 44.3372 -0.3022 -1.9019 -10.8786 1.8640 1.6104 -0.0675 -1.8712 -10.4999 9.2571 -8.7741 -0.0167 35.7008 1.7535 6.5829 -7.9536 -2.4486 -1.7400 -22.1638 1.4965
-4.7535 91.7495 122.9166 1.5145 2.7693 -13.7466 -1.7221 4.3909 1.8860 -1.5406 -3.4960 4.7439 -7.5905 16.0673 1.2763 -20.4855 44.5108 11.1053 -1.7589 -3.5624 -0.0274 -8.0126 -3.4998 1.4536 -0.0950 -0.0499 0.0904 0.6257 -10.7923 -3.8141 -0.8505 -10.8857 4.0238 -6.6353 14.9728 -4.2722 -69.2915 -11.8920 -10.6829 -2.2126 -0.1005 -114.9966 4.0306 22.7086 33.0060 -14.8744 11.3657 16.5320 -60.7260 1.8400 2.5283 -7.8785 20.0750 12.3488 60.1951 -5.4083 23.3785 1.7998 2.2583 126.7607 36.1467 14.4750 -19.2766 15.1708 8.3565 -17.1712 51.6752 -3.3371 -6.1529 -3.1024 -35.0012 8.0315 -0.2811 45.7320 -0.3432 -1.0202 -14.3067 0.7828 1.6021 0.0789 -1.8630 -11.3038 7.6397 -11.1696 0.0185 40.1871 1.8209 4.8974 -1.8927 -6.4200 -1.6498 -20.6346 1.3276
-4.7927 92.2062 127.0667 1.7204 3.5659 -12.7432 -1.9385 4.5619 1.6586 -1.6092 -3.5022 4.6976 -7.5378 15.4880 1.0849 -20.6227 43.8739 11.2382 -1.4993 -3.5967 0.7612 -8.0038 -2.8101 2.2102 -0.1248 -0.0583 0.1040 0.6019 -10.7945 -3.8043 -0.8879 -10.8879 4.0550 -5.6283 14.8483 -4.3328 -69.1874 -10.3249 -14.5199 -2.0681 0.2585 -114.4860 0.7996 23.8028 34.5844 -14.7673 11.5349 16.6620 -60.9149 1.8802 2.4601 -8.5350 20.0014 12.1764 61.6614 -4.5520 22.8142 1.7222 2.3747 127.0971 39.1904 14.5032 -22.3647 15.2622 8.5355 -17.4199 51.8371 -3.4307 -6.1028 -4.0287 -32.7012 8.6257 -0.2432 45.4266 -0.3640 -0.5320 -16.9232 -0.2558 1.6059 -0.3396 -1.8624 -11.1550 5.0228 -13.5313 0.0513 44.0010 1.6663 2.2825 1.1057 -11.3596 -1.4949 -13.2206 1.0820
-4.8028 92.9544 131.0196 1.8990 4.7068 -11.5438 -2.1599 4.7176 1.4328 -1.6379 -3.5003 4.4590 -7.2427 14.9121 0.8008 -20.2773 43.1663 11.1709 -1.1972 -3.6412 1.5646 -7.9063 -2.3476 2.9149 -0.1565 -0.0685 0.1181 0.5711 -10.7847 -3.7866 -0.9194 -10.8785 4.0792 -4.5220 14.9346 -4.4556 -69.3088 -9.3440 -16.7769 -1.8667 0.4386 -113.8477 -0.8538 25.1544 35.5375 -14.5402 11.6001 16.7474 -60.5687 1.8911 2.4218 -8.7904 19.6784 11.9483 62.7838 -4.0494 22.5890 1.7593 2.3320 127.5808 41.1228 14.7549 -24.9625 15.3734 8.6527 -17.6007 51.9154 -3.5196 -6.0720 -4.6692 -30.3327 8.6288 -0.1771 43.7136 -0.3367 -0.4011 -18.5946 -1.0941 1.6060 -0.7449 -1.8482 -10.3395 1.6977 -15.5718 0.0913 46.6702 1.4012 0.6553 0.1676 -14.6007 -1.4558 -8.7982 0.9704
-4.9054 93.7972 134.8729 2.0795 5.8991 -10.1928 -2.2970 4.8842 1.1539 -1.6345 -3.4746 4.0324 -6.8509 14.3270 0.4880 -19.5638 42.5695 10.8674 -1.1044 -3.6318 2.3505 -7.4990 -2.0477 3.4587 -0.1858 -0.0732 0.1211 0.5407 -10.7690 -3.7660 -0.9458 -10.8563 4.0764 -3.1965 15.2403 -4.7740 -69.6051 -9.1483 -17.2770 -1.6768 0.3287 -113.2815 -0.6440 26.8170 36.3587 -14.3741 11.6497 16.7653 -60.2722 1.8815 2.4518 -9.1330 19.0635 11.5377 64.1026 -3.9053 22.3538 1.9554 2.0498 128.1984 41.3987 15.0755 -26.5468 15.3068 8.6069 -17.5715 51.7968 -3.5779 -6.0830 -5.0936 -27.7444 8.2364 -0.1393 41.1063 -0.3377 -0.4742 -19.5568 -1.8423 1.6032 -0.9654 -1.8308 -8.9911 -2.1339 -17.2553 0.1184 48.2051 1.0734 0.2790 -2.3849 -16.0962 -1.4507 -7.6495 0.9344
-5.0192 94.5961 138.7024 2.2749 7.0140 -8.8312 -2.3437 5.0675 0.8690 -1.5634 -3.4234 3.4434 -6.4124 13.7281 0.1176 -18.6598 42.0608 10.4757 -1.1225 -3.6058 2.9892 -6.9527 -1.8371 3.8496 -0.1979 -0.0756 0.1143 0.5269 -10.7832 -3.7600 -0.9541 -10.8587 4.0619 -1.6943 15.6131 -5.2515 -70.0058 -9.3862 -16.6286 -1.4092 0.0721 -113.0992 1.0826 28.8353 37.6880 -14.3463 11.6586 16.7004 -60.1118 1.8595 2.4804 -9.6085 18.2286 10.9304 65.5575 -3.9361 22.0379 2.2116 1.6957 129.0886 40.5565 15.1489 -27.3451 15.1202 8.4576 -17.4078 51.4969 -3.5842 -6.0844 -5.3645 -24.9274 7.4993 -0.1269 37.9465 -0.3590 -0.5724 -20.0238 -2.4219 1.6069 -1.1072 -1.8091 -7.3139 -6.4678 -18.7386 0.1278 49.1132 0.7267 0.3508 -5.7087 -17.0075 -1.4539 -7.3374 0.9215
-5.1846 95.2493 142.5817 2.4035 7.8889 -7.5930 -2.2687 5.3000 0.5990 -1.4234 -3.3804 2.7188 -5.8615 13.0824 -0.2904 -17.8535 41.6383 10.0424 -1.0253 -3.6070 3.3858 -6.4276 -1.7778 4.1612 -0.1676 -0.0797 0.0924 0.5595 -10.8027 -3.7824 -0.9253 -10.8719 4.0311 -0.0753 15.9163 -5.8896 -70.5932 -9.7635 -15.5788 -1.1008 -0.2377 -113.2797 3.1821 30.8560 39.2979 -14.4071 11.7121 16.6639 -60.1163 1.8383 2.4621 -10.0816 17.4187 10.1986 66.7656 -3.8923 21.8617 2.3594 1.3903 130.1026 39.2272 15.1026 -27.6637 14.9165 8.2221 -17.1879 51.0338 -3.6024 -6.0088 -5.4601 -21.9080 6.4980 -0.1167 34.7523 -0.3887 -0.6193 -20.2450 -2.7848 1.6200 -1.2362 -1.8147 -5.5183 -11.1819 -20.0322 0.1039 49.8957 0.3565 0.3910 -9.3604 -17.5610 -1.4299 -7.0847 0.8914
-5.3216 95.7419 146.4238 2.5015 8.4966 -6.5569 -2.0658 5.4177 0.3054 -1.2197 -3.3116 1.9968 -5.2012 12.4504 -0.9027 -17.3825 41.4050 9.6361 -0.8112 -3.5525 3.5565 -6.1040 -1.9734 4.4276 -0.1101 -0.0643 0.0574 0.6322 -10.7455 -3.8210 -0.8787 -10.8066 3.9767 1.3584 15.9893 -6.5219 -71.3851 -10.1105 -14.7310 -1.0733 -0.3158 -113.5519 4.2758 32.0603 40.3180 -14.4828 11.7764 16.6807 -60.2643 1.8553 2.4186 -10.5414 16.6172 9.3961 67.4621 -3.6652 21.9428 2.3650 1.1869 130.9893 38.1757 15.7278 -27.2833 14.8069 8.0230 -16.9687 50.5672 -3.5690 -5.9711 -5.5300 -18.6052 5.1703 -0.0315 31.5825 -0.3264 -0.4704 -20.0354 -2.8359 1.6692 -1.4454 -1.8599 -3.8885 -16.2343 -20.8586 0.0414 50.2801 0.0253 0.8002 -12.8657 -17.3680 -1.4077 -6.9395 0.8707
-5.3188 96.1621 150.3518 2.5639 8.5264 -5.6901 -1.6865 5.6078 0.0813 -0.9413 -3.2221 1.1743 -4.4686 11.9572 -1.4692 -17.0658 41.2335 9.1483 -0.6915 -3.5195 3.5970 -5.7977 -2.0338 4.4768 -0.0532 -0.0540 0.0248 0.6901 -10.7083 -3.8546 -0.8188 -10.7587 3.9252 2.4565 16.1783 -7.3630 -71.8652 -10.6900 -14.8405 -1.1797 -0.4632 -113.5680 4.7936 32.2994 40.4739 -14.6868 11.7550 16.7426 -60.3166 1.8657 2.3929 -10.9632 15.8944 8.4679 67.6715 -3.6008 22.1562 2.1209 1.0348 131.5539 37.4200 16.8774 -26.6722 14.6085 7.8278 -16.7053 50.0521 -3.5980 -5.8801 -5.5597 -14.8148 3.8431 0.0265 28.8140 -0.2024 -0.2154 -19.0308 -2.7860 1.6930 -2.3351 -1.9836 -2.7497 -20.9569 -21.1079 0.0128 49.2938 -0.1296 1.8475 -15.3809 -16.2775 -1.3911 -6.9191 0.8733
-5.2359 96.5886 154.4118 2.4377 8.0028 -4.7714 -1.0420 5.9078 -0.0953 -0.5831 -3.1299 0.3299 -3.6371 11.5358 -2.2121 -16.8504 41.0083 8.6661 -0.5607 -3.4888 3.4407 -5.7189 -1.5230 4.3491 -0.0053 -0.0499 -0.0114 0.7339 -10.6644 -3.8930 -0.7656 -10.7100 3.8782 3.3719 16.2756 -8.4202 -72.1786 -11.1739 -15.5580 -1.6017 -0.4932 -113.4533 4.6086 31.7709 40.1289 -15.0057 11.7260 16.8486 -60.3295 1.8688 2.4073 -11.3525 15.2617 7.7406 67.5523 -3.6478 22.0051 1.8766 0.7624 132.1186 37.2546 18.4037 -25.8766 14.3813 7.6340 -16.4688 49.5780 -3.6602 -5.7683 -5.3406 -10.8927 2.5408 0.0705 27.1717 -0.1133 0.1117 -17.0429 -2.9271 1.7409 -4.6647 -2.1676 -1.9319 -24.9593 -20.9901 -0.0005 46.4371 -0.1832 3.3349 -16.4610 -14.7592 -1.3896 -6.6434 0.8775
-5.1824 97.0770 158.8528 2.1803 7.0639 -3.6760 -0.2027 6.4203 -0.2341 -0.2446 -2.9611 -0.3564 -2.6655 11.0559 -3.2701 -16.4392 40.4774 8.2826 -0.2750 -3.4652 2.8467 -6.0599 -0.7072 4.1072 0.0072 -0.0627 -0.0303 0.7674 -10.6177 -3.9137 -0.7723 -10.6619 3.8635 4.0558 16.0936 -9.7608 -72.0886 -10.9957 -17.1519 -1.5835 -0.2830 -113.7527 3.8771 30.4358 39.8594 -15.3390 11.7236 16.8809 -60.3058 1.8933 2.4707 -11.4014 14.5668 7.3085 66.9217 -3.7116 21.4235 1.6028 0.5413 133.0437 37.8123 19.7423 -24.5224 14.1333 7.5515 -16.3572 49.3114 -3.6833 -5.6023 -4.9289 -7.8177 1.5627 0.1742 27.9580 0.0695 0.3587 -13.5133 -3.6212 1.8804 -9.6524 -2.4110 -1.4621 -27.9804 -20.5419 -0.0081 41.6116 -0.1144 4.7484 -16.2627 -13.7380 -1.4127 -5.9990 0.9312
-5.2108 97.6953 163.6550 1.7025 5.7779 -2.2349 0.8278 7.2145 -0.3347 0.1565 -2.6826 -1.0160 -1.6698 10.7103 -4.2958 -15.4480 39.3011 7.7424 -0.2088 -3.4274 2.0569 -6.3929 -0.0214 3.5929 -0.0416 -0.0514 -0.0096 0.7253 -10.5794 -3.9124 -0.8274 -10.5957 3.9229 4.3441 15.6226 -11.4087 -71.3377 -10.2578 -19.0141 -1.1225 -0.1242 -114.5240 3.0977 29.2330 39.9775 -15.6537 11.7344 16.9519 -60.3841 1.8307 2.5812 -10.7068 13.8160 7.4435 65.8022 -3.8544 20.1719 1.3450 0.5574 134.3001 38.2799 20.1179 -22.3243 14.0881 7.4661 -16.3240 49.3326 -3.5128 -5.4740 -3.8647 -6.8621 1.5356 0.1585 32.7928 0.1211 0.2370 -8.2721 -4.5135 2.1924 -17.5413 -2.7855 -1.3065 -29.5101 -19.7537 0.1408 34.1544 0.1604 4.7532 -14.5021 -13.6151 -1.4588 -5.1972 0.9331
-5.4144 98.2643 168.3064 1.1960 4.1142 -0.5450 1.8360 8.4369 -0.3709 0.4668 -2.2894 -1.6111 -0.7586 10.8115 -5.1108 -13.6378 37.6083 7.0806 -0.2344 -3.4041 1.0883 -6.8051 0.1699 2.8474 -0.0949 -0.0340 0.0252 0.6646 -10.5409 -3.8799 -0.8717 -10.5123 3.9777 4.6813 15.0813 -12.7959 -70.2851 -9.6223 -20.5045 -0.4580 -0.1819 -115.9333 3.0373 27.5409 40.4504 -15.8654 11.7510 17.0138 -60.7408 1.8039 2.6761 -9.6547 13.3398 8.0374 64.5559 -4.4139 18.1767 1.1247 0.7772 135.8660 38.2913 20.1457 -19.4763 14.3638 7.4356 -16.2944 49.7693 -3.1751 -5.4220 -2.0601 -8.7055 1.9509 0.0013 42.2415 0.1422 -1.4823 -0.6099 -6.1427 2.5918 -24.7724 -3.0430 -1.7344 -29.3438 -18.7137 0.3022 24.3303 0.3550 3.6963 -11.7272 -13.3571 -1.5364 -4.8394 0.9169
-5.8724 98.1779 172.5288 0.8356 2.1924 1.3270 2.6335 10.1290 -0.2973 0.6403 -1.8112 -2.0514 -0.0274 11.2678 -5.4771 -10.9042 35.8901 5.9877 -0.4928 -3.4716 0.2729 -7.2090 -0.2585 1.7851 -0.1534 -0.0370 0.0748 0.5929 -10.4694 -3.8041 -0.9153 -10.4088 4.0166 6.0863 14.7661 -13.9152 -70.1313 -9.6909 -20.7498 0.0447 -0.1766 -117.7339 4.0775 25.2388 40.8621 -15.6594 11.7050 16.9277 -60.8722 1.7788 2.7339 -9.4296 13.1023 8.5421 64.3812 -5.2429 15.9456 1.1596 1.1231 137.6501 38.5922 21.7517 -16.6886 14.8526 7.4356 -16.2383 50.4758 -2.8760 -5.4272 0.5081 -13.2512 1.2956 -0.1744 55.5037 -0.0054 -7.8456 7.0655 -10.5357 2.4366 -21.2535 -2.6765 -2.7551 -27.8097 -17.5342 0.3028 13.0114 0.2957 4.5092 -8.2919 -12.0533 -1.5851 -4.7222 1.0021
-6.5901 97.0015 176.4170 0.6505 0.4349 3.1995 3.2829 12.1986 -0.0936 0.7277 -1.2868 -2.2644 0.4455 11.8179 -5.4833 -7.6671 34.8444 4.5307 -0.7933 -3.6001 -0.3948 -7.5146 -1.3696 0.7023 -0.2186 -0.0630 0.1400 0.5369 -10.4689 -3.7165 -0.9907 -10.3785 4.0762 8.7536 14.8810 -14.6619 -71.3748 -10.5967 -19.8226 0.0198 -0.0804 -119.4987 5.8055 23.8916 41.5057 -15.2650 11.6722 16.9024 -60.7399 1.8288 2.9390 -10.7125 13.0692 8.6109 65.6517 -5.8687 13.9843 1.8549 1.2164 140.1428 39.5951 24.3182 -14.6070 15.3842 7.3953 -16.2026 51.0773 -2.7978 -5.4582 3.2749 -19.4895 -1.3532 -0.3763 69.3987 -0.4843 -13.3827 7.4918 -14.0939 1.9348 -9.9155 -2.2473 -3.7975 -26.8200 -16.7408 0.1199 4.2484 0.1586 8.0453 -5.0932 -10.0813 -1.5287 -4.4927 1.1126
-7.4070 95.0587 180.3765 1.3623 -1.1396 5.1314 3.3623 14.4405 0.0611 0.7226 -0.6470 -2.3260 0.4646 12.5358 -5.4723 -4.2537 34.6446 3.2985 -0.9451 -3.6660 -1.2012 -7.2383 -2.7320 -0.3705 -0.2391 -0.0703 0.1640 0.5215 -10.4719 -3.6748 -1.0166 -10.3740 4.0852 11.0433 15.1099 -14.8388 -72.4156 -11.4173 -19.4323 -0.4752 0.0149 -121.0414 7.0856 24.0536 41.9425 -15.1675 11.5452 16.9360 -60.6290 1.9337 3.0730 -12.2257 13.1707 8.2557 67.2773 -5.9167 13.0944 2.9009 1.3173 142.8488 40.4937 25.8446 -13.7225 15.6816 7.3608 -16.1257 51.3763 -2.7179 -5.6011 4.8443 -26.3947 -4.2562 -1.4742 79.0930 -1.7624 -12.4429 3.1033 -11.2183 1.8397 -5.8843 -2.1877 -5.8156 -27.7368 -15.6107 -0.0446 1.5400 0.1068 12.3898 -3.2790 -8.1076 -1.4204 -4.0791 1.1570
-8.2779 92.6971 184.3374 2.7829 -2.6796 7.0498 2.8403 16.7693 0.0936 0.7258 0.0144 -2.2831 0.3295 13.6257 -5.1417 -0.9890 34.8283 1.9382 -1.1525 -3.7216 -1.7401 -6.3354 -3.7540 -1.4995 -0.1776 -0.0687 0.1158 0.5722 -10.4001 -3.6969 -0.9423 -10.3295 3.9862 12.3850 15.3168 -14.6920 -72.5039 -11.9701 -20.7682 -0.8937 -0.0619 -121.9248 7.2978 24.5612 41.5926 -15.4521 11.1730 16.7640 -60.6568 1.8407 2.8381 -12.8490 13.2397 7.8543 68.2408 -5.2417 13.4077 3.6375 1.4860 145.0500 40.2635 26.8854 -14.2866 15.6219 7.4674 -16.0469 51.7160 -2.5238 -5.5746 4.8025 -33.2223 -5.3666 -4.2169 82.2399 -4.5848 -9.9159 -1.6081 -5.1388 1.7424 -4.5909 -2.0789 -8.7157 -29.7725 -14.2133 0.0056 5.1766 0.1804 15.6550 -0.5184 -6.0982 -1.3245 -3.9446 1.2276
-9.1550 90.2273 187.6603 3.5069 -3.7902 8.7490 3.0391 19.0840 0.0928 0.5625 0.8226 -1.8299 0.4063 14.9189 -4.5680 2.0051 34.7528 0.2281 -1.3787 -3.6332 -1.6195 -5.0471 -5.0801 -2.3358 -0.1352 -0.1247 0.0831 0.5603 -10.3551 -3.6798 -0.8394 -10.3245 3.8868 12.3594 15.2468 -14.5670 -71.5416 -12.6052 -22.6406 -0.8810 -0.0407 -121.5100 7.5249 26.4659 41.0025 -16.1673 10.8503 16.4783 -61.1946 1.5581 2.5747 -11.8954 13.3815 8.3036 67.3430 -4.6897 13.4405 4.1898 1.4914 145.8269 38.7625 28.7621 -14.9897 15.4363 7.4604 -16.0943 51.5446 -2.7519 -5.5692 4.7528 -39.8397 -5.1647 -3.4945 79.3904 -3.8531 -6.3927 -7.8147 0.9725 1.7001 -3.9548 -1.9633 -10.7884 -34.3177 -13.7339 0.1875 16.1403 0.2541 14.3858 8.8243 -3.3308 -1.3809 -3.0034 1.1499
-9.8433 88.2332 190.4079 3.8218 -4.0416 9.2506 2.6095 21.2019 -0.0990 0.5103 1.7336 -1.1707 1.0073 16.7696 -3.7401 3.7001 33.9557 -0.7540 -1.0662 -3.7000 -1.2429 -3.4455 -6.6272 -2.4251 -0.1457 -0.1548 0.0834 0.5135 -10.3345 -3.6581 -0.8076 -10.3266 3.8658 11.4160 15.4786 -13.8167 -71.0875 -14.5094 -22.7198 -0.9296 -0.1578 -119.4081 9.9135 29.4062 40.5465 -16.5143 10.7353 16.1504 -61.2501 1.6017 2.2173 -10.6268 14.0631 10.0475 65.1226 -5.3589 12.5662 4.1744 1.6142 144.6357 35.8741 31.5759 -15.7680 15.3396 7.4956 -16.2286 51.1777 -2.9492 -5.7066 3.9629 -45.4481 -3.1717 -1.5873 70.7403 -1.9290 -4.5783 -12.7762 2.5724 1.6893 -3.6801 -1.9277 -11.9316 -41.0155 -13.1726 0.2709 31.0069 0.5904 10.4496 10.4692 -1.6156 -1.4339 -0.8746 1.0154
-10.2913 87.0781 193.2105 4.3198 -2.8207 8.6909 1.7529 22.6901 -0.2910 0.3783 2.4429 -0.7691 1.0845 18.7956 -2.7122 5.1543 34.0748 -1.1243 -0.9526 -3.8594 -0.0542 -2.0449 -7.7030 -2.0785 -0.1856 -0.1751 0.0896 0.4478 -10.4148 -3.6520 -0.8207 -10.4628 3.8885 10.6912 16.3968 -13.0206 -71.2342 -16.7165 -21.7587 -0.6198 -0.5567 -116.5562 14.6884 33.0547 41.2697 -16.6848 10.8228 16.1096 -60.7684 1.6614 1.9559 -9.8104 14.8008 11.6754 63.4099 -6.6886 11.8393 3.7172 1.5817 142.2091 30.1607 34.7797 -17.6858 15.2330 7.7404 -16.3048 51.1443 -2.8637 -5.8902 2.1017 -49.8065 0.0772 -0.8927 58.6136 -1.0551 -5.0840 -15.1753 1.0084 1.6501 -3.4857 -2.0209 -12.7682 -46.1088 -12.1839 0.3619 40.5244 0.5399 7.8094 8.0970 -0.4014 -1.4266 0.0038 1.0095
-10.4793 86.2114 196.3507 4.5848 -0.7529 7.4571 1.0442 23.8482 -0.3667 0.0578 3.0944 -0.4096 0.8730 20.6197 -2.0699 6.0783 35.1916 -0.5478 -1.1265 -3.9979 0.9642 -0.7715 -8.5273 -1.7955 -0.1617 -0.1783 0.0692 0.4726 -10.4702 -3.6867 -0.7933 -10.5433 3.8717 10.1789 17.1770 -12.3341 -71.6513 -18.3142 -20.3190 -0.0245 -0.7895 -114.5988 18.5771 34.7067 41.8333 -16.5308 10.9562 15.9028 -60.2268 1.8129 1.6931 -9.3986 15.5486 13.0093 62.4843 -8.2437 11.3575 3.5426 1.4146 140.2178 24.5258 36.5640 -20.0035 15.0237 7.7744 -16.1977 50.5930 -2.9743 -6.0216 0.9797 -53.1771 2.4733 -0.9499 47.7803 -1.0139 -8.0302 -15.8916 -0.5039 1.5757 -3.6304 -2.0919 -12.8207 -50.0587 -11.3995 0.3725 46.4046 0.4542 6.3691 4.6138 1.2486 -1.4261 0.4061 0.9823
-10.3721 85.4318 199.3600 4.5344 1.6175 5.7051 0.3349 24.7488 -0.4428 -0.2915 3.6451 -0.1437 0.5532 22.3263 -1.5879 6.1677 37.2181 0.3984 -1.2508 -4.0460 1.4750 -0.1993 -9.4318 -1.4710 -0.1417 -0.1895 0.0475 0.4805 -10.5415 -3.7244 -0.7585 -10.6503 3.8580 9.5409 17.8031 -11.6701 -71.8304 -19.7301 -18.8056 0.1521 -0.7148 -114.1413 20.6308 35.4260 41.3533 -16.3801 11.1634 15.8531 -60.1256 1.8415 1.4272 -9.0367 16.3338 13.9444 61.6301 -9.4487 11.7232 3.4776 1.2468 139.2907 20.5615 37.2402 -21.9952 15.0157 7.7763 -16.1068 50.0855 -3.1217 -5.9778 1.3094 -55.9706 3.1329 -0.9941 41.3629 -1.0791 -10.0429 -15.3541 -0.7557 1.5192 -3.4007 -2.1315 -12.3975 -53.3139 -10.7127 0.4202 50.5941 0.4733 5.8727 0.6560 2.8432 -1.4249 0.7038 0.9904
-9.9257 84.8691 202.1701 4.1976 3.8699 3.6904 -0.3986 25.4163 -0.5412 -0.5745 4.1116 -0.0205 0.0665 24.0507 -1.3116 5.1553 39.7117 1.2488 -1.1622 -4.0759 1.4264 -0.0497 -10.0012 -1.3700 -0.1674 -0.2038 0.0268 0.4285 -10.6116 -3.7640 -0.7586 -10.7561 3.8696 8.9687 18.0120 -11.0656 -71.7335 -20.9024 -17.4027 -0.1182 -0.5630 -115.0373 21.7657 36.4658 41.0114 -16.3167 11.2513 15.8593 -60.1869 1.8772 1.2579 -8.6772 16.8775 14.5997 61.0227 -10.2266 12.5493 3.6565 1.3064 138.8877 18.2917 38.1201 -23.2294 15.1647 7.7372 -16.0505 49.7205 -3.1663 -5.9589 2.8691 -57.8275 2.5717 -0.8914 39.7058 -1.0615 -9.4751 -13.9084 -1.3273 1.5274 -2.8567 -2.1764 -11.8963 -55.9399 -9.9646 0.6079 53.8449 0.6839 5.7698 -2.7322 4.1860 -1.4259 0.7235 1.0123
-9.2464 84.4812 204.8767 3.7493 5.9125 1.6457 -1.2256 25.8465 -0.7312 -0.8154 4.4951 0.0586 -0.6211 25.8165 -1.2632 3.1412 42.5276 1.7472 -0.9479 -4.1709 0.6908 -0.0758 -10.0244 -1.7961 -0.1909 -0.2052 -0.0051 0.4085 -10.6278 -3.8157 -0.7876 -10.8052 3.8717 8.7067 17.8087 -10.6289 -71.1969 -21.8593 -16.5394 -0.4260 -0.4736 -116.8175 22.0081 37.9422 40.7557 -16.1881 11.2360 15.8990 -60.2832 1.9350 1.1430 -8.2403 17.2394 15.0526 60.8213 -11.0337 13.0848 4.3102 1.4509 138.5279 17.1243 39.1259 -23.7493 15.2873 7.5459 -16.1022 49.3014 -3.2957 -6.0464 4.3946 -58.9331 2.1220 -0.8175 41.5577 -1.0623 -6.9283 -10.2132 -3.4100 1.6414 -2.2946 -2.2238 -11.9663 -57.9776 -8.6730 0.9219 56.5453 1.0252 5.9620 -5.6943 5.5315 -1.4331 0.5847 1.0384
-8.5149 83.9653 207.6395 3.2836 7.6109 0.0403 -2.0957 26.0414 -1.0730 -1.0579 4.8675 0.1766 -1.3847 27.2005 -1.4324 1.0100 45.3700 2.1243 -0.4026 -4.2957 -0.8329 -0.3706 -9.2095 -2.7529 -0.0858 -0.2220 -0.0199 0.4603 -10.6320 -3.8120 -0.6247 -10.8418 3.8075 9.1172 17.2912 -10.2339 -70.4645 -22.7749 -16.3613 -0.5445 -0.2542 -118.4222 21.1723 38.8867 39.6802 -16.0964 11.1787 15.7234 -60.4316 1.9114 0.9009 -7.5395 17.4871 15.4383 60.6433 -11.7618 13.6382 4.9746 1.2330 137.6854 15.6644 39.6513 -24.3458 15.2523 7.4432 -16.1342 49.0227 -3.4853 -5.9710 5.3083 -59.6460 2.1394 -0.9760 43.7894 -1.1268 -6.5827 -0.7869 -5.9283 1.6976 -1.5339 -2.1301 -12.6362 -59.4656 -7.0944 1.0851 59.1648 1.2176 6.2469 -8.6918 6.6781 -1.4467 0.2774 1.0519
-7.8945 83.3456 210.2318 2.5185 9.0285 -0.6431 -2.4873 26.1678 -1.0653 -1.1604 5.0659 -0.0700 -2.0884 28.2820 -1.6588 -0.6231 48.5607 1.9916 0.0573 -4.3695 -2.4827 -0.5147 -8.9112 -4.1265 -0.1269 -0.2430 -0.0458 0.3050 -10.5190 -3.7448 -0.5539 -10.6922 3.7062 10.1356 16.9713 -10.0247 -69.8562 -24.0859 -16.3776 -0.3024 -0.0534 -119.4860 20.4540 39.2292 38.6830 -16.0435 11.1212 15.7010 -60.5273 1.7790 0.9534 -6.9046 17.7095 15.7103 60.9271 -12.4736 13.9469 5.2831 1.1371 136.5834 14.8792 39.6914 -24.5214 15.2473 7.4290 -16.0261 48.9285 -3.5537 -5.6507 7.1550 -61.8566 0.9853 -1.1184 47.7271 -1.2817 -7.7791 1.2471 -7.0198 1.5794 0.0381 -2.0800 -13.1823 -60.4833 -5.8755 1.1743 61.8173 1.3633 6.7299 -11.3621 7.3787 -1.4641 0.2074 1.0123
-7.4517 82.9426 212.6597 1.7313 10.3854 -0.4504 -2.6850 26.3682 -1.1377 -1.2804 5.1676 -0.1594 -2.5212 29.0489 -1.9595 -1.6408 51.2346 1.6227 0.6458 -4.4752 -4.0502 -0.9470 -8.6971 -5.7676 -0.0639 -0.2857 -0.0391 0.3231 -10.5510 -3.7345 -0.4431 -10.7313 3.6962 11.0765 16.6994 -10.0485 -68.9019 -25.7875 -16.0896 -0.0768 0.2263 -119.9922 19.7251 39.6568 38.3576 -15.9777 11.0935 15.7459 -60.4175 1.7030 0.9827 -6.6849 17.6130 15.9136 61.9858 -13.1758 13.8858 5.5338 1.2244 135.3726 15.0393 39.7797 -23.8498 15.4100 7.5731 -16.1038 49.2012 -3.5369 -5.6123 8.7963 -64.5662 -0.3815 -1.2547 52.4824 -1.4351 -7.4127 -0.4783 -7.9866 1.5503 0.5683 -2.0457 -13.3606 -61.1302 -5.5380 1.2525 63.9466 1.5148 7.3003 -13.8590 7.3749 -1.4658 0.0510 1.0581
-7.1048 82.7793 214.8842 0.9851 11.7722 0.0723 -2.8243 26.5515 -1.1650 -1.3540 5.2234 -0.2455 -2.8867 29.6765 -2.1473 -2.4463 53.3538 1.2629 1.4338 -4.5308 -5.3309 -0.9526 -8.6750 -7.1960 -0.0146 -0.3089 -0.0132 0.3368 -10.5802 -3.6899 -0.3543 -10.7155 3.6933 12.0054 16.4579 -10.1072 -67.7625 -27.8225 -15.9058 0.2341 0.4435 -119.8707 19.5696 40.4481 38.7677 -16.0267 10.9900 15.7239 -60.3718 1.5839 0.9746 -6.8424 17.3505 15.9805 63.2537 -13.8362 14.2380 5.4828 1.2158 134.1944 15.1668 39.9310 -23.3604 15.5853 7.7060 -16.1142 49.5002 -3.5208 -5.5435 10.2994 -66.6218 -1.8138 -1.3946 55.8109 -1.5498 -6.9474 -2.1594 -8.8517 1.5413 0.8312 -2.0103 -13.1585 -61.5010 -5.6802 1.3891 65.4190 1.6971 7.8472 -15.9229 7.0163 -1.4677 -0.1294 1.1397
-6.8459 82.8892 216.7361 0.2968 13.2215 0.6864 -2.9631 26.7091 -1.1821 -1.3758 5.2831 -0.2915 -3.2236 30.0768 -2.1870 -3.0082 54.6677 1.0399 2.1154 -4.5158 -6.2384 -0.6933 -8.7744 -8.2870 0.0065 -0.3173 0.0179 0.3197 -10.6192 -3.6318 -0.2936 -10.6922 3.6951 12.9735 16.1122 -10.1886 -66.8822 -29.9688 -15.5710 0.2318 0.5178 -119.3755 19.7221 41.1420 39.2476 -16.0921 10.8840 15.7575 -60.0959 1.4706 1.0518 -7.2930 16.9729 15.9471 64.5952 -14.5155 14.7514 5.2501 1.1010 133.1433 15.2010 40.1032 -23.0137 15.6728 7.8297 -16.1017 49.7839 -3.4852 -5.4807 11.8204 -68.0746 -3.3483 -1.5464 57.8203 -1.7101 -6.5841 -3.6972 -9.6268 1.5402 1.0069 -1.9835 -12.4103 -61.6724 -6.4266 1.4733 66.0822 1.8044 8.3401 -17.5037 6.6087 -1.4707 -0.2188 1.2287
-6.6333 83.2526 218.3131 -0.2847 14.5516 1.3097 -3.1049 26.8237 -1.2224 -1.4060 5.3514 -0.2387 -3.4770 30.3374 -2.1162 -3.3199 55.1405 1.0420 2.5648 -4.4523 -6.7923 -0.3444 -8.9659 -8.9864 0.0087 -0.3165 0.0480 0.2809 -10.6572 -3.5690 -0.2479 -10.6732 3.6941 13.8917 15.7601 -10.1335 -66.1688 -31.9984 -15.4948 0.0129 0.4274 -118.7396 19.8809 41.6799 39.3867 -16.0769 10.7543 15.7911 -59.7901 1.3958 1.1693 -7.8075 16.5947 15.8990 65.7672 -15.2941 15.0329 4.9794 0.9002 132.2846 15.1787 39.8718 -22.7252 15.6894 7.8641 -16.0897 49.9429 -3.4986 -5.4431 13.0212 -68.9004 -4.5472 -1.6233 58.7574 -1.8125 -6.3683 -4.9058 -10.3374 1.5424 1.1450 -1.9539 -11.3474 -61.4835 -7.5549 1.5428 65.9914 1.8878 8.8140 -18.6888 6.2065 -1.4709 -0.2947 1.3070
-6.5527 83.7422 219.5565 -0.7106 15.5346 1.8760 -3.2384 26.8783 -1.2297 -1.4423 5.4124 -0.1173 -3.6330 30.4519 -1.9673 -3.3295 54.8620 1.3552 2.6968 -4.3684 -7.0263 -0.0267 -9.2282 -9.3624 0.0150 -0.3142 0.0738 0.2522 -10.6794 -3.5148 -0.2048 -10.6579 3.6887 14.7543 15.5008 -9.9563 -65.6997 -33.6386 -15.7778 -0.2064 0.3002 -118.1569 19.6097 41.9249 38.8787 -16.0179 10.6858 15.8711 -59.6066 1.3546 1.1998 -8.1571 16.2971 15.8958 66.5991 -15.9017 14.8655 4.7575 0.7318 131.4928 15.1581 39.2014 -22.3626 15.6992 7.8587 -16.0782 50.0067 -3.4924 -5.4443 13.5851 -69.0928 -4.9857 -1.6835 58.9690 -1.8979 -6.2697 -5.8095 -11.0093 1.5445 1.2343 -1.9288 -10.2931 -60.8474 -8.7670 1.4732 65.4609 1.7906 9.1860 -19.6296 6.0191 -1.4709 -0.3698 1.3525
-6.5340 84.2638 220.7511 -0.9899 16.0115 2.4557 -3.3324 26.8313 -1.2124 -1.4837 5.4255 0.0403 -3.6678 30.4431 -1.7700 -2.9949 54.1806 1.9471 2.5047 -4.2722 -7.0499 0.1594 -9.6730 -9.4885 0.0247 -0.3057 0.0908 0.2304 -10.6449 -3.4662 -0.1628 -10.6169 3.6689 15.4434 15.4713 -9.7699 -65.3910 -34.8635 -16.3213 -0.3052 0.1334 -117.4221 19.2161 41.7116 37.8723 -15.9895 10.7375 16.0115 -59.7296 1.3871 1.1618 -8.2436 16.1226 15.9153 67.0290 -16.2130 14.5601 4.5139 0.6409 130.3356 15.1759 38.4877 -22.1097 15.7431 7.8313 -16.0780 50.0705 -3.4833 -5.4224 13.5747 -68.6216 -4.7815 -1.7292 58.7657 -1.9707 -6.2324 -6.5376 -11.7548 1.5480 1.2545 -1.8967 -9.3814 -59.6961 -9.9908 1.3330 64.7006 1.6000 9.4270 -20.4366 5.9941 -1.4685 -0.4439 1.3518
-6.5913 84.7801 221.9159 -1.1502 15.8960 3.0301 -3.3960 26.6855 -1.1147 -1.5050 5.3481 0.1804 -3.6263 30.3809 -1.5594 -2.3966 53.2730 2.7418 2.0719 -4.1865 -6.9137 0.1186 -10.2464 -9.4133 0.0390 -0.2892 0.1032 0.2214 -10.5560 -3.4201 -0.1274 -10.5564 3.6372 15.9055 15.6384 -9.7697 -65.3148 -35.7322 -16.8110 -0.1803 -0.1047 -116.2184 18.7995 40.8052 36.3097 -15.9663 10.8648 16.1595 -59.9624 1.4889 1.1317 -8.0371 16.0731 15.9981 67.0614 -16.3373 14.2491 4.2747 0.5246 128.5244 15.3114 37.8137 -21.8581 15.8177 7.8025 -16.1325 50.2200 -3.5026 -5.4413 13.1110 -67.4964 -4.0428 -1.6985 58.3733 -1.9538 -6.2541 -7.1725 -12.6276 1.5488 1.2144 -1.8846 -8.7236 -58.0213 -11.1082 1.2002 63.8995 1.4198 9.5361 -21.0994 6.1006 -1.4698 -0.4803 1.3370
-6.7502 85.2654 223.1334 -1.2395 15.1307 3.5543 -3.3919 26.4412 -0.9733 -1.5384 5.1819 0.3183 -3.5397 30.2891 -1.3733 -1.2887 52.0717 3.8272 1.3324 -4.1314 -6.5674 -0.1964 -11.0227 -9.1120 0.0473 -0.2658 0.1032 0.2216 -10.4447 -3.3972 -0.1130 -10.4957 3.6045 16.0693 15.9774 -9.9954 -65.6043 -36.5224 -17.0702 0.0378 -0.4421 -114.2391 18.5969 38.6174 33.8607 -15.9488 11.0444 16.3763 -60.4079 1.6134 1.1474 -7.5971 16.0535 16.0909 66.7057 -16.3610 14.0359 4.1689 0.4886 125.9743 15.6888 37.2684 -21.4856 15.9783 7.7772 -16.2315 50.4321 -3.5226 -5.4236 12.3596 -65.6787 -2.8556 -1.6751 57.9704 -1.9398 -6.2520 -7.8513 -13.6569 1.5493 1.1550 -1.8803 -8.3439 -55.7491 -12.0732 1.1241 63.1496 1.3012 9.5717 -21.6970 6.3470 -1.4703 -0.4691 1.3195
-6.9675 85.7635 224.3704 -1.3141 13.7394 3.9762 -3.3361 26.0483 -0.7983 -1.5526 4.9335 0.4175 -3.5010 30.1690 -1.2470 0.2983 50.4268 5.1126 0.4010 -4.1210 -5.8802 -0.8110 -12.0116 -8.4420 0.0429 -0.2417 0.0789 0.2331 -10.3779 -3.4177 -0.1397 -10.5013 3.5695 15.8099 16.4326 -10.5808 -66.3109 -37.3336 -16.8097 0.2097 -0.9493 -111.0247 18.8449 34.1710 29.8513 -15.9073 11.1683 16.5780 -60.9629 1.7369 1.1592 -6.9505 15.8708 16.1389 65.9664 -16.4771 14.1513 4.2612 0.5971 122.3968 16.5044 37.5718 -20.7688 16.0422 7.7467 -16.3283 50.5455 -3.5395 -5.3905 11.6352 -63.1266 -1.5195 -1.6396 57.5098 -1.9267 -6.2464 -8.5707 -14.7650 1.5503 1.0062 -1.9085 -8.2315 -52.7947 -12.8152 1.0838 62.2683 1.2325 9.5430 -22.2452 6.7082 -1.4701 -0.4733 1.2943
-7.1908 86.3465 225.4561 -1.4252 11.8238 4.2005 -3.2212 25.4593 -0.6319 -1.5096 4.6281 0.4456 -3.5193 29.9847 -1.1828 2.1423 48.1714 6.1930 -0.6458 -4.1386 -4.6398 -1.3811 -13.3049 -7.2007 0.0019 -0.2040 0.0434 0.2431 -10.3996 -3.4810 -0.2375 -10.5828 3.5700 15.1404 17.0277 -11.5946 -67.2680 -38.1940 -16.1005 0.1062 -1.5478 -105.8434 20.3399 27.1016 24.0751 -15.7869 11.1920 16.5824 -61.4219 1.8840 1.2401 -6.3276 15.5190 15.9960 64.8212 -16.9535 14.9941 4.5261 0.8962 117.9652 17.4758 38.8293 -19.5613 15.9872 7.6443 -16.3882 50.5430 -3.5374 -5.3957 11.1590 -59.8859 -0.2640 -1.6077 56.9154 -1.9131 -6.0984 -9.2622 -15.8576 1.5489 0.8015 -1.9545 -8.3336 -49.1896 -13.3232 1.0996 61.0690 1.2381 9.3404 -22.5942 7.2952 -1.4649 -0.5102 1.2786
-7.3875 87.0462 226.5170 -1.5149 9.6611 4.1698 -3.0433 24.5898 -0.4130 -1.4030 4.2056 0.3629 -3.5498 29.6812 -1.2729 3.8082 45.5385 6.8086 -1.6006 -4.1602 -3.0625 -1.5696 -14.8333 -5.5457 -0.0642 -0.1607 0.0243 0.2379 -10.4883 -3.5524 -0.3728 -10.6972 3.6229 14.1900 17.6871 -12.8756 -67.3026 -38.6420 -15.9698 -0.2480 -1.9740 -98.6337 22.2424 19.9641 18.9109 -15.5246 11.1177 16.4951 -61.1374 1.9825 1.5167 -6.0027 15.1071 15.7135 63.4099 -17.7164 16.8648 4.7402 1.0367 112.9702 17.8172 39.6775 -17.9595 15.8479 7.4873 -16.4197 50.4763 -3.5528 -5.4606 10.9036 -56.1104 0.7211 -1.5442 55.9719 -1.8646 -5.9301 -9.8074 -16.5996 1.5515 0.6926 -1.9837 -8.6469 -45.2477 -13.5556 1.1339 59.4610 1.2717 9.0686 -22.5642 8.0267 -1.4625 -0.5182 1.2747
-7.4601 87.8708 227.4603 -1.5167 7.5183 3.8863 -2.8034 23.5305 -0.1645 -1.3019 3.6879 0.2708 -3.4597 29.1482 -1.4585 5.0887 42.8303 6.8613 -2.2534 -4.1355 -1.4226 -1.3995 -16.5976 -3.9270 -0.1059 -0.1165 0.0364 0.2342 -10.5063 -3.5746 -0.4563 -10.7062 3.6823 13.3333 18.2164 -14.0398 -64.9963 -38.0376 -18.2238 -0.5807 -1.7963 -89.8416 23.0198 14.3544 16.2683 -15.1849 11.0747 16.5585 -60.5235 2.0132 1.8724 -6.0279 14.7867 15.4705 61.7745 -18.6729 19.6356 4.6617 1.0268 107.4772 17.2325 38.9764 -16.2103 15.7367 7.3898 -16.5343 50.5563 -3.5777 -5.6066 10.6908 -52.0355 1.4240 -1.3919 54.5822 -1.7243 -5.8313 -10.2525 -16.8004 1.5627 0.7024 -1.9681 -9.0971 -41.2940 -13.5655 1.1174 57.4621 1.2636 8.8417 -22.2072 8.6962 -1.4634 -0.5215 1.2578
-7.4231 88.7930 228.3234 -1.3630 5.4085 3.3892 -2.5766 22.4008 0.0580 -1.2179 3.1099 0.2124 -3.1655 28.3055 -1.6332 6.0149 40.2709 6.4491 -2.5335 -4.0739 0.0651 -1.1223 -18.3680 -2.5638 -0.1094 -0.0743 0.0638 0.2490 -10.3944 -3.5453 -0.4793 -10.5658 3.7092 12.7114 18.5146 -14.9079 -59.4463 -35.3856 -24.3139 -0.2983 -1.0004 -80.3510 21.3525 10.6948 16.8760 -15.2288 11.0695 16.6807 -60.3456 2.0254 2.0678 -6.2391 14.7730 15.5487 59.9217 -19.6472 22.7487 4.2651 1.0445 101.2972 16.2137 37.0477 -14.7050 15.6698 7.3956 -16.7225 50.8305 -3.5517 -5.7577 10.3451 -47.6557 2.0038 -1.2232 52.7471 -1.5692 -5.7645 -10.6387 -16.3695 1.5771 0.7645 -1.9391 -9.7636 -37.2244 -13.2348 1.0087 54.9981 1.1625 8.7983 -21.7197 9.0944 -1.4669 -0.5301 1.2048
-7.2631 89.7968 229.2651 -1.0526 3.4449 2.8024 -2.3461 21.1902 0.2077 -1.1705 2.4453 0.1798 -2.7085 27.2462 -1.7435 6.6313 37.8173 5.6875 -2.4447 -4.0059 1.2847 -0.7822 -20.0256 -1.4362 -0.0980 -0.0390 0.0881 0.2723 -10.2491 -3.5045 -0.4803 -10.3722 3.7157 12.3790 18.5989 -15.3598 -52.2117 -30.0375 -33.2767 0.7157 0.1570 -71.3342 16.0730 9.5487 19.9706 -15.7560 10.9864 16.6151 -60.4550 1.9800 2.0482 -6.4131 14.9243 15.9596 58.0140 -20.3466 25.7757 3.5880 1.0672 94.2953 14.9217 35.0804 -13.8000 15.5086 7.4291 -16.8113 50.9284 -3.5592 -5.8592 9.7661 -43.1456 2.5790 -1.0073 50.5037 -1.3598 -5.7238 -11.0017 -15.4772 1.5864 0.7025 -1.8892 -10.5912 -33.1431 -12.6498 0.8823 52.1539 1.0766 8.9665 -21.1826 9.0911 -1.4673 -0.5594 1.1006
-7.0075 90.8255 230.2634 -0.6306 1.7278 2.1359 -2.1130 19.8507 0.2975 -1.1188 1.7560 0.1633 -2.2011 25.9330 -1.7365 7.0516 35.4274 4.7785 -2.1158 -3.9569 2.1269 -0.4209 -21.6428 -0.4875 -0.0827 -0.0070 0.1048 0.2963 -10.1514 -3.4907 -0.4719 -10.2241 3.7337 12.3185 18.6287 -15.5092 -46.3600 -22.9493 -42.1174 1.6816 1.0187 -63.7929 8.0970 11.4892 22.9806 -16.2713 10.7580 16.1494 -60.5655 1.8279 1.9614 -6.3825 14.9697 16.6083 56.5306 -20.5229 28.2939 2.7975 1.0815 86.7042 13.1569 33.8289 -13.3480 15.3249 7.4320 -16.6725 50.7496 -3.5475 -5.9052 8.9908 -38.7299 3.2425 -0.8200 47.9764 -1.1741 -5.6731 -11.1745 -14.2665 1.5964 0.4907 -1.8200 -11.4629 -29.1843 -11.8710 0.7561 49.0243 0.9830 9.2915 -20.5668 8.7028 -1.4641 -0.6535 1.0096
-6.7002 91.8081 231.3951 -0.2477 0.2648 1.3637 -1.8436 18.3775 0.3035 -1.0221 1.0994 0.1026 -1.6102 24.2985 -1.4658 7.2490 33.0081 3.7519 -1.5885 -3.8808 2.6972 -0.0931 -23.3497 0.3013 -0.0778 0.0283 0.1240 0.3145 -10.1339 -3.5135 -0.4780 -10.1616 3.7960 12.3590 18.8000 -15.7227 -44.8956 -17.6207 -47.0302 1.6953 1.1133 -58.2950 2.9826 13.0399 24.2713 -16.3599 10.4904 15.7872 -60.5961 1.6728 2.0128 -6.1981 14.9434 17.3838 55.7810 -20.2962 30.2513 1.9860 1.1164 79.1063 10.9264 32.6714 -13.3340 15.1803 7.4498 -16.5228 50.5017 -3.4867 -5.8816 8.3423 -34.5992 3.8377 -0.7049 45.4998 -1.0295 -5.6818 -11.2535 -13.0325 1.6136 0.2553 -1.7810 -12.1805 -25.3468 -10.9325 0.6323 45.7516 0.8889 9.7170 -19.9917 8.0187 -1.4580 -0.7003 0.9789
-6.3375 92.7377 232.6853 0.0734 -0.8696 0.4658 -1.5286 16.7867 0.3231 -0.8714 0.4159 -0.0181 -0.9513 22.5379 -1.0414 7.4677 30.4582 2.8493 -1.0564 -3.7969 3.0835 0.0757 -24.8599 0.9650 -0.0720 0.0641 0.1456 0.3496 -10.1626 -3.5565 -0.4982 -10.1515 3.8806 12.3815 19.1075 -16.0139 -46.5920 -15.1744 -48.4531 1.2794 0.9141 -54.2836 1.7181 13.2958 25.9301 -16.3080 10.2026 15.6132 -60.4248 1.5330 2.2658 -5.8177 14.9245 18.2701 55.7456 -19.9306 31.1749 1.5794 0.9919 72.5131 8.9118 31.0510 -13.5777 15.1408 7.4686 -16.4147 50.3660 -3.3619 -5.8016 7.8066 -30.8658 4.4367 -0.6007 43.0543 -0.9046 -5.7154 -11.3246 -11.7332 1.6321 0.0498 -1.7715 -12.7214 -21.8012 -9.8815 0.5239 42.4179 0.8313 10.1460 -19.3468 7.2534 -1.4538 -0.7373 1.0012
-5.9518 93.6256 233.9562 0.3161 -1.6233 -0.5469 -1.1685 15.0730 0.3522 -0.7127 -0.2984 -0.1427 -0.2086 20.6546 -0.6005 8.0069 27.5380 2.0640 -0.5977 -3.7397 3.4308 0.0615 -25.9822 1.6847 -0.0457 0.0933 0.1481 0.4212 -10.2006 -3.6195 -0.5133 -10.1621 3.9406 12.3056 19.4464 -16.3332 -50.0747 -14.4234 -47.6433 0.9770 0.6817 -51.2182 2.9202 12.2222 28.2997 -16.2386 10.0279 15.4785 -60.2214 1.3783 2.6028 -5.2878 14.8494 19.3020 56.2274 -19.4394 31.2126 1.5756 0.7392 66.9332 7.0853 28.7475 -13.9992 15.1476 7.4960 -16.3472 50.3380 -3.2355 -5.7173 7.3380 -27.5251 4.9375 -0.4756 40.5602 -0.7579 -5.7656 -11.3230 -10.2271 1.6492 -0.0867 -1.7805 -13.0837 -18.5639 -8.7709 0.4372 38.9414 0.8171 10.5671 -18.5316 6.5720 -1.4564 -0.7832 1.0526
-5.6231 94.4375 235.2904 0.5178 -1.9883 -1.6210 -0.7979 13.3065 0.3840 -0.5513 -1.0483 -0.2331 0.5297 18.7775 -0.2974 8.9184 24.1614 1.3588 -0.2649 -3.7362 3.8090 0.1025 -26.6561 2.4649 -0.0119 0.1183 0.1180 0.5006 -10.2520 -3.6971 -0.5213 -10.1847 3.9472 11.9421 19.7297 -16.5526 -54.1561 -13.9481 -45.6894 0.8251 0.3925 -49.2820 4.6322 10.4166 29.8785 -16.2511 10.0111 15.3150 -60.2064 1.2519 2.7466 -4.6863 14.7166 20.4841 57.0617 -18.7207 30.6653 1.7376 0.5068 62.2511 5.6136 26.0433 -14.3683 15.1928 7.5131 -16.3433 50.3527 -3.1723 -5.6564 6.8814 -24.6873 5.4669 -0.3684 38.1137 -0.6300 -5.8262 -11.2377 -8.6851 1.6585 -0.1783 -1.7991 -13.3150 -15.7292 -7.7026 0.3622 35.4017 0.8090 11.0097 -17.6951 6.0952 -1.4614 -0.7648 1.0862
-5.3070 95.1241 236.5162 0.7378 -2.0240 -2.7113 -0.4625 11.5749 0.3834 -0.4287 -1.7307 -0.2057 1.1939 16.9672 -0.1444 10.0552 20.3830 0.7810 -0.0414 -3.7442 4.1087 0.5745 -26.8274 2.9437 -0.0065 0.1392 0.0752 0.5599 -10.2838 -3.7626 -0.5665 -10.1867 3.9258 11.4797 19.8212 -16.6368 -57.9158 -12.7823 -43.7567 0.6012 0.1197 -48.6986 5.3468 8.0290 29.6975 -16.3239 10.0677 15.1807 -60.3644 1.1495 2.6960 -4.0361 14.5533 21.8628 57.9427 -17.7048 29.9248 1.8582 0.3640 58.1517 4.6388 23.4946 -14.8089 15.2691 7.5276 -16.3356 50.2944 -3.1657 -5.5783 6.4187 -22.3925 6.1104 -0.2931 35.7872 -0.5217 -5.9599 -11.0597 -7.3713 1.6610 -0.2492 -1.8379 -13.5370 -13.4189 -6.8274 0.3022 32.0089 0.8258 11.4412 -16.9415 5.8445 -1.4683 -0.6453 1.0762
-5.0354 95.6739 237.6431 0.9609 -1.9566 -3.7160 -0.1878 10.0334 0.3435 -0.3491 -2.2896 -0.0309 1.8194 15.3600 -0.0789 11.1412 16.6631 0.3510 0.0668 -3.7249 4.2565 1.3226 -26.2327 3.0189 -0.0405 0.1455 0.0537 0.5990 -10.2989 -3.7884 -0.6728 -10.2049 3.9227 11.2342 19.8331 -16.5832 -60.8641 -10.9799 -42.6977 0.4101 -0.1183 -49.2301 5.0953 5.4308 28.4831 -16.3879 10.1135 15.0757 -60.5696 1.0978 2.5054 -3.2632 14.4071 23.4213 58.5866 -16.4233 29.2092 1.8497 0.2742 54.5093 4.1239 21.0836 -15.1192 15.3460 7.5468 -16.3025 50.1981 -3.1591 -5.5402 5.9980 -20.5397 6.8701 -0.2351 33.7582 -0.4459 -6.0553 -10.8497 -6.3892 1.6528 -0.3529 -1.9010 -13.7505 -11.5849 -6.1718 0.2620 29.1006 0.8455 11.7748 -16.3698 5.7481 -1.4703 -0.5443 1.0468
-4.8547 96.0992 238.5100 1.1511 -1.9500 -4.5214 0.0537 8.7040 0.2853 -0.2847 -2.7103 0.1905 2.4605 14.0395 -0.0298 12.0162 13.6018 0.0548 0.0625 -3.6790 4.2716 1.9974 -24.8601 2.9650 -0.0920 0.1349 0.0579 0.6241 -10.3081 -3.7787 -0.8011 -10.2409 3.9417 11.4785 19.7626 -16.4113 -63.1104 -8.9508 -42.6924 0.3266 -0.2090 -50.4684 4.0576 2.9470 26.8535 -16.3536 10.1003 14.9930 -60.5784 1.0609 2.3281 -2.2913 14.3047 24.9780 58.8675 -15.0033 28.4260 2.0064 0.1403 51.4765 4.0163 18.5841 -15.1747 15.3856 7.5276 -16.2338 50.0335 -3.1849 -5.5306 5.6595 -18.9463 7.6529 -0.1857 32.0068 -0.3960 -6.0469 -10.6252 -5.7518 1.6434 -0.4685 -1.9842 -13.9475 -10.0226 -5.7781 0.2310 26.6855 0.8683 12.0209 -15.8946 5.7109 -1.4661 -0.5713 1.0086
-4.7325 96.4341 239.2063 1.3626 -2.0630 -5.0184 0.2301 7.6533 0.2094 -0.2087 -3.0373 0.4065 3.0569 12.9807 0.0325 12.6090 11.6049 -0.2140 0.0717 -3.6586 4.2619 2.5034 -23.0191 2.9871 -0.1406 0.1041 0.0792 0.6303 -10.3438 -3.7584 -0.9046 -10.2990 3.9818 12.4940 19.7056 -16.1447 -64.8636 -7.2895 -43.4853 0.3273 -0.1754 -52.0338 2.5956 1.0205 25.3538 -16.2001 10.0708 14.9202 -60.4790 1.0332 2.2571 -1.3433 14.3135 26.2896 59.1074 -13.6976 27.4861 2.2995 -0.0061 49.1841 4.4415 15.6344 -14.8298 15.3892 7.4867 -16.1598 49.8806 -3.2494 -5.5474 5.3498 -17.5211 8.3744 -0.1764 30.5224 -0.3846 -5.9239 -10.4057 -5.3685 1.6412 -0.5468 -2.0339 -14.1676 -8.5789 -5.5269 0.2113 24.6815 0.8926 12.1010 -15.5227 5.5612 -1.4581 -0.6764 0.9716
-4.6509 96.6854 239.6457 1.6241 -2.2641 -5.2217 0.3410 6.9125 0.1451 -0.1221 -3.2924 0.5589 3.5484 12.1347 0.1334 12.9489 10.6410 -0.5191 0.1993 -3.6703 4.3114 2.8973 -20.8122 3.0853 -0.1773 0.0674 0.1083 0.6161 -10.4065 -3.7355 -0.9642 -10.3782 4.0294 14.3090 19.5900 -15.8773 -66.3964 -6.3528 -44.6073 0.4041 -0.1260 -53.5608 1.2348 0.1187 24.3875 -16.0019 10.0972 14.9018 -60.3214 1.0329 2.2941 -0.6287 14.4282 27.3024 59.5343 -12.6686 26.4181 2.6019 -0.1069 47.2264 5.2170 12.1029 -14.1956 15.4000 7.4576 -16.1531 49.8153 -3.3479 -5.6271 5.0009 -16.2815 9.0290 -0.1846 29.2701 -0.3770 -5.8103 -10.1902 -5.2332 1.6417 -0.5490 -2.0386 -14.4189 -7.2525 -5.2014 0.1836 23.1097 0.8893 12.0080 -15.3092 5.1098 -1.4523 -0.6972 0.9478
-4.5604 96.8936 239.9280 1.9225 -2.4971 -5.2514 0.3816 6.4585 0.1004 -0.0421 -3.4586 0.6987 3.9220 11.4765 0.2380 13.1607 10.4960 -0.8623 0.4005 -3.6920 4.3862 3.2794 -18.2685 3.1393 -0.2012 0.0361 0.1451 0.5870 -10.4663 -3.7012 -0.9821 -10.4408 4.0761 16.3421 19.2817 -15.8005 -67.6578 -6.0503 -45.5817 0.5369 -0.0878 -54.7246 0.3688 0.1378 24.0732 -15.8583 10.1848 14.9196 -60.2052 1.0845 2.3630 -0.0011 14.5570 28.0098 59.9359 -11.9117 25.4864 2.7853 -0.1193 45.0620 5.9844 9.2867 -13.4752 15.3893 7.3978 -16.1640 49.7228 -3.4499 -5.6862 4.6258 -15.2564 9.6538 -0.1948 28.1959 -0.3645 -5.7818 -9.9871 -5.2980 1.6430 -0.5132 -2.0188 -14.7161 -6.1887 -4.8410 0.1466 21.9990 0.8476 11.8185 -15.1184 4.5852 -1.4521 -0.7075 0.9456
-4.5458 97.0243 239.9662 2.2104 -2.6501 -5.1742 0.3671 6.2830 0.1140 -0.0013 -3.5280 0.7799 4.1750 11.0548 0.3007 13.3451 10.9209 -1.1487 0.5397 -3.7065 4.4580 3.6294 -15.7505 3.0366 -0.2127 0.0239 0.1701 0.5620 -10.4961 -3.6677 -0.9783 -10.4624 4.0960 18.0190 18.8374 -15.8816 -68.3294 -6.1574 -46.1120 0.7153 -0.0755 -55.6429 0.0256 0.5331 24.0785 -15.8086 10.2822 14.9905 -60.1526 1.1558 2.4407 0.5191 14.6046 28.3695 60.0841 -11.4886 24.9134 2.8822 -0.1043 42.6190 6.3254 7.7199 -12.7350 15.3555 7.3639 -16.1427 49.6390 -3.4877 -5.6799 4.2493 -14.6231 10.1642 -0.2021 27.3854 -0.3477 -5.8407 -9.8101 -5.4291 1.6408 -0.4339 -1.9919 -15.0220 -5.6110 -4.5001 0.1190 21.4323 0.8004 11.6812 -14.9848 4.1026 -1.4559 -0.7169 0.9574
-4.4940 97.0988 239.7572 2.4912 -2.7366 -5.1436 0.2969 6.3926 0.1309 -0.0003 -3.5061 0.8452 4.3076 10.8882 0.3007 13.5011 11.7820 -1.3259 0.5918 -3.7029 4.3560 3.9310 -13.4595 2.8649 -0.2181 0.0203 0.1790 0.5474 -10.5137 -3.6434 -0.9743 -10.4663 4.0900 19.2299 18.4170 -16.0333 -68.4665 -6.6916 -45.9002 0.8408 -0.1212 -56.5277 0.1513 0.7018 23.9813 -15.8662 10.3670 15.0816 -60.2152 1.2361 2.4729 0.9072 14.6008 28.5219 59.9485 -11.3684 24.5598 2.8657 -0.0852 40.3228 6.2525 7.1701 -11.9509 15.3398 7.3552 -16.1023 49.6018 -3.4607 -5.6367 3.8574 -14.3295 10.6112 -0.2005 26.8301 -0.3162 -5.9337 -9.6134 -5.5081 1.6391 -0.4356 -1.9767 -15.3337 -5.5588 -4.1882 0.1160 21.3944 0.7976 11.5256 -14.8668 3.7751 -1.4603 -0.7942 0.9599
-4.4174 97.1295 239.3868 2.7275 -2.7119 -5.2136 0.1817 6.7875 0.1550 -0.0218 -3.4065 0.8754 4.3215 10.9776 0.2329 13.6275 12.9866 -1.4290 0.5586 -3.6796 4.1571 4.0974 -11.4438 2.6907 -0.2196 0.0143 0.1804 0.5429 -10.5366 -3.6289 -0.9728 -10.4711 4.0742 20.1895 18.0825 -16.1662 -68.3153 -7.7192 -44.7713 0.8888 -0.2108 -57.6072 0.6849 0.6348 23.7240 -15.9122 10.4464 15.2288 -60.2742 1.2833 2.5167 1.0636 14.5982 28.5299 59.5441 -11.6583 24.3293 2.8057 -0.0793 38.4746 6.0096 7.1599 -11.1168 15.3441 7.3727 -16.0929 49.6608 -3.4235 -5.5574 3.4848 -14.3858 11.0505 -0.1994 26.4688 -0.2889 -6.0530 -9.3704 -5.5796 1.6321 -0.4593 -1.9862 -15.6037 -5.9982 -3.8499 0.1269 21.7489 0.8055 11.3775 -14.7423 3.6116 -1.4630 -0.8837 0.9665
-4.3017 97.1480 238.8298 2.8989 -2.5650 -5.4801 0.0439 7.4925 0.1517 -0.0495 -3.2113 0.8779 4.2030 11.2780 0.0950 13.6597 14.5146 -1.5621 0.4844 -3.6460 3.9261 4.0979 -9.7073 2.5076 -0.2105 0.0025 0.1680 0.5459 -10.5437 -3.6347 -0.9571 -10.4598 4.0475 21.0257 17.8187 -16.2783 -68.1191 -9.1298 -42.8852 0.9158 -0.2308 -58.9910 1.4689 0.4921 23.2900 -15.9858 10.5545 15.4169 -60.3623 1.3349 2.6005 0.8602 14.6493 28.4207 58.9627 -12.3593 24.2901 2.6860 -0.0437 37.2999 5.8296 7.0843 -10.1954 15.3495 7.3485 -16.0471 49.7012 -3.3994 -5.5044 3.1415 -14.7249 11.5896 -0.1987 26.1776 -0.2814 -6.1777 -8.9877 -5.6043 1.6237 -0.4946 -1.9959 -15.8348 -6.8710 -3.4871 0.1498 22.2504 0.8387 11.3343 -14.5055 3.6730 -1.4629 -0.9475 0.9874
-4.1591 97.1764 238.0901 2.9811 -2.2903 -5.9829 -0.1030 8.5239 0.1477 -0.0803 -2.9453 0.8579 3.9605 11.7856 -0.1034 13.5851 16.3960 -1.7335 0.3334 -3.6191 3.6409 3.9495 -8.1246 2.2283 -0.1884 -0.0169 0.1468 0.5631 -10.5867 -3.6708 -0.9285 -10.4895 4.0266 21.7819 17.7219 -16.3569 -67.8962 -10.8367 -40.4271 0.9492 -0.1555 -60.7177 2.3408 0.4086 22.7349 -15.9854 10.7024 15.6387 -60.4504 1.4034 2.7009 0.2680 14.7742 28.2366 58.1963 -13.4111 24.6190 2.4635 0.0003 36.6400 5.6508 6.8764 -9.1157 15.3821 7.3139 -16.0151 49.7561 -3.4041 -5.4809 2.8485 -15.3760 12.2160 -0.1995 26.0233 -0.2856 -6.2248 -8.5189 -5.5727 1.6162 -0.5484 -1.9957 -15.9845 -8.1815 -3.1651 0.1800 22.8736 0.8783 11.3601 -14.1324 4.0922 -1.4623 -1.0373 1.0003
-3.9742 97.2238 237.1426 2.9763 -1.8871 -6.7362 -0.2954 9.9206 0.1361 -0.1253 -2.5986 0.7875 3.5911 12.5397 -0.2632 13.4771 18.5881 -1.9430 0.0895 -3.6295 3.2034 3.6175 -6.6350 1.8334 -0.1554 -0.0406 0.1128 0.5943 -10.6705 -3.7451 -0.8906 -10.5743 4.0121 22.4174 17.8152 -16.4107 -67.6262 -12.7742 -37.4277 0.9509 0.0668 -62.7629 3.2586 0.3948 21.8885 -15.9344 10.8755 15.8577 -60.5415 1.4605 2.7340 -0.6935 14.8998 27.8661 57.2620 -14.9061 25.3552 2.1305 0.0750 36.1031 5.4724 6.6914 -7.8103 15.3976 7.2916 -16.0019 49.8141 -3.3839 -5.4524 2.6089 -16.3286 12.9354 -0.2007 25.9980 -0.2909 -6.1906 -7.9813 -5.4557 1.6075 -0.5515 -1.9898 -16.0571 -9.8927 -2.9093 0.2125 23.5049 0.9108 11.4416 -13.5399 4.9451 -1.4633 -1.1551 1.0070
-3.7926 97.2458 236.0175 2.8963 -1.2849 -7.7769 -0.5533 11.6680 0.1238 -0.2081 -2.1164 0.7114 3.1321 13.5321 -0.3742 13.2015 20.9083 -2.1318 -0.1303 -3.6681 2.8392 3.1071 -5.6166 1.5999 -0.1134 -0.0626 0.0810 0.6493 -10.7770 -3.8349 -0.8590 -10.7013 4.0165 22.8213 18.1041 -16.3851 -67.2386 -14.9743 -34.1474 1.0733 0.4445 -64.9153 4.0877 0.3094 20.6621 -15.8455 11.0140 16.0508 -60.5700 1.5241 2.6710 -1.9572 14.9815 27.3759 56.1820 -16.9039 26.3419 1.7075 0.1545 35.4817 5.1376 6.4401 -6.3868 15.4588 7.2743 -16.0199 49.8770 -3.3520 -5.4220 2.3924 -17.6631 13.8056 -0.1939 26.1077 -0.2873 -6.1033 -7.3830 -5.2924 1.5996 -0.5755 -1.9791 -16.0266 -12.0863 -2.7202 0.2591 24.1321 0.9509 11.5925 -12.6947 6.2374 -1.4648 -1.3257 0.9939
-3.5906 97.2202 234.7324 2.7181 -0.3789 -9.0624 -0.8832 13.7097 0.0696 -0.3574 -1.4776 0.6722 2.6181 14.7470 -0.4167 12.6335 22.9410 -2.1497 -0.2560 -3.7356 2.6731 2.4735 -5.3025 1.6603 -0.0775 -0.0850 0.0675 0.7016 -10.8821 -3.8985 -0.8390 -10.8565 4.0358 22.6761 18.3829 -16.2824 -66.7981 -17.5043 -30.3182 1.0833 0.8309 -66.9413 5.0401 0.3468 18.9460 -15.7738 11.1014 16.1746 -60.5703 1.6415 2.4062 -3.2637 14.9664 26.8281 54.8985 -19.2991 27.3246 1.1678 0.2269 35.0054 4.6821 6.1013 -4.9463 15.5813 7.2806 -16.0995 49.9705 -3.3640 -5.3962 2.2045 -19.5638 14.7801 -0.1930 26.4702 -0.2730 -5.9575 -6.7598 -5.0696 1.5913 -0.6080 -1.9701 -15.8289 -14.8751 -2.6546 0.3103 24.7512 0.9949 11.7646 -11.6658 7.9442 -1.4633 -1.5127 0.9626
-3.3972 97.0776 233.3308 2.3947 0.9904 -10.5477 -1.2586 15.8886 -0.0004 -0.5811 -0.7197 0.6752 2.0781 16.1023 -0.4037 11.7249 24.2269 -1.9139 -0.3615 -3.7994 2.7025 1.9141 -5.5644 1.8208 -0.0600 -0.1028 0.0675 0.7244 -10.9480 -3.9168 -0.8262 -10.9815 4.0479 21.8016 18.3644 -16.2365 -66.5438 -20.4370 -25.8187 0.8735 1.0812 -68.3686 6.4539 0.3319 16.6062 -15.7203 11.1264 16.1724 -60.4916 1.8263 2.0135 -4.2839 14.8250 26.4994 53.3654 -21.8582 27.9269 0.6309 0.2757 34.9994 4.0607 5.4477 -3.3999 15.7379 7.2998 -16.1882 50.0443 -3.4348 -5.3287 2.0639 -22.2404 15.8713 -0.2065 27.1930 -0.2631 -5.8386 -6.1036 -4.7855 1.5873 -0.6674 -1.9639 -15.3794 -18.3456 -2.7266 0.3654 25.3594 1.0392 12.0320 -10.5666 9.9259 -1.4619 -1.6717 0.9315
-3.2740 96.8069 231.8295 1.9197 2.9796 -12.0207 -1.6720 18.0534 -0.1057 -0.8530 0.0920 0.6933 1.4757 17.5057 -0.3554 10.6229 24.5634 -1.4432 -0.4733 -3.8415 2.7706 1.4050 -6.2077 1.9235 -0.0622 -0.1111 0.0677 0.7141 -10.9906 -3.9091 -0.8235 -11.0731 4.0458 20.3149 18.0665 -16.3864 -66.6730 -24.1845 -20.5063 0.4345 1.0698 -68.6886 8.8032 -0.4052 13.6423 -15.6330 11.1409 16.1489 -60.4495 2.0427 1.6239 -4.7791 14.5482 26.5489 51.5735 -24.3986 27.9945 0.1759 0.2673 35.5888 3.2599 4.6095 -1.6791 15.9276 7.4052 -16.3538 50.2248 -3.4902 -5.2969 1.8968 -25.8935 16.9300 -0.2324 28.3167 -0.2745 -5.7962 -5.4851 -4.4944 1.5877 -0.6406 -1.9550 -14.5941 -22.5887 -3.0784 0.4287 26.0151 1.0581 12.3684 -9.4903 12.0542 -1.4602 -1.7615 0.9105
-3.2293 96.4586 230.4350 1.3070 5.6076 -13.1636 -2.0665 20.0275 -0.2438 -1.1310 0.8932 0.6377 0.8335 18.8777 -0.2921 9.5458 24.0315 -0.8581 -0.6425 -3.8805 2.8627 0.9311 -6.9313 1.8529 -0.0691 -0.1163 0.0563 0.6871 -11.0311 -3.9051 -0.8138 -11.1400 4.0267 18.5417 17.7088 -16.7974 -67.0551 -29.1639 -14.8761 -0.0221 0.7770 -67.1204 12.3149 -2.5043 10.2133 -15.4758 11.1361 16.1229 -60.3826 2.2535 1.4154 -4.7432 14.1768 26.9608 49.4113 -26.7585 27.8566 -0.1217 0.1907 36.5199 2.5151 3.8255 0.0670 16.0373 7.5807 -16.4957 50.4227 -3.4490 -5.2587 1.6344 -30.4482 17.8128 -0.2881 29.6778 -0.3276 -5.7750 -4.8139 -4.3383 1.5968 -0.4843 -1.9389 -13.4276 -27.3666 -3.7880 0.4954 26.6571 1.0686 12.7288 -8.5579 13.9530 -1.4570 -1.7362 0.9273
-3.2513 96.0684 229.0720 0.6323 8.8499 -13.7892 -2.4023 21.6608 -0.3865 -1.3769 1.6908 0.5005 0.2102 20.1768 -0.2626 8.6852 22.9788 -0.1974 -0.8500 -3.8965 2.8828 0.3365 -7.3927 1.6397 -0.0702 -0.1236 0.0391 0.6641 -11.0455 -3.8957 -0.7962 -11.1658 3.9871 16.8977 17.3889 -17.5358 -67.6062 -35.7572 -9.3282 -0.4376 0.2628 -62.6462 17.1152 -5.7408 6.5498 -15.2458 11.0989 16.0597 -60.3469 2.3834 1.4412 -4.2644 13.7063 27.7295 46.6601 -28.8426 27.9323 -0.3444 0.1745 37.2554 2.2081 3.5847 1.4572 16.0415 7.7690 -16.6103 50.5821 -3.4017 -5.1908 1.2122 -35.5818 18.3937 -0.3416 30.8143 -0.3786 -5.7864 -3.9538 -4.3123 1.6077 -0.2665 -1.9347 -11.9575 -32.4778 -4.7637 0.5535 27.2449 1.0876 12.9884 -7.6729 15.3425 -1.4498 -1.6629 0.9857
-3.3586 95.6997 227.8531 0.0155 12.5619 -13.8687 -2.6411 23.0148 -0.5006 -1.5139 2.4578 0.2562 -0.3263 21.3074 -0.2115 8.0728 21.8127 0.5424 -1.1262 -3.9013 2.7837 -0.3308 -7.5857 1.3129 -0.0764 -0.1430 0.0290 0.6350 -11.0109 -3.8563 -0.7825 -11.1416 3.9336 15.8110 17.0507 -18.4978 -68.0198 -43.5406 -4.7772 -0.5988 -0.2527 -55.2918 22.9982 -9.4358 2.9698 -15.0430 11.0224 15.8358 -60.3932 2.3347 1.6795 -3.7930 13.1227 28.6999 43.5144 -30.8615 28.1350 -0.4188 0.2170 37.4109 2.2710 4.1026 2.3015 16.0257 7.8877 -16.6705 50.7653 -3.4146 -5.0894 0.5830 -40.9850 18.5374 -0.3946 31.6005 -0.4134 -5.7833 -2.9663 -4.2247 1.6117 -0.0687 -1.9640 -10.3793 -37.7129 -5.8275 0.6196 27.8317 1.1406 13.0264 -6.9221 16.0810 -1.4358 -1.5513 1.0752
-3.5507 95.3073 226.7675 -0.4127 16.6841 -13.4981 -2.8074 24.0894 -0.6576 -1.5636 3.1970 -0.0196 -0.7516 22.1469 -0.1761 7.5994 20.6313 1.4093 -1.4409 -3.9207 2.4929 -0.9369 -7.3125 0.8000 -0.0950 -0.1702 0.0253 0.5985 -10.9703 -3.8120 -0.7846 -11.1068 3.8927 15.4241 16.5636 -19.4603 -66.3009 -50.9591 -3.4260 -0.3436 -0.3632 -46.4799 27.5708 -12.6978 0.3563 -14.9699 11.0694 15.6492 -60.4054 2.1985 2.0062 -3.5255 12.4173 29.8288 40.2411 -33.2741 28.1739 -0.2816 0.3402 36.8718 2.1553 5.1828 2.6639 15.9957 7.8600 -16.6543 50.8302 -3.5061 -4.9674 -0.2977 -46.4334 18.3142 -0.4337 31.8915 -0.4408 -5.7426 -1.8850 -3.8558 1.6205 0.0119 -2.0042 -8.9669 -43.0436 -6.7174 0.6661 28.4071 1.2046 12.9506 -6.2119 16.1963 -1.4234 -1.3844 1.1420
-3.7862 94.9164 225.9931 -0.5518 20.9322 -12.9681 -2.9516 25.0845 -0.8403 -1.5681 3.8345 -0.2284 -1.0980 22.6861 -0.1700 7.0975 19.6204 2.2282 -1.6270 -3.9491 2.0179 -1.3319 -6.6094 0.1496 -0.1184 -0.1941 0.0207 0.5785 -10.9460 -3.7895 -0.8114 -11.0845 3.8752 15.8368 15.8839 -19.9097 -59.9749 -55.7185 -8.1007 0.0767 -0.1885 -39.6583 28.5880 -13.6858 0.6016 -14.9046 11.1305 15.4350 -60.3294 2.1529 2.1350 -3.7735 11.8080 30.9432 37.2104 -36.4510 27.9167 -0.2028 0.4764 36.0483 1.1546 6.3748 2.4062 15.9774 7.7866 -16.5799 50.8628 -3.5445 -4.9354 -1.5187 -51.6601 18.1800 -0.4918 31.9048 -0.4898 -5.6230 -0.7477 -3.1594 1.6389 0.0084 -2.0302 -7.9921 -48.3538 -7.2291 0.6659 29.0996 1.2162 12.7909 -5.5723 15.9227 -1.4215 -1.1622 1.1578
-4.0230 94.5390 225.3830 -0.4297 25.1781 -12.2942 -3.0411 25.9620 -1.0229 -1.5541 4.3458 -0.2983 -1.2972 22.9428 -0.1968 6.3916 18.8555 2.8807 -1.5570 -3.9774 1.3946 -1.6307 -5.6637 -0.6000 -0.1351 -0.2187 0.0077 0.5783 -10.9338 -3.7977 -0.8456 -11.0846 3.8703 16.5365 14.9593 -19.5740 -49.1734 -56.6908 -18.5060 0.0716 0.0697 -36.3522 26.9575 -10.7334 3.9831 -14.9699 11.0373 15.2298 -60.0999 2.1666 1.9800 -4.3610 11.2381 31.8872 34.4147 -40.0518 27.5036 -0.2390 0.6085 35.4253 -0.5806 7.4366 1.5767 16.0029 7.7165 -16.4977 50.9470 -3.4558 -4.9642 -3.0167 -56.4921 18.2413 -0.5569 31.6095 -0.5542 -5.5765 0.3414 -2.3287 1.6572 0.0839 -2.0287 -7.5046 -53.4752 -7.3426 0.6279 29.8647 1.1667 12.5044 -5.1965 15.2777 -1.4254 -0.8661 1.1497
-4.1968 94.2197 224.9913 -0.0752 29.2347 -11.5332 -3.0660 26.6542 -1.2197 -1.5742 4.7651 -0.2174 -1.3691 23.0509 -0.2799 5.4141 18.3561 3.3551 -1.2402 -4.0117 0.7007 -1.8221 -4.5010 -1.4528 -0.1560 -0.2492 -0.0100 0.5794 -10.9349 -3.8204 -0.8889 -11.0993 3.8726 17.0326 13.8506 -18.5527 -37.7708 -54.0579 -30.2191 -0.2242 0.3905 -36.5294 24.1868 -3.8765 8.6782 -15.3132 10.7126 15.1382 -59.9108 2.0898 1.7864 -5.1252 10.6584 32.5725 31.6995 -43.5488 27.3246 -0.2422 0.6733 35.2390 -2.7034 8.3564 0.4356 15.9856 7.5949 -16.3999 50.8941 -3.3942 -5.0742 -4.9315 -60.8010 18.7933 -0.5689 31.1643 -0.5751 -5.5443 1.2854 -1.6248 1.6701 0.2111 -2.0078 -7.4949 -58.2526 -7.1248 0.5770 30.6787 1.0922 12.1330 -5.0494 14.4377 -1.4306 -0.5568 1.1252
-4.4098 93.9479 224.8287 0.4184 32.7466 -10.7563 -3.0571 27.2353 -1.4151 -1.5917 5.0979 -0.0810 -1.4602 23.1286 -0.4517 4.3244 18.1873 3.5908 -0.9107 -4.0393 0.0608 -1.7985 -3.1525 -2.2955 -0.1707 -0.2805 -0.0286 0.5776 -10.9316 -3.8344 -0.9181 -11.0918 3.8629 17.2576 12.8147 -17.1943 -29.9219 -50.0922 -38.5073 -0.4826 0.7998 -39.1459 21.6480 3.7158 12.2741 -15.6985 10.4047 15.1942 -60.0026 1.9931 1.7383 -6.0655 10.0318 32.7940 28.7814 -45.9649 28.2952 -0.1750 0.7209 35.5671 -4.1694 9.5500 -0.7567 15.9920 7.5107 -16.3802 50.7877 -3.3373 -5.2748 -7.1674 -64.3713 19.9240 -0.5638 30.8491 -0.5843 -5.5657 1.9717 -1.1694 1.6761 0.4288 -1.9706 -8.0448 -62.3407 -6.4706 0.5215 31.5772 1.0044 11.8553 -5.1547 13.5981 -1.4334 -0.3073 1.0959
-4.5656 93.6815 224.8772 0.9348 35.5029 -10.0437 -3.0645 27.7414 -1.5915 -1.6133 5.3922 0.0132 -1.6302 23.2418 -0.7407 3.4192 18.2820 3.6065 -0.7146 -4.0396 -0.4557 -1.7402 -1.7901 -3.0641 -0.1579 -0.3100 -0.0405 0.5860 -10.9116 -3.8382 -0.8998 -11.0504 3.8438 17.2612 12.0543 -15.9493 -25.4400 -46.8602 -43.0171 -0.7426 1.2808 -42.4252 19.7250 9.1957 14.1522 -15.8342 10.2760 15.3420 -60.1837 1.8976 1.7681 -6.9956 9.3715 32.5325 25.6576 -47.1015 30.6880 -0.1051 0.7740 36.2050 -4.6007 10.8520 -1.8322 16.0723 7.4716 -16.4182 50.7346 -3.3554 -5.4467 -9.5041 -67.1620 21.4121 -0.5567 30.8737 -0.5892 -5.6615 2.3282 -0.9070 1.6805 0.6800 -1.9308 -9.1893 -65.5650 -5.2930 0.4700 32.5221 0.9090 11.8314 -5.3952 12.7681 -1.4326 -0.1487 1.0784
-4.6581 93.3830 224.9980 1.3179 37.5358 -9.4903 -3.1080 28.1812 -1.7204 -1.6008 5.6266 0.0111 -1.9269 23.4073 -1.1652 2.7601 18.5315 3.4960 -0.6311 -4.0248 -0.9283 -1.8265 -0.5975 -3.7585 -0.1170 -0.3366 -0.0387 0.6214 -10.8932 -3.8308 -0.8513 -10.9990 3.8285 17.1476 11.6326 -15.1888 -22.9630 -44.8278 -44.8517 -0.9320 1.6489 -45.0929 18.5919 12.4261 14.9356 -15.9178 10.3248 15.4527 -60.4313 1.8420 1.6725 -7.8245 8.7579 31.9905 22.4649 -47.2183 34.1420 -0.1081 0.8636 36.7826 -4.4376 12.1884 -2.8250 16.1550 7.4737 -16.4386 50.7373 -3.3371 -5.5309 -11.5530 -69.4097 22.8830 -0.5527 31.3717 -0.6070 -5.8195 2.3602 -0.6949 1.6838 0.9187 -1.9089 -10.6498 -68.0999 -3.8039 0.4404 33.6793 0.8444 11.9457 -5.7554 12.1180 -1.4351 -0.0314 1.0709
-4.7551 93.0435 225.1568 1.5272 38.8949 -9.1126 -3.2132 28.5276 -1.8307 -1.5908 5.7832 -0.1119 -2.2755 23.6341 -1.6656 2.3990 18.8408 3.3109 -0.6008 -4.0083 -1.3238 -2.1853 0.3390 -4.3753 -0.0511 -0.3599 -0.0176 0.6962 -10.9046 -3.8251 -0.7926 -10.9720 3.8429 16.7869 11.5712 -15.2136 -21.4855 -43.8851 -44.8566 -0.9362 1.8057 -46.3897 18.7716 14.0356 15.3629 -16.0139 10.3158 15.4874 -60.6253 1.7872 1.5928 -8.3761 8.2702 31.3984 19.2468 -46.7233 38.2577 -0.2791 1.0323 36.8678 -3.9937 13.5718 -3.5952 16.1737 7.4803 -16.4249 50.8631 -3.2966 -5.5218 -12.9163 -71.2330 23.8761 -0.5476 32.3429 -0.6084 -5.9951 2.0714 -0.4918 1.6829 1.1030 -1.9033 -12.1194 -69.9856 -2.2521 0.4310 34.9609 0.7782 12.0140 -6.2550 11.6396 -1.4371 0.0767 1.0981
-4.8065 92.6681 225.3978 1.5663 39.6628 -8.8711 -3.3636 28.7615 -1.9009 -1.5898 5.8850 -0.3384 -2.6773 23.9564 -2.2395 2.2146 19.1109 3.0598 -0.5927 -4.0056 -1.6409 -2.7817 1.1760 -4.9445 -0.0024 -0.3766 0.0097 0.7786 -10.9093 -3.8185 -0.7771 -10.9411 3.8749 15.9906 11.7740 -16.0558 -20.1922 -43.3683 -43.8294 -0.6915 1.7906 -46.3477 20.1134 15.1858 15.9400 -16.1463 10.2574 15.4340 -60.6644 1.7068 1.5581 -8.5567 7.9232 30.8114 15.9526 -45.7076 42.7522 -0.4967 1.1688 36.4501 -3.5892 14.9480 -4.1484 16.0900 7.4828 -16.3665 50.9983 -3.2744 -5.4751 -13.4601 -72.6775 24.2343 -0.5304 33.6329 -0.6049 -6.2354 1.5374 -0.3230 1.6765 1.2045 -1.9479 -13.6485 -71.2339 -0.5491 0.4490 36.3213 0.7559 12.0505 -6.8912 11.1841 -1.4413 0.1876 1.1576
-4.8381 92.3524 225.5474 1.4618 39.8833 -8.6797 -3.4859 28.9156 -1.9597 -1.6600 5.9458 -0.5792 -3.0358 24.3048 -2.7111 2.1281 19.2088 2.7488 -0.6033 -4.0103 -1.8488 -3.5156 1.9801 -5.3993 0.0282 -0.3849 0.0355 0.8617 -10.8803 -3.8150 -0.7986 -10.8986 3.9121 15.0813 12.0368 -17.3825 -18.7038 -42.6828 -42.9771 -0.1844 1.7274 -44.7639 22.0585 16.0147 16.9276 -16.2074 10.0915 15.3078 -60.4806 1.6209 1.6388 -8.4825 7.7217 30.3308 13.2593 -44.5412 46.6370 -0.7660 1.2700 35.4619 -3.2985 16.2951 -4.5991 15.9847 7.4866 -16.3331 51.1737 -3.2618 -5.4708 -13.3015 -73.6480 24.0367 -0.4905 34.9806 -0.5920 -6.4471 0.8738 -0.3311 1.6656 1.3357 -1.9984 -14.9431 -71.7735 0.9736 0.4942 37.4787 0.7846 12.1739 -7.5588 10.7535 -1.4379 0.2419 1.2134
-4.9178 92.1026 225.5897 1.3193 39.6826 -8.4694 -3.5484 28.9660 -2.0103 -1.7409 5.9602 -0.7290 -3.2861 24.5582 -2.9507 2.0441 19.2245 2.4658 -0.6226 -4.0431 -1.8914 -4.1261 2.6359 -5.5634 0.0241 -0.3904 0.0422 0.9004 -10.8472 -3.8227 -0.8463 -10.8677 3.9344 14.4273 12.1550 -18.4315 -17.6291 -41.6171 -42.8790 0.3819 1.7408 -42.7429 23.2486 16.8725 18.2137 -16.2363 9.9273 15.1774 -60.1735 1.5567 1.6986 -8.3615 7.6839 30.0472 11.9402 -43.6743 48.8223 -0.9137 1.3265 34.3301 -3.2438 17.3254 -5.0280 15.8976 7.4863 -16.3218 51.1988 -3.2338 -5.4898 -12.5869 -74.1213 23.3281 -0.4544 36.1258 -0.5868 -6.5405 0.2887 -0.4028 1.6555 1.4530 -2.0282 -16.0095 -71.7601 2.2746 0.5503 38.3972 0.8530 12.4406 -8.0688 10.2438 -1.4289 0.2502 1.2565
-4.9734 91.9403 225.5288 1.2742 39.1347 -8.1157 -3.5859 28.9054 -2.0338 -1.7773 5.9096 -0.7597 -3.3736 24.6358 -2.9646 1.9201 19.3659 2.3210 -0.6781 -4.0734 -1.7922 -4.4482 3.0873 -5.4488 0.0054 -0.3894 0.0352 0.9145 -10.8376 -3.8416 -0.8995 -10.8671 3.9442 13.9949 12.2068 -18.8863 -17.4220 -40.3412 -43.3502 0.8654 1.8452 -41.5464 23.4290 17.7418 19.2820 -16.2807 9.8056 15.1235 -59.9695 1.5279 1.7524 -8.1672 7.7697 29.9234 12.2432 -43.1015 49.0620 -0.9550 1.3615 33.5233 -3.2932 17.8959 -5.3388 15.8673 7.4421 -16.2630 51.0730 -3.2322 -5.4747 -11.5044 -74.0825 22.1525 -0.4506 36.9396 -0.6197 -6.5463 -0.1199 -0.4649 1.6443 1.5857 -2.0239 -17.0495 -71.2468 3.4759 0.5940 39.0992 0.9189 12.6996 -8.5702 9.5645 -1.4200 0.2786 1.2899
-5.0681 91.8748 225.4266 1.3813 38.3514 -7.5538 -3.5964 28.7427 -2.0497 -1.8023 5.8116 -0.6726 -3.3417 24.5919 -2.8221 1.7847 19.7034 2.2993 -0.7432 -4.0735 -1.5303 -4.5048 3.3027 -5.1303 -0.0106 -0.3852 0.0220 0.9051 -10.8114 -3.8521 -0.9214 -10.8637 3.9332 13.6976 12.3083 -18.6865 -17.9182 -39.2417 -44.2214 1.0655 1.9328 -41.6912 22.9919 18.7138 19.9586 -16.3015 9.7667 15.1795 -59.9303 1.5375 1.7704 -7.8819 7.9784 29.8259 13.6739 -42.4955 47.9158 -0.9440 1.3686 33.2645 -3.1055 18.0503 -5.4473 15.8608 7.3677 -16.1993 50.9017 -3.2363 -5.5039 -10.2554 -73.5846 20.6729 -0.4715 37.3125 -0.6595 -6.5473 -0.2424 -0.5765 1.6387 1.6979 -1.9891 -17.9353 -70.3704 4.3876 0.6008 39.6002 0.9474 12.9075 -9.0968 8.8719 -1.4125 0.3545 1.3002
-5.1775 91.9152 225.2947 1.5727 37.3794 -6.9063 -3.6260 28.4942 -2.0244 -1.7650 5.6658 -0.5094 -3.2465 24.4043 -2.5755 1.6677 20.2833 2.4081 -0.7992 -4.0651 -1.1857 -4.3278 3.3275 -4.6411 -0.0142 -0.3757 0.0148 0.8767 -10.7700 -3.8440 -0.9007 -10.8446 3.9093 13.5553 12.4047 -17.9738 -19.2421 -38.4271 -45.1273 1.0324 1.9936 -43.1493 22.0341 19.9525 20.4868 -16.3436 9.8290 15.3192 -60.0407 1.5554 1.7849 -7.5671 8.3036 29.7036 16.0068 -41.6099 45.6808 -0.8220 1.3507 33.5887 -2.6183 18.0542 -5.4986 15.8721 7.3418 -16.2249 50.8417 -3.2376 -5.5549 -9.0083 -72.6778 19.1428 -0.4958 37.2970 -0.6746 -6.5421 -0.1585 -0.7718 1.6345 1.7950 -1.9528 -18.5823 -69.1813 4.9865 0.5613 39.9365 0.9012 13.0208 -9.6038 8.2388 -1.4131 0.4798 1.3001
-5.3260 92.0389 225.2410 1.8008 36.2252 -6.1568 -3.6208 28.1770 -1.9978 -1.7499 5.4945 -0.2773 -3.0883 24.0900 -2.2359 1.6492 21.0195 2.5716 -0.7814 -4.0560 -0.7548 -4.0575 3.1672 -3.9972 -0.0030 -0.3660 0.0125 0.8390 -10.7317 -3.8240 -0.8402 -10.8239 3.8780 13.5142 12.5468 -17.0241 -21.1723 -37.8299 -45.8056 0.8007 2.0122 -45.4862 20.5002 21.0994 20.8546 -16.3597 9.9688 15.4474 -60.2705 1.5645 1.6846 -7.2718 8.6701 29.4959 19.0298 -40.2820 42.7581 -0.6500 1.3448 34.3183 -1.7548 18.2632 -5.6166 15.9154 7.3529 -16.2549 50.8906 -3.1781 -5.5726 -7.8399 -71.3503 17.6868 -0.4902 36.8664 -0.6499 -6.5351 0.0742 -1.1553 1.6316 1.8765 -1.9110 -18.9034 -67.6629 5.1987 0.5057 40.0739 0.8472 13.0905 -10.0929 7.6060 -1.4150 0.5949 1.2819
-5.4705 92.2671 225.1718 2.0004 34.8873 -5.3971 -3.6132 27.7951 -1.9447 -1.7167 5.2804 -0.0365 -2.9046 23.6831 -1.8276 1.7997 21.7569 2.7472 -0.6705 -4.0669 -0.2638 -3.7728 2.8110 -3.2770 0.0204 -0.3523 0.0179 0.8152 -10.7090 -3.7975 -0.7694 -10.8142 3.8501 13.4361 12.7268 -16.1830 -23.4813 -37.1778 -45.9779 0.5036 2.0044 -48.1799 18.7201 21.8316 21.0405 -16.3739 10.1020 15.5348 -60.5668 1.5544 1.5693 -6.9564 9.0544 29.1921 22.4443 -38.4749 39.6126 -0.5473 1.3499 35.3126 -0.5279 18.4802 -5.7846 15.9397 7.3618 -16.3147 50.9054 -3.1316 -5.5915 -6.7322 -69.6225 16.3387 -0.4671 36.0561 -0.6133 -6.4740 0.4373 -1.6343 1.6314 1.9164 -1.8907 -18.9414 -65.7799 5.1767 0.4294 39.9309 0.7551 13.1086 -10.4601 6.9456 -1.4167 0.6492 1.2590
-5.6354 92.5713 225.1222 2.1428 33.4045 -4.6671 -3.5911 27.3361 -1.8748 -1.6914 5.0784 0.1721 -2.7205 23.2470 -1.4317 2.2515 22.2489 2.9719 -0.5948 -4.0851 0.1568 -3.4589 2.2864 -2.5413 0.0340 -0.3365 0.0209 0.8047 -10.7255 -3.7871 -0.7316 -10.8390 3.8358 13.2552 12.9513 -15.6632 -25.8241 -36.3708 -45.6000 0.2462 1.8908 -50.6772 17.2367 22.2191 21.1199 -16.3722 10.2560 15.6277 -60.8622 1.5623 1.4212 -6.5880 9.3868 28.8316 25.7586 -36.3804 36.8133 -0.4751 1.3617 36.2389 0.8409 18.6609 -5.9542 16.0410 7.3267 -16.3709 51.0086 -3.0804 -5.5784 -5.6546 -67.5641 15.0869 -0.4270 34.9302 -0.5721 -6.4501 0.8629 -2.1931 1.6327 1.9001 -1.8882 -18.7099 -63.5819 4.9178 0.3782 39.4807 0.7018 13.0924 -10.7300 6.2697 -1.4181 0.6450 1.2471
-5.8267 92.9145 225.1538 2.1979 31.8113 -3.9835 -3.5514 26.7890 -1.8069 -1.6867 4.8497 0.3202 -2.5340 22.8163 -1.0755 2.9518 22.4718 3.2021 -0.5620 -4.1036 0.5169 -3.1112 1.5288 -1.8517 0.0489 -0.3203 0.0241 0.8065 -10.7678 -3.7903 -0.7017 -10.8930 3.8344 12.9685 13.1778 -15.4173 -28.0669 -35.3475 -44.7783 0.1213 1.6440 -52.7861 16.1141 22.6806 21.2620 -16.4574 10.4001 15.7239 -61.3238 1.5994 1.2726 -6.1607 9.6350 28.4543 28.8081 -34.2114 34.6548 -0.4885 1.4345 36.8032 2.1900 18.5445 -5.9612 16.2064 7.3252 -16.4557 51.2679 -2.9791 -5.5208 -4.5523 -65.2628 13.8793 -0.3820 33.5892 -0.5163 -6.4180 1.3056 -2.7516 1.6321 1.8885 -1.8913 -18.2111 -61.1416 4.4227 0.3501 38.7783 0.6652 13.0121 -10.8715 5.6502 -1.4161 0.6273 1.2370
-6.0174 93.2733 225.0752 2.1567 30.1239 -3.3528 -3.5295 26.2010 -1.7134 -1.6418 4.5966 0.3916 -2.3578 22.3938 -0.8203 3.9200 22.4765 3.3739 -0.6540 -4.1250 0.8344 -2.6201 0.5087 -1.2018 0.0430 -0.2966 0.0215 0.7854 -10.8294 -3.8103 -0.6947 -10.9541 3.8453 12.5395 13.4389 -15.4162 -30.0639 -34.1324 -43.6016 0.1149 1.3630 -54.4642 15.2041 23.2187 21.4006 -16.6347 10.5410 15.7701 -61.9932 1.6262 1.0206 -5.6669 9.8585 28.1072 31.4777 -32.1917 33.1357 -0.5530 1.5343 37.1287 3.3515 18.2835 -5.9063 16.4760 7.3649 -16.5328 51.7267 -2.7773 -5.3919 -3.3791 -62.8041 12.6909 -0.3601 32.1753 -0.4922 -6.4035 1.7012 -3.2914 1.6381 1.9043 -1.9020 -17.5037 -58.5684 3.7747 0.3133 37.9957 0.6162 12.8903 -10.9409 5.1451 -1.4177 0.6165 1.2309
-6.2534 93.6343 225.0181 2.0595 28.3665 -2.7946 -3.4990 25.5851 -1.6350 -1.6565 4.3316 0.4259 -2.1870 22.0342 -0.6592 5.1207 22.2702 3.4067 -0.8217 -4.1311 1.1301 -2.0394 -0.7021 -0.6255 0.0295 -0.2710 0.0172 0.7536 -10.8895 -3.8250 -0.6908 -11.0080 3.8515 12.0120 13.6517 -15.5644 -31.6489 -32.6926 -42.4267 0.3127 1.1389 -55.6221 14.3975 23.8177 21.4420 -16.9977 10.7443 15.8008 -63.0108 1.6848 0.6064 -5.1419 9.9653 27.7429 33.8332 -30.6569 32.1180 -0.5657 1.6416 37.2626 4.1962 17.8611 -5.8241 16.8120 7.5088 -16.6154 52.5364 -2.4156 -5.1950 -2.2965 -60.2547 11.6598 -0.3420 30.7623 -0.4769 -6.2943 2.0881 -3.8829 1.6412 1.9106 -1.8945 -16.7192 -55.9246 3.0470 0.3026 37.1669 0.5952 12.6522 -10.9356 4.7807 -1.4218 0.6311 1.2359
-6.4723 93.9674 225.0538 1.9574 26.6085 -2.3091 -3.4958 24.9519 -1.5726 -1.6602 4.0228 0.4082 -2.0789 21.7425 -0.5937 6.4006 21.9384 3.2879 -0.9960 -4.1291 1.4385 -1.3458 -1.8781 -0.1834 0.0033 -0.2399 0.0139 0.7062 -10.9377 -3.8364 -0.6974 -11.0408 3.8625 11.4249 13.8431 -15.7673 -32.9168 -31.2999 -41.2439 0.5493 0.9512 -56.2989 13.7951 24.3885 21.3105 -17.4797 11.0705 15.8062 -64.4421 1.8248 -0.0824 -4.5877 10.0211 27.3967 35.9461 -29.6092 31.3218 -0.5374 1.6897 37.4984 4.7421 17.5537 -5.8137 17.2862 7.8269 -16.7187 54.0050 -1.7441 -4.8687 -1.3842 -57.7344 10.8453 -0.3410 29.4540 -0.4985 -6.0888 2.4441 -4.5104 1.6437 1.8968 -1.8774 -15.9283 -53.3231 2.3074 0.2885 36.3584 0.5791 12.3766 -10.8745 4.6080 -1.4255 0.6720 1.2513
-6.7110 94.2647 225.0637 1.8718 24.9284 -1.9001 -3.5047 24.2884 -1.5642 -1.7161 3.7207 0.3957 -2.0057 21.5091 -0.6000 7.6777 21.4715 3.0517 -1.1199 -4.0929 1.7163 -0.6444 -2.9404 0.1240 -0.0307 -0.2126 0.0147 0.6382 -10.9335 -3.8260 -0.6974 -11.0192 3.8649 10.8312 13.9354 -16.0121 -33.9858 -30.0832 -40.0443 0.7102 0.7692 -56.5110 13.4915 24.9000 21.0007 -18.1361 11.5781 15.7839 -66.3582 1.9964 -1.1495 -3.9631 9.9507 27.1254 37.7606 -28.8839 30.6800 -0.4855 1.6516 37.9173 5.0660 17.3591 -5.8657 17.9482 8.3882 -16.8574 56.3017 -0.6658 -4.3950 -0.5997 -55.2994 10.1799 -0.3237 28.1997 -0.5135 -5.8624 2.8011 -5.1084 1.6492 1.8879 -1.8400 -15.2595 -50.8640 1.6595 0.2924 35.5924 0.5984 12.1514 -10.8028 4.5029 -1.4336 0.8087 1.2783
-6.9134 94.5562 225.1745 1.8041 23.3546 -1.6253 -3.5557 23.5966 -1.6047 -1.7547 3.4171 0.3640 -2.0001 21.3418 -0.6363 8.8546 20.9589 2.7057 -1.1994 -4.0513 1.9721 -0.0040 -3.8358 0.3330 -0.0512 -0.1877 0.0199 0.5807 -10.8976 -3.8034 -0.6798 -10.9681 3.8584 10.2093 13.8996 -16.2255 -34.9967 -29.0538 -38.7937 0.7850 0.6210 -56.5415 13.3871 25.1992 20.4119 -18.9859 12.2377 15.7344 -68.9116 2.0696 -2.6598 -3.3026 9.8462 26.9341 39.1891 -28.2677 30.2732 -0.4877 1.5209 38.5712 5.2440 17.0220 -5.9358 18.8676 9.2457 -17.1125 59.7681 0.8290 -3.7732 0.0772 -52.9730 9.6494 -0.3181 26.9704 -0.5713 -5.5819 3.1801 -5.6061 1.6565 1.8160 -1.7880 -14.7326 -48.5681 1.2194 0.3034 34.8283 0.6328 11.9536 -10.6702 4.5006 -1.4407 0.8468 1.3081
-7.0957 94.8491 225.2132 1.7582 21.8353 -1.5115 -3.6497 22.8327 -1.6538 -1.8087 3.1322 0.3536 -1.9987 21.2321 -0.6955 9.9269 20.3576 2.2945 -1.2381 -4.0103 2.1661 0.5460 -4.6497 0.4998 -0.0582 -0.1722 0.0266 0.5409 -10.8533 -3.7792 -0.6527 -10.9104 3.8487 9.5467 13.7963 -16.4274 -35.9310 -28.1047 -37.4955 0.8049 0.4797 -56.5328 13.2946 25.3564 19.4117 -19.9449 12.9567 15.6360 -71.7355 1.8723 -4.2774 -2.5633 9.7452 26.8197 40.1588 -27.6855 30.0946 -0.4319 1.3366 39.4864 5.4998 16.6675 -5.9536 19.9245 10.2090 -17.4514 63.7602 2.2395 -3.1864 0.7255 -50.6441 9.1822 -0.3130 25.7109 -0.6394 -5.3750 3.5092 -5.9678 1.6648 1.6795 -1.7317 -14.3892 -46.3386 1.0519 0.3179 34.0394 0.6901 11.8163 -10.5035 4.5291 -1.4478 0.8838 1.3370
-7.2229 95.0982 225.2778 1.7322 20.4045 -1.6003 -3.7491 22.0484 -1.6787 -1.8455 2.8383 0.3371 -2.0095 21.1452 -0.7805 10.7815 19.7669 1.8582 -1.2007 -3.9761 2.3352 1.0579 -5.4357 0.6198 -0.0554 -0.1587 0.0345 0.5234 -10.8070 -3.7586 -0.6283 -10.8428 3.8417 8.8555 13.6756 -16.5605 -36.8345 -27.2694 -36.1651 0.7392 0.3699 -56.6438 13.2131 25.4115 18.0630 -20.9528 13.6139 15.5220 -74.4765 1.3440 -5.7024 -1.8626 9.7344 26.7266 40.7534 -27.0875 30.1239 -0.3423 1.1770 40.7883 5.9099 16.2943 -5.8293 20.9003 11.1169 -17.8595 67.6168 3.2078 -2.8263 1.2986 -48.4405 8.8652 -0.3090 24.6349 -0.7106 -5.2263 3.6578 -6.2579 1.6716 1.4834 -1.6883 -14.1879 -44.2998 1.1255 0.3287 33.3525 0.7287 11.7000 -10.3347 4.7457 -1.4560 0.8808 1.3622
-7.3063 95.3000 225.3953 1.7131 19.0161 -1.8097 -3.8283 21.2155 -1.7003 -1.8939 2.5601 0.3450 -1.9871 21.0776 -0.9102 11.4185 19.1484 1.3506 -1.1460 -3.9412 2.4949 1.4842 -6.3206 0.7013 -0.0383 -0.1480 0.0365 0.5269 -10.7783 -3.7543 -0.5956 -10.8000 3.8333 8.1565 13.5735 -16.5527 -37.7512 -26.5300 -34.7731 0.5590 0.2931 -57.0025 13.1160 25.4658 16.4750 -21.9638 14.1563 15.3942 -76.8511 0.5755 -6.7991 -1.2312 9.7621 26.5797 41.1066 -26.5227 30.3485 -0.1423 1.0412 42.4340 6.5380 16.0706 -5.6095 21.7580 11.8577 -18.2836 70.9330 3.6474 -2.7270 1.8932 -46.3243 8.5191 -0.2968 23.7703 -0.7444 -5.1515 3.5817 -6.4213 1.6747 1.3311 -1.6638 -14.0297 -42.3744 1.2756 0.3426 32.7559 0.7738 11.5465 -10.2299 5.0428 -1.4630 0.9273 1.3781
-7.3548 95.4690 225.5603 1.7525 17.6201 -2.1680 -3.9132 20.3578 -1.6905 -1.9096 2.2846 0.3384 -1.9725 21.0203 -1.0708 11.8484 18.4465 0.7895 -1.1009 -3.9020 2.6163 1.8476 -7.3117 0.7406 -0.0237 -0.1365 0.0364 0.5377 -10.7738 -3.7632 -0.5751 -10.7807 3.8349 7.4274 13.5007 -16.4917 -38.6440 -25.7332 -33.3897 0.3882 0.2719 -57.5744 12.9787 25.4060 14.6451 -22.9537 14.6101 15.2522 -78.9768 -0.3478 -7.6381 -0.6441 9.8416 26.3945 41.2937 -25.9910 30.6227 0.1180 0.9391 44.5306 7.2663 16.1586 -5.3656 22.5646 12.4596 -18.7333 73.7640 3.6000 -2.6733 2.4562 -44.2533 8.1453 -0.2920 23.1609 -0.7715 -5.1797 3.3159 -6.4187 1.6735 1.1654 -1.6533 -14.0310 -40.5526 1.6011 0.3606 32.3630 0.8147 11.3766 -10.2366 5.3516 -1.4705 0.9594 1.4028
-7.3576 95.5817 225.7894 1.8990 16.1780 -2.5751 -3.9869 19.4852 -1.6668 -1.8929 1.9846 0.2983 -1.9713 20.9880 -1.2608 12.0554 17.6591 0.2249 -1.0414 -3.8532 2.6515 2.0830 -8.5003 0.7552 -0.0084 -0.1234 0.0324 0.5500 -10.7808 -3.7836 -0.5558 -10.7717 3.8402 6.7067 13.4701 -16.3090 -39.5083 -24.8817 -32.0957 0.2272 0.3058 -58.2840 12.8577 25.3942 12.6196 -23.9941 14.9744 15.1259 -80.7759 -1.3489 -8.2254 -0.0951 9.9865 26.1072 41.3297 -25.4666 30.9721 0.4151 0.8374 47.1553 8.0849 16.5402 -4.9476 23.2592 12.8898 -19.1642 75.9550 3.0737 -2.6861 2.9188 -42.1583 7.7338 -0.2821 22.7806 -0.7632 -5.2895 2.8290 -6.3025 1.6700 1.0294 -1.6439 -14.1811 -38.7862 1.9997 0.3822 32.1987 0.8529 11.2236 -10.4307 5.6503 -1.4741 0.9843 1.4271
-7.3826 95.6533 226.1031 2.1743 14.7643 -2.9597 -4.0197 18.6237 -1.6192 -1.8579 1.6850 0.2307 -1.9865 20.9778 -1.4724 12.0316 16.8491 -0.2675 -0.9560 -3.7911 2.5842 2.1819 -9.7751 0.7026 -0.0045 -0.1068 0.0334 0.5488 -10.7712 -3.7997 -0.5472 -10.7485 3.8571 6.0592 13.4575 -16.0416 -40.3315 -24.0033 -31.0876 0.1316 0.3862 -58.8747 12.7462 25.3214 10.7154 -24.8617 15.2238 14.9964 -82.0174 -2.1735 -8.5886 0.4172 10.1994 25.7529 41.1828 -24.9684 31.3795 0.7535 0.7177 50.0584 8.9390 16.9608 -4.1788 23.7677 13.1484 -19.5490 77.4701 2.1699 -2.8736 3.1944 -40.0974 7.3158 -0.2717 22.5356 -0.7578 -5.5416 2.2276 -6.0711 1.6682 0.8703 -1.6510 -14.4803 -37.0869 2.4054 0.4064 32.1810 0.9008 11.1482 -10.7520 5.8635 -1.4753 0.9456 1.4471
-7.3654 95.7266 226.4980 2.5430 13.4059 -3.3378 -4.0141 17.7801 -1.5219 -1.7929 1.3599 0.1124 -2.0087 20.9771 -1.6632 11.7844 16.1672 -0.6219 -0.9150 -3.7253 2.4393 2.2029 -10.9661 0.6142 -0.0131 -0.0975 0.0417 0.5359 -10.7590 -3.8023 -0.5518 -10.7186 3.8807 5.5135 13.4646 -15.7099 -41.1915 -23.2144 -30.3631 0.0483 0.4801 -59.2213 12.5847 25.2208 9.2132 -25.5396 15.4102 14.9679 -82.8135 -2.6850 -8.7944 0.8228 10.5354 25.3825 40.9274 -24.3794 31.9654 0.9771 0.5976 52.9427 9.6497 17.4147 -3.0884 24.1728 13.2250 -19.8153 78.4054 0.9198 -3.1004 3.2919 -38.0395 6.9380 -0.2651 22.3155 -0.7539 -5.8965 1.5762 -5.7647 1.6693 0.6629 -1.6863 -14.8965 -35.4052 2.8367 0.4179 32.2062 0.9493 11.1263 -11.1728 6.0114 -1.4716 0.8087 1.4501
-7.3340 95.8192 227.0148 2.9720 12.1463 -3.6196 -3.9518 16.9138 -1.4513 -1.7541 1.0474 0.0434 -2.0158 20.9555 -1.8241 11.3951 15.6631 -0.8631 -0.9298 -3.6641 2.2615 2.1438 -12.0907 0.5176 -0.0254 -0.0958 0.0542 0.5199 -10.7274 -3.7916 -0.5607 -10.6766 3.9004 5.0566 13.4947 -15.3837 -42.0206 -22.4587 -29.9269 -0.0498 0.5777 -59.4342 12.2654 25.2554 8.0563 -26.0873 15.5348 14.9763 -83.3512 -2.9863 -8.9112 1.1526 10.9285 24.9937 40.7129 -23.7260 32.6608 1.0332 0.5470 55.6317 10.2247 17.7570 -1.8084 24.5136 13.1363 -19.9906 79.0117 -0.5437 -3.3824 3.2368 -35.9995 6.5920 -0.2426 21.9858 -0.7460 -6.3258 0.9591 -5.4943 1.6704 0.4595 -1.7217 -15.3513 -33.6965 3.1957 0.4257 32.0965 1.0033 11.1379 -11.6222 6.0873 -1.4620 0.6345 1.4320
-7.3260 95.9678 227.6511 3.4060 10.9817 -3.8165 -3.8528 16.0229 -1.3670 -1.7039 0.7226 0.0047 -2.0036 20.8424 -1.9571 10.8421 15.3472 -1.0139 -0.9797 -3.6254 2.1091 2.0322 -13.0616 0.4025 -0.0357 -0.0989 0.0670 0.5084 -10.7006 -3.7811 -0.5694 -10.6473 3.9207 4.6249 13.5126 -15.0926 -42.8742 -21.6268 -29.6887 -0.1315 0.6500 -59.7063 11.6588 25.3536 7.1150 -26.5358 15.6051 14.9640 -83.8206 -3.1768 -9.0153 1.4183 11.3250 24.6632 40.7972 -23.0451 33.1636 1.0701 0.5214 58.1014 10.5458 17.6189 -0.5516 24.8801 12.9622 -20.1367 79.4623 -2.0425 -3.7333 3.1104 -33.9478 6.2464 -0.2317 21.4857 -0.7445 -6.6955 0.4512 -5.2655 1.6708 0.2937 -1.7421 -15.8039 -31.9139 3.5251 0.4347 31.8094 1.0563 11.1190 -12.0750 6.1502 -1.4524 0.4918 1.4152
-7.3107 96.1348 228.3806 3.8225 9.9056 -3.9453 -3.7285 15.1441 -1.2883 -1.6440 0.3974 -0.0057 -1.9913 20.6174 -2.0400 10.1803 15.1547 -1.0764 -1.0341 -3.6006 1.9476 1.8066 -13.7938 0.3213 -0.0361 -0.0996 0.0711 0.5158 -10.6686 -3.7793 -0.5782 -10.6174 3.9277 4.2684 13.5286 -14.8288 -43.7024 -20.7260 -29.6435 -0.1611 0.6557 -60.1847 10.7751 25.3991 6.2664 -26.8403 15.6520 14.9326 -84.1881 -3.3986 -9.0734 1.6329 11.6876 24.3249 41.1837 -22.3883 33.4935 1.1541 0.4880 60.2017 10.7047 16.9298 0.4668 25.1772 12.7717 -20.2737 79.7751 -3.2456 -4.2299 2.9644 -31.9554 5.8741 -0.2153 20.9779 -0.7363 -7.0206 -0.0562 -5.0989 1.6680 0.1778 -1.7426 -16.2061 -30.0865 3.7418 0.4429 31.4057 1.0923 11.0521 -12.5334 6.2994 -1.4449 0.3955 1.4007
-7.2749 96.2968 229.2066 4.2359 8.8821 -4.0119 -3.5861 14.2837 -1.1814 -1.5894 0.0664 0.0069 -2.0013 20.3152 -2.0969 9.3670 15.0275 -1.0784 -1.0747 -3.5946 1.7912 1.5136 -14.3168 0.2422 -0.0333 -0.0975 0.0718 0.5309 -10.6351 -3.7820 -0.5874 -10.5933 3.9322 3.9818 13.5338 -14.6390 -44.5332 -19.7253 -29.7406 -0.0867 0.6402 -60.8269 9.7399 25.3261 5.4315 -27.0264 15.6777 14.9157 -84.3441 -3.6937 -9.0411 1.8048 12.0573 23.9654 41.8049 -21.6888 33.7257 1.3014 0.4488 61.7699 10.8347 15.8819 1.2855 25.3505 12.6101 -20.4444 79.9567 -4.1100 -4.8888 2.7571 -29.9838 5.5728 -0.2076 20.4921 -0.7418 -7.3099 -0.5709 -4.9385 1.6626 0.0745 -1.7499 -16.5956 -28.2381 3.8973 0.4407 31.0104 1.1083 10.9269 -13.0021 6.5145 -1.4463 0.3540 1.3846
-7.2208 96.4659 230.1424 4.6804 7.9041 -3.9551 -3.4471 13.4469 -1.0776 -1.5458 -0.2655 0.0238 -2.0482 19.9663 -2.1571 8.4377 14.9073 -0.9850 -1.0594 -3.6006 1.5992 1.0839 -14.6885 0.2605 -0.0247 -0.0969 0.0622 0.5516 -10.5954 -3.7943 -0.5916 -10.5657 3.9224 3.7063 13.4739 -14.4996 -45.3808 -18.6831 -29.8987 0.0159 0.6030 -61.6094 8.7218 25.1486 4.5869 -27.2496 15.7219 14.9480 -84.4918 -4.0547 -8.9384 1.9456 12.4737 23.5483 42.5655 -20.8593 34.0220 1.2923 0.4171 62.8377 11.0710 14.6869 1.9120 25.4742 12.4792 -20.6018 80.0089 -4.6764 -5.4783 2.4485 -28.0276 5.3045 -0.1956 20.0463 -0.7355 -7.5885 -1.0858 -4.8598 1.6579 -0.0542 -1.7523 -17.0016 -26.3332 3.9688 0.4402 30.6416 1.1376 10.7858 -13.4964 6.6387 -1.4516 0.3334 1.3613
-7.1536 96.6191 231.1770 5.1803 6.9156 -3.7765 -3.3234 12.6038 -0.9767 -1.4980 -0.6204 0.0129 -2.1538 19.5720 -2.2177 7.4097 14.7415 -0.7656 -1.0633 -3.6083 1.3998 0.6112 -14.9595 0.3002 -0.0218 -0.0957 0.0583 0.5701 -10.5579 -3.7982 -0.6052 -10.5399 3.9192 3.4046 13.4074 -14.4000 -46.3010 -17.5977 -30.0541 0.1048 0.5363 -62.5753 7.7125 24.9354 3.8225 -27.4783 15.7767 15.0100 -84.6452 -4.4583 -8.8074 2.0888 12.9204 23.0829 43.5259 -19.9066 34.1278 1.3000 0.3882 63.6979 11.2131 13.5068 2.3959 25.6435 12.3263 -20.6868 80.0398 -5.2549 -5.9014 2.0297 -25.9854 5.0766 -0.1930 19.5669 -0.7403 -7.8822 -1.5900 -4.8954 1.6518 -0.1862 -1.7612 -17.4901 -24.2716 3.9858 0.4359 30.2838 1.1835 10.6445 -14.0003 6.6994 -1.4633 0.3443 1.3369
-7.0286 96.7449 232.4395 5.7814 5.9808 -3.4561 -3.2534 11.7327 -0.9074 -1.4672 -0.9697 0.0212 -2.3298 19.1125 -2.3215 6.3490 14.5781 -0.4381 -1.0233 -3.6031 1.1584 0.1288 -15.1345 0.3789 -0.0149 -0.0916 0.0467 0.5894 -10.5207 -3.8103 -0.6115 -10.5152 3.9052 3.1009 13.3037 -14.3397 -47.3235 -16.4792 -30.1580 0.1403 0.4521 -63.6883 6.7777 24.6874 3.0611 -27.7097 15.8416 15.1459 -84.7954 -4.8631 -8.5829 2.2428 13.3757 22.5149 44.6228 -18.8841 34.0544 1.3797 0.3619 64.5115 11.3872 12.4127 2.8462 25.7958 12.1443 -20.7303 79.9680 -5.7002 -6.2861 1.4314 -23.9038 4.8477 -0.1817 18.9814 -0.7371 -8.1956 -1.9796 -5.0421 1.6474 -0.3253 -1.7803 -18.1153 -22.1259 4.0121 0.4341 29.9711 1.2505 10.4723 -14.4756 6.6311 -1.4784 0.3625 1.3026
-6.8917 96.8518 233.9235 6.4948 5.0796 -2.9726 -3.2686 10.8212 -0.8444 -1.4387 -1.3328 0.0056 -2.5824 18.5904 -2.4575 5.3163 14.4571 -0.0061 -0.9885 -3.5974 0.9050 -0.3253 -15.1692 0.4779 -0.0030 -0.0905 0.0261 0.6153 -10.4891 -3.8301 -0.6136 -10.4931 3.8796 2.8571 13.1921 -14.2828 -48.4902 -15.2669 -30.3320 0.1696 0.3878 -64.8522 5.9278 24.3088 2.2834 -27.9496 15.8995 15.3186 -84.8770 -5.2497 -8.3108 2.4119 13.8208 21.8324 45.8199 -17.7360 33.7943 1.6037 0.3121 65.4146 11.5952 11.2619 3.2969 25.8876 11.9538 -20.7877 79.8429 -5.9341 -6.7101 0.6494 -21.7678 4.5910 -0.1671 18.3726 -0.7205 -8.4187 -2.3281 -5.2308 1.6449 -0.4556 -1.7999 -18.8891 -19.8221 4.1928 0.4186 29.7392 1.2978 10.3000 -14.9760 6.3188 -1.4970 0.3773 1.2769
-6.6770 96.9138 235.6111 7.3288 4.1704 -2.2869 -3.3676 9.8375 -0.7901 -1.4252 -1.7011 -0.0248 -2.8913 17.9983 -2.6066 4.2653 14.4364 0.4663 -0.9257 -3.5936 0.6742 -0.7284 -14.9142 0.6098 0.0110 -0.0932 -0.0032 0.6422 -10.4788 -3.8620 -0.6133 -10.4934 3.8486 2.7269 13.0649 -14.2465 -49.8540 -13.8675 -30.6575 0.2389 0.2860 -66.1429 5.0997 23.7956 1.4774 -28.1676 15.8996 15.4903 -84.8492 -5.6570 -7.9897 2.5535 14.2693 20.9385 47.1779 -16.4457 33.3066 1.9572 0.2291 66.5596 11.8439 10.0981 3.8179 25.9520 11.7849 -20.8567 79.6948 -6.0372 -7.1131 -0.3088 -19.5369 4.2796 -0.1556 17.7788 -0.7083 -8.5677 -2.7000 -5.4756 1.6429 -0.5687 -1.8126 -19.7952 -17.2504 4.5654 0.3893 29.6357 1.3248 10.1534 -15.5244 5.6619 -1.5203 0.3481 1.2577
-6.4118 96.9162 237.5302 8.2535 3.2766 -1.4075 -3.5707 8.8465 -0.7375 -1.4312 -2.0613 -0.0661 -3.2423 17.3602 -2.7648 3.2891 14.5093 0.9287 -0.8477 -3.5813 0.5087 -1.0549 -14.4027 0.7993 0.0206 -0.0936 -0.0272 0.6605 -10.4650 -3.8840 -0.6131 -10.4795 3.8198 2.7919 12.9166 -14.1789 -51.3338 -12.3556 -31.2127 0.3113 0.1942 -67.4753 4.4232 23.1391 0.6852 -28.3488 15.9133 15.6815 -84.7038 -5.9933 -7.5845 2.5738 14.6556 19.8110 48.6294 -15.0226 32.7478 2.2164 0.2067 67.9978 12.1302 8.9714 4.3785 25.8910 11.7058 -20.9279 79.4288 -5.9903 -7.3339 -1.4091 -17.3009 3.8609 -0.1392 17.2731 -0.6843 -8.6430 -3.0810 -5.7065 1.6432 -0.5969 -1.8153 -20.7539 -14.5464 5.0224 0.3530 29.7520 1.3509 10.0872 -16.1171 4.6965 -1.5443 0.2689 1.2522
-6.0307 96.8579 239.5593 9.2244 2.3891 -0.3334 -3.8735 7.8875 -0.6872 -1.4433 -2.4289 -0.1394 -3.6174 16.7210 -2.8727 2.4397 14.6957 1.3631 -0.7866 -3.5660 0.4361 -1.2198 -13.6535 0.9438 0.0301 -0.0929 -0.0543 0.6766 -10.4546 -3.9061 -0.6110 -10.4648 3.7863 3.0697 12.7739 -14.0983 -52.8688 -10.8533 -31.9223 0.3215 0.0940 -68.8349 3.9366 22.4836 -0.0949 -28.4587 16.0015 15.8895 -84.4374 -6.1936 -7.1584 2.4467 14.9259 18.5170 50.1545 -13.5273 31.9646 2.3696 0.2041 69.7131 12.3660 7.7367 5.1404 25.8428 11.7284 -20.9829 79.1521 -5.8704 -7.3545 -2.5936 -15.1029 3.2252 -0.1050 16.8686 -0.6550 -8.6609 -3.4606 -5.8123 1.6529 -0.6228 -1.8319 -21.6899 -11.8217 5.5012 0.3102 30.2220 1.3881 10.1948 -16.6049 3.4506 -1.5685 0.0510 1.2602
-5.6360 96.7508 241.6935 10.1076 1.5345 0.8676 -4.2098 7.0306 -0.6237 -1.4482 -2.7784 -0.1974 -3.9548 16.1127 -2.9340 1.7705 14.9988 1.6865 -0.7543 -3.5586 0.4534 -1.2442 -12.7493 1.0453 0.0325 -0.0949 -0.0686 0.6875 -10.4535 -3.9144 -0.6177 -10.4539 3.7661 3.5961 12.6929 -14.0395 -54.3623 -9.6031 -32.6575 0.2343 -0.0049 -70.2369 3.7100 21.5674 -0.8595 -28.3381 16.0818 16.1461 -84.0185 -6.2087 -6.6232 2.1664 15.1606 17.2149 51.6429 -12.2101 30.8905 2.3417 0.2689 71.6371 12.4345 6.1797 6.0537 25.7319 11.7531 -20.9833 78.7940 -5.7504 -7.3178 -3.7076 -13.1518 2.3642 -0.0696 16.7763 -0.6318 -8.5656 -3.8305 -5.7005 1.6661 -0.6334 -1.8454 -22.4440 -9.2830 5.9929 0.2707 31.1247 1.4464 10.5139 -16.8086 2.1669 -1.5866 -0.4527 1.2766
-5.2083 96.6159 243.9241 10.8039 0.7116 2.1034 -4.4957 6.3192 -0.5043 -1.4796 -3.0620 -0.1880 -4.1841 15.5673 -2.9676 1.2878 15.4181 1.8364 -0.7488 -3.5449 0.6477 -1.2739 -11.8101 1.0813 0.0113 -0.0991 -0.0177 0.6795 -10.4622 -3.8565 -0.6531 -10.4597 3.8164 4.4459 12.7494 -13.9818 -55.7628 -8.8130 -33.3898 0.0381 0.0067 -71.5969 3.9400 20.2718 -1.7313 -28.2324 16.2235 16.4392 -83.7718 -5.9457 -5.9140 1.6710 15.3928 15.9994 53.0990 -11.3528 29.4501 2.3449 0.3312 73.5810 12.2427 4.1450 7.0219 25.2269 11.9788 -21.1425 77.9461 -5.0127 -7.2123 -4.6853 -11.6013 1.2673 -0.0391 17.2370 -0.6237 -8.2126 -4.2521 -5.2866 1.6794 -0.7353 -1.8262 -22.9183 -7.0608 6.6831 0.2802 32.7462 1.5229 10.9758 -16.4907 0.8549 -1.6317 -1.5580 1.3263
-4.6768 96.3289 245.9955 11.2205 -0.1976 3.6992 -4.7459 5.8237 -0.4255 -1.5228 -3.1362 0.0071 -4.1844 14.9621 -3.1574 0.7212 15.8792 2.0311 -0.6720 -3.5283 0.7111 -1.0525 -10.8197 0.9414 -0.0039 -0.1060 0.0269 0.6861 -10.4211 -3.7918 -0.6897 -10.4014 3.8493 5.8421 12.7854 -14.1240 -57.5548 -8.6710 -33.9428 -0.2906 0.0915 -73.0231 4.9139 18.5947 -2.6926 -28.1151 16.1731 16.7028 -83.2555 -5.7342 -5.0009 0.7692 15.7953 14.6295 54.5731 -11.1144 27.9836 2.0803 0.5586 75.2679 11.4077 1.6083 8.6836 25.0220 11.8720 -21.3419 77.5319 -4.7125 -7.7347 -5.5388 -10.8587 -0.7145 0.0257 19.1826 -0.5656 -7.1957 -4.7001 -4.5946 1.7295 -0.9190 -1.7511 -22.6765 -5.5859 8.2722 0.2273 36.7236 1.6482 12.2038 -14.9536 -1.1910 -1.6774 -3.7272 1.4621
-4.1900 95.8670 247.8395 11.0891 -1.4739 4.8796 -4.6890 6.0202 -0.2403 -1.5148 -3.0593 -0.0674 -3.9855 14.7513 -3.0075 0.4738 16.5099 2.0284 -0.6736 -3.5108 0.8652 -0.8956 -10.2540 0.7991 -0.0077 -0.0860 0.0449 0.6906 -10.3780 -3.7683 -0.7028 -10.3643 3.8654 7.4421 12.9236 -14.2021 -58.5630 -8.9527 -34.5542 -0.4889 0.1997 -74.9880 6.4757 16.9417 -3.2974 -27.6211 15.8744 16.7093 -82.6089 -5.1935 -4.2019 -0.1337 16.2783 13.7383 55.4206 -11.9108 25.9707 2.2034 0.3353 76.7164 10.3774 -0.2926 10.5610 24.6634 11.8995 -21.5018 76.2008 -4.0443 -7.8613 -6.0650 -11.5091 -2.2276 -0.0324 24.3699 -0.6347 -6.2747 -5.6743 -3.0282 1.7373 -0.9931 -1.7562 -21.9196 -6.1079 10.0329 0.3487 44.1104 1.8400 13.1926 -12.1622 -1.4248 -1.7773 -6.9327 1.6091
-3.6524 95.2866 249.4777 10.4944 -3.3059 5.8544 -4.4526 7.0285 -0.1589 -1.4693 -2.7831 -0.1746 -3.6768 14.8916 -2.7467 0.5280 17.2630 1.8991 -0.7474 -3.4756 0.7935 -0.6921 -10.3775 0.9342 -0.0126 -0.0650 0.0448 0.7021 -10.3505 -3.7666 -0.7251 -10.3354 3.8687 9.4671 13.1376 -14.0193 -59.0374 -9.6492 -34.7387 -0.8847 0.2778 -77.8785 8.5707 14.9504 -3.7990 -27.1348 15.8952 16.9629 -82.0058 -4.4550 -3.3207 -1.4307 16.7120 13.0696 56.5362 -13.5707 23.6310 2.5583 0.1651 78.3851 8.6120 -2.4899 12.8313 24.2066 12.3927 -21.6246 75.3377 -2.3303 -7.9002 -6.3734 -12.9875 -3.6193 -0.0800 32.2742 -0.7497 -4.6976 -6.7961 -1.3598 1.7428 -1.1655 -1.7771 -20.5060 -8.7468 11.9995 0.6673 55.5370 2.1960 14.4979 -8.0214 -0.8397 -1.9053 -9.2965 1.6796
-3.1263 94.9483 251.0372 9.7545 -5.0698 6.5329 -4.0910 8.0412 -0.1904 -1.4148 -2.4511 -0.2366 -3.5309 15.5170 -2.5478 0.6621 17.9427 1.6684 -0.9630 -3.4895 0.8962 -0.3672 -10.3726 0.9692 -0.0092 -0.0496 0.0211 0.6896 -10.3529 -3.7843 -0.7095 -10.3339 3.8391 10.7520 13.3328 -13.5175 -58.6703 -9.9218 -34.0607 -1.2890 0.2162 -81.2686 10.4656 13.9237 -4.1658 -26.7321 16.0684 17.2707 -81.9963 -3.6116 -2.6769 -2.2178 17.0380 12.8982 58.2279 -14.7452 20.9972 2.6575 -0.0991 81.1550 6.5517 -3.8567 15.2529 23.8512 12.7617 -21.3667 74.4907 -1.0598 -7.7973 -6.6014 -13.4680 -4.4468 -0.0583 38.2822 -0.6957 -2.2907 -6.5296 0.2108 1.7514 -1.8893 -1.7935 -18.8991 -12.7143 13.4860 1.5742 67.5769 3.0490 15.7742 -2.9533 0.5986 -1.9457 -9.2461 1.5801
-2.6772 95.2006 252.8938 8.9497 -6.0499 7.2572 -3.7500 8.6576 -0.2867 -1.3570 -2.2502 -0.2197 -3.3696 16.1892 -2.5981 0.9461 18.6613 1.9152 -1.0577 -3.4627 0.5339 -0.1670 -10.6523 1.1745 -0.0106 -0.0571 0.0110 0.6761 -10.3725 -3.7853 -0.6977 -10.3516 3.8245 11.2139 13.3843 -12.9257 -58.5905 -9.4554 -32.8664 -1.2331 0.2919 -84.1629 11.7038 12.6294 -4.2742 -26.1194 16.1429 17.5216 -81.6570 -2.7458 -2.2282 -2.3229 17.4585 12.7695 60.2045 -14.8094 18.2444 2.8210 -0.2044 85.3693 5.7610 -4.5021 17.4375 23.3861 12.9196 -21.4452 74.1402 -0.5123 -8.3872 -6.5561 -12.2807 -4.9027 -0.0329 40.1337 -0.7229 -0.2542 -6.4437 0.9580 1.7838 -2.2947 -1.8698 -17.4119 -17.0634 13.4353 3.1230 76.2914 4.5535 16.2117 0.8222 1.5456 -1.8589 -6.7470 1.4016
-2.3740 95.6574 255.0513 7.8022 -6.3111 8.1589 -3.3570 9.0440 -0.4256 -1.1903 -2.1010 -0.4055 -3.0367 16.6157 -2.7461 1.0145 18.9347 2.0864 -0.9646 -3.4537 0.4899 0.0245 -10.7541 1.4079 -0.0183 -0.0525 0.0217 0.6326 -10.3600 -3.7635 -0.6693 -10.3407 3.8259 11.3092 13.5878 -12.8081 -58.7266 -8.4614 -31.2460 -0.9357 0.2267 -86.3147 12.0220 12.3129 -4.2127 -25.7637 16.1776 17.6727 -81.5286 -2.2825 -2.0818 -2.0697 17.5179 12.6370 62.0064 -12.8221 16.1511 3.0308 -0.5451 90.2447 6.2817 -3.2016 19.2806 23.1600 12.9481 -21.5786 73.7157 -0.3242 -8.6233 -6.1821 -9.9956 -5.2668 -0.0341 38.5358 -0.6843 1.1594 -6.6286 1.4685 1.8042 -2.4142 -1.9116 -15.6168 -21.3998 12.3566 5.1482 80.4812 6.3740 15.4603 2.2803 0.5554 -1.7435 -4.8334 1.2644
-2.2446 96.1583 257.7495 6.2351 -5.9872 9.3778 -2.7995 9.2479 -0.5774 -0.9773 -1.9906 -0.7863 -2.4683 16.7647 -3.0429 0.9813 18.7799 2.1973 -0.7578 -3.4687 0.6617 0.1876 -11.0221 1.7111 -0.0042 -0.0497 -0.0088 0.6210 -10.3292 -3.7874 -0.6270 -10.2998 3.7796 11.0409 13.8815 -13.2145 -58.6952 -7.2522 -29.8922 -0.5273 0.1537 -87.1480 11.5733 11.9778 -3.8929 -25.6852 16.2891 17.9738 -81.2983 -2.0051 -2.0171 -1.3515 17.3790 12.4418 62.7678 -9.5159 14.8961 3.1471 -0.7994 94.7197 8.3775 -0.2814 21.2445 23.2649 12.9014 -21.7336 73.5944 -0.8123 -8.4490 -5.5677 -7.2270 -5.7231 0.0057 35.3534 -0.6028 2.2361 -7.3973 1.3874 1.8063 -2.5008 -1.9147 -13.3068 -25.5281 10.0356 4.3993 79.6908 5.3064 13.4609 1.9976 -3.1607 -1.6636 -3.9143 1.1722
-2.1101 96.5651 261.1290 4.5042 -5.2701 10.5659 -2.1420 9.2107 -0.6544 -0.7741 -1.9210 -1.2844 -1.7526 16.8031 -3.3935 0.8172 18.3503 2.2827 -0.5283 -3.5081 1.0611 0.3708 -11.3949 1.9444 0.0170 -0.0436 -0.0438 0.6355 -10.2859 -3.8149 -0.5969 -10.2329 3.7299 10.5014 14.2495 -14.0026 -58.4047 -6.3826 -28.5884 -0.3554 0.0765 -86.9806 11.0726 11.4238 -3.5832 -25.7046 16.4966 18.3617 -81.2455 -1.8209 -1.9918 -0.3332 17.3010 12.2098 62.3825 -6.1647 14.0205 3.1426 -0.8127 98.1539 10.8695 2.8874 23.4486 23.6799 12.9162 -21.9096 73.9722 -1.6860 -7.9920 -4.9452 -4.2956 -5.9852 0.0764 31.9526 -0.4552 3.3487 -8.2632 1.4584 1.8218 -2.8544 -1.9166 -10.9374 -28.6251 7.1035 2.1712 73.5724 2.8125 11.5598 1.2282 -7.0723 -1.6183 -3.4355 1.1309
-1.9320 96.9317 264.8267 2.9828 -4.3027 11.3445 -1.5813 8.9502 -0.6870 -0.5855 -1.9109 -1.7012 -1.0238 16.7808 -3.6508 0.6394 17.8845 2.2890 -0.3920 -3.5873 1.4334 0.4883 -11.7275 2.1430 0.0240 -0.0381 -0.0514 0.6478 -10.2895 -3.8151 -0.5938 -10.2092 3.7129 10.1005 14.6693 -14.7590 -58.2698 -6.2870 -27.2895 -0.3235 0.0964 -86.4318 10.9928 11.1213 -3.1617 -25.9069 16.7479 18.7479 -81.6759 -1.5844 -2.0916 0.5998 17.3557 11.9214 61.5291 -3.7870 12.9710 2.8554 -0.6590 100.5623 12.5044 5.2324 25.2184 24.4042 12.9005 -22.0168 74.6196 -2.5885 -7.4763 -4.3067 -1.4381 -5.7592 0.1428 28.8038 -0.2927 4.2819 -8.7369 1.8985 1.8539 -3.4368 -1.9411 -8.8715 -30.0076 4.0853 0.9425 62.5587 1.4636 9.8902 0.5348 -10.6632 -1.5588 -3.3786 1.1376
-1.7059 97.2249 268.6739 1.8676 -3.2300 11.7915 -1.1801 8.5811 -0.7210 -0.4186 -2.0242 -2.1059 -0.4839 16.7513 -3.7016 0.6312 17.3848 2.2858 -0.4026 -3.6604 1.6124 0.4610 -12.0008 2.3574 0.0135 -0.0363 -0.0386 0.6536 -10.3731 -3.8154 -0.6212 -10.2855 3.7468 10.2412 15.1087 -15.3495 -58.4419 -6.7327 -25.9668 -0.3241 0.0654 -86.4371 11.4039 11.2309 -2.3684 -26.2465 16.8081 18.9449 -82.0953 -1.2700 -2.1973 1.0122 17.3588 11.5045 61.0848 -2.5185 11.4770 2.2895 -0.5293 102.6276 13.1141 6.6885 26.1997 25.1143 12.9274 -22.0539 75.3202 -3.1488 -6.8669 -3.6327 1.4290 -5.1634 0.1683 25.8115 -0.1771 4.4620 -8.4964 2.3160 1.8831 -4.3322 -1.9928 -7.2484 -29.7730 1.0995 0.4681 48.0939 0.9247 8.1539 0.2896 -13.5278 -1.5041 -3.6407 1.2426
-1.4092 97.3857 272.5244 1.2672 -2.2394 12.1123 -0.9155 8.3106 -0.7597 -0.3190 -2.2487 -2.4045 -0.2529 16.6989 -3.8035 0.6818 17.0418 2.2846 -0.3771 -3.6710 1.5845 0.2451 -12.2660 2.6328 0.0021 -0.0286 -0.0389 0.6671 -10.4659 -3.8392 -0.6584 -10.3920 3.7792 11.1192 15.2989 -15.6578 -58.9197 -7.1219 -24.8609 -0.1224 0.1049 -87.9265 11.8416 10.8306 -1.7605 -26.1775 16.5601 18.9200 -81.8639 -0.7962 -1.8986 0.6129 17.2637 10.9762 61.7285 -2.5341 9.6618 1.7628 -0.6634 105.2389 12.7406 6.3591 26.0907 25.3128 13.0475 -22.0749 75.5621 -2.6078 -6.4997 -2.9113 4.3179 -4.4676 0.1630 23.0166 -0.1800 3.7321 -7.4386 2.5515 1.9045 -5.4732 -2.0475 -6.0489 -29.3198 -1.5211 0.2623 35.1200 0.5693 6.4072 0.3561 -15.1460 -1.4352 -3.4713 1.3324
-1.1498 97.4290 276.5835 0.9309 -1.3765 12.4870 -0.6465 8.1868 -0.7800 -0.2767 -2.4230 -2.6043 -0.1565 16.6127 -4.0330 0.6164 17.0592 2.2397 -0.2391 -3.6646 1.3987 0.0342 -12.7710 2.9075 -0.0013 -0.0014 -0.0415 0.6789 -10.5240 -3.8672 -0.6779 -10.4601 3.8052 12.4387 15.1954 -15.7531 -59.4984 -7.4788 -23.8821 0.0889 0.2807 -90.5058 11.8090 9.8648 -1.3315 -25.6174 16.2506 18.8917 -80.9110 -0.0816 -1.2936 -0.3989 17.0567 10.3325 63.3711 -3.6269 7.8522 1.4686 -0.9213 108.6604 11.7188 4.9546 25.2804 24.9447 13.2948 -22.1171 75.1996 -1.1860 -6.3413 -1.9277 7.2384 -3.5848 0.1593 20.6205 -0.3369 2.4428 -5.8310 2.4985 1.9415 -6.9988 -2.1008 -4.8156 -30.0075 -3.7952 0.1724 27.2916 0.2982 5.1485 -0.5114 -15.9489 -1.3755 -3.0581 1.3147
-0.8528 97.5622 280.7974 0.6016 -0.6286 12.8186 -0.2934 8.0935 -0.7786 -0.2226 -2.4723 -2.7624 -0.0954 16.6230 -4.3689 0.4021 17.4793 2.1650 -0.1449 -3.6892 1.2986 -0.0666 -13.3037 2.9437 -0.0006 0.0131 -0.0409 0.6778 -10.5623 -3.8810 -0.6752 -10.5082 3.8208 13.4622 14.8550 -15.6747 -59.7994 -7.9977 -23.0292 0.1986 0.3917 -92.9110 11.4541 9.0472 -1.0421 -24.6939 15.8740 18.9379 -79.3720 0.6508 -0.5440 -1.3446 16.8298 9.9156 65.4582 -5.4221 6.6326 1.3005 -1.1054 112.0007 10.8608 3.6311 24.7291 24.1663 13.1946 -21.9256 73.7119 0.0389 -6.5103 -0.4722 9.9800 -2.3909 0.1663 18.6235 -0.5017 1.0009 -2.7376 2.0503 2.0057 -9.5287 -2.1742 -3.3096 -31.9061 -5.8018 0.1766 24.8655 0.2434 4.4844 -0.9940 -16.1803 -1.3571 -2.8994 1.2356
-0.6223 97.9466 285.2440 0.2383 0.1048 13.1476 0.0939 7.8843 -0.8313 -0.1431 -2.4929 -2.9285 -0.0314 16.7267 -4.7009 0.0811 18.2932 2.2419 -0.1087 -3.7477 1.2102 -0.0607 -13.3736 2.6909 -0.0108 0.0156 -0.0143 0.6552 -10.5749 -3.8521 -0.6723 -10.5353 3.8469 14.1281 14.4865 -15.4601 -60.1144 -8.9627 -22.3066 0.1787 0.3127 -94.3506 11.0983 9.0252 -0.6912 -23.3710 15.3262 18.8801 -77.1830 1.2667 0.1506 -2.1558 16.5753 9.6761 67.6935 -7.3181 6.6840 1.0625 -1.1037 114.1491 10.5139 2.9056 24.6128 23.0989 12.6622 -21.4459 71.1309 0.7581 -6.9502 1.3623 12.2980 -0.9988 0.1577 16.8264 -0.6446 -0.3475 2.5384 0.8990 2.0826 -13.3777 -2.2493 -1.6732 -33.9078 -7.4049 0.2081 25.1358 0.2669 4.3929 -1.2584 -16.1066 -1.3574 -2.7502 1.1685
-0.3801 98.4408 290.0981 0.0446 0.8603 13.2013 0.3720 7.6418 -0.9026 -0.0725 -2.5144 -3.0742 -0.0265 16.7096 -4.9689 -0.3171 19.2550 2.4962 -0.1172 -3.7928 1.1441 0.0886 -12.8848 2.2647 -0.0393 0.0188 0.0464 0.6228 -10.5665 -3.7842 -0.6960 -10.5378 3.9075 14.7434 14.2334 -15.1551 -60.8300 -10.2309 -21.5898 0.0863 0.2512 -94.8474 11.0478 9.9257 -0.1165 -21.9587 14.6852 18.6290 -74.8314 1.6554 0.5373 -3.0767 16.3520 9.5677 69.9546 -9.0567 7.6282 1.0116 -1.0354 114.6610 10.3024 3.2964 24.6531 21.9707 11.8926 -20.7112 68.1773 0.8247 -7.2016 3.1593 13.9092 0.5196 0.1221 15.4349 -0.7385 -2.1106 9.7780 -0.8495 2.1412 -17.7770 -2.2835 -0.3053 -35.3468 -8.2043 0.2431 25.9696 0.2758 4.7610 -1.2444 -15.5602 -1.3596 -2.6089 1.1348
-0.0854 98.8683 295.4977 0.1375 1.6189 12.9032 0.4602 7.4593 -0.9868 -0.0099 -2.5097 -3.1957 -0.1054 16.6082 -5.1235 -0.8585 19.9557 2.8681 -0.0768 -3.8138 1.0411 0.3429 -12.1982 1.8331 -0.0720 0.0179 0.1077 0.5923 -10.5432 -3.7131 -0.7295 -10.5220 3.9665 15.2974 14.0696 -14.8297 -61.7877 -11.5092 -20.6950 0.0167 0.2485 -94.9370 11.3852 11.3634 0.7028 -20.7926 14.1939 18.3793 -72.8907 1.9301 0.6668 -4.1312 16.1232 9.5023 72.0825 -10.7281 8.7529 1.2018 -0.9598 113.8046 9.8379 4.4914 24.5892 20.9660 11.1614 -19.9649 65.7569 0.5971 -7.1351 4.5019 14.5286 1.6583 0.0666 15.2504 -0.7693 -4.8355 17.7727 -3.0750 2.1295 -21.2214 -2.2380 0.3965 -36.0762 -7.8395 0.2523 26.3379 0.2545 5.2572 -0.9778 -14.7984 -1.3622 -2.4865 1.1393
0.1989 99.0745 301.0133 0.4442 2.2375 12.3745 0.4385 7.4070 -1.0625 0.0316 -2.4122 -3.2657 -0.2299 16.6881 -5.2522 -1.5576 20.0567 3.2790 -0.0282 -3.8337 0.8679 0.6795 -11.7592 1.4644 -0.0883 0.0026 0.1405 0.5792 -10.4883 -3.6667 -0.7479 -10.4759 3.9879 15.4865 13.9297 -14.5672 -62.7648 -12.6308 -19.2430 -0.1934 0.2794 -95.1696 11.8943 12.5655 1.5171 -19.7668 13.6480 18.0688 -71.1019 2.1992 0.9077 -5.0456 15.8625 9.5883 73.6746 -12.2309 9.4387 1.5798 -0.7938 112.6987 9.1628 5.2408 24.4910 20.0053 10.5141 -19.3234 63.5257 0.4715 -7.0030 5.2443 13.6270 2.1282 -0.0081 17.8515 -0.7291 -8.3028 24.9244 -5.3592 2.0022 -21.7564 -2.1047 0.2818 -36.1078 -6.3615 0.2409 26.2154 0.2572 5.8274 0.2032 -13.9012 -1.3613 -2.4128 1.1692
0.4324 98.9518 306.3135 0.8535 2.5032 11.6777 0.4027 7.6922 -1.0808 0.0600 -2.1914 -3.2545 -0.3707 17.1647 -5.2977 -2.3390 19.4926 3.5930 -0.0277 -3.8427 0.7136 1.0730 -11.7109 1.0669 -0.0872 -0.0248 0.1532 0.5801 -10.4350 -3.6332 -0.7446 -10.4192 3.9751 15.0781 13.9683 -14.3490 -63.5418 -13.8391 -17.3954 -0.5143 0.1624 -95.4672 12.5575 13.2261 2.4048 -18.7405 13.0120 17.6697 -69.3910 2.3355 1.2868 -5.7180 15.6625 9.8007 74.4810 -13.6060 9.7935 1.8898 -0.6516 111.8611 8.2873 5.4571 24.4635 19.1186 9.9713 -18.7481 61.3138 0.2659 -6.9084 5.3767 10.5661 1.8815 -0.0471 24.8230 -0.6749 -11.6700 30.5716 -6.3513 1.8050 -18.2298 -1.9683 -0.5518 -35.3305 -3.9667 0.2089 25.9111 0.2908 5.7372 2.8944 -12.7896 -1.3736 -2.4199 1.2033
0.7162 98.2970 311.3178 1.2125 2.1836 10.7617 0.4332 8.4483 -1.0669 0.0844 -1.8442 -3.1488 -0.5087 18.0136 -5.0125 -3.2261 18.4278 3.7936 0.0680 -3.7680 0.5343 1.4248 -12.0968 0.6501 -0.0734 -0.0333 0.1471 0.5993 -10.3803 -3.6288 -0.7345 -10.3516 3.9485 14.2177 14.2804 -14.1489 -64.3404 -15.3248 -15.4580 -0.8224 0.1692 -95.3907 13.0407 13.1402 3.7195 -17.8206 12.3005 17.2038 -67.6266 2.2812 1.7668 -6.2552 15.6018 10.2637 74.6122 -14.9607 9.8868 1.9415 -0.4478 111.0847 6.9886 5.6337 24.3766 18.2142 9.3701 -18.1442 58.7441 -0.3933 -6.7531 5.0157 5.5049 1.2090 -0.0234 36.5092 -0.6664 -13.3850 32.6776 -3.7254 1.6990 -11.4140 -1.9434 -1.5619 -33.7914 -1.1169 0.1851 26.4100 0.3353 4.3404 5.5120 -11.6365 -1.4174 -2.3907 1.1862
0.9505 96.7773 316.4991 1.1379 1.2053 9.1766 0.7298 9.7394 -0.8968 0.1317 -1.4052 -2.8330 -0.5976 19.1140 -4.2701 -4.2545 17.1694 3.8114 0.2113 -3.6048 0.6405 1.6820 -13.3437 0.3653 -0.0675 -0.0121 0.1496 0.6154 -10.3926 -3.6306 -0.7408 -10.3255 3.9506 13.0704 14.7429 -13.6390 -65.4104 -16.8637 -13.8309 -0.9899 0.3960 -94.6360 13.0767 12.4689 5.9472 -17.1800 11.7585 16.8677 -66.0355 2.2099 2.1181 -6.7154 15.7269 10.9657 73.9818 -16.5429 10.1658 1.6337 -0.2944 109.7387 5.0758 5.9429 23.9196 17.5130 8.8159 -17.4789 56.4783 -1.2769 -6.3608 4.8996 -1.4503 1.3984 -0.0717 53.1811 -0.7877 -12.8858 28.4887 2.0028 1.8091 -5.8425 -2.0332 -1.4498 -31.7077 1.3634 0.1384 29.4092 0.2503 1.7248 3.3595 -10.9927 -1.4640 -1.7665 1.1146
1.1702 94.7242 321.5051 0.1022 0.0149 6.9316 1.5339 11.2623 -0.3828 0.2322 -1.0749 -2.1763 -0.5233 20.4105 -3.4026 -5.3936 15.8700 3.6218 0.2821 -3.6000 0.8692 2.0825 -15.9849 0.3246 -0.0713 -0.0254 0.1628 0.6151 -10.4348 -3.6152 -0.7534 -10.3676 3.9681 11.2375 15.2632 -12.8919 -65.9017 -17.7442 -12.8457 -0.8126 0.5358 -93.3853 12.7549 12.5786 8.6023 -16.6576 11.5649 16.8800 -64.6577 2.1690 2.3275 -6.4628 15.9683 12.1323 72.4100 -18.6294 10.1473 1.3711 -0.3451 107.0090 3.0384 6.8957 23.4301 16.8292 8.4244 -16.9752 54.9213 -1.7856 -5.8269 6.3662 -9.1992 2.7996 -0.4682 70.4110 -1.0695 -12.0360 19.3549 5.9781 1.9435 -3.4833 -2.0928 0.8099 -30.2386 2.1114 0.0758 35.4395 0.1080 -0.7483 -4.0313 -10.0492 -1.4395 0.0612 1.0522
1.2860 93.0416 326.3574 -1.1900 -0.9682 5.1292 2.1672 12.3413 0.1001 0.3345 -0.5664 -1.5987 -0.1537 22.3360 -2.7935 -6.5897 13.7295 3.5091 0.4327 -3.5690 1.0457 2.1131 -19.4894 0.4389 -0.0508 0.0021 0.1167 0.6349 -10.4107 -3.6761 -0.7374 -10.3583 3.9317 9.0534 16.0896 -12.0241 -66.1999 -18.9851 -11.1344 -1.4208 0.5125 -91.6935 12.9358 14.3884 11.3273 -16.2702 11.6036 17.1393 -63.4818 2.2722 2.5266 -5.6913 16.4534 13.2713 70.3430 -22.1885 10.0070 1.1898 -0.5630 102.4102 1.5316 10.0050 23.8229 16.4729 8.1634 -16.7883 53.9324 -2.1046 -5.4827 8.1759 -17.8039 3.1529 -1.6422 84.0516 -1.9196 -10.3264 10.5947 9.0339 2.0327 -2.7929 -2.1208 3.6114 -29.2720 1.3520 -0.1917 42.0365 -0.0454 -1.9507 -11.3298 -9.1354 -1.4102 0.7991 0.9863
1.4349 92.1960 331.6452 -1.3120 -1.5376 4.4094 2.0309 12.7907 0.3646 0.2274 -0.1722 -1.1911 -0.1388 24.3205 -2.5635 -7.0177 11.7616 3.6087 0.3243 -3.5772 0.9202 2.1062 -21.5967 0.3470 -0.0176 0.0122 0.0259 0.6525 -10.4150 -3.7827 -0.6926 -10.3878 3.8490 6.9409 16.9993 -11.7030 -65.8968 -19.0225 -10.1238 -1.4567 0.3371 -89.4301 13.2172 17.0821 14.1310 -16.0014 11.5932 17.1264 -62.5384 2.3677 2.4708 -4.1814 17.0984 14.4470 68.8473 -26.0680 9.4063 1.0012 -0.6677 96.9938 0.5885 14.9981 24.8232 16.3258 7.9216 -16.6420 53.0220 -2.2112 -5.3387 7.8572 -26.6109 2.5903 -177.9940 88.6587 -177.8649 -7.7666 5.0163 12.6148 2.0322 -2.7435 -2.1323 4.4510 -26.5341 0.3922 -0.2323 45.4305 -0.0737 -2.5414 -17.2903 -8.0261 -1.4007 1.2304 0.9587
1.5844 92.0251 337.4874 -0.9551 -1.6386 4.0243 1.6970 12.9173 0.5647 0.0682 0.0055 -0.7736 -0.2782 25.2729 -2.3737 -7.2979 10.8262 3.8665 0.2167 -3.6222 0.6891 2.0910 -22.2396 0.0692 -0.0047 0.0106 -0.0191 0.6543 -10.4896 -3.8386 -0.6706 -10.4819 3.8108 5.0355 17.3133 -11.4811 -65.7223 -17.1763 -9.7507 -1.2443 0.1417 -86.9367 13.5148 20.9193 17.0156 -15.8778 11.4858 16.8017 -61.7047 2.3540 2.1110 -3.5887 17.4823 15.5361 69.3876 -28.9230 8.2835 0.7263 -0.6116 91.9509 -0.8418 21.7133 25.0295 16.3307 7.6617 -16.4843 52.3046 -2.1750 -5.2548 6.0348 -34.5936 2.4072 176.7380 87.6320 177.1427 -5.9408 2.3397 14.9953 1.9692 -2.8868 -2.1286 4.4401 -22.3356 0.3411 -0.2305 45.7616 -0.0370 -2.5924 -21.9511 -7.6920 -1.4008 1.4106 0.9353
1.7632 92.4375 343.4150 -0.3990 -1.2938 3.5042 1.3777 12.8134 0.7282 -0.0581 -0.0705 -0.1849 -0.4873 25.1507 -1.9514 -7.6167 10.4802 4.0766 0.1330 -3.6744 0.4270 2.3296 -22.1457 -0.5630 -0.0137 0.0078 -0.0082 0.6448 -10.5369 -3.8301 -0.6816 -10.5390 3.8271 3.1089 17.3527 -10.9704 -66.0563 -14.1264 -9.8144 -0.8543 -0.0262 -85.2275 13.9665 25.0710 18.8346 -15.8163 11.3040 16.3570 -61.1524 2.1311 1.6959 -4.0118 17.5576 16.4514 70.8761 -30.1762 7.4267 0.3320 -0.5810 88.0898 -2.8928 27.6577 24.5248 16.1820 7.3375 -16.2987 51.6380 -2.2284 -5.1532 3.1370 -40.7643 3.3833 11.4293 88.1825 11.9554 -4.9487 1.8338 15.9068 1.8602 -3.1459 -2.0794 4.0972 -16.8932 1.2373 -0.2797 43.2145 -0.0963 -2.5101 -25.0952 -7.5954 -1.4125 1.1323 0.8939
2.0600 93.3224 349.5970 0.2378 -0.3464 2.7617 1.1104 12.3391 0.9182 -0.1399 -0.3482 0.4979 -0.6352 24.2716 -1.1391 -7.8907 10.1336 4.2041 0.0550 -3.6943 0.2713 2.5752 -21.9337 -1.2773 -0.0393 -0.0044 0.0461 0.6298 -10.5486 -3.7694 -0.7210 -10.5548 3.8841 1.0720 17.4064 -9.7904 -67.0057 -11.1845 -9.8988 -0.7035 -0.4911 -84.4032 14.7728 28.6163 19.5628 -15.8851 11.0162 15.9689 -60.6789 1.8824 1.3951 -4.8466 17.7076 17.3036 71.4567 -29.9384 7.6504 -0.0304 -0.6347 85.7540 -4.9772 31.5856 23.9020 15.8840 7.1062 -16.0638 51.1730 -2.3314 -4.9324 -0.3593 -44.6693 5.1273 3.0152 80.0630 3.5258 -4.2806 2.4217 15.8992 1.8014 -3.4534 -2.0328 3.5320 -10.8427 2.8690 -0.3296 38.3226 -0.1927 -2.3107 -26.3110 -7.4485 -1.4442 0.3195 0.8402
2.4780 94.4668 356.1724 0.9290 1.0605 1.7641 0.9102 11.5390 1.0676 -0.2329 -0.7113 1.5948 -0.8278 23.1329 -0.1931 -8.0138 9.3309 4.4829 -0.0944 -3.7853 -0.0780 3.1557 -21.5702 -2.3362 -0.0578 -0.0287 0.1077 0.6078 -10.5790 -3.7003 -0.7382 -10.5937 3.9466 -0.4957 17.3638 -8.1001 -68.7511 -8.4941 -10.2389 -0.0912 -0.6050 -84.3624 16.2531 30.8202 19.9981 -15.8978 10.8073 15.8052 -60.4965 1.6909 1.2567 -5.8599 17.8295 18.5529 71.1341 -28.4242 8.1223 0.0190 -0.6346 84.9025 -6.3113 34.3495 23.0477 15.4890 7.0242 -15.9915 50.7014 -2.4366 -4.9468 -3.3126 -46.2811 6.3422 1.6086 69.3608 2.0444 -4.3801 2.9971 15.0045 1.7674 -4.1340 -2.0180 2.6306 -4.5784 4.3349 -0.2591 31.8221 -0.1568 -1.9002 -25.0449 -6.2820 -1.4494 -1.4918 0.8619
3.0446 95.6463 363.0276 1.7592 2.8291 0.7809 0.6915 10.4172 1.1853 -0.3297 -1.1190 2.7468 -1.2714 21.7751 0.9282 -7.8604 8.3160 4.6224 -0.3383 -3.7877 -0.3447 3.7114 -21.2614 -3.2890 -0.0642 -0.0408 0.1649 0.5973 -10.6223 -3.6516 -0.7420 -10.6448 4.0185 -1.2035 17.3759 -5.9265 -71.3090 -6.4377 -10.4989 0.4760 -0.7237 -84.5590 18.5952 32.2031 20.4894 -15.7587 10.7244 15.7487 -60.3403 1.6395 1.2891 -7.2295 18.0754 19.8296 70.4439 -25.8502 9.0811 0.3184 -0.5753 85.1203 -7.4293 36.8985 21.5727 15.1697 7.0939 -15.9878 50.3380 -2.5326 -5.1331 -5.3837 -45.8811 6.5112 0.8450 55.7815 1.1736 -5.0261 2.2061 13.6704 1.7682 -4.5929 -2.0501 1.4315 1.6241 5.9383 -0.1645 24.6504 -0.0933 -1.1596 -20.7103 -4.9531 -1.4626 -5.4089 0.9925
3.5183 96.6392 370.6475 2.3651 4.6152 0.0543 0.5775 9.0428 1.2606 -0.3873 -1.5539 3.5953 -1.8824 20.4294 2.1961 -7.5234 7.5291 4.4830 -0.6185 -3.8001 -0.4767 4.3527 -20.7768 -4.0605 -0.0540 -0.0452 0.1851 0.6077 -10.6677 -3.6462 -0.7305 -10.6944 4.0456 -0.9491 17.4733 -3.8406 -74.2139 -4.9117 -10.5472 0.6346 -0.6682 -85.0468 20.9993 32.7568 20.6141 -15.5978 10.8044 15.8228 -60.1481 1.5602 1.4596 -8.9247 18.3714 20.8205 70.6580 -22.8234 9.7635 0.9409 -0.3923 86.3483 -8.1954 38.2009 20.0581 14.9172 7.2553 -15.9602 50.1918 -2.5710 -5.2753 -5.6910 -43.7172 4.9963 0.3905 40.6838 0.6000 -5.9262 -0.8635 12.5798 1.7335 -4.6064 -2.0795 0.6599 7.2083 7.9173 -0.1142 18.5652 -0.0920 -0.3318 -12.9260 -4.1027 -1.5201 -12.3576 1.2416
3.8792 97.2771 378.6110 2.1276 5.9851 -0.1354 0.7817 7.6957 1.4517 -0.3144 -2.0413 3.8928 -2.3034 19.2873 3.1422 -7.1042 7.0988 4.2941 -0.7547 -3.8655 -0.6352 5.0157 -20.0418 -4.5543 -0.0445 -0.0482 0.1708 0.6190 -10.6779 -3.6666 -0.7204 -10.7076 4.0313 -0.5279 17.7409 -2.7065 -76.0577 -4.0572 -10.6472 0.3776 -0.4677 -85.8617 21.7360 32.7079 19.7514 -15.5169 10.9734 16.0510 -60.0054 1.4418 1.7222 -10.1625 18.7847 21.4096 71.5739 -19.8738 10.2326 1.3378 -0.1640 88.3145 -8.8714 37.8664 19.2255 14.7474 7.4290 -15.8916 50.0850 -2.6013 -5.2015 -4.5337 -41.0276 2.9219 0.2017 29.4519 0.2487 -6.3300 -5.4465 12.6550 1.6351 -4.8356 -2.1425 1.2267 10.4951 9.7320 -0.1252 16.6531 -0.1858 0.2878 -3.5086 -2.9635 -1.6692 -19.7548 1.5377
4.1889 97.5198 386.3147 1.3258 6.7098 0.3376 0.9501 6.6863 1.5936 -0.2387 -2.4902 3.8413 -2.3584 18.5287 3.3340 -6.4143 6.2751 4.2334 -0.8675 -3.8459 -0.7817 5.7032 -18.7315 -4.6276 -0.0445 -0.0489 0.1468 0.6245 -10.6733 -3.6982 -0.7234 -10.7122 4.0133 -0.9022 17.8928 -2.7855 -75.7275 -4.0042 -11.5113 0.2011 -0.2225 -86.9108 20.6528 32.6628 18.2045 -15.4344 11.1298 16.3665 -59.8840 1.4899 2.1361 -10.0276 19.1912 21.6064 71.8506 -17.0757 10.9818 1.4331 0.0149 90.3224 -9.6028 37.2261 19.6514 14.8623 7.5622 -15.9383 49.9348 -2.5893 -5.3202 -3.4334 -38.0708 1.7090 0.2573 24.4987 0.2165 -5.7395 -6.6371 12.7243 1.6075 -5.0066 -2.1610 2.5340 10.5049 10.3885 -0.2288 21.1367 -0.2067 1.4779 5.4657 -0.7408 -1.8596 -23.4969 1.7560
4.4380 97.3300 394.0093 0.6952 6.6537 1.5707 0.7025 6.1229 1.3270 -0.3595 -2.6795 3.5462 -2.1512 18.1780 2.5866 -5.5966 4.7867 4.4227 -0.8378 -3.7087 -0.7776 6.1508 -16.7060 -4.4509 -0.0306 -0.0476 0.1083 0.6305 -10.6622 -3.7458 -0.6999 -10.7146 3.9771 -2.8845 17.5834 -4.2653 -72.4698 -4.6912 -12.8906 0.2753 0.0417 -87.9391 18.4757 32.5620 16.2974 -15.0449 11.2538 16.6577 -59.3813 1.6991 2.3643 -8.5114 19.1047 21.3339 70.7097 -13.9673 12.5436 1.4399 0.1286 90.9094 -9.9935 37.2519 21.2160 14.9393 7.5994 -15.9726 49.5009 -2.6511 -5.5086 -3.0626 -34.6280 1.4150 0.2022 24.7843 0.2400 -2.8124 -2.5449 10.9979 1.6939 -4.4386 -2.1536 3.2238 7.5909 8.6063 -0.3376 31.9488 -0.0941 4.8138 12.5397 1.8306 -1.6730 -17.2056 1.4448
4.8646 96.5859 401.5156 1.3842 5.7974 3.4503 -0.1299 6.2420 0.8141 -0.5663 -2.7317 2.6503 -2.5795 18.4064 1.4155 -4.6675 3.5307 4.5724 -0.6380 -3.7237 -0.9924 6.5232 -16.1332 -4.9436 -0.0050 -0.0209 0.0469 0.6348 -10.6890 -3.8281 -0.6552 -10.7665 3.9303 -5.4294 17.2783 -7.1893 -66.8903 -6.3815 -14.9555 0.3118 0.1050 -88.8982 17.0015 33.0338 14.7292 -14.6533 11.2780 16.7184 -59.1494 1.7424 2.2273 -6.4632 18.7808 20.1366 69.2332 -10.8034 13.5362 2.2868 0.1189 89.4184 -9.3306 41.1574 23.4470 15.0093 7.4577 -15.9037 49.0702 -2.7676 -5.4139 -4.3949 -31.7232 1.9357 0.1436 29.8285 0.2096 -0.1957 -4.8336 9.0100 1.6342 -1.9161 -2.0026 2.0489 3.3972 5.4189 -0.2576 45.0615 0.1201 8.3923 13.0457 3.6480 -1.3486 -7.7030 1.1119
5.2465 95.9850 408.5867 3.6809 4.6537 5.6014 -1.5405 6.7840 0.0382 -0.9478 -2.5614 1.7219 -4.0249 19.0846 -0.2353 -3.2943 2.2416 4.1173 -0.6227 -3.7210 -1.0172 6.7729 -17.8992 -5.4920 0.0044 0.0035 -0.0260 0.6598 -10.6269 -3.9145 -0.6622 -10.7338 3.8699 -6.8161 17.0902 -10.3488 -60.1341 -8.5588 -18.5125 0.4952 0.0860 -90.1066 15.7380 32.6546 12.3467 -14.8211 11.4715 16.9215 -59.4344 1.7038 2.2279 -4.5842 18.9025 17.9928 68.3899 -8.0594 13.5415 3.0800 0.2378 87.7692 -6.8201 46.7348 26.9420 14.7621 7.3235 -16.0275 48.9892 -2.8604 -5.5369 -7.3747 -27.8619 3.0794 0.2282 34.1098 0.3248 -0.1120 -10.2308 6.7666 1.5919 -0.7440 -2.0041 -1.0494 -1.8814 2.7289 -0.0927 56.0436 0.3726 9.3822 8.0869 2.8975 -1.3540 -5.3368 1.0845
5.6610 96.1430 415.3536 4.7080 4.1570 6.5335 -2.0842 7.0659 -0.4704 -1.1004 -2.4093 1.0258 -4.9751 19.5933 -1.7393 -2.7969 1.4564 3.7888 -0.6684 -3.7084 -0.8594 6.7938 -18.9544 -5.6008 0.0025 0.0026 -0.0562 0.6641 -10.6070 -3.9485 -0.6705 -10.7362 3.8466 -7.7225 16.6395 -13.1172 -54.4991 -9.8035 -21.4244 0.4333 -0.1414 -92.5121 13.8585 30.6571 9.5289 -15.1034 11.3960 16.7814 -59.9014 1.5709 2.4372 -3.5152 19.2753 16.2842 68.6505 -4.6800 12.2936 3.0319 -0.0824 88.8514 -5.4636 48.6364 29.9201 14.3172 7.2670 -16.0662 48.7913 -3.0026 -5.5570 -8.0728 -22.3020 3.6934 0.1241 33.9287 0.2229 -0.6622 -14.1660 4.8511 1.6043 -0.5568 -1.9798 -3.0918 -8.5481 2.5630 0.0366 62.1409 0.4967 7.8322 4.2082 -0.7188 -1.4663 -5.0487 1.1359
6.2289 97.2314 422.0055 4.1689 4.4189 5.7745 -1.8581 7.0125 -0.6944 -0.9778 -2.3590 0.3514 -4.9112 19.3360 -2.8469 -3.4202 1.8970 3.9116 -0.4287 -3.6443 -0.4349 6.1111 -18.4026 -4.6032 0.0117 -0.0279 -0.0790 0.6710 -10.6356 -3.9560 -0.6587 -10.7639 3.8084 -7.8297 15.8391 -14.4877 -52.1336 -9.9875 -22.8818 0.1450 -0.3112 -95.2189 11.9700 27.9638 7.0323 -15.1935 11.1151 16.4727 -60.0209 1.5262 2.6117 -4.1898 19.2584 14.9758 69.8309 -0.7612 12.3575 2.2252 -0.6011 90.7753 -5.3646 48.2531 30.9929 13.9888 7.2035 -16.0085 48.6007 -2.9568 -5.5765 -6.8639 -15.6353 3.8089 0.0203 29.8696 -0.0133 -1.3136 -15.4103 4.2679 1.6867 -1.3015 -1.9543 -4.1459 -15.8281 4.4190 0.0966 63.0881 0.4223 6.1301 2.0305 -4.6143 -1.5375 -5.0012 1.1702
6.9109 98.8303 429.1278 2.9413 4.8461 3.9901 -1.3100 6.8188 -0.6531 -0.7269 -2.4513 -0.5080 -4.3213 18.6275 -3.5414 -4.5340 3.5927 4.1964 0.0756 -3.6923 0.2799 4.7750 -16.6551 -2.6564 0.0193 -0.0466 -0.0973 0.6842 -10.6786 -3.9556 -0.6548 -10.7882 3.7686 -7.0846 15.5681 -15.0212 -52.3984 -9.2000 -23.6092 0.1157 -0.6327 -97.2319 10.9878 25.6900 5.1654 -15.1906 10.9390 16.2561 -60.1426 1.6308 2.5395 -6.2291 18.9713 13.6233 71.3781 2.5906 14.4806 1.5588 -1.0408 91.8311 -5.1635 47.4581 30.8820 13.9604 7.1325 -16.0303 48.6568 -2.8258 -5.6258 -5.2152 -8.7330 3.3228 0.0472 24.5325 -0.1078 -2.0260 -12.2960 5.1085 1.7812 -4.5288 -2.1182 -4.8009 -21.5094 6.6543 0.0262 58.0522 0.2622 5.8086 1.1658 -7.0278 -1.5321 -5.1920 1.1342
7.4574 100.4235 437.0022 1.1506 5.0095 2.1832 -0.7051 6.5982 -0.5284 -0.4512 -2.5624 -1.3641 -3.1795 17.8153 -4.0206 -5.6445 6.2915 4.6473 0.6057 -3.7075 1.1078 3.4479 -13.8760 -0.7357 0.0146 -0.0414 -0.0619 0.6923 -10.6603 -3.8996 -0.6668 -10.7410 3.7837 -5.3783 15.7670 -14.5077 -54.7468 -7.9358 -24.4533 0.2339 -0.4934 -98.0127 10.8808 23.8783 4.7315 -15.2461 10.8744 16.1555 -60.2921 1.7330 2.4095 -8.4773 18.6890 12.4596 72.7381 4.6721 17.2553 1.5411 -0.9764 92.4902 -5.1089 45.7997 29.3848 14.1377 7.1241 -16.1606 48.6360 -2.9546 -5.5868 -3.0678 -3.5314 2.8189 0.1112 22.0694 0.0334 -3.1606 -5.3315 5.6206 2.0285 -11.6463 -2.4817 -4.2759 -24.1038 7.7883 -0.0660 47.2037 0.1343 6.5049 0.6172 -8.3588 -1.5169 -4.9858 1.0829
7.6064 101.5490 445.2788 -0.6157 4.9151 1.2675 -0.2214 6.3453 -0.4396 -0.1335 -2.7429 -2.1024 -1.9406 17.2979 -4.2654 -6.1266 9.1706 4.9428 0.7067 -3.6655 1.5795 2.7172 -10.7551 0.3127 -0.0169 -0.0382 0.0298 0.6482 -10.6580 -3.8029 -0.6837 -10.7135 3.8797 -2.8560 16.3839 -13.5702 -57.8518 -6.9954 -25.7521 0.1531 -0.2148 -97.4529 11.0423 23.0724 5.7337 -15.2731 10.8751 16.1741 -60.5021 1.8036 2.2466 -10.0804 18.6063 11.6091 73.9290 5.3860 19.4259 1.8624 -0.3963 92.9300 -5.8129 43.6302 27.4738 14.3874 6.9968 -16.2956 48.4921 -3.1220 -5.6380 -0.5742 -1.5369 2.2199 -0.0128 25.0666 0.1312 -5.4480 2.4911 4.6676 2.2485 -16.9807 -2.6479 -2.8145 -23.5517 7.2717 -0.0489 31.8355 0.1504 7.0191 0.9089 -8.3212 -1.5011 -4.5166 1.0237
7.6098 101.8021 453.7759 -0.1014 4.2356 1.4159 -0.8974 6.2249 -0.5177 -0.1768 -2.9235 -2.5211 -1.5343 17.1788 -4.3801 -5.7864 11.2512 5.0798 0.7698 -3.5809 1.2932 2.1926 -8.0192 0.7940 -0.0455 -0.0497 0.0849 0.6396 -10.6834 -3.7665 -0.7315 -10.7393 3.9631 -0.4667 17.0473 -12.6379 -60.4360 -5.9218 -27.7677 0.4931 0.2027 -95.7294 10.2117 21.6235 7.0607 -15.2419 10.9261 16.1784 -60.4901 1.7611 2.1869 -10.4209 18.7484 10.9578 74.9639 5.1401 20.9347 2.1046 0.0296 93.0027 -6.9759 42.1156 25.8881 14.7543 6.9342 -16.4422 48.7869 -3.2825 -5.6527 -0.9415 -1.6682 -1.1920 -0.0071 32.4346 0.1435 -8.7968 8.6464 4.2457 2.1517 -14.3923 -2.4038 -3.6263 -20.4624 7.3836 -0.0478 15.9408 0.1444 6.8252 0.6884 -6.9421 -1.4803 -3.8661 1.0527
7.5088 100.9949 461.9555 1.4945 3.1828 1.5671 -1.7312 6.2333 -0.3762 -0.3155 -3.0278 -2.5559 -1.8232 17.2892 -3.9764 -5.4858 12.6682 5.1380 0.5613 -3.4753 1.2928 2.0192 -5.8928 0.3830 -0.0405 -0.0602 0.0786 0.6743 -10.7103 -3.7899 -0.7580 -10.7564 3.9749 0.2720 17.0147 -11.6447 -62.0689 -4.9088 -28.9786 0.8719 0.3301 -92.5927 8.1985 18.9664 8.1648 -15.2749 11.1196 16.3080 -60.5390 1.7546 2.1835 -9.3158 18.7451 10.7469 75.3310 4.4937 22.0349 1.9934 -0.0344 92.6774 -7.2837 42.9288 25.5321 14.9016 7.0344 -16.5672 49.4330 -3.0941 -5.7501 -3.4423 -3.6473 -5.7735 0.1404 43.5008 0.3890 -10.7282 9.5880 8.1621 1.9282 -7.2691 -2.1271 -5.1370 -18.7542 7.6856 -0.1134 9.6899 0.1226 7.5527 0.3947 -4.8098 -1.4422 -3.6337 1.1081
7.3655 99.1543 469.5755 1.1056 1.9178 0.8016 -0.5272 6.6225 0.0078 -0.2342 -2.8964 -1.7290 -1.9804 17.1827 -2.9877 -6.0528 13.5470 5.0044 0.1758 -3.4689 1.2472 2.1756 -5.4403 -0.1126 0.0056 -0.1008 0.0086 0.7178 -10.7718 -3.8734 -0.7059 -10.7917 3.8979 -0.2314 16.2731 -10.0042 -64.5959 -4.9272 -27.4778 0.9083 0.4359 -87.6073 9.0355 19.6591 11.1254 -15.4661 11.4134 16.7416 -60.6239 1.7688 2.2896 -7.8843 18.4224 11.5785 74.7578 3.0070 22.5012 1.9296 -0.2846 92.1045 -7.2396 46.4755 25.6401 15.1273 7.1683 -16.6305 49.6659 -2.9162 -5.7358 -3.0667 -6.9575 -6.2664 0.2989 56.1967 0.6258 -11.2771 5.9206 12.8123 2.0164 -5.0643 -2.1945 -3.7529 -19.5199 6.5994 0.0740 17.4143 0.1960 3.5192 1.8566 -2.3246 -1.4606 -1.3620 0.9388
7.3599 97.1160 476.7970 -0.5245 0.6479 0.3466 1.0891 7.4658 0.4371 0.0388 -2.6929 -0.5847 -0.9993 17.4274 -2.3185 -7.4989 13.5182 5.0098 0.3512 -3.5030 0.7775 1.6371 -8.2027 0.0907 -0.0098 -0.0915 -0.0155 0.7632 -10.6900 -3.8707 -0.7883 -10.6907 3.8537 0.7826 16.4255 -7.2652 -70.7550 -8.1740 -22.0862 0.2985 0.2570 -82.9393 15.5768 24.3387 16.9153 -15.2739 11.4177 16.4405 -60.1808 1.8828 2.3132 -8.5495 18.4932 12.7315 74.1679 -0.2409 23.6049 1.5380 -0.5117 92.3381 -8.5695 49.1174 23.4379 15.0443 7.1939 -16.3748 49.7450 -2.9805 -5.5635 -0.0052 -11.3159 -4.5458 0.2088 66.3556 0.3439 -12.3941 1.7778 12.9780 2.1113 -4.6289 -2.2922 -1.2938 -19.5835 6.0122 0.0771 29.4241 0.5489 3.0743 -8.4479 -1.8697 -1.4569 0.4561 0.8888
7.7702 96.9877 484.5594 -1.7960 0.3236 1.6417 2.1482 7.1566 0.7016 0.2204 -2.6053 0.0684 0.1776 18.3027 -1.7335 -7.5888 13.6804 4.9590 0.0554 -3.5695 0.3545 1.6340 -8.0219 -0.4788 -0.0577 -0.0842 0.0567 0.6870 -10.6284 -3.7780 -0.8106 -10.6105 3.9191 0.8273 16.9002 -5.6874 -76.0382 -9.0156 -16.9402 0.4206 -0.5347 -81.1505 23.6783 24.1556 21.5207 -15.2940 11.0717 15.9898 -59.3060 1.8631 2.2657 -6.7549 18.4661 14.3926 71.4285 -2.7261 24.4600 0.4153 -0.5471 92.1985 -8.9996 53.1182 21.4946 15.1767 7.2334 -16.0237 49.6678 -2.8470 -5.3081 2.9959 -16.8236 -4.3251 0.1030 69.3262 0.1534 -13.0380 -0.4798 12.0762 2.0834 -4.8872 -2.3448 0.4927 -14.1256 4.9894 0.1078 29.3405 0.5395 3.0301 -12.9848 -1.8592 -1.4668 0.1902 0.9023
8.3349 97.7762 491.4813 -1.3268 0.4934 3.9600 2.0701 6.9314 0.7170 0.1306 -2.7240 0.6522 0.6740 18.2073 -1.2614 -6.2264 15.1842 4.7112 -0.3887 -3.6305 -0.4153 1.7464 -6.5318 -1.5047 -0.0673 -0.1016 0.0869 0.6603 -10.6000 -3.7289 -0.8026 -10.5832 3.9296 2.7349 16.9476 -4.7810 -80.0320 -6.2654 -16.1471 0.8993 -1.0876 -82.6108 27.0010 21.1391 21.3954 -15.3844 10.9419 15.7370 -59.2591 1.7556 1.9811 -6.0558 18.0773 15.5669 71.2937 -4.0089 23.9356 -0.0694 -0.3060 93.2143 -7.4040 53.6697 21.6674 15.0520 7.2724 -15.8560 49.7345 -2.7760 -5.1926 3.2184 -22.1474 -4.6214 0.0529 65.1947 0.0923 -13.6723 -1.5792 12.5169 1.8779 -4.7505 -2.2457 0.5061 -7.1052 4.1406 0.0257 25.3280 0.4781 3.4699 -13.4914 -3.4718 -1.4657 -1.1905 0.9937
8.9894 98.7892 498.3262 0.2413 0.9307 6.0565 1.4916 6.8541 0.6146 -0.0849 -2.8575 1.3162 0.5086 17.6379 -0.8497 -4.6872 17.0683 4.0621 -0.8684 -3.6393 -1.1600 1.7916 -5.2049 -2.5517 -0.1147 -0.1241 0.1688 0.6252 -10.5578 -3.6226 -0.8639 -10.5407 4.0017 5.8402 17.4960 -4.0189 -82.6265 -3.4705 -18.4385 0.8923 -0.8946 -84.9861 26.5224 18.9265 19.3606 -15.4283 10.9260 15.8358 -59.6623 1.7700 1.9497 -7.4936 18.1001 15.7726 73.6599 -5.1378 22.3499 0.6377 -0.5167 95.0709 -7.6431 49.3720 22.2096 14.9076 7.1856 -15.8044 49.7119 -2.8448 -5.1531 0.9600 -26.2079 -4.1639 0.0892 55.5909 0.0563 -14.4759 -1.4565 14.1726 1.7602 -4.9548 -2.1093 -0.6114 -2.1984 3.7024 -0.1280 24.1237 0.3632 4.2364 -10.2253 -4.5898 -1.4885 -6.2738 1.1059
9.6827 99.9020 505.4350 1.6849 1.2481 7.3305 0.8222 6.8112 0.4965 -0.2363 -2.8632 1.7034 0.2987 17.2707 -0.2874 -3.5605 18.8371 3.5115 -1.0376 -3.6217 -1.9064 1.4817 -3.9899 -2.9296 -0.1342 -0.1273 0.1886 0.5973 -10.6114 -3.6214 -0.8743 -10.6279 4.0472 8.6354 17.8821 -3.5182 -84.1264 -2.1511 -20.9869 0.6097 -0.2752 -86.2559 24.3703 18.0496 16.9514 -15.4218 10.9973 16.1698 -60.0618 1.8388 2.0943 -8.9961 18.6038 15.5717 75.5180 -5.7678 21.0084 1.5924 -0.6805 96.7240 -8.4846 43.9006 22.1765 14.8249 7.2065 -15.7911 49.6996 -2.8285 -5.1732 -1.8193 -27.9264 -3.3912 0.1698 43.4462 0.0476 -14.5355 -0.6805 15.1799 1.7690 -5.1426 -2.1976 -1.9490 -1.3079 3.2308 -0.1322 29.0038 0.3205 4.7775 -2.8473 -3.4988 -1.5540 -15.4021 1.2614
10.4049 100.7335 512.7037 1.7750 0.9390 8.0685 0.6562 7.0094 0.4496 -0.2166 -2.8113 1.4182 0.3236 17.3839 0.2651 -2.5516 20.1620 3.1178 -1.0160 -3.5851 -1.8446 0.9878 -2.8678 -2.8029 -0.1449 -0.1170 0.1831 0.5807 -10.7126 -3.6575 -0.8769 -10.7447 4.0764 9.9774 18.2233 -3.7290 -84.2519 -2.2971 -21.7038 0.2620 0.0202 -86.2248 23.0677 18.1074 16.0240 -15.2961 11.1165 16.2935 -60.2058 1.9042 2.2261 -8.9694 19.3550 15.3523 75.7842 -6.2771 20.9858 1.9619 -0.3954 98.0487 -7.9025 38.8592 20.9672 14.8990 7.2915 -15.8076 49.8379 -2.8480 -5.1940 -3.1439 -27.3382 -2.2624 0.1298 32.7800 -0.0962 -13.9725 2.5598 13.2400 1.6829 -5.1276 -2.3148 -1.7728 -3.6188 3.7503 -0.0727 38.7520 0.3125 4.8142 7.3297 -1.9517 -1.5984 -19.1329 1.3360
10.9976 100.8283 519.9327 0.5718 0.3151 8.5597 0.9147 7.2664 0.1228 -0.2023 -2.8164 0.9237 0.6175 17.7633 0.0818 -1.6530 20.8358 3.0841 -0.7165 -3.5979 -1.3128 0.6960 -1.8534 -2.3945 -0.1984 -0.1115 0.2331 0.5333 -10.8204 -3.6149 -0.9352 -10.8345 4.1522 9.1330 18.3806 -4.6761 -82.6292 -3.0535 -20.3523 0.1092 0.0782 -85.8903 22.0198 17.8662 16.0134 -15.1785 11.1681 16.1418 -60.0650 1.9253 2.1048 -7.5606 19.4256 14.9794 74.7825 -6.5318 22.1876 2.1734 0.0506 99.5333 -6.7129 35.3854 18.4719 15.0297 7.3530 -15.8859 49.6246 -3.0977 -5.1298 -2.9557 -25.5747 -1.1787 0.0803 27.2383 -0.0706 -10.0437 10.0558 9.7295 1.6622 -5.1174 -2.2617 0.0742 -7.7010 4.8924 -0.0335 49.9718 0.5740 5.6056 13.4749 -2.1132 -1.4046 -9.1416 1.1294
11.6872 99.9246 526.7087 -0.6799 -0.2522 8.1652 0.9488 7.3817 -0.0853 -0.2076 -2.8390 0.1663 0.7690 18.1967 -0.7476 -1.2943 20.9753 3.3799 -0.2406 -3.6064 -0.4947 1.0087 -2.1223 -1.9357 -0.1897 -0.1061 0.2214 0.5395 -10.9238 -3.6360 -0.9296 -10.9216 4.1532 6.1377 18.4867 -6.1693 -79.6398 -4.3338 -17.2495 0.1823 -0.1495 -86.7114 21.1517 18.2548 17.5698 -15.1385 11.1920 16.3349 -60.1086 1.9545 2.1139 -5.7125 18.9648 14.4626 73.5232 -6.3027 23.0203 2.4078 0.5602 101.9670 -4.9371 32.7304 16.2359 15.1794 7.4268 -15.9125 49.5714 -3.1218 -5.1531 -2.4081 -22.1197 -0.2877 -0.0373 27.7878 0.3146 -1.7244 5.9363 9.2200 1.8112 -4.7589 -2.0603 1.0385 -12.8511 5.0675 0.0207 60.0219 0.6843 4.5483 9.0722 -3.8004 -1.4362 -5.3926 1.1017
12.6003 98.6023 533.2977 -1.0262 -0.4220 6.6574 0.4664 7.5980 -0.2585 -0.2038 -2.7491 -0.6349 0.4603 18.2698 -1.8041 -1.5821 19.9832 3.5420 0.1745 -3.6490 0.2446 1.0727 -3.8054 -0.6789 -0.0715 -0.1234 0.0815 0.6463 -10.8731 -3.7870 -0.7967 -10.8739 3.9814 3.0472 18.6429 -7.7238 -77.4793 -6.9430 -12.5888 -0.0286 -0.4393 -88.0637 23.0064 19.0611 19.2183 -15.0421 11.2278 16.4907 -59.9392 1.9020 2.2645 -4.6769 18.5797 13.7821 72.5782 -5.9555 22.7692 2.4848 0.5051 105.4802 -2.7890 30.1426 14.8003 14.9249 7.5247 -15.9933 49.9185 -2.7551 -5.1076 -2.5436 -16.6580 -0.9029 0.0088 28.1843 0.3501 -0.1484 -6.4475 11.9925 1.7246 -1.1328 -2.0181 -0.4551 -19.0808 4.1170 0.2478 65.0928 0.6789 2.4388 4.3562 -4.9468 -1.4354 -5.0121 1.0594
13.4800 97.6416 539.8283 -0.3623 -0.5386 5.3877 -0.4582 8.0837 -0.4943 -0.1912 -2.4693 -1.1013 -0.4960 18.9322 -2.8983 -1.5526 17.9760 3.7013 0.2671 -3.6633 0.9826 1.2544 -6.2142 0.0377 -0.0081 -0.1193 0.0039 0.7160 -10.6875 -3.8314 -0.7382 -10.6693 3.8500 2.5324 18.9303 -9.2665 -78.0815 -10.2964 -7.6114 -0.5890 -1.0011 -90.1920 28.1138 19.8058 20.9233 -15.2792 11.1419 16.3233 -59.6750 1.7849 2.1300 -5.4585 19.0637 12.9194 73.0550 -7.6372 21.5350 2.2911 -0.1950 109.2686 -2.8191 27.2062 13.7454 14.8003 7.4641 -16.1158 50.3370 -2.7115 -5.1864 -3.7948 -14.0767 -1.8705 0.1935 32.3148 0.3096 -1.5596 -12.2670 14.1140 1.7184 -1.2605 -2.2950 -3.0594 -24.3867 3.7586 0.2502 63.0356 0.5714 2.6738 0.8092 -4.2090 -1.4054 -4.5844 0.9513
14.1431 97.4479 546.3089 -0.4110 -0.5563 4.5847 -0.5544 8.6451 -0.3425 -0.0802 -2.0427 -1.3365 -1.0876 19.5474 -3.4086 -1.8653 16.7329 3.9926 0.1992 -3.6598 1.0238 1.3793 -7.3760 0.3883 0.0237 -0.1330 -0.0544 0.7806 -10.6051 -3.8776 -0.7344 -10.5598 3.7657 3.0908 18.8117 -9.9993 -80.1878 -11.8906 -4.6770 -0.7531 -1.5196 -91.8807 32.9594 19.3142 22.7686 -15.5900 10.9692 15.9987 -59.5125 1.8004 1.8030 -6.7753 19.9205 12.9810 74.7317 -10.7852 19.6758 2.0658 -0.6255 111.7666 -5.0201 24.1962 12.5274 14.8649 7.4098 -16.1311 50.8101 -2.8401 -5.0606 -3.6143 -14.0254 -2.1123 0.1441 39.5595 0.2408 -3.5488 -11.1190 12.1151 1.9788 -6.6098 -2.6605 -3.3618 -26.6658 4.2715 0.1211 53.6457 0.5776 4.5449 -1.3661 -3.5989 -1.3825 -4.3738 0.8420
14.6492 97.6494 552.4225 -0.7680 -0.4876 4.5324 -0.2224 9.2228 0.0440 0.0600 -1.5995 -1.3412 -1.1604 20.1244 -2.8516 -2.1610 16.0757 4.2196 -0.1282 -3.5649 0.4034 2.0524 -6.9382 -0.1342 0.0260 -0.1059 -0.0694 0.7677 -10.6805 -3.9330 -0.7152 -10.6174 3.7902 3.6743 18.4112 -9.7007 -81.8206 -11.4818 -5.0591 -0.8521 -1.5497 -92.0924 35.0736 19.5675 25.6606 -15.7558 10.8300 15.9518 -59.3376 1.8734 1.7703 -7.9870 19.9240 13.9722 77.3871 -14.4729 17.6682 1.8577 -0.9319 112.4658 -10.0977 21.1671 11.3754 14.8001 7.3151 -16.0376 50.9618 -2.9533 -4.9527 -2.4263 -17.3567 -3.0253 -0.1190 50.2997 0.1566 -5.1174 -1.9449 7.2047 2.3653 -15.4487 -2.8655 -2.4693 -25.0139 6.7238 0.1305 40.1360 0.6743 5.1098 -1.2534 -4.5594 -1.4195 -4.2608 0.8820
14.9451 97.5882 559.3982 -0.9120 -0.7928 5.6738 0.1690 9.9623 0.3219 -0.0511 -1.3243 -0.8148 -0.9476 20.6731 -1.7335 -1.7106 15.9081 4.0661 -0.6467 -3.4559 -0.3409 3.1350 -6.1024 -1.3846 -0.0191 -0.0760 -0.0047 0.7005 -10.7776 -3.8913 -0.7358 -10.6920 3.8897 4.4110 18.2758 -8.4189 -82.0167 -9.7998 -9.0365 -0.4490 -0.8361 -90.8239 33.3657 20.9757 28.0536 -15.9112 10.8634 15.9147 -59.6640 2.0616 1.7469 -8.4314 19.3684 15.3269 79.3091 -17.6435 16.0133 1.6217 -0.7746 111.4057 -16.7820 18.0351 11.5625 15.0344 7.3328 -15.7458 50.9596 -2.9768 -4.7054 -0.8993 -22.7800 -6.2588 -0.1152 61.6873 0.1561 -9.2931 9.8109 1.5370 2.2055 -11.2879 -2.4258 -1.3092 -20.4424 10.3658 -0.0468 32.1896 0.4507 3.2045 -2.3700 -8.5695 -1.4785 -3.0177 0.8547
15.1681 97.1141 566.1337 -1.2539 -1.1016 7.4015 0.7540 10.6870 0.6176 -0.1623 -1.2088 0.3780 -0.4975 20.9524 -0.7468 -1.0731 15.7247 3.5936 -0.9286 -3.4244 -0.8874 3.8871 -7.1236 -3.0285 -0.0473 -0.0383 0.0306 0.6871 -10.7589 -3.8519 -0.7805 -10.6761 3.9220 4.8410 18.5482 -6.2410 -80.5561 -7.8794 -14.8603 0.5590 0.0436 -88.5232 27.8133 26.3746 27.9018 -16.0711 10.8420 15.7955 -60.1617 2.0577 1.5801 -8.1429 18.7111 16.9466 78.5597 -19.4523 14.4270 2.1056 -0.8706 109.0845 -19.6631 18.9773 12.8883 15.0680 7.2303 -15.6704 50.3612 -2.8728 -4.4575 1.0122 -28.1572 -11.1094 -0.1235 69.1736 -0.1610 -11.1411 9.5106 1.7282 1.9449 -5.4471 -2.1783 0.6385 -14.1660 9.4691 -0.2299 30.3750 0.2999 2.9445 -10.6516 -11.1182 -1.4828 -1.0247 0.8288
15.5437 96.6260 572.8988 -1.7643 -0.7196 8.8255 1.1597 10.9175 1.0481 -0.1016 -1.0274 1.6071 0.0531 21.6580 0.2599 -0.7610 14.1563 3.4503 -0.8633 -3.5483 -1.8563 4.4234 -8.7684 -4.7271 -0.0304 -0.0592 0.0217 0.7060 -10.6651 -3.8432 -0.7693 -10.5977 3.8894 3.6389 18.3082 -4.9282 -77.8248 -6.2536 -18.3058 0.5822 0.7197 -87.0139 23.7386 29.3479 26.5076 -16.0600 10.9445 15.8187 -60.6298 2.0906 1.3173 -6.1132 18.2741 19.1776 73.1125 -19.5031 14.3991 1.9983 -0.7199 106.0872 -18.6784 24.7400 13.9906 14.6645 7.1722 -15.8509 49.7621 -2.5604 -4.7446 3.6648 -33.0095 -15.4700 -0.1214 69.0402 -0.4139 -7.7904 2.4248 9.7475 1.8892 -4.1939 -2.1892 2.2146 -8.6963 6.9743 -0.3449 28.2578 0.1921 3.3712 -15.9711 -11.3668 -1.4508 -0.5143 0.8250
16.0644 96.2918 580.1335 -0.8115 0.3384 10.1653 0.5955 10.4821 1.2538 -0.2082 -0.9774 2.3222 -0.0931 22.3034 1.1798 -0.5264 12.9582 3.3656 -0.9728 -3.5962 -2.4770 4.8613 -9.5367 -6.3612 -0.0390 -0.0666 0.0632 0.6894 -10.6076 -3.7725 -0.7720 -10.5430 3.9065 2.4600 17.6042 -4.3220 -75.6097 -5.2134 -20.0882 0.4713 0.6909 -86.2572 23.2423 29.9028 25.8239 -15.6649 10.8944 15.9203 -60.3067 1.9801 1.4199 -4.4350 18.2132 20.6722 68.1664 -17.6705 13.3227 2.0656 -0.6352 103.6883 -18.8013 30.5104 13.6752 14.6061 6.9668 -15.8044 49.3298 -2.9796 -5.0580 4.5238 -36.2792 -18.3648 0.2294 59.7352 -0.2140 -3.4826 -4.0748 19.5086 1.8481 -3.7303 -2.2782 1.5720 -4.5317 4.2103 -0.2779 27.5088 0.0059 4.3046 -18.9649 -10.7635 -1.4652 -1.5203 0.9143
16.8120 95.7015 587.7152 0.7525 1.0355 11.5796 -0.3426 9.8134 1.0890 -0.3721 -1.1047 2.7024 -0.9330 22.4207 1.7389 -0.1061 13.3109 3.0933 -1.3923 -3.6481 -2.8185 5.6533 -9.4892 -7.8332 -0.0573 -0.0610 0.0751 0.6910 -10.6020 -3.7404 -0.8108 -10.5271 3.9082 3.2299 17.5637 -4.0725 -74.4845 -5.5575 -22.0281 0.6163 0.3689 -86.4065 23.1388 32.8025 26.5302 -15.1707 10.9516 15.7550 -59.9188 2.3159 1.2742 -3.4444 18.6490 20.6316 65.8811 -13.7974 11.6525 1.4173 -0.4200 102.1653 -20.1787 33.7193 12.9666 14.8554 7.2214 -15.8968 49.7164 -2.9805 -5.5303 3.3321 -35.1470 -18.2686 0.3446 43.3246 -0.1079 0.0210 -6.5267 22.1434 1.7483 -4.1350 -2.1205 -0.0965 -1.5954 0.7865 -0.0725 30.8317 0.0421 6.0621 -18.8587 -9.1980 -1.5463 -5.4154 1.2608
17.5394 94.3597 595.9953 0.8395 0.2330 12.3609 -0.8988 9.6634 0.8413 -0.5267 -1.3757 2.6684 -0.6392 21.6531 2.1094 -0.3376 15.2277 2.7741 -1.1391 -3.3736 -3.1891 5.9713 -9.6180 -7.9078 -0.0565 -0.0082 0.0715 0.6897 -10.5730 -3.7469 -0.8113 -10.5271 3.9109 5.1900 17.9176 -4.4580 -74.4674 -7.1292 -24.0551 0.2498 0.4382 -86.5976 21.9537 36.3327 25.6472 -15.1218 11.1983 16.1088 -59.5759 2.0445 2.0283 -3.5670 19.5114 18.9367 64.8357 -8.0979 10.5045 1.6420 -0.5062 101.0634 -19.8002 32.4849 12.9268 14.7739 7.3678 -16.0743 49.9514 -2.8279 -5.3935 1.8561 -30.8345 -14.7318 -0.0844 34.9263 -0.2647 -2.4465 -2.9511 16.2130 1.8038 -1.6896 -1.8034 -0.3949 -1.5587 -0.8485 -0.0816 41.9280 0.1130 6.9988 -13.1068 -5.5600 -1.6949 -14.0133 1.5098
18.4999 93.8763 603.6443 2.3318 -1.2667 13.5445 -1.8583 9.8990 0.3117 -1.0469 -1.5515 2.0424 -1.8935 21.7437 0.7469 0.0179 16.6048 2.6385 -1.0887 -3.4962 -3.0539 6.6489 -10.9331 -8.0272 -0.0270 -0.0670 0.0328 0.7263 -10.6147 -3.7976 -0.7881 -10.6173 3.8725 3.6924 18.5914 -6.5569 -68.3433 -9.7346 -26.5350 -0.1457 0.3975 -87.1273 19.8810 35.2757 21.5339 -15.0613 11.2686 16.5443 -59.3836 1.9452 2.2737 -1.9774 20.5805 16.9984 63.1397 -2.2357 9.8588 1.3532 -0.4188 102.0072 -16.6970 30.1791 12.2824 15.0504 7.3685 -16.3773 49.4112 -2.9510 -5.3098 -1.5595 -27.9031 -10.0296 0.1963 42.3915 -0.0817 -3.5805 -11.5442 13.0342 1.7036 -1.8207 -1.9404 -2.1741 -5.6680 -0.3375 -0.0959 57.9279 0.1975 7.5082 1.0195 -2.7877 -1.6815 -14.3988 1.4105
19.4407 93.9811 610.9332 4.3556 -2.4273 13.2590 -2.7430 10.1636 -0.1445 -1.3857 -1.7853 0.8514 -4.3225 21.9487 -1.4603 -0.3775 17.6871 3.3069 -0.9812 -3.6693 -2.8825 6.7847 -11.4344 -7.2225 -0.0755 -0.0742 0.0917 0.6622 -10.6356 -3.7276 -0.8243 -10.6680 3.9426 1.2611 18.8723 -8.7878 -60.4319 -11.5113 -28.2317 -0.0824 -0.2142 -88.5062 18.8789 34.8681 18.9705 -15.1706 11.3868 16.7041 -59.7851 1.7559 2.2292 -3.4675 21.3930 13.8184 64.2588 2.8152 10.8427 1.9792 -0.3955 103.6683 -12.6229 27.1208 12.3861 15.1151 7.3822 -16.3744 49.5534 -3.1263 -5.4118 -4.2040 -21.9044 -5.0863 0.1285 43.4055 0.1164 -3.4932 -16.1255 9.4742 1.6497 -1.9272 -2.0272 -5.1683 -12.6667 2.7996 0.3355 73.3724 0.8391 9.7704 9.8336 -0.3963 -1.4197 -5.7972 1.1285
20.1787 94.6952 619.0375 4.1695 -2.7588 11.9749 -2.6890 9.9592 -0.5430 -1.3759 -1.8224 -0.4356 -5.3829 21.4857 -3.5373 -1.6843 18.6154 3.9251 -0.4426 -3.6742 -2.3367 6.0057 -11.0814 -5.5450 -0.0745 -0.0719 0.0974 0.6348 -10.6186 -3.7147 -0.7968 -10.6647 3.9430 -0.3228 18.2548 -10.3858 -55.7329 -12.3442 -26.8220 0.0772 -0.4648 -91.8004 17.3963 35.5488 18.3350 -15.5468 11.3275 16.6869 -60.4385 1.6084 2.3214 -6.0268 21.3692 10.8723 65.9867 7.5596 13.4995 1.9561 -0.3951 105.4942 -8.9637 25.9423 11.3782 15.1556 7.4631 -16.4964 49.8056 -3.4012 -5.7008 -3.3405 -14.9051 -2.3885 0.0072 41.0898 0.0572 -3.7386 -19.0375 7.1844 1.6925 -2.4549 -2.1023 -6.2722 -20.7709 6.3561 1.9086 82.6819 2.3509 9.9098 7.8634 0.3639 -1.4446 -4.4883 1.1211
20.9136 95.9457 627.4847 2.7359 -2.4618 10.0078 -2.3076 9.6873 -0.8307 -1.1391 -1.8401 -1.6909 -5.2066 20.4876 -4.9388 -2.7621 19.9328 4.3031 0.1191 -3.7463 -1.3403 4.8759 -10.1473 -3.7413 -0.0448 -0.0728 0.0540 0.6523 -10.6445 -3.7621 -0.7533 -10.6906 3.8929 -0.3342 17.9834 -11.4314 -55.6264 -13.4893 -22.8743 -0.0120 -0.7897 -96.0159 17.8539 35.5625 17.4386 -15.6720 11.2654 16.5203 -60.7241 1.5666 2.2409 -8.0462 20.6635 8.5944 67.5890 11.1782 16.7108 1.5831 -0.2009 106.4607 -6.6645 26.5648 10.1537 15.0103 7.4437 -16.4539 49.6267 -3.5436 -5.7186 -1.0716 -8.0238 -0.8542 -0.0530 37.1046 -0.2795 -4.7850 -18.3523 6.3185 1.7563 -5.0934 -2.2327 -6.0336 -28.2473 8.7388 2.3635 81.8812 2.6985 9.5652 5.1277 -0.1634 -1.5081 -4.0893 1.1547
21.5609 97.5333 634.9911 0.9935 -1.9777 7.7601 -1.9704 9.4040 -0.9969 -0.9152 -1.7886 -2.6289 -4.3308 19.4871 -5.8572 -3.3732 21.5044 4.6401 0.5946 -3.7645 -0.0766 3.8043 -8.9892 -1.9323 -0.0348 -0.0582 0.0331 0.6672 -10.6088 -3.7798 -0.7411 -10.6516 3.8628 1.0783 18.0480 -11.7080 -59.3581 -13.9083 -18.5997 -0.2620 -1.0364 -100.2092 19.2617 33.6772 15.8847 -15.4935 11.2488 16.1928 -60.4332 1.6050 2.1559 -9.0955 19.6950 7.0735 68.9941 12.9571 19.2268 1.6457 0.0192 106.2588 -5.7230 28.5007 8.6910 14.9647 7.4617 -16.6512 49.4791 -3.5991 -5.8123 1.2862 -2.3069 0.1232 0.0356 33.7687 -0.5370 -5.9948 -12.6252 5.6612 1.9940 -12.1808 -2.5334 -4.8203 -32.5885 9.6962 0.8409 72.2038 1.2090 9.7961 3.6647 -1.0153 -1.5122 -4.0361 1.1676
22.0347 99.2668 642.8694 -0.6503 -1.4873 5.8131 -1.6569 9.0300 -0.9416 -0.6381 -1.7411 -3.3716 -3.2308 18.8668 -6.2384 -3.4014 22.9693 4.6638 0.5630 -3.7124 1.1673 3.4062 -7.6592 -0.6611 -0.0660 -0.0323 0.0732 0.6137 -10.6074 -3.7483 -0.7470 -10.6311 3.9228 2.7878 18.2426 -11.5521 -63.4943 -12.6724 -16.7642 -0.3646 -0.8851 -103.1686 18.7669 31.6411 14.6039 -15.3665 11.2362 16.0399 -60.5158 1.7166 2.0252 -9.3874 18.9533 6.0398 70.6767 13.2652 20.9991 1.6962 0.2506 105.1826 -5.8739 30.3358 7.3911 14.9162 7.4006 -16.7965 49.3312 -3.4767 -5.8801 3.2361 1.4242 0.1815 0.0434 33.0004 -0.6259 -7.0049 -2.8546 5.2940 2.3956 -20.9469 -2.9150 -3.0549 -32.8324 9.5530 0.2942 55.5078 0.7379 10.5177 3.9259 -1.9450 -1.4797 -3.9290 1.1146
22.5758 100.5578 651.6844 -0.7518 -1.5854 4.5870 -1.9758 8.7390 -0.9199 -0.5559 -1.7732 -3.7011 -2.5751 18.7206 -6.3217 -3.0329 23.9509 4.5695 0.6459 -3.5773 1.6696 3.0011 -6.3708 0.2875 -0.0530 -0.0100 0.0520 0.6132 -10.6224 -3.7877 -0.7177 -10.6239 3.9137 3.9779 18.4058 -11.2102 -66.7377 -10.5031 -17.5380 -0.2294 -0.4062 -104.0505 16.4606 30.3267 15.0073 -15.1658 11.1805 16.0563 -60.6197 1.7746 1.9309 -9.1606 18.7678 5.4212 72.8243 12.2929 21.6522 1.8848 0.3820 103.7168 -6.6292 31.1999 7.0237 15.1221 7.3856 -16.9014 49.3137 -3.4134 -5.8186 2.5423 3.0797 -2.4384 -0.0186 36.2934 -0.4928 -8.1556 9.1632 6.5370 2.5261 -22.7338 -2.7884 -2.9519 -28.4982 9.7040 0.1449 34.7733 0.6042 10.7952 5.3027 -2.7389 -1.4678 -3.7533 1.0785
23.0034 100.7534 660.2728 0.7330 -2.1370 3.8262 -2.8521 8.4670 -0.8186 -0.6850 -1.9814 -3.6868 -2.4289 18.8053 -5.9468 -2.4826 24.3165 4.5584 0.6991 -3.4596 1.8309 2.5081 -5.3896 0.8229 -0.0328 -0.0136 0.0232 0.6629 -10.6708 -3.8344 -0.7270 -10.6603 3.8966 4.6580 18.5133 -10.8386 -70.4439 -8.8159 -17.8344 -0.2059 -0.2841 -102.8449 15.4474 29.2360 16.7506 -15.1258 11.1379 16.0605 -60.5261 1.8706 1.8631 -8.4777 18.7857 5.2744 74.6310 10.5738 21.9204 1.8388 0.3139 102.2658 -7.2402 31.8942 7.3234 15.2095 7.3315 -16.9587 49.4079 -3.5097 -5.7558 -0.9040 2.1828 -6.4262 0.0591 44.7014 -0.2182 -8.9146 16.2765 10.7206 2.1181 -11.0810 -2.2129 -4.3455 -22.7550 10.6720 -0.0097 18.4671 0.5187 10.8019 7.1058 -3.2039 -1.4437 -3.4330 1.1192
23.2585 99.7223 668.2098 1.5854 -2.8819 3.0015 -2.7654 8.3861 -0.5211 -0.6968 -2.1369 -3.2525 -2.4064 18.7065 -4.7606 -2.2783 23.7854 4.1442 0.5182 -3.3501 2.1739 2.2870 -5.6503 1.0161 -0.0338 -0.0185 0.0179 0.6705 -10.6428 -3.8373 -0.7360 -10.6016 3.8871 5.4074 18.7978 -10.0847 -75.3442 -8.0662 -16.3025 -0.3639 -0.7532 -100.0977 18.4775 26.9575 18.6050 -15.2361 11.2243 16.2029 -60.3604 2.0252 2.1109 -7.5890 18.4971 5.6574 75.4774 7.9854 22.7207 1.4533 0.3205 100.8050 -7.6439 33.6631 8.1185 15.1802 7.3551 -16.9100 49.6289 -3.4713 -5.7476 -3.1701 -1.1917 -8.3336 0.2378 57.2879 0.1279 -9.5288 15.9759 14.5662 2.1329 -4.4122 -2.1319 -4.1557 -19.2962 10.6325 -0.0364 14.8073 0.4652 8.7914 8.8970 -3.0983 -1.4478 -2.6636 1.0704
23.1380 97.8292 675.8106 0.6228 -3.9797 2.3059 -1.4039 9.0185 -0.0945 -0.5285 -2.1419 -2.1976 -1.8780 18.7101 -3.6026 -2.3153 22.0589 3.9056 0.2950 -3.2713 2.3896 1.8373 -7.7168 1.2686 -0.0242 -0.0221 0.0016 0.7026 -10.5892 -3.8421 -0.7505 -10.5169 3.8556 6.5274 19.0794 -8.5908 -80.3740 -7.5176 -13.9350 -0.3244 -1.1825 -96.9432 23.7494 24.3328 19.7780 -15.3415 11.1754 16.2687 -59.6925 1.9353 2.4161 -6.2471 17.9398 7.0740 74.4573 4.0796 24.0765 1.1628 0.3881 100.4648 -7.8266 37.1184 8.5040 15.4315 7.3548 -16.7467 49.9629 -3.3913 -5.5981 -1.6671 -5.5641 -7.7463 0.3572 69.7189 0.3026 -10.7099 11.0556 14.1289 2.2893 -3.3743 -2.2068 -1.5137 -18.1599 10.1649 0.0578 23.2841 0.5388 5.4751 1.2567 -3.3748 -1.4920 -0.7527 1.0185
23.0379 96.2879 682.8756 -1.8970 -4.8163 2.5321 0.4004 9.6351 0.3604 -0.1099 -1.9833 -1.2295 -0.2757 19.9812 -2.6387 -2.7145 19.2908 4.0025 0.3048 -3.4299 1.8512 0.7756 -10.3475 1.9221 -0.0083 -0.0500 -0.0401 0.7305 -10.5510 -3.8602 -0.7488 -10.4978 3.7899 6.6582 19.6151 -7.0084 -83.1667 -7.3175 -11.9931 -0.1782 -1.1423 -94.3061 29.0547 23.1789 21.1063 -15.7002 11.0900 16.2714 -59.7102 1.7640 2.3675 -3.6266 18.0171 9.3250 69.9520 -2.1941 25.5684 1.3319 0.2826 100.7803 -8.5403 40.8783 8.1582 15.2326 7.3609 -16.4624 50.0276 -2.9681 -5.3350 3.0111 -12.1520 -7.6938 -0.0249 79.0730 -0.1053 -11.2582 7.1935 11.0985 2.3333 -3.2955 -2.2480 2.8547 -17.1410 8.8127 0.0359 31.5833 0.6215 3.2268 -6.6510 -4.5163 -1.4475 0.5264 0.9988
23.0026 95.8902 690.0066 -3.3280 -4.8889 3.5537 1.3139 9.4541 0.5965 0.0570 -1.8138 -0.5404 1.1843 21.3703 -1.7039 -2.5425 17.7983 3.8578 -0.1419 -3.5200 1.8662 -0.0300 -10.7358 2.0711 -0.0316 -0.0481 -0.0126 0.6890 -10.5743 -3.8263 -0.7562 -10.5138 3.8192 6.7089 20.1075 -6.0240 -84.3315 -5.9033 -11.1888 0.2121 -1.2978 -93.1034 32.9421 23.8055 23.3711 -16.1539 10.9560 16.2763 -59.5904 1.7557 2.2208 -1.1913 17.6148 11.4248 65.5949 -9.5617 27.2644 1.2353 0.1346 100.0105 -11.9581 45.6908 5.6316 15.0089 7.4555 -16.3119 49.8618 -2.6667 -5.1052 6.4267 -20.2140 -8.8485 -1.0450 82.4462 -1.1666 -11.6969 4.1751 7.4320 2.1977 -3.6811 -2.2526 5.4416 -12.8175 7.0365 0.0805 32.5587 0.5648 2.2406 -11.7343 -4.7678 -1.4336 1.0078 1.0185
22.9772 95.9621 696.6134 -3.1066 -4.1261 4.2366 1.4322 9.4730 0.9929 -0.0842 -1.8102 0.2634 1.9187 21.2059 -0.7589 -2.0666 17.7353 3.5868 -0.4786 -3.5147 1.7823 -0.3322 -10.5779 1.4418 -0.0715 -0.0396 0.0657 0.6373 -10.5620 -3.7345 -0.7856 -10.5008 3.8930 8.2107 19.7927 -5.2127 -85.2273 -2.3174 -12.2516 0.4292 -1.1247 -95.3100 30.5644 24.0888 22.0929 -16.0861 10.7465 16.1769 -59.5140 1.6631 1.9469 -1.6865 16.7899 13.1879 65.9843 -16.5528 26.1329 1.4746 -0.2798 100.4300 -16.5753 45.1486 2.7743 14.4392 7.3685 -16.0256 49.5015 -2.6168 -4.7836 7.1645 -28.7137 -9.1231 -0.6259 79.6184 -0.6732 -12.0879 2.5279 7.4073 1.9469 -3.9041 -2.1486 5.9921 -7.4874 6.5759 -0.0038 30.0505 0.4051 1.7970 -15.2649 -4.7414 -1.4372 0.8198 1.0003
23.0319 96.5281 703.5754 -1.6797 -2.7649 4.4892 1.0088 9.4153 1.2457 -0.2935 -1.9008 1.2564 1.7234 20.3700 0.0582 -1.8712 18.1396 3.1543 -0.6289 -3.5923 1.5519 -0.0676 -10.5417 0.4547 -0.1016 -0.0524 0.1272 0.5985 -10.5792 -3.6670 -0.8097 -10.5123 3.9565 9.4340 19.3906 -4.7058 -84.9838 1.1957 -14.3482 0.4754 -0.4639 -98.8118 24.5071 24.0297 18.5486 -15.5477 11.0171 16.3328 -60.0168 1.6347 1.7146 -3.4455 16.2491 14.6323 68.9045 -21.4033 22.7124 2.0467 -0.8834 102.0926 -19.9799 40.1128 2.1760 14.0394 7.1953 -15.8406 49.1976 -2.7816 -4.6559 5.2887 -35.6540 -7.6755 0.1554 71.3612 0.1169 -11.6336 0.5150 10.9894 1.8223 -4.0377 -2.0569 5.2497 -1.9571 7.1268 -0.1681 25.8157 0.3039 1.5476 -16.0385 -5.4420 -1.4385 -0.5411 0.9633
23.4867 97.4672 710.6402 0.4462 -1.0837 4.7734 0.1985 8.9268 1.1837 -0.5355 -1.9921 2.0980 0.7693 19.6069 0.7282 -1.7705 18.8034 2.8212 -0.6256 -3.6531 1.1153 0.5845 -10.4092 -0.5211 -0.1283 -0.0515 0.1776 0.5624 -10.6359 -3.6293 -0.8310 -10.5705 4.0324 9.6845 19.1292 -4.3883 -83.8146 3.0849 -16.1002 0.4080 0.1676 -101.2597 20.1265 23.5216 16.2482 -15.1501 11.4356 16.5393 -60.7714 1.7282 1.6981 -5.0345 16.1492 15.4742 71.5508 -22.6131 19.1393 2.8919 -1.3021 104.2971 -21.2952 35.2700 3.5315 13.9340 7.1493 -15.8896 49.3350 -2.9619 -4.8982 1.7002 -39.2316 -5.4926 0.4342 58.3272 0.3844 -9.7224 -1.1470 15.0486 1.8067 -4.0457 -2.0997 3.6908 2.6239 7.5845 -0.2537 22.9859 0.1883 1.5199 -13.1407 -6.5581 -1.4739 -4.8386 1.0443
23.8833 98.4203 718.7288 1.7299 0.2227 5.1844 -0.2976 8.0894 1.0474 -0.6822 -2.0820 2.3357 -0.2470 19.1293 1.1726 -1.4571 19.9247 2.7658 -0.6346 -3.6523 0.6508 1.3194 -10.4232 -0.9963 -0.1575 -0.0301 0.2175 0.5043 -10.6739 -3.5956 -0.8320 -10.6081 4.0894 8.9459 19.1526 -4.2689 -82.3085 2.9807 -16.5053 -0.0852 0.2886 -101.9458 19.2609 23.5123 15.9836 -15.1304 11.6831 16.6653 -60.9931 1.7652 1.7918 -5.7274 16.8486 15.7750 72.0194 -20.4165 17.7860 2.8868 -1.1419 105.9118 -20.8951 31.9511 5.1398 14.0217 7.2324 -15.9594 49.6536 -3.0963 -5.0118 -0.5505 -38.4391 -4.1460 0.2950 43.2413 0.1977 -7.8109 -1.3952 16.3149 1.7530 -3.8194 -2.0533 2.9066 4.9937 7.3211 -0.2073 24.5230 -0.0243 1.1791 -5.9939 -6.3624 -1.6155 -13.8822 1.3561
24.2381 99.0532 727.1768 1.5914 0.7071 5.8062 -0.3518 7.4193 0.8579 -0.7258 -2.2872 1.9837 -0.7921 18.9227 1.2314 -1.0195 21.1640 2.8845 -0.5008 -3.6769 0.4202 2.0627 -9.7755 -1.1127 -0.1422 -0.0266 0.1771 0.4992 -10.7007 -3.6415 -0.7935 -10.6547 4.0521 7.2075 19.3423 -4.4632 -80.3667 1.4979 -16.6730 -0.3060 0.2150 -101.4382 20.3993 24.2511 16.6241 -15.0712 11.8122 16.7281 -60.7829 1.8477 1.9086 -5.1725 17.9494 15.7416 70.7504 -15.8229 18.0544 2.1785 -0.5862 106.3431 -18.9381 29.7103 6.5105 14.0830 7.4456 -16.0110 49.7533 -3.1909 -5.0400 -0.7664 -34.5116 -4.0134 0.1819 31.9174 0.0204 -6.6738 0.4069 14.6531 1.7015 -3.3103 -2.0483 3.5733 4.4894 6.6706 -0.2067 31.3293 -0.1774 1.4800 4.4147 -5.4460 -1.7958 -20.1825 1.5999
24.5029 98.8507 735.2116 0.8059 0.3902 6.5683 -0.4066 7.1568 0.4197 -0.8238 -2.5162 1.4353 -1.1615 18.8748 0.4638 -0.2959 21.8409 3.2045 -0.5213 -3.6598 0.5344 2.8313 -8.6425 -1.1116 -0.1450 -0.0056 0.1658 0.5180 -10.6423 -3.6386 -0.8146 -10.6057 4.0248 4.4321 19.6050 -5.2399 -77.4896 -0.7030 -17.3166 -0.2773 -0.0243 -101.5730 22.7987 25.5589 16.8624 -14.8567 11.5821 16.5461 -60.0458 1.9384 2.0212 -4.2114 19.1100 15.0461 68.8772 -10.2357 18.5174 1.4277 0.2534 105.4804 -15.4457 29.7999 7.6223 14.4300 7.5345 -16.1420 49.6130 -3.4495 -5.2234 0.1115 -29.0346 -5.2115 0.1424 27.2449 0.0315 -5.8164 3.0267 12.4140 1.7174 -2.7681 -2.1402 4.9807 1.4263 6.1780 -0.2657 42.8788 0.0172 3.8504 14.1882 -5.5617 -1.5638 -11.8259 1.2940
24.8271 97.5772 742.7510 0.3039 -0.0442 6.6363 -0.8428 7.0251 0.0720 -0.8686 -2.8482 0.5514 -1.6392 18.8831 -0.7463 -0.0483 22.2409 3.3787 -0.1313 -3.7360 0.7138 3.6109 -8.5599 -1.2131 -0.1179 0.0276 0.1255 0.5343 -10.7706 -3.7166 -0.7778 -10.7336 4.0121 1.0991 19.9536 -6.8991 -74.4151 -3.6379 -18.0585 0.0797 -0.4239 -102.5918 25.7973 29.7074 17.7669 -14.7241 11.3717 16.4117 -59.9426 1.8077 2.1985 -3.8197 19.9219 14.0318 67.1842 -4.9959 17.9818 1.2953 -0.0332 103.2049 -11.9186 32.8131 8.6337 14.9153 7.2813 -16.1971 49.4043 -3.5365 -5.5400 0.5954 -23.0851 -6.4248 -0.1211 27.6288 -0.0720 -4.1067 -2.7902 12.1871 1.7307 -0.7972 -2.0860 5.5424 -3.4331 5.8687 -0.1591 56.6743 0.2717 6.8035 14.9634 -6.0373 -1.3838 -4.9082 1.1106
25.2384 96.2726 748.5487 1.8567 -0.9983 6.8355 -2.2199 7.4275 -0.3486 -1.1484 -2.8191 -0.4454 -3.3281 19.9136 -2.3453 1.3395 21.5907 2.8535 -0.3165 -3.9183 0.9201 4.3653 -10.4443 -1.6832 -0.0632 -0.0380 0.0304 0.5803 -10.7559 -3.7916 -0.7130 -10.7147 3.8787 -1.0956 19.5268 -9.6287 -71.2200 -8.5511 -18.3358 -0.2839 -0.9026 -103.1586 30.2962 36.9518 21.2624 -15.3894 11.3656 16.3435 -60.4023 1.7853 2.3781 -3.2435 19.8612 12.3801 65.9816 -1.0166 16.7651 0.8004 0.3558 100.1284 -9.6616 38.7076 10.5790 14.8617 7.2103 -16.4312 49.4058 -3.2931 -5.9399 -1.8427 -20.3652 -7.3827 0.1200 33.7223 0.0104 -4.3902 -10.4783 13.4364 1.6769 -0.0711 -2.2887 2.6337 -9.5869 5.1389 0.0254 70.1404 0.7385 7.5180 10.5835 -7.2187 -1.4144 -3.5851 1.1064
