HIERARCHY
ROOT Hips
{
	OFFSET 0.0000 0.0000 0.0000
	CHANNELS 6 Xposition Yposition Zposition Zrotation Xrotation Yrotation
	JOINT Spine1
	{
		OFFSET -0.0137 5.0038 -0.0537
		CHANNELS 3 Zrotation Xrotation Yrotation
		JOINT Spine2
		{
			OFFSET -0.0000 7.1253 -0.0298
			CHANNELS 3 Zrotation Xrotation Yrotation
			JOINT Chest
			{
				OFFSET -0.0000 7.5501 -0.8160
				CHANNELS 3 Zrotation Xrotation Yrotation
				JOINT Neck1
				{
					OFFSET -0.1817 26.3113 -0.5533
					CHANNELS 3 Zrotation Xrotation Yrotation
					JOINT Neck2
					{
						OFFSET -0.0000 7.7094 2.3026
						CHANNELS 3 Zrotation Xrotation Yrotation
						JOINT Head
						{
							OFFSET -0.0000 6.1289 1.9537
							CHANNELS 3 Zrotation Xrotation Yrotation
							JOINT Jaw
							{
								OFFSET 0.0026 0.4756 3.0949
								CHANNELS 3 Zrotation Xrotation Yrotation
								End Site
								{
									OFFSET 0.0 1.0 0.0
								}
							}
							JOINT LeftEye
							{
								OFFSET 3.2064 5.3802 7.5869
								CHANNELS 3 Zrotation Xrotation Yrotation
								End Site
								{
									OFFSET 0.0 1.0 0.0
								}
							}
							JOINT RightEye
							{
								OFFSET -3.2224 5.3619 7.5582
								CHANNELS 3 Zrotation Xrotation Yrotation
								End Site
								{
									OFFSET 0.0 1.0 0.0
								}
							}
						}
					}
				}
				JOINT LeftShoulder
				{
					OFFSET 1.6217 23.2372 5.1134
					CHANNELS 3 Zrotation Xrotation Yrotation
					JOINT LeftArm
					{
						OFFSET 14.9198 0.0000 -5.5023
						CHANNELS 3 Zrotation Xrotation Yrotation
						JOINT LeftForeArm
						{
							OFFSET 28.7393 0.0000 -0.0026
							CHANNELS 3 Zrotation Xrotation Yrotation
							JOINT LeftHand
							{
								OFFSET 27.0940 -0.0000 0.0026
								CHANNELS 3 Zrotation Xrotation Yrotation
								JOINT LeftHandThumbEnd
								{
									OFFSET 12.2686 -3.2202 4.8331
									CHANNELS 3 Zrotation Xrotation Yrotation
									End Site
									{
										OFFSET 0.0 1.0 0.0
									}
								}
								JOINT LeftHandMiddleEnd
								{
									OFFSET 19.0120 -0.3129 -0.0340
									CHANNELS 3 Zrotation Xrotation Yrotation
									End Site
									{
										OFFSET 0.0 1.0 0.0
									}
								}
							}
						}
					}
				}
				JOINT RightShoulder
				{
					OFFSET -1.3801 23.1803 5.2142
					CHANNELS 3 Zrotation Xrotation Yrotation
					JOINT RightArm
					{
						OFFSET -15.0372 0.0000 -5.5456
						CHANNELS 3 Zrotation Xrotation Yrotation
						JOINT RightForeArm
						{
							OFFSET -28.7366 0.0000 -0.0026
							CHANNELS 3 Zrotation Xrotation Yrotation
							JOINT RightHand
							{
								OFFSET -27.1336 -0.0000 0.0026
								CHANNELS 3 Zrotation Xrotation Yrotation
								JOINT RightHandThumbEnd
								{
									OFFSET -12.2642 -3.2115 4.8040
									CHANNELS 3 Zrotation Xrotation Yrotation
									End Site
									{
										OFFSET 0.0 1.0 0.0
									}
								}
								JOINT RightHandMiddleEnd
								{
									OFFSET -19.0006 -0.3066 -0.0316
									CHANNELS 3 Zrotation Xrotation Yrotation
									End Site
									{
										OFFSET 0.0 1.0 0.0
									}
								}
							}
						}
					}
				}
			}
		}
	}
	JOINT LeftLeg
	{
		OFFSET 10.0432 -8.4345 2.5957
		CHANNELS 3 Zrotation Xrotation Yrotation
		JOINT LeftShin
		{
			OFFSET -0.0000 -43.2218 -0.8029
			CHANNELS 3 Zrotation Xrotation Yrotation
			JOINT LeftFoot
			{
				OFFSET 0.0000 -42.1551 -3.4815
				CHANNELS 3 Zrotation Xrotation Yrotation
				JOINT LeftToeBase
				{
					OFFSET 0.0000 -5.0595 13.2315
					CHANNELS 3 Zrotation Xrotation Yrotation
					End Site
					{
						OFFSET 0.0 1.0 0.0
					}
				}
			}
		}
	}
	JOINT RightLeg
	{
		OFFSET -10.0473 -8.2953 2.6203
		CHANNELS 3 Zrotation Xrotation Yrotation
		JOINT RightShin
		{
			OFFSET 0.0000 -43.3622 -0.8056
			CHANNELS 3 Zrotation Xrotation Yrotation
			JOINT RightFoot
			{
				OFFSET 0.0000 -42.1174 -3.4784
				CHANNELS 3 Zrotation Xrotation Yrotation
				JOINT RightToeBase
				{
					OFFSET -0.0000 -5.0796 13.2842
					CHANNELS 3 Zrotation Xrotation Yrotation
					End Site
					{
						OFFSET 0.0 1.0 0.0
					}
				}
			}
		}
	}
}
MOTION
Frames: 240
Frame Time: 0.033333
-1.5643 100.2224 4.9549 0.5652 2.4687 0.0167 -0.1642 -0.1344 -0.1584 -0.5243 -4.8022 -0.4494 0.3298 6.8959 -2.3393 -1.6368 1.1038 3.1653 -0.7570 -3.6555 -0.0762 1.2604 -6.9247 -1.5957 0.0226 -0.0053 0.0074 0.7514 -10.6300 -3.8628 -0.7098 -10.6969 3.8753 -13.4735 11.3708 -6.8896 -62.7299 2.3002 -13.9148 0.2211 0.3512 -32.4768 0.2683 4.6165 6.1497 -16.0157 10.5920 15.6859 -60.4457 1.6134 2.4878 12.0193 11.2017 11.8015 65.1873 1.4907 18.0478 0.0372 0.2188 32.2657 1.3257 1.1259 -1.3017 15.4716 7.2207 -16.2778 49.6011 -3.8623 -5.2939 1.0603 -1.5840 3.7820 -0.0120 3.5170 0.1522 -3.1154 -5.0548 2.8598 1.6528 -1.2464 -1.8733 -0.4321 -2.7483 0.2776 -0.0252 3.7473 -0.0246 0.6948 -3.8509 -5.6039 -1.4215 -0.5915 1.1699
-1.5927 100.2291 5.2630 0.5617 2.6290 -0.1689 -0.1455 -0.1112 -0.1558 -0.5229 -4.7874 -0.3521 0.3031 6.8391 -2.3698 -1.6709 1.0320 3.1612 -0.7377 -3.6294 -0.0164 1.2253 -7.0982 -1.6533 0.0172 -0.0009 0.0189 0.7472 -10.6230 -3.8518 -0.7163 -10.6894 3.8882 -13.3268 11.3737 -6.8723 -62.9811 2.1475 -13.5193 0.1170 0.2792 -32.8155 0.3496 4.6657 6.1455 -15.9793 10.5842 15.6467 -60.4441 1.6343 2.4264 11.8438 11.2479 11.8658 65.3453 1.2446 18.2183 0.0418 0.1976 32.2259 1.4989 1.0613 -1.2995 15.4984 7.2127 -16.3115 49.7225 -3.8533 -5.3137 1.0487 -1.7641 3.7587 -0.0249 3.7825 0.0993 -3.2372 -5.3784 3.0795 1.6501 -1.3678 -1.9121 -0.4251 -3.0617 0.4074 -0.0279 4.2042 -0.0102 0.7431 -4.2004 -5.5715 -1.4246 -0.7285 1.1637
-1.6809 100.2229 5.6209 0.5538 2.8093 -0.3843 -0.1288 -0.0875 -0.1622 -0.5092 -4.7955 -0.2998 0.2882 6.8292 -2.3274 -1.6936 0.9550 3.1752 -0.7320 -3.6428 -0.0314 1.2069 -7.2671 -1.7297 0.0158 0.0006 0.0138 0.7412 -10.6269 -3.8563 -0.7129 -10.6902 3.8819 -13.1650 11.4309 -6.8784 -63.2505 2.0256 -13.0538 0.0096 0.2210 -33.4267 0.4435 4.6041 6.2210 -15.9282 10.5913 15.6512 -60.4267 1.6258 2.4700 11.6471 11.3231 11.9421 65.5153 1.0186 18.3363 0.0355 0.1557 32.3749 1.6139 0.9572 -1.3289 15.5306 7.2359 -16.3297 49.7739 -3.8506 -5.3612 1.0434 -1.9786 3.7672 -0.0229 4.1335 0.0707 -3.2985 -5.7786 3.2656 1.6489 -1.4346 -1.9297 -0.4084 -3.3732 0.5887 -0.0266 4.6663 0.0006 0.8096 -4.5891 -5.5816 -1.4245 -0.8231 1.1618
-1.7503 100.2078 5.9250 0.5265 2.9923 -0.6120 -0.1089 -0.0658 -0.1508 -0.4870 -4.8156 -0.2817 0.2791 6.8217 -2.2781 -1.6999 0.9205 3.2099 -0.7360 -3.6601 -0.0361 1.2038 -7.4766 -1.8046 0.0167 -0.0019 0.0099 0.7350 -10.6301 -3.8591 -0.7046 -10.6921 3.8766 -13.0068 11.5375 -6.8805 -63.5155 1.9463 -12.6235 -0.0492 0.1971 -34.1427 0.4992 4.5086 6.2826 -15.8410 10.5912 15.6317 -60.3606 1.6105 2.4868 11.4301 11.4105 12.0091 65.7299 0.8149 18.4119 0.0106 0.1441 32.6050 1.7505 0.7184 -1.3402 15.5492 7.2631 -16.3369 49.7696 -3.8403 -5.4054 1.0802 -2.1740 3.8930 -0.0185 4.5036 0.0465 -3.3572 -6.2127 3.4046 1.6516 -1.4993 -1.9345 -0.3681 -3.5998 0.7700 -0.0227 5.0118 0.0025 0.8633 -4.9586 -5.5710 -1.4246 -0.9036 1.1541
-1.8260 100.1836 6.2380 0.4695 3.1792 -0.8210 -0.0732 -0.0732 -0.1565 -0.4665 -4.8348 -0.2710 0.2842 6.8231 -2.2403 -1.6765 0.9196 3.2374 -0.7485 -3.6722 -0.0609 1.2258 -7.6962 -1.8478 0.0167 0.0005 0.0046 0.7299 -10.6181 -3.8617 -0.6996 -10.6782 3.8670 -12.8630 11.6864 -6.8784 -63.7451 1.8633 -12.2805 -0.1074 0.1813 -34.8066 0.5046 4.4312 6.3325 -15.7340 10.5986 15.5961 -60.2918 1.6074 2.4676 11.2130 11.4750 12.0142 65.9683 0.6483 18.3994 -0.0397 0.1534 32.9190 1.9221 0.5077 -1.3466 15.5578 7.2798 -16.3349 49.7490 -3.8321 -5.4197 1.1721 -2.3122 4.0876 -0.0137 4.8493 0.0379 -3.4525 -6.6802 3.4441 1.6541 -1.5082 -1.9247 -0.2737 -3.7417 0.9446 -0.0233 5.2663 0.0022 0.9144 -5.3126 -5.5607 -1.4239 -0.9426 1.1437
-1.9124 100.1413 6.5802 0.3892 3.3618 -1.0796 -0.0327 -0.1015 -0.1348 -0.4471 -4.8597 -0.3035 0.2998 6.8426 -2.2226 -1.6433 0.9198 3.2638 -0.7470 -3.6830 -0.0466 1.2650 -7.8650 -1.8551 0.0173 0.0036 0.0027 0.7309 -10.6059 -3.8625 -0.6991 -10.6637 3.8644 -12.8059 11.8152 -6.8878 -63.8416 1.8758 -12.0855 -0.1439 0.1619 -35.3395 0.3562 4.4502 6.4294 -15.6383 10.6300 15.5619 -60.2432 1.6320 2.4311 11.1115 11.5226 11.9965 66.1082 0.5893 18.2922 -0.0854 0.1818 33.3481 2.0777 0.2641 -1.2925 15.5439 7.2936 -16.3567 49.7122 -3.8314 -5.4223 1.3062 -2.3798 4.3473 -0.0101 5.1974 0.0311 -3.5742 -7.2046 3.4826 1.6593 -1.5172 -1.9212 -0.1456 -3.8224 1.1893 -0.0191 5.5305 0.0015 0.9555 -5.7226 -5.5368 -1.4258 -0.9862 1.1369
-2.0450 100.0824 6.9943 0.3016 3.5250 -1.3684 0.0148 -0.1439 -0.1350 -0.4323 -4.8802 -0.3223 0.3240 6.8852 -2.2378 -1.6233 0.9094 3.2847 -0.7386 -3.6923 -0.0203 1.3091 -8.0536 -1.8371 0.0167 0.0077 0.0037 0.7295 -10.6009 -3.8598 -0.6991 -10.6549 3.8625 -12.8206 11.9694 -6.9480 -63.8277 1.9621 -12.1452 -0.1516 0.1326 -35.7729 0.0657 4.5293 6.6122 -15.5852 10.6870 15.5427 -60.2627 1.6774 2.3820 11.1056 11.5879 11.9452 66.1936 0.6210 18.0439 -0.1555 0.2061 33.9502 2.2699 -0.0310 -1.1990 15.5343 7.2945 -16.3606 49.6767 -3.8282 -5.4258 1.4753 -2.3902 4.6505 -0.0094 5.6036 0.0325 -3.7315 -7.8254 3.4806 1.6643 -1.5312 -1.9185 0.0140 -3.8520 1.4350 -0.0160 5.8464 0.0125 0.9694 -6.2246 -5.5076 -1.4253 -1.0512 1.1296
-2.1866 100.0037 7.4335 0.1933 3.6951 -1.6411 0.0718 -0.1900 -0.1320 -0.4226 -4.9184 -0.3601 0.3554 6.9550 -2.2914 -1.5986 0.8439 3.2609 -0.7281 -3.6904 0.0287 1.3452 -8.2400 -1.8040 0.0159 0.0113 0.0113 0.7297 -10.5992 -3.8512 -0.7008 -10.6483 3.8696 -12.8618 12.1203 -7.0412 -63.7201 2.1053 -12.4205 -0.1376 0.1304 -36.2627 -0.3512 4.6888 6.9447 -15.5823 10.7464 15.5370 -60.3325 1.7271 2.3627 11.2138 11.6837 11.8880 66.2211 0.7491 17.5995 -0.2017 0.2308 34.6771 2.4909 -0.4288 -1.0375 15.5204 7.3027 -16.3634 49.6320 -3.8148 -5.4122 1.6966 -2.4160 4.9881 -0.0065 6.1465 0.0237 -3.9461 -8.5758 3.4778 1.6662 -1.5615 -1.9186 0.2131 -3.8470 1.6772 -0.0130 6.2078 0.0235 0.9497 -6.8282 -5.4804 -1.4237 -1.1286 1.1316
-2.3540 99.8973 7.9538 0.0623 3.8839 -1.8600 0.1211 -0.2379 -0.1433 -0.4178 -4.9459 -0.4005 0.4074 7.0312 -2.4003 -1.5457 0.7132 3.2593 -0.7261 -3.6809 0.0543 1.3781 -8.4269 -1.8035 0.0144 0.0161 0.0255 0.7284 -10.5917 -3.8352 -0.7024 -10.6385 3.8834 -12.8486 12.2813 -7.1535 -63.6171 2.1998 -12.7674 -0.1422 0.1083 -37.0058 -0.8036 4.9198 7.2797 -15.5455 10.8183 15.5559 -60.3617 1.7818 2.3532 11.3709 11.8335 11.8159 66.2284 0.9491 16.9460 -0.1906 0.2411 35.5058 2.7704 -0.8362 -0.8686 15.4980 7.2965 -16.3509 49.5562 -3.8307 -5.3938 1.9653 -2.4501 5.3624 -0.0036 6.7663 0.0098 -4.1978 -9.4271 3.3999 1.6679 -1.5861 -1.9110 0.4665 -3.7966 1.9005 -0.0139 6.5553 0.0347 0.9218 -7.5385 -5.4805 -1.4209 -1.1793 1.1297
-2.5559 99.7880 8.5740 -0.0844 4.1059 -2.0675 0.1655 -0.2758 -0.1675 -0.4132 -4.9755 -0.4655 0.4728 7.1073 -2.5091 -1.4887 0.5252 3.2453 -0.7200 -3.6728 0.0914 1.4196 -8.6069 -1.8066 0.0131 0.0159 0.0364 0.7261 -10.5840 -3.8228 -0.7024 -10.6312 3.8934 -12.7592 12.4481 -7.2714 -63.5736 2.2015 -13.0539 -0.1737 0.1005 -38.2410 -1.1661 5.1287 7.5215 -15.4962 10.8626 15.5954 -60.3858 1.8097 2.3387 11.5075 12.0152 11.7449 66.2327 1.3623 16.2842 -0.1804 0.2497 36.4580 3.1054 -1.3064 -0.7235 15.5037 7.3079 -16.3525 49.5206 -3.8239 -5.3733 2.2642 -2.4437 5.7488 -0.0021 7.3008 -0.0187 -4.4481 -10.2709 3.2838 1.6704 -1.5992 -1.9041 0.7491 -3.7111 2.0984 -0.0161 6.8451 0.0396 0.9103 -8.2445 -5.4744 -1.4185 -1.2004 1.1336
-2.7762 99.6851 9.3312 -0.2022 4.4116 -2.2628 0.1810 -0.3122 -0.1948 -0.4110 -5.0130 -0.5624 0.5308 7.1867 -2.6159 -1.4224 0.2331 3.2093 -0.7172 -3.6619 0.1279 1.4711 -8.7887 -1.8274 0.0120 0.0137 0.0473 0.7220 -10.5826 -3.8126 -0.7001 -10.6326 3.9054 -12.6026 12.5984 -7.4183 -63.5659 2.1468 -13.3314 -0.1620 0.0875 -40.1582 -1.4457 5.3204 7.6497 -15.4444 10.8988 15.6488 -60.4298 1.8256 2.3207 11.6467 12.2382 11.6466 66.1777 2.0620 15.5498 -0.1363 0.2288 37.6998 3.4902 -1.7707 -0.6364 15.5238 7.3265 -16.3662 49.4946 -3.8269 -5.3569 2.5478 -2.3742 6.1215 -0.0012 7.6617 -0.0401 -4.6684 -11.0632 3.1743 1.6701 -1.6306 -1.9008 1.0114 -3.6406 2.2278 -0.0181 7.1172 0.0513 0.9098 -9.0107 -5.4529 -1.4146 -1.2143 1.1430
-3.0452 99.5720 10.1946 -0.2691 4.8364 -2.4689 0.1536 -0.3497 -0.2143 -0.4143 -5.0466 -0.6672 0.5626 7.2323 -2.7568 -1.3165 -0.2017 3.1830 -0.7235 -3.6524 0.1409 1.5303 -8.9598 -1.8301 0.0109 0.0120 0.0551 0.7149 -10.5728 -3.8043 -0.6950 -10.6265 3.9137 -12.4003 12.7015 -7.6151 -63.5393 2.0198 -13.5376 -0.1404 0.0750 -42.7153 -1.6169 5.4338 7.5981 -15.3597 10.9311 15.7092 -60.4004 1.8364 2.2850 11.7941 12.4694 11.5243 66.0705 3.0594 14.7090 -0.0695 0.2076 39.2644 3.9833 -2.1629 -0.6637 15.5345 7.3347 -16.3821 49.4555 -3.8382 -5.3538 2.7848 -2.2086 6.4479 -0.0027 7.6980 -0.0564 -4.8823 -11.7248 3.0873 1.6700 -1.6990 -1.9010 1.2243 -3.6310 2.2837 -0.0186 7.3921 0.0470 0.9143 -9.8128 -5.3925 -1.4120 -1.2493 1.1485
-3.3207 99.4627 11.1208 -0.3031 5.3894 -2.6643 0.1013 -0.3930 -0.2442 -0.4215 -5.0812 -0.7702 0.5812 7.2609 -2.9498 -1.2002 -0.7666 3.1637 -0.7292 -3.6550 0.1360 1.6237 -9.1753 -1.8233 0.0094 0.0068 0.0550 0.7049 -10.5685 -3.8049 -0.6878 -10.6249 3.9148 -12.1643 12.7434 -7.8663 -63.4591 1.8054 -13.6792 -0.0680 0.0409 -45.7413 -1.6752 5.5834 7.3912 -15.2539 10.9655 15.7779 -60.3008 1.8563 2.2346 11.9412 12.6858 11.3696 65.8936 4.3576 13.7938 0.0110 0.1849 41.1761 4.5032 -2.5689 -0.7587 15.5209 7.3426 -16.4015 49.3910 -3.8459 -5.3634 2.9865 -1.9359 6.7021 -0.0030 7.3702 -0.0622 -5.0842 -12.2395 3.0619 1.6707 -1.8121 -1.8961 1.4093 -3.6943 2.3205 -0.0182 7.6637 0.0361 0.8692 -10.6206 -5.2980 -1.4101 -1.3233 1.1484
-3.6166 99.3285 12.1698 -0.2716 6.0549 -2.8622 0.0061 -0.4371 -0.2810 -0.4313 -5.1267 -0.8968 0.5621 7.3065 -3.1772 -1.0736 -1.5043 3.1260 -0.7209 -3.6680 0.1609 1.7288 -9.4217 -1.8171 0.0067 -0.0018 0.0458 0.6963 -10.5770 -3.8158 -0.6843 -10.6305 3.9089 -11.8816 12.7437 -8.1826 -63.3141 1.4522 -13.6732 0.0295 0.0072 -49.1059 -1.5902 5.8788 7.0357 -15.1493 11.0237 15.8625 -60.2084 1.8976 2.1576 12.0361 12.9153 11.1864 65.6974 5.8642 12.7885 0.1150 0.1390 43.4692 4.9912 -2.9426 -0.8520 15.4942 7.3671 -16.4192 49.3564 -3.8520 -5.3617 3.1175 -1.5040 6.8589 -0.0053 6.6483 -0.0679 -5.2725 -12.5981 3.1470 1.6711 -1.9102 -1.9023 1.5412 -3.8027 2.3592 -0.0173 7.9498 0.0333 0.7650 -11.4634 -5.2129 -1.4072 -1.4128 1.1350
-3.9606 99.1478 13.3314 -0.1810 6.8367 -3.1055 -0.1202 -0.4924 -0.3314 -0.4438 -5.1619 -1.0585 0.5037 7.3230 -3.4206 -0.9588 -2.3929 3.0740 -0.6981 -3.6714 0.2414 1.8369 -9.6609 -1.8003 0.0046 -0.0131 0.0357 0.6876 -10.5746 -3.8270 -0.6796 -10.6231 3.9006 -11.5906 12.6632 -8.5244 -63.1140 1.0272 -13.4211 0.1609 -0.0259 -52.5760 -1.3375 6.3666 6.5957 -15.0590 11.0793 15.9291 -60.0818 1.9421 2.1147 12.1044 13.1380 10.9728 65.4717 7.5437 11.7573 0.2573 0.0584 46.1166 5.3979 -3.2595 -0.8952 15.4591 7.3756 -16.4046 49.2720 -3.8658 -5.3636 3.1713 -0.9447 6.8161 -0.0121 5.6205 -0.0592 -5.4434 -12.8170 3.4059 1.6704 -1.9854 -1.9117 1.6199 -3.9394 2.3656 -0.0108 8.2168 0.0369 0.6127 -12.3275 -5.1427 -1.4051 -1.4943 1.1208
-4.3414 98.9152 14.5988 -0.1018 7.6962 -3.4093 -0.2377 -0.5175 -0.3675 -0.4379 -5.1942 -1.2712 0.4178 7.3391 -3.6398 -0.8486 -3.4181 3.0226 -0.6884 -3.6631 0.3606 1.9104 -10.0114 -1.7399 0.0029 -0.0255 0.0266 0.6802 -10.5710 -3.8365 -0.6753 -10.6166 3.8938 -11.2324 12.5891 -8.8758 -62.9767 0.4769 -12.7177 0.3005 -0.0163 -56.1590 -0.8944 6.7602 6.0910 -14.9731 11.1327 15.9617 -59.9700 1.9555 2.0737 12.0703 13.3607 10.7462 65.3061 9.2635 10.7809 0.4502 -0.0788 49.0482 5.7772 -3.6906 -0.8119 15.4309 7.4107 -16.4385 49.2701 -3.8746 -5.3881 3.2093 -0.4417 6.5354 -0.0127 4.7575 -0.0390 -5.6612 -13.1367 3.9281 1.6674 -2.0450 -1.9334 1.7244 -4.0958 2.4677 -0.0060 8.5143 0.0352 0.4161 -13.2408 -5.1021 -1.4026 -1.5356 1.1065
-4.7900 98.6299 16.0635 -0.1154 8.6283 -3.8262 -0.3151 -0.5309 -0.3981 -0.3973 -5.2132 -1.5272 0.3458 7.3718 -3.7812 -0.7803 -4.5234 3.0255 -0.6828 -3.6631 0.5429 1.8805 -10.4902 -1.5968 0.0024 -0.0399 0.0144 0.6751 -10.5715 -3.8505 -0.6713 -10.6132 3.8834 -10.7886 12.5313 -9.1542 -63.0813 -0.1600 -11.3153 0.2976 -0.0259 -59.6930 -0.1446 6.6744 5.4879 -14.8826 11.1476 15.9534 -59.8504 1.9270 2.0462 11.9145 13.5789 10.5493 65.2249 10.8267 10.0529 0.6687 -0.2130 52.0065 6.1224 -4.3723 -0.6625 15.4300 7.4333 -16.4925 49.2536 -3.8964 -5.4152 3.2869 -0.1480 5.8627 -0.0084 4.3980 -0.0117 -5.8011 -13.6859 4.9365 1.6662 -2.0671 -1.9759 1.9382 -4.2519 2.6204 -0.0065 8.8133 0.0382 0.1476 -14.1592 -5.0464 -1.4004 -1.5686 1.0838
-5.2515 98.2544 17.6914 -0.3504 9.5681 -4.4046 -0.2889 -0.4901 -0.4481 -0.3265 -5.1943 -1.7192 0.3648 7.4249 -3.8192 -0.7985 -5.6256 3.0943 -0.6575 -3.7064 0.7816 1.6967 -11.1380 -1.3404 0.0048 -0.0557 0.0073 0.6742 -10.5784 -3.8578 -0.6660 -10.6161 3.8739 -10.0990 12.5885 -9.2519 -63.6460 -0.7285 -9.4114 0.1647 -0.0874 -63.1314 0.7446 5.9928 4.9195 -14.7663 11.1389 15.9314 -59.7371 1.8988 2.0486 11.5274 13.7710 10.4412 65.3650 12.0001 9.7077 0.8472 -0.3174 54.6847 6.4601 -5.3347 -0.5309 15.4520 7.4606 -16.5353 49.2357 -3.9203 -5.4196 3.5206 -0.3420 4.7906 0.0125 5.2423 0.0079 -5.8456 -14.7432 6.5775 1.6662 -2.0815 -2.0207 2.3971 -4.3849 2.8030 -0.0129 9.1658 0.0316 -0.1754 -15.1145 -4.9718 -1.4001 -1.6034 1.0552
-5.7316 97.7551 19.4238 -0.9703 10.3535 -5.2063 -0.0939 -0.2874 -0.4361 -0.2270 -5.1371 -1.8180 0.5676 7.5404 -3.7748 -0.9124 -6.6062 3.2217 -0.5847 -3.7727 1.0367 1.3599 -12.0134 -0.8890 0.0100 -0.0683 0.0011 0.6800 -10.5863 -3.8650 -0.6617 -10.6179 3.8670 -9.1170 12.8792 -9.0968 -64.7498 -1.0710 -7.4202 0.0214 -0.1295 -66.1526 1.4766 5.0267 4.5442 -14.7084 11.0993 15.9025 -59.7221 1.8709 2.0498 10.8886 14.0019 10.5508 65.7675 12.4703 9.8759 0.9488 -0.3286 56.6194 6.6578 -6.4764 -0.4546 15.4817 7.4888 -16.5370 49.2306 -3.8958 -5.3841 4.0545 -1.3999 3.4000 0.0555 8.3446 -0.0016 -5.7790 -16.5477 8.8444 1.6796 -2.2095 -2.0709 3.2385 -4.4369 2.9931 -0.0337 9.7349 -0.0042 -0.5026 -16.1187 -4.7834 -1.4079 -1.7074 1.0128
-6.2467 97.0915 21.2576 -2.0755 10.7974 -6.1395 0.2815 0.1449 -0.3669 -0.0994 -4.9180 -1.6620 0.9938 7.7733 -3.7568 -0.9767 -7.4430 3.3161 -0.5361 -3.8003 1.3681 0.9195 -13.1475 -0.2699 0.0104 -0.0831 -0.0427 0.6836 -10.6011 -3.9138 -0.6651 -10.6361 3.8272 -7.7390 13.4011 -8.6095 -66.4684 -1.2841 -5.2781 -0.4303 -0.1309 -68.5169 2.1504 3.8869 4.1135 -14.7141 11.0062 15.8837 -59.7766 1.8402 2.1164 9.9474 14.2797 10.9218 66.4633 12.1176 10.7974 0.7895 -0.2127 57.7389 6.5551 -7.3706 -0.5848 15.5072 7.5230 -16.6099 49.2039 -3.8184 -5.4393 4.9963 -3.6663 1.7912 0.1371 14.7901 0.0221 -5.5475 -19.0189 11.8832 1.7319 -2.5057 -2.1371 4.5786 -4.4372 3.0400 -0.0682 11.0118 -0.1022 -0.7657 -17.3969 -4.2665 -1.4239 -1.7462 0.9624
-6.7280 96.1909 23.0869 -3.4810 10.5264 -6.8815 0.7763 1.0073 -0.1967 -0.0554 -4.6100 -1.3485 1.7337 8.2409 -3.5278 -0.9879 -7.8091 3.3880 -0.3905 -3.8020 1.2456 0.3158 -14.5766 0.5216 0.0094 -0.0807 -0.0497 0.6894 -10.6025 -3.9218 -0.6706 -10.6377 3.8202 -6.2779 14.3255 -8.1301 -68.5436 -1.3410 -3.8441 -0.5150 -0.2690 -69.9088 2.8890 1.9954 3.7375 -14.7878 11.0313 15.8808 -59.7084 1.8878 2.0283 8.8166 14.6533 11.3003 67.1178 10.7776 11.9724 0.8013 0.0968 58.3074 5.9025 -8.3128 -0.8842 15.5198 7.5096 -16.5590 49.2841 -3.7228 -5.3048 6.2018 -7.3493 0.4887 0.2072 25.4282 -0.0291 -5.2316 -21.0232 15.2926 1.8198 -3.6365 -2.2647 6.2476 -4.0519 2.4704 -0.0618 13.3525 -0.1184 -0.8600 -19.1004 -3.7134 -1.4352 -2.0440 0.8711
-7.1912 95.1435 24.9723 -4.5642 9.6250 -7.2327 0.9996 2.0925 -0.0144 0.0321 -4.1831 -1.0445 2.2697 8.9679 -3.1239 -0.7912 -7.8053 3.3127 -0.2278 -3.7425 1.1122 -0.1532 -16.0944 1.0040 0.0102 -0.0555 -0.0476 0.6899 -10.6124 -3.9328 -0.6690 -10.6621 3.8342 -5.3569 15.2024 -7.6638 -70.0438 -1.1084 -2.5491 -0.7904 -0.4784 -70.3750 3.7797 0.6904 3.2505 -14.8858 11.0491 15.9321 -59.8460 1.8463 1.9953 8.3362 14.9002 11.8970 67.1873 8.7032 13.0889 0.7337 0.1859 58.6163 4.8480 -8.4990 -1.1243 15.6006 7.5086 -16.6324 49.5314 -3.6313 -5.2887 7.2461 -11.9963 -0.3821 0.2051 39.0016 -0.1415 -4.4271 -21.4317 17.9395 1.8654 -5.5100 -2.4009 7.5724 -3.2555 1.5581 -0.0331 16.5162 -0.1329 -0.8853 -21.2026 -2.8801 -1.4405 -2.0230 0.7992
-7.6633 94.0054 27.0442 -5.1825 8.3230 -7.1469 1.0434 3.3137 0.1496 0.0017 -3.7367 -0.7450 2.5876 9.8538 -2.5696 -0.5057 -7.6141 3.1054 -0.0995 -3.7276 0.9170 -0.4341 -17.3061 1.2349 0.0064 -0.0318 -0.0540 0.6783 -10.5906 -3.9431 -0.6656 -10.6460 3.8306 -5.1059 15.9884 -7.2160 -70.9016 -0.5421 -1.4739 -1.0641 -0.6466 -70.1447 4.8754 -0.2391 2.4707 -14.8878 11.0516 15.9621 -60.0856 1.8536 2.0797 8.4702 14.9154 12.5262 66.7459 6.0896 14.0053 0.6968 0.1750 59.0450 3.4249 -8.2797 -1.0747 15.6801 7.4845 -16.6396 49.7770 -3.5347 -5.2415 8.3299 -17.3486 -1.2445 0.0787 53.7545 -0.2897 -3.7659 -20.1263 18.4620 1.9090 -6.5372 -2.4709 8.3874 -2.2170 0.2472 -0.0017 20.7181 -0.1058 -0.8144 -23.5620 -2.0545 -1.4400 -2.3335 0.8015
-8.0982 92.7601 29.3727 -5.1483 7.0234 -6.6847 0.9204 4.4461 0.2953 -0.1324 -3.3377 -0.4192 2.5619 10.8127 -1.9755 -0.2425 -7.5237 2.7531 -0.0691 -3.6289 0.9055 -0.4994 -18.3072 0.8322 0.0127 0.0041 0.0038 0.6744 -10.5773 -3.8893 -0.6507 -10.6303 3.8865 -5.5972 16.5259 -6.8206 -71.0034 0.8378 -0.7123 -1.0879 -0.7163 -69.7558 6.2339 -0.7107 1.1972 -15.0070 10.9495 15.9160 -60.4647 1.8217 2.2958 8.9546 14.7675 13.2199 66.0115 3.2023 15.1041 0.3862 0.1961 60.1097 1.6640 -7.5298 -0.5927 15.7296 7.4082 -16.6121 50.0602 -3.4175 -5.2122 9.3527 -23.0086 -2.4409 -0.2074 67.2710 -0.5729 -4.6447 -19.0911 14.8182 1.9620 -6.0674 -2.4763 8.3782 -1.3294 -1.5291 -0.0544 26.0819 -0.1187 -0.6871 -25.8463 -1.0735 -1.4495 -3.3452 0.8556
-8.4894 91.4422 31.9380 -4.4433 6.0141 -6.0668 0.5703 5.4109 0.4576 -0.3026 -2.9574 -0.0697 2.2821 11.7361 -1.4186 -0.2642 -7.8531 2.6197 -0.2338 -3.6067 0.6415 -0.3244 -19.0815 -0.0064 0.0081 0.0309 0.0167 0.6627 -10.5515 -3.8673 -0.6509 -10.5993 3.8921 -6.6797 16.9253 -6.2664 -70.5611 2.9936 0.1984 -0.8411 -0.4836 -69.8630 7.3405 -1.0653 -0.3334 -15.1651 10.8181 15.8194 -60.6338 1.7594 2.5100 9.4574 14.6179 13.8682 64.9568 -0.2268 16.1076 0.2232 0.0757 62.3816 0.1023 -5.7222 0.2227 15.8868 7.3533 -16.6030 50.2626 -3.3896 -5.1154 9.8678 -28.6059 -3.6028 -0.8491 76.4754 -1.1576 -5.4591 -19.0011 9.9825 1.9718 -5.5413 -2.4117 7.4328 -0.7961 -3.5820 -0.1806 32.0103 -0.0911 -0.6271 -27.4730 0.0626 -1.4368 -5.1843 0.9512
-8.7686 90.1803 34.7308 -3.2111 5.6956 -5.4483 0.1465 6.0979 0.5983 -0.4460 -2.5901 0.3778 1.7279 12.3290 -0.8314 -0.6595 -8.7160 2.6518 -0.4421 -3.5469 0.1653 -0.1080 -19.8135 -0.8456 0.0057 0.0355 0.0294 0.6659 -10.5553 -3.8563 -0.6619 -10.5963 3.9082 -7.6549 17.3584 -5.6401 -70.1218 5.9201 1.7397 -0.5387 -0.1296 -71.0165 8.5465 -0.3633 -1.5378 -15.2096 10.6652 15.7132 -60.5776 1.6582 2.5064 9.1680 14.3789 14.2923 64.4134 -3.8759 16.9352 0.2650 -0.1068 67.0761 -0.9627 -3.4342 1.8101 16.0099 7.3003 -16.6049 50.4180 -3.4178 -5.0804 9.5219 -34.8849 -4.0896 -1.8401 80.6780 -2.0744 -5.6463 -19.4280 6.7477 1.9115 -5.3688 -2.3237 5.7639 -0.2634 -5.2236 -0.2685 36.5504 -0.0373 -0.7295 -28.1930 1.0023 -1.4242 -7.5966 1.0386
-8.9166 89.4064 37.9636 -1.5552 6.3090 -5.0887 -0.3286 6.3460 0.7014 -0.5872 -2.3090 1.0515 0.9245 12.4394 -0.2383 -1.4348 -9.8776 2.7647 -0.6434 -3.5298 -0.2901 0.2108 -20.4655 -1.7889 0.0049 0.0111 0.0424 0.6709 -10.6070 -3.8537 -0.6710 -10.6371 3.9325 -8.1518 17.6926 -4.7960 -69.9942 9.7167 4.1321 -0.3389 -0.1233 -73.6251 10.2168 1.5364 -2.3724 -15.2519 10.4809 15.5814 -60.3251 1.5140 2.2608 8.0910 14.1469 14.7497 64.4720 -7.4223 17.3637 0.4044 -0.4596 74.8354 -1.5312 -1.7538 4.4826 15.9702 7.2595 -16.4833 50.3918 -3.3839 -5.0098 7.7002 -41.6876 -3.2343 -1.8466 79.8411 -2.0316 -5.5624 -19.5503 5.5024 1.8331 -5.3906 -2.2433 3.5763 0.6331 -6.1633 -0.3306 38.0914 0.0303 -0.7982 -27.8896 1.7264 -1.4309 -10.1806 1.1049
-8.8905 89.6574 41.9637 0.5703 7.8369 -4.8840 -0.9783 6.0420 0.7517 -0.7829 -2.2396 1.9825 -0.0893 12.0963 0.3714 -2.4899 -10.9122 2.9598 -0.8052 -3.5739 -0.8326 0.6900 -20.5743 -2.8314 0.0132 -0.0220 0.0741 0.6649 -10.6763 -3.8259 -0.6503 -10.7020 3.9657 -8.3099 17.6372 -3.7622 -69.9065 14.1668 6.9283 -0.1745 -0.5630 -77.5481 11.5198 2.9774 -3.4730 -15.2801 10.3605 15.4900 -59.9811 1.3502 1.9635 6.7968 14.0714 15.5409 64.7006 -10.6383 17.2141 0.6407 -0.9491 84.6470 -2.2044 -1.7332 7.8554 15.8059 7.2014 -16.2031 50.2633 -3.3397 -4.9201 3.7194 -47.7120 -0.6943 -0.9632 73.9573 -1.0748 -5.0950 -18.5038 5.5508 1.7941 -5.7664 -2.2164 0.8110 2.3799 -6.6669 -0.3654 35.5895 0.1926 -0.6157 -25.2584 2.3315 -1.4641 -13.8035 1.1673
-8.7499 90.9000 46.8214 2.8801 9.8392 -4.7135 -1.6450 5.1849 0.7834 -1.0723 -2.3901 3.0430 -1.2491 11.5395 1.0706 -3.5023 -11.5788 3.1658 -0.9698 -3.6227 -1.4794 1.2785 -19.7564 -4.0012 0.0232 -0.0363 0.0985 0.6556 -10.7239 -3.7999 -0.6222 -10.7481 3.9855 -8.5189 17.3255 -2.9322 -69.6695 18.3372 9.2854 0.0890 -1.0025 -81.4409 11.7893 3.0327 -4.8666 -15.2139 10.4406 15.5951 -59.8460 1.2783 1.8236 5.6097 13.8424 16.3929 64.6520 -12.7782 17.0925 0.9064 -1.1741 94.1256 -3.1113 -2.7203 10.8232 15.5082 7.2287 -16.0679 50.1291 -3.3326 -4.9562 -1.5832 -51.2936 2.7528 -0.2965 63.7830 -0.3052 -4.4761 -16.6087 5.7944 1.7838 -6.0412 -2.2198 -2.1608 5.5670 -6.9410 -0.3985 28.9293 0.4095 -0.2963 -18.6549 2.6173 -1.5357 -19.7285 1.2840
-8.5865 92.5900 52.6325 4.8874 11.7808 -4.4437 -2.2182 3.9933 0.8902 -1.2904 -2.7901 3.8377 -2.3499 10.8886 1.9964 -4.1555 -11.5108 3.1728 -1.0825 -3.6475 -1.8059 1.7555 -18.4189 -5.1389 0.0320 -0.0319 0.1511 0.6757 -10.7689 -3.7553 -0.6246 -10.7888 4.0427 -8.4890 17.2885 -2.3807 -69.9200 21.3376 11.0705 0.1925 -1.3889 -84.0621 11.2427 2.1439 -6.0955 -15.0920 10.5414 15.6927 -59.9767 1.2833 1.7813 4.2160 13.6079 16.8065 64.5959 -13.4712 17.6659 0.9020 -1.0477 101.6518 -4.2072 -3.0108 12.4200 15.3142 7.2620 -16.1052 50.1914 -3.4568 -5.0468 -6.3013 -52.1248 5.6763 -0.0879 51.8608 -0.0194 -4.2439 -14.2933 5.4080 1.7603 -6.1591 -2.2176 -4.7485 9.8403 -6.8827 -0.2886 20.0922 0.5149 -0.7662 -6.8998 2.6011 -1.6771 -28.6193 1.4923
-8.4482 94.0951 58.9954 5.8978 13.0155 -4.3774 -2.4185 2.9223 1.0855 -1.3632 -3.3445 4.3294 -3.0193 10.3200 2.8378 -4.3027 -10.8442 2.9564 -1.1877 -3.7068 -2.1334 1.9850 -16.8224 -5.8877 0.0344 -0.0301 0.1719 0.6835 -10.7790 -3.7324 -0.6274 -10.8063 4.0579 -7.9125 17.6646 -1.9622 -71.4717 23.3189 12.0190 0.3620 -1.4340 -85.3204 10.2973 1.1427 -6.7194 -14.7774 10.6647 15.7077 -60.0383 1.3149 1.7011 2.4974 13.4806 16.8141 64.9919 -13.1477 18.5969 0.8650 -0.8112 107.0761 -4.3572 -3.1384 12.3717 15.1868 7.4017 -16.2819 50.6927 -3.4086 -5.2092 -9.2692 -50.8640 7.8054 0.0196 41.9479 0.1018 -5.0920 -12.0197 4.1056 1.7259 -6.0294 -2.2220 -6.1319 14.2912 -6.3903 -0.1238 12.4261 0.4193 -1.5864 6.7281 1.6506 -1.7532 -34.5768 1.6012
-8.3476 94.9657 65.5798 5.7495 13.2373 -4.4323 -2.1176 2.2587 1.3645 -1.2616 -3.7838 4.4296 -3.2068 9.9777 3.2607 -3.9941 -10.0599 2.7956 -1.3668 -3.7378 -2.4373 2.0357 -15.3081 -6.1847 0.0300 -0.0267 0.1634 0.6894 -10.7226 -3.7199 -0.6413 -10.7440 4.0259 -7.6953 18.3229 -1.7705 -73.0968 24.0940 12.7614 0.4353 -1.2107 -86.1286 9.3181 0.6318 -6.8856 -14.5203 10.7219 15.6520 -59.8316 1.3638 1.7869 1.1819 13.4952 16.6897 65.1735 -12.0846 19.9407 0.8504 -0.5999 111.0436 -3.6206 -3.0841 11.8480 15.0897 7.5574 -16.4515 51.0860 -3.2580 -5.2784 -10.2498 -47.8780 8.5505 0.1311 35.5369 0.2058 -6.1990 -10.0550 3.1185 1.6899 -5.8096 -2.2544 -5.7769 17.2404 -4.5760 -0.0580 10.4351 0.3065 -2.2795 17.9823 -0.4452 -1.6393 -32.7684 1.4669
-8.2439 95.0549 72.1368 5.2084 12.4811 -4.1913 -1.6844 2.0769 1.3786 -1.1297 -3.9660 4.3980 -3.0777 10.0468 2.9937 -3.5217 -9.6385 2.8455 -1.6261 -3.6954 -2.8416 2.1116 -13.9073 -6.3189 0.0294 -0.0173 0.1728 0.6996 -10.6521 -3.6952 -0.6520 -10.6628 4.0146 -8.5288 18.7533 -2.0656 -73.8276 23.3671 13.4349 0.5954 -0.8156 -86.6507 8.5440 -0.1111 -7.0995 -14.3950 10.6790 15.5249 -59.3206 1.3766 1.9718 0.7822 13.4568 16.3967 65.0187 -10.5249 21.2987 0.7765 -0.6130 113.4622 -2.3201 -2.6556 11.7080 14.9806 7.6443 -16.6025 51.0860 -3.0474 -5.4420 -10.2337 -43.5335 7.9849 0.2374 32.9400 0.3832 -5.5219 -7.7214 2.3240 1.7406 -5.5931 -2.2409 -4.5638 17.4791 -2.3143 -0.1852 16.4524 0.2959 -1.0756 23.9242 -2.2830 -1.3741 -21.4630 1.1900
-8.0038 94.3175 78.3804 5.2897 10.9967 -3.3551 -1.6537 2.5281 1.0348 -1.0688 -3.9088 4.0769 -3.0281 10.3754 2.0948 -2.8750 -9.3998 3.1495 -1.7534 -3.6930 -3.3727 1.9774 -13.0173 -6.3327 0.0412 -0.0282 0.2094 0.7053 -10.6565 -3.6525 -0.6358 -10.6592 4.0401 -9.8792 18.6133 -2.8316 -73.9005 20.9080 13.5626 0.7949 -0.5383 -86.5061 7.9325 -0.1060 -7.3640 -14.4356 10.5428 15.4713 -59.0469 1.2440 2.2125 0.9204 13.2167 15.9904 65.2492 -8.7215 21.6298 1.0071 -0.6930 114.1701 -1.5401 -2.3520 11.5889 15.3622 7.6532 -16.5246 51.0211 -2.8641 -5.4533 -10.6375 -39.0605 6.7987 0.0821 34.7597 0.4264 -0.2954 -8.0490 2.1615 1.7471 -3.6394 -1.9798 -4.4511 14.8799 -1.6669 -0.2140 29.2399 0.4004 2.5068 25.9350 -2.0746 -1.1114 -10.0273 1.0042
-7.8234 93.0038 84.4785 6.3835 8.8317 -2.1313 -1.9844 3.7618 0.5705 -1.1607 -3.4660 3.4774 -3.5764 10.7085 1.0468 -2.0340 -9.0738 3.0384 -1.9024 -3.6768 -3.9410 1.8873 -14.2691 -6.2436 0.0391 0.0060 0.1900 0.7223 -10.6368 -3.6831 -0.6591 -10.6539 4.0319 -10.9908 17.8911 -4.2923 -73.3751 16.5008 12.9758 0.7080 -0.6229 -85.8754 7.7529 0.8660 -7.5112 -14.5605 10.4565 15.5627 -59.2665 1.2528 2.4180 0.9949 13.1640 14.8483 66.1858 -7.0617 21.1944 1.3096 -0.6862 112.7867 -1.3603 -0.5951 11.6031 15.3818 7.7464 -16.4754 50.9095 -2.8780 -5.5844 -12.1723 -35.6417 6.0697 0.2386 40.6910 0.5186 1.1989 -14.4628 2.6485 1.6732 -2.1153 -1.8876 -5.9054 10.7421 -1.8291 -0.1383 45.0851 0.4364 5.9995 23.6658 -0.0576 -1.0858 -5.8425 1.0195
-7.8117 91.6421 90.2799 7.9112 6.8776 -1.1582 -2.5336 4.9350 0.1532 -1.3583 -2.9769 2.8010 -4.4501 11.2458 -0.0862 -1.2045 -8.9948 2.8701 -2.0341 -3.6979 -3.9252 2.0052 -15.6234 -6.5204 0.0408 0.0583 0.1833 0.7257 -10.5908 -3.6967 -0.6602 -10.6166 4.0327 -12.6406 16.8507 -5.9307 -71.7543 9.7901 12.1674 0.6089 -0.6524 -84.7484 7.8406 3.2735 -7.8159 -14.6339 10.6743 15.8170 -59.6743 1.4097 2.4464 1.8016 13.3984 13.6207 66.9144 -5.1991 20.5781 1.2201 -0.7697 109.2672 -1.9187 3.1575 12.3849 15.3959 7.8780 -16.4075 50.9602 -2.9325 -5.5401 -14.0449 -31.3290 6.4058 0.3314 44.8093 0.6502 1.5030 -20.3960 2.1892 1.6217 -1.2513 -1.8721 -7.6985 5.1137 -0.7900 -0.0653 60.5293 0.4513 7.4543 18.2948 1.0016 -1.1701 -4.7821 1.0460
-7.9522 90.7137 95.8894 8.8195 5.6776 -0.9422 -2.9376 5.6674 -0.0718 -1.4492 -2.6088 2.0747 -5.1305 11.8463 -0.9083 -0.6178 -9.3373 2.7429 -2.0129 -3.7314 -3.4037 2.1439 -16.2597 -6.7283 0.0385 0.0732 0.1597 0.7118 -10.5907 -3.7271 -0.6505 -10.6309 4.0212 -14.4593 15.6401 -7.5221 -69.8566 2.0902 11.2038 0.7151 -0.3064 -85.0465 7.8362 6.8844 -7.8774 -14.7548 10.9561 16.0462 -59.6445 1.5561 2.3702 3.4304 14.0169 12.5480 67.2050 -2.7706 19.3199 1.0053 -0.7392 105.2881 -3.5586 8.9913 13.4265 15.4681 7.8741 -16.2730 50.9705 -3.0696 -5.4280 -14.6570 -26.4851 6.5213 0.2853 46.3673 0.6326 1.5204 -25.2508 1.5261 1.6082 -0.6563 -1.8886 -8.7388 -2.2485 1.8482 -0.0581 73.7216 0.3766 6.7028 11.2844 0.1283 -1.3071 -4.6623 1.0685
-8.2260 90.3529 101.6542 8.8421 5.1056 -1.0693 -3.1193 6.1316 -0.3052 -1.4229 -2.3997 1.2643 -5.2777 12.0804 -1.6158 -0.3057 -9.5163 2.6719 -1.8338 -3.7332 -2.6678 2.2097 -16.7149 -6.3546 0.0276 0.0403 0.1228 0.6866 -10.6362 -3.7711 -0.6462 -10.6829 4.0020 -14.1421 14.7388 -8.7252 -69.8949 -4.3685 9.8096 0.6760 -0.1823 -88.9629 7.0845 10.3365 -7.0064 -14.9563 10.9403 16.0814 -59.2063 1.5830 2.4062 4.7019 14.7455 11.3179 67.8095 0.8851 17.3613 0.8657 -0.5058 104.1627 -5.5727 12.7059 13.2791 15.4845 7.6347 -16.1166 50.6480 -3.3139 -5.2367 -14.0048 -21.3740 5.6279 0.1041 45.6265 0.3959 1.3921 -28.7706 1.4345 1.6140 -0.4095 -1.9208 -9.0872 -10.7832 4.9281 0.4255 83.2562 0.7824 5.3252 4.5279 -1.8129 -1.4201 -4.7342 1.1035
-8.5840 90.6925 107.6958 7.9343 5.0868 -1.2115 -2.9702 6.2721 -0.5898 -1.2773 -2.3106 0.2322 -4.8953 11.8529 -2.4237 -0.0594 -9.5861 2.6900 -1.5732 -3.5944 -2.0184 2.1164 -17.1392 -5.3749 0.0100 0.0017 0.0310 0.6561 -10.7033 -3.8715 -0.6509 -10.7537 3.9313 -12.1907 13.7969 -9.4296 -70.5940 -8.5499 8.3810 0.0664 -0.3346 -96.2849 5.5238 12.9500 -5.6153 -15.3307 10.6397 15.8326 -59.2410 1.5023 2.5479 5.5584 15.2242 9.9263 68.2799 6.0809 15.2582 0.7092 -0.5648 106.6596 -6.8348 13.3229 12.4475 15.4028 7.2524 -15.9798 50.1797 -3.7013 -5.2275 -12.3841 -15.5904 3.7127 -0.0186 42.0467 0.1735 1.2001 -30.5827 2.1729 1.6651 -0.6228 -1.9849 -8.8480 -20.1195 7.2767 4.5004 87.8248 4.7398 3.8942 -0.9289 -4.1191 -1.4463 -4.9280 1.1120
-9.1327 91.9356 114.1564 5.9120 5.4837 -1.4388 -2.4302 5.9894 -0.8375 -1.0070 -2.3497 -0.8141 -3.7885 11.3410 -3.2489 0.2262 -9.5002 2.6841 -1.1294 -3.5426 -1.3983 1.7535 -16.9175 -3.7598 -0.0084 -0.0141 -0.0903 0.6220 -10.7562 -3.9895 -0.6530 -10.7995 3.8177 -9.7781 12.9216 -9.8805 -70.5271 -10.6233 6.3731 -0.5968 -0.7259 -104.7920 3.4579 13.5356 -5.0249 -15.5316 10.4928 15.6618 -59.7103 1.5097 2.5303 6.3814 15.4149 8.4138 68.0894 11.7860 13.3149 0.2742 -1.0614 110.3297 -7.0268 12.7253 11.2308 15.2983 6.9598 -15.8386 49.7432 -3.7823 -5.1843 -9.7000 -8.5817 1.1604 0.0074 34.9063 0.0751 0.9114 -29.4956 3.0974 1.7158 -1.5557 -2.0562 -7.2281 -28.7074 7.8411 3.4479 86.0303 3.5341 3.0548 -4.3538 -6.0992 -1.4091 -4.9797 1.0522
-9.8657 93.7736 121.1410 2.7977 6.5033 -1.9673 -1.5171 5.1614 -1.0071 -0.5999 -2.5923 -1.7842 -2.0045 10.6092 -3.9965 0.6301 -9.1715 2.5117 -0.5901 -3.5392 -0.2729 1.2664 -16.3517 -1.9986 -0.0214 -0.0169 -0.1741 0.6221 -10.7897 -4.0616 -0.6768 -10.8152 3.7282 -6.7868 12.3881 -9.8606 -70.7382 -11.0575 4.2093 -0.9678 -0.9172 -112.7677 1.1673 11.7977 -5.6006 -15.5136 10.5083 15.6845 -59.9492 1.4516 2.5055 7.0867 15.4528 7.1362 67.5024 16.8986 11.1590 -0.1218 -1.1595 113.5262 -6.8804 11.1038 9.5521 15.2560 6.8246 -15.8844 49.4543 -3.7154 -5.2167 -6.1698 -0.9529 -1.3537 0.1107 25.3487 0.0970 0.6120 -24.5261 3.9938 1.7990 -4.3645 -2.1365 -3.5124 -35.2274 6.4669 0.3612 78.1877 0.1827 2.8423 -5.5447 -7.3781 -1.4138 -4.9901 0.9963
-10.7660 95.8910 128.5298 -0.8700 8.0563 -2.8928 -0.4107 3.9851 -1.1088 -0.2275 -3.0161 -2.6714 0.2589 9.7561 -4.4745 1.2719 -8.6889 2.2462 -0.0933 -3.5746 0.8389 0.8509 -15.4983 -0.2260 -0.0254 -0.0148 -0.2060 0.6461 -10.8267 -4.0907 -0.7023 -10.8191 3.6933 -3.2576 12.2310 -9.5309 -72.1611 -10.2977 2.1967 -1.0379 -0.7605 -119.4025 0.0570 9.1474 -6.1049 -15.3164 10.7036 15.7924 -59.9389 1.3343 2.5313 7.5508 15.3639 6.0991 66.8134 20.6209 8.3807 -0.0219 -0.8098 115.6858 -6.6940 9.0470 7.3962 15.2228 6.7772 -15.9495 49.5234 -3.7219 -5.2463 -2.2940 6.0121 -2.8175 0.2639 16.2011 0.1927 0.4642 -14.5710 4.3156 1.9938 -11.2934 -2.3573 1.8671 -39.0070 3.4887 -0.4150 64.7282 -0.6577 3.0926 -5.2930 -7.9438 -1.4473 -4.9695 1.0284
-11.8016 97.7701 136.1022 -3.7581 9.5014 -3.7798 0.5098 2.6923 -1.2111 0.0984 -3.5013 -3.4736 1.9521 9.1468 -4.7965 2.0131 -8.0867 2.0340 0.1215 -3.6512 1.7587 0.7720 -14.6596 0.8311 -0.0262 -0.0014 -0.1861 0.6545 -10.8434 -4.0709 -0.7086 -10.8119 3.7108 0.0498 12.2491 -9.1474 -73.8581 -8.9015 0.0759 -0.7778 -0.7037 -124.3312 0.3060 6.9085 -6.4577 -15.2337 10.8673 15.8459 -60.2027 1.2329 2.5695 7.5299 15.4342 5.3785 67.0742 22.5906 5.8251 0.0158 -0.3839 116.5419 -6.2167 7.9271 5.2324 15.1817 6.8226 -16.0745 49.7023 -3.7005 -5.3584 0.9505 10.7524 -2.5270 0.2261 11.0324 0.2544 0.5757 -2.2906 3.9756 2.2630 -19.0502 -2.6653 6.4003 -39.4061 0.3905 -0.3318 47.6358 -0.4501 3.2732 -3.6836 -7.5906 -1.4448 -4.6960 0.9974
-12.6162 99.0693 143.5687 -4.5555 10.1507 -4.0245 0.6374 1.6799 -1.3153 0.1828 -3.9223 -4.0399 2.6153 8.9195 -5.1628 2.6811 -7.5953 1.9856 0.1071 -3.6469 2.0006 0.8104 -13.8168 1.1929 -0.0273 0.0020 -0.1479 0.6503 -10.8296 -4.0307 -0.7036 -10.7948 3.7453 1.8200 12.3281 -9.0930 -74.6296 -7.2807 -2.2404 -0.1982 -0.7875 -127.3654 1.0988 5.4395 -6.6763 -15.1713 10.9227 15.8372 -60.2718 1.2265 2.6142 7.3105 15.6267 4.8247 68.0181 23.2026 3.9350 -0.0456 -0.0630 116.6537 -5.5746 8.0598 3.6864 15.1689 7.0862 -16.3203 50.0178 -3.6095 -5.3652 2.1534 12.7583 -2.0828 0.0766 11.8823 0.2686 0.2079 8.0722 3.5111 2.3490 -20.7519 -2.6191 7.4156 -37.1036 -0.4414 -0.1679 30.3887 -0.2001 3.4699 -2.4018 -6.5835 -1.4570 -4.3731 1.0447
-13.3433 99.5113 150.9696 -3.5465 9.5618 -3.9043 -0.0184 1.2214 -1.3009 0.0848 -4.1244 -4.2723 2.3808 9.0850 -5.4354 3.2413 -7.0888 2.1122 -0.1245 -3.6305 1.8866 0.7774 -12.9154 1.1314 -0.0132 -0.0104 -0.0658 0.6527 -10.7811 -3.9410 -0.6767 -10.7538 3.8131 1.6096 12.4006 -9.2189 -74.3181 -5.4829 -4.0191 0.1849 -0.8773 -128.5223 1.9710 4.4225 -6.8941 -15.1866 10.8949 15.9892 -60.0448 1.2388 2.6699 7.6439 15.7649 4.7071 68.5200 22.9666 2.7882 -0.2249 0.0152 116.5580 -5.0024 8.8775 3.1057 15.1791 7.3353 -16.6191 50.3994 -3.5032 -5.3525 1.1732 12.3977 -2.4535 0.0325 19.9853 0.2680 -1.2942 12.6992 3.5998 2.1029 -14.2164 -2.2485 5.9269 -33.6759 0.2079 -0.1082 18.7059 -0.0601 4.8013 -2.0975 -5.8274 -1.4273 -4.2257 1.1546
-14.0434 98.8635 158.6066 -2.7323 8.0342 -4.0084 -0.3811 1.3692 -1.1361 0.0786 -4.0734 -4.3422 2.0016 9.5834 -5.0222 3.2882 -6.6596 2.1282 -0.3480 -3.6264 1.8976 0.6514 -12.2776 0.7463 0.0065 -0.0085 -0.0051 0.6623 -10.6733 -3.8665 -0.6466 -10.6590 3.8493 0.0229 12.7701 -9.0981 -73.4715 -3.8425 -5.2030 0.2373 -1.0100 -127.9608 2.7928 3.5758 -7.4037 -15.2640 10.8705 16.1457 -59.7599 1.3764 2.6318 8.5991 15.8718 5.0675 67.9106 21.8978 2.2452 -0.2641 -0.1625 116.3181 -5.0513 9.1060 3.0206 15.2294 7.5059 -16.7313 50.8337 -3.2782 -5.4171 0.6706 10.1305 -1.9557 0.0737 33.8554 0.2329 -3.0857 12.2879 4.4818 1.9454 -8.5343 -2.0910 5.6463 -30.3167 -0.9990 -0.0867 16.1492 -0.0847 5.5883 -0.7660 -5.5825 -1.3934 -4.1996 1.2179
-14.9040 97.1864 166.0655 -3.4379 5.9231 -4.7254 0.3084 2.2519 -0.7285 0.1829 -3.9757 -3.7770 2.0325 10.2059 -4.3017 2.8456 -6.0844 2.2445 -0.5261 -3.6236 1.3526 0.6722 -12.4413 0.2451 0.0064 0.0014 -0.0546 0.6396 -10.5773 -3.8992 -0.6238 -10.5607 3.7799 -1.5527 13.2427 -8.5706 -73.1891 -1.6086 -6.2852 0.5952 -1.1754 -126.0916 3.1121 3.8497 -8.1653 -15.2594 10.8711 16.2242 -59.5245 1.5637 2.6180 9.3091 16.0617 6.0591 67.0601 19.8992 2.4723 -0.0186 -0.6615 115.9013 -5.2952 8.9698 3.1097 15.3595 7.3619 -16.6778 50.7758 -3.3352 -5.5015 2.9934 6.3827 1.0281 0.1885 50.4406 -0.1056 -4.8778 8.8870 4.1977 2.0620 -5.9554 -2.1651 7.4651 -27.5425 -3.3011 0.1466 22.7925 -0.2833 -0.0824 -0.4499 -3.8712 -1.4450 -2.1535 1.0743
-15.8850 94.8082 172.8210 -5.7643 3.5247 -5.3249 1.5640 3.7094 -0.3798 0.5400 -3.6005 -2.9487 3.2816 10.8680 -3.4490 1.7927 -5.4658 2.4476 -0.4377 -3.5431 0.9881 0.2673 -14.7734 0.3318 -0.0129 0.0263 -0.1072 0.6471 -10.5749 -3.9693 -0.6735 -10.5713 3.7547 -2.6912 13.8989 -7.5358 -74.0138 0.5327 -6.5860 0.5197 -1.1663 -123.1421 3.2159 5.4625 -9.1872 -15.3617 10.6229 16.0982 -59.4591 1.3736 2.5986 9.1160 16.0376 7.0948 65.9647 17.0473 4.3709 0.4737 -0.9172 115.3674 -6.1560 8.0519 3.1275 15.5847 7.2192 -16.5618 50.6042 -3.5298 -5.3316 7.9872 1.3966 3.5357 0.0732 66.7006 -0.5233 -4.9107 3.4278 3.2256 2.2006 -4.9694 -2.2144 10.7741 -25.7589 -4.6609 0.0253 33.8885 -0.2002 -2.0213 -9.6840 -3.1986 -1.4376 -0.4128 1.0535
-16.8377 92.9069 179.2495 -8.5211 1.9129 -5.1815 2.8401 4.4794 0.0058 0.8786 -3.2968 -2.2750 5.0585 12.0508 -2.6597 0.9288 -5.2657 2.3726 -0.3825 -3.5750 0.6555 -0.1797 -16.3247 0.1490 -0.0257 0.0209 -0.0688 0.6415 -10.5869 -3.9376 -0.6967 -10.5929 3.8097 -5.1057 15.0612 -6.4403 -73.9227 2.3251 -6.3228 0.2722 -1.1575 -118.8205 3.2597 10.0157 -9.9650 -15.4492 10.4425 15.7257 -59.6496 1.3705 2.3405 10.3190 15.8472 8.3688 62.7460 12.9801 7.2991 0.6181 -0.6652 114.5025 -6.4527 8.2974 4.0445 15.7774 7.2338 -16.3435 50.6430 -3.6178 -5.1489 13.2055 -5.8221 2.8416 -0.4163 80.1783 -1.0983 -3.6958 -1.7088 1.7261 2.2286 -4.9135 -2.2230 14.0395 -21.6602 -5.9198 -0.0858 39.2195 -0.2925 -2.7552 -16.6847 -2.7270 -1.4077 0.4134 1.0013
-17.5851 91.9653 185.5408 -9.3067 1.2380 -4.3092 3.1218 4.6682 0.2795 0.8501 -3.1048 -1.6864 5.9336 12.9472 -2.0336 0.7919 -5.2538 2.3007 -0.5935 -3.5951 0.0015 -0.4599 -16.7496 -0.5875 -0.0370 0.0171 -0.0613 0.6406 -10.6204 -3.9373 -0.7204 -10.6327 3.8294 -7.4246 16.0724 -5.4627 -73.1583 4.9901 -6.3273 0.3317 -0.8764 -115.6210 3.3814 17.8177 -10.1538 -15.4231 10.4173 15.3951 -59.9410 1.6659 2.1205 11.9982 15.2997 9.8074 59.2556 7.9527 10.3339 0.6668 -0.3421 114.7195 -5.5934 11.4460 5.7157 15.7864 7.3649 -16.1391 50.7188 -3.4797 -5.0506 15.6010 -14.4566 -0.4960 -4.6509 88.5714 -5.2244 -2.2281 -5.7036 0.1908 2.1895 -5.0765 -2.2345 14.4913 -16.3147 -6.7596 -0.0991 40.2644 -0.3601 -2.5782 -21.7867 -2.1119 -1.3967 0.6578 0.9845
-18.1278 92.0258 191.7627 -8.2220 1.2452 -3.7371 2.7764 4.7240 0.5871 0.5594 -3.0422 -0.7437 5.6524 12.8327 -1.3505 0.8527 -4.9439 2.2454 -0.8427 -3.4956 -0.7623 -0.5554 -16.5820 -1.8183 -0.0335 0.0287 -0.0374 0.6493 -10.6468 -3.9083 -0.7251 -10.6718 3.8423 -7.9899 16.4432 -3.8609 -72.8409 9.1645 -6.9513 0.4525 -0.6655 -116.4822 2.6624 20.8094 -11.1203 -15.3926 10.2637 15.2494 -59.9820 1.8253 2.0754 11.5258 14.5572 11.0834 58.8886 2.0183 12.6156 0.5765 -0.2462 117.0639 -4.9551 12.9999 7.0458 15.6920 7.5321 -16.0391 50.7704 -3.1625 -5.0057 15.0402 -23.3424 -3.3829 -168.4574 89.4578 -168.7426 -1.6123 -7.6764 -0.6042 2.0414 -5.1903 -2.1909 12.6725 -10.7243 -6.6173 -0.0863 38.4277 -0.2661 -1.8268 -24.6431 -1.5951 -1.4111 0.1324 0.9525
-18.5266 93.0403 198.5454 -6.1834 1.7175 -3.5746 2.2506 4.5335 0.9765 0.2332 -3.1128 0.5279 4.6073 12.1187 -0.5765 0.5859 -4.3052 2.2634 -1.1509 -3.4801 -1.9326 -0.1760 -15.7430 -3.4714 -0.0305 0.0214 -0.0517 0.6485 -10.6313 -3.8982 -0.7206 -10.6665 3.7994 -7.8533 16.3938 -2.0753 -72.7937 13.9310 -7.8282 0.5668 -0.5212 -119.7877 1.5010 19.3799 -11.9241 -15.3074 10.3992 15.2755 -60.2369 1.7743 2.0645 9.2219 13.8575 12.1436 61.1490 -3.7914 14.0045 0.1628 -0.1542 120.8403 -5.2839 11.0532 8.0952 15.5617 7.8091 -16.1992 50.9628 -2.9997 -5.0114 12.2444 -30.7389 -3.9015 -1.1896 85.9655 -1.2373 -1.7203 -8.8388 0.7894 1.8894 -5.4321 -2.0982 9.9506 -4.4371 -5.4125 -0.1487 33.1954 -0.1560 -0.7882 -23.9611 -1.8215 -1.4220 -1.5443 0.9385
-18.7383 94.7367 205.9571 -3.6253 2.5485 -3.5112 1.5529 3.9283 1.1654 -0.0805 -3.2469 1.9572 3.1388 11.1687 0.2609 0.2498 -3.4188 2.2252 -1.5241 -3.5664 -3.0053 0.4473 -14.2916 -5.1907 -0.0198 0.0073 0.0021 0.6645 -10.6493 -3.8375 -0.7164 -10.6818 3.8373 -7.9697 16.1649 -0.5882 -72.6670 17.9822 -8.4536 0.6956 -0.5403 -122.4521 0.7659 16.6616 -12.0493 -15.4351 10.5344 15.4032 -60.6180 1.6328 2.0572 6.3422 13.4595 13.0584 63.9975 -8.1423 15.1376 -0.2733 -0.3043 125.1946 -6.2052 6.9907 9.8057 15.5358 7.8905 -16.2887 50.9603 -3.0616 -5.0267 7.6024 -35.3580 -2.1060 -0.2196 75.2107 -0.1780 -2.2370 -8.9709 2.8788 1.8172 -6.0567 -2.0380 6.8241 2.1059 -3.8036 -0.1859 26.0047 -0.1403 0.4390 -19.0261 -2.5555 -1.4185 -5.5953 0.9444
-18.8797 96.7651 213.6883 -1.0445 3.7937 -3.4221 0.7517 2.8424 1.2437 -0.3355 -3.5950 3.2495 1.6254 10.3715 1.0949 -0.2796 -2.6642 2.2110 -1.8091 -3.6459 -3.9806 1.0885 -12.3990 -6.7198 -0.0009 -0.0042 0.1219 0.6809 -10.6384 -3.7170 -0.6953 -10.6884 3.9490 -8.5352 16.0747 0.3693 -72.5163 20.8230 -8.2252 0.6502 -0.3057 -123.6339 0.9843 14.4601 -11.6637 -15.4357 10.5080 15.5271 -60.6445 1.4987 2.2231 3.6015 13.0357 13.7908 66.3032 -10.6613 16.3862 -0.2303 -0.2339 129.5138 -6.6941 2.6841 11.4348 15.1839 7.7546 -16.2910 50.7163 -3.0815 -5.1271 2.1854 -37.0136 0.6320 0.0325 59.6619 0.0990 -2.9148 -7.8150 4.4887 1.8165 -6.0692 -2.0614 3.5016 7.9767 -3.3707 -0.1779 19.0617 -0.0966 1.3655 -10.2451 -2.3473 -1.4326 -12.5340 1.0409
-18.9560 98.5809 221.7278 0.7151 5.0368 -3.3124 0.2702 1.5390 1.2030 -0.4734 -4.0590 3.9699 0.3911 9.7640 2.0409 -0.6709 -1.9860 2.1440 -2.0207 -3.6552 -4.6483 1.5825 -10.3746 -7.6654 0.0073 0.0021 0.1586 0.6897 -10.6321 -3.6882 -0.6876 -10.6854 3.9894 -9.0494 16.1509 1.0245 -72.9563 22.6792 -7.3333 0.6189 -0.0768 -123.4452 1.7367 13.3162 -11.0992 -15.4387 10.4771 15.7016 -60.4797 1.5038 2.3977 1.5153 12.6768 14.3412 67.5726 -11.4763 18.3787 -0.0295 0.0137 133.0862 -6.5067 -0.0406 12.4475 15.2969 7.5472 -16.1206 50.4861 -3.0490 -5.1215 -1.9492 -35.7326 2.6849 0.1284 41.2102 0.2315 -3.8871 -6.2991 4.6093 1.8196 -5.5078 -2.1167 0.9514 12.2275 -3.4025 -0.1078 14.4161 -0.0620 1.9635 1.4776 -1.8267 -1.5118 -19.8303 1.2315
-19.1273 99.7697 229.7507 0.7847 5.6176 -3.4308 0.5516 0.4478 1.1908 -0.4416 -4.5065 4.0621 -0.1314 9.3771 2.8831 -0.6426 -1.4006 2.0229 -2.2500 -3.6402 -5.0715 1.7653 -8.2973 -7.9889 0.0102 0.0021 0.1216 0.6979 -10.6331 -3.7391 -0.6893 -10.6696 3.9619 -9.4205 16.6063 1.3591 -73.9623 23.6080 -5.7476 0.3656 0.1006 -122.3319 2.8956 12.9541 -10.3614 -15.3789 10.5415 15.7945 -60.0782 1.5807 2.4652 0.2752 12.4042 14.7337 67.8190 -10.8557 20.9169 0.1820 0.0389 135.4894 -5.3686 -1.2780 12.6143 15.4918 7.3721 -15.9948 50.4517 -2.9675 -5.0287 -3.1090 -32.4749 2.9862 0.0329 23.6612 0.2034 -5.0670 -5.3333 3.8952 1.7768 -5.2675 -2.2095 0.4072 14.4417 -2.7024 -0.0746 14.4245 -0.0557 2.3585 12.8199 -2.0461 -1.5565 -21.4479 1.2923
-19.3235 100.1874 237.5120 -0.1510 5.2858 -3.6620 1.0823 -0.1280 1.1493 -0.2975 -4.7755 3.8535 -0.0789 9.2385 3.1081 -0.2146 -0.9244 1.9459 -2.3796 -3.6916 -5.3848 1.6631 -6.5198 -7.7888 0.0092 -0.0260 0.0597 0.7077 -10.6066 -3.7897 -0.7002 -10.6356 3.8854 -10.2041 17.2825 1.1169 -74.7358 23.6304 -3.7962 0.1263 0.3355 -120.8619 4.1490 12.5796 -9.6627 -15.3090 10.6456 15.7134 -59.6937 1.6785 2.4486 0.1273 12.3579 15.0024 67.1471 -9.2460 23.4735 0.4943 -0.1154 136.6751 -3.6775 -1.4550 12.4374 15.4306 7.1810 -15.9559 50.3405 -2.9617 -4.9673 -2.4898 -29.0977 1.7950 0.0268 12.6565 0.1130 -5.1379 -4.9380 3.7923 1.6838 -5.6423 -2.3322 1.2722 14.1224 -1.4138 -0.1577 20.7771 0.0045 2.6692 20.6267 -3.6463 -1.3682 -14.0754 1.0678
-19.4040 99.4982 244.5864 -0.3241 3.9846 -3.5156 0.8832 0.0804 1.0149 -0.3180 -4.7684 3.4871 -0.0617 9.4775 2.4323 0.4624 -0.6200 1.8877 -2.3759 -3.7011 -5.4641 1.5854 -5.7311 -7.4011 0.0054 -0.0306 0.0657 0.7138 -10.5767 -3.7700 -0.7128 -10.6025 3.8772 -11.1708 17.6793 0.2969 -74.8488 22.8237 -2.7520 0.3833 0.3144 -119.4209 5.0194 12.2903 -9.1097 -15.1561 10.7265 15.7320 -59.3361 1.8324 2.5739 0.6285 12.3021 14.8685 66.6369 -7.2009 25.2532 0.9781 -0.1795 136.5159 -1.9505 -0.6406 12.4737 15.2924 7.2490 -16.1352 50.4012 -2.8749 -5.2867 -2.7793 -26.4422 0.4616 0.1504 11.7664 0.1548 -3.7557 -4.2941 4.0165 1.6798 -5.5252 -2.3486 0.9326 11.7073 -1.5151 -0.2046 32.6678 0.1874 3.7234 22.3379 -4.6012 -1.2727 -6.9213 0.9820
-19.4779 97.7358 251.4813 0.6123 2.0619 -3.0799 0.0081 0.9385 0.6613 -0.4806 -4.4808 3.0212 -0.3241 9.9246 1.3457 0.9994 -0.3520 1.8370 -2.3106 -3.5718 -5.1391 1.4807 -6.2590 -6.9535 0.0088 -0.0154 0.0570 0.7321 -10.5713 -3.7877 -0.7249 -10.6087 3.8765 -12.0238 17.5246 -0.8622 -73.7579 20.8961 -2.5811 0.5014 0.1982 -117.8166 5.5223 11.7432 -9.2537 -15.1498 10.7305 15.7807 -59.3366 1.9387 2.6165 1.0754 12.3496 14.2393 66.8973 -4.9885 26.1053 1.1922 -0.2550 134.9971 -0.8635 0.9341 13.0580 15.5013 7.5583 -16.3386 50.5272 -2.6525 -5.5487 -4.4259 -24.8431 -0.0510 -0.0005 19.2249 0.1667 -0.8523 -2.0311 3.8951 1.7351 -4.1826 -2.1949 -1.2692 8.2101 -2.8784 -0.1970 46.5888 0.3989 5.3404 18.3841 -4.3794 -1.2720 -4.7713 0.9991
-19.5225 95.3414 258.1430 2.1871 -0.1856 -2.6929 -0.9200 2.3128 0.3673 -0.6834 -4.0098 2.3981 -1.2044 10.5737 0.3177 1.4771 -0.1391 1.8727 -2.1039 -3.5730 -4.7326 1.4994 -8.3708 -6.5839 0.0196 0.0197 0.0727 0.7518 -10.5856 -3.7919 -0.7262 -10.6539 3.9120 -13.6486 17.0982 -2.8936 -70.1911 17.1579 -2.6015 0.3259 -0.3984 -115.7294 5.9957 10.8126 -9.9121 -14.9695 10.9028 15.9756 -59.6951 1.8852 2.4846 2.2196 12.7724 13.1865 67.3039 -3.1810 25.5852 1.3577 -0.3683 131.8317 -0.4915 3.0489 14.2099 15.9480 7.8218 -16.5367 50.4524 -2.6861 -5.5901 -6.9493 -24.6551 -0.0936 -0.0281 32.0864 0.1216 1.7800 -9.1424 4.5337 1.6547 -1.4246 -2.0525 -4.5382 3.6998 -3.7262 0.0610 59.8573 0.5784 5.7704 12.9595 -3.6073 -1.2335 -4.3313 0.9940
-19.7470 93.4139 265.1712 3.7358 -1.9917 -2.8553 -1.5428 3.3357 0.2193 -0.9258 -3.5610 1.8406 -2.4893 11.6637 -0.6896 1.8040 -0.6070 1.7545 -1.8490 -3.5646 -3.7762 1.8818 -10.1145 -6.1214 0.0176 0.0472 0.0500 0.7426 -10.5729 -3.8176 -0.7220 -10.6603 3.8991 -16.5158 16.2156 -5.0316 -63.4126 12.0870 -3.4615 0.6395 -0.6340 -112.4425 6.2654 11.3181 -10.4807 -14.8302 11.0056 15.9692 -59.8514 1.8296 2.3608 4.7167 13.6805 12.1826 67.0831 -1.2956 24.8292 0.8766 -0.3081 126.4097 -1.1822 6.7702 16.4068 15.9740 8.0223 -16.6689 50.4963 -2.8491 -5.5203 -9.2605 -22.1828 1.7428 0.1395 40.6795 0.3466 2.2197 -17.2529 3.6196 1.6075 -0.4297 -1.9931 -7.3985 -2.1197 -2.6772 0.3800 70.6621 0.7622 5.3002 7.7105 -2.1591 -1.2514 -4.3878 1.0067
-20.0783 92.1925 271.9574 3.9821 -2.8688 -3.5997 -1.5882 3.8159 0.1235 -0.9654 -3.2322 1.3024 -3.1203 12.6172 -1.3188 1.7674 -1.6184 1.8167 -1.5226 -3.5652 -2.8374 2.3216 -10.6036 -5.4510 0.0196 0.0546 0.1002 0.7326 -10.5720 -3.7686 -0.7072 -10.6603 3.9544 -18.8506 15.3281 -6.8596 -56.3781 6.0557 -4.5824 0.3378 -0.4660 -108.8370 6.1118 17.5613 -9.9040 -14.8815 11.1362 15.7938 -60.0297 1.8171 2.3077 6.7943 14.6167 11.3520 67.5489 0.8737 23.5959 0.1135 -0.1431 120.5369 -3.1974 11.7105 17.5101 15.6544 8.0671 -16.5459 50.6993 -2.8812 -5.3232 -9.3054 -18.1754 3.4657 0.1932 44.5836 0.4699 2.4430 -23.6394 1.7685 1.6054 0.3572 -1.9652 -8.2006 -8.9725 -0.2019 0.8712 77.6710 1.1225 4.7068 2.3750 -1.1447 -1.2757 -4.6881 1.0168
-20.4718 91.7768 278.6206 3.2128 -2.7208 -4.2041 -1.5312 4.1198 -0.2386 -0.8725 -3.0788 0.5323 -2.9940 12.7765 -1.9101 1.7246 -2.4776 1.8782 -1.0975 -3.5795 -1.8050 2.4959 -11.0231 -4.3244 0.0166 0.0148 0.0810 0.7266 -10.6423 -3.7957 -0.7059 -10.7230 3.9494 -17.6589 14.7528 -7.9896 -54.2390 0.6335 -5.1801 -0.3500 -0.2858 -109.1600 4.6101 22.1528 -9.5861 -15.3826 11.1459 15.7381 -60.4815 1.8436 2.3780 7.5008 15.1864 10.2666 68.8270 3.6345 21.7009 -0.1274 0.1082 118.7035 -5.0586 12.7879 16.4301 15.2993 7.8423 -16.2476 50.3222 -3.0586 -4.9849 -7.9796 -13.6316 3.7615 0.1090 44.8372 0.3223 2.6286 -28.0144 0.6929 1.6202 0.4065 -1.8999 -7.6380 -17.1228 1.8564 1.5357 80.6107 1.6627 4.8139 -2.0235 -0.7819 -1.3298 -4.8887 1.0284
-21.0799 92.3808 285.3731 1.8722 -1.7830 -4.3606 -1.4735 4.1822 -0.7332 -0.6770 -3.1153 -0.3898 -2.4064 12.2533 -2.7817 1.8909 -2.8576 1.9118 -0.7392 -3.5513 -0.7758 2.3970 -11.5995 -3.0874 0.0014 -0.0126 -0.0357 0.7071 -10.6894 -3.9070 -0.7165 -10.7749 3.8360 -13.9132 14.1506 -8.3926 -56.6497 -2.7648 -4.6255 -0.8593 -0.3585 -114.2859 2.1879 18.9937 -10.1075 -15.3892 11.2750 15.8005 -60.5788 1.7591 2.4660 7.7699 15.2883 8.8975 69.5898 7.6794 19.3985 -0.1268 -0.1253 122.0888 -5.4960 8.4888 15.6998 15.3362 7.5558 -16.1101 49.9959 -3.3852 -4.9812 -6.2369 -8.0938 2.6640 0.0469 40.7683 0.1384 2.4106 -29.4472 1.0677 1.6866 -0.4320 -1.8545 -6.1130 -24.8489 2.6360 1.0720 78.1578 1.0475 5.4581 -4.7716 -1.0507 -1.3865 -4.8270 1.0340
-21.8089 93.9871 292.2703 -0.2001 -0.2754 -4.4472 -1.1224 3.7351 -1.0774 -0.4236 -3.3035 -1.3625 -1.1778 11.5652 -3.5810 2.1194 -2.7661 1.8067 -0.3446 -3.6219 0.2861 2.1129 -11.6910 -1.6881 -0.0119 -0.0124 -0.1170 0.6813 -10.6822 -3.9701 -0.7163 -10.7643 3.7436 -9.9771 13.5959 -8.6539 -60.4809 -4.6372 -3.8854 -1.2457 -0.3285 -120.4574 0.6284 11.6213 -9.3223 -15.1376 11.2312 15.8403 -59.9867 1.5169 2.5406 8.0926 15.1585 7.3980 69.0392 11.8130 16.0268 0.0680 -0.5996 126.7785 -4.9747 3.6629 15.0151 15.4583 7.2976 -15.9209 49.8017 -3.4129 -4.9879 -3.9371 -1.6391 0.8735 0.0920 33.2387 0.0648 2.0147 -26.6327 1.9103 1.7518 -2.8273 -1.9440 -2.7607 -30.4792 1.3437 0.2163 69.3661 0.1223 5.9080 -5.6370 -2.6904 -1.3803 -4.9184 0.9744
-22.6908 96.0878 299.6527 -2.5491 1.5458 -4.9577 -0.5933 2.8044 -1.1616 -0.2453 -3.6292 -2.2302 0.4064 10.8330 -4.2456 2.3981 -2.2484 1.6683 -0.0598 -3.6617 1.1787 1.7976 -11.4898 -0.2041 -0.0215 0.0065 -0.1457 0.6660 -10.6703 -3.9940 -0.7152 -10.7468 3.7132 -6.5612 13.3302 -8.6084 -64.2839 -5.1216 -3.6961 -1.4607 -0.1026 -125.3978 0.0628 6.1712 -7.8392 -15.1301 11.0776 15.8920 -59.7184 1.3950 2.6798 8.1718 15.0131 6.0214 67.4382 15.1323 12.1437 0.3954 -0.6164 130.4588 -4.0331 0.6870 13.6921 15.4932 7.1306 -15.6498 49.9696 -3.3322 -4.9620 -1.4786 4.8153 -0.6552 0.2053 24.7633 0.2563 1.4752 -19.0128 2.3021 1.9037 -8.6950 -2.1748 1.9246 -32.9692 -1.2627 -0.1378 55.1124 -0.1622 6.1989 -4.5922 -4.5370 -1.4113 -5.2329 0.9797
-23.7124 98.0613 307.4235 -4.4360 3.1677 -5.4905 -0.1190 1.6565 -1.2220 -0.0917 -4.1348 -3.1035 1.6249 10.2069 -4.6754 2.6591 -1.3117 1.5662 0.1542 -3.6930 2.0060 1.5160 -11.1707 0.9800 -0.0246 0.0382 -0.0917 0.6688 -10.7135 -3.9505 -0.7206 -10.7733 3.7769 -3.4213 13.4493 -8.3098 -67.6145 -4.7386 -4.1842 -1.3612 -0.1300 -128.6196 -0.4256 3.7153 -6.6604 -15.1438 10.9441 15.7730 -59.8685 1.3504 2.6766 7.3800 15.1440 4.9069 66.5784 17.3939 8.8943 0.4917 -0.4355 132.2736 -2.4434 0.4644 11.9784 15.2794 7.0729 -15.6028 50.1808 -3.3003 -5.0462 0.7355 10.2611 -1.0795 0.1511 18.2205 0.4134 0.6547 -8.0579 2.0082 2.1440 -16.9131 -2.5303 6.0118 -31.7951 -3.7931 -0.1029 36.6329 -0.1205 7.0274 -1.8317 -4.9848 -1.4437 -5.1123 0.9888
-24.7984 99.4204 315.5528 -4.6650 4.1949 -5.4421 -0.3537 0.5551 -1.3523 -0.1470 -4.6253 -3.7664 2.0367 9.6304 -5.0906 3.0110 -0.2245 1.6308 0.2625 -3.6674 2.2742 1.3019 -10.6674 1.6312 -0.0217 0.0429 -0.0241 0.6803 -10.7336 -3.8925 -0.7239 -10.7786 3.8540 -0.8777 13.5677 -8.1844 -69.8749 -3.6759 -5.2839 -0.9180 -0.2509 -130.2491 -1.0040 2.7455 -5.7762 -15.1273 10.8908 15.6592 -59.9145 1.4107 2.6554 5.9249 15.2489 3.9358 66.9161 18.8638 6.3617 0.5885 -0.1446 132.3705 -0.6040 2.8602 10.3235 14.9669 7.1743 -15.8424 50.3207 -3.2481 -5.0957 1.4086 13.7783 -1.4266 0.0524 15.7330 0.4660 -0.6127 3.3942 1.2631 2.3853 -22.8221 -2.7072 6.9679 -28.6427 -3.7092 -0.0138 18.7514 -0.1021 8.9764 0.1142 -5.0673 -1.4187 -4.6248 1.0488
-25.8576 100.1201 323.8991 -3.4040 4.4606 -5.0001 -1.2450 -0.2608 -1.3260 -0.3277 -4.8812 -4.0897 1.6704 9.2593 -5.5094 3.4360 0.4349 1.7731 0.0924 -3.6800 2.2498 1.2110 -9.6604 1.6494 -0.0074 0.0231 0.0624 0.6871 -10.7115 -3.8060 -0.7008 -10.7516 3.9343 -0.3667 13.3321 -8.3909 -69.8562 -2.1459 -6.4787 -0.2996 -0.4356 -130.8258 -1.5581 2.7055 -5.2744 -15.0920 10.8858 15.8000 -59.8956 1.4659 2.6725 5.8120 15.2024 3.5898 66.3258 19.6434 3.9685 0.7289 0.1190 131.4779 0.5386 5.9569 9.1938 14.8530 7.2859 -16.2064 50.4039 -3.1369 -5.2817 0.4956 14.7856 -2.4709 -0.0212 19.0228 0.4435 -3.7651 12.9920 -0.1173 2.2991 -21.2726 -2.4735 5.5330 -25.7026 -2.0231 -0.0220 7.7506 -0.0483 11.1289 1.2782 -5.4016 -1.3394 -4.4248 1.1194
-26.7427 99.8934 331.9698 -2.2549 3.8821 -4.5783 -1.8232 -0.4217 -1.1830 -0.4226 -4.8899 -4.1939 1.1708 9.3446 -5.3809 3.4757 0.4150 1.7737 -0.2180 -3.7117 2.2171 1.2274 -8.7982 1.0456 0.0018 0.0155 0.1024 0.6943 -10.6524 -3.7578 -0.6892 -10.6971 3.9574 -1.5585 13.3104 -8.6915 -68.5469 -1.4229 -6.8175 -0.1825 -0.6100 -130.3386 -1.9210 2.1601 -5.3221 -15.1862 10.9366 16.0252 -59.8615 1.6504 2.6970 6.9444 14.9751 3.8170 64.5079 19.6030 2.0421 0.8264 0.2286 130.0399 0.8138 8.2493 8.6735 14.9678 7.4353 -16.4163 50.9396 -2.8248 -5.4230 -0.1527 13.4700 -3.2064 0.0482 28.2501 0.4260 -8.0702 17.3424 -2.2073 1.9268 -12.7499 -2.1109 4.6579 -23.4511 -1.8039 -0.0358 6.6403 0.0204 11.4828 2.0239 -5.7188 -1.2901 -4.6393 1.2373
-27.4844 98.7617 339.6558 -2.7843 2.8460 -4.4834 -1.0884 0.0578 -0.9665 -0.3773 -4.8290 -3.9404 1.0734 9.7444 -4.7780 3.1907 0.0051 1.8332 -0.4978 -3.6819 1.5552 1.2330 -8.4452 0.2436 0.0007 0.0294 0.0460 0.6919 -10.5909 -3.8097 -0.6892 -10.6306 3.8920 -3.4581 13.7232 -8.8089 -67.0918 -1.3550 -7.0665 -0.1703 -0.7925 -129.1400 -1.9590 1.4518 -5.4290 -15.1406 11.0555 16.2373 -59.5324 1.8218 2.7627 8.6322 14.7950 4.6219 62.0207 18.3509 0.3273 0.9699 0.0690 128.0973 0.8285 9.5688 8.4706 15.1633 7.4969 -16.6349 51.1943 -2.9910 -5.5474 1.8392 10.4383 -1.7295 0.1562 41.2252 0.2314 -10.3791 15.6943 -3.8011 1.8130 -7.4425 -2.0336 5.9533 -22.1191 -2.6341 0.1652 13.2650 -0.1064 5.0265 5.2797 -4.6347 -1.4210 -3.5421 1.1319
-28.3863 96.7517 346.6082 -4.8001 1.1217 -4.4566 0.1450 1.3886 -0.6632 -0.0197 -4.4294 -3.2932 1.9815 10.1944 -4.1434 2.4713 -0.3372 2.1592 -0.7906 -3.6649 0.6045 1.1859 -9.9918 -0.3758 -0.0089 0.0363 -0.0526 0.6856 -10.5698 -3.9021 -0.7042 -10.6030 3.7942 -4.6188 13.6985 -8.3676 -67.3346 -0.7496 -7.4980 -0.0182 -0.6957 -127.6825 -2.0410 1.4704 -5.7247 -15.1729 10.7843 16.0645 -59.2230 1.6759 2.7026 9.6317 14.8220 5.8339 59.9424 16.0702 -0.6258 1.1928 -0.1198 126.0067 0.4769 9.2293 7.9294 15.1741 7.4168 -16.5247 51.1514 -2.9760 -5.3543 6.2161 6.6448 0.9064 0.1474 55.4504 -0.1722 -9.2410 8.3194 -4.1404 1.9080 -5.3065 -2.0730 8.8692 -21.6090 -3.1483 0.0992 25.4440 -0.0871 -0.5408 -2.9822 -4.9495 -1.4530 -1.1575 1.1089
-29.2182 94.7703 353.1978 -7.2230 -0.0562 -3.7896 1.3839 2.4143 -0.4521 0.4025 -4.0918 -2.6975 3.4080 10.9689 -3.5855 1.6262 -0.8126 2.1546 -0.8437 -3.6601 0.0636 0.9473 -11.9082 -1.0712 -0.0228 0.0374 -0.0570 0.6845 -10.5671 -3.9072 -0.7339 -10.5964 3.7992 -5.9593 14.2528 -7.3882 -68.3784 -0.6672 -7.2183 -0.5684 -0.3663 -126.2427 -2.1337 1.4878 -5.8242 -15.1947 10.6709 15.9115 -59.2908 1.5548 2.5332 10.5152 14.8770 7.0080 57.9683 12.6600 -0.4192 1.5620 -0.1295 123.2303 -0.0625 8.5782 7.7266 15.3680 7.4288 -16.3536 50.9939 -3.0752 -5.1974 10.7495 0.7013 1.2042 0.0003 68.0023 -0.4949 -7.2822 1.6862 -4.6258 1.9582 -5.3407 -2.1138 11.9929 -19.5542 -4.1473 -0.0579 33.7336 -0.1516 -1.6146 -11.3918 -5.3330 -1.4292 -0.0060 1.0587
-29.8151 93.4536 359.3566 -8.1796 -0.2815 -2.6824 2.0361 2.8916 -0.2224 0.5171 -3.9352 -2.0078 4.0618 11.5690 -2.9839 1.3101 -1.4089 1.9454 -0.9811 -3.6661 -0.5366 0.8627 -13.1227 -2.2616 -0.0297 0.0179 -0.0291 0.6884 -10.5850 -3.8790 -0.7550 -10.6148 3.8329 -7.2009 15.0621 -6.2850 -69.8309 0.1452 -6.9863 -0.8478 -0.1669 -125.6290 -2.5039 1.9958 -5.3528 -15.0847 10.6274 15.6881 -59.2232 1.6356 2.3444 11.0443 14.9158 8.1393 57.2567 8.6740 0.4499 1.7661 -0.0227 121.1935 -0.2314 8.9746 7.8775 15.3767 7.4220 -16.1163 50.7863 -3.0908 -5.1123 12.8893 -7.2096 -1.0056 -0.2457 76.9833 -0.6905 -5.3733 -3.1416 -5.0275 1.9280 -5.6303 -2.1397 13.0394 -15.9564 -5.0344 -0.0944 37.1314 -0.2567 -1.6518 -17.9607 -5.4542 -1.4169 0.6176 1.0040
-30.2733 92.9887 365.5944 -7.7426 0.1837 -1.6404 2.2518 3.1321 0.1498 0.4399 -3.8289 -1.0867 3.8783 11.5333 -2.2769 1.3347 -2.0303 1.8597 -1.1962 -3.5661 -1.3647 0.9411 -13.9138 -3.7738 -0.0259 0.0123 0.0267 0.7011 -10.6233 -3.8300 -0.7639 -10.6621 3.8947 -7.9968 15.7613 -4.8376 -71.5337 2.3839 -6.9464 -0.7190 0.0311 -126.7197 -3.4113 1.0221 -4.8932 -15.0453 10.5709 15.5552 -59.2324 1.7184 2.2185 9.9236 14.6602 9.2415 58.8102 4.9057 1.2912 1.9009 0.1572 121.1911 -0.2622 8.4370 8.1865 15.4376 7.4552 -16.0133 50.6897 -2.9438 -5.0850 12.8886 -16.4148 -3.6624 -0.5500 81.3015 -0.8091 -3.4308 -6.5281 -3.9923 1.8419 -5.6648 -2.0904 12.3896 -11.6224 -5.0064 -0.1479 37.0741 -0.2957 -1.0288 -22.4424 -5.8866 -1.4266 0.5332 0.9513
-30.5245 93.6697 371.8618 -6.1130 0.9717 -0.9009 1.9400 3.1454 0.6018 0.2063 -3.7835 0.1260 3.0541 11.1351 -1.5649 1.4422 -2.3887 1.8664 -1.4699 -3.5665 -2.5594 1.4037 -13.8990 -5.5391 -0.0270 -0.0085 0.0210 0.6928 -10.6242 -3.8182 -0.7606 -10.6645 3.8698 -8.7416 16.1104 -3.2418 -72.6668 5.6548 -6.6251 -0.4378 0.2173 -128.9252 -4.6731 -2.0358 -4.7313 -15.1870 10.6197 15.5919 -59.3824 1.7463 2.1786 7.8332 14.3085 10.3461 61.6654 1.7936 1.9865 1.7226 0.2998 122.6557 -0.2820 6.9067 8.6272 15.4938 7.5169 -16.0089 50.7611 -2.8040 -5.0606 10.6350 -24.7203 -5.0846 -0.4495 78.9531 -0.5174 -2.3695 -8.5442 -1.0476 1.7733 -5.7212 -2.0212 10.4200 -6.1655 -4.1295 -0.1860 33.3244 -0.2255 -0.0154 -23.1970 -6.7687 -1.4299 -0.6478 0.9354
-30.7340 95.1807 378.6597 -3.6476 1.9999 -0.1191 1.1489 2.7474 0.8113 -0.1240 -3.7882 1.4268 1.7575 10.5002 -0.8034 1.7746 -2.2618 1.7115 -1.8161 -3.6290 -3.6359 2.0843 -12.7498 -7.2611 -0.0212 -0.0329 0.0470 0.7009 -10.6330 -3.7783 -0.7581 -10.6694 3.8743 -9.5511 16.2942 -1.8326 -72.5925 8.7098 -5.6991 -0.1812 0.1858 -130.9718 -5.7486 -4.7999 -4.6405 -15.5456 10.7572 15.7666 -59.8646 1.6934 2.1908 5.5801 14.1297 11.1574 64.6602 -0.1414 3.4341 1.0073 0.2916 125.0378 -0.5529 4.9767 9.3298 15.7062 7.5832 -15.9590 50.8690 -2.7814 -5.0253 6.4666 -30.4682 -4.8908 -0.1295 69.4728 -0.1326 -2.5679 -8.6290 2.5013 1.7735 -6.1827 -2.0057 7.6147 -0.1753 -2.9151 -0.2134 27.3272 -0.2383 1.3113 -19.4458 -7.8818 -1.4298 -3.9624 0.9422
-30.8497 97.0205 385.8330 -1.0245 3.2027 0.6326 0.1774 1.9600 0.8892 -0.4567 -3.9666 2.7175 0.3736 9.8650 -0.0638 1.9528 -1.7176 1.4840 -2.1251 -3.6843 -4.6243 2.8547 -11.1178 -8.8039 -0.0053 -0.0431 0.1399 0.7068 -10.6290 -3.6796 -0.7317 -10.6752 3.9548 -10.1445 16.3629 -0.8302 -72.0150 11.2744 -3.9826 -0.0539 0.1849 -132.5686 -6.2726 -6.6866 -4.5035 -15.7656 10.6823 15.8826 -59.9853 1.5895 2.3114 3.3903 13.8617 11.6048 67.2951 -1.1456 5.1651 0.5699 0.3262 127.9394 -0.4340 2.4907 9.5824 15.5460 7.6511 -16.0967 51.0184 -2.7653 -5.1487 1.5429 -33.1555 -3.6455 0.0870 54.5119 0.0799 -3.4813 -7.3446 5.3132 1.8051 -6.0501 -2.0528 4.4866 5.6124 -2.8429 -0.1982 21.2062 -0.2091 1.9861 -12.0378 -7.6270 -1.4409 -10.0252 1.0180
-31.0676 98.5933 393.4063 0.4503 4.3295 1.0494 -0.2162 0.9179 0.8828 -0.6135 -4.2542 3.3938 -0.6053 9.2862 0.8844 1.9609 -0.8566 1.2999 -2.3566 -3.6854 -5.4692 3.3482 -9.4042 -9.5924 0.0008 -0.0387 0.1745 0.7089 -10.6451 -3.6567 -0.7210 -10.6975 3.9975 -10.2837 16.4156 0.1242 -71.7303 13.2505 -1.6172 -0.1516 0.0316 -133.6950 -6.3647 -7.5592 -4.2039 -15.8544 10.5927 16.0675 -59.8406 1.5467 2.4057 1.4926 13.3958 11.8929 69.2428 -1.4204 7.6739 0.3975 0.3905 130.8051 0.2198 -0.1143 9.1729 15.6511 7.6710 -16.2153 51.0791 -2.7604 -5.2571 -1.7368 -32.6308 -2.4758 0.1495 36.1181 0.1826 -5.1541 -6.4091 6.2808 1.8188 -5.2480 -2.0880 2.4374 10.0680 -3.1781 -0.1538 17.0148 -0.2525 2.0728 -1.7065 -6.7382 -1.5153 -17.3614 1.2063
-31.2258 99.6653 401.2179 0.0924 4.9577 1.0548 0.2493 -0.1311 0.8420 -0.5482 -4.5964 3.4623 -0.8306 8.8918 1.7697 2.1277 0.0633 1.1063 -2.6166 -3.6533 -6.0177 3.3309 -7.4602 -9.7704 0.0009 -0.0270 0.1455 0.7091 -10.6453 -3.7042 -0.7200 -10.6861 3.9819 -10.3784 16.7043 0.7610 -71.6430 14.4648 1.2360 -0.7560 0.0146 -134.3704 -6.2360 -7.7291 -3.3415 -15.8564 10.5928 16.1353 -59.6593 1.5538 2.4326 0.6198 12.9389 12.2048 69.9270 -1.3674 10.9392 0.2430 0.3679 132.9515 1.5342 -2.3952 8.2380 15.7735 7.6558 -16.1984 51.0792 -2.7654 -5.1555 -2.3470 -30.1041 -1.9884 -0.0320 18.8205 0.0420 -7.5723 -6.5478 5.4902 1.7120 -5.1203 -2.2030 2.3420 12.7187 -2.8871 -0.1061 16.6153 -0.3002 2.1699 9.4938 -6.0574 -1.6020 -21.5356 1.3301
-31.4252 100.1725 409.2507 -0.7860 4.9915 0.8865 0.5870 -0.8940 0.8078 -0.3978 -4.8588 3.2320 -0.6289 8.8264 2.0584 2.5500 0.6385 1.0174 -2.7313 -3.7126 -6.4715 2.9857 -5.3926 -9.6043 -0.0017 -0.0604 0.0634 0.7007 -10.6033 -3.7699 -0.7153 -10.6410 3.8791 -11.3773 16.9478 0.5995 -70.7931 14.9636 3.5869 -1.2925 0.2741 -134.6341 -6.3401 -7.2264 -2.2401 -15.6336 10.7315 16.1215 -59.5826 1.6596 2.4420 1.5028 12.6540 12.6133 68.9391 -1.5161 13.9422 0.3913 0.1897 133.8983 2.8658 -3.7215 7.3953 15.5692 7.5332 -16.0901 50.7044 -2.8544 -5.0276 -2.0250 -27.7753 -2.3643 -0.0598 9.2053 -0.1290 -8.4308 -6.2692 4.9194 1.5685 -5.6029 -2.3331 2.8237 12.3362 -2.2513 -0.1661 22.6047 -0.1903 3.3932 18.8206 -5.2913 -1.4619 -17.2679 1.1465
-31.4172 99.6198 416.7690 -0.5740 3.9761 0.9315 0.0645 -0.7683 0.6894 -0.4718 -4.8420 2.9816 -0.6616 9.1727 1.5317 3.0622 0.8279 1.0125 -2.7006 -3.7419 -6.5985 2.7093 -4.3467 -9.3600 -0.0061 -0.0647 0.0725 0.7056 -10.5753 -3.7523 -0.7274 -10.6089 3.8767 -12.7079 16.9190 -0.2712 -69.3965 14.5554 4.1331 -1.3185 0.3346 -134.0934 -6.4036 -6.0234 -1.6569 -15.2410 10.8428 16.2502 -59.4020 1.8015 2.6073 2.8677 12.3567 12.8302 67.8459 -2.0325 15.8890 0.9574 0.1917 133.5068 3.6321 -3.4466 7.5037 15.4141 7.5733 -16.0966 50.6377 -2.7902 -5.2487 -2.8091 -26.0678 -3.0919 0.0812 10.8403 -0.0639 -7.2594 -5.6552 4.6719 1.6094 -5.4865 -2.4214 1.8221 9.8874 -2.5269 -0.2119 34.0728 0.1341 6.1481 22.7070 -3.2428 -1.2987 -8.9341 1.0054
-31.3427 97.9335 424.0283 0.5309 2.0632 1.0980 -0.8975 0.1311 0.4501 -0.6778 -4.5659 2.6433 -1.0089 9.7395 0.6922 3.2992 1.1244 1.1523 -2.6353 -3.6398 -6.3085 2.4707 -4.7777 -9.2481 0.0001 -0.0539 0.0852 0.7253 -10.5966 -3.7505 -0.7355 -10.6452 3.9007 -13.6854 16.5434 -1.4409 -67.7115 13.1472 3.2378 -1.3206 0.2852 -132.4375 -5.8289 -5.2427 -1.9116 -15.0793 10.8572 16.3489 -59.3202 1.8407 2.7025 3.5875 12.2505 12.7344 67.4048 -2.3200 17.3954 1.2129 0.0126 132.0792 3.6314 -2.4072 8.5495 15.6561 7.7626 -16.1968 50.7315 -2.5551 -5.4614 -4.6327 -24.7465 -3.4743 -0.0664 19.8423 -0.0075 -3.2789 -3.2249 3.7686 1.7634 -4.3309 -2.3006 -0.5335 6.6685 -3.6015 -0.1637 47.8809 0.4493 7.9196 19.1150 -1.8823 -1.2501 -5.5099 0.9862
-31.2213 95.5893 430.9119 1.8721 -0.2690 1.0970 -1.5085 1.5456 0.3029 -0.8992 -4.1442 2.2246 -1.9750 10.4262 -0.1194 3.4263 1.8727 1.4124 -2.4700 -3.6903 -6.2479 2.3526 -7.1921 -9.1704 0.0142 -0.0248 0.1123 0.7617 -10.6140 -3.7405 -0.7476 -10.7008 3.9447 -15.0999 16.3093 -3.3404 -64.6482 10.0870 1.7666 -1.5150 -0.2300 -129.2415 -4.9032 -4.5965 -2.8682 -14.9280 10.9219 16.2412 -59.3573 1.7282 2.4553 4.3947 12.5322 12.2303 67.3787 -2.6949 18.1645 1.4730 -0.1154 129.2840 3.3777 -1.2925 10.6539 16.0083 7.8263 -16.2831 50.4793 -2.5852 -5.4347 -7.0504 -24.5177 -3.7930 -0.0287 32.7489 -0.0011 1.0289 -9.2483 4.6078 1.6796 -1.6118 -2.1017 -3.3829 2.6544 -4.2908 0.0850 61.1759 0.6210 6.4151 11.7772 -2.3996 -1.2398 -4.7841 0.9791
-31.1847 93.8184 437.8850 2.8646 -2.1097 0.3931 -1.6182 2.5410 0.2550 -1.0860 -3.7841 1.9246 -3.1318 11.3480 -0.7517 3.2696 2.3554 1.4347 -2.4416 -3.6753 -5.7887 2.5787 -8.7843 -9.0261 0.0146 0.0058 0.1032 0.7527 -10.6064 -3.7604 -0.7392 -10.7134 3.9518 -17.1976 16.0770 -4.9088 -59.5658 6.3573 -1.2403 -1.1846 -0.3402 -124.1702 -5.1366 -0.9421 -3.9464 -14.7741 10.9571 15.9106 -59.4058 1.6534 2.2723 5.8558 13.2659 11.5363 67.6286 -2.4067 19.0437 1.0848 -0.0358 124.6156 3.2542 0.5353 13.6103 16.0445 7.8800 -16.3570 50.4374 -2.8191 -5.2944 -8.9788 -21.8729 -2.5866 0.1123 40.9181 0.1837 2.0388 -17.0293 4.6138 1.6366 -0.5196 -2.0563 -5.6186 -2.7375 -3.4474 0.3699 71.6201 0.7089 3.4425 4.2599 -3.1490 -1.3039 -4.9644 1.0034
-31.2098 92.7848 444.4025 2.8354 -2.8467 -0.9460 -1.3604 2.9611 0.1648 -1.0534 -3.5480 1.5936 -3.5991 11.8650 -1.1196 2.4608 2.2655 1.6563 -2.2399 -3.6622 -5.1985 2.7442 -8.7252 -8.4856 0.0146 0.0057 0.1399 0.7354 -10.6235 -3.7296 -0.7217 -10.7375 4.0003 -18.5279 15.7517 -5.8036 -55.2156 3.0604 -4.0560 -1.0479 0.0037 -120.4191 -8.1352 7.3815 -4.9756 -14.7108 11.3157 15.7489 -60.1163 1.7472 2.1491 6.9389 13.9122 10.7437 68.9038 -0.7743 19.0660 0.5562 0.0980 120.4020 2.9125 2.2081 15.3815 15.8408 8.0679 -16.2881 50.7620 -2.7787 -5.0820 -9.1667 -17.7359 -1.4547 0.1364 44.1015 0.3024 2.3347 -23.0537 4.2709 1.6380 0.2816 -2.0251 -6.4360 -9.4278 -1.5860 0.7841 78.0652 0.8855 0.7067 -1.5186 -3.4195 -1.3094 -5.6179 0.9982
-31.2845 92.5353 450.7174 2.4783 -2.4508 -2.3261 -1.3586 3.0736 -0.1610 -0.9290 -3.4542 0.9887 -3.7727 11.6348 -1.8011 1.7184 1.8246 1.9415 -1.9089 -3.6910 -4.2084 2.6657 -8.5560 -7.4628 0.0133 -0.0326 0.0894 0.7364 -10.6508 -3.7811 -0.7247 -10.7714 3.9550 -17.4265 15.2861 -6.2080 -55.3314 0.9071 -4.2439 -1.3474 0.1734 -121.7879 -10.6889 8.3619 -6.5031 -14.8652 11.5682 15.8371 -60.6904 1.7254 2.2066 7.8220 14.0605 9.7686 70.1980 2.5217 18.4230 0.1167 0.1487 121.2956 3.1484 -1.1833 15.5771 15.7113 8.1887 -16.2839 51.0768 -2.7955 -4.9370 -8.9050 -12.9437 -1.3555 0.1437 43.3079 0.3560 2.1926 -26.8273 5.0555 1.6501 0.0523 -1.9546 -6.8982 -17.3105 0.1944 1.2708 80.3746 1.2283 -0.6341 -5.3995 -1.9506 -1.3246 -5.7102 0.9742
-31.5244 93.3106 457.3233 1.4571 -1.4862 -3.2620 -1.2772 2.9658 -0.6501 -0.7299 -3.4821 0.1204 -3.4722 10.9025 -2.9055 1.0633 1.3926 2.4018 -1.5800 -3.6870 -3.2241 2.3224 -8.4886 -6.2273 0.0070 -0.0543 -0.0264 0.7367 -10.6555 -3.8903 -0.7377 -10.7940 3.8376 -14.6558 14.6415 -6.2741 -59.1610 0.1891 -2.0009 -1.8611 0.1561 -126.5339 -11.3326 1.2138 -6.1861 -14.7687 11.6213 15.9385 -60.6607 1.4518 2.4070 8.4721 13.9061 8.1592 71.0884 6.9263 17.3473 0.2109 -0.1704 126.4230 4.6998 -11.3134 15.2444 15.9383 8.0287 -16.3149 51.2838 -2.9202 -5.1786 -7.9739 -6.8159 -1.9574 0.1574 38.1428 0.3820 2.1318 -27.2120 6.3032 1.7304 -1.3281 -1.9390 -6.0404 -24.1304 1.4000 0.6609 77.0860 0.4699 -0.3784 -7.2085 -0.1464 -1.3379 -5.6005 0.9235
-31.9672 95.0499 464.0134 -0.4829 -0.2175 -4.0576 -0.9101 2.4373 -0.9980 -0.5662 -3.6359 -0.9127 -2.4317 10.0499 -4.0546 0.5574 1.4792 2.5709 -1.1712 -3.7297 -2.3711 1.8023 -7.8568 -4.7022 -0.0055 -0.0462 -0.1102 0.7321 -10.6141 -3.9636 -0.7535 -10.7487 3.7471 -11.7663 14.2059 -6.6200 -64.1310 1.1318 0.7076 -2.1604 0.2093 -131.5244 -10.7655 -8.7871 -3.7488 -15.2405 11.4876 16.1697 -61.1707 1.0271 2.8267 8.8272 13.6421 5.7222 71.3823 11.3322 16.3252 0.4955 -0.3647 131.9622 7.3128 -23.1238 14.0175 16.5460 7.9153 -16.2349 51.9586 -2.8613 -5.4399 -6.0483 0.0521 -2.8123 0.2333 30.4904 0.5302 1.8576 -22.4805 7.1933 1.8563 -5.2374 -2.1032 -3.0286 -28.3065 1.7140 0.0628 67.1005 -0.1129 0.5680 -7.5907 -0.6526 -1.3470 -5.7198 0.8707
-32.6592 97.1392 470.9087 -2.5779 1.0940 -4.6978 -0.4902 1.4525 -1.1883 -0.4032 -4.0006 -2.0588 -1.2578 9.3972 -5.0804 0.2402 2.2726 2.5529 -0.8229 -3.7557 -1.3734 1.3054 -6.8464 -3.4316 -0.0106 -0.0170 -0.0597 0.7304 -10.6135 -3.9073 -0.7591 -10.7301 3.7922 -9.3314 14.0250 -6.9571 -67.9933 3.1812 2.2851 -2.0630 0.2304 -135.1379 -10.5902 -15.3462 -1.1941 -16.0342 11.4764 16.4967 -62.5898 0.6443 3.3982 8.6968 13.7607 3.3716 71.6731 15.0265 15.6356 0.4971 -0.4689 135.8889 10.2215 -31.8327 11.8998 17.1916 7.8949 -16.3166 53.0876 -2.9218 -5.8872 -3.8691 6.5672 -3.1201 0.2063 22.8830 0.7128 1.6823 -13.2993 7.9063 2.0522 -12.0966 -2.4375 0.5454 -29.1092 1.8113 -0.1035 51.3579 -0.1944 1.2976 -6.5949 -2.9920 -1.3701 -5.5468 0.8052
-33.5394 98.9760 478.1716 -3.6162 2.0472 -4.7885 -0.4381 0.3687 -1.4373 -0.4046 -4.4670 -3.0096 -0.6022 8.7885 -5.9339 0.1544 3.6806 2.4568 -0.7022 -3.7254 -0.9478 0.9227 -5.3925 -2.3657 -0.0191 0.0246 -0.0138 0.7154 -10.6211 -3.8630 -0.7586 -10.7036 3.8390 -7.5461 14.0442 -7.3176 -70.2102 5.3272 2.0295 -1.6388 0.2903 -137.0396 -11.6236 -18.7138 1.5410 -16.9712 11.8079 16.8833 -64.4622 0.2328 4.0917 7.7801 14.1252 1.2913 72.7945 17.9364 14.8579 0.5581 -0.3414 137.9285 13.4346 -37.6575 8.8555 17.9741 8.2529 -16.6943 55.3050 -3.0586 -6.7091 -2.8734 11.7806 -3.5834 0.1300 17.5836 0.8887 1.5813 -1.4827 8.9895 2.3224 -19.4142 -2.7037 2.2159 -26.7643 2.7109 -0.0751 32.0927 -0.0879 0.9969 -5.2285 -5.7846 -1.4332 -5.1081 0.8359
-34.1601 100.2374 485.7135 -2.9054 2.4484 -4.3365 -1.0872 -0.6069 -1.4916 -0.5527 -4.8724 -3.7091 -0.8410 8.3364 -6.4648 0.2364 4.8284 2.4979 -0.7634 -3.6719 -1.0055 0.6376 -3.4031 -1.9299 -0.0187 0.0279 0.0723 0.7125 -10.6319 -3.7836 -0.7542 -10.7010 3.9326 -7.3332 13.5953 -8.0533 -70.0714 6.7830 1.0547 -1.3466 0.3627 -138.1671 -14.0353 -21.2010 4.5589 -17.9504 12.3440 17.2981 -66.2770 -0.1080 4.8085 7.3292 14.4932 -0.0086 73.5271 20.2292 13.9971 0.5422 -0.2893 138.5350 16.7471 -39.9659 5.8003 18.9873 8.7605 -17.2685 57.5809 -2.7423 -7.8923 -3.8195 14.7600 -4.5239 0.0559 17.1146 0.9860 0.9902 9.6843 10.9322 2.4210 -22.3393 -2.6422 0.8766 -23.3390 5.0787 -0.0078 14.8032 -0.0249 0.9028 -4.5169 -6.8948 -1.4626 -4.9664 0.9825
-34.6484 100.9101 493.1638 -1.6999 2.3188 -3.9505 -1.7448 -1.2593 -1.2074 -0.6617 -5.0934 -4.0164 -1.4100 8.2464 -6.6617 0.1927 5.0577 2.7011 -0.9385 -3.7159 -1.0861 0.3373 -1.2941 -2.1098 -0.0053 -0.0071 0.1655 0.7160 -10.6099 -3.6821 -0.7306 -10.6927 4.0149 -9.3420 12.8020 -8.9238 -67.8231 6.8542 0.1894 -1.2649 0.3938 -138.7911 -16.7391 -23.9715 6.9305 -18.7674 12.9397 18.0423 -68.2510 -0.4723 5.8561 8.4256 14.5308 -0.1901 72.2044 21.7692 13.0262 0.3889 -0.1607 137.8186 20.1572 -38.8527 3.4945 20.0189 9.2628 -18.0476 59.4814 -1.9853 -9.3204 -5.2517 14.9707 -5.3291 0.0054 22.4304 1.0857 -0.6576 16.0215 12.8756 2.1551 -17.2676 -2.2697 -0.7948 -20.7300 6.3037 -0.0152 5.0412 0.0060 2.2621 -3.3479 -6.3602 -1.4190 -5.0307 1.1341
-34.9468 100.7311 500.3025 -1.2555 1.6651 -3.9050 -1.7328 -1.3268 -0.8262 -0.6116 -5.1698 -3.9289 -1.7424 8.5981 -6.4596 -0.1794 4.4327 2.9165 -1.1531 -3.7243 -1.0254 0.0481 -0.3091 -2.5205 0.0081 -0.0348 0.2226 0.7209 -10.5182 -3.5965 -0.7081 -10.6112 4.0362 -11.8168 12.3844 -9.4586 -65.7499 5.5951 -0.7379 -1.2968 0.5165 -138.6398 -18.4853 -26.9854 8.3192 -19.9724 13.8195 19.1314 -71.2087 -0.7571 7.6081 10.0329 14.1579 0.7062 69.6192 22.5167 12.3533 0.0782 -0.1356 135.9290 23.1574 -35.5497 2.5396 21.0458 9.7923 -18.9905 62.0547 -0.7978 -10.9856 -5.6097 13.3029 -5.1470 0.0246 31.3813 1.1250 -2.8060 17.5481 13.5324 1.9701 -11.8291 -2.0920 -1.0309 -19.5623 5.6072 -0.0088 3.9827 0.0075 4.1916 -1.1506 -5.4366 -1.3755 -5.1503 1.2007
-35.2002 99.7086 506.7502 -1.9739 0.5462 -4.2602 -0.9429 -0.8272 -0.5771 -0.4582 -5.0875 -3.5140 -1.4675 9.2158 -5.7992 -0.9284 3.3898 3.1499 -1.2538 -3.6658 -1.1542 -0.0842 -0.7918 -2.7165 0.0165 -0.0443 0.2364 0.7402 -10.4395 -3.5567 -0.7099 -10.5336 4.0173 -13.5914 12.5568 -9.4946 -64.8761 3.8816 -2.2579 -1.3813 0.6252 -137.4947 -18.1908 -28.4689 8.5076 -21.5116 15.1733 20.6039 -74.9911 -0.8470 10.1739 11.6019 13.6702 2.5330 66.1238 22.4498 11.3970 -0.1057 -0.3536 133.2363 25.3655 -31.3952 2.4348 21.9649 10.3599 -20.0173 65.3640 0.5440 -12.6340 -4.4426 10.6154 -4.1898 0.0862 42.1141 1.0450 -5.7623 15.9126 12.4421 1.9719 -9.1399 -2.0834 0.1696 -19.6297 4.2422 0.0748 9.4794 0.0172 5.5488 3.5398 -3.4302 -1.3786 -4.9773 1.1591
-35.4814 97.9986 512.5210 -3.5748 -0.9288 -4.5899 0.1336 0.0492 -0.3951 -0.2211 -4.8008 -2.8888 -0.4195 9.9256 -4.9163 -1.7983 2.3516 3.3369 -1.1857 -3.6033 -1.3566 -0.2456 -2.5640 -2.5440 0.0199 -0.0389 0.2185 0.7675 -10.4314 -3.5790 -0.7311 -10.5142 4.0031 -14.4758 12.9708 -8.9809 -64.9435 2.4903 -4.1199 -1.6985 0.7416 -135.0412 -15.9793 -26.9012 7.2895 -22.7435 16.8640 21.9099 -78.6730 -0.8519 12.4698 12.8171 13.4119 4.8305 62.3500 21.3571 9.9669 -0.1889 -0.6743 130.1896 26.3367 -27.5529 2.3135 22.6191 11.0500 -20.8613 68.2839 1.6841 -13.4663 -2.2506 7.3124 -3.8009 0.1942 53.0266 0.8916 -8.9129 11.4053 10.3244 2.0730 -7.3206 -2.1251 2.3457 -20.4279 3.3045 0.0644 19.4200 0.0677 4.3670 4.6517 -1.3450 -1.4232 -4.2810 1.0238
-35.8613 96.1742 518.1852 -5.0078 -2.3587 -4.6800 0.8534 0.8694 0.0233 0.0057 -4.5317 -2.1830 0.6990 10.5957 -4.1843 -2.2238 1.7219 3.3608 -1.2195 -3.6333 -1.6569 -0.2318 -5.0735 -2.4935 0.0208 -0.0653 0.1548 0.7698 -10.4720 -3.6431 -0.7324 -10.5316 3.9454 -15.1830 13.2536 -8.0872 -64.8135 2.0834 -5.5342 -2.1313 0.6557 -131.6845 -13.4715 -22.0881 5.0952 -23.7095 17.6016 22.1452 -80.7975 -1.0693 13.0688 14.0758 13.2518 7.2261 58.4843 19.1594 8.3646 -0.2664 -0.7961 126.6149 25.8846 -24.4655 1.7958 23.2252 11.6295 -21.0396 70.3652 2.7580 -13.0482 -0.6507 3.5972 -5.4142 0.3332 61.9457 0.8255 -11.2827 6.2502 9.8889 2.2329 -5.6058 -2.1913 4.5347 -20.5239 2.2577 0.0287 29.9165 0.1173 1.3686 -1.5447 -0.4658 -1.4093 -1.7042 0.8761
-36.1193 95.1030 523.9890 -5.7657 -3.0254 -3.8636 1.2252 0.9480 0.3210 0.0754 -4.4560 -1.4668 1.4227 11.2379 -3.5789 -2.1628 1.1820 2.9972 -1.2427 -3.5794 -1.9092 -0.3011 -6.4530 -3.0995 0.0150 -0.0640 0.1427 0.7561 -10.5116 -3.6719 -0.7314 -10.5392 3.9541 -16.8210 13.4161 -7.0401 -62.9592 2.9627 -6.9765 -2.1094 0.5075 -128.6474 -11.7825 -14.8271 2.9939 -24.5083 17.9624 21.6041 -82.7723 -1.7066 12.2069 15.4410 13.1356 9.1670 55.6042 16.0682 7.2180 -0.4417 -0.8182 122.6219 24.2467 -20.0448 1.5032 23.4359 12.4333 -21.3037 72.0841 3.5441 -12.2325 0.1254 -0.6590 -8.8291 0.6025 66.8122 0.9670 -11.7165 3.0213 12.2209 2.3389 -5.7138 -2.3049 5.5947 -18.0803 0.9480 -0.0426 34.8843 0.0677 -1.2606 -7.4928 0.1336 -1.4074 -0.5774 0.7484
-36.1972 94.9739 529.8605 -5.6174 -2.9823 -2.2051 1.2489 0.8175 0.6043 -0.0115 -4.4835 -0.7153 1.4952 11.2249 -3.0673 -1.5261 1.0288 2.5458 -1.4668 -3.5363 -2.4445 -0.1310 -7.3279 -4.3641 0.0104 -0.0603 0.1158 0.7427 -10.5570 -3.7090 -0.7270 -10.5717 3.9378 -17.1838 13.5975 -5.9915 -61.8863 4.7076 -8.1640 -1.6995 0.2841 -127.7015 -11.7328 -9.7705 1.5274 -25.0468 18.0729 21.1426 -83.6847 -2.1472 11.2306 15.1894 13.0315 10.5619 55.9019 12.8278 7.0444 -0.7543 -0.7576 120.8917 22.4712 -17.0541 0.4445 23.2551 13.1185 -21.6813 73.0975 4.0504 -11.5950 0.1057 -5.4308 -12.4741 0.7756 68.5772 0.9935 -10.6292 0.6496 15.8007 2.3481 -5.8999 -2.3634 5.3349 -13.9748 -0.2153 -0.0665 35.1411 0.1427 -3.0101 -11.2778 -0.1037 -1.4118 -0.3312 0.7093
-35.9346 96.0295 535.4588 -4.7469 -2.5796 -0.1196 1.0068 0.8110 0.8668 -0.1725 -4.5313 0.0678 1.0623 10.6521 -2.4962 -0.6664 0.8220 2.1140 -1.6897 -3.5055 -3.1328 0.0088 -7.9097 -6.0692 0.0166 -0.0578 0.1523 0.7249 -10.6059 -3.6807 -0.6977 -10.6295 3.9767 -16.6039 13.7942 -4.9496 -61.9222 6.9275 -8.7921 -1.0842 0.2649 -128.5794 -11.3212 -8.3259 0.8492 -24.8491 18.3119 21.1837 -83.8141 -2.0054 11.1329 13.7090 12.8819 11.4537 58.4116 10.3154 7.6584 -1.0143 -0.7164 122.8755 21.0181 -19.5164 -1.8721 22.9865 13.5832 -22.3482 73.9374 5.1930 -12.5543 -0.6339 -9.8949 -15.2101 0.8357 66.7635 0.8959 -7.8238 -0.8746 19.6600 2.2960 -6.2697 -2.3732 4.3526 -8.2867 -0.3264 -0.1643 30.8760 0.2407 -4.3885 -11.7014 -2.1925 -1.4454 -1.5737 0.7532
-35.4083 97.9888 541.3405 -3.5111 -2.1714 1.9569 0.5168 0.7421 0.9004 -0.3014 -4.4847 1.0427 0.5195 10.0660 -1.9734 -0.0154 0.5281 1.8726 -1.9567 -3.6151 -3.8734 0.2162 -8.2975 -7.8918 0.0246 -0.0512 0.1628 0.7357 -10.6215 -3.6748 -0.6924 -10.6521 3.9849 -16.0760 14.1659 -4.0653 -62.6000 8.9932 -8.2114 -0.7209 0.0370 -129.8516 -9.3522 -8.7789 0.3815 -24.6897 18.7156 21.7857 -84.1455 -1.5792 11.9031 11.3137 12.8067 11.9960 61.6914 8.9037 9.7154 -1.5894 -0.7664 126.2100 18.9242 -23.4274 -3.6970 23.2076 13.4075 -22.6894 75.0468 4.9804 -14.2804 -1.7846 -12.6514 -16.4399 0.6144 60.6986 0.4862 -3.6748 -1.4256 22.6340 2.2219 -6.6702 -2.3670 3.2012 -1.9426 -0.0537 -0.2739 24.3905 0.2730 -5.7943 -7.1994 -5.4572 -1.4563 -4.5457 0.8382
-34.6233 100.5003 546.8590 -2.3193 -1.6501 3.4446 -0.0410 0.5014 0.9743 -0.3996 -4.5507 1.9448 0.0205 9.5186 -1.5078 0.6241 0.2508 1.8251 -2.1213 -3.6695 -4.7161 0.3749 -8.3312 -9.0185 0.0389 -0.0675 0.1874 0.7512 -10.6103 -3.6438 -0.6784 -10.6582 3.9956 -15.4879 14.8553 -3.2448 -64.0784 11.1771 -7.0181 -0.2312 0.0919 -130.6268 -6.5060 -9.7599 0.2478 -24.5990 19.1613 22.7439 -85.1740 -0.7210 13.0193 8.6578 13.0190 12.5064 64.2674 7.7149 11.2100 -1.3051 -0.5682 129.0667 16.9301 -26.5137 -4.7548 23.2280 13.1731 -22.9007 75.9282 4.5909 -15.3480 -2.6310 -13.6222 -15.8517 0.3418 51.4752 0.0527 -0.0185 -1.2976 23.0393 2.1518 -6.6544 -2.3654 1.7573 3.1606 -1.0792 -0.2939 18.8744 0.1189 -7.2124 1.8322 -7.1988 -1.4825 -10.4358 0.9822
-33.7621 102.8674 552.0691 -1.2579 -1.0069 4.5401 -0.6723 0.2733 0.9442 -0.5344 -4.6282 2.5213 -0.3879 8.9088 -1.0943 1.3896 0.0809 1.7000 -2.1368 -3.6419 -5.3882 0.4852 -8.6359 -9.3609 0.0394 -0.0589 0.1778 0.7640 -10.5477 -3.6422 -0.6891 -10.6023 3.9723 -14.4056 15.8357 -2.4946 -66.2680 13.0358 -5.2139 0.0096 0.1816 -130.9440 -3.8922 -10.4734 0.8583 -24.5243 19.7670 23.8738 -86.5678 0.3656 14.0148 5.7427 13.2753 12.7108 66.3523 6.8048 12.2729 -0.7239 -0.2699 131.0448 15.5331 -27.6175 -5.1563 23.3330 12.9873 -22.9882 76.9359 3.8807 -15.4741 -3.1029 -13.4089 -12.9251 0.1302 40.8560 -0.3014 2.9509 -0.2762 20.4779 2.0714 -6.0481 -2.3582 -0.0166 5.2944 -3.5693 -0.2092 17.2628 -0.1121 -8.6021 12.8963 -8.0074 -1.5689 -17.2218 1.1472
-32.8027 104.5854 556.8131 -0.5344 -0.6124 5.4290 -1.1056 0.2622 0.8681 -0.7326 -4.6252 2.6866 -0.7827 8.4105 -0.8019 2.4047 0.0170 1.4453 -2.1517 -3.5300 -5.8796 0.5953 -8.9657 -9.3665 0.0296 -0.0309 0.1355 0.7599 -10.4294 -3.6721 -0.7042 -10.4782 3.9202 -12.8149 16.7472 -1.9583 -68.5497 14.6386 -2.8091 -0.1938 0.2321 -131.1741 -1.7727 -11.5243 2.3499 -24.1825 20.4121 24.9634 -87.9687 1.6795 14.9371 2.9425 13.3733 12.5768 67.8511 5.8107 12.5021 0.0322 -0.0291 132.3129 14.6129 -27.8080 -4.9748 23.7333 12.9360 -23.1841 78.2167 3.0455 -15.1493 -3.1866 -12.3916 -8.2304 0.0070 30.7839 -0.4611 3.6640 1.6514 15.4974 1.9775 -5.8162 -2.3183 -1.6374 4.5306 -6.6769 -0.1102 20.5959 -0.3071 -9.6657 21.4310 -8.8320 -1.6313 -19.0657 1.1909
-31.9283 105.4312 561.7109 -0.4019 -0.8027 6.2483 -1.1346 0.4982 0.7467 -0.8854 -4.5797 2.5208 -1.1240 8.1570 -0.7283 3.4149 0.2169 1.2133 -2.1842 -3.4338 -6.2153 0.7958 -8.8431 -9.2491 0.0196 0.0006 0.0796 0.7410 -10.3402 -3.7245 -0.7049 -10.3706 3.8640 -11.2890 17.3973 -1.6839 -69.8378 16.1642 -0.3836 -0.6337 0.2845 -131.3840 -0.4735 -13.3114 4.0444 -23.3217 20.9353 25.5669 -88.4822 3.0997 15.4706 0.8994 13.3913 12.2686 68.6175 4.7782 12.2781 0.4728 0.0088 132.9513 14.1053 -27.6275 -4.5469 24.0233 13.0851 -23.5331 79.0410 2.6271 -14.5828 -2.6492 -10.6586 -3.9716 -0.0649 21.9922 -0.4576 1.3665 2.7203 10.0935 1.9015 -5.9123 -2.2611 -2.3365 2.3743 -8.9820 -0.0731 27.7878 -0.3536 -10.3123 25.2552 -10.7686 -1.5899 -14.8303 1.0577
-31.1550 105.1996 566.7526 -0.4449 -1.5635 6.9637 -1.0533 0.9261 0.5757 -0.9519 -4.5037 2.1909 -1.4477 8.0979 -0.9175 4.1685 0.7960 1.0118 -2.2474 -3.4113 -6.2193 1.1466 -8.5847 -9.0472 0.0147 0.0145 0.0663 0.7359 -10.3338 -3.7376 -0.7097 -10.3491 3.8492 -10.0641 17.9126 -1.6891 -70.3348 17.4535 0.9413 -0.8867 0.3844 -131.5127 0.0547 -15.1889 5.2116 -22.2551 21.3855 25.8798 -88.0264 4.1670 15.6496 -0.3950 13.4497 11.9049 68.9739 3.8533 12.0716 0.5846 -0.1383 132.8344 13.6942 -26.8712 -3.9834 24.1044 13.3539 -23.8110 79.4431 2.6245 -13.7659 -1.8985 -8.5857 -2.1962 -0.0964 14.8597 -0.5134 -2.2771 1.9345 7.0890 1.8471 -5.8644 -2.2604 -2.3549 -0.3601 -9.9283 -0.0922 37.2995 -0.3426 -11.0627 25.5065 -14.3612 -1.5620 -10.4810 0.9236
-30.3144 103.9431 571.5113 -0.1265 -2.7370 7.5432 -1.2194 1.5206 0.4257 -0.9927 -4.4049 1.8473 -1.8109 8.2389 -1.3374 4.5602 1.5188 0.9139 -2.3288 -3.4012 -5.9734 1.5967 -8.4182 -8.7569 0.0052 0.0159 0.0684 0.7385 -10.3965 -3.7452 -0.7317 -10.4011 3.8623 -9.3792 18.1541 -2.0981 -70.3154 18.4129 1.1172 -1.0493 0.5122 -131.5556 0.2108 -16.3954 5.6713 -21.5650 21.3986 25.9197 -87.0493 4.5602 15.5830 -0.7036 13.5155 11.5213 69.0256 3.0395 11.8028 0.5721 -0.2946 131.7008 13.7819 -26.1154 -3.5049 24.0782 13.6148 -23.8843 79.2779 2.9072 -13.0533 -1.6396 -6.7928 -3.2378 -0.0722 10.6367 -0.6481 -4.9268 -0.0416 7.0249 1.7786 -5.6298 -2.3280 -2.2648 -3.5996 -9.4717 -0.1257 48.3034 -0.4177 -12.0966 22.7847 -19.3782 -1.5934 -8.0799 0.8348
-29.4860 101.8268 575.5988 0.9511 -4.2165 7.7966 -1.9024 2.2651 0.3773 -1.1051 -4.1944 1.5442 -2.2616 8.6788 -1.8897 4.6272 2.0629 0.9455 -2.4017 -3.4206 -5.6582 2.0037 -8.1652 -8.3471 -0.0048 0.0022 0.0503 0.7357 -10.4663 -3.7766 -0.7488 -10.4646 3.8646 -9.7052 17.7182 -3.0155 -69.3605 18.8980 0.7371 -1.2702 0.6036 -131.0953 0.3118 -16.6789 5.3819 -21.4222 21.0664 25.6881 -86.0907 4.4531 15.4111 0.5508 13.5604 11.1041 68.4507 2.0890 11.4864 0.5017 -0.3544 129.1961 14.9427 -24.9320 -3.1181 24.0013 13.9908 -23.8040 78.8676 3.7036 -12.5241 -2.6362 -5.8923 -5.8795 -0.0531 10.9072 -0.7116 -4.6522 -0.6662 8.1270 1.7507 -4.8294 -2.3418 -2.5632 -7.4509 -7.4181 -0.1563 60.0605 -0.5142 -11.7628 18.5458 -23.1864 -1.6828 -7.1419 0.8692
-28.7455 99.3496 579.5498 3.1028 -5.8544 7.5875 -3.2159 3.1067 0.3675 -1.3820 -3.8814 1.2047 -2.9905 9.4581 -2.3310 4.5383 2.4930 1.2673 -2.2406 -3.5457 -5.4628 2.2660 -8.2890 -7.9131 -0.0016 -0.0109 0.0446 0.7124 -10.5333 -3.7945 -0.7218 -10.5264 3.8760 -10.6154 16.9097 -4.1212 -67.6304 18.5603 0.0210 -1.4980 0.2969 -130.0606 0.2160 -15.6190 4.7072 -21.7581 20.7088 24.9757 -85.7278 4.1444 14.6664 3.0155 13.6449 10.6668 67.7552 1.0570 11.1330 0.3191 -0.6604 125.6775 16.6721 -21.7724 -2.6471 23.9633 14.3181 -23.4205 78.3563 4.7378 -11.4059 -5.5838 -6.3020 -7.8677 -0.0664 17.0595 -0.6593 -1.6326 -2.5544 9.2047 1.7450 -2.1408 -2.1998 -3.8664 -11.8729 -3.5924 -0.0394 71.8452 -0.4806 -8.9331 13.4526 -23.1829 -1.6875 -6.7611 0.9245
-28.2286 97.2233 584.0163 5.3446 -7.1843 7.2217 -4.3215 3.7277 0.3048 -1.7277 -3.5838 0.9294 -4.0921 10.4626 -2.6514 4.5107 2.6402 1.1597 -2.0357 -3.5310 -4.9925 2.5217 -9.4226 -7.6015 -0.0060 -0.0069 0.0267 0.6918 -10.5455 -3.8173 -0.7109 -10.5335 3.8699 -11.2092 16.4895 -5.2434 -66.2306 17.1516 -1.1844 -1.5056 0.2799 -129.0790 -0.6437 -14.2085 3.8365 -22.1321 20.2242 24.6081 -85.4668 3.3919 14.2171 5.3123 13.8297 9.9439 68.2866 0.1832 10.7342 0.1698 -0.7164 122.2504 18.0819 -16.7865 -1.4861 23.8146 14.6799 -23.3106 78.1452 4.7819 -10.7308 -8.9966 -6.8930 -8.4061 0.0701 25.3708 -0.5106 -0.2250 -8.7345 9.8335 1.7435 -0.5649 -2.1255 -5.3036 -16.4643 1.2328 0.3634 80.9695 0.0078 -6.2747 9.0348 -21.6875 -1.7930 -7.1966 1.0438
-27.9848 95.9807 588.1424 5.9330 -7.7388 6.9821 -4.5411 3.8239 0.2513 -1.8395 -3.3891 0.6239 -4.5954 11.2421 -3.0161 4.4031 2.7466 1.0942 -1.8156 -3.4816 -4.4768 2.5887 -10.1037 -7.4721 -0.0100 0.0053 0.0182 0.6629 -10.5087 -3.8166 -0.6900 -10.4995 3.8577 -11.5210 16.4104 -6.1354 -65.8282 15.6105 -1.9212 -1.0114 0.3156 -129.0485 -1.5831 -12.9416 2.8226 -22.7376 19.7906 24.0778 -85.8380 2.3941 13.9338 6.6572 14.2378 9.0647 69.7441 0.4265 11.1803 -0.2205 -0.7653 120.7119 18.8478 -13.0530 -1.1502 23.4170 14.6111 -23.0644 77.3844 4.4051 -10.6425 -10.1784 -5.7042 -8.6177 0.1325 29.6136 -0.4064 0.6754 -13.1742 9.7033 1.7585 0.1541 -2.0604 -5.3639 -20.7374 4.7056 0.8928 84.4829 0.6694 -5.5211 4.4940 -21.9739 -1.8564 -7.7447 1.1196
-28.0030 95.7118 592.6017 5.1138 -7.6020 6.9701 -4.2839 3.7570 0.1116 -1.7318 -3.3492 0.2408 -4.3218 11.3716 -3.4577 4.3875 3.0843 1.1219 -1.6473 -3.4757 -4.0631 2.4864 -10.3833 -7.0862 -0.0104 0.0014 -0.0044 0.6513 -10.4539 -3.8232 -0.6780 -10.4438 3.8213 -11.2370 16.3820 -6.6010 -66.7342 14.4872 -1.6761 -0.5501 0.1786 -129.6827 -1.6781 -12.8185 1.9483 -23.1598 19.6736 24.0242 -86.5852 1.5624 14.3201 7.2597 14.6087 8.3790 70.9043 1.7844 12.0671 -0.4010 -0.8290 121.1483 19.0290 -12.1668 -1.8442 23.2028 14.1249 -22.7620 77.0080 3.7180 -11.2447 -9.6186 -3.0050 -9.6790 0.1878 29.6216 -0.4080 1.2174 -15.4633 9.9321 1.7725 -0.0019 -2.0189 -4.4678 -24.4595 6.0960 0.4740 82.2886 0.3011 -5.6596 0.7301 -22.7804 -1.8689 -7.7057 1.1707
-28.2028 96.3876 597.0066 3.6329 -7.0301 7.2944 -3.8414 3.5226 -0.1253 -1.5595 -3.4172 -0.0878 -3.7019 11.2064 -3.9013 4.6520 3.2978 1.1358 -1.5959 -3.4502 -3.8048 2.3094 -10.3966 -6.5305 -0.0147 -0.0075 -0.0558 0.6563 -10.4062 -3.8643 -0.6909 -10.4076 3.7599 -10.6671 16.4701 -6.8304 -67.9578 13.8232 -1.0957 -0.2917 0.1334 -130.1553 -1.2922 -13.5601 1.5299 -23.2044 19.7831 24.4510 -87.4516 1.1232 15.2850 7.6141 14.8418 7.7935 71.2797 3.6571 13.2287 -0.4636 -0.9713 121.8510 18.5089 -11.7478 -2.3804 23.4144 13.4739 -22.6457 77.1905 2.7498 -12.3443 -8.2235 0.9633 -11.4310 0.3057 26.0060 -0.3406 1.7979 -14.9364 10.3624 1.8307 -1.0452 -1.9886 -3.1049 -26.8918 5.1747 -0.2860 74.9461 -0.5001 -6.0754 -1.2167 -22.8387 -1.8019 -7.3253 1.1938
-28.4843 97.6283 601.4481 2.0236 -6.4422 7.8810 -3.2474 3.3184 -0.3148 -1.4259 -3.4776 -0.3648 -2.9926 10.9536 -4.2506 4.9447 3.3962 0.9255 -1.5129 -3.4620 -3.6984 2.1946 -10.2886 -5.8077 -0.0143 -0.0111 -0.0612 0.6480 -10.4067 -3.8666 -0.6759 -10.4038 3.7510 -9.9419 16.8974 -7.0377 -69.3938 13.5089 -1.5074 0.4075 0.0708 -130.3702 -1.1206 -14.3580 1.8575 -23.1691 19.9776 24.8899 -87.9591 1.2172 16.1273 7.4859 15.0696 7.1457 71.3056 5.3697 14.6518 -0.5644 -0.9073 122.1433 17.9653 -12.0302 -3.0815 23.4457 13.1863 -22.6049 77.5829 2.3025 -13.2539 -6.7458 5.3880 -13.1596 0.3622 21.7336 -0.2812 2.7865 -11.3367 10.5221 1.8923 -3.4822 -2.0820 -1.5199 -27.6916 1.5741 -0.4769 64.4287 -0.5844 -6.3218 -2.1065 -21.6440 -1.6588 -7.0279 1.1553
-28.7704 98.8090 606.0263 0.8976 -5.8879 8.4123 -2.7357 3.1630 -0.3596 -1.2189 -3.6008 -0.7344 -2.4951 10.7534 -4.3454 4.9948 3.3909 0.7550 -1.4593 -3.4763 -3.4956 2.0653 -10.3533 -5.4163 -0.0117 0.0004 -0.0265 0.6349 -10.4340 -3.8362 -0.6540 -10.4345 3.7875 -8.8593 17.0879 -7.1724 -71.0097 13.5012 -1.9517 0.8115 0.0629 -130.7728 -0.9752 -14.9738 2.6334 -23.2759 20.0857 25.0601 -88.4483 1.3313 16.6771 6.4181 15.1097 6.6942 71.4801 6.8816 15.9062 -0.5264 -0.9657 122.2367 17.6154 -11.6840 -3.5379 23.4543 12.9434 -22.4469 77.8855 1.8549 -13.5268 -5.6357 9.3301 -13.6759 0.3081 18.3656 -0.2265 2.9835 -6.6528 10.7230 1.9706 -6.4319 -2.2568 -0.3591 -27.4256 -3.5366 -0.3761 53.0198 -0.4709 -6.0549 -2.6192 -19.5853 -1.5267 -5.9631 0.9738
-29.1738 99.4695 610.7781 0.5645 -5.5890 8.8256 -2.4044 3.1640 -0.4273 -1.1016 -3.6871 -0.9767 -2.2472 10.6277 -4.2085 4.6937 3.0619 0.6512 -1.3985 -3.4630 -3.5134 1.9377 -10.5419 -5.1419 -0.0095 0.0257 -0.0082 0.6155 -10.4461 -3.8223 -0.6283 -10.4431 3.8081 -7.7672 17.1621 -7.2418 -72.4525 13.3983 -2.3638 0.9955 0.0668 -131.3227 -0.8762 -15.5888 3.3780 -23.3836 19.7356 25.2187 -88.1534 1.2227 17.0698 4.8184 14.9462 6.3645 71.7567 7.8987 16.4931 -0.3838 -0.7786 122.5513 17.9349 -11.3665 -4.0855 23.2477 13.0059 -22.2338 78.1380 1.6047 -13.2692 -5.2424 12.5417 -13.2393 0.2479 16.9615 -0.1111 1.8866 -2.6129 10.2637 2.0648 -9.4664 -2.4136 -0.1422 -26.5360 -8.9845 -0.2186 41.6099 -0.3727 -4.9152 -4.1413 -18.1457 -1.4820 -4.7583 0.8208
-29.6475 99.4233 615.1793 0.8106 -5.4715 9.1363 -2.2229 3.2382 -0.4449 -1.0300 -3.8055 -1.1854 -2.2647 10.7772 -3.9457 4.3388 2.4002 0.7203 -1.3377 -3.4769 -3.4243 1.6592 -10.8436 -5.1055 -0.0067 0.0428 -0.0042 0.6136 -10.4688 -3.8253 -0.6233 -10.4669 3.8181 -6.7497 17.1668 -7.3438 -73.4296 13.1310 -2.5557 1.0487 0.1406 -132.0298 -1.0123 -15.7713 3.5159 -23.4461 19.3031 25.1917 -87.5694 0.9532 17.0180 3.7355 14.8047 6.3084 71.6011 8.3210 16.0051 -0.1305 -0.7434 123.2487 18.0972 -10.8162 -4.1532 23.1474 13.0575 -22.1480 77.8992 1.7403 -12.6417 -5.3139 15.2319 -12.3598 0.2606 16.6338 -0.0210 0.3787 -1.0784 9.7147 2.1323 -11.5374 -2.5113 -0.8737 -25.5815 -13.0550 -0.0472 30.6362 -0.3345 -3.2634 -6.2645 -17.3925 -1.5228 -3.9199 0.7598
-30.1819 98.8333 619.4324 1.1916 -5.2311 9.3929 -2.0631 3.2409 -0.3743 -1.0165 -3.8975 -1.1940 -2.2645 11.1225 -3.8268 4.0399 1.4323 0.8906 -1.3122 -3.4986 -3.7034 1.3138 -11.3850 -5.0822 -0.0069 0.0364 -0.0073 0.6281 -10.5285 -3.8330 -0.6390 -10.5376 3.8230 -5.8012 16.9296 -7.3927 -74.0190 12.7315 -2.8993 1.1915 0.2697 -132.4873 -1.3040 -15.8729 2.8962 -23.2133 18.8833 24.9430 -86.3935 0.6593 16.4841 3.5026 14.8173 6.2805 70.7377 7.8569 14.3559 0.4694 -0.6368 123.8585 17.9522 -10.5404 -3.5585 22.8689 13.3806 -22.2551 77.3192 2.4387 -11.7979 -5.1754 17.6008 -11.6730 0.2796 16.7311 0.0141 -0.7770 -0.5661 9.5770 2.2110 -13.3174 -2.5898 -1.9838 -25.1279 -14.9157 0.0836 21.0977 -0.2887 -1.5246 -7.7606 -17.0237 -1.5449 -4.0210 0.8337
-31.0521 97.8906 623.8953 1.4867 -4.8057 9.5877 -1.9656 3.1055 -0.2707 -1.0317 -3.9593 -1.1423 -2.1475 11.5326 -3.9138 3.8913 0.4062 1.0338 -1.2300 -3.4931 -3.7480 0.9466 -12.2368 -5.0961 -0.0055 0.0317 -0.0088 0.6498 -10.5601 -3.8373 -0.6583 -10.5694 3.8267 -4.9027 16.5092 -7.4935 -74.5265 12.2018 -3.2506 1.4184 0.3784 -132.4822 -1.3680 -15.6681 1.5430 -22.8519 18.6253 24.5586 -85.3764 0.3568 15.6217 4.1338 14.8839 6.4267 69.3942 7.0559 12.3190 0.9376 -0.5811 124.0405 17.6057 -9.6957 -2.1134 22.5702 13.5851 -22.2558 76.3282 2.9597 -10.7091 -4.5412 20.5434 -10.9653 0.2873 15.5324 -0.0486 -1.6663 0.1217 9.3151 2.2698 -14.7176 -2.6096 -3.0745 -25.2035 -15.4088 0.1842 13.8489 -0.2313 0.9118 -8.1805 -16.7169 -1.4952 -4.1334 0.9449
-32.0632 97.0194 629.1080 1.5922 -4.1299 9.9270 -2.0071 2.7807 -0.2679 -1.1434 -3.9859 -1.1195 -1.7808 11.8345 -4.1944 3.9496 -0.7605 1.0298 -1.1054 -3.4609 -3.8316 0.7207 -12.9182 -4.9879 -0.0066 0.0342 -0.0047 0.6579 -10.5606 -3.8394 -0.6653 -10.5709 3.8401 -4.1230 16.0738 -7.6703 -75.0201 11.4701 -3.4886 1.5318 0.3965 -131.6844 -0.9575 -15.1870 -0.5197 -22.2652 18.1504 24.0662 -84.1518 -0.1402 14.5553 5.3803 14.8505 6.4601 67.8717 6.3399 10.6431 1.0546 -0.3322 123.4564 17.4418 -7.5773 -0.0604 22.2969 13.5821 -21.9673 75.1728 2.6562 -9.3683 -3.2566 24.4149 -10.2514 0.2578 12.3921 -0.1404 -2.3033 2.6996 8.4657 2.3406 -16.5584 -2.5793 -3.5161 -25.3049 -15.8705 0.2320 8.9171 -0.0976 3.5333 -7.3519 -16.6774 -1.4101 -4.2900 1.0443
-33.2091 96.5464 634.4016 1.6544 -2.9846 10.3644 -2.3040 2.1731 -0.3323 -1.2418 -4.1230 -1.3998 -1.3478 11.8248 -4.4901 4.2571 -1.9473 0.8134 -1.0408 -3.4262 -3.4230 0.7696 -12.7855 -5.0608 0.0023 0.0265 0.0305 0.6720 -10.5352 -3.8096 -0.6601 -10.5555 3.8785 -3.6341 15.7644 -8.1439 -75.3367 10.6609 -3.4021 1.4254 0.4483 -130.5606 -0.4521 -14.1583 -2.5120 -21.8467 17.5917 23.4721 -83.3185 -0.6881 13.4403 6.8579 14.6534 6.4238 66.5569 6.2241 9.4469 1.0398 -0.1690 122.4720 16.9030 -3.8830 1.5859 22.2653 13.1878 -21.4695 73.8659 2.0583 -7.9878 -1.2253 28.4144 -8.7314 0.2526 7.7896 -0.3702 -2.9867 7.7181 7.2130 2.3814 -18.5891 -2.5174 -3.2709 -24.9549 -16.3945 0.2051 6.1196 -0.0562 5.2743 -5.6397 -16.6169 -1.3680 -4.3887 1.0624
-34.3940 96.6501 639.7829 1.9130 -1.4694 10.6119 -2.7203 1.3964 -0.4554 -1.3588 -4.3806 -1.7946 -1.1182 11.3606 -4.7456 4.6760 -3.0279 0.5937 -1.0971 -3.4670 -2.9600 1.1055 -11.8994 -5.0672 0.0091 0.0038 0.0633 0.6741 -10.5059 -3.7675 -0.6469 -10.5280 3.8974 -3.5324 15.3969 -8.6319 -75.2611 10.3319 -3.4342 1.2757 0.5150 -129.5696 -0.4141 -13.0176 -3.6147 -21.5816 16.8527 22.9731 -82.2298 -1.0563 12.4630 8.0779 14.3843 6.3610 65.6620 6.8277 8.6193 0.9216 0.1723 121.9195 16.3832 -0.0234 1.8863 22.1556 12.8268 -21.0255 72.5381 1.7645 -6.7568 1.0341 31.2876 -6.6659 0.2412 4.1277 -0.6608 -3.7233 16.5864 5.6792 2.3785 -21.8858 -2.4108 -2.7498 -24.1140 -16.5030 0.1612 4.7499 0.0026 6.0830 -3.4388 -16.2133 -1.3350 -5.0439 1.1040
-35.5990 97.0930 645.3005 1.9969 0.2408 10.3291 -2.7664 0.5822 -0.5609 -1.4187 -4.7203 -2.0402 -1.0597 10.6839 -4.9213 4.7940 -4.3168 0.6119 -1.2079 -3.5630 -2.4824 1.4746 -10.4228 -5.0356 0.0130 -0.0309 0.0932 0.6679 -10.4875 -3.7285 -0.6318 -10.5085 3.9116 -4.1239 14.7378 -8.9271 -74.6742 10.7194 -3.4485 0.9154 0.3721 -128.6707 -0.6879 -11.9965 -3.8258 -21.4805 16.1953 22.7098 -81.1382 -1.1857 11.8191 9.0749 14.0474 6.5920 64.9467 7.7472 7.8951 0.8768 0.2888 121.7256 16.0848 2.7662 1.0253 21.9517 12.4181 -20.6792 71.2890 1.5907 -6.1470 3.3898 32.1067 -4.3634 0.1931 3.1143 -0.9212 -4.9172 27.7139 3.9291 2.2143 -23.3132 -2.1816 -1.6011 -23.7117 -16.2241 0.1621 6.0413 0.0713 5.9731 0.1102 -15.2227 -1.3244 -5.8173 1.1276
-36.8906 97.5560 651.0834 1.5026 1.7194 9.5078 -2.3528 -0.0193 -0.6697 -1.3695 -5.0203 -2.1139 -0.7150 10.1277 -4.9126 4.5029 -5.8750 0.9143 -1.3939 -3.6721 -2.0661 1.7803 -8.7741 -4.8895 0.0125 -0.0792 0.0928 0.6637 -10.5151 -3.7335 -0.6284 -10.5465 3.9114 -4.9535 14.1416 -8.9158 -74.2858 11.2415 -3.6276 0.4225 0.1984 -127.5474 -1.0788 -11.4218 -3.4701 -21.2803 15.6371 22.4965 -79.9416 -1.0159 11.1792 9.6870 13.8678 7.2102 64.2199 8.2038 7.2572 0.8780 0.3988 121.5588 16.2759 4.6008 -0.3383 21.3251 11.8626 -20.3206 69.0624 1.1644 -6.0282 5.1169 31.1285 -3.0862 0.1490 5.1868 -0.9802 -6.2245 37.4645 2.7490 2.0177 -19.1281 -2.0143 0.2130 -23.9826 -15.5871 0.1754 10.1949 0.1139 4.6853 3.1763 -13.4065 -1.3616 -5.4796 1.0899
-38.2619 97.7776 657.0919 0.6469 2.6476 8.2758 -1.8366 -0.2394 -0.6490 -1.1980 -5.1603 -2.2179 -0.0665 9.7449 -4.6704 4.1555 -7.4019 1.3224 -1.5128 -3.7359 -1.7500 1.8886 -7.6231 -4.4749 0.0097 -0.1063 0.0683 0.6787 -10.5443 -3.7638 -0.6489 -10.5801 3.8923 -5.1429 14.0329 -8.6228 -74.7949 11.5410 -4.4541 0.0515 0.1101 -126.0013 -1.4483 -11.0783 -2.9572 -20.7743 14.9977 22.1209 -78.1457 -0.6269 10.2694 9.7130 13.7409 7.9988 63.7456 7.9972 7.0662 0.8675 0.4043 121.2496 16.2490 5.3375 -1.9259 20.4727 11.2844 -19.8916 66.3164 0.7698 -6.0396 5.4942 28.9119 -3.2443 0.2457 9.8586 -0.8783 -6.9460 43.8455 2.9612 2.0248 -11.0911 -1.9980 2.0961 -24.3471 -14.6828 0.1678 16.1859 0.1433 3.2021 2.7215 -11.3156 -1.4210 -4.3771 1.0535
-39.5389 97.6175 662.7431 -0.5666 3.1503 6.7656 -1.3323 -0.1600 -0.5559 -0.8930 -5.2799 -2.2356 0.7761 9.5929 -4.2594 3.8626 -8.4005 1.6162 -1.4433 -3.7874 -1.6126 1.9863 -6.8813 -4.1841 0.0110 -0.1031 0.0795 0.6889 -10.5125 -3.7407 -0.6568 -10.5384 3.8895 -4.8751 14.3635 -8.2132 -75.7692 11.6682 -6.2687 0.1482 0.0567 -124.1533 -1.7532 -10.7739 -2.5267 -19.7325 14.0320 21.0929 -74.7560 -0.0074 8.6814 9.7067 13.6346 8.9483 63.4726 6.9815 7.1822 0.8115 0.4448 120.7000 15.5123 5.1810 -3.7743 19.0587 10.4234 -19.2406 62.4546 0.5432 -6.2404 5.2912 25.2228 -4.0667 0.3212 17.3271 -0.7705 -8.4392 43.3641 2.3506 2.1452 -6.6142 -2.0102 4.1785 -24.3289 -13.9420 0.1591 22.9368 0.0046 1.8826 -1.0053 -8.7550 -1.4318 -2.2426 0.9912
-40.8756 96.7818 668.2703 -2.0204 3.0112 5.7155 -0.7170 0.2928 -0.5269 -0.5951 -5.0954 -2.1189 1.5876 9.5225 -3.8514 3.8249 -8.8912 1.6110 -1.3440 -3.8032 -1.6140 1.9186 -7.0719 -3.6832 0.0034 -0.0676 0.0555 0.7020 -10.5051 -3.7737 -0.6860 -10.5090 3.8790 -4.3892 14.8677 -7.7948 -76.3936 11.4158 -8.2331 0.1948 -0.1085 -122.2507 -1.8785 -10.2085 -1.9631 -18.7827 13.4191 20.2668 -71.8609 0.4877 7.3882 9.8714 13.6169 9.5323 63.1340 5.1505 7.6076 0.8366 -0.0033 119.6185 13.5671 5.7441 -4.6757 18.2229 9.8680 -18.6374 59.8863 0.2716 -6.1703 5.7642 20.3915 -4.3829 0.3289 26.9956 -0.7325 -8.8945 36.5225 2.0864 2.2166 -5.5347 -2.0461 6.3278 -22.9180 -13.6173 0.1514 28.7723 -0.1420 1.0992 -6.6546 -7.5906 -1.4530 -1.1947 0.9747
-42.1205 95.4524 673.6077 -3.6788 2.5563 4.9360 -0.0013 0.9321 -0.4581 -0.3227 -4.8162 -1.8497 2.4503 9.7570 -3.3378 3.6767 -9.2106 1.4912 -1.2036 -3.7639 -1.7030 1.9523 -8.0063 -3.5906 -0.0051 -0.0337 0.0393 0.7110 -10.4850 -3.7952 -0.7140 -10.4756 3.8739 -3.9604 15.5542 -7.2693 -76.6329 10.5232 -10.0050 0.1099 -0.2266 -120.4978 -1.4085 -9.2759 -1.5922 -18.1363 12.9838 19.4432 -69.6489 0.7306 6.3496 9.8909 13.6932 10.1137 63.1399 2.6997 8.0400 0.8639 -0.4168 118.0418 10.9609 7.5408 -5.6512 17.5199 9.4993 -18.1080 58.2184 -0.0506 -5.8422 6.9854 14.2915 -4.1831 0.2553 38.0969 -0.7704 -9.0807 25.0152 1.5994 2.1743 -5.8569 -2.0924 8.6590 -20.7161 -13.1412 0.0925 33.7084 -0.2966 0.4245 -12.9184 -7.2746 -1.4568 -0.3159 0.9441
-43.2745 94.1168 678.9445 -5.0634 1.9782 4.1531 0.6892 1.5650 -0.3069 -0.1061 -4.5552 -1.4203 3.0629 10.2779 -2.6655 3.2425 -9.3446 1.2926 -1.0334 -3.6469 -1.6339 2.1125 -9.6180 -3.9272 -0.0111 -0.0048 0.0438 0.7154 -10.4337 -3.7874 -0.7315 -10.4202 3.8822 -4.0038 16.2642 -6.5595 -76.3201 9.4973 -11.2955 0.0926 -0.2323 -119.6636 -0.2010 -8.1039 -1.7277 -17.6135 12.5445 18.5465 -67.6627 0.7912 5.3934 9.5149 13.8725 10.7959 63.3721 -0.0276 8.7175 0.9248 -0.5956 116.5041 8.0722 10.3622 -7.0120 16.9348 9.1609 -17.6153 56.7497 -0.4907 -5.4712 8.3191 7.4331 -3.7121 0.0962 48.6033 -0.8314 -8.4204 12.6482 3.3807 2.1454 -6.3279 -2.1817 10.6592 -17.8663 -12.4254 0.0245 37.2790 -0.4031 -0.3940 -18.7175 -7.4339 -1.4521 0.2799 0.9063
-44.3273 93.1309 684.1379 -5.9739 1.6259 3.3992 1.3754 2.0033 -0.0712 0.0798 -4.3469 -0.7856 3.2847 10.7623 -1.8643 2.4456 -9.2832 1.1280 -0.9332 -3.5621 -1.5548 2.4704 -11.4342 -4.7081 -0.0089 0.0078 0.0743 0.7252 -10.4113 -3.7604 -0.7400 -10.4008 3.9175 -4.6884 16.8522 -5.6019 -75.4881 8.7476 -11.8606 -0.0009 -0.2413 -120.3567 1.1200 -7.1903 -2.2812 -16.9657 12.0727 17.6809 -65.3920 0.8400 4.4666 8.6177 14.1688 11.5315 63.6278 -2.6602 9.6741 0.9279 -0.5936 116.0835 5.5252 13.1966 -8.3910 16.4443 8.7763 -17.1449 55.2021 -0.8540 -5.2575 9.4552 -0.3050 -3.0158 -0.0862 57.4086 -0.8307 -7.5882 0.9022 7.2524 2.0539 -6.1259 -2.2200 12.0368 -14.3056 -11.5204 -0.0817 38.5934 -0.4835 -1.3018 -23.4206 -7.5596 -1.4431 0.3958 0.8885
-45.1964 92.9758 689.3031 -5.8993 1.8213 2.8291 1.7732 2.1937 0.2402 0.0995 -4.2149 0.0499 2.9858 10.8905 -1.1123 1.5939 -9.4041 1.1632 -0.9481 -3.4660 -1.5685 2.8090 -12.6930 -5.7603 0.0163 0.0068 0.1642 0.7473 -10.4339 -3.6872 -0.7158 -10.4389 4.0140 -5.7383 17.0645 -4.4461 -74.6379 8.8103 -11.9102 0.1551 -0.3261 -121.9490 1.8452 -6.4163 -2.5499 -16.3503 11.6348 17.0204 -63.4279 1.0568 3.7390 7.3380 14.5057 12.4603 63.8475 -4.9001 10.3753 1.2228 -0.5277 117.3028 3.4637 15.2560 -9.2815 16.1329 8.4052 -16.8233 53.7465 -0.9618 -5.1999 9.5740 -8.7080 -2.1745 -0.2069 62.8749 -0.7360 -7.1198 -7.5084 10.3783 1.9392 -5.9749 -2.1959 12.1081 -10.2966 -10.5091 -0.1685 37.1956 -0.5100 -1.9919 -26.0930 -7.4239 -1.4499 -0.3258 0.8995
-45.6906 93.7532 694.6063 -4.7796 2.4795 2.7216 1.7600 2.2311 0.5433 -0.0185 -4.1375 1.0376 2.1783 10.6971 -0.3842 0.6102 -9.8786 1.3967 -1.1185 -3.4693 -2.1925 3.2585 -13.3936 -7.1105 0.0322 -0.0034 0.2067 0.7516 -10.4730 -3.6486 -0.6920 -10.4823 4.0554 -6.5748 16.7083 -3.3173 -74.1534 9.6512 -11.2422 0.2673 -0.4305 -123.6853 2.1020 -6.4933 -2.7673 -16.0468 11.4041 16.5982 -62.0452 1.3303 3.2112 5.4454 14.6368 13.4456 64.5248 -6.1759 10.8345 1.5691 -0.3110 119.5842 1.9701 16.7360 -9.4016 15.9028 8.0542 -16.5754 52.7155 -1.2834 -5.1672 8.1616 -16.7228 -0.9039 -0.3323 63.6210 -0.6699 -7.0920 -12.4116 11.7565 1.8094 -5.8996 -2.1088 10.8932 -5.7116 -9.4926 -0.1786 33.0866 -0.4429 -1.9151 -25.7183 -7.6800 -1.4478 -1.7117 0.9454
-45.7589 95.2755 700.1775 -2.8329 3.5047 3.0406 1.3840 2.0894 0.7014 -0.2422 -4.0189 2.1006 0.9814 10.1726 0.3709 -0.3306 -10.6444 1.7251 -1.4573 -3.5804 -3.1123 3.8589 -13.7445 -8.5330 0.0357 -0.0258 0.1967 0.7504 -10.5574 -3.6641 -0.6864 -10.5597 4.0478 -7.3155 16.2746 -2.3326 -73.7732 10.4637 -9.9536 0.3316 -0.6018 -124.9767 2.2013 -7.3365 -2.8860 -15.9292 11.3314 16.4625 -61.4372 1.5186 2.8909 3.1949 14.5965 14.2852 65.1432 -6.2315 11.5059 1.8062 -0.1616 122.2468 0.6450 17.1790 -8.5679 16.0736 7.8154 -16.2495 52.1084 -1.5978 -5.1476 5.0245 -23.3338 1.1261 -0.2289 59.2014 -0.3770 -6.8154 -14.0652 11.6103 1.7583 -6.2191 -2.0820 8.6991 -1.1724 -8.3936 -0.1581 27.5303 -0.4587 -1.1593 -21.5658 -8.3337 -1.4444 -4.7006 0.9368
-45.7923 97.2452 706.1952 -0.4730 4.6620 3.4471 0.7782 1.7399 0.8470 -0.4958 -4.0016 3.1953 -0.3743 9.6084 1.0409 -1.4130 -11.3089 2.1079 -1.8226 -3.6742 -4.0812 4.4166 -13.7608 -9.9726 0.0421 -0.0490 0.1865 0.7446 -10.5859 -3.6621 -0.6702 -10.5929 4.0236 -8.0779 15.8369 -1.5217 -73.4669 11.2897 -8.1560 0.2768 -0.5347 -125.9791 2.2744 -8.4519 -2.9785 -15.9642 11.1445 16.4453 -60.9115 1.6001 2.7076 1.0928 14.7308 14.9386 65.2356 -5.4294 12.5643 2.0738 0.0566 124.8560 -0.2976 15.8335 -7.6180 15.8942 7.7301 -16.1811 51.6827 -1.8506 -5.2731 0.6551 -27.2528 3.4690 0.0211 49.7240 0.0687 -7.3857 -13.0894 10.6297 1.7668 -6.3755 -2.1303 5.7940 3.1918 -8.0278 -0.1248 21.8233 -0.4043 -0.3514 -13.9561 -7.7736 -1.4455 -10.0312 0.9955
-45.8457 99.2002 712.7289 1.2834 5.7390 3.5798 0.4220 1.1587 0.9215 -0.6023 -4.1597 3.8678 -1.4458 9.0832 1.8241 -2.4605 -11.5492 2.4719 -2.0212 -3.6949 -4.5819 4.6625 -13.2776 -10.7350 0.0419 -0.0573 0.1589 0.7386 -10.5974 -3.6821 -0.6654 -10.6022 3.9884 -8.5504 15.5648 -0.6960 -73.8243 12.0668 -5.9900 0.1522 -0.4453 -126.8119 2.4482 -8.9491 -3.4130 -15.9635 10.9853 16.6358 -60.5790 1.6181 2.6922 -0.4790 14.9766 15.2576 64.5947 -3.8923 14.4976 2.1349 0.1731 127.0122 -0.7089 13.8079 -6.5098 15.8031 7.7156 -16.1695 51.4934 -2.0517 -5.3858 -3.1085 -27.8853 5.5713 0.1200 36.0985 0.2589 -9.5574 -11.3062 9.1963 1.7619 -6.2258 -2.2144 3.1866 6.8378 -7.9424 -0.0646 17.3200 -0.4014 0.7673 -3.2569 -6.0129 -1.4942 -16.9143 1.1409
-45.9478 100.6961 719.5707 1.4525 6.4906 3.0927 0.7884 0.4553 1.0430 -0.5146 -4.4375 3.9867 -1.7030 8.6119 2.6627 -3.3788 -11.4552 2.8133 -2.0342 -3.6547 -4.6196 4.5209 -12.2226 -10.6054 0.0344 -0.0534 0.1133 0.7257 -10.6105 -3.7308 -0.6684 -10.5991 3.9473 -8.6816 15.5818 0.1666 -74.8642 12.8572 -3.5437 -0.1762 -0.2158 -127.7413 2.8543 -8.7550 -4.1459 -15.8725 10.8366 16.6986 -60.1534 1.6078 2.7128 -1.4590 15.2299 15.3155 63.6722 -1.8603 17.0249 1.8745 0.0963 128.7946 -0.6933 12.1892 -5.8879 15.6037 7.6979 -16.0876 51.4361 -2.2086 -5.3194 -4.5738 -26.3371 6.9208 0.0207 21.2454 0.2117 -12.5265 -9.4436 6.8068 1.6819 -6.1504 -2.2703 2.0392 9.6134 -7.1881 -0.0095 15.1356 -0.4434 3.1075 7.6884 -3.1437 -1.5459 -20.7134 1.2545
-45.9389 101.4014 726.6261 0.5103 6.6573 2.1649 1.5281 -0.0657 1.0937 -0.2909 -4.6581 3.8553 -1.3268 8.3078 3.1575 -3.9018 -11.3603 3.0078 -1.9771 -3.6349 -4.2911 4.1563 -10.9996 -9.8213 0.0285 -0.0619 0.0782 0.7275 -10.5876 -3.7640 -0.6821 -10.5732 3.9115 -8.8599 15.9218 0.6732 -75.5536 13.3093 -0.7986 -0.7178 0.2164 -128.8546 3.2442 -8.3829 -5.1235 -15.7080 10.7631 16.5867 -59.6307 1.6930 2.7280 -1.5493 15.4196 15.2859 63.0715 0.0805 19.0872 1.4286 -0.0827 130.2325 -0.8224 11.1393 -5.7944 15.2871 7.6157 -16.0404 51.1567 -2.3641 -5.2626 -4.0813 -24.7308 6.7921 -0.0894 10.9046 -0.0243 -14.7888 -8.6244 4.7335 1.5272 -6.4266 -2.3392 2.1640 10.7136 -5.3103 -0.0451 17.4653 -0.4044 6.8335 15.0839 -0.1893 -1.4617 -17.4716 1.1779
-45.8123 101.1000 733.1800 0.0883 5.8459 1.3676 1.7211 0.0654 1.0279 -0.1733 -4.7036 3.5779 -0.8983 8.4015 3.0072 -3.9363 -11.2424 3.0815 -1.8145 -3.6573 -3.9302 3.7805 -10.1724 -8.7052 0.0299 -0.0685 0.0844 0.7440 -10.5268 -3.7352 -0.6948 -10.5235 3.8945 -9.2354 16.3966 0.4763 -75.2167 13.1526 1.6325 -0.9844 0.5100 -130.0611 3.6487 -7.9943 -6.1779 -15.4691 10.7353 16.4670 -59.0938 1.8454 2.7705 -0.9673 15.4502 14.9775 63.2965 1.2428 19.8795 1.2462 -0.1862 131.1456 -1.4966 10.7928 -6.0960 14.9764 7.5561 -15.9944 50.9258 -2.5226 -5.3035 -3.5413 -23.7050 5.2174 -0.0632 9.2410 -0.2395 -16.0101 -9.6018 4.2169 1.4495 -6.4926 -2.3980 1.8032 10.1349 -3.7835 -0.1624 25.2624 -0.1904 10.1286 17.0807 1.6514 -1.3648 -11.7480 1.0901
-45.5260 99.6147 739.3139 0.9054 3.8777 0.8245 1.1000 0.9173 0.7820 -0.2401 -4.4563 3.2613 -0.6940 8.9405 2.2384 -3.5668 -10.8120 3.0110 -1.7056 -3.6300 -3.4040 3.3787 -10.1936 -7.6405 0.0455 -0.0332 0.1447 0.7491 -10.4828 -3.6739 -0.6687 -10.4933 3.9454 -9.5761 16.6889 -0.1658 -73.8580 12.4120 3.4381 -0.9876 0.5483 -130.9398 4.3796 -7.5941 -7.2309 -15.2654 10.7949 16.5293 -58.7604 1.9644 2.8490 -0.5838 15.3292 14.1611 64.7834 1.7310 20.2361 0.9818 -0.1985 131.4207 -2.4745 11.2624 -6.5541 14.8482 7.6307 -16.0652 50.9542 -2.5602 -5.5354 -4.1659 -22.6458 3.3904 -0.0384 15.8544 -0.2680 -15.1421 -10.2121 3.3470 1.5728 -6.0864 -2.4122 -0.4277 8.2990 -4.1538 -0.1675 37.8998 0.1392 11.1561 14.0707 1.1317 -1.3939 -8.4149 1.0642
-45.1479 97.3790 745.0350 2.8688 1.2845 -0.0485 -0.0592 2.3068 0.5014 -0.4311 -4.0850 2.8277 -0.9696 9.7374 1.2795 -3.0345 -10.2047 3.0030 -1.5947 -3.5885 -2.8789 2.8855 -11.1440 -6.3535 0.0578 -0.0198 0.1535 0.7311 -10.4613 -3.6721 -0.6269 -10.4965 3.9594 -10.3637 16.7933 -1.0948 -71.3289 11.0017 5.1137 -0.9656 0.4339 -131.3694 5.5530 -7.8490 -8.0459 -15.3225 10.9210 16.5108 -59.0636 1.9327 2.6638 -0.3046 15.1432 13.0300 66.6227 2.0948 20.6355 0.5339 -0.0930 131.3842 -2.9321 11.5974 -7.0065 15.1295 7.8144 -16.0148 50.9093 -2.3030 -5.3995 -6.4215 -21.5015 1.8379 -0.0851 26.1159 -0.1576 -8.0321 -9.9668 3.2769 1.6981 -4.0234 -2.2389 -4.6296 5.0137 -5.3066 -0.0425 52.8406 0.5464 10.1837 9.8233 -1.1295 -1.3324 -6.5265 1.0043
-44.7934 94.8916 750.7135 4.9921 -1.0932 -1.6867 -1.0331 3.6004 0.4266 -0.6403 -3.6263 2.1918 -1.8791 10.6239 0.2671 -2.1709 -9.4607 2.9558 -1.3734 -3.5794 -1.9691 2.2695 -13.4436 -5.2248 0.0619 0.0298 0.1413 0.7188 -10.4626 -3.7025 -0.6107 -10.5259 3.9648 -10.9977 16.7434 -2.2698 -68.4820 9.0177 6.4862 -0.9098 0.2215 -131.2340 7.0245 -7.3020 -8.9825 -15.3757 10.8676 16.4339 -59.3136 1.8888 2.5135 0.1309 15.0950 11.8948 68.6569 2.1615 20.7951 0.1416 0.0161 130.6486 -2.7788 12.7860 -6.5982 15.2652 7.7675 -16.0739 50.6546 -2.6648 -5.4362 -9.3561 -19.6309 1.4018 -0.0072 35.5782 0.0269 -3.5449 -16.1410 5.8750 1.6376 -1.6818 -2.1305 -8.7859 0.2200 -4.2765 0.3518 67.0448 0.8948 8.6603 5.5050 -2.9407 -1.3984 -5.4759 1.0431
-44.8443 93.0731 756.6153 5.9197 -2.5900 -3.6791 -1.5439 4.4308 0.2997 -0.8362 -3.2649 1.4646 -2.3054 11.4260 -0.5785 -1.2469 -9.4560 2.6366 -1.0355 -3.5195 -0.7241 2.0049 -15.1843 -3.9651 0.0580 0.0550 0.1390 0.7114 -10.4714 -3.7164 -0.6100 -10.5316 3.9788 -11.2785 16.9639 -3.3431 -65.8040 6.0715 6.3734 -0.7087 0.1436 -130.2622 7.9109 -4.9926 -10.1120 -15.5048 10.8176 16.1649 -59.7380 1.8184 2.3626 0.7936 15.3045 10.4697 70.8287 2.4118 20.7484 -0.3813 0.0463 128.8383 -2.3560 14.4973 -5.9155 15.2435 7.6971 -15.9301 50.3674 -2.8669 -5.1865 -10.8824 -16.4255 1.1822 0.1345 41.0438 0.2168 -2.7137 -22.7639 8.6666 1.6114 -0.2883 -2.1128 -10.2769 -5.7710 -1.0879 0.9337 77.5221 1.3244 7.0580 0.8648 -4.4003 -1.4408 -5.2280 1.0660
-45.2463 92.2332 762.7093 5.3376 -3.0838 -5.3717 -1.7324 4.7522 0.0177 -0.8391 -3.0723 0.6615 -1.9688 11.6447 -1.4433 -0.1190 -9.5859 2.2975 -0.6358 -3.5014 0.4572 1.9415 -15.6347 -2.6805 0.0515 0.0454 0.1378 0.7034 -10.5188 -3.7282 -0.6124 -10.5657 3.9910 -10.1885 17.1237 -4.2380 -64.8543 3.0012 5.3484 -0.4392 -0.0265 -129.8979 7.0070 -1.6362 -11.2773 -15.5718 10.7896 15.9299 -60.0795 1.6656 2.2639 1.2943 15.5958 8.9950 73.2654 3.5086 19.8266 -0.6813 -0.0544 127.0126 -2.1311 16.2792 -5.9401 15.1787 7.5062 -15.7211 49.9894 -3.0858 -4.9288 -10.3410 -11.9814 0.7839 0.1104 42.0531 0.1692 -3.1764 -27.4040 10.3074 1.6146 0.2972 -2.1035 -9.2192 -12.7116 1.9005 1.9275 82.6467 2.1319 6.0161 -3.1925 -5.9246 -1.4024 -5.1551 1.0406
-46.0649 92.5463 769.5006 3.9692 -2.6804 -6.1245 -1.8617 4.6685 -0.5045 -0.7414 -3.0645 -0.2520 -1.2758 11.2049 -2.6086 1.6657 -9.6309 1.8885 -0.3917 -3.4771 1.2907 1.7727 -15.1260 -1.5754 0.0326 0.0184 0.0958 0.6819 -10.5713 -3.7768 -0.6277 -10.6201 3.9621 -8.0070 16.9011 -5.1379 -65.5960 0.3316 4.6162 -0.5344 -0.2081 -130.5408 5.3601 0.3736 -12.5747 -15.5014 10.7816 15.9903 -60.0617 1.4568 2.3252 1.9920 15.6251 7.3302 75.3617 5.9204 18.3358 -0.6909 -0.3585 126.0381 -1.9794 17.6711 -6.3005 15.2890 7.2571 -15.7271 49.7098 -3.3540 -5.0025 -8.8130 -6.2398 -0.2376 0.1027 38.3558 0.0301 -3.7155 -29.0364 11.2716 1.6729 -0.1357 -2.0561 -6.9432 -19.7670 3.0207 1.6283 81.9045 1.5802 4.8670 -6.1830 -8.3075 -1.3891 -5.0816 0.9881
-46.8963 94.0119 776.3853 2.0722 -1.5514 -6.1721 -1.7676 4.1534 -0.9813 -0.5712 -3.2536 -1.3258 -0.2859 10.5633 -3.8012 3.5784 -9.7367 1.3980 -0.1164 -3.5709 1.8508 1.5359 -13.8245 -0.4860 0.0099 -0.0088 0.0303 0.6620 -10.5983 -3.8298 -0.6509 -10.6313 3.8906 -6.0393 16.5940 -6.2803 -66.8043 -1.7840 4.0072 -0.8505 -0.3119 -131.5746 4.0247 0.4271 -13.1712 -15.4046 10.8435 16.0421 -59.9306 1.2827 2.4353 3.0590 15.4718 5.5691 76.6791 9.0520 15.9712 -0.3438 -0.6340 125.8856 -1.6060 18.2109 -6.6914 15.3721 7.0980 -15.8179 49.7024 -3.3417 -5.0824 -6.6984 0.4468 -1.6529 0.1902 30.6579 -0.0075 -3.8157 -26.3938 11.3463 1.7261 -1.8246 -2.0901 -3.8011 -25.3366 2.3408 0.4242 75.3846 0.2154 3.3908 -7.8066 -10.9077 -1.3719 -5.0611 0.9011
-47.8559 96.2646 783.3761 -0.1028 0.2885 -6.0895 -1.4457 3.0855 -1.3095 -0.4542 -3.6175 -2.4311 0.9524 9.9412 -5.0278 5.5146 -9.8388 0.8878 0.0155 -3.6677 2.1981 1.2633 -12.1677 0.4828 -0.0158 -0.0361 -0.0376 0.6442 -10.6471 -3.8942 -0.6796 -10.6635 3.8256 -4.3922 16.2632 -7.1308 -68.3198 -2.5282 2.7269 -1.0438 -0.1854 -132.5972 3.1235 -0.3598 -12.9626 -15.3932 10.8505 16.1748 -60.0850 1.1284 2.5992 4.3885 15.3820 4.0174 77.2521 12.4851 12.9839 0.0361 -0.6014 126.5545 -1.2290 17.6908 -6.9348 15.3590 7.0338 -15.9155 50.0757 -3.2800 -5.2113 -4.0945 7.2516 -2.7198 0.3388 20.9680 0.1310 -3.9773 -18.6119 9.9603 1.8664 -6.7438 -2.2437 -0.1820 -28.8277 0.7992 -0.1714 63.4929 -0.3660 2.2288 -7.9758 -12.1341 -1.4186 -5.3613 0.9314
-49.1007 98.5431 790.3901 -2.0019 2.4280 -5.8624 -1.0514 1.6934 -1.5482 -0.3294 -4.1739 -3.5914 2.0282 9.4836 -5.9297 7.0874 -9.6214 0.4256 0.0470 -3.7450 2.6285 1.0294 -10.6665 1.0305 -0.0187 -0.0341 -0.0152 0.6399 -10.6924 -3.8826 -0.6777 -10.6954 3.8549 -2.6548 16.1904 -7.5637 -69.9785 -2.3500 0.6728 -1.2702 -0.0327 -133.3417 2.5277 -0.6254 -12.3788 -15.5009 10.9054 16.2534 -60.5812 1.0924 2.6535 5.3680 15.6992 3.0435 78.1363 15.5951 9.5958 0.1205 -0.6086 127.7544 -1.1072 17.3110 -7.1051 15.2901 7.0292 -16.0064 50.4585 -3.2584 -5.3474 -1.0998 12.3233 -2.2636 0.2761 13.5153 0.2276 -4.8786 -7.2120 7.4195 2.1053 -14.8426 -2.5615 2.9020 -29.7752 -0.9494 -0.1704 47.8439 -0.2497 1.8200 -6.3907 -11.6006 -1.4490 -5.3694 0.9306
-50.4570 100.2311 797.9349 -2.7343 4.1466 -5.3837 -1.0315 0.4719 -1.7431 -0.3070 -4.7283 -4.5036 2.5845 9.0856 -6.4780 8.0260 -9.1941 0.0786 0.0481 -3.7774 2.7670 0.9613 -9.4367 1.1695 -0.0211 -0.0142 0.0137 0.6271 -10.6804 -3.8572 -0.6663 -10.6733 3.8862 -0.9364 16.2667 -7.6942 -71.4745 -1.4654 -2.3537 -1.3426 0.0222 -133.8291 1.9013 -0.6426 -11.5387 -15.5224 10.9218 16.2015 -60.7035 1.1910 2.6284 5.4533 16.2541 2.4443 79.8265 18.2945 6.2754 0.0227 -0.5258 129.0819 -1.2405 17.1204 -7.6234 15.1782 7.1855 -16.0836 50.6620 -3.2486 -5.2972 1.1256 14.8146 -1.0020 0.1340 11.0139 0.2612 -6.5430 4.5109 4.6998 2.3308 -20.7065 -2.7299 4.0766 -28.2415 -1.7278 -0.0444 30.8261 -0.0575 2.4750 -5.0875 -9.9576 -1.4867 -5.0170 0.9756
-51.5239 100.9887 805.1164 -2.1005 4.8393 -5.0275 -1.5788 -0.1931 -1.7062 -0.3972 -5.0555 -4.9037 2.4723 8.8687 -6.6683 8.5999 -8.9656 -0.0993 -0.0599 -3.7706 2.7517 1.0278 -8.3018 0.7610 -0.0094 -0.0171 0.0768 0.6323 -10.6454 -3.7901 -0.6465 -10.6321 3.9403 -0.0305 16.2663 -7.7524 -72.3193 -0.2910 -5.3721 -1.2923 -0.0574 -134.3528 1.2798 -0.9849 -10.7212 -15.5196 10.8881 16.1862 -60.5707 1.3220 2.6231 5.0728 16.8000 2.3823 81.5340 20.3065 4.0378 -0.2545 -0.5540 130.0272 -1.7526 17.1942 -8.1604 15.0129 7.3830 -16.1880 50.6464 -3.1708 -5.1842 1.4666 14.7269 -0.4779 0.0444 15.2348 0.1818 -8.6847 12.6638 3.2101 2.2701 -18.7819 -2.5126 3.1649 -25.8529 -0.3985 0.0253 17.4229 0.0185 3.8173 -5.7925 -8.6846 -1.4804 -4.8690 1.0542
-52.5236 100.7993 812.0403 -1.4448 4.5496 -5.0414 -1.9677 -0.1681 -1.4751 -0.4542 -5.1140 -4.7760 2.1329 9.0323 -6.4080 8.8488 -9.0659 -0.0972 -0.3153 -3.7964 2.6813 1.1044 -7.5590 0.0909 0.0082 -0.0358 0.1323 0.6472 -10.5916 -3.7155 -0.6251 -10.5755 3.9704 -0.3920 16.3196 -7.7357 -72.4295 0.5478 -7.4125 -1.3149 -0.1986 -134.4969 1.0691 -2.1904 -10.3202 -15.4154 10.8896 16.2947 -60.3227 1.3983 2.6388 4.8794 17.2074 2.9245 82.1473 21.0561 3.2522 -0.4968 -0.5771 130.3678 -2.5421 16.7944 -8.2543 14.9124 7.5379 -16.3144 50.5881 -3.0535 -5.1976 1.2848 12.1050 -0.1831 0.0618 25.9855 0.0820 -9.7685 16.1738 3.7566 2.0489 -12.2551 -2.2099 2.4097 -23.7873 1.4991 -0.0494 11.0837 0.0087 4.6787 -7.2503 -8.1544 -1.4416 -4.9198 1.1328
-53.4535 99.3935 818.5645 -1.9529 3.4771 -5.3286 -1.4901 0.4900 -1.1779 -0.3358 -4.8213 -4.3315 2.0675 9.4426 -5.5181 8.3463 -9.2495 -0.0454 -0.4111 -3.7703 2.4679 1.3131 -7.9426 -0.6553 0.0146 -0.0223 0.1285 0.6621 -10.5054 -3.7057 -0.6286 -10.4956 3.9470 -1.2717 16.7040 -7.5941 -72.6884 0.8067 -8.3894 -1.4937 -0.2692 -133.8080 1.6477 -4.7090 -10.6623 -15.3382 10.8534 16.3935 -59.8355 1.4332 2.6877 4.4341 17.3624 3.8686 81.7166 20.2486 3.7917 -0.4645 -0.7551 130.0230 -3.6427 14.8402 -7.8099 15.0364 7.6130 -16.3105 50.8718 -2.8865 -5.3553 2.6268 7.8125 1.1507 0.0916 40.3096 -0.0798 -8.9816 15.8004 6.7244 1.9731 -7.9755 -2.1233 3.4895 -22.3287 1.9814 -0.0426 12.8593 -0.0314 4.7905 -7.3524 -7.8264 -1.4123 -4.9161 1.2228
-54.5789 97.1433 824.6122 -4.0827 1.8863 -5.8729 0.0875 1.6618 -0.7228 -0.0937 -4.3761 -3.3969 2.3819 10.0148 -4.4921 7.3943 -9.1990 0.3587 -0.5882 -3.6577 1.7062 1.7472 -9.4430 -1.2967 0.0138 -0.0073 0.0936 0.6784 -10.4450 -3.7354 -0.6482 -10.4251 3.9035 -2.5652 16.7060 -7.3177 -72.9155 1.5766 -8.6120 -1.2578 -0.1878 -132.2333 2.6697 -6.8697 -11.3658 -15.2656 10.7889 16.4870 -59.6545 1.2787 2.7086 4.3057 17.0414 5.5263 79.7146 18.1265 4.5976 -0.1162 -1.1956 128.6695 -4.2652 11.8833 -6.7228 15.2006 7.4796 -16.3808 50.9144 -3.0471 -5.4400 6.5304 2.3855 3.9358 0.0470 55.1261 -0.4178 -6.8126 12.0526 11.0806 2.1163 -5.7672 -2.1939 6.6921 -22.0405 1.4557 0.1532 21.8806 -0.1570 0.7343 -4.7328 -6.8774 -1.4660 -2.3459 1.0995
-55.7802 94.7298 830.5212 -7.1400 -0.0226 -6.2525 1.6316 3.0975 -0.2549 0.3801 -3.8753 -2.6604 3.7772 11.2726 -3.5141 5.5683 -9.4211 0.8901 -0.4754 -3.5827 1.3509 2.0159 -12.6582 -1.2829 -0.0078 0.0032 0.0290 0.6818 -10.4866 -3.8149 -0.6969 -10.4670 3.8703 -4.1789 16.8844 -6.0524 -73.2123 1.7999 -7.3234 -1.4670 -0.1043 -130.0114 3.8820 -7.1162 -12.1252 -15.5108 10.5659 16.3218 -59.7680 1.0426 2.5625 4.4795 16.7505 7.3719 75.5759 13.7008 6.3067 0.3832 -1.2838 126.1240 -5.5717 8.3465 -6.4920 15.5977 7.3818 -16.1705 50.7640 -3.2588 -5.2042 11.4859 -3.4545 5.0513 -0.2253 67.7246 -0.7406 -5.3572 5.2765 12.2672 2.1354 -4.7980 -2.1984 11.4396 -21.8057 0.3727 -0.1465 33.7310 -0.1476 -0.9174 -12.2811 -7.7949 -1.4597 -0.1285 1.0824
-56.8078 93.2964 836.6742 -8.6656 -1.2595 -6.0044 2.3320 3.8349 0.0452 0.5398 -3.6254 -2.0230 4.6327 12.5927 -2.6664 4.1473 -9.3415 0.9797 -0.3926 -3.5508 1.1705 2.2155 -14.9087 -1.4530 -0.0109 0.0153 0.0609 0.6918 -10.4986 -3.8022 -0.7147 -10.4894 3.9309 -5.6626 17.7978 -4.9381 -73.4134 2.3402 -6.3140 -1.1449 -0.2445 -127.1719 5.8400 -5.7966 -12.3640 -15.7041 10.5904 16.2556 -60.2511 1.1083 2.4274 5.4878 16.5733 8.8975 70.0033 7.9387 8.8339 0.6966 -0.8390 122.3942 -6.2306 7.4726 -7.0748 15.5085 7.4177 -15.9761 50.5265 -3.3184 -5.1089 14.0168 -10.1018 3.6998 -0.6085 76.2890 -1.0398 -4.7823 -0.4876 11.1055 2.0870 -4.9925 -2.2320 13.6124 -18.0972 -1.0090 -0.1860 38.5065 -0.2789 -1.4005 -18.4874 -7.2850 -1.4485 0.9074 1.0248
-57.6468 92.9952 843.3945 -8.5625 -1.5362 -5.2442 2.4927 4.1345 0.3151 0.4535 -3.5113 -1.2525 4.5985 12.8501 -1.9079 3.2188 -8.9686 1.1191 -0.4799 -3.4342 0.6464 2.1965 -16.2424 -2.1456 0.0006 0.0275 0.0865 0.6904 -10.4912 -3.7894 -0.6931 -10.5117 3.9653 -5.9259 18.3316 -3.8312 -73.9899 4.3834 -6.1120 -0.5874 -0.3688 -125.4449 7.5210 -4.1080 -12.0896 -15.6552 10.7823 16.0672 -60.5923 1.3406 2.2953 5.5484 16.2335 10.4511 66.4851 2.8644 10.4453 0.8019 -0.4254 120.8491 -6.0522 9.3086 -7.8873 15.2826 7.4938 -15.9724 50.2442 -3.0850 -5.1515 14.1688 -17.3876 1.7742 -1.1102 80.0721 -1.4094 -4.5262 -4.6101 9.9029 1.9889 -5.3226 -2.2224 13.3146 -13.0162 -1.8157 -0.1193 38.7496 -0.2129 -1.3793 -22.5871 -6.4935 -1.4618 0.9352 0.9714
-58.0339 93.7854 849.9351 -7.4581 -1.0916 -4.5472 2.4832 4.1341 0.6429 0.3143 -3.5090 -0.1981 3.9694 12.4347 -1.1925 2.1527 -8.8364 1.4316 -0.6938 -3.4045 -0.2041 2.3426 -17.0436 -3.4548 -0.0001 0.0267 0.0742 0.6706 -10.4698 -3.7883 -0.6779 -10.4952 3.9385 -6.2669 18.2731 -2.6617 -73.7859 7.0619 -5.9757 -0.3657 -0.4377 -125.5530 8.1278 -3.5861 -12.4335 -15.4071 11.0198 16.0046 -60.4913 1.5552 2.2299 4.3930 15.8267 12.0949 65.7218 -1.3452 10.3585 0.7433 -0.1087 122.3036 -6.5998 10.2788 -8.0238 15.2803 7.5109 -15.9578 50.2572 -2.7934 -5.1278 12.3661 -23.8999 0.9339 -0.8794 78.2472 -0.9985 -4.7650 -7.7328 10.1143 1.8504 -5.3927 -2.1369 11.8254 -7.1031 -1.4864 -0.1248 35.0205 -0.0262 -0.9922 -23.0527 -6.3707 -1.4614 -0.1591 0.9772
-58.1502 95.5696 856.3846 -5.5144 -0.2069 -3.8464 2.1965 3.8157 0.8861 0.1048 -3.6111 1.1124 2.8705 11.8064 -0.4063 0.9868 -8.9663 1.6887 -0.9749 -3.4404 -1.1694 2.7564 -17.2172 -5.1231 0.0096 0.0133 0.0962 0.6635 -10.4962 -3.7587 -0.6536 -10.5228 3.9473 -7.2751 18.0646 -1.6507 -72.6976 9.4357 -5.8077 -0.0476 -0.5239 -126.3909 8.3002 -4.0570 -13.4625 -15.3543 11.1031 16.0722 -60.5248 1.6213 2.3020 2.7923 15.5871 13.5375 66.3329 -4.5680 9.7016 0.6987 -0.0752 125.0678 -7.9562 10.2323 -7.1681 15.3201 7.5205 -15.9408 50.4430 -2.6310 -5.1103 8.7380 -28.4145 1.5240 -0.2937 70.4133 -0.2638 -5.3478 -9.2150 10.5085 1.7798 -5.4996 -2.0651 9.4990 -0.6668 -0.5126 -0.2017 28.5756 0.0666 -0.3382 -19.1562 -6.7707 -1.4628 -3.4608 1.0169
-58.1733 97.7763 862.9405 -3.0435 1.0712 -3.0788 1.6175 3.0062 0.9633 -0.0649 -3.7406 2.4566 1.4071 11.1343 0.4171 -0.0187 -9.1283 1.9920 -1.3722 -3.5413 -2.0216 3.2537 -16.9241 -6.8002 0.0320 0.0032 0.1510 0.6924 -10.5452 -3.7066 -0.6381 -10.5784 3.9934 -8.3274 17.6514 -0.7638 -71.8032 11.1018 -5.3072 0.3356 -0.5946 -127.0608 8.5632 -4.7177 -14.7271 -15.4432 11.1674 16.3400 -60.7776 1.5699 2.4019 1.0284 15.4809 14.5245 67.3484 -6.3514 9.5594 0.6577 -0.0407 127.8498 -8.9401 9.8068 -5.8037 15.1794 7.4500 -15.8543 50.4036 -2.7100 -5.0340 3.9187 -30.2693 2.7434 -0.0142 56.8765 0.0523 -5.6567 -8.2559 10.5114 1.7786 -5.5927 -2.0749 6.5292 5.2810 0.2626 -0.2286 21.6522 0.0377 0.0354 -10.5900 -6.5139 -1.4883 -10.4135 1.1103
-58.1862 99.8406 869.5058 -0.9109 2.4705 -2.5637 1.0949 1.9638 0.9795 -0.1864 -4.0722 3.3988 0.1236 10.5572 1.3554 -1.0098 -8.9295 2.1678 -1.5974 -3.5630 -2.7311 3.6435 -16.2313 -7.8437 0.0524 -0.0016 0.1924 0.7152 -10.5767 -3.6642 -0.6194 -10.6167 4.0273 -8.8994 17.4206 -0.0603 -71.8734 11.8773 -3.7899 0.2796 -0.4766 -127.4497 9.3499 -5.3366 -15.3861 -15.4878 10.9352 16.5598 -60.4101 1.5387 2.5263 -1.0205 15.4214 15.0358 68.4777 -7.0326 9.8810 0.9853 0.0914 129.8730 -8.7980 9.4754 -5.4111 15.0657 7.4738 -15.9442 50.5992 -2.6333 -5.1327 -0.1143 -29.3725 3.4968 0.0442 39.4288 0.1203 -6.4835 -6.5660 9.7148 1.7971 -4.9216 -2.1020 3.4244 9.5568 -0.4264 -0.1774 17.0690 0.0040 0.8256 0.3390 -4.6366 -1.5879 -19.3000 1.3285
-58.1779 101.3232 877.0839 -0.2889 3.5006 -2.3483 1.2575 0.9479 0.9975 -0.1688 -4.4150 3.6188 -0.5243 10.0815 2.3403 -1.6016 -8.5047 2.3197 -1.7308 -3.5664 -3.2375 3.6648 -15.0419 -8.0689 0.0504 0.0029 0.1675 0.7166 -10.6027 -3.7020 -0.6263 -10.6193 4.0128 -8.7556 17.4744 0.5247 -72.9629 12.0969 -1.6682 -0.2068 -0.2039 -127.8676 10.5532 -5.7667 -15.1362 -15.5699 10.6738 16.6561 -59.8419 1.5087 2.5754 -2.8576 15.3598 15.2470 69.1549 -6.9336 11.1793 1.0207 0.1635 131.0765 -7.3237 9.6459 -5.8596 15.0506 7.4984 -15.9511 50.8180 -2.5503 -5.1386 -1.5051 -26.6945 3.0836 -0.0666 21.1406 0.0145 -7.8939 -5.4678 7.6247 1.7440 -4.6589 -2.1876 1.7726 11.8363 -0.9606 -0.0947 16.3940 -0.0087 3.1048 10.9276 -1.7402 -1.6960 -23.2667 1.4602
-58.1882 101.9335 884.9586 -0.9928 3.7554 -2.3413 1.8635 0.3088 0.9679 -0.0271 -4.6457 3.4703 -0.5921 9.8607 2.8426 -1.6182 -8.2034 2.3817 -1.8365 -3.6158 -3.4206 3.4388 -13.6152 -7.9084 0.0395 -0.0141 0.1143 0.7184 -10.5906 -3.7517 -0.6505 -10.5965 3.9576 -8.5425 17.8954 0.6226 -73.8955 11.8184 0.7710 -0.9383 0.3082 -128.6404 11.4360 -6.2351 -14.3211 -15.4622 10.4986 16.4849 -59.3110 1.5112 2.6074 -3.4576 15.4092 15.3489 68.8350 -6.5958 13.1279 0.8190 0.1168 131.6994 -5.4457 9.5515 -6.2685 14.9058 7.4272 -15.9699 50.7119 -2.6156 -5.1120 -0.8611 -24.2213 1.8351 -0.1430 8.7400 -0.2120 -9.2798 -6.1657 5.6744 1.5773 -5.4173 -2.3499 2.0492 11.9744 -0.1829 -0.1336 21.1221 0.0397 7.1642 18.2708 1.2072 -1.5527 -17.3973 1.2603
-58.2532 101.4182 893.1273 -1.4155 3.0004 -2.0810 1.9621 0.3816 0.8127 -0.0092 -4.6678 3.2940 -0.4720 9.9990 2.5169 -1.3152 -7.8292 2.4232 -1.8459 -3.6845 -3.6828 3.2650 -12.5811 -7.5745 0.0355 -0.0354 0.1019 0.7370 -10.5335 -3.7368 -0.6776 -10.5540 3.9161 -8.5221 18.3302 0.0705 -73.9246 11.2776 2.2628 -1.2293 0.6787 -129.5511 11.6092 -6.4284 -13.5806 -15.1825 10.5262 16.4989 -58.9370 1.6105 2.7515 -2.8804 15.4524 15.1524 68.1991 -6.2725 14.8029 0.8583 0.1795 131.8316 -3.9843 8.7702 -6.1364 14.7631 7.3838 -16.0664 50.5153 -2.7240 -5.2410 -0.6467 -22.5734 0.6488 -0.0611 6.3737 -0.2868 -10.2266 -7.7263 5.0653 1.5020 -5.7098 -2.4211 2.3191 10.4953 0.2053 -0.2402 31.0395 0.1397 10.6546 20.7099 2.9737 -1.3412 -9.7054 1.0756
-58.1185 99.6029 900.4588 -0.3679 1.4686 -1.4954 1.0107 0.9421 0.6493 -0.1855 -4.5153 2.9543 -0.6054 10.4857 1.6551 -0.8822 -7.1781 2.3454 -1.8814 -3.6227 -3.6085 3.1477 -12.3212 -7.5048 0.0473 0.0063 0.1594 0.7335 -10.5218 -3.6840 -0.6497 -10.5478 3.9708 -8.5822 18.4060 -0.9465 -72.9003 10.8812 2.5176 -0.9368 0.7493 -130.4256 11.2347 -6.3954 -13.1039 -14.8610 10.6293 16.7157 -58.7892 1.6943 2.8600 -1.8381 15.4719 14.3916 68.1861 -5.4423 15.9736 0.8751 0.1749 131.5714 -3.4709 7.4867 -5.4550 14.8011 7.5351 -16.2168 50.7762 -2.7596 -5.4407 -2.3669 -21.4050 0.1251 -0.0707 12.4533 -0.2801 -10.5357 -8.2675 3.9162 1.5849 -5.6369 -2.4577 0.4228 8.1306 -1.3501 -0.1722 44.4082 0.3245 11.0797 17.9544 1.9405 -1.3237 -6.6270 1.0378
-57.8429 97.0828 907.6658 2.5083 -0.3601 -1.1926 -0.9378 1.8727 0.3435 -0.5137 -4.2266 2.5955 -1.4143 11.2138 0.6138 -0.5603 -6.5234 2.1985 -1.8920 -3.5326 -3.3299 3.0621 -13.2762 -7.3390 0.0527 0.0267 0.1316 0.6968 -10.4643 -3.7330 -0.6045 -10.5242 3.9642 -9.7186 17.5872 -2.2137 -70.0477 10.4811 2.7546 -0.7287 0.6340 -130.5924 10.9580 -7.1103 -12.8332 -15.0170 10.6473 16.9362 -59.1037 1.6401 2.8231 -0.1415 15.3108 13.2707 68.0972 -3.7391 16.5602 0.6575 0.2311 130.8865 -3.4514 6.5825 -4.8867 15.1258 7.7144 -16.2259 50.7078 -2.7012 -5.4918 -6.4789 -21.3528 -0.2692 -0.1491 23.0284 -0.1349 -3.8608 -5.7341 3.0482 1.7419 -3.3806 -2.2340 -4.2651 4.4653 -3.7178 -0.0537 59.1041 0.4606 8.1463 12.0571 -2.7352 -1.3599 -5.4347 1.0356
-57.7281 94.4759 914.4253 5.4082 -2.0564 -1.4217 -2.2692 2.9233 0.2268 -0.9723 -3.8968 2.0661 -3.1608 12.1381 -0.5701 0.2584 -6.2524 2.0996 -1.7233 -3.5739 -2.9943 2.8640 -16.0602 -7.1355 0.0739 0.0682 0.1639 0.6997 -10.4416 -3.7110 -0.5676 -10.5080 4.0038 -11.0460 17.2144 -3.5845 -66.3748 8.7840 2.4399 -0.6400 -0.0397 -128.8827 11.1142 -8.2814 -12.9477 -15.0340 10.8051 16.9305 -59.4296 1.6312 2.4870 1.8880 15.6685 11.6934 68.7637 -2.0597 16.0459 0.8078 0.3177 128.7952 -4.1516 7.5508 -4.2335 15.1869 7.6835 -16.2989 50.3202 -2.9460 -5.3825 -10.8802 -21.2421 -0.7680 0.1021 34.4410 0.1197 0.3504 -12.5878 5.8973 1.6348 -0.6172 -2.0556 -8.2430 -0.5883 -3.1637 0.3135 72.4163 0.6431 4.4048 6.3819 -7.8053 -1.4518 -4.9196 1.0567
-58.0657 93.1150 920.7018 6.6151 -3.0565 -2.5475 -2.8757 3.4323 0.0928 -1.2781 -3.6313 1.4675 -4.1599 13.0474 -1.5091 0.8318 -6.8336 1.7602 -1.5031 -3.5301 -2.1083 2.9200 -17.5171 -6.5065 0.0645 0.0883 0.1511 0.6749 -10.4542 -3.7414 -0.5605 -10.5104 4.0186 -11.9783 17.2724 -4.3858 -63.3909 6.3562 0.7620 -0.3995 -0.2434 -125.2523 10.6495 -8.2750 -11.8780 -15.2221 11.0224 16.7652 -59.9368 1.6138 2.4023 3.5714 16.6485 9.9175 70.3491 0.3099 15.5597 0.5378 0.3003 124.8264 -5.4844 10.2020 -5.0218 15.2377 7.5359 -16.0636 50.0533 -3.1700 -5.1968 -12.7766 -17.7686 -0.7382 0.2254 39.2863 0.3003 0.7369 -19.3409 7.5863 1.6319 0.5778 -2.0499 -8.7842 -6.6522 0.4447 0.4228 81.2778 0.4878 1.5499 0.8722 -11.8082 -1.5496 -4.8932 1.0866
-58.7211 92.8747 927.4972 5.8922 -3.2903 -3.6746 -3.0439 3.7514 -0.1988 -1.2707 -3.4981 0.5099 -3.8830 12.9974 -2.2458 1.3509 -7.3114 1.7069 -1.1448 -3.5225 -1.4011 2.6566 -17.5800 -5.2893 0.0499 0.0655 0.1172 0.6468 -10.5169 -3.7900 -0.5588 -10.5584 4.0123 -10.7018 17.4715 -5.1084 -63.6582 4.0265 -1.2779 -0.5095 -0.3057 -123.3080 8.8631 -5.6453 -9.8523 -15.2137 11.1944 16.5569 -60.2192 1.6035 2.3800 3.7922 17.4013 8.2351 72.6106 3.9691 15.2569 0.0133 0.1743 121.4074 -5.6497 14.0529 -8.0701 15.1432 7.3164 -15.9025 49.6358 -3.3932 -5.0749 -12.0201 -12.3981 -1.3786 0.1393 38.9452 0.1703 0.2135 -23.7235 8.4889 1.6406 0.9006 -2.0714 -6.6828 -13.3648 4.3106 0.6418 84.4404 0.5674 0.3461 -3.3449 -13.8899 -1.5375 -4.9096 1.0762
-59.4126 93.6702 934.4289 4.1792 -2.8768 -4.1292 -3.0146 3.7881 -0.6631 -1.1302 -3.4737 -0.5822 -2.9939 12.3483 -3.4077 2.4812 -7.4977 1.7117 -0.9387 -3.5430 -0.8083 2.1109 -17.5017 -3.9578 0.0187 0.0313 0.0241 0.6220 -10.5766 -3.8835 -0.5954 -10.6126 3.9328 -8.0625 17.0877 -5.7383 -65.7015 2.2039 -3.1243 -0.8065 -0.2554 -124.6253 6.5533 -3.8723 -9.3689 -15.1368 10.9844 16.4765 -59.8938 1.3631 2.4694 4.0319 17.6237 6.6272 73.9086 8.4897 15.4329 -0.5936 -0.2114 120.4552 -4.5746 15.9312 -10.0815 15.0626 7.1786 -16.0708 49.4081 -3.6977 -5.1928 -10.2900 -5.3961 -3.0944 0.1674 33.5725 0.0879 -0.3821 -24.8250 9.6689 1.6885 0.2239 -2.0600 -3.9174 -19.6745 6.7122 0.4362 81.4782 0.2925 0.2326 -5.9574 -14.4705 -1.5259 -4.8571 1.0571
-60.1534 95.4513 941.6076 1.9460 -1.7886 -4.1309 -2.7145 3.2932 -0.9958 -0.9605 -3.6689 -1.8132 -1.7335 11.7221 -4.5255 3.8248 -7.6501 1.4574 -0.6974 -3.6029 -0.1672 1.4414 -17.1507 -2.6584 -0.0120 0.0199 -0.0685 0.6094 -10.6007 -3.9662 -0.6419 -10.6189 3.8393 -5.6727 16.6134 -6.6515 -67.5009 0.1892 -4.6215 -1.1010 -0.1011 -127.1717 5.3460 -4.2472 -9.3401 -15.1541 10.8505 16.3305 -59.6548 1.1484 2.5632 4.8660 17.6555 5.1266 74.2758 12.5383 14.5851 -0.6628 -0.6000 120.8392 -3.5158 15.3977 -10.7245 15.0733 7.0590 -16.1413 49.4147 -3.6989 -5.1955 -8.1094 2.4915 -5.2438 0.2551 24.4095 0.1848 -0.4684 -21.0142 10.0610 1.7410 -2.0421 -2.1333 -1.0294 -24.4026 7.4960 -0.0324 72.5300 -0.1669 0.8654 -7.1090 -14.3535 -1.5116 -4.9051 1.0374
-60.7595 97.8023 948.9020 -0.3186 -0.0337 -4.0878 -2.2185 2.2387 -1.2422 -0.8384 -4.0504 -2.8671 -0.3108 11.2093 -5.5342 5.0894 -7.8035 1.0576 -0.6327 -3.6521 0.2730 0.9727 -16.7832 -1.7002 -0.0352 0.0247 -0.1216 0.5994 -10.6584 -4.0269 -0.6739 -10.6530 3.7965 -3.2538 15.9532 -7.3209 -69.4724 -1.3159 -6.3903 -1.1225 0.1707 -129.6851 5.1394 -5.3335 -8.9882 -15.2426 10.7952 16.2591 -59.9375 0.9477 2.7008 5.6952 17.5730 3.9489 74.2646 15.9164 12.6914 -0.3113 -0.7154 121.7412 -2.8088 13.5591 -10.7567 15.0930 7.0145 -16.0978 49.7261 -3.6776 -5.1902 -5.7705 9.6590 -6.6181 0.3583 14.7524 0.3675 -0.4027 -11.7419 8.9933 1.9051 -8.3061 -2.3584 1.5977 -27.3583 7.1307 -0.2582 58.6526 -0.2410 1.7604 -6.7564 -13.6642 -1.5170 -5.0331 1.1031
-61.5181 99.9640 956.4269 -2.0118 1.9512 -4.0326 -1.6780 1.0201 -1.4321 -0.6592 -4.5611 -3.7952 0.7837 10.7743 -6.1335 5.7893 -8.0308 0.7659 -0.6470 -3.7101 0.6606 0.6370 -16.4916 -1.2682 -0.0307 0.0358 -0.0988 0.5942 -10.7089 -4.0205 -0.6564 -10.6881 3.8295 -0.7856 15.2301 -7.7048 -71.2989 -2.1953 -8.4667 -1.0231 0.2181 -131.9287 5.0426 -6.1392 -8.5484 -15.4707 10.8062 16.1093 -60.6146 0.8640 2.7707 5.8887 17.5849 3.3280 74.6418 18.5143 10.3076 0.0296 -0.6400 122.6664 -2.2798 12.4114 -10.3038 15.0461 7.0729 -16.1673 49.9597 -3.6692 -5.2528 -3.4159 14.1256 -6.1265 0.2400 8.9175 0.5360 -0.9150 0.1539 7.1058 2.1637 -16.5540 -2.6691 3.4763 -28.2209 5.4664 -0.1990 42.2173 -0.0715 2.4023 -5.1541 -12.2317 -1.5055 -4.9817 1.0845
-62.0607 101.4225 963.6669 -2.3641 3.4506 -3.8879 -1.5859 0.0344 -1.5558 -0.5720 -4.9852 -4.3640 1.3281 10.4205 -6.4520 5.7888 -8.3236 0.7270 -0.6720 -3.7268 0.6319 0.4619 -16.2553 -1.0794 -0.0201 0.0430 -0.0572 0.5895 -10.6879 -3.9815 -0.6285 -10.6607 3.8665 1.3315 14.7231 -7.9332 -72.5516 -2.5929 -11.1461 -0.6586 0.1181 -133.8978 4.2184 -6.8059 -8.0259 -15.5492 10.8155 16.0000 -60.9123 0.9782 2.7862 5.4209 17.7862 3.1537 75.3904 20.3921 7.7578 0.2527 -0.4102 123.6410 -2.1684 11.8321 -9.6660 14.9899 7.2563 -16.2675 50.1607 -3.5886 -5.1890 -2.1647 15.8144 -4.9114 0.0498 8.4064 0.6997 -2.4949 10.2543 5.3653 2.3139 -19.9986 -2.7073 4.0127 -27.0486 3.3843 -0.0990 25.8026 -0.0159 3.1074 -4.6279 -9.7564 -1.4991 -5.0796 1.0561
-62.5507 101.9278 971.2450 -1.3833 3.8964 -3.9922 -2.0854 -0.4353 -1.4461 -0.6446 -5.2129 -4.5423 1.2553 10.3005 -6.4784 5.4896 -8.5087 0.9192 -0.7173 -3.7251 0.4573 0.3155 -15.7911 -0.9329 0.0040 0.0301 0.0071 0.6111 -10.6463 -3.9089 -0.6002 -10.6144 3.9129 2.4199 14.4667 -8.0458 -72.8801 -2.3438 -13.6846 -0.2787 -0.0516 -135.1072 3.0272 -7.3714 -7.6922 -15.4965 10.8254 15.9883 -60.8441 1.1492 2.7241 4.9838 18.1971 3.5047 75.7559 21.3148 5.5394 0.3343 -0.2676 124.5641 -2.5876 11.0599 -8.7062 14.9151 7.3875 -16.3849 50.1135 -3.4954 -5.1478 -2.6517 15.5230 -4.2356 -0.0318 13.5910 0.7247 -4.9155 15.7477 4.4239 2.1942 -16.4431 -2.4392 3.0609 -24.8938 2.8353 -0.0427 13.5943 -0.0294 4.1776 -6.2678 -7.6119 -1.4919 -5.1587 1.0655
-63.0648 101.4924 978.4340 -0.4720 3.4923 -4.4093 -2.4388 -0.4339 -1.2884 -0.7333 -5.2149 -4.3533 1.0142 10.3991 -6.1727 5.0949 -8.4386 1.1225 -0.7679 -3.7322 0.4966 0.0763 -15.1501 -0.8060 0.0372 0.0140 0.0831 0.6394 -10.5883 -3.8135 -0.5613 -10.5555 3.9576 2.2579 14.5301 -8.0229 -72.6292 -1.5572 -15.3287 0.0423 -0.1790 -135.0410 2.1253 -8.3022 -7.6081 -15.4215 10.8636 16.0875 -60.6828 1.2478 2.6519 4.8912 18.5698 4.0950 75.2902 21.0675 4.0354 0.4681 -0.0970 125.3789 -3.4013 9.6331 -7.6022 14.8479 7.4406 -16.4905 50.0409 -3.4002 -5.2295 -3.1038 13.8269 -3.5750 0.0065 23.0727 0.6126 -7.6990 16.8694 3.7579 2.0061 -10.9727 -2.2049 2.3070 -22.7097 3.3835 -0.0799 7.9601 -0.0240 4.8987 -8.3141 -6.6972 -1.4663 -5.1756 1.0959
-63.7566 99.9267 985.8907 -0.6749 2.4289 -5.0359 -2.1101 -0.0102 -1.0955 -0.6501 -5.0025 -4.0293 0.9799 10.8115 -5.4368 4.5260 -8.2662 1.2425 -0.6899 -3.7243 0.8283 -0.1086 -14.5542 -0.9545 0.0567 0.0364 0.1324 0.6426 -10.4621 -3.7411 -0.5263 -10.4468 3.9754 1.0238 15.0929 -7.9514 -72.0009 -0.6347 -15.6935 0.0195 -0.1677 -133.5373 1.9661 -9.8187 -7.8673 -15.4846 10.8378 16.1657 -60.3329 1.3320 2.6458 5.2453 18.5633 4.8013 73.7196 19.4888 2.9332 0.7407 -0.1211 125.9219 -4.4674 7.5695 -6.5555 14.8502 7.3589 -16.3730 50.0511 -3.2426 -5.3678 -1.6494 10.9775 -1.7841 0.0643 35.5466 0.3457 -9.7699 15.1568 3.7912 1.9598 -7.8554 -2.1556 3.1650 -20.8623 3.2684 -0.0363 9.7984 0.0083 5.1323 -9.7869 -6.5506 -1.4147 -5.5269 1.2266
-64.6815 97.5960 992.7136 -3.0026 1.2398 -5.8086 -0.4547 0.6781 -0.8163 -0.4252 -4.8234 -3.4490 1.4376 11.5576 -4.7469 4.0513 -8.0907 1.4153 -0.6740 -3.6658 0.8827 -0.1580 -14.1379 -1.2347 0.0561 0.0521 0.1414 0.6499 -10.3928 -3.7365 -0.5354 -10.3955 3.9870 -1.7414 15.5378 -7.8674 -70.3840 0.8825 -14.7982 -0.1504 -0.1429 -130.9037 2.1814 -10.7929 -8.2961 -15.4029 10.9983 16.3738 -59.9691 1.3674 2.6433 6.8009 17.8728 6.0609 70.7077 16.6281 1.7920 0.9192 -0.5632 126.1833 -5.4320 5.8673 -5.2319 14.9649 7.2910 -16.4288 50.0663 -3.2895 -5.5579 3.2887 6.6725 1.5177 0.0575 49.2618 -0.0817 -10.3976 11.0117 4.6439 1.9821 -6.6827 -2.1638 6.6238 -20.6717 2.4779 0.1371 18.4499 -0.0975 1.6603 -5.2212 -4.8873 -1.4591 -3.9320 1.1582
-65.5767 94.9458 998.9244 -5.8565 -0.4897 -6.4661 0.7782 1.9673 -0.3775 0.0352 -4.3460 -3.0708 2.9494 12.6507 -4.1065 2.9664 -8.0288 1.8694 -0.6538 -3.6375 0.7613 -0.0630 -16.2588 -0.8302 0.0196 0.0340 0.0456 0.6392 -10.4113 -3.8235 -0.5991 -10.4157 3.9024 -4.3435 15.9676 -7.2986 -69.6109 2.4534 -12.7352 -0.3204 -0.1023 -127.7990 1.8368 -8.9664 -8.2734 -15.5842 10.6086 16.2072 -59.7934 1.0712 2.5611 7.7892 17.3136 7.5071 67.6082 11.5859 1.9297 1.1183 -0.8383 126.3303 -6.8931 3.4842 -4.8603 15.3175 7.2192 -16.2738 50.3925 -3.2005 -5.3049 8.7277 1.6784 3.4929 -0.1311 62.1233 -0.5464 -8.0981 4.1404 7.5588 2.0657 -5.3103 -2.1946 11.1188 -21.5712 1.1340 -0.0916 32.1302 -0.1258 -1.9989 -11.3435 -5.4345 -1.4390 -0.6476 1.0456
-66.2752 93.1616 1005.3233 -7.1671 -1.6974 -6.1863 1.2835 2.6667 -0.2056 0.1967 -4.1152 -2.6881 3.7723 13.8944 -3.6913 2.3164 -7.8728 1.7068 -0.5130 -3.6015 0.9001 -0.0796 -17.8608 -0.7259 -0.0021 0.0465 0.0373 0.6369 -10.4362 -3.8479 -0.6419 -10.4387 3.9225 -6.0119 17.0289 -6.5001 -69.8649 3.7817 -10.6722 -0.4061 -0.2166 -124.5534 2.5439 -6.1987 -8.0626 -15.6421 10.5900 16.1128 -60.4675 1.0729 2.4108 8.6449 16.9665 8.5952 64.9375 5.4318 4.3710 1.0312 -0.8354 125.1341 -8.1123 4.2160 -5.2354 15.6324 7.2876 -16.0957 50.6163 -3.1643 -5.1839 11.4196 -4.2244 2.4753 -0.3625 71.5358 -0.8913 -5.7482 -1.4971 9.5901 2.1224 -5.0753 -2.2685 12.9898 -18.5033 -0.9152 -0.1897 38.8209 -0.2839 -2.9004 -18.4541 -4.6249 -1.4287 0.7345 0.9125
-66.9377 92.4242 1011.9816 -6.7574 -1.9067 -5.2349 1.2847 2.8785 -0.0351 0.1062 -4.0815 -1.9608 3.5820 14.0538 -3.1426 2.0486 -7.3436 1.6170 -0.6728 -3.5304 0.3326 0.2628 -18.2518 -1.6537 -0.0230 0.0567 0.0015 0.6203 -10.4294 -3.8804 -0.6691 -10.4381 3.8914 -6.0720 17.6247 -5.3199 -71.0656 6.0982 -9.5211 -0.3478 -0.4405 -123.4527 3.7454 -5.3198 -8.5111 -15.5302 10.6840 15.8844 -60.6267 1.2774 2.3029 8.5679 16.5034 9.6714 64.0128 0.5393 7.1899 0.7329 -0.6607 124.6954 -7.8804 7.6164 -6.3668 15.5341 7.3476 -16.0857 50.4947 -2.9996 -5.2601 11.4712 -11.1451 0.3456 -0.6664 76.4347 -1.0921 -4.1166 -6.0803 10.5410 2.0896 -5.1692 -2.2917 12.2509 -13.5742 -1.8740 -0.1470 40.1089 -0.2754 -2.9962 -23.6126 -4.2122 -1.4368 1.1432 0.8385
-67.3698 92.8908 1019.0325 -5.5467 -1.3226 -4.0975 1.2675 2.8260 0.2186 0.0074 -4.1072 -0.8690 2.9281 13.2888 -2.3361 1.4045 -7.0487 1.7006 -0.8955 -3.4375 -0.5869 0.7351 -18.1548 -3.2778 -0.0068 0.0683 0.0507 0.6196 -10.4386 -3.8309 -0.6393 -10.4693 3.9313 -6.0523 17.5575 -3.8479 -71.5018 8.9583 -9.5757 -0.2012 -0.5756 -124.4761 4.2763 -6.4594 -9.5428 -15.4736 10.6825 15.7253 -60.5535 1.2957 2.2525 7.2958 15.8726 10.8230 64.5591 -2.7275 8.9264 0.5024 -0.4741 125.9285 -7.5931 9.2720 -6.7572 15.5009 7.3772 -16.0765 50.3764 -2.8364 -5.2051 9.8547 -18.0198 -1.1090 -0.5643 76.0681 -0.7689 -3.0202 -9.6781 10.7319 1.9460 -5.4211 -2.2212 10.6059 -7.5521 -1.4827 -0.1799 36.6450 -0.1960 -2.5595 -25.4418 -4.8001 -1.4533 0.2550 0.8133
-67.5787 94.3527 1026.4424 -3.5597 -0.2359 -2.9232 1.0210 2.4478 0.5252 -0.1502 -4.1942 0.5351 1.9265 12.3630 -1.4047 0.3846 -7.2542 1.9261 -1.2550 -3.4740 -1.8400 1.4483 -17.5868 -5.5100 0.0123 0.0526 0.0885 0.6243 -10.4672 -3.7834 -0.6081 -10.5097 3.9511 -6.7024 17.1025 -2.5328 -70.7743 11.6351 -9.8194 -0.1140 -0.6512 -125.9418 4.0290 -8.1787 -10.7870 -15.5704 10.8262 15.8669 -60.7767 1.3463 2.3512 5.6463 15.4266 12.0976 65.4170 -4.7628 9.6476 0.3028 -0.3377 127.5078 -7.9681 8.8227 -6.3317 15.3889 7.5402 -16.1518 50.4682 -2.6889 -5.1972 6.4295 -23.5624 -1.3094 -0.2905 70.0227 -0.3051 -2.5859 -11.7142 10.8724 1.8138 -5.5243 -2.1155 8.2806 -0.5057 -0.5203 -0.2331 29.4488 -0.1227 -1.7292 -22.8042 -6.0176 -1.4519 -2.2794 0.8726
-67.6231 96.3590 1034.3865 -1.1545 1.2260 -1.8256 0.5307 1.7113 0.6409 -0.2937 -4.2856 2.0209 0.7190 11.4703 -0.3537 -0.7199 -7.7813 2.2151 -1.6424 -3.5933 -2.8474 2.1083 -16.9007 -7.6248 0.0413 0.0269 0.1653 0.6541 -10.5398 -3.7116 -0.5809 -10.5855 4.0193 -7.5093 16.4964 -1.3338 -69.9813 13.7741 -10.1466 0.1526 -0.6098 -126.9231 3.7649 -9.1995 -11.6878 -15.6481 11.0682 16.2064 -61.1933 1.3489 2.4530 3.8853 15.3299 13.2476 65.8708 -5.7686 10.0025 0.3095 -0.3219 128.6004 -8.7416 7.7519 -5.3401 15.1602 7.5262 -16.1209 50.2892 -2.7428 -5.1153 1.8828 -27.1076 -0.7194 -0.0292 58.6694 0.0355 -2.9301 -11.0630 10.3785 1.7770 -5.7427 -2.0873 5.4281 5.9417 0.0147 -0.2457 21.7608 -0.1317 -0.9995 -15.3060 -6.4931 -1.4500 -7.9929 0.9759
-67.6588 98.4236 1042.5291 1.0594 3.0076 -1.0820 -0.0186 0.6712 0.7513 -0.4161 -4.5960 3.2002 -0.3772 10.7179 0.8273 -1.9132 -8.2807 2.4646 -1.8410 -3.6517 -3.7908 2.6366 -16.1765 -9.1308 0.0726 0.0025 0.2254 0.6900 -10.6057 -3.6542 -0.5543 -10.6584 4.0720 -8.0130 16.0701 -0.2770 -70.0094 15.3907 -9.7510 0.2669 -0.3790 -127.4671 3.6801 -9.9008 -12.0135 -15.6755 11.0364 16.4933 -61.0065 1.3263 2.5076 1.7054 15.3718 14.1681 66.1963 -5.9298 10.0399 0.8513 -0.1416 128.8747 -9.2625 6.4994 -4.7030 14.9740 7.5400 -16.1601 50.3173 -2.7570 -5.1344 -2.3887 -28.5146 0.0256 0.0905 43.2286 0.1725 -4.4390 -9.4605 9.1579 1.7856 -5.1212 -2.1187 2.2482 10.9416 -1.0508 -0.1930 15.6398 -0.1401 -0.1248 -4.2285 -4.9599 -1.4984 -16.7293 1.1676
-67.7481 99.9721 1050.8365 2.0943 4.5682 -0.8489 -0.1223 -0.3823 0.9017 -0.4465 -4.9489 3.7361 -1.0011 10.0830 2.0825 -2.6758 -8.6057 2.6129 -1.9667 -3.6523 -4.3918 2.8779 -15.2383 -9.7950 0.0717 -0.0024 0.1962 0.6994 -10.6473 -3.6903 -0.5661 -10.6791 4.0493 -7.9160 15.9017 0.6578 -71.1309 16.5688 -8.5592 0.2212 -0.1293 -127.8731 3.8478 -10.4233 -11.5334 -15.6136 10.9605 16.7616 -60.5515 1.3519 2.5107 -0.4214 15.2995 14.8108 65.8791 -5.0820 10.8497 1.1801 0.0075 128.4930 -9.0868 5.7618 -4.4801 14.9647 7.5547 -16.1706 50.4415 -2.7877 -5.1424 -4.5917 -27.9077 0.3348 0.0719 26.1581 0.2319 -6.2080 -8.1339 7.4827 1.7492 -4.5508 -2.1886 -0.0747 14.1185 -2.4253 -0.0790 12.5639 -0.1245 1.6271 7.7197 -2.2990 -1.6007 -22.9287 1.3495
-67.6661 100.7618 1058.8433 1.5717 5.4494 -1.0826 0.3710 -1.1905 1.0343 -0.3496 -5.2347 3.9066 -1.0361 9.7512 2.9139 -2.8096 -8.9723 2.6442 -2.0994 -3.6916 -4.6404 2.8579 -14.0100 -9.8871 0.0622 -0.0128 0.1503 0.7022 -10.6695 -3.7463 -0.5897 -10.6757 4.0129 -7.9734 16.2266 1.1941 -72.1406 17.0859 -6.4284 -0.0911 0.2213 -128.5036 4.1357 -11.2709 -10.3600 -15.4733 10.9763 16.7293 -60.0615 1.4091 2.5482 -1.5528 15.2663 15.2941 64.5449 -3.7373 12.4096 1.1166 -0.0012 128.0463 -8.3945 5.3909 -4.5301 14.9415 7.5196 -16.2086 50.5550 -2.8337 -5.1644 -4.3216 -26.8417 -0.1559 -0.0427 12.7563 0.0806 -7.0697 -7.6788 5.6166 1.6117 -5.0195 -2.3142 -0.4940 15.3697 -2.3443 -0.0771 14.2509 -0.0410 4.4123 17.2086 0.0561 -1.5333 -20.9843 1.2629
-67.5774 100.6217 1066.9905 0.9772 5.3147 -1.4076 0.6177 -1.3593 1.1077 -0.2553 -5.3061 3.8942 -0.9308 9.8282 3.0868 -2.6355 -9.3148 2.7134 -2.1515 -3.7891 -4.8448 2.8936 -12.9541 -9.6787 0.0458 -0.0422 0.1004 0.7071 -10.6085 -3.7707 -0.6277 -10.6017 3.9430 -8.8546 16.6037 1.0939 -72.0595 17.0646 -4.4274 -0.1373 0.4613 -129.2079 4.2429 -12.0644 -9.1154 -15.1352 11.0898 16.5768 -59.4611 1.5520 2.5819 -1.3890 15.2310 15.6013 62.7859 -2.4583 13.8292 1.1541 -0.0024 127.7128 -7.7770 5.0807 -4.5199 14.8360 7.4495 -16.2403 50.4054 -2.9109 -5.2531 -3.8305 -26.3529 -0.7070 0.0193 7.7059 -0.0227 -6.9393 -8.1878 5.1100 1.5111 -5.4044 -2.4115 -0.6638 14.7435 -1.6926 -0.1893 21.5924 0.1391 7.6963 22.1106 1.5484 -1.2973 -12.2726 1.0402
-67.2043 99.2939 1074.8618 1.4206 3.9642 -1.1878 0.1497 -0.7516 1.0850 -0.2973 -5.1532 3.6912 -1.0507 10.3808 2.5288 -2.2807 -9.1967 2.7462 -2.2120 -3.7688 -5.0191 3.0396 -12.9293 -9.6009 0.0445 -0.0155 0.1205 0.7049 -10.5599 -3.7350 -0.6278 -10.5406 3.9473 -9.7108 16.7538 0.4603 -71.2936 16.4711 -3.9577 0.3491 0.3738 -129.8524 4.1916 -12.3871 -8.3006 -14.6754 11.1500 16.6031 -58.9764 1.6521 2.6922 -0.8627 15.1755 15.3746 62.0427 -1.1021 14.8538 1.1535 0.0019 127.4910 -7.6253 4.3618 -3.7544 14.8832 7.4469 -16.3125 50.4849 -2.9078 -5.5316 -5.0103 -25.8808 -0.1756 0.1088 11.5604 0.0266 -6.5757 -7.9442 4.7628 1.5676 -5.2503 -2.4089 -2.1808 13.1422 -2.3072 -0.2126 33.6316 0.4498 9.3760 20.0345 1.2841 -1.2693 -6.9408 1.0022
-66.8877 97.0737 1082.7545 3.0604 1.7761 -0.5113 -0.9921 0.3780 0.8078 -0.4798 -4.7708 3.3528 -1.4865 11.1013 1.5216 -1.9422 -8.4393 2.6538 -2.2154 -3.6093 -4.9171 3.0154 -14.1207 -9.4558 0.0547 0.0284 0.1218 0.6818 -10.4988 -3.7475 -0.5857 -10.4937 3.9591 -10.4414 16.2536 -0.4172 -69.4731 15.0563 -4.1007 0.5857 0.1281 -129.8407 4.4711 -13.1067 -8.0699 -14.7104 11.0185 16.7170 -58.9584 1.6444 2.7786 -0.0658 15.1937 14.5315 62.0970 0.8313 15.7970 0.9070 -0.0285 126.7798 -7.9777 3.1256 -2.6601 15.0553 7.5213 -16.3260 50.3842 -2.8603 -5.7377 -7.8320 -25.1014 1.3807 -0.0069 21.0138 0.1816 -2.8771 -3.3890 3.1864 1.7220 -3.5434 -2.1996 -5.6723 10.8280 -4.5969 -0.1352 47.7357 0.7442 7.8839 13.3031 -2.4814 -1.3391 -4.9675 1.0146
-66.4455 94.5985 1089.7495 4.9042 -0.7480 0.1627 -1.7232 1.8300 0.5626 -0.7532 -4.3376 2.7299 -2.6043 11.9469 0.4597 -1.3122 -7.4755 2.5760 -2.1125 -3.5620 -4.8893 2.8006 -16.7975 -9.4353 0.0839 0.0872 0.1640 0.6920 -10.4468 -3.7164 -0.5407 -10.4792 4.0048 -11.0910 15.9539 -1.8093 -66.6582 11.6190 -4.6253 0.2241 -0.3915 -128.4418 5.3487 -13.4061 -7.9004 -14.8043 10.9940 16.7264 -59.2691 1.6084 2.5102 1.1876 15.6336 13.1587 63.0464 2.8497 15.7410 1.0145 0.1665 124.5442 -8.5660 2.9655 -1.8101 15.0879 7.5044 -16.3623 49.8921 -3.0304 -5.6813 -10.9807 -24.0002 2.3057 0.1117 33.3623 0.2911 1.6603 -9.9128 3.4191 1.6450 -0.8849 -2.0070 -9.2376 7.2612 -5.3862 0.1409 61.5768 0.8846 4.5884 6.8627 -7.9071 -1.4543 -4.5685 1.0394
-66.2845 93.0497 1095.7057 6.2007 -2.6136 -0.0228 -2.1870 2.7847 0.2937 -1.0379 -3.9535 2.1371 -3.5435 12.7102 -0.4510 -0.6330 -6.9688 2.2381 -2.0629 -3.5083 -4.1938 2.9297 -18.8746 -9.3701 0.0874 0.1306 0.1720 0.6888 -10.3979 -3.7247 -0.5301 -10.4421 4.0339 -11.0018 15.6303 -2.7640 -63.6963 7.0372 -6.6696 -0.1744 -0.4527 -125.5635 5.7961 -12.2810 -7.0336 -15.1228 11.1103 16.7237 -59.8931 1.5854 2.5060 2.1489 16.4710 11.3992 65.3068 5.0554 15.5194 0.9396 0.3765 120.1056 -8.9571 4.6555 -2.1037 14.8737 7.4598 -16.2187 49.5913 -3.2612 -5.5382 -12.9547 -19.9149 2.9492 0.2255 39.7630 0.3658 2.9353 -17.6720 4.2453 1.6258 0.2777 -2.0026 -11.0195 1.8756 -3.1323 0.2479 72.9934 0.7439 1.2388 1.7903 -13.3314 -1.6307 -4.7890 1.0859
-66.4313 92.5171 1101.8693 5.9843 -3.4686 -0.8908 -2.3580 3.2709 0.0183 -1.0890 -3.7821 1.2886 -3.4342 12.8069 -1.2622 -0.2334 -6.7630 2.2231 -1.8459 -3.5395 -3.1884 3.0256 -19.4148 -8.6765 0.0868 0.1111 0.1869 0.6808 -10.4275 -3.7200 -0.5215 -10.4690 4.0661 -9.5248 15.3355 -3.7206 -62.2654 2.7681 -9.1193 -0.2458 -0.3789 -124.1511 4.7042 -9.7059 -5.4877 -15.4059 11.2473 16.5475 -60.5190 1.5157 2.5432 2.3818 17.4407 9.7604 68.0734 7.6944 15.1381 0.4685 0.1926 116.1118 -8.6554 6.2623 -3.4975 14.8395 7.4278 -16.0367 49.4318 -3.3899 -5.2836 -12.6049 -14.2794 2.4349 0.1184 40.7448 0.1859 3.0166 -23.0330 5.2556 1.6283 0.9071 -1.9679 -10.1179 -4.9968 0.8945 0.2520 80.1942 0.5259 -0.7514 -1.3665 -16.5626 -1.6841 -4.9253 1.0915
-66.7296 92.9350 1108.9248 4.9322 -3.4936 -1.9428 -2.4926 3.4599 -0.4265 -1.0393 -3.7364 0.2133 -2.8005 12.2886 -2.4452 0.4491 -6.8730 2.2927 -1.5858 -3.5103 -2.1098 2.9666 -19.7041 -7.2493 0.0562 0.0693 0.1170 0.6529 -10.4710 -3.7944 -0.5533 -10.5103 4.0151 -7.0048 14.7297 -4.7865 -62.0839 -0.1608 -9.7896 -0.4210 -0.3585 -125.6845 3.1955 -8.1462 -4.8578 -15.4136 11.1448 16.4685 -60.5901 1.3227 2.5675 2.6040 17.7980 8.3421 70.1317 11.0433 14.8416 -0.0188 -0.3661 115.5538 -7.6950 4.9319 -3.5945 15.0237 7.2792 -15.9676 49.3765 -3.6757 -5.1777 -11.4173 -7.5341 0.9218 0.1274 37.2903 0.0727 2.3565 -25.2505 7.0908 1.6716 0.4950 -1.9549 -8.0397 -12.6842 4.5761 0.4478 82.0804 0.5420 -2.0403 -3.3372 -17.4532 -1.6685 -4.7356 1.0712
-67.1871 94.4339 1116.7366 3.1755 -2.9829 -2.9029 -2.3625 3.3040 -0.7965 -0.9092 -3.7674 -1.0254 -1.7808 11.6687 -3.6684 1.3344 -7.2243 2.2196 -1.0811 -3.5158 -1.0367 2.6674 -19.5491 -5.2900 0.0139 0.0500 0.0183 0.6148 -10.4899 -3.8834 -0.5983 -10.5099 3.9195 -4.6593 14.3597 -6.1730 -61.8448 -1.8862 -9.6533 -0.6053 -0.3861 -128.5560 2.2169 -8.1324 -4.8611 -15.4524 11.0662 16.3385 -60.4229 1.2116 2.6010 3.1930 17.7781 6.9004 71.3533 14.2333 14.2403 -0.2011 -1.0868 117.0635 -6.5147 2.1855 -2.7350 15.3044 7.1273 -15.8904 49.4869 -3.6564 -5.0269 -9.5633 0.0486 -0.7678 0.2087 30.3437 0.1209 1.6079 -22.9777 8.2339 1.7179 -1.3966 -2.0601 -5.0009 -19.4762 6.6512 0.1942 77.7652 0.2070 -2.9154 -4.5707 -17.4229 -1.6010 -4.8507 1.0174
-67.5587 96.6600 1125.0597 1.0458 -1.9251 -3.7910 -1.9630 2.6522 -1.0963 -0.8066 -3.9251 -2.1107 -0.5743 11.1538 -4.8441 2.4682 -7.6210 1.8552 -0.6042 -3.5401 0.1252 2.3898 -18.8792 -3.4503 -0.0248 0.0435 -0.0644 0.5887 -10.5267 -3.9681 -0.6448 -10.5327 3.8465 -2.4076 14.2471 -7.3616 -62.1559 -2.2537 -9.9323 -0.6627 -0.2264 -131.2743 1.6715 -8.9395 -4.7564 -15.4668 10.9044 16.1653 -60.1153 1.0962 2.6505 3.9095 17.7147 5.5893 72.2360 16.7756 13.1379 -0.0510 -1.3638 118.9343 -5.5112 -0.0279 -2.0444 15.5918 7.0979 -15.9174 49.7679 -3.5786 -5.0033 -7.1943 7.5449 -1.6345 0.3179 21.8456 0.2773 1.0803 -15.2724 7.7820 1.8663 -7.3148 -2.2649 -1.4157 -24.4609 7.2933 -0.2822 67.6592 -0.3228 -3.3913 -5.3584 -16.9657 -1.5614 -5.1236 1.0469
-68.1763 98.9540 1133.6950 -0.9853 -0.3980 -4.5600 -1.3672 1.5758 -1.2932 -0.6464 -4.3204 -3.1371 0.4737 10.7459 -5.6918 3.4900 -7.9444 1.5533 -0.3147 -3.5962 1.2511 2.3036 -17.8941 -2.2352 -0.0229 0.0533 -0.0477 0.5808 -10.5848 -3.9615 -0.6294 -10.5737 3.8687 -0.2721 14.2154 -8.0203 -63.2431 -1.6181 -10.7388 -0.7137 -0.1259 -133.1638 1.4652 -9.2633 -4.5491 -15.5644 10.8111 16.0957 -60.2322 1.0086 2.6903 4.2504 17.9263 4.7106 73.5230 18.5507 11.7355 0.1025 -1.2400 120.4637 -4.6871 -0.2977 -2.2085 15.7095 7.0282 -15.9405 49.9847 -3.4603 -5.0851 -4.2812 13.4345 -0.7254 0.2295 14.7064 0.4169 0.4846 -4.1547 5.8175 2.1208 -15.9383 -2.5608 1.9468 -27.0863 6.4628 -0.3101 52.9413 -0.2632 -2.5035 -5.3531 -15.4468 -1.5196 -4.9210 1.0322
-68.8031 100.6597 1142.4960 -2.0338 1.1715 -4.9840 -1.0296 0.4609 -1.4751 -0.5377 -4.7852 -4.0200 1.1029 10.2672 -6.1528 4.1377 -8.2711 1.3385 -0.1915 -3.6618 1.8924 2.4438 -16.7081 -1.3667 -0.0181 0.0646 -0.0135 0.5630 -10.6013 -3.9306 -0.5984 -10.5765 3.9013 1.5953 14.1998 -8.3233 -64.9886 -0.6095 -11.9544 -0.6978 -0.2688 -134.2179 1.3122 -9.0484 -4.1029 -15.6344 10.7800 16.0680 -60.2989 1.0088 2.6590 3.9344 18.1680 4.0192 75.3700 19.8671 10.1033 0.2691 -0.8771 121.7921 -4.2634 1.3719 -3.5707 15.5265 7.0597 -15.9591 50.0688 -3.3956 -5.0544 -2.0648 16.9712 0.5722 0.0298 11.0761 0.5184 -0.9230 6.9987 3.4424 2.3000 -20.5839 -2.6511 4.0086 -27.2123 4.6062 -0.1500 35.6682 -0.0169 -0.7098 -4.9576 -12.8074 -1.4944 -4.8442 1.0629
-69.0465 101.3782 1150.5379 -1.5646 2.2449 -5.0714 -1.3538 -0.4210 -1.5084 -0.5662 -5.1661 -4.5759 1.1402 9.8692 -6.3680 4.4384 -8.6234 1.3343 -0.1524 -3.6715 2.0090 2.6118 -15.5043 -0.8677 -0.0048 0.0565 0.0455 0.5807 -10.5971 -3.8664 -0.5869 -10.5677 3.9497 2.5531 14.3491 -8.5650 -66.5520 0.5558 -13.3477 -0.4568 -0.5143 -134.6389 1.3065 -8.9207 -3.7586 -15.6712 10.7703 15.9834 -60.3435 1.0818 2.5624 3.5693 18.3186 3.6766 77.2271 20.8040 8.5747 0.2144 -0.5480 123.1619 -4.4172 3.8573 -5.0492 15.2496 7.1221 -16.1246 49.9981 -3.3890 -5.0022 -1.9588 18.2415 0.2867 -0.0665 12.4160 0.5211 -3.2056 14.3260 2.4328 2.1825 -16.9876 -2.3989 4.0543 -25.8172 3.4830 -0.0416 19.6171 0.0616 0.9289 -5.7663 -9.6300 -1.4618 -4.8129 1.0970
-69.3176 101.1223 1158.1608 -0.2513 2.3350 -5.1546 -1.9716 -0.8110 -1.3356 -0.6959 -5.3359 -4.6443 0.7332 9.7708 -6.3741 4.4635 -8.8118 1.4520 -0.2333 -3.7140 2.0413 2.6618 -14.2855 -0.7169 0.0169 0.0242 0.1120 0.6181 -10.5875 -3.7792 -0.5794 -10.5535 3.9884 2.0323 14.5155 -8.7782 -67.1758 2.0134 -14.2961 -0.1004 -0.8088 -134.3273 1.4413 -9.0475 -3.8664 -15.5844 10.8170 16.0479 -60.2363 1.1734 2.4587 3.8679 18.4099 3.7573 77.8031 20.9848 7.0692 0.2536 -0.2748 124.5171 -5.2167 5.5938 -5.8088 14.9993 7.1446 -16.2872 49.7385 -3.4093 -5.0860 -3.2444 17.8227 -1.1002 0.0044 18.8381 0.4572 -5.6693 16.9356 2.9089 2.0017 -10.4451 -2.1532 2.7699 -24.1280 4.0551 -0.0223 9.7768 0.0818 2.7613 -7.1266 -7.1681 -1.4060 -4.6378 1.1439
-69.6291 99.8142 1165.6073 0.1783 1.3899 -5.2477 -1.8974 -0.5827 -1.1445 -0.6555 -5.1792 -4.3400 0.4285 10.0575 -5.9371 3.9781 -8.8149 1.5137 -0.1956 -3.7321 2.3110 2.6539 -13.4740 -1.1700 0.0283 0.0279 0.1463 0.6344 -10.5062 -3.7205 -0.5736 -10.4877 3.9932 0.4849 14.7756 -8.7471 -67.2827 3.2652 -14.3574 -0.0923 -0.9943 -133.0144 1.7548 -10.0654 -4.6271 -15.4937 10.7695 16.1331 -59.9313 1.2592 2.4893 4.5239 18.4657 4.0487 76.8652 19.9134 5.8737 0.5239 -0.1408 125.4818 -6.3527 5.6065 -5.8905 14.9659 7.1595 -16.2261 49.8747 -3.2591 -5.2472 -2.7889 16.1446 -1.0231 0.0720 29.2289 0.2954 -8.1008 16.0179 3.1743 1.9613 -7.3835 -2.0914 2.5524 -22.4207 4.3797 -0.0420 8.7852 0.0355 3.3703 -8.1921 -6.7017 -1.3555 -4.8121 1.2452
-69.9544 97.6684 1172.5189 -1.7284 -0.1230 -5.2840 -0.2019 0.1254 -0.9036 -0.4141 -5.0128 -3.8104 0.6284 10.8921 -5.1433 3.1948 -8.4332 1.7261 -0.2550 -3.6977 2.0458 2.7371 -13.0903 -1.7790 0.0314 0.0517 0.1447 0.6312 -10.4469 -3.7162 -0.5649 -10.4526 3.9830 -2.0825 15.0700 -8.3360 -66.6764 4.2939 -13.9827 -0.1116 -0.9147 -130.5412 1.9629 -10.4288 -5.7414 -15.3095 10.9647 16.3635 -59.5999 1.3850 2.5804 5.9642 18.1449 5.0856 74.2164 17.6407 4.9379 0.7204 -0.4327 125.5740 -7.3242 5.4162 -5.3962 15.0850 7.2340 -16.3372 50.0301 -3.3018 -5.4885 1.9848 12.8500 2.2993 0.0278 42.5930 -0.1205 -9.1571 12.0468 3.8475 1.9777 -6.7390 -2.0953 5.1836 -21.7409 3.5116 0.1710 16.4029 -0.0839 -0.1695 -1.9877 -5.6875 -1.4439 -3.6712 1.2012
-70.4048 95.1591 1179.0893 -4.7516 -2.5472 -5.2992 1.2683 1.6389 -0.4700 0.1336 -4.4698 -3.2751 2.1798 12.0355 -4.4228 1.9354 -7.5662 2.3792 -0.3629 -3.6410 1.4797 3.1354 -15.2823 -1.7005 0.0149 0.0472 0.0800 0.6430 -10.4671 -3.7644 -0.6098 -10.4753 3.9135 -3.9719 15.3687 -7.2291 -67.3719 4.9773 -12.9524 -0.0388 -0.6588 -127.1043 1.6872 -8.4542 -7.0683 -15.2893 10.7423 16.1380 -59.5203 1.1309 2.5024 6.6162 18.1675 6.4936 70.7701 13.6432 5.3616 0.9334 -0.4775 124.8159 -8.6115 4.0757 -5.2760 15.3684 7.1745 -16.1511 50.1905 -3.2315 -5.1989 8.5716 8.7541 5.7264 -0.0976 56.1012 -0.6781 -7.9878 5.2326 5.3361 2.0359 -5.5312 -2.1336 9.6606 -22.2183 2.3023 -0.0366 30.3947 -0.0217 -2.8904 -6.9742 -6.9836 -1.4397 -0.6433 1.1189
-70.6874 93.5057 1185.5156 -6.4479 -4.5177 -4.2604 1.9529 2.6662 -0.2851 0.4019 -4.1603 -2.7782 3.1569 13.3106 -3.9667 1.2668 -6.4498 2.2246 -0.2471 -3.6234 1.4140 3.3735 -16.7732 -1.9548 0.0032 0.0557 0.0884 0.6430 -10.5017 -3.7610 -0.6340 -10.5067 3.9357 -5.3722 16.4863 -6.1337 -68.6083 5.2135 -10.8356 -0.3805 -0.3663 -122.8544 2.2773 -6.3765 -8.0504 -15.2474 10.7552 15.9875 -59.8961 1.0850 2.3229 7.4866 18.3026 7.4477 66.5734 8.5644 7.6912 0.9798 -0.3603 122.0303 -9.2510 3.7353 -4.8589 15.5795 7.2464 -16.0134 50.2798 -3.2374 -5.0734 12.1019 3.5082 5.0785 -0.2303 66.7233 -0.9675 -6.3187 -0.0897 6.7612 2.1181 -4.9292 -2.2051 12.0430 -18.8738 0.4655 -0.1346 37.7281 -0.0863 -3.2400 -14.4136 -7.4612 -1.4251 0.8225 0.9975
-71.1065 92.8102 1191.6667 -6.3171 -5.3862 -2.6016 2.0205 3.1045 -0.1615 0.3022 -4.1093 -2.0701 3.0299 13.8339 -3.4474 1.2458 -5.3081 1.9457 -0.3533 -3.5888 0.7840 3.6243 -16.6281 -2.8477 -0.0138 0.0570 0.0558 0.6232 -10.5037 -3.7909 -0.6499 -10.5146 3.9102 -6.4498 17.2457 -5.3254 -69.3863 6.9111 -8.2887 -0.5064 -0.4450 -119.8549 3.3471 -5.3896 -8.5516 -15.1365 10.8641 15.8425 -59.8978 1.3362 2.1991 8.3060 18.1170 8.4976 63.0479 4.0111 10.2867 0.7837 -0.1863 119.8433 -8.5978 5.5970 -4.6916 15.4943 7.2982 -15.9331 50.1840 -3.2402 -5.1337 12.6485 -3.1205 2.6012 -0.4986 73.1686 -1.1323 -5.0312 -4.3062 7.6156 2.1253 -4.9895 -2.2524 11.6781 -13.8042 -0.8576 -0.1017 39.9855 -0.1242 -2.8919 -20.2490 -7.6680 -1.4289 1.4358 0.9136
-71.4626 92.8961 1198.6114 -5.6055 -5.2849 -0.9553 2.1752 3.2949 0.0683 0.1845 -4.0892 -1.1170 2.5265 13.4885 -2.7235 1.0884 -4.7671 1.8368 -0.5624 -3.4736 -0.0230 3.8459 -16.3070 -4.1954 -0.0009 0.0591 0.0980 0.6448 -10.5303 -3.7579 -0.6479 -10.5604 3.9564 -7.3739 17.5062 -4.3490 -69.1002 9.7468 -6.1114 -0.3142 -0.4489 -119.5891 3.9007 -5.9427 -9.4470 -15.2490 10.8327 15.6711 -59.9141 1.4597 2.1532 7.3919 17.3354 9.6801 61.6382 0.4742 12.0615 0.5888 -0.0127 120.3447 -7.8755 6.9485 -4.4719 15.3323 7.3068 -15.9161 50.0249 -3.1232 -5.1532 12.0889 -10.8485 0.5754 -0.7032 75.2442 -1.0894 -3.9545 -7.3899 8.4260 2.0158 -5.0650 -2.2022 10.6409 -8.3781 -1.2199 -0.1374 38.7407 -0.1139 -2.1968 -23.6228 -8.5007 -1.4485 1.1766 0.8804
-71.6315 93.8906 1205.9016 -4.4369 -4.5386 0.2646 2.2590 3.1758 0.3930 0.0626 -4.1059 0.1473 1.8639 12.8786 -1.9522 0.5087 -4.9480 1.9500 -0.8987 -3.4977 -1.1128 4.2565 -15.6745 -5.9550 0.0032 0.0403 0.1128 0.6569 -10.5470 -3.7380 -0.6547 -10.5874 3.9633 -8.5829 17.4625 -3.3265 -67.8769 12.7788 -4.1715 -0.0307 -0.4752 -120.7175 3.9636 -6.8837 -10.8703 -15.3967 10.8958 15.6803 -60.1066 1.5371 2.2215 5.6196 16.6167 10.9665 61.2050 -2.5207 13.1418 0.2429 0.1593 122.4217 -7.6736 6.8596 -4.2339 15.2111 7.4279 -16.0474 50.1565 -2.9550 -5.1839 10.2799 -17.7624 -0.0418 -0.5368 71.9182 -0.6879 -3.5187 -9.0426 9.3116 1.8516 -5.0615 -2.0779 9.2482 -2.4766 -0.8644 -0.2029 34.1266 -0.0535 -1.2755 -23.4479 -9.7987 -1.4477 0.1200 0.8865
-71.5489 95.5756 1213.4272 -2.6168 -3.3786 1.1696 2.0246 2.7291 0.6083 -0.0917 -4.1144 1.5430 0.9112 12.1231 -1.0419 -0.1422 -5.5759 2.1396 -1.3538 -3.6031 -2.1269 4.6554 -14.8530 -7.7889 0.0131 0.0037 0.1448 0.6854 -10.5821 -3.7084 -0.6649 -10.6296 3.9907 -9.7225 17.2542 -2.2622 -66.5943 15.5900 -2.6422 0.4147 -0.4677 -121.7354 3.7301 -7.2262 -12.3424 -15.5489 11.0422 15.8808 -60.4612 1.5584 2.2879 3.5685 16.2167 12.2499 61.1464 -5.0574 13.6761 0.1120 0.1707 124.7994 -8.3620 5.9877 -3.7215 15.1424 7.4970 -16.1397 50.1460 -2.9505 -5.1686 6.8218 -22.9540 0.8077 -0.2387 63.1225 -0.2524 -3.6986 -8.6162 9.7869 1.7848 -5.3910 -2.0254 7.0928 3.3410 -0.3165 -0.2305 28.0995 -0.0361 -0.1934 -19.2951 -10.7857 -1.4384 -2.6465 0.8931
-71.2185 97.5558 1220.8230 -0.3478 -1.8273 1.8549 1.4235 1.9651 0.7937 -0.2620 -4.2717 2.7948 -0.1541 11.3578 -0.0897 -1.0211 -6.4385 2.3925 -1.6978 -3.6549 -3.1064 4.8302 -13.9328 -9.3327 0.0401 -0.0251 0.2062 0.7152 -10.6035 -3.6526 -0.6407 -10.6638 4.0481 -10.5047 16.9303 -1.3025 -65.9079 18.1587 -1.0366 0.6192 -0.2096 -122.2400 3.4093 -7.5071 -13.2061 -15.6501 11.0096 16.0541 -60.4276 1.5212 2.4138 1.4602 15.9864 13.2981 61.4048 -6.8624 13.6413 0.3611 0.2438 126.8320 -9.3315 4.5653 -3.3324 14.9594 7.5411 -16.2668 50.2010 -2.8383 -5.2638 2.1919 -25.7754 2.4024 0.0101 49.8115 0.0697 -4.5021 -6.9041 9.8231 1.7897 -5.1410 -2.0342 4.0742 8.3231 -0.9016 -0.2371 22.6456 -0.0077 0.6356 -12.1373 -10.1807 -1.4319 -8.0218 0.9715
-70.7682 99.3491 1228.7944 1.3641 -0.2805 2.4845 0.9722 0.9722 0.8713 -0.3577 -4.5344 3.3996 -0.9823 10.6593 1.0217 -1.7798 -7.0199 2.5464 -1.8979 -3.6495 -3.9161 4.6873 -12.9272 -10.1340 0.0448 -0.0336 0.1975 0.7175 -10.6265 -3.6697 -0.6352 -10.6767 4.0451 -10.5619 16.6705 -0.4351 -66.4055 20.4231 0.8419 0.5333 -0.0457 -122.1790 3.3909 -7.4633 -13.2789 -15.7124 10.9271 16.2428 -60.2487 1.5190 2.5232 -0.3343 15.7678 13.8221 61.4838 -7.7899 14.0433 0.5452 0.2459 128.1754 -9.7638 4.1399 -3.2880 15.0055 7.5450 -16.3049 50.3431 -2.7425 -5.3393 -1.6883 -25.9502 3.8208 0.0740 33.6154 0.2047 -5.8471 -6.0338 9.0486 1.7880 -4.3960 -2.0546 1.4839 11.8683 -1.9665 -0.1989 19.2105 -0.0016 1.3179 -2.3907 -8.8061 -1.4932 -15.1955 1.1604
-70.1898 100.6222 1236.7152 1.5287 0.6766 3.0065 1.1860 -0.0334 0.8942 -0.3137 -4.8233 3.4368 -1.1759 10.1416 1.9703 -2.0772 -7.1805 2.5977 -2.1262 -3.6398 -4.5039 4.3585 -11.4376 -10.3927 0.0376 -0.0306 0.1680 0.7083 -10.6481 -3.7137 -0.6412 -10.6633 4.0301 -10.3564 16.8777 0.2477 -67.3749 22.0600 3.2189 -0.0396 0.0491 -121.7000 3.8645 -7.2223 -12.5077 -15.7337 10.8437 16.2622 -59.9464 1.5199 2.6089 -1.3745 15.6125 13.9563 61.1770 -7.7049 15.1843 0.5039 0.1570 129.0044 -9.3402 4.7354 -3.7180 15.0168 7.4863 -16.2717 50.3679 -2.7809 -5.3164 -3.2239 -24.3335 4.4964 -0.0766 18.5136 0.0749 -7.6157 -7.1781 7.2036 1.6884 -4.2784 -2.1289 0.8148 14.2448 -2.1089 -0.1842 18.7444 -0.0482 2.2490 7.9491 -7.4016 -1.5765 -19.2724 1.2912
-69.6361 101.1101 1243.8648 0.7464 0.8013 3.2426 1.6836 -0.6684 0.8669 -0.1754 -5.0502 3.2747 -0.9370 9.8526 2.4040 -2.0096 -7.0153 2.6083 -2.3475 -3.6748 -4.9234 4.0167 -9.6918 -10.4021 0.0219 -0.0479 0.1253 0.6946 -10.6154 -3.7418 -0.6588 -10.6172 3.9771 -10.5924 17.4983 0.5806 -67.8598 23.0469 5.4999 -0.6427 0.2422 -121.5040 4.3826 -7.0113 -11.3964 -15.6153 10.7990 16.0848 -59.6264 1.5813 2.6477 -1.3465 15.6770 13.9584 60.6954 -6.9029 16.2628 0.6508 0.0952 129.8794 -8.4473 5.3828 -4.2341 14.8487 7.3866 -16.2306 50.0163 -2.9730 -5.2104 -3.1339 -22.5043 4.3696 -0.1145 9.8507 -0.0576 -8.6951 -8.6995 5.9591 1.5498 -4.8218 -2.2541 1.5387 14.9112 -1.2025 -0.2698 22.8118 -0.0333 3.5336 16.2838 -6.3411 -1.4722 -15.7245 1.1515
-69.0276 100.5772 1250.3016 0.4130 0.0563 3.3829 1.7461 -0.6649 0.8298 -0.1263 -5.1257 3.1647 -0.7242 9.8600 2.1073 -1.7839 -6.5131 2.6784 -2.5030 -3.7314 -5.3359 3.7042 -8.4063 -10.2427 0.0242 -0.0573 0.1493 0.7054 -10.5889 -3.6953 -0.6649 -10.5888 3.9760 -11.1381 18.1493 0.6072 -67.7847 23.5297 6.4501 -0.7230 0.3014 -122.0264 4.6637 -7.0491 -10.3042 -15.3866 10.8720 16.1105 -59.4363 1.6919 2.7835 -0.9342 15.8408 13.7550 60.9887 -5.5516 17.1027 0.9054 0.1729 130.9646 -7.4820 5.8909 -4.2258 14.8576 7.4294 -16.2999 50.0004 -2.9160 -5.3176 -3.1360 -20.5254 3.6485 -0.0175 8.8957 -0.0058 -8.6116 -9.3841 5.5429 1.5345 -4.9924 -2.3349 1.5566 14.0466 -0.8571 -0.3541 31.2156 0.1036 5.2656 20.6639 -5.3816 -1.3173 -9.0975 1.0128
-68.2627 98.9541 1256.3496 1.4900 -1.3520 3.3968 0.8635 -0.1149 0.7364 -0.1967 -4.9836 3.0984 -0.8044 10.1420 1.3201 -1.5863 -5.6822 2.7590 -2.5836 -3.7121 -5.3653 3.3338 -8.1392 -9.9564 0.0393 -0.0270 0.1879 0.7061 -10.5996 -3.6674 -0.6357 -10.5957 4.0162 -11.9159 18.2441 0.4006 -67.0400 23.5491 6.2127 -0.3215 0.3310 -122.9781 4.5363 -7.5203 -9.2256 -15.2452 10.9510 16.2894 -59.4188 1.7936 2.9016 -0.3901 15.9923 13.2862 62.1957 -3.5658 17.7708 1.0565 0.2061 132.0057 -6.7872 5.7642 -3.5731 15.0686 7.5298 -16.5104 50.2720 -2.8087 -5.6509 -4.4530 -18.5336 2.7660 -0.0394 14.2721 0.1277 -6.3717 -7.1273 4.9185 1.6733 -4.8190 -2.3287 -0.8631 11.9292 -2.0860 -0.2900 42.6534 0.3641 5.6661 19.2199 -5.8784 -1.2590 -5.5447 0.9760
-67.4642 96.6798 1263.1439 4.0541 -3.2640 3.1318 -0.5920 1.0830 0.5247 -0.4002 -4.6496 2.9176 -1.6009 10.8199 0.6070 -1.4632 -4.9597 2.6959 -2.5297 -3.6236 -5.1763 3.0228 -9.6965 -9.3598 0.0385 -0.0088 0.1181 0.7032 -10.5801 -3.7611 -0.6367 -10.6128 3.9746 -13.1211 17.8091 -0.2988 -65.1801 21.9631 6.0158 -0.2351 0.1492 -123.4719 4.7236 -8.9498 -8.6621 -15.3870 11.0008 16.4865 -59.7738 1.8002 2.7392 0.6168 16.1136 12.4947 63.5342 -1.4880 18.2003 1.0111 0.3408 132.2320 -6.4696 5.3372 -2.9003 15.4516 7.5952 -16.4578 50.1351 -2.8297 -5.7270 -7.6636 -18.2172 1.9732 -0.0393 24.8655 0.1413 -1.5025 -6.4417 5.3832 1.7340 -2.4843 -2.2303 -5.4492 8.5778 -3.3055 -0.1966 55.1315 0.5093 3.8693 13.3996 -8.7238 -1.3109 -4.4241 0.9946
-66.6362 94.4123 1269.9986 6.2469 -5.2167 2.4962 -1.3181 2.3872 0.4793 -0.7111 -4.2534 2.4258 -2.8303 11.7292 -0.1406 -1.0051 -4.1963 2.7527 -2.2622 -3.6631 -4.5611 2.6030 -12.1011 -8.6675 0.0578 0.0252 0.1543 0.7223 -10.5846 -3.7308 -0.6200 -10.6401 4.0157 -13.4965 17.7187 -1.2148 -63.5535 17.9568 4.5702 -0.0694 -0.2044 -122.2157 4.9768 -9.6845 -8.0215 -15.3140 11.0838 16.4753 -60.2077 1.7923 2.4526 1.9050 16.7416 11.4584 65.7150 0.0231 18.6373 0.7677 0.2469 130.3203 -7.3183 5.4219 -1.9712 15.4421 7.6445 -16.4959 49.8379 -3.0013 -5.6617 -10.4914 -17.1770 2.0682 0.0479 35.5221 0.2358 0.1589 -13.1932 6.7661 1.6436 -0.3785 -2.1386 -8.6993 4.1826 -1.5910 0.0537 66.3141 0.6821 1.9941 7.0756 -11.4478 -1.4259 -4.4574 1.0136
-66.2230 92.8910 1276.7295 7.0704 -6.4687 1.2811 -1.5848 3.1007 0.3723 -0.8878 -3.9381 1.8274 -3.2338 12.3674 -0.7230 -0.6757 -3.4654 2.6110 -1.9822 -3.6166 -3.4540 2.4209 -13.2824 -7.6141 0.0566 0.0427 0.1753 0.7118 -10.5850 -3.7098 -0.6111 -10.6529 4.0458 -12.9098 17.5321 -1.9863 -62.3388 13.1925 1.9081 0.2967 -0.2479 -120.0062 4.7152 -8.0856 -6.7388 -15.3941 11.2072 16.3298 -60.4322 1.8282 2.3272 2.9274 17.3961 10.1166 68.4108 1.9160 19.2354 0.2322 0.3329 127.1253 -9.0235 4.4835 -1.7844 15.1853 7.7079 -16.3606 49.5820 -3.1337 -5.4419 -11.4213 -13.6590 2.6113 0.0405 40.9286 0.2175 0.2022 -19.9764 7.4727 1.6367 0.5194 -2.1111 -9.5796 -1.1430 1.9880 0.2443 74.4014 0.7136 0.2785 1.1463 -13.5934 -1.5352 -4.7443 1.0475
-66.3396 92.1071 1283.6515 6.8723 -6.7746 -0.1430 -1.8050 3.3149 0.0960 -0.9168 -3.7589 1.0525 -3.0393 12.3515 -1.4200 -0.2243 -2.7375 2.5487 -1.5672 -3.5811 -2.3096 2.2709 -13.5521 -6.2524 0.0498 0.0349 0.1862 0.7041 -10.6321 -3.6988 -0.6162 -10.6982 4.0627 -11.2517 17.1297 -2.9987 -61.8716 8.7784 -0.0567 0.3190 -0.4805 -119.6392 4.0534 -5.2222 -5.8687 -15.4183 11.2385 16.1028 -60.4767 1.7447 2.2758 3.3974 17.6748 8.8000 70.9054 4.2498 19.4344 -0.1004 0.2856 125.2780 -10.2430 2.1862 -1.5284 15.1340 7.6878 -16.1817 49.3097 -3.2845 -5.1726 -11.0129 -9.0304 2.6741 -0.0157 42.0048 0.0420 -0.2998 -25.0087 8.2663 1.6428 0.8640 -2.0819 -9.2977 -7.4528 5.5873 0.6956 78.6420 1.0653 -0.8706 -3.4349 -15.0589 -1.5483 -4.9331 1.0405
-66.5387 92.2858 1290.5947 5.9398 -6.2749 -1.3371 -1.9554 3.1067 -0.3121 -0.8633 -3.6986 0.1235 -2.6176 11.8586 -2.5264 0.7158 -2.2690 2.4535 -1.2595 -3.5278 -1.2726 2.0385 -13.2639 -4.7907 0.0238 0.0253 0.1172 0.6908 -10.6466 -3.7615 -0.6547 -10.7170 3.9978 -9.3938 16.2509 -4.2735 -61.3408 5.4231 -0.8010 -0.0477 -0.6767 -121.4072 3.2340 -3.4209 -5.8920 -15.3230 11.1112 15.9652 -60.2015 1.5454 2.2804 3.8274 17.3724 7.3898 72.4734 6.8559 19.8845 -0.1600 -0.0605 125.3887 -10.6878 0.0108 -0.2516 15.3965 7.5084 -16.2558 49.0899 -3.6227 -5.1948 -9.8444 -3.4906 2.1020 0.0283 39.0331 -0.0724 -1.0840 -27.1395 9.2181 1.6971 0.4280 -2.0619 -8.3595 -14.0789 8.1114 0.8923 78.1750 1.1519 -1.2241 -6.8638 -15.5951 -1.5582 -5.0361 1.0228
-66.9164 93.5879 1297.4158 4.1766 -5.2600 -2.1495 -1.8615 2.5277 -0.6739 -0.7718 -3.8153 -1.0368 -1.8019 11.2825 -3.7776 1.9653 -1.9626 2.2078 -0.8640 -3.5634 -0.3790 1.7286 -12.2776 -3.2363 -0.0044 0.0205 0.0264 0.6754 -10.6487 -3.8396 -0.6951 -10.7075 3.9016 -7.7426 15.5278 -5.9859 -60.5861 2.8370 -1.2410 -0.5232 -0.7608 -123.9664 2.1731 -1.9852 -5.6312 -15.2079 11.0240 15.8069 -59.9034 1.3630 2.2557 4.4423 16.9499 5.7640 73.2638 9.0910 20.3549 -0.0586 -0.5850 126.2806 -10.5203 -1.1221 1.3102 15.6612 7.3004 -16.2154 49.0491 -3.6401 -5.1316 -7.7608 2.9536 1.2627 0.1281 32.4898 -0.0984 -1.5723 -25.1329 9.2712 1.7506 -1.2943 -2.0991 -6.2473 -19.8150 8.7506 0.4083 72.1286 0.5562 -1.5412 -8.8386 -16.2086 -1.5197 -5.0521 0.9670
-67.4202 95.7140 1304.7247 1.8308 -3.8565 -2.5907 -1.5651 1.6135 -0.9281 -0.7396 -4.1132 -2.2365 -0.5967 10.7856 -5.1745 3.6658 -1.6271 1.7129 -0.6364 -3.5935 0.2324 1.4426 -10.8397 -1.9188 -0.0294 0.0266 -0.0599 0.6568 -10.6337 -3.9192 -0.7210 -10.6803 3.8114 -5.9027 15.2835 -7.5781 -60.5512 1.4533 -2.4948 -0.8870 -0.5280 -126.4969 0.5913 -0.1590 -4.5784 -15.2261 11.0473 15.7820 -60.0163 1.2133 2.3071 5.1392 16.5941 4.1667 73.4812 10.9791 20.3138 0.2588 -0.7923 127.2178 -10.0054 -1.2484 2.2875 15.7760 7.1701 -15.9997 49.4273 -3.5298 -5.0886 -4.9298 9.4869 0.5644 0.2757 24.3632 -0.0319 -1.8068 -18.2100 8.1770 1.8874 -6.2952 -2.2583 -2.9439 -23.5077 7.6672 -0.0755 60.2466 0.0314 -2.1486 -9.1511 -16.5426 -1.4789 -5.0863 0.9795
-67.9087 97.8766 1312.9033 -0.3534 -2.2711 -2.5942 -1.2546 0.5742 -1.1850 -0.6973 -4.5994 -3.5063 0.5073 10.3448 -6.3154 5.4990 -1.1593 1.1068 -0.5693 -3.6282 0.8169 1.2905 -9.5317 -1.1645 -0.0351 0.0527 -0.0564 0.6481 -10.6552 -3.9220 -0.7192 -10.6864 3.8175 -3.6284 15.4685 -8.7880 -61.3947 1.0267 -4.8316 -1.1698 -0.3104 -128.4672 -1.3734 2.4411 -3.3101 -15.4237 11.1185 15.7607 -60.5318 1.1537 2.3009 5.2959 16.6473 2.9770 74.2058 12.4989 19.6849 0.5997 -0.8467 127.8164 -8.9997 -0.3605 2.2493 15.6444 7.1079 -15.8698 49.6641 -3.4440 -5.1495 -1.8043 14.5022 0.4988 0.2428 18.2242 0.0123 -2.2308 -7.8467 6.3128 2.1193 -14.3417 -2.5594 0.2771 -24.4378 5.5438 -0.0782 43.6504 0.0461 -2.1397 -7.8038 -15.8900 -1.4706 -4.5932 0.9441
-68.2487 99.4112 1319.9805 -1.3561 -0.8196 -2.2213 -1.3434 -0.3019 -1.4008 -0.7153 -5.1239 -4.5419 1.0728 9.8815 -7.1084 7.0232 -1.0533 0.5581 -0.5016 -3.6333 1.0954 1.3136 -8.5092 -0.7118 -0.0354 0.0682 -0.0083 0.6404 -10.6840 -3.8842 -0.7079 -10.7033 3.8725 -1.3893 15.8499 -9.6461 -62.8355 1.0808 -8.1064 -1.2477 -0.2892 -129.7073 -3.4237 5.2528 -2.0043 -15.6218 11.0739 15.6293 -60.7717 1.2382 2.2934 4.7184 16.7981 2.0348 75.8539 14.1519 18.5290 0.8053 -0.7308 128.1907 -7.5304 1.2896 1.1098 15.3952 7.1583 -15.9357 49.7429 -3.4410 -5.1001 0.1902 17.0123 0.2751 0.1194 16.3833 0.0318 -3.1523 2.8017 4.5697 2.3412 -20.2165 -2.7068 1.6785 -23.0981 4.2278 0.0115 25.4805 0.0809 -1.2825 -6.1309 -13.8453 -1.4878 -4.2005 0.9800
-68.4674 100.0789 1325.9414 -1.0543 0.0061 -1.8769 -1.8933 -0.7902 -1.3731 -0.7880 -5.4457 -5.1547 1.0564 9.6042 -7.5436 8.1364 -1.6447 0.3076 -0.5483 -3.6798 1.3306 1.5247 -7.6018 -0.7780 -0.0200 0.0389 0.0968 0.6529 -10.7030 -3.7858 -0.6871 -10.7233 3.9795 -0.1904 15.9822 -10.1588 -63.9553 1.5989 -11.2618 -1.1886 -0.3633 -130.2711 -4.4899 7.2767 -1.1800 -15.7533 10.9966 15.6415 -60.8339 1.2877 2.3329 4.3766 17.0887 1.5659 77.1277 15.7941 16.7016 0.8889 -0.6393 128.4389 -6.2053 2.6444 -0.2483 15.2026 7.1288 -16.1032 49.7370 -3.4434 -5.0828 0.3940 16.8584 -0.7375 0.0500 20.3361 -0.0237 -4.8797 10.4075 3.2598 2.2986 -18.1471 -2.4989 1.1821 -21.4108 4.6404 0.0131 12.2300 0.0585 1.1529 -5.0202 -11.4370 -1.4540 -4.1604 1.0381
-68.6711 99.8596 1331.1228 -0.6113 0.0140 -1.6194 -2.2271 -0.6762 -1.2336 -0.8219 -5.4442 -5.3233 0.7971 9.6739 -7.5245 8.7725 -2.7693 0.1799 -0.6918 -3.7928 1.7514 1.8045 -7.1254 -1.2579 -0.0088 0.0065 0.1708 0.6695 -10.6807 -3.7055 -0.6801 -10.7114 4.0431 -0.1546 15.8977 -10.3900 -64.5123 2.1559 -13.2308 -1.3000 -0.5642 -130.0560 -4.3729 7.4666 -1.0481 -15.8098 10.9698 15.7325 -60.7985 1.3451 2.3801 4.7009 17.4298 1.5333 77.1841 17.0250 14.6284 0.8240 -0.6294 128.5601 -5.6127 2.8799 -1.3912 15.2070 7.0957 -16.2119 49.9718 -3.3058 -5.1859 0.4098 14.4469 -1.3593 0.0808 29.7216 -0.0579 -6.3340 13.3054 3.1233 2.0502 -10.5907 -2.1586 0.8876 -20.3539 4.6400 -0.0954 7.7888 0.0277 3.9246 -4.7372 -10.0354 -1.4039 -4.3390 1.0905
-69.0731 98.5029 1336.3159 -1.4502 -0.7589 -1.5835 -1.4558 0.0657 -1.1402 -0.6925 -5.1482 -5.0522 0.7582 10.1845 -6.8479 8.5269 -4.1438 0.1706 -0.6209 -3.7794 1.8997 2.1469 -7.7488 -1.7773 -0.0064 0.0252 0.1628 0.6663 -10.5912 -3.7041 -0.6719 -10.6279 4.0202 -0.6538 16.0504 -10.1626 -64.9249 2.3451 -14.2819 -1.4450 -0.6054 -128.8528 -3.2418 5.5599 -1.5002 -15.7528 10.9920 15.8723 -60.5445 1.4697 2.5692 5.0256 17.4979 1.9791 76.2125 17.2496 12.4180 0.7989 -0.8507 128.3953 -5.7948 1.8832 -2.0472 15.3744 7.1784 -16.3756 50.3541 -3.2090 -5.3990 2.5733 10.6472 0.0386 0.1199 42.1273 -0.1456 -5.9934 11.4293 5.1100 1.9721 -6.8192 -2.0707 2.4893 -20.0142 3.0410 0.0136 12.7336 -0.0519 3.5452 -2.8505 -8.4432 -1.4079 -4.2530 1.1578
-69.7926 96.3114 1341.9370 -3.8747 -2.3015 -1.8111 0.0391 1.5017 -0.8489 -0.3251 -4.5606 -4.3201 1.5219 10.9831 -6.0451 7.5645 -4.9092 0.6673 -0.6512 -3.6921 1.4168 2.6496 -10.7157 -1.8414 -0.0179 0.0278 0.0608 0.6584 -10.5406 -3.7913 -0.6880 -10.5620 3.9083 -1.0955 16.0930 -9.3258 -65.7358 2.7520 -14.4975 -1.0392 -0.5123 -126.9000 -1.9397 3.6444 -2.3355 -15.5527 10.9007 16.0490 -60.0152 1.3437 2.6062 5.0892 17.7113 3.1247 74.1398 15.8583 10.4994 0.6881 -1.2680 127.8840 -6.5938 0.1773 -2.4310 15.5349 7.1148 -16.2323 50.7429 -3.1993 -5.2062 7.4160 6.2405 2.7337 0.0598 54.9691 -0.4907 -4.9838 5.6229 7.6979 2.0410 -5.3280 -2.1257 6.2252 -21.0327 0.7395 0.0618 25.1137 -0.0342 -0.4063 -3.3736 -6.6143 -1.4351 -1.4719 1.0697
-70.1867 94.2222 1347.6713 -6.4252 -3.9097 -1.5920 1.2083 2.7696 -0.6039 0.1445 -4.0431 -3.6153 2.8543 12.1106 -5.2825 5.9914 -4.9115 0.9747 -0.4600 -3.5996 1.0840 2.9026 -14.4051 -1.6796 -0.0324 0.0319 0.0234 0.6669 -10.5619 -3.8442 -0.7279 -10.5755 3.8992 -1.6267 16.6697 -7.8421 -67.3433 2.4390 -12.6550 -1.3042 -0.2822 -123.9589 0.2322 1.8406 -3.0993 -15.4374 10.6819 15.9575 -59.9787 1.1611 2.4630 5.2410 18.0017 4.3515 70.4921 12.4346 9.6304 0.6990 -1.3081 125.7076 -7.7199 -1.7620 -2.7193 15.6760 7.0925 -16.0804 50.5898 -3.2884 -5.0464 11.6685 1.1862 3.0350 -0.1278 65.4412 -0.7634 -3.7707 -0.5749 9.7874 2.0692 -4.9486 -2.1724 9.8644 -20.0584 -1.6890 -0.0906 35.5105 -0.0333 -1.3555 -11.4052 -6.1298 -1.4260 0.3008 0.9735
-70.5769 93.0929 1353.5761 -7.2074 -4.8263 -0.9274 1.6108 3.3149 -0.3680 0.2215 -3.8912 -2.8486 3.3213 12.9605 -4.4442 5.0167 -4.2517 0.9259 -0.4923 -3.5794 0.6866 3.1791 -15.9332 -2.3491 -0.0431 0.0309 0.0153 0.6505 -10.5581 -3.8511 -0.7351 -10.5665 3.8999 -2.5504 17.4471 -6.7134 -69.3902 2.8978 -9.6723 -1.4682 -0.4817 -121.5917 3.1330 -0.3055 -3.0705 -15.4252 10.7438 15.8560 -60.2068 1.2852 2.3437 6.5071 18.2666 5.6819 65.7526 8.1623 9.7256 0.5710 -1.0843 122.2902 -8.2043 -1.1468 -4.1165 15.5479 7.1571 -15.9259 50.2613 -3.3457 -5.0546 12.8863 -4.5825 1.4010 -0.3378 71.8788 -0.9109 -2.8597 -5.4363 11.0329 2.0973 -5.2142 -2.2409 10.7433 -16.4241 -3.1802 -0.1297 39.7538 -0.1349 -1.5366 -17.7460 -5.8685 -1.4272 1.2985 0.8744
-70.8274 92.9052 1359.5438 -6.6045 -5.0141 0.0472 1.6103 3.4636 -0.0672 0.1388 -3.9253 -1.9170 2.9967 13.0107 -3.5579 4.3304 -3.3604 1.0426 -0.7560 -3.5333 -0.0371 3.3997 -16.2365 -3.4000 -0.0427 0.0302 -0.0056 0.6462 -10.5609 -3.8701 -0.7324 -10.5752 3.8798 -3.5763 17.7542 -5.4922 -70.8918 5.3650 -7.6645 -1.0467 -0.7768 -122.1115 4.3986 -2.5894 -3.6188 -15.3195 10.9088 15.7986 -60.1731 1.4951 2.3288 6.8452 17.9988 7.1126 62.8183 4.7367 10.1032 0.5014 -0.6806 120.3803 -7.4354 1.3633 -5.9129 15.2686 7.2403 -15.9350 50.0139 -3.2789 -5.1575 12.0217 -11.0913 -0.1343 -0.6034 74.0634 -1.0182 -2.5224 -9.1849 11.3689 2.0373 -5.3032 -2.2435 9.8190 -11.7073 -3.3204 -0.1361 40.0287 -0.1315 -0.9820 -22.0941 -6.6063 -1.4365 1.6336 0.8120
-70.8548 93.6796 1366.4301 -5.4010 -4.6668 1.2254 1.5833 3.3803 0.2476 0.0410 -3.9836 -0.8478 2.3357 12.4881 -2.6416 3.5085 -2.6851 1.2389 -1.0495 -3.4712 -0.8231 3.5592 -16.0894 -4.7326 -0.0305 0.0475 0.0286 0.6433 -10.5376 -3.8350 -0.7089 -10.5686 3.9064 -4.9261 17.8064 -4.1503 -71.1950 8.7743 -7.1290 -0.3498 -0.7657 -124.1885 3.5674 -5.1747 -5.0521 -15.3311 10.9562 15.8276 -60.2487 1.5444 2.3266 5.8455 17.4608 8.2025 62.3219 2.4554 10.6611 0.5107 -0.3057 121.1367 -6.4281 2.3114 -6.5119 15.0724 7.2849 -15.9317 49.8865 -3.0930 -5.1289 9.9168 -17.2246 -0.4702 -0.4430 71.2880 -0.6338 -2.3413 -11.1024 10.6251 1.8825 -5.2550 -2.1344 8.3812 -6.0913 -2.4337 -0.1881 36.5840 -0.0818 0.0253 -23.3314 -8.3041 -1.4540 0.9798 0.7958
-70.8394 95.2612 1373.7426 -3.6780 -3.8968 2.4139 1.3500 2.9586 0.4941 -0.1071 -4.1120 0.4660 1.4248 11.8573 -1.9278 2.6403 -2.2219 1.4346 -1.4194 -3.5720 -1.7976 3.7660 -15.4792 -6.1946 -0.0187 0.0454 0.0624 0.6413 -10.5417 -3.7902 -0.6860 -10.5841 3.9238 -6.5055 17.6549 -2.8646 -70.7779 12.2655 -6.9021 0.1275 -0.6918 -125.8180 2.3423 -6.9899 -6.6041 -15.4534 11.0718 15.9651 -60.5949 1.5793 2.3846 4.4814 16.9513 9.0411 62.9150 0.8892 11.4132 0.4234 -0.0679 123.0736 -5.8577 2.4784 -6.5315 14.9459 7.3676 -15.9535 49.9231 -2.8839 -5.1267 6.4318 -21.6154 0.4149 -0.0907 62.8620 -0.0826 -2.6827 -11.0548 10.0464 1.7897 -5.2986 -2.0291 6.4667 -0.0406 -1.6332 -0.2361 30.8862 0.0534 1.2333 -20.8971 -10.1239 -1.4540 -1.0770 0.8627
-70.2624 97.2374 1381.3550 -1.7332 -2.7589 3.5216 0.9731 2.0969 0.5737 -0.2502 -4.2765 1.7098 0.4131 11.1873 -1.1436 1.9012 -1.9129 1.6083 -1.7898 -3.6615 -2.5711 3.7860 -14.4919 -7.2674 0.0050 0.0259 0.1370 0.6605 -10.5625 -3.7161 -0.6584 -10.6216 3.9884 -7.9267 17.5275 -1.7323 -70.2828 15.0899 -6.4839 0.3789 -0.6283 -126.3562 1.6727 -7.2308 -7.7335 -15.6001 11.2029 16.1347 -60.8330 1.5308 2.4364 3.0959 16.5627 9.5719 63.8522 -0.1758 12.0898 0.6483 -0.0119 124.9502 -6.0243 2.9452 -6.2176 14.7025 7.3480 -15.9232 49.8215 -2.8787 -5.0414 2.0781 -23.5190 1.7373 0.1251 48.7694 0.2145 -3.2746 -9.0820 9.9897 1.7872 -5.3959 -2.0105 4.0545 5.3154 -1.5813 -0.2551 25.3265 0.1252 2.2218 -14.3226 -10.4562 -1.4619 -6.2293 0.9879
-69.3283 99.0898 1390.0248 -0.1963 -1.4170 4.2991 0.7073 0.9588 0.6311 -0.3636 -4.6066 2.4531 -0.3914 10.5120 -0.1364 1.1088 -1.5098 1.7253 -1.9211 -3.6623 -3.2263 3.7595 -13.2223 -7.5604 0.0190 0.0177 0.1624 0.6808 -10.5977 -3.6983 -0.6509 -10.6587 4.0168 -8.5101 17.5123 -0.8596 -70.6422 17.4523 -5.5733 0.3563 -0.4312 -126.2863 1.3870 -6.8853 -8.0513 -15.6437 11.0177 16.2744 -60.3110 1.4735 2.4682 1.2500 16.0782 9.7961 65.2880 -0.7248 12.9150 1.0932 0.1020 126.2511 -6.4019 3.4386 -6.0869 14.5626 7.4331 -15.9302 49.9825 -2.8098 -5.0618 -1.6874 -22.6324 3.2031 0.1597 30.0410 0.3682 -5.2637 -6.9093 9.3814 1.8079 -4.5279 -2.0041 1.4568 9.2566 -3.1541 -0.2164 21.5985 0.1690 3.0429 -5.1795 -8.4319 -1.5255 -14.0051 1.2070
-68.3374 100.3783 1398.7556 -0.2117 -0.3448 4.9127 1.1016 -0.1810 0.6361 -0.3040 -4.9754 2.5514 -0.6052 9.9411 0.7799 0.5366 -1.2786 1.8168 -1.9426 -3.5984 -3.3234 3.4963 -11.8407 -7.1406 0.0125 0.0325 0.1270 0.6851 -10.6171 -3.7554 -0.6695 -10.6541 4.0013 -8.2292 17.8321 -0.2304 -71.5120 19.1759 -3.9184 -0.1672 -0.2993 -126.5316 1.2335 -6.6552 -7.4119 -15.6853 10.8547 16.2964 -59.9415 1.3757 2.4640 -0.3697 15.6634 9.9261 66.2666 -0.9427 14.6797 0.9869 -0.0509 127.2099 -6.3688 4.0870 -5.8037 14.5283 7.5318 -15.9268 50.2398 -2.7874 -4.9661 -3.2030 -20.7278 4.2773 -0.0825 12.4967 0.1428 -8.6571 -6.0810 7.1965 1.6703 -4.3961 -2.0884 0.4786 11.4628 -4.6039 -0.1658 21.1497 0.1360 4.1816 3.9762 -6.1104 -1.5977 -19.0058 1.3144
-67.2065 100.7611 1407.1262 -1.2600 0.0456 5.2694 1.7553 -0.9121 0.5665 -0.1135 -5.2414 2.4620 -0.2738 9.5826 1.2470 0.1020 -1.2609 1.9802 -1.9066 -3.5890 -3.0628 3.2493 -10.6565 -6.4209 -0.0066 0.0198 0.0388 0.6718 -10.5816 -3.8342 -0.6951 -10.6048 3.9090 -8.1596 18.2365 0.0313 -71.5416 20.4146 -1.7663 -0.7619 0.0462 -127.3255 0.6958 -6.9638 -6.2309 -15.6453 10.8466 16.2346 -59.7760 1.4115 2.5124 -0.8158 15.4396 10.2910 65.9005 -1.3932 16.1937 1.0859 -0.2401 127.9385 -5.9029 3.6795 -5.1155 14.4830 7.4737 -16.0269 50.0666 -2.9829 -4.9815 -3.1794 -19.8537 4.8335 -0.1838 3.0703 -0.0973 -10.8695 -6.0109 5.4825 1.4860 -4.8432 -2.1988 0.8855 11.8503 -4.9947 -0.2095 25.2691 0.1439 5.3684 10.9523 -4.7009 -1.5418 -17.2156 1.2064
-66.3196 100.1340 1414.0814 -1.6730 -0.6956 5.3831 1.7680 -0.7867 0.6344 -0.0879 -5.3064 2.3549 0.1434 9.5915 1.1784 -0.2457 -1.2466 2.3093 -1.7259 -3.6162 -2.7739 3.0942 -9.9846 -5.5834 -0.0135 0.0143 0.0246 0.6736 -10.5309 -3.8255 -0.7104 -10.5510 3.8765 -8.5725 18.5097 -0.0074 -70.4584 21.3350 -0.3352 -0.7765 0.3074 -128.6444 -0.1468 -7.1408 -4.9167 -15.5224 10.8326 16.2228 -59.7317 1.6003 2.6521 -0.3691 15.4132 10.8789 64.9219 -2.1400 16.9352 1.6071 -0.2004 128.3948 -5.2889 2.9887 -4.2550 14.5889 7.4553 -16.1788 50.0013 -3.0698 -5.1964 -3.3235 -19.7983 4.8250 -0.1156 4.6014 -0.1195 -10.3870 -6.1897 5.0966 1.4863 -4.7170 -2.2743 0.5701 10.8699 -4.9571 -0.2509 33.9657 0.2753 5.5138 13.4183 -5.4176 -1.4298 -10.9216 1.0463
-65.8121 98.3948 1421.3260 -0.7179 -2.2272 5.3213 0.7308 -0.1289 0.6396 -0.2234 -5.1068 2.2714 0.3864 9.7782 0.8708 -0.4757 -1.0591 2.5766 -1.5111 -3.5507 -2.0619 2.8695 -10.2410 -4.6677 -0.0024 0.0578 0.0562 0.6635 -10.5081 -3.8012 -0.6781 -10.5246 3.9116 -9.1858 18.3310 -0.1415 -68.6030 21.9316 0.2668 -0.5511 0.4362 -130.0621 -0.5942 -7.5454 -4.0228 -15.3634 10.7777 16.2583 -59.6744 1.7543 2.7535 0.3492 15.3949 11.3014 64.1926 -2.3064 17.4485 1.8871 -0.0769 128.6211 -4.8138 2.3946 -3.5268 14.7105 7.4782 -16.2758 50.0535 -3.0673 -5.5383 -4.5344 -19.9080 5.1519 -0.1527 13.4728 0.0238 -7.0227 -4.6979 4.1821 1.6448 -4.0115 -2.2600 -1.6020 8.9146 -5.2025 -0.1414 45.5686 0.5382 4.3906 10.6602 -8.0067 -1.4175 -6.4598 1.0057
-65.5147 95.9389 1427.8995 1.4567 -4.2608 5.2044 -0.6794 1.0494 0.5486 -0.4532 -4.7362 2.1644 -0.2823 10.2378 0.4890 -0.5743 -0.7791 2.6292 -1.2684 -3.4559 -1.3218 2.6582 -12.9666 -3.5665 0.0150 0.0878 0.0765 0.6700 -10.4340 -3.7930 -0.6515 -10.4776 3.9452 -9.9322 17.7938 -0.5855 -66.0551 21.1396 0.8615 -0.7653 0.1818 -130.7263 0.3604 -8.6648 -3.9854 -15.4549 10.8047 16.3459 -59.9372 1.7506 2.5662 0.9147 15.1853 11.2104 64.2103 -1.9223 17.5516 2.1701 0.2385 128.3004 -4.4403 2.5791 -2.9191 14.9288 7.3770 -16.1680 49.5529 -3.1763 -5.6072 -7.3388 -20.9970 5.4957 0.0399 26.7563 0.2478 -0.2548 -5.5440 4.4561 1.7281 -1.7219 -2.1263 -5.0836 5.9909 -4.6153 -0.0184 58.7176 0.6814 2.6408 5.0253 -11.0118 -1.5332 -4.4415 1.0662
-65.1380 93.8715 1434.6533 2.9246 -6.0318 5.2134 -1.1888 2.0482 0.5229 -0.6790 -4.4318 1.8228 -1.3688 10.8913 -0.0139 -0.4005 -0.7100 2.9027 -1.1083 -3.4687 -0.7099 2.2478 -16.2830 -2.8565 0.0481 0.1130 0.1511 0.6782 -10.3698 -3.7049 -0.5948 -10.4215 4.0019 -10.9537 17.6794 -1.3528 -63.4726 18.0623 0.7590 -1.1499 -0.3220 -129.3719 1.9492 -8.2272 -3.9019 -15.4320 10.8486 16.1051 -60.1503 1.7006 2.2823 1.5835 15.5909 10.6541 65.3479 -1.2973 17.1329 2.5150 0.3616 126.3341 -4.6331 3.7007 -2.0760 14.8148 7.2977 -16.1326 49.1148 -3.3155 -5.5604 -9.1170 -20.1804 6.0620 0.1116 36.9631 0.3045 2.8349 -11.7678 4.9565 1.6478 0.1612 -1.9886 -6.9080 2.3998 -2.1782 0.2173 69.6359 0.8316 0.4984 0.7966 -12.6350 -1.6736 -4.3133 1.1015
-64.9458 92.8602 1441.7257 3.4743 -7.1815 5.0041 -1.4568 2.4605 0.3248 -0.7664 -4.2480 1.3200 -1.8548 11.4143 -0.5921 -0.3345 -0.8594 2.7705 -0.9863 -3.5036 0.1254 1.9544 -17.7415 -2.1672 0.0596 0.1130 0.1981 0.6581 -10.3403 -3.6504 -0.5510 -10.4146 4.0396 -11.8092 17.5209 -2.2858 -62.0142 14.2907 -0.3015 -1.7573 -0.3877 -127.4015 2.9224 -5.0540 -2.7588 -15.4318 10.9358 15.9228 -60.3430 1.6816 2.3221 2.1469 16.0702 9.8069 67.2688 0.4183 17.0779 1.9411 0.5412 123.1692 -4.1708 5.5841 -2.2445 14.4400 7.3233 -15.9749 48.9399 -3.3402 -5.4162 -9.5008 -16.8549 6.0398 0.1066 41.2339 0.2118 3.3116 -17.7146 5.1054 1.6443 0.7004 -1.9971 -7.1334 -2.0315 0.9162 0.4943 76.5623 1.1038 -1.7122 -3.2305 -13.3160 -1.8030 -4.4194 1.1826
-64.4856 92.7757 1447.1698 3.3126 -7.6421 4.8744 -1.7662 2.3770 0.1124 -0.7150 -4.2484 0.5499 -1.8903 11.5811 -1.3694 -0.0986 -0.9083 2.5703 -0.7721 -3.5947 0.8536 1.7091 -17.5579 -1.7758 0.0449 0.0927 0.1818 0.6192 -10.3536 -3.6524 -0.5416 -10.4615 4.0119 -11.5728 17.1328 -3.4093 -62.1335 11.1340 -1.7024 -2.3013 -0.4566 -126.7390 2.7462 -1.5728 -1.5662 -15.2672 10.9530 15.7007 -60.1923 1.6298 2.3179 2.7398 16.3181 8.9961 69.3001 3.1686 17.3527 0.5793 0.6464 120.7356 -3.1889 7.7663 -2.1969 14.3392 7.3128 -15.6453 49.1353 -3.2686 -5.1527 -8.9897 -12.2696 4.8907 0.0429 41.1878 -0.0069 3.1367 -21.3763 5.7110 1.6593 0.5655 -2.0121 -6.6085 -7.1669 3.4940 1.0410 79.2034 1.7002 -2.7162 -6.8243 -13.4284 -1.8137 -4.5697 1.2420
