HIERARCHY
ROOT Hips
{
	OFFSET 0.0000 0.0000 0.0000
	CHANNELS 6 Xposition Yposition Zposition Zrotation Xrotation Yrotation
	JOINT Spine1
	{
		OFFSET -0.0137 5.0038 -0.0537
		CHANNELS 3 Zrotation Xrotation Yrotation
		JOINT Spine2
		{
			OFFSET -0.0000 7.1253 -0.0298
			CHANNELS 3 Zrotation Xrotation Yrotation
			JOINT Chest
			{
				OFFSET -0.0000 7.5501 -0.8160
				CHANNELS 3 Zrotation Xrotation Yrotation
				JOINT Neck1
				{
					OFFSET -0.1817 26.3113 -0.5533
					CHANNELS 3 Zrotation Xrotation Yrotation
					JOINT Neck2
					{
						OFFSET -0.0000 7.7094 2.3026
						CHANNELS 3 Zrotation Xrotation Yrotation
						JOINT Head
						{
							OFFSET -0.0000 6.1289 1.9537
							CHANNELS 3 Zrotation Xrotation Yrotation
							JOINT Jaw
							{
								OFFSET 0.0026 0.4756 3.0949
								CHANNELS 3 Zrotation Xrotation Yrotation
								End Site
								{
									OFFSET 0.0 1.0 0.0
								}
							}
							JOINT LeftEye
							{
								OFFSET 3.2064 5.3802 7.5869
								CHANNELS 3 Zrotation Xrotation Yrotation
								End Site
								{
									OFFSET 0.0 1.0 0.0
								}
							}
							JOINT RightEye
							{
								OFFSET -3.2224 5.3619 7.5582
								CHANNELS 3 Zrotation Xrotation Yrotation
								End Site
								{
									OFFSET 0.0 1.0 0.0
								}
							}
						}
					}
				}
				JOINT LeftShoulder
				{
					OFFSET 1.6217 23.2372 5.1134
					CHANNELS 3 Zrotation Xrotation Yrotation
					JOINT LeftArm
					{
						OFFSET 14.9198 0.0000 -5.5023
						CHANNELS 3 Zrotation Xrotation Yrotation
						JOINT LeftForeArm
						{
							OFFSET 28.7393 0.0000 -0.0026
							CHANNELS 3 Zrotation Xrotation Yrotation
							JOINT LeftHand
							{
								OFFSET 27.0940 -0.0000 0.0026
								CHANNELS 3 Zrotation Xrotation Yrotation
								JOINT LeftHandThumbEnd
								{
									OFFSET 12.2686 -3.2202 4.8331
									CHANNELS 3 Zrotation Xrotation Yrotation
									End Site
									{
										OFFSET 0.0 1.0 0.0
									}
								}
								JOINT LeftHandMiddleEnd
								{
									OFFSET 19.0120 -0.3129 -0.0340
									CHANNELS 3 Zrotation Xrotation Yrotation
									End Site
									{
										OFFSET 0.0 1.0 0.0
									}
								}
							}
						}
					}
				}
				JOINT RightShoulder
				{
					OFFSET -1.3801 23.1803 5.2142
					CHANNELS 3 Zrotation Xrotation Yrotation
					JOINT RightArm
					{
						OFFSET -15.0372 0.0000 -5.5456
						CHANNELS 3 Zrotation Xrotation Yrotation
						JOINT RightForeArm
						{
							OFFSET -28.7366 0.0000 -0.0026
							CHANNELS 3 Zrotation Xrotation Yrotation
							JOINT RightHand
							{
								OFFSET -27.1336 -0.0000 0.0026
								CHANNELS 3 Zrotation Xrotation Yrotation
								JOINT RightHandThumbEnd
								{
									OFFSET -12.2642 -3.2115 4.8040
									CHANNELS 3 Zrotation Xrotation Yrotation
									End Site
									{
										OFFSET 0.0 1.0 0.0
									}
								}
								JOINT RightHandMiddleEnd
								{
									OFFSET -19.0006 -0.3066 -0.0316
									CHANNELS 3 Zrotation Xrotation Yrotation
									End Site
									{
										OFFSET 0.0 1.0 0.0
									}
								}
							}
						}
					}
				}
			}
		}
	}
	JOINT LeftLeg
	{
		OFFSET 10.0432 -8.4345 2.5957
		CHANNELS 3 Zrotation Xrotation Yrotation
		JOINT LeftShin
		{
			OFFSET -0.0000 -43.2218 -0.8029
			CHANNELS 3 Zrotation Xrotation Yrotation
			JOINT LeftFoot
			{
				OFFSET 0.0000 -42.1551 -3.4815
				CHANNELS 3 Zrotation Xrotation Yrotation
				JOINT LeftToeBase
				{
					OFFSET 0.0000 -5.0595 13.2315
					CHANNELS 3 Zrotation Xrotation Yrotation
					End Site
					{
						OFFSET 0.0 1.0 0.0
					}
				}
			}
		}
	}
	JOINT RightLeg
	{
		OFFSET -10.0473 -8.2953 2.6203
		CHANNELS 3 Zrotation Xrotation Yrotation
		JOINT RightShin
		{
			OFFSET 0.0000 -43.3622 -0.8056
			CHANNELS 3 Zrotation Xrotation Yrotation
			JOINT RightFoot
			{
				OFFSET 0.0000 -42.1174 -3.4784
				CHANNELS 3 Zrotation Xrotation Yrotation
				JOINT RightToeBase
				{
					OFFSET -0.0000 -5.0796 13.2842
					CHANNELS 3 Zrotation Xrotation Yrotation
					End Site
					{
						OFFSET 0.0 1.0 0.0
					}
				}
			}
		}
	}
}
MOTION
Frames: 150
Frame Time: 0.033333
-4.7212 95.9929 -2.2206 2.7260 -1.2791 0.0962 2.7868 6.6082 -0.8388 0.8565 -2.7018 -1.2739 4.5202 23.3354 -2.5789 -7.4511 9.1697 5.3721 -0.9578 -3.6421 -1.2453 -3.4390 -16.1567 0.2837 0.0298 0.0149 0.0482 0.7317 -10.4112 -3.7906 -0.6767 -10.4308 3.8854 -13.6903 24.7549 -7.2326 -12.4940 -5.3162 -55.1890 0.3176 1.5046 -109.9047 8.4590 34.3064 19.9274 -15.4254 11.3512 15.5994 -60.9474 2.0213 2.0468 3.1625 15.4397 19.4518 34.0771 -20.9988 12.9753 0.4485 0.3206 92.7501 -8.4542 -67.8873 23.9899 16.0321 7.2108 -15.5181 49.2254 -3.2817 -4.6656 7.2490 -18.6822 12.6400 -0.2221 25.3737 -0.2832 -9.5189 -7.3220 -17.4646 1.6807 -1.2968 -1.6706 -7.4489 -20.7378 -15.8545 0.3112 35.5160 0.2504 4.0494 -14.9242 9.4276 -1.4105 0.1321 1.0205
-4.5821 95.8110 -2.3411 2.7463 -1.4518 0.3638 2.7420 6.6914 -0.8760 0.8802 -2.7294 -1.3381 4.6696 23.4463 -2.5865 -7.0863 8.9649 5.2416 -1.0140 -3.6427 -1.1810 -3.5822 -16.0107 0.2932 0.0203 0.0184 0.0613 0.7261 -10.4181 -3.7842 -0.6901 -10.4363 3.9072 -13.5845 24.6814 -7.6031 -11.3403 -5.6315 -56.7723 0.0437 1.4678 -108.8192 8.1697 34.5408 19.3962 -15.3780 11.2904 15.5798 -60.9439 1.9482 1.9994 3.3209 15.4205 19.8607 33.8362 -21.5248 14.3936 0.6268 0.3976 91.0730 -7.3493 -68.2231 23.2937 16.1217 7.2079 -15.6260 49.1653 -3.3297 -4.6828 7.1897 -19.0759 12.6353 -0.2483 26.1472 -0.2970 -9.4324 -7.7615 -17.7334 1.6794 -1.3256 -1.7208 -7.5906 -20.9389 -15.8341 0.3205 36.0837 0.2671 4.1501 -15.1245 9.1484 -1.4196 0.2256 0.9926
-4.3805 95.6015 -2.4862 2.7271 -1.6650 0.5658 2.6682 6.7392 -0.8767 0.8856 -2.7303 -1.4070 4.8405 23.6454 -2.5751 -6.5745 8.6983 5.0806 -1.0402 -3.6594 -1.1296 -3.8394 -15.8489 0.4827 0.0166 0.0285 0.0684 0.7245 -10.4432 -3.7831 -0.6953 -10.4569 3.9206 -13.3761 24.6259 -8.0216 -9.9279 -5.8500 -58.4261 -0.0053 1.4556 -107.7721 7.6653 35.0609 18.6939 -15.4468 11.1935 15.5065 -60.9641 1.9049 1.8639 3.4647 15.3422 20.3462 33.5216 -21.7214 16.0003 0.7365 0.3994 89.2842 -6.6822 -69.6393 23.1352 16.1990 7.2070 -15.6922 49.0998 -3.4043 -4.6663 7.1442 -19.4525 12.6740 -0.2602 27.0289 -0.2961 -9.2343 -8.2069 -17.9504 1.6806 -1.3697 -1.7518 -7.7681 -21.1244 -15.8738 0.3270 36.6677 0.2824 4.2506 -15.3164 9.0538 -1.4206 0.3370 0.9805
-4.0987 95.4539 -2.6299 2.6357 -1.8798 0.5812 2.6040 6.7482 -0.8624 0.8937 -2.7259 -1.4574 5.0175 23.8904 -2.5208 -6.1165 8.4711 4.9135 -1.0264 -3.6682 -1.0183 -4.0761 -15.7644 0.7581 0.0167 0.0305 0.0684 0.7200 -10.4602 -3.7876 -0.6904 -10.4705 3.9244 -13.1580 24.6168 -8.3871 -8.4304 -6.0760 -59.9166 0.0873 1.4513 -106.8093 7.1526 35.4364 17.8889 -15.5539 11.1249 15.4501 -61.0007 1.8781 1.7555 3.6122 15.3157 20.8250 33.1097 -21.4822 17.7036 0.7468 0.4532 87.7240 -5.7849 -71.4414 22.8073 16.1946 7.2062 -15.7361 49.0418 -3.4907 -4.6554 7.1332 -19.6778 12.7364 -0.2586 27.7298 -0.2720 -9.0263 -8.5472 -18.0480 1.6834 -1.4144 -1.7553 -7.9163 -21.1750 -15.9025 0.3278 36.9333 0.2922 4.3890 -15.3576 9.1073 -1.4164 0.3718 0.9721
-3.7336 95.4029 -2.7537 2.5132 -2.0325 0.4068 2.5470 6.7167 -0.8435 0.8925 -2.7384 -1.4720 5.1448 24.1333 -2.4664 -5.7773 8.2525 4.7939 -0.9745 -3.6675 -0.8777 -4.2129 -15.7305 1.0172 0.0135 0.0248 0.0848 0.7095 -10.4821 -3.7717 -0.6856 -10.4868 3.9406 -12.9479 24.5585 -8.6685 -6.9445 -6.3486 -61.2312 0.1887 1.4682 -105.8841 6.8703 35.4750 17.1286 -15.6378 11.0919 15.3934 -61.0270 1.8978 1.6503 3.8332 15.2771 21.2563 32.7215 -20.8274 19.4167 0.6511 0.5181 86.5291 -4.5741 -73.3483 22.1967 16.1423 7.2850 -15.8138 49.0217 -3.5512 -4.6499 7.0708 -19.7447 12.7686 -0.2508 28.1568 -0.2563 -8.7962 -8.7513 -17.9290 1.6834 -1.4259 -1.7523 -8.0478 -21.1407 -15.8234 0.3304 36.8444 0.3286 4.6441 -15.2146 9.1454 -1.4117 0.3894 0.9597
-3.2660 95.4323 -2.8258 2.4104 -2.1139 0.0638 2.4578 6.6546 -0.8113 0.8795 -2.7606 -1.4803 5.1950 24.3271 -2.4443 -5.5342 7.9943 4.7515 -0.9255 -3.6631 -0.7065 -4.2985 -15.6044 1.2734 0.0119 0.0168 0.0959 0.7026 -10.4872 -3.7593 -0.6815 -10.4894 3.9508 -12.7706 24.4553 -8.8503 -5.5928 -6.7255 -62.3913 0.2110 1.5302 -104.9771 6.8314 35.1965 16.4901 -15.6789 11.0762 15.3570 -61.0073 1.9285 1.5667 4.1236 15.2266 21.6892 32.6497 -20.0140 20.7715 0.6147 0.5786 85.7576 -3.5567 -74.8009 21.7402 16.0680 7.4012 -15.8166 49.0144 -3.5538 -4.6275 6.9105 -19.6428 12.7897 -0.2404 28.2891 -0.2324 -8.5342 -8.8542 -17.6115 1.6866 -1.3849 -1.7589 -8.2442 -21.0259 -15.5822 0.3425 36.4321 0.3646 4.9501 -14.9048 9.2098 -1.4106 0.3819 0.9474
-2.6903 95.5159 -2.8596 2.3039 -2.1425 -0.3651 2.3342 6.6023 -0.7698 0.8569 -2.7839 -1.4889 5.1727 24.4414 -2.4266 -5.3303 7.7153 4.7154 -0.8794 -3.6730 -0.4934 -4.4010 -15.4721 1.5776 0.0112 0.0108 0.1019 0.7009 -10.4998 -3.7537 -0.6809 -10.5011 3.9566 -12.5421 24.3785 -8.9661 -4.3054 -7.0783 -63.5366 0.2331 1.5591 -104.0158 7.0057 34.9563 15.9419 -15.6930 11.0726 15.3176 -60.9450 1.9501 1.4831 4.4014 15.1890 22.0223 33.0400 -19.2150 21.6864 0.6533 0.5339 85.3877 -2.8789 -75.9234 21.5398 16.0088 7.5479 -15.7930 49.0306 -3.5193 -4.6104 6.6841 -19.4999 12.8053 -0.2411 28.3403 -0.2142 -8.2544 -8.9357 -17.1697 1.6881 -1.3252 -1.7612 -8.4806 -20.8946 -15.2344 0.3482 35.8661 0.3889 5.3210 -14.5182 9.2989 -1.4082 0.3291 0.9263
-2.0354 95.6090 -2.8966 2.1912 -2.1383 -0.7971 2.1753 6.5443 -0.7422 0.8238 -2.7905 -1.4707 5.0731 24.4425 -2.4143 -5.0933 7.3922 4.6724 -0.8376 -3.6782 -0.2881 -4.5155 -15.3191 1.9172 0.0121 0.0105 0.0952 0.7052 -10.4978 -3.7638 -0.6831 -10.5007 3.9523 -12.2660 24.2592 -9.0627 -3.1807 -7.3169 -64.6605 0.1712 1.6479 -103.0120 7.2915 34.8053 15.4023 -15.6907 11.0888 15.2790 -60.8324 1.9776 1.4296 4.6643 15.1822 22.1752 33.9397 -18.4931 22.1842 0.6868 0.5180 85.3434 -2.5875 -77.1064 21.5842 15.9264 7.7039 -15.8116 49.0620 -3.4732 -4.5967 6.4106 -19.3290 12.8126 -0.2342 28.3326 -0.1874 -7.9879 -9.0308 -16.7151 1.6907 -1.2319 -1.7630 -8.7666 -20.7318 -14.9079 0.3565 35.1697 0.4226 5.7350 -14.0859 9.3911 -1.4081 0.2428 0.9080
-1.3248 95.7053 -2.9058 2.0958 -2.1136 -1.1846 1.9646 6.5099 -0.7035 0.7701 -2.8186 -1.4420 4.8937 24.4223 -2.4318 -4.8257 7.0258 4.6401 -0.7897 -3.6725 -0.1044 -4.5610 -15.1546 2.2018 0.0122 0.0180 0.0902 0.7122 -10.4951 -3.7705 -0.6899 -10.4974 3.9488 -11.8993 24.0822 -9.1511 -2.1142 -7.4530 -65.7444 0.0415 1.6683 -101.9923 7.6461 34.7929 14.8131 -15.6755 11.1207 15.2416 -60.7416 1.9823 1.3912 4.8898 15.1815 22.1695 35.3294 -17.9811 22.1690 0.7436 0.4296 85.6149 -3.0537 -78.2423 22.1824 15.7991 7.8419 -15.9074 49.0904 -3.4387 -4.6057 6.0767 -19.2043 12.8183 -0.2324 28.3691 -0.1746 -7.6978 -9.1096 -16.3370 1.6935 -1.1232 -1.7704 -9.0921 -20.6003 -14.6489 0.3550 34.4868 0.4489 6.2146 -13.6877 9.5007 -1.4095 0.1481 0.8847
-0.5875 95.7917 -2.9052 1.9992 -2.0609 -1.5340 1.7232 6.4736 -0.6781 0.6933 -2.8413 -1.4022 4.6419 24.3666 -2.4706 -4.5595 6.6429 4.6027 -0.7494 -3.6603 0.0741 -4.5113 -14.9940 2.4145 0.0156 0.0225 0.0772 0.7211 -10.4886 -3.7841 -0.6922 -10.4904 3.9349 -11.5209 23.8672 -9.2410 -1.1664 -7.5233 -66.7402 -0.1381 1.7331 -100.9477 7.9523 34.8334 14.1922 -15.6850 11.1453 15.2269 -60.6526 1.9691 1.4015 5.0844 15.1904 22.0211 37.1814 -17.6028 21.7359 0.7362 0.4041 86.0623 -4.7985 -79.2480 23.8792 15.6794 7.9911 -16.0034 49.2477 -3.4168 -4.6239 5.7163 -19.0969 12.8410 -0.2185 28.3772 -0.1525 -7.3754 -9.1819 -16.0488 1.6952 -1.0429 -1.7797 -9.4194 -20.4782 -14.4488 0.3558 33.7793 0.4783 6.7111 -13.2774 9.5798 -1.4111 0.0346 0.8696
0.1961 95.8940 -2.8855 1.9244 -1.9975 -1.8475 1.4363 6.4630 -0.6316 0.6005 -2.8767 -1.3999 4.2826 24.3124 -2.5017 -4.2881 6.2599 4.5882 -0.7341 -3.6543 0.2535 -4.3508 -14.8624 2.5254 0.0185 0.0198 0.0699 0.7295 -10.4780 -3.7878 -0.6950 -10.4809 3.9249 -11.1042 23.6557 -9.3103 -0.3404 -7.6199 -67.6685 -0.3244 1.7510 -99.8361 8.2812 34.8448 13.5965 -15.7049 11.1750 15.1993 -60.6031 1.9423 1.3936 5.2035 15.2770 21.7367 39.6366 -17.4666 20.7671 0.7420 0.3914 86.6281 -8.9579 -80.2287 27.8422 15.5155 8.1502 -16.0276 49.4752 -3.3697 -4.6272 5.3135 -19.0010 12.9153 -0.2165 28.3918 -0.1418 -6.9807 -9.2412 -15.7937 1.6944 -0.9505 -1.7964 -9.7766 -20.3494 -14.2707 0.3419 33.0479 0.4998 7.2232 -12.8515 9.6631 -1.4135 -0.0772 0.8650
0.9420 95.9706 -2.8889 1.8597 -1.9029 -2.1159 1.1198 6.4632 -0.6180 0.4986 -2.8973 -1.3593 3.8400 24.2395 -2.5470 -4.0196 5.9068 4.5709 -0.7167 -3.6473 0.4032 -4.1108 -14.7500 2.6034 0.0214 0.0166 0.0637 0.7357 -10.4725 -3.7948 -0.6956 -10.4787 3.9180 -10.6842 23.4665 -9.3713 0.2778 -7.6927 -68.5062 -0.3785 1.7515 -98.7415 8.7122 34.8844 13.1926 -15.7851 11.2186 15.2062 -60.6683 1.9272 1.4190 5.2106 15.3906 21.3035 42.6684 -17.4560 19.3285 0.7003 0.4371 87.2227 -16.7306 -81.3071 35.2710 15.3667 8.3260 -15.9776 49.6828 -3.3088 -4.6357 4.9043 -18.9480 12.9754 -0.2064 28.4165 -0.1290 -6.5937 -9.2857 -15.6138 1.6943 -0.8964 -1.8074 -10.1196 -20.2439 -14.1554 0.3297 32.3118 0.5093 7.7357 -12.4271 9.7648 -1.4153 -0.2025 0.8660
1.6576 96.0519 -2.8356 1.8288 -1.8111 -2.3820 0.7744 6.5007 -0.5952 0.3966 -2.9067 -1.3227 3.3041 24.1631 -2.6103 -3.7179 5.6312 4.5682 -0.7198 -3.6465 0.5772 -3.7842 -14.6545 2.5904 0.0231 0.0113 0.0590 0.7412 -10.4737 -3.8027 -0.6983 -10.4867 3.9167 -10.2703 23.2530 -9.3678 0.5774 -7.9394 -69.2641 -0.4669 1.6716 -97.6647 9.2192 34.7951 12.9343 -15.8712 11.2500 15.2112 -60.7802 1.8937 1.4406 5.0591 15.5702 20.7970 46.1791 -17.4802 17.4422 0.6274 0.4611 87.8818 -31.2154 -82.5262 49.2924 15.2229 8.4902 -15.8591 49.8271 -3.2426 -4.6297 4.4727 -18.8945 13.0574 -0.1957 28.4545 -0.1203 -6.2001 -9.3277 -15.4229 1.6941 -0.8611 -1.8202 -10.4842 -20.1816 -14.0969 0.3166 31.6425 0.5262 8.2385 -12.0345 9.9817 -1.4175 -0.3235 0.8747
2.2932 96.1015 -2.7901 1.8284 -1.7407 -2.6484 0.4244 6.5466 -0.5667 0.2875 -2.9166 -1.2895 2.7002 24.1369 -2.6782 -3.4129 5.4792 4.5578 -0.7256 -3.6512 0.7760 -3.3491 -14.5371 2.5267 0.0243 0.0053 0.0522 0.7440 -10.4783 -3.8109 -0.6995 -10.4945 3.9129 -9.9715 23.0225 -9.3391 0.6048 -8.2898 -69.9071 -0.5387 1.5992 -96.6803 9.6554 34.4586 12.6751 -15.9661 11.2628 15.2371 -60.8610 1.8560 1.5032 4.7723 15.7932 20.2865 49.8273 -17.4014 15.2329 0.5257 0.4017 88.5721 -53.3533 -83.2667 71.0956 15.1121 8.6082 -15.7286 49.8427 -3.1656 -4.6075 4.0548 -18.8279 13.1236 -0.1892 28.5226 -0.1150 -5.8085 -9.3870 -15.2022 1.6945 -0.8335 -1.8400 -10.8596 -20.1471 -14.0586 0.3089 31.0669 0.5431 8.6793 -11.6990 10.2310 -1.4192 -0.4525 0.8862
2.8452 96.1420 -2.6887 1.8580 -1.6915 -2.9091 0.0911 6.5689 -0.5530 0.1767 -2.9198 -1.2288 2.0604 24.1453 -2.7693 -3.1372 5.4634 4.5179 -0.7258 -3.6532 0.9869 -2.8348 -14.3432 2.4519 0.0249 -0.0004 0.0431 0.7465 -10.4786 -3.8211 -0.7015 -10.4970 3.9066 -9.8645 22.7593 -9.2761 0.3499 -8.6616 -70.4198 -0.6310 1.5523 -95.8221 9.9952 33.8205 12.4716 -16.0384 11.2592 15.2585 -60.8707 1.8200 1.5524 4.4183 16.0293 19.8102 53.1580 -17.0679 12.9318 0.4044 0.2774 89.3195 -74.3400 -82.9884 91.9075 15.0255 8.6425 -15.6158 49.6908 -3.1358 -4.6053 3.6455 -18.7250 13.2087 -0.1812 28.5664 -0.1016 -5.4201 -9.4121 -15.0027 1.6944 -0.7894 -1.8559 -11.2456 -20.1023 -14.0417 0.3184 30.5421 0.5826 9.0550 -11.3816 10.4587 -1.4196 -0.5716 0.9032
3.3550 96.1580 -2.5694 1.8844 -1.6797 -3.1805 -0.1826 6.5857 -0.5037 0.0796 -2.9492 -1.1811 1.4300 24.2361 -2.8673 -2.9159 5.6060 4.5025 -0.7184 -3.6449 1.1543 -2.2967 -14.1814 2.3786 0.0236 -0.0040 0.0414 0.7464 -10.4753 -3.8200 -0.7046 -10.4962 3.9047 -9.9968 22.5542 -9.2070 0.0136 -8.9053 -70.6996 -0.6927 1.5011 -95.2185 10.2126 33.1819 12.4840 -16.0225 11.2693 15.2719 -60.8925 1.8022 1.5486 4.0827 16.2893 19.3844 55.6203 -16.3520 10.8195 0.2365 0.1354 90.1333 -86.0839 -82.3070 103.8111 15.0474 8.6546 -15.6023 49.5858 -3.1443 -4.6522 3.2994 -18.6046 13.3246 -0.1803 28.6694 -0.0995 -5.0288 -9.4942 -14.8886 1.6922 -0.7405 -1.8660 -11.5997 -20.0363 -14.0177 0.3285 30.1057 0.6153 9.3944 -11.1195 10.6861 -1.4191 -0.6618 0.9182
3.7915 96.1795 -2.4095 1.8703 -1.6584 -3.4371 -0.3764 6.5469 -0.4715 0.0014 -2.9741 -1.0868 0.8899 24.3468 -2.9580 -2.7517 5.8546 4.4862 -0.7011 -3.6354 1.2776 -1.7776 -14.0317 2.3136 0.0239 -0.0064 0.0350 0.7478 -10.4574 -3.8227 -0.7057 -10.4820 3.8957 -10.3377 22.4498 -9.0468 -0.4001 -8.8965 -70.7457 -0.6619 1.4731 -95.0069 10.3414 32.5500 12.8680 -16.0088 11.2888 15.3056 -60.9476 1.8183 1.5685 3.8138 16.5764 19.0271 57.0372 -15.3076 9.0387 0.0600 0.0863 90.8815 -90.7437 -81.8087 108.9171 15.0483 8.6464 -15.5978 49.5054 -3.1719 -4.6886 3.0316 -18.4829 13.4710 -0.1625 28.7425 -0.0869 -4.6708 -9.5864 -14.7977 1.6914 -0.7084 -1.8651 -11.8563 -19.9226 -13.9908 0.3473 29.6597 0.6617 9.6540 -10.8479 10.8284 -1.4177 -0.7262 0.9367
4.1838 96.2043 -2.2044 1.8569 -1.6294 -3.6951 -0.5204 6.4851 -0.4397 -0.0606 -2.9921 -0.9722 0.4526 24.4287 -3.0071 -2.6230 6.2181 4.4933 -0.6899 -3.6399 1.3813 -1.2996 -13.8195 2.2455 0.0261 -0.0101 0.0223 0.7513 -10.4453 -3.8325 -0.7050 -10.4724 3.8792 -10.7399 22.3865 -8.7738 -0.9486 -8.7767 -70.4988 -0.6186 1.4287 -95.2756 10.2401 31.9014 13.5741 -16.0067 11.3044 15.3452 -61.0209 1.8409 1.6013 3.5950 16.8789 18.7419 57.5866 -13.9221 7.4820 -0.1507 0.0592 91.5709 -91.8537 -81.6000 110.6114 15.0451 8.6494 -15.5732 49.5193 -3.1733 -4.7295 2.8153 -18.3253 13.6598 -0.1507 28.7568 -0.0840 -4.3650 -9.6896 -14.7040 1.6901 -0.6835 -1.8560 -12.0772 -19.7741 -13.9538 0.3631 29.2048 0.6970 9.9015 -10.5929 10.9783 -1.4150 -0.7684 0.9533
4.5179 96.2454 -2.0039 1.8634 -1.5987 -3.9714 -0.6409 6.4325 -0.4054 -0.0992 -3.0233 -0.8705 0.1159 24.4852 -2.9829 -2.5563 6.6829 4.5115 -0.6623 -3.6380 1.4792 -0.8743 -13.6118 2.1512 0.0285 -0.0124 0.0122 0.7546 -10.4481 -3.8436 -0.7034 -10.4764 3.8701 -11.1395 22.4224 -8.3906 -1.4636 -8.4548 -69.9493 -0.4970 1.3305 -96.0589 9.9073 31.1069 14.5949 -15.9850 11.3310 15.4025 -61.1407 1.8432 1.6400 3.4039 17.1687 18.5450 57.5095 -12.2649 5.9328 -0.2885 0.0345 92.2269 -90.3296 -81.5625 109.7687 15.1019 8.6482 -15.5455 49.6700 -3.1722 -4.7507 2.6247 -18.1341 13.8607 -0.1488 28.7454 -0.0937 -4.0886 -9.8047 -14.5867 1.6899 -0.6972 -1.8500 -12.2940 -19.6437 -13.8813 0.3677 28.8384 0.7099 10.1512 -10.4012 11.1589 -1.4129 -0.8113 0.9652
4.7926 96.2994 -1.7963 1.9089 -1.5340 -4.2420 -0.7447 6.3724 -0.3868 -0.1173 -3.0511 -0.7550 -0.1367 24.4972 -2.9299 -2.5397 7.2148 4.5237 -0.6306 -3.6414 1.5832 -0.4862 -13.4355 2.0495 0.0311 -0.0145 0.0046 0.7552 -10.4563 -3.8529 -0.6987 -10.4846 3.8635 -11.5349 22.4977 -7.8534 -1.9850 -7.9814 -69.1480 -0.4081 1.2474 -97.2577 9.4008 30.1314 15.8355 -15.9494 11.3645 15.4964 -61.2476 1.8298 1.7233 3.2444 17.4194 18.3932 56.9512 -10.3472 4.2797 -0.3599 -0.0069 92.9759 -85.6419 -81.6117 105.7982 15.2330 8.6425 -15.5425 49.8751 -3.1506 -4.7863 2.4228 -17.8920 14.0481 -0.1501 28.6090 -0.1025 -3.8590 -9.8767 -14.4246 1.6898 -0.7165 -1.8406 -12.5133 -19.5289 -13.8105 0.3649 28.4621 0.7256 10.4074 -10.2110 11.3653 -1.4104 -0.8719 0.9794
4.9909 96.3706 -1.5882 1.9897 -1.4462 -4.5377 -0.8183 6.3102 -0.3785 -0.1221 -3.0796 -0.6132 -0.3144 24.4904 -2.8745 -2.5712 7.7404 4.5316 -0.5991 -3.6403 1.6704 -0.1706 -13.2931 1.9627 0.0309 -0.0158 0.0072 0.7558 -10.4672 -3.8537 -0.6996 -10.4975 3.8696 -11.8969 22.6283 -7.2380 -2.5357 -7.5263 -68.1109 -0.3573 1.1269 -98.7106 8.8913 28.9348 17.1136 -15.8847 11.3691 15.5641 -61.3269 1.8230 1.7997 3.1252 17.6126 18.2772 56.0062 -8.2681 2.5641 -0.3919 -0.0294 93.8442 -78.2870 -81.6143 99.0633 15.3550 8.6036 -15.5459 50.0197 -3.1265 -4.8329 2.2249 -17.6101 14.2264 -0.1521 28.3549 -0.1151 -3.6843 -9.9033 -14.1902 1.6901 -0.7284 -1.8314 -12.7242 -19.4353 -13.6795 0.3637 28.1157 0.7394 10.5848 -10.0494 11.5573 -1.4106 -0.9353 0.9875
5.1200 96.4466 -1.3795 2.1020 -1.3280 -4.8584 -0.8625 6.2779 -0.3649 -0.1125 -3.0949 -0.4963 -0.4172 24.4500 -2.8288 -2.6846 8.2192 4.5548 -0.5629 -3.6372 1.7551 0.0519 -13.1743 1.9360 0.0319 -0.0154 0.0061 0.7574 -10.4697 -3.8556 -0.6990 -10.4994 3.8690 -12.2197 22.7775 -6.5731 -3.2049 -7.2894 -66.7915 -0.3921 0.9237 -100.4101 8.5423 27.6904 18.4606 -15.8069 11.3606 15.6427 -61.3566 1.8246 1.8800 2.9872 17.7696 18.1691 54.7930 -6.0801 0.8202 -0.3821 -0.0128 94.8255 -69.8459 -81.4704 91.1327 15.4435 8.5090 -15.5446 50.1609 -3.1038 -4.8502 2.0360 -17.2895 14.4054 -0.1531 27.9702 -0.1202 -3.6106 -9.8666 -13.8983 1.6895 -0.7253 -1.8238 -12.9246 -19.3626 -13.4952 0.3724 27.7663 0.7562 10.6855 -9.8839 11.7137 -1.4119 -1.0091 0.9971
5.1589 96.5429 -1.1898 2.2003 -1.1435 -5.2028 -0.8633 6.2664 -0.3604 -0.1011 -3.1109 -0.4224 -0.4328 24.3954 -2.7762 -2.8631 8.6235 4.6116 -0.5412 -3.6348 1.7978 0.1818 -13.0905 1.9188 0.0334 -0.0149 0.0007 0.7599 -10.4891 -3.8646 -0.6989 -10.5164 3.8666 -12.4274 22.9066 -5.9604 -4.0403 -7.2848 -65.1505 -0.4148 0.6507 -102.2500 8.5197 26.6158 19.9157 -15.6967 11.3342 15.6664 -61.4012 1.8476 1.8882 2.8332 17.8953 18.0294 53.4683 -3.9263 -0.9475 -0.3369 0.0133 95.9344 -62.0068 -81.1129 83.7042 15.5810 8.4097 -15.5588 50.3515 -3.0999 -4.8718 1.8879 -17.0316 14.5658 -0.1524 27.5474 -0.1197 -3.5996 -9.8067 -13.5816 1.6879 -0.7342 -1.8162 -13.0325 -19.3684 -13.2974 0.3817 27.4594 0.7764 10.7206 -9.7183 11.8617 -1.4132 -1.0844 1.0008
5.1531 96.6349 -0.9904 2.2774 -0.8905 -5.5570 -0.8271 6.2648 -0.3531 -0.0814 -3.1171 -0.3771 -0.3679 24.3265 -2.7588 -3.0975 8.9106 4.7178 -0.5181 -3.6335 1.7483 0.2070 -13.1199 1.9276 0.0352 -0.0119 -0.0062 0.7627 -10.4973 -3.8745 -0.6984 -10.5228 3.8620 -12.5740 23.0473 -5.4070 -5.0646 -7.4412 -63.2411 -0.3638 0.4281 -104.1896 8.8352 25.7960 21.4495 -15.5654 11.3079 15.6704 -61.4488 1.8668 1.8876 2.6624 18.0039 17.8454 52.2554 -1.9830 -2.7582 -0.2353 0.0431 97.1600 -55.8885 -80.6227 77.8822 15.7155 8.3099 -15.5199 50.5190 -3.0886 -4.8577 1.8071 -16.8557 14.7130 -0.1486 27.0938 -0.1024 -3.6345 -9.7219 -13.2666 1.6852 -0.7745 -1.8213 -13.0461 -19.4334 -13.0965 0.3798 27.1597 0.7694 10.6742 -9.5719 11.9731 -1.4148 -1.1626 1.0011
5.0549 96.7387 -0.8110 2.3104 -0.5757 -5.9038 -0.7434 6.2591 -0.3740 -0.0504 -3.0986 -0.3390 -0.2365 24.2528 -2.7794 -3.3628 9.0632 4.7966 -0.5325 -3.6386 1.6998 0.1535 -13.2903 1.9606 0.0359 -0.0129 -0.0099 0.7640 -10.5017 -3.8802 -0.6987 -10.5261 3.8600 -12.7263 23.1935 -4.9329 -6.3251 -7.7008 -61.1337 -0.2518 0.2999 -106.2071 9.3924 25.0122 22.9271 -15.4406 11.2468 15.6559 -61.4129 1.8650 1.9102 2.4852 18.1057 17.5830 51.2723 -0.3154 -4.5273 -0.1195 0.0924 98.5462 -52.0089 -80.0695 74.0567 15.8336 8.2065 -15.4232 50.6706 -3.1079 -4.8209 1.8186 -16.7505 14.8778 -0.1462 26.5773 -0.0855 -3.7340 -9.5735 -12.9991 1.6827 -0.8361 -1.8274 -12.9238 -19.5122 -12.9114 0.3861 26.8216 0.7789 10.5397 -9.3931 12.0010 -1.4150 -1.2226 1.0057
4.8762 96.8476 -0.6315 2.2978 -0.2236 -6.2674 -0.6126 6.2955 -0.4178 -0.0007 -3.0831 -0.3555 -0.0733 24.1899 -2.8014 -3.6328 9.0813 4.8552 -0.5590 -3.6353 1.6619 -0.0066 -13.5294 1.9806 0.0367 -0.0188 -0.0131 0.7656 -10.5159 -3.8843 -0.6992 -10.5397 3.8579 -12.8480 23.2923 -4.5223 -7.9431 -8.1283 -58.8116 -0.1691 0.1454 -108.3363 10.2657 24.3612 24.2511 -15.3150 11.1929 15.6591 -61.4015 1.8723 1.9489 2.3308 18.1712 17.2687 50.6549 1.1216 -6.1886 -0.0032 0.1123 100.1800 -50.5645 -79.4547 72.3773 15.8744 8.1340 -15.3436 50.6380 -3.1463 -4.8135 1.9170 -16.7489 15.1373 -0.1470 26.1215 -0.0918 -3.8896 -9.4375 -12.8238 1.6805 -0.8670 -1.8312 -12.6896 -19.6098 -12.7088 0.3817 26.5017 0.7708 10.3824 -9.2402 12.0353 -1.4130 -1.2551 1.0086
4.6093 96.9475 -0.4408 2.2403 0.1441 -6.6016 -0.4311 6.3670 -0.4943 0.0641 -3.0505 -0.4106 0.1282 24.1016 -2.8414 -3.9394 9.0100 4.9014 -0.6011 -3.6403 1.6407 -0.3127 -13.8620 2.0207 0.0404 -0.0259 -0.0216 0.7686 -10.5280 -3.8930 -0.6948 -10.5535 3.8490 -12.9870 23.4216 -4.1427 -10.0086 -8.4267 -56.2930 -0.0098 -0.0270 -110.6168 11.5690 23.8436 25.6160 -15.1905 11.1282 15.6841 -61.3618 1.8761 2.0223 2.2442 18.2120 16.9031 50.4157 2.4026 -7.7283 0.1710 0.1148 102.1712 -48.8741 -78.4991 70.1076 15.8060 8.0636 -15.2743 50.3658 -3.1734 -4.8180 2.1045 -16.7883 15.4968 -0.1520 25.6921 -0.1086 -4.0736 -9.2980 -12.7283 1.6794 -0.8408 -1.8237 -12.3662 -19.6962 -12.5142 0.3811 26.2242 0.7649 10.2174 -9.1399 12.0432 -1.4122 -1.2213 1.0231
4.2658 97.0425 -0.2299 2.1560 0.5056 -6.9200 -0.1948 6.4661 -0.5700 0.1370 -2.9999 -0.4679 0.3819 24.0254 -2.9123 -4.3255 8.8799 4.9323 -0.6289 -3.6573 1.5611 -0.7479 -14.3645 2.1163 0.0439 -0.0287 -0.0307 0.7681 -10.5372 -3.9036 -0.6877 -10.5642 3.8394 -13.1929 23.6300 -3.8410 -12.3827 -8.4795 -53.7333 0.2298 -0.2336 -112.9105 13.1920 23.4675 26.9378 -15.0903 11.0285 15.7057 -61.4020 1.8373 2.0752 2.2121 18.2669 16.4805 50.6727 3.5546 -8.9417 0.2782 0.1214 104.4288 -46.1639 -77.1201 66.5841 15.7620 8.0154 -15.2411 50.1848 -3.1775 -4.8021 2.3636 -16.9157 15.8859 -0.1618 25.4269 -0.1180 -4.2847 -9.2322 -12.7122 1.6792 -0.8439 -1.7912 -11.9748 -19.8341 -12.3390 0.3862 26.1311 0.7549 10.0074 -9.1781 12.0309 -1.4106 -1.1820 1.0287
3.8858 97.0835 -0.0336 2.0871 0.8330 -7.2760 0.0641 6.5939 -0.6376 0.2118 -2.9223 -0.5396 0.6530 23.9601 -2.9589 -4.7862 8.6613 4.9699 -0.6466 -3.6827 1.4709 -1.2288 -14.9928 2.2276 0.0446 -0.0281 -0.0317 0.7653 -10.5485 -3.9066 -0.6838 -10.5745 3.8399 -13.4537 23.8687 -3.5896 -14.9239 -8.3729 -51.4437 0.4719 -0.4671 -114.9651 15.0155 23.1904 28.1774 -15.0509 10.9220 15.6962 -61.4486 1.8255 2.1109 2.2837 18.3025 16.0887 51.2955 4.5274 -9.7037 0.3590 0.1257 106.6357 -44.0509 -75.5785 63.6005 15.7052 7.9712 -15.2389 50.0700 -3.1710 -4.8049 2.6473 -17.1359 16.2968 -0.1696 25.4143 -0.1175 -4.5091 -9.2920 -12.7360 1.6771 -0.8623 -1.7661 -11.5989 -20.0776 -12.2050 0.3881 26.3061 0.7352 9.7551 -9.3640 12.0772 -1.4099 -1.1117 1.0369
3.5073 97.0548 0.1683 2.0720 1.1119 -7.6200 0.3250 6.7356 -0.6968 0.2802 -2.8132 -0.6031 0.9257 23.8988 -2.9775 -5.2525 8.3931 5.0332 -0.6605 -3.6972 1.3213 -1.7350 -15.7437 2.3320 0.0430 -0.0204 -0.0322 0.7583 -10.5460 -3.9053 -0.6805 -10.5697 3.8379 -13.7020 24.0936 -3.4343 -17.5924 -8.1265 -49.7240 0.7196 -0.6648 -116.5741 17.0669 23.0146 29.2717 -15.0582 10.8260 15.6511 -61.5053 1.8435 2.0889 2.4537 18.3021 15.7586 52.2409 5.3277 -9.8624 0.3280 0.1113 108.5299 -42.7590 -74.0137 61.4083 15.6360 7.9348 -15.2087 49.9948 -3.1572 -4.7769 2.8940 -17.4189 16.6511 -0.1724 25.6529 -0.1176 -4.7361 -9.4849 -12.7142 1.6756 -0.9339 -1.7629 -11.2950 -20.4633 -12.0921 0.4106 26.8097 0.7401 9.4398 -9.7379 12.1604 -1.4119 -1.0332 1.0374
3.1221 96.9806 0.3245 2.1018 1.3523 -7.9401 0.5862 6.8897 -0.7551 0.3532 -2.7165 -0.6822 1.1979 23.9032 -2.9642 -5.7024 8.0845 5.1223 -0.6784 -3.6995 1.1160 -2.2498 -16.6660 2.4343 0.0400 -0.0090 -0.0338 0.7495 -10.5338 -3.9045 -0.6780 -10.5539 3.8341 -13.9199 24.2670 -3.3317 -20.2721 -7.7338 -48.7914 0.9753 -0.8544 -117.6597 19.2671 22.9111 30.0588 -15.0675 10.8018 15.6470 -61.5430 1.8717 2.0918 2.7187 18.2696 15.5492 53.4475 5.9257 -9.3909 0.1416 -0.0291 109.9844 -42.6913 -72.7189 60.5484 15.6077 7.9308 -15.2074 50.0225 -3.1370 -4.7727 3.0915 -17.7862 16.9914 -0.1748 26.1170 -0.1301 -4.9442 -9.7929 -12.7063 1.6742 -1.0379 -1.7834 -11.0560 -20.9919 -11.9704 0.4287 27.6188 0.7408 9.0567 -10.2295 12.2673 -1.4162 -0.9242 1.0333
2.7451 96.8718 0.4615 2.1557 1.5504 -8.1758 0.8320 7.0137 -0.7990 0.4240 -2.6268 -0.7573 1.4906 23.9842 -2.9595 -6.0734 7.7715 5.2024 -0.7074 -3.6985 0.9082 -2.7691 -17.6819 2.5044 0.0369 0.0005 -0.0324 0.7391 -10.5095 -3.8959 -0.6741 -10.5302 3.8290 -14.1221 24.4353 -3.3503 -22.8858 -7.2320 -48.6277 1.1716 -1.0022 -118.1852 21.4705 22.5657 30.3631 -15.0667 10.7992 15.6464 -61.5573 1.9243 2.1012 3.1326 18.2142 15.4322 54.7545 6.1394 -8.2991 -0.1611 -0.2558 110.8536 -43.1569 -71.6554 60.1376 15.5896 7.9304 -15.2118 50.1025 -3.1206 -4.7538 3.2580 -18.1825 17.3771 -0.1765 26.6971 -0.1361 -5.1370 -10.1668 -12.7987 1.6729 -1.1479 -1.8102 -10.8625 -21.5748 -11.9129 0.4501 28.5758 0.7672 8.6498 -10.7214 12.4008 -1.4215 -0.8304 1.0308
2.3916 96.7122 0.5671 2.2012 1.6805 -8.3074 1.0725 7.1284 -0.8243 0.4955 -2.5602 -0.8612 1.8230 24.1426 -2.9669 -6.3446 7.5131 5.2847 -0.7317 -3.6972 0.6987 -3.2971 -18.7565 2.5465 0.0370 0.0127 -0.0336 0.7340 -10.4863 -3.8914 -0.6689 -10.5107 3.8224 -14.2813 24.6160 -3.4548 -25.3951 -6.6857 -49.1109 1.2264 -1.1250 -118.1772 23.4435 21.8844 30.0588 -15.0390 10.7976 15.6606 -61.5848 1.9992 2.0890 3.6800 18.1117 15.4130 56.0967 5.9681 -6.7078 -0.4885 -0.5659 111.2920 -44.0274 -70.6004 59.8631 15.5639 7.9402 -15.2214 50.1388 -3.0834 -4.7166 3.4344 -18.6425 17.8173 -0.1936 27.4791 -0.1607 -5.3033 -10.6838 -13.0237 1.6708 -1.2370 -1.8406 -10.7098 -22.1546 -11.9394 0.4632 29.6673 0.7738 8.2667 -11.2838 12.6095 -1.4300 -0.6937 1.0269
2.0767 96.5092 0.6548 2.2237 1.6896 -8.3684 1.3022 7.2002 -0.8480 0.5714 -2.4993 -0.9944 2.1963 24.3863 -2.9745 -6.5264 7.4074 5.3500 -0.7343 -3.7124 0.5119 -3.8194 -19.7966 2.5861 0.0392 0.0278 -0.0387 0.7273 -10.4784 -3.8927 -0.6577 -10.5066 3.8125 -14.4481 24.7825 -3.6262 -27.5987 -6.0621 -50.0283 1.1602 -1.2170 -117.7333 24.8715 20.7327 29.1673 -15.0320 10.7545 15.6775 -61.5951 2.0611 2.0719 4.3742 17.9735 15.4533 57.1915 5.4043 -4.7080 -0.8229 -0.9545 111.3901 -44.9044 -69.6008 59.4600 15.5181 7.9410 -15.2579 50.1494 -3.0503 -4.6789 3.6574 -19.0714 18.2703 -0.2200 28.4163 -0.1968 -5.4207 -11.3324 -13.3411 1.6703 -1.2610 -1.8631 -10.5880 -22.6517 -12.0680 0.4734 30.8383 0.7720 7.8997 -11.8994 12.9044 -1.4375 -0.5325 1.0212
1.8095 96.2367 0.7950 2.2174 1.5063 -8.3892 1.5409 7.1872 -0.8433 0.6305 -2.4484 -1.1659 2.5967 24.7382 -2.9986 -6.6027 7.5810 5.3621 -0.6956 -3.7320 0.3267 -4.3144 -20.7550 2.6303 0.0429 0.0531 -0.0499 0.7167 -10.4796 -3.9022 -0.6392 -10.5070 3.7984 -14.7108 24.9403 -3.8545 -29.0623 -5.2540 -51.1067 1.0502 -1.1845 -116.9754 25.4610 19.0091 27.8938 -15.0794 10.6636 15.6490 -61.5435 2.0966 2.0231 5.2107 17.8224 15.5159 57.8172 4.3860 -2.5036 -1.0307 -1.2642 111.3742 -44.9755 -68.7389 58.4211 15.4739 7.9457 -15.3924 50.1575 -3.0618 -4.6356 3.9734 -19.3671 18.6975 -0.2514 29.4925 -0.2373 -5.5241 -12.0976 -13.7331 1.6687 -1.2237 -1.8828 -10.5345 -22.9907 -12.2753 0.4899 32.1275 0.7647 7.5641 -12.6133 13.2609 -1.4476 -0.3651 1.0156
1.5977 95.8953 1.0061 2.2469 1.0531 -8.4688 1.7612 7.0669 -0.8350 0.6731 -2.4281 -1.3389 2.9212 25.1306 -3.0495 -6.6199 8.1938 5.2714 -0.6331 -3.7637 0.1542 -4.6949 -21.5270 2.7035 0.0414 0.0735 -0.0441 0.6934 -10.4859 -3.8914 -0.6188 -10.5086 3.8004 -15.1237 25.0990 -3.9871 -29.3272 -4.1376 -51.8208 0.8990 -0.9761 -116.2868 25.0962 16.9706 26.4145 -15.1344 10.5770 15.6250 -61.3760 2.0941 2.0134 6.0612 17.6661 15.4921 57.7686 3.1293 -0.3428 -1.0125 -1.3433 111.5776 -42.6479 -67.8992 55.3966 15.4733 7.9397 -15.5518 50.2035 -3.0978 -4.6136 4.3594 -19.3160 19.0239 -0.2715 30.5824 -0.2669 -5.5980 -12.9807 -14.1019 1.6647 -1.0694 -1.8880 -10.6735 -23.0579 -12.4215 0.5268 33.4514 0.7731 7.2769 -13.3898 13.6524 -1.4531 -0.2281 1.0185
1.4306 95.5347 1.2875 2.3709 0.3667 -8.6288 1.9174 6.8331 -0.8306 0.6895 -2.5118 -1.4630 3.0990 25.4157 -3.1502 -6.6429 9.2531 5.1484 -0.5599 -3.8276 -0.0627 -4.8574 -22.0602 2.7807 0.0392 0.0776 -0.0453 0.6696 -10.5156 -3.8828 -0.5990 -10.5337 3.7904 -15.3756 25.2316 -3.8121 -28.4347 -2.8792 -51.5668 0.6728 -0.6492 -116.1940 23.7275 14.9273 24.6670 -15.1866 10.5414 15.5835 -61.2582 2.0626 1.9891 6.7654 17.5871 15.2793 57.0762 1.9727 1.4520 -0.7982 -1.1600 112.4238 -37.1246 -66.4470 49.4783 15.5480 7.9178 -15.6740 50.3371 -3.1628 -4.5714 4.7055 -18.8546 19.1715 -0.2894 31.6096 -0.3046 -5.5901 -13.9447 -14.2897 1.6579 -0.8410 -1.8768 -11.0397 -22.8489 -12.4166 0.5673 34.7737 0.8130 7.0301 -14.2512 14.0421 -1.4509 -0.0772 1.0114
1.3107 95.2486 1.6843 2.5544 -0.3777 -8.8332 1.9896 6.4406 -0.8034 0.6959 -2.6866 -1.5528 3.1458 25.3253 -3.2599 -6.7602 10.3140 5.0955 -0.4301 -3.9097 -0.2921 -4.8098 -22.3179 2.8236 0.0380 0.0681 -0.0653 0.6567 -10.5610 -3.8948 -0.5881 -10.5744 3.7642 -15.2627 25.2110 -3.2722 -26.6443 -1.6394 -49.9319 0.4133 -0.2577 -116.9515 21.3605 12.6509 22.3937 -15.1887 10.5453 15.5320 -61.0518 2.0032 1.9707 7.3965 17.5312 14.8819 55.4636 1.0679 2.3139 -0.3157 -0.8463 113.9363 -28.2096 -62.8676 40.1969 15.5514 7.9066 -15.7168 50.3747 -3.2896 -4.5629 4.9773 -18.0200 19.0985 -0.3120 32.2794 -0.3603 -5.4783 -14.7218 -14.1933 1.6564 -0.6675 -1.8450 -11.5219 -22.3027 -12.2418 0.5956 35.7006 0.8616 6.8520 -15.0146 14.2855 -1.4451 0.1110 0.9975
1.1996 95.1521 2.2206 2.6826 -0.9480 -8.9134 2.0125 5.8717 -0.7927 0.6852 -2.9330 -1.5811 3.1539 24.6403 -3.3317 -6.9493 10.8737 5.0941 -0.2789 -3.9708 -0.4414 -4.5889 -22.3152 2.8700 0.0334 0.0591 -0.0872 0.6476 -10.5912 -3.9132 -0.5884 -10.5946 3.7409 -14.7389 24.9203 -2.4829 -24.1581 -0.5312 -46.9580 0.0975 0.2484 -118.6059 18.2629 9.7366 19.6842 -15.1307 10.5907 15.4827 -60.8236 1.9448 1.9564 8.0087 17.3106 14.2446 52.7591 0.2189 1.7594 0.4597 -0.4759 116.3607 -17.6994 -54.9013 29.4735 15.6416 7.7783 -15.6757 50.3285 -3.4720 -4.6544 5.1974 -16.9480 18.8361 -0.3254 32.2262 -0.4092 -5.4580 -15.1315 -14.0090 1.6606 -0.5608 -1.7849 -11.8772 -21.3705 -12.0760 0.5860 35.8017 0.8847 6.8228 -15.5448 14.2627 -1.4379 0.3065 0.9536
1.1239 95.3260 2.9047 2.6074 -1.2414 -8.7493 2.0409 5.1407 -0.7693 0.6654 -3.2577 -1.5782 3.2038 23.3023 -3.3286 -7.1135 10.6875 5.1256 -0.1966 -3.9882 -0.3468 -4.2852 -22.1030 2.9213 0.0247 0.0596 -0.1077 0.6404 -10.6053 -3.9363 -0.5989 -10.6026 3.7292 -13.9255 24.2872 -1.6418 -21.1377 0.0558 -42.7628 -0.5174 0.8537 -121.0020 14.8464 5.6379 16.3670 -15.0651 10.6507 15.5045 -60.7054 1.8989 2.0087 8.5124 16.8239 13.3907 48.8880 -0.6505 -0.1059 1.2487 -0.0276 120.1172 -10.5289 -43.7949 22.6782 15.7981 7.5103 -15.7491 50.5405 -3.5538 -4.8531 5.5191 -15.7231 18.3850 -0.3388 31.2539 -0.4658 -5.6493 -15.0576 -13.8962 1.6616 -0.4820 -1.7179 -11.8954 -19.9415 -12.0672 0.5197 34.7741 0.8459 6.9804 -15.7560 13.8373 -1.4355 0.5067 0.9167
1.0336 95.8194 3.7446 2.3194 -1.2096 -8.3691 2.0642 4.2142 -0.7208 0.6265 -3.6429 -1.5349 3.3110 21.3770 -3.2150 -7.2098 9.7051 5.1992 -0.1714 -3.9466 -0.0061 -3.9068 -21.4734 2.9379 0.0127 0.0632 -0.1230 0.6376 -10.6199 -3.9588 -0.6198 -10.6081 3.7282 -12.8865 23.2116 -0.8815 -17.6188 -0.0512 -37.8254 -1.1793 1.4609 -123.7778 11.6575 0.3139 12.4600 -15.0316 10.7056 15.6006 -60.6860 1.8714 2.1534 8.6924 16.0302 12.5205 44.0087 -1.4407 -2.6306 1.6900 0.5350 124.9622 -8.6479 -35.8712 20.5801 15.6907 7.4232 -15.9486 51.0478 -3.5073 -4.9423 5.9163 -14.2670 17.5932 -0.3305 29.1626 -0.5138 -6.0652 -14.4683 -13.6984 1.6630 -0.3942 -1.6532 -11.5470 -17.9541 -12.2278 0.4315 32.3550 0.7702 7.2975 -15.4658 13.0616 -1.4349 0.6022 0.8909
0.9464 96.5624 4.7698 1.8441 -0.9096 -7.9716 2.0954 3.1243 -0.6450 0.5538 -4.0388 -1.3813 3.4448 18.9982 -3.0026 -7.2798 8.1587 5.2120 -0.1692 -3.8676 0.5843 -3.4019 -20.2973 2.8786 -0.0003 0.0626 -0.1040 0.6382 -10.6310 -3.9472 -0.6456 -10.6016 3.7609 -11.6592 21.6270 -0.2948 -13.7326 -0.9425 -32.6905 -1.5312 1.9114 -126.2606 9.4869 -5.8516 8.0849 -15.0312 10.7849 15.7003 -60.7714 1.8720 2.3122 8.4950 14.9716 11.7067 37.8102 -2.8464 -5.4001 1.8610 1.0524 129.8792 -10.2428 -32.0659 20.4068 15.1421 7.4885 -16.1175 51.0934 -3.4994 -4.9044 6.3936 -12.4523 16.5174 -0.3001 25.8890 -0.5289 -6.6460 -13.4193 -13.3159 1.6628 -0.3360 -1.6223 -10.8795 -15.3408 -12.3762 0.3345 28.4369 0.6645 7.7009 -14.5411 11.8988 -1.4321 0.5770 0.8790
0.8240 97.4323 5.8719 1.2417 -0.4003 -7.6460 2.1322 1.9263 -0.5777 0.4459 -4.4573 -1.1279 3.5888 16.4176 -2.6921 -7.3723 6.2646 5.1433 -0.1181 -3.7765 1.2405 -2.8125 -18.6868 2.7738 -0.0069 0.0555 -0.0586 0.6420 -10.6264 -3.9078 -0.6615 -10.5778 3.8157 -10.1698 19.6182 0.0879 -9.9517 -2.0988 -27.9691 -0.9649 1.9801 -127.9130 8.8129 -11.5059 3.6385 -15.0770 10.8873 15.7385 -61.0355 1.9172 2.4079 8.1024 13.8119 10.9872 29.7060 -5.6487 -7.6634 1.7525 1.2793 133.6312 -13.9644 -30.7739 20.9453 14.6277 7.6460 -16.2476 50.5806 -3.5567 -4.8007 6.9263 -10.3965 15.3594 -0.2500 21.8277 -0.5045 -7.2239 -12.0381 -12.7825 1.6582 -0.3878 -1.6278 -10.0228 -12.2881 -12.4123 0.2299 23.3087 0.5225 8.0767 -12.9444 10.5995 -1.4281 0.4805 0.8703
0.6449 98.2543 7.0001 0.6240 0.2350 -7.5598 2.1287 0.7097 -0.5365 0.3320 -4.8360 -0.8535 3.6522 13.9061 -2.3141 -7.4548 4.0279 5.0485 0.0122 -3.7083 1.8536 -2.1908 -16.8440 2.6699 -0.0043 0.0514 -0.0137 0.6569 -10.6069 -3.8687 -0.6700 -10.5458 3.8627 -8.4232 17.3020 0.2268 -6.5485 -3.4765 -23.5388 0.4877 1.5988 -128.6549 9.2162 -16.3655 -0.8767 -15.1775 11.0041 15.7259 -61.4477 2.0276 2.4565 7.6721 12.7761 10.4919 19.6026 -9.6855 -8.2122 1.0470 0.8858 135.1107 -18.5237 -30.0067 21.5702 14.5279 7.7734 -16.3093 50.0443 -3.5801 -4.7371 7.4456 -8.3496 14.3549 -0.1965 17.6099 -0.4361 -7.7465 -10.5094 -12.1006 1.6433 -0.5219 -1.6786 -9.1695 -9.1243 -12.2516 0.1287 17.5408 0.3818 8.3708 -10.8787 9.4746 -1.4171 0.3374 0.8788
0.4521 98.8841 8.0794 0.1654 0.8294 -7.6736 2.0218 -0.3800 -0.5002 0.2322 -5.1555 -0.6772 3.5505 11.7287 -1.9028 -7.5111 1.5348 4.9542 0.2032 -3.6777 2.3888 -1.5830 -15.0763 2.5332 0.0046 0.0534 0.0185 0.6833 -10.5690 -3.8371 -0.6776 -10.5088 3.8889 -6.7607 15.0116 0.1274 -3.3573 -5.5062 -19.3756 2.1918 0.8770 -128.7418 10.0743 -20.7361 -5.3066 -15.2504 11.1321 15.6966 -61.9772 2.1294 2.4367 7.2174 12.0212 10.2440 8.8412 -13.7118 -6.9197 -0.0206 0.1275 134.0677 -22.4473 -28.8024 21.7169 14.6523 7.8008 -16.3472 49.8258 -3.4949 -4.7501 7.8249 -6.4645 13.6329 -0.1484 13.8332 -0.3668 -8.1370 -9.0849 -11.4711 1.6277 -0.6908 -1.7436 -8.5592 -6.2446 -11.9255 0.0516 12.1036 0.2672 8.5944 -8.7752 8.6972 -1.4047 0.1753 0.8994
0.2654 99.2821 9.0074 -0.0879 1.2543 -7.8825 1.8140 -1.2563 -0.4331 0.1495 -5.4033 -0.5808 3.3020 10.0313 -1.5207 -7.5297 -1.0181 4.8881 0.3900 -3.6808 2.8415 -1.0301 -13.6064 2.2420 0.0205 0.0576 0.0516 0.7148 -10.5425 -3.8041 -0.6767 -10.4865 3.9139 -5.4258 13.0975 0.0257 -0.2602 -8.3830 -15.9647 3.6046 0.0648 -128.1258 11.0090 -24.9301 -9.5781 -15.2645 11.2284 15.6916 -62.4005 2.1247 2.4321 6.4353 11.5171 10.0985 -0.4218 -17.1490 -4.8419 -0.4806 -0.2622 131.2141 -25.0276 -27.3587 20.7617 14.7611 7.7815 -16.4892 49.9271 -3.4118 -4.8869 8.0556 -4.8446 13.1626 -0.1175 10.8933 -0.3040 -8.3827 -7.9744 -10.9908 1.6203 -0.7969 -1.8050 -8.2515 -3.8106 -11.4951 0.0136 7.6213 0.2090 8.7695 -7.0018 8.2157 -1.3938 -0.0140 0.9239
0.0931 99.4508 9.8222 -0.2156 1.4759 -8.0690 1.5644 -1.8959 -0.3651 0.0976 -5.5666 -0.5002 2.9709 8.7697 -1.2319 -7.5661 -3.3683 4.8901 0.5411 -3.6975 3.0759 -0.5187 -12.5226 1.9573 0.0357 0.0637 0.0765 0.7364 -10.5243 -3.7746 -0.6686 -10.4693 3.9267 -4.4562 11.5758 0.0763 2.4115 -11.8246 -13.4339 4.3993 -0.6114 -126.9958 12.1135 -28.9444 -13.5190 -15.1344 11.3306 15.7287 -62.6201 2.0923 2.3900 5.2541 11.1152 9.9782 -6.8846 -20.0516 -3.0528 -0.1772 -0.1720 127.8197 -25.9199 -25.9601 18.4795 14.9312 7.7597 -16.7101 50.2571 -3.3660 -5.0805 8.2105 -3.4785 12.8581 -0.1038 8.7831 -0.2908 -8.6111 -7.2907 -10.5606 1.6192 -0.8111 -1.8644 -8.1531 -1.9182 -11.0692 0.0047 4.4653 0.1885 8.9193 -5.8069 7.9207 -1.3918 -0.1920 0.9402
-0.0606 99.4411 10.5498 -0.3075 1.4780 -8.1753 1.3366 -2.3243 -0.3215 0.0758 -5.6239 -0.3889 2.6670 7.8549 -1.0625 -7.7006 -5.2602 4.9751 0.5881 -3.7256 3.1388 -0.0002 -11.8009 1.7112 0.0463 0.0657 0.0917 0.7405 -10.5117 -3.7496 -0.6528 -10.4592 3.9267 -4.0850 10.4476 0.2885 4.6373 -15.5332 -11.6449 4.4344 -1.0383 -125.7319 13.8299 -32.3622 -16.9091 -14.9730 11.4019 15.7720 -62.6262 2.0770 2.3546 4.2674 10.7961 9.9157 -10.8910 -22.8550 -1.9674 0.3528 0.1272 124.9433 -25.5677 -25.2017 16.1044 15.0821 7.7504 -16.9143 50.5770 -3.3016 -5.2797 8.3694 -2.2671 12.6030 -0.0885 7.3245 -0.3178 -8.8686 -7.0234 -10.0640 1.6208 -0.6806 -1.9222 -8.1624 -0.5701 -10.7601 0.0060 2.7245 0.1940 9.1047 -5.2900 7.7457 -1.3939 -0.2285 0.9554
-0.1582 99.3477 11.2075 -0.3628 1.3246 -8.2155 1.1257 -2.6103 -0.2769 0.0637 -5.6540 -0.2924 2.4598 7.2583 -1.0249 -7.9410 -6.6528 5.1378 0.5828 -3.7415 3.1664 0.5064 -11.2069 1.5774 0.0498 0.0715 0.0961 0.7374 -10.4787 -3.7252 -0.6436 -10.4318 3.9108 -4.4941 9.6491 0.6475 6.4942 -19.2118 -10.3779 3.9126 -1.2448 -124.7641 16.3305 -34.8020 -19.6054 -14.8249 11.3754 15.7329 -62.3032 2.0775 2.2824 4.1111 10.4872 9.9704 -13.5014 -25.8902 -1.1857 0.7266 0.2568 123.0654 -24.8386 -25.1752 14.7848 15.1457 7.7396 -16.9963 50.6571 -3.2862 -5.3980 8.4968 -1.1651 12.4150 -0.0660 6.2918 -0.3447 -9.1305 -6.9588 -9.5667 1.6197 -0.4820 -1.9729 -8.2570 0.4320 -10.5375 0.0041 1.9011 0.2174 9.3399 -5.1679 7.6037 -1.3998 -0.1279 0.9751
-0.2034 99.2433 11.7919 -0.3695 1.1390 -8.1713 0.9237 -2.8468 -0.2231 0.0622 -5.6978 -0.2565 2.3584 6.8691 -0.9984 -8.2052 -7.6096 5.2585 0.5767 -3.7550 3.2069 0.9579 -10.5257 1.5157 0.0479 0.0759 0.0941 0.7288 -10.4647 -3.7107 -0.6393 -10.4283 3.8953 -5.5363 9.2067 1.0297 8.1274 -22.6190 -9.3777 3.2641 -1.1525 -124.2606 19.0340 -35.6897 -21.1582 -14.6745 11.2733 15.5960 -61.8528 2.1070 2.1799 4.7323 10.2095 10.0332 -15.5029 -28.7889 -0.4346 0.8737 0.2261 122.0247 -24.1008 -25.2282 14.2693 15.1456 7.7108 -16.9595 50.5641 -3.3047 -5.4807 8.5594 -0.1600 12.3141 -0.0606 5.4201 -0.3478 -9.3318 -6.8925 -9.2487 1.6188 -0.3666 -2.0166 -8.4289 1.1658 -10.4397 0.0057 1.5745 0.2348 9.6352 -5.2307 7.5590 -1.4030 -0.0288 0.9907
-0.2176 99.1424 12.3035 -0.3201 0.9428 -8.0687 0.7496 -3.0539 -0.1935 0.0561 -5.7304 -0.2239 2.3176 6.5900 -0.9858 -8.3442 -8.1297 5.3445 0.5688 -3.7832 3.2130 1.3043 -9.7319 1.4994 0.0499 0.0742 0.1045 0.7281 -10.4651 -3.6917 -0.6345 -10.4355 3.8975 -6.6761 9.0184 1.3717 9.2072 -25.5873 -8.3708 2.5158 -0.8957 -124.2019 21.2222 -34.9214 -21.3119 -14.6018 11.1541 15.4232 -61.4780 2.1576 2.1499 5.5168 9.9235 10.0719 -16.8503 -30.9343 0.1398 1.0584 0.3909 121.5242 -23.2649 -25.0713 13.7811 15.0642 7.6548 -16.8947 50.4023 -3.3174 -5.5374 8.5520 0.8058 12.2285 -0.0563 4.5709 -0.3191 -9.4769 -6.8150 -9.0140 1.6196 -0.2766 -2.0517 -8.6680 1.7360 -10.4172 0.0149 1.4973 0.2410 9.8784 -5.3933 7.5210 -1.4033 0.0427 1.0108
-0.1945 99.0735 12.6994 -0.2471 0.7472 -7.9209 0.5735 -3.2396 -0.1844 0.0402 -5.7708 -0.2011 2.3292 6.3963 -0.9852 -8.2501 -8.3274 5.3119 0.5657 -3.8223 3.2522 1.5594 -8.9833 1.4966 0.0556 0.0727 0.1178 0.7384 -10.4848 -3.6821 -0.6329 -10.4570 3.9134 -7.5526 8.9913 1.6383 9.7600 -27.9924 -7.2972 1.9357 -0.6699 -124.5124 22.8933 -33.3587 -20.7032 -14.5649 11.0715 15.2687 -61.1698 2.1911 2.2030 6.1515 9.6698 10.0133 -17.4926 -32.1957 0.4838 1.2580 0.6858 121.3341 -22.4761 -24.5589 13.0387 14.9104 7.6154 -16.8400 50.2763 -3.3289 -5.5517 8.5162 1.6878 12.1180 -0.0538 3.8242 -0.2909 -9.5121 -6.7031 -8.8498 1.6249 -0.2257 -2.0602 -8.9116 2.2312 -10.4902 0.0241 1.5041 0.2516 10.0097 -5.5617 7.4893 -1.4024 0.0496 1.0281
-0.1656 99.0173 13.0151 -0.1934 0.5366 -7.7807 0.4066 -3.3544 -0.1730 0.0084 -5.8091 -0.2021 2.3958 6.2502 -1.0236 -7.9260 -8.2845 5.1913 0.5803 -3.8412 3.2811 1.7369 -8.4321 1.4945 0.0595 0.0690 0.1235 0.7508 -10.4943 -3.6820 -0.6365 -10.4662 3.9236 -8.0488 9.0522 1.8218 9.8334 -29.8985 -6.1091 1.4557 -0.4755 -125.2383 24.0923 -31.7046 -19.8305 -14.5664 10.9953 15.1293 -60.8642 2.2081 2.2295 6.5434 9.4821 9.8811 -17.4430 -32.8963 0.6725 1.4307 0.9884 121.4221 -21.7261 -23.9782 12.2346 14.8208 7.5704 -16.7734 50.1575 -3.3331 -5.5395 8.5020 2.4356 12.0260 -0.0544 3.2558 -0.2811 -9.5027 -6.6526 -8.7166 1.6303 -0.1445 -2.0434 -9.1225 2.6955 -10.5931 0.0339 1.5201 0.2532 10.0807 -5.7467 7.4329 -1.4037 0.0944 1.0393
-0.1674 98.9733 13.2775 -0.1553 0.3305 -7.6207 0.2549 -3.3926 -0.1936 -0.0359 -5.8320 -0.2307 2.4798 6.1580 -1.0669 -7.4323 -8.0907 4.9999 0.5939 -3.8583 3.2863 1.8452 -8.1196 1.4903 0.0572 0.0676 0.1147 0.7480 -10.5015 -3.6953 -0.6382 -10.4703 3.9178 -8.3338 9.1760 1.8972 9.7544 -31.4907 -4.9218 1.0548 -0.2907 -126.2710 24.9350 -30.1786 -18.8839 -14.6191 10.9211 15.0383 -60.6688 2.2188 2.2020 6.8272 9.3453 9.6527 -17.0532 -33.3554 0.8259 1.4908 1.1931 121.8054 -20.9821 -23.2112 11.5284 14.7346 7.5163 -16.7088 49.9449 -3.3279 -5.4985 8.5219 2.9957 11.9965 -0.0536 2.9073 -0.2689 -9.5228 -6.6621 -8.6468 1.6343 -0.0645 -2.0015 -9.2673 3.0800 -10.7425 0.0337 1.5718 0.2497 10.0916 -5.9334 7.3359 -1.4055 0.1896 1.0435
-0.1772 98.9226 13.4478 -0.1084 0.1541 -7.4936 0.1253 -3.3831 -0.2094 -0.0909 -5.8287 -0.2707 2.5447 6.1169 -1.1433 -6.8639 -7.8250 4.7990 0.5744 -3.8715 3.2845 1.9111 -7.9397 1.5219 0.0555 0.0712 0.1108 0.7387 -10.4962 -3.7002 -0.6314 -10.4600 3.9142 -8.5432 9.2899 1.8734 9.6846 -32.8239 -3.7482 0.7614 -0.1618 -127.3992 25.5508 -28.8112 -17.9571 -14.6459 10.8461 14.9715 -60.5298 2.2039 2.1969 7.0486 9.2446 9.3806 -16.5585 -33.7818 0.9816 1.5338 1.3106 122.4915 -20.3809 -22.3035 10.9281 14.7441 7.4759 -16.6793 49.8544 -3.3285 -5.5105 8.5490 3.4042 12.0526 -0.0517 2.6917 -0.2678 -9.5559 -6.7033 -8.6564 1.6382 -0.0044 -1.9722 -9.3902 3.3635 -10.8898 0.0240 1.6471 0.2337 10.0685 -6.1487 7.2299 -1.4079 0.2752 1.0405
-0.1822 98.8709 13.5703 -0.0733 0.0225 -7.3929 0.0301 -3.3561 -0.2278 -0.1354 -5.8135 -0.3079 2.6048 6.1140 -1.2419 -6.2779 -7.4817 4.5805 0.5369 -3.8720 3.2363 1.9061 -7.8281 1.5574 0.0540 0.0804 0.1121 0.7303 -10.4745 -3.6982 -0.6262 -10.4380 3.9124 -8.6813 9.4184 1.7813 9.5113 -34.0266 -2.5472 0.5964 -0.1236 -128.4813 26.0599 -27.6527 -17.1058 -14.6462 10.8224 14.9197 -60.4520 2.1947 2.2083 7.1596 9.2003 9.0491 -15.9414 -34.2277 1.0514 1.5260 1.4289 123.3751 -19.9475 -21.4119 10.3925 14.7591 7.4805 -16.6520 49.8685 -3.3130 -5.4645 8.5844 3.6916 12.1624 -0.0463 2.5469 -0.2682 -9.5955 -6.7640 -8.7265 1.6367 0.0279 -1.9481 -9.4694 3.5758 -11.0420 0.0124 1.6937 0.2279 10.0378 -6.3137 7.1508 -1.4090 0.3072 1.0388
-0.1979 98.8553 13.6610 -0.0398 -0.0735 -7.3268 -0.0379 -3.3009 -0.2424 -0.1849 -5.8052 -0.3603 2.6551 6.1467 -1.3538 -5.6925 -7.0589 4.3595 0.4838 -3.8564 3.1961 1.8340 -7.8015 1.6147 0.0537 0.0902 0.1164 0.7233 -10.4679 -3.6981 -0.6191 -10.4346 3.9198 -8.7581 9.5280 1.6482 9.1455 -35.0702 -1.2037 0.5525 -0.1518 -129.4959 26.4082 -26.6483 -16.3154 -14.6107 10.8148 14.8791 -60.3497 2.1805 2.2282 7.2183 9.1279 8.7028 -15.2011 -34.6062 0.9833 1.5161 1.4748 124.4284 -19.6311 -20.2633 9.8005 14.8341 7.4897 -16.6439 49.9335 -3.3003 -5.4619 8.6149 3.8681 12.3211 -0.0437 2.4876 -0.2766 -9.6319 -6.8571 -8.8384 1.6329 0.0434 -1.9259 -9.5377 3.7055 -11.2057 0.0084 1.7691 0.2181 10.0061 -6.4667 7.1695 -1.4099 0.3161 1.0333
-0.2256 98.8391 13.7008 0.0008 -0.1299 -7.3321 -0.0817 -3.2333 -0.2509 -0.2307 -5.7933 -0.4442 2.6993 6.1879 -1.4416 -5.1640 -6.6108 4.1598 0.4185 -3.8333 3.1575 1.7346 -7.8401 1.6583 0.0541 0.0980 0.1201 0.7192 -10.4684 -3.7002 -0.6137 -10.4373 3.9272 -8.8140 9.6026 1.5268 8.6706 -36.0741 0.2149 0.5361 -0.2017 -130.4333 26.6133 -25.8681 -15.5490 -14.5688 10.8445 14.8498 -60.2981 2.1831 2.2198 7.2787 9.0534 8.3378 -14.5373 -35.0754 0.8769 1.5752 1.4747 125.5730 -19.4807 -18.8590 9.1262 14.9196 7.4822 -16.6211 49.9571 -3.2978 -5.4619 8.6417 3.9683 12.5451 -0.0391 2.4628 -0.2854 -9.6779 -6.9270 -8.9702 1.6328 0.0207 -1.9174 -9.6081 3.7592 -11.3251 0.0084 1.8452 0.2000 9.9742 -6.5634 7.2385 -1.4141 0.3235 1.0269
-0.2514 98.8192 13.7246 0.0494 -0.1597 -7.3396 -0.1100 -3.1776 -0.3038 -0.2649 -5.7650 -0.5056 2.7259 6.2394 -1.5333 -4.7250 -6.1347 4.0029 0.3462 -3.8202 3.0814 1.6307 -7.9517 1.7031 0.0489 0.1052 0.1113 0.7100 -10.4630 -3.7103 -0.6155 -10.4358 3.9187 -8.8546 9.7021 1.4283 8.0503 -37.0145 1.7401 0.5542 -0.2288 -131.3260 26.7696 -25.2733 -14.8191 -14.5295 10.8782 14.8236 -60.2652 2.1836 2.2329 7.3257 8.9699 7.9390 -13.8943 -35.6023 0.6611 1.6654 1.4091 126.7048 -19.5241 -17.5335 8.5294 15.0226 7.4766 -16.5883 50.0196 -3.2807 -5.4684 8.6480 4.0460 12.7244 -0.0350 2.4397 -0.2853 -9.6974 -6.9917 -9.1285 1.6329 0.0088 -1.9010 -9.6761 3.7720 -11.4467 0.0112 1.9079 0.2030 9.9387 -6.6772 7.2974 -1.4164 0.3748 1.0118
-0.2936 98.8128 13.7564 0.1029 -0.1908 -7.3956 -0.1171 -3.0992 -0.3135 -0.2816 -5.7583 -0.5995 2.7290 6.3347 -1.6184 -4.3940 -5.6904 3.8713 0.2815 -3.8165 3.0119 1.5177 -8.1321 1.7410 0.0436 0.1076 0.1010 0.7019 -10.4757 -3.7222 -0.6181 -10.4505 3.9110 -8.9187 9.7833 1.3607 7.3908 -37.8707 3.3592 0.5671 -0.2901 -132.1903 26.8850 -24.8773 -14.1333 -14.4575 10.8995 14.7909 -60.1998 2.1604 2.2360 7.3882 8.9791 7.4955 -13.3852 -36.1790 0.3737 1.6903 1.2466 127.8416 -19.7019 -16.2951 7.9581 15.0970 7.4342 -16.5281 50.0504 -3.2591 -5.4389 8.6362 4.1145 12.9041 -0.0328 2.4738 -0.2978 -9.7064 -7.0581 -9.2072 1.6316 0.0106 -1.8898 -9.7466 3.7643 -11.4820 0.0065 2.0325 0.1950 9.9106 -6.8013 7.3499 -1.4193 0.4418 1.0051
-0.3250 98.7968 13.7892 0.1659 -0.2469 -7.4403 -0.1118 -3.0155 -0.3285 -0.2876 -5.7436 -0.6772 2.7143 6.4467 -1.7396 -4.1363 -5.2188 3.8102 0.2130 -3.8288 2.9128 1.3883 -8.3666 1.8105 0.0376 0.1079 0.0892 0.6934 -10.4932 -3.7360 -0.6223 -10.4682 3.9024 -8.9642 9.8735 1.3508 6.5818 -38.6201 5.0502 0.5784 -0.2887 -133.0106 26.8676 -24.5299 -13.4329 -14.3979 10.9126 14.7336 -60.1100 2.1341 2.2139 7.4196 9.0644 7.0124 -12.8703 -36.6618 -0.0577 1.6184 1.0646 128.9339 -19.9684 -15.1897 7.4747 15.1529 7.4050 -16.4944 50.0990 -3.2402 -5.4488 8.6028 4.2227 13.0147 -0.0305 2.5308 -0.3007 -9.6905 -7.1324 -9.2402 1.6318 0.0202 -1.8962 -9.8312 3.7874 -11.5198 0.0012 2.1508 0.1888 9.8737 -6.9207 7.3792 -1.4216 0.5276 0.9931
-0.3436 98.7838 13.8550 0.2545 -0.3151 -7.4975 -0.1162 -2.9364 -0.3262 -0.2858 -5.7213 -0.7552 2.6777 6.5648 -1.8566 -3.9361 -4.7403 3.7453 0.1671 -3.8347 2.8427 1.2188 -8.5865 1.8818 0.0359 0.1144 0.0899 0.6879 -10.4978 -3.7377 -0.6206 -10.4738 3.9068 -8.9800 9.9497 1.3793 5.5977 -39.1721 6.7822 0.5650 -0.2660 -133.7955 26.6759 -24.1135 -12.8322 -14.3681 10.9068 14.6843 -60.0431 2.1168 2.1837 7.4519 9.1975 6.4972 -12.2942 -36.8895 -0.6625 1.4905 0.9211 130.0511 -20.1847 -14.2819 7.0684 15.2125 7.4002 -16.4863 50.1935 -3.2333 -5.4959 8.5427 4.3498 13.0714 -0.0279 2.6110 -0.2969 -9.6700 -7.1632 -9.2247 1.6328 0.0298 -1.9173 -9.9529 3.8044 -11.5290 0.0011 2.3109 0.1958 9.8474 -7.0374 7.3663 -1.4233 0.5899 0.9869
-0.3542 98.7678 13.9416 0.3361 -0.3784 -7.5323 -0.1141 -2.8726 -0.3400 -0.2786 -5.7100 -0.8222 2.6346 6.6888 -1.9756 -3.7501 -4.2137 3.6819 0.1308 -3.8460 2.8304 0.9901 -8.7445 1.9591 0.0375 0.1201 0.1017 0.6850 -10.5009 -3.7270 -0.6151 -10.4824 3.9193 -8.9337 10.0909 1.4446 4.3997 -39.5650 8.5601 0.5727 -0.2994 -134.5194 26.2688 -23.5167 -12.3096 -14.3292 10.8568 14.6054 -59.9734 2.0916 2.1382 7.4266 9.3687 5.9768 -11.5846 -36.9001 -1.4163 1.3061 0.8440 131.0752 -20.3341 -13.8718 6.8876 15.2513 7.4225 -16.4688 50.3736 -3.2220 -5.4921 8.4830 4.4856 13.1126 -0.0314 2.6856 -0.2870 -9.6182 -7.1937 -9.2008 1.6300 0.0483 -1.9387 -10.0673 3.8234 -11.5193 0.0032 2.4940 0.2147 9.8248 -7.1367 7.3130 -1.4214 0.6069 0.9875
-0.3415 98.7628 14.0442 0.4168 -0.4384 -7.5486 -0.1234 -2.8377 -0.3428 -0.2732 -5.7156 -0.8875 2.6007 6.8016 -2.1191 -3.5977 -3.6691 3.6264 0.1203 -3.8620 2.8287 0.7453 -8.8302 2.0791 0.0430 0.1197 0.1250 0.6856 -10.5057 -3.7074 -0.6048 -10.4959 3.9438 -8.8654 10.2996 1.5306 3.2090 -39.7262 10.2324 0.6905 -0.3820 -135.1588 25.8119 -22.8757 -11.9693 -14.2858 10.8250 14.5615 -59.8488 2.0835 2.1048 7.3797 9.5830 5.5006 -10.8581 -36.8064 -2.1450 1.1311 0.7557 131.9203 -20.4458 -13.6845 6.8371 15.2693 7.4420 -16.4520 50.4980 -3.2201 -5.5099 8.4258 4.6439 13.1434 -0.0348 2.7187 -0.2789 -9.5717 -7.1907 -9.1990 1.6290 0.0426 -1.9478 -10.1922 3.8552 -11.5170 0.0071 2.6671 0.2461 9.8283 -7.2079 7.2779 -1.4173 0.5824 0.9862
-0.3152 98.7628 14.1788 0.4865 -0.4675 -7.5723 -0.1419 -2.8318 -0.3616 -0.2687 -5.7307 -0.9372 2.5792 6.8796 -2.2396 -3.4459 -3.1399 3.5783 0.1214 -3.8692 2.8198 0.5303 -8.8670 2.2002 0.0465 0.1182 0.1416 0.6839 -10.5044 -3.6919 -0.5965 -10.5026 3.9601 -8.7422 10.5081 1.6339 2.0334 -39.5736 11.7624 0.8858 -0.4570 -135.7597 25.2289 -22.1246 -11.6680 -14.2582 10.8050 14.5141 -59.7629 2.0952 2.0657 7.3311 9.7765 5.0860 -10.0809 -36.6332 -2.8629 0.9797 0.7138 132.5876 -20.4920 -13.3671 6.7548 15.2648 7.4647 -16.4553 50.6181 -3.2155 -5.5386 8.3588 4.7642 13.1920 -0.0322 2.7502 -0.2736 -9.5470 -7.1560 -9.1930 1.6315 0.0222 -1.9542 -10.3105 3.8716 -11.5097 0.0090 2.8177 0.2668 9.8263 -7.2704 7.2606 -1.4152 0.5421 0.9805
-0.2372 98.7719 14.3046 0.5358 -0.4396 -7.6163 -0.1654 -2.8543 -0.3621 -0.2652 -5.7829 -1.0037 2.5826 6.9457 -2.2982 -3.3002 -2.7108 3.5018 0.1590 -3.8578 2.8670 0.2973 -8.8526 2.3019 0.0506 0.1180 0.1571 0.6811 -10.5134 -3.6816 -0.5853 -10.5209 3.9792 -8.5902 10.7256 1.7940 0.9739 -39.2280 13.0265 1.1531 -0.5328 -136.3548 24.6049 -21.2799 -11.4006 -14.2426 10.8103 14.4875 -59.7426 2.1423 2.0340 7.3282 9.9715 4.7344 -9.3570 -36.5084 -3.4999 0.8671 0.7499 133.1627 -20.4670 -12.9237 6.5758 15.2226 7.5248 -16.5124 50.6818 -3.2010 -5.5928 8.2923 4.8236 13.2479 -0.0340 2.7856 -0.2729 -9.5387 -7.1248 -9.1497 1.6342 -0.0066 -1.9586 -10.3988 3.8467 -11.4937 0.0133 2.9299 0.2753 9.8261 -7.2841 7.2688 -1.4144 0.5039 0.9743
-0.1557 98.7878 14.3752 0.5629 -0.3533 -7.6379 -0.1889 -2.8785 -0.3831 -0.2688 -5.8131 -1.0284 2.6034 6.9501 -2.3432 -3.1436 -2.3844 3.4465 0.1814 -3.8526 2.9136 0.1054 -8.8449 2.4366 0.0503 0.1172 0.1586 0.6758 -10.5152 -3.6820 -0.5809 -10.5284 3.9816 -8.4080 10.9259 1.9644 -0.0173 -38.8922 14.1391 1.3403 -0.5875 -136.9458 24.0178 -20.4657 -11.1712 -14.2344 10.7664 14.4585 -59.7070 2.1531 2.0219 7.3073 10.0823 4.4471 -8.6448 -36.4017 -4.1060 0.7949 0.8058 133.6462 -20.4699 -12.5855 6.5120 15.2004 7.5495 -16.5535 50.7403 -3.1916 -5.5987 8.2242 4.7694 13.2723 -0.0303 2.8716 -0.2657 -9.5557 -7.1179 -9.1076 1.6362 -0.0126 -1.9494 -10.4455 3.7444 -11.5142 0.0124 3.0334 0.2690 9.8572 -7.2564 7.2817 -1.4142 0.4908 0.9721
-0.0800 98.8049 14.4149 0.5748 -0.2013 -7.6383 -0.2159 -2.8829 -0.3917 -0.2774 -5.8396 -1.0419 2.6390 6.9091 -2.3848 -2.9938 -2.2146 3.4122 0.2036 -3.8379 2.9894 -0.0628 -8.8812 2.5932 0.0481 0.1169 0.1515 0.6706 -10.5117 -3.6898 -0.5804 -10.5293 3.9757 -8.1776 11.1097 2.1457 -0.9374 -38.7200 15.1905 1.4309 -0.6345 -137.4836 23.6204 -19.7627 -11.0627 -14.2338 10.6962 14.4300 -59.6367 2.1227 2.0323 7.2504 10.1668 4.2198 -7.9707 -36.3433 -4.6674 0.6943 0.8835 134.0274 -20.6027 -12.3695 6.6009 15.1714 7.5946 -16.5842 50.7659 -3.1967 -5.5810 8.1498 4.5877 13.2621 -0.0367 3.0211 -0.2568 -9.5453 -7.1430 -9.0459 1.6346 -0.0037 -1.9289 -10.4620 3.5600 -11.5574 0.0123 3.1294 0.2705 9.8994 -7.2406 7.2801 -1.4144 0.4999 0.9846
-0.0058 98.8405 14.4078 0.5931 0.0077 -7.6675 -0.2474 -2.8556 -0.3895 -0.2906 -5.8404 -1.0388 2.6774 6.8341 -2.3963 -2.9049 -2.2254 3.4018 0.2257 -3.8269 3.0488 -0.1939 -9.0462 2.7785 0.0456 0.1144 0.1425 0.6635 -10.5041 -3.6996 -0.5785 -10.5238 3.9678 -7.9041 11.1969 2.3201 -1.7365 -38.5433 16.1654 1.4590 -0.6716 -137.9863 23.4315 -19.1645 -11.0097 -14.2516 10.6605 14.4115 -59.6013 2.0772 2.0470 7.1059 10.1521 4.0769 -7.2526 -36.2075 -5.2121 0.6326 0.9919 134.3513 -20.8832 -12.1104 6.6808 15.1766 7.6334 -16.6084 50.8048 -3.2143 -5.5863 8.0539 4.2859 13.2437 -0.0400 3.2328 -0.2628 -9.5037 -7.1729 -8.9554 1.6340 -0.0358 -1.9188 -10.4743 3.2520 -11.6130 0.0147 3.2539 0.2742 9.9944 -7.2163 7.3134 -1.4157 0.4716 0.9962
0.0569 98.8743 14.3448 0.6078 0.2476 -7.6814 -0.2804 -2.7774 -0.3998 -0.3064 -5.8028 -1.0138 2.7171 6.7271 -2.3601 -2.8910 -2.3594 3.4236 0.2522 -3.8226 3.0835 -0.3173 -9.3061 2.9673 0.0441 0.1111 0.1353 0.6594 -10.4988 -3.7084 -0.5779 -10.5194 3.9620 -7.5307 11.2147 2.4575 -2.5010 -38.1625 17.1256 1.5537 -0.6627 -138.4299 23.2931 -18.4694 -10.9890 -14.2185 10.6564 14.3724 -59.5666 2.0234 2.0790 6.8043 10.0892 4.0580 -6.4297 -35.7943 -5.8535 0.4570 1.1163 134.5949 -21.2343 -11.8359 6.7805 15.1664 7.6749 -16.6433 50.8634 -3.2481 -5.5998 7.9338 3.8755 13.2024 -0.0421 3.5273 -0.2718 -9.4354 -7.2095 -8.8555 1.6366 -0.1159 -1.9229 -10.4658 2.8317 -11.6615 0.0268 3.4608 0.2802 10.0357 -7.1821 7.3817 -1.4184 0.3937 1.0043
0.1212 98.9083 14.2282 0.6089 0.5204 -7.7292 -0.3040 -2.6412 -0.3720 -0.3168 -5.7506 -1.0036 2.7559 6.6239 -2.2693 -2.9177 -2.6219 3.4555 0.2659 -3.8011 3.1143 -0.4224 -9.6764 3.1199 0.0439 0.1120 0.1336 0.6559 -10.4856 -3.7097 -0.5751 -10.5078 3.9607 -7.0867 11.2317 2.5895 -3.1877 -37.6770 17.9334 1.6426 -0.6667 -138.8247 23.2340 -17.6645 -11.0434 -14.1851 10.6484 14.3342 -59.5277 1.9701 2.0806 6.3701 10.0245 4.1529 -5.5755 -35.2339 -6.4646 0.2997 1.2717 134.7488 -21.6776 -11.7639 7.0052 15.1512 7.7069 -16.6971 50.8596 -3.2878 -5.5988 7.8228 3.3290 13.1883 -0.0480 3.9342 -0.2809 -9.3615 -7.2558 -8.7510 1.6359 -0.2150 -1.9370 -10.4148 2.2739 -11.6830 0.0389 3.7794 0.2974 10.0647 -7.1631 7.4670 -1.4206 0.2971 1.0062
0.1793 98.9531 14.0448 0.5876 0.8051 -7.7537 -0.3096 -2.4399 -0.3657 -0.3169 -5.6581 -0.9616 2.7705 6.5164 -2.1569 -2.9708 -2.9937 3.4850 0.2711 -3.7972 3.1612 -0.5293 -10.1593 3.2688 0.0454 0.1098 0.1352 0.6561 -10.4724 -3.7097 -0.5725 -10.4986 3.9640 -6.5965 11.2727 2.6536 -3.8102 -37.1467 18.6441 1.7457 -0.6972 -139.2217 23.1556 -16.6038 -10.9822 -14.1039 10.6423 14.2795 -59.4189 1.9335 2.0513 5.7640 9.9076 4.3583 -4.6765 -34.3561 -7.0034 0.1308 1.3561 134.7669 -22.2666 -11.7056 7.3428 15.1211 7.7039 -16.7351 50.8069 -3.3492 -5.5951 7.7279 2.6160 13.1691 -0.0444 4.5131 -0.2871 -9.2644 -7.3492 -8.6985 1.6333 -0.3620 -1.9454 -10.3224 1.5966 -11.7554 0.0486 4.2393 0.3178 10.0821 -7.2010 7.5176 -1.4203 0.2192 1.0041
0.2603 99.0051 13.8103 0.5567 1.1078 -7.7639 -0.2953 -2.1524 -0.3472 -0.2976 -5.5596 -0.9184 2.7456 6.4333 -2.0334 -3.0557 -3.4351 3.5167 0.2876 -3.7817 3.2272 -0.6118 -10.8819 3.4307 0.0458 0.1056 0.1303 0.6574 -10.4633 -3.7188 -0.5731 -10.4928 3.9642 -6.0415 11.3427 2.6858 -4.4029 -36.3778 19.2172 1.9812 -0.7912 -139.6318 22.9441 -15.0637 -10.7998 -14.0102 10.6265 14.2150 -59.2880 1.8835 2.0318 4.9156 9.7960 4.6252 -3.7465 -33.1555 -7.3068 -0.0343 1.4317 134.5605 -22.9452 -11.7750 7.7270 15.0675 7.7110 -16.7954 50.7614 -3.3994 -5.6026 7.6311 1.7318 13.1007 -0.0461 5.3015 -0.3077 -9.1234 -7.4795 -8.6308 1.6290 -0.5724 -1.9485 -10.2030 0.7632 -11.8472 0.0622 4.8928 0.3434 10.0643 -7.3157 7.6195 -1.4182 0.1057 1.0001
0.3553 99.0507 13.4437 0.5382 1.3906 -7.7993 -0.2495 -1.7628 -0.3321 -0.2797 -5.4492 -0.8357 2.6753 6.4221 -1.9128 -3.1414 -3.8959 3.5812 0.3254 -3.7564 3.2826 -0.6681 -11.9311 3.5879 0.0465 0.1030 0.1217 0.6577 -10.4585 -3.7330 -0.5722 -10.4900 3.9618 -5.3970 11.5480 2.7440 -5.0385 -35.2294 19.5195 2.3536 -0.9100 -140.1320 22.5522 -12.9509 -10.4994 -13.9204 10.5641 14.1475 -59.0928 1.8084 2.0416 3.7481 9.7348 4.9819 -2.7267 -31.4181 -7.4169 -0.1974 1.4293 134.0821 -23.7535 -11.7755 8.1538 15.0279 7.7333 -16.8529 50.6791 -3.4524 -5.6160 7.5178 0.6477 12.9778 -0.0542 6.4566 -0.3331 -8.9119 -7.7256 -8.4945 1.6272 -0.8202 -1.9580 -10.0815 -0.2651 -11.8875 0.0735 5.8793 0.3593 9.9949 -7.5705 7.7269 -1.4156 -0.0367 0.9882
0.4790 99.0667 13.0088 0.5681 1.5880 -7.8794 -0.1783 -1.2198 -0.3201 -0.2666 -5.2928 -0.7472 2.5620 6.5182 -1.7398 -3.2499 -4.2800 3.6162 0.3756 -3.7133 3.4029 -0.7028 -13.3401 3.6894 0.0494 0.1035 0.1118 0.6592 -10.4535 -3.7473 -0.5680 -10.4831 3.9551 -4.6678 11.9290 2.8133 -5.9263 -33.5829 19.5885 2.7219 -0.9193 -140.8368 22.0563 -10.4706 -10.1855 -13.8671 10.4747 14.1159 -58.9529 1.7453 2.0632 2.1876 9.8128 5.4086 -1.4214 -28.9630 -7.4376 -0.4826 1.3062 133.2341 -24.6080 -11.7144 8.7673 15.0067 7.7862 -16.9270 50.6337 -3.4963 -5.5974 7.3594 -0.5946 12.7766 -0.0747 8.0525 -0.3638 -8.6204 -8.1778 -8.2791 1.6267 -1.0230 -1.9756 -10.0118 -1.5114 -11.8040 0.0753 7.3694 0.3596 9.8825 -8.0615 7.7736 -1.4108 -0.1171 0.9781
0.6178 99.0041 12.3844 0.6510 1.6547 -8.0423 -0.0733 -0.4889 -0.2885 -0.2439 -5.0753 -0.6281 2.4082 6.8040 -1.5450 -3.3876 -4.5814 3.6893 0.3873 -3.6748 3.4702 -0.6945 -14.9228 3.7125 0.0539 0.1069 0.1041 0.6610 -10.4541 -3.7560 -0.5611 -10.4734 3.9469 -4.0918 12.5105 2.9514 -7.1829 -31.7164 19.4127 2.8063 -0.7845 -141.6945 21.3055 -7.7283 -9.8903 -13.9411 10.3866 14.1491 -59.0157 1.6512 2.0845 0.4027 10.0562 5.8427 0.1585 -26.0884 -7.5204 -0.7900 1.1285 131.8799 -25.3941 -11.8135 9.6756 14.9020 7.7791 -16.9812 50.3964 -3.5917 -5.5560 7.1721 -1.9947 12.6143 -0.0902 10.1600 -0.3782 -8.3144 -8.8238 -8.0705 1.6270 -1.1620 -1.9925 -10.0294 -2.9847 -11.5839 0.0703 9.4247 0.3638 9.7744 -8.8169 7.8127 -1.4051 -0.1256 0.9614
0.7886 98.8300 11.6199 0.8415 1.6055 -8.2442 0.0303 0.4837 -0.2458 -0.2015 -4.7756 -0.4664 2.1754 7.3312 -1.4022 -3.6224 -4.7018 3.8483 0.3546 -3.6438 3.4646 -0.6322 -16.6978 3.7185 0.0576 0.1187 0.0973 0.6578 -10.4639 -3.7663 -0.5512 -10.4687 3.9416 -3.7567 13.2266 3.1240 -9.2555 -29.4606 19.1354 2.3201 -0.4537 -142.6341 20.0424 -4.6750 -9.2711 -14.1267 10.3336 14.3298 -59.2902 1.5740 2.1261 -1.4099 10.4795 6.2815 2.2370 -22.9198 -8.1347 -1.0096 0.9128 129.9860 -26.1518 -12.3738 10.9153 14.6854 7.7111 -16.9228 49.9818 -3.7266 -5.4974 6.8646 -3.6866 12.5986 -0.0911 12.9337 -0.3813 -7.9711 -9.6765 -8.0043 1.6265 -1.2578 -2.0153 -10.2009 -4.8323 -11.2573 0.0733 12.2248 0.3915 9.6317 -9.8533 7.8249 -1.4034 -0.0967 0.9447
0.9822 98.5237 10.6663 1.1423 1.4317 -8.2817 0.0916 1.7166 -0.1866 -0.1516 -4.4125 -0.2896 1.8459 8.2075 -1.4139 -3.9223 -4.5452 4.0941 0.2860 -3.6320 3.3591 -0.5382 -18.5862 3.6872 0.0641 0.1375 0.1064 0.6520 -10.4926 -3.7676 -0.5330 -10.4824 3.9590 -3.6875 14.2355 3.2807 -12.4872 -26.0551 18.4406 1.3705 0.0927 -143.4051 18.0821 -0.8332 -8.0745 -14.4867 10.2911 14.5948 -59.6992 1.4896 2.1761 -2.9017 11.0954 6.7093 5.0085 -18.9508 -9.8131 -1.2272 0.7208 127.8022 -26.7289 -13.4829 12.4886 14.3183 7.6164 -16.7318 49.4894 -3.7870 -5.3462 6.4480 -5.7013 12.5874 -0.1071 16.3704 -0.3990 -7.5930 -10.6922 -8.0289 1.6282 -1.3260 -2.0446 -10.5432 -7.0482 -10.9533 0.1002 15.7923 0.4276 9.3915 -11.1932 7.8662 -1.4056 -0.0897 0.9215
1.2491 98.0940 9.5925 1.4661 1.1912 -7.9138 0.1084 3.1710 -0.1704 -0.0862 -3.9628 -0.1546 1.4476 9.4835 -1.6324 -4.2342 -4.1112 4.3820 0.2196 -3.6625 3.2449 -0.4974 -20.2793 3.5928 0.0688 0.1387 0.1192 0.6426 -10.5313 -3.7665 -0.5139 -10.5182 3.9850 -4.2968 15.6725 3.2749 -16.6238 -21.1082 16.2704 -0.0097 0.8975 -143.2506 15.3406 5.0896 -5.6166 -14.9717 10.2620 14.8960 -60.1792 1.4758 2.2476 -3.3781 11.8809 7.0780 8.3915 -13.6196 -12.5192 -1.3778 0.7221 125.5619 -27.0483 -15.2766 14.9570 13.9217 7.4186 -16.3138 49.0278 -3.6874 -5.0808 5.9936 -8.0057 12.4367 -0.1426 20.1351 -0.4562 -7.1798 -11.7146 -8.2820 1.6326 -1.3126 -2.0678 -10.9688 -9.4709 -10.8704 0.1359 19.7686 0.4498 9.1111 -12.6046 7.8408 -1.4088 -0.0802 0.9009
1.5136 97.5953 8.4104 1.7658 0.9950 -6.9896 0.0845 4.6547 -0.2314 0.0042 -3.5099 -0.1551 1.0270 11.2442 -2.0636 -4.5388 -3.3218 4.6262 0.1773 -3.7332 3.1682 -0.4203 -21.7069 3.3869 0.0641 0.1205 0.1190 0.6366 -10.5717 -3.7721 -0.5180 -10.5763 3.9961 -6.1793 17.5688 2.8505 -20.7631 -15.5199 11.4495 -1.5542 1.5772 -140.9262 13.1657 13.8168 -1.9681 -15.3762 10.1870 15.1087 -60.3440 1.5266 2.3448 -2.1660 12.8928 7.3096 12.1959 -8.0318 -15.4244 -1.0291 0.8736 123.0440 -27.2782 -18.3172 19.7208 13.6137 7.2510 -15.8257 48.7526 -3.4750 -4.8299 5.5175 -10.3965 12.0533 -0.1770 23.6200 -0.4987 -6.7334 -12.5223 -8.8430 1.6312 -1.2380 -2.0471 -11.3729 -11.8181 -11.1711 0.1766 23.5058 0.4864 8.8861 -13.8227 7.5967 -1.4133 -0.0335 0.9006
1.7857 97.0599 7.1818 2.0104 0.8453 -5.6488 0.0934 6.0967 -0.3450 0.0984 -3.1127 -0.3329 0.6040 13.4991 -2.5893 -4.8193 -2.1080 4.7704 0.1825 -3.8009 3.1680 -0.3482 -22.9314 3.1022 0.0446 0.0884 0.0758 0.6333 -10.6290 -3.8163 -0.5538 -10.6522 3.9677 -9.4449 19.5660 1.6715 -24.3408 -10.7346 4.0419 -2.6075 1.8734 -135.5729 13.0374 24.2257 2.4553 -15.5401 10.1960 15.2190 -60.1597 1.6068 2.2756 0.5112 14.1618 7.7925 16.8407 -2.9695 -17.6269 -0.1270 1.0545 119.1886 -26.9781 -24.3903 27.5915 13.5810 7.2421 -15.4980 48.9290 -3.2657 -4.7716 5.0584 -12.7510 11.5981 -0.2290 26.7212 -0.5616 -6.2462 -13.2433 -9.6417 1.6249 -0.9708 -2.0212 -11.7506 -14.0121 -11.8340 0.2028 26.8576 0.4950 8.7173 -14.8916 7.3744 -1.4222 0.0636 0.8975
2.0636 96.5037 5.9921 2.1452 0.8032 -4.2909 0.1658 7.3487 -0.5423 0.1611 -2.7122 -0.5220 0.2666 16.0221 -3.0964 -5.0526 -0.6567 4.8349 0.1734 -3.8424 3.1777 -0.2872 -23.8591 2.8316 0.0306 0.0672 0.0244 0.6374 -10.6564 -3.8624 -0.5863 -10.6914 3.9190 -13.6879 21.0202 -0.3521 -26.8051 -8.1951 -4.3500 -2.8407 1.8605 -128.1697 15.2038 33.6763 7.3311 -15.6853 10.2462 15.1794 -59.9299 1.6055 2.0530 4.0692 15.3765 8.9457 22.2222 -0.0732 -18.2073 1.1638 1.4404 113.1398 -25.5481 -34.6371 36.9711 14.2127 7.0237 -14.9395 49.1332 -3.2466 -4.6620 4.6885 -14.9431 11.2652 -0.2764 29.2104 -0.6097 -5.8196 -13.9103 -10.5487 1.6156 -0.6157 -2.0080 -12.0377 -15.9870 -12.5547 0.2432 29.5730 0.5155 8.6178 -15.6820 7.3256 -1.4313 0.1258 0.9071
2.3037 96.0474 4.7772 2.1669 0.9247 -3.3402 0.2433 8.4018 -0.7232 0.1975 -2.2912 -0.6595 0.0742 18.5667 -3.4106 -5.2830 0.7697 4.9188 0.1166 -3.8672 3.0894 -0.1665 -24.4755 2.5279 0.0319 0.0611 -0.0065 0.6566 -10.6416 -3.8825 -0.6025 -10.6790 3.8782 -17.9035 21.7423 -2.9390 -27.8467 -6.9547 -13.0645 -2.0623 1.6315 -120.3424 19.1964 41.8187 12.5089 -15.8810 10.2109 15.0193 -59.6424 1.5060 1.8225 7.5765 16.2205 11.0346 28.0161 0.1915 -16.8116 2.1066 1.8437 106.1268 -23.6072 -48.0261 45.1412 15.4070 6.6263 -14.5181 48.5637 -3.4141 -4.6029 4.3818 -16.9582 11.2846 -0.3058 31.1180 -0.6121 -5.5250 -14.3883 -11.3328 1.6169 -0.3764 -2.0156 -12.1828 -17.8596 -13.0066 0.2906 31.7203 0.5272 8.5664 -16.0946 7.4353 -1.4394 0.1946 0.9470
2.5977 95.7191 3.6215 2.1597 1.1269 -3.0127 0.2601 9.3666 -0.8121 0.1962 -1.8553 -0.6672 0.0262 20.8475 -3.5366 -5.5763 2.0489 5.0290 0.0718 -3.8651 2.8601 -0.1509 -24.7949 2.3389 0.0420 0.0620 -0.0126 0.6825 -10.6428 -3.8819 -0.6076 -10.6831 3.8606 -20.7290 21.9679 -5.4268 -27.3453 -5.9896 -22.0290 -0.6446 1.4727 -113.1992 23.6551 48.6880 17.9169 -16.0990 10.0315 14.8500 -59.3731 1.4344 1.7138 9.6867 16.5407 13.5390 32.9733 -0.9896 -13.0452 2.0073 1.9617 100.2867 -21.5914 -60.0146 49.2267 16.2685 6.5759 -14.7927 48.2264 -3.5685 -4.7628 4.0484 -18.7966 11.6994 -0.3271 32.7394 -0.5985 -5.2775 -14.5770 -11.8200 1.6283 -0.2809 -2.0133 -12.2534 -19.6812 -13.1545 0.3428 33.4299 0.5719 8.5934 -16.1090 7.6898 -1.4457 0.2101 0.9931
2.8807 95.4192 2.5951 2.1378 1.2813 -3.1401 0.2539 10.2598 -0.8011 0.1863 -1.4646 -0.6244 0.0223 22.6438 -3.5212 -5.8979 3.1987 5.1326 0.0430 -3.8343 2.5449 -0.2842 -24.7790 2.2512 0.0523 0.0590 -0.0153 0.7005 -10.6180 -3.8696 -0.6039 -10.6663 3.8362 -21.8778 21.9138 -7.3329 -25.1135 -4.6819 -30.6234 0.6305 1.5150 -107.3817 27.2190 53.7859 23.1985 -16.2507 9.9907 14.8625 -59.4862 1.4573 1.7117 10.2752 16.5026 15.9787 35.9006 -2.6196 -7.7054 1.2863 1.8840 96.2205 -18.9985 -68.7855 49.1842 16.3965 6.8681 -15.1975 48.1237 -3.5792 -4.8874 3.7617 -20.3554 12.2304 -0.3420 34.1635 -0.5714 -5.0958 -14.6996 -11.9988 1.6446 -0.2631 -2.0052 -12.2880 -21.3562 -13.2453 0.3872 34.8651 0.6217 8.6833 -15.9714 8.1950 -1.4493 0.2053 1.0022
3.0736 95.1456 1.7582 2.1087 1.3181 -3.4266 0.2515 10.9960 -0.7411 0.1573 -1.1582 -0.5413 0.0384 23.9869 -3.4761 -6.1833 4.2535 5.1873 -0.0142 -3.8126 2.1931 -0.4137 -24.6153 2.1139 0.0547 0.0535 0.0105 0.7090 -10.5894 -3.8273 -0.6067 -10.6425 3.8412 -22.0641 21.7800 -8.6879 -21.2995 -2.8884 -38.1698 1.5625 1.6351 -102.9681 28.3085 56.5194 26.6277 -16.2857 10.2113 15.0878 -59.9463 1.5252 1.6907 9.8419 16.3983 18.1788 36.8432 -4.5036 -2.3973 0.5974 1.6027 93.5630 -17.5616 -75.1013 48.0716 16.1441 7.2536 -15.4071 48.0250 -3.5408 -4.8388 3.5765 -21.5421 12.7046 -0.3525 35.3624 -0.5248 -4.9110 -14.7947 -12.0916 1.6599 -0.2597 -1.9989 -12.2989 -22.7347 -13.4110 0.4202 36.0677 0.6581 8.7624 -15.8087 8.8019 -1.4485 0.2163 0.9732
3.1717 94.8958 1.0974 2.0826 1.2360 -3.6196 0.2485 11.5416 -0.6800 0.1255 -0.9375 -0.4663 0.0607 25.0086 -3.4143 -6.4505 5.1348 5.1981 -0.0942 -3.7901 1.8373 -0.4609 -24.4004 1.8757 0.0484 0.0520 0.0453 0.7035 -10.5365 -3.7770 -0.6134 -10.5881 3.8612 -21.7687 21.6130 -9.6821 -16.5945 -1.0515 -44.3289 2.0043 1.6063 -99.6337 26.6325 57.2041 27.4341 -16.2571 10.5230 15.2876 -60.3719 1.5498 1.6165 8.8755 16.3829 20.0177 36.7199 -6.5139 2.1457 0.1624 1.2510 91.5917 -18.1580 -79.7001 48.0443 15.8263 7.5793 -15.5200 47.9886 -3.5543 -4.7274 3.5036 -22.3978 13.0361 -0.3536 36.3279 -0.4675 -4.7254 -14.8606 -12.2015 1.6740 -0.2483 -2.0037 -12.3087 -23.8108 -13.7261 0.4448 37.1160 0.6739 8.7575 -15.7051 9.4765 -1.4467 0.2545 0.9251
3.1806 94.6846 0.5607 2.0648 1.0489 -3.6940 0.2404 11.8813 -0.6720 0.0804 -0.7823 -0.3558 0.0739 25.7938 -3.3623 -6.7490 5.8637 5.1609 -0.1435 -3.7711 1.4741 -0.4127 -24.2054 1.5919 0.0399 0.0482 0.0676 0.6914 -10.4738 -3.7447 -0.6186 -10.5208 3.8741 -21.1440 21.4436 -10.4148 -11.6049 0.3731 -49.1411 2.0167 1.5456 -97.1516 23.0851 56.5215 26.2233 -16.2169 10.7461 15.3763 -60.6064 1.5307 1.5736 7.6919 16.4815 21.4560 36.1301 -8.4580 6.0634 -0.1510 0.9596 90.0793 -19.9229 -83.2783 49.0328 15.5326 7.7899 -15.6099 48.0073 -3.5509 -4.6058 3.5335 -22.9315 13.1806 -0.3376 37.0055 -0.3972 -4.6237 -14.9148 -12.3216 1.6804 -0.2073 -2.0114 -12.2906 -24.5771 -14.1443 0.4798 37.9885 0.7103 8.6685 -15.5960 10.0626 -1.4394 0.2885 0.8587
3.0761 94.5433 0.1194 2.0381 0.8225 -3.6475 0.2319 12.0364 -0.6755 0.0513 -0.7240 -0.2912 0.0561 26.3438 -3.2728 -7.0554 6.4271 5.1027 -0.2100 -3.7497 1.1656 -0.2404 -23.9806 1.2213 0.0323 0.0399 0.0791 0.6792 -10.4146 -3.7277 -0.6215 -10.4605 3.8821 -20.2536 21.3034 -10.9094 -6.8590 1.1735 -52.6289 1.7559 1.5595 -95.5032 19.0288 55.0373 24.4001 -16.2010 10.8931 15.3687 -60.7703 1.5250 1.5234 6.5674 16.5908 22.4959 35.4052 -10.0495 9.2792 -0.3315 0.8114 89.1733 -21.4458 -85.9227 49.8782 15.3800 7.9226 -15.7547 48.2476 -3.5540 -4.5304 3.6690 -23.2150 13.1499 -0.3291 37.3873 -0.3577 -4.6012 -14.9310 -12.4761 1.6804 -0.1391 -2.0118 -12.2020 -25.0179 -14.5543 0.4990 38.6126 0.7380 8.5349 -15.4587 10.5105 -1.4303 0.3092 0.8122
2.8579 94.4899 -0.2415 1.9917 0.5881 -3.5374 0.2250 12.0727 -0.6911 0.0365 -0.7395 -0.2420 0.0521 26.6767 -3.1471 -7.4154 6.8480 5.1122 -0.2736 -3.7273 0.8562 0.0155 -23.7105 0.7731 0.0270 0.0322 0.0824 0.6731 -10.3786 -3.7222 -0.6262 -10.4257 3.8852 -19.2172 21.1784 -11.2009 -2.4730 1.3369 -55.0127 1.3429 1.5884 -94.5459 15.3025 53.0541 22.8436 -16.1881 11.0065 15.2978 -60.8333 1.5653 1.4662 5.5757 16.7273 23.2669 34.5946 -11.2973 11.7950 -0.4135 0.7128 88.9562 -15.1372 -87.6867 42.8951 15.2568 7.9642 -15.9265 48.4342 -3.5472 -4.5213 3.8989 -23.2699 12.9837 -0.3363 37.4329 -0.3527 -4.6735 -14.8589 -12.5877 1.6777 -0.0768 -1.9991 -12.0185 -25.1934 -14.8565 0.5082 39.0049 0.7564 8.3398 -15.2597 10.7915 -1.4196 0.3267 0.7839
2.5227 94.5185 -0.4936 1.9518 0.3345 -3.4323 0.2093 11.9958 -0.7193 0.0319 -0.8177 -0.2218 0.0774 26.7920 -2.9770 -7.8515 7.1942 5.1886 -0.3163 -3.7155 0.5425 0.2194 -23.3380 0.3840 0.0251 0.0266 0.0760 0.6746 -10.3445 -3.7269 -0.6315 -10.3927 3.8774 -18.2250 21.0998 -11.3869 1.4963 0.9877 -56.3747 0.8719 1.5603 -94.2703 12.2059 50.8499 21.7920 -16.2049 11.0689 15.2008 -60.8111 1.6384 1.4130 4.7555 16.9013 23.8494 33.6336 -12.2097 13.7923 -0.4057 0.6738 89.1269 14.2587 -88.3656 12.8770 15.2432 7.9455 -16.1096 48.5854 -3.5608 -4.5795 4.2112 -23.0681 12.8132 -0.3482 37.1059 -0.3649 -4.8665 -14.6964 -12.6891 1.6759 -0.0128 -1.9634 -11.7717 -25.1005 -14.9650 0.4983 39.1598 0.7307 8.0675 -15.0596 10.8908 -1.4116 0.3053 0.7712
2.1296 94.6219 -0.6586 1.9271 0.0468 -3.3752 0.1834 11.8517 -0.7323 0.0310 -0.9205 -0.2221 0.1297 26.7225 -2.8139 -8.3182 7.4775 5.3127 -0.3650 -3.7103 0.2867 0.3282 -22.9019 0.1084 0.0202 0.0219 0.0784 0.6763 -10.3191 -3.7226 -0.6431 -10.3667 3.8790 -17.4205 21.0869 -11.5576 5.0751 0.2541 -56.7957 0.3804 1.5034 -94.5210 9.7808 48.7593 21.1518 -16.2487 11.1314 15.1094 -60.7612 1.7066 1.3500 4.0566 17.0906 24.2766 32.4765 -12.8124 15.3585 -0.4024 0.7250 89.5352 46.9502 -88.2574 -20.4512 15.3140 7.9198 -16.2761 48.6910 -3.5844 -4.6563 4.5874 -22.6458 12.7372 -0.3675 36.4954 -0.3958 -5.1318 -14.4554 -12.8189 1.6742 -0.0093 -1.9254 -11.4995 -24.7553 -14.8723 0.4626 39.0997 0.6704 7.7507 -14.9126 10.8354 -1.4065 0.2648 0.7758
1.6488 94.7594 -0.7581 1.9162 -0.2675 -3.3175 0.1724 11.6444 -0.7594 0.0148 -1.0417 -0.2335 0.1815 26.5364 -2.6966 -8.7251 7.7127 5.4666 -0.4064 -3.6952 0.0990 0.3208 -22.4397 -0.0079 0.0132 0.0207 0.0867 0.6768 -10.3014 -3.7144 -0.6580 -10.3466 3.8896 -16.8152 21.1066 -11.7523 8.2904 -0.6805 -56.4634 -0.1574 1.4393 -95.1008 7.6452 46.6779 20.3719 -16.2798 11.1381 14.9840 -60.6499 1.7277 1.3083 3.3671 17.2171 24.4933 31.1594 -13.1851 16.6324 -0.4496 0.8171 90.0134 66.0182 -87.8428 -40.2197 15.4263 7.9233 -16.3694 48.7140 -3.5638 -4.6904 5.0017 -22.0710 12.6826 -0.3773 35.6939 -0.4271 -5.5017 -14.1595 -12.9190 1.6748 -0.0368 -1.8958 -11.2001 -24.2437 -14.6766 0.4173 38.9123 0.5981 7.4423 -14.8257 10.6308 -1.4053 0.2491 0.7873
1.1388 94.9115 -0.8140 1.8823 -0.5606 -3.2176 0.1890 11.3760 -0.7876 0.0004 -1.1853 -0.2750 0.2415 26.2443 -2.6625 -9.0337 7.8905 5.5936 -0.4078 -3.6777 0.0185 0.2155 -21.9210 0.0011 0.0091 0.0213 0.0922 0.6798 -10.2885 -3.7081 -0.6696 -10.3317 3.8961 -16.4385 21.1658 -12.0081 11.0692 -1.6417 -55.5132 -0.6889 1.3048 -95.9468 5.6839 44.5262 19.3374 -16.2707 11.1092 14.8755 -60.4992 1.7129 1.2801 2.6961 17.2519 24.5209 29.7475 -13.3411 17.6197 -0.4989 0.9079 90.5549 70.6676 -87.3427 -45.5454 15.5898 7.9261 -16.4406 48.7837 -3.5489 -4.7304 5.4733 -21.4858 12.5830 -0.3744 34.8441 -0.4485 -5.9108 -13.8164 -13.0205 1.6765 -0.0938 -1.8625 -10.8310 -23.6465 -14.4412 0.3803 38.6567 0.5278 7.1774 -14.7751 10.3154 -1.4080 0.2465 0.8006
0.5407 95.0293 -0.8403 1.8104 -0.8060 -3.0922 0.2434 11.0804 -0.8038 -0.0104 -1.3354 -0.3539 0.3072 25.8967 -2.6873 -9.1939 7.9656 5.6807 -0.4243 -3.6589 0.0273 0.0446 -21.3302 0.0890 0.0068 0.0253 0.0962 0.6857 -10.2912 -3.7075 -0.6805 -10.3345 3.9039 -16.1847 21.2551 -12.2890 13.3915 -2.6078 -54.1260 -1.1090 1.0081 -97.0605 4.0218 42.3624 18.1823 -16.2420 11.0585 14.7775 -60.2963 1.6761 1.2712 2.0231 17.1900 24.3894 28.1967 -13.3531 18.3505 -0.5386 0.9502 91.2739 68.8908 -86.8739 -44.2373 15.7450 7.8817 -16.4529 48.7803 -3.5230 -4.7371 6.0145 -20.9887 12.4313 -0.3637 34.0454 -0.4579 -6.3463 -13.4465 -13.1344 1.6748 -0.1328 -1.8372 -10.3719 -23.0411 -14.2417 0.3555 38.3885 0.4715 6.9355 -14.8354 9.9727 -1.4107 0.2755 0.8092
-0.0798 95.1299 -0.8470 1.7026 -0.9740 -2.9320 0.3418 10.7767 -0.8262 -0.0127 -1.4925 -0.4728 0.3891 25.5042 -2.7150 -9.2016 7.9045 5.6987 -0.4677 -3.6435 0.0645 -0.1371 -20.6733 0.1889 0.0034 0.0295 0.0996 0.6871 -10.3042 -3.7089 -0.6888 -10.3453 3.9131 -16.0178 21.3619 -12.5480 15.0920 -3.5224 -52.4415 -1.3709 0.7326 -98.4827 2.7852 40.3262 17.0796 -16.1506 10.9950 14.6971 -60.0144 1.6494 1.2926 1.4121 17.0189 24.1137 26.5748 -13.2318 18.8637 -0.5979 0.9767 92.1419 60.5816 -86.2262 -36.0891 15.9622 7.7648 -16.4341 48.7979 -3.5051 -4.7506 6.6017 -20.5950 12.2352 -0.3420 33.2709 -0.4506 -6.8185 -13.0491 -13.2711 1.6734 -0.1610 -1.8146 -9.8298 -22.4593 -14.1175 0.3288 38.0674 0.4127 6.6811 -14.9448 9.5904 -1.4146 0.3714 0.8195
-0.7122 95.2172 -0.8425 1.5850 -1.0609 -2.7541 0.4708 10.4721 -0.8421 0.0001 -1.6523 -0.5947 0.5253 25.1137 -2.7744 -9.1284 7.7221 5.6696 -0.5051 -3.6388 0.0801 -0.3231 -20.0439 0.2889 0.0037 0.0312 0.0940 0.6948 -10.3276 -3.7204 -0.6962 -10.3654 3.9131 -15.9196 21.5299 -12.7522 16.1902 -4.4654 -50.5987 -1.4710 0.5403 -100.2074 2.0461 38.4061 16.3023 -16.0185 10.9310 14.6170 -59.7233 1.6246 1.3175 0.8715 16.8343 23.7801 24.8288 -13.0944 19.1317 -0.6454 0.9702 93.1601 50.4364 -85.4267 -25.8712 16.1935 7.5914 -16.3346 48.8720 -3.4994 -4.7448 7.1803 -20.3040 12.0393 -0.3200 32.5394 -0.4407 -7.3052 -12.6322 -13.4137 1.6682 -0.1910 -1.7982 -9.2559 -21.9781 -14.0530 0.3131 37.7744 0.3575 6.4190 -15.0270 9.2569 -1.4160 0.4688 0.8337
-1.3218 95.2842 -0.8634 1.4850 -1.0698 -2.6154 0.6365 10.1882 -0.8408 0.0184 -1.7980 -0.7076 0.7031 24.7568 -2.8417 -8.9503 7.4587 5.6214 -0.5624 -3.6404 0.0575 -0.4877 -19.5252 0.3367 0.0015 0.0327 0.1013 0.6988 -10.3548 -3.7178 -0.7049 -10.3877 3.9274 -15.8729 21.7138 -12.8271 16.6306 -5.4593 -48.7619 -1.4600 0.4202 -102.1597 1.7633 36.6008 15.8965 -15.8686 10.8669 14.5368 -59.4913 1.5925 1.3274 0.4257 16.6554 23.4707 23.0028 -12.9757 19.1758 -0.6854 0.9079 94.1726 42.5058 -84.6832 -17.7966 16.3106 7.4125 -16.1511 48.8828 -3.5000 -4.7139 7.7046 -20.1057 11.8980 -0.3015 31.8506 -0.4323 -7.7841 -12.2050 -13.5003 1.6620 -0.2494 -1.7858 -8.6985 -21.6372 -14.0345 0.3029 37.5115 0.3147 6.1484 -15.0927 9.0189 -1.4151 0.5614 0.8565
-1.8600 95.3493 -0.8758 1.4509 -1.0498 -2.5350 0.8006 9.9340 -0.8546 0.0495 -1.9153 -0.7645 0.9016 24.4954 -2.9042 -8.6643 7.2090 5.5516 -0.6360 -3.6402 -0.0228 -0.6333 -19.1336 0.3182 0.0007 0.0312 0.1087 0.7012 -10.3751 -3.7144 -0.7090 -10.4037 3.9390 -15.8648 21.9651 -12.7462 16.4761 -6.5083 -47.1424 -1.3451 0.4084 -104.2977 1.9071 35.0461 15.8728 -15.7767 10.8317 14.5416 -59.3777 1.5431 1.3450 0.0820 16.5762 23.2433 21.1696 -13.0015 19.0319 -0.7454 0.8824 95.0199 38.7508 -84.2875 -13.8740 16.3084 7.2829 -15.9586 48.8232 -3.4996 -4.6585 8.0988 -19.9280 11.8918 -0.2849 31.1665 -0.4205 -8.2266 -11.7817 -13.6252 1.6566 -0.3470 -1.7754 -8.2552 -21.4133 -14.0977 0.3056 37.2494 0.2959 5.8883 -15.1059 8.9551 -1.4090 0.6154 0.8702
-2.3035 95.4116 -0.9274 1.4874 -1.0282 -2.5509 0.9507 9.7271 -0.8605 0.0987 -2.0035 -0.7916 1.1077 24.2977 -2.9777 -8.2531 7.0160 5.4446 -0.7274 -3.6449 -0.0925 -0.8112 -18.8033 0.2776 -0.0007 0.0246 0.1190 0.6967 -10.3875 -3.7034 -0.7071 -10.4121 3.9492 -15.9039 22.2894 -12.5387 15.6053 -7.6560 -45.7083 -1.1863 0.4817 -106.6319 2.5773 33.8949 16.2473 -15.7207 10.8393 14.5850 -59.3687 1.5340 1.3813 -0.1590 16.5374 23.0786 19.3123 -13.0436 18.8658 -0.7925 0.9028 95.5384 39.1739 -84.1895 -14.2058 16.2300 7.2069 -15.8389 48.7432 -3.5207 -4.6252 8.3494 -19.7035 12.0150 -0.2822 30.4716 -0.4205 -8.6205 -11.3774 -13.7464 1.6511 -0.4649 -1.7709 -7.9592 -21.2525 -14.1502 0.3085 36.9733 0.2846 5.6819 -15.0708 9.0484 -1.3998 0.6344 0.8902
-2.6193 95.4695 -0.9649 1.5825 -0.9961 -2.6628 1.0965 9.5416 -0.8673 0.1589 -2.0595 -0.8242 1.3128 24.1423 -3.0129 -7.7402 6.8566 5.3373 -0.8263 -3.6481 -0.1773 -1.0363 -18.4357 0.2368 -0.0003 0.0146 0.1188 0.6925 -10.3966 -3.7052 -0.7017 -10.4211 3.9504 -15.9805 22.6262 -12.2555 13.9321 -8.8235 -44.3256 -1.0060 0.5891 -109.1614 3.7139 32.9615 16.8604 -15.6947 10.8735 14.6404 -59.4384 1.5737 1.4317 -0.2421 16.4967 23.0003 17.5291 -13.0568 18.7457 -0.8720 0.9397 95.7817 42.9835 -84.2625 -17.9997 16.1889 7.1656 -15.7697 48.7034 -3.5422 -4.6154 8.4637 -19.4767 12.2546 -0.2805 29.8370 -0.4236 -8.9537 -11.0369 -13.7934 1.6492 -0.5742 -1.7686 -7.7962 -21.1804 -14.1277 0.3096 36.7315 0.2729 5.5178 -15.0397 9.2424 -1.3926 0.6492 0.9097
-2.8468 95.5166 -1.0173 1.7169 -0.9496 -2.8771 1.2327 9.3659 -0.8864 0.2266 -2.1082 -0.8642 1.5334 24.0573 -3.0240 -7.1652 6.6964 5.2511 -0.9355 -3.6592 -0.2779 -1.3147 -18.0717 0.1919 0.0032 0.0031 0.1063 0.6950 -10.4057 -3.7198 -0.6964 -10.4316 3.9377 -16.1179 22.9891 -11.9028 11.5482 -9.8942 -42.9783 -0.8666 0.7233 -111.7870 5.1759 31.9841 17.5549 -15.6320 10.9409 14.7402 -59.5812 1.6556 1.5083 -0.1722 16.4670 23.0293 15.8889 -13.1201 18.6863 -0.9524 0.9038 95.8362 50.5863 -84.4190 -25.5383 16.2157 7.1168 -15.7474 48.6164 -3.5473 -4.6076 8.4400 -19.2582 12.5740 -0.2729 29.2967 -0.4165 -9.1796 -10.7673 -13.7580 1.6495 -0.6731 -1.7662 -7.7417 -21.1914 -14.0235 0.3040 36.5523 0.2568 5.3842 -15.0258 9.4929 -1.3872 0.6814 0.9275
-2.9538 95.5633 -1.0227 1.8885 -0.9035 -3.2266 1.3405 9.2049 -0.8964 0.2944 -2.1456 -0.9039 1.7755 24.0288 -3.0033 -6.5536 6.5129 5.1493 -1.0594 -3.6689 -0.3657 -1.6487 -17.6959 0.1573 0.0074 -0.0083 0.0892 0.6990 -10.4174 -3.7405 -0.6912 -10.4438 3.9221 -16.2926 23.3405 -11.5193 8.4479 -10.6640 -41.6483 -0.7867 0.8167 -114.3107 6.9642 30.9399 18.1096 -15.5200 11.0217 14.8607 -59.7080 1.7398 1.5786 0.0579 16.4564 23.1552 14.4839 -13.3449 18.7246 -1.0480 0.8573 95.7302 63.0849 -84.4497 -37.9690 16.3094 7.0906 -15.7902 48.5532 -3.5326 -4.6195 8.3208 -19.0188 13.0025 -0.2746 28.8445 -0.4139 -9.3524 -10.5970 -13.6112 1.6550 -0.7625 -1.7655 -7.8036 -21.2541 -13.8320 0.3015 36.4060 0.2606 5.2932 -14.9897 9.8229 -1.3863 0.7168 0.9443
-2.9449 95.5961 -1.0466 2.0498 -0.8864 -3.6652 1.4266 9.0513 -0.9222 0.3484 -2.1642 -0.8983 2.0599 24.0804 -2.9728 -5.9418 6.3354 5.0280 -1.1466 -3.6823 -0.5046 -2.0634 -17.3452 0.1641 0.0121 -0.0150 0.0668 0.7045 -10.4415 -3.7719 -0.6861 -10.4658 3.9042 -16.4741 23.7280 -11.1346 4.9039 -10.9488 -40.4976 -0.7551 0.8593 -116.4595 8.9458 29.9229 18.3984 -15.3727 11.0913 15.0111 -59.8467 1.7894 1.6784 0.4784 16.4546 23.3026 13.3789 -13.7951 18.9094 -1.1051 0.8424 95.6060 77.5766 -84.0959 -52.5017 16.4190 7.0589 -15.8340 48.4791 -3.5191 -4.5943 8.1531 -18.7692 13.4743 -0.2624 28.5122 -0.3896 -9.4551 -10.5134 -13.4513 1.6603 -0.8385 -1.7559 -7.9415 -21.3231 -13.5950 0.3093 36.2798 0.2812 5.2564 -14.9224 10.1813 -1.3870 0.7519 0.9576
-2.8266 95.6166 -1.0074 2.1750 -0.8951 -4.1679 1.4910 8.9241 -0.9105 0.3963 -2.1986 -0.9066 2.3603 24.1909 -2.9461 -5.3327 6.2015 4.8794 -1.1916 -3.6948 -0.6590 -2.5615 -17.0041 0.2034 0.0150 -0.0171 0.0536 0.7073 -10.4605 -3.7907 -0.6826 -10.4827 3.8941 -16.5792 24.1521 -10.7459 1.1377 -10.7024 -39.7030 -0.7251 0.8702 -118.0265 10.9234 28.8930 18.3369 -15.1987 11.1304 15.1630 -60.0047 1.8079 1.7617 1.0339 16.4213 23.4705 12.7286 -14.3951 19.2414 -1.0992 0.8340 95.5347 87.7650 -83.4269 -62.9411 16.4785 7.0475 -15.8794 48.4271 -3.5061 -4.5752 7.9740 -18.5325 13.9681 -0.2540 28.3298 -0.3559 -9.4653 -10.5106 -13.2624 1.6651 -0.9163 -1.7459 -8.1295 -21.3618 -13.3272 0.3232 36.1467 0.3194 5.2772 -14.8738 10.5389 -1.3893 0.7684 0.9684
-2.5967 95.6279 -0.9338 2.2684 -0.9315 -4.6788 1.5347 8.8006 -0.9084 0.4294 -2.2298 -0.9036 2.6665 24.3197 -2.9250 -4.7509 6.1694 4.7431 -1.1964 -3.7043 -0.8539 -3.1065 -16.6583 0.2552 0.0154 -0.0142 0.0522 0.7037 -10.4709 -3.7937 -0.6774 -10.4889 3.8923 -16.5219 24.5225 -10.3647 -2.7369 -10.0963 -39.4592 -0.7297 0.8418 -118.8700 12.7307 27.9958 17.7960 -15.0780 11.1258 15.3074 -60.2027 1.8234 1.8067 1.6786 16.3493 23.5989 12.6859 -15.0679 19.7433 -1.0811 0.8703 95.5528 91.7489 -82.6831 -67.5678 16.5046 7.0712 -15.8788 48.3955 -3.5124 -4.5297 7.7790 -18.3007 14.4485 -0.2439 28.2703 -0.3290 -9.4001 -10.5994 -13.0262 1.6708 -0.9864 -1.7540 -8.3614 -21.3652 -13.0958 0.3367 35.9900 0.3609 5.3554 -14.8108 10.9135 -1.3937 0.7340 0.9680
-2.2877 95.6422 -0.8237 2.3272 -1.0056 -5.1645 1.5385 8.6798 -0.9102 0.4576 -2.2730 -0.9413 2.9631 24.5051 -2.9120 -4.1858 6.2439 4.5950 -1.2148 -3.7206 -1.0283 -3.6690 -16.3054 0.3366 0.0153 -0.0127 0.0557 0.6998 -10.4780 -3.7893 -0.6732 -10.4931 3.8941 -16.3769 24.8602 -10.0125 -6.3057 -9.4449 -39.8151 -0.7735 0.7835 -119.1611 14.2124 27.3059 16.8995 -15.0048 11.0870 15.4348 -60.4235 1.8390 1.8156 2.3705 16.2711 23.6997 13.1989 -15.8518 20.4113 -1.0006 0.9585 95.6739 93.3053 -82.0021 -70.0908 16.4830 7.1163 -15.8477 48.3672 -3.5097 -4.4979 7.5571 -18.0587 14.9409 -0.2311 28.2863 -0.2934 -9.2815 -10.7156 -12.8140 1.6746 -1.0274 -1.7704 -8.6287 -21.3122 -12.8952 0.3567 35.7878 0.4117 5.4704 -14.7081 11.2629 -1.3984 0.6873 0.9642
-1.8628 95.6526 -0.7506 2.3597 -1.1167 -5.6145 1.5029 8.5541 -0.9268 0.4847 -2.3097 -1.0077 3.2251 24.7315 -2.9294 -3.6646 6.4057 4.4556 -1.2520 -3.7465 -1.1857 -4.2263 -15.9518 0.4596 0.0134 -0.0110 0.0582 0.6958 -10.4859 -3.7866 -0.6724 -10.4964 3.8949 -16.1196 25.1099 -9.7233 -9.3763 -8.9275 -40.7245 -0.7993 0.7304 -119.0546 15.2795 26.9332 15.7794 -14.9949 11.0400 15.5180 -60.6192 1.8709 1.7828 3.0517 16.1934 23.7215 14.2662 -16.6754 21.2481 -0.8814 1.0177 95.9228 92.1529 -81.3305 -70.2327 16.4549 7.1574 -15.8557 48.3887 -3.5422 -4.4929 7.3200 -17.8124 15.4315 -0.2285 28.3593 -0.2750 -9.1342 -10.8298 -12.6647 1.6766 -1.0021 -1.7765 -8.9461 -21.2010 -12.7490 0.3761 35.5212 0.4708 5.6538 -14.5607 11.5840 -1.4029 0.6463 0.9543
-1.3572 95.6772 -0.6642 2.3627 -1.2498 -6.0281 1.4426 8.4405 -0.9122 0.5005 -2.3409 -1.0949 3.4534 24.9525 -2.9911 -3.2317 6.6477 4.3278 -1.3074 -3.7743 -1.3138 -4.7540 -15.6353 0.6146 0.0127 -0.0089 0.0581 0.6960 -10.4894 -3.7868 -0.6737 -10.4981 3.8945 -15.7816 25.2746 -9.5136 -11.8620 -8.6120 -42.0289 -0.7872 0.7007 -118.6783 16.0462 26.8429 14.6466 -15.0192 10.9769 15.5579 -60.7469 1.8925 1.7357 3.7166 16.1386 23.6926 15.7953 -17.4423 22.1709 -0.7381 1.1333 96.2247 89.2084 -80.7825 -68.8391 16.3876 7.2086 -15.8788 48.4007 -3.5674 -4.4868 7.0677 -17.5719 15.9135 -0.2268 28.4682 -0.2599 -8.9393 -10.9404 -12.5595 1.6771 -0.9715 -1.7746 -9.2739 -21.0484 -12.6245 0.3869 35.1978 0.5014 5.8789 -14.3493 11.8704 -1.4086 0.5549 0.9426
-0.8383 95.7037 -0.5728 2.3535 -1.3932 -6.3979 1.3505 8.3345 -0.9161 0.5090 -2.3684 -1.1887 3.6318 25.1583 -3.0655 -2.8882 6.8972 4.2215 -1.3643 -3.7999 -1.4208 -5.2441 -15.3546 0.7743 0.0124 -0.0094 0.0557 0.6951 -10.4925 -3.7884 -0.6737 -10.4987 3.8911 -15.3483 25.3346 -9.3682 -13.8622 -8.5144 -43.6260 -0.7722 0.7171 -118.0773 16.6105 26.9591 13.5283 -15.0556 10.9434 15.6013 -60.9033 1.9054 1.6662 4.3944 16.0865 23.6255 17.8159 -18.1530 23.1162 -0.6137 1.2547 96.5367 84.6686 -80.3425 -66.0498 16.2727 7.2611 -15.8967 48.4245 -3.5985 -4.4771 6.7979 -17.3408 16.4156 -0.2230 28.6091 -0.2378 -8.7009 -11.0906 -12.5506 1.6783 -0.9136 -1.7752 -9.6261 -20.8779 -12.5577 0.3950 34.8258 0.5477 6.1726 -14.1081 12.1350 -1.4120 0.4709 0.9298
-0.2630 95.7222 -0.5124 2.3358 -1.5255 -6.7529 1.2275 8.2382 -0.9206 0.5046 -2.3931 -1.2808 3.7559 25.3487 -3.1296 -2.6309 7.0816 4.1321 -1.4192 -3.8146 -1.4798 -5.6769 -15.0825 0.9319 0.0123 -0.0128 0.0566 0.6985 -10.4898 -3.7826 -0.6774 -10.4929 3.8870 -14.8404 25.3176 -9.3158 -15.3836 -8.5266 -45.4371 -0.6010 0.8179 -117.2600 16.9702 27.2838 12.4565 -15.1445 10.9215 15.6314 -61.0643 1.9074 1.6315 5.0917 16.0730 23.5201 20.2281 -18.8421 24.0447 -0.5014 1.2977 96.7670 78.3422 -80.0582 -61.5720 16.1434 7.3253 -15.9251 48.4941 -3.6273 -4.4826 6.5088 -17.1327 16.9295 -0.2179 28.7505 -0.2226 -8.4074 -11.2479 -12.5821 1.6798 -0.8790 -1.7887 -9.9890 -20.7124 -12.5106 0.4049 34.4104 0.5955 6.5037 -13.8168 12.4024 -1.4150 0.3825 0.9194
0.3357 95.7502 -0.4362 2.3035 -1.6537 -7.0615 1.0858 8.1611 -0.9231 0.4882 -2.4105 -1.3630 3.8353 25.5329 -3.1997 -2.4879 7.1700 4.0724 -1.4521 -3.8250 -1.4951 -6.0520 -14.8394 1.1106 0.0111 -0.0198 0.0634 0.7028 -10.4824 -3.7702 -0.6843 -10.4812 3.8885 -14.2767 25.2268 -9.3350 -16.4809 -8.6182 -47.4428 -0.2939 0.9410 -116.2546 17.2738 27.7726 11.4482 -15.2596 10.9346 15.6744 -61.2515 1.8982 1.6045 5.7951 16.1174 23.4264 23.0851 -19.6616 24.8168 -0.3379 1.2371 96.9618 71.1300 -79.9501 -56.3185 16.0291 7.4151 -15.9440 48.6769 -3.6212 -4.4825 6.2011 -16.9630 17.4372 -0.2145 28.9332 -0.2018 -8.0293 -11.4534 -12.6781 1.6802 -0.8538 -1.8025 -10.3620 -20.5474 -12.4634 0.4155 33.9703 0.6393 6.8834 -13.5342 12.6628 -1.4143 0.2843 0.9093
0.9731 95.7523 -0.4137 2.2651 -1.7642 -7.3382 0.9345 8.1118 -0.9049 0.4559 -2.4216 -1.4232 3.8579 25.6962 -3.2656 -2.4477 7.1421 4.0715 -1.4525 -3.8176 -1.4749 -6.3741 -14.6243 1.3115 0.0128 -0.0268 0.0630 0.7075 -10.4771 -3.7674 -0.6857 -10.4731 3.8845 -13.7020 25.0353 -9.4129 -17.1653 -8.7944 -49.5532 0.0932 1.0649 -115.0262 17.5493 28.4090 10.6372 -15.3525 10.9692 15.7143 -61.3932 1.8862 1.5847 6.4713 16.1842 23.3769 26.2620 -20.4367 25.3670 -0.2713 1.0535 97.1372 62.5240 -80.0456 -49.6801 15.9840 7.5164 -15.9350 48.9577 -3.5893 -4.4841 5.8780 -16.8656 17.9012 -0.2159 29.2103 -0.1903 -7.5894 -11.6772 -12.7698 1.6797 -0.8470 -1.8165 -10.7365 -20.4251 -12.3883 0.4247 33.5623 0.6769 7.2954 -13.2606 12.9078 -1.4139 0.1903 0.9075
1.6101 95.7459 -0.4055 2.2191 -1.8810 -7.5639 0.7636 8.0904 -0.9127 0.4190 -2.4019 -1.4662 3.8341 25.8417 -3.2936 -2.4974 7.0610 4.1098 -1.4232 -3.8060 -1.4227 -6.5950 -14.4399 1.5274 0.0169 -0.0354 0.0550 0.7150 -10.4613 -3.7727 -0.6851 -10.4584 3.8714 -13.1069 24.7635 -9.5352 -17.4455 -9.2426 -51.7937 0.3814 1.1549 -113.5822 17.7893 29.2150 10.0524 -15.4313 10.9942 15.7559 -61.4864 1.8798 1.5745 7.0803 16.2277 23.3495 29.6922 -21.0736 25.7177 -0.3163 0.7730 97.3318 52.1459 -80.1933 -41.1238 16.0520 7.6220 -15.8948 49.2200 -3.5455 -4.4851 5.5343 -16.8316 18.2979 -0.2176 29.5918 -0.1818 -7.1052 -11.9207 -12.8739 1.6805 -0.8181 -1.8199 -11.1323 -20.3133 -12.3056 0.4362 33.1674 0.7089 7.7396 -13.0122 13.1122 -1.4148 0.0845 0.8983
2.2564 95.7008 -0.4179 2.1863 -2.0101 -7.7499 0.5753 8.1072 -0.8982 0.3806 -2.3700 -1.5050 3.7447 25.9741 -3.2938 -2.6065 7.0003 4.1739 -1.3941 -3.7992 -1.3177 -6.6665 -14.3003 1.7074 0.0215 -0.0393 0.0430 0.7244 -10.4598 -3.7839 -0.6855 -10.4569 3.8572 -12.4740 24.4513 -9.7041 -17.2807 -9.9645 -54.0514 0.5567 1.1912 -111.9199 17.8985 30.0726 9.6212 -15.4882 11.0159 15.8110 -61.5391 1.8607 1.5459 7.5643 16.2631 23.3672 32.9651 -21.4936 25.8581 -0.4457 0.4497 97.5376 41.1004 -80.1435 -31.4726 16.1259 7.7219 -15.8371 49.3716 -3.4975 -4.4752 5.1850 -16.8620 18.6303 -0.2306 30.1005 -0.1839 -6.6231 -12.1884 -12.9740 1.6817 -0.7713 -1.8238 -11.5574 -20.2538 -12.1856 0.4470 32.8940 0.7383 8.1792 -12.8173 13.2350 -1.4171 0.0338 0.8845
2.9069 95.6361 -0.4566 2.1585 -2.1468 -7.8760 0.3853 8.1404 -0.8738 0.3366 -2.3427 -1.5245 3.6068 26.0977 -3.2690 -2.7790 7.0253 4.2477 -1.3586 -3.7877 -1.1936 -6.6047 -14.1911 1.8671 0.0241 -0.0369 0.0375 0.7294 -10.4505 -3.7876 -0.6855 -10.4494 3.8490 -11.8756 24.1817 -9.9372 -16.5935 -10.7864 -56.2484 0.6042 1.1487 -110.1449 17.9413 30.9851 9.4282 -15.5713 11.0096 15.8484 -61.5340 1.8446 1.5141 7.9099 16.3412 23.3763 35.6694 -21.6881 25.8645 -0.5125 0.1678 97.7269 31.7127 -79.7764 -22.8793 16.1573 7.7956 -15.8262 49.4725 -3.4604 -4.4974 4.8349 -16.9311 18.9132 -0.2380 30.6620 -0.1771 -6.1289 -12.4522 -13.1135 1.6812 -0.6958 -1.8366 -11.9918 -20.2392 -12.1011 0.4558 32.7251 0.7674 8.5673 -12.6191 13.3170 -1.4219 -0.0198 0.8724
3.5269 95.5580 -0.5021 2.1268 -2.2688 -7.9297 0.2016 8.1733 -0.8509 0.2872 -2.3376 -1.5183 3.4010 26.1732 -3.2214 -2.9995 7.1422 4.2965 -1.2972 -3.7669 -0.9690 -6.4090 -14.1163 2.0241 0.0214 -0.0312 0.0447 0.7216 -10.4354 -3.7757 -0.6834 -10.4372 3.8530 -11.2899 23.9043 -10.1867 -15.4749 -11.4875 -58.3128 0.5893 1.1218 -108.3134 17.8410 31.8228 9.3469 -15.6257 11.0221 15.8811 -61.5066 1.8336 1.4878 8.1262 16.4335 23.3250 37.7757 -21.6507 25.7803 -0.5095 0.0024 97.8258 24.6614 -78.9919 -16.0945 16.1178 7.8530 -15.8566 49.5267 -3.4535 -4.5402 4.4851 -17.0276 19.0874 -0.2375 31.2291 -0.1606 -5.6266 -12.7082 -13.2846 1.6781 -0.6147 -1.8578 -12.4040 -20.2431 -12.0709 0.4605 32.5790 0.8022 8.9151 -12.4424 13.3572 -1.4259 -0.0574 0.8573
4.1247 95.4681 -0.5282 2.0890 -2.3761 -7.9222 0.0216 8.2048 -0.8303 0.2277 -2.3321 -1.4905 3.1356 26.2058 -3.1765 -3.2261 7.3216 4.3518 -1.2397 -3.7424 -0.6162 -6.1113 -14.0248 2.1916 0.0172 -0.0242 0.0602 0.7144 -10.4266 -3.7591 -0.6848 -10.4322 3.8700 -10.7318 23.6062 -10.3694 -14.0072 -11.9853 -60.2390 0.5329 1.0887 -106.5318 17.5956 32.5267 9.4423 -15.7019 11.0212 15.8855 -61.4653 1.8212 1.4571 8.2002 16.5446 23.2753 39.2897 -21.3932 25.6186 -0.4756 -0.1478 97.8599 19.4584 -77.9250 -10.7893 15.9967 7.8861 -15.8289 49.4664 -3.4289 -4.5510 4.1539 -17.1442 19.1719 -0.2446 31.7905 -0.1600 -5.1435 -12.9612 -13.4074 1.6760 -0.5779 -1.8796 -12.7943 -20.2450 -12.0407 0.4629 32.4666 0.8297 9.2501 -12.2807 13.3451 -1.4295 -0.1142 0.8512
4.6752 95.3971 -0.5631 2.0222 -2.4704 -7.8745 -0.1593 8.2494 -0.8013 0.1676 -2.3375 -1.4360 2.8359 26.1961 -3.1136 -3.5139 7.5748 4.4268 -1.1094 -3.7284 -0.2262 -5.7374 -13.9386 2.4194 0.0154 -0.0207 0.0727 0.7141 -10.4311 -3.7474 -0.6885 -10.4419 3.8841 -10.1696 23.3284 -10.4826 -12.2129 -12.2416 -62.0306 0.5017 1.0692 -104.8592 17.1735 33.2441 9.7559 -15.7923 11.0358 15.8987 -61.4459 1.7998 1.4757 8.1250 16.7215 23.2362 40.3489 -20.9498 25.3755 -0.4816 -0.2444 97.8514 16.0295 -76.9205 -6.8691 15.8665 7.8816 -15.7546 49.3583 -3.3912 -4.5432 3.8602 -17.2912 19.2024 -0.2464 32.3366 -0.1588 -4.6872 -13.1864 -13.5081 1.6761 -0.5857 -1.8738 -13.1207 -20.2280 -12.0023 0.4714 32.3711 0.8478 9.5503 -12.1347 13.2766 -1.4314 -0.1852 0.8466
5.1650 95.3333 -0.6099 1.9513 -2.5543 -7.7869 -0.3482 8.2908 -0.7610 0.1040 -2.3546 -1.3541 2.5088 26.1465 -3.0474 -3.8609 7.8718 4.5268 -0.9613 -3.7265 0.1966 -5.2758 -13.8117 2.6690 0.0147 -0.0153 0.0797 0.7181 -10.4354 -3.7417 -0.6939 -10.4472 3.8929 -9.6231 23.0372 -10.5077 -10.1835 -12.2863 -63.6187 0.3848 1.1200 -103.3141 16.5304 33.8386 10.2425 -15.9043 11.0384 15.8696 -61.4104 1.7681 1.4996 7.8838 16.9073 23.1662 41.0860 -20.3588 25.0439 -0.4901 -0.2485 97.7308 13.7804 -75.8398 -3.7496 15.7102 7.8614 -15.6725 49.2401 -3.3677 -4.5376 3.6066 -17.3964 19.1628 -0.2479 32.7679 -0.1537 -4.3117 -13.3633 -13.5802 1.6774 -0.5895 -1.8666 -13.4022 -20.1791 -11.9829 0.4636 32.2642 0.8461 9.8594 -12.0083 13.1450 -1.4338 -0.2514 0.8507
5.5528 95.2971 -0.6361 1.8834 -2.6009 -7.6589 -0.5257 8.2944 -0.7083 0.0416 -2.3821 -1.2595 2.1690 26.0605 -2.9793 -4.2585 8.1908 4.6234 -0.8100 -3.7232 0.6112 -4.7424 -13.6829 2.9143 0.0161 -0.0037 0.0783 0.7252 -10.4301 -3.7462 -0.6986 -10.4390 3.8960 -9.1456 22.7955 -10.4553 -7.9613 -12.1956 -64.9505 0.1108 1.2384 -101.9175 15.5977 34.1844 10.7757 -15.9934 11.0233 15.8160 -61.3527 1.7479 1.5325 7.5089 17.1027 23.0669 41.5180 -19.6672 24.5580 -0.4848 -0.2339 97.5052 12.7138 -74.7119 -1.6282 15.5193 7.8409 -15.6031 49.0576 -3.3640 -4.5259 3.4031 -17.4788 19.0652 -0.2413 33.0438 -0.1332 -4.0210 -13.4808 -13.6470 1.6755 -0.5593 -1.8682 -13.6128 -20.1224 -12.0149 0.4551 32.1265 0.8431 10.1388 -11.8965 13.0002 -1.4350 -0.2782 0.8571
5.8520 95.2876 -0.6658 1.8153 -2.6359 -7.4945 -0.6919 8.2560 -0.6607 -0.0266 -2.4130 -1.1395 1.8262 25.9517 -2.9201 -4.7576 8.5937 4.7425 -0.6380 -3.7370 1.0104 -4.1194 -13.5952 3.1236 0.0150 0.0046 0.0801 0.7300 -10.4223 -3.7463 -0.7059 -10.4267 3.9013 -8.7631 22.5789 -10.3189 -5.5117 -11.7871 -65.9472 -0.1297 1.4629 -100.7528 14.2032 34.2012 11.3524 -16.0606 11.0166 15.7254 -61.2940 1.7229 1.5401 7.0002 17.2967 22.9385 41.7531 -18.9044 23.8658 -0.4548 -0.1822 97.1165 12.7628 -73.8393 -0.5967 15.3503 7.8105 -15.5715 48.8898 -3.4073 -4.5416 3.2641 -17.4965 18.9176 -0.2338 33.1630 -0.1114 -3.7865 -13.5584 -13.7444 1.6724 -0.5599 -1.8772 -13.7756 -20.0087 -12.0871 0.4429 31.9080 0.8309 10.4316 -11.7559 12.8262 -1.4332 -0.3229 0.8648
6.0317 95.3345 -0.6641 1.7446 -2.6665 -7.3220 -0.8254 8.1990 -0.6133 -0.0883 -2.4638 -0.9915 1.4668 25.8366 -2.8671 -5.2964 9.0757 4.8617 -0.4922 -3.7437 1.3303 -3.4422 -13.5881 3.2425 0.0101 0.0042 0.0901 0.7271 -10.4130 -3.7323 -0.7133 -10.4154 3.9111 -8.4618 22.3360 -10.0953 -3.1234 -11.2080 -66.3945 -0.3071 1.7493 -99.9800 12.3073 33.6539 11.7543 -16.0422 11.0416 15.6126 -61.1608 1.7075 1.5157 6.3582 17.5623 22.7813 41.9539 -18.2902 22.9361 -0.3739 -0.1392 96.5318 13.3686 -73.6709 -0.2760 15.2345 7.7843 -15.6172 48.7059 -3.4645 -4.5532 3.2066 -17.4330 18.7417 -0.2296 33.0974 -0.1073 -3.6434 -13.5685 -13.8174 1.6699 -0.5725 -1.8938 -13.8358 -19.8196 -12.1822 0.4227 31.6131 0.8160 10.6473 -11.5627 12.6599 -1.4274 -0.4203 0.8669
6.0737 95.4018 -0.6136 1.6771 -2.7204 -7.1612 -0.9342 8.1332 -0.5887 -0.1338 -2.5233 -0.8236 1.1126 25.6885 -2.7896 -5.8402 9.6402 4.9837 -0.3991 -3.7406 1.5785 -2.7460 -13.6379 3.3031 0.0041 0.0002 0.0996 0.7145 -10.4091 -3.7204 -0.7132 -10.4060 3.9222 -8.2737 22.0730 -9.8436 -0.8974 -10.5916 -66.1046 -0.4396 2.0341 -99.7251 10.0759 32.6133 11.9350 -15.9830 11.1024 15.4961 -60.9241 1.6951 1.5006 5.5558 17.8323 22.5825 42.2880 -17.8061 21.7315 -0.2313 -0.0405 95.7323 14.2737 -74.1403 -0.4156 15.1105 7.7653 -15.7203 48.5489 -3.5285 -4.6014 3.2402 -17.2469 18.5568 -0.2266 32.8139 -0.1224 -3.6468 -13.4794 -13.8849 1.6713 -0.6095 -1.9050 -13.8344 -19.5028 -12.3009 0.3984 31.2153 0.7901 10.7821 -11.3406 12.4856 -1.4207 -0.5048 0.8671
5.9926 95.5022 -0.5445 1.5957 -2.7767 -7.0022 -1.0129 8.0559 -0.5511 -0.1649 -2.5924 -0.6882 0.7885 25.5112 -2.7042 -6.3504 10.2617 5.0936 -0.3609 -3.7249 1.8061 -2.0572 -13.7134 3.2707 -0.0004 -0.0032 0.1066 0.7064 -10.4097 -3.7109 -0.7147 -10.4072 3.9309 -8.2395 21.8772 -9.5624 1.2083 -10.0499 -65.0156 -0.4972 2.2183 -100.0918 7.8286 31.1669 12.0720 -15.8988 11.1853 15.3814 -60.6906 1.6975 1.4993 4.6349 18.0785 22.3866 42.7109 -17.3334 20.3104 -0.1029 0.0939 94.8164 15.4584 -74.9912 -0.8540 15.0763 7.7300 -15.8418 48.4893 -3.5870 -4.6693 3.3782 -16.9937 18.3572 -0.2332 32.3965 -0.1469 -3.7171 -13.3429 -13.9484 1.6739 -0.6440 -1.8900 -13.7423 -19.1018 -12.4173 0.3749 30.7597 0.7630 10.8124 -11.1372 12.3491 -1.4142 -0.6102 0.8732
5.7802 95.6162 -0.4468 1.4858 -2.8032 -6.8694 -1.0563 7.9608 -0.5348 -0.1868 -2.6523 -0.5469 0.5040 25.2806 -2.6123 -6.8427 10.8129 5.2117 -0.3392 -3.7060 2.0147 -1.3993 -13.7856 3.2038 -0.0007 -0.0010 0.1011 0.6992 -10.4153 -3.7182 -0.7087 -10.4123 3.9297 -8.3300 21.6849 -9.2621 3.1190 -9.8339 -63.1080 -0.6488 2.2464 -100.9695 5.7271 29.1574 12.0308 -15.7900 11.2725 15.2849 -60.5112 1.7345 1.5003 3.6379 18.2638 22.1961 43.0614 -16.7645 18.8347 -0.0317 0.2734 93.7922 17.0150 -75.9378 -1.5605 15.1703 7.7471 -16.0134 48.5848 -3.6234 -4.7812 3.6287 -16.7522 18.1706 -0.2370 31.9056 -0.1696 -3.8727 -13.1937 -14.0250 1.6745 -0.6672 -1.8543 -13.5274 -18.6671 -12.5347 0.3474 30.2759 0.7216 10.7332 -10.9775 12.2723 -1.4107 -0.6912 0.8839
5.4368 95.7505 -0.3274 1.3697 -2.8034 -6.7441 -1.0808 7.8570 -0.5192 -0.2145 -2.7005 -0.4187 0.2681 24.9873 -2.5105 -7.3007 11.2265 5.3023 -0.2808 -3.6908 2.2159 -0.7900 -13.8465 3.1507 0.0013 0.0018 0.0929 0.7026 -10.4110 -3.7284 -0.7087 -10.4120 3.9257 -8.5109 21.5677 -8.9168 4.8945 -9.9350 -60.6438 -0.9524 2.1780 -102.1241 3.8367 26.7166 11.8071 -15.6701 11.3354 15.1864 -60.3321 1.7997 1.5358 2.6350 18.4476 22.0262 43.1469 -16.0636 17.4267 0.0297 0.4659 92.7188 18.5101 -76.7512 -1.9697 15.2796 7.7456 -16.1187 48.6962 -3.6467 -4.8860 3.9784 -16.5197 18.0117 -0.2452 31.3512 -0.1914 -4.1012 -13.0025 -14.1146 1.6778 -0.6775 -1.8100 -13.2435 -18.2483 -12.6700 0.3319 29.8548 0.6770 10.5732 -10.8760 12.2966 -1.4109 -0.7301 0.9084
4.9916 95.8740 -0.2056 1.2659 -2.7872 -6.6705 -1.0796 7.7727 -0.5122 -0.2401 -2.7422 -0.2809 0.0795 24.6693 -2.4009 -7.7283 11.5095 5.3855 -0.1838 -3.6851 2.3845 -0.2330 -13.9309 3.1228 -0.0010 0.0055 0.0933 0.7028 -10.4193 -3.7324 -0.7132 -10.4208 3.9308 -8.6948 21.5241 -8.5477 6.5047 -10.2345 -57.7464 -1.2587 1.9745 -103.4683 2.2205 24.0690 11.2959 -15.5372 11.4153 15.1186 -60.2468 1.8534 1.5442 1.6041 18.5558 21.8298 42.8954 -15.1340 16.1718 0.0387 0.5820 91.7578 20.2447 -77.2874 -2.4073 15.5264 7.7581 -16.2293 48.9260 -3.6797 -4.9788 4.3945 -16.3025 17.8532 -0.2568 30.7943 -0.2202 -4.3565 -12.8087 -14.1944 1.6787 -0.6608 -1.7775 -12.8869 -17.9118 -12.8438 0.3184 29.5663 0.6294 10.3587 -10.8471 12.4217 -1.4121 -0.7248 0.9272
4.4451 95.9887 -0.1024 1.1719 -2.7460 -6.6478 -1.0420 7.7137 -0.4768 -0.2532 -2.7888 -0.1546 -0.0660 24.3476 -2.2630 -8.0520 11.6660 5.4202 -0.0688 -3.6804 2.5750 0.2594 -14.0963 3.0952 -0.0053 0.0091 0.1041 0.7003 -10.4236 -3.7266 -0.7198 -10.4228 3.9500 -8.8722 21.5826 -8.1847 7.9096 -10.6302 -54.5099 -1.5155 1.7307 -104.9687 0.8555 21.3528 10.6381 -15.4049 11.5003 15.0900 -60.2299 1.8936 1.5790 0.5661 18.5860 21.6214 42.1969 -13.8639 15.0794 0.0044 0.7248 90.9520 21.9245 -77.5249 -2.5214 15.7237 7.7740 -16.3145 49.1453 -3.6747 -5.0411 4.8674 -16.1040 17.6954 -0.2677 30.2301 -0.2461 -4.6326 -12.5978 -14.2608 1.6772 -0.6415 -1.7590 -12.4886 -17.6647 -13.0650 0.3051 29.4174 0.5703 10.0998 -10.8963 12.6616 -1.4153 -0.6963 0.9494
3.7925 96.0941 0.0187 1.1043 -2.6817 -6.5904 -0.9707 7.6848 -0.4670 -0.2661 -2.8302 -0.0133 -0.1801 24.0324 -2.1495 -8.2512 11.7381 5.4109 0.0446 -3.6712 2.7546 0.6629 -14.3561 3.0891 -0.0064 0.0145 0.1067 0.7009 -10.4244 -3.7277 -0.7223 -10.4245 3.9561 -9.0323 21.6614 -7.7994 8.9543 -11.0450 -51.1138 -1.6582 1.4926 -106.6072 -0.2013 18.6642 9.8410 -15.3056 11.5591 15.1244 -60.3192 1.8892 1.6416 -0.4526 18.5391 21.4061 41.0678 -12.2596 14.1563 -0.1318 0.8662 90.3498 22.8117 -77.3464 -1.6703 15.9216 7.7594 -16.3372 49.3546 -3.6643 -5.0570 5.3489 -15.9131 17.4323 -0.2677 29.6198 -0.2562 -4.9619 -12.3366 -14.2157 1.6743 -0.6009 -1.7393 -12.0538 -17.4862 -13.3514 0.3013 29.3558 0.5166 9.7762 -11.0118 12.9332 -1.4166 -0.6578 0.9555
3.0271 96.1948 0.1592 1.0580 -2.5713 -6.4747 -0.8695 7.6552 -0.4612 -0.2758 -2.8681 0.1047 -0.2583 23.7119 -2.0738 -8.3004 11.7469 5.4299 0.1242 -3.6643 2.8852 1.0043 -14.6403 3.0478 -0.0028 0.0197 0.0983 0.7052 -10.4173 -3.7405 -0.7186 -10.4188 3.9504 -9.2016 21.6891 -7.3851 9.4714 -11.4834 -47.7254 -1.7352 1.2770 -108.2670 -0.9712 16.3007 9.0274 -15.2440 11.5535 15.1713 -60.4347 1.8412 1.7090 -1.3963 18.4764 21.2418 39.6430 -10.4896 13.2234 -0.2335 1.0408 89.9190 22.5795 -76.9470 0.3337 16.0695 7.7596 -16.2967 49.5248 -3.5816 -5.0285 5.8447 -15.7176 17.0845 -0.2697 28.8955 -0.2620 -5.3860 -11.9774 -14.0906 1.6709 -0.5419 -1.7252 -11.5730 -17.3365 -13.7082 0.2994 29.3064 0.4633 9.3479 -11.1756 13.2349 -1.4173 -0.5605 0.9685
2.2147 96.3175 0.2655 1.0111 -2.4077 -6.2964 -0.7361 7.6221 -0.4542 -0.2819 -2.9127 0.1600 -0.2961 23.4232 -2.0076 -8.2305 11.7448 5.4261 0.1713 -3.6515 2.9593 1.2341 -14.9397 2.9831 0.0027 0.0253 0.0823 0.7099 -10.4115 -3.7594 -0.7119 -10.4156 3.9363 -9.4207 21.7314 -6.9959 9.5372 -11.8851 -44.5721 -1.6248 1.0389 -109.8293 -1.4880 14.4809 8.3077 -15.1711 11.5389 15.2600 -60.5587 1.7775 1.7730 -2.2382 18.4398 21.0793 38.0223 -8.7350 12.2803 -0.2781 1.1393 89.5981 21.0712 -76.4294 3.5058 16.1774 7.7685 -16.2139 49.6787 -3.5146 -4.9629 6.3578 -15.5477 16.6277 -0.2668 28.0858 -0.2668 -5.8852 -11.5610 -13.9151 1.6700 -0.4972 -1.7158 -11.0248 -17.2054 -14.0628 0.2990 29.2534 0.4082 8.8592 -11.3515 13.4217 -1.4190 -0.4541 0.9800
1.3515 96.4451 0.3366 0.9638 -2.2055 -6.0252 -0.5832 7.5628 -0.4556 -0.2855 -2.9349 0.1945 -0.2902 23.1604 -1.9731 -8.0614 11.7023 5.3646 0.1975 -3.6495 2.9899 1.3856 -15.2159 2.8972 0.0073 0.0299 0.0689 0.7144 -10.4104 -3.7770 -0.7067 -10.4151 3.9255 -9.7022 21.8153 -6.6360 9.2336 -12.3282 -41.7648 -1.4634 0.8477 -111.2463 -1.7844 13.2300 7.7419 -15.1284 11.4889 15.3150 -60.6549 1.7046 1.8416 -2.9487 18.4145 20.8941 36.3281 -7.1095 11.2915 -0.3169 1.2354 89.3061 19.0044 -75.7875 7.0859 16.2865 7.7700 -16.0763 49.8138 -3.4441 -4.8945 6.8909 -15.3749 16.1025 -0.2597 27.1584 -0.2570 -6.4404 -11.0543 -13.7674 1.6675 -0.4730 -1.7102 -10.4187 -17.0396 -14.4024 0.2981 29.1227 0.3708 8.3667 -11.4856 13.4360 -1.4172 -0.3673 0.9961
0.4729 96.5817 0.4174 0.9186 -1.9808 -5.6701 -0.4048 7.5054 -0.4596 -0.2820 -2.9441 0.2041 -0.2557 22.9194 -1.9972 -7.8104 11.6327 5.2667 0.1833 -3.6467 2.9623 1.4693 -15.4741 2.7936 0.0091 0.0332 0.0610 0.7137 -10.4143 -3.7886 -0.7023 -10.4221 3.9214 -10.0085 21.8999 -6.3288 8.5644 -12.7548 -39.3734 -1.2483 0.7093 -112.4773 -1.9292 12.4527 7.2996 -15.1224 11.4482 15.3751 -60.7954 1.6631 1.8891 -3.5083 18.3520 20.6977 34.6719 -5.6606 10.2351 -0.4106 1.3721 89.1587 16.8836 -75.0679 10.4585 16.3989 7.7586 -15.9317 49.9087 -3.4057 -4.8403 7.4129 -15.2016 15.5053 -0.2425 26.1439 -0.2435 -7.0315 -10.4944 -13.6091 1.6658 -0.4717 -1.7094 -9.7872 -16.8551 -14.7433 0.2996 28.9401 0.3405 7.9167 -11.5750 13.2704 -1.4138 -0.2849 1.0094
-0.3934 96.7069 0.4510 0.8861 -1.7519 -5.2338 -0.2173 7.4553 -0.4754 -0.2666 -2.9697 0.1729 -0.2116 22.7439 -2.0595 -7.4935 11.5763 5.1784 0.1439 -3.6430 2.8773 1.4869 -15.6889 2.6449 0.0094 0.0319 0.0597 0.7128 -10.4243 -3.7896 -0.7006 -10.4322 3.9208 -10.3462 22.0028 -6.0620 7.6914 -13.0745 -37.4394 -0.9660 0.5750 -113.5447 -1.9630 12.0831 7.0341 -15.0897 11.4433 15.4449 -60.9570 1.6419 1.9095 -3.8709 18.3346 20.5179 33.1244 -4.5933 8.9747 -0.5202 1.4328 89.2754 14.6397 -74.3272 13.6201 16.4624 7.7583 -15.8200 49.9723 -3.3827 -4.7954 7.9151 -15.0238 14.8722 -0.2397 25.0778 -0.2548 -7.6357 -9.9239 -13.4443 1.6641 -0.4614 -1.7168 -9.1466 -16.6941 -15.0812 0.2950 28.8093 0.3021 7.4820 -11.6706 13.0155 -1.4099 -0.1731 1.0159
-1.2723 96.8309 0.4834 0.8682 -1.5375 -4.7039 -0.0280 7.4145 -0.5165 -0.2360 -2.9793 0.1355 -0.1339 22.5823 -2.1531 -7.1574 11.5379 5.0617 0.0929 -3.6429 2.7416 1.4425 -15.8952 2.4916 0.0101 0.0286 0.0606 0.7090 -10.4320 -3.7889 -0.6949 -10.4412 3.9219 -10.7283 22.0814 -5.8524 6.6555 -13.2911 -36.0127 -0.7977 0.5115 -114.4346 -1.9202 11.9465 6.8982 -15.0807 11.4156 15.5049 -61.0721 1.5915 1.9304 -4.0261 18.3364 20.3336 31.7185 -3.9418 7.5136 -0.6240 1.4826 89.6544 12.2687 -73.5448 16.6099 16.4436 7.7317 -15.7013 49.9872 -3.3585 -4.7547 8.3943 -14.8118 14.1946 -0.2368 23.9299 -0.2694 -8.2173 -9.3208 -13.3144 1.6644 -0.4530 -1.7139 -8.5315 -16.5277 -15.4292 0.2980 28.6950 0.2827 7.0277 -11.7526 12.6908 -1.4051 -0.0553 1.0234
-2.1165 96.9290 0.5354 0.8614 -1.3330 -4.0655 0.1709 7.3950 -0.5716 -0.1953 -2.9920 0.0819 -0.0203 22.4535 -2.2617 -6.8250 11.4873 4.9471 0.0028 -3.6481 2.5549 1.3526 -16.0900 2.2629 0.0084 0.0239 0.0699 0.7016 -10.4456 -3.7790 -0.6904 -10.4549 3.9310 -11.1240 22.1774 -5.7239 5.5857 -13.3808 -35.0716 -0.6842 0.5641 -115.1950 -1.8188 12.1340 6.8766 -15.0661 11.4343 15.5748 -61.1816 1.5648 1.9319 -3.9965 18.3340 20.1174 30.4965 -3.6561 5.8769 -0.7604 1.4824 90.2976 9.8970 -72.6651 19.3597 16.3791 7.6990 -15.5819 50.0023 -3.3277 -4.7229 8.8196 -14.6445 13.4512 -0.2327 22.8408 -0.2944 -8.7275 -8.7095 -13.1778 1.6627 -0.4574 -1.7105 -7.9504 -16.3928 -15.7938 0.2868 28.6416 0.2466 6.5619 -11.8492 12.3661 -1.4003 0.0715 1.0244
-2.9427 97.0079 0.5750 0.8672 -1.1130 -3.3355 0.3933 7.3812 -0.6235 -0.1396 -3.0080 0.0030 0.1437 22.3445 -2.3769 -6.5023 11.4020 4.8338 -0.1120 -3.6649 2.3231 1.1664 -16.2502 1.9745 0.0071 0.0186 0.0783 0.6970 -10.4623 -3.7699 -0.6881 -10.4752 3.9395 -11.5428 22.3098 -5.6758 4.3657 -13.3573 -34.5875 -0.6644 0.6591 -115.8194 -1.7092 12.7323 6.9570 -15.0347 11.4366 15.6261 -61.1755 1.5531 1.9503 -3.7520 18.2860 19.9283 29.3374 -3.6943 4.0116 -0.8374 1.4707 91.1918 7.4996 -71.6399 22.0040 16.2606 7.6293 -15.4717 49.9629 -3.2985 -4.7006 9.1880 -14.5575 12.6702 -0.2284 21.8310 -0.3170 -9.1719 -8.0869 -13.0764 1.6588 -0.4589 -1.7044 -7.3999 -16.3303 -16.2150 0.2661 28.6516 0.1928 6.1075 -11.9521 12.0357 -1.3962 0.2327 1.0247
-3.7104 97.0746 0.5702 0.8928 -0.8975 -2.5353 0.6349 7.3966 -0.6908 -0.0728 -3.0046 -0.1060 0.3590 22.2588 -2.4659 -6.2192 11.2490 4.7091 -0.2322 -3.6992 2.0623 0.8763 -16.3751 1.6694 0.0051 0.0122 0.0845 0.6920 -10.4912 -3.7658 -0.6871 -10.5092 3.9483 -12.0343 22.4803 -5.7070 3.0728 -13.2142 -34.5881 -0.7033 0.7677 -116.3000 -1.5085 13.6871 7.0877 -15.0292 11.4242 15.6700 -61.1638 1.5586 1.9978 -3.3285 18.2196 19.7933 28.2452 -4.0094 2.0430 -0.9162 1.4226 92.2826 5.0140 -70.3923 24.5503 16.0748 7.5095 -15.3352 49.8589 -3.2602 -4.6758 9.4940 -14.5484 11.8939 -0.2270 20.9446 -0.3337 -9.5554 -7.4770 -13.0272 1.6565 -0.4787 -1.6921 -6.9132 -16.3371 -16.6691 0.2498 28.7181 0.1411 5.6797 -12.0663 11.6779 -1.3935 0.3936 1.0218
-4.3606 97.1171 0.4981 0.9514 -0.6843 -1.7559 0.8836 7.4224 -0.7373 0.0094 -2.9871 -0.2363 0.6115 22.2136 -2.5343 -5.9807 10.9889 4.6062 -0.3844 -3.7166 1.7438 0.5255 -16.4663 1.3095 0.0036 0.0066 0.0869 0.6852 -10.5027 -3.7604 -0.6833 -10.5208 3.9480 -12.5464 22.5954 -5.7950 1.5666 -12.9012 -35.0343 -0.8084 0.8680 -116.5657 -1.1433 14.7879 7.3405 -15.0407 11.4050 15.7371 -61.1792 1.5829 2.0655 -2.6987 18.1577 19.7705 27.2021 -4.5748 0.1282 -1.0595 1.4004 93.4318 2.8684 -69.2866 26.6606 15.9556 7.3931 -15.2415 49.7638 -3.2212 -4.6595 9.6856 -14.6246 11.2110 -0.2254 20.1955 -0.3561 -9.8882 -6.9101 -13.0075 1.6559 -0.5287 -1.6891 -6.5146 -16.4255 -17.1221 0.2305 28.8098 0.1019 5.3075 -12.1561 11.3297 -1.3923 0.5072 1.0155
-4.9020 97.1500 0.3822 1.0284 -0.4678 -0.9801 1.1454 7.4750 -0.7886 0.1037 -2.9398 -0.3625 0.9250 22.2154 -2.6085 -5.8022 10.6013 4.5726 -0.5307 -3.7334 1.3311 0.1144 -16.5582 0.8819 0.0026 0.0037 0.0866 0.6777 -10.5142 -3.7596 -0.6778 -10.5309 3.9451 -13.0584 22.6535 -5.9107 -0.1562 -12.3945 -35.9527 -0.9148 0.9100 -116.5855 -0.5666 16.0613 7.6714 -15.1249 11.4019 15.8282 -61.2912 1.6393 2.1376 -1.9221 18.0681 19.8634 26.1986 -5.4557 -1.6749 -1.2060 1.3200 94.6265 0.9956 -68.3993 28.4358 15.8781 7.2920 -15.1970 49.6437 -3.1933 -4.6536 9.7828 -14.8566 10.6217 -0.2196 19.6594 -0.3724 -10.1748 -6.3957 -13.0359 1.6576 -0.5826 -1.6794 -6.1938 -16.6227 -17.6268 0.2188 28.9502 0.0872 5.0001 -12.2277 10.9896 -1.3922 0.5947 1.0100
-5.3098 97.1540 0.2163 1.1093 -0.2825 -0.2345 1.4117 7.5802 -0.7889 0.2103 -2.8945 -0.4995 1.3008 22.2633 -2.6854 -5.6654 10.1277 4.5727 -0.6542 -3.7454 0.8369 -0.3646 -16.7204 0.4698 0.0039 0.0044 0.0844 0.6767 -10.5352 -3.7641 -0.6744 -10.5533 3.9436 -13.4945 22.7122 -6.0777 -2.0720 -11.6714 -37.4133 -0.8742 0.7962 -116.1884 0.1563 17.7018 8.0671 -15.1690 11.3947 15.8976 -61.4435 1.6889 2.1442 -1.0484 17.9889 20.0991 25.2912 -6.5976 -3.2320 -1.2926 1.1276 95.8485 -0.5059 -67.7568 29.8024 15.8707 7.1967 -15.1259 49.5098 -3.1830 -4.6313 9.7929 -15.2353 10.1639 -0.2194 19.4132 -0.3855 -10.3549 -6.0034 -13.1394 1.6598 -0.6559 -1.6680 -5.9501 -16.9140 -18.1314 0.2288 29.2023 0.0951 4.7615 -12.2788 10.7006 -1.3938 0.6460 1.0126
-5.6072 97.1322 0.0100 1.1601 -0.1642 0.4708 1.6725 7.7102 -0.7838 0.3133 -2.8372 -0.6117 1.7110 22.3289 -2.7329 -5.4841 9.6223 4.5767 -0.7751 -3.7433 0.3045 -0.8408 -16.9814 0.0874 0.0077 0.0073 0.0699 0.6789 -10.5503 -3.7842 -0.6692 -10.5696 3.9331 -13.7786 22.7330 -6.3196 -4.0855 -10.8972 -39.3689 -0.7368 0.7216 -115.3268 0.7219 19.4677 8.3641 -15.2140 11.3940 15.9566 -61.5454 1.7083 2.1380 -0.1729 17.9163 20.4434 24.6560 -7.9072 -4.3431 -1.2705 0.9524 96.9036 -1.0577 -67.8254 30.3158 15.8658 7.1304 -15.0651 49.3341 -3.1961 -4.5948 9.7917 -15.6815 9.8169 -0.2224 19.3963 -0.3832 -10.4771 -5.7346 -13.3667 1.6623 -0.7071 -1.6831 -5.7647 -17.1924 -18.6004 0.2335 29.4827 0.1096 4.5743 -12.3657 10.4411 -1.3953 0.7088 1.0150
-5.7477 97.0741 -0.2061 1.1789 -0.1239 1.1105 1.9028 7.8371 -0.7579 0.4002 -2.7888 -0.7156 2.1281 22.4668 -2.7742 -5.2381 9.0807 4.5494 -0.9045 -3.7439 -0.1635 -1.2542 -17.3037 -0.2945 0.0128 0.0115 0.0477 0.6836 -10.5633 -3.8107 -0.6636 -10.5800 3.9129 -13.9449 22.7976 -6.6310 -5.8712 -10.1525 -41.8331 -0.3843 0.6583 -114.0653 1.0305 21.2604 8.5584 -15.2426 11.3514 15.9513 -61.5541 1.7021 2.1259 0.6570 17.7960 20.8260 24.2879 -9.3014 -4.7990 -1.1844 0.7708 97.7255 -0.1861 -68.8756 29.6219 15.8737 7.0930 -15.0157 49.0667 -3.2298 -4.5663 9.7770 -16.1388 9.5488 -0.2369 19.5595 -0.3727 -10.5312 -5.5148 -13.6649 1.6604 -0.7669 -1.7064 -5.6394 -17.4215 -18.9354 0.2420 29.7723 0.1294 4.4539 -12.4062 10.1303 -1.3963 0.7614 1.0263
-5.8136 97.0015 -0.4652 1.1844 -0.1545 1.6624 2.0897 7.9466 -0.7400 0.4652 -2.7305 -0.7934 2.5146 22.6339 -2.8085 -4.9582 8.5337 4.5083 -1.0445 -3.7577 -0.5657 -1.5789 -17.6506 -0.6421 0.0142 0.0160 0.0350 0.6834 -10.5647 -3.8229 -0.6606 -10.5782 3.8986 -13.9680 22.8236 -6.9597 -7.3161 -9.5670 -44.7095 0.0384 0.6693 -112.5041 1.0751 22.8991 8.6377 -15.2887 11.2948 15.9160 -61.5528 1.6929 2.1068 1.3913 17.6278 21.2244 24.2343 -10.6724 -4.5054 -1.1111 0.6840 98.2438 2.9020 -70.8304 26.8539 15.8696 7.0702 -14.9796 48.7049 -3.2927 -4.5216 9.7445 -16.5538 9.3609 -0.2589 19.8231 -0.3709 -10.5850 -5.3558 -13.9976 1.6556 -0.8272 -1.7447 -5.5880 -17.5775 -19.1500 0.2471 30.0032 0.1596 4.4140 -12.4226 9.8068 -1.3948 0.7900 1.0246
-5.7632 96.9258 -0.7162 1.1721 -0.2272 2.0793 2.2363 8.0387 -0.7021 0.5108 -2.6831 -0.8679 2.8231 22.8086 -2.8337 -4.7304 8.0477 4.5259 -1.1557 -3.7676 -0.9194 -1.7927 -18.0312 -0.9339 0.0143 0.0202 0.0301 0.6820 -10.5600 -3.8257 -0.6589 -10.5707 3.8915 -13.9000 22.7792 -7.2867 -8.1989 -9.2495 -47.7665 0.3811 0.6594 -110.8529 0.9363 23.9560 8.5219 -15.3567 11.2337 15.8518 -61.6080 1.6864 2.0403 1.9880 17.4796 21.6438 24.5266 -11.8497 -3.4871 -1.1872 0.7515 98.5154 8.4806 -73.4068 21.4648 15.8633 7.0724 -15.0036 48.3567 -3.4055 -4.4702 9.6963 -16.9416 9.3158 -0.2826 20.1899 -0.3764 -10.6344 -5.2861 -14.3416 1.6547 -0.9203 -1.7969 -5.5909 -17.7086 -19.2230 0.2440 30.2161 0.1728 4.4347 -12.4181 9.4958 -1.3933 0.8280 1.0068
-5.6436 96.8471 -0.9682 1.1691 -0.2998 2.3243 2.3120 8.1030 -0.6814 0.5422 -2.6483 -0.9281 3.0468 22.9719 -2.8596 -4.6179 7.6135 4.5939 -1.2213 -3.7685 -1.1955 -1.9260 -18.3210 -1.1041 0.0121 0.0187 0.0392 0.6785 -10.5490 -3.8123 -0.6592 -10.5586 3.8964 -13.7563 22.6246 -7.5213 -8.5566 -9.2441 -50.8200 0.5056 0.6037 -109.2635 0.9027 24.2422 8.3334 -15.4931 11.1756 15.8213 -61.7161 1.7190 1.9336 2.4066 17.3219 22.0368 25.1727 -12.8232 -1.9040 -1.3701 0.7914 98.6637 16.5680 -75.8581 13.1386 15.9157 7.0825 -15.1065 48.0729 -3.5042 -4.4510 9.5841 -17.2798 9.4054 -0.3016 20.5676 -0.3881 -10.6172 -5.2660 -14.5280 1.6589 -0.9667 -1.8358 -5.6518 -17.8300 -19.1307 0.2410 30.3619 0.1979 4.4868 -12.3733 9.1745 -1.3931 0.8572 0.9858
-5.4825 96.7877 -1.2138 1.1664 -0.3387 2.3980 2.3466 8.1457 -0.6771 0.5758 -2.6066 -0.9907 3.1742 23.0402 -2.8534 -4.6374 7.3009 4.7079 -1.2337 -3.7521 -1.4080 -2.0053 -18.5285 -1.1769 0.0071 0.0131 0.0597 0.6764 -10.5431 -3.7920 -0.6666 -10.5492 3.9177 -13.5276 22.4395 -7.7090 -8.5136 -9.4078 -53.6418 0.6009 0.5853 -107.8487 1.1461 24.3070 8.2516 -15.6724 11.2288 15.8594 -61.9691 1.7807 1.7381 2.6403 17.1395 22.3551 26.1022 -13.5369 -0.0370 -1.5535 0.8163 98.7957 25.4051 -77.4343 3.5957 15.9924 7.1282 -15.2808 47.8224 -3.5707 -4.4589 9.4278 -17.5878 9.6381 -0.2994 20.9293 -0.3920 -10.5636 -5.3155 -14.6530 1.6682 -1.0228 -1.8626 -5.7389 -17.9766 -18.9489 0.2338 30.4430 0.2004 4.5936 -12.3160 8.9581 -1.3952 0.9069 0.9502
-5.2826 96.7555 -1.3991 1.1222 -0.3283 2.2972 2.3540 8.1312 -0.6868 0.6147 -2.5607 -1.0363 3.2551 22.9976 -2.8155 -4.7767 7.1353 4.7814 -1.2275 -3.7293 -1.4641 -2.0614 -18.6679 -1.1794 0.0033 0.0042 0.0746 0.6765 -10.5476 -3.7826 -0.6741 -10.5525 3.9382 -13.3072 22.3131 -7.8866 -8.3212 -9.6248 -55.9694 0.7518 0.6366 -106.6347 1.5496 24.4114 8.3530 -15.8122 11.3290 15.9445 -62.2200 1.8131 1.5796 2.8373 16.9147 22.5663 27.0321 -13.9643 1.8713 -1.6620 0.8852 98.9088 32.2011 -78.0050 -4.1365 16.0577 7.1809 -15.4291 47.6251 -3.5778 -4.4515 9.2900 -17.8256 9.9355 -0.2817 21.1856 -0.3770 -10.5278 -5.4070 -14.7576 1.6758 -1.0453 -1.8635 -5.7959 -18.1016 -18.7986 0.2308 30.3736 0.1937 4.7249 -12.2496 8.9274 -1.4004 0.9074 0.9226
-5.0363 96.7647 -1.5505 1.0188 -0.2726 2.0920 2.3560 8.0771 -0.6747 0.6422 -2.5061 -1.0942 3.3532 22.9357 -2.7664 -4.9907 6.9942 4.7829 -1.2198 -3.7138 -1.3149 -2.0753 -18.7279 -1.2366 0.0007 -0.0018 0.0792 0.6744 -10.5624 -3.7857 -0.6768 -10.5676 3.9491 -13.1178 22.2475 -8.0159 -8.0147 -9.9559 -57.8298 0.8906 0.6517 -105.6545 1.9109 24.7283 8.5827 -15.9348 11.4629 16.0484 -62.4748 1.8349 1.5394 3.0208 16.6289 22.7058 27.8390 -14.1849 3.6208 -1.7087 0.9956 99.0718 35.5564 -77.9068 -8.5229 16.0035 7.2234 -15.4628 47.4323 -3.5246 -4.4683 9.2020 -18.0706 10.2230 -0.2677 21.4608 -0.3552 -10.5060 -5.4750 -14.8091 1.6828 -1.0845 -1.8804 -5.8021 -18.2387 -18.7418 0.2119 30.2452 0.1574 4.8313 -12.1470 9.0640 -1.4063 0.7915 0.9105
