HIERARCHY
ROOT Hips
{
	OFFSET 0.0000 0.0000 0.0000
	CHANNELS 6 Xposition Yposition Zposition Zrotation Xrotation Yrotation
	JOINT Spine1
	{
		OFFSET -0.0137 5.0038 -0.0537
		CHANNELS 3 Zrotation Xrotation Yrotation
		JOINT Spine2
		{
			OFFSET -0.0000 7.1253 -0.0298
			CHANNELS 3 Zrotation Xrotation Yrotation
			JOINT Chest
			{
				OFFSET -0.0000 7.5501 -0.8160
				CHANNELS 3 Zrotation Xrotation Yrotation
				JOINT Neck1
				{
					OFFSET -0.1817 26.3113 -0.5533
					CHANNELS 3 Zrotation Xrotation Yrotation
					JOINT Neck2
					{
						OFFSET -0.0000 7.7094 2.3026
						CHANNELS 3 Zrotation Xrotation Yrotation
						JOINT Head
						{
							OFFSET -0.0000 6.1289 1.9537
							CHANNELS 3 Zrotation Xrotation Yrotation
							JOINT Jaw
							{
								OFFSET 0.0026 0.4756 3.0949
								CHANNELS 3 Zrotation Xrotation Yrotation
								End Site
								{
									OFFSET 0.0 1.0 0.0
								}
							}
							JOINT LeftEye
							{
								OFFSET 3.2064 5.3802 7.5869
								CHANNELS 3 Zrotation Xrotation Yrotation
								End Site
								{
									OFFSET 0.0 1.0 0.0
								}
							}
							JOINT RightEye
							{
								OFFSET -3.2224 5.3619 7.5582
								CHANNELS 3 Zrotation Xrotation Yrotation
								End Site
								{
									OFFSET 0.0 1.0 0.0
								}
							}
						}
					}
				}
				JOINT LeftShoulder
				{
					OFFSET 1.6217 23.2372 5.1134
					CHANNELS 3 Zrotation Xrotation Yrotation
					JOINT LeftArm
					{
						OFFSET 14.9198 0.0000 -5.5023
						CHANNELS 3 Zrotation Xrotation Yrotation
						JOINT LeftForeArm
						{
							OFFSET 28.7393 0.0000 -0.0026
							CHANNELS 3 Zrotation Xrotation Yrotation
							JOINT LeftHand
							{
								OFFSET 27.0940 -0.0000 0.0026
								CHANNELS 3 Zrotation Xrotation Yrotation
								JOINT LeftHandThumbEnd
								{
									OFFSET 12.2686 -3.2202 4.8331
									CHANNELS 3 Zrotation Xrotation Yrotation
									End Site
									{
										OFFSET 0.0 1.0 0.0
									}
								}
								JOINT LeftHandMiddleEnd
								{
									OFFSET 19.0120 -0.3129 -0.0340
									CHANNELS 3 Zrotation Xrotation Yrotation
									End Site
									{
										OFFSET 0.0 1.0 0.0
									}
								}
							}
						}
					}
				}
				JOINT RightShoulder
				{
					OFFSET -1.3801 23.1803 5.2142
					CHANNELS 3 Zrotation Xrotation Yrotation
					JOINT RightArm
					{
						OFFSET -15.0372 0.0000 -5.5456
						CHANNELS 3 Zrotation Xrotation Yrotation
						JOINT RightForeArm
						{
							OFFSET -28.7366 0.0000 -0.0026
							CHANNELS 3 Zrotation Xrotation Yrotation
							JOINT RightHand
							{
								OFFSET -27.1336 -0.0000 0.0026
								CHANNELS 3 Zrotation Xrotation Yrotation
								JOINT RightHandThumbEnd
								{
									OFFSET -12.2642 -3.2115 4.8040
									CHANNELS 3 Zrotation Xrotation Yrotation
									End Site
									{
										OFFSET 0.0 1.0 0.0
									}
								}
								JOINT RightHandMiddleEnd
								{
									OFFSET -19.0006 -0.3066 -0.0316
									CHANNELS 3 Zrotation Xrotation Yrotation
									End Site
									{
										OFFSET 0.0 1.0 0.0
									}
								}
							}
						}
					}
				}
			}
		}
	}
	JOINT LeftLeg
	{
		OFFSET 10.0432 -8.4345 2.5957
		CHANNELS 3 Zrotation Xrotation Yrotation
		JOINT LeftShin
		{
			OFFSET -0.0000 -43.2218 -0.8029
			CHANNELS 3 Zrotation Xrotation Yrotation
			JOINT LeftFoot
			{
				OFFSET 0.0000 -42.1551 -3.4815
				CHANNELS 3 Zrotation Xrotation Yrotation
				JOINT LeftToeBase
				{
					OFFSET 0.0000 -5.0595 13.2315
					CHANNELS 3 Zrotation Xrotation Yrotation
					End Site
					{
						OFFSET 0.0 1.0 0.0
					}
				}
			}
		}
	}
	JOINT RightLeg
	{
		OFFSET -10.0473 -8.2953 2.6203
		CHANNELS 3 Zrotation Xrotation Yrotation
		JOINT RightShin
		{
			OFFSET 0.0000 -43.3622 -0.8056
			CHANNELS 3 Zrotation Xrotation Yrotation
			JOINT RightFoot
			{
				OFFSET 0.0000 -42.1174 -3.4784
				CHANNELS 3 Zrotation Xrotation Yrotation
				JOINT RightToeBase
				{
					OFFSET -0.0000 -5.0796 13.2842
					CHANNELS 3 Zrotation Xrotation Yrotation
					End Site
					{
						OFFSET 0.0 1.0 0.0
					}
				}
			}
		}
	}
}
MOTION
Frames: 240
Frame Time: 0.033333
0.4639 96.8905 -2.2418 -1.7600 -2.8920 -0.8233 -3.4627 11.5935 -0.4068 -1.8590 0.4263 0.2383 -5.8692 24.1135 -2.5373 18.4622 -1.1487 -3.1200 -3.1810 -3.4488 -6.9700 6.7716 1.1522 -11.7791 -0.0690 -0.0635 0.1553 0.7176 -10.5195 -3.6976 -0.8509 -10.5480 4.0236 6.7778 15.7247 -15.1080 -59.9924 -28.5199 -15.9606 0.2629 1.2349 -127.2053 5.8014 41.3361 34.6675 -14.9004 10.2737 15.3061 -59.7107 1.5433 3.1106 -9.0963 12.3122 13.2359 86.7358 -38.1005 -35.4132 1.6368 0.3684 144.7516 7.2122 48.1356 -29.7889 15.6215 6.9796 -16.0350 50.0972 -3.1382 -5.2279 3.2447 -16.0442 7.9054 0.1087 33.4027 0.2741 -4.6031 -14.1933 10.8524 1.6763 0.0160 -1.8648 -2.1273 -27.1178 -19.3376 0.2017 37.9381 0.4645 9.2407 -1.2103 8.1486 -1.4225 -2.6461 1.1728
0.1056 96.9273 -2.1182 -2.1534 -2.7880 -1.9318 -3.4379 11.6622 -0.3552 -1.8168 0.4711 0.3772 -6.0160 24.1104 -2.5128 18.2757 -1.4887 -3.1379 -3.0686 -3.4428 -6.9681 6.9008 1.4073 -11.7347 -0.0594 -0.0824 0.1135 0.7382 -10.5923 -3.7523 -0.8500 -10.6156 3.9876 6.5667 15.7594 -14.8897 -60.1659 -28.4229 -15.5959 0.2530 1.1354 -127.0208 5.6445 41.2437 34.1404 -14.7405 10.2714 15.1855 -59.7290 1.4979 2.9874 -9.0730 12.2036 13.1783 86.9248 -37.9463 -35.1669 1.5668 0.3344 144.4599 7.5899 47.3169 -29.5321 15.4943 6.9247 -15.9320 49.9854 -3.1385 -5.0669 4.0344 -16.2470 8.1582 0.0507 33.6312 0.1535 -5.0031 -14.2560 11.1962 1.6798 0.2706 -1.8900 -2.8672 -28.3861 -19.3183 0.2804 39.2109 0.5795 9.1219 -0.8293 7.7600 -1.4327 -2.3381 1.0750
-0.3115 96.8265 -1.9373 -2.5036 -2.7542 -2.9511 -3.3771 11.7007 -0.2922 -1.7832 0.4940 0.4499 -6.0968 24.0947 -2.4685 18.1136 -1.6878 -3.0269 -2.9955 -3.4745 -7.0362 6.9661 1.5844 -11.6243 -0.0521 -0.0900 0.0965 0.7480 -10.6483 -3.7766 -0.8437 -10.6597 3.9720 6.4423 15.7161 -14.7688 -60.7266 -28.1137 -15.0075 0.2436 1.0040 -126.8809 5.7566 40.5799 33.8627 -14.5929 10.2878 15.1588 -59.6419 1.5062 2.9442 -9.2103 12.0827 13.1114 87.1720 -37.7264 -35.1038 1.4096 0.2975 144.1739 7.7630 46.7946 -29.2258 15.3446 6.8758 -15.8436 49.7805 -3.1160 -4.9965 4.8945 -16.4810 8.3921 0.0095 34.1984 0.0730 -5.4665 -14.4505 11.4368 1.6940 0.6441 -1.8929 -4.3805 -29.2614 -18.5002 0.3664 39.7406 0.7022 8.1431 -0.5992 6.1918 -1.4596 -1.8905 1.0291
-0.8828 96.6165 -1.6978 -2.8263 -2.7731 -3.8754 -3.2904 11.6962 -0.2344 -1.7508 0.4897 0.5049 -6.1219 24.1138 -2.4023 17.9319 -1.6948 -2.8648 -2.9642 -3.4960 -7.0706 7.0388 1.6156 -11.4772 -0.0385 -0.0870 0.0728 0.7623 -10.6901 -3.8088 -0.8290 -10.6889 3.9479 6.4316 15.6341 -14.6621 -61.3206 -27.7602 -14.4952 0.2824 0.8753 -126.7378 5.9528 39.8263 33.7155 -14.4390 10.3290 15.1531 -59.6675 1.5447 2.9113 -9.3781 12.0739 12.9662 87.4956 -37.5107 -35.1841 1.2834 0.2247 143.9729 7.9575 46.6865 -28.9790 15.2291 6.8990 -15.8271 49.6361 -3.1223 -4.9709 5.8684 -16.8099 8.6049 -0.0171 35.1510 0.0236 -6.1278 -14.7478 11.6070 1.7018 0.9812 -1.8919 -6.4299 -29.4882 -16.9879 0.4084 39.0030 0.7996 6.6918 -0.0921 4.0890 -1.4839 -1.4875 0.9945
-1.5467 96.3008 -1.4036 -3.0895 -2.8831 -4.8181 -3.2149 11.6627 -0.1611 -1.7335 0.4866 0.5630 -6.1481 24.1182 -2.3642 17.7584 -1.5538 -2.7174 -2.9642 -3.4991 -6.9547 7.1887 1.6508 -11.3014 -0.0320 -0.0816 0.0560 0.7672 -10.6993 -3.8289 -0.8193 -10.6856 3.9281 6.5163 15.4944 -14.5364 -61.9564 -27.4114 -13.8948 0.2915 0.7776 -126.6278 6.1219 38.7862 33.6387 -14.3300 10.3297 15.1297 -59.6699 1.5780 2.8727 -9.5759 12.1235 12.7982 87.8900 -37.2763 -35.3261 1.2299 0.2378 143.8237 8.4415 46.8180 -28.5930 15.1161 6.9265 -15.8164 49.5531 -3.1498 -4.9678 6.9544 -17.1112 8.8185 -0.0435 36.3639 -0.0311 -6.9702 -15.1488 11.8422 1.7087 1.3114 -1.8997 -8.8797 -29.0233 -15.0634 0.4182 37.0021 0.9017 5.4383 1.0602 2.1243 -1.4996 -1.1509 0.9766
-2.4509 95.9104 -1.0981 -3.2584 -3.0642 -5.7847 -3.1769 11.6149 -0.0825 -1.7307 0.4922 0.6059 -6.1908 24.1251 -2.3416 17.5164 -1.3162 -2.6177 -2.9284 -3.4969 -6.7223 7.3797 1.7884 -11.0633 -0.0318 -0.0829 0.0491 0.7680 -10.7129 -3.8358 -0.8189 -10.6962 3.9185 6.6646 15.3633 -14.4029 -62.5276 -27.1767 -13.2950 0.3077 0.6434 -126.6135 6.3571 37.5681 33.6966 -14.2362 10.3346 15.1237 -59.7098 1.6062 2.8363 -9.7754 12.2426 12.6712 88.2479 -37.0989 -35.4867 1.1623 0.2512 143.7847 9.1516 47.1755 -28.0152 15.0630 6.9033 -15.7860 49.4911 -3.2072 -4.9896 8.0695 -17.3371 9.0140 -0.0736 37.7008 -0.0764 -7.9537 -15.6383 12.2359 1.7123 1.6016 -1.9138 -11.3283 -28.1187 -13.2139 0.4338 34.2083 1.0419 4.8496 2.9339 1.0353 -1.5058 -0.9359 0.9668
-3.5593 95.4758 -0.7894 -3.3317 -3.3014 -6.7595 -3.1887 11.5615 0.0353 -1.7429 0.5071 0.6089 -6.2607 24.1101 -2.3205 17.2486 -0.9811 -2.5575 -2.8922 -3.5049 -6.4335 7.5757 1.9868 -10.7954 -0.0322 -0.0875 0.0437 0.7734 -10.7096 -3.8367 -0.8241 -10.6904 3.9061 6.8649 15.2476 -14.2961 -63.0275 -26.9941 -12.6446 0.2856 0.4938 -126.5813 6.4885 36.3208 33.7823 -14.2160 10.2986 15.1111 -59.6804 1.6102 2.7882 -9.9492 12.3934 12.5952 88.5011 -36.9576 -35.5169 1.1706 0.2814 143.8624 9.8870 47.5926 -27.4150 15.0803 6.8542 -15.7669 49.4754 -3.2850 -5.0677 9.2433 -17.4496 9.1920 -0.1141 39.0198 -0.1405 -9.1437 -16.0605 12.7427 1.7173 1.8462 -1.9354 -13.5820 -26.9896 -11.6848 0.4293 31.0997 1.1510 5.0591 5.2296 0.9149 -1.5141 -0.7609 0.9759
-4.9062 95.0135 -0.4662 -3.3241 -3.5567 -7.6590 -3.2339 11.5028 0.1230 -1.7678 0.5001 0.6168 -6.3980 24.1310 -2.3252 16.9400 -0.6128 -2.4778 -2.8708 -3.5137 -6.1875 7.7988 2.2100 -10.4904 -0.0327 -0.0929 0.0370 0.7819 -10.7027 -3.8407 -0.8335 -10.6844 3.8960 7.1219 15.1409 -14.2158 -63.3602 -26.8548 -12.0481 0.2044 0.3583 -126.5137 6.5327 35.2436 34.0231 -14.2450 10.2645 15.1280 -59.7199 1.6340 2.7534 -10.0625 12.5918 12.4906 88.6444 -36.9147 -35.3054 1.2041 0.3540 144.0923 10.6074 48.0389 -26.8811 15.1609 6.7741 -15.7493 49.5071 -3.3668 -5.1624 10.5368 -17.4578 9.2164 -0.1589 40.2561 -0.1962 -10.5660 -16.3510 13.2620 1.7168 2.0761 -1.9310 -15.4328 -25.9177 -10.8279 0.4068 28.3106 1.2113 6.1420 7.2286 1.4416 -1.5212 -0.6108 0.9873
-6.5995 94.5591 -0.1531 -3.2888 -3.7659 -8.5175 -3.2843 11.4292 0.2195 -1.8080 0.4597 0.6001 -6.6004 24.2087 -2.3355 16.5650 -0.3234 -2.3576 -2.8620 -3.5088 -5.9748 8.0571 2.4658 -10.1874 -0.0373 -0.0932 0.0411 0.7908 -10.6921 -3.8339 -0.8515 -10.6756 3.8983 7.3002 15.0189 -14.2035 -63.4485 -26.8284 -11.3814 0.0010 0.3153 -126.4304 6.3683 34.4582 34.4133 -14.3012 10.2572 15.1731 -59.7847 1.6775 2.7155 -10.1310 12.8319 12.4190 88.5746 -37.0914 -34.7072 1.2353 0.4472 144.3734 11.2170 48.7748 -26.6051 15.2801 6.7108 -15.7293 49.5965 -3.3945 -5.2467 11.9974 -17.3689 9.1663 -0.2147 41.2097 -0.2855 -12.1929 -16.4061 13.7587 1.7121 2.2507 -1.9135 -16.6084 -25.2458 -10.7405 0.4201 26.6329 1.3171 8.1044 8.5689 2.5315 -1.5231 -0.5564 1.0046
-8.6751 94.1590 0.0725 -3.2325 -3.8766 -9.2309 -3.3167 11.3373 0.3086 -1.8845 0.4311 0.6001 -6.9048 24.3082 -2.4293 16.1612 -0.2144 -2.1756 -2.8471 -3.4853 -5.8215 8.3236 2.8170 -9.9437 -0.0339 -0.1013 0.0323 0.8004 -10.6867 -3.8411 -0.8538 -10.6690 3.8860 7.4127 14.9858 -14.2334 -63.3865 -27.1245 -10.4405 -0.3245 0.3211 -126.4091 6.0254 33.9776 34.7711 -14.4147 10.2494 15.1859 -59.8559 1.7145 2.6998 -10.1889 13.0419 12.3862 88.2568 -37.4460 -33.6844 1.2354 0.5459 144.6250 11.8423 49.9005 -26.5763 15.4518 6.6486 -15.6685 49.7506 -3.3481 -5.3262 13.6168 -17.1848 9.0313 -0.2598 41.6820 -0.3770 -13.9255 -16.0793 14.2089 1.7087 2.3821 -1.8763 -17.0098 -25.1008 -11.3517 0.4731 26.6189 1.4601 10.4233 8.8529 3.7097 -1.5166 -0.5694 1.0131
-11.1465 93.8049 0.2180 -3.1098 -3.8982 -9.7545 -3.3617 11.2710 0.3850 -1.9896 0.4240 0.5709 -7.2899 24.3928 -2.5677 15.6793 -0.2412 -2.0090 -2.8163 -3.4724 -5.6516 8.5637 3.3224 -9.7491 -0.0274 -0.1124 0.0197 0.8084 -10.6975 -3.8556 -0.8477 -10.6776 3.8723 7.5213 15.0096 -14.2752 -63.2717 -27.6545 -9.2495 -0.5885 0.3235 -126.5557 5.6225 33.6451 35.0107 -14.5235 10.2544 15.2034 -59.9439 1.7477 2.7065 -10.3385 13.2903 12.4155 87.7711 -37.9677 -32.5140 1.1789 0.5950 144.7785 12.3858 51.2190 -26.6925 15.6361 6.6094 -15.6146 49.9493 -3.2872 -5.3948 15.3665 -16.8320 8.8204 -0.2948 41.5501 -0.4744 -15.7850 -15.3270 14.6116 1.7001 2.4437 -1.8318 -16.6732 -25.2308 -12.4353 0.5492 28.0250 1.5970 12.4982 7.6909 4.4203 -1.4998 -0.5829 1.0052
-14.0646 93.4961 0.2695 -2.8583 -3.7626 -9.9417 -3.4380 11.2244 0.3910 -2.1221 0.4179 0.5197 -7.7108 24.3669 -2.7256 15.1405 -0.3499 -1.9090 -2.7634 -3.4499 -5.4874 8.7185 3.8497 -9.5883 -0.0219 -0.1168 0.0109 0.8111 -10.6997 -3.8663 -0.8398 -10.6777 3.8652 7.6431 14.9854 -14.3936 -63.1286 -28.2592 -7.9508 -0.7314 0.3332 -126.8403 5.2145 33.2276 35.0285 -14.6050 10.2732 15.2240 -59.9740 1.7651 2.7282 -10.6071 13.5153 12.4495 87.1855 -38.5980 -31.3893 1.1392 0.6457 144.7509 12.9597 52.5244 -26.6330 15.7941 6.6126 -15.6067 50.1521 -3.2272 -5.4332 17.1708 -16.3051 8.4941 -0.3225 40.5710 -0.5695 -17.7437 -13.9604 14.8814 1.6849 2.3830 -1.7819 -15.7600 -25.3221 -13.6545 0.6077 30.1309 1.6566 14.0739 4.7867 4.1935 -1.4764 -0.3731 0.9843
-17.2706 93.2852 0.2677 -2.6237 -3.3704 -9.6820 -3.4262 11.2315 0.3133 -2.2816 0.2882 0.4052 -8.1152 24.3054 -2.8946 14.6982 -0.5756 -1.9170 -2.8417 -3.4229 -5.3442 8.8642 4.3747 -9.5646 -0.0406 -0.1296 0.0493 0.7850 -10.6879 -3.8185 -0.8529 -10.6643 3.9054 7.6511 14.9869 -14.6132 -62.9328 -29.0230 -6.4638 -0.9170 0.3247 -127.3839 4.7871 32.5016 35.1473 -14.5005 10.3148 15.2412 -60.0359 1.6537 2.7418 -10.8853 13.6137 12.4896 86.3627 -39.2871 -30.2425 1.0691 0.7971 144.5316 13.5955 53.7132 -26.5047 15.7791 6.6944 -15.7413 50.3105 -3.1948 -5.4751 19.1644 -15.7922 7.9973 -0.3421 38.6931 -0.6063 -19.7697 -11.7510 14.8969 1.6787 2.2282 -1.8227 -14.2624 -25.3074 -14.6613 0.5865 32.2554 1.4172 14.3111 0.1794 2.9389 -1.4651 0.4379 1.0148
-20.6542 93.3287 0.1988 -2.5498 -2.5840 -8.8944 -3.2249 11.0889 0.2313 -2.4098 0.3236 0.4510 -8.3446 24.2375 -3.3832 14.2670 -1.0825 -1.9196 -2.7971 -3.5077 -5.4846 9.0047 4.9919 -9.5275 -0.0280 -0.1696 0.0262 0.7897 -10.6837 -3.8325 -0.8340 -10.6657 3.8747 7.4863 14.8917 -15.0681 -62.7003 -30.0845 -5.1047 -0.9684 0.2730 -127.7370 4.1180 31.5278 34.7428 -14.5389 10.2189 15.2041 -59.8811 1.5064 2.8359 -10.9830 13.6224 12.6380 85.5206 -40.2988 -29.4387 0.9852 0.8402 143.8873 14.2718 54.8472 -26.0558 15.5153 6.8605 -15.9230 50.3560 -3.1705 -5.4883 21.2254 -15.3919 7.4760 -0.3879 35.4075 -0.7093 -21.3870 -8.4825 14.6264 1.6863 1.9084 -1.8151 -12.0182 -25.9326 -15.6693 0.5499 34.6739 1.3300 12.5895 -3.5156 1.6354 -1.4482 1.0543 1.0182
-24.0989 93.6908 0.0750 -2.3772 -1.4930 -7.3352 -3.0354 10.9223 0.0537 -2.4869 0.3583 0.3823 -8.4389 24.1508 -3.9916 14.0753 -1.6596 -1.9195 -2.8772 -3.4578 -5.8482 9.2010 5.5315 -9.5942 -0.0262 -0.1978 0.0306 0.7907 -10.6998 -3.8311 -0.8329 -10.6832 3.8859 7.4289 14.8690 -15.7314 -62.8724 -31.2354 -3.8491 -1.1145 0.3458 -127.9708 3.3452 30.4955 34.2764 -14.5800 10.1587 15.2248 -59.7645 1.3194 2.9783 -11.0999 13.6239 12.8099 85.6210 -40.9472 -30.1815 1.1890 0.8156 143.2611 14.9804 55.3220 -25.6127 15.3954 6.8954 -15.8695 50.2512 -3.1471 -5.3075 22.9558 -14.9541 6.9022 -0.3205 30.5970 -0.6178 -22.3209 -3.9304 14.0085 1.7372 1.4719 -1.8440 -9.6668 -26.8118 -17.0996 0.5282 36.7958 1.2104 10.6614 -5.8324 0.3917 -1.4454 1.2221 1.0209
-27.5452 94.2376 -0.0353 -1.9103 -0.1970 -4.9904 -2.8306 10.8022 -0.1838 -2.6081 0.4126 0.1775 -8.4023 23.8943 -4.6154 14.0724 -2.1302 -1.9720 -2.7847 -3.4422 -6.4517 9.1722 5.8928 -9.7934 -0.0453 -0.1978 0.0492 0.7873 -10.7228 -3.8182 -0.8663 -10.7176 3.9230 7.7991 14.8848 -16.5590 -63.5798 -31.9983 -3.2865 -0.9563 0.2459 -128.0522 3.2203 30.5130 34.5276 -14.8100 10.1768 15.1374 -59.8095 1.3030 2.9194 -11.3829 13.2866 12.6306 86.4006 -40.7629 -31.6614 1.2889 0.7596 142.8101 15.3585 55.2586 -25.4276 15.2140 6.7983 -15.8540 49.9592 -3.2544 -5.3142 24.0669 -14.6206 6.3409 -0.2978 24.5578 -0.6768 -22.0017 2.2789 12.9572 1.7758 0.5638 -1.9101 -7.5099 -27.3796 -19.0028 0.4572 37.8668 1.0966 9.0006 -7.7955 -1.3290 -1.4492 1.5827 1.0197
-30.8425 94.8269 -0.2441 -1.1540 1.1501 -2.1987 -2.6414 10.7030 -0.4348 -2.5913 0.4277 -0.1410 -8.3929 23.4955 -5.2245 14.2985 -2.3447 -2.1159 -2.8545 -3.3977 -6.8612 9.1252 6.0633 -10.2579 -0.0631 -0.1946 0.0654 0.7631 -10.7358 -3.8091 -0.8782 -10.7444 3.9559 8.2334 14.7664 -17.4473 -64.7739 -32.3761 -3.0891 -0.8911 0.2961 -128.0924 3.4723 30.9620 34.7330 -14.8202 10.1136 14.9607 -59.8529 1.2875 2.8131 -11.6068 12.9109 12.5027 87.3199 -40.0803 -33.8343 1.3574 0.8021 142.6669 15.0173 54.2924 -25.5726 15.2051 6.8449 -15.8156 49.9454 -3.2644 -5.2170 24.1729 -14.6928 5.8116 -0.2248 18.4454 -0.5858 -19.1546 9.0225 13.2760 1.7990 -0.3624 -1.9523 -5.6669 -27.7786 -21.1055 0.3717 38.1022 0.8907 7.4603 -9.2150 -2.9852 -1.4593 1.8986 0.9766
-33.7908 95.4510 -0.5367 -0.2586 2.3452 0.4529 -2.3992 10.5812 -0.6540 -2.5129 0.4254 -0.4005 -8.2662 23.1764 -5.7507 14.4946 -2.4754 -2.1722 -2.9406 -3.4103 -7.3389 8.9004 6.0633 -10.7706 -0.0606 -0.1921 0.0648 0.7546 -10.7567 -3.8168 -0.8650 -10.7714 3.9631 8.6258 14.6826 -18.2245 -66.2955 -32.7066 -3.1605 -0.8923 0.2987 -128.2446 4.2012 31.7943 35.0393 -14.8059 10.0916 14.8951 -59.8309 1.2537 2.7638 -11.9105 12.5051 12.3236 87.9809 -39.4351 -35.9778 1.2711 0.7316 142.6016 14.2085 52.8222 -26.1123 15.2547 6.8391 -15.7421 49.8444 -3.2639 -5.1194 23.0643 -15.6639 6.0697 -0.1701 14.1045 -0.4224 -13.4668 13.5069 14.9479 1.7933 -0.6071 -1.9156 -4.1364 -28.0389 -22.7857 0.2640 37.7484 0.6412 5.9419 -10.0823 -4.7012 -1.4635 2.0766 0.9663
-36.3124 96.0652 -0.9150 0.6016 3.0530 2.4818 -2.1773 10.6104 -0.7137 -2.3654 0.4570 -0.6669 -8.0318 22.9740 -6.0473 14.7011 -2.4139 -2.1767 -3.0338 -3.4471 -7.7045 8.5670 5.9984 -11.2758 -0.0622 -0.1861 0.0721 0.7417 -10.7753 -3.8196 -0.8557 -10.7915 3.9826 8.8894 14.6846 -18.7835 -67.7468 -32.8894 -3.5061 -0.8431 0.2979 -128.6417 5.1114 32.8683 35.4753 -14.7806 10.1164 14.9212 -59.8425 1.2458 2.7176 -12.3034 12.1913 12.1373 88.5596 -39.2162 -37.8654 1.1436 0.5352 142.5096 13.4032 51.6217 -26.8267 15.2735 6.7980 -15.7255 49.6976 -3.2843 -5.0925 20.9151 -17.1366 7.3343 -0.1988 13.1024 -0.3232 -9.6552 13.5146 15.8495 1.7959 -0.7354 -1.8879 -3.0127 -27.9356 -23.6492 0.1466 36.9857 0.3887 4.6242 -10.4654 -6.2733 -1.4609 2.2159 0.9491
-38.5212 96.6691 -1.3356 1.3262 3.2945 3.8702 -1.9831 10.7566 -0.7124 -2.1919 0.5050 -0.8465 -7.7115 22.8950 -6.1637 14.9554 -2.1778 -2.1734 -3.1811 -3.4628 -8.0050 8.2479 5.8879 -11.6798 -0.0739 -0.1805 0.0890 0.7271 -10.7946 -3.8173 -0.8656 -10.8098 4.0202 9.0548 14.7713 -19.0737 -68.9609 -32.8927 -4.0581 -0.7581 0.3474 -129.1034 6.0299 34.0317 36.0340 -14.8244 10.1409 14.9932 -59.9812 1.2885 2.6942 -12.7432 11.9200 11.9742 89.4290 -39.3324 -39.7319 1.1315 0.3503 142.3292 12.8418 50.4905 -27.5750 15.2356 6.7133 -15.7501 49.5334 -3.3223 -5.1487 18.0204 -18.4682 9.2002 -0.2711 15.1135 -0.3035 -8.9233 10.6864 15.4678 1.8051 -0.9482 -1.9031 -2.1801 -27.3786 -23.9459 0.0578 35.7526 0.2107 3.4805 -10.3824 -7.5054 -1.4551 2.2785 0.9264
-40.4815 97.2173 -1.8252 1.8393 3.2344 4.6899 -1.7982 10.9123 -0.6867 -2.0248 0.5359 -0.9520 -7.3112 22.8677 -6.1687 15.2513 -1.7657 -2.1814 -3.3416 -3.4563 -8.2369 7.8868 5.7794 -11.9651 -0.0846 -0.1763 0.1055 0.7139 -10.8184 -3.8193 -0.8732 -10.8283 4.0583 9.1829 14.8545 -19.1575 -69.9479 -32.5153 -4.7131 -0.6323 0.4085 -129.4515 6.8350 35.3188 36.6998 -14.9002 10.1261 15.0224 -60.0769 1.3386 2.6781 -13.1499 11.7165 11.9432 90.4557 -39.5593 -41.3614 1.1932 0.2317 142.1278 12.2201 49.3235 -28.4521 15.2518 6.5956 -15.7549 49.3988 -3.3987 -5.2127 14.8105 -19.1250 10.8992 -0.3188 18.8764 -0.3652 -9.1785 6.6872 14.8208 1.7985 -1.0988 -1.9498 -1.4663 -26.4556 -23.8229 -0.0047 34.1735 0.0732 2.5193 -9.9742 -8.5444 -1.4530 2.2399 0.9424
-42.1483 97.6613 -2.2951 2.0627 3.0024 4.9851 -1.5977 11.0730 -0.6345 -1.8517 0.5188 -1.0450 -6.8372 22.8252 -6.0538 15.5119 -1.1795 -2.2191 -3.4201 -3.4472 -8.4170 7.4699 5.6755 -12.0454 -0.0920 -0.1748 0.1153 0.6989 -10.8501 -3.8271 -0.8724 -10.8510 4.0874 9.4244 14.9733 -19.0006 -70.5736 -31.9120 -5.6374 -0.3277 0.4007 -129.5064 7.4631 36.6463 37.4685 -14.9174 10.1296 15.0348 -60.1240 1.3637 2.6500 -13.4994 11.6403 11.9802 91.4935 -39.7987 -42.6990 1.2591 0.1295 141.9312 11.3289 48.2231 -29.3008 15.3261 6.4376 -15.6939 49.2229 -3.4812 -5.2379 11.7608 -19.0163 11.8104 -0.3031 23.2763 -0.3663 -9.3727 1.8925 14.6596 1.7943 -1.2512 -2.0103 -0.7190 -25.3816 -23.4185 -0.0443 32.5973 -0.0481 1.7431 -9.4607 -9.2818 -1.4536 2.1536 0.9478
-43.5908 97.9392 -2.7866 1.9905 2.7262 4.8444 -1.4098 11.1897 -0.5739 -1.6898 0.4666 -1.1612 -6.3303 22.7138 -5.8535 15.7929 -0.5748 -2.2800 -3.4346 -3.4436 -8.5526 7.0886 5.5509 -12.0342 -0.0886 -0.1712 0.1110 0.6976 -10.8735 -3.8443 -0.8630 -10.8645 4.0933 9.7740 15.0691 -18.7264 -70.7908 -31.3240 -6.5864 -0.0833 0.3705 -129.1830 7.7795 37.8225 38.1366 -14.8415 10.1780 15.0668 -60.0987 1.3757 2.6147 -13.7664 11.7113 12.0246 92.6425 -40.0257 -44.0522 1.4221 0.0284 141.7905 10.1485 47.1028 -30.0994 15.4542 6.2759 -15.6170 49.0331 -3.5553 -5.2243 9.0617 -18.3832 11.8754 -0.2459 27.5222 -0.3067 -9.6698 -2.9934 14.7428 1.7955 -1.4217 -2.0844 0.1739 -24.4123 -22.9088 -0.0819 31.3046 -0.1533 1.1001 -8.9976 -9.6726 -1.4546 2.0545 0.9484
-44.7881 98.0361 -3.3259 1.6912 2.4993 4.3781 -1.2715 11.2591 -0.5269 -1.5591 0.3866 -1.2823 -5.8436 22.5481 -5.6263 16.1077 -0.1100 -2.3561 -3.4223 -3.4559 -8.6767 6.8007 5.3731 -11.9476 -0.0753 -0.1674 0.0941 0.7075 -10.8700 -3.8673 -0.8455 -10.8622 4.0775 10.1322 15.0836 -18.4746 -70.5701 -30.9963 -7.4872 0.0517 0.4087 -128.6671 7.6984 38.5635 38.4556 -14.7653 10.2055 15.0758 -60.0659 1.4034 2.5476 -13.9461 11.8452 11.9768 93.8254 -40.0732 -45.3328 1.5844 -0.0486 141.8186 8.8508 46.0959 -30.8366 15.5480 6.1707 -15.5899 48.9380 -3.6051 -5.1907 6.7153 -17.5795 11.1313 -0.1781 31.1879 -0.2011 -9.9955 -7.3745 14.6462 1.8035 -1.6213 -2.1617 1.2409 -23.7463 -22.3645 -0.1378 30.5009 -0.2702 0.4281 -8.6642 -9.7994 -1.4561 1.9433 0.9349
-45.8563 97.9757 -3.8609 1.1998 2.3368 3.6113 -1.1744 11.2910 -0.4973 -1.4641 0.2942 -1.3820 -5.4535 22.4137 -5.4027 16.4462 0.1720 -2.4449 -3.3677 -3.4700 -8.6900 6.6994 5.0717 -11.8309 -0.0602 -0.1638 0.0758 0.7210 -10.8523 -3.8859 -0.8282 -10.8460 4.0533 10.4746 15.0434 -18.2552 -70.0009 -31.1742 -8.3061 -0.0296 0.5101 -128.1017 7.3438 38.8257 38.4833 -14.7096 10.1889 15.0684 -60.0246 1.4451 2.5028 -14.0064 11.9654 11.8614 94.9440 -39.8726 -46.4524 1.7098 -0.1266 142.0891 7.5995 45.3597 -31.4809 15.6038 6.1803 -15.6678 48.9419 -3.6104 -5.2034 4.6874 -16.8425 9.8231 -0.1158 34.1312 -0.0982 -10.3576 -11.0571 14.0228 1.8150 -1.8603 -2.2306 2.5349 -23.4068 -21.7867 -0.1974 30.1594 -0.3539 -0.3522 -8.4632 -9.7852 -1.4541 1.8440 0.9240
-46.8567 97.7751 -4.4906 0.5724 2.2153 2.5405 -1.1454 11.2928 -0.4671 -1.4176 0.2185 -1.4423 -5.2253 22.3512 -5.2007 16.8675 0.2964 -2.5550 -3.3488 -3.4549 -8.5508 6.8557 4.8854 -11.6774 -0.0536 -0.1603 0.0695 0.7306 -10.8230 -3.8862 -0.8243 -10.8161 4.0384 10.8301 14.9522 -18.0429 -69.1490 -31.8156 -9.1209 -0.1747 0.5674 -127.5948 6.9670 38.8371 38.3932 -14.7073 10.1610 15.0430 -60.0468 1.5312 2.5077 -13.9517 12.0280 11.7301 95.8704 -39.4052 -47.1854 1.7973 -0.2680 142.5096 6.5027 44.8036 -31.9947 15.6968 6.2341 -15.7701 49.0030 -3.6017 -5.2399 3.1317 -16.2727 8.0001 -0.0719 36.1104 -0.0311 -10.5935 -13.7813 12.6454 1.8235 -2.1655 -2.2785 4.0277 -23.3646 -21.1781 -0.2665 30.2283 -0.4496 -1.2967 -8.3155 -9.7468 -1.4515 1.7746 0.9289
-47.7900 97.4478 -5.1853 -0.0915 2.0888 1.2426 -1.2492 11.2840 -0.4725 -1.4466 0.1806 -1.4543 -5.1320 22.3345 -4.9865 17.3567 0.3033 -2.6160 -3.2896 -3.4120 -8.3542 7.1938 4.8933 -11.4690 -0.0448 -0.1566 0.0611 0.7431 -10.7887 -3.8848 -0.8179 -10.7781 4.0154 11.1557 14.8824 -17.7952 -67.8912 -32.7775 -10.0956 -0.3096 0.5713 -127.1287 6.6258 38.5621 38.1912 -14.7231 10.0844 14.9784 -59.9892 1.6346 2.4856 -13.7160 12.0427 11.6413 96.3866 -38.7355 -47.1668 1.7547 -0.4299 142.9575 5.2297 44.3338 -32.4693 15.8238 6.3216 -15.8971 49.0728 -3.6502 -5.3434 2.1290 -15.7882 5.6408 -0.0358 36.9077 0.0486 -9.6994 -15.5612 11.6919 1.8444 -2.6003 -2.2981 5.6228 -23.5761 -20.6321 -0.3243 30.6666 -0.5373 -2.4002 -8.2552 -9.6680 -1.4527 1.6940 0.9595
-48.7494 96.9204 -5.9624 -0.8475 1.9274 -0.3660 -1.4369 11.2698 -0.5132 -1.5124 0.1769 -1.4138 -5.1652 22.2841 -4.7602 17.7819 0.3534 -2.6242 -3.2267 -3.3944 -7.8907 7.7471 4.9535 -11.1652 -0.0513 -0.1499 0.0805 0.7323 -10.7582 -3.8476 -0.8232 -10.7363 4.0179 11.4222 14.7578 -17.4897 -66.5013 -33.6984 -11.1247 -0.2994 0.6981 -126.7354 6.2347 38.1622 37.6327 -14.6234 9.9905 14.9981 -59.8020 1.6458 2.6606 -13.4235 12.1058 11.6589 96.7471 -38.1148 -46.6690 1.6978 -0.4930 143.1666 4.1470 43.7262 -32.5499 16.0206 6.3637 -15.9705 49.2120 -3.6013 -5.3454 2.1758 -15.4966 3.0129 -0.0197 36.9737 0.1781 -8.5170 -17.2608 12.8823 1.8392 -2.5732 -2.2376 7.3960 -24.0088 -20.2927 -0.3668 31.4899 -0.5841 -3.7318 -8.2355 -9.2756 -1.4559 1.5328 0.9710
-49.7311 96.2706 -6.8276 -1.6140 1.6681 -2.2437 -1.7107 11.3510 -0.4279 -1.6531 0.1546 -1.3761 -5.2440 22.2636 -4.4737 18.2111 0.4036 -2.7193 -2.9542 -3.4563 -7.4902 8.1942 4.9794 -10.5846 -0.0638 -0.1382 0.0945 0.7358 -10.7093 -3.8141 -0.8517 -10.6906 4.0179 11.7053 14.8295 -17.2745 -64.8864 -34.7681 -12.2222 -0.1255 0.6941 -126.2365 6.2780 37.5551 37.3927 -14.7179 9.9553 14.9672 -59.8156 1.6698 2.7077 -13.0360 12.1774 11.5418 96.6120 -37.8111 -45.1741 1.4014 -0.5041 143.2400 2.9147 43.7550 -33.1007 15.9891 6.4361 -16.1356 49.2330 -3.5690 -5.3389 3.0963 -15.6142 1.4016 0.0332 37.5137 0.2317 -8.8671 -19.1553 15.3011 1.7846 -1.4779 -2.2254 9.2741 -24.5369 -20.1396 -0.4195 32.6580 -0.6374 -5.1225 -8.3104 -8.6918 -1.4552 1.3752 0.9232
-50.6725 95.6693 -7.7655 -2.0404 1.3181 -4.2611 -2.1705 11.4520 -0.3376 -1.8909 0.1982 -1.2091 -5.6516 22.3117 -4.3582 18.8204 0.4388 -2.8853 -2.8160 -3.5005 -6.9422 8.9536 5.0356 -10.0850 -0.0413 -0.1430 0.0589 0.7664 -10.6532 -3.8356 -0.8364 -10.6414 3.9596 11.8996 14.8594 -17.1175 -63.3736 -35.8542 -12.9024 -0.1043 0.8172 -125.6220 6.2200 36.8903 37.1466 -14.8129 9.9493 15.0114 -59.8558 1.7270 2.6574 -12.6965 12.3733 11.5702 97.0207 -37.6542 -44.2709 1.3065 -0.5455 143.1499 1.9430 44.4409 -33.8390 16.1561 6.5309 -16.1547 49.5800 -3.5158 -5.3544 4.0743 -16.4679 1.2731 0.0432 39.4295 0.1688 -9.9171 -20.0545 16.6404 1.7614 -0.8417 -2.2169 10.8757 -25.1979 -20.2277 -0.5006 34.0836 -0.7682 -6.4594 -8.2527 -7.5339 -1.4498 1.1974 0.9189
-51.6451 95.2070 -8.8324 -2.2985 0.9491 -6.4169 -2.6230 11.5630 -0.2651 -2.1586 0.2018 -1.0070 -6.2758 22.4181 -4.2253 19.3039 0.5155 -3.1112 -2.7191 -3.4502 -6.2496 9.9276 5.0857 -9.7293 -0.0766 -0.1296 0.1015 0.7344 -10.6153 -3.7763 -0.8747 -10.5882 3.9960 12.0126 14.9266 -17.0861 -62.4339 -36.9087 -12.9517 -0.2419 1.1603 -124.8965 5.9935 36.2013 37.0549 -14.8902 9.9933 15.0860 -59.8859 1.7608 2.6474 -12.6442 12.4528 11.5971 97.2957 -37.2480 -43.1422 1.1240 -0.4928 142.9822 1.2043 45.4066 -34.5838 16.2656 6.5826 -16.1461 49.7441 -3.5114 -5.4093 5.0536 -17.3479 2.2878 -0.0341 41.1753 0.0031 -10.9403 -20.3687 16.9781 1.7550 -0.4487 -2.2242 12.3288 -25.8561 -20.9054 -0.5299 35.5803 -0.8726 -7.4950 -7.6350 -5.8783 -1.4559 0.7770 0.9080
-52.6563 94.9721 -9.9525 -2.5746 0.7225 -8.7764 -3.0635 11.4922 -0.1995 -2.4370 0.2673 -0.7475 -6.9542 22.5515 -4.1322 19.5883 0.6284 -3.1216 -2.5896 -3.4497 -5.8213 10.8167 5.1767 -9.2095 -0.0285 -0.1450 0.0195 0.7885 -10.5784 -3.8394 -0.8314 -10.5577 3.8770 11.9808 14.7965 -16.9524 -62.1964 -37.8082 -12.4050 -0.6016 1.4757 -124.1630 6.1367 36.0339 36.8649 -15.0245 10.0185 15.0751 -59.9218 1.8215 2.6232 -12.7742 12.6373 11.6638 97.4748 -36.9772 -41.9435 1.0452 -0.5087 142.6963 0.6935 46.6012 -34.9088 16.2738 6.7187 -16.0873 50.3009 -3.3682 -5.3985 6.1116 -17.9242 3.9575 -0.1002 41.9042 -0.1609 -11.7258 -20.4525 17.2288 1.7759 0.2549 -2.1379 13.8751 -26.6533 -22.1114 -0.6222 37.3244 -0.9790 -7.5033 -6.1354 -2.9614 -1.4385 0.0814 0.9814
-53.4575 95.0416 -10.9687 -2.8393 0.5176 -10.9000 -3.5291 11.3955 -0.0813 -2.6056 0.2741 -0.5988 -7.5102 22.7365 -4.1211 19.4910 0.8733 -3.0760 -2.3071 -3.5099 -5.4039 11.5359 5.6771 -8.6549 -0.0566 -0.1292 0.0554 0.7434 -10.6058 -3.7985 -0.8410 -10.5668 3.9175 11.6130 14.7414 -16.9928 -61.7270 -38.3607 -12.2522 -0.6093 1.4637 -123.2718 6.8994 36.0940 36.8329 -15.1097 10.0752 15.1202 -60.0934 1.8500 2.5816 -12.9735 12.6984 11.7167 97.1466 -36.4120 -40.3264 0.9940 -0.3843 142.3549 0.6723 48.0952 -34.6070 15.9923 6.8115 -16.2072 50.1200 -3.4539 -5.5408 7.1629 -17.6260 5.7090 -0.1467 40.7344 -0.2154 -12.2190 -19.9433 17.1651 1.7389 0.6825 -2.1348 14.8699 -27.5960 -23.8329 -0.5351 39.5455 -1.0582 -5.2180 -3.5875 1.3364 -1.4102 -1.1553 0.9596
-54.3983 95.3875 -11.8191 -3.0332 0.2216 -12.4429 -3.8920 11.2619 -0.1064 -2.6966 0.2752 -0.5067 -8.0521 22.8423 -4.2208 19.0217 1.4440 -2.8334 -2.1333 -3.4972 -5.2565 12.0686 6.1524 -8.2153 -0.0454 -0.1320 0.0376 0.7440 -10.6395 -3.8193 -0.8182 -10.6093 3.9006 11.1779 14.5415 -17.0127 -61.1821 -38.5066 -12.5021 -0.5936 1.5601 -122.0730 7.5023 35.9751 36.4732 -15.1495 10.1952 15.2230 -60.3158 1.8491 2.5522 -13.1995 12.8309 11.6872 96.4621 -35.4404 -38.7349 1.0227 -0.2706 142.3308 1.0046 49.4779 -34.0685 15.8983 6.8489 -16.1448 50.1541 -3.4294 -5.6183 8.2660 -16.9690 7.1174 -0.1436 39.0177 -0.2130 -12.5347 -18.7525 17.0083 1.7231 0.9248 -2.0704 14.6913 -28.5791 -25.4376 -0.4117 42.5109 -0.9603 1.9946 -1.1402 7.0823 -1.3503 -1.7111 0.9735
-55.5852 95.7994 -12.4421 -2.9656 -0.3852 -13.3070 -4.1296 11.2020 -0.1861 -2.7195 0.1807 -0.5022 -8.4668 22.7998 -4.3605 18.0327 2.4113 -2.3759 -2.0747 -3.4384 -5.2432 12.3565 6.5804 -8.0165 -0.0453 -0.1250 0.0344 0.7334 -10.7022 -3.8374 -0.8054 -10.6853 3.9116 10.8522 14.5215 -16.9753 -60.6446 -38.3648 -13.3825 -0.3024 1.6724 -120.4450 7.8226 35.9084 35.8880 -15.0531 10.3675 15.2738 -60.5098 1.7886 2.4114 -13.6845 13.1178 11.4369 95.6329 -34.0089 -37.3246 0.9730 -0.2377 142.5380 1.7121 50.5276 -33.0501 15.8756 6.8127 -16.0274 50.0557 -3.4309 -5.6319 9.2207 -15.6228 8.1759 -0.1816 36.8697 -0.2783 -12.7690 -17.3553 16.5377 1.7120 0.9128 -2.0031 12.5318 -29.1880 -25.6531 -0.2675 45.7322 -0.6235 8.9608 -0.8358 10.9718 -1.2803 -1.5185 0.9990
-56.9492 96.1588 -12.8758 -2.8035 -1.1480 -13.6517 -4.1339 11.1278 -0.2610 -2.6532 0.0797 -0.4887 -8.6678 22.6052 -4.5041 16.8545 3.4008 -1.9994 -2.0658 -3.3583 -5.2334 12.3338 6.8049 -7.9299 -0.0278 -0.1235 0.0029 0.7427 -10.7533 -3.8917 -0.7781 -10.7442 3.8942 10.6163 14.3726 -16.8872 -60.2309 -37.8593 -14.4299 0.0197 1.5321 -118.8642 7.7012 35.9009 35.0291 -14.9744 10.5138 15.3801 -60.6073 1.7161 2.3150 -14.0747 13.3701 11.1472 94.5416 -32.5119 -36.5693 1.0234 -0.2450 142.9030 2.5631 50.9459 -31.6957 15.8802 6.7736 -15.9277 49.9780 -3.4177 -5.5961 10.1499 -13.9430 8.6080 -0.1838 34.7181 -0.3268 -13.0944 -16.0502 15.9897 1.7032 0.8711 -1.9705 8.7468 -29.5191 -24.2224 -0.2522 49.4080 -0.4639 8.8665 -2.3546 8.8358 -1.3397 -1.5156 0.9403
-58.4134 96.3461 -13.2260 -2.6490 -1.8471 -13.7610 -3.9751 11.0302 -0.3232 -2.5189 -0.0618 -0.4918 -8.6085 22.3696 -4.5179 15.7548 3.9936 -1.7886 -2.1051 -3.3214 -5.2063 12.1060 6.8561 -7.9258 -0.0110 -0.1306 -0.0252 0.7570 -10.7717 -3.9324 -0.7569 -10.7721 3.8688 10.5087 14.1859 -16.6802 -59.7393 -37.3259 -15.4897 0.2636 1.2814 -117.7470 7.1528 36.0999 34.1784 -14.9171 10.5834 15.4740 -60.6385 1.6949 2.2873 -14.3308 13.4982 10.9576 93.2246 -31.2310 -36.5238 1.0934 -0.2828 143.2902 3.2213 50.3747 -30.3640 15.8936 6.7553 -15.9086 49.8332 -3.4371 -5.5181 11.2100 -12.4907 8.7388 -0.1590 33.0027 -0.3145 -13.5636 -14.9653 15.3681 1.6937 0.8659 -1.9552 3.8152 -29.4835 -21.4735 -0.1888 52.3666 -0.2642 5.7486 -4.2054 3.5916 -1.4212 -1.4526 0.8742
-60.1419 96.2839 -13.6209 -2.4580 -2.3155 -13.7743 -3.7708 10.8818 -0.3925 -2.3787 -0.1678 -0.4128 -8.3448 22.1190 -4.4730 14.9173 3.9872 -1.6369 -2.2514 -3.3420 -5.2570 11.8536 6.6463 -8.1508 -0.0190 -0.1434 -0.0132 0.7525 -10.7346 -3.9123 -0.7675 -10.7363 3.8711 10.6856 13.9303 -16.3523 -59.0877 -37.0098 -16.4281 0.3657 1.0270 -117.3170 6.1995 36.4919 33.4499 -15.0060 10.5705 15.5372 -60.6714 1.7053 2.3419 -14.5026 13.5115 10.8875 91.8593 -30.3057 -37.2141 1.0769 -0.2619 143.6460 3.7780 49.4276 -28.9447 15.8568 6.7747 -15.9369 49.6912 -3.4574 -5.4128 12.3965 -11.6880 8.8579 -0.1348 31.9707 -0.2658 -14.2648 -13.9741 14.6229 1.6876 0.9050 -1.9385 -1.7441 -29.0029 -17.9174 0.0768 53.4480 0.2280 3.2573 -5.2814 -1.4899 -1.4538 -1.4194 0.8519
-62.0184 96.0553 -14.1148 -2.1975 -2.5441 -13.7625 -3.5667 10.7438 -0.3960 -2.2390 -0.2495 -0.3119 -8.0155 21.9356 -4.4127 14.3352 3.5403 -1.5243 -2.4649 -3.3926 -5.3179 11.6410 6.2187 -8.4665 -0.0315 -0.1459 0.0099 0.7529 -10.6862 -3.8752 -0.7937 -10.6832 3.8825 11.2245 13.6517 -15.9576 -58.1316 -36.9846 -17.3107 0.4312 0.8005 -117.4651 4.9516 36.9044 32.8212 -15.2052 10.4881 15.5691 -60.6999 1.6987 2.4314 -14.6425 13.4925 10.9402 90.4943 -29.8120 -38.4761 0.9847 -0.2948 143.9733 4.2789 48.4732 -27.4702 15.7780 6.8014 -15.9947 49.5761 -3.4668 -5.3798 13.6685 -11.5570 9.0655 -0.1304 31.5399 -0.2206 -15.2146 -12.9643 13.8165 1.6852 0.9588 -1.9270 -7.2472 -28.0540 -14.2260 0.4140 52.4653 0.8267 1.7212 -5.2740 -5.3538 -1.4719 -1.5220 0.8436
-64.1508 95.7087 -14.7499 -1.8707 -2.5655 -13.7299 -3.3683 10.6039 -0.3764 -2.1223 -0.2867 -0.1442 -7.7212 21.7771 -4.4452 13.8990 2.8432 -1.3712 -2.7202 -3.4321 -5.3966 11.5067 5.7464 -8.7967 -0.0302 -0.1462 0.0139 0.7658 -10.6426 -3.8628 -0.8039 -10.6348 3.8743 12.0365 13.2975 -15.4968 -56.9114 -37.0783 -18.1194 0.4664 0.7260 -118.0193 3.3857 37.5033 32.2509 -15.4437 10.4086 15.5834 -60.6942 1.6835 2.5232 -14.7346 13.4994 11.1187 89.1179 -29.7333 -39.8907 0.8736 -0.2736 144.2375 4.7227 47.6267 -26.0922 15.8045 6.7908 -16.0681 49.5488 -3.4971 -5.3977 15.0394 -11.8887 9.2364 -0.1355 31.3632 -0.2086 -16.4242 -11.7619 13.0855 1.6860 0.9867 -1.9364 -12.2041 -26.4971 -10.8393 0.6157 49.4848 1.2936 0.3890 -4.7888 -8.5941 -1.5033 -1.6751 0.8328
-66.5761 95.2252 -15.4699 -1.4951 -2.4038 -13.7019 -3.1866 10.4954 -0.3534 -2.0271 -0.3073 0.0582 -7.4533 21.6203 -4.5051 13.4379 2.0855 -1.2030 -2.9215 -3.4474 -5.4098 11.4082 5.2842 -9.0805 -0.0229 -0.1435 0.0070 0.7886 -10.6261 -3.8698 -0.8124 -10.6149 3.8620 13.1016 12.9541 -14.9255 -55.5807 -37.3695 -18.7732 0.5316 0.6368 -118.9173 1.4907 38.2670 31.7481 -15.6372 10.3071 15.5361 -60.6254 1.6559 2.5657 -14.8626 13.5760 11.3868 87.6982 -29.9451 -41.3484 0.6680 -0.2193 144.4777 5.0185 47.0470 -24.7488 15.9569 6.7946 -16.1699 49.6141 -3.5497 -5.4958 16.5755 -12.5351 9.3633 -0.1553 31.2333 -0.2625 -17.9562 -10.3375 12.4534 1.6848 1.0478 -1.9697 -16.2557 -24.1771 -8.0833 0.6298 44.2265 1.5687 -0.9495 -3.7864 -11.1265 -1.5474 -1.8012 0.8244
-69.4070 94.6104 -16.3006 -1.1365 -2.0524 -13.7909 -3.0176 10.4828 -0.2751 -1.9726 -0.3359 0.2075 -7.1659 21.4514 -4.3968 12.8562 1.3512 -0.9775 -2.9800 -3.4570 -5.4401 11.2418 4.6838 -9.2634 -0.0242 -0.1386 0.0107 0.8208 -10.6239 -3.8686 -0.8481 -10.6116 3.8655 14.3836 12.5163 -14.2874 -54.4187 -37.8531 -19.0032 0.5647 0.4070 -119.9927 -0.7611 39.4880 31.2016 -15.7053 10.2090 15.4192 -60.4468 1.6548 2.5265 -14.9420 13.8951 11.7080 86.3339 -30.6340 -42.8692 0.4122 -0.1173 144.6551 5.0311 46.7902 -23.4568 16.1607 6.8136 -16.2412 49.7244 -3.5823 -5.6491 18.3713 -13.4258 9.4183 -0.2258 31.0315 -0.3983 -19.8604 -8.5953 12.0278 1.6785 1.1154 -2.0353 -18.9328 -21.4104 -6.2956 0.4777 37.0584 1.6419 -0.3164 -1.8641 -11.8978 -1.5898 -1.5498 0.8611
-72.6941 93.9293 -17.2929 -0.9099 -1.4608 -13.9697 -2.8764 10.4563 -0.0926 -1.9463 -0.3376 0.0452 -6.8478 21.1933 -3.9745 12.1701 0.8011 -0.7420 -2.8353 -3.4695 -5.3855 10.9089 3.6284 -9.1488 -0.0355 -0.1353 0.0305 0.8553 -10.5546 -3.8269 -0.9076 -10.5402 3.8653 15.7646 11.8347 -13.7640 -53.6280 -38.3577 -18.6731 0.5192 0.1534 -120.7936 -3.0199 40.7412 30.4999 -15.8145 10.1613 15.2827 -60.4929 1.7005 2.5089 -14.8941 14.4284 12.0647 85.3994 -31.9212 -44.3743 0.2842 0.0891 144.6383 5.2189 46.7285 -22.1068 16.0673 6.7199 -16.3342 49.4865 -3.6008 -5.7666 20.5075 -14.5018 9.2580 -0.3733 30.5276 -0.6466 -22.0051 -6.2584 11.6792 1.6675 0.9258 -2.0179 -19.9460 -19.4782 -6.6413 0.2999 30.4993 1.7276 9.7689 0.0472 -10.1306 -1.5451 -0.7885 0.9859
-76.2547 93.3455 -18.6973 -0.9721 -0.7448 -13.9640 -2.5705 10.7207 -0.1112 -2.0403 -0.3558 0.1590 -6.5199 21.0537 -3.8371 11.6799 0.0472 -0.6654 -2.8625 -3.3631 -4.9968 10.7677 2.6210 -9.0593 -0.0509 -0.1468 0.0819 0.8289 -10.5356 -3.7611 -0.9135 -10.5184 3.9090 16.7035 11.6551 -13.3031 -52.2362 -39.7162 -18.3180 0.2537 0.2258 -121.3640 -5.7841 40.8679 29.5195 -15.6203 10.2002 15.4971 -60.5551 1.5955 2.7333 -14.5288 14.6365 12.7361 84.1990 -33.5601 -44.4512 -0.0834 0.2080 144.2459 5.0628 47.2200 -21.8086 16.0207 6.7256 -16.4996 49.5708 -3.5161 -5.8045 23.1647 -15.6590 8.0281 -0.3715 29.7953 -0.6755 -24.0387 -2.9205 11.2087 1.7254 0.5614 -1.9714 -18.4934 -21.0082 -10.8639 0.3645 30.4260 1.4182 17.7795 -3.4856 -6.7864 -1.4880 0.4804 1.0505
-79.9019 93.0899 -20.4696 -1.4880 0.0808 -13.8765 -2.1156 11.1242 -0.0704 -2.1785 -0.1007 0.3154 -6.1154 21.2592 -3.9391 11.5025 -1.1438 -0.8034 -2.5187 -3.3719 -4.5579 10.3539 2.0188 -8.5509 -0.0360 -0.1499 0.0542 0.8281 -10.4887 -3.7833 -0.8838 -10.4746 3.8766 17.3327 11.5375 -13.1504 -50.7734 -41.4323 -18.0681 0.1608 0.3728 -121.4170 -8.3263 40.3425 28.3097 -15.4580 10.1018 15.4901 -60.2881 1.4510 2.8155 -13.8577 14.7915 13.6397 83.8852 -35.7577 -44.3180 -0.1760 0.1711 143.4505 5.3856 49.0220 -21.8123 15.7687 6.8638 -16.5956 49.5380 -3.4299 -5.7758 26.3315 -16.5844 5.9592 -0.4001 28.1747 -0.9988 -25.4823 2.4654 10.8103 1.7582 -0.5748 -2.0038 -14.9697 -24.5510 -15.5788 0.5168 34.6650 1.3503 16.9965 -7.2528 -3.5217 -1.4710 1.1604 0.9783
-83.5439 93.1914 -22.2890 -1.8127 1.0730 -13.1108 -1.9785 11.4146 -0.1479 -2.4037 0.1898 0.3195 -5.8634 21.7926 -4.2726 12.2376 -2.2217 -1.1614 -2.1795 -3.3380 -4.4310 9.7935 1.9165 -7.9328 -0.0490 -0.1395 0.0679 0.7977 -10.5040 -3.7834 -0.8799 -10.4982 3.9199 17.8495 11.9372 -13.4304 -49.9225 -43.4569 -17.6840 -0.0610 0.4510 -120.8803 -9.6937 39.6038 27.6153 -15.5533 10.1073 15.5342 -60.3065 1.3824 2.8921 -13.1469 14.6931 14.1868 84.7372 -37.3276 -44.0204 0.1287 0.0143 142.3643 5.8450 51.5898 -22.3374 15.6442 6.8266 -16.4072 49.5218 -3.4401 -5.6318 29.1397 -16.8696 3.0534 -0.3783 25.0639 -1.2688 -24.9623 9.5715 10.1548 1.8109 -2.2295 -2.1088 -11.1099 -27.2890 -19.3886 0.5629 38.3265 1.2254 14.4591 -9.6105 -2.0713 -1.4626 1.5310 0.9047
-87.1574 93.4794 -23.9599 -1.8543 2.0504 -11.6860 -2.0566 11.6274 -0.3105 -2.5787 0.4191 -0.0583 -5.8136 22.2230 -4.6466 13.6276 -2.5338 -1.6373 -2.0379 -3.3163 -4.1466 9.3549 2.1856 -7.6115 -0.0448 -0.1238 0.0547 0.7576 -10.5570 -3.8169 -0.8331 -10.5634 3.9350 18.0771 12.4685 -14.0885 -50.2943 -45.0620 -17.1458 -0.3142 0.5902 -119.9689 -9.7431 39.0423 27.4931 -15.5293 10.2256 15.5976 -60.4817 1.3979 2.8237 -12.2845 14.4855 14.5645 86.3046 -38.0932 -43.9506 0.9196 0.2081 141.1893 6.7212 54.3960 -22.6915 15.6091 6.8173 -16.2232 49.5462 -3.5037 -5.6159 30.8472 -16.4758 -0.3878 -0.2930 21.4231 -1.3873 -20.5604 15.3925 11.3776 1.8249 -2.7218 -2.1712 -7.4860 -28.5677 -22.6204 0.4951 40.2031 0.9250 11.8236 -11.4637 -1.7591 -1.4672 1.6681 0.8726
-90.5271 93.8395 -25.4258 -1.7157 2.8033 -10.2157 -2.0679 11.8076 -0.4615 -2.6754 0.5958 -0.4491 -5.8094 22.6522 -5.0442 14.8183 -2.5803 -1.9973 -2.0048 -3.3517 -3.9850 8.9610 2.2804 -7.4322 -0.0253 -0.1170 0.0169 0.7429 -10.6055 -3.8675 -0.7793 -10.6277 3.9081 17.7250 12.9076 -14.8325 -51.6676 -46.2655 -16.3336 -0.6261 0.7750 -119.4121 -8.7468 38.3214 27.7550 -15.5175 10.4119 15.6788 -60.7000 1.4422 2.8141 -11.6831 14.0985 14.5619 87.9111 -38.3879 -43.8947 1.4484 0.3772 140.5969 6.6875 56.3777 -23.5518 15.5954 6.8456 -16.1625 49.6359 -3.4980 -5.6184 31.1949 -16.0412 -3.1824 -0.2030 18.8853 -1.3379 -14.5476 15.7751 13.6956 1.7938 -1.7972 -2.1363 -4.4029 -29.0079 -25.0271 0.3695 41.0912 0.6591 9.5088 -12.9029 -2.1599 -1.4647 1.6122 0.9292
-93.4680 94.2007 -26.6333 -1.3963 3.1618 -9.2349 -1.9779 12.0267 -0.5002 -2.6681 0.7857 -0.6632 -5.9085 23.0389 -5.3517 15.5656 -2.5870 -2.1756 -2.1000 -3.3660 -3.8365 8.6480 2.2080 -7.3958 -0.0242 -0.1246 0.0082 0.7326 -10.6450 -3.8785 -0.7674 -10.6796 3.9043 16.7680 13.2263 -15.4998 -53.5655 -46.7703 -15.2978 -0.7622 0.7185 -119.5544 -6.9119 37.6384 28.1907 -15.4475 10.5120 15.6679 -60.7150 1.5050 2.8376 -11.3790 13.6818 14.3988 89.5955 -38.6037 -44.2680 1.5771 0.3332 140.8128 5.3571 56.9540 -24.8042 15.6178 6.8454 -16.1543 49.7506 -3.4773 -5.6034 30.0764 -15.8831 -4.4265 -0.2158 18.0900 -1.1790 -12.9939 11.9546 13.7230 1.7796 -1.6464 -2.1476 -2.0526 -28.9031 -26.2740 0.2514 41.3583 0.4521 7.5803 -13.8744 -2.9168 -1.4563 1.6709 0.9446
-96.1168 94.5367 -27.6537 -0.8938 3.2124 -8.6968 -1.8722 12.2456 -0.4952 -2.5504 0.9064 -0.7817 -6.0619 23.3255 -5.4496 15.8763 -2.4779 -2.2121 -2.2451 -3.3667 -3.7065 8.2775 2.0246 -7.4516 -0.0373 -0.1294 0.0302 0.7207 -10.6722 -3.8525 -0.7816 -10.7048 3.9268 15.6186 13.4691 -15.9272 -55.7973 -46.5431 -14.0646 -0.7241 0.4296 -120.2787 -4.7548 36.8172 28.6260 -15.3012 10.5029 15.5548 -60.5532 1.5819 2.8109 -11.3409 13.3946 14.2836 91.2786 -38.8487 -45.0776 1.4645 0.1212 141.6063 3.1923 56.4525 -26.2021 15.6228 6.8162 -16.1761 49.6925 -3.4747 -5.6134 27.6398 -16.0802 -4.2813 -0.3116 18.8810 -1.1097 -13.5850 7.4241 12.3457 1.7592 -1.7610 -2.1768 -0.4359 -28.5384 -26.7269 0.1539 41.2946 0.2628 6.1397 -14.6125 -3.6288 -1.4535 1.7524 0.9543
-98.4319 94.8129 -28.5022 -0.3817 3.1023 -8.5000 -1.7330 12.3868 -0.5064 -2.3875 0.9427 -0.7857 -6.0819 23.4731 -5.3617 15.7568 -2.2171 -2.1314 -2.3225 -3.3953 -3.7057 7.8034 1.7375 -7.4833 -0.0421 -0.1288 0.0408 0.7225 -10.6752 -3.8393 -0.7930 -10.7053 3.9353 14.5942 13.6842 -15.9814 -57.8460 -45.8183 -12.9868 -0.6693 0.1337 -121.2352 -2.9290 36.0300 29.0245 -15.1860 10.4452 15.4402 -60.4072 1.5997 2.7499 -11.4926 13.2786 14.2580 92.3437 -39.1974 -45.4992 1.2833 -0.1066 142.3652 1.3730 55.7662 -27.5617 15.6179 6.7635 -16.1852 49.5125 -3.4810 -5.6209 24.6042 -16.3757 -3.6188 -0.3806 20.8711 -1.0226 -13.3335 2.6199 11.3004 1.7378 -1.8435 -2.1567 0.7905 -28.0208 -26.9558 0.0770 41.0364 0.1005 5.0348 -15.2092 -4.0634 -1.4507 1.7343 0.9680
-100.5207 95.0469 -29.2341 0.0475 2.9366 -8.5278 -1.5868 12.4300 -0.5135 -2.2128 0.9027 -0.7071 -5.9195 23.5040 -5.1360 15.3933 -1.8835 -2.0062 -2.3181 -3.4139 -3.8586 7.3481 1.4361 -7.4887 -0.0358 -0.1225 0.0323 0.7358 -10.6719 -3.8527 -0.7934 -10.7011 3.9274 13.7699 13.8706 -15.7768 -59.5613 -44.7856 -12.1075 -0.6488 -0.0151 -122.3309 -1.6730 35.5852 29.3505 -15.1556 10.3768 15.3610 -60.4140 1.6109 2.7205 -11.6910 13.2594 14.2750 92.7281 -39.6116 -45.3153 1.1102 -0.2222 142.7015 0.2476 55.3004 -28.8276 15.6659 6.7622 -16.1335 49.4398 -3.4889 -5.5746 21.6007 -16.6193 -3.1243 -0.4028 23.5070 -0.9154 -12.6526 -1.9612 10.6720 1.7234 -1.9273 -2.1369 1.8401 -27.3996 -27.2745 0.0007 40.6257 -0.0573 4.0381 -15.6719 -4.1682 -1.4474 1.6550 0.9741
-102.3063 95.2838 -29.8499 0.3816 2.7581 -8.6430 -1.4503 12.3590 -0.4866 -2.0399 0.8218 -0.5878 -5.6545 23.4904 -4.8718 14.9852 -1.5177 -1.9316 -2.3184 -3.4135 -4.0080 7.0267 1.1995 -7.5320 -0.0267 -0.1172 0.0202 0.7471 -10.6443 -3.8627 -0.7868 -10.6756 3.9098 13.0574 13.9577 -15.4563 -61.0127 -43.5585 -11.3191 -0.7158 -0.0050 -123.4338 -0.7899 35.3155 29.5450 -15.1525 10.3095 15.2955 -60.4381 1.6338 2.7212 -11.8788 13.3068 14.3243 92.9660 -40.0163 -45.0179 1.1455 -0.2834 142.6585 -0.5172 55.1567 -30.0992 15.6764 6.8125 -16.0879 49.4930 -3.4742 -5.5385 18.8193 -16.8013 -2.9027 -0.3821 26.2262 -0.8025 -11.9389 -5.9269 10.2014 1.7201 -2.0120 -2.1496 2.7983 -26.6781 -27.6936 -0.0780 40.0919 -0.2108 3.0759 -16.0470 -4.0747 -1.4450 1.5450 0.9779
-103.8571 95.5031 -30.3316 0.6378 2.5555 -8.8555 -1.3271 12.2141 -0.4213 -1.8731 0.7102 -0.4645 -5.3609 23.4805 -4.5970 14.5850 -1.0949 -1.8693 -2.3289 -3.4086 -4.1990 6.8365 1.0890 -7.6167 -0.0278 -0.1133 0.0262 0.7483 -10.6263 -3.8559 -0.7909 -10.6523 3.9155 12.4344 13.9502 -15.1398 -62.1935 -42.1817 -10.6539 -0.8009 0.0734 -124.4690 -0.0693 35.2932 29.7874 -15.1147 10.2167 15.2463 -60.3479 1.6391 2.7196 -12.0535 13.3871 14.3983 93.1783 -40.3340 -44.7179 1.2893 -0.3474 142.4926 -1.0905 55.1813 -31.4076 15.6148 6.8267 -16.0654 49.4799 -3.4981 -5.4905 16.1981 -16.9542 -2.6327 -0.3388 28.7544 -0.6962 -11.1199 -9.1380 9.9472 1.7197 -2.1158 -2.1808 3.6597 -25.8591 -28.1163 -0.1386 39.4252 -0.3436 2.1476 -16.3025 -3.8727 -1.4408 1.4151 0.9761
-105.2167 95.7551 -30.7590 0.8064 2.2985 -9.0158 -1.2012 12.0414 -0.3828 -1.7256 0.5960 -0.3320 -5.1236 23.4625 -4.3483 14.2692 -0.5863 -1.8353 -2.3518 -3.4057 -4.3906 6.7242 1.0901 -7.7209 -0.0352 -0.1136 0.0371 0.7365 -10.6140 -3.8439 -0.7947 -10.6330 3.9281 11.8814 13.8949 -14.8230 -63.0057 -40.6932 -10.3139 -0.8552 0.1834 -125.3326 0.5412 35.7066 30.1245 -15.0816 10.1385 15.2355 -60.2610 1.6426 2.7449 -12.1534 13.4797 14.4007 93.3418 -40.4758 -44.3502 1.5408 -0.3482 142.3996 -1.6282 55.3671 -32.7139 15.5732 6.8536 -16.0836 49.5547 -3.5038 -5.4973 13.8032 -17.0254 -2.3774 -0.2688 30.7274 -0.5512 -10.0972 -11.6274 9.8639 1.7202 -2.2339 -2.2125 4.4557 -24.8264 -28.5512 -0.1830 38.5180 -0.4440 1.2720 -16.3887 -3.7182 -1.4353 1.2608 0.9641
-106.5163 96.0005 -31.1048 0.9064 1.9674 -9.1382 -1.0552 11.8709 -0.3399 -1.5937 0.4446 -0.2452 -4.9404 23.4474 -4.1357 13.9284 0.0450 -1.7522 -2.3627 -3.4129 -4.6704 6.6741 1.1620 -7.8388 -0.0452 -0.1142 0.0503 0.7224 -10.6256 -3.8347 -0.7994 -10.6346 3.9463 11.4021 13.8199 -14.5349 -63.6145 -39.1364 -10.1808 -0.8536 0.2898 -125.9757 1.0370 36.4210 30.5290 -15.0454 10.0713 15.1912 -60.1399 1.6116 2.7803 -12.3169 13.5475 14.2744 93.3277 -40.4363 -43.8592 1.7823 -0.3084 142.3786 -2.1839 55.5486 -34.1233 15.5435 6.8308 -16.0853 49.5956 -3.5201 -5.5029 11.5143 -17.0755 -1.9333 -0.1928 32.2820 -0.4014 -8.9710 -13.4504 9.9698 1.7173 -2.3393 -2.2379 5.1499 -23.6012 -28.8411 -0.2151 37.4137 -0.5274 0.4121 -16.2846 -3.6968 -1.4325 1.1200 0.9500
-107.8413 96.2822 -31.4372 0.9854 1.5535 -9.1976 -0.9172 11.7081 -0.2944 -1.4863 0.3027 -0.1822 -4.8349 23.3885 -3.9406 13.5739 0.8052 -1.6707 -2.3770 -3.4018 -4.9954 6.6520 1.3700 -7.9949 -0.0523 -0.1134 0.0604 0.7130 -10.6461 -3.8332 -0.8035 -10.6479 3.9650 10.9751 13.7818 -14.3099 -63.9847 -37.5699 -10.3169 -0.7339 0.3139 -126.4376 1.6030 37.4468 31.0302 -14.9866 10.0084 15.1336 -59.9537 1.5737 2.8096 -12.5287 13.6461 14.0528 93.2635 -40.2265 -43.4823 2.0357 -0.2110 142.4886 -2.4722 55.7459 -35.4506 15.5828 6.7518 -16.0240 49.6562 -3.5257 -5.4832 9.2168 -17.1317 -1.3691 -0.1246 33.5517 -0.2755 -7.9348 -14.6212 9.9858 1.7141 -2.4738 -2.2661 5.7188 -22.2384 -29.0130 -0.2367 36.1766 -0.5951 -0.4258 -16.0404 -3.7907 -1.4320 0.9950 0.9206
-109.0733 96.5319 -31.7468 1.0757 1.0971 -9.2227 -0.8296 11.5776 -0.2588 -1.3958 0.1528 -0.1761 -4.7757 23.2285 -3.7520 13.2190 1.6815 -1.5483 -2.4090 -3.3814 -5.3413 6.6257 1.5795 -8.2248 -0.0474 -0.1089 0.0524 0.7148 -10.6681 -3.8487 -0.7953 -10.6624 3.9616 10.6402 13.7225 -14.0998 -64.2426 -36.1108 -10.6544 -0.5542 0.2875 -126.6831 2.1734 38.4444 31.4024 -14.9046 9.9763 15.0768 -59.7853 1.5780 2.8109 -12.8530 13.7630 13.7756 93.0920 -39.8311 -43.2688 2.2544 -0.1545 142.6696 -2.5767 55.7642 -36.6926 15.6674 6.6552 -15.9366 49.7335 -3.5305 -5.4564 6.8234 -17.2710 -0.5280 -0.0529 34.7485 -0.1292 -6.8419 -15.3452 9.8918 1.7213 -2.6352 -2.2803 6.1761 -20.9042 -29.0606 -0.2589 34.9922 -0.6698 -1.2875 -15.7429 -3.9187 -1.4374 0.8802 0.8915
-110.2542 96.7174 -32.0265 1.1626 0.6362 -9.2322 -0.7979 11.4245 -0.2566 -1.3298 0.0054 -0.1506 -4.7319 23.0136 -3.5629 12.8524 2.5307 -1.4156 -2.4588 -3.3617 -5.6882 6.6025 1.7060 -8.4647 -0.0386 -0.1071 0.0377 0.7235 -10.6972 -3.8736 -0.7859 -10.6901 3.9516 10.3933 13.6508 -13.9152 -64.2735 -34.9530 -11.1885 -0.4215 0.2686 -126.7246 2.6505 39.3476 31.5501 -14.8762 9.9594 15.0728 -59.6646 1.6045 2.8359 -13.1816 13.9122 13.4268 92.9831 -39.3978 -43.4263 2.4259 -0.1200 142.8074 -2.3304 55.5502 -37.4347 15.7372 6.5733 -15.8228 49.7916 -3.4964 -5.4233 4.4347 -17.4057 0.5936 0.0195 35.9229 0.0143 -6.1003 -15.8679 9.4334 1.7297 -2.7581 -2.2825 6.5716 -19.7447 -29.0407 -0.2925 34.0808 -0.7579 -2.1690 -15.4249 -3.9936 -1.4400 0.7274 0.8664
-111.3752 96.8241 -32.3150 1.2260 0.2155 -9.3317 -0.8342 11.2582 -0.2693 -1.2878 -0.1612 -0.0994 -4.7232 22.7226 -3.3908 12.5408 3.2977 -1.3067 -2.5563 -3.3522 -5.9409 6.5816 1.6735 -8.6479 -0.0270 -0.1034 0.0190 0.7385 -10.6834 -3.8945 -0.7785 -10.6766 3.9305 10.2355 13.4930 -13.6945 -64.2300 -34.0910 -11.7479 -0.4231 0.3056 -126.6206 2.7884 39.9859 31.3854 -14.8689 9.9175 15.0354 -59.5789 1.6528 2.8076 -13.4469 14.1028 13.0536 92.8502 -38.9959 -43.5977 2.5230 -0.0735 142.8469 -2.2145 55.3801 -37.8911 15.7597 6.5528 -15.7577 49.7882 -3.4634 -5.4115 2.1973 -17.3369 2.0233 0.0758 36.8542 0.1406 -5.7784 -16.0884 8.5861 1.7435 -2.8936 -2.2631 6.9830 -18.9105 -29.0399 -0.3527 33.7043 -0.8779 -3.0950 -15.0675 -3.8801 -1.4441 0.5360 0.8675
-112.4485 96.9359 -32.6125 1.2725 -0.1698 -9.6372 -0.9347 11.0510 -0.2761 -1.2710 -0.3760 -0.0102 -4.7794 22.4816 -3.2344 12.2574 3.8920 -1.2715 -2.6747 -3.2719 -5.9565 6.5583 1.5061 -8.7575 -0.0480 -0.0832 0.0448 0.7192 -10.6463 -3.8651 -0.8016 -10.6340 3.9567 10.1037 13.4453 -13.4766 -63.9372 -33.7080 -12.3468 -0.5113 0.4979 -126.3951 2.5515 40.6345 31.0055 -14.8715 9.9011 15.0148 -59.5971 1.7162 2.7922 -13.6430 14.2066 12.6653 92.6031 -38.5351 -43.5965 2.4623 -0.0540 142.8559 -2.1699 55.3423 -38.2648 15.8024 6.5297 -15.6968 49.7481 -3.4143 -5.3685 0.2920 -16.8269 3.5720 0.0852 37.3198 0.1742 -5.5936 -16.3064 7.7444 1.7584 -2.9157 -2.2347 7.4014 -18.5695 -29.3357 -0.3991 34.1896 -1.0079 -3.9892 -14.4037 -3.3809 -1.4573 0.0489 0.8444
-113.3564 96.9502 -32.8300 1.2864 -0.5226 -10.2834 -1.1766 10.7590 -0.2491 -1.3082 -0.5101 0.0689 -4.9034 22.2181 -3.1084 12.0695 4.5341 -1.2086 -2.7121 -3.3001 -5.8101 6.6383 1.3795 -8.6690 -0.0455 -0.0830 0.0383 0.7304 -10.5945 -3.8600 -0.8082 -10.5811 3.9370 10.0519 13.3857 -13.1992 -63.6237 -33.4695 -12.7787 -0.6227 0.5665 -126.1157 2.4001 41.4296 30.6643 -14.8747 9.8367 14.9857 -59.6011 1.7139 2.7380 -13.5542 14.3319 12.4128 92.2064 -38.2574 -43.1158 2.3777 0.0088 142.5979 -2.7601 55.7701 -38.5478 15.7714 6.6692 -15.7913 49.7519 -3.4027 -5.3476 -0.9532 -15.5915 4.7447 0.0968 36.5413 0.2265 -5.2238 -16.6859 7.6711 1.7756 -2.8029 -2.1600 7.8258 -18.7534 -29.8564 -0.4481 35.6922 -1.1216 -4.6187 -13.5935 -2.3090 -1.4561 -0.7503 0.9101
-114.1703 96.9901 -33.0954 1.2622 -0.8789 -11.2824 -1.5606 10.4331 -0.2792 -1.3891 -0.6337 0.1378 -5.0968 22.0040 -2.9373 11.9340 5.1405 -1.1843 -2.5953 -3.3547 -5.5117 6.7075 1.3740 -8.3212 -0.0414 -0.0942 0.0333 0.7412 -10.5370 -3.8427 -0.8110 -10.5180 3.9094 10.0250 13.2936 -13.0052 -63.2306 -33.2648 -13.0377 -0.5482 0.6275 -125.6956 2.3308 42.5234 30.3706 -15.0324 9.8018 14.9479 -59.6438 1.6683 2.7611 -13.2798 14.2668 12.1994 91.6644 -38.0812 -42.1592 2.3074 0.0626 142.0312 -3.5667 56.2078 -38.6137 15.6996 6.7982 -15.8945 49.7988 -3.3718 -5.3505 -1.3235 -13.6895 5.3222 0.1086 34.0998 0.2366 -4.9502 -16.9761 8.9117 1.7865 -2.1619 -2.1340 8.2843 -19.6952 -30.7672 -0.5344 38.5955 -1.2636 -4.8946 -11.9485 -0.7186 -1.4556 -2.4192 0.9948
-114.9403 96.9990 -33.4770 1.2946 -1.3443 -12.4771 -2.1477 10.1621 -0.2525 -1.4764 -0.6863 0.1399 -5.3176 21.8248 -2.7833 11.8069 5.7733 -1.1147 -2.3366 -3.4137 -4.9975 6.8682 1.3907 -7.7726 -0.0511 -0.0652 0.0493 0.7325 -10.5091 -3.8160 -0.8238 -10.4822 3.9175 10.0013 13.2490 -13.1062 -62.5290 -33.3083 -13.1781 -0.3311 0.7019 -124.7466 2.1445 43.4370 29.6992 -15.1439 9.7069 14.9015 -59.5502 1.7299 2.8465 -12.9208 14.2664 11.8891 91.0904 -38.2732 -40.6300 2.0618 0.0143 141.2057 -4.7183 56.8632 -38.8713 15.4886 6.9773 -16.0013 49.8215 -3.2471 -5.3932 -1.0461 -11.6248 6.1593 0.0472 31.1822 0.1400 -5.1788 -16.9321 10.7351 1.7356 -1.2375 -2.0965 8.5039 -21.5732 -32.1079 -0.7022 42.9401 -1.5636 -4.5981 -8.0667 1.8087 -1.4404 -5.4119 0.9371
-115.7180 97.1614 -33.9087 1.2319 -2.0964 -13.8312 -2.5978 10.0158 -0.2989 -1.5974 -0.7418 0.1553 -5.7512 21.8647 -2.7609 11.5978 6.4723 -0.8828 -2.1356 -3.4469 -4.6308 6.9890 1.5839 -7.1692 -0.0377 -0.0821 0.0339 0.7413 -10.5009 -3.8226 -0.8042 -10.4882 3.8891 9.7203 13.1180 -13.1704 -61.2200 -33.3955 -13.4981 -0.2134 0.7279 -123.3557 2.2148 43.8412 29.3813 -15.3768 9.7759 14.9965 -59.7199 1.7654 2.8535 -12.7394 14.2952 11.6375 91.1264 -38.4545 -39.6537 2.1193 -0.0399 140.3139 -5.4650 57.3019 -39.0229 15.5169 6.9442 -15.9592 49.9263 -3.2394 -5.3829 -0.2894 -10.0832 7.2759 0.0881 29.6624 0.1123 -5.8187 -16.4327 11.7173 1.7045 -0.5375 -2.1178 8.1986 -24.2180 -33.3471 -0.8848 48.6895 -1.8543 -2.1255 -2.6630 5.0921 -1.4084 -8.5611 0.9464
-116.6050 97.2522 -34.2393 0.9356 -3.1299 -15.1365 -2.8331 9.9946 -0.3298 -1.6566 -0.8332 0.0553 -6.1201 21.9021 -2.7173 11.0898 7.5020 -0.5857 -1.9150 -3.4496 -4.2677 7.0411 1.7796 -6.5752 -0.0264 -0.0930 0.0199 0.7566 -10.5332 -3.8354 -0.7951 -10.5370 3.8687 9.2674 13.1418 -13.1120 -59.8504 -33.5104 -14.1485 0.0570 0.6490 -121.7083 2.4918 43.9938 29.3414 -15.4290 9.9337 15.1317 -59.7990 1.7696 2.8083 -13.0175 14.5468 11.4377 91.2060 -38.4140 -38.5187 2.0156 -0.0715 139.4324 -6.0864 57.6067 -38.9790 15.7196 6.8876 -15.9743 50.1094 -3.2711 -5.4189 0.9766 -8.6228 8.7666 0.0482 28.9530 0.0372 -6.3786 -16.0544 12.1006 1.6811 -0.1465 -2.1143 7.1887 -26.7925 -33.8111 -1.0077 54.4289 -1.9771 3.6998 2.8059 9.9120 -1.3173 -8.6256 0.8767
-117.6699 97.1951 -34.4322 0.5352 -4.2530 -16.2012 -2.9865 9.9287 -0.3501 -1.6932 -0.9399 0.0050 -6.3476 21.9208 -2.7573 10.6184 8.7279 -0.4228 -1.7897 -3.4586 -3.8605 7.0395 2.0823 -5.9968 -0.0281 -0.0946 0.0242 0.7614 -10.5674 -3.8339 -0.8029 -10.5817 3.8754 8.6856 13.2070 -13.0770 -58.7588 -33.4968 -14.7680 0.2673 0.6113 -120.1594 2.7236 43.7225 29.1036 -15.3640 10.0740 15.2559 -59.7830 1.7159 2.8090 -13.3734 14.7971 11.2062 91.2177 -38.1001 -37.4584 1.9635 -0.0751 138.7024 -6.0343 57.0372 -38.1688 15.8487 6.8542 -16.0278 50.0841 -3.2763 -5.3557 2.5101 -7.3420 10.0994 -0.0101 28.8486 -0.0256 -6.9668 -15.9133 12.3245 1.6696 0.0430 -2.0252 5.4314 -28.7394 -33.0488 -0.9273 58.8780 -1.6777 11.6848 6.0498 15.8190 -1.1667 -5.7770 0.8454
-118.8936 97.0595 -34.5516 0.2135 -5.2866 -16.8981 -3.1500 9.7411 -0.3535 -1.7309 -1.0780 -0.0386 -6.5718 21.9395 -2.8976 10.3322 10.0147 -0.3925 -1.7076 -3.4721 -3.4625 7.0572 2.4662 -5.4773 -0.0430 -0.0874 0.0489 0.7504 -10.5912 -3.8138 -0.8209 -10.6044 3.9068 8.0718 13.2763 -13.0903 -57.8514 -33.2047 -15.6019 0.4825 0.6633 -118.8563 3.1270 43.2034 28.8417 -15.3383 10.2171 15.3713 -59.8538 1.6507 2.8167 -13.5986 14.9623 10.9128 91.2966 -37.3994 -36.7306 2.1040 -0.0631 138.2397 -5.4225 55.7245 -36.6313 15.9102 6.8295 -16.1163 49.9854 -3.2751 -5.3338 4.0229 -6.2610 11.0116 -0.0639 29.0255 -0.1158 -7.7284 -15.8736 12.6187 1.6617 0.2213 -1.9074 3.1168 -29.8890 -31.5477 -0.7241 61.8487 -1.1973 16.5373 5.0629 19.0502 -1.1156 -3.8589 0.8926
-120.3014 96.9264 -34.6038 0.0261 -6.1019 -17.3646 -3.2901 9.3869 -0.3202 -1.7466 -1.2046 -0.0836 -6.9289 21.9053 -3.0739 10.2739 11.2580 -0.3696 -1.6315 -3.4654 -3.1926 7.0601 2.9844 -5.0714 -0.0343 -0.0867 0.0380 0.7533 -10.6284 -3.8390 -0.8058 -10.6364 3.9049 7.4787 13.2791 -13.1194 -57.2889 -32.6247 -16.5328 0.6242 0.6436 -117.8307 3.5490 42.4366 28.3980 -15.4006 10.3894 15.5250 -60.1905 1.6561 2.7479 -13.5324 14.9314 10.6684 91.0510 -36.1852 -36.0076 2.3137 -0.0270 138.0683 -4.8434 54.2976 -34.9925 15.8591 6.8864 -16.2537 49.9512 -3.3228 -5.3374 5.4299 -5.2871 11.4309 -0.0858 29.0319 -0.1908 -8.7508 -15.7689 12.9611 1.6553 0.3989 -1.8545 0.3366 -30.4581 -29.5768 -0.6718 63.4569 -1.0141 15.5611 1.9964 16.4368 -1.2313 -3.3336 0.9184
-121.8921 96.7993 -34.5861 -0.0275 -6.7398 -17.6909 -3.4062 8.9716 -0.3144 -1.7652 -1.3063 -0.0600 -7.3140 21.8377 -3.1675 10.2984 12.2798 -0.3734 -1.5737 -3.4425 -3.0237 7.0770 3.6571 -4.7762 -0.0299 -0.0913 0.0334 0.7512 -10.6643 -3.8594 -0.7932 -10.6681 3.9107 6.9275 13.2972 -13.1450 -57.1868 -31.9610 -17.3621 0.6616 0.6387 -117.2641 3.8748 41.5932 27.9249 -15.4520 10.5234 15.6618 -60.4001 1.6742 2.7103 -13.3623 14.7898 10.4600 90.6843 -34.5417 -35.5068 2.5613 0.0312 138.2628 -4.0865 53.0132 -33.4494 15.8375 6.9272 -16.3387 49.9553 -3.3476 -5.3233 6.7672 -4.3049 11.5270 -0.0974 28.7517 -0.2345 -9.9270 -15.4703 13.3545 1.6539 0.5228 -1.8461 -3.0348 -30.4598 -26.8558 -0.5379 63.3874 -0.7624 12.7831 -1.1016 11.6479 -1.3612 -2.9692 0.9299
-123.6923 96.6613 -34.5392 0.0159 -7.2201 -17.9672 -3.5002 8.5153 -0.2799 -1.7772 -1.3808 0.0201 -7.6601 21.7465 -3.1703 10.3562 13.0100 -0.4100 -1.5281 -3.4108 -2.8953 7.0834 4.3609 -4.6385 -0.0301 -0.0950 0.0324 0.7391 -10.6907 -3.8745 -0.7801 -10.6892 3.9216 6.4042 13.3271 -13.1741 -57.5032 -31.2769 -18.1131 0.7147 0.6208 -117.1774 4.2341 40.6837 27.4894 -15.4362 10.6274 15.7426 -60.4997 1.7257 2.6710 -13.1056 14.6307 10.3244 90.0758 -32.7175 -35.1624 2.7154 0.0810 138.7814 -2.9741 51.9001 -31.9435 15.8740 6.9519 -16.3523 50.0128 -3.3239 -5.2487 8.1161 -3.3328 11.4951 -0.1120 28.2478 -0.2479 -11.2459 -14.9899 13.8279 1.6550 0.6268 -1.8655 -6.8800 -29.8822 -23.5559 -0.2890 61.6336 -0.3811 9.4692 -3.6061 5.8217 -1.4437 -2.5701 0.9160
-125.6743 96.4639 -34.5607 0.0973 -7.5184 -18.2330 -3.5525 8.0862 -0.2275 -1.7664 -1.4510 0.1413 -7.9016 21.6311 -3.1443 10.3779 13.4460 -0.4346 -1.5292 -3.4040 -2.7740 7.0438 4.9414 -4.6052 -0.0377 -0.0920 0.0398 0.7210 -10.6980 -3.8745 -0.7761 -10.6903 3.9365 5.9614 13.3128 -13.1785 -58.1844 -30.6740 -18.6650 0.7937 0.5463 -117.5442 4.7436 39.8741 27.1435 -15.4060 10.6661 15.7605 -60.5657 1.7786 2.6405 -12.8546 14.4862 10.3232 89.2703 -31.0585 -35.0071 2.7358 0.1157 139.4176 -1.7690 50.7709 -30.5598 15.9137 6.9476 -16.3481 50.0965 -3.2973 -5.2273 9.5106 -2.5857 11.4360 -0.1131 27.8123 -0.2378 -12.6418 -14.4676 14.3007 1.6563 0.7325 -1.8947 -10.8252 -28.7583 -20.1407 0.0656 58.2323 0.1777 6.4168 -4.8240 0.2371 -1.4695 -2.1849 0.8776
-127.9174 96.1390 -34.6059 0.1915 -7.6339 -18.4667 -3.5819 7.7016 -0.1620 -1.7373 -1.4985 0.3173 -8.0471 21.4764 -3.2069 10.3774 13.5538 -0.4253 -1.5588 -3.4193 -2.6966 7.0091 5.3148 -4.6240 -0.0431 -0.0879 0.0431 0.7089 -10.6720 -3.8715 -0.7746 -10.6582 3.9398 5.6122 13.2472 -13.1561 -58.9215 -30.1450 -19.0373 0.8664 0.5178 -118.2801 5.3212 39.2136 26.9242 -15.4257 10.6899 15.7755 -60.6377 1.8167 2.6283 -12.6397 14.3492 10.4393 88.4389 -29.7493 -35.0809 2.7037 0.1780 139.9955 -0.6135 49.5127 -29.2901 15.8867 6.9354 -16.3569 50.1353 -3.3116 -5.2444 10.9857 -2.2048 11.4085 -0.0888 27.6096 -0.2015 -14.1499 -13.8791 14.6561 1.6602 0.8209 -1.9251 -14.5454 -27.1095 -17.0471 0.3864 53.1728 0.7241 3.7182 -4.7067 -4.3919 -1.4810 -1.9809 0.8219
-130.3167 95.6960 -34.7538 0.2975 -7.5507 -18.6460 -3.5943 7.3964 -0.0405 -1.7079 -1.5868 0.4766 -8.1531 21.3520 -3.3762 10.3695 13.3275 -0.3653 -1.6039 -3.4392 -2.6694 6.9968 5.5887 -4.6816 -0.0414 -0.0856 0.0347 0.7153 -10.6523 -3.8787 -0.7772 -10.6349 3.9278 5.4598 13.0948 -13.0672 -59.6176 -29.7397 -19.1519 0.8214 0.5297 -119.1897 5.6967 38.8211 26.6649 -15.4459 10.6358 15.7387 -60.6998 1.8333 2.6004 -12.4855 14.2842 10.5962 87.5208 -28.9271 -35.0970 2.5519 0.1886 140.4315 0.1719 48.1012 -28.2541 15.9099 6.9561 -16.4097 50.1693 -3.3344 -5.3297 12.5939 -2.2912 11.4570 -0.0527 27.7381 -0.1762 -15.8427 -13.2465 14.8639 1.6626 0.9358 -1.9594 -17.8794 -24.9337 -14.2858 0.5256 46.5231 1.0630 1.2428 -3.4765 -7.8622 -1.5065 -1.9708 0.7703
-133.0019 95.1307 -35.0317 0.4201 -7.2492 -18.7215 -3.6149 7.1564 0.1241 -1.6994 -1.7127 0.6066 -8.2227 21.2658 -3.6124 10.3482 12.7694 -0.2916 -1.6528 -3.4701 -2.7094 7.0160 5.7499 -4.8123 -0.0374 -0.0860 0.0287 0.7416 -10.6615 -3.8884 -0.7953 -10.6430 3.9203 5.5735 12.9362 -12.9391 -60.2673 -29.5149 -18.9699 0.6685 0.5343 -120.1449 5.8507 38.9509 26.3197 -15.5056 10.5179 15.6488 -60.7260 1.8376 2.5498 -12.4026 14.3127 10.7614 86.6705 -28.5737 -35.0996 2.2384 0.2391 140.8464 0.7318 46.6424 -27.4020 15.9757 7.0922 -16.5146 50.3157 -3.3596 -5.4672 14.3863 -2.8052 11.5665 -0.0380 27.9912 -0.1965 -17.7368 -12.4421 14.9252 1.6605 1.1293 -1.9853 -20.6641 -22.1121 -11.7584 0.5044 38.5359 1.2367 -0.2706 -1.4890 -9.7611 -1.5471 -1.8390 0.7603
-135.9796 94.4775 -35.4377 0.5965 -6.7129 -18.7136 -3.6651 6.9489 0.2907 -1.7569 -1.8305 0.5642 -8.3111 21.1483 -3.7024 10.2379 12.0318 -0.2709 -1.6673 -3.5088 -2.8078 7.1126 5.5831 -4.9933 -0.0443 -0.0933 0.0416 0.7674 -10.6530 -3.8682 -0.8373 -10.6335 3.9277 5.9458 12.8706 -12.7835 -60.8326 -29.5160 -18.4136 0.4062 0.4797 -121.0418 5.7997 39.6842 25.9027 -15.5875 10.3676 15.5028 -60.6721 1.8671 2.5166 -12.4605 14.4449 10.9365 86.1383 -28.5877 -35.2122 1.8487 0.4668 141.2891 1.3446 45.4575 -26.5219 15.9996 7.2741 -16.6020 50.4188 -3.4465 -5.6042 16.3456 -3.6563 11.7702 -0.0881 28.0685 -0.2894 -19.7596 -11.2718 14.7650 1.6540 1.2689 -1.9737 -22.6463 -19.1019 -9.6642 0.3376 30.6295 1.2899 2.3499 1.0477 -9.2888 -1.5765 -1.2639 0.8480
-139.3459 93.7775 -36.0986 0.8577 -5.9382 -18.6743 -3.7611 6.8079 0.4199 -1.8712 -1.9216 0.2735 -8.4882 20.9589 -3.5213 10.0729 11.1882 -0.3410 -1.6944 -3.4994 -2.6999 7.2722 4.8096 -5.2773 -0.0605 -0.1013 0.0792 0.7856 -10.5912 -3.8032 -0.8902 -10.5663 3.9424 6.4124 12.8267 -12.6764 -61.1183 -29.7106 -17.4806 0.0470 0.4958 -121.7950 5.3534 40.3189 25.3030 -15.6283 10.3579 15.4841 -60.6546 1.9020 2.5949 -12.5819 14.5264 11.2170 85.7735 -28.9294 -35.2133 1.3208 0.6054 141.8636 1.8383 44.9579 -25.9577 15.8358 7.3172 -16.6470 50.2472 -3.5052 -5.6554 18.3819 -4.6984 12.0974 -0.2010 27.5992 -0.4746 -21.9424 -9.4810 14.1878 1.6400 1.0735 -1.9074 -23.4976 -17.6593 -9.1463 0.2291 26.2926 1.3925 13.3854 2.7395 -6.2971 -1.5258 -0.3423 1.0029
-142.7894 93.3042 -37.1432 0.7988 -5.0673 -18.4087 -3.5910 7.0568 0.2262 -2.0266 -1.8210 0.3866 -8.6933 20.7835 -3.7239 9.8368 9.7495 -0.3002 -1.9980 -3.5144 -2.7346 7.6265 3.8954 -5.5393 -0.0437 -0.1428 0.0707 0.7942 -10.5263 -3.7744 -0.8661 -10.5041 3.8919 6.6359 12.8213 -12.5667 -60.8329 -30.3539 -16.2233 -0.4293 0.6277 -122.6447 4.3159 40.0857 24.4404 -15.3558 10.3278 15.6079 -60.4935 1.8363 2.7347 -12.7568 14.5664 11.5551 85.3945 -29.8298 -34.5878 0.7102 0.4867 142.2922 1.8307 45.6456 -26.2422 15.7632 7.3039 -16.6000 50.2920 -3.4077 -5.7025 20.7856 -5.5795 11.7084 -0.1754 26.1304 -0.4386 -23.9911 -6.0372 13.6481 1.6996 0.9463 -1.8756 -22.1974 -19.7087 -11.2099 0.3370 28.9222 1.2772 18.8201 -0.6555 -2.6816 -1.4559 0.5349 1.1131
-146.2568 93.3889 -38.4269 0.2403 -4.0466 -17.6266 -3.2889 7.4998 0.0273 -2.1091 -1.5968 0.4211 -8.5632 20.9165 -3.9251 9.6027 7.9066 -0.4204 -1.8889 -3.5254 -2.9750 7.6765 3.0377 -5.7208 -0.0461 -0.1457 0.0752 0.7763 -10.4925 -3.7661 -0.8551 -10.4639 3.8967 7.1202 12.9225 -13.0659 -61.2337 -31.2378 -14.2916 -0.8388 0.6069 -123.5728 3.4487 39.7873 23.4541 -15.2544 10.2984 15.7144 -60.1592 1.7981 2.9248 -13.3268 14.5887 11.6937 85.6488 -30.7374 -33.9492 0.3363 0.3247 142.5434 1.6479 46.9187 -27.2950 15.6715 7.2340 -16.5582 50.2816 -3.3942 -5.5420 23.5068 -6.3663 10.5338 -0.1844 23.4109 -0.5587 -25.3060 -0.3845 12.7691 1.7291 0.0831 -1.9224 -19.1754 -22.8815 -13.6550 0.5332 33.9536 1.3853 17.2863 -3.7728 -1.4888 -1.4491 1.0187 0.9902
-149.9089 93.7779 -39.7477 -0.0878 -2.6648 -15.7079 -3.1399 7.8664 -0.1507 -2.2752 -1.3914 0.1383 -8.5072 20.8832 -4.2870 10.2149 6.4559 -0.6730 -1.9227 -3.4923 -3.3982 7.6669 2.4578 -6.0759 -0.0447 -0.1430 0.0583 0.7678 -10.4679 -3.7847 -0.8455 -10.4435 3.8873 7.9567 13.2765 -13.8133 -62.0533 -31.9733 -12.4931 -1.0045 0.5795 -124.3448 3.3501 39.7185 23.2996 -15.3246 10.2985 15.7325 -60.1395 1.7914 3.0910 -14.0308 14.2827 11.5455 86.8179 -30.6182 -34.5231 0.7429 0.3026 142.9290 1.7153 47.5932 -28.3121 15.4811 7.0994 -16.4891 50.2305 -3.4057 -5.4385 25.6424 -7.0292 8.2912 -0.1541 19.3678 -0.6690 -25.2899 6.7767 11.8468 1.7558 -1.4393 -1.9804 -15.9300 -24.5951 -16.2029 0.6109 36.5876 1.3366 15.0971 -6.2459 -2.2731 -1.4599 1.3694 0.9232
-153.5600 94.3812 -40.9547 -0.2871 -1.1139 -12.8225 -2.8277 8.2142 -0.3710 -2.4446 -1.1652 -0.0920 -8.3599 20.8724 -4.9196 11.2074 4.9706 -0.8451 -2.0223 -3.4293 -4.2844 7.5536 2.0421 -6.7895 -0.0388 -0.1443 0.0423 0.7698 -10.4913 -3.8112 -0.8344 -10.4821 3.8864 8.7726 13.5906 -14.6474 -62.8586 -32.5519 -11.4144 -1.0422 0.4492 -124.8146 3.9604 40.0844 23.8750 -15.6229 10.2688 15.6433 -60.4121 1.7245 3.0913 -14.4159 13.7988 11.2106 87.9274 -30.1701 -35.7842 1.1877 0.3119 143.6112 1.4464 47.6886 -29.6908 15.4813 6.9383 -16.3776 50.2441 -3.3583 -5.4050 27.1508 -7.9784 5.4662 -0.0794 14.9116 -0.7539 -22.4349 14.5988 11.7112 1.8166 -2.8624 -2.0645 -12.5278 -25.3030 -19.0808 0.5392 37.5011 1.1740 13.1098 -8.3848 -4.3817 -1.4748 1.7121 0.8875
-156.8259 94.9742 -42.0543 -0.3344 0.2507 -9.7706 -2.3946 8.6004 -0.6377 -2.4317 -0.9504 -0.3132 -8.0020 20.8748 -5.4204 12.1218 3.6885 -1.0247 -2.2867 -3.4127 -5.1083 7.3917 1.7441 -7.8683 -0.0230 -0.1473 0.0261 0.7513 -10.5266 -3.8322 -0.7833 -10.5270 3.8693 9.5729 13.6239 -15.3162 -64.0975 -32.8680 -10.7520 -1.1298 0.3494 -125.1305 4.7119 39.8260 24.2164 -15.6401 10.2035 15.5135 -60.4273 1.5909 3.0083 -14.7641 13.4557 11.2063 88.6599 -29.6971 -37.9434 1.5101 0.3242 144.5584 0.9774 47.4559 -31.1865 15.5107 6.8668 -16.2606 50.0470 -3.3600 -5.3855 27.3390 -9.6318 3.0136 -0.0416 12.3853 -0.7017 -15.2941 17.9064 13.7881 1.8188 -2.0796 -2.0622 -9.5100 -25.4979 -21.5448 0.4741 37.6911 0.9644 11.5045 -10.0427 -6.5578 -1.4848 1.9062 0.8951
-159.7814 95.3862 -43.1188 -0.1752 1.0785 -7.3553 -1.9098 9.1530 -0.7255 -2.2936 -0.7082 -0.5548 -7.4811 20.9892 -5.5941 12.6991 2.6994 -1.1217 -2.6138 -3.4184 -5.7378 7.1423 1.2179 -8.9546 -0.0096 -0.1363 0.0027 0.7525 -10.5259 -3.8539 -0.7576 -10.5347 3.8408 10.3224 13.6539 -15.5556 -65.3045 -33.0960 -10.5375 -1.1490 0.2141 -125.4177 5.2232 39.1805 24.2204 -15.4524 10.1857 15.4129 -60.1602 1.5215 2.9674 -14.9915 13.3454 11.3712 88.9117 -29.9295 -40.1680 1.5073 0.1827 145.2523 0.2276 46.8632 -32.7191 15.3959 6.8106 -16.1643 49.6871 -3.3796 -5.3447 25.9189 -12.2087 2.4679 -0.1692 13.6957 -0.6492 -12.3380 13.7886 13.6179 1.7878 -1.5702 -2.0262 -7.2066 -25.4958 -23.0797 0.4037 37.8590 0.7807 10.1938 -11.4024 -8.4122 -1.4869 2.1571 0.9126
-162.3505 95.6090 -44.1355 0.1483 1.5423 -5.8330 -1.5441 9.7153 -0.7469 -2.0886 -0.4331 -0.6288 -6.8071 21.1096 -5.4444 13.0093 1.9620 -1.2245 -2.8792 -3.4195 -6.1949 6.8139 0.5447 -9.8545 -0.0087 -0.1151 -0.0066 0.7527 -10.5123 -3.8694 -0.7563 -10.5239 3.8378 10.8284 13.6807 -15.3886 -66.2464 -33.2227 -10.4247 -1.1392 0.1713 -125.6503 5.4287 38.4018 23.9175 -15.3590 10.2031 15.3776 -60.0199 1.5055 2.8841 -14.9620 13.3596 11.6452 88.9609 -30.7671 -41.9869 1.3467 0.0643 145.4988 -0.3035 46.2890 -33.8013 15.1343 6.7968 -16.1192 49.3179 -3.4203 -5.3238 23.0524 -15.2711 3.3051 -0.3701 19.0355 -0.7112 -13.4609 7.2483 11.6928 1.7682 -1.6906 -2.0748 -5.4719 -25.5431 -23.6927 0.3172 38.0545 0.6336 8.9765 -12.4670 -9.7702 -1.4896 2.2869 0.8928
-164.5901 95.7381 -45.0938 0.3408 1.9361 -5.0129 -1.1862 10.1970 -0.7147 -1.8289 -0.2656 -0.6433 -5.9929 21.2063 -5.1026 13.2198 1.3848 -1.2910 -3.0651 -3.4072 -6.5341 6.3693 -0.0951 -10.5265 -0.0134 -0.0998 -0.0045 0.7474 -10.5092 -3.8773 -0.7608 -10.5211 3.8527 11.1465 13.7133 -14.9721 -67.1912 -33.3777 -9.9758 -1.2288 0.1647 -125.8816 5.5127 37.4715 23.6788 -15.3320 10.2268 15.3348 -60.0285 1.5602 2.7695 -14.7823 13.4839 12.0930 88.9127 -31.8280 -43.2619 1.1207 -0.0301 145.4782 -0.6351 45.9662 -34.6306 14.9345 6.8285 -16.0486 49.0258 -3.4718 -5.3019 19.5081 -18.1336 4.2140 -0.5016 26.6255 -0.8136 -14.6320 0.1098 10.1476 1.7596 -1.7626 -2.1681 -3.8578 -25.7406 -23.6459 0.2237 38.3213 0.4773 7.9686 -13.2626 -10.9551 -1.4938 2.2412 0.8774
-166.4323 95.7433 -45.9062 0.1583 2.3603 -4.6624 -0.7376 10.5124 -0.5991 -1.5466 -0.2173 -0.6695 -5.0510 21.3212 -4.6838 13.4925 0.9274 -1.3856 -3.1973 -3.3935 -6.7974 5.8521 -0.5327 -10.9824 -0.0247 -0.0976 0.0181 0.7366 -10.5213 -3.8646 -0.7732 -10.5332 3.8901 11.3599 13.8733 -14.5168 -68.0781 -33.7031 -9.2643 -1.3399 0.1376 -126.1737 5.6200 36.7547 23.7206 -15.3374 10.1736 15.2663 -60.0351 1.6094 2.7102 -14.4902 13.7109 12.6197 88.9694 -32.8830 -44.2207 0.9170 -0.1464 145.3609 -0.7019 45.9766 -35.3206 14.8907 6.8131 -15.9214 48.8809 -3.5084 -5.2356 16.0999 -20.3688 4.5868 -0.5395 34.0811 -0.8525 -15.1853 -6.3176 9.1392 1.7664 -1.8631 -2.2412 -2.0514 -26.0090 -23.2782 0.1306 38.6750 0.3002 7.2734 -13.8868 -12.1673 -1.4950 2.1260 0.8853
-168.0788 95.6134 -46.5752 -0.4031 2.7986 -4.5399 -0.2315 10.6040 -0.4576 -1.2762 -0.2109 -0.6970 -4.0565 21.4409 -4.2189 13.9339 0.6381 -1.5713 -3.3386 -3.3767 -6.9757 5.3646 -0.7625 -11.2526 -0.0317 -0.0992 0.0352 0.7363 -10.5261 -3.8517 -0.7870 -10.5404 3.9135 11.5444 14.0232 -14.1451 -68.7339 -34.1294 -8.4227 -1.4517 0.0248 -126.4762 5.7353 36.1604 23.7720 -15.3300 10.1146 15.2482 -60.0620 1.6610 2.7478 -14.0045 13.9381 13.1076 88.9747 -33.8533 -44.7273 0.8233 -0.2694 145.1708 -0.8565 46.2227 -36.0221 15.0409 6.8746 -15.8537 48.9792 -3.5510 -5.1939 13.3243 -21.8406 4.2316 -0.5055 39.7854 -0.7991 -14.9086 -11.5197 8.7811 1.7807 -2.0416 -2.2632 0.0038 -26.2766 -22.8226 0.0310 39.1629 0.1110 6.7654 -14.4664 -13.3803 -1.4941 2.0502 0.9319
-169.6826 95.3541 -47.1199 -1.1607 3.1621 -4.4123 0.2458 10.5122 -0.3185 -1.0542 -0.2172 -0.7600 -3.0969 21.6278 -3.7757 14.4532 0.4597 -1.7607 -3.3826 -3.3746 -7.1933 4.9432 -0.7409 -11.3015 -0.0190 -0.1119 0.0173 0.7597 -10.5423 -3.8731 -0.7857 -10.5577 3.8964 11.7295 14.2118 -13.8287 -68.9278 -34.6672 -7.6841 -1.5524 -0.1520 -126.7854 5.8178 35.7521 23.8082 -15.2957 9.9846 15.1853 -59.9183 1.6558 2.7829 -13.3213 13.9422 13.4644 88.8949 -34.6762 -44.7479 0.8575 -0.3983 144.9544 -1.3053 46.6516 -36.8966 15.1744 7.0131 -15.8957 49.1392 -3.6074 -5.1759 11.4597 -22.4669 2.9764 -0.4007 42.8321 -0.6330 -13.2765 -15.7312 9.8779 1.7914 -2.1722 -2.1957 2.1580 -26.5261 -22.3734 -0.0610 39.8827 -0.0530 6.3119 -15.1605 -14.7175 -1.4930 2.0673 1.0159
-171.2125 95.0227 -47.5466 -1.5869 3.3088 -4.2060 0.4220 10.3163 -0.2558 -0.9455 -0.2428 -0.8274 -2.3949 21.8524 -3.4199 14.9269 0.4140 -1.8981 -3.2350 -3.4359 -7.5083 4.5897 -0.6214 -11.1646 0.0044 -0.1314 -0.0155 0.7955 -10.5461 -3.9028 -0.7747 -10.5636 3.8534 11.7714 14.4202 -13.6697 -68.5140 -35.0211 -7.2115 -1.5662 -0.2591 -127.0676 5.8382 35.6074 23.9600 -15.3129 9.8637 15.1213 -59.5726 1.6008 2.8182 -12.3742 13.6724 13.5680 88.6886 -35.3080 -44.0803 1.0671 -0.4443 144.6376 -2.1554 47.3151 -37.9832 15.2083 7.0915 -15.9902 49.3008 -3.6122 -5.1987 10.8457 -21.7982 0.9138 -0.2338 42.4041 -0.4016 -12.0444 -18.2620 12.5008 1.7949 -1.7000 -2.1257 3.8461 -26.8013 -21.9754 -0.1478 40.8483 -0.1604 5.7602 -15.9360 -16.0767 -1.4884 2.0115 1.0949
-172.7571 94.6461 -47.9367 -1.1809 3.2049 -3.9054 0.1441 10.1290 -0.3464 -0.9429 -0.2663 -0.8192 -2.3639 22.0113 -3.2772 15.3605 0.5427 -2.0849 -3.2244 -3.4697 -7.5556 4.6690 -0.4477 -11.2366 0.0077 -0.1269 -0.0094 0.7917 -10.5288 -3.8886 -0.7668 -10.5389 3.8493 11.5667 14.4079 -13.7318 -67.6700 -35.0185 -6.7791 -1.6234 -0.2164 -127.1092 5.6312 35.4323 23.7817 -15.2508 9.8590 15.2085 -59.4024 1.5790 2.9007 -11.2886 13.4836 13.4312 88.7169 -35.7731 -42.9193 1.3658 -0.4503 144.2536 -3.7402 48.3506 -39.5364 15.2839 7.1224 -16.0724 49.6813 -3.5261 -5.2382 11.0706 -20.4721 -0.9021 -0.0858 40.4285 -0.2012 -13.7348 -18.6479 14.5645 1.7584 -0.6695 -2.0888 4.5487 -27.3274 -21.6671 -0.2289 42.1868 -0.2962 4.8724 -16.7335 -16.9772 -1.4810 1.8395 1.0772
-174.5237 94.5180 -48.3444 0.0913 2.8976 -3.2955 -0.3326 9.9776 -0.4450 -1.0777 -0.3227 -0.7714 -2.8867 22.3742 -3.3348 15.5546 0.5363 -2.0491 -3.2543 -3.5059 -7.8361 4.7503 -0.4134 -11.6114 -0.0303 -0.1082 0.0485 0.7531 -10.5386 -3.8249 -0.8047 -10.5411 3.9139 11.1192 14.6261 -14.1401 -66.5746 -35.2108 -6.4738 -1.6886 -0.1921 -126.7728 5.4243 34.9387 23.8349 -15.4679 9.8432 15.2169 -59.5448 1.6335 2.7709 -10.4088 13.4429 12.9100 88.8912 -35.8442 -41.5683 1.4633 -0.5571 144.1058 -6.0288 49.7461 -41.9335 15.3023 7.0073 -16.1251 49.7802 -3.5836 -5.3495 10.8898 -19.5433 -0.6727 -0.0824 38.5273 -0.2773 -15.4756 -17.3148 13.3887 1.6932 -0.3395 -2.1286 4.2062 -28.1167 -21.9637 -0.3097 43.9109 -0.4785 4.0742 -17.2823 -17.3263 -1.4873 1.3754 1.0048
-176.3475 94.6546 -48.7111 1.4699 2.5318 -2.5761 -0.6306 9.8280 -0.5340 -1.1809 -0.3344 -0.6724 -3.5590 22.5791 -3.5499 15.1925 0.7566 -1.8752 -3.3861 -3.5110 -8.2381 4.8661 -0.4015 -12.0852 -0.0268 -0.1236 0.0430 0.7500 -10.5482 -3.8281 -0.7945 -10.5523 3.9041 10.3665 14.6011 -14.3924 -65.9635 -34.8260 -6.4856 -1.6760 -0.1737 -126.0413 5.5431 34.4669 23.8745 -15.5798 9.8634 15.1782 -59.6309 1.6704 2.6780 -10.0510 13.6619 12.6113 89.3841 -35.5385 -41.3235 1.9375 -0.5047 144.0540 -7.3597 50.3237 -43.4653 15.5530 6.9037 -16.1089 49.9632 -3.6221 -5.4008 10.7219 -18.7072 0.8092 -0.1601 36.2944 -0.3432 -16.5676 -15.0818 10.4848 1.6778 -0.4785 -2.1180 3.5776 -28.5013 -22.7777 -0.3667 45.0372 -0.5748 3.4081 -17.6593 -16.7123 -1.4723 0.9122 1.0160
-178.1880 95.0236 -49.0477 2.4240 2.2583 -1.7571 -0.6210 9.7261 -0.6189 -1.1872 -0.3789 -0.5379 -3.9452 22.5781 -3.6247 14.6132 1.0956 -1.7399 -3.5133 -3.4935 -8.6171 4.8780 -0.4273 -12.6322 -0.0389 -0.1324 0.0672 0.7358 -10.5676 -3.8039 -0.8053 -10.5715 3.9315 9.6201 14.5739 -14.4599 -66.0896 -34.0499 -6.7588 -1.4865 -0.1659 -125.2623 6.0186 34.1980 24.0201 -15.5025 9.9409 15.1781 -59.4458 1.6622 2.7058 -10.1212 13.7555 12.4707 89.2791 -35.0528 -41.1469 2.2584 -0.3605 144.1510 -7.6507 50.1859 -44.1747 15.6683 6.7757 -16.0654 49.9021 -3.5964 -5.3956 10.9788 -17.8186 2.3412 -0.2723 33.4488 -0.4928 -17.2497 -12.3336 7.5898 1.6756 -0.9216 -2.0778 3.4166 -28.2604 -24.0288 -0.3845 45.0209 -0.6207 2.7561 -17.6978 -15.7876 -1.4579 0.5207 1.0154
-180.0577 95.5429 -49.3410 3.0778 2.0971 -0.8354 -0.5384 9.6965 -0.6768 -1.1431 -0.4238 -0.4501 -4.0917 22.3333 -3.6723 14.2043 1.6326 -1.6556 -3.5541 -3.5367 -8.9313 4.8965 -0.4133 -13.0836 -0.0320 -0.1496 0.0562 0.7403 -10.5963 -3.8233 -0.7965 -10.6051 3.9273 9.0700 14.5826 -14.3477 -66.7536 -32.9870 -7.0376 -1.1970 -0.2785 -124.9386 6.6938 34.0413 24.1255 -15.3051 10.0190 15.1336 -59.2244 1.5860 2.7103 -10.0667 13.7448 12.5984 88.3861 -34.8787 -40.6934 2.3487 -0.1741 144.2360 -7.4740 50.0963 -44.3135 15.5868 6.7788 -16.0464 49.8712 -3.5299 -5.3323 11.4774 -16.8996 3.2295 -0.3521 30.1706 -0.6433 -17.6442 -8.9070 5.2949 1.6805 -1.6840 -2.0068 3.7249 -27.3234 -25.5130 -0.3876 43.7462 -0.6516 1.8555 -17.7489 -14.5916 -1.4310 0.4515 1.0604
-182.0006 96.2592 -49.7406 3.5760 1.9835 0.1846 -0.4125 9.6206 -0.7580 -1.1288 -0.5146 -0.3029 -4.1172 22.1707 -3.8073 14.0478 2.1401 -1.7769 -3.5771 -3.4893 -9.0517 5.0779 -0.2041 -13.4666 -0.0351 -0.1611 0.0627 0.7292 -10.6617 -3.8343 -0.7901 -10.6614 3.9492 8.6650 14.4912 -14.2077 -67.4830 -31.9155 -7.3114 -1.0311 -0.1865 -125.0817 7.2126 33.6779 23.9430 -15.2849 10.0160 15.1315 -59.1583 1.4741 2.8353 -9.9504 13.5675 12.8269 87.2060 -34.9330 -40.4426 2.4521 -0.0374 144.2218 -6.9000 49.9460 -44.3775 15.6686 6.7289 -15.8316 49.9922 -3.3855 -5.1792 12.0076 -15.8305 2.8728 -0.3174 26.7033 -0.6956 -17.3412 -4.9150 4.3001 1.7379 -2.5557 -1.9963 4.3600 -25.9406 -27.0258 -0.4262 41.5765 -0.7654 0.9278 -17.1798 -13.5279 -1.4292 0.3535 1.0888
-184.0060 96.8911 -50.1791 4.0969 1.8362 1.2743 -0.2994 9.5324 -0.7821 -1.1321 -0.5445 -0.3093 -4.1064 22.0022 -3.9508 14.0207 2.6213 -1.8762 -3.4674 -3.4647 -9.2658 5.3461 -0.0910 -13.7841 -0.0470 -0.1485 0.0791 0.7091 -10.7007 -3.8336 -0.7917 -10.6895 3.9889 8.6155 14.4104 -14.2800 -67.9082 -30.9408 -7.8874 -0.7236 -0.1872 -125.5449 7.6632 33.6264 23.6656 -15.4522 10.0559 15.0984 -59.5244 1.4961 2.7648 -9.9974 13.3510 12.7713 86.0614 -35.2413 -40.4503 2.4819 0.1029 143.7689 -6.1969 49.5755 -44.4090 15.6173 6.6173 -15.6129 49.7754 -3.3764 -5.1544 12.2430 -14.7063 1.7042 -0.2759 23.4100 -0.7814 -15.6297 -0.9390 4.6404 1.7770 -3.4770 -2.0314 4.9594 -24.4618 -28.0348 -0.4313 39.1514 -0.8466 0.0075 -16.7204 -12.9926 -1.4324 0.4953 1.0722
-186.0040 97.1804 -50.6489 4.7570 1.5496 2.2437 -0.2684 9.4510 -0.8333 -1.0708 -0.6160 -0.4702 -4.3089 21.8003 -4.2021 14.0181 3.1625 -1.9764 -3.4128 -3.4562 -9.3768 5.7002 -0.0110 -13.9220 -0.0572 -0.1406 0.0930 0.6832 -10.7016 -3.8204 -0.7857 -10.6804 4.0068 8.7185 14.2575 -14.5106 -67.6552 -30.1740 -8.6019 -0.4763 -0.0515 -125.9540 7.3914 33.4162 23.1002 -15.5393 10.0604 15.1146 -59.7686 1.5345 2.8018 -10.5289 13.2342 12.4111 85.1408 -35.3921 -40.5778 2.4515 0.2784 142.8454 -5.8826 48.6335 -44.2472 15.5916 6.6648 -15.5273 49.5581 -3.3543 -5.1320 11.6977 -13.8005 0.5580 -0.2352 21.9667 -0.8169 -11.5463 -0.1759 7.9191 1.7655 -3.2310 -2.0237 5.2934 -23.3703 -28.0953 -0.4487 37.3138 -0.9798 -0.9376 -16.6219 -13.1152 -1.4390 0.6287 1.0428
-187.7721 97.1499 -51.1866 5.6336 1.0953 3.0179 -0.3366 9.5231 -0.8441 -1.0304 -0.6435 -0.6773 -4.6505 21.6286 -4.6076 13.8921 3.5087 -1.9271 -3.3441 -3.4862 -9.5895 5.9020 -0.3079 -13.9490 -0.0501 -0.1276 0.0863 0.6875 -10.6834 -3.8222 -0.7763 -10.6644 3.9937 8.8577 14.0830 -14.8766 -66.4534 -30.0752 -9.6092 -0.2835 0.0786 -125.9197 6.3390 33.4469 22.4304 -15.5568 10.0991 15.2305 -59.8653 1.5644 2.9033 -11.3428 13.1838 11.7035 84.8541 -35.3068 -41.1999 2.3482 0.3352 142.0273 -5.4716 47.1317 -43.7514 15.4607 6.6620 -15.4804 49.1539 -3.3669 -5.0740 10.2228 -13.5419 0.3961 -0.2227 23.6069 -0.8373 -8.2089 -2.9525 10.6712 1.7545 -3.0039 -2.0203 5.3417 -22.9563 -27.5776 -0.5359 36.6244 -1.1561 -1.9320 -16.9138 -13.5956 -1.4400 0.6599 1.0252
-189.3025 96.9469 -51.7821 6.7619 0.5596 3.5533 -0.5554 9.7233 -0.8812 -1.0192 -0.6341 -0.8701 -5.0798 21.5600 -5.0501 13.6559 3.5473 -1.8290 -3.3631 -3.4958 -9.7579 5.9813 -0.7849 -13.9627 -0.0441 -0.1116 0.0824 0.7010 -10.6667 -3.8254 -0.7789 -10.6591 3.9882 9.0437 13.8376 -15.3272 -64.5781 -30.6405 -10.9474 0.0390 -0.0240 -125.1487 4.9089 33.3239 21.3658 -15.5198 10.1101 15.2914 -59.8814 1.6143 2.9536 -11.9884 13.2648 10.8944 85.2741 -34.9977 -42.2651 2.2400 0.2603 141.7402 -5.3601 45.7556 -43.1188 15.4265 6.6792 -15.5036 48.8784 -3.3857 -5.0728 7.6388 -13.8862 1.6668 -0.2454 27.9753 -0.8363 -6.4840 -7.0174 11.6726 1.7542 -3.0885 -2.0709 5.1308 -23.1556 -26.9485 -0.6572 36.7970 -1.3287 -3.1805 -17.2381 -13.9554 -1.4380 0.5048 0.9872
-190.7948 96.6176 -52.5938 7.7696 0.1396 3.8032 -0.7387 9.9464 -0.8652 -1.0123 -0.6215 -1.1001 -5.3855 21.5528 -5.4255 13.3199 3.4319 -1.7367 -3.4745 -3.5059 -9.7635 5.9328 -1.4339 -13.8748 -0.0420 -0.0991 0.0815 0.7113 -10.6206 -3.8173 -0.7866 -10.6203 3.9786 9.4721 13.6307 -15.7910 -62.8211 -31.7827 -12.1282 0.3121 -0.2052 -123.8338 3.6949 32.6890 20.0105 -15.4309 10.0973 15.3032 -59.6943 1.6485 2.9920 -12.3642 13.3774 10.2006 86.3179 -34.4436 -43.4790 2.1891 0.1412 141.9911 -5.3378 44.6446 -42.0726 15.4825 6.6346 -15.6321 48.6709 -3.4525 -5.1287 4.3824 -14.5852 4.2441 -0.2526 34.1774 -0.7927 -5.3373 -11.7398 11.6176 1.7586 -3.2313 -2.1296 5.1325 -23.7183 -26.4851 -0.7713 37.3244 -1.5027 -4.7470 -17.2553 -13.9536 -1.4378 0.2933 0.9546
-192.1647 96.2916 -53.5314 8.1332 -0.0411 3.7473 -0.7078 10.0824 -0.8224 -0.9991 -0.6319 -1.3271 -5.3642 21.6889 -5.6731 13.0748 3.2023 -1.6233 -3.6142 -3.5439 -9.6464 5.7105 -2.1643 -13.6063 -0.0440 -0.0948 0.0817 0.7155 -10.5700 -3.8046 -0.7972 -10.5757 3.9691 10.1577 13.5257 -16.1755 -61.5620 -33.4064 -12.8133 0.3891 -0.3735 -122.3215 2.9441 31.6242 18.7709 -15.3809 10.0473 15.2886 -59.4775 1.6945 2.9996 -12.1698 13.4869 9.6957 87.5938 -34.1508 -44.2126 2.2005 -0.0113 142.4595 -5.5321 43.5688 -40.5619 15.6240 6.5728 -15.8920 48.7602 -3.5377 -5.2471 1.2371 -15.1824 7.2368 -0.1925 40.8200 -0.6484 -4.2935 -16.0479 10.7645 1.7613 -3.5053 -2.1943 6.0125 -23.9946 -26.4143 -0.8678 37.2944 -1.6949 -6.7215 -16.7732 -13.5280 -1.4324 0.0564 0.9336
-193.6564 96.1085 -54.5617 7.6071 0.0218 3.3050 -0.4578 10.1191 -0.7346 -0.9744 -0.6665 -1.5813 -4.9996 21.8919 -5.7393 13.0666 3.2005 -1.5649 -3.6838 -3.6060 -9.3012 5.4239 -2.9440 -13.1508 -0.0490 -0.0947 0.0854 0.7056 -10.5375 -3.7911 -0.7992 -10.5413 3.9671 10.9662 13.6254 -16.4372 -60.8721 -35.1273 -12.9364 0.2259 -0.4997 -121.0116 2.6092 30.0155 18.0105 -15.3697 10.0234 15.2401 -59.4094 1.7748 2.9299 -11.5222 13.5684 9.3321 88.9875 -34.1908 -44.0502 2.3188 -0.1077 142.7740 -6.3093 42.8769 -39.2864 15.7616 6.4909 -16.0980 49.0627 -3.5838 -5.3310 -1.3699 -15.1837 9.9447 -0.0837 45.7847 -0.3857 -3.6727 -19.0068 9.0943 1.7718 -3.8921 -2.2652 7.9618 -23.3900 -26.6397 -0.9271 35.8591 -1.9210 -9.1469 -15.5889 -12.6555 -1.4301 -0.2532 0.9520
-195.2293 96.2487 -55.7868 6.5016 0.3604 2.1884 -0.1787 10.1629 -0.6888 -0.9810 -0.7056 -1.7595 -4.5577 22.0367 -5.6342 13.3506 3.5267 -1.6242 -3.7021 -3.5601 -8.6249 5.2206 -3.5968 -12.5327 -0.0774 -0.0746 0.1288 0.6701 -10.5270 -3.7470 -0.8209 -10.5184 4.0180 11.5540 13.8047 -16.6011 -60.3620 -36.6059 -12.8771 0.0364 -0.4896 -119.9481 2.3004 28.2177 17.4990 -15.3936 10.0076 15.1824 -59.4778 1.9091 2.8088 -10.8516 13.4576 8.9925 90.3404 -34.2987 -42.8707 2.4513 -0.2938 142.7798 -7.6379 42.4893 -39.0535 15.8399 6.4487 -16.2094 49.2311 -3.5857 -5.4084 -3.7795 -14.4493 12.2277 0.0494 47.1921 -0.0727 -4.1048 -19.7009 6.1222 1.7788 -4.3295 -2.3162 10.6289 -22.2085 -26.9211 -0.9022 33.1777 -2.1051 -11.5052 -13.0943 -11.3888 -1.4509 -0.9000 0.9716
-196.9640 96.7312 -57.3440 5.1448 0.9368 -0.1938 -0.1852 10.2658 -0.7102 -0.9822 -0.6515 -1.7519 -4.2993 21.9859 -5.3406 13.6426 4.2639 -1.7387 -3.6423 -3.5364 -7.6060 5.2261 -3.9115 -11.6880 -0.0884 -0.0732 0.1383 0.6702 -10.5454 -3.7427 -0.8424 -10.5270 4.0359 11.5427 13.9525 -16.5327 -60.0999 -37.5264 -12.4192 -0.0181 -0.5594 -119.2456 2.0795 27.0727 17.0259 -15.4668 10.0130 15.1221 -59.7007 1.9809 2.6509 -10.3582 13.3883 8.9029 91.5983 -34.6201 -40.6286 2.7717 -0.5494 142.1995 -9.6480 42.8495 -39.6337 15.8207 6.5577 -16.3284 49.3828 -3.5541 -5.5292 -6.0347 -13.0660 13.4413 0.1766 43.9417 0.2357 -5.3856 -18.1498 2.8225 1.7890 -5.1848 -2.2812 13.6008 -21.1183 -26.9314 -0.8952 30.5048 -2.3485 -13.0928 -8.9349 -8.8484 -1.4511 -2.2393 1.0729
-198.8006 97.5323 -59.1104 3.6606 1.6217 -4.1037 -0.6341 10.3679 -0.7254 -1.0304 -0.4421 -1.5961 -4.1926 21.8125 -4.7844 13.6465 4.9563 -1.4824 -3.2591 -3.4522 -6.6328 5.2678 -3.7888 -10.4371 -0.0777 -0.0827 0.1012 0.6959 -10.5902 -3.7814 -0.8443 -10.5750 3.9940 10.9929 14.0223 -16.0384 -60.4724 -37.8185 -11.2126 -0.0696 -0.5367 -119.0623 2.3760 26.7565 17.1399 -15.6400 10.1097 15.1360 -60.0140 2.0921 2.5597 -9.7931 13.3491 9.1311 91.7105 -35.6828 -36.6303 2.8645 -0.6535 141.0167 -11.7321 43.8457 -40.1821 15.7422 6.6931 -16.1417 49.6157 -3.3599 -5.5398 -7.8231 -11.4055 11.9281 0.1103 35.9806 0.3140 -3.6187 -14.6686 4.3833 1.8289 -5.9697 -2.2236 16.5275 -20.9066 -26.5039 -0.9158 29.3749 -2.7212 -12.7661 -1.2512 -4.3392 -1.4460 -5.1177 1.1053
-200.5596 98.3492 -60.9640 1.7420 2.2956 -9.3729 -1.2126 10.4059 -0.6081 -1.0531 -0.2674 -1.4029 -4.2346 21.4934 -3.9441 13.4100 5.5000 -0.9964 -2.7225 -3.4373 -5.5723 5.3536 -3.1692 -8.8180 -0.0234 -0.1015 0.0345 0.7546 -10.6211 -3.8514 -0.7922 -10.6210 3.9105 10.2932 13.4224 -15.1260 -61.7819 -36.5525 -9.4766 -0.2551 -0.5013 -119.5801 4.0688 27.1541 18.2286 -15.5946 10.1256 15.2280 -60.0961 2.1753 2.7243 -9.6326 13.6281 9.9018 91.5470 -36.9184 -32.6359 3.0021 -0.2716 139.8650 -13.0457 44.5088 -39.4364 15.5671 6.8441 -15.9614 49.6039 -3.2047 -5.5782 -7.5029 -10.1555 6.2182 0.1700 27.0527 0.4166 0.4962 -14.0315 15.0681 1.8228 -2.8776 -2.2047 19.1194 -22.1745 -25.2839 -0.7806 30.7312 -2.6974 -6.9407 8.8252 3.1389 -1.4491 -8.0700 1.1170
-202.5778 98.9427 -62.8023 -0.0708 2.5843 -14.5021 -1.9902 10.4473 -0.3662 -1.1978 -0.0881 -1.1214 -4.3978 21.2742 -3.4812 13.3737 5.6223 -0.6375 -2.2420 -3.5550 -4.5859 5.4169 -2.5305 -7.1486 -0.0078 -0.0815 0.0074 0.7972 -10.6279 -3.8854 -0.7991 -10.6396 3.8857 9.5095 13.1877 -14.1510 -62.4034 -35.0157 -8.6338 -0.3572 -0.4889 -120.4416 6.0480 27.9503 19.6588 -15.6080 10.1437 15.2980 -60.1248 2.1723 2.7721 -9.6036 13.6616 10.6086 90.3877 -37.7334 -28.2219 2.7205 0.1227 138.8923 -13.7131 44.7859 -38.0737 15.2756 6.9123 -16.0656 49.5486 -3.3676 -5.6189 -5.0999 -9.3567 1.6638 0.3520 21.8251 0.4882 0.5941 -13.5130 24.5134 1.7325 -0.5019 -2.2997 20.0289 -24.4773 -23.2660 -0.2687 33.1438 -1.5727 12.6856 17.7019 17.7685 -1.1787 -6.1674 1.0524
-204.7128 99.2106 -64.5057 -1.0321 2.5642 -17.7010 -2.7733 10.5840 -0.3548 -1.5901 -0.0687 -0.7499 -4.7567 21.2669 -3.6492 13.5650 5.3139 -0.6099 -2.1213 -3.6656 -3.7488 5.7039 -1.8423 -6.2451 -0.0350 -0.0714 0.0235 0.7630 -10.6784 -3.8730 -0.8173 -10.7026 3.9152 8.8200 13.2872 -13.7430 -62.1307 -33.8859 -8.9994 -0.4900 -0.0918 -120.8911 7.3880 28.7575 20.8087 -15.3345 10.1676 15.3345 -59.6820 2.0984 2.7274 -9.9675 13.7741 10.5810 89.2751 -37.8230 -24.6092 2.2100 0.0509 138.3202 -14.1345 45.2205 -36.7448 15.2637 7.0025 -16.1556 49.3791 -3.5475 -5.5282 -2.4575 -9.2919 1.1664 0.3551 20.5624 0.4027 -1.2856 -12.2610 27.8092 1.6837 -0.0983 -2.2463 18.7167 -26.6890 -21.5582 0.2367 34.5895 -0.2906 35.0353 16.8134 33.4998 -0.6187 -3.5476 1.1395
-207.0913 99.3623 -66.2106 -1.6470 2.3966 -18.5883 -3.1544 10.7941 -0.3918 -1.7850 -0.0720 -0.7958 -5.1465 21.1959 -4.0240 13.6974 5.0446 -0.7540 -1.9102 -3.6653 -3.5292 5.8100 -1.7959 -5.8907 -0.0361 -0.0710 0.0110 0.7516 -10.6496 -3.8789 -0.8077 -10.6738 3.8964 8.4961 13.5001 -13.8545 -61.6998 -33.1338 -10.2933 -0.5792 0.4296 -120.8031 7.9549 29.8288 21.3124 -15.1901 10.2790 15.3966 -59.8000 1.9309 2.6012 -10.4510 13.8851 9.9546 88.4294 -37.0769 -23.2913 2.0287 -0.1316 138.2974 -13.4852 44.8297 -35.3480 15.2717 7.1002 -16.2307 49.2288 -3.5430 -5.4969 0.1677 -9.7870 3.1408 0.2424 20.8490 0.1757 -3.7065 -11.4298 26.4046 1.6431 0.2623 -2.1299 16.8105 -28.9414 -22.2352 0.3100 38.9155 -0.0220 37.0479 13.1903 33.1342 -0.6243 -3.5051 1.1049
-209.5074 99.3498 -67.7742 -2.0250 2.0710 -17.8022 -3.1277 11.1046 -0.4744 -1.8061 -0.0444 -0.9986 -5.4762 21.1003 -4.3908 13.8506 4.7555 -0.9299 -1.8283 -3.6030 -3.7664 5.7296 -1.9699 -6.1982 -0.0204 -0.0810 -0.0118 0.7701 -10.6144 -3.8952 -0.7944 -10.6486 3.8609 8.4994 13.7171 -14.1583 -61.4002 -32.9815 -11.8392 -0.7517 0.7231 -120.7743 7.8935 30.4341 21.3426 -15.1767 10.4345 15.5823 -60.1201 1.8544 2.4785 -10.6589 13.6856 9.2727 87.7279 -35.6186 -24.7942 2.2372 -0.2197 138.8713 -11.7572 43.7788 -33.7388 15.0580 7.0575 -16.2216 48.9755 -3.5846 -5.4539 2.7477 -10.9777 5.4821 0.1379 22.2488 0.0743 -5.9982 -10.8976 22.6613 1.6271 0.6001 -2.0047 13.2191 -31.6222 -22.8512 0.1258 45.1937 -0.0518 29.7434 10.0381 25.0669 -0.9886 -3.1192 1.0561
-211.9395 99.0685 -69.1094 -2.0887 1.6348 -16.0809 -2.9344 11.3551 -0.6011 -1.7204 0.0070 -1.1414 -5.6715 21.0826 -4.7134 14.0773 4.3407 -1.0099 -1.9328 -3.5607 -4.2813 5.5469 -2.1084 -6.7940 -0.0089 -0.0939 -0.0246 0.7854 -10.6067 -3.9047 -0.7858 -10.6419 3.8366 8.6034 13.8182 -14.4157 -61.2584 -33.0102 -13.5137 -0.8102 0.7314 -121.1253 7.8053 30.0609 21.2847 -15.1346 10.5885 15.7552 -60.3888 1.8012 2.4225 -10.5000 13.3376 8.8651 86.6256 -33.7973 -27.9114 2.2892 -0.2886 140.0781 -9.6189 42.6466 -31.9944 15.0120 7.0041 -16.2610 48.8658 -3.6411 -5.3861 5.0694 -12.5250 7.2111 0.0598 24.1954 0.0207 -7.9841 -10.7243 18.5977 1.6282 0.8862 -1.9277 7.3629 -33.6028 -21.5301 -0.0739 50.2741 -0.1364 20.1723 6.2972 14.3680 -1.3619 -2.2512 0.9944
-214.5934 98.5401 -70.3899 -1.9733 1.1564 -14.1633 -2.6744 11.4415 -0.6892 -1.6251 0.0767 -1.1317 -5.7053 21.1630 -4.9093 14.2371 3.8376 -1.0928 -2.1019 -3.5541 -4.8900 5.3161 -2.2182 -7.4624 0.0006 -0.0971 -0.0332 0.7924 -10.6023 -3.9102 -0.7733 -10.6323 3.8170 8.6763 13.8508 -14.6185 -61.3339 -33.0586 -14.8317 -0.8325 0.6142 -121.7853 7.6978 29.1498 21.2305 -15.1280 10.6178 15.8333 -60.5300 1.7479 2.4677 -10.1394 13.0627 8.6755 85.0830 -32.1725 -31.6795 2.1732 -0.3305 141.4840 -7.3243 41.4875 -30.1257 15.1911 6.9825 -16.2988 49.0004 -3.6085 -5.2735 7.2422 -14.1364 8.1203 0.0002 26.2710 0.0173 -9.7716 -10.7812 15.1640 1.6366 0.9657 -1.9115 -0.1404 -34.0686 -18.0374 0.0708 52.6710 0.1864 12.5326 2.5779 5.0114 -1.5019 -1.6189 0.9577
-217.4854 97.7739 -71.6062 -1.7336 0.6361 -12.5769 -2.4480 11.3984 -0.6688 -1.5508 0.1237 -1.0275 -5.6549 21.3096 -4.9722 14.2630 3.4207 -1.1687 -2.2835 -3.5662 -5.3665 5.1021 -2.2265 -8.1025 -0.0023 -0.0925 -0.0219 0.7879 -10.6159 -3.9047 -0.7754 -10.6325 3.8314 8.7280 13.8991 -14.6734 -61.6700 -33.0086 -15.6215 -0.7564 0.5094 -122.6945 7.7994 28.6822 21.4930 -15.1782 10.5778 15.8238 -60.6201 1.7006 2.5679 -9.9087 12.8826 8.5897 83.5510 -30.9325 -35.2432 1.9164 -0.3313 142.7663 -5.0794 40.5689 -28.2512 15.3701 6.9342 -16.3337 49.2049 -3.5519 -5.2388 9.2806 -15.6450 8.4477 -0.0500 28.4138 0.0217 -11.4221 -10.8945 12.6543 1.6433 0.9941 -1.9139 -7.7760 -32.6098 -13.7058 0.4792 52.0348 0.8927 7.6767 0.5663 -2.0281 -1.5046 -1.3611 0.9322
-220.7377 96.7915 -72.7928 -1.3353 0.0131 -11.5467 -2.3120 11.2778 -0.5641 -1.4781 0.1552 -0.8633 -5.6636 21.4510 -4.9738 14.0968 3.1890 -1.1617 -2.4919 -3.5761 -5.6934 4.9612 -2.0947 -8.6639 -0.0153 -0.0891 0.0039 0.7736 -10.6390 -3.8835 -0.7886 -10.6391 3.8636 8.7264 13.8857 -14.5386 -62.3318 -32.7549 -15.7873 -0.5923 0.4439 -123.7089 8.0882 28.6912 21.9521 -15.2468 10.5191 15.7567 -60.7227 1.6535 2.6330 -9.9862 12.7520 8.6327 82.0975 -29.9600 -37.8436 1.5421 -0.3064 143.7508 -3.3467 40.0574 -26.6535 15.5554 6.9443 -16.3639 49.5107 -3.5057 -5.2539 11.2672 -16.9478 8.5983 -0.0933 30.5778 -0.0442 -13.1251 -10.9540 10.9522 1.6417 1.1549 -1.9249 -14.7415 -29.3847 -9.6130 0.7552 48.5633 1.5150 3.6548 0.4234 -7.9994 -1.5114 -1.5070 0.9130
-224.0211 95.6228 -73.8344 -0.7486 -0.6944 -11.0964 -2.2775 11.1344 -0.4023 -1.4280 0.1470 -0.6289 -5.7925 21.5809 -4.9896 13.7899 3.1493 -1.0443 -2.7436 -3.5948 -5.9441 4.9003 -1.8518 -9.0947 -0.0338 -0.0878 0.0326 0.7562 -10.6701 -3.8563 -0.8100 -10.6535 3.8963 8.6790 13.8346 -14.2213 -63.2892 -32.3426 -15.4448 -0.4198 0.4145 -124.6773 8.5154 29.0414 22.4177 -15.2702 10.4576 15.6651 -60.7744 1.5997 2.6602 -10.4094 12.6706 8.8035 80.9471 -29.1177 -39.3836 1.1544 -0.2471 144.4255 -2.1699 39.9373 -25.2890 15.7865 7.0309 -16.4216 49.8300 -3.4919 -5.3506 13.2395 -17.9935 8.7447 -0.1435 32.6124 -0.1998 -15.0217 -10.7807 9.9054 1.6405 1.4744 -1.9429 -20.6332 -24.8071 -6.2304 0.7193 42.6951 1.8037 -0.3918 1.5311 -12.9219 -1.5679 -1.8827 0.9161
-227.4754 94.2979 -74.7701 -0.0515 -1.4283 -11.0537 -2.3069 10.9736 -0.2341 -1.4103 0.0851 -0.3587 -6.0336 21.6664 -4.9684 13.2934 3.2519 -0.8790 -2.9765 -3.6373 -6.2003 4.8889 -1.6483 -9.4104 -0.0516 -0.0892 0.0546 0.7467 -10.6880 -3.8330 -0.8392 -10.6577 3.9208 8.5929 13.7117 -13.8335 -64.5246 -31.7512 -14.6047 -0.3498 0.3717 -125.5305 8.8955 29.6508 22.7155 -15.3209 10.3495 15.5426 -60.6661 1.5235 2.6637 -11.0783 12.7244 9.0366 80.2954 -28.4196 -40.1000 0.9211 -0.0677 144.8484 -1.4328 39.9533 -24.1006 15.9201 7.1459 -16.4618 50.0137 -3.5078 -5.3647 15.4112 -18.7966 8.9738 -0.2557 34.3053 -0.4428 -17.1847 -10.1495 9.2373 1.6476 1.7959 -1.9507 -25.2060 -19.4958 -3.9915 0.4888 35.2745 1.9058 -2.7125 3.7128 -15.3805 -1.6510 -1.8813 0.9467
-231.2157 92.9489 -75.7581 0.5437 -1.9575 -11.3421 -2.3120 10.7577 -0.0262 -1.4014 -0.0501 -0.2754 -6.3457 21.6861 -4.7924 12.5529 3.4364 -0.6879 -3.0780 -3.6822 -6.4256 4.8568 -1.6418 -9.6106 -0.0641 -0.0855 0.0803 0.7564 -10.6663 -3.7996 -0.8756 -10.6292 3.9373 8.4944 13.5281 -13.5182 -65.8247 -31.0329 -13.3908 -0.3191 0.2411 -126.2879 9.0001 30.2904 22.6557 -15.3266 10.2818 15.3547 -60.6176 1.5268 2.6082 -11.7312 13.0312 9.2898 80.0929 -28.1606 -40.0416 0.7508 0.1756 145.0934 -1.0716 39.9843 -23.1505 15.8412 7.1856 -16.4900 49.8540 -3.6093 -5.3904 17.9288 -19.4609 9.2085 -0.4642 35.2448 -0.7672 -19.5545 -8.8689 8.8346 1.6507 1.9195 -1.9597 -28.0290 -15.0064 -3.3439 0.2349 28.6946 2.0123 1.5650 5.8670 -14.2617 -1.6869 -1.3871 1.0342
-235.2175 91.6456 -76.8318 0.9421 -2.2130 -11.6790 -2.3108 10.4653 0.2022 -1.4043 -0.1783 -0.5118 -6.6550 21.6169 -4.4493 11.6947 3.5147 -0.5205 -2.9861 -3.6555 -6.4430 4.6790 -1.8871 -9.7335 -0.0666 -0.0690 0.1136 0.7907 -10.5701 -3.7372 -0.9165 -10.5341 3.9397 8.3741 13.3098 -13.2902 -67.0793 -30.3543 -11.9031 -0.4611 0.1285 -126.8944 8.6885 30.8808 22.4357 -15.3291 10.2610 15.2060 -60.6189 1.6379 2.5008 -12.0214 13.3319 9.6651 80.1257 -28.4429 -39.5241 0.8274 0.3097 145.2870 -1.0143 40.0487 -22.5226 15.5488 7.0161 -16.5066 49.1334 -3.6777 -5.4837 20.7454 -20.0824 9.5223 -0.6986 34.9853 -1.1584 -22.2567 -6.5866 8.2210 1.6403 1.4936 -1.8526 -29.2708 -13.2619 -5.1818 0.1315 25.7284 2.1098 18.7443 4.2755 -10.0756 -1.5877 -1.0851 1.1834
-239.6327 90.3822 -78.3125 1.0628 -2.6894 -11.6791 -2.0346 10.6511 0.0609 -1.5712 -0.1579 -0.3691 -6.8480 21.5437 -4.4825 10.7463 3.2412 -0.3187 -3.1091 -3.6551 -6.4977 4.7784 -2.0370 -10.0490 -0.0406 -0.1059 0.1065 0.7923 -10.5455 -3.7261 -0.8680 -10.5123 3.9102 7.9867 13.5204 -13.1367 -68.0327 -30.4973 -10.0239 -0.7231 0.2870 -127.7857 8.0111 30.8413 22.2446 -14.9517 10.1574 15.1266 -60.5368 1.5756 2.4914 -12.0235 13.3924 10.2231 79.8379 -29.0890 -38.3751 0.6838 0.3693 145.3466 -1.2057 40.8670 -21.9847 15.2661 7.0193 -16.5606 48.9586 -3.6397 -5.6721 24.0583 -20.1909 9.2664 -0.7406 33.5117 -1.3137 -25.5131 -2.7312 7.1606 1.7108 1.1396 -1.8206 -28.3451 -16.4801 -10.4097 0.3630 29.9566 1.7481 26.2376 -4.1708 -6.1778 -1.4989 0.8284 1.2266
-244.0535 89.7461 -80.1549 0.8719 -3.4652 -11.5559 -1.6917 11.1783 -0.1746 -1.6461 0.0664 -0.3084 -6.8059 22.2270 -4.6210 9.5166 2.2533 -0.2014 -2.8300 -3.6463 -6.7202 4.5609 -2.4108 -10.0179 -0.0377 -0.1135 0.0929 0.7924 -10.4802 -3.7355 -0.8649 -10.4567 3.8963 7.8420 13.8092 -13.3999 -69.5843 -31.5850 -6.8115 -1.1772 0.4542 -129.0079 7.6500 31.0546 22.0136 -15.0109 10.1065 15.2067 -60.3230 1.5082 2.7342 -12.4385 13.6722 10.6924 80.4467 -30.7951 -37.3790 0.5047 0.4398 145.0467 -1.8224 41.9123 -22.4831 15.1115 7.1665 -16.5815 48.7736 -3.5287 -5.5539 27.6515 -19.7253 8.9958 -0.7989 30.5065 -1.6253 -28.5753 3.9604 5.4745 1.7310 0.3522 -1.8475 -26.2726 -21.7168 -13.7703 0.7679 39.6047 1.9516 24.2581 -10.4504 -2.5931 -1.4856 1.4929 1.0839
-248.4809 89.8041 -81.9099 1.2423 -3.7771 -11.0608 -1.6751 11.2419 -0.3904 -1.7981 0.1839 -0.2913 -7.0285 22.9451 -5.0734 8.9673 2.2075 -0.1866 -2.6837 -3.5760 -7.0048 4.4164 -2.3065 -9.8583 -0.0581 -0.1190 0.0878 0.7489 -10.4946 -3.7509 -0.8615 -10.4898 3.9181 7.8142 14.1388 -13.7476 -71.1072 -32.0761 -4.1873 -1.1997 0.3394 -129.9223 7.8701 31.0134 21.8008 -15.1716 10.1083 15.1678 -60.3054 1.5524 2.8373 -12.5982 13.8963 10.8406 81.3335 -32.0718 -36.3737 0.7552 0.3550 144.3554 -2.5680 43.3897 -23.2512 15.0596 7.1080 -16.5195 48.6188 -3.6174 -5.5268 29.7945 -18.6228 8.9312 -0.7787 25.2442 -1.7418 -30.1213 13.2370 3.4969 1.7583 -1.0889 -1.8950 -24.0125 -24.5178 -16.0874 0.9609 45.4337 1.9753 21.2299 -14.2628 -1.5412 -1.4877 1.8098 0.9740
-252.5468 90.1668 -83.4309 1.7475 -3.6745 -10.4818 -1.5466 11.2448 -0.5556 -1.8634 0.1511 -0.4363 -7.1438 23.0620 -5.3723 8.5740 2.9484 -0.1844 -2.6897 -3.5224 -7.1125 4.3742 -2.0490 -9.9369 -0.0723 -0.1252 0.0958 0.6957 -10.5229 -3.7483 -0.8375 -10.5338 3.9406 7.8458 14.3250 -14.0052 -72.7280 -31.7485 -2.1215 -1.2642 0.2962 -130.4888 7.9351 30.9315 21.7221 -15.1496 10.0700 14.9762 -60.1363 1.5568 2.7946 -13.0986 14.0178 11.0575 82.0289 -32.5471 -35.5820 1.0580 0.4967 143.6712 -3.0326 44.8381 -24.3028 15.0934 7.0264 -16.4650 48.4999 -3.7114 -5.5264 30.4970 -16.8838 8.2103 -0.6252 19.6063 -1.7134 -28.2452 21.8303 4.6217 1.7718 -1.9343 -1.9335 -21.5432 -25.8289 -17.9413 1.0122 48.3559 1.8671 18.5462 -16.9369 -1.5456 -1.4947 2.0279 0.8977
-256.2178 90.8834 -84.7682 2.2618 -3.2903 -10.1056 -1.2366 11.2260 -0.6988 -1.8725 0.0621 -0.4331 -7.0579 22.9452 -5.5787 8.1451 3.4659 -0.0675 -2.6321 -3.5136 -7.4150 4.3576 -2.0353 -10.0641 -0.0552 -0.1335 0.0728 0.6903 -10.5597 -3.7758 -0.7966 -10.5756 3.9159 7.6550 14.3419 -14.1700 -73.5498 -31.0684 -0.9769 -1.2772 0.2775 -130.7365 7.6536 31.1219 21.8501 -15.2059 10.0210 14.9403 -60.0578 1.4956 2.7313 -13.5604 14.0928 11.3811 82.3400 -33.1027 -35.2450 1.1195 0.4675 143.1441 -3.6265 45.5056 -25.3985 15.1384 6.8661 -16.3450 48.3912 -3.7447 -5.4362 29.9880 -15.1614 7.0607 -0.4243 15.3959 -1.6146 -21.3675 27.2302 9.5039 1.7869 -1.4987 -1.9118 -18.9020 -26.3172 -19.3422 0.8882 49.3006 1.6084 16.1087 -18.6010 -2.2575 -1.4995 2.0297 0.8907
-259.4168 91.8370 -86.0004 2.9469 -2.8047 -9.8965 -0.9495 11.2166 -0.7789 -1.8214 -0.0197 -0.4063 -6.9248 22.7266 -5.6710 7.9023 3.6059 0.1130 -2.6502 -3.5275 -7.6824 4.3672 -2.2776 -10.3224 -0.0326 -0.1365 0.0462 0.6922 -10.5528 -3.7967 -0.7523 -10.5752 3.8766 7.4107 14.2517 -14.2746 -73.7082 -30.3480 -0.2857 -1.3053 0.2877 -130.7849 7.0518 31.3862 22.2167 -15.2571 10.0790 15.0599 -60.0952 1.4815 2.6799 -13.9700 14.1346 11.8352 82.6102 -33.8573 -35.3609 0.9958 0.3462 142.6708 -4.4467 45.8872 -26.6044 15.1033 6.7723 -16.2939 48.3327 -3.7733 -5.3599 28.2500 -14.0760 6.1189 -0.2256 13.7282 -1.3938 -12.0251 26.7913 15.9209 1.8070 -0.6529 -1.9070 -16.5065 -26.2945 -20.0949 0.7333 48.9987 1.3629 13.9412 -19.5522 -3.3854 -1.4907 1.9404 0.8954
-262.2091 92.8477 -87.0866 3.7963 -2.4105 -9.7758 -0.7776 11.2601 -0.7685 -1.7493 -0.0631 -0.4031 -6.8049 22.5231 -5.6713 7.8910 3.5249 0.2124 -2.7406 -3.5484 -7.8007 4.4373 -2.5494 -10.6662 -0.0256 -0.1323 0.0374 0.6935 -10.5305 -3.8020 -0.7383 -10.5578 3.8624 7.2187 14.2110 -14.3509 -73.2014 -29.8330 -0.0885 -1.1875 0.3273 -130.7378 6.4318 31.7359 22.7252 -15.3125 10.1380 15.1877 -60.1780 1.4890 2.6794 -14.3170 14.0767 12.2786 83.2416 -34.6857 -36.0625 0.8950 0.2259 142.2589 -5.2585 46.1177 -27.7478 14.9803 6.7321 -16.3216 48.3666 -3.7911 -5.3377 25.7241 -13.7578 5.9273 -0.1586 14.5111 -1.1444 -6.8534 22.4999 19.4447 1.8310 -0.6573 -1.9618 -14.6349 -25.8996 -20.2868 0.6057 47.9090 1.1764 12.0941 -19.8842 -4.6634 -1.4795 1.8783 0.8802
-264.7027 93.8325 -88.0526 4.6790 -2.0299 -9.5568 -0.6894 11.2942 -0.7125 -1.6624 -0.1092 -0.4259 -6.6607 22.3259 -5.6214 8.0630 3.3303 0.2508 -2.8712 -3.5582 -7.8523 4.5032 -2.7334 -11.0145 -0.0268 -0.1278 0.0415 0.6939 -10.5325 -3.7982 -0.7399 -10.5635 3.8683 7.1835 14.2302 -14.3750 -72.3259 -29.5385 -0.2370 -1.0165 0.2937 -130.5136 5.8866 32.1251 23.2546 -15.4009 10.1642 15.2624 -60.2412 1.5132 2.7007 -14.5731 13.9691 12.6587 84.1675 -35.4059 -36.8897 0.8387 0.1514 141.9553 -6.1012 46.4146 -28.9709 14.9299 6.7195 -16.3602 48.4519 -3.8091 -5.4005 22.6876 -13.8657 6.2679 -0.1892 16.4827 -0.9563 -5.3139 17.6567 20.5981 1.8353 -0.9183 -2.0512 -13.0833 -25.3804 -20.3669 0.4947 46.4103 1.0030 10.4640 -19.8374 -5.9096 -1.4723 1.7774 0.8634
-267.0128 94.7058 -88.9844 5.4929 -1.6389 -9.0664 -0.6437 11.2813 -0.6991 -1.5734 -0.1447 -0.4329 -6.4381 22.1231 -5.5452 8.3642 3.0622 0.2001 -3.0016 -3.5587 -7.9248 4.5170 -2.8123 -11.3300 -0.0347 -0.1227 0.0594 0.6923 -10.5525 -3.7875 -0.7536 -10.5851 3.8976 7.3175 14.2801 -14.4254 -71.3115 -29.4445 -0.5507 -0.8774 0.2018 -130.1855 5.3308 32.4243 23.7176 -15.4495 10.1806 15.3083 -60.2661 1.5589 2.7313 -14.7374 13.8635 12.9281 85.2421 -35.9071 -37.6760 0.9099 0.0609 141.8084 -6.8495 46.6980 -30.1465 14.9251 6.7081 -16.3247 48.4939 -3.8143 -5.4706 19.3686 -14.0922 6.8919 -0.2453 18.5419 -0.8265 -5.7569 13.3984 20.3181 1.8237 -1.1713 -2.1478 -11.6732 -24.8517 -20.6869 0.4063 44.7893 0.8527 9.0262 -19.6899 -7.1330 -1.4678 1.6744 0.8475
-269.1254 95.4454 -89.8452 6.1667 -1.2461 -8.2833 -0.6142 11.2382 -0.7130 -1.4802 -0.2009 -0.4578 -6.1600 21.9456 -5.4478 8.7525 2.7532 0.0908 -3.1300 -3.5337 -8.0287 4.5668 -2.7962 -11.6759 -0.0436 -0.1163 0.0800 0.6903 -10.5718 -3.7735 -0.7695 -10.6039 3.9299 7.5646 14.3617 -14.4744 -70.1267 -29.5178 -1.2106 -0.7870 0.0822 -129.7617 4.7995 32.6553 24.0728 -15.4746 10.1676 15.3355 -60.2002 1.6086 2.7505 -14.7378 13.7962 13.0821 86.2392 -36.1819 -38.3591 1.1149 -0.0381 141.7863 -7.4636 47.0118 -31.2298 14.9473 6.7090 -16.2767 48.5263 -3.7789 -5.5069 16.0580 -14.3305 7.6577 -0.3070 20.3713 -0.7577 -7.3623 9.7914 19.0863 1.8060 -1.4334 -2.2322 -10.2706 -24.3466 -21.3201 0.3058 43.2255 0.6635 7.7406 -19.5662 -8.3158 -1.4697 1.5760 0.8447
-271.1500 96.0264 -90.6534 6.6008 -0.8492 -7.2673 -0.5539 11.1251 -0.7646 -1.3912 -0.2573 -0.4535 -5.8215 21.7758 -5.3478 9.1867 2.4561 -0.0601 -3.2356 -3.5154 -8.1891 4.6489 -2.7322 -12.0203 -0.0474 -0.1126 0.0907 0.6892 -10.5887 -3.7715 -0.7754 -10.6152 3.9510 7.8638 14.4273 -14.5269 -68.9443 -29.6114 -2.1312 -0.7736 0.0008 -129.2892 4.2864 32.7897 24.2385 -15.4229 10.1783 15.3707 -60.0774 1.6481 2.7923 -14.5858 13.7137 13.1257 86.9049 -36.2222 -38.7589 1.3902 -0.1037 141.7734 -7.8361 47.4423 -32.1941 14.9945 6.7117 -16.2164 48.5223 -3.7450 -5.4984 13.0622 -14.4488 8.4042 -0.3309 21.6763 -0.6819 -8.8985 6.7400 17.8278 1.7923 -1.6509 -2.2804 -8.7656 -23.8053 -22.2427 0.2032 41.7020 0.4601 6.5810 -19.4689 -9.4740 -1.4736 1.4776 0.8601
-273.1016 96.4992 -91.3930 6.8341 -0.4923 -6.0983 -0.4751 11.0018 -0.7894 -1.3001 -0.3259 -0.4858 -5.4924 21.6571 -5.2412 9.6798 2.1929 -0.2311 -3.3125 -3.5039 -8.3566 4.7275 -2.6759 -12.3273 -0.0444 -0.1120 0.0888 0.6930 -10.6027 -3.7821 -0.7736 -10.6280 3.9587 8.1691 14.4598 -14.6234 -67.8102 -29.6245 -3.2767 -0.7789 -0.0347 -128.8755 3.8006 32.8821 24.3201 -15.3100 10.1805 15.3761 -59.9408 1.6556 2.8110 -14.3245 13.5966 13.0555 87.2273 -36.0741 -38.9642 1.6265 -0.1500 141.8677 -7.9310 47.8879 -33.1039 15.0561 6.6762 -16.1465 48.5102 -3.7229 -5.4741 10.4691 -14.4934 8.9552 -0.3256 22.7682 -0.5978 -9.8709 4.0428 16.7805 1.7853 -1.8263 -2.3022 -7.2015 -23.2334 -23.3741 0.1009 40.2743 0.2428 5.4588 -19.4271 -10.4520 -1.4771 1.3614 0.8697
-275.1181 96.8762 -92.1801 6.9114 -0.1497 -4.8731 -0.4154 10.8688 -0.8336 -1.2111 -0.3943 -0.5144 -5.2073 21.5294 -5.1387 10.2781 1.9642 -0.3935 -3.3847 -3.4967 -8.5696 4.8136 -2.5785 -12.6428 -0.0379 -0.1129 0.0783 0.7007 -10.6157 -3.7986 -0.7684 -10.6394 3.9538 8.3937 14.3952 -14.7254 -66.8122 -29.5401 -4.5296 -0.8620 -0.0619 -128.4140 3.3300 32.9411 24.2907 -15.1996 10.2065 15.3818 -59.8539 1.6737 2.8052 -13.9526 13.5001 12.9455 87.2950 -35.8465 -39.0694 1.8392 -0.1495 142.0452 -7.8906 48.2095 -33.9583 15.1129 6.6708 -16.0918 48.5737 -3.7046 -5.4407 8.2247 -14.5281 9.2696 -0.3006 24.0015 -0.5166 -10.2268 1.5387 16.0025 1.7860 -1.9372 -2.3172 -5.5706 -22.6093 -24.6020 0.0015 38.8339 0.0336 4.3444 -19.3591 -11.3067 -1.4801 1.1917 0.8778
-277.0555 97.1850 -92.8619 6.8695 0.1816 -3.6790 -0.3829 10.7449 -0.8584 -1.1443 -0.4664 -0.5528 -4.9729 21.4265 -5.0609 10.9442 1.7561 -0.5459 -3.4281 -3.4982 -8.7727 4.9036 -2.3787 -12.9426 -0.0360 -0.1144 0.0739 0.7037 -10.6430 -3.8121 -0.7669 -10.6655 3.9580 8.5440 14.3052 -14.7954 -66.0521 -29.4157 -5.8324 -0.9328 -0.1191 -128.0141 2.9232 33.0792 24.1842 -15.0923 10.1933 15.3367 -59.7729 1.6623 2.7467 -13.5498 13.4110 12.7950 87.2328 -35.5623 -39.1999 1.9412 -0.1352 142.3753 -7.6641 48.4323 -34.7295 15.1286 6.6928 -16.0632 48.6994 -3.6964 -5.4165 6.2353 -14.5811 9.4380 -0.2659 25.6613 -0.4387 -10.2710 -0.8032 15.3364 1.7930 -2.0416 -2.3346 -3.8703 -21.9593 -25.8875 -0.0949 37.4442 -0.1799 3.2115 -19.3599 -11.9958 -1.4828 1.0051 0.8763
-278.9716 97.4174 -93.5751 6.6938 0.5267 -2.5143 -0.3710 10.6198 -0.8697 -1.0896 -0.5247 -0.5753 -4.7865 21.3078 -5.0175 11.6699 1.5150 -0.7170 -3.4513 -3.5008 -8.9726 5.0029 -2.1639 -13.2196 -0.0349 -0.1184 0.0689 0.7097 -10.6567 -3.8238 -0.7716 -10.6794 3.9628 8.5821 14.2022 -14.8466 -65.5728 -29.2986 -7.1058 -1.0546 -0.1522 -127.5832 2.6243 33.2961 23.9142 -14.9849 10.1573 15.2713 -59.6318 1.6542 2.6934 -13.0818 13.2882 12.5995 87.1688 -35.3109 -39.4457 2.0398 -0.0835 142.7909 -7.0627 48.3073 -35.3143 15.1510 6.7042 -16.0483 48.8795 -3.6856 -5.3892 4.4941 -14.6727 9.4894 -0.2198 27.7161 -0.3750 -10.3407 -3.0241 14.4439 1.7987 -2.1590 -2.3397 -2.0669 -21.2618 -27.2911 -0.1897 36.0179 -0.3774 2.0764 -19.3143 -12.5200 -1.4845 0.8057 0.8712
-280.7902 97.6129 -94.2722 6.3911 0.8633 -1.5276 -0.3570 10.5189 -0.8186 -1.0473 -0.5663 -0.6049 -4.6479 21.2059 -4.9743 12.4038 1.2404 -0.8982 -3.4629 -3.5059 -9.1149 5.1698 -1.9729 -13.4943 -0.0411 -0.1202 0.0773 0.7089 -10.6656 -3.8185 -0.7828 -10.6876 3.9772 8.5013 14.1022 -14.8708 -65.2750 -29.2270 -8.4636 -1.1024 -0.1601 -127.1066 2.5134 33.4325 23.5909 -14.9008 10.1113 15.2035 -59.4939 1.6526 2.6373 -12.6268 13.1364 12.4027 87.1388 -35.1521 -39.8392 2.1328 -0.0613 143.2183 -6.2890 47.8320 -35.7161 15.2120 6.6867 -16.0250 49.1057 -3.6593 -5.3693 3.0000 -14.7782 9.5351 -0.1803 30.1064 -0.3266 -10.6461 -5.2633 13.2004 1.8038 -2.3133 -2.3443 -0.1878 -20.4983 -28.6743 -0.2744 34.6027 -0.5682 0.9890 -19.2113 -12.9251 -1.4832 0.6381 0.8623
-282.4843 97.7731 -94.8694 6.0347 1.1832 -0.7349 -0.3635 10.4300 -0.7555 -1.0165 -0.5756 -0.6278 -4.5840 21.1351 -4.9061 13.1109 0.9455 -1.0689 -3.4818 -3.5251 -9.2404 5.4472 -1.8409 -13.7742 -0.0422 -0.1227 0.0761 0.7141 -10.6655 -3.8206 -0.7911 -10.6859 3.9800 8.3279 14.0406 -14.9007 -65.0919 -29.2745 -9.7319 -1.1432 -0.1417 -126.6165 2.5939 33.2571 23.2511 -14.8827 10.0618 15.1483 -59.4015 1.6434 2.5991 -12.2322 12.9935 12.2309 87.1220 -35.1005 -40.2755 2.1908 -0.0327 143.6176 -5.5637 47.2486 -35.9740 15.2923 6.6521 -16.0414 49.3610 -3.6646 -5.3721 1.6466 -14.8712 9.7132 -0.1441 32.6381 -0.2812 -11.0503 -7.4602 11.5903 1.8097 -2.5431 -2.3529 1.6559 -19.7179 -30.0230 -0.3387 33.2348 -0.7499 -0.1029 -18.9786 -13.0755 -1.4766 0.5047 0.8512
-284.2070 97.9158 -95.4633 5.6219 1.5246 -0.1084 -0.3827 10.3533 -0.6758 -0.9963 -0.5831 -0.6156 -4.5855 21.0819 -4.8331 13.7839 0.6166 -1.2212 -3.5137 -3.5480 -9.3715 5.8127 -1.7955 -14.0976 -0.0413 -0.1253 0.0715 0.7200 -10.6549 -3.8223 -0.7953 -10.6714 3.9733 8.1225 14.0389 -14.9733 -64.9580 -29.4284 -10.8784 -1.2206 -0.0793 -126.1708 2.8467 32.6810 22.9848 -14.9033 10.0136 15.0744 -59.3774 1.6224 2.5440 -11.8391 12.8369 12.0830 87.0347 -35.1403 -40.6335 2.2282 -0.0164 143.9109 -5.0236 46.3314 -36.0546 15.4122 6.6200 -16.0865 49.5997 -3.6659 -5.4015 0.4830 -14.9602 9.6993 -0.0991 34.8815 -0.2178 -11.1523 -9.4582 10.0282 1.8190 -2.8220 -2.3557 3.4754 -18.9722 -31.3349 -0.3767 31.9684 -0.9060 -1.2910 -18.4556 -12.9421 -1.4653 0.3115 0.8437
-285.8509 98.1099 -96.0260 5.1933 1.8916 0.4243 -0.4058 10.2748 -0.5970 -0.9831 -0.5830 -0.5766 -4.6166 21.0479 -4.7464 14.3627 0.2189 -1.3844 -3.5921 -3.5764 -9.5288 6.2429 -1.7778 -14.4948 -0.0378 -0.1296 0.0650 0.7265 -10.6503 -3.8292 -0.7939 -10.6625 3.9655 7.9158 14.0816 -15.0588 -64.7125 -29.6663 -12.0003 -1.2924 -0.0217 -125.8608 3.0745 31.8539 22.8432 -14.9210 9.9185 14.9667 -59.3064 1.6046 2.4759 -11.4408 12.6361 11.9440 86.9502 -35.1940 -41.0139 2.2726 0.0161 144.1856 -4.5508 45.3330 -35.9303 15.5239 6.5603 -16.1358 49.7561 -3.6902 -5.4248 -0.4914 -15.0494 9.2620 -0.0306 36.2261 -0.1226 -11.2431 -11.0638 8.4161 1.8211 -3.0669 -2.3435 5.2103 -18.3516 -32.6523 -0.3987 30.9206 -1.0607 -2.5155 -17.5048 -12.5431 -1.4536 -0.0248 0.8570
-287.3809 98.3511 -96.5740 4.7358 2.3047 0.8388 -0.3601 10.1823 -0.5421 -1.0000 -0.5974 -0.4745 -4.6518 21.0668 -4.6023 14.8189 -0.3679 -1.5506 -3.7477 -3.5201 -9.7256 6.6294 -1.8013 -14.9829 -0.0606 -0.1229 0.1080 0.6995 -10.6354 -3.7789 -0.8109 -10.6462 4.0046 7.7397 14.0300 -15.1518 -64.2317 -29.9574 -13.1889 -1.3951 0.1424 -125.6541 3.2069 30.8509 22.6818 -14.9676 9.8626 14.8944 -59.2552 1.6071 2.4754 -11.0804 12.3577 11.7501 86.7124 -35.2440 -41.1352 2.2169 0.0347 144.5274 -4.3889 44.4203 -35.9257 15.6985 6.4657 -16.1454 49.8136 -3.6781 -5.4645 -1.3613 -15.1502 8.5751 0.0232 36.4005 -0.0574 -11.6317 -12.2772 6.6312 1.8170 -3.0564 -2.3506 6.9414 -18.0529 -34.1433 -0.4369 30.4581 -1.2097 -3.6064 -15.8630 -11.8487 -1.4565 -0.6615 0.8273
-288.9037 98.5385 -97.2487 4.3231 2.6555 1.0243 -0.3456 10.1734 -0.5016 -0.9996 -0.5673 -0.4178 -4.6833 20.9966 -4.4212 14.9935 -0.8390 -1.6299 -3.8293 -3.5383 -9.9285 6.9459 -1.8147 -15.3353 -0.0567 -0.1284 0.1021 0.7059 -10.6392 -3.7834 -0.8094 -10.6583 3.9965 7.5670 13.9059 -15.1620 -63.6106 -30.1804 -14.2372 -1.5439 0.2538 -125.6200 3.4231 30.1988 22.5904 -15.0013 9.8068 14.8542 -59.2661 1.5929 2.4384 -10.7723 12.2406 11.7086 86.7779 -35.4610 -41.6066 2.3164 0.0521 144.7997 -4.3515 43.7395 -35.6570 15.7848 6.4078 -16.1260 49.8536 -3.6827 -5.4806 -2.1747 -15.2450 7.7445 0.0756 35.4886 0.0136 -12.6015 -13.0290 4.4824 1.8089 -3.1787 -2.3245 8.5463 -18.1272 -35.5080 -0.5142 30.8584 -1.3386 -4.5727 -14.4006 -10.9752 -1.4427 -1.3657 0.8522
-290.2409 98.7151 -97.9140 4.0146 2.8213 0.9275 -0.3211 10.2315 -0.4841 -0.9865 -0.5093 -0.3739 -4.7276 20.9825 -4.2078 14.8173 -1.2248 -1.6394 -3.8625 -3.5368 -10.0896 7.2908 -1.7063 -15.5664 -0.0531 -0.1355 0.0953 0.7150 -10.6839 -3.7939 -0.8112 -10.7038 3.9922 7.3990 13.7941 -15.0195 -62.6554 -30.4489 -15.3682 -1.6415 0.3523 -125.7131 3.3582 29.7184 22.5114 -15.0245 9.7912 14.8915 -59.4309 1.6017 2.4104 -10.5014 12.2338 11.6705 86.8953 -35.8549 -42.0118 2.3678 0.0358 145.0446 -4.6530 43.3527 -35.5396 15.8419 6.3483 -16.0513 49.8170 -3.6747 -5.4675 -2.9867 -15.1648 6.8106 0.1020 33.6983 0.0587 -13.3395 -13.0707 2.5182 1.8118 -3.4014 -2.3158 9.8695 -18.5109 -36.6845 -0.6044 32.0586 -1.4810 -5.6461 -12.7729 -10.0092 -1.4317 -2.3122 0.8798
-291.5683 98.7849 -98.6131 3.7986 2.7543 0.5307 -0.2970 10.2849 -0.4711 -0.9611 -0.4200 -0.3282 -4.7544 21.0316 -3.9927 14.3134 -1.3913 -1.5196 -3.8692 -3.5016 -10.1444 7.6904 -1.5546 -15.6703 -0.0514 -0.1338 0.0965 0.7159 -10.7034 -3.7945 -0.8070 -10.7216 3.9921 7.2538 13.5553 -14.6729 -61.3803 -30.6107 -16.6535 -1.6475 0.4033 -125.8986 2.8457 29.4698 22.2959 -15.0597 9.8167 14.9995 -59.7052 1.6565 2.4265 -10.2387 12.2973 11.6770 86.8365 -36.4185 -41.9732 2.3494 0.0679 145.0474 -5.1554 43.1775 -35.4001 15.9302 6.3497 -15.9714 49.7834 -3.6559 -5.4857 -3.6623 -14.7619 5.7282 0.0987 31.2355 0.0888 -12.7604 -12.4178 1.2772 1.8148 -3.5593 -2.2877 10.9108 -19.1169 -37.5588 -0.7213 33.8747 -1.6610 -6.9146 -11.1439 -9.0451 -1.4322 -3.3650 0.9252
-292.7261 98.7018 -99.2536 3.6962 2.3782 -0.3374 -0.3298 10.4286 -0.4620 -0.9383 -0.3598 -0.3036 -4.7722 21.1733 -3.7350 13.6233 -1.2486 -1.2000 -3.7802 -3.4706 -10.2027 8.0553 -1.4645 -15.5361 -0.0386 -0.1281 0.0756 0.7300 -10.7065 -3.8165 -0.7954 -10.7231 3.9673 7.2271 13.2574 -14.0882 -59.9725 -30.7431 -18.0614 -1.4931 0.3948 -126.1607 1.8683 29.4529 21.9426 -15.0828 9.8227 15.0770 -59.9375 1.7156 2.3649 -10.1314 12.4412 11.7386 86.5193 -36.9782 -41.3507 2.1944 0.0694 144.7922 -6.0770 43.0321 -35.3481 15.9208 6.4068 -15.9298 49.6811 -3.6635 -5.5688 -4.0676 -14.0941 4.3729 0.0965 29.1711 0.1751 -9.8130 -11.8054 1.6501 1.8361 -3.4477 -2.2437 11.6384 -19.8821 -38.0258 -0.8674 36.3082 -1.8470 -8.3097 -9.8459 -8.1716 -1.4440 -4.4873 0.9838
-293.7119 98.3027 -99.8517 3.6776 1.7616 -1.7905 -0.4761 10.6271 -0.4567 -0.9239 -0.3212 -0.2624 -4.8692 21.2715 -3.4819 12.9259 -0.6389 -0.8439 -3.6588 -3.4445 -9.9325 8.4534 -1.4648 -15.2269 -0.0389 -0.1040 0.0816 0.7288 -10.6803 -3.8089 -0.7979 -10.6962 3.9712 7.3878 12.8946 -13.2623 -58.7578 -30.9800 -19.2271 -1.2609 0.4698 -126.2064 0.5292 29.4114 21.2746 -14.9451 9.8564 15.1984 -60.0119 1.7768 2.4026 -10.2135 12.7856 11.9768 86.1222 -37.3708 -40.1571 2.0448 0.1344 144.1759 -7.3570 42.5639 -35.2935 15.9585 6.5711 -15.9780 49.7701 -3.5537 -5.6195 -4.0875 -13.3605 2.9711 0.0836 28.2893 0.2654 -6.3410 -12.4400 3.9531 1.8250 -2.6281 -2.1645 12.1395 -20.6554 -38.1760 -0.9765 38.9797 -2.0019 -9.9623 -8.7334 -7.0647 -1.4594 -5.5023 1.0207
-294.7456 97.8466 -100.3897 3.6820 0.9599 -3.6832 -0.7446 10.8943 -0.3695 -0.9852 -0.2714 -0.1736 -4.8519 21.3752 -3.1843 12.3501 0.2081 -0.6561 -3.3787 -3.4690 -9.6014 8.6593 -1.6222 -14.6750 -0.0516 -0.0720 0.0990 0.7249 -10.6165 -3.7876 -0.8199 -10.6341 3.9910 7.8003 12.7981 -12.5840 -57.5136 -31.5078 -20.5024 -0.7737 0.4076 -125.8620 -0.2808 29.5594 21.0962 -14.9893 9.9496 15.2315 -60.2103 1.8177 2.4283 -10.3881 13.0133 12.0013 85.5153 -37.6160 -38.3740 1.9023 0.1629 143.1512 -8.3519 41.8157 -35.3646 15.8916 6.6986 -16.0820 49.6971 -3.5255 -5.6306 -3.7826 -12.5639 2.6617 0.1102 28.1458 0.2591 -4.9055 -13.6123 5.7944 1.7690 -1.7104 -2.1519 12.4616 -21.3588 -38.1005 -1.0898 41.7652 -2.2065 -11.3809 -7.5791 -6.1011 -1.4662 -6.8403 1.0350
-295.7656 97.4149 -101.0649 3.7827 0.3003 -5.9368 -1.1457 11.0357 -0.2834 -1.1341 -0.1984 0.0412 -4.9476 21.5068 -3.0002 12.0466 0.8482 -0.6611 -3.1878 -3.5119 -8.9906 8.9617 -1.7823 -14.0567 -0.0320 -0.0685 0.0473 0.7550 -10.5930 -3.8398 -0.8121 -10.6203 3.9345 8.3130 12.6775 -12.0950 -56.5183 -32.4782 -21.3673 -0.5793 0.6258 -124.8564 -0.8403 29.2202 20.5270 -15.1115 10.0223 15.2049 -60.2639 1.9471 2.4823 -10.4616 13.0916 11.9993 84.8857 -37.8175 -36.4146 1.8256 0.0136 141.8199 -9.4335 40.6880 -35.7012 15.7783 6.8066 -16.1123 49.7359 -3.4096 -5.5636 -3.4752 -12.1437 3.1999 0.0760 28.6768 0.1151 -4.6121 -14.7474 7.3777 1.7265 -0.8646 -2.1254 12.7147 -22.5242 -37.9946 -1.2797 44.8790 -2.5577 -12.4810 -5.0932 -4.5529 -1.4751 -8.8024 1.0547
-296.7722 97.1116 -101.8372 3.8094 -0.0661 -8.6386 -1.5187 11.0996 -0.2332 -1.2596 -0.1416 0.2754 -5.2433 21.6634 -2.8993 11.8118 0.8967 -0.5736 -3.1052 -3.5399 -8.2814 9.3206 -1.8922 -13.5601 -0.0324 -0.0729 0.0417 0.7525 -10.5266 -3.8258 -0.8095 -10.5633 3.9084 8.3745 12.3937 -11.8056 -55.3360 -33.3161 -22.1584 -0.6880 0.7915 -123.4709 -1.1186 28.6226 20.0568 -15.2073 10.1297 15.2305 -60.3918 1.9735 2.4393 -10.2646 13.2024 12.1782 84.1966 -38.1711 -34.6073 1.7910 -0.0674 140.5786 -10.2406 39.5581 -35.6993 15.6047 6.7945 -16.0961 49.4265 -3.4199 -5.5342 -3.1180 -12.0018 3.9303 0.0848 29.1713 0.0431 -4.8538 -15.5534 9.3897 1.6972 -0.1213 -2.1646 12.7935 -24.2955 -38.0700 -1.3323 48.3765 -2.7879 -11.7538 -1.3334 -1.7909 -1.4862 -11.0708 1.0862
-297.7658 97.0070 -102.6728 3.4765 -0.2867 -11.6872 -1.7985 11.1940 -0.2056 -1.3176 -0.0614 0.4877 -5.4495 21.8267 -2.8145 11.3489 0.5431 -0.3699 -2.8877 -3.4982 -7.5396 9.6585 -2.2057 -12.8862 -0.0372 -0.0736 0.0542 0.7550 -10.4676 -3.7923 -0.8184 -10.5105 3.8977 8.1307 12.1263 -11.5800 -54.2377 -33.7689 -22.8492 -0.8840 0.8332 -122.3710 -1.3250 27.8991 19.7163 -15.2759 10.1841 15.3125 -60.4997 1.9674 2.3677 -10.0515 13.3986 12.4235 83.0871 -38.4090 -32.4740 1.5569 -0.1377 139.6103 -10.7732 38.4675 -35.2406 15.4222 6.7561 -16.0398 49.0846 -3.4683 -5.4870 -2.3187 -11.9341 4.6034 0.0785 29.5115 -0.0017 -5.3478 -15.9415 11.9757 1.6659 0.4666 -2.2042 12.7680 -26.8650 -38.3222 -1.3116 52.8277 -2.9289 -7.4808 4.9776 3.1822 -1.4455 -12.9057 1.0422
-298.7410 96.9261 -103.4696 2.7775 -0.5693 -14.7840 -1.9513 11.3820 -0.2512 -1.3472 0.0323 0.6603 -5.4339 21.9204 -2.6853 10.7190 0.1588 -0.0318 -2.6386 -3.4383 -6.9444 9.9545 -2.5385 -12.0254 -0.0331 -0.0775 0.0558 0.7706 -10.4414 -3.7795 -0.8225 -10.4860 3.8829 7.7237 12.0169 -11.3322 -53.2318 -33.7979 -23.3911 -0.9921 0.8477 -121.7645 -1.6426 27.2756 19.4514 -15.2886 10.2227 15.4936 -60.5813 1.9171 2.3320 -10.0053 13.6147 12.5743 81.6209 -38.2622 -30.1507 1.2217 -0.1938 138.8749 -10.6778 37.1371 -33.9447 15.1946 6.7443 -16.0500 48.8526 -3.5379 -5.4515 -0.9492 -11.8439 5.2086 0.0984 30.0020 0.0573 -6.1688 -16.0902 14.4515 1.6461 0.6116 -2.1813 12.2601 -30.0351 -38.1579 -1.1972 57.6809 -2.7517 3.2199 12.7584 11.7935 -1.2206 -10.6299 0.9067
-299.7464 96.7158 -104.0485 1.9089 -1.0340 -17.4661 -2.0021 11.6166 -0.3421 -1.4062 0.0919 0.8311 -5.2661 22.0055 -2.5619 10.2405 0.0373 0.1156 -2.4818 -3.4221 -6.2522 10.1735 -2.7972 -11.2085 -0.0424 -0.0713 0.0851 0.7729 -10.4632 -3.7556 -0.8419 -10.5090 3.9201 7.3104 12.1613 -11.2170 -52.3592 -33.7167 -23.5473 -1.0853 0.9490 -121.4499 -1.8379 26.6361 19.2792 -15.2548 10.2434 15.6040 -60.4810 1.8726 2.3533 -10.0124 13.8134 12.5057 80.0296 -37.6536 -27.9395 0.7447 -0.3293 138.5057 -10.1795 35.8233 -32.2848 15.1281 6.7651 -16.0523 48.7254 -3.5552 -5.3616 0.8943 -11.8111 6.0097 0.0848 31.0502 0.1178 -7.3698 -16.2657 16.1353 1.6440 0.4611 -2.0455 10.9876 -32.9302 -37.3627 -1.0106 61.7070 -2.1909 14.5497 16.1105 20.2743 -0.9401 -5.7313 0.8719
-301.0360 96.4400 -104.5706 1.0790 -1.5709 -19.3726 -1.9715 11.7692 -0.3484 -1.3874 0.1659 0.7551 -5.2334 22.0301 -2.5154 10.1424 0.1937 0.1049 -2.2768 -3.4093 -5.6081 10.1088 -3.1449 -10.4888 -0.0265 -0.0629 0.0681 0.7956 -10.4776 -3.7828 -0.8310 -10.5246 3.9053 7.0907 12.2356 -11.1550 -51.8850 -33.4132 -23.3299 -0.9865 0.8576 -121.3046 -1.7449 26.3625 19.2975 -15.3313 10.3237 15.7937 -60.6154 1.8505 2.4068 -9.8734 13.8045 12.3420 78.6858 -36.5626 -26.7518 0.5152 -0.4481 138.6614 -9.3435 34.5667 -30.7071 15.0985 6.8254 -16.1063 48.7290 -3.5451 -5.3165 2.9526 -11.8613 6.7650 0.0556 32.3586 0.0827 -8.8683 -16.5097 16.8431 1.6340 0.5631 -1.9697 8.9011 -35.4206 -35.9676 -1.1262 65.2709 -2.0557 13.8624 12.7030 17.6428 -1.0724 -4.4722 0.8713
-302.5111 96.1127 -105.0471 0.3177 -2.1532 -20.6519 -1.7923 11.8360 -0.3017 -1.3213 0.2362 0.5825 -5.3066 22.1049 -2.4496 10.1524 0.3731 0.0524 -2.1342 -3.4117 -5.1655 9.9312 -3.2509 -9.8973 -0.0021 -0.0652 0.0299 0.8157 -10.5120 -3.8338 -0.8008 -10.5586 3.8694 6.7989 12.3359 -11.2321 -51.7427 -33.0952 -22.6016 -0.7456 0.7116 -121.5279 -1.5303 26.3917 19.5992 -15.3938 10.3984 15.9610 -60.7858 1.8561 2.4644 -9.6769 13.7040 12.1611 77.7819 -35.2869 -26.7615 0.6039 -0.4803 139.2095 -8.3199 33.5450 -29.3202 15.0672 6.8938 -16.1927 48.8102 -3.5527 -5.2716 5.2152 -11.8911 7.4013 0.0365 33.6668 0.0421 -10.4370 -16.7099 16.9651 1.6302 0.7853 -1.9339 5.3250 -37.5656 -32.7699 -1.1838 67.2697 -1.9069 8.2905 8.1563 9.4468 -1.3201 -3.7043 0.8795
-304.3945 95.6850 -105.5674 -0.2914 -2.7807 -21.4146 -1.5356 11.8449 -0.2491 -1.2558 0.3133 0.4707 -5.3940 22.2385 -2.4126 10.1275 0.5440 -0.0308 -2.0335 -3.4452 -4.9182 9.6476 -3.1680 -9.4301 0.0077 -0.0738 0.0081 0.8147 -10.5621 -3.8652 -0.7794 -10.6063 3.8516 6.4330 12.4517 -11.3951 -52.0339 -32.9191 -21.4246 -0.4253 0.6064 -122.1039 -1.0434 26.6851 20.2737 -15.4320 10.4089 16.0289 -60.8879 1.8385 2.5542 -9.5438 13.6020 11.9644 77.1623 -33.9584 -27.5568 0.7801 -0.4792 140.0909 -7.2236 32.9173 -28.1809 15.1198 6.9775 -16.2704 49.0013 -3.4973 -5.2123 7.5469 -11.7989 7.6993 0.0244 34.8665 0.0334 -12.0142 -16.9032 16.7157 1.6303 1.0893 -1.9071 0.0099 -38.9249 -27.3258 -0.8552 66.9617 -1.3061 2.0603 4.6163 0.4220 -1.4582 -2.9584 0.9228
-306.5045 95.1325 -106.0706 -0.6088 -3.4160 -21.7678 -1.3304 11.7766 -0.2113 -1.2002 0.4129 0.4851 -5.5296 22.3907 -2.5236 10.0016 0.6443 -0.0640 -1.9971 -3.4877 -4.8139 9.3033 -3.0275 -9.1452 -0.0019 -0.0858 0.0158 0.7942 -10.6088 -3.8665 -0.7777 -10.6483 3.8675 6.0786 12.4865 -11.5189 -52.8403 -32.8769 -19.8941 -0.0903 0.5234 -122.9684 -0.2622 27.1118 21.3285 -15.5220 10.3313 16.0088 -60.9417 1.7743 2.7003 -9.5750 13.5479 11.7838 76.7215 -32.6648 -28.7470 0.8475 -0.4617 141.1526 -6.0263 32.5587 -27.1370 15.2726 7.0671 -16.3755 49.3294 -3.4167 -5.2057 9.7923 -11.5336 7.6471 0.0028 35.8405 0.0222 -13.6798 -16.9655 16.2386 1.6305 1.4115 -1.8794 -6.8111 -38.9270 -20.2520 -0.2233 64.1379 -0.3220 -3.4542 3.3237 -7.6445 -1.4829 -2.5927 0.9570
-308.9118 94.4976 -106.5760 -0.5463 -3.9455 -21.7546 -1.2714 11.6353 -0.1985 -1.1524 0.4631 0.5788 -5.7792 22.5197 -2.7818 9.8427 0.6435 -0.0281 -2.0897 -3.5042 -4.8292 8.9744 -2.9261 -9.0739 -0.0155 -0.0912 0.0298 0.7738 -10.6240 -3.8565 -0.7841 -10.6589 3.8847 5.7518 12.4466 -11.6099 -54.0991 -32.8786 -18.2038 0.1590 0.4778 -123.9535 0.8750 27.7193 22.5503 -15.5987 10.2758 15.9744 -61.0160 1.7225 2.8181 -9.7699 13.5006 11.6830 76.4813 -31.4074 -30.0025 0.8425 -0.4175 142.2186 -4.9891 32.5485 -26.2069 15.4327 7.1448 -16.4545 49.6641 -3.3371 -5.2274 11.7541 -11.1813 7.4232 -0.0151 36.4704 -0.0079 -15.4304 -16.7368 15.7091 1.6305 1.6652 -1.8632 -13.8828 -37.3549 -13.4629 0.4090 59.0566 0.7231 -7.7904 3.8406 -13.5054 -1.5119 -2.7503 0.9626
-311.5133 93.8531 -107.0658 -0.2183 -4.2768 -21.6094 -1.3122 11.4303 -0.1602 -1.1040 0.4509 0.7391 -6.1407 22.6121 -3.1366 9.6062 0.5064 0.0948 -2.2699 -3.5038 -4.9957 8.6996 -2.8513 -9.1582 -0.0214 -0.0960 0.0245 0.7703 -10.6477 -3.8663 -0.7939 -10.6800 3.8830 5.3882 12.3748 -11.7152 -55.7784 -33.0260 -16.3588 0.1519 0.4514 -124.9201 2.3362 28.3259 23.6989 -15.5923 10.2975 15.9675 -61.0638 1.7140 2.8395 -10.0515 13.4829 11.6971 76.3852 -30.3781 -31.1120 0.7932 -0.3810 143.1214 -4.2659 32.7564 -25.3494 15.6243 7.1765 -16.5148 49.9073 -3.2882 -5.3005 13.5398 -10.9246 7.3368 -0.0467 36.7898 -0.1017 -17.2315 -16.0589 15.1587 1.6335 1.7855 -1.8869 -20.0206 -34.5972 -8.1178 0.8688 52.1416 1.6323 -10.7240 6.0848 -16.4506 -1.5720 -3.0191 0.9389
-314.4170 93.1916 -107.5376 0.2282 -4.3670 -21.3897 -1.4061 11.1611 -0.0892 -1.0571 0.3943 0.8978 -6.5665 22.6287 -3.4410 9.2399 0.2110 0.2829 -2.4894 -3.5298 -5.2765 8.4504 -2.7652 -9.3953 -0.0278 -0.1023 0.0213 0.7786 -10.6612 -3.8732 -0.8169 -10.6915 3.8820 4.9919 12.2364 -11.8880 -57.7546 -33.1753 -14.5032 -0.1100 0.4271 -125.8656 4.0041 28.9279 24.6089 -15.5603 10.3247 15.9099 -60.9643 1.7359 2.7732 -10.4034 13.5391 11.7881 76.5693 -29.6339 -32.0535 0.7696 -0.2236 143.7929 -3.8554 33.2696 -24.5417 15.7498 7.1646 -16.5195 49.9723 -3.3281 -5.3547 15.3981 -10.8473 7.4563 -0.1071 36.7487 -0.2759 -19.1274 -14.8914 14.6537 1.6427 1.8513 -1.9328 -24.7656 -30.9087 -4.3436 1.0147 43.5692 2.2028 -11.5550 10.4575 -16.3753 -1.6588 -2.9846 0.9285
-317.7499 92.5490 -108.0717 0.6578 -4.1557 -21.0443 -1.4867 10.8342 0.0672 -1.0339 0.2759 0.8758 -6.9868 22.5360 -3.5673 8.6550 -0.1341 0.5742 -2.6776 -3.5975 -5.6768 8.2232 -2.6757 -9.7442 -0.0388 -0.1016 0.0394 0.7971 -10.6497 -3.8502 -0.8599 -10.6758 3.8949 4.6374 11.9903 -12.1092 -59.6675 -33.1487 -12.8850 -0.5249 0.3267 -126.7119 5.3897 29.3030 25.0343 -15.4928 10.2540 15.6970 -60.7294 1.7441 2.6242 -10.7078 13.8263 11.8867 77.0580 -29.3540 -32.8150 0.7722 0.0359 144.2166 -3.7424 34.1531 -23.8675 15.6856 7.0881 -16.3661 49.7216 -3.4734 -5.3600 17.4942 -11.0468 7.7655 -0.2125 36.2100 -0.4966 -21.0247 -13.2301 14.0909 1.6525 1.9153 -1.9597 -27.8031 -27.0233 -2.2297 0.8858 34.9676 2.4413 -7.8401 15.7606 -13.1860 -1.7210 -2.4172 0.9574
-321.6694 91.9560 -108.7559 1.0236 -3.6614 -20.3687 -1.5818 10.4085 0.3063 -1.0776 0.0522 0.4820 -7.3762 22.3479 -3.4559 7.8999 -0.3682 0.8108 -2.8165 -3.6453 -5.9099 8.0165 -2.7145 -10.2100 -0.0540 -0.0858 0.0924 0.8185 -10.5749 -3.7714 -0.9145 -10.5913 3.9236 4.4337 11.8339 -12.2635 -61.0710 -32.8584 -11.7966 -0.8619 0.3158 -127.5419 5.7439 29.1834 24.8786 -15.3632 10.1510 15.3994 -60.5654 1.7852 2.4336 -10.8293 14.1915 12.0973 77.7386 -29.2934 -33.5130 0.8627 0.2981 144.5464 -3.8235 35.0288 -23.5858 15.3416 6.8975 -16.2006 48.9725 -3.6836 -5.4752 19.9001 -11.3933 8.1644 -0.3513 34.7233 -0.7815 -23.0698 -10.9031 13.3086 1.6508 1.7469 -1.9036 -29.2663 -24.1931 -2.3060 0.6533 29.7087 2.4784 7.1425 16.6003 -6.9446 -1.6597 -2.0403 1.0672
-325.9729 91.4159 -109.6398 1.3049 -3.1029 -19.2433 -1.7289 10.0941 0.2505 -1.2559 -0.1075 0.4727 -7.6204 21.9850 -3.5987 7.0422 -0.7013 1.0115 -2.9719 -3.5360 -6.1079 7.8373 -2.9008 -10.7229 -0.0521 -0.0770 0.1190 0.8135 -10.5330 -3.7297 -0.9111 -10.5377 3.9406 4.4589 11.8690 -12.3139 -61.8900 -32.5562 -11.1715 -1.1351 0.5599 -128.5552 5.2595 28.7977 24.1802 -15.2646 10.1754 15.4210 -60.5085 1.7982 2.4853 -10.9482 14.0190 12.2852 78.0154 -28.9373 -33.2445 0.8238 0.4441 144.6306 -4.4921 36.3220 -24.0388 15.1423 6.9926 -16.2718 48.8737 -3.6573 -5.5477 22.5530 -11.6571 8.1505 -0.3842 32.2431 -0.9016 -25.3108 -7.4280 12.0557 1.6895 1.3645 -1.7752 -28.2421 -24.4787 -6.4554 0.6021 30.6296 2.1807 19.4982 8.3451 -4.1737 -1.5464 -0.7267 1.1172
-330.6336 90.9783 -110.7806 1.2555 -2.5253 -17.9046 -1.5814 10.0577 0.0054 -1.4868 -0.1981 0.5380 -7.8742 21.6830 -3.7124 5.9317 -1.2999 0.8984 -2.9205 -3.6148 -6.2811 7.4822 -2.8789 -10.9114 -0.0465 -0.1209 0.1146 0.7764 -10.4810 -3.7029 -0.8663 -10.4737 3.9112 4.3193 12.1066 -12.6829 -62.2524 -32.5466 -10.0900 -1.2522 0.5475 -130.0191 4.8841 27.8393 23.8203 -15.0321 10.0608 15.3894 -60.4227 1.6615 2.6459 -11.1024 14.0725 12.4417 78.4751 -29.0520 -33.2043 0.7306 0.3738 144.7467 -4.6968 37.0902 -25.0479 14.8493 7.0295 -16.2962 48.7813 -3.6359 -5.5347 25.6476 -11.7069 7.7326 -0.3733 28.5520 -1.0739 -27.3298 -1.3285 10.8158 1.7256 0.6775 -1.8604 -25.1733 -26.4454 -11.3121 0.6186 34.8239 1.7735 20.8708 -1.0403 -4.1526 -1.4909 0.9107 1.0921
-335.1913 91.2127 -112.1183 0.9151 -1.9593 -16.3209 -1.3320 9.9818 -0.1721 -1.6508 -0.1895 0.6367 -7.9540 21.8754 -4.1790 5.0326 -2.0327 0.9669 -2.7356 -3.5869 -6.8366 6.8515 -2.9792 -10.8449 -0.0556 -0.1356 0.1134 0.7646 -10.4840 -3.7086 -0.8723 -10.4853 3.9239 4.1396 12.3884 -13.3774 -62.6321 -32.4876 -8.6795 -1.2068 0.4784 -131.6863 5.1598 27.6612 23.8066 -15.2462 10.0781 15.4615 -60.3932 1.6035 2.8841 -11.2671 14.2304 12.5357 78.7184 -29.7964 -33.0034 0.8299 0.2780 144.5888 -4.9454 37.5587 -26.1662 14.9889 6.9958 -16.3223 49.0702 -3.5326 -5.3881 28.7604 -11.3212 7.0048 -0.3218 23.0912 -1.2199 -27.7594 7.9025 9.3768 1.7903 -0.9712 -1.9434 -21.4526 -28.6501 -14.8177 0.6663 40.0880 1.6581 18.3373 -6.1898 -4.8752 -1.4864 1.4474 1.0010
-339.6297 91.6839 -113.2546 0.7404 -1.4160 -14.4192 -1.1812 9.9388 -0.3253 -1.7806 -0.2304 0.4015 -7.9343 21.8532 -4.5297 4.7499 -1.6171 0.9359 -2.7014 -3.5611 -7.1286 6.3186 -2.8928 -10.8284 -0.0605 -0.1475 0.1087 0.7223 -10.5140 -3.7133 -0.8411 -10.5248 3.9270 4.5706 12.6366 -13.9479 -63.8279 -31.7198 -7.6278 -1.2557 0.4296 -132.8106 5.8830 27.7774 23.9410 -15.2840 10.0122 15.2831 -60.3976 1.5668 2.9174 -11.7303 14.2706 12.5621 78.5618 -30.1404 -33.0489 0.9254 0.3796 144.4017 -4.4046 38.0966 -26.8392 15.2220 7.0133 -16.4252 49.4529 -3.5463 -5.3997 30.7349 -10.3481 5.4287 -0.2456 17.0635 -1.2457 -24.5164 17.9939 10.1345 1.8285 -2.3620 -2.0201 -17.8159 -29.3741 -17.9416 0.7034 43.2103 1.4866 15.9942 -9.8534 -5.8810 -1.4886 1.7946 0.9023
-343.7702 92.3965 -114.2222 0.8645 -0.8954 -12.4467 -1.0158 9.9191 -0.4959 -1.8617 -0.3115 0.2208 -7.8284 21.7630 -4.8934 4.7260 -0.8162 0.9775 -2.7220 -3.5773 -7.4931 5.8345 -2.8008 -10.7813 -0.0450 -0.1558 0.0733 0.7034 -10.5528 -3.7487 -0.7906 -10.5692 3.8887 5.0049 12.8006 -14.4126 -64.6987 -30.6229 -7.7152 -1.3890 0.3679 -133.0643 6.3043 27.9161 24.1871 -15.2355 9.9941 15.1981 -60.2747 1.5007 2.8541 -12.1824 14.2086 12.6270 77.7140 -30.7654 -33.4726 0.8187 0.4903 144.2545 -3.5799 38.7536 -27.2383 15.3659 7.0166 -16.4717 49.6515 -3.5889 -5.3795 31.1926 -9.7349 3.5572 -0.1421 12.4319 -1.1791 -16.2166 25.5865 14.2993 1.8448 -1.6311 -2.0042 -14.5975 -29.2292 -20.7300 0.6060 44.5932 1.2204 13.8678 -12.4187 -7.0063 -1.4930 1.9347 0.8912
-347.2680 93.2633 -115.0980 1.3470 -0.6090 -10.8130 -0.8715 9.9707 -0.5689 -1.8633 -0.3632 0.0756 -7.7110 21.7436 -5.1567 4.7264 -0.1449 1.0621 -2.7992 -3.5742 -7.6298 5.3510 -2.7781 -10.7929 -0.0329 -0.1502 0.0483 0.6977 -10.5600 -3.7702 -0.7603 -10.5743 3.8576 5.1482 12.9415 -14.7712 -64.8129 -29.4903 -8.7363 -1.4206 0.3180 -132.7502 6.3708 28.0881 24.5118 -15.0833 10.0952 15.2302 -60.1600 1.4541 2.7510 -12.5724 14.1358 12.8053 76.5357 -32.0852 -34.2405 0.5000 0.4562 143.9572 -2.8110 39.6417 -27.4913 15.3369 6.9647 -16.4259 49.6242 -3.6218 -5.3088 30.0827 -10.2024 2.5959 -0.0991 10.7862 -1.0805 -7.6200 27.5494 18.6385 1.8609 -0.3914 -1.9664 -12.0952 -28.4716 -22.7359 0.4979 44.7087 1.0094 11.9622 -14.0942 -8.0886 -1.4949 2.0634 0.8966
-350.3439 94.1385 -115.9274 1.9814 -0.5920 -9.7212 -0.7109 10.0900 -0.5575 -1.8189 -0.3500 0.0069 -7.5081 21.7503 -5.2426 4.7080 0.3605 1.1375 -2.9038 -3.5528 -7.5928 4.8892 -2.8305 -10.7778 -0.0349 -0.1384 0.0444 0.7019 -10.5451 -3.7706 -0.7681 -10.5485 3.8521 5.0703 13.1424 -14.9212 -64.3263 -28.5727 -10.1104 -1.3374 0.2846 -132.2342 6.2142 28.3918 24.6598 -14.9996 10.2298 15.3211 -60.1995 1.4723 2.7253 -12.9710 14.1207 13.0120 75.7326 -33.8640 -35.0717 0.1459 0.3494 143.4051 -2.4716 40.5659 -27.9466 15.2439 6.9037 -16.3940 49.5487 -3.6307 -5.3065 27.8717 -11.4803 2.9370 -0.1875 12.0429 -1.0340 -4.6301 25.4470 19.6696 1.8594 -0.2933 -2.0209 -10.2278 -27.2958 -23.9629 0.3883 43.9181 0.8027 10.2647 -15.0478 -8.9852 -1.4910 2.1723 0.8720
-353.1130 94.9988 -116.7319 2.6886 -0.6837 -8.9100 -0.5829 10.1970 -0.5009 -1.7457 -0.3434 -0.0349 -7.1933 21.7231 -5.2285 4.7224 0.7411 1.1908 -3.0180 -3.5303 -7.4719 4.3723 -2.8542 -10.7273 -0.0504 -0.1275 0.0696 0.6926 -10.5204 -3.7413 -0.7903 -10.5127 3.8802 4.9487 13.3700 -14.9209 -63.6934 -27.8196 -11.3355 -1.2181 0.2778 -131.7982 5.8327 28.5494 24.5678 -15.0645 10.3124 15.3853 -60.3734 1.5154 2.7077 -13.3872 14.0808 13.2509 75.6413 -35.5636 -35.9086 -0.0599 0.2449 142.7224 -2.4203 41.3473 -28.7591 15.1164 6.8336 -16.3923 49.3793 -3.6870 -5.3409 24.8610 -13.1064 4.0555 -0.3020 14.8433 -0.9938 -3.5419 22.0899 19.6632 1.8460 -0.4968 -2.0926 -8.7331 -25.9189 -24.7690 0.3022 42.5776 0.6516 8.7063 -15.5678 -9.8754 -1.4846 2.1268 0.8538
-355.6372 95.8036 -117.4656 3.3286 -0.7695 -8.2376 -0.4979 10.2466 -0.4782 -1.6476 -0.3658 -0.0675 -6.8179 21.6036 -5.1375 4.8138 1.0045 1.1942 -3.1006 -3.5004 -7.3969 3.8371 -2.7426 -10.6765 -0.0630 -0.1254 0.0923 0.6787 -10.4945 -3.7168 -0.8015 -10.4819 3.9063 4.8586 13.5743 -14.8991 -63.0836 -27.2059 -12.1406 -1.0455 0.2428 -131.4803 5.2983 28.6043 24.2248 -15.1832 10.3181 15.4344 -60.5012 1.5411 2.7227 -13.6192 14.0326 13.4960 76.2125 -36.7822 -36.6434 0.0556 0.2537 142.1489 -2.4719 42.0031 -29.6950 15.0667 6.7465 -16.3580 49.2271 -3.7362 -5.3849 21.6640 -14.4936 5.2002 -0.3721 17.8508 -0.8961 -2.7511 18.6927 19.6873 1.8406 -0.7267 -2.1430 -7.4839 -24.4586 -25.4178 0.2333 40.8607 0.5112 7.3015 -15.7413 -10.6992 -1.4793 2.0453 0.8482
-357.9104 96.5170 -118.0652 3.8524 -0.8084 -7.5693 -0.4196 10.2570 -0.4701 -1.5394 -0.4227 -0.1185 -6.3970 21.4547 -4.9996 4.9980 1.1613 1.1524 -3.1901 -3.4593 -7.4073 3.3171 -2.5639 -10.7332 -0.0713 -0.1240 0.1108 0.6728 -10.4822 -3.7027 -0.8126 -10.4686 3.9335 4.9078 13.7641 -14.8968 -62.5060 -26.7568 -12.5882 -0.9118 0.2074 -131.2271 4.6849 28.7415 23.7902 -15.2767 10.2971 15.4593 -60.6031 1.5676 2.7353 -13.6809 14.0182 13.6468 77.1351 -37.5442 -37.1646 0.2814 0.2812 141.8150 -2.7726 42.6342 -30.8054 15.0572 6.7048 -16.3009 49.1580 -3.7534 -5.3917 18.6724 -15.5081 5.9864 -0.4158 20.4296 -0.8105 -2.9040 15.7823 19.2468 1.8328 -0.9408 -2.1926 -6.3440 -23.0278 -26.0263 0.1642 39.0447 0.3703 6.0915 -15.8092 -11.5951 -1.4764 1.9505 0.8689
-360.0186 97.1508 -118.5309 4.2418 -0.7918 -6.8161 -0.3247 10.2067 -0.4926 -1.4179 -0.5023 -0.1752 -5.9432 21.2905 -4.8441 5.2397 1.3034 1.0614 -3.2969 -3.4293 -7.5210 2.8755 -2.3004 -10.8632 -0.0753 -0.1227 0.1239 0.6719 -10.4737 -3.6965 -0.8202 -10.4630 3.9573 5.0762 13.9178 -14.9428 -61.8695 -26.4098 -12.8482 -0.8034 0.1524 -130.9566 3.9283 28.7797 23.2258 -15.3827 10.2336 15.4813 -60.6767 1.5757 2.7568 -13.5819 14.0074 13.6602 78.2733 -37.9040 -37.5641 0.5908 0.2714 141.7348 -3.2239 43.1525 -31.9674 15.0687 6.6949 -16.2440 49.1252 -3.7294 -5.3680 16.0236 -16.1515 6.3478 -0.4139 22.1283 -0.7088 -3.6335 13.2192 18.5064 1.8232 -1.1177 -2.2203 -5.2425 -21.6540 -26.7116 0.0922 37.2083 0.2308 5.0241 -15.8166 -12.4499 -1.4751 1.7923 0.8922
-361.9506 97.6575 -118.8833 4.5571 -0.6932 -5.8988 -0.2013 10.1000 -0.5208 -1.3035 -0.6028 -0.2250 -5.4958 21.1033 -4.6970 5.5155 1.4427 0.9433 -3.4067 -3.4188 -7.7246 2.5460 -1.9668 -11.0935 -0.0739 -0.1215 0.1264 0.6807 -10.4643 -3.7005 -0.8263 -10.4605 3.9676 5.3966 13.9760 -15.0561 -61.2272 -26.0640 -12.9575 -0.7319 0.1336 -130.6542 3.0312 28.8499 22.7142 -15.4306 10.1817 15.4820 -60.6357 1.5888 2.7584 -13.3381 13.8933 13.5848 79.4468 -37.9215 -38.0226 0.9980 0.2743 141.8823 -3.7073 43.4443 -33.1517 15.0667 6.6853 -16.1896 49.0807 -3.7064 -5.3384 13.6841 -16.5304 6.4260 -0.3757 22.7037 -0.5910 -4.5565 11.0332 17.6719 1.8161 -1.2695 -2.2381 -4.1565 -20.3814 -27.4900 0.0157 35.3886 0.0808 4.0829 -15.8285 -13.2976 -1.4743 1.6323 0.9229
-363.8980 98.0501 -119.1706 4.8383 -0.5501 -4.8529 -0.0597 9.9500 -0.5373 -1.1996 -0.7220 -0.2821 -5.1023 20.9510 -4.5989 5.7911 1.5798 0.8588 -3.5134 -3.4282 -8.0064 2.3121 -1.4939 -11.3860 -0.0642 -0.1264 0.1148 0.6939 -10.4785 -3.7245 -0.8196 -10.4822 3.9663 5.7604 13.9420 -15.2272 -60.5911 -25.7491 -12.9950 -0.6622 0.1048 -130.3092 2.1764 29.0304 22.2959 -15.4461 10.1347 15.4555 -60.5329 1.5994 2.7755 -12.9978 13.7416 13.4995 80.3293 -37.7506 -38.4483 1.3258 0.2126 142.1727 -4.1847 43.5861 -34.2568 15.0823 6.6476 -16.1073 49.0468 -3.6958 -5.2987 11.6533 -16.6894 6.2739 -0.3158 22.2531 -0.4698 -5.4788 9.4331 16.7973 1.8070 -1.3587 -2.2527 -3.1346 -19.2831 -28.3318 -0.0539 33.7290 -0.0790 3.1931 -15.8688 -14.1391 -1.4733 1.5108 0.9422
-365.9096 98.3565 -119.5302 5.1205 -0.4316 -3.7258 0.0762 9.8087 -0.5746 -1.1085 -0.8137 -0.3361 -4.7393 20.8189 -4.4862 6.0801 1.7606 0.7486 -3.6182 -3.4503 -8.2819 2.1278 -0.9861 -11.7173 -0.0543 -0.1331 0.1017 0.6992 -10.5032 -3.7478 -0.8044 -10.5140 3.9610 6.1643 13.8655 -15.4458 -60.0338 -25.4844 -13.0165 -0.5754 0.0619 -129.9645 1.4671 29.2702 21.9752 -15.4491 10.0888 15.4435 -60.3593 1.6107 2.8147 -12.6379 13.6116 13.3703 80.9316 -37.5565 -38.8024 1.5711 0.1123 142.5140 -4.5827 43.5254 -35.1852 15.1438 6.6105 -16.0270 49.0999 -3.6721 -5.2823 9.8893 -16.6555 5.9177 -0.2516 21.1695 -0.3552 -6.1389 8.1637 16.0197 1.7984 -1.4222 -2.2579 -2.1959 -18.3237 -29.2174 -0.1026 32.2782 -0.1881 2.3448 -15.9767 -14.9687 -1.4680 1.4115 0.9479
-367.7547 98.5839 -119.8589 5.3956 -0.3642 -2.6285 0.2104 9.6879 -0.5933 -1.0200 -0.8758 -0.3801 -4.4161 20.7209 -4.3961 6.3117 1.9361 0.6544 -3.7013 -3.4670 -8.5586 1.9783 -0.4954 -12.0723 -0.0492 -0.1394 0.0957 0.7012 -10.5331 -3.7639 -0.7967 -10.5466 3.9658 6.5245 13.7748 -15.6723 -59.5889 -25.3218 -12.9973 -0.5105 0.0392 -129.6835 0.9360 29.6498 21.8007 -15.4424 10.0539 15.4186 -60.1924 1.6013 2.8617 -12.3087 13.5173 13.2095 81.2259 -37.4071 -39.0845 1.7657 0.0657 142.8683 -4.6713 43.1058 -35.7316 15.1931 6.5688 -15.9608 49.1810 -3.6471 -5.2746 8.3980 -16.5154 5.4406 -0.1989 20.0322 -0.2763 -6.9670 7.1072 15.0601 1.7895 -1.5324 -2.2545 -1.3570 -17.4790 -30.0248 -0.1475 31.0660 -0.2969 1.4890 -16.1401 -15.8027 -1.4629 1.3367 0.9499
-369.4561 98.7215 -120.1374 5.6696 -0.3476 -1.6032 0.3352 9.5895 -0.6192 -0.9284 -0.9053 -0.4009 -4.1495 20.6669 -4.3374 6.5068 2.0754 0.5791 -3.8007 -3.4721 -8.8185 1.8937 -0.0539 -12.4803 -0.0495 -0.1417 0.0997 0.7027 -10.5667 -3.7691 -0.7988 -10.5812 3.9799 6.7984 13.6368 -15.8455 -59.2342 -25.3040 -13.0166 -0.4928 -0.0121 -129.4555 0.5286 29.9741 21.7115 -15.4258 10.0314 15.4032 -60.0311 1.6026 2.8575 -12.0205 13.4498 13.0480 81.1091 -37.3316 -39.1599 1.9090 0.0296 143.1448 -4.5458 42.4475 -36.0769 15.2580 6.5440 -15.9106 49.3299 -3.6370 -5.2786 7.1188 -16.3529 4.8237 -0.1576 19.1685 -0.2232 -7.7578 6.2724 14.1089 1.7842 -1.6579 -2.2514 -0.6084 -16.7777 -30.7352 -0.1971 30.1361 -0.4027 0.6380 -16.3778 -16.6355 -1.4577 1.2524 0.9419
-370.9763 98.7901 -120.4031 5.9263 -0.3854 -0.7453 0.4576 9.5187 -0.6343 -0.8455 -0.9270 -0.4132 -3.9440 20.6561 -4.2865 6.6797 2.1682 0.5423 -3.8961 -3.4761 -9.0834 1.8607 0.2908 -12.9029 -0.0533 -0.1417 0.1073 0.7035 -10.6011 -3.7684 -0.8077 -10.6160 3.9974 6.9691 13.5360 -15.9289 -59.0042 -25.4419 -13.1268 -0.4928 -0.0589 -129.3559 0.2747 30.2158 21.7688 -15.3794 9.9947 15.3629 -59.9138 1.5966 2.8369 -11.7758 13.3775 12.9074 80.6901 -37.2630 -39.1321 2.1308 0.0128 143.3000 -4.1502 41.6591 -36.2073 15.2983 6.5403 -15.8696 49.4920 -3.6055 -5.3007 6.0785 -16.1631 4.1222 -0.1336 18.7261 -0.2054 -8.8315 5.4167 12.9462 1.7797 -1.7543 -2.2537 0.0672 -16.2196 -31.2705 -0.2504 29.5360 -0.5178 -0.1495 -16.6830 -17.4622 -1.4539 1.1793 0.9266
-372.3614 98.7739 -120.5858 6.1962 -0.4745 -0.0559 0.5485 9.4677 -0.6671 -0.7634 -0.9333 -0.4069 -3.8114 20.6430 -4.2740 6.8269 2.2301 0.5380 -3.9961 -3.4922 -9.3692 1.8530 0.5957 -13.3031 -0.0575 -0.1417 0.1085 0.6984 -10.6263 -3.7736 -0.8108 -10.6411 4.0058 6.9966 13.4188 -15.9606 -58.8784 -25.6123 -13.3816 -0.4940 -0.0575 -129.3579 0.1221 30.2942 21.8506 -15.3428 9.9468 15.3631 -59.7329 1.6030 2.8297 -11.5715 13.3242 12.7781 80.0300 -37.1662 -38.8810 2.4208 0.0409 143.2977 -3.5810 40.7309 -36.0513 15.2863 6.5356 -15.8114 49.5733 -3.5712 -5.2823 5.1671 -15.9558 3.4177 -0.1060 18.7723 -0.1821 -9.4190 4.3803 12.2201 1.7793 -1.8369 -2.2623 0.6489 -15.8009 -31.6264 -0.3080 29.2233 -0.6449 -0.7983 -17.0179 -18.2838 -1.4501 1.1241 0.9128
-373.7376 98.7266 -120.7993 6.4642 -0.5886 0.4543 0.6176 9.4353 -0.6863 -0.6877 -0.9331 -0.4008 -3.7366 20.6388 -4.2861 6.9153 2.2520 0.5480 -4.0788 -3.4996 -9.6396 1.9096 0.8618 -13.6667 -0.0606 -0.1436 0.1104 0.6956 -10.6409 -3.7804 -0.8135 -10.6579 4.0160 6.9256 13.3042 -15.9700 -58.8737 -25.8109 -13.6421 -0.5174 -0.0447 -129.5068 -0.0335 30.1399 21.9292 -15.3140 9.8883 15.3347 -59.5994 1.6183 2.8317 -11.3657 13.2521 12.6246 79.1933 -36.9732 -38.3457 2.6570 0.1060 143.2535 -3.0358 39.7375 -35.7208 15.3098 6.5068 -15.7609 49.6225 -3.5614 -5.2623 4.3440 -15.7942 2.8344 -0.0812 19.4909 -0.1639 -9.7234 3.2598 11.7085 1.7757 -1.9011 -2.2617 1.1626 -15.4493 -31.7869 -0.3635 29.0568 -0.7869 -1.3343 -17.3350 -18.9950 -1.4501 1.1004 0.9154
-375.1204 98.6623 -121.0713 6.6878 -0.7034 0.7573 0.6776 9.4188 -0.6990 -0.6215 -0.9137 -0.3955 -3.6798 20.6457 -4.3062 6.9132 2.2433 0.5670 -4.1014 -3.5040 -9.8982 2.0351 1.0535 -13.9195 -0.0617 -0.1458 0.1127 0.6955 -10.6569 -3.7844 -0.8151 -10.6753 4.0237 6.7459 13.1712 -15.8937 -58.8900 -26.0000 -14.0115 -0.5462 -0.0492 -129.7846 -0.3776 29.7922 21.9864 -15.2864 9.8142 15.2851 -59.4930 1.6227 2.8533 -11.1940 13.1955 12.4768 78.3455 -36.7208 -37.7180 2.7926 0.1894 143.2187 -2.5188 38.7666 -35.3310 15.3100 6.4591 -15.6952 49.6339 -3.5556 -5.2266 3.6476 -15.6801 2.2420 -0.0693 20.8686 -0.1764 -10.1022 2.0444 11.1579 1.7711 -1.9591 -2.2466 1.6851 -15.1445 -31.7686 -0.4184 29.0026 -0.9182 -1.8267 -17.6050 -19.6031 -1.4504 1.0463 0.9212
-376.3869 98.5753 -121.3284 6.9194 -0.7944 0.8339 0.6951 9.4452 -0.7265 -0.5768 -0.8826 -0.3754 -3.6741 20.6363 -4.3199 6.8880 2.1959 0.5652 -4.1157 -3.5012 -10.0793 2.2403 1.1223 -14.1330 -0.0615 -0.1403 0.1136 0.6967 -10.6743 -3.7922 -0.8152 -10.6891 4.0314 6.5390 13.0262 -15.7511 -58.9132 -26.1979 -14.4279 -0.6131 -0.0934 -130.0593 -0.9280 29.2273 22.0258 -15.2358 9.7661 15.2225 -59.4652 1.6333 2.8610 -11.0877 13.1338 12.3278 77.6205 -36.3784 -37.1170 2.8393 0.2502 143.2210 -2.1384 37.9792 -35.0607 15.3109 6.4646 -15.6856 49.6471 -3.5407 -5.1980 3.0280 -15.6897 1.5743 -0.0748 22.9749 -0.2248 -10.4696 0.7642 10.5291 1.7720 -2.0491 -2.2412 2.2000 -14.9155 -31.5389 -0.4688 29.0224 -1.0353 -2.3102 -17.8996 -20.1232 -1.4522 1.0037 0.9341
-377.6660 98.4846 -121.6545 7.2103 -0.8538 0.7466 0.6459 9.4958 -0.7358 -0.5382 -0.8650 -0.3734 -3.7491 20.6425 -4.3182 6.8700 2.0992 0.5542 -4.1272 -3.4862 -10.2532 2.5191 1.0797 -14.3699 -0.0643 -0.1329 0.1181 0.6929 -10.6864 -3.7935 -0.8167 -10.7034 4.0424 6.2833 12.9252 -15.6117 -58.8488 -26.4217 -14.8919 -0.7559 -0.1407 -130.3544 -1.7740 28.5715 22.0432 -15.1594 9.7651 15.2033 -59.4788 1.6710 2.8532 -11.0095 13.1090 12.2241 77.1245 -35.9920 -36.8348 2.8899 0.2580 143.3249 -1.8495 37.2353 -34.9133 15.2804 6.5200 -15.7155 49.7210 -3.5088 -5.2005 2.3756 -15.8174 0.8706 -0.0901 25.6874 -0.2861 -10.6506 -0.4062 9.8956 1.7817 -2.1852 -2.2570 2.6697 -14.7379 -31.1481 -0.5126 29.0054 -1.1318 -2.8102 -18.2065 -20.5572 -1.4552 0.9190 0.9301
-378.8486 98.4058 -121.9275 7.5427 -0.8720 0.5225 0.5593 9.5484 -0.7473 -0.5280 -0.8282 -0.3207 -3.8779 20.6852 -4.3300 6.8572 1.9315 0.5480 -4.1610 -3.4797 -10.4226 2.8529 0.9850 -14.6164 -0.0738 -0.1306 0.1329 0.6836 -10.6858 -3.7774 -0.8266 -10.7034 4.0591 6.0397 12.8841 -15.4544 -58.5527 -26.6654 -15.5208 -0.8556 -0.1525 -130.6906 -2.8527 27.9545 22.0492 -15.0716 9.7694 15.1847 -59.4637 1.6812 2.8613 -10.9953 13.1148 12.0922 76.8991 -35.6256 -36.8930 2.9536 0.2663 143.4620 -1.5136 36.3667 -34.5962 15.1855 6.5761 -15.7375 49.7093 -3.4655 -5.1787 1.6535 -16.0098 0.2925 -0.1123 28.5095 -0.3552 -10.7081 -1.4396 9.2211 1.7944 -2.3848 -2.2650 3.1081 -14.6026 -30.6762 -0.5485 28.9331 -1.2237 -3.3405 -18.4700 -20.9086 -1.4532 0.7699 0.9123
-380.0061 98.3658 -122.2299 7.9060 -0.8335 0.2215 0.4334 9.6032 -0.7185 -0.5255 -0.7886 -0.2741 -4.0486 20.7205 -4.3379 6.8598 1.7286 0.5729 -4.2308 -3.4794 -10.5833 3.2597 0.8929 -14.9282 -0.0817 -0.1299 0.1463 0.6766 -10.6952 -3.7631 -0.8356 -10.7135 4.0747 5.8053 12.8356 -15.2808 -58.0068 -26.8583 -16.2575 -0.9608 -0.1533 -131.0713 -4.1079 27.3738 22.0971 -15.0065 9.7963 15.2024 -59.4497 1.7112 2.8706 -10.9410 13.1507 11.9684 76.7136 -35.3064 -37.0604 3.0486 0.2858 143.5957 -1.1472 35.3778 -34.1182 15.1316 6.5985 -15.7575 49.6977 -3.4415 -5.1912 0.8316 -16.2939 -0.1821 -0.1182 31.3057 -0.3890 -10.2861 -2.3695 8.7945 1.8065 -2.6694 -2.2760 3.5357 -14.5111 -30.2171 -0.5810 28.7696 -1.3248 -3.9008 -18.6224 -21.1532 -1.4524 0.5946 0.8960
-381.2706 98.3422 -122.5292 8.2596 -0.7447 -0.1412 0.3003 9.6831 -0.6460 -0.5389 -0.7476 -0.2417 -4.2102 20.7296 -4.3167 6.8721 1.4979 0.6615 -4.3264 -3.4919 -10.7498 3.7221 0.7595 -15.2888 -0.0845 -0.1278 0.1530 0.6744 -10.6909 -3.7517 -0.8392 -10.7109 4.0776 5.6457 12.7494 -15.0597 -57.2637 -26.9990 -17.0417 -1.0468 -0.1291 -131.6425 -5.6299 26.8602 22.2059 -14.9378 9.8218 15.2217 -59.4298 1.7497 2.8523 -10.8892 13.1965 11.8684 76.5426 -35.0079 -37.3665 3.1569 0.3202 143.7199 -0.7484 34.2425 -33.4447 15.0952 6.5443 -15.7057 49.5902 -3.4260 -5.1710 -0.0730 -16.6691 -0.4433 -0.1095 33.9476 -0.3872 -9.3565 -3.2494 8.6103 1.8145 -2.9292 -2.2685 4.0075 -14.4221 -29.7767 -0.6210 28.5270 -1.4474 -4.5081 -18.6856 -21.3013 -1.4513 0.3726 0.8965
-382.4741 98.3056 -122.8312 8.5896 -0.6110 -0.4753 0.1537 9.7902 -0.6118 -0.5703 -0.6953 -0.1508 -4.3478 20.6956 -4.2905 6.9305 1.2011 0.7654 -4.4366 -3.5169 -10.9685 4.2458 0.5995 -15.6789 -0.0793 -0.1238 0.1489 0.6850 -10.6817 -3.7537 -0.8398 -10.6993 4.0698 5.5465 12.5944 -14.8151 -56.2740 -27.1244 -17.8526 -1.0857 -0.1013 -132.4274 -7.6041 26.3444 22.2365 -14.8845 9.8211 15.2479 -59.3925 1.7438 2.8440 -10.8675 13.2169 11.7799 76.4206 -34.6938 -37.8453 3.2510 0.3673 143.8286 -0.2837 33.0334 -32.5601 15.1412 6.4633 -15.6109 49.4527 -3.4227 -5.1542 -1.0635 -17.2290 -0.5682 -0.0862 36.5084 -0.3399 -8.1118 -4.0254 8.4866 1.8125 -3.1871 -2.2461 4.5549 -14.3352 -29.4600 -0.6609 28.2341 -1.5767 -5.2082 -18.6602 -21.3729 -1.4461 0.1256 0.9001
-383.7855 98.2613 -123.1326 8.9477 -0.4722 -0.8296 -0.0459 9.9468 -0.5938 -0.6213 -0.6353 -0.0357 -4.5110 20.6705 -4.2299 7.0698 0.7900 0.8236 -4.5688 -3.5629 -11.1418 4.8178 0.3705 -16.0646 -0.0698 -0.1166 0.1397 0.7003 -10.6452 -3.7564 -0.8350 -10.6589 4.0488 5.5277 12.3780 -14.5291 -54.9925 -27.3331 -18.6298 -1.0351 -0.1000 -133.3848 -10.1973 25.8503 22.0196 -14.8576 9.7860 15.2579 -59.3433 1.7239 2.8373 -10.8625 13.2356 11.7305 76.2826 -34.3350 -38.4649 3.2299 0.3645 144.0002 0.0110 31.9699 -31.7198 15.2038 6.4165 -15.5737 49.3737 -3.4384 -5.1500 -2.2183 -17.9350 -0.5329 -0.0481 38.9742 -0.2842 -6.7608 -4.8127 8.2979 1.8085 -3.3663 -2.2363 5.1111 -14.2445 -29.2277 -0.7040 27.8874 -1.7238 -6.0258 -18.4907 -21.3042 -1.4386 -0.1534 0.9040
-385.2604 98.2204 -123.5582 9.2719 -0.3126 -1.1984 -0.2636 10.1824 -0.5667 -0.6967 -0.5920 0.0814 -4.7041 20.6862 -4.1455 7.2648 0.2076 0.8295 -4.6677 -3.5941 -11.2485 5.4562 0.0359 -16.4543 -0.0560 -0.1091 0.1190 0.7196 -10.6049 -3.7700 -0.8257 -10.6169 4.0142 5.6987 12.1242 -14.1458 -53.5173 -27.8218 -19.2731 -0.8850 -0.0878 -134.3802 -13.4622 25.6151 21.3908 -14.8559 9.7763 15.2694 -59.3634 1.7079 2.8210 -10.8654 13.2570 11.7268 76.0306 -33.8633 -39.0913 3.0057 0.2714 144.2833 0.0408 31.1452 -30.9941 15.2438 6.4410 -15.6079 49.3474 -3.4389 -5.1433 -3.4928 -18.7269 -0.4462 0.0079 41.0155 -0.1950 -5.4978 -5.8879 7.9126 1.7946 -3.3386 -2.2258 5.7482 -14.2079 -29.0228 -0.7435 27.6137 -1.8829 -6.9322 -18.1521 -21.0982 -1.4293 -0.5118 0.9066
-386.7911 98.2059 -123.9192 9.5984 -0.0879 -1.6176 -0.5641 10.4735 -0.5782 -0.8119 -0.5324 0.2495 -4.9284 20.7407 -4.0468 7.5287 -0.5659 0.7810 -4.6844 -3.6110 -11.3051 6.1947 -0.4142 -16.8121 -0.0448 -0.1078 0.0942 0.7394 -10.5861 -3.7894 -0.8226 -10.6000 3.9797 6.1498 11.9030 -13.7053 -51.9198 -28.8162 -19.7263 -0.5445 -0.0788 -135.1031 -16.7097 25.7643 20.4695 -14.8916 9.7437 15.2555 -59.4989 1.7066 2.7604 -10.7708 13.3207 11.7468 75.6628 -33.3235 -39.7659 2.5930 0.1448 144.7441 -0.0663 30.7896 -30.2771 15.2784 6.4580 -15.6403 49.2903 -3.4749 -5.1900 -4.9358 -19.4618 -0.4263 0.0762 41.8332 -0.0811 -4.4279 -6.9362 7.3536 1.7776 -3.1935 -2.2128 6.4291 -14.3555 -28.9022 -0.7898 27.5845 -2.0805 -7.8433 -17.5241 -20.6717 -1.4190 -1.0555 0.9170
-388.2961 98.2805 -124.4186 9.8547 0.2428 -2.1118 -0.8848 10.8459 -0.6654 -0.9916 -0.4770 0.4853 -5.1763 20.8666 -3.9219 7.8837 -1.6637 0.6220 -4.6425 -3.4850 -11.1924 7.0318 -1.0739 -17.1991 -0.0672 -0.0910 0.1279 0.7317 -10.5710 -3.7507 -0.8600 -10.5935 4.0155 7.0553 11.7429 -13.2196 -50.4933 -30.7811 -19.8309 -0.1835 -0.0308 -135.0128 -19.1980 27.0094 19.3461 -14.9780 9.7694 15.2721 -59.7980 1.7360 2.7389 -10.6462 13.3781 11.7566 75.2694 -32.6321 -40.7124 2.0594 -0.0631 145.4054 -0.2427 31.0646 -29.8443 15.3602 6.4469 -15.6574 49.2350 -3.4986 -5.2909 -6.4636 -19.8929 -0.5626 0.1246 40.3329 -0.0293 -4.2233 -7.7123 6.1693 1.7675 -3.0353 -2.2270 7.2465 -14.8245 -29.1165 -0.8509 28.0190 -2.3078 -8.6002 -16.1479 -19.8849 -1.4298 -1.9525 0.9021
-389.9208 98.3271 -124.9873 9.9361 0.7901 -2.9122 -1.3327 11.2437 -0.7735 -1.1708 -0.3347 0.7279 -5.4385 20.9289 -3.8099 8.4327 -2.7298 0.4163 -4.5479 -3.4529 -10.9475 8.1660 -1.8728 -17.4854 -0.0734 -0.0845 0.1276 0.7436 -10.5704 -3.7550 -0.8848 -10.6085 4.0238 8.5158 11.5095 -12.8356 -49.6406 -33.7968 -19.3449 0.1428 -0.0518 -133.6817 -19.4554 29.9187 18.6173 -15.1897 9.7893 15.2374 -60.0021 1.8069 2.6652 -10.4236 13.5835 12.0136 75.1168 -31.9910 -42.3718 1.6621 -0.2899 145.9924 -0.6181 32.2655 -29.4371 15.4104 6.4438 -15.6027 49.1512 -3.5190 -5.3952 -7.7182 -19.8257 -1.0301 0.1620 35.4163 -0.0451 -4.7342 -7.7241 5.2942 1.7624 -3.0243 -2.2473 8.3782 -15.7235 -29.6482 -0.9436 29.2670 -2.5980 -9.2414 -14.3729 -18.3698 -1.4310 -3.4521 0.9687
-391.5677 98.4914 -125.6585 9.6179 1.5418 -4.0067 -1.8024 11.5301 -0.8273 -1.3402 -0.1235 0.7881 -5.6879 21.0715 -3.7107 9.3932 -3.6985 0.0663 -4.3574 -3.4580 -10.5177 9.4068 -2.2921 -17.4757 -0.0740 -0.0904 0.1219 0.7498 -10.5848 -3.7603 -0.8923 -10.6403 4.0201 10.3720 11.2411 -12.8249 -49.1217 -37.4696 -18.8770 0.2810 -0.1806 -131.0443 -15.8319 32.4752 19.4402 -15.2873 9.8210 15.1780 -59.9683 1.9098 2.6931 -9.9629 13.8199 12.2852 75.2259 -31.6996 -44.0151 1.2134 -0.4348 146.3160 -1.5870 34.3047 -29.2741 15.4766 6.4377 -15.5563 49.1261 -3.5178 -5.4435 -8.0603 -19.1706 -2.3218 0.1879 27.2526 -0.0773 -5.1843 -6.0180 5.6664 1.7496 -2.7797 -2.2913 9.9662 -17.0828 -30.7628 -1.0947 31.6463 -2.9866 -9.6621 -11.1963 -15.9115 -1.4436 -6.1972 1.0459
-393.2620 98.7755 -126.4262 8.7353 2.3735 -5.3822 -2.3552 11.6643 -0.7656 -1.4800 0.1199 0.6242 -5.7707 21.2273 -3.7070 11.0060 -4.2135 -0.2947 -3.9644 -3.4401 -10.0788 10.5518 -2.2399 -16.9175 -0.0561 -0.0972 0.0748 0.7642 -10.6264 -3.8004 -0.8692 -10.7003 3.9610 12.1822 11.2804 -13.4156 -48.3311 -40.8132 -19.0289 0.3608 -0.3451 -127.9568 -10.5305 32.2917 20.8757 -15.2545 10.0293 15.0893 -59.9171 2.1021 2.6219 -9.0074 13.8534 12.5418 75.7162 -32.2642 -45.2616 0.9629 -0.3573 146.1678 -3.4011 36.2089 -29.0631 15.3659 6.5246 -15.6603 49.3507 -3.4257 -5.4848 -7.0308 -18.2097 -4.1208 0.1767 18.6079 -0.0934 -4.5573 -2.1082 7.7557 1.7335 -1.9280 -2.2573 11.9741 -18.9177 -32.9527 -1.2666 35.6792 -3.4522 -9.6792 -5.5919 -11.4021 -1.4709 -10.9917 1.0948
-394.9800 98.9119 -127.2203 7.3101 2.9139 -6.8705 -2.8915 11.8676 -0.7509 -1.5381 0.3765 0.2256 -5.7282 21.3063 -3.7957 13.0236 -3.9800 -0.7485 -3.4630 -3.4013 -9.4505 11.3528 -1.5543 -15.8982 -0.0435 -0.0688 0.0734 0.7456 -10.6087 -3.8036 -0.8262 -10.6909 3.9611 13.4524 11.2027 -14.3500 -47.2761 -43.1481 -19.6712 0.1117 -0.6165 -125.4001 -6.5534 29.8255 21.6934 -15.3211 10.1380 15.2320 -59.9705 2.1150 2.6784 -7.8078 13.8847 12.6460 76.4822 -33.4361 -45.5510 0.7773 -0.2078 145.4744 -5.6777 36.8045 -28.5200 15.1460 6.6607 -15.8870 49.3259 -3.4195 -5.5118 -4.7771 -17.5807 -4.7894 0.1783 14.6572 -0.0566 -3.9630 -0.1802 10.6388 1.6682 -0.5859 -2.2658 13.2805 -21.5299 -35.2738 -1.1910 41.6089 -3.4592 -6.1236 3.0115 -3.8271 -1.4601 -15.2545 1.0134
-396.7620 98.8881 -128.0555 5.8530 2.8326 -8.1732 -3.3456 12.2655 -0.8539 -1.7136 0.6227 -0.1170 -5.6016 21.5287 -4.0732 15.1015 -3.0875 -1.2949 -3.1391 -3.4693 -9.1002 11.8613 -0.6381 -14.9377 -0.0140 -0.0685 0.0285 0.7561 -10.6294 -3.8576 -0.7732 -10.7208 3.9153 14.3296 11.5362 -15.2321 -45.5379 -44.5105 -21.4725 -0.1614 -0.6460 -123.8043 -4.3097 26.7495 22.1160 -15.5812 10.2810 15.5730 -60.4290 2.0782 2.5643 -6.9208 13.7808 12.4806 77.7334 -34.3058 -44.8358 0.9582 -0.0814 144.4854 -7.9538 36.7620 -28.2917 15.1029 6.7920 -15.9686 49.4735 -3.4610 -5.5141 -2.0506 -17.6399 -3.6922 0.1452 15.2633 -0.0657 -5.4652 -0.4099 11.9013 1.6139 -0.4733 -2.2649 12.9193 -25.4163 -36.1209 -0.8837 49.0570 -2.6852 8.1682 13.8991 10.5633 -1.1900 -12.0231 0.8489
-398.6202 98.4171 -128.7977 4.4542 2.2561 -9.1471 -3.4522 12.7445 -0.9641 -1.9996 0.6514 -0.2549 -5.2362 22.0994 -4.3034 16.3834 -1.8412 -1.7613 -2.9819 -3.6030 -8.6802 12.1327 -0.0213 -14.0553 -0.0375 -0.0607 0.0584 0.7203 -10.7144 -3.8422 -0.7804 -10.8089 3.9655 14.8105 12.3362 -15.7477 -43.5506 -45.1533 -24.2682 -0.4419 -0.5576 -122.8989 -3.7212 24.4229 21.7204 -15.6629 10.3415 15.7040 -60.5404 1.7994 2.3868 -6.9178 13.8581 11.6923 79.3004 -34.3282 -42.6953 0.9318 -0.1798 143.7662 -10.0878 37.0038 -28.7105 15.0531 6.8970 -16.0709 49.1506 -3.5716 -5.5078 0.8488 -18.2643 -1.3180 0.0037 18.0172 -0.0551 -7.7931 -1.1756 11.3012 1.6024 -0.8569 -2.0750 10.6452 -29.2405 -34.1340 -0.2901 53.9429 -1.1671 29.5197 18.1472 31.2158 -0.6451 -4.5450 0.8883
-400.7645 97.8423 -129.5039 2.9143 1.5020 -9.8826 -3.2304 13.0414 -0.8235 -2.0097 0.6667 -0.5338 -4.9888 22.6394 -4.4052 16.9218 -0.4868 -2.0743 -2.7356 -3.6029 -8.4210 11.9827 -0.3341 -13.4405 -0.0253 -0.0678 0.0380 0.7234 -10.7022 -3.8581 -0.7554 -10.7929 3.9314 14.8238 13.0426 -15.5509 -42.1441 -44.8762 -27.2752 -0.7446 -0.2624 -122.6417 -4.1384 23.2935 20.9083 -15.8510 10.2345 15.7808 -60.5620 1.4527 2.2808 -7.2197 13.8242 11.1026 80.4122 -33.1871 -40.5611 1.1905 -0.3322 143.7084 -11.5428 36.6688 -29.6070 15.0530 6.9332 -16.1419 48.8057 -3.7085 -5.5846 3.9811 -19.4739 0.5368 -0.1216 21.8392 -0.1662 -9.9713 -2.4197 9.9513 1.5910 -0.6541 -1.9247 8.1967 -32.3096 -31.6887 -0.1635 58.7217 -0.6123 30.0738 13.7605 31.0242 -0.7569 -4.1886 0.9155
-403.1526 97.1134 -130.1211 1.2822 0.4937 -10.6421 -2.6837 13.2489 -0.6242 -1.8765 0.6949 -0.6996 -4.7442 23.0500 -4.2337 16.8008 0.6836 -2.0840 -2.6016 -3.5840 -8.2783 11.7357 -0.8536 -13.1764 -0.0096 -0.0892 0.0254 0.7457 -10.7089 -3.8732 -0.7436 -10.7928 3.9109 14.5623 13.5938 -14.8896 -42.4880 -44.1490 -28.7592 -1.1261 0.0905 -123.1217 -4.3590 23.4830 20.2824 -16.0081 10.2494 15.8998 -60.6505 1.3361 2.2732 -7.7818 13.6122 10.9329 81.2657 -31.3312 -39.6070 1.6920 -0.3040 144.2287 -12.0998 36.3450 -30.1733 14.9127 6.9309 -16.3297 48.5892 -3.9002 -5.6301 7.6182 -20.5679 1.5739 -0.1949 25.8714 -0.2107 -12.1135 -3.7968 8.3461 1.5921 -0.1966 -1.7894 4.3790 -34.6071 -27.4460 -0.1045 62.5897 -0.2213 23.2812 8.2770 21.6870 -1.1539 -4.1329 0.9735
-405.7978 96.1688 -130.6944 0.1367 -0.7054 -11.4873 -2.1556 13.3323 -0.4493 -1.7215 0.7366 -0.7309 -4.6196 23.2798 -3.9705 16.3868 1.4276 -1.9045 -2.6372 -3.5841 -8.1997 11.4799 -1.4253 -13.0663 -0.0038 -0.0994 0.0216 0.7614 -10.6978 -3.8794 -0.7468 -10.7616 3.9029 13.9949 13.9640 -14.1603 -44.3628 -42.8100 -28.5000 -1.2239 0.2622 -124.2483 -3.5182 24.0852 20.0771 -16.0149 10.4729 16.0703 -60.8000 1.3371 2.3521 -8.5304 13.4336 11.0687 82.1226 -29.5248 -40.3599 2.2972 -0.2247 145.1155 -11.8796 35.9652 -30.0927 15.0791 6.8900 -16.5129 48.7059 -3.9604 -5.6112 11.1722 -20.9750 2.2179 -0.2525 29.0908 -0.2844 -14.2692 -4.9931 6.9642 1.6001 0.2828 -1.7538 -1.5046 -35.4008 -21.1481 0.1470 63.7494 0.1542 14.1167 2.3616 9.1120 -1.4827 -3.4585 1.0280
-408.5627 95.1321 -131.1549 -0.2168 -1.9118 -12.3797 -1.8317 13.2702 -0.3492 -1.6082 0.7924 -0.6358 -4.7156 23.3565 -3.7713 15.7843 1.6546 -1.6981 -2.7784 -3.5980 -8.0939 11.1608 -1.8363 -13.0548 -0.0149 -0.0956 0.0349 0.7591 -10.6774 -3.8609 -0.7671 -10.7264 3.9102 13.0636 14.1661 -13.5645 -46.8133 -40.9306 -27.1634 -1.0298 0.2950 -125.7652 -1.9099 24.5186 20.1192 -15.9385 10.6169 16.0886 -60.8881 1.3544 2.4764 -9.2813 13.4001 11.3742 82.5209 -28.2754 -41.9324 2.5809 -0.1748 146.0439 -11.5815 35.6337 -29.6618 15.3231 6.8615 -16.6570 48.9938 -3.8877 -5.5310 14.0076 -20.6497 2.8229 -0.3116 31.1760 -0.3784 -16.3162 -5.9033 5.9578 1.6063 0.5978 -1.8009 -8.6374 -34.4187 -14.3248 0.7256 61.8657 0.9317 6.9309 -2.4360 -1.1695 -1.5234 -3.0483 1.0355
-411.6182 93.9244 -131.5272 0.0570 -3.0535 -13.3000 -1.6845 13.1201 -0.2922 -1.4980 0.8342 -0.4272 -4.9277 23.3084 -3.7423 14.9811 1.4861 -1.3980 -2.9394 -3.5981 -7.9781 10.7829 -2.2059 -13.0665 -0.0301 -0.0870 0.0564 0.7455 -10.6737 -3.8350 -0.7837 -10.7091 3.9255 11.9682 14.2529 -12.9772 -49.6932 -38.9163 -24.9116 -0.8866 0.3062 -127.4592 -0.0020 24.9816 20.2791 -15.8251 10.6390 16.0146 -60.9231 1.3741 2.5379 -10.1406 13.3910 11.8471 82.2473 -27.5812 -43.7089 2.4156 -0.1409 146.8007 -11.4225 35.5880 -29.0439 15.5139 6.8683 -16.8110 49.3161 -3.8337 -5.4984 16.3312 -19.9519 3.5983 -0.3778 32.5105 -0.5287 -18.3562 -6.5069 5.1852 1.6107 0.8645 -1.8577 -16.1107 -31.8269 -8.2884 1.1605 57.2769 1.6929 2.4891 -5.3156 -8.3267 -1.5041 -3.0003 0.9668
-414.9682 92.5993 -131.8745 0.6684 -4.0609 -14.1606 -1.6320 12.9209 -0.2200 -1.3733 0.8042 -0.1529 -5.1246 23.2658 -3.8003 14.0590 1.1415 -1.0331 -3.0612 -3.5907 -7.9267 10.3712 -2.6773 -12.9795 -0.0428 -0.0730 0.0763 0.7326 -10.6637 -3.8065 -0.7969 -10.6853 3.9359 11.0857 14.3676 -12.4117 -53.0647 -37.0775 -21.9107 -0.8586 0.3100 -129.1604 1.8646 25.8592 20.6145 -15.7135 10.6085 15.9439 -61.0395 1.4269 2.5430 -11.0983 13.3826 12.4485 81.6002 -27.4820 -45.5334 1.9482 -0.1212 147.3206 -11.6447 35.9343 -28.5217 15.7140 6.8995 -16.9487 49.6882 -3.7895 -5.5645 18.4863 -19.1031 4.4868 -0.4534 33.1332 -0.7490 -20.4292 -6.5081 4.5771 1.6183 1.0494 -1.8804 -22.9052 -28.1074 -3.9661 1.1612 50.6183 2.0598 -0.2504 -7.6991 -13.0114 -1.5423 -3.2760 0.8935
-418.7164 91.2310 -132.2783 1.4101 -4.7959 -14.9307 -1.6297 12.6291 -0.1315 -1.2474 0.7011 0.1485 -5.2456 23.1785 -3.8395 13.1129 0.7807 -0.6782 -3.1633 -3.6017 -8.0062 9.9240 -3.1315 -12.8497 -0.0537 -0.0540 0.0936 0.7256 -10.6479 -3.7847 -0.8131 -10.6507 3.9478 10.5668 14.5592 -12.0003 -56.9792 -35.3697 -18.1918 -0.9599 0.3637 -130.7832 3.6027 27.0048 21.0524 -15.6517 10.5614 15.8598 -61.1893 1.4750 2.5591 -12.0463 13.3427 13.0317 80.9648 -28.0092 -47.1532 1.4954 -0.0004 147.4267 -12.0595 36.6296 -28.1946 15.9795 6.9119 -17.0204 50.0561 -3.7368 -5.6169 20.7572 -18.1536 5.4200 -0.5479 32.7396 -1.0348 -22.6024 -5.6592 3.9691 1.6327 1.2343 -1.8715 -28.4375 -23.9750 -1.5377 0.8626 42.5099 2.1048 -1.5043 -9.3134 -15.5717 -1.6081 -3.4851 0.8587
-422.9552 89.8685 -132.7728 2.1282 -5.1789 -15.4743 -1.6295 12.2217 -0.1037 -1.1309 0.5022 0.3987 -5.2857 22.9795 -3.8003 12.1077 0.5129 -0.4565 -3.2107 -3.6389 -7.9613 9.4173 -3.4316 -12.7519 -0.0727 -0.0397 0.1341 0.7115 -10.6363 -3.7414 -0.8403 -10.6215 3.9917 10.3081 14.7651 -11.8095 -61.1270 -33.4337 -14.0382 -1.1091 0.3580 -132.4045 5.0434 28.1888 21.4199 -15.5526 10.4652 15.6697 -61.1561 1.4591 2.6204 -12.9625 13.3320 13.4706 80.4857 -29.0094 -48.0888 1.1074 0.2928 147.1424 -12.6701 37.8903 -28.0874 16.1090 6.9248 -17.0873 50.1903 -3.7187 -5.6108 23.2792 -16.9996 6.1570 -0.6604 30.9339 -1.3692 -25.0161 -3.7607 3.3957 1.6471 1.4520 -1.8350 -32.3183 -20.1145 -1.0383 0.4472 33.9482 1.9078 -1.4180 -10.0031 -16.7919 -1.6621 -3.3751 0.8653
-427.6317 88.4834 -133.3944 2.7146 -5.0772 -15.8582 -1.5391 11.6876 -0.1653 -1.0636 0.2083 0.4966 -5.2795 22.5211 -3.7239 10.8677 0.4300 -0.2995 -3.0393 -3.7066 -7.7899 8.8249 -3.6535 -12.6003 -0.1025 -0.0463 0.2177 0.6921 -10.6285 -3.6581 -0.8841 -10.6091 4.0860 10.0578 14.9265 -11.9036 -64.8803 -31.1221 -9.7511 -1.1645 0.2405 -134.0556 5.8201 29.0385 21.4198 -15.4353 10.3177 15.3502 -60.8921 1.4381 2.7201 -13.8834 13.3405 13.7852 80.1887 -30.4486 -47.9001 0.7694 0.6424 146.5523 -13.4731 39.6767 -28.1465 16.0800 6.8622 -17.1362 50.0575 -3.8191 -5.5714 25.9958 -15.5047 6.4377 -0.7351 27.3612 -1.6392 -27.8339 -0.4860 2.9881 1.6647 1.3812 -1.8233 -34.3663 -17.9598 -2.2959 0.1674 27.3351 1.6849 1.1617 -9.4106 -16.7578 -1.6742 -3.1110 0.9241
-432.6569 87.2582 -134.2408 2.9495 -4.4812 -16.2162 -0.9496 11.1366 0.0268 -1.0708 -0.1486 0.1690 -5.3784 21.7644 -3.7362 9.3400 0.1886 0.0391 -3.0581 -3.6419 -7.5890 8.4580 -3.8190 -12.5073 -0.0940 -0.0890 0.2177 0.7126 -10.5899 -3.6265 -0.8877 -10.5717 4.0479 9.1886 14.8773 -12.2686 -67.6104 -28.6337 -5.3472 -1.2699 0.1583 -135.8045 5.7617 28.7884 21.0046 -15.5373 10.3917 15.3765 -61.0465 1.4861 2.7995 -14.8374 13.4204 14.0255 80.2315 -32.7613 -46.7736 0.5866 0.7899 145.7356 -14.3046 41.7835 -28.0012 16.2392 6.5746 -16.8894 50.1431 -3.6884 -5.6361 29.0824 -13.2540 5.9409 -0.6416 21.8388 -1.5393 -31.1603 4.5597 3.3146 1.7199 1.2643 -1.7817 -34.7424 -19.2087 -4.8861 0.3370 25.9278 1.8158 14.0420 -2.6065 -13.2972 -1.5787 -2.8367 1.0475
-437.7221 86.3411 -135.5277 3.0558 -4.2599 -16.4855 -0.2681 11.3592 -0.1275 -1.1983 -0.0841 0.0778 -5.4557 21.0445 -4.3080 7.7390 -1.0139 0.3803 -3.0027 -3.6103 -7.6355 8.1863 -4.1489 -12.6530 -0.0677 -0.1235 0.2099 0.7373 -10.5178 -3.6094 -0.8572 -10.4902 4.0087 8.1391 14.8020 -13.1201 -70.1332 -26.5236 -0.1072 -0.9885 0.0729 -137.8350 5.2949 27.6416 20.3792 -15.6747 10.4313 15.6620 -61.3617 1.4374 2.8034 -16.1163 13.0492 14.1516 80.7920 -35.7615 -45.4562 0.2051 0.5581 144.8421 -15.7640 44.0045 -28.7993 16.3762 6.3211 -16.6186 49.9666 -3.3827 -5.6006 32.2500 -10.2183 4.1368 -0.3431 16.1753 -1.7525 -33.9791 12.6001 3.2504 1.7845 -0.5934 -1.7852 -34.2065 -25.3745 -8.0410 0.7572 33.9207 1.9818 23.8551 -2.7043 -5.9733 -1.4825 -0.8377 1.1332
-442.9934 86.0712 -137.1352 3.2237 -4.2395 -16.8732 -0.1002 11.8053 -0.4731 -1.2859 0.0503 -0.0707 -5.5480 21.0318 -4.8527 6.9639 -2.2931 0.3886 -2.7637 -3.5619 -7.4816 7.2964 -4.8869 -11.9359 -0.0439 -0.1298 0.1405 0.7591 -10.4690 -3.6812 -0.8316 -10.4583 3.9348 7.5014 14.7067 -14.4146 -73.6485 -24.9916 6.9214 -0.9435 0.2168 -139.3685 5.7579 26.3760 19.5347 -15.9242 10.3178 15.6296 -61.6421 1.3987 2.8546 -17.6016 12.5564 14.1886 81.2430 -38.9310 -42.6316 -0.6050 0.3354 143.6882 -19.8805 46.6531 -31.0543 16.4018 6.5156 -16.5346 49.9024 -3.1662 -5.4217 34.7287 -6.8684 1.2523 -0.1797 11.4867 -1.9986 -32.7225 22.0494 4.1211 1.8400 -2.5371 -1.9655 -32.4483 -31.2396 -9.3313 1.2663 44.4096 2.2458 23.5837 -7.8876 -1.6652 -1.4736 0.7083 0.9576
-447.7829 86.5294 -138.6767 3.6858 -4.0745 -16.9811 -0.1686 11.9842 -0.7725 -1.3944 0.1624 -0.2686 -5.8111 21.3418 -5.4535 7.1032 -2.7144 0.4113 -2.6722 -3.6127 -7.4707 6.4080 -4.7732 -11.0965 -0.0096 -0.1420 0.0077 0.7321 -10.4897 -3.8200 -0.7350 -10.4936 3.7983 7.3523 14.6248 -15.7185 -77.3793 -24.3100 13.2784 -1.0256 0.1769 -138.8953 7.5889 25.7412 19.9164 -16.1306 10.1356 15.4102 -61.8111 1.3874 2.6970 -18.2716 12.3043 14.2543 81.4504 -41.7069 -40.0524 -0.6554 0.1242 142.3121 -22.8285 47.7738 -32.9825 16.1372 6.4570 -16.4589 49.6096 -3.4545 -5.3854 35.2133 -4.6072 -1.7185 -0.0115 8.7613 -2.1244 -24.7348 28.9704 7.8641 1.9309 -2.1299 -2.0873 -29.8207 -33.7868 -10.4027 1.4100 50.1012 2.1800 21.3014 -11.5512 -0.5262 -1.4604 1.3144 0.8516
-452.1062 87.4307 -140.1048 4.1067 -3.8280 -17.0738 -0.1751 12.2041 -0.9272 -1.3989 0.2342 -0.5556 -5.8695 21.4997 -5.7808 7.1507 -2.4319 0.5904 -2.6865 -3.6590 -7.3027 5.6466 -4.4805 -10.5201 0.0150 -0.1414 -0.0624 0.7192 -10.5424 -3.8980 -0.6723 -10.5590 3.7310 7.9180 14.6054 -16.4358 -79.7507 -24.3970 16.8135 -1.0243 -0.0496 -136.9207 8.7814 26.0196 21.1425 -16.0275 10.0735 15.2351 -61.3857 1.4523 2.5213 -18.8126 12.1935 14.2876 81.1475 -43.8466 -37.5388 -0.0386 0.2231 140.7503 -22.5064 47.8905 -33.7629 15.8799 6.2097 -16.4272 49.2117 -3.8044 -5.5146 33.9869 -4.7054 -3.2511 0.0621 9.3659 -2.0992 -14.4829 28.3621 12.8808 1.9849 -0.6235 -2.0690 -26.6807 -34.6091 -11.6448 1.2787 52.5560 1.9370 18.6747 -13.8832 -0.7380 -1.4502 1.5760 0.8317
-455.6235 88.4518 -141.3627 4.3653 -3.6100 -17.3242 -0.1066 12.5579 -0.9396 -1.3371 0.3355 -0.7779 -5.6767 21.4909 -5.9270 6.9940 -1.8952 0.7402 -2.7268 -3.6813 -6.9159 5.0400 -4.5561 -9.9577 0.0137 -0.1264 -0.0499 0.7277 -10.5683 -3.8886 -0.6833 -10.5800 3.7493 8.8554 14.7292 -16.6582 -80.1683 -25.1944 18.0517 -1.0286 -0.2858 -134.8874 8.2417 26.6599 22.3452 -15.8320 10.0781 15.2294 -60.9176 1.5461 2.5298 -19.2899 12.1168 14.1688 80.6828 -45.7151 -34.7611 0.7873 0.4703 139.5367 -19.9959 47.4699 -33.8592 15.6885 6.0641 -16.4196 48.8661 -3.9988 -5.6434 31.8137 -6.8465 -2.6813 -0.0412 13.3485 -1.8883 -9.8818 21.6750 14.6022 1.9615 -0.4452 -2.0413 -23.4639 -34.5062 -12.8161 1.0933 53.1730 1.6977 16.2402 -15.3748 -1.2673 -1.4439 1.8520 0.8099
-458.6964 89.5052 -142.5353 4.5229 -3.3628 -17.4089 -0.0889 12.9164 -0.9023 -1.2697 0.4365 -0.8938 -5.3114 21.4403 -5.9751 6.8295 -1.5092 0.7457 -2.7842 -3.6731 -6.5503 4.5580 -4.7772 -9.4778 0.0023 -0.1143 -0.0097 0.7413 -10.5898 -3.8533 -0.7206 -10.5926 3.8019 9.8112 14.8120 -16.6685 -79.1047 -26.2570 17.9150 -0.9644 -0.4590 -133.5233 6.5704 27.6332 23.1946 -15.7402 10.0931 15.2867 -60.7764 1.6272 2.6158 -19.4967 12.0198 13.9465 80.7591 -46.9424 -32.4250 1.5114 0.6750 139.3007 -17.5373 47.1675 -34.0097 15.5862 6.1032 -16.4051 48.8240 -4.0080 -5.7045 29.0001 -10.0091 -0.7069 -0.2672 18.9873 -1.7312 -10.0595 14.1113 13.6629 1.8797 -0.6588 -2.0439 -20.4586 -33.9121 -13.8975 0.9285 52.8242 1.4645 14.2169 -16.2662 -1.8556 -1.4424 1.9893 0.8042
-461.4607 90.5041 -143.5412 4.5660 -3.0376 -17.0471 -0.0977 13.1618 -0.8706 -1.2136 0.5040 -0.9770 -4.8392 21.3730 -5.9041 6.8216 -1.2636 0.6287 -2.8762 -3.6494 -6.3006 4.1751 -4.9660 -9.2719 -0.0118 -0.1033 0.0369 0.7486 -10.6180 -3.8141 -0.7572 -10.6107 3.8636 10.5951 14.8719 -16.6677 -77.5061 -27.3612 17.0116 -0.7459 -0.5385 -132.6406 4.8985 28.6914 23.7741 -15.7038 10.0995 15.3031 -60.7670 1.6557 2.6844 -19.2788 11.9168 13.6913 81.1670 -47.3766 -30.7311 1.9620 0.8380 139.8960 -16.2182 47.3309 -34.8253 15.6083 6.2586 -16.4115 49.0183 -3.8852 -5.7038 25.6631 -13.3346 1.8046 -0.4995 24.7540 -1.6365 -12.0243 7.3253 11.9260 1.7929 -0.9993 -2.0739 -17.5780 -33.0618 -15.0658 0.7902 52.0334 1.2344 12.5256 -16.8841 -2.6793 -1.4437 2.0160 0.8264
-464.0050 91.3914 -144.4167 4.4329 -2.6696 -16.1338 -0.0800 13.2645 -0.8844 -1.1635 0.5311 -1.0295 -4.3213 21.2613 -5.7457 7.0091 -1.1043 0.4505 -2.9592 -3.6063 -6.3003 3.9107 -5.0153 -9.3496 -0.0250 -0.0931 0.0743 0.7400 -10.6318 -3.7821 -0.7760 -10.6131 3.9135 11.1816 14.8527 -16.7710 -76.0428 -28.4160 15.7813 -0.5961 -0.5428 -131.9402 3.7761 29.7605 24.2228 -15.6801 10.0896 15.3106 -60.6845 1.6560 2.7150 -18.7286 11.8755 13.4761 82.0950 -47.0153 -30.3514 2.3364 0.9158 140.9575 -15.6869 47.5160 -36.2145 15.7177 6.4615 -16.4168 49.3491 -3.7405 -5.6772 22.1547 -16.3134 4.3298 -0.6593 29.5578 -1.5322 -14.0585 1.9339 10.3136 1.7379 -1.4045 -2.1377 -14.7893 -32.0769 -16.4950 0.6272 51.0250 0.9600 11.0022 -17.3369 -3.7608 -1.4503 1.9621 0.8327
-466.5411 92.1335 -145.2023 4.1120 -2.3811 -14.7767 -0.0222 13.3045 -0.8860 -1.0999 0.5062 -1.1389 -3.8599 21.1741 -5.5292 7.3813 -0.9535 0.2330 -3.0693 -3.5706 -6.4939 3.7379 -4.9558 -9.6206 -0.0301 -0.0857 0.0871 0.7373 -10.6384 -3.7735 -0.7847 -10.6144 3.9344 11.6315 14.8481 -16.9057 -74.8919 -29.4561 14.3885 -0.5486 -0.5180 -131.3973 3.1801 30.8769 24.5807 -15.5992 10.0350 15.3064 -60.4443 1.6207 2.7600 -17.9694 11.9556 13.2476 83.3471 -46.1510 -30.9989 2.6322 0.9301 142.2160 -15.4753 47.5583 -37.9835 15.7895 6.6327 -16.4262 49.6444 -3.6489 -5.6211 18.7807 -18.7534 6.5896 -0.7257 33.3459 -1.3410 -15.1678 -2.3503 9.5804 1.7137 -1.7570 -2.1931 -12.0878 -30.8966 -18.0509 0.4646 49.9714 0.7000 9.6182 -17.7466 -5.0769 -1.4591 1.8926 0.8275
-468.9054 92.7471 -145.7702 3.6208 -2.2015 -13.1311 0.0583 13.2848 -0.8547 -1.0232 0.4361 -1.2907 -3.4909 21.1381 -5.2930 7.9077 -0.7924 0.0144 -3.2104 -3.5414 -6.7861 3.6694 -4.7794 -10.0307 -0.0290 -0.0862 0.0800 0.7391 -10.6341 -3.7814 -0.7846 -10.6062 3.9282 11.9865 14.8021 -17.0259 -74.0501 -30.3318 12.8798 -0.6212 -0.4999 -130.9582 3.0812 32.1333 24.9027 -15.5242 9.9893 15.3020 -60.2228 1.6068 2.8070 -17.0802 12.1247 13.0078 84.6892 -44.9196 -32.2916 2.8727 0.8757 143.4473 -15.3543 47.4740 -39.8387 15.7770 6.7613 -16.4398 49.8548 -3.5863 -5.5837 15.7780 -20.5948 8.3588 -0.7023 36.1405 -1.0901 -15.4257 -5.6517 9.6209 1.7084 -1.9733 -2.2481 -9.4944 -29.5430 -19.7219 0.3159 48.9189 0.4515 8.3627 -18.0929 -6.4590 -1.4679 1.8362 0.8067
-471.2261 93.2264 -146.2767 2.9922 -2.1054 -11.3093 0.1302 13.1967 -0.8310 -0.9692 0.3738 -1.3873 -3.1938 21.1208 -5.0436 8.5274 -0.5835 -0.2234 -3.3473 -3.5165 -7.1582 3.6813 -4.5425 -10.5251 -0.0273 -0.0906 0.0688 0.7432 -10.6312 -3.7889 -0.7860 -10.6033 3.9137 12.2505 14.7228 -17.0773 -73.2753 -31.0152 11.1566 -0.6880 -0.4955 -130.5480 3.2860 33.5757 25.2375 -15.5112 9.9770 15.3016 -60.0555 1.6167 2.8430 -16.0850 12.3206 12.7448 85.9380 -43.4780 -33.8877 3.0863 0.7646 144.5336 -15.2023 47.2797 -41.7219 15.7026 6.8405 -16.4339 49.9268 -3.5878 -5.5553 13.1587 -21.9659 9.6025 -0.6008 38.1709 -0.8046 -15.0171 -8.1478 10.0490 1.7052 -2.1711 -2.2827 -6.9683 -28.0675 -21.5270 0.1983 47.8789 0.2595 7.1594 -18.4340 -7.7830 -1.4734 1.8232 0.7874
-473.4777 93.5838 -146.6664 2.2834 -2.0856 -9.5371 0.1854 13.0787 -0.7724 -0.9267 0.2920 -1.4608 -2.9774 21.1001 -4.7697 9.1264 -0.2777 -0.4863 -3.4668 -3.4966 -7.5554 3.7427 -4.2822 -11.0511 -0.0238 -0.0942 0.0527 0.7515 -10.6248 -3.8022 -0.7891 -10.5992 3.8969 12.4294 14.7337 -17.0367 -72.7238 -31.4875 9.6102 -0.8467 -0.4783 -130.2298 3.8015 35.0505 25.6942 -15.5272 9.9441 15.2855 -59.8751 1.5932 2.8343 -15.1662 12.4541 12.4825 86.8982 -41.7990 -35.4373 3.2406 0.6576 145.4764 -14.9611 47.1454 -43.5224 15.5922 6.8856 -16.3927 49.8940 -3.5928 -5.4836 11.1568 -22.9213 10.2638 -0.4839 39.6367 -0.5562 -14.1226 -9.9747 10.5423 1.7111 -2.3511 -2.2938 -4.6505 -26.5557 -23.3487 0.0985 46.8950 0.1071 6.0504 -18.8068 -8.8606 -1.4783 1.7860 0.7900
-475.6075 93.8535 -147.1007 1.5457 -2.1242 -8.0237 0.2047 12.9296 -0.7123 -0.9073 0.1996 -1.4770 -2.8482 21.0882 -4.4564 9.5908 0.1798 -0.7291 -3.5544 -3.4817 -7.9606 3.8577 -4.0356 -11.5911 -0.0217 -0.0978 0.0427 0.7602 -10.6262 -3.8102 -0.7944 -10.6022 3.8847 12.4858 14.8459 -16.8973 -72.3037 -31.7168 8.4515 -1.0517 -0.4618 -130.0557 4.4869 36.5185 26.2787 -15.5673 9.9220 15.2651 -59.7139 1.5394 2.8155 -14.4098 12.5532 12.2216 87.3339 -40.0596 -36.4409 3.2253 0.5330 146.2033 -14.7922 47.0792 -45.2808 15.4866 6.9066 -16.3087 49.8125 -3.6046 -5.3793 9.7726 -23.5549 10.4620 -0.3700 40.8940 -0.3528 -12.9311 -11.3185 11.0128 1.7207 -2.4782 -2.2840 -2.5433 -25.0646 -25.0824 -0.0050 45.9856 -0.0440 4.9948 -19.1949 -9.6021 -1.4814 1.7178 0.8218
-477.6360 94.0465 -147.4278 0.8624 -2.2162 -6.9853 0.1874 12.7532 -0.6058 -0.9145 0.0959 -1.4267 -2.8195 21.1049 -4.1561 9.8631 0.8119 -0.9293 -3.6563 -3.4731 -8.2575 4.0429 -3.8583 -12.0670 -0.0208 -0.0994 0.0294 0.7663 -10.6130 -3.8193 -0.7992 -10.5946 3.8670 12.3712 15.0552 -16.6199 -72.0013 -31.7136 7.8217 -1.3110 -0.4197 -130.0035 5.1483 37.8118 26.8494 -15.6060 9.9344 15.2392 -59.6854 1.5024 2.7646 -13.8717 12.6094 11.9588 87.2298 -38.3454 -36.6572 3.0731 0.4244 146.6868 -14.6879 47.2850 -47.0475 15.4607 6.9988 -16.2246 49.8606 -3.5740 -5.2900 8.9817 -23.8088 10.2452 -0.2742 41.9093 -0.2003 -11.7657 -12.5768 11.4696 1.7340 -2.4912 -2.2615 -0.7653 -23.6405 -26.5433 -0.0923 45.1769 -0.1889 4.0085 -19.5824 -9.9111 -1.4811 1.6402 0.8655
-479.3396 94.1816 -147.6769 0.3349 -2.3457 -6.5002 0.0995 12.5095 -0.5086 -0.9709 -0.0014 -1.2745 -2.8873 21.1697 -3.9166 9.9157 1.5504 -0.9779 -3.7068 -3.4859 -8.5297 4.2145 -3.7073 -12.3785 -0.0103 -0.1017 -0.0075 0.7792 -10.6067 -3.8550 -0.7922 -10.5933 3.8270 12.0398 15.2556 -16.2447 -71.7414 -31.4843 7.6953 -1.5560 -0.3580 -130.1023 5.4904 39.0837 27.3356 -15.7183 9.9784 15.2206 -59.8483 1.5183 2.6406 -13.4627 12.6591 11.7504 86.6227 -36.8428 -36.0896 2.8338 0.3489 146.9507 -14.5677 47.9364 -48.8650 15.4392 7.1238 -16.1655 49.9962 -3.5637 -5.2403 8.6482 -23.6071 9.7739 -0.1844 42.3873 -0.0879 -10.7226 -13.3814 12.0187 1.7498 -2.4003 -2.2412 0.6023 -22.3978 -27.6914 -0.1436 44.5018 -0.3001 3.0924 -19.9315 -9.7394 -1.4783 1.5718 0.9068
-480.5809 94.2788 -147.7485 0.0174 -2.5188 -6.5508 -0.0450 12.2506 -0.4010 -1.0457 -0.1041 -1.1170 -3.0572 21.2352 -3.7357 9.7803 2.3114 -0.8236 -3.7290 -3.5135 -8.7833 4.3689 -3.6067 -12.5358 0.0008 -0.0981 -0.0349 0.7990 -10.5847 -3.8793 -0.7909 -10.5742 3.7943 11.5800 15.4008 -15.8003 -71.5771 -31.0514 7.8721 -1.7556 -0.3248 -130.2281 5.5248 40.4257 27.7305 -15.7857 9.9513 15.1228 -59.9393 1.5083 2.4000 -13.2183 12.7363 11.6239 85.8038 -35.6665 -35.1131 2.6111 0.2965 147.0224 -14.3475 48.7407 -50.3422 15.3887 7.2033 -16.1748 50.2226 -3.5696 -5.2301 8.7100 -22.8153 9.1652 -0.1478 41.9955 -0.0665 -10.2510 -13.7038 12.6449 1.7620 -2.2159 -2.2343 1.5327 -21.3715 -28.4119 -0.1679 43.9460 -0.3730 2.3935 -20.2377 -9.2598 -1.4717 1.5163 0.9507
-481.2405 94.2983 -147.7097 -0.0775 -2.7269 -7.1098 -0.2552 11.9993 -0.2734 -1.0773 -0.1876 -1.0592 -3.2773 21.2609 -3.4945 9.3878 3.0153 -0.6866 -3.6644 -3.5049 -8.6488 4.5176 -3.4064 -12.5225 -0.0398 -0.0614 0.0535 0.7541 -10.5376 -3.7755 -0.8305 -10.5097 3.8804 11.0140 15.4501 -15.4589 -71.3836 -30.6289 8.1448 -1.7784 -0.3842 -130.0566 5.3591 41.4606 27.7995 -15.6858 9.8619 15.1226 -59.8520 1.4622 2.3818 -13.0381 12.8575 11.5234 84.6647 -34.9724 -33.4587 2.2750 0.3132 146.9064 -14.1843 49.4868 -51.2898 15.1957 7.2795 -16.3017 50.2641 -3.5073 -5.3187 9.0447 -21.7658 8.7172 -0.0771 41.1140 0.0034 -10.5628 -13.5142 13.9788 1.7040 -2.0747 -2.1794 2.0280 -20.6654 -28.5169 -0.1396 43.5692 -0.3758 1.8324 -20.2763 -8.5459 -1.4668 1.5216 0.8866
-481.7347 94.4061 -147.6278 -0.0744 -2.9533 -7.7138 -0.3914 11.7599 -0.2111 -1.1540 -0.3016 -0.8964 -3.4921 21.3785 -3.5050 8.9932 3.5990 -0.4600 -3.5762 -3.5387 -8.6740 4.4603 -3.3446 -12.2291 -0.0416 -0.0652 0.0661 0.7472 -10.5327 -3.7614 -0.8276 -10.5097 3.8924 10.5382 15.3744 -15.1959 -71.0770 -30.2891 8.2620 -1.8578 -0.2747 -129.8145 5.0362 41.9921 27.7235 -15.7990 9.8543 15.1350 -59.9796 1.4919 2.3992 -12.8241 13.0025 11.3784 83.7011 -34.7177 -32.2062 2.2203 0.2488 146.6796 -13.5840 49.6481 -51.6145 15.1791 7.2254 -16.2905 50.4040 -3.4872 -5.3132 9.5245 -20.9297 8.6086 -0.0208 40.3643 0.0357 -11.0736 -13.1427 14.3896 1.6878 -1.7869 -2.1666 2.2953 -20.0821 -28.4715 -0.1874 43.2321 -0.4265 1.5245 -20.1879 -8.0042 -1.4511 1.3011 0.8804
-482.0748 94.5277 -147.6127 -0.0074 -3.1466 -8.3056 -0.4431 11.5461 -0.2027 -1.1956 -0.3968 -0.7937 -3.6789 21.5057 -3.5542 8.5085 4.0051 -0.2384 -3.5166 -3.5455 -8.5593 4.4233 -3.1350 -11.9605 -0.0474 -0.0730 0.0846 0.7372 -10.5430 -3.7457 -0.8294 -10.5192 3.9162 10.1414 15.3426 -15.0578 -70.8432 -30.2398 8.3139 -1.9263 -0.1898 -129.3689 4.9313 42.2853 27.6958 -15.8968 9.9068 15.1572 -60.0890 1.5409 2.4595 -12.6409 13.1972 11.2252 82.7923 -34.7406 -30.9845 2.1907 0.2405 146.3565 -13.1489 49.8628 -51.6659 15.2761 7.1765 -16.2950 50.5268 -3.4984 -5.3492 9.7916 -20.2231 9.0305 -0.0064 39.6032 0.0298 -11.3367 -12.7366 14.3053 1.6776 -1.7071 -2.1705 2.3861 -19.6427 -28.2785 -0.2020 42.8648 -0.4210 1.3464 -19.9747 -7.5836 -1.4367 1.0871 0.8837
-482.1803 94.6579 -147.5943 0.1179 -3.2807 -8.9125 -0.4572 11.3918 -0.2277 -1.1906 -0.4841 -0.7366 -3.7666 21.6112 -3.5942 7.9298 4.2631 -0.0538 -3.4595 -3.5233 -8.4137 4.3519 -2.8631 -11.6874 -0.0609 -0.0789 0.1139 0.7211 -10.5469 -3.7131 -0.8404 -10.5223 3.9465 9.8315 15.3035 -14.9865 -70.6700 -30.3554 8.2657 -1.8875 -0.1898 -128.9654 5.1168 42.0056 27.6432 -15.9112 9.9494 15.1612 -60.1122 1.5685 2.5023 -12.5222 13.3964 11.1679 82.0338 -34.9888 -30.1052 2.2216 0.2645 145.9729 -12.8092 50.2336 -51.4849 15.3423 7.1509 -16.3112 50.5426 -3.5054 -5.3563 9.8213 -19.6612 9.7630 -0.0040 38.9694 0.0189 -11.4303 -12.4833 14.1668 1.6716 -1.6704 -2.1717 2.3146 -19.4301 -27.8855 -0.2046 42.6268 -0.4084 1.2659 -19.7497 -7.2749 -1.4270 0.9501 0.8775
-482.1988 94.7662 -147.4899 0.3040 -3.3722 -9.4822 -0.4587 11.2955 -0.2957 -1.1578 -0.5307 -0.7171 -3.7649 21.6395 -3.6082 7.3890 4.3948 0.0882 -3.4316 -3.4952 -8.3102 4.2300 -2.5832 -11.4960 -0.0706 -0.0839 0.1286 0.7085 -10.5422 -3.6980 -0.8475 -10.5134 3.9639 9.6413 15.2955 -14.9959 -70.6657 -30.5287 8.3066 -1.8177 -0.1951 -128.6444 5.4916 41.2847 27.4394 -15.9280 9.9796 15.1741 -60.1430 1.5687 2.5634 -12.4377 13.5488 11.2603 81.4842 -35.3479 -29.6053 2.3014 0.3328 145.5669 -12.7112 50.6581 -51.1959 15.4622 7.1485 -16.3245 50.5901 -3.5012 -5.3661 9.6571 -19.2009 10.6526 -0.0107 38.4487 0.0010 -11.4469 -12.3266 14.0192 1.6728 -1.6320 -2.1639 2.1070 -19.3970 -27.3935 -0.2062 42.4852 -0.4091 1.2015 -19.5429 -7.0665 -1.4247 0.8917 0.8758
-482.1965 94.8583 -147.4538 0.5367 -3.4489 -9.9125 -0.4463 11.2324 -0.3392 -1.1083 -0.5520 -0.7357 -3.7037 21.6850 -3.6258 6.9669 4.4159 0.2023 -3.4626 -3.4787 -8.2744 4.1071 -2.3245 -11.4147 -0.0720 -0.0876 0.1283 0.7084 -10.5270 -3.7009 -0.8500 -10.4968 3.9651 9.5718 15.3555 -15.0595 -70.8298 -30.7143 8.5048 -1.7640 -0.1610 -128.4950 5.8844 40.4522 27.2276 -15.9061 9.9781 15.1773 -60.1363 1.5562 2.6036 -12.3561 13.6606 11.4531 81.1561 -35.7651 -29.5388 2.4037 0.4217 145.2480 -12.8385 50.9723 -50.9593 15.5256 7.1726 -16.3510 50.6483 -3.4651 -5.3605 9.3895 -18.8488 11.6474 -0.0193 38.0653 -0.0105 -11.5329 -12.1943 13.7553 1.6727 -1.5662 -2.1504 1.7813 -19.5004 -26.8482 -0.2097 42.4829 -0.4138 1.2040 -19.3528 -7.0184 -1.4273 0.8909 0.8817
-481.9714 94.9313 -147.2749 0.7816 -3.4981 -10.2267 -0.4156 11.1834 -0.3706 -1.0474 -0.5721 -0.7572 -3.5991 21.7606 -3.6528 6.6368 4.3795 0.3076 -3.5061 -3.4683 -8.3095 4.0185 -2.1063 -11.3826 -0.0643 -0.0883 0.1122 0.7175 -10.5222 -3.7239 -0.8426 -10.4880 3.9505 9.6165 15.4317 -15.1397 -71.1221 -30.8511 8.8311 -1.7165 -0.1705 -128.4036 6.3002 39.6882 27.0237 -15.8657 9.9903 15.2025 -60.1152 1.5536 2.6761 -12.2957 13.7265 11.6555 80.9280 -36.1418 -29.7174 2.4210 0.4660 145.0383 -13.0809 50.9776 -50.6491 15.5025 7.2183 -16.3917 50.6248 -3.4414 -5.3690 9.0563 -18.6139 12.6583 -0.0282 37.8090 -0.0198 -11.6466 -12.1192 13.3916 1.6716 -1.4350 -2.1354 1.4017 -19.7024 -26.2590 -0.2337 42.5802 -0.4450 1.2638 -19.2089 -7.1226 -1.4311 0.9297 0.8900
-481.6801 94.9863 -147.0962 1.0235 -3.5083 -10.3828 -0.3692 11.1527 -0.3825 -0.9771 -0.6009 -0.7924 -3.4780 21.8511 -3.6938 6.3975 4.3379 0.3845 -3.5385 -3.4604 -8.4100 3.9381 -1.8903 -11.3728 -0.0583 -0.0856 0.1035 0.7261 -10.5232 -3.7391 -0.8391 -10.4888 3.9458 9.6938 15.5047 -15.2672 -71.4759 -30.9403 9.1951 -1.6545 -0.1658 -128.2676 6.7642 39.1428 26.9450 -15.8190 10.0158 15.2292 -60.1142 1.5638 2.7144 -12.2760 13.7054 11.8491 80.9027 -36.4384 -30.3357 2.4673 0.4848 144.9292 -13.0407 50.5612 -49.9449 15.4212 7.2436 -16.4165 50.5269 -3.4334 -5.3562 8.6767 -18.5105 13.6819 -0.0347 37.6700 -0.0191 -11.6916 -12.0756 12.9281 1.6718 -1.2960 -2.1156 0.9978 -19.9930 -25.7126 -0.2470 42.7737 -0.4636 1.3798 -19.1000 -7.3280 -1.4336 0.9494 0.8869
-481.5273 95.0146 -147.0255 1.2445 -3.4815 -10.3865 -0.3027 11.1379 -0.3889 -0.9053 -0.6184 -0.8620 -3.3457 21.9106 -3.7619 6.2441 4.2861 0.4599 -3.5548 -3.4522 -8.5414 3.8458 -1.6433 -11.4289 -0.0554 -0.0796 0.1010 0.7258 -10.5255 -3.7483 -0.8328 -10.4918 3.9483 9.7763 15.5808 -15.4125 -71.8910 -30.9938 9.6154 -1.6105 -0.1504 -128.0711 7.2884 38.8483 27.0411 -15.8026 10.0699 15.2514 -60.1328 1.5947 2.7312 -12.2802 13.6044 12.0338 81.0516 -36.6543 -31.3923 2.5207 0.4905 144.8912 -12.6195 49.8056 -48.7630 15.3547 7.2407 -16.4379 50.3963 -3.4515 -5.3665 8.2833 -18.5346 14.7054 -0.0394 37.6218 -0.0134 -11.6511 -12.0631 12.3139 1.6736 -1.1757 -2.0912 0.6083 -20.3111 -25.2287 -0.2525 42.9620 -0.4468 1.5536 -19.0523 -7.6411 -1.4354 0.9672 0.8947
-481.3231 95.0407 -146.9570 1.4279 -3.4382 -10.2422 -0.2251 11.1367 -0.3922 -0.8347 -0.6413 -0.9437 -3.1980 21.9867 -3.8514 6.1720 4.2255 0.5349 -3.5740 -3.4600 -8.7217 3.6967 -1.3382 -11.5066 -0.0554 -0.0752 0.1044 0.7230 -10.5384 -3.7520 -0.8301 -10.5071 3.9587 9.8503 15.7000 -15.5838 -72.2897 -31.0536 10.0051 -1.5660 -0.1609 -127.7853 7.9225 38.7435 27.2837 -15.8069 10.1099 15.2427 -60.2013 1.6205 2.6855 -12.3035 13.5147 12.2040 81.3804 -36.8004 -32.8200 2.5499 0.4631 144.9484 -12.0778 48.8680 -47.3686 15.3104 7.2222 -16.4941 50.2870 -3.4981 -5.3893 7.8990 -18.6459 15.6786 -0.0438 37.6557 0.0038 -11.5549 -12.1100 11.5901 1.6775 -1.0703 -2.0771 0.2200 -20.6065 -24.8203 -0.2403 43.1250 -0.3972 1.7760 -19.0295 -8.0501 -1.4362 0.9505 0.9056
-480.9672 95.0244 -146.9408 1.5652 -3.3769 -9.9816 -0.1461 11.1346 -0.3945 -0.7736 -0.6516 -1.0277 -3.0452 22.0450 -3.9522 6.2048 4.1293 0.5645 -3.5997 -3.4711 -8.9164 3.5396 -1.0414 -11.6392 -0.0545 -0.0735 0.1040 0.7202 -10.5457 -3.7578 -0.8253 -10.5132 3.9625 9.9487 15.8159 -15.8154 -72.6233 -31.1029 10.3529 -1.5325 -0.1584 -127.4429 8.5347 38.6329 27.5559 -15.8070 10.1307 15.2350 -60.2604 1.6435 2.6300 -12.2909 13.4282 12.3407 81.7516 -36.8913 -34.3367 2.4825 0.4401 145.0381 -11.5492 48.0393 -46.0007 15.2509 7.1922 -16.5613 50.1248 -3.5550 -5.4022 7.5618 -18.8376 16.5663 -0.0465 37.7728 0.0268 -11.4676 -12.1875 10.7951 1.6804 -1.0107 -2.0633 -0.1520 -20.8748 -24.4290 -0.2253 43.2857 -0.3652 2.0721 -19.0712 -8.6078 -1.4390 0.9427 0.9206
-480.8572 94.9975 -146.8919 1.6495 -3.3021 -9.6254 -0.0748 11.1216 -0.4146 -0.7297 -0.6614 -1.0997 -2.8667 22.1357 -4.0664 6.3099 4.0095 0.5683 -3.6283 -3.4811 -9.1140 3.3515 -0.7700 -11.7887 -0.0492 -0.0770 0.0947 0.7275 -10.5645 -3.7714 -0.8225 -10.5365 3.9568 10.1000 15.9210 -16.0862 -72.8417 -31.2460 10.6021 -1.4979 -0.1873 -127.0720 9.0413 38.4091 27.8336 -15.8168 10.1497 15.2653 -60.3690 1.6662 2.5865 -12.2527 13.3735 12.4573 82.2063 -37.0262 -35.8822 2.3065 0.3813 145.1274 -11.2994 47.4962 -44.9122 15.1628 7.1849 -16.6300 49.9846 -3.6051 -5.4263 7.2777 -19.1222 17.3089 -0.0485 38.0265 0.0489 -11.3932 -12.3235 10.0141 1.6810 -0.9866 -2.0578 -0.4793 -21.1176 -24.0639 -0.2039 43.4576 -0.3214 2.4384 -19.1782 -9.2714 -1.4391 0.9160 0.9240
-480.5286 94.9495 -146.8050 1.6628 -3.2359 -9.2754 -0.0105 11.0877 -0.4213 -0.7009 -0.6622 -1.1769 -2.6801 22.2467 -4.1654 6.4855 3.8923 0.5365 -3.6790 -3.4932 -9.2518 3.2115 -0.5680 -11.9449 -0.0444 -0.0789 0.0866 0.7360 -10.5883 -3.7845 -0.8215 -10.5625 3.9527 10.2651 16.0177 -16.3308 -72.8925 -31.4675 10.6031 -1.4240 -0.2167 -126.6905 9.2701 37.9517 27.9546 -15.8251 10.1111 15.2695 -60.4329 1.6703 2.5259 -12.1874 13.3681 12.5855 82.8112 -37.2330 -37.4562 2.1380 0.3547 145.2194 -11.1380 47.2264 -44.1621 15.0639 7.1750 -16.6971 49.8229 -3.6606 -5.4472 7.0803 -19.4391 17.9467 -0.0664 38.3823 0.0416 -11.3225 -12.4820 9.3048 1.6792 -0.9589 -2.0588 -0.7442 -21.3283 -23.6947 -0.1903 43.6686 -0.3040 2.8093 -19.3133 -9.9229 -1.4384 0.9098 0.9247
-480.3352 94.8824 -146.6833 1.6283 -3.1914 -8.9873 0.0309 11.0538 -0.4216 -0.6852 -0.6582 -1.2459 -2.4815 22.3603 -4.2253 6.7151 3.8195 0.4672 -3.7349 -3.4993 -9.3324 3.1105 -0.4681 -12.0818 -0.0433 -0.0802 0.0842 0.7368 -10.6096 -3.7903 -0.8203 -10.5825 3.9537 10.4609 16.0413 -16.5474 -72.8601 -31.7159 10.4371 -1.3566 -0.2184 -126.3372 9.2851 37.4201 27.9421 -15.8309 10.0736 15.2838 -60.4805 1.6778 2.5079 -12.1670 13.3653 12.6951 83.5672 -37.4089 -38.9771 2.0214 0.3576 145.3487 -10.9501 46.9637 -43.5931 14.9816 7.1815 -16.7445 49.7259 -3.7161 -5.4499 6.9454 -19.7275 18.4747 -0.0794 38.7837 0.0445 -11.2372 -12.6975 8.7171 1.6762 -0.8900 -2.0609 -0.9624 -21.4872 -23.3504 -0.1836 43.8868 -0.2898 3.1494 -19.4495 -10.5162 -1.4372 0.9211 0.9258
-480.3041 94.8188 -146.6646 1.5576 -3.1592 -8.7290 0.0494 10.9920 -0.4139 -0.6756 -0.6562 -1.3005 -2.3038 22.4561 -4.2587 7.0394 3.8402 0.3522 -3.8059 -3.5101 -9.4033 3.0118 -0.4650 -12.1812 -0.0461 -0.0812 0.0923 0.7290 -10.6097 -3.7819 -0.8181 -10.5851 3.9623 10.7027 16.0108 -16.7394 -72.8175 -31.9868 10.1847 -1.3441 -0.1546 -126.0138 9.1672 36.9522 27.8121 -15.8288 10.0323 15.2836 -60.4804 1.6807 2.5063 -12.1942 13.3995 12.7874 84.5477 -37.5321 -40.5534 2.0284 0.3733 145.5129 -10.7058 46.5542 -43.1025 14.9137 7.2079 -16.7959 49.7042 -3.7533 -5.4696 6.8597 -19.9787 18.9687 -0.0903 39.1769 0.0389 -11.1685 -12.9383 8.2183 1.6721 -0.8180 -2.0654 -1.1418 -21.5823 -23.0725 -0.1786 44.0486 -0.2656 3.4695 -19.5890 -11.0180 -1.4358 0.9037 0.9204
-480.0661 94.7729 -146.5304 1.4660 -3.1088 -8.5600 0.0386 10.9499 -0.3914 -0.6718 -0.6876 -1.3485 -2.1702 22.5432 -4.2812 7.4388 3.9441 0.2422 -3.8736 -3.5329 -9.4722 2.9028 -0.5115 -12.2413 -0.0495 -0.0838 0.1049 0.7200 -10.6202 -3.7690 -0.8155 -10.5930 3.9744 11.0044 15.9830 -16.8642 -72.7711 -32.3205 9.8550 -1.3336 -0.1455 -125.7531 9.0669 36.6673 27.6185 -15.8422 10.0240 15.2734 -60.5166 1.6973 2.4886 -12.2250 13.4561 12.8544 85.6685 -37.5639 -42.1100 2.1558 0.3352 145.7923 -10.4838 45.9679 -42.6128 14.8587 7.1943 -16.8573 49.6744 -3.8045 -5.4984 6.8173 -20.2389 19.4064 -0.1004 39.5936 0.0372 -11.0938 -13.1882 7.7556 1.6663 -0.7311 -2.0649 -1.2624 -21.6634 -22.8793 -0.1682 44.1858 -0.2135 3.8169 -19.7614 -11.3985 -1.4319 0.8852 0.9075
-479.8529 94.7437 -146.4157 1.3591 -3.0323 -8.4282 0.0004 10.9226 -0.3982 -0.6879 -0.7158 -1.3663 -2.0835 22.5824 -4.2894 7.9007 4.0819 0.1909 -3.9118 -3.5606 -9.6046 2.7277 -0.5178 -12.2942 -0.0447 -0.0882 0.1000 0.7150 -10.6320 -3.7790 -0.8009 -10.6026 3.9733 11.3709 15.9667 -16.9094 -72.7994 -32.6783 9.5345 -1.3271 -0.1470 -125.5229 9.0109 36.6468 27.3959 -15.9006 10.0274 15.2629 -60.5177 1.6956 2.4813 -12.2306 13.4957 12.9281 86.8912 -37.4337 -43.6661 2.4520 0.3244 146.1808 -10.1481 45.3111 -41.9870 14.9037 7.1770 -16.9268 49.7309 -3.8683 -5.5000 6.7929 -20.4639 19.7681 -0.1114 39.8948 0.0355 -11.0029 -13.4103 7.3191 1.6641 -0.6536 -2.0583 -1.3201 -21.7001 -22.8135 -0.1456 44.1989 -0.1438 4.1620 -19.9212 -11.6716 -1.4288 0.8790 0.8964
-479.6599 94.7505 -146.2330 1.2320 -2.9423 -8.3467 -0.0560 10.9042 -0.4343 -0.7115 -0.7224 -1.3880 -2.0444 22.5809 -4.2274 8.3485 4.2271 0.1758 -3.9375 -3.5903 -9.7420 2.5356 -0.4185 -12.3483 -0.0388 -0.0960 0.0867 0.7143 -10.6507 -3.8000 -0.7872 -10.6231 3.9639 11.7207 16.0371 -16.8632 -72.9170 -33.0568 9.3359 -1.3531 -0.1464 -125.3746 9.1139 36.8181 27.3445 -15.9768 10.0721 15.2658 -60.5430 1.6922 2.4762 -12.2070 13.4867 12.9912 88.0408 -37.1181 -45.0684 2.8754 0.3271 146.6397 -9.8206 44.7831 -41.4047 15.0256 7.1833 -17.0175 49.9152 -3.9134 -5.5519 6.8035 -20.6185 20.0187 -0.1190 40.0340 0.0245 -10.8852 -13.5555 7.0205 1.6649 -0.6451 -2.0542 -1.3357 -21.6465 -22.8491 -0.1162 44.0414 -0.0867 4.4094 -20.0177 -11.7309 -1.4274 0.8245 0.8985
-479.5708 94.7759 -146.0585 1.0651 -2.8342 -8.3026 -0.1038 10.8707 -0.4633 -0.7478 -0.6894 -1.4326 -2.0177 22.5767 -4.1222 8.7116 4.3153 0.1757 -3.9702 -3.6122 -9.7935 2.4028 -0.1942 -12.4318 -0.0325 -0.1014 0.0713 0.7193 -10.6584 -3.8218 -0.7789 -10.6394 3.9517 12.0123 16.1528 -16.7679 -73.1367 -33.4133 9.3463 -1.4380 -0.1208 -125.3236 9.2581 37.2648 27.4511 -16.0576 10.1034 15.2718 -60.4550 1.7021 2.5115 -12.1946 13.4097 13.0457 89.0162 -36.6758 -46.2447 3.4138 0.3929 147.0645 -9.4330 44.3158 -40.8939 15.2165 7.1709 -17.0639 50.1377 -3.9723 -5.6201 6.8550 -20.7040 20.1199 -0.1299 40.0043 0.0025 -10.7633 -13.6133 6.9464 1.6717 -0.6890 -2.0448 -1.2873 -21.4961 -23.0397 -0.0975 43.7204 -0.0704 4.5347 -20.0336 -11.5774 -1.4287 0.7073 0.9218
-479.3131 94.7918 -145.8638 0.8771 -2.7225 -8.1663 -0.1390 10.8091 -0.5086 -0.7864 -0.6344 -1.5112 -1.9778 22.5940 -3.9784 8.9267 4.3526 0.1015 -4.0232 -3.6092 -9.7002 2.4057 0.0579 -12.5546 -0.0331 -0.0994 0.0708 0.7208 -10.6425 -3.8243 -0.7811 -10.6242 3.9523 12.2125 16.2335 -16.7219 -73.4153 -33.6738 9.5342 -1.5359 -0.1185 -125.3283 9.3553 37.7182 27.5139 -16.1762 10.1609 15.3152 -60.3420 1.7157 2.6022 -12.2117 13.3085 13.0258 89.6667 -36.1955 -46.7917 3.8062 0.5139 147.4527 -9.0742 44.1047 -40.5243 15.3683 7.1247 -17.0459 50.3069 -3.9824 -5.6802 6.9511 -20.7966 20.0917 -0.1506 39.9751 -0.0447 -10.5814 -13.6073 6.9526 1.6766 -0.7660 -2.0295 -1.2075 -21.3086 -23.3978 -0.0927 43.3675 -0.0775 4.5211 -19.9781 -11.3163 -1.4285 0.4797 0.9447
