HIERARCHY
ROOT Hips
{
	OFFSET 0.0000 0.0000 0.0000
	CHANNELS 6 Xposition Yposition Zposition Zrotation Xrotation Yrotation
	JOINT Spine1
	{
		OFFSET -0.0137 5.0038 -0.0537
		CHANNELS 3 Zrotation Xrotation Yrotation
		JOINT Spine2
		{
			OFFSET -0.0000 7.1253 -0.0298
			CHANNELS 3 Zrotation Xrotation Yrotation
			JOINT Chest
			{
				OFFSET -0.0000 7.5501 -0.8160
				CHANNELS 3 Zrotation Xrotation Yrotation
				JOINT Neck1
				{
					OFFSET -0.1817 26.3113 -0.5533
					CHANNELS 3 Zrotation Xrotation Yrotation
					JOINT Neck2
					{
						OFFSET -0.0000 7.7094 2.3026
						CHANNELS 3 Zrotation Xrotation Yrotation
						JOINT Head
						{
							OFFSET -0.0000 6.1289 1.9537
							CHANNELS 3 Zrotation Xrotation Yrotation
							JOINT Jaw
							{
								OFFSET 0.0026 0.4756 3.0949
								CHANNELS 3 Zrotation Xrotation Yrotation
								End Site
								{
									OFFSET 0.0 1.0 0.0
								}
							}
							JOINT LeftEye
							{
								OFFSET 3.2064 5.3802 7.5869
								CHANNELS 3 Zrotation Xrotation Yrotation
								End Site
								{
									OFFSET 0.0 1.0 0.0
								}
							}
							JOINT RightEye
							{
								OFFSET -3.2224 5.3619 7.5582
								CHANNELS 3 Zrotation Xrotation Yrotation
								End Site
								{
									OFFSET 0.0 1.0 0.0
								}
							}
						}
					}
				}
				JOINT LeftShoulder
				{
					OFFSET 1.6217 23.2372 5.1134
					CHANNELS 3 Zrotation Xrotation Yrotation
					JOINT LeftArm
					{
						OFFSET 14.9198 0.0000 -5.5023
						CHANNELS 3 Zrotation Xrotation Yrotation
						JOINT LeftForeArm
						{
							OFFSET 28.7393 0.0000 -0.0026
							CHANNELS 3 Zrotation Xrotation Yrotation
							JOINT LeftHand
							{
								OFFSET 27.0940 -0.0000 0.0026
								CHANNELS 3 Zrotation Xrotation Yrotation
								JOINT LeftHandThumbEnd
								{
									OFFSET 12.2686 -3.2202 4.8331
									CHANNELS 3 Zrotation Xrotation Yrotation
									End Site
									{
										OFFSET 0.0 1.0 0.0
									}
								}
								JOINT LeftHandMiddleEnd
								{
									OFFSET 19.0120 -0.3129 -0.0340
									CHANNELS 3 Zrotation Xrotation Yrotation
									End Site
									{
										OFFSET 0.0 1.0 0.0
									}
								}
							}
						}
					}
				}
				JOINT RightShoulder
				{
					OFFSET -1.3801 23.1803 5.2142
					CHANNELS 3 Zrotation Xrotation Yrotation
					JOINT RightArm
					{
						OFFSET -15.0372 0.0000 -5.5456
						CHANNELS 3 Zrotation Xrotation Yrotation
						JOINT RightForeArm
						{
							OFFSET -28.7366 0.0000 -0.0026
							CHANNELS 3 Zrotation Xrotation Yrotation
							JOINT RightHand
							{
								OFFSET -27.1336 -0.0000 0.0026
								CHANNELS 3 Zrotation Xrotation Yrotation
								JOINT RightHandThumbEnd
								{
									OFFSET -12.2642 -3.2115 4.8040
									CHANNELS 3 Zrotation Xrotation Yrotation
									End Site
									{
										OFFSET 0.0 1.0 0.0
									}
								}
								JOINT RightHandMiddleEnd
								{
									OFFSET -19.0006 -0.3066 -0.0316
									CHANNELS 3 Zrotation Xrotation Yrotation
									End Site
									{
										OFFSET 0.0 1.0 0.0
									}
								}
							}
						}
					}
				}
			}
		}
	}
	JOINT LeftLeg
	{
		OFFSET 10.0432 -8.4345 2.5957
		CHANNELS 3 Zrotation Xrotation Yrotation
		JOINT LeftShin
		{
			OFFSET -0.0000 -43.2218 -0.8029
			CHANNELS 3 Zrotation Xrotation Yrotation
			JOINT LeftFoot
			{
				OFFSET 0.0000 -42.1551 -3.4815
				CHANNELS 3 Zrotation Xrotation Yrotation
				JOINT LeftToeBase
				{
					OFFSET 0.0000 -5.0595 13.2315
					CHANNELS 3 Zrotation Xrotation Yrotation
					End Site
					{
						OFFSET 0.0 1.0 0.0
					}
				}
			}
		}
	}
	JOINT RightLeg
	{
		OFFSET -10.0473 -8.2953 2.6203
		CHANNELS 3 Zrotation Xrotation Yrotation
		JOINT RightShin
		{
			OFFSET 0.0000 -43.3622 -0.8056
			CHANNELS 3 Zrotation Xrotation Yrotation
			JOINT RightFoot
			{
				OFFSET 0.0000 -42.1174 -3.4784
				CHANNELS 3 Zrotation Xrotation Yrotation
				JOINT RightToeBase
				{
					OFFSET -0.0000 -5.0796 13.2842
					CHANNELS 3 Zrotation Xrotation Yrotation
					End Site
					{
						OFFSET 0.0 1.0 0.0
					}
				}
			}
		}
	}
}
MOTION
Frames: 240
Frame Time: 0.033333
-4.0181 100.3066 -0.7538 -0.2647 0.2746 0.0015 0.3701 -2.9924 -0.2575 -0.4507 -5.8182 -0.4610 -0.8066 9.9636 -2.5461 4.4627 2.5910 1.2619 -1.0329 -3.6290 -1.0302 -0.6873 -7.8090 -1.5416 0.0111 0.0434 -0.0026 0.7306 -10.4714 -3.8546 -0.7084 -10.5264 3.8491 -23.8618 10.4042 -12.9748 -53.3507 8.3023 -25.6229 0.1844 0.0954 -23.2181 -0.2657 -1.3261 1.4199 -15.7966 10.8030 15.7617 -60.5594 1.4507 2.4445 24.7070 8.5862 14.0693 55.5916 13.3423 17.0858 0.2590 -0.0348 29.9480 -0.5444 -3.9377 0.4002 15.5806 7.0838 -16.3063 49.7008 -3.7245 -5.2899 1.9400 1.3309 0.3223 0.0563 1.8523 0.0613 -3.1769 -4.2629 4.5796 1.6295 -0.0068 -1.8951 -2.4662 0.9433 -1.7079 0.0018 1.8270 -0.0811 5.6670 -3.1894 -5.8817 -1.4207 0.2803 0.9965
-3.8514 100.3292 -0.8176 -0.2713 0.3092 -0.0482 0.3351 -2.9794 -0.2676 -0.4421 -5.7990 -0.3976 -0.7980 9.9202 -2.6176 4.5248 2.7018 1.2561 -1.0409 -3.5956 -1.0862 -0.7443 -7.7246 -1.6284 0.0105 0.0369 0.0144 0.7264 -10.4639 -3.8369 -0.7052 -10.5169 3.8636 -23.8698 10.4712 -12.9972 -53.3212 8.1128 -25.4381 0.1244 0.0910 -23.0673 -0.3476 -1.0755 1.4793 -15.8234 10.7735 15.7176 -60.5051 1.4770 2.3505 24.6214 8.5922 14.0191 55.6632 13.1864 17.1071 0.1808 -0.0028 29.8687 -0.2645 -4.5384 0.5709 15.5875 7.0839 -16.3146 49.8576 -3.7007 -5.2563 1.8220 1.2527 0.3860 0.0362 1.7941 0.0042 -3.2543 -4.2243 4.6282 1.6333 -0.0658 -1.9266 -2.5663 0.8871 -1.5232 0.0002 1.7051 -0.0829 5.7294 -3.1589 -5.9754 -1.4242 0.1859 0.9875
-3.6795 100.3590 -0.8950 -0.2581 0.3658 -0.0759 0.2866 -2.9692 -0.2544 -0.4427 -5.8242 -0.4172 -0.7833 9.9250 -2.6296 4.6261 2.8234 1.2268 -1.0505 -3.6110 -1.1498 -0.8471 -7.5233 -1.7410 0.0113 0.0269 0.0208 0.7203 -10.4903 -3.8307 -0.6972 -10.5383 3.8691 -23.8352 10.5093 -13.0157 -53.3428 8.0295 -25.3346 0.0935 0.0760 -23.0207 -0.4795 -0.9574 1.6454 -15.8432 10.7742 15.7185 -60.4866 1.4803 2.3731 24.5460 8.5709 13.9947 55.7157 13.0300 16.9166 0.1505 -0.0231 29.8576 -0.1104 -5.1864 0.7344 15.5772 7.1200 -16.3142 49.9370 -3.6918 -5.2528 1.6729 1.1249 0.4022 0.0213 1.7908 -0.0303 -3.2849 -4.2134 4.6813 1.6369 -0.0712 -1.9445 -2.7103 0.7972 -1.3298 0.0066 1.6281 -0.0977 5.8761 -3.1619 -6.1181 -1.4234 0.1399 0.9971
-3.4166 100.3727 -0.9851 -0.2480 0.4607 -0.0472 0.2176 -2.9711 -0.2655 -0.4383 -5.8402 -0.4213 -0.7457 9.9166 -2.6339 4.7389 2.9872 1.1966 -1.0598 -3.6395 -1.2028 -0.9228 -7.3702 -1.8310 0.0117 0.0205 0.0183 0.7134 -10.5102 -3.8329 -0.6897 -10.5530 3.8647 -23.7688 10.5238 -12.9945 -53.3855 8.0728 -25.4320 0.0656 0.0708 -23.0204 -0.5553 -0.8831 1.7317 -15.8350 10.7821 15.7231 -60.4617 1.4709 2.3951 24.4608 8.5357 13.9581 55.7919 12.9162 16.6883 0.0506 -0.0237 29.8936 0.0978 -5.7166 0.8138 15.5757 7.1615 -16.3033 49.9420 -3.6760 -5.2531 1.5241 0.9141 0.4235 0.0115 1.8345 -0.0412 -3.2970 -4.2161 4.6481 1.6413 -0.0546 -1.9344 -2.8705 0.6591 -1.2029 0.0104 1.5753 -0.1086 6.0765 -3.1746 -6.2639 -1.4214 0.1081 0.9987
-3.1322 100.3949 -1.1023 -0.2480 0.5972 0.0039 0.1335 -2.9707 -0.2722 -0.4310 -5.8590 -0.4302 -0.7053 9.9060 -2.6361 4.8808 3.1489 1.1546 -1.0661 -3.6546 -1.2226 -0.9907 -7.2867 -1.9155 0.0133 0.0176 0.0211 0.7101 -10.5199 -3.8287 -0.6834 -10.5600 3.8641 -23.6694 10.5410 -12.9437 -53.4157 8.1654 -25.6708 0.0310 0.0638 -23.0732 -0.5698 -0.7667 1.7300 -15.7395 10.8067 15.6990 -60.4048 1.4816 2.3762 24.4009 8.4920 13.9365 55.8011 12.7846 16.3575 -0.0039 -0.0254 29.9154 0.2528 -6.0837 0.9034 15.5595 7.2006 -16.2971 49.9347 -3.6732 -5.2437 1.3762 0.6088 0.4660 0.0074 1.9519 -0.0506 -3.2867 -4.2338 4.5523 1.6434 -0.0419 -1.9191 -3.0126 0.4477 -1.0837 0.0085 1.5833 -0.1254 6.2766 -3.2102 -6.4310 -1.4204 0.0806 1.0061
-2.8232 100.3968 -1.2568 -0.2571 0.7947 0.0360 0.0270 -2.9634 -0.2808 -0.4356 -5.8762 -0.4354 -0.6472 9.8591 -2.6464 5.0405 3.3233 1.1162 -1.0669 -3.6653 -1.2058 -1.0404 -7.2281 -1.9916 0.0151 0.0162 0.0247 0.7105 -10.5194 -3.8258 -0.6801 -10.5606 3.8671 -23.5034 10.5468 -12.8711 -53.4821 8.3044 -25.9967 0.0089 0.0660 -23.1282 -0.6225 -0.6546 1.6341 -15.6424 10.8427 15.6851 -60.3263 1.5128 2.3529 24.3667 8.4256 13.9286 55.7420 12.6018 15.9392 -0.0155 -0.0069 29.8432 0.3536 -6.3026 0.9803 15.5255 7.2271 -16.2645 49.8901 -3.6829 -5.2114 1.2390 0.1655 0.5035 -0.0005 2.2095 -0.0601 -3.2910 -4.3020 4.4232 1.6447 -0.0607 -1.9069 -3.1403 0.0733 -0.9402 0.0057 1.7809 -0.1285 6.4436 -3.3251 -6.6047 -1.4201 0.0248 1.0114
-2.5602 100.4080 -1.4308 -0.2756 1.0334 0.0033 -0.1120 -2.9353 -0.2731 -0.4507 -5.8944 -0.4584 -0.5534 9.7708 -2.5967 5.2232 3.5518 1.0590 -1.0771 -3.6768 -1.1653 -1.0761 -7.2646 -2.0165 0.0181 0.0128 0.0324 0.7103 -10.5230 -3.8205 -0.6735 -10.5668 3.8755 -23.2410 10.5823 -12.8154 -53.6168 8.4374 -26.3561 0.0244 0.0657 -23.2233 -0.6717 -0.6865 1.4763 -15.5356 10.8555 15.6691 -60.2084 1.5387 2.3574 24.3328 8.3743 13.9398 55.6381 12.3541 15.4570 0.0058 0.0100 29.7437 0.3911 -6.3536 1.0286 15.5096 7.2448 -16.2407 49.8431 -3.6920 -5.2082 1.1213 -0.4613 0.5986 -0.0179 2.7567 -0.0890 -3.3269 -4.5204 4.2959 1.6491 -0.1071 -1.8966 -3.2375 -0.6784 -0.7378 -0.0022 2.6302 -0.1289 6.5842 -3.7367 -6.6878 -1.4202 -0.0948 1.0192
-2.3028 100.4129 -1.6336 -0.3120 1.2968 -0.1246 -0.2834 -2.8785 -0.2826 -0.4777 -5.8826 -0.4612 -0.4137 9.6332 -2.5004 5.4048 3.8205 0.9999 -1.0822 -3.6814 -1.2100 -1.0825 -7.4381 -1.9113 0.0169 0.0160 0.0188 0.7065 -10.5235 -3.8361 -0.6726 -10.5650 3.8624 -22.8477 10.6895 -12.7906 -53.7724 8.4310 -26.6063 0.0118 0.0650 -23.3303 -0.6741 -0.8858 1.2909 -15.4594 10.8596 15.6705 -60.1083 1.5523 2.3564 24.2311 8.3547 13.9426 55.5758 11.8817 14.9190 0.0220 0.0257 29.5805 0.4382 -6.2437 0.9832 15.4979 7.2579 -16.2061 49.7767 -3.7226 -5.1904 1.0564 -1.3512 0.7390 -0.0375 3.7676 -0.1345 -3.4333 -4.9871 4.2284 1.6580 -0.1509 -1.8793 -3.2912 -2.1630 -0.4615 -0.0209 4.8456 -0.0963 6.6607 -4.6991 -6.6580 -1.4192 -0.2968 1.0209
-2.1043 100.4316 -1.8521 -0.3195 1.5334 -0.3790 -0.5412 -2.7405 -0.2618 -0.4822 -5.8529 -0.4588 -0.3064 9.4901 -2.4121 5.6555 4.0857 0.9637 -1.0915 -3.5957 -1.2150 -1.1147 -7.8476 -1.8716 0.0190 0.0478 0.0567 0.7186 -10.5107 -3.8070 -0.6808 -10.5605 3.9084 -22.3133 10.8786 -12.8678 -53.9444 8.2667 -26.5765 0.0319 0.0744 -23.4400 -0.6605 -1.3137 1.0643 -15.4730 10.8253 15.6542 -60.1498 1.5946 2.2946 24.1062 8.4077 13.9528 55.5502 11.1272 14.3113 0.0753 0.0558 29.4415 0.3125 -5.9473 1.0187 15.4323 7.2559 -16.1822 49.6711 -3.7165 -5.2301 0.9792 -2.4346 0.8853 -0.0632 5.2446 -0.2137 -3.5544 -5.7134 4.3159 1.6577 -0.0739 -1.8898 -3.3969 -4.4392 -0.2687 -0.0150 8.6223 -0.0556 6.7970 -6.2401 -6.4335 -1.4372 -0.7211 1.0060
-2.0555 100.3501 -2.0368 -0.3749 1.5331 -0.7099 -0.7500 -2.5126 -0.2725 -0.5445 -5.6826 -0.4236 -0.2015 9.3659 -2.3784 5.8063 4.2827 0.9460 -1.0491 -3.6298 -1.2812 -1.1189 -8.0293 -1.8319 0.0045 0.0652 -0.0054 0.7019 -10.4980 -3.8601 -0.6941 -10.5348 3.8455 -21.6480 11.1188 -12.8687 -54.1751 8.0255 -26.4170 0.0445 0.1176 -23.3696 -0.5276 -1.6379 0.8188 -15.5210 10.8017 15.6069 -60.1790 1.5861 2.2805 23.9519 8.5866 13.8849 55.5362 9.8634 13.5366 0.1292 0.1209 29.3583 0.0994 -5.4519 1.0695 15.4711 7.2479 -16.1137 49.5588 -3.7129 -5.1161 1.0432 -3.3353 1.0545 -0.0822 6.8672 -0.2187 -3.6967 -6.4074 4.2273 1.6637 -0.0919 -1.8440 -3.5048 -6.6988 -0.1969 -0.0113 12.9867 0.1373 7.1013 -7.7729 -5.7252 -1.4393 -1.0923 0.9764
-2.1620 100.2670 -2.1089 -0.4180 1.4169 -1.1075 -0.9573 -2.3141 -0.2962 -0.5810 -5.6001 -0.4163 -0.1175 9.4025 -2.3952 5.6917 4.4891 0.9393 -1.0057 -3.5979 -1.3412 -1.0995 -8.0248 -1.7345 0.0006 0.0845 -0.0240 0.6978 -10.4774 -3.8750 -0.6978 -10.5085 3.8250 -21.3131 11.3306 -12.9039 -54.0666 7.9693 -25.9945 -0.0492 0.1300 -23.0711 -0.3577 -2.1435 0.6637 -15.6347 10.8420 15.7004 -60.2813 1.5640 2.2747 23.9155 8.8078 13.7086 55.4119 8.5980 12.6116 0.0917 0.1723 29.6904 -0.4248 -5.2112 1.0191 15.4382 7.2778 -16.0427 49.5770 -3.5999 -5.0659 1.1720 -3.8290 1.2408 -0.0603 8.0889 -0.2080 -3.8638 -7.0211 4.0771 1.6713 -0.0465 -1.8341 -3.9648 -8.7748 -0.0973 0.0306 17.2761 0.2829 7.4293 -9.2204 -4.8598 -1.4504 -1.4826 1.0034
-2.4371 100.1961 -2.0697 -0.4474 1.2685 -1.3862 -1.1123 -2.1936 -0.3423 -0.5871 -5.5189 -0.4171 -0.1263 9.4755 -2.5113 5.4657 4.6935 0.9996 -0.9827 -3.5900 -1.4542 -1.1211 -7.8907 -1.5673 -0.0002 0.0927 -0.0320 0.6910 -10.4789 -3.8784 -0.6930 -10.5067 3.8124 -21.2476 11.4057 -12.8872 -53.8052 8.3919 -25.6894 -0.0444 0.1093 -22.5007 -0.2237 -2.8614 0.4956 -15.7064 10.8814 15.7884 -60.4141 1.5572 2.2066 24.0582 8.9385 13.4843 55.1841 7.4980 11.3585 0.0179 0.2030 30.4578 -1.2594 -5.2401 1.0409 15.4257 7.3014 -16.0095 49.6111 -3.5241 -4.9885 1.3544 -3.9498 1.2290 -0.0290 8.7535 -0.1842 -3.9658 -7.3191 4.0826 1.6718 -0.0234 -1.8417 -4.9110 -10.3826 0.2275 0.0645 20.5904 0.3888 7.7346 -9.9048 -4.7742 -1.4580 -1.8051 1.0139
-2.8137 100.1630 -1.9271 -0.4970 1.1475 -1.5302 -1.1988 -2.1481 -0.3690 -0.5689 -5.4591 -0.4426 -0.1652 9.5385 -2.6417 5.2118 4.8467 1.0579 -0.9768 -3.5902 -1.5060 -1.1810 -7.6622 -1.4892 0.0022 0.0882 -0.0203 0.6877 -10.4833 -3.8618 -0.6848 -10.5074 3.8186 -21.3362 11.4100 -12.8591 -53.5259 9.0224 -25.4404 0.0178 0.0823 -21.7159 -0.2526 -3.3501 0.3789 -15.7934 10.9039 15.8516 -60.5717 1.5766 2.1227 24.2521 8.9906 13.2658 54.9107 6.6716 9.9127 -0.0179 0.2204 31.5707 -2.1749 -5.3438 1.1291 15.3897 7.3033 -15.9958 49.6149 -3.4768 -4.8944 1.6409 -3.7917 1.0836 -0.0063 8.9005 -0.1746 -4.1147 -7.3647 4.1383 1.6699 -0.0183 -1.8469 -6.2470 -11.4268 0.8787 0.0813 22.4336 0.4753 8.1646 -9.7360 -5.0188 -1.4587 -2.0478 1.0323
-3.3179 100.1562 -1.7156 -0.5166 1.0352 -1.5690 -1.2572 -2.1502 -0.3869 -0.5414 -5.4115 -0.4560 -0.2229 9.5743 -2.7520 4.9686 4.9416 1.1221 -0.9794 -3.5990 -1.5357 -1.2613 -7.3863 -1.5066 0.0045 0.0777 -0.0054 0.6898 -10.4882 -3.8439 -0.6823 -10.5104 3.8291 -21.4326 11.3590 -12.8265 -53.3366 9.7666 -25.2043 0.0569 0.0667 -20.8897 -0.4896 -3.6197 0.3422 -15.8909 10.9243 15.9092 -60.6905 1.6053 2.0696 24.3604 8.9971 13.0957 54.6727 6.1703 8.6005 -0.0682 0.2352 32.8149 -2.8725 -5.2575 1.2099 15.3456 7.2991 -16.0034 49.6043 -3.4649 -4.8569 1.9846 -3.3627 0.9289 0.0070 8.5705 -0.1622 -4.3460 -7.2014 4.1192 1.6682 0.0318 -1.8436 -7.9027 -11.9254 1.7537 0.1070 22.8950 0.5886 8.6749 -8.9270 -5.1920 -1.4587 -2.1697 1.0540
-3.9395 100.1663 -1.4329 -0.4749 0.9511 -1.5417 -1.3069 -2.1883 -0.3670 -0.5102 -5.3926 -0.4840 -0.3034 9.5813 -2.8060 4.7171 4.9750 1.1651 -0.9928 -3.5944 -1.5711 -1.3289 -7.1191 -1.5470 0.0060 0.0683 -0.0011 0.6909 -10.4991 -3.8385 -0.6803 -10.5182 3.8309 -21.4995 11.2522 -12.8148 -53.2206 10.5469 -24.9119 0.0232 0.0311 -20.1786 -0.9127 -3.5999 0.3600 -16.0180 10.9216 15.9481 -60.8089 1.6118 2.0411 24.4018 9.0064 13.0258 54.3796 5.8950 7.5105 -0.0894 0.2051 33.9525 -3.2466 -4.9422 1.2353 15.3186 7.2745 -16.0300 49.6106 -3.4648 -4.8760 2.3552 -2.7517 0.7243 0.0036 7.8900 -0.1496 -4.7040 -6.8801 4.0160 1.6665 0.1252 -1.8367 -9.7663 -12.0167 2.5895 0.1355 22.3259 0.7168 9.4225 -7.5201 -5.1030 -1.4622 -2.1990 1.0744
-4.7049 100.1632 -1.0958 -0.3633 0.9180 -1.4200 -1.3538 -2.2634 -0.3559 -0.4766 -5.3842 -0.4726 -0.4131 9.5469 -2.8137 4.4532 4.9155 1.1996 -1.0323 -3.5767 -1.6273 -1.3652 -6.9046 -1.6370 0.0062 0.0612 -0.0061 0.6897 -10.5013 -3.8436 -0.6786 -10.5184 3.8253 -21.5498 11.1199 -12.8363 -53.1599 11.3560 -24.6350 0.0002 0.0122 -19.6343 -1.4146 -3.5285 0.3187 -16.1208 10.9328 15.9801 -60.8952 1.6267 2.0294 24.3986 8.9992 13.0551 54.0189 5.7313 6.6632 -0.1016 0.1693 34.6953 -3.4168 -4.5266 1.1970 15.3120 7.2434 -16.0832 49.5646 -3.5069 -4.9028 2.7583 -2.0909 0.4041 -0.0043 7.0634 -0.1168 -5.2204 -6.4978 3.8744 1.6659 0.2186 -1.8452 -11.7166 -11.7355 3.1254 0.1737 20.6657 0.8600 10.2681 -5.4665 -4.6432 -1.4693 -2.1953 1.0748
-5.6146 100.1418 -0.7193 -0.2787 1.0089 -1.2078 -1.3531 -2.4049 -0.3052 -0.4387 -5.4115 -0.4386 -0.5131 9.5133 -2.7915 4.1809 4.7618 1.2381 -1.1168 -3.5689 -1.6699 -1.3719 -6.7703 -1.8373 0.0068 0.0558 -0.0171 0.6912 -10.4978 -3.8556 -0.6789 -10.5151 3.8138 -21.6090 10.9549 -12.8511 -53.0507 12.0450 -24.2755 0.0050 -0.0089 -19.3425 -1.8233 -3.4909 0.2182 -16.1824 10.9628 15.9910 -60.9504 1.6541 2.0441 24.3925 8.9527 13.1772 53.5414 5.5675 6.0666 -0.1010 0.1219 34.8740 -3.4985 -4.0685 1.0553 15.3257 7.2247 -16.1266 49.5186 -3.5367 -4.9189 3.2972 -1.6999 0.0017 -0.0115 6.5125 -0.0771 -5.9096 -6.2368 3.6532 1.6622 0.3190 -1.8684 -13.4670 -11.2357 3.3603 0.1964 18.0003 0.9597 11.0591 -2.7064 -3.9612 -1.4776 -2.1957 1.0704
-6.7049 100.0699 -0.3196 -0.2467 1.2439 -0.9072 -1.2896 -2.6303 -0.2427 -0.3870 -5.4799 -0.3752 -0.6092 9.4855 -2.7300 3.8922 4.5082 1.3438 -1.2415 -3.5732 -1.7481 -1.3645 -6.7177 -2.1327 0.0073 0.0447 -0.0338 0.6977 -10.4848 -3.8725 -0.6847 -10.5073 3.7959 -21.6708 10.7768 -12.8467 -52.8487 12.4489 -23.6820 -0.0127 -0.0128 -19.2927 -1.9688 -3.6070 0.0927 -16.1833 10.9448 15.9665 -60.9638 1.6778 2.0782 24.4159 8.8662 13.3894 52.9116 5.3596 5.6123 -0.0863 0.0709 34.5935 -3.5434 -3.6091 0.8024 15.3216 7.2085 -16.1399 49.4407 -3.5654 -4.8968 4.0488 -1.7385 -0.4130 -0.0194 6.5109 -0.0366 -6.8242 -6.2087 3.3168 1.6562 0.4188 -1.9096 -14.9017 -10.5544 3.4586 0.1863 14.5130 1.0009 12.0327 0.7645 -3.0027 -1.4866 -2.2169 1.0803
-7.9908 99.9432 0.0732 -0.3247 1.5489 -0.5414 -1.1516 -2.8877 -0.1639 -0.3445 -5.5646 -0.3623 -0.6940 9.4541 -2.5999 3.6221 4.2540 1.5317 -1.3657 -3.6002 -1.8445 -1.3432 -6.8083 -2.4857 0.0074 0.0270 -0.0600 0.7095 -10.4868 -3.8994 -0.6966 -10.5138 3.7691 -21.6537 10.6365 -12.7887 -52.5264 12.5815 -22.9906 -0.0620 -0.0195 -19.4586 -1.8747 -3.8527 0.0408 -16.1838 10.8978 15.9137 -60.9647 1.7230 2.1204 24.3927 8.8147 13.7012 52.2586 4.9477 5.1721 0.0037 -0.0021 34.0341 -3.5770 -3.3300 0.5366 15.3314 7.1723 -16.1055 49.3526 -3.6212 -4.8688 5.0901 -2.2279 -0.7867 -0.0322 7.2801 -0.0325 -7.9141 -6.5272 2.8520 1.6473 0.4523 -1.9626 -15.7826 -9.8532 3.4296 0.1346 10.9306 0.9877 13.8544 4.6403 -1.5082 -1.4907 -2.3147 1.1050
-9.5612 99.6992 0.4783 -0.5125 1.8233 -0.0498 -0.9501 -3.0994 -0.1295 -0.3350 -5.7009 -0.4620 -0.7202 9.4662 -2.3588 3.2109 4.0020 1.7023 -1.4494 -3.5389 -1.9730 -1.1615 -7.0833 -2.8219 0.0082 0.0185 -0.0663 0.7303 -10.4948 -3.9171 -0.7157 -10.5238 3.7708 -21.5436 10.5998 -12.6841 -52.0544 12.2658 -22.1562 -0.1639 -0.0415 -19.7863 -1.7426 -3.6960 0.1052 -16.2555 10.8842 16.0633 -60.8460 1.7252 2.3560 24.2665 8.8539 14.1736 51.6499 4.4209 4.8810 0.1557 -0.0412 33.5069 -3.6872 -3.6028 0.1603 15.2372 7.1523 -16.0798 49.2162 -3.7281 -4.9143 6.4989 -3.0235 -1.0961 -0.0242 8.7097 -0.0356 -9.2152 -7.1687 2.1772 1.6501 0.6040 -2.0019 -15.9177 -9.2197 3.1139 0.0779 8.0389 0.8996 16.8775 7.9535 0.4771 -1.4846 -2.9297 1.1673
-11.5235 99.4136 0.9106 -0.9108 1.9321 0.5645 -0.6353 -3.2150 -0.1262 -0.3530 -5.7405 -0.3561 -0.7646 9.3562 -2.2947 2.9377 3.9290 1.8397 -1.4852 -3.5031 -1.9823 -1.0342 -7.4596 -3.0110 0.0077 0.0231 -0.1069 0.7403 -10.5038 -3.9655 -0.7269 -10.5248 3.7393 -21.2002 10.7365 -12.6007 -51.5974 11.7384 -21.5082 -0.2445 -0.0557 -20.1840 -1.4668 -3.2728 -0.0694 -16.2354 10.8188 16.0358 -60.7564 1.6825 2.3694 24.1010 9.0630 14.5955 51.2158 3.9133 5.0929 0.1925 -0.0619 32.9645 -3.5381 -3.5705 -0.0097 15.2252 7.1189 -16.0250 49.1621 -3.8145 -4.9500 8.3607 -3.6324 -1.6058 -0.0324 10.2203 -0.1146 -10.6625 -7.9495 1.5490 1.6513 0.5675 -1.9841 -14.7527 -8.6180 2.1015 0.0972 7.0913 0.8336 17.6741 6.8246 1.4259 -1.4959 -2.7318 1.1732
-13.7961 99.0849 1.3877 -1.5428 2.0388 1.1576 -0.1587 -3.3140 -0.1588 -0.3906 -5.8174 -0.1797 -0.7722 9.2792 -2.2267 2.5838 3.8010 1.9214 -1.4259 -3.4785 -1.7782 -0.8703 -7.6429 -3.1870 0.0100 0.0246 -0.0983 0.7528 -10.5344 -3.9658 -0.7350 -10.5512 3.7570 -21.0075 10.9205 -12.4859 -50.8646 11.1298 -20.9200 -0.2771 -0.0828 -20.6662 -1.1000 -2.7076 -0.3606 -16.1573 10.7879 16.0228 -60.6418 1.6072 2.3137 24.0947 9.2389 15.0325 50.5876 3.7780 5.8211 0.1876 -0.0466 32.6924 -3.0885 -3.4739 -0.1159 15.2103 7.1264 -15.9702 49.1883 -3.7700 -4.9604 10.6753 -4.1024 -2.1032 -0.0548 11.4706 -0.1624 -12.3327 -8.5312 0.8740 1.6488 0.3908 -1.9686 -12.7332 -7.9043 1.2941 0.1111 6.5802 0.6927 16.6377 4.0580 1.1030 -1.4928 -1.9166 1.1525
-16.2971 98.7137 1.8406 -2.5008 2.1796 1.7156 0.5888 -3.3327 -0.1706 -0.4469 -5.9475 -0.0720 -0.7440 9.2354 -2.0855 2.0842 3.4458 1.9805 -1.3323 -3.5168 -1.5293 -0.5450 -7.4664 -3.3251 0.0007 0.0135 -0.1136 0.7379 -10.5249 -3.9674 -0.7381 -10.5229 3.7362 -21.1854 10.9887 -12.2766 -49.6623 10.3290 -19.9942 -0.3790 -0.1521 -21.2792 -0.5153 -1.9599 -0.6651 -16.0497 10.8213 16.0210 -60.5062 1.5355 2.3092 24.2830 9.2392 15.5070 49.6926 4.2438 7.2263 0.2080 -0.0492 32.6994 -2.3096 -3.1190 -0.0464 15.1673 7.2047 -15.9191 49.2150 -3.6625 -4.9457 13.5416 -4.4871 -2.4388 -0.0848 12.3270 -0.1800 -14.1978 -8.6702 0.0856 1.6607 0.2077 -1.9642 -9.9791 -7.3325 0.9064 0.0902 6.5089 0.5398 14.5764 0.5374 0.1870 -1.4691 -0.7951 1.1494
-19.0166 98.5453 2.1709 -4.0906 2.5791 2.3236 1.6565 -3.3583 -0.2073 -0.4132 -6.0072 0.1248 -0.4456 9.1010 -2.1061 1.4328 2.8100 2.1430 -1.2241 -3.5337 -1.4070 -0.0932 -7.4670 -3.4036 0.0016 0.0186 -0.1004 0.7495 -10.5095 -3.9541 -0.7474 -10.5008 3.7508 -21.8834 10.7333 -12.1325 -48.2177 9.2426 -18.4793 -0.3649 -0.1896 -21.9029 0.0790 -1.4850 -0.9603 -15.9786 10.8320 16.0371 -60.4970 1.4697 2.1773 24.7177 9.2071 16.1650 48.4071 4.9364 8.8109 0.3120 -0.0410 33.1509 -1.3446 -2.3922 0.3171 15.0909 7.2554 -15.9528 49.3296 -3.5575 -4.9579 17.3365 -5.0968 -2.7690 -0.1292 12.7392 -0.2262 -16.2960 -7.9259 -1.0486 1.6741 -0.3723 -1.9706 -6.3689 -8.0118 0.5399 0.0434 7.9209 0.3882 12.2571 -1.9186 -0.4756 -1.4519 -0.2804 1.1621
-21.9565 98.4669 2.3226 -5.4520 3.0958 3.3127 2.4283 -3.2998 -0.2971 -0.4188 -5.9253 0.3074 -0.1687 8.8711 -2.2442 0.9925 2.0243 2.2132 -1.2800 -3.5677 -1.5840 0.4454 -7.8423 -3.4822 0.0035 0.0083 -0.1189 0.7689 -10.5016 -3.9809 -0.7630 -10.5006 3.7419 -22.1677 10.5064 -12.1555 -47.3161 7.1995 -16.6132 -0.3036 -0.1545 -22.4032 0.6554 -1.2788 -1.1273 -15.8535 10.8000 15.9943 -60.5827 1.4797 2.1729 24.8190 9.1208 16.7194 47.7303 5.3242 10.2929 0.4753 -0.0426 33.8920 -0.5544 -1.5805 0.7049 15.0493 7.2836 -16.0613 49.4235 -3.5102 -5.0246 21.0675 -5.8275 -3.3957 -0.1313 12.6361 -0.1768 -18.6572 -5.9950 -2.5411 1.7202 -1.0462 -1.9280 -2.9253 -9.4754 -0.2635 0.0173 10.3487 0.3211 10.1245 -3.8013 -0.6313 -1.4388 0.0842 1.1863
-25.0955 98.5056 2.4314 -5.9818 3.5763 5.0008 2.6176 -3.1320 -0.2868 -0.5079 -5.8800 0.2775 -0.3440 8.7392 -2.3943 1.0224 1.3977 2.1430 -1.3053 -3.5972 -1.9818 0.8795 -8.5459 -3.8113 0.0093 0.0089 -0.0890 0.7759 -10.5066 -3.9592 -0.7567 -10.5083 3.7802 -21.9086 10.4243 -12.5569 -46.9778 4.9221 -15.1101 -0.0928 -0.1711 -22.7635 1.2251 -1.1990 -1.2023 -15.8321 10.7826 15.9137 -60.6884 1.5171 2.1041 24.6068 9.0614 16.9272 47.9008 5.1638 11.5169 0.7165 -0.0860 34.6608 -0.1202 -0.7123 1.0227 15.0731 7.2765 -16.1441 49.5414 -3.5379 -5.0191 23.8931 -6.3937 -4.4276 -0.1605 11.5601 -0.2696 -21.1396 -2.3781 -4.3527 1.7458 -2.5502 -1.9614 -0.2544 -10.9001 -1.6611 0.0158 12.8820 0.2872 8.0963 -5.3014 -0.8875 -1.4396 0.4164 1.2018
-28.3002 98.6117 2.5291 -5.6858 3.9831 7.3986 2.4608 -2.9913 -0.3241 -0.6321 -5.8556 0.2251 -1.1076 8.7031 -2.6622 1.3517 1.1189 1.9934 -1.4142 -3.5931 -2.6184 1.2928 -9.2750 -4.5349 0.0087 0.0211 -0.0630 0.7584 -10.5076 -3.9372 -0.7394 -10.5081 3.8111 -21.4376 10.4105 -13.0638 -46.9274 2.7951 -14.0481 0.1461 -0.1791 -23.0887 1.7543 -0.7440 -1.2094 -15.7778 10.8090 15.8580 -60.8058 1.5535 2.0933 24.1667 9.1243 16.7348 48.7727 4.6316 12.5074 0.8601 -0.0886 35.3590 -0.0392 0.2276 1.3463 15.1723 7.2607 -16.2584 49.6356 -3.5611 -5.1370 25.6207 -6.5604 -5.6347 -0.1684 9.1551 -0.2992 -23.2391 2.3991 -6.0551 1.7865 -4.2981 -2.0093 1.5806 -11.7699 -3.6419 0.0452 14.6683 0.2177 6.1130 -6.5204 -1.1745 -1.4467 0.7294 1.2039
-31.3266 98.6796 2.6949 -5.2554 4.3148 10.3399 2.4458 -2.9175 -0.4857 -0.8101 -5.7900 0.2791 -1.8924 8.6555 -3.0178 1.6250 1.0501 1.7666 -1.5536 -3.5437 -3.3172 1.5375 -9.6620 -5.5834 0.0132 0.0364 -0.0284 0.7418 -10.5108 -3.9078 -0.7107 -10.5212 3.8460 -21.1782 10.4048 -13.4883 -46.9618 1.2539 -13.6134 0.4387 -0.1757 -23.6644 2.0594 -0.1161 -1.1107 -15.6868 10.8554 15.8774 -60.7017 1.5728 2.1729 23.5338 9.3240 16.2207 49.7938 4.3551 13.0569 0.9441 -0.0362 36.4143 -0.0958 0.4247 1.6322 15.1809 7.2785 -16.3502 49.7636 -3.4972 -5.2777 26.6605 -6.6511 -6.2171 -0.0979 5.9266 -0.2905 -24.0715 7.1493 -6.9429 1.8196 -5.2922 -1.9946 3.2128 -11.9934 -5.7977 0.0631 15.5012 0.1273 4.0880 -7.6184 -1.8669 -1.4592 0.8886 1.1934
-34.0365 98.6710 2.8503 -4.7911 4.3960 13.2331 2.4152 -2.8857 -0.5338 -0.8642 -5.6545 0.2331 -2.5293 8.6246 -3.3822 1.8638 1.2634 1.6249 -1.7449 -3.5314 -3.9793 1.6794 -9.6892 -6.4687 0.0143 0.0529 -0.0340 0.7196 -10.4698 -3.9098 -0.6865 -10.4898 3.8341 -21.5021 10.3728 -13.9018 -46.8063 0.2796 -13.4686 0.6082 -0.1371 -24.3296 2.3827 0.3654 -1.0505 -15.5518 10.8901 15.8725 -60.6306 1.5457 2.3223 23.1687 9.5192 15.7427 50.2881 4.7533 13.1251 0.9419 -0.0142 37.8574 -0.0620 -0.3230 1.9157 15.1760 7.2988 -16.4116 49.7895 -3.5343 -5.3424 26.5849 -7.3784 -5.4066 -0.0059 4.5033 -0.2793 -21.0185 8.8951 -3.1695 1.7756 -3.6868 -1.8908 4.5737 -11.7571 -7.5674 0.0466 15.7631 0.0289 2.2744 -8.4568 -2.9666 -1.4696 0.8633 1.1705
-36.4449 98.7278 2.9716 -4.0487 4.0933 16.0355 2.1272 -2.6787 -0.4714 -0.8714 -5.5032 0.0712 -3.0880 8.6766 -3.5767 2.4208 1.6859 1.5119 -1.9921 -3.5649 -4.6957 1.6486 -9.7846 -7.1902 0.0078 0.0747 -0.0650 0.6834 -10.4471 -3.9313 -0.6635 -10.4680 3.7961 -22.0406 10.3749 -14.3622 -46.6158 -0.5816 -13.4627 0.6076 -0.1295 -24.7723 2.7183 0.5748 -0.8074 -15.5289 10.9242 15.9376 -60.5882 1.5220 2.3549 23.2283 9.6628 15.3468 50.1404 5.4004 12.7979 0.9694 -0.0126 38.8622 0.0203 -1.0366 2.0993 15.1573 7.3173 -16.4623 49.8045 -3.5565 -5.3674 24.9576 -9.0977 -2.7905 -0.0191 6.8190 -0.2876 -14.8294 6.7866 4.0936 1.7784 -2.4153 -1.8165 5.4665 -11.3212 -8.9819 -0.0045 15.9917 -0.0179 0.4878 -8.9735 -4.4464 -1.4596 0.9212 1.1422
-38.5858 98.8267 2.9973 -3.3101 3.5906 18.8503 1.7719 -2.3603 -0.3920 -0.8772 -5.3777 -0.0789 -3.3920 8.7952 -3.7069 3.1466 2.2430 1.3757 -2.2397 -3.6055 -5.4249 1.5528 -9.9269 -8.0135 0.0037 0.0933 -0.0616 0.6611 -10.4405 -3.9268 -0.6486 -10.4486 3.7988 -22.3055 10.5047 -14.6464 -46.9014 -1.5582 -13.8992 0.5358 -0.1281 -24.7112 2.9770 0.7212 -0.4584 -15.5225 11.0496 16.0298 -60.6936 1.6135 2.2282 23.2456 9.8979 15.1046 49.9605 5.8224 12.4702 0.9209 0.0035 38.5845 0.1685 -1.1682 2.0332 15.2459 7.3486 -16.4744 49.9527 -3.5691 -5.3550 22.4639 -11.2371 0.2915 -0.0770 12.7182 -0.2833 -9.5909 3.0188 10.6960 1.8079 -2.3120 -1.8956 6.1660 -10.5877 -10.1766 -0.0419 15.6622 -0.0403 -1.0842 -9.0799 -6.1212 -1.4429 1.0088 1.0735
-40.4991 98.9580 3.0115 -2.9272 3.2045 21.6737 1.5814 -2.1716 -0.2528 -0.8510 -5.3290 -0.2760 -3.3478 8.8687 -3.8181 3.9367 2.8966 1.2726 -2.4831 -3.6453 -6.3308 1.3987 -9.8868 -8.9300 0.0060 0.1023 -0.0413 0.6537 -10.4427 -3.9096 -0.6353 -10.4394 3.8208 -22.3153 10.7134 -14.7968 -47.7500 -2.3669 -14.6040 0.5203 -0.1070 -24.4545 3.0907 0.6230 -0.0893 -15.5026 11.1738 16.0951 -60.8102 1.7120 2.1671 23.1397 10.1259 14.8911 49.9335 6.2544 12.2574 0.8161 0.0210 37.3189 0.4978 -1.1825 1.6847 15.3101 7.3767 -16.4464 50.0652 -3.5807 -5.3422 19.7805 -12.7909 2.8799 -0.0759 19.3980 -0.3206 -5.8166 -1.0723 15.4446 1.8105 -2.3877 -2.0203 7.0079 -9.6644 -11.1588 -0.0432 14.5796 -0.0998 -2.2779 -8.8798 -7.9179 -1.4353 0.8998 1.0148
-42.2040 99.0587 3.0446 -2.7704 3.0263 24.5286 1.4902 -2.1834 -0.1083 -0.7800 -5.3796 -0.4966 -3.1011 8.8950 -3.9080 4.8559 3.4655 1.1293 -2.7917 -3.7006 -7.3744 1.1827 -9.6251 -9.9692 0.0090 0.1023 -0.0256 0.6553 -10.4517 -3.8961 -0.6294 -10.4402 3.8370 -22.3339 10.8874 -14.9015 -48.7812 -2.6035 -15.4029 0.5472 -0.1055 -24.3164 2.9852 0.1924 0.0946 -15.4207 11.2471 16.1396 -60.8422 1.7535 2.2353 23.1966 10.2205 14.6504 49.9319 6.7916 11.8986 0.6592 0.0146 35.6636 0.9282 -1.1557 1.1790 15.3590 7.3778 -16.3628 50.1012 -3.5815 -5.3279 16.8912 -13.3171 4.8685 -0.0586 25.1264 -0.4319 -3.9626 -4.4809 18.2490 1.8173 -2.4250 -2.1295 7.9426 -8.6750 -12.0719 -0.0148 12.9262 -0.1846 -3.1653 -8.4942 -9.6997 -1.4392 0.6703 0.9523
-43.6474 99.1104 3.0359 -2.7862 3.1077 27.3379 1.4876 -2.4036 -0.0449 -0.6781 -5.5179 -0.6760 -2.7338 8.8879 -4.0191 5.8359 3.8025 0.8997 -3.1506 -3.7507 -8.4237 0.9528 -9.3250 -11.0993 0.0109 0.1010 -0.0189 0.6603 -10.4645 -3.8948 -0.6300 -10.4489 3.8478 -22.4309 11.0416 -14.9373 -49.7300 -2.2568 -16.3094 0.5418 -0.1354 -24.3259 2.7570 -0.4389 0.0845 -15.3571 11.2282 16.1007 -60.7736 1.7252 2.2895 23.4240 10.2186 14.3761 50.0191 7.0646 11.0671 0.5174 -0.0060 34.1734 1.2019 -1.4323 0.7581 15.4079 7.3662 -16.2745 50.0489 -3.5749 -5.3199 13.9582 -12.9046 6.5679 -0.0685 29.3017 -0.5798 -4.2989 -7.1123 19.2340 1.8316 -2.3503 -2.1855 8.9780 -7.9477 -12.8138 0.0067 11.1653 -0.3207 -3.9093 -8.0673 -11.5135 -1.4479 0.4225 0.9059
-45.0071 99.0965 3.0062 -2.8447 3.4339 30.1796 1.4906 -2.7847 -0.0880 -0.5726 -5.7098 -0.8644 -2.3248 8.8369 -4.1531 6.7968 3.8456 0.5927 -3.5040 -3.7958 -9.5160 0.6968 -9.1241 -12.2755 0.0107 0.0991 -0.0209 0.6612 -10.4672 -3.9013 -0.6309 -10.4530 3.8501 -22.5208 11.2158 -15.0125 -50.6048 -1.5510 -17.2981 0.5300 -0.1474 -24.2421 2.5378 -1.0105 -0.0312 -15.3341 11.1429 16.0558 -60.6811 1.6485 2.3602 23.6444 10.1441 13.9460 50.3573 7.0069 9.7922 0.4133 -0.0324 33.2388 1.2140 -2.3049 0.6567 15.4359 7.3395 -16.2409 49.9670 -3.6023 -5.3388 11.0394 -11.6681 8.1455 -0.0600 31.7644 -0.6319 -5.4993 -8.9853 19.0691 1.8435 -2.2864 -2.1952 10.0587 -7.7257 -13.6044 0.0083 9.7799 -0.4534 -4.7071 -7.8137 -13.3487 -1.4568 0.1961 0.8899
-46.3470 99.0132 2.9464 -2.8332 3.8825 33.1540 1.4371 -3.2346 -0.1659 -0.4889 -5.9190 -1.1228 -1.9806 8.7610 -4.3406 7.7534 3.6806 0.1831 -3.8507 -3.8385 -10.6423 0.4262 -9.1108 -13.5191 0.0101 0.0929 -0.0151 0.6602 -10.4750 -3.9019 -0.6312 -10.4635 3.8631 -22.5206 11.4062 -15.2083 -51.3590 -0.7550 -18.2025 0.5057 -0.1592 -23.9459 2.3675 -1.2141 -0.1067 -15.3373 11.0381 16.0218 -60.5720 1.5644 2.4298 23.7723 9.9920 13.3534 51.0136 6.8415 8.2921 0.3800 -0.0731 33.0553 1.0343 -3.4843 0.7778 15.4503 7.2972 -16.2331 49.8415 -3.6378 -5.3778 8.2184 -9.6375 9.4859 -0.0363 32.7604 -0.5823 -6.8803 -10.1550 17.8786 1.8517 -2.3792 -2.1742 11.1164 -8.1171 -14.5479 -0.0085 9.1767 -0.5675 -5.6439 -7.8527 -15.2417 -1.4661 0.0608 0.8958
-47.7201 98.8798 2.8986 -2.7173 4.3508 36.2772 1.3153 -3.7278 -0.2737 -0.4579 -6.1376 -1.4374 -1.7305 8.6987 -4.5819 8.7384 3.4448 -0.2866 -4.2079 -3.8877 -11.8296 0.1660 -9.2464 -14.8234 0.0090 0.0752 -0.0175 0.6640 -10.4858 -3.9085 -0.6374 -10.4783 3.8666 -22.4712 11.6058 -15.5660 -51.9460 -0.0161 -18.9605 0.5004 -0.1484 -23.3009 2.2023 -1.2287 -0.0559 -15.3624 10.9547 16.0190 -60.5043 1.5052 2.4663 23.8639 9.8560 12.6536 51.8700 6.7635 6.8333 0.3870 -0.1088 33.5333 0.7797 -4.5559 0.9753 15.4320 7.2485 -16.2660 49.7746 -3.6883 -5.4077 5.6361 -6.9455 10.5411 -0.0148 32.6125 -0.4459 -7.9766 -10.8542 15.7609 1.8528 -2.6673 -2.1336 12.0995 -8.9725 -15.6455 -0.0356 9.3084 -0.6486 -6.7200 -8.1818 -17.2089 -1.4735 0.0101 0.9102
-49.1172 98.7273 2.8301 -2.4715 4.7129 39.5031 1.1043 -4.2313 -0.3916 -0.4812 -6.3191 -1.7601 -1.5910 8.6561 -4.8911 9.6910 3.2316 -0.7798 -4.5570 -3.9377 -12.9484 -0.1141 -9.3691 -16.1767 0.0076 0.0580 -0.0214 0.6639 -10.4799 -3.9055 -0.6404 -10.4698 3.8585 -22.4237 11.8112 -16.0357 -52.3037 0.6765 -19.5420 0.5452 -0.1200 -22.4504 1.9135 -1.2505 0.2250 -15.4437 10.8584 16.0509 -60.4729 1.4614 2.5576 23.9806 9.6877 11.8910 52.7922 7.0585 5.7221 0.3282 -0.1308 34.3385 0.6086 -5.2765 1.1434 15.4258 7.2100 -16.3401 49.7656 -3.7564 -5.4654 3.4011 -3.7252 11.1624 -0.0138 31.5316 -0.2788 -8.4760 -11.2669 13.1494 1.8433 -3.0826 -2.0743 12.9563 -10.0006 -16.8930 -0.0677 9.8785 -0.7053 -7.9045 -8.6515 -19.1702 -1.4787 -0.0174 0.9202
-50.6936 98.5062 2.7785 -2.1990 4.9369 42.7512 0.8954 -4.7186 -0.5462 -0.5521 -6.4735 -2.0767 -1.5653 8.6182 -5.2242 10.6044 3.1076 -1.3097 -4.8872 -3.9695 -14.0510 -0.4347 -9.4672 -17.4796 0.0025 0.0487 -0.0386 0.6580 -10.4634 -3.9156 -0.6453 -10.4420 3.8373 -22.3957 12.0003 -16.5595 -52.4095 1.5394 -20.0854 0.6549 -0.0863 -21.6335 1.5332 -1.4784 0.6391 -15.4880 10.8417 16.1075 -60.5302 1.4640 2.6263 24.1859 9.5158 11.1010 53.6973 7.5995 4.8464 0.2148 -0.1583 35.2070 0.5916 -5.6806 1.2715 15.4650 7.2126 -16.4528 49.8252 -3.8022 -5.5278 1.5961 -0.2087 11.2748 -0.0234 29.7638 -0.1092 -9.0081 -11.8095 9.6461 1.8266 -3.3913 -2.0168 13.7966 -10.9899 -18.1801 -0.1034 10.5064 -0.7436 -9.2548 -9.1017 -21.0812 -1.4825 -0.0556 0.9299
-52.3899 98.2740 2.7751 -1.9864 5.0090 45.8473 0.7180 -5.1578 -0.7080 -0.6422 -6.6398 -2.3803 -1.6199 8.6308 -5.5320 11.4991 3.0852 -1.8402 -5.2326 -4.0007 -14.9898 -0.7598 -9.4927 -18.7062 -0.0038 0.0418 -0.0538 0.6431 -10.4573 -3.9248 -0.6442 -10.4233 3.8196 -22.5077 12.1752 -17.0226 -52.1483 2.5820 -20.4401 0.7356 -0.0781 -21.0957 1.1858 -1.7446 0.9534 -15.5320 10.8706 16.1357 -60.7006 1.5076 2.6760 24.6599 9.3691 10.4307 54.3200 8.2406 3.9697 0.0847 -0.1953 36.0350 0.5855 -5.6816 1.2376 15.5900 7.2508 -16.5799 49.9771 -3.8297 -5.5429 0.0757 3.3650 10.8803 -0.0357 27.5239 0.0453 -9.9620 -12.3740 5.1533 1.8003 -3.5025 -1.9445 14.6742 -11.6572 -19.2894 -0.1343 10.6049 -0.7761 -10.7512 -9.3039 -22.8209 -1.4794 -0.0898 0.9522
-54.2493 98.0476 2.7473 -1.9248 5.0110 48.4595 0.6173 -5.5503 -0.8348 -0.7318 -6.7946 -2.5985 -1.6774 8.6754 -5.7624 12.2925 3.0661 -2.2337 -5.5392 -4.0337 -15.7438 -1.0619 -9.4584 -19.7184 -0.0091 0.0316 -0.0577 0.6202 -10.4620 -3.9223 -0.6329 -10.4170 3.8140 -22.7317 12.3232 -17.3364 -51.6337 3.6349 -20.4666 0.8070 -0.0742 -20.8315 0.9654 -2.1021 1.0415 -15.5261 10.9070 16.1373 -60.8090 1.5452 2.6992 25.2777 9.3086 9.9864 54.7095 8.7720 3.0070 0.0425 -0.2060 36.7808 0.4682 -5.3152 1.0870 15.6787 7.2855 -16.6803 50.0599 -3.8598 -5.5715 -1.2986 6.4716 9.8193 -0.0498 25.0531 0.1955 -11.4360 -12.4610 -0.2381 1.7647 -3.4515 -1.8676 15.6282 -11.8973 -19.9478 -0.1679 9.7833 -0.8725 -12.2793 -9.0307 -24.1742 -1.4690 -0.1773 0.9989
-56.1887 97.7845 2.7076 -2.0717 5.0052 50.4922 0.6586 -5.8751 -0.9542 -0.7988 -6.9226 -2.6982 -1.6844 8.7143 -5.8711 12.8885 3.0124 -2.4879 -5.7818 -4.0779 -16.2842 -1.3525 -9.4446 -20.4423 -0.0135 0.0192 -0.0474 0.5936 -10.4880 -3.9117 -0.6162 -10.4294 3.8242 -22.8789 12.4404 -17.5291 -51.1059 4.4968 -20.2122 0.8750 -0.0887 -20.6321 0.8293 -2.5279 0.9394 -15.5442 10.9056 16.0592 -60.8891 1.5446 2.6450 25.6637 9.3805 9.6523 55.2462 9.1752 2.1218 0.0066 -0.1983 37.4839 0.3257 -4.7812 0.9671 15.7459 7.3239 -16.7557 50.1967 -3.8232 -5.5889 -2.5934 8.7326 8.0990 -0.0494 22.6059 0.2953 -13.4423 -12.1306 -6.7257 1.7174 -3.2413 -1.8014 16.7720 -11.7960 -20.1751 -0.2074 8.0807 -1.0730 -13.8315 -8.2464 -25.1414 -1.4565 -0.3385 1.0435
-58.2064 97.5024 2.5677 -2.2942 4.9745 51.9499 0.7674 -6.0685 -1.0141 -0.8285 -6.9852 -2.7104 -1.6903 8.7499 -5.9003 13.2217 2.8762 -2.5399 -5.9432 -4.1209 -16.6240 -1.6327 -9.5824 -20.8833 -0.0148 0.0077 -0.0304 0.5698 -10.5132 -3.8951 -0.5958 -10.4462 3.8399 -22.8706 12.5642 -17.7084 -50.6016 4.8963 -19.5690 0.9119 -0.0848 -20.3986 0.7063 -2.8184 0.7444 -15.5963 10.8767 15.9719 -60.9158 1.5250 2.5522 25.6598 9.6386 9.4079 56.0537 9.4620 1.6002 -0.0026 -0.1680 38.1769 0.2708 -4.0558 0.9807 15.7962 7.3650 -16.8187 50.3493 -3.7779 -5.5587 -3.9832 9.9119 5.7308 -0.0446 20.4429 0.3646 -14.8372 -11.1792 -13.0496 1.6546 -3.2630 -1.7593 17.9369 -11.6487 -20.0858 -0.2287 5.9549 -1.3186 -15.2346 -6.9463 -25.5464 -1.4463 -0.5796 1.0888
-60.3887 97.1839 2.3737 -2.4593 4.8077 53.0127 0.8332 -6.0746 -1.0435 -0.8374 -6.9869 -2.6874 -1.7568 8.8217 -5.9258 13.3112 2.8574 -2.4712 -6.0112 -4.1705 -16.8146 -1.7946 -9.9129 -20.9643 -0.0142 0.0020 -0.0208 0.5543 -10.5448 -3.8917 -0.5791 -10.4745 3.8528 -22.6450 12.6502 -17.8935 -50.1509 4.8332 -18.6428 0.9154 -0.0854 -19.9858 0.4537 -2.6960 0.5632 -15.6933 10.8489 15.8901 -60.9230 1.5240 2.4318 25.3442 9.9698 9.1246 57.0408 9.7572 1.5959 -0.0410 -0.1216 38.7510 0.3778 -3.3340 1.2299 15.8217 7.3894 -16.8491 50.3902 -3.7403 -5.5151 -5.3821 10.1157 2.8183 -0.0255 18.8258 0.4784 -14.6659 -9.7850 -17.7002 1.6114 -3.7035 -1.7539 19.0039 -11.7088 -19.9041 -0.2432 4.1227 -1.5367 -16.4220 -5.3166 -25.4211 -1.4353 -0.7793 1.1406
-62.9814 96.8925 2.0239 -2.4757 4.3406 53.7116 0.7218 -5.7914 -1.0012 -0.8284 -6.9688 -2.7525 -1.9146 8.9948 -5.9936 13.2949 3.1377 -2.3424 -5.9161 -4.1081 -16.6733 -1.9554 -10.5500 -20.8269 0.0005 0.0185 0.0430 0.5670 -10.5415 -3.8365 -0.5623 -10.4965 3.9161 -22.1942 12.8381 -18.2026 -49.7670 4.4368 -17.6911 0.9422 -0.0786 -19.5710 0.1768 -2.5203 0.5360 -15.8321 10.7580 15.7263 -60.8986 1.5576 2.2988 24.8553 10.3063 8.9139 58.0800 10.0108 2.0868 -0.0812 -0.0471 39.1026 0.3925 -3.0169 1.6687 15.7104 7.3788 -16.8611 50.2343 -3.7583 -5.4729 -6.5407 9.5826 -0.3162 -0.0507 18.2532 0.6360 -10.9649 -8.3065 -19.3760 1.6618 -4.5709 -1.8288 19.8838 -12.1948 -20.0484 -0.2460 3.5547 -1.6486 -17.3096 -3.5518 -24.7863 -1.4492 -1.0334 1.1706
-65.9282 96.5218 1.6108 -2.4024 3.5766 54.2269 0.4506 -5.2785 -1.0427 -0.8944 -6.8542 -2.7718 -2.0661 9.2786 -6.0629 13.3175 3.6144 -2.1203 -5.7575 -4.1437 -16.6842 -2.1281 -11.1293 -20.2930 0.0028 0.0282 -0.0215 0.5773 -10.5051 -3.8948 -0.5681 -10.4836 3.8431 -21.5657 13.1400 -18.4423 -49.2907 3.8034 -16.8793 0.9329 -0.1060 -19.2949 -0.1228 -2.3303 0.7335 -15.8829 10.8299 15.7550 -60.9990 1.6672 2.2960 24.4209 10.5609 8.6403 59.0137 10.0456 2.7612 -0.1657 0.0845 39.2035 0.5066 -3.1352 1.9812 15.5708 7.3787 -16.8563 50.1063 -3.7581 -5.3949 -7.2361 8.8212 -3.3413 -0.0907 18.6738 0.8049 -2.6838 -7.8445 -18.4089 1.8586 -6.7706 -1.9326 20.6804 -13.1732 -20.1714 -0.3158 4.2933 -1.7090 -18.0985 -1.7395 -23.8846 -1.4425 -1.1223 1.2522
-69.0969 96.0490 1.0657 -1.9529 2.5708 54.3850 -0.1012 -4.5946 -0.9699 -0.9600 -6.6846 -2.8674 -2.4781 9.6773 -6.1219 13.4109 4.3315 -1.9755 -5.5661 -4.1603 -16.3573 -2.1594 -11.8413 -19.6476 0.0056 0.0569 -0.0780 0.5926 -10.4744 -3.9546 -0.5802 -10.4759 3.7897 -20.7067 13.5479 -18.5551 -48.7592 3.1530 -16.4206 0.8910 -0.1323 -19.1290 -0.5146 -1.8503 1.1168 -15.8626 10.8568 15.8063 -61.0234 1.6023 2.2336 24.1234 10.9320 8.5579 59.8935 9.5427 3.4215 -0.3908 0.1745 38.9039 0.4052 -3.6431 2.2638 15.5003 7.3714 -16.8013 50.1683 -3.6942 -5.3807 -8.1004 8.2051 -5.9862 -0.1439 19.2846 0.9052 6.0920 -8.9768 -16.7486 1.9489 -8.4664 -1.9963 21.2333 -14.9464 -20.7672 -0.4139 6.8232 -1.8019 -18.6183 0.2140 -22.1414 -1.4456 -1.1874 1.2754
-72.3504 95.5854 0.3765 -0.9808 1.3373 54.2001 -0.9591 -3.7370 -0.8443 -1.1288 -6.3582 -2.9363 -3.0014 10.0203 -6.0489 13.3826 5.1727 -2.0475 -5.2662 -4.0945 -15.6916 -2.1311 -12.5187 -19.0180 0.0116 0.0799 -0.0947 0.6137 -10.4454 -3.9794 -0.5891 -10.4700 3.7808 -19.9253 13.8921 -18.5862 -48.1801 2.7840 -16.3583 0.7989 -0.1295 -19.1850 -0.9530 -1.2278 1.5008 -15.7871 10.9187 15.8433 -60.9704 1.5879 2.2037 23.8997 11.2313 8.4897 60.5508 8.8085 3.6725 -0.5216 0.3141 38.5122 -0.1057 -4.3616 2.3747 15.5290 7.4468 -16.7089 50.3262 -3.5378 -5.2931 -9.6155 7.9819 -8.5995 -0.0453 18.7455 0.9134 10.4202 -11.4575 -14.9258 1.9328 -6.9024 -2.0358 21.1127 -17.6665 -21.4143 -0.4953 11.2236 -1.8855 -18.2061 2.4577 -19.9606 -1.4504 -1.6731 1.3174
-75.6569 95.2998 -0.4592 0.3007 0.0366 53.6283 -1.9390 -2.8538 -0.6880 -1.3280 -5.9854 -2.8865 -3.7315 10.4875 -5.9080 13.4682 5.8176 -2.1514 -5.0029 -4.1193 -15.0389 -1.9029 -12.7563 -18.2792 0.0062 0.0757 -0.1408 0.6142 -10.4759 -4.0358 -0.6003 -10.5008 3.7492 -19.5308 13.9986 -18.3603 -47.3704 2.4868 -16.1011 0.7927 -0.1204 -19.5106 -1.2934 -0.7400 1.9001 -15.7735 10.9164 15.7707 -60.8951 1.4791 2.2598 24.2255 11.4199 8.7836 60.5596 8.0128 3.9035 -0.5175 0.3691 37.8561 -0.5889 -5.2507 2.4456 15.7357 7.4245 -16.4908 50.3296 -3.4689 -5.1312 -11.5391 7.7844 -11.3887 0.0485 17.2969 0.7598 12.2786 -13.7271 -12.0433 1.8937 -4.3890 -2.0640 20.2434 -21.0435 -21.3938 -0.5445 16.3665 -2.0142 -16.0417 6.3628 -16.1489 -1.4594 -2.3080 1.2885
-78.8417 95.3358 -1.2490 1.0954 -1.0206 52.7187 -2.5833 -2.1250 -0.5249 -1.4279 -5.6525 -2.6968 -4.2145 11.0702 -5.6944 13.5556 6.1420 -2.0699 -4.8830 -4.1230 -14.5256 -1.5987 -12.7698 -17.8288 0.0095 0.0515 -0.1481 0.6363 -10.5022 -4.0503 -0.6143 -10.5362 3.7491 -19.8400 14.0527 -17.9817 -46.3286 1.9242 -15.7322 0.8371 -0.0959 -19.7935 -1.1892 -0.6830 1.8104 -15.7448 10.9071 15.7509 -60.6597 1.4430 2.3112 24.9048 11.6971 9.5902 59.8420 7.2532 4.6580 -0.3949 0.2263 36.7856 -0.2476 -4.7810 2.4068 15.8357 7.4103 -16.4531 50.3616 -3.5242 -5.1530 -12.5587 7.1008 -13.4484 0.1753 16.2966 0.6653 12.3805 -15.4230 -8.9229 1.8579 -2.1894 -2.1268 18.8813 -24.6299 -19.8524 -0.5141 21.1533 -1.8599 -9.6800 11.1509 -9.8263 -1.4741 -2.4247 1.2543
-81.9324 95.6727 -1.9409 1.1000 -1.8766 51.8826 -2.8046 -1.4279 -0.4586 -1.4523 -5.2563 -2.3810 -4.2107 11.4245 -5.6010 13.7778 6.3064 -1.7948 -4.7915 -4.1496 -14.1769 -1.3276 -12.6979 -17.4666 0.0055 0.0616 -0.1623 0.6364 -10.4822 -4.0544 -0.6195 -10.4971 3.7230 -20.0684 14.1219 -17.4625 -46.1499 0.6609 -14.7170 0.9007 -0.0688 -20.0672 -0.8573 -0.8106 1.6600 -15.7864 11.0827 15.8314 -60.8042 1.6032 2.2254 24.9915 11.9904 10.5103 59.2871 6.7023 6.2279 -0.0440 0.1160 34.9278 1.0934 -3.1157 2.1814 15.7648 7.3273 -16.4239 50.1326 -3.7575 -5.2658 -12.1578 6.0592 -14.5001 0.2043 16.4487 0.5017 11.6622 -16.2627 -6.5571 1.8033 -1.0396 -2.2147 16.7226 -27.1462 -16.6448 -0.2173 23.4620 -1.0980 4.2810 14.5037 0.3020 -1.4152 -2.0226 1.1856
-84.9757 96.1616 -2.5165 0.6774 -2.5501 51.1798 -2.7983 -0.7045 -0.3928 -1.3958 -4.9278 -2.1868 -3.8935 11.5215 -5.4872 13.7740 6.2109 -1.5894 -4.6632 -4.1583 -14.0612 -1.1255 -12.6373 -17.0732 -0.0008 0.0816 -0.1837 0.6256 -10.4561 -4.0693 -0.6202 -10.4632 3.6946 -19.8267 14.3074 -17.0588 -47.0280 -0.4244 -13.7287 0.9144 -0.0371 -20.3481 -0.9409 -1.2875 1.5774 -15.7439 11.1367 15.7368 -60.8980 1.7589 2.0934 24.3998 12.3626 11.2019 59.1791 6.1812 7.7768 0.3671 0.0754 32.9542 2.4216 -1.3944 1.7539 15.7184 7.3324 -16.4258 50.0269 -3.8859 -5.3164 -10.7557 4.7762 -14.3833 0.1562 17.7210 0.3723 10.5599 -16.3573 -5.5975 1.7839 -0.5098 -2.2428 13.7867 -27.9787 -12.3227 0.0678 22.8083 -0.2777 17.9051 13.0756 8.6553 -1.2028 -2.3463 1.3070
-87.8495 96.7162 -3.0815 0.1299 -2.7685 50.3789 -2.6824 -0.2192 -0.3529 -1.2822 -4.7465 -1.9929 -3.4237 11.5287 -5.2860 13.5400 5.7810 -1.5588 -4.5755 -4.1357 -13.6846 -0.8937 -12.8860 -16.7005 -0.0023 0.0967 -0.1775 0.6293 -10.4655 -4.0678 -0.6269 -10.4648 3.7032 -19.3727 14.4824 -16.6040 -48.3242 -0.6301 -13.3918 0.8639 -0.0347 -20.6801 -1.3488 -1.8537 1.6937 -15.6955 11.1969 15.6778 -61.0448 1.9367 1.9706 23.7393 12.6026 11.6898 59.0730 5.6889 8.4793 0.5161 0.0632 31.5382 2.8857 -0.8269 1.6732 15.7119 7.3643 -16.4070 50.1273 -3.8665 -5.2785 -8.9989 3.3455 -13.7553 0.1111 18.8202 0.2426 9.2836 -16.1189 -4.9085 1.7581 -0.1482 -2.1894 10.8989 -28.1178 -8.5252 0.1232 22.3734 -0.0118 18.3203 9.1015 7.9342 -1.2046 -2.7841 1.3229
-90.3975 97.3022 -3.6128 -0.2473 -2.7054 49.1040 -2.5249 0.0955 -0.3143 -1.1465 -4.6656 -1.7132 -3.0230 11.4939 -4.9670 13.1183 5.1245 -1.5017 -4.5543 -4.0805 -13.0899 -0.5950 -13.3059 -16.4197 0.0041 0.1104 -0.1270 0.6513 -10.4601 -4.0239 -0.6361 -10.4598 3.7583 -19.0892 14.5145 -16.0802 -49.5702 -0.3227 -13.1891 0.6252 -0.0343 -20.8712 -1.7789 -2.2768 1.8534 -15.5769 11.1588 15.6496 -60.9798 1.9895 1.9790 23.2574 12.5715 12.0962 58.7024 5.2100 8.2846 0.4886 0.0694 30.6850 2.5722 -1.2379 1.8672 15.6748 7.3844 -16.3765 50.2403 -3.8101 -5.1664 -7.3703 2.0051 -13.0021 0.0687 19.1524 0.1837 7.9336 -15.5074 -4.0617 1.7292 0.1621 -2.0681 7.6316 -28.0202 -4.8800 0.0519 23.2329 -0.0127 12.3137 4.4323 2.8617 -1.3399 -2.5319 1.2626
-92.7759 97.8401 -4.0508 -0.2583 -2.5504 47.4242 -2.4523 0.2600 -0.3188 -1.0420 -4.5979 -1.3680 -2.7902 11.4134 -4.5991 12.5373 4.4801 -1.3774 -4.5221 -4.0349 -12.5118 -0.2597 -13.7999 -16.0490 0.0131 0.1172 -0.0533 0.6710 -10.4567 -3.9560 -0.6382 -10.4640 3.8366 -19.0127 14.4547 -15.4863 -50.7875 0.3167 -13.0055 0.4405 0.0022 -20.8782 -2.1943 -2.5446 2.0486 -15.4943 11.1253 15.6616 -60.9273 2.0040 2.0002 22.8061 12.4646 12.5032 58.1825 4.6823 7.7164 0.4724 0.0596 30.1599 1.8655 -1.8832 2.1387 15.6520 7.4044 -16.3379 50.3394 -3.7015 -5.0473 -6.2261 0.9774 -12.3052 0.0429 18.6543 0.1624 6.5756 -14.5372 -3.0826 1.7084 0.3918 -1.9635 4.1777 -27.4674 -2.2788 -0.0191 25.0188 -0.0123 6.3784 -0.2956 -2.6557 -1.4259 -1.9542 1.2024
-95.0416 98.3028 -4.4355 0.0092 -2.3728 45.3632 -2.4131 0.2704 -0.3235 -0.9680 -4.5416 -0.9888 -2.7014 11.3065 -4.2296 11.8032 4.0113 -1.1652 -4.4163 -4.0076 -12.0029 0.0262 -14.2690 -15.4790 0.0192 0.1167 0.0005 0.6751 -10.4569 -3.9028 -0.6305 -10.4701 3.8907 -19.1900 14.3345 -14.7802 -51.9222 1.0177 -12.6487 0.3409 0.0366 -20.7355 -2.6069 -2.5938 2.2035 -15.4450 11.0747 15.6810 -60.8603 1.9802 1.9897 22.3171 12.3454 12.9286 57.5961 4.2151 7.1599 0.3960 0.0481 29.8589 1.3156 -2.2414 2.3169 15.6123 7.4308 -16.3056 50.4456 -3.6054 -4.9749 -5.5058 0.3317 -11.6060 0.0366 17.5252 0.1297 5.2552 -13.3435 -1.9626 1.6982 0.5589 -1.9119 0.9510 -26.5543 -1.4288 -0.0673 27.4375 0.0307 3.1403 -4.2494 -6.8996 -1.4560 -1.8151 1.1745
-97.1671 98.6434 -4.7136 0.4074 -2.2203 42.9753 -2.3362 0.1660 -0.2929 -0.9003 -4.5149 -0.6258 -2.6684 11.1836 -3.8311 10.8794 3.8011 -0.8777 -4.2306 -3.9794 -11.4912 0.2690 -14.6532 -14.7743 0.0180 0.1159 0.0121 0.6627 -10.4660 -3.8858 -0.6210 -10.4807 3.8985 -19.6239 14.2439 -13.9719 -52.9734 1.5866 -12.0155 0.3175 0.0453 -20.5423 -2.8833 -2.5057 2.2808 -15.4354 11.0092 15.6602 -60.8455 1.9469 1.9877 21.7708 12.2341 13.3631 56.9420 3.7629 6.5008 0.3421 0.0265 29.7716 0.8895 -2.3356 2.3992 15.5692 7.4603 -16.2733 50.5060 -3.5709 -4.9320 -4.9477 0.0085 -10.6362 0.0275 16.1574 0.0803 3.8800 -12.2535 -0.8564 1.6952 0.7068 -1.9081 -2.1371 -25.4652 -2.1409 -0.0941 30.2713 0.0668 2.0572 -6.9367 -9.5710 -1.4749 -1.9970 1.1391
-99.1016 98.8195 -4.8988 0.8125 -2.1758 40.4044 -2.2172 0.0053 -0.2384 -0.8222 -4.5197 -0.2360 -2.6015 11.1213 -3.4223 9.8486 3.8196 -0.5987 -4.0271 -3.9430 -10.9683 0.4638 -14.8611 -14.0798 0.0142 0.1228 -0.0048 0.6461 -10.4830 -3.8984 -0.6125 -10.4938 3.8789 -20.2948 14.1425 -13.1577 -53.7723 2.1230 -11.2200 0.3233 0.0579 -20.4740 -2.8998 -2.7255 2.3183 -15.4356 10.9587 15.6354 -60.8748 1.8705 1.9956 21.2614 12.0836 13.7602 56.2274 3.2381 5.5421 0.3357 0.0027 29.9067 0.4588 -2.6688 2.3982 15.5599 7.4717 -16.2375 50.5301 -3.5736 -4.8776 -4.3575 -0.1368 -9.3080 0.0203 15.1385 0.0263 2.3933 -11.6568 0.0640 1.6920 0.8469 -1.9223 -5.4176 -24.3315 -3.6942 -0.0735 33.3092 0.1221 2.2980 -8.1093 -10.9275 -1.4867 -2.1350 1.0924
-101.0611 98.8668 -4.9812 1.2216 -2.2399 37.7863 -2.1063 -0.1917 -0.1720 -0.7395 -4.5484 0.1525 -2.5238 11.1601 -2.9982 8.9037 3.9692 -0.3204 -3.8719 -3.8943 -10.5333 0.5915 -14.9044 -13.5412 0.0109 0.1385 -0.0273 0.6301 -10.4908 -3.9191 -0.6035 -10.4985 3.8584 -21.1402 13.9897 -12.4704 -54.1726 2.7640 -10.4421 0.3080 0.0842 -20.4895 -2.7573 -3.1578 2.3468 -15.4185 10.9145 15.6277 -60.8242 1.7773 2.0349 20.9740 11.9079 14.1257 55.4045 2.5154 4.2905 0.3583 -0.0609 30.1617 -0.0450 -3.2807 2.3690 15.5037 7.4657 -16.1986 50.4870 -3.5869 -4.8502 -3.7210 -0.3224 -7.7516 0.0360 14.7793 0.0061 0.8515 -11.6174 0.7539 1.6815 1.0376 -1.9402 -9.0851 -23.1589 -5.2613 -0.0054 35.9734 0.2386 3.0764 -8.0425 -11.4072 -1.4875 -2.0683 1.0528
-103.0515 98.8138 -4.8906 1.6455 -2.3473 35.2973 -2.0402 -0.4267 -0.1383 -0.6445 -4.5989 0.5430 -2.4743 11.2353 -2.6316 8.0871 4.1556 -0.0670 -3.7557 -3.8707 -10.2129 0.6771 -14.7418 -13.0894 0.0084 0.1500 -0.0373 0.6169 -10.4783 -3.9256 -0.5967 -10.4847 3.8457 -21.9403 13.7981 -11.9042 -54.3181 3.4904 -9.9726 0.2996 0.1198 -20.2802 -2.6616 -3.5744 2.4278 -15.4005 10.8827 15.6180 -60.7913 1.7142 2.0896 20.8854 11.7202 14.4463 54.6489 1.5408 2.8719 0.3594 -0.0909 30.3067 -0.6901 -3.9001 2.3392 15.4531 7.4437 -16.1534 50.3672 -3.6233 -4.8130 -3.0105 -0.5217 -6.1995 0.0635 14.7947 -0.0013 -0.6142 -11.7859 1.3212 1.6674 1.2112 -1.9670 -13.1363 -21.6834 -6.4910 0.1287 37.3766 0.4557 3.4557 -6.9810 -11.6573 -1.4849 -1.8763 1.0031
-105.0938 98.7116 -4.6663 2.0102 -2.4116 32.9714 -1.9752 -0.7039 -0.0878 -0.5420 -4.6813 0.8547 -2.4316 11.2971 -2.3128 7.3784 4.3316 0.1590 -3.6314 -3.8576 -9.8882 0.7158 -14.4973 -12.7455 0.0094 0.1523 -0.0243 0.6095 -10.4561 -3.9080 -0.5882 -10.4590 3.8543 -22.5785 13.5914 -11.4787 -54.3129 4.1588 -9.6800 0.2609 0.1454 -19.8720 -2.7331 -3.7064 2.5880 -15.4159 10.8472 15.6003 -60.7926 1.6788 2.1656 20.9477 11.5242 14.7567 54.0269 0.5067 1.5073 0.3915 -0.1223 30.3667 -1.5075 -4.2833 2.2570 15.4138 7.4157 -16.1016 50.2185 -3.6557 -4.7577 -2.1428 -0.7622 -4.8769 0.0888 14.9842 -0.0087 -1.9834 -12.0024 1.9507 1.6562 1.3204 -1.9915 -17.1591 -19.8134 -7.2562 0.2914 37.0312 0.7543 3.0710 -5.0249 -12.2382 -1.4896 -1.6625 0.9505
-107.2669 98.5838 -4.2539 2.2919 -2.3859 30.8732 -1.9014 -1.0230 -0.0088 -0.4414 -4.8117 1.0481 -2.3806 11.3069 -2.0273 6.7641 4.4876 0.3575 -3.5169 -3.8577 -9.5643 0.7162 -14.2459 -12.4523 0.0105 0.1513 0.0003 0.6067 -10.4342 -3.8810 -0.5837 -10.4339 3.8764 -23.0088 13.4221 -11.1773 -54.2711 4.7399 -9.5478 0.2401 0.1533 -19.4173 -2.8462 -3.7276 2.8173 -15.4417 10.8164 15.5960 -60.7705 1.6508 2.2634 21.0820 11.3657 14.9879 53.5302 -0.3399 0.4866 0.4085 -0.1603 30.3969 -2.2282 -4.2973 2.1668 15.3815 7.4187 -16.0712 50.0932 -3.6580 -4.7171 -1.0671 -1.0896 -3.7810 0.0987 15.3288 -0.0364 -3.2966 -12.2598 2.6499 1.6469 1.3654 -2.0045 -20.8174 -17.3693 -7.7880 0.3860 34.6068 1.0007 1.7117 -2.4370 -13.5177 -1.5041 -1.5158 0.8985
-109.5702 98.3761 -3.6833 2.4366 -2.2459 28.9797 -1.7800 -1.3968 0.0469 -0.3374 -4.9755 1.1896 -2.2838 11.2703 -1.7446 6.2228 4.5793 0.5154 -3.4332 -3.8883 -9.2492 0.6803 -14.0318 -12.1465 0.0102 0.1453 0.0155 0.6050 -10.4108 -3.8618 -0.5836 -10.4034 3.8865 -23.2197 13.2531 -10.9836 -54.2036 5.2486 -9.5095 0.1997 0.1671 -19.1381 -2.9751 -3.9069 3.0304 -15.4655 10.7880 15.5987 -60.6800 1.5847 2.3473 21.2086 11.2188 15.1175 53.1883 -0.9456 -0.1823 0.3121 -0.1701 30.4825 -2.6231 -4.0893 2.1087 15.3456 7.4364 -16.0766 50.0332 -3.6358 -4.7055 0.3310 -1.6317 -2.8390 0.0897 15.9955 -0.0938 -4.6993 -12.5915 3.3862 1.6395 1.3367 -2.0014 -23.9345 -14.3074 -8.2889 0.3877 30.0428 1.1203 -0.3932 0.7335 -15.4682 -1.5399 -1.4081 0.8591
-112.0198 98.0856 -2.9864 2.4016 -1.9891 27.2421 -1.5641 -1.8153 0.1573 -0.2312 -5.1912 1.2386 -2.1548 11.2159 -1.4709 5.7044 4.5910 0.6848 -3.3416 -3.9362 -8.9273 0.6094 -13.9085 -11.8805 0.0090 0.1288 0.0248 0.6067 -10.4125 -3.8484 -0.5884 -10.3971 3.8922 -23.2994 13.0931 -10.9106 -53.9659 5.7519 -9.5298 0.1574 0.1691 -19.1665 -3.1859 -4.3557 3.1532 -15.5126 10.7456 15.6117 -60.6069 1.5290 2.3786 21.3760 11.1444 15.2148 52.9093 -1.4931 -0.7149 0.2521 -0.1605 30.7090 -2.8193 -3.7660 2.0983 15.3017 7.4996 -16.1438 50.0127 -3.5909 -4.7089 2.1443 -2.5423 -1.9135 0.0651 17.2195 -0.1820 -6.3310 -13.0421 4.1187 1.6330 1.2892 -1.9956 -26.3607 -10.8120 -8.9240 0.2832 23.8439 1.1164 -2.5313 4.9992 -17.2840 -1.5901 -1.2866 0.8339
-114.7517 97.6360 -2.2529 2.1285 -1.5575 25.6005 -1.2359 -2.2406 0.2658 -0.1115 -5.4481 1.2828 -1.9836 11.1540 -1.2836 5.1816 4.4623 0.8690 -3.2313 -3.9990 -8.5665 0.4887 -14.0548 -11.6075 0.0125 0.1010 0.0487 0.6225 -10.4523 -3.8280 -0.5988 -10.4293 3.9150 -23.1686 12.8784 -10.9023 -53.6159 6.2844 -9.7743 0.1512 0.1679 -19.5046 -3.4184 -5.2807 3.2535 -15.5680 10.7200 15.6488 -60.6575 1.5103 2.3180 21.4847 11.2106 15.2953 52.7090 -2.1738 -1.0797 0.1812 -0.1495 31.1265 -2.8568 -3.7522 2.2399 15.2692 7.5863 -16.2282 50.0662 -3.5322 -4.6453 4.4820 -4.1470 -0.9853 0.0258 19.3867 -0.2895 -8.3232 -13.6179 4.7238 1.6286 1.2650 -1.9810 -27.8783 -7.3019 -9.5169 0.1427 17.0507 1.0540 -3.3171 10.5961 -18.2291 -1.6296 -1.0590 0.8449
-117.9768 97.0576 -1.4705 1.6032 -0.9603 24.0441 -0.7801 -2.6069 0.4048 -0.0275 -5.6580 1.2609 -1.7750 11.0232 -1.2142 4.6748 4.1760 1.1419 -3.0865 -4.0315 -8.2425 0.3694 -14.4779 -11.2586 0.0208 0.0709 0.0656 0.6638 -10.5001 -3.8205 -0.6244 -10.4711 3.9358 -22.9616 12.5587 -10.9538 -53.0413 6.7010 -9.9830 0.1729 0.1294 -20.0545 -3.4137 -6.2500 3.2992 -15.6633 10.7232 15.7418 -60.7855 1.4764 2.2855 21.6416 11.4964 15.5300 52.4170 -3.0838 -1.1607 0.1518 -0.0972 31.5755 -2.7978 -4.0615 2.5368 15.1834 7.6202 -16.2617 50.0325 -3.4712 -4.6006 7.3748 -6.3835 -0.0883 -0.0466 22.2345 -0.3941 -10.7826 -14.0711 5.0619 1.6307 1.2827 -1.9600 -28.3568 -4.2118 -9.6281 -0.0225 11.0791 1.0003 -0.1991 16.7605 -17.3147 -1.6364 -0.7155 0.9284
-121.6356 96.4238 -0.7395 1.1494 -0.3586 22.4589 -0.3843 -2.8564 0.5212 -0.0559 -5.7022 1.1376 -1.6658 10.8843 -1.1407 4.2515 3.6812 1.2181 -2.9836 -3.9765 -7.7710 0.3241 -15.1485 -10.9205 0.0191 0.0662 0.0374 0.6921 -10.5270 -3.8662 -0.6584 -10.4995 3.9231 -22.5920 12.4349 -11.1021 -52.2066 6.6512 -10.2593 0.2535 0.0948 -20.6972 -2.9547 -7.2350 3.2720 -15.7210 10.6907 15.7569 -60.8767 1.3885 2.4306 21.6992 11.8573 15.8759 52.2716 -4.3330 -0.9996 0.3210 -0.0999 31.8070 -2.8581 -4.2956 3.0505 15.0571 7.4998 -16.1850 49.7114 -3.4605 -4.7205 10.5667 -8.7404 0.8970 -0.0888 25.0006 -0.3887 -13.8519 -13.9024 5.0510 1.6711 1.4236 -1.9063 -27.9963 -2.2777 -9.5945 -0.1578 7.3251 0.9468 9.0154 19.9746 -13.7311 -1.5982 -1.2969 1.0878
-125.7856 95.7847 0.0042 0.9557 0.0357 20.8785 -0.1699 -2.7660 0.5044 -0.2042 -5.6875 1.0982 -1.7394 10.7575 -1.1540 3.7692 3.1465 1.3586 -2.6215 -3.8433 -7.1652 0.4574 -15.6861 -10.3884 0.0222 0.0869 0.0416 0.7100 -10.5586 -3.8784 -0.6704 -10.5107 3.9408 -22.3088 12.3502 -11.1833 -50.8270 6.3299 -10.0368 0.1351 0.0185 -21.8597 -2.1337 -7.0607 2.8302 -15.7946 10.6469 15.7948 -60.7666 1.3253 2.4860 21.6615 12.1241 16.3428 52.1080 -5.2925 0.0626 0.4715 -0.1171 31.6049 -3.0422 -3.9774 3.6875 14.9495 7.3751 -16.0371 49.6150 -3.5540 -4.7089 13.5682 -10.2834 2.1703 -0.1978 26.1960 -0.6347 -17.0163 -12.3492 4.5067 1.6326 1.2143 -1.8181 -26.6517 -2.4819 -10.5880 -0.0702 6.7625 1.0270 17.7351 15.9507 -9.8920 -1.5260 -2.3371 1.1200
-130.2296 95.5517 0.6062 0.7738 0.2919 19.2811 0.1286 -2.5886 0.4135 -0.3891 -5.4460 1.2412 -1.9669 10.7694 -1.2999 3.2818 2.6371 1.3384 -2.4187 -3.7249 -6.4810 0.9369 -16.0519 -9.9137 0.0099 0.0906 0.0087 0.6899 -10.5471 -3.9214 -0.6759 -10.5010 3.9248 -22.3842 11.9841 -11.3834 -48.9680 5.7590 -9.1421 0.1959 -0.0027 -23.4116 -0.9941 -6.7777 2.1483 -15.7654 10.5377 15.6928 -60.4822 1.2673 2.4144 21.7166 12.1693 16.8845 51.6063 -5.8027 1.9221 0.5693 -0.0935 31.0271 -3.3733 -3.5378 4.2010 14.9212 7.2733 -15.9623 49.5072 -3.5368 -4.8013 16.7490 -11.1058 3.3434 -0.2696 25.8953 -0.7222 -20.0150 -8.6583 3.6780 1.6802 0.3818 -1.7835 -23.9728 -4.5945 -12.2916 0.0295 8.8968 0.9757 20.2777 8.7925 -9.0117 -1.4718 -1.6582 1.0884
-134.9034 95.6012 1.1294 0.5195 0.5596 18.0212 0.5462 -2.1729 0.2897 -0.6073 -5.2760 1.2294 -2.1756 10.7250 -1.4020 2.5785 2.2494 1.5880 -2.2303 -3.6243 -5.7831 1.4163 -16.1759 -9.5378 0.0201 0.0933 0.0564 0.6791 -10.5355 -3.8781 -0.6439 -10.5005 3.9740 -22.7870 11.4191 -11.6830 -46.8926 5.0896 -7.8368 0.3903 0.0197 -25.3129 0.3295 -5.9892 1.2473 -15.7106 10.5676 15.7785 -60.2535 1.3311 2.2002 21.6638 12.1644 17.3698 51.0585 -6.2191 4.0964 0.7021 -0.1087 30.0068 -3.5337 -2.6958 4.2029 14.8530 7.2273 -16.0167 49.6737 -3.4399 -4.8861 20.1231 -11.5845 4.1787 -0.3925 24.1936 -0.9292 -22.8463 -2.3809 2.1779 1.7145 -1.7059 -1.8799 -20.6380 -7.2450 -13.2611 0.1096 12.7985 0.7837 19.0903 1.4818 -9.4816 -1.4513 -0.1518 1.0465
-139.5378 95.8818 1.6674 0.2753 0.9424 17.4292 0.8319 -1.8233 0.2286 -0.7619 -5.2095 1.0049 -2.4084 10.6899 -1.6896 1.9482 1.9717 1.8539 -1.9956 -3.6119 -5.5257 1.6554 -16.2154 -8.9130 -0.0023 0.1014 0.0094 0.6433 -10.5249 -3.9138 -0.6518 -10.4829 3.9272 -22.7074 11.1516 -12.0541 -45.6386 3.6363 -6.6547 0.6101 0.0433 -26.7398 1.4877 -4.7874 0.2424 -15.6930 10.6582 15.8606 -60.2594 1.3626 2.0749 21.3479 12.0530 17.6674 50.9297 -6.8910 5.5143 0.8714 -0.1458 28.7503 -3.6684 -1.8653 3.7496 14.9758 7.1949 -16.0930 49.6338 -3.4400 -4.9174 23.1451 -10.9525 4.2423 -0.4598 19.6853 -1.1071 -24.7902 5.6676 0.8523 1.7646 -4.2142 -1.9283 -17.3265 -10.5335 -14.2952 0.1755 18.3486 0.8015 17.1227 -4.1458 -9.1608 -1.4369 0.8861 1.0527
-144.1230 96.2671 2.2303 0.1191 1.6266 18.2592 0.8854 -1.6859 -0.0563 -0.9339 -5.1758 0.7918 -2.5737 10.5027 -2.2819 1.6687 1.6805 1.8837 -1.9614 -3.5199 -5.4573 1.7146 -16.2311 -8.8447 0.0020 0.1092 0.0141 0.6473 -10.5473 -3.9116 -0.6436 -10.5288 3.9317 -21.8841 11.1024 -12.7390 -45.3469 2.3864 -6.6069 0.9127 0.0297 -27.6343 1.6058 -3.4322 -0.1654 -15.7376 10.7492 15.9854 -60.2357 1.3707 2.0953 20.6954 11.9523 17.3708 51.6673 -7.7080 5.5236 0.8815 -0.0942 28.0421 -4.0938 -1.7493 3.2189 15.1062 7.2516 -16.2467 49.5744 -3.3829 -5.0871 25.5219 -9.7416 3.8408 -0.4139 12.2930 -1.1385 -24.5010 15.0081 -0.0604 1.8482 -5.7255 -1.9610 -14.0585 -13.7005 -16.1588 0.2223 23.7306 0.7180 14.7992 -7.9211 -8.5929 -1.4509 1.2067 1.0172
-148.5276 96.5263 2.8240 0.3205 2.4018 20.2520 0.7830 -1.7244 -0.3749 -1.1101 -5.1714 0.3776 -3.0897 10.2586 -3.0108 1.8173 1.2730 1.6725 -2.0618 -3.4679 -5.6441 1.8107 -15.9928 -9.0942 -0.0001 0.1101 -0.0202 0.6345 -10.4798 -3.9307 -0.6351 -10.4840 3.8822 -20.7656 10.8900 -13.7891 -45.1961 2.4491 -7.7632 0.8931 0.0063 -28.1530 1.1520 -2.4877 -0.5383 -15.5646 10.8550 16.0171 -60.3483 1.4467 2.3245 20.3299 11.7209 16.5754 52.2643 -7.5499 5.0564 0.6744 -0.0477 28.0597 -4.3308 -2.5791 3.1618 15.2808 7.3785 -16.3661 49.6516 -3.4758 -5.1308 26.4034 -8.7860 3.7795 -0.2326 4.3916 -0.9254 -19.1056 21.8955 2.8239 1.7748 -3.5262 -1.8120 -11.1766 -15.8283 -18.6928 0.2288 27.2923 0.5365 12.5860 -10.8694 -8.2978 -1.4822 1.2308 0.9640
-152.4964 96.8799 3.3845 0.8085 2.8328 22.4040 0.4998 -1.7291 -0.5768 -1.2057 -5.0820 0.0089 -3.7393 10.1111 -3.5677 2.2678 0.8354 1.4337 -2.2541 -3.4912 -5.9983 1.8346 -15.9374 -9.4248 -0.0098 0.1243 -0.0795 0.6085 -10.3869 -3.9625 -0.6289 -10.4067 3.7993 -20.7013 10.5210 -15.0305 -44.1342 2.9649 -9.6553 0.6484 0.0354 -28.1217 0.4555 -1.4180 -0.6303 -15.4365 10.9259 15.9702 -60.4241 1.4922 2.3708 20.9153 11.3445 15.8419 51.6141 -6.9590 4.0348 0.5915 -0.1008 27.6768 -4.8108 -3.0282 3.2491 15.4232 7.3909 -16.3489 49.7993 -3.4880 -5.0009 25.5146 -9.2926 5.4722 -0.1403 1.5537 -0.6469 -14.0106 19.7202 5.5866 1.7341 -1.3530 -1.6791 -8.6325 -16.7005 -20.8618 0.1780 29.0104 0.4474 10.1762 -12.8961 -8.8751 -1.4899 1.2397 0.9812
-156.1553 97.3530 3.9525 1.2477 2.6562 24.3193 0.1408 -1.5715 -0.5976 -1.2495 -5.0346 -0.2967 -4.2886 10.2365 -3.8957 2.9026 0.7544 1.2119 -2.5287 -3.5598 -6.2681 1.9185 -15.9114 -10.0591 -0.0154 0.1322 -0.0918 0.5961 -10.3680 -3.9567 -0.6265 -10.3917 3.7740 -20.8335 10.3509 -15.9303 -43.4495 2.9109 -11.8223 0.4793 0.0395 -27.7513 -0.3165 0.5857 -0.3331 -15.6179 11.0259 15.9265 -60.7707 1.6676 2.1799 21.4800 11.1612 15.4294 51.1165 -6.8240 2.2245 0.5395 -0.1968 26.1361 -5.9043 -3.1696 2.9979 15.5374 7.2706 -16.2002 49.7237 -3.4973 -4.7522 23.4957 -9.7744 8.1963 -0.2143 4.0897 -0.5051 -11.4976 13.6348 7.0297 1.7951 -1.5565 -1.7339 -6.3257 -15.9104 -22.2433 0.1273 28.6745 0.3544 7.8218 -13.7784 -9.8139 -1.4764 1.3978 0.9405
-159.5286 97.7947 4.5036 1.1659 2.3506 25.8742 0.0943 -1.4687 -0.4709 -1.2349 -5.0524 -0.4771 -4.4605 10.2670 -4.1357 3.3567 1.1545 1.2120 -2.7600 -3.6297 -6.7000 1.9274 -15.6501 -10.7370 -0.0101 0.1327 -0.0602 0.5946 -10.3711 -3.9227 -0.6125 -10.3869 3.8026 -20.6302 10.4147 -16.3180 -44.0487 2.2872 -13.6715 0.4896 0.0846 -27.9405 -0.7493 1.5717 -0.0949 -15.7392 11.0995 15.9729 -60.9934 1.7563 2.0901 21.2689 11.2475 15.0393 51.3606 -6.5766 0.1658 0.4814 -0.1885 24.3360 -6.8257 -3.8390 2.7721 15.5531 7.1289 -16.0632 49.4713 -3.5843 -4.7128 21.5444 -9.6946 9.5371 -0.2246 10.4862 -0.5496 -8.4860 6.4644 9.3641 1.8140 -1.8716 -1.8290 -3.8718 -14.2983 -23.3287 0.1055 27.1943 0.2231 5.8490 -13.9488 -10.6969 -1.4633 1.3250 0.9190
-162.6652 98.1264 5.0125 0.6357 2.2755 27.2093 0.3058 -1.5739 -0.3106 -1.1352 -5.1476 -0.5775 -4.2707 10.1419 -4.3115 3.7287 1.6761 1.3178 -2.9696 -3.6969 -7.3722 1.8324 -15.1364 -11.2511 -0.0060 0.1273 -0.0434 0.6016 -10.3669 -3.9033 -0.6096 -10.3670 3.8151 -20.4989 10.4215 -16.4473 -45.2501 1.9722 -15.2607 0.6075 0.1139 -28.8552 -1.1421 0.9266 -0.2326 -15.6966 11.1223 16.0560 -61.0036 1.7384 2.1398 20.9057 11.3637 14.6548 51.4682 -5.5382 -1.7502 0.3943 -0.1415 23.0847 -6.9001 -5.1536 2.7929 15.5030 7.0161 -15.9462 49.2122 -3.6968 -4.7975 19.5618 -8.6674 9.0820 -0.1748 17.5129 -0.7645 -5.5041 -0.0207 12.4249 1.8095 -2.0372 -1.9276 -1.1546 -12.6248 -24.3976 0.0852 25.3263 0.0435 4.1961 -13.8488 -11.4121 -1.4620 1.1335 0.9187
-165.5904 98.3494 5.4566 -0.0562 2.4467 28.5247 0.5368 -1.9228 -0.2043 -0.9952 -5.3542 -0.6873 -3.9105 10.0022 -4.5034 4.2898 2.0879 1.3269 -3.2026 -3.7477 -8.0426 1.6572 -14.4919 -11.6541 -0.0037 0.1194 -0.0516 0.6097 -10.3809 -3.9097 -0.6118 -10.3657 3.8036 -20.6071 10.4042 -16.5434 -46.3463 2.2575 -16.9045 0.6090 0.0671 -29.8441 -1.5261 0.1594 -0.4566 -15.5958 11.1050 16.0698 -60.8993 1.6958 2.2253 20.9274 11.4170 14.2719 51.0187 -3.7384 -3.1670 0.2371 -0.0868 22.3620 -6.2157 -6.6417 2.7990 15.4985 6.9797 -15.8830 49.1122 -3.7639 -4.8514 17.1261 -6.8567 7.8891 -0.1258 23.3601 -1.0903 -3.8756 -4.6797 14.6526 1.8213 -2.1185 -2.0224 1.6148 -11.1339 -25.4232 0.0616 23.3771 -0.1584 2.7077 -13.6743 -11.9506 -1.4681 0.9304 0.8901
-168.3241 98.4121 5.8624 -0.8426 2.7630 29.9363 0.7310 -2.4611 -0.1974 -0.8491 -5.6228 -0.8779 -3.4581 9.8662 -4.7301 5.0608 2.3535 1.1048 -3.4026 -3.7773 -8.5740 1.4152 -13.8921 -12.0181 -0.0006 0.1114 -0.0566 0.6130 -10.4002 -3.9146 -0.6078 -10.3749 3.7971 -20.8724 10.5239 -16.7933 -47.2230 2.9019 -18.7270 0.5522 0.0181 -30.2476 -1.7759 -0.1956 -0.6845 -15.5397 11.0424 16.0234 -60.7220 1.6266 2.2754 21.3309 11.4198 13.7623 50.2194 -1.6152 -4.2426 0.1151 -0.0368 22.0170 -5.1453 -7.7538 2.6751 15.5104 7.0034 -15.8526 49.1940 -3.7335 -4.8321 14.3422 -4.5871 6.7812 -0.0660 27.9207 -1.3833 -4.2411 -7.8547 15.1324 1.8424 -2.1920 -2.0948 4.4188 -9.7907 -26.2297 0.0424 21.4295 -0.3354 1.2291 -13.6322 -12.5099 -1.4760 0.8137 0.8564
-170.9208 98.3297 6.2270 -1.5744 3.1187 31.4418 0.8539 -3.0714 -0.2916 -0.7301 -5.8987 -1.1719 -2.9937 9.7325 -4.9324 5.8877 2.4926 0.7321 -3.5344 -3.7937 -9.0610 1.1212 -13.5041 -12.3276 -0.0049 0.1101 -0.0676 0.6034 -10.4176 -3.9264 -0.6066 -10.3831 3.7887 -21.2394 10.7269 -17.1927 -47.8629 3.6768 -20.5636 0.5033 -0.0277 -29.8920 -1.9466 -0.4454 -0.7770 -15.4864 10.9852 15.9971 -60.5020 1.5859 2.3206 21.8911 11.2861 13.0295 49.4413 0.4262 -5.2677 0.0687 -0.0153 21.9651 -4.0764 -8.2321 2.4155 15.5248 7.0435 -15.8245 49.3422 -3.6670 -4.7881 11.4414 -1.9793 6.0061 0.0202 30.8947 -1.4054 -5.5551 -10.0897 14.3309 1.8582 -2.4226 -2.1351 7.1084 -8.7509 -26.6229 0.0219 19.7424 -0.4623 -0.4239 -13.8423 -13.2667 -1.4787 0.7627 0.8276
-173.6127 98.1346 6.5263 -2.1666 3.4861 33.0273 0.8890 -3.6947 -0.4120 -0.6601 -6.1734 -1.5480 -2.5682 9.6160 -5.1751 6.6779 2.5291 0.3340 -3.6635 -3.8018 -9.5281 0.7827 -13.2926 -12.6112 -0.0097 0.1099 -0.0725 0.5898 -10.4323 -3.9293 -0.6027 -10.3900 3.7845 -21.7028 10.9078 -17.6948 -48.3238 4.4549 -22.0899 0.4661 -0.0822 -28.9910 -2.0236 -0.6672 -0.6794 -15.4754 10.9681 16.0077 -60.3837 1.5831 2.3654 22.5883 11.0480 12.1738 48.7719 2.1428 -6.3778 0.0415 -0.0210 22.1427 -3.1507 -8.3099 2.0212 15.5094 7.0741 -15.8607 49.5097 -3.6561 -4.7580 8.5693 0.9189 5.5408 0.0718 31.9665 -1.1426 -7.0460 -11.6065 12.3644 1.8736 -2.7289 -2.1346 9.6576 -8.1248 -26.6546 0.0004 18.4134 -0.5360 -2.3604 -14.0824 -14.1761 -1.4764 0.7350 0.8141
-176.1354 97.8971 6.6752 -2.5243 3.8401 34.6242 0.8012 -4.3116 -0.5312 -0.6543 -6.4261 -1.9590 -2.2103 9.5208 -5.4830 7.3586 2.5651 0.0100 -3.7918 -3.8114 -9.9909 0.4429 -13.2210 -12.9215 -0.0118 0.1131 -0.0747 0.5809 -10.4507 -3.9289 -0.5981 -10.3986 3.7821 -22.2045 10.9999 -18.2508 -48.6912 5.1929 -23.1365 0.4221 -0.1443 -27.8493 -2.1746 -0.8961 -0.3718 -15.5210 10.9669 16.0207 -60.4011 1.5994 2.3909 23.3447 10.7423 11.2727 48.3257 3.4228 -7.5981 0.0001 -0.0417 22.5140 -2.4100 -8.0839 1.4952 15.5103 7.1238 -15.9263 49.6930 -3.6777 -4.7483 5.6772 4.1179 5.0835 0.0687 30.9471 -0.6981 -8.8613 -12.5454 8.8024 1.8738 -3.0124 -2.0977 11.9668 -7.9475 -26.5027 -0.0276 17.3521 -0.6112 -4.5462 -14.0701 -15.1232 -1.4702 0.7238 0.8064
-178.7780 97.6336 6.6884 -2.5555 4.1319 36.1776 0.5693 -4.8242 -0.6816 -0.6912 -6.6312 -2.3396 -1.9794 9.4005 -5.8124 7.8588 2.5948 -0.2283 -3.9535 -3.8353 -10.4490 0.1442 -13.1763 -13.2491 -0.0150 0.1184 -0.0733 0.5676 -10.4595 -3.9266 -0.5921 -10.3960 3.7834 -22.6144 11.0106 -18.7554 -49.0194 6.0284 -23.9764 0.3345 -0.1667 -26.7296 -2.5378 -1.0859 0.0511 -15.5691 10.9662 16.0423 -60.4115 1.6264 2.4006 24.0808 10.4342 10.3422 48.2895 4.2363 -8.9057 -0.1800 -0.0178 23.1654 -1.8434 -7.9886 1.0515 15.5215 7.1849 -16.0379 49.8219 -3.7454 -4.8060 2.5541 7.4375 4.4535 0.0256 28.3804 -0.1348 -10.8506 -13.1815 4.0554 1.8651 -3.0739 -2.0445 13.9621 -8.1659 -26.3899 -0.0653 16.4253 -0.7199 -6.9422 -13.6504 -15.9282 -1.4570 0.6648 0.8015
-181.6052 97.4225 6.4633 -2.3791 4.3990 37.6638 0.2864 -5.1876 -0.8102 -0.7427 -6.7732 -2.6956 -1.8892 9.2425 -6.1457 8.1832 2.5945 -0.3886 -4.1184 -3.8543 -10.9074 -0.0964 -13.1504 -13.5284 -0.0220 0.1224 -0.0807 0.5493 -10.4616 -3.9337 -0.5892 -10.3924 3.7782 -22.7560 10.9890 -19.1651 -49.3460 6.8870 -24.7568 0.2077 -0.1635 -25.8292 -3.1518 -1.3391 0.4146 -15.6456 10.9229 16.0223 -60.4353 1.6574 2.3929 24.7898 10.2175 9.4679 48.7161 4.5202 -10.2545 -0.3861 0.0276 24.2133 -1.5316 -8.4032 0.8266 15.5005 7.2623 -16.1578 49.8632 -3.8450 -4.9363 -0.6445 10.2442 3.5259 -0.0401 25.1580 0.4093 -12.8331 -13.0523 -1.8833 1.8261 -3.0365 -1.9667 15.7619 -8.7778 -26.2718 -0.1276 15.5431 -0.9044 -9.3555 -12.6697 -16.5917 -1.4396 0.4500 0.8255
-184.6628 97.3217 5.9720 -2.1869 4.6705 39.0309 0.0461 -5.3985 -0.9189 -0.7818 -6.8977 -2.9918 -1.9379 9.0978 -6.5295 8.4620 2.6038 -0.4871 -4.2672 -3.8274 -11.2023 -0.3149 -13.2135 -13.9076 -0.0136 0.1210 -0.0349 0.5441 -10.4619 -3.8926 -0.5687 -10.4106 3.8258 -22.5645 10.8528 -19.5242 -49.6709 7.9490 -25.4757 0.1493 -0.1331 -25.3630 -3.9125 -1.8078 0.7041 -15.7587 10.8500 15.9092 -60.5322 1.6961 2.2548 25.5281 10.0771 8.8124 49.5230 4.4191 -11.7317 -0.4830 0.0580 25.6436 -1.4326 -9.6061 0.9844 15.4844 7.3255 -16.2897 49.9237 -3.9380 -5.1604 -3.6877 12.0525 2.3201 -0.0852 21.9354 0.7800 -14.8526 -11.7575 -8.8843 1.7666 -2.9665 -1.9354 17.5459 -9.7099 -26.3319 -0.1982 14.7738 -1.1081 -11.6349 -10.9612 -17.0620 -1.4488 -0.0948 0.8406
-187.8698 97.2822 5.2818 -2.1802 4.9624 40.1042 -0.1368 -5.4855 -0.9948 -0.8271 -6.9467 -3.2246 -1.9552 9.0060 -6.8519 8.8129 2.4679 -0.5021 -4.4443 -3.8824 -11.5178 -0.4667 -13.1631 -14.1836 -0.0185 0.0938 -0.0578 0.5255 -10.4849 -3.9135 -0.5608 -10.4448 3.8039 -22.1140 10.8125 -19.7662 -49.8318 8.6160 -25.9079 0.0531 -0.1388 -24.9886 -4.6864 -2.4041 0.8337 -15.8828 10.8360 15.8643 -60.7648 1.7806 2.2485 26.4396 10.1582 8.3951 50.4884 3.8298 -12.8143 -0.4870 0.0653 26.9792 -1.2878 -11.4179 1.2955 15.4438 7.4308 -16.4760 50.0811 -3.9842 -5.3230 -6.1529 12.6800 1.0520 -0.0939 18.8925 0.9923 -15.9203 -9.1801 -15.1996 1.6659 -3.3504 -1.8755 19.4616 -10.9195 -26.2719 -0.2941 14.1907 -1.3694 -13.5056 -8.5895 -16.9792 -1.4359 -0.6481 0.9367
-191.3074 97.2758 4.4546 -2.2329 5.1733 40.9252 -0.3803 -5.3782 -1.0578 -0.9105 -6.8960 -3.4200 -2.0410 8.9257 -7.0776 9.3589 2.2707 -0.5499 -4.5739 -3.9213 -11.7365 -0.4889 -13.1723 -14.3601 -0.0187 0.0693 -0.0846 0.5136 -10.5017 -3.9408 -0.5493 -10.4734 3.7766 -21.4827 10.9591 -20.0081 -49.7299 8.8363 -26.0256 0.0137 -0.1517 -24.4635 -5.4996 -2.9580 0.9160 -15.9659 10.9257 15.9056 -61.0157 1.8776 2.2370 27.3769 10.2930 8.1551 51.7283 3.1237 -13.1593 -0.4540 0.0815 27.7131 -1.2066 -13.6571 1.7966 15.3881 7.5230 -16.5821 50.1883 -3.9739 -5.4673 -8.0685 12.1572 -0.3084 -0.0935 16.2610 1.1521 -14.8366 -5.3824 -19.3849 1.5964 -4.1792 -1.8672 21.3959 -12.3470 -26.2937 -0.3787 13.7562 -1.6309 -15.2101 -5.2861 -16.3938 -1.4287 -1.3802 1.0358
-195.2398 97.1947 3.3498 -2.2530 5.1592 41.4989 -0.7424 -4.9872 -1.1274 -1.0291 -6.7657 -3.5573 -2.2795 8.8993 -7.1548 10.0852 2.1054 -0.6924 -4.5714 -3.9666 -11.8409 -0.4084 -13.4105 -14.4663 -0.0172 0.0666 -0.1200 0.5077 -10.5051 -3.9790 -0.5404 -10.4848 3.7415 -20.7458 11.4158 -20.3293 -49.2997 8.3628 -25.5905 -0.0587 -0.1869 -23.8160 -6.2018 -3.0862 1.2079 -16.0065 11.0306 15.9886 -61.2358 1.9621 2.2607 28.0267 10.3333 7.9911 53.4083 2.5151 -12.6570 -0.4134 0.0874 27.7122 -1.0695 -15.8068 2.1299 15.3638 7.5690 -16.6110 50.2195 -3.9506 -5.4767 -9.2277 10.7106 -1.6755 -0.1216 14.8578 1.3040 -9.4528 -1.4224 -20.3658 1.6791 -6.1028 -1.9117 23.2579 -13.8426 -26.6031 -0.4678 13.5769 -1.8253 -16.8405 -1.2250 -15.1786 -1.4264 -2.1959 1.1197
-199.4470 96.8862 2.1393 -2.4676 4.8687 41.5367 -1.0201 -4.2448 -1.2044 -1.1313 -6.5897 -3.5820 -2.6352 9.0030 -6.9462 10.8089 1.9453 -0.9160 -4.4232 -3.9860 -11.8761 -0.1511 -14.0470 -14.5336 -0.0239 0.0781 -0.1819 0.5202 -10.4762 -4.0404 -0.5657 -10.4661 3.6821 -20.0117 12.1166 -20.5280 -48.5914 7.3244 -24.6157 -0.1173 -0.2071 -23.3330 -6.6125 -3.3957 1.5121 -15.9405 11.1805 16.1480 -61.2721 2.0066 2.2785 28.2172 10.3486 8.0212 55.4741 2.0920 -11.2249 -0.2849 0.1198 27.3629 -0.9696 -17.1946 2.2252 15.3275 7.5732 -16.5686 50.1849 -3.8266 -5.3502 -9.2542 8.7764 -2.6028 -0.1413 15.7410 1.2805 0.4087 -1.3567 -18.0525 1.9490 -9.3431 -2.0335 25.3060 -15.5480 -27.2059 -0.5356 14.3868 -1.9736 -18.1828 3.3702 -13.2732 -1.4354 -3.1048 1.1802
-203.8239 96.4887 0.7898 -2.6119 4.2642 40.7066 -1.3191 -3.2951 -1.1064 -1.2545 -6.2838 -3.3867 -3.2141 9.2563 -6.5463 11.4895 1.6649 -1.2806 -4.1246 -3.9708 -11.8695 0.2053 -15.0166 -14.5145 -0.0480 0.0918 -0.2671 0.5148 -10.4627 -4.1302 -0.6081 -10.4628 3.6127 -19.5235 12.5459 -20.3964 -47.7342 6.3492 -22.9832 -0.0998 -0.2176 -23.1487 -6.4978 -4.0822 1.6893 -15.7808 11.0988 16.0388 -61.2109 1.8699 2.3483 28.2395 10.1842 8.2375 57.4235 1.6966 -9.3607 -0.0841 0.1901 26.8650 -0.7177 -17.6736 2.2923 15.5060 7.4330 -16.3712 50.1425 -3.6740 -5.0904 -8.9341 7.3133 -3.0569 -0.0465 16.9612 1.0041 7.6173 -5.7489 -15.2863 2.0243 -8.9758 -2.0984 27.0964 -17.8898 -27.9329 -0.5552 16.8735 -2.1999 -18.0072 9.5527 -9.5741 -1.4521 -4.6749 1.2059
-208.0456 96.1649 -0.5741 -2.5472 3.6469 38.8786 -1.6751 -2.5787 -0.8091 -1.3288 -5.9216 -3.1011 -3.8959 9.6937 -6.1814 11.9493 1.4814 -1.4070 -4.0195 -3.9703 -11.6880 0.7684 -15.9107 -14.5203 -0.0480 0.0897 -0.2836 0.5364 -10.4731 -4.1626 -0.6312 -10.4794 3.6123 -19.6873 12.6173 -19.8302 -46.7750 5.9019 -20.9589 -0.0081 -0.2247 -23.1928 -5.6518 -5.1733 1.5941 -15.8252 10.9432 15.9655 -61.1936 1.6705 2.4548 28.1769 10.3338 9.1387 58.9120 1.1683 -6.9042 -0.1217 0.1852 26.5902 -0.8010 -16.8585 2.3785 15.6710 7.3488 -16.3240 50.1419 -3.6285 -5.0064 -8.6971 6.4594 -3.0330 -0.0327 16.5026 0.8145 11.2163 -10.3886 -12.5544 1.9650 -6.4662 -2.1461 27.8741 -21.4146 -27.9636 -0.4865 20.9911 -2.2188 -12.9443 16.9833 -3.0391 -1.4636 -5.7124 1.2053
-211.9440 96.0736 -1.8394 -2.2677 2.8878 36.6375 -1.9957 -2.0311 -0.6863 -1.3998 -5.5018 -2.6736 -4.4657 10.1432 -5.8775 11.8973 1.3878 -1.2832 -3.8569 -3.9309 -11.5726 1.0261 -16.3495 -14.2421 -0.0568 0.0755 -0.3334 0.5290 -10.4636 -4.2166 -0.6402 -10.4647 3.5679 -20.4620 12.6298 -19.1955 -46.0124 5.5028 -18.7305 -0.0202 -0.1735 -22.9024 -4.6955 -5.2746 1.2681 -16.0237 10.9309 15.8030 -61.4002 1.7351 2.4410 27.9594 10.5828 10.0924 59.6246 0.5885 -4.8120 -0.0012 0.1119 26.6715 -1.2106 -15.3696 2.4402 15.7359 7.2569 -16.3329 49.7892 -3.8250 -4.8743 -8.7493 6.2951 -3.5232 0.0255 14.4342 0.6374 12.2033 -14.1442 -9.0952 1.8732 -3.0512 -2.1781 26.8371 -25.2559 -26.9050 -0.2062 25.2720 -1.5842 3.7255 21.9991 8.8828 -1.3566 -3.5996 1.1339
-215.4816 96.1308 -3.0009 -1.7492 2.1835 34.8815 -2.4123 -1.5716 -0.6161 -1.4789 -5.2381 -2.3057 -4.8380 10.5227 -5.9439 11.5757 1.4415 -0.9254 -3.6519 -3.8957 -11.3919 1.1750 -16.4480 -14.2049 -0.0457 0.1014 -0.2823 0.5057 -10.4172 -4.1614 -0.5927 -10.3881 3.6040 -21.1737 12.6130 -18.5040 -45.9733 5.7017 -17.4308 0.0736 -0.0989 -22.1470 -4.5321 -4.3661 1.2056 -16.1602 11.1182 15.7779 -61.7096 2.0995 2.0830 27.5901 10.8706 11.0181 59.8372 0.1787 -3.3288 0.2865 -0.0429 27.0515 -1.8716 -14.4233 2.4142 15.7002 7.1611 -16.3540 49.5036 -4.1135 -4.7783 -8.8960 6.0323 -4.0822 0.1138 12.5835 0.3816 11.9956 -16.0696 -5.4240 1.7690 -0.9337 -2.1834 24.1929 -27.8935 -25.1366 0.2177 27.5961 -0.5902 20.2048 19.5929 18.6179 -1.0658 -2.3217 1.1158
-218.8086 96.5616 -4.0282 -1.4016 1.7755 33.4078 -2.7110 -1.2636 -0.4761 -1.4871 -5.1360 -1.9550 -5.0962 10.7785 -5.9112 11.4449 1.4009 -1.0286 -3.6694 -3.8286 -10.9504 1.2305 -16.4962 -14.1684 -0.0366 0.1237 -0.2514 0.4934 -10.3865 -4.1371 -0.5621 -10.3536 3.6343 -21.5474 12.5348 -17.9334 -46.5781 6.6094 -17.1271 0.0825 -0.0114 -21.1109 -4.8799 -2.7727 1.1620 -16.0190 11.1296 15.6821 -61.5447 2.2678 1.9067 27.6655 11.1187 11.4860 59.4877 0.2894 -1.3298 0.0697 -0.0583 27.1713 -2.7723 -14.0991 2.5743 15.7785 7.1344 -16.3365 49.5294 -4.1075 -4.7394 -8.3880 4.7012 -4.2970 0.2029 12.6384 0.3127 10.7056 -16.5693 -2.6969 1.7135 -0.1010 -2.0975 21.6603 -28.8999 -23.8464 0.1867 28.5100 -0.4355 17.6855 12.9008 14.0549 -1.1755 -2.5299 1.0787
-221.8712 97.2955 -4.8810 -1.4507 1.6774 31.8584 -2.7772 -1.0747 -0.4416 -1.4269 -5.1483 -1.5968 -4.9188 10.7943 -5.6209 11.1375 1.3212 -1.0161 -3.7571 -3.7702 -10.6697 1.2757 -16.5641 -14.1415 -0.0168 0.1368 -0.1727 0.5141 -10.3808 -4.0621 -0.5430 -10.3725 3.7090 -21.5388 12.6230 -17.2854 -48.0254 6.9681 -16.7506 -0.0797 0.0200 -20.3678 -5.3291 -1.0547 1.1234 -15.8706 10.9551 15.6252 -61.0386 2.2705 1.8911 27.5216 11.1480 11.8447 58.8871 0.5303 0.4290 -0.0769 -0.0661 26.7610 -3.6331 -13.5839 2.6163 15.7414 7.0979 -16.3125 49.5757 -4.0350 -4.7904 -7.1683 3.2480 -4.2550 0.2097 12.7763 0.3002 9.1061 -16.0101 -0.5828 1.6865 0.2679 -1.9998 19.0651 -28.7124 -22.8253 0.0222 27.6714 -0.4605 10.1686 5.9381 4.7339 -1.3868 -1.8613 1.0581
-224.6479 98.0762 -5.5112 -1.6263 1.4991 29.9009 -2.7454 -0.9448 -0.5077 -1.3227 -5.1465 -1.2428 -4.4045 10.6547 -5.0455 10.3322 1.4066 -0.8523 -3.7520 -3.7327 -10.4538 1.4056 -16.7797 -13.8147 0.0030 0.1298 -0.0813 0.5493 -10.4255 -3.9767 -0.5380 -10.4402 3.7999 -21.0681 13.0043 -16.3124 -50.5678 6.4987 -15.8105 -0.1651 0.0271 -20.2742 -5.2114 -0.4697 1.2582 -15.7816 10.8065 15.5651 -60.7892 2.1722 1.9589 26.6397 11.2391 12.2535 58.4897 0.3243 1.4662 0.0039 -0.0785 26.1229 -3.7389 -12.6163 2.1924 15.6870 7.0462 -16.2393 49.6331 -3.9692 -4.8474 -5.7262 2.4936 -3.8131 0.1561 12.1513 0.2554 7.2957 -14.6842 1.1610 1.6820 0.5365 -1.9682 15.9693 -27.4930 -22.5484 -0.1263 25.8286 -0.5370 5.3890 0.2475 -3.2617 -1.4681 -1.3559 1.0684
-227.1109 98.7077 -5.9592 -1.6568 1.2207 27.7572 -2.7451 -0.9522 -0.5640 -1.2286 -5.1140 -0.8783 -3.8738 10.5200 -4.3944 9.4092 1.6887 -0.6833 -3.6182 -3.7491 -10.1789 1.6810 -17.0067 -13.4166 0.0200 0.1181 -0.0149 0.5741 -10.4628 -3.9123 -0.5289 -10.4879 3.8615 -20.5280 13.3968 -15.1811 -53.3974 6.1405 -14.5598 -0.1235 0.0529 -20.7024 -4.6368 -1.3719 1.1959 -15.7884 10.7795 15.5379 -60.9844 2.0069 2.1314 25.6110 11.3548 12.6986 57.9966 -0.1866 1.7040 0.1203 -0.0600 25.8797 -3.1788 -11.5119 1.6802 15.6471 7.0836 -16.1190 49.7671 -3.8912 -4.8455 -4.3360 2.3554 -2.7758 0.0929 11.0012 0.1711 5.3264 -13.2350 2.2369 1.6814 0.6877 -1.9609 12.3149 -26.1847 -23.1229 -0.2288 24.6698 -0.6384 2.4794 -3.7988 -9.1057 -1.4754 -1.4013 1.0504
-229.4858 99.0818 -6.3058 -1.4694 0.8456 25.7643 -2.7808 -1.0590 -0.5090 -1.1719 -5.0866 -0.5281 -3.5284 10.5600 -3.8586 8.7248 1.9549 -0.5805 -3.4117 -3.7845 -9.8333 1.9608 -16.8935 -13.1603 0.0243 0.1150 0.0000 0.5762 -10.4978 -3.9002 -0.5228 -10.5213 3.8782 -20.5569 13.5538 -14.2436 -55.2708 6.5763 -13.6619 -0.1368 0.1080 -21.0622 -4.0841 -2.5639 0.8894 -15.8489 10.7765 15.5365 -61.0838 1.8839 2.2540 25.1673 11.3109 13.1903 56.9145 -0.4295 1.5179 0.1768 -0.0646 26.5104 -2.7933 -10.9459 1.6362 15.6444 7.1876 -16.0433 49.9618 -3.7931 -4.8210 -3.1518 2.3580 -1.4168 0.0595 10.2075 0.0823 3.5673 -12.4104 2.7958 1.6715 0.8966 -1.9788 7.9835 -25.6085 -23.2222 -0.2572 24.9530 -0.5890 0.8213 -6.0100 -12.2322 -1.4728 -1.4748 0.9998
-231.7826 99.1777 -6.5512 -1.1122 0.2667 24.0249 -2.8687 -1.1469 -0.4078 -1.1325 -5.0514 -0.1567 -3.2879 10.7861 -3.4498 8.3484 2.2622 -0.5394 -3.2550 -3.7880 -9.5879 2.1055 -16.6418 -13.0720 0.0245 0.1248 -0.0076 0.5748 -10.4965 -3.9052 -0.5217 -10.5223 3.8683 -21.0492 13.6179 -13.5561 -56.2353 7.3853 -13.4974 -0.2576 0.1650 -20.8210 -3.7006 -3.0366 0.6756 -15.8506 10.7139 15.5436 -60.9467 1.7747 2.3434 25.1662 11.2005 13.6418 55.4125 -0.5713 1.1581 0.2750 -0.1098 27.6299 -2.9099 -10.9610 2.0354 15.6372 7.2402 -15.9904 50.0468 -3.7316 -4.7338 -2.1719 2.2242 -0.1806 0.0646 10.3951 0.0153 2.0876 -12.3293 3.2883 1.6578 1.2268 -1.9901 2.9223 -25.3837 -22.3451 -0.1854 26.0897 -0.3929 0.7578 -6.2490 -12.8674 -1.4664 -1.4557 0.9621
-233.9484 99.0617 -6.6288 -0.6488 -0.5518 22.5110 -2.9747 -1.1706 -0.3077 -1.0806 -4.9861 0.2117 -3.1390 11.0989 -3.1316 8.2037 2.7385 -0.5521 -3.1772 -3.7604 -9.4421 2.1843 -16.3661 -13.1022 0.0182 0.1428 -0.0310 0.5722 -10.4660 -3.9200 -0.5327 -10.4891 3.8392 -21.4590 13.7438 -12.9704 -56.9291 8.1970 -14.0851 -0.3842 0.2127 -20.0510 -3.7247 -3.1166 0.6932 -15.8244 10.6759 15.5952 -60.7903 1.7285 2.3929 25.1344 11.0809 14.0565 54.0859 -0.8145 0.8738 0.3124 -0.1492 28.4520 -3.2685 -11.0746 2.6326 15.6052 7.2448 -15.9481 49.9993 -3.6991 -4.6416 -1.2307 1.9335 0.8084 0.1032 11.6302 -0.0276 0.6817 -12.8237 3.8428 1.6440 1.5426 -2.0265 -2.7299 -24.7649 -20.6899 0.0014 27.1024 -0.0577 1.6095 -5.6608 -11.7806 -1.4630 -1.4003 0.9224
-236.1921 98.7959 -6.5861 -0.2871 -1.4069 21.2124 -2.9524 -1.2211 -0.2007 -0.9863 -4.9486 0.5115 -3.0548 11.3947 -2.8723 8.2001 3.3855 -0.4950 -3.1804 -3.7481 -9.3881 2.2134 -16.0766 -13.2341 0.0104 0.1584 -0.0460 0.5658 -10.4378 -3.9237 -0.5424 -10.4542 3.8176 -21.6675 13.8685 -12.4043 -57.5316 8.9081 -14.9653 -0.4362 0.2384 -19.0838 -4.0883 -2.6537 0.8720 -15.7780 10.6895 15.6748 -60.7083 1.7878 2.4211 24.9650 10.9647 14.4669 53.1080 -1.2780 0.6115 0.3581 -0.2068 28.5173 -3.7380 -10.8301 3.0529 15.6110 7.2537 -15.9687 49.9487 -3.7019 -4.5508 0.0291 1.3130 1.6555 0.1388 13.7775 -0.0611 -0.8619 -13.6365 4.3147 1.6393 1.7138 -2.0805 -8.3835 -23.2710 -18.4455 0.2355 27.0177 0.3776 2.2938 -4.7144 -10.2579 -1.4636 -1.3043 0.8753
-238.6410 98.4776 -6.3579 -0.1755 -2.0155 20.1062 -2.7770 -1.4137 -0.0770 -0.8692 -4.9836 0.7260 -2.8552 11.5630 -2.5873 8.1797 4.1327 -0.3796 -3.2188 -3.7664 -9.4067 2.2315 -15.7727 -13.4725 0.0064 0.1710 -0.0420 0.5584 -10.3993 -3.9128 -0.5436 -10.4088 3.8156 -21.7049 13.9676 -11.8692 -58.0676 9.2193 -15.3007 -0.3964 0.2282 -18.3341 -4.2355 -2.2019 1.1798 -15.7672 10.6940 15.6981 -60.7123 1.7959 2.4226 24.7968 10.8942 14.8266 52.3533 -1.8209 0.3448 0.3562 -0.2062 27.9443 -4.0177 -10.1515 3.1061 15.6050 7.2659 -15.9952 49.9019 -3.7029 -4.4998 1.7220 0.3818 2.3253 0.1395 16.1643 -0.1028 -2.5761 -14.4539 4.6388 1.6438 1.7676 -2.1076 -13.2085 -20.8177 -16.0997 0.4162 25.3127 0.7694 2.6713 -3.3225 -9.0535 -1.4693 -1.1903 0.8516
-241.2855 98.0755 -5.9866 -0.1459 -2.4130 19.1342 -2.5848 -1.7081 0.0769 -0.7466 -5.0808 0.8600 -2.5610 11.6023 -2.2529 8.0796 4.8472 -0.3009 -3.2739 -3.8009 -9.4214 2.2410 -15.4889 -13.7134 0.0048 0.1740 -0.0232 0.5544 -10.3752 -3.8913 -0.5433 -10.3751 3.8300 -21.5219 14.0694 -11.4059 -58.6248 9.1201 -14.9970 -0.2397 0.2054 -17.9307 -3.9968 -2.3610 1.6168 -15.7888 10.7117 15.7188 -60.8040 1.7460 2.4367 24.6913 10.8710 15.0919 51.7118 -2.2926 -0.0039 0.3043 -0.1641 27.2015 -4.0239 -9.1794 2.9694 15.5741 7.2649 -15.9729 49.8640 -3.6719 -4.5330 3.6481 -0.5856 2.9064 0.1210 18.3285 -0.1631 -4.5492 -15.1784 4.8574 1.6517 1.7372 -2.1095 -17.2402 -17.6119 -13.9823 0.5108 22.2180 1.0729 2.9376 -1.6859 -8.3233 -1.4875 -1.0208 0.8497
-244.0263 97.6022 -5.5233 -0.0582 -2.5998 18.2383 -2.4437 -2.0743 0.2911 -0.6460 -5.2251 0.9255 -2.3020 11.5480 -1.9587 7.9199 5.3729 -0.2199 -3.2908 -3.8434 -9.4189 2.1994 -15.2664 -13.8381 0.0030 0.1655 -0.0082 0.5549 -10.3970 -3.8811 -0.5485 -10.3833 3.8469 -21.2111 14.1212 -11.0409 -59.0515 8.7887 -14.1508 -0.0298 0.1794 -17.9177 -3.4150 -3.2005 2.1674 -15.8284 10.7264 15.7747 -60.8918 1.6636 2.5302 24.7272 10.9188 15.3010 51.0976 -2.7857 -0.5812 0.3315 -0.1384 26.6304 -3.8513 -8.2501 2.9335 15.4934 7.2672 -15.9875 49.8362 -3.6472 -4.6278 5.7011 -1.5836 3.5651 0.0803 20.1753 -0.2346 -6.8059 -15.7319 4.9104 1.6503 1.6467 -2.0868 -20.5716 -13.9691 -12.2665 0.4818 18.0081 1.2343 3.0664 0.1969 -8.0902 -1.5242 -0.8578 0.8633
-247.0914 97.0507 -4.9106 0.1040 -2.5307 17.3424 -2.3379 -2.4833 0.4827 -0.5843 -5.4093 0.9789 -2.1310 11.4381 -1.7059 7.6947 5.5138 -0.1508 -3.2589 -3.8970 -9.2890 2.0947 -15.0227 -13.8170 -0.0001 0.1533 -0.0102 0.5585 -10.4426 -3.8889 -0.5596 -10.4136 3.8484 -20.8800 14.0477 -10.8380 -59.2280 8.3855 -13.0029 0.1119 0.1406 -18.2898 -2.5741 -4.6717 2.5875 -15.8618 10.6935 15.8092 -60.9262 1.5374 2.6702 24.8738 11.0184 15.4293 50.4935 -3.2440 -1.1184 0.3718 -0.1410 26.3312 -3.4962 -7.6172 3.0592 15.3989 7.2757 -16.0026 49.7934 -3.6424 -4.6770 7.8759 -2.7719 4.4008 0.0392 21.7926 -0.3255 -9.3460 -15.9930 4.7403 1.6434 1.5124 -2.0342 -23.0543 -10.4188 -11.0669 0.3440 13.3848 1.2064 2.6445 1.7435 -8.5933 -1.5750 -0.7509 0.8772
-250.4932 96.3987 -4.2240 0.2806 -2.2578 16.3960 -2.1961 -2.8519 0.6059 -0.5810 -5.5680 1.0145 -2.0671 11.2622 -1.5171 7.3970 5.2370 -0.0446 -3.1718 -3.9289 -9.0398 1.9255 -14.8800 -13.6762 0.0010 0.1449 -0.0039 0.5792 -10.4939 -3.8910 -0.5793 -10.4523 3.8599 -20.5918 13.8721 -10.7830 -59.1133 7.9263 -11.8056 0.1269 0.0819 -19.0180 -1.5326 -6.2785 2.7618 -15.9218 10.5993 15.7955 -60.9221 1.3921 2.7720 25.0152 11.1609 15.5551 49.9359 -3.6174 -1.3771 0.4444 -0.1399 26.2635 -3.2013 -7.2291 3.2816 15.3798 7.2832 -15.9819 49.7999 -3.6307 -4.6554 10.2630 -4.1535 5.4127 -0.0154 23.1707 -0.4243 -12.1369 -15.8578 4.3362 1.6389 1.4134 -1.9640 -24.6343 -7.4963 -10.4204 0.1648 9.2384 1.0599 2.0951 2.6918 -9.5547 -1.6089 -0.7785 0.9046
-254.3738 95.6995 -3.5240 0.4220 -1.8801 15.3593 -1.9980 -3.0790 0.6025 -0.6283 -5.6579 1.0474 -2.0939 11.0281 -1.4521 6.9316 4.6284 0.0757 -2.9875 -3.9067 -8.6163 1.7805 -14.9433 -13.3826 0.0080 0.1378 0.0284 0.6124 -10.5412 -3.8669 -0.6001 -10.4908 3.8969 -20.3052 13.6785 -10.8277 -58.8005 7.3821 -10.9331 0.0941 0.0068 -20.0077 -0.4855 -7.6649 2.7638 -15.9401 10.5081 15.7696 -60.8559 1.2599 2.7910 24.9657 11.3386 15.7615 49.6051 -4.0493 -1.3746 0.5206 -0.1498 26.3480 -2.9189 -6.9828 3.4921 15.3686 7.2902 -15.9438 49.8818 -3.5918 -4.5802 12.9091 -5.5798 6.6308 -0.0919 24.1062 -0.5663 -15.1648 -15.0968 3.5253 1.6337 1.4028 -1.8924 -25.2516 -5.7792 -10.3776 0.0238 6.5942 0.8562 2.1370 2.4787 -10.7318 -1.6084 -0.8092 0.9380
-258.5443 95.0885 -2.8599 0.3480 -1.4064 14.3107 -1.6769 -3.1447 0.5001 -0.7034 -5.6526 1.0068 -2.1505 10.7685 -1.5453 6.2357 3.7420 0.2150 -2.6956 -3.8477 -8.0129 1.6964 -15.0657 -12.9007 0.0185 0.1263 0.0746 0.6423 -10.5720 -3.8309 -0.6104 -10.5148 3.9506 -20.1988 13.4229 -10.9836 -58.0652 6.8073 -10.3545 0.0669 -0.0592 -21.2789 0.2876 -8.3436 2.5618 -15.9268 10.4608 15.7951 -60.7525 1.1798 2.6999 24.7949 11.4902 16.1248 49.4859 -4.6102 -1.1926 0.5630 -0.1416 26.5299 -2.6818 -7.0056 3.7390 15.3348 7.3241 -15.9172 50.0028 -3.4873 -4.4901 16.0223 -6.9839 8.0361 -0.2198 24.1903 -0.7642 -18.4670 -13.1727 2.1356 1.6322 1.2361 -1.8339 -24.5066 -5.7680 -11.0554 -0.0136 6.1954 0.7334 3.7252 1.2848 -11.6024 -1.5685 -0.8254 0.9841
-263.3423 94.7067 -2.3462 -0.1362 -0.7238 13.2520 -1.0504 -3.1696 0.3783 -0.8120 -5.5728 0.8820 -2.2526 10.5604 -1.7957 5.5031 2.5892 0.3665 -2.5078 -3.7727 -7.3225 1.7677 -15.0731 -12.3002 0.0142 0.1143 0.0733 0.6464 -10.5830 -3.8467 -0.6245 -10.5367 3.9681 -20.6563 12.8910 -11.2593 -56.5171 6.3906 -9.7841 0.2038 -0.0253 -22.8770 0.8594 -8.2963 2.0463 -15.8720 10.4809 15.7614 -60.7761 1.1881 2.4901 24.8170 11.4184 16.6524 49.1630 -5.0485 -0.6200 0.6027 -0.1586 26.6512 -2.4572 -7.2277 4.0324 15.2627 7.3363 -15.9506 50.0423 -3.3515 -4.6047 19.8111 -8.5564 9.5394 -0.3884 23.2607 -0.8433 -22.0425 -9.3050 0.1376 1.6894 0.5497 -1.8055 -22.1557 -7.8443 -12.2924 0.0583 8.4648 0.7861 8.3625 0.8391 -11.3460 -1.5120 -0.9259 1.0331
-268.3153 94.7094 -1.9427 -1.0053 0.1129 12.3298 -0.2268 -3.0727 0.2680 -0.9425 -5.5591 0.7954 -2.2947 10.5200 -2.2275 4.7323 1.2071 0.7904 -2.2778 -3.7128 -6.7257 1.9631 -15.1676 -11.5415 0.0144 0.0933 0.0736 0.6560 -10.6004 -3.8534 -0.6329 -10.5761 3.9784 -21.7340 11.9546 -11.6607 -54.1149 5.5883 -8.5442 0.3840 0.0355 -24.3813 1.4167 -6.7392 1.3020 -16.0231 10.4526 15.7081 -60.7248 1.3338 2.1034 25.0734 11.2474 17.2583 48.5924 -5.6980 0.2431 0.7692 -0.1674 26.2973 -2.2945 -7.1232 4.2898 15.1995 7.2932 -16.0206 49.9731 -3.3082 -4.6555 23.9591 -10.0532 10.4949 -0.5307 20.9608 -1.0266 -25.4011 -2.6031 -2.4641 1.7188 -1.7413 -1.7911 -18.6438 -12.0712 -14.1493 0.1926 13.9277 0.8798 12.7754 0.0083 -9.2044 -1.4810 -0.8480 1.0298
-273.4391 94.9226 -1.6371 -1.4257 0.9066 12.2071 0.0756 -2.7147 0.0066 -1.1168 -5.5206 0.5960 -2.3658 10.2949 -2.6363 4.1347 0.0170 1.0931 -2.2787 -3.6111 -6.2603 2.1981 -15.7387 -10.9857 0.0119 0.0969 0.0621 0.6539 -10.5341 -3.8521 -0.6318 -10.5434 3.9580 -21.4505 11.5753 -12.1518 -52.8814 3.7527 -7.9515 0.7840 0.0507 -25.2471 1.7870 -5.5512 0.9591 -16.0356 10.5451 15.7480 -60.5118 1.4476 1.9504 24.2022 11.3098 17.2719 49.5413 -6.6704 1.0768 1.1744 -0.1752 25.5782 -2.2233 -6.5006 3.9562 15.1040 7.2808 -16.0677 49.8801 -3.2900 -4.8540 27.3029 -9.9491 9.6386 -0.4873 15.9562 -1.1404 -27.4151 6.3378 -4.2386 1.8072 -4.5024 -1.8619 -14.9053 -16.8767 -16.6787 0.3395 21.4216 0.9386 12.9224 -3.3396 -7.3712 -1.4526 -0.0472 1.0537
-278.3023 95.1893 -1.2009 -1.4148 1.6274 13.1366 0.0187 -2.4823 -0.2884 -1.2398 -5.4880 0.2151 -2.7373 9.9642 -3.1074 3.8958 -0.5450 1.1055 -2.2023 -3.5169 -6.1372 2.3260 -16.3789 -10.5223 0.0137 0.0918 0.0550 0.6494 -10.5030 -3.8502 -0.6226 -10.5300 3.9426 -19.8934 11.3415 -12.9516 -52.9564 2.0421 -7.7705 1.0716 0.0755 -25.7923 2.2645 -4.5363 1.0580 -15.8840 10.6713 15.8051 -60.5627 1.4882 2.0658 22.5642 11.4213 16.8027 51.6199 -6.4851 2.2554 1.0928 -0.1991 25.0699 -1.2789 -6.2190 3.4872 15.1259 7.2401 -16.0920 49.6804 -3.3919 -5.0488 29.1588 -8.2407 7.7719 -0.2969 8.9353 -1.0617 -25.2207 15.0283 -2.1272 1.8236 -4.7374 -1.8832 -11.4831 -20.3613 -19.2435 0.4486 27.9185 0.9411 11.0584 -6.9592 -6.6641 -1.4774 0.6869 0.9487
-282.9345 95.4330 -0.6625 -0.9062 2.0931 14.9335 -0.2248 -2.3147 -0.5734 -1.3499 -5.3706 -0.2060 -3.4108 9.5882 -3.6493 4.0399 -0.8355 0.9077 -2.3631 -3.4563 -6.3562 2.4104 -16.7080 -10.3145 0.0008 0.1015 -0.0038 0.6232 -10.4127 -3.8854 -0.6220 -10.4563 3.8650 -18.7106 10.9983 -14.0531 -52.6718 1.3285 -8.3687 0.9701 0.1060 -26.6894 2.3484 -3.5502 1.3295 -15.5854 10.7557 15.8586 -60.5634 1.4232 2.3269 21.6378 11.4809 16.0081 52.8928 -5.4094 3.0874 1.0242 -0.1811 25.3955 -0.0593 -6.1490 3.2549 15.1807 7.3110 -16.1283 49.7470 -3.5603 -5.1041 28.9164 -7.4063 7.2669 -0.0695 3.9826 -0.7316 -16.5190 17.3528 3.9517 1.7572 -1.7179 -1.6938 -8.7610 -21.9641 -21.7716 0.4675 31.7156 0.8407 9.1562 -10.0926 -6.8992 -1.4926 0.8807 0.9467
-287.1701 95.8467 -0.1110 -0.3355 2.0027 16.6225 -0.5467 -2.0415 -0.6197 -1.3916 -5.1895 -0.5406 -3.9022 9.4860 -3.9569 4.3986 -0.9669 0.7759 -2.5866 -3.4994 -6.5425 2.3780 -16.9337 -10.5237 -0.0199 0.1321 -0.0531 0.5998 -10.3782 -3.9185 -0.6399 -10.4218 3.8083 -18.8666 10.6509 -15.0503 -51.3693 1.4306 -10.3432 0.8934 0.1481 -27.7585 2.1754 -2.3917 1.5528 -15.5529 10.8001 15.9055 -60.5299 1.4167 2.3612 21.8948 11.3576 15.2992 52.7072 -4.0400 3.3363 0.9774 -0.2317 25.5765 0.2444 -6.6470 3.5859 15.3306 7.3158 -16.1205 49.7343 -3.5659 -5.0636 26.8220 -8.5946 9.5881 -0.1753 5.9933 -0.5432 -12.2932 12.1897 6.9709 1.8175 -1.6933 -1.6643 -6.3222 -21.6044 -23.6842 0.3794 32.7608 0.7081 7.1778 -12.1104 -7.5427 -1.4830 1.0355 0.9086
-291.2166 96.3943 0.3875 -0.1808 1.6977 18.1179 -0.6569 -1.7757 -0.5364 -1.3742 -5.0949 -0.6998 -4.0519 9.5459 -4.3036 4.7641 -0.8245 0.7887 -2.7846 -3.5932 -6.7744 2.3490 -16.9600 -11.0135 -0.0248 0.1452 -0.0701 0.5833 -10.4174 -3.9402 -0.6317 -10.4570 3.7984 -19.1643 10.5688 -15.6881 -50.5531 1.1200 -12.6365 0.8241 0.1816 -28.6808 2.1458 -1.3490 1.4184 -15.6049 10.8762 15.9402 -60.5973 1.5523 2.1848 22.1724 11.1906 14.7882 52.5185 -2.9807 2.9735 0.9253 -0.2637 24.8829 -0.1173 -7.2336 3.9989 15.4397 7.3026 -16.0731 49.6555 -3.5185 -4.9544 24.0216 -10.4443 12.2597 -0.2715 13.6800 -0.5953 -10.2157 5.6085 8.7176 1.8380 -1.9878 -1.7695 -3.7470 -20.0070 -25.1635 0.2725 31.9418 0.5271 5.3068 -13.0432 -8.2855 -1.4714 0.9645 0.8641
-294.8811 96.8937 0.7932 -0.5231 1.4281 19.4888 -0.4695 -1.5515 -0.3943 -1.2710 -5.0750 -0.8411 -3.8775 9.4966 -4.5704 5.0916 -0.4685 0.9387 -2.9754 -3.6820 -7.2936 2.2903 -16.7604 -11.4546 -0.0131 0.1391 -0.0583 0.5812 -10.4526 -3.9323 -0.6040 -10.4832 3.8094 -19.1474 10.5997 -16.1388 -50.7677 0.4174 -14.7139 0.8435 0.2164 -29.4899 2.0182 -1.1146 0.9443 -15.5454 10.9295 16.0049 -60.5674 1.6241 2.0756 21.9562 11.1553 14.3251 52.9578 -2.3084 2.1609 0.8461 -0.2206 23.4384 -0.3081 -8.0989 4.1584 15.4757 7.2658 -15.9736 49.4969 -3.5294 -4.9101 21.0005 -11.5424 13.9019 -0.2936 23.4350 -0.8201 -7.2603 -1.0895 11.2151 1.8263 -2.1259 -1.8946 -0.9205 -17.9046 -26.4042 0.1657 30.2346 0.2368 3.8088 -13.3618 -9.4370 -1.4646 0.7901 0.8526
-298.2571 97.2713 1.0824 -1.0700 1.3823 20.9160 -0.1918 -1.4765 -0.2805 -1.1103 -5.1411 -0.9791 -3.5233 9.3723 -4.7657 5.5151 -0.1216 0.9398 -3.2074 -3.7297 -7.8939 2.1752 -16.4167 -11.7201 -0.0067 0.1223 -0.0563 0.5906 -10.4632 -3.9253 -0.5992 -10.4843 3.8030 -19.0895 10.5924 -16.6208 -51.3309 -0.2036 -16.5982 0.8465 0.2064 -30.0816 1.6056 -1.3618 0.3998 -15.4660 10.9465 16.0370 -60.5219 1.5688 2.1430 21.6686 11.1799 13.8247 53.6069 -1.7744 1.1068 0.7086 -0.1665 21.7042 0.0111 -9.3665 3.9945 15.4870 7.2331 -15.8753 49.4069 -3.6010 -4.9129 17.4533 -11.3248 14.3678 -0.2731 32.1168 -1.1131 -4.4314 -6.4099 14.5963 1.8487 -2.1758 -2.0155 1.9835 -15.9283 -27.5323 0.0774 28.2764 -0.0621 2.5008 -13.4077 -10.7726 -1.4635 0.6506 0.8059
-301.3448 97.4703 1.2971 -1.6089 1.6114 22.4643 0.0139 -1.6249 -0.2013 -0.9480 -5.2856 -1.2071 -3.1188 9.2293 -4.9423 6.0931 0.1238 0.7839 -3.3952 -3.7439 -8.3250 1.9602 -16.0121 -11.9353 -0.0053 0.1010 -0.0603 0.6001 -10.4770 -3.9260 -0.6049 -10.4890 3.7964 -19.1414 10.5736 -17.1596 -51.6668 -0.2556 -18.6357 0.7920 0.1508 -30.3092 1.0616 -1.4628 -0.0005 -15.3571 10.9143 16.0219 -60.4127 1.5106 2.2975 21.7170 11.1508 13.2938 54.1245 -1.1356 0.1046 0.5582 -0.1021 19.9834 0.6045 -10.9064 3.6709 15.5652 7.2321 -15.8396 49.4616 -3.6517 -4.9194 13.4102 -10.0524 14.2181 -0.1746 38.4221 -1.2066 -3.1249 -9.7840 17.0580 1.8898 -2.1569 -2.1013 4.8104 -14.4441 -28.5449 0.0064 26.5052 -0.3204 1.1293 -13.5082 -12.0377 -1.4709 0.6015 0.7500
-304.3888 97.4789 1.4529 -2.0944 2.0116 24.1471 0.1469 -1.9349 -0.2485 -0.8131 -5.4732 -1.4662 -2.6750 9.0998 -5.1714 6.6870 0.3023 0.5026 -3.4996 -3.7540 -8.6178 1.6718 -15.7160 -12.1178 -0.0075 0.0882 -0.0669 0.6023 -10.5096 -3.9343 -0.6116 -10.5117 3.7932 -19.2975 10.6318 -17.6756 -51.6817 0.1196 -20.9374 0.7025 0.0614 -30.0358 0.5157 -1.1376 -0.1218 -15.2671 10.8823 16.0187 -60.2206 1.4752 2.4173 22.0185 11.0669 12.6984 54.5132 -0.3604 -0.8294 0.3964 -0.0603 18.5571 1.2289 -12.2521 3.2403 15.6543 7.2777 -15.8394 49.6555 -3.6733 -4.8751 9.1731 -7.9511 13.6290 -0.0515 42.1019 -1.0379 -3.7105 -11.5939 17.2864 1.9122 -2.2545 -2.1670 7.5561 -13.5025 -29.3372 -0.0478 25.1167 -0.5435 -0.4674 -13.8062 -13.2825 -1.4787 0.5936 0.7109
-307.3631 97.3323 1.5105 -2.4485 2.4729 26.0106 0.1986 -2.3042 -0.3766 -0.7142 -5.6868 -1.8378 -2.2143 8.9548 -5.4235 7.1506 0.4755 0.1665 -3.5618 -3.7519 -8.8711 1.3364 -15.5103 -12.3810 -0.0103 0.0825 -0.0678 0.5983 -10.5220 -3.9349 -0.6136 -10.5122 3.7943 -19.5824 10.7479 -18.2046 -51.5665 0.6468 -23.1309 0.5936 -0.0291 -29.4415 0.0922 -0.4492 -0.0280 -15.2910 10.8849 16.0978 -60.1302 1.4856 2.5290 22.4618 10.9533 11.9701 54.9143 0.4610 -2.0457 0.2509 -0.0315 17.6386 1.5601 -13.2312 2.6721 15.7007 7.3608 -15.8797 49.8531 -3.6957 -4.8116 4.8017 -5.1645 12.8667 0.0551 43.3422 -0.5685 -5.1688 -12.4862 15.0806 1.9224 -2.6172 -2.1783 10.2130 -13.0225 -29.7693 -0.0838 24.0095 -0.7374 -2.3752 -14.2872 -14.6926 -1.4854 0.6220 0.7037
-310.4501 97.0870 1.4926 -2.6900 2.8866 27.9597 0.1912 -2.6625 -0.5791 -0.6525 -5.8841 -2.2697 -1.7880 8.7804 -5.6746 7.4441 0.7274 -0.1297 -3.6158 -3.7538 -9.2156 1.0630 -15.4055 -12.6801 -0.0142 0.0918 -0.0591 0.5882 -10.5030 -3.9228 -0.6118 -10.4775 3.8030 -19.8604 10.8789 -18.7024 -51.5475 1.0079 -24.7132 0.4371 -0.0974 -28.7320 -0.1685 0.1408 0.0774 -15.4193 10.9228 16.2104 -60.1189 1.5408 2.6085 22.9843 10.8435 11.0602 55.4335 1.2771 -3.3875 0.0070 -0.0049 17.2157 1.7074 -13.4486 1.8866 15.6852 7.4482 -15.9622 49.9908 -3.7665 -4.7630 0.7807 -1.8411 12.0135 0.0967 41.9826 0.0759 -7.2951 -12.8256 9.9318 1.9115 -3.0064 -2.1350 12.7323 -12.9190 -29.9408 -0.1147 23.1736 -0.8873 -4.5167 -14.6435 -16.1600 -1.4858 0.6318 0.7308
-313.4537 96.8141 1.3746 -2.9404 3.2080 29.9693 0.1969 -2.9791 -0.7794 -0.6108 -6.0446 -2.7311 -1.4738 8.5908 -6.0473 7.7099 1.1508 -0.2690 -3.6520 -3.7223 -9.5646 0.7891 -15.5072 -13.0475 -0.0067 0.1084 -0.0199 0.5794 -10.4671 -3.8814 -0.5891 -10.4409 3.8387 -20.0640 10.8734 -19.2088 -51.6083 1.5108 -25.7135 0.3237 -0.0797 -28.2278 -0.3788 0.3954 0.2222 -15.6276 10.9690 16.2633 -60.2374 1.6190 2.4774 23.6603 10.7417 10.1198 55.9425 2.2934 -4.6201 -0.2278 0.0059 17.3848 1.7060 -13.0957 1.0969 15.6261 7.5051 -16.1398 50.0905 -3.8723 -4.8657 -2.6329 1.7003 10.8907 0.0474 38.3338 0.6050 -10.6208 -12.8227 1.7544 1.8645 -3.0563 -2.0835 15.2114 -13.0485 -30.2114 -0.1498 22.5544 -1.0108 -6.7913 -14.4444 -17.6361 -1.4921 0.3604 0.7489
-316.8347 96.5192 1.1381 -3.3791 3.5078 31.8887 0.2202 -3.3434 -0.8977 -0.5760 -6.1787 -3.1441 -1.1810 8.5144 -6.5089 8.0339 1.5576 -0.3105 -3.7234 -3.7362 -10.0339 0.6341 -15.4913 -13.4338 -0.0133 0.1151 -0.0327 0.5503 -10.4349 -3.8854 -0.5746 -10.4044 3.8194 -20.1311 10.8302 -19.6006 -51.6584 2.1036 -26.3998 0.3011 -0.0641 -27.8952 -0.6503 0.1270 0.2454 -15.8239 11.0224 16.2400 -60.5478 1.7355 2.3236 24.6552 10.9047 9.2446 56.2872 2.9466 -5.8892 -0.3083 0.0058 17.9682 1.7547 -12.1290 0.4647 15.5706 7.5756 -16.4028 50.1281 -3.9381 -5.0635 -5.2638 4.9296 9.3099 -0.0035 32.8395 0.9097 -14.5444 -12.2860 -8.1190 1.7338 -3.0468 -2.0014 17.9138 -13.2563 -30.6277 -0.2416 21.9406 -1.1835 -8.9733 -13.5416 -18.6336 -1.4643 0.0238 0.8343
-320.1777 96.2427 0.6890 -3.9040 3.7759 33.7192 0.1815 -3.6098 -0.9800 -0.5760 -6.2798 -3.5426 -1.0077 8.4990 -6.9131 8.5793 1.8191 -0.4123 -3.8250 -3.7476 -10.4324 0.5044 -15.2809 -13.8530 -0.0215 0.1041 -0.0613 0.5173 -10.4460 -3.9096 -0.5586 -10.4170 3.7896 -19.8578 10.9729 -20.0478 -51.5363 2.6330 -27.0169 0.3289 -0.0519 -27.6450 -1.0372 -0.5189 0.1590 -15.9429 11.0597 16.1842 -60.8419 1.7942 2.1783 25.8085 11.1910 8.4409 56.7357 3.2138 -6.9825 -0.3086 0.0117 18.4560 1.8530 -11.6553 0.3456 15.5924 7.6360 -16.6281 50.2386 -3.9260 -5.3739 -7.2257 7.0348 7.5658 0.0255 27.0779 0.9694 -17.3304 -10.9480 -15.6019 1.5463 -3.4170 -1.9646 20.7379 -13.7251 -31.2569 -0.3545 21.4965 -1.4593 -10.9530 -11.7458 -19.5283 -1.4441 -0.6391 0.9337
-323.7872 95.9773 -0.0451 -4.2611 3.9306 35.3918 -0.0284 -3.6181 -1.0804 -0.6568 -6.2622 -3.9017 -1.0507 8.5011 -7.2080 9.4031 1.9375 -0.5997 -3.9762 -3.7845 -10.7777 0.4472 -15.0840 -14.2400 -0.0239 0.0902 -0.0912 0.5038 -10.4636 -3.9386 -0.5497 -10.4462 3.7590 -19.1236 11.3078 -20.5318 -51.2836 2.7519 -27.2742 0.3352 -0.0011 -27.4934 -1.5673 -0.8908 0.0213 -15.9692 11.0530 16.1854 -61.0281 1.8435 2.1557 26.7692 11.4055 7.7013 57.5444 2.9698 -7.7713 -0.2665 0.0556 18.4416 2.0823 -12.0821 0.4052 15.5872 7.6236 -16.7490 50.1305 -3.9812 -5.6375 -8.5966 7.7031 5.9629 0.0802 22.3210 0.9442 -17.0650 -8.4952 -19.2600 1.4351 -4.1332 -1.9392 23.4348 -14.7185 -32.2381 -0.4870 21.6459 -1.7620 -12.7159 -8.9825 -20.0878 -1.4389 -1.5919 1.0588
-327.7119 95.6752 -1.1526 -4.3665 3.8125 36.7414 -0.3613 -3.2266 -1.2124 -0.8053 -6.1431 -4.1871 -1.3099 8.5852 -7.2703 10.1996 1.9775 -0.8817 -4.0609 -3.8439 -11.0138 0.5564 -15.1304 -14.5519 -0.0143 0.0949 -0.1026 0.5120 -10.4682 -3.9559 -0.5378 -10.4661 3.7511 -18.1377 11.9697 -20.9628 -50.7317 1.9772 -26.7713 0.1349 -0.0056 -27.6051 -2.0906 -0.6798 0.0960 -15.9928 11.0957 16.2558 -61.2603 1.9122 2.2705 27.0859 11.4066 7.1241 58.8880 2.6553 -7.7021 -0.1909 0.1123 17.8978 2.3960 -12.6519 0.1983 15.6318 7.6095 -16.7063 50.1684 -3.9548 -5.6409 -9.2781 7.1331 4.9334 0.0320 20.2386 1.0377 -8.9384 -6.4363 -19.2641 1.6541 -6.3117 -1.9847 25.8275 -16.4273 -33.8614 -0.6477 23.1880 -2.0210 -14.6493 -5.2014 -19.8506 -1.4500 -2.8785 1.1855
-331.9141 95.1782 -2.5121 -4.4891 3.3008 37.0412 -0.5108 -2.4220 -1.2571 -0.8970 -5.9559 -4.1893 -1.7153 8.7806 -7.0166 10.4655 1.8720 -1.1341 -3.9090 -3.9029 -11.1762 0.7751 -15.3169 -14.6825 -0.0334 0.0855 -0.1904 0.5069 -10.4533 -4.0437 -0.5713 -10.4666 3.6740 -17.5553 12.6255 -21.1643 -49.7256 1.0643 -25.9282 0.0658 0.0077 -27.7313 -2.1983 -0.8031 0.3550 -15.9108 11.0745 16.2135 -61.2769 1.8610 2.4261 26.6422 11.3118 6.9356 60.5141 2.2831 -6.6113 -0.0362 0.2397 16.9318 2.8542 -12.5811 -0.5480 15.7715 7.5175 -16.4742 50.2503 -3.7789 -5.2982 -9.6238 6.1241 4.1814 -0.0769 20.6609 1.0761 4.9005 -9.5506 -16.2468 1.9582 -7.8753 -2.0140 27.9777 -18.9933 -35.8470 -0.7972 27.0927 -2.4757 -15.8980 0.3029 -17.5827 -1.4905 -5.1259 1.2432
-335.9548 94.5601 -3.9172 -4.3216 2.4855 35.8938 -0.6826 -1.6329 -1.0415 -0.9665 -5.5758 -3.9525 -2.2040 9.0795 -6.6442 10.1222 1.8218 -1.1336 -3.8227 -3.9429 -10.9895 1.1935 -15.6575 -14.6377 -0.0354 0.0717 -0.2342 0.5363 -10.4730 -4.1084 -0.6063 -10.4928 3.6548 -17.7144 12.6931 -20.7533 -48.5280 0.8430 -24.6065 0.1153 -0.0122 -27.9149 -1.4621 -0.9643 0.5347 -15.8995 10.8576 16.2466 -60.9594 1.5480 2.7428 25.6494 11.5855 7.6013 62.1019 1.9811 -4.2400 -0.0326 0.2432 16.4996 2.9652 -11.1443 -1.3710 15.7975 7.4589 -16.3664 50.2763 -3.5815 -5.2125 -10.3018 5.4077 3.2662 -0.0788 20.1416 1.0204 13.2754 -14.8495 -12.6006 1.9123 -5.0316 -2.0134 29.1211 -23.2052 -36.7985 -0.8529 33.4442 -2.7695 -13.5304 7.8891 -11.9814 -1.5534 -7.4378 1.3127
-339.5233 94.2328 -5.1519 -3.3482 1.2642 34.1223 -1.2062 -0.8369 -0.8854 -1.0710 -5.0465 -3.3864 -2.9706 9.4403 -6.3509 9.5944 1.8408 -0.7906 -3.5862 -3.9211 -10.7921 1.4436 -16.2167 -14.2728 -0.0355 0.0776 -0.2539 0.5516 -10.4756 -4.1470 -0.6203 -10.4706 3.6510 -18.9709 12.7269 -20.2198 -46.7239 0.9491 -23.0211 0.1455 -0.0508 -27.6150 -0.5973 -0.4414 0.4704 -16.0788 10.8375 16.1976 -60.8602 1.5777 2.5204 25.1924 11.8663 8.5133 62.3490 1.6352 -2.0156 0.2516 0.1293 16.8499 2.7447 -9.4014 -1.3071 15.8266 7.3568 -16.4336 49.9737 -3.7520 -5.1787 -11.6105 4.5183 2.0728 0.1584 20.0093 0.8358 15.8892 -19.2951 -8.4329 1.7711 -1.7710 -2.0831 27.6987 -28.0688 -35.5627 -0.5802 39.5432 -2.3283 -1.5617 14.4970 -0.2598 -1.5404 -5.4224 1.1737
-342.7671 94.3726 -6.1897 -2.2625 0.1867 32.5398 -1.6680 -0.2946 -0.7102 -1.1767 -4.7719 -2.8702 -3.9275 9.9849 -6.2227 9.2602 1.8632 -0.5288 -3.4665 -3.8481 -10.6196 1.5136 -16.4952 -14.2352 -0.0158 0.0880 -0.2004 0.5475 -10.4335 -4.1050 -0.5754 -10.4242 3.7051 -20.1595 12.8345 -19.8037 -45.4690 1.0605 -21.6712 0.1746 -0.0558 -26.2992 -0.1956 1.0300 0.6051 -16.0762 10.8861 16.1564 -60.8378 1.7063 2.2574 25.3122 12.5901 9.3766 61.6974 1.0301 0.0309 0.5047 0.0414 17.8399 2.5365 -8.4027 -1.0020 15.9294 7.2906 -16.6277 49.7427 -4.0955 -5.1698 -12.1147 2.7595 1.9976 0.2703 21.9048 0.7097 15.5428 -20.7145 -5.8923 1.7307 -0.8362 -2.1133 24.6135 -31.4229 -32.4897 -0.2186 42.3764 -1.3329 15.6272 13.5226 11.1870 -1.2951 -2.6295 1.1688
-345.6939 94.8891 -7.0644 -1.9903 -0.5303 31.3160 -1.8240 0.0837 -0.5677 -1.1807 -4.6777 -2.5693 -4.1607 10.2458 -6.0576 8.8692 2.0943 -0.3671 -3.3684 -3.7546 -10.4122 1.5575 -16.5821 -14.1296 -0.0058 0.1122 -0.1564 0.5334 -10.4047 -4.0673 -0.5412 -10.3879 3.7478 -20.4821 12.8814 -19.3161 -46.0497 1.1811 -20.8807 0.1467 -0.0259 -24.4275 -0.6242 2.4446 1.0628 -16.0586 10.8935 16.1308 -60.8453 1.8395 2.0496 24.9538 13.1641 9.9504 60.9578 1.2021 2.4800 0.6152 0.0417 18.6722 2.2911 -7.9506 -0.6871 15.9950 7.2533 -16.6789 49.7912 -4.1507 -5.1906 -11.1917 1.3778 2.7932 0.2506 23.0845 0.5462 14.1721 -20.6919 -4.8134 1.7193 -0.2524 -2.0554 22.3434 -32.1807 -30.3436 -0.1431 42.5097 -0.9477 17.8863 8.3821 9.6486 -1.2635 -2.3111 1.1668
-348.3155 95.7167 -7.7940 -1.9647 -0.9616 29.8861 -1.9660 0.2951 -0.4770 -1.1372 -4.6788 -2.2864 -4.1052 10.3406 -5.7910 8.6523 2.3269 -0.3029 -3.3329 -3.6997 -10.0641 1.7063 -16.6939 -13.9345 -0.0044 0.1422 -0.1173 0.5266 -10.3784 -4.0263 -0.5318 -10.3569 3.7830 -20.5888 12.9078 -18.7576 -47.4602 1.1313 -19.6899 -0.0075 0.0018 -22.8588 -1.5005 3.1131 1.5142 -16.0234 10.8129 16.0549 -60.7664 1.9249 2.0088 24.7470 13.2440 10.5013 59.7177 1.7111 4.5089 0.7456 0.0357 19.1839 1.7808 -7.0358 -0.7613 15.9732 7.1884 -16.5733 49.8267 -4.0620 -5.1888 -9.9616 0.6571 3.4459 0.2176 22.5213 0.4843 12.5530 -19.4682 -3.8930 1.7081 0.0727 -1.9835 20.0388 -31.7414 -28.3698 -0.2202 40.9966 -0.9019 13.7987 3.8798 2.8888 -1.4008 -1.7650 1.1302
-350.7928 96.7203 -8.3530 -1.9881 -1.2695 28.1526 -2.1669 0.3646 -0.4595 -1.1010 -4.6919 -2.0303 -3.9746 10.3940 -5.4253 8.6310 2.4664 -0.3317 -3.2956 -3.6976 -9.7046 1.9529 -16.8310 -13.4753 -0.0029 0.1610 -0.0803 0.5253 -10.3790 -3.9832 -0.5274 -10.3631 3.8135 -20.6003 13.0371 -18.1323 -49.2929 0.6407 -17.6421 -0.1764 0.0042 -21.8074 -2.1613 2.7543 1.8492 -16.0069 10.7437 15.9414 -60.7240 1.9625 2.0858 24.7751 13.0829 11.0027 58.1984 1.9786 5.7994 0.7721 0.0193 19.6321 1.4281 -5.5994 -1.0994 15.9050 7.1213 -16.4121 49.8557 -3.9315 -5.1447 -8.6625 0.6160 4.0199 0.1810 20.5863 0.4784 10.7859 -17.4772 -2.9036 1.7010 0.2157 -1.9371 17.4081 -30.3066 -26.5771 -0.3504 37.8721 -0.9714 8.8994 0.2887 -4.6353 -1.5065 -1.2867 1.1344
-353.1609 97.6885 -8.8306 -1.9624 -1.5219 26.0862 -2.3917 0.3380 -0.4917 -1.0941 -4.6737 -1.7837 -3.8332 10.4555 -5.0097 8.5967 2.4782 -0.4216 -3.1890 -3.7321 -9.2513 2.3053 -17.0472 -12.9113 0.0041 0.1620 -0.0396 0.5237 -10.3921 -3.9322 -0.5115 -10.3877 3.8423 -20.3674 13.3207 -17.4069 -51.4727 -0.1410 -15.0735 -0.3046 -0.0127 -21.2286 -2.3536 1.5229 2.0084 -15.9844 10.7121 15.8693 -60.7907 1.9339 2.2867 24.6214 12.8378 11.3977 57.0201 1.6405 5.9658 0.5745 0.0420 20.5066 1.3261 -4.3864 -1.1969 15.8596 7.0884 -16.2491 50.0025 -3.8280 -5.0252 -7.4251 1.0147 4.8460 0.1269 18.0165 0.4517 8.8398 -15.3487 -1.8777 1.6974 0.3122 -1.9231 14.6460 -28.2783 -25.4781 -0.4456 33.8380 -1.0163 5.0024 -2.1417 -11.0583 -1.5227 -1.3807 1.1435
-355.6502 98.3900 -9.3337 -1.8229 -1.6975 23.6332 -2.5837 0.3002 -0.5220 -1.1113 -4.6357 -1.4704 -3.7273 10.5271 -4.5708 8.3428 2.2451 -0.5194 -3.0127 -3.7654 -8.6292 2.7299 -17.4278 -12.3818 0.0143 0.1593 0.0016 0.5330 -10.4217 -3.8889 -0.5001 -10.4283 3.8775 -19.9280 13.6359 -16.5816 -53.7044 -0.5921 -12.7776 -0.3410 0.0094 -21.1161 -2.2271 -0.1833 1.9758 -15.9662 10.6749 15.7919 -60.8336 1.8480 2.4643 24.1270 12.5673 11.7925 56.4222 0.6240 4.8763 0.2198 0.0993 22.1833 1.0300 -4.4646 -0.8272 15.8753 7.1502 -16.1514 50.2734 -3.7258 -4.8726 -6.3053 1.2540 6.1969 0.0612 15.9535 0.3841 6.8855 -13.7980 -0.9361 1.6878 0.4344 -1.9311 11.8041 -26.4444 -25.1263 -0.4539 30.0716 -0.9593 2.5735 -3.3946 -15.1942 -1.5056 -1.5736 1.1382
-357.9131 98.7688 -9.8687 -1.5536 -1.7876 21.1067 -2.7552 0.3031 -0.5264 -1.1273 -4.5979 -1.0747 -3.6909 10.6224 -4.1161 7.9668 1.7660 -0.5747 -2.8741 -3.7782 -8.1021 3.1231 -17.8699 -11.9731 0.0243 0.1647 0.0252 0.5509 -10.4192 -3.8656 -0.4978 -10.4350 3.8984 -19.7363 13.8247 -15.8507 -55.1919 -0.4874 -11.2320 -0.3875 0.0465 -21.2679 -2.0739 -1.5583 1.8153 -15.9507 10.6020 15.7463 -60.7191 1.7465 2.5552 23.6526 12.3086 12.2226 56.1747 -0.8038 2.9663 -0.0591 0.1363 24.3143 0.1809 -5.7816 -0.2461 15.8745 7.2447 -16.1152 50.4448 -3.5978 -4.7581 -5.4177 0.9037 7.8496 0.0288 15.1659 0.3063 5.2912 -13.0962 -0.1506 1.6758 0.7272 -1.9333 8.9421 -25.3681 -25.3189 -0.4060 27.5208 -0.8483 1.4147 -3.9336 -17.1861 -1.4887 -1.6038 1.1448
-360.0809 98.9548 -10.3019 -1.1497 -1.8759 18.5922 -2.9370 0.3192 -0.5017 -1.1424 -4.5453 -0.5565 -3.7530 10.7733 -3.6768 7.5726 1.2219 -0.5600 -2.7632 -3.7534 -7.7096 3.4271 -18.2927 -11.6697 0.0316 0.1692 0.0301 0.5605 -10.3911 -3.8567 -0.4930 -10.4069 3.8973 -19.9001 13.8218 -15.2082 -55.7860 -0.0221 -10.3573 -0.4189 0.0821 -21.4316 -2.1356 -2.4963 1.6901 -15.9359 10.5236 15.7281 -60.6131 1.6327 2.5618 23.4020 12.0757 12.7420 55.9912 -2.2800 1.1511 -0.1965 0.1243 26.1245 -0.9706 -7.3265 0.4585 15.8454 7.3162 -16.1139 50.5313 -3.4909 -4.6580 -4.7042 0.1026 9.4660 0.0455 15.4436 0.2498 4.0327 -12.8986 0.5885 1.6589 1.0556 -1.9299 5.9570 -24.9940 -25.8907 -0.3297 26.3674 -0.7140 0.8592 -4.0830 -17.8856 -1.4725 -1.5591 1.1386
-362.0319 99.0263 -10.5978 -0.7510 -1.9823 16.2358 -3.0675 0.3251 -0.4210 -1.1339 -4.4878 -0.0641 -3.8777 10.9176 -3.2446 7.2100 0.7644 -0.4497 -2.6858 -3.7032 -7.4252 3.6088 -18.6132 -11.5045 0.0324 0.1672 0.0220 0.5603 -10.3662 -3.8596 -0.4913 -10.3800 3.8850 -20.2067 13.7137 -14.6473 -55.7848 0.5166 -9.8596 -0.4029 0.0820 -21.4228 -2.3399 -2.7271 1.6152 -15.9664 10.4977 15.7402 -60.6610 1.5997 2.5135 23.2282 11.8645 13.3635 55.8290 -3.4819 0.0238 -0.1789 0.1008 27.0238 -1.8843 -8.3425 1.0314 15.7903 7.3516 -16.1317 50.5161 -3.4186 -4.5300 -3.9130 -0.9020 10.8641 0.0744 16.3671 0.2061 2.9124 -12.8817 1.3038 1.6426 1.3714 -1.9390 2.8802 -24.9985 -26.7465 -0.2224 26.2644 -0.5205 0.9906 -4.0820 -17.6663 -1.4573 -1.5406 1.1109
-363.9863 99.0220 -10.7387 -0.5847 -2.0816 14.1455 -3.0919 0.3019 -0.3385 -1.0817 -4.4445 0.3325 -3.9168 10.9977 -2.8298 6.8282 0.4722 -0.2764 -2.6240 -3.6687 -7.2333 3.6994 -18.7789 -11.4847 0.0320 0.1624 0.0196 0.5588 -10.3573 -3.8596 -0.4903 -10.3676 3.8819 -20.4117 13.5730 -14.1271 -55.5634 1.0108 -9.4971 -0.3338 0.0652 -21.3022 -2.4381 -2.5628 1.5927 -15.9925 10.5288 15.7430 -60.7746 1.6154 2.4522 23.0286 11.7162 13.9264 55.6571 -4.1928 -0.2069 -0.0120 0.0963 27.0725 -2.2071 -8.5722 1.2545 15.7183 7.3454 -16.1247 50.4640 -3.3956 -4.4495 -2.7742 -2.0510 12.0434 0.0862 17.7092 0.1423 1.7090 -13.0690 1.9166 1.6373 1.5851 -1.9490 -0.0308 -25.0644 -27.6188 -0.0879 26.7433 -0.2760 1.8616 -3.8904 -16.7286 -1.4447 -1.5465 1.0708
-366.0359 98.9526 -10.7488 -0.6854 -2.0866 12.3830 -3.0157 0.2378 -0.2735 -1.0040 -4.4281 0.6212 -3.8197 10.9757 -2.4622 6.4317 0.2909 -0.1623 -2.5495 -3.6476 -7.0664 3.7625 -18.8144 -11.5078 0.0296 0.1569 0.0168 0.5582 -10.3530 -3.8640 -0.4950 -10.3612 3.8803 -20.4745 13.4117 -13.7199 -55.3409 1.3318 -8.9617 -0.2353 0.0524 -21.1748 -2.2790 -2.4826 1.7294 -15.9883 10.5842 15.7254 -60.8500 1.6057 2.3853 22.9102 11.6055 14.3719 55.3655 -4.4294 0.1077 0.1530 0.0989 26.8107 -1.8494 -8.1915 1.2304 15.6737 7.3307 -16.1198 50.4410 -3.3587 -4.4710 -1.2720 -3.3496 13.0698 0.0717 19.1961 0.0536 0.3676 -13.3586 2.3624 1.6369 1.7107 -1.9412 -2.6731 -25.1428 -28.0762 0.0518 27.3782 -0.0277 2.8112 -3.3533 -15.6893 -1.4411 -1.5076 1.0305
-368.3044 98.8531 -10.6962 -0.9497 -2.0426 10.8335 -2.8838 0.1464 -0.1989 -0.9236 -4.4365 0.8333 -3.6588 10.9344 -2.1593 6.0550 0.1034 -0.1096 -2.4546 -3.6235 -6.8361 3.7759 -18.8330 -11.5381 0.0268 0.1521 0.0136 0.5573 -10.3491 -3.8674 -0.5004 -10.3568 3.8754 -20.5080 13.2848 -13.4178 -54.9936 1.5610 -8.3287 -0.1052 0.0314 -21.1569 -1.9533 -2.7537 1.9870 -15.9261 10.6949 15.7644 -60.8729 1.6022 2.3697 22.9175 11.5284 14.7681 54.9368 -4.3911 0.6078 0.2489 0.0919 26.5695 -1.1762 -7.7751 1.2478 15.6688 7.3250 -16.1254 50.4219 -3.3686 -4.5539 0.4872 -4.7005 13.9112 0.0401 20.6950 -0.0349 -1.1113 -13.6894 2.7840 1.6360 1.7486 -1.9188 -5.2313 -25.1100 -27.8657 0.1875 27.7826 0.2126 3.4558 -2.6760 -14.6258 -1.4456 -1.4454 0.9776
-370.6911 98.7064 -10.5578 -1.2113 -1.9714 9.4405 -2.7504 0.0142 -0.1168 -0.8615 -4.4527 0.9856 -3.5219 10.8631 -1.9254 5.7012 -0.0732 -0.0434 -2.3668 -3.6140 -6.5955 3.7568 -18.7990 -11.5686 0.0218 0.1495 0.0011 0.5546 -10.3484 -3.8792 -0.5084 -10.3585 3.8610 -20.5551 13.1264 -13.1778 -54.4907 1.8804 -7.7486 0.0085 0.0059 -21.2551 -1.5925 -3.2372 2.2248 -15.8303 10.7696 15.8050 -60.8148 1.6050 2.4171 22.9863 11.4306 15.1134 54.5255 -4.2738 0.9127 0.3337 0.0889 26.3548 -0.6391 -7.4497 1.3782 15.6854 7.3291 -16.1262 50.3509 -3.3939 -4.6388 2.3516 -5.9961 14.5774 0.0066 22.0911 -0.1331 -2.6657 -13.9567 3.1455 1.6381 1.7381 -1.9040 -7.9381 -24.7307 -26.7983 0.3014 27.3797 0.4160 3.7540 -1.7869 -13.5614 -1.4611 -1.3541 0.9240
-373.2272 98.4722 -10.3315 -1.3306 -1.9041 8.2144 -2.6594 -0.1598 -0.0341 -0.8170 -4.4718 1.1277 -3.4636 10.8021 -1.7746 5.3571 -0.2001 0.0119 -2.3335 -3.6128 -6.3887 3.7590 -18.7175 -11.6564 0.0170 0.1493 -0.0118 0.5582 -10.3540 -3.8929 -0.5229 -10.3626 3.8487 -20.6429 12.9383 -12.9982 -53.8256 2.2983 -7.3196 0.0566 -0.0390 -21.5179 -1.2894 -3.6242 2.4365 -15.7733 10.7973 15.8397 -60.7454 1.5955 2.5232 22.9742 11.3622 15.3852 54.2824 -4.2264 0.9571 0.3391 0.0741 26.1153 -0.4601 -7.2244 1.5257 15.6950 7.3593 -16.1055 50.2758 -3.4203 -4.6725 4.1191 -7.1500 15.0416 -0.0148 23.4033 -0.2035 -4.2109 -14.1705 3.4121 1.6413 1.7016 -1.9043 -10.8462 -23.8106 -24.9299 0.4065 25.7026 0.6122 3.6192 -0.5256 -12.7298 -1.4800 -1.2686 0.8704
-375.8851 98.1336 -9.9644 -1.2915 -1.8805 7.0771 -2.5960 -0.3574 0.0742 -0.7844 -4.5103 1.2420 -3.4894 10.7607 -1.6428 5.0104 -0.2890 0.0646 -2.3323 -3.6177 -6.1986 3.7169 -18.5957 -11.7219 0.0123 0.1518 -0.0215 0.5665 -10.3628 -3.9019 -0.5424 -10.3634 3.8374 -20.7349 12.7696 -12.8860 -53.1293 2.6847 -6.9194 0.0555 -0.0743 -21.9276 -1.0050 -3.7579 2.6495 -15.7578 10.7530 15.8567 -60.6501 1.5669 2.6724 22.8707 11.3492 15.5623 54.1630 -4.2302 0.9705 0.2886 0.0565 25.6919 -0.5682 -7.0628 1.6904 15.7043 7.4077 -16.1049 50.2070 -3.4410 -4.6765 5.8543 -8.1765 15.5095 -0.0314 24.7453 -0.2660 -5.8484 -14.3998 3.5270 1.6405 1.6602 -1.9108 -13.9123 -22.1293 -22.4166 0.4378 22.5072 0.7101 3.0559 1.0811 -12.1257 -1.5016 -1.2225 0.8378
-378.6063 97.6831 -9.5473 -1.0657 -1.8824 6.0025 -2.5604 -0.5623 0.1995 -0.7584 -4.5813 1.3268 -3.6116 10.7332 -1.5408 4.6297 -0.3252 0.1830 -2.3495 -3.6540 -6.0444 3.6125 -18.4777 -11.7602 0.0102 0.1496 -0.0191 0.5816 -10.4049 -3.9040 -0.5639 -10.3910 3.8427 -20.8004 12.6177 -12.8253 -52.4422 3.0294 -6.5462 0.0476 -0.1171 -22.5089 -0.6559 -3.6694 2.8640 -15.7876 10.7034 15.8928 -60.5820 1.5605 2.7964 22.6826 11.4439 15.6618 54.1340 -4.3452 0.9819 0.2199 0.0136 25.1768 -0.7462 -6.7968 1.8771 15.7240 7.4666 -16.1401 50.1912 -3.4347 -4.6337 7.5267 -9.1471 16.0248 -0.0464 26.2087 -0.3280 -7.6175 -14.6367 3.4449 1.6356 1.6046 -1.9114 -16.9488 -19.8257 -19.5808 0.3897 18.1464 0.7003 1.9592 3.1023 -11.6183 -1.5303 -1.1862 0.8262
-381.4567 97.0894 -9.0129 -0.7321 -1.8340 4.9154 -2.5030 -0.7926 0.3392 -0.7320 -4.6566 1.3770 -3.8007 10.6817 -1.4714 4.1834 -0.3452 0.3650 -2.3503 -3.7138 -5.8672 3.4284 -18.3935 -11.7443 0.0182 0.1344 0.0049 0.6070 -10.4532 -3.8855 -0.5756 -10.4268 3.8675 -20.9005 12.4777 -12.7811 -51.7283 3.2665 -6.0998 0.0411 -0.1593 -23.2596 -0.2123 -3.5048 3.0313 -15.8469 10.6480 15.9125 -60.5126 1.5464 2.8508 22.5141 11.6540 15.7360 54.0645 -4.5235 1.1230 0.1553 -0.0330 24.6959 -0.8271 -6.5298 2.1501 15.7449 7.5225 -16.1996 50.2150 -3.4235 -4.5676 9.2105 -10.1561 16.6438 -0.0827 27.7476 -0.4152 -9.5735 -14.8528 3.2666 1.6330 1.5827 -1.9063 -19.5814 -17.2532 -16.8870 0.2813 13.3337 0.6167 0.9117 5.6901 -10.9034 -1.5654 -1.1484 0.8494
-384.5731 96.3815 -8.5308 -0.3754 -1.6757 3.7564 -2.3985 -1.0326 0.4609 -0.7118 -4.7349 1.3839 -4.0036 10.5841 -1.4313 3.6321 -0.4284 0.6356 -2.3042 -3.7658 -5.6734 3.1926 -18.3943 -11.6373 0.0317 0.1144 0.0355 0.6382 -10.4953 -3.8634 -0.5816 -10.4664 3.8999 -21.0107 12.3133 -12.7288 -50.9818 3.3719 -5.5321 -0.0050 -0.2152 -24.1297 0.3422 -3.3935 3.1742 -15.9205 10.5493 15.8989 -60.4635 1.5234 2.8756 22.3726 11.9959 15.8497 53.8991 -4.7973 1.3887 0.1242 -0.0684 24.4353 -0.7139 -6.1853 2.5186 15.7721 7.5251 -16.2078 50.2494 -3.4263 -4.4776 11.0247 -11.2734 17.4154 -0.1571 29.2562 -0.5113 -11.7149 -14.9035 2.9725 1.6324 1.6085 -1.8920 -21.4511 -15.0382 -14.7935 0.1711 9.0680 0.5154 0.9588 8.9431 -9.6744 -1.5924 -1.0903 0.8934
-387.8168 95.6064 -7.9428 -0.0250 -1.4361 2.5192 -2.2692 -1.2103 0.5810 -0.7455 -4.7909 1.2688 -4.1822 10.4285 -1.4250 2.9385 -0.6391 0.9457 -2.1508 -3.7623 -5.4060 2.9215 -18.5897 -11.3861 0.0396 0.0974 0.0459 0.6720 -10.5296 -3.8685 -0.6014 -10.5057 3.9214 -21.0873 12.2148 -12.7261 -50.2413 3.2275 -4.7856 -0.0637 -0.2458 -25.0591 1.1464 -3.2222 3.2289 -16.0439 10.4417 15.8909 -60.5373 1.4817 2.9648 22.2668 12.4758 16.0726 53.6342 -5.2307 1.8367 0.1066 -0.0756 24.3849 -0.4928 -5.9016 3.0374 15.7565 7.4178 -16.1312 50.2189 -3.4872 -4.4432 13.0441 -12.3634 18.3198 -0.2645 30.4098 -0.6031 -14.1553 -14.5531 2.5903 1.6325 1.5054 -1.8731 -22.4575 -13.7946 -13.5127 0.1491 6.5996 0.5685 4.4680 12.5266 -7.3735 -1.5756 -0.9670 0.9815
-391.1683 94.8637 -7.4579 0.2602 -1.1657 1.3125 -2.1777 -1.2291 0.6531 -0.8276 -4.8374 1.0448 -4.3369 10.2550 -1.5105 2.2939 -1.0413 1.1743 -1.8876 -3.7126 -4.8439 2.5992 -18.9964 -10.9255 0.0521 0.0910 0.0509 0.6997 -10.5789 -3.8883 -0.6053 -10.5469 3.9454 -21.0950 12.0948 -12.7776 -49.4381 2.8844 -3.9288 -0.1835 -0.2480 -25.9328 2.1393 -2.9278 3.2099 -16.0933 10.3609 15.8225 -60.5687 1.4607 2.8493 22.2246 12.7935 16.3361 53.3045 -5.6595 2.4142 0.1177 -0.0524 24.5773 -0.4994 -5.8286 3.5752 15.6512 7.3226 -16.0450 50.1334 -3.4790 -4.4351 15.2157 -13.3191 19.3430 -0.3692 30.8575 -0.7347 -16.7786 -13.4805 1.7626 1.6202 1.1236 -1.8010 -22.3812 -14.1201 -13.6888 0.2256 7.0493 0.8018 12.5390 13.2354 -4.2417 -1.5060 -1.1017 1.0860
-394.9048 94.3514 -7.1310 0.2276 -0.9625 0.1776 -1.8391 -0.9447 0.5143 -0.9819 -4.7997 0.9631 -4.5407 10.1262 -1.7202 1.8177 -1.9162 1.2185 -1.8904 -3.5919 -4.2602 2.6079 -19.3633 -10.4111 0.0423 0.0904 0.0172 0.6700 -10.4931 -3.9049 -0.5962 -10.4632 3.9016 -21.4401 11.6791 -13.1329 -48.1220 2.3216 -2.7556 -0.1164 -0.1732 -26.5622 2.8273 -2.2064 3.0866 -16.0249 10.4058 15.8269 -60.4363 1.4892 2.6674 22.2994 12.7126 16.6338 52.8186 -5.9768 3.0992 0.3264 -0.0651 25.0250 -1.1065 -5.5941 4.0698 15.4565 7.3744 -15.9842 50.0618 -3.3868 -4.4992 17.9866 -14.1325 20.0218 -0.4085 30.4595 -0.7523 -19.5161 -10.8246 0.9165 1.6834 0.6823 -1.7663 -20.6747 -16.2608 -15.1959 0.3728 11.1630 0.8170 17.6227 7.9697 -1.6371 -1.4214 -0.6087 1.1608
-399.1291 94.4667 -7.0667 -0.4101 -0.4944 -0.9267 -1.3490 -0.7029 0.4165 -1.0457 -4.7330 0.9282 -4.3640 10.2668 -2.0744 1.1178 -3.0942 1.4858 -1.6975 -3.5588 -4.0513 2.6457 -20.1521 -9.5959 0.0234 0.0806 -0.0141 0.6426 -10.4646 -3.9398 -0.6067 -10.4506 3.8839 -22.4167 11.0242 -13.7948 -46.2496 1.2439 -1.7131 -0.0665 -0.1628 -26.6945 3.7443 -0.9221 2.8648 -16.1247 10.4749 15.8128 -60.4979 1.5187 2.2479 22.4737 12.6418 17.0881 51.7510 -6.0046 5.0837 0.2846 -0.1055 25.4430 -1.8781 -5.1011 4.9158 15.3395 7.4163 -15.9459 50.0908 -3.2348 -4.5525 21.2894 -14.8383 19.4992 -0.4772 28.7766 -0.8749 -22.0529 -5.2974 0.2897 1.7147 -0.7996 -1.8133 -17.1476 -20.6595 -16.9213 0.5146 19.3405 1.0300 16.1595 2.5037 0.6180 -1.4187 -0.1700 1.0807
-403.5963 94.8244 -7.0181 -0.5261 0.1515 -1.0413 -1.3834 -0.4852 0.2246 -1.1917 -4.7090 0.7132 -4.6217 10.1612 -2.3921 1.0297 -3.8439 1.4326 -1.6371 -3.5826 -3.9308 2.8032 -20.7542 -9.2288 0.0159 0.0813 0.0091 0.6219 -10.4753 -3.9154 -0.5990 -10.4737 3.9117 -21.8996 10.7715 -14.5791 -45.5542 0.2750 -1.9597 0.2120 -0.1029 -26.3071 4.0441 0.4780 2.7282 -16.2354 10.5960 15.8188 -60.7325 1.5592 2.1595 21.7498 12.4267 16.8920 52.2109 -5.2082 7.5484 0.2239 -0.0802 25.9885 -1.9232 -3.9963 5.4905 15.3193 7.4185 -15.9728 50.1413 -3.1393 -4.6603 23.8674 -13.9869 17.5036 -0.5235 24.2184 -0.9624 -23.6604 2.5109 0.2214 1.7493 -2.8039 -1.8712 -13.9345 -23.3673 -17.8074 0.6448 25.4348 1.1860 13.4062 -1.6809 0.3600 -1.4312 0.0719 0.9939
-408.0793 95.3266 -6.8391 -0.6655 1.1598 0.0138 -1.3412 -0.5133 -0.0165 -1.3594 -4.7739 0.5692 -5.0071 9.8760 -2.9096 1.2288 -4.2468 1.2375 -1.7079 -3.5578 -4.0417 2.9930 -20.8333 -9.3555 0.0191 0.0936 0.0371 0.5970 -10.5225 -3.8907 -0.5627 -10.5382 3.9410 -20.8000 10.6640 -15.2327 -45.5194 -0.3921 -3.2798 0.6323 -0.0760 -26.3321 3.4451 1.1270 2.4720 -16.2667 10.7024 15.9682 -60.8655 1.5813 2.2738 20.5756 12.1873 16.1171 53.4740 -4.0702 9.3121 0.3834 -0.0135 26.8271 -0.7252 -2.5510 5.6590 15.2603 7.2697 -16.0466 49.8747 -3.1837 -4.9300 25.7801 -11.6476 14.3046 -0.4101 16.4626 -0.8775 -22.6466 11.3935 1.7463 1.8093 -4.2346 -1.9176 -10.3454 -24.5406 -19.1849 0.6378 28.8299 1.1569 10.6356 -5.0674 -1.1627 -1.4572 0.4174 0.9259
-412.3680 95.7587 -6.5738 -0.8242 2.5399 1.9437 -1.0001 -0.8082 -0.2731 -1.4467 -4.9324 0.3311 -5.4830 9.4704 -3.5774 1.4013 -4.5912 1.1545 -1.8575 -3.5180 -4.5627 3.0982 -20.4209 -9.5205 0.0090 0.0948 -0.0024 0.5667 -10.4458 -3.9025 -0.5528 -10.4792 3.8751 -19.9645 10.2643 -15.7289 -45.5549 -0.4152 -4.9531 0.7795 -0.0115 -27.4245 2.7857 0.5899 1.9067 -15.8985 10.8603 16.0683 -61.1305 1.6972 2.4619 19.4973 11.9517 15.4608 54.4528 -2.0573 10.2637 0.3274 0.0522 28.4943 0.7568 -1.9876 5.8819 15.3348 7.2482 -16.2081 49.7415 -3.4810 -5.0898 26.3608 -9.4799 11.4290 -0.1147 8.2639 -0.6196 -15.6562 16.6798 7.2845 1.7569 -2.5194 -1.8410 -6.7419 -25.2346 -21.0975 0.5321 30.7841 0.8682 8.3164 -7.9353 -2.6063 -1.4856 0.6241 0.8624
-416.4956 96.0745 -6.3202 -0.7832 3.4830 4.0689 -0.8043 -0.9490 -0.4312 -1.4450 -4.9178 -0.0003 -5.7914 9.1274 -4.0507 1.7743 -4.8149 1.0498 -2.0888 -3.4841 -4.9951 2.9887 -20.2695 -9.6232 -0.0051 0.1249 -0.0348 0.5767 -10.3931 -3.9143 -0.5916 -10.4445 3.8264 -19.8110 9.9396 -16.3696 -45.1150 -0.3726 -7.1888 0.8269 0.0364 -28.7894 2.1713 0.0582 1.4977 -15.5350 10.9494 16.1692 -61.0338 1.5736 2.7031 19.2996 11.5946 14.7576 54.4285 -0.0738 10.0212 0.2255 0.0255 29.8887 1.2834 -2.9524 6.2158 15.4569 7.2676 -16.2320 49.8215 -3.5751 -5.0803 25.2033 -8.9140 11.3197 0.0024 4.6236 -0.3958 -12.2003 12.2039 10.1296 1.7281 -1.5597 -1.7164 -3.7083 -25.1601 -22.4667 0.4109 31.7286 0.6916 6.2093 -10.1393 -4.4507 -1.4897 0.7471 0.8723
-420.2523 96.6104 -6.0601 -0.3914 3.7326 6.2854 -1.0082 -0.7711 -0.4232 -1.4293 -4.8276 -0.3323 -5.9062 9.1275 -4.4011 2.4763 -4.7165 0.9507 -2.3898 -3.5356 -5.2911 2.7686 -20.4007 -9.9786 -0.0163 0.1499 -0.0484 0.5777 -10.4288 -3.9235 -0.6141 -10.4775 3.8146 -19.8553 9.8018 -17.2219 -44.7574 -1.2026 -9.4008 0.6424 0.0170 -29.6347 2.0675 -0.2901 1.3123 -15.4800 11.0442 16.1766 -61.0637 1.6042 2.5974 19.8733 11.3632 14.1426 53.8005 0.7791 8.6606 0.0855 -0.0164 29.6845 0.6100 -4.0624 6.5255 15.5445 7.2502 -16.1502 49.7513 -3.5159 -4.9845 22.2547 -9.7454 13.1850 -0.1219 8.0248 -0.4687 -11.9892 5.5670 10.7919 1.7687 -1.9900 -1.7828 -1.4471 -23.8998 -23.1192 0.2664 31.1796 0.5655 4.2040 -11.3773 -6.4613 -1.4876 0.7720 0.8365
-423.9058 97.2026 -5.8703 -0.1571 3.7304 8.6419 -1.1368 -0.5464 -0.3955 -1.3946 -4.7806 -0.6105 -5.7259 9.1529 -4.7923 3.0466 -4.1901 0.9740 -2.6117 -3.6226 -5.7001 2.5404 -20.2960 -10.4780 -0.0088 0.1434 -0.0339 0.5781 -10.4899 -3.9200 -0.5967 -10.5254 3.8375 -19.4057 9.8712 -17.9473 -45.5104 -2.6326 -11.6121 0.5014 0.0179 -30.0527 1.9839 -0.6982 1.1683 -15.4805 11.1152 16.2052 -61.0250 1.7143 2.4508 20.0775 11.4058 13.5086 53.6901 0.6986 6.8123 0.0656 0.0147 28.0960 -0.1853 -4.9205 6.5203 15.5374 7.1880 -16.0184 49.4973 -3.4978 -4.9041 18.7074 -10.9178 14.9716 -0.2128 15.8666 -0.7248 -10.2761 -0.8356 11.3442 1.7664 -2.2296 -1.8968 0.6438 -22.0435 -23.6047 0.1519 29.6538 0.3772 2.6401 -11.9434 -8.6075 -1.4786 0.5661 0.8418
-427.2770 97.6377 -5.6523 -0.2117 3.7726 11.1076 -1.0232 -0.4191 -0.3826 -1.2912 -4.8067 -0.9071 -5.3337 9.0660 -5.1284 3.4420 -3.5216 1.0482 -2.8203 -3.6629 -6.3297 2.3073 -19.8427 -10.8978 0.0008 0.1244 -0.0154 0.5832 -10.5073 -3.9050 -0.5804 -10.5237 3.8544 -18.6713 9.9283 -18.4505 -46.9573 -3.5590 -14.3597 0.5923 0.0386 -30.5573 1.4634 -1.6183 0.7816 -15.3632 11.1563 16.2534 -60.8620 1.7300 2.4532 19.9233 11.5311 12.8012 54.0493 0.5002 4.6190 0.0225 0.0905 26.0930 -0.4130 -6.1976 6.2940 15.5192 7.0997 -15.8964 49.2308 -3.6028 -4.8502 14.9760 -11.3872 16.1666 -0.2218 24.1909 -0.9857 -8.1769 -6.5407 11.8385 1.7654 -2.3309 -1.9702 2.8846 -20.1632 -24.1318 0.0645 27.8204 0.0869 1.4927 -12.3194 -10.8486 -1.4757 0.3111 0.8536
-430.6899 97.8792 -5.4968 -0.4195 3.9706 13.5349 -0.8114 -0.4835 -0.3589 -1.1290 -4.9285 -1.2171 -4.8345 8.9576 -5.4342 3.8312 -2.8794 1.0930 -3.0594 -3.6843 -7.0203 2.0609 -19.2287 -11.2354 0.0109 0.1065 0.0027 0.5972 -10.5116 -3.8845 -0.5724 -10.5123 3.8674 -18.1568 9.8724 -18.7865 -48.2985 -3.7880 -17.2591 0.7059 0.0374 -31.4347 0.7351 -2.6867 0.2049 -15.2359 11.1420 16.2550 -60.6533 1.6745 2.5392 19.9314 11.6399 12.1580 54.3373 0.5111 2.1412 -0.0320 0.1205 24.2306 -0.2767 -8.0569 5.8372 15.5464 7.0947 -15.8630 49.2203 -3.6888 -4.7860 11.1279 -10.7227 16.5811 -0.1895 30.7624 -1.1528 -6.7098 -10.4742 11.9030 1.7771 -2.4648 -2.0161 5.2047 -18.6588 -24.6370 -0.0230 26.0974 -0.2254 0.5131 -12.7169 -12.8352 -1.4794 0.1385 0.8375
-434.0008 97.8928 -5.3956 -0.7267 4.2819 15.9086 -0.5501 -0.7623 -0.4047 -0.9493 -5.1030 -1.5509 -4.2838 8.8545 -5.6766 4.2170 -2.2460 1.0912 -3.2664 -3.7243 -7.6817 1.7584 -18.5829 -11.4569 0.0129 0.0908 0.0019 0.5998 -10.5238 -3.8830 -0.5704 -10.5019 3.8649 -17.9814 9.8892 -19.0225 -49.2526 -3.6400 -20.0877 0.7271 0.0128 -32.4551 0.1332 -3.5817 -0.3691 -15.1903 11.1136 16.2464 -60.4869 1.5937 2.5916 20.1161 11.7064 11.5460 54.5462 0.6302 -0.4716 -0.0648 0.1376 22.5013 0.1202 -9.7008 5.2356 15.5940 7.1791 -15.8950 49.4106 -3.7042 -4.7029 7.3599 -8.9267 16.1622 -0.0934 34.8837 -1.0730 -6.0417 -13.0446 11.6223 1.7989 -2.6293 -2.0570 7.6149 -17.6213 -25.1307 -0.0976 24.7499 -0.4899 -0.6746 -13.1926 -14.4790 -1.4836 0.0798 0.8127
-437.2395 97.7297 -5.3774 -0.9534 4.6301 18.2985 -0.3498 -1.1438 -0.4699 -0.7944 -5.3100 -1.9524 -3.7905 8.7616 -5.8514 4.5992 -1.6511 1.0058 -3.4532 -3.7796 -8.2928 1.3966 -17.9943 -11.7463 0.0082 0.0764 -0.0158 0.5950 -10.5254 -3.8926 -0.5748 -10.4820 3.8434 -18.1835 9.9440 -19.3024 -49.6954 -3.2146 -22.6623 0.6430 -0.0449 -33.3946 -0.2896 -4.3147 -0.6994 -15.2055 11.0809 16.2443 -60.3975 1.5345 2.6070 20.4389 11.6945 10.8577 54.7407 1.0050 -3.0339 -0.1134 0.1349 21.0307 0.5354 -10.6889 4.5913 15.6032 7.2698 -15.9759 49.5949 -3.7224 -4.6751 3.5764 -6.2917 14.8885 0.0142 36.8141 -0.7312 -6.1534 -14.6014 10.6787 1.8338 -2.8827 -2.1010 10.0103 -17.1015 -25.5548 -0.1522 23.8834 -0.7037 -2.2694 -13.7539 -15.9678 -1.4830 0.1704 0.7877
-440.3902 97.4038 -5.3408 -1.1290 4.9498 20.7646 -0.1745 -1.5917 -0.5676 -0.6854 -5.5311 -2.3846 -3.3896 8.7001 -6.0043 4.9004 -1.0092 0.8345 -3.6056 -3.8126 -8.8751 1.0307 -17.6021 -12.1425 0.0000 0.0729 -0.0381 0.5834 -10.5090 -3.9075 -0.5798 -10.4494 3.8190 -18.6392 10.0280 -19.6197 -49.8056 -2.7206 -24.7970 0.4829 -0.0882 -34.0493 -0.6042 -4.7357 -0.7376 -15.3270 11.0664 16.2555 -60.4765 1.5276 2.6141 20.8930 11.6659 10.0221 54.9430 1.6682 -5.3594 -0.2374 0.1100 19.9161 0.8954 -10.8911 3.9934 15.6016 7.3558 -16.0950 49.7774 -3.7803 -4.6980 -0.0862 -3.1633 12.7411 0.0771 36.6169 -0.2215 -7.8138 -15.2080 7.6134 1.8668 -3.1463 -2.1293 12.4208 -16.9871 -25.8419 -0.2046 23.4154 -0.8810 -4.3518 -14.1964 -17.4767 -1.4779 0.2999 0.7860
-443.6879 97.0466 -5.4483 -1.2892 5.2032 23.3340 0.0001 -2.0734 -0.7445 -0.6152 -5.7394 -2.7610 -3.1266 8.6616 -6.2604 5.1466 -0.2586 0.6787 -3.7425 -3.7780 -9.3989 0.6380 -17.4703 -12.7521 0.0061 0.0803 -0.0166 0.5774 -10.4777 -3.8847 -0.5628 -10.4268 3.8378 -19.1212 10.0351 -19.9630 -49.8405 -2.0411 -26.4642 0.3495 -0.0211 -34.4304 -0.8956 -4.9578 -0.5651 -15.4993 11.0495 16.2818 -60.5713 1.5555 2.5442 21.4375 11.6806 9.0884 55.2169 2.6614 -7.3211 -0.3882 0.0915 19.2042 1.0439 -10.9388 3.5524 15.5472 7.3773 -16.1919 49.8448 -3.9121 -4.7916 -3.6003 0.1183 9.6740 0.0632 34.2073 0.3338 -11.1119 -14.6547 1.9437 1.8966 -3.1930 -2.1618 14.8947 -17.0712 -26.3107 -0.2567 23.0839 -1.0035 -6.7610 -14.2233 -18.9782 -1.4805 0.2418 0.7471
-447.1459 96.6350 -5.6059 -1.6726 5.3777 25.6636 0.1500 -2.5184 -0.8377 -0.5637 -5.9099 -3.1390 -2.8197 8.6709 -6.5693 5.3514 0.4269 0.5881 -3.9044 -3.7798 -9.9716 0.3968 -17.2745 -13.3291 -0.0123 0.0874 -0.0547 0.5431 -10.4650 -3.9155 -0.5664 -10.4125 3.7991 -19.3290 10.0838 -20.1193 -50.0923 -1.5388 -27.3606 0.2201 0.0246 -34.6567 -1.0301 -5.2743 -0.4358 -15.6383 11.0839 16.3167 -60.7263 1.6004 2.4953 22.1260 11.9580 8.2835 55.5230 3.3155 -9.1711 -0.3533 0.0729 18.6759 1.1849 -10.7369 3.0488 15.4339 7.4349 -16.3051 49.8619 -3.9611 -4.9733 -6.2993 3.0904 6.6703 0.0217 29.8701 0.6854 -15.1730 -13.1041 -5.7350 1.8490 -3.3994 -2.1028 17.5283 -16.9961 -26.7620 -0.3379 22.4632 -1.1753 -8.9716 -13.6338 -19.6744 -1.4518 0.0002 0.8106
-450.7907 96.3211 -5.9335 -2.1013 5.5374 27.7005 0.1912 -2.8367 -0.8939 -0.5702 -6.0131 -3.4963 -2.6467 8.6558 -6.8633 5.7775 0.9082 0.4927 -4.0477 -3.7850 -10.3886 0.2458 -17.0111 -13.8448 -0.0311 0.0863 -0.0989 0.5101 -10.4924 -3.9592 -0.5714 -10.4349 3.7597 -19.1294 10.2381 -20.2103 -50.3800 -1.0992 -27.6720 0.1933 0.0276 -34.7432 -0.9547 -5.9079 -0.5201 -15.7683 11.1256 16.2930 -60.9249 1.6324 2.4229 23.0233 12.3732 7.5902 55.9772 3.4657 -10.7514 -0.2927 0.0493 17.8625 1.4550 -10.7961 2.7276 15.3485 7.4916 -16.3760 49.8196 -3.9359 -5.2761 -8.1378 5.2604 4.3847 0.0362 24.8501 0.7922 -18.7357 -10.7293 -12.5519 1.7174 -3.9770 -2.0690 20.2006 -16.9208 -27.1560 -0.4166 21.4209 -1.4178 -11.0557 -12.1162 -19.9191 -1.4278 -0.5465 0.8833
-454.9209 96.1115 -6.6246 -2.3612 5.7174 29.4837 -0.0494 -2.9203 -1.0029 -0.6769 -6.0049 -3.7856 -2.7026 8.6099 -7.1213 6.6698 1.0922 0.2957 -4.1623 -3.8462 -10.7181 0.2407 -16.7347 -14.3059 -0.0364 0.0762 -0.1320 0.4905 -10.5378 -3.9949 -0.5622 -10.4909 3.7293 -18.6385 10.5099 -20.4315 -50.4415 -0.7803 -27.1760 0.1391 -0.0144 -34.5976 -0.7472 -6.6074 -0.6601 -15.7697 11.1716 16.2533 -61.0573 1.7149 2.3756 24.2094 12.6293 6.9258 56.5514 3.1166 -12.0285 -0.2580 0.0311 16.6492 2.0533 -11.0736 2.3588 15.3290 7.4775 -16.3518 49.6867 -3.9790 -5.5067 -9.2581 6.2270 3.0677 0.0667 20.5486 0.8230 -18.6035 -7.7652 -15.8715 1.6391 -5.0405 -2.0639 22.8303 -17.3105 -27.6804 -0.4879 20.4120 -1.6776 -13.1862 -9.3205 -19.6207 -1.4160 -1.3613 0.9789
-459.6115 95.9357 -7.5871 -2.4875 5.8612 30.7230 -0.5170 -2.5573 -1.1893 -0.8619 -5.9172 -3.9686 -2.9393 8.5583 -7.2015 7.9570 0.9374 -0.0944 -4.2076 -3.9376 -10.8394 0.4167 -16.7026 -14.5444 -0.0277 0.0709 -0.1564 0.4958 -10.5447 -4.0186 -0.5494 -10.5210 3.7023 -17.8960 11.0329 -20.7353 -50.1040 -0.8071 -26.1238 -0.0011 -0.0324 -34.0029 -0.4132 -7.1273 -0.6874 -15.6999 11.1922 16.2376 -61.1108 1.8239 2.4129 25.2672 12.5512 6.4026 57.4837 2.6129 -12.4662 -0.3474 0.0723 15.1548 2.8766 -11.2140 1.7158 15.3854 7.3829 -16.1621 49.6048 -3.9963 -5.4690 -9.6844 5.8097 2.7622 -0.0093 18.7293 0.9494 -10.1955 -6.2812 -15.0972 1.8304 -7.5962 -2.0893 25.5121 -18.5939 -28.7887 -0.6286 20.6856 -1.9724 -15.2583 -5.0670 -18.7295 -1.4186 -2.5828 1.1079
-464.5654 95.6322 -8.8381 -2.8085 5.8498 30.5956 -0.9872 -1.7148 -1.2140 -1.0109 -5.7426 -3.9780 -3.3120 8.5670 -7.0084 9.3276 0.4342 -0.6905 -4.0228 -4.0241 -10.6846 0.6970 -17.0227 -14.4568 -0.0275 0.0559 -0.1970 0.5307 -10.5392 -4.0604 -0.5828 -10.5510 3.6681 -17.0436 11.7136 -20.8175 -49.2411 -0.7219 -25.3143 -0.0088 -0.0346 -32.6874 0.1256 -7.3777 -0.3544 -15.5114 11.0686 16.1480 -60.9794 1.7888 2.5990 25.6310 12.2473 6.2269 59.0369 2.0683 -11.7296 -0.4114 0.1630 13.6315 3.8068 -10.9275 0.6509 15.5317 7.2982 -15.9464 49.7354 -3.8610 -5.1988 -9.4761 4.7031 2.8089 -0.0795 18.5629 0.8646 2.5200 -10.4684 -10.5930 2.0114 -8.3529 -2.0407 28.6096 -20.9354 -30.7709 -0.8155 23.6836 -2.4585 -16.3509 1.3312 -15.8655 -1.4661 -5.1900 1.2407
-469.3925 95.2338 -10.0871 -2.8337 5.5593 28.9154 -1.6586 -0.8748 -0.9394 -1.1786 -5.3809 -3.7682 -3.8396 8.6777 -6.6869 10.2758 0.1101 -1.1935 -3.8851 -4.0760 -10.2483 1.1917 -17.4160 -14.2000 -0.0133 0.0491 -0.2099 0.5876 -10.5455 -4.0878 -0.6114 -10.5897 3.6694 -16.6501 12.0513 -20.4459 -48.1285 0.0470 -24.2175 -0.0989 -0.0278 -30.9986 1.0979 -6.5157 0.2354 -15.4694 10.7826 16.1412 -60.7909 1.5109 2.9343 25.2297 12.3159 6.6948 60.9610 1.7130 -9.3713 -0.5163 0.1890 12.8169 4.2774 -9.5803 -0.2267 15.5345 7.2681 -15.7591 49.8843 -3.5749 -5.0444 -9.3596 3.8469 2.6258 -0.0538 17.2931 0.6646 9.3254 -16.5254 -5.3964 1.9178 -4.5388 -1.9881 30.8333 -24.3172 -32.7275 -0.9050 29.1133 -2.8833 -14.0285 9.1748 -10.1942 -1.5394 -7.9464 1.3013
-473.7840 95.0363 -11.0381 -1.9040 4.7472 26.6650 -2.7421 -0.0983 -0.7010 -1.4252 -4.8616 -3.2724 -4.7625 8.7898 -6.4887 10.8001 0.1480 -1.2832 -3.6346 -4.0375 -9.8624 1.5759 -17.6329 -13.7895 -0.0084 0.0742 -0.2186 0.6144 -10.5450 -4.1134 -0.6254 -10.5766 3.6737 -17.3202 12.3395 -19.9677 -46.5868 1.0504 -22.5305 -0.2295 -0.0976 -28.5801 1.9441 -5.6481 0.8638 -15.7857 10.7442 16.0282 -60.8511 1.5910 2.7963 24.9917 12.4456 7.2241 61.9325 1.7359 -6.4491 -0.3290 0.1564 13.2945 4.3592 -7.6329 -0.3897 15.4773 7.1765 -15.7106 49.6748 -3.6312 -4.9183 -9.9433 3.5087 1.9368 0.1382 15.5255 0.3754 10.9323 -20.8681 -0.0996 1.7706 -0.9775 -2.0985 30.5136 -27.7559 -34.0857 -0.6060 35.0054 -2.6634 -1.7122 15.9564 1.3578 -1.4931 -6.0006 1.1034
-477.7403 95.1383 -11.7913 -0.2949 3.7896 24.6895 -3.8914 0.4744 -0.6103 -1.6980 -4.5956 -2.7372 -6.1851 9.1554 -6.4294 11.1514 0.2923 -1.3296 -3.5644 -3.9404 -9.5906 1.8886 -17.6042 -13.7692 0.0023 0.0929 -0.1804 0.5981 -10.5507 -4.0849 -0.5863 -10.5662 3.7132 -18.1984 12.6087 -19.5801 -45.3742 1.7896 -20.4277 -0.4069 -0.1246 -25.4886 2.0144 -4.6695 1.5786 -15.9535 10.7953 15.9241 -60.8743 1.7224 2.5551 25.2950 13.0229 7.7413 62.0763 1.4603 -4.1417 -0.0761 0.0951 15.2591 4.2090 -5.8001 -0.2078 15.4491 7.1828 -16.0342 49.6086 -3.8366 -4.8572 -10.3803 2.6170 2.0728 0.2339 16.0211 0.1780 9.7291 -21.8296 3.5122 1.7145 -0.1149 -2.1754 27.8182 -30.3715 -34.2557 -0.2126 38.7771 -1.7921 20.2111 15.7626 16.0423 -1.0657 -2.3485 1.0653
-481.6597 95.4918 -12.3706 0.2860 3.2405 23.1534 -4.3065 0.8135 -0.5466 -1.7890 -4.5324 -2.3056 -6.7842 9.4238 -6.3012 10.7636 0.2711 -1.3332 -3.5007 -3.8002 -9.4502 2.0459 -17.5361 -13.6205 0.0113 0.0985 -0.1452 0.5723 -10.5698 -4.0615 -0.5419 -10.5674 3.7546 -18.7833 12.6991 -19.0243 -45.4588 2.6371 -18.6056 -0.4600 -0.0498 -22.9232 1.0595 -3.8975 2.3530 -15.9790 10.8104 15.8453 -60.8309 1.8223 2.2327 25.3449 13.6683 8.1906 61.7197 1.7214 -1.8002 0.1503 0.1149 17.6752 4.3081 -5.2353 0.6327 15.5879 7.2124 -16.3486 49.8318 -3.9341 -4.9140 -9.1805 1.1323 3.4291 0.2257 17.5339 -0.0202 7.6745 -21.9813 5.0907 1.6951 0.4767 -2.1242 26.2119 -30.9697 -35.3705 -0.3060 40.9626 -1.7714 24.2524 9.8953 14.8332 -0.9933 -2.1120 0.9954
-485.1290 96.1237 -12.8697 0.1402 3.1846 21.4663 -4.2812 0.8993 -0.5087 -1.7212 -4.5469 -1.8721 -6.6493 9.4754 -5.9661 9.9421 0.0571 -1.2227 -3.4192 -3.7094 -9.2396 2.1306 -17.5366 -13.2927 0.0056 0.1035 -0.1473 0.5620 -10.5613 -4.0600 -0.5433 -10.5567 3.7498 -19.2879 12.7013 -18.2217 -46.3446 3.3940 -16.7571 -0.5910 0.0570 -21.5219 -0.4770 -3.0214 2.9744 -15.9859 10.6970 15.7795 -60.7453 1.8149 2.0793 25.3113 13.7356 8.7271 60.6750 2.4955 0.4079 0.2197 0.1974 19.4569 4.5329 -4.6472 1.4746 15.6761 7.2296 -16.5670 50.1137 -3.9610 -5.0421 -7.1590 -0.4397 4.8131 0.2017 18.2484 -0.1366 5.6400 -21.2083 6.0538 1.6834 0.7602 -2.0259 24.9485 -30.9785 -36.7651 -0.6459 42.5682 -2.1175 19.5576 3.4211 5.7623 -1.2402 -2.0102 0.9335
-488.3177 96.9621 -13.2823 -0.2259 3.3949 19.6038 -4.1191 0.8293 -0.4809 -1.5712 -4.5820 -1.5109 -6.1330 9.4256 -5.4535 9.0602 -0.3240 -1.0502 -3.2858 -3.6817 -8.9171 2.1637 -17.5738 -12.8139 0.0073 0.1085 -0.1147 0.5719 -10.5710 -4.0236 -0.5494 -10.5701 3.7796 -19.7473 12.6964 -17.3469 -47.8349 3.6460 -14.3602 -0.5981 0.1427 -21.1544 -1.6580 -2.7858 3.4567 -15.9933 10.6439 15.7227 -60.8027 1.7826 2.0074 25.1929 13.3787 9.4299 59.2110 3.1341 2.1561 0.2275 0.2721 20.3328 4.6534 -3.4086 1.7442 15.7174 7.2144 -16.6134 50.2815 -3.9158 -5.0911 -4.9956 -1.5517 5.7665 0.1627 17.6219 -0.1857 3.9889 -19.5110 6.9207 1.6756 0.8871 -1.9609 22.8163 -31.0701 -37.2753 -0.8718 42.6761 -2.2463 14.0115 -1.8183 -2.8558 -1.4385 -1.7964 0.9332
-491.3926 97.7639 -13.5218 -0.6394 3.6831 17.9225 -3.8518 0.6877 -0.5215 -1.4114 -4.5936 -1.2094 -5.4311 9.3551 -4.9490 8.2920 -0.7537 -0.9021 -3.1271 -3.6892 -8.4346 2.1197 -17.7033 -12.2995 0.0184 0.1089 -0.0540 0.5912 -10.5808 -3.9595 -0.5457 -10.5910 3.8338 -19.9689 12.8116 -16.5117 -49.8247 3.5112 -11.7925 -0.4485 0.1873 -21.4496 -1.8553 -3.1390 3.5740 -15.9762 10.6993 15.6692 -61.0302 1.7639 2.0007 24.7841 12.8798 10.0691 57.8243 3.2023 2.9754 0.0941 0.2811 20.8498 4.2943 -2.0199 1.6259 15.7694 7.1949 -16.4847 50.3746 -3.8367 -5.0216 -2.8818 -2.1957 6.3071 0.1249 16.2153 -0.2093 2.6149 -17.3700 7.6154 1.6710 1.0548 -1.9195 19.4392 -31.5607 -36.3735 -0.8911 41.6920 -2.0110 10.3275 -4.4836 -7.6666 -1.4872 -1.9731 0.9644
-494.1437 98.3443 -13.6323 -0.9836 3.8659 16.6648 -3.5005 0.5292 -0.5938 -1.2618 -4.5539 -0.9796 -4.6787 9.3469 -4.5529 7.6164 -1.1229 -0.7941 -2.9607 -3.7131 -7.9306 2.0364 -17.8136 -11.8710 0.0327 0.1043 -0.0024 0.6059 -10.5783 -3.9053 -0.5317 -10.6034 3.8752 -19.8163 13.0560 -15.7339 -52.1148 3.5491 -9.9351 -0.1890 0.1955 -22.0855 -1.4194 -3.6927 3.2320 -15.9718 10.7888 15.6417 -61.2912 1.7837 1.9749 23.9059 12.3971 10.5145 56.8535 2.5974 2.5030 -0.0755 0.2604 21.6335 3.3329 -1.5483 1.4564 15.7644 7.1706 -16.2297 50.3146 -3.7361 -4.8406 -0.7948 -2.6212 6.8019 0.0804 14.9608 -0.2691 1.1059 -15.5300 8.1088 1.6683 1.3109 -1.8920 14.3967 -32.4596 -33.4503 -0.6707 40.3274 -1.4208 8.5364 -4.8945 -9.3717 -1.4768 -1.9603 0.9841
-497.1657 98.6008 -13.6335 -1.1193 3.8711 15.9059 -3.1365 0.3812 -0.5908 -1.1358 -4.4980 -0.8563 -4.0088 9.4376 -4.2674 6.9935 -1.3805 -0.6803 -2.8468 -3.7237 -7.5502 1.9939 -17.7385 -11.6090 0.0346 0.1008 0.0047 0.6066 -10.5693 -3.8974 -0.5294 -10.6016 3.8784 -19.5429 13.2823 -15.0977 -54.1533 4.0923 -9.1633 0.0454 0.1838 -22.7455 -0.9157 -3.7353 2.6755 -15.9872 10.8119 15.6008 -61.4173 1.7873 1.9340 22.8869 12.0010 10.8846 56.0836 1.8253 1.3368 -0.2043 0.2218 22.8276 2.1460 -2.0693 1.5152 15.7660 7.2015 -16.0811 50.2027 -3.6455 -4.6714 1.2121 -3.1832 7.4377 0.0410 14.6326 -0.3270 -0.7975 -14.5068 8.3857 1.6627 1.5684 -1.9065 7.2257 -33.2091 -27.7054 -0.3164 38.5698 -0.7069 7.4568 -3.9450 -9.6403 -1.4671 -1.5860 0.9578
-500.2522 98.4732 -13.5821 -0.9470 3.6869 15.6439 -2.8694 0.2636 -0.5617 -1.0309 -4.4290 -0.7343 -3.5310 9.5682 -4.1148 6.5225 -1.4588 -0.4759 -2.8533 -3.7582 -7.4430 1.9959 -17.5057 -11.5343 0.0240 0.1093 -0.0172 0.6029 -10.5359 -3.9150 -0.5490 -10.5664 3.8531 -19.3808 13.3971 -14.6560 -55.5622 5.0096 -9.2193 0.1988 0.1637 -23.2279 -0.6436 -3.3888 2.1311 -15.9392 10.8180 15.6257 -61.3600 1.7933 1.9659 22.0429 11.7288 11.1675 55.3229 1.0604 0.0729 -0.3373 0.1970 24.0494 0.9907 -2.9006 1.5999 15.8096 7.2311 -15.9914 50.1147 -3.5422 -4.5318 3.0784 -4.1600 8.2879 0.0335 15.6570 -0.3447 -2.9979 -14.3790 8.3181 1.6618 1.7613 -1.9443 -1.7477 -32.4654 -19.2975 0.1160 35.9028 0.0992 5.8643 -2.7689 -10.0249 -1.4639 -1.0672 0.9230
-503.3973 98.0124 -13.3451 -0.5283 3.3208 15.7426 -2.6726 0.1991 -0.4963 -0.9508 -4.3764 -0.6455 -3.3166 9.7269 -4.0283 6.1780 -1.2533 -0.1983 -2.9682 -3.7994 -7.5153 2.0274 -17.2636 -11.6806 0.0154 0.1207 -0.0260 0.6066 -10.5114 -3.9188 -0.5721 -10.5359 3.8425 -19.2987 13.5123 -14.4012 -56.3994 5.7738 -9.5894 0.2624 0.1332 -23.4727 -0.4463 -2.8251 1.8049 -15.8995 10.8421 15.6941 -61.2207 1.8034 2.0780 21.4448 11.6259 11.3912 54.6940 0.2142 -1.0577 -0.4620 0.1646 24.8114 -0.1518 -3.6858 1.7593 15.8656 7.2485 -15.9702 50.0578 -3.4873 -4.4604 4.8743 -5.6447 9.3492 0.0430 18.0634 -0.3613 -5.3418 -14.8512 7.7428 1.6638 1.8143 -1.9739 -10.7064 -29.3098 -10.2812 0.4167 32.4308 0.7936 3.4562 -1.9803 -11.2296 -1.4749 -0.6172 0.9309
-506.6814 97.2658 -13.0253 -0.0838 2.8537 16.0647 -2.3999 0.1543 -0.4457 -0.8816 -4.3404 -0.5732 -3.2600 9.8495 -3.9319 5.8171 -0.8175 0.0361 -3.1012 -3.8480 -7.6399 2.0251 -16.9095 -11.9383 0.0178 0.1186 0.0032 0.6187 -10.5056 -3.8871 -0.5816 -10.5231 3.8675 -19.2697 13.6539 -14.3021 -56.9151 6.1656 -9.9031 0.2782 0.1206 -23.5134 -0.3048 -2.1014 1.6762 -15.8743 10.8474 15.7735 -61.1242 1.8012 2.2388 20.9780 11.6594 11.4733 54.2634 -0.7393 -2.0100 -0.5510 0.1511 24.9279 -1.2450 -4.3653 2.0638 15.9041 7.2916 -16.0107 50.1194 -3.4490 -4.3662 6.8852 -7.6071 10.5487 0.0334 21.4311 -0.4413 -7.7935 -15.5409 6.5898 1.6601 1.7652 -1.9699 -17.8295 -24.3271 -3.0777 0.4175 28.8360 1.1905 -0.3189 -1.4452 -13.2193 -1.5311 -0.4520 0.9548
-510.1940 96.1956 -12.5806 0.2625 2.3770 16.3888 -2.0083 0.1366 -0.3315 -0.8026 -4.3167 -0.5188 -3.2405 9.9374 -3.8715 5.2940 -0.2975 0.2719 -3.1770 -3.9134 -7.7438 1.9047 -16.6043 -12.1530 0.0269 0.1023 0.0567 0.6309 -10.5151 -3.8286 -0.5774 -10.5258 3.9132 -19.3172 13.7650 -14.3389 -57.2315 6.1810 -10.0436 0.2983 0.1012 -23.4494 -0.3474 -1.5614 1.7500 -15.8574 10.8432 15.8211 -61.1452 1.8267 2.3252 20.5276 11.8447 11.5253 53.9488 -1.8851 -2.8891 -0.4651 0.1615 24.5665 -2.1599 -4.9912 2.5231 15.9314 7.3972 -16.1266 50.2962 -3.4011 -4.2033 9.2834 -9.9711 11.6498 -0.0231 25.3075 -0.5787 -10.3637 -16.1387 5.0704 1.6520 1.7271 -1.9200 -22.7997 -19.1349 1.4663 0.2163 26.0154 1.2789 -4.3364 -0.2265 -15.0072 -1.6346 -0.5740 0.9647
-513.8666 94.9048 -11.9455 0.5558 2.0400 16.4759 -1.5615 0.1359 -0.1822 -0.7355 -4.3119 -0.4194 -3.2169 9.9905 -3.8129 4.5902 0.1560 0.5478 -3.1534 -3.9679 -7.8315 1.6646 -16.5841 -12.2615 0.0370 0.0790 0.1029 0.6454 -10.5334 -3.7818 -0.5736 -10.5360 3.9546 -19.6025 13.6260 -14.4975 -57.1703 6.1096 -10.0746 0.2913 0.0946 -23.4117 -0.5296 -1.3568 2.0934 -15.8524 10.8113 15.8187 -61.2199 1.8542 2.3442 20.2611 12.1390 11.6847 53.5022 -3.1089 -3.6752 -0.2581 0.1595 24.0279 -2.6820 -5.5153 2.9469 15.9653 7.5126 -16.2629 50.5431 -3.3436 -4.0155 11.9051 -12.4868 12.3341 -0.1131 29.0047 -0.7007 -13.1208 -16.3880 3.6918 1.6499 1.8046 -1.8608 -26.1961 -15.5302 3.4696 0.0932 24.9274 1.3265 -5.8030 2.1574 -14.8611 -1.7145 -0.6822 0.9954
-517.7895 93.5482 -11.1793 0.9050 1.9341 16.2601 -1.2227 0.1537 -0.0438 -0.6973 -4.3252 -0.3121 -3.2513 10.0725 -3.7986 3.9318 0.4387 0.8612 -3.0829 -3.9863 -7.8234 1.3259 -17.0584 -12.1252 0.0418 0.0625 0.1044 0.6667 -10.5584 -3.7906 -0.5875 -10.5431 3.9627 -20.1336 13.2871 -14.6471 -56.4632 5.9703 -10.1721 0.2674 0.1048 -23.4488 -0.4995 -1.4220 2.6715 -15.9406 10.7481 15.7922 -61.3498 1.7807 2.4304 20.2945 12.5233 12.1948 52.8204 -4.3377 -4.2008 0.0608 0.1592 23.4550 -2.6869 -6.1048 3.3316 15.9770 7.4866 -16.2357 50.6014 -3.3225 -3.9546 14.6399 -14.7276 12.4188 -0.2232 31.6732 -0.7756 -16.3845 -16.0661 2.9789 1.6424 2.1061 -1.8294 -28.6528 -14.1359 3.7798 0.2470 25.8350 1.6827 -0.4103 4.5283 -10.7533 -1.7115 -0.7622 1.1279
-522.0156 92.4215 -10.3636 1.4563 2.1691 15.9645 -1.2281 0.1450 0.1374 -0.7564 -4.3743 -0.3411 -3.4705 10.1753 -3.8046 3.6774 0.3628 1.0226 -3.0169 -3.8796 -7.5987 0.9385 -17.7311 -11.8775 0.0401 0.0701 0.0887 0.6973 -10.5866 -3.8296 -0.6232 -10.5480 3.9701 -20.7840 13.0010 -14.7935 -54.8958 5.3271 -9.8492 0.1710 0.1424 -23.7245 -0.2336 -1.1084 3.0511 -16.1051 10.6054 15.7549 -61.4034 1.5880 2.5006 20.8171 12.8770 13.0144 52.1975 -5.6952 -4.6764 0.4854 0.0953 22.5714 -2.3999 -7.0037 3.7276 15.9109 7.3259 -16.1293 50.4575 -3.4350 -4.2084 17.2674 -16.1365 12.0008 -0.3311 32.0887 -0.8494 -19.9808 -14.2509 2.9545 1.6298 2.2758 -1.7708 -29.8857 -14.4530 3.1192 0.5239 27.6188 2.2003 12.8062 2.9660 -3.4897 -1.6420 -2.4342 1.3275
-527.3065 91.8192 -9.3425 1.9468 2.7494 15.8969 -1.4140 -0.0272 0.1823 -0.9187 -4.3636 -0.2846 -3.7713 10.1548 -3.8186 3.6397 0.2083 0.9649 -2.9967 -3.7312 -7.2342 0.8167 -17.8081 -11.9523 0.0394 0.0785 0.1108 0.6880 -10.6098 -3.8274 -0.6164 -10.5673 4.0158 -21.3076 12.7014 -14.9446 -52.8654 4.1289 -8.7435 0.0571 0.2208 -24.5191 0.2267 -0.6649 2.8124 -16.1289 10.5143 15.7224 -61.3180 1.4428 2.3750 21.3995 13.0105 13.7672 52.3361 -6.5537 -4.8810 0.5523 0.0742 21.3263 -2.0498 -7.6386 3.8566 15.8492 7.3123 -16.1564 50.3809 -3.4931 -4.4357 20.0246 -16.5638 11.5758 -0.4614 29.3633 -1.0027 -23.0703 -9.9311 2.7555 1.6804 1.9558 -1.6905 -28.4737 -16.4627 0.6406 0.6191 29.2808 2.2086 20.7784 -4.0424 -1.0532 -1.5554 -2.6324 1.3282
-533.1468 91.8530 -8.5171 2.1695 3.6739 16.6240 -1.4452 -0.1919 -0.0331 -1.2377 -4.4205 -0.1057 -4.1144 9.8918 -3.7868 3.6774 0.2376 0.9635 -2.9241 -3.6173 -7.5209 0.8892 -17.2844 -12.1489 0.0323 0.0925 0.1137 0.6380 -10.5796 -3.8228 -0.5765 -10.5628 4.0229 -21.5558 12.1211 -15.2570 -50.7375 3.1393 -7.7345 0.4087 0.2606 -25.5231 0.8084 -1.1606 2.1756 -16.1844 10.7129 15.8939 -61.1512 1.4038 1.9408 21.8303 12.8402 13.9395 53.1376 -6.7963 -4.7709 0.6109 0.0195 19.5674 -1.6841 -7.4886 3.5766 15.5907 7.3567 -16.1408 50.3698 -3.3732 -4.6636 23.0657 -16.3308 10.9193 -0.5084 23.2628 -1.1993 -25.0968 -1.7819 1.6550 1.7515 0.4173 -1.7104 -24.6771 -19.3260 -2.8685 0.4783 31.6498 1.6610 20.5511 -11.3946 -2.5856 -1.5001 -0.5665 1.2061
-539.0030 92.3334 -7.7496 1.9629 4.8939 18.3041 -1.3501 -0.4308 -0.2666 -1.4225 -4.5891 -0.3484 -4.3386 9.6240 -3.8640 3.7708 0.2192 0.8700 -2.8386 -3.5968 -7.9005 1.0757 -16.8805 -12.4076 0.0010 0.0878 0.0108 0.5858 -10.5368 -3.9091 -0.5854 -10.5189 3.9174 -21.1310 11.5275 -15.5004 -49.3068 1.2172 -6.5191 0.5328 0.2199 -26.2566 2.1260 -1.4927 1.8740 -16.1219 10.8952 15.9370 -61.1316 1.4943 1.7842 22.0225 12.3015 13.8538 53.8456 -5.6167 -3.7653 0.6468 -0.0412 18.0547 -0.8118 -6.1913 2.6798 15.4198 7.1748 -15.9795 49.8917 -3.5314 -4.7476 25.7852 -15.2481 9.6266 -0.3789 13.8916 -1.2554 -24.5743 9.6525 1.5456 1.7614 -1.5601 -1.7246 -19.8279 -23.0258 -6.7636 0.4766 35.6990 1.4244 17.4241 -15.6790 -2.8052 -1.4725 0.7076 1.0942
-544.5390 93.1539 -7.0233 1.5283 6.0625 21.0159 -1.2093 -0.7220 -0.7232 -1.5126 -4.7966 -0.5962 -4.3638 9.3433 -4.3251 4.3806 0.4001 0.6210 -3.0635 -3.5886 -8.6064 1.1410 -16.7413 -12.7867 -0.0025 0.0776 -0.0523 0.5841 -10.4762 -3.9539 -0.5893 -10.4960 3.8345 -19.7837 11.3440 -16.0696 -49.2101 -1.0078 -5.9449 0.4366 0.1851 -26.6558 3.6726 -1.8966 1.6418 -15.7953 11.0084 15.8168 -61.0231 1.5954 1.6798 22.0238 11.8217 13.2976 54.3367 -3.5866 -2.5063 0.6686 -0.0527 17.5180 0.6782 -3.1052 1.6411 15.3453 7.0608 -15.9499 49.4589 -3.6872 -4.8856 27.4532 -14.2386 8.0528 -0.0629 4.5997 -0.9230 -18.6373 19.4223 4.1955 1.6970 -1.2126 -1.6679 -14.6206 -25.5652 -10.9044 0.4836 38.6804 1.1559 14.3073 -17.5456 -3.3787 -1.4741 0.9379 1.0400
-549.8350 94.1602 -6.1822 1.4481 6.2115 24.4336 -1.3285 -0.6177 -1.0410 -1.5679 -4.7540 -1.1806 -4.4126 9.3245 -4.8841 5.6150 0.7223 0.2969 -3.5098 -3.6832 -9.4185 1.0584 -16.8402 -13.3454 -0.0088 0.0892 -0.0893 0.5907 -10.4388 -3.9722 -0.6074 -10.4836 3.7805 -18.1694 11.5145 -17.1580 -49.1607 -1.9011 -7.6012 0.4679 0.2317 -27.1372 3.9727 -1.6782 1.9009 -15.5566 10.9698 15.7278 -60.7253 1.4823 1.7384 22.2241 11.5973 12.3731 54.4502 -1.7539 -2.0253 0.7102 -0.0729 18.2181 1.6443 -1.0635 1.6147 15.5128 7.0357 -15.8813 49.4344 -3.5977 -4.8212 26.4975 -16.0445 9.5760 -0.0018 4.5054 -0.6810 -14.1090 17.7490 6.0843 1.7154 -0.7350 -1.5832 -10.0745 -25.5033 -14.6393 0.4529 39.3349 0.9577 11.5696 -18.3104 -4.7646 -1.4683 1.1668 1.0404
-555.0509 95.2742 -5.4288 1.8551 5.5301 27.6880 -1.7208 -0.2410 -1.0352 -1.6517 -4.6197 -1.7210 -4.5479 9.5489 -5.5238 6.9008 1.1676 0.1132 -3.9663 -3.8330 -10.0985 1.0790 -16.8900 -14.2330 -0.0139 0.1017 -0.0864 0.5955 -10.5075 -3.9812 -0.6205 -10.5490 3.7977 -17.1196 11.8064 -18.1996 -48.2517 -1.5243 -11.2732 0.5585 0.2446 -27.6560 3.2149 -1.0346 2.2904 -15.5863 11.0059 15.8327 -60.6944 1.5774 1.7394 22.7392 11.5576 11.3589 54.2844 -0.3841 -2.4156 0.5082 -0.0623 19.4014 1.2488 -1.6140 2.6433 15.7861 7.0843 -15.8265 49.6286 -3.4411 -4.7164 23.2353 -19.3371 13.3279 -0.2092 13.9708 -0.7088 -12.8881 10.8782 6.4513 1.7446 -1.2506 -1.6739 -6.6609 -23.6384 -17.0320 0.3013 37.8090 0.7526 9.0094 -18.2002 -6.4029 -1.4613 1.3371 0.9759
-559.8003 96.3497 -4.7404 2.3290 4.6495 30.4527 -1.9753 0.0738 -0.9025 -1.6866 -4.6122 -2.0476 -4.6354 9.7779 -6.1530 7.7178 1.8423 0.1148 -4.2669 -3.9903 -10.8818 1.1233 -16.7609 -15.1611 -0.0055 0.0855 -0.0572 0.6135 -10.5901 -3.9659 -0.6194 -10.6320 3.8386 -16.5512 11.9574 -18.9642 -47.3434 -0.8782 -15.2936 0.6039 0.2068 -28.3452 2.3076 -0.7314 2.2932 -15.6019 10.9926 15.9115 -60.7264 1.6767 1.7328 23.0038 11.7412 10.4762 54.1760 0.6578 -3.4841 0.1059 0.0255 20.5034 0.2547 -4.0781 4.0967 15.9091 7.1047 -15.7810 49.7652 -3.3865 -4.5371 19.1412 -21.0496 16.4673 -0.4769 26.7297 -1.0278 -12.2885 3.8301 6.3601 1.7280 -1.5161 -1.8018 -3.8368 -21.1730 -18.3744 0.1225 34.9526 0.4168 6.7739 -17.4879 -8.1095 -1.4609 1.2791 0.9525
-564.1827 97.1888 -4.1676 2.6042 3.8842 32.7451 -1.9426 0.1471 -0.7870 -1.5842 -4.7565 -2.3288 -4.6348 9.9210 -6.5990 8.1616 2.5088 0.1820 -4.5262 -4.0799 -11.7054 1.0052 -16.4626 -15.8506 0.0030 0.0598 -0.0481 0.6341 -10.6081 -3.9525 -0.6222 -10.6585 3.8433 -16.4818 11.9553 -19.5371 -46.7890 -0.4438 -18.6586 0.6594 0.1391 -29.2467 1.6391 -0.9299 1.8842 -15.5253 10.8847 15.9767 -60.5316 1.5667 2.0061 23.0539 12.0194 9.7442 54.0117 1.4631 -4.9909 -0.2745 0.1216 20.9936 -0.6184 -7.4839 5.2894 15.9153 7.1477 -15.7458 49.7990 -3.3952 -4.3734 14.6994 -19.9847 19.0532 -0.6566 36.8480 -1.3601 -13.1119 -0.5621 5.3241 1.7272 -1.7476 -1.8291 -1.2797 -18.8396 -19.1851 0.0036 31.6797 0.0461 4.9214 -16.4167 -9.5069 -1.4648 1.1568 0.9652
-568.2596 97.7037 -3.7870 2.5360 3.3908 34.8632 -1.6372 -0.1274 -0.7990 -1.3968 -4.9718 -2.6205 -4.3831 9.9220 -6.9182 8.3465 3.1787 0.1893 -4.7293 -4.1314 -12.5450 0.7303 -15.9972 -16.0844 -0.0023 0.0394 -0.0712 0.6361 -10.6089 -3.9661 -0.6358 -10.6576 3.8136 -16.7392 11.9565 -19.9904 -46.7121 -0.5995 -21.2567 0.6619 0.0410 -29.9832 1.1391 -1.4626 1.2211 -15.4431 10.8203 16.0695 -60.3019 1.4316 2.3848 23.0627 12.2607 8.9945 53.6049 2.2091 -6.5070 -0.4814 0.2067 20.5428 -0.9312 -10.3385 5.8816 15.8534 7.2523 -15.7665 49.8214 -3.4619 -4.3100 10.2602 -16.6618 21.4727 -0.5948 42.8059 -1.3352 -15.6685 -2.7025 2.2172 1.7032 -1.9542 -1.7651 1.3521 -17.0789 -20.0393 -0.0663 28.7413 -0.2716 3.1736 -15.2055 -10.2745 -1.4686 0.9978 0.9633
-572.2010 97.9344 -3.6017 2.0878 3.1983 36.9511 -1.0867 -0.6337 -0.9382 -1.1550 -5.1901 -3.0916 -3.8626 9.7515 -7.2044 8.3598 3.7847 0.1196 -4.8338 -4.1025 -13.0741 0.2708 -15.6602 -16.0680 0.0005 0.0186 -0.0509 0.6375 -10.6335 -3.9367 -0.6338 -10.6838 3.8266 -17.0827 11.8888 -20.4535 -47.1543 -1.1989 -23.2296 0.6144 -0.0414 -30.3116 0.7881 -2.0723 0.5470 -15.4657 10.8381 16.1210 -60.1799 1.3390 2.5431 23.1515 12.3636 8.2720 52.8657 2.8337 -8.1836 -0.3895 0.1870 19.4733 -0.6708 -11.7774 5.8000 15.7143 7.3193 -15.8103 49.8538 -3.5742 -4.4079 6.1228 -11.8557 23.2052 -0.4618 45.0746 -1.1768 -20.7204 -3.3048 -4.6343 1.6596 -2.3788 -1.7116 4.2983 -16.4228 -21.1710 -0.1238 27.1228 -0.5107 1.3465 -13.7616 -10.4022 -1.4841 0.6683 0.9277
-576.1567 97.8099 -3.6334 1.3093 3.4077 38.8406 -0.4658 -1.2731 -1.1231 -0.8721 -5.3412 -3.5808 -3.0484 9.4881 -7.6350 8.2744 4.0486 0.0177 -4.8779 -4.1259 -13.3776 -0.0832 -15.4542 -15.8523 0.0004 0.0060 -0.0365 0.6314 -10.6343 -3.9139 -0.6294 -10.6610 3.8344 -17.2984 11.6322 -20.8212 -48.1413 -2.1649 -24.5462 0.4341 -0.0684 -30.1986 0.6699 -2.6500 0.1080 -15.4177 11.0151 16.2124 -60.2866 1.3677 2.6564 23.4702 12.4024 7.7489 51.8618 2.9960 -9.9681 -0.1913 0.1647 18.1230 -0.1151 -11.8289 5.2134 15.5828 7.3872 -15.8586 49.9108 -3.5905 -4.4832 2.2980 -6.4006 23.2810 -0.2991 43.4475 -0.9164 -27.5250 -3.0913 -15.9922 1.5488 -2.6588 -1.6551 7.5898 -17.1690 -22.3207 -0.1843 27.2105 -0.6793 -0.3054 -12.1715 -9.7807 -1.4721 0.1914 0.9291
-580.4091 97.5419 -4.0165 0.3710 3.9463 40.3714 0.0003 -1.8135 -1.2402 -0.5953 -5.4904 -4.1294 -2.0326 9.3516 -8.0385 8.3539 3.7678 -0.1634 -4.9533 -4.0817 -13.2307 -0.2641 -15.4648 -15.8421 0.0007 -0.0080 -0.0301 0.6216 -10.6348 -3.9016 -0.6195 -10.6405 3.8367 -17.2529 11.4927 -21.2028 -49.1533 -3.0799 -25.8184 0.3675 -0.0775 -29.8839 0.7067 -3.2425 -0.2041 -15.4530 11.2275 16.2788 -60.5988 1.4304 2.6007 24.0974 12.4250 7.4351 50.7457 2.5734 -11.7052 0.1305 0.0776 16.9079 0.5015 -11.1947 4.6851 15.4859 7.4981 -15.9268 50.0297 -3.4665 -4.6628 -1.9029 -1.6474 21.4945 -0.1772 39.2760 -0.5941 -30.8069 -2.6709 -24.9318 1.2873 -2.7989 -1.6297 11.0205 -19.0495 -23.1069 -0.2195 28.2879 -0.9349 -1.7031 -10.1109 -8.5532 -1.4592 -0.5963 0.9888
-585.0677 97.1346 -4.6692 -0.5494 4.7011 41.5099 0.1983 -2.1554 -1.3192 -0.3999 -5.6051 -4.6371 -1.0092 9.2978 -8.2965 8.8486 3.1633 -0.4098 -4.9922 -4.0294 -12.9915 -0.3992 -15.6488 -15.6419 -0.0061 -0.0165 -0.0714 0.6004 -10.6527 -3.9463 -0.6119 -10.6512 3.8009 -16.9065 11.5674 -21.6026 -49.9830 -3.6642 -27.1245 0.4834 -0.0540 -29.5551 0.6450 -3.7783 -0.3510 -15.5413 11.3089 16.3178 -60.8319 1.4739 2.5262 25.0458 12.2660 7.1672 49.7749 1.8643 -12.9542 0.3414 0.0138 15.8505 1.2814 -10.9542 4.2447 15.3544 7.5926 -16.0222 49.9753 -3.4615 -4.9053 -6.6102 1.3868 17.6598 -0.0482 34.0647 -0.0229 -28.0045 -0.7967 -27.0235 1.1300 -3.2087 -1.6256 14.5098 -21.2947 -23.3593 -0.2411 28.7979 -1.2138 -3.1464 -7.5362 -7.0971 -1.4556 -1.4902 1.1166
-589.7226 96.5881 -5.5244 -1.4344 5.5647 42.3489 0.1626 -2.3134 -1.2873 -0.3431 -5.6546 -5.0806 -0.1199 9.3290 -8.4082 9.8446 2.4806 -0.6701 -4.9425 -4.0469 -12.7627 -0.5124 -16.0380 -15.2742 -0.0109 0.0002 -0.1099 0.5742 -10.6816 -3.9960 -0.5953 -10.6725 3.7723 -16.0843 11.7662 -21.8915 -50.6555 -4.2138 -28.0170 0.4559 -0.0314 -29.3815 0.2930 -3.9252 -0.4279 -15.6596 11.3001 16.3407 -60.8541 1.5245 2.4516 26.1325 11.9177 7.0319 49.2712 1.2080 -13.4722 0.4819 -0.0207 14.9862 2.0622 -11.3695 3.6418 15.2508 7.6288 -16.0157 49.7685 -3.6070 -5.0909 -11.1819 2.2855 12.2466 0.0648 28.9715 0.9256 -16.5887 3.1152 -23.1070 1.2550 -5.3743 -1.6793 18.2646 -23.5595 -23.5357 -0.3310 28.3385 -1.4162 -5.3151 -4.5181 -5.9275 -1.4568 -2.0804 1.2555
-595.1551 95.8714 -6.5927 -2.7184 6.3739 42.9670 0.1876 -2.0596 -1.4362 -0.2646 -5.7437 -5.3163 0.4616 9.5011 -8.3005 11.3747 1.8833 -1.1205 -4.7197 -4.0876 -12.4984 -0.4402 -16.5115 -14.8181 -0.0279 -0.0094 -0.2026 0.5862 -10.6262 -4.0684 -0.6417 -10.6301 3.6701 -14.8305 12.4136 -21.8961 -50.8216 -5.0696 -28.6339 0.1961 0.0528 -29.3296 -0.0956 -4.6790 -0.2090 -15.8363 11.0560 16.2063 -60.6858 1.4805 2.6785 27.0843 11.3913 7.0578 49.6843 0.9583 -12.9697 0.4282 0.0800 14.3811 2.7733 -12.0840 2.5343 15.4335 7.6672 -15.9096 49.9825 -3.6201 -5.0182 -14.3745 1.3905 6.6081 -0.0623 25.6991 1.7463 11.2327 2.5665 -9.9233 1.9008 -16.5611 -1.8607 23.0917 -25.7277 -25.2756 -0.4900 28.0383 -1.6983 -7.9102 -0.1896 -3.7795 -1.4538 -2.3768 1.3231
-600.9174 94.7319 -7.6074 -3.9641 6.1847 42.5444 0.1350 -1.0605 -1.3761 -0.3604 -5.3458 -5.2544 0.6500 9.7766 -7.8910 12.9708 1.7492 -1.7157 -4.2961 -4.0642 -11.8956 -0.0778 -17.7328 -14.4546 -0.0206 0.0281 -0.1763 0.6003 -10.5460 -4.0343 -0.6392 -10.5820 3.6897 -13.6731 13.0251 -21.7312 -50.1131 -5.6552 -28.5372 -0.1148 -0.0193 -29.4075 0.2436 -6.2483 -0.2465 -15.6556 10.9261 16.2899 -60.4915 1.3726 2.9065 26.9365 11.0576 7.0839 51.8324 0.1118 -11.7921 0.3295 0.1474 14.1546 2.3449 -11.2328 2.0649 15.5743 7.6535 -15.9012 50.2432 -3.3308 -5.0246 -13.8527 -0.5688 2.2801 0.2759 25.4110 1.7792 20.9495 -8.5197 -5.0505 1.9281 -11.2676 -1.9925 27.6892 -28.5968 -27.6545 -0.5983 31.1748 -1.8155 -7.3065 5.6954 0.1120 -1.5035 -3.7947 1.3524
-606.2296 93.8723 -8.5916 -3.2830 4.7693 41.0060 -0.8856 0.2818 -1.1654 -0.6785 -4.7456 -4.9401 -0.3290 10.3718 -7.4148 14.3757 2.1699 -2.1925 -3.9516 -4.0866 -11.2533 0.5144 -18.8837 -14.1947 -0.0124 0.0670 -0.1558 0.6143 -10.5416 -4.0294 -0.6368 -10.5787 3.7206 -13.5794 13.8800 -21.4177 -48.4579 -5.7242 -27.8840 -0.1226 -0.0644 -29.0331 1.2623 -6.4919 -0.4990 -15.7655 10.7844 16.2787 -60.5299 1.2826 3.0260 26.1573 11.3550 7.3535 54.7225 -0.9599 -9.7031 0.1828 0.1273 14.7957 1.5099 -10.8107 1.9782 15.7395 7.5938 -16.1060 50.3216 -3.2059 -4.9584 -13.5562 -1.0806 0.3691 0.2918 24.2334 1.4057 20.9425 -17.2026 -3.0868 1.8400 -4.3577 -2.0899 28.7623 -31.6081 -29.2810 -0.4450 35.4927 -1.6148 0.5379 12.6546 8.6751 -1.5273 -4.1237 1.2170
-611.4144 93.5141 -9.3929 -1.1432 2.7629 39.0785 -2.3024 1.7221 -1.1899 -1.1383 -4.1886 -4.2597 -1.9402 10.9793 -7.1177 15.1833 2.6763 -2.1081 -3.6240 -4.1180 -11.1271 1.0699 -19.5334 -14.1764 -0.0185 0.1037 -0.1647 0.5890 -10.5254 -4.0461 -0.6208 -10.5246 3.7158 -14.4533 14.5321 -21.1721 -46.7228 -5.2307 -27.0045 0.0814 -0.0898 -27.9698 1.8392 -5.6173 -0.7846 -15.9356 10.9943 16.3106 -60.8060 1.5003 2.6839 24.9667 12.0455 7.6451 57.2916 -1.9864 -7.5244 0.2450 0.0569 16.0094 1.0763 -10.5402 2.1485 15.7271 7.4309 -16.2143 50.0165 -3.5146 -4.8872 -14.6228 -1.0383 -0.2795 0.3559 23.0669 0.8644 18.9782 -21.5484 -0.6728 1.7531 -0.5891 -2.1675 25.8283 -34.0925 -28.3980 0.1311 38.3364 -0.7737 18.0667 15.1966 21.2343 -1.2740 -2.2289 1.0705
-615.9401 93.8319 -10.1580 0.6968 1.2759 37.2096 -3.2300 2.7361 -1.0130 -1.4216 -3.8959 -3.6752 -3.5651 11.6020 -7.0820 15.6670 2.8095 -2.0162 -3.4591 -4.0523 -11.1719 1.5272 -19.4111 -14.3593 -0.0213 0.1201 -0.1743 0.5471 -10.5028 -4.0544 -0.5842 -10.4972 3.7046 -15.6217 14.8185 -20.7152 -45.6264 -4.3236 -26.2216 0.2848 -0.0796 -26.5204 1.7111 -3.8780 -0.8532 -15.9573 11.1572 16.2511 -61.0141 1.7518 2.2977 24.5350 12.9533 8.2759 58.5110 -2.7852 -5.5381 0.2814 0.0292 17.5089 0.4612 -10.3438 2.2847 15.8153 7.2965 -16.3384 49.7828 -3.7609 -4.8663 -14.9345 -2.2788 0.3891 0.3802 24.1000 0.6306 16.2798 -22.1862 1.4080 1.7326 0.3586 -2.2042 22.3885 -35.3270 -26.6022 0.4108 39.4149 -0.2829 27.3629 10.6540 26.1816 -0.9788 -1.8245 1.0568
-619.9325 94.6541 -10.8270 0.9944 0.9817 35.3452 -3.3074 3.1615 -0.8685 -1.4273 -3.7516 -3.1863 -4.0898 11.8023 -6.7894 15.5442 2.6077 -2.0429 -3.4468 -3.9600 -10.8546 1.7905 -19.0574 -14.3393 -0.0179 0.1423 -0.1657 0.5313 -10.4725 -4.0442 -0.5619 -10.4773 3.7087 -16.5549 14.9116 -20.0082 -45.8653 -3.6924 -25.1451 0.2499 -0.0428 -25.3528 1.1811 -1.6662 -0.7191 -15.8977 11.1483 16.1953 -61.0028 1.8958 2.0768 24.0841 13.4388 8.9840 58.8029 -2.8668 -3.8475 0.1904 0.0762 18.5778 -0.9773 -10.5302 2.6494 15.8272 7.1675 -16.3364 49.7217 -3.8102 -4.8668 -13.3162 -4.3600 1.6122 0.3393 24.8831 0.4481 13.6958 -21.3088 2.6485 1.7179 0.8645 -2.1485 20.8756 -35.5858 -26.0399 0.2979 39.7502 -0.2472 25.1138 5.5872 20.6420 -1.0777 -2.2140 1.0409
-623.7456 95.7476 -11.3919 0.5056 1.4729 33.2354 -3.0577 3.2659 -0.7703 -1.3084 -3.7495 -2.7258 -3.8928 11.7255 -6.2850 14.9963 2.0125 -1.9911 -3.5006 -3.8781 -10.2840 1.9423 -18.7020 -14.0562 -0.0065 0.1454 -0.1072 0.5553 -10.4896 -3.9893 -0.5621 -10.5093 3.7673 -16.9908 15.0206 -19.2100 -47.2776 -3.3434 -23.4882 0.0699 -0.0234 -24.7926 0.5959 0.2771 -0.2121 -15.8777 10.9598 16.0867 -60.9282 1.9634 2.0255 23.5333 13.4828 9.6597 58.4214 -2.7527 -2.6008 0.1814 0.0979 19.0633 -2.7902 -10.6215 2.9372 15.7587 7.0927 -16.2932 49.7823 -3.7480 -4.7961 -10.8448 -6.7083 2.6102 0.2723 24.7172 0.3108 11.4179 -19.5453 3.7262 1.7031 1.1813 -2.0474 19.7887 -35.3075 -26.0047 0.0225 39.0087 -0.4805 20.0034 1.6268 11.0953 -1.2949 -2.2183 1.0367
-627.2928 96.8424 -11.8380 -0.0459 2.2668 30.8700 -2.8179 3.1506 -0.7840 -1.1930 -3.7979 -2.1867 -3.4490 11.4704 -5.7273 14.1080 1.3654 -1.8734 -3.4687 -3.8425 -9.5903 1.9653 -18.4738 -13.3623 0.0042 0.1304 -0.0403 0.5830 -10.5227 -3.9211 -0.5683 -10.5551 3.8297 -17.0195 15.1406 -18.3702 -49.3999 -2.8054 -21.6262 -0.1550 -0.0132 -24.6138 -0.0468 1.7500 0.6012 -15.9387 10.7525 15.9577 -60.8828 1.9711 2.0481 22.8698 13.2863 10.1957 57.6316 -2.5804 -1.4882 0.1104 0.1153 19.2061 -4.1176 -10.4939 3.0610 15.7161 7.0184 -16.1782 49.8489 -3.6690 -4.6908 -8.3829 -8.6949 3.2285 0.2027 23.4966 0.1871 9.2626 -17.4174 5.0268 1.6927 1.2985 -1.9675 18.0201 -34.8611 -26.2580 -0.2356 37.6340 -0.8007 14.8290 -0.9396 1.3597 -1.4635 -1.6334 1.0062
-630.5242 97.7410 -12.1069 -0.3777 2.9613 28.4485 -2.6288 2.8517 -0.7864 -1.0895 -3.8616 -1.7253 -3.0499 11.1818 -5.1590 12.9731 1.0346 -1.6692 -3.3858 -3.8384 -8.8738 1.8549 -18.2997 -12.5642 0.0115 0.1210 -0.0008 0.6114 -10.5402 -3.8784 -0.5815 -10.5754 3.8641 -17.1580 15.2085 -17.4542 -51.4084 -1.7824 -19.8386 -0.2593 0.0063 -24.6904 -0.5041 2.7199 1.1540 -16.0048 10.6115 15.8481 -60.8516 1.9370 2.1085 22.1750 12.9914 10.6608 56.6074 -2.2928 -0.6116 0.0185 0.1153 19.4486 -4.7106 -10.1278 3.0357 15.7186 6.9822 -16.0736 49.9340 -3.6163 -4.6125 -6.2213 -10.0321 3.7989 0.1466 21.8668 0.0873 7.2921 -15.4995 6.2192 1.6859 1.3773 -1.9430 15.0029 -34.6384 -26.1754 -0.4282 36.5283 -1.0082 10.3750 -2.3750 -6.4033 -1.5542 -1.2519 0.9680
-633.7067 98.3764 -12.2219 -0.6882 3.3231 26.2086 -2.3273 2.4496 -0.7562 -0.9697 -3.9299 -1.3606 -2.6705 10.9669 -4.6057 11.6806 1.0931 -1.3522 -3.2571 -3.8198 -8.3817 1.6405 -18.1173 -11.8256 0.0123 0.1256 -0.0041 0.6272 -10.5422 -3.8770 -0.5957 -10.5777 3.8562 -17.6562 15.1539 -16.5332 -52.9150 -0.5602 -17.9525 -0.2462 0.0256 -24.9072 -0.4666 3.0451 1.1697 -16.0119 10.5487 15.7509 -60.8340 1.8440 2.1563 21.5617 12.7505 11.0565 55.4325 -2.0330 -0.1736 0.0443 0.0692 19.9816 -4.7388 -9.5533 3.0364 15.7303 6.9866 -16.0100 49.9730 -3.5915 -4.5492 -4.0507 -10.9981 4.6522 0.1051 20.8355 0.0023 5.3953 -14.2063 7.0078 1.6803 1.4722 -1.9444 10.5755 -34.3096 -25.0959 -0.4924 35.6370 -0.9759 7.1139 -2.7831 -11.5039 -1.5618 -1.2709 0.9591
-636.8516 98.6692 -12.1646 -1.0210 3.3419 24.2851 -1.9234 1.9832 -0.7325 -0.8372 -3.9876 -1.0382 -2.2865 10.8346 -4.1574 10.3636 1.4514 -0.9894 -3.1178 -3.8154 -8.1405 1.3689 -17.8352 -11.2020 0.0113 0.1322 -0.0202 0.6303 -10.5360 -3.8904 -0.6015 -10.5684 3.8364 -18.2996 15.0910 -15.5943 -53.9676 0.5831 -16.1767 -0.1524 0.0596 -25.0426 -0.1215 3.0214 0.9786 -15.9769 10.5439 15.6621 -60.7976 1.7553 2.1650 20.9624 12.5720 11.3533 54.3360 -1.8752 -0.3040 0.1481 0.0140 20.7671 -4.5766 -9.0588 3.1238 15.7400 7.0210 -15.9989 49.9960 -3.5642 -4.4805 -1.7357 -11.9183 5.8808 0.0805 20.8592 -0.0702 3.4887 -13.5929 7.2754 1.6775 1.5567 -1.9632 4.7142 -33.3887 -22.6630 -0.3316 34.4043 -0.6242 5.2458 -2.3581 -14.2785 -1.5203 -1.2747 0.9615
-640.1065 98.6281 -11.9700 -1.2661 3.1066 22.7963 -1.5330 1.5430 -0.6727 -0.7011 -4.0627 -0.7684 -1.9621 10.7272 -3.8558 9.1808 2.0033 -0.6467 -3.0514 -3.8195 -8.0316 1.1822 -17.4190 -10.9497 0.0128 0.1357 -0.0144 0.6295 -10.5280 -3.8836 -0.5985 -10.5586 3.8401 -18.8553 15.0659 -14.7392 -54.7301 1.6073 -14.7128 0.0166 0.0869 -25.0746 0.2859 3.1114 0.9241 -15.9673 10.5612 15.5897 -60.8401 1.7083 2.1806 20.4063 12.5065 11.5699 53.4389 -1.7614 -0.8093 0.3264 -0.0322 21.6107 -4.4261 -9.0236 3.3529 15.7541 7.0558 -16.0296 49.9768 -3.5374 -4.4487 0.5923 -12.9707 7.3065 0.0745 21.9330 -0.1294 1.4938 -13.5868 7.0911 1.6728 1.5458 -1.9830 -1.9785 -31.4670 -19.2404 -0.0234 32.2209 -0.0912 3.9934 -1.3644 -15.7703 -1.4732 -1.1883 0.9500
-643.3342 98.2685 -11.5781 -1.3012 2.7542 21.7261 -1.2386 1.1007 -0.6315 -0.5808 -4.1466 -0.5287 -1.7672 10.5660 -3.6370 8.2068 2.6824 -0.3799 -3.0922 -3.8684 -8.0299 1.0608 -16.9046 -11.0200 0.0129 0.1413 -0.0082 0.6268 -10.5291 -3.8808 -0.5973 -10.5560 3.8478 -19.2006 15.1067 -13.9889 -55.3620 2.5445 -13.6173 0.2923 0.1280 -25.0815 0.6199 3.2526 1.1559 -15.9919 10.6105 15.5773 -60.9451 1.6922 2.2968 19.8608 12.5333 11.6363 52.7987 -1.6052 -1.3739 0.4350 -0.0472 22.1576 -4.1763 -9.3064 3.6796 15.7889 7.0970 -16.0835 49.9641 -3.5346 -4.4379 2.8848 -14.3365 8.8809 0.0853 23.9156 -0.1720 -0.6164 -13.8996 6.2766 1.6695 1.4415 -1.9723 -9.0938 -28.1917 -15.3609 0.2766 28.4079 0.4292 2.0926 -0.2963 -17.0865 -1.4466 -1.0474 0.9270
-646.6495 97.6264 -11.0157 -1.1204 2.3669 20.8905 -1.0243 0.6346 -0.5293 -0.4771 -4.2630 -0.3400 -1.7534 10.3428 -3.4197 7.4267 3.4676 -0.1198 -3.2017 -3.9538 -8.1724 0.9801 -16.3680 -11.3347 0.0128 0.1404 0.0008 0.6245 -10.5447 -3.8739 -0.5969 -10.5585 3.8576 -19.3697 15.1569 -13.3236 -55.9351 3.2750 -12.5754 0.5511 0.1810 -25.1781 0.9068 3.2296 1.5683 -16.0072 10.6371 15.5899 -60.9439 1.6912 2.4754 19.3342 12.6899 11.6498 52.4091 -1.3066 -1.7323 0.4323 -0.0132 22.2380 -3.7440 -9.4630 3.8380 15.7933 7.1482 -16.1329 49.9139 -3.5398 -4.4836 5.1848 -16.0658 10.5308 0.0732 26.6253 -0.2303 -2.9492 -14.3298 4.8991 1.6661 1.2955 -1.9359 -15.8769 -23.6697 -11.7534 0.3513 23.2734 0.6849 -1.1465 0.9424 -18.4110 -1.4680 -0.9641 0.8962
-650.5444 96.6718 -10.2842 -0.8311 2.0244 20.1305 -0.8426 0.1514 -0.3280 -0.3831 -4.4051 -0.1563 -1.8682 10.0785 -3.1728 6.7546 4.2430 0.1338 -3.3513 -4.0779 -8.3327 0.9209 -15.8461 -11.8045 0.0138 0.1173 0.0198 0.6336 -10.5709 -3.8523 -0.6060 -10.5703 3.8723 -19.4706 15.0851 -12.7705 -56.4133 3.7740 -11.2151 0.6550 0.2083 -25.5187 1.1586 2.8454 2.0536 -15.9925 10.6573 15.5608 -60.9393 1.7044 2.5437 18.9026 12.9647 11.6811 52.0316 -0.8620 -1.6706 0.3484 0.0424 21.6590 -2.9920 -9.0906 3.6683 15.8921 7.2269 -16.1807 50.0473 -3.4949 -4.4521 7.6711 -18.1421 12.0064 -0.0136 29.7347 -0.3677 -5.5448 -14.6682 3.3016 1.6532 1.1238 -1.8959 -21.7618 -18.6420 -8.9895 0.2410 17.7805 0.7253 -4.6902 3.9547 -18.8587 -1.5516 -0.9256 0.8910
-654.6546 95.5050 -9.5503 -0.6490 1.8256 19.2104 -0.5799 -0.3258 -0.0783 -0.2830 -4.5891 0.0970 -2.0210 9.8778 -2.9518 6.0986 4.8348 0.3828 -3.4336 -4.2028 -8.3914 0.8244 -15.5563 -12.2318 0.0186 0.0821 0.0510 0.6568 -10.6100 -3.8211 -0.6216 -10.6041 3.8996 -19.7739 14.7350 -12.2808 -56.6098 4.2851 -9.5897 0.6196 0.2189 -26.2835 1.4969 1.5998 2.3989 -15.9157 10.6336 15.4757 -60.9967 1.6683 2.4760 18.7955 13.3165 11.9693 51.2366 -0.5155 -1.3743 0.3443 0.0572 20.6553 -2.1450 -8.2706 3.2661 15.9749 7.3044 -16.1921 50.3017 -3.3937 -4.3090 10.5406 -20.3151 12.7281 -0.1674 32.6288 -0.5430 -8.4185 -14.6748 2.2518 1.6403 1.0754 -1.8832 -26.1930 -14.6552 -7.4313 0.1556 13.9326 0.8538 -4.7011 10.1798 -17.0595 -1.6406 -0.7093 0.9652
-658.8783 94.3072 -8.6684 -0.5327 1.7975 18.0519 -0.3454 -0.7957 0.1366 -0.2216 -4.7715 0.2775 -2.1899 9.8043 -2.7391 5.5169 5.1021 0.6574 -3.3664 -4.2454 -8.4034 0.6246 -15.6429 -12.2684 0.0184 0.0656 0.0299 0.6921 -10.6348 -3.8475 -0.6591 -10.6289 3.8816 -20.3013 14.1834 -11.8131 -56.3798 4.8423 -7.8978 0.5276 0.1987 -27.2929 1.9178 -0.4066 2.3110 -15.9666 10.5498 15.4541 -61.1579 1.5234 2.4256 19.1286 13.5702 12.5612 49.9721 -0.7375 -1.4780 0.5553 0.0274 19.6020 -1.5588 -7.3358 2.9024 15.8455 7.2472 -16.0446 50.2893 -3.3375 -4.2205 13.8260 -22.1116 12.5432 -0.3704 34.4085 -0.7284 -11.7692 -13.9120 2.0682 1.6345 1.2670 -1.8731 -29.2494 -12.3434 -6.5044 0.2182 12.5726 1.2805 3.2360 17.9150 -11.2917 -1.6904 -0.3849 1.1405
-663.7879 93.2243 -7.7820 -0.1740 1.8382 16.9361 -0.4823 -1.0687 0.3322 -0.3078 -4.9355 0.1507 -2.4906 9.8203 -2.5603 5.2410 4.9869 0.8012 -3.1748 -4.0935 -8.2668 0.4075 -16.1154 -11.8616 0.0086 0.0883 -0.0213 0.7382 -10.6768 -3.9186 -0.7272 -10.6546 3.8488 -20.3868 13.9475 -11.4832 -56.0022 4.9736 -6.4558 0.3470 0.1812 -28.2464 2.3172 -1.8789 1.9536 -16.1301 10.4593 15.4463 -61.3916 1.4366 2.2843 19.6068 13.6682 13.1642 49.0387 -1.5998 -1.9073 0.8626 -0.0674 18.8276 -1.7664 -7.5019 2.9863 15.6778 7.0961 -15.9688 50.0650 -3.4146 -4.4445 17.0009 -22.8954 11.9132 -0.5368 34.1952 -1.0133 -15.5799 -11.7219 2.3799 1.6216 1.5700 -1.7508 -30.7810 -11.5633 -6.0572 0.3585 13.6238 1.8207 21.2127 20.1435 -1.1396 -1.6735 -3.9521 1.3892
-669.5242 92.5041 -6.9449 0.2692 1.8729 16.0575 -0.7580 -1.1678 0.1736 -0.5480 -4.8934 0.2086 -2.9323 9.7458 -2.5472 5.0298 4.7879 0.7528 -3.2597 -3.8685 -7.8037 0.6166 -15.9984 -11.8549 0.0212 0.1103 0.0152 0.7443 -10.6571 -3.9039 -0.7094 -10.6335 3.9044 -20.2386 13.9043 -11.5083 -55.2772 4.6363 -4.7527 0.2249 0.2133 -29.1144 2.1544 -2.6000 1.6399 -16.0039 10.4097 15.4550 -61.1175 1.3501 2.2695 19.8700 13.6556 13.5000 49.2467 -2.6246 -2.2609 0.9551 -0.0794 18.6671 -3.2319 -8.3210 3.6187 15.5286 7.1415 -16.0641 50.0151 -3.4746 -4.6017 20.2442 -22.3601 11.2608 -0.6652 31.1955 -1.2021 -19.6047 -7.1721 2.6868 1.6682 1.7119 -1.6618 -29.3782 -13.3591 -7.5656 0.5611 17.2897 1.7179 29.3317 10.8423 2.1374 -1.5790 -5.4142 1.4311
-675.8096 92.3174 -6.2620 0.4187 2.2166 15.4050 -0.7787 -1.3122 0.0429 -0.8727 -4.8770 0.1814 -3.5090 9.6846 -2.7662 4.5320 4.6485 0.9052 -3.0145 -3.6980 -7.5603 0.9310 -15.4441 -11.7685 0.0135 0.1138 0.0183 0.7099 -10.6538 -3.9080 -0.6893 -10.6357 3.9243 -20.3946 13.6165 -11.8128 -53.8670 4.3510 -3.1155 0.4571 0.3732 -29.6882 1.8962 -3.1961 1.4894 -15.9225 10.6043 15.5470 -60.9993 1.4820 2.0124 20.1520 13.3267 13.6692 50.1437 -3.2734 -2.4018 0.6501 -0.0664 18.9623 -4.6751 -9.4805 5.0261 15.4750 7.2601 -16.0404 50.1943 -3.2857 -4.4387 23.5416 -20.4387 10.4924 -0.7175 24.3924 -1.4152 -23.1656 0.6521 2.6049 1.6973 0.7620 -1.6594 -25.4517 -16.9796 -9.6101 0.6007 23.2015 1.5744 26.0588 -0.1721 -0.1841 -1.5079 -1.5804 1.1977
-681.9312 92.6060 -5.7516 0.2696 2.9533 15.4970 -0.5945 -1.5207 -0.1854 -1.1684 -4.9649 0.0346 -4.0326 9.5993 -3.2246 4.0093 4.4430 1.0793 -2.8579 -3.6604 -7.8603 1.3114 -14.7312 -11.7198 -0.0176 0.1001 -0.0853 0.6521 -10.5999 -3.9899 -0.6899 -10.5946 3.8119 -20.4655 13.3748 -12.2900 -52.5382 2.9468 -1.0291 0.5980 0.3490 -29.8973 1.9656 -3.2317 1.5166 -15.8063 10.8389 15.6515 -60.8534 1.6751 1.9051 20.3116 12.7590 13.3841 51.0916 -3.5646 -2.5463 0.7161 -0.0700 19.3319 -5.5733 -9.9275 6.0960 15.4912 7.2311 -15.9928 49.9877 -3.2555 -4.5159 26.6587 -17.4477 8.6697 -0.4745 14.4787 -1.3241 -24.9887 11.8229 2.7947 1.7625 -1.2265 -1.7397 -20.7374 -20.4542 -11.0716 0.5326 29.2121 1.3792 21.0220 -8.0931 -2.1091 -1.4804 0.6541 1.0376
-687.6822 93.1101 -5.3667 0.0912 3.8370 16.5343 -0.4490 -1.7120 -0.5406 -1.3319 -5.0804 -0.2486 -4.4457 9.4203 -3.7495 3.7983 4.3694 1.0202 -2.9183 -3.6498 -8.2211 1.5369 -14.4937 -11.8670 -0.0163 0.0964 -0.1396 0.6475 -10.5081 -4.0210 -0.6817 -10.5492 3.7348 -19.7967 13.0000 -13.0659 -52.2285 1.3349 0.6569 0.4322 0.3611 -30.2150 2.5287 -2.7759 1.6349 -15.6634 10.9340 15.6702 -60.9120 1.7878 1.8871 20.1607 12.3020 12.9622 52.1500 -3.1656 -2.6079 0.6220 -0.0536 19.9157 -5.5085 -9.7050 6.4447 15.4982 7.2680 -16.0218 49.7530 -3.3332 -4.7255 28.4753 -14.9218 6.5473 -0.1162 5.3700 -0.9964 -20.8012 20.7965 5.7296 1.7021 -1.3721 -1.7178 -16.3292 -23.5618 -12.4994 0.5042 34.4954 1.1162 16.8932 -12.3151 -3.0031 -1.4880 1.3746 0.9645
-692.9123 93.7917 -5.0873 0.5727 3.9625 18.0364 -0.7148 -1.5016 -0.8481 -1.4501 -4.9889 -0.6157 -4.9795 9.3678 -4.1392 4.2308 4.4983 0.8867 -3.1773 -3.7586 -8.6032 1.5994 -14.8418 -12.0372 -0.0264 0.1058 -0.2102 0.6393 -10.4782 -4.0775 -0.6936 -10.5440 3.6550 -18.9625 12.9060 -14.1476 -52.1691 0.1176 0.5464 0.3507 0.4461 -30.7938 2.7998 -1.9312 1.8347 -15.4551 10.9683 15.6849 -60.7994 1.7250 1.9383 20.0806 11.9909 12.4073 52.8680 -2.7199 -3.1313 0.4928 -0.0115 20.4900 -5.4489 -9.7571 6.9054 15.5253 7.3029 -16.0495 49.5827 -3.3684 -4.8109 27.2340 -14.6449 7.3270 -0.0615 3.8042 -0.6818 -14.4480 18.1010 9.0167 1.7150 -0.6276 -1.6240 -13.0844 -24.8047 -13.8775 0.4845 37.2452 0.9721 13.6124 -14.6341 -3.7842 -1.4815 1.7727 0.9730
-697.4795 94.6009 -4.8812 1.1605 3.3989 19.0979 -1.0372 -0.9782 -0.8463 -1.4908 -4.7969 -0.9188 -5.3206 9.5107 -4.4900 4.7540 4.6617 0.9507 -3.4728 -3.8654 -8.7410 1.6815 -15.1373 -12.2762 -0.0355 0.1142 -0.2062 0.6418 -10.5556 -4.0847 -0.7139 -10.6105 3.6758 -18.3829 12.9361 -14.8232 -52.0651 -0.7139 -1.5301 0.4172 0.4261 -31.0463 2.9887 -1.2965 1.8365 -15.4424 10.9840 15.7613 -60.7819 1.7356 1.9298 20.0665 11.9475 12.0520 53.0798 -2.5322 -3.9424 0.4660 0.0344 20.6842 -6.0613 -10.7399 7.8208 15.5947 7.2661 -16.0507 49.3762 -3.3743 -4.7836 23.8403 -16.0441 10.6773 -0.2007 10.8422 -0.6217 -10.5592 10.9659 11.4978 1.8008 -1.1072 -1.7328 -10.3063 -24.3521 -14.9809 0.3928 37.5471 0.8448 10.7539 -15.5152 -4.2883 -1.4653 1.9425 0.8688
-701.5144 95.3825 -4.8745 1.3288 2.7081 19.7543 -1.0579 -0.4663 -0.6859 -1.4381 -4.6356 -1.0555 -5.2066 9.6487 -4.9029 4.9523 4.8870 1.1621 -3.5397 -3.9333 -8.9516 1.6792 -15.1826 -12.2164 -0.0266 0.1035 -0.1765 0.6621 -10.6237 -4.0751 -0.7146 -10.6658 3.7210 -17.9303 12.8688 -15.1447 -52.3504 -1.5251 -4.5546 0.5552 0.3680 -30.9769 3.1569 -1.0018 1.7021 -15.5372 11.0223 15.8573 -60.8945 1.7942 1.9123 19.8096 12.0887 11.8065 53.0887 -2.3336 -4.9741 0.4687 0.0836 20.6442 -6.6556 -12.0821 8.8114 15.5637 7.2288 -16.0537 49.2901 -3.3915 -4.6769 19.8904 -17.5360 14.2231 -0.2859 22.9719 -0.7143 -6.6188 3.0139 14.6869 1.7921 -1.3740 -1.8903 -7.3366 -23.1782 -16.1088 0.2873 36.5306 0.6083 8.2418 -15.6646 -4.5369 -1.4551 1.6883 0.7794
-705.7374 95.9807 -4.8845 1.0793 2.2335 20.2413 -0.8360 -0.0963 -0.5011 -1.2765 -4.5873 -1.2457 -4.7655 9.6558 -5.2404 5.1033 5.0284 1.2642 -3.4923 -3.9443 -9.1509 1.5776 -15.0819 -11.9628 -0.0061 0.0737 -0.1377 0.7030 -10.6345 -4.0385 -0.7122 -10.6749 3.7549 -17.6400 12.5976 -15.4650 -52.9122 -2.3867 -7.4000 0.6346 0.2766 -30.6974 3.2116 -1.1115 1.4677 -15.5563 11.0221 15.8944 -60.9291 1.7361 1.9927 19.5728 12.2497 11.6187 52.9039 -1.6931 -5.8681 0.3643 0.1349 20.3823 -6.7705 -13.6375 9.3615 15.4940 7.1899 -16.0104 49.2746 -3.4288 -4.5680 15.7735 -17.7136 16.7358 -0.3675 34.6498 -0.9322 -3.6572 -3.0038 17.9132 1.8100 -1.6879 -2.0170 -4.2154 -21.9479 -17.2031 0.1483 35.1033 0.2268 6.3280 -15.5522 -4.7128 -1.4563 1.3757 0.7241
-709.7095 96.3705 -4.9078 0.6608 2.1130 20.9930 -0.6129 -0.0161 -0.4180 -1.0737 -4.6891 -1.5685 -4.2136 9.5908 -5.5307 5.5312 5.0664 1.1866 -3.5037 -3.9147 -9.2852 1.4530 -14.9258 -11.7988 0.0052 0.0463 -0.1259 0.7268 -10.6062 -4.0208 -0.7121 -10.6524 3.7588 -17.4525 12.3197 -15.9758 -53.4056 -3.2009 -10.0602 0.6412 0.2290 -30.0973 3.1983 -1.3286 1.0813 -15.5549 10.9666 15.8638 -60.8055 1.6511 2.1090 19.7278 12.3460 11.2156 52.5739 -0.9103 -6.7393 0.2349 0.1540 19.7066 -6.5309 -14.8440 9.4138 15.5408 7.2208 -15.9879 49.3602 -3.4514 -4.5398 11.3996 -16.6741 18.7884 -0.3988 43.5548 -1.1010 -3.8667 -5.9656 18.1626 1.8458 -1.8664 -2.0683 -1.1680 -21.0105 -18.4268 0.0164 33.6264 -0.1341 4.9008 -15.2774 -4.9062 -1.4662 1.2692 0.6947
-713.5275 96.5805 -4.9276 0.1114 2.2175 22.1493 -0.3895 -0.2128 -0.5073 -0.8872 -4.8964 -2.0056 -3.6202 9.5314 -5.8222 6.1165 5.2069 0.9164 -3.5154 -3.8700 -9.3766 1.3909 -14.8027 -11.7574 0.0036 0.0370 -0.1295 0.7317 -10.5965 -4.0204 -0.7201 -10.6358 3.7550 -17.2374 12.1562 -16.6425 -53.7424 -3.8774 -12.6861 0.5604 0.1879 -29.3484 3.0348 -1.2073 0.6881 -15.5325 10.9134 15.8184 -60.5826 1.5923 2.1793 20.2617 12.3173 10.4330 52.1694 -0.2013 -7.7678 0.2288 0.1296 18.6767 -5.9700 -15.0860 9.0051 15.5850 7.2729 -16.0048 49.4526 -3.4825 -4.5014 7.0491 -14.3286 20.5201 -0.3653 49.2232 -1.0434 -7.0464 -7.3649 14.0718 1.8357 -2.0348 -2.0626 1.8541 -20.2819 -19.7812 -0.0763 32.2439 -0.3966 3.6305 -14.9381 -5.2296 -1.4760 1.2238 0.6973
-717.1230 96.6327 -4.8727 -0.5698 2.4516 23.6880 -0.2116 -0.5948 -0.7282 -0.7398 -5.1313 -2.5530 -2.9482 9.4463 -6.1988 6.8296 5.5207 0.5179 -3.5477 -3.8368 -9.4257 1.3987 -14.6840 -11.7279 -0.0045 0.0369 -0.1343 0.7221 -10.5783 -4.0144 -0.7271 -10.6009 3.7447 -16.9903 12.0688 -17.4228 -53.9153 -4.2725 -15.3266 0.4085 0.1271 -28.6715 2.8045 -0.7688 0.4025 -15.4726 10.9195 15.8425 -60.4024 1.5481 2.2626 21.1093 12.1404 9.3761 51.7965 0.4036 -9.0751 0.2996 0.1122 17.4486 -5.1181 -14.5157 8.2393 15.5754 7.3227 -16.0490 49.5619 -3.4916 -4.4757 2.9913 -10.7259 21.5287 -0.2713 51.2934 -0.6747 -11.5618 -8.1331 6.9029 1.8030 -2.5236 -2.0106 5.0061 -19.6266 -21.1063 -0.1217 30.8307 -0.5519 2.1073 -14.4677 -5.8455 -1.4767 1.1642 0.6933
-720.9830 96.5847 -4.8893 -1.2216 2.7855 25.4326 -0.2135 -1.0743 -0.9686 -0.6479 -5.3412 -3.1570 -2.2732 9.3411 -6.6713 7.6722 5.8547 0.1190 -3.6395 -3.8353 -9.4637 1.4797 -14.4399 -11.7683 -0.0120 0.0319 -0.1353 0.7037 -10.5664 -4.0010 -0.7241 -10.5683 3.7318 -16.6958 11.9524 -18.2285 -53.8982 -4.1749 -17.8350 0.2515 0.0446 -28.3685 2.5174 -0.1879 0.2089 -15.3871 10.9897 15.9933 -60.3270 1.5395 2.3939 22.1950 11.9678 8.2386 51.5843 0.8234 -10.6418 0.3715 0.1023 16.2690 -4.1844 -13.6672 7.3652 15.4534 7.3768 -16.0932 49.5569 -3.5383 -4.5690 -0.5600 -6.4646 21.5994 -0.1911 49.6794 -0.1783 -15.3826 -8.3659 -1.3357 1.7383 -3.0281 -1.9081 8.1483 -19.1564 -22.2099 -0.1511 29.3415 -0.6807 0.2599 -13.7946 -6.7696 -1.4666 0.9642 0.6942
-724.9696 96.4422 -5.1855 -1.7536 3.1656 27.1059 -0.3946 -1.5680 -1.1275 -0.6328 -5.5247 -3.7929 -1.7284 9.2290 -7.1123 8.5425 6.2228 -0.2629 -3.6907 -3.8549 -9.4061 1.6177 -14.2275 -11.9287 -0.0211 0.0307 -0.1454 0.6630 -10.5888 -4.0047 -0.7021 -10.5719 3.7172 -16.2741 11.9050 -18.8827 -53.6966 -3.7127 -20.1073 0.0842 -0.0086 -28.6329 2.2831 0.5125 -0.0176 -15.4009 11.1036 16.1759 -60.5241 1.6227 2.4750 23.3222 11.9187 7.1085 51.8055 1.1668 -12.1944 0.3348 0.0729 15.2981 -3.2468 -12.8435 6.5383 15.3282 7.4421 -16.1360 49.4907 -3.6354 -4.7273 -3.7888 -2.2095 20.4426 -0.1359 45.1191 0.2359 -17.4689 -8.2710 -9.2860 1.6455 -3.5204 -1.8320 11.2314 -19.0477 -22.9462 -0.2143 27.9092 -0.8603 -1.9819 -12.8894 -7.8322 -1.4533 0.5057 0.7304
-729.3391 96.2427 -5.7598 -2.2250 3.5696 28.4152 -0.6617 -1.9639 -1.2111 -0.6657 -5.7222 -4.3593 -1.4170 9.1120 -7.3820 9.4351 6.6844 -0.6059 -3.6905 -3.8206 -9.1684 1.7465 -14.1750 -12.1449 -0.0177 0.0289 -0.1129 0.6378 -10.6354 -3.9796 -0.6704 -10.6255 3.7534 -15.8032 12.0080 -19.3508 -53.1475 -2.7998 -22.1626 0.0724 -0.0026 -29.4960 2.0059 1.0893 -0.2953 -15.4795 11.1532 16.1928 -60.7437 1.7330 2.3474 24.4540 12.1359 6.1701 52.5620 1.3174 -13.6075 0.3207 0.0280 14.5787 -2.4262 -12.4570 5.9073 15.1800 7.4786 -16.1463 49.4498 -3.6837 -4.9108 -6.8934 1.2271 17.7324 -0.0674 38.5735 0.6038 -17.0276 -7.3326 -14.2728 1.5761 -4.2598 -1.8290 14.3933 -19.4389 -23.5993 -0.2980 26.8013 -1.0688 -4.5197 -11.5011 -8.8589 -1.4581 -0.1900 0.7966
-733.7900 95.9105 -6.6061 -2.6827 3.8371 29.1156 -0.9904 -2.1712 -1.2747 -0.7649 -5.8717 -4.6948 -1.3141 9.0939 -7.5274 10.3239 7.1370 -0.8085 -3.6411 -3.9081 -9.0806 1.8962 -14.0856 -12.0044 -0.0222 0.0256 -0.1455 0.6120 -10.6843 -4.0172 -0.6538 -10.6763 3.7271 -15.2746 12.2297 -19.3985 -52.3582 -2.1744 -23.0959 -0.1220 0.0132 -30.7714 1.6747 1.8098 -0.6061 -15.5204 11.1498 16.2631 -60.8049 1.8714 2.2708 25.4317 12.4578 5.5490 53.8316 1.5073 -14.3579 0.2627 0.0286 14.0523 -1.5471 -12.6919 4.9501 15.0198 7.5221 -16.1575 49.3641 -3.8239 -4.9757 -9.4958 3.3731 13.5907 -0.0504 31.4191 1.0671 -10.3409 -5.9179 -13.8147 1.6784 -7.1047 -1.8540 17.5701 -20.2829 -24.6190 -0.3845 26.6099 -1.2590 -6.8639 -9.3422 -8.7198 -1.4410 -0.8994 0.9824
-738.4008 95.3801 -7.6398 -3.5521 3.9239 29.1915 -1.0836 -2.1417 -1.5201 -0.8420 -5.9579 -4.7409 -1.3155 9.2054 -7.5083 11.1252 7.4872 -0.8969 -3.4739 -3.9717 -8.9854 1.9349 -14.0169 -11.6197 -0.0228 0.0131 -0.2107 0.6311 -10.6854 -4.0795 -0.6732 -10.6933 3.6625 -14.7351 12.7660 -18.9817 -51.1834 -1.7841 -23.4311 -0.2897 0.0491 -32.3726 1.4181 2.0134 -0.8271 -15.5274 11.1821 16.3706 -60.6257 1.9035 2.2638 25.8524 12.6290 5.2587 55.8587 2.1509 -14.1167 0.1919 0.0903 13.4993 -0.5688 -12.7362 3.8756 14.8959 7.6108 -16.1474 49.2926 -3.8917 -5.0273 -10.9243 4.3594 8.4323 -0.1220 25.2090 1.3612 6.1611 -8.2490 -8.1077 2.0300 -12.8868 -2.0815 21.4256 -21.5757 -26.8625 -0.4782 28.2655 -1.4987 -8.6803 -5.7715 -6.7393 -1.4405 -2.3379 1.1158
-742.8505 94.7839 -8.8330 -4.3139 3.3526 28.0544 -1.1745 -1.6778 -1.4354 -0.9837 -5.6924 -4.5961 -1.4619 9.2472 -7.1444 11.6563 7.9837 -1.1375 -3.0754 -3.9789 -8.4664 1.9363 -14.5199 -11.3071 -0.0276 0.0379 -0.2566 0.6484 -10.6848 -4.1347 -0.6988 -10.7074 3.6298 -14.6048 13.0225 -18.3956 -49.6376 -1.1720 -22.8790 -0.3865 0.0766 -34.0308 1.6402 2.1738 -1.0661 -15.3032 10.9888 16.3303 -60.3188 1.7562 2.5770 25.6034 12.6287 5.1527 58.4668 2.3730 -13.7695 0.0554 0.1238 12.7428 0.2893 -11.9761 3.1053 14.9863 7.5113 -16.1827 49.1111 -3.9868 -5.0770 -10.9807 4.1370 3.7688 0.0565 22.3133 1.2463 13.0522 -14.7117 -4.3985 1.9680 -8.4754 -2.1499 24.8785 -23.7116 -29.8369 -0.6074 32.9260 -1.8323 -7.7592 0.7520 -1.4955 -1.4792 -5.9013 1.1735
-746.7331 94.2397 -9.9425 -4.4377 2.1882 25.7794 -1.4997 -1.1291 -1.0982 -1.1230 -5.2905 -4.1512 -1.9463 9.6014 -6.6715 11.8461 8.6319 -1.1684 -2.7908 -3.9811 -7.7706 2.1319 -14.9568 -10.9361 -0.0165 0.0641 -0.2409 0.6780 -10.6701 -4.1261 -0.7069 -10.6943 3.6481 -15.2180 12.9879 -17.5674 -47.9819 -0.7957 -21.1618 -0.5354 0.1155 -35.3364 2.6545 2.7207 -1.2324 -15.4444 10.7490 16.2818 -60.2824 1.6628 2.7279 25.0282 13.1512 5.7703 61.2522 1.7721 -13.0063 -0.1665 0.0660 12.3312 0.2383 -11.6862 2.4272 15.1023 7.3742 -16.1979 48.9058 -4.0156 -5.0961 -10.7582 3.2964 0.9499 0.0766 21.7342 1.0592 14.2665 -20.3643 -0.1307 1.8564 -3.7983 -2.2487 26.1444 -26.5668 -31.7392 -0.4897 38.5045 -1.8106 1.1927 7.8000 8.8451 -1.4865 -6.9686 1.0874
-750.2047 93.8833 -10.7760 -3.8403 0.6885 23.8030 -2.0538 -0.4810 -0.8935 -1.3068 -4.9861 -3.5387 -2.5747 10.0094 -6.2685 11.8458 9.5645 -0.9096 -2.4086 -4.0120 -7.5248 2.1774 -15.1521 -10.4460 -0.0109 0.1064 -0.2007 0.6689 -10.6315 -4.0846 -0.6834 -10.6318 3.6808 -16.1137 13.0428 -16.8812 -46.9113 -0.9173 -19.3621 -0.4216 0.1645 -35.3664 3.3267 3.2564 -1.2971 -15.5905 10.8888 16.2231 -60.6006 1.8458 2.4015 24.2491 13.8728 6.2761 63.6170 0.8709 -12.6436 -0.1966 -0.0115 12.4522 -0.3642 -11.5918 2.1749 15.1362 7.2878 -16.2146 48.9211 -4.1152 -5.0514 -10.7373 2.4895 -0.7212 0.2192 22.5601 0.6946 13.4750 -24.1211 4.0076 1.7522 -1.0124 -2.2759 24.3889 -28.7928 -31.8890 -0.0279 41.8838 -0.9238 21.7310 8.9266 23.3149 -1.1735 -3.8261 0.9418
-753.3353 93.9443 -11.4642 -3.0377 -0.7025 22.5778 -2.6130 0.0109 -0.7114 -1.4316 -4.9192 -3.0308 -3.3173 10.4508 -5.9981 12.0243 10.5265 -0.9265 -2.2083 -3.8941 -7.4884 2.1069 -14.8118 -10.0009 -0.0067 0.1219 -0.1484 0.6311 -10.6064 -4.0218 -0.6366 -10.5900 3.7202 -16.7987 13.2675 -16.3578 -46.7080 -1.1895 -18.0098 -0.1543 0.1608 -33.8031 3.5372 3.5269 -1.1510 -15.6619 11.0597 16.1769 -60.7278 1.9261 2.1189 23.8778 14.8710 6.6817 65.2119 0.0412 -11.9721 -0.1836 0.0059 13.2048 -0.8062 -12.1618 2.2424 15.1487 7.3095 -16.3957 49.1256 -4.0607 -5.0771 -10.2624 1.5665 -1.2249 0.2341 24.4946 0.4250 11.4666 -25.5942 6.8449 1.7288 0.1868 -2.2402 21.5553 -29.6198 -31.7129 0.1214 42.9978 -0.5097 32.0253 3.3787 27.5394 -0.9289 -3.0104 0.8619
-756.4482 94.5253 -12.0228 -2.8118 -1.4852 21.6138 -2.8121 0.1463 -0.6018 -1.4403 -4.9519 -2.6197 -3.6198 10.7001 -5.5721 12.1336 11.4192 -1.1505 -2.1883 -3.7940 -7.3908 1.9018 -14.4123 -9.6564 0.0006 0.1286 -0.1294 0.6145 -10.5725 -3.9944 -0.6053 -10.5595 3.7276 -17.8005 13.4671 -15.9846 -46.8573 -1.8147 -16.3913 -0.2525 0.2084 -31.2349 3.6951 3.7607 -0.9212 -15.6877 10.9623 16.0603 -60.4414 1.8289 2.0087 23.8890 15.2631 7.0765 65.6591 -0.1823 -11.0248 -0.1068 0.0374 14.1048 -0.9821 -13.3485 2.8395 15.1641 7.2951 -16.5939 49.4507 -4.0404 -5.2051 -8.7538 0.9134 -1.2104 0.2012 25.0060 0.2120 9.1035 -25.3106 8.1576 1.7137 0.8169 -2.1473 19.1514 -29.6762 -32.4117 -0.0917 43.2040 -0.5521 31.8197 -0.3771 21.0354 -1.0769 -3.0669 0.8386
-759.8028 95.4245 -12.5441 -2.7441 -1.7258 20.4444 -2.8438 0.0289 -0.5129 -1.3957 -5.0328 -2.2446 -3.6456 10.7793 -5.0360 12.0935 11.8534 -1.2890 -2.2819 -3.7901 -7.3778 1.6760 -13.9070 -9.3766 0.0026 0.1192 -0.1232 0.6149 -10.5761 -3.9859 -0.6022 -10.5757 3.7305 -19.0689 13.3561 -15.7255 -47.2427 -2.1248 -14.4487 -0.4489 0.2547 -28.4163 3.7702 3.2710 -0.4204 -15.6972 10.7160 15.8712 -60.1068 1.7320 2.0933 24.0532 14.9669 7.7001 64.9840 -0.2890 -10.1104 0.2533 0.0267 14.6807 -0.8893 -13.9016 3.0299 15.1912 7.1876 -16.5713 49.7002 -3.9913 -5.1854 -7.0017 0.5648 -1.0003 0.1661 23.9080 0.1008 6.9432 -23.9173 8.9369 1.7021 1.0952 -2.0698 16.3733 -29.5814 -32.7973 -0.3488 42.0601 -0.6880 28.1139 -1.8272 11.6140 -1.3233 -2.6649 0.8450
-763.4255 96.4656 -12.9312 -2.7793 -1.4858 19.0123 -2.7484 -0.3486 -0.3884 -1.3052 -5.0856 -1.8711 -3.5512 10.6787 -4.5548 11.8718 11.8403 -1.4410 -2.3150 -3.8562 -7.2176 1.4335 -13.3219 -9.1784 -0.0042 0.1008 -0.1191 0.6133 -10.5694 -3.9736 -0.6148 -10.5821 3.7282 -20.2857 13.0555 -15.4799 -47.9908 -1.8004 -12.2791 -0.5335 0.2641 -25.7029 3.6440 2.2466 0.4382 -15.6503 10.5472 15.6658 -59.9124 1.6383 2.2886 24.3194 14.3407 8.6237 63.4132 -0.2144 -8.8013 0.5524 0.0056 15.3351 -0.2704 -13.2621 2.3374 15.3201 7.1184 -16.4272 49.9456 -3.8653 -4.9592 -5.1158 0.4044 -0.5371 0.1269 21.5710 0.0097 5.0576 -21.8698 9.5456 1.6931 1.1532 -2.0147 13.1232 -29.4351 -32.2172 -0.4605 39.6783 -0.6755 23.1668 -1.9849 3.2207 -1.5258 -2.2387 0.8719
-766.6330 97.4173 -13.3800 -2.9152 -0.9153 17.6858 -2.5947 -0.8946 -0.2084 -1.1805 -5.1107 -1.5970 -3.4474 10.5270 -4.3449 11.5713 11.3719 -1.5846 -2.2963 -3.9585 -6.7084 1.2216 -12.8059 -9.0098 -0.0164 0.0972 -0.1381 0.5958 -10.5492 -3.9874 -0.6223 -10.5716 3.7032 -21.0633 12.6557 -15.0749 -49.1961 -0.9400 -10.0249 -0.4550 0.2382 -23.5200 3.4580 1.7938 1.1525 -15.5978 10.6108 15.4721 -59.9532 1.6628 2.2862 24.5868 13.6976 9.7168 61.5489 -0.0679 -7.6145 0.6527 -0.0514 16.5942 0.3191 -12.0060 1.3907 15.3624 7.2876 -16.2758 50.3056 -3.6017 -4.6578 -3.1057 0.3543 0.4132 0.0632 18.6847 -0.1440 3.6302 -19.5644 9.6912 1.6910 0.9969 -1.9597 9.5401 -29.1692 -30.3567 -0.3589 36.3828 -0.3780 20.1154 -1.8864 -0.7024 -1.5954 -2.2243 0.9449
