HIERARCHY
ROOT Hips
{
	OFFSET 0.0000 0.0000 0.0000
	CHANNELS 6 Xposition Yposition Zposition Zrotation Xrotation Yrotation
	JOINT Spine1
	{
		OFFSET -0.0137 5.0038 -0.0537
		CHANNELS 3 Zrotation Xrotation Yrotation
		JOINT Spine2
		{
			OFFSET -0.0000 7.1253 -0.0298
			CHANNELS 3 Zrotation Xrotation Yrotation
			JOINT Chest
			{
				OFFSET -0.0000 7.5501 -0.8160
				CHANNELS 3 Zrotation Xrotation Yrotation
				JOINT Neck1
				{
					OFFSET -0.1817 26.3113 -0.5533
					CHANNELS 3 Zrotation Xrotation Yrotation
					JOINT Neck2
					{
						OFFSET -0.0000 7.7094 2.3026
						CHANNELS 3 Zrotation Xrotation Yrotation
						JOINT Head
						{
							OFFSET -0.0000 6.1289 1.9537
							CHANNELS 3 Zrotation Xrotation Yrotation
							JOINT Jaw
							{
								OFFSET 0.0026 0.4756 3.0949
								CHANNELS 3 Zrotation Xrotation Yrotation
								End Site
								{
									OFFSET 0.0 1.0 0.0
								}
							}
							JOINT LeftEye
							{
								OFFSET 3.2064 5.3802 7.5869
								CHANNELS 3 Zrotation Xrotation Yrotation
								End Site
								{
									OFFSET 0.0 1.0 0.0
								}
							}
							JOINT RightEye
							{
								OFFSET -3.2224 5.3619 7.5582
								CHANNELS 3 Zrotation Xrotation Yrotation
								End Site
								{
									OFFSET 0.0 1.0 0.0
								}
							}
						}
					}
				}
				JOINT LeftShoulder
				{
					OFFSET 1.6217 23.2372 5.1134
					CHANNELS 3 Zrotation Xrotation Yrotation
					JOINT LeftArm
					{
						OFFSET 14.9198 0.0000 -5.5023
						CHANNELS 3 Zrotation Xrotation Yrotation
						JOINT LeftForeArm
						{
							OFFSET 28.7393 0.0000 -0.0026
							CHANNELS 3 Zrotation Xrotation Yrotation
							JOINT LeftHand
							{
								OFFSET 27.0940 -0.0000 0.0026
								CHANNELS 3 Zrotation Xrotation Yrotation
								JOINT LeftHandThumbEnd
								{
									OFFSET 12.2686 -3.2202 4.8331
									CHANNELS 3 Zrotation Xrotation Yrotation
									End Site
									{
										OFFSET 0.0 1.0 0.0
									}
								}
								JOINT LeftHandMiddleEnd
								{
									OFFSET 19.0120 -0.3129 -0.0340
									CHANNELS 3 Zrotation Xrotation Yrotation
									End Site
									{
										OFFSET 0.0 1.0 0.0
									}
								}
							}
						}
					}
				}
				JOINT RightShoulder
				{
					OFFSET -1.3801 23.1803 5.2142
					CHANNELS 3 Zrotation Xrotation Yrotation
					JOINT RightArm
					{
						OFFSET -15.0372 0.0000 -5.5456
						CHANNELS 3 Zrotation Xrotation Yrotation
						JOINT RightForeArm
						{
							OFFSET -28.7366 0.0000 -0.0026
							CHANNELS 3 Zrotation Xrotation Yrotation
							JOINT RightHand
							{
								OFFSET -27.1336 -0.0000 0.0026
								CHANNELS 3 Zrotation Xrotation Yrotation
								JOINT RightHandThumbEnd
								{
									OFFSET -12.2642 -3.2115 4.8040
									CHANNELS 3 Zrotation Xrotation Yrotation
									End Site
									{
										OFFSET 0.0 1.0 0.0
									}
								}
								JOINT RightHandMiddleEnd
								{
									OFFSET -19.0006 -0.3066 -0.0316
									CHANNELS 3 Zrotation Xrotation Yrotation
									End Site
									{
										OFFSET 0.0 1.0 0.0
									}
								}
							}
						}
					}
				}
			}
		}
	}
	JOINT LeftLeg
	{
		OFFSET 10.0432 -8.4345 2.5957
		CHANNELS 3 Zrotation Xrotation Yrotation
		JOINT LeftShin
		{
			OFFSET -0.0000 -43.2218 -0.8029
			CHANNELS 3 Zrotation Xrotation Yrotation
			JOINT LeftFoot
			{
				OFFSET 0.0000 -42.1551 -3.4815
				CHANNELS 3 Zrotation Xrotation Yrotation
				JOINT LeftToeBase
				{
					OFFSET 0.0000 -5.0595 13.2315
					CHANNELS 3 Zrotation Xrotation Yrotation
					End Site
					{
						OFFSET 0.0 1.0 0.0
					}
				}
			}
		}
	}
	JOINT RightLeg
	{
		OFFSET -10.0473 -8.2953 2.6203
		CHANNELS 3 Zrotation Xrotation Yrotation
		JOINT RightShin
		{
			OFFSET 0.0000 -43.3622 -0.8056
			CHANNELS 3 Zrotation Xrotation Yrotation
			JOINT RightFoot
			{
				OFFSET 0.0000 -42.1174 -3.4784
				CHANNELS 3 Zrotation Xrotation Yrotation
				JOINT RightToeBase
				{
					OFFSET -0.0000 -5.0796 13.2842
					CHANNELS 3 Zrotation Xrotation Yrotation
					End Site
					{
						OFFSET 0.0 1.0 0.0
					}
				}
			}
		}
	}
}
MOTION
Frames: 240
Frame Time: 0.033333
-5.5280 88.3521 -0.6023 3.1715 0.7143 -0.3405 0.3573 9.3328 -0.9181 -0.2599 -1.4696 -1.9983 0.6431 14.3176 -5.0865 10.3030 20.0598 0.4030 -1.9600 -3.9850 -6.5813 9.2789 -12.3073 -11.7516 -0.0129 -0.0248 0.0758 0.7150 -10.5200 -3.7586 -0.7190 -10.5355 3.8968 12.9737 7.5007 -9.1105 -56.7790 -47.3304 -31.9845 0.4313 -0.0167 -122.1526 9.8303 6.8461 -5.5340 -15.4901 11.2208 16.1766 -61.7349 1.5191 2.0245 3.3485 11.1169 11.2316 68.6521 -30.8225 -26.6408 -1.2745 -0.2871 71.5797 -29.3176 12.5686 -2.1607 14.7921 7.1715 -16.0016 49.8813 -3.5512 -5.4229 12.1502 -21.1365 12.2688 -0.3306 49.9727 -0.8670 -17.5502 -27.0125 3.7169 1.6708 -1.1754 -1.8483 -6.2949 -49.0801 -40.2048 0.0120 43.2725 -0.0273 1.7236 3.5942 -8.8431 -1.4492 1.1691 0.9491
-5.4190 88.3768 -0.5760 3.2225 0.3873 -0.5888 0.3393 9.3580 -1.0079 -0.2170 -1.4836 -1.9847 0.6811 14.3918 -5.1388 10.1868 19.9604 0.4145 -2.0430 -3.9599 -6.5726 9.2852 -12.2395 -11.7938 -0.0338 -0.0492 0.1060 0.7021 -10.5083 -3.7247 -0.7473 -10.5204 3.9285 13.3249 7.5391 -8.9652 -56.6462 -47.6992 -32.8938 0.5519 -0.0976 -122.4974 9.7948 7.3143 -5.6572 -15.4763 11.2079 16.2415 -61.6177 1.4814 2.1165 3.2021 11.1697 11.1020 68.9839 -30.8104 -26.8421 -1.0653 -0.3893 71.9903 -29.3413 12.8885 -2.1426 14.8769 7.1917 -15.9723 49.9764 -3.4846 -5.3376 12.0717 -20.7580 12.6393 -0.3664 50.0027 -0.9155 -17.3524 -27.1962 3.5997 1.6816 -1.1145 -1.8717 -6.6883 -48.8885 -39.8626 -0.0283 43.1542 -0.0705 1.8273 3.8416 -8.6866 -1.4514 1.1249 0.9337
-5.1876 88.3817 -0.6197 3.2555 0.1300 -0.8284 0.3254 9.3405 -1.0561 -0.1824 -1.5122 -2.0483 0.7609 14.4451 -5.1723 10.0965 19.9481 0.4184 -2.1036 -3.9603 -6.6045 9.2526 -12.2130 -11.7770 -0.0562 -0.0574 0.1452 0.6840 -10.5311 -3.6881 -0.7732 -10.5389 3.9760 13.5472 7.5404 -8.9366 -56.5538 -47.9132 -33.6745 0.6664 -0.1109 -122.7722 9.7286 7.7747 -5.7790 -15.5488 11.1761 16.2422 -61.5732 1.4588 2.0967 3.1730 11.2055 11.0482 69.0230 -30.6468 -26.8219 -1.0263 -0.4731 72.3776 -29.4535 13.2174 -2.2653 14.9095 7.2102 -15.9606 50.0124 -3.4860 -5.2768 11.9955 -20.4785 12.9725 -0.3710 50.0998 -0.8993 -17.1854 -27.3890 3.5526 1.6888 -0.9857 -1.8873 -6.9879 -48.8325 -39.6581 -0.0460 43.1017 -0.1039 1.8878 4.0994 -8.4893 -1.4526 1.0920 0.9458
-4.9864 88.3921 -0.7004 3.2505 -0.0720 -1.0810 0.3299 9.2907 -1.0891 -0.1578 -1.5428 -2.0878 0.8677 14.5008 -5.2183 9.9883 19.9575 0.4357 -2.1019 -3.9602 -6.6703 9.1772 -12.2862 -11.7071 -0.0647 -0.0575 0.1635 0.6738 -10.5604 -3.6773 -0.7796 -10.5657 4.0023 13.6554 7.5474 -8.8990 -56.5712 -48.1030 -34.2042 0.6563 -0.0919 -122.9319 9.6951 8.0084 -5.8325 -15.5678 11.1350 16.1929 -61.5518 1.4488 2.0722 3.1751 11.3008 10.9994 68.9921 -30.4596 -26.7376 -1.0563 -0.5090 72.7214 -29.5534 13.5459 -2.4592 14.9316 7.2383 -15.9726 50.0785 -3.4443 -5.2591 11.9212 -20.2685 13.2447 -0.3473 50.1781 -0.8538 -17.0711 -27.5049 3.5690 1.6886 -0.9018 -1.9095 -7.1577 -48.7462 -39.5632 -0.0567 42.9722 -0.1278 1.9033 4.3673 -8.2660 -1.4515 1.0540 0.9450
-4.7502 88.4002 -0.7876 3.2240 -0.2369 -1.3045 0.3408 9.2545 -1.0951 -0.1437 -1.5879 -2.1408 0.9642 14.5632 -5.2831 9.9051 19.9661 0.4554 -2.0775 -3.9618 -6.7239 9.1144 -12.3948 -11.6492 -0.0690 -0.0535 0.1770 0.6665 -10.5631 -3.6648 -0.7806 -10.5659 4.0175 13.7865 7.5349 -8.8626 -56.6882 -48.2265 -34.5891 0.6918 -0.0828 -123.0728 9.7239 8.1611 -5.8690 -15.5870 11.0990 16.1548 -61.5267 1.4614 2.0737 3.2460 11.3895 10.9854 68.9683 -30.2366 -26.7547 -1.0613 -0.5200 73.0438 -29.6188 13.8435 -2.6698 14.9341 7.2862 -15.9769 50.0959 -3.3879 -5.1798 11.8544 -20.1301 13.5339 -0.3344 50.2844 -0.8248 -16.9277 -27.6206 3.5785 1.6833 -0.8353 -1.9259 -7.2187 -48.6626 -39.5907 -0.0718 42.7797 -0.1578 1.9077 4.6494 -8.0943 -1.4512 0.9923 0.9424
-4.5652 88.4087 -0.9055 3.1983 -0.3686 -1.5082 0.3450 9.2175 -1.1425 -0.1464 -1.5895 -2.1487 1.0382 14.6145 -5.3814 9.8264 19.9669 0.4747 -2.0566 -3.9655 -6.7817 9.0717 -12.4576 -11.5976 -0.0695 -0.0545 0.1834 0.6626 -10.5540 -3.6580 -0.7782 -10.5603 4.0229 13.9280 7.5211 -8.8127 -56.8101 -48.3368 -34.8461 0.7606 -0.0620 -123.1623 9.7630 8.0931 -5.8931 -15.5898 11.0419 16.1224 -61.5140 1.4671 2.0845 3.3712 11.4605 10.9838 69.0018 -30.0591 -26.8457 -1.0498 -0.5402 73.3262 -29.6188 14.1126 -2.8869 14.9393 7.3173 -15.9707 50.1306 -3.3632 -5.1126 11.7755 -20.0503 13.8009 -0.3070 50.3951 -0.7818 -16.7807 -27.7288 3.5615 1.6783 -0.7816 -1.9332 -7.2029 -48.5690 -39.6585 -0.0606 42.5334 -0.1485 1.8601 4.9034 -8.0356 -1.4483 0.9778 0.9370
-4.4083 88.4191 -1.0291 3.1731 -0.4871 -1.7359 0.3364 9.2137 -1.1430 -0.1432 -1.6070 -2.2207 1.0649 14.6628 -5.4367 9.7495 20.0125 0.5026 -2.0690 -3.9649 -6.7919 9.0328 -12.4868 -11.5877 -0.0710 -0.0555 0.1908 0.6600 -10.5581 -3.6501 -0.7774 -10.5694 4.0291 14.0016 7.5362 -8.7569 -56.9873 -48.4173 -34.9085 0.7496 -0.0210 -123.2145 9.8439 7.9338 -5.9267 -15.5694 11.0033 16.0686 -61.5256 1.4359 2.0279 3.5636 11.5279 11.0320 69.0137 -29.8739 -26.9165 -1.0162 -0.5971 73.5357 -29.6349 14.3560 -2.9896 14.9556 7.3157 -16.0021 50.1294 -3.3778 -5.0980 11.7046 -20.0029 14.0754 -0.3041 50.5381 -0.7732 -16.6439 -27.8327 3.5408 1.6753 -0.7641 -1.9454 -7.1936 -48.4920 -39.6487 -0.0682 42.3380 -0.1623 1.8223 5.1183 -7.9796 -1.4480 0.9404 0.9249
-4.2577 88.4121 -1.1574 3.1597 -0.5863 -1.9069 0.3144 9.1970 -1.1726 -0.1452 -1.5941 -2.2614 1.0713 14.6760 -5.5144 9.6862 20.0760 0.5250 -2.0789 -3.9672 -6.8039 8.9559 -12.5404 -11.5486 -0.0712 -0.0595 0.1898 0.6565 -10.5527 -3.6492 -0.7749 -10.5687 4.0273 14.0599 7.5399 -8.7166 -57.1671 -48.4370 -34.8894 0.7533 0.0276 -123.3209 9.9733 7.8184 -5.9320 -15.5838 10.9653 16.0607 -61.5075 1.4253 1.9932 3.7728 11.6001 11.0551 69.0695 -29.6776 -26.9601 -1.0171 -0.6406 73.7814 -29.6799 14.6398 -3.1111 14.9988 7.2977 -16.0176 50.1454 -3.4208 -5.0871 11.6501 -19.9489 14.2809 -0.3002 50.6286 -0.7597 -16.5436 -27.8978 3.5079 1.6728 -0.7230 -1.9401 -7.1701 -48.4237 -39.6984 -0.0497 42.1406 -0.1387 1.7819 5.3019 -7.9507 -1.4452 0.9212 0.9114
-4.1314 88.4076 -1.2678 3.1438 -0.6906 -2.0600 0.2852 9.1948 -1.1688 -0.1440 -1.6024 -2.3197 1.0575 14.7182 -5.5717 9.6498 20.1462 0.5567 -2.0860 -3.9599 -6.8035 8.8311 -12.6000 -11.5017 -0.0705 -0.0584 0.1861 0.6576 -10.5551 -3.6517 -0.7740 -10.5745 4.0218 14.1042 7.5615 -8.7077 -57.2589 -48.4439 -34.8483 0.7796 0.0304 -123.4302 10.1285 7.7325 -5.9437 -15.5290 10.9264 16.0428 -61.4530 1.4018 1.9553 3.9626 11.6786 11.0857 69.1087 -29.4822 -26.9409 -1.0319 -0.6977 74.0023 -29.7678 14.8173 -3.1590 15.0290 7.2877 -16.0262 50.1343 -3.4296 -5.1002 11.6079 -19.8980 14.4501 -0.2947 50.7528 -0.7454 -16.4799 -27.9860 3.4899 1.6694 -0.6576 -1.9395 -7.1527 -48.4024 -39.7186 -0.0441 42.0799 -0.1325 1.7624 5.3883 -7.8650 -1.4439 0.9330 0.9106
-4.0720 88.3820 -1.3669 3.1334 -0.7999 -2.1893 0.2515 9.1760 -1.1865 -0.1499 -1.5929 -2.3414 1.0438 14.7509 -5.6529 9.6108 20.2364 0.5807 -2.0971 -3.9529 -6.7866 8.6986 -12.6745 -11.4693 -0.0670 -0.0586 0.1764 0.6569 -10.5535 -3.6593 -0.7678 -10.5765 4.0101 14.1403 7.5711 -8.6757 -57.3411 -48.4288 -34.8059 0.8307 0.0148 -123.5675 10.2590 7.7822 -5.9605 -15.5390 10.8951 16.0448 -61.4118 1.4067 1.9626 4.1481 11.7656 11.1058 69.1270 -29.3027 -26.8251 -1.0742 -0.6947 74.2794 -29.9089 14.9181 -3.2193 15.0357 7.2835 -15.9789 50.1413 -3.4330 -5.0726 11.5924 -19.8199 14.5520 -0.2966 50.8514 -0.7440 -16.4274 -28.0468 3.4968 1.6682 -0.6021 -1.9254 -7.1455 -48.3814 -39.7444 -0.0116 42.0721 -0.0940 1.7376 5.4318 -7.7827 -1.4413 0.9742 0.9162
-4.0380 88.3695 -1.4352 3.1344 -0.9039 -2.2932 0.2102 9.1465 -1.1875 -0.1586 -1.5963 -2.3826 1.0179 14.7913 -5.7010 9.5816 20.3460 0.5883 -2.1230 -3.9534 -6.7540 8.6202 -12.7327 -11.4903 -0.0667 -0.0591 0.1737 0.6557 -10.5622 -3.6635 -0.7660 -10.5821 4.0083 14.1680 7.5755 -8.6542 -57.4188 -48.4014 -34.7965 0.8924 -0.0129 -123.6784 10.3445 7.9607 -6.0203 -15.5809 10.8645 16.0424 -61.4004 1.4159 1.9707 4.3725 11.8678 11.1101 69.1431 -29.1688 -26.7429 -1.0403 -0.7384 74.5554 -30.0859 14.9647 -3.1839 15.0001 7.2717 -15.9483 50.1202 -3.4280 -5.0504 11.5715 -19.7452 14.6436 -0.2997 50.9621 -0.7543 -16.3805 -28.1062 3.5156 1.6685 -0.5590 -1.9210 -7.1762 -48.3711 -39.7067 0.0100 42.1131 -0.0689 1.7180 5.4395 -7.7217 -1.4402 1.0223 0.9269
-4.0032 88.3651 -1.4780 3.1324 -0.9991 -2.3776 0.1748 9.1048 -1.1950 -0.1734 -1.6031 -2.3999 1.0022 14.8397 -5.7672 9.5628 20.4540 0.5931 -2.1590 -3.9551 -6.7501 8.5454 -12.7989 -11.5154 -0.0665 -0.0604 0.1727 0.6546 -10.5636 -3.6666 -0.7638 -10.5817 4.0087 14.2000 7.5783 -8.6366 -57.5192 -48.3706 -34.7793 0.9312 0.0124 -123.7830 10.4484 8.1997 -6.0884 -15.6301 10.8322 16.0488 -61.3827 1.4268 2.0011 4.6114 11.9736 11.1389 69.1884 -29.0599 -26.7210 -0.9569 -0.7492 74.8513 -30.2571 15.0063 -3.0963 14.9345 7.2320 -15.8980 50.0463 -3.4444 -5.0270 11.5710 -19.6611 14.6911 -0.3046 51.0410 -0.7608 -16.3385 -28.1213 3.5452 1.6691 -0.5708 -1.9196 -7.2264 -48.3351 -39.6099 0.0297 42.1703 -0.0444 1.6815 5.4198 -7.7416 -1.4407 1.0544 0.9278
-3.9712 88.3716 -1.4978 3.1203 -1.0831 -2.4407 0.1488 9.0604 -1.2304 -0.1877 -1.6014 -2.3848 0.9968 14.8923 -5.8272 9.5659 20.5527 0.5868 -2.1803 -3.9724 -6.7743 8.4397 -12.8491 -11.4972 -0.0642 -0.0641 0.1656 0.6527 -10.5658 -3.6723 -0.7587 -10.5845 4.0009 14.2516 7.5869 -8.6264 -57.6868 -48.3745 -34.7587 0.9312 0.0132 -123.8697 10.5365 8.4872 -6.2072 -15.6319 10.8164 16.0609 -61.3721 1.4317 2.0167 4.8343 12.0643 11.1730 69.2058 -28.9287 -26.6419 -0.9394 -0.7785 75.1410 -30.4344 15.0844 -2.9912 14.8642 7.2246 -15.8843 50.0200 -3.4517 -4.9934 11.5909 -19.5832 14.6550 -0.3071 51.0927 -0.7705 -16.2915 -28.1340 3.6043 1.6694 -0.5978 -1.9172 -7.2770 -48.2591 -39.4595 0.0423 42.1918 -0.0346 1.6229 5.3936 -7.7936 -1.4392 1.0498 0.9179
-3.9620 88.3895 -1.5166 3.1068 -1.1507 -2.5178 0.1271 9.0097 -1.2421 -0.1950 -1.6187 -2.4052 0.9889 14.9503 -5.8674 9.5642 20.6652 0.5680 -2.2155 -3.9856 -6.7557 8.3705 -12.9111 -11.5156 -0.0671 -0.0673 0.1698 0.6439 -10.5642 -3.6677 -0.7557 -10.5833 4.0060 14.3011 7.6160 -8.6256 -57.8921 -48.4061 -34.7189 0.8797 0.0106 -123.9509 10.6596 8.7437 -6.3469 -15.6839 10.8012 16.0340 -61.4306 1.4319 2.0258 5.0701 12.1748 11.2648 69.2694 -28.8006 -26.6306 -0.9273 -0.8011 75.3807 -30.5961 15.1432 -2.8851 14.8152 7.2128 -15.8806 49.9733 -3.4377 -4.9966 11.6112 -19.4934 14.6386 -0.3032 51.0700 -0.7673 -16.2435 -28.1146 3.6653 1.6708 -0.6044 -1.9134 -7.3208 -48.1485 -39.2523 0.0337 42.1649 -0.0486 1.5381 5.3638 -7.8650 -1.4396 1.0066 0.9111
-3.9695 88.4319 -1.5356 3.0983 -1.2053 -2.6021 0.1109 8.9735 -1.2543 -0.1990 -1.6464 -2.4181 0.9676 15.0179 -5.9073 9.5409 20.7678 0.5429 -2.2329 -3.9901 -6.7431 8.3230 -12.9742 -11.5281 -0.0719 -0.0733 0.1778 0.6318 -10.5605 -3.6563 -0.7526 -10.5765 4.0121 14.3393 7.6490 -8.6477 -58.0932 -48.4471 -34.7341 0.8018 0.0117 -124.0229 10.8028 8.9970 -6.5036 -15.7059 10.7954 16.0138 -61.4137 1.4440 2.0239 5.2878 12.2905 11.3982 69.3442 -28.6987 -26.6742 -0.8989 -0.8529 75.6165 -30.7048 15.0724 -2.7399 14.7695 7.2215 -15.8771 49.9231 -3.4156 -4.9981 11.6305 -19.3936 14.5908 -0.3125 51.0154 -0.7804 -16.1852 -28.0515 3.7013 1.6696 -0.6085 -1.9128 -7.3737 -48.0360 -38.9794 0.0247 42.1308 -0.0592 1.4597 5.3060 -7.9787 -1.4381 0.9833 0.9150
-3.9890 88.4611 -1.5369 3.0989 -1.2435 -2.7033 0.1015 8.9470 -1.2662 -0.2079 -1.6710 -2.4338 0.9364 15.0865 -5.9503 9.5158 20.8897 0.5123 -2.2528 -3.9965 -6.6930 8.2686 -13.0477 -11.5099 -0.0739 -0.0769 0.1816 0.6235 -10.5543 -3.6485 -0.7489 -10.5705 4.0134 14.3722 7.6704 -8.6970 -58.2504 -48.4539 -34.8336 0.7679 -0.0246 -124.0627 10.9903 9.1825 -6.6751 -15.7214 10.7606 15.9479 -61.3497 1.4510 2.0288 5.4840 12.4030 11.5493 69.4413 -28.6256 -26.7236 -0.8861 -0.9053 75.8580 -30.7866 14.9399 -2.5224 14.7363 7.2224 -15.8678 49.9031 -3.4099 -4.9874 11.6261 -19.3057 14.5476 -0.3138 50.9522 -0.7753 -16.1323 -27.9581 3.7200 1.6669 -0.6143 -1.9051 -7.4273 -47.9358 -38.6541 0.0244 42.0998 -0.0599 1.3698 5.2616 -8.0736 -1.4382 0.9878 0.9250
-4.0439 88.5096 -1.5477 3.1067 -1.2779 -2.8008 0.1022 8.9198 -1.2871 -0.2209 -1.6712 -2.4280 0.8984 15.1504 -6.0125 9.5007 21.0113 0.5155 -2.2573 -4.0011 -6.6965 8.2163 -13.1124 -11.4675 -0.0732 -0.0785 0.1790 0.6197 -10.5470 -3.6486 -0.7449 -10.5622 4.0095 14.4110 7.6456 -8.7538 -58.3991 -48.4031 -34.9994 0.7851 -0.0708 -124.0579 11.1994 9.2857 -6.8284 -15.7093 10.7390 15.9149 -61.2743 1.4533 2.0210 5.6508 12.5213 11.6756 69.5836 -28.6170 -26.8009 -0.8510 -0.8792 76.1223 -30.9187 14.7906 -2.3634 14.7336 7.2120 -15.8566 49.8998 -3.4232 -4.9913 11.6188 -19.2214 14.4803 -0.3038 50.8724 -0.7613 -16.0839 -27.8337 3.7616 1.6655 -0.6130 -1.8983 -7.4823 -47.8246 -38.3150 0.0344 42.0226 -0.0437 1.2248 5.2394 -8.2120 -1.4376 1.0096 0.9274
-4.1058 88.5370 -1.5916 3.1190 -1.3156 -2.8926 0.1055 8.8896 -1.2818 -0.2278 -1.6896 -2.4634 0.8531 15.2490 -6.0415 9.4975 21.1657 0.5259 -2.2744 -4.0004 -6.6862 8.2161 -13.1327 -11.4652 -0.0768 -0.0752 0.1856 0.6138 -10.5429 -3.6385 -0.7460 -10.5580 4.0135 14.4249 7.6599 -8.8192 -58.3984 -48.3151 -35.3300 0.8829 -0.1338 -124.0225 11.3738 9.3948 -6.9391 -15.6528 10.7300 15.8634 -61.2006 1.4531 1.9939 5.7845 12.6396 11.8148 69.7093 -28.6037 -26.8794 -0.8355 -0.9307 76.3785 -31.0365 14.5686 -2.1419 14.6940 7.2082 -15.8538 49.8793 -3.4200 -4.9984 11.5754 -19.1580 14.3761 -0.2942 50.8431 -0.7436 -16.0160 -27.7366 3.8783 1.6650 -0.6153 -1.9032 -7.5839 -47.7327 -37.8755 0.0314 41.9768 -0.0496 1.0356 5.2328 -8.4127 -1.4396 1.0485 0.9290
-4.1955 88.5726 -1.6383 3.1336 -1.3654 -2.9722 0.1050 8.8555 -1.2997 -0.2360 -1.6882 -2.4904 0.7981 15.3406 -6.0539 9.4915 21.3248 0.5517 -2.2637 -3.9940 -6.6986 8.2036 -13.0976 -11.4310 -0.0797 -0.0695 0.1904 0.6055 -10.5438 -3.6317 -0.7434 -10.5528 4.0172 14.4510 7.6252 -8.9121 -58.4014 -48.1403 -35.6493 0.9867 -0.1778 -123.9115 11.5401 9.5623 -7.0602 -15.5993 10.7332 15.8743 -61.1786 1.4360 1.9643 5.8817 12.7446 11.9738 69.8163 -28.5747 -27.0031 -0.7656 -0.9572 76.6298 -31.1331 14.3444 -1.9417 14.7095 7.1799 -15.8820 49.8511 -3.4416 -5.0432 11.5536 -19.0674 14.2586 -0.2780 50.7667 -0.7171 -15.9208 -27.5944 3.9885 1.6681 -0.6604 -1.9050 -7.6921 -47.6059 -37.4257 0.0288 41.9155 -0.0508 0.8555 5.2069 -8.6888 -1.4394 1.0659 0.9260
-4.3311 88.6104 -1.7121 3.1301 -1.4354 -3.0259 0.0922 8.8366 -1.3207 -0.2396 -1.6979 -2.5188 0.7380 15.4575 -6.0427 9.4821 21.5691 0.5367 -2.2444 -3.9929 -6.6625 8.2228 -13.0639 -11.3788 -0.0871 -0.0683 0.2022 0.5955 -10.5490 -3.6207 -0.7487 -10.5564 4.0334 14.5230 7.6421 -9.0180 -58.2391 -47.9387 -36.0873 1.2001 -0.2228 -123.7993 11.6871 9.7222 -7.1782 -15.5362 10.7669 15.9029 -61.1805 1.4142 1.9727 5.9309 12.8305 12.1198 69.9515 -28.4638 -27.1756 -0.6588 -0.9873 76.9214 -31.2627 14.1473 -1.7415 14.7219 7.1623 -15.8759 49.8597 -3.4390 -5.0548 11.5641 -18.9830 14.1604 -0.2760 50.7024 -0.7172 -15.8751 -27.4963 4.1331 1.6674 -0.7061 -1.9066 -7.8137 -47.4688 -36.9664 0.0203 41.8729 -0.0573 0.6777 5.1875 -8.9455 -1.4389 1.0652 0.9137
-4.5342 88.6606 -1.7822 3.1087 -1.5259 -3.1101 0.0630 8.8206 -1.3438 -0.2550 -1.6992 -2.5167 0.6495 15.5605 -6.0367 9.5311 21.8439 0.5218 -2.2149 -3.9912 -6.6073 8.2636 -13.0138 -11.3016 -0.0927 -0.0659 0.2120 0.5847 -10.5505 -3.6116 -0.7481 -10.5545 4.0442 14.6720 7.6280 -9.1066 -58.2163 -47.7453 -36.3310 1.2898 -0.2433 -123.6656 11.9099 9.7039 -7.3274 -15.5084 10.8065 15.9480 -61.2072 1.4177 1.9824 5.9605 12.8742 12.2718 70.0161 -28.2434 -27.2815 -0.5256 -0.9592 77.1709 -31.4365 13.9099 -1.5171 14.7282 7.1520 -15.8727 49.8692 -3.4463 -5.0461 11.6266 -18.8555 14.0654 -0.2865 50.5689 -0.7390 -15.8898 -27.3406 4.2812 1.6677 -0.7520 -1.9089 -7.8828 -47.2719 -36.5203 0.0020 41.7940 -0.0634 0.4766 5.1789 -9.2089 -1.4385 1.0201 0.9069
-4.8143 88.7227 -1.8701 3.0600 -1.6520 -3.2340 0.0007 8.8506 -1.3993 -0.2879 -1.6893 -2.4825 0.5332 15.6493 -6.0099 9.6400 22.1601 0.4522 -2.1433 -3.9877 -6.5282 8.3229 -12.9063 -11.1291 -0.0903 -0.0672 0.2061 0.5839 -10.5568 -3.6202 -0.7432 -10.5560 4.0406 14.9350 7.6216 -9.2006 -58.2463 -47.5428 -36.4016 1.3613 -0.2922 -123.5484 12.1466 9.5772 -7.4769 -15.4890 10.8437 16.0119 -61.2587 1.4249 2.0148 5.9311 12.9128 12.4171 70.1145 -27.8948 -27.2849 -0.4561 -0.9106 77.3301 -31.6548 13.6771 -1.2446 14.7898 7.1548 -15.8793 49.9144 -3.4250 -5.0446 11.7522 -18.6980 13.9809 -0.3108 50.4058 -0.7847 -15.9641 -27.1716 4.4638 1.6671 -0.7977 -1.9015 -7.8740 -47.0423 -36.1083 -0.0140 41.7323 -0.0636 0.2067 5.1639 -9.4323 -1.4384 0.9671 0.8944
-5.1483 88.7594 -1.9668 2.9610 -1.7931 -3.4130 -0.1028 8.9221 -1.4209 -0.3463 -1.6783 -2.4640 0.3875 15.7275 -5.9828 9.8421 22.4752 0.3786 -2.0742 -3.9746 -6.3668 8.4575 -12.6847 -10.9307 -0.0867 -0.0675 0.2001 0.5873 -10.5720 -3.6315 -0.7374 -10.5666 4.0360 15.2249 7.6306 -9.2869 -58.1401 -47.2582 -36.4678 1.4372 -0.3811 -123.4322 12.4307 9.3708 -7.6366 -15.5060 10.8647 16.0634 -61.3661 1.4251 2.0777 5.8655 12.9480 12.5784 70.2102 -27.4289 -27.1377 -0.4048 -0.8642 77.3060 -32.0392 13.5407 -0.9309 14.8504 7.2025 -15.9391 49.9542 -3.4228 -5.0598 11.9924 -18.5766 13.8612 -0.3427 50.3228 -0.8308 -16.1476 -26.9675 4.6850 1.6677 -0.8501 -1.8908 -7.7463 -46.8048 -35.6648 -0.0314 41.7854 -0.0596 -0.0800 5.0701 -9.7093 -1.4400 0.9359 0.8908
-5.5385 88.7403 -2.0993 2.8147 -1.9217 -3.6823 -0.2659 9.0393 -1.4368 -0.4483 -1.6415 -2.4299 0.1980 15.7689 -5.9505 10.2420 22.7154 0.3109 -2.0124 -3.9739 -6.2017 8.6265 -12.3279 -10.6946 -0.0752 -0.0682 0.1789 0.6025 -10.5873 -3.6594 -0.7287 -10.5776 4.0169 15.4972 7.6949 -9.4240 -57.8278 -46.9831 -36.4450 1.5382 -0.4356 -123.2441 12.7530 8.9795 -7.8773 -15.5684 10.8734 16.0616 -61.5373 1.3995 2.1114 5.8271 13.0154 12.7477 70.2801 -26.9439 -26.8001 -0.3721 -0.8071 77.0530 -32.6301 13.4295 -0.6187 14.8648 7.2214 -15.9819 49.9394 -3.4383 -5.0729 12.3514 -18.5935 13.6826 -0.3654 50.4374 -0.8500 -16.3915 -26.8066 4.9816 1.6680 -0.9235 -1.8829 -7.4409 -46.6256 -35.2797 -0.0647 41.9819 -0.0890 -0.4443 4.8548 -10.0135 -1.4427 0.8845 0.8909
-5.9929 88.6257 -2.2964 2.6052 -1.9833 -4.0629 -0.5054 9.1927 -1.4374 -0.5841 -1.5998 -2.3999 -0.0498 15.7905 -5.9148 10.7992 22.8868 0.2390 -1.9577 -3.9820 -5.9585 8.8262 -11.9641 -10.4007 -0.0654 -0.0688 0.1618 0.6221 -10.6088 -3.6846 -0.7276 -10.6015 4.0036 15.6875 7.8302 -9.5972 -57.2692 -46.7569 -36.2525 1.5973 -0.4574 -122.9798 13.1222 8.4236 -8.1467 -15.6358 10.8680 16.0285 -61.6680 1.3655 2.1662 5.8228 13.1279 12.8882 70.3112 -26.4878 -26.0725 -0.4684 -0.7568 76.6332 -33.3398 13.3276 -0.3833 14.8119 7.2181 -15.9746 49.8689 -3.4973 -5.0908 12.8600 -18.8549 13.3940 -0.3641 50.8380 -0.8244 -16.7897 -26.6887 5.3497 1.6643 -0.9209 -1.8777 -6.8367 -46.6054 -34.9766 -0.1070 42.4382 -0.1402 -0.8907 4.5465 -10.3075 -1.4455 0.8262 0.9016
-6.5590 88.3933 -2.6107 2.3246 -1.9551 -4.5720 -0.8220 9.3891 -1.4456 -0.7437 -1.5389 -2.3712 -0.3614 15.7684 -5.8609 11.5511 23.0295 0.1387 -1.8984 -3.9977 -5.6689 9.0745 -11.5815 -10.0666 -0.0627 -0.0706 0.1539 0.6374 -10.6093 -3.6932 -0.7377 -10.6045 3.9966 15.8109 7.9995 -9.7829 -56.5086 -46.6220 -35.9753 1.6307 -0.5384 -122.5869 13.5921 7.8487 -8.4896 -15.6873 10.8486 15.9886 -61.7314 1.3477 2.1918 5.9080 13.2088 13.0028 70.2406 -26.0720 -24.9774 -0.6375 -0.7380 76.0791 -34.1301 13.1740 -0.1851 14.7843 7.2256 -15.9618 49.8657 -3.5282 -5.1118 13.5323 -19.3959 12.9827 -0.3630 51.5554 -0.7998 -17.3405 -26.6047 5.7779 1.6579 -0.8278 -1.8685 -5.8941 -46.8483 -34.8522 -0.1723 43.2541 -0.2313 -1.3600 4.2546 -10.4949 -1.4474 0.7266 0.9233
-7.2894 88.0275 -3.0418 1.9088 -1.8450 -5.1717 -1.1726 9.6074 -1.4613 -0.9319 -1.4753 -2.2906 -0.7017 15.7940 -5.7435 12.5301 23.1718 -0.1353 -1.9451 -3.9459 -5.1469 9.5120 -11.2305 -9.8641 -0.1054 -0.0550 0.2218 0.5954 -10.6017 -3.6249 -0.7815 -10.5976 4.0788 15.8116 8.4225 -10.0170 -55.2601 -46.5862 -36.0114 1.6664 -0.6822 -121.9991 14.1102 7.0500 -9.1858 -15.6234 10.9085 16.0910 -61.7167 1.3728 2.3473 6.0601 13.1362 13.0130 70.0287 -25.6506 -23.6302 -0.8245 -0.6189 75.4450 -35.0253 12.7337 -0.0582 14.8678 7.2764 -15.9968 49.9112 -3.5366 -5.1082 14.4926 -20.2577 12.2805 -0.4001 52.6452 -0.8150 -18.1855 -26.5747 6.4349 1.6426 -0.5440 -1.8923 -4.4931 -47.4403 -35.0368 -0.2001 44.6105 -0.3363 -1.5823 4.0439 -10.4827 -1.4597 0.6325 0.8850
-8.1067 87.5590 -3.5645 1.2461 -1.6878 -5.9068 -1.5192 9.8756 -1.3582 -1.1299 -1.3630 -2.2887 -1.0167 15.8788 -5.5768 13.6740 23.3162 -0.4105 -1.9423 -3.9605 -4.7050 9.9645 -10.7124 -9.5901 -0.1012 -0.0575 0.2034 0.5997 -10.5880 -3.6335 -0.7771 -10.5912 4.0508 15.6764 8.7281 -10.1351 -53.7915 -46.4213 -36.3787 1.6011 -0.8006 -121.2750 14.5851 6.6244 -9.6736 -15.6327 10.8273 15.9764 -61.6196 1.3100 2.3652 6.2997 13.0040 13.1859 69.8720 -25.5177 -22.4359 -0.9865 -0.5798 74.6856 -35.8909 12.5280 -0.1490 14.8131 7.3287 -15.9851 50.0042 -3.4850 -5.0896 15.8891 -21.3370 11.4534 -0.4353 53.9345 -0.8623 -19.1537 -26.5455 7.0375 1.6385 -0.2612 -1.8989 -2.8844 -48.3167 -35.4406 -0.2018 46.6969 -0.4452 -0.8198 4.0799 -9.3312 -1.4500 0.2892 0.9366
-9.0172 87.0515 -4.1256 0.2455 -1.5558 -6.7559 -1.7905 10.1338 -1.1739 -1.2724 -1.1895 -2.2330 -1.2103 16.0866 -5.3480 14.8534 23.4894 -0.6749 -1.8446 -3.9192 -4.3771 10.3267 -9.9502 -9.0840 -0.0752 -0.0496 0.1410 0.6387 -10.6134 -3.6910 -0.7628 -10.6082 3.9756 15.3971 9.1708 -10.0883 -52.0475 -46.1226 -37.3025 1.5532 -0.8555 -120.2711 14.9485 5.9101 -10.1114 -15.7120 10.9742 16.0035 -61.6935 1.2256 2.3104 6.4864 12.6795 13.4094 69.6504 -25.7598 -21.4312 -1.1342 -0.5186 73.6505 -36.7858 12.2470 -0.3679 14.7836 7.3341 -15.9198 50.0650 -3.4370 -5.1112 17.8999 -22.5568 10.6301 -0.5598 55.2906 -1.0865 -20.1070 -26.3798 7.3564 1.6296 -0.0611 -1.8810 -1.5477 -49.5923 -35.7263 -0.0912 49.7447 -0.4065 2.3122 5.4893 -5.5630 -1.4209 -0.5822 0.9259
-10.1024 86.5571 -4.6382 -0.8753 -1.4887 -7.4243 -1.9455 10.2304 -0.9716 -1.3637 -1.0575 -2.1632 -1.2688 16.4847 -5.0383 15.7852 23.8773 -0.9307 -1.8066 -3.9185 -4.1425 10.6684 -9.1743 -8.7068 -0.0496 -0.0292 0.0863 0.6581 -10.6025 -3.7453 -0.7277 -10.5960 3.9116 14.7538 9.4108 -10.0356 -50.9253 -45.6081 -38.0185 1.2410 -0.8077 -118.6766 14.8862 5.0460 -10.5582 -15.4546 11.0731 16.0187 -61.4908 1.1833 2.2811 6.3650 12.3262 13.6304 69.7040 -26.4418 -21.1553 -1.0205 -0.5346 72.0992 -37.2925 11.5981 -0.2333 14.7783 7.2733 -15.8499 50.0593 -3.4802 -5.0914 20.3749 -23.7515 9.8775 -0.6722 56.4657 -1.2183 -21.1653 -25.9667 7.2316 1.6292 0.0652 -1.8441 -2.5165 -51.0804 -34.0231 0.3352 53.5272 0.0555 8.9774 6.8209 1.1643 -1.3945 -1.4819 0.9679
-11.3707 86.0465 -5.0535 -1.7324 -1.5197 -7.6982 -1.9645 10.1997 -0.7921 -1.4066 -0.9907 -1.9920 -1.4595 16.7992 -4.8932 16.3981 24.6532 -1.0726 -1.7819 -3.9369 -4.0444 10.8803 -8.2919 -8.5138 -0.0387 -0.0043 0.0534 0.6631 -10.6446 -3.7894 -0.7092 -10.6304 3.8858 13.8542 9.6073 -9.9977 -50.2757 -44.8946 -38.7991 1.0128 -0.6947 -116.4945 14.5673 4.1670 -10.8288 -15.1387 11.2428 16.1729 -61.3238 1.1301 2.3292 5.8311 12.0474 13.8520 70.0336 -27.1770 -21.4956 -0.9392 -0.5556 70.0990 -37.4626 10.7207 -0.1463 14.8892 7.1918 -15.8723 50.1220 -3.5904 -5.0964 22.8247 -24.7697 9.4271 -0.8074 57.3192 -1.3725 -22.1092 -25.3478 6.4011 1.6340 -0.0242 -1.8154 -6.9243 -51.9891 -29.5178 1.1205 56.3595 1.1043 13.6466 6.0113 5.9245 -1.4238 -1.3938 0.9950
-12.8201 85.4732 -5.3069 -2.1068 -1.4992 -7.5910 -1.8512 10.0207 -0.5860 -1.4057 -0.9445 -1.8154 -1.7995 16.9155 -4.8609 16.6989 25.5014 -0.9989 -1.8077 -3.9611 -4.1558 11.0023 -7.2935 -8.6440 -0.0236 0.0116 0.0185 0.6673 -10.7485 -3.8538 -0.6786 -10.7150 3.8681 12.7881 9.5723 -10.0085 -50.1024 -44.2320 -39.3037 0.8361 -0.7430 -114.1131 14.1736 3.8802 -10.7704 -14.8698 11.2587 16.1946 -61.2816 1.0773 2.3341 4.9424 11.8316 14.0018 70.0769 -27.7843 -21.9490 -1.0436 -0.4438 67.6062 -37.4032 9.4568 -0.1546 14.9425 7.1946 -15.9975 50.1951 -3.6361 -5.0865 24.8813 -25.7706 9.4558 -0.8246 57.8281 -1.4876 -23.0197 -24.7073 4.8106 1.6367 -0.1388 -1.8250 -14.6198 -51.2558 -21.8410 1.6800 56.1147 1.9539 10.4158 3.8110 3.0671 -1.4805 -1.2392 0.9598
-14.5632 84.8952 -5.4732 -1.9151 -1.2686 -7.2398 -1.7784 9.6536 -0.3797 -1.4092 -0.9535 -1.5112 -2.1305 16.8134 -5.0267 16.7439 26.2416 -0.7687 -1.9802 -3.9726 -4.4502 11.0727 -6.2302 -8.9734 -0.0267 0.0186 0.0082 0.6665 -10.8226 -3.8780 -0.6815 -10.7677 3.8645 11.6775 9.3376 -9.9538 -49.9460 -43.9772 -39.5525 0.6603 -0.7667 -111.7243 13.7691 3.9485 -10.3488 -14.7732 11.1945 16.0431 -61.4466 0.9604 2.2088 3.7371 11.5358 14.0718 69.8367 -28.1415 -22.6379 -1.0251 -0.2993 64.6868 -37.0001 7.9089 -0.0857 14.9316 7.1597 -16.1453 50.1789 -3.6860 -5.2082 26.4714 -26.8278 10.0081 -0.6466 57.6807 -1.3656 -24.0724 -23.5601 2.9163 1.6464 -0.1796 -1.8420 -24.2584 -47.2347 -12.2241 1.6420 50.3175 2.2356 3.8168 2.1011 -3.5739 -1.4956 -1.6033 0.8944
-16.6963 84.4727 -5.4784 -1.2888 -0.8511 -6.6550 -1.9458 9.1506 -0.1927 -1.4529 -1.0334 -1.2435 -2.2461 16.4849 -5.2361 16.6377 26.9644 -0.4361 -2.1553 -3.9755 -4.8484 10.9232 -5.4477 -9.1798 -0.0509 0.0202 0.0199 0.6716 -10.8082 -3.8516 -0.7371 -10.7505 3.8656 11.1388 8.9909 -9.6450 -49.6841 -44.5463 -39.4776 0.3673 -0.7841 -109.3895 13.0616 4.0202 -9.5158 -14.9350 11.0807 15.7683 -61.6966 0.7938 2.0797 2.4775 11.1577 13.9816 69.2219 -28.1667 -23.1311 -0.9495 -0.2052 61.2762 -36.0924 6.3843 -0.0486 14.9061 7.1447 -16.3163 50.2383 -3.7450 -5.4913 27.5797 -27.6402 10.9057 -0.5640 56.5257 -1.2961 -25.1630 -21.7929 0.8581 1.6519 -0.0277 -1.7900 -32.1133 -39.5112 -4.5353 1.0246 38.8968 1.9037 -2.5034 0.9640 -9.4840 -1.6078 -2.7140 0.8742
-19.3372 84.1542 -5.2768 -0.5318 -0.2272 -5.7204 -2.3956 8.5474 -0.2056 -1.5460 -1.1769 -1.0816 -2.0902 15.8499 -5.1854 16.4907 27.6779 -0.3080 -2.1705 -4.0261 -5.2357 10.7820 -5.1730 -9.4235 -0.1231 0.0086 0.0934 0.6256 -10.7445 -3.7384 -0.8435 -10.6867 3.9276 11.9305 8.6610 -9.2641 -49.1563 -46.0012 -39.1061 -0.0490 -0.6236 -107.2148 11.8923 4.0832 -8.4570 -15.1770 11.0247 15.5738 -62.0419 0.7545 2.0436 1.4904 10.8941 13.5340 68.4399 -27.9398 -23.2346 -1.0532 -0.0306 57.6588 -34.3886 5.4158 -1.0226 14.8273 7.1975 -16.4485 50.3729 -3.8013 -5.5685 28.6875 -28.1125 11.6151 -0.7144 54.2073 -1.4344 -26.6017 -19.6006 -1.0158 1.6409 0.3583 -1.6679 -36.6978 -29.8814 -0.1624 0.2945 25.3560 1.4421 -5.2829 0.1801 -14.1546 -1.7219 -3.0485 0.9850
-22.6652 84.0163 -5.0336 0.0895 0.9283 -4.3313 -2.9579 7.8897 -0.3838 -1.5944 -1.4401 -1.0743 -1.8081 14.8572 -5.1737 16.2833 28.0325 -0.5305 -2.0050 -4.1128 -5.4974 10.8457 -5.0920 -9.9132 -0.2129 -0.0141 0.2086 0.5373 -10.7245 -3.6010 -0.9411 -10.6609 4.0549 13.9244 8.1519 -9.1689 -48.0570 -47.7736 -38.4442 -0.3973 0.0115 -105.9928 10.2267 3.8514 -7.5304 -15.5936 10.9358 15.5312 -62.1415 0.7747 2.2129 1.0803 10.7422 12.8364 67.6455 -27.3780 -23.3857 -1.3716 0.2428 55.2142 -32.3154 5.1948 -2.6390 14.6957 7.2105 -16.4102 50.4084 -3.7901 -5.3097 29.9306 -28.6964 11.8005 -0.9952 50.5556 -1.7784 -28.4802 -16.7419 -2.5928 1.6275 0.4020 -1.5845 -37.9470 -22.9162 -0.0815 -0.2058 14.3067 1.0378 -4.3351 1.6856 -17.6039 -1.7103 -3.0911 1.1195
-26.5155 84.5248 -4.9403 0.2901 2.5019 -2.8914 -3.2077 7.4424 -0.6035 -1.6181 -1.6391 -1.2578 -1.5155 13.8410 -5.5467 15.8848 27.9258 -1.0920 -1.9022 -4.1126 -5.4780 11.0069 -4.7114 -10.2204 -0.2085 -0.0478 0.2032 0.5359 -10.7796 -3.6270 -0.9327 -10.7093 4.0700 15.4735 7.5119 -9.5237 -45.6347 -49.1043 -37.6154 -0.8227 0.9249 -106.8436 8.4451 3.5361 -7.6216 -16.1497 10.8158 15.7047 -61.9557 0.8644 2.4936 1.4015 10.3253 12.1801 66.9245 -26.6943 -24.2709 -1.4599 0.4221 55.2823 -31.1773 5.9914 -3.4319 14.6717 7.1488 -16.3495 50.5195 -3.6623 -5.2605 31.3879 -28.7600 10.9411 -1.1360 45.1016 -1.9131 -30.4986 -12.4973 -3.4025 1.6757 -0.1367 -1.5569 -36.3004 -22.0223 -3.6646 -0.1598 8.9810 1.0689 1.6493 8.5432 -17.5077 -1.6405 -3.2562 1.2310
-30.6578 85.6377 -5.0962 0.1434 4.1183 -1.4980 -3.1060 7.4949 -0.8776 -1.6828 -1.5997 -1.7406 -1.3033 12.7553 -6.0949 15.5425 27.2028 -1.3095 -1.7111 -3.9973 -5.7268 11.0401 -4.3146 -10.3864 -0.1480 -0.0602 0.1354 0.6205 -10.7835 -3.7319 -0.8898 -10.7417 4.0218 16.2667 7.0505 -10.4356 -42.6037 -49.8724 -36.4223 -0.8216 1.1802 -109.9984 7.1918 3.5774 -8.4713 -16.6845 10.9064 15.8754 -62.2932 0.8807 2.6164 1.8666 9.3355 11.7099 66.2831 -25.4947 -25.6429 -1.4917 0.5631 57.0957 -31.5480 6.1356 -3.5583 14.7211 7.0346 -16.1853 50.4272 -3.4947 -5.2576 33.0470 -27.8554 8.9106 -0.9369 38.0801 -1.8331 -31.5195 -6.0886 -3.2638 1.7254 -2.0299 -1.5842 -33.0483 -26.3693 -9.5656 0.1469 9.6984 1.5532 13.6795 17.4442 -14.2143 -1.5214 -2.4170 1.1994
-34.9225 86.6973 -5.6060 -0.0365 5.1999 -0.1746 -2.9055 8.1598 -1.2516 -1.6458 -1.4523 -2.2160 -1.1851 12.0620 -6.5293 15.2610 25.9769 -1.1630 -1.6971 -3.9340 -6.2074 11.0632 -4.0547 -10.7123 -0.1138 -0.0682 0.1196 0.6257 -10.7706 -3.7671 -0.8233 -10.7666 4.0158 17.0279 6.4216 -11.0640 -41.0338 -50.7216 -34.9321 -0.5013 0.6269 -114.0580 7.2480 4.4424 -9.1753 -16.6850 10.8078 15.9838 -62.4539 0.7157 2.7276 1.9149 8.6189 11.4218 65.9583 -24.4045 -27.5444 -1.2041 0.4986 59.2260 -33.1904 5.1964 -3.5925 14.4626 7.0839 -16.0790 50.2388 -3.3631 -5.2338 34.3993 -26.5060 5.2706 -0.5332 33.0973 -1.6558 -27.8099 0.1656 0.7821 1.7291 -3.5944 -1.6769 -29.2548 -32.4644 -15.5124 0.5098 15.8442 1.6231 20.5986 18.7531 -9.9391 -1.4520 -1.0147 1.0543
-38.8356 87.7932 -6.2168 -0.0054 5.6732 0.7634 -2.7704 9.0064 -1.5196 -1.5574 -1.1538 -2.4378 -1.1640 11.9365 -6.9228 15.1357 24.8578 -0.9796 -1.7459 -4.0603 -6.6556 10.9005 -4.0675 -10.8413 -0.0072 -0.0712 0.0026 0.7176 -10.7584 -3.8980 -0.6970 -10.7690 3.8749 17.6604 5.6035 -11.2477 -40.7767 -51.6661 -33.7732 0.0519 -0.2334 -117.2985 7.5359 5.6733 -9.2721 -16.4759 10.6739 15.8859 -62.4205 0.4487 2.6299 1.8611 8.2852 11.2964 65.3224 -23.7649 -28.7108 -1.3292 0.2633 61.2759 -34.5524 4.9551 -4.1407 14.1416 7.0886 -16.0611 49.6318 -3.7927 -5.0505 34.3129 -26.5779 1.8294 -0.2198 34.0497 -1.3964 -16.6236 0.7323 7.2796 1.6823 -2.8163 -1.6137 -26.0224 -37.5308 -19.4678 0.7045 23.6693 1.6278 21.6586 16.0897 -7.1389 -1.4270 -0.5939 1.0616
-42.1175 88.5059 -6.8839 0.1972 5.6073 0.8540 -2.5536 9.8878 -1.5048 -1.3934 -0.8599 -2.5238 -1.0214 12.0888 -6.9117 14.5456 23.9040 -0.8913 -1.8097 -4.0430 -6.8153 10.6476 -4.6710 -11.1517 0.0179 -0.0547 -0.0346 0.7475 -10.7506 -3.9470 -0.6756 -10.7673 3.8419 18.0879 5.3568 -10.9638 -41.3683 -52.9404 -32.9274 0.7167 -0.8778 -119.3983 7.6337 6.4795 -9.0274 -16.1959 10.6478 15.7867 -62.1343 0.4501 2.5029 1.5010 8.1712 11.1380 64.0334 -23.7200 -28.9865 -1.2232 0.0755 63.0276 -35.4736 4.9141 -4.4097 14.0586 7.0587 -16.1724 49.3540 -4.0289 -5.1220 32.5560 -28.9644 0.5116 -0.4478 42.3482 -1.4176 -12.2410 -2.9339 7.6220 1.7238 -2.6181 -1.7476 -23.6459 -40.4833 -21.3400 0.8198 29.1253 1.6581 20.6967 13.5681 -6.0330 -1.4218 -0.4163 1.0079
-44.7849 88.7585 -7.4775 0.4151 5.2946 0.3051 -2.1623 10.8219 -1.3802 -1.0973 -0.6175 -2.5115 -0.6908 12.1654 -6.6921 13.6403 23.0132 -0.7901 -1.9459 -3.9907 -6.7489 10.2263 -5.9939 -11.4660 -0.0294 -0.0511 0.0137 0.7037 -10.7320 -3.8941 -0.7291 -10.7533 3.9051 18.6735 5.2626 -10.3499 -43.8912 -54.1600 -30.9619 1.1210 -1.2661 -120.8634 7.7194 7.7332 -8.5080 -16.1631 10.7577 15.7767 -62.0041 0.5911 2.2945 0.6404 8.2837 11.1632 62.6654 -23.8673 -28.9328 -1.1157 -0.0852 65.0628 -35.9264 4.7796 -4.4490 14.0823 7.0738 -16.2514 49.4320 -3.9521 -5.3023 28.9522 -32.3002 1.4809 -1.1108 54.1391 -2.0337 -15.1118 -7.7518 2.5538 1.7514 -2.7078 -1.9316 -21.6771 -42.6461 -22.4467 0.8599 33.3874 1.6330 19.5689 11.0325 -4.9658 -1.4405 -0.1959 0.9778
-47.0012 88.6095 -8.0203 0.4952 5.1845 -0.6149 -1.5693 11.5185 -1.2721 -0.7729 -0.5124 -2.4350 -0.1529 12.1832 -6.4093 12.7414 22.1101 -0.7068 -2.1195 -3.9314 -6.5169 9.5558 -7.6721 -11.6555 -0.1039 -0.0497 0.1077 0.6216 -10.6623 -3.7759 -0.8007 -10.6712 4.0046 19.0789 5.2128 -9.8148 -47.2839 -55.1261 -28.1801 0.9320 -1.2156 -121.7798 8.0667 8.9320 -7.9956 -16.2051 10.9158 15.9068 -61.9479 0.7517 2.1435 -0.2722 8.6129 11.4650 61.4940 -24.4265 -29.0444 -0.9983 -0.3422 67.1416 -36.0526 4.8743 -4.4948 14.1808 7.1654 -16.2416 49.6370 -3.7000 -5.3926 23.7220 -35.1372 4.3735 -1.9680 64.8185 -2.8966 -20.3514 -12.7097 -5.7252 1.7968 -3.5798 -2.0322 -19.6009 -44.8483 -23.4980 0.8577 37.4156 1.5130 18.2814 8.1772 -3.9107 -1.4533 0.1937 0.9160
-48.8567 88.1682 -8.4403 0.2727 5.4029 -1.5071 -0.8054 11.8441 -1.1833 -0.4752 -0.4920 -2.4204 0.5340 12.2364 -6.1872 12.1202 21.2258 -0.7144 -2.3415 -3.8862 -6.1900 8.7648 -8.9814 -11.5756 -0.1497 -0.0412 0.1724 0.5676 -10.5573 -3.6848 -0.8418 -10.5555 4.0599 18.9461 5.1869 -9.4031 -49.9807 -55.6937 -26.0188 0.3026 -0.8989 -122.1466 8.6894 9.6985 -7.6690 -16.2143 11.0273 16.0748 -61.9812 0.8950 2.1383 -0.8198 8.9083 11.9964 60.7229 -25.4789 -29.6934 -0.7045 -0.6824 68.8828 -36.1868 5.2855 -4.5367 14.2354 7.2421 -16.1650 49.7045 -3.5316 -5.3493 18.1165 -36.4273 7.9037 -2.6809 70.7190 -3.5994 -24.0148 -16.3800 -13.1785 1.8149 -5.2673 -2.0919 -17.1307 -47.0226 -24.9636 0.8464 41.2381 1.3870 16.7049 5.2198 -3.2149 -1.4565 0.6889 0.8401
-50.5852 87.4653 -8.7846 -0.0951 5.7306 -2.1905 -0.0725 11.9415 -1.1776 -0.2153 -0.4759 -2.4264 1.2753 12.3934 -6.0476 11.8517 20.4609 -0.5617 -2.3563 -3.8951 -6.1993 7.8843 -9.7733 -11.0636 -0.1519 -0.0448 0.1758 0.5434 -10.4940 -3.6591 -0.8229 -10.4944 4.0410 18.3948 5.3082 -9.0542 -51.7794 -56.1197 -24.6722 -0.4517 -0.5762 -121.9756 9.3175 10.3084 -7.5727 -15.9984 11.1631 16.2095 -62.0425 0.9456 2.1522 -1.0211 8.9649 12.5711 60.2392 -26.5415 -30.4208 -0.4796 -0.9660 70.2303 -36.4905 5.5193 -4.2717 14.3270 7.2531 -16.0504 49.7149 -3.5355 -5.2549 13.6388 -36.0848 10.2065 -2.1983 71.7982 -2.8790 -20.9229 -19.3689 -11.4287 1.8892 -7.8187 -2.1365 -14.5594 -49.0770 -26.7822 0.8358 44.8137 1.2918 14.9979 2.5141 -2.7281 -1.4668 1.3105 0.8001
-52.2024 86.5619 -9.0449 -0.3351 5.9553 -2.5678 0.4874 11.9199 -1.2920 -0.0298 -0.4691 -2.5194 1.8648 12.5722 -5.9845 11.8538 19.9783 -0.3678 -2.1118 -3.9287 -6.4001 7.0307 -10.2863 -10.3853 -0.1017 -0.0573 0.1168 0.5877 -10.4845 -3.7128 -0.7660 -10.4935 3.9595 17.8785 5.5383 -8.8145 -52.0926 -55.9776 -24.8715 -0.6003 -0.4960 -121.3304 9.5930 12.0149 -7.2946 -15.6990 11.2645 16.1782 -61.8404 1.0297 2.1596 -1.1744 8.8776 12.9229 60.0559 -27.0034 -30.4934 -0.6425 -1.0654 71.0131 -37.0239 5.3582 -3.5153 14.4069 7.2647 -15.9334 49.6097 -3.6134 -5.2184 11.5592 -34.3995 10.1065 -1.3677 69.8171 -1.7666 -14.2622 -24.6753 -3.1467 1.9765 -9.5133 -2.2239 -12.4027 -51.1107 -28.5187 0.8010 48.5557 1.2314 13.4038 -0.1136 -2.4194 -1.4757 1.4640 0.8328
-53.7319 85.4357 -9.2994 -0.1566 6.0047 -2.6151 0.6950 11.9451 -1.3960 0.0912 -0.4920 -2.7092 2.0613 12.7135 -6.0544 12.1005 19.7864 -0.4884 -2.1299 -3.9157 -5.9634 6.7869 -10.7282 -10.1252 -0.1122 -0.0435 0.1511 0.5783 -10.4761 -3.6716 -0.7812 -10.4783 3.9905 17.6188 5.5353 -8.6472 -51.5348 -55.5429 -25.9290 -0.5188 -0.4997 -120.5512 10.0018 13.8046 -6.8509 -15.3491 11.4247 16.2514 -61.5246 1.1846 2.1107 -1.2122 8.8286 12.9909 60.2934 -27.1515 -30.1469 -0.8663 -1.1659 71.3492 -37.6734 5.7168 -3.1486 14.5103 7.2267 -16.0202 49.5528 -3.6330 -5.3801 11.7775 -33.3423 9.3110 -1.0726 68.7806 -1.4750 -13.5173 -29.6601 0.9183 1.8689 -6.9213 -2.1819 -11.4007 -53.3333 -29.5157 0.7798 52.7124 1.1885 12.3179 -2.7208 -1.9021 -1.4744 1.3792 0.8470
-55.1427 84.4048 -9.5630 0.4196 6.0348 -2.4704 0.7276 11.9682 -1.5233 0.1115 -0.4847 -2.7579 1.9996 12.8273 -6.1929 12.2792 19.3822 -0.4766 -2.0667 -3.9192 -5.8253 6.7794 -11.0816 -10.0293 -0.0911 -0.0403 0.1313 0.6144 -10.4563 -3.6827 -0.7767 -10.4637 3.9575 17.0737 5.6780 -8.6040 -50.6047 -55.4217 -27.1491 -0.6738 -0.5457 -119.9816 10.5056 14.9322 -6.8221 -15.2787 11.4061 16.2969 -61.1582 1.2447 2.1026 -1.0904 8.9066 12.8312 60.7786 -27.2555 -29.7742 -1.1474 -1.1383 71.7738 -38.3353 6.1735 -3.0162 14.4706 7.2238 -16.1019 49.5432 -3.6083 -5.4434 12.1351 -33.4048 9.9575 -0.9831 68.8358 -1.4190 -13.8414 -32.5371 0.6451 1.7956 -4.9343 -2.1140 -11.1902 -55.6019 -30.0839 0.8856 56.5331 1.2785 11.4644 -4.9074 -1.4981 -1.4589 1.2529 0.8936
-56.3024 83.5824 -9.8190 1.0449 6.1074 -2.4949 0.7286 11.8958 -1.5651 0.0912 -0.4937 -2.8080 1.8526 12.9795 -6.1941 12.1899 18.8784 -0.4647 -1.9984 -3.9479 -5.6967 6.8905 -11.0752 -9.8710 -0.0973 -0.0404 0.1436 0.6222 -10.4507 -3.6644 -0.7972 -10.4643 3.9672 16.2659 5.9474 -8.7181 -50.0780 -55.4392 -27.9371 -0.9433 -0.5158 -119.6313 10.8971 15.4267 -6.8207 -15.3513 11.2778 16.2739 -61.0310 1.2675 2.3069 -0.8400 9.0778 12.8884 61.4466 -27.6481 -29.7245 -1.2243 -0.9367 71.9408 -39.2239 6.5292 -2.7338 14.3083 7.1662 -16.0873 49.5554 -3.5832 -5.3131 12.3363 -33.6931 11.6111 -0.9942 68.8737 -1.3887 -13.9073 -34.0937 -1.0662 1.7281 -4.2500 -2.0589 -11.2920 -57.4383 -30.0767 0.9894 59.3885 1.2913 10.6791 -6.5211 -1.3276 -1.4546 1.3970 0.8894
-57.2787 83.0550 -10.0972 1.5250 6.2439 -2.6721 0.7824 11.7914 -1.5045 0.0583 -0.4949 -2.7553 1.7428 13.2315 -6.1995 11.9782 18.2846 -0.5066 -2.0055 -3.9380 -5.5698 7.1178 -11.1479 -9.7306 -0.0958 -0.0467 0.1429 0.6197 -10.4281 -3.6517 -0.7912 -10.4391 3.9519 15.5271 5.9756 -8.7435 -49.7823 -55.4443 -28.7255 -1.1135 -0.4107 -119.2499 11.1644 15.8835 -6.7141 -15.4487 11.1466 16.1935 -61.0606 1.2812 2.2201 -0.5794 9.2252 13.1284 62.1637 -28.4161 -29.8722 -1.1197 -0.7993 71.6755 -40.2572 6.9971 -2.1853 14.2008 7.1063 -16.1423 49.6107 -3.6477 -5.3415 12.5076 -34.1790 13.1043 -0.9871 69.0317 -1.3628 -13.7681 -34.7696 -2.5839 1.6997 -3.5811 -1.9993 -11.2405 -58.7823 -29.7253 1.0160 61.2990 1.2737 10.0354 -7.5309 -1.3901 -1.4460 1.3921 0.9173
-57.9381 82.8891 -10.3745 1.8390 6.3747 -2.9522 0.8461 11.6908 -1.4601 0.0054 -0.4820 -2.6576 1.6716 13.4280 -6.1420 11.6494 17.8455 -0.4930 -1.9789 -3.9315 -5.5015 7.3815 -11.2483 -9.6299 -0.1017 -0.0524 0.1546 0.6095 -10.4229 -3.6335 -0.7934 -10.4299 3.9592 15.0364 5.9329 -8.7478 -49.6201 -55.3333 -29.3717 -1.1109 -0.2687 -118.9433 11.2025 16.3316 -6.4328 -15.6009 11.0496 16.1472 -61.2282 1.2968 2.1422 -0.4662 9.3391 13.4569 62.9699 -29.0720 -29.9500 -0.9834 -0.6123 70.9927 -40.9995 7.2807 -1.4378 14.1216 7.0300 -16.1326 49.6097 -3.7182 -5.3505 12.6150 -34.4561 14.2810 -0.9702 68.7223 -1.3305 -13.5519 -34.7961 -3.5031 1.6912 -3.1594 -1.9580 -10.8721 -59.4646 -29.4251 1.0190 62.1104 1.2630 9.4222 -7.9915 -1.7098 -1.4402 1.4513 0.9322
-58.4444 83.0189 -10.6770 1.9896 6.4381 -3.2983 0.8760 11.6357 -1.3988 -0.0219 -0.4971 -2.6149 1.6319 13.5425 -6.0487 11.2970 17.6455 -0.4413 -1.9471 -3.9212 -5.4527 7.6364 -11.4173 -9.5995 -0.1032 -0.0549 0.1616 0.6090 -10.4409 -3.6259 -0.7955 -10.4455 3.9658 14.8723 5.8682 -8.7005 -49.4126 -55.2462 -29.9051 -0.9156 -0.1502 -118.7648 11.0232 16.6812 -6.0997 -15.6825 11.0080 16.1141 -61.4229 1.3109 2.0873 -0.5530 9.4051 13.6907 63.7375 -29.3642 -29.7623 -0.8598 -0.4167 70.1980 -41.2373 7.3352 -0.5490 14.1062 6.9549 -16.1688 49.5920 -3.7778 -5.3900 12.6906 -34.4477 15.1271 -0.9538 67.9348 -1.3207 -13.4213 -34.4466 -3.8008 1.6929 -2.8102 -1.9337 -10.1656 -59.5595 -29.3755 0.9542 62.1054 1.1898 8.8176 -8.1256 -2.1134 -1.4399 1.4954 0.9434
-58.8923 83.3844 -10.9269 2.0060 6.3788 -3.6757 0.8565 11.6028 -1.4109 -0.0547 -0.5194 -2.5829 1.6130 13.5258 -5.9720 10.9496 17.7302 -0.4106 -1.8920 -3.9136 -5.3751 7.8829 -11.6014 -9.5646 -0.0995 -0.0600 0.1594 0.6174 -10.4615 -3.6308 -0.7966 -10.4638 3.9647 14.9432 5.7989 -8.5996 -49.1904 -55.1862 -30.2848 -0.5510 -0.0950 -118.8443 10.7648 16.5310 -5.8259 -15.7506 10.9560 16.0706 -61.5403 1.3132 2.1165 -0.6734 9.3978 13.7663 64.4736 -29.1252 -29.4771 -0.7891 -0.2834 69.9051 -41.1634 7.2798 0.4672 14.0838 6.9322 -16.1834 49.6105 -3.7863 -5.4224 12.8120 -34.0479 15.6695 -0.9396 66.6516 -1.3215 -13.4610 -33.9305 -3.6191 1.6963 -2.4344 -1.9115 -9.1912 -59.1106 -29.7132 0.8763 61.4430 1.1036 8.2491 -8.0416 -2.3809 -1.4404 1.5357 0.9671
-59.2639 83.9043 -11.1347 1.9121 6.2363 -4.1378 0.7757 11.6053 -1.4353 -0.0743 -0.5880 -2.6080 1.5607 13.4457 -5.9078 10.6643 18.0610 -0.3877 -1.8375 -3.9115 -5.2205 8.1557 -11.7732 -9.5107 -0.1029 -0.0635 0.1661 0.6173 -10.4829 -3.6237 -0.8035 -10.4836 3.9722 15.1844 5.6703 -8.4730 -49.1864 -55.1824 -30.2738 -0.1278 -0.0611 -119.0989 10.5305 16.1560 -5.5131 -15.7324 10.9845 16.0784 -61.5471 1.3066 2.1664 -0.6659 9.4027 13.7230 65.2241 -28.5373 -29.3432 -0.7580 -0.2833 70.3235 -41.0188 7.1296 1.6305 14.0481 6.9601 -16.1753 49.5892 -3.7276 -5.4377 12.9866 -33.3652 16.0146 -0.9330 65.1139 -1.3412 -13.6795 -33.3838 -3.0721 1.7030 -2.0904 -1.8989 -7.9934 -58.3718 -30.3596 0.7511 60.4359 0.9572 7.6665 -7.8134 -2.4724 -1.4414 1.5360 0.9846
-59.5733 84.4998 -11.3228 1.7463 6.0347 -4.7495 0.6458 11.5726 -1.4879 -0.1139 -0.6578 -2.6104 1.4949 13.3666 -5.8853 10.4375 18.4858 -0.3443 -1.7729 -3.9161 -5.0761 8.4332 -11.8881 -9.4068 -0.1093 -0.0642 0.1788 0.6124 -10.4975 -3.6138 -0.8104 -10.4944 3.9884 15.4112 5.5694 -8.3965 -49.4219 -55.1822 -29.7987 0.1466 0.0294 -119.4041 10.5312 15.8284 -5.1964 -15.7227 11.0177 16.0626 -61.5175 1.2762 2.1833 -0.4356 9.4156 13.5684 65.9268 -27.8011 -29.4970 -0.6974 -0.3435 71.3278 -40.9149 6.9327 2.7223 13.9781 6.9946 -16.1424 49.5597 -3.6999 -5.3919 13.1624 -32.4434 16.2877 -0.8889 63.3716 -1.3220 -14.0174 -32.7859 -2.2105 1.7091 -1.8209 -1.9033 -6.6457 -57.4256 -31.2854 0.6450 59.1566 0.8228 7.0414 -7.3462 -2.3197 -1.4426 1.4369 0.9868
-59.9066 85.1070 -11.5264 1.5198 5.8364 -5.4029 0.4937 11.5048 -1.5447 -0.1615 -0.7198 -2.6160 1.4147 13.3116 -5.8937 10.2827 18.9153 -0.2882 -1.6967 -3.9203 -4.9553 8.6699 -11.9283 -9.2438 -0.1122 -0.0658 0.1851 0.6072 -10.5080 -3.6109 -0.8117 -10.5054 3.9987 15.5555 5.5324 -8.3671 -49.7210 -55.1784 -29.0113 0.3104 0.1228 -119.6888 10.7612 15.6094 -4.9250 -15.6868 11.0624 16.0513 -61.4980 1.2623 2.2148 -0.0460 9.4433 13.3012 66.5878 -26.9587 -29.9273 -0.7200 -0.4018 72.6499 -40.8921 6.8306 3.4556 13.9841 7.0537 -16.1025 49.5906 -3.6588 -5.3352 13.3588 -31.4828 16.3825 -0.8254 61.6589 -1.2780 -14.4042 -32.1844 -1.1094 1.7097 -1.6084 -1.9020 -5.1473 -56.4410 -32.4635 0.5267 57.8106 0.6585 6.3578 -6.7205 -2.0522 -1.4420 1.2570 0.9737
-60.2188 85.6946 -11.7392 1.2734 5.6411 -6.0083 0.3298 11.4129 -1.5730 -0.2189 -0.7719 -2.6616 1.3182 13.2578 -5.9408 10.1832 19.2735 -0.2348 -1.6223 -3.9169 -4.8450 8.8869 -11.8532 -9.1272 -0.1096 -0.0625 0.1849 0.6103 -10.5038 -3.6143 -0.8085 -10.5020 3.9993 15.5836 5.6383 -8.4003 -49.8923 -55.0892 -28.0860 0.3841 0.1681 -119.8833 11.1234 15.6918 -4.6389 -15.6629 11.0589 16.0162 -61.4730 1.2608 2.2042 0.5022 9.4308 12.9532 67.0757 -26.0161 -30.5489 -0.8648 -0.4639 73.9439 -40.8893 6.8558 3.7648 14.0430 7.1098 -16.0692 49.6294 -3.6495 -5.3068 13.5953 -30.6338 16.2845 -0.7578 60.1162 -1.2261 -14.7795 -31.4974 0.0542 1.7072 -1.4759 -1.9020 -3.6279 -55.4658 -33.7761 0.4275 56.5508 0.5091 5.6186 -6.0260 -1.7980 -1.4442 1.0670 0.9597
-60.5725 86.1490 -11.9994 1.0537 5.4622 -6.4298 0.1528 11.3181 -1.5934 -0.2754 -0.8329 -2.7348 1.1833 13.2015 -6.0087 10.1948 19.5305 -0.1651 -1.5696 -3.9078 -4.8049 9.0645 -11.6946 -9.0853 -0.0969 -0.0584 0.1682 0.6280 -10.5227 -3.6446 -0.8003 -10.5216 3.9916 15.5563 5.8582 -8.4660 -49.8238 -54.8943 -27.1637 0.4273 0.1810 -119.9116 11.5444 16.0464 -4.2996 -15.6521 11.0453 15.9496 -61.4799 1.2663 2.1852 1.1589 9.4409 12.5435 67.4882 -25.0879 -31.4911 -1.1026 -0.5283 75.0091 -40.9001 6.9516 3.7004 14.0896 7.1740 -16.0562 49.6277 -3.6750 -5.2773 13.8835 -30.0116 16.0633 -0.7005 58.9247 -1.1885 -15.0637 -30.8426 0.9688 1.7019 -1.4143 -1.8993 -2.2028 -54.6481 -35.1431 0.3407 55.6195 0.3777 4.8330 -5.5017 -1.6431 -1.4480 0.9208 0.9503
-60.9591 86.4433 -12.2563 0.9032 5.2933 -6.6023 -0.0313 11.2218 -1.6238 -0.3416 -0.8808 -2.8108 1.0160 13.1297 -6.0793 10.2764 19.6081 -0.1191 -1.5764 -3.8911 -4.8514 9.2281 -11.4553 -9.1641 -0.0843 -0.0519 0.1499 0.6446 -10.5307 -3.6763 -0.7906 -10.5360 3.9813 15.4140 6.0760 -8.5764 -49.2758 -54.5079 -26.4929 0.4723 0.1990 -119.6411 12.0273 16.6893 -3.9215 -15.6535 11.0392 15.9111 -61.5311 1.2829 2.1648 1.9234 9.4449 12.0849 67.8829 -24.2763 -32.9127 -1.3053 -0.5808 75.7899 -40.9537 7.0167 3.4078 14.1234 7.2144 -16.0038 49.5806 -3.6992 -5.2497 14.2223 -29.6411 15.7770 -0.6609 58.0846 -1.1625 -15.3040 -30.2438 1.5986 1.6979 -1.3630 -1.8918 -0.9509 -54.0321 -36.4911 0.2618 55.0681 0.2606 3.9744 -5.2001 -1.6789 -1.4514 0.8280 0.9480
-61.4148 86.5848 -12.5486 0.8480 5.1359 -6.5933 -0.2254 11.1334 -1.6631 -0.4138 -0.9110 -2.8555 0.8155 13.0721 -6.1844 10.4239 19.5448 -0.0862 -1.6354 -3.8888 -4.9687 9.3415 -11.1938 -9.2975 -0.0735 -0.0460 0.1314 0.6618 -10.5227 -3.7007 -0.7866 -10.5318 3.9656 15.1413 6.2962 -8.6686 -48.2609 -54.0708 -26.1068 0.4838 0.1853 -118.9918 12.6781 17.5621 -3.5121 -15.7155 11.0548 15.9106 -61.6361 1.2776 2.1647 2.7236 9.4723 11.6430 68.2254 -23.6833 -34.7432 -1.4522 -0.6176 76.3652 -41.0966 7.0807 2.7979 14.0755 7.2153 -15.9443 49.4651 -3.7401 -5.1883 14.5677 -29.5062 15.4904 -0.6428 57.6008 -1.1547 -15.5547 -29.7094 1.9799 1.6926 -1.2813 -1.8811 0.1603 -53.6804 -37.8400 0.1676 54.9081 0.1294 3.0384 -5.0667 -1.7987 -1.4514 0.7990 0.9493
-61.9590 86.5853 -12.8962 0.8696 4.9890 -6.4523 -0.4172 11.0682 -1.6973 -0.4968 -0.9140 -2.8626 0.5937 13.0404 -6.3261 10.5929 19.4014 -0.0545 -1.7427 -3.9058 -5.1198 9.4265 -10.9568 -9.4779 -0.0646 -0.0401 0.1148 0.6723 -10.5013 -3.7198 -0.7790 -10.5110 3.9476 14.7639 6.4487 -8.7551 -46.8931 -53.6149 -26.0366 0.4497 0.1601 -117.8877 13.4478 18.3724 -3.0172 -15.8199 11.0716 15.9592 -61.7551 1.2475 2.2090 3.4336 9.4788 11.2609 68.4583 -23.2857 -36.6626 -1.5066 -0.5965 76.6180 -41.2284 7.0552 1.9520 13.9574 7.1782 -15.8677 49.3224 -3.7841 -5.0812 14.9044 -29.5921 15.2196 -0.6307 57.4379 -1.1542 -15.8052 -29.2529 2.1688 1.6868 -1.2020 -1.8665 1.1605 -53.5707 -39.1270 0.0933 55.0867 0.0210 2.1179 -5.0243 -2.0097 -1.4498 0.7882 0.9618
-62.4672 86.5099 -13.2646 0.9532 4.8549 -6.2968 -0.5996 11.0381 -1.7110 -0.5668 -0.9086 -2.8782 0.3260 13.0602 -6.4458 10.7079 19.1811 -0.0820 -1.8750 -3.9315 -5.2065 9.4457 -10.7607 -9.6488 -0.0601 -0.0376 0.1011 0.6781 -10.4822 -3.7316 -0.7761 -10.4974 3.9301 14.3364 6.6321 -8.8765 -45.4954 -53.2467 -26.0928 0.3571 0.1009 -116.3430 14.1865 19.2971 -2.4125 -15.9621 11.0903 16.0310 -61.9256 1.2410 2.2032 3.8935 9.4625 10.9797 68.5237 -23.0031 -38.2583 -1.4782 -0.5466 76.3988 -41.2866 6.9764 0.9490 13.8688 7.1563 -15.8621 49.2943 -3.8030 -5.0227 15.1909 -29.8457 15.0131 -0.6374 57.5017 -1.1662 -16.0214 -28.8078 2.2257 1.6794 -1.1314 -1.8522 2.0775 -53.6603 -40.2752 0.0020 55.4562 -0.1137 1.2408 -5.0402 -2.3114 -1.4468 0.7380 0.9687
-63.0146 86.3851 -13.7120 1.0742 4.7682 -6.1800 -0.7442 11.0676 -1.7124 -0.6340 -0.8644 -2.8660 0.0352 13.0969 -6.5407 10.7038 18.8623 -0.1496 -1.9852 -3.9491 -5.2614 9.4332 -10.6681 -9.7542 -0.0619 -0.0403 0.0949 0.6789 -10.4771 -3.7384 -0.7819 -10.4964 3.9255 13.9082 6.8323 -9.0633 -44.1263 -53.0000 -26.3455 0.2790 0.1168 -114.3163 14.8662 20.3037 -1.5851 -16.1196 11.0926 16.1031 -62.1620 1.2782 2.1217 4.0722 9.3826 10.7738 68.5485 -22.8720 -39.4368 -1.4968 -0.4344 75.7591 -41.0835 6.8982 -0.1957 13.8205 7.1129 -15.8806 49.2975 -3.8278 -5.0121 15.4128 -30.2579 14.8335 -0.6484 57.7153 -1.1855 -16.2274 -28.3631 2.2454 1.6689 -1.0519 -1.8387 2.9708 -53.9235 -41.2793 -0.0409 55.9062 -0.1881 0.3662 -5.0118 -2.7916 -1.4417 0.6443 0.9791
-63.5750 86.1846 -14.2256 1.1998 4.7315 -6.0227 -0.8361 11.1175 -1.7191 -0.7030 -0.8211 -2.7680 -0.2549 13.2026 -6.6695 10.6161 18.4026 -0.2162 -2.0635 -3.8736 -5.2469 9.4234 -10.7530 -10.0085 -0.0983 -0.0229 0.1530 0.6306 -10.4358 -3.6714 -0.8103 -10.4596 3.9911 13.3624 7.1776 -9.3150 -42.6626 -52.8648 -27.0896 0.3381 0.2532 -111.9091 15.5214 21.0534 -0.8018 -16.3126 11.1415 16.2719 -62.3999 1.3699 2.1556 4.0904 9.2421 10.6370 68.4232 -22.8503 -40.1364 -1.5535 -0.0506 74.8789 -40.8237 6.5556 -1.4165 13.9313 7.0516 -15.9805 49.3292 -3.8677 -5.0423 15.6785 -30.9099 14.7266 -0.7123 58.0800 -1.2490 -16.4293 -27.8234 2.1170 1.6572 -0.9866 -1.8361 4.0315 -54.3657 -42.3961 -0.1230 56.4658 -0.3250 -0.4796 -4.9987 -3.4433 -1.4507 0.5549 0.9011
-64.1060 85.9988 -14.8383 1.3638 4.6391 -5.9663 -0.9278 11.2777 -1.6960 -0.7978 -0.7430 -2.8024 -0.5419 13.2971 -6.6801 10.4609 17.9159 -0.1614 -2.1399 -3.9431 -5.3768 9.4113 -10.7087 -10.0412 -0.0614 -0.0581 0.0838 0.6732 -10.4433 -3.7382 -0.7777 -10.4724 3.9044 12.9416 7.2645 -9.5983 -41.9126 -52.6533 -27.5547 0.3968 0.3585 -109.7747 16.2466 21.7690 0.4506 -16.2740 11.1440 16.1984 -62.5697 1.4362 1.9439 3.9160 9.2244 10.8356 68.6173 -23.0335 -40.7448 -1.6646 -0.0090 74.0550 -40.5481 6.9217 -2.7388 13.8430 7.0805 -16.0075 49.5130 -3.8862 -5.0404 15.8218 -31.3639 14.6872 -0.6699 58.3099 -1.2289 -16.4840 -27.4005 1.9034 1.6574 -0.9327 -1.8435 4.6609 -54.6347 -42.9201 -0.1833 56.7206 -0.3721 -1.1966 -5.1330 -3.8817 -1.4337 0.4649 0.9604
-64.6398 85.7921 -15.4901 1.5215 4.6107 -6.0188 -1.0033 11.4085 -1.6675 -0.8801 -0.6636 -2.7075 -0.8280 13.4539 -6.7200 10.2749 17.3475 -0.0751 -2.1485 -3.9309 -5.5123 9.3923 -10.7278 -10.1456 -0.0558 -0.0694 0.0683 0.6768 -10.4355 -3.7428 -0.7709 -10.4608 3.8758 12.4078 7.5127 -9.8982 -41.3705 -52.6495 -28.2934 0.5921 0.3158 -107.8773 16.9460 21.6294 0.9807 -16.1425 11.2758 16.2603 -62.6116 1.5334 1.8808 3.7563 9.2098 10.9823 68.6582 -23.4563 -40.7779 -1.7895 0.1133 73.4699 -40.3333 7.2578 -3.8330 13.8676 7.1046 -16.1431 49.6309 -3.9197 -5.1297 15.9826 -32.0438 14.7959 -0.6911 58.7131 -1.2643 -16.5910 -26.8917 1.6606 1.6605 -1.0206 -1.8876 5.4986 -55.1352 -43.5099 -0.3209 57.1999 -0.5241 -1.8867 -5.1660 -4.3753 -1.4284 0.4296 0.9348
-65.0907 85.5816 -16.1570 1.7080 4.5522 -6.1143 -1.1187 11.5516 -1.6481 -0.9564 -0.5760 -2.6538 -1.1075 13.6006 -6.7381 10.1242 16.9129 -0.0214 -2.1994 -3.9274 -5.5173 9.4058 -10.7845 -10.3106 -0.0546 -0.0858 0.0620 0.6786 -10.4244 -3.7404 -0.7710 -10.4531 3.8601 11.9705 7.7431 -10.2303 -41.4479 -52.6360 -28.7476 0.7438 0.2655 -106.4653 17.5756 21.3785 1.2144 -16.0668 11.3630 16.3058 -62.6913 1.5884 1.8565 3.4942 9.1898 11.1310 68.7458 -23.9919 -40.4748 -1.8261 0.1817 73.2992 -40.1625 8.0619 -4.7648 13.9764 7.1036 -16.2570 49.8025 -3.9414 -5.2648 16.0811 -32.6986 15.0329 -0.7384 59.1057 -1.3241 -16.7775 -26.3237 1.3906 1.6681 -1.0232 -1.9014 6.2950 -55.5962 -44.0512 -0.4517 57.5799 -0.6849 -2.4821 -5.1088 -4.8190 -1.4273 0.5050 0.9285
-65.5394 85.3441 -16.7996 1.9184 4.4265 -6.2893 -1.2543 11.7169 -1.6007 -1.0246 -0.4791 -2.6329 -1.3900 13.7300 -6.7539 10.1021 16.6488 0.0706 -2.2768 -3.9331 -5.5118 9.3664 -10.8356 -10.4260 -0.0538 -0.0940 0.0555 0.6811 -10.4210 -3.7447 -0.7715 -10.4500 3.8484 11.7109 7.9452 -10.4977 -41.9268 -52.6287 -29.0706 0.7950 0.1939 -105.4704 18.0693 21.0119 1.2009 -15.9984 11.4197 16.3222 -62.7045 1.5723 1.8274 3.0237 9.1469 11.2548 68.7771 -24.4871 -39.7925 -1.9419 0.1692 73.5392 -39.9408 8.9657 -5.3788 14.0278 7.1152 -16.3167 49.8530 -3.9575 -5.3689 16.1840 -33.3243 15.4400 -0.8406 59.5888 -1.4469 -17.1361 -25.8041 1.1358 1.6771 -0.9443 -1.9187 7.1394 -56.1400 -44.7427 -0.6332 58.1114 -0.9169 -3.0507 -4.8718 -5.1591 -1.4285 0.5450 0.9540
-65.9203 85.0679 -17.4263 2.1207 4.2166 -6.4781 -1.3757 11.8207 -1.5693 -1.1108 -0.4075 -2.5444 -1.6392 13.8615 -6.7615 10.2569 16.6338 0.0248 -2.3668 -3.8599 -5.3841 9.2988 -10.9372 -10.5199 -0.0819 -0.0695 0.1040 0.6481 -10.3933 -3.7012 -0.7950 -10.4234 3.9092 11.6085 8.2535 -10.7471 -42.2088 -52.4243 -29.6670 0.7054 0.1958 -104.5203 18.2091 20.0328 0.8019 -16.0935 11.4429 16.3921 -62.7725 1.5374 1.9239 2.4456 9.0638 11.2007 68.3103 -24.8491 -38.5134 -2.1050 0.2389 74.1017 -39.6931 9.5606 -5.8338 14.1414 7.1316 -16.3201 49.8595 -3.9172 -5.3965 16.4002 -33.9523 15.8857 -0.9915 60.1636 -1.6061 -17.6501 -25.3133 0.8610 1.6750 -0.7045 -1.9441 8.2832 -56.7933 -46.0433 -0.8408 59.0083 -1.2410 -3.4637 -4.3742 -5.2680 -1.4461 0.4571 0.9328
-66.3869 84.7680 -17.9915 2.2420 3.8037 -6.6896 -1.5020 11.9489 -1.4928 -1.2013 -0.3692 -2.4985 -1.7904 14.0142 -6.6963 10.6626 16.9340 -0.0366 -2.4270 -3.8624 -5.4778 9.1764 -10.8524 -10.4486 -0.0819 -0.0593 0.1069 0.6442 -10.3636 -3.6999 -0.7902 -10.3975 3.9122 11.9631 8.3755 -10.7385 -42.1469 -51.8087 -30.5267 0.4408 0.3171 -103.4068 17.5967 18.8166 0.7704 -16.1538 11.4094 16.4365 -62.8386 1.4408 1.9912 1.7659 9.0071 11.1638 67.4227 -25.1553 -37.1816 -2.0362 0.1244 74.9577 -39.5259 10.8667 -7.0341 14.1408 7.1803 -16.3943 49.8363 -3.8921 -5.3654 16.8796 -34.2625 16.3128 -1.1151 60.5196 -1.7680 -18.2242 -24.9548 0.5317 1.6753 -0.3082 -1.9622 9.4516 -57.5453 -47.9403 -1.1250 60.4751 -1.6649 -3.2132 -3.0978 -4.5435 -1.4432 -0.1242 0.9714
-66.8140 84.5572 -18.5614 2.0672 3.1204 -6.8511 -1.5687 12.0981 -1.3810 -1.2523 -0.3203 -2.4438 -1.6846 14.2447 -6.5010 11.3614 17.6154 -0.1437 -2.3564 -3.8312 -5.7739 8.8096 -10.4883 -10.0346 -0.0523 -0.0489 0.0547 0.6858 -10.3539 -3.7570 -0.7721 -10.3900 3.8556 12.9866 8.6109 -10.1806 -40.7131 -50.7927 -32.3452 0.5308 0.7429 -101.9287 15.8059 17.9448 1.7289 -16.6800 11.3666 16.5787 -63.1434 1.3789 1.8583 1.1361 9.1390 11.1367 65.7164 -25.8547 -35.7539 -1.5329 -0.0415 75.6593 -39.5131 12.7516 -9.0787 14.2296 7.2205 -16.6270 49.8231 -3.8441 -5.4097 17.9329 -34.3457 16.5903 -1.2788 60.6058 -2.0269 -18.6609 -24.4937 0.0636 1.6553 0.0044 -1.9128 10.4387 -58.8276 -50.2792 -1.5534 63.1154 -2.2595 -1.2563 0.8523 -2.0136 -1.4142 -1.7431 0.9629
-67.5512 84.4847 -19.0842 1.4204 2.2380 -6.7905 -1.4233 12.1803 -1.2152 -1.2551 -0.3979 -2.4274 -1.0779 14.5639 -6.0858 12.1576 18.9500 -0.4619 -2.2770 -3.8396 -6.1113 8.2267 -9.7515 -9.5247 -0.0259 -0.0461 0.0109 0.7069 -10.3839 -3.8123 -0.7382 -10.4259 3.8161 14.5420 8.6604 -9.3161 -38.5794 -49.2739 -33.5945 0.7053 1.0700 -100.3080 12.6990 17.7343 4.0018 -17.1061 11.1881 16.7028 -63.2503 1.3790 1.7366 0.5167 9.2997 11.0672 62.8776 -26.6737 -34.0345 -1.0333 -0.0585 75.8496 -39.0370 14.7723 -11.2793 14.6633 7.1861 -16.8493 50.1244 -3.8041 -5.4062 19.8621 -34.2088 16.4408 -1.3665 60.1220 -2.1379 -19.2028 -23.7982 -0.7088 1.6287 0.2186 -1.8178 9.5602 -60.3771 -51.3710 -1.7870 66.3746 -2.6214 5.0147 7.1548 3.8006 -1.3631 -3.9718 0.9853
-68.7429 84.6632 -19.5142 0.4895 1.3130 -6.3334 -1.1487 12.0600 -1.0307 -1.1922 -0.5391 -2.4046 -0.1141 14.7411 -5.5349 13.1143 20.8467 -1.0117 -2.1281 -3.8763 -6.4277 7.2895 -8.4777 -8.9476 -0.0023 -0.0434 -0.0353 0.7310 -10.4933 -3.8818 -0.7115 -10.5423 3.7848 16.2608 8.7094 -8.6882 -36.2122 -47.5598 -32.9801 1.0095 1.6892 -99.4457 10.9148 17.3688 7.2198 -17.4311 10.9652 16.4544 -63.2691 1.5095 1.4533 0.1149 9.3361 10.9696 59.2260 -28.0496 -32.6533 -0.4143 0.1150 74.8791 -38.0107 16.2370 -12.5342 15.2045 7.0071 -16.9585 50.7456 -3.7894 -5.5063 22.4384 -33.7712 15.6891 -1.3897 58.6758 -2.0852 -19.7828 -22.4195 -1.8257 1.6128 -0.0290 -1.6772 4.8559 -61.3129 -48.8894 -0.8836 68.1036 -1.5034 16.3390 13.2299 13.1020 -1.2682 -3.6404 1.0061
-70.4745 85.0534 -19.9324 -0.1584 0.5645 -5.5224 -0.8975 11.7842 -0.9303 -1.0713 -0.6555 -2.3559 0.7971 14.5201 -4.9899 14.0042 22.6313 -1.6384 -2.1765 -3.8999 -6.5841 6.4878 -6.9847 -8.8322 0.0002 -0.0462 -0.0471 0.7322 -10.6004 -3.9089 -0.7051 -10.6368 3.7851 17.8066 8.5622 -8.4063 -34.2619 -46.0199 -29.7294 1.0561 1.9034 -100.5801 11.9568 17.4064 10.6825 -17.5548 10.7369 15.8423 -62.8832 1.6092 1.2343 -0.2250 9.1236 11.0314 56.0725 -30.4824 -32.8544 0.0992 0.1687 72.6978 -37.5843 16.1524 -12.0640 15.2716 6.8796 -16.8939 51.1524 -3.7631 -5.5600 24.6471 -33.0092 14.7698 -1.3643 56.3691 -2.0146 -20.6422 -20.4697 -2.8497 1.6092 -0.4144 -1.5733 -3.1749 -60.9236 -42.8919 0.6336 67.2280 0.4048 22.8110 14.8919 17.5576 -1.2669 -2.8232 1.0658
-72.6400 85.6454 -20.3468 -0.3286 0.0912 -4.5439 -0.7292 11.4300 -0.9419 -0.9007 -0.7240 -2.2267 1.5305 13.8667 -4.4359 14.4123 23.6850 -2.0961 -2.3255 -3.8902 -6.8274 5.9939 -5.9811 -9.1225 0.0259 -0.0405 -0.0818 0.7487 -10.6189 -3.9632 -0.6662 -10.6345 3.7545 19.0736 8.0944 -8.2445 -32.6373 -44.7496 -24.8603 0.6045 1.7526 -104.4312 13.7051 17.5734 11.5947 -17.4431 10.3947 15.3182 -61.8695 1.6053 1.2795 -0.6937 8.5683 11.4269 53.8328 -33.7946 -34.9506 0.5618 0.1560 69.9536 -38.2332 14.8759 -10.3401 14.9758 6.9288 -16.7317 51.0772 -3.6922 -5.5667 26.1611 -31.8627 14.1308 -1.3035 53.0003 -1.9525 -21.8891 -17.8813 -3.8567 1.6200 -0.7941 -1.5363 -12.9787 -59.0131 -34.6994 1.6138 63.9903 1.7365 20.8545 14.8152 13.7814 -1.3984 -2.5049 1.0807
-75.2984 86.3746 -20.7466 -0.1910 -0.0574 -3.5620 -0.5964 11.0287 -0.9891 -0.7462 -0.7490 -1.7587 2.2718 12.9988 -3.9486 14.2875 23.6384 -2.2242 -2.4301 -3.8596 -7.3687 5.5603 -5.7037 -9.6584 0.0480 -0.0251 -0.1091 0.7568 -10.6026 -4.0093 -0.6290 -10.5927 3.7314 19.9860 7.2388 -7.8521 -30.0484 -43.3897 -20.7992 0.2245 1.5886 -110.0722 14.3024 18.5732 9.6171 -17.5768 9.9623 14.9271 -61.4007 1.6314 1.4056 -1.2674 7.8422 12.0978 51.6356 -37.1848 -37.5754 0.8392 0.2402 67.3581 -39.4635 13.2087 -7.7373 14.6767 7.0407 -16.5528 50.9551 -3.5513 -5.4642 27.4596 -30.4780 13.3993 -1.1839 48.5928 -1.7948 -23.4651 -14.3984 -4.6916 1.6840 -0.7945 -1.5264 -22.2328 -55.1165 -26.4559 2.0639 57.9587 2.5455 15.1514 15.5532 6.5374 -1.4820 -2.3647 1.0746
-78.6344 87.2664 -21.1483 0.0609 0.3753 -2.4759 -0.5306 10.5060 -1.0066 -0.6156 -0.9242 -1.2599 3.0803 11.9375 -3.4075 13.7149 23.0061 -2.0344 -2.4562 -3.8218 -7.7519 5.0392 -5.7135 -10.1191 0.0151 0.0132 -0.0604 0.7195 -10.5950 -3.9762 -0.6600 -10.5701 3.8046 20.6415 6.3638 -7.3487 -26.6456 -42.7684 -17.3253 -0.3340 1.4703 -116.5176 14.3919 20.4332 5.5660 -17.8332 9.7036 14.7199 -61.5231 1.5461 1.7634 -1.7590 7.1811 12.9841 49.3297 -40.2128 -39.8617 0.9613 0.3016 64.8736 -40.6646 11.5163 -4.5696 14.6428 7.0063 -16.3002 50.6214 -3.3817 -5.2415 28.5377 -28.7404 12.0428 -1.1740 42.6445 -1.7905 -24.9167 -9.5598 -4.8033 1.7237 -1.1308 -1.5582 -28.7140 -49.4364 -20.4705 1.9666 49.4574 2.8440 10.8801 18.2601 1.0916 -1.4895 -2.2310 0.9817
-82.5136 88.2509 -21.5363 0.1143 1.3638 -1.1974 -0.4525 9.9579 -0.7691 -0.5053 -1.1655 -0.9218 3.9262 10.7372 -2.8649 13.1743 22.0974 -1.7341 -2.4275 -3.8352 -8.1042 4.3932 -6.0071 -10.4281 -0.0206 0.0354 -0.0059 0.7209 -10.5370 -3.9167 -0.7353 -10.5391 3.8726 21.4350 5.5405 -6.8800 -24.6514 -43.5371 -14.4647 -0.3979 0.9307 -122.5815 14.4333 22.5526 1.5018 -18.1438 9.8379 14.6690 -62.2611 1.4748 2.0212 -1.9761 6.5054 13.9051 47.7267 -42.6064 -42.1056 1.0784 0.1067 62.5639 -41.7445 9.8301 -1.6959 14.9024 6.7569 -15.8306 50.4581 -3.1709 -5.1055 29.9349 -27.0436 8.9922 -1.0663 36.3684 -1.8258 -24.6351 -3.2648 -3.7491 1.7817 -2.3049 -1.6103 -31.6023 -43.0102 -17.7698 1.7104 40.1071 3.1176 13.6263 21.3072 0.7002 -1.5092 -2.5909 1.0320
-86.8153 89.1578 -22.0582 0.0282 2.7492 0.1315 -0.4311 9.4343 -0.4734 -0.3798 -1.3972 -0.6801 4.5917 9.5697 -2.3274 12.7571 21.0215 -1.4458 -2.5270 -3.8131 -8.0454 4.2737 -5.8742 -11.0774 -0.0674 0.0388 0.0832 0.6790 -10.5193 -3.8112 -0.7908 -10.5366 3.9670 22.4482 4.6635 -6.3743 -25.0691 -44.9062 -12.3995 0.3205 0.2898 -127.4336 14.7197 24.7086 -1.1068 -18.3468 10.2260 14.6411 -63.1647 1.5343 1.8488 -1.7048 5.9244 15.2451 48.0253 -44.7627 -45.5426 1.1696 -0.1053 60.8764 -42.5039 8.9228 0.3273 14.9866 6.4405 -15.5562 49.9994 -3.1627 -5.1256 31.3895 -25.8911 3.8304 -0.8858 32.3083 -1.9911 -18.6369 3.1634 1.3711 1.7955 -3.8132 -1.6823 -31.1689 -37.7978 -18.3685 1.2228 32.3757 2.7668 23.4141 19.8984 3.3274 -1.4839 -3.8015 1.1142
-91.1136 89.6448 -22.8567 0.1382 3.9979 1.1893 -0.4305 9.3235 -0.3523 -0.2782 -1.5163 -0.3085 4.9498 8.6102 -1.6872 12.3725 19.5381 -1.1445 -2.5715 -3.7809 -8.2014 4.2335 -5.8478 -11.7767 -0.0881 0.0433 0.1408 0.6321 -10.5413 -3.7469 -0.7881 -10.5508 4.0318 23.1712 3.6211 -5.9636 -27.4511 -46.4433 -10.5670 1.3750 -0.2678 -130.8811 14.4060 26.0875 -3.4595 -18.3650 10.7335 14.7835 -63.8201 1.5919 1.7294 -1.1426 5.4556 16.5766 49.4619 -46.1095 -48.8305 0.5573 -0.3972 60.7851 -42.8844 9.2298 1.4375 14.6408 6.2018 -15.4147 49.3327 -3.7318 -5.1108 31.9619 -26.9779 -1.7475 -0.6603 34.7232 -2.0824 -5.4686 4.7502 8.7016 1.7515 -3.1236 -1.6417 -27.8776 -35.9615 -22.6771 0.8530 28.3780 1.8985 29.9006 12.1444 3.7713 -1.4217 -3.2263 1.2001
-94.9589 89.2969 -24.0801 0.3011 4.5891 0.9820 -0.1088 9.8980 -0.1245 -0.1405 -1.3905 0.0901 4.9231 7.9023 -0.9454 11.5568 18.0916 -0.8338 -2.5036 -3.7330 -8.5256 4.0506 -7.1765 -12.0023 -0.0786 0.0436 0.1459 0.6336 -10.5285 -3.7567 -0.7716 -10.5348 4.0507 23.7430 2.2971 -4.9856 -32.8979 -47.5316 -7.2514 2.3039 -1.1371 -133.5150 13.7228 26.1664 -6.4896 -18.2013 10.8971 14.9856 -63.8053 1.4324 1.9093 -1.1961 5.1757 17.6395 51.3520 -46.6206 -50.1965 -0.0030 -0.4639 62.5385 -43.0084 9.8043 2.4523 14.3193 6.3696 -15.4784 48.9983 -3.7851 -5.1965 31.3902 -30.7403 -4.5548 -1.0363 45.3747 -2.4683 -6.2002 1.3719 6.2197 1.7105 -3.3462 -1.8112 -24.0125 -37.2683 -26.6903 0.7410 29.3301 1.2790 30.1853 4.2406 3.7647 -1.4001 -1.7937 1.2009
-98.0687 88.6032 -25.5848 0.4018 4.5230 -0.4920 0.5921 10.9015 0.1410 -0.0089 -1.1179 0.6527 4.7375 7.8608 -0.5476 10.5230 17.1768 -0.5137 -2.7374 -3.9543 -8.5982 4.0018 -9.5037 -12.1337 -0.0868 0.0066 0.1728 0.6219 -10.4946 -3.7145 -0.7772 -10.4867 4.0657 23.1007 0.9224 -3.5442 -40.1766 -47.5914 -3.7142 2.9206 -1.4825 -135.5948 12.7438 26.0896 -9.3778 -18.0515 10.9332 15.2517 -63.1838 1.2366 2.0724 -1.7386 5.6323 18.7130 53.4940 -46.9652 -49.5833 -0.3329 -0.8948 64.2462 -42.5700 10.5743 3.2566 14.1061 6.5883 -15.5366 48.9552 -3.5384 -5.1013 28.9426 -35.3869 -3.3498 -1.8626 59.2459 -3.1442 -14.2606 -4.6595 -4.4737 1.7759 -4.4403 -2.0469 -21.2987 -40.9767 -27.5523 0.7741 35.1621 1.1594 25.8150 1.0113 5.0928 -1.4043 -1.0387 1.0943
-100.3447 87.9137 -26.8899 0.5909 4.4659 -2.3200 0.9887 11.5504 0.1253 0.1467 -0.9231 0.9875 4.6263 8.4553 -0.2990 9.7498 17.0543 -0.3015 -3.0358 -3.9293 -8.2191 4.0844 -11.1851 -12.3689 -0.1338 -0.0005 0.2627 0.5586 -10.4692 -3.6184 -0.8105 -10.4486 4.1663 21.7758 0.5932 -2.3390 -49.7478 -46.9441 -0.2763 2.6095 -1.3691 -137.0337 12.2443 26.3375 -10.7119 -18.2537 10.9347 15.3175 -62.9188 1.4283 2.0313 -2.2956 6.3239 19.4862 56.1819 -47.3729 -47.8866 -0.1481 -0.8305 64.3253 -41.8903 10.7097 4.0008 13.9017 6.8188 -15.7309 48.9028 -3.4001 -5.0722 23.6623 -38.9007 1.1254 -3.0592 69.8733 -4.1384 -19.3605 -9.5466 -15.6882 1.8561 -6.0049 -2.1487 -19.2490 -45.0875 -27.0695 1.0174 41.5744 1.4584 21.6043 -0.9214 5.7700 -1.4133 -0.6391 0.9560
-102.1680 87.1367 -28.0324 0.5586 4.6294 -3.7755 1.2597 11.9134 0.0852 0.3708 -0.7156 0.8238 4.4790 9.1515 -0.2851 9.6515 17.5055 -0.1444 -3.2606 -3.8939 -7.8001 4.3769 -11.8103 -12.4896 -0.1761 -0.0023 0.3312 0.4857 -10.4678 -3.5375 -0.8232 -10.4418 4.2378 20.6892 0.6232 -2.0012 -60.1642 -45.2882 1.3131 1.2485 -1.2855 -137.1499 12.6304 26.8200 -10.2073 -18.0064 10.7580 15.4137 -62.2705 1.7689 2.0452 -2.6032 6.9621 19.8917 59.6643 -47.7244 -46.5529 0.2358 -0.7101 63.3113 -41.2138 10.7940 5.0117 13.7464 6.9686 -15.8785 49.0399 -3.2542 -5.2743 16.6296 -40.4867 7.1200 -3.9194 75.3120 -4.8216 -21.2075 -12.7887 -23.1216 1.8148 -7.4694 -2.1876 -16.9824 -48.2059 -27.0083 1.3251 46.4223 1.7349 18.0614 -2.5842 6.1758 -1.4219 -0.1195 0.8844
-103.7879 86.1785 -29.0867 -0.1300 4.9939 -4.5512 1.6640 12.1252 0.0027 0.6054 -0.5719 0.4292 4.5963 9.8218 -0.6452 9.6695 17.8806 0.0488 -3.1016 -3.8662 -7.6129 4.6482 -12.1699 -12.0024 -0.1751 -0.0082 0.3125 0.4816 -10.4938 -3.5452 -0.8166 -10.4790 4.2075 19.8241 0.8877 -2.2164 -68.1947 -44.6429 -0.2089 -0.6431 -1.0093 -135.1551 13.2012 25.3991 -9.2267 -17.3816 10.7743 15.6761 -61.6638 1.9508 1.9743 -2.8355 7.4167 19.7673 62.7258 -47.5239 -44.8961 0.2417 -0.8419 62.7369 -40.9660 10.6129 6.4379 13.7568 6.9230 -15.8921 48.9459 -3.4266 -5.3130 10.9476 -40.6983 11.7557 -2.8328 76.6614 -3.3424 -16.0400 -16.2761 -20.6212 1.8512 -9.6250 -2.1321 -13.8776 -50.5061 -28.2023 1.3483 50.2793 1.7036 15.3754 -4.4716 6.6820 -1.4330 0.7487 0.8639
-105.2930 85.0108 -30.0290 -1.3186 5.4277 -4.6016 2.1996 12.3225 -0.1826 0.7768 -0.5147 -0.0687 4.8424 10.4307 -1.3897 9.9143 18.0845 0.0889 -2.5810 -3.8986 -7.5183 4.8696 -12.8796 -11.0430 -0.1406 -0.0270 0.2486 0.5313 -10.5121 -3.5994 -0.7985 -10.5111 4.1252 19.3199 1.4914 -2.9509 -72.7896 -45.8136 -3.9651 -1.7734 -0.6796 -131.3598 13.2581 23.7178 -8.1929 -16.6591 10.9718 16.0247 -61.3312 1.8759 1.9690 -3.1767 7.4174 19.0197 64.2420 -46.1623 -41.6253 -0.1890 -0.9508 62.5695 -41.0279 10.1714 7.6933 13.7897 6.9501 -15.9292 48.8064 -3.6554 -5.2350 8.6403 -39.9947 12.9996 -1.1843 75.5952 -1.2263 -6.0472 -24.4987 -11.4084 1.9518 -10.6212 -2.0570 -10.2429 -52.2627 -30.1860 1.1773 53.8238 1.5198 13.3460 -6.5298 7.0452 -1.4455 1.2904 0.8839
-106.7987 83.8066 -31.0399 -2.2541 6.0553 -4.2873 2.3608 12.5061 -0.4551 0.8541 -0.4517 -0.7054 4.9284 11.0278 -2.2757 10.4094 17.9196 -0.2649 -2.3197 -3.9359 -6.7033 5.7174 -13.7826 -10.2981 -0.1403 -0.0215 0.2553 0.5495 -10.5063 -3.5871 -0.8178 -10.5027 4.1243 18.6761 2.4142 -3.9817 -73.4633 -48.6401 -8.5744 -2.0388 -0.3601 -127.1952 13.3482 23.2656 -7.2861 -15.7302 11.2255 16.3052 -60.7291 1.8661 2.2406 -3.1482 7.2156 18.2317 64.3962 -44.1571 -37.6708 -0.7321 -0.8744 62.8812 -41.3347 10.5796 7.3861 13.6160 7.0151 -15.9869 48.5023 -3.6955 -5.2348 9.2933 -39.9569 11.9016 -0.8251 74.2091 -0.8419 -4.0322 -32.5736 -6.1126 1.8447 -6.0459 -1.9543 -7.3324 -54.0603 -31.4086 1.0266 57.1533 1.3267 12.1651 -8.3892 6.6986 -1.4526 1.2248 0.9016
-108.2726 83.1133 -32.1835 -2.0950 6.9897 -3.5456 1.9638 12.5520 -0.7472 0.7249 -0.2861 -1.2819 4.4911 11.8629 -3.3343 11.4176 16.9144 -0.4886 -2.1949 -3.9756 -6.0066 7.0032 -14.7466 -10.2243 -0.1182 -0.0203 0.2217 0.5796 -10.4217 -3.5958 -0.8034 -10.4301 4.0608 17.6775 3.5569 -5.6044 -70.9564 -52.4758 -14.0421 -1.9195 -0.1521 -123.3229 13.2582 22.4193 -7.2033 -15.2253 11.3243 16.2789 -60.6553 1.7920 2.0985 -2.0496 7.3701 17.1679 64.6294 -42.6806 -34.7133 -0.8482 -1.0406 63.8063 -41.7690 12.9796 5.2989 13.4488 7.0266 -16.0466 48.3977 -3.7787 -5.2882 9.6257 -42.2432 11.3456 -0.6372 74.8435 -0.7580 -4.2810 -34.1003 -5.3943 1.7709 -4.0023 -1.9386 -5.6796 -56.2797 -31.9693 0.9895 59.5304 1.3003 11.3287 -9.4660 5.7676 -1.4470 1.1659 0.9111
-109.4228 82.8385 -33.1263 -1.6764 7.7789 -3.3029 1.5618 12.5644 -0.9461 0.5146 -0.1186 -1.7498 3.9591 12.7254 -4.1099 11.9957 16.1378 -0.6530 -2.0546 -3.9859 -5.3327 8.2173 -15.2987 -10.0812 -0.1368 -0.0228 0.2480 0.5573 -10.3980 -3.5490 -0.8190 -10.4087 4.0748 17.0373 4.6286 -7.0501 -68.3883 -55.4910 -18.5003 -1.6325 -0.0379 -120.3924 12.8176 21.3360 -7.5478 -14.9928 11.1961 16.1409 -60.6580 1.6188 2.1713 -0.9440 7.8716 16.3959 65.6453 -40.8956 -33.1152 -0.8119 -0.9398 64.9520 -42.5614 15.2420 3.2100 13.3287 6.9825 -16.0629 48.4930 -3.9109 -5.1505 9.5605 -43.9930 11.9984 -0.6777 74.8733 -0.7871 -4.8510 -33.5632 -6.3091 1.7073 -3.6259 -1.9592 -4.7554 -57.8855 -31.6939 1.0119 60.5093 1.2646 10.4570 -9.7871 5.1186 -1.4457 1.2797 0.8869
-110.2031 82.8933 -33.8531 -1.4628 8.2777 -3.7497 1.3344 12.6577 -1.0536 0.3676 -0.0367 -2.0053 3.6247 13.4288 -4.5767 12.0557 15.8512 -0.7184 -1.9183 -3.9709 -4.8782 9.0468 -15.7190 -9.8484 -0.1460 -0.0297 0.2609 0.5279 -10.4175 -3.5196 -0.8079 -10.4219 4.0745 16.8849 5.2089 -7.8734 -66.9122 -57.2289 -21.2266 -1.2257 -0.0325 -118.6353 12.2715 20.3758 -7.8218 -14.9795 11.1340 16.0163 -60.8541 1.6072 2.1380 -0.1579 8.4167 15.9091 67.0501 -38.8370 -32.2933 -0.7505 -0.6706 66.0212 -43.5284 16.2999 2.0442 13.3506 6.9679 -16.1292 48.7243 -3.9974 -5.1343 9.5525 -44.6974 12.8505 -0.7000 74.0668 -0.7983 -5.5464 -33.2314 -6.8112 1.6884 -2.9946 -1.9330 -3.9574 -58.7000 -30.8375 0.9371 60.5731 1.1605 9.6929 -9.5851 4.7857 -1.4426 1.1850 0.9141
-110.7503 83.2462 -34.4001 -1.3560 8.5177 -4.6451 1.1392 12.7885 -1.1343 0.2446 0.0091 -2.1724 3.3996 13.8419 -4.8214 11.8313 15.9845 -0.6478 -1.7446 -3.9476 -4.6262 9.5786 -15.9954 -9.5975 -0.1508 -0.0329 0.2708 0.5101 -10.4327 -3.4987 -0.7993 -10.4287 4.0742 17.0031 5.5217 -8.2848 -66.0566 -57.9495 -22.6422 -0.6236 -0.0872 -117.8553 11.6240 20.0510 -7.8217 -15.1142 11.1240 16.0030 -61.2927 1.6028 2.1618 0.4289 8.8919 15.6189 68.4716 -36.4849 -31.6463 -0.7827 -0.3940 67.2606 -44.4971 16.6307 1.9086 13.3675 6.9605 -16.1671 48.9340 -4.0251 -5.1404 9.5301 -44.5821 13.7156 -0.6173 72.6826 -0.7028 -6.2585 -33.0035 -6.7153 1.6789 -2.4320 -1.9141 -3.3575 -58.8529 -29.5828 0.8545 59.9356 1.0668 9.0247 -9.0623 4.6325 -1.4400 1.0075 0.9448
-111.0587 83.8097 -34.7087 -1.2872 8.5359 -5.6719 0.9127 12.8880 -1.2199 0.1390 0.0249 -2.3353 3.1951 14.0440 -4.9848 11.5772 16.3322 -0.5825 -1.5720 -3.9408 -4.4624 9.8252 -16.0220 -9.3052 -0.1432 -0.0401 0.2560 0.5222 -10.4699 -3.5177 -0.7945 -10.4595 4.0588 17.2679 5.7809 -8.5145 -65.1158 -58.1948 -23.4061 0.0883 -0.1807 -117.7257 11.0486 20.1153 -7.7317 -15.2715 11.1023 16.0195 -61.6521 1.6158 2.2491 0.9478 9.2915 15.3212 69.5028 -34.1661 -30.7997 -0.8364 -0.2891 68.7245 -45.1875 16.6934 2.5795 13.4191 6.9768 -16.1969 49.1775 -4.0072 -5.1756 9.5066 -43.8949 14.3943 -0.5290 70.9929 -0.6245 -6.9811 -32.6319 -6.1046 1.6728 -2.0189 -1.8920 -2.9425 -58.4764 -28.3201 0.7726 58.8412 0.9875 8.4533 -8.3531 4.6642 -1.4388 0.8267 0.9822
-111.2912 84.5195 -34.9070 -1.2281 8.3851 -6.6053 0.6541 12.9377 -1.3144 0.0362 -0.0071 -2.4873 2.9909 14.1031 -5.1651 11.4419 16.7817 -0.5289 -1.4559 -3.9449 -4.3623 9.9323 -15.7570 -9.0566 -0.1324 -0.0525 0.2335 0.5463 -10.5089 -3.5483 -0.7963 -10.4962 4.0396 17.5955 6.0256 -8.7655 -63.7817 -58.2800 -23.9336 0.7084 -0.2020 -117.8327 10.6297 20.1848 -7.6680 -15.4268 11.0670 16.0600 -61.8911 1.5699 2.3416 1.3913 9.6810 14.9614 70.0633 -32.0806 -29.7785 -0.9216 -0.3115 70.2157 -45.5296 16.3545 3.6312 13.4714 7.0076 -16.2014 49.3675 -3.9920 -5.2181 9.5217 -42.8374 14.7816 -0.4988 69.1265 -0.6207 -7.7944 -32.0595 -5.1447 1.6763 -1.7489 -1.8767 -2.6709 -57.7171 -27.2401 0.6755 57.4805 0.8904 8.0110 -7.4745 4.8834 -1.4415 0.7085 1.0018
-111.5494 85.2559 -35.0623 -1.1966 8.1560 -7.4896 0.3719 12.9642 -1.3911 -0.0687 -0.0567 -2.6328 2.7732 14.0318 -5.3416 11.4671 17.2694 -0.4283 -1.4161 -3.9542 -4.3198 9.9988 -15.3073 -8.9021 -0.1217 -0.0649 0.2135 0.5705 -10.5430 -3.5794 -0.7971 -10.5349 4.0240 18.0124 6.2242 -9.0860 -62.0405 -58.3500 -24.4285 1.2137 -0.2408 -117.9451 10.3371 20.3978 -7.6182 -15.6137 11.0238 16.0380 -62.0614 1.5119 2.3807 1.7130 9.9924 14.5989 70.1006 -30.2918 -28.5831 -1.0829 -0.4204 71.4139 -45.6585 15.7069 4.5519 13.4870 7.0320 -16.1611 49.4027 -3.9751 -5.2488 9.6047 -41.6664 14.9780 -0.5193 67.2679 -0.6786 -8.7830 -31.3315 -3.9425 1.6835 -1.5735 -1.8639 -2.4414 -56.8364 -26.3368 0.5709 56.0657 0.7682 7.7209 -6.3342 5.3262 -1.4475 0.6874 1.0073
-111.8123 85.9719 -35.2225 -1.2309 7.8993 -8.3943 0.0926 12.9686 -1.4575 -0.1881 -0.0837 -2.7400 2.5570 13.8838 -5.5094 11.5944 17.7230 -0.2953 -1.4746 -3.9614 -4.2852 10.0601 -14.6992 -8.8601 -0.1121 -0.0707 0.1913 0.5929 -10.5562 -3.6132 -0.8002 -10.5528 4.0100 18.4487 6.3461 -9.4902 -60.1513 -58.4324 -24.8078 1.5494 -0.2640 -117.9257 10.2267 20.6399 -7.6073 -15.7797 10.9444 15.9896 -62.1253 1.4198 2.3710 1.8791 10.2082 14.2839 69.7562 -28.8564 -27.3222 -1.2767 -0.4880 72.0894 -45.8463 15.0283 4.8761 13.5118 7.0683 -16.1091 49.3740 -3.9699 -5.2269 9.7984 -40.5330 15.0116 -0.5410 65.5203 -0.7288 -9.7962 -30.4683 -2.6878 1.6880 -1.3938 -1.8580 -2.1438 -55.9705 -25.6390 0.4681 54.6996 0.6236 7.6397 -4.8297 6.0240 -1.4568 0.6752 1.0095
-112.1653 86.6832 -35.4702 -1.4341 7.7389 -9.3576 -0.0705 12.9635 -1.5029 -0.2703 -0.1670 -2.7922 2.3184 13.7168 -5.5692 11.7602 18.1469 -0.2560 -1.6392 -3.8897 -4.1287 10.1311 -14.2599 -8.9336 -0.1468 -0.0468 0.2364 0.5516 -10.5293 -3.5759 -0.8284 -10.5358 4.0739 18.7440 6.5905 -9.9109 -57.9390 -58.5177 -25.5937 1.8492 -0.2740 -117.6947 10.2625 20.7680 -7.6824 -15.8298 10.9369 16.0470 -61.9658 1.3683 2.4162 1.7979 10.3544 13.9426 69.3098 -27.7797 -26.2065 -1.3806 -0.3601 72.1992 -46.1135 14.1465 4.8081 13.5892 7.0956 -16.0592 49.2953 -3.8970 -5.1743 10.2788 -39.6340 14.5921 -0.5988 64.0047 -0.7786 -10.8640 -29.5924 -1.1643 1.6826 -1.0887 -1.8823 -1.3752 -55.4310 -25.4914 0.4413 53.6765 0.5272 7.8396 -2.7947 7.1034 -1.4785 0.4093 0.9682
-112.6293 87.3084 -35.7806 -1.9254 7.5745 -10.6269 -0.1546 12.9691 -1.4826 -0.3380 -0.1897 -2.8042 2.1697 13.6743 -5.4813 11.8449 18.4247 -0.1585 -1.7276 -3.8805 -4.0071 10.0645 -13.8533 -8.8958 -0.1543 -0.0444 0.2358 0.5395 -10.5108 -3.5710 -0.8306 -10.5307 4.0705 18.9672 6.6745 -10.2526 -56.1963 -58.6143 -25.9311 1.8843 -0.2833 -117.3465 10.5323 20.9207 -7.5919 -15.7883 10.8520 15.9183 -61.7081 1.2567 2.3963 1.5697 10.3400 13.8589 68.8424 -27.1682 -25.4403 -1.1644 -0.3799 71.8732 -46.3693 13.6753 4.3899 13.4895 7.1499 -16.0538 49.2654 -3.8241 -5.0874 11.1025 -38.8622 13.9950 -0.6133 62.7077 -0.8319 -11.8459 -28.8319 0.5374 1.6747 -0.6700 -1.9162 -0.4437 -55.4932 -25.6239 0.4894 53.4397 0.4717 8.9848 0.3148 9.5743 -1.4838 -0.5514 1.0006
-113.0751 87.8685 -36.1106 -2.7246 7.3286 -12.2972 -0.2420 12.9914 -1.3628 -0.3057 -0.1170 -2.6986 2.1478 13.7357 -5.2819 11.6716 18.4751 0.0827 -1.6777 -3.8156 -3.9412 9.9056 -13.5426 -8.7299 -0.1452 -0.0415 0.2060 0.5463 -10.4926 -3.6020 -0.8162 -10.5210 4.0366 19.0269 6.7835 -10.3997 -54.7397 -58.8031 -26.1869 1.7561 -0.1555 -116.8106 10.8642 20.9476 -7.6430 -15.7367 10.9492 15.9222 -61.4734 1.2036 2.3328 1.3064 10.2925 13.9945 68.1298 -26.9753 -24.5224 -0.9396 -0.2258 71.4019 -46.8148 13.0054 3.6042 13.4160 7.1014 -15.9759 49.0876 -3.8193 -5.0605 12.3765 -38.0806 13.2474 -0.5852 61.5329 -0.9056 -12.8090 -27.8829 2.3697 1.6571 -0.3531 -1.9075 0.6695 -56.4402 -26.3547 0.7733 54.1528 0.7213 12.4644 6.2383 15.4378 -1.4482 -3.0729 0.9722
-113.6616 88.2235 -36.4004 -3.6622 6.9035 -14.0036 -0.2149 13.0594 -1.1833 -0.2506 -0.1179 -2.6404 2.2182 14.0017 -5.0023 11.2145 18.5149 0.2220 -1.5569 -3.8058 -3.9062 9.7624 -13.1483 -8.4362 -0.1495 -0.0461 0.2056 0.5542 -10.4727 -3.5990 -0.8319 -10.5054 4.0356 18.6773 6.9828 -10.4993 -53.3777 -58.9557 -26.2680 1.4025 0.0561 -116.1273 11.1817 20.7994 -7.8278 -15.5760 11.0111 15.9463 -61.2987 1.3402 2.3316 0.6877 10.1793 14.2425 67.8062 -26.8176 -24.0497 -0.6999 -0.2389 71.0614 -46.8721 12.5233 3.0569 13.5101 7.0194 -15.8168 49.1165 -3.9179 -5.0723 14.0685 -37.3199 12.3499 -0.5051 60.8197 -0.8315 -13.7623 -26.8696 4.1386 1.6495 -0.1282 -1.8635 -0.6670 -57.6696 -24.8447 1.3089 54.7715 1.3973 23.1392 11.7642 26.6677 -1.3246 -4.1315 0.9770
-114.4668 88.2897 -36.6598 -4.3654 6.3562 -15.1411 -0.2233 13.1205 -0.9752 -0.2414 -0.1022 -2.5711 2.1939 14.1971 -4.9756 10.9445 18.4382 0.3905 -1.5324 -3.8143 -3.8751 9.6531 -12.7789 -8.3394 -0.1627 -0.0278 0.2212 0.5518 -10.4634 -3.5824 -0.8544 -10.4836 4.0522 18.0782 7.2670 -10.6441 -51.0452 -58.8389 -27.7280 1.1692 0.1914 -115.1105 11.6752 20.3198 -8.1357 -15.4039 11.2073 16.1068 -61.2038 1.4419 2.3490 0.2469 10.0409 14.5742 67.6209 -26.4180 -23.8633 -0.6892 -0.4252 71.1689 -46.7869 12.2353 2.5045 13.7187 6.9330 -15.7901 49.2531 -4.0140 -5.1374 15.8482 -36.7156 11.5630 -0.5049 60.6908 -0.8435 -14.6819 -25.9503 5.1997 1.6527 -0.2515 -1.8577 -5.4760 -58.1489 -20.2287 1.8779 54.2563 2.2529 31.0181 12.0328 33.7816 -1.2535 -3.0316 0.9705
-115.5547 88.1357 -36.9703 -4.7694 5.9564 -15.5968 -0.2392 13.0899 -0.8130 -0.2684 0.0277 -2.5202 2.0792 14.2141 -5.0870 10.9131 18.1228 0.6326 -1.4889 -3.8324 -4.0794 9.5403 -12.4334 -8.3728 -0.1124 -0.0100 0.1474 0.6063 -10.4918 -3.6800 -0.8069 -10.4887 3.9799 17.3011 7.4784 -10.9721 -48.1525 -58.4932 -30.1015 0.9856 -0.0417 -113.8214 12.2592 19.9891 -8.4964 -15.1927 11.2734 16.2875 -61.2059 1.3951 2.3771 0.0462 9.8173 14.8112 67.4744 -25.9012 -24.0364 -0.7250 -0.3069 71.6677 -46.6125 12.0723 1.6856 13.8155 6.9603 -15.8935 49.3131 -3.9863 -5.1728 17.5794 -36.5895 10.9153 -0.4249 60.9516 -0.8311 -15.5899 -25.2842 5.1186 1.6600 -0.3678 -1.8842 -13.4189 -57.3275 -12.5057 2.0758 51.9567 2.6346 26.8265 10.8284 28.1856 -1.4280 -2.2030 0.8868
-116.9221 87.7676 -37.2656 -4.8392 5.6551 -15.4977 -0.3619 12.9908 -0.7314 -0.3388 0.1145 -2.4138 1.9388 14.2698 -5.2444 11.0657 17.5030 0.7369 -1.5622 -3.8788 -4.3932 9.4647 -12.0019 -8.6074 -0.0794 -0.0109 0.0978 0.6424 -10.5271 -3.7388 -0.7759 -10.5115 3.9223 16.3636 7.7067 -11.4839 -44.8893 -57.9114 -33.1302 0.9707 -0.1042 -112.3258 12.8384 19.6248 -8.7724 -15.0917 11.2706 16.2497 -61.4219 1.3395 2.2580 -0.0753 9.5680 14.7595 67.4977 -25.2833 -24.3473 -0.7725 -0.0539 72.2403 -46.6010 12.4499 0.7508 13.7442 7.0282 -16.0662 49.1945 -3.9300 -5.2252 19.3006 -36.7639 10.5212 -0.2735 61.3289 -0.7329 -16.3506 -24.8336 4.2244 1.6815 -0.1523 -1.9467 -22.9170 -53.6855 -3.0079 1.9010 45.7817 2.6416 16.2567 9.6790 16.3957 -1.4992 -1.2461 0.8593
-118.6594 87.1900 -37.4776 -4.6718 5.3601 -15.0189 -0.5632 12.8197 -0.7643 -0.3999 0.1740 -2.2899 1.7960 14.4080 -5.4221 11.3468 16.8123 0.6509 -1.7782 -3.9248 -4.6330 9.3205 -11.6198 -8.9243 -0.1111 -0.0287 0.1477 0.6221 -10.5415 -3.6692 -0.8214 -10.5268 3.9601 15.4915 7.9919 -11.9869 -42.5214 -57.5403 -35.5370 0.7501 0.1818 -110.7421 13.3829 19.2179 -9.0867 -15.2902 11.1327 16.0220 -61.7231 1.2488 2.1306 -0.2185 9.3368 14.4487 67.8071 -24.6285 -24.7287 -0.9724 -0.0199 72.6345 -46.4641 13.2682 0.3125 13.6596 7.0529 -16.2502 49.0270 -3.9134 -5.4058 21.1029 -36.9945 10.1932 -0.2446 61.7072 -0.7328 -17.1943 -24.4715 3.0799 1.6834 0.1516 -1.9170 -30.7931 -47.2083 4.9579 1.4093 36.0383 2.4358 7.0437 10.3784 7.1571 -1.5710 -1.2008 0.9417
-120.8731 86.4326 -37.6121 -4.3293 5.0357 -14.4322 -0.7799 12.5684 -0.7387 -0.4060 0.1959 -2.2365 1.6468 14.4635 -5.4947 11.5849 16.3588 0.5617 -2.0589 -3.9911 -4.9009 9.2370 -11.4018 -9.3523 -0.1464 -0.0485 0.2074 0.5998 -10.5381 -3.5845 -0.8740 -10.5303 4.0072 14.8755 8.3331 -12.3461 -41.7521 -57.4250 -36.6546 0.3211 0.5878 -109.4533 13.8813 18.9464 -9.4906 -15.5705 10.9724 15.7940 -61.9658 1.1115 2.1363 -0.3382 9.2188 14.1280 68.2864 -23.9589 -25.5406 -1.1783 -0.0233 72.9613 -46.1718 13.8926 0.1734 13.6008 7.0713 -16.3527 49.0107 -3.9228 -5.4812 23.0428 -37.0537 9.8701 -0.4331 61.9543 -0.9435 -18.4011 -24.0885 2.0102 1.6712 0.2508 -1.8121 -35.9575 -39.8109 9.8957 0.9263 26.0703 2.3144 2.4825 12.5793 1.9055 -1.7556 -1.4540 1.0681
-123.6020 85.5612 -37.6473 -3.7101 4.7399 -13.8713 -0.9964 12.2396 -0.6228 -0.4124 0.0997 -2.1899 1.4859 14.3607 -5.4083 11.6480 16.1476 0.4969 -2.3362 -4.0437 -5.1874 9.2795 -11.4991 -10.0323 -0.1660 -0.0456 0.2524 0.5956 -10.5156 -3.5252 -0.9119 -10.5077 4.0431 14.5684 8.5282 -12.4395 -42.7123 -57.3031 -36.5264 -0.0703 0.8061 -108.7711 14.3195 18.8145 -9.9631 -15.7424 10.8794 15.5925 -62.1373 0.9677 2.1347 -0.3435 9.3119 13.8786 68.6094 -23.3419 -26.8204 -1.3509 0.0792 73.4986 -45.7909 13.9897 -0.0790 13.4909 7.0752 -16.3571 49.0593 -3.8938 -5.4599 24.8360 -36.8113 9.6518 -0.6910 61.7516 -1.2329 -20.1204 -23.6715 1.2160 1.6608 0.4700 -1.7230 -38.9407 -33.6744 11.8173 0.5718 18.5026 2.2843 1.4182 15.0295 -0.8530 -1.8977 -1.5204 1.1683
-126.7646 84.7374 -37.5933 -2.8061 4.4360 -13.4200 -1.2076 11.8772 -0.4818 -0.4794 -0.0783 -2.0588 1.3428 14.0823 -5.1693 11.5712 16.0973 0.5289 -2.5291 -4.0610 -5.5586 9.2752 -11.9318 -10.7914 -0.1716 -0.0246 0.2814 0.5998 -10.5070 -3.4931 -0.9307 -10.4844 4.0712 14.6631 8.4079 -12.0116 -45.4038 -56.8120 -35.2854 -0.1329 0.8283 -108.9282 14.7088 18.5532 -10.3264 -15.7471 10.8762 15.4910 -62.2937 0.8632 2.1272 -0.2286 9.5475 13.7543 68.6945 -22.7113 -28.3985 -1.4292 0.2782 74.4079 -45.3449 13.6296 -0.3663 13.3868 7.0485 -16.2719 49.1134 -3.9128 -5.3609 26.4545 -36.0398 9.6492 -0.9033 60.7148 -1.5071 -22.3795 -22.9181 0.4974 1.6524 0.7930 -1.6533 -40.2802 -30.0479 10.7925 0.3788 13.7731 2.1692 1.9763 15.5877 -2.2057 -1.9345 -1.6659 1.2013
-130.6058 84.1700 -37.5467 -1.5603 4.2368 -12.7917 -1.5115 11.5122 -0.4526 -0.5689 -0.3387 -1.7947 1.1378 13.5593 -4.8623 11.4040 16.2120 0.5089 -2.6027 -4.0319 -5.9676 9.2173 -12.4595 -11.5122 -0.1763 0.0016 0.2991 0.5937 -10.5109 -3.4793 -0.9358 -10.4718 4.0934 15.2472 8.0938 -11.0321 -49.5127 -55.8864 -33.1050 -0.1948 0.7579 -109.9585 14.9215 18.0309 -10.4910 -15.6856 10.9156 15.5151 -62.3022 0.9206 2.1387 -0.1124 9.8546 13.5558 68.7338 -21.6565 -30.1070 -1.2639 0.4233 75.9263 -44.9334 13.0267 -0.2827 13.3511 7.0581 -16.1675 49.1905 -3.8850 -5.2374 27.6805 -34.7716 9.8429 -1.0621 58.4137 -1.7730 -24.8501 -21.3156 -0.4060 1.6426 1.0397 -1.6094 -40.0167 -29.0740 6.9128 0.2867 11.1655 1.8868 2.8377 14.4059 -2.9570 -1.8777 -2.0276 1.1777
-135.1953 84.1415 -37.5733 -0.1763 4.4421 -11.5871 -1.8894 11.0795 -0.5648 -0.6532 -0.6530 -1.4392 0.9028 12.7308 -4.6604 11.1324 16.5312 0.3005 -2.5027 -3.9980 -6.4004 9.2626 -12.5758 -12.1839 -0.1848 0.0092 0.3196 0.5740 -10.5218 -3.4735 -0.9340 -10.4698 4.1312 15.9870 7.6652 -9.9424 -53.3619 -54.1364 -31.2407 -0.2447 0.6426 -111.4583 14.7244 17.5136 -10.5611 -15.6748 10.8416 15.5942 -61.9856 1.0445 2.3338 0.2841 10.0858 13.2288 68.6170 -19.9607 -31.5208 -1.2099 0.4995 78.1179 -44.5337 12.0573 0.6842 13.4486 7.1074 -16.0091 49.2323 -3.7115 -5.0952 28.6725 -33.0899 9.7952 -1.2105 53.8850 -2.0848 -27.3528 -18.1553 -1.3406 1.6360 1.0042 -1.5697 -38.1705 -30.2301 0.7623 0.2862 10.0060 1.5692 3.6449 12.0225 -4.4125 -1.7680 -2.4247 1.1012
-140.2291 84.8380 -37.8081 1.0314 5.1329 -9.7381 -2.0544 10.5460 -0.6647 -0.7406 -0.8884 -1.2056 0.6461 11.9243 -4.6772 10.7277 16.6947 -0.0803 -2.3390 -3.9733 -6.8033 9.4590 -12.0220 -12.8797 -0.1807 -0.0083 0.3062 0.5518 -10.5481 -3.5010 -0.9024 -10.4977 4.1298 15.9257 7.0570 -9.2728 -54.7226 -51.8616 -31.1334 -0.2945 0.5146 -112.6607 14.1052 17.4203 -10.6792 -15.6542 10.8521 15.8162 -61.4416 1.2030 2.4650 0.9727 9.9897 12.9538 68.1470 -18.2394 -32.5005 -1.3781 0.2728 80.1829 -44.1346 11.0801 2.3197 13.7660 7.1759 -16.0230 49.3735 -3.5255 -5.1745 29.6696 -30.9952 8.8773 -1.1628 46.6768 -2.1353 -29.4575 -12.5681 -1.7979 1.6790 0.4773 -1.5127 -35.0524 -32.8967 -6.1996 0.3494 10.7121 1.4218 6.8361 11.3809 -5.2176 -1.6773 -2.8069 1.0897
-145.3576 86.0566 -38.3741 1.8029 6.1795 -7.4016 -1.7271 10.0630 -0.7479 -0.8283 -0.9701 -1.1736 0.3728 11.2737 -4.8564 10.4349 16.4603 -0.0775 -2.1080 -3.8794 -7.5384 9.6178 -11.2638 -13.6736 -0.1530 -0.0043 0.2511 0.5714 -10.5083 -3.5625 -0.8626 -10.5009 4.0779 14.8687 6.5382 -9.2464 -53.7315 -49.9518 -32.1819 -0.1709 0.4433 -113.2103 13.3266 17.3274 -10.6419 -15.6418 11.0353 15.9912 -61.5017 1.3454 2.3795 1.6256 9.5455 12.8267 67.1889 -17.2249 -33.0696 -1.7312 0.0478 81.4921 -43.7846 9.5698 4.1281 14.1770 7.1411 -16.0073 49.5337 -3.3661 -5.2874 30.8387 -28.8058 6.6901 -0.8938 37.9016 -2.1122 -30.1586 -4.5603 -2.0248 1.7407 -1.6572 -1.5457 -31.3084 -37.1925 -12.8553 0.5764 14.5346 1.7208 13.9601 14.3464 -3.0106 -1.5930 -2.5059 1.0276
-150.3837 87.4422 -39.2461 2.3603 7.0407 -4.9413 -1.3814 9.8131 -0.9661 -0.8434 -0.9364 -1.2014 0.2137 10.9821 -5.0356 10.3447 16.0424 0.1156 -1.9682 -3.8389 -8.2111 9.7435 -10.6426 -14.3354 -0.0931 -0.0350 0.1601 0.6209 -10.4955 -3.6638 -0.7897 -10.5197 3.9804 14.1370 5.8219 -9.3105 -53.1868 -49.0211 -32.6164 -0.0949 0.4529 -113.3927 13.4037 17.8544 -10.6059 -15.8191 11.1904 16.1347 -62.0175 1.3230 1.9828 1.9739 9.2039 12.9779 66.0787 -17.3211 -33.7685 -1.9878 -0.2948 81.7029 -43.8269 7.9097 5.5603 14.3635 7.0700 -16.0529 49.6707 -3.4375 -5.3958 31.7478 -26.5752 3.1098 -0.4922 30.2773 -2.0921 -26.2970 4.0156 0.5933 1.7916 -3.7452 -1.6244 -27.6112 -41.1742 -18.0941 0.6806 20.4174 1.7118 18.9922 13.5383 -1.2244 -1.5043 -1.5197 0.9450
-154.8693 88.8098 -40.3275 2.7684 7.3635 -2.9052 -1.0343 9.9216 -1.0779 -0.7540 -0.9054 -1.2576 0.2501 11.2567 -5.1280 10.3825 15.8008 0.1676 -1.9889 -3.9640 -8.8656 9.7383 -10.2467 -14.6975 -0.0704 -0.0697 0.1333 0.6196 -10.5565 -3.6977 -0.7411 -10.6073 3.9565 13.8292 5.4102 -9.7113 -53.1256 -49.5326 -32.4469 0.0507 -0.0410 -113.0613 13.5681 18.9745 -10.6292 -15.6904 11.2311 16.1808 -62.3043 1.3165 1.9003 1.8803 9.1223 13.1659 64.9785 -19.2549 -34.6306 -1.8224 -0.2982 80.1296 -43.9083 5.1659 6.9222 14.2964 6.9758 -16.0027 49.6245 -3.7983 -5.3630 31.7150 -26.3508 -0.5318 -0.2321 29.2723 -1.8272 -15.9047 7.0597 5.7760 1.8432 -2.8485 -1.6560 -24.3389 -43.9395 -21.1361 0.7440 26.7590 1.5612 20.1267 10.5542 -0.8119 -1.4428 -0.6988 0.9735
-158.6619 89.8694 -41.4223 3.0927 6.8662 -2.0527 -0.8172 10.5329 -1.0319 -0.6240 -0.6720 -1.3486 0.4379 11.5909 -5.1148 10.4456 15.9130 0.1254 -2.0755 -4.0135 -8.8819 9.5979 -10.6879 -14.7073 -0.0468 -0.0627 0.0786 0.6522 -10.5965 -3.7811 -0.7246 -10.6487 3.9230 14.3103 5.2616 -10.0014 -53.3536 -50.8611 -32.2016 0.6128 -0.4300 -112.7168 14.0170 19.6558 -10.4777 -15.7323 11.1613 16.0028 -62.4116 1.3646 1.8819 1.4704 8.7496 13.6027 63.3794 -22.2293 -34.6673 -1.6060 -0.1109 77.1296 -44.0255 2.7855 7.2508 13.9699 6.8522 -15.9234 49.2262 -4.0721 -5.3367 29.7671 -29.3727 -0.5786 -0.5612 37.6781 -1.8992 -12.3606 2.5595 6.1068 1.8745 -2.7012 -1.7395 -21.9748 -44.9327 -22.1493 0.7772 31.1573 1.4583 19.2936 7.8577 -1.1765 -1.4236 -0.3459 0.9373
-162.0762 90.4782 -42.5480 3.2615 6.1011 -2.2318 -0.7300 11.2961 -0.9697 -0.4898 -0.4591 -1.4594 0.8307 11.9174 -5.1351 10.5706 16.0339 0.1114 -2.3030 -3.9740 -8.6016 9.4702 -11.4486 -14.5305 -0.0615 -0.0372 0.0994 0.6500 -10.6024 -3.7781 -0.7518 -10.6437 3.9686 15.0855 5.2061 -10.2302 -53.5215 -52.1412 -31.9544 1.0820 -0.7287 -112.6246 13.9509 19.6994 -10.6745 -15.7758 11.1760 15.9369 -62.3856 1.4221 1.9958 1.1580 8.4676 14.0214 62.2581 -25.5825 -33.9635 -1.1043 -0.0322 74.5339 -44.1376 1.6522 7.2380 13.6740 6.8190 -15.9154 48.9958 -4.0367 -5.3211 26.1733 -33.6373 2.0647 -1.2064 51.5407 -2.3944 -13.6018 -2.7178 2.6718 1.8368 -2.9701 -1.8919 -19.9234 -45.3454 -22.0283 0.7669 34.5206 1.3214 18.0357 5.4955 -1.2335 -1.4345 -0.2434 0.8874
-165.2066 90.6859 -43.6211 3.0005 5.4657 -3.0229 -0.6342 11.8850 -0.8909 -0.3391 -0.3796 -1.7470 1.3672 12.1749 -5.2224 10.8754 16.1572 -0.0117 -2.5057 -3.9243 -8.1359 9.2673 -12.3604 -14.0995 -0.0988 -0.0004 0.1702 0.6194 -10.5676 -3.7058 -0.7949 -10.5854 4.0498 15.7970 5.4465 -10.5905 -53.4908 -53.1584 -31.6819 1.2075 -0.8399 -113.0021 13.3268 19.0545 -11.1640 -15.7235 11.1868 15.9706 -62.0580 1.4966 2.0876 1.1202 8.3910 14.1292 62.1143 -27.6648 -32.2565 -0.8711 -0.2221 74.1028 -43.9627 2.0363 7.2864 13.5649 6.8950 -15.9647 49.0122 -3.8739 -5.3028 21.5431 -36.7853 5.9103 -1.8944 65.5399 -2.9221 -15.2362 -6.8926 -1.7104 1.8201 -3.2011 -1.9708 -17.5281 -45.6383 -21.5871 0.6989 37.5564 1.1379 16.4306 3.3270 -1.2416 -1.4501 -0.0699 0.8711
-168.1432 90.5645 -44.5636 2.1555 5.0171 -3.9643 -0.3919 12.2263 -0.8356 -0.1803 -0.3917 -2.1832 1.9922 12.4119 -5.4209 11.3819 16.2564 -0.2435 -2.5030 -3.9057 -7.6416 8.8890 -13.2948 -13.3106 -0.1141 0.0294 0.2035 0.5982 -10.4880 -3.6507 -0.8060 -10.4865 4.0693 16.4876 5.8888 -11.1047 -53.6551 -53.8928 -31.1054 0.9963 -0.8542 -113.9137 12.7268 17.9054 -11.5488 -15.6138 11.1520 16.0245 -61.6752 1.4736 2.1651 1.3550 8.4784 13.7669 62.7270 -28.1331 -29.6310 -1.0896 -0.5334 75.6356 -43.3335 3.3548 7.1852 13.5370 7.0305 -16.0312 49.1168 -3.6671 -5.2898 16.4316 -38.0853 10.1508 -2.7181 76.8470 -3.4526 -16.6501 -9.5321 -6.1425 1.7943 -3.4365 -1.9675 -14.3755 -45.8869 -21.5979 0.5925 40.5009 0.9803 14.5087 1.3332 -1.3445 -1.4592 0.2862 0.8529
-170.9446 90.2268 -45.3862 0.8374 4.7966 -4.8478 -0.0037 12.3363 -0.8510 -0.0087 -0.4858 -2.6984 2.5882 12.6755 -5.6794 11.9978 16.3534 -0.5274 -2.3962 -3.9128 -7.0672 8.4714 -14.0373 -12.3324 -0.1243 0.0394 0.2364 0.5818 -10.4296 -3.5910 -0.8099 -10.4137 4.0782 17.1768 6.4445 -11.6623 -54.0366 -54.3443 -30.4705 0.7238 -0.8448 -114.9270 12.2192 16.7640 -11.8116 -15.5135 11.1555 16.0971 -61.5188 1.4026 2.1940 1.7380 8.6704 13.1100 63.7937 -27.5944 -26.9196 -1.1304 -0.8344 77.7970 -42.4508 5.0108 6.8460 13.5400 7.1858 -16.1612 49.1888 -3.5405 -5.2743 11.0768 -37.5859 14.6691 -3.7610 83.9078 -4.0836 -17.9940 -11.4591 -10.5654 1.7622 -3.8528 -1.9578 -10.3954 -46.2122 -22.5641 0.5121 43.3074 0.8702 12.5259 -0.3389 -1.5265 -1.4705 0.6785 0.8615
-173.6405 89.7864 -46.0781 -0.7177 4.7217 -5.6702 0.4083 12.3131 -1.0024 0.1510 -0.5914 -3.1982 3.1117 12.9254 -5.9806 12.6071 16.5873 -0.7951 -2.2581 -3.9255 -6.3589 8.0856 -14.4750 -11.2823 -0.1305 0.0272 0.2655 0.5728 -10.4357 -3.5471 -0.8135 -10.4089 4.0943 17.8750 7.0117 -12.2370 -54.5780 -54.5737 -29.8932 0.6191 -0.8141 -115.8762 11.7995 15.8937 -12.0484 -15.4876 11.2105 16.1811 -61.5790 1.3823 2.2329 2.1921 8.9570 12.3542 64.9846 -26.5088 -24.3826 -0.9728 -1.0043 79.8469 -41.5263 6.4499 6.4762 13.5724 7.3356 -16.2347 49.2334 -3.4711 -5.2341 5.6054 -35.6539 19.3045 -3.3298 86.2074 -3.3076 -18.7399 -13.2974 -14.8873 1.7153 -4.5590 -1.9496 -5.9298 -46.4391 -24.2947 0.5194 45.7445 0.8167 10.6513 -1.8197 -1.7192 -1.4784 1.0382 0.9025
-176.1259 89.3319 -46.7401 -2.3874 4.7782 -6.6401 0.6914 12.2176 -1.1834 0.3258 -0.7637 -3.7906 3.5777 13.2089 -6.2081 13.1307 16.9730 -1.0639 -2.1091 -3.9243 -5.4243 7.6521 -14.5780 -10.1536 -0.1259 0.0013 0.2643 0.5844 -10.5006 -3.5435 -0.8167 -10.4727 4.0889 18.4474 7.5659 -12.9158 -55.1928 -54.6914 -29.4057 0.6567 -0.7376 -116.7100 11.3060 15.0794 -12.2523 -15.4930 11.3059 16.2219 -61.6035 1.4256 2.1656 2.7999 9.4490 11.6178 66.0532 -25.2193 -21.9830 -0.7179 -1.1017 81.6660 -40.6076 7.5302 6.1623 13.7340 7.4455 -16.2738 49.3341 -3.4640 -5.2334 0.3076 -32.7031 23.4572 -0.3012 83.4004 -0.0317 -17.5182 -15.0519 -16.2286 1.6490 -5.7534 -1.9202 -1.1521 -46.4849 -26.4082 0.5762 47.6678 0.7698 8.7738 -3.2412 -1.8440 -1.4870 1.4883 0.9515
-178.2646 88.8307 -47.3904 -4.0639 4.8882 -7.8784 0.7921 12.0421 -1.4073 0.4407 -1.0311 -4.2410 4.0430 13.5661 -6.4344 13.4956 17.4893 -1.0864 -1.9096 -3.9180 -4.5944 7.1119 -14.3202 -8.8300 -0.1028 -0.0291 0.2200 0.6148 -10.5732 -3.5873 -0.8016 -10.5580 4.0388 18.9507 7.9886 -13.6888 -56.4943 -55.0153 -28.2235 0.7379 -0.7384 -117.3835 10.5406 13.7984 -12.1951 -15.3040 11.4585 16.2454 -61.4635 1.3727 2.0897 3.5381 10.3741 11.0847 66.7409 -24.0076 -19.6349 -0.7304 -1.2533 83.2644 -39.6762 8.0874 6.1517 13.9839 7.4721 -16.1967 49.3457 -3.6077 -5.1498 -3.9297 -29.0762 25.6056 0.6303 75.7447 1.3065 -11.3207 -16.9776 -10.1021 1.7444 -9.7246 -1.9048 3.7094 -46.2122 -28.6117 0.5284 48.9578 0.6144 6.7070 -4.9113 -1.4466 -1.4924 2.3168 0.9484
-180.1131 88.3009 -47.8994 -5.9918 4.9080 -9.2836 1.0178 11.7062 -1.7253 0.5016 -1.2237 -4.5373 4.5611 13.9326 -6.6284 13.3519 18.1752 -0.6523 -1.3123 -3.8986 -4.2689 6.6137 -13.8308 -7.3864 -0.0407 -0.0773 0.1133 0.6773 -10.6154 -3.7021 -0.7391 -10.6128 3.9199 19.3072 8.2752 -14.1972 -57.2384 -55.2050 -27.6168 1.2206 -0.7866 -117.7390 9.8105 12.6856 -12.1069 -15.1448 11.3532 15.9896 -61.2460 1.3061 2.3019 4.1274 11.2395 10.7929 67.0293 -22.4530 -17.3731 -1.1988 -1.2162 84.3533 -38.9686 7.6913 6.8936 14.1468 7.5216 -16.0210 49.2518 -3.7379 -4.9418 -6.1234 -24.8316 23.8710 0.3467 65.8715 1.4497 4.4122 -25.8627 1.3919 2.0249 -14.8948 -2.0338 8.6070 -45.4601 -30.5313 0.3494 49.7466 0.3279 4.2107 -6.3095 -0.6474 -1.5029 2.7269 0.9123
-181.8764 87.8063 -48.6277 -7.0391 4.4374 -10.8587 0.7255 11.5765 -1.9225 0.3749 -1.2437 -4.6113 4.4544 14.0414 -6.6810 13.2385 19.2490 -0.6646 -1.0129 -3.9029 -3.1556 6.8336 -13.3850 -6.5477 -0.0582 -0.0761 0.1467 0.6673 -10.6265 -3.6687 -0.7661 -10.6051 3.9578 19.4189 8.6744 -14.1008 -56.4740 -55.9456 -28.1225 1.0365 -0.8551 -117.4149 9.5545 11.6465 -11.9030 -14.7934 11.4386 15.9595 -61.0196 1.3847 2.2574 4.6316 11.8883 10.4937 67.8818 -20.4955 -16.2441 -1.5382 -1.1809 85.1242 -38.5333 7.7675 7.2887 13.9478 7.3759 -15.8658 48.6560 -3.8436 -4.9801 -6.0740 -22.0269 17.9989 0.4280 59.8916 1.3331 6.8271 -35.4109 10.0695 1.8233 -6.7910 -1.9832 12.2458 -44.8439 -32.2240 0.1586 50.7523 0.1003 2.1165 -6.9708 1.1159 -1.4976 1.7917 0.9473
-183.6501 87.6225 -49.5568 -7.0186 3.7686 -12.5518 0.1255 11.5467 -2.0514 0.0686 -1.3276 -4.4694 3.6044 14.0001 -6.5849 13.0532 20.1364 -0.4625 -0.7781 -3.9431 -2.3738 7.3180 -12.9502 -6.1082 -0.1151 -0.0539 0.2455 0.6020 -10.5741 -3.5586 -0.8148 -10.5546 4.0658 19.3104 9.4217 -13.7535 -55.1973 -56.4502 -28.7347 0.8863 -0.5466 -117.2423 8.8473 10.8708 -11.7476 -14.6412 11.2934 16.0078 -60.4293 1.5055 2.5177 5.1082 12.5105 10.0941 68.8515 -18.3127 -15.8586 -1.6903 -0.7713 85.7743 -38.1564 7.5206 7.3798 13.7698 7.3406 -15.7356 48.5456 -3.7141 -4.7870 -5.8464 -20.8153 13.8356 0.5449 57.3112 1.1576 4.5154 -38.9959 15.7455 1.7258 -2.5703 -2.1248 14.8505 -44.4824 -34.5611 0.0656 51.6763 -0.1635 -0.4758 -6.2025 3.6150 -1.4894 0.8627 0.9041
-185.2403 87.9038 -50.7243 -6.5119 3.1646 -14.0119 -0.4232 11.4428 -2.0320 -0.2420 -1.2362 -4.2254 2.5788 13.9995 -6.5089 12.9583 20.5353 -0.1689 -0.6519 -3.8859 -1.9070 7.7325 -12.5463 -5.8709 -0.1182 -0.0537 0.2402 0.5746 -10.5937 -3.5594 -0.7922 -10.5694 4.0572 19.4182 9.6783 -13.3599 -55.3793 -56.4299 -27.8398 0.8908 -0.2538 -117.4620 8.4117 10.3816 -11.8436 -14.9711 11.2457 15.9972 -60.5010 1.4585 2.4299 5.4009 13.0389 9.9585 69.9824 -16.5633 -16.7180 -1.4381 -0.4411 85.8002 -38.0381 8.3569 6.9806 13.7694 7.2671 -15.7730 48.6110 -3.6969 -4.7840 -5.3901 -20.4897 13.1679 0.5185 56.5173 0.8633 2.2184 -39.1930 16.9800 1.7035 -1.1086 -2.1727 17.1106 -44.8963 -37.9547 -0.1476 53.3098 -0.6034 -2.4083 -2.1229 6.8532 -1.4619 -0.8180 0.9073
-186.5530 88.5094 -51.8982 -6.2059 2.6374 -15.3382 -0.6310 11.5065 -1.9686 -0.3420 -1.1612 -3.9797 1.8745 14.0401 -6.2363 12.4860 20.7351 0.1516 -0.7049 -3.8689 -1.7198 8.0004 -12.2809 -5.7718 -0.1347 -0.0550 0.2762 0.5462 -10.5847 -3.5204 -0.7965 -10.5783 4.0997 19.3606 9.5490 -12.8652 -56.3807 -55.7985 -26.0967 1.2630 -0.1361 -118.0782 8.4720 11.4221 -12.0790 -15.2850 11.1514 15.9334 -60.5837 1.5200 2.4593 4.8266 13.3636 10.0340 71.0926 -15.2780 -18.2073 -0.9944 0.0103 85.0752 -38.0433 8.5321 6.8444 13.9294 7.1595 -15.7846 48.8119 -3.6428 -4.7934 -4.3313 -20.1553 14.5308 0.5226 55.4246 0.6999 0.8843 -38.4205 16.0638 1.6819 -0.4999 -2.1453 18.9636 -46.7969 -41.6400 -0.4450 56.3918 -1.1575 -0.1427 6.0561 11.2463 -1.4150 -4.4194 0.9599
-187.7045 89.1161 -53.0960 -6.3090 2.3121 -16.2550 -0.4338 11.6681 -1.7535 -0.1998 -1.1170 -3.8572 1.5440 13.9725 -6.0274 11.7188 20.7670 0.5211 -0.7051 -3.8546 -1.7727 8.0688 -12.0279 -5.7586 -0.1432 -0.0599 0.2882 0.5523 -10.6210 -3.5233 -0.8172 -10.6446 4.1308 19.2434 9.2997 -12.2558 -57.7552 -55.1530 -24.1194 1.6231 -0.1492 -118.8118 8.6906 13.0401 -12.2050 -15.3625 11.1087 15.9119 -60.4725 1.5555 2.5669 3.7407 13.3165 10.4142 71.2804 -14.4463 -19.7944 -0.5396 0.0905 84.3433 -38.0688 8.5102 6.5412 14.2136 7.0293 -15.8055 49.0394 -3.6958 -4.9105 -2.7238 -20.2611 16.6977 0.4379 54.6245 0.5326 -0.2741 -37.2744 14.4824 1.6594 -0.6440 -2.0476 19.0320 -50.0058 -43.6111 -0.5241 59.6644 -1.2352 11.3194 14.5255 19.2653 -1.2729 -4.6291 0.8858
-188.8540 89.4651 -54.3090 -6.5956 2.1335 -16.4722 -0.0627 11.8009 -1.5727 -0.0523 -1.0773 -3.6110 1.5160 13.7430 -6.0079 11.0747 20.5448 0.6780 -0.7284 -3.8444 -1.8567 8.0456 -11.7961 -6.0291 -0.1524 -0.0775 0.2974 0.5574 -10.7059 -3.5366 -0.8414 -10.7448 4.1692 19.1012 9.0589 -11.6608 -58.5915 -54.6485 -23.0874 1.8140 -0.1848 -119.3509 8.7543 14.2606 -12.1670 -15.3036 11.1649 15.9602 -60.2741 1.5975 2.7310 2.6550 12.9281 10.9794 70.2206 -13.9530 -20.8376 -0.6123 -0.0809 83.5342 -37.9298 8.1647 6.2127 14.4780 6.9963 -15.8384 49.3065 -3.7477 -5.0574 -0.9930 -21.1633 18.3644 0.3206 54.9134 0.3880 -1.6167 -36.1727 12.9164 1.6432 -0.9516 -1.9163 15.3281 -53.5048 -41.4704 0.2047 61.8761 -0.1397 23.9917 15.8553 27.0406 -1.1231 -2.3927 0.8877
-190.0555 89.6268 -55.4499 -6.8319 2.3131 -16.0149 0.3135 11.7130 -1.3818 0.0821 -1.0326 -3.3360 1.6509 13.3861 -5.9288 10.7800 20.1022 0.7390 -0.8036 -3.8476 -2.2530 8.0826 -11.6770 -6.5469 -0.1338 -0.0798 0.2599 0.5823 -10.7423 -3.5932 -0.8289 -10.7726 4.1411 18.8169 8.7562 -11.1671 -59.2810 -54.5139 -22.7574 1.5217 -0.3679 -119.4931 9.0110 15.1604 -12.0703 -15.2058 11.2718 16.0859 -60.1720 1.5684 2.8172 2.0247 12.3916 11.5539 68.1913 -14.3212 -21.7674 -0.7879 -0.1815 82.2906 -38.0382 7.5626 5.8098 14.6652 7.0318 -15.8949 49.5534 -3.7284 -5.1559 0.4828 -22.7920 18.9338 0.2986 56.0108 0.3610 -2.7552 -35.3512 11.3913 1.6301 -1.2725 -1.8552 7.8129 -56.5034 -35.3505 1.0229 62.6928 1.0123 25.0515 14.6748 24.6319 -1.2660 -1.9865 0.8757
-191.4590 89.6173 -56.4881 -6.9003 2.6787 -15.3058 0.5405 11.4341 -1.2072 0.2075 -1.0156 -3.0987 1.7979 13.0224 -5.6641 10.6867 19.6256 0.6930 -0.9104 -3.8644 -2.8416 8.2294 -11.4216 -7.1695 -0.1012 -0.0761 0.1975 0.6156 -10.7400 -3.6647 -0.7940 -10.7514 4.0682 18.4759 8.4007 -10.8450 -60.1382 -54.3404 -22.6545 1.1126 -0.3473 -119.2893 9.4757 16.0472 -11.8701 -15.0682 11.4028 16.2050 -60.2240 1.6053 2.7468 1.6012 11.8488 12.0629 66.1924 -15.4884 -22.8519 -0.7503 -0.2237 80.3149 -38.3869 7.2819 5.3510 14.5900 7.0809 -15.9473 49.6157 -3.6913 -5.1166 1.7402 -24.6928 18.8662 0.3092 57.4023 0.3936 -3.6193 -34.9002 10.0263 1.6333 -1.5622 -1.8580 -3.4545 -57.4443 -25.1165 1.6879 60.8819 2.0158 20.2297 14.8720 16.7112 -1.4480 -1.5411 0.8553
-193.0586 89.4716 -57.3464 -6.7588 3.1079 -14.4611 0.5616 10.9984 -1.1103 0.2549 -1.0277 -2.7532 1.9289 12.7151 -5.3898 10.8331 19.2631 0.5362 -1.0197 -3.9065 -3.4937 8.4530 -11.0349 -7.7818 -0.0808 -0.0740 0.1574 0.6357 -10.7299 -3.7061 -0.7733 -10.7200 4.0167 18.2929 7.9209 -10.6806 -61.2801 -53.7555 -22.7461 0.8889 -0.0771 -118.9351 10.0037 17.0762 -11.5358 -15.0684 11.3918 16.2251 -60.4216 1.6153 2.6881 1.2057 11.4031 12.3557 64.7667 -17.0290 -23.8344 -0.6683 -0.2272 77.8666 -38.9316 7.3486 4.9745 14.4007 7.1408 -16.0495 49.4814 -3.6595 -5.0457 2.8073 -26.5084 18.3495 0.3295 58.7526 0.4234 -4.4272 -34.7307 9.1243 1.6474 -1.5829 -1.9124 -15.5454 -54.9762 -13.5550 1.9445 55.9985 2.6589 11.3997 16.8072 5.9444 -1.5034 -1.1818 0.8188
-195.0552 89.2466 -58.0298 -6.4490 3.5110 -13.4458 0.3951 10.4854 -1.1022 0.2425 -1.0979 -2.3756 1.9979 12.4605 -5.2453 11.2869 19.1462 0.2930 -1.2810 -3.9295 -3.9112 8.7871 -10.5504 -8.3927 -0.0910 -0.0676 0.1763 0.6322 -10.7192 -3.6817 -0.7919 -10.6852 4.0294 18.2610 7.3957 -10.5245 -62.5644 -52.7359 -23.1701 0.9050 0.2212 -118.6979 10.3563 18.1776 -11.0693 -15.2899 11.1828 16.1204 -60.7594 1.5051 2.8473 0.8001 11.0550 12.4017 64.1033 -18.4401 -24.5914 -0.7451 -0.4553 75.4060 -39.3357 7.6390 5.0635 14.1593 7.2572 -16.2407 49.1970 -3.5825 -5.0551 3.8439 -28.0742 17.4687 0.2296 60.0535 0.2853 -5.3504 -34.6154 8.7511 1.6548 -1.3573 -1.9294 -24.6392 -49.0217 -4.6200 1.8026 47.9667 2.9636 1.6970 20.7551 -4.0314 -1.5815 -1.4954 0.8402
-197.3378 88.8132 -58.5080 -6.0710 3.7565 -12.4892 0.0758 10.0181 -0.9885 0.2032 -1.2427 -2.1040 1.9534 12.2275 -5.1643 11.8231 19.2131 0.0711 -1.5969 -3.9152 -4.1160 9.1477 -10.1731 -8.9611 -0.1004 -0.0522 0.1936 0.6333 -10.6749 -3.6625 -0.8135 -10.6306 4.0438 18.3335 6.9894 -10.3439 -64.2737 -51.7003 -23.1613 0.6183 0.5189 -118.7014 10.4706 19.0597 -10.6489 -15.6477 10.9857 16.0106 -61.2114 1.3801 3.0051 0.5516 11.0752 12.3218 64.1235 -19.6400 -24.9822 -1.0192 -0.6081 73.3874 -39.4037 7.5688 5.5661 14.0051 7.3601 -16.2676 48.9565 -3.4708 -4.9863 5.1002 -29.3769 16.5708 -0.0965 61.4953 -0.0907 -6.4152 -34.5495 8.5694 1.6718 -1.2609 -1.9318 -29.1433 -41.0091 -0.2910 1.4515 37.7098 3.1430 -1.8073 26.0269 -7.6096 -1.7285 -1.3404 0.9279
-199.8575 88.2335 -58.8045 -5.6856 4.0024 -11.8682 -0.4458 9.5912 -0.7456 0.2039 -1.4374 -2.2277 1.7875 11.8749 -4.8169 12.2218 19.5285 -0.1477 -1.7820 -3.9496 -4.1940 9.4252 -10.1096 -9.3680 -0.1039 -0.0244 0.1946 0.6672 -10.5656 -3.6415 -0.8556 -10.5277 4.0221 18.5469 7.1639 -9.9414 -66.0434 -51.0911 -22.6691 -0.0624 0.5784 -118.9276 10.3833 19.1476 -10.5829 -15.9619 10.9423 15.9166 -61.5891 1.3121 2.9546 0.5068 11.4883 12.1782 64.7492 -20.6235 -25.0159 -1.1518 -0.4594 72.1270 -39.3094 6.6978 6.8288 13.7298 7.2137 -15.9687 48.5754 -3.5170 -4.8519 6.5832 -30.6830 15.8949 -0.4544 63.0157 -0.5461 -7.8350 -34.5761 8.3323 1.6668 -1.2771 -1.8995 -30.4874 -32.4778 0.8611 0.9336 26.5106 3.2196 11.2894 30.8486 -1.9469 -1.7326 -2.6286 1.1835
-202.4382 87.5233 -59.0688 -5.1847 4.6042 -11.4830 -1.0118 9.1000 -0.6136 0.1327 -1.7299 -2.2654 1.4570 11.3850 -4.5719 12.4024 19.8748 -0.3404 -1.7458 -3.9205 -4.0556 10.0305 -10.1949 -10.1227 -0.1216 0.0018 0.2501 0.6690 -10.5612 -3.5816 -0.8941 -10.5272 4.0807 18.9342 7.5935 -9.1785 -66.5743 -50.7019 -23.4287 -0.2623 0.6336 -119.3890 9.8267 18.2691 -10.8368 -15.8409 11.0924 16.0771 -61.5605 1.1932 3.0170 0.5462 11.2552 12.1399 65.5539 -20.2259 -24.4324 -1.6112 -0.3740 71.6279 -39.3303 6.0475 8.1333 13.2680 7.0625 -15.7853 48.3188 -3.6868 -4.8005 7.9093 -32.5991 15.5031 -0.7213 64.6818 -1.0289 -9.4551 -34.2648 7.6719 1.6572 -1.3499 -1.7437 -29.8884 -27.2288 -1.7542 0.4378 17.9354 2.6188 29.0083 25.2722 2.6426 -1.6156 -4.7509 1.4098
-204.5301 87.0191 -59.7080 -5.1722 5.3702 -12.0902 -1.0533 8.9466 -0.4998 0.0159 -1.8305 -1.9243 1.3491 11.0832 -4.1262 12.2470 19.3582 -0.3269 -1.7164 -3.8743 -4.0775 10.6097 -10.4487 -10.6789 -0.1311 -0.0133 0.2938 0.6522 -10.5855 -3.5397 -0.8979 -10.5500 4.1339 18.9215 7.2338 -8.3642 -66.6420 -50.5162 -24.2471 -0.4067 0.4030 -119.8566 9.0405 17.6175 -11.4677 -15.5522 11.1507 16.2007 -61.4273 1.0058 3.1125 0.6419 10.9034 12.5255 66.4844 -20.2315 -24.1760 -1.8383 -0.3342 71.7755 -39.6102 6.1670 8.6996 13.0200 7.0903 -15.7336 48.1948 -3.6992 -4.7926 9.4594 -34.8974 14.8889 -0.8592 66.2426 -1.2539 -11.2465 -33.4670 7.9974 1.6671 -1.6274 -1.6995 -27.2932 -28.9209 -6.7636 0.4396 16.6354 2.0531 32.4216 18.6671 2.9092 -1.4961 -2.5162 1.3298
-206.3004 86.8323 -60.6549 -5.5255 5.7883 -13.5696 -0.8673 9.1695 -0.3437 -0.1724 -1.6862 -1.4332 1.5700 11.2788 -3.6798 11.8921 18.4835 0.0440 -1.7695 -4.0046 -4.4356 11.1083 -10.7853 -10.8075 -0.1141 -0.0586 0.2676 0.6399 -10.5375 -3.5384 -0.8489 -10.4909 4.0731 18.4883 6.5242 -7.6949 -66.6851 -50.4501 -24.3252 -0.5809 -0.2373 -119.8840 8.3903 17.6217 -12.2544 -15.4226 10.9667 15.9914 -61.5580 0.9762 2.9277 0.9035 11.0522 13.2275 67.5528 -21.4216 -23.8392 -1.5650 -0.7347 72.2490 -40.3281 7.2715 8.6085 12.9110 7.1197 -15.5927 48.4757 -3.6883 -4.6768 11.2880 -36.5383 13.9651 -0.8865 67.2570 -1.3082 -13.1363 -32.0335 9.4035 1.6771 -1.7600 -1.7638 -24.4522 -33.8545 -10.5316 0.6606 21.2695 1.8381 31.4971 14.3812 5.3048 -1.4284 -1.4482 1.2282
-208.1140 86.8687 -61.5980 -5.8118 6.0290 -14.5350 -0.7712 9.2803 -0.2398 -0.2597 -1.5741 -1.2693 1.6122 11.7487 -3.3324 11.7648 18.1332 0.1138 -1.6924 -3.9265 -4.4930 11.2920 -11.0862 -10.7751 -0.1396 -0.0355 0.3056 0.5899 -10.5165 -3.5046 -0.8492 -10.4748 4.1229 18.2622 6.5331 -7.3468 -66.1343 -50.4814 -24.5945 -0.5145 -0.4531 -119.0647 8.2762 17.8434 -12.5338 -15.3810 11.1389 16.1505 -61.5799 1.0154 2.7159 1.2969 11.2283 13.6187 69.2413 -22.1879 -23.3284 -1.3992 -0.6597 73.2848 -41.0158 7.9452 8.6189 13.1627 7.1067 -15.7069 48.6433 -3.7800 -4.7703 13.1527 -37.5816 12.6449 -0.8557 67.5371 -1.2520 -14.3034 -30.5726 10.2294 1.6734 -1.5992 -1.8444 -21.9117 -37.9882 -13.1559 0.9061 26.1721 2.0767 29.3061 12.6397 6.5551 -1.4355 -0.9023 1.0877
-209.9631 86.6831 -62.4423 -5.9046 5.9307 -15.0608 -0.8209 9.4055 -0.1752 -0.3608 -1.3885 -1.2909 1.5779 12.2488 -3.0578 11.9687 18.1606 0.0840 -1.7403 -3.9399 -4.6154 11.3943 -11.0115 -10.8076 -0.1390 -0.0353 0.2849 0.5861 -10.5338 -3.5276 -0.8428 -10.4920 4.1057 18.2391 6.6377 -7.2718 -65.3422 -50.4506 -24.5311 -0.4648 -0.5943 -117.4190 8.1654 18.6480 -12.3101 -15.4536 11.1753 16.0540 -61.6781 1.0083 2.3576 1.8677 11.2921 13.7563 71.1809 -22.5436 -22.6027 -1.3549 -0.6716 74.7709 -41.4152 8.6073 9.0906 13.4327 7.0382 -15.8735 48.8878 -3.8838 -5.0003 15.1406 -38.0458 11.4192 -0.9553 67.6210 -1.3934 -15.4610 -29.3720 10.6336 1.6703 -1.2214 -1.8707 -20.0065 -40.7998 -15.1564 1.1177 30.3854 2.2849 27.4809 10.7455 7.5836 -1.4419 -0.6808 1.0282
-211.7125 86.3581 -63.1481 -5.8775 5.5425 -15.3561 -0.8769 9.4865 -0.0965 -0.4591 -1.1659 -1.2228 1.5181 12.6933 -2.9211 12.1921 18.3103 0.0342 -1.7709 -3.9065 -4.8221 11.3465 -10.7589 -10.8415 -0.1320 -0.0278 0.2426 0.6000 -10.5898 -3.5796 -0.8410 -10.5488 4.0712 17.9954 6.9936 -7.2932 -63.7861 -50.6230 -24.6677 -0.6377 -0.5031 -115.4516 8.3211 19.2942 -12.0632 -15.5672 11.2967 16.0297 -61.6804 0.9586 1.9175 2.4949 11.3775 13.7056 72.7607 -22.6872 -21.5127 -1.4050 -0.6360 76.4331 -41.7267 8.8232 9.9691 13.7236 6.8992 -15.9665 48.9311 -4.0975 -5.2421 17.3347 -38.0461 10.3298 -0.9097 67.6581 -1.3672 -16.6846 -28.2832 10.3209 1.6641 -0.9824 -1.8920 -18.7471 -43.1222 -16.8991 1.4616 34.5043 2.6744 25.6886 8.9406 9.1287 -1.4525 -0.7556 0.9239
-213.6903 85.9477 -63.7599 -5.5536 4.9563 -15.4427 -0.9801 9.5618 -0.0328 -0.5747 -1.0632 -1.1850 1.3390 13.0654 -2.8994 12.3270 18.7615 -0.0541 -1.8942 -3.8982 -5.0035 11.3519 -10.4888 -10.9634 -0.1323 -0.0238 0.2297 0.5985 -10.6207 -3.5993 -0.8409 -10.5808 4.0683 17.3604 7.4025 -7.4508 -61.4534 -50.7818 -25.0645 -0.8477 -0.4351 -113.6360 8.4885 19.5738 -12.1113 -15.5473 11.3584 16.0869 -61.5508 1.1661 1.6954 2.9005 11.4104 13.6569 74.0080 -22.7718 -20.8281 -0.9913 -0.7095 77.7851 -41.6817 9.1213 11.0464 13.9798 6.8076 -16.0423 49.1061 -4.2056 -5.4115 19.3845 -37.7379 9.7265 -0.7849 67.6392 -1.1999 -18.0629 -27.2132 9.5819 1.6667 -0.8593 -1.9171 -19.4432 -44.5617 -16.9802 1.7581 37.4450 2.9220 24.6494 7.0141 10.1651 -1.4660 -0.8902 0.8836
-216.0233 85.5044 -64.2752 -4.9746 4.3374 -15.1259 -1.1503 9.5806 -0.0029 -0.6803 -1.0394 -1.1834 1.0143 13.2752 -3.0505 12.4875 19.4482 -0.0575 -1.9633 -3.8921 -5.2093 11.3131 -10.2606 -11.1314 -0.1253 -0.0112 0.2039 0.6036 -10.6338 -3.6283 -0.8322 -10.5904 4.0425 16.7493 7.6407 -7.6948 -58.8559 -50.8864 -25.8160 -0.9393 -0.4091 -112.2043 8.8128 19.5302 -12.2808 -15.5550 11.4324 16.2061 -61.5083 1.3229 1.5769 2.9080 11.3780 13.5467 74.7964 -22.5884 -20.3237 -0.6050 -0.7484 78.5450 -41.5359 9.3901 11.6647 14.1514 6.7715 -16.1063 49.2236 -4.1672 -5.4890 21.2101 -37.3050 9.5193 -0.7058 67.3150 -1.1546 -19.4354 -26.1363 8.5044 1.6712 -0.6933 -1.9352 -21.9336 -44.5130 -15.5552 1.8373 37.4002 2.9959 22.0127 5.8044 8.1488 -1.4942 -0.9230 0.8350
-218.6978 85.0676 -64.7273 -4.2257 3.7272 -14.4310 -1.4010 9.5727 0.0252 -0.7929 -1.0727 -1.2342 0.5920 13.3559 -3.3437 12.7915 20.2369 -0.0307 -2.0514 -3.8752 -5.4776 11.3595 -10.0261 -11.3818 -0.1184 0.0081 0.1785 0.6169 -10.6391 -3.6488 -0.8304 -10.5860 4.0045 16.3584 7.7626 -8.0211 -56.4065 -51.1112 -26.5586 -0.8613 -0.4405 -111.2159 9.0870 19.4668 -12.5469 -15.6090 11.4141 16.2104 -61.5317 1.4045 1.4472 2.5907 11.2849 13.2755 75.0761 -22.1525 -20.1963 -0.1952 -0.7825 78.7086 -41.3544 9.5925 11.7558 14.1199 6.8014 -16.1688 49.2195 -4.0660 -5.4898 23.0288 -36.8050 9.5695 -0.6738 66.4747 -1.2104 -20.9124 -24.8315 7.0986 1.6750 -0.4851 -1.9360 -25.5951 -42.6349 -13.0338 1.6218 33.9209 2.7927 17.3637 5.0131 3.6540 -1.5403 -1.2109 0.8015
-221.7863 84.7372 -65.0997 -3.4329 3.2164 -13.2788 -1.7509 9.4982 -0.0344 -0.9016 -1.1324 -1.2563 0.1678 13.2642 -3.7020 13.2000 21.0307 -0.1189 -2.1180 -3.8692 -5.8046 11.4594 -9.8355 -11.6738 -0.1221 0.0121 0.1728 0.6320 -10.6523 -3.6451 -0.8546 -10.5988 3.9891 16.1762 7.9502 -8.4114 -54.1710 -51.5992 -27.3190 -0.6943 -0.5200 -110.5849 9.2444 19.5440 -12.8820 -15.7867 11.2784 16.0856 -61.6396 1.4236 1.3942 2.0955 11.2084 12.6889 74.8500 -21.3645 -20.2304 -0.0517 -0.7475 78.4534 -41.0593 9.6439 11.3242 13.9661 6.9038 -16.2141 49.2068 -3.9372 -5.5203 24.9738 -36.2240 9.7277 -0.6886 64.7177 -1.3300 -22.3970 -23.0360 5.2690 1.6661 -0.2584 -1.8670 -29.2936 -38.8340 -10.5252 1.1424 27.2351 2.3249 11.1684 3.7134 -1.7110 -1.6188 -1.9246 0.7983
-225.5709 84.5512 -65.4161 -2.7309 2.9522 -11.5653 -2.2044 9.3342 -0.1554 -1.0117 -1.2118 -1.2765 -0.1394 13.0043 -4.0274 13.6627 21.6421 -0.4222 -2.1210 -3.8978 -6.0724 11.6794 -9.6731 -12.1357 -0.1449 0.0045 0.2077 0.6230 -10.6408 -3.5960 -0.8943 -10.5894 4.0178 16.3909 8.0693 -8.8850 -52.7525 -52.2820 -27.7432 -0.6799 -0.4470 -110.3515 9.3757 19.6077 -13.1867 -16.0168 11.0836 15.8859 -61.7291 1.3749 1.5337 1.5914 11.1061 11.7826 74.1989 -20.1247 -20.4270 -0.3176 -0.5135 77.8682 -40.6659 9.5440 10.3972 13.6558 7.0954 -16.2453 49.2373 -3.8141 -5.5149 27.1586 -35.7002 9.7124 -0.8754 61.7757 -1.6231 -23.7886 -20.6218 2.9466 1.6419 0.0028 -1.7200 -32.0028 -33.6752 -8.8980 0.5445 18.9208 1.7480 5.8896 2.0801 -6.8110 -1.6916 -2.6470 0.8905
-229.9351 84.5825 -65.8094 -2.1301 3.1169 -9.2985 -2.6571 9.0680 -0.3457 -1.1236 -1.3244 -1.2801 -0.3502 12.6301 -4.3516 14.0785 21.9119 -0.8723 -1.9673 -3.9774 -6.2768 11.9462 -9.4497 -12.7275 -0.1715 -0.0129 0.2556 0.5924 -10.6212 -3.5464 -0.9204 -10.5763 4.0755 17.0015 8.0281 -9.2823 -52.1573 -53.1027 -28.0868 -0.8128 -0.0998 -110.5384 9.4470 19.4635 -13.4006 -16.3574 10.7957 15.6432 -61.6682 1.2579 1.8886 1.2390 11.0081 10.8089 73.2277 -18.7717 -20.9554 -0.8786 -0.2012 76.7813 -40.1812 9.1027 9.2211 13.3617 7.2882 -16.2165 49.1947 -3.6676 -5.3581 29.2841 -35.3686 9.3083 -1.1710 57.4331 -2.0519 -25.1792 -17.3960 0.5417 1.6299 0.0824 -1.5819 -32.8305 -29.3101 -9.4047 0.0939 12.0163 1.2898 3.0390 1.4783 -10.7235 -1.7034 -3.0947 1.0106
-234.6166 85.1053 -66.3657 -1.5746 3.7201 -6.8857 -2.8698 8.7689 -0.4598 -1.2005 -1.4276 -1.2859 -0.6539 12.3054 -4.8336 14.3078 21.9240 -1.2872 -1.8183 -4.0354 -6.4600 12.3409 -8.9803 -13.3294 -0.1747 -0.0335 0.2535 0.5591 -10.6068 -3.5471 -0.8950 -10.5645 4.0748 17.2828 7.6491 -9.4650 -51.5453 -53.6386 -29.0940 -0.8442 0.5000 -111.1808 9.4474 19.0501 -13.4056 -16.7549 10.6545 15.5348 -61.4944 1.2085 2.1956 1.1943 10.9304 10.1870 72.1953 -18.0700 -22.0385 -1.1826 -0.1327 74.8282 -39.8547 8.3183 8.4936 13.4158 7.3294 -16.1049 49.2483 -3.5196 -5.3146 31.0103 -34.8887 8.5367 -1.3139 51.4467 -2.2981 -26.5625 -12.6821 -1.0681 1.6848 -0.1777 -1.5094 -31.6036 -28.2687 -12.3943 0.0154 9.5183 1.1628 4.7344 4.4484 -11.3222 -1.6731 -3.4438 1.1225
-239.4238 86.1553 -67.1672 -1.1061 4.4460 -4.6868 -2.7145 8.6269 -0.6036 -1.2905 -1.3992 -1.3112 -0.9762 11.9776 -5.2272 14.2305 21.8692 -1.2274 -1.5914 -3.9948 -6.9296 12.8575 -8.3805 -13.8102 -0.1527 -0.0289 0.2127 0.5768 -10.6015 -3.5998 -0.8632 -10.5739 4.0415 16.8297 7.2565 -9.7091 -50.3946 -53.9112 -30.7148 -0.6934 0.8372 -112.1089 9.1668 18.4649 -13.3620 -16.9172 10.8041 15.5235 -61.6603 1.1973 2.1981 1.1516 10.5493 9.9958 71.2951 -17.7626 -23.3367 -1.3725 -0.0653 72.4003 -39.4972 6.7188 8.1495 13.6263 7.1772 -15.8383 49.2174 -3.4817 -5.2544 32.2928 -33.3895 7.3513 -1.1906 43.4816 -2.2972 -27.0868 -6.2832 -1.5238 1.7420 -1.5938 -1.5323 -29.2160 -31.0667 -17.2611 0.2955 11.6293 1.5407 13.0025 12.0347 -7.3964 -1.5988 -3.0138 1.0597
-244.1375 87.2369 -68.0994 -0.3488 4.9605 -2.8415 -2.6571 8.7531 -0.8472 -1.2858 -1.3609 -1.4356 -1.4142 11.7802 -5.4511 14.0748 21.7492 -0.9586 -1.5596 -3.9111 -7.1045 13.2649 -7.9302 -14.2454 -0.1366 -0.0239 0.2059 0.5742 -10.6006 -3.6154 -0.8258 -10.5725 4.0407 16.4937 6.5746 -9.6720 -50.3896 -54.3061 -31.5427 -0.8561 0.8058 -113.3802 9.3988 18.2920 -13.3678 -16.9713 11.0351 15.6712 -61.9288 1.0041 1.9396 0.7662 10.3145 10.2395 70.6727 -17.5322 -24.4685 -1.7892 0.0320 70.2013 -39.4325 4.7775 7.8202 14.0524 7.1186 -15.9305 49.5558 -3.5348 -5.3620 32.3664 -31.0141 5.7198 -0.7560 35.7261 -1.9685 -23.5751 -0.1748 2.0552 1.7487 -2.6517 -1.5475 -27.0013 -35.5829 -21.7902 0.6606 17.5133 1.7666 20.8216 15.0476 -2.4645 -1.5035 -1.5923 0.9197
-248.2826 88.0092 -69.0925 0.5434 4.9585 -1.4538 -2.5458 9.1610 -1.1269 -1.3192 -1.3060 -1.4765 -1.7485 11.8193 -5.6045 13.8196 21.6242 -0.5835 -1.6166 -4.0176 -7.5413 13.4202 -7.8748 -14.4631 -0.0949 -0.0336 0.1447 0.6124 -10.5508 -3.6757 -0.7770 -10.5347 3.9655 16.4100 5.9378 -9.5733 -50.8509 -54.9187 -31.8181 -0.8016 0.1381 -114.6137 9.2303 19.3946 -13.5069 -16.6398 10.8012 15.5655 -61.8759 0.9401 1.7967 0.0115 10.0975 10.4045 70.1003 -17.5584 -25.8560 -1.8017 -0.0140 68.8773 -39.0289 3.6370 7.0240 14.0126 7.1155 -16.0298 49.7668 -3.8409 -5.3579 31.1107 -29.7756 4.2000 -0.3883 33.5543 -1.4895 -16.5903 0.3272 6.8960 1.7396 -2.5469 -1.5438 -25.3504 -39.1719 -24.5789 0.7908 24.2240 1.6395 23.5872 12.6526 0.6714 -1.4178 -0.7875 0.9390
-251.6746 88.6679 -70.0812 1.0886 4.5366 -0.9297 -2.2901 9.7663 -1.1745 -1.2435 -1.1159 -1.4302 -1.7504 11.9323 -5.6196 13.3823 21.4555 -0.4812 -1.5769 -4.0110 -7.6988 13.1864 -8.4800 -14.4466 -0.0641 -0.0197 0.0867 0.6504 -10.5443 -3.7556 -0.7526 -10.5382 3.9199 16.4399 5.7462 -9.3100 -50.7910 -55.8648 -32.1272 -0.4132 -0.2931 -115.8829 9.3173 19.5049 -13.4127 -16.4744 10.7569 15.5710 -61.7148 0.9813 1.8278 -0.8271 9.7535 10.5179 68.7775 -18.0636 -26.8217 -1.6802 0.0137 68.0512 -38.9904 2.9456 6.3344 13.9214 7.1816 -16.1201 49.6474 -3.9201 -5.3930 28.9074 -31.4630 4.6524 -0.5984 39.9380 -1.5574 -15.4843 -3.0395 6.5289 1.7561 -2.5854 -1.7127 -23.7855 -41.3751 -25.6457 0.8383 29.6508 1.5797 22.7986 9.6206 1.5187 -1.4066 -0.3748 0.8846
-254.5300 89.0665 -71.0566 1.3913 3.9972 -0.9973 -2.0212 10.3824 -1.1126 -1.0931 -0.9468 -1.4816 -1.5139 12.0150 -5.4971 13.0311 21.3327 -0.5244 -1.6668 -3.9992 -7.5892 12.7826 -9.1485 -14.3496 -0.0627 -0.0107 0.0836 0.6595 -10.5720 -3.7788 -0.7576 -10.5722 3.9363 16.6761 5.6994 -9.0486 -50.6559 -56.5443 -31.8802 0.1375 -0.7074 -117.0703 9.5221 19.2453 -13.2185 -16.5074 10.7750 15.6047 -61.6343 0.9902 1.9177 -1.6251 9.3756 10.6813 67.2777 -18.9658 -27.7430 -1.3531 0.0622 67.7089 -38.7397 2.4084 5.7946 13.7956 7.2497 -16.1503 49.6058 -3.8698 -5.3433 25.6611 -34.2828 6.7246 -1.0269 50.7967 -1.9148 -17.0855 -6.8509 3.4453 1.7555 -2.6588 -1.8835 -22.2679 -42.5927 -25.8767 0.8346 33.5293 1.5089 21.5842 6.9372 1.8251 -1.4182 -0.1885 0.8791
-256.8216 89.2612 -71.9997 1.4418 3.6025 -1.3658 -1.7508 10.8483 -0.9662 -0.8938 -0.8722 -1.6409 -1.1105 12.0241 -5.3722 12.9305 21.2209 -0.6568 -1.7621 -3.9918 -7.4247 12.1007 -9.8127 -14.1145 -0.0908 -0.0209 0.1341 0.6363 -10.5821 -3.7322 -0.7919 -10.5882 4.0037 16.9902 5.7293 -8.9699 -50.5450 -56.8847 -30.9896 0.4284 -0.8573 -118.1389 10.0384 18.6913 -13.0273 -16.5707 10.8628 15.6769 -61.5593 1.0933 1.9873 -2.1158 9.1671 10.8694 65.7791 -20.0635 -28.5106 -1.0226 -0.0739 67.8755 -38.1988 2.2738 5.3192 13.8231 7.3216 -16.1227 49.6992 -3.6729 -5.3386 21.7572 -36.8346 9.8416 -1.5437 61.8025 -2.3427 -20.3213 -9.5366 -1.7804 1.7707 -3.1847 -1.9650 -20.5277 -43.5441 -26.1244 0.7808 36.6349 1.3765 20.4461 4.6021 2.1925 -1.4285 -0.0757 0.8721
-258.7885 89.2582 -72.8156 1.1620 3.4561 -1.7576 -1.4126 11.0922 -0.8352 -0.6891 -0.8611 -1.8493 -0.5531 11.9755 -5.2882 13.1214 21.0925 -0.9545 -1.9053 -3.9757 -7.1264 11.1453 -10.2883 -13.6971 -0.1173 -0.0372 0.1814 0.6180 -10.5810 -3.6795 -0.8290 -10.5860 4.0580 17.2775 5.7755 -9.0362 -50.4786 -56.9009 -29.8446 0.3282 -0.8081 -118.9171 10.7684 17.6239 -12.8432 -16.6307 10.9068 15.7049 -61.5934 1.2221 2.0361 -2.1818 9.1150 11.0364 64.3940 -21.3174 -29.0748 -0.8103 -0.2853 68.3825 -37.5625 2.6023 4.8168 13.9315 7.3852 -16.0768 49.7684 -3.5405 -5.3581 17.6433 -38.3595 13.5120 -2.0760 69.6562 -2.7544 -23.8963 -11.0045 -8.1867 1.7724 -4.0127 -1.9539 -18.3430 -44.4390 -27.0695 0.7510 39.2170 1.2416 19.3676 2.5337 2.8192 -1.4296 0.0766 0.8607
-260.4073 89.0814 -73.5194 0.6567 3.5286 -2.0849 -1.0312 11.1280 -0.8021 -0.4957 -0.9203 -2.0431 0.0982 11.8967 -5.2608 13.4538 20.9732 -1.2453 -2.0366 -3.9719 -6.8924 10.0739 -10.6101 -13.1134 -0.1331 -0.0421 0.2093 0.6038 -10.5704 -3.6470 -0.8476 -10.5723 4.0866 17.3923 5.8562 -9.0045 -50.5131 -56.6072 -29.0704 -0.0856 -0.6534 -119.2927 11.2892 16.1444 -12.8651 -16.6076 10.9795 15.7445 -61.7594 1.2812 2.0576 -1.8796 9.1205 11.2567 63.2275 -22.6673 -29.4703 -0.6969 -0.3664 68.8726 -37.0107 2.9119 4.5354 14.0451 7.4252 -16.0439 49.8333 -3.5157 -5.3320 13.8974 -38.5751 16.9321 -2.2621 73.0316 -2.8348 -24.7760 -11.8055 -12.0155 1.7603 -5.2647 -1.9396 -15.7914 -45.3984 -28.9118 0.7716 41.4368 1.1725 18.2745 0.6960 3.8862 -1.4310 0.3140 0.8478
-261.7553 88.7096 -74.1021 0.0349 3.7264 -2.4335 -0.6485 11.0391 -0.8786 -0.3269 -1.0442 -2.1656 0.7987 11.8364 -5.2223 13.8646 20.8707 -1.2675 -2.0946 -3.9973 -6.9926 9.0221 -10.9051 -12.5339 -0.1201 -0.0377 0.1890 0.6130 -10.5455 -3.6627 -0.8305 -10.5550 4.0566 17.4788 6.0120 -8.7828 -50.9804 -56.2954 -28.6640 -0.5491 -0.5479 -119.2523 11.2081 14.5589 -13.0667 -16.4056 11.0949 15.8128 -61.8572 1.2469 2.0039 -1.3751 9.1460 11.5336 62.2868 -24.1152 -29.6517 -0.7051 -0.4805 69.1203 -36.6317 3.1516 4.5634 14.1474 7.4201 -15.9891 49.8613 -3.6118 -5.1881 11.0793 -37.6772 19.1279 -1.6494 72.5797 -2.0330 -20.2800 -13.4429 -9.3175 1.8393 -8.1783 -1.9875 -13.0847 -46.4770 -31.3018 0.7783 43.5367 1.0930 17.1812 -1.0638 5.4028 -1.4362 0.6252 0.8457
-262.7766 88.0916 -74.5612 -0.6189 3.9408 -2.9033 -0.3041 10.8475 -1.0246 -0.1958 -1.1612 -2.2318 1.4739 11.8363 -5.1806 14.1807 20.8481 -1.2025 -2.0893 -3.9913 -7.0215 8.2209 -11.2864 -12.0588 -0.1032 -0.0315 0.1709 0.6209 -10.5372 -3.6835 -0.8069 -10.5410 4.0335 17.7614 5.9181 -8.3282 -51.6360 -55.7128 -29.0611 -0.5447 -0.4212 -118.8281 10.6947 13.4681 -13.2190 -16.1020 11.2458 15.9605 -61.8738 1.2606 2.1129 -0.9057 9.1263 11.9313 61.8155 -25.6626 -29.8320 -0.5739 -0.6231 69.0153 -36.5523 3.7642 4.8447 14.2903 7.3301 -16.0000 49.8237 -3.7458 -5.2118 10.0242 -35.8414 18.8956 -1.0552 69.6857 -1.2555 -13.5315 -19.3182 -3.0121 1.8939 -10.1430 -2.0414 -10.5049 -47.7387 -33.6247 0.7411 45.8708 0.9641 16.0668 -2.8424 7.4063 -1.4385 0.6802 0.8723
-263.7398 87.3600 -75.0479 -0.9248 4.0139 -3.3076 -0.1577 10.8477 -1.1387 -0.1233 -1.2281 -2.1983 1.8955 11.7515 -5.1673 14.3413 20.8512 -1.1253 -2.0749 -3.9917 -7.0840 7.9198 -11.8008 -12.0065 -0.0868 -0.0262 0.1534 0.6518 -10.5000 -3.7005 -0.8049 -10.5045 4.0112 18.1874 5.6439 -8.0320 -52.2465 -55.2107 -29.5867 -0.3928 -0.4682 -118.2425 10.1537 12.4923 -13.3636 -15.7164 11.2616 16.1097 -61.4266 1.2615 2.1906 -0.6334 9.0819 12.1607 61.6499 -26.6037 -29.2939 -1.0313 -0.6598 68.9201 -36.5843 4.0528 5.0317 14.2010 7.3765 -15.9652 49.5952 -3.6994 -5.2003 10.1912 -34.5764 17.1899 -0.7324 67.7269 -0.9571 -11.9397 -25.4529 0.5035 1.8236 -6.6629 -2.0263 -8.7901 -49.1441 -35.0908 0.6917 48.2938 0.8837 15.2398 -4.0873 8.8503 -1.4338 0.3029 0.9259
-264.4710 86.7427 -75.6169 -0.7464 4.0691 -3.6146 -0.1982 10.8269 -1.2150 -0.0953 -1.2358 -2.1544 1.9149 11.8224 -5.1547 14.4064 20.7153 -1.1111 -2.1255 -4.0159 -7.1035 7.9068 -12.1807 -12.0857 -0.0761 -0.0359 0.1338 0.6692 -10.4550 -3.7044 -0.8028 -10.4614 3.9752 18.3539 5.5164 -7.8328 -52.9924 -55.2492 -29.6547 -0.4094 -0.4549 -117.7388 9.8011 11.5116 -13.6435 -15.5813 11.1931 16.2054 -61.0246 1.2281 2.2308 -0.3252 9.1410 12.2994 62.0594 -27.4997 -28.9838 -1.3495 -0.7839 69.0393 -36.5927 4.1593 5.2490 13.9753 7.3768 -15.9638 49.3320 -3.6966 -5.1986 10.2391 -34.2938 16.2373 -0.5952 66.9955 -0.8552 -12.1606 -28.6732 1.7361 1.7667 -4.2989 -2.0057 -7.8934 -50.6751 -35.7596 0.7359 50.3753 0.9140 14.5995 -5.0049 9.7390 -1.4190 0.1013 0.9531
-265.0341 86.3121 -76.2120 -0.2430 4.1607 -3.8721 -0.2788 10.7612 -1.2050 -0.1115 -1.2556 -2.1851 1.6774 12.0036 -5.0695 14.2772 20.5697 -1.1175 -2.1525 -4.0643 -7.1396 8.0208 -12.2393 -12.1454 -0.1007 -0.0403 0.1717 0.6459 -10.4246 -3.6483 -0.8281 -10.4382 4.0037 18.1459 5.6864 -7.9012 -53.9898 -55.4503 -29.0788 -0.4988 -0.3363 -117.5014 9.3732 10.8100 -13.8059 -15.6241 11.0278 16.1183 -60.8803 1.2477 2.3963 0.1021 9.4392 12.4806 62.8890 -28.3828 -29.2965 -1.3699 -0.8636 69.5084 -36.3468 4.0642 5.6036 13.6948 7.2965 -15.8924 49.0968 -3.7272 -5.0513 9.9584 -34.4236 16.3214 -0.6022 66.7055 -0.8719 -12.2906 -29.9236 1.5113 1.7037 -3.5673 -1.9865 -7.6619 -52.0364 -35.5880 0.8193 51.7134 0.9506 13.8128 -5.5617 10.0265 -1.4156 0.1811 0.9347
-265.4811 86.0974 -76.9029 0.3384 4.2769 -4.0741 -0.2939 10.6614 -1.1776 -0.1591 -1.2385 -2.1372 1.3761 12.3082 -5.1171 14.1085 20.3472 -1.1401 -2.1773 -4.0812 -7.1714 8.1666 -12.3034 -12.2054 -0.1007 -0.0590 0.1688 0.6271 -10.4402 -3.6453 -0.8091 -10.4544 3.9948 17.8752 5.7222 -7.9759 -55.1765 -55.3584 -28.3991 -0.4249 -0.1824 -117.4040 9.1171 10.4934 -13.9501 -15.7375 10.9553 16.0514 -60.9107 1.2874 2.3285 0.5254 9.7264 12.6999 63.8200 -29.2365 -30.1184 -1.0661 -0.9074 70.0315 -36.0764 4.1433 5.8315 13.6426 7.2330 -15.9524 49.1328 -3.8013 -5.1075 9.4974 -34.7545 16.8235 -0.5957 66.5293 -0.8508 -12.3598 -30.1761 0.9498 1.6886 -3.1219 -1.9628 -7.7576 -53.1286 -34.8875 0.8453 52.4068 0.9705 13.0235 -5.5999 9.9909 -1.4057 0.1770 0.9545
-265.7690 86.0283 -77.5582 0.8515 4.4020 -4.2871 -0.2753 10.6090 -1.1557 -0.2001 -1.1964 -2.0933 1.1606 12.5511 -5.1488 13.8916 20.1825 -1.1389 -2.1310 -4.0883 -7.1635 8.2950 -12.4391 -12.2051 -0.1055 -0.0728 0.1802 0.6051 -10.4694 -3.6318 -0.7970 -10.4772 4.0060 17.5168 5.7833 -8.0223 -56.0325 -55.1693 -28.1258 -0.2785 -0.1387 -117.3309 9.0094 10.6004 -14.1044 -15.8354 10.9273 15.9989 -61.0265 1.3365 2.2959 0.7618 9.9324 12.9282 64.4844 -29.6047 -30.8233 -0.9563 -0.7955 70.4878 -35.8958 4.0853 5.9571 13.6739 7.2024 -15.9776 49.2644 -3.8114 -5.1458 8.9542 -34.9834 17.4883 -0.5607 66.1072 -0.7903 -12.3331 -30.1159 0.4166 1.6800 -2.8688 -1.9316 -7.9314 -53.9122 -34.0208 0.8454 52.5701 0.9798 12.3247 -5.3193 9.7785 -1.3980 0.1730 0.9798
-266.0424 86.0803 -78.1827 1.2728 4.5507 -4.4659 -0.2613 10.5684 -1.1536 -0.2199 -1.1637 -2.0531 1.0138 12.6999 -5.1792 13.7613 20.0752 -1.1321 -2.1076 -4.0858 -7.0897 8.4180 -12.6318 -12.1892 -0.1112 -0.0802 0.1951 0.5926 -10.4814 -3.6139 -0.7971 -10.4862 4.0215 17.1312 5.8035 -8.0747 -56.4464 -54.9681 -28.2549 -0.1661 -0.1298 -117.1718 8.8735 10.8187 -14.3131 -15.8793 10.8920 15.9763 -61.1353 1.3627 2.3348 0.9287 10.0030 13.1147 64.7682 -29.6092 -31.2988 -0.9574 -0.6731 70.7250 -35.8235 4.0526 6.0292 13.7432 7.1962 -15.9673 49.4216 -3.8097 -5.1587 8.3750 -35.0991 18.0779 -0.5427 65.4595 -0.7579 -12.2902 -29.9507 0.1333 1.6764 -2.6019 -1.9166 -8.0430 -54.4277 -33.2752 0.8251 52.3197 0.9847 11.8178 -4.8991 9.5697 -1.3936 0.1671 0.9919
-266.1589 86.2485 -78.7120 1.5932 4.6931 -4.6374 -0.2443 10.5143 -1.1395 -0.2303 -1.1497 -2.0208 0.9175 12.8022 -5.2024 13.7624 19.9948 -1.1218 -2.1031 -4.0776 -6.9886 8.5421 -12.7856 -12.1450 -0.1138 -0.0779 0.2052 0.5865 -10.4959 -3.6057 -0.7956 -10.5020 4.0339 16.8041 5.8153 -8.1532 -56.3844 -54.7783 -28.7495 -0.0256 -0.1112 -116.9484 8.7545 11.1213 -14.4692 -15.8718 10.8877 15.9823 -61.1874 1.3604 2.3373 1.0559 10.0122 13.2700 64.8072 -29.4631 -31.6463 -0.9553 -0.6024 70.6539 -35.7475 4.1202 6.1720 13.8127 7.1874 -16.0018 49.5104 -3.7975 -5.1759 7.8321 -35.1077 18.4739 -0.5190 64.6527 -0.7231 -12.2584 -29.7280 0.0994 1.6776 -2.3125 -1.9176 -8.0878 -54.6779 -32.6264 0.7884 51.7565 0.9647 11.3981 -4.3750 9.3433 -1.3962 0.1507 0.9769
-266.3085 86.4653 -79.1971 1.8042 4.7887 -4.7902 -0.2326 10.4706 -1.1243 -0.2334 -1.1490 -2.0040 0.8775 12.8763 -5.2096 13.8224 19.9869 -1.1233 -2.0664 -4.0785 -6.8876 8.6626 -12.8341 -12.0647 -0.1103 -0.0740 0.2042 0.5896 -10.5176 -3.6097 -0.7912 -10.5226 4.0351 16.5984 5.7966 -8.2340 -55.8365 -54.6027 -29.5381 0.1884 -0.0621 -116.7402 8.6881 11.4077 -14.5014 -15.8880 10.8935 16.0018 -61.2256 1.3451 2.3204 1.1825 10.0253 13.4126 64.7060 -29.2398 -31.9572 -0.8730 -0.6140 70.4702 -35.7529 4.2325 6.3724 13.8910 7.1762 -16.0230 49.6076 -3.7891 -5.1743 7.3956 -35.0594 18.6068 -0.5025 63.8707 -0.7021 -12.1397 -29.4746 0.2592 1.6793 -2.0930 -1.9170 -8.0784 -54.7145 -32.0572 0.7542 51.0190 0.9399 11.0494 -3.7973 9.1433 -1.3990 0.0913 0.9625
-266.4565 86.7062 -79.6142 1.9145 4.8265 -4.8848 -0.2263 10.4103 -1.1387 -0.2473 -1.1486 -1.9678 0.8984 12.9331 -5.1997 13.9123 20.0449 -1.1754 -2.0440 -4.0784 -6.7792 8.7208 -12.8064 -11.9289 -0.0998 -0.0757 0.1908 0.6039 -10.5320 -3.6291 -0.7843 -10.5367 4.0242 16.5122 5.7821 -8.2498 -54.9436 -54.5603 -30.4171 0.3404 0.0593 -116.5631 8.7535 11.4183 -14.4163 -15.9063 10.8943 16.0153 -61.2727 1.3527 2.3263 1.3358 10.0202 13.4939 64.4904 -28.8345 -32.0798 -0.8955 -0.6143 70.2338 -35.7644 4.2962 6.6522 13.9393 7.1607 -16.0471 49.6208 -3.7772 -5.1934 7.1106 -34.9212 18.4504 -0.4735 63.0734 -0.6753 -12.0143 -29.2060 0.5267 1.6804 -1.8940 -1.9070 -8.0477 -54.5310 -31.5974 0.7330 50.1618 0.9229 10.7373 -3.2076 8.9433 -1.4020 -0.0144 0.9473
-266.5677 86.9430 -80.0305 1.9559 4.7892 -4.9761 -0.2143 10.3489 -1.1439 -0.2697 -1.1552 -1.9404 0.9399 12.9918 -5.1462 13.9897 20.1147 -1.2125 -2.0178 -4.0675 -6.7075 8.7419 -12.7130 -11.8117 -0.0917 -0.0747 0.1822 0.6169 -10.5417 -3.6424 -0.7806 -10.5472 4.0167 16.5238 5.7399 -8.2095 -53.8818 -54.6701 -31.1545 0.3910 0.2383 -116.4199 8.9419 11.2867 -14.2327 -15.9656 10.9017 16.0585 -61.3327 1.3547 2.3145 1.5613 10.0692 13.5896 64.1644 -28.3567 -32.0899 -0.9845 -0.5682 69.9898 -35.8524 4.2825 6.9556 13.9976 7.1705 -16.0777 49.6258 -3.7497 -5.2322 6.9566 -34.7339 18.0317 -0.4543 62.3772 -0.6672 -11.9221 -28.9388 0.9433 1.6823 -1.7447 -1.8983 -8.0524 -54.2206 -31.1004 0.7013 49.3526 0.8912 10.4885 -2.6737 8.7411 -1.4066 -0.1138 0.9307
-266.7511 87.1417 -80.4090 1.9528 4.7071 -5.0668 -0.2167 10.2959 -1.1463 -0.2858 -1.1783 -1.9236 0.9918 13.0273 -5.0533 14.0452 20.2780 -1.2287 -2.0301 -4.0600 -6.6619 8.7763 -12.5583 -11.7291 -0.0883 -0.0753 0.1787 0.6221 -10.5587 -3.6526 -0.7787 -10.5617 4.0181 16.5888 5.7166 -8.1075 -52.6947 -54.9113 -31.7476 0.3998 0.3277 -116.3329 9.2697 11.1651 -13.9645 -16.0383 10.8852 16.0826 -61.3932 1.3674 2.3236 1.8332 10.1468 13.6745 63.8537 -27.7910 -32.0423 -1.1389 -0.5334 69.7915 -36.0784 4.2810 7.2994 14.0168 7.1787 -16.0757 49.5993 -3.7133 -5.2577 6.9372 -34.5471 17.4391 -0.4579 61.8630 -0.6769 -11.8570 -28.6919 1.3942 1.6859 -1.6654 -1.8877 -8.0675 -53.8965 -30.6227 0.6795 48.6640 0.8784 10.2658 -2.0876 8.6151 -1.4139 -0.1975 0.9155
-266.9719 87.3099 -80.6798 1.9275 4.5800 -5.2448 -0.2450 10.2395 -1.1352 -0.3042 -1.2075 -1.9025 1.0451 13.0631 -4.9213 14.0404 20.4992 -1.2302 -2.0548 -4.0472 -6.6375 8.7563 -12.3567 -11.6678 -0.0829 -0.0754 0.1687 0.6342 -10.5728 -3.6706 -0.7803 -10.5773 4.0145 16.6960 5.6532 -8.0161 -51.5693 -55.2022 -31.9868 0.3719 0.3202 -116.3029 9.6841 11.1571 -13.5932 -16.1428 10.8275 16.0752 -61.4135 1.3551 2.3397 2.1634 10.3100 13.7624 63.6654 -27.3044 -32.0352 -1.2870 -0.4860 69.6803 -36.4449 4.3534 7.6938 14.0317 7.1854 -16.0629 49.5933 -3.6947 -5.2683 7.0033 -34.3396 16.7432 -0.4446 61.5085 -0.6642 -11.8481 -28.4789 1.9041 1.6851 -1.6227 -1.8840 -8.1355 -53.5820 -30.0202 0.6619 48.1149 0.8602 10.0877 -1.5699 8.5270 -1.4197 -0.2243 0.9142
-267.1599 87.4240 -80.8710 1.8939 4.4450 -5.5239 -0.2898 10.1707 -1.1200 -0.3137 -1.2275 -1.8847 1.0884 13.0668 -4.7488 13.9888 20.7650 -1.2495 -2.1282 -4.0490 -6.6133 8.7350 -12.1533 -11.6386 -0.0779 -0.0753 0.1567 0.6428 -10.5741 -3.6889 -0.7790 -10.5789 4.0072 16.8491 5.5270 -7.9441 -50.5938 -55.5447 -31.8243 0.3084 0.2825 -116.2773 10.1543 11.1061 -13.0829 -16.2561 10.7711 16.0319 -61.4858 1.3474 2.3404 2.5467 10.4896 13.7971 63.6379 -26.9571 -32.0634 -1.4304 -0.4347 69.7047 -36.7850 4.4338 8.1349 14.0203 7.1687 -16.0385 49.5598 -3.7065 -5.2866 7.1361 -34.1462 16.0015 -0.4237 61.2996 -0.6374 -11.8953 -28.3032 2.4883 1.6807 -1.5507 -1.8764 -8.2402 -53.3135 -29.3177 0.6580 47.6760 0.8618 9.9451 -1.1150 8.4713 -1.4247 -0.1978 0.9353
-267.3229 87.4835 -80.9703 1.8448 4.3256 -5.9580 -0.3521 10.1033 -1.0638 -0.3221 -1.2768 -1.8891 1.1098 13.0828 -4.5839 13.8867 21.0677 -1.2157 -2.2136 -4.0679 -6.6018 8.7090 -11.9385 -11.5954 -0.0769 -0.0739 0.1502 0.6470 -10.5749 -3.6961 -0.7822 -10.5803 4.0032 17.0375 5.3006 -7.8758 -49.7234 -55.8811 -31.3600 0.2523 0.2131 -116.2618 10.5813 10.9279 -12.5013 -16.3432 10.7265 15.9884 -61.5123 1.3456 2.3314 2.9761 10.6648 13.8733 63.7668 -26.8180 -32.2035 -1.4533 -0.4398 69.8363 -37.1207 4.6403 8.6164 13.9564 7.1496 -16.0057 49.4887 -3.7267 -5.2781 7.2876 -33.9949 15.2852 -0.3933 61.2406 -0.5898 -11.9927 -28.1876 3.2182 1.6761 -1.4300 -1.8695 -8.3288 -53.1437 -28.4486 0.6278 47.3934 0.8301 9.8145 -0.6866 8.3690 -1.4285 -0.1464 0.9670
-267.5154 87.4974 -81.1260 1.7584 4.2214 -6.5736 -0.4355 10.0238 -1.0403 -0.3594 -1.3117 -1.8551 1.1355 13.1063 -4.4512 13.7575 21.4238 -1.1690 -2.2556 -4.0841 -6.5537 8.6772 -11.7592 -11.4894 -0.0870 -0.0750 0.1623 0.6360 -10.5745 -3.6812 -0.7920 -10.5784 4.0164 17.2677 5.0395 -7.8621 -48.8850 -56.1731 -30.7324 0.2770 0.1033 -116.2323 10.8933 10.7802 -11.9038 -16.4580 10.6697 15.9351 -61.5265 1.3486 2.2835 3.4082 10.7623 13.9522 64.0191 -26.8657 -32.3762 -1.3883 -0.4728 70.0736 -37.3574 5.0017 9.0572 13.8277 7.1127 -15.9296 49.3874 -3.7287 -5.1992 7.4818 -33.8785 14.6946 -0.3662 61.2896 -0.5490 -12.2141 -28.0624 4.0256 1.6725 -1.2940 -1.8740 -8.3089 -53.0128 -27.5365 0.6084 47.1530 0.8162 9.6351 -0.2368 8.2730 -1.4307 -0.0895 0.9849
-267.6387 87.4753 -81.3089 1.6040 4.1030 -7.4666 -0.5507 9.9830 -1.0319 -0.4203 -1.3275 -1.8398 1.1305 13.1549 -4.3342 13.6793 21.8165 -1.0717 -2.2809 -4.0936 -6.4288 8.6249 -11.5995 -11.2980 -0.0967 -0.0783 0.1751 0.6222 -10.5870 -3.6675 -0.7981 -10.5875 4.0316 17.5295 4.8383 -7.9331 -48.0313 -56.3772 -30.0846 0.4102 -0.0060 -116.1536 11.1224 10.6454 -11.3427 -16.5094 10.6417 15.8962 -61.5115 1.3619 2.2200 3.8028 10.8300 14.0703 64.4102 -27.1790 -32.5110 -1.2483 -0.4873 70.3363 -37.4950 5.5352 9.3830 13.6987 7.0719 -15.8643 49.3065 -3.7102 -5.1276 7.7853 -33.7600 14.2567 -0.3550 61.3926 -0.5351 -12.6019 -27.8916 4.8788 1.6720 -1.1840 -1.8889 -8.1799 -52.8640 -26.4609 0.5905 46.9049 0.8052 9.3588 0.3176 8.2155 -1.4327 -0.0605 0.9956
-267.8121 87.4518 -81.5913 1.3630 3.9664 -8.6171 -0.6986 9.9925 -1.0436 -0.4902 -1.3062 -1.8342 1.0721 13.2317 -4.2514 13.6568 22.2201 -0.9158 -2.2876 -4.0915 -6.2137 8.5620 -11.4638 -11.0193 -0.0991 -0.0845 0.1772 0.6169 -10.5906 -3.6625 -0.7974 -10.5902 4.0313 17.7699 4.7306 -8.0036 -47.1399 -56.5544 -29.5528 0.5265 -0.0848 -116.0515 11.3735 10.5867 -10.7977 -16.5576 10.6022 15.8475 -61.5198 1.3577 2.1527 4.0837 10.8306 14.2208 64.9245 -27.6747 -32.5681 -0.9926 -0.5094 70.6303 -37.5147 6.2153 9.4914 13.6125 7.0405 -15.8433 49.2519 -3.7386 -5.1030 8.2292 -33.6482 13.9271 -0.3535 61.5739 -0.5352 -13.1217 -27.6778 5.8286 1.6725 -1.0905 -1.9085 -7.9267 -52.7403 -25.2976 0.5749 46.7150 0.7894 9.1357 0.9634 8.4105 -1.4331 -0.0989 1.0072
-267.8941 87.4316 -81.8807 0.9973 3.8497 -10.0092 -0.8215 10.0038 -1.0766 -0.5763 -1.2781 -1.8248 1.0019 13.3634 -4.1522 13.6308 22.5636 -0.8163 -2.3252 -4.0128 -5.8259 8.5662 -11.3856 -10.8159 -0.1393 -0.0735 0.2375 0.5677 -10.5774 -3.5982 -0.8287 -10.5809 4.1015 17.8544 4.9289 -8.0557 -45.7457 -56.8040 -29.6100 0.5512 -0.1617 -115.8420 11.7766 10.6372 -10.4125 -16.5832 10.6095 15.9002 -61.4928 1.3694 2.2036 4.1776 10.7006 14.2401 65.3912 -28.1038 -32.2792 -0.6886 -0.3934 70.9478 -37.3997 6.6602 9.4840 13.6982 7.0020 -15.8645 49.2245 -3.7583 -5.1651 8.8986 -33.6466 13.6331 -0.3665 61.8648 -0.5025 -13.7416 -27.3633 6.8647 1.6699 -0.8886 -1.9346 -7.2884 -52.8003 -24.4523 0.6344 46.6960 0.8324 9.2103 1.6354 8.9619 -1.4445 -0.2813 0.9636
-268.0121 87.3400 -82.2071 0.4334 3.6604 -11.7914 -0.9869 10.0311 -1.0439 -0.6382 -1.1556 -1.8538 0.9835 13.5278 -4.0701 13.5781 22.7594 -0.4426 -2.2664 -3.9578 -5.5448 8.4303 -11.2531 -10.4467 -0.1282 -0.0598 0.2045 0.5935 -10.5978 -3.6369 -0.8312 -10.6055 4.0700 17.9776 5.2133 -8.0449 -44.6543 -57.0190 -29.4905 0.3540 -0.0504 -115.7425 12.2489 11.0086 -9.9552 -16.6664 10.6737 15.8879 -61.4934 1.2290 2.0574 4.1119 10.5698 14.3233 65.6987 -28.5160 -31.1518 -0.6356 -0.3635 71.1384 -37.2680 7.3248 9.3077 13.6783 7.0562 -15.9291 49.2771 -3.7311 -5.1972 9.8978 -33.6041 13.7279 -0.3909 62.1776 -0.5602 -14.3393 -26.9823 7.5478 1.6655 -0.7361 -1.9249 -6.4518 -53.1107 -23.8736 0.8337 47.2069 1.0323 10.1173 2.5909 10.7553 -1.4251 -0.7333 0.9205
-268.2479 87.2462 -82.4949 -0.1639 3.4547 -13.7493 -1.1010 10.0723 -0.9688 -0.6778 -1.1145 -1.8761 0.9605 13.7572 -3.9675 13.4378 22.8658 -0.1007 -2.2907 -3.9514 -5.3966 8.4189 -11.1059 -10.2183 -0.1290 -0.0529 0.1987 0.5972 -10.5710 -3.6314 -0.8356 -10.5823 4.0544 17.7857 5.4843 -7.9831 -43.8312 -57.0119 -29.5519 -0.0643 -0.0473 -115.5465 12.7148 11.8339 -9.6528 -16.4677 10.7006 15.9047 -61.2560 1.2291 2.0478 3.8405 10.4374 14.4201 66.0542 -28.6845 -29.8170 -0.5512 -0.4841 71.4048 -37.0227 7.7192 9.4248 13.7162 7.1176 -15.9513 49.3806 -3.7183 -5.2396 11.1444 -33.5678 14.1893 -0.3720 62.5189 -0.5238 -15.1666 -26.5922 7.9107 1.6619 -0.5550 -1.9080 -6.3198 -53.8642 -23.1192 1.1118 48.3467 1.2870 12.9495 2.4779 13.5733 -1.3933 -1.3104 0.9571
-268.5595 87.1624 -82.7362 -0.6377 3.2048 -15.4752 -1.2105 10.0657 -0.8941 -0.6877 -1.0866 -1.8331 0.8998 13.9969 -4.0104 13.2246 22.9048 0.1569 -2.2943 -3.9556 -5.3070 8.3937 -10.9546 -10.0307 -0.1338 -0.0497 0.2022 0.5967 -10.5683 -3.6220 -0.8440 -10.5824 4.0536 17.3905 5.8981 -7.9510 -43.4590 -56.6449 -29.9558 -0.4520 0.0450 -115.2244 13.2304 12.7619 -9.6934 -16.2721 10.7954 16.0210 -61.1136 1.2547 2.0853 3.5627 10.3003 14.5171 66.4855 -28.4638 -28.5007 -0.4583 -0.6199 71.8814 -36.7845 8.1922 9.5415 13.8221 7.1271 -15.9637 49.5192 -3.7057 -5.2659 12.4563 -33.4874 14.7905 -0.4026 62.7949 -0.5335 -16.0560 -26.1237 8.0185 1.6599 -0.5093 -1.8877 -7.6151 -54.6018 -21.7736 1.4067 49.4561 1.6207 16.3609 1.0225 15.5603 -1.3825 -1.4070 0.9692
-269.2887 87.0077 -82.9483 -0.9597 2.9470 -16.7230 -1.2569 9.9467 -0.8210 -0.7031 -1.0552 -1.7614 0.8103 14.2077 -4.1944 13.0827 22.9144 0.3700 -2.2387 -3.9568 -5.3677 8.3458 -10.7322 -9.9250 -0.1224 -0.0466 0.1884 0.6074 -10.5869 -3.6391 -0.8303 -10.5897 4.0355 16.9636 6.2578 -7.9265 -43.9339 -55.7643 -30.5843 -0.7150 0.0083 -114.7261 13.5195 14.2581 -9.9756 -16.0932 10.8607 16.1359 -61.0548 1.2128 2.1106 3.3817 10.1823 14.5537 66.9446 -27.8373 -27.2963 -0.4421 -0.6900 72.4895 -36.5730 8.6857 9.6959 14.0260 7.1495 -16.0626 49.7409 -3.6973 -5.2993 13.8754 -33.4309 15.2951 -0.4592 63.0352 -0.6246 -17.1728 -25.5571 7.8068 1.6599 -0.5272 -1.8983 -11.3085 -54.6605 -18.6392 1.6149 49.3043 1.9026 16.8828 -0.4255 14.4985 -1.4284 -1.3435 0.9263
-270.2067 86.7599 -83.1119 -1.1322 2.6243 -17.3755 -1.2729 9.7716 -0.7606 -0.7073 -1.0487 -1.7132 0.7393 14.4314 -4.3890 13.0313 22.9106 0.4969 -2.1250 -3.9628 -5.6001 8.2745 -10.4624 -9.9404 -0.1058 -0.0392 0.1671 0.6248 -10.6176 -3.6726 -0.8115 -10.6050 4.0130 16.5942 6.6191 -7.9481 -45.6237 -54.6750 -30.8791 -1.1054 -0.0566 -113.9749 13.4132 16.2661 -10.4471 -15.9312 10.9330 16.1693 -61.1141 1.1925 2.0611 3.3212 10.1801 14.4383 67.4573 -26.8666 -26.2304 -0.5645 -0.6791 73.1170 -36.3712 9.3288 9.8091 14.2097 7.1060 -16.1213 49.7992 -3.6942 -5.3234 15.4789 -33.3728 15.5806 -0.4682 63.2133 -0.6889 -18.4391 -24.8877 7.2261 1.6631 -0.5770 -1.9259 -17.3884 -53.2302 -13.5481 1.6834 46.9816 2.1089 15.0998 -0.6048 11.2785 -1.4916 -1.1353 0.8384
-271.5496 86.4134 -83.2565 -1.1445 2.1686 -17.4422 -1.3666 9.6083 -0.6970 -0.7138 -1.0913 -1.7205 0.6658 14.6539 -4.5909 13.2506 22.9553 0.5273 -2.0581 -3.9853 -5.9345 8.2273 -10.1050 -10.0810 -0.0934 -0.0298 0.1450 0.6428 -10.6435 -3.7029 -0.8027 -10.6174 3.9886 16.4091 7.1333 -8.0067 -48.3971 -53.5352 -30.5568 -1.5846 -0.1188 -112.9510 12.9712 18.6386 -11.0877 -15.8746 11.0314 16.1184 -61.3889 1.2276 1.8935 3.3257 10.3322 14.0816 68.0771 -25.5460 -25.2068 -0.8290 -0.5910 73.6436 -36.2814 10.2162 9.9462 14.2831 7.0363 -16.1203 49.6971 -3.7292 -5.3204 17.3577 -33.1457 15.6317 -0.4710 63.1284 -0.7456 -19.8224 -24.0398 6.2430 1.6688 -0.5285 -1.9435 -24.7180 -49.4789 -7.5039 1.5483 42.2069 2.2122 11.7016 0.2214 6.6361 -1.5494 -1.1123 0.7527
-273.5514 86.0496 -83.3924 -1.0032 1.6205 -16.9342 -1.6291 9.4495 -0.6041 -0.7438 -1.1726 -1.7844 0.5508 14.7857 -4.8513 13.8217 23.1745 0.4265 -2.1464 -4.0477 -6.1953 8.2740 -9.6725 -10.3227 -0.1021 -0.0306 0.1483 0.6515 -10.6509 -3.6943 -0.8277 -10.6183 3.9840 16.4187 7.8356 -8.0938 -51.5277 -52.3871 -29.8373 -1.9273 -0.1649 -111.7677 12.2670 21.0512 -11.8473 -15.9941 11.0520 15.9875 -61.7576 1.2160 1.7741 3.2677 10.4980 13.4634 68.9882 -23.8030 -24.4262 -1.0376 -0.4454 74.1009 -36.2231 11.4467 10.0370 14.2526 7.0013 -16.1036 49.5750 -3.7326 -5.3740 19.4973 -32.6563 15.4343 -0.5543 62.5022 -0.8918 -21.2437 -22.9330 4.9357 1.6640 -0.3734 -1.8952 -31.3141 -43.4540 -2.2842 1.2503 35.7232 2.2418 7.4038 0.9339 1.3043 -1.6230 -1.5505 0.7575
-276.1716 85.7212 -83.5409 -0.7811 1.1441 -15.9351 -2.0243 9.2782 -0.5120 -0.8160 -1.2827 -1.8852 0.3765 14.7449 -5.0717 14.6241 23.5323 0.1583 -2.3348 -4.1303 -6.2916 8.4395 -9.2508 -10.6723 -0.1252 -0.0418 0.1695 0.6481 -10.6482 -3.6575 -0.8714 -10.6138 3.9951 16.6255 8.6333 -8.1938 -54.5363 -51.1914 -28.8938 -1.9943 -0.2570 -110.6170 11.3930 23.2880 -12.6578 -16.0481 11.0244 15.8387 -62.0263 1.1415 1.7347 3.0270 10.6260 12.5720 70.2618 -21.6567 -23.8752 -1.2232 -0.3862 74.5490 -35.9887 12.6880 10.0140 14.1018 7.0633 -16.1013 49.5160 -3.7547 -5.3742 21.8296 -32.0743 14.9195 -0.7325 61.1538 -1.1561 -22.7359 -21.5001 3.4849 1.6451 -0.1318 -1.7941 -36.0282 -36.4234 1.1613 0.8792 29.2226 2.2009 3.1701 1.1725 -4.2065 -1.7283 -2.0364 0.8289
-279.3116 85.4694 -83.7168 -0.6847 0.9338 -14.5790 -2.3740 9.0188 -0.4675 -0.9207 -1.3634 -1.9038 0.1468 14.5147 -5.1967 15.4181 23.7558 -0.2736 -2.4929 -4.2018 -6.2785 8.7159 -8.8989 -11.1538 -0.1507 -0.0565 0.2007 0.6218 -10.6159 -3.6040 -0.8982 -10.5821 4.0121 16.7932 9.2347 -8.3161 -57.0363 -49.7492 -27.7703 -1.7917 -0.2136 -109.6565 10.4585 25.2465 -13.2883 -16.1967 11.0304 15.7538 -62.2990 1.0285 1.7987 2.7405 10.7198 11.4915 71.6625 -19.4512 -23.5208 -1.3467 -0.1980 75.0441 -35.6903 13.3202 9.7125 13.9955 7.1368 -16.1393 49.4706 -3.7987 -5.3375 24.4756 -31.5638 13.9896 -0.9078 58.7646 -1.4394 -24.4437 -19.5128 2.0604 1.6333 0.2283 -1.6821 -38.4955 -30.3396 2.2125 0.5696 24.2761 2.1545 -0.0032 1.7009 -8.9297 -1.8017 -2.1914 0.9201
-283.0084 85.4671 -84.0520 -0.9048 1.1285 -13.1600 -2.5277 8.6513 -0.4718 -1.0200 -1.4398 -1.7753 -0.0543 14.3154 -5.2289 15.8201 23.8383 -0.6579 -2.4116 -4.2197 -6.2669 9.0513 -8.6178 -11.6048 -0.1602 -0.0533 0.2078 0.6015 -10.6037 -3.5894 -0.8990 -10.5659 4.0147 16.6269 9.4612 -8.3027 -58.7697 -48.2640 -26.3680 -1.4764 -0.1021 -108.9952 9.4007 26.8315 -13.6070 -16.4403 11.0773 15.7519 -62.3617 1.0803 1.9048 2.4148 10.9732 10.4629 72.6835 -17.8097 -23.1698 -1.3996 -0.0222 75.4405 -35.5783 13.0227 9.3265 14.0052 7.1587 -16.0860 49.3989 -3.8062 -5.1647 27.4248 -31.1466 12.7325 -1.0804 55.1047 -1.7436 -26.2900 -16.7334 0.8438 1.6391 0.4711 -1.6182 -38.4656 -27.1465 0.4665 0.5287 21.4263 2.2889 -0.7441 5.3242 -10.5415 -1.8342 -2.3113 1.0200
-287.2773 85.8594 -84.5982 -1.4873 1.6913 -11.8487 -2.5065 8.2856 -0.4927 -1.1285 -1.5142 -1.6723 -0.1105 14.0383 -5.1173 15.7044 24.1882 -1.0162 -2.1026 -4.1761 -6.1289 9.4164 -8.2925 -11.6904 -0.1665 -0.0309 0.2076 0.5841 -10.5672 -3.5843 -0.8938 -10.5132 4.0103 16.1194 9.3668 -8.1029 -59.8846 -46.7756 -24.7152 -1.2232 0.2789 -108.8393 8.4729 28.0983 -13.4124 -16.6683 11.1687 15.8293 -62.1710 1.3658 2.0254 1.8517 11.2872 9.7826 73.4114 -16.5951 -22.8703 -1.3189 0.3118 75.2606 -35.6110 11.8956 8.7253 14.1395 7.0806 -15.9032 49.2214 -3.7337 -4.9793 30.5973 -30.2593 11.3209 -1.2262 49.4433 -2.0360 -28.0866 -12.7257 0.0891 1.6500 0.3248 -1.5686 -36.1671 -26.5321 -3.5577 0.7272 19.4107 2.6016 4.3523 12.7450 -8.7130 -1.7909 -2.4006 1.1160
-292.0945 86.5640 -85.2578 -1.9960 2.3917 -10.3303 -2.4140 8.1026 -0.4671 -1.2998 -1.4820 -1.6839 -0.3854 13.5610 -5.1731 15.3178 24.8041 -1.2409 -1.7995 -4.1216 -5.8949 10.0031 -7.6628 -11.7204 -0.1347 -0.0188 0.1433 0.6175 -10.5342 -3.6529 -0.8609 -10.4955 3.9452 15.9213 9.4478 -7.8086 -59.9776 -45.7140 -23.6232 -0.7781 0.4867 -109.5591 8.1426 29.0995 -12.9853 -16.8386 11.4613 16.0160 -62.4171 1.4909 2.0585 0.7282 11.3250 9.0803 74.2435 -15.1055 -22.3075 -1.4615 0.5563 74.5028 -35.4770 10.4335 7.6062 14.3708 6.9453 -15.8422 49.1041 -3.7062 -5.1782 33.5173 -28.6217 9.7738 -1.1159 41.8767 -2.0814 -29.0495 -7.2179 -0.8215 1.7179 -0.7800 -1.4483 -32.3243 -27.5904 -9.5902 0.7989 18.5271 2.6668 16.1081 18.1318 -5.5457 -1.6174 -2.1028 1.1681
-297.2483 87.2453 -86.1142 -1.8682 3.2583 -8.7008 -2.4640 8.0222 -0.6800 -1.4379 -1.5598 -1.7479 -1.1336 12.9981 -5.2353 14.7386 25.3601 -1.1375 -1.4340 -4.0270 -5.4621 10.5577 -7.1731 -11.5248 -0.1141 -0.0208 0.1294 0.6055 -10.6107 -3.7042 -0.8074 -10.5921 3.9696 15.8502 9.2153 -7.5587 -59.9288 -45.1648 -22.7646 -0.3710 0.5494 -110.8536 8.1934 29.4573 -12.1968 -16.9675 11.5469 16.1058 -62.6999 1.3763 2.0500 -0.7903 10.8546 8.7367 74.4899 -12.8943 -21.7161 -1.8506 0.6950 73.5262 -35.5358 8.0325 6.7994 14.4803 6.9728 -15.9063 49.2872 -3.5785 -5.2651 34.7516 -25.7728 8.0371 -0.7813 32.8365 -1.9363 -27.3508 -1.1896 1.7352 1.7290 -1.8074 -1.4236 -28.5548 -30.9125 -16.1027 0.9683 22.1884 2.4129 22.1649 14.2402 -4.0978 -1.5131 -0.6896 1.0662
-301.8465 87.8986 -87.0739 -1.3687 3.9755 -7.3178 -2.3462 8.1378 -1.0053 -1.5432 -1.6237 -1.5585 -1.9729 12.7496 -5.6061 14.1177 25.3731 -0.5894 -1.3250 -4.1836 -5.6526 11.0504 -6.9338 -11.4942 -0.0595 -0.0568 0.0734 0.6261 -10.6699 -3.7781 -0.7168 -10.6634 3.9162 15.3186 8.3163 -7.4453 -60.0390 -44.9511 -21.9599 -0.3476 0.1692 -112.3796 8.1168 30.3965 -11.5858 -16.9226 11.2465 16.0865 -62.7796 1.1584 2.0742 -1.8366 10.6842 8.8390 73.5968 -11.9138 -22.1673 -1.5954 0.4350 72.8699 -35.5329 6.1668 6.0716 14.5018 6.9929 -15.8745 49.3456 -3.8038 -5.1821 34.6158 -22.2156 4.9127 -0.0447 25.6604 -1.2743 -18.9844 2.1305 8.8799 1.7202 -2.2135 -1.4105 -25.4327 -35.4097 -21.1632 1.0531 29.1265 2.1868 22.9989 9.0844 -2.2936 -1.4576 0.2833 1.0379
-305.6117 88.6148 -88.1404 -0.6324 4.1581 -6.5556 -2.2764 8.5432 -1.1298 -1.5125 -1.4746 -1.4105 -2.5754 12.9389 -5.8872 13.3930 24.6526 -0.1527 -1.1550 -4.1626 -5.9483 10.9716 -7.3449 -11.5302 -0.0438 -0.0483 0.0475 0.6414 -10.6628 -3.8127 -0.6991 -10.6688 3.8942 14.7788 7.7332 -7.3861 -59.9212 -45.7466 -21.7322 -0.2661 -0.0252 -113.7882 8.0480 30.5240 -11.3651 -16.7809 11.1889 16.0992 -62.7746 1.1710 2.1032 -2.3859 10.5707 9.2608 71.2705 -12.2303 -23.0152 -1.2475 0.2394 72.2723 -35.8943 5.0402 5.2956 14.5124 6.9466 -15.8701 49.1421 -4.0586 -5.1891 32.7749 -22.3092 3.1945 0.1187 27.6405 -0.9084 -13.8451 -0.6487 11.6148 1.7978 -2.5870 -1.5583 -23.3107 -38.9407 -23.7687 1.1660 35.5082 2.1457 21.7230 5.7459 -1.4155 -1.4289 0.5245 0.9076
-308.6446 89.0540 -89.2472 0.1233 3.8598 -6.2039 -2.2355 9.2456 -1.1314 -1.3887 -1.1180 -1.4317 -2.7551 13.1425 -6.0055 12.7673 23.7402 0.1818 -1.2751 -4.1206 -6.1081 10.7287 -8.0171 -11.6904 -0.0472 -0.0412 0.0447 0.6461 -10.6759 -3.8320 -0.7103 -10.6843 3.9098 14.7690 7.3723 -7.2739 -59.6289 -47.0471 -22.2733 0.1788 -0.3476 -114.7767 7.8244 29.7821 -11.4511 -16.7182 11.1597 16.0557 -62.7002 1.1786 2.2050 -2.7187 10.4178 9.6785 68.2770 -13.5854 -24.1336 -1.0020 0.0433 71.5002 -35.9876 3.6346 5.0551 14.3417 6.9043 -15.9215 49.0312 -4.0862 -5.2387 29.2906 -26.7995 4.5119 -0.3934 39.1356 -1.3379 -15.1810 -5.0220 8.6342 1.7757 -2.5719 -1.7751 -21.9689 -40.7982 -24.7739 1.1922 39.7003 2.0823 20.6371 3.1745 -0.9647 -1.4224 0.5560 0.8281
-311.1456 89.2333 -90.3440 0.5832 3.5243 -6.0763 -2.0382 9.9846 -1.0907 -1.1959 -0.8891 -1.5660 -2.5183 13.2325 -6.1037 12.2040 22.9100 0.3347 -1.4592 -4.0665 -6.1957 10.2308 -9.0155 -11.7963 -0.0669 -0.0377 0.0717 0.6305 -10.6608 -3.8094 -0.7368 -10.6717 3.9517 15.2254 7.1013 -7.2884 -59.5683 -48.4064 -22.7939 0.5901 -0.6784 -115.5500 7.8619 27.9773 -11.6188 -16.6538 11.2330 16.0808 -62.5201 1.1614 2.3162 -2.8575 10.4035 10.2263 65.2897 -15.5925 -25.3896 -0.8443 -0.1677 70.6188 -35.7815 1.8881 5.4718 14.1931 6.9420 -15.9388 49.0594 -3.9465 -5.1784 24.4372 -32.4422 8.0444 -1.1670 53.9082 -2.0669 -17.9512 -9.4503 2.5318 1.7504 -2.9278 -1.9308 -20.7391 -41.9077 -25.0072 1.1013 42.9469 1.8877 19.6922 0.7281 -0.6854 -1.4359 0.6468 0.8077
-313.3444 89.1623 -91.3745 0.5649 3.3698 -6.1022 -1.7093 10.5191 -0.9903 -0.9772 -0.8424 -1.8048 -1.9695 13.2245 -6.0869 11.9553 22.3046 0.2026 -1.7416 -4.0207 -6.1058 9.5546 -9.9965 -11.8372 -0.0955 -0.0397 0.1202 0.5993 -10.6130 -3.7573 -0.7656 -10.6292 4.0084 15.9749 6.8099 -7.5854 -59.8040 -49.5526 -23.0056 0.7155 -0.8610 -116.2317 8.3003 25.5303 -11.6403 -16.6328 11.2731 16.0929 -62.5201 1.1827 2.3326 -2.5982 10.5301 10.7941 62.8118 -17.9447 -26.5276 -0.8361 -0.3488 69.7419 -35.5784 0.5429 5.9990 14.0877 7.0841 -15.9394 49.2183 -3.7099 -5.1471 18.8203 -36.7996 12.6812 -1.9539 66.7054 -2.6967 -21.2739 -12.2630 -4.9724 1.7761 -3.8387 -1.9652 -19.1599 -42.6873 -25.0630 0.9405 45.7259 1.6071 18.6528 -1.6470 -0.4672 -1.4420 0.8635 0.7796
-315.3204 88.9476 -92.2493 0.0151 3.4565 -6.2213 -1.2576 10.7716 -0.9296 -0.7450 -0.9021 -2.0492 -1.2021 13.1752 -6.0492 11.9602 21.9420 -0.1143 -2.0239 -3.9851 -5.9655 8.7874 -10.6209 -11.6764 -0.1162 -0.0438 0.1508 0.5774 -10.5467 -3.7142 -0.7864 -10.5560 4.0320 16.8323 6.5215 -7.8881 -60.3901 -50.5144 -22.9960 0.5314 -0.7931 -116.8127 8.9954 22.9780 -11.6621 -16.6729 11.3114 16.1278 -62.6922 1.2111 2.3088 -2.0372 10.6833 11.3483 61.2559 -20.4964 -27.7679 -0.7313 -0.5145 69.1871 -35.3220 0.1444 6.2982 13.9327 7.2103 -15.8733 49.2207 -3.6001 -5.1294 13.0230 -38.9945 17.7054 -2.5796 74.2094 -3.1251 -23.6798 -13.3427 -12.0062 1.7567 -4.9851 -1.9437 -16.8877 -43.3732 -25.7547 0.8402 48.1384 1.3814 17.3403 -3.7683 -0.2304 -1.4451 1.1398 0.7610
-317.2307 88.6623 -93.1196 -0.7969 3.6723 -6.4800 -0.8302 10.8243 -0.9530 -0.5220 -1.0156 -2.2579 -0.3698 13.1582 -5.9683 12.0879 21.8333 -0.3481 -2.1732 -4.0057 -5.9381 7.9519 -10.9706 -11.2348 -0.1282 -0.0413 0.1568 0.5610 -10.4971 -3.6918 -0.7953 -10.5029 4.0244 17.6002 6.3299 -8.0457 -61.3979 -51.4198 -22.7169 0.0591 -0.6583 -117.1560 9.6629 20.5672 -11.6774 -16.4651 11.4294 16.1757 -62.6900 1.1525 2.2753 -1.3842 10.7211 11.8694 60.5406 -22.7290 -28.9185 -0.5706 -0.6148 69.2448 -34.9825 0.2098 6.4912 13.8711 7.2346 -15.7633 49.1956 -3.6605 -5.0431 8.3214 -39.1830 21.4315 -2.1326 75.9903 -2.4735 -21.7807 -14.1193 -13.0598 1.7601 -6.7783 -1.9355 -14.2277 -43.9979 -27.1866 0.7859 50.0371 1.2051 15.8428 -5.4959 0.2461 -1.4567 1.5430 0.7690
-318.7552 88.2813 -93.8509 -1.7117 3.8528 -6.9951 -0.4569 10.7454 -1.1462 -0.3544 -1.1209 -2.3318 0.4219 13.2119 -5.8588 12.2059 21.8649 -0.2605 -2.0782 -4.0573 -6.2606 7.1266 -11.2727 -10.6536 -0.1014 -0.0492 0.1075 0.5864 -10.4617 -3.7284 -0.7679 -10.4805 3.9541 18.2719 6.3280 -7.9340 -62.0036 -52.1577 -23.1025 0.0121 -0.5558 -117.1957 9.8735 18.9564 -11.5947 -16.0139 11.4951 16.1593 -62.3518 1.0400 2.3743 -0.9205 10.6790 12.2372 60.3208 -24.1321 -29.2530 -0.7155 -0.6554 69.8080 -34.5358 0.5879 6.6770 13.8590 7.2520 -15.6487 49.0906 -3.7629 -4.9120 5.7478 -37.8690 22.5144 -1.0828 73.6084 -1.0829 -13.3036 -17.2555 -6.5897 1.9363 -11.2758 -2.0312 -11.4442 -44.5123 -28.9314 0.6750 51.5458 0.9800 14.2297 -7.0321 0.9389 -1.4664 1.9682 0.7738
-320.0437 87.7618 -94.5320 -2.2770 3.9454 -7.8058 -0.3333 10.6013 -1.3074 -0.2821 -1.1588 -2.3877 0.8915 13.2051 -5.8036 12.1921 22.1434 -0.4221 -2.1407 -4.0484 -5.9752 6.8680 -11.6973 -10.3472 -0.1232 -0.0414 0.1559 0.5608 -10.4500 -3.6691 -0.7893 -10.4551 3.9976 18.8330 6.1940 -7.5822 -61.7413 -52.5413 -24.1963 0.3042 -0.5349 -116.9676 10.1816 18.0736 -11.1892 -15.5273 11.5313 16.1921 -61.7789 1.0779 2.5544 -0.8116 10.5224 12.4610 60.4330 -24.4774 -28.6790 -0.9170 -0.7343 70.5472 -34.0747 1.7381 6.5984 13.8843 7.2443 -15.7216 48.9398 -3.7870 -4.9759 5.8319 -36.3391 20.6182 -0.7463 71.2054 -0.7012 -9.3420 -23.5142 -1.7053 1.8917 -9.6247 -2.0493 -9.3544 -45.3397 -30.1080 0.5740 53.2315 0.8180 12.8362 -8.3894 2.0506 -1.4723 1.7879 0.7748
-321.3815 87.3132 -95.2535 -2.1643 4.0062 -8.5926 -0.4487 10.5565 -1.4019 -0.3106 -1.2155 -2.3426 0.8566 13.1604 -5.8355 12.1140 22.3266 -0.4463 -2.1862 -4.0503 -5.8230 6.9603 -12.2594 -10.4146 -0.1346 -0.0381 0.1798 0.5487 -10.4180 -3.6315 -0.8013 -10.4208 4.0129 19.1194 6.2503 -7.3965 -61.1640 -53.1153 -24.7805 0.2160 -0.4297 -116.7757 10.5153 17.4520 -10.8274 -15.3885 11.4937 16.2204 -61.3478 1.1000 2.5226 -0.7005 10.5964 12.4048 60.7816 -24.3486 -27.8082 -1.0606 -0.9007 71.5398 -33.6345 2.9511 6.4539 13.9095 7.2888 -15.7959 48.8781 -3.7604 -5.0051 6.0387 -35.9594 19.2014 -0.5427 70.5197 -0.5796 -8.9313 -26.6955 -0.1687 1.8221 -7.2930 -2.0640 -8.1941 -46.6092 -30.7657 0.5599 55.0150 0.8080 11.7063 -9.3791 2.9532 -1.4636 1.2883 0.7952
-322.4712 86.9275 -95.9781 -1.6943 4.1011 -9.4174 -0.5910 10.4912 -1.4516 -0.3646 -1.2750 -2.2902 0.5427 13.1778 -5.8283 11.8885 22.4044 -0.4149 -2.2265 -4.0361 -5.6874 7.0977 -12.7772 -10.4691 -0.1363 -0.0453 0.1816 0.5389 -10.3910 -3.6123 -0.7969 -10.3958 4.0000 19.0088 6.2783 -7.1906 -60.7312 -53.6772 -24.9015 -0.0214 -0.3049 -116.8314 10.7380 16.9112 -10.6062 -15.3957 11.4193 16.1884 -61.0622 1.1129 2.4611 -0.5831 10.8376 12.4137 61.1001 -24.0966 -27.0462 -1.0497 -1.0301 72.4686 -33.4047 3.7376 6.5561 13.9617 7.2517 -15.8850 48.8956 -3.7614 -5.0522 5.9738 -35.7994 18.8894 -0.5266 70.1118 -0.6033 -9.2277 -28.1324 -0.0587 1.7863 -6.1527 -2.0819 -7.5135 -48.0267 -31.0558 0.6208 56.5545 0.8878 10.6960 -10.2008 3.7929 -1.4543 0.9041 0.8179
-323.4616 86.5927 -96.5897 -1.1819 4.2143 -10.3303 -0.6539 10.4439 -1.4670 -0.4166 -1.3103 -2.1940 0.2264 13.2452 -5.7778 11.5323 22.4243 -0.2837 -2.2080 -4.0281 -5.6675 7.1757 -13.1435 -10.3618 -0.1325 -0.0543 0.1739 0.5381 -10.4041 -3.6093 -0.7889 -10.4099 3.9806 18.7347 6.2738 -6.9533 -60.5809 -54.1040 -24.7394 -0.0708 -0.2493 -117.1404 10.8895 16.5613 -10.5169 -15.3527 11.3390 16.1132 -60.8896 1.1402 2.4411 -0.5569 11.0782 12.6082 61.2331 -23.7923 -26.4762 -1.0195 -1.0412 73.1352 -33.3344 3.9140 6.8596 13.9607 7.2588 -15.9894 49.0303 -3.7454 -5.0725 5.8093 -35.5136 19.0503 -0.5687 69.4624 -0.6481 -9.5581 -29.3537 -0.0353 1.7625 -5.1256 -2.0791 -6.9515 -49.3260 -31.0687 0.6439 57.8378 0.9039 9.7877 -10.8528 4.4949 -1.4470 0.6645 0.8582
-324.2061 86.3340 -97.0970 -0.7448 4.3309 -11.2373 -0.6731 10.4131 -1.4680 -0.4672 -1.3139 -2.1194 -0.0017 13.3173 -5.6631 11.1160 22.4653 -0.0340 -2.1238 -4.0666 -5.7579 7.2499 -13.2988 -10.1326 -0.1428 -0.0524 0.1907 0.5384 -10.4385 -3.5980 -0.8095 -10.4439 4.0061 18.4640 6.3603 -6.7277 -60.6541 -54.4373 -24.4452 0.0167 -0.1693 -117.6404 10.8656 16.3176 -10.3912 -15.3836 11.2073 15.9405 -60.8701 1.1945 2.6223 -0.5932 11.3029 12.9065 61.2877 -23.4261 -25.9823 -1.1207 -0.7601 73.5540 -33.3986 3.4507 7.2515 13.7929 7.2661 -15.9636 49.0824 -3.6978 -4.9681 5.6717 -35.2059 19.3906 -0.5836 68.7467 -0.6119 -9.6516 -30.2105 0.0450 1.7219 -4.8711 -2.0905 -6.3898 -50.3492 -30.9838 0.6549 58.8175 0.8659 8.9923 -11.3790 4.9751 -1.4426 0.6718 0.8249
-325.0151 86.2155 -97.5770 -0.4311 4.4433 -12.0503 -0.6596 10.4443 -1.4584 -0.5147 -1.2858 -2.0102 -0.1471 13.4491 -5.5768 10.8356 22.4763 0.0994 -2.1106 -4.0616 -5.7431 7.3590 -13.5937 -9.9463 -0.1314 -0.0565 0.1711 0.5564 -10.4570 -3.6216 -0.8052 -10.4596 3.9878 18.3205 6.1857 -6.4745 -60.7904 -54.5385 -24.3688 0.2419 -0.1787 -118.1026 10.8468 16.1152 -10.4009 -15.3855 11.1251 15.8553 -60.9234 1.2115 2.6201 -0.5343 11.4511 13.2259 61.2284 -23.1972 -25.7104 -1.0668 -0.6922 73.7525 -33.5216 3.1752 7.5938 13.8177 7.2351 -15.9689 49.1893 -3.7088 -5.0086 5.6842 -35.2005 19.4998 -0.5187 68.3279 -0.5300 -10.0427 -30.6314 0.5081 1.7091 -4.1314 -2.0765 -5.7129 -51.0973 -30.8702 0.5835 59.5268 0.7743 8.4317 -11.6286 5.2664 -1.4375 0.5497 0.8300
-325.7716 86.2254 -98.0526 -0.1895 4.5480 -12.7819 -0.6400 10.5015 -1.4450 -0.5698 -1.2525 -1.8887 -0.2454 13.6019 -5.4850 10.6090 22.5341 0.2140 -2.1177 -4.0628 -5.6437 7.5056 -13.8733 -9.8287 -0.1255 -0.0622 0.1647 0.5634 -10.4662 -3.6306 -0.8001 -10.4694 3.9817 18.1868 6.0241 -6.1836 -61.0253 -54.6335 -24.4139 0.4337 -0.1987 -118.5629 10.7698 15.7978 -10.3931 -15.4014 11.0471 15.7914 -60.9812 1.2238 2.5954 -0.4710 11.6250 13.5516 61.2699 -22.9804 -25.5060 -1.0410 -0.6010 73.8256 -33.5160 2.7503 7.8303 13.8084 7.1961 -15.9368 49.2193 -3.7366 -5.0063 5.8318 -35.2323 19.4358 -0.4488 67.8120 -0.4499 -10.4487 -30.6064 1.0074 1.6958 -3.5124 -2.0601 -4.9251 -51.5724 -30.8238 0.5046 59.8844 0.6806 7.9388 -11.6314 5.4550 -1.4330 0.4528 0.8328
-326.5912 86.3900 -98.5249 -0.0290 4.6679 -13.5018 -0.6279 10.5642 -1.4319 -0.6231 -1.2198 -1.7457 -0.3257 13.7177 -5.3694 10.4189 22.6404 0.3328 -2.1208 -4.0607 -5.4644 7.6769 -14.1600 -9.7960 -0.1269 -0.0643 0.1721 0.5629 -10.4724 -3.6280 -0.8016 -10.4764 3.9932 18.1012 5.8688 -5.8722 -61.4987 -54.6539 -24.4544 0.6197 -0.2314 -118.9799 10.5273 15.6574 -10.3457 -15.4258 10.9772 15.7567 -61.0237 1.2140 2.5563 -0.3796 11.7566 13.9335 61.4051 -22.5803 -25.3119 -1.0529 -0.5478 73.8939 -33.4302 2.3873 7.9727 13.8068 7.1470 -15.9096 49.2290 -3.7631 -5.0054 6.1403 -35.2283 19.1613 -0.4115 67.0544 -0.4196 -10.9871 -30.2248 1.7474 1.6840 -2.9040 -2.0389 -3.9311 -51.7990 -30.9466 0.3994 59.9079 0.5420 7.4328 -11.3216 5.6622 -1.4309 0.3694 0.8362
-327.4620 86.7343 -99.0034 0.0065 4.7992 -14.3613 -0.6449 10.6595 -1.3944 -0.6472 -1.1997 -1.6020 -0.4061 13.7907 -5.1466 10.2357 22.8179 0.4482 -2.1470 -4.0655 -5.1816 7.8913 -14.3874 -9.7853 -0.1275 -0.0732 0.1751 0.5621 -10.4867 -3.6308 -0.8033 -10.4964 4.0047 18.0659 5.8032 -5.5089 -62.3454 -54.6322 -24.3404 0.8356 -0.3812 -119.3923 10.1496 15.7265 -10.3028 -15.4382 10.8820 15.7469 -61.0872 1.1770 2.5229 -0.3132 11.8672 14.3236 61.6584 -21.9506 -24.9746 -1.1516 -0.6170 74.0799 -33.2738 2.1472 8.1125 13.8605 7.1319 -15.9053 49.3299 -3.7406 -5.0005 6.6478 -35.0957 18.7003 -0.4422 65.9838 -0.4974 -11.7951 -29.5637 2.8478 1.6727 -2.2676 -2.0103 -2.6073 -51.8513 -31.4257 0.3062 59.7026 0.3905 6.9062 -10.5908 6.3077 -1.4314 0.1553 0.8500
-328.5044 87.2412 -99.4293 -0.1156 4.9196 -15.4138 -0.6133 10.7035 -1.3743 -0.7167 -1.1774 -1.3798 -0.4465 13.8917 -4.8586 9.9869 22.9431 0.5415 -2.1098 -3.9824 -4.8455 8.1002 -14.5083 -9.8142 -0.1556 -0.0661 0.2167 0.5189 -10.4887 -3.5988 -0.8154 -10.5102 4.0649 17.8477 5.9648 -5.1854 -63.2024 -54.4626 -24.1784 1.0710 -0.5455 -119.6256 9.9683 15.9638 -10.3749 -15.4797 10.8917 15.8930 -61.1682 1.1395 2.5985 -0.2175 11.9533 14.6288 61.9756 -21.2686 -24.3730 -1.1945 -0.4866 74.3098 -33.1325 2.1053 8.3196 14.0770 7.1150 -15.9897 49.4653 -3.6866 -5.0962 7.4015 -34.7996 18.0396 -0.4959 64.6261 -0.5713 -12.8564 -28.6190 4.3630 1.6694 -1.6370 -2.0173 -1.0055 -51.8929 -32.3182 0.2898 59.6083 0.2640 6.8573 -9.2354 7.6497 -1.4474 -0.4205 0.8082
-329.7430 87.6978 -99.9552 -0.4482 4.9158 -16.7317 -0.6354 10.7422 -1.2417 -0.7397 -1.0262 -1.2020 -0.3578 13.9664 -4.5687 9.6931 23.0119 0.8983 -2.0023 -3.8975 -4.7450 8.2743 -14.4509 -9.7024 -0.1370 -0.0594 0.1731 0.5416 -10.5171 -3.6567 -0.7995 -10.5470 4.0293 17.6914 6.2103 -4.8717 -64.5714 -54.2140 -23.3052 1.1815 -0.6367 -119.6548 10.1278 16.3951 -10.3223 -15.6813 11.0321 15.9677 -61.5132 0.9972 2.5650 -0.1107 12.1081 14.9553 62.3497 -20.8756 -23.2996 -1.4472 -0.3294 74.3224 -33.1793 2.5900 8.5047 14.2308 7.1432 -16.0684 49.6479 -3.6312 -5.1484 8.4710 -34.2959 17.5972 -0.5524 63.1671 -0.7414 -13.8725 -27.5328 5.7745 1.6639 -1.2394 -2.0007 0.3259 -52.2822 -33.3310 0.4219 60.2451 0.3299 8.2101 -6.3033 10.8021 -1.4146 -1.8432 0.7630
-330.7955 88.0297 -100.3492 -1.0153 4.7614 -18.3053 -0.5652 10.7825 -1.0286 -0.7109 -1.0059 -1.1558 -0.1731 14.1802 -4.1587 9.3319 23.1506 1.2837 -1.9205 -3.8825 -4.8227 8.3394 -14.0666 -9.4053 -0.1213 -0.0635 0.1490 0.5654 -10.5371 -3.6903 -0.7901 -10.5760 4.0105 17.3629 6.2843 -4.4835 -65.9326 -53.5748 -22.1706 1.2634 -0.8160 -119.2027 10.4362 17.1849 -10.0135 -15.7874 11.0177 16.0454 -61.6933 0.9862 2.6425 -0.2022 12.1791 15.3414 63.0132 -20.7836 -22.4546 -1.5300 -0.3051 74.2495 -33.1654 2.9486 9.0663 14.2660 7.1398 -16.0107 49.6999 -3.6402 -5.1922 10.0739 -33.7532 17.3594 -0.5605 61.9621 -0.7853 -14.9936 -26.4814 6.9918 1.6681 -1.1192 -1.9671 0.4702 -53.1168 -33.5440 0.6723 61.8971 0.5634 14.0996 -4.0689 16.4780 -1.3372 -3.0493 0.8019
-332.0942 88.1805 -100.6740 -1.6330 4.4814 -19.7216 -0.5050 10.7570 -0.8409 -0.6661 -1.0155 -1.0936 0.0581 14.3016 -3.8759 9.0087 23.4814 1.5100 -1.8609 -3.8934 -4.7720 8.3089 -13.6605 -9.0902 -0.1247 -0.0616 0.1550 0.5728 -10.5627 -3.6869 -0.8043 -10.6115 4.0225 16.9778 6.6701 -4.2302 -66.7289 -53.0183 -21.2694 1.2777 -0.8712 -118.2741 10.8422 17.7067 -9.4280 -15.7732 11.0600 16.2301 -61.7741 1.0649 2.6676 -0.2840 12.0767 15.6985 63.7204 -20.5868 -21.6926 -1.7250 -0.5700 74.2975 -33.0639 3.3934 9.4664 14.2381 7.0929 -15.9005 49.6585 -3.7333 -5.2149 12.0954 -33.2945 17.2483 -0.6492 61.1605 -0.8349 -16.0706 -25.3976 7.6660 1.6792 -1.3206 -1.9320 -1.2683 -53.6866 -32.1526 1.2797 62.8330 1.3864 22.9368 -4.4110 22.5513 -1.2195 -2.3130 0.8655
-333.5783 88.1725 -100.9732 -2.0082 4.2777 -20.5147 -0.5077 10.6228 -0.7539 -0.6624 -1.0046 -1.0455 0.1768 14.2158 -3.8621 8.9279 23.8102 1.6240 -1.7756 -3.9276 -4.7305 8.2813 -13.3236 -8.8918 -0.1077 -0.0613 0.1329 0.5895 -10.5595 -3.7068 -0.7861 -10.5968 3.9914 16.8415 6.9237 -4.2228 -66.8683 -52.3937 -21.0915 1.3939 -0.9870 -116.8881 11.3542 18.3308 -8.7950 -15.6943 11.0895 16.3597 -61.8516 1.1231 2.6021 -0.2544 11.9441 15.8575 64.4281 -20.3014 -21.2157 -1.8900 -0.5810 74.6535 -33.0988 3.9688 9.4606 14.3034 7.0368 -15.8578 49.5857 -3.8034 -5.2272 14.1276 -33.0583 17.1950 -0.6612 60.5949 -0.8907 -17.2481 -24.5251 7.3797 1.6750 -1.3920 -1.9187 -5.2150 -53.8621 -28.7129 1.7094 62.1200 1.9713 23.9325 -6.2244 21.2437 -1.3030 -2.1671 0.8588
-335.4143 87.9419 -101.3691 -2.0501 4.0838 -20.7873 -0.5731 10.4598 -0.7449 -0.6606 -1.0072 -1.0780 0.1165 14.1094 -3.9398 8.9589 23.9486 1.6390 -1.6721 -3.9750 -4.8421 8.3169 -13.0135 -8.8542 -0.0689 -0.0678 0.0784 0.6232 -10.5756 -3.7646 -0.7394 -10.5981 3.9220 16.8221 7.0924 -4.5108 -66.6169 -51.9682 -21.1483 1.4364 -1.0912 -115.3340 11.8282 18.9809 -8.2182 -15.5791 11.0864 16.3445 -61.9455 1.1960 2.4032 -0.2703 11.8203 15.6980 65.2317 -20.0610 -21.2724 -1.8398 -0.4411 75.4086 -33.2463 4.9890 9.1745 14.3023 7.0004 -15.8496 49.5069 -3.8601 -5.1803 16.1027 -32.9538 17.2368 -0.5685 60.1529 -0.8918 -18.3529 -23.8301 6.2850 1.6717 -1.3224 -1.9447 -12.0824 -53.1416 -22.0992 1.8960 59.1806 2.2726 19.2073 -7.2593 14.6312 -1.4667 -1.7311 0.7975
-337.5417 87.4803 -101.7047 -1.8387 3.8295 -20.6610 -0.6935 10.2775 -0.7392 -0.6708 -1.0323 -1.1150 0.0008 14.0462 -4.1789 9.0920 23.8684 1.5884 -1.6809 -4.0164 -5.0140 8.3763 -12.6470 -8.9567 -0.0722 -0.0696 0.0850 0.6175 -10.5920 -3.7490 -0.7383 -10.5879 3.9143 16.7542 7.2928 -4.8828 -66.1728 -51.6954 -21.3693 1.3854 -1.0111 -113.8455 12.1166 19.7450 -7.7304 -15.5263 11.0911 16.2222 -62.1263 1.2386 2.1450 -0.3738 11.7685 15.3082 66.0199 -19.7672 -21.6427 -1.6019 -0.3993 76.4173 -33.4876 6.4413 8.7561 14.2964 6.9483 -15.8843 49.3824 -3.9162 -5.1395 18.1758 -32.8330 17.2686 -0.4977 59.6557 -0.9098 -19.5359 -23.1133 4.9503 1.6685 -1.1040 -1.9764 -20.6618 -50.6729 -13.7663 1.8961 53.8424 2.5043 14.1157 -6.9494 7.6434 -1.5212 -1.2639 0.7191
-340.1460 86.8611 -101.9883 -1.5041 3.5392 -20.2485 -0.8527 10.0446 -0.7356 -0.6770 -1.0870 -1.1500 -0.0922 13.9753 -4.4958 9.2395 23.8252 1.5261 -1.8087 -4.0454 -5.1475 8.4248 -12.3026 -9.1108 -0.1038 -0.0653 0.1312 0.5872 -10.6080 -3.6909 -0.7720 -10.5827 3.9545 16.5793 7.5921 -5.1866 -65.8733 -51.4954 -21.4637 1.1943 -0.8892 -112.7730 12.0573 20.4173 -7.4924 -15.5816 11.0652 16.1060 -62.2080 1.2262 1.9104 -0.5621 11.7396 14.8295 66.6089 -19.2568 -22.0907 -1.3882 -0.4606 77.5925 -33.6368 7.8761 8.3426 14.2983 6.9407 -15.9290 49.3174 -3.9531 -5.1564 20.3772 -32.5902 17.1144 -0.5428 58.9668 -1.0352 -20.8966 -22.2304 3.6736 1.6642 -0.8469 -1.9512 -28.3688 -46.7740 -6.7448 1.7931 47.2168 2.7392 10.8471 -5.3526 2.9695 -1.5426 -1.4087 0.6865
-343.1479 86.1710 -102.1917 -1.1209 3.2271 -19.6453 -1.0609 9.7826 -0.6897 -0.6754 -1.1487 -1.2303 -0.1735 13.8323 -4.7824 9.3799 23.9074 1.4322 -1.9342 -4.0596 -5.2223 8.4221 -12.0593 -9.2295 -0.1347 -0.0570 0.1737 0.5647 -10.6025 -3.6342 -0.8125 -10.5594 3.9894 16.3935 7.9373 -5.4971 -65.9156 -51.1834 -21.2134 0.8818 -0.7114 -112.1263 11.7540 20.9454 -7.5294 -15.6687 11.0235 16.0349 -62.1915 1.2311 1.7758 -0.7448 11.7428 14.3206 66.9144 -18.6203 -22.5564 -1.1071 -0.4463 78.7667 -33.8003 9.2091 7.8286 14.3244 7.0259 -16.0077 49.3709 -3.9237 -5.2313 22.7640 -32.1530 16.8090 -0.6804 57.8224 -1.2659 -22.4210 -21.0352 2.5016 1.6607 -0.6020 -1.9030 -34.2477 -42.0363 -1.9241 1.6370 40.1635 2.9311 8.9372 -2.9333 0.5027 -1.6011 -1.7782 0.7228
-346.8091 85.5364 -102.4095 -0.7514 2.9767 -18.8636 -1.2896 9.4454 -0.6557 -0.6746 -1.2297 -1.2811 -0.2448 13.6413 -5.0021 9.4921 24.1165 1.2597 -2.0365 -4.0639 -5.1908 8.3775 -11.8794 -9.3180 -0.1652 -0.0419 0.2171 0.5464 -10.5935 -3.5818 -0.8568 -10.5346 4.0311 16.2611 8.2772 -5.7989 -66.1352 -50.6635 -20.8100 0.6400 -0.5042 -111.9917 11.3190 21.1506 -7.7869 -15.7778 11.0247 15.9848 -62.2076 1.2237 1.8024 -0.8428 11.7553 13.7216 66.8849 -17.9461 -22.9276 -0.8275 -0.2795 79.9105 -33.9000 10.0912 7.2854 14.2480 7.1602 -16.0778 49.4452 -3.8140 -5.2931 25.3438 -31.5208 16.3795 -0.8558 55.8688 -1.5678 -24.0895 -19.2722 1.4482 1.6535 -0.3670 -1.8523 -38.2995 -36.9705 0.9136 1.4059 32.9187 3.0144 7.9425 0.0917 -0.7972 -1.6788 -2.0422 0.8014
-350.9264 84.9829 -102.5851 -0.4051 2.9003 -17.7453 -1.5446 9.0014 -0.7051 -0.6874 -1.3375 -1.3005 -0.3271 13.3799 -5.2097 9.5896 24.4618 1.0843 -2.0716 -4.0502 -5.0992 8.3343 -11.6666 -9.4091 -0.1879 -0.0211 0.2500 0.5314 -10.5856 -3.5459 -0.8905 -10.5090 4.0690 16.2640 8.4499 -6.1195 -66.6184 -49.8498 -20.2263 0.5064 -0.3106 -112.3607 10.8272 21.0181 -8.2326 -15.8646 11.0410 15.9042 -62.1724 1.1996 1.9792 -0.8076 11.7434 13.0223 66.4643 -17.1962 -23.0859 -0.6276 -0.0190 81.0268 -33.9299 10.3146 6.7409 14.1416 7.2899 -16.1310 49.4531 -3.6816 -5.2913 28.0703 -30.7020 15.7530 -1.0604 52.6355 -1.9308 -25.8940 -16.7325 0.4743 1.6487 -0.1301 -1.7825 -40.6157 -31.9755 1.9272 1.1286 25.6612 3.0348 7.8628 3.8811 -1.5956 -1.7490 -2.1437 0.8897
-355.6186 84.5555 -102.8380 -0.0796 3.1354 -16.2241 -1.8605 8.4427 -0.8890 -0.7171 -1.5145 -1.4095 -0.4627 13.0625 -5.3731 9.6541 24.9575 0.9174 -2.0143 -4.0350 -4.9389 8.4081 -11.3431 -9.5611 -0.2201 -0.0043 0.3008 0.5122 -10.5842 -3.4923 -0.9390 -10.4954 4.1302 16.3742 8.4319 -6.4932 -67.0773 -48.7850 -19.7718 0.5722 -0.1792 -113.1894 10.2644 20.7233 -8.7991 -15.9543 11.0322 15.7681 -61.9722 1.2132 2.2906 -0.6376 11.7491 12.2755 65.7321 -16.3770 -22.8629 -0.6487 0.0657 81.9085 -33.8644 9.7952 6.4348 14.0220 7.3708 -16.1029 49.3838 -3.5141 -5.1673 30.6915 -29.7057 15.0396 -1.2523 47.6583 -2.2944 -27.7288 -13.1224 -0.4747 1.6457 -0.0515 -1.7004 -41.3194 -27.5972 1.4372 0.8107 18.8342 2.9759 9.1875 8.2578 -2.1578 -1.7969 -1.9872 0.9902
-361.0158 84.3405 -103.3609 0.3286 3.6902 -14.1595 -2.2153 7.8142 -1.0445 -0.7639 -1.7816 -1.8689 -0.7556 12.7177 -5.5436 9.6525 25.4644 0.6115 -1.9837 -4.0463 -4.7689 8.7547 -10.7569 -9.9328 -0.2157 -0.0055 0.2816 0.5285 -10.5635 -3.5084 -0.9470 -10.4714 4.1073 16.3973 8.4294 -6.7742 -67.0696 -47.7484 -19.7414 0.5467 -0.0898 -114.5346 9.8543 20.2040 -9.4099 -15.9147 11.2594 15.7273 -61.7712 1.2682 2.4316 -0.5425 11.7622 11.5102 64.9679 -15.4672 -22.4007 -0.7867 0.0064 82.3672 -33.6889 8.5575 6.3729 14.1725 7.2491 -16.0559 49.2713 -3.4292 -5.2468 33.0851 -28.1137 14.1598 -1.3118 40.2063 -2.3508 -29.2441 -7.9478 -1.1336 1.6723 -0.2881 -1.5614 -40.6750 -24.5455 -0.1869 0.5498 13.8937 2.9781 17.0281 14.0286 -1.6073 -1.7297 -1.6283 1.1764
-367.1407 84.4057 -104.0447 0.9407 4.5271 -11.5128 -2.3595 7.2140 -1.2185 -0.9706 -2.0460 -2.2362 -1.3314 12.1166 -6.0193 9.4259 25.8155 0.4954 -1.6590 -3.9779 -4.7556 9.3127 -10.0457 -10.4795 -0.1975 -0.0160 0.2598 0.5393 -10.5634 -3.5446 -0.9182 -10.5057 4.0983 16.0672 8.8152 -7.1200 -66.4049 -46.9983 -20.6197 0.6367 0.0544 -116.2228 9.4600 19.2487 -9.9261 -15.9269 11.4526 15.7027 -62.0077 1.1700 2.4660 -0.6788 11.0625 10.6079 64.1157 -13.6631 -21.7705 -1.1097 0.1530 82.3847 -33.6578 6.7568 6.5299 14.3107 7.1158 -16.0205 49.2846 -3.3349 -5.2900 34.6082 -25.2837 12.9775 -1.0281 29.3472 -2.1736 -28.6433 -0.5453 -1.4087 1.7056 -1.6736 -1.4489 -38.8805 -25.6423 -4.4050 0.6470 14.5925 2.6495 28.7089 13.4038 -1.8527 -1.5515 -1.1786 1.2089
-372.5662 84.8442 -105.1581 1.4078 5.2410 -9.3835 -1.8929 7.2548 -1.5196 -1.1151 -2.1287 -2.1791 -1.5920 11.7752 -6.4815 8.5334 24.9042 0.7950 -1.4438 -3.9872 -5.5657 10.0896 -9.5518 -11.3487 -0.1547 -0.0587 0.2495 0.5367 -10.5580 -3.5658 -0.8257 -10.5348 4.0818 14.6120 8.3316 -7.5522 -66.4304 -46.9250 -20.8580 0.2761 -0.0007 -117.9265 8.7368 19.3776 -10.5178 -15.7421 11.5429 15.9914 -62.1421 1.0881 2.5598 -0.8921 10.4786 10.3042 62.2194 -13.0635 -21.7829 -0.8872 0.1021 82.0445 -34.6752 4.7301 6.7627 14.4009 7.2179 -16.0649 49.6766 -3.4274 -5.3100 35.6433 -20.3622 8.4421 -0.3094 19.8556 -1.6205 -21.6267 5.3882 4.1945 1.7160 -2.5662 -1.4772 -36.9865 -31.8670 -8.2537 0.9766 23.5456 2.1971 31.6815 7.6182 0.3927 -1.4704 0.3314 1.1249
-377.2316 85.5774 -106.4114 2.1161 5.4817 -8.0057 -1.5968 7.7215 -1.6645 -1.1127 -1.9343 -2.0343 -1.9142 12.0273 -7.0031 7.9464 23.4248 1.2248 -1.2480 -4.0621 -6.4301 10.2470 -9.8125 -11.9891 -0.0450 -0.0611 0.0838 0.6480 -10.5124 -3.7353 -0.7133 -10.5198 3.8817 13.4735 7.6283 -7.7776 -66.9089 -47.5423 -21.1305 0.0924 -0.4619 -119.3834 7.7191 20.3284 -10.8190 -15.4016 11.5003 15.7947 -62.2094 0.9286 2.2800 -1.3024 10.0783 10.7730 60.6092 -13.3883 -21.8265 -1.4170 -0.0890 81.6609 -35.6153 3.4455 6.9022 14.2293 7.1562 -15.9057 49.5757 -3.9543 -5.1641 35.4322 -16.9383 2.6740 0.2296 18.4880 -1.2945 -11.5743 4.6192 9.3109 1.8018 -1.9690 -1.5235 -35.5338 -37.2873 -10.1460 1.2340 32.7891 2.2975 30.5697 2.9781 1.7469 -1.4264 1.1021 1.0373
-380.9000 86.3899 -107.6943 3.0930 5.2601 -7.3811 -1.4734 8.4614 -1.6241 -1.0363 -1.5484 -1.9076 -2.2381 12.3719 -7.3377 7.7346 22.2106 1.6544 -1.4055 -4.0508 -6.9653 10.3860 -10.5695 -12.5962 -0.0380 -0.0370 0.0460 0.6735 -10.5030 -3.7859 -0.7246 -10.5299 3.8568 12.8970 7.4566 -7.7725 -66.5129 -48.9077 -22.4988 0.3972 -0.7234 -120.0812 6.3473 21.1548 -11.1143 -15.3663 11.4781 15.7413 -62.1640 0.8636 2.2436 -1.6288 9.9712 11.3678 59.3975 -14.9191 -22.0091 -1.6945 -0.3311 81.6171 -36.5257 1.9026 7.3404 13.8553 7.1824 -15.9594 49.4549 -4.0556 -5.2298 33.8241 -18.7564 -0.3398 -0.1263 28.3310 -1.6747 -13.3868 1.0886 5.8367 1.8336 -1.6223 -1.8256 -34.3985 -39.8130 -10.3853 1.2689 38.0252 2.3325 28.2757 0.1941 1.7983 -1.4190 1.4989 0.8694
-383.8633 87.1758 -108.8164 3.8994 5.0611 -7.2229 -1.3152 9.2442 -1.5097 -0.9358 -1.1535 -1.8345 -2.2474 12.4809 -7.5146 7.4946 21.4270 1.8202 -1.6466 -4.0400 -7.1386 10.3986 -11.5447 -12.9490 -0.0718 -0.0181 0.0867 0.6599 -10.5278 -3.7597 -0.7806 -10.5666 3.9286 12.9232 7.3873 -7.7386 -65.8264 -50.3178 -23.8201 0.6414 -0.7910 -120.1811 5.1954 21.1739 -11.4962 -15.6773 11.4383 15.7480 -62.3397 0.8271 2.2812 -2.1007 9.9698 11.8891 59.1517 -16.8956 -22.3952 -1.6277 -0.5100 82.2074 -36.5124 -0.1269 8.1527 13.7311 7.2083 -16.0417 49.5347 -3.9484 -5.2645 31.1353 -23.3204 -0.2498 -0.8764 42.0403 -2.4236 -18.3602 -3.5603 -2.6292 1.8017 -1.8999 -2.0103 -33.2294 -41.0043 -10.0180 1.2201 40.8501 2.2631 26.0166 -1.5583 1.7069 -1.4221 1.5393 0.8092
-386.2353 87.8845 -109.9316 4.4194 5.2043 -7.0787 -1.1391 9.8654 -1.4333 -0.8365 -0.9196 -1.8631 -1.9574 12.4137 -7.5375 7.3397 20.8111 1.7084 -1.8262 -4.0137 -7.1830 10.2367 -12.3450 -13.0595 -0.1169 -0.0135 0.1617 0.6194 -10.5261 -3.6860 -0.8315 -10.5650 4.0237 13.2250 7.2915 -8.0032 -64.6624 -51.4781 -24.9296 0.6871 -0.7627 -119.8678 4.7321 20.1808 -11.8900 -15.9692 11.3735 15.7693 -62.4918 0.8847 2.3284 -2.3497 9.9188 12.2690 59.4872 -18.8373 -22.9817 -1.4343 -0.5414 83.0252 -35.7992 -2.3066 8.9252 13.8307 7.2287 -16.0801 49.6682 -3.7418 -5.3067 27.5611 -28.2764 2.0257 -1.6593 54.1536 -3.1005 -21.9665 -7.3014 -11.4949 1.8106 -2.7118 -2.0190 -31.8088 -41.8762 -9.5168 1.1237 42.7669 2.1207 23.9420 -2.6737 1.3800 -1.4238 1.3954 0.7968
-388.6371 88.5177 -110.9927 4.6262 5.6823 -6.5897 -0.9855 10.2641 -1.4544 -0.7349 -0.8305 -2.0218 -1.4952 12.2780 -7.4439 7.5318 20.2972 1.3773 -2.0401 -3.9861 -7.1227 9.9942 -12.7028 -13.0567 -0.1588 -0.0190 0.2339 0.5747 -10.5042 -3.5988 -0.8727 -10.5360 4.0989 13.7030 7.1327 -8.5863 -63.1190 -52.4347 -25.7422 0.3863 -0.6437 -119.2055 4.9270 18.8650 -12.0985 -16.1140 11.3063 15.8094 -62.5024 1.0125 2.3302 -2.1507 9.8064 12.4349 60.1584 -20.6002 -23.7635 -1.2756 -0.6154 83.6163 -35.0967 -3.5332 9.2600 13.9434 7.2775 -16.1549 49.7712 -3.5596 -5.4115 23.4179 -32.3646 5.6038 -2.3252 62.1362 -3.5989 -26.1598 -9.6308 -19.1680 1.8137 -3.5407 -1.9684 -30.0772 -42.7483 -9.3600 1.0201 44.3192 1.9400 22.0922 -3.4764 0.8523 -1.4206 1.2325 0.7769
-390.8763 88.9040 -112.0100 4.5280 6.4150 -5.6518 -0.8213 10.4468 -1.5022 -0.6036 -0.8030 -2.3533 -0.9042 12.0997 -7.2754 8.0704 19.7874 0.9410 -2.2518 -3.9919 -7.0492 9.7387 -12.7527 -13.1046 -0.1946 -0.0237 0.2906 0.5375 -10.5112 -3.5359 -0.9077 -10.5264 4.1613 14.4988 6.9745 -9.3350 -61.7296 -53.2929 -26.0740 -0.0841 -0.4200 -118.4463 5.3545 18.3206 -12.0947 -16.1807 11.2051 15.7650 -62.4003 1.0815 2.2422 -1.6759 9.6106 12.3966 61.2212 -22.1742 -25.2447 -0.9132 -0.8666 83.9858 -34.6837 -3.3509 8.8896 14.0054 7.2557 -16.1763 49.8013 -3.4973 -5.5082 19.3175 -35.3711 9.8370 -2.6335 65.5381 -3.7874 -29.7752 -11.0181 -23.9209 1.7814 -4.3913 -1.9598 -28.1156 -43.8098 -9.7792 0.9513 45.9170 1.7474 20.4828 -4.3858 0.2502 -1.4245 1.2694 0.7777
-393.0902 88.9467 -112.9289 4.1051 7.2424 -4.5780 -0.6083 10.4721 -1.5759 -0.4577 -0.7968 -2.6424 -0.2103 11.9521 -7.1064 8.7503 19.2799 0.6050 -2.3792 -4.0313 -7.1545 9.4316 -12.7905 -13.0837 -0.2064 -0.0298 0.3002 0.5168 -10.5014 -3.5181 -0.9109 -10.5066 4.1658 15.4831 6.8501 -9.9002 -60.8503 -54.1067 -25.9176 -0.4005 -0.3122 -118.0319 5.7170 18.2480 -11.8685 -16.0383 11.1893 15.7228 -62.1700 1.1215 2.0736 -1.1997 9.3451 12.1842 62.1907 -23.3125 -26.8689 -0.6168 -1.1285 84.2777 -34.3554 -2.5336 8.0145 14.1360 7.1930 -16.1427 49.7903 -3.5971 -5.5148 16.0554 -36.9699 13.3610 -2.1952 65.2531 -3.1209 -29.2242 -11.6052 -21.6494 1.8033 -5.1502 -1.9478 -25.9401 -45.1751 -10.9076 0.9380 47.6638 1.6333 19.2842 -5.5800 -0.1365 -1.4415 1.5837 0.8037
-395.0953 88.6570 -113.6738 3.4131 7.9262 -3.7444 -0.2930 10.4398 -1.6731 -0.3406 -0.8509 -2.7930 0.4718 11.9263 -6.9546 9.3472 18.9409 0.4271 -2.3425 -4.0903 -7.4561 9.0933 -12.9748 -12.9189 -0.1846 -0.0401 0.2588 0.5398 -10.4939 -3.5561 -0.8910 -10.5019 4.1138 16.4797 6.8673 -10.1801 -60.1919 -54.7541 -25.6959 -0.2078 -0.4006 -118.0334 5.9148 18.7182 -11.4282 -15.7087 11.1742 15.6943 -61.7628 1.0980 2.0320 -0.8993 9.1233 11.8756 62.6955 -23.9530 -27.9925 -0.5221 -1.2680 84.4129 -33.9959 -1.7273 7.2060 14.2971 7.2476 -16.1522 49.8199 -3.7002 -5.4753 13.9752 -37.1207 15.7419 -1.4520 62.8713 -2.0188 -23.2444 -13.8239 -13.4182 1.8893 -6.2236 -1.9394 -23.3990 -46.7475 -12.7793 0.9234 49.6501 1.5512 18.2149 -7.1283 -0.2017 -1.4630 2.0154 0.8511
-396.9061 88.0159 -114.3395 2.6454 8.3417 -3.1596 -0.0114 10.3725 -1.7707 -0.2385 -0.9075 -2.9194 1.0754 11.9809 -6.8845 9.7967 18.8135 0.2369 -2.2858 -4.0912 -7.4646 8.8349 -13.1195 -12.6294 -0.1864 -0.0467 0.2674 0.5304 -10.5255 -3.5489 -0.8875 -10.5172 4.1196 17.4184 6.6458 -10.1509 -60.0437 -54.8398 -25.2245 0.3045 -0.4329 -118.3531 6.5251 19.4789 -10.8026 -15.3911 11.2442 15.8004 -61.4334 1.1406 2.2440 -0.8063 9.0152 11.6950 62.7390 -24.1797 -28.5748 -0.4896 -1.3109 84.4323 -33.7194 -0.8698 6.4796 14.3646 7.3581 -16.2903 49.8958 -3.7709 -5.4901 13.5643 -36.2475 16.4698 -1.0648 59.7296 -1.4795 -18.5674 -19.2380 -5.8338 1.8621 -5.2199 -1.9073 -20.9638 -48.3724 -14.9148 0.9292 52.0768 1.4804 17.1254 -8.9729 0.4234 -1.4716 2.2066 0.8847
-398.4533 87.2041 -115.0653 2.2297 8.4688 -2.5036 0.0414 10.5109 -1.8654 -0.1907 -0.9021 -3.0231 1.4787 11.9489 -6.9556 10.2741 18.7245 0.1177 -2.1055 -4.0885 -7.5284 8.6882 -13.4686 -12.4990 -0.1632 -0.0409 0.2379 0.5621 -10.5254 -3.5823 -0.8732 -10.5206 4.0873 18.0993 6.4554 -10.2873 -60.2724 -54.8881 -24.1383 0.5505 -0.4720 -118.7734 7.4398 19.8575 -10.0994 -15.2953 11.2696 15.9305 -61.1850 1.1491 2.3800 -0.5365 8.9741 11.4576 62.2425 -24.2769 -28.5948 -0.6915 -1.2807 84.4624 -33.4551 -0.4111 6.0383 14.3837 7.5495 -16.3931 50.0077 -3.6905 -5.5063 14.1593 -36.1405 16.0001 -0.7829 58.2324 -1.1554 -17.5785 -23.3892 -3.0447 1.7998 -2.7732 -1.8833 -19.2778 -50.0619 -16.8734 0.9876 54.8351 1.5258 16.2093 -10.5611 1.1550 -1.4693 2.0400 0.9378
-399.4985 86.3053 -115.8198 2.1928 8.4380 -1.8927 -0.0675 10.7321 -1.8765 -0.1755 -0.8801 -3.1994 1.6558 11.9880 -6.9254 10.6770 18.5772 -0.0063 -1.9031 -4.0910 -7.5519 8.5618 -13.6945 -12.3988 -0.1595 -0.0250 0.2352 0.5753 -10.5207 -3.5877 -0.8797 -10.5211 4.0888 18.4451 6.5544 -10.4969 -61.0228 -55.3926 -22.6172 0.3349 -0.5842 -119.0645 8.5764 20.3432 -9.5184 -15.4235 11.2226 15.9986 -61.2136 1.1541 2.6272 -0.2464 9.0325 11.3577 61.8365 -24.6006 -29.0306 -0.8179 -1.2600 84.3301 -33.6122 -0.3843 6.1113 14.2461 7.5735 -16.3849 50.0184 -3.6248 -5.4039 14.7733 -36.9180 15.7001 -0.6718 58.4487 -1.0286 -17.5344 -25.6228 -2.7805 1.7210 -1.8683 -1.8925 -18.4593 -51.8115 -18.2937 1.1560 57.5240 1.6545 15.4069 -11.9163 2.0784 -1.4675 2.0430 0.9314
-400.2717 85.4848 -116.5882 2.3634 8.3410 -1.3877 -0.1616 10.9204 -1.8538 -0.1937 -0.8279 -3.1692 1.6683 12.1776 -7.0034 11.2032 18.2558 -0.1832 -1.9862 -4.0875 -7.5130 8.4774 -14.0296 -12.4634 -0.1489 -0.0334 0.2180 0.5803 -10.4736 -3.5947 -0.8640 -10.4829 4.0578 18.5050 6.4786 -10.5412 -61.9466 -55.8650 -21.4312 -0.1037 -0.5285 -119.1058 9.9552 20.9657 -9.1282 -15.5636 11.1937 16.0497 -61.2845 1.1601 2.5729 0.0369 9.0248 11.5132 61.5437 -25.2552 -29.8829 -0.8908 -1.2945 83.7937 -34.3286 -0.4416 6.2824 14.1744 7.4830 -16.4048 49.9864 -3.6316 -5.4476 15.2980 -38.2072 15.4560 -0.6308 59.6174 -0.9716 -17.7680 -26.4909 -3.5700 1.6832 -1.5444 -1.9149 -18.2363 -53.4493 -19.1530 1.2539 59.8964 1.7079 14.8943 -12.8980 3.1029 -1.4584 1.8841 0.9425
-400.8207 84.7803 -117.3086 2.4876 8.2011 -1.1444 -0.1520 11.0487 -1.7868 -0.2276 -0.7681 -3.0291 1.7016 12.5022 -6.9432 11.5535 17.9838 -0.3391 -2.1025 -4.0860 -7.4763 8.4023 -14.4009 -12.5355 -0.1498 -0.0393 0.2210 0.5711 -10.4363 -3.5801 -0.8580 -10.4459 4.0509 18.2568 6.5839 -10.3916 -62.4993 -56.3147 -20.9668 -0.4713 -0.3962 -119.1238 11.0500 21.6924 -8.8740 -15.6955 11.1081 16.0482 -61.4125 1.1435 2.4944 0.2782 9.0674 11.9121 61.4779 -26.2997 -31.0600 -1.0326 -1.3041 82.7613 -35.4571 -0.9148 6.5506 13.9568 7.3344 -16.3136 49.8587 -3.6848 -5.4220 15.8139 -39.3353 15.2779 -0.6492 60.6957 -0.9864 -18.0216 -26.9221 -4.3403 1.6633 -1.3811 -1.9232 -18.0968 -54.8450 -19.6751 1.3786 61.7844 1.8042 14.4296 -13.5079 3.9756 -1.4447 1.6977 0.9597
-401.0733 84.2276 -117.9422 2.5082 7.9749 -1.1318 -0.0754 11.1156 -1.6674 -0.2641 -0.7025 -2.8536 1.7874 12.9086 -6.7488 11.7258 17.8924 -0.4757 -2.1879 -4.0817 -7.3950 8.2981 -14.7151 -12.4982 -0.1500 -0.0402 0.2225 0.5599 -10.4073 -3.5689 -0.8467 -10.4158 4.0417 17.8964 6.7340 -10.0633 -62.8616 -56.4220 -20.9209 -0.6268 -0.2319 -119.3743 11.6982 21.9945 -8.8396 -15.8578 11.0139 16.0192 -61.6544 1.1238 2.4302 0.3928 9.1774 12.4200 61.8008 -27.4762 -32.4228 -1.0445 -1.2629 81.3449 -36.4431 -1.8325 6.8340 13.7228 7.1989 -16.1946 49.6546 -3.7262 -5.3764 16.3246 -40.1022 15.0700 -0.6902 61.4875 -1.0336 -18.2070 -27.1012 -4.7543 1.6537 -1.2229 -1.9262 -17.8996 -55.7956 -19.9245 1.4552 63.0498 1.8658 13.9820 -13.8229 4.5799 -1.4361 1.5118 0.9782
-401.3008 83.8289 -118.4788 2.4992 7.6894 -1.2226 -0.0037 11.1566 -1.5333 -0.2915 -0.6182 -2.6816 1.8892 13.2710 -6.4883 11.7910 18.0215 -0.5458 -2.2003 -4.0665 -7.2910 8.2263 -14.9609 -12.3950 -0.1492 -0.0374 0.2217 0.5511 -10.4036 -3.5641 -0.8363 -10.4009 4.0354 17.5789 6.7961 -9.5955 -63.4012 -56.1791 -20.7870 -0.5987 -0.1049 -119.9563 12.0737 21.7399 -8.9979 -15.9740 10.9782 15.9924 -61.9450 1.1367 2.3596 0.3623 9.3075 12.8660 62.3875 -28.2604 -33.5836 -1.1463 -1.1324 80.0302 -36.8678 -2.8541 7.0822 13.6172 7.1224 -16.1309 49.5723 -3.7741 -5.3522 16.7067 -40.6056 14.9753 -0.7165 62.0434 -1.0670 -18.2828 -27.1132 -4.9804 1.6473 -1.0712 -1.9061 -17.7224 -56.4053 -20.0146 1.5184 63.8312 1.9258 13.6026 -13.9844 4.9945 -1.4318 1.3973 0.9963
-401.5515 83.5662 -119.0047 2.5104 7.3811 -1.3205 0.0303 11.1846 -1.4182 -0.3046 -0.5589 -2.5302 1.9463 13.5358 -6.1991 11.8779 18.3904 -0.6131 -2.2379 -4.0632 -7.1209 8.1515 -15.1413 -12.2641 -0.1538 -0.0358 0.2279 0.5368 -10.4234 -3.5566 -0.8318 -10.4112 4.0429 17.3675 6.7636 -9.0519 -64.2184 -55.7459 -20.3982 -0.4504 -0.0838 -120.7323 12.3605 21.1089 -9.2252 -15.9763 10.9886 15.9695 -62.0596 1.1784 2.3234 0.2290 9.4504 13.1557 63.1030 -28.4908 -34.4923 -1.3156 -1.0065 79.0545 -36.7977 -3.7223 7.2843 13.5627 7.1023 -16.1163 49.4962 -3.8189 -5.3796 16.8892 -40.9331 15.0898 -0.7523 62.4077 -1.1136 -18.2658 -26.9912 -5.1968 1.6410 -0.9471 -1.8824 -17.6220 -56.7972 -20.0801 1.5424 64.2688 1.9497 13.3391 -14.0801 5.3605 -1.4327 1.3151 1.0195
-401.7153 83.4405 -119.4625 2.5483 7.0787 -1.4457 0.0156 11.1999 -1.3188 -0.3019 -0.5225 -2.4153 1.9358 13.6727 -5.9441 12.0334 18.9156 -0.6257 -2.2716 -4.0696 -6.9820 8.0712 -15.2494 -12.0964 -0.1577 -0.0334 0.2310 0.5235 -10.4393 -3.5508 -0.8261 -10.4161 4.0450 17.3158 6.5809 -8.4915 -65.5246 -55.2527 -19.4852 -0.2579 -0.1602 -121.5820 12.6496 20.3001 -9.4676 -15.9020 11.0194 15.9337 -62.0312 1.2379 2.3192 0.0412 9.5634 13.3414 63.9690 -28.3164 -35.3760 -1.3884 -0.9576 78.4033 -36.4522 -4.3844 7.5598 13.5706 7.1200 -16.1030 49.4442 -3.8031 -5.3724 16.9058 -41.1360 15.4335 -0.8023 62.6020 -1.1719 -18.1940 -26.7249 -5.3903 1.6379 -0.8568 -1.8549 -17.5792 -57.0298 -20.1462 1.5640 64.3810 1.9876 13.2818 -14.1160 5.6569 -1.4370 1.2392 1.0426
-402.0302 83.3985 -119.9453 2.5803 6.8212 -1.6410 -0.0371 11.1785 -1.2654 -0.3045 -0.4995 -2.2868 1.8567 13.7269 -5.7376 12.2241 19.4963 -0.5746 -2.2528 -4.0790 -6.9348 7.9648 -15.1928 -11.8846 -0.1577 -0.0346 0.2248 0.5188 -10.4848 -3.5630 -0.8213 -10.4554 4.0449 17.3874 6.2921 -7.9921 -66.9848 -54.7179 -18.3609 -0.0206 -0.3462 -122.3424 12.8476 19.9427 -9.5769 -15.7772 11.0777 15.9543 -61.8862 1.2926 2.3270 -0.1058 9.6932 13.4584 64.9533 -28.0465 -36.3300 -1.1928 -1.1056 77.9523 -36.0864 -4.6807 7.8997 13.6126 7.1493 -16.1322 49.5187 -3.7773 -5.3610 16.8030 -41.2959 15.9001 -0.8650 62.7385 -1.2282 -18.0135 -26.3706 -5.6281 1.6382 -0.8288 -1.8343 -17.4606 -57.2196 -20.3372 1.6219 64.2906 2.0653 13.3169 -14.0447 5.9664 -1.4411 1.1076 1.0426
-402.2743 83.4261 -120.3701 2.5816 6.5808 -1.8607 -0.1096 11.1273 -1.2365 -0.3103 -0.4658 -2.2013 1.7286 13.7310 -5.5739 12.4206 19.9557 -0.4673 -2.2545 -4.0838 -6.9912 7.8670 -14.9132 -11.7480 -0.1467 -0.0402 0.2003 0.5277 -10.5345 -3.5971 -0.8085 -10.5100 4.0274 17.5135 5.9604 -7.6088 -68.5303 -54.2906 -17.0533 0.0437 -0.4878 -122.9358 13.0330 19.9646 -9.3950 -15.6901 11.1505 15.9716 -61.7428 1.3060 2.2857 -0.0989 9.8036 13.5134 65.7076 -27.7333 -37.0823 -0.8985 -1.2920 77.7249 -35.8521 -4.7307 8.3209 13.6988 7.1703 -16.2124 49.6107 -3.7934 -5.4022 16.7224 -41.3491 16.3115 -0.9279 62.7820 -1.2727 -17.8430 -25.9405 -5.8643 1.6407 -0.9186 -1.8206 -17.3111 -57.2695 -20.6296 1.6508 63.9738 2.1001 13.4216 -13.9080 6.3374 -1.4444 0.9171 1.0273
-402.3584 83.4528 -120.6615 2.5066 6.3606 -2.0995 -0.1802 11.0328 -1.2070 -0.2944 -0.4420 -2.2065 1.5988 13.7450 -5.4080 12.4845 20.2590 -0.3616 -2.2428 -4.0762 -7.1115 7.8403 -14.5236 -11.6894 -0.1347 -0.0498 0.1731 0.5401 -10.5838 -3.6335 -0.7971 -10.5673 4.0058 17.6411 5.7295 -7.3800 -69.8899 -54.0856 -15.7697 -0.0747 -0.6348 -123.3595 13.1148 20.2544 -8.9997 -15.7001 11.1826 15.9797 -61.5443 1.2999 2.2340 0.0037 9.9005 13.4447 65.9902 -27.3162 -37.2923 -0.7513 -1.4670 77.7821 -35.7798 -4.5604 8.7706 13.8434 7.2058 -16.2985 49.7865 -3.8275 -5.4787 16.7509 -41.3223 16.5079 -0.9959 62.8011 -1.3211 -17.6568 -25.5866 -5.8993 1.6405 -1.0392 -1.8048 -17.0979 -57.1966 -20.9964 1.6152 63.5335 2.0352 13.4692 -13.7133 6.8197 -1.4487 0.6194 1.0157
-402.1589 83.4203 -120.8198 2.4089 6.1535 -2.2204 -0.2387 10.9139 -1.2163 -0.2717 -0.4209 -2.2870 1.5060 13.7819 -5.2816 12.3611 20.3781 -0.3763 -2.2664 -4.0761 -7.2175 7.9052 -14.0797 -11.6867 -0.1284 -0.0513 0.1523 0.5452 -10.6154 -3.6600 -0.7889 -10.5996 3.9861 17.7794 5.5618 -7.3523 -71.3064 -54.0377 -14.2366 -0.4864 -0.7221 -123.6065 13.0603 20.3687 -8.6090 -15.6911 11.2261 16.0456 -61.2197 1.3144 2.2226 0.1184 9.9839 13.2481 65.9740 -26.9484 -37.1093 -0.7145 -1.5199 77.9761 -35.7526 -4.0636 9.0105 13.9947 7.2586 -16.3812 49.9828 -3.8189 -5.5800 16.8685 -41.2524 16.4081 -1.0624 62.8384 -1.3730 -17.4584 -25.3247 -5.7230 1.6414 -1.0905 -1.7985 -16.9586 -57.0565 -21.3485 1.4942 63.0977 1.8532 13.4277 -13.4756 7.2178 -1.4498 0.2601 1.0114
