HIERARCHY
ROOT Hips
{
	OFFSET 0.0000 0.0000 0.0000
	CHANNELS 6 Xposition Yposition Zposition Zrotation Xrotation Yrotation
	JOINT Spine1
	{
		OFFSET -0.0137 5.0038 -0.0537
		CHANNELS 3 Zrotation Xrotation Yrotation
		JOINT Spine2
		{
			OFFSET -0.0000 7.1253 -0.0298
			CHANNELS 3 Zrotation Xrotation Yrotation
			JOINT Chest
			{
				OFFSET -0.0000 7.5501 -0.8160
				CHANNELS 3 Zrotation Xrotation Yrotation
				JOINT Neck1
				{
					OFFSET -0.1817 26.3113 -0.5533
					CHANNELS 3 Zrotation Xrotation Yrotation
					JOINT Neck2
					{
						OFFSET -0.0000 7.7094 2.3026
						CHANNELS 3 Zrotation Xrotation Yrotation
						JOINT Head
						{
							OFFSET -0.0000 6.1289 1.9537
							CHANNELS 3 Zrotation Xrotation Yrotation
							JOINT Jaw
							{
								OFFSET 0.0026 0.4756 3.0949
								CHANNELS 3 Zrotation Xrotation Yrotation
								End Site
								{
									OFFSET 0.0 1.0 0.0
								}
							}
							JOINT LeftEye
							{
								OFFSET 3.2064 5.3802 7.5869
								CHANNELS 3 Zrotation Xrotation Yrotation
								End Site
								{
									OFFSET 0.0 1.0 0.0
								}
							}
							JOINT RightEye
							{
								OFFSET -3.2224 5.3619 7.5582
								CHANNELS 3 Zrotation Xrotation Yrotation
								End Site
								{
									OFFSET 0.0 1.0 0.0
								}
							}
						}
					}
				}
				JOINT LeftShoulder
				{
					OFFSET 1.6217 23.2372 5.1134
					CHANNELS 3 Zrotation Xrotation Yrotation
					JOINT LeftArm
					{
						OFFSET 14.9198 0.0000 -5.5023
						CHANNELS 3 Zrotation Xrotation Yrotation
						JOINT LeftForeArm
						{
							OFFSET 28.7393 0.0000 -0.0026
							CHANNELS 3 Zrotation Xrotation Yrotation
							JOINT LeftHand
							{
								OFFSET 27.0940 -0.0000 0.0026
								CHANNELS 3 Zrotation Xrotation Yrotation
								JOINT LeftHandThumbEnd
								{
									OFFSET 12.2686 -3.2202 4.8331
									CHANNELS 3 Zrotation Xrotation Yrotation
									End Site
									{
										OFFSET 0.0 1.0 0.0
									}
								}
								JOINT LeftHandMiddleEnd
								{
									OFFSET 19.0120 -0.3129 -0.0340
									CHANNELS 3 Zrotation Xrotation Yrotation
									End Site
									{
										OFFSET 0.0 1.0 0.0
									}
								}
							}
						}
					}
				}
				JOINT RightShoulder
				{
					OFFSET -1.3801 23.1803 5.2142
					CHANNELS 3 Zrotation Xrotation Yrotation
					JOINT RightArm
					{
						OFFSET -15.0372 0.0000 -5.5456
						CHANNELS 3 Zrotation Xrotation Yrotation
						JOINT RightForeArm
						{
							OFFSET -28.7366 0.0000 -0.0026
							CHANNELS 3 Zrotation Xrotation Yrotation
							JOINT RightHand
							{
								OFFSET -27.1336 -0.0000 0.0026
								CHANNELS 3 Zrotation Xrotation Yrotation
								JOINT RightHandThumbEnd
								{
									OFFSET -12.2642 -3.2115 4.8040
									CHANNELS 3 Zrotation Xrotation Yrotation
									End Site
									{
										OFFSET 0.0 1.0 0.0
									}
								}
								JOINT RightHandMiddleEnd
								{
									OFFSET -19.0006 -0.3066 -0.0316
									CHANNELS 3 Zrotation Xrotation Yrotation
									End Site
									{
										OFFSET 0.0 1.0 0.0
									}
								}
							}
						}
					}
				}
			}
		}
	}
	JOINT LeftLeg
	{
		OFFSET 10.0432 -8.4345 2.5957
		CHANNELS 3 Zrotation Xrotation Yrotation
		JOINT LeftShin
		{
			OFFSET -0.0000 -43.2218 -0.8029
			CHANNELS 3 Zrotation Xrotation Yrotation
			JOINT LeftFoot
			{
				OFFSET 0.0000 -42.1551 -3.4815
				CHANNELS 3 Zrotation Xrotation Yrotation
				JOINT LeftToeBase
				{
					OFFSET 0.0000 -5.0595 13.2315
					CHANNELS 3 Zrotation Xrotation Yrotation
					End Site
					{
						OFFSET 0.0 1.0 0.0
					}
				}
			}
		}
	}
	JOINT RightLeg
	{
		OFFSET -10.0473 -8.2953 2.6203
		CHANNELS 3 Zrotation Xrotation Yrotation
		JOINT RightShin
		{
			OFFSET 0.0000 -43.3622 -0.8056
			CHANNELS 3 Zrotation Xrotation Yrotation
			JOINT RightFoot
			{
				OFFSET 0.0000 -42.1174 -3.4784
				CHANNELS 3 Zrotation Xrotation Yrotation
				JOINT RightToeBase
				{
					OFFSET -0.0000 -5.0796 13.2842
					CHANNELS 3 Zrotation Xrotation Yrotation
					End Site
					{
						OFFSET 0.0 1.0 0.0
					}
				}
			}
		}
	}
}
MOTION
Frames: 240
Frame Time: 0.033333
-2.3431 99.2008 3.4259 -0.3659 3.3488 0.2703 3.4983 -2.4342 0.5196 -0.0578 -4.9735 2.8104 -3.0282 9.9563 0.0128 -1.5834 -6.4352 2.6890 0.1387 -3.5571 2.4109 -2.6890 -8.1181 3.0826 0.0335 -0.0035 -0.0523 0.7494 -10.5886 -3.9430 -0.6915 -10.6059 3.8415 -23.9877 9.0511 -8.0015 -61.5489 11.6978 -3.7762 -0.3832 0.1825 -22.1205 12.5969 -28.3020 -0.3713 -14.8060 10.9899 15.5195 -59.9608 1.3494 2.1014 17.0596 7.1376 17.4438 51.6689 1.3245 16.4556 0.5146 -0.2092 37.5016 -7.7530 -15.0251 7.8702 15.0843 7.4928 -15.7395 49.7741 -3.1371 -4.8196 6.2855 -26.4305 -1.3205 0.0015 18.9419 -0.1800 -4.2048 -1.6660 9.7766 1.6515 -3.4961 -2.0975 1.9190 1.3346 8.1132 -0.1146 6.7925 0.1159 -0.2993 -10.0738 -4.7100 -1.4387 0.3842 1.1343
-2.8605 99.5205 0.6378 -0.5969 3.1515 0.9207 3.5170 -2.2362 0.5413 -0.0438 -4.9390 2.7343 -2.8754 9.9861 -0.1216 -1.2924 -6.5332 2.6262 0.0095 -3.5405 2.2201 -2.7982 -8.6248 2.6884 0.0401 -0.0073 -0.0049 0.7663 -10.5566 -3.8910 -0.6932 -10.5769 3.8787 -23.5863 9.3356 -8.2061 -62.1931 10.9252 -3.9337 -0.5796 0.1422 -21.5260 11.4857 -27.4996 0.2356 -14.8576 11.0234 15.5046 -59.9174 1.4038 2.1413 17.4754 7.2549 17.2006 51.9412 2.0254 15.6940 0.4135 -0.1222 37.2169 -7.2522 -15.4489 8.0862 15.2389 7.4679 -15.8350 49.6947 -3.1847 -4.8956 6.5062 -24.3973 -2.0280 -0.0497 22.3679 -0.2551 -4.6527 -3.8085 10.2348 1.6819 -3.5504 -2.1328 2.2997 -0.5937 7.6956 -0.0853 7.3289 0.1445 -0.2635 -9.0364 -5.3378 -1.4406 0.6353 1.1008
-3.1868 99.6899 -1.9058 -0.7433 3.0453 1.5962 3.4626 -2.2313 0.5637 -0.0411 -4.9974 2.6038 -2.6973 10.0542 -0.1496 -0.9826 -6.3991 2.6205 -0.1135 -3.5095 1.9503 -3.0137 -8.8549 2.3609 0.0431 -0.0019 0.0011 0.7580 -10.5295 -3.8765 -0.6773 -10.5346 3.8727 -23.3717 9.5696 -8.4760 -62.3557 10.7684 -4.2305 -0.5701 0.1058 -22.0871 10.4541 -27.0603 0.7236 -14.8448 11.0684 15.5681 -59.9654 1.3224 2.2267 18.0339 7.3550 16.9504 52.2255 3.1222 14.7783 0.2730 -0.0406 36.1814 -6.7484 -15.9249 7.8665 15.3619 7.4275 -15.9272 49.6891 -3.2718 -5.0114 6.4980 -22.3370 -2.3790 -0.0870 26.7801 -0.3105 -4.8281 -5.8372 10.7153 1.7234 -3.4841 -2.1630 2.4817 -2.3165 7.0327 -0.0688 7.6119 0.1135 -0.1371 -8.0498 -5.5320 -1.4443 0.6031 1.0644
-3.4709 99.8174 -4.3275 -0.9138 3.0374 2.1322 3.4000 -2.3756 0.6294 -0.0258 -5.1395 2.4368 -2.4841 10.1214 -0.1274 -0.7502 -6.1746 2.6935 -0.2196 -3.4887 1.7675 -3.1701 -8.8576 2.1127 0.0381 0.0035 -0.0155 0.7386 -10.5408 -3.8886 -0.6659 -10.5254 3.8535 -23.3624 9.7107 -8.6274 -61.9585 10.9376 -4.5732 -0.5374 0.0733 -23.1774 9.8539 -26.9875 0.9081 -14.8387 11.0820 15.6143 -60.0783 1.2790 2.2464 18.6364 7.4163 16.8468 52.6113 4.4021 13.8253 0.2488 -0.0303 34.1019 -6.1985 -16.0049 7.1172 15.4735 7.4042 -16.0554 49.7769 -3.3402 -5.1088 6.4389 -20.0844 -2.2028 -0.0944 31.6977 -0.3460 -4.6615 -7.6550 11.3173 1.7722 -3.4633 -2.1861 2.5971 -3.9757 6.2454 -0.0686 7.7026 0.0716 0.0596 -7.0048 -5.3694 -1.4468 0.4184 1.0310
-3.7071 99.8972 -6.6155 -1.0833 3.1741 2.6249 3.3089 -2.6868 0.6992 -0.0035 -5.3354 2.2573 -2.2386 10.1557 -0.0826 -0.5859 -5.9547 2.7855 -0.3156 -3.4864 1.6484 -3.2682 -8.7054 1.9750 0.0282 0.0123 -0.0432 0.7298 -10.5496 -3.9131 -0.6757 -10.5206 3.8247 -23.5342 9.7398 -8.7342 -61.0280 11.1812 -4.9702 -0.5347 0.0260 -24.1241 9.5644 -26.9814 0.9619 -14.8613 11.0992 15.6427 -60.2029 1.2806 2.2369 19.2599 7.4229 16.8052 53.1453 5.6722 12.9421 0.3121 -0.0595 30.8264 -5.5462 -15.4065 5.6779 15.5976 7.3520 -16.1597 49.8716 -3.4230 -5.1512 6.3563 -17.5185 -1.5176 -0.0636 36.2880 -0.3614 -4.2182 -8.8131 11.7484 1.8089 -3.4812 -2.1813 2.6618 -5.7130 5.4306 -0.0495 7.7093 0.0208 0.3146 -5.8901 -5.0654 -1.4430 0.2393 1.0082
-3.9447 99.9275 -8.8720 -1.3214 3.3813 3.1789 3.2313 -3.0865 0.7805 0.0092 -5.5470 1.9829 -1.9251 10.1393 -0.0677 -0.4495 -5.7950 2.8838 -0.4050 -3.5016 1.5998 -3.3398 -8.4135 1.9002 0.0202 0.0142 -0.0682 0.7343 -10.5651 -3.9345 -0.6944 -10.5310 3.7996 -23.7367 9.6242 -8.8730 -59.8039 11.5367 -5.5014 -0.5353 -0.0057 -24.7273 9.3808 -26.8076 1.1467 -14.8763 11.1080 15.6764 -60.2826 1.2876 2.2643 19.8876 7.4131 16.7489 53.7841 6.8963 12.0724 0.4753 -0.0862 27.0444 -4.9899 -14.6537 3.9179 15.7077 7.2626 -16.2051 49.8826 -3.5445 -5.1333 6.5106 -14.4661 -0.5120 -0.0531 39.6660 -0.4404 -4.1095 -9.0735 11.6956 1.8281 -3.4794 -2.1559 2.7823 -7.5580 4.7292 -0.0218 7.8588 -0.0495 0.6641 -4.7426 -4.8461 -1.4352 0.0926 1.0128
-4.1601 99.8836 -11.1577 -1.6230 3.5694 3.8638 3.1788 -3.4826 0.7779 0.0140 -5.7491 1.6573 -1.5626 10.0943 -0.1565 -0.2965 -5.6830 2.9262 -0.4755 -3.5147 1.5736 -3.3792 -8.1240 1.9563 0.0124 0.0120 -0.0842 0.7417 -10.5778 -3.9459 -0.7158 -10.5372 3.7810 -23.7478 9.4140 -9.1098 -58.6529 12.0009 -6.2923 -0.5178 -0.0066 -25.1748 9.2796 -26.5349 1.3849 -14.9373 11.0995 15.6910 -60.3348 1.2939 2.2474 20.4216 7.4315 16.5097 54.5698 8.1847 11.2756 0.5795 -0.0829 23.8005 -4.5846 -14.2454 2.3657 15.7666 7.1744 -16.1933 49.7946 -3.6499 -5.1080 7.0119 -10.9406 0.5497 -0.0735 41.4967 -0.6520 -4.8796 -8.4467 10.3548 1.8368 -3.5700 -2.1275 2.9468 -9.5007 4.1466 -0.0049 8.3192 -0.1274 1.0364 -3.6992 -4.8105 -1.4258 -0.0028 1.0150
-4.2552 99.7863 -13.5211 -1.9024 3.7543 4.7058 3.0829 -3.8864 0.6993 0.0022 -5.9435 1.2759 -1.1933 10.0746 -0.3824 -0.0413 -5.6666 2.9205 -0.5176 -3.5116 1.5360 -3.4642 -7.8408 2.1841 0.0044 0.0074 -0.0942 0.7430 -10.5793 -3.9505 -0.7319 -10.5366 3.7669 -23.6198 9.1564 -9.4968 -57.5789 12.4296 -7.1389 -0.4914 -0.0058 -25.6910 9.4243 -26.5464 1.5038 -15.0368 11.0378 15.6610 -60.3254 1.2675 2.1697 20.9912 7.4524 16.0616 55.3083 9.5891 10.3754 0.5461 -0.0370 21.7979 -4.4635 -14.4806 1.3615 15.7745 7.1322 -16.1890 49.7065 -3.7591 -5.0787 7.7526 -7.0963 1.3888 -0.0808 41.7254 -0.9093 -6.3026 -6.9115 7.7164 1.8431 -3.8569 -2.1029 3.0370 -11.6232 3.6961 0.0003 9.1271 -0.2035 1.3859 -2.6919 -4.9427 -1.4175 -0.0569 1.0108
-4.2920 99.6330 -16.0456 -2.1212 3.9538 5.6779 2.9038 -4.2861 0.5590 -0.0415 -6.0978 0.8339 -0.8099 10.0591 -0.7013 0.3321 -5.7033 2.8273 -0.5181 -3.5062 1.4886 -3.5967 -7.5776 2.4602 -0.0010 0.0030 -0.0945 0.7444 -10.5835 -3.9459 -0.7429 -10.5428 3.7624 -23.3538 8.8844 -9.9983 -56.6332 12.6143 -7.9782 -0.4763 -0.0224 -26.2886 9.9443 -27.0072 1.4478 -15.1472 10.9301 15.6102 -60.2470 1.2188 2.1046 21.6044 7.4789 15.4309 55.8799 11.0221 9.2678 0.4158 0.0142 21.1724 -4.7961 -15.6233 1.1629 15.7866 7.1348 -16.2062 49.7002 -3.8430 -5.0484 8.5938 -3.1890 1.8847 -0.0524 40.6847 -1.1285 -8.2818 -4.7368 3.6696 1.8462 -4.4151 -2.0737 2.9692 -13.9375 3.3562 -0.0015 10.1822 -0.2616 1.7422 -1.6690 -5.2808 -1.4130 -0.0254 1.0099
-4.2531 99.4359 -18.7269 -2.2618 4.1736 6.7877 2.6338 -4.7042 0.3518 -0.1092 -6.2164 0.3583 -0.4389 10.0540 -1.0833 0.8314 -5.7223 2.5973 -0.4699 -3.4984 1.5573 -3.7912 -7.2989 2.7348 -0.0045 -0.0002 -0.0888 0.7485 -10.5887 -3.9408 -0.7534 -10.5548 3.7679 -22.9652 8.6355 -10.5526 -55.8711 12.5257 -8.8640 -0.4281 -0.0236 -26.9257 10.7798 -27.7124 1.2576 -15.2171 10.8301 15.5729 -60.0952 1.1582 2.0661 22.2269 7.4581 14.6700 56.3488 12.4368 8.0082 0.2255 0.0523 21.5864 -5.6619 -17.3039 1.6821 15.8218 7.1497 -16.2463 49.7728 -3.8844 -5.0575 9.3777 0.5883 1.9723 0.0019 38.5429 -1.2525 -10.9817 -2.5893 -1.7968 1.8457 -4.9989 -2.0300 2.7242 -16.3867 3.0330 -0.0128 11.3490 -0.2656 2.1530 -0.5137 -5.8686 -1.4105 0.0891 1.0272
-4.0880 99.2424 -21.5605 -2.2324 4.3415 8.0686 2.2089 -5.0883 0.1352 -0.2036 -6.3237 -0.1438 -0.1323 10.1355 -1.5038 1.4858 -5.7053 2.2377 -0.4132 -3.4848 1.7115 -4.0374 -6.9590 2.9130 0.0014 -0.0081 -0.0477 0.7587 -10.6035 -3.9036 -0.7507 -10.5771 3.8097 -22.4508 8.4780 -11.2157 -55.3052 11.9488 -9.7681 -0.3529 -0.0199 -27.6592 11.7823 -28.4368 1.0718 -15.2938 10.6952 15.5334 -59.9756 1.1016 2.0788 22.7897 7.4666 13.8059 56.8444 13.6382 6.7554 0.0310 0.0985 22.5227 -7.0064 -19.2336 2.7257 15.8731 7.1798 -16.3209 49.9190 -3.8925 -5.0737 9.7763 4.0505 1.7163 0.0564 35.2662 -1.2724 -13.5988 -0.3411 -7.5166 1.8384 -5.6350 -1.9898 2.1665 -18.7295 2.6936 -0.0162 12.2447 -0.2068 2.6375 0.9965 -6.7005 -1.4082 0.1945 1.0609
-3.8230 99.0655 -24.5848 -2.0611 4.3807 9.5125 1.6846 -5.3470 -0.0548 -0.3247 -6.4004 -0.6229 0.0723 10.2829 -1.9266 2.2818 -5.5063 1.8657 -0.3860 -3.4903 1.7799 -4.2778 -6.6313 2.8861 0.0115 -0.0130 0.0028 0.7712 -10.6277 -3.8604 -0.7418 -10.6057 3.8624 -21.7406 8.4502 -11.9271 -55.0650 10.9941 -10.8970 -0.1967 -0.0091 -28.6833 12.7011 -28.9003 0.8392 -15.3106 10.5942 15.5691 -59.8980 1.0707 2.1255 23.1118 7.5159 12.9395 57.6529 14.5551 5.9492 -0.1938 0.1784 23.2978 -8.2994 -21.0807 3.7671 15.9031 7.2265 -16.4157 50.0709 -3.9120 -5.0846 9.6738 6.8461 1.3242 0.0913 31.3252 -1.2314 -14.9764 1.6063 -11.9280 1.8337 -6.7850 -1.9850 1.2702 -20.7037 2.4820 -0.0094 12.5425 -0.1557 3.2521 2.9628 -7.6439 -1.4060 0.2309 1.0965
-3.5116 98.8613 -27.8346 -1.9119 4.2680 10.9768 1.1949 -5.4143 -0.2481 -0.4395 -6.4526 -0.9982 0.2527 10.4715 -2.3088 3.0708 -5.0673 1.5691 -0.4180 -3.5158 1.6175 -4.4512 -6.4010 2.6281 0.0179 -0.0060 0.0389 0.7746 -10.6455 -3.8322 -0.7320 -10.6268 3.9009 -20.9592 8.5282 -12.5508 -55.0443 9.8047 -12.3065 0.0368 -0.0240 -30.2190 13.3134 -28.7151 0.5778 -15.2603 10.5935 15.6609 -59.9181 1.0578 2.1562 23.1743 7.6440 12.1927 58.7892 15.2381 5.8822 -0.4667 0.2882 23.5886 -9.0878 -22.6210 4.4658 15.8698 7.2821 -16.4590 50.1060 -3.9326 -5.0918 9.2738 8.8024 1.1563 0.1113 27.2430 -1.1589 -14.4036 2.4650 -14.2605 1.8674 -8.9868 -2.0298 0.1792 -22.2428 2.5232 -0.0078 12.1009 -0.1421 3.9625 5.3346 -8.5483 -1.4031 0.2094 1.1232
-3.1234 98.4996 -31.5279 -1.8198 3.9924 12.3517 0.7440 -5.2941 -0.5089 -0.5488 -6.4751 -1.2821 0.4762 10.7522 -2.5210 3.7404 -4.4999 1.2594 -0.4329 -3.6008 1.2205 -4.5032 -6.3323 2.4953 0.0128 -0.0137 0.0344 0.7612 -10.6974 -3.8441 -0.7286 -10.6490 3.9049 -20.2745 8.6926 -13.0335 -54.9853 8.4981 -13.9477 0.2069 -0.0388 -32.1954 13.5432 -28.2301 0.3101 -15.2833 10.7195 15.7964 -60.0739 1.1489 2.1918 23.1496 7.9486 11.7542 59.9575 15.5066 6.2717 -0.5592 0.2955 23.3021 -9.1871 -23.9541 4.9651 15.7703 7.3848 -16.4582 49.9419 -4.0792 -5.0808 8.6162 10.0781 1.4194 0.0512 23.1701 -1.1012 -10.7324 1.5676 -13.3731 1.9495 -13.3795 -2.1039 -1.1343 -23.3009 2.9987 -0.0571 10.8216 -0.0758 5.0508 8.1499 -9.6644 -1.3885 -0.0906 1.0997
-2.6762 98.0771 -35.4930 -1.8058 3.6506 13.2167 0.4496 -5.0697 -0.5470 -0.5574 -6.4249 -1.3980 0.5681 11.0395 -2.7402 4.2375 -3.7891 1.1357 -0.5312 -3.6490 0.9188 -4.3761 -6.4189 1.9525 0.0128 -0.0013 0.0308 0.7686 -10.6782 -3.8476 -0.7363 -10.6429 3.9048 -19.7210 8.6792 -13.2689 -54.7964 7.4555 -15.7591 0.1811 -0.0266 -34.6730 13.5211 -27.6970 0.3114 -15.3136 10.7230 15.9002 -59.9993 1.1699 2.3002 23.0841 8.1141 11.5988 61.0482 15.8833 6.8907 -0.4895 0.2962 22.9975 -8.7722 -24.6492 4.8234 15.6834 7.4592 -16.4362 50.1883 -3.9500 -5.0560 7.5970 10.8779 1.7127 0.0375 19.6146 -0.9859 -5.9490 -1.6534 -11.4306 2.0839 -16.0601 -2.2719 -2.5477 -24.2819 3.4968 -0.0197 9.2948 -0.0278 5.9763 10.1491 -9.7026 -1.4093 -0.3109 1.1564
-2.1880 97.5512 -39.5618 -1.5732 3.2063 13.6486 0.0273 -4.7473 -0.4441 -0.6132 -6.3078 -1.4106 0.6024 11.4581 -2.8693 4.6927 -3.1554 0.9943 -0.6614 -3.6924 0.6400 -4.1589 -6.5669 1.5889 0.0135 0.0078 0.0296 0.7615 -10.6518 -3.8406 -0.7287 -10.6339 3.8966 -19.1295 8.5757 -13.3356 -54.6566 6.4516 -17.5155 0.0837 -0.0642 -37.0726 13.6322 -27.6340 0.2115 -15.2956 10.7657 16.0070 -59.9731 1.2093 2.4135 23.2057 8.1442 11.6475 61.9087 16.1518 7.7924 -0.3089 0.3000 22.2896 -7.8552 -24.8823 4.2887 15.5633 7.4983 -16.4342 50.2115 -3.9551 -5.1463 6.1578 11.3178 1.5656 0.0458 16.7643 -0.8768 -2.8261 -5.6662 -9.7214 2.0767 -15.7974 -2.3153 -4.0802 -24.8045 3.7015 0.0283 7.0290 0.0553 7.1713 11.8657 -8.6598 -1.4119 -0.8915 1.2255
-1.7284 97.0566 -43.7068 -0.9192 2.5792 13.5559 -0.7164 -4.2899 -0.2340 -0.6623 -6.0988 -1.3526 0.4484 11.9962 -2.8537 5.1705 -2.6431 0.8317 -0.7390 -3.6875 0.6761 -3.8645 -6.7854 1.2131 0.0255 0.0341 0.0673 0.7687 -10.6230 -3.7957 -0.7156 -10.6066 3.9218 -18.3543 8.5038 -13.2968 -54.5425 5.4682 -19.0686 -0.0653 -0.0819 -39.2583 13.6143 -27.2472 0.4130 -15.3524 10.7602 16.0700 -60.0706 1.1762 2.5035 23.4019 8.1748 11.9603 62.6616 16.2382 8.9623 -0.2579 0.2857 21.3898 -6.2722 -24.9805 3.1587 15.5323 7.4998 -16.4211 50.3332 -3.8578 -5.1961 4.1827 11.4217 1.0973 -0.0155 14.6302 -0.7486 -1.3832 -9.8754 -8.5751 1.9866 -13.3255 -2.2576 -5.7612 -25.1022 3.4337 0.0753 4.3385 0.0245 8.4228 12.2256 -7.1234 -1.4097 -1.6885 1.2534
-1.2908 96.5726 -47.6359 0.2985 1.7710 13.0884 -1.7867 -3.6212 0.0294 -0.7938 -5.7810 -1.1931 0.0568 12.3892 -2.7103 5.6524 -2.0973 0.6877 -0.7375 -3.6210 0.6646 -3.5978 -7.1817 0.9024 0.0382 0.0607 0.1035 0.7858 -10.5711 -3.7540 -0.7082 -10.5628 3.9511 -17.3650 8.6257 -13.2065 -54.4390 4.7156 -20.8233 -0.0941 -0.0502 -40.8959 13.2980 -27.3192 0.6110 -15.3467 10.6961 15.9983 -59.9631 1.1843 2.5913 23.3290 8.3154 12.2169 63.3733 15.6772 9.6317 -0.0801 0.2782 20.4237 -4.5392 -24.3105 1.7761 15.4844 7.4972 -16.3600 50.2218 -3.7634 -5.2428 1.4670 11.3737 0.0952 -0.0544 12.8499 -0.5833 -0.5839 -13.7348 -7.1524 1.8820 -8.9299 -2.1319 -7.5237 -25.5181 2.7637 0.1020 2.2130 -0.0044 9.1234 9.1336 -6.1146 -1.3763 -2.8031 1.2917
-0.9850 96.1249 -51.2883 1.9005 0.8967 12.2856 -3.0906 -2.9064 0.1958 -0.9553 -5.4380 -1.0090 -0.5133 12.7001 -2.4728 5.8774 -1.5692 0.5613 -0.6699 -3.5629 0.6389 -3.1765 -7.6382 0.8705 0.0439 0.0845 0.0996 0.7885 -10.5415 -3.7614 -0.7008 -10.5347 3.9507 -16.6689 8.7561 -13.1138 -53.8490 4.6245 -22.4057 0.0289 0.0416 -41.9574 12.3642 -27.4270 1.1978 -15.2589 10.7045 15.9321 -59.9145 1.2525 2.5889 23.1385 8.4782 12.4257 63.8232 14.7214 9.5892 0.0168 0.2788 19.7885 -3.8271 -24.2521 1.0218 15.5210 7.4870 -16.3120 50.0732 -3.6906 -5.1896 -1.6133 11.2151 -1.1595 -0.0931 11.0739 -0.4158 -0.2169 -16.2524 -5.4797 1.8128 -5.0658 -2.0339 -9.1283 -26.2462 1.9302 0.1135 1.4425 -0.0728 8.4048 3.8575 -6.1362 -1.3450 -3.5957 1.2600
-0.7641 95.9492 -54.8033 3.2920 0.0522 11.0776 -4.1013 -2.3147 0.2769 -1.0799 -5.1752 -0.7755 -1.1149 13.0673 -2.2365 5.6739 -1.2235 0.5502 -0.6544 -3.5596 0.5720 -2.7689 -7.8879 1.0352 0.0432 0.0798 0.0497 0.7859 -10.5516 -3.8173 -0.7005 -10.5450 3.9094 -17.0115 8.7089 -13.0772 -52.3642 5.2212 -23.4547 0.2563 0.1567 -41.7858 11.0913 -26.8835 1.9476 -15.0986 10.8038 15.8590 -59.9519 1.3888 2.3727 23.1528 8.6109 12.6614 63.6299 13.7382 9.2436 -0.0514 0.2507 19.5827 -4.4800 -25.1796 1.1884 15.5831 7.4760 -16.3364 49.9815 -3.6555 -5.1652 -4.4390 11.1868 -2.5377 -0.0904 8.7136 -0.2498 0.0146 -16.9796 -3.2651 1.7709 -2.4806 -1.9750 -9.9206 -26.9875 1.0049 0.1097 2.4652 -0.1016 6.2184 0.2678 -7.1702 -1.3503 -3.9207 1.2324
-0.5871 96.2219 -58.2201 4.0532 -0.6684 9.4217 -4.6107 -1.9256 0.3407 -1.0994 -5.0259 -0.4825 -1.4473 13.4455 -2.0759 5.0318 -0.9219 0.8970 -0.5775 -3.6090 0.6143 -2.6143 -7.9376 1.2741 0.0329 0.0708 -0.0402 0.7705 -10.5607 -3.9039 -0.7054 -10.5517 3.8205 -18.1499 8.5533 -13.0067 -50.6146 5.8118 -23.6527 0.4123 0.1667 -39.9665 10.0770 -25.8239 2.8769 -15.1362 10.8811 15.7821 -60.0502 1.4982 2.0450 23.3315 8.6237 13.0950 62.7817 13.0257 9.1218 -0.0972 0.1880 19.6210 -5.5164 -25.8130 1.7245 15.5506 7.3807 -16.3241 49.9227 -3.7391 -5.1747 -6.5193 11.0544 -3.8270 -0.0343 6.1183 -0.0784 0.4273 -15.8489 -0.7432 1.7183 -1.4961 -1.9964 -9.7744 -27.5953 0.2989 0.1464 5.8871 -0.0709 4.0163 -1.1375 -8.0464 -1.3947 -4.2104 1.2130
-0.4621 96.8416 -61.4943 4.3086 -1.3022 7.6521 -4.6663 -1.5435 0.3536 -1.1097 -4.9025 -0.2354 -1.6256 13.5174 -1.9539 4.1835 -0.5254 1.2337 -0.4402 -3.5664 0.9162 -2.6276 -8.3394 1.7301 0.0279 0.0639 -0.0922 0.7673 -10.5740 -3.9531 -0.7123 -10.5727 3.7680 -18.6686 8.3920 -12.8991 -50.0295 5.7053 -23.0347 0.4200 0.1973 -36.5686 9.9413 -25.4314 3.6586 -15.2375 10.8012 15.6732 -60.0348 1.4469 2.0051 23.1240 8.7152 13.5390 62.0475 12.2698 9.5466 0.0185 0.1737 19.3727 -5.9201 -25.5632 1.9677 15.5330 7.3229 -16.3747 49.8088 -3.7277 -5.1889 -7.6058 10.5735 -4.2833 -0.0074 4.2460 0.0847 0.6779 -13.5475 1.1953 1.7012 -1.2524 -2.0063 -9.1006 -27.8113 -0.2205 0.1999 11.0726 0.0969 2.8660 -1.3200 -8.0148 -1.4144 -4.1491 1.2080
-0.4354 97.4685 -64.5730 4.0229 -1.8205 6.1006 -4.4831 -1.2039 0.2518 -1.0958 -4.7552 -0.1114 -1.5111 13.2658 -1.8613 3.2685 -0.1329 1.5537 -0.1988 -3.5245 1.2973 -2.6516 -8.6771 2.3197 0.0236 0.0670 -0.1057 0.7734 -10.5947 -3.9695 -0.7272 -10.5982 3.7574 -18.5840 8.5698 -12.9286 -50.3357 5.2503 -21.5812 0.2778 0.1675 -33.1116 10.1929 -25.8965 4.2059 -15.2656 10.7714 15.6768 -60.0095 1.4028 2.0972 22.5259 8.8448 13.8995 61.5727 11.6126 10.3491 0.1330 0.1552 19.2665 -5.3972 -24.3375 1.7856 15.5051 7.3184 -16.4004 49.7372 -3.6895 -5.2231 -7.6828 9.8583 -3.9046 -0.0009 3.0619 0.1346 0.8417 -11.2990 2.4370 1.6926 -1.2105 -2.0267 -8.2300 -27.3099 -0.2345 0.2445 16.9114 0.2925 2.5661 -1.5431 -7.2680 -1.4191 -3.8791 1.1826
-0.6134 98.0532 -67.4634 3.5067 -2.0004 4.9224 -4.2095 -1.0798 0.1735 -1.0574 -4.6844 -0.0934 -1.3767 12.9260 -1.8026 2.5313 0.0137 1.7943 0.0019 -3.5042 1.7051 -2.6444 -8.6248 2.8242 0.0226 0.0718 -0.1041 0.7725 -10.6045 -3.9719 -0.7276 -10.6158 3.7651 -18.6046 8.6986 -13.0160 -50.5377 5.8407 -19.7370 0.0521 0.0918 -30.9130 9.8753 -26.3581 4.4576 -15.3065 10.8017 15.7018 -60.0280 1.3865 2.1654 22.2288 8.8355 14.1424 60.8968 11.1595 10.7816 0.0991 0.1535 19.8279 -4.8863 -23.2242 1.8555 15.5040 7.3973 -16.4179 49.7569 -3.6514 -5.2280 -7.1654 8.6079 -3.1457 -0.0104 2.5238 0.1370 0.9278 -9.4604 3.0916 1.6893 -1.1187 -1.9991 -7.4799 -26.4748 0.3938 0.1980 22.9877 0.3979 2.2489 -2.5621 -6.7107 -1.4273 -3.6107 1.1762
-0.8879 98.5070 -70.0781 3.1577 -1.9785 4.0487 -4.0032 -1.1254 0.0865 -1.0315 -4.6614 -0.0652 -1.3931 12.6096 -1.7465 1.9423 -0.0019 1.9559 0.1081 -3.5081 2.0313 -2.6165 -8.3554 3.2084 0.0253 0.0769 -0.1027 0.7702 -10.5989 -3.9730 -0.7201 -10.6157 3.7670 -18.8572 8.8445 -13.0532 -50.4865 7.1643 -17.7959 -0.1850 0.0540 -29.6888 9.1956 -26.3945 4.5360 -15.3785 10.8123 15.7016 -60.0795 1.3691 2.2506 22.0746 8.8076 14.2874 60.1850 10.5128 10.7193 -0.0042 0.1516 20.9261 -4.9047 -22.4604 2.3785 15.5571 7.4863 -16.4440 49.9627 -3.5743 -5.1716 -6.6530 7.0435 -2.3397 -0.0199 2.3372 0.1260 0.9278 -7.9381 3.3759 1.6898 -0.9721 -1.9476 -7.0565 -25.4238 1.2436 0.1129 29.3735 0.4224 1.9843 -4.1947 -6.6812 -1.4431 -3.4344 1.1717
-1.2276 98.7990 -72.6077 3.1445 -1.8808 3.2944 -3.8814 -1.2757 0.0298 -1.0377 -4.7025 0.0366 -1.5998 12.3495 -1.6617 1.4369 -0.0255 2.1339 0.1403 -3.5060 2.1669 -2.6277 -7.9710 3.5437 0.0292 0.0802 -0.1045 0.7650 -10.5860 -3.9752 -0.7077 -10.6044 3.7639 -19.4219 8.9214 -12.9515 -50.3045 8.5196 -15.5141 -0.3964 0.0547 -28.7881 8.9230 -26.3010 4.4457 -15.3582 10.8282 15.7032 -60.0625 1.3362 2.2877 21.9734 8.7500 14.3793 59.4675 9.7500 10.5161 -0.0930 0.1356 22.1776 -5.3279 -21.9392 3.0739 15.5870 7.5223 -16.4740 50.0449 -3.5136 -5.1126 -6.4709 5.3417 -1.5530 -0.0227 2.3668 0.1190 0.9672 -6.5957 3.5209 1.6873 -0.8180 -1.9169 -7.0655 -23.9602 1.9913 0.0237 35.6804 0.3406 1.7372 -5.7639 -6.7326 -1.4631 -3.2695 1.1577
-1.5397 98.9835 -75.0555 3.3320 -1.6775 2.5607 -3.7476 -1.5744 0.0339 -1.0621 -4.8225 0.2477 -1.8909 12.1532 -1.5450 0.8851 -0.0270 2.3547 0.1371 -3.5138 2.2088 -2.6718 -7.3254 3.8112 0.0328 0.0731 -0.1280 0.7584 -10.5743 -3.9939 -0.6949 -10.5931 3.7341 -20.3349 8.9121 -12.7519 -50.0374 9.6396 -12.7713 -0.5307 0.0709 -27.9730 9.2403 -26.2437 4.2863 -15.2797 10.8706 15.7042 -60.0191 1.3201 2.2610 21.9600 8.6601 14.5260 58.6294 8.8730 10.2186 -0.0917 0.0877 23.2790 -5.9611 -21.3888 3.7282 15.6385 7.5389 -16.4895 50.1066 -3.4440 -5.0390 -6.5141 3.3850 -0.7728 -0.0214 2.7051 0.1222 1.0563 -5.3606 3.6624 1.6780 -0.7060 -1.9189 -7.3965 -21.9066 2.5204 -0.0662 41.5084 0.1547 1.4888 -6.8822 -6.7286 -1.4795 -3.1955 1.1347
-1.8884 99.0641 -77.4728 3.6321 -1.3963 1.8219 -3.5792 -1.9720 0.0773 -1.0748 -5.0004 0.5421 -2.2069 11.9862 -1.3681 0.2934 -0.0183 2.5572 0.1082 -3.5304 2.2402 -2.7077 -6.5158 3.9674 0.0363 0.0589 -0.1503 0.7617 -10.5793 -4.0141 -0.6925 -10.5950 3.7101 -21.3901 8.7950 -12.3966 -49.8674 10.7231 -9.9843 -0.4544 0.1232 -27.4061 9.7634 -26.2783 4.1204 -15.2006 10.9194 15.7062 -60.0084 1.3431 2.2043 21.9499 8.5162 14.7691 57.7943 7.9882 9.9080 -0.0336 0.0374 24.1646 -6.7150 -21.0100 4.2834 15.6467 7.5485 -16.4968 50.1202 -3.3925 -4.9243 -6.6876 1.1338 -0.0213 -0.0038 3.4740 0.1388 1.1679 -4.2999 3.8380 1.6674 -0.5837 -1.9318 -8.0039 -19.1818 2.7290 -0.1259 46.3447 -0.0321 1.5616 -7.7368 -6.4821 -1.4982 -3.1801 1.1226
-2.2190 99.0627 -79.9701 3.8862 -1.0167 1.0934 -3.3553 -2.4345 0.1177 -1.0585 -5.2008 0.9222 -2.4431 11.7959 -1.1352 -0.2896 -0.0580 2.7266 0.0841 -3.5498 2.2110 -2.7263 -5.7503 4.0841 0.0376 0.0465 -0.1605 0.7677 -10.5869 -4.0236 -0.6976 -10.5980 3.6964 -22.3535 8.6350 -11.8194 -49.9348 11.7024 -7.4166 -0.2926 0.1907 -27.1864 10.1688 -26.2849 3.9532 -15.1539 10.9724 15.7203 -60.0502 1.3656 2.1049 21.9196 8.3438 15.0757 57.0366 7.2252 9.7507 -0.0033 0.0042 24.8610 -7.2445 -20.6725 4.6049 15.6559 7.5638 -16.5093 50.1639 -3.3322 -4.8261 -6.7957 -1.4030 0.6810 0.0189 4.6166 0.1649 1.2325 -3.4029 3.9907 1.6573 -0.4914 -1.9303 -8.6468 -15.8955 2.5156 -0.1091 49.4753 -0.0643 2.0956 -8.0076 -5.4319 -1.5165 -3.3443 1.1348
-2.6072 99.0479 -82.5425 4.0022 -0.5594 0.4483 -3.0593 -2.8960 0.1800 -1.0125 -5.4171 1.2674 -2.5733 11.5849 -0.8371 -0.7662 -0.1494 2.8790 0.0719 -3.5795 2.1617 -2.7716 -5.1428 4.0882 0.0390 0.0311 -0.1440 0.7680 -10.6162 -4.0097 -0.6962 -10.6217 3.7155 -23.0848 8.4941 -11.1537 -50.3443 12.5875 -5.1334 -0.0803 0.2525 -27.2675 10.3958 -26.4371 3.6938 -15.0967 11.0368 15.7390 -60.1583 1.4027 2.0043 21.9082 8.1159 15.3899 56.3038 6.6813 9.7690 0.0729 -0.0191 25.5305 -7.4402 -20.1516 4.7199 15.6685 7.5966 -16.5231 50.2527 -3.2708 -4.7911 -6.7187 -4.0935 1.3299 0.0363 5.8968 0.1729 1.2234 -2.5448 4.1077 1.6468 -0.4556 -1.9406 -9.1393 -12.3405 2.0240 -0.0442 50.9081 0.0504 2.7359 -7.7455 -3.6276 -1.5354 -3.6511 1.1613
-3.0285 99.0192 -85.1319 3.9591 -0.0519 -0.0872 -2.6873 -3.3523 0.2121 -0.9204 -5.6300 1.5877 -2.6005 11.3726 -0.5313 -1.1830 -0.2743 3.0128 0.0739 -3.6124 2.1141 -2.8259 -4.6791 4.0345 0.0401 0.0129 -0.1127 0.7634 -10.6374 -3.9830 -0.6904 -10.6408 3.7480 -23.6665 8.4522 -10.5412 -51.0187 13.1936 -2.9900 0.0352 0.2860 -27.4540 10.5668 -26.7529 3.4018 -15.0346 11.0923 15.7392 -60.2663 1.4604 1.8869 21.9321 7.9040 15.6678 55.5619 6.2928 9.9647 0.1013 -0.0206 26.3455 -7.3290 -19.4774 4.7550 15.7074 7.6215 -16.5545 50.3863 -3.2047 -4.8350 -6.4086 -6.7558 1.7689 0.0514 6.8591 0.1858 1.1018 -1.4629 4.1910 1.6375 -0.4678 -1.9584 -9.3707 -8.6835 1.4765 0.0275 50.7213 0.2697 3.2691 -6.8655 -1.3655 -1.5357 -4.1605 1.1675
-3.5638 98.9713 -87.8038 3.7999 0.4317 -0.4956 -2.2614 -3.7489 0.2521 -0.8000 -5.8123 1.8769 -2.5782 11.1801 -0.2851 -1.4639 -0.4037 3.1165 0.0791 -3.6382 2.0554 -2.9026 -4.3681 3.9216 0.0436 -0.0083 -0.0797 0.7596 -10.6409 -3.9542 -0.6802 -10.6488 3.7814 -24.0902 8.4999 -10.0122 -51.9448 13.6076 -1.1118 0.1097 0.3262 -27.6909 10.5749 -27.0896 3.2156 -14.9760 11.0937 15.7146 -60.2919 1.4851 1.8346 21.9590 7.7391 15.8776 54.8111 5.9464 10.2598 0.1133 -0.0020 27.3903 -6.9934 -18.7087 4.8775 15.6818 7.5902 -16.5319 50.3896 -3.1945 -4.8747 -5.8962 -9.3065 1.9627 0.0512 7.4345 0.1705 0.7793 -0.0971 4.3116 1.6264 -0.4503 -1.9858 -9.3490 -4.9925 1.2475 0.0613 48.9189 0.4975 4.0056 -5.3019 1.7526 -1.5181 -5.0305 1.1624
-4.1566 98.8223 -90.6039 3.7095 0.8498 -0.8077 -1.8785 -4.0782 0.2962 -0.6814 -5.9834 2.1376 -2.5934 11.0842 -0.0954 -1.5974 -0.4903 3.2042 0.0867 -3.6532 2.0052 -2.9674 -4.2541 3.7913 0.0447 -0.0250 -0.0654 0.7571 -10.6362 -3.9393 -0.6759 -10.6430 3.7918 -24.3773 8.6946 -9.5258 -53.0236 13.8764 0.4468 0.1388 0.3568 -28.1221 10.4188 -27.4711 3.2022 -14.9565 11.0707 15.7208 -60.3317 1.4655 1.9157 21.9252 7.5617 16.0545 54.1157 5.6832 10.6805 0.0895 0.0187 28.6792 -6.6776 -18.0316 5.2833 15.6652 7.5278 -16.4830 50.3218 -3.2575 -4.9290 -5.3718 -11.8478 1.9066 0.0499 7.8814 0.1653 0.2050 1.4031 4.5144 1.6145 -0.3931 -2.0187 -9.1987 -1.2941 1.4845 0.0508 45.6035 0.6614 5.1550 -3.4552 5.8085 -1.4892 -6.6343 1.1561
-4.8401 98.5546 -93.5382 3.7849 1.1794 -1.1018 -1.5545 -4.3225 0.3851 -0.5981 -6.1063 2.3388 -2.6874 11.0881 0.0784 -1.6320 -0.5119 3.2990 0.1094 -3.6393 2.0313 -3.0483 -4.2099 3.6014 0.0431 -0.0295 -0.0780 0.7523 -10.6181 -3.9483 -0.6751 -10.6209 3.7744 -24.7335 8.9010 -9.0698 -53.9029 14.1068 1.6448 0.0485 0.3524 -28.6900 10.2329 -27.8102 3.2148 -14.8915 11.0251 15.7586 -60.3158 1.3745 2.1525 21.9299 7.4382 16.2276 53.3425 5.4112 11.3234 0.0724 0.0421 29.9401 -6.6855 -17.6696 5.8951 15.6295 7.3957 -16.3315 50.0493 -3.3673 -4.9518 -4.9207 -14.3385 1.8057 0.0477 8.2472 0.1824 -0.5448 3.0803 4.6793 1.6022 -0.3133 -2.0420 -8.9118 2.3344 2.1155 -0.0159 40.5780 0.7224 6.1644 -1.8615 9.8143 -1.4923 -9.8569 1.1971
-5.5974 98.1264 -96.6051 3.9507 1.4127 -1.4077 -1.2319 -4.4578 0.4932 -0.5351 -6.1553 2.5256 -2.7746 11.1484 0.2707 -1.7581 -0.4220 3.3442 0.1477 -3.6058 2.1350 -3.1095 -4.3346 3.3244 0.0348 -0.0128 -0.0885 0.7408 -10.6031 -3.9574 -0.6816 -10.5924 3.7656 -25.1307 9.1463 -8.6374 -54.6875 14.2016 2.2988 -0.1463 0.2847 -29.2653 9.9836 -27.8508 3.1694 -14.7403 11.0339 15.8077 -60.2601 1.3190 2.3658 21.7794 7.4015 16.4312 52.6475 5.1936 12.4552 -0.0980 0.0826 30.9511 -6.8642 -17.4742 6.4795 15.5899 7.2990 -16.1596 49.7134 -3.4268 -4.9602 -4.5175 -16.8321 1.9658 0.0503 8.6114 0.1914 -1.4337 4.9340 4.7601 1.5813 -0.1482 -2.0592 -8.4764 5.7705 2.5746 -0.0508 33.7007 0.6820 5.1868 -1.8721 11.0754 -1.5842 -16.3992 1.3311
-6.4461 97.6524 -99.9543 3.8628 1.5484 -1.8097 -0.7211 -4.4145 0.5381 -0.4247 -6.1600 2.7368 -2.7149 11.2591 0.4222 -2.0640 -0.2437 3.4694 0.2145 -3.5872 2.4008 -3.1884 -4.6921 3.0507 0.0316 0.0061 -0.0435 0.7342 -10.6132 -3.9138 -0.6824 -10.5905 3.8179 -25.4994 9.1962 -8.0517 -55.5181 14.2803 2.4707 -0.3502 0.1982 -29.8176 9.6611 -27.5557 3.1294 -14.5645 11.0941 15.8576 -60.1883 1.3197 2.3638 21.4873 7.3906 16.8154 51.8207 4.9965 13.7538 -0.1940 0.1173 31.7472 -6.9032 -16.9227 6.8362 15.5504 7.3027 -16.0177 49.5343 -3.3593 -4.8762 -3.8289 -19.2951 2.4828 0.0362 8.8715 0.1392 -2.3634 7.0114 4.5795 1.5778 -0.1955 -2.0878 -7.5830 8.4348 2.9173 -0.0046 26.6245 0.6237 2.1765 -5.2655 8.9950 -1.6295 -19.9974 1.3950
-7.3648 97.3993 -103.3769 2.7617 1.3263 -2.2352 0.3980 -4.0887 0.3903 -0.2603 -6.0129 2.9035 -2.0252 11.5343 0.6122 -2.5470 -0.1739 3.5735 -0.0002 -3.5464 2.5067 -3.1780 -5.3614 3.1745 0.0434 -0.0070 -0.0054 0.7410 -10.6597 -3.8901 -0.6638 -10.6646 3.8688 -26.1526 8.9860 -7.4854 -56.3307 14.1046 2.3787 -0.3144 0.2227 -30.1186 9.3175 -27.8077 2.9461 -14.4246 11.0461 15.8073 -59.9929 1.2106 2.3339 21.1375 7.2381 17.1250 50.6554 4.6307 14.4971 0.0723 0.1209 32.3537 -6.6531 -15.4611 6.9024 15.2693 7.3695 -16.1164 49.6216 -3.2761 -5.0917 -2.0665 -21.4210 3.1876 0.0659 8.9605 0.1555 -3.8607 9.1659 3.5807 1.6559 -1.1412 -2.1159 -5.2056 10.2284 4.0509 -0.1156 20.8168 0.4955 0.4695 -9.8311 5.8753 -1.5589 -15.9200 1.3642
-8.3301 97.2325 -106.7957 1.2304 0.9761 -2.3632 1.5712 -3.7037 0.3253 -0.0348 -5.8120 2.7102 -1.1200 11.6606 0.7173 -2.8551 0.2202 3.6972 0.0218 -3.5417 2.6803 -3.2772 -5.7920 3.2669 0.0504 -0.0124 0.0219 0.7453 -10.6566 -3.8592 -0.6541 -10.6643 3.8904 -26.1606 9.1884 -6.9912 -57.7594 13.3000 2.0184 -0.3011 0.1678 -30.0310 9.0791 -27.5950 2.9486 -14.6463 10.8712 15.7319 -59.9328 1.1578 2.3467 20.7378 7.3398 17.6404 49.7295 4.1534 15.1570 0.3159 0.0382 32.3804 -6.2983 -14.8930 6.7901 15.2691 7.2647 -16.0140 49.5518 -3.3696 -5.0436 0.1648 -22.7978 3.7927 -0.0380 7.8854 0.0853 -5.4796 10.2228 2.7499 1.6769 -2.1545 -2.1018 -2.2548 10.7802 5.5640 -0.1255 16.3899 0.3791 -0.1439 -12.3506 3.6605 -1.5040 -11.3998 1.3053
-9.2316 97.0395 -110.1217 -0.1975 0.5614 -2.2480 2.5848 -3.2723 0.2200 0.1241 -5.6001 2.4940 -0.2764 11.6855 0.7843 -2.7764 0.5913 3.6430 0.0425 -3.5698 2.8164 -3.4122 -6.1212 3.4086 0.0432 -0.0090 0.0112 0.7356 -10.6714 -3.8690 -0.6593 -10.6660 3.8815 -25.5742 9.6304 -6.7090 -59.4384 12.5711 1.6656 -0.2772 0.1434 -30.4540 8.7632 -27.3713 3.0059 -14.7731 10.7295 15.6202 -59.8534 1.0655 2.2757 20.3643 7.5061 17.8229 49.0541 3.9982 15.7180 0.4305 -0.0163 32.2553 -5.8991 -14.6201 6.5514 15.2613 7.2249 -16.0016 49.6284 -3.4013 -5.1024 2.1652 -23.7748 4.1872 -0.0888 6.4304 0.0415 -7.0822 7.9315 2.5476 1.6603 -3.1436 -2.0570 0.2883 10.6568 6.4616 -0.0882 13.1593 0.2689 -0.5939 -14.0994 2.2251 -1.4746 -7.5870 1.2624
-10.0590 96.8343 -113.3439 -1.3190 0.1334 -1.9907 3.3649 -2.8154 0.1519 0.2277 -5.3721 2.2862 0.4198 11.6995 0.7943 -2.5414 0.6632 3.5209 0.0960 -3.5747 2.9175 -3.5358 -6.5071 3.6299 0.0317 0.0043 -0.0010 0.7200 -10.6795 -3.8816 -0.6673 -10.6555 3.8752 -25.0054 9.9200 -6.6289 -60.6848 12.2223 1.4565 -0.2983 0.1085 -31.1517 8.4930 -27.3254 2.7487 -14.8389 10.7185 15.6232 -59.8649 0.9861 2.2089 20.3962 7.7000 17.7517 48.1512 4.2665 16.1780 0.3481 -0.0322 31.9085 -5.2217 -14.3962 6.3824 15.2273 7.2324 -16.0372 49.7426 -3.3971 -5.1498 3.6955 -24.7812 4.3983 -0.1039 5.5729 0.0152 -7.5865 3.2960 3.8316 1.6293 -3.9988 -2.0726 2.2144 10.2000 6.7305 -0.0648 10.8103 0.2368 -1.0205 -15.4707 1.4011 -1.4590 -4.4679 1.1894
-10.8166 96.6650 -116.6018 -2.1933 -0.3663 -1.6798 3.9077 -2.2447 0.1679 0.3121 -5.1403 2.0935 1.0186 11.8121 0.7165 -2.2155 0.3934 3.3185 0.2267 -3.5263 3.1464 -3.6644 -7.0835 3.9154 0.0244 0.0121 0.0039 0.7146 -10.6741 -3.8765 -0.6765 -10.6368 3.8862 -24.5308 9.9414 -6.6504 -61.3774 12.0637 1.1011 -0.3280 0.0817 -31.6267 8.6543 -27.5446 2.2372 -14.9555 10.7828 15.6136 -60.0397 1.0021 2.1558 20.7843 7.7179 17.6517 47.0877 4.5264 16.0573 0.3716 -0.0598 31.0122 -4.4406 -14.0543 6.2733 15.2421 7.2235 -16.1231 49.7914 -3.3989 -5.1821 4.9621 -26.3338 4.4660 -0.0997 7.2539 -0.0145 -6.7028 -0.6064 5.9339 1.6268 -4.2511 -2.1425 3.7505 9.5203 6.7852 -0.0832 9.1712 0.2570 -1.5714 -16.2362 0.9901 -1.4494 -2.2868 1.1196
-11.5600 96.7771 -119.8791 -2.9001 -0.9435 -1.2844 4.3192 -1.6831 0.2728 0.3518 -4.9330 1.8552 1.4551 12.0477 0.5486 -1.7621 0.1080 2.9751 0.3417 -3.5367 3.4234 -3.5754 -7.5905 4.2123 0.0117 0.0113 -0.0368 0.7149 -10.6598 -3.9105 -0.7016 -10.6083 3.8477 -24.0578 9.9099 -6.6965 -61.5565 11.7392 0.4331 -0.3652 0.0724 -31.5892 9.2441 -27.6077 1.9789 -14.8677 10.9871 15.6072 -60.2598 1.2652 2.0976 21.4456 7.6516 17.6528 46.2208 4.2595 15.0538 0.5759 -0.1597 29.2164 -4.2531 -13.9674 6.1189 15.3489 7.2006 -16.1286 49.7998 -3.3875 -4.9907 6.1579 -28.0475 4.3625 -0.0508 11.7103 0.0184 -4.8135 -2.5581 7.5254 1.6630 -4.2323 -2.1924 5.1520 8.8331 7.1551 -0.1486 7.6139 0.3134 -2.0894 -15.7130 0.5721 -1.4248 -1.0900 1.0846
-12.2221 97.2318 -122.8616 -3.3504 -1.3976 -0.8476 4.5204 -1.3309 0.3625 0.3379 -4.7688 1.6710 1.7526 12.1967 0.2829 -1.1225 0.1135 2.7686 0.4497 -3.4926 3.5542 -3.5595 -7.7090 4.5204 0.0120 0.0219 -0.0316 0.7329 -10.6431 -3.8989 -0.7172 -10.5945 3.8471 -23.4861 9.9538 -6.8819 -61.6354 11.2287 -0.4349 -0.2320 0.0820 -31.0252 9.8681 -27.4699 1.9682 -14.8545 11.0567 15.5300 -60.3334 1.3963 1.9688 21.9151 7.5756 17.5638 46.3332 3.2670 13.2609 0.8058 -0.1586 26.3353 -4.7849 -14.1929 5.7055 15.5597 7.1714 -16.1447 49.9582 -3.3731 -4.8659 7.0946 -28.7344 4.1012 -0.0267 16.1912 0.0255 -3.2461 -3.5037 8.3482 1.6901 -4.2900 -2.2049 6.1305 7.8209 7.5068 -0.1721 6.6396 0.2565 -2.3157 -14.0295 -0.1696 -1.4120 -0.8215 1.0431
-12.7527 97.7821 -125.5364 -3.4299 -1.5410 -0.4241 4.5800 -1.1448 0.4722 0.2609 -4.6571 1.4613 1.7549 12.0310 0.1559 -0.4009 0.2896 2.5500 0.4869 -3.4829 3.4692 -3.4746 -7.4520 4.5424 0.0139 0.0323 -0.0265 0.7443 -10.6309 -3.8906 -0.7233 -10.5899 3.8472 -22.5302 10.1142 -7.3055 -61.8567 10.7494 -1.5019 -0.0009 0.1523 -30.6259 10.3016 -27.2664 2.1827 -14.8078 11.0500 15.4942 -60.2391 1.3963 1.9559 21.6972 7.4277 17.1375 47.8904 2.0647 10.7289 0.8456 -0.1281 23.1419 -5.4477 -15.5700 4.8700 15.8156 7.2006 -16.2224 50.1058 -3.4007 -4.8906 7.4204 -28.6080 4.2021 -0.0000 20.3111 0.0635 -2.9833 -3.7480 8.7772 1.7109 -4.3127 -2.1766 6.4683 6.6443 7.5294 -0.1552 5.6895 0.2194 -2.3039 -12.0709 -0.8242 -1.4163 -0.8372 0.9913
-13.1854 98.3357 -127.9375 -3.2499 -1.4241 0.0041 4.5432 -1.1500 0.5313 0.2034 -4.6394 1.3137 1.5246 11.8173 -0.0116 0.1740 0.3331 2.4024 0.4635 -3.4805 3.2165 -3.4078 -7.0421 4.4159 0.0138 0.0302 -0.0382 0.7487 -10.6290 -3.9010 -0.7263 -10.6023 3.8329 -21.9106 10.1625 -7.9034 -61.5473 10.5081 -2.7298 0.1914 0.2497 -30.4307 10.5949 -26.8383 2.5594 -14.7726 11.0159 15.4709 -60.1283 1.3754 1.9318 21.4135 7.3021 16.5420 49.7128 1.7010 7.9064 0.7265 -0.0605 21.0492 -5.5919 -17.6576 4.0871 16.0084 7.2882 -16.3872 50.2244 -3.4611 -5.0212 7.2026 -27.8650 4.7779 -0.0013 24.1531 0.0862 -3.8332 -3.2900 8.5395 1.7231 -4.2827 -2.1443 6.3819 5.2946 7.2939 -0.1292 4.8650 0.1564 -2.1144 -10.1245 -1.3639 -1.4287 -0.9630 0.9482
-13.5486 98.7898 -130.2820 -2.9156 -1.1632 0.4630 4.4747 -1.3362 0.5001 0.1686 -4.7240 1.2090 1.1696 11.6790 -0.2658 0.4640 0.2725 2.3787 0.4206 -3.4768 3.0386 -3.4118 -6.5668 4.1969 0.0124 0.0144 -0.0560 0.7456 -10.6217 -3.9154 -0.7253 -10.6083 3.8086 -21.7946 10.0710 -8.6158 -60.7006 10.2720 -3.7936 0.2212 0.2911 -30.0682 10.7975 -26.4078 2.9253 -14.7910 11.0172 15.5249 -60.0429 1.3656 1.9620 21.3250 7.2582 15.8952 51.1124 2.8790 5.7336 0.5318 0.0104 20.3389 -4.8649 -19.4208 3.5658 16.0477 7.3712 -16.5121 50.2850 -3.5657 -5.1508 6.7065 -26.4203 5.6688 -0.0327 27.7208 0.0915 -4.8555 -2.8863 7.7278 1.7355 -4.2649 -2.1175 6.0166 3.7793 6.8806 -0.0954 4.3197 0.1034 -1.8175 -8.3897 -1.7934 -1.4399 -1.0919 0.9273
-13.8072 99.0969 -132.4993 -2.6186 -0.9147 0.8572 4.4387 -1.6054 0.4579 0.1667 -4.8893 1.0454 0.8482 11.5762 -0.5392 0.4951 0.2900 2.4581 0.3652 -3.4654 3.0531 -3.4708 -6.1250 4.0035 0.0106 -0.0009 -0.0631 0.7434 -10.6128 -3.9201 -0.7257 -10.6057 3.7991 -21.9523 9.9285 -9.2743 -59.7392 9.8739 -4.4163 0.0759 0.2564 -29.6277 10.9117 -26.0240 3.1859 -14.8425 11.0479 15.6339 -60.0478 1.4046 2.0284 21.3637 7.4051 15.3052 52.0847 5.1285 4.5623 0.3673 0.0748 20.4223 -3.9145 -20.4820 3.2366 15.9479 7.4301 -16.5570 50.2323 -3.6874 -5.2092 6.3517 -24.3013 6.5481 -0.0852 31.2938 0.0549 -5.0182 -3.5771 7.1839 1.7596 -4.3258 -2.1006 5.6141 2.2052 6.4181 -0.0715 4.1314 0.0437 -1.4198 -7.0298 -1.9887 -1.4518 -1.2032 0.9293
-13.9514 99.2570 -134.6508 -2.5753 -0.6987 1.1474 4.4912 -1.9947 0.4031 0.2034 -5.0986 0.8448 0.7322 11.4638 -0.7988 0.3603 0.4776 2.5651 0.3183 -3.4501 3.1687 -3.5426 -5.7190 3.9619 0.0105 -0.0105 -0.0502 0.7463 -10.6003 -3.9096 -0.7279 -10.5918 3.8152 -22.3332 9.7816 -9.7395 -58.8587 9.3548 -4.8017 -0.1159 0.1699 -29.2051 11.2303 -25.9122 3.0778 -14.8730 11.0848 15.7172 -60.0690 1.4380 2.0739 21.5725 7.6806 14.8023 52.7464 7.8187 4.0017 0.2320 0.1555 20.6667 -3.1402 -20.9147 2.9583 15.7544 7.4350 -16.4827 50.0992 -3.7667 -5.1624 6.4659 -21.5783 7.0114 -0.1390 34.9527 -0.0555 -4.7905 -5.3528 6.9792 1.7817 -4.3442 -2.0852 5.4377 0.6418 5.9358 -0.0624 4.0866 -0.0116 -0.9701 -5.8985 -1.9707 -1.4628 -1.2647 0.9399
-14.0635 99.3342 -136.7171 -2.7777 -0.4850 1.3354 4.5642 -2.4956 0.3876 0.2683 -5.3524 0.5476 0.8645 11.3733 -0.9955 0.2322 0.7369 2.6979 0.2919 -3.4372 3.3388 -3.6671 -5.2718 4.1240 0.0108 -0.0188 -0.0327 0.7543 -10.5991 -3.8952 -0.7340 -10.5817 3.8373 -22.8669 9.5166 -9.9952 -58.1320 9.0430 -5.1258 -0.2561 0.0474 -29.0445 12.0904 -26.2695 2.3105 -14.8876 11.0926 15.7465 -60.1567 1.4060 2.0980 22.0279 7.9100 14.4614 53.0544 10.6025 3.6840 0.2188 0.2127 20.7238 -2.5613 -20.5471 2.6555 15.6183 7.3977 -16.4207 49.9613 -3.8588 -5.1349 6.8577 -18.3588 7.0896 -0.1653 38.4207 -0.2074 -4.4705 -7.5069 7.1361 1.7978 -4.3907 -2.0896 5.4981 -0.9541 5.4530 -0.0642 4.1777 -0.0728 -0.4129 -4.8868 -1.7975 -1.4644 -1.3426 0.9562
-14.1303 99.3763 -138.5955 -3.0573 -0.2771 1.5241 4.5262 -3.0516 0.3936 0.3286 -5.6225 0.2036 1.1561 11.2985 -1.2024 0.2221 0.9589 2.8021 0.2901 -3.4208 3.5178 -3.8329 -4.8453 4.3968 0.0105 -0.0237 -0.0301 0.7634 -10.6021 -3.8969 -0.7421 -10.5769 3.8474 -23.2671 9.2156 -10.1623 -57.7044 8.9240 -5.5552 -0.3464 -0.0735 -29.0124 13.0839 -26.3730 1.4405 -14.9107 11.0506 15.7683 -60.1483 1.3263 2.1578 22.6368 8.1135 14.1711 53.2171 12.9237 3.3763 0.2615 0.2372 20.3662 -2.1255 -19.4896 2.1210 15.5348 7.3142 -16.3925 49.8263 -3.9687 -5.1317 7.1956 -14.6872 6.8842 -0.1802 41.2799 -0.4024 -4.2368 -9.2699 7.2295 1.8188 -4.4752 -2.1131 5.6151 -2.5736 4.9807 -0.0527 4.3658 -0.1543 0.2239 -3.9174 -1.6328 -1.4584 -1.4347 0.9724
-14.1949 99.4077 -140.5029 -3.3323 -0.0841 1.8152 4.3750 -3.5850 0.3518 0.3535 -5.8929 -0.1589 1.4899 11.2101 -1.4187 0.3517 1.1411 2.8134 0.2958 -3.4138 3.6900 -3.9853 -4.4973 4.7105 0.0096 -0.0274 -0.0308 0.7674 -10.6039 -3.9011 -0.7467 -10.5726 3.8508 -23.3037 9.0329 -10.3510 -57.6555 8.9785 -6.3249 -0.4184 -0.1521 -28.9678 13.7614 -25.9176 1.0828 -14.9889 10.9898 15.7327 -60.1366 1.2992 2.1873 23.2196 8.3080 13.8305 53.4494 14.4503 2.8341 0.2847 0.2409 19.8653 -1.9392 -18.3781 1.5008 15.4353 7.2464 -16.3840 49.7014 -4.0621 -5.1262 7.4549 -10.6797 6.5652 -0.1964 43.0265 -0.6363 -4.3391 -10.1294 6.9553 1.8392 -4.6591 -2.1282 5.7249 -4.0886 4.5672 -0.0417 4.4574 -0.2308 0.7911 -2.9363 -1.5330 -1.4463 -1.5530 0.9665
-14.2471 99.4105 -142.4548 -3.5791 0.1289 2.2397 4.1678 -4.0813 0.2474 0.3403 -6.1531 -0.4951 1.7662 11.1257 -1.6656 0.6101 1.1976 2.7562 0.3022 -3.4123 3.8177 -4.1335 -4.2055 4.9426 0.0101 -0.0299 -0.0224 0.7723 -10.6053 -3.8957 -0.7493 -10.5714 3.8612 -23.1038 8.8857 -10.6097 -57.7605 9.2960 -7.4738 -0.4606 -0.1833 -29.0008 14.1017 -25.3339 1.2061 -15.0899 10.9072 15.6753 -60.0793 1.3042 2.1991 23.7688 8.4581 13.4421 53.7643 15.3817 2.0910 0.2524 0.2492 19.5657 -2.0591 -17.7750 1.0560 15.3698 7.2043 -16.3638 49.6499 -4.0992 -5.1283 7.7016 -6.5000 6.1975 -0.1947 43.4987 -0.8526 -4.9170 -10.0988 5.8233 1.8608 -5.0258 -2.1499 5.7856 -5.5460 4.2893 -0.0315 4.3591 -0.3023 1.2645 -1.9255 -1.6542 -1.4321 -1.6114 0.9547
-14.2374 99.3635 -144.4744 -3.7999 0.4115 2.7727 3.9136 -4.5605 0.1174 0.3079 -6.3673 -0.8075 1.9798 10.9835 -1.9026 0.9528 1.1144 2.6587 0.3169 -3.4083 3.8619 -4.2446 -3.9148 5.1275 0.0089 -0.0259 -0.0217 0.7727 -10.5864 -3.8929 -0.7513 -10.5512 3.8598 -22.8866 8.7261 -10.8972 -57.8316 9.8777 -8.9091 -0.4365 -0.1522 -29.2425 14.1030 -24.6755 1.6276 -15.1859 10.8289 15.5911 -59.9800 1.3352 2.1365 24.3078 8.4474 13.0184 54.1761 16.1118 1.3519 0.1598 0.2592 19.6301 -2.2780 -17.6115 0.8422 15.3444 7.1591 -16.3376 49.6040 -4.1239 -5.1652 7.9172 -2.2756 5.6447 -0.1594 42.5275 -0.9940 -5.7039 -9.5000 3.8041 1.8822 -5.5086 -2.1604 5.7924 -7.0814 4.0363 -0.0302 4.1636 -0.3380 1.6875 -0.8743 -1.9540 -1.4175 -1.6452 0.9412
-14.1966 99.2813 -146.6642 -3.9507 0.7839 3.4152 3.5959 -5.0416 -0.0211 0.2382 -6.5531 -1.0980 2.1341 10.8513 -2.1101 1.3439 0.8591 2.4726 0.3420 -3.4077 3.8702 -4.3276 -3.5898 5.2661 0.0091 -0.0185 -0.0231 0.7748 -10.5743 -3.8928 -0.7518 -10.5422 3.8559 -22.6702 8.5761 -11.1975 -57.8429 10.4709 -10.3194 -0.3998 -0.0958 -29.7956 13.9434 -23.9486 2.1365 -15.2865 10.7421 15.5202 -59.9002 1.3421 2.0406 24.8035 8.3051 12.6196 54.6944 16.6517 0.7198 0.1080 0.2330 20.0139 -2.5082 -17.4610 0.6967 15.3729 7.1871 -16.3863 49.6956 -4.0661 -5.2269 7.9846 1.8360 4.7438 -0.1082 40.1016 -1.0370 -6.6915 -8.5216 0.9430 1.9010 -6.0779 -2.1657 5.6806 -8.8248 3.7448 -0.0326 4.0561 -0.3487 2.1540 0.2779 -2.4055 -1.4065 -1.6861 0.9447
-14.0793 99.1738 -149.0374 -3.9516 1.2316 4.1108 3.1735 -5.4904 -0.1427 0.1279 -6.6765 -1.3291 2.2119 10.7319 -2.2966 1.7859 0.4508 2.2399 0.3500 -3.4241 3.8497 -4.3535 -3.2672 5.3497 0.0081 -0.0108 -0.0275 0.7723 -10.5699 -3.8972 -0.7511 -10.5405 3.8495 -22.5008 8.4401 -11.4843 -57.7375 10.9065 -11.5955 -0.3422 -0.0201 -30.6098 13.7463 -23.3066 2.5471 -15.3583 10.7048 15.5194 -59.8749 1.3650 1.9616 25.2243 8.0421 12.2405 55.3748 16.9079 0.4055 0.0186 0.2138 20.4519 -2.5558 -17.3109 0.5216 15.4507 7.2371 -16.4601 49.8317 -3.9878 -5.2820 7.6431 5.6063 3.3558 -0.0496 36.3589 -0.9816 -7.6466 -7.1031 -2.3807 1.9206 -6.8990 -2.1712 5.3465 -10.8779 3.3736 -0.0397 4.1796 -0.3493 2.6885 1.5309 -2.9808 -1.3982 -1.6754 0.9581
-13.9163 99.0336 -151.6992 -3.7647 1.7148 4.8337 2.6642 -5.8316 -0.2414 -0.0238 -6.7640 -1.4809 2.1818 10.6803 -2.4383 2.2569 -0.0546 1.9904 0.3325 -3.4564 3.8014 -4.3533 -3.0511 5.2537 0.0089 -0.0051 -0.0172 0.7713 -10.5820 -3.8903 -0.7485 -10.5551 3.8597 -22.3493 8.3081 -11.7592 -57.5562 11.0679 -12.6986 -0.2584 0.0170 -31.6036 13.5247 -22.7269 2.7939 -15.3771 10.6764 15.5293 -59.8944 1.3929 1.8737 25.5060 7.7277 11.9213 56.2061 16.6049 0.3226 -0.0557 0.2294 20.7119 -2.5401 -17.6503 0.4907 15.4891 7.2884 -16.5082 49.9115 -3.9235 -5.2700 6.7950 8.6071 1.5759 0.0132 31.8052 -0.8439 -8.1419 -5.4075 -5.3857 1.9380 -8.1242 -2.1806 4.7604 -13.2198 2.9243 -0.0366 4.5446 -0.3353 3.3409 2.8750 -3.5711 -1.3950 -1.6296 0.9859
-13.7228 98.8350 -154.7687 -3.4369 2.1212 5.5752 2.1077 -5.9531 -0.2952 -0.1850 -6.8325 -1.6089 2.0318 10.7249 -2.5178 2.7556 -0.5572 1.7743 0.2731 -3.5050 3.6597 -4.3329 -2.9749 4.9655 0.0104 -0.0027 -0.0192 0.7686 -10.5995 -3.8915 -0.7427 -10.5723 3.8537 -22.1273 8.2230 -12.0317 -57.3760 10.8840 -13.6748 -0.1438 0.0139 -32.6424 13.3075 -22.2899 2.9322 -15.3703 10.6819 15.5750 -59.9414 1.4184 1.8451 25.6468 7.3915 11.7208 57.0805 15.7524 0.4377 -0.0806 0.2480 20.8017 -2.5930 -18.4822 0.6870 15.5445 7.3614 -16.5249 50.0185 -3.8681 -5.2406 5.6562 10.5312 -0.0188 0.0567 27.0439 -0.6940 -7.0065 -4.0322 -6.5217 1.9730 -10.2251 -2.2206 3.9358 -15.6970 2.5170 -0.0236 5.0593 -0.3189 4.2603 4.2048 -4.1115 -1.3962 -1.6106 1.0264
-13.5037 98.5096 -158.0852 -3.0131 2.3211 6.2774 1.5249 -5.7603 -0.3129 -0.3267 -6.8400 -1.6886 1.7588 10.8320 -2.6000 3.2388 -0.9709 1.6560 0.1536 -3.5422 3.3563 -4.2280 -3.0909 4.5573 0.0093 -0.0040 -0.0627 0.7637 -10.5970 -3.9284 -0.7398 -10.5748 3.8043 -21.8119 8.2583 -12.3202 -57.1936 10.2796 -14.6059 -0.1023 -0.0349 -33.4139 13.0457 -21.8367 3.1573 -15.3379 10.7187 15.6595 -59.9504 1.4299 1.9070 25.6900 7.0641 11.7403 57.8561 14.5592 0.7680 -0.0648 0.2506 20.9399 -2.7182 -19.5390 1.0619 15.5656 7.4535 -16.5371 50.1096 -3.8731 -5.1984 4.5240 11.2474 -0.7808 0.0548 23.0120 -0.5574 -3.8206 -3.7743 -5.7134 2.0391 -13.1864 -2.2949 2.8918 -18.0885 2.3530 -0.0162 5.5983 -0.2902 5.4498 5.2113 -4.5974 -1.3976 -1.6444 1.0673
-13.2437 97.9640 -161.6734 -2.5586 2.2238 6.9638 0.9449 -5.3010 -0.4768 -0.4816 -6.6769 -1.7065 1.4462 10.8997 -2.5879 3.6398 -1.2878 1.4548 0.0941 -3.5670 2.9505 -3.9518 -3.4586 4.4242 0.0027 0.0066 -0.0817 0.7658 -10.6144 -3.9572 -0.7561 -10.5830 3.7957 -21.2410 8.3756 -12.6102 -57.1720 9.5078 -15.7946 -0.0691 0.0208 -33.5931 12.6219 -21.5282 3.4956 -15.3478 10.7399 15.6538 -59.8444 1.4301 2.0214 25.5276 6.9402 11.9316 58.6366 13.0079 1.3343 -0.0692 0.2421 21.0204 -2.6588 -20.2816 1.7263 15.5906 7.5896 -16.5161 50.1600 -3.9745 -5.1094 3.5181 11.2012 -0.7781 0.0699 20.3165 -0.5077 -0.6338 -5.5465 -4.6629 2.0360 -14.6489 -2.2816 1.6603 -20.2387 2.6156 -0.0315 5.9319 -0.1707 6.9766 6.0028 -5.4489 -1.3839 -2.0806 1.0672
-13.0094 97.5538 -165.3183 -2.2977 1.8401 7.1822 0.5098 -4.7215 -0.4303 -0.5793 -6.4352 -1.6080 1.0647 11.0207 -2.7209 4.0651 -1.2833 1.3961 0.0210 -3.5592 2.7076 -3.5399 -3.8701 4.0293 0.0037 0.0315 -0.0541 0.7753 -10.5583 -3.9241 -0.7644 -10.5443 3.8181 -20.6874 8.4792 -12.8621 -57.0350 8.6523 -16.6316 -0.2932 0.0607 -33.5173 12.1995 -21.4249 3.9134 -15.3153 10.6620 15.6271 -59.6607 1.4252 2.1546 25.2551 6.8811 12.2849 59.1483 11.6312 2.0577 0.0464 0.2206 21.5302 -2.8853 -20.6809 2.1542 15.6467 7.5942 -16.4626 50.3809 -3.7972 -5.0561 2.8063 10.7695 -0.2271 0.0875 18.7275 -0.4874 1.1629 -8.6433 -4.2122 1.9994 -13.3196 -2.2872 0.5096 -22.1856 3.5110 0.0041 6.3533 -0.0835 7.9908 4.9109 -6.0255 -1.3998 -2.5688 1.1567
-12.8074 97.1530 -168.8525 -2.0544 1.2616 7.1124 -0.0253 -4.1900 -0.2762 -0.6359 -6.1621 -1.5665 0.6607 11.3204 -2.8077 4.4990 -1.1813 1.3473 -0.0229 -3.5409 2.5975 -2.9977 -4.0461 3.8003 0.0112 0.0574 -0.0151 0.7814 -10.5320 -3.8795 -0.7589 -10.5174 3.8509 -20.2444 8.4981 -13.0315 -56.8269 7.9330 -16.9402 -0.4860 0.0670 -33.1518 11.7547 -21.4732 4.3655 -15.3540 10.6565 15.6743 -59.7988 1.3956 2.2361 25.1014 6.8174 12.6126 59.2876 10.6091 3.0407 0.0869 0.2208 22.2371 -3.1047 -20.5010 2.3726 15.6962 7.6392 -16.4816 50.6011 -3.6411 -5.0568 2.2251 10.3692 0.4059 0.0402 17.4324 -0.4491 1.4354 -12.0272 -3.9622 1.9079 -10.7632 -2.1887 -0.4975 -23.5505 4.5948 -0.0053 6.1304 -0.0314 8.1808 2.6990 -6.5421 -1.4057 -3.2729 1.2042
-12.6095 96.8731 -172.2564 -1.5483 0.5916 6.8481 -0.6643 -3.6737 -0.1272 -0.7202 -5.9195 -1.4274 0.0911 11.5158 -2.8717 4.8975 -0.9090 1.2784 -0.0337 -3.4766 2.4056 -2.5994 -4.1431 3.6976 0.0179 0.0700 0.0113 0.7906 -10.5113 -3.8437 -0.7559 -10.4998 3.8686 -19.9571 8.5749 -13.1714 -56.5471 7.4550 -16.9963 -0.6286 0.0301 -32.4560 11.0229 -22.1049 4.6125 -15.3364 10.6264 15.6968 -59.8853 1.3939 2.3529 24.7279 6.9782 12.7351 59.4528 9.5778 3.7619 0.2057 0.2106 23.0755 -3.3935 -20.1200 2.7485 15.7022 7.6370 -16.4649 50.6946 -3.5297 -5.0889 1.2522 10.0733 0.6718 0.0165 15.8968 -0.3847 1.4382 -14.7563 -3.4715 1.8489 -7.5007 -2.1005 -1.5575 -24.3528 5.4869 -0.0273 5.1839 -0.0268 6.9682 -0.4919 -7.3282 -1.3898 -3.9775 1.2394
-12.3893 96.6569 -175.4398 -0.7127 -0.1789 6.4518 -1.4297 -3.2041 0.0034 -0.8019 -5.6861 -1.2331 -0.5691 11.5942 -2.8446 4.9865 -0.5095 1.2174 -0.0067 -3.4539 2.2608 -2.2159 -4.0868 3.5780 0.0215 0.0768 0.0187 0.7981 -10.5088 -3.8329 -0.7572 -10.4878 3.8730 -19.8619 8.6703 -13.1932 -56.2665 7.4109 -16.8565 -0.7101 0.0128 -31.5659 10.0415 -22.6871 4.9353 -15.3228 10.6211 15.6989 -60.0026 1.4117 2.4224 24.1344 7.2580 12.7490 59.7619 8.9374 4.4408 0.2192 0.2081 23.9630 -3.6285 -20.1326 3.1101 15.6613 7.6289 -16.4597 50.6463 -3.4613 -5.0911 -0.1097 10.2672 0.7092 -0.0191 13.5592 -0.3080 1.3241 -16.2878 -2.7838 1.8050 -4.6005 -2.0222 -2.7422 -24.6190 6.0064 -0.0595 4.1106 -0.0971 5.0455 -3.6135 -7.9816 -1.3678 -4.3091 1.2240
-12.1877 96.5387 -178.4902 0.3842 -1.0495 5.8302 -2.2361 -2.7552 0.1121 -0.8843 -5.4395 -0.9993 -1.2533 11.6048 -2.6798 4.7155 -0.1356 1.2314 0.0018 -3.4766 2.1427 -1.8647 -4.0377 3.4994 0.0218 0.0760 0.0041 0.8017 -10.5296 -3.8523 -0.7610 -10.4989 3.8654 -20.0573 8.6973 -13.0841 -55.9217 7.8284 -16.3083 -0.7081 0.0454 -30.7024 9.1374 -23.4567 5.1309 -15.3253 10.6569 15.6440 -60.1256 1.4361 2.3544 23.5060 7.5413 12.7699 60.0519 8.6916 5.2450 0.1190 0.2079 24.5788 -3.8763 -20.1080 3.3927 15.6361 7.6033 -16.4837 50.4875 -3.4481 -5.1029 -1.8311 10.8935 0.4382 -0.0361 10.5855 -0.2122 1.2580 -16.5045 -1.8142 1.7656 -2.3841 -1.9513 -3.8106 -24.7599 5.9000 -0.0823 4.4412 -0.1716 3.3321 -5.7569 -8.5491 -1.3646 -4.3939 1.1906
-12.0664 96.6758 -181.5676 1.4416 -1.8933 4.9858 -2.9616 -2.4299 0.1836 -0.9324 -5.2428 -0.6880 -1.8281 11.7712 -2.4399 4.1905 -0.0158 1.4723 0.0361 -3.5602 2.0276 -1.6498 -3.8475 3.4795 0.0146 0.0757 -0.0449 0.7917 -10.5574 -3.9023 -0.7657 -10.5216 3.8184 -20.7834 8.6650 -12.8545 -55.1359 8.6228 -15.2270 -0.6461 0.0462 -30.1082 8.6103 -24.7523 5.0823 -15.4153 10.7670 15.5874 -60.3564 1.4651 2.1454 23.1779 7.6785 12.9052 59.9934 8.5717 5.9771 0.0027 0.1661 24.7467 -4.2259 -19.7342 3.5722 15.6505 7.5317 -16.4530 50.4306 -3.4947 -5.0669 -3.5729 11.5649 -0.0762 -0.0165 7.3637 -0.1238 1.3595 -15.3102 -0.7350 1.7057 -1.4413 -1.9613 -4.5206 -25.1436 5.5516 -0.0527 7.1106 -0.2133 1.7486 -6.5049 -9.1280 -1.4087 -4.6149 1.1422
-11.9945 97.0673 -184.4465 2.2708 -2.6015 4.0177 -3.3772 -2.1623 0.2183 -0.9719 -5.0965 -0.3095 -2.4125 11.8816 -2.2831 3.5218 0.0249 1.7097 0.0836 -3.5832 2.1221 -1.5995 -3.9629 3.5673 0.0127 0.0669 -0.1053 0.7790 -10.5665 -3.9583 -0.7568 -10.5367 3.7542 -21.4728 8.4623 -12.5012 -54.4281 9.5222 -13.4754 -0.5523 0.1285 -29.4557 8.4724 -26.5228 4.6817 -15.4113 10.7853 15.4747 -60.4240 1.3991 2.0029 23.0547 7.8201 13.0603 59.7466 8.3759 6.7565 0.0218 0.1321 24.3808 -4.4916 -19.0914 3.6871 15.6455 7.4213 -16.4539 50.2674 -3.5345 -5.1004 -4.9200 11.5365 -0.5437 0.0029 5.1681 0.0040 1.4667 -13.1883 0.1639 1.6852 -1.1482 -1.9395 -4.8280 -25.6516 5.1517 -0.0339 11.9480 -0.1371 1.2457 -6.4286 -9.4032 -1.4196 -4.6072 1.1579
-12.0215 97.5838 -187.1043 2.6015 -3.2232 3.2684 -3.4790 -1.9036 0.1823 -0.9831 -4.9735 -0.0754 -2.7015 11.8664 -2.1222 2.7271 0.1979 1.9775 0.1800 -3.5788 2.2308 -1.6509 -4.3394 3.6445 0.0136 0.0604 -0.1327 0.7724 -10.5911 -3.9868 -0.7484 -10.5702 3.7274 -21.7944 8.4660 -12.1963 -54.1433 10.0710 -11.3801 -0.4278 0.1831 -28.6571 8.6262 -28.3754 4.3398 -15.3477 10.8138 15.4720 -60.4775 1.3809 1.9458 22.5422 8.0384 13.2371 59.8668 8.1499 7.4874 0.1095 0.0987 23.8598 -4.4366 -18.3253 3.7436 15.6831 7.3414 -16.4666 50.2522 -3.5484 -5.0947 -5.5048 10.9467 -0.7210 0.0076 3.9897 0.0805 1.6147 -11.0011 0.8230 1.6813 -1.1495 -1.9284 -4.7735 -25.7215 5.1157 -0.0135 17.9074 0.0257 1.2271 -6.3363 -9.0173 -1.4238 -4.4783 1.1686
-12.1670 98.0793 -189.6865 2.5672 -3.7387 2.9436 -3.4391 -1.7116 0.1049 -0.9720 -4.8721 0.0719 -2.7364 11.7314 -2.0138 2.0557 0.5178 2.1899 0.2878 -3.5785 2.2690 -1.7000 -4.7505 3.6775 0.0117 0.0614 -0.1426 0.7619 -10.6098 -4.0001 -0.7417 -10.5967 3.7205 -21.8267 8.6669 -11.9606 -54.0837 10.4940 -9.1582 -0.3084 0.2041 -28.0014 8.9602 -29.9969 3.9989 -15.2351 10.8418 15.5080 -60.4559 1.3866 1.9286 21.8894 8.2566 13.2462 60.1608 8.1757 8.0197 0.0997 0.0872 23.6458 -3.9869 -17.6197 3.7796 15.7103 7.3351 -16.4810 50.2968 -3.5411 -5.0884 -5.5357 9.9659 -0.8234 0.0087 3.5551 0.1052 1.7669 -9.2116 1.3140 1.6805 -1.1246 -1.9056 -4.6001 -24.9815 5.4055 -0.0119 23.8657 0.1818 1.2427 -6.6261 -8.0694 -1.4183 -4.2367 1.1762
-12.4417 98.4460 -192.1766 2.4959 -4.0964 3.0205 -3.4303 -1.6721 0.0476 -0.9795 -4.8341 0.1548 -2.7022 11.6192 -1.9495 1.6633 0.8177 2.3188 0.3217 -3.5676 2.2594 -1.6980 -5.0189 3.5763 0.0114 0.0696 -0.1500 0.7483 -10.6017 -4.0088 -0.7289 -10.5926 3.7133 -21.8869 8.9261 -11.7293 -53.7431 11.3046 -7.2353 -0.2397 0.2070 -27.7275 9.1863 -31.1421 3.6894 -15.1477 10.8531 15.5192 -60.3944 1.3474 1.9148 21.4884 8.3847 13.1514 60.3067 8.3959 8.0432 -0.0312 0.1133 23.9137 -3.6228 -17.3703 4.0849 15.7208 7.3924 -16.4885 50.3754 -3.5148 -5.0592 -5.4110 8.7658 -0.9321 0.0046 3.3676 0.0967 1.8406 -7.7712 1.5364 1.6806 -1.0674 -1.8802 -4.5549 -23.4388 5.6920 -0.0289 29.4792 0.2674 1.5380 -7.3267 -7.0508 -1.4188 -4.0385 1.2065
-12.8097 98.6853 -194.6148 2.5762 -4.2809 3.2488 -3.4905 -1.7746 0.0443 -1.0079 -4.8720 0.2490 -2.7145 11.5422 -1.8654 1.4566 1.0052 2.4017 0.2820 -3.5550 2.1582 -1.6757 -5.0863 3.4302 0.0129 0.0808 -0.1567 0.7371 -10.5973 -4.0164 -0.7151 -10.5923 3.7056 -22.1302 9.1405 -11.4597 -53.0032 12.4669 -5.6607 -0.2171 0.2010 -27.7065 9.1406 -31.6589 3.6176 -15.0488 10.8331 15.5066 -60.2993 1.2696 1.9255 21.4460 8.4893 13.0859 60.1848 8.5697 7.6350 -0.1941 0.1209 24.3388 -3.7858 -17.8009 4.7112 15.7406 7.4777 -16.5154 50.4928 -3.4705 -4.9996 -5.3936 7.4559 -0.9872 0.0049 3.2142 0.0820 1.8072 -6.5772 1.5748 1.6804 -1.0131 -1.8588 -4.7087 -21.2990 5.7682 -0.0660 34.5046 0.2566 1.9560 -8.3887 -6.3232 -1.4315 -3.9420 1.2254
-13.1675 98.8318 -196.8880 2.8096 -4.2842 3.4655 -3.5572 -2.0038 0.0565 -1.0489 -4.9758 0.4347 -2.7836 11.4747 -1.7337 1.2853 1.0797 2.4236 0.1954 -3.5439 2.0140 -1.6481 -4.9344 3.2424 0.0151 0.0890 -0.1619 0.7307 -10.5978 -4.0259 -0.7052 -10.5939 3.7024 -22.5846 9.2996 -11.1384 -52.0025 13.6076 -4.2048 -0.2037 0.2139 -27.6864 8.9864 -31.8299 3.8107 -14.9129 10.8359 15.5023 -60.2045 1.2155 1.9565 21.6159 8.5458 13.1224 59.8666 8.5570 7.0244 -0.3102 0.1064 24.5198 -4.2397 -18.5170 5.3250 15.7669 7.5575 -16.5474 50.5648 -3.4140 -4.8845 -5.5024 5.9900 -0.9908 0.0088 3.0855 0.0789 1.6623 -5.4618 1.4834 1.6777 -0.9937 -1.8427 -5.0886 -18.5238 5.5572 -0.1073 38.6290 0.1670 2.3157 -9.8871 -6.1382 -1.4493 -3.8451 1.2144
-13.5696 98.9580 -199.0407 3.0762 -4.1017 3.5519 -3.5256 -2.3416 0.1043 -1.0826 -5.1417 0.6875 -2.8710 11.4047 -1.5279 1.0611 1.0487 2.4498 0.0934 -3.5446 1.8763 -1.6458 -4.6380 3.0514 0.0164 0.0860 -0.1753 0.7266 -10.6071 -4.0410 -0.6995 -10.6035 3.6911 -23.1758 9.3605 -10.7230 -50.9897 14.4803 -2.5360 -0.1283 0.2388 -27.6723 9.0057 -31.8839 4.0485 -14.8078 10.9070 15.5272 -60.2177 1.2467 2.0024 21.8443 8.4791 13.3196 59.4414 8.4940 6.5604 -0.2875 0.0657 24.2776 -4.6252 -18.8282 5.6181 15.8069 7.6094 -16.5935 50.5425 -3.3888 -4.8170 -5.5963 4.2738 -0.7771 0.0207 3.1246 0.0846 1.4412 -4.3944 1.2506 1.6709 -1.0472 -1.8401 -5.5772 -15.2189 5.0841 -0.1525 41.6367 0.0331 2.5673 -11.4857 -6.3152 -1.4651 -3.7349 1.1894
-13.9734 99.0649 -201.2662 3.2882 -3.7210 3.4829 -3.3727 -2.7737 0.1467 -1.0785 -5.3506 1.0278 -2.9356 11.3130 -1.2462 0.7379 0.9170 2.4957 0.0008 -3.5676 1.7731 -1.6637 -4.3012 2.8875 0.0174 0.0687 -0.1871 0.7242 -10.6213 -4.0530 -0.6961 -10.6183 3.6789 -23.8220 9.3418 -10.2245 -50.1212 14.8807 -0.4132 -0.0415 0.2656 -27.7593 9.4248 -32.1565 3.9816 -14.7748 10.9625 15.5157 -60.2869 1.2924 2.0263 22.0458 8.3461 13.6408 58.9734 8.4158 6.5064 -0.1726 0.0303 23.7207 -4.7414 -18.2188 5.3306 15.8206 7.6279 -16.6107 50.4984 -3.4071 -4.7320 -5.5998 2.2763 -0.4334 0.0386 3.3048 0.1181 1.1521 -3.2995 0.9691 1.6598 -1.1861 -1.8459 -6.0965 -11.5754 4.4295 -0.1605 43.3827 -0.0204 2.8149 -12.5024 -6.5964 -1.4818 -3.7230 1.1814
-14.3763 99.1474 -203.4360 3.4363 -3.1912 3.1874 -3.1164 -3.2303 0.1899 -1.0445 -5.5812 1.4123 -2.9379 11.1957 -0.8893 0.2806 0.6943 2.6371 -0.0429 -3.5908 1.6904 -1.7123 -4.0989 2.7429 0.0187 0.0470 -0.1727 0.7202 -10.6405 -4.0408 -0.6905 -10.6394 3.6949 -24.4183 9.2927 -9.5839 -49.6109 15.0312 1.8926 0.0871 0.3018 -28.1323 9.9939 -32.6004 3.6553 -14.7775 11.0139 15.5446 -60.4183 1.3381 2.0094 22.0992 8.2251 14.0481 58.5264 8.2880 6.8175 0.0193 0.0041 23.2783 -4.6112 -17.0401 4.7200 15.8319 7.6023 -16.6129 50.4056 -3.4562 -4.7067 -5.5013 0.0199 -0.0409 0.0430 3.6309 0.1496 0.7643 -2.1479 0.8511 1.6512 -1.3218 -1.8620 -6.6506 -7.7988 3.7352 -0.1313 43.9351 0.0427 3.1697 -12.7817 -6.5122 -1.4994 -3.8050 1.1867
-14.8225 99.1625 -205.5887 3.5749 -2.6184 2.7233 -2.8374 -3.6261 0.2622 -0.9865 -5.8021 1.7589 -2.8888 11.0778 -0.4925 -0.2727 0.3835 2.8368 -0.0255 -3.6141 1.6546 -1.7951 -4.0989 2.6773 0.0218 0.0260 -0.1355 0.7163 -10.6678 -4.0091 -0.6817 -10.6681 3.7354 -24.9152 9.2352 -8.9063 -49.5145 15.2573 4.0455 0.1836 0.3431 -28.8448 10.4053 -32.9184 3.3842 -14.7970 11.0222 15.5501 -60.5650 1.3568 1.9919 22.0258 8.1561 14.4706 58.1073 8.0913 7.3059 0.1762 -0.0218 23.2912 -4.4490 -15.9682 4.2394 15.8386 7.5684 -16.6074 50.3496 -3.4875 -4.7534 -5.3656 -2.3207 0.2935 0.0390 3.9755 0.1505 0.3093 -0.9464 0.9669 1.6405 -1.3440 -1.8851 -7.2799 -4.1130 3.0291 -0.0718 43.5370 0.1937 3.7109 -12.5956 -5.8874 -1.5131 -3.9240 1.1903
-15.3444 99.1227 -207.9336 3.6625 -1.9754 2.1333 -2.5262 -3.9977 0.3035 -0.8934 -5.9812 2.0831 -2.8162 10.9802 -0.0935 -0.8514 -0.0392 3.0649 0.0035 -3.6509 1.6737 -1.9139 -4.2261 2.6991 0.0270 0.0085 -0.0928 0.7161 -10.6875 -3.9694 -0.6723 -10.6902 3.7781 -25.4547 9.1700 -8.2829 -49.6320 15.5907 6.0179 0.1633 0.3828 -29.6555 10.6082 -32.9632 3.2309 -14.8231 10.9928 15.5092 -60.5840 1.3550 1.9785 21.9861 8.0197 14.8788 57.5621 7.8137 7.8162 0.2502 -0.0336 23.7683 -4.3181 -15.0724 3.9485 15.8205 7.5177 -16.5774 50.3182 -3.4858 -4.7777 -5.1224 -4.7741 0.5618 0.0401 4.3040 0.1615 -0.1504 0.3371 1.2442 1.6280 -1.3132 -1.9160 -7.9014 -0.6689 2.3344 -0.0214 42.1033 0.3993 4.3033 -11.8836 -4.6432 -1.5239 -4.2069 1.1931
-16.0273 99.0469 -210.5145 3.6365 -1.2335 1.4233 -2.1475 -4.3555 0.3297 -0.7670 -6.1373 2.3962 -2.7417 10.9203 0.2367 -1.4145 -0.5491 3.3002 0.0241 -3.6887 1.8005 -2.0474 -4.5172 2.8042 0.0339 -0.0038 -0.0642 0.7164 -10.6906 -3.9413 -0.6599 -10.6970 3.8055 -25.9969 9.0726 -7.7051 -49.9545 16.1007 7.5776 0.0360 0.3959 -30.3627 10.3833 -32.5198 3.5459 -14.8655 10.9614 15.4610 -60.6049 1.3857 1.9739 22.0000 7.8137 15.3509 56.9027 7.4179 8.3668 0.2197 -0.0167 24.6223 -4.3242 -14.3368 3.9354 15.7944 7.4940 -16.5429 50.3322 -3.4235 -4.7918 -4.6658 -7.4892 0.7963 0.0461 4.7427 0.1585 -0.6725 1.7274 1.6127 1.6157 -1.2777 -1.9518 -8.3742 2.4123 1.7620 -0.0130 39.6107 0.5754 4.7796 -10.8613 -2.9627 -1.5194 -4.7297 1.1727
-16.8332 98.9027 -213.4489 3.5127 -0.3748 0.6312 -1.7100 -4.6806 0.3279 -0.6247 -6.2640 2.7005 -2.6778 10.8894 0.4992 -1.9782 -1.1714 3.4990 0.0633 -3.7214 2.0647 -2.2057 -4.9605 2.9942 0.0372 -0.0102 -0.0645 0.7149 -10.6655 -3.9371 -0.6529 -10.6773 3.7973 -26.5184 9.0055 -7.2004 -50.5355 16.6273 8.5094 -0.0883 0.3811 -30.7362 9.5946 -31.5253 4.3672 -14.9332 10.9457 15.4256 -60.6735 1.4181 2.0051 22.0169 7.5519 15.8714 56.1891 6.8283 8.9472 0.0840 0.0372 25.7683 -4.4775 -13.7281 4.1336 15.7285 7.4822 -16.4924 50.2823 -3.3588 -4.8148 -3.9849 -10.4910 1.0085 0.0442 5.2719 0.1578 -1.3186 3.2011 2.0202 1.6056 -1.2806 -1.9831 -8.6409 4.9378 1.4332 -0.0355 36.0219 0.6762 5.2478 -9.5125 -0.7703 -1.4934 -5.8996 1.1366
-17.7564 98.6479 -216.5097 3.3572 0.5438 -0.2819 -1.2526 -4.8511 0.3999 -0.5032 -6.3511 2.8993 -2.6294 10.8986 0.7072 -2.5800 -1.9520 3.7059 0.1326 -3.7342 2.4316 -2.4594 -5.7181 3.3141 0.0392 -0.0157 -0.0667 0.7183 -10.6371 -3.9311 -0.6532 -10.6571 3.7876 -26.9302 9.0341 -6.8403 -51.4746 16.9386 8.9097 -0.2351 0.3391 -30.9447 8.5786 -30.3209 5.4492 -14.9791 10.8803 15.4044 -60.6593 1.4018 2.0979 21.8577 7.2760 16.4775 55.5179 5.9478 9.6240 -0.0097 0.0681 27.2257 -4.8943 -13.2737 4.5097 15.6323 7.4282 -16.3820 50.0489 -3.3364 -4.8584 -3.1285 -13.7373 1.2481 0.0241 5.8546 0.1279 -2.1554 4.7060 2.5221 1.5946 -1.3083 -2.0195 -8.6816 6.6748 1.4277 -0.0651 31.6250 0.6769 5.7624 -8.2995 1.8123 -1.4849 -8.4010 1.1397
-18.7567 98.2097 -219.7493 3.1947 1.3846 -1.1840 -0.8380 -4.7902 0.4579 -0.3849 -6.3387 3.0883 -2.5689 10.9539 0.8166 -3.2781 -2.7941 3.9389 0.2383 -3.7391 2.8307 -2.7835 -6.8028 3.7068 0.0352 -0.0110 -0.0603 0.7303 -10.6198 -3.9208 -0.6745 -10.6456 3.7907 -27.1172 9.1874 -6.6601 -52.7867 16.8502 8.6724 -0.4218 0.3027 -31.0682 7.6415 -29.0147 6.5023 -14.9684 10.8418 15.3812 -60.5950 1.3970 2.1198 21.4103 7.1139 17.1200 54.9829 4.7604 10.5625 -0.1769 0.0989 28.8876 -5.4724 -13.0368 4.9396 15.5772 7.3856 -16.2568 49.7736 -3.3586 -4.8925 -2.1189 -16.9816 1.4078 0.0061 6.2988 0.0817 -3.1362 6.2023 3.0700 1.5859 -1.3246 -2.0362 -8.4983 7.3906 1.4286 -0.0371 26.8021 0.6615 5.9376 -8.3457 3.9078 -1.5140 -12.6159 1.2052
-19.8833 97.6723 -223.2951 2.8054 1.8761 -1.9944 -0.2843 -4.3857 0.4223 -0.3090 -6.1851 3.2435 -2.3685 11.0809 0.9440 -3.9150 -3.6717 4.1426 0.2322 -3.7066 3.1789 -3.2083 -8.1901 4.1203 0.0368 -0.0067 -0.0243 0.7561 -10.6209 -3.8842 -0.6958 -10.6561 3.8295 -27.1873 9.5706 -6.7319 -54.3519 16.3716 7.8102 -0.4737 0.2990 -31.3725 6.6694 -28.2547 7.2276 -14.9469 10.7906 15.4534 -60.4303 1.3908 2.1724 20.7648 7.0547 17.7306 54.3190 3.3723 11.5218 -0.1146 0.1003 30.7209 -6.2411 -12.8734 5.3993 15.4518 7.3778 -16.1155 49.6422 -3.3447 -4.8885 -0.7198 -19.7658 1.3258 -0.0267 6.2518 -0.0306 -4.3706 7.7839 3.6383 1.6189 -1.9840 -2.0527 -7.7770 7.2341 1.2397 -0.0291 22.9297 0.7091 5.6250 -11.0130 4.7471 -1.5180 -13.6816 1.2293
-21.0088 97.2126 -227.0573 1.9450 1.9081 -2.4075 0.5466 -3.8277 0.3480 -0.1992 -5.9067 3.2489 -1.9701 11.4335 0.8709 -4.6789 -4.3448 4.3469 0.1922 -3.6439 3.4266 -3.5210 -9.4766 4.4297 0.0618 0.0103 0.0010 0.7535 -10.6108 -3.8784 -0.6428 -10.6556 3.8638 -27.1984 9.6246 -6.8078 -55.7485 15.8850 6.8978 -0.5234 0.3171 -31.9040 5.8955 -27.7376 7.5617 -14.7111 10.6487 15.3174 -59.9249 1.1956 2.2668 20.2670 7.1318 18.2507 53.2392 1.9745 12.6175 0.0359 0.0610 32.2507 -6.9351 -12.7323 6.0142 15.3199 7.5337 -16.2085 49.8483 -3.2007 -5.0933 1.2159 -21.9973 1.0555 -0.0358 6.2234 0.0570 -5.6948 8.1492 3.6357 1.6601 -2.5564 -2.1123 -6.1616 6.4548 0.9566 -0.0307 20.6367 0.5686 4.9290 -14.7100 4.3243 -1.5025 -10.5457 1.2625
-22.1299 96.8031 -230.7056 0.5153 1.6029 -2.4900 1.6410 -3.1461 0.2089 -0.0544 -5.5871 2.9992 -1.2226 11.7278 0.9219 -5.2286 -4.6496 4.5703 0.2058 -3.6069 3.5858 -3.9448 -10.3554 4.9062 0.0615 0.0223 -0.0125 0.7367 -10.5856 -3.8802 -0.6275 -10.6169 3.8409 -26.9812 9.9211 -6.8155 -57.3309 14.8165 6.0315 -0.4499 0.2485 -32.3068 5.5993 -27.5939 7.2447 -14.7311 10.5789 15.3365 -59.8718 1.1750 2.2376 19.7063 7.3126 18.7949 52.1052 0.9257 13.7322 0.1430 -0.0734 33.2535 -7.2521 -12.9582 6.4102 15.2616 7.5268 -16.1142 49.7959 -3.2319 -4.9748 3.5943 -23.5044 0.8406 -0.0896 5.3445 0.0020 -6.2837 6.9446 4.1918 1.6610 -3.3860 -2.1487 -3.5233 5.3767 1.3684 -0.0227 19.4539 0.4714 3.7665 -17.2487 3.2875 -1.4786 -6.9099 1.2296
-23.1242 96.4197 -234.1992 -1.0391 1.1377 -2.2202 2.7480 -2.4525 0.0692 0.0828 -5.2779 2.7391 -0.3665 11.9491 0.8680 -5.4449 -4.7542 4.5909 0.2187 -3.5741 3.6415 -4.3232 -10.8633 5.3145 0.0521 0.0314 -0.0249 0.7140 -10.5740 -3.8882 -0.6248 -10.5855 3.8282 -26.3764 10.2617 -6.8549 -59.0775 13.5189 5.4518 -0.3313 0.2030 -32.7109 5.7804 -27.7295 6.6261 -14.8111 10.5335 15.3444 -59.9195 1.1332 2.1475 19.1402 7.5609 19.0460 50.9982 0.3429 14.8733 0.2007 -0.1140 33.5717 -7.1281 -13.3535 6.6737 15.1518 7.5153 -16.0580 49.7026 -3.2439 -4.9289 5.8070 -24.8544 0.6163 -0.0962 4.6799 0.0035 -5.9885 3.4432 5.3227 1.6298 -4.0286 -2.1619 -0.7846 4.2991 1.6033 -0.0128 18.5358 0.3939 2.4254 -18.7187 2.2569 -1.4624 -4.0886 1.1849
-23.9909 96.1384 -237.5943 -2.3280 0.6238 -1.7140 3.6455 -1.7906 0.0620 0.2102 -5.0170 2.4919 0.3321 12.0933 0.6693 -5.2251 -4.8093 4.3622 0.2816 -3.4850 3.7052 -4.5247 -11.2739 5.5266 0.0433 0.0376 -0.0110 0.7041 -10.5599 -3.8737 -0.6327 -10.5563 3.8474 -25.7390 10.4989 -7.0845 -60.4105 12.2846 5.0005 -0.2853 0.1756 -32.8357 6.5208 -27.9705 5.9573 -14.9483 10.5438 15.3087 -60.0643 1.1023 2.0650 18.8271 7.6744 19.1326 49.9383 0.4191 15.8433 0.1883 -0.0594 33.0109 -6.6283 -14.1775 6.8693 15.1231 7.5454 -16.0668 49.7375 -3.2583 -4.9883 7.2305 -26.5227 1.0945 -0.0922 5.6106 -0.0073 -5.3100 -0.1187 6.8579 1.6083 -4.2284 -2.2026 1.5719 3.5239 1.7587 -0.0394 17.2349 0.3575 0.9195 -19.2985 1.1726 -1.4484 -1.8351 1.1051
-24.7117 96.2680 -240.6594 -3.0789 0.2878 -1.1321 4.2159 -1.3733 0.2175 0.2814 -4.8552 2.2278 0.6989 12.3072 0.3774 -4.6668 -4.9496 3.9071 0.3429 -3.4886 3.7741 -4.3634 -11.4705 5.4569 0.0307 0.0398 -0.0278 0.6963 -10.5420 -3.8871 -0.6490 -10.5230 3.8344 -25.6947 10.4194 -7.4181 -60.4906 11.2698 4.1843 -0.3594 0.1350 -32.5820 7.4094 -28.0846 5.8354 -14.8912 10.7529 15.2782 -60.1831 1.4502 2.0279 19.3680 7.5812 19.3376 48.5493 0.7979 16.2092 0.3425 -0.1372 31.1552 -6.2038 -14.9928 6.7922 15.2719 7.5774 -16.0994 49.8601 -3.2337 -4.8918 7.6654 -28.4743 2.2025 -0.0669 9.0944 0.0061 -4.4115 -1.2691 7.9260 1.6308 -4.2240 -2.2225 3.2686 2.9443 2.2365 -0.1276 15.1444 0.3455 -0.2734 -18.2979 0.1183 -1.4223 -0.5496 1.0521
-25.2205 96.9018 -243.4563 -3.3679 0.1578 -0.7290 4.4437 -1.2537 0.3592 0.3069 -4.7820 2.0743 0.9187 12.4542 0.0428 -3.8055 -5.0290 3.6012 0.3448 -3.4779 3.6826 -4.1182 -11.2302 5.3353 0.0335 0.0403 -0.0337 0.7235 -10.5600 -3.8996 -0.6692 -10.5470 3.8351 -25.6847 10.3086 -7.7714 -60.2619 10.2552 2.7376 -0.3128 0.0908 -31.9124 8.0742 -27.8883 5.7126 -14.8704 10.8558 15.1861 -60.1857 1.6428 1.9233 20.1000 7.2924 19.6940 47.8167 1.0451 15.9370 0.5959 -0.1135 27.6777 -5.8946 -15.4040 5.8781 15.4455 7.5284 -16.0901 50.0614 -3.2043 -4.8082 7.5288 -29.3832 3.3746 -0.0545 13.0958 -0.0183 -3.9782 -2.1430 8.6404 1.6473 -4.2839 -2.2297 4.2034 2.1611 3.0371 -0.1710 13.0091 0.2357 -0.8277 -15.8527 -1.0138 -1.4114 -0.3383 1.0003
-25.6175 97.7557 -245.9235 -3.2096 0.1353 -0.4183 4.4839 -1.1777 0.4827 0.2477 -4.7226 1.8965 0.8851 12.1814 -0.0026 -2.7999 -4.8231 3.3059 0.3011 -3.4753 3.3938 -3.6794 -10.7863 4.9470 0.0363 0.0522 -0.0316 0.7489 -10.5665 -3.9005 -0.6868 -10.5627 3.8397 -24.7305 10.4071 -8.1137 -60.5896 9.3791 0.9055 -0.1941 0.1084 -31.7505 8.4189 -27.6465 5.2190 -14.8496 10.8565 15.1760 -60.0592 1.5832 1.9349 19.9708 7.1261 19.6750 48.9131 0.9283 14.9503 0.7387 -0.1302 23.8148 -5.5994 -15.8085 4.3824 15.6808 7.4357 -16.0791 50.1708 -3.2598 -4.8574 6.9152 -28.9431 4.6623 -0.0238 17.0293 0.0391 -4.6698 -3.5974 9.2319 1.6488 -4.3705 -2.1958 4.4018 1.8577 3.7696 -0.1634 9.9694 0.1905 -0.9256 -12.7819 -2.1735 -1.4119 -0.4822 0.9612
-25.9170 98.5455 -248.3869 -2.6923 0.3014 -0.2783 4.4366 -1.1949 0.5867 0.1860 -4.7234 1.8196 0.5516 11.7133 0.1086 -1.9538 -4.6698 3.1084 0.2454 -3.4895 3.0322 -3.2631 -10.2690 4.4728 0.0380 0.0576 -0.0178 0.7609 -10.5619 -3.8838 -0.6932 -10.5646 3.8486 -23.7979 10.3784 -8.5838 -60.5786 8.6836 -0.6863 -0.0467 0.1656 -32.0899 8.9655 -27.8387 4.3018 -14.8169 10.8423 15.2214 -60.0157 1.4724 1.9066 19.4990 7.1053 19.3036 50.7881 1.1694 13.3794 0.7040 -0.1286 21.2683 -5.2047 -16.5275 3.1426 15.8855 7.3812 -16.1339 50.1584 -3.3664 -5.0042 6.0287 -27.6347 5.8993 -0.0067 20.9000 0.1076 -5.7052 -5.2060 9.5479 1.6562 -4.3693 -2.1680 4.0246 1.5017 4.3189 -0.1379 6.9888 0.1692 -0.9017 -9.8477 -3.2185 -1.4183 -0.6984 0.9267
-26.1299 99.1224 -250.7523 -1.9539 0.6356 -0.1911 4.3441 -1.3688 0.6176 0.1604 -4.8273 1.8341 0.0794 11.3570 0.1496 -1.5877 -4.6839 3.1425 0.1818 -3.5032 2.7030 -2.9622 -9.9429 3.9284 0.0328 0.0396 -0.0252 0.7606 -10.5625 -3.8855 -0.7025 -10.5675 3.8368 -23.4365 10.1098 -9.1189 -59.8262 8.0317 -1.9290 0.1366 0.2190 -32.5381 9.9475 -28.3658 3.2006 -14.8001 10.8898 15.3692 -60.0589 1.3998 1.9004 19.1012 7.1951 18.8451 52.4115 2.4524 11.6812 0.5948 -0.0917 20.7991 -4.6767 -17.6252 2.7088 16.0021 7.3869 -16.2166 50.1332 -3.5008 -5.1352 5.0000 -25.5771 6.8349 -0.0306 24.4185 0.1070 -5.9906 -6.1035 9.2365 1.6853 -4.2701 -2.1630 3.2249 0.5306 4.5056 -0.0988 5.1277 0.1229 -0.7851 -7.5535 -3.9078 -1.4283 -0.8649 0.8973
-26.2327 99.4549 -253.0227 -1.3532 1.0170 -0.1606 4.3000 -1.6464 0.6206 0.1629 -4.9820 1.7958 -0.2711 11.1101 -0.0099 -1.5565 -4.8397 3.2992 0.1605 -3.4973 2.6423 -2.8726 -9.7196 3.5793 0.0196 0.0144 -0.0582 0.7447 -10.5401 -3.9114 -0.7124 -10.5443 3.8009 -23.5422 9.6716 -9.6261 -58.5562 7.3256 -2.8619 0.2387 0.1791 -32.6975 11.0362 -28.8365 2.1509 -14.8060 10.9590 15.5676 -60.1593 1.3692 1.9677 19.0687 7.3267 18.3899 53.2478 4.9710 10.8713 0.4863 -0.0450 21.6550 -4.0838 -18.1573 2.6855 16.0089 7.3699 -16.2611 50.0221 -3.6485 -5.2147 4.3259 -22.9661 7.3408 -0.0798 27.7122 0.0295 -5.6831 -6.6755 8.4953 1.7344 -4.1214 -2.1687 2.4589 -1.0245 4.5343 -0.0691 4.4385 0.0613 -0.5985 -5.9006 -4.3226 -1.4436 -0.9385 0.8762
-26.2401 99.6166 -255.1828 -1.1758 1.3757 -0.1359 4.3255 -2.0152 0.6142 0.1938 -5.1814 1.5948 -0.3135 10.9477 -0.3260 -1.4948 -4.9400 3.4434 0.1576 -3.4901 2.7925 -2.9456 -9.5416 3.5588 0.0081 -0.0012 -0.0807 0.7324 -10.5114 -3.9279 -0.7223 -10.5123 3.7759 -23.7894 9.1576 -10.1387 -57.2031 6.4263 -3.6079 0.2277 0.0565 -32.2333 12.0689 -29.2046 1.3533 -14.8072 11.0702 15.7611 -60.2627 1.3964 2.0066 19.5031 7.4649 17.8642 53.3395 8.1265 10.9977 0.4159 -0.0159 22.8523 -3.5185 -17.9424 2.5323 15.9155 7.2996 -16.2343 49.8499 -3.7381 -5.2649 4.3651 -19.9460 7.4359 -0.1248 31.0496 -0.1165 -5.4322 -7.4467 7.6227 1.7826 -4.0083 -2.1649 2.1419 -2.9879 4.5435 -0.0660 4.5464 -0.0016 -0.4692 -4.6489 -4.6032 -1.4561 -0.9219 0.8741
-26.2187 99.6879 -257.4096 -1.3764 1.7050 -0.0629 4.3365 -2.4644 0.6112 0.2442 -5.4199 1.1542 -0.0554 10.8112 -0.7013 -1.2215 -4.9422 3.4241 0.1776 -3.4629 3.0845 -3.1142 -9.3191 3.8011 0.0028 -0.0109 -0.0828 0.7358 -10.5067 -3.9335 -0.7339 -10.5013 3.7804 -23.8859 8.6429 -10.6876 -56.1872 5.4490 -4.3593 0.1991 -0.0604 -31.2102 13.0209 -29.3053 0.9588 -14.8231 11.1461 15.8621 -60.3653 1.4079 2.0519 20.2725 7.5526 17.2438 53.0593 11.3049 11.3793 0.4093 0.0111 23.7942 -3.1570 -17.5577 2.3153 15.7617 7.2404 -16.1834 49.7053 -3.7707 -5.2551 4.9528 -16.4521 7.1543 -0.1371 34.1571 -0.2940 -5.2324 -8.4256 6.7566 1.8114 -3.9738 -2.1538 2.2046 -5.1836 4.4635 -0.0737 5.1626 -0.0608 -0.3011 -3.4927 -4.8229 -1.4632 -0.8559 0.8852
-26.1225 99.6766 -259.5545 -1.7396 1.9769 0.1572 4.2302 -2.9416 0.5330 0.2804 -5.6332 0.6219 0.4071 10.6520 -1.1424 -0.7010 -4.8006 3.2518 0.1924 -3.4470 3.3036 -3.2833 -9.0649 4.2126 -0.0053 -0.0125 -0.0894 0.7385 -10.5083 -3.9460 -0.7508 -10.4951 3.7802 -23.6434 8.2267 -11.3101 -55.7048 4.4748 -5.2005 0.1673 -0.1324 -30.1265 13.9015 -29.2295 0.8674 -14.8747 11.2011 15.8992 -60.4053 1.4362 2.1161 21.1454 7.6091 16.4742 52.7920 13.9003 11.4965 0.3175 0.0711 24.2986 -3.0324 -17.2357 2.0692 15.6450 7.2150 -16.1192 49.6084 -3.7663 -5.2279 5.7026 -12.4453 6.5205 -0.1132 36.5110 -0.4834 -5.2028 -9.1153 5.8321 1.8257 -4.0912 -2.1478 2.4055 -7.4308 4.2200 -0.0702 6.0464 -0.1122 -0.0561 -2.3698 -4.9794 -1.4601 -0.7713 0.8977
-25.9655 99.6333 -261.8603 -2.0341 2.2144 0.5782 3.9634 -3.3935 0.4119 0.2935 -5.8385 0.0301 0.8762 10.5446 -1.5920 0.0082 -4.6772 2.9561 0.2138 -3.4201 3.4956 -3.4341 -8.7259 4.6071 -0.0134 -0.0153 -0.0941 0.7305 -10.5167 -3.9556 -0.7573 -10.4984 3.7821 -23.1914 7.9749 -11.9817 -55.5479 3.6348 -6.2316 0.1645 -0.1863 -29.6716 14.7134 -28.9911 0.8231 -14.9083 11.1807 15.8521 -60.3065 1.4655 2.1897 22.1089 7.6899 15.6736 52.4945 15.5660 10.7974 0.2782 0.1118 24.6165 -3.2045 -17.4360 1.9840 15.5826 7.2186 -16.1109 49.5974 -3.7674 -5.2362 6.2357 -8.1438 5.5478 -0.0800 37.6704 -0.6574 -5.5388 -9.0508 4.6563 1.8421 -4.4151 -2.1522 2.4522 -9.6009 4.0218 -0.0487 6.8630 -0.1756 0.2919 -1.2123 -5.1738 -1.4518 -0.6998 0.9006
-25.7052 99.5487 -264.3533 -2.2253 2.4031 1.1512 3.6282 -3.7959 0.2775 0.2636 -6.0048 -0.5650 1.2721 10.4993 -1.9777 0.7583 -4.6122 2.6575 0.2510 -3.3834 3.5506 -3.5634 -8.3735 4.9026 -0.0173 -0.0155 -0.0859 0.7217 -10.5279 -3.9510 -0.7549 -10.5022 3.7939 -22.5927 7.7620 -12.5810 -55.5569 3.3104 -7.6482 0.2617 -0.1862 -30.3206 15.1265 -28.5589 0.7770 -14.9775 11.0993 15.8209 -60.1267 1.4541 2.2493 23.0233 7.7743 14.8797 52.3006 16.5636 9.5541 0.2157 0.1360 25.0498 -3.4210 -18.3232 2.1485 15.5605 7.2607 -16.1875 49.6813 -3.7893 -5.3285 6.5397 -3.8507 4.4084 -0.0433 37.4722 -0.7911 -6.4135 -8.1837 2.7506 1.8652 -4.9717 -2.1562 2.2877 -11.5972 4.0552 -0.0316 7.3923 -0.2311 0.6996 0.0113 -5.6245 -1.4419 -0.6029 0.9076
-25.4086 99.3968 -267.0108 -2.3928 2.5797 1.8676 3.2893 -4.1761 0.0922 0.1951 -6.1089 -1.0680 1.6185 10.4842 -2.3210 1.5213 -4.5829 2.3753 0.2794 -3.3637 3.5035 -3.6091 -7.9834 5.1093 -0.0206 -0.0088 -0.0797 0.7098 -10.5377 -3.9443 -0.7488 -10.4987 3.7985 -21.9291 7.4942 -13.0544 -55.5800 3.5417 -9.4077 0.3749 -0.1675 -32.0896 15.0408 -27.6650 0.7260 -15.0728 11.0251 15.8183 -59.9879 1.4282 2.2663 23.8875 7.7875 14.0603 52.2614 17.2656 8.1709 0.0992 0.1535 25.5651 -3.4957 -19.5638 2.4481 15.5511 7.3085 -16.3136 49.8001 -3.8599 -5.4080 6.7265 0.1951 3.1460 -0.0037 36.2112 -0.8746 -7.6934 -6.8775 -0.1377 1.8955 -5.8135 -2.1654 2.0016 -13.5452 4.2641 -0.0306 7.6791 -0.2656 1.1294 1.3672 -6.3538 -1.4316 -0.5043 0.9196
-25.0460 99.1833 -269.8562 -2.5080 2.7784 2.6941 2.9191 -4.5127 -0.0875 0.0896 -6.1914 -1.4983 1.9029 10.5288 -2.6308 2.3044 -4.5799 2.0595 0.3070 -3.3579 3.4853 -3.5818 -7.5764 5.2117 -0.0235 0.0008 -0.0786 0.7033 -10.5576 -3.9444 -0.7472 -10.5061 3.8018 -21.2091 7.1902 -13.4325 -55.6037 4.1026 -11.4409 0.4891 -0.1142 -34.6527 14.4584 -26.4075 0.7599 -15.1574 10.9824 15.8279 -59.9456 1.4407 2.2541 24.7216 7.7262 13.3093 52.3790 17.6752 6.8125 -0.0182 0.1611 25.8967 -3.4755 -20.6277 2.7611 15.5422 7.3872 -16.4550 49.9490 -3.8702 -5.4349 6.7440 3.7682 1.8944 0.0424 34.0568 -0.9196 -9.0140 -5.4500 -3.4957 1.9228 -6.8293 -2.1739 1.5583 -15.5391 4.5515 -0.0488 7.8343 -0.2807 1.6105 2.8118 -7.2714 -1.4226 -0.4411 0.9440
-24.6414 98.8934 -272.9171 -2.5013 2.9564 3.5713 2.4867 -4.7475 -0.2610 -0.0430 -6.2425 -1.8144 2.0797 10.6488 -2.9126 3.0637 -4.5700 1.6622 0.3490 -3.3859 3.5853 -3.5541 -7.1408 5.1619 -0.0236 0.0070 -0.0683 0.7001 -10.5750 -3.9336 -0.7441 -10.5183 3.8119 -20.4164 6.9577 -13.7453 -55.6077 4.6529 -13.6652 0.5851 -0.0475 -37.5257 13.6426 -24.9532 0.8671 -15.2204 10.9748 15.8426 -59.9763 1.4730 2.2590 25.4161 7.6622 12.6341 52.7697 17.6200 5.6411 -0.1629 0.1876 25.8813 -3.3786 -21.6029 3.0358 15.5287 7.4630 -16.5784 50.1086 -3.8387 -5.3976 6.4854 6.6666 0.7358 0.0875 31.1128 -0.9115 -9.7220 -4.1439 -6.4834 1.9423 -8.1046 -2.1886 0.8719 -17.5061 4.7421 -0.0617 7.8097 -0.2736 2.1465 4.4032 -8.2152 -1.4167 -0.4502 0.9774
-24.1066 98.4815 -276.0886 -2.3275 3.0410 4.4105 1.9817 -4.7846 -0.3722 -0.1814 -6.2672 -2.0395 2.1080 10.8382 -3.1623 3.7638 -4.4819 1.3402 0.3749 -3.4443 3.6351 -3.5426 -6.7372 4.9895 -0.0232 0.0080 -0.0666 0.7038 -10.5909 -3.9313 -0.7471 -10.5337 3.8122 -19.5835 6.8798 -14.0425 -55.5791 4.9270 -15.8134 0.6633 -0.0155 -40.3306 12.8030 -23.6812 1.0268 -15.2406 11.0076 15.8792 -60.0675 1.5369 2.2268 25.9145 7.6286 12.0882 53.3656 17.0897 4.6106 -0.2444 0.2135 25.6591 -3.3100 -22.5825 3.2340 15.5653 7.5379 -16.6811 50.3213 -3.8333 -5.3164 5.8839 8.7212 -0.0997 0.1092 27.6132 -0.8445 -8.7854 -3.2349 -7.9114 1.9851 -10.5704 -2.2412 -0.0674 -19.4049 4.7459 -0.0794 7.6460 -0.2618 2.7478 6.0568 -8.9266 -1.4132 -0.4889 1.0126
-23.5166 97.9177 -279.5250 -1.9883 3.0280 5.1284 1.4312 -4.5795 -0.4593 -0.3046 -6.2325 -2.2081 1.9764 11.0379 -3.2965 4.3574 -4.2705 1.1291 0.3594 -3.5088 3.5597 -3.5122 -6.5107 4.8169 -0.0240 0.0064 -0.0857 0.7067 -10.6012 -3.9480 -0.7518 -10.5524 3.7922 -18.7342 6.9587 -14.3220 -55.4672 4.8982 -17.7185 0.6804 -0.0093 -42.8577 12.1510 -22.8608 1.1421 -15.2218 11.0459 15.9605 -60.0207 1.5754 2.2661 26.1114 7.5792 11.6577 54.1914 16.2161 3.7898 -0.2231 0.2001 25.4470 -3.3355 -23.2801 3.4276 15.6151 7.5710 -16.7466 50.4772 -3.8765 -5.2792 4.9740 9.7930 -0.5314 0.1084 24.1814 -0.7553 -6.2833 -3.7780 -7.5511 2.0691 -13.8739 -2.3549 -1.2393 -21.2065 4.4949 -0.0896 7.1806 -0.2396 3.5369 7.7764 -9.2106 -1.4103 -0.6266 1.0505
-22.8897 97.2471 -283.1962 -1.4821 2.8665 5.6297 0.8452 -4.0975 -0.5155 -0.4085 -6.1056 -2.2750 1.6986 11.2244 -3.3758 4.8254 -3.9009 1.0091 0.2811 -3.5352 3.3915 -3.4542 -6.5994 4.6416 -0.0160 0.0080 -0.0802 0.7214 -10.5941 -3.9406 -0.7510 -10.5652 3.7936 -17.8044 7.1509 -14.4900 -55.3811 4.5511 -19.3844 0.6204 0.0348 -44.7076 11.7540 -22.2986 1.2554 -15.1826 11.0488 16.0132 -59.9230 1.6087 2.3349 25.9729 7.5927 11.4565 55.2433 15.1755 3.3976 -0.2015 0.2028 25.4779 -3.3977 -23.5689 3.6433 15.6941 7.5668 -16.7206 50.5497 -3.9225 -5.2880 3.7376 9.8580 -0.6103 0.0891 21.6820 -0.6944 -3.5253 -6.4156 -6.4675 2.1008 -15.4071 -2.4371 -2.6423 -22.8541 4.2352 -0.0864 6.3222 -0.2084 4.6144 9.3522 -9.0970 -1.4079 -0.9896 1.0930
-22.2000 96.5870 -287.1160 -0.8118 2.4424 5.8686 0.2713 -3.4169 -0.6058 -0.5038 -5.7724 -2.1364 1.2368 11.3848 -3.4151 5.2527 -3.5388 0.9174 0.1463 -3.5715 3.2756 -3.3631 -6.9387 4.5819 -0.0063 0.0154 -0.0338 0.7609 -10.6067 -3.9100 -0.7725 -10.5958 3.8533 -16.8561 7.4178 -14.6066 -55.2872 4.0299 -20.6228 0.4304 0.1178 -45.6744 11.4085 -21.6694 1.4969 -15.2221 10.9306 15.9518 -59.7757 1.5743 2.3944 25.4595 7.8126 11.4339 56.5430 13.9721 3.5721 -0.2761 0.2260 25.5918 -3.2523 -23.9716 4.0891 15.7118 7.5665 -16.6731 50.5747 -3.9076 -5.2759 2.1360 9.2222 -0.4318 0.0705 20.4391 -0.6226 -1.2277 -10.5180 -5.3970 2.0287 -13.7925 -2.3915 -4.2019 -24.2134 3.9404 0.0064 5.0901 -0.0503 6.0270 10.1622 -9.0351 -1.4157 -2.0329 1.1328
-21.5501 96.0081 -291.1339 0.0194 1.9351 5.4988 -0.5056 -2.7371 -0.4106 -0.5355 -5.4601 -2.0164 0.7637 11.7106 -3.3346 5.4024 -3.2773 0.9131 0.1119 -3.5540 3.4323 -3.1457 -7.1484 4.3769 0.0121 0.0402 0.0252 0.7703 -10.5762 -3.8463 -0.7488 -10.5669 3.9012 -16.2947 7.5896 -14.5544 -55.0978 3.6478 -21.1785 0.2246 0.1702 -45.8715 11.0831 -21.5162 1.8821 -15.2107 10.9118 15.9915 -59.8613 1.4874 2.4969 24.8659 7.9650 11.6529 57.7070 12.9985 3.8765 -0.2762 0.2467 26.2233 -3.3549 -23.7882 4.1577 15.6916 7.6277 -16.6464 50.7750 -3.7196 -5.3005 0.3054 8.2190 0.0222 0.0102 19.9476 -0.5176 -0.0373 -14.7543 -4.0649 1.9118 -10.3575 -2.2295 -5.7157 -25.6224 3.9248 0.0665 4.2494 -0.0352 7.3813 8.1608 -8.4718 -1.4139 -3.0474 1.2040
-20.9465 95.5680 -294.9603 1.0191 1.3720 4.8307 -1.2931 -2.0666 -0.2112 -0.6071 -5.1257 -1.7265 0.1624 11.9093 -3.2332 5.3616 -3.0330 0.9750 0.1728 -3.5088 3.4383 -3.0093 -7.2757 4.5153 0.0244 0.0642 0.0609 0.7739 -10.5186 -3.8035 -0.7297 -10.5213 3.9269 -16.1526 7.7347 -14.4385 -54.8014 3.7579 -21.4352 0.1691 0.1587 -45.0748 10.7427 -22.4389 2.0028 -15.2036 10.8505 15.9428 -59.7960 1.4029 2.5849 24.2688 8.2210 11.7794 58.7283 12.1849 4.5229 -0.1817 0.2683 26.7796 -3.4744 -23.1828 4.5371 15.6551 7.6636 -16.5978 50.6793 -3.6088 -5.3700 -1.7026 7.2371 0.4162 -0.0150 19.3661 -0.4067 0.5273 -18.1763 -2.6101 1.8368 -6.4078 -2.0878 -6.8416 -26.8933 3.5731 0.0802 3.6051 -0.0341 7.5439 4.1958 -8.5383 -1.4018 -3.8613 1.2435
-20.3940 95.2671 -298.5316 1.9551 0.7856 4.1345 -2.0131 -1.4595 -0.0828 -0.6828 -4.8466 -1.4312 -0.4061 12.0856 -3.0473 5.1328 -2.8699 0.9600 0.2832 -3.4822 3.5461 -2.8317 -7.3103 4.8142 0.0283 0.0608 0.0513 0.7728 -10.4967 -3.8120 -0.7225 -10.5091 3.9168 -16.4867 7.9111 -14.3527 -54.4441 3.9219 -21.0502 0.0477 0.1797 -42.9006 10.4187 -24.0687 2.1614 -15.1956 10.7825 15.8222 -59.7912 1.3491 2.5338 23.7149 8.3749 11.9407 59.7049 12.0038 5.9941 -0.1887 0.2806 26.9516 -3.6055 -22.8896 4.8233 15.6141 7.6707 -16.5960 50.4959 -3.5653 -5.4205 -3.4560 6.5899 0.7489 -0.0380 18.1502 -0.3237 0.6256 -20.3044 -1.3309 1.7878 -3.3742 -2.0000 -7.3158 -28.0054 2.6637 0.0761 3.5196 -0.0651 6.7542 0.6376 -9.1421 -1.3970 -4.1023 1.2214
-19.8591 95.3561 -301.6956 2.5213 0.2308 3.4245 -2.5350 -1.0595 0.0141 -0.6941 -4.6875 -1.1298 -0.7482 12.4149 -2.8289 4.7838 -2.8483 1.0682 0.4085 -3.5276 3.5874 -2.6440 -7.0804 5.1094 0.0225 0.0423 0.0052 0.7713 -10.5114 -3.8555 -0.7328 -10.5294 3.8711 -17.7012 8.0875 -14.3336 -53.6859 4.0187 -19.7295 -0.1573 0.0683 -39.6968 10.1050 -25.7874 2.7318 -15.2709 10.7487 15.6702 -59.8520 1.3564 2.1804 23.4973 8.4629 12.3051 60.1638 12.1244 7.9870 -0.1635 0.1996 26.4791 -3.6593 -22.3439 4.5192 15.6009 7.6453 -16.5628 50.5763 -3.5923 -5.3262 -4.6746 6.0886 1.0033 -0.0100 16.5562 -0.2804 0.8423 -20.5427 -0.5497 1.7185 -1.9916 -1.9760 -6.9383 -28.7339 1.3123 0.0805 4.6500 -0.1324 5.5747 -0.5646 -10.1668 -1.4257 -4.2254 1.1877
-19.3794 95.9085 -304.5409 2.9264 -0.2986 2.6905 -2.7817 -0.8025 0.0671 -0.7141 -4.5913 -0.8144 -1.0930 12.5988 -2.6482 4.4437 -2.5946 1.1068 0.4951 -3.5175 3.8566 -2.4482 -7.0676 5.3728 0.0203 0.0392 -0.0232 0.7649 -10.5172 -3.8775 -0.7309 -10.5474 3.8360 -18.8979 8.0819 -14.1541 -53.4013 4.1706 -17.6226 -0.2872 0.0895 -36.1568 10.1741 -28.1712 3.1621 -15.3877 10.6738 15.4520 -59.9739 1.2920 1.9761 23.2321 8.5665 12.7297 60.4953 12.3441 10.4320 0.0047 0.1957 25.2759 -3.1763 -20.8799 3.1298 15.5171 7.5544 -16.5592 50.3446 -3.6662 -5.3422 -5.5514 5.6158 1.1752 0.0096 14.9204 -0.1742 1.0871 -18.9584 -0.1865 1.6886 -1.4240 -1.8973 -6.2884 -28.9180 -0.0951 0.0720 7.3567 -0.1427 5.7670 -0.3164 -10.6790 -1.3978 -4.1641 1.2439
-18.9641 96.6341 -307.0323 2.9906 -0.8592 1.9457 -2.7504 -0.5479 0.0549 -0.6907 -4.4968 -0.5899 -1.2026 12.5262 -2.3972 3.8474 -1.9967 1.2886 0.6856 -3.4976 4.1745 -2.2637 -7.3885 5.6378 0.0189 0.0448 -0.0433 0.7626 -10.5392 -3.8965 -0.7304 -10.5713 3.8140 -19.6663 8.2276 -13.7767 -53.8152 4.2773 -14.4680 -0.3528 0.1213 -33.4910 10.8008 -30.7763 2.7219 -15.4724 10.6749 15.4617 -60.1444 1.2589 1.9161 22.1128 8.7097 13.0418 61.1880 12.4645 13.0170 0.2040 0.1967 24.0386 -2.1080 -18.6461 1.4258 15.4639 7.4566 -16.6125 50.0737 -3.7433 -5.3743 -6.0231 5.6627 1.2122 0.0325 12.4029 -0.0801 1.2269 -16.4188 0.2705 1.6718 -1.3476 -1.8682 -5.6791 -28.8247 -0.7259 0.0871 12.3659 -0.0668 5.9052 -0.2803 -9.8069 -1.3873 -4.0713 1.2688
-18.6527 97.3573 -309.4167 2.8379 -1.3234 1.5388 -2.6400 -0.3742 -0.0049 -0.6479 -4.4311 -0.4494 -1.1405 12.3212 -2.1972 3.2989 -1.2294 1.5042 0.9219 -3.4962 4.3376 -2.1388 -7.8930 5.9467 0.0154 0.0572 -0.0554 0.7560 -10.5864 -3.9151 -0.7298 -10.6146 3.8097 -19.9677 8.5073 -13.2552 -54.5067 5.0428 -11.1284 -0.2125 0.1202 -32.1921 11.5895 -32.9880 1.2727 -15.3738 10.7038 15.5846 -60.2815 1.2483 1.9891 20.8652 8.9116 13.1074 61.5411 12.1894 14.2743 0.1523 0.2055 23.7214 -1.5835 -17.3834 0.7777 15.4993 7.4159 -16.6119 49.8954 -3.7907 -5.3763 -6.2004 5.7845 0.8876 0.0307 9.6626 -0.0129 1.2601 -13.7304 0.9455 1.6741 -1.4415 -1.9010 -5.3616 -28.4799 -0.6993 0.1092 18.7661 0.0781 5.4670 -0.7243 -7.5296 -1.4031 -3.9524 1.2174
-18.5946 97.9371 -311.6548 2.6133 -1.5332 1.6961 -2.6038 -0.3959 -0.0566 -0.6531 -4.4205 -0.3866 -1.0053 12.1603 -2.1032 3.0854 -0.7544 1.5689 1.0774 -3.5084 4.4550 -1.9780 -8.1850 6.0826 0.0125 0.0664 -0.0598 0.7430 -10.6285 -3.9269 -0.7220 -10.6564 3.8139 -20.0653 8.9221 -12.8042 -54.6998 6.5478 -8.5494 -0.0488 0.1671 -31.5186 11.8722 -34.0508 0.3033 -15.2573 10.7419 15.6527 -60.3355 1.2291 2.0748 20.4045 9.0061 13.1013 60.9805 11.7396 13.6324 -0.1507 0.2453 24.4080 -2.3021 -18.1515 1.6575 15.5695 7.4688 -16.5485 50.0527 -3.7272 -5.2982 -6.0851 5.4480 0.5442 0.0069 7.4514 0.0321 1.1808 -11.4846 1.2295 1.6783 -1.4840 -1.9169 -5.3640 -27.7162 -0.1607 0.0941 25.1518 0.2037 5.2014 -1.6633 -5.1149 -1.4185 -3.9425 1.1790
-18.6673 98.3332 -313.7936 2.4996 -1.4919 2.2253 -2.7011 -0.5597 -0.1196 -0.6860 -4.4322 -0.2803 -0.9222 11.9976 -2.0567 3.1686 -0.6807 1.5208 1.1001 -3.5302 4.4707 -1.7779 -8.1917 5.9288 0.0132 0.0751 -0.0568 0.7423 -10.6352 -3.9300 -0.7194 -10.6668 3.8220 -20.2673 9.2596 -12.4823 -54.2238 8.2202 -6.3100 -0.1210 0.2235 -30.6904 11.8179 -34.0172 0.0340 -15.1230 10.7682 15.6639 -60.2365 1.1756 2.0892 20.7226 8.9145 13.1098 59.6856 11.1840 12.0953 -0.3650 0.2402 25.2779 -3.5723 -19.6143 3.1937 15.6497 7.5206 -16.5162 50.3283 -3.5927 -5.1701 -5.9572 4.4782 0.3105 0.0007 6.0920 0.0553 1.1341 -9.7326 1.0855 1.6805 -1.4233 -1.8917 -5.6326 -26.3550 0.7926 0.0667 30.6826 0.2817 4.9587 -3.3490 -3.6932 -1.4341 -3.9546 1.2007
-18.8590 98.6118 -316.0568 2.5298 -1.3290 2.7889 -2.7980 -0.8292 -0.1362 -0.7376 -4.5160 -0.0959 -0.9845 11.9399 -1.9861 3.3429 -0.8221 1.4891 1.0325 -3.5274 4.3237 -1.6037 -8.1035 5.6511 0.0130 0.0800 -0.0764 0.7438 -10.6323 -3.9519 -0.7212 -10.6705 3.8059 -20.6821 9.4154 -12.1746 -53.2912 9.6123 -4.0423 -0.3143 0.2396 -29.5005 11.8793 -33.7514 0.0869 -15.0148 10.8213 15.6327 -60.1954 1.1755 2.0438 21.2718 8.7170 13.2605 58.2544 10.4212 10.6885 -0.3619 0.1698 25.6304 -4.6925 -20.7609 4.3855 15.7095 7.5576 -16.5310 50.5144 -3.4777 -5.0130 -5.9368 2.9946 0.1407 0.0080 5.6092 0.0856 1.0857 -8.3226 0.8566 1.6783 -1.3610 -1.8700 -5.9605 -24.3316 1.9432 0.0251 35.4244 0.2653 4.0665 -5.7162 -3.6092 -1.4551 -3.8706 1.2178
-19.1263 98.8117 -318.2719 2.6318 -1.1056 3.2478 -2.7880 -1.1770 -0.1012 -0.8049 -4.6632 0.1659 -1.1663 11.9245 -1.8397 3.4630 -0.9874 1.5285 0.9076 -3.5202 4.0682 -1.4503 -7.9827 5.3170 0.0078 0.0760 -0.1260 0.7401 -10.6219 -3.9990 -0.7277 -10.6664 3.7580 -21.2081 9.5153 -11.7704 -52.3057 10.4770 -1.6033 -0.4011 0.2461 -28.1008 12.1757 -33.6330 0.1775 -14.9593 10.9058 15.6357 -60.2402 1.2204 2.0064 21.6333 8.5260 13.5905 57.1386 9.4966 9.8583 -0.2281 0.1158 25.3397 -5.2954 -21.1498 4.8328 15.7571 7.5688 -16.5687 50.5457 -3.4397 -4.8735 -5.9756 1.1766 0.0752 0.0246 5.7262 0.1099 0.9601 -7.0797 0.6419 1.6692 -1.3639 -1.8674 -6.1650 -21.5267 3.0463 -0.0462 39.3943 0.1595 2.8295 -8.0328 -4.3579 -1.4742 -3.7450 1.2250
-19.3985 98.9290 -320.4406 2.8065 -0.8822 3.5069 -2.6971 -1.5371 -0.0341 -0.8787 -4.8523 0.4836 -1.4024 11.8838 -1.5738 3.3782 -1.0569 1.5975 0.7876 -3.5213 3.7831 -1.3038 -7.9509 4.9677 0.0030 0.0652 -0.1565 0.7322 -10.6285 -4.0284 -0.7299 -10.6720 3.7288 -21.7060 9.6662 -11.2667 -51.6140 10.9997 0.7325 -0.3073 0.2663 -26.9830 12.5921 -33.5989 0.2077 -14.9580 10.9940 15.6496 -60.3805 1.2770 1.9476 21.6516 8.4111 14.0242 56.5127 8.5424 9.5550 -0.0845 0.0563 24.7975 -5.3795 -20.8008 4.6751 15.7954 7.5594 -16.6034 50.5009 -3.4515 -4.8134 -6.0705 -0.7413 0.1390 0.0298 6.1595 0.1356 0.6960 -5.9873 0.4282 1.6591 -1.3328 -1.8726 -6.2565 -18.0472 3.8538 -0.1077 42.3676 0.0448 2.0697 -9.8131 -5.0206 -1.4939 -3.6966 1.2405
-19.7373 98.9741 -322.6072 3.0118 -0.6068 3.5250 -2.5525 -1.9349 0.0408 -0.9288 -5.0541 0.8839 -1.6400 11.7915 -1.2218 3.0700 -1.0846 1.7138 0.6856 -3.5376 3.5354 -1.1962 -7.9300 4.6178 0.0021 0.0508 -0.1510 0.7267 -10.6355 -4.0245 -0.7271 -10.6751 3.7345 -22.2852 9.7672 -10.6488 -51.0936 11.5389 2.8132 -0.1295 0.3135 -26.3468 12.8694 -33.4394 0.2827 -14.9721 11.0687 15.6697 -60.5709 1.3401 1.8791 21.5279 8.3211 14.4691 56.1508 7.7200 9.5322 -0.0240 0.0080 24.4804 -5.1390 -20.0671 4.2830 15.8490 7.5369 -16.6195 50.4641 -3.4875 -4.7840 -6.1904 -2.7464 0.3437 0.0323 6.7549 0.1620 0.3287 -4.9685 0.2572 1.6515 -1.2681 -1.8744 -6.2465 -14.1514 4.2362 -0.1297 44.1409 -0.0023 1.8050 -10.9244 -5.2108 -1.5186 -3.7658 1.2643
-20.1043 98.9987 -324.6726 3.2053 -0.2542 3.3324 -2.3674 -2.3731 0.1220 -0.9324 -5.2914 1.3164 -1.8799 11.7128 -0.8008 2.5932 -1.1341 1.8784 0.6085 -3.5536 3.3599 -1.1438 -7.9350 4.2535 0.0056 0.0379 -0.1191 0.7197 -10.6488 -3.9950 -0.7140 -10.6840 3.7670 -22.9813 9.8143 -9.9693 -50.6754 12.1815 4.6087 0.0116 0.3632 -26.1564 12.8936 -32.9981 0.5084 -14.9668 11.1183 15.6840 -60.7184 1.4199 1.8288 21.4366 8.2182 14.9162 55.8377 7.0210 9.6064 -0.0217 -0.0294 24.6090 -4.9405 -19.2585 3.9481 15.9112 7.5563 -16.6358 50.5189 -3.4650 -4.7905 -6.2777 -4.8524 0.6410 0.0378 7.4278 0.1765 -0.0774 -4.0299 0.1757 1.6399 -1.2132 -1.8782 -6.2052 -10.0237 4.2204 -0.1149 44.5699 0.0354 1.9154 -11.2881 -4.7329 -1.5454 -3.9937 1.2876
-20.5290 98.9700 -326.7362 3.3644 0.1668 2.9478 -2.1238 -2.8410 0.1983 -0.8872 -5.5177 1.7868 -2.1437 11.6314 -0.3970 2.0200 -1.2113 2.0969 0.5251 -3.5716 3.2531 -1.1186 -7.9212 3.9321 0.0136 0.0242 -0.0711 0.7194 -10.6518 -3.9503 -0.6985 -10.6857 3.8145 -23.8365 9.7795 -9.2715 -50.3281 12.8564 6.1199 0.0685 0.3722 -26.1402 12.5452 -32.2000 0.9649 -14.9444 11.1422 15.6840 -60.7761 1.4912 1.8380 21.4235 8.1288 15.3686 55.5401 6.3001 9.6608 -0.0866 -0.0462 25.1620 -4.9375 -18.6081 3.8616 15.9371 7.5627 -16.6398 50.5635 -3.4406 -4.8198 -6.2952 -6.9973 0.9155 0.0441 8.0149 0.1935 -0.4884 -3.0005 0.2374 1.6313 -1.1929 -1.8887 -6.2241 -5.8973 3.8855 -0.0698 43.5835 0.1642 2.4032 -10.7949 -3.1909 -1.5626 -4.5331 1.2974
-21.0435 98.9434 -329.0359 3.4355 0.6375 2.4090 -1.7962 -3.3024 0.2738 -0.7979 -5.7311 2.2558 -2.4146 11.5775 -0.0278 1.3335 -1.3261 2.3449 0.4599 -3.5837 3.2401 -1.0972 -7.8712 3.6778 0.0240 0.0096 -0.0247 0.7202 -10.6488 -3.9040 -0.6791 -10.6808 3.8565 -24.7481 9.7351 -8.5708 -50.1858 13.4382 7.3001 0.0892 0.3844 -26.1431 11.7197 -31.0314 1.7095 -14.9453 11.1223 15.6216 -60.7961 1.5429 1.8669 21.4184 8.0684 15.8643 55.3123 5.4107 9.5569 -0.1264 -0.0537 26.1668 -5.2479 -18.2891 4.1262 15.8791 7.5436 -16.6106 50.5288 -3.4271 -4.8472 -6.1529 -9.1889 1.1695 0.0356 8.4960 0.1878 -0.9612 -1.8358 0.3974 1.6252 -1.1798 -1.9082 -6.2843 -1.9174 3.4766 -0.0370 41.2911 0.3352 3.3701 -9.7402 -0.6076 -1.5619 -5.3282 1.2857
-21.6042 98.8828 -331.4565 3.4289 1.1739 1.7544 -1.3891 -3.7261 0.3435 -0.6850 -5.8985 2.6936 -2.6771 11.5280 0.3199 0.5721 -1.5400 2.6029 0.4347 -3.5973 3.3183 -1.0899 -7.7459 3.5753 0.0343 -0.0040 0.0130 0.7194 -10.6329 -3.8638 -0.6583 -10.6600 3.8870 -25.6688 9.6997 -7.9087 -50.2661 13.7283 8.2614 0.0202 0.3719 -26.1203 10.5874 -29.5194 2.6425 -14.9775 11.0440 15.5355 -60.7307 1.5236 1.9874 21.3778 8.0305 16.4207 55.1292 4.4998 9.5511 -0.1471 -0.0502 27.6141 -5.6078 -18.1469 4.6451 15.7837 7.5031 -16.5489 50.3973 -3.4429 -4.8596 -5.8542 -11.4998 1.3320 0.0243 8.8553 0.1934 -1.4167 -0.4590 0.6881 1.6184 -1.1516 -1.9290 -6.3572 1.6865 3.0872 -0.0280 37.7128 0.4868 4.4760 -8.2012 2.5843 -1.5486 -6.6666 1.2652
-22.2263 98.7341 -334.0057 3.3957 1.8017 1.0194 -0.9842 -4.0505 0.4177 -0.5708 -6.0024 3.0772 -2.8827 11.4562 0.6559 -0.2312 -1.8727 2.8353 0.4349 -3.6095 3.4799 -1.0959 -7.6917 3.6209 0.0367 -0.0090 0.0179 0.7123 -10.6113 -3.8548 -0.6477 -10.6285 3.8847 -26.4228 9.6593 -7.3589 -50.6834 13.6704 9.0009 -0.1146 0.3294 -26.1505 9.4432 -28.0350 3.4700 -15.0082 10.9466 15.4527 -60.6116 1.4372 2.1005 21.1691 7.9535 16.9815 54.9916 3.8256 10.1110 -0.1987 -0.0450 29.3121 -5.6264 -17.8358 5.1372 15.6919 7.4237 -16.4496 50.1370 -3.4961 -4.9293 -5.4426 -14.0227 1.4001 0.0341 9.1863 0.2101 -1.8497 1.0428 1.1060 1.6079 -1.0850 -1.9426 -6.4167 4.5823 2.6760 -0.0445 33.1797 0.5786 5.1744 -6.8127 5.2270 -1.5377 -8.5484 1.2523
-22.9066 98.4615 -336.7005 3.3044 2.5167 0.2711 -0.5917 -4.2180 0.5063 -0.4538 -6.0786 3.3851 -3.0057 11.4021 0.9684 -1.0797 -2.3502 3.0443 0.4774 -3.6172 3.7401 -1.1615 -7.9215 3.7417 0.0374 -0.0080 0.0173 0.7114 -10.6056 -3.8517 -0.6463 -10.6193 3.8809 -26.9849 9.6234 -6.9354 -51.3991 13.3737 9.3109 -0.2689 0.2585 -26.3741 8.4468 -26.8438 4.0533 -14.9728 10.8455 15.3854 -60.4343 1.3190 2.1871 20.8625 7.8553 17.5929 54.6440 3.4495 11.4037 -0.2140 -0.0288 31.1189 -5.2414 -17.1572 5.4582 15.5919 7.3513 -16.3068 49.8146 -3.5121 -5.0277 -4.8749 -16.8257 1.4812 0.0636 9.5358 0.2266 -2.3537 2.7537 1.5844 1.5919 -1.0100 -1.9526 -6.3508 6.5260 2.0797 -0.0611 27.9766 0.5893 4.8528 -6.2921 6.3683 -1.5527 -11.4569 1.2757
-23.7139 98.1003 -339.7245 2.9945 3.2036 -0.3985 -0.1505 -4.1912 0.5479 -0.3212 -6.0821 3.6598 -2.9501 11.3885 1.1900 -1.9515 -2.8350 3.2774 0.5530 -3.6527 3.9926 -1.2846 -8.4785 3.9638 0.0382 -0.0032 0.0190 0.7172 -10.6148 -3.8501 -0.6523 -10.6350 3.8831 -27.1727 9.6250 -6.6138 -52.5513 12.9447 8.8869 -0.3794 0.2081 -26.8353 7.6527 -26.1212 4.4080 -14.9632 10.7955 15.3537 -60.3533 1.2536 2.1692 20.4043 7.8043 18.2638 54.0106 3.1114 13.2064 -0.1718 0.0035 32.7714 -4.4225 -16.0098 5.5831 15.5512 7.3294 -16.1847 49.6538 -3.4723 -5.0670 -3.9759 -19.7264 1.5574 0.0994 9.7274 0.2036 -2.9634 4.7730 1.9717 1.5762 -0.9531 -1.9813 -5.8666 7.3062 1.4273 -0.0357 22.9668 0.5176 3.4542 -7.4171 5.7586 -1.5580 -14.3253 1.2955
-24.5860 97.7366 -343.0567 2.2548 3.5897 -0.7734 0.4789 -3.8412 0.5351 -0.2358 -5.9748 3.7711 -2.5503 11.5136 1.3081 -2.7549 -3.2715 3.5494 0.5637 -3.6759 4.2656 -1.3836 -9.2408 3.9335 0.0540 -0.0043 0.0656 0.7332 -10.6327 -3.8116 -0.6366 -10.6714 3.9340 -27.0253 9.6303 -6.5256 -54.0126 12.2680 7.9391 -0.4917 0.2039 -27.5381 7.1217 -25.3875 4.5767 -14.8453 10.8527 15.4598 -60.2429 1.2381 2.0994 19.8784 7.8143 18.9015 52.9453 2.6037 15.1677 -0.1119 0.0468 34.0537 -3.3484 -14.6026 5.4765 15.4410 7.4147 -16.1648 49.7724 -3.3542 -5.2031 -2.4788 -22.3710 1.3968 0.1064 9.6068 0.1596 -3.8622 7.0600 2.1791 1.5921 -1.2137 -2.0588 -4.6721 6.9855 0.6498 -0.0139 19.4011 0.4185 1.9522 -10.2084 4.6702 -1.5372 -13.4961 1.2994
-25.5745 97.4491 -346.6484 0.9013 3.6587 -1.0145 1.3617 -3.2594 0.5073 -0.1368 -5.6974 3.7390 -1.8404 11.5807 1.4337 -3.1611 -3.5772 3.6465 0.4348 -3.6267 4.2007 -1.6202 -10.1745 4.4024 0.0501 -0.0108 0.0238 0.7447 -10.6430 -3.8647 -0.6546 -10.6963 3.9069 -26.4098 9.8706 -6.3925 -55.8042 11.2162 6.6036 -0.4118 0.2224 -28.4883 6.7569 -25.2196 4.5514 -14.8265 10.7925 15.4507 -60.1193 1.2127 2.1849 19.2524 7.8025 19.4503 52.0164 1.6364 16.3811 0.1198 0.0407 34.8345 -2.9208 -13.6428 5.5262 15.3395 7.4180 -16.1619 49.6970 -3.3974 -5.3065 -0.2479 -24.4590 1.4185 0.0754 9.0089 0.1826 -5.2496 9.2584 1.3294 1.6638 -1.9484 -2.0724 -2.3413 5.7224 0.7001 -0.0713 17.8782 0.3185 0.9462 -13.0225 3.6069 -1.5131 -9.8995 1.3045
-26.5957 97.0542 -350.1383 -0.5493 3.4757 -0.8531 2.1834 -2.6438 0.4399 -0.0650 -5.3407 3.5613 -1.0698 11.5783 1.4556 -3.2253 -3.4992 3.7427 0.4652 -3.6387 4.2639 -1.8923 -10.8516 4.5696 0.0497 -0.0032 0.0144 0.7457 -10.6449 -3.8751 -0.6567 -10.6952 3.8995 -25.2504 10.2127 -6.2607 -57.7032 10.2904 5.0288 -0.3646 0.1734 -29.7089 6.6481 -24.9489 4.4046 -14.8657 10.7722 15.4838 -60.0478 1.2825 2.1790 18.6305 7.9479 19.8747 51.2840 0.3505 17.3882 0.1552 -0.0161 34.6570 -2.7032 -13.4647 5.5546 15.2544 7.3709 -16.0350 49.6361 -3.4233 -5.1641 2.1516 -26.1310 1.3057 -0.0334 8.3706 0.0788 -6.9382 9.6762 0.7278 1.6579 -2.5826 -2.1014 0.1516 4.2362 0.6884 -0.0541 17.2311 0.2387 0.0327 -15.1406 2.6167 -1.4884 -6.5915 1.2442
-27.5015 96.6306 -353.4787 -1.7524 3.1442 -0.4279 2.8273 -2.0583 0.3692 -0.0437 -5.0142 3.3295 -0.4385 11.5590 1.4432 -2.9195 -3.2429 3.5823 0.5659 -3.5895 4.3724 -2.0996 -11.4837 4.7580 0.0458 0.0198 0.0018 0.7379 -10.6342 -3.8883 -0.6567 -10.6753 3.8922 -23.9785 10.5796 -6.3131 -59.2153 9.5510 3.5595 -0.3554 0.1717 -31.2563 6.9027 -25.0189 3.8821 -14.8837 10.7304 15.4697 -59.9249 1.2242 2.0858 18.1413 8.0129 19.9424 50.8262 -0.8922 18.0020 0.0737 -0.0207 33.8104 -2.7083 -13.7646 5.6206 15.2374 7.4043 -16.0063 49.7029 -3.3272 -5.0971 4.1731 -27.7585 0.9885 -0.0595 8.8076 -0.0155 -7.5325 7.3154 1.1895 1.6091 -3.0485 -2.0995 2.3313 2.8270 0.4808 -0.0375 16.8935 0.1934 -0.8861 -16.9590 1.6475 -1.4744 -3.5001 1.1994
-28.2838 96.3661 -356.6112 -2.4155 2.6996 0.0830 3.1787 -1.5129 0.3951 -0.0518 -4.7564 3.0818 -0.1643 11.5705 1.3830 -2.4925 -3.0383 3.2071 0.6458 -3.5837 4.3962 -1.9212 -12.0598 4.8539 0.0340 0.0442 -0.0074 0.7181 -10.6101 -3.8940 -0.6589 -10.6265 3.8877 -23.1628 10.8045 -6.5830 -59.6433 8.8981 2.3286 -0.3983 0.0996 -32.6062 7.6357 -25.3376 3.1588 -14.8221 10.7631 15.4745 -59.9224 1.3064 2.0084 18.0997 8.0254 19.7981 50.4652 -1.9313 18.0495 0.0733 -0.0788 32.5046 -2.9931 -14.3377 5.7037 15.3040 7.4785 -15.9972 49.7973 -3.2429 -5.0449 5.4939 -29.2604 0.7466 -0.0383 11.3166 -0.0451 -6.5863 3.7892 2.4185 1.5973 -3.4399 -2.1129 3.8997 1.6622 0.3832 -0.0788 16.4215 0.2487 -1.8267 -17.8466 0.8752 -1.4485 -1.3038 1.1701
-28.9773 96.5262 -359.5228 -2.7221 2.2602 0.3381 3.3351 -1.1451 0.4841 -0.0411 -4.6016 2.9722 -0.1360 11.6891 1.2062 -2.0028 -3.0419 2.9527 0.7225 -3.5404 4.3676 -1.7852 -12.3686 4.8855 0.0327 0.0544 -0.0107 0.7351 -10.5998 -3.9000 -0.6775 -10.6082 3.8882 -23.1205 10.8177 -6.9683 -58.9176 8.1438 1.2250 -0.3583 0.0414 -33.1112 8.5665 -25.4196 2.5736 -14.8393 10.8162 15.4251 -60.0758 1.4658 1.7806 18.5477 8.0677 19.7635 50.1218 -2.5099 17.8828 0.1714 -0.0624 30.6423 -3.5678 -14.9831 5.7013 15.3566 7.4794 -16.0397 49.8843 -3.2167 -4.9491 6.5489 -30.0730 0.3804 -0.0327 15.3904 -0.1027 -5.1780 0.5881 3.7634 1.6169 -3.7580 -2.1469 4.9226 0.0096 0.6347 -0.1330 16.8133 0.1974 -2.4838 -17.2966 0.1207 -1.4329 -0.5099 1.1363
-29.4994 96.9848 -362.1312 -2.6171 1.8792 0.3390 3.3489 -0.9450 0.5811 -0.0501 -4.5319 2.9011 -0.3367 11.6922 1.0778 -1.6254 -3.0083 2.8199 0.7137 -3.5394 4.2339 -1.6355 -12.2972 4.7250 0.0318 0.0531 -0.0202 0.7519 -10.5813 -3.9071 -0.6954 -10.5909 3.8740 -23.1479 10.7496 -7.3409 -57.9917 7.2119 0.2619 -0.2657 0.0321 -32.7012 9.4902 -25.2794 2.1935 -14.8241 10.8613 15.4153 -60.0925 1.5330 1.7110 18.7900 8.0210 19.6555 50.5454 -2.2286 17.9104 0.2593 -0.0484 28.3257 -3.8589 -15.4818 5.3393 15.4508 7.4171 -16.0250 49.9326 -3.2368 -4.9265 7.1764 -29.5752 -0.1141 -0.0354 19.5801 -0.1480 -4.2142 -2.3140 4.8315 1.6467 -4.0445 -2.1513 5.2539 -1.4089 1.0588 -0.1237 16.7193 0.1759 -2.7541 -15.8826 -0.5638 -1.4266 -0.3571 1.1028
-29.8986 97.5860 -364.5477 -2.2754 1.5848 0.0224 3.3462 -0.8727 0.6873 -0.0614 -4.5205 2.8918 -0.6805 11.5061 0.9398 -1.4191 -2.9440 2.8117 0.6561 -3.5189 4.0645 -1.5597 -11.9229 4.4896 0.0326 0.0525 -0.0151 0.7634 -10.5520 -3.8961 -0.7042 -10.5676 3.8711 -23.1688 10.5285 -7.7299 -57.0634 6.5258 -0.6721 -0.1236 0.0822 -31.8105 10.1918 -25.1732 2.0197 -14.7430 10.8940 15.4640 -59.9845 1.4982 1.7535 18.7970 7.9557 19.4279 51.5101 -0.8947 18.3379 0.3251 -0.0648 26.1450 -3.4900 -15.7408 4.5267 15.5917 7.3257 -16.0258 49.9213 -3.2986 -5.0819 7.4964 -27.8738 -0.7975 -0.0514 23.4978 -0.1889 -3.6549 -4.4859 5.7351 1.6696 -4.2519 -2.1576 5.1685 -2.3968 1.6864 -0.0977 15.7042 0.1471 -2.8072 -13.8666 -1.2114 -1.4286 -0.4347 1.0482
-30.2095 98.2087 -366.9416 -1.8453 1.4684 -0.3877 3.3229 -0.9840 0.7933 -0.0626 -4.6205 2.8411 -1.0012 11.3183 0.7475 -1.3697 -2.9499 2.9191 0.5947 -3.5070 3.8813 -1.6254 -11.4223 4.2881 0.0337 0.0402 -0.0047 0.7611 -10.5423 -3.8814 -0.6981 -10.5625 3.8753 -23.2690 10.1922 -8.2265 -56.1815 5.9927 -1.4557 0.0388 0.1318 -30.7090 10.6746 -25.3062 1.9778 -14.6806 10.9551 15.5536 -59.9868 1.4288 1.8195 18.7755 7.9157 19.1477 52.6197 1.1347 18.7810 0.3552 -0.0622 24.6418 -2.5914 -15.7754 3.5313 15.7192 7.2884 -16.0460 49.8582 -3.3721 -5.2536 7.4076 -25.5619 -1.4970 -0.0970 27.2651 -0.2674 -2.7896 -5.8873 6.7837 1.6997 -4.2704 -2.1672 4.8393 -3.1877 2.3444 -0.0708 14.1320 0.0896 -2.7380 -11.5940 -1.7256 -1.4342 -0.5679 0.9886
-30.4557 98.7469 -369.2440 -1.4144 1.5311 -0.6284 3.2721 -1.2392 0.8183 -0.0550 -4.7540 2.7231 -1.2460 11.1014 0.4487 -1.3705 -3.0819 3.0620 0.5282 -3.5056 3.7502 -1.7835 -10.8723 4.0909 0.0308 0.0202 -0.0071 0.7532 -10.5303 -3.8787 -0.6953 -10.5534 3.8659 -23.3598 9.7633 -8.8836 -55.3450 5.5311 -2.1726 0.0984 0.1327 -29.4632 10.9772 -25.5622 2.0416 -14.6796 11.0606 15.6518 -59.9941 1.4030 1.8659 18.8657 7.8854 18.7107 53.7418 3.4182 18.8598 0.2822 -0.0334 23.7956 -1.6608 -15.5402 2.5893 15.8028 7.2814 -16.0573 49.8037 -3.4662 -5.3643 6.7760 -23.1061 -1.5920 -0.1223 31.3656 -0.3353 -2.0411 -6.9174 7.6883 1.7330 -4.1639 -2.1847 4.4071 -4.0740 2.7698 -0.0527 12.4647 0.0170 -2.5628 -9.4075 -2.1599 -1.4405 -0.6623 0.9303
-30.6309 99.1252 -371.5755 -1.1284 1.6990 -0.6510 3.2141 -1.5571 0.7939 -0.0451 -4.9167 2.4201 -1.3349 10.8865 0.0980 -1.3065 -3.3383 3.1238 0.4835 -3.5063 3.7346 -2.0210 -10.4209 3.9754 0.0260 0.0051 -0.0203 0.7482 -10.5315 -3.8920 -0.6987 -10.5541 3.8533 -23.3490 9.3990 -9.5694 -54.6729 5.1207 -3.0286 0.0917 0.1073 -28.3561 10.9597 -25.3850 2.3491 -14.7109 11.1717 15.7655 -60.0340 1.4377 1.9182 19.1469 7.8987 18.1863 54.5995 5.7119 18.3810 0.2477 -0.0098 23.7104 -1.0963 -15.2218 1.9583 15.8326 7.2909 -16.1121 49.8110 -3.5454 -5.3866 5.9092 -20.6857 -0.6276 -0.1147 35.6997 -0.3650 -2.0597 -8.0284 7.7857 1.7656 -4.0735 -2.2027 4.0742 -5.1916 2.9772 -0.0446 11.1576 -0.0651 -2.2643 -7.6150 -2.5115 -1.4485 -0.6298 0.8894
-30.7286 99.3377 -373.9672 -1.0972 1.9078 -0.5044 3.1904 -1.8980 0.7594 -0.0203 -5.1030 1.9264 -1.1922 10.6884 -0.2682 -1.1365 -3.6445 3.1388 0.4539 -3.4895 3.7082 -2.2876 -10.0673 3.9918 0.0193 0.0039 -0.0388 0.7470 -10.5334 -3.9124 -0.7091 -10.5447 3.8386 -23.2679 9.0910 -10.2145 -54.1720 4.8819 -4.1716 0.0718 0.0408 -27.7993 10.8067 -24.8117 2.6831 -14.7944 11.2257 15.8240 -60.0795 1.4798 1.9791 19.6674 7.9254 17.5524 54.9906 8.1921 17.6372 0.2618 0.0113 24.1660 -0.8249 -15.0170 1.6664 15.7828 7.2605 -16.1626 49.7435 -3.6185 -5.4083 5.2382 -17.9928 1.0932 -0.0886 39.7767 -0.3663 -2.6176 -9.1885 7.2351 1.7998 -4.0883 -2.1996 3.9814 -6.6634 2.9571 -0.0413 10.4736 -0.1593 -1.8658 -6.1840 -2.7536 -1.4544 -0.5353 0.8744
-30.8557 99.3906 -376.2987 -1.3891 2.1013 -0.1956 3.2304 -2.2402 0.7019 0.0265 -5.2653 1.3502 -0.7894 10.5380 -0.6231 -0.8588 -3.9315 3.0976 0.3856 -3.4632 3.6462 -2.5426 -9.8358 4.1519 0.0127 0.0092 -0.0545 0.7462 -10.5161 -3.9269 -0.7199 -10.5150 3.8244 -23.1018 8.7764 -10.7579 -53.8925 4.6574 -5.3112 -0.0421 -0.0594 -27.8985 10.9497 -24.2497 2.6514 -14.9089 11.1951 15.8392 -60.1355 1.4518 2.0770 20.3994 7.9754 16.8462 54.9296 10.6235 16.7719 0.2262 0.0443 24.7355 -0.7317 -15.0804 1.5820 15.7028 7.2076 -16.2179 49.6597 -3.6964 -5.3830 5.1159 -14.9737 2.9539 -0.0989 43.0034 -0.4498 -3.3753 -9.9593 6.2549 1.8235 -4.2616 -2.1758 4.2378 -8.4032 2.8030 -0.0409 10.3929 -0.2419 -1.4529 -4.8937 -2.9636 -1.4528 -0.4524 0.8841
-30.9862 99.3327 -378.7986 -1.8255 2.2974 0.2989 3.2594 -2.5859 0.6316 0.0778 -5.4353 0.7578 -0.2471 10.4434 -0.9881 -0.4914 -4.1505 2.9811 0.3088 -3.4329 3.5579 -2.8026 -9.7238 4.4006 0.0070 0.0112 -0.0700 0.7495 -10.5069 -3.9432 -0.7331 -10.4917 3.8122 -22.8050 8.4036 -11.2580 -53.8382 4.5036 -6.4494 -0.1546 -0.1439 -28.6095 11.3861 -23.8111 2.4383 -15.0515 11.1185 15.8292 -60.1700 1.4180 2.1687 21.2353 8.0713 16.1261 54.5940 12.6576 15.5943 0.1593 0.0534 25.0594 -0.9302 -15.3852 1.5590 15.6442 7.1727 -16.2717 49.6599 -3.7374 -5.3055 5.3913 -11.6732 4.5742 -0.1422 45.0330 -0.6446 -4.1902 -9.9626 4.8235 1.8339 -4.6203 -2.1538 4.6295 -10.3014 2.5229 -0.0432 10.6348 -0.3101 -1.0314 -3.6311 -3.1925 -1.4440 -0.3740 0.9246
-31.0075 99.2110 -381.2878 -2.2081 2.5439 0.9489 3.1802 -2.9672 0.5139 0.1115 -5.6192 0.1753 0.3166 10.3997 -1.3431 0.0039 -4.3681 2.8047 0.2307 -3.3983 3.4460 -3.0965 -9.5896 4.6631 0.0007 0.0090 -0.0810 0.7438 -10.5103 -3.9549 -0.7386 -10.4841 3.8047 -22.3765 8.0346 -11.7205 -53.9106 4.3962 -7.8119 -0.2114 -0.2002 -29.8071 11.9215 -23.2280 2.2841 -15.1376 11.0339 15.7840 -60.1421 1.3992 2.2143 22.1170 8.1165 15.4045 54.1099 14.1435 13.8586 0.0825 0.0540 25.0938 -1.3518 -15.7923 1.4504 15.6258 7.1622 -16.3468 49.6925 -3.7969 -5.2261 5.7144 -8.0701 5.6046 -0.1644 45.5735 -0.8521 -5.0857 -9.1744 2.8152 1.8528 -5.1051 -2.1488 4.9229 -12.3018 2.1775 -0.0408 10.9011 -0.3528 -0.6209 -2.2910 -3.4742 -1.4295 -0.2733 0.9616
-30.9448 99.0564 -383.6836 -2.4423 2.7979 1.6673 2.9847 -3.3456 0.3455 0.1127 -5.7713 -0.3148 0.8006 10.3656 -1.6813 0.5693 -4.5692 2.5579 0.1829 -3.3798 3.3493 -3.4008 -9.3098 4.8563 -0.0017 0.0049 -0.0725 0.7342 -10.5046 -3.9443 -0.7327 -10.4713 3.8099 -21.8684 7.7450 -12.1884 -54.0499 4.2931 -9.4564 -0.1779 -0.1924 -31.2782 12.3565 -22.3579 2.2421 -15.2113 10.9578 15.7413 -60.0579 1.3811 2.2415 22.9803 8.1124 14.7333 53.5923 14.9630 11.6403 -0.0241 0.0968 24.9870 -1.8795 -16.5143 1.2888 15.6409 7.1897 -16.4043 49.7694 -3.8262 -5.2327 5.8418 -4.3245 5.9242 -0.1391 44.3910 -0.9724 -6.0466 -7.7834 0.1937 1.8782 -5.6779 -2.1450 4.9779 -14.2042 1.9147 -0.0328 10.8599 -0.3691 -0.2578 -0.7743 -3.9260 -1.4145 -0.1674 0.9728
-30.8388 98.9212 -386.4163 -2.4948 3.0608 2.3598 2.7012 -3.6939 0.1886 0.0718 -5.8834 -0.7444 1.1412 10.3617 -1.9629 1.1368 -4.7745 2.3121 0.1652 -3.3831 3.2107 -3.6903 -8.9197 4.9368 -0.0048 0.0022 -0.0684 0.7228 -10.5182 -3.9384 -0.7276 -10.4749 3.8111 -21.3289 7.4278 -12.6317 -54.1395 4.3513 -11.2227 -0.0386 -0.1689 -33.1785 12.5567 -21.3485 2.2579 -15.2104 10.8854 15.7236 -59.9052 1.3573 2.2623 23.7299 8.0273 14.1431 53.1499 15.3172 9.3094 -0.1357 0.1322 24.9512 -2.2725 -17.6417 1.2061 15.6393 7.2343 -16.4522 49.8409 -3.8787 -5.2861 5.6102 -0.7451 5.6001 -0.0887 41.7691 -0.9745 -6.9191 -6.1255 -2.5580 1.9093 -6.4648 -2.1503 4.7567 -15.9734 1.7912 -0.0220 10.3872 -0.3763 0.0674 0.9552 -4.5491 -1.4021 -0.1093 0.9612
-30.6171 98.7437 -389.2799 -2.4867 3.3547 3.0240 2.4025 -4.0104 0.0406 -0.0061 -5.9479 -1.0867 1.3809 10.3944 -2.2221 1.7014 -4.9635 2.0729 0.1592 -3.3985 3.0614 -3.8916 -8.4656 4.8991 -0.0054 0.0025 -0.0655 0.7179 -10.5224 -3.9290 -0.7242 -10.4698 3.8053 -20.7961 7.0889 -13.0216 -54.1423 4.5118 -13.0740 0.1784 -0.1063 -35.4712 12.5354 -20.3338 2.4087 -15.1912 10.8712 15.7831 -59.8067 1.3644 2.3037 24.3632 7.8591 13.6074 52.8461 15.4048 7.2483 -0.2513 0.1690 24.9838 -2.4214 -18.9127 1.2483 15.6101 7.2884 -16.4972 49.9152 -3.9292 -5.3373 5.1759 2.3561 4.9864 -0.0242 37.9651 -0.9290 -7.3756 -4.4941 -4.9642 1.9368 -7.6657 -2.1590 4.4012 -17.6684 1.7855 -0.0158 9.4443 -0.3884 0.4341 2.9209 -5.2675 -1.3950 -0.0945 0.9528
-30.4081 98.4753 -392.4546 -2.4850 3.6621 3.6613 2.1137 -4.2318 -0.0636 -0.0959 -6.0216 -1.3987 1.5062 10.4982 -2.4459 2.3381 -5.1505 1.8067 0.1670 -3.4312 3.0428 -4.0148 -7.9918 4.6338 -0.0054 0.0033 -0.0696 0.7188 -10.5458 -3.9311 -0.7248 -10.4912 3.7987 -20.2486 6.7943 -13.4423 -54.0243 4.6669 -14.8901 0.3522 -0.0750 -37.9620 12.3461 -19.4519 2.7361 -15.1909 10.9192 15.8743 -59.8561 1.4201 2.3403 24.9745 7.6300 13.1269 52.5781 15.2875 5.4820 -0.2620 0.1871 25.1831 -2.4957 -19.8615 1.3549 15.6235 7.3742 -16.5400 50.0983 -3.9142 -5.3351 4.7302 4.6772 4.4794 0.0223 33.4307 -0.8629 -6.6845 -3.3365 -6.6754 1.9799 -9.9832 -2.1942 3.9890 -19.2431 1.8299 -0.0151 7.9435 -0.4182 0.9524 5.1350 -6.0107 -1.3915 -0.1406 0.9826
-30.2147 98.0691 -395.9028 -2.4362 3.9239 4.2214 1.7890 -4.2666 -0.1886 -0.1912 -6.0749 -1.6078 1.4917 10.6689 -2.6592 3.0985 -5.3206 1.5157 0.1222 -3.4750 3.0602 -4.0513 -7.6116 4.2826 -0.0048 0.0040 -0.0711 0.7184 -10.5464 -3.9271 -0.7238 -10.5006 3.7898 -19.5786 6.7225 -13.8686 -53.8678 4.4148 -16.5436 0.4304 -0.0635 -40.2452 12.0593 -18.7899 3.0404 -15.1603 11.0165 16.0492 -59.8748 1.4934 2.3938 25.5029 7.4324 12.7089 52.4303 14.7297 4.0527 -0.2460 0.2150 25.5301 -2.5891 -20.3894 1.5666 15.6573 7.4642 -16.5455 50.2756 -3.8681 -5.3253 4.2775 5.9934 4.2840 0.0332 28.8236 -0.7847 -4.7873 -3.1319 -7.5581 2.0704 -13.8551 -2.3041 3.4920 -20.6252 1.8525 -0.0181 5.9302 -0.4381 1.6714 7.3736 -6.6447 -1.3853 -0.2443 1.0229
-30.0357 97.4939 -399.6047 -2.1881 4.0364 4.7518 1.3403 -4.0468 -0.3949 -0.3092 -6.0259 -1.8125 1.3050 10.8374 -2.7401 3.9531 -5.4867 1.1035 0.0567 -3.5525 2.8824 -3.9643 -7.4957 4.2763 -0.0051 -0.0065 -0.0640 0.7291 -10.5808 -3.9251 -0.7356 -10.5320 3.8023 -18.6111 6.8731 -14.3069 -53.8945 3.8299 -18.1390 0.4793 -0.0111 -42.0436 11.7287 -18.4829 3.1980 -15.1690 11.0630 16.0838 -59.8788 1.5821 2.4551 25.7968 7.4844 12.3678 52.5354 13.3519 2.7846 -0.1276 0.1991 25.8793 -2.6373 -20.8605 2.2007 15.7050 7.5425 -16.4909 50.3382 -3.9571 -5.2739 3.6345 6.4460 4.3075 0.0006 25.0215 -0.7613 -2.3643 -4.8116 -7.8170 2.1314 -17.2607 -2.4003 2.7195 -21.8860 1.9414 -0.0214 3.6054 -0.3425 2.8385 9.6120 -7.5248 -1.3656 -0.9236 1.0462
-29.8868 97.0489 -403.4832 -1.6659 3.8902 4.6742 0.7321 -3.6155 -0.3452 -0.3900 -5.8458 -1.8371 0.8483 11.0868 -2.8989 4.8545 -5.4857 0.8486 -0.0707 -3.5743 2.9956 -3.7434 -7.7759 3.9046 0.0105 0.0192 -0.0067 0.7636 -10.5812 -3.8735 -0.7413 -10.5399 3.8628 -17.4532 7.0093 -14.6543 -54.0330 2.8860 -19.1025 0.2318 0.0484 -43.4534 11.2476 -18.0470 3.6266 -15.1674 10.9622 16.1723 -59.8540 1.4636 2.5977 25.7224 7.5341 12.3023 53.0670 11.9765 2.0190 -0.0705 0.1886 26.7116 -2.9334 -21.6171 2.7904 15.7882 7.5935 -16.5575 50.7722 -3.7661 -5.2341 2.4948 6.0524 4.3029 -0.0478 23.0547 -0.6668 -0.5304 -8.7580 -7.6446 2.0727 -15.9792 -2.3993 1.6361 -23.4274 2.2273 0.0389 2.2036 -0.3025 3.9937 9.9260 -7.7034 -1.3890 -1.5183 1.1516
-29.6801 96.5580 -407.3686 -0.8246 3.4696 4.1045 -0.0542 -2.9295 -0.2224 -0.5250 -5.5167 -1.6901 0.3325 11.2744 -2.9874 5.4304 -5.4172 0.7125 -0.1082 -3.5661 2.8581 -3.5302 -8.3318 3.9643 0.0197 0.0417 0.0192 0.7794 -10.5452 -3.8381 -0.7407 -10.5174 3.8773 -16.3029 7.2821 -14.7826 -54.3506 1.9082 -19.9601 0.1573 0.1235 -44.1603 10.6532 -18.4753 3.7660 -15.1369 10.9142 16.1797 -59.7664 1.4138 2.7257 25.1814 7.7989 12.2666 53.9480 10.3047 1.7699 0.0845 0.1954 27.5103 -3.2033 -21.4457 3.3099 15.7963 7.6041 -16.5485 50.8859 -3.6700 -5.2433 0.7324 5.2511 4.1833 -0.0511 22.2148 -0.5636 0.6474 -12.9378 -6.4199 1.9479 -12.2448 -2.2521 0.5914 -24.9935 2.2109 0.0753 1.5667 -0.1952 5.2690 8.2025 -7.5552 -1.3774 -2.5534 1.2525
-29.4841 96.1183 -411.2617 0.1383 2.8076 3.1322 -0.8800 -2.1749 -0.0960 -0.6331 -5.1876 -1.4804 -0.2289 11.5082 -2.9022 5.6601 -5.1755 0.6627 -0.0356 -3.5034 2.8156 -3.4086 -8.9869 4.2502 0.0311 0.0615 0.0533 0.7889 -10.5191 -3.7991 -0.7285 -10.4913 3.9051 -15.5804 7.6805 -14.7187 -54.4139 1.2778 -20.5245 0.1434 0.2034 -44.3534 9.8214 -19.2158 3.8194 -15.1264 10.9024 16.1655 -59.8598 1.3865 2.7711 24.4992 8.1805 12.3646 54.8373 9.1516 2.4302 0.1828 0.1899 28.1053 -3.2748 -20.6649 3.6913 15.8102 7.6022 -16.5814 50.8367 -3.5564 -5.2849 -1.2459 4.4676 4.0177 -0.0552 21.6325 -0.4757 1.2736 -16.3856 -4.6507 1.8635 -8.4693 -2.1514 -0.1484 -26.4832 1.8410 0.0893 1.6961 -0.1155 5.9238 4.4949 -7.4916 -1.3607 -3.4570 1.2750
-29.3894 95.8440 -414.9173 0.9841 2.0563 2.0044 -1.5786 -1.5251 -0.0215 -0.7037 -4.8880 -1.2463 -0.7054 11.7649 -2.7241 5.5193 -4.8006 0.7013 0.0313 -3.4704 2.7681 -3.3713 -9.4959 4.7026 0.0349 0.0660 0.0502 0.7797 -10.4840 -3.7938 -0.7130 -10.4573 3.8943 -15.6515 8.0159 -14.5697 -54.0983 1.1217 -20.4388 0.0314 0.2393 -43.8792 8.9242 -20.0088 3.8388 -15.1623 10.9464 16.1508 -60.0120 1.4270 2.7149 24.0283 8.5883 12.5087 55.3572 8.6512 4.0364 0.1192 0.2011 28.2645 -3.0386 -19.5253 3.7620 15.7891 7.5685 -16.6255 50.6314 -3.5255 -5.3543 -2.9771 3.7938 3.8026 -0.0573 20.8757 -0.3946 1.5384 -18.4835 -2.8270 1.8162 -5.5321 -2.1026 -0.3276 -27.8008 1.0302 0.0965 2.9621 -0.0756 5.1513 0.9712 -7.6734 -1.3729 -3.8522 1.2321
-29.2618 95.8589 -418.5620 1.4543 1.4328 0.7364 -1.9314 -1.1207 0.0414 -0.7103 -4.6991 -0.9691 -1.0356 12.1257 -2.5814 5.0540 -4.5342 0.8957 0.0808 -3.4634 2.7931 -3.5129 -9.7504 5.1652 0.0325 0.0580 0.0087 0.7678 -10.4543 -3.8233 -0.7065 -10.4391 3.8441 -16.5922 8.0850 -14.3359 -53.5224 1.4164 -19.4663 -0.0953 0.2016 -42.7787 8.2307 -20.6589 3.9634 -15.2251 11.0129 16.0815 -60.1784 1.4863 2.5393 24.0205 8.9427 12.7581 55.1738 8.4007 5.8991 0.0325 0.2126 27.9671 -2.6993 -17.7620 3.5282 15.7217 7.5249 -16.6761 50.4354 -3.5595 -5.4168 -4.1484 3.0637 3.5901 -0.0580 19.7854 -0.2673 1.7961 -19.2147 -1.1539 1.7851 -3.4626 -2.0446 0.0597 -29.1433 0.0682 0.0976 6.2141 -0.0743 3.7143 -0.0475 -7.9505 -1.3987 -3.9642 1.2047
-29.1733 96.1519 -421.8245 1.6130 0.8384 -0.5173 -2.0519 -0.8437 0.0247 -0.6870 -4.5437 -0.7412 -1.1303 12.3983 -2.4339 4.3774 -4.2461 1.1699 0.1657 -3.4779 2.9805 -3.7377 -9.9605 5.6058 0.0252 0.0466 -0.0524 0.7508 -10.4573 -3.8758 -0.7047 -10.4484 3.7754 -17.6423 8.0527 -14.0231 -53.4480 1.9112 -17.7961 -0.0583 0.2021 -41.0073 8.0263 -21.7150 3.9671 -15.3054 11.0031 15.9420 -60.2652 1.4630 2.3988 23.9167 9.1575 12.9883 55.0215 8.1437 7.4305 -0.0511 0.2252 27.2921 -2.4525 -15.8876 3.1840 15.6681 7.4383 -16.6329 50.3091 -3.5769 -5.3788 -4.7998 2.5234 3.3360 -0.0364 18.1521 -0.1335 2.0482 -18.8132 0.2467 1.7577 -2.0062 -1.9645 0.5219 -30.1174 -0.6949 0.0855 11.2284 -0.0515 2.9907 0.1433 -8.0814 -1.3914 -3.8276 1.2165
-29.0951 96.6023 -424.6568 1.7779 0.2638 -1.5442 -2.2372 -0.5974 -0.0385 -0.6485 -4.4029 -0.5946 -1.0805 12.5000 -2.2600 3.6730 -3.9934 1.4669 0.2976 -3.5266 3.2145 -3.8596 -10.1433 5.9984 0.0132 0.0507 -0.1073 0.7427 -10.4857 -3.9309 -0.7195 -10.4654 3.7233 -18.6146 8.1620 -13.7666 -53.7415 2.4337 -15.5457 -0.0154 0.1025 -38.8735 8.3078 -22.9818 3.9064 -15.3519 11.0151 15.8401 -60.2495 1.4274 2.1984 23.5858 9.1038 13.0317 55.2355 7.9163 8.2763 -0.1150 0.2389 26.5269 -2.5407 -14.6083 3.0873 15.6445 7.3460 -16.4669 50.3342 -3.5807 -5.2770 -5.3262 2.1729 3.0334 0.0215 16.1348 -0.0309 2.2079 -17.4772 1.2908 1.7028 -1.5376 -1.9822 0.3480 -30.3997 -0.7339 0.0993 17.1497 0.0138 2.5282 0.2652 -7.5833 -1.3884 -3.7959 1.2050
-29.1068 97.1825 -427.1752 1.8967 -0.1141 -2.1856 -2.3009 -0.4253 -0.1103 -0.6431 -4.3199 -0.5036 -1.1377 12.3916 -2.1637 3.1629 -3.8258 1.5722 0.3981 -3.5232 3.4557 -3.9503 -10.3534 6.3850 0.0078 0.0469 -0.1326 0.7363 -10.5254 -3.9640 -0.7236 -10.5002 3.7074 -19.2959 8.2399 -13.5580 -54.2199 3.3279 -13.2702 0.0739 0.1063 -36.4766 8.7168 -24.4532 3.6311 -15.3448 10.9544 15.7485 -60.2240 1.3764 2.1149 23.2239 8.9700 12.9567 55.7328 7.7043 8.4273 -0.1623 0.2681 26.0736 -2.8751 -14.1452 3.1076 15.6509 7.3637 -16.4262 50.3750 -3.4778 -5.2217 -5.5496 1.5472 2.8210 0.0497 14.4402 0.0581 2.1769 -15.5045 1.9049 1.6874 -1.4006 -1.9764 -0.1615 -29.9567 -0.3335 0.0327 22.8701 0.0723 1.9968 -0.5640 -7.1235 -1.3854 -3.7354 1.2097
-29.2372 97.8097 -429.4497 1.8593 -0.2630 -2.4590 -2.2626 -0.3915 -0.1953 -0.6319 -4.3041 -0.4109 -1.1085 12.1685 -2.1173 2.6671 -3.7322 1.6504 0.5086 -3.5239 3.6335 -4.0028 -10.4283 6.6394 0.0088 0.0483 -0.1324 0.7345 -10.5436 -3.9702 -0.7199 -10.5222 3.7118 -19.9052 8.4420 -13.3101 -54.5211 4.7145 -11.3712 0.1443 0.1030 -34.2788 8.6832 -25.4565 3.4009 -15.3306 10.8980 15.7236 -60.2647 1.3428 2.0785 22.7754 8.8760 12.8846 56.4180 7.5852 8.1576 -0.3352 0.2978 26.0343 -2.9767 -14.4892 3.3202 15.6579 7.4176 -16.4564 50.4654 -3.4170 -5.2045 -5.4331 0.7979 2.6989 0.0454 12.6830 0.1095 2.0943 -13.2838 2.1374 1.6834 -1.4308 -1.9570 -0.7335 -28.8101 0.1321 -0.0399 28.0220 0.0926 1.4825 -2.2176 -6.8694 -1.3987 -3.7193 1.1898
-29.4457 98.3655 -431.7496 1.8077 -0.1881 -2.4651 -2.2042 -0.5088 -0.2570 -0.6173 -4.3553 -0.3090 -1.0566 11.8956 -2.0698 2.2016 -3.7030 1.7260 0.5965 -3.5228 3.7421 -4.0028 -10.3657 6.7599 0.0129 0.0544 -0.1238 0.7356 -10.5452 -3.9670 -0.7130 -10.5355 3.7226 -20.5111 8.6408 -12.9699 -54.5577 6.5473 -9.8379 0.1579 0.0858 -32.4687 8.3139 -25.7833 3.2463 -15.3389 10.8712 15.7157 -60.3695 1.3153 2.1046 22.4435 8.7784 12.9087 56.9184 7.7083 7.7108 -0.5100 0.3144 26.3143 -2.8387 -15.2509 3.6614 15.6449 7.4862 -16.5180 50.5528 -3.3917 -5.2090 -5.2142 -0.0575 2.6060 0.0295 10.8843 0.1487 1.9607 -11.0317 2.1513 1.6809 -1.5037 -1.9210 -1.4136 -27.0845 0.4414 -0.1008 32.5263 0.0566 1.3807 -4.1131 -6.5409 -1.4136 -3.7780 1.1744
-29.8153 98.7989 -434.0233 1.8228 0.0432 -2.3459 -2.1542 -0.7750 -0.2894 -0.6164 -4.4678 -0.1305 -1.0091 11.6074 -1.9718 1.7871 -3.6737 1.8505 0.6139 -3.5059 3.7414 -3.9047 -10.0773 6.6651 0.0168 0.0592 -0.1193 0.7345 -10.5289 -3.9691 -0.7046 -10.5288 3.7315 -21.2049 8.8274 -12.5086 -54.3796 8.3443 -8.2654 0.1037 0.0817 -30.8878 7.9861 -25.6664 3.1504 -15.3017 10.8881 15.7189 -60.3935 1.3015 2.1459 22.2794 8.6957 13.0790 57.1309 8.0072 7.4021 -0.6484 0.3348 26.5238 -2.5575 -16.0375 3.8973 15.6189 7.4999 -16.5552 50.5284 -3.4238 -5.2342 -5.0189 -1.0337 2.5424 0.0167 9.1431 0.1570 1.7605 -8.8317 2.1007 1.6761 -1.5789 -1.8966 -2.2647 -24.7491 0.6784 -0.1523 36.3763 -0.0339 1.5388 -6.1876 -6.1929 -1.4273 -3.8603 1.1495
-30.1756 99.1088 -436.1848 1.9346 0.3482 -2.2424 -2.1133 -1.1577 -0.2391 -0.6306 -4.6490 0.1185 -0.9985 11.3731 -1.7856 1.4340 -3.5640 2.0275 0.5694 -3.4926 3.7047 -3.7398 -9.5775 6.3794 0.0203 0.0589 -0.1199 0.7281 -10.5259 -3.9751 -0.6917 -10.5308 3.7340 -21.9676 9.0029 -11.8948 -54.0567 9.6791 -6.2482 0.0070 0.0832 -29.4450 8.0664 -25.6024 2.9769 -15.2218 10.9271 15.7009 -60.3700 1.2902 2.1690 22.2420 8.6378 13.4209 56.9912 8.1893 7.2147 -0.6232 0.3047 26.4108 -2.2640 -16.5688 3.9452 15.5937 7.5288 -16.5865 50.4468 -3.4683 -5.2344 -4.9140 -2.2075 2.5281 0.0037 7.7639 0.1504 1.4985 -6.9175 2.1241 1.6633 -1.5755 -1.8806 -3.2928 -21.7768 0.8772 -0.1804 39.5122 -0.1363 1.6976 -8.3949 -5.8987 -1.4398 -3.9022 1.1258
-30.5813 99.2714 -438.3942 2.1664 0.6253 -2.2189 -2.0768 -1.6270 -0.1621 -0.6530 -4.8571 0.4642 -1.0602 11.1945 -1.5041 1.1368 -3.2454 2.2078 0.4885 -3.5049 3.6017 -3.5462 -8.8682 6.0364 0.0206 0.0515 -0.1247 0.7149 -10.5361 -3.9812 -0.6789 -10.5400 3.7295 -22.7639 9.1292 -11.1654 -53.6527 10.4668 -3.7578 -0.0606 0.1028 -28.1007 8.6851 -26.0905 2.5511 -15.0900 10.9921 15.6559 -60.3064 1.2831 2.1721 22.2663 8.5585 13.8453 56.5775 8.1279 7.0730 -0.4594 0.2414 25.9690 -2.0003 -16.8575 3.7575 15.6150 7.5199 -16.5655 50.3172 -3.5148 -5.1821 -4.9434 -3.5200 2.4653 0.0099 6.8467 0.1623 1.2250 -5.3111 2.2924 1.6495 -1.5591 -1.8746 -4.4466 -18.0892 0.9415 -0.1630 41.4371 -0.1697 1.7700 -10.2604 -5.6083 -1.4547 -3.9076 1.1115
-30.9448 99.3422 -440.6984 2.4916 0.8156 -2.2505 -2.0299 -2.1297 -0.0585 -0.6726 -5.0795 0.8683 -1.1976 11.0776 -1.1276 0.8581 -2.7207 2.3240 0.4353 -3.5268 3.5344 -3.3787 -8.0760 5.6661 0.0228 0.0388 -0.1163 0.7099 -10.5567 -3.9739 -0.6702 -10.5572 3.7378 -23.4650 9.2446 -10.3771 -53.3225 10.9473 -1.0817 -0.0495 0.1456 -27.0445 9.5740 -26.9691 1.9444 -14.9260 11.0279 15.5485 -60.1910 1.2636 2.1810 22.2661 8.4647 14.2704 56.0464 7.7699 6.9323 -0.2355 0.1510 25.3233 -1.8436 -17.0183 3.4891 15.6678 7.5122 -16.5509 50.2548 -3.5488 -5.0669 -5.0608 -5.0063 2.3574 0.0324 6.5144 0.1863 0.9735 -3.9909 2.5059 1.6332 -1.4932 -1.8961 -5.6432 -13.7904 0.7090 -0.1003 42.0727 -0.0884 1.7574 -11.5289 -5.0597 -1.4702 -3.9740 1.1048
-31.3138 99.3105 -442.9923 2.8681 0.9039 -2.3086 -1.9559 -2.5871 0.0559 -0.6837 -5.2996 1.2808 -1.3947 11.0326 -0.7050 0.6007 -2.1140 2.4202 0.4045 -3.5518 3.4466 -3.2453 -7.4270 5.3013 0.0262 0.0237 -0.0931 0.7102 -10.5886 -3.9526 -0.6645 -10.5844 3.7626 -23.9412 9.2925 -9.4969 -53.1716 11.6086 1.1470 0.0236 0.1933 -26.4384 10.0800 -27.5080 1.4862 -14.8406 11.0719 15.5206 -60.1565 1.2657 2.1616 22.1361 8.3752 14.6993 55.5239 7.1992 6.9388 -0.0795 0.0741 24.7173 -1.7718 -17.1953 3.2500 15.7454 7.5384 -16.5645 50.2786 -3.5189 -4.9485 -5.2127 -6.6636 2.2057 0.0588 6.7336 0.2050 0.7706 -2.8431 2.7447 1.6175 -1.3739 -1.9406 -6.7869 -9.2148 0.2252 -0.0387 41.5659 0.0937 1.5979 -12.1535 -4.3617 -1.4850 -4.0571 1.1027
-31.7899 99.2076 -445.4666 3.2049 0.9739 -2.3688 -1.8071 -3.0045 0.1600 -0.6653 -5.5148 1.7355 -1.6148 11.0124 -0.2511 0.3319 -1.4931 2.4949 0.3622 -3.5777 3.3237 -3.1151 -6.9047 4.9348 0.0312 0.0032 -0.0632 0.7080 -10.6264 -3.9245 -0.6531 -10.6165 3.7932 -24.2835 9.3101 -8.6152 -53.1902 12.5904 2.7811 0.0766 0.2265 -26.2756 9.9430 -27.1988 1.4816 -14.8512 11.0742 15.5186 -60.2049 1.2729 2.1403 21.8953 8.2761 15.0857 55.0353 6.4536 7.0012 -0.0422 0.0441 24.3057 -1.7334 -17.3611 3.0682 15.8100 7.5912 -16.6064 50.3696 -3.4512 -4.8832 -5.2723 -8.6117 1.9769 0.0794 7.4204 0.2171 0.5491 -1.7021 3.0700 1.6082 -1.2082 -1.9791 -7.7596 -4.5631 -0.2648 -0.0026 39.7674 0.3226 1.4582 -11.9771 -3.2452 -1.4945 -4.2816 1.1039
-32.3276 99.0344 -447.9485 3.4068 1.1499 -2.4844 -1.5571 -3.3629 0.2582 -0.6023 -5.6996 2.1997 -1.8074 10.9947 0.1737 0.0345 -1.0042 2.6117 0.3044 -3.6044 3.2233 -3.0063 -6.5700 4.6185 0.0357 -0.0147 -0.0424 0.7033 -10.6484 -3.9035 -0.6401 -10.6357 3.8109 -24.5926 9.3202 -7.8099 -53.4132 13.7010 3.8057 0.0809 0.2474 -26.3909 9.2848 -26.2635 1.8075 -14.8810 11.0594 15.5609 -60.3157 1.3094 2.1233 21.5531 8.1800 15.5690 54.5352 5.4392 6.9819 -0.0580 0.0408 24.2016 -1.9190 -17.5436 3.0325 15.8534 7.6324 -16.6106 50.4623 -3.3769 -4.8828 -5.1081 -10.9262 1.6955 0.0851 8.3740 0.2210 0.2355 -0.4958 3.5804 1.6039 -1.0539 -2.0120 -8.3595 -0.3925 -0.3029 -0.0149 36.8359 0.5221 1.7371 -11.0037 -1.6135 -1.4903 -4.9745 1.1026
-32.9662 98.7812 -450.7037 3.4841 1.4831 -2.6387 -1.2675 -3.6550 0.3751 -0.5151 -5.8283 2.6280 -1.9333 10.9625 0.5465 -0.2782 -0.7204 2.7371 0.2719 -3.6309 3.1974 -2.9186 -6.3969 4.3440 0.0374 -0.0220 -0.0462 0.7030 -10.6575 -3.9086 -0.6370 -10.6439 3.8075 -24.9243 9.3020 -7.1145 -53.7778 14.7275 4.4088 0.0716 0.2451 -26.7220 8.2878 -25.0590 2.3243 -14.9317 11.0465 15.6310 -60.4901 1.3242 2.1585 21.1955 8.0458 16.1545 53.9440 4.2058 6.9433 -0.1102 0.0597 24.3013 -2.2994 -17.7868 3.2161 15.8653 7.6199 -16.5730 50.4145 -3.3495 -4.9334 -4.7180 -13.5802 1.3658 0.0787 9.3094 0.2029 -0.1407 0.8823 4.2985 1.5951 -0.8540 -2.0312 -8.5580 3.0611 0.1885 -0.0513 32.8600 0.6526 2.5471 -9.7357 0.4826 -1.4810 -6.5818 1.1157
-33.7044 98.4157 -453.6215 3.4438 1.9788 -2.7815 -0.9739 -3.8474 0.5206 -0.4280 -5.9022 2.9587 -1.9713 10.9689 0.8854 -0.5777 -0.7435 2.8605 0.2890 -3.6325 3.2472 -2.9043 -6.4473 4.1313 0.0377 -0.0159 -0.0530 0.7061 -10.6581 -3.9190 -0.6400 -10.6484 3.8054 -25.2943 9.2716 -6.5340 -54.2269 15.4193 4.7245 0.0880 0.2395 -27.1462 7.3270 -24.0825 2.7131 -14.9505 11.0415 15.6745 -60.6411 1.3056 2.2233 20.8988 7.8602 16.8529 53.1624 2.7412 6.8881 -0.0542 0.0402 24.6535 -2.9456 -18.0646 3.6786 15.8554 7.5269 -16.4790 50.1782 -3.4018 -5.0019 -4.0846 -16.4649 0.9894 0.0712 9.9913 0.1584 -0.5366 2.5348 5.1092 1.5850 -0.6242 -2.0331 -8.3700 5.3901 0.8934 -0.0700 28.1620 0.6687 3.6250 -8.9113 2.5190 -1.4980 -9.8168 1.1839
-34.5666 97.9589 -456.9045 3.2125 2.4789 -2.7556 -0.6460 -3.8495 0.5658 -0.3404 -5.8766 3.2262 -1.8845 11.0036 1.1438 -0.8674 -0.9533 2.9879 0.3486 -3.6524 3.3302 -2.9199 -6.6998 3.9973 0.0400 -0.0058 -0.0310 0.7152 -10.6586 -3.9030 -0.6452 -10.6558 3.8327 -25.5326 9.2535 -6.0903 -54.8188 15.5712 4.8104 0.0638 0.2608 -27.4163 6.7955 -23.6454 2.8055 -14.9997 11.0094 15.6800 -60.7246 1.2240 2.2198 20.5844 7.6765 17.6358 52.3229 1.1255 7.0598 0.0719 0.0040 25.1289 -3.5228 -18.2195 4.1315 15.8479 7.3946 -16.3196 49.9428 -3.4335 -4.9857 -3.1538 -19.2823 0.5180 0.0887 10.1741 0.1060 -0.8855 4.5452 5.7444 1.5831 -0.5573 -2.0119 -7.7064 6.3340 1.3162 -0.0306 23.5670 0.6226 4.3853 -9.9486 3.2359 -1.5277 -12.4547 1.2755
-35.4120 97.5671 -460.3375 2.4959 2.7032 -2.4100 -0.0622 -3.5600 0.5785 -0.2823 -5.7720 3.3372 -1.5386 11.2035 1.2569 -1.1034 -1.2622 3.0750 0.3396 -3.6575 3.5205 -2.8232 -7.0168 3.7359 0.0517 -0.0015 0.0318 0.7328 -10.6734 -3.8536 -0.6381 -10.6795 3.9079 -25.7319 9.3026 -5.9592 -55.4382 15.0320 4.8804 -0.0336 0.2987 -27.4986 6.6564 -23.3927 2.7344 -14.9816 10.9765 15.7691 -60.5715 1.1427 2.2249 20.3619 7.5895 18.3892 51.1526 -0.4193 7.7836 0.3286 -0.0418 25.5770 -3.9686 -17.7486 4.5093 15.7105 7.4033 -16.2550 49.9035 -3.4149 -5.1129 -1.6051 -21.6484 -0.1292 0.0872 9.7678 0.0590 -1.2402 6.7822 6.0963 1.6113 -0.8281 -2.0374 -6.2393 6.0201 1.2385 -0.0050 20.4564 0.4866 4.0225 -12.5477 2.4442 -1.5186 -11.3687 1.3023
-36.3470 97.3151 -464.0462 1.1623 2.6208 -2.0277 0.8515 -3.0199 0.5445 -0.2126 -5.4681 3.3687 -0.9190 11.3586 1.3772 -1.0950 -1.6115 3.0255 0.2128 -3.6090 3.4844 -2.8118 -7.4944 3.9738 0.0456 -0.0069 -0.0046 0.7347 -10.6698 -3.8975 -0.6508 -10.6885 3.8811 -25.7228 9.5683 -5.9016 -56.3340 13.8448 4.8352 -0.0301 0.2590 -27.3658 6.7433 -23.9098 2.3773 -14.8954 10.8775 15.6783 -60.3641 1.1709 2.2946 19.9647 7.5215 19.1280 50.1628 -1.8319 8.8122 0.5003 -0.1082 25.9773 -4.3119 -16.9498 4.5526 15.6024 7.3996 -16.2187 49.7454 -3.4294 -5.1267 0.6534 -23.3030 -0.5653 0.0414 8.5120 0.1284 -1.8647 8.9458 5.3667 1.6926 -1.7153 -2.0074 -3.6436 4.7808 1.2359 -0.0601 19.0889 0.4265 3.0609 -15.0426 0.8790 -1.4944 -8.0291 1.2900
-37.2615 97.0322 -467.7614 -0.1455 2.3645 -1.4214 1.6734 -2.4414 0.4951 -0.1592 -5.1749 3.2463 -0.2746 11.4728 1.4826 -0.9592 -1.6628 3.0128 0.2346 -3.5867 3.5276 -2.8359 -7.8324 3.9177 0.0468 0.0002 0.0045 0.7321 -10.6617 -3.8880 -0.6453 -10.6748 3.8915 -25.3759 9.8540 -5.8371 -57.3930 12.7543 4.6806 -0.0348 0.1986 -27.2189 6.9339 -24.0160 2.1767 -14.8979 10.8247 15.6141 -60.2086 1.2810 2.2626 19.5727 7.5326 19.8284 49.2596 -2.9526 9.9961 0.6142 -0.2053 26.0870 -4.2012 -16.2756 4.5155 15.4967 7.3870 -16.0584 49.6430 -3.3658 -4.9524 2.7963 -24.4669 -0.9360 -0.0488 6.9744 0.0991 -2.9199 8.8774 4.5673 1.6939 -2.5959 -2.0199 -1.2075 3.3468 0.9324 -0.0370 18.3294 0.3593 2.0153 -16.8641 -0.3440 -1.4753 -4.9988 1.2178
-38.0400 96.7671 -471.3540 -1.2060 2.0508 -0.6455 2.3645 -1.9201 0.3921 -0.1130 -4.9260 3.1546 0.2047 11.5856 1.5407 -0.6081 -1.6320 2.8490 0.2680 -3.5665 3.5464 -2.8715 -8.0928 3.9496 0.0398 0.0174 0.0081 0.7259 -10.6490 -3.8839 -0.6532 -10.6467 3.8982 -25.0592 10.1290 -5.9531 -58.2191 11.8483 4.5829 -0.0212 0.1787 -27.2346 7.2729 -24.4213 1.7553 -14.8814 10.8167 15.5791 -60.1754 1.2264 2.0726 19.2999 7.4579 20.1271 48.5135 -3.5254 11.2225 0.5057 -0.2197 26.3181 -3.8362 -15.8449 4.4337 15.4024 7.4023 -15.9739 49.7041 -3.2707 -4.8976 4.4127 -25.4244 -1.2461 -0.0246 5.9123 0.0668 -3.9575 5.0994 4.4638 1.6413 -3.3904 -2.0581 0.8085 1.9666 0.3540 -0.0133 17.6905 0.3009 0.7874 -18.0217 -1.2071 -1.4648 -2.5312 1.1486
-38.7058 96.6748 -474.6416 -1.9056 1.7547 0.0797 2.8325 -1.4756 0.4470 -0.0534 -4.7636 2.9888 0.4584 11.7402 1.5418 -0.2014 -1.6597 2.5248 0.2806 -3.5909 3.4713 -2.6609 -8.4645 3.9822 0.0245 0.0206 -0.0160 0.7173 -10.6341 -3.8999 -0.6752 -10.6202 3.8732 -24.9594 10.2945 -6.2429 -58.5737 11.1189 4.4367 -0.1376 0.0818 -27.3161 7.9331 -25.2477 1.1370 -14.9439 10.8421 15.6013 -60.3152 1.2987 2.0022 19.2197 7.3672 20.1574 47.9387 -3.8391 12.0104 0.4515 -0.2445 26.7606 -3.6765 -15.8341 4.4466 15.3827 7.3854 -15.9076 49.6748 -3.2365 -4.8547 5.3213 -26.5186 -0.9447 0.0021 6.6044 0.0415 -4.4960 1.5507 5.4678 1.6320 -3.7830 -2.1073 2.3114 0.6787 -0.0802 -0.0492 16.9909 0.3216 -0.3855 -17.9757 -1.6699 -1.4449 -1.0396 1.1253
-39.3484 96.9060 -477.7697 -2.3846 1.4053 0.7103 3.1283 -1.1001 0.5612 0.0042 -4.6185 2.9093 0.5446 11.9285 1.3572 0.4049 -1.6805 2.2749 0.3053 -3.5398 3.3478 -2.4921 -9.0093 3.9923 0.0226 0.0217 -0.0283 0.7468 -10.6337 -3.9128 -0.7077 -10.6235 3.8624 -24.9472 10.4061 -6.5794 -58.5908 10.3974 3.9670 -0.2554 -0.0185 -27.2317 8.7006 -26.0006 0.5772 -15.0458 10.8622 15.5507 -60.4328 1.4740 1.8863 19.2392 7.2105 20.1639 47.7961 -3.9095 12.3978 0.4594 -0.2090 27.0551 -3.9364 -16.0387 4.6092 15.4359 7.3484 -15.9189 49.6473 -3.2201 -4.8378 6.0077 -27.6656 -0.5852 -0.0310 10.4207 -0.0499 -4.6238 -0.0328 6.2978 1.6560 -3.8889 -2.1493 3.4472 -1.1040 -0.1964 -0.0838 17.1902 0.2195 -1.0984 -16.7661 -2.2793 -1.4363 -0.4792 1.0883
-39.8190 97.3099 -480.7463 -2.4687 0.9834 1.1316 3.2171 -0.8235 0.6900 -0.0131 -4.4860 2.8253 0.4171 11.9546 1.2090 1.0575 -1.3860 2.0697 0.3061 -3.5192 3.1924 -2.2722 -9.3131 3.7908 0.0262 0.0266 -0.0302 0.7749 -10.6315 -3.9171 -0.7263 -10.6276 3.8625 -24.4533 10.5790 -6.7853 -58.9169 9.8591 3.3252 -0.2954 -0.0490 -27.2936 9.3528 -26.6007 0.0114 -15.0251 10.8545 15.4766 -60.3535 1.5263 1.8770 19.0554 7.1238 19.9774 48.5672 -3.9404 12.3784 0.5285 -0.1657 26.9240 -4.2156 -16.3386 4.6721 15.4925 7.2963 -15.8963 49.5841 -3.2494 -4.8505 6.4532 -27.8975 -0.4651 -0.0574 16.0381 -0.0889 -4.3725 -1.1759 6.7575 1.6822 -3.9899 -2.1470 3.9501 -2.5921 0.0167 -0.0736 17.0485 0.1609 -1.3522 -15.0288 -2.9901 -1.4335 -0.2884 1.0638
-40.0618 97.7876 -483.4007 -2.3357 0.5434 1.2014 3.2698 -0.6638 0.7910 -0.0497 -4.4142 2.7966 0.1605 11.8344 1.1254 1.5297 -0.8376 1.9768 0.2909 -3.5115 2.9825 -2.0238 -9.2789 3.4882 0.0267 0.0347 -0.0218 0.7787 -10.6246 -3.9093 -0.7273 -10.6191 3.8700 -24.0028 10.7111 -6.9710 -59.1581 9.6454 2.7938 -0.2321 -0.0182 -27.7499 10.0017 -27.2453 -0.7055 -14.9200 10.8719 15.4068 -60.2769 1.4903 1.8566 18.8028 7.1790 19.6052 49.8577 -3.6701 12.1571 0.5785 -0.1314 26.7309 -4.0459 -16.3206 4.3959 15.5850 7.2458 -15.8821 49.5862 -3.3069 -4.9332 6.7580 -27.0007 -0.4732 -0.0748 22.1011 -0.0919 -4.0102 -2.6344 7.2385 1.7025 -4.1059 -2.1403 4.0683 -3.5633 0.5345 -0.0530 16.1046 0.1214 -1.4470 -13.0022 -3.6071 -1.4338 -0.3414 1.0121
-40.1447 98.2396 -485.8516 -2.0987 0.2516 1.0423 3.3105 -0.7060 0.8377 -0.0706 -4.4625 2.7935 -0.1291 11.6963 0.9862 1.7587 -0.2731 1.9602 0.2765 -3.5063 2.8571 -1.8135 -8.9764 3.2042 0.0242 0.0338 -0.0147 0.7672 -10.6281 -3.9027 -0.7196 -10.6183 3.8758 -23.9401 10.6879 -7.2113 -58.9976 9.6622 2.3294 -0.1140 0.0490 -28.3883 10.5172 -27.8342 -1.3099 -14.8273 10.9398 15.4047 -60.3232 1.4546 1.8235 18.7835 7.2763 19.1590 51.1022 -2.8982 11.7422 0.5799 -0.1031 26.9351 -3.5468 -16.1044 3.9728 15.6646 7.2229 -15.8924 49.6370 -3.3746 -5.0146 6.8505 -25.3733 -0.4431 -0.1102 28.0020 -0.1242 -3.8257 -4.2512 7.8172 1.7202 -4.1402 -2.1329 3.9250 -4.3099 1.1895 -0.0319 14.6301 0.0763 -1.4652 -10.9122 -4.0440 -1.4365 -0.5042 0.9535
-40.2220 98.6241 -488.3914 -1.9258 0.1475 0.8375 3.3670 -0.9344 0.8819 -0.0672 -4.6051 2.6749 -0.3467 11.5808 0.7493 1.8649 0.1226 2.0013 0.2581 -3.4979 2.8695 -1.6814 -8.5293 2.9796 0.0208 0.0154 -0.0134 0.7575 -10.6385 -3.9009 -0.7150 -10.6230 3.8790 -24.0964 10.5610 -7.5404 -58.5786 9.6729 1.7898 0.0149 0.1221 -28.9980 10.9038 -28.2707 -1.5573 -14.7698 11.0175 15.4714 -60.3556 1.4392 1.8224 19.0644 7.4102 18.6900 52.0464 -1.6004 11.2089 0.5670 -0.0707 27.6371 -3.0828 -15.9346 3.6504 15.7208 7.2316 -15.9266 49.6747 -3.4233 -5.0812 6.8473 -23.3497 -0.1021 -0.1504 33.7147 -0.2105 -3.8504 -5.9509 8.1456 1.7451 -4.1479 -2.1385 3.7443 -5.1624 1.7802 -0.0318 13.0429 0.0065 -1.3990 -8.9110 -4.3023 -1.4430 -0.7080 0.9138
-40.3177 98.8636 -490.7966 -1.9739 0.1949 0.7477 3.4381 -1.2870 0.8680 -0.0372 -4.7977 2.4342 -0.3867 11.5000 0.4318 1.9847 0.3094 2.0298 0.2433 -3.5108 2.9303 -1.6634 -8.0301 2.8616 0.0160 -0.0055 -0.0181 0.7529 -10.6447 -3.9053 -0.7187 -10.6260 3.8742 -24.2462 10.4789 -7.9533 -58.0988 9.4939 0.9687 0.1025 0.1656 -29.4445 11.2563 -28.3882 -1.4616 -14.7748 11.0798 15.5277 -60.3833 1.4302 1.8279 19.6238 7.5630 18.1581 52.5856 0.0675 10.6716 0.5416 -0.0351 28.5903 -2.7252 -15.8971 3.4913 15.7268 7.2251 -15.9864 49.6994 -3.4908 -5.1259 6.9913 -21.0991 0.6349 -0.1595 39.0171 -0.2766 -3.9656 -7.8277 7.9261 1.7771 -4.0851 -2.1310 3.7444 -6.2777 2.1031 -0.0293 11.7621 -0.0706 -1.2193 -7.1377 -4.4463 -1.4478 -0.8198 0.8945
-40.4019 98.9293 -493.2869 -2.2655 0.2623 0.8460 3.5029 -1.6738 0.8346 -0.0010 -4.9864 2.0342 -0.2315 11.4478 0.0792 2.2103 0.3923 2.0141 0.2335 -3.5151 2.9880 -1.7251 -7.6237 2.8561 0.0109 -0.0141 -0.0230 0.7543 -10.6482 -3.9123 -0.7287 -10.6263 3.8730 -24.2375 10.3786 -8.4132 -57.6595 9.2356 -0.2195 0.1293 0.1562 -29.9174 11.6298 -28.0282 -1.1074 -14.7884 11.0980 15.5724 -60.3403 1.4180 1.8750 20.3745 7.7289 17.5772 52.7883 2.0125 10.3164 0.4742 0.0007 29.2877 -2.4489 -15.9755 3.4182 15.7029 7.2094 -16.0541 49.6736 -3.5603 -5.1491 7.4448 -18.4672 1.7005 -0.1715 43.5337 -0.3668 -4.1965 -9.2290 7.2517 1.7992 -4.0958 -2.1195 3.9773 -7.6371 2.0331 -0.0276 10.9944 -0.1432 -0.9006 -5.5820 -4.4961 -1.4504 -0.8237 0.8827
-40.5176 98.8386 -495.6742 -2.8030 0.2858 1.1272 3.5765 -2.0536 0.7613 0.0403 -5.1608 1.5087 0.1057 11.4175 -0.2271 2.5086 0.4737 1.9231 0.2542 -3.5026 2.9975 -1.7916 -7.3371 3.0137 0.0045 -0.0088 -0.0419 0.7569 -10.6509 -3.9354 -0.7422 -10.6194 3.8607 -24.0138 10.1742 -8.8991 -57.3075 9.0770 -1.6236 0.1367 0.0939 -30.8701 12.1076 -27.2171 -0.7333 -14.7879 11.0677 15.6256 -60.3028 1.3348 1.9466 21.2145 7.9287 16.9419 52.7980 4.0120 10.0677 0.3605 0.0152 29.3556 -2.2672 -15.9989 3.1948 15.6681 7.1838 -16.1002 49.6844 -3.5808 -5.1200 8.3228 -15.3242 2.9782 -0.2385 46.9337 -0.5890 -4.4874 -10.0860 6.2456 1.8124 -4.2233 -2.1108 4.4674 -9.2038 1.6680 -0.0337 10.7542 -0.2167 -0.4787 -4.1473 -4.4845 -1.4479 -0.7533 0.9018
-40.4976 98.6432 -498.2830 -3.4551 0.3119 1.5759 3.5770 -2.4372 0.6752 0.0750 -5.3722 0.9162 0.5627 11.4417 -0.5405 2.9106 0.6019 1.8095 0.2583 -3.4815 2.9178 -1.8587 -7.2012 3.2651 -0.0033 -0.0006 -0.0726 0.7594 -10.6633 -3.9673 -0.7584 -10.6237 3.8352 -23.5394 9.8062 -9.3026 -57.0455 9.1240 -3.1689 0.1675 0.0019 -32.5834 12.6098 -26.1224 -0.5067 -14.8357 11.0359 15.6971 -60.3418 1.2920 2.0412 22.0509 8.0816 16.2890 52.8334 5.8373 9.6118 0.2554 0.0017 28.6056 -2.5001 -15.9960 2.6846 15.6356 7.1816 -16.1227 49.7456 -3.5641 -5.0400 9.4106 -11.6976 4.3146 -0.3210 48.7989 -0.9037 -4.8232 -10.1651 5.1426 1.8214 -4.4854 -2.1019 5.0705 -11.0408 1.2134 -0.0555 10.9446 -0.2969 -0.0426 -2.6102 -4.5326 -1.4413 -0.6482 0.9357
-40.4611 98.4024 -500.9390 -3.8936 0.3456 2.2346 3.3717 -2.8142 0.5128 0.0710 -5.5724 0.4120 0.9616 11.4862 -0.9105 3.3883 0.8480 1.6378 0.2280 -3.4673 2.7527 -1.9308 -7.1403 3.4442 -0.0091 0.0034 -0.0902 0.7526 -10.6623 -3.9811 -0.7624 -10.6220 3.8141 -22.7980 9.4784 -9.6898 -56.9505 8.9810 -4.6923 0.2517 -0.0444 -34.7803 13.0178 -25.1176 -0.3815 -14.9170 11.0024 15.7263 -60.3687 1.2967 2.1015 22.7440 8.2786 15.5724 53.1165 7.1125 8.6964 0.1264 0.0232 27.3453 -3.2172 -16.1025 1.8822 15.6839 7.2163 -16.1387 49.8743 -3.5361 -4.9280 10.1489 -7.7267 5.2453 -0.3449 48.7167 -1.1928 -5.4228 -9.4021 3.5537 1.8373 -4.9410 -2.0961 5.3638 -12.9782 0.7585 -0.0537 11.2950 -0.3379 0.3550 -0.9459 -4.7228 -1.4297 -0.5073 0.9611
-40.2294 98.1795 -503.8935 -4.0012 0.3921 3.0758 2.9986 -3.1604 0.3431 0.0179 -5.7362 -0.0674 1.1691 11.5166 -1.2931 3.8971 1.1378 1.4285 0.1855 -3.4490 2.5864 -2.0395 -7.0130 3.4482 -0.0128 0.0067 -0.0868 0.7357 -10.6639 -3.9737 -0.7523 -10.6244 3.8134 -21.9366 9.2267 -10.1934 -56.9020 8.5180 -5.9359 0.3970 -0.0690 -37.2034 13.3795 -24.3622 -0.2720 -15.0117 10.9642 15.7151 -60.3157 1.3126 2.1494 23.3011 8.4992 14.7633 53.6449 8.0800 7.3644 0.0044 0.0616 26.2318 -4.0777 -16.4691 1.2543 15.7568 7.2854 -16.2008 50.0495 -3.5540 -4.9350 10.2602 -3.5954 5.5878 -0.2826 46.8559 -1.3394 -6.2634 -8.0393 1.3552 1.8687 -5.6640 -2.1043 5.1528 -14.8541 0.5958 -0.0398 11.3738 -0.3333 0.7343 0.8406 -5.2835 -1.4203 -0.3797 0.9584
-39.9334 97.9353 -507.1016 -3.8644 0.5107 3.9647 2.5284 -3.4773 0.1767 -0.0612 -5.8383 -0.4916 1.2350 11.5233 -1.6786 4.3362 1.3209 1.2163 0.1342 -3.4380 2.4625 -2.1805 -6.7614 3.3428 -0.0144 0.0097 -0.0658 0.7174 -10.6570 -3.9514 -0.7368 -10.6189 3.8309 -21.2143 8.9626 -10.8093 -56.6848 7.8059 -6.7759 0.5011 -0.0678 -39.6096 13.7921 -23.7300 -0.2285 -15.1068 10.9051 15.7347 -60.2108 1.2928 2.2246 23.7901 8.6702 13.9171 54.2477 9.0297 5.9868 -0.1128 0.1164 25.5526 -4.5175 -16.8182 1.0060 15.7985 7.3481 -16.2887 50.1800 -3.6336 -5.0238 9.8009 0.2906 5.5044 -0.1800 43.5030 -1.3396 -6.9634 -6.3637 -1.1602 1.9075 -6.8790 -2.1204 4.5118 -16.7010 0.7698 -0.0205 11.0458 -0.3127 1.0641 2.8048 -6.1578 -1.4159 -0.2971 0.9433
-39.6351 97.6267 -510.5296 -3.6102 0.7074 4.8383 2.0378 -3.7386 0.0068 -0.1611 -5.9074 -0.8614 1.2320 11.5729 -2.0769 4.7298 1.3388 1.0223 0.0738 -3.4510 2.3926 -2.3446 -6.4031 3.2391 -0.0148 0.0143 -0.0583 0.7089 -10.6629 -3.9432 -0.7290 -10.6248 3.8358 -20.6480 8.6832 -11.4690 -56.2616 7.0127 -7.4628 0.5235 -0.0843 -41.9536 14.2859 -23.0382 -0.2288 -15.1815 10.8806 15.7972 -60.1395 1.2959 2.2992 24.2747 8.7831 13.1580 54.7778 9.9220 4.7674 -0.1521 0.1623 25.1540 -4.4658 -17.1535 1.0784 15.7920 7.4151 -16.4005 50.3015 -3.7134 -5.1188 8.9497 3.6002 5.2912 -0.0757 38.9969 -1.2480 -6.7397 -4.6688 -3.1859 1.9546 -9.3000 -2.1521 3.6028 -18.5638 1.1320 -0.0137 10.3402 -0.2828 1.3785 4.8921 -7.1572 -1.4126 -0.2735 0.9547
-39.2670 97.1702 -514.2725 -3.3295 0.9211 5.5829 1.5934 -3.8332 -0.1467 -0.2743 -5.9724 -1.1850 1.1649 11.7120 -2.4521 5.1559 1.1091 0.8576 0.0096 -3.5048 2.3617 -2.5327 -6.0318 3.1390 -0.0148 0.0173 -0.0710 0.7134 -10.6809 -3.9535 -0.7343 -10.6474 3.8198 -20.0439 8.4910 -12.1605 -55.7839 6.1441 -8.3245 0.5339 -0.1193 -44.1615 14.6940 -22.2684 -0.1785 -15.2378 10.9038 15.9177 -60.1147 1.3052 2.3895 24.7679 8.9268 12.5600 55.2179 10.5421 3.8194 -0.1294 0.2050 24.8310 -4.1375 -17.7710 1.3937 15.7553 7.5208 -16.4943 50.4127 -3.7496 -5.1232 7.8711 6.2428 5.2065 -0.0239 33.6099 -1.1073 -5.1247 -4.1925 -3.9772 2.0468 -13.8888 -2.2500 2.5279 -20.4268 1.6441 -0.0355 9.2581 -0.2816 1.8176 6.9157 -8.1042 -1.4056 -0.4012 0.9970
-38.9606 96.4103 -518.1344 -3.0348 1.0661 6.1484 1.1753 -3.6447 -0.3860 -0.4131 -5.8997 -1.4691 1.0871 11.7911 -2.6378 5.6011 0.6304 0.6733 0.0387 -3.5857 2.2168 -2.7132 -6.0184 3.4348 -0.0145 0.0063 -0.0508 0.7353 -10.7389 -3.9442 -0.7568 -10.7006 3.8505 -19.1001 8.4758 -12.7887 -55.5628 5.1778 -9.6673 0.5866 -0.0391 -45.6975 14.8430 -21.6855 -0.1211 -15.3172 10.9597 16.0193 -60.0368 1.2924 2.5122 25.0523 9.1563 12.1606 55.8092 10.5223 3.0841 -0.1311 0.2429 24.3117 -3.3111 -18.3301 1.9382 15.7003 7.6256 -16.5133 50.4170 -3.8890 -5.0428 6.5648 8.1841 4.9979 0.0037 28.0968 -1.0211 -2.9290 -7.6459 -3.2582 2.0826 -16.4801 -2.3111 1.3112 -22.2336 2.2984 -0.0882 7.8413 -0.1877 2.5968 8.7462 -9.1017 -1.3882 -1.2073 1.0313
-38.5510 95.7118 -522.0781 -2.5729 1.0070 6.1050 0.6873 -3.1462 -0.3214 -0.5112 -5.7007 -1.5962 0.8509 11.9158 -2.8768 6.2303 0.1001 0.5241 -0.0402 -3.6293 2.3134 -2.8358 -6.3576 3.5243 -0.0065 0.0050 -0.0099 0.7642 -10.7257 -3.9027 -0.7715 -10.7076 3.8899 -17.9337 8.3726 -13.3446 -55.4917 4.1209 -10.9624 0.4026 -0.0298 -46.5891 14.8616 -21.1549 0.0975 -15.3597 10.8780 16.0949 -59.8673 1.2289 2.6656 25.0595 9.2194 11.9718 56.5079 10.2660 2.5650 -0.0140 0.2555 23.9747 -2.6430 -18.5418 2.3656 15.7026 7.6322 -16.5549 50.6785 -3.7682 -5.0266 4.7347 9.2079 4.2830 0.0275 23.6967 -0.8594 -1.4837 -13.6162 -1.7015 1.9998 -13.2291 -2.3150 -0.1468 -24.1851 3.2042 -0.0336 6.8519 -0.0548 2.9111 8.6183 -9.3425 -1.4056 -2.2684 1.1681
-38.1116 95.0916 -525.9981 -1.7627 0.7078 5.5593 -0.1556 -2.5508 -0.0777 -0.5728 -5.4029 -1.6410 0.5789 12.2520 -2.9848 6.8038 -0.5301 0.4147 -0.0566 -3.6419 2.4970 -2.9211 -6.6369 3.7522 0.0073 0.0213 0.0373 0.7773 -10.7014 -3.8477 -0.7613 -10.6839 3.9240 -16.9793 8.2369 -13.6058 -55.3000 3.2446 -12.1810 0.1747 -0.0822 -46.6455 14.4751 -20.2908 0.6669 -15.4465 10.9264 16.1843 -60.1052 1.2380 2.6929 25.1975 9.1027 12.0422 56.9590 9.8748 2.3739 -0.0353 0.2480 23.4401 -2.0061 -18.0510 2.4635 15.6928 7.6552 -16.5787 50.8631 -3.6340 -5.0483 2.4501 9.3704 3.4231 -0.0235 20.6573 -0.6698 -1.1910 -18.7851 0.7309 1.8566 -8.4844 -2.1628 -1.7079 -25.6745 3.8623 0.0114 5.6208 0.0004 3.1501 6.6376 -8.5639 -1.3994 -3.4322 1.2381
-37.6488 94.6856 -529.9774 -0.5232 0.2432 4.7014 -1.1819 -1.9008 0.0947 -0.7042 -5.0967 -1.4899 0.1194 12.5264 -2.9772 7.3016 -0.8403 0.3026 0.0115 -3.5914 2.5421 -3.0335 -6.9234 4.0835 0.0153 0.0316 0.0237 0.7848 -10.6619 -3.8457 -0.7544 -10.6468 3.8940 -16.2996 8.2311 -13.7832 -54.9968 2.8921 -13.6347 0.1858 -0.1217 -45.6906 13.6851 -19.6835 1.1526 -15.4446 10.9349 16.1319 -60.2105 1.2728 2.6560 25.3234 9.1359 12.0497 57.3336 9.0453 2.2063 0.1212 0.2088 22.6925 -1.6393 -16.8372 2.3664 15.6580 7.6488 -16.5796 50.7060 -3.5632 -5.0904 -0.1913 8.7957 2.6727 -0.0310 18.7310 -0.4881 -0.6995 -22.1029 2.8791 1.7723 -4.2710 -2.0467 -3.1671 -26.6616 3.8896 0.0561 4.3419 0.0099 3.1158 2.9466 -7.7092 -1.3650 -4.1760 1.2615
-37.2936 94.5897 -533.5501 0.7778 -0.2631 3.6613 -2.1718 -1.3489 0.1742 -0.8320 -4.8472 -1.2958 -0.3794 12.7600 -2.8429 7.5130 -0.8501 0.2407 0.1037 -3.5621 2.5477 -3.0737 -7.0841 4.2826 0.0180 0.0340 -0.0089 0.7811 -10.6354 -3.8668 -0.7463 -10.6165 3.8494 -16.1344 8.2422 -13.8585 -54.5834 3.0480 -14.7260 0.2978 -0.1085 -43.9595 12.6229 -19.1358 1.7987 -15.4305 10.9970 16.0687 -60.3987 1.3563 2.5195 25.4349 9.1749 12.0771 57.7814 8.3053 2.2163 0.1382 0.1821 22.0533 -1.5439 -16.1588 2.0839 15.6169 7.6450 -16.6153 50.5097 -3.5502 -5.1571 -2.4626 7.7511 2.5748 -0.0169 17.5953 -0.3652 -0.3123 -23.2587 4.1657 1.7295 -2.0972 -1.9965 -4.0181 -27.3958 3.0216 0.1046 3.7756 -0.0263 3.1876 0.0552 -7.3135 -1.3407 -4.2691 1.2420
-37.0712 94.9561 -537.0366 1.5890 -0.6183 2.6185 -2.8333 -1.0305 0.1758 -0.8671 -4.6719 -1.1033 -0.6785 12.9221 -2.6933 7.5094 -0.7536 0.3943 0.1901 -3.6042 2.4873 -3.2405 -6.8628 4.4683 0.0133 0.0272 -0.0600 0.7671 -10.6095 -3.9082 -0.7414 -10.5818 3.7900 -16.6799 8.2296 -13.8583 -53.9670 3.6907 -15.0497 0.3683 -0.1839 -41.8875 11.6803 -19.2311 2.4104 -15.4381 11.0225 15.9430 -60.3838 1.4126 2.2387 25.5846 9.1185 12.0625 58.2115 7.6628 1.9700 0.1153 0.1778 21.6684 -1.6413 -15.9844 1.7198 15.5686 7.5763 -16.5678 50.4880 -3.6228 -5.2215 -3.8613 6.3336 2.9526 0.0440 16.8967 -0.2722 0.1827 -22.6954 4.5574 1.6794 -1.5077 -1.9813 -3.7565 -28.1153 1.2729 0.1385 4.8161 -0.0318 3.5388 -0.6723 -7.7326 -1.3701 -4.2848 1.2241
-36.9562 95.7665 -539.9575 1.7399 -0.9172 1.7746 -2.9577 -0.7968 0.1145 -0.8577 -4.5567 -0.9672 -0.7915 12.8830 -2.6751 7.2847 -0.3775 0.4343 0.2903 -3.5905 2.6665 -3.4835 -6.8783 4.8106 0.0138 0.0268 -0.0908 0.7615 -10.5936 -3.9340 -0.7348 -10.5709 3.7527 -17.0668 8.2545 -13.7668 -54.0622 4.5177 -14.5777 0.3650 -0.1542 -39.5944 11.1379 -19.9913 2.6961 -15.4709 10.8763 15.7902 -60.2534 1.3552 2.1286 25.1668 9.1574 11.9416 59.0753 7.3208 1.9762 0.2400 0.1938 21.5058 -1.8158 -16.1055 1.3937 15.4407 7.5332 -16.6209 50.3994 -3.6587 -5.2896 -4.2381 4.8563 3.4952 0.0579 16.2128 -0.2020 0.5841 -20.6359 4.4670 1.6737 -1.4447 -1.9308 -2.7040 -28.3603 -0.6117 0.1135 7.5857 0.0117 4.0931 -0.0028 -8.2033 -1.3975 -4.2157 1.2240
-36.9465 96.6611 -542.7830 1.4285 -1.3328 1.1703 -2.8207 -0.5509 0.0024 -0.8089 -4.4713 -0.9004 -0.6309 12.6990 -2.6430 6.8143 0.0957 0.4707 0.4666 -3.5765 2.9140 -3.6987 -6.9467 5.1851 0.0163 0.0283 -0.0830 0.7668 -10.6085 -3.9305 -0.7341 -10.5936 3.7645 -17.2461 8.6062 -13.6535 -54.7209 5.5285 -13.7172 0.3739 -0.1333 -37.5026 10.5688 -20.9964 2.8217 -15.4546 10.7660 15.7172 -60.1986 1.3089 2.0483 24.3505 9.3322 11.7589 60.0648 7.4721 2.3890 0.4048 0.2084 21.7776 -1.7398 -16.4440 1.4508 15.3606 7.5438 -16.6936 50.3962 -3.5979 -5.3410 -4.0238 3.9428 3.8885 0.0487 14.8323 -0.1671 0.9696 -17.9579 4.4140 1.6799 -1.5374 -1.9129 -1.6656 -27.8394 -1.8244 0.1064 11.4958 0.0707 4.4544 0.7087 -7.8844 -1.4256 -4.1686 1.1936
-37.0109 97.4371 -545.4453 1.0744 -1.7636 0.8589 -2.6929 -0.3912 -0.1050 -0.7856 -4.4260 -0.8445 -0.4179 12.5746 -2.6326 6.3618 0.4416 0.4936 0.6126 -3.5530 3.1137 -3.8108 -6.9411 5.5112 0.0170 0.0252 -0.0769 0.7699 -10.6287 -3.9300 -0.7350 -10.6246 3.7753 -17.5133 9.0290 -13.4662 -55.3109 6.8401 -12.7111 0.3514 -0.1211 -35.8347 10.0473 -21.8923 2.7512 -15.4689 10.6968 15.7044 -60.2417 1.2459 2.0371 23.9393 9.5228 11.6687 60.4957 8.0234 2.8726 0.4091 0.2487 22.5985 -1.5019 -16.6680 1.7287 15.3287 7.5652 -16.7081 50.4115 -3.5481 -5.3750 -3.7125 3.4066 3.9918 0.0269 13.0251 -0.1065 1.3128 -15.2713 4.5071 1.6832 -1.5722 -1.8948 -1.1629 -26.8952 -2.1748 0.0869 15.9902 0.1164 4.7275 1.0916 -6.6300 -1.4333 -4.1401 1.1662
-37.1212 98.0135 -548.0932 0.9795 -2.1297 0.8458 -2.7087 -0.3117 -0.1798 -0.7961 -4.4140 -0.8296 -0.3620 12.4802 -2.5975 6.0153 0.6210 0.5147 0.6857 -3.5195 3.2975 -3.7888 -6.8424 5.6071 0.0149 0.0298 -0.0736 0.7633 -10.6324 -3.9317 -0.7326 -10.6346 3.7843 -17.8795 9.4442 -13.2087 -55.7046 8.1857 -11.4811 0.2199 -0.0725 -34.3645 9.7013 -22.7267 2.5254 -15.4941 10.6579 15.6820 -60.3217 1.2128 2.0751 23.8571 9.6839 11.6898 60.6291 8.6229 3.2147 0.1827 0.3157 23.6401 -1.4314 -17.1510 2.2036 15.3462 7.5936 -16.6967 50.5017 -3.4989 -5.3396 -3.5903 2.8944 4.0355 0.0034 11.2223 -0.0442 1.4829 -12.8439 4.4608 1.6816 -1.5392 -1.8766 -1.3692 -25.7097 -1.8460 0.0347 20.7899 0.1571 4.7800 0.5924 -4.9490 -1.4391 -4.1819 1.1524
-37.3796 98.3597 -550.6698 1.2984 -2.3963 0.9720 -2.9201 -0.3157 -0.2372 -0.8237 -4.4030 -0.7354 -0.5504 12.3158 -2.5200 5.7791 0.7328 0.6046 0.6484 -3.5026 3.2980 -3.6247 -6.6718 5.4720 0.0155 0.0391 -0.0634 0.7576 -10.6283 -3.9268 -0.7260 -10.6301 3.7990 -18.4551 9.7379 -12.8569 -55.8392 9.3412 -9.7871 0.0069 -0.0082 -32.8698 9.7498 -23.6680 2.1737 -15.4145 10.7017 15.6472 -60.2557 1.2293 2.0898 23.9052 9.7006 11.7148 60.6795 8.8696 3.0428 -0.0821 0.3762 24.4394 -1.7169 -18.0067 2.6722 15.3631 7.5788 -16.6325 50.5216 -3.4797 -5.2187 -3.8829 2.2627 4.0448 -0.0002 9.6249 0.0185 1.5394 -10.7484 4.2294 1.6769 -1.5003 -1.8691 -2.2549 -24.2416 -1.0816 -0.0304 25.4895 0.1672 4.5483 -1.6129 -3.7756 -1.4461 -4.1553 1.1513
-37.6501 98.5795 -553.1235 1.8608 -2.5350 1.1200 -3.1706 -0.4551 -0.2610 -0.8713 -4.4196 -0.5275 -0.9109 12.1542 -2.4120 5.5674 0.8597 0.7768 0.5356 -3.4896 3.1517 -3.3960 -6.3732 5.2416 0.0169 0.0420 -0.0718 0.7505 -10.6266 -3.9359 -0.7166 -10.6302 3.7920 -19.3580 9.8684 -12.4442 -55.6701 10.1746 -7.4061 -0.2267 0.0464 -31.3083 10.2035 -24.6533 1.6410 -15.2496 10.7805 15.6024 -60.1341 1.2426 2.1159 24.0160 9.6028 11.8253 60.5856 8.6694 2.5667 -0.2405 0.3877 24.7969 -2.1831 -18.7325 2.8602 15.3671 7.5557 -16.5895 50.4622 -3.4884 -5.0819 -4.4407 1.3788 3.9988 0.0127 8.2929 0.0668 1.5088 -8.7622 3.9831 1.6698 -1.5484 -1.8856 -3.4355 -22.4249 -0.2855 -0.0923 29.9962 0.1262 3.9224 -4.5411 -3.5799 -1.4488 -4.0450 1.1499
-38.0620 98.7199 -555.5994 2.5119 -2.5958 1.2277 -3.3548 -0.6856 -0.2179 -0.9439 -4.4992 -0.2475 -1.3443 12.0721 -2.2572 5.2469 1.0182 1.0109 0.4174 -3.4835 2.8992 -3.2061 -5.9418 4.9936 0.0187 0.0364 -0.0998 0.7403 -10.6374 -3.9628 -0.7036 -10.6429 3.7644 -20.3180 9.9463 -11.9686 -55.4740 10.8490 -4.8485 -0.3333 0.0875 -29.9310 10.6633 -25.4209 0.9870 -15.0787 10.8424 15.5896 -60.1383 1.2428 2.1662 23.9727 9.4955 12.1034 60.4435 8.0547 2.0871 -0.2335 0.3504 24.8201 -2.5471 -19.0736 2.7138 15.3733 7.5323 -16.6142 50.3654 -3.5177 -4.9688 -5.0974 0.2323 3.8590 0.0239 7.3272 0.1027 1.4936 -6.8236 3.8663 1.6595 -1.6436 -1.9232 -4.6806 -20.2227 0.3299 -0.1317 34.4583 0.0311 3.3811 -7.3234 -3.8865 -1.4513 -3.8846 1.1409
-38.4114 98.7622 -558.2522 3.1655 -2.6484 1.3193 -3.4762 -0.9270 -0.1356 -1.0228 -4.5985 0.1013 -1.7828 12.0116 -2.0493 4.7996 1.2655 1.2152 0.3234 -3.4967 2.6196 -3.0494 -5.4695 4.7515 0.0195 0.0319 -0.1315 0.7330 -10.6463 -3.9947 -0.6954 -10.6484 3.7344 -21.1329 10.0465 -11.4284 -55.3840 11.7091 -2.8449 -0.2620 0.1560 -28.9303 10.7481 -25.6644 0.4349 -14.9883 10.8764 15.5603 -60.2527 1.2602 2.1553 23.7217 9.4125 12.4710 60.3050 7.2704 1.8581 -0.1665 0.3081 24.7206 -2.6850 -18.9762 2.3991 15.3832 7.5355 -16.6791 50.2919 -3.5641 -4.8683 -5.7289 -1.0329 3.7341 0.0251 6.6580 0.1156 1.4718 -4.9620 3.8275 1.6526 -1.6838 -1.9560 -5.8839 -17.5792 0.5933 -0.1408 38.6439 -0.0651 3.2607 -9.6694 -4.0493 -1.4599 -3.6735 1.1328
-38.9313 98.7454 -560.6574 3.7160 -2.6595 1.3239 -3.5008 -1.1935 -0.0578 -1.0857 -4.7313 0.5166 -2.1722 12.0175 -1.7818 4.2767 1.5705 1.3761 0.2640 -3.5132 2.3586 -2.9667 -5.0686 4.5272 0.0200 0.0280 -0.1540 0.7315 -10.6729 -4.0197 -0.6940 -10.6694 3.7133 -21.8825 10.0814 -10.8429 -55.2786 12.7909 -1.3017 -0.1738 0.1997 -28.2560 10.5670 -25.5088 0.0297 -14.9308 10.9222 15.5260 -60.4025 1.3191 2.0996 23.4430 9.3065 12.9455 59.9445 6.6021 1.9887 -0.1288 0.2512 24.7318 -2.7530 -18.8133 2.1210 15.4513 7.5667 -16.7500 50.3240 -3.6027 -4.8118 -6.2198 -2.4804 3.6665 0.0366 6.3093 0.1396 1.4517 -3.2516 3.8832 1.6471 -1.6821 -1.9734 -6.8957 -14.6148 0.5518 -0.1085 42.1918 -0.0888 3.4544 -11.3690 -3.8050 -1.4756 -3.4847 1.1311
-39.4140 98.7008 -563.2041 3.9890 -2.5650 1.2369 -3.3509 -1.5196 0.0134 -1.0938 -4.8910 0.9571 -2.4187 12.0325 -1.4135 3.6756 1.9051 1.5595 0.2036 -3.5309 2.1696 -2.9044 -4.6254 4.2195 0.0223 0.0227 -0.1567 0.7275 -10.6916 -4.0237 -0.6865 -10.6800 3.7110 -22.7233 10.0378 -10.2379 -55.0997 13.9172 0.0224 -0.0697 0.2279 -27.5850 10.2826 -25.2935 -0.3035 -14.8651 10.9603 15.4602 -60.4965 1.3910 2.0504 23.2629 9.1274 13.5194 59.2042 6.0562 2.3850 -0.0831 0.2058 24.7763 -2.8490 -18.6199 1.9510 15.5428 7.5998 -16.7893 50.4120 -3.6062 -4.8116 -6.3755 -4.2265 3.6955 0.0487 6.2347 0.1599 1.4042 -1.6127 4.0235 1.6458 -1.6772 -1.9893 -7.4966 -11.2538 0.2271 -0.0578 44.5360 -0.0399 3.7233 -12.2173 -3.1989 -1.4905 -3.4769 1.1301
-39.9679 98.6001 -565.6528 3.9414 -2.3731 1.0336 -3.0202 -1.8810 0.0835 -1.0415 -5.0766 1.3872 -2.4957 12.0349 -0.9879 3.0112 2.2662 1.7577 0.1460 -3.5666 2.0709 -2.8573 -4.1415 3.8872 0.0256 0.0125 -0.1309 0.7204 -10.7083 -3.9983 -0.6736 -10.6893 3.7348 -23.5402 9.9352 -9.6119 -55.0354 14.8954 1.2644 0.0677 0.2473 -26.8445 9.9721 -25.1491 -0.4681 -14.8286 11.0201 15.4095 -60.5725 1.4760 1.9625 23.1583 8.8512 14.1675 58.1415 5.5632 2.8891 -0.0289 0.1771 24.8284 -3.0125 -18.4611 1.9279 15.6533 7.6185 -16.7947 50.5252 -3.5509 -4.8713 -6.1307 -6.2797 3.6575 0.0612 6.4199 0.1713 1.2998 -0.0301 4.3612 1.6445 -1.6595 -2.0017 -7.6335 -7.6194 -0.1888 -0.0044 45.4320 0.0928 4.0090 -12.1709 -2.2765 -1.4974 -3.7029 1.1327
-40.5845 98.4649 -568.2484 3.6165 -2.0930 0.7506 -2.5645 -2.2411 0.1370 -0.9316 -5.2574 1.8126 -2.4105 11.9854 -0.5721 2.3603 2.5960 1.9544 0.0619 -3.6099 2.0305 -2.7972 -3.6827 3.5592 0.0290 -0.0042 -0.1028 0.7141 -10.7214 -3.9686 -0.6610 -10.6964 3.7574 -24.2113 9.8482 -8.9522 -55.1951 15.4918 2.5621 0.2157 0.2722 -26.1092 9.5445 -24.8572 -0.3327 -14.8724 11.0531 15.3690 -60.6893 1.5349 1.8645 23.0758 8.5583 14.8876 56.9135 4.8395 3.2327 0.0299 0.1630 24.8675 -3.1775 -18.3022 1.9894 15.6887 7.6150 -16.7508 50.5349 -3.4741 -4.8918 -5.5016 -8.6369 3.5085 0.0655 6.8633 0.1759 1.1412 1.4913 4.8740 1.6440 -1.5673 -2.0103 -7.3632 -3.9387 -0.4859 0.0123 44.7309 0.2674 4.3464 -11.2171 -0.8238 -1.4934 -4.3307 1.1323
-41.2460 98.2545 -571.0634 3.2351 -1.6510 0.4141 -2.1322 -2.5812 0.2145 -0.8288 -5.4289 2.1804 -2.2678 11.9014 -0.2120 1.8388 2.7483 2.1149 -0.0141 -3.6420 2.0744 -2.7354 -3.4305 3.2823 0.0322 -0.0209 -0.0896 0.7121 -10.7360 -3.9518 -0.6531 -10.7076 3.7638 -24.5994 9.8360 -8.3065 -55.6206 15.7712 3.7816 0.3533 0.3046 -25.6997 8.8033 -24.3398 0.2196 -14.9626 11.0558 15.3874 -60.7816 1.5621 1.9005 22.9566 8.2185 15.6419 55.6858 3.8900 3.5009 0.0931 0.1208 25.0432 -3.4244 -18.1107 2.2325 15.7227 7.5944 -16.6804 50.4282 -3.4194 -4.8941 -4.7163 -11.4151 3.2406 0.0529 7.5685 0.1700 0.9972 2.9208 5.5229 1.6393 -1.3968 -2.0237 -6.9442 -0.6650 -0.6469 -0.0202 42.6192 0.4043 4.6223 -9.7874 1.2468 -1.4784 -5.8029 1.1203
-42.0279 97.8330 -573.8764 2.9955 -1.0449 0.0499 -1.8018 -2.8580 0.3052 -0.7717 -5.5345 2.4800 -2.2021 11.7840 0.0588 1.4775 2.5796 2.2431 -0.0633 -3.6376 2.1780 -2.6867 -3.5075 3.1368 0.0313 -0.0229 -0.0868 0.7169 -10.7252 -3.9479 -0.6607 -10.6934 3.7640 -24.8281 9.8385 -7.7818 -56.0501 15.8394 4.9203 0.2999 0.2973 -25.7052 7.9296 -23.7886 0.8955 -14.9803 11.0290 15.4155 -60.8260 1.5543 2.0224 22.7928 7.8234 16.3311 54.5863 2.7223 3.8659 0.0606 0.0668 25.4810 -3.7220 -17.9357 2.6337 15.7693 7.5261 -16.5613 50.2137 -3.4073 -4.8904 -3.9884 -14.5894 2.9256 0.0405 8.4528 0.1689 0.8235 4.2829 6.2771 1.6326 -1.1988 -2.0349 -6.5432 1.9546 -0.7194 -0.0767 39.1340 0.4469 4.4237 -8.5016 3.4720 -1.4804 -9.2488 1.1331
-42.7907 97.2079 -577.1613 2.9642 -0.3071 -0.2638 -1.6286 -3.0360 0.4467 -0.7344 -5.5652 2.7038 -2.2674 11.6895 0.1776 1.1656 2.1392 2.3916 -0.0513 -3.6182 2.3523 -2.6536 -3.9932 3.0196 0.0264 -0.0044 -0.0690 0.7318 -10.7336 -3.9352 -0.6868 -10.7001 3.7893 -24.9806 9.8691 -7.4063 -56.3833 15.6985 5.8060 0.1137 0.2648 -26.0289 7.1741 -23.3199 1.4771 -14.8246 11.0294 15.4660 -60.7743 1.5676 2.1305 22.6014 7.5191 17.0019 53.5295 1.3130 4.4573 0.0779 0.0035 26.3322 -4.1747 -17.8181 3.1484 15.8544 7.4684 -16.4344 49.9887 -3.4166 -4.8381 -3.4118 -18.0285 2.6048 0.0286 9.2725 0.1703 0.7012 5.7132 7.0940 1.6135 -1.0527 -2.0364 -6.1518 3.7826 -0.8488 -0.0621 34.1622 0.4576 3.0524 -8.9883 4.3833 -1.5457 -15.5634 1.2391
-43.6084 96.5911 -580.4263 2.6525 0.2872 -0.4253 -1.2041 -2.9349 0.3474 -0.7500 -5.4596 2.9210 -2.2101 11.6814 0.4115 0.8590 1.3593 2.4672 -0.2059 -3.5358 2.6234 -2.5503 -4.7190 2.7884 0.0280 0.0123 0.0240 0.7467 -10.7499 -3.8557 -0.6971 -10.7252 3.9005 -25.4523 9.9006 -7.4668 -56.3970 15.1244 6.5627 -0.0189 0.3346 -26.4546 6.5240 -23.3310 1.8676 -14.6118 11.0195 15.5141 -60.5524 1.5729 2.1160 22.4117 7.3238 17.4534 52.2665 -0.2672 5.3189 0.2906 -0.0271 27.5818 -4.7508 -17.3504 3.7110 15.6707 7.5164 -16.3241 49.8615 -3.3833 -4.9149 -2.4064 -21.2254 2.1057 0.0068 9.5456 0.0889 0.2557 7.3006 7.7990 1.6563 -1.8712 -2.1082 -4.9284 4.5408 -0.7545 -0.0756 29.2298 0.4625 1.4004 -13.8013 2.7677 -1.5255 -14.1858 1.2507
-44.4813 96.1202 -583.9344 1.7185 0.5885 -0.3580 -0.3814 -2.7211 0.3124 -0.6117 -5.2666 2.8826 -2.0272 11.9349 0.4609 0.4032 0.6850 2.6881 -0.2454 -3.4881 2.8282 -2.5625 -5.1736 2.8408 0.0358 0.0129 -0.0080 0.7392 -10.7469 -3.9022 -0.6749 -10.7357 3.8804 -26.1940 9.5723 -7.4382 -55.9276 14.4367 7.0372 -0.2360 0.3004 -26.7043 6.4881 -23.3392 1.8807 -14.5415 10.8977 15.4224 -60.1636 1.4746 2.1953 22.4491 7.1188 18.0276 50.6433 -1.5218 6.5950 0.1920 -0.0981 28.8064 -4.8072 -17.0312 4.2099 15.5560 7.5746 -16.3630 49.8216 -3.4127 -4.9267 -0.8532 -23.6049 2.1407 0.0091 8.9486 0.2413 -0.7001 7.5971 7.3778 1.7031 -2.5640 -2.0874 -2.5437 3.9626 0.0703 -0.1287 26.2057 0.3638 0.4635 -18.2245 0.1562 -1.4922 -8.3305 1.2227
-45.2906 95.7388 -587.3599 0.5016 0.6266 -0.0912 0.5442 -2.3197 0.1921 -0.4673 -5.0814 2.7205 -1.5949 12.1587 0.5316 0.0220 0.3100 2.7227 -0.1851 -3.5069 3.0906 -2.5950 -5.6415 3.0106 0.0380 0.0080 -0.0187 0.7329 -10.7171 -3.9042 -0.6648 -10.6977 3.8623 -26.6054 9.5893 -7.4400 -55.9067 13.2050 7.0952 -0.2873 0.2773 -26.7914 6.7514 -22.9698 1.7840 -14.7687 10.8043 15.5202 -60.2026 1.4951 2.1682 22.0613 7.1152 18.4790 49.4186 -2.6893 7.8025 0.1169 -0.1981 29.8713 -4.4775 -16.4536 4.5090 15.4581 7.5949 -16.2709 49.8773 -3.3713 -4.8231 0.7999 -25.1649 2.2660 0.0069 7.2364 0.2116 -1.7104 5.8030 7.0663 1.6742 -3.4156 -2.1092 -0.1014 2.6636 0.6774 -0.1315 24.5577 0.2822 -0.6394 -20.8165 -1.9179 -1.4678 -4.1422 1.1553
-46.1175 95.5212 -591.0296 -0.6934 0.4455 0.3067 1.3963 -1.8435 0.1419 -0.3378 -4.9071 2.6252 -1.1575 12.3075 0.4404 -0.0783 0.1875 2.6148 -0.1047 -3.5082 3.1534 -2.5855 -6.3323 3.2297 0.0329 0.0111 -0.0213 0.7366 -10.7017 -3.9035 -0.6792 -10.6749 3.8595 -26.3235 9.8340 -7.4859 -56.5266 11.8744 6.6820 -0.1938 0.2337 -26.9787 7.4782 -22.7611 1.4064 -15.0340 10.7097 15.5274 -60.4182 1.4521 2.0815 21.2752 7.3385 18.7405 48.9803 -3.8531 8.4944 0.0668 -0.2223 30.6494 -4.0918 -16.1633 4.7745 15.4536 7.5690 -16.2559 49.9872 -3.3297 -4.8132 2.2782 -26.3289 2.4000 0.0040 6.0295 0.1245 -2.7300 2.1950 7.1573 1.6024 -3.8984 -2.1574 1.9287 1.1906 0.5795 -0.1157 23.6025 0.2309 -1.5192 -21.7360 -2.9129 -1.4621 -1.7206 1.0968
-46.7979 95.5475 -594.7037 -1.7176 0.0091 0.9280 2.0640 -1.2997 0.2709 -0.2539 -4.6841 2.4472 -0.8209 12.3941 0.3004 0.1535 0.2172 2.3667 -0.0463 -3.5587 2.9737 -2.3874 -7.0673 3.1953 0.0247 0.0094 -0.0390 0.7488 -10.6899 -3.9149 -0.7072 -10.6561 3.8401 -25.6660 10.1974 -7.6738 -57.1139 10.4598 5.7984 -0.3030 0.1443 -27.1922 8.5535 -23.1174 0.8776 -15.0812 10.7697 15.5214 -60.5885 1.5589 1.9765 20.5794 7.6024 18.8317 48.9906 -4.7203 8.6054 0.0847 -0.2446 30.9622 -4.0676 -16.4174 5.1561 15.5428 7.5194 -16.2470 49.9854 -3.3316 -4.8167 3.3876 -27.6820 2.7170 -0.0229 8.3046 0.0677 -3.6413 -0.3152 7.4533 1.6045 -4.0510 -2.1689 3.6154 -0.0960 0.2910 -0.1559 22.9057 0.2071 -2.0999 -21.1859 -3.2982 -1.4401 -0.4572 1.0718
-47.4198 96.0029 -597.8929 -2.1483 -0.6132 1.6051 2.3077 -0.8079 0.3779 -0.2287 -4.4852 2.3705 -0.7626 12.5195 0.1410 0.6898 0.5179 2.1769 -0.0185 -3.5260 2.7096 -2.1985 -7.6221 2.9760 0.0273 0.0156 -0.0441 0.7831 -10.7069 -3.9254 -0.7350 -10.6740 3.8391 -24.9717 10.4876 -7.9488 -57.2860 9.2726 4.1708 -0.3690 0.0800 -27.2826 9.5450 -23.3474 0.4663 -15.0751 10.8320 15.4551 -60.5620 1.6666 1.8720 20.1511 7.8017 18.8812 49.3688 -5.2525 8.2605 0.2087 -0.1679 30.4633 -4.5550 -16.7328 5.4752 15.6051 7.4623 -16.2556 50.0278 -3.2964 -4.8245 3.9217 -28.4614 2.8591 -0.0641 13.7075 -0.0033 -3.6884 -1.6901 7.4348 1.6476 -4.0940 -2.1741 4.4641 -1.5228 -0.0338 -0.1695 22.9189 0.1110 -2.2642 -19.5760 -3.7048 -1.4329 -0.1515 1.0235
-47.8176 96.6688 -600.7661 -2.1070 -1.3327 2.0811 2.3736 -0.4442 0.4949 -0.2686 -4.3395 2.3583 -0.9523 12.4838 0.1576 1.2277 1.3570 2.0426 -0.0412 -3.5160 2.3542 -1.9091 -7.7174 2.4555 0.0300 0.0268 -0.0457 0.7971 -10.7120 -3.9280 -0.7418 -10.6779 3.8391 -24.1558 10.8446 -8.1224 -57.3164 8.2899 2.3315 -0.3538 0.0540 -27.7676 10.2797 -23.4005 0.1037 -14.9581 10.9019 15.4448 -60.4192 1.7176 1.9104 19.6195 8.0551 18.8173 50.3839 -5.1887 7.7730 0.3209 -0.1021 29.2686 -4.9909 -16.7783 5.3012 15.6784 7.3956 -16.2169 49.9586 -3.3153 -4.8459 4.2341 -27.7846 2.6626 -0.0542 19.8124 0.0180 -3.4432 -3.1183 7.1694 1.6838 -4.0806 -2.1881 4.5669 -2.2465 -0.3241 -0.1175 21.9778 0.0875 -2.1772 -17.4526 -3.9399 -1.4328 -0.1769 0.9613
-48.0783 97.3407 -603.5579 -2.0221 -1.8741 2.1849 2.5149 -0.3067 0.5749 -0.2852 -4.3010 2.4806 -1.1761 12.2828 0.2556 1.5338 2.3679 2.0091 -0.0763 -3.5265 1.9953 -1.6361 -7.3959 1.9938 0.0286 0.0416 -0.0422 0.7867 -10.7007 -3.9243 -0.7329 -10.6618 3.8398 -23.6895 11.0463 -8.1366 -57.0425 7.6029 0.8773 -0.2036 0.0910 -28.7901 11.0517 -24.1750 -0.6172 -14.8398 10.9867 15.4749 -60.3727 1.6965 1.9152 19.2294 8.2896 18.6153 51.4950 -4.2982 7.3839 0.2940 -0.0132 28.1570 -4.8944 -16.5689 4.5973 15.7955 7.3532 -16.1785 49.9523 -3.3647 -4.9213 4.7043 -25.9787 2.2686 -0.0441 25.3905 0.0641 -3.3347 -4.6295 7.0417 1.7101 -3.9910 -2.1948 4.4917 -2.4847 -0.4587 -0.0555 19.9784 0.0797 -2.0459 -15.0581 -3.9506 -1.4364 -0.3393 0.9078
-48.2957 97.9232 -605.9965 -1.9824 -2.0532 2.0242 2.7120 -0.4339 0.6605 -0.2569 -4.4144 2.5762 -1.3816 12.0376 0.3027 1.6226 3.1956 2.0867 -0.1153 -3.5275 1.8128 -1.4432 -6.8383 1.6457 0.0256 0.0370 -0.0455 0.7737 -10.7041 -3.9273 -0.7244 -10.6644 3.8379 -23.6611 10.9672 -8.0978 -56.4855 7.0105 0.0612 0.0090 0.1495 -29.8988 12.0282 -25.4771 -1.4056 -14.7792 11.0476 15.5474 -60.3819 1.6353 1.8816 19.2304 8.4510 18.3886 52.2387 -2.6591 7.0483 0.3031 0.0420 27.6203 -4.3096 -16.2409 3.7821 15.8724 7.3319 -16.1668 49.9628 -3.4140 -5.0187 5.2019 -23.5999 1.9759 -0.0889 30.2044 0.0103 -3.0152 -6.0165 7.1190 1.7337 -3.9464 -2.1926 4.3972 -2.8278 -0.5040 -0.0246 17.5746 0.0285 -1.8960 -12.6453 -3.8016 -1.4422 -0.5123 0.8823
-48.3832 98.3500 -608.2593 -1.9594 -1.8585 1.9444 2.8536 -0.7787 0.6772 -0.1974 -4.6036 2.5833 -1.5336 11.7786 0.2249 1.6155 3.6887 2.2026 -0.1752 -3.5404 1.8345 -1.3441 -6.1701 1.4297 0.0207 0.0167 -0.0580 0.7651 -10.7005 -3.9398 -0.7248 -10.6620 3.8250 -23.8012 10.6618 -8.1582 -55.8289 6.3024 -0.3145 0.1558 0.1732 -30.6487 13.1071 -26.5306 -1.8675 -14.7896 11.1278 15.6902 -60.4486 1.5737 1.8678 19.5531 8.5015 18.0530 52.6823 -0.6453 6.8275 0.2368 0.0901 27.3592 -3.4202 -15.8434 3.0443 15.8965 7.3088 -16.1944 49.9671 -3.4950 -5.1494 5.5346 -21.0970 1.9166 -0.1163 34.4026 -0.0647 -2.4022 -7.6104 7.5001 1.7627 -3.9245 -2.1778 4.3185 -3.7158 -0.6113 -0.0213 15.5239 -0.0243 -1.7450 -10.4952 -3.6772 -1.4495 -0.6361 0.8547
-48.4477 98.6279 -610.7021 -1.9983 -1.4300 2.0136 2.9025 -1.2127 0.6903 -0.1448 -4.8448 2.3592 -1.5650 11.5351 0.0521 1.6090 3.8528 2.2948 -0.2136 -3.5417 1.9835 -1.3632 -5.5393 1.3744 0.0153 -0.0048 -0.0712 0.7670 -10.6938 -3.9523 -0.7358 -10.6592 3.8139 -23.8547 10.2178 -8.3906 -55.2805 5.5187 -0.4938 0.2296 0.1656 -31.0887 14.1428 -27.2319 -1.9239 -14.8455 11.1629 15.8066 -60.5223 1.5195 1.9063 20.1074 8.4563 17.6424 52.9593 1.3826 6.5748 0.2389 0.1124 26.9821 -2.6853 -15.4881 2.4408 15.8852 7.2641 -16.2266 49.9100 -3.5785 -5.2390 5.8350 -18.5290 2.1399 -0.1327 38.1445 -0.1722 -2.1719 -9.3471 7.6974 1.7884 -3.9254 -2.1728 4.2987 -5.2641 -0.7673 -0.0282 14.2603 -0.0960 -1.5585 -8.6448 -3.5918 -1.4582 -0.7162 0.8260
-48.4235 98.7536 -613.1183 -2.2122 -0.9552 2.2400 2.9230 -1.6561 0.6608 -0.1092 -5.0687 1.9925 -1.4078 11.3368 -0.1841 1.6395 3.8322 2.3666 -0.2250 -3.5279 2.1136 -1.4600 -5.0677 1.4787 0.0097 -0.0124 -0.0872 0.7736 -10.6849 -3.9714 -0.7526 -10.6537 3.8020 -23.7637 9.7812 -8.7516 -54.8946 4.6480 -0.6941 0.2278 0.1096 -31.2935 15.1923 -27.8927 -1.9006 -14.8149 11.2042 15.8934 -60.5134 1.4939 1.9681 20.7847 8.3903 17.1421 53.1042 3.2486 6.3748 0.2334 0.1179 26.2856 -2.1961 -15.4708 1.8370 15.8318 7.1981 -16.2280 49.8111 -3.6654 -5.2622 6.3226 -15.8915 2.5015 -0.1483 41.3803 -0.3223 -2.4745 -10.7634 7.3086 1.8050 -3.9983 -2.1620 4.4739 -7.1669 -0.9637 -0.0344 13.6460 -0.1613 -1.3579 -7.0327 -3.5948 -1.4638 -0.6863 0.8080
-48.3552 98.7597 -615.8962 -2.6109 -0.5263 2.5901 2.9164 -2.0877 0.6382 -0.0788 -5.2944 1.5057 -1.0492 11.2344 -0.4626 1.6974 3.7583 2.4068 -0.2134 -3.4888 2.2362 -1.6034 -4.6376 1.6623 0.0052 -0.0089 -0.0917 0.7826 -10.6845 -3.9797 -0.7694 -10.6558 3.8039 -23.5779 9.3606 -9.2537 -54.5818 3.8485 -0.9841 0.1478 0.0212 -31.5288 16.1913 -28.5232 -1.9640 -14.7935 11.2252 15.9410 -60.5105 1.4827 2.0665 21.6080 8.3130 16.6199 53.0917 5.0007 6.0909 0.2816 0.0856 25.2413 -1.9955 -15.6960 1.1496 15.7328 7.1525 -16.1911 49.7354 -3.7433 -5.2079 7.0887 -12.9368 2.8814 -0.1934 43.9044 -0.5619 -3.0891 -11.6189 6.4850 1.8159 -4.1918 -2.1631 4.8299 -9.1777 -1.1875 -0.0472 13.3424 -0.2267 -1.0833 -5.4999 -3.6763 -1.4634 -0.6425 0.8126
-48.2772 98.6720 -618.6739 -3.1501 -0.1944 3.0573 2.8684 -2.4905 0.5912 -0.0506 -5.4931 0.9601 -0.5212 11.1820 -0.7628 1.8481 3.7512 2.4063 -0.2101 -3.4559 2.3011 -1.7525 -4.1857 1.9170 0.0022 -0.0035 -0.0980 0.7877 -10.6744 -3.9884 -0.7792 -10.6470 3.8033 -23.2598 9.0136 -9.8564 -54.3935 3.2287 -1.4076 -0.0193 -0.0675 -31.9633 16.9485 -28.9703 -2.1189 -14.7769 11.2385 15.9719 -60.4416 1.4794 2.1420 22.4718 8.2707 16.0639 53.1117 6.5684 5.7547 0.2696 0.0776 23.8889 -1.9746 -15.7481 0.2987 15.6296 7.1464 -16.1492 49.6671 -3.7805 -5.1320 8.0241 -9.5603 3.2505 -0.2358 45.3346 -0.8404 -3.6515 -11.9513 5.5956 1.8304 -4.4663 -2.1760 5.2751 -11.0691 -1.4001 -0.0549 12.9932 -0.2899 -0.7161 -3.8461 -3.8617 -1.4580 -0.6428 0.8479
-48.0554 98.5210 -621.5432 -3.6466 0.0441 3.6338 2.7284 -2.8471 0.4773 -0.0421 -5.6781 0.4315 0.0237 11.2007 -1.0995 2.1142 3.8052 2.3068 -0.1973 -3.4325 2.3058 -1.8985 -3.7130 2.2004 -0.0010 -0.0017 -0.1117 0.7824 -10.6706 -4.0005 -0.7796 -10.6429 3.7883 -22.7121 8.8054 -10.4852 -54.3372 3.0103 -2.2060 -0.1935 -0.1371 -32.8008 17.1570 -28.8324 -2.0869 -14.8360 11.2231 15.9755 -60.3594 1.4847 2.1532 23.2352 8.3590 15.4729 53.3439 7.7715 5.2224 0.2119 0.0778 22.7062 -2.0733 -15.5099 -0.5407 15.5673 7.2127 -16.1743 49.7542 -3.7624 -5.0662 8.8073 -5.8382 3.4610 -0.2356 45.4245 -1.0711 -4.0814 -11.4824 4.6179 1.8619 -4.8761 -2.1943 5.5752 -12.7930 -1.5722 -0.0460 12.4529 -0.3297 -0.2421 -2.0556 -4.1251 -1.4445 -0.6438 0.8758
-47.8449 98.3207 -624.5747 -4.0394 0.2421 4.2476 2.5425 -3.1701 0.3523 -0.0637 -5.8120 -0.0419 0.4500 11.2381 -1.5110 2.4971 3.8057 2.1517 -0.1724 -3.4162 2.3023 -2.0743 -3.2855 2.4765 -0.0030 -0.0020 -0.1117 0.7749 -10.6696 -4.0000 -0.7750 -10.6447 3.7873 -22.0279 8.6771 -11.0014 -54.3702 3.3030 -3.3815 -0.2658 -0.1518 -34.0984 16.8169 -28.1436 -1.6476 -14.9404 11.1484 15.9304 -60.2416 1.4961 2.1291 23.9201 8.5119 14.8392 53.7844 8.6810 4.3473 0.1037 0.1196 22.2306 -2.1553 -15.6250 -0.8988 15.5497 7.3308 -16.3032 49.9586 -3.7447 -5.0891 9.3309 -2.0935 3.4513 -0.1910 44.0271 -1.2124 -4.6496 -10.1166 2.8922 1.9060 -5.5705 -2.2027 5.6635 -14.3827 -1.5449 -0.0386 11.6595 -0.3526 0.3280 -0.0940 -4.6494 -1.4325 -0.5979 0.8964
-47.5597 98.0752 -627.5659 -4.2478 0.4863 4.9488 2.2778 -3.4584 0.1832 -0.1130 -5.9238 -0.4829 0.7645 11.2790 -1.9176 2.8654 3.6910 1.9096 -0.1187 -3.4158 2.3043 -2.2655 -2.9375 2.7086 -0.0037 0.0001 -0.0985 0.7726 -10.6871 -3.9897 -0.7737 -10.6667 3.8017 -21.3149 8.5817 -11.4640 -54.5000 3.9144 -4.7134 -0.1831 -0.1240 -35.7909 16.2167 -26.9916 -1.0138 -15.0659 11.0085 15.8517 -60.1570 1.4975 2.0997 24.4971 8.6419 14.1474 54.3461 9.4336 3.2072 -0.0073 0.1678 22.3872 -2.0734 -16.2649 -0.6697 15.5456 7.4906 -16.4988 50.2491 -3.7261 -5.1514 9.4253 1.4114 3.0268 -0.1194 41.1722 -1.2342 -5.2727 -8.0766 0.4021 1.9520 -7.0037 -2.2158 5.4322 -16.0122 -1.4338 -0.0282 10.7031 -0.3497 0.9218 2.0284 -5.4181 -1.4230 -0.5189 0.9048
-47.2595 97.7515 -630.7543 -4.2970 0.8281 5.7035 1.9756 -3.6746 -0.0212 -0.1853 -5.9841 -0.8626 0.9937 11.2892 -2.2734 3.2034 3.3827 1.6547 -0.0613 -3.4435 2.3219 -2.4276 -2.6760 2.8511 -0.0031 0.0019 -0.0748 0.7813 -10.6958 -3.9651 -0.7808 -10.6784 3.8218 -20.6480 8.5058 -11.8631 -54.7440 4.4120 -5.8611 -0.0786 -0.0775 -37.7305 15.7330 -25.8332 -0.5058 -15.1563 10.8851 15.8200 -60.0573 1.4840 2.0602 24.9415 8.6955 13.4450 55.0115 9.9427 1.9221 -0.0764 0.2348 22.7003 -1.8294 -17.2107 -0.0997 15.5312 7.6105 -16.6416 50.4468 -3.7280 -5.1679 9.1245 4.3979 2.3483 -0.0346 37.0107 -1.1754 -5.7014 -6.0067 -2.4200 2.0117 -10.1510 -2.2652 4.9090 -17.8539 -1.2591 -0.0219 9.7320 -0.3334 1.4496 4.2650 -6.3793 -1.4157 -0.3468 0.9198
-46.7886 97.2406 -634.1861 -4.2130 1.2169 6.3701 1.6868 -3.7452 -0.2111 -0.2708 -6.0157 -1.1199 1.1208 11.3429 -2.5195 3.5880 2.8560 1.4401 -0.0332 -3.4950 2.2849 -2.5500 -2.5784 2.9052 -0.0000 -0.0047 -0.0612 0.7913 -10.6905 -3.9428 -0.7847 -10.6774 3.8245 -20.0837 8.4278 -12.2290 -54.9978 4.6173 -6.7550 -0.0226 -0.0659 -39.8833 15.4884 -25.1604 -0.1997 -15.1789 10.8495 15.8658 -59.9645 1.4715 2.0300 25.2491 8.6309 12.8382 55.7060 10.1367 0.5695 -0.0343 0.2961 22.7916 -1.6332 -18.0697 0.4998 15.4984 7.6565 -16.6825 50.4845 -3.7536 -5.2181 8.5088 6.5755 1.9475 0.0243 31.8170 -1.0788 -5.0128 -5.6373 -3.7886 2.1153 -15.2685 -2.3994 4.1470 -19.9350 -1.0411 -0.0538 8.8344 -0.3341 1.8736 6.4786 -7.2699 -1.4130 -0.2753 0.9504
-46.3314 96.5944 -637.5111 -3.8536 1.5230 6.8706 1.3086 -3.5905 -0.3209 -0.3736 -6.0011 -1.2951 1.1004 11.4623 -2.6763 4.0615 2.2804 1.2094 -0.0838 -3.5385 2.1771 -2.6573 -2.8753 2.9345 0.0037 -0.0147 -0.0536 0.7903 -10.6717 -3.9241 -0.7772 -10.6703 3.8201 -19.5397 8.3687 -12.5048 -55.3790 4.5460 -7.4585 -0.0426 -0.0622 -42.0286 15.5459 -25.2007 -0.3024 -15.1934 10.8852 15.9713 -59.9431 1.4293 2.0736 25.3716 8.4767 12.4252 56.4570 9.9087 -0.6681 0.0323 0.3187 22.4590 -1.5912 -18.3147 1.0083 15.4921 7.6474 -16.6794 50.4696 -3.8004 -5.2914 7.5112 7.9158 1.9550 0.0538 26.5631 -0.9870 -3.9460 -9.0758 -3.4213 2.1229 -16.4544 -2.4711 3.0110 -22.0849 -0.7355 -0.0981 7.9361 -0.2760 2.2465 8.5371 -7.8677 -1.4162 -0.5185 0.9898
-45.7312 95.9240 -641.0829 -2.8546 1.4964 7.1801 0.5727 -3.2508 -0.3980 -0.5112 -5.8060 -1.4283 0.8253 11.6834 -2.7314 4.5597 1.7902 1.0875 -0.1437 -3.6076 2.0161 -2.7035 -3.4753 3.0332 0.0043 -0.0145 -0.0199 0.7883 -10.7069 -3.8960 -0.7782 -10.6949 3.8582 -19.0390 8.3131 -12.6385 -55.7697 4.4996 -8.2102 -0.0735 -0.0374 -43.5841 15.5271 -25.3654 -0.4910 -15.3400 10.9393 16.0362 -60.1600 1.3899 2.1729 25.3956 8.4166 12.3523 57.2658 9.0372 -1.7903 -0.0683 0.3096 21.6876 -1.2493 -18.1856 1.3015 15.4931 7.6507 -16.6046 50.4761 -3.9030 -5.1321 5.6400 8.8988 1.9438 -0.0058 21.7626 -0.8615 -3.4149 -14.0149 -2.1092 1.9755 -12.7620 -2.3206 0.9848 -23.8660 0.0034 -0.0714 6.7799 -0.1289 2.8233 10.4610 -8.2886 -1.4200 -1.3195 0.9860
-45.0953 95.4588 -644.6133 -1.4298 1.1230 7.0653 -0.2465 -2.7763 -0.2630 -0.6324 -5.5153 -1.3130 0.2171 11.8712 -2.8545 5.0043 1.6372 0.9948 -0.2318 -3.5856 1.9474 -2.7575 -4.0773 2.7971 0.0135 0.0063 0.0050 0.8031 -10.6545 -3.8651 -0.7767 -10.6521 3.8751 -18.7088 8.2496 -12.7780 -56.0576 4.5636 -8.9917 -0.2323 -0.0213 -44.1764 15.2669 -25.6810 -0.7864 -15.3828 10.8072 15.9200 -60.0502 1.3020 2.2171 25.1243 8.4295 12.2710 58.1272 8.1376 -2.6427 0.0130 0.2579 21.0641 -1.2302 -17.8112 1.3819 15.5495 7.6129 -16.5789 50.4834 -3.7799 -5.1587 3.0123 9.4230 1.5551 -0.0277 18.1096 -0.6675 -2.6390 -18.1132 -0.2899 1.8496 -7.6393 -2.2024 -1.5309 -25.2262 0.9636 0.0208 5.7945 -0.0424 3.0564 10.3681 -8.0414 -1.4482 -2.2670 1.0960
-44.4032 95.0794 -648.2856 0.1688 0.5157 6.6713 -1.1486 -2.3178 -0.0619 -0.7404 -5.2412 -1.1910 -0.4043 12.1081 -2.8445 5.1280 1.8522 0.9663 -0.2179 -3.5722 1.8518 -2.7647 -4.5464 2.7014 0.0200 0.0315 -0.0016 0.8008 -10.6110 -3.8660 -0.7634 -10.6073 3.8616 -18.6894 8.2385 -12.7502 -56.2021 4.9858 -10.0783 -0.1917 0.0349 -43.5530 14.5206 -25.6057 -0.6105 -15.3425 10.8414 15.8237 -60.1302 1.3205 2.2603 24.7412 8.5068 12.2739 58.8990 7.3432 -3.2005 0.1203 0.2142 20.5618 -1.2140 -17.2606 1.3617 15.5131 7.5595 -16.5369 50.2445 -3.7351 -5.1607 0.1882 9.5981 1.1322 -0.0418 15.4207 -0.4966 -1.9420 -20.6716 1.4213 1.7685 -3.9199 -2.0716 -3.9557 -26.0151 1.7361 0.0848 4.5720 0.0075 3.4823 7.7386 -7.4195 -1.4250 -3.1733 1.1882
-43.8352 94.9482 -651.7576 1.5805 -0.2952 5.9561 -1.9231 -1.8798 0.1309 -0.8177 -5.0207 -1.0396 -0.9209 12.3611 -2.6566 5.0480 2.3359 1.0104 -0.1884 -3.5362 1.7599 -2.7301 -4.7599 2.7381 0.0237 0.0400 -0.0290 0.7936 -10.6141 -3.8893 -0.7499 -10.5978 3.8313 -19.0959 8.3402 -12.5413 -56.0142 5.5481 -11.0443 -0.1750 0.0729 -41.8812 13.4797 -25.2534 -0.0389 -15.2669 10.8781 15.7228 -60.2498 1.3281 2.2127 24.4157 8.7111 12.3660 59.3731 6.7949 -3.1911 0.2276 0.2053 20.3205 -1.3116 -16.7527 1.3285 15.4796 7.4720 -16.5265 49.9882 -3.6595 -5.1962 -2.2049 9.4096 1.0061 -0.0390 13.7916 -0.3793 -1.3588 -21.6320 2.5495 1.7264 -1.9780 -2.0144 -5.4898 -26.3947 1.7396 0.0626 3.5556 -0.0468 3.5117 3.1997 -7.3976 -1.3876 -3.6881 1.2049
-43.3453 95.1780 -655.0822 2.5211 -1.0770 5.1339 -2.5116 -1.5547 0.2419 -0.8111 -4.8619 -0.8587 -1.1354 12.5687 -2.4203 4.7645 2.9250 1.1864 -0.1209 -3.5851 1.5481 -2.7358 -4.6173 2.9234 0.0229 0.0349 -0.0793 0.7813 -10.6373 -3.9366 -0.7394 -10.6090 3.7774 -19.9100 8.4584 -12.1783 -55.6008 6.3030 -11.6058 -0.2165 -0.0032 -39.5852 12.5541 -24.8231 0.5930 -15.2231 10.9427 15.6028 -60.3575 1.4366 2.0142 24.2822 8.8958 12.5268 59.4368 6.5548 -2.8219 0.2017 0.2297 20.4213 -1.3878 -16.4624 1.3254 15.4977 7.3622 -16.4634 49.9816 -3.6907 -5.2053 -3.8795 8.9239 1.1143 0.0124 12.6939 -0.3090 -0.7734 -21.1629 3.0626 1.6756 -1.4898 -2.0314 -5.8917 -26.6263 0.8635 0.0297 3.5458 -0.1241 3.4902 -0.4729 -8.3346 -1.3915 -3.8793 1.1577
-43.0798 95.7922 -657.9348 2.9252 -1.7274 4.5001 -2.7057 -1.3280 0.2631 -0.7719 -4.7583 -0.6011 -1.2678 12.6340 -2.3333 4.3944 3.4658 1.3136 -0.0765 -3.5465 1.5468 -2.7659 -4.6231 3.1060 0.0277 0.0398 -0.1053 0.7756 -10.6342 -3.9603 -0.7242 -10.6038 3.7466 -20.5205 8.4729 -11.7462 -55.5405 7.3213 -11.6366 -0.2991 0.0080 -37.1749 12.1906 -24.8316 0.9008 -15.2613 10.8795 15.4404 -60.3793 1.4458 1.8795 24.1760 9.0399 12.7408 59.3573 6.5744 -2.0679 0.2308 0.2646 20.6060 -1.4469 -16.2374 1.2477 15.4234 7.3038 -16.4934 49.8800 -3.7092 -5.2986 -4.6650 7.9522 1.4658 0.0331 12.1768 -0.2271 -0.2723 -19.6031 3.1219 1.6608 -1.4345 -1.9838 -5.4415 -26.7878 -0.4426 -0.0136 5.7565 -0.1284 3.7938 -2.2103 -9.4411 -1.3919 -3.8895 1.1612
-42.8922 96.5374 -660.6614 2.9976 -2.2987 4.1384 -2.7415 -1.0932 0.1853 -0.7153 -4.6635 -0.3958 -1.2319 12.5189 -2.2509 3.9129 3.7184 1.4553 0.0277 -3.5344 1.6590 -2.8633 -4.7666 3.2215 0.0291 0.0447 -0.1014 0.7740 -10.6382 -3.9576 -0.7194 -10.6127 3.7515 -20.7447 8.6500 -11.4047 -56.0314 8.4118 -11.0761 -0.4001 0.0436 -35.2017 12.1938 -25.5753 0.7757 -15.2557 10.7644 15.4140 -60.2996 1.4082 1.8022 23.7401 9.1143 12.9091 59.4708 6.6911 -1.1570 0.2969 0.2711 20.6814 -1.5443 -16.1412 1.3047 15.3349 7.3158 -16.5313 49.8455 -3.7035 -5.3144 -4.9658 7.1377 1.7358 0.0407 11.1876 -0.1807 0.2545 -17.2889 3.1466 1.6620 -1.5761 -1.9677 -5.0346 -26.6269 -1.2020 -0.0225 10.0984 -0.0892 4.1744 -3.1976 -10.0532 -1.4094 -3.9308 1.1508
-42.7988 97.2430 -663.1615 2.9546 -2.7646 3.9649 -2.7585 -0.9338 0.0786 -0.6947 -4.5951 -0.2299 -1.1415 12.3563 -2.1454 3.5008 3.7147 1.5512 0.1680 -3.5456 1.7529 -2.9788 -5.0300 3.3677 0.0262 0.0429 -0.0890 0.7805 -10.6735 -3.9480 -0.7314 -10.6607 3.7703 -20.7774 8.8434 -11.1144 -56.7416 9.8229 -10.0845 -0.3966 0.0653 -33.8130 12.2245 -26.7546 0.4608 -15.2454 10.6558 15.4232 -60.3172 1.3497 1.7575 23.3484 9.0769 13.0496 59.4819 6.8705 -0.3772 0.3326 0.2312 20.9650 -1.6934 -16.0347 1.4689 15.3224 7.3812 -16.5441 49.8258 -3.6878 -5.3123 -5.1373 6.4175 1.6435 0.0328 9.8890 -0.1281 0.7749 -14.8207 3.4829 1.6690 -1.7610 -1.9723 -5.0022 -25.9724 -1.1652 -0.0314 15.6342 -0.0363 4.5471 -3.6377 -9.7257 -1.4197 -3.9833 1.1354
-42.9930 97.7788 -665.7547 2.8755 -3.1073 3.9686 -2.7896 -0.9106 -0.0010 -0.7201 -4.5427 -0.1015 -1.0808 12.2319 -2.0372 3.2518 3.5504 1.5761 0.2925 -3.5638 1.8432 -2.9725 -5.2403 3.4769 0.0227 0.0425 -0.0900 0.7787 -10.7011 -3.9548 -0.7365 -10.6968 3.7754 -20.8832 9.0642 -10.9125 -57.2078 11.2280 -8.7826 -0.4142 0.1366 -32.5248 12.1104 -28.0438 0.2434 -15.2077 10.6301 15.4139 -60.3768 1.3159 1.7397 23.1666 9.0490 13.2072 59.3321 7.0019 0.3277 0.1929 0.2053 21.5923 -1.8054 -16.3602 1.8536 15.3371 7.4878 -16.5485 49.9379 -3.6698 -5.2334 -5.1498 5.6311 1.4710 0.0298 8.7275 -0.0636 1.0195 -12.6789 3.8403 1.6675 -1.8744 -1.9754 -5.2052 -24.9296 -0.5783 -0.0639 21.7371 0.0419 4.7185 -4.2153 -8.5424 -1.4219 -4.0043 1.1211
-43.2537 98.1151 -668.1081 2.9585 -3.4073 4.1041 -2.9335 -0.9456 -0.0417 -0.7699 -4.4953 0.0057 -1.1591 12.1344 -1.8943 3.1673 3.4048 1.5425 0.3462 -3.5719 1.9471 -2.8621 -5.3706 3.3687 0.0217 0.0498 -0.0914 0.7728 -10.7046 -3.9611 -0.7322 -10.7020 3.7785 -21.1675 9.3049 -10.7342 -57.2395 12.4612 -7.2973 -0.4706 0.2175 -31.1252 11.8538 -28.6804 0.1647 -15.1319 10.6687 15.3743 -60.3637 1.3284 1.7303 23.1774 9.0848 13.3516 59.0408 6.8723 0.9354 0.0585 0.1887 22.3196 -1.9996 -16.9213 2.3387 15.3536 7.5174 -16.5087 50.0221 -3.6524 -5.1303 -5.2150 4.7573 1.4252 0.0399 7.9632 -0.0175 0.9853 -11.0003 3.9991 1.6621 -1.8275 -1.9653 -5.6122 -23.5808 0.1646 -0.0891 28.0640 0.1242 4.7385 -5.5628 -7.1334 -1.4299 -3.8543 1.1287
-43.6485 98.3389 -670.3883 3.2506 -3.6635 4.2507 -3.1351 -1.0610 -0.0335 -0.8297 -4.5161 0.1752 -1.4004 12.0871 -1.7247 3.1281 3.4358 1.5462 0.2891 -3.5559 1.9418 -2.7027 -5.3717 3.1165 0.0220 0.0574 -0.1100 0.7606 -10.6982 -3.9810 -0.7196 -10.6901 3.7616 -21.7381 9.5085 -10.4858 -56.8017 13.5297 -5.7496 -0.4940 0.2974 -29.6081 11.5503 -28.6662 0.2264 -15.0000 10.7749 15.3603 -60.3321 1.3636 1.7454 23.2706 9.1400 13.5832 58.6420 6.4171 1.4314 -0.0089 0.1569 22.8026 -2.2187 -17.1249 2.6145 15.4156 7.5320 -16.4753 50.1481 -3.5905 -5.0095 -5.4299 3.8322 1.4730 0.0572 7.4342 0.0208 0.8129 -9.5347 4.0815 1.6539 -1.7295 -1.9470 -6.2065 -21.7948 0.8695 -0.1089 34.1562 0.1241 4.5550 -7.9110 -6.3349 -1.4444 -3.5656 1.1232
-44.1100 98.4913 -672.7297 3.6663 -3.8344 4.3124 -3.2712 -1.2704 0.0177 -0.8920 -4.6229 0.4187 -1.7399 12.0783 -1.5083 2.9898 3.6324 1.6372 0.1664 -3.5301 1.7760 -2.5548 -5.1689 2.8761 0.0219 0.0552 -0.1396 0.7425 -10.6945 -4.0081 -0.7021 -10.6787 3.7306 -22.5012 9.6131 -10.1112 -56.1644 14.3190 -4.0330 -0.4724 0.3644 -28.0173 11.4355 -28.5501 0.1258 -14.8901 10.9033 15.3645 -60.3916 1.4003 1.7621 23.2636 9.1456 13.9652 58.1970 5.7543 1.8068 0.0430 0.1205 22.9746 -2.3931 -16.7323 2.6383 15.5083 7.5374 -16.4875 50.2801 -3.5224 -4.9171 -5.7255 2.8466 1.6569 0.0626 6.9575 0.0617 0.5915 -8.0933 4.0869 1.6473 -1.7033 -1.9440 -6.9340 -19.3712 1.5556 -0.1193 39.5655 0.0629 4.3496 -10.6368 -6.0782 -1.4523 -3.2365 1.0959
-44.6411 98.5756 -674.9045 4.1131 -3.8712 4.1897 -3.2967 -1.5860 0.1226 -0.9486 -4.7848 0.7225 -2.1020 12.0412 -1.2008 2.6768 3.9575 1.7533 0.0493 -3.5335 1.5440 -2.4237 -4.7499 2.6828 0.0232 0.0425 -0.1492 0.7273 -10.7033 -4.0196 -0.6851 -10.6768 3.7238 -23.4090 9.6017 -9.6426 -55.4707 14.8270 -1.9813 -0.3923 0.4211 -26.4995 11.5800 -28.8376 -0.2828 -14.8215 10.9924 15.3635 -60.4761 1.4050 1.7641 23.1277 9.1056 14.4572 57.7067 5.0536 2.1580 0.1709 0.0849 23.0049 -2.4998 -15.9478 2.4916 15.5694 7.5453 -16.4856 50.3856 -3.4418 -4.8419 -6.0041 1.7408 2.0739 0.0505 6.4508 0.1016 0.2761 -6.5600 3.9486 1.6457 -1.7259 -1.9470 -7.6829 -16.1776 2.3282 -0.1096 43.6699 0.0403 4.3762 -12.9644 -6.0392 -1.4589 -3.0449 1.0957
-45.2278 98.5957 -677.4296 4.5347 -3.7674 3.9168 -3.2218 -1.9751 0.3118 -0.9712 -4.9975 1.0383 -2.4372 12.0101 -0.8584 2.1606 4.2670 1.8937 -0.0372 -3.5557 1.3053 -2.3280 -4.0566 2.4943 0.0247 0.0203 -0.1468 0.7155 -10.7375 -4.0222 -0.6719 -10.6951 3.7309 -24.4387 9.5194 -9.1970 -54.7454 15.0486 0.3641 -0.2858 0.4855 -25.2263 11.8273 -29.5546 -0.8845 -14.7590 11.0240 15.3533 -60.4844 1.4019 1.8131 22.9192 9.0172 15.0119 57.1015 4.5391 2.6419 0.3103 0.0320 23.1190 -2.5828 -15.1866 2.2787 15.6148 7.5665 -16.5029 50.5224 -3.3984 -4.7699 -6.2445 0.4418 2.6193 0.0307 6.0791 0.1254 -0.0361 -5.1290 3.8451 1.6447 -1.8028 -1.9429 -8.3112 -12.5324 3.1802 -0.0753 46.2550 0.1041 4.7728 -14.6059 -5.8917 -1.4723 -3.1514 1.1275
-45.9051 98.5173 -680.0013 4.9271 -3.5184 3.6027 -3.1190 -2.4323 0.4530 -0.9499 -5.2107 1.4062 -2.7272 11.9686 -0.5476 1.5718 4.5020 2.0540 -0.1160 -3.6244 1.1172 -2.2921 -3.2196 2.2482 0.0235 -0.0067 -0.1612 0.7018 -10.7721 -4.0399 -0.6619 -10.7157 3.7186 -25.5786 9.3364 -8.8217 -53.9724 15.1340 2.7053 -0.2026 0.5526 -24.1009 12.0136 -30.4129 -1.5924 -14.6547 11.0737 15.3782 -60.4751 1.3996 1.9171 22.7350 8.8487 15.5505 56.4049 4.2352 3.3163 0.2597 -0.0017 23.4346 -2.5104 -14.5431 1.9665 15.6559 7.5660 -16.5051 50.6839 -3.4100 -4.6490 -6.4701 -1.1746 3.0774 0.0210 5.9991 0.1484 -0.2568 -3.8733 3.8352 1.6485 -1.8851 -1.9192 -8.7565 -8.6760 3.9649 -0.0330 47.3735 0.2600 5.4364 -15.6381 -5.5259 -1.4976 -3.5075 1.1854
-46.6203 98.3494 -682.4181 5.3075 -3.1950 3.4161 -3.0263 -2.8425 0.5456 -0.9138 -5.3971 1.7300 -2.9579 11.8881 -0.3009 0.9979 4.6410 2.1030 -0.1165 -3.6957 1.2711 -2.4044 -2.5381 1.9148 0.0173 -0.0190 -0.2023 0.6756 -10.7973 -4.0770 -0.6501 -10.7250 3.6734 -26.6252 8.9841 -8.5134 -53.3397 15.5263 4.5498 -0.0629 0.6116 -23.2180 11.8884 -30.6590 -2.0874 -14.5575 11.1942 15.4853 -60.5763 1.4417 2.0234 22.6755 8.7061 16.0696 55.5103 3.8023 3.8772 0.1668 -0.0494 24.0396 -2.2392 -14.0831 1.7397 15.5842 7.6410 -16.5445 50.7778 -3.4289 -4.5677 -6.6776 -3.1524 3.2572 0.0043 6.3249 0.1793 -0.3056 -2.8279 3.8994 1.6536 -1.9178 -1.8894 -9.0680 -4.7648 4.5276 -0.0268 47.1096 0.4264 6.2214 -16.0771 -5.0507 -1.5455 -4.3039 1.2768
