HIERARCHY
ROOT Hips
{
	OFFSET 0.0000 0.0000 0.0000
	CHANNELS 6 Xposition Yposition Zposition Zrotation Xrotation Yrotation
	JOINT Spine1
	{
		OFFSET -0.0137 5.0038 -0.0537
		CHANNELS 3 Zrotation Xrotation Yrotation
		JOINT Spine2
		{
			OFFSET -0.0000 7.1253 -0.0298
			CHANNELS 3 Zrotation Xrotation Yrotation
			JOINT Chest
			{
				OFFSET -0.0000 7.5501 -0.8160
				CHANNELS 3 Zrotation Xrotation Yrotation
				JOINT Neck1
				{
					OFFSET -0.1817 26.3113 -0.5533
					CHANNELS 3 Zrotation Xrotation Yrotation
					JOINT Neck2
					{
						OFFSET -0.0000 7.7094 2.3026
						CHANNELS 3 Zrotation Xrotation Yrotation
						JOINT Head
						{
							OFFSET -0.0000 6.1289 1.9537
							CHANNELS 3 Zrotation Xrotation Yrotation
							JOINT Jaw
							{
								OFFSET 0.0026 0.4756 3.0949
								CHANNELS 3 Zrotation Xrotation Yrotation
								End Site
								{
									OFFSET 0.0 1.0 0.0
								}
							}
							JOINT LeftEye
							{
								OFFSET 3.2064 5.3802 7.5869
								CHANNELS 3 Zrotation Xrotation Yrotation
								End Site
								{
									OFFSET 0.0 1.0 0.0
								}
							}
							JOINT RightEye
							{
								OFFSET -3.2224 5.3619 7.5582
								CHANNELS 3 Zrotation Xrotation Yrotation
								End Site
								{
									OFFSET 0.0 1.0 0.0
								}
							}
						}
					}
				}
				JOINT LeftShoulder
				{
					OFFSET 1.6217 23.2372 5.1134
					CHANNELS 3 Zrotation Xrotation Yrotation
					JOINT LeftArm
					{
						OFFSET 14.9198 0.0000 -5.5023
						CHANNELS 3 Zrotation Xrotation Yrotation
						JOINT LeftForeArm
						{
							OFFSET 28.7393 0.0000 -0.0026
							CHANNELS 3 Zrotation Xrotation Yrotation
							JOINT LeftHand
							{
								OFFSET 27.0940 -0.0000 0.0026
								CHANNELS 3 Zrotation Xrotation Yrotation
								JOINT LeftHandThumbEnd
								{
									OFFSET 12.2686 -3.2202 4.8331
									CHANNELS 3 Zrotation Xrotation Yrotation
									End Site
									{
										OFFSET 0.0 1.0 0.0
									}
								}
								JOINT LeftHandMiddleEnd
								{
									OFFSET 19.0120 -0.3129 -0.0340
									CHANNELS 3 Zrotation Xrotation Yrotation
									End Site
									{
										OFFSET 0.0 1.0 0.0
									}
								}
							}
						}
					}
				}
				JOINT RightShoulder
				{
					OFFSET -1.3801 23.1803 5.2142
					CHANNELS 3 Zrotation Xrotation Yrotation
					JOINT RightArm
					{
						OFFSET -15.0372 0.0000 -5.5456
						CHANNELS 3 Zrotation Xrotation Yrotation
						JOINT RightForeArm
						{
							OFFSET -28.7366 0.0000 -0.0026
							CHANNELS 3 Zrotation Xrotation Yrotation
							JOINT RightHand
							{
								OFFSET -27.1336 -0.0000 0.0026
								CHANNELS 3 Zrotation Xrotation Yrotation
								JOINT RightHandThumbEnd
								{
									OFFSET -12.2642 -3.2115 4.8040
									CHANNELS 3 Zrotation Xrotation Yrotation
									End Site
									{
										OFFSET 0.0 1.0 0.0
									}
								}
								JOINT RightHandMiddleEnd
								{
									OFFSET -19.0006 -0.3066 -0.0316
									CHANNELS 3 Zrotation Xrotation Yrotation
									End Site
									{
										OFFSET 0.0 1.0 0.0
									}
								}
							}
						}
					}
				}
			}
		}
	}
	JOINT LeftLeg
	{
		OFFSET 10.0432 -8.4345 2.5957
		CHANNELS 3 Zrotation Xrotation Yrotation
		JOINT LeftShin
		{
			OFFSET -0.0000 -43.2218 -0.8029
			CHANNELS 3 Zrotation Xrotation Yrotation
			JOINT LeftFoot
			{
				OFFSET 0.0000 -42.1551 -3.4815
				CHANNELS 3 Zrotation Xrotation Yrotation
				JOINT LeftToeBase
				{
					OFFSET 0.0000 -5.0595 13.2315
					CHANNELS 3 Zrotation Xrotation Yrotation
					End Site
					{
						OFFSET 0.0 1.0 0.0
					}
				}
			}
		}
	}
	JOINT RightLeg
	{
		OFFSET -10.0473 -8.2953 2.6203
		CHANNELS 3 Zrotation Xrotation Yrotation
		JOINT RightShin
		{
			OFFSET 0.0000 -43.3622 -0.8056
			CHANNELS 3 Zrotation Xrotation Yrotation
			JOINT RightFoot
			{
				OFFSET 0.0000 -42.1174 -3.4784
				CHANNELS 3 Zrotation Xrotation Yrotation
				JOINT RightToeBase
				{
					OFFSET -0.0000 -5.0796 13.2842
					CHANNELS 3 Zrotation Xrotation Yrotation
					End Site
					{
						OFFSET 0.0 1.0 0.0
					}
				}
			}
		}
	}
}
MOTION
Frames: 240
Frame Time: 0.033333
-2.0828 95.8335 0.7717 1.1692 8.4435 -1.0504 1.1190 7.6155 -0.2048 0.2319 -1.5853 0.2698 0.7212 16.5698 -2.0028 1.6139 13.0765 2.4251 -0.4785 -3.7645 -1.0017 4.5738 -12.0021 -3.3899 -0.0545 -0.0210 0.1713 0.6420 -10.4206 -3.6822 -0.7500 -10.4705 4.0461 3.8667 13.4139 -6.9402 -45.5530 -50.6697 -21.4140 1.1551 -0.0454 -88.2941 19.2468 37.7337 33.8936 -16.1157 11.2324 15.9491 -60.2038 1.8099 2.0733 -4.5049 14.3910 15.0266 66.3297 -36.7700 -3.4819 -0.1328 0.0226 96.4905 -27.3585 36.5729 -49.5243 16.2055 7.1099 -16.1311 49.1938 -3.9087 -5.2346 -5.9783 -31.5686 9.9473 0.2499 36.4720 0.4237 -1.7684 -13.2472 22.6021 1.6304 -0.9760 -2.1548 -7.0459 -38.4553 -14.9443 0.2063 24.6380 0.3232 8.9577 7.6227 -1.6492 -1.4269 -0.8801 0.9320
-1.4341 95.7987 0.1088 0.9367 8.5239 -1.6037 0.9673 7.8758 -0.2493 0.1477 -1.5046 0.2827 0.6076 16.6853 -2.1251 1.9785 13.0462 2.1816 -0.4594 -3.7940 -0.8177 4.7950 -11.6462 -3.3444 -0.0757 -0.0528 0.1944 0.6302 -10.4559 -3.6604 -0.7813 -10.5049 4.0778 4.2968 13.2864 -7.3267 -44.6738 -52.0167 -22.0784 1.1618 -0.1603 -87.4049 19.0919 37.5177 33.1235 -15.8859 11.1940 15.8787 -60.2640 1.8419 2.0137 -4.8345 14.4276 14.8678 66.6004 -37.7799 -3.6955 -0.0337 -0.0418 96.1777 -26.9006 36.5187 -49.3928 16.1452 7.0288 -16.1005 49.2010 -3.9310 -5.2163 -6.2612 -32.2201 10.1605 0.2077 36.5150 0.3921 -1.1376 -12.9873 22.7902 1.6352 -1.0406 -2.1959 -6.9500 -38.9359 -14.9650 0.1766 23.9014 0.2545 9.3673 9.5896 -1.1346 -1.4289 -1.2147 0.8838
-0.7372 95.7659 -0.6873 0.6871 8.5080 -1.9547 0.7619 8.0586 -0.2802 0.1190 -1.4648 0.1902 0.4763 16.8597 -2.1775 2.4393 13.1985 1.9235 -0.5075 -3.7714 -0.6014 4.9526 -11.4444 -3.1973 -0.1078 -0.0453 0.2403 0.6035 -10.4863 -3.6211 -0.8186 -10.5278 4.1382 4.6327 13.3294 -7.7943 -43.9914 -53.1946 -22.4813 1.0178 -0.1486 -86.7518 18.9292 36.9741 32.4159 -15.8248 11.0849 15.8365 -60.2473 1.8662 2.0348 -5.0392 14.4715 14.6698 66.7100 -38.4431 -3.8328 0.0197 -0.0890 96.1982 -26.4863 36.5408 -49.4483 16.1631 6.9214 -16.0309 49.1348 -3.9239 -5.2104 -6.5782 -32.7588 10.5665 0.1790 36.5630 0.3621 -0.3774 -12.8183 22.6627 1.6376 -0.9406 -2.2315 -6.8489 -39.4672 -15.1974 0.1710 23.4303 0.2485 10.1273 11.5002 -0.5285 -1.4392 -1.5324 0.8505
-0.1143 95.6403 -1.4158 0.3663 8.3609 -2.1605 0.5663 8.2290 -0.3286 0.0786 -1.3788 0.1398 0.4268 17.0013 -2.2261 2.7495 13.3917 1.7717 -0.4304 -3.7827 -0.5027 5.1552 -11.3678 -3.0345 -0.1004 -0.0411 0.2219 0.6054 -10.4973 -3.6375 -0.8051 -10.5316 4.1129 4.8559 13.4135 -8.1114 -43.8946 -54.1242 -22.3390 0.6272 -0.2020 -86.4650 18.7989 36.6378 31.6094 -15.6974 11.0276 15.8136 -60.1627 1.8481 2.0585 -5.1234 14.5941 14.6335 66.5677 -38.7662 -3.7748 -0.1620 -0.0751 96.4760 -26.1720 37.1191 -49.6405 16.2344 6.8648 -15.9960 49.1767 -3.8974 -5.2129 -6.7879 -33.1705 11.1662 0.1743 36.6415 0.3854 0.4081 -12.6956 22.1696 1.6405 -0.8848 -2.2207 -6.8745 -39.8360 -15.2315 0.1719 23.2269 0.2407 11.1618 12.9201 0.3843 -1.4354 -1.9639 0.8776
0.4343 95.4575 -2.0832 0.0298 8.0632 -2.2239 0.3341 8.4114 -0.3234 0.0684 -1.2911 0.0562 0.3951 17.1403 -2.1888 3.0583 13.5006 1.7687 -0.3416 -3.7585 -0.4781 5.3697 -11.2647 -2.9214 -0.0834 -0.0356 0.1761 0.6208 -10.5020 -3.6773 -0.7858 -10.5163 4.0535 5.0929 13.6748 -8.1712 -43.8052 -54.7296 -22.3738 0.4519 -0.1537 -86.4424 18.6177 36.0370 30.5836 -15.5599 10.9498 15.7003 -60.0697 1.9197 2.0275 -5.1123 14.7595 14.5896 66.3723 -38.8246 -3.7518 -0.3284 -0.2314 97.0762 -25.9767 37.9836 -49.9370 16.4334 6.7324 -15.9594 49.2274 -3.9061 -5.2699 -7.0005 -33.5073 11.9792 0.1612 36.9241 0.3763 1.0810 -12.8113 21.4048 1.6425 -0.8806 -2.1863 -7.1938 -40.1485 -14.9781 0.2238 23.3753 0.4268 12.7693 13.9253 1.5941 -1.4231 -2.3835 0.9015
0.8665 95.2062 -2.6994 -0.3535 7.5820 -1.9728 0.1964 8.6395 -0.3189 0.0805 -1.2467 0.0267 0.4155 17.2393 -2.0992 3.2286 13.6624 1.7475 -0.2981 -3.7698 -0.4596 5.6527 -11.2606 -2.8608 -0.0840 -0.0226 0.1768 0.6201 -10.4910 -3.6706 -0.7860 -10.4996 4.0485 5.2845 13.8330 -8.2498 -44.4588 -55.1174 -21.7898 0.2525 -0.1660 -86.6911 18.4557 35.2820 29.5499 -15.3680 10.9663 15.7208 -60.0423 1.8910 2.0592 -5.1695 14.9254 14.5438 66.2903 -38.5595 -3.8990 -0.4571 -0.2191 97.6975 -25.7821 38.5547 -50.3006 16.4688 6.7074 -15.9686 49.3624 -3.8972 -5.2419 -7.0706 -33.7554 12.7279 0.1912 37.4435 0.4616 1.6059 -13.0219 20.4258 1.6437 -0.7832 -2.1786 -8.1064 -40.0619 -13.9992 0.2809 24.2865 0.5494 14.1083 12.7976 2.0159 -1.4212 -2.3065 0.9607
1.1097 94.9245 -3.2875 -0.7758 6.9546 -1.3152 0.1453 8.8981 -0.3400 0.0914 -1.2183 0.0376 0.4844 17.2879 -2.0123 3.3866 13.8414 1.7037 -0.2156 -3.7726 -0.5034 5.8538 -11.3461 -2.7685 -0.0826 -0.0171 0.1746 0.6200 -10.4930 -3.6682 -0.7840 -10.4999 4.0414 5.5324 13.9003 -8.3688 -45.5325 -55.2852 -20.9537 0.1362 -0.2748 -87.0506 18.5612 34.4722 28.7764 -15.2651 11.0103 15.7594 -60.1669 1.8770 2.0744 -5.2494 15.1156 14.4436 66.3569 -38.1487 -4.0951 -0.5683 -0.2355 98.2091 -25.8447 39.2602 -51.0204 16.5624 6.7026 -16.0070 49.5579 -3.8696 -5.2563 -6.9459 -34.0172 13.1352 0.2138 38.2480 0.5255 2.0011 -13.2758 19.3354 1.6459 -0.6782 -2.1616 -9.2959 -39.7200 -12.7728 0.3344 26.6503 0.7025 13.9317 9.9419 0.7500 -1.4340 -2.1334 0.9939
1.2379 94.6387 -3.8636 -1.2741 6.2035 -0.3939 0.1844 9.1604 -0.3279 0.0988 -1.1856 0.0778 0.5805 17.3423 -1.9493 3.5835 14.0087 1.6496 -0.1397 -3.7485 -0.5458 6.0016 -11.4193 -2.7452 -0.0778 -0.0124 0.1644 0.6234 -10.4977 -3.6761 -0.7778 -10.5072 4.0274 5.7672 13.9260 -8.5174 -46.8451 -55.3591 -19.9808 0.0211 -0.3518 -87.3623 18.7804 33.8142 28.2360 -15.2366 11.0563 15.8252 -60.2565 1.8408 2.1175 -5.3009 15.3327 14.3622 66.4739 -37.8631 -4.3318 -0.5842 -0.2498 98.4556 -26.0541 40.0062 -52.0894 16.7306 6.6935 -16.0117 49.8199 -3.8049 -5.2105 -6.5700 -34.2521 13.1366 0.2398 39.1694 0.5836 2.2461 -13.4815 18.2391 1.6487 -0.5186 -2.1410 -10.4880 -39.1229 -11.5041 0.4197 30.7321 0.9365 12.5140 6.4664 -1.7441 -1.4583 -2.0837 1.0149
1.3148 94.3856 -4.5049 -1.8084 5.4439 0.5890 0.2605 9.3840 -0.2865 0.1078 -1.1689 0.1409 0.6780 17.3847 -1.8682 3.8284 14.1667 1.6134 -0.1025 -3.7176 -0.5591 6.1504 -11.4485 -2.8267 -0.0807 -0.0073 0.1635 0.6169 -10.4994 -3.6746 -0.7777 -10.5092 4.0267 5.9168 14.0178 -8.6979 -48.1675 -55.3536 -19.0107 -0.0501 -0.3392 -87.7482 19.1343 33.5165 27.9570 -15.2558 11.0856 15.9008 -60.3019 1.7542 2.1547 -5.3363 15.4642 14.3804 66.6746 -37.6662 -4.5731 -0.6062 -0.2184 98.5001 -26.2459 40.7843 -53.3258 16.9133 6.6824 -15.9895 50.0199 -3.7522 -5.1469 -6.0180 -34.4350 12.8216 0.2605 39.9767 0.6203 2.3025 -13.5904 17.3167 1.6503 -0.3493 -2.1217 -11.3841 -38.2670 -10.5825 0.5410 36.0262 1.2055 10.8451 3.1905 -4.4994 -1.4824 -2.0417 1.0177
1.3703 94.1760 -5.1288 -2.2748 4.7811 1.4508 0.3098 9.5209 -0.2477 0.1092 -1.1702 0.2475 0.7405 17.3681 -1.7385 4.0629 14.3413 1.5899 -0.0920 -3.6900 -0.5555 6.3178 -11.4585 -2.9729 -0.0809 -0.0024 0.1570 0.6162 -10.4928 -3.6770 -0.7770 -10.5021 4.0150 5.9531 14.1576 -8.9324 -49.2933 -55.2187 -18.1112 -0.0771 -0.3483 -88.2540 19.5147 33.6712 27.9715 -15.3063 11.1051 15.9702 -60.3334 1.6570 2.1661 -5.3286 15.5068 14.5238 66.9712 -37.5845 -4.8312 -0.6434 -0.1676 98.4875 -26.4343 41.4675 -54.4198 17.0216 6.6865 -15.9281 50.1321 -3.6883 -5.0910 -5.5348 -34.5546 12.5207 0.2790 40.5545 0.6320 2.2783 -13.5468 16.5154 1.6477 -0.2206 -2.1117 -11.8697 -37.0559 -10.2753 0.6792 41.3870 1.4401 9.6320 0.6735 -6.7429 -1.5002 -1.9702 1.0144
1.4668 94.0328 -5.7330 -2.6591 4.2153 2.1234 0.3347 9.5816 -0.1768 0.0977 -1.1837 0.3989 0.7890 17.2855 -1.5770 4.2590 14.4884 1.5831 -0.1288 -3.6644 -0.5369 6.5302 -11.4347 -3.2065 -0.0847 0.0005 0.1641 0.6104 -10.4941 -3.6716 -0.7785 -10.5026 4.0247 5.8533 14.3338 -9.1456 -50.0127 -54.9128 -17.5637 0.0157 -0.2770 -88.7808 19.7503 34.3104 28.3336 -15.4137 11.1099 16.0237 -60.3211 1.5886 2.1510 -5.2539 15.5004 14.8041 67.3073 -37.6756 -5.0908 -0.6112 -0.1395 98.3986 -26.6451 41.9090 -55.1854 17.0383 6.7192 -15.9186 50.1425 -3.6448 -5.0797 -5.1471 -34.6083 12.3432 0.2831 40.8792 0.6300 2.2183 -13.3831 15.8466 1.6460 -0.1513 -2.1089 -12.0561 -35.5317 -10.4122 0.7685 46.6814 1.5563 8.4780 -1.0055 -8.7869 -1.5247 -1.9822 1.0076
1.5723 93.9357 -6.2450 -2.9846 3.7092 2.5698 0.3515 9.5721 -0.0763 0.0785 -1.2094 0.5514 0.8434 17.1465 -1.3773 4.3956 14.5766 1.6060 -0.1647 -3.6494 -0.5364 6.7395 -11.3598 -3.4512 -0.0843 0.0021 0.1708 0.6067 -10.4958 -3.6703 -0.7739 -10.5029 4.0377 5.7314 14.4765 -9.3223 -50.5755 -54.4360 -17.1601 0.1421 -0.1477 -89.2592 19.8847 35.1903 28.9449 -15.5352 11.0843 16.0355 -60.2495 1.5238 2.1065 -5.1201 15.4161 15.2082 67.5855 -37.8363 -5.2901 -0.5049 -0.0442 98.1632 -26.5865 42.0177 -55.3570 17.0512 6.7301 -15.9547 50.1208 -3.6014 -5.0805 -4.8393 -34.5928 12.2677 0.2921 41.0126 0.6448 2.1826 -13.1223 15.2307 1.6464 -0.1725 -2.1059 -12.0217 -33.6659 -10.8359 0.7799 51.7316 1.5356 6.8203 -1.7589 -10.8480 -1.5614 -2.1058 0.9989
1.6929 93.8394 -6.6799 -3.2358 3.2443 2.7979 0.3593 9.5071 0.0113 0.0474 -1.2669 0.7277 0.8845 17.0100 -1.1738 4.5131 14.6666 1.6971 -0.2180 -3.6565 -0.5721 6.9513 -11.2619 -3.6906 -0.0806 -0.0042 0.1727 0.6024 -10.5035 -3.6733 -0.7626 -10.5075 4.0435 5.6500 14.5809 -9.4180 -50.9580 -53.9662 -16.9779 0.2654 -0.0605 -89.6067 20.0157 36.2177 29.6510 -15.6699 11.0409 16.0105 -60.1627 1.4534 2.0391 -4.9693 15.3272 15.6555 67.7143 -37.9874 -5.3123 -0.4558 0.0355 97.8979 -26.4677 41.9528 -55.3263 17.0500 6.7298 -16.0371 50.0708 -3.6121 -5.1315 -4.6381 -34.5987 12.3248 0.3105 41.1421 0.6675 2.1902 -12.9018 14.7137 1.6465 -0.2656 -2.1011 -11.9137 -31.5699 -11.2977 0.7409 56.4530 1.4141 4.6143 -1.5339 -12.9163 -1.6098 -2.2840 0.9831
1.8562 93.7065 -7.0911 -3.3992 2.7337 2.8518 0.3505 9.3910 0.0669 0.0013 -1.3394 0.9020 0.8989 16.8854 -0.9632 4.5984 14.7853 1.8149 -0.2835 -3.6701 -0.6053 7.1467 -11.0840 -3.9270 -0.0753 -0.0148 0.1669 0.5985 -10.5058 -3.6818 -0.7482 -10.5054 4.0394 5.6385 14.5959 -9.4703 -51.3956 -53.4611 -16.8792 0.3550 0.0224 -89.7387 20.1456 37.3257 30.3813 -15.7882 10.9969 15.9669 -60.0716 1.3818 1.9603 -4.8171 15.2403 16.1017 67.8688 -38.0774 -5.3299 -0.3472 0.1341 97.5625 -26.3368 41.9911 -55.3427 17.1128 6.6965 -16.0756 50.0328 -3.6332 -5.1496 -4.5480 -34.5310 12.4949 0.3335 41.3074 0.6974 2.2415 -12.7473 14.3538 1.6479 -0.3832 -2.1052 -11.8382 -29.1069 -11.6556 0.7367 60.4410 1.3734 2.3301 -0.0858 -14.2984 -1.6744 -2.5787 0.9983
2.0346 93.5042 -7.4945 -3.4376 2.1358 2.7835 0.3201 9.2388 0.1376 -0.0483 -1.4495 1.0038 0.8500 16.8155 -0.7722 4.5620 15.0043 1.9461 -0.3455 -3.6804 -0.6236 7.3290 -10.9202 -4.1397 -0.0715 -0.0221 0.1589 0.5935 -10.5152 -3.6903 -0.7363 -10.5126 4.0310 5.6575 14.6072 -9.4948 -51.7960 -53.0293 -16.9341 0.3683 0.0365 -89.6707 20.2839 38.4520 31.1338 -15.8490 10.9483 15.9324 -60.0044 1.3082 1.9293 -4.7399 15.2063 16.4670 68.1318 -38.0765 -5.3704 -0.2001 0.1655 97.2829 -26.1936 42.1743 -55.4793 17.1685 6.6439 -16.0859 49.9974 -3.6751 -5.1369 -4.5783 -34.4141 12.7845 0.3550 41.6987 0.7314 2.3356 -12.6990 14.0486 1.6423 -0.4586 -2.1011 -11.9013 -26.3268 -11.8287 0.8357 63.8533 1.5192 0.4978 2.0758 -14.6354 -1.7461 -2.8831 1.0427
2.2369 93.2288 -7.8529 -3.3395 1.4214 2.5708 0.2669 9.0399 0.2114 -0.0980 -1.5846 1.0703 0.7229 16.7543 -0.6187 4.4006 15.3063 2.1012 -0.3877 -3.6800 -0.6362 7.4504 -10.8118 -4.2892 -0.0707 -0.0231 0.1536 0.5885 -10.5052 -3.6922 -0.7310 -10.5063 4.0238 5.6613 14.6014 -9.5351 -52.2139 -52.6398 -17.1009 0.2920 0.0585 -89.2645 20.4130 39.4398 31.6288 -15.8886 10.8721 15.9069 -59.8620 1.2266 1.9458 -4.7132 15.2630 16.7368 68.4473 -37.9536 -5.3213 -0.0712 0.2070 97.0216 -26.0121 42.4027 -55.6124 17.2216 6.6220 -16.0811 50.0243 -3.6955 -5.0972 -4.7310 -34.2137 13.1997 0.3835 42.3094 0.7699 2.4449 -12.7578 13.8319 1.6397 -0.5007 -2.0987 -12.1706 -23.2653 -11.8328 1.0283 66.6820 1.8435 -0.4876 4.6734 -13.6464 -1.8053 -3.1574 1.0920
2.4248 92.8655 -8.2095 -3.1198 0.6061 2.2429 0.2003 8.7921 0.2816 -0.1578 -1.7259 1.1195 0.5300 16.7218 -0.5178 4.1735 15.5914 2.2638 -0.4393 -3.6709 -0.6530 7.5560 -10.7205 -4.4284 -0.0695 -0.0223 0.1483 0.5875 -10.4943 -3.6962 -0.7287 -10.5033 4.0182 5.6295 14.5665 -9.5992 -52.5450 -52.3381 -17.4363 0.2069 0.1184 -88.5976 20.4869 40.2460 31.7858 -15.9031 10.7885 15.9150 -59.6355 1.1565 2.0312 -4.7076 15.4012 16.8699 68.7410 -37.7692 -5.1337 -0.0159 0.2513 96.8701 -25.9301 42.7079 -55.8008 17.2767 6.6482 -16.0702 50.1554 -3.6857 -5.0592 -4.9928 -33.9891 13.7467 0.4145 43.1457 0.8036 2.6220 -12.8910 13.6701 1.6374 -0.5113 -2.1066 -12.5798 -19.9936 -11.6999 1.1938 68.8694 2.1877 -0.7385 7.1367 -11.9948 -1.8383 -3.2733 1.1183
2.6045 92.4320 -8.6123 -2.8406 -0.2594 1.8115 0.1361 8.4871 0.3540 -0.2234 -1.8879 1.1728 0.3088 16.7007 -0.4637 3.8865 15.8184 2.4353 -0.4743 -3.6605 -0.7008 7.6410 -10.5998 -4.5141 -0.0703 -0.0238 0.1553 0.5890 -10.4795 -3.6866 -0.7325 -10.4997 4.0241 5.5661 14.5333 -9.6775 -52.6712 -52.1077 -18.0157 0.1970 0.1971 -87.7442 20.5653 40.8857 31.8956 -15.9400 10.7086 15.9352 -59.4627 1.1206 2.1109 -4.6636 15.5561 16.9294 68.9445 -37.4422 -4.8095 -0.0166 0.3170 96.8345 -25.9767 43.1086 -55.9089 17.2792 6.6877 -16.0417 50.2820 -3.6341 -4.9979 -5.2896 -33.8198 14.3421 0.4616 44.2075 0.8455 2.8129 -13.0961 13.5893 1.6341 -0.5347 -2.1264 -12.9759 -16.5450 -11.5108 1.2688 70.2720 2.4251 -0.3993 9.3689 -9.9313 -1.8357 -3.3925 1.1242
2.7322 91.9696 -9.0405 -2.5677 -1.1179 1.3291 0.0820 8.1402 0.4265 -0.2819 -2.0424 1.2487 0.0821 16.6605 -0.4581 3.5621 15.9768 2.5665 -0.4877 -3.6526 -0.7206 7.6994 -10.4167 -4.5761 -0.0659 -0.0237 0.1550 0.6009 -10.4705 -3.6887 -0.7374 -10.5039 4.0241 5.5274 14.4791 -9.7879 -52.7046 -51.9137 -18.6468 0.1794 0.2255 -86.7808 20.7273 41.3764 32.0042 -15.9933 10.6384 15.9677 -59.3935 1.0939 2.1606 -4.5929 15.7270 16.9113 69.0817 -37.0417 -4.4206 -0.0498 0.3547 96.8677 -26.1764 43.4667 -55.7605 17.2399 6.7362 -16.0022 50.3878 -3.6108 -4.9605 -5.5051 -33.7796 14.8087 0.5007 45.3512 0.8778 3.0148 -13.2334 13.6525 1.6321 -0.5581 -2.1360 -13.1859 -13.0615 -11.5242 1.2690 70.8079 2.5768 0.5133 11.1902 -7.3034 -1.7765 -3.7150 1.1150
2.7651 91.5003 -9.5208 -2.3052 -1.9042 0.7214 0.0045 7.7752 0.4564 -0.3448 -2.1956 1.3884 -0.1542 16.5544 -0.4605 3.2682 16.0773 2.6726 -0.4443 -3.6597 -0.7796 7.7178 -10.2169 -4.5794 -0.0597 -0.0234 0.1516 0.6127 -10.4561 -3.6977 -0.7376 -10.4992 4.0233 5.5290 14.4424 -9.9046 -52.5326 -51.6881 -19.3074 0.1097 0.3556 -85.6788 20.7421 41.7326 32.0250 -16.0922 10.5956 16.0284 -59.3833 1.0791 2.1852 -4.5046 15.9029 16.8354 69.1999 -36.5684 -3.9546 -0.0955 0.4331 96.9269 -26.2848 43.7167 -55.3508 17.1651 6.7944 -15.9712 50.4665 -3.5697 -4.8989 -5.6300 -33.8757 15.1334 0.5507 46.3807 0.9340 3.2020 -13.2061 13.8744 1.6297 -0.5600 -2.1388 -13.1626 -9.5781 -11.6530 1.1676 70.3087 2.5926 2.0367 12.2471 -3.9028 -1.6587 -4.3298 1.0996
2.6697 91.0605 -10.1557 -2.0249 -2.5662 -0.0354 -0.0832 7.3939 0.5084 -0.4059 -2.3744 1.5318 -0.4369 16.4385 -0.4560 3.0092 16.1027 2.7700 -0.3841 -3.6615 -0.8183 7.7401 -10.0262 -4.6042 -0.0595 -0.0222 0.1589 0.6218 -10.4479 -3.6926 -0.7463 -10.5008 4.0322 5.5225 14.4360 -9.9600 -52.0613 -51.4212 -20.1112 -0.0098 0.4931 -84.4557 20.7083 42.0431 32.0012 -16.1874 10.5871 16.1004 -59.3966 1.0941 2.2233 -4.4366 16.0381 16.7204 69.2962 -36.0125 -3.4882 -0.0725 0.4600 96.9940 -26.3466 43.9066 -54.7384 17.1101 6.8241 -15.9321 50.4639 -3.5677 -4.9074 -5.6829 -34.1624 15.2986 0.5864 47.2656 0.9632 3.2574 -12.9416 14.3173 1.6256 -0.5195 -2.1423 -12.9403 -6.2365 -11.7476 1.0161 68.8105 2.5474 4.1030 12.2424 0.1967 -1.5148 -5.4852 1.0795
2.4718 90.6596 -10.9761 -1.6886 -3.0922 -1.0307 -0.1985 7.0209 0.5684 -0.4666 -2.5616 1.7118 -0.7780 16.2909 -0.4522 2.7460 16.0983 2.8367 -0.3461 -3.6411 -0.7995 7.8301 -9.8093 -4.5900 -0.0606 -0.0171 0.1663 0.6304 -10.4327 -3.6853 -0.7572 -10.4936 4.0392 5.4978 14.4101 -9.8691 -51.3393 -51.0411 -21.0718 -0.0986 0.6106 -83.1817 20.6543 42.2883 31.9354 -16.3418 10.6279 16.1712 -59.4662 1.1514 2.2377 -4.4359 16.1303 16.6245 69.4059 -35.4176 -3.0857 0.0259 0.5051 97.0373 -26.2377 44.0456 -53.9122 17.0480 6.8178 -15.8771 50.3386 -3.5837 -4.9322 -5.7320 -34.5996 15.3964 0.5923 47.9025 0.9528 3.2656 -12.3959 15.0189 1.6274 -0.4312 -2.1314 -12.6076 -3.0887 -11.6945 0.8610 66.3082 2.5006 6.1072 10.9494 4.4231 -1.3971 -7.8155 1.0624
2.2132 90.2626 -12.0515 -1.2452 -3.4574 -2.2954 -0.3472 6.6490 0.6526 -0.5477 -2.7356 1.8944 -1.1520 16.1262 -0.4142 2.4198 16.1005 2.9184 -0.2918 -3.6189 -0.7234 7.9962 -9.5679 -4.5700 -0.0603 -0.0075 0.1631 0.6374 -10.4241 -3.6865 -0.7630 -10.4900 4.0307 5.4897 14.3498 -9.6010 -50.4829 -50.5890 -22.1353 -0.0881 0.5923 -81.9212 20.6857 42.5211 31.8450 -16.5186 10.6802 16.1667 -59.5783 1.1975 2.2058 -4.5906 16.1684 16.5637 69.5981 -34.8628 -2.8361 0.1894 0.5565 97.0637 -25.9711 44.1271 -52.9711 17.0042 6.8116 -15.8173 50.2041 -3.6147 -5.0320 -5.8211 -35.1976 15.5274 0.5640 48.2849 0.9043 3.2318 -11.5902 15.9606 1.6303 -0.2130 -2.1108 -12.2970 -0.3408 -11.4807 0.6965 63.1401 2.3982 6.7418 8.1652 7.2476 -1.3807 -12.3762 1.0922
1.8942 89.8532 -13.3622 -0.6661 -3.6745 -3.8351 -0.5568 6.2574 0.7630 -0.6484 -2.8973 2.0648 -1.5222 15.9359 -0.3399 2.0443 16.2018 3.0418 -0.2186 -3.5956 -0.5619 8.1908 -9.3759 -4.5054 -0.0562 0.0101 0.1547 0.6385 -10.4141 -3.6954 -0.7558 -10.4783 4.0204 5.4928 14.2570 -9.2587 -49.6347 -50.1321 -23.0668 -0.0577 0.5060 -80.6996 20.7233 42.8041 31.8211 -16.6665 10.7250 16.1239 -59.7454 1.2974 2.1177 -4.8169 16.1658 16.5780 69.5769 -34.4240 -2.6044 0.3715 0.6547 97.0484 -25.4378 44.1833 -52.1554 16.9961 6.8241 -15.7942 50.1092 -3.6355 -5.1569 -6.0161 -35.9525 15.8411 0.5154 48.4458 0.8359 3.2319 -10.6353 17.1136 1.6324 0.0439 -2.0804 -12.1901 1.9561 -11.1491 0.5335 59.7971 2.2227 5.3616 3.7481 7.9039 -1.4763 -18.7834 1.2009
1.5586 89.3876 -14.8514 -0.0128 -3.8331 -5.5104 -0.7997 5.8348 0.8569 -0.7419 -3.0642 2.2379 -1.8610 15.7539 -0.2728 1.6250 16.4314 3.2136 -0.1124 -3.5978 -0.3563 8.3765 -9.2537 -4.3698 -0.0527 0.0249 0.1530 0.6366 -10.4045 -3.6962 -0.7473 -10.4646 4.0171 5.4636 14.1019 -8.8930 -48.6229 -49.6531 -24.1124 -0.0032 0.5107 -79.4190 20.6583 43.2304 31.8346 -16.8349 10.7641 16.0656 -59.9495 1.4074 2.0685 -5.0639 16.0729 16.5805 69.0456 -34.0554 -2.1220 0.5203 0.7920 97.0013 -24.3169 44.0396 -51.3487 16.9782 6.8197 -15.7789 50.0558 -3.6594 -5.2590 -6.2429 -36.8468 16.3374 0.4855 48.5085 0.7929 3.2491 -9.5349 18.2858 1.6359 0.2287 -2.0480 -12.3191 3.9124 -10.8047 0.4078 56.4613 2.0466 3.0730 -1.8694 7.4609 -1.6058 -24.2418 1.3521
1.1990 88.8811 -16.5124 0.6165 -4.0884 -7.2398 -1.0098 5.4237 0.9085 -0.8108 -3.2255 2.3894 -2.1477 15.6275 -0.2095 1.1470 16.8129 3.3218 0.0370 -3.6080 -0.0039 8.5354 -9.1234 -4.1499 -0.0555 0.0360 0.1712 0.6358 -10.3981 -3.6744 -0.7524 -10.4491 4.0333 5.3603 13.9480 -8.5756 -47.3755 -49.1806 -25.3555 0.0328 0.5254 -78.0471 20.5238 43.5069 31.6510 -16.9623 10.7603 15.9967 -60.1109 1.4208 2.0709 -5.2488 16.0170 16.5573 67.8195 -33.8311 -0.9828 0.3914 0.9223 96.8754 -22.6891 43.9031 -50.6601 16.9340 6.8143 -15.7652 50.0432 -3.6632 -5.2716 -6.3760 -37.7303 17.0225 0.4619 48.5637 0.7621 3.2812 -8.3301 19.3793 1.6420 0.2668 -2.0232 -12.6111 5.5440 -10.3965 0.3131 53.4544 1.9450 1.0932 -7.6623 7.1843 -1.6802 -27.2229 1.4621
0.7892 88.3465 -18.3010 1.1765 -4.5007 -9.0022 -1.1602 5.0273 0.9033 -0.8488 -3.3767 2.4924 -2.3689 15.5623 -0.1983 0.6369 17.3119 3.4553 0.2260 -3.6156 0.4238 8.6407 -8.8684 -3.8662 -0.0629 0.0422 0.2013 0.6381 -10.4001 -3.6403 -0.7706 -10.4455 4.0632 5.0724 13.7878 -8.3395 -45.9034 -48.5579 -26.7936 0.1257 0.5911 -76.5714 20.3936 43.6430 31.2450 -17.0592 10.7627 15.9425 -60.2940 1.4363 2.0491 -5.3390 16.0474 16.5476 66.0447 -33.8097 0.7833 0.0767 0.9553 96.5953 -20.7633 43.6344 -50.0382 16.9487 6.8070 -15.7521 50.1337 -3.6723 -5.2141 -6.3132 -38.5059 17.7738 0.4168 48.5711 0.7045 3.2374 -6.9715 20.4714 1.6472 0.1328 -2.0227 -12.9515 6.6826 -9.8591 0.2197 51.3480 1.8544 0.0660 -13.4032 7.4310 -1.6798 -27.3140 1.4799
0.3457 87.7707 -20.2314 1.6964 -5.1355 -10.6665 -1.2067 4.7644 0.8717 -0.8998 -3.4805 2.5760 -2.5530 15.5067 -0.2834 0.1703 17.9344 3.4896 0.2655 -3.6443 0.9409 8.8135 -8.5843 -3.5824 -0.0812 0.0462 0.2693 0.6179 -10.4113 -3.5669 -0.7876 -10.4546 4.1343 4.5612 13.7201 -8.2589 -44.1244 -47.8852 -28.4974 0.2877 0.5293 -75.0269 20.0524 43.8033 30.6396 -17.2201 10.7637 15.9537 -60.6583 1.3526 2.1300 -5.4445 15.9237 16.4253 64.0831 -33.8008 3.0322 -0.2811 1.0958 96.0862 -18.8689 43.3998 -49.8983 16.9271 6.8692 -15.8648 50.3851 -3.6731 -5.2502 -6.0450 -39.1105 18.3510 0.4202 48.5934 0.6940 3.2706 -5.5426 21.4456 1.6565 -0.0266 -2.0695 -13.3392 7.3943 -9.3088 0.1820 50.0902 1.6908 -0.2692 -18.9784 8.2790 -1.6701 -25.7227 1.4927
-0.1125 87.2494 -22.2285 2.1411 -5.8474 -12.1773 -1.2252 4.4285 0.8488 -0.9098 -3.5270 2.5133 -2.7539 15.4851 -0.4704 -0.1515 18.5677 3.5208 0.4092 -3.6214 1.4302 8.8101 -8.1067 -3.1506 -0.0892 0.0496 0.2944 0.6204 -10.3995 -3.5343 -0.8061 -10.4399 4.1547 3.9791 13.6512 -8.2360 -42.6118 -47.1591 -30.0663 0.5062 0.6717 -73.3932 19.8694 43.5828 30.1501 -17.3317 10.7329 15.8764 -60.7632 1.3832 2.1223 -5.4407 15.8384 16.3680 62.2064 -34.0712 5.4864 -0.5769 1.1869 95.3750 -17.3028 43.2264 -49.8571 16.8899 6.8210 -15.8875 50.4537 -3.6956 -5.2844 -5.6681 -39.4753 19.0859 0.4047 48.3251 0.6656 3.3604 -4.0468 22.2073 1.6618 -0.3533 -2.0929 -13.4901 7.4026 -8.5449 0.1812 50.1303 1.6734 -0.2304 -23.2949 8.9858 -1.6390 -23.2455 1.4619
-0.5881 86.7611 -24.2528 2.5665 -6.6368 -13.4663 -1.2438 4.1307 0.8467 -0.9381 -3.5573 2.3466 -2.9381 15.4506 -0.7287 -0.3322 19.3345 3.5058 0.5347 -3.6211 1.8911 8.7723 -7.4388 -2.6901 -0.0961 0.0482 0.3012 0.6204 -10.3870 -3.5203 -0.8196 -10.4288 4.1566 3.4375 13.6013 -8.3249 -41.3744 -46.3850 -31.4749 0.8108 0.7591 -71.6039 19.6258 43.2142 29.5292 -17.4218 10.7278 15.8233 -60.8321 1.4249 2.0628 -5.4328 15.6837 16.2309 60.6500 -34.4788 7.9624 -0.7905 1.2630 94.5072 -16.2529 43.1429 -50.1416 16.9014 6.7858 -15.9051 50.5893 -3.7168 -5.3104 -5.1943 -39.5950 19.6204 0.3920 47.7988 0.6445 3.4908 -2.5164 22.7695 1.6674 -0.6534 -2.1031 -13.4681 6.9362 -7.7019 0.2308 51.1527 1.6588 -0.3912 -26.5571 9.5639 -1.5995 -21.1391 1.4083
-1.1196 86.3407 -26.3074 3.0288 -7.4323 -14.4698 -1.3038 3.8575 0.8204 -0.9778 -3.5921 2.1086 -3.1809 15.3077 -1.0419 -0.3622 20.3069 3.4596 0.6723 -3.6238 2.1837 8.7263 -6.7033 -2.1527 -0.1010 0.0485 0.2930 0.6152 -10.3627 -3.5203 -0.8233 -10.3996 4.1406 3.0692 13.5181 -8.5722 -40.4840 -45.4774 -32.6366 1.1365 0.8626 -69.6470 19.2622 42.5390 28.8129 -17.4910 10.7293 15.8180 -60.8639 1.4655 1.9956 -5.5554 15.4255 15.9525 59.6450 -34.8590 10.2416 -0.9575 1.2780 93.7172 -15.5784 42.9999 -50.6046 16.9287 6.7828 -15.9543 50.7598 -3.6924 -5.3786 -4.7619 -39.4846 20.0485 0.3499 46.8562 0.5679 3.6676 -0.8200 23.1257 1.6712 -0.9258 -2.0961 -13.2355 6.1534 -6.8211 0.2838 52.8324 1.6339 -0.7364 -29.1640 9.6159 -1.5652 -19.1914 1.3580
-1.6822 86.0966 -28.2840 3.5407 -8.1517 -14.9554 -1.4190 3.5250 0.7523 -1.0314 -3.6671 1.8320 -3.5243 15.0507 -1.4897 -0.1834 21.4562 3.3431 0.7919 -3.6068 2.3878 8.5694 -5.8571 -1.5401 -0.1025 0.0453 0.2723 0.6012 -10.3537 -3.5362 -0.8109 -10.3874 4.1140 2.7849 13.4513 -9.0509 -39.8207 -44.3220 -33.5832 1.4487 1.0117 -67.5792 18.7091 41.5806 27.8769 -17.6395 10.7131 15.8347 -60.8531 1.5484 2.0020 -5.6807 14.9802 15.4276 59.1086 -35.0509 12.2135 -1.0067 1.3106 92.9874 -15.0020 42.5414 -50.6841 16.9358 6.7393 -15.9472 50.7721 -3.7043 -5.4398 -4.5071 -39.0470 20.2017 0.2828 45.2519 0.4552 3.8775 1.1531 23.2844 1.6738 -1.1750 -2.0932 -12.6862 5.2145 -5.9203 0.3217 54.6916 1.5940 -1.2659 -30.7882 9.0256 -1.5448 -17.8542 1.3158
-2.2772 86.0258 -30.1069 3.9954 -8.8048 -14.7907 -1.5528 3.1079 0.6505 -1.1073 -3.7762 1.4817 -3.8858 14.6785 -2.0029 0.2439 22.6806 3.2007 0.8790 -3.5722 2.5457 8.2625 -4.8167 -0.9923 -0.0959 0.0417 0.2433 0.5973 -10.3594 -3.5657 -0.7917 -10.3903 4.0811 2.5158 13.3836 -9.8065 -39.1892 -42.8577 -34.4094 1.7350 0.9879 -65.5251 17.8729 40.4534 26.5779 -17.8035 10.5934 15.7987 -60.7480 1.6105 2.0189 -5.6192 14.4555 14.6579 58.7895 -34.8964 13.7067 -0.9543 1.2783 92.4094 -14.3665 42.2160 -50.0452 16.9412 6.6640 -15.8557 50.6699 -3.7218 -5.4396 -4.3456 -38.2979 19.8277 0.1771 42.8520 0.3078 4.1530 3.5319 23.3839 1.6819 -1.3952 -2.0884 -11.6894 4.3958 -5.0086 0.3142 56.3195 1.4659 -1.7036 -31.5013 7.6665 -1.5353 -17.2056 1.2794
-2.8505 86.0334 -31.7903 4.1836 -9.4678 -13.9996 -1.6112 2.6851 0.5620 -1.1809 -3.9157 1.0548 -4.0692 14.2162 -2.4563 0.7924 23.7017 3.0856 0.8895 -3.5326 2.6529 7.7973 -3.8171 -0.6407 -0.0852 0.0373 0.2200 0.5984 -10.3747 -3.5940 -0.7694 -10.4094 4.0573 2.2912 13.3008 -10.7167 -38.5359 -41.3993 -35.0489 1.8458 0.8137 -63.7562 16.9001 39.1357 25.0136 -17.9073 10.4588 15.7290 -60.7653 1.6243 2.0019 -5.3252 13.9715 13.8346 58.3113 -34.2799 14.5861 -0.8196 1.2531 92.0102 -13.2621 42.1800 -48.5259 16.9054 6.6027 -15.7134 50.4646 -3.7039 -5.4135 -4.0349 -37.3783 18.8940 0.0773 40.0526 0.1973 4.4086 5.9728 23.3665 1.6949 -1.4448 -2.0780 -10.2304 3.9312 -4.2018 0.2524 57.4071 1.2307 -1.8066 -31.7944 5.9520 -1.5313 -16.7625 1.2530
-3.4080 86.0030 -33.4195 4.0871 -10.1733 -12.8225 -1.5861 2.2862 0.4525 -1.2148 -4.0580 0.6220 -3.9696 13.7382 -2.7978 1.2614 24.3152 3.0174 0.8458 -3.5028 2.6456 7.2265 -3.0422 -0.4044 -0.0717 0.0323 0.1954 0.6142 -10.3854 -3.6241 -0.7570 -10.4183 4.0300 2.3680 13.1811 -11.6496 -38.0261 -40.2546 -35.4027 1.8610 0.5778 -62.3816 16.0023 37.3058 23.0482 -17.9303 10.4098 15.7316 -60.9617 1.5912 2.0078 -5.0957 13.6572 13.0870 57.5025 -33.2977 15.0306 -0.6954 1.3536 91.8426 -11.4828 42.2705 -46.1645 16.8510 6.5740 -15.5245 50.2777 -3.6283 -5.3506 -3.5350 -36.5382 17.5654 0.0084 37.3227 0.1587 4.5643 8.4267 23.1986 1.7069 -1.3899 -2.0593 -8.5367 3.7021 -3.5948 0.1975 58.1599 1.0125 -1.4540 -32.1260 4.1676 -1.5229 -16.0581 1.2190
-3.9198 85.8048 -35.0360 3.9304 -10.9349 -11.4671 -1.5059 1.9392 0.3135 -1.2081 -4.2037 0.2327 -3.7536 13.2907 -3.0184 1.5855 24.5861 2.9247 0.7664 -3.4887 2.5676 6.6364 -2.6339 -0.2348 -0.0596 0.0231 0.1605 0.6388 -10.4127 -3.6684 -0.7576 -10.4442 3.9986 2.8387 13.0223 -12.6124 -37.6907 -39.5552 -35.3424 1.7830 0.3542 -61.3621 15.1113 34.7900 20.5323 -17.7764 10.3707 15.7352 -61.1653 1.5455 2.0384 -5.0577 13.4207 12.3971 56.1931 -31.9001 15.6808 -0.8781 1.4776 91.9573 -8.9669 42.4424 -43.4162 16.8143 6.5750 -15.3780 50.1885 -3.5119 -5.3307 -3.0346 -35.8545 16.0043 -0.0416 34.9486 0.1550 4.4893 10.8847 22.7568 1.7118 -1.2865 -2.0320 -6.9611 3.4870 -3.2176 0.1430 58.9614 0.8157 -0.6153 -32.9992 2.3087 -1.5198 -14.8121 1.2033
-4.3887 85.5281 -36.6933 3.8810 -11.7985 -10.3430 -1.3538 1.6100 0.1718 -1.1463 -4.3396 -0.0385 -3.5424 13.0013 -3.0810 1.6800 24.7755 2.8367 0.6403 -3.4986 2.4801 6.1180 -2.5186 -0.1911 -0.0589 0.0144 0.1387 0.6493 -10.4406 -3.6973 -0.7675 -10.4745 3.9823 3.2474 12.8848 -13.4966 -37.4126 -39.3033 -34.9298 1.6145 0.1003 -60.5578 14.6524 31.5775 17.7551 -17.4675 10.4329 15.8325 -61.1931 1.5036 2.1440 -5.0308 13.1945 11.8030 54.4854 -30.2996 16.8429 -1.4010 1.5258 92.2379 -6.2779 42.7394 -40.9904 16.8751 6.5950 -15.2804 50.3369 -3.3537 -5.2914 -2.6263 -35.1987 14.5728 -0.0808 32.8727 0.1457 4.4268 13.4442 22.2350 1.7094 -1.1859 -2.0098 -5.6869 3.3357 -2.9099 0.1019 59.7191 0.6745 0.3488 -34.4608 0.2888 -1.5208 -12.9829 1.2014
-4.7202 85.3512 -38.3157 3.9651 -12.7723 -9.8222 -1.0742 1.2796 0.0652 -1.0141 -4.4539 -0.1693 -3.2523 12.9623 -3.0262 1.4324 25.0350 2.8165 0.4844 -3.5016 2.4506 5.5196 -2.3978 -0.1761 -0.0649 0.0069 0.1337 0.6434 -10.4304 -3.6975 -0.7757 -10.4712 3.9760 2.9789 12.8461 -14.1070 -37.4074 -39.3077 -34.1281 1.5714 0.0828 -59.8582 14.9208 28.2207 15.3201 -17.0740 10.5836 16.0080 -61.0593 1.4232 2.3289 -4.6941 13.1106 11.5021 52.7471 -29.1254 18.2548 -1.9288 1.5543 92.2780 -4.6257 43.4784 -39.6883 16.9294 6.6480 -15.2076 50.6073 -3.2127 -5.1885 -2.1717 -34.2260 13.3487 -0.1173 30.7868 0.1004 4.3405 16.0358 21.9322 1.7023 -1.1043 -2.0098 -4.7937 3.2286 -2.5307 0.0663 60.3451 0.5549 0.9088 -35.6412 -1.6097 -1.5096 -11.2026 1.1824
-4.8214 85.4981 -39.8544 4.2538 -13.7621 -10.0967 -0.7077 0.9435 0.1302 -0.8022 -4.4723 -0.2831 -2.8400 13.0339 -2.9299 0.8405 25.3045 3.0147 0.3292 -3.5234 2.3518 4.9316 -1.8597 -0.0356 -0.0500 -0.0317 0.0764 0.6389 -10.4470 -3.7397 -0.7430 -10.4850 3.9026 1.9966 12.7546 -14.2688 -38.0289 -38.9867 -32.9638 1.7499 0.2725 -59.0431 15.6058 26.1101 13.5688 -16.7020 10.7386 16.0691 -60.9230 1.4460 2.3765 -3.9727 13.3171 11.5333 51.5015 -28.7393 19.5582 -2.1663 1.4858 91.7006 -4.8388 44.7285 -39.4060 16.7778 6.7067 -15.1548 50.7983 -3.0989 -5.0837 -1.6038 -32.7784 12.2164 -0.0907 28.2402 0.1354 4.0720 19.0346 21.9566 1.7315 -0.9921 -1.9847 -4.2959 2.9369 -1.7585 0.0516 60.9146 0.5084 0.9645 -35.6211 -2.8035 -1.4901 -10.0698 1.2405
-4.8170 85.7094 -41.3022 4.6436 -14.6155 -10.7317 -0.2967 0.7019 0.0973 -0.6579 -4.5075 -0.3871 -2.3111 13.1905 -2.8794 0.1031 25.5242 3.1923 0.3356 -3.4865 2.3133 4.1374 -1.4566 0.2755 -0.0527 -0.0308 0.1154 0.6328 -10.4300 -3.6903 -0.7432 -10.4693 3.9349 0.8454 13.0384 -14.1936 -39.0252 -38.9963 -31.4246 1.7155 0.4976 -57.9368 16.2062 25.0177 12.8162 -16.6840 10.7788 16.1340 -60.8007 1.4886 2.4121 -3.1618 13.5766 11.6160 50.6477 -28.4948 21.1421 -2.3776 1.4753 90.6593 -5.9694 45.4669 -39.7705 16.4994 6.7198 -15.1463 50.5739 -3.1167 -5.0817 -0.9531 -31.2383 11.1884 -0.1413 25.6814 0.0188 3.3406 21.9832 21.9883 1.7187 -0.9284 -2.0294 -4.2331 2.4343 -0.9943 0.1323 61.5007 0.5341 1.0340 -35.0518 -3.2776 -1.4699 -9.4469 1.2146
-4.7476 86.1170 -42.7424 4.9134 -15.1836 -11.5363 0.1695 0.5244 -0.0607 -0.5489 -4.5810 -0.4615 -1.6171 13.3955 -2.9366 -0.5087 25.4671 3.3675 0.2578 -3.3273 2.2330 3.2612 -1.2862 0.5005 -0.0622 -0.0242 0.1541 0.6370 -10.4380 -3.6488 -0.7645 -10.4960 3.9737 -0.2896 13.5865 -14.1858 -39.8837 -38.7691 -29.9448 1.9425 0.7591 -56.6527 16.4594 24.4416 12.7735 -17.0043 10.7779 16.2160 -60.8478 1.5608 2.4275 -2.2070 13.8825 11.5944 49.9052 -28.1846 22.7181 -2.1939 1.1562 89.5643 -7.4372 45.3175 -40.7410 16.2639 6.6745 -15.1281 50.0549 -3.2186 -5.0124 0.0215 -29.8247 9.7436 -0.2140 22.8848 -0.1391 1.1515 24.8419 21.4568 1.6916 -0.9846 -2.1084 -4.1914 1.6786 -0.2195 0.1651 61.7016 0.5128 1.2451 -34.1588 -3.5100 -1.4791 -8.8800 1.1936
-4.6497 86.5669 -44.2684 5.2735 -15.5232 -12.4333 0.5365 0.5260 -0.1567 -0.4557 -4.4344 -0.6869 -1.1102 13.4468 -2.9914 -1.0605 24.9617 3.3390 0.3008 -3.4003 2.3365 2.5658 -1.1228 0.7603 -0.0454 -0.0292 0.1179 0.6540 -10.4776 -3.6889 -0.7477 -10.5253 3.9390 -0.9597 13.8992 -14.1664 -40.9315 -38.3499 -28.1336 1.9710 0.8702 -55.6911 16.5542 24.9047 13.2689 -17.0963 10.6563 16.1153 -60.7640 1.6381 2.4210 -1.5973 14.1710 11.5224 49.7533 -27.5589 24.0333 -1.9976 1.1054 88.6543 -8.4598 45.0656 -41.3459 16.3610 6.6418 -15.0523 50.0797 -3.2356 -5.0196 0.9631 -28.8521 8.3101 -0.3007 21.0302 -0.2521 -1.3794 26.3550 20.2269 1.6221 -1.1103 -2.0633 -4.1607 0.9141 0.4646 0.2121 61.2003 0.5498 1.3943 -33.6725 -3.6239 -1.4693 -7.8917 1.1936
-4.5089 87.0675 -46.0022 5.5258 -15.6204 -13.2352 0.9545 0.7959 -0.4046 -0.3726 -4.3121 -0.7162 -0.7772 13.6186 -3.1753 -1.3616 24.1097 3.4076 0.2760 -3.3322 2.3658 1.8505 -1.6414 1.0150 -0.0547 0.0001 0.1476 0.6558 -10.4811 -3.6615 -0.7690 -10.5305 3.9727 -1.6305 14.4440 -14.1282 -40.8528 -38.2841 -26.9623 2.0548 1.0496 -55.4180 16.7063 24.7416 13.5137 -17.1977 10.5296 16.1174 -60.7221 1.5515 2.4065 -1.1294 14.4167 11.4119 49.1360 -26.5982 25.2649 -1.7671 1.0764 88.2736 -8.8525 43.8729 -41.9321 16.3901 6.6929 -15.1576 50.0155 -3.2931 -4.9533 1.8057 -28.3980 6.6435 -0.3394 20.7484 -0.4123 -3.8641 24.0321 18.8611 1.5632 -1.0479 -2.0984 -4.0765 -0.0441 1.0781 0.1615 60.5693 0.4632 1.5085 -33.5950 -4.0590 -1.4741 -6.1551 1.1316
-4.3212 87.5713 -47.8862 5.9008 -15.2710 -14.2278 1.2822 1.2073 -0.4519 -0.2804 -4.0465 -0.7865 -0.5599 13.7465 -3.2527 -1.6945 22.9443 3.4669 0.1331 -3.4870 2.3110 1.4800 -2.3122 1.1093 -0.0351 -0.0137 0.0861 0.6701 -10.5106 -3.7237 -0.7443 -10.5584 3.9074 -2.1346 14.7766 -14.0570 -40.6363 -38.5730 -25.6206 1.9864 1.0113 -56.3329 17.1735 25.6584 14.2008 -17.1947 10.5744 16.1835 -60.7294 1.5254 2.4385 -0.9702 14.6094 11.4953 48.5127 -25.8625 26.0632 -1.6010 1.1743 88.1042 -8.9303 43.4748 -42.4571 16.5489 6.6726 -15.2194 50.1077 -3.2696 -4.9683 2.2428 -28.7520 5.3847 -0.3985 22.7464 -0.5282 -3.9766 19.1303 18.4129 1.5676 -1.3911 -2.0584 -4.1105 -1.4386 1.6924 0.1686 59.6260 0.5092 1.2128 -33.7950 -4.3274 -1.4599 -4.3407 1.1229
-4.0586 88.1023 -50.0677 6.2520 -14.6000 -15.2707 1.5475 1.8675 -0.4708 -0.1786 -3.8316 -0.7356 -0.3762 14.0603 -3.3382 -1.9476 21.5342 3.6651 0.0076 -3.4989 2.1160 1.0775 -3.4503 1.2396 -0.0234 -0.0144 0.0607 0.6861 -10.5310 -3.7547 -0.7356 -10.5874 3.8830 -2.5812 15.2324 -13.9665 -39.9276 -39.4174 -24.6141 1.9557 1.1352 -57.9495 17.6313 26.3152 14.6619 -17.2451 10.6141 16.2592 -60.8105 1.4740 2.4458 -0.8260 14.6595 11.7589 47.5539 -25.4177 26.5426 -1.4434 1.3031 88.1150 -8.9954 42.8768 -43.0943 16.5991 6.6860 -15.3528 50.1163 -3.3126 -4.9951 2.5288 -29.5975 4.2207 -0.4512 26.8320 -0.6410 -3.2598 13.5446 18.6792 1.6162 -1.8421 -2.1471 -4.2024 -3.6070 2.3527 0.0992 59.2259 0.4561 0.6640 -33.2604 -4.3677 -1.4426 -3.0202 1.0482
-3.7643 88.6319 -52.4560 6.6041 -13.6728 -16.3033 1.6668 2.7028 -0.4395 -0.0931 -3.5465 -0.6688 -0.1834 14.5136 -3.3174 -2.1347 19.9413 3.7950 0.0043 -3.5097 1.9462 0.6392 -4.8842 1.2774 -0.0081 -0.0125 0.0365 0.7114 -10.5574 -3.7853 -0.7293 -10.6209 3.8596 -2.6575 15.5162 -13.8423 -39.4283 -40.6526 -23.5953 1.8863 1.1056 -60.1590 18.1174 27.1670 15.0310 -17.2296 10.6694 16.2719 -60.9816 1.4678 2.4245 -0.8320 14.6389 12.2073 46.8822 -25.7480 26.3549 -1.2974 1.2581 88.2238 -9.7297 42.5325 -44.1321 16.5760 6.7087 -15.4612 50.0276 -3.3600 -5.0298 2.5613 -30.7714 3.4293 -0.5719 32.7230 -0.8186 -2.6778 9.1320 18.9650 1.6480 -2.2225 -2.2306 -4.4279 -6.3479 2.8062 0.0647 59.0545 0.4121 0.0555 -32.3711 -4.0320 -1.4324 -2.0296 0.9697
-3.4743 89.1523 -55.0328 6.7240 -12.4887 -17.1927 1.7246 3.6847 -0.3735 -0.0032 -3.1945 -0.5797 0.0909 14.9854 -3.2010 -2.1522 18.2494 3.8668 0.0575 -3.5097 1.8177 0.2450 -6.5136 1.3011 0.0060 -0.0072 0.0216 0.7240 -10.5421 -3.8012 -0.7121 -10.6026 3.8390 -2.3128 15.6625 -13.6750 -39.3361 -42.0293 -22.5873 1.8777 1.1184 -62.7224 18.5598 28.0309 15.2072 -17.2120 10.7246 16.2581 -61.0452 1.4670 2.4743 -0.9878 14.5005 12.7732 46.8225 -26.7858 25.5263 -1.3367 1.2577 88.4949 -11.1464 42.4106 -45.5728 16.4516 6.8053 -15.5655 49.9176 -3.3940 -5.0585 2.6424 -32.0157 2.7675 -0.7437 39.9239 -1.0608 -2.5235 5.1890 19.2818 1.6744 -2.4910 -2.2907 -4.5333 -9.5248 2.8152 0.0711 58.8105 0.4119 -0.6457 -31.0227 -3.2873 -1.4308 -1.3386 0.8973
-3.2301 89.7026 -57.6471 6.5389 -11.1313 -17.7449 1.7561 4.7069 -0.2948 0.0913 -2.8630 -0.4497 0.4625 15.4646 -3.0418 -1.9445 16.6482 3.8147 0.0922 -3.4993 1.7725 -0.0069 -8.0767 1.2704 0.0157 -0.0002 0.0300 0.7289 -10.5250 -3.7914 -0.6954 -10.5763 3.8421 -1.6513 15.7904 -13.4935 -39.6394 -43.6059 -21.4944 1.6495 1.1272 -65.3316 18.9466 28.9361 15.3613 -17.1464 10.7446 16.1979 -61.0524 1.4531 2.5115 -1.1675 14.3070 13.3453 47.4299 -28.4171 24.1302 -1.4534 1.2678 89.0367 -13.1612 42.3390 -47.2927 16.2335 6.9361 -15.6379 49.8269 -3.3928 -5.0442 2.8460 -32.8415 2.0052 -1.0050 47.3907 -1.3960 -2.5816 1.9008 19.6833 1.6916 -2.6728 -2.3295 -4.3785 -12.8563 2.2011 0.1070 58.2882 0.4473 -1.4043 -29.2398 -2.2372 -1.4330 -0.8665 0.8455
-3.0820 90.2714 -60.2104 6.1093 -9.6475 -17.8857 1.7884 5.6684 -0.1932 0.1819 -2.6174 -0.3546 0.8964 15.9453 -2.7864 -1.5060 15.2477 3.6949 0.0293 -3.5101 1.7468 -0.0662 -9.3780 1.1414 0.0202 -0.0038 0.0507 0.7203 -10.5147 -3.7669 -0.6750 -10.5534 3.8580 -0.8529 15.9508 -13.3163 -39.8897 -45.0742 -20.6953 1.4066 1.1608 -67.7749 19.2366 29.6762 15.6222 -17.0176 10.7380 16.1338 -60.9736 1.4222 2.5094 -1.3049 14.1049 13.9318 48.7197 -30.4958 22.1702 -1.5724 1.2380 89.8930 -15.6982 42.4305 -49.2858 15.9856 7.0520 -15.6402 49.7380 -3.3661 -4.9515 3.0094 -32.9413 1.1902 -1.2558 54.1260 -1.7066 -2.0857 -1.1844 20.5594 1.7323 -2.6894 -2.3588 -3.9099 -16.0876 1.0456 0.1491 57.3748 0.4595 -2.1030 -27.2002 -1.1269 -1.4388 -0.5516 0.8079
-3.0446 90.8159 -62.6511 5.5025 -8.0609 -17.5139 1.8398 6.4237 -0.1286 0.2832 -2.4339 -0.2366 1.3629 16.3797 -2.4917 -0.9498 14.1293 3.5427 -0.0866 -3.5333 1.6433 0.0119 -10.3403 0.9010 0.0218 -0.0067 0.0598 0.7065 -10.5191 -3.7577 -0.6558 -10.5436 3.8661 -0.0224 16.1194 -13.1685 -40.0385 -46.4398 -20.1785 1.1448 1.1232 -69.8171 19.3937 30.3163 15.9866 -16.9030 10.7449 16.0911 -60.9152 1.3943 2.4776 -1.4767 13.8637 14.4742 50.7476 -32.8506 19.6727 -1.5126 1.1534 90.8099 -18.3795 42.5221 -51.1404 15.7724 7.1378 -15.6067 49.6212 -3.3694 -4.8638 2.9751 -32.0695 0.5249 -1.3515 59.2210 -1.8367 -1.3064 -3.7659 21.8747 1.7859 -2.6139 -2.3902 -3.1001 -19.0654 -0.6933 0.1856 56.0612 0.4393 -2.7272 -25.0838 -0.1386 -1.4434 -0.3726 0.7814
-3.1205 91.2735 -64.9380 4.8437 -6.4602 -16.6333 1.9367 6.9717 -0.0524 0.3902 -2.3269 -0.1441 1.7994 16.7619 -2.2050 -0.3611 13.2825 3.3881 -0.2425 -3.5691 1.4459 0.1419 -11.0124 0.5584 0.0211 -0.0106 0.0673 0.6960 -10.5369 -3.7539 -0.6448 -10.5448 3.8778 0.8715 16.3105 -12.9954 -40.1088 -47.6586 -19.9373 0.9784 0.9922 -71.4678 19.5792 30.9315 16.6892 -16.7895 10.7550 16.0897 -60.8098 1.3581 2.4007 -1.7694 13.6199 14.9405 53.2652 -35.1429 16.8818 -1.3146 1.0009 91.6828 -20.9307 42.6722 -52.8529 15.6440 7.1929 -15.5949 49.4745 -3.4246 -4.8140 2.6708 -30.2735 0.2018 -1.2613 62.4934 -1.7259 -0.5037 -5.7847 23.4371 1.8445 -2.5227 -2.4198 -2.0519 -21.6999 -2.9192 0.2172 54.5931 0.4104 -3.2397 -23.1881 0.7260 -1.4479 -0.2218 0.7669
-3.3208 91.6488 -67.0501 4.2276 -4.9187 -15.3067 2.0674 7.2847 -0.0127 0.5041 -2.2670 -0.0711 2.1681 17.0554 -1.9689 0.1432 12.7072 3.3031 -0.4027 -3.5917 1.1490 0.3139 -11.5439 0.1832 0.0168 -0.0098 0.0759 0.6894 -10.5480 -3.7489 -0.6450 -10.5405 3.8920 1.7028 16.4026 -12.7827 -40.2180 -48.7433 -19.8222 0.7922 0.8705 -72.6542 20.0123 31.6728 17.7569 -16.7183 10.7755 16.0902 -60.6726 1.3354 2.2939 -2.1764 13.3874 15.2664 55.7830 -37.1147 14.1858 -1.0485 0.8369 92.2247 -23.0033 42.6922 -54.0130 15.6243 7.2356 -15.6343 49.4128 -3.4793 -4.8076 2.1386 -27.7067 0.4482 -1.0046 64.1549 -1.4033 -0.2481 -7.4686 24.6837 1.9090 -2.5218 -2.4712 -0.8475 -23.9678 -5.4449 0.2074 53.1458 0.3387 -3.7445 -21.5411 1.3221 -1.4482 -0.0737 0.7501
-3.6623 91.9136 -68.9784 3.7213 -3.5347 -13.5012 2.1958 7.4256 0.0169 0.6098 -2.2770 -0.1002 2.4508 17.3094 -1.7576 0.6195 12.3489 3.2287 -0.5753 -3.5894 0.7640 0.5085 -12.0144 -0.2501 0.0108 -0.0011 0.0801 0.6899 -10.5539 -3.7514 -0.6567 -10.5382 3.9066 2.4851 16.4410 -12.5887 -40.3445 -49.7392 -19.8578 0.5981 0.7314 -73.5641 20.6759 32.5880 19.1126 -16.7315 10.8128 16.0924 -60.5970 1.3322 2.1804 -2.5829 13.2456 15.4016 58.0834 -38.7484 11.6213 -0.7806 0.6440 92.4822 -24.6434 42.8400 -54.7695 15.6923 7.2969 -15.7481 49.4880 -3.5029 -4.8872 1.4560 -24.5140 1.5536 -0.7528 64.6198 -1.0770 -0.3205 -8.6703 25.1562 1.9779 -2.6851 -2.5335 0.3876 -25.9054 -8.1968 0.1652 51.9180 0.2308 -4.2938 -20.1909 1.7285 -1.4422 0.0731 0.7335
-4.0885 92.1010 -70.6742 3.3002 -2.3715 -11.2867 2.3311 7.4328 0.0092 0.7031 -2.3155 -0.1917 2.6781 17.5303 -1.5986 1.0594 12.1507 3.1644 -0.7477 -3.5866 0.2830 0.7632 -12.3712 -0.7912 0.0008 0.0053 0.0991 0.6857 -10.5446 -3.7371 -0.6716 -10.5216 3.9354 3.1640 16.3880 -12.4335 -40.3954 -50.5082 -20.2387 0.4365 0.6639 -74.3053 21.5102 33.5276 20.7692 -16.8282 10.7691 16.0650 -60.4486 1.3173 2.1500 -2.9135 13.1899 15.3694 60.1445 -40.0607 9.0575 -0.4781 0.4763 92.5430 -25.9383 43.0759 -55.2595 15.7282 7.3566 -15.8496 49.5549 -3.5082 -4.9107 0.8897 -20.9224 3.5689 -0.6189 64.4044 -0.9122 -0.4921 -9.3657 24.9272 2.0442 -2.9659 -2.5640 1.6156 -27.5388 -11.0361 0.1071 50.9251 0.0968 -4.7315 -19.0293 1.8796 -1.4351 0.2241 0.7371
-4.5937 92.2362 -72.1655 2.9476 -1.4358 -8.6678 2.4546 7.3832 -0.0259 0.7932 -2.3897 -0.3981 2.8444 17.7480 -1.5208 1.4811 12.0546 3.1495 -0.8970 -3.5828 -0.3205 1.0292 -12.6024 -1.3551 -0.0039 0.0083 0.1094 0.6832 -10.5449 -3.7347 -0.6779 -10.5183 3.9569 3.7037 16.2835 -12.3490 -40.1035 -51.0229 -21.2237 0.3459 0.6199 -74.9331 22.4685 34.5394 22.5981 -16.9082 10.7523 16.0644 -60.4157 1.3747 2.1803 -3.2010 13.1709 15.2113 61.9919 -41.0292 6.4570 -0.1658 0.4171 92.4867 -26.7716 43.2853 -55.3919 15.7122 7.4051 -15.9540 49.5850 -3.5070 -4.9329 0.5764 -17.2778 6.1556 -0.5711 63.9524 -0.8910 -0.4060 -9.6840 24.6922 2.1105 -3.2105 -2.5565 2.7960 -28.9298 -13.8192 0.0329 50.2240 -0.0706 -5.0520 -18.0615 1.6838 -1.4256 0.3080 0.7265
-5.1368 92.2840 -73.5790 2.6259 -0.7095 -5.6513 2.5868 7.2993 -0.0984 0.8607 -2.4748 -0.6657 2.9594 17.9465 -1.5678 1.9336 11.9233 3.1095 -1.0553 -3.5658 -0.9805 1.3581 -12.7813 -2.0028 -0.0050 0.0116 0.1128 0.6796 -10.5381 -3.7401 -0.6766 -10.5101 3.9710 4.1582 16.1303 -12.3439 -39.5032 -51.3317 -22.8061 0.2399 0.6595 -75.5315 23.4615 35.7342 24.5672 -16.9941 10.7289 16.0494 -60.4778 1.4341 2.2755 -3.5131 13.1753 14.9249 63.7293 -41.6416 3.8220 0.0897 0.3980 92.4675 -27.4907 43.5902 -55.5853 15.7699 7.4537 -16.0411 49.6798 -3.4858 -4.9660 0.6750 -13.7324 8.7083 -0.6368 63.1645 -1.1030 -0.4606 -9.2940 23.6573 2.1505 -3.5539 -2.5233 3.9074 -30.0595 -16.4583 -0.0437 49.6968 -0.2302 -5.1388 -17.2864 0.9912 -1.4184 0.4056 0.7207
-5.7116 92.2836 -74.9310 2.2882 -0.1229 -2.4635 2.7390 7.1788 -0.1780 0.9122 -2.5527 -0.9174 3.0274 18.1011 -1.7098 2.3635 11.8039 3.0022 -1.2043 -3.5413 -1.6270 1.7848 -12.9823 -2.7897 -0.0078 0.0132 0.1179 0.6767 -10.5244 -3.7449 -0.6786 -10.4935 3.9866 4.5008 16.0189 -12.4293 -38.5165 -51.4111 -25.0147 0.1959 0.7383 -76.1412 24.4340 36.9382 26.5192 -17.0773 10.6878 16.0146 -60.5466 1.4545 2.4018 -3.8546 13.1464 14.6097 65.3954 -41.8784 1.1657 0.2802 0.4224 92.5520 -28.0655 43.8750 -55.8078 15.8932 7.4355 -16.0886 49.7384 -3.4867 -4.9666 1.1772 -10.4360 10.8616 -0.7122 61.9465 -1.3966 -0.9073 -8.7720 21.6027 2.1657 -4.0281 -2.4867 4.9801 -31.0097 -18.9032 -0.0949 49.2776 -0.3568 -4.9801 -16.6071 -0.1117 -1.4149 0.5245 0.7148
-6.2851 92.2706 -76.2217 1.9970 0.4131 0.7067 2.8558 7.0498 -0.2531 0.9507 -2.6346 -1.1359 3.0306 18.2261 -1.8670 2.7701 11.6228 2.8395 -1.3641 -3.4984 -2.2076 2.3046 -13.1778 -3.6628 -0.0139 0.0174 0.1233 0.6708 -10.5098 -3.7458 -0.6853 -10.4812 4.0014 4.7228 15.9409 -12.5564 -37.1946 -51.3850 -27.6755 0.0949 0.7712 -76.7555 25.2539 37.9504 28.1292 -17.1496 10.6300 15.9968 -60.6211 1.4825 2.5331 -4.2098 13.0319 14.3285 66.8877 -41.8722 -1.4350 0.5455 0.4096 92.7136 -28.3574 43.9417 -55.7905 16.0331 7.4135 -16.1521 49.7978 -3.5078 -5.0328 1.8826 -7.4838 12.3372 -0.7225 60.0694 -1.6697 -2.0036 -8.3390 18.2894 2.1705 -4.9344 -2.4685 5.9697 -31.9514 -21.0552 -0.1386 48.9496 -0.4513 -4.6528 -15.9531 -1.4764 -1.4092 0.6445 0.6966
-6.8369 92.2656 -77.4747 1.7644 0.9656 3.7470 2.9121 6.8922 -0.3302 0.9547 -2.7011 -1.2886 2.9901 18.3472 -1.9817 3.1554 11.3852 2.6508 -1.5496 -3.4651 -2.7474 2.9362 -13.3129 -4.6508 -0.0227 0.0217 0.1316 0.6689 -10.5004 -3.7416 -0.7020 -10.4767 4.0168 4.8001 15.9661 -12.7576 -35.6367 -51.3146 -30.5649 0.0152 0.7290 -77.4508 26.0373 38.8573 29.5195 -17.1854 10.5917 16.0035 -60.7783 1.5197 2.6356 -4.4819 12.9513 14.1403 68.1282 -41.8081 -3.8314 0.8023 0.4228 92.9969 -28.4288 43.9410 -55.5723 16.2130 7.3637 -16.2234 49.8824 -3.5396 -5.0855 2.6426 -4.8783 13.2108 -0.6508 57.3129 -1.8526 -3.3172 -8.2821 14.3579 2.1569 -6.5442 -2.4702 6.8382 -32.9312 -22.9107 -0.1857 48.5661 -0.5764 -4.2625 -15.2782 -2.9630 -1.4034 0.7623 0.6832
-7.3322 92.2765 -78.7386 1.5717 1.5493 6.5210 2.9352 6.7056 -0.4176 0.9432 -2.7413 -1.3584 2.9373 18.4241 -2.0458 3.4795 11.1210 2.4832 -1.7226 -3.4686 -3.2806 3.6128 -13.3405 -5.6210 -0.0326 0.0212 0.1391 0.6633 -10.4843 -3.7324 -0.7163 -10.4601 4.0255 4.8049 16.0117 -12.9731 -34.3544 -51.1915 -33.1861 -0.0451 0.6969 -78.1788 26.8241 39.6636 30.7386 -17.1941 10.5668 16.0182 -60.8387 1.5253 2.7478 -4.7111 12.8911 14.0641 69.0901 -41.7135 -5.7801 0.9404 0.4829 93.2775 -28.6178 44.0576 -55.6032 16.3545 7.2993 -16.2568 49.9029 -3.5520 -5.1287 3.3429 -2.7562 13.6366 -0.5208 53.6983 -1.9224 -4.2602 -9.0621 11.4261 2.1331 -8.5746 -2.4712 7.6437 -33.9224 -24.5698 -0.2278 48.0829 -0.6892 -3.9836 -14.5479 -4.3003 -1.3994 0.8627 0.6938
-7.7947 92.2987 -80.0322 1.4167 2.1289 8.9273 2.9227 6.5228 -0.4769 0.9256 -2.7829 -1.3837 2.8515 18.4908 -2.0815 3.7522 10.8902 2.3754 -1.8697 -3.4985 -3.7723 4.2673 -13.3227 -6.5037 -0.0415 0.0144 0.1440 0.6609 -10.4699 -3.7232 -0.7324 -10.4511 4.0286 4.8002 16.1014 -13.1366 -33.5888 -51.1709 -35.1850 -0.1562 0.5736 -78.9248 27.6545 40.4286 31.7618 -17.2037 10.5960 16.0540 -60.9427 1.5389 2.8195 -4.8967 12.8535 14.0883 69.8250 -41.6347 -7.2531 1.0277 0.5233 93.5323 -28.9313 44.1462 -55.7578 16.4547 7.2247 -16.2950 49.9349 -3.5632 -5.1757 3.9426 -1.1449 13.6949 -0.3786 49.6535 -1.8990 -4.9658 -10.5950 9.5276 2.1144 -10.4323 -2.4831 8.4067 -34.9182 -26.0483 -0.2509 47.5423 -0.7601 -3.8304 -13.6947 -5.4214 -1.3961 0.9345 0.7015
-8.1747 92.3325 -81.2896 1.3296 2.6572 10.9913 2.8667 6.3548 -0.5100 0.8926 -2.8227 -1.3718 2.7388 18.5413 -2.1118 3.9830 10.7121 2.2943 -2.0330 -3.5406 -4.1827 4.8796 -13.2146 -7.3187 -0.0478 0.0051 0.1448 0.6587 -10.4557 -3.7182 -0.7434 -10.4417 4.0271 4.7528 16.1681 -13.2835 -33.4103 -51.1205 -36.4793 -0.2989 0.4314 -79.6386 28.4133 41.0926 32.5924 -17.2669 10.6549 16.1007 -61.0798 1.5672 2.8331 -5.0064 12.8410 14.1835 70.3286 -41.5364 -8.2173 0.9831 0.5324 93.7396 -29.3636 44.2511 -56.0196 16.5371 7.1652 -16.3208 49.9919 -3.5770 -5.2197 4.4043 0.0525 13.5496 -0.2464 45.6471 -1.8600 -5.5534 -12.5640 8.2446 2.0953 -11.3906 -2.4991 9.0539 -35.8671 -27.3202 -0.2515 46.8898 -0.7716 -3.7543 -12.7864 -6.3691 -1.3929 0.9980 0.7199
-8.4646 92.3763 -82.5569 1.3256 3.0834 12.6943 2.7829 6.2062 -0.5192 0.8465 -2.8833 -1.3523 2.5943 18.5911 -2.0946 4.1241 10.6561 2.2168 -2.1541 -3.5973 -4.5725 5.3981 -13.0496 -7.9947 -0.0507 -0.0081 0.1362 0.6585 -10.4600 -3.7245 -0.7493 -10.4504 4.0163 4.6517 16.2780 -13.4094 -33.6298 -51.0514 -37.1597 -0.4694 0.1883 -80.2492 28.9041 41.5792 33.1149 -17.2685 10.7100 16.1177 -61.1316 1.5912 2.7897 -5.0970 12.9148 14.3118 70.7507 -41.4685 -8.8515 0.8786 0.4987 93.8464 -29.8237 44.2814 -56.3219 16.6040 7.1245 -16.3765 50.0572 -3.6064 -5.2584 4.7079 0.9902 13.4439 -0.1337 42.0368 -1.7923 -5.9807 -14.7119 7.5189 2.0616 -11.2774 -2.4995 9.5497 -36.7823 -28.3409 -0.2552 46.1783 -0.7788 -3.8154 -11.7905 -7.1360 -1.3922 0.9558 0.7550
-8.6397 92.3654 -83.8058 1.4332 3.3636 14.0265 2.6527 6.0456 -0.5030 0.8422 -2.9083 -1.3812 2.3241 18.6221 -2.1013 4.1530 10.6484 2.1654 -2.2980 -3.6086 -4.7691 5.8439 -12.7314 -8.5809 -0.0643 0.0027 0.1559 0.6402 -10.4501 -3.7035 -0.7616 -10.4345 4.0378 4.5067 16.4643 -13.4001 -33.9942 -50.9706 -37.4660 -0.6739 0.1283 -80.5327 28.9792 41.6415 33.1201 -17.1304 10.7530 16.1301 -61.1083 1.5744 2.8020 -5.2922 12.9480 14.5491 71.4096 -41.4600 -9.6305 1.0332 0.4824 93.7231 -30.1073 44.1511 -56.5034 16.8402 7.1053 -16.4577 50.3328 -3.5669 -5.3709 4.8198 1.7577 13.5583 -0.0580 38.8642 -1.6813 -6.4146 -16.4968 7.2997 2.0094 -11.3295 -2.4761 9.8018 -37.6689 -29.0880 -0.2652 45.4556 -0.7714 -4.0364 -10.6903 -7.6038 -1.3974 0.9003 0.7872
-8.6959 92.3236 -85.1023 1.5548 3.5570 14.9839 2.5834 5.8851 -0.4514 0.7144 -2.9621 -1.2846 2.2142 18.5847 -2.0768 4.0087 10.7261 2.1594 -2.2825 -3.6693 -5.2103 5.9972 -12.4948 -8.9720 -0.0550 -0.0173 0.1297 0.6572 -10.4349 -3.7250 -0.7587 -10.4352 4.0071 4.2462 16.4500 -13.5310 -34.5599 -50.4083 -37.3389 -0.6185 -0.2425 -80.7056 28.7554 41.6012 33.0451 -17.0960 10.7937 16.1153 -61.0268 1.6461 2.6779 -5.4246 13.0064 14.6076 71.5780 -41.4568 -9.7563 1.0331 0.4317 93.3508 -30.6066 44.0199 -56.9797 16.7501 7.0486 -16.4539 50.1791 -3.6512 -5.3583 4.7620 2.4191 13.7585 0.0293 35.9320 -1.5320 -6.7555 -18.8206 6.5202 1.9734 -9.6422 -2.4320 10.0004 -38.5126 -29.5465 -0.2664 44.8784 -0.7495 -4.3668 -9.8458 -8.2829 -1.3986 0.7724 0.8506
-8.6526 92.1833 -86.4084 1.7641 3.5564 15.6674 2.4368 5.6552 -0.4460 0.6869 -2.9871 -1.2696 1.9097 18.5252 -2.0787 3.7326 10.9173 2.1434 -2.3365 -3.6239 -5.3675 6.1706 -12.0513 -9.3326 -0.0646 -0.0029 0.1464 0.6457 -10.4241 -3.7119 -0.7704 -10.4244 4.0294 3.9585 16.4596 -13.4273 -35.2732 -49.8908 -36.9500 -0.7010 -0.2423 -80.5141 28.0246 41.2821 32.5316 -16.9085 10.7772 16.0876 -60.8121 1.6339 2.7262 -5.5789 13.1171 14.8313 71.8234 -41.6009 -9.9810 1.1350 0.4983 92.8418 -30.6353 43.8382 -57.2325 16.9918 6.9955 -16.4872 50.4667 -3.5935 -5.4360 4.5409 3.1651 14.1215 0.0245 33.1894 -1.3517 -7.5762 -20.6166 6.2960 1.9212 -8.7491 -2.3828 9.8985 -39.3192 -29.6865 -0.2972 44.3227 -0.7399 -4.7235 -8.7792 -8.6329 -1.4067 0.7121 0.8804
-8.5228 92.0765 -87.6581 1.9894 3.3815 16.1299 2.3049 5.4236 -0.4288 0.6241 -3.0663 -1.2010 1.6298 18.4490 -2.1395 3.3677 11.3292 2.2212 -2.3272 -3.6336 -5.7057 6.2382 -11.6526 -9.5320 -0.0600 -0.0126 0.1312 0.6516 -10.4225 -3.7252 -0.7674 -10.4255 4.0110 3.5766 16.4260 -13.3922 -35.7536 -49.0671 -36.4765 -0.6458 -0.2985 -80.2012 27.2383 40.7174 31.7639 -16.8516 10.7916 16.1253 -60.5996 1.5982 2.7117 -5.6571 13.3052 14.9736 71.6978 -41.7257 -9.9020 1.2086 0.5286 92.3938 -30.8696 43.7927 -57.6551 17.0170 6.9124 -16.4787 50.5702 -3.5951 -5.4701 4.2145 3.9059 14.4754 0.0397 30.9076 -1.1815 -8.1630 -22.6995 6.0830 1.8731 -6.8101 -2.3194 9.6331 -39.9926 -29.6043 -0.3198 43.9046 -0.7198 -5.0861 -7.8580 -9.1176 -1.4058 0.6037 0.9371
-8.3822 91.9652 -88.8869 2.2300 2.9079 16.5482 2.1144 5.2843 -0.4141 0.5767 -3.2013 -1.1781 1.3037 18.4150 -2.1993 3.0146 11.8901 2.2993 -2.3114 -3.6991 -6.0098 6.3148 -11.1491 -9.6680 -0.0696 -0.0281 0.1347 0.6413 -10.4374 -3.7158 -0.7769 -10.4481 4.0121 3.2049 16.4222 -13.3765 -36.1311 -48.1212 -36.0023 -0.6127 -0.4626 -79.9215 26.6649 40.5855 31.1112 -16.8980 10.7678 16.0582 -60.4725 1.5290 2.5504 -5.6920 13.6398 15.0498 71.3217 -41.7921 -9.7334 1.2373 0.4719 91.9836 -30.9161 43.8013 -57.6717 16.9998 6.8832 -16.5576 50.7152 -3.6171 -5.5027 3.8805 4.5571 14.8029 0.0398 29.3506 -1.1220 -8.5374 -24.3814 5.9036 1.7990 -5.5276 -2.2592 9.0546 -40.3559 -29.3695 -0.3112 43.4459 -0.7226 -5.4045 -6.9813 -9.5986 -1.4017 0.6706 0.9240
-8.2511 91.9340 -90.0834 2.4701 2.2704 17.0097 1.9168 5.1028 -0.4038 0.5018 -3.2939 -1.1136 0.8953 18.3545 -2.3278 2.7169 12.4842 2.3052 -2.3112 -3.6981 -6.2318 6.3647 -10.6451 -9.8549 -0.0683 -0.0449 0.1279 0.6392 -10.4399 -3.7193 -0.7723 -10.4570 3.9995 2.8244 16.4224 -13.3004 -35.9290 -46.7627 -36.2425 -0.4700 -0.4251 -79.7078 25.7680 40.1954 30.2389 -17.0208 10.7677 16.0930 -60.4270 1.4964 2.5288 -5.6127 13.8977 15.0578 70.6269 -41.5004 -9.4158 1.1885 0.6046 91.5018 -30.1856 43.5585 -56.9614 17.1690 6.8567 -16.5595 50.8403 -3.5918 -5.5358 3.5579 4.8799 14.8623 0.0401 28.8243 -1.0275 -8.8053 -25.5738 5.7283 1.7699 -4.5174 -2.2278 8.3577 -40.4163 -29.2033 -0.3158 42.7913 -0.7170 -5.5589 -5.8881 -9.9683 -1.3989 0.6251 0.9403
-8.1847 91.9613 -91.2127 2.5808 1.5350 17.5670 1.7223 4.9459 -0.4115 0.4182 -3.3853 -1.0428 0.5257 18.2142 -2.4484 2.4871 13.1285 2.3314 -2.3157 -3.7046 -6.4406 6.4084 -10.0596 -10.0732 -0.0701 -0.0592 0.1344 0.6336 -10.4570 -3.7117 -0.7704 -10.4811 4.0040 2.6114 16.4517 -13.1323 -35.7443 -45.2508 -36.8698 -0.3314 -0.3561 -79.8074 24.7577 40.0992 29.4287 -17.0701 10.7739 16.1285 -60.3936 1.4815 2.5600 -5.5361 14.1399 15.0388 69.7254 -40.7836 -9.1652 1.0204 0.7911 90.9111 -28.6245 43.1305 -55.5826 17.3437 6.8402 -16.5417 50.9163 -3.5892 -5.5315 3.4067 4.9872 14.7722 0.0330 28.8265 -0.9844 -9.0199 -26.4287 5.4857 1.7522 -3.9126 -2.2130 7.7528 -40.1210 -29.2509 -0.3144 41.8704 -0.7105 -5.6549 -4.7257 -10.3197 -1.3973 0.6222 0.9459
-8.1727 92.0182 -92.3112 2.5586 0.7682 18.3156 1.5048 4.7858 -0.4285 0.3263 -3.4649 -0.9539 0.2084 17.9824 -2.5251 2.3947 13.7570 2.3554 -2.3395 -3.7097 -6.6766 6.4192 -9.3817 -10.3208 -0.0687 -0.0645 0.1332 0.6348 -10.4699 -3.7148 -0.7693 -10.5012 4.0031 2.5553 16.4455 -12.9442 -35.6208 -43.5726 -37.9370 -0.1617 -0.2402 -80.2290 23.6815 40.3172 28.5945 -17.0767 10.7374 16.1072 -60.3461 1.4747 2.5443 -5.3132 14.3869 14.9619 68.6502 -39.7147 -9.1004 0.7578 0.9978 90.1957 -26.4251 42.5140 -53.6983 17.5212 6.8183 -16.5230 50.9581 -3.6124 -5.5473 3.4026 4.8514 14.5003 0.0266 29.1890 -0.9614 -9.0643 -27.0592 5.2348 1.7404 -3.4696 -2.2073 7.2802 -39.5307 -29.4836 -0.3206 40.6499 -0.7225 -5.7971 -3.4885 -10.7510 -1.4007 0.6415 0.9389
-8.2443 92.0814 -93.4629 2.4046 -0.0073 19.2430 1.2668 4.6376 -0.4309 0.2392 -3.5401 -0.8773 -0.0711 17.7260 -2.5737 2.4708 14.3670 2.3403 -2.4035 -3.7206 -6.8634 6.4183 -8.5881 -10.5812 -0.0653 -0.0608 0.1286 0.6401 -10.4641 -3.7189 -0.7683 -10.5030 3.9967 2.6477 16.3936 -12.7152 -35.6224 -41.9959 -39.3280 -0.0341 -0.1967 -80.9429 22.9095 41.1600 27.8960 -17.0779 10.6844 16.0446 -60.3047 1.4606 2.5165 -4.9567 14.6635 14.8691 67.6438 -38.5535 -9.4239 0.4756 1.1681 89.3337 -24.1232 41.6587 -51.6017 17.5820 6.7871 -16.4672 50.8807 -3.6493 -5.5203 3.5326 4.4638 14.0301 0.0174 29.9083 -0.9397 -8.9368 -27.5691 4.9920 1.7327 -3.1194 -2.1911 6.9252 -38.7447 -29.8218 -0.3337 39.2258 -0.7488 -5.9465 -2.2205 -11.3252 -1.4084 0.6929 0.9456
-8.3595 92.1376 -94.6894 2.2059 -0.7867 20.2555 1.0108 4.5046 -0.4148 0.1516 -3.6216 -0.7981 -0.3708 17.4842 -2.5921 2.6886 15.0259 2.3058 -2.4861 -3.7408 -7.0387 6.4121 -7.7776 -10.8318 -0.0606 -0.0530 0.1203 0.6490 -10.4502 -3.7235 -0.7689 -10.4973 3.9844 2.8031 16.2905 -12.4759 -35.7029 -40.6686 -40.8969 -0.0204 -0.2310 -81.6892 22.5239 42.4800 27.2708 -17.1034 10.6505 15.9925 -60.2900 1.4568 2.4832 -4.5170 14.9228 14.7592 66.6563 -37.3630 -9.9642 0.1778 1.2287 88.2702 -21.9254 40.4723 -49.4731 17.5183 6.7496 -16.4328 50.6825 -3.7078 -5.4888 3.6659 3.9481 13.3835 0.0123 30.8259 -0.8900 -8.6754 -28.0541 4.7939 1.7247 -2.7423 -2.1760 6.5953 -37.8953 -30.1562 -0.3288 37.7160 -0.7543 -6.1358 -0.9377 -11.9959 -1.4185 0.7341 0.9672
-8.5314 92.1762 -95.8736 2.0040 -1.5892 21.1850 0.7318 4.3537 -0.3948 0.0553 -3.7048 -0.6611 -0.7020 17.3204 -2.5855 2.9473 15.7298 2.2430 -2.5503 -3.7593 -7.1663 6.4263 -6.9463 -10.9984 -0.0583 -0.0483 0.1164 0.6539 -10.4378 -3.7212 -0.7701 -10.4925 3.9741 2.8983 16.1727 -12.1543 -35.7712 -39.5992 -42.6105 -0.0995 -0.2687 -82.2607 22.4410 44.0426 26.6212 -17.1576 10.5985 15.9471 -60.2576 1.4385 2.4668 -4.0392 15.2097 14.6890 65.6848 -36.2603 -10.6312 -0.0915 1.3035 87.0050 -19.8139 39.1773 -47.4158 17.3869 6.7248 -16.3895 50.5058 -3.7247 -5.4138 3.7023 3.4140 12.6139 0.0090 31.7930 -0.8343 -8.3638 -28.4980 4.7447 1.7193 -2.3791 -2.1678 6.2307 -36.9776 -30.3591 -0.3098 36.0406 -0.7399 -6.4065 0.4552 -12.7423 -1.4259 0.7593 0.9886
-8.6607 92.1893 -97.1352 1.8216 -2.4392 22.0643 0.4338 4.2074 -0.3467 -0.0549 -3.7880 -0.5267 -1.0684 17.2369 -2.5311 3.2494 16.5427 2.1346 -2.5973 -3.7673 -7.1905 6.4980 -6.0861 -11.1057 -0.0556 -0.0454 0.1110 0.6589 -10.4382 -3.7221 -0.7710 -10.5012 3.9653 2.9278 16.0902 -11.7921 -35.6959 -38.7368 -44.4413 -0.2364 -0.3259 -82.5723 22.5335 45.7031 25.9687 -17.1367 10.5167 15.8764 -60.1896 1.4034 2.4388 -3.6022 15.5559 14.6791 64.7525 -35.2168 -11.3600 -0.2798 1.2695 85.5842 -17.7726 37.8112 -45.5655 17.2746 6.7237 -16.3760 50.3781 -3.7273 -5.3693 3.6150 2.8784 11.7687 0.0016 32.8318 -0.7874 -7.9883 -28.9651 4.8557 1.7126 -2.0108 -2.1710 5.8296 -36.0217 -30.4835 -0.3008 34.1859 -0.7452 -6.7897 2.0187 -13.4963 -1.4330 0.7575 1.0011
-8.7998 92.1860 -98.4354 1.6873 -3.2821 22.8356 0.1277 4.0676 -0.2907 -0.1682 -3.8543 -0.3615 -1.4645 17.1980 -2.4267 3.5933 17.3766 2.0036 -2.6257 -3.7704 -7.1428 6.5921 -5.2276 -11.1636 -0.0571 -0.0450 0.1126 0.6584 -10.4400 -3.7165 -0.7746 -10.5081 3.9653 2.8925 16.0508 -11.4065 -35.5509 -38.0045 -46.2226 -0.4148 -0.2174 -82.6632 22.7362 47.2909 25.3431 -17.1414 10.4530 15.8270 -60.1288 1.4097 2.4681 -3.2365 15.8870 14.6793 63.8217 -34.1240 -11.9566 -0.4249 1.2447 84.1840 -15.7130 36.5973 -44.0127 17.2534 6.6909 -16.3559 50.2955 -3.7358 -5.3443 3.3786 2.3355 10.8657 0.0050 33.8558 -0.7127 -7.5594 -29.3271 5.0573 1.7098 -1.6961 -2.1837 5.3878 -35.0112 -30.5461 -0.2915 32.1028 -0.7386 -7.1866 3.7383 -14.2069 -1.4363 0.7695 1.0069
-8.9674 92.1916 -99.9252 1.5570 -4.1188 23.5313 -0.1734 3.9329 -0.2320 -0.2833 -3.8982 -0.1692 -1.8475 17.2134 -2.2892 3.9692 18.1468 1.8718 -2.6782 -3.7739 -7.0309 6.7448 -4.3896 -11.1968 -0.0636 -0.0484 0.1276 0.6511 -10.4563 -3.6999 -0.7817 -10.5270 3.9822 2.7946 16.0541 -10.9843 -35.3110 -37.3182 -47.9261 -0.5402 -0.1107 -82.6990 22.9833 48.9028 24.8413 -17.1612 10.3954 15.7467 -60.0487 1.4237 2.4713 -2.9435 16.2519 14.7130 62.9278 -32.9896 -12.4089 -0.6532 1.2468 83.0411 -13.6915 35.5407 -42.7026 17.2411 6.6813 -16.3782 50.2640 -3.7753 -5.3483 3.0409 1.6912 9.9036 0.0151 35.0272 -0.6272 -7.0633 -29.6041 5.3271 1.7068 -1.4580 -2.1874 4.9696 -33.9334 -30.6114 -0.2668 29.7323 -0.7186 -7.6482 5.7349 -14.8664 -1.4378 0.8092 1.0128
-9.1605 92.1840 -101.4888 1.4446 -4.9137 24.1768 -0.4841 3.8300 -0.1436 -0.3945 -3.9231 -0.0096 -2.1808 17.2333 -2.0945 4.3527 18.8090 1.7381 -2.7016 -3.7568 -6.8775 6.9385 -3.6141 -11.2103 -0.0694 -0.0478 0.1417 0.6495 -10.4712 -3.6827 -0.7930 -10.5441 3.9976 2.6979 16.0194 -10.5486 -35.0862 -36.5472 -49.5132 -0.5949 -0.0515 -82.7327 23.1511 50.4560 24.4494 -17.1434 10.3566 15.6566 -60.0057 1.4521 2.4332 -2.6958 16.6534 14.7735 62.1393 -31.8125 -12.8281 -0.9026 1.1338 82.2457 -11.9917 34.8065 -41.7382 17.2299 6.6913 -16.3998 50.2925 -3.8153 -5.3728 2.5928 0.9340 8.8851 0.0186 36.2823 -0.5475 -6.5368 -29.8545 5.6633 1.7024 -1.2142 -2.1943 4.5539 -32.8645 -30.6689 -0.2463 27.1838 -0.7080 -8.1044 7.9286 -15.3960 -1.4396 0.8892 1.0152
-9.3189 92.1414 -103.1251 1.3656 -5.6669 24.8411 -0.8247 3.7364 -0.1032 -0.5089 -3.9306 0.2190 -2.4734 17.2584 -1.8992 4.7558 19.3496 1.5904 -2.6882 -3.7316 -6.7383 7.2017 -2.9220 -11.1865 -0.0733 -0.0384 0.1529 0.6507 -10.4806 -3.6760 -0.8023 -10.5529 4.0134 2.6212 15.9053 -10.1382 -34.8627 -35.6216 -51.0063 -0.6230 0.0229 -82.7197 23.2855 51.9824 24.2344 -17.1690 10.2841 15.5589 -59.9714 1.4407 2.3823 -2.4841 17.0479 14.8001 61.4921 -30.6132 -13.2049 -1.1420 1.0810 81.6817 -10.3927 34.1997 -40.9349 17.2235 6.7045 -16.4265 50.3616 -3.8321 -5.3809 2.0194 0.0515 7.8114 0.0170 37.5688 -0.4683 -5.9544 -30.0055 6.0299 1.7028 -0.9515 -2.2065 4.1284 -31.7749 -30.7819 -0.2033 24.3606 -0.6943 -8.5535 10.4090 -15.8584 -1.4432 0.9524 1.0163
-9.4818 92.1100 -104.8950 1.3268 -6.3767 25.5047 -1.1737 3.6727 -0.0276 -0.6153 -3.9244 0.4141 -2.7535 17.2917 -1.6904 5.1811 19.7767 1.4149 -2.6490 -3.7164 -6.5630 7.5175 -2.3943 -11.0875 -0.0723 -0.0235 0.1573 0.6573 -10.4932 -3.6811 -0.8078 -10.5620 4.0281 2.5468 15.8057 -9.7408 -34.3778 -34.5364 -52.5817 -0.6054 0.1458 -82.6401 23.2349 53.3811 24.1003 -17.2231 10.1814 15.4664 -59.9295 1.3861 2.3578 -2.3336 17.3622 14.8034 60.9357 -29.3822 -13.5696 -1.3105 1.0741 81.3465 -8.7586 33.5441 -40.2148 17.1928 6.6973 -16.4177 50.3883 -3.8241 -5.3447 1.3428 -0.9408 6.8117 0.0171 38.8264 -0.3974 -5.3516 -30.0639 6.3473 1.7015 -0.6897 -2.2092 3.6329 -30.6698 -30.8674 -0.1340 21.2090 -0.6768 -8.8731 13.3588 -16.1640 -1.4491 0.9457 1.0412
-9.6327 92.0749 -106.7152 1.3675 -7.0866 26.1053 -1.5258 3.6752 0.1011 -0.7295 -3.8955 0.5821 -3.0054 17.3854 -1.4678 5.6609 20.0687 1.1123 -2.6836 -3.6638 -6.1369 7.8277 -2.1332 -10.9963 -0.0906 0.0040 0.2117 0.6453 -10.4832 -3.6301 -0.8326 -10.5536 4.0903 2.4408 15.8420 -9.4356 -33.4135 -33.1842 -54.3306 -0.3678 0.3743 -82.5371 23.1441 54.1640 24.1084 -17.4071 10.0807 15.3605 -59.9681 1.3537 2.3598 -2.1798 17.6186 14.7557 60.3981 -28.2294 -13.9915 -1.3246 1.1872 81.3568 -7.0535 32.4922 -39.5372 17.2147 6.6376 -16.3477 50.3350 -3.8394 -5.2728 0.5361 -1.9602 5.8977 0.0150 39.9917 -0.3287 -4.7145 -29.9569 6.6689 1.6977 -0.3209 -2.2425 2.9494 -29.5553 -30.8708 -0.0263 17.7535 -0.6513 -8.6593 16.8759 -16.2230 -1.4656 0.8337 1.0136
-9.7875 92.1563 -108.6585 1.5482 -7.6826 26.5536 -1.9130 3.6997 0.2585 -0.8397 -3.8483 0.6798 -3.2748 17.5222 -1.2961 6.0512 20.1728 1.0218 -2.5712 -3.6659 -5.8635 8.1186 -1.9929 -10.8088 -0.0674 0.0134 0.1534 0.6724 -10.5039 -3.6960 -0.8137 -10.5735 4.0330 2.5299 15.8444 -8.9515 -32.6490 -32.0383 -55.6858 -0.3526 0.6995 -82.6096 23.0852 55.3037 24.3910 -17.6158 9.8876 15.2174 -59.9374 1.3712 2.2920 -2.1044 18.0188 14.8308 60.0693 -27.4180 -14.4165 -1.2412 1.3002 81.4565 -5.5528 31.5962 -38.9740 17.4043 6.5484 -16.2590 50.3366 -3.8254 -5.2998 -0.4596 -2.8879 5.3239 0.0017 40.6099 -0.2540 -3.8002 -29.4633 6.6736 1.6917 -0.1904 -2.1979 1.9785 -28.8113 -30.5593 0.1139 14.5893 -0.5177 -7.1278 21.0434 -15.4422 -1.4533 0.6947 1.0340
-9.8740 92.2864 -110.5883 1.6608 -8.2007 26.6850 -2.1709 3.8277 0.3976 -0.8865 -3.8007 0.8559 -3.4379 17.6464 -1.0915 6.1562 20.2495 0.9434 -2.4790 -3.6922 -5.5257 8.4713 -2.0507 -10.6511 -0.0740 0.0142 0.1745 0.6652 -10.5169 -3.6781 -0.8206 -10.5908 4.0618 2.4899 15.7902 -8.5632 -31.8296 -30.7364 -56.7310 -0.1231 0.9492 -82.8455 22.8352 55.9347 24.3498 -17.6336 9.7951 15.1801 -60.0148 1.3389 2.3022 -2.1651 18.4079 14.9421 59.8314 -26.7306 -14.6350 -1.2818 1.2887 81.6501 -4.5769 30.9911 -38.5427 17.4037 6.5760 -16.2051 50.4152 -3.8092 -5.2599 -1.2878 -3.7623 5.2341 0.0194 40.9713 -0.1404 -2.9854 -28.8153 6.6728 1.6885 0.0092 -2.1825 0.9588 -28.2540 -30.1503 0.2381 11.8478 -0.4313 -3.8136 25.1939 -13.1421 -1.4306 0.5024 1.0783
-9.9786 92.5066 -112.5337 1.7032 -8.5901 26.6459 -2.3441 4.0203 0.5311 -0.8730 -3.7436 1.0230 -3.5598 17.7721 -0.9633 6.1284 20.2476 0.9715 -2.3482 -3.7133 -5.1935 8.7850 -2.3280 -10.4394 -0.0773 0.0178 0.1886 0.6566 -10.5227 -3.6660 -0.8191 -10.5997 4.0805 2.4858 15.7712 -8.1321 -31.3150 -29.7584 -57.2674 0.1317 1.1556 -83.4105 23.2491 56.4473 24.7316 -17.6727 9.7341 15.1533 -60.1072 1.3183 2.2787 -2.2886 18.7144 15.1163 59.7876 -26.3321 -14.7813 -1.3092 1.2831 81.8420 -4.0663 30.7761 -38.3178 17.4520 6.5901 -16.1584 50.5172 -3.7981 -5.2097 -1.9787 -4.5733 5.4794 0.0356 40.9217 -0.0617 -2.0899 -27.8415 6.5654 1.6824 0.1332 -2.1702 -0.0779 -27.9226 -29.7466 0.3500 9.8596 -0.3374 1.8171 28.9394 -9.3463 -1.3950 0.3400 1.1269
-10.0893 92.8029 -114.4970 1.6808 -8.8168 26.4362 -2.4542 4.2629 0.5960 -0.8377 -3.6785 1.2154 -3.6434 17.9117 -0.8857 6.0077 20.1254 1.0508 -2.1940 -3.7206 -4.8638 9.0531 -2.7327 -10.1525 -0.0807 0.0250 0.1986 0.6421 -10.5169 -3.6563 -0.8109 -10.5916 4.0903 2.5005 15.7553 -7.6817 -31.1527 -29.0912 -57.3084 0.4826 1.2938 -84.2196 24.6504 56.9392 25.6588 -17.6847 9.7686 15.1451 -60.2773 1.3101 2.2410 -2.5249 18.9926 15.3368 60.0500 -26.2549 -14.8803 -1.4016 1.2716 81.9061 -4.0858 30.7291 -38.1851 17.4910 6.6234 -16.1684 50.6104 -3.8557 -5.1889 -2.5532 -5.4187 5.9233 0.0467 40.6013 0.0029 -1.1966 -26.6324 6.4240 1.6739 0.1740 -2.1481 -1.0848 -27.7646 -29.2337 0.4306 8.6748 -0.2050 9.2104 31.2406 -4.6201 -1.3289 0.3815 1.1540
-10.2294 93.1204 -116.3963 1.5889 -8.8694 26.1629 -2.5103 4.5565 0.6518 -0.8128 -3.6023 1.3570 -3.6891 18.0480 -0.8250 5.8876 19.9081 1.1070 -2.0715 -3.7216 -4.4957 9.3025 -3.2012 -9.8683 -0.0853 0.0264 0.2106 0.6315 -10.5170 -3.6434 -0.8096 -10.5905 4.1024 2.5055 15.7856 -7.2747 -31.2611 -28.8072 -57.0684 0.8236 1.3481 -84.9542 26.9426 57.3754 27.0131 -17.6804 9.9150 15.1814 -60.5247 1.2978 2.1937 -2.8069 19.2604 15.5346 60.5473 -26.4828 -14.9722 -1.4836 1.2349 82.0068 -4.7189 30.8538 -38.3732 17.4254 6.6876 -16.1880 50.6755 -3.8993 -5.1422 -2.9960 -6.3418 6.4239 0.0501 40.1426 0.0712 -0.3702 -25.3702 6.2838 1.6641 0.1559 -2.1174 -1.9351 -27.8339 -28.6501 0.4813 8.7766 -0.0527 16.0250 31.1451 -0.4065 -1.2591 0.4387 1.1757
-10.4266 93.4289 -118.2739 1.3616 -8.7403 25.8794 -2.4650 4.9051 0.6729 -0.7917 -3.5159 1.4590 -3.7101 18.2246 -0.7666 5.7920 19.5404 1.1561 -1.9198 -3.7037 -4.1819 9.5494 -3.8079 -9.5762 -0.0840 0.0274 0.2105 0.6289 -10.5233 -3.6444 -0.8045 -10.5953 4.1029 2.4069 15.8169 -6.9885 -31.5970 -28.8297 -56.5752 1.0875 1.3300 -85.4839 29.5360 57.7102 28.3410 -17.5628 10.1114 15.2934 -60.6730 1.3094 2.1710 -3.0019 19.4699 15.6484 61.1927 -27.0142 -15.0961 -1.5464 1.1541 82.2618 -5.7030 31.0360 -38.6355 17.3680 6.7865 -16.1976 50.7866 -3.8927 -5.1104 -3.2702 -7.4627 6.9229 0.0654 39.6661 0.1415 0.3787 -24.0858 6.0769 1.6530 0.1181 -2.0846 -2.5373 -28.1355 -27.9865 0.4994 10.5010 0.0766 19.6572 29.0585 1.9578 -1.2397 0.3318 1.1860
-10.7241 93.7522 -120.1540 0.9861 -8.4509 25.6753 -2.3187 5.3128 0.6477 -0.7655 -3.3998 1.5156 -3.7119 18.4711 -0.7082 5.7479 19.0354 1.1559 -1.7548 -3.6996 -3.8376 9.8020 -4.5951 -9.3087 -0.0782 0.0209 0.2049 0.6306 -10.5332 -3.6531 -0.7945 -10.6046 4.0980 2.1602 15.8988 -6.8318 -32.0692 -29.1262 -55.9562 1.2319 1.3841 -85.7975 32.2642 57.9094 29.4616 -17.3672 10.2821 15.4232 -60.6310 1.3271 2.1774 -3.1342 19.5287 15.6212 61.9940 -27.7590 -15.2138 -1.5719 1.1205 82.6896 -6.8350 31.1274 -38.8978 17.2924 6.8503 -16.2155 50.8583 -3.8715 -5.0889 -3.3857 -8.7908 7.3213 0.0974 39.1641 0.2327 1.0496 -22.6954 5.8013 1.6456 0.0975 -2.0545 -2.9867 -28.5324 -27.0876 0.4627 13.6730 0.1521 19.8873 25.4438 2.3102 -1.2885 0.1705 1.1892
-11.1194 94.0705 -122.0792 0.4860 -8.0421 25.5442 -2.0701 5.7928 0.6263 -0.7327 -3.2418 1.5193 -3.7428 18.7938 -0.7338 5.7995 18.3951 1.1491 -1.5832 -3.6806 -3.4733 10.0507 -5.5806 -9.0787 -0.0684 0.0148 0.1894 0.6299 -10.5240 -3.6665 -0.7740 -10.5987 4.0771 1.7817 16.0311 -6.7992 -32.6444 -29.7251 -55.1691 1.1876 1.5077 -85.9993 34.9573 57.8701 30.4376 -17.1982 10.4058 15.5575 -60.4290 1.3435 2.2394 -3.2200 19.4706 15.4937 63.0417 -28.7269 -15.5561 -1.3950 1.1154 83.3791 -7.9880 31.1927 -39.0826 17.2499 6.8829 -16.2387 50.8650 -3.8438 -5.0925 -3.3625 -10.2878 7.6366 0.1332 38.6449 0.3110 1.6489 -21.2272 5.4159 1.6406 0.0443 -2.0364 -3.2983 -28.8604 -26.1288 0.3917 17.7266 0.2137 18.1693 21.4930 1.5043 -1.3595 -0.0267 1.1943
-11.5623 94.4037 -123.9454 -0.1013 -7.4996 25.5339 -1.7677 6.3695 0.5736 -0.7012 -3.0620 1.4534 -3.7625 19.1358 -0.7771 5.9062 17.6956 1.1232 -1.3699 -3.6560 -3.1533 10.3155 -6.6570 -8.8869 -0.0593 0.0134 0.1719 0.6296 -10.5232 -3.6797 -0.7552 -10.6023 4.0524 1.3952 16.1894 -6.9361 -33.3598 -30.5575 -54.1630 1.0426 1.5049 -86.1934 37.4595 57.6502 31.2572 -17.0019 10.4774 15.6494 -60.1275 1.3558 2.3316 -3.2879 19.4131 15.2962 64.3686 -29.8049 -16.1660 -1.0569 0.9623 84.3972 -9.2395 31.3060 -39.3139 17.1938 6.8935 -16.2311 50.8247 -3.8183 -5.0642 -3.2460 -11.9633 7.8647 0.1702 38.1145 0.3814 2.1998 -19.7134 4.9257 1.6334 -0.0093 -2.0236 -3.4345 -28.9855 -25.3177 0.2864 22.1634 0.2289 15.9629 17.4633 0.2640 -1.4139 -0.2210 1.1919
-12.0981 94.7138 -125.8225 -0.6967 -6.8094 25.5812 -1.4831 6.9958 0.4954 -0.6800 -2.8490 1.3828 -3.7843 19.4448 -0.8450 6.1024 17.0617 1.0480 -1.1694 -3.6311 -2.8563 10.6152 -7.7891 -8.7306 -0.0529 0.0163 0.1591 0.6306 -10.5197 -3.6870 -0.7427 -10.5987 4.0313 1.0800 16.3924 -7.1842 -33.9647 -31.4570 -53.1950 0.8905 1.4097 -86.3412 39.5389 57.1935 31.7395 -16.8213 10.5184 15.7013 -59.8128 1.3829 2.3902 -3.3525 19.3819 15.0598 65.9073 -30.8311 -16.9401 -0.6929 0.7607 85.7277 -10.3377 31.5180 -39.6330 17.1050 6.8749 -16.1978 50.7111 -3.8100 -5.0591 -3.1159 -13.7604 8.0673 0.1958 37.5173 0.4255 2.6576 -18.1981 4.4159 1.6292 -0.0655 -2.0173 -3.3229 -28.9615 -24.7613 0.2068 26.8088 0.2521 13.6220 13.2107 -1.2258 -1.4509 -0.3867 1.1823
-12.6637 94.9915 -127.6295 -1.2401 -5.9672 25.6678 -1.2437 7.5942 0.3938 -0.6729 -2.6371 1.3112 -3.8083 19.7640 -0.9265 6.3376 16.5045 0.9388 -1.0143 -3.6091 -2.5968 10.9258 -8.8720 -8.5904 -0.0481 0.0215 0.1500 0.6321 -10.5192 -3.6929 -0.7342 -10.5957 4.0163 0.8089 16.5842 -7.5386 -34.1621 -32.2698 -52.3991 0.7501 1.2063 -86.3795 40.9099 56.5461 31.8069 -16.6334 10.5680 15.7357 -59.6041 1.4311 2.4183 -3.3958 19.3727 14.7868 67.3869 -31.7649 -17.5898 -0.4223 0.5701 87.2108 -11.2079 31.9204 -40.1603 17.0066 6.8732 -16.1672 50.5642 -3.8245 -5.0677 -3.0253 -15.6272 8.2465 0.2038 36.7961 0.4496 3.0177 -16.6737 3.8782 1.6266 -0.1397 -2.0085 -3.0226 -28.7357 -24.3119 0.1274 31.4409 0.2231 10.9330 8.6928 -3.2390 -1.4769 -0.4886 1.1702
-13.2446 95.2628 -129.3547 -1.7161 -4.9927 25.6731 -1.0427 8.1575 0.2844 -0.6809 -2.4449 1.2571 -3.8332 20.0931 -1.0122 6.5585 16.0135 0.8511 -0.8734 -3.5951 -2.3819 11.1836 -9.8522 -8.4279 -0.0462 0.0284 0.1463 0.6312 -10.5417 -3.6978 -0.7293 -10.6101 4.0133 0.6085 16.7651 -7.9584 -33.8848 -33.0323 -51.7649 0.6697 0.9092 -86.2922 41.4690 55.7611 31.6258 -16.4569 10.6718 15.7537 -59.4915 1.4879 2.3879 -3.4006 19.3735 14.5260 68.6315 -32.6441 -17.9908 -0.2641 0.3100 88.7244 -11.9151 32.4396 -40.8641 16.9436 6.9241 -16.1516 50.5064 -3.8351 -5.0500 -2.9965 -17.5925 8.4587 0.1959 36.0155 0.4457 3.3020 -15.1339 3.3754 1.6246 -0.2175 -2.0061 -2.5184 -28.3820 -23.9821 0.0484 36.3175 0.1507 8.5162 3.9620 -5.5798 -1.4908 -0.5447 1.1444
-13.8439 95.5092 -131.0165 -2.1024 -3.8860 25.5096 -0.8709 8.6230 0.2064 -0.6910 -2.2645 1.2258 -3.8551 20.3679 -1.1156 6.6681 15.5494 0.8030 -0.7599 -3.5769 -2.1868 11.3659 -10.6733 -8.2703 -0.0449 0.0331 0.1471 0.6298 -10.5520 -3.6974 -0.7259 -10.6140 4.0155 0.3600 16.8873 -8.3746 -33.1956 -33.5918 -51.3421 0.6866 0.6240 -85.9935 41.1044 54.7716 31.1543 -16.3423 10.7416 15.7823 -59.3806 1.5058 2.3695 -3.3914 19.3303 14.3858 69.6432 -33.5388 -18.2454 -0.0693 0.0757 90.0156 -12.2748 32.9789 -41.5454 16.9354 6.9198 -16.1172 50.3764 -3.8481 -5.0094 -3.0506 -19.6042 8.7312 0.1737 35.1492 0.4272 3.5218 -13.5446 3.0340 1.6256 -0.3125 -1.9881 -1.8282 -27.9745 -23.7652 -0.0554 41.3724 0.0059 6.7660 -0.5415 -7.9467 -1.4987 -0.6045 1.1223
-14.4753 95.7009 -132.6916 -2.3708 -2.7116 25.0312 -0.7315 8.9780 0.1261 -0.7119 -2.0978 1.2638 -3.8717 20.5864 -1.2048 6.5900 15.0896 0.8411 -0.6781 -3.5754 -2.0101 11.4646 -11.2755 -8.0980 -0.0476 0.0329 0.1541 0.6231 -10.5637 -3.6926 -0.7249 -10.6197 4.0237 0.0524 16.9372 -8.7542 -32.2566 -34.0086 -51.0257 0.8113 0.3389 -85.4851 39.9023 53.4651 30.3682 -16.2660 10.8088 15.8281 -59.3012 1.4870 2.3273 -3.4348 19.2400 14.4052 70.4570 -34.5529 -18.2926 0.1172 -0.0852 90.9285 -12.4727 33.5355 -42.2059 16.9507 6.9135 -16.1030 50.3027 -3.8400 -4.9932 -3.2214 -21.6256 9.1257 0.1490 34.2480 0.4021 3.6682 -11.9001 2.9607 1.6289 -0.4300 -1.9748 -1.0888 -27.4263 -23.5147 -0.1846 46.5080 -0.2051 5.8047 -4.3529 -10.0675 -1.5030 -0.7188 1.0993
-15.0631 95.7981 -134.3398 -2.4865 -1.6032 24.1340 -0.6322 9.2416 0.0991 -0.7420 -1.9696 1.3261 -3.9044 20.7469 -1.2527 6.2857 14.6502 0.9829 -0.6120 -3.5780 -1.8897 11.4674 -11.6507 -7.9096 -0.0528 0.0296 0.1607 0.6177 -10.5772 -3.6879 -0.7308 -10.6278 4.0335 -0.2660 16.9031 -9.0862 -31.3599 -34.4682 -50.6049 0.9062 0.1163 -84.7783 38.0853 51.8492 29.3009 -16.1576 10.8856 15.8512 -59.2519 1.4932 2.2612 -3.6020 19.1590 14.5818 71.0225 -35.7579 -18.0843 0.2828 -0.2628 91.3724 -12.7238 34.0285 -42.9041 16.9820 6.9298 -16.1191 50.2745 -3.8250 -4.9687 -3.5293 -23.5738 9.7080 0.1259 33.4768 0.3800 3.7495 -10.3543 3.1968 1.6278 -0.5308 -1.9825 -0.5270 -26.6319 -23.1090 -0.3276 51.4391 -0.4618 5.5970 -7.1155 -11.4919 -1.5086 -0.8993 1.0790
-15.5573 95.7864 -135.8518 -2.4066 -0.6501 22.8822 -0.5900 9.4208 0.1001 -0.7748 -1.8701 1.3956 -3.9733 20.8415 -1.2606 5.7820 14.2009 1.1980 -0.5496 -3.5845 -1.8436 11.3532 -11.8517 -7.6649 -0.0581 0.0219 0.1630 0.6135 -10.5921 -3.6868 -0.7383 -10.6400 4.0389 -0.6416 16.7829 -9.3694 -30.6259 -34.9666 -50.0265 0.9607 -0.0020 -83.9640 35.9935 49.9740 28.1266 -16.0437 10.9529 15.8514 -59.2303 1.4720 2.2009 -3.9099 19.0409 14.8668 71.4083 -37.1711 -17.6634 0.4054 -0.3410 91.3692 -12.9754 34.5289 -43.6737 16.9870 6.9485 -16.1608 50.2716 -3.7862 -4.9662 -4.0386 -25.3505 10.4478 0.1307 32.9036 0.3821 3.8710 -8.9688 3.7596 1.6273 -0.6235 -1.9984 -0.3466 -25.4620 -22.4610 -0.4667 55.8872 -0.7079 5.7925 -8.9307 -12.2609 -1.5173 -1.1852 1.0686
-16.0016 95.6519 -137.2880 -2.1402 0.0849 21.3393 -0.5978 9.5215 0.1068 -0.8199 -1.7937 1.5252 -4.0815 20.8991 -1.2599 5.1661 13.7690 1.4416 -0.5174 -3.5904 -1.8037 11.1801 -11.9971 -7.4239 -0.0608 0.0128 0.1596 0.6155 -10.5884 -3.6900 -0.7467 -10.6365 4.0353 -1.0121 16.6666 -9.5564 -30.0443 -35.5423 -49.3885 1.0376 -0.0665 -83.1528 33.9324 48.0348 26.8798 -15.9736 11.0382 15.8501 -59.2561 1.4529 2.1505 -4.3294 18.9038 15.2216 71.6873 -38.7040 -17.1352 0.4560 -0.4149 91.1778 -13.4947 34.9123 -44.5301 16.9769 6.9653 -16.1928 50.2713 -3.7699 -4.9611 -4.7183 -26.9197 11.2975 0.1496 32.5998 0.3946 4.0941 -7.8088 4.6919 1.6275 -0.6538 -2.0205 -0.6099 -23.8793 -21.5922 -0.5370 59.5970 -0.8313 6.1375 -9.9360 -12.4209 -1.5232 -1.6010 1.0655
-16.3555 95.4018 -138.5121 -1.7071 0.6006 19.6530 -0.6476 9.5867 0.1032 -0.8611 -1.7608 1.6467 -4.2253 20.8926 -1.1714 4.5314 13.3903 1.6709 -0.5061 -3.5955 -1.7730 10.9575 -12.1014 -7.1730 -0.0633 0.0026 0.1544 0.6187 -10.5790 -3.6925 -0.7558 -10.6268 4.0274 -1.3067 16.4692 -9.7215 -29.8577 -36.1599 -48.5543 1.1101 -0.1525 -82.4225 32.1242 46.1775 25.5308 -15.9021 11.1365 15.8798 -59.3497 1.4578 2.1237 -4.7869 18.7983 15.5576 71.8645 -40.2264 -16.5157 0.4269 -0.4342 90.9754 -14.1683 35.1228 -45.3980 16.9564 6.9891 -16.2509 50.2691 -3.7616 -5.0010 -5.5266 -28.2936 12.1826 0.1865 32.6037 0.4148 4.4133 -6.8764 5.8717 1.6276 -0.6027 -2.0342 -1.2475 -21.8989 -20.5743 -0.5306 62.3388 -0.8084 6.6152 -10.4923 -12.0752 -1.5283 -2.0477 1.0748
-16.6902 95.0599 -139.7068 -1.1612 0.9564 17.9126 -0.7116 9.5978 0.1173 -0.9031 -1.7629 1.7953 -4.3840 20.8331 -1.0758 3.9180 13.0699 1.8805 -0.4945 -3.6108 -1.7356 10.7135 -12.2018 -6.9382 -0.0672 -0.0072 0.1571 0.6208 -10.5599 -3.6884 -0.7670 -10.6097 4.0293 -1.5668 16.2446 -9.8973 -29.9473 -36.8146 -47.5663 1.1362 -0.2042 -81.7879 30.5985 44.4455 24.2350 -15.8609 11.2200 15.9190 -59.4141 1.4752 2.1220 -5.2467 18.7004 15.8743 71.9081 -41.6513 -15.8639 0.4070 -0.4129 90.7710 -14.8287 35.0568 -46.0893 16.9559 6.9879 -16.3001 50.2626 -3.7718 -5.0462 -6.4041 -29.5171 13.0946 0.2379 32.8111 0.4475 4.7583 -6.0817 7.1843 1.6279 -0.5189 -2.0322 -2.0813 -19.6349 -19.5215 -0.4538 63.9226 -0.6586 7.2272 -10.8359 -11.3051 -1.5311 -2.5804 1.0905
-17.0019 94.7087 -140.8051 -0.5793 1.1861 16.1351 -0.7610 9.5311 0.1634 -0.9190 -1.7928 1.9030 -4.5578 20.7176 -0.9896 3.3300 12.7884 2.0858 -0.4677 -3.6319 -1.6298 10.4282 -12.2603 -6.6849 -0.0747 -0.0194 0.1707 0.6128 -10.5481 -3.6748 -0.7759 -10.6024 4.0473 -1.8330 16.0289 -10.1113 -30.4144 -37.4982 -46.2405 1.0761 -0.2430 -81.3246 29.4885 42.9070 23.1669 -15.8569 11.2888 16.0006 -59.4374 1.4663 2.1371 -5.6592 18.6242 16.1686 71.5953 -42.8533 -14.8944 0.3418 -0.3559 90.4966 -15.2483 34.7764 -46.4878 16.9849 6.9904 -16.3861 50.3107 -3.7651 -5.0954 -7.2331 -30.5843 13.9532 0.2809 33.0878 0.4742 5.0750 -5.3599 8.5753 1.6316 -0.4568 -2.0160 -2.9387 -17.1667 -18.5755 -0.3389 64.2270 -0.4118 7.9946 -11.1806 -10.2480 -1.5289 -3.2064 1.1065
-17.3078 94.3767 -141.8804 0.0359 1.3180 14.3458 -0.8123 9.3944 0.1732 -0.9349 -1.8648 2.0117 -4.7592 20.6029 -0.9351 2.8194 12.5049 2.2990 -0.4251 -3.6569 -1.4640 10.0942 -12.2450 -6.3345 -0.0802 -0.0294 0.1806 0.6050 -10.5483 -3.6677 -0.7792 -10.6078 4.0594 -2.0998 15.8043 -10.3827 -31.2207 -38.1486 -44.5980 1.0175 -0.3316 -80.9996 28.6801 41.5222 22.2005 -15.8667 11.3408 16.0568 -59.4043 1.4475 2.1482 -5.9342 18.5650 16.4565 70.8000 -43.8615 -13.4729 0.1986 -0.2677 90.1381 -15.4564 34.7629 -46.8805 17.0765 7.0010 -16.4723 50.4285 -3.7537 -5.1386 -8.0214 -31.4920 14.7956 0.3195 33.2910 0.4940 5.3939 -4.6576 10.0469 1.6343 -0.3999 -2.0060 -3.7894 -14.6168 -17.7697 -0.2138 63.1829 -0.1176 8.8644 -11.8027 -9.1150 -1.5159 -3.9951 1.1065
-17.6119 94.0676 -142.9604 0.6476 1.3046 12.5044 -0.8748 9.2225 0.2030 -0.9477 -1.9296 2.0874 -4.9500 20.4697 -0.9364 2.3331 12.1554 2.4797 -0.3697 -3.6753 -1.1702 9.7602 -12.1591 -5.9161 -0.0814 -0.0360 0.1823 0.6022 -10.5343 -3.6644 -0.7787 -10.5975 4.0582 -2.4300 15.6582 -10.7275 -32.1125 -38.6138 -42.8005 1.0334 -0.4175 -80.7801 27.9825 40.0839 21.1977 -15.8742 11.3590 16.0608 -59.4474 1.4326 2.0836 -6.0155 18.5218 16.7637 69.4939 -44.7214 -11.5657 0.0462 -0.1664 89.6060 -15.5619 35.1144 -47.3840 17.1835 7.0184 -16.5361 50.5723 -3.7307 -5.2013 -8.7230 -32.1417 15.6261 0.3510 33.3147 0.5145 5.7476 -3.9289 11.6300 1.6394 -0.3181 -2.0013 -4.5699 -12.1275 -17.0435 -0.1021 60.7686 0.1536 9.5109 -12.7686 -8.1767 -1.4985 -5.3271 1.0975
-17.9727 93.7617 -144.1579 1.1875 1.1315 10.7113 -0.9477 9.0344 0.2391 -0.9620 -1.9685 2.1287 -5.0815 20.3780 -1.0066 1.8831 11.7273 2.6453 -0.2812 -3.6731 -0.8202 9.4594 -12.0448 -5.4606 -0.0788 -0.0347 0.1790 0.6105 -10.5166 -3.6643 -0.7814 -10.5758 4.0491 -2.8353 15.5729 -11.0950 -32.7860 -38.8288 -41.1613 1.1486 -0.5207 -80.6007 27.5060 38.9861 20.3423 -15.8867 11.3440 16.0424 -59.6027 1.4413 2.0120 -5.9087 18.5160 17.0429 67.8646 -45.5028 -9.3846 -0.0495 -0.0798 88.9309 -15.6701 35.6298 -47.9489 17.2954 7.0299 -16.5624 50.6172 -3.7205 -5.2807 -9.2270 -32.5976 16.3891 0.3650 33.1985 0.5302 6.0792 -3.1385 13.1975 1.6426 -0.2255 -1.9833 -5.1621 -9.8826 -16.3297 -0.0558 57.4950 0.3151 9.8677 -14.3682 -7.7147 -1.4908 -7.3501 1.1036
-18.3980 93.4767 -145.3786 1.5972 0.8094 9.0939 -1.0086 8.8500 0.2622 -0.9979 -1.9922 2.1366 -5.1193 20.3121 -1.0926 1.5359 11.3553 2.7276 -0.1663 -3.6544 -0.4454 9.1710 -11.9070 -5.0255 -0.0757 -0.0240 0.1754 0.6211 -10.5057 -3.6675 -0.7855 -10.5575 4.0428 -3.2556 15.5181 -11.4966 -33.2620 -38.9413 -39.6997 1.2390 -0.6621 -80.4328 27.4234 38.3978 19.8511 -15.8195 11.3144 16.0235 -59.7409 1.4647 1.9855 -5.6711 18.5367 17.1977 66.1755 -46.1215 -7.0695 -0.0937 -0.1033 88.1797 -15.9850 36.0453 -48.5602 17.3871 7.0061 -16.5633 50.5644 -3.7187 -5.3250 -9.4529 -32.9492 17.0028 0.3624 33.0408 0.5421 6.3159 -2.2709 14.5852 1.6397 -0.1657 -1.9585 -5.4119 -8.0128 -15.6494 -0.0506 54.0715 0.3981 9.8703 -16.5872 -7.7851 -1.4963 -9.4001 1.1292
-18.8764 93.1902 -146.6702 1.8405 0.3279 7.7285 -0.9918 8.7337 0.2528 -1.0542 -2.0629 2.1362 -5.0474 20.2772 -1.1550 1.2898 11.2126 2.6828 -0.1200 -3.6653 -0.1457 8.9563 -11.8724 -4.6406 -0.0772 -0.0133 0.1873 0.6152 -10.4919 -3.6588 -0.7832 -10.5459 4.0612 -3.7507 15.6212 -12.0411 -33.3848 -39.1185 -38.4232 1.2102 -0.8534 -80.2327 27.6584 38.3780 19.7794 -15.7643 11.2938 16.1388 -59.8717 1.3687 2.0718 -5.4112 18.4544 17.2053 64.7350 -46.2754 -4.9186 -0.1436 -0.1243 87.5009 -16.4551 36.5257 -48.9867 17.4172 7.0435 -16.6240 50.6680 -3.6438 -5.3435 -9.3261 -33.2633 17.3250 0.3882 32.9122 0.5926 6.4148 -1.2965 15.7292 1.6388 -0.0877 -1.9720 -5.3454 -6.4077 -15.0296 -0.0563 50.9665 0.3566 9.6822 -19.7995 -8.4549 -1.5210 -9.9877 1.2080
-19.4539 93.0286 -147.9386 1.8837 -0.3143 6.5762 -0.9141 8.6370 0.2498 -1.0651 -2.0991 2.0301 -5.0431 20.2880 -1.2983 1.2066 11.2053 2.7110 0.0058 -3.6348 0.1297 8.7336 -11.8186 -4.1801 -0.0758 -0.0065 0.1838 0.6104 -10.4775 -3.6613 -0.7752 -10.5272 4.0563 -4.0804 15.6393 -12.4896 -33.8264 -39.5087 -36.9388 1.0783 -0.8104 -79.9859 28.2219 38.4244 20.0157 -15.7946 11.2661 16.1865 -59.9193 1.3979 2.1622 -5.0480 18.4662 17.1624 63.3055 -46.3460 -2.6876 -0.1589 -0.0123 86.9505 -16.7485 36.5784 -49.3325 17.4386 6.9936 -16.6040 50.6090 -3.6311 -5.3363 -8.9272 -33.2705 17.7263 0.3821 32.4957 0.5891 6.4429 -0.2198 16.4828 1.6426 -0.3072 -1.9817 -4.8986 -5.4007 -14.1379 -0.0915 49.1543 0.3233 9.2908 -22.1395 -9.1960 -1.5173 -8.8781 1.2235
-20.0986 92.9463 -149.2189 1.7686 -1.1088 5.5946 -0.8109 8.5634 0.2400 -1.0569 -2.1342 1.8810 -5.0146 20.3843 -1.4457 1.2190 11.4363 2.6649 0.1001 -3.6326 0.4702 8.5346 -11.6540 -3.7192 -0.0808 -0.0112 0.1913 0.5975 -10.4964 -3.6581 -0.7717 -10.5463 4.0695 -4.3215 15.7489 -12.9388 -34.3636 -39.9836 -35.5044 1.0387 -0.7427 -79.6581 29.0828 38.8536 20.5160 -15.9176 11.2694 16.2181 -59.9533 1.4010 2.2171 -4.6646 18.4984 16.9743 61.9991 -46.2130 -0.4849 -0.2156 0.1383 86.5843 -16.9459 36.6297 -49.7128 17.4350 6.9218 -16.5506 50.5358 -3.6336 -5.3040 -8.2229 -33.0570 17.9562 0.3598 31.8098 0.5670 6.3606 0.9615 17.0640 1.6491 -0.5136 -1.9823 -4.2394 -4.5738 -13.1683 -0.1130 47.8508 0.2775 8.8661 -23.5979 -9.7087 -1.5054 -8.0591 1.2204
-20.7367 92.9001 -150.5057 1.5971 -1.9947 4.8409 -0.7421 8.4884 0.2013 -1.0324 -2.1538 1.6716 -5.0149 20.4502 -1.6307 1.3150 11.9525 2.6029 0.1811 -3.6607 0.8104 8.3578 -11.4239 -3.2860 -0.0863 -0.0177 0.2009 0.5812 -10.5252 -3.6523 -0.7659 -10.5767 4.0854 -4.4913 15.8450 -13.3425 -35.2219 -40.3551 -34.0721 1.0823 -0.6968 -79.3130 30.1630 39.6362 21.1166 -16.1128 11.2554 16.2181 -60.0189 1.4268 2.2626 -4.3533 18.5222 16.6730 61.0691 -45.8475 1.4774 -0.3056 0.2854 86.4377 -17.1100 36.8189 -50.0595 17.4174 6.8383 -16.4572 50.4196 -3.6550 -5.2863 -7.3924 -32.6523 18.0070 0.3303 30.9055 0.5526 6.2869 2.2218 17.4719 1.6575 -0.6211 -1.9851 -3.4937 -3.8563 -12.2885 -0.1170 46.8661 0.2299 8.5495 -24.5865 -10.1155 -1.5002 -7.4363 1.2185
-21.4156 92.8205 -151.8192 1.4336 -2.9371 4.2163 -0.7399 8.4046 0.1460 -1.0181 -2.1539 1.4303 -5.0726 20.4857 -1.8401 1.4666 12.6692 2.5675 0.2554 -3.6855 1.1199 8.1802 -11.1892 -2.8434 -0.0842 -0.0146 0.1960 0.5727 -10.5384 -3.6582 -0.7521 -10.5943 4.0797 -4.6761 15.9185 -13.6787 -36.1404 -40.5141 -32.8285 1.0720 -0.6643 -79.0101 31.3800 40.4961 21.5310 -16.2396 11.2283 16.1658 -60.1518 1.4573 2.2902 -4.1243 18.5646 16.2968 60.4119 -45.4098 3.2106 -0.4495 0.4318 86.5665 -17.4145 37.0844 -50.3742 17.4061 6.7928 -16.3550 50.3547 -3.6640 -5.2988 -6.5430 -32.1747 17.9657 0.3030 29.9244 0.5563 6.2066 3.5472 17.8098 1.6674 -0.7157 -2.0020 -2.7559 -3.2552 -11.4851 -0.1073 46.1891 0.1862 8.3538 -25.3951 -10.4385 -1.4992 -6.8910 1.2167
-22.1049 92.6571 -153.2011 1.2973 -3.8649 3.6448 -0.7805 8.3190 0.0961 -1.0245 -2.1668 1.1930 -5.1561 20.4796 -2.0629 1.6276 13.4327 2.5582 0.3202 -3.6845 1.3592 7.9514 -11.0213 -2.3974 -0.0723 0.0008 0.1689 0.5854 -10.5379 -3.6859 -0.7406 -10.5971 4.0484 -4.9384 15.9543 -13.9667 -36.8963 -40.3644 -32.0758 1.0529 -0.6765 -78.5263 32.4557 41.1884 21.3520 -16.2426 11.2227 16.1517 -60.4090 1.4603 2.2871 -3.9808 18.6164 15.8397 59.8982 -45.0233 4.7562 -0.5521 0.5289 87.0223 -18.0222 37.1858 -50.4936 17.3480 6.8074 -16.2647 50.3106 -3.6607 -5.3047 -5.7511 -31.7877 17.9469 0.2783 28.9982 0.5632 6.1687 4.9511 18.0403 1.6744 -0.7870 -2.0247 -2.0414 -2.8110 -10.7715 -0.0794 45.7794 0.1588 8.1393 -26.3389 -10.7320 -1.4989 -6.2572 1.2117
-22.8036 92.3789 -154.5847 1.1468 -4.7823 3.1017 -0.8232 8.2574 0.0616 -1.0492 -2.2023 0.9458 -5.2302 20.4624 -2.2465 1.7569 14.1520 2.5461 0.4073 -3.6705 1.5518 7.6336 -10.9585 -1.9316 -0.0592 0.0193 0.1388 0.6031 -10.5212 -3.7146 -0.7317 -10.5869 4.0131 -5.2332 16.0112 -14.2870 -37.3845 -40.0299 -31.8718 1.0990 -0.5683 -77.6192 33.2467 41.3729 20.5723 -16.1962 11.2416 16.1573 -60.7131 1.4366 2.2721 -3.9112 18.6616 15.3240 59.4273 -44.7472 6.2226 -0.6824 0.6253 87.8223 -18.7472 37.0933 -50.1852 17.2967 6.8645 -16.2151 50.3048 -3.6218 -5.2926 -4.9517 -31.5833 17.9189 0.2608 28.2433 0.5673 6.1538 6.3928 18.1816 1.6744 -0.8378 -2.0540 -1.2806 -2.4832 -10.0806 -0.0470 45.5263 0.1183 7.7603 -27.6486 -11.1372 -1.4986 -5.2756 1.2117
-23.4914 92.0400 -156.0722 0.8875 -5.6516 2.4974 -0.7934 8.2495 0.0452 -1.0775 -2.2284 0.7725 -5.2330 20.4942 -2.4020 1.7958 14.7193 2.5206 0.4685 -3.6517 1.7399 7.2504 -11.0142 -1.4582 -0.0520 0.0316 0.1217 0.6177 -10.4979 -3.7268 -0.7326 -10.5726 3.9894 -5.6308 16.0654 -14.7014 -37.3865 -39.6293 -32.2082 1.2550 -0.3732 -76.1052 33.6732 41.0658 19.3724 -16.1103 11.2757 16.2116 -60.9171 1.3696 2.3245 -3.8423 18.6612 14.8237 58.8932 -44.7379 7.6679 -0.7667 0.5946 88.7920 -19.7647 36.8996 -49.5148 17.1783 6.9517 -16.1907 50.3524 -3.5439 -5.2320 -4.0199 -31.6024 17.7836 0.2562 27.6662 0.5605 6.1658 7.9059 18.3397 1.6684 -0.8816 -2.0713 -0.3757 -2.3346 -9.3327 -0.0092 45.4757 0.0877 7.2162 -29.0587 -11.5977 -1.4902 -4.1430 1.2034
-24.1169 91.6780 -157.5801 0.5239 -6.4565 1.7512 -0.6535 8.2607 0.0758 -1.0867 -2.1860 0.6084 -5.2164 20.5075 -2.5910 1.6723 15.0705 2.5310 0.4665 -3.7066 1.9458 6.9445 -10.9514 -0.9842 -0.0450 0.0171 0.0927 0.6163 -10.4800 -3.7466 -0.7177 -10.5506 3.9527 -6.1593 15.9977 -15.1574 -37.1396 -39.2582 -32.5824 1.4108 -0.1886 -74.0162 33.7454 40.3767 17.8100 -15.9221 11.3410 16.2439 -60.8958 1.3770 2.3947 -3.8389 18.4869 14.4809 58.5308 -44.7975 9.0923 -0.8360 0.5059 89.7038 -20.8364 37.1555 -48.6744 17.0035 7.0281 -16.1753 50.3623 -3.4762 -5.2018 -2.9095 -31.6954 17.4247 0.2232 26.9711 0.5128 6.2925 9.6233 18.6474 1.6658 -0.9238 -2.0430 0.6828 -2.4508 -8.4448 -0.0045 45.6559 0.0730 6.4441 -30.4022 -11.9398 -1.4661 -3.1370 1.2245
-24.6715 91.4528 -159.0859 0.1092 -7.2561 0.8933 -0.4615 8.3043 0.1136 -1.0465 -2.1477 0.4351 -5.1533 20.6745 -2.7989 1.3817 15.3563 2.6334 0.4924 -3.6894 2.1821 6.6081 -10.9272 -0.5601 -0.0538 0.0102 0.1165 0.5975 -10.4570 -3.7088 -0.7168 -10.5217 3.9680 -6.7645 15.9696 -15.7056 -36.7885 -39.1901 -32.5535 1.4430 -0.0063 -71.6844 33.5808 39.3644 16.0424 -15.9173 11.3540 16.3429 -60.7948 1.3721 2.5288 -3.7862 18.3818 14.2378 57.9014 -45.0013 10.7683 -0.7574 0.4387 90.4892 -21.5857 37.1905 -48.0815 16.8270 7.0409 -16.1572 50.2895 -3.4301 -5.1575 -1.7043 -31.5536 17.1288 0.1883 25.9376 0.4506 6.4124 11.4263 19.0659 1.6668 -0.8771 -2.0331 1.6723 -3.0439 -7.5951 -0.0133 46.5362 0.0119 5.8433 -30.7195 -11.8215 -1.4526 -2.7003 1.2238
-25.1615 91.2660 -160.5213 -0.1457 -7.9576 -0.0651 -0.3243 8.3695 0.1179 -1.0142 -2.0814 0.2372 -5.0821 20.7484 -2.9741 0.9813 15.6624 2.7387 0.5548 -3.6860 2.3785 6.2019 -10.8474 -0.1573 -0.0622 0.0037 0.1443 0.5777 -10.4520 -3.6712 -0.7139 -10.5059 3.9882 -7.2197 15.8948 -16.2641 -36.6438 -39.2089 -31.9450 1.4408 0.0753 -69.4108 33.4808 38.3108 14.5573 -16.0162 11.3233 16.3376 -60.7192 1.4042 2.5877 -3.8906 18.2582 13.9752 57.2874 -45.1116 12.7112 -0.6979 0.5130 90.9019 -21.7425 37.5877 -47.8518 16.7408 6.9983 -16.1164 50.2131 -3.4131 -5.1531 -0.7030 -31.1732 16.9789 0.1466 24.4709 0.3777 6.6577 13.3022 19.4694 1.6694 -0.7954 -2.0047 2.3824 -3.8350 -6.9033 0.0083 47.4484 -0.0059 5.2448 -30.7194 -11.4116 -1.4456 -2.3836 1.2089
-25.5841 91.1316 -162.0103 -0.2784 -8.5387 -1.1413 -0.2074 8.4538 0.1025 -0.9956 -2.0150 0.0691 -5.0167 20.7229 -3.1417 0.5561 15.8893 2.8451 0.6220 -3.6860 2.5467 5.7144 -10.7679 0.2692 -0.0690 -0.0037 0.1695 0.5621 -10.4524 -3.6381 -0.7122 -10.4972 4.0077 -7.6445 15.8368 -16.7978 -36.3006 -39.1699 -31.1797 1.5304 0.1759 -67.1927 33.3219 37.0206 13.1564 -16.0817 11.2626 16.2922 -60.7042 1.4415 2.5911 -4.0701 18.1103 13.7201 56.4552 -45.1160 14.9431 -0.7005 0.7205 91.0308 -21.4011 38.0728 -47.8358 16.7819 6.9152 -16.0265 50.1882 -3.3736 -5.1537 0.1114 -30.5935 17.0408 0.1119 22.4972 0.3277 6.9815 15.3296 19.8563 1.6732 -0.7369 -1.9836 2.9166 -4.7436 -6.3393 0.0296 48.2721 -0.0019 4.5258 -30.5565 -10.7306 -1.4432 -2.1415 1.1743
-25.9555 91.0038 -163.4851 -0.3469 -8.9583 -2.2700 -0.0974 8.5614 0.0603 -0.9813 -1.9582 -0.0900 -4.9394 20.6213 -3.2862 0.1674 15.9980 2.9446 0.6937 -3.6965 2.7034 5.1535 -10.7289 0.7219 -0.0691 -0.0130 0.1826 0.5598 -10.4677 -3.6234 -0.7094 -10.5076 4.0164 -8.0333 15.7905 -17.3182 -35.7224 -39.1302 -30.3185 1.6620 0.2523 -65.1182 33.1022 35.4488 11.6582 -16.0552 11.1807 16.2340 -60.6820 1.4693 2.5979 -4.2837 17.9343 13.4962 55.3532 -45.0272 17.3354 -0.7976 0.8820 91.0662 -20.8691 38.4840 -47.7587 16.8245 6.8245 -15.9090 50.1017 -3.3539 -5.1819 0.7797 -29.9751 17.2823 0.0876 20.1355 0.3045 7.3240 17.5699 20.2211 1.6779 -0.7075 -1.9745 3.3636 -5.8006 -5.8734 0.0506 48.9888 0.0001 3.7337 -30.3275 -9.8557 -1.4455 -1.9269 1.1332
-26.2979 90.8644 -165.0106 -0.5009 -9.2130 -3.4080 0.0594 8.7030 0.0141 -0.9555 -1.9118 -0.2703 -4.8071 20.4660 -3.4083 -0.1200 15.9818 2.9968 0.7685 -3.7237 2.8930 4.5279 -10.7423 1.2079 -0.0604 -0.0251 0.1727 0.5736 -10.4872 -3.6363 -0.7055 -10.5249 4.0046 -8.3682 15.7740 -17.8015 -34.9968 -39.1232 -29.4174 1.9111 0.3682 -63.2826 32.9783 33.8559 10.2475 -15.9675 11.1057 16.1762 -60.6721 1.4681 2.6232 -4.5624 17.7302 13.3106 54.2182 -44.9531 19.6467 -0.9121 1.0580 91.1822 -20.3638 38.6501 -47.6281 16.8100 6.7678 -15.8055 49.9642 -3.3284 -5.1825 1.4571 -29.5029 17.6891 0.0683 17.5940 0.3113 7.5589 20.0104 20.4517 1.6821 -0.6866 -1.9587 3.9334 -6.9945 -5.4732 0.0618 49.5812 -0.0081 2.9527 -30.0739 -8.9229 -1.4546 -1.6189 1.1080
-26.6214 90.7406 -166.6152 -0.7727 -9.3541 -4.4202 0.2660 8.8927 -0.0263 -0.9000 -1.9015 -0.4798 -4.6153 20.3341 -3.5314 -0.3013 15.9102 3.0135 0.8373 -3.7630 3.0548 3.8663 -10.8084 1.6863 -0.0523 -0.0395 0.1597 0.5895 -10.5007 -3.6508 -0.7049 -10.5381 3.9892 -8.6000 15.8198 -18.2780 -34.3118 -39.3730 -28.3720 2.0709 0.4786 -61.6546 32.9143 32.2756 8.9347 -15.8377 11.0426 16.1555 -60.6114 1.4323 2.6493 -4.8848 17.4994 13.0807 53.2540 -45.0023 21.6603 -0.9640 1.1572 91.4777 -19.9976 38.5130 -47.4538 16.7266 6.7228 -15.7302 49.7766 -3.3194 -5.1946 2.1500 -29.1823 18.2277 0.0405 14.9749 0.3291 7.6187 22.6431 20.4841 1.6822 -0.7033 -1.9386 4.6478 -8.2353 -5.1960 0.0521 50.0155 -0.0475 2.1895 -29.7416 -8.0224 -1.4633 -1.3011 1.0878
-26.9174 90.6523 -168.2021 -1.1088 -9.4497 -5.2822 0.4995 9.1337 -0.0390 -0.8145 -1.9223 -0.7119 -4.3979 20.2719 -3.6561 -0.4153 15.8901 2.9847 0.9192 -3.8001 3.1686 3.1914 -10.8832 2.1755 -0.0408 -0.0501 0.1346 0.6089 -10.4995 -3.6723 -0.7013 -10.5371 3.9574 -8.7400 15.9576 -18.7602 -33.6970 -39.9073 -27.2087 2.0981 0.5642 -60.2536 32.9052 30.6180 7.7249 -15.7214 11.0094 16.1630 -60.5400 1.3458 2.7135 -5.1722 17.2595 12.7871 52.3701 -45.1829 23.4325 -0.9188 1.1807 91.9670 -19.7603 38.2121 -47.4220 16.6086 6.6945 -15.6697 49.5594 -3.3162 -5.1593 2.7838 -28.9546 18.9465 0.0133 12.4059 0.3668 7.3676 25.3714 20.2482 1.6757 -0.7453 -1.9206 5.4154 -9.4291 -5.0485 0.0501 50.3108 -0.0796 1.4435 -29.2535 -7.1709 -1.4709 -1.0405 1.0867
-27.1329 90.6439 -169.7526 -1.4230 -9.5263 -5.9189 0.6785 9.3453 -0.0647 -0.6833 -1.9116 -0.8894 -4.1873 20.2324 -3.8844 -0.3990 15.9702 3.0070 0.9767 -3.7891 3.1407 2.5514 -10.8752 2.6851 -0.0139 -0.0680 0.0727 0.6390 -10.5117 -3.7341 -0.6778 -10.5425 3.8859 -8.7739 16.0539 -19.1160 -33.0498 -40.4675 -26.2165 1.9714 0.6870 -58.7269 32.9804 28.9230 6.4823 -15.6088 11.0005 16.2224 -60.5593 1.2907 2.8202 -5.3376 16.9413 12.4517 51.6001 -45.3725 25.0324 -0.9012 1.0911 92.6332 -19.7296 37.9554 -47.7179 16.4925 6.6670 -15.5405 49.4541 -3.2603 -5.1282 3.2661 -28.7732 19.6941 0.0823 9.9488 0.5686 6.3479 28.2802 19.2297 1.7045 -0.8266 -1.9278 6.0918 -10.5622 -5.1324 0.0203 50.4951 -0.1635 0.7033 -28.5309 -6.2097 -1.4801 -0.7970 1.1498
-27.3627 90.6649 -171.2981 -1.7542 -9.7462 -6.3823 0.9497 9.6018 -0.1241 -0.6576 -1.9170 -1.0871 -3.8613 20.3007 -3.9225 -0.3562 16.2817 2.9584 0.9603 -3.8106 3.0958 1.9194 -10.8228 3.0364 -0.0086 -0.0795 0.0566 0.6528 -10.4909 -3.7316 -0.6790 -10.5129 3.8505 -8.7583 16.2101 -19.6647 -32.1817 -40.8294 -25.5943 1.9772 0.6401 -56.9289 32.9489 26.9292 5.4695 -15.6168 11.0792 16.3280 -60.7021 1.3177 2.8756 -5.3786 16.6536 12.0598 50.7747 -45.5099 26.4390 -0.9523 0.7954 93.2705 -19.7497 37.9272 -47.9956 16.3006 6.6510 -15.5572 49.0659 -3.3191 -5.2010 3.8514 -28.7114 20.3335 0.0280 8.1643 0.6089 3.7070 30.9502 17.7678 1.6872 -0.9562 -2.0037 6.7613 -11.2827 -5.3306 0.0276 50.4491 -0.1739 -0.0628 -27.8239 -5.4340 -1.4742 -0.8264 1.1447
-27.5348 90.7170 -172.6926 -1.8953 -10.1217 -6.6182 1.1328 9.7861 -0.1853 -0.6134 -1.8447 -1.2816 -3.6498 20.3685 -4.0321 -0.4300 16.8484 2.8598 0.9655 -3.8083 3.1526 1.4568 -10.8539 3.3392 -0.0069 -0.0819 0.0464 0.6521 -10.4740 -3.7335 -0.6746 -10.4885 3.8320 -8.6739 16.1941 -20.1430 -31.1418 -40.9187 -25.3816 1.8475 0.8358 -54.5175 32.7889 24.8476 4.9512 -15.6214 10.9803 16.3658 -60.7655 1.3165 2.8943 -5.3633 16.5489 11.7016 49.8786 -45.6118 27.7966 -1.0970 0.6547 93.8390 -19.7931 37.8869 -48.2570 16.1570 6.6701 -15.5668 48.9981 -3.3162 -5.2157 4.1672 -28.7871 21.0506 -0.0065 7.7391 0.6055 0.2406 32.1694 15.8033 1.6340 -0.9491 -2.0216 7.1314 -11.6885 -5.5815 0.0139 50.1747 -0.2284 -0.7694 -26.9885 -4.6781 -1.4660 -0.8080 1.1155
-27.6855 90.8852 -173.9383 -1.9451 -10.6339 -6.7186 1.3321 9.9205 -0.2195 -0.5714 -1.7840 -1.4519 -3.5055 20.4921 -4.2089 -0.5919 17.5771 2.8042 0.9666 -3.8059 3.1420 1.1343 -10.7669 3.6285 -0.0075 -0.0883 0.0342 0.6475 -10.4808 -3.7468 -0.6709 -10.4836 3.8217 -8.5451 16.2727 -20.6226 -29.6749 -40.7927 -25.9444 1.7621 1.1644 -51.5258 32.7384 22.9888 5.2295 -15.7449 10.8868 16.4579 -60.6944 1.3064 2.9205 -5.4254 16.4920 11.3147 49.0324 -45.5093 28.9707 -1.2109 0.5648 94.2266 -19.4638 37.5723 -48.2656 16.1132 6.6805 -15.6221 49.0978 -3.3355 -5.1978 4.1818 -28.9222 21.9608 -0.0398 8.4367 0.5465 -3.7027 32.2276 13.5869 1.5775 -0.9508 -2.0237 7.3470 -11.7556 -5.7762 -0.0372 49.6985 -0.3052 -1.5102 -25.9860 -4.0942 -1.4522 -0.8452 1.0918
-27.7783 91.1245 -175.0671 -1.9380 -11.1970 -6.6476 1.5313 10.0070 -0.2525 -0.5270 -1.7339 -1.6018 -3.4176 20.5592 -4.4503 -0.7850 18.3287 2.7918 0.9783 -3.7835 3.1326 0.8897 -10.5236 3.8276 -0.0085 -0.0946 0.0284 0.6415 -10.4938 -3.7579 -0.6668 -10.4887 3.8220 -8.3062 16.3357 -21.0707 -28.5413 -40.6439 -26.6776 1.7491 1.4353 -48.6907 32.5312 21.5022 5.7285 -15.9141 10.8148 16.5081 -60.4034 1.2805 2.9509 -5.5588 16.4841 10.8766 48.2209 -45.0517 30.0086 -1.2821 0.5850 94.5511 -18.3671 37.2071 -47.9788 16.1057 6.6536 -15.6596 49.1613 -3.3556 -5.1601 3.9911 -28.9285 22.7093 -0.0625 9.6951 0.4959 -6.8050 31.7681 11.6755 1.5353 -0.9861 -2.0135 7.4481 -11.5754 -5.8670 -0.0856 49.0214 -0.3544 -2.0735 -24.8614 -3.8867 -1.4425 -0.8500 1.0644
-27.8283 91.4141 -176.0763 -1.9074 -11.6744 -6.4946 1.6894 10.0613 -0.2885 -0.4930 -1.7160 -1.7731 -3.3508 20.5421 -4.7032 -0.9109 18.9612 2.8020 0.9772 -3.7680 3.1843 0.7038 -10.1879 3.9102 -0.0125 -0.1014 0.0354 0.6366 -10.5182 -3.7527 -0.6698 -10.5061 3.8327 -7.9758 16.4808 -21.4199 -27.7827 -40.7527 -27.3581 1.7234 1.4904 -46.6234 32.1830 20.2296 5.9672 -15.9566 10.7592 16.5009 -60.0140 1.2389 2.9976 -5.6473 16.5427 10.4168 47.2373 -44.3554 31.0945 -1.3515 0.6105 94.9025 -16.6562 37.1461 -47.7159 16.1572 6.6404 -15.6459 49.3022 -3.3199 -5.0944 3.7031 -28.8142 23.1681 -0.0623 11.0762 0.4755 -8.6815 30.8866 10.3459 1.5097 -1.0140 -1.9778 7.5079 -11.4141 -5.8516 -0.1399 48.2621 -0.4049 -2.4517 -23.6964 -3.9023 -1.4392 -0.7916 1.0460
-27.8439 91.7306 -177.0183 -1.8523 -11.9346 -6.3478 1.7649 10.0703 -0.3729 -0.4693 -1.7151 -1.9054 -3.2892 20.3948 -4.9186 -0.8792 19.3186 2.8202 0.9514 -3.7525 3.2735 0.5131 -9.8699 3.9319 -0.0151 -0.1059 0.0377 0.6325 -10.5306 -3.7522 -0.6703 -10.5143 3.8371 -7.6109 16.6666 -21.6715 -27.2268 -40.9794 -27.9620 1.7203 1.4573 -45.3546 31.8013 19.2501 6.1232 -15.9156 10.7553 16.4864 -59.7480 1.2152 3.0636 -5.6847 16.5401 9.9780 46.3788 -43.6788 32.0392 -1.3837 0.6386 95.1981 -14.9361 37.5143 -47.5992 16.2573 6.6536 -15.5716 49.4926 -3.2566 -5.0166 3.3399 -28.6654 23.4690 -0.0514 12.3713 0.4960 -9.6359 29.7445 9.5427 1.5141 -1.0543 -1.9466 7.5734 -11.4292 -5.7440 -0.1883 47.4310 -0.4399 -2.6239 -22.5347 -4.1088 -1.4411 -0.6726 1.0264
-27.8281 92.0644 -177.8682 -1.7915 -12.0094 -6.2522 1.8032 10.0388 -0.4245 -0.4518 -1.7442 -2.0536 -3.2175 20.2444 -5.0506 -0.7489 19.4157 2.8446 0.9198 -3.7456 3.3145 0.3007 -9.6453 3.9673 -0.0158 -0.1085 0.0381 0.6328 -10.5363 -3.7536 -0.6713 -10.5164 3.8390 -7.2793 16.8845 -21.8899 -26.6503 -41.1681 -28.5653 1.7727 1.4137 -44.6385 31.5099 18.6458 6.5268 -15.8749 10.7950 16.5116 -59.6753 1.2121 3.1225 -5.7107 16.4417 9.6040 45.7368 -43.2472 32.7190 -1.3553 0.6320 95.4890 -13.7426 37.9706 -47.6147 16.3207 6.6613 -15.5145 49.6181 -3.2086 -4.9920 3.0098 -28.5063 23.6751 -0.0414 13.4848 0.5205 -10.3622 28.6260 9.0589 1.5266 -1.1265 -1.9313 7.6391 -11.5839 -5.5262 -0.2112 46.5066 -0.4702 -2.7013 -21.3705 -4.3453 -1.4469 -0.5496 1.0125
-27.8478 92.3827 -178.7263 -1.7678 -11.9346 -6.2055 1.8479 9.9884 -0.4358 -0.4296 -1.7819 -2.1801 -3.1304 20.0819 -5.1550 -0.5597 19.3567 2.8924 0.8900 -3.7414 3.3199 0.0397 -9.5373 4.0430 -0.0090 -0.1058 0.0229 0.6470 -10.5330 -3.7712 -0.6717 -10.5133 3.8236 -6.9496 17.0611 -22.0296 -26.1538 -41.2877 -29.1298 1.8558 1.3679 -44.2312 31.3241 18.3928 7.1209 -15.8251 10.8560 16.5353 -59.7231 1.2038 3.1638 -5.7620 16.2448 9.3151 45.2852 -43.1280 33.1759 -1.2838 0.5081 95.7991 -13.2253 38.3600 -47.7041 16.2971 6.6549 -15.4704 49.6145 -3.1991 -5.0012 2.7956 -28.4081 23.7934 -0.0441 14.4755 0.5269 -11.1249 27.4414 8.7214 1.5286 -1.2147 -1.9337 7.7500 -11.8585 -5.2555 -0.2065 45.5631 -0.4737 -2.7346 -20.2944 -4.5361 -1.4529 -0.4221 0.9929
-27.8392 92.6647 -179.4939 -1.7602 -11.7648 -6.1801 1.8659 9.9283 -0.4542 -0.3930 -1.8059 -2.2675 -3.0220 19.8917 -5.2298 -0.3499 19.1985 2.9351 0.8579 -3.7321 3.2896 -0.2480 -9.4922 4.1657 0.0014 -0.1020 0.0004 0.6640 -10.5142 -3.7930 -0.6675 -10.4972 3.7965 -6.6172 17.1739 -22.1051 -25.7558 -41.2842 -29.6517 1.9808 1.3453 -43.8827 31.1708 18.3243 7.7323 -15.7774 10.9299 16.5886 -59.7527 1.1952 3.1887 -5.8383 15.9407 9.1122 45.0963 -43.1961 33.3677 -1.1729 0.3874 96.1574 -13.0402 38.4868 -47.6428 16.1592 6.6275 -15.4186 49.4589 -3.2202 -5.0080 2.6426 -28.4452 23.8727 -0.0478 15.7665 0.5210 -11.2774 25.7478 8.7657 1.5302 -1.2564 -1.9456 7.8688 -12.2090 -4.9737 -0.1757 44.6188 -0.4362 -2.7752 -19.3215 -4.6842 -1.4583 -0.2590 0.9930
-27.8376 92.9158 -180.2457 -1.7478 -11.5954 -6.1209 1.8472 9.8776 -0.4690 -0.3626 -1.8293 -2.3577 -2.9132 19.7220 -5.2695 -0.1153 19.0675 2.9769 0.8227 -3.7265 3.2134 -0.5365 -9.4910 4.2917 0.0107 -0.0945 -0.0200 0.6821 -10.5029 -3.8152 -0.6667 -10.4878 3.7748 -6.2997 17.2409 -22.1222 -25.4875 -41.1935 -30.0997 2.1201 1.2844 -43.5669 30.9769 18.3924 8.2861 -15.6881 11.0128 16.6425 -59.8039 1.2158 3.1292 -5.9182 15.6697 8.9498 45.1070 -43.4567 33.3343 -0.9845 0.2900 96.5021 -13.0260 38.4628 -47.4642 15.9195 6.5850 -15.3563 49.1963 -3.2574 -4.9874 2.6359 -28.5230 23.8190 -0.0460 17.6753 0.4904 -11.1511 23.3062 8.8707 1.5353 -1.2744 -1.9700 7.9450 -12.5470 -4.7874 -0.1470 43.7588 -0.4076 -2.8570 -18.4532 -4.7402 -1.4613 -0.1254 0.9972
-27.8240 93.1189 -180.9524 -1.7301 -11.4898 -6.0074 1.8072 9.8264 -0.4838 -0.3462 -1.8340 -2.4160 -2.8133 19.5918 -5.3338 0.1098 19.0247 2.9790 0.7812 -3.7250 3.1143 -0.7859 -9.5433 4.4562 0.0158 -0.0880 -0.0306 0.6978 -10.4945 -3.8270 -0.6717 -10.4808 3.7635 -5.9526 17.3571 -22.0600 -25.3242 -41.1609 -30.4938 2.2003 1.2797 -43.2916 30.7405 18.4827 8.7494 -15.6339 11.0919 16.6753 -59.8938 1.2370 3.0384 -6.0249 15.4747 8.8008 45.2383 -43.7722 33.1649 -0.8143 0.2426 96.7656 -12.9118 38.4449 -47.1328 15.6817 6.5610 -15.3242 48.9619 -3.3118 -4.9728 2.7853 -28.5648 23.7202 -0.0323 20.5441 0.4450 -10.6199 19.7112 8.9325 1.5585 -1.3511 -2.0096 7.9599 -12.8121 -4.6993 -0.1158 42.9637 -0.3634 -3.0071 -17.6341 -4.7441 -1.4585 -0.0046 0.9995
-27.8001 93.3019 -181.5847 -1.7318 -11.4774 -5.8342 1.7525 9.7786 -0.4621 -0.3474 -1.8314 -2.4840 -2.7383 19.5175 -5.4211 0.3674 19.0575 2.9351 0.7558 -3.7256 3.1130 -0.9927 -9.6244 4.6011 0.0149 -0.0839 -0.0271 0.7050 -10.5016 -3.8250 -0.6809 -10.4850 3.7700 -5.5769 17.5661 -21.9444 -25.1234 -41.0799 -30.9325 2.2519 1.3078 -43.0876 30.4232 18.5504 9.1508 -15.5952 11.1494 16.6965 -59.9649 1.2528 2.9324 -6.0785 15.3594 8.6251 45.3642 -44.0308 33.0137 -0.7014 0.2651 96.9426 -12.5338 38.3996 -46.6068 15.5420 6.5452 -15.3214 48.8351 -3.3496 -4.9511 3.1657 -28.5311 23.4902 -0.0010 24.4136 0.4044 -9.7313 15.1837 9.1009 1.5938 -1.4877 -2.0452 7.9773 -12.9896 -4.6920 -0.0963 42.2536 -0.3355 -3.1219 -16.8671 -4.8317 -1.4527 0.1088 1.0093
-27.7700 93.4235 -182.2003 -1.7586 -11.4995 -5.5532 1.6736 9.7230 -0.4544 -0.3657 -1.8123 -2.5216 -2.6428 19.4587 -5.5061 0.6661 19.1637 2.8506 0.7334 -3.7169 3.1841 -1.1285 -9.6644 4.6923 0.0145 -0.0756 -0.0214 0.7139 -10.5075 -3.8223 -0.6898 -10.4855 3.7786 -5.1583 17.8231 -21.8327 -24.9411 -41.0586 -31.3346 2.2365 1.3029 -43.0196 29.9890 18.6005 9.3807 -15.5821 11.1738 16.6748 -60.0134 1.2655 2.8229 -6.0811 15.2964 8.3946 45.4324 -44.1816 32.9280 -0.6942 0.2927 97.0192 -12.0486 38.4832 -45.9922 15.4735 6.5617 -15.3218 48.7843 -3.4170 -4.9042 3.7453 -28.4159 23.1862 0.0647 29.1636 0.4161 -8.1214 10.2162 9.7227 1.6418 -1.6451 -2.0836 7.9895 -13.1492 -4.8500 -0.0701 41.6294 -0.3011 -3.2042 -16.1418 -4.9893 -1.4464 0.1832 1.0243
-27.7408 93.4890 -182.8757 -1.8274 -11.5352 -5.1619 1.6157 9.6691 -0.3981 -0.3848 -1.8209 -2.5910 -2.5664 19.4390 -5.5758 0.9952 19.2878 2.7444 0.7026 -3.7169 3.2725 -1.1710 -9.7087 4.7332 0.0107 -0.0696 -0.0068 0.7149 -10.4991 -3.8058 -0.6976 -10.4693 3.7940 -4.7266 18.0658 -21.7656 -24.7987 -41.0558 -31.6674 2.1565 1.2715 -43.1120 29.6208 18.6015 9.5043 -15.6182 11.1842 16.6662 -60.0347 1.2528 2.7290 -6.0456 15.2970 8.1221 45.4847 -44.2696 32.8172 -0.7541 0.3082 97.0099 -11.5574 38.7071 -45.3435 15.4546 6.5909 -15.3424 48.7752 -3.4518 -4.8600 4.5109 -28.1520 22.7377 0.1383 34.3122 0.4428 -6.7100 5.0282 10.4266 1.6805 -1.7941 -2.1025 8.0255 -13.3588 -5.0830 -0.0779 41.1464 -0.3366 -3.2426 -15.4830 -5.1353 -1.4400 0.2053 1.0458
-27.7340 93.4949 -183.5498 -1.9377 -11.4637 -4.6457 1.5827 9.5894 -0.3409 -0.4026 -1.8403 -2.6190 -2.5047 19.4109 -5.6805 1.3631 19.3638 2.6321 0.6317 -3.7137 3.3623 -1.1270 -9.7438 4.7009 0.0029 -0.0679 0.0146 0.7059 -10.4829 -3.7816 -0.7033 -10.4473 3.8156 -4.2732 18.2560 -21.7175 -24.6144 -41.1202 -32.0133 2.0044 1.2903 -43.3009 29.3066 18.6305 9.5065 -15.6763 11.1543 16.6281 -59.9855 1.2381 2.6894 -5.9826 15.2763 7.7984 45.5491 -44.3535 32.6839 -0.8328 0.3872 96.9063 -11.1506 39.0007 -44.6879 15.4458 6.6498 -15.3625 48.8526 -3.4689 -4.8005 5.3674 -27.7583 22.1983 0.1877 39.2172 0.4462 -6.1183 0.2304 10.9363 1.6979 -1.9661 -2.1083 8.0931 -13.7510 -5.4687 -0.0956 40.8300 -0.3770 -3.2549 -14.8773 -5.3147 -1.4349 0.2112 1.0566
-27.6953 93.4367 -184.2452 -2.0679 -11.2407 -4.0228 1.5515 9.4828 -0.3063 -0.4270 -1.8768 -2.6265 -2.4411 19.3747 -5.7706 1.7752 19.3248 2.5246 0.5471 -3.7219 3.4313 -1.0627 -9.6875 4.6398 -0.0024 -0.0695 0.0286 0.6987 -10.4719 -3.7682 -0.7050 -10.4357 3.8309 -3.8219 18.3880 -21.7232 -24.3503 -41.1590 -32.3697 1.8624 1.2993 -43.6185 28.9736 18.6686 9.4771 -15.7468 11.0894 16.5886 -59.8584 1.2017 2.6754 -5.8703 15.2051 7.4753 45.5676 -44.4421 32.5226 -0.9240 0.4978 96.7568 -10.7475 39.2622 -44.0298 15.4194 6.7041 -15.3806 48.8883 -3.4852 -4.7461 6.2690 -27.2619 21.6162 0.2149 43.9177 0.4469 -6.0368 -3.9500 11.3336 1.7072 -2.1410 -2.0956 8.1581 -14.4048 -5.9831 -0.1303 40.6944 -0.4362 -3.1777 -14.3323 -5.4965 -1.4294 0.1894 1.0680
-27.6557 93.3282 -185.0009 -2.1783 -10.9040 -3.3293 1.5160 9.3828 -0.2395 -0.4579 -1.9201 -2.6887 -2.3910 19.3545 -5.7986 2.1711 19.1848 2.4132 0.4747 -3.7233 3.4981 -0.9599 -9.5473 4.4793 -0.0086 -0.0701 0.0464 0.6920 -10.4676 -3.7516 -0.7094 -10.4306 3.8536 -3.3970 18.4703 -21.7669 -23.9361 -41.1309 -32.8711 1.7844 1.2945 -43.9781 28.7074 18.7776 9.5734 -15.7776 11.0312 16.5496 -59.7842 1.1893 2.6277 -5.7374 15.0917 7.2055 45.5330 -44.5973 32.2891 -0.9494 0.5647 96.5421 -10.5440 39.7304 -43.5293 15.3895 6.7349 -15.3505 48.9153 -3.4738 -4.6895 7.1965 -26.6037 21.0526 0.2013 48.3712 0.4088 -6.3309 -7.3792 11.4666 1.7187 -2.3545 -2.0904 8.1781 -15.2863 -6.5755 -0.1656 40.7267 -0.5024 -3.0281 -13.8864 -5.6017 -1.4265 0.1735 1.0656
-27.5616 93.1818 -185.8087 -2.2526 -10.4853 -2.6225 1.4841 9.2885 -0.1995 -0.4760 -1.9435 -2.7287 -2.3586 19.3336 -5.7978 2.4757 19.0180 2.3092 0.3995 -3.7248 3.5474 -0.8253 -9.4341 4.2937 -0.0151 -0.0655 0.0592 0.6867 -10.4711 -3.7422 -0.7165 -10.4313 3.8719 -3.0114 18.5206 -21.7960 -23.4656 -41.1447 -33.4125 1.7183 1.2698 -44.4388 28.5778 19.0279 9.8174 -15.7189 11.0450 16.5383 -59.7877 1.1829 2.5470 -5.7095 14.9611 7.0057 45.4823 -44.8512 32.0628 -1.0068 0.6111 96.2777 -10.5094 40.2330 -43.1632 15.3252 6.7905 -15.3444 48.9555 -3.4716 -4.6592 8.1536 -25.6518 20.4631 0.1407 52.3860 0.3161 -6.8189 -10.3388 11.5017 1.7357 -2.5904 -2.0950 8.1639 -16.3666 -7.2355 -0.1944 40.9097 -0.5438 -2.8602 -13.5147 -5.6304 -1.4244 0.1925 1.0407
-27.3956 92.9970 -186.7174 -2.2618 -9.9559 -1.9520 1.4619 9.1759 -0.1614 -0.4752 -1.9478 -2.7470 -2.3495 19.2888 -5.7862 2.6832 18.8354 2.2494 0.3217 -3.7253 3.5109 -0.6421 -9.4037 4.0592 -0.0236 -0.0580 0.0755 0.6803 -10.4587 -3.7265 -0.7255 -10.4126 3.8909 -2.6787 18.4746 -21.8121 -23.0591 -41.1892 -33.8718 1.6384 1.2821 -45.0006 28.5875 19.4486 10.2116 -15.6694 11.1016 16.5606 -59.8659 1.2120 2.4958 -5.7575 14.7962 6.8871 45.4986 -45.2328 31.7738 -0.9822 0.7220 96.0282 -10.5823 40.7020 -42.9431 15.3006 6.8358 -15.3575 48.9908 -3.4720 -4.6675 9.0627 -24.2874 19.8969 0.0621 55.6676 0.1960 -7.2315 -12.8974 11.7532 1.7537 -2.8438 -2.1007 8.0749 -17.6648 -7.9208 -0.2055 41.2306 -0.5551 -2.6611 -13.2110 -5.5919 -1.4234 0.2350 1.0133
-27.1598 92.7920 -187.7177 -2.2233 -9.3414 -1.3284 1.4638 9.0793 -0.1316 -0.4497 -1.9807 -2.7509 -2.3570 19.2590 -5.7531 2.7602 18.6905 2.2580 0.2404 -3.7182 3.4092 -0.4324 -9.4744 3.7730 -0.0348 -0.0522 0.0976 0.6718 -10.4720 -3.7086 -0.7380 -10.4222 3.9206 -2.3756 18.3875 -21.7398 -22.7655 -41.3525 -34.2448 1.5423 1.2407 -45.7315 28.6971 19.9382 10.6850 -15.6133 11.1459 16.5875 -59.9262 1.2540 2.4301 -5.9008 14.6649 6.8845 45.5860 -45.7636 31.3357 -0.7975 0.7743 95.8845 -10.7925 40.9990 -42.8692 15.2629 6.8667 -15.3711 49.0214 -3.4519 -4.6734 9.9075 -22.4706 19.3744 -0.0959 58.0963 -0.0543 -7.6247 -15.1204 12.0013 1.7697 -3.0740 -2.1075 7.9471 -19.2073 -8.5864 -0.2135 41.7341 -0.5467 -2.4680 -12.8663 -5.5558 -1.4224 0.2968 0.9881
-26.8945 92.5729 -188.7740 -2.1273 -8.6487 -0.6960 1.4635 8.9928 -0.1219 -0.4078 -2.0142 -2.7269 -2.3670 19.2035 -5.7109 2.7465 18.5696 2.2849 0.1407 -3.6938 3.2672 -0.2010 -9.5924 3.4228 -0.0465 -0.0459 0.1211 0.6632 -10.4753 -3.6929 -0.7515 -10.4255 3.9564 -2.0971 18.2374 -21.6295 -22.6952 -41.6175 -34.4879 1.4967 1.2143 -46.6486 28.9112 20.5035 11.2076 -15.6122 11.2071 16.6257 -60.0219 1.3059 2.3978 -6.1105 14.5185 6.9293 45.7758 -46.1950 30.8417 -0.6317 0.8590 95.8995 -11.0583 41.1656 -42.9055 15.2647 6.8796 -15.3838 49.0469 -3.4233 -4.6959 10.6182 -20.2262 18.9410 -0.3314 59.6198 -0.4467 -7.8721 -16.9271 12.1335 1.7830 -3.2953 -2.1204 7.7728 -20.9301 -9.2128 -0.2186 42.2663 -0.5327 -2.2729 -12.4291 -5.5895 -1.4213 0.3873 0.9781
-26.5781 92.3432 -189.9445 -2.0125 -7.8967 -0.0062 1.4733 8.9172 -0.1548 -0.3420 -2.0463 -2.6704 -2.3605 19.1668 -5.6611 2.6504 18.4786 2.3632 0.0367 -3.6722 3.0369 0.0237 -9.7467 3.0591 -0.0576 -0.0426 0.1397 0.6490 -10.4789 -3.6816 -0.7588 -10.4327 3.9846 -1.7875 18.0750 -21.4440 -22.8662 -42.1641 -34.5898 1.4158 1.1758 -47.8662 29.2313 21.3102 11.8657 -15.6316 11.2701 16.6874 -60.0640 1.3320 2.4252 -6.3556 14.4087 7.0173 46.0355 -46.5765 30.2804 -0.5505 0.9334 96.1044 -11.4054 41.1877 -43.0637 15.2940 6.8813 -15.3980 49.0896 -3.3971 -4.7475 11.1630 -17.6209 18.5786 -0.5683 60.2538 -0.8980 -7.9366 -18.4414 12.3528 1.7955 -3.5281 -2.1335 7.5832 -22.8333 -9.8074 -0.2191 42.8043 -0.4966 -2.0374 -11.8536 -5.7193 -1.4173 0.4819 0.9654
-26.2102 92.1113 -191.1723 -1.8762 -7.1148 0.7375 1.4932 8.8644 -0.1834 -0.2587 -2.0973 -2.6314 -2.3358 19.1850 -5.5841 2.4997 18.4134 2.4983 -0.0694 -3.6702 2.6900 0.2705 -9.8913 2.6445 -0.0665 -0.0421 0.1543 0.6370 -10.4870 -3.6744 -0.7635 -10.4457 4.0090 -1.4687 17.8940 -21.2002 -23.2368 -42.9589 -34.5560 1.2500 1.1165 -49.4546 29.6609 22.4501 12.7904 -15.6431 11.3317 16.7270 -60.0926 1.3656 2.4687 -6.5381 14.3834 7.1628 46.3813 -46.9054 29.5993 -0.5265 1.0057 96.4803 -11.8786 41.1091 -43.3027 15.3047 6.8683 -15.4468 49.0855 -3.3842 -4.7989 11.5288 -14.7412 18.2973 -0.7137 60.1070 -1.2943 -7.6136 -19.6525 12.9485 1.8098 -3.7744 -2.1459 7.3470 -24.9028 -10.3512 -0.2269 43.3722 -0.4676 -1.7301 -11.1406 -5.9360 -1.4146 0.5124 0.9703
-25.8222 91.8525 -192.5642 -1.7477 -6.3491 1.5414 1.5255 8.8436 -0.2107 -0.1686 -2.1228 -2.6017 -2.2702 19.2387 -5.4857 2.3108 18.3818 2.7058 -0.1827 -3.6758 2.2436 0.5310 -9.9932 2.1717 -0.0708 -0.0417 0.1587 0.6294 -10.4877 -3.6742 -0.7637 -10.4555 4.0201 -1.1599 17.6774 -20.8702 -23.6891 -43.7455 -34.6182 1.1200 1.0463 -51.3493 30.1593 23.8653 13.9741 -15.6782 11.3610 16.7534 -60.1518 1.4253 2.5093 -6.6156 14.4428 7.4196 46.9913 -47.2722 28.5706 -0.4856 1.0207 97.0124 -12.7079 41.1192 -43.7850 15.3441 6.8595 -15.4948 49.0970 -3.3816 -4.8771 11.7164 -11.7566 18.0888 -0.7494 59.1594 -1.6017 -7.0147 -20.4503 13.9640 1.8283 -4.0337 -2.1718 7.0924 -27.0394 -10.8744 -0.2245 43.9103 -0.4305 -1.3738 -10.2915 -6.2424 -1.4122 0.4736 0.9790
-25.4070 91.5178 -194.0628 -1.6603 -5.6132 2.4846 1.5798 8.8408 -0.2808 -0.0828 -2.1241 -2.5781 -2.1260 19.3122 -5.3277 2.0652 18.4072 2.8881 -0.2855 -3.6886 1.7085 0.8283 -10.0017 1.6321 -0.0671 -0.0386 0.1454 0.6323 -10.4864 -3.6934 -0.7580 -10.4605 4.0097 -0.8220 17.4337 -20.4571 -24.2486 -44.5254 -34.8375 0.9613 0.9260 -53.5223 30.7704 25.4967 15.4182 -15.7251 11.3750 16.7520 -60.2682 1.4956 2.5668 -6.6298 14.5505 7.7658 48.1266 -47.6622 27.0232 -0.4460 0.9767 97.6266 -13.8908 41.0519 -44.4097 15.3840 6.9004 -15.5827 49.0858 -3.4240 -4.9686 11.7325 -8.9105 17.8583 -0.6729 57.5752 -1.7840 -6.3063 -20.9687 15.1290 1.8458 -4.3317 -2.2117 6.8286 -29.2422 -11.4218 -0.2108 44.4560 -0.3869 -1.0416 -9.3664 -6.6341 -1.4080 0.4265 0.9876
-24.9639 91.0909 -195.7160 -1.6221 -4.9280 3.5329 1.6722 8.8601 -0.3216 -0.0159 -2.0847 -2.5546 -1.8945 19.3740 -5.1133 1.7795 18.4620 2.9953 -0.3957 -3.6827 1.1475 1.1896 -9.9678 0.9379 -0.0564 -0.0270 0.1172 0.6486 -10.4467 -3.7203 -0.7521 -10.4230 3.9762 -0.4975 17.1811 -20.0148 -24.9254 -45.3017 -35.2124 0.7755 0.7803 -55.9020 31.4495 27.3832 17.1540 -15.8070 11.3575 16.7170 -60.4191 1.5887 2.5722 -6.5588 14.6773 8.1993 49.7823 -48.0798 24.8839 -0.3218 0.8638 98.3677 -15.5254 40.9131 -45.3381 15.4316 6.9396 -15.6944 49.0977 -3.4800 -5.0656 11.5975 -6.3989 17.6313 -0.5603 55.5200 -1.9028 -6.1391 -21.3404 15.5347 1.8541 -5.1093 -2.2577 6.5495 -31.4822 -11.9705 -0.1738 45.0122 -0.3412 -0.7519 -8.3627 -7.1284 -1.4038 0.4348 1.0191
-24.5083 90.5819 -197.4894 -1.6659 -4.3437 4.6537 1.8151 8.9366 -0.3618 0.0439 -2.0235 -2.5219 -1.5752 19.3855 -4.7693 1.4941 18.5459 3.0354 -0.5087 -3.6603 0.5680 1.5618 -9.9968 0.2053 -0.0468 -0.0155 0.0882 0.6662 -10.3873 -3.7443 -0.7504 -10.3655 3.9378 -0.1111 16.9781 -19.6166 -25.7135 -46.0741 -35.7313 0.5633 0.6285 -58.2101 32.0855 29.1891 18.9807 -15.8521 11.2888 16.6304 -60.4975 1.6366 2.5476 -6.4872 14.7432 8.6067 51.8538 -48.3926 22.4099 -0.1693 0.7242 99.1644 -17.3072 40.6868 -46.3807 15.4996 6.9693 -15.8205 49.2015 -3.4994 -5.1470 11.3778 -4.5629 17.3469 -0.4598 53.2143 -1.9890 -7.6350 -22.6989 14.4207 1.8645 -6.7778 -2.3357 6.3010 -33.6162 -12.4786 -0.1439 45.5003 -0.3192 -0.4977 -7.2853 -7.7594 -1.4000 0.5825 1.0412
-23.9983 90.0677 -199.3644 -1.7588 -3.9346 5.8139 1.9750 9.0883 -0.3842 0.1532 -1.9510 -2.4673 -1.2763 19.4000 -4.3935 1.1684 18.6450 2.9550 -0.6308 -3.6322 0.1452 2.0758 -9.9479 -0.6903 -0.0636 -0.0062 0.1182 0.6376 -10.3448 -3.7054 -0.7586 -10.3173 3.9634 0.2986 16.8304 -19.1923 -26.4022 -46.8782 -36.5461 0.2675 0.6976 -60.0127 32.5095 30.4294 20.4278 -15.9082 11.1566 16.5624 -60.5035 1.5458 2.5956 -6.5082 14.7105 9.0057 54.0853 -48.6095 19.8880 -0.0222 0.6337 99.7990 -18.8204 40.3637 -47.0684 15.5808 6.9825 -15.9341 49.4629 -3.4040 -5.1803 11.0505 -3.8932 16.9234 -0.3922 51.5251 -1.8778 -10.1149 -25.7028 13.3427 1.8292 -7.6116 -2.3170 5.9873 -35.5568 -12.7828 -0.1685 45.7754 -0.3396 -0.2577 -5.8517 -8.5681 -1.3989 0.6734 1.0436
-23.4404 89.6653 -201.3360 -1.6433 -3.7018 6.9708 2.0432 9.3399 -0.3888 0.1947 -1.8565 -2.2526 -1.0731 19.4847 -4.1459 0.9587 18.7372 2.8854 -0.7304 -3.6590 -0.5072 2.5305 -9.7824 -1.4964 -0.0688 -0.0322 0.1271 0.6198 -10.3667 -3.6939 -0.7527 -10.3382 3.9719 0.7046 16.6678 -18.9826 -26.7103 -47.3384 -37.6036 0.1224 0.6369 -61.3487 32.9530 31.2633 21.7124 -16.1182 11.1052 16.5770 -60.4989 1.4948 2.7491 -6.5017 14.7332 9.3119 56.2780 -48.7950 17.4895 0.1417 0.3950 100.2911 -20.4337 40.2262 -48.0183 15.5650 6.9871 -16.0169 49.5654 -3.3540 -5.1929 10.2272 -4.5512 16.3971 -0.3454 51.0561 -1.6248 -11.0325 -28.8828 13.0551 1.7945 -5.9230 -2.2327 5.2785 -37.2400 -12.8115 -0.1434 45.6395 -0.3006 -0.0328 -4.0051 -9.5549 -1.3967 0.5936 1.0676
-22.8802 89.3788 -203.4328 -1.3031 -3.6615 8.0274 2.0241 9.6305 -0.3847 0.2108 -1.7377 -2.0531 -1.0789 19.5897 -3.9137 0.7268 18.7741 2.8431 -0.7939 -3.6636 -1.1074 2.9807 -9.4682 -2.2478 -0.0738 -0.0532 0.1328 0.6054 -10.3794 -3.6851 -0.7499 -10.3486 3.9768 0.9548 16.4827 -18.8103 -26.8306 -47.4595 -38.7624 0.0840 0.6392 -62.1973 33.2292 31.8521 22.5052 -16.2847 11.1028 16.6195 -60.4551 1.5034 2.8057 -6.6314 14.8507 9.6650 58.4447 -48.8670 15.2823 0.2217 0.2409 100.4479 -21.8821 40.3704 -48.9951 15.6464 6.9654 -16.0265 49.6494 -3.3313 -5.2148 9.0656 -5.8190 15.8884 -0.3350 51.5672 -1.4170 -11.1241 -30.8859 12.8797 1.7817 -4.5913 -2.1800 4.1199 -38.5588 -12.4339 -0.1091 45.0027 -0.2421 0.2443 -1.9447 -10.4508 -1.3988 0.5386 1.0830
-22.2867 89.1525 -205.5411 -0.9043 -3.8252 8.9202 1.9839 9.9932 -0.3849 0.2275 -1.6317 -1.8770 -1.1252 19.6277 -3.5995 0.4489 18.9434 2.7798 -0.8822 -3.7078 -1.6344 3.4424 -9.1259 -2.9660 -0.0981 -0.0644 0.1656 0.5841 -10.3983 -3.6446 -0.7783 -10.3731 4.0104 1.0361 16.3562 -18.6906 -26.9928 -47.3584 -39.7455 0.1209 0.5150 -62.9295 33.4552 32.3823 23.1335 -16.3867 11.0683 16.5492 -60.4027 1.4487 2.7050 -6.8569 14.9855 10.0375 60.2117 -48.6739 13.5499 0.1061 0.0772 100.3082 -23.1643 40.4578 -49.8109 15.6704 6.9749 -16.1112 49.6462 -3.3580 -5.2397 7.8336 -7.1512 15.5888 -0.3642 52.4001 -1.3214 -11.0200 -32.1733 12.6445 1.7339 -3.8657 -2.1424 2.7093 -39.4212 -11.7876 -0.0256 43.8792 -0.1496 0.4770 0.0833 -11.2582 -1.4008 0.6591 1.0407
-21.6481 89.0005 -207.5966 -0.5028 -4.0779 9.6245 1.9337 10.2421 -0.3450 0.2419 -1.5423 -1.6523 -1.2013 19.6741 -3.3907 0.1754 19.1236 2.7511 -0.9705 -3.6958 -2.0397 3.8216 -8.9321 -3.6296 -0.1104 -0.0703 0.1830 0.5729 -10.3832 -3.6252 -0.7927 -10.3624 4.0295 0.9075 16.1338 -18.5153 -27.0200 -46.7968 -40.6462 0.1077 0.5034 -63.5515 33.4424 32.5844 23.3285 -16.4669 11.0675 16.5526 -60.3664 1.4255 2.6636 -6.9794 15.0807 10.5373 61.5354 -48.3352 12.2157 0.0016 -0.0058 99.8825 -24.2324 40.3829 -50.4429 15.8271 6.9783 -16.1190 49.6479 -3.3825 -5.2667 6.5719 -8.4844 15.3619 -0.3969 53.4225 -1.2296 -10.6432 -32.8176 12.3832 1.7290 -3.3161 -2.1360 1.2681 -39.8787 -10.9722 0.0021 42.3088 -0.0907 0.6663 2.2915 -11.8966 -1.4064 0.7260 1.0411
-21.0473 88.9304 -209.7101 -0.1492 -4.4250 10.2069 1.8950 10.3541 -0.2779 0.2438 -1.4591 -1.4070 -1.2545 19.7682 -3.2490 -0.1377 19.3282 2.7931 -1.0050 -3.6503 -2.3911 4.1052 -8.7550 -4.1470 -0.0987 -0.0698 0.1675 0.5788 -10.3692 -3.6465 -0.7766 -10.3445 4.0151 0.6170 15.8391 -18.2280 -26.8390 -45.7941 -41.6445 0.1213 0.5856 -64.0087 33.3584 32.8392 23.3062 -16.4521 11.1361 16.6759 -60.4229 1.4691 2.7087 -7.0236 15.2372 11.1439 62.3863 -48.0167 11.3522 -0.2248 -0.0180 99.1709 -25.1366 40.4496 -51.1570 16.0040 6.9159 -15.9728 49.6924 -3.3667 -5.2451 5.3437 -9.5952 15.2206 -0.4340 54.1816 -1.1214 -10.0074 -33.2761 12.2177 1.7599 -2.5329 -2.1064 -0.0947 -39.9868 -10.1832 0.0070 40.3794 -0.0382 0.8266 4.7190 -12.4606 -1.4140 0.5583 1.1237
-20.4212 88.8853 -211.7240 0.1892 -5.0163 10.6575 1.7708 10.4796 -0.2498 0.2237 -1.4145 -1.1933 -1.2259 19.7733 -2.9305 -0.3587 19.8286 2.8518 -1.0713 -3.7079 -2.7521 4.5310 -8.4598 -4.6432 -0.1029 -0.0609 0.1704 0.5758 -10.3893 -3.6500 -0.7819 -10.3584 4.0238 0.2687 15.7383 -18.1081 -26.8840 -44.8767 -42.2789 -0.0549 0.4802 -64.4300 33.5715 33.3049 23.8064 -16.4922 11.1127 16.5564 -60.3939 1.4415 2.5421 -7.0140 15.4913 11.6457 63.0950 -47.5620 10.6928 -0.5233 -0.0762 98.2909 -25.9967 41.0544 -51.8052 15.9826 6.9317 -16.0470 49.5834 -3.4171 -5.2201 4.1669 -10.1223 15.2831 -0.4098 54.2965 -0.9667 -9.4937 -33.6951 12.0357 1.7190 -2.1347 -2.0890 -1.5086 -39.5527 -9.3952 0.1040 38.0093 0.0273 0.8245 7.0639 -13.0216 -1.4187 0.6862 1.1099
-19.8443 88.9095 -213.6765 0.4721 -5.7389 11.0411 1.6333 10.4257 -0.1747 0.2066 -1.4174 -1.0253 -1.2753 19.8466 -2.7664 -0.4825 20.4528 2.8933 -1.1571 -3.7237 -2.9224 4.8747 -8.2425 -5.0212 -0.1035 -0.0587 0.1702 0.5746 -10.3933 -3.6540 -0.7836 -10.3631 4.0303 -0.1954 15.4950 -17.9129 -26.3998 -43.2421 -43.2774 -0.0554 0.4523 -64.3808 33.5520 33.4595 23.8776 -16.5514 11.0879 16.5329 -60.4119 1.4840 2.4742 -6.8618 15.6871 12.1538 63.6478 -47.1276 10.2106 -0.6002 -0.0478 97.2869 -26.8846 41.5050 -52.5319 15.9931 6.8955 -15.9754 49.4759 -3.3992 -5.1755 3.0847 -10.5080 15.3038 -0.3787 54.4589 -0.8112 -8.8570 -33.9164 12.0265 1.7132 -1.6434 -2.0613 -2.7902 -38.6786 -8.6554 0.1426 35.3590 0.0609 0.7678 9.5100 -13.5376 -1.4259 0.6443 1.1511
-19.2642 88.9941 -215.5127 0.6812 -6.7800 11.4128 1.4502 10.2900 -0.1453 0.1584 -1.4426 -0.8242 -1.3700 19.9182 -2.6845 -0.4674 21.3033 2.9606 -1.1867 -3.7397 -3.0346 5.2596 -7.8410 -5.2921 -0.1164 -0.0630 0.1927 0.5574 -10.4205 -3.6349 -0.7931 -10.3882 4.0617 -0.6752 15.3825 -17.7014 -25.7712 -41.4349 -44.3755 -0.0156 0.5234 -64.0143 33.3816 33.7884 23.9173 -16.5988 11.0302 16.4610 -60.4605 1.5464 2.4288 -6.7143 15.8256 12.5434 64.2865 -46.5449 9.8977 -0.7848 -0.0264 96.2134 -27.4722 42.1091 -53.1603 15.9870 6.8699 -15.9114 49.3932 -3.3875 -5.1605 2.2045 -10.4587 15.3277 -0.3304 54.4261 -0.6777 -8.2054 -33.9196 11.8900 1.7188 -1.2951 -2.0535 -3.9090 -37.1265 -8.0930 0.1634 32.2745 0.0916 0.4660 12.0177 -14.1589 -1.4289 0.5696 1.1598
-18.7274 89.0927 -217.2113 0.7787 -8.1318 11.8022 1.2085 10.0730 -0.1233 0.0841 -1.4887 -0.6595 -1.5136 19.9040 -2.6933 -0.2903 22.4222 3.0118 -1.1774 -3.7434 -3.0438 5.6710 -7.3409 -5.4358 -0.1339 -0.0695 0.2210 0.5319 -10.4583 -3.6068 -0.8033 -10.4219 4.0965 -1.1420 15.3458 -17.4586 -25.2513 -39.5576 -45.4730 0.0718 0.6788 -63.4704 33.1376 34.2577 23.8459 -16.7169 10.9801 16.4050 -60.5513 1.5608 2.3888 -6.6133 15.9164 12.8209 65.1586 -45.7531 9.5801 -1.0137 0.0289 95.2500 -27.6451 42.6049 -53.3956 16.0090 6.8412 -15.8796 49.3545 -3.4071 -5.2126 1.6013 -9.9802 15.3058 -0.2801 54.2861 -0.5618 -7.6062 -33.7806 11.6324 1.7253 -1.0691 -2.0584 -4.8099 -34.9840 -7.8296 0.1684 28.9275 0.1146 0.0305 14.5515 -14.7029 -1.4259 0.5342 1.1318
-18.2508 89.1444 -218.7454 0.7314 -9.6768 12.2879 0.8968 9.7834 -0.0638 -0.0059 -1.5773 -0.5971 -1.7141 19.7158 -2.7437 0.0686 23.6364 2.9736 -1.1373 -3.7324 -2.9001 6.0338 -6.7452 -5.4263 -0.1405 -0.0703 0.2325 0.5209 -10.5015 -3.6002 -0.8057 -10.4734 4.1157 -1.4796 15.3754 -17.2434 -25.0548 -37.7737 -46.4729 0.2317 0.7930 -62.9739 32.8475 34.9104 23.6751 -16.8500 10.9523 16.4087 -60.6684 1.5392 2.3729 -6.6055 15.9389 12.9176 66.4962 -44.7956 8.9242 -1.1572 0.1071 94.5733 -27.4313 42.8420 -53.0301 16.0824 6.8346 -15.8681 49.4259 -3.4049 -5.2686 1.3041 -9.2350 15.1658 -0.2545 54.2300 -0.4856 -7.0928 -33.5580 11.3847 1.7350 -0.9426 -2.0706 -5.5253 -32.5084 -7.7221 0.1651 25.6233 0.1275 -0.3849 17.0413 -15.2174 -1.4217 0.5478 1.1105
-17.8790 89.1067 -220.0747 0.5192 -11.2839 12.8668 0.5165 9.3873 0.0359 -0.1205 -1.6835 -0.5921 -1.9462 19.2995 -2.7892 0.6413 24.7074 2.8716 -1.1187 -3.7221 -2.6595 6.3934 -6.1171 -5.3596 -0.1309 -0.0577 0.2257 0.5338 -10.5080 -3.6110 -0.7994 -10.4922 4.1102 -1.7041 15.3692 -17.0295 -25.2101 -36.2176 -47.5064 0.3810 0.8746 -62.5902 32.4344 35.6396 23.1605 -16.8617 10.9316 16.4201 -60.7179 1.4682 2.3208 -6.6229 15.8759 12.9340 68.0893 -43.6315 7.9326 -1.3518 0.2529 94.1281 -27.0266 42.8738 -52.1826 16.0480 6.8305 -15.8589 49.4249 -3.4250 -5.3003 1.3010 -8.4591 14.9475 -0.2587 54.3808 -0.4644 -6.6753 -33.3760 11.2620 1.7393 -0.8361 -2.0775 -6.0583 -29.9692 -7.6107 0.1594 22.6054 0.1106 -0.7298 19.4664 -15.8180 -1.4219 0.5916 1.1295
-17.6139 88.9749 -221.2184 0.1702 -12.8824 13.6160 0.0742 8.9059 0.1305 -0.2722 -1.8114 -0.6720 -2.1579 18.8213 -2.7126 1.4851 25.4115 2.5828 -1.2678 -3.6382 -2.2456 6.7846 -5.6211 -5.3242 -0.1323 -0.0259 0.2532 0.5551 -10.4637 -3.5883 -0.8228 -10.4616 4.1401 -1.8005 15.4466 -16.9901 -25.3064 -34.8331 -48.8152 0.5960 1.1398 -62.3482 31.7508 36.1803 22.4053 -16.8782 10.9021 16.4298 -60.8144 1.3682 2.3078 -6.5544 15.6790 12.7781 69.5100 -42.2824 6.8301 -1.5227 0.4458 93.7714 -26.5219 42.6989 -51.2924 15.9697 6.8909 -15.9147 49.4224 -3.4523 -5.2697 1.4901 -7.6576 14.5338 -0.2593 54.5599 -0.4201 -6.2282 -33.2917 11.2472 1.7308 -0.5067 -2.1023 -6.4551 -27.5073 -7.7354 0.1968 19.8712 0.0964 -1.0557 21.6441 -16.5076 -1.4408 0.6793 1.1269
-17.4478 88.9614 -222.2532 -0.2816 -14.2007 14.3856 -0.3908 8.2129 0.1782 -0.4259 -1.9461 -0.5664 -2.4788 18.1597 -2.7229 2.4273 25.8178 2.4113 -1.2797 -3.6620 -2.1570 7.3379 -4.9208 -5.4184 -0.1048 -0.0058 0.2115 0.5880 -10.4341 -3.6316 -0.7998 -10.4422 4.0919 -1.9480 15.1640 -16.8348 -25.6746 -33.7586 -50.2088 0.4743 1.1953 -62.0129 31.0001 37.2838 21.6900 -16.6713 10.9207 16.5137 -60.8236 1.2729 2.3667 -6.3386 15.4667 12.6905 70.4707 -40.9228 6.1162 -1.9266 0.5867 92.9769 -25.6744 43.0676 -50.3369 15.6666 6.9949 -15.8927 49.5251 -3.3779 -5.1605 1.7808 -7.1167 14.1425 -0.1887 54.7371 -0.3467 -5.4952 -33.2423 10.9985 1.7391 -0.3683 -2.0232 -6.5966 -25.3953 -7.7614 0.1650 17.6559 0.0232 -1.4602 23.6988 -16.9912 -1.4295 0.7403 1.1916
-17.4015 88.9050 -223.1641 -0.8143 -15.6747 15.2231 -0.7878 7.7091 0.2456 -0.6051 -2.0756 -0.6065 -2.7606 17.7921 -2.7105 3.3635 26.0103 2.0189 -1.4658 -3.5694 -1.7588 7.7985 -4.2812 -5.4236 -0.1159 0.0107 0.2534 0.5886 -10.3819 -3.5848 -0.8221 -10.3997 4.1312 -2.0031 15.2567 -16.8364 -25.6154 -32.8857 -51.8533 0.7502 1.4873 -61.7498 29.9622 37.3499 20.8387 -16.6864 10.8180 16.4873 -60.7532 1.1787 2.5255 -6.0133 15.1803 12.5612 70.9092 -39.5153 5.6512 -2.0466 0.7665 92.2850 -24.5026 42.8653 -49.4164 15.6191 6.9950 -15.8712 49.4826 -3.3951 -5.0753 2.2671 -6.3249 13.7102 -0.1466 54.7634 -0.2739 -4.8143 -33.1260 10.7479 1.7378 -0.1652 -2.0484 -6.7125 -23.5248 -7.9197 0.2361 16.2588 0.0674 -1.8809 25.5605 -17.7557 -1.4421 0.6699 1.1935
-17.4197 88.9919 -224.1184 -1.3108 -16.9395 15.9650 -1.2695 7.1545 0.3750 -0.7904 -2.2017 -0.6874 -3.0390 17.4196 -2.8031 4.1641 26.1361 1.7388 -1.3338 -3.5482 -1.5936 8.1087 -3.4299 -5.2678 -0.0860 0.0113 0.1833 0.6203 -10.3757 -3.6509 -0.7931 -10.3945 4.0476 -1.8242 15.0831 -16.6026 -26.3984 -32.5037 -52.9492 0.8887 1.9174 -61.4536 28.8658 37.5663 19.8655 -16.6696 10.7812 16.3523 -60.5393 1.2287 2.5436 -5.7304 14.9389 12.6222 71.3214 -38.1810 5.2510 -2.0501 0.8368 91.3040 -23.1803 42.7222 -48.2236 15.7869 6.8654 -15.6995 49.3949 -3.3612 -5.0312 2.7060 -5.5076 13.4293 -0.1425 54.2793 -0.2261 -4.0662 -32.7748 10.2587 1.7236 -0.1536 -1.9755 -6.6896 -22.3140 -8.2260 0.3380 15.9172 0.2455 -1.7150 27.7302 -17.8192 -1.4322 0.3216 1.2320
-17.4940 89.1788 -224.9754 -1.8996 -18.1541 16.5630 -1.6658 6.7083 0.4195 -0.9638 -2.3225 -0.6683 -3.2072 17.0544 -2.7583 4.7904 26.2955 1.4112 -1.2801 -3.5642 -1.4641 8.5151 -2.5996 -5.2334 -0.0811 0.0155 0.1737 0.6292 -10.3447 -3.6500 -0.7915 -10.3685 4.0261 -1.6824 14.9554 -16.4491 -27.1271 -32.1739 -53.9031 1.0967 2.2812 -61.3145 27.3723 37.2684 18.6169 -16.5144 10.8187 16.2900 -60.4858 1.2520 2.6038 -5.4634 14.8468 12.6247 71.1706 -36.9181 5.4277 -2.2420 0.9601 90.2881 -21.6123 42.3653 -46.9841 15.7607 6.8451 -15.6193 49.4098 -3.3664 -4.9830 3.2897 -4.6922 13.1936 -0.0913 53.6920 -0.1041 -3.4323 -32.3539 9.8888 1.7207 -0.0242 -1.9779 -6.4123 -21.5800 -8.6228 0.3929 17.3221 0.2952 -1.0314 28.0735 -17.0464 -1.4250 0.1457 1.2372
-17.6075 89.4226 -225.9405 -2.3962 -19.2662 17.0624 -2.0228 6.3564 0.4685 -1.1222 -2.4535 -0.6639 -3.4083 16.7238 -2.7177 5.2868 26.4983 1.1506 -1.2205 -3.5525 -1.3584 8.8639 -1.8750 -5.2364 -0.0739 0.0194 0.1591 0.6389 -10.3327 -3.6548 -0.7855 -10.3554 4.0003 -1.5365 14.8481 -16.2772 -28.1205 -32.1028 -54.3067 1.1278 2.5301 -61.4493 25.7678 36.4926 17.0928 -16.3095 10.8486 16.2532 -60.3752 1.3041 2.6188 -5.1903 14.8655 12.7132 70.5958 -35.6843 5.9390 -2.4293 1.0451 89.5950 -20.0362 41.9785 -45.9510 15.6749 6.8841 -15.5384 49.4803 -3.2980 -4.9164 3.7923 -3.8652 13.0723 -0.0437 52.9217 -0.0024 -2.7482 -31.8105 9.5241 1.7137 0.0411 -2.0089 -6.0781 -21.4708 -9.1772 0.4662 21.0987 0.3692 -0.0455 25.8924 -15.8860 -1.4390 0.1381 1.2258
-17.7722 89.7006 -226.9795 -2.7863 -20.2624 17.4477 -2.3202 6.0139 0.4949 -1.2705 -2.5803 -0.6276 -3.6534 16.4343 -2.6651 5.6505 26.7398 0.9847 -1.2391 -3.5293 -1.2596 9.1262 -1.1189 -5.3188 -0.0632 0.0178 0.1381 0.6428 -10.3463 -3.6731 -0.7672 -10.3650 3.9737 -1.5241 14.7539 -16.0769 -29.2741 -32.0435 -54.2720 1.1038 2.6271 -61.7869 24.2083 35.6372 15.5205 -16.1071 10.8958 16.2482 -60.3077 1.3277 2.6139 -4.9872 14.8912 12.7982 69.7879 -34.4973 6.6162 -2.5063 1.2066 89.1446 -18.1855 41.2475 -44.9155 15.6438 6.9365 -15.5423 49.6581 -3.2410 -4.8978 4.1666 -3.0741 12.9766 0.0167 52.0423 0.1029 -2.0537 -31.1737 9.1439 1.7035 0.0751 -2.0090 -5.8354 -21.7226 -9.5383 0.4785 26.9135 0.3965 0.4686 21.2144 -15.4390 -1.4602 0.1301 1.2057
-17.8987 89.9864 -227.8499 -3.0446 -21.1259 17.6638 -2.5497 5.6395 0.5279 -1.3823 -2.7174 -0.5579 -3.9500 16.1595 -2.5698 5.8534 27.0016 0.9970 -1.2806 -3.5151 -1.2757 9.3202 -0.3348 -5.4359 -0.0499 0.0135 0.1076 0.6393 -10.3617 -3.7008 -0.7359 -10.3731 3.9357 -1.6822 14.5853 -15.8682 -30.7165 -32.0146 -53.6530 0.9628 2.6116 -62.2797 22.6770 34.7562 13.9784 -15.9427 10.9309 16.2543 -60.2005 1.3562 2.5975 -4.8485 14.8984 12.8587 68.8738 -33.3777 7.2942 -2.4708 1.3601 88.8621 -16.2928 40.2449 -43.8921 15.6702 6.9622 -15.5307 49.8186 -3.2111 -4.8281 4.4437 -2.3122 13.0174 0.0746 51.0490 0.2069 -1.4003 -30.5071 8.6729 1.6934 0.1323 -1.9777 -5.7402 -22.0800 -9.5916 0.4210 34.0691 0.3719 0.4956 15.6413 -15.7533 -1.4872 -0.0482 1.2047
-18.0362 90.2907 -228.5856 -3.1175 -21.8835 17.7701 -2.7529 5.1959 0.5399 -1.4666 -2.8812 -0.4464 -4.3716 15.8618 -2.4789 5.8692 27.2986 1.1303 -1.3452 -3.5032 -1.3329 9.4289 0.4436 -5.5317 -0.0345 0.0115 0.0717 0.6463 -10.3728 -3.7356 -0.7118 -10.3838 3.8948 -1.9817 14.3383 -15.6262 -32.3687 -31.8610 -52.5884 0.8019 2.6193 -62.7861 21.0483 33.6778 12.4769 -15.8122 10.9446 16.2490 -60.0905 1.3579 2.5265 -4.8306 14.8441 12.9115 67.9597 -32.2872 8.0043 -2.4138 1.4204 88.6658 -14.5529 39.0878 -42.9926 15.6604 6.9815 -15.5495 49.8970 -3.2119 -4.8083 4.5959 -1.5544 13.1839 0.1022 49.9809 0.2479 -0.8097 -29.8129 8.0596 1.6850 0.2306 -1.9321 -5.8823 -22.2784 -9.5516 0.3303 42.0941 0.3042 0.8441 9.6466 -16.4821 -1.5135 -0.2840 1.2147
-18.1414 90.5854 -229.2969 -3.0218 -22.5381 17.6424 -2.8897 4.6680 0.5642 -1.5183 -3.1028 -0.2971 -4.8918 15.5898 -2.3734 5.6973 27.5398 1.3581 -1.3886 -3.4952 -1.3639 9.4195 1.1579 -5.5736 -0.0208 0.0073 0.0363 0.6563 -10.3981 -3.7722 -0.6948 -10.4073 3.8587 -2.5283 14.0398 -15.3497 -34.0062 -31.4871 -51.2536 0.6413 2.5469 -63.0958 19.6163 32.5729 11.0867 -15.7328 10.9773 16.2851 -60.0482 1.3723 2.4710 -4.8656 14.6884 12.9723 67.0618 -31.2258 8.7135 -2.3324 1.3236 88.4553 -13.0649 37.9430 -42.1861 15.5864 6.9993 -15.5730 49.8245 -3.2422 -4.8202 4.6377 -0.7661 13.4940 0.0972 48.8226 0.2273 -0.3598 -29.0368 7.4813 1.6804 0.2752 -1.9105 -6.1815 -22.1073 -9.6319 0.2100 50.1515 0.1846 1.8116 4.5917 -17.1528 -1.5358 -0.5501 1.2196
-18.2212 90.9062 -229.9734 -2.7986 -23.1313 17.2230 -2.9754 4.0307 0.5873 -1.5461 -3.3824 -0.0853 -5.4230 15.3459 -2.2663 5.3129 27.6711 1.7364 -1.3766 -3.4960 -1.3908 9.3188 1.8962 -5.5425 -0.0108 -0.0064 0.0147 0.6691 -10.4368 -3.7989 -0.6878 -10.4465 3.8399 -3.4507 13.7338 -15.0550 -35.5326 -30.8052 -49.7870 0.5211 2.5304 -63.0128 18.5485 31.4040 9.9368 -15.6866 11.0268 16.3466 -60.0354 1.4131 2.4406 -4.8153 14.5180 13.0644 66.0056 -30.2191 9.6461 -2.3599 1.1765 88.1064 -11.5969 36.8072 -41.2518 15.4616 7.0343 -15.5898 49.7142 -3.2689 -4.8601 4.6076 0.1171 13.9379 0.0912 47.4811 0.1884 -0.0357 -28.1017 7.0647 1.6797 0.2106 -1.9160 -6.5874 -21.4040 -9.9808 -0.0063 57.8423 -0.0829 3.3611 0.9079 -17.1904 -1.5536 -0.8798 1.2009
-18.3333 91.2796 -230.6399 -2.5397 -23.5840 16.6213 -3.0067 3.2947 0.6374 -1.5424 -3.6977 0.1401 -5.9183 15.1414 -2.1898 4.8693 27.6456 2.1131 -1.3578 -3.4897 -1.3775 9.1260 2.6498 -5.4581 -0.0021 -0.0234 -0.0005 0.6860 -10.4641 -3.8207 -0.6875 -10.4787 3.8280 -4.6194 13.4445 -14.7752 -36.8140 -29.9341 -48.4634 0.4252 2.5587 -62.3632 17.9906 30.4179 9.1913 -15.5858 11.0766 16.4230 -59.9987 1.4471 2.4127 -4.6103 14.3844 13.1261 64.8450 -29.3520 10.7673 -2.4820 1.0588 87.5916 -10.2774 35.9154 -40.3295 15.3275 7.0773 -15.6022 49.5936 -3.3012 -4.8808 4.5328 0.9174 14.3987 0.1014 46.0522 0.1679 0.2269 -27.0038 6.8290 1.6816 0.0922 -1.9224 -7.0690 -20.1855 -10.5585 -0.3062 64.8034 -0.4755 5.1745 -1.1013 -16.2227 -1.5725 -1.3666 1.1753
-18.4366 91.6889 -231.2907 -2.3089 -23.8571 15.8941 -2.9964 2.5325 0.7075 -1.5262 -4.0200 0.3044 -6.3211 14.9528 -2.1395 4.5027 27.4117 2.4844 -1.3310 -3.4732 -1.3479 8.8932 3.3972 -5.3616 0.0041 -0.0402 -0.0095 0.7064 -10.4903 -3.8374 -0.6958 -10.5112 3.8249 -5.8113 13.1800 -14.5379 -37.9442 -29.0689 -47.2485 0.3887 2.5468 -61.1380 17.8673 29.6534 8.7451 -15.4672 11.1772 16.4810 -60.0749 1.5050 2.3629 -4.2526 14.2818 13.2031 63.6942 -28.6006 11.9354 -2.6392 0.9887 86.9806 -9.0851 35.1887 -39.4128 15.2234 7.1246 -15.6063 49.4820 -3.3464 -4.9039 4.4220 1.4763 14.7992 0.1226 44.6556 0.1772 0.4756 -25.7830 6.8285 1.6852 -0.0563 -1.9376 -7.6301 -18.4965 -11.2884 -0.6707 70.8030 -0.9349 6.9778 -1.3593 -14.2563 -1.5831 -2.0111 1.1359
-18.6123 92.0668 -231.9168 -2.2059 -23.9084 15.1961 -3.0016 1.8027 0.7349 -1.5068 -4.3004 0.4240 -6.6023 14.7538 -2.1681 4.3277 26.9942 2.6962 -1.2984 -3.4658 -1.2758 8.5988 4.0711 -5.2185 0.0097 -0.0532 -0.0266 0.7268 -10.5057 -3.8611 -0.7050 -10.5357 3.8119 -6.7817 12.9840 -14.4067 -38.9218 -28.4261 -46.2208 0.4476 2.4421 -59.4087 18.1710 29.1978 8.6686 -15.3496 11.2708 16.4908 -60.1804 1.5671 2.3220 -3.7591 14.1359 13.2442 62.6925 -27.9573 13.0917 -2.8255 0.9724 86.3658 -8.1623 34.7131 -38.6511 15.1546 7.1835 -15.5586 49.3904 -3.3835 -4.8997 4.3614 1.5693 15.1022 0.1562 43.4956 0.2109 0.7491 -24.4975 6.9145 1.6872 -0.1685 -1.9419 -8.1973 -16.4086 -12.1465 -0.8988 75.6148 -1.2091 8.6083 0.3131 -11.0901 -1.5709 -2.8944 1.0965
-18.8898 92.3700 -232.6861 -2.2185 -23.6806 14.6682 -3.0440 1.1506 0.7469 -1.5183 -4.5504 0.4403 -6.7539 14.5667 -2.2654 4.3541 26.4548 2.7587 -1.2557 -3.4648 -1.2589 8.2828 4.6066 -4.9936 0.0111 -0.0567 -0.0454 0.7401 -10.5213 -3.8863 -0.7151 -10.5617 3.7980 -7.4222 12.8960 -14.4501 -39.6904 -28.1646 -45.4375 0.5731 2.2006 -57.3651 18.8203 29.0641 8.8746 -15.2705 11.3029 16.4221 -60.3007 1.6236 2.2918 -3.1950 13.9624 13.2467 62.0016 -27.5482 13.9595 -2.8696 0.9584 85.8720 -7.6809 34.2723 -38.1028 15.0573 7.2263 -15.4661 49.2968 -3.4173 -4.8868 4.3068 1.0545 15.2526 0.1922 42.7076 0.2690 1.0498 -23.2093 7.0207 1.6856 -0.2116 -1.9369 -8.6872 -14.0171 -13.0298 -0.8033 79.2497 -1.0835 10.0932 3.2651 -7.2075 -1.5336 -3.8348 1.0607
-19.2641 92.6142 -233.5793 -2.2911 -23.1167 14.3160 -3.1200 0.5829 0.7300 -1.5378 -4.7767 0.4420 -6.7880 14.3931 -2.4137 4.5493 25.9135 2.7683 -1.2384 -3.4759 -1.3212 8.0055 4.9032 -4.8002 0.0126 -0.0529 -0.0669 0.7501 -10.5336 -3.9186 -0.7219 -10.5821 3.7857 -7.8089 12.8242 -14.6505 -40.0828 -28.1864 -45.0090 0.6614 1.9178 -55.3152 19.5578 29.0831 9.1365 -15.2200 11.3140 16.3817 -60.3183 1.6805 2.3223 -2.5761 13.8237 13.1525 61.5139 -27.4300 14.5459 -2.7685 0.8601 85.5566 -7.6934 33.7412 -37.7064 15.0019 7.2263 -15.3674 49.2265 -3.4288 -4.8563 4.1735 -0.1376 15.2276 0.2326 42.3049 0.3539 1.3821 -21.9145 7.1106 1.6780 -0.2021 -1.9006 -8.9191 -11.4474 -13.7293 -0.3437 81.6343 -0.5511 11.4855 6.6919 -3.4518 -1.4724 -4.4645 1.0245
-19.7239 92.7995 -234.6730 -2.2795 -22.2408 14.0509 -3.2170 0.1052 0.7283 -1.5814 -4.9960 0.4348 -6.7700 14.2132 -2.5344 4.7743 25.4324 2.7499 -1.2272 -3.4833 -1.4556 7.7705 4.9192 -4.6198 0.0138 -0.0386 -0.0857 0.7561 -10.5289 -3.9452 -0.7257 -10.5849 3.7737 -7.9574 12.7056 -14.8994 -40.1144 -28.3271 -44.9690 0.6968 1.6251 -53.5981 20.2662 29.1551 9.3293 -15.1437 11.3540 16.4211 -60.2241 1.7583 2.3793 -2.0215 13.7572 13.0040 61.1736 -27.5585 14.9506 -2.6524 0.6902 85.4049 -8.0593 33.3374 -37.4861 14.9405 7.1863 -15.2818 49.1563 -3.4342 -4.8087 3.7970 -1.8695 15.0243 0.2898 42.0671 0.4774 1.7337 -20.5036 7.2801 1.6692 -0.1835 -1.8550 -8.9176 -8.7491 -14.1714 0.3541 82.7827 0.2700 12.8556 9.8466 -0.2636 -1.3884 -4.6313 0.9876
-20.2002 92.9485 -235.9615 -2.0827 -21.1200 13.7143 -3.3130 -0.2868 0.6906 -1.5967 -5.2072 0.5226 -6.7348 14.0426 -2.5913 4.9255 24.9951 2.7321 -1.2418 -3.4867 -1.5751 7.5770 4.7560 -4.5015 0.0147 -0.0236 -0.0940 0.7584 -10.5137 -3.9608 -0.7268 -10.5739 3.7724 -7.9691 12.5409 -15.0386 -39.8539 -28.4002 -45.2288 0.6942 1.3186 -52.7230 20.9096 29.2578 9.4266 -15.0924 11.4054 16.4972 -60.1251 1.8033 2.4382 -1.6017 13.7687 12.8591 60.8101 -27.7447 15.3987 -2.6005 0.5188 85.3590 -8.6000 33.2867 -37.4010 14.8426 7.1685 -15.2519 49.1284 -3.4213 -4.7807 3.1355 -3.8974 14.7548 0.3392 41.8049 0.5748 2.0311 -18.9818 7.6338 1.6675 -0.1341 -1.8199 -8.6872 -6.0960 -14.2591 0.7709 82.5626 0.8112 13.7924 12.2719 1.7283 -1.3142 -4.5554 0.9662
-20.7907 93.1013 -237.4118 -1.6788 -19.7932 13.2375 -3.3626 -0.6497 0.6471 -1.5859 -5.4128 0.6605 -6.7090 13.8665 -2.5743 4.9087 24.5923 2.7592 -1.2809 -3.4820 -1.6471 7.4281 4.5635 -4.4549 0.0100 -0.0142 -0.0738 0.7489 -10.5090 -3.9482 -0.7276 -10.5755 3.8011 -7.9546 12.3127 -14.9591 -39.3957 -28.3107 -45.7116 0.7146 1.0025 -52.7802 21.5334 29.4725 9.4084 -15.1140 11.4952 16.6125 -60.1035 1.8224 2.5036 -1.3792 13.8689 12.7692 60.3178 -27.8709 16.0280 -2.6808 0.4457 85.3718 -9.0635 33.6163 -37.3137 14.7617 7.2134 -15.2603 49.1899 -3.3830 -4.7824 2.1957 -6.0417 14.4902 0.3753 41.2979 0.6373 2.3070 -17.2962 8.1868 1.6712 -0.1055 -1.8109 -8.2471 -3.4660 -13.9858 0.7673 80.9691 0.9532 14.0949 13.4701 2.3506 -1.2586 -4.4030 0.9574
-21.3387 93.2614 -238.9724 -1.1334 -18.2956 12.6378 -3.3256 -1.0092 0.6142 -1.5605 -5.6055 0.8316 -6.6883 13.7014 -2.5067 4.7018 24.1904 2.7860 -1.2805 -3.4774 -1.5543 7.3011 4.3419 -4.5074 0.0013 -0.0119 -0.0421 0.7295 -10.5093 -3.9204 -0.7262 -10.5781 3.8380 -7.9628 12.0208 -14.6642 -38.9057 -28.0933 -46.1259 0.6468 0.6399 -53.8590 22.0787 29.7554 9.1760 -15.1574 11.5517 16.6330 -60.2362 1.8134 2.5229 -1.3946 13.9958 12.6758 59.7970 -27.8724 16.7696 -2.7605 0.5317 85.4624 -9.3161 34.2047 -37.1109 14.7244 7.3019 -15.3115 49.3720 -3.3266 -4.8454 1.0625 -8.2434 14.1984 0.3782 40.5069 0.6456 2.5833 -15.4904 9.0498 1.6842 -0.0913 -1.8399 -7.6199 -0.8115 -13.3363 0.4963 77.5820 0.7864 13.5081 13.2864 1.6484 -1.2197 -4.7399 0.9526
-21.9317 93.4111 -240.6451 -0.4544 -16.7208 11.9589 -3.2291 -1.3437 0.6092 -1.5487 -5.7705 0.9984 -6.6826 13.5316 -2.4250 4.3580 23.8043 2.7837 -1.2185 -3.4681 -1.3266 7.1839 4.0097 -4.5640 -0.0078 -0.0132 -0.0122 0.7050 -10.5034 -3.8883 -0.7204 -10.5715 3.8659 -8.0094 11.7437 -14.2112 -38.3250 -27.8158 -46.4398 0.4781 0.2995 -55.7227 22.4711 30.4431 8.9175 -15.2163 11.5922 16.6383 -60.3709 1.8060 2.5175 -1.5823 14.1428 12.5738 59.2714 -27.7071 17.5403 -2.8541 0.7620 85.8162 -9.2639 35.0033 -36.8646 14.7512 7.3754 -15.3744 49.5738 -3.2817 -4.9304 -0.2534 -10.4462 13.8270 0.3697 39.4656 0.6365 2.9187 -13.5427 10.1568 1.6991 -0.0409 -1.8704 -6.9952 1.9510 -12.4787 0.2188 72.5063 0.5978 12.0398 11.2519 0.0861 -1.2177 -6.1646 0.9554
-22.5558 93.4916 -242.3928 0.3524 -15.1053 11.2045 -3.1108 -1.6141 0.6493 -1.5636 -5.9057 1.1277 -6.6497 13.3739 -2.3659 3.9408 23.3550 2.8056 -1.1125 -3.4576 -1.0146 7.0231 3.4914 -4.6177 -0.0139 -0.0132 0.0119 0.6856 -10.5232 -3.8650 -0.7140 -10.5907 3.8914 -8.0405 11.4501 -13.6998 -37.5351 -27.5073 -46.8009 0.2954 -0.0068 -57.8050 22.6672 31.3372 8.7160 -15.2503 11.6001 16.6112 -60.5274 1.8326 2.4614 -1.8816 14.3187 12.4714 58.6833 -27.4956 18.2718 -2.8670 0.8921 86.3949 -9.2190 35.6937 -36.6979 14.8495 7.3983 -15.4374 49.7046 -3.2800 -5.0977 -1.6756 -12.7704 13.4568 0.3381 38.3692 0.5960 3.2493 -11.5566 11.4901 1.7045 0.0331 -1.8853 -6.4046 4.7727 -11.4217 -0.0421 66.2598 0.3807 10.2451 6.8413 -1.4427 -1.2902 -9.4732 0.9942
-23.1928 93.4481 -244.2876 1.2318 -13.5521 10.3782 -3.0296 -1.7898 0.6709 -1.5608 -5.9594 1.2704 -6.5647 13.2147 -2.3639 3.4620 22.8955 2.8222 -1.0125 -3.4420 -0.7013 6.8482 2.8453 -4.5964 -0.0211 -0.0074 0.0379 0.6761 -10.5337 -3.8441 -0.7197 -10.6027 3.9218 -7.9634 11.2096 -13.2702 -36.6565 -27.3566 -47.2468 0.1832 -0.1853 -59.5814 22.8537 32.2663 8.7390 -15.3692 11.5687 16.6284 -60.6696 1.8384 2.4177 -2.2898 14.4362 12.3439 58.1936 -27.3109 18.9058 -2.8660 0.9255 87.0018 -9.2280 36.2068 -36.6931 15.0076 7.3886 -15.4954 49.8165 -3.2614 -5.2658 -3.1263 -15.1587 13.1333 0.3154 37.3069 0.5615 3.6357 -9.5825 12.8100 1.7009 0.1556 -1.8575 -6.0302 7.2499 -10.4915 -0.1808 59.6301 0.2688 8.5483 1.1356 -2.2176 -1.4423 -14.7167 1.1286
-23.8216 93.2873 -246.2669 2.0360 -12.1609 9.4643 -2.9396 -1.7925 0.6504 -1.5133 -5.9520 1.3687 -6.3638 13.1420 -2.3688 2.9450 22.4513 2.8539 -0.9062 -3.4399 -0.4415 6.6161 2.0152 -4.4286 -0.0258 -0.0012 0.0620 0.6744 -10.5400 -3.8263 -0.7288 -10.6089 3.9529 -7.7059 11.0772 -12.9603 -35.7684 -27.4505 -47.7830 0.1905 -0.1860 -60.8998 23.0283 32.8145 8.9437 -15.4845 11.5285 16.6602 -60.7538 1.8052 2.3748 -2.7900 14.5623 12.2358 57.7670 -27.2558 19.4137 -2.9105 0.9564 87.5812 -9.1883 36.6007 -37.0174 15.1482 7.3969 -15.5722 49.9412 -3.2621 -5.3297 -4.4121 -17.5482 12.9377 0.3149 36.3332 0.5548 4.1158 -7.6081 14.0063 1.6988 0.1539 -1.8217 -5.8850 8.8924 -9.9792 -0.2284 53.8368 0.2320 7.2292 -5.0115 -2.4627 -1.5683 -17.8830 1.2808
-24.4147 93.0788 -248.3784 2.5818 -11.0373 8.5034 -2.7581 -1.6053 0.5970 -1.4174 -5.8855 1.3868 -6.0279 13.2139 -2.4474 2.4260 22.0634 2.9035 -0.7794 -3.4367 -0.1677 6.3415 1.0297 -4.1749 -0.0330 0.0057 0.0934 0.6697 -10.5511 -3.7938 -0.7395 -10.6183 3.9868 -7.3065 11.1161 -12.7995 -34.9779 -27.9143 -48.1700 0.1321 -0.1252 -61.9262 23.3239 33.0163 9.1344 -15.6689 11.4964 16.6143 -60.8908 1.7362 2.3359 -3.2378 14.7006 12.1955 57.3469 -27.4290 19.7487 -2.8804 0.9527 88.0336 -9.2714 37.3310 -37.7478 15.3178 7.4535 -15.6451 50.1597 -3.2661 -5.2998 -5.2818 -19.7923 12.8139 0.3099 35.4513 0.5330 4.5971 -5.6801 15.1636 1.6982 -0.0168 -1.8187 -5.8323 9.5068 -9.8714 -0.2136 49.3954 0.2249 6.1353 -10.1273 -2.3580 -1.6058 -19.0723 1.3530
-24.9779 92.8613 -250.6433 2.8858 -10.1822 7.5106 -2.5267 -1.2374 0.4784 -1.3094 -5.7043 1.3277 -5.5695 13.3249 -2.5923 1.9759 21.7226 2.9825 -0.6185 -3.4387 0.1438 5.9983 -0.0347 -3.8018 -0.0404 0.0146 0.1188 0.6654 -10.5490 -3.7651 -0.7504 -10.6133 4.0119 -6.7156 11.2827 -12.8305 -34.4178 -28.5360 -48.3821 0.1362 0.0040 -62.7215 23.8018 33.1174 9.4163 -15.9159 11.4510 16.5116 -60.9741 1.6967 2.3031 -3.5600 14.8124 12.1801 56.9963 -27.8282 20.0336 -2.8336 0.8991 88.2883 -9.5164 38.4416 -38.7808 15.5507 7.4843 -15.6668 50.3726 -3.2875 -5.1937 -5.7480 -21.7456 12.7426 0.2812 34.4539 0.4781 5.1329 -3.7674 16.2713 1.6984 -0.2792 -1.8377 -5.7536 9.1534 -10.0184 -0.1709 46.4817 0.2652 5.2950 -14.0127 -1.9422 -1.5997 -18.9495 1.3630
-25.5133 92.5911 -252.9834 3.0058 -9.5481 6.5323 -2.2536 -0.6651 0.3017 -1.2459 -5.4200 1.1326 -4.9265 13.4781 -2.7521 1.6003 21.4056 2.9152 -0.5992 -3.4866 0.5500 5.6383 -1.2828 -3.2931 -0.0454 0.0159 0.1427 0.6609 -10.5455 -3.7367 -0.7564 -10.6094 4.0359 -6.0279 11.6354 -13.0393 -33.7156 -29.0461 -48.7443 0.2607 -0.0728 -63.4865 24.3050 33.5002 9.8745 -16.1325 11.3291 16.4233 -61.0338 1.6062 2.4834 -3.7478 14.8209 12.0927 56.7992 -28.4851 20.2456 -2.7270 0.8448 88.3939 -10.1268 40.0026 -40.2887 15.6637 7.6432 -15.8212 50.8157 -3.2391 -5.1434 -5.9228 -23.5125 12.4726 0.2482 33.3400 0.4181 5.8436 -1.8546 17.5697 1.7037 -0.4608 -1.8879 -5.7295 8.0543 -10.4862 -0.0819 44.9621 0.2803 4.6736 -17.8283 -1.4047 -1.5864 -16.9474 1.3633
-26.0401 92.3460 -255.2962 3.0179 -9.1262 5.5059 -1.9610 -0.0428 0.1616 -1.1331 -5.1391 0.8173 -4.3518 13.6890 -3.0138 1.2792 21.1576 2.9913 -0.4085 -3.4780 0.9199 5.1531 -2.3810 -2.6433 -0.0477 0.0266 0.1505 0.6546 -10.5314 -3.7265 -0.7545 -10.5928 4.0418 -5.1363 11.9421 -13.4178 -33.6086 -29.4720 -48.6638 0.3489 -0.0417 -64.1226 25.0734 33.6583 10.5073 -16.4104 11.2408 16.3102 -61.1428 1.6282 2.5021 -3.7772 14.7994 12.0548 56.5706 -29.1609 20.7582 -2.7478 0.7965 88.3213 -10.8747 41.1230 -41.6237 15.7715 7.6385 -15.8231 50.8212 -3.2330 -5.1012 -5.8572 -24.8311 12.5408 0.1943 31.9148 0.3421 6.5106 0.0855 18.5729 1.7031 -0.7941 -1.9023 -5.3579 6.3118 -10.4307 -0.0608 44.9192 0.3084 4.1797 -20.7258 -1.1376 -1.5626 -14.4530 1.3367
-26.4929 92.0866 -257.5586 3.0525 -8.9291 4.3432 -1.6837 0.5949 0.0526 -1.0322 -4.9001 0.4154 -3.8095 13.9994 -3.2788 0.9948 20.9954 3.0712 -0.2554 -3.5038 1.3130 4.6144 -3.1807 -1.9794 -0.0459 0.0342 0.1514 0.6507 -10.5392 -3.7252 -0.7466 -10.6007 4.0426 -4.3260 12.2693 -13.9441 -33.5385 -29.5715 -48.5222 0.4419 -0.0419 -64.5442 25.7150 33.7368 11.0882 -16.6375 11.1371 16.1713 -61.2815 1.6098 2.4951 -3.7447 14.7221 11.9400 56.4268 -29.9467 21.4198 -2.7176 0.7917 88.0790 -11.7598 41.9411 -42.9473 15.8715 7.5789 -15.8100 50.7421 -3.2542 -5.0765 -5.6976 -25.7506 12.7517 0.1483 30.3696 0.3035 7.0498 1.9817 19.3814 1.7029 -1.0490 -1.9025 -4.9593 4.3775 -10.0258 -0.0330 45.6549 0.2938 3.7438 -23.0317 -0.9757 -1.5410 -12.2207 1.3019
-26.8788 91.8168 -259.5775 3.2355 -8.9258 3.0384 -1.4462 1.1580 -0.0605 -0.9381 -4.6732 0.0228 -3.3950 14.2984 -3.5529 0.6444 20.9653 3.1615 -0.1333 -3.5227 1.6728 4.0895 -3.6829 -1.2867 -0.0426 0.0379 0.1488 0.6485 -10.5328 -3.7218 -0.7382 -10.6007 4.0342 -3.7418 12.5751 -14.5720 -33.5861 -29.3716 -48.2146 0.5048 -0.0253 -64.7613 26.2147 33.5866 11.4318 -16.8338 11.0115 16.0751 -61.4266 1.5774 2.5053 -3.7696 14.6510 11.7930 56.3781 -30.7378 22.3198 -2.7479 0.8231 87.6552 -12.5521 42.5761 -44.1499 15.9719 7.4944 -15.7873 50.6594 -3.2606 -5.0651 -5.6046 -26.2330 13.1799 0.1113 28.8031 0.2787 7.4585 3.7850 20.0564 1.7025 -1.2084 -1.9046 -4.7044 2.5164 -9.3388 0.0098 46.7117 0.2999 3.3291 -24.8681 -0.9082 -1.5238 -10.3537 1.2666
-27.1661 91.5469 -261.4356 3.6175 -9.1488 1.4758 -1.2320 1.6670 -0.1722 -0.8574 -4.4759 -0.3562 -3.1153 14.5883 -3.8363 0.1643 21.0049 3.3041 -0.0427 -3.5298 2.0087 3.5404 -3.8971 -0.5853 -0.0417 0.0378 0.1512 0.6472 -10.5214 -3.7119 -0.7355 -10.5956 4.0313 -3.4861 12.8440 -15.2497 -33.6724 -28.8050 -47.6827 0.5661 -0.0256 -64.8616 26.4749 33.0114 11.2563 -17.0267 10.8736 15.9994 -61.5871 1.5471 2.4879 -3.8949 14.5733 11.6156 56.3471 -31.5123 23.4882 -2.6246 0.8435 87.0649 -13.3391 42.8928 -45.0563 16.0618 7.4386 -15.8382 50.5928 -3.2524 -5.1279 -5.5899 -26.2985 13.9341 0.0842 27.3278 0.2647 7.6847 5.5067 20.6337 1.6971 -1.2834 -1.9298 -4.6127 0.9041 -8.2128 0.0490 47.8877 0.2997 2.8947 -26.5277 -1.0903 -1.5137 -8.6551 1.2389
-27.3130 91.2671 -263.0370 4.1738 -9.5231 -0.4215 -0.9934 2.0738 -0.2734 -0.7629 -4.2966 -0.7519 -2.9758 14.7877 -4.1334 -0.6122 21.1983 3.4898 0.0464 -3.6311 2.2718 3.0490 -3.7882 0.1243 -0.0375 0.0114 0.1359 0.6368 -10.5161 -3.7135 -0.7172 -10.5891 4.0019 -3.5270 13.0466 -15.9345 -33.8227 -27.8465 -46.9119 0.7199 -0.1225 -65.0161 26.6210 32.3142 10.7285 -17.0193 10.7584 15.9630 -61.5906 1.5363 2.4932 -4.2486 14.5196 11.3563 56.1712 -32.1754 25.2885 -2.5555 0.8987 86.2544 -13.7146 43.2293 -45.3143 16.0788 7.4366 -15.9285 50.6223 -3.1895 -5.2221 -5.5841 -26.0649 14.9249 0.0478 26.0087 0.2555 7.6634 7.1463 21.0795 1.6965 -1.3376 -1.9543 -4.5651 -0.4473 -6.5622 0.0852 49.0844 0.3455 2.4132 -28.1145 -1.5459 -1.4927 -7.1076 1.2309
-27.3663 91.0711 -264.3697 4.8001 -10.1242 -2.4437 -0.7381 2.4181 -0.3837 -0.6580 -4.1767 -1.1103 -2.9447 14.9458 -4.5402 -1.4977 21.5061 3.7162 0.1683 -3.6261 2.4772 2.4484 -3.6429 0.8923 -0.0433 -0.0053 0.1503 0.6316 -10.4989 -3.6869 -0.7241 -10.5749 4.0068 -3.8361 13.3286 -16.6469 -34.0412 -26.8204 -45.9006 0.9935 -0.0636 -65.0053 26.6854 31.2726 9.8621 -17.0767 10.6707 16.0124 -61.5635 1.4964 2.5332 -4.6051 14.4921 10.9939 55.3892 -32.4376 27.6947 -2.2769 0.9640 85.4794 -13.4368 43.0529 -45.1081 16.1599 7.4526 -16.0670 50.6127 -3.1632 -5.3143 -5.4820 -25.4718 16.1320 0.0404 25.0534 0.2415 7.3291 8.4245 21.5332 1.6889 -1.3351 -2.0053 -4.6396 -1.4901 -4.6747 0.0832 50.4594 0.3357 2.2257 -29.0286 -2.0267 -1.4745 -5.9141 1.2024
-27.4372 90.9081 -265.3827 5.4586 -10.8923 -4.4644 -0.5163 2.5967 -0.4609 -0.5790 -4.1247 -1.5020 -2.9812 15.0434 -4.9672 -2.3458 22.0138 3.9152 0.3045 -3.6350 2.6782 1.8670 -3.3750 1.5732 -0.0488 -0.0249 0.1607 0.6278 -10.4989 -3.6657 -0.7315 -10.5794 4.0083 -4.2118 13.6471 -17.2828 -34.5987 -26.3126 -44.5592 1.1416 -0.1219 -64.7296 26.6756 30.4668 9.0339 -17.0309 10.6074 16.0526 -61.5735 1.4744 2.5679 -4.8616 14.6016 10.5278 53.9695 -32.0847 30.6494 -2.1357 1.0410 84.6777 -12.4545 43.0581 -44.4953 16.2623 7.4466 -16.1601 50.5916 -3.1880 -5.3834 -5.2706 -24.7654 17.3169 0.0209 24.6657 0.2146 6.8835 9.4229 21.8988 1.6834 -1.2693 -2.0362 -4.8145 -2.0376 -2.8240 0.0765 51.6350 0.3393 2.1817 -29.6209 -2.4210 -1.4599 -5.0257 1.1646
-27.4605 90.8331 -266.1590 6.1696 -11.8184 -6.4135 -0.3897 2.5896 -0.5072 -0.5129 -4.0892 -1.7971 -3.0961 15.0554 -5.4401 -2.9982 22.5770 4.0754 0.4349 -3.6227 2.8320 1.3864 -2.9011 2.2154 -0.0521 -0.0598 0.1596 0.6280 -10.5103 -3.6582 -0.7387 -10.5872 3.9985 -4.5350 13.8336 -17.7687 -35.4801 -26.1543 -43.1846 1.3570 -0.0543 -64.0181 26.7944 29.6378 8.2209 -16.8467 10.6233 16.0104 -61.5944 1.4993 2.4914 -4.8131 14.7303 9.9593 52.2883 -31.1824 33.5933 -2.0757 1.1335 83.9010 -11.0967 43.3293 -43.7951 16.3472 7.4052 -16.0418 50.6096 -3.1585 -5.3639 -4.9973 -24.0003 18.4054 0.0843 24.8574 0.3207 6.3965 10.4301 22.1211 1.7092 -1.0495 -2.0661 -5.0816 -2.1399 -1.1422 0.0241 52.6512 0.2680 2.3000 -29.8993 -2.6676 -1.4573 -4.4295 1.1785
-27.5094 90.7254 -266.7282 6.8435 -12.8816 -8.1280 -0.2912 2.4310 -0.5970 -0.5371 -4.1352 -2.1297 -3.1658 15.0909 -5.7297 -3.4578 23.2546 4.1411 0.5675 -3.6104 3.0368 0.9686 -2.3169 2.7216 -0.0604 -0.0639 0.1816 0.6248 -10.4842 -3.6261 -0.7523 -10.5578 4.0123 -4.9151 14.1371 -18.4009 -36.4264 -26.7993 -41.6377 1.3145 -0.0336 -62.8305 26.8586 28.8030 7.4921 -16.7477 10.5388 15.9513 -61.5389 1.5272 2.5221 -4.5654 14.9179 9.3031 50.5808 -29.8976 36.2819 -2.2662 1.2073 83.2309 -9.7356 44.1058 -43.0007 16.4130 7.3847 -16.0017 50.6875 -3.1517 -5.3497 -4.5347 -23.3344 19.1033 0.0839 25.7367 0.3198 5.8480 11.4221 22.2014 1.7088 -0.9544 -2.1025 -5.4097 -1.6238 0.1186 0.0300 53.2099 0.2728 2.3655 -30.1992 -2.7078 -1.4533 -3.9696 1.1415
-27.6622 90.6587 -267.2641 7.4362 -13.9732 -9.6875 -0.2407 2.1527 -0.6569 -0.5407 -4.2054 -2.3883 -3.2178 15.0928 -6.0638 -3.7471 23.9122 4.1620 0.6844 -3.5847 3.2318 0.5864 -1.6600 3.2133 -0.0639 -0.0625 0.1787 0.6302 -10.4587 -3.6218 -0.7645 -10.5344 4.0038 -5.2836 14.3478 -18.9726 -37.2887 -27.5872 -40.1281 1.1706 0.0587 -61.3267 26.9579 27.7318 6.6518 -16.6410 10.5000 15.9214 -61.4364 1.5233 2.5603 -4.1561 15.0988 8.6543 49.0759 -28.5870 38.4258 -2.3332 1.2172 82.6250 -8.7252 44.7616 -42.2450 16.4265 7.3527 -15.8933 50.7718 -3.1041 -5.2675 -3.9256 -22.8557 19.5190 0.1024 27.0751 0.3272 5.2262 12.4919 22.3876 1.7151 -0.8758 -2.1223 -5.6755 -0.8578 1.1121 0.0303 53.5810 0.2575 2.4083 -30.3962 -2.7133 -1.4504 -3.5919 1.0924
-27.8357 90.6442 -267.6429 7.9655 -15.1706 -11.1487 -0.2041 1.8037 -0.6986 -0.5432 -4.3117 -2.5981 -3.2676 15.1029 -6.4388 -3.8609 24.6210 4.1481 0.8102 -3.5441 3.4568 0.2862 -0.8213 3.7019 -0.0688 -0.0657 0.1702 0.6344 -10.4448 -3.6234 -0.7777 -10.5176 3.9899 -5.5771 14.5419 -19.4853 -37.9811 -28.4974 -38.7377 0.9927 0.1427 -59.4458 27.0116 26.2095 5.6900 -16.5297 10.4817 15.9127 -61.3048 1.5195 2.6034 -3.5867 15.2624 7.9947 47.7569 -27.3027 40.1970 -2.3804 1.1253 82.1730 -8.0616 45.1627 -41.6784 16.3884 7.3345 -15.8060 50.8004 -3.0801 -5.1454 -3.1574 -22.5914 19.8030 0.1247 28.9414 0.3128 4.4414 13.9977 22.5271 1.7234 -0.9513 -2.1227 -5.8309 0.1734 1.9729 0.0136 53.7840 0.2017 2.4252 -30.4816 -2.7513 -1.4440 -3.3150 1.0416
-28.0364 90.6903 -267.9323 8.4597 -16.3974 -12.4585 -0.1883 1.4021 -0.7339 -0.5689 -4.4404 -2.7824 -3.2573 15.1370 -6.7421 -3.8590 25.3261 4.0422 0.9645 -3.4863 3.7946 0.0519 0.2148 4.1689 -0.0751 -0.0709 0.1616 0.6359 -10.4456 -3.6299 -0.7914 -10.5144 3.9817 -5.7479 14.7743 -19.9343 -38.6370 -29.6059 -37.4359 0.8602 0.2289 -57.2255 27.0114 24.5387 4.6965 -16.5471 10.4974 15.9711 -61.3181 1.5234 2.6773 -2.9447 15.3254 7.3571 46.8800 -26.0159 41.5420 -2.5527 1.0694 81.9927 -7.6431 45.3312 -41.1976 16.4292 7.3227 -15.7662 50.9112 -3.0763 -5.0651 -2.2862 -22.5479 19.9186 0.1536 31.2407 0.3048 3.5838 16.0620 22.4211 1.7267 -1.2609 -2.1081 -5.9418 1.4126 2.6221 -0.0215 53.7007 0.1264 2.4262 -30.3660 -2.7867 -1.4357 -3.1638 1.0088
-28.2801 90.8370 -268.1953 8.9421 -17.5270 -13.7570 -0.1123 1.0770 -0.6998 -0.6182 -4.6294 -2.9394 -3.1170 15.1136 -6.8342 -3.7294 26.0118 3.8834 0.9637 -3.4446 4.0448 -0.0585 1.2682 4.4654 -0.0911 -0.0847 0.1626 0.6274 -10.4501 -3.6195 -0.8110 -10.5128 3.9789 -5.7289 15.0869 -20.3669 -39.4300 -30.9536 -36.0456 0.8657 0.1105 -55.0594 27.0128 23.0885 3.8234 -16.6841 10.5127 15.9432 -61.4172 1.5222 2.6872 -2.4508 15.2979 6.7640 46.7068 -24.9322 42.1474 -2.6719 0.8839 82.2405 -7.5763 45.6122 -41.1849 16.4668 7.2256 -15.7089 50.7582 -3.1320 -5.0084 -1.4203 -22.5383 19.7085 0.1185 33.3144 0.2332 2.6096 18.2657 22.4231 1.7338 -1.7350 -2.1425 -6.0183 2.7368 3.1268 -0.0482 53.2842 0.1126 2.3043 -30.2390 -2.8786 -1.4286 -3.0332 1.0113
-28.4618 91.0189 -268.3609 9.6439 -18.5389 -14.9207 -0.1699 0.6502 -0.7425 -0.6596 -4.7199 -3.0272 -3.0186 15.0827 -6.9115 -3.7990 26.6142 3.6664 1.1837 -3.4332 4.5672 -0.1440 2.4811 4.9009 -0.1036 -0.0813 0.1717 0.6123 -10.4776 -3.6236 -0.8220 -10.5219 4.0037 -5.5038 14.8975 -20.4453 -40.7740 -32.4282 -34.2661 0.6209 0.2673 -52.8172 26.9433 22.0261 2.8048 -16.5659 10.5609 15.9550 -61.3014 1.5670 2.7066 -2.1841 15.1997 6.5163 46.9888 -24.1658 42.2874 -2.8497 1.0491 82.4216 -7.7650 45.7307 -41.0234 16.4391 7.2573 -15.6773 50.9360 -3.1114 -4.9793 -0.7674 -22.3572 19.2946 0.1657 34.9595 0.2467 2.8849 21.2537 22.2508 1.7205 -2.0806 -2.0629 -6.4404 4.0236 3.5762 -0.0702 52.6166 0.0630 2.3738 -30.0966 -2.8473 -1.4284 -2.5566 0.9670
-28.5377 91.3300 -268.5822 10.4864 -19.2716 -16.0704 -0.1584 0.2389 -0.7219 -0.6777 -4.8690 -3.0041 -2.9265 15.0542 -6.8804 -3.8433 27.1274 3.5283 1.2315 -3.4401 4.8742 -0.1654 3.6045 5.1287 -0.1178 -0.0888 0.1773 0.5931 -10.5180 -3.6245 -0.8307 -10.5591 4.0203 -5.3663 14.8600 -20.4803 -41.6867 -33.7353 -32.9279 0.7190 0.1847 -51.1032 27.0481 21.1810 1.7200 -16.4715 10.6353 16.0035 -61.1925 1.5713 2.7551 -2.0133 15.0431 6.2836 47.4749 -23.5944 42.0396 -2.9044 1.1086 82.7228 -8.2639 46.1083 -41.3544 16.3178 7.1259 -15.5254 50.7359 -3.1016 -4.9561 -0.4934 -22.1618 18.5983 0.1619 36.1208 0.1937 3.1143 23.8889 22.5255 1.7229 -2.3632 -2.0414 -7.0003 5.0403 4.0177 -0.1017 51.8586 0.0319 2.2532 -29.9173 -2.9970 -1.4261 -2.1398 0.9429
-28.5315 91.6820 -268.8886 11.5684 -19.7647 -17.2634 -0.1610 -0.1309 -0.6469 -0.6929 -5.0073 -2.9071 -2.8564 15.0023 -6.7508 -3.9915 27.4582 3.5115 1.2831 -3.4236 5.2639 -0.1036 4.5934 5.1524 -0.1295 -0.0854 0.1941 0.5833 -10.5387 -3.6147 -0.8423 -10.5742 4.0457 -5.2853 14.6693 -20.3459 -42.6613 -35.0059 -31.3906 0.7110 0.0234 -50.1534 27.1411 20.5140 -0.1404 -16.2556 10.7528 16.0734 -61.1777 1.6136 2.7507 -2.0686 14.8651 6.2981 48.1162 -23.0902 41.4629 -3.0535 1.1877 83.2350 -8.8243 46.8194 -41.7141 16.2345 6.9839 -15.3401 50.4504 -3.1001 -4.9614 -0.5683 -21.8826 17.7272 0.1369 36.8258 0.1236 3.2145 26.8941 22.6304 1.7328 -2.5395 -2.0583 -7.8442 5.7385 4.5422 -0.1190 51.2197 0.0064 2.0870 -29.6894 -3.1286 -1.4341 -1.7863 0.9326
-28.4608 91.9865 -269.3012 12.6988 -20.0458 -18.4753 -0.1264 -0.3570 -0.5283 -0.6302 -5.0719 -2.6744 -2.7385 14.8174 -6.5662 -4.0996 27.6747 3.6037 1.1989 -3.3749 5.5706 -0.0413 5.2662 4.9990 -0.1454 -0.0828 0.2241 0.5809 -10.5362 -3.5795 -0.8697 -10.5698 4.0762 -5.1904 14.4868 -20.2352 -43.5455 -35.9324 -29.8645 0.8299 -0.2959 -49.9254 26.9794 19.7054 -2.9444 -16.0023 10.9242 16.1262 -61.3196 1.6734 2.7019 -2.4003 14.8787 6.3459 48.7066 -22.6745 40.7424 -3.3168 1.1733 84.2615 -9.2288 47.9788 -42.4143 16.1493 6.8095 -15.1156 50.0163 -3.0978 -4.9485 -0.7272 -21.5771 16.3399 0.0104 37.3150 -0.0350 2.2947 29.3613 22.2764 1.7594 -2.3034 -2.1312 -8.7379 6.0607 5.1009 -0.1118 50.8789 0.0553 1.6069 -29.4879 -3.1256 -1.4369 -1.4430 0.8862
-28.3532 92.2309 -269.8599 13.6086 -20.2661 -19.5265 0.0012 -0.5019 -0.4491 -0.5636 -5.0490 -2.4996 -2.5341 14.7380 -6.4433 -4.3466 27.7127 3.6147 1.2160 -3.3473 5.8704 -0.0637 5.7981 5.0513 -0.1530 -0.0712 0.2438 0.5849 -10.5514 -3.5691 -0.8879 -10.5820 4.1081 -5.2071 14.1988 -20.0905 -43.8387 -36.3307 -28.7100 0.8916 -0.3135 -49.6826 26.6366 19.2151 -4.7476 -15.8793 11.0023 16.1314 -61.4154 1.6660 2.5871 -2.8455 14.9948 6.4895 49.0464 -22.3978 40.1378 -3.6666 1.4137 85.5251 -9.2638 49.1086 -42.9704 16.1400 6.7500 -15.0232 49.9019 -3.1100 -4.9817 -0.5933 -21.2245 14.3941 -0.1208 38.2853 -0.2506 0.6214 30.5442 20.8346 1.7898 -1.9612 -2.1865 -9.4385 6.2035 5.6950 -0.1186 50.6360 0.0698 1.1789 -29.2243 -2.9973 -1.4387 -1.1098 0.8328
-28.1858 92.4142 -270.4916 14.2224 -20.3934 -20.4075 0.1897 -0.5234 -0.4314 -0.4825 -4.9757 -2.4057 -2.1989 14.7607 -6.3760 -4.4848 27.5651 3.6013 1.2336 -3.3590 5.9477 -0.2074 6.1502 5.1632 -0.1549 -0.0713 0.2403 0.5828 -10.5947 -3.5835 -0.8905 -10.6283 4.1170 -5.3226 14.1002 -19.9442 -43.3758 -36.5704 -27.9533 0.9494 -0.1638 -49.0628 26.0769 18.8859 -5.0363 -15.8805 10.9766 16.1373 -61.4551 1.6294 2.4309 -3.1188 15.2014 6.5505 49.0844 -22.4817 39.6660 -3.9183 1.5587 86.8724 -9.5462 50.4256 -43.8899 16.1271 6.7318 -15.0056 49.9734 -3.1491 -5.0149 -0.2727 -20.8578 11.9353 -0.2445 39.6560 -0.5013 -0.1699 30.3977 19.9214 1.8060 -1.7617 -2.2123 -9.8433 6.0496 6.2382 -0.1267 50.5618 0.1046 0.7521 -28.8837 -2.8842 -1.4341 -0.8051 0.7894
-28.0470 92.5117 -271.2589 14.5260 -20.3838 -21.1144 0.4037 -0.4353 -0.4394 -0.4240 -4.9101 -2.3952 -1.7590 14.9578 -6.2966 -4.3733 27.2076 3.5102 1.2211 -3.3999 5.9165 -0.4586 6.3174 5.2657 -0.1603 -0.0860 0.2268 0.5695 -10.6478 -3.5977 -0.8885 -10.6840 4.1088 -5.3429 14.1875 -19.8515 -42.6565 -37.0203 -26.9512 0.8937 -0.0720 -48.1686 25.3249 18.5647 -4.3807 -15.9489 10.8948 16.1100 -61.4175 1.5954 2.2642 -3.1030 15.3074 6.6816 49.0414 -22.8488 39.1165 -4.1299 1.5174 88.2325 -10.4519 51.9977 -45.4264 16.1087 6.7517 -15.0507 50.0735 -3.2363 -5.0768 0.1527 -20.3388 9.1478 -0.3774 40.9110 -0.7716 1.0833 29.6207 20.7090 1.8215 -1.7537 -2.2449 -10.0318 5.4628 6.6701 -0.1104 50.7485 0.1206 0.3754 -28.5389 -2.7426 -1.4271 -0.5425 0.7810
-27.9047 92.5067 -272.2197 14.4847 -20.1352 -21.5113 0.6056 -0.2534 -0.4749 -0.3660 -4.8299 -2.4166 -1.2084 15.2383 -6.2338 -3.9788 26.6023 3.3880 1.1606 -3.4560 5.7873 -0.7653 6.1418 5.3591 -0.1618 -0.1093 0.1942 0.5534 -10.6741 -3.6204 -0.8757 -10.7105 4.0702 -5.2121 14.4519 -19.7589 -41.7137 -37.5191 -25.7571 0.8157 -0.0258 -47.4063 24.6873 18.1043 -3.0782 -16.0629 10.8422 16.0789 -61.4263 1.5747 2.1083 -2.8984 15.2347 6.8620 49.1709 -23.5978 38.3550 -4.2699 1.3991 89.4101 -11.9855 53.4384 -47.3750 16.0115 6.7879 -15.0874 50.1378 -3.3260 -5.1055 0.6838 -19.7707 6.1038 -0.5176 41.6418 -1.0534 3.1810 28.2316 22.2231 1.8364 -1.7760 -2.2852 -10.0455 4.2471 6.8532 -0.0626 51.2229 0.1550 0.1208 -28.0754 -2.6683 -1.4175 -0.3500 0.8038
-27.8173 92.4171 -273.3241 14.1863 -19.6809 -21.5088 0.7412 0.0192 -0.5418 -0.3054 -4.7295 -2.4219 -0.6784 15.5689 -6.1574 -3.2843 25.8837 3.1935 1.0306 -3.5322 5.5562 -1.0174 5.5209 5.3930 -0.1543 -0.1281 0.1521 0.5514 -10.6858 -3.6463 -0.8579 -10.7191 4.0106 -4.7505 14.8943 -19.6116 -40.5008 -38.0388 -24.6405 0.7154 -0.0558 -47.1417 24.2310 17.4235 -1.6702 -16.2187 10.8500 16.0699 -61.4760 1.5634 2.0161 -2.7014 15.0628 7.1168 49.5273 -24.8552 37.3251 -4.2705 1.1925 90.2760 -13.9814 54.4023 -49.5520 15.8884 6.8101 -15.0966 50.0976 -3.4350 -5.0561 1.1919 -19.3433 3.3647 -0.6246 41.7279 -1.2879 4.7089 26.4475 23.3772 1.8471 -1.7290 -2.3166 -9.9131 2.5629 6.7129 -0.0160 51.8485 0.1642 -0.0562 -27.6691 -2.6334 -1.4092 -0.1066 0.8438
-27.7848 92.3323 -274.6505 13.5611 -18.9896 -20.9730 0.8339 0.3606 -0.6316 -0.2388 -4.5746 -2.4022 -0.1724 15.8672 -6.0371 -2.2749 25.0382 2.9718 0.8869 -3.5990 5.2136 -1.2320 4.3909 5.2731 -0.1358 -0.1296 0.1084 0.5618 -10.6924 -3.6822 -0.8303 -10.7231 3.9539 -4.0749 15.4848 -19.3504 -38.8198 -38.4547 -23.9735 0.6165 -0.0892 -47.5925 23.7207 16.4194 -0.5625 -16.3834 10.8699 16.0981 -61.4577 1.5477 2.0004 -2.4731 14.7529 7.4301 50.1226 -26.4387 35.9954 -4.1387 0.9990 90.8411 -15.9283 54.6996 -51.4776 15.7824 6.7965 -15.0916 49.9239 -3.5167 -4.9907 1.8052 -19.1440 1.1439 -0.6939 41.1175 -1.4393 4.4636 23.9921 23.2613 1.8509 -1.6394 -2.3407 -9.4806 0.4868 6.2966 0.0156 52.3537 0.1566 -0.1838 -27.2078 -2.8105 -1.4092 0.1833 0.8772
-27.7576 92.2632 -276.0554 12.6545 -18.0977 -20.0591 0.9419 0.8582 -0.7086 -0.1902 -4.3995 -2.3686 0.3189 16.1756 -5.8481 -1.0200 23.9560 2.6852 0.7273 -3.6425 4.8883 -1.4265 2.8270 4.9624 -0.1088 -0.1199 0.0827 0.5794 -10.6901 -3.7016 -0.7917 -10.7098 3.9130 -3.3020 16.1163 -18.9678 -36.7320 -38.8746 -23.4987 0.4241 -0.1959 -48.9400 23.2578 15.5150 0.2953 -16.5036 10.8375 16.1119 -61.3772 1.4943 2.0402 -2.2422 14.4240 7.8638 50.9443 -28.2924 34.3762 -3.9322 0.8402 91.3607 -17.9726 54.8112 -53.4336 15.7203 6.7610 -15.0479 49.7590 -3.5380 -4.8809 2.5481 -19.1866 -0.4261 -0.7600 40.0221 -1.5401 3.2353 21.1394 22.5920 1.8504 -1.5331 -2.3549 -8.7213 -1.8759 5.6888 0.0058 52.6835 0.0910 -0.3359 -26.7202 -3.1152 -1.4123 0.5293 0.8863
-27.7810 92.2583 -277.6023 11.5495 -17.0364 -18.9119 1.0655 1.5155 -0.7862 -0.1272 -4.1429 -2.2559 0.8132 16.4097 -5.6029 0.3942 22.6095 2.3586 0.5741 -3.6704 4.5324 -1.6361 0.8370 4.6010 -0.0755 -0.1073 0.0610 0.6011 -10.6798 -3.7229 -0.7457 -10.6809 3.8765 -2.5651 16.7295 -18.5655 -34.4721 -39.3451 -22.8778 0.2075 -0.2911 -51.1668 23.0221 15.0836 0.9981 -16.6325 10.7377 16.1134 -61.2340 1.4021 2.2039 -2.1264 14.1767 8.3597 52.1845 -30.4436 32.3984 -3.6672 0.9286 92.0780 -20.0752 54.9956 -55.3389 15.7541 6.7272 -15.0420 49.6959 -3.5242 -4.8146 3.2919 -19.4377 -1.3737 -0.7966 39.1804 -1.5601 1.4865 17.7713 21.7242 1.8285 -1.4510 -2.3484 -7.7289 -4.3971 4.8943 -0.0103 52.6811 0.0324 -0.5845 -26.0716 -3.4650 -1.4144 0.8525 0.8711
-27.8674 92.2778 -279.3120 10.3765 -15.8517 -17.7749 1.2061 2.3358 -0.7702 -0.0735 -3.8742 -2.1782 1.2877 16.6726 -5.2218 1.8665 21.0121 1.9714 0.3975 -3.6921 4.2277 -1.8416 -1.4165 4.2292 -0.0389 -0.0957 0.0326 0.6301 -10.6639 -3.7501 -0.6987 -10.6461 3.8314 -1.8985 17.2764 -18.1688 -32.2028 -39.8549 -21.9049 0.0626 -0.3592 -54.1835 23.0642 15.2714 1.5912 -16.6866 10.6780 16.1309 -61.0820 1.3098 2.4163 -2.1977 14.0177 8.9663 53.8507 -32.8527 30.0665 -3.3385 1.1019 93.1296 -22.2871 55.2337 -57.0931 15.7712 6.7142 -15.0849 49.6133 -3.5020 -4.8246 3.9529 -19.9481 -1.8075 -0.8423 39.6155 -1.5645 -0.0996 13.9611 21.1984 1.8039 -1.3526 -2.3294 -6.6094 -7.0678 4.0045 -0.0075 52.5778 -0.0057 -0.9280 -25.2685 -3.6175 -1.4182 1.1280 0.8447
-27.9905 92.2457 -280.9688 9.1268 -14.5371 -16.6982 1.3804 3.2528 -0.7218 -0.0064 -3.5762 -2.0453 1.7438 16.9166 -4.8002 3.2551 19.2809 1.5987 0.2360 -3.7042 3.9985 -2.0668 -3.7018 4.0385 -0.0024 -0.0858 -0.0026 0.6651 -10.6549 -3.7895 -0.6582 -10.6175 3.7845 -1.3012 17.6868 -17.7376 -30.2485 -40.4300 -20.4674 0.0020 -0.2905 -57.6621 23.2906 15.9625 2.2463 -16.5864 10.6393 16.1320 -60.8752 1.2503 2.5801 -2.4719 13.8281 9.6819 55.6369 -35.2135 27.7971 -3.0825 1.3065 94.3509 -24.5624 55.6550 -58.9173 15.7563 6.7710 -15.1571 49.5807 -3.4958 -4.8505 4.6507 -20.7193 -2.0211 -0.9431 41.9265 -1.6356 -1.6885 9.8987 20.9627 1.7872 -1.3018 -2.3005 -5.3468 -9.9368 2.9322 0.0116 52.4434 -0.0144 -1.3799 -24.3605 -3.4382 -1.4232 1.3404 0.8041
-28.1533 92.1272 -282.7137 7.8172 -13.1555 -15.7317 1.5903 4.1021 -0.6477 0.0765 -3.3053 -1.8790 2.1438 17.1012 -4.4037 4.3637 17.7837 1.3308 0.1280 -3.7195 3.7577 -2.2604 -5.7633 4.1223 0.0260 -0.0747 -0.0458 0.6944 -10.6559 -3.8422 -0.6300 -10.6049 3.7375 -0.7470 17.9413 -17.2612 -28.9099 -41.1323 -18.7710 -0.0235 -0.1359 -60.8736 23.4079 16.7367 2.8910 -16.4020 10.6117 16.1394 -60.6907 1.1958 2.6402 -2.9384 13.5900 10.3662 57.2789 -37.2915 25.9248 -2.9215 1.4305 95.3933 -26.7636 56.0966 -60.7470 15.6751 6.8537 -15.2323 49.5335 -3.4959 -4.8812 5.5459 -21.5498 -2.1800 -1.0912 45.6211 -1.7806 -3.4214 5.8807 20.8031 1.7733 -1.2745 -2.2637 -3.8731 -12.7850 1.7429 0.0137 52.2614 -0.0300 -1.9576 -23.5158 -3.0880 -1.4260 1.5468 0.7631
-28.4028 92.0022 -284.5160 6.5116 -11.7366 -14.7633 1.7593 4.8423 -0.5390 0.1537 -3.0927 -1.7212 2.4243 17.2786 -4.0373 5.1895 16.5119 1.1557 0.0932 -3.7303 3.5685 -2.3954 -7.5174 4.2801 0.0416 -0.0654 -0.0629 0.7071 -10.6587 -3.8693 -0.6104 -10.6061 3.7240 -0.3658 18.1236 -16.8676 -27.9872 -42.1273 -16.9913 -0.1458 0.0138 -63.4819 23.2947 17.1184 3.2843 -16.1131 10.6189 16.1785 -60.4894 1.1334 2.5838 -3.4839 13.3778 10.9621 58.7513 -39.1803 24.2913 -2.7382 1.3972 96.0889 -28.8643 56.2955 -62.5123 15.5546 6.9645 -15.3151 49.4934 -3.5040 -4.8554 6.5626 -22.3253 -2.3512 -1.2632 50.4208 -1.9660 -4.8054 1.8597 20.8001 1.7730 -1.2047 -2.2423 -2.2597 -15.5702 0.4101 -0.0001 52.0396 -0.0559 -2.5600 -22.6562 -2.7241 -1.4264 1.6980 0.7356
-28.7238 91.8736 -286.3243 5.2832 -10.3315 -13.6341 1.8527 5.4597 -0.4260 0.2065 -2.9182 -1.5821 2.5359 17.4431 -3.7430 5.8055 15.4010 1.0552 0.0551 -3.7522 3.4893 -2.3728 -8.9466 4.3421 0.0476 -0.0576 -0.0640 0.7056 -10.6479 -3.8775 -0.5957 -10.5894 3.7272 -0.1149 18.2745 -16.6259 -27.4413 -43.3735 -15.3512 -0.2634 0.1403 -65.4053 22.9457 17.2077 3.3962 -15.8671 10.6862 16.2598 -60.3555 1.1014 2.5256 -4.0839 13.2173 11.3509 60.3966 -40.9225 22.5246 -2.4733 1.3527 96.5490 -30.6441 56.3506 -64.1595 15.5157 7.0668 -15.3607 49.5116 -3.4949 -4.7936 7.4852 -22.8022 -2.1582 -1.3861 55.6592 -2.0839 -5.6553 -1.9211 20.7947 1.7840 -1.1561 -2.2275 -0.6121 -18.2074 -1.1918 -0.0260 51.7533 -0.1063 -3.1190 -21.7471 -2.4379 -1.4256 1.7455 0.7346
-29.1421 91.7296 -288.1233 4.1823 -8.9765 -12.2441 1.8743 5.9443 -0.3595 0.2167 -2.7755 -1.4808 2.4408 17.5894 -3.5320 6.2008 14.3918 1.0605 0.0431 -3.7537 3.4548 -2.1982 -10.1560 4.3035 0.0472 -0.0470 -0.0570 0.6963 -10.6379 -3.8788 -0.5870 -10.5758 3.7437 0.0608 18.3780 -16.5395 -27.2329 -44.8892 -13.9818 -0.4220 0.3036 -66.7222 22.3933 17.0543 3.2873 -15.6834 10.8080 16.3672 -60.3084 1.1031 2.5361 -4.6615 13.1602 11.5679 62.2610 -42.5027 20.5230 -2.1315 1.2703 96.8347 -32.1750 56.1679 -65.7453 15.5630 7.2275 -15.4533 49.7057 -3.4460 -4.7507 8.2394 -22.7027 -1.3326 -1.4538 60.5829 -2.1270 -6.7201 -5.2760 20.3642 1.8042 -1.2234 -2.2404 0.9803 -20.6875 -3.1298 -0.0771 51.4822 -0.2013 -3.6263 -20.7884 -2.1904 -1.4233 1.7308 0.7367
-29.6081 91.5380 -289.8380 3.2953 -7.7277 -10.5020 1.8173 6.3116 -0.2695 0.1876 -2.6988 -1.4907 2.1751 17.6958 -3.4590 6.4521 13.4689 1.1698 -0.0012 -3.7412 3.4475 -1.8774 -11.1068 4.1741 0.0405 -0.0336 -0.0460 0.6910 -10.6265 -3.8755 -0.5939 -10.5628 3.7665 0.2122 18.4004 -16.6166 -27.1768 -46.4270 -13.1662 -0.5560 0.3464 -67.5677 21.7502 16.9675 3.0967 -15.5390 10.9085 16.4681 -60.2904 1.1198 2.5481 -5.0839 13.2100 11.6653 64.1156 -43.8054 18.4277 -1.7880 1.1658 97.0313 -33.3735 55.8235 -67.0424 15.6425 7.3663 -15.5850 49.8913 -3.4136 -4.7533 8.7022 -21.9769 0.2746 -1.5180 64.4493 -2.1446 -7.5038 -7.8305 19.7653 1.8260 -1.3762 -2.2468 2.3827 -22.9925 -5.3215 -0.1269 51.3532 -0.3095 -3.9775 -19.8980 -2.0680 -1.4225 1.6751 0.7607
-30.2057 91.2841 -291.5841 2.6381 -6.5963 -8.3919 1.6817 6.5608 -0.2441 0.1430 -2.6243 -1.5252 1.8096 17.7048 -3.5275 6.5371 12.5969 1.3628 -0.0223 -3.7238 3.3354 -1.4469 -11.8332 4.0815 0.0335 -0.0199 -0.0413 0.6933 -10.6116 -3.8786 -0.6108 -10.5451 3.7823 0.3842 18.2370 -16.8217 -27.3040 -47.8373 -12.9378 -0.7086 0.4256 -68.0292 21.0493 16.9377 2.8714 -15.4629 10.9775 16.5284 -60.3128 1.1762 2.5363 -5.3788 13.3122 11.6538 65.9449 -44.7948 16.2476 -1.4658 1.1269 97.2179 -34.0438 55.3082 -67.7732 15.7348 7.4790 -15.7174 50.0957 -3.3909 -4.8163 8.9683 -20.7382 2.4511 -1.5564 67.0995 -2.1439 -7.9601 -9.6037 19.1751 1.8481 -1.5986 -2.2540 3.5692 -25.1308 -7.7343 -0.1896 51.3935 -0.4307 -4.2760 -19.1877 -2.0879 -1.4195 1.6298 0.7783
-30.7050 90.9771 -293.0971 2.1351 -5.6082 -5.8601 1.5279 6.7036 -0.2194 0.0951 -2.5876 -1.6302 1.4026 17.6742 -3.6781 6.4608 11.7843 1.5777 -0.0146 -3.7090 3.1228 -0.9432 -12.3749 3.9422 0.0255 -0.0071 -0.0311 0.7009 -10.5886 -3.8745 -0.6346 -10.5201 3.8044 0.6035 17.9084 -17.1330 -27.3872 -48.9614 -13.4839 -0.9230 0.4629 -68.1579 20.2857 16.9419 2.7975 -15.4129 10.9893 16.5438 -60.3192 1.2187 2.4551 -5.5030 13.4366 11.5421 67.6721 -45.5446 13.8870 -1.0919 1.0328 97.3921 -34.4965 54.7433 -68.2705 15.7753 7.5360 -15.8204 50.2007 -3.3861 -4.8676 9.1957 -19.1594 4.9087 -1.6440 68.7733 -2.2525 -8.3784 -10.8907 18.3370 1.8759 -1.9059 -2.2663 4.5960 -27.0875 -10.2986 -0.2685 51.5974 -0.5659 -4.5749 -18.6716 -2.3853 -1.4186 1.6212 0.7878
-31.2814 90.6456 -294.8098 1.7280 -4.7540 -2.9017 1.3617 6.7556 -0.2419 0.0358 -2.5804 -1.7620 1.0013 17.6493 -3.8712 6.2708 11.0319 1.7572 -0.0339 -3.6854 2.8903 -0.3667 -12.7638 3.6209 0.0160 0.0075 -0.0104 0.7045 -10.5617 -3.8599 -0.6571 -10.4951 3.8382 0.8260 17.4938 -17.5442 -27.2728 -49.8116 -14.8242 -1.1673 0.4747 -67.9926 19.5003 17.1078 2.8377 -15.3638 10.9983 16.5434 -60.2682 1.2614 2.3718 -5.4832 13.4680 11.3746 69.2363 -46.0521 11.4006 -0.6737 0.8874 97.4965 -34.7675 54.0822 -68.7260 15.8130 7.5426 -15.9189 50.2530 -3.4331 -4.8685 9.5099 -17.3676 7.1990 -1.7714 69.6883 -2.4804 -9.1242 -12.0971 16.8904 1.9178 -2.2650 -2.2884 5.5448 -28.9130 -12.9891 -0.3897 51.9517 -0.7380 -4.8912 -18.2151 -3.0783 -1.4180 1.6012 0.7849
-31.7979 90.2950 -296.4162 1.4051 -4.0792 0.3833 1.2074 6.7633 -0.3261 -0.0228 -2.5955 -1.8830 0.6040 17.6217 -4.0801 5.9986 10.4016 1.8448 -0.0714 -3.6410 2.6614 0.2435 -12.9921 3.0787 0.0057 0.0209 0.0165 0.7026 -10.5357 -3.8398 -0.6763 -10.4720 3.8768 1.0860 17.0988 -18.0225 -27.0087 -50.3245 -16.7752 -1.3528 0.5139 -67.5570 18.8342 17.2651 2.9832 -15.3985 11.0319 16.5546 -60.3360 1.2897 2.3708 -5.4779 13.4061 11.1241 70.5896 -46.3228 8.9806 -0.3524 0.7907 97.5445 -34.8284 53.4824 -69.2196 15.8657 7.5564 -16.0169 50.3507 -3.4529 -4.9002 9.9007 -15.4662 9.1209 -1.9065 69.9124 -2.8082 -10.4741 -13.2604 14.1487 1.9593 -2.8157 -2.3082 6.3377 -30.5401 -15.6684 -0.5269 52.3885 -0.9100 -5.1382 -17.8188 -4.1226 -1.4162 1.6311 0.7630
-32.2539 89.9638 -297.9761 1.1664 -3.6079 3.8007 1.0811 6.7742 -0.4073 -0.0795 -2.6211 -2.0472 0.2022 17.5912 -4.2481 5.6858 9.9875 1.8685 -0.1433 -3.5954 2.3651 0.8576 -13.0933 2.3313 -0.0036 0.0300 0.0365 0.6980 -10.5051 -3.8210 -0.6910 -10.4509 3.9031 1.2930 16.8915 -18.5304 -26.3731 -50.5123 -19.2997 -1.3892 0.5262 -66.7872 18.2877 17.3827 3.1654 -15.4285 11.0495 16.5481 -60.3743 1.2732 2.3922 -5.5542 13.3551 10.9055 71.6933 -46.5283 6.7155 -0.1246 0.7142 97.5894 -34.9054 52.9669 -69.9213 15.9477 7.5473 -16.0394 50.5117 -3.4379 -4.9168 10.2755 -13.5091 10.7024 -1.9452 69.3881 -3.0704 -12.3241 -14.5477 10.4742 1.9866 -3.6274 -2.3181 6.8918 -32.0274 -18.1432 -0.6448 52.9085 -1.0616 -5.1764 -17.3642 -5.4664 -1.4141 1.7039 0.7434
-32.6199 89.6516 -299.5519 1.0011 -3.3425 7.2869 1.0010 6.7995 -0.5150 -0.1165 -2.6243 -2.1973 -0.1799 17.5012 -4.3507 5.3153 9.7797 1.8295 -0.2552 -3.5670 1.9275 1.4961 -13.0776 1.4595 -0.0131 0.0299 0.0523 0.6908 -10.4736 -3.8013 -0.7040 -10.4253 3.9187 1.4709 16.8305 -19.0642 -25.7585 -50.4607 -21.9752 -1.3144 0.5871 -65.7082 17.8502 17.5324 3.3912 -15.4293 11.1014 16.5503 -60.4263 1.2555 2.3829 -5.7898 13.2753 10.7392 72.5781 -46.6800 4.6560 -0.0246 0.7605 97.6332 -34.7606 52.4951 -70.3811 16.0796 7.5253 -16.0620 50.7481 -3.4375 -4.9699 10.4552 -11.4742 11.9129 -1.7945 67.7159 -3.1359 -14.4174 -15.9522 6.7131 2.0083 -4.8778 -2.3433 7.1415 -33.3359 -20.3434 -0.7027 53.3647 -1.1487 -4.9488 -16.8482 -7.0324 -1.4123 1.8228 0.7256
-32.8359 89.3817 -300.9928 0.8506 -3.2498 10.6064 0.9567 6.8024 -0.6266 -0.1251 -2.6250 -2.2708 -0.4622 17.4260 -4.3421 4.8517 9.7906 1.7807 -0.4040 -3.5865 1.3512 2.1730 -12.9367 0.4300 -0.0252 0.0206 0.0716 0.6845 -10.4743 -3.7803 -0.7230 -10.4287 3.9384 1.6072 16.8227 -19.5324 -25.4321 -50.2095 -24.5384 -1.0792 0.5581 -64.4895 17.4604 17.8454 3.6032 -15.4421 11.2139 16.5635 -60.4835 1.2682 2.3270 -6.1225 13.2297 10.8228 73.1161 -46.8611 2.8828 -0.1053 0.9258 97.6094 -34.4413 52.0352 -70.5345 16.1705 7.5392 -16.0577 50.9629 -3.4481 -5.0158 10.2321 -9.3559 12.8477 -1.4544 64.2160 -2.9442 -16.4834 -17.7104 4.6062 2.0432 -6.8836 -2.4132 7.1176 -34.4485 -22.1839 -0.6930 53.6446 -1.1795 -4.4486 -16.2704 -8.6234 -1.4134 2.0373 0.7131
-32.9315 89.1689 -302.4997 0.6789 -3.2477 13.7037 0.9433 6.7264 -0.6752 -0.1082 -2.6429 -2.2889 -0.5580 17.4216 -4.2723 4.3643 9.9352 1.8503 -0.5802 -3.6199 0.6147 2.8482 -12.7056 -0.7580 -0.0246 0.0009 0.0563 0.6879 -10.4980 -3.7972 -0.7260 -10.4563 3.9235 1.6197 16.7091 -19.7980 -25.3453 -49.7811 -27.0177 -0.8769 0.4208 -63.4476 16.9255 18.8933 3.9982 -15.4719 11.3221 16.5765 -60.6191 1.2946 2.1736 -6.3718 13.2672 11.2135 72.9038 -47.0208 1.6668 -0.3464 1.0086 97.4195 -33.8393 51.6919 -70.3817 16.2441 7.5386 -16.0345 51.0206 -3.4936 -5.0473 9.4674 -7.4530 13.4113 -1.0608 59.1336 -2.5240 -17.1707 -20.7630 5.8846 2.0658 -8.8728 -2.5073 6.9031 -35.4522 -23.6400 -0.7000 53.6961 -1.2264 -3.7561 -15.5503 -9.9749 -1.4212 2.1854 0.7259
-33.0002 89.0314 -304.1208 0.5063 -3.3645 16.6542 0.8965 6.6062 -0.6905 -0.0897 -2.6641 -2.2081 -0.4514 17.4266 -4.1703 3.9498 10.2277 2.0230 -0.8030 -3.6512 -0.2964 3.5253 -12.4731 -1.9409 -0.0132 -0.0213 0.0129 0.6940 -10.5201 -3.8483 -0.7101 -10.4774 3.8804 1.5432 16.4986 -19.8389 -25.4485 -49.1485 -29.3832 -0.8033 0.3072 -62.6962 16.1766 20.5483 4.6510 -15.4979 11.3632 16.5734 -60.6246 1.2479 2.0378 -6.4888 13.3695 11.7185 72.4254 -47.0393 0.6783 -0.5791 1.0940 97.1672 -32.9072 51.6469 -70.0274 16.2798 7.5063 -16.0093 51.0271 -3.5358 -5.0183 8.3002 -5.9291 13.1103 -0.6933 53.9804 -1.9391 -16.5907 -25.7344 9.4858 2.0074 -7.2527 -2.5204 6.5402 -36.3676 -24.9155 -0.7128 53.6088 -1.2274 -3.0037 -14.5463 -11.2527 -1.4314 1.9806 0.7803
-32.9924 88.9257 -305.6912 0.4731 -3.8082 19.4861 0.6900 6.5096 -0.6676 -0.0388 -2.6626 -2.0198 -0.3614 17.5701 -4.1170 3.5840 10.5786 2.1593 -1.0803 -3.6614 -1.0639 4.3114 -12.1513 -3.2922 -0.0162 -0.0190 0.0379 0.6778 -10.5285 -3.8230 -0.7040 -10.4855 3.9037 1.4199 16.2848 -19.5175 -25.5618 -48.5143 -31.7135 -1.0389 0.3741 -62.0849 15.1856 22.2463 5.2752 -15.4302 11.2893 16.5345 -60.4758 1.1023 2.0371 -6.5677 13.5584 12.3119 72.6253 -46.8968 -0.8630 -0.5125 1.0766 97.2071 -32.1394 51.6334 -69.6263 16.3394 7.6326 -16.1087 51.2733 -3.4949 -5.0095 6.9558 -5.0832 11.7525 -0.4597 50.5783 -1.3272 -15.2397 -30.0149 13.0429 1.8977 -4.0010 -2.4378 5.7287 -37.0397 -26.1522 -0.7036 53.4252 -1.1493 -2.2744 -13.1923 -12.1789 -1.4362 1.5457 0.8363
-33.0429 88.8806 -307.4167 0.6768 -4.6108 22.0450 0.4014 6.5003 -0.6115 -0.0896 -2.6365 -1.7443 -0.4223 17.8514 -3.8915 3.4253 10.9895 2.1043 -1.3596 -3.6709 -1.8314 5.1156 -12.0638 -4.6669 -0.0059 -0.0169 0.0225 0.6940 -10.4958 -3.8308 -0.7014 -10.4652 3.8799 1.4193 16.1650 -19.1609 -25.5253 -47.7021 -33.7816 -1.1924 0.2323 -61.7703 14.1306 23.9925 5.9676 -15.5330 11.3040 16.5213 -60.5130 1.0338 1.9555 -6.6948 13.9401 12.8115 73.9876 -46.4785 -3.0653 -0.4102 0.8217 97.8584 -33.1179 51.9620 -70.6972 16.1729 7.6885 -16.1258 51.3254 -3.4534 -4.9986 5.7292 -4.9644 9.8521 -0.2407 49.4599 -0.9219 -14.0387 -32.2939 14.3527 1.8283 -1.7464 -2.4150 4.4649 -37.3541 -27.0889 -0.6066 53.0976 -1.0198 -1.7805 -11.9936 -13.1155 -1.4329 1.1492 0.8982
-33.0695 88.8596 -309.1375 0.9618 -5.7034 24.1059 0.1159 6.6068 -0.5594 -0.1521 -2.6662 -1.3934 -0.6004 18.1640 -3.4749 3.1879 11.4743 2.0705 -1.5630 -3.7339 -2.5519 5.9143 -11.9965 -6.0685 -0.0163 -0.0202 0.0542 0.6929 -10.5010 -3.7890 -0.7227 -10.4913 3.9090 1.5386 16.1045 -18.6385 -26.1312 -47.1944 -34.7898 -1.5610 0.1481 -61.9205 13.3301 25.9053 6.9984 -15.6690 11.3502 16.5018 -60.4440 1.0170 1.8620 -7.0875 14.5181 13.2645 76.5584 -45.7202 -5.8527 -0.1498 0.4204 99.0670 -35.5335 52.4450 -72.9223 15.9338 7.7432 -16.1803 51.2295 -3.4650 -5.0614 4.7510 -5.0513 8.2928 -0.1325 49.5312 -0.7500 -12.9795 -33.1606 14.3746 1.7679 -0.9562 -2.3923 2.9976 -37.2496 -27.7390 -0.5060 52.5443 -0.9094 -1.6627 -11.1098 -13.8837 -1.4331 1.0004 0.8886
-33.0238 88.8858 -310.7432 1.2558 -6.7819 25.5554 -0.1058 6.5803 -0.4503 -0.2089 -2.6912 -1.0043 -0.8525 18.4795 -3.0737 2.7994 11.9097 2.0400 -1.7532 -3.7387 -3.1139 6.6776 -11.8717 -7.4460 -0.0233 -0.0294 0.0810 0.6826 -10.4958 -3.7520 -0.7281 -10.5018 3.9287 1.5382 15.9753 -17.7723 -26.8934 -46.3021 -35.3949 -1.5555 0.1773 -62.5152 12.8589 27.6060 8.1190 -15.9178 11.4133 16.5538 -60.4988 1.0392 1.8372 -7.4538 15.0655 13.8467 79.1969 -44.6366 -8.2577 0.0936 0.2003 100.3604 -37.7628 52.2647 -74.5811 15.7753 7.8206 -16.2012 51.1608 -3.4939 -5.0539 3.8838 -5.2486 7.3634 -0.1277 49.9778 -0.6584 -11.8935 -33.2455 13.8635 1.7574 -0.5572 -2.3972 1.5961 -37.0100 -27.9407 -0.4706 51.7217 -0.8478 -1.6678 -9.9931 -14.4836 -1.4280 0.8082 0.8991
-32.9081 88.9468 -312.3891 1.5085 -7.7969 26.4088 -0.2901 6.5114 -0.3194 -0.2528 -2.7195 -0.6328 -1.0315 18.6379 -2.5890 2.2774 12.3519 2.0894 -1.8887 -3.7528 -3.6367 7.3441 -11.6122 -8.5571 -0.0267 -0.0344 0.1019 0.6739 -10.4970 -3.7258 -0.7277 -10.5067 3.9480 1.3593 15.8517 -16.8414 -28.1685 -45.4657 -35.1620 -1.4374 0.3369 -63.6194 12.6582 29.4386 9.5055 -16.0690 11.4062 16.5439 -60.4558 1.0566 1.8345 -7.8200 15.5924 14.4203 81.3133 -43.4494 -9.8867 0.1519 0.0677 101.5010 -39.3306 52.0053 -75.6498 15.5811 7.8872 -16.2712 51.0909 -3.5055 -5.0973 3.1059 -5.1789 7.0083 -0.1436 50.0488 -0.6060 -10.9328 -33.2225 13.4068 1.7498 -0.1970 -2.3954 0.3868 -36.6622 -27.8250 -0.4547 50.6748 -0.8240 -1.8064 -8.8540 -14.9580 -1.4286 0.6714 0.9153
-32.7595 89.0718 -313.9462 1.7719 -8.7409 26.9094 -0.5016 6.3952 -0.1975 -0.2942 -2.7670 -0.2921 -1.2016 18.6991 -2.1379 1.7882 12.8065 2.1793 -1.9959 -3.7641 -4.1255 7.8889 -11.3785 -9.3859 -0.0257 -0.0308 0.1032 0.6694 -10.5026 -3.7227 -0.7222 -10.5141 3.9468 0.9853 15.6915 -15.9594 -29.6316 -44.7333 -34.4390 -1.3854 0.4762 -64.9221 13.0037 31.3702 10.9721 -16.1405 11.3452 16.4810 -60.3010 1.0714 1.8953 -8.0676 16.0915 14.8781 82.9282 -42.3993 -11.0555 0.2249 0.0306 102.4022 -40.2058 51.6568 -76.1091 15.4220 7.9237 -16.2893 51.0901 -3.4652 -5.1169 2.2697 -4.9709 6.8767 -0.1414 49.8674 -0.5388 -10.0182 -33.0519 13.1446 1.7426 0.1206 -2.3774 -0.7102 -36.2386 -27.5410 -0.4528 49.3806 -0.8204 -1.9884 -7.6510 -15.4180 -1.4293 0.5535 0.9241
-32.5719 89.2796 -315.5143 2.0377 -9.6481 27.0728 -0.7491 6.2489 -0.0870 -0.3377 -2.8170 0.0354 -1.3950 18.6941 -1.7775 1.3998 13.2667 2.2999 -2.0779 -3.7876 -4.5352 8.3603 -11.0882 -10.0703 -0.0225 -0.0313 0.0952 0.6698 -10.5055 -3.7268 -0.7165 -10.5183 3.9355 0.5350 15.5870 -15.0834 -31.1908 -44.0630 -33.4659 -1.3067 0.6006 -66.2921 13.8774 33.2981 12.4310 -16.1912 11.2922 16.4134 -60.1056 1.1017 1.9570 -8.2252 16.5374 15.3220 84.2190 -41.4860 -12.0783 0.3224 0.0295 103.1302 -40.7272 51.3298 -76.1744 15.2354 7.8797 -16.2270 50.9660 -3.4512 -5.0837 1.4356 -4.7087 6.9626 -0.1244 49.5465 -0.4784 -9.1057 -32.6813 12.9809 1.7399 0.3551 -2.3498 -1.6683 -35.6893 -27.1394 -0.4402 47.7864 -0.7984 -2.1816 -6.3081 -15.8371 -1.4296 0.4564 0.9359
-32.4356 89.5575 -317.1169 2.2616 -10.5468 27.0396 -1.0379 6.0832 -0.0412 -0.3807 -2.8727 0.3421 -1.6177 18.6407 -1.5069 1.1791 13.7414 2.4034 -2.1233 -3.8226 -4.8206 8.6922 -10.6774 -10.5880 -0.0200 -0.0340 0.0797 0.6710 -10.5212 -3.7387 -0.7130 -10.5341 3.9133 0.1655 15.6022 -14.2327 -32.8894 -43.3342 -32.3680 -1.1661 0.7405 -67.7233 15.2351 35.1017 13.8281 -16.3028 11.2812 16.3696 -59.9803 1.1182 1.9740 -8.3664 16.9074 15.7549 85.4436 -40.7015 -13.2509 0.4475 0.1059 103.6390 -41.0044 51.2490 -75.9737 15.0820 7.7781 -16.1407 50.7052 -3.5170 -5.0487 0.6992 -4.3660 7.1919 -0.1249 49.0576 -0.4597 -8.1970 -32.0821 12.8146 1.7431 0.5449 -2.3375 -2.4992 -34.9119 -26.7152 -0.3925 45.8603 -0.7342 -2.1904 -4.8987 -16.1327 -1.4250 0.3766 0.9336
-32.4196 89.8943 -318.7982 2.3860 -11.4058 26.9330 -1.3225 5.8856 0.0038 -0.4236 -2.9255 0.5169 -1.8313 18.5569 -1.2764 1.1343 14.1780 2.5200 -2.1467 -3.8456 -5.0690 8.9087 -10.1203 -10.9831 -0.0183 -0.0397 0.0643 0.6735 -10.5426 -3.7551 -0.7124 -10.5537 3.8971 -0.0994 15.7029 -13.5510 -34.4656 -42.4420 -31.2811 -1.0462 0.8326 -69.0384 16.5970 36.5987 14.9555 -16.4098 11.2600 16.3164 -59.8716 1.1451 1.9431 -8.4643 17.1465 16.0915 86.2933 -40.0244 -14.1939 0.4831 0.1919 103.9029 -41.3059 51.6273 -76.0078 15.0602 7.6709 -16.0659 50.5543 -3.5879 -5.0689 0.1327 -3.9320 7.4331 -0.1221 48.3945 -0.4281 -7.3212 -31.3439 12.6670 1.7470 0.6650 -2.3299 -3.1647 -33.9157 -26.3412 -0.3339 43.7366 -0.6742 -2.0024 -3.5114 -16.1382 -1.4213 0.2747 0.9484
-32.4339 90.2391 -320.4181 2.4359 -12.2319 26.8186 -1.6029 5.6153 0.0550 -0.4691 -2.9586 0.6275 -2.0078 18.4431 -1.0851 1.2069 14.5656 2.5747 -2.2189 -3.8537 -5.2329 9.0820 -9.4129 -11.3156 -0.0158 -0.0500 0.0357 0.6813 -10.5442 -3.7887 -0.7153 -10.5564 3.8707 -0.3933 15.9044 -13.0652 -35.7712 -41.3046 -30.3639 -0.9542 0.9533 -70.2708 17.7580 37.9099 15.8701 -16.5616 11.1758 16.2562 -59.7457 1.1403 1.9087 -8.5364 17.1802 16.3274 86.5272 -39.3206 -14.4662 0.1626 0.3499 103.9518 -41.6103 52.4443 -76.4954 15.1278 7.5637 -16.0470 50.5921 -3.6643 -5.2229 -0.2625 -3.4211 7.7915 -0.1115 47.5342 -0.3944 -6.3528 -30.5349 12.3663 1.7480 0.7325 -2.3015 -3.7278 -32.7015 -25.9826 -0.2685 41.3187 -0.6471 -1.8283 -2.0604 -15.9330 -1.4195 0.1214 0.9843
-32.4216 90.4904 -321.8734 2.4792 -13.0412 26.7153 -1.8699 5.3472 0.1193 -0.5178 -2.9765 0.6589 -2.1501 18.3264 -0.9044 1.2583 14.8617 2.4761 -2.3026 -3.8469 -5.2251 9.1746 -8.6599 -11.5257 -0.0131 -0.0507 -0.0164 0.6882 -10.5528 -3.8503 -0.7170 -10.5578 3.8234 -0.8113 16.1931 -12.7988 -36.7913 -40.0438 -29.5987 -0.8522 0.9497 -71.3803 18.4888 39.1166 16.6927 -16.7270 11.0339 16.1908 -59.5706 1.0556 1.8514 -8.6848 17.0492 16.3949 86.4485 -38.4934 -14.2466 -0.3928 0.5780 103.9474 -41.3309 53.1238 -76.7189 15.2511 7.5182 -16.0476 50.8602 -3.6909 -5.3833 -0.5652 -2.8898 8.2265 -0.1320 46.6582 -0.3926 -5.3526 -29.8733 11.9389 1.7424 0.7673 -2.2727 -4.3147 -31.4560 -25.4525 -0.2419 38.8655 -0.6917 -1.6312 -0.6081 -15.5790 -1.4137 -0.2001 1.0140
