HIERARCHY
ROOT Hips
{
	OFFSET 0.0000 0.0000 0.0000
	CHANNELS 6 Xposition Yposition Zposition Zrotation Xrotation Yrotation
	JOINT Spine1
	{
		OFFSET -0.0137 5.0038 -0.0537
		CHANNELS 3 Zrotation Xrotation Yrotation
		JOINT Spine2
		{
			OFFSET -0.0000 7.1253 -0.0298
			CHANNELS 3 Zrotation Xrotation Yrotation
			JOINT Chest
			{
				OFFSET -0.0000 7.5501 -0.8160
				CHANNELS 3 Zrotation Xrotation Yrotation
				JOINT Neck1
				{
					OFFSET -0.1817 26.3113 -0.5533
					CHANNELS 3 Zrotation Xrotation Yrotation
					JOINT Neck2
					{
						OFFSET -0.0000 7.7094 2.3026
						CHANNELS 3 Zrotation Xrotation Yrotation
						JOINT Head
						{
							OFFSET -0.0000 6.1289 1.9537
							CHANNELS 3 Zrotation Xrotation Yrotation
							JOINT Jaw
							{
								OFFSET 0.0026 0.4756 3.0949
								CHANNELS 3 Zrotation Xrotation Yrotation
								End Site
								{
									OFFSET 0.0 1.0 0.0
								}
							}
							JOINT LeftEye
							{
								OFFSET 3.2064 5.3802 7.5869
								CHANNELS 3 Zrotation Xrotation Yrotation
								End Site
								{
									OFFSET 0.0 1.0 0.0
								}
							}
							JOINT RightEye
							{
								OFFSET -3.2224 5.3619 7.5582
								CHANNELS 3 Zrotation Xrotation Yrotation
								End Site
								{
									OFFSET 0.0 1.0 0.0
								}
							}
						}
					}
				}
				JOINT LeftShoulder
				{
					OFFSET 1.6217 23.2372 5.1134
					CHANNELS 3 Zrotation Xrotation Yrotation
					JOINT LeftArm
					{
						OFFSET 14.9198 0.0000 -5.5023
						CHANNELS 3 Zrotation Xrotation Yrotation
						JOINT LeftForeArm
						{
							OFFSET 28.7393 0.0000 -0.0026
							CHANNELS 3 Zrotation Xrotation Yrotation
							JOINT LeftHand
							{
								OFFSET 27.0940 -0.0000 0.0026
								CHANNELS 3 Zrotation Xrotation Yrotation
								JOINT LeftHandThumbEnd
								{
									OFFSET 12.2686 -3.2202 4.8331
									CHANNELS 3 Zrotation Xrotation Yrotation
									End Site
									{
										OFFSET 0.0 1.0 0.0
									}
								}
								JOINT LeftHandMiddleEnd
								{
									OFFSET 19.0120 -0.3129 -0.0340
									CHANNELS 3 Zrotation Xrotation Yrotation
									End Site
									{
										OFFSET 0.0 1.0 0.0
									}
								}
							}
						}
					}
				}
				JOINT RightShoulder
				{
					OFFSET -1.3801 23.1803 5.2142
					CHANNELS 3 Zrotation Xrotation Yrotation
					JOINT RightArm
					{
						OFFSET -15.0372 0.0000 -5.5456
						CHANNELS 3 Zrotation Xrotation Yrotation
						JOINT RightForeArm
						{
							OFFSET -28.7366 0.0000 -0.0026
							CHANNELS 3 Zrotation Xrotation Yrotation
							JOINT RightHand
							{
								OFFSET -27.1336 -0.0000 0.0026
								CHANNELS 3 Zrotation Xrotation Yrotation
								JOINT RightHandThumbEnd
								{
									OFFSET -12.2642 -3.2115 4.8040
									CHANNELS 3 Zrotation Xrotation Yrotation
									End Site
									{
										OFFSET 0.0 1.0 0.0
									}
								}
								JOINT RightHandMiddleEnd
								{
									OFFSET -19.0006 -0.3066 -0.0316
									CHANNELS 3 Zrotation Xrotation Yrotation
									End Site
									{
										OFFSET 0.0 1.0 0.0
									}
								}
							}
						}
					}
				}
			}
		}
	}
	JOINT LeftLeg
	{
		OFFSET 10.0432 -8.4345 2.5957
		CHANNELS 3 Zrotation Xrotation Yrotation
		JOINT LeftShin
		{
			OFFSET -0.0000 -43.2218 -0.8029
			CHANNELS 3 Zrotation Xrotation Yrotation
			JOINT LeftFoot
			{
				OFFSET 0.0000 -42.1551 -3.4815
				CHANNELS 3 Zrotation Xrotation Yrotation
				JOINT LeftToeBase
				{
					OFFSET 0.0000 -5.0595 13.2315
					CHANNELS 3 Zrotation Xrotation Yrotation
					End Site
					{
						OFFSET 0.0 1.0 0.0
					}
				}
			}
		}
	}
	JOINT RightLeg
	{
		OFFSET -10.0473 -8.2953 2.6203
		CHANNELS 3 Zrotation Xrotation Yrotation
		JOINT RightShin
		{
			OFFSET 0.0000 -43.3622 -0.8056
			CHANNELS 3 Zrotation Xrotation Yrotation
			JOINT RightFoot
			{
				OFFSET 0.0000 -42.1174 -3.4784
				CHANNELS 3 Zrotation Xrotation Yrotation
				JOINT RightToeBase
				{
					OFFSET -0.0000 -5.0796 13.2842
					CHANNELS 3 Zrotation Xrotation Yrotation
					End Site
					{
						OFFSET 0.0 1.0 0.0
					}
				}
			}
		}
	}
}
MOTION
Frames: 240
Frame Time: 0.033333
1.7029 91.6862 6.3126 -3.4182 11.1238 -0.9731 0.4026 3.8436 -0.6456 -0.1191 -2.7816 -2.1488 2.9810 12.9302 -3.8980 3.9177 -0.0936 2.2678 -0.5296 -3.6384 1.9198 -4.3813 -18.2714 5.4489 0.0403 0.0931 -0.1697 0.7877 -10.3739 -4.0474 -0.7044 -10.4104 3.6948 13.5082 8.9423 -16.6036 -6.8323 -37.1281 -45.0876 2.2910 3.1110 -59.6506 42.4742 41.3766 30.8294 -16.1596 10.3736 15.0161 -60.7036 1.4420 1.7661 -12.4187 3.3909 13.0589 22.5629 -42.5234 42.0151 -0.4891 1.3412 86.6469 -38.8177 45.8887 -32.7194 16.3240 7.5568 -16.8150 50.4106 -4.0592 -5.8189 4.1076 -28.9781 11.8636 -0.0137 48.5212 -0.1236 -3.7601 -30.7279 0.4011 1.6220 -2.0217 -1.7907 8.7095 -45.5221 -18.5846 0.0158 43.3666 -0.1536 1.8040 -8.0465 -5.0513 -1.3958 -0.7701 1.1795
1.8546 91.7242 5.2052 -3.5946 10.5723 0.5431 0.2303 4.0006 -0.6845 -0.1439 -2.8044 -2.1671 2.6177 12.9682 -3.9034 4.6405 0.1212 1.9828 -0.6255 -3.6193 1.7825 -3.3728 -17.5534 4.5911 0.0313 0.0755 -0.1121 0.7856 -10.3958 -3.9922 -0.7195 -10.4134 3.7541 14.1546 9.0987 -16.8495 -4.0234 -36.0722 -50.9501 2.5647 2.8985 -57.7835 40.0502 41.9393 29.1794 -16.3709 10.3354 14.9638 -61.0404 1.3912 1.7091 -12.5933 3.2860 13.0226 23.3463 -44.0812 39.8442 -0.7899 0.8991 86.7137 -37.0770 44.9150 -31.9850 16.2824 7.4471 -16.7468 50.3179 -4.0485 -5.7490 4.3814 -29.7301 10.5056 -0.0427 49.0412 -0.1787 -3.2802 -30.1212 -0.1561 1.6310 -1.8327 -1.8231 8.4927 -45.0390 -18.9743 -0.0558 42.4010 -0.2247 2.1589 -6.8071 -6.1389 -1.4139 -0.7115 1.1438
2.0540 91.7677 3.8905 -3.6346 10.2373 2.0163 -0.0557 3.9980 -0.7084 -0.2114 -2.8382 -2.0918 2.2849 12.9768 -3.8405 5.3174 0.4781 1.7019 -0.7015 -3.6255 1.6261 -2.3422 -16.9470 3.7360 0.0294 0.0733 -0.0845 0.7854 -10.4109 -3.9634 -0.7224 -10.4059 3.7791 14.5707 9.1040 -17.1991 -1.9281 -35.0800 -56.0617 2.6724 2.5852 -56.3427 37.7575 42.3159 27.5990 -16.5841 10.3063 14.9367 -61.3670 1.4249 1.7776 -12.7214 3.1932 13.2085 24.1288 -45.7184 37.3808 -0.8729 0.4530 86.5785 -36.0475 43.9339 -31.7942 16.3035 7.3568 -16.6506 50.3148 -3.9692 -5.7057 4.4022 -30.6231 9.2459 -0.0584 49.3425 -0.2048 -2.7703 -29.3180 -0.5294 1.6462 -1.6389 -1.8489 8.2014 -44.7982 -19.3818 -0.1007 41.3435 -0.2751 2.4202 -5.5548 -7.0747 -1.4237 -0.6678 1.1243
2.2541 91.8615 2.5588 -3.6670 10.0694 3.1778 -0.3450 3.9509 -0.7040 -0.2964 -2.8837 -1.9146 2.0014 13.0180 -3.7243 5.8073 0.8829 1.5102 -0.7364 -3.6426 1.4821 -1.3846 -16.6226 2.9331 0.0299 0.0753 -0.0756 0.7862 -10.4343 -3.9507 -0.7216 -10.4155 3.7826 14.7814 9.0190 -17.4134 -0.4180 -34.5007 -60.1329 2.4672 2.2437 -55.3333 36.4064 42.7478 26.7925 -16.6510 10.3732 14.9370 -61.6280 1.4948 1.8246 -12.8867 3.1353 13.5589 24.4266 -47.2430 35.3553 -1.0120 0.2082 86.1096 -35.7313 43.2126 -32.1699 16.2695 7.3037 -16.6023 50.2984 -3.9173 -5.6842 4.2860 -31.6054 8.4312 -0.0652 49.4625 -0.2276 -2.2313 -28.3842 -0.9163 1.6544 -1.5448 -1.8747 7.9614 -44.6473 -19.6271 -0.1317 39.9898 -0.3078 2.5586 -4.1332 -7.8278 -1.4230 -0.7662 1.1281
2.4575 92.0419 1.2387 -3.6827 10.0502 4.0186 -0.6077 3.9163 -0.6930 -0.3863 -2.9132 -1.6672 1.6693 13.0361 -3.5584 6.1912 1.2274 1.3630 -0.7573 -3.6490 1.3768 -0.4551 -16.4794 2.1701 0.0275 0.0795 -0.0586 0.7798 -10.4371 -3.9265 -0.7196 -10.4120 3.7929 14.8000 8.8680 -17.5070 0.6301 -33.9335 -63.3136 2.3233 2.0902 -54.4474 35.2742 42.6195 26.1227 -16.6910 10.4698 14.9824 -61.8142 1.5781 1.8867 -13.1968 2.9746 14.0763 24.3653 -48.6265 33.7495 -1.1674 0.2576 85.2555 -35.5827 42.4790 -32.5135 16.2556 7.2171 -16.5548 50.2781 -3.8969 -5.6704 3.9977 -32.6292 8.1614 -0.0800 49.2928 -0.2631 -1.6618 -27.2948 -1.4310 1.6622 -1.5332 -1.8913 7.7847 -44.4796 -19.7094 -0.1520 38.1229 -0.3226 2.6379 -2.4746 -8.4343 -1.4206 -0.9263 1.1546
2.6419 92.3058 -0.1895 -3.6834 10.2415 4.5246 -0.8228 3.9086 -0.6716 -0.4696 -2.8869 -1.4325 1.2764 12.9727 -3.3397 6.4585 1.4432 1.2476 -0.7627 -3.6724 1.2680 0.4529 -16.3539 1.4833 0.0229 0.0863 -0.0224 0.7675 -10.4256 -3.8805 -0.7161 -10.4072 3.8213 14.4523 8.6839 -17.4429 1.4583 -33.3556 -65.7826 2.2139 2.0261 -53.6133 34.2941 42.1358 25.5060 -16.6731 10.5087 15.0457 -61.7908 1.6506 2.0101 -13.6333 2.7607 14.7673 23.4866 -49.8220 32.8652 -1.4749 0.4892 84.0065 -35.7874 41.8134 -32.9355 16.2850 7.1190 -16.5556 50.3819 -3.9233 -5.7011 3.5542 -33.7151 8.4039 -0.1096 48.7638 -0.2921 -1.1059 -26.0215 -2.0485 1.6710 -1.5026 -1.9070 7.6452 -44.3317 -19.5669 -0.1579 35.7592 -0.3268 2.7697 -0.6249 -8.7741 -1.4190 -1.2033 1.2058
2.8462 92.6490 -1.7969 -3.7076 10.6904 4.5808 -0.9391 3.9067 -0.6562 -0.5149 -2.8120 -1.1827 0.8385 12.8342 -3.0702 6.5904 1.3520 1.2692 -0.8547 -3.6321 1.3502 1.3355 -16.3063 0.7778 0.0159 0.0933 0.0322 0.7560 -10.4104 -3.8167 -0.7191 -10.3980 3.8678 13.7530 8.5379 -17.2887 2.1980 -32.7148 -67.3519 1.8886 2.0049 -52.9282 33.8786 41.2821 25.3473 -16.7936 10.5750 15.0609 -61.7292 1.7886 1.9091 -14.0504 2.5298 15.5647 21.3904 -51.3585 32.9175 -1.5404 0.9372 82.3086 -36.0753 40.6795 -33.0361 16.2449 7.0121 -16.5554 50.4415 -3.8978 -5.7107 2.8974 -34.9186 9.3552 -0.1234 47.8616 -0.3134 -0.5546 -24.4679 -2.8752 1.6665 -1.5015 -1.9130 7.7202 -44.3187 -19.6219 -0.0301 32.9110 -0.0936 3.5727 1.2798 -8.6836 -1.4290 -1.6283 1.1451
3.0762 92.9616 -3.5300 -3.7021 11.4590 4.2023 -1.0070 3.9464 -0.5620 -0.5618 -2.7735 -0.8710 0.5377 12.6793 -2.7897 6.3764 0.9381 1.3685 -0.8811 -3.7093 1.1935 2.0359 -16.1811 0.1749 0.0142 0.0928 0.0265 0.7345 -10.4112 -3.8138 -0.7014 -10.3987 3.8542 12.7466 8.0711 -17.0675 2.2954 -31.9856 -67.6657 1.6751 2.0311 -52.8960 33.8053 40.0492 24.9935 -16.5711 10.7492 15.3055 -61.5864 1.7863 1.9271 -14.6686 2.3702 16.5303 17.1724 -52.6290 34.6644 -1.6389 1.1297 80.0203 -37.4756 39.4987 -33.7596 16.3225 7.0183 -16.6562 50.5692 -3.9413 -5.8050 1.9642 -36.5117 10.8340 -0.0825 47.0202 -0.2065 -0.2727 -22.8978 -3.5339 1.6610 -1.3338 -1.8956 7.9178 -44.6778 -19.9579 0.0410 30.3315 -0.0444 4.4201 2.0701 -7.7705 -1.4243 -1.9839 1.1701
3.2915 93.2312 -5.4101 -3.6245 12.4620 3.5426 -1.0233 4.0191 -0.4703 -0.5562 -2.7448 -0.5054 0.2320 12.4922 -2.5597 6.0360 0.2238 1.4982 -0.8415 -3.7436 0.9952 2.3879 -16.2697 -0.1179 0.0132 0.0897 0.0119 0.7235 -10.4357 -3.8272 -0.6932 -10.4210 3.8393 11.7509 7.5677 -16.6549 1.8227 -31.7477 -66.7918 1.5148 2.0219 -53.4979 34.3054 38.7174 24.9046 -16.4633 10.9397 15.5599 -61.5411 1.7978 1.9011 -15.3988 2.1961 17.5699 11.1754 -53.3530 37.8549 -1.5721 1.1653 77.2455 -38.6543 37.8482 -34.1071 16.3647 7.1023 -16.7022 50.6659 -3.9398 -5.8375 0.7416 -38.3115 12.6281 -0.0285 46.1703 -0.0745 -0.1818 -21.2574 -4.0068 1.6522 -1.2689 -1.8773 8.5659 -45.5610 -21.2240 0.0714 28.9148 -0.0501 5.8041 1.0939 -7.3857 -1.4145 -2.2901 1.1645
3.4613 93.4292 -7.4039 -3.5487 13.6006 2.6349 -1.0015 4.0923 -0.3796 -0.5288 -2.6848 -0.0892 -0.0561 12.2868 -2.3052 5.6844 -0.6477 1.5913 -0.7935 -3.7678 0.7461 2.5260 -16.5507 -0.2480 0.0152 0.0780 -0.0108 0.7083 -10.4644 -3.8490 -0.6751 -10.4456 3.8143 10.9039 7.0035 -16.1436 0.5251 -32.2830 -64.5611 1.3467 1.9072 -54.6099 35.3492 37.4279 25.0065 -16.3753 11.1451 15.7612 -61.5920 1.8342 1.8388 -16.3036 2.0633 18.6706 4.2444 -53.1065 41.7784 -1.5616 1.3087 74.1133 -39.4331 35.7780 -34.3344 16.3600 7.2403 -16.7403 50.8446 -3.9454 -5.8441 -0.6557 -40.2652 14.6534 0.0455 45.3637 0.0939 -0.2713 -19.6168 -4.3485 1.6432 -1.2035 -1.8562 9.5950 -46.9024 -23.1635 0.0407 29.1519 -0.1134 7.9351 -1.1961 -7.6949 -1.3947 -2.6425 1.1524
3.4781 93.5579 -9.3678 -3.5770 14.6956 1.6909 -0.9614 4.1740 -0.2405 -0.4961 -2.5894 0.2948 -0.2988 12.1182 -2.0477 5.5052 -1.5404 1.6263 -0.7851 -3.7556 0.5219 2.4854 -16.9430 -0.3376 0.0210 0.0615 -0.0594 0.6960 -10.4836 -3.8968 -0.6516 -10.4634 3.7634 10.1777 6.4893 -15.6408 -1.7174 -33.5248 -60.9134 1.1766 1.7686 -55.9590 36.6389 36.2127 24.9140 -16.3072 11.3474 15.8847 -61.5626 1.9065 1.7821 -17.1779 1.9886 19.6494 -2.4841 -51.8274 45.6196 -1.6397 1.4306 70.8163 -39.6577 33.4392 -34.5527 16.4827 7.3857 -16.7966 51.0465 -3.9202 -5.8325 -1.9261 -42.2689 16.5934 0.0971 44.6939 0.2070 -0.5226 -18.0294 -4.4892 1.6349 -1.1509 -1.8650 10.6396 -48.3858 -25.1455 0.0047 31.6624 -0.1436 10.0420 -3.2227 -8.2139 -1.3832 -2.9892 1.1369
3.2864 93.5892 -11.1589 -3.7309 15.5839 1.1179 -0.9211 4.2790 -0.1181 -0.4676 -2.4705 0.5660 -0.4816 12.0144 -1.8232 5.6559 -2.3104 1.5542 -0.8060 -3.7309 0.3352 2.3193 -17.3137 -0.3639 0.0285 0.0517 -0.1231 0.6862 -10.4926 -3.9614 -0.6270 -10.4750 3.6976 9.5711 6.1974 -15.2243 -4.6309 -34.9342 -56.1694 1.0764 1.6202 -57.2793 37.6221 35.0685 24.3032 -16.1969 11.4803 15.9507 -61.3589 1.9334 1.7482 -17.8755 1.9493 20.2844 -7.8669 -50.1437 48.6312 -1.7958 1.2980 67.7278 -39.2721 31.4173 -34.7685 16.6156 7.4367 -16.8380 51.1487 -3.9282 -5.7914 -2.7580 -44.2675 17.9131 0.1211 44.3213 0.2591 -0.7822 -16.5808 -4.5407 1.6270 -1.1205 -1.8754 11.1484 -49.5010 -26.4883 -0.0323 36.3776 -0.1577 11.9008 -5.2230 -8.3639 -1.3882 -3.2365 1.1238
2.8722 93.4963 -12.7932 -3.9869 16.2589 0.8517 -0.9255 4.3731 0.0245 -0.4448 -2.3641 0.7191 -0.6128 11.9541 -1.6172 6.0715 -2.8769 1.4152 -0.8313 -3.7034 0.1306 2.1238 -17.6816 -0.4007 0.0349 0.0461 -0.1761 0.6769 -10.4952 -4.0169 -0.6051 -10.4825 3.6447 8.9204 6.1252 -14.8929 -7.9830 -36.0888 -50.5836 0.9210 1.4754 -58.4516 37.9282 33.7911 22.9170 -16.0456 11.5342 16.0214 -61.0095 1.8886 1.6994 -18.3247 2.0237 20.6461 -11.8543 -48.6369 50.8782 -1.8531 1.0426 65.1174 -38.5683 29.7162 -35.0322 16.7183 7.4176 -16.8951 51.1037 -3.9254 -5.7336 -3.0202 -46.3242 18.4135 0.1216 44.2869 0.2663 -1.0904 -15.2229 -4.3584 1.6253 -1.0490 -1.8776 10.9277 -50.0474 -26.9673 -0.0777 43.0803 -0.1576 13.8813 -7.5166 -7.6975 -1.4055 -3.4997 1.1111
2.2396 93.2583 -14.2822 -4.1915 16.7269 0.9279 -1.0025 4.4505 0.0967 -0.4578 -2.3100 0.8364 -0.7763 11.9207 -1.4414 6.6602 -3.2096 1.2276 -0.8554 -3.6791 -0.0930 1.9492 -17.9799 -0.4883 0.0364 0.0457 -0.2015 0.6700 -10.5065 -4.0530 -0.5955 -10.5000 3.6287 8.2623 6.2488 -14.5787 -11.6934 -36.8378 -44.4031 0.6674 1.2696 -59.6452 37.8373 32.7491 21.2304 -15.9351 11.6091 16.1040 -60.7597 1.8396 1.6449 -18.6178 2.2066 20.7803 -14.4152 -47.6306 52.4961 -1.8692 0.7022 63.1912 -37.8589 28.6068 -35.5057 16.7190 7.3963 -16.9383 50.8934 -3.9276 -5.6975 -2.7452 -48.3429 17.9719 0.1168 44.5402 0.2624 -1.4411 -13.9929 -3.9419 1.6218 -0.9146 -1.8828 9.7307 -49.6371 -26.4346 -0.0926 50.5780 -0.1505 15.6901 -9.9775 -6.2516 -1.4277 -3.8702 1.0909
1.4500 92.9435 -15.6940 -4.2712 17.0886 1.1042 -1.1725 4.4684 0.1479 -0.5089 -2.3043 0.9652 -1.0332 11.9174 -1.2261 7.1996 -3.3947 1.0289 -0.8844 -3.6647 -0.2749 1.8932 -18.2877 -0.6920 0.0373 0.0453 -0.2068 0.6714 -10.5136 -4.0678 -0.5962 -10.5130 3.6333 7.4547 6.4326 -14.1307 -15.6328 -37.0552 -37.8892 0.3700 0.9977 -61.3194 37.7056 32.2415 19.6601 -15.8904 11.6375 16.1848 -60.5702 1.7743 1.6064 -18.8288 2.4229 20.8595 -15.7260 -47.2711 53.5999 -1.8764 0.5430 62.2325 -37.2137 28.1205 -36.0302 16.6487 7.4044 -17.0036 50.6333 -3.9509 -5.6881 -2.0903 -50.3019 16.8152 0.1424 44.9994 0.2935 -1.8340 -12.8003 -3.2656 1.6184 -0.7906 -1.8672 7.6931 -48.2132 -24.8831 -0.0266 57.3599 -0.0760 16.8478 -12.3041 -4.5519 -1.4382 -4.3994 1.0800
0.5799 92.5386 -17.0325 -4.2697 17.3984 1.0276 -1.3853 4.4121 0.1767 -0.6038 -2.3278 1.2292 -1.4003 11.8905 -0.9282 7.4910 -3.4516 0.9354 -0.9292 -3.6634 -0.4538 1.9552 -18.6512 -0.9278 0.0372 0.0456 -0.1977 0.6790 -10.5050 -4.0651 -0.6053 -10.5108 3.6473 6.4730 6.6493 -13.3466 -19.6710 -36.4596 -31.3787 0.3714 0.8716 -64.0812 37.8454 32.2275 18.4377 -16.0450 11.6489 16.2297 -60.5598 1.6883 1.5553 -19.0723 2.7065 20.9776 -15.9669 -47.3820 54.3023 -1.9390 0.6647 62.1221 -36.4832 27.8198 -36.1045 16.5523 7.4390 -17.0147 50.4521 -3.9758 -5.6893 -1.1293 -52.1558 15.2800 0.1865 45.5538 0.3375 -2.3056 -11.6927 -2.3367 1.6183 -0.6447 -1.8437 5.2697 -45.7840 -22.5778 0.1963 62.0433 0.1963 17.4546 -14.2198 -3.0028 -1.4437 -5.1040 1.0976
-0.3391 92.0889 -18.3420 -4.1954 17.6721 0.5594 -1.6320 4.3023 0.2142 -0.7217 -2.3726 1.5813 -1.8838 11.8530 -0.5044 7.5252 -3.3800 0.9704 -1.0125 -3.6641 -0.5709 2.1591 -19.0331 -1.1966 0.0372 0.0475 -0.1986 0.6949 -10.4933 -4.0692 -0.6225 -10.5019 3.6497 5.4272 6.7716 -12.1285 -23.9889 -35.4883 -24.7421 0.4174 0.8258 -68.4525 38.3620 32.8215 17.3664 -16.2082 11.6068 16.1995 -60.4617 1.5875 1.5356 -19.4552 3.1275 21.1684 -15.4896 -47.9537 54.6825 -1.9705 0.8583 62.5736 -35.5196 27.6278 -35.7754 16.4974 7.4634 -17.0111 50.3637 -4.0210 -5.6892 -0.0461 -53.8855 13.7772 0.2132 46.1741 0.3364 -2.8946 -10.7113 -1.1184 1.6226 -0.4112 -1.8304 2.8889 -42.5517 -19.8382 0.4754 64.0265 0.5915 17.5106 -15.6457 -2.2206 -1.4588 -5.8223 1.1295
-1.2766 91.5822 -19.7017 -4.1427 17.9093 -0.3203 -1.8808 4.1558 0.3056 -0.8784 -2.4255 1.9823 -2.3932 11.7965 0.0236 7.3730 -3.1693 1.0762 -1.1111 -3.6862 -0.5587 2.4236 -19.3365 -1.4723 0.0357 0.0510 -0.1952 0.7129 -10.4650 -4.0620 -0.6445 -10.4764 3.6490 4.4197 6.8043 -10.4941 -28.5207 -34.1284 -18.0455 0.2328 0.8057 -74.3098 39.0259 33.8651 16.4928 -16.3209 11.4823 16.0671 -60.2774 1.5272 1.4917 -19.8108 3.5909 21.4087 -14.5029 -48.7510 54.7806 -1.9615 1.1275 63.2816 -34.0494 27.4275 -35.2566 16.5022 7.3930 -16.9562 50.3442 -4.0509 -5.6829 1.1155 -55.5118 12.5874 0.1739 46.8042 0.2372 -3.5679 -9.8106 0.2685 1.6222 -0.0596 -1.8110 1.0492 -38.7459 -17.0899 0.6080 62.9453 0.8845 17.1329 -16.2531 -2.0865 -1.4952 -7.3925 1.1990
-2.2940 91.0618 -21.0483 -4.1704 18.1893 -1.4223 -2.1662 3.9709 0.3917 -1.0667 -2.4635 2.4237 -2.7954 11.7336 0.5978 7.0704 -2.8849 1.2059 -1.0831 -3.7374 -0.5115 2.5817 -19.6677 -1.6565 0.0369 0.0603 -0.2102 0.7244 -10.4341 -4.0694 -0.6550 -10.4457 3.6236 3.5885 6.7746 -8.7046 -32.8454 -32.0964 -11.5731 -0.0157 0.6582 -80.9616 39.9510 35.2856 16.0710 -16.3995 11.2799 15.9129 -60.1745 1.5428 1.3936 -20.0745 4.0012 21.5867 -13.3550 -49.7156 54.6523 -1.8254 1.2809 64.1782 -32.2575 27.0957 -34.7891 16.4726 7.2239 -16.8499 50.2710 -3.9955 -5.6766 2.3935 -57.1544 11.6657 0.0563 47.4088 0.0014 -4.3160 -8.9597 1.5829 1.5974 0.3304 -1.7437 0.2984 -34.9069 -15.1441 0.5387 58.9637 0.9318 16.3132 -16.9883 -2.9509 -1.5554 -11.0942 1.3224
-3.3665 90.6246 -22.5331 -4.3433 18.6534 -2.4746 -2.3971 3.6604 0.4595 -1.2843 -2.5344 2.9213 -3.0254 11.6894 1.2011 6.7434 -2.4986 1.2244 -1.0567 -3.7915 -0.4451 2.7802 -20.1208 -2.0264 0.0340 0.0620 -0.1849 0.7092 -10.4170 -4.0449 -0.6462 -10.4234 3.6530 2.9562 7.0131 -7.2720 -36.3881 -29.6345 -5.9062 -0.2683 0.3929 -87.3267 41.5040 37.0818 16.2533 -16.4432 11.2586 15.8024 -60.5676 1.4751 1.4052 -20.1949 4.3710 21.5620 -11.9574 -50.9151 53.8650 -1.3470 1.0543 65.7231 -30.8967 26.9036 -34.8467 16.4993 7.0656 -16.7955 50.2284 -4.0269 -5.6622 4.0963 -58.9065 10.5019 -0.0360 47.7278 -0.1645 -4.9829 -7.8123 2.6268 1.5829 0.3595 -1.7621 0.9308 -31.7130 -14.6066 0.4731 52.7077 0.5586 15.6888 -21.5824 -4.8608 -1.5767 -10.9875 1.4078
-4.4520 90.3115 -24.1770 -4.8471 18.9986 -3.6687 -2.4077 3.4943 0.5648 -1.3770 -2.5018 3.3243 -3.2211 11.6537 1.6852 6.4271 -2.2855 1.4546 -1.1371 -3.7884 -0.4012 2.8063 -20.6760 -2.2599 0.0365 0.0497 -0.1617 0.6957 -10.3910 -4.0126 -0.6276 -10.4129 3.6682 2.1795 6.9974 -5.8757 -38.8907 -26.9091 -1.3580 -0.5498 0.3513 -92.8715 42.7311 38.7217 16.2785 -16.4503 11.2259 15.7915 -60.6415 1.5693 1.3971 -19.9942 4.6770 21.6973 -10.9079 -51.8233 53.0465 -1.0321 0.9241 67.4351 -29.7068 26.2875 -34.2869 16.1644 7.0598 -16.8410 49.9275 -3.9884 -5.5795 6.6261 -60.4353 8.8770 -0.1901 47.5089 -0.3839 -5.6466 -6.3335 3.3764 1.5932 -0.1959 -1.7924 2.8173 -30.8199 -14.6017 0.3382 49.3080 0.3010 14.7812 -26.4504 -6.7325 -1.5072 -6.0805 1.2931
-5.4817 90.0439 -25.9106 -5.4118 18.9624 -4.6622 -2.3683 3.4968 0.6824 -1.4071 -2.3759 3.5121 -3.2271 11.8035 2.0885 6.1350 -2.1780 1.5676 -1.1397 -3.7743 -0.2920 2.6736 -21.0085 -2.3056 0.0379 0.0409 -0.1179 0.6883 -10.3666 -3.9658 -0.6169 -10.4076 3.7085 1.5021 7.1727 -4.8096 -40.8268 -24.7176 1.7147 -0.6524 0.5297 -96.6518 43.6377 39.9122 15.8639 -16.6366 11.1646 15.7910 -60.6171 1.5820 1.4701 -19.7602 4.8112 21.7103 -9.5315 -52.5319 51.7480 -0.9099 0.8383 69.2215 -28.7030 25.7635 -33.6424 15.9009 7.0635 -16.8290 49.6397 -3.9825 -5.4780 9.4424 -61.4064 6.9169 -0.3009 46.8943 -0.5524 -6.2612 -4.7187 3.9602 1.6058 -0.5725 -1.8323 4.6164 -31.0804 -14.5314 0.2474 48.0883 0.1257 13.6659 -28.9335 -7.2877 -1.4685 -3.5642 1.2188
-6.4189 89.6933 -27.6663 -5.7752 18.4866 -5.0543 -2.3204 3.6526 0.7711 -1.4053 -2.2377 3.4723 -3.0824 12.0633 2.2764 5.9169 -1.9419 1.5917 -1.0865 -3.8590 -0.1930 2.5634 -20.9587 -2.2857 0.0325 0.0262 -0.0993 0.6549 -10.3641 -3.9359 -0.5937 -10.4012 3.7212 1.1162 7.5071 -4.1629 -42.3865 -23.2403 3.3578 -0.5557 0.5524 -98.5758 43.8088 40.8349 15.1386 -16.8281 11.1034 15.8072 -60.6481 1.6001 1.4517 -19.3726 5.0156 21.7191 -8.1256 -52.9099 50.1638 -0.9437 0.7133 70.4658 -28.2503 25.6660 -33.4193 15.6987 7.0793 -16.7705 49.5185 -4.0150 -5.5755 11.8756 -61.8409 5.0408 -0.4290 46.2141 -0.7287 -6.5273 -3.2826 4.4233 1.6123 -0.8034 -1.8663 6.0552 -31.6703 -14.5164 0.1920 48.4459 0.0539 12.3710 -30.4702 -7.3277 -1.4411 -2.4940 1.2200
-7.3368 89.2136 -29.3279 -5.8920 17.7113 -4.9510 -2.2354 3.8660 0.8018 -1.4041 -2.1273 3.3220 -2.8235 12.4050 2.3570 5.7979 -1.6261 1.6182 -1.0695 -3.8429 -0.1361 2.3102 -21.0347 -2.2155 0.0296 0.0339 -0.0784 0.6482 -10.3701 -3.9120 -0.5927 -10.4061 3.7399 1.0689 7.7620 -4.0301 -43.4257 -22.5738 3.9049 -0.3732 0.6747 -98.9039 43.5798 40.7787 14.3288 -16.9616 10.9833 15.7954 -60.6865 1.5955 1.4536 -18.8089 5.1945 21.5424 -6.9606 -53.1943 48.6942 -1.0422 0.5978 71.0821 -27.9338 25.8004 -33.5605 15.6776 7.0768 -16.6757 49.4355 -4.0197 -5.6175 13.6245 -62.1403 3.6743 -0.5191 45.8597 -0.8479 -6.7648 -2.0814 4.3724 1.6181 -1.0748 -1.9070 7.1282 -32.5898 -14.6311 0.1430 50.1480 -0.0866 11.3043 -31.4727 -7.2537 -1.4301 -2.1756 1.1983
-8.2557 88.4946 -30.9832 -5.8245 16.6943 -4.2977 -2.1167 4.0997 0.7871 -1.3694 -2.0611 3.0610 -2.4046 12.7693 2.2618 5.7229 -1.2353 1.5612 -1.0531 -3.8324 -0.1643 1.9316 -21.1760 -2.0581 0.0286 0.0423 -0.0799 0.6494 -10.3846 -3.9138 -0.5964 -10.4193 3.7398 1.4856 7.8084 -4.2933 -44.1478 -22.6866 3.7911 -0.2094 0.7131 -98.1360 43.1272 40.0803 13.7932 -16.9697 10.9531 15.7922 -60.8220 1.5954 1.4280 -18.0405 5.3166 21.2918 -5.9508 -53.0874 47.3915 -1.2549 0.6089 71.3359 -27.6137 26.1767 -33.9529 15.7010 7.0575 -16.6136 49.4326 -4.0799 -5.6887 14.7652 -62.5031 2.7220 -0.5886 45.9603 -0.9283 -6.9505 -1.1419 3.7473 1.6195 -1.2197 -1.9242 7.9934 -33.4509 -14.8390 0.0773 52.4943 -0.2442 10.3512 -32.6223 -7.5141 -1.4310 -1.9087 1.1997
-9.1248 87.5985 -32.5385 -5.6496 15.5464 -3.3096 -1.9552 4.2708 0.7393 -1.2723 -2.0333 2.7303 -1.8812 13.1681 2.0794 5.6065 -0.8803 1.4292 -1.0133 -3.8161 -0.2280 1.4880 -21.3779 -1.8044 0.0308 0.0474 -0.0871 0.6579 -10.3931 -3.9231 -0.6011 -10.4253 3.7347 2.1711 7.6849 -4.8182 -44.3672 -23.5649 3.0958 -0.0040 0.6724 -96.5361 42.7539 38.8354 13.4152 -16.8953 10.9681 15.8409 -60.9597 1.5218 1.5241 -17.0518 5.3652 20.9615 -5.0587 -52.7375 46.4684 -1.5135 0.6798 71.8070 -27.3287 26.9775 -34.2531 15.7450 7.0830 -16.6151 49.4840 -4.0865 -5.6964 15.3370 -62.9586 2.2477 -0.6408 46.4095 -0.9694 -7.1671 -0.3696 2.6959 1.6144 -1.2868 -1.8973 8.7225 -34.2953 -15.1682 -0.0165 55.2853 -0.4077 9.5538 -33.7443 -8.0759 -1.4311 -1.6990 1.2233
-9.9355 86.6540 -33.9453 -5.2960 14.2895 -2.2405 -1.8216 4.3757 0.6675 -1.1600 -2.0549 2.4331 -1.3377 13.5498 1.8474 5.3764 -0.5324 1.3025 -0.9784 -3.7830 -0.2991 1.1232 -21.6122 -1.5324 0.0335 0.0518 -0.0935 0.6710 -10.3799 -3.9299 -0.6097 -10.4089 3.7296 2.9129 7.4077 -5.4846 -44.1115 -24.8399 1.9695 0.2637 0.6777 -94.3267 42.6576 37.3076 13.1565 -16.7700 11.0172 15.8933 -61.0655 1.4340 1.6092 -15.8876 5.4868 20.6013 -3.9897 -52.4014 45.7883 -1.7240 0.8081 72.8271 -27.4133 28.3097 -34.3566 15.7977 7.1497 -16.7036 49.5214 -4.0731 -5.7683 15.0907 -63.2947 2.6005 -0.6890 46.9453 -0.9897 -7.5251 0.2866 1.4355 1.6076 -1.2586 -1.8661 9.1181 -34.9996 -15.5872 -0.0961 58.1316 -0.5283 8.8570 -34.8093 -8.5672 -1.4276 -1.5215 1.2488
-10.5922 85.8141 -35.1925 -4.7669 12.9602 -1.3648 -1.7192 4.3856 0.5883 -1.0543 -2.1170 2.1808 -0.8686 13.9125 1.6526 4.9463 -0.1873 1.2539 -0.9362 -3.7434 -0.3138 0.9339 -21.6623 -1.3166 0.0343 0.0556 -0.0920 0.6865 -10.3636 -3.9293 -0.6242 -10.3909 3.7316 3.5357 7.2293 -6.2252 -43.5754 -26.4511 0.6645 0.5226 0.7169 -91.6341 42.8252 36.0064 13.3253 -16.6939 11.0598 15.9062 -61.2379 1.3963 1.6356 -14.6158 5.7416 20.2814 -2.6154 -51.9010 45.2760 -1.9371 0.9822 74.1647 -27.9590 29.6521 -34.4021 15.8559 7.2409 -16.8255 49.7680 -4.0378 -5.8127 14.0618 -63.3220 3.8199 -0.7154 47.3918 -0.9878 -7.9929 0.7807 0.1685 1.5983 -1.2796 -1.8368 9.0878 -35.4156 -15.8394 -0.1546 60.5848 -0.6064 8.1040 -35.7376 -8.7292 -1.4215 -1.4372 1.2653
-11.1431 85.2157 -36.2441 -4.1039 11.5800 -0.9399 -1.6260 4.2973 0.5321 -0.9950 -2.2048 2.0145 -0.5238 14.1748 1.4765 4.2706 0.1758 1.3575 -0.8821 -3.7121 -0.2229 0.9637 -21.4366 -1.1733 0.0313 0.0558 -0.0674 0.6931 -10.3497 -3.9081 -0.6373 -10.3796 3.7616 4.0182 7.1380 -6.8436 -43.0634 -28.2074 -0.5508 0.5610 0.8638 -88.6175 42.8912 34.8505 13.7379 -16.7554 11.0909 15.9061 -61.3812 1.4194 1.6328 -13.5046 6.1093 20.1724 -0.5979 -51.0475 44.6629 -2.2544 1.1629 75.2757 -28.8244 30.6413 -34.7413 15.9507 7.2942 -16.8998 50.0660 -4.0217 -5.8344 12.5920 -62.7817 5.6237 -0.7252 47.4613 -0.9827 -8.5383 1.2073 -0.8028 1.5923 -1.3866 -1.8226 8.6133 -35.5030 -15.6162 -0.1914 62.3625 -0.6407 7.2415 -36.3817 -8.5995 -1.4160 -1.4465 1.2752
-11.5626 84.8773 -37.1233 -3.4177 10.2213 -1.1273 -1.5085 4.1833 0.5676 -0.9543 -2.3167 1.8738 -0.3335 14.2649 1.3848 3.3834 0.5421 1.6176 -0.8042 -3.6801 -0.0010 1.0980 -21.0598 -1.0350 0.0289 0.0551 -0.0484 0.6977 -10.3511 -3.8924 -0.6470 -10.3803 3.7869 4.4613 7.0353 -7.2454 -42.8456 -29.8381 -1.4828 0.4652 0.9392 -85.7795 42.6479 33.6723 14.1187 -16.8131 11.1012 15.9056 -61.3552 1.4645 1.6106 -12.8410 6.4554 20.3657 2.0469 -50.1764 43.8661 -2.5421 1.2082 75.8920 -29.8964 31.2121 -35.3289 16.0005 7.2886 -16.8985 50.3281 -4.0255 -5.8174 11.2547 -61.7594 7.4640 -0.7156 47.1895 -0.9682 -9.0474 1.5838 -1.1818 1.5916 -1.5744 -1.8195 7.8730 -35.4035 -14.7334 -0.2586 63.5311 -0.7144 6.3403 -36.6689 -8.2884 -1.4141 -1.4792 1.2782
-11.8881 84.8124 -37.7930 -2.8352 8.9260 -1.8030 -1.3217 4.0447 0.5884 -0.9224 -2.4219 1.8314 -0.2112 14.1536 1.3330 2.4092 0.9511 1.8999 -0.7040 -3.6565 0.3030 1.1606 -20.6443 -0.7263 0.0268 0.0597 -0.0554 0.6999 -10.3539 -3.9042 -0.6538 -10.3833 3.7855 4.8483 6.9067 -7.5250 -42.9357 -31.0584 -2.2469 0.3953 0.9835 -83.3129 42.2482 32.6184 14.4211 -16.7713 11.1802 15.9290 -61.3358 1.5055 1.5975 -12.6926 6.6613 20.6729 5.1433 -49.5479 43.1079 -2.7949 1.1648 76.1069 -30.9301 31.6405 -35.7772 15.9888 7.3026 -16.8487 50.5393 -3.9904 -5.7452 10.4161 -60.2806 8.9497 -0.6846 46.4578 -0.9455 -9.5093 2.0412 -1.0783 1.5954 -1.7519 -1.8073 7.1199 -34.9866 -13.4067 -0.3000 63.9113 -0.7563 5.5138 -36.6016 -7.9489 -1.4114 -1.4992 1.2687
-12.1541 84.9713 -38.3111 -2.4567 7.7033 -2.6599 -1.0662 3.8790 0.5804 -0.8867 -2.5299 1.8083 -0.0738 13.9349 1.2761 1.5398 1.3967 2.1902 -0.5377 -3.6391 0.5881 1.0396 -20.1979 -0.2202 0.0232 0.0700 -0.0739 0.6985 -10.3547 -3.9272 -0.6600 -10.3800 3.7702 5.1551 6.8518 -7.7984 -42.9339 -31.9546 -3.2268 0.4304 0.9804 -81.0195 41.7947 32.1160 15.1434 -16.7022 11.2848 15.9316 -61.2859 1.5205 1.5965 -12.8493 6.7457 20.9668 8.3893 -49.3334 42.3798 -2.8430 1.1816 76.2590 -31.5853 32.0007 -35.8165 15.9673 7.3396 -16.7999 50.6244 -3.9483 -5.6834 10.2260 -58.5040 9.8232 -0.6546 45.3331 -0.9367 -9.8692 2.5557 -0.7693 1.5988 -1.8833 -1.7916 6.6070 -34.2201 -12.0004 -0.3241 63.6157 -0.7615 4.8124 -36.2479 -7.7205 -1.4126 -1.4617 1.2533
-12.3540 85.2919 -38.7142 -2.2709 6.5233 -3.5043 -0.7710 3.6861 0.5869 -0.8370 -2.6647 1.7167 0.1392 13.6954 1.1883 0.8553 1.8779 2.4337 -0.3557 -3.6262 0.8951 0.7673 -19.6571 0.3678 0.0212 0.0785 -0.0893 0.6969 -10.3618 -3.9474 -0.6626 -10.3861 3.7594 5.3841 6.9258 -8.1254 -42.7238 -32.6725 -4.5700 0.5164 0.9549 -78.7416 41.3815 32.2123 16.4945 -16.6497 11.3788 15.9564 -61.2382 1.5257 1.6261 -13.0633 6.7240 21.2238 11.6482 -49.3213 41.4809 -2.6731 1.1657 76.6780 -31.8202 32.4059 -35.3949 15.8975 7.3530 -16.7349 50.5391 -3.9255 -5.5962 10.6139 -56.4797 10.0165 -0.6432 43.8512 -0.9439 -10.1207 3.1379 -0.2871 1.6018 -1.9972 -1.7791 6.3404 -33.1491 -10.6487 -0.3284 62.8150 -0.7539 4.2419 -35.6851 -7.5805 -1.4157 -1.4319 1.2436
-12.5448 85.7386 -39.0281 -2.2149 5.3926 -4.1607 -0.4604 3.4749 0.5671 -0.7860 -2.7954 1.6039 0.4366 13.4278 1.0293 0.3784 2.3940 2.6076 -0.1844 -3.6161 1.1924 0.4020 -19.0163 0.9692 0.0192 0.0817 -0.1037 0.6947 -10.3801 -3.9663 -0.6644 -10.4003 3.7489 5.6268 7.0914 -8.5324 -42.2950 -33.3316 -6.3562 0.6169 0.8920 -76.3446 40.9855 32.7162 18.4320 -16.6918 11.4471 15.9718 -61.2505 1.5391 1.6549 -13.1942 6.6019 21.3383 14.9187 -49.3775 40.3115 -2.3882 1.1465 77.4563 -31.5507 32.7347 -34.3803 15.8249 7.3448 -16.6637 50.3565 -3.9127 -5.5804 11.3055 -54.2949 9.6739 -0.6297 42.0540 -0.9443 -10.2190 3.8261 0.2432 1.6054 -2.0415 -1.7717 6.2833 -31.8402 -9.4849 -0.3076 61.6101 -0.7060 3.7729 -35.0086 -7.5549 -1.4190 -1.3501 1.2339
-12.7232 86.2513 -39.3451 -2.2231 4.3640 -4.5799 -0.1651 3.2184 0.5393 -0.7244 -2.9352 1.4452 0.7784 13.1755 0.8011 0.0869 2.9084 2.7059 -0.0439 -3.6130 1.4590 -0.0395 -18.2482 1.5768 0.0181 0.0827 -0.1102 0.6907 -10.3992 -3.9760 -0.6624 -10.4152 3.7447 5.8559 7.2921 -8.9656 -41.5766 -33.9463 -8.6268 0.7372 0.8649 -73.8234 40.6388 33.3981 20.9022 -16.7811 11.4880 15.9601 -61.2998 1.5723 1.6611 -13.1327 6.4420 21.3110 18.0456 -49.3856 38.8787 -1.9858 1.1266 78.5806 -30.9132 32.8987 -33.0663 15.7474 7.2976 -16.5790 50.1709 -3.9037 -5.5440 12.0114 -52.0596 9.0750 -0.6334 40.0080 -0.9621 -10.2204 4.5495 0.8047 1.6097 -2.0520 -1.7749 6.3376 -30.4506 -8.4942 -0.2952 60.1589 -0.6758 3.3759 -34.2530 -7.6609 -1.4233 -1.2765 1.2239
-12.9039 86.7803 -39.6879 -2.2093 3.4760 -4.7687 0.0802 2.9457 0.5034 -0.6507 -3.0491 1.2644 1.1254 12.9180 0.5046 -0.0897 3.3773 2.7380 0.0761 -3.6247 1.6982 -0.5541 -17.4067 2.1869 0.0162 0.0801 -0.1120 0.6877 -10.4186 -3.9787 -0.6632 -10.4318 3.7442 6.1354 7.4380 -9.4371 -40.7274 -34.6136 -11.1399 0.8828 0.9235 -71.2345 40.3967 34.1678 23.7805 -16.8296 11.5270 15.9060 -61.3726 1.6332 1.6167 -12.9891 6.2122 21.1808 20.9262 -49.1775 37.2475 -1.6726 1.1124 79.8747 -30.0077 32.9254 -31.7356 15.6599 7.2365 -16.4881 49.9624 -3.9130 -5.5039 12.5516 -49.9111 8.4049 -0.6397 37.8337 -0.9811 -10.2281 5.2943 1.2951 1.6135 -2.1264 -1.7846 6.4001 -29.1423 -7.7355 -0.2543 58.6825 -0.5918 2.9817 -33.4901 -7.8282 -1.4262 -1.2086 1.2108
-13.0821 87.2979 -40.0722 -2.1535 2.7232 -4.8173 0.2852 2.6840 0.4723 -0.5713 -3.1617 1.0328 1.4510 12.6769 0.2465 -0.2049 3.7491 2.7413 0.1406 -3.6336 1.9137 -1.1054 -16.5337 2.7293 0.0150 0.0719 -0.1018 0.6892 -10.4383 -3.9693 -0.6669 -10.4500 3.7570 6.4363 7.5556 -9.9694 -39.8101 -35.4340 -13.5678 1.0099 1.0563 -68.7335 40.2616 34.7666 26.7105 -16.8673 11.5428 15.8584 -61.4654 1.6791 1.6100 -12.7170 5.9617 20.9578 23.4013 -48.7212 35.6378 -1.4994 1.2135 81.2627 -28.9532 32.7800 -30.5204 15.6127 7.1485 -16.4093 49.8922 -3.9096 -5.4740 12.8972 -47.9103 7.7840 -0.6228 35.6911 -0.9802 -10.2625 5.8541 1.7087 1.6128 -2.3146 -1.8101 6.3999 -27.9914 -7.1456 -0.2195 57.2628 -0.5307 2.5786 -32.7050 -7.9098 -1.4288 -1.2176 1.1927
-13.2432 87.7769 -40.4205 -2.0620 2.0882 -4.8086 0.4605 2.4467 0.4203 -0.4886 -3.2478 0.8062 1.7785 12.4277 0.0259 -0.3110 4.0055 2.7696 0.1583 -3.6349 2.1076 -1.6836 -15.6369 3.2121 0.0124 0.0613 -0.0933 0.6917 -10.4496 -3.9564 -0.6745 -10.4611 3.7628 6.7635 7.5889 -10.5277 -38.8773 -36.4630 -15.7541 1.1308 1.2158 -66.4064 40.3038 34.9953 29.3688 -16.8027 11.5406 15.8013 -61.4606 1.7169 1.6343 -12.3387 5.7399 20.6861 25.3882 -48.1722 34.1995 -1.4230 1.2806 82.6031 -27.9606 32.5580 -29.4806 15.5958 7.0876 -16.3301 49.8840 -3.8801 -5.4557 13.0796 -46.0782 7.2656 -0.6128 33.6037 -0.9827 -10.3351 6.1529 2.0782 1.6117 -2.5400 -1.8482 6.3625 -27.0205 -6.7597 -0.1637 55.9791 -0.4410 2.1374 -31.9327 -7.8793 -1.4286 -1.2381 1.1650
-13.3902 88.1651 -40.8291 -1.9455 1.5763 -4.7912 0.6221 2.2713 0.3610 -0.4128 -3.3189 0.6053 2.1090 12.1855 -0.1603 -0.4521 4.1360 2.7997 0.2039 -3.6378 2.3481 -2.2844 -14.7631 3.7008 0.0098 0.0566 -0.0769 0.7008 -10.4717 -3.9389 -0.6887 -10.4780 3.7801 7.1010 7.6631 -11.0902 -37.6946 -37.7048 -17.7562 1.2137 1.3275 -64.3181 40.4370 34.6756 31.8164 -16.6809 11.5445 15.7424 -61.4887 1.7229 1.6615 -11.8696 5.5298 20.3627 26.8202 -47.5823 33.0921 -1.3996 1.2792 83.7583 -27.0011 32.3252 -28.5933 15.5680 7.0454 -16.2576 49.8723 -3.8830 -5.4594 13.1558 -44.5622 6.8656 -0.5957 31.9242 -0.9897 -10.5013 5.8462 2.3778 1.6133 -2.7248 -1.8878 6.2939 -26.2892 -6.5257 -0.1081 54.9505 -0.3476 1.6506 -31.2404 -7.7130 -1.4274 -1.2310 1.1513
-13.4818 88.5198 -41.2028 -1.8336 1.2240 -4.8510 0.7607 2.1138 0.3727 -0.3495 -3.3401 0.5843 2.4779 11.9665 -0.3635 -0.4997 3.9672 2.7475 0.0799 -3.5894 2.4605 -2.8026 -13.8236 4.2776 0.0116 0.0361 -0.1019 0.7088 -10.4736 -3.9589 -0.6915 -10.4814 3.7501 7.5331 7.6245 -11.7658 -36.1634 -38.6593 -19.7182 1.4491 1.4545 -62.5816 40.7199 33.8846 34.2249 -16.6241 11.6288 15.7622 -61.6915 1.8284 1.7152 -11.3108 5.1669 19.9128 27.9996 -47.3111 31.9848 -0.9612 0.9903 84.8543 -25.7737 32.1008 -27.8891 15.5741 6.9813 -16.1275 49.8877 -3.9308 -5.4442 13.2532 -43.4446 6.3745 -0.4891 30.7360 -0.8456 -11.3080 4.6700 2.4612 1.6411 -3.0801 -1.9346 6.2598 -25.8510 -6.5128 -0.1004 54.1432 -0.2928 1.1000 -30.5192 -7.2761 -1.4209 -1.2608 1.2061
-13.5402 88.7527 -41.6150 -1.6725 1.0458 -4.8937 0.8884 2.0688 0.3311 -0.3348 -3.2974 0.4175 2.7516 11.6401 -0.5264 -0.5307 3.7535 2.7573 0.1439 -3.5680 2.8034 -3.4277 -13.1419 4.7772 0.0122 0.0369 -0.0888 0.7180 -10.4680 -3.9447 -0.6994 -10.4669 3.7627 7.9515 7.6343 -12.2940 -34.3848 -39.7536 -21.3149 1.3580 1.5689 -60.8512 40.6488 32.9791 36.1878 -16.4784 11.5948 15.6968 -61.6750 1.8012 1.8102 -10.7524 4.8470 19.4762 28.6201 -46.6524 31.4219 -0.8958 1.0444 85.9176 -24.1014 32.4287 -26.7617 15.5915 6.8990 -16.0816 49.7262 -3.9432 -5.4166 13.3511 -42.8865 5.7529 -0.4832 30.8116 -0.8514 -11.9615 1.9243 2.6893 1.6179 -3.2877 -1.9571 6.1247 -25.7619 -6.5909 -0.0535 53.6168 -0.2399 0.6690 -29.9894 -6.7650 -1.4221 -1.0440 1.1841
-13.5518 88.9337 -42.0758 -1.4282 1.1275 -5.0338 0.9154 2.0471 0.2937 -0.3168 -3.2545 0.2680 2.9382 11.3682 -0.6991 -0.5387 3.3260 2.7782 0.2230 -3.5613 3.0378 -3.9887 -12.6855 5.3819 0.0090 0.0370 -0.0792 0.7247 -10.4915 -3.9380 -0.7127 -10.4798 3.7769 8.4743 7.5886 -12.8420 -32.2885 -40.4346 -22.7093 1.2994 1.5799 -59.2576 40.2348 31.7770 37.5360 -16.3341 11.5899 15.7139 -61.5719 1.7172 1.8910 -10.1853 4.5631 18.9368 28.6831 -46.0095 31.2469 -0.8242 1.2100 87.1533 -22.4344 33.1148 -25.6555 15.5597 6.8668 -16.0731 49.6793 -3.9323 -5.3913 13.2827 -43.0164 5.2027 -0.4964 32.4700 -0.8684 -12.2548 -1.6596 2.9996 1.6177 -3.4733 -1.9602 5.9515 -26.1601 -6.6910 -0.0447 53.3804 -0.2247 0.1621 -29.4604 -6.0880 -1.4217 -0.8696 1.1521
-13.5532 89.0535 -42.6318 -1.1536 1.3505 -5.1838 0.8682 2.1052 0.2371 -0.3112 -3.2014 0.1307 3.0380 11.1747 -0.8941 -0.4638 2.7217 2.8210 0.3129 -3.5564 3.2165 -4.4811 -12.4017 6.0491 0.0073 0.0362 -0.0664 0.7317 -10.5122 -3.9320 -0.7227 -10.4915 3.7987 9.0698 7.5831 -13.4391 -30.0056 -40.6877 -23.8843 1.2719 1.5244 -57.8242 39.6032 30.6454 38.5554 -16.1756 11.6123 15.7327 -61.4658 1.6809 1.9001 -9.6441 4.2878 18.2894 28.4552 -45.4765 31.2155 -0.7118 1.3871 88.5720 -20.8172 33.6182 -24.5086 15.5208 6.8859 -16.0877 49.7039 -3.9169 -5.3933 13.0340 -43.5077 4.9394 -0.5141 35.6162 -0.8723 -12.0307 -4.6945 2.6526 1.6277 -3.5228 -1.9710 5.7779 -26.8620 -6.7840 -0.0463 53.3326 -0.1998 -0.2860 -28.9303 -5.5384 -1.4201 -0.7534 1.1321
-13.5166 89.1383 -43.2466 -0.8603 1.6900 -5.3262 0.7507 2.2112 0.2168 -0.3203 -3.1438 -0.0496 3.0294 11.0913 -1.1165 -0.3107 2.0013 2.7865 0.4211 -3.5420 3.4631 -4.8986 -12.2831 6.6481 0.0086 0.0352 -0.0537 0.7373 -10.5313 -3.9282 -0.7248 -10.5061 3.8212 9.6153 7.6747 -14.0043 -27.6705 -40.7086 -24.8160 1.1967 1.4740 -56.6169 38.7669 29.5490 39.1398 -16.0136 11.6452 15.7281 -61.3748 1.6869 1.8438 -9.2335 3.9418 17.5947 28.2634 -44.9776 31.1059 -0.6540 1.5288 90.0590 -19.3175 33.8656 -23.4328 15.5121 6.9225 -16.1087 49.7395 -3.9414 -5.3979 12.7594 -44.0170 4.7644 -0.5578 40.0878 -0.9094 -11.5496 -7.1209 1.6899 1.6335 -3.4286 -1.9831 5.6036 -27.8113 -6.7894 -0.0635 53.4162 -0.1954 -0.6401 -28.3609 -5.1507 -1.4219 -0.6871 1.1167
-13.4779 89.1945 -43.9331 -0.5854 2.1662 -5.3991 0.5876 2.3341 0.1785 -0.3519 -3.0748 -0.2193 2.9224 11.0446 -1.4132 -0.0607 1.2689 2.7125 0.5449 -3.5373 3.7048 -5.2377 -12.2478 7.1855 0.0094 0.0320 -0.0500 0.7369 -10.5353 -3.9276 -0.7217 -10.5044 3.8275 10.0438 7.8406 -14.5415 -25.4666 -40.4785 -25.5281 1.1934 1.4247 -55.5697 37.7871 28.4503 39.0787 -15.9057 11.6634 15.7519 -61.2189 1.7108 1.7747 -8.9548 3.5763 16.8655 28.1416 -44.5629 30.9844 -0.6771 1.6230 91.3450 -18.1830 34.1824 -22.5113 15.5592 7.0118 -16.1546 49.8599 -3.9684 -5.3881 12.5382 -44.2997 4.5875 -0.6244 45.3764 -0.9704 -10.9586 -9.4259 0.2442 1.6449 -3.2561 -1.9913 5.4868 -28.9987 -6.7498 -0.0816 53.5658 -0.1956 -0.9293 -27.7380 -4.9090 -1.4244 -0.6531 1.0870
-13.4518 89.2512 -44.6417 -0.4145 2.7947 -5.3799 0.4203 2.4361 0.1483 -0.3918 -3.0185 -0.4093 2.7519 11.0270 -1.7455 0.2962 0.5547 2.6116 0.6338 -3.5398 3.9117 -5.5002 -12.2689 7.6036 0.0098 0.0281 -0.0535 0.7318 -10.5364 -3.9330 -0.7146 -10.5068 3.8242 10.3564 8.0823 -15.0202 -23.4463 -40.1658 -26.1961 1.1739 1.3802 -54.5925 37.0130 27.5377 38.6822 -15.8460 11.6312 15.7977 -61.0055 1.7191 1.7579 -8.7593 3.2375 16.1292 27.9638 -44.3069 30.9323 -0.7187 1.6533 92.3364 -17.5121 34.3332 -21.7922 15.6136 7.1139 -16.2106 50.0482 -3.9795 -5.3864 12.3815 -44.1028 4.4901 -0.7398 50.7104 -1.0884 -10.4656 -11.6157 -1.6337 1.6583 -3.1658 -1.9977 5.4916 -30.3709 -6.6610 -0.1028 53.6630 -0.2214 -1.1264 -27.0061 -4.7979 -1.4279 -0.6373 1.0668
-13.3968 89.3225 -45.4642 -0.3703 3.5892 -5.2116 0.2454 2.5032 0.1184 -0.4282 -2.9757 -0.5778 2.5518 11.0264 -2.1240 0.7799 -0.1627 2.4643 0.6836 -3.5445 4.0275 -5.6535 -12.3649 7.9111 0.0103 0.0311 -0.0616 0.7347 -10.5334 -3.9431 -0.7151 -10.5013 3.8180 10.6220 8.3420 -15.4820 -21.8240 -39.9253 -26.8080 1.1472 1.3242 -53.7159 36.4952 26.8397 37.9881 -15.7829 11.6081 15.8502 -60.7691 1.7298 1.6932 -8.6103 2.9138 15.4254 27.6190 -44.3719 30.9965 -0.6935 1.7072 92.9278 -17.2875 34.2956 -21.3114 15.5927 7.2041 -16.2682 50.0592 -4.0053 -5.3799 12.3244 -43.4356 4.4285 -0.9020 55.5496 -1.2745 -10.1922 -13.3667 -3.6719 1.6732 -3.3114 -2.0100 5.6506 -31.9016 -6.6753 -0.1169 53.6201 -0.2582 -1.2487 -26.1212 -4.7593 -1.4301 -0.5826 1.0505
-13.3356 89.4233 -46.3704 -0.4797 4.5512 -4.9384 0.0803 2.5495 0.0760 -0.4446 -2.9600 -0.7592 2.3389 11.0254 -2.4379 1.3663 -0.8576 2.2739 0.6703 -3.5610 4.1014 -5.6852 -12.5767 8.0500 0.0091 0.0362 -0.0723 0.7380 -10.5490 -3.9570 -0.7193 -10.5128 3.8109 10.8253 8.6123 -15.9294 -20.5567 -39.8777 -27.4176 1.0153 1.2355 -52.9824 36.3335 26.4848 37.2252 -15.7838 11.5738 15.8884 -60.5663 1.7324 1.6487 -8.5179 2.6133 14.7482 27.0938 -44.7538 31.2143 -0.6336 1.6584 93.1823 -17.4633 34.3050 -21.0793 15.5973 7.2876 -16.3655 50.1233 -4.0263 -5.3724 12.3860 -42.4015 4.4084 -1.0695 59.7368 -1.4835 -9.8635 -14.9039 -5.4899 1.6950 -3.7375 -2.0438 5.9977 -33.5739 -6.8496 -0.1458 53.4460 -0.3194 -1.3594 -25.0717 -4.7133 -1.4320 -0.5014 1.0446
-13.2448 89.5531 -47.4004 -0.7387 5.6117 -4.5728 -0.0510 2.5887 0.0306 -0.4501 -2.9606 -0.9621 2.1274 11.0265 -2.7117 2.0540 -1.5439 2.0810 0.5975 -3.5679 4.1028 -5.6065 -12.8709 8.0470 0.0079 0.0455 -0.0804 0.7469 -10.5504 -3.9645 -0.7288 -10.5117 3.8044 10.9933 8.8781 -16.3158 -19.5735 -39.9847 -28.2024 0.8808 1.1844 -52.3977 36.4221 26.5192 36.6989 -15.8314 11.4909 15.9120 -60.4112 1.6988 1.5993 -8.4836 2.3359 14.1850 26.4098 -45.4870 31.5274 -0.4664 1.6213 93.2050 -17.8650 34.3034 -21.0765 15.5940 7.3058 -16.4366 50.1450 -4.0369 -5.3695 12.4505 -41.0829 4.6020 -1.2651 62.9713 -1.7273 -9.7050 -16.2379 -7.0910 1.7269 -4.3933 -2.0876 6.5176 -35.2695 -7.2544 -0.1842 53.1049 -0.4061 -1.4393 -23.9014 -4.6134 -1.4331 -0.3774 1.0345
-13.1196 89.6769 -48.5057 -1.1006 6.8023 -4.1077 -0.1409 2.6179 -0.0730 -0.4469 -2.9684 -1.1328 1.9317 10.9960 -2.9330 2.7637 -2.1942 1.8907 0.4916 -3.5756 4.0348 -5.4354 -13.2455 7.9317 0.0053 0.0548 -0.0918 0.7547 -10.5586 -3.9778 -0.7406 -10.5172 3.7949 11.1369 9.1152 -16.6590 -18.9066 -40.3395 -29.1041 0.7297 1.1504 -51.9992 36.8094 26.9811 36.4639 -15.9303 11.4519 15.9398 -60.4167 1.6640 1.5732 -8.5329 2.0625 13.7208 25.6815 -46.5439 31.8679 -0.2100 1.5709 93.0012 -18.3795 34.2648 -21.0797 15.5917 7.2874 -16.4795 50.1668 -4.0284 -5.3723 12.4163 -39.6730 5.0699 -1.4404 65.2918 -1.9535 -9.6188 -17.3119 -8.3091 1.7608 -5.0918 -2.1251 7.2239 -37.0614 -7.9066 -0.2151 52.6478 -0.4573 -1.5007 -22.6202 -4.5489 -1.4300 -0.2251 1.0062
-12.9325 89.8307 -49.7225 -1.5119 8.1183 -3.5893 -0.2186 2.6330 -0.1681 -0.4235 -3.0009 -1.3356 1.7548 10.9529 -3.1105 3.4938 -2.8701 1.6908 0.3670 -3.5800 3.9242 -5.2119 -13.6603 7.6939 0.0045 0.0616 -0.0893 0.7597 -10.5423 -3.9738 -0.7458 -10.4996 3.7964 11.2534 9.2612 -16.9989 -18.5040 -40.8193 -30.1353 0.6443 1.2082 -51.7516 37.3664 27.8188 36.5547 -16.1242 11.3776 15.9659 -60.4922 1.6256 1.5266 -8.6341 1.7681 13.4306 25.0103 -47.8445 32.1990 0.0461 1.4923 92.5910 -19.0970 34.4431 -21.2620 15.6454 7.2484 -16.5162 50.2103 -4.0151 -5.4039 12.2442 -38.3004 5.8937 -1.6007 66.5953 -2.1858 -9.7451 -17.7228 -9.3722 1.8005 -5.9255 -2.1657 8.0122 -38.9344 -8.6599 -0.2464 52.0312 -0.4947 -1.4880 -21.2252 -4.4865 -1.4259 -0.0886 0.9825
-12.6816 90.0199 -50.9676 -1.9440 9.5545 -3.0129 -0.2540 2.6323 -0.2885 -0.4105 -3.0122 -1.5369 1.6037 10.8928 -3.2565 4.2211 -3.5764 1.4832 0.2242 -3.5752 3.8328 -4.9332 -14.1696 7.3419 0.0038 0.0708 -0.0913 0.7675 -10.5253 -3.9741 -0.7541 -10.4838 3.7927 11.3409 9.3588 -17.2410 -18.1466 -41.4358 -31.5010 0.6690 1.3088 -51.6314 38.1856 29.1137 37.0998 -16.3434 11.3166 15.9835 -60.6815 1.5986 1.4888 -8.8031 1.4456 13.2709 24.2996 -49.2218 32.6832 0.1402 1.4819 91.9011 -20.0072 34.7690 -21.6461 15.7009 7.2406 -16.5658 50.3109 -4.0305 -5.4140 11.8642 -36.9908 6.9843 -1.6521 66.7994 -2.3491 -10.0350 -17.9429 -10.4127 1.8495 -6.8233 -2.2129 8.8350 -40.9069 -9.4718 -0.2689 51.3026 -0.5207 -1.4684 -19.7952 -4.4838 -1.4196 0.0331 0.9599
-12.3419 90.2066 -52.3444 -2.4042 11.1163 -2.4614 -0.2502 2.6162 -0.4113 -0.4092 -3.0018 -1.7104 1.5218 10.7953 -3.3819 4.9357 -4.3426 1.3005 0.0779 -3.5826 3.6814 -4.5941 -14.7386 6.9372 0.0038 0.0794 -0.0955 0.7787 -10.5108 -3.9766 -0.7646 -10.4686 3.7861 11.4111 9.3799 -17.3536 -17.8602 -42.1251 -33.1385 0.8435 1.4598 -51.8331 39.2402 30.9836 38.2125 -16.5751 11.2181 15.9370 -60.9132 1.5854 1.4286 -8.9950 1.1155 13.3176 23.4775 -50.7361 33.3387 0.1535 1.4917 90.8901 -21.1925 35.3293 -22.2587 15.7885 7.2178 -16.5842 50.4235 -4.0502 -5.4250 11.2029 -35.6777 8.5219 -1.5273 65.2258 -2.3572 -10.0024 -18.5827 -10.6438 1.8942 -7.9955 -2.2509 9.6910 -42.9859 -10.2692 -0.3002 50.4104 -0.5684 -1.4711 -18.2854 -4.5543 -1.4107 0.1329 0.9563
-11.9473 90.3554 -53.7211 -2.8037 12.8233 -1.9343 -0.2405 2.5601 -0.5014 -0.4056 -2.9666 -1.9076 1.4642 10.6350 -3.4305 5.6059 -5.1442 1.1662 0.0045 -3.6068 3.4164 -4.2333 -15.3375 6.5494 0.0032 0.0755 -0.1226 0.7836 -10.5167 -4.0043 -0.7701 -10.4723 3.7580 11.5378 9.3041 -17.4101 -17.7104 -42.9261 -34.9251 1.1197 1.6424 -52.5147 40.6071 33.2602 39.7439 -16.7449 11.1692 15.9306 -61.1734 1.6332 1.4088 -9.2377 0.7817 13.5540 22.5368 -52.4306 34.0837 0.2546 1.4049 89.6888 -22.6092 36.0578 -23.1310 15.9074 7.1704 -16.5895 50.4412 -4.0434 -5.4318 10.0540 -34.6169 10.4850 -1.2012 61.8478 -2.0938 -8.9207 -20.8609 -9.0005 1.9217 -8.9244 -2.2729 10.4586 -45.2550 -11.0334 -0.3292 49.4348 -0.6070 -1.4644 -16.7612 -4.6279 -1.4011 0.1556 0.9931
-11.5028 90.5178 -55.1790 -3.0604 14.6002 -1.4812 -0.2854 2.4791 -0.5670 -0.4197 -2.9164 -2.0357 1.4416 10.4387 -3.4817 6.2598 -5.9491 1.1295 -0.0819 -3.6433 3.0098 -3.8531 -15.9957 6.2380 0.0026 0.0629 -0.1815 0.7772 -10.5116 -4.0592 -0.7650 -10.4683 3.6940 11.6902 9.0267 -17.4837 -17.6522 -43.5911 -36.7281 1.3611 1.8006 -53.5827 42.2202 35.6333 41.5898 -16.8673 11.0993 15.8917 -61.3100 1.6418 1.4138 -9.4916 0.4240 13.9309 21.3021 -54.1696 35.0900 0.4679 1.3457 88.4287 -24.1063 36.8401 -24.2347 15.9494 7.0912 -16.5905 50.3656 -4.0211 -5.4484 8.4251 -34.1716 12.6702 -0.8589 57.3691 -1.6870 -7.7461 -24.4887 -6.5957 1.8936 -7.8840 -2.2194 11.0287 -47.6558 -11.6074 -0.3376 48.3868 -0.5968 -1.4060 -15.1543 -4.8561 -1.3917 -0.0044 1.0545
-11.0619 90.6714 -56.7107 -3.1573 16.2939 -1.0748 -0.4225 2.4809 -0.6283 -0.3579 -2.8757 -2.1668 1.2660 10.2665 -3.5051 6.9163 -6.7120 1.0947 -0.1841 -3.6324 2.8232 -3.3762 -16.8610 5.8369 0.0061 0.0491 -0.1851 0.7764 -10.5076 -4.0630 -0.7594 -10.4546 3.6885 11.8801 8.6538 -17.4432 -17.5235 -44.2833 -38.6798 1.3236 2.1191 -54.6786 44.0482 38.0410 43.5238 -16.9180 11.0569 15.8875 -61.4110 1.5240 1.6157 -9.8687 0.1787 14.4333 19.8121 -55.5710 36.3441 0.2941 1.5437 87.4040 -25.5682 37.4841 -25.6077 15.9331 7.1041 -16.5932 50.3697 -3.9045 -5.3724 6.6627 -34.6984 14.5901 -0.6679 53.5300 -1.2953 -7.1907 -27.5482 -4.7888 1.8271 -5.3036 -2.0779 11.2809 -50.0588 -11.8579 -0.3613 47.3064 -0.5905 -1.2874 -13.3790 -5.1084 -1.3875 -0.1785 1.0970
-10.5870 90.8213 -58.2622 -3.1060 17.8001 -0.5963 -0.5668 2.6057 -0.7014 -0.4146 -2.8400 -2.1910 1.0572 10.1667 -3.5262 7.6617 -7.3838 1.0795 -0.2087 -3.6694 2.4555 -3.0494 -17.6888 5.5601 0.0117 0.0528 -0.1734 0.7780 -10.5086 -4.0500 -0.7491 -10.4666 3.6954 12.1065 8.3400 -17.5870 -17.2274 -44.6858 -40.7862 1.2390 2.1311 -55.6032 45.7955 40.4463 45.4890 -17.1980 10.8879 15.7896 -61.4321 1.4022 1.7959 -10.1528 -0.0123 14.7375 18.2120 -57.0509 37.6693 0.3878 1.7536 86.6259 -27.2787 38.4667 -27.4796 15.8802 7.0684 -16.6959 50.1321 -3.9274 -5.4202 4.9671 -36.4576 15.9038 -0.5149 51.8620 -1.0075 -6.5242 -28.8404 -4.2509 1.7577 -3.8809 -2.0491 11.3553 -52.3092 -12.0973 -0.3002 46.2456 -0.4986 -1.2489 -11.7439 -5.5906 -1.3879 -0.3236 1.0755
-10.1102 90.9381 -59.8068 -2.9191 19.0222 -0.1562 -0.7723 2.7583 -0.6800 -0.4674 -2.7206 -2.1913 0.6896 10.1360 -3.5632 8.4909 -8.0647 0.8746 -0.3315 -3.6502 2.3161 -2.5425 -18.3691 5.0885 0.0178 0.0457 -0.1641 0.7754 -10.5098 -4.0464 -0.7336 -10.4782 3.7081 12.3523 8.1139 -17.7817 -16.6306 -44.5880 -43.2959 1.2403 2.1430 -56.0106 47.2077 42.4432 47.2654 -17.3571 10.8053 15.7486 -61.7135 1.4350 1.8853 -10.4854 -0.1538 15.0184 16.6618 -58.1795 39.0228 0.3021 1.8494 85.9959 -29.4160 39.4009 -29.9470 16.0480 7.0601 -16.6411 50.3598 -3.8788 -5.4587 3.3362 -38.7627 16.9923 -0.4308 51.6746 -0.8037 -5.8769 -28.7407 -4.4625 1.7310 -3.3270 -2.0547 11.0747 -54.2965 -12.0972 -0.3157 45.1919 -0.4998 -0.9690 -9.9881 -5.7935 -1.3866 -0.4250 1.0889
-9.6284 90.9002 -61.2876 -2.8131 19.8495 0.1910 -0.9017 2.9647 -0.6329 -0.5183 -2.5922 -2.1486 0.3694 10.1110 -3.5124 9.1161 -8.4293 0.7467 -0.4406 -3.6534 2.1940 -1.9240 -18.8350 4.5248 0.0240 0.0446 -0.1625 0.7728 -10.5045 -4.0430 -0.7187 -10.4756 3.7048 12.4974 8.0234 -17.9591 -15.8748 -43.9474 -45.9256 1.3105 2.1946 -55.9520 47.8221 43.9005 48.2905 -17.4919 10.7338 15.7036 -61.9600 1.4451 1.8665 -11.1536 -0.2470 15.2699 15.6575 -58.9957 39.9217 0.0673 1.9111 85.3698 -31.1092 39.6851 -32.3674 16.2276 7.0164 -16.5638 50.5281 -3.8306 -5.4496 1.9395 -40.8755 17.9971 -0.4016 52.0795 -0.6924 -5.2588 -28.5452 -4.8425 1.7169 -2.9579 -2.0411 10.9532 -55.9401 -12.3655 -0.3199 44.4422 -0.4870 -0.6590 -8.4593 -5.8024 -1.3874 -0.4085 1.1092
-9.1714 90.7130 -62.7051 -2.7753 20.3610 0.3658 -0.9971 3.1639 -0.5646 -0.5775 -2.4789 -2.0171 0.0653 10.0659 -3.4368 9.5703 -8.3879 0.6822 -0.4692 -3.6743 2.0930 -1.2658 -19.2429 4.0672 0.0273 0.0550 -0.1651 0.7748 -10.5092 -4.0475 -0.7146 -10.4773 3.7031 12.5036 7.9225 -18.1103 -15.2238 -42.9935 -48.2538 1.3803 2.1816 -55.5742 48.0478 44.9762 48.7777 -17.5948 10.6957 15.6490 -62.1729 1.4422 1.8135 -12.0222 -0.2775 15.5179 15.0332 -59.4417 40.5373 -0.1484 1.9468 84.6495 -32.5851 39.4650 -34.6317 16.3804 6.9881 -16.4985 50.5942 -3.7986 -5.4282 0.7734 -42.7405 18.7609 -0.3602 52.8494 -0.5677 -4.6599 -28.4865 -5.0170 1.7072 -2.6071 -2.0390 11.0597 -57.3255 -12.9070 -0.3121 44.0263 -0.4641 -0.3927 -7.1270 -5.6540 -1.3893 -0.3705 1.1178
-8.7658 90.4050 -64.0214 -2.7770 20.5799 0.3747 -1.0991 3.3269 -0.4647 -0.6075 -2.4205 -1.9059 -0.2618 10.0736 -3.3144 9.9216 -7.9948 0.6005 -0.4459 -3.6904 2.0949 -0.6203 -19.5818 3.7177 0.0275 0.0635 -0.1643 0.7773 -10.5076 -4.0449 -0.7168 -10.4750 3.7017 12.3850 7.8971 -18.1313 -14.7956 -42.1872 -49.9558 1.3123 2.1938 -55.2362 48.2902 45.6768 49.1939 -17.7153 10.6263 15.6188 -62.3333 1.4528 1.8420 -12.9929 -0.2735 15.7482 14.9419 -59.5037 40.7830 -0.3869 1.9269 84.0747 -33.6955 39.1728 -36.8306 16.4872 6.9564 -16.4753 50.6323 -3.8033 -5.4135 -0.1627 -44.3622 19.1940 -0.2897 53.9572 -0.4240 -4.1237 -28.6566 -4.8957 1.6968 -2.3037 -2.0527 11.3459 -58.5223 -13.6138 -0.3167 43.9590 -0.4761 -0.1244 -6.0021 -5.3682 -1.3893 -0.4297 1.1229
-8.4003 90.0247 -65.2648 -2.8548 20.5128 0.2840 -1.1854 3.4694 -0.3910 -0.6599 -2.3639 -1.7094 -0.5608 10.1363 -3.2075 10.2146 -7.3799 0.4925 -0.4182 -3.7006 2.1898 -0.0357 -19.8329 3.4585 0.0267 0.0677 -0.1594 0.7763 -10.4914 -4.0385 -0.7180 -10.4586 3.7041 12.2402 7.9773 -18.0019 -14.7127 -41.7250 -50.9248 1.2326 2.2672 -55.1011 49.1258 46.2778 50.0836 -17.9027 10.5521 15.5502 -62.5175 1.4766 1.8902 -13.8682 -0.2959 15.9749 15.4085 -59.2623 40.6850 -0.6519 1.9532 83.6983 -34.5160 38.9446 -38.4719 16.6038 6.9484 -16.4651 50.7089 -3.7823 -5.4222 -0.7646 -45.7084 19.2805 -0.2122 55.1691 -0.2844 -3.7384 -28.8934 -4.5311 1.6856 -2.0406 -2.0528 11.7623 -59.4313 -14.3826 -0.2941 44.0199 -0.4523 0.1262 -4.9752 -5.1107 -1.3875 -0.5017 1.1341
-8.0428 89.6090 -66.4338 -2.9655 20.2164 0.1067 -1.2801 3.6164 -0.2949 -0.6970 -2.3396 -1.5420 -0.8047 10.2340 -3.0554 10.4161 -6.5890 0.3862 -0.3815 -3.7153 2.2797 0.4667 -20.0107 3.2572 0.0263 0.0657 -0.1565 0.7751 -10.4855 -4.0332 -0.7181 -10.4531 3.7054 12.0700 8.0997 -17.7792 -14.9784 -41.5432 -51.1169 1.0589 2.2702 -55.1993 50.2005 46.6412 51.1288 -18.0230 10.5018 15.5001 -62.6164 1.5000 1.9152 -14.5731 -0.2848 16.1852 16.2254 -58.9793 40.3221 -0.8649 1.9446 83.5412 -35.1878 38.7952 -39.5268 16.6183 6.9429 -16.4651 50.7606 -3.7594 -5.4294 -1.1385 -46.7810 19.1800 -0.1550 56.4368 -0.1918 -3.4178 -29.2023 -3.9845 1.6723 -1.7959 -2.0419 12.1435 -60.1094 -15.0491 -0.2591 44.1655 -0.4148 0.3644 -4.0731 -4.8347 -1.3825 -0.5790 1.1564
-7.6978 89.1956 -67.5679 -3.0756 19.7732 -0.1051 -1.3827 3.7537 -0.2100 -0.7325 -2.3286 -1.3858 -0.9870 10.3356 -2.8845 10.5771 -5.7302 0.2992 -0.3293 -3.7342 2.3112 0.8620 -20.1436 3.1307 0.0263 0.0653 -0.1598 0.7684 -10.4828 -4.0336 -0.7116 -10.4488 3.6994 11.9126 8.1681 -17.5363 -15.4358 -41.2622 -50.7848 0.9475 2.2310 -55.3833 50.6896 46.6127 51.6242 -18.1282 10.4911 15.5008 -62.7392 1.5125 1.9109 -15.0557 -0.2514 16.3924 17.2528 -58.7726 39.7529 -1.0546 1.9526 83.4615 -35.6934 38.7481 -40.1383 16.5976 6.9351 -16.4706 50.7169 -3.7642 -5.4810 -1.3918 -47.6307 18.9981 -0.0941 57.6595 -0.0964 -3.0973 -29.4683 -3.4263 1.6625 -1.5627 -2.0248 12.4361 -60.6108 -15.5545 -0.2221 44.3600 -0.3663 0.5117 -3.3141 -4.6122 -1.3788 -0.6750 1.1815
-7.3371 88.8071 -68.7259 -3.1862 19.1477 -0.3215 -1.4915 3.8990 -0.1340 -0.7817 -2.3377 -1.2398 -1.1123 10.4664 -2.7443 10.7537 -4.8467 0.2476 -0.2774 -3.7605 2.2956 1.1884 -20.1873 3.0452 0.0265 0.0656 -0.1697 0.7602 -10.4803 -4.0417 -0.7031 -10.4453 3.6892 11.7921 8.2087 -17.2708 -15.9066 -40.8094 -50.1841 0.8711 2.1124 -55.5145 50.5328 46.2305 51.5480 -18.2464 10.4483 15.4870 -62.7607 1.5198 1.8393 -15.3209 -0.1856 16.5862 18.3193 -58.5485 39.0374 -1.2529 2.0096 83.3902 -36.1291 38.7514 -40.5090 16.5603 6.9421 -16.5019 50.6469 -3.7935 -5.5285 -1.5577 -48.2211 18.8105 -0.0456 58.8103 -0.0256 -2.7299 -29.6491 -2.9305 1.6551 -1.3756 -2.0203 12.6315 -60.8618 -15.9277 -0.1839 44.5098 -0.3099 0.5315 -2.5769 -4.4130 -1.3754 -0.7475 1.2010
-6.9543 88.4790 -69.8808 -3.3419 18.4111 -0.5733 -1.5948 4.0297 -0.0604 -0.8563 -2.3299 -1.1244 -1.1631 10.5755 -2.6453 10.9724 -3.9967 0.1904 -0.2008 -3.7751 2.2684 1.4360 -20.2111 3.0532 0.0271 0.0710 -0.1871 0.7517 -10.4659 -4.0541 -0.6934 -10.4291 3.6672 11.7781 8.2236 -17.0359 -16.3180 -40.0894 -49.5286 0.9503 2.0199 -55.5157 49.7011 45.4654 50.9251 -18.3738 10.3968 15.4882 -62.7611 1.5087 1.7879 -15.4209 -0.1231 16.7041 19.1703 -58.1762 38.3695 -1.5703 2.1273 83.1608 -36.3090 38.6659 -40.6335 16.5017 6.9145 -16.5629 50.5694 -3.8552 -5.5874 -1.6281 -48.6340 18.6689 -0.0017 59.8227 0.0303 -2.3345 -29.6766 -2.5879 1.6496 -1.2469 -2.0134 12.8240 -60.8510 -16.2418 -0.1544 44.4583 -0.2625 0.4320 -1.7885 -4.2402 -1.3706 -0.7840 1.2100
-6.5949 88.2449 -70.9739 -3.5760 17.5773 -0.8695 -1.6790 4.1713 -0.0428 -0.9554 -2.3043 -1.0301 -1.1786 10.6434 -2.5714 11.2861 -3.2186 0.1053 -0.1052 -3.7780 2.3444 1.6389 -20.2353 3.1602 0.0265 0.0777 -0.1895 0.7426 -10.4548 -4.0531 -0.6857 -10.4159 3.6604 11.8325 8.2417 -16.8866 -16.6430 -39.2069 -48.8148 1.1256 1.9595 -55.4437 48.3483 44.4765 49.7427 -18.5091 10.3718 15.5281 -62.7231 1.4741 1.7695 -15.4497 -0.1366 16.7418 19.9071 -57.7239 37.5431 -1.8418 2.2421 82.7348 -36.0558 38.2652 -40.4072 16.4915 6.8676 -16.6397 50.5079 -3.9167 -5.6183 -1.6049 -48.8750 18.6490 0.0110 60.6311 0.0347 -1.9236 -29.5161 -2.3731 1.6500 -1.1482 -2.0124 13.1023 -60.4963 -16.5945 -0.1478 44.0252 -0.2417 0.2146 -0.8157 -4.0374 -1.3689 -0.7974 1.2047
-6.2228 88.1234 -72.0642 -3.9032 16.7867 -1.2205 -1.7524 4.3161 -0.0926 -1.0535 -2.2691 -0.9585 -1.1965 10.6364 -2.5394 11.7586 -2.6247 -0.0777 -0.0098 -3.7629 2.5954 1.8093 -20.3500 3.3725 0.0251 0.0892 -0.1832 0.7443 -10.4348 -4.0426 -0.6899 -10.3932 3.6625 11.9554 8.3546 -16.8633 -16.8620 -38.3491 -48.0526 1.3082 1.9608 -55.3863 46.4845 43.1010 47.9400 -18.5845 10.4114 15.6421 -62.5653 1.4045 1.8505 -15.5011 -0.2857 16.6576 20.4697 -57.2551 36.5227 -1.9734 2.2516 82.1806 -35.4393 37.4115 -39.9475 16.5614 6.7877 -16.7140 50.4695 -3.9852 -5.5659 -1.5492 -49.0916 18.9068 -0.0343 61.1802 -0.0610 -1.4932 -29.1066 -2.3618 1.6511 -1.0806 -2.0042 13.6181 -59.8605 -17.1490 -0.1903 43.1127 -0.2962 0.0014 0.3071 -3.7566 -1.3695 -0.8335 1.2100
-5.8630 88.1354 -73.1980 -4.2341 16.1825 -1.6483 -1.8705 4.4781 -0.1910 -1.1465 -2.1884 -0.8610 -1.2907 10.5195 -2.5836 12.3554 -2.3855 -0.3239 0.1378 -3.7505 2.9903 1.9000 -20.6367 3.7687 0.0249 0.1000 -0.1682 0.7470 -10.4177 -4.0223 -0.6923 -10.3728 3.6721 12.2014 8.4413 -16.9187 -17.3718 -37.9916 -46.9387 1.2355 2.0672 -55.4345 44.4978 41.2847 45.5385 -18.5676 10.5151 15.7395 -62.3994 1.3407 2.0313 -15.5982 -0.6025 16.4782 20.6566 -56.7730 35.3500 -1.9645 2.1374 81.7226 -34.6180 36.3510 -39.3158 16.6511 6.7391 -16.8018 50.3863 -4.0151 -5.5282 -1.6818 -49.3849 19.5574 -0.0793 61.3459 -0.1295 -1.1204 -28.3540 -2.4451 1.6562 -1.0088 -1.9947 14.2970 -59.1654 -17.8412 -0.2508 41.7474 -0.3739 -0.0621 1.4866 -3.2996 -1.3749 -1.0444 1.2239
-5.5387 88.2423 -74.2828 -4.5127 15.8907 -2.2723 -2.0403 4.5687 -0.3132 -1.1775 -2.1065 -0.7482 -1.4012 10.3920 -2.6677 12.7754 -2.7065 -0.4757 0.3070 -3.6499 3.6825 1.7771 -21.1459 4.3873 0.0224 0.1066 -0.1211 0.7652 -10.4283 -3.9828 -0.7165 -10.3822 3.7257 12.4409 8.5271 -16.9301 -18.1263 -37.7895 -45.5998 1.1816 2.2668 -55.3457 43.1398 39.2120 43.5031 -18.4961 10.5048 15.7153 -62.1510 1.4593 2.0213 -15.5944 -0.9273 16.3610 20.0537 -56.5308 34.6224 -1.7089 2.0616 81.6130 -33.5408 35.0797 -38.3447 16.5030 6.7455 -16.8021 50.3091 -3.8736 -5.4837 -2.3052 -49.7521 20.8572 -0.0912 60.8957 -0.1395 -0.6742 -27.1661 -2.5845 1.6425 -1.0238 -1.9733 15.2932 -58.6269 -18.9807 -0.0792 40.0265 -0.1553 0.6260 2.4912 -2.4557 -1.3881 -1.5959 1.1373
-5.2062 88.4861 -75.5325 -4.7470 15.8081 -3.0534 -2.1744 4.6805 -0.3030 -1.1794 -2.0614 -0.6734 -1.3895 10.2926 -2.6301 12.7608 -3.3761 -0.4692 0.4480 -3.7048 4.1324 1.6557 -21.2063 4.9895 0.0176 0.0920 -0.0971 0.7493 -10.4724 -3.9575 -0.7107 -10.4235 3.7530 12.5163 8.3218 -17.1261 -19.5133 -37.9975 -43.5470 1.0347 2.4106 -54.9475 41.9594 37.0964 41.6542 -18.2906 10.6572 15.8925 -62.0928 1.5039 2.0656 -15.6683 -1.0820 16.3254 18.5953 -55.9161 34.5595 -1.5338 1.9894 81.9866 -33.0938 33.8996 -37.8730 16.3563 6.9430 -16.9608 50.4129 -3.8614 -5.5859 -3.0696 -50.2644 22.2050 0.0172 60.2943 0.0201 -0.3235 -25.9600 -2.4982 1.6334 -0.8484 -1.9574 16.3317 -58.1930 -20.2228 -0.0648 39.1179 -0.2307 2.2542 0.3901 -1.6556 -1.3525 -2.0732 1.1485
-5.0107 88.7526 -76.8459 -4.9815 15.7532 -3.7324 -2.1870 4.7803 -0.2810 -1.1148 -2.0084 -0.5128 -1.3580 10.2068 -2.6136 12.3666 -4.1382 -0.3168 0.6324 -3.7413 4.4048 1.2396 -21.1255 5.7838 0.0112 0.0775 -0.0942 0.7192 -10.4912 -3.9527 -0.6935 -10.4449 3.7581 12.3659 8.1019 -17.3508 -20.4964 -38.0249 -41.5208 1.1999 2.4912 -54.0477 40.8107 34.8865 40.3549 -18.1609 10.7800 15.9694 -62.0421 1.6056 1.9795 -15.6444 -1.0957 16.4502 16.9678 -55.1720 35.0879 -1.3694 1.9137 82.3865 -32.5979 33.0606 -37.5766 16.3857 7.0902 -16.9854 50.5983 -3.8531 -5.5848 -3.7090 -50.7794 23.3610 0.1032 59.5337 0.1820 0.0471 -24.6840 -2.4011 1.6345 -0.7662 -1.9319 17.8116 -57.8486 -22.2727 -0.1631 40.9118 -0.3786 4.8855 -4.5604 -1.9231 -1.3302 -2.6345 1.1452
-4.9573 88.9412 -78.1440 -5.0178 15.5541 -4.1371 -2.1432 4.8999 -0.1869 -1.0589 -1.9726 -0.3707 -1.3710 10.1687 -2.6225 11.7655 -4.5992 -0.1662 0.7045 -3.7334 4.7192 0.7438 -21.0658 6.4179 0.0069 0.0749 -0.0983 0.6988 -10.5023 -3.9560 -0.6820 -10.4666 3.7570 12.2172 7.8859 -17.5830 -20.9127 -38.4647 -39.5161 1.3654 2.3907 -52.8083 39.8001 32.6537 39.2592 -17.9358 10.9621 16.0383 -61.9530 1.7342 1.7908 -15.7458 -0.9535 16.7111 15.6707 -54.6009 35.9085 -1.2135 1.9380 82.2406 -31.8183 32.3769 -37.3447 16.5580 7.1600 -16.9822 50.7662 -3.8572 -5.5962 -4.2909 -51.1976 24.2120 0.1864 58.9515 0.3311 0.3825 -23.5431 -2.4099 1.6268 -0.7768 -1.9381 18.0890 -57.3569 -23.6135 -0.2360 45.5341 -0.4940 6.6976 -8.8254 -2.3504 -1.3445 -3.1790 1.1081
-5.0589 88.9914 -79.3571 -4.7868 15.1079 -4.1823 -2.1252 5.0200 -0.0951 -1.0474 -1.9629 -0.2377 -1.4118 10.1944 -2.5731 10.9914 -4.6932 0.0061 0.7048 -3.7012 5.0033 0.3601 -20.9590 6.7518 0.0041 0.0777 -0.0972 0.6839 -10.4916 -3.9533 -0.6726 -10.4733 3.7598 12.1575 7.6643 -17.8035 -20.7334 -39.3182 -37.5674 1.4723 2.1472 -51.6570 38.8605 30.5370 37.8328 -17.6253 11.1939 16.1526 -61.7282 1.8452 1.6727 -16.0143 -0.7427 17.1430 15.1191 -54.0099 36.7174 -1.2559 2.0358 81.3805 -30.9231 31.8146 -37.2095 16.6662 7.1456 -16.9459 50.7487 -3.9022 -5.6683 -4.7653 -51.3241 24.7321 0.2181 58.5285 0.4004 0.5940 -22.6095 -2.5831 1.6205 -0.7950 -1.9646 15.9995 -56.0807 -22.9283 -0.2882 51.3742 -0.5508 7.7283 -12.8501 -2.5639 -1.3681 -3.4367 1.0693
-5.3399 88.9020 -80.5120 -4.3133 14.4911 -3.8830 -2.1639 5.1212 -0.0244 -1.0658 -2.0139 -0.1156 -1.4572 10.2949 -2.3994 10.0052 -4.4711 0.2505 0.6725 -3.6690 5.1364 0.1283 -20.8801 6.7907 0.0009 0.0778 -0.1148 0.6715 -10.5052 -3.9733 -0.6688 -10.5037 3.7476 12.1354 7.3786 -17.9679 -19.8105 -40.5371 -35.8165 1.3298 1.7313 -50.7246 37.7114 28.3677 35.8868 -17.1204 11.4520 16.3157 -61.2502 1.9075 1.6658 -16.3636 -0.3255 17.7317 14.9627 -53.7147 37.5467 -1.4003 1.9754 79.9024 -30.0945 31.4332 -37.0838 16.6176 7.1259 -16.8832 50.5594 -3.9580 -5.7430 -5.1686 -51.3851 24.9154 0.2651 58.3678 0.4850 0.6124 -21.7772 -2.8732 1.6160 -0.7947 -1.9800 11.6998 -53.6799 -20.2269 -0.3098 57.3568 -0.5456 8.3488 -16.9260 -2.6861 -1.3877 -3.4291 1.0190
-5.8439 88.7117 -81.6260 -3.6846 13.8121 -3.3483 -2.2716 5.1737 0.0434 -1.0990 -2.1009 0.0094 -1.4863 10.3968 -2.0678 8.9191 -4.0353 0.5321 0.5718 -3.6356 5.0971 0.0209 -20.8319 6.5604 0.0006 0.0824 -0.1184 0.6670 -10.5072 -3.9820 -0.6672 -10.5162 3.7527 12.0846 7.0098 -17.9633 -18.2128 -41.5020 -34.5035 1.0000 1.3428 -50.1445 35.9856 25.9025 33.7490 -16.5079 11.6266 16.4610 -60.6645 1.9095 1.6654 -16.7549 0.2104 18.4706 15.1444 -53.6249 38.3317 -1.6516 1.9620 78.0462 -29.0255 30.8363 -36.9111 16.5080 7.1133 -16.8282 50.3036 -4.0339 -5.8223 -5.4524 -51.4272 24.7693 0.3565 58.3455 0.5995 0.4583 -21.0093 -3.1599 1.6183 -0.8533 -1.9786 6.3908 -49.8587 -16.4145 -0.1973 62.3055 -0.3606 8.7387 -20.7196 -2.9962 -1.4056 -3.4662 0.9892
-6.5300 88.4749 -82.7177 -3.0586 13.2249 -2.7257 -2.4037 5.1267 0.0949 -1.1433 -2.2252 0.2080 -1.4816 10.4994 -1.5842 7.8260 -3.4840 0.8423 0.4232 -3.6086 4.8653 0.0720 -20.8747 6.0785 0.0020 0.0937 -0.1135 0.6697 -10.5123 -3.9888 -0.6703 -10.5184 3.7710 12.0453 6.5559 -17.5673 -16.5859 -42.0700 -33.3707 0.5162 0.9913 -50.4495 34.0872 23.8354 32.0575 -15.9364 11.7502 16.5632 -60.1690 1.8174 1.6147 -17.1165 0.8561 19.2528 15.3648 -53.7969 39.0659 -1.8296 1.9385 76.1302 -27.7669 30.1014 -36.6999 16.3978 7.1014 -16.7300 50.1355 -4.0999 -5.8032 -5.5311 -51.6521 24.2257 0.4964 58.4364 0.7365 0.2017 -20.2794 -3.2608 1.6247 -0.9295 -1.9533 1.5390 -44.5548 -12.6731 0.1148 65.2542 0.0965 8.7215 -23.9575 -3.6561 -1.4254 -3.8415 0.9923
-7.3975 88.2488 -83.7954 -2.6023 12.8187 -2.2473 -2.4811 4.9872 0.1592 -1.1999 -2.3704 0.5465 -1.4753 10.5505 -1.0030 6.8362 -2.9240 1.0931 0.2300 -3.5912 4.6034 0.2176 -20.9991 5.4553 0.0047 0.1028 -0.0967 0.6782 -10.5000 -3.9805 -0.6766 -10.5007 3.7967 11.9199 6.0965 -16.5961 -15.8006 -42.0224 -31.8554 0.1109 0.7747 -52.4928 32.4144 22.4884 31.1046 -15.5511 11.7662 16.5900 -59.8305 1.6487 1.5693 -17.2821 1.5637 20.0103 15.4103 -53.7769 39.6433 -1.9155 1.9145 74.7500 -26.4628 29.3200 -36.2019 16.3348 7.0741 -16.5934 50.1348 -4.0912 -5.6826 -5.2397 -52.0863 23.3113 0.5781 58.4682 0.7889 -0.1994 -19.5674 -2.9765 1.6316 -1.0259 -1.9147 -1.8679 -38.2801 -9.6545 0.5111 65.4934 0.7313 8.4030 -26.4151 -4.6281 -1.4517 -4.5386 1.0520
-8.3898 88.0423 -84.7812 -2.3583 12.6037 -2.0526 -2.4926 4.7959 0.2344 -1.2678 -2.5447 1.0185 -1.4985 10.5419 -0.3981 5.9688 -2.3829 1.2754 0.0740 -3.6082 4.3281 0.3970 -21.0742 4.8017 0.0075 0.0970 -0.0877 0.6921 -10.4838 -3.9756 -0.6876 -10.4801 3.8090 11.6021 5.6537 -14.9958 -16.6326 -41.3794 -29.0809 -0.1434 0.4813 -57.0764 31.6472 22.3990 31.0480 -15.3846 11.7618 16.4974 -59.8486 1.5207 1.4945 -17.2173 2.3448 20.6575 15.4257 -53.4130 39.9034 -1.8602 1.8243 74.3147 -25.4198 29.0577 -35.5505 16.1892 7.0258 -16.4463 50.1519 -3.9903 -5.5476 -4.6145 -52.7290 22.2404 0.4868 58.3495 0.6067 -0.8159 -18.8009 -2.2602 1.6303 -0.9953 -1.8774 -3.8018 -31.6207 -7.3105 0.6848 62.8578 1.1833 8.3008 -28.1433 -5.4116 -1.4946 -5.8370 1.1909
-9.4554 87.9393 -85.7220 -2.4365 12.6555 -2.2288 -2.4467 4.4939 0.3451 -1.3307 -2.7175 1.6145 -1.4922 10.5881 0.1116 5.2673 -2.0527 1.3839 0.0255 -3.6245 4.1152 0.5171 -21.0864 4.1880 0.0103 0.0861 -0.0965 0.6972 -10.4583 -3.9797 -0.6895 -10.4487 3.7900 10.9048 5.1511 -13.0045 -18.8919 -39.6873 -24.7740 -0.2550 0.1389 -64.1007 31.7514 24.0701 32.0977 -15.5209 11.7589 16.3237 -60.2328 1.5173 1.4375 -16.9100 3.1060 21.0332 15.2029 -52.6143 40.0606 -1.5655 1.7599 74.9352 -24.4374 29.0555 -34.5921 15.9569 6.9785 -16.3822 50.0180 -3.8352 -5.4474 -3.5298 -53.6484 21.0548 0.2312 58.0107 0.2289 -1.6317 -17.8410 -1.1500 1.6101 -0.9204 -1.8096 -4.4258 -25.5587 -5.6823 0.5631 57.3494 1.3130 9.9984 -30.0926 -5.4488 -1.5359 -7.9168 1.3650
-10.5816 88.0140 -86.7872 -2.7483 13.0200 -2.4603 -2.3335 4.0889 0.3489 -1.3658 -2.7923 2.2092 -1.5170 10.5973 0.4680 4.7319 -1.9606 1.4967 0.0179 -3.6974 3.8961 0.6051 -20.9680 3.6711 0.0093 0.0652 -0.0605 0.6695 -10.4977 -3.9406 -0.6644 -10.4757 3.8206 9.9283 4.8061 -11.1086 -21.7808 -37.1624 -19.7533 -0.0628 0.1668 -71.4803 31.9717 27.1892 33.8228 -16.0112 11.7792 16.1108 -60.9631 1.6335 1.3345 -16.6490 3.6189 21.1474 15.1431 -51.0296 39.8998 -1.3239 1.8352 76.2858 -23.1237 29.0245 -33.7538 15.5078 6.9454 -16.4529 49.7335 -3.8201 -5.4263 -2.0887 -54.7904 19.5395 -0.1040 57.2098 -0.1876 -2.3173 -16.3758 0.0506 1.6077 -1.0634 -1.7413 -3.7792 -21.8284 -5.2025 0.3104 51.0739 1.1894 12.7163 -33.5758 -6.3385 -1.4901 -6.4944 1.3599
-11.6180 88.3870 -87.9539 -3.3723 13.3354 -2.7995 -2.0251 3.8871 0.5434 -1.4378 -2.8400 2.5919 -1.5351 10.7657 0.6952 4.4268 -2.1326 1.5667 -0.1230 -3.6368 3.7349 0.4888 -20.9565 3.4194 0.0252 0.0790 -0.0557 0.6761 -10.4417 -3.9363 -0.6387 -10.4453 3.8187 8.2966 4.9892 -9.7098 -23.7375 -34.8997 -15.6575 0.2158 0.0030 -76.9350 32.1050 30.4420 34.8341 -16.6462 11.3903 15.8289 -61.3913 1.4984 1.2958 -16.2739 3.9201 21.0094 14.6792 -48.9217 39.5575 -1.0573 1.4936 77.8435 -21.5298 28.2432 -33.1150 15.5445 6.9936 -16.4341 49.5884 -3.8641 -5.1857 0.0301 -55.6870 17.5565 -0.0550 55.9292 -0.1499 -3.1289 -14.5560 1.0821 1.6109 -1.1201 -1.8181 -2.4890 -21.0925 -5.4325 0.2599 47.9486 0.7552 13.2221 -35.0302 -6.8967 -1.4713 -4.9323 1.3392
-12.5617 88.7074 -89.1538 -3.7956 13.3373 -2.9100 -1.9090 3.8187 0.6277 -1.4501 -2.7487 2.6605 -1.6915 10.9514 0.8485 4.3273 -2.3020 1.6874 -0.1162 -3.6290 3.5267 0.3097 -20.8304 3.2798 0.0285 0.0762 -0.0468 0.6655 -10.4664 -3.9303 -0.6212 -10.4817 3.8294 7.3130 5.1573 -8.8361 -26.2215 -33.4870 -12.3289 0.5508 0.3573 -79.8639 31.8181 32.3826 34.5156 -17.0171 10.9896 15.5025 -61.3895 1.5375 1.1641 -16.1811 4.1809 20.8829 14.9116 -47.3132 38.6989 -1.1190 1.3145 79.0406 -20.9081 27.5601 -33.5070 15.5467 7.0209 -16.3914 49.6014 -3.9047 -5.1117 1.8036 -56.0996 15.8785 -0.1654 54.4608 -0.3245 -3.5687 -12.7008 1.6674 1.6092 -1.1856 -1.8446 -1.1843 -21.0277 -5.6662 0.2041 46.3514 0.6159 12.5657 -35.4085 -7.0578 -1.4616 -3.8158 1.2843
-13.4048 88.8882 -90.3335 -4.0172 13.1767 -2.7639 -1.8672 3.8134 0.6386 -1.4862 -2.6904 2.6569 -1.8990 11.1159 0.9650 4.3390 -2.4297 1.7622 -0.2018 -3.6430 3.3749 0.2158 -20.6596 3.0222 0.0280 0.0659 -0.0500 0.6669 -10.4980 -3.9345 -0.6237 -10.5216 3.8280 6.7079 5.4203 -8.4759 -28.6095 -32.9165 -10.1381 0.9200 0.7692 -81.1211 31.9958 33.7023 33.8246 -17.2376 10.7439 15.2782 -61.2279 1.4878 1.0666 -16.1580 4.3807 20.5846 15.2856 -46.3177 37.6480 -1.3402 1.1665 79.9752 -21.2007 27.0904 -34.4706 15.5625 7.0220 -16.3462 49.6954 -3.9524 -5.1176 3.1567 -56.3358 14.5860 -0.2347 53.0555 -0.4389 -3.9547 -10.9844 1.9364 1.6119 -1.2433 -1.8613 -0.1219 -21.1308 -5.8447 0.1551 45.4753 0.4796 11.8086 -35.7344 -7.2565 -1.4544 -2.9518 1.2488
-14.1650 88.9105 -91.5532 -4.1437 12.9347 -2.4225 -1.7775 3.8152 0.6668 -1.4940 -2.6862 2.6248 -2.1260 11.2647 0.8931 4.1452 -2.5211 1.8597 -0.2229 -3.7355 3.0767 0.3168 -20.5477 2.7579 0.0192 0.0504 -0.0769 0.6629 -10.5409 -3.9563 -0.6379 -10.5522 3.8005 6.2953 5.4611 -8.4117 -31.0765 -32.9585 -8.5964 1.0575 0.8673 -81.8928 33.2115 35.6396 33.9423 -17.2048 10.7318 15.1913 -61.1381 1.4800 0.9363 -16.2001 4.5124 20.3322 15.6155 -45.8071 36.6818 -1.5992 1.0659 80.7265 -22.0499 26.8282 -35.4646 15.4167 7.0943 -16.4358 49.7813 -4.0159 -5.2996 4.2614 -56.5856 13.4619 -0.2794 51.9040 -0.4872 -4.1469 -9.4644 2.0744 1.6106 -1.2886 -1.8740 0.8351 -21.3748 -5.9951 0.0987 45.2602 0.3967 11.0511 -36.3393 -7.6127 -1.4330 -2.1243 1.2486
-14.8678 88.9019 -92.7041 -4.2523 12.5693 -2.2666 -1.6682 3.7948 0.6737 -1.4562 -2.6895 2.6062 -2.2933 11.4310 0.8606 3.8181 -2.6103 1.9768 -0.2539 -3.7095 2.8518 0.2564 -20.6638 2.6431 0.0167 0.0547 -0.0916 0.6870 -10.5618 -3.9773 -0.6678 -10.5718 3.7930 5.8902 5.4646 -8.4652 -33.4874 -33.2722 -7.5576 1.1626 0.9334 -82.6474 34.9834 37.3688 34.5757 -17.2257 10.7273 15.1549 -61.0808 1.4353 0.8922 -16.2501 4.6399 20.1675 15.8403 -45.9010 36.1212 -1.6551 0.9420 81.2107 -22.9488 26.7099 -36.1009 15.2758 7.1640 -16.5638 49.6728 -4.0534 -5.3980 5.1269 -56.6937 12.8674 -0.2905 50.8412 -0.4948 -4.4128 -7.9472 2.0553 1.6099 -1.2887 -1.9059 1.6228 -21.9751 -6.1896 0.0752 45.8843 0.3118 10.5240 -36.4722 -7.7063 -1.4186 -1.7813 1.2360
-15.5104 88.8933 -93.8141 -4.2719 12.0971 -2.2790 -1.5934 3.7430 0.6856 -1.4077 -2.7240 2.5772 -2.4080 11.6122 0.8143 3.3735 -2.5941 2.0676 -0.2637 -3.7002 2.7662 0.1408 -20.7143 2.6047 0.0170 0.0592 -0.1003 0.7046 -10.5596 -3.9927 -0.6857 -10.5698 3.7909 5.5783 5.4487 -8.5016 -36.1231 -33.6822 -6.7963 1.1447 0.9221 -83.4767 36.8294 39.0259 35.4698 -17.3280 10.7769 15.1696 -61.2135 1.4462 0.8481 -16.2804 4.8326 20.1679 15.9901 -46.1457 36.1221 -1.6263 0.9163 81.3536 -23.6645 26.7533 -36.4610 15.1666 7.2260 -16.6817 49.6210 -4.0928 -5.5003 5.6584 -56.5872 12.7729 -0.3084 49.8167 -0.5036 -4.6668 -6.5805 1.9868 1.6035 -1.2264 -1.9077 2.1530 -22.5247 -6.3238 0.0994 46.6308 0.2838 9.9852 -36.4546 -7.4217 -1.4069 -1.6239 1.2435
-16.0897 88.9197 -94.8968 -4.1974 11.5185 -2.4954 -1.5348 3.6560 0.6973 -1.3698 -2.7715 2.5599 -2.4955 11.7949 0.7802 2.8220 -2.4843 2.1448 -0.2399 -3.7015 2.7944 0.0206 -20.6512 2.6416 0.0181 0.0627 -0.0804 0.7136 -10.5496 -3.9768 -0.6930 -10.5626 3.8145 5.3256 5.5377 -8.4903 -38.8306 -34.1522 -6.2654 1.0943 0.9055 -84.2854 38.3949 40.4439 36.2558 -17.4634 10.8031 15.1941 -61.3289 1.4786 0.8453 -16.2168 5.1629 20.2622 15.9238 -46.1791 36.7854 -1.6932 0.9764 81.1003 -24.0350 26.7250 -36.4921 15.1267 7.2374 -16.7015 49.5977 -4.1086 -5.5678 5.9047 -56.1985 13.0961 -0.3136 48.6816 -0.4943 -4.8973 -5.3114 1.9168 1.5941 -1.1897 -1.9110 2.4558 -22.9213 -6.3228 0.1272 47.2655 0.2666 9.3167 -36.2695 -6.8976 -1.4003 -1.5899 1.2529
-16.6115 89.0008 -95.8780 -4.0539 10.8607 -2.9155 -1.4823 3.5436 0.7305 -1.3357 -2.8257 2.5197 -2.5671 11.9691 0.7513 2.2285 -2.2861 2.2294 -0.2053 -3.7117 2.9326 -0.0527 -20.5373 2.7003 0.0209 0.0676 -0.0407 0.7224 -10.5338 -3.9384 -0.6964 -10.5506 3.8573 5.0902 5.6561 -8.4963 -41.4227 -34.7323 -5.7539 0.9148 0.8886 -84.9841 39.6313 41.5492 36.9688 -17.5016 10.8049 15.2575 -61.2321 1.5228 0.9420 -16.0519 5.5369 20.4453 15.6474 -45.9067 37.9297 -1.7940 1.0925 80.5349 -24.0546 26.6179 -36.3661 15.1457 7.1678 -16.6444 49.5825 -4.1196 -5.5749 6.0432 -55.5572 13.5986 -0.3037 47.4480 -0.4772 -5.1767 -4.1242 1.9103 1.5830 -1.2432 -1.9251 2.5952 -23.1574 -6.2005 0.1429 47.7107 0.2506 8.4910 -35.9729 -6.2362 -1.3993 -1.6501 1.2577
-17.0865 89.1079 -96.8434 -3.8821 10.1396 -3.4225 -1.3868 3.4047 0.7152 -1.3187 -2.8823 2.5189 -2.6110 12.1343 0.7127 1.6988 -2.0326 2.3042 -0.1342 -3.7232 3.0967 -0.1197 -20.4661 2.8186 0.0230 0.0711 -0.0120 0.7231 -10.5172 -3.9098 -0.6932 -10.5375 3.8845 4.8217 5.7384 -8.5590 -43.4626 -35.4082 -5.3957 0.6989 0.8647 -85.4031 40.7240 42.2845 37.7487 -17.5310 10.8119 15.3426 -61.1086 1.5371 1.1060 -15.7895 5.8807 20.6528 15.4284 -45.4691 39.0782 -1.9332 1.2138 79.9485 -24.0949 26.7101 -36.3233 15.2038 7.0701 -16.5685 49.6114 -4.1218 -5.5928 6.2740 -54.7123 13.9384 -0.2685 46.0987 -0.4444 -5.5257 -3.0048 1.9788 1.5752 -1.3827 -1.9447 2.6765 -23.2641 -6.0100 0.1407 48.0009 0.2238 7.6095 -35.6133 -5.5915 -1.3987 -1.7237 1.2521
-17.5324 89.2522 -97.7985 -3.6976 9.3681 -3.9275 -1.2803 3.2754 0.7191 -1.3016 -2.9599 2.4587 -2.6287 12.2918 0.6599 1.3321 -1.6964 2.3773 -0.0470 -3.7301 3.2596 -0.2016 -20.4029 2.9789 0.0236 0.0693 -0.0041 0.7249 -10.5131 -3.9015 -0.6937 -10.5370 3.8913 4.6075 5.7893 -8.6663 -44.7585 -36.1894 -5.3037 0.5829 0.8018 -85.4572 41.8331 42.6253 38.7615 -17.5473 10.8295 15.4083 -61.0701 1.5510 1.1876 -15.5246 6.1601 20.8728 15.5754 -45.1061 39.7133 -1.9867 1.2927 79.6776 -24.3644 26.9218 -36.5697 15.2274 7.0114 -16.5399 49.6266 -4.1284 -5.6218 6.5893 -53.7131 14.0887 -0.2488 44.6908 -0.4307 -5.9017 -1.9494 2.1467 1.5750 -1.5530 -1.9675 2.7246 -23.2891 -5.7941 0.1345 48.2595 0.2015 6.8012 -35.2183 -4.9563 -1.3972 -1.8079 1.2452
-17.9503 89.4214 -98.6376 -3.5242 8.5581 -4.3438 -1.1936 3.1410 0.6865 -1.2967 -3.0205 2.3955 -2.6052 12.4094 0.5907 1.2096 -1.2622 2.3995 0.0286 -3.7340 3.3847 -0.2372 -20.2636 3.1980 0.0228 0.0697 -0.0172 0.7213 -10.5058 -3.9114 -0.6912 -10.5239 3.8743 4.5350 5.8318 -8.8698 -45.1686 -36.9754 -5.6636 0.6374 0.7798 -85.1004 42.9674 42.6342 40.0992 -17.6004 10.8717 15.4153 -61.1926 1.5448 1.1951 -15.1949 6.3466 21.0389 16.0899 -44.7133 39.8178 -2.1079 1.3827 79.7463 -24.7026 27.2060 -37.0926 15.2916 7.0128 -16.5126 49.6978 -4.1115 -5.6149 6.9703 -52.5801 14.0842 -0.2489 43.1836 -0.4383 -6.2237 -0.8935 2.3119 1.5775 -1.6992 -1.9774 2.7916 -23.1121 -5.6045 0.1306 48.3254 0.1794 6.1026 -34.7988 -4.4444 -1.3964 -1.8472 1.2340
-18.3699 89.6023 -99.4041 -3.3739 7.7369 -4.5805 -1.1349 2.9761 0.6498 -1.3054 -3.0887 2.3039 -2.5169 12.5113 0.4788 1.2981 -0.7200 2.3907 0.1091 -3.7383 3.4584 -0.2338 -20.0381 3.4027 0.0222 0.0723 -0.0428 0.7209 -10.5059 -3.9350 -0.6913 -10.5104 3.8461 4.6397 5.8902 -9.1673 -44.7314 -37.8719 -6.5279 0.7867 0.8578 -84.3331 43.7917 42.6068 41.7096 -17.5743 10.9035 15.3800 -61.3168 1.5344 1.1797 -14.6934 6.4910 21.1005 16.7812 -44.2560 39.4725 -2.2064 1.4848 80.1103 -25.0054 27.5754 -37.7218 15.3719 7.0307 -16.4817 49.7477 -4.0998 -5.6067 7.3953 -51.3730 13.9122 -0.2755 41.6110 -0.4725 -6.4801 0.2091 2.4523 1.5820 -1.8514 -1.9810 2.9047 -22.7548 -5.5132 0.1156 48.1983 0.1375 5.4584 -34.3572 -4.0428 -1.4007 -1.8531 1.2120
-18.7593 89.7752 -100.0705 -3.2328 6.9034 -4.6406 -1.1082 2.7958 0.6147 -1.3188 -3.1709 2.2117 -2.3862 12.6004 0.3414 1.5179 -0.0849 2.3287 0.1868 -3.7408 3.5336 -0.1928 -19.7883 3.5429 0.0222 0.0771 -0.0639 0.7172 -10.5095 -3.9565 -0.6869 -10.5057 3.8241 4.9072 6.0421 -9.5160 -43.5148 -38.9956 -8.0063 1.0368 0.9513 -83.2332 44.3848 42.5370 43.6031 -17.4759 10.9335 15.3184 -61.4385 1.5389 1.1394 -14.0672 6.5867 21.0970 17.6816 -43.7543 38.6171 -2.2290 1.4886 80.6446 -25.2236 27.8913 -38.2595 15.4484 7.0335 -16.4056 49.7044 -4.0889 -5.5710 7.8038 -50.1142 13.6359 -0.2941 40.0133 -0.5004 -6.6439 1.3471 2.5521 1.5876 -2.0344 -1.9668 3.0537 -22.2866 -5.5142 0.1076 48.0064 0.1014 4.8446 -33.8776 -3.6890 -1.4064 -1.8680 1.1847
-19.1626 89.9342 -100.7097 -3.0999 6.0366 -4.6097 -1.1178 2.6085 0.6040 -1.3242 -3.2683 2.0447 -2.2285 12.6562 0.2441 1.8022 0.6219 2.2479 0.2618 -3.7384 3.6333 -0.1104 -19.4826 3.6190 0.0218 0.0820 -0.0772 0.7149 -10.5163 -3.9721 -0.6845 -10.5091 3.8150 5.3342 6.2208 -9.9039 -41.7573 -40.3678 -9.8741 1.2974 1.0118 -81.8534 45.0393 42.4914 45.9132 -17.2694 10.9637 15.2686 -61.4952 1.5604 1.1263 -13.3610 6.6348 21.0403 18.7731 -43.0563 37.3502 -2.2056 1.3878 81.2774 -25.4115 28.0018 -38.5111 15.5266 7.0104 -16.3249 49.6369 -4.0871 -5.5432 8.1695 -48.8040 13.3900 -0.3141 38.4638 -0.5187 -6.8223 2.3882 2.5632 1.5930 -2.1517 -1.9589 3.2188 -21.7034 -5.5544 0.0864 47.7925 0.0554 4.3192 -33.4387 -3.4805 -1.4135 -1.8687 1.1713
-19.5814 90.0815 -101.2866 -2.9384 5.1851 -4.4481 -1.1581 2.3986 0.5442 -1.3385 -3.3633 1.8951 -2.0672 12.6614 0.1494 2.1037 1.3607 2.1430 0.3199 -3.7490 3.7504 0.0280 -19.1413 3.6615 0.0192 0.0876 -0.0824 0.7097 -10.5157 -3.9786 -0.6840 -10.5088 3.8113 5.8573 6.3984 -10.3226 -39.5176 -41.9144 -12.1304 1.5696 1.0575 -80.3433 46.1589 42.4354 48.7841 -17.0234 11.0147 15.2260 -61.5022 1.5783 1.1691 -12.6046 6.6217 20.8717 19.8871 -42.0466 35.9229 -2.3118 1.2597 81.9051 -25.5091 28.0142 -38.5426 15.5924 7.0011 -16.2562 49.5799 -4.0824 -5.4881 8.4080 -47.5253 13.1914 -0.3267 36.9835 -0.5235 -7.0372 3.3267 2.5167 1.5977 -2.3015 -1.9465 3.3447 -21.0647 -5.6149 0.0728 47.5942 0.0268 3.8810 -33.0529 -3.4252 -1.4180 -1.8699 1.1665
-19.9752 90.1966 -101.7990 -2.7143 4.3323 -4.2908 -1.2399 2.1683 0.4937 -1.3482 -3.4726 1.7265 -1.9270 12.6224 0.0797 2.3602 2.0875 2.0352 0.3797 -3.7602 3.9114 0.2430 -18.7559 3.6376 0.0168 0.0925 -0.0849 0.7105 -10.5065 -3.9806 -0.6890 -10.5021 3.8108 6.3481 6.5335 -10.7319 -37.0133 -43.3861 -14.5451 1.7922 1.0886 -78.8728 47.6858 42.3902 52.1185 -16.7463 11.0684 15.1312 -61.4611 1.5897 1.2098 -11.7810 6.5940 20.6770 21.0339 -40.8181 34.3799 -2.4012 1.0860 82.5349 -25.5557 27.8806 -38.3424 15.6123 6.9613 -16.1955 49.5337 -4.0712 -5.4698 8.4770 -46.2090 13.2309 -0.3321 35.5789 -0.5157 -7.3056 4.0926 2.4361 1.6033 -2.4585 -1.9367 3.3397 -20.4113 -5.6103 0.0625 47.4475 -0.0088 3.5039 -32.7114 -3.3644 -1.4226 -1.8724 1.1781
-20.3043 90.2971 -102.2302 -2.4115 3.5210 -4.2244 -1.3468 1.9129 0.4331 -1.3515 -3.5842 1.6112 -1.8087 12.5393 -0.0321 2.5352 2.7235 1.9280 0.4518 -3.7652 4.1124 0.5166 -18.3425 3.6101 0.0152 0.0975 -0.0860 0.7117 -10.4892 -3.9770 -0.6930 -10.4851 3.8068 6.7102 6.6007 -11.0506 -34.6232 -44.5184 -16.7928 1.9779 1.1280 -77.5422 49.0656 42.3460 55.1527 -16.4673 11.1279 15.0101 -61.4753 1.6367 1.2325 -10.9180 6.6264 20.4737 22.0017 -39.5238 32.9609 -2.4585 0.9469 83.1130 -25.5782 27.7664 -37.9806 15.5793 6.9723 -16.1757 49.4663 -4.0611 -5.4499 8.3290 -44.9247 13.5543 -0.3317 34.3039 -0.4991 -7.5535 4.7156 2.3807 1.6069 -2.6033 -1.9224 3.1848 -19.8117 -5.5547 0.0552 47.3914 -0.0364 3.1338 -32.4145 -3.2154 -1.4250 -1.8889 1.1908
-20.5600 90.3656 -102.5150 -2.0355 2.7530 -4.2784 -1.4611 1.6394 0.4077 -1.3455 -3.7135 1.4864 -1.7020 12.4536 -0.1356 2.6331 3.2549 1.8481 0.5463 -3.7361 4.2915 0.7767 -17.8944 3.6209 0.0130 0.1061 -0.0926 0.7156 -10.4803 -3.9817 -0.7009 -10.4725 3.8001 6.9379 6.6311 -11.3296 -32.7302 -45.2844 -18.5596 2.0665 1.2230 -76.2889 49.9712 42.3399 57.3482 -16.1940 11.2122 14.9277 -61.4992 1.6972 1.2427 -10.0648 6.7808 20.2355 22.7458 -38.2494 31.7418 -2.4711 0.9463 83.6187 -25.5317 27.5818 -37.4558 15.5278 6.9889 -16.1545 49.3552 -4.0396 -5.4296 8.0385 -43.7149 14.0854 -0.3217 33.2033 -0.4780 -7.8090 5.2290 2.2645 1.6038 -2.7075 -1.9087 2.8830 -19.2822 -5.4466 0.0617 47.4564 -0.0494 2.7431 -32.2045 -2.9414 -1.4275 -1.9643 1.2010
-20.7185 90.3938 -102.7354 -1.5836 2.0218 -4.3474 -1.5688 1.3670 0.3979 -1.3369 -3.8484 1.3515 -1.6163 12.3690 -0.2632 2.6951 3.6535 1.7827 0.6418 -3.6954 4.4633 0.9869 -17.4047 3.6841 0.0109 0.1108 -0.0882 0.7167 -10.4734 -3.9760 -0.7056 -10.4671 3.8063 6.9917 6.6747 -11.5819 -31.3439 -45.6281 -19.9170 2.1068 1.3917 -74.9744 50.1640 42.1141 58.2922 -16.0350 11.2738 14.8967 -61.5243 1.7252 1.2696 -9.2532 6.9900 19.9723 23.3297 -36.8987 30.7099 -2.5712 1.1100 84.0600 -25.3964 27.3501 -36.8497 15.4979 7.0260 -16.1546 49.3142 -4.0410 -5.3802 7.6330 -42.5421 14.6803 -0.3074 32.2287 -0.4571 -8.0486 5.6791 2.1038 1.5992 -2.8523 -1.9049 2.4275 -18.8098 -5.3151 0.0784 47.6242 -0.0389 2.3888 -32.0826 -2.6334 -1.4282 -2.0792 1.2100
-20.7996 90.4078 -102.8483 -1.0949 1.3174 -4.4153 -1.6571 1.0874 0.3632 -1.3191 -3.9591 1.2090 -1.5473 12.3128 -0.4136 2.7246 3.9100 1.7513 0.7448 -3.6615 4.6220 1.1873 -16.9048 3.7381 0.0098 0.1073 -0.0710 0.7200 -10.4709 -3.9569 -0.7108 -10.4660 3.8213 6.8712 6.7779 -11.8130 -30.3900 -45.6385 -20.8721 2.1292 1.6244 -73.6343 49.8015 41.6976 58.2435 -16.0380 11.3065 14.9007 -61.5217 1.7248 1.3118 -8.4870 7.1879 19.6754 23.8764 -35.6740 29.7685 -2.6526 1.3756 84.4536 -25.2973 27.1715 -36.3108 15.4948 7.0543 -16.1283 49.3378 -4.0337 -5.3237 7.1641 -41.4360 15.2593 -0.2941 31.4271 -0.4489 -8.2213 6.0178 1.9448 1.5976 -3.0061 -1.9105 1.9021 -18.3897 -5.1522 0.1011 47.8938 -0.0131 2.0741 -32.0068 -2.3586 -1.4271 -2.2055 1.2132
-20.8611 90.3595 -103.0183 -0.6144 0.6692 -4.4458 -1.7217 0.8433 0.3089 -1.3070 -4.0572 1.0490 -1.4816 12.2816 -0.5570 2.7553 4.0288 1.7279 0.8247 -3.6279 4.7645 1.3586 -16.4568 3.8016 0.0089 0.1032 -0.0540 0.7218 -10.4753 -3.9405 -0.7138 -10.4711 3.8393 6.6555 6.8874 -12.0546 -29.6878 -45.2810 -21.5437 2.1373 1.7476 -72.2753 49.0795 41.2057 57.6029 -16.1009 11.3040 14.9250 -61.4605 1.7154 1.3953 -7.7601 7.3656 19.3623 24.3119 -34.5822 28.9624 -2.7750 1.6319 84.7871 -25.3560 27.2096 -35.9809 15.5059 7.0822 -16.1559 49.3762 -4.0440 -5.3036 6.6908 -40.4673 15.7670 -0.2758 30.8331 -0.4319 -8.3344 6.1889 1.8293 1.5977 -3.0933 -1.9227 1.3753 -18.0606 -4.9652 0.1184 48.2681 0.0069 1.8011 -31.9825 -2.2219 -1.4281 -2.2952 1.2110
-20.8794 90.2762 -103.2266 -0.1671 0.0967 -4.4500 -1.7703 0.6922 0.2342 -1.2885 -4.1366 0.8865 -1.3980 12.2746 -0.6996 2.7670 4.0026 1.7282 0.8889 -3.5985 4.8352 1.4435 -16.0886 3.8831 0.0077 0.0967 -0.0463 0.7210 -10.4910 -3.9338 -0.7151 -10.4868 3.8475 6.4305 7.0472 -12.3145 -28.9873 -44.7080 -22.0835 2.1843 1.7901 -70.9198 47.9966 40.5695 56.5833 -16.1737 11.2854 14.9353 -61.4107 1.7197 1.4374 -7.1620 7.4718 19.0397 24.7016 -33.7776 28.1780 -2.8358 1.8698 85.1306 -25.4506 27.2844 -35.7551 15.5128 7.0926 -16.2108 49.3926 -4.0528 -5.3051 6.2482 -39.6962 16.1512 -0.2669 30.3972 -0.4280 -8.4341 6.2596 1.7661 1.5976 -3.0978 -1.9309 0.9049 -17.9207 -4.7882 0.1365 48.8165 0.0328 1.5548 -31.9958 -2.1833 -1.4283 -2.3305 1.2128
-20.9398 90.1449 -103.5281 0.2146 -0.3526 -4.4880 -1.7993 0.6645 0.1873 -1.2561 -4.1748 0.7285 -1.2894 12.2801 -0.8653 2.7325 3.8337 1.7336 0.9364 -3.5724 4.8522 1.4196 -15.8000 3.9689 0.0065 0.0896 -0.0366 0.7192 -10.4971 -3.9251 -0.7155 -10.4961 3.8580 6.2418 7.2546 -12.5973 -28.1580 -43.9949 -22.5153 2.2256 1.8202 -69.6198 46.7729 39.8241 55.5006 -16.2550 11.2629 14.9387 -61.4188 1.7192 1.4269 -6.7198 7.5350 18.7669 24.9847 -33.2440 27.4475 -2.8906 2.0548 85.4996 -25.5645 27.2977 -35.5796 15.5348 7.0910 -16.2665 49.3844 -4.0554 -5.3237 5.8853 -39.1865 16.4140 -0.2682 30.0641 -0.4271 -8.5936 6.3155 1.7491 1.6002 -3.0693 -1.9292 0.5397 -18.0226 -4.6269 0.1427 49.5101 0.0532 1.3258 -32.0571 -2.2099 -1.4270 -2.2936 1.2179
-21.0237 89.9937 -103.9429 0.5007 -0.6371 -4.5478 -1.7941 0.7444 0.1518 -1.2169 -4.1540 0.5783 -1.1211 12.3066 -1.0272 2.6316 3.5256 1.7527 0.9471 -3.5436 4.8017 1.2834 -15.5509 4.0277 0.0072 0.0854 -0.0259 0.7167 -10.5022 -3.9149 -0.7117 -10.5023 3.8677 6.1225 7.4321 -12.8791 -27.2060 -43.1746 -22.8927 2.2710 1.8239 -68.3499 45.3937 39.0074 54.2725 -16.3623 11.2475 14.9519 -61.4650 1.7414 1.4054 -6.4166 7.5645 18.5458 25.1644 -32.9675 26.7778 -2.9766 2.2187 85.8499 -25.6317 27.1604 -35.2528 15.5653 7.0729 -16.2834 49.3777 -4.0369 -5.3236 5.6080 -38.9493 16.5472 -0.2818 29.7224 -0.4327 -8.8441 6.4269 1.7735 1.6030 -3.0146 -1.9211 0.3071 -18.4189 -4.5194 0.1451 50.2774 0.0762 1.1029 -32.0919 -2.2292 -1.4275 -2.2367 1.2192
-21.1206 89.8213 -104.4656 0.6895 -0.7125 -4.6125 -1.7636 0.9478 0.1284 -1.1788 -4.0970 0.4121 -0.8882 12.3654 -1.1408 2.4737 3.0798 1.8058 0.9182 -3.5289 4.6935 1.0290 -15.3899 4.0233 0.0093 0.0843 -0.0212 0.7141 -10.5171 -3.9113 -0.7046 -10.5186 3.8722 6.1085 7.5969 -13.1857 -26.1633 -42.4473 -23.1767 2.2381 1.8185 -67.0973 43.8863 38.2080 52.7959 -16.3879 11.2512 14.9886 -61.4969 1.7829 1.4089 -6.2303 7.5716 18.3981 25.2363 -33.0518 26.0966 -2.9800 2.2916 86.1864 -25.7362 26.8035 -34.7257 15.5352 7.0482 -16.2976 49.3400 -4.0297 -5.3091 5.3800 -39.0419 16.6271 -0.2998 29.3213 -0.4455 -9.1813 6.6392 1.8620 1.6072 -2.9905 -1.9101 0.2334 -19.2050 -4.4798 0.1283 51.1683 0.0566 0.8391 -32.0961 -2.2099 -1.4308 -2.1400 1.2171
-21.2423 89.6131 -105.2150 0.7999 -0.5314 -4.6786 -1.7218 1.2414 0.0826 -1.1323 -3.9713 0.2966 -0.5956 12.4383 -1.2626 2.2407 2.4932 1.8827 0.8562 -3.5242 4.4645 0.6885 -15.2989 4.0239 0.0112 0.0890 -0.0161 0.7096 -10.5115 -3.9031 -0.6970 -10.5153 3.8721 6.1868 7.7572 -13.5251 -25.0217 -41.7962 -23.3919 2.2544 1.8263 -65.9554 42.3612 37.2584 51.0695 -16.3989 11.2877 15.0610 -61.5128 1.8229 1.4309 -6.1452 7.5338 18.3350 25.2028 -33.4651 25.4442 -2.9882 2.3619 86.4910 -25.7418 26.3934 -34.1250 15.5172 7.0347 -16.2974 49.3019 -4.0185 -5.3041 5.1418 -39.4676 16.7175 -0.3102 28.7800 -0.4454 -9.6569 6.9460 1.9589 1.6080 -2.9644 -1.9006 0.3019 -20.4365 -4.5774 0.1293 52.1315 0.0613 0.5086 -31.9398 -2.1284 -1.4344 -2.0998 1.2066
-21.3776 89.4161 -106.1071 0.8216 -0.0902 -4.7028 -1.6684 1.6254 0.0618 -1.0818 -3.8198 0.1456 -0.2538 12.5847 -1.3681 1.9853 1.7270 2.0103 0.7487 -3.5324 4.1875 0.2338 -15.2374 3.9634 0.0131 0.0936 -0.0072 0.7052 -10.5191 -3.8932 -0.6895 -10.5225 3.8784 6.3650 7.8691 -13.8938 -23.8322 -41.4155 -23.4868 2.1905 1.7308 -64.9479 40.9992 36.1924 49.1712 -16.3943 11.3056 15.1382 -61.4851 1.8610 1.4845 -6.1594 7.4696 18.3702 25.0338 -34.1661 24.8229 -3.0345 2.3671 86.8776 -25.6927 25.9533 -33.5420 15.4964 7.0493 -16.3005 49.3075 -4.0211 -5.2955 4.8534 -40.2401 16.8647 -0.3224 28.0513 -0.4399 -10.2993 7.2853 2.1008 1.6071 -2.9519 -1.9083 0.5568 -22.1531 -4.8279 0.1125 53.2224 0.0245 0.1151 -31.6287 -2.0021 -1.4414 -2.0971 1.1915
-21.5550 89.2090 -107.2269 0.7490 0.5788 -4.6218 -1.5890 2.0612 0.0343 -1.0155 -3.6332 0.0272 0.0893 12.7849 -1.5449 1.7299 0.8367 2.1904 0.5857 -3.5742 3.8563 -0.2880 -15.2161 3.8418 0.0145 0.0945 0.0072 0.7025 -10.5096 -3.8715 -0.6845 -10.5137 3.8851 6.6211 7.9290 -14.2083 -22.6006 -41.3150 -23.6419 2.0485 1.6301 -64.0353 39.7573 34.9928 47.1528 -16.4010 11.3054 15.2121 -61.4075 1.8864 1.5001 -6.2748 7.3897 18.5265 24.7351 -35.0400 24.3499 -3.2289 2.3878 87.3216 -25.4821 25.7787 -33.0229 15.5250 7.0244 -16.3085 49.2977 -4.0566 -5.3128 4.5327 -41.2888 17.0533 -0.3345 27.1200 -0.4295 -11.1959 7.5319 2.3165 1.6045 -2.9383 -1.9244 1.0018 -24.2466 -5.3153 0.1095 54.3455 -0.0249 -0.3033 -31.0713 -1.8476 -1.4481 -2.1747 1.1803
-21.7848 88.9641 -108.5652 0.5772 1.4525 -4.3451 -1.4947 2.5313 -0.0358 -0.9078 -3.4757 -0.1096 0.4463 13.1189 -1.6543 1.5451 -0.1636 2.4155 0.3670 -3.5669 3.4511 -1.0212 -15.3260 3.7223 0.0239 0.0954 0.0676 0.7271 -10.5139 -3.8075 -0.6913 -10.5347 3.9373 6.8898 8.0980 -14.6080 -20.8658 -41.5054 -24.1450 1.7192 1.6213 -62.9725 38.6302 33.6678 45.2432 -16.3051 11.2395 15.2172 -61.3124 1.8749 1.4302 -6.4726 7.2393 18.7488 24.2064 -36.1492 23.7955 -3.2677 2.1463 88.0995 -25.2189 25.5949 -32.6608 15.6796 6.9307 -16.2888 49.2247 -4.1283 -5.3218 4.0884 -42.6697 17.4017 -0.3877 26.0286 -0.4606 -12.4544 7.3746 2.5864 1.5965 -2.7396 -1.9673 1.6203 -26.6997 -6.1889 0.1171 55.5248 -0.0884 -0.4360 -30.2866 -1.8575 -1.4696 -2.2113 1.1074
-22.1194 88.6982 -110.0579 0.3516 2.4306 -3.8112 -1.3582 3.1087 -0.1445 -0.8685 -3.2557 -0.1567 0.8794 13.3526 -1.7204 1.4534 -1.2351 2.5772 0.0763 -3.5514 2.7864 -1.5494 -15.4880 3.3278 0.0214 0.0813 0.0598 0.7313 -10.5295 -3.8052 -0.6992 -10.5418 3.9209 7.2857 8.3177 -15.1960 -19.0481 -41.3953 -25.0356 1.7627 1.7511 -61.9469 37.3314 32.5855 43.7854 -16.1977 11.1888 15.2669 -61.1336 1.8631 1.4590 -6.7286 6.9877 18.8204 23.6139 -37.6537 23.2202 -2.9045 1.7008 89.1172 -24.8983 25.4614 -32.0662 15.8277 6.8248 -16.3665 49.1951 -4.2050 -5.4064 3.5942 -44.2488 17.5850 -0.4398 24.8600 -0.4806 -14.7704 6.3684 2.7638 1.5997 -2.8529 -2.0177 2.6026 -29.0498 -7.6296 0.1163 56.3646 -0.0861 -0.8154 -29.7396 -2.2162 -1.4661 -1.9689 1.0575
-22.3978 88.4747 -111.6226 0.1988 3.6528 -2.9472 -1.1897 3.6438 -0.1362 -0.7751 -2.9480 -0.2574 1.1318 13.4696 -1.9176 1.3347 -2.4686 2.4460 -0.1633 -3.6222 2.3572 -1.7925 -15.6421 2.8109 0.0142 0.0485 -0.0255 0.7162 -10.5767 -3.8915 -0.6994 -10.5712 3.8396 7.8702 8.4129 -15.5787 -17.3874 -41.1901 -26.3534 1.8757 1.6017 -60.9836 36.1446 31.8040 42.6594 -15.9236 11.3684 15.4906 -61.2166 1.8837 1.7347 -6.8425 6.7202 18.8730 22.7603 -39.1410 22.9182 -2.9092 1.2270 90.3952 -24.3727 25.8341 -30.7315 16.0032 6.7267 -16.2326 49.5893 -4.0788 -5.5066 2.6708 -46.2186 18.2148 -0.3034 23.8540 -0.2533 -17.3177 4.0715 2.7144 1.5958 -3.0937 -2.0489 3.7698 -31.5510 -9.5663 0.0114 56.8631 -0.2103 -1.4033 -29.5115 -2.7056 -1.4512 -1.3126 1.1400
-22.6722 88.2940 -113.3011 0.0786 5.0885 -1.7030 -1.0025 4.1732 -0.2747 -0.6761 -2.7333 -0.4033 1.4728 13.6915 -2.0351 1.3168 -3.8019 2.4016 -0.3772 -3.6020 1.7727 -2.2260 -16.1247 2.4690 0.0116 0.0395 -0.0513 0.7222 -10.6113 -3.9230 -0.7116 -10.5957 3.8183 8.4666 8.6718 -16.0355 -15.7736 -41.2954 -27.8879 1.9730 1.6276 -59.9826 34.8546 30.5763 41.3843 -15.8724 11.4484 15.6144 -61.1799 1.7402 1.7430 -7.0229 6.3579 18.8721 21.6985 -40.9547 22.4623 -2.6138 0.8292 92.0395 -23.8071 26.8686 -29.7663 15.9982 6.6834 -16.2977 49.4975 -4.0548 -5.5548 1.1895 -48.4855 19.1815 -0.3724 23.1155 -0.3171 -18.2249 1.1104 3.9681 1.5455 -3.3330 -2.1078 5.0069 -34.3285 -11.7527 -0.0724 57.4102 -0.3036 -1.7754 -28.8639 -3.1183 -1.4411 -0.8515 1.0722
-22.9240 88.1879 -114.9842 0.0822 6.5986 -0.2946 -0.8769 4.5949 -0.3703 -0.5815 -2.5123 -0.5877 1.7895 13.9575 -2.1980 1.4945 -5.0932 2.3293 -0.6038 -3.6066 1.1829 -2.6060 -16.5923 2.1019 0.0078 0.0306 -0.0913 0.7247 -10.6303 -3.9629 -0.7221 -10.6129 3.7807 9.1495 8.6638 -16.4914 -14.9354 -41.5364 -29.2210 1.9959 1.6396 -59.2866 33.8259 29.4823 40.3685 -15.9439 11.4283 15.6778 -61.0728 1.6078 1.7467 -7.1501 5.9072 18.8478 20.3870 -42.8039 22.3161 -2.2216 0.5658 93.3656 -23.6200 28.4686 -29.3275 16.0239 6.6410 -16.2852 49.5618 -3.9898 -5.5469 -0.7305 -50.8989 20.5166 -0.4485 23.3361 -0.3661 -17.5485 -1.1061 5.2439 1.5297 -3.3925 -2.1395 6.1427 -37.0811 -13.7371 -0.1757 57.6840 -0.4459 -1.9529 -27.9803 -3.5472 -1.4379 -0.5405 1.0422
-23.1615 88.1670 -116.6047 0.2197 7.9565 1.0099 -0.8201 4.9227 -0.4238 -0.5263 -2.2860 -0.7284 2.0408 14.2368 -2.3276 1.8238 -6.0891 2.2729 -0.8055 -3.6069 0.5988 -2.8866 -17.0392 1.6930 0.0078 0.0283 -0.1118 0.7294 -10.6211 -3.9790 -0.7267 -10.6129 3.7573 9.6877 8.5637 -16.8163 -14.7408 -41.8041 -30.4858 1.9864 1.6238 -59.1009 33.2258 28.6046 39.6360 -16.1626 11.3750 15.7123 -61.0977 1.5397 1.7710 -7.2124 5.5120 18.8373 19.0220 -44.4802 22.4616 -1.9449 0.4695 94.2683 -23.8155 30.3015 -29.5106 16.0679 6.6019 -16.2403 49.6970 -3.9428 -5.5219 -2.6530 -53.2254 22.0484 -0.4757 25.2215 -0.3651 -15.9378 -1.9317 6.0322 1.5313 -3.2758 -2.1721 7.0887 -39.5692 -15.2256 -0.2698 57.7664 -0.5853 -2.0256 -27.0102 -4.1803 -1.4336 -0.3575 1.0319
-23.4150 88.1914 -118.0962 0.4482 9.0420 2.1334 -0.7871 5.1886 -0.4568 -0.4914 -2.0542 -0.8042 2.1811 14.4751 -2.4038 2.2036 -6.7067 2.2467 -0.9714 -3.6019 0.0748 -3.0626 -17.4281 1.2958 0.0095 0.0415 -0.1194 0.7292 -10.6103 -3.9821 -0.7224 -10.6100 3.7462 9.9773 8.5066 -17.0088 -15.1354 -42.1091 -31.6263 1.8440 1.5309 -59.3324 33.0783 27.9552 39.0253 -16.3383 11.3515 15.7570 -61.1471 1.5280 1.7551 -7.3329 5.1800 18.7845 17.7567 -45.9923 22.9007 -1.7281 0.4608 94.8147 -24.4113 32.1459 -30.1485 16.0965 6.5986 -16.1941 49.8505 -3.8938 -5.4528 -4.1322 -55.2923 23.3560 -0.4719 29.1217 -0.3641 -13.8934 -2.4020 6.4447 1.5465 -2.9935 -2.2162 7.8090 -41.6820 -16.2373 -0.3492 57.7002 -0.6876 -2.1378 -26.0158 -5.0164 -1.4338 -0.2259 1.0342
-23.6375 88.2387 -119.4511 0.6880 9.8215 2.9611 -0.7089 5.4135 -0.4441 -0.4688 -1.8577 -0.8189 2.1867 14.6756 -2.4384 2.5344 -6.9226 2.1910 -1.0806 -3.5964 -0.3034 -3.1511 -17.7778 0.9891 0.0102 0.0552 -0.1107 0.7271 -10.6086 -3.9709 -0.7176 -10.6161 3.7515 9.9921 8.6204 -16.9716 -16.1109 -42.3799 -32.6774 1.6835 1.4792 -59.8910 33.2423 27.4410 38.4832 -16.4459 11.3735 15.8255 -61.2599 1.5330 1.7438 -7.6480 4.9536 18.6611 16.7874 -47.3811 23.5735 -1.6063 0.5133 95.1594 -25.0108 33.6724 -30.7204 16.0467 6.6529 -16.2024 49.9331 -3.8672 -5.4061 -4.7280 -56.8501 23.9949 -0.4486 34.7781 -0.3801 -11.7311 -3.2955 6.6676 1.5698 -2.6191 -2.2522 8.3086 -43.3821 -16.8533 -0.4006 57.5031 -0.7439 -2.3220 -24.9914 -5.8294 -1.4327 -0.1559 1.0244
-23.7796 88.3000 -120.6679 0.9643 10.3417 3.5051 -0.6192 5.5927 -0.3819 -0.4600 -1.7160 -0.8015 2.0576 14.7964 -2.4638 2.8399 -6.8401 2.1286 -1.1056 -3.5894 -0.5967 -3.2068 -18.0149 0.8204 0.0110 0.0633 -0.0918 0.7232 -10.6141 -3.9541 -0.7104 -10.6248 3.7704 9.7648 8.7988 -16.8123 -17.6551 -42.4235 -33.5480 1.6021 1.4381 -60.4708 33.6757 27.0947 37.8383 -16.5049 11.4077 15.9246 -61.2627 1.5416 1.7574 -8.0977 4.7658 18.5178 16.1089 -48.5676 24.4066 -1.5429 0.6060 95.4115 -25.5145 34.9514 -31.1607 15.9892 6.7234 -16.2193 49.9242 -3.8569 -5.3828 -4.5034 -57.7533 23.9778 -0.4095 41.6823 -0.3943 -10.0243 -4.6648 6.5728 1.6034 -2.2424 -2.2655 8.5146 -44.7550 -17.0743 -0.4405 57.2312 -0.7798 -2.5075 -24.0048 -6.5316 -1.4333 -0.1357 1.0119
-23.8664 88.4063 -121.7579 1.2339 10.6632 3.7928 -0.5196 5.7259 -0.2960 -0.4597 -1.6272 -0.7454 1.8565 14.8268 -2.5340 3.0885 -6.5745 2.0656 -1.0638 -3.5886 -0.7621 -3.2483 -18.0802 0.7913 0.0130 0.0630 -0.0694 0.7155 -10.6033 -3.9334 -0.6970 -10.6172 3.7907 9.3298 8.9650 -16.5671 -19.7358 -42.2563 -34.2159 1.6271 1.3957 -60.8764 34.2985 26.9193 37.1351 -16.5270 11.4611 16.0282 -61.2816 1.5522 1.7044 -8.6915 4.6138 18.3973 15.6537 -49.4812 25.4388 -1.5697 0.7717 95.5583 -25.9275 36.1539 -31.5309 15.9524 6.8090 -16.2141 49.8776 -3.8466 -5.3446 -3.5753 -57.8286 23.3507 -0.4188 49.1315 -0.4446 -8.9049 -6.2203 5.7513 1.6496 -1.9694 -2.2408 8.4479 -45.7983 -16.9855 -0.4406 56.7981 -0.7702 -2.6315 -23.0067 -7.0700 -1.4333 -0.1750 1.0045
-23.8052 88.6174 -122.7902 1.4599 10.8859 3.9284 -0.3922 5.7969 -0.1670 -0.4416 -1.6103 -0.7479 1.5953 14.7790 -2.6056 3.3210 -6.2649 1.9899 -0.9937 -3.5864 -0.8333 -3.2283 -17.9371 0.7831 0.0143 0.0573 -0.0371 0.7093 -10.5958 -3.9073 -0.6861 -10.6098 3.8276 8.7379 9.1849 -16.3283 -22.1542 -42.0336 -34.7176 1.7036 1.3654 -61.0368 35.1228 27.0357 36.6583 -16.5418 11.5107 16.1301 -61.2005 1.5551 1.6403 -9.4601 4.4642 18.3020 15.4147 -50.2270 26.5642 -1.5840 0.9266 95.6310 -26.2176 37.2351 -31.9222 15.9583 6.9380 -16.2405 49.9294 -3.8154 -5.3286 -2.0654 -56.9993 22.1816 -0.5240 56.4710 -0.5871 -8.1838 -7.8245 4.3769 1.6946 -1.9247 -2.2108 8.2183 -46.5717 -16.6484 -0.4202 56.1268 -0.7184 -2.6796 -21.9723 -7.5238 -1.4331 -0.2258 1.0049
-23.6421 88.9072 -123.7290 1.6288 11.0656 3.9637 -0.2600 5.7743 -0.0232 -0.4056 -1.6302 -0.7737 1.3188 14.6515 -2.7079 3.5877 -5.9905 1.9198 -0.9506 -3.5974 -0.8742 -3.1436 -17.7217 0.8297 0.0137 0.0490 -0.0127 0.7077 -10.5769 -3.8876 -0.6837 -10.5913 3.8551 8.1480 9.3361 -16.1786 -24.9234 -41.8426 -34.8479 1.7867 1.4485 -61.0415 36.0718 27.3985 36.4836 -16.6189 11.5903 16.2168 -61.1905 1.5849 1.5486 -10.3266 4.2487 18.2048 15.4141 -50.8248 27.6372 -1.5465 1.1480 95.6066 -26.1619 38.0088 -32.0510 16.0013 7.0395 -16.2559 50.0831 -3.7743 -5.3143 -0.3430 -55.2616 20.6142 -0.6840 62.8549 -0.7856 -7.3962 -9.1568 2.8787 1.7374 -2.2287 -2.1993 7.8424 -47.0931 -16.1138 -0.3681 55.1660 -0.6175 -2.6711 -20.8607 -7.9378 -1.4316 -0.2198 1.0034
-23.3682 89.3052 -124.5957 1.7011 11.2550 3.9300 -0.1241 5.6844 0.1178 -0.3591 -1.6950 -0.8433 1.0293 14.4811 -2.8220 3.9760 -5.8023 1.8335 -0.9505 -3.6092 -0.8224 -2.9902 -17.5341 0.8713 0.0120 0.0416 0.0051 0.7109 -10.5566 -3.8727 -0.6880 -10.5697 3.8749 7.6169 9.4559 -16.0804 -27.7447 -41.7826 -34.6499 1.7333 1.5292 -61.2236 37.2229 28.0925 36.7424 -16.7854 11.6085 16.2795 -61.1322 1.6082 1.5125 -11.2075 4.0195 18.0946 15.5075 -51.3560 28.5924 -1.4386 1.3471 95.5721 -25.7768 38.5872 -31.8949 16.0182 7.0527 -16.2890 50.1591 -3.7746 -5.3599 1.3049 -52.7001 18.9118 -0.8744 67.8095 -1.0081 -6.6701 -10.1177 1.2303 1.7775 -2.8098 -2.1937 7.4810 -47.4538 -15.5691 -0.3032 53.9872 -0.5201 -2.5984 -19.6573 -8.2747 -1.4251 -0.1717 1.0071
-23.0056 89.7118 -125.4239 1.6547 11.4901 3.8915 0.0047 5.5041 0.1775 -0.3239 -1.8023 -0.9083 0.7629 14.2696 -2.9361 4.5107 -5.7236 1.7427 -0.9625 -3.6039 -0.6747 -2.7920 -17.3849 0.9210 0.0111 0.0413 0.0070 0.7191 -10.5246 -3.8690 -0.6958 -10.5313 3.8745 7.1925 9.4742 -16.0695 -30.3478 -41.5525 -34.2133 1.5342 1.5044 -61.9017 38.5329 29.0386 37.2391 -16.9579 11.5835 16.3249 -61.1019 1.6283 1.5448 -11.9591 3.7858 17.9493 15.7162 -51.8094 29.2568 -1.1860 1.4316 95.5381 -25.0689 38.7727 -31.2235 16.0442 7.0114 -16.3180 50.1900 -3.7893 -5.4073 2.6960 -49.4862 17.2565 -1.1589 70.7259 -1.3582 -6.1863 -10.8493 -0.3749 1.8152 -3.4985 -2.1962 7.2775 -47.7052 -15.2267 -0.2565 52.6459 -0.4509 -2.5269 -18.3434 -8.5074 -1.4198 -0.1473 1.0098
-22.6325 90.1118 -126.2589 1.5006 11.8103 3.9510 0.1069 5.2513 0.1432 -0.3001 -1.9413 -0.9877 0.5336 14.0037 -3.0057 5.2309 -5.7341 1.6002 -0.9912 -3.6007 -0.4857 -2.5734 -17.2694 1.0105 0.0105 0.0421 -0.0055 0.7275 -10.4891 -3.8776 -0.7038 -10.4866 3.8589 6.9561 9.4418 -16.1013 -32.3772 -41.1287 -33.9189 1.1798 1.4234 -63.0248 39.8450 30.2544 38.0051 -17.1112 11.4961 16.3247 -61.1001 1.6239 1.6057 -12.5303 3.5450 17.7615 16.0320 -52.1745 29.3836 -0.8373 1.4660 95.6398 -24.1741 38.6434 -30.2701 16.0833 6.9654 -16.3641 50.2037 -3.7905 -5.4468 3.8019 -45.9537 15.6855 -1.4589 71.7053 -1.7700 -5.9525 -11.8421 -1.5673 1.8479 -4.2086 -2.2017 7.2894 -47.9880 -15.1712 -0.2450 51.2488 -0.4304 -2.4487 -16.9565 -8.5795 -1.4168 -0.1243 1.0099
-22.2199 90.4499 -127.1270 1.2461 12.1688 4.0788 0.1763 4.9381 0.0382 -0.2990 -2.0945 -1.0325 0.3695 13.7125 -3.0721 6.1038 -5.7812 1.4125 -1.0024 -3.6136 -0.2786 -2.3456 -17.1382 1.0798 0.0106 0.0435 -0.0210 0.7383 -10.4616 -3.8907 -0.7128 -10.4508 3.8415 6.8898 9.4475 -16.1434 -33.4759 -40.3729 -34.1950 0.9147 1.4148 -64.3145 40.9617 31.6078 39.0178 -17.3006 11.3807 16.3217 -61.1788 1.6076 1.6666 -12.8929 3.2924 17.5517 16.5083 -52.3600 28.9425 -0.5084 1.6040 95.8736 -23.3156 38.2300 -29.2504 16.1288 6.9235 -16.4239 50.1931 -3.8264 -5.4790 4.6362 -42.2923 14.2259 -1.5311 70.5992 -1.9876 -5.8122 -13.2707 -2.3198 1.8727 -5.0229 -2.2186 7.4982 -48.2780 -15.4281 -0.2327 49.8918 -0.4176 -2.3121 -15.5248 -8.4743 -1.4163 -0.1422 1.0068
-21.7684 90.7049 -128.0859 0.9027 12.4792 4.2888 0.1947 4.6098 -0.0635 -0.2971 -2.2682 -1.1352 0.2563 13.4404 -3.1029 7.0486 -5.8416 1.2048 -0.9483 -3.6260 -0.0172 -2.0999 -16.9410 1.1257 0.0120 0.0430 -0.0362 0.7513 -10.4648 -3.9075 -0.7208 -10.4487 3.8286 6.9493 9.4991 -16.1369 -33.6269 -39.4721 -35.0557 0.7460 1.4395 -65.5093 41.7801 33.1295 40.1862 -17.5030 11.2241 16.2410 -61.3560 1.5911 1.6813 -13.0042 3.1701 17.3286 16.9492 -52.4058 28.0625 -0.2750 1.5632 96.2512 -22.8859 37.9955 -28.6779 16.1791 6.9412 -16.4990 50.2238 -3.8576 -5.5056 5.2326 -38.6284 12.8809 -1.4017 67.4857 -2.0379 -5.9850 -15.2247 -2.9898 1.8983 -6.3773 -2.2633 7.8342 -48.5722 -15.9315 -0.2510 48.6551 -0.4610 -2.1148 -14.1439 -8.2118 -1.4143 -0.1171 1.0006
-21.2377 90.8277 -129.1531 0.4715 12.7295 4.5116 0.1790 4.2354 -0.1801 -0.3264 -2.4092 -1.1931 0.2752 13.1480 -3.1129 7.9667 -5.8894 1.0160 -0.8386 -3.6341 0.2026 -1.8288 -16.5996 1.1646 0.0157 0.0408 -0.0594 0.7627 -10.4734 -3.9358 -0.7235 -10.4540 3.8080 7.1163 9.5522 -16.0945 -33.1310 -38.5558 -36.2273 0.7438 1.5090 -66.4754 42.2434 34.6188 41.4017 -17.7106 11.0999 16.1266 -61.6341 1.5873 1.6322 -12.8689 3.0911 17.1238 17.2832 -52.3077 27.0451 -0.1006 1.4746 96.4759 -22.6504 37.8120 -28.3271 16.2467 6.9422 -16.5100 50.2473 -3.9020 -5.5464 5.6031 -35.2155 11.6644 -1.1377 62.7912 -1.9354 -6.3205 -17.8228 -3.3707 1.9285 -8.2144 -2.3379 8.3238 -48.8356 -16.7010 -0.2488 47.5266 -0.4781 -1.8282 -12.8671 -7.8711 -1.4099 -0.0708 0.9907
-20.6853 90.8433 -130.3043 -0.0594 12.8749 4.6335 0.1285 3.8683 -0.2364 -0.3406 -2.5541 -1.3008 0.4020 12.8471 -2.9656 8.7784 -5.8555 0.8471 -0.7108 -3.6252 0.3768 -1.5206 -16.2397 1.1782 0.0196 0.0369 -0.0861 0.7653 -10.5002 -3.9688 -0.7170 -10.4772 3.7868 7.4173 9.5126 -16.0438 -32.4705 -37.9090 -37.1725 0.7635 1.4991 -67.2466 42.5238 36.0416 42.4904 -17.8012 11.0378 15.9982 -61.8513 1.5973 1.5699 -12.5918 3.0489 16.9837 17.4775 -52.1861 26.0327 0.1674 1.2214 96.4293 -22.6345 37.5954 -28.0729 16.3085 6.9278 -16.5014 50.2697 -3.9233 -5.5813 5.8052 -32.3841 10.6145 -0.8958 57.8023 -1.7684 -6.8806 -21.4714 -3.2989 1.9389 -8.8246 -2.3918 8.9640 -49.0975 -17.6075 -0.2495 46.6107 -0.4838 -1.4157 -11.6952 -7.4627 -1.4082 -0.1472 1.0027
-20.0833 90.7554 -131.4732 -0.7200 12.8502 4.5874 0.0735 3.4991 -0.2667 -0.2903 -2.6682 -1.4047 0.6009 12.5337 -2.7378 9.3855 -5.5891 0.6531 -0.6144 -3.5950 0.8229 -1.0582 -15.9819 1.1263 0.0182 0.0465 -0.0574 0.7619 -10.5142 -3.9462 -0.7185 -10.4704 3.8234 7.7648 9.3252 -15.7556 -31.9205 -37.7097 -37.7919 0.4681 1.6262 -67.7624 42.7372 37.2353 43.4140 -17.6619 11.0878 15.9478 -62.0122 1.5838 1.6692 -12.2466 3.0931 16.9767 17.4070 -51.6215 25.5271 0.0044 1.1839 95.9751 -22.4953 37.4141 -27.4957 16.3477 6.9558 -16.4635 50.2956 -3.7685 -5.5137 5.9902 -30.2706 9.6665 -0.7499 53.5330 -1.5162 -7.6666 -25.6609 -2.3943 1.8761 -7.0818 -2.3001 9.7499 -49.2659 -18.5775 -0.2990 45.8876 -0.5310 -0.9466 -10.6200 -6.9717 -1.4079 -0.3102 1.0265
-19.5254 90.6930 -132.6348 -1.3061 12.6608 4.5389 -0.0241 3.1196 -0.2914 -0.2846 -2.8246 -1.3379 0.8918 12.2938 -2.5853 9.7687 -5.1440 0.4753 -0.5135 -3.5973 0.9313 -0.6761 -15.8174 1.3670 0.0164 0.0424 -0.0930 0.7647 -10.5263 -3.9824 -0.7256 -10.4828 3.7905 8.1183 9.0281 -15.4812 -31.2498 -37.3749 -38.2556 0.4373 1.7310 -68.1239 42.2812 37.8497 43.7342 -17.4363 11.1465 15.9313 -61.9606 1.5712 1.7796 -11.7127 3.0658 16.9082 17.3285 -51.2747 25.3105 0.3241 0.9734 95.3086 -22.4162 37.5521 -27.1117 16.3851 6.9917 -16.5139 50.4066 -3.7725 -5.5300 5.8327 -28.9108 9.1253 -0.5738 50.4606 -1.2338 -7.6840 -29.1325 -1.0219 1.8036 -4.1050 -2.2005 10.4461 -49.2962 -19.5711 -0.2638 45.2100 -0.4498 -0.4925 -9.5899 -6.6664 -1.4049 -0.6637 1.0684
-18.9990 90.6467 -133.7431 -1.5886 12.1976 4.5548 -0.2636 2.8707 -0.3067 -0.3026 -3.0303 -1.2480 1.0328 12.1504 -2.4107 10.0697 -4.5475 0.4161 -0.4139 -3.6454 0.9814 -0.3585 -15.6288 1.4894 0.0143 0.0426 -0.1120 0.7808 -10.5383 -4.0008 -0.7440 -10.5089 3.7734 8.4474 8.9379 -15.1519 -30.9608 -37.4601 -38.1254 0.5217 1.7308 -68.7015 41.8129 38.6119 44.4731 -17.3143 11.1185 15.8217 -61.8478 1.4864 1.7458 -11.2230 3.0803 16.8833 17.8568 -50.7755 24.8728 0.5028 0.8366 94.9026 -22.3730 37.7665 -27.0734 16.3405 6.9704 -16.6144 50.1899 -3.9068 -5.5994 5.4066 -27.9011 8.7884 -0.4229 48.4230 -1.0418 -7.2141 -31.1049 -0.1328 1.7356 -2.5413 -2.1388 10.5368 -49.0353 -20.1622 -0.1898 44.3643 -0.3893 -0.3263 -8.7282 -6.4036 -1.4036 -1.0674 1.0541
-18.4864 90.7866 -134.6730 -1.5016 11.4497 4.6248 -0.5222 2.6890 -0.3096 -0.3822 -3.1532 -1.0411 0.7869 12.1167 -2.3254 10.2660 -3.9618 0.2883 -0.4107 -3.6331 1.1338 0.0704 -15.4167 1.5143 0.0175 0.0271 -0.0936 0.7864 -10.5394 -3.9845 -0.7435 -10.5272 3.7929 8.8267 8.7420 -14.7393 -31.5861 -38.3071 -37.1463 0.4760 1.7831 -69.3913 42.1942 39.5219 45.6413 -17.4374 11.1590 15.7877 -62.0759 1.5580 1.7871 -10.7979 3.3880 16.8597 19.1330 -50.6001 24.2407 0.5114 0.8676 94.6994 -22.7478 37.9266 -27.3972 16.3488 6.9447 -16.5456 50.3524 -3.9286 -5.6135 4.8259 -27.4651 8.6483 -0.3142 47.9749 -0.8949 -6.8115 -31.2267 0.0492 1.7105 -2.1091 -2.1320 9.8342 -48.4066 -20.0863 -0.1685 43.2198 -0.3286 0.0171 -7.8097 -6.2297 -1.3943 -1.4026 1.0656
-17.9645 90.9088 -135.5051 -1.3252 10.4635 4.6540 -0.7270 2.6363 -0.2891 -0.4604 -3.2548 -0.8457 0.4557 12.0224 -2.1642 10.1738 -3.2951 0.2637 -0.4282 -3.6396 1.2756 0.5673 -15.0810 1.4090 0.0228 0.0119 -0.0764 0.7871 -10.5510 -3.9684 -0.7334 -10.5449 3.8079 9.0713 8.6122 -14.3156 -32.8937 -39.3957 -35.6961 0.6767 1.8080 -70.3910 43.4512 40.7165 47.4272 -17.5430 11.2112 15.7048 -62.1774 1.6368 1.7040 -10.7597 3.6571 16.9934 21.3321 -50.2578 23.0714 0.3628 0.8733 94.5936 -23.3233 38.3975 -27.7846 16.2865 6.8977 -16.4777 50.3983 -3.9229 -5.6650 4.2424 -26.7619 8.8357 -0.2987 47.6559 -0.8505 -6.4182 -31.0139 -0.0674 1.6998 -1.9808 -2.1084 8.8023 -47.5172 -19.6634 -0.1667 42.0664 -0.3012 0.4649 -7.0200 -6.0373 -1.3843 -1.5113 1.0917
-17.4714 90.9852 -136.3143 -1.2284 9.4796 4.7334 -0.8831 2.5311 -0.2429 -0.5166 -3.3652 -0.6561 0.1890 11.8956 -2.0180 9.9171 -2.6178 0.3038 -0.4118 -3.6529 1.3950 1.0838 -14.7007 1.2827 0.0262 0.0107 -0.0803 0.7951 -10.5592 -3.9741 -0.7343 -10.5524 3.8043 8.9619 8.3427 -13.9537 -34.0383 -40.1632 -34.4686 0.8478 1.7217 -71.5211 44.8324 41.9650 49.2433 -17.4594 11.2668 15.6722 -62.1666 1.6764 1.5680 -10.6774 3.8765 17.1900 23.2240 -49.7416 22.1152 0.2746 0.8150 94.2823 -23.7329 39.1680 -28.1286 16.2440 6.8344 -16.4167 50.3152 -3.9021 -5.7155 3.8096 -26.0609 9.1031 -0.2906 47.4374 -0.7994 -6.0726 -30.9132 -0.2523 1.6903 -1.8325 -2.0615 7.8947 -46.6152 -19.3117 -0.1584 41.0564 -0.2717 0.9216 -6.3838 -5.8687 -1.3811 -1.5610 1.1259
-17.0201 91.0270 -137.1510 -1.1906 8.5524 4.8878 -1.0166 2.3197 -0.2100 -0.5729 -3.4911 -0.4366 -0.0576 11.7685 -1.9057 9.6049 -1.9422 0.3196 -0.3563 -3.6545 1.4804 1.6380 -14.2825 1.1859 0.0229 0.0265 -0.1005 0.7986 -10.5525 -3.9944 -0.7458 -10.5433 3.7845 8.5660 7.9951 -13.6246 -34.6068 -40.6520 -33.9487 0.8857 1.5558 -72.4643 45.8411 43.1146 50.6289 -17.2112 11.3013 15.6654 -62.0860 1.6499 1.4437 -10.5200 4.1401 17.3991 24.7524 -49.1342 21.3183 0.2023 0.8345 93.7220 -23.8708 39.8056 -28.5710 16.2397 6.8229 -16.3975 50.1962 -3.9225 -5.7497 3.4764 -25.4171 9.3233 -0.2656 47.2833 -0.7176 -5.6023 -30.8934 -0.4876 1.6834 -1.6706 -2.0290 7.2007 -45.7689 -19.2321 -0.1396 40.2215 -0.2481 1.2135 -5.7992 -5.7089 -1.3863 -1.5887 1.1344
-16.6415 91.0690 -137.9241 -1.1667 7.6451 5.1216 -1.1677 2.0581 -0.1638 -0.6286 -3.6148 -0.2238 -0.3497 11.6712 -1.8176 9.2861 -1.3116 0.3329 -0.2905 -3.6544 1.6405 2.2785 -13.8461 1.0508 0.0153 0.0407 -0.1101 0.8039 -10.5344 -3.9990 -0.7668 -10.5183 3.7736 8.0682 7.6565 -13.2688 -34.7885 -41.0827 -34.0792 0.8520 1.4195 -73.1335 46.6819 44.2315 51.9368 -17.0316 11.3193 15.6743 -62.0095 1.6446 1.3256 -10.3745 4.4464 17.6572 26.1802 -48.5193 20.3694 0.1202 0.8643 93.0320 -23.9233 40.2296 -29.2471 16.2698 6.8295 -16.4256 50.1248 -3.9849 -5.7681 3.1796 -24.8343 9.5248 -0.2383 47.2019 -0.6498 -5.0468 -30.8192 -0.7629 1.6778 -1.5884 -2.0339 6.6139 -44.9284 -19.2954 -0.1079 39.4556 -0.2242 1.3933 -5.1581 -5.5893 -1.3931 -1.6463 1.1291
-16.2586 91.1473 -138.6871 -1.1569 6.7260 5.4720 -1.3224 1.8016 -0.1459 -0.6900 -3.7256 0.0223 -0.7187 11.6137 -1.7623 8.9908 -0.7716 0.2774 -0.2132 -3.6443 1.8717 3.0031 -13.3862 0.8838 0.0069 0.0466 -0.1048 0.8060 -10.5178 -3.9876 -0.7865 -10.4981 3.7773 7.6469 7.3988 -12.9045 -34.7124 -41.6045 -34.7959 0.7651 1.4947 -73.4445 47.3914 45.2723 53.2201 -17.0306 11.2832 15.6452 -61.9646 1.6479 1.2998 -10.3415 4.7441 17.8974 27.8315 -47.8857 19.1123 -0.0820 0.8332 92.3155 -23.7769 40.4044 -29.8158 16.2978 6.8062 -16.4788 50.1040 -4.0796 -5.7696 2.9457 -24.2577 9.6455 -0.2099 47.1171 -0.6066 -4.3657 -30.6096 -1.2444 1.6762 -1.5901 -2.0384 6.0433 -43.9450 -19.4712 -0.0820 38.5379 -0.2067 1.5858 -4.4603 -5.4548 -1.3955 -1.7433 1.1127
-15.9080 91.2801 -139.4195 -1.1935 5.9001 5.9576 -1.4798 1.5994 -0.1367 -0.7533 -3.8450 0.2471 -1.1151 11.5381 -1.6947 8.7578 -0.3760 0.2086 -0.1214 -3.6322 2.1503 3.7300 -12.9676 0.7023 0.0006 0.0496 -0.0825 0.8121 -10.5180 -3.9654 -0.8047 -10.4999 3.8045 7.3647 7.1072 -12.5928 -34.4561 -41.9839 -35.9931 0.7421 1.6841 -73.4030 47.8202 46.2166 54.3425 -17.1187 11.1763 15.6329 -61.8119 1.6671 1.4001 -10.3388 5.0002 18.0282 29.6445 -47.2265 17.5881 -0.2358 0.6809 91.8425 -23.5337 40.4781 -30.1726 16.3337 6.6937 -16.4727 50.0094 -4.1359 -5.7250 2.7923 -23.8147 9.7006 -0.1991 46.9956 -0.5982 -3.6128 -30.1722 -1.8947 1.6748 -1.6206 -2.0210 5.5428 -42.8634 -19.7077 -0.0892 37.3237 -0.2201 1.8558 -3.6677 -5.4223 -1.3977 -1.7888 1.1001
-15.5674 91.4330 -140.1419 -1.2693 5.2365 6.5020 -1.6421 1.4526 -0.2086 -0.8228 -3.9213 0.4651 -1.4774 11.3759 -1.5733 8.5608 -0.1127 0.1161 0.0096 -3.6378 2.4628 4.4184 -12.6151 0.5680 -0.0027 0.0538 -0.0542 0.8153 -10.5148 -3.9365 -0.8149 -10.4986 3.8323 7.1848 6.8170 -12.3434 -34.1316 -42.1408 -37.3235 0.8459 1.9310 -73.2024 48.1083 47.0015 55.2546 -17.2249 11.0709 15.6035 -61.6869 1.6651 1.5233 -10.3729 5.1684 18.0128 31.5664 -46.4468 16.1171 -0.3635 0.5660 91.5230 -23.1113 40.5485 -30.2977 16.3821 6.5987 -16.4918 49.9619 -4.1622 -5.6873 2.6597 -23.5273 9.7317 -0.1900 46.7470 -0.6007 -2.9237 -29.5808 -2.6232 1.6784 -1.6457 -1.9901 5.2068 -41.7604 -20.1078 -0.1097 35.8012 -0.2301 2.1338 -2.9154 -5.4622 -1.3989 -1.7956 1.0906
-15.2068 91.6399 -140.9024 -1.3221 4.8031 6.9579 -1.8134 1.3280 -0.2608 -0.8986 -3.9765 0.6400 -1.8094 11.2120 -1.4642 8.4024 0.0420 0.0428 0.1322 -3.6597 2.7929 4.9826 -12.2995 0.4781 -0.0028 0.0558 -0.0288 0.8146 -10.5292 -3.9148 -0.8142 -10.5143 3.8612 6.9493 6.5357 -12.1764 -33.6469 -42.1965 -38.4294 0.9078 2.0412 -72.9449 48.5000 47.6425 55.9978 -17.1891 10.9947 15.5535 -61.5749 1.6289 1.6228 -10.3417 5.2454 17.9405 33.1539 -45.5847 15.0676 -0.4886 0.5548 91.3556 -22.5944 40.7770 -30.3411 16.4124 6.5531 -16.5136 50.0518 -4.1654 -5.6594 2.4359 -23.4622 9.8734 -0.2092 46.4261 -0.6323 -2.3781 -28.8728 -3.3403 1.6810 -1.6971 -1.9579 4.9798 -40.7908 -20.6105 -0.1314 33.9760 -0.2575 2.5739 -2.1475 -5.4427 -1.3998 -1.8844 1.1044
-14.7934 91.8680 -141.7647 -1.3153 4.6098 7.2339 -1.9808 1.1979 -0.2837 -0.9730 -4.0044 0.8046 -2.1105 11.0527 -1.4097 8.2428 0.1207 -0.0173 0.2291 -3.6869 3.0897 5.4213 -12.0208 0.4922 -0.0017 0.0560 -0.0130 0.8090 -10.5222 -3.8966 -0.8062 -10.5078 3.8737 6.5867 6.2099 -11.9742 -33.0739 -42.0853 -39.3175 0.9415 2.0492 -72.5143 48.7907 47.9491 56.1963 -17.0823 11.0275 15.5280 -61.6174 1.6029 1.7484 -10.2547 5.2851 17.8624 34.2894 -44.6731 14.5949 -0.7689 0.7268 91.2238 -21.9798 41.1092 -30.1761 16.3903 6.5960 -16.5611 50.1634 -4.1442 -5.6769 2.0405 -23.6255 10.1564 -0.2171 46.0055 -0.6145 -1.9842 -28.1372 -3.8854 1.6838 -1.7418 -1.9423 4.8165 -40.0115 -21.1384 -0.1460 31.9043 -0.2951 3.3738 -1.5407 -5.2678 -1.3995 -2.0931 1.1214
-14.3442 92.0073 -142.7220 -1.2089 4.6354 7.3302 -2.1411 1.0833 -0.3506 -1.0224 -3.9856 0.9123 -2.4124 10.8382 -1.3790 8.0226 -0.0173 0.1520 0.3577 -3.6517 3.2157 5.7147 -11.7529 0.6268 0.0058 0.0669 0.0214 0.8125 -10.5531 -3.8783 -0.7952 -10.5504 3.9196 6.2837 5.7577 -11.6597 -32.6117 -41.7061 -39.8855 0.9765 2.1496 -71.7893 48.3335 47.7554 55.2008 -16.9832 11.0252 15.4755 -61.4760 1.7619 1.7781 -10.2329 5.2789 17.9020 35.3384 -44.0072 14.2604 -1.0818 1.0625 91.1947 -21.0725 41.1756 -29.3931 16.0841 6.6143 -16.5766 49.8519 -4.0325 -5.7428 1.3763 -24.0364 10.6784 -0.1884 45.5507 -0.5422 -1.5575 -27.2887 -4.4915 1.6803 -1.8012 -1.9218 4.7183 -39.5627 -21.7673 -0.1319 29.9613 -0.1905 5.2055 -1.0904 -5.1919 -1.4049 -2.6698 1.0795
-13.8718 92.1367 -143.7788 -1.2326 4.7473 7.0386 -2.1848 1.0363 -0.2129 -1.0539 -3.9991 1.0362 -2.5243 10.6357 -1.2258 7.6670 0.0596 0.2086 0.2876 -3.6678 3.5119 6.0831 -11.4964 0.6119 0.0033 0.0670 0.0356 0.8031 -10.5345 -3.8575 -0.7924 -10.5414 3.9315 5.6788 5.5557 -11.4635 -31.6641 -41.0973 -40.4449 1.0276 2.0240 -70.8014 47.2782 47.3171 53.6379 -16.7488 11.0968 15.5513 -61.3896 1.8635 1.8510 -10.2819 5.3083 18.0290 36.3273 -43.6673 13.6511 -1.0137 1.3323 91.3628 -20.9322 40.4864 -29.1185 16.0549 6.7261 -16.6147 49.9010 -4.0531 -5.7967 0.8244 -24.6771 11.2403 -0.1244 45.4516 -0.3380 -1.0431 -26.6605 -4.7353 1.6637 -1.6215 -1.9424 4.7055 -39.3582 -22.1226 -0.0333 28.3404 -0.1352 7.7476 -2.5449 -4.9071 -1.3879 -3.0582 1.1553
-13.4146 92.1402 -144.7704 -1.3632 4.9240 6.4873 -2.1673 1.0219 -0.1345 -1.0583 -3.9850 1.2323 -2.4953 10.4080 -1.0838 7.1225 0.1209 0.4841 0.3556 -3.7247 3.5461 6.1973 -11.2563 0.8520 0.0001 0.0616 0.0229 0.7792 -10.5385 -3.8640 -0.7762 -10.5531 3.9153 5.1493 5.1439 -11.2095 -31.3055 -40.3012 -40.3687 1.2477 1.9112 -69.9317 45.7499 46.5820 51.4216 -16.4871 11.2303 15.6551 -61.1577 1.9498 1.8071 -10.4658 5.4241 18.3783 37.2497 -43.6866 13.1858 -1.1782 1.4827 91.4166 -21.7077 40.4411 -29.4211 15.8852 6.8605 -16.6704 49.9223 -4.1038 -5.8691 0.3818 -25.5499 11.8882 -0.0792 45.7170 -0.1619 -0.4783 -26.1417 -4.8541 1.6568 -1.4801 -1.9263 4.9984 -39.5157 -22.5974 -0.0351 28.6365 -0.1778 9.5050 -4.2609 -4.9407 -1.3532 -3.2836 1.2006
-12.9550 92.0720 -145.7320 -1.5797 5.0448 5.8367 -2.0558 1.0993 -0.0327 -1.0246 -3.9451 1.3984 -2.4636 10.2138 -0.9117 6.5641 0.1831 0.6943 0.4258 -3.7356 3.6403 6.2270 -11.0856 1.1557 -0.0004 0.0531 -0.0016 0.7712 -10.5406 -3.8784 -0.7699 -10.5570 3.8822 4.6682 4.8889 -10.9215 -31.1036 -39.6850 -40.0269 1.4306 1.8853 -69.2475 44.2309 45.8007 49.0160 -16.3311 11.3945 15.7403 -61.0420 2.0174 1.7176 -10.7892 5.6456 18.7356 38.0723 -44.1070 12.8574 -1.4063 1.4107 91.2424 -22.8891 40.3207 -30.0581 15.8244 6.9630 -16.6854 49.9567 -4.1413 -5.8756 0.0723 -26.5510 12.4457 -0.0148 46.3480 0.0029 0.0994 -25.7086 -4.9362 1.6497 -1.3715 -1.9351 5.2766 -39.9578 -22.8487 -0.0320 31.9274 -0.1773 9.1912 -6.2127 -5.5252 -1.3636 -3.3460 1.1796
-12.6032 91.9493 -146.5559 -1.8452 5.1465 5.2735 -1.9347 1.2227 0.0490 -0.9949 -3.8757 1.5734 -2.4623 10.0800 -0.7754 6.1165 0.1964 0.8487 0.5021 -3.7226 3.7790 6.2788 -11.1196 1.3767 -0.0019 0.0526 -0.0339 0.7654 -10.5319 -3.9038 -0.7676 -10.5492 3.8438 4.2753 4.7528 -10.6165 -31.0034 -39.1785 -39.5737 1.5000 1.8775 -68.9491 43.0372 44.9282 46.8337 -16.3098 11.5479 15.8252 -61.0688 2.0403 1.6121 -11.1389 5.8820 19.0430 38.7233 -44.6868 12.7011 -1.5710 1.2162 90.8925 -24.1188 40.2970 -30.7280 15.8537 6.9834 -16.6675 49.9059 -4.1958 -5.8357 -0.1082 -27.6787 12.8293 0.0417 47.2013 0.1113 0.5460 -25.3394 -4.9389 1.6451 -1.2188 -1.9594 5.1872 -40.3306 -22.4514 -0.0436 37.7262 -0.1612 7.7374 -8.8062 -6.3365 -1.3986 -3.1697 1.1366
-12.3407 91.7870 -147.3423 -2.0659 5.3871 4.9369 -1.8861 1.3490 0.1216 -0.9914 -3.8274 1.6919 -2.5458 9.9944 -0.6269 5.8539 0.1077 0.8781 0.5732 -3.7098 3.9988 6.3898 -11.2462 1.4526 -0.0050 0.0549 -0.0564 0.7617 -10.5384 -3.9251 -0.7696 -10.5590 3.8234 3.9667 4.6680 -10.3493 -30.9645 -38.7759 -39.0483 1.3383 1.8333 -69.0846 42.0499 43.9569 44.9274 -16.3028 11.6342 15.8717 -61.0604 2.0148 1.5150 -11.4644 6.0783 19.2518 39.1123 -45.2032 12.7615 -1.6331 0.9616 90.5180 -25.0212 40.4673 -31.2489 15.9019 6.9387 -16.6602 49.7370 -4.2231 -5.8196 -0.2926 -29.0251 13.0567 0.0640 48.1499 0.1379 0.8189 -25.0416 -4.8845 1.6397 -0.9943 -1.9864 4.7207 -40.3148 -21.6173 -0.1008 44.5248 -0.2310 6.4630 -11.8520 -7.2264 -1.4301 -2.8746 1.1002
-12.2019 91.6170 -148.2279 -2.2179 5.9701 4.8208 -1.9102 1.4391 0.1323 -1.0164 -3.8213 1.8385 -2.7287 9.9152 -0.4915 5.7254 -0.1815 0.8968 0.6287 -3.7015 4.1848 6.5875 -11.5366 1.3666 -0.0054 0.0516 -0.0639 0.7582 -10.5416 -3.9324 -0.7675 -10.5640 3.8169 3.5973 4.5827 -10.0789 -30.7176 -38.3304 -38.6540 1.0156 1.7440 -69.5228 41.0841 43.0386 43.3199 -16.3727 11.6393 15.9243 -61.0119 1.9504 1.4653 -11.8016 6.1947 19.3831 39.2454 -45.6422 12.8785 -1.6339 0.8031 90.3716 -25.3368 40.5643 -31.3701 15.8985 6.8763 -16.6837 49.5143 -4.2349 -5.7858 -0.5842 -30.8219 13.2184 0.1026 49.1234 0.1872 1.0626 -24.6494 -4.9144 1.6351 -0.8403 -1.9852 4.0933 -40.0126 -20.7112 -0.2067 51.4343 -0.3989 5.7943 -14.5884 -8.0785 -1.4489 -2.6991 1.0703
-12.2291 91.4448 -149.1469 -2.3670 6.9267 4.7594 -1.9606 1.5148 0.1467 -1.0762 -3.8108 2.0133 -2.9432 9.8265 -0.3905 5.6534 -0.6548 0.9383 0.6360 -3.7107 4.3078 6.8366 -12.0380 1.1499 -0.0014 0.0394 -0.0515 0.7603 -10.5448 -3.9245 -0.7622 -10.5754 3.8334 3.1742 4.5075 -9.8119 -30.2087 -37.8147 -38.3435 0.7064 1.7353 -70.2226 39.9241 42.1916 41.8780 -16.4898 11.6053 15.9941 -60.8806 1.8778 1.4283 -12.1741 6.2080 19.5324 38.9805 -46.0868 13.0657 -1.5227 0.7415 90.5129 -25.0963 40.5163 -31.1224 15.8710 6.8420 -16.6915 49.3378 -4.2106 -5.7475 -0.9188 -33.0869 13.3279 0.1562 50.0460 0.2627 1.2428 -24.1197 -4.9382 1.6315 -0.7483 -1.9717 3.4624 -39.4867 -19.8260 -0.3364 57.8449 -0.6196 5.6815 -16.3724 -8.5061 -1.4600 -2.7978 1.0559
-12.3739 91.2407 -150.1167 -2.4735 8.1562 4.7589 -2.0536 1.6088 0.1929 -1.1619 -3.7746 2.1497 -3.2084 9.7280 -0.3034 5.6213 -1.2847 1.0031 0.6315 -3.7284 4.3475 7.1094 -12.7107 0.8412 0.0036 0.0216 -0.0318 0.7625 -10.5694 -3.9140 -0.7547 -10.6030 3.8611 2.8274 4.4452 -9.5843 -29.6432 -37.3030 -37.9502 0.5226 1.6224 -71.1515 38.6945 41.5385 40.5833 -16.5475 11.5765 16.0502 -60.7382 1.7829 1.3871 -12.5734 6.1469 19.6353 38.2608 -46.4488 13.4164 -1.4529 0.6835 90.9817 -24.4844 40.5095 -30.7841 15.9280 6.8585 -16.7136 49.3441 -4.1867 -5.7304 -1.3249 -35.6854 13.3747 0.2174 50.9445 0.3503 1.4176 -23.5057 -4.9147 1.6310 -0.6944 -1.9617 2.7243 -38.6217 -18.8281 -0.4147 63.3324 -0.7746 5.6826 -17.1537 -8.5054 -1.4684 -3.0744 1.0451
-12.6436 90.9899 -151.1756 -2.4934 9.5323 4.8344 -2.1999 1.7574 0.1952 -1.2791 -3.6814 2.2871 -3.4957 9.6140 -0.2611 5.6091 -1.9409 1.0445 0.6109 -3.7699 4.3499 7.3198 -13.5294 0.5351 0.0052 0.0075 -0.0161 0.7610 -10.6134 -3.9097 -0.7516 -10.6462 3.8861 2.6620 4.3623 -9.4234 -29.2772 -36.8822 -37.2086 0.3816 1.4354 -72.3875 37.1894 40.9191 39.1020 -16.4256 11.5302 16.0690 -60.4889 1.6857 1.3472 -12.9846 6.0717 19.6177 37.1269 -46.7691 14.0837 -1.4736 0.6728 91.6618 -23.5767 40.5422 -30.4398 16.0640 6.8789 -16.6738 49.4400 -4.1771 -5.7109 -1.7935 -38.4545 13.3457 0.2763 51.8260 0.4236 1.5489 -22.8688 -4.7986 1.6319 -0.5888 -1.9603 1.7912 -37.3438 -17.5690 -0.2928 67.3542 -0.6240 5.7073 -17.3906 -8.2054 -1.4652 -3.3573 1.0266
-13.0022 90.6731 -152.2701 -2.4235 11.0219 4.9015 -2.4094 1.9384 0.2354 -1.4062 -3.5799 2.3738 -3.8294 9.5571 -0.2860 5.6093 -2.6270 1.0840 0.5692 -3.8052 4.2653 7.4957 -14.4623 0.2619 0.0042 -0.0009 -0.0120 0.7596 -10.6464 -3.9139 -0.7526 -10.6738 3.8997 2.5971 4.2627 -9.3036 -28.9911 -36.4395 -36.1944 0.3525 1.1798 -74.0118 35.5117 40.2835 37.5032 -16.2278 11.4735 16.0578 -60.2847 1.5668 1.2938 -13.3454 6.0181 19.4892 35.7437 -47.2387 14.9311 -1.5534 0.6594 92.6629 -22.5886 40.6685 -30.1391 16.2407 6.9024 -16.6584 49.6452 -4.1624 -5.7354 -2.3380 -41.3728 13.3792 0.3204 52.7007 0.4747 1.5695 -22.2013 -4.5762 1.6320 -0.3868 -1.9637 0.6822 -35.8605 -15.7810 -0.0152 69.8545 -0.2345 5.7878 -17.3797 -7.8569 -1.4628 -3.7439 1.0277
-13.5056 90.3275 -153.4736 -2.2806 12.6271 5.0398 -2.6563 2.1252 0.2237 -1.5407 -3.4601 2.4763 -4.1894 9.6001 -0.4169 5.6422 -3.2706 1.1497 0.4957 -3.8370 4.0158 7.5966 -15.5831 0.0535 0.0042 0.0025 -0.0133 0.7564 -10.6540 -3.9187 -0.7513 -10.6741 3.8985 2.5899 4.1227 -9.2308 -28.6979 -36.0443 -35.0995 0.3311 0.9018 -75.7303 33.7756 39.6886 35.8886 -15.9985 11.4327 16.0577 -60.1130 1.4663 1.2778 -13.5109 5.9917 19.1447 34.1690 -48.1375 15.9782 -1.6348 0.7456 93.9148 -21.7097 40.6061 -29.6419 16.3620 6.9516 -16.6507 49.8582 -4.1401 -5.7396 -2.9542 -44.4624 13.4201 0.3607 53.5356 0.5170 1.4500 -21.4501 -4.3241 1.6287 -0.1380 -1.9570 -0.4585 -34.3606 -13.6387 0.2966 70.7943 0.2936 6.0433 -17.6462 -7.8073 -1.4564 -4.2175 1.0328
-14.1057 89.9647 -154.7179 -2.1225 14.2915 5.2512 -2.9155 2.3455 0.2204 -1.6703 -3.3581 2.4942 -4.5506 9.7337 -0.6114 5.7221 -3.7853 1.2171 0.4203 -3.8442 3.7092 7.6071 -16.9107 -0.1430 0.0083 0.0123 -0.0228 0.7543 -10.6502 -3.9311 -0.7423 -10.6701 3.8889 2.6759 4.0415 -9.2625 -28.5006 -35.7550 -34.0698 0.3776 0.5509 -77.1951 32.2685 39.1825 34.4692 -15.8086 11.4384 16.0985 -60.0843 1.4077 1.2912 -13.3997 6.0070 18.6162 32.6292 -49.4506 17.0677 -1.6813 0.8152 95.5984 -21.3440 40.6104 -29.2607 16.3992 6.9624 -16.6334 49.9854 -4.1210 -5.7311 -3.5826 -47.6563 13.5218 0.3498 54.2935 0.4888 1.2522 -20.6309 -4.0789 1.6191 0.1358 -1.9490 -1.4873 -33.0973 -11.3596 0.4010 70.2259 0.6440 6.5033 -18.2867 -7.8353 -1.4621 -4.9592 1.0645
-14.8487 89.6231 -156.0075 -1.9751 15.9314 5.5655 -3.1730 2.5847 0.2370 -1.7782 -3.2391 2.4295 -4.8867 9.9717 -0.8538 5.8071 -4.1399 1.3082 0.3515 -3.8217 3.3722 7.5635 -18.3411 -0.3717 0.0148 0.0227 -0.0351 0.7478 -10.6200 -3.9418 -0.7230 -10.6451 3.8737 2.8468 4.0702 -9.4181 -28.6958 -35.8189 -33.1900 0.3582 0.2859 -78.0332 31.1618 38.8353 33.3370 -15.7838 11.3973 16.1079 -60.0853 1.4026 1.3570 -12.9965 6.0482 17.9662 31.4232 -51.1717 17.9954 -1.5747 0.8322 97.6432 -21.7240 40.7542 -29.0952 16.4044 6.9714 -16.6396 50.0815 -4.0619 -5.7164 -4.2026 -50.8039 13.7191 0.2790 54.8766 0.3800 0.9732 -19.6679 -3.8565 1.6106 0.4121 -1.9394 -2.3464 -32.1087 -9.1765 0.3271 68.2130 0.8266 7.1961 -19.1796 -7.8010 -1.4914 -6.1924 1.1345
-15.6411 89.3013 -157.3104 -1.8541 17.5480 5.9796 -3.4234 2.8301 0.2562 -1.8547 -3.0845 2.3178 -5.1795 10.3061 -1.1253 5.8689 -4.3891 1.4318 0.2616 -3.7953 3.0490 7.4866 -19.6743 -0.6241 0.0192 0.0296 -0.0486 0.7325 -10.5834 -3.9514 -0.7004 -10.6203 3.8526 3.1046 4.2078 -9.6468 -29.4334 -36.2295 -32.7439 0.3598 0.1725 -78.1233 30.6193 38.7596 32.5957 -15.8823 11.3409 16.1047 -60.1208 1.4467 1.4032 -12.4128 6.1334 17.1725 30.7536 -53.2899 18.7245 -1.3484 0.8432 99.9333 -23.0492 41.0269 -29.3679 16.4238 6.9456 -16.6039 50.2405 -3.9734 -5.7002 -4.8479 -53.8771 14.0195 0.1684 55.2181 0.2313 0.7139 -18.5500 -3.7205 1.6013 0.7296 -1.9060 -3.0248 -31.4112 -7.3723 0.2266 64.8068 0.9654 8.3416 -20.2258 -7.5773 -1.5351 -8.2293 1.2441
-16.4440 89.0207 -158.5483 -1.7739 19.0154 6.3734 -3.6302 3.0633 0.3116 -1.8641 -2.9033 2.1274 -5.4139 10.6942 -1.3510 5.8106 -4.4689 1.6131 0.1450 -3.7699 2.8243 7.4067 -20.7989 -0.9390 0.0200 0.0314 -0.0594 0.7086 -10.5651 -3.9571 -0.6753 -10.6123 3.8381 3.2925 4.3907 -9.9343 -30.9348 -36.9394 -32.5350 0.2426 0.1263 -77.7215 30.9552 39.2391 32.4769 -15.9174 11.2969 16.0852 -60.1081 1.5378 1.3705 -11.8214 6.2787 16.3861 30.6131 -55.4794 19.3364 -1.0245 0.7305 102.0999 -25.6093 41.4202 -30.5456 16.4856 6.9035 -16.5519 50.4043 -3.8895 -5.7069 -5.4617 -56.6877 14.4106 0.0140 55.3189 0.0173 0.5132 -17.2805 -3.6263 1.5886 1.0431 -1.8683 -3.4344 -31.0200 -6.3051 0.1522 60.7918 1.0492 10.0423 -21.6926 -7.0691 -1.5828 -10.5276 1.3839
-17.1708 88.8032 -159.8982 -1.7830 20.3498 6.6527 -3.6899 3.3027 0.3304 -1.8893 -2.7338 1.9710 -5.5696 11.0434 -1.5056 5.5434 -4.4396 1.7344 0.0294 -3.7943 2.6704 7.4882 -21.6160 -1.1329 0.0172 0.0349 -0.0525 0.6779 -10.5260 -3.9426 -0.6503 -10.5756 3.8391 3.1948 4.7320 -10.1862 -32.7055 -37.7612 -32.6821 0.0140 -0.0804 -77.3082 32.4042 40.5286 33.1536 -16.0167 11.4212 16.1744 -60.4767 1.5419 1.3039 -11.3969 6.4970 15.8173 30.1413 -57.0539 20.4061 -1.0187 0.6214 103.4314 -29.2755 41.8758 -32.7305 16.6693 6.9868 -16.6696 50.9867 -3.9340 -5.8420 -5.9951 -59.3207 14.8565 -0.0377 55.3014 -0.0613 0.3582 -15.8680 -3.4572 1.5984 1.2055 -1.8935 -3.5091 -31.0430 -6.1866 0.1430 57.0954 0.9655 12.0389 -24.3990 -6.7223 -1.5740 -10.6149 1.4486
-17.9486 88.7194 -161.1517 -1.9116 21.4474 6.3324 -3.7289 3.4165 0.3375 -1.7468 -2.5019 1.8905 -5.8216 11.3869 -1.5282 5.0820 -4.3386 2.0887 0.0039 -3.7371 2.6900 7.3950 -22.4757 -1.2310 0.0175 0.0543 -0.0557 0.6654 -10.5187 -3.9398 -0.6377 -10.5753 3.8282 2.8824 4.7457 -10.2069 -34.9623 -38.2005 -32.8212 -0.2861 0.0851 -77.2027 34.2341 41.4386 33.5392 -16.0437 11.3548 16.1296 -60.3636 1.6889 1.3111 -11.1254 6.5252 15.4709 28.7933 -58.3843 22.6442 -0.6638 0.3854 103.3032 -32.1527 41.4033 -34.3225 16.5161 6.8848 -16.5914 50.6581 -3.8465 -5.7342 -6.7000 -61.3970 15.9852 -0.1674 54.8958 -0.2759 0.2833 -14.4301 -3.3078 1.5905 1.0790 -1.8268 -2.9587 -31.8783 -6.9875 0.1615 55.0794 1.0274 13.0376 -26.6995 -6.2439 -1.5439 -8.9724 1.4216
-18.5917 88.6313 -162.4075 -2.1238 22.3679 5.8239 -3.6395 3.6197 0.3672 -1.7378 -2.4176 1.8396 -5.8920 11.6749 -1.5554 4.5825 -4.4084 2.0996 0.0805 -3.7769 2.8390 7.3445 -22.8335 -1.0439 0.0169 0.0544 -0.0418 0.6539 -10.4929 -3.9194 -0.6272 -10.5473 3.8347 2.1661 5.1074 -10.3955 -36.4690 -37.9986 -33.1332 -0.3347 -0.0307 -77.2979 36.1300 42.3821 33.8615 -16.2484 11.3952 16.2471 -60.6700 1.5818 1.3981 -10.8658 6.7304 15.2609 25.5893 -58.4042 26.5732 -0.5201 0.1483 101.6833 -34.0992 40.8939 -35.9008 16.6054 6.9020 -16.6935 50.7028 -3.8309 -5.8245 -7.3018 -63.2125 17.1300 -0.1449 54.4669 -0.2514 0.1045 -12.9834 -2.7386 1.6000 1.0864 -1.8437 -2.4973 -32.7579 -7.7441 0.2734 53.1169 0.8955 14.0315 -28.6680 -5.4701 -1.5143 -7.4324 1.4055
-19.2960 88.6134 -163.5843 -2.3522 23.0764 5.0363 -3.5316 3.6970 0.3672 -1.6955 -2.3105 1.7777 -6.0367 11.8788 -1.6412 4.1781 -4.5626 2.2186 0.2200 -3.7357 3.0651 7.1552 -23.1896 -0.7105 0.0187 0.0687 -0.0244 0.6517 -10.4789 -3.8979 -0.6214 -10.5282 3.8485 1.1860 5.3714 -10.6393 -37.6268 -37.3917 -32.9988 -0.3530 0.0588 -77.2084 37.8686 42.8390 34.0319 -16.2923 11.2583 16.2657 -60.5915 1.5454 1.5216 -10.5374 6.8634 15.2315 21.0884 -57.0226 31.8849 -0.4928 0.0221 98.4483 -33.2785 39.6539 -36.1215 16.4894 6.8700 -16.7906 50.4122 -3.8373 -5.7801 -8.0211 -64.6429 18.6310 -0.1305 53.8987 -0.2496 -0.0228 -11.6599 -2.1942 1.5951 0.9624 -1.8214 -1.7651 -33.9949 -8.5893 0.3122 52.2684 0.8604 14.4273 -30.1065 -4.8523 -1.4908 -5.8711 1.3895
-19.9809 88.6494 -164.7542 -2.5468 23.5929 4.2466 -3.4046 3.6889 0.3360 -1.6966 -2.2179 1.6878 -6.1500 12.0908 -1.8040 4.0399 -5.0669 2.1836 0.3518 -3.6957 3.4068 6.9327 -23.3766 -0.2810 0.0214 0.0735 0.0003 0.6526 -10.4660 -3.8737 -0.6170 -10.5157 3.8750 0.0332 5.6402 -11.0863 -38.3610 -36.8570 -32.1409 -0.4672 0.2040 -76.6786 39.4945 42.8760 34.0920 -16.3749 11.0674 16.2818 -60.3258 1.4857 1.6201 -10.0256 6.9755 15.1309 15.8732 -54.0747 37.8433 -0.7609 0.0369 93.9577 -29.7307 38.4400 -35.9084 16.3170 6.9014 -16.8089 50.1836 -3.8981 -5.6773 -8.6544 -65.6856 20.0183 -0.0906 53.0677 -0.2169 -0.2126 -10.2979 -1.5913 1.5932 0.9445 -1.8040 -1.0554 -35.3152 -9.1674 0.3162 51.9366 0.8023 14.2924 -30.8412 -4.1868 -1.4739 -5.0119 1.3605
-20.6744 88.7257 -165.8454 -2.6805 24.0038 3.6100 -3.2663 3.6241 0.2909 -1.7107 -2.1458 1.5482 -6.2005 12.2584 -2.0295 4.1127 -5.7572 2.0902 0.4422 -3.6851 3.6843 6.7420 -23.4653 0.0967 0.0238 0.0682 0.0145 0.6556 -10.5035 -3.8674 -0.6156 -10.5660 3.9008 -1.0285 5.8354 -11.8167 -39.1329 -36.8389 -30.0999 -0.8254 0.2990 -75.7879 40.9413 42.4239 33.9906 -16.4643 10.8890 16.2541 -60.0065 1.5022 1.6145 -9.4502 7.0807 15.0375 11.1148 -49.9127 43.0465 -1.4335 0.1566 88.9826 -24.1104 38.3450 -35.8260 16.1159 6.9123 -16.5858 49.9606 -3.9517 -5.5701 -9.1231 -66.5510 21.0991 -0.0867 52.1053 -0.2308 -0.4049 -8.8840 -0.9603 1.5903 0.9808 -1.8184 -0.3528 -36.7009 -9.4345 0.3023 52.0284 0.7145 13.8289 -31.2436 -3.7260 -1.4672 -4.4302 1.3396
-21.3492 88.8008 -166.9459 -2.8037 24.2578 3.0621 -3.1122 3.5233 0.2217 -1.7339 -2.0750 1.4697 -6.1883 12.4556 -2.2653 4.2327 -6.5935 2.0394 0.4894 -3.7054 3.8124 6.6221 -23.4642 0.3146 0.0255 0.0517 0.0141 0.6571 -10.5446 -3.8756 -0.6133 -10.6191 3.9090 -1.9017 5.9786 -12.5856 -39.7872 -37.1598 -27.4389 -1.2224 0.4064 -74.9536 42.0042 41.7163 33.7046 -16.5623 10.7685 16.2375 -59.7548 1.5091 1.6575 -8.8397 7.1380 15.0942 7.7253 -45.6420 46.5603 -2.1587 0.4320 84.7711 -18.6667 38.6729 -34.9459 15.9060 6.9390 -16.3029 49.9232 -3.9152 -5.4613 -9.1618 -67.1808 21.6343 -0.0766 50.9953 -0.2252 -0.6276 -7.4370 -0.3366 1.5894 0.9053 -1.8443 0.3508 -37.9855 -9.4941 0.3036 52.2866 0.6360 13.2000 -31.3783 -3.5846 -1.4613 -4.0504 1.3297
-21.9676 88.8375 -167.9441 -2.8240 24.3068 2.7312 -2.9875 3.4394 0.1253 -1.7192 -1.9969 1.3811 -6.1365 12.6034 -2.4645 4.2548 -7.2201 1.9336 0.5309 -3.8112 3.7939 6.7104 -23.3408 0.3822 0.0228 0.0330 -0.0111 0.6488 -10.5741 -3.9029 -0.6097 -10.6401 3.8890 -2.4167 5.9734 -13.0753 -40.3834 -37.1551 -24.9664 -1.2299 0.3419 -74.5976 42.0724 41.2809 32.8775 -16.5423 10.8324 16.2660 -59.7184 1.5277 1.6529 -8.3965 7.1895 15.3397 6.2923 -42.5964 48.1447 -2.6773 0.6246 82.3467 -15.2026 38.8009 -33.5948 15.6759 6.9939 -16.1787 49.9195 -3.8755 -5.5815 -8.9655 -67.4773 21.7745 -0.1024 49.7860 -0.2534 -0.6814 -6.1200 0.3375 1.5897 0.8300 -1.8548 0.9617 -38.8941 -9.4381 0.3144 52.4002 0.6148 12.3733 -31.6930 -3.6607 -1.4405 -3.5709 1.3339
-22.5723 88.8723 -169.0062 -2.7880 24.1764 2.3514 -2.8871 3.3700 0.1071 -1.6637 -1.9632 1.2869 -6.0671 12.7117 -2.5301 4.1606 -7.7098 1.8741 0.5460 -3.8016 3.7380 6.6486 -23.3306 0.4265 0.0229 0.0281 -0.0203 0.6531 -10.5666 -3.9102 -0.6134 -10.6261 3.8783 -2.8081 6.0100 -13.3160 -40.6138 -36.8321 -23.0342 -0.9438 0.3691 -74.9820 41.3293 40.7248 31.6440 -16.4565 10.8719 16.3141 -59.6526 1.4894 1.6935 -7.9462 7.2466 15.5228 5.8400 -41.0679 48.7748 -2.6033 0.5832 81.5582 -13.0633 38.6099 -32.4708 15.6028 7.0599 -16.0509 49.9765 -3.7805 -5.5160 -8.7514 -67.5547 21.9339 -0.1182 48.6189 -0.2610 -0.7764 -4.7943 0.9983 1.5960 0.7300 -1.8734 1.4435 -39.7118 -9.2835 0.3026 52.6889 0.5402 11.6422 -31.9380 -3.8113 -1.4323 -3.0078 1.3144
-23.1686 88.8651 -170.0952 -2.7110 23.8249 1.9365 -2.8045 3.3397 0.0668 -1.5975 -1.9569 1.1977 -5.9177 12.7672 -2.4616 3.9411 -7.9868 1.8405 0.5514 -3.7971 3.6541 6.4843 -23.2301 0.4167 0.0231 0.0312 -0.0339 0.6548 -10.5637 -3.9253 -0.6150 -10.6192 3.8638 -2.9684 5.9937 -13.3621 -40.9301 -36.4172 -21.1852 -0.6285 0.2858 -75.8897 40.3491 40.4330 30.3744 -16.3571 10.9482 16.3615 -59.7027 1.4654 1.7209 -7.6170 7.2875 15.7240 6.0744 -40.4039 48.8567 -2.3592 0.5716 81.5483 -11.4525 38.2725 -31.5374 15.5807 7.0976 -15.9628 50.0464 -3.7085 -5.4680 -8.4904 -67.4206 22.1028 -0.1344 47.6021 -0.2734 -0.8683 -3.5894 1.5642 1.5982 0.6466 -1.8484 1.8053 -40.2949 -9.0444 0.2828 52.9980 0.4627 10.7662 -32.2801 -3.8514 -1.4272 -2.4172 1.2993
-23.7685 88.8334 -171.2472 -2.5703 23.2479 1.5118 -2.7242 3.3449 0.0158 -1.5271 -1.9659 1.1032 -5.7237 12.7727 -2.3090 3.6070 -8.1299 1.8849 0.5084 -3.7764 3.5205 6.2110 -22.9496 0.3432 0.0217 0.0360 -0.0409 0.6545 -10.5531 -3.9334 -0.6174 -10.6017 3.8583 -2.9517 6.0028 -13.3222 -41.4804 -36.2211 -19.1427 -0.4459 0.1708 -77.0730 39.3108 40.2797 29.0635 -16.2389 11.0170 16.3952 -59.7555 1.4366 1.7488 -7.4078 7.3353 15.9116 6.8533 -40.0772 48.5268 -2.1267 0.5419 81.8908 -10.3651 37.9804 -31.0175 15.5502 7.1380 -15.9389 50.0782 -3.6874 -5.4602 -8.3540 -67.0350 22.4803 -0.1473 46.6581 -0.2839 -0.9564 -2.4658 1.9912 1.6022 0.5104 -1.8422 2.0220 -40.7113 -8.6997 0.2437 53.4418 0.3778 9.8112 -32.5595 -3.7802 -1.4255 -1.9296 1.2964
-24.3648 88.7588 -172.4106 -2.3766 22.5526 1.0597 -2.6369 3.3663 -0.0485 -1.4734 -1.9727 1.0446 -5.4801 12.7466 -2.1364 3.1556 -8.2051 1.9697 0.4390 -3.7593 3.2954 5.8269 -22.5075 0.2372 0.0189 0.0401 -0.0364 0.6519 -10.5452 -3.9309 -0.6209 -10.5913 3.8637 -2.7484 5.9708 -13.2940 -42.1598 -36.2434 -16.9416 -0.2678 0.0468 -78.3112 38.2868 40.1969 27.8578 -16.1667 11.1086 16.3972 -59.8429 1.4267 1.7569 -7.3093 7.2988 16.0404 8.0625 -39.9957 47.9034 -1.9402 0.5176 82.3334 -9.5314 37.7084 -30.6008 15.5127 7.1884 -15.9492 50.1085 -3.6654 -5.4880 -8.3673 -66.5566 23.0587 -0.1417 45.7790 -0.2761 -1.0555 -1.3931 2.3162 1.6031 0.3839 -1.8386 2.1238 -41.1241 -8.2699 0.2085 54.0641 0.3052 8.8310 -32.7650 -3.6847 -1.4209 -1.5862 1.2840
-24.9264 88.6283 -173.5639 -2.1094 21.7848 0.5916 -2.5702 3.3859 -0.0797 -1.4154 -1.9847 0.9669 -5.2287 12.7079 -2.0188 2.5847 -8.2414 2.1228 0.3743 -3.7462 3.0256 5.3622 -21.9557 0.1407 0.0181 0.0393 -0.0311 0.6509 -10.5353 -3.9205 -0.6221 -10.5807 3.8641 -2.4054 5.8741 -13.2794 -42.9267 -36.4793 -14.5825 -0.0990 -0.0646 -79.3819 37.1177 39.9663 26.6281 -16.1213 11.1604 16.3666 -59.8980 1.4326 1.7423 -7.2967 7.1882 16.1531 9.6280 -40.0801 46.9776 -1.7186 0.3898 82.8975 -9.1055 37.4790 -30.2969 15.4510 7.2261 -15.9786 50.1002 -3.6675 -5.5556 -8.6251 -66.0031 23.9307 -0.1496 44.9220 -0.2731 -1.1624 -0.3452 2.6155 1.6052 0.2460 -1.8483 2.0766 -41.6225 -7.7002 0.1671 54.8855 0.2235 7.9017 -32.8565 -3.5945 -1.4201 -1.3754 1.2787
-25.4819 88.4679 -174.8123 -1.7986 20.9815 0.1070 -2.4990 3.4126 -0.1036 -1.3787 -1.9953 0.8841 -4.9669 12.6430 -1.9608 1.9711 -8.2334 2.2642 0.3229 -3.7487 2.7492 4.8268 -21.3181 0.1233 0.0183 0.0311 -0.0270 0.6546 -10.5451 -3.9166 -0.6261 -10.5934 3.8688 -1.9627 5.7112 -13.3308 -43.6181 -36.7922 -12.3679 0.1168 -0.1315 -80.0141 35.8612 39.4967 25.5614 -16.1216 11.1840 16.3339 -59.9043 1.4302 1.7477 -7.3311 6.9779 16.2157 11.4377 -40.2359 45.8659 -1.3285 0.1892 83.5162 -8.8854 37.0551 -29.9282 15.4137 7.2491 -15.9853 50.0307 -3.6750 -5.5976 -8.9882 -65.3980 24.8687 -0.1452 44.0131 -0.2370 -1.2774 0.7175 2.9586 1.6062 0.1655 -1.8582 1.9608 -42.1686 -7.0919 0.1370 55.7721 0.1599 7.0696 -32.8835 -3.5323 -1.4186 -1.1832 1.2700
-25.9596 88.2175 -176.1570 -1.4670 20.2042 -0.3326 -2.4192 3.4427 -0.1152 -1.3373 -2.0245 0.7762 -4.6891 12.5965 -1.9726 1.3726 -8.2129 2.4421 0.2742 -3.7501 2.4199 4.2661 -20.7053 0.1798 0.0194 0.0183 -0.0358 0.6618 -10.5724 -3.9252 -0.6321 -10.6177 3.8583 -1.4645 5.5479 -13.4941 -44.0137 -37.1287 -10.6730 0.4447 -0.1899 -80.1307 34.7684 38.9338 24.9300 -16.1606 11.1823 16.2858 -59.9226 1.4289 1.7441 -7.3615 6.7970 16.1939 13.2702 -40.3919 44.6603 -0.8709 -0.0438 84.2462 -8.6511 36.3832 -29.3632 15.4231 7.2781 -16.0149 49.9750 -3.6712 -5.6435 -9.4168 -64.8844 25.7955 -0.1206 43.0985 -0.1668 -1.3801 1.8379 3.3395 1.6076 0.1178 -1.8790 1.8431 -42.8844 -6.4999 0.0904 56.8241 0.0890 6.2844 -32.8730 -3.5331 -1.4200 -1.0271 1.2567
-26.4365 87.9458 -177.5814 -1.2189 19.4804 -0.6709 -2.3175 3.4752 -0.1305 -1.2875 -2.0301 0.6580 -4.3399 12.6011 -2.0396 0.8729 -8.2424 2.5824 0.2274 -3.7415 2.1637 3.7256 -20.1193 0.2849 0.0202 0.0096 -0.0424 0.6763 -10.6012 -3.9330 -0.6459 -10.6407 3.8510 -0.9891 5.4381 -13.7693 -44.1507 -37.6205 -9.6177 0.6725 -0.2008 -79.7973 34.1622 38.7074 25.0880 -16.1831 11.1984 16.2608 -59.9083 1.4117 1.7293 -7.3097 6.6728 16.1439 14.8751 -40.3354 43.5140 -0.5976 -0.2756 84.9797 -8.2498 35.6763 -28.6337 15.4867 7.3180 -16.0575 50.0205 -3.6787 -5.6614 -9.6652 -64.5062 26.4072 -0.0871 42.1489 -0.0926 -1.4236 3.0344 3.7104 1.6082 0.0416 -1.8981 1.8948 -43.6962 -6.0879 0.0616 57.9044 0.0524 5.4820 -32.7561 -3.6040 -1.4208 -0.9170 1.2295
-26.8717 87.6539 -179.0726 -1.0640 18.7856 -0.8973 -2.2029 3.4993 -0.1340 -1.2201 -2.0269 0.5179 -3.9108 12.7067 -2.1384 0.5330 -8.3031 2.6661 0.1327 -3.7267 2.0314 3.2118 -19.5074 0.3610 0.0206 0.0055 -0.0442 0.6943 -10.6138 -3.9333 -0.6636 -10.6466 3.8487 -0.5230 5.4072 -14.0953 -44.0868 -38.1903 -9.3241 0.8072 -0.1999 -79.1584 34.1699 39.0092 26.1609 -16.2173 11.1928 16.1848 -59.9301 1.4043 1.6703 -7.0826 6.5895 16.1770 16.3441 -39.9425 42.3498 -0.6037 -0.3690 85.7254 -7.5982 35.4283 -27.9901 15.5251 7.3509 -16.0871 50.1277 -3.6793 -5.6425 -9.7254 -64.2116 26.7363 -0.0768 41.0533 -0.0524 -1.3378 4.3621 4.0520 1.6087 -0.0519 -1.9259 2.1554 -44.5443 -5.9250 0.0252 58.9317 -0.0040 4.6224 -32.5461 -3.6587 -1.4225 -0.8258 1.2021
-27.3417 87.3760 -180.6193 -1.0406 18.1256 -1.0319 -2.0527 3.5162 -0.1194 -1.1250 -2.0227 0.3559 -3.3637 12.9070 -2.1979 0.2956 -8.3248 2.6994 0.0174 -3.7116 2.0107 2.7345 -18.8517 0.3563 0.0203 0.0042 -0.0223 0.7114 -10.6162 -3.9084 -0.6815 -10.6458 3.8708 -0.0139 5.5055 -14.3748 -43.9059 -38.8313 -9.9063 0.8779 -0.1072 -78.3043 34.6268 39.7841 28.1519 -16.2980 11.1653 16.0741 -59.9462 1.4016 1.6115 -6.7097 6.6152 16.3950 17.7744 -39.4251 41.0275 -0.8648 -0.3709 86.5211 -6.8815 35.6502 -27.5304 15.5394 7.3746 -16.0977 50.2447 -3.6651 -5.5982 -9.6396 -63.9362 26.9112 -0.0991 39.7131 -0.0633 -1.2112 5.7684 4.3153 1.6067 -0.1467 -1.9504 2.6897 -45.4176 -6.1149 0.0024 59.8546 -0.0600 3.7537 -32.1264 -3.6687 -1.4257 -0.7744 1.1832
-27.7708 87.1223 -182.2248 -1.0771 17.4986 -1.0773 -1.8800 3.5447 -0.1194 -1.0207 -2.0066 0.2385 -2.7081 13.1732 -2.2276 0.1010 -8.2040 2.7362 -0.1042 -3.6993 1.9735 2.3110 -18.2107 0.3509 0.0160 0.0017 0.0068 0.7171 -10.6098 -3.8747 -0.6957 -10.6369 3.8967 0.6254 5.6867 -14.5493 -43.7000 -39.5075 -11.2973 0.8677 0.1332 -77.2730 35.3808 40.7532 30.7398 -16.4890 11.0738 15.9581 -59.9804 1.4152 1.6203 -6.3235 6.7616 16.7424 19.2060 -39.1122 39.5672 -1.1692 -0.2625 87.4359 -6.4584 35.8137 -27.2400 15.5406 7.3620 -16.0730 50.3792 -3.6289 -5.5541 -9.5697 -63.5948 27.0902 -0.1305 38.1086 -0.0860 -1.0491 7.1620 4.4979 1.6060 -0.2987 -1.9709 3.4202 -46.2789 -6.6967 -0.0172 60.6189 -0.1046 2.9445 -31.5260 -3.5947 -1.4249 -0.7285 1.1625
-28.1680 86.9032 -183.7981 -1.1146 16.9297 -1.0578 -1.6773 3.6116 -0.0985 -0.8844 -1.9752 0.1277 -2.0193 13.4369 -2.2150 -0.1517 -7.9184 2.8047 -0.1686 -3.6906 1.9224 1.9336 -17.5843 0.2941 0.0110 -0.0041 0.0478 0.7163 -10.6045 -3.8286 -0.7045 -10.6301 3.9334 1.3914 5.8736 -14.5254 -43.3555 -40.1231 -13.4640 0.8371 0.3972 -76.2468 36.2333 41.7557 33.4737 -16.7151 10.9602 15.8725 -59.9897 1.4314 1.7126 -6.1232 6.9149 17.1786 20.7366 -39.0783 37.9248 -1.4456 -0.0815 88.5440 -6.4482 35.7632 -27.1930 15.5472 7.3659 -16.0668 50.5285 -3.5821 -5.4976 -9.6182 -63.1878 27.3391 -0.1638 36.3137 -0.1125 -0.9087 8.3645 4.6748 1.6048 -0.4445 -1.9807 4.1879 -47.1168 -7.4821 -0.0330 61.2163 -0.1362 2.2361 -30.8253 -3.5145 -1.4238 -0.6336 1.1537
-28.5182 86.7699 -185.4801 -1.1770 16.4559 -1.0647 -1.4156 3.7424 -0.0953 -0.7760 -1.9662 0.0618 -1.2518 13.6289 -2.0537 -0.3830 -7.4516 2.8830 -0.3156 -3.6496 1.6350 1.7463 -17.0768 0.1219 0.0033 -0.0163 0.0791 0.7235 -10.5814 -3.7869 -0.7246 -10.5991 3.9590 2.2124 6.1531 -14.4591 -42.6403 -40.6396 -16.3713 1.0295 0.6050 -75.3752 36.9658 42.4910 35.9064 -17.1429 10.7674 15.7160 -60.0067 1.4159 1.7306 -6.2325 6.8534 17.5654 22.6642 -39.3064 36.0005 -1.5606 -0.2714 89.9208 -6.9057 36.2141 -27.6673 15.6218 7.2964 -16.0600 50.3962 -3.5435 -5.5146 -9.7480 -62.6649 27.6019 -0.2676 34.1944 -0.2150 -1.0587 9.2400 4.9207 1.6290 -0.7440 -2.0275 5.0282 -47.9623 -8.4228 -0.0539 61.6453 -0.1509 1.4898 -30.0260 -3.2703 -1.4215 -0.6130 1.1226
-28.7548 86.6292 -187.1435 -1.1797 16.1128 -1.0678 -1.1456 3.8734 -0.0752 -0.6288 -1.9410 0.0037 -0.5316 13.6705 -1.8799 -0.6198 -6.6786 2.9120 -0.3921 -3.6410 1.5496 1.4924 -16.5564 -0.0822 -0.0011 -0.0249 0.1204 0.7212 -10.5846 -3.7393 -0.7307 -10.5984 3.9916 3.1375 6.2646 -14.1651 -41.7144 -41.1265 -19.7970 1.1532 0.7191 -74.6417 37.6823 43.5564 38.4900 -17.2824 10.6500 15.5656 -60.1960 1.3957 1.8385 -6.4527 6.8824 18.0423 24.5408 -39.6528 33.9650 -1.7152 -0.2571 91.4614 -7.4877 36.5239 -28.0601 15.6029 7.3102 -16.0189 50.3404 -3.4736 -5.4690 -10.4901 -62.1697 28.5612 -0.3240 32.1861 -0.2045 -1.4479 9.5818 5.3226 1.6200 -0.9267 -2.0243 5.7868 -48.8566 -9.4593 -0.0339 61.8366 -0.1262 0.9932 -29.1447 -2.9636 -1.4230 -0.5434 1.0855
-28.9278 86.5902 -188.8260 -1.2302 15.9655 -1.1005 -0.8735 3.9433 -0.0009 -0.4628 -1.9135 0.0043 0.2459 13.6873 -1.7447 -0.8377 -5.9094 2.9431 -0.4276 -3.6487 1.2597 1.2036 -15.8460 -0.0521 0.0063 -0.0448 0.0808 0.7319 -10.6230 -3.7868 -0.7271 -10.6357 3.9540 4.1532 6.1131 -13.7554 -40.8394 -41.7296 -23.1668 1.2057 0.8677 -74.1744 38.3576 44.5000 40.8071 -17.3268 10.6785 15.6412 -60.6999 1.3958 2.1264 -6.8433 6.7193 18.6005 26.7433 -40.3254 31.4259 -1.5293 -0.2962 93.2400 -8.2090 36.7470 -28.5626 15.4430 7.2811 -15.8886 50.2855 -3.3541 -5.4447 -11.6548 -61.9217 29.9880 -0.2917 30.4511 -0.0739 -2.2106 9.3233 5.0298 1.6381 -1.0804 -2.0042 6.6911 -49.8793 -10.7578 -0.0927 61.7838 -0.2063 0.5613 -28.1348 -2.3817 -1.4304 -0.5413 1.1324
-29.0278 86.6229 -190.4854 -1.3457 15.9226 -1.1564 -0.4942 4.0589 0.0324 -0.3407 -1.9221 -0.0929 0.9245 13.6598 -1.4956 -0.9166 -5.1619 2.9936 -0.4921 -3.6531 1.0127 0.9652 -15.3180 -0.1664 0.0074 -0.0433 0.0693 0.7341 -10.6032 -3.7923 -0.7270 -10.6074 3.9347 5.0498 6.1823 -13.5572 -39.6962 -42.8442 -26.1148 1.1896 0.9097 -73.8586 39.1624 45.2637 42.8609 -17.3747 10.6595 15.6052 -61.0139 1.3830 2.3038 -7.1445 6.6461 19.1071 28.5763 -41.0299 29.1651 -1.4284 -0.4085 94.9465 -9.1145 37.3916 -29.0417 15.2694 7.2736 -15.9086 49.9855 -3.3215 -5.4847 -12.7315 -61.8720 31.3184 -0.3029 29.3516 -0.0210 -2.5644 7.4993 5.5288 1.6208 -1.4490 -1.9886 7.6757 -50.7563 -11.9599 -0.1151 61.3472 -0.2472 0.1697 -27.0178 -1.9733 -1.4303 -0.5165 1.1164
-29.1082 86.7476 -192.1192 -1.4884 15.9685 -1.2157 -0.1629 4.1424 0.0797 -0.2147 -1.9320 -0.1854 1.4932 13.6740 -1.3109 -0.8512 -4.5443 3.0032 -0.5982 -3.6636 0.7710 0.8018 -14.9449 -0.2387 0.0066 -0.0368 0.0432 0.7334 -10.6003 -3.8111 -0.7281 -10.6014 3.9022 5.8792 6.2186 -13.5245 -38.4984 -44.1904 -28.3319 1.0473 0.8800 -73.7828 40.0906 45.8869 44.6558 -17.4702 10.6561 15.6144 -61.2773 1.3760 2.4901 -7.3399 6.5517 19.4998 30.1066 -41.9457 27.0955 -1.1958 -0.5339 96.4247 -10.1438 37.9029 -29.3877 15.0226 7.2035 -15.8982 49.6666 -3.2917 -5.4847 -13.5898 -62.1449 32.3647 -0.2627 29.4069 0.0484 -2.0955 4.1378 6.5775 1.6056 -1.9180 -1.9864 8.6933 -51.5681 -13.0307 -0.1622 60.6171 -0.3186 -0.1942 -25.7813 -1.6870 -1.4275 -0.4873 1.1102
-29.2419 86.9471 -193.6672 -1.6753 15.9581 -1.3824 0.1312 4.2156 0.1290 -0.1271 -1.9249 -0.2214 1.9686 13.7420 -1.2138 -0.7254 -4.0610 3.0320 -0.6839 -3.6753 0.5257 0.6517 -14.7602 -0.2589 0.0077 -0.0281 0.0168 0.7319 -10.5896 -3.8318 -0.7243 -10.5953 3.8701 6.5629 6.2347 -13.6165 -37.2652 -45.4514 -29.9232 0.9310 0.9410 -73.8938 40.7360 46.2831 46.0416 -17.5481 10.6891 15.6452 -61.4988 1.3989 2.5633 -7.5022 6.4268 19.7597 31.4020 -42.8709 25.3736 -0.9781 -0.5814 97.5689 -11.1755 38.4717 -29.6481 14.7604 7.0622 -15.8485 49.3065 -3.3356 -5.4276 -14.1267 -62.6199 33.3220 -0.2117 31.1031 0.1084 -1.3586 0.8525 7.4968 1.6048 -2.2941 -2.0110 9.7079 -52.1649 -13.8883 -0.2180 59.5870 -0.3872 -0.4932 -24.3859 -1.6049 -1.4216 -0.5293 1.1239
-29.3473 87.1829 -195.1462 -1.8715 15.8033 -1.7525 0.3698 4.2969 0.1920 -0.0612 -1.9055 -0.2557 2.2362 13.8469 -1.1568 -0.5888 -3.6021 3.0377 -0.7388 -3.6633 0.3947 0.5308 -14.8276 -0.2653 0.0100 -0.0173 -0.0005 0.7367 -10.5935 -3.8459 -0.7237 -10.6055 3.8489 6.9980 6.2978 -13.7801 -36.1734 -46.5028 -30.8437 0.8151 0.9855 -74.0131 41.0060 46.4475 46.7875 -17.5681 10.7840 15.6681 -61.7551 1.4286 2.4713 -7.7278 6.3112 19.8597 32.4814 -43.6079 24.1290 -0.8364 -0.5974 98.2742 -12.1904 38.9397 -29.8651 14.5578 6.9734 -15.8422 49.0797 -3.4473 -5.3798 -14.0687 -63.1784 34.0501 -0.1610 35.0499 0.1370 -1.5000 -1.7513 7.7431 1.6027 -2.3593 -2.0782 10.6160 -52.5221 -14.4993 -0.2566 58.4361 -0.4235 -0.7488 -22.8553 -1.5507 -1.4154 -0.6798 1.1378
-29.4490 87.4685 -196.5501 -2.0511 15.4494 -2.3879 0.5595 4.3838 0.2811 -0.0443 -1.8543 -0.2353 2.2607 13.9674 -1.1642 -0.5059 -3.1768 3.0235 -0.7517 -3.6528 0.3977 0.4592 -15.0598 -0.2218 0.0092 -0.0081 -0.0037 0.7415 -10.5879 -3.8460 -0.7293 -10.6040 3.8432 7.0290 6.5254 -13.9453 -35.1109 -47.2031 -31.4378 0.8004 1.0609 -73.8740 40.9503 46.5194 46.8654 -17.6566 10.8768 15.6348 -61.9271 1.4600 2.3049 -8.0497 6.2208 19.7801 33.4570 -44.0081 23.3999 -0.8390 -0.4704 98.5719 -12.8093 39.3889 -29.8347 14.4912 6.9654 -15.8789 49.0634 -3.5601 -5.3784 -12.7075 -63.5526 33.7508 -0.0925 41.1795 0.1355 -2.5586 -4.4333 7.3240 1.6109 -2.2510 -2.1618 11.3296 -52.5673 -14.8283 -0.2261 57.1096 -0.3799 -0.9824 -21.2240 -1.4405 -1.4116 -0.8906 1.1331
-29.4497 87.7719 -197.8801 -2.2068 14.8649 -3.3295 0.7191 4.4838 0.4199 -0.0793 -1.7982 -0.1945 2.0536 14.0642 -1.2063 -0.5380 -2.7767 3.0475 -0.7055 -3.6552 0.4713 0.4255 -15.4005 -0.0858 0.0051 -0.0008 0.0091 0.7405 -10.5753 -3.8324 -0.7350 -10.5917 3.8551 6.6094 6.8750 -14.0760 -34.1416 -47.3915 -31.7978 0.8335 1.2038 -73.2729 40.2981 46.4673 46.2048 -17.7689 10.8593 15.5634 -61.7824 1.4635 2.1672 -8.5408 6.1634 19.5436 34.5053 -43.9405 23.0601 -0.9459 -0.3348 98.6049 -12.9007 39.7011 -29.4988 14.5081 7.0390 -15.9184 49.2033 -3.6468 -5.3390 -9.5264 -63.2041 31.8245 -0.0815 48.6466 0.0615 -4.3162 -7.1684 5.9670 1.6316 -2.0789 -2.2096 11.8005 -52.2471 -14.8832 -0.1456 55.6475 -0.2787 -1.1700 -19.6255 -1.1332 -1.4080 -1.1386 1.1183
-29.3725 88.0917 -199.0691 -2.3965 14.1816 -4.4774 0.8961 4.5932 0.5964 -0.1424 -1.8028 -0.1326 1.7199 14.0613 -1.2981 -0.6786 -2.4250 3.0795 -0.6266 -3.6590 0.6195 0.4827 -15.7978 0.0506 0.0001 0.0010 0.0279 0.7395 -10.5626 -3.8162 -0.7421 -10.5798 3.8763 5.8864 7.3310 -14.1594 -33.0936 -47.0881 -32.2344 0.9637 1.2917 -72.1021 39.1022 46.3605 45.2632 -17.8420 10.7650 15.4922 -61.4393 1.4495 2.0653 -9.2744 6.1381 19.2010 35.7536 -43.5745 22.8652 -1.0773 -0.1634 98.5201 -12.3914 39.9497 -28.9225 14.5672 7.1444 -15.9312 49.3884 -3.6733 -5.2087 -4.9253 -61.8297 28.4296 -0.2346 56.4135 -0.1890 -6.1263 -9.9854 3.8228 1.6704 -2.0354 -2.1940 12.1451 -51.7156 -14.7596 -0.0506 54.1184 -0.1737 -1.2977 -18.0590 -0.5864 -1.4049 -1.4006 1.1043
-29.1724 88.4149 -200.2119 -2.6731 13.5483 -5.6260 1.0903 4.6237 0.7750 -0.1934 -1.8750 -0.1206 1.3874 13.9159 -1.3865 -0.8498 -2.1573 3.1005 -0.5455 -3.6701 0.8291 0.5995 -16.2239 0.1438 -0.0076 0.0090 0.0564 0.7330 -10.5548 -3.7960 -0.7489 -10.5715 3.9153 5.1428 7.8249 -14.2317 -32.0483 -46.4071 -32.7619 1.1177 1.4784 -70.4360 37.3695 46.0412 44.2183 -17.7882 10.6467 15.4873 -61.0207 1.4434 1.9650 -10.1218 6.0956 18.7915 37.1583 -43.0958 22.6330 -1.0235 -0.0073 98.3256 -11.4043 39.8422 -28.1069 14.6466 7.2159 -15.9238 49.5512 -3.6629 -5.1237 0.0517 -59.1700 24.3451 -0.5273 63.3807 -0.6014 -7.0555 -12.7373 1.4702 1.7129 -2.3164 -2.1734 12.5529 -51.0796 -14.7441 0.0199 52.5152 -0.0830 -1.3635 -16.4908 0.1782 -1.4033 -1.5391 1.0805
-28.9586 88.7167 -201.2819 -3.0156 13.0761 -6.5552 1.2393 4.5208 0.8568 -0.2079 -1.9977 -0.1286 1.1598 13.6694 -1.5081 -0.9511 -1.9588 3.1319 -0.4788 -3.6867 0.9826 0.7444 -16.6696 0.2486 -0.0140 0.0233 0.0836 0.7253 -10.5386 -3.7780 -0.7518 -10.5525 3.9512 4.6806 8.2673 -14.3136 -31.2109 -45.6321 -33.1086 1.2069 1.5782 -68.9082 35.9932 45.7148 43.7286 -17.6784 10.5939 15.5389 -60.7319 1.4358 1.8971 -10.9095 5.9878 18.3353 38.5277 -42.6118 22.2613 -0.7645 0.1580 98.2596 -10.1763 39.4324 -27.2577 14.6313 7.2117 -15.9011 49.6085 -3.6560 -5.0721 4.0116 -55.2853 20.7683 -0.7896 68.6591 -0.9668 -6.8212 -15.2151 -0.2568 1.7485 -2.8505 -2.1665 13.1093 -50.5223 -15.0595 0.0552 50.9800 -0.0323 -1.4096 -14.9690 1.0093 -1.3992 -1.5154 1.0428
-28.6582 88.9736 -202.3321 -3.3775 12.6847 -7.1460 1.3425 4.3566 0.8312 -0.1788 -2.1941 -0.2482 0.9942 13.4152 -1.6220 -0.8560 -1.7847 3.1450 -0.4387 -3.6892 1.1499 0.8380 -17.0600 0.3912 -0.0147 0.0398 0.0913 0.7210 -10.5108 -3.7735 -0.7468 -10.5223 3.9601 4.6373 8.6233 -14.3597 -30.6411 -44.9926 -33.2253 1.1208 1.4776 -67.8014 35.2596 45.3902 43.7100 -17.5009 10.5875 15.5991 -60.5929 1.4414 1.8757 -11.5571 5.8227 17.8803 39.7887 -42.1061 21.6839 -0.3910 0.2173 98.4053 -8.9776 38.6238 -26.4062 14.5622 7.1417 -15.8865 49.5913 -3.6559 -5.0495 6.3983 -50.3344 18.4714 -1.1431 71.6695 -1.4326 -6.2291 -17.3954 -1.2366 1.7778 -3.5345 -2.1715 13.7201 -50.0575 -15.6383 0.0498 49.6530 -0.0303 -1.4484 -13.5387 1.7536 -1.3969 -1.3211 1.0038
-28.2898 89.1485 -203.3683 -3.6614 12.2774 -7.3207 1.3928 4.1782 0.6359 -0.1574 -2.4116 -0.4010 0.8835 13.1523 -1.7715 -0.5280 -1.5980 3.0585 -0.4028 -3.6667 1.3626 0.8716 -17.3717 0.5944 -0.0122 0.0579 0.0762 0.7223 -10.4700 -3.7888 -0.7413 -10.4820 3.9442 5.0006 8.8654 -14.4219 -30.2110 -44.3530 -33.2664 0.9877 1.3877 -67.0161 34.6492 44.7769 43.7532 -17.4705 10.6006 15.6501 -60.7204 1.4735 1.8303 -12.0235 5.6355 17.4123 40.9309 -41.5544 20.9511 -0.0554 0.2974 98.6685 -7.7271 37.5165 -25.5487 14.5703 7.0850 -15.8778 49.6052 -3.6577 -5.0675 7.2409 -44.6075 17.5509 -1.4530 71.8808 -1.9133 -5.5411 -19.3276 -1.9691 1.8094 -4.7231 -2.1941 14.2405 -49.6232 -16.5247 0.0432 48.5450 -0.0256 -1.5754 -12.1495 2.4429 -1.3958 -1.0216 0.9760
-27.8693 89.2113 -204.4366 -3.8705 11.8075 -7.1400 1.3942 4.0332 0.3591 -0.1439 -2.6129 -0.5969 0.8488 12.8929 -1.9054 -0.0335 -1.4502 2.9108 -0.3357 -3.6190 1.5854 0.8923 -17.5007 0.7299 -0.0098 0.0779 0.0405 0.7307 -10.4404 -3.8205 -0.7443 -10.4549 3.9052 5.5979 9.0921 -14.4834 -29.5594 -43.7058 -33.7163 1.0012 1.3345 -66.3640 33.9623 44.0827 43.9780 -17.4948 10.6430 15.6938 -61.1334 1.5491 1.7377 -12.1621 5.5987 16.9813 41.5264 -40.9459 20.3954 0.0088 0.3815 98.9558 -6.6282 36.4015 -24.6417 14.7297 7.0979 -15.9097 49.6546 -3.6771 -5.1604 6.9497 -38.5014 17.6679 -1.4767 68.9279 -2.1789 -4.7977 -21.8536 -2.6845 1.8456 -7.3827 -2.2292 14.6672 -49.2595 -17.7408 0.0100 47.7584 -0.0781 -1.7370 -10.8820 3.2392 -1.3953 -0.7826 0.9830
-27.3344 89.1575 -205.5203 -4.0608 11.2728 -6.7776 1.3176 3.9107 0.1322 -0.0863 -2.8052 -0.9034 0.9846 12.5732 -1.9018 0.4815 -1.2157 2.9039 -0.2114 -3.6029 1.5796 0.9991 -17.3849 0.7521 -0.0040 0.0685 -0.0165 0.7427 -10.4613 -3.8829 -0.7442 -10.4704 3.8524 6.4643 9.2077 -14.6149 -28.9523 -42.9546 -34.6273 1.4192 1.4309 -65.6237 32.9981 43.6355 44.5897 -17.5103 10.6801 15.7219 -61.4219 1.6174 1.6007 -11.8234 5.8285 16.6809 41.3266 -40.3699 20.1632 -0.2505 0.4094 99.1410 -5.8778 35.5064 -23.6686 14.9116 7.1562 -15.9305 49.6393 -3.7033 -5.2972 6.0528 -32.4022 18.2035 -1.1123 62.1790 -1.9619 -4.6641 -28.0020 -2.0243 1.8870 -9.5605 -2.2823 15.0047 -48.9849 -19.0038 -0.0379 47.2324 -0.1368 -1.6545 -9.8110 3.9639 -1.3981 -0.9448 1.0053
-26.8291 89.0920 -206.6199 -4.1373 10.7611 -6.3945 0.9608 3.7184 -0.0748 -0.0138 -2.9099 -1.0864 1.3193 12.2763 -1.9485 0.8988 -0.9969 2.8116 -0.2262 -3.6446 1.7834 1.3401 -17.3396 0.7338 0.0029 0.0503 -0.0342 0.7319 -10.4857 -3.9171 -0.7220 -10.4771 3.8465 7.0251 9.1460 -14.5404 -27.9585 -42.2013 -36.1925 1.8146 1.8006 -64.7343 32.2180 43.2803 44.8431 -17.3274 10.8426 15.8409 -61.5104 1.6294 1.6093 -11.0040 5.8952 16.7336 40.4629 -39.8139 20.2995 -0.5877 0.4587 99.1889 -5.5703 34.6428 -22.9357 14.9240 7.2467 -15.9540 49.7533 -3.6502 -5.3452 5.0739 -28.0549 17.7380 -0.6530 55.0656 -1.3177 -5.3209 -35.1230 1.7184 1.7742 -5.0167 -2.1384 14.9363 -49.0015 -19.4906 -0.0891 46.8122 -0.1866 -1.2011 -8.7059 3.8274 -1.4012 -1.3760 1.0106
-26.4288 89.1561 -207.9373 -3.7099 10.2130 -5.4387 0.3378 3.5394 -0.2351 -0.0445 -3.0396 -1.1601 1.3273 12.2850 -1.9988 1.5402 -0.9366 2.6340 -0.2445 -3.7513 1.5693 1.7154 -17.4153 0.7053 0.0024 0.0351 -0.0756 0.7442 -10.4701 -3.9477 -0.7343 -10.4696 3.7970 7.1473 9.1464 -15.1125 -26.1869 -41.6647 -37.7762 1.8262 1.7054 -64.3661 31.2645 42.8463 44.2606 -17.5428 10.7518 15.8011 -61.5099 1.4910 1.7252 -9.2649 5.7802 16.5723 39.3787 -39.4685 20.2943 -0.8010 0.0401 99.3247 -5.8496 34.4784 -23.0554 14.7275 7.3073 -16.1313 49.8764 -3.6222 -5.3805 3.8689 -26.8317 16.2285 -0.1982 52.5665 -0.7462 -4.6445 -37.2639 4.2565 1.6782 -2.8588 -2.0986 13.9517 -49.0190 -19.4038 -0.0089 46.0628 -0.1057 -0.7171 -7.6755 2.9875 -1.4008 -1.6540 1.0236
-25.9856 89.3858 -209.1444 -2.9557 9.2714 -4.1569 -0.2060 3.3096 -0.2647 -0.1565 -3.0835 -1.1459 0.8592 12.6017 -2.2876 2.1918 -0.7613 2.4003 -0.4060 -3.7246 1.6365 2.0661 -17.4249 0.4040 -0.0007 0.0263 -0.0680 0.7399 -10.4447 -3.9288 -0.7358 -10.4490 3.7977 7.2267 9.2203 -15.5218 -24.9729 -41.7486 -38.9649 1.3285 1.5029 -64.1945 30.6989 43.0341 43.4858 -17.8731 10.7594 15.8187 -61.9595 1.5551 1.7640 -7.8653 6.0396 16.3854 39.7257 -39.6577 19.2691 -0.4967 -0.2476 99.3957 -6.7478 34.4349 -23.9204 14.7144 7.2349 -16.1161 49.8646 -3.6139 -5.4430 2.9303 -26.5463 15.1346 -0.0962 52.3071 -0.5778 -3.6110 -36.5495 4.4260 1.6727 -2.4976 -2.1429 12.2288 -48.3338 -19.1032 0.0203 44.8779 -0.0378 -0.0236 -6.5392 2.3349 -1.3898 -1.8715 1.0308
-25.5664 89.5924 -210.2024 -2.2450 7.9292 -3.0188 -0.4852 3.2450 -0.3364 -0.2668 -3.1274 -1.0649 0.4218 12.7184 -2.4056 2.2036 -0.3076 2.3207 -0.5045 -3.6821 1.5749 2.2968 -17.0879 0.0328 -0.0011 0.0417 -0.0192 0.7334 -10.4381 -3.8780 -0.7307 -10.4405 3.8451 7.2438 9.3553 -15.7067 -24.7969 -41.7560 -39.5511 0.9689 1.3950 -63.8417 30.2205 43.2586 42.8764 -18.0663 10.6941 15.7383 -62.0456 1.5194 1.7714 -7.7284 6.3770 16.1348 41.3114 -38.9962 17.9630 -0.2988 -0.2211 99.2896 -7.0122 34.0230 -24.5141 14.5625 7.2263 -16.1009 49.7443 -3.6112 -5.4040 2.2016 -25.4754 15.1329 -0.1362 51.7068 -0.6169 -2.7167 -35.7194 3.5201 1.6739 -2.2874 -2.1364 10.2687 -47.2153 -18.5681 0.0324 43.8531 -0.0023 0.5321 -5.6391 2.0517 -1.3825 -1.9476 1.0260
-25.1138 89.7908 -211.0100 -1.5603 6.6036 -2.1076 -0.6981 3.1780 -0.4015 -0.3362 -3.1932 -0.9619 0.0352 12.6659 -2.4662 1.9968 0.0762 2.3462 -0.5635 -3.6420 1.4750 2.4098 -16.6224 -0.2173 -0.0016 0.0565 0.0089 0.7361 -10.4381 -3.8535 -0.7348 -10.4375 3.8769 6.9945 9.4012 -15.7935 -24.9596 -41.4933 -39.7475 0.7035 1.3908 -63.3400 29.8846 43.3302 42.3290 -18.0981 10.6540 15.7123 -61.8724 1.4491 1.7807 -7.8660 6.6170 15.9520 42.4840 -37.6157 17.2509 -0.1678 -0.1276 99.2319 -6.7870 33.1416 -24.6286 14.4196 7.2550 -16.0839 49.6443 -3.6055 -5.3449 1.4662 -24.1371 15.4860 -0.1521 50.8559 -0.6241 -2.0592 -35.0546 2.6297 1.6741 -2.1136 -2.1041 8.3043 -46.1055 -17.8560 0.0527 42.9086 0.0392 1.0152 -4.8512 1.9316 -1.3804 -1.9845 1.0234
-24.7219 89.9976 -211.7424 -0.9348 5.3497 -1.3339 -0.8825 3.0542 -0.4792 -0.3854 -3.2701 -0.8258 -0.2883 12.5514 -2.5369 1.7737 0.3490 2.3889 -0.5761 -3.6167 1.4389 2.4453 -16.0584 -0.2984 -0.0018 0.0593 0.0171 0.7425 -10.4504 -3.8484 -0.7423 -10.4482 3.8882 6.5807 9.3910 -15.8091 -25.1352 -40.9808 -39.8002 0.5625 1.3844 -62.7009 29.5653 43.1717 41.7665 -18.0410 10.6354 15.7305 -61.6044 1.3943 1.7837 -7.9678 6.8170 15.8638 42.9518 -35.8684 17.2604 -0.1980 -0.0705 99.2284 -6.3205 31.9026 -24.4379 14.3745 7.2783 -16.0461 49.6083 -3.5914 -5.2897 0.7750 -22.7731 15.8044 -0.1480 49.9271 -0.5943 -1.5147 -34.3914 1.9259 1.6743 -1.9939 -2.0629 6.4434 -44.9892 -17.1058 0.0850 41.9182 0.0898 1.4674 -4.0993 1.8795 -1.3801 -2.0228 1.0265
-24.3444 90.1921 -212.3824 -0.4114 4.1690 -0.7134 -1.0483 2.8841 -0.5247 -0.4164 -3.3713 -0.7325 -0.5452 12.4266 -2.5615 1.5927 0.5356 2.4020 -0.5559 -3.5964 1.4604 2.4583 -15.3923 -0.3052 -0.0010 0.0536 0.0243 0.7493 -10.4729 -3.8479 -0.7479 -10.4671 3.9018 6.1792 9.3863 -15.7820 -25.2966 -40.2494 -39.8579 0.6445 1.3522 -61.9661 29.1653 42.8445 41.3023 -17.9680 10.6385 15.7604 -61.3639 1.3510 1.7723 -8.0728 6.9527 15.8863 43.0339 -34.0769 17.6614 -0.2763 -0.0461 99.2203 -5.7462 30.6265 -24.2834 14.3397 7.3241 -16.0307 49.6085 -3.5889 -5.2484 0.1726 -21.4946 16.0333 -0.1278 49.0744 -0.5325 -1.1137 -33.7359 1.4292 1.6779 -1.9360 -2.0319 4.7706 -43.8798 -16.3431 0.1190 40.9165 0.1324 1.9078 -3.3894 1.8404 -1.3796 -2.1034 1.0344
-24.0008 90.3480 -212.9980 0.0524 3.0406 -0.1939 -1.2141 2.6796 -0.5519 -0.4395 -3.4648 -0.6313 -0.7715 12.3145 -2.5937 1.4999 0.6750 2.4113 -0.5606 -3.5837 1.4724 2.4684 -14.6238 -0.2752 0.0002 0.0481 0.0333 0.7517 -10.4770 -3.8427 -0.7481 -10.4705 3.9131 5.8265 9.3582 -15.7548 -25.4678 -39.4198 -39.9487 0.8687 1.3746 -61.2040 28.7583 42.4922 40.9549 -17.8786 10.6694 15.7647 -61.2175 1.3484 1.7458 -8.1972 7.0096 15.9876 42.9622 -32.4553 18.1743 -0.3225 0.0217 99.1853 -5.0209 29.4315 -24.2143 14.3072 7.3899 -16.0265 49.6841 -3.5871 -5.2411 -0.3766 -20.2921 16.1378 -0.0952 48.3231 -0.4512 -0.7616 -33.0951 1.1005 1.6812 -1.9202 -2.0154 3.2388 -42.7588 -15.6005 0.1413 39.8629 0.1509 2.3567 -2.6893 1.8190 -1.3782 -2.1954 1.0402
-23.6797 90.5008 -213.5770 0.4693 1.9297 0.2458 -1.3726 2.4715 -0.5325 -0.4652 -3.5736 -0.5553 -0.9875 12.2247 -2.6128 1.4752 0.8390 2.3878 -0.5675 -3.5722 1.4956 2.4801 -13.7604 -0.2779 0.0021 0.0403 0.0416 0.7550 -10.4832 -3.8365 -0.7480 -10.4750 3.9226 5.5270 9.3148 -15.7149 -25.5650 -38.6056 -40.1412 1.1346 1.3424 -60.4695 28.4084 42.2417 40.7691 -17.7917 10.7061 15.7408 -61.1169 1.3693 1.6933 -8.3723 7.0303 16.1743 42.7488 -31.0539 18.7076 -0.3751 0.0343 99.0874 -4.1825 28.4486 -24.1885 14.2401 7.4611 -16.0412 49.7209 -3.5940 -5.2461 -0.8722 -19.1531 16.1455 -0.0720 47.7015 -0.3925 -0.4774 -32.5296 0.9466 1.6801 -1.8988 -2.0041 1.8468 -41.6627 -14.9257 0.1602 38.8617 0.1599 2.8250 -2.0122 1.8634 -1.3766 -2.2630 1.0409
-23.4058 90.5907 -214.1876 0.8017 0.8729 0.6350 -1.5029 2.2575 -0.5170 -0.4994 -3.6553 -0.4678 -1.1974 12.0783 -2.6257 1.5470 1.0316 2.3453 -0.5773 -3.5609 1.4961 2.4710 -12.7983 -0.3506 0.0042 0.0338 0.0491 0.7601 -10.4804 -3.8304 -0.7489 -10.4679 3.9304 5.2406 9.1754 -15.6745 -25.5438 -37.7103 -40.4694 1.3875 1.3867 -59.7511 27.8247 42.0033 40.4122 -17.7896 10.7296 15.7265 -61.0991 1.4088 1.6372 -8.5556 6.9611 16.3897 42.3922 -29.7731 19.3554 -0.4509 0.0466 98.8422 -3.2893 27.6188 -24.1295 14.1822 7.5156 -16.0356 49.6753 -3.6051 -5.2620 -1.2772 -18.1767 16.0149 -0.0470 47.2491 -0.3325 -0.2633 -32.0045 0.9563 1.6814 -1.8424 -2.0077 0.6674 -40.5732 -14.4059 0.1836 37.8768 0.1909 3.2278 -1.3453 1.9398 -1.3808 -2.2813 1.0255
-23.1435 90.6626 -214.8384 1.0339 -0.0939 0.9551 -1.6209 2.0387 -0.5038 -0.5416 -3.7396 -0.3748 -1.3874 11.9261 -2.6032 1.6966 1.2675 2.2385 -0.5933 -3.5456 1.4769 2.4668 -11.7821 -0.5453 0.0058 0.0300 0.0567 0.7641 -10.4827 -3.8241 -0.7501 -10.4669 3.9375 4.9705 9.0299 -15.6019 -25.1786 -36.8215 -41.1001 1.6103 1.4059 -59.0822 27.0538 41.6919 39.9188 -17.7819 10.7418 15.7295 -61.1212 1.4366 1.5817 -8.7518 6.8549 16.5990 41.8924 -28.6976 20.0250 -0.5448 -0.0411 98.5411 -2.4370 26.8492 -24.1053 14.1526 7.5569 -16.0079 49.6380 -3.5964 -5.2603 -1.5973 -17.4440 15.7873 -0.0236 47.0251 -0.2754 -0.1188 -31.5070 1.0988 1.6828 -1.7959 -2.0075 -0.2699 -39.5691 -13.9517 0.2007 36.9354 0.2154 3.5495 -0.6446 1.9822 -1.3859 -2.2342 1.0096
-22.9444 90.7020 -215.5995 1.1556 -0.9404 1.2009 -1.7176 1.8149 -0.4979 -0.5826 -3.8098 -0.2835 -1.5700 11.7715 -2.5602 1.8960 1.5098 2.0837 -0.5980 -3.5293 1.4157 2.4444 -10.7612 -0.8122 0.0056 0.0274 0.0661 0.7622 -10.4911 -3.8163 -0.7496 -10.4704 3.9465 4.6904 8.8749 -15.5176 -24.4899 -35.9882 -41.9359 1.7732 1.4125 -58.4338 26.2513 41.2401 39.2873 -17.7978 10.7620 15.7808 -61.2159 1.4836 1.5819 -8.9520 6.7834 16.7238 41.3569 -27.9149 20.6770 -0.6314 -0.1338 98.2957 -1.6343 26.2441 -24.1190 14.1167 7.5913 -15.9978 49.5734 -3.5925 -5.2418 -1.8317 -16.9768 15.4572 0.0025 46.9807 -0.2163 -0.0570 -31.0130 1.4160 1.6838 -1.7745 -2.0168 -0.9678 -38.6660 -13.5262 0.2006 35.9691 0.2205 3.7997 0.1379 1.9377 -1.3918 -2.1534 0.9961
-22.7534 90.7072 -216.4155 1.1580 -1.6334 1.3707 -1.7975 1.6161 -0.4654 -0.6190 -3.8812 -0.2025 -1.7335 11.6398 -2.5357 2.1544 1.7628 1.9061 -0.6326 -3.5281 1.3081 2.4096 -9.7808 -1.1222 0.0044 0.0220 0.0701 0.7608 -10.4969 -3.8107 -0.7513 -10.4741 3.9485 4.4575 8.7520 -15.4069 -23.5919 -35.3591 -42.7856 1.8462 1.4305 -57.9213 25.5586 40.6896 38.6607 -17.7574 10.8107 15.8485 -61.3423 1.5306 1.5845 -9.1760 6.7065 16.7455 40.8812 -27.4710 21.2170 -0.6808 -0.1753 98.1724 -0.8785 25.6139 -24.1850 14.0963 7.6194 -15.9980 49.5604 -3.5664 -5.2461 -1.9545 -16.8144 15.1095 0.0154 47.1213 -0.1678 -0.0534 -30.5426 1.7914 1.6849 -1.7668 -2.0177 -1.3935 -37.8736 -13.1631 0.1815 34.9368 0.1946 4.0134 1.0485 1.8616 -1.3966 -2.0557 0.9949
-22.6294 90.7139 -217.2535 1.0847 -2.1611 1.4367 -1.8877 1.4364 -0.4230 -0.6619 -3.9310 -0.1265 -1.8887 11.5442 -2.5145 2.4638 2.0357 1.6934 -0.6778 -3.5329 1.1540 2.3354 -8.9083 -1.4242 0.0034 0.0154 0.0750 0.7605 -10.4973 -3.8022 -0.7537 -10.4769 3.9498 4.2586 8.6192 -15.3015 -22.5089 -34.8962 -43.5724 1.8830 1.4966 -57.5134 24.8967 40.2379 38.0006 -17.6568 10.8734 15.9169 -61.3901 1.5630 1.6115 -9.4196 6.6195 16.6659 40.5493 -27.3409 21.6300 -0.7524 -0.1277 98.1937 -0.1394 25.2758 -24.3012 14.0569 7.6566 -16.0079 49.5768 -3.5471 -5.2285 -2.0260 -16.8965 14.8110 0.0295 47.3113 -0.1254 -0.0412 -30.1047 2.1933 1.6863 -1.7871 -2.0181 -1.5752 -37.2000 -12.9001 0.1617 33.8053 0.1536 4.2707 2.0451 1.8367 -1.3991 -1.9836 0.9973
-22.5919 90.7048 -218.1398 0.9494 -2.5464 1.3916 -2.0050 1.2843 -0.3851 -0.7171 -3.9718 -0.0989 -2.0560 11.4996 -2.4726 2.8185 2.3166 1.4663 -0.7219 -3.5443 0.9354 2.2432 -8.1587 -1.7139 0.0037 0.0083 0.0785 0.7603 -10.5043 -3.7935 -0.7537 -10.4865 3.9482 4.1196 8.5243 -15.2292 -21.1073 -34.5656 -44.3326 1.9063 1.5240 -57.1197 24.2815 39.9732 37.3886 -17.4774 10.9132 15.9442 -61.3571 1.5611 1.6333 -9.6974 6.4903 16.5438 40.4011 -27.4966 21.8559 -0.9037 -0.0244 98.3465 0.5918 25.3009 -24.4348 13.9721 7.7193 -16.0406 49.6612 -3.5092 -5.2168 -2.0414 -17.2267 14.6536 0.0272 47.5859 -0.1069 -0.0137 -29.6918 2.5324 1.6869 -1.8255 -2.0147 -1.5323 -36.6590 -12.7042 0.1247 32.5460 0.0826 4.5777 3.0844 1.8327 -1.3992 -1.9515 1.0059
-22.5915 90.6615 -219.1465 0.7715 -2.7887 1.1856 -2.1483 1.2052 -0.3553 -0.7862 -3.9647 -0.0751 -2.2448 11.4552 -2.4303 3.1836 2.5962 1.2333 -0.7832 -3.5678 0.6615 2.1876 -7.4972 -1.9784 0.0043 0.0004 0.0759 0.7639 -10.5164 -3.7932 -0.7562 -10.4955 3.9413 4.0718 8.4437 -15.2267 -19.2953 -34.1377 -45.1055 2.0114 1.5029 -56.6365 23.6193 39.7604 36.8585 -17.2875 10.8943 15.9340 -61.2412 1.5258 1.6878 -10.1347 6.2227 16.3912 40.6243 -28.0139 21.8040 -1.0403 0.1405 98.6075 1.3129 25.4785 -24.5315 13.8975 7.7428 -16.0662 49.7588 -3.4844 -5.2177 -2.0210 -17.8161 14.6905 0.0039 47.9353 -0.1236 0.0638 -29.2495 2.8158 1.6904 -1.8567 -2.0202 -1.3050 -36.2308 -12.5128 0.0962 31.1132 0.0248 4.9366 4.1975 1.8583 -1.3976 -1.9754 1.0234
-22.6000 90.6144 -220.2648 0.5770 -2.8634 0.8329 -2.3117 1.2293 -0.3442 -0.8676 -3.8993 -0.0561 -2.4967 11.4165 -2.4087 3.5219 2.8701 1.0416 -0.8608 -3.5961 0.3199 2.1380 -6.9438 -2.2438 0.0035 -0.0009 0.0565 0.7643 -10.5163 -3.8056 -0.7587 -10.4944 3.9157 4.1478 8.4002 -15.2718 -16.9764 -33.7432 -46.0250 2.1116 1.4545 -55.8619 22.7913 39.5027 36.3614 -17.1737 10.8431 15.9019 -61.0958 1.4632 1.7898 -10.7783 5.7964 16.1768 41.1920 -28.9043 21.6033 -1.2210 0.4740 98.8803 2.0139 25.6159 -24.5194 13.9176 7.6904 -16.0542 49.8779 -3.4466 -5.2270 -2.0040 -18.7063 14.9305 -0.0317 48.3804 -0.1509 0.1840 -28.7851 2.9582 1.6958 -1.8475 -2.0167 -0.9747 -35.9438 -12.1461 0.0762 29.5000 -0.0178 5.4416 5.2196 1.8971 -1.3953 -2.0532 1.0492
-22.6669 90.5375 -221.4446 0.3279 -2.7279 0.3440 -2.4994 1.3385 -0.4101 -0.9964 -3.7514 -0.0901 -2.7343 11.3341 -2.4020 3.9219 3.0243 0.9423 -1.0400 -3.5805 0.0690 2.0537 -6.5650 -2.4042 0.0045 0.0145 0.0409 0.7750 -10.5364 -3.8240 -0.7683 -10.5076 3.9003 4.3448 8.6209 -15.3691 -13.8747 -33.5986 -47.1889 2.0333 1.6938 -54.4937 21.6617 38.7150 35.5536 -17.1642 10.6756 15.6914 -60.8657 1.5064 1.7551 -11.6216 5.2445 15.9863 42.0752 -30.4064 21.0454 -1.3138 0.5840 99.2509 2.5563 25.6827 -24.4889 14.1399 7.3718 -15.8269 49.6480 -3.4521 -5.1702 -1.9722 -19.9578 15.3483 -0.0530 48.8038 -0.1465 0.2588 -28.1132 3.0486 1.6847 -1.9463 -2.0019 -0.5763 -35.7793 -11.3995 0.2106 27.2933 0.1995 6.5622 6.5205 1.5904 -1.4039 -2.6281 1.0670
-22.6706 90.4704 -222.7915 0.0468 -2.3723 -0.6085 -2.6950 1.6106 -0.3889 -1.1203 -3.6425 -0.0846 -2.9908 11.2850 -2.4182 4.0540 3.1501 0.8602 -1.1698 -3.6253 -0.1191 2.0644 -6.3724 -2.6627 0.0059 0.0243 0.0046 0.7807 -10.5365 -3.8530 -0.7721 -10.5012 3.8565 4.7488 8.4587 -15.6101 -11.0052 -33.1672 -47.9180 2.1865 1.5390 -52.8503 20.5675 37.6819 34.3687 -17.0082 10.6599 15.7808 -60.5903 1.4706 1.8170 -12.6493 4.6679 15.8989 43.4519 -32.3314 20.5153 -1.4282 0.8840 99.4444 2.5884 26.2525 -24.3852 14.2336 7.2139 -15.7709 49.5582 -3.4858 -5.1652 -1.9856 -21.6014 15.9591 -0.0512 49.3693 -0.1070 0.2392 -27.3541 3.4051 1.6879 -1.7544 -1.9721 0.0364 -35.7484 -10.4173 0.2389 24.7318 0.1945 7.3173 6.6169 1.6571 -1.3934 -2.8578 1.1319
-22.6967 90.4236 -224.2172 -0.2856 -1.7812 -1.8543 -2.8911 1.9962 -0.4077 -1.2262 -3.4925 -0.0284 -3.2857 11.1931 -2.4984 3.9889 3.0172 0.8890 -1.2093 -3.6292 -0.2454 2.0671 -6.4992 -2.6254 0.0061 0.0370 -0.0247 0.7883 -10.5293 -3.8756 -0.7807 -10.4841 3.8205 5.2621 8.3136 -15.8773 -8.2168 -32.9136 -48.4231 2.4432 1.4356 -51.0192 19.8654 36.5243 33.2906 -16.8227 10.7577 15.9297 -60.4544 1.4744 1.8871 -13.6722 4.1142 15.8341 44.9072 -34.4640 20.2810 -1.5943 1.1158 99.6666 2.2713 27.1298 -24.3540 14.2684 7.0968 -15.7453 49.4801 -3.5241 -5.1444 -2.0199 -23.5540 16.7565 -0.0539 49.8450 -0.0901 0.1833 -26.4447 3.9515 1.6842 -1.5951 -1.9704 0.9390 -35.8693 -9.4311 0.2342 21.6739 0.1496 7.4624 6.2411 1.2712 -1.3862 -3.0686 1.1612
-22.7327 90.4344 -225.8214 -0.6058 -0.9743 -3.3787 -3.1076 2.4452 -0.4173 -1.3296 -3.3321 0.0398 -3.6365 11.1485 -2.5892 3.6952 2.6156 0.9577 -1.1917 -3.6030 -0.1933 2.0620 -6.9005 -2.3773 0.0050 0.0477 -0.0210 0.8010 -10.5282 -3.8688 -0.7972 -10.4738 3.8230 5.8193 8.1514 -16.1883 -5.7413 -33.0832 -48.6049 2.6431 1.3145 -49.1608 19.8155 35.8175 32.6060 -16.7696 10.9015 16.0723 -60.4280 1.4912 1.9995 -14.6518 3.6048 15.7752 46.4523 -36.6811 20.3631 -1.6636 1.3864 99.9533 1.6225 28.0606 -24.3203 14.3249 7.0280 -15.7968 49.4716 -3.5697 -5.1889 -2.1279 -25.7536 17.7789 -0.0564 50.1829 -0.0779 0.1488 -25.3294 4.5028 1.6747 -1.4210 -1.9673 1.9605 -36.1451 -8.3354 0.1882 18.2664 0.0528 7.3263 5.6781 0.5157 -1.3735 -3.2380 1.1661
-22.8594 90.5078 -227.4712 -0.9763 0.0563 -5.1246 -3.3325 2.9020 -0.4584 -1.4317 -3.1352 0.1237 -4.0395 11.1540 -2.6865 3.1881 1.9213 1.1081 -1.1358 -3.5843 -0.0072 2.0187 -7.5506 -1.9605 0.0018 0.0514 0.0152 0.8089 -10.5248 -3.8287 -0.8131 -10.4674 3.8558 6.3876 7.9879 -16.4897 -3.5103 -33.5005 -48.5965 2.8970 1.1939 -47.2343 20.1613 35.5530 32.1882 -16.8205 11.0485 16.1790 -60.4480 1.5397 2.1128 -15.6018 3.1125 15.7489 48.0782 -38.7917 20.8656 -1.6353 1.6254 100.3629 0.5909 29.1001 -24.3270 14.3656 6.9888 -15.8885 49.4636 -3.6205 -5.2817 -2.2547 -28.2298 19.0618 -0.0579 50.3339 -0.0664 0.1423 -23.9788 4.9443 1.6645 -1.2420 -1.9526 3.1124 -36.6989 -7.1959 0.1209 15.2675 -0.0357 6.9641 4.7358 -0.7260 -1.3570 -3.3499 1.1590
-23.0138 90.6507 -229.3070 -1.4558 1.2605 -6.9475 -3.5263 3.3548 -0.5008 -1.5392 -2.9222 0.2250 -4.4660 11.2002 -2.8365 2.5097 0.9663 1.3706 -1.0480 -3.5816 0.2199 1.9045 -8.3269 -1.4198 -0.0029 0.0429 0.0561 0.8137 -10.5395 -3.7849 -0.8282 -10.4803 3.8939 6.9004 7.8359 -16.8739 -1.5837 -34.0662 -48.3703 3.1874 1.0712 -45.2533 20.5576 35.3648 31.5977 -16.9321 11.1459 16.2120 -60.4714 1.6402 2.1389 -16.3886 2.6999 15.7262 49.4849 -40.5582 21.9260 -1.4622 1.6661 100.8854 -0.6798 30.0913 -24.3727 14.4460 6.9382 -15.9401 49.4159 -3.6576 -5.4186 -2.3497 -30.8994 20.5841 -0.0706 50.2263 -0.0613 0.1548 -22.4290 5.2312 1.6570 -1.0779 -1.9296 4.4572 -37.6623 -6.2980 0.0714 13.7280 -0.0950 6.3999 3.7621 -2.1724 -1.3517 -3.3525 1.1309
-23.1462 90.8361 -231.2717 -2.1018 2.6391 -8.6416 -3.6595 3.8069 -0.5111 -1.6572 -2.7088 0.2552 -4.8741 11.2916 -3.0278 1.7216 -0.2170 1.6916 -0.9426 -3.6188 0.4959 1.7257 -9.1274 -0.8459 -0.0064 0.0267 0.0872 0.8182 -10.5904 -3.7603 -0.8404 -10.5264 3.9308 7.3671 7.7024 -17.3978 0.2426 -34.5844 -48.1085 3.3938 0.9549 -43.1404 20.6187 34.9712 30.4866 -17.0234 11.1646 16.2192 -60.3594 1.7572 2.0769 -16.9927 2.4255 15.6748 50.3149 -41.8204 23.6232 -1.2920 1.5353 101.4626 -1.7908 30.8389 -24.3228 14.5646 6.9101 -15.9791 49.4134 -3.6602 -5.5531 -2.4380 -33.7985 22.3062 -0.0870 49.9049 -0.0499 0.2600 -20.7310 5.1956 1.6436 -0.9653 -1.9069 5.8742 -39.0865 -5.5996 0.0494 14.2912 -0.1292 5.5986 2.6368 -3.7678 -1.3546 -3.3290 1.1077
-23.4017 91.0247 -233.4380 -2.9540 4.2248 -10.0018 -3.6730 4.2503 -0.4755 -1.7771 -2.5311 0.2099 -5.2146 11.4379 -3.2568 0.9160 -1.5450 2.0084 -0.8285 -3.6848 0.7885 1.5205 -9.9036 -0.2951 -0.0067 0.0044 0.0913 0.8251 -10.6678 -3.7633 -0.8487 -10.5959 3.9426 7.8304 7.5974 -18.0963 2.0742 -34.9098 -47.8896 3.3859 0.9128 -41.1125 19.7498 33.8799 28.3790 -16.9507 11.1183 16.2195 -60.1003 1.8530 1.9879 -17.2860 2.3733 15.4034 50.0935 -42.5112 26.0424 -1.1529 1.2521 102.0097 -2.3156 30.7911 -24.0970 14.7383 6.9609 -16.0338 49.5799 -3.6037 -5.6280 -2.5226 -37.0327 24.0662 -0.1039 49.4477 -0.0320 0.4628 -18.9617 4.7959 1.6268 -0.9253 -1.9028 7.2368 -41.0459 -5.1390 0.0385 17.4383 -0.1280 4.8826 1.4994 -5.1312 -1.3613 -3.3187 1.0951
-23.6960 91.2213 -235.6265 -3.9886 6.0835 -10.7808 -3.5735 4.6490 -0.4474 -1.8972 -2.3639 0.1087 -5.4319 11.6325 -3.5323 0.2806 -2.9717 2.2843 -0.7766 -3.7487 0.9713 1.3021 -10.8085 0.2199 -0.0015 -0.0185 0.0495 0.8324 -10.7390 -3.8153 -0.8454 -10.6685 3.9083 8.4337 7.5407 -18.9503 3.7057 -35.2453 -47.6497 3.2416 1.0140 -39.6826 18.0022 31.9666 25.4542 -16.8413 11.0310 16.2161 -59.8424 1.8569 1.8639 -17.2252 2.4930 14.9607 48.9832 -42.6387 28.6177 -1.0721 0.9137 102.4722 -2.1154 30.1686 -23.7229 14.9692 7.0497 -16.1330 49.9499 -3.5142 -5.6616 -2.7952 -40.6544 25.8216 -0.1020 48.8094 0.0127 0.7748 -17.0094 4.0348 1.6110 -0.9641 -1.9247 8.4325 -43.4614 -4.9767 0.0387 23.1846 -0.0480 4.5853 -0.1754 -6.0700 -1.3661 -3.3833 1.0844
-24.0902 91.4212 -237.7451 -5.0648 8.2007 -10.9913 -3.4178 4.9548 -0.3704 -1.9579 -2.2315 -0.0146 -5.5144 11.8324 -3.8427 -0.0789 -4.2570 2.4793 -0.8054 -3.7751 1.0346 1.0353 -11.8399 0.6317 0.0078 -0.0249 -0.0111 0.8392 -10.7860 -3.8851 -0.8335 -10.7291 3.8560 9.2453 7.5193 -19.6251 4.5077 -36.2841 -47.3957 3.1105 1.1407 -39.7467 16.4880 30.3958 23.1409 -16.7715 10.9960 16.2110 -59.8258 1.8338 1.6537 -16.8484 2.6711 14.5477 47.4103 -42.3240 30.4472 -0.8752 0.4107 102.8136 -1.5511 29.3926 -23.3311 15.1911 7.0805 -16.2557 50.2179 -3.4799 -5.6639 -3.5252 -44.5086 27.6010 -0.0720 47.9350 0.0883 1.1945 -14.8995 3.0743 1.6029 -1.0856 -1.9688 9.3597 -46.0324 -5.1981 0.0262 31.0418 0.0852 4.7053 -2.8095 -6.5982 -1.3728 -3.3878 1.0833
-24.5516 91.6225 -239.8463 -6.0244 10.3837 -10.7993 -3.2735 5.0972 -0.2669 -1.9272 -2.0905 -0.0690 -5.4511 12.0236 -4.1243 -0.2750 -5.2200 2.6928 -0.8881 -3.7591 0.9859 0.7395 -12.7696 0.9886 0.0257 -0.0189 -0.0588 0.8366 -10.7814 -3.9306 -0.7948 -10.7486 3.8013 10.0409 7.4589 -19.8042 3.9693 -38.5342 -47.1896 2.9592 1.3369 -41.7238 16.2850 30.4815 22.6733 -16.8931 10.9418 16.0946 -60.0115 1.7895 1.4482 -16.2155 2.9853 14.3722 45.5547 -41.6166 31.4809 -0.7427 -0.0724 102.9080 -0.9169 28.7903 -22.9514 15.3767 7.1149 -16.3908 50.3593 -3.4826 -5.6583 -4.8144 -48.1252 29.4757 -0.0251 46.7610 0.1795 1.6556 -12.8173 1.9560 1.6020 -1.3257 -1.9901 9.7874 -47.9991 -5.6895 -0.0409 39.8066 0.1152 5.0046 -6.7323 -6.8265 -1.3848 -3.3607 1.0763
-25.0270 91.7287 -241.7596 -6.6000 12.3144 -10.3210 -3.1972 5.1516 -0.1885 -1.8361 -1.9887 -0.0372 -5.3253 12.1762 -4.2987 -0.3743 -5.7972 2.9323 -0.9843 -3.7085 0.9057 0.4656 -13.5136 1.1851 0.0408 -0.0049 -0.0848 0.8222 -10.7360 -3.9473 -0.7509 -10.7313 3.7638 10.6705 7.3237 -19.5924 1.6129 -41.5013 -46.4742 2.8006 1.5781 -45.2061 17.1448 31.9468 23.7023 -17.1724 10.9100 15.9725 -60.2313 1.7250 1.3184 -15.4846 3.4210 14.4106 43.7083 -40.7143 31.9821 -0.7459 -0.4022 102.5985 -0.2831 28.3093 -22.6226 15.5365 7.1786 -16.4762 50.4241 -3.4830 -5.6664 -6.6867 -51.0033 31.4479 0.0601 45.4001 0.3016 2.0715 -10.8400 0.7417 1.6091 -1.6554 -2.0009 9.2567 -48.7124 -6.2744 -0.1462 48.2345 -0.0206 5.3074 -10.2986 -6.8238 -1.4027 -3.4424 1.0475
-25.4846 91.6896 -243.6126 -6.6658 13.7786 -9.6672 -3.1853 5.1840 -0.1669 -1.7210 -1.9773 0.0508 -5.2108 12.3332 -4.2954 -0.4008 -6.0271 3.1560 -1.1153 -3.6518 0.8519 0.3595 -14.0646 1.1560 0.0454 0.0025 -0.0959 0.8006 -10.7077 -3.9514 -0.7207 -10.7205 3.7446 11.1039 7.1126 -19.1475 -2.6607 -44.4423 -44.7862 2.5882 1.7846 -49.5565 18.6726 34.3117 25.6341 -17.5507 10.8708 15.8290 -60.4286 1.6290 1.2848 -14.6971 4.0390 14.5653 42.0384 -39.9918 32.1506 -0.8582 -0.5268 101.8639 0.2969 28.0184 -22.3889 15.6885 7.2705 -16.5364 50.5059 -3.4603 -5.6300 -9.0307 -52.9829 33.5718 0.1629 44.1225 0.4439 2.3594 -8.9754 -0.4745 1.6180 -1.9545 -2.0157 7.3366 -48.0571 -6.4634 -0.2491 55.9405 -0.2219 5.5932 -12.3859 -6.5485 -1.4166 -3.8193 0.9962
-25.9213 91.4413 -245.2827 -6.2666 14.6667 -8.8510 -3.2069 5.2546 -0.2634 -1.6470 -2.0123 0.1527 -5.0917 12.4575 -4.1154 -0.3384 -6.0139 3.2020 -1.1787 -3.6252 0.9373 0.3894 -14.5207 1.0596 0.0401 0.0041 -0.1065 0.7859 -10.6907 -3.9611 -0.7172 -10.7077 3.7326 11.4069 6.9591 -18.6283 -8.4652 -46.6451 -42.0096 2.4178 1.9215 -54.0383 20.3743 37.0188 27.9555 -17.9423 10.7991 15.6439 -60.6569 1.5210 1.2314 -13.9390 4.6969 14.7797 40.8341 -39.7643 31.9929 -0.8660 -0.4190 100.6163 0.7557 27.6715 -22.1900 15.8415 7.3483 -16.5237 50.5654 -3.4079 -5.5852 -11.6232 -54.1247 35.7831 0.2783 43.1168 0.6250 2.5906 -7.1675 -1.6218 1.6251 -2.0067 -2.0138 4.0821 -45.7827 -5.9229 -0.1434 61.7348 -0.1473 6.0421 -12.8602 -5.5809 -1.4244 -4.7502 0.9906
-26.4072 90.9524 -246.9765 -5.6255 14.9979 -8.1996 -3.3109 5.4043 -0.3366 -1.6201 -2.0952 0.1415 -4.9558 12.5302 -3.7864 -0.2332 -5.9978 3.0997 -1.0097 -3.6233 1.1625 0.3503 -14.9357 1.1855 0.0316 0.0136 -0.1290 0.7890 -10.6621 -3.9864 -0.7390 -10.6767 3.7141 11.5932 6.8564 -18.0640 -14.7421 -48.0748 -38.5880 2.1520 1.9794 -58.1153 21.9605 39.6215 30.3102 -18.1598 10.6817 15.4735 -60.8849 1.4511 1.0663 -13.2453 5.3964 15.1571 40.0420 -40.1722 31.7177 -0.7263 -0.0661 98.8817 0.8516 27.2769 -22.0083 15.9096 7.3903 -16.4762 50.4583 -3.3831 -5.5741 -14.1450 -54.8172 38.0918 0.3260 42.7161 0.7249 2.7620 -5.5398 -2.4438 1.6201 -1.7716 -1.9764 0.4665 -41.8076 -4.9081 0.2592 63.7908 0.4079 7.0418 -12.7450 -3.5569 -1.4627 -7.5018 1.0936
-27.0549 90.3324 -248.6909 -5.0785 14.9626 -8.0731 -3.5430 5.4749 -0.3694 -1.6120 -2.0874 0.0992 -4.6947 12.4863 -3.3217 -0.0107 -6.0944 2.8536 -0.6542 -3.6284 1.5292 0.2221 -15.4162 1.6021 0.0318 0.0436 -0.1631 0.8143 -10.6257 -4.0220 -0.7666 -10.6331 3.6808 11.7778 6.5569 -17.6166 -20.7164 -48.8972 -34.9440 1.8270 1.9551 -61.3904 23.6384 41.5920 32.2615 -18.2915 10.5359 15.3849 -61.1733 1.4185 0.9883 -12.6126 5.9696 15.6569 39.5728 -40.7013 31.6953 -0.6874 0.2164 96.8963 0.5037 27.5826 -21.8655 15.7666 7.3588 -16.3624 50.2174 -3.3423 -5.5991 -16.0597 -55.5575 40.1540 0.2496 42.8563 0.6179 2.7724 -4.1494 -2.7770 1.5815 -1.4159 -1.8907 -1.7834 -36.6771 -4.5936 0.6175 60.0393 1.0383 9.4756 -15.4431 -2.2720 -1.5613 -12.8077 1.3258
-27.7589 89.8958 -250.3316 -4.9940 15.1161 -8.4808 -3.5037 5.2483 -0.4159 -1.6504 -2.1493 0.3010 -4.3592 12.3923 -2.6891 0.3092 -6.1724 2.3367 -0.3866 -3.6472 2.1623 0.2301 -15.9896 2.0661 0.0511 0.0352 -0.1644 0.8302 -10.6467 -4.0266 -0.7451 -10.6476 3.6797 11.7756 6.5604 -17.4318 -25.1142 -49.2415 -32.1883 1.9442 1.7255 -64.2456 25.1527 42.8128 33.4010 -18.4416 10.6250 15.4465 -61.8343 1.3092 1.1849 -11.9366 6.1332 16.1082 39.7138 -41.0196 31.4118 -0.3721 0.0276 95.1663 -0.7400 29.2141 -22.1883 15.5748 7.5517 -16.4732 50.4800 -3.3395 -5.4122 -16.9242 -56.9172 41.1850 0.2232 42.9145 0.5721 2.7367 -2.7453 -2.6963 1.5855 -1.6402 -1.8804 -1.5136 -32.3014 -5.3337 0.5424 52.0942 0.7993 12.5601 -25.4903 -5.0154 -1.5135 -7.0762 1.3591
-28.4342 89.5844 -252.3910 -5.7267 15.4600 -9.7818 -2.8479 4.9735 -0.1453 -1.6580 -2.1286 0.5996 -4.1383 12.1952 -2.3122 0.5448 -6.8907 2.2774 -0.2018 -3.6941 2.6987 0.4892 -16.6046 2.3574 0.0465 0.0213 -0.1427 0.7834 -10.5622 -3.9963 -0.7066 -10.5636 3.6972 11.5424 6.0099 -17.1898 -28.6344 -49.8674 -29.5776 1.6201 1.9046 -66.6259 26.6286 43.9396 34.2297 -18.3386 10.8302 15.6131 -61.9462 1.2760 1.4038 -11.1765 6.1075 16.8379 39.1181 -41.0919 31.8042 -0.2942 -0.0922 94.1093 -1.2919 30.2594 -22.6579 15.6093 7.5763 -16.6121 50.6760 -3.3134 -5.3666 -16.0803 -58.8898 40.7631 0.1504 42.1899 0.4995 2.5698 -1.1223 -1.3329 1.6165 -2.0177 -1.9437 0.5408 -31.5108 -4.7292 0.2329 47.7595 0.6285 11.5707 -30.6713 -8.3248 -1.4462 -2.1818 1.2805
-28.9341 89.6082 -254.7372 -6.9758 15.6309 -11.6369 -2.3181 4.8494 0.1601 -1.5127 -2.0396 0.6749 -3.4535 12.3944 -2.1117 0.4414 -7.9583 2.4981 0.1003 -3.7275 3.3036 0.5448 -17.5469 2.9114 0.0530 -0.0017 -0.1110 0.8045 -10.5715 -3.9737 -0.7135 -10.5796 3.7364 11.0494 5.7994 -16.8398 -31.8958 -51.8623 -26.1721 0.8004 1.8126 -68.7072 29.0809 45.2204 35.4000 -18.2548 10.7976 15.7349 -61.6161 1.2921 1.7511 -10.8954 6.0781 17.6034 38.3847 -41.2274 32.3408 -0.1207 -0.1238 94.1192 -1.1592 30.4594 -23.3978 15.7350 7.6040 -16.7690 50.7846 -3.4457 -5.3732 -13.7539 -60.5746 39.3122 0.1584 40.4220 0.4702 1.9052 1.0231 0.2800 1.6279 -2.3087 -1.9582 2.3582 -34.1526 -2.9276 0.1061 48.8411 0.4154 10.0894 -30.1576 -8.8736 -1.4158 -1.8981 1.2892
-29.5007 89.6694 -256.9771 -7.4259 15.3241 -12.6234 -2.2049 4.8020 0.1882 -1.4506 -2.0089 0.4496 -3.1230 12.6114 -2.1716 0.8198 -8.1126 2.4737 0.2941 -3.7499 3.7974 0.5984 -18.1666 3.4850 0.0497 -0.0089 -0.0752 0.8034 -10.6013 -3.9402 -0.7179 -10.5957 3.7767 11.0255 5.9777 -16.9264 -35.1439 -53.0686 -22.6687 0.4584 1.5457 -69.6873 30.5338 46.0087 35.9764 -18.1574 10.7552 15.7055 -61.4419 1.4192 1.7854 -10.7893 5.9435 17.7201 38.9335 -41.0455 32.6176 -0.0828 -0.0435 94.5046 -0.3108 30.9045 -23.8067 15.7895 7.6063 -16.8253 50.7811 -3.4943 -5.5216 -11.7942 -60.7777 37.8359 0.0750 38.0198 0.3540 1.4362 3.2524 1.0600 1.6200 -2.4695 -1.9851 3.2688 -35.7568 -2.0336 0.1641 49.5175 0.3440 9.2090 -29.4425 -8.8600 -1.4127 -1.8900 1.2542
-30.0408 89.6984 -258.8465 -7.5707 14.7399 -12.9774 -2.1162 4.7384 0.1003 -1.4490 -1.9848 0.1734 -2.9491 12.7252 -2.3465 1.3414 -7.7437 2.3318 0.4204 -3.7543 4.0764 0.6594 -18.5029 3.9852 0.0430 0.0040 -0.0453 0.7880 -10.6096 -3.9124 -0.7155 -10.5990 3.8111 10.8363 6.2941 -17.3334 -37.2476 -53.5991 -20.1142 0.2515 1.4809 -69.7513 30.8975 46.4143 35.9648 -17.9788 10.6798 15.6353 -61.2368 1.4640 1.8029 -10.5209 5.8491 17.4507 39.6288 -40.6550 32.9833 -0.1661 -0.0131 95.0256 0.4087 31.5167 -24.3226 15.8579 7.6283 -16.8220 50.8207 -3.5001 -5.6308 -10.1050 -60.3709 36.4462 0.0158 35.6762 0.3046 0.9554 5.2201 1.2507 1.6117 -2.5498 -2.0002 3.9491 -36.4626 -1.6079 0.1784 49.7708 0.2973 8.5533 -29.0820 -8.8660 -1.4160 -1.8700 1.2134
-30.5793 89.7131 -260.4945 -7.5745 14.0101 -13.1148 -2.0102 4.6501 0.0502 -1.4343 -2.0117 -0.1055 -2.8018 12.8232 -2.5053 1.7443 -7.2039 2.1503 0.5385 -3.7434 4.3047 0.6555 -18.7041 4.3189 0.0375 0.0193 -0.0260 0.7779 -10.6324 -3.8958 -0.7164 -10.6227 3.8361 10.4214 6.5735 -17.8347 -38.4378 -53.9056 -18.3547 0.1168 1.4760 -69.4008 30.8752 46.5923 35.6838 -17.7139 10.6602 15.6126 -61.0843 1.4763 1.7930 -10.2057 5.8186 17.0811 40.0449 -40.2941 33.3739 -0.1843 -0.1508 95.5600 0.6560 32.0504 -24.9171 15.9084 7.6399 -16.7945 50.8624 -3.5106 -5.6550 -8.5518 -59.6819 35.1271 -0.0549 33.5436 0.2615 0.4702 6.8786 1.2894 1.6050 -2.5799 -2.0181 4.4780 -36.7959 -1.1958 0.1670 49.9845 0.2747 8.0198 -28.8926 -8.9960 -1.4197 -1.8619 1.1965
-31.0875 89.6920 -261.9614 -7.5412 13.1683 -13.2101 -1.8540 4.5061 0.0257 -1.4151 -2.0353 -0.3143 -2.6093 12.8751 -2.6209 1.9867 -6.5811 1.9899 0.6280 -3.7453 4.4918 0.6279 -18.8089 4.5369 0.0338 0.0262 -0.0269 0.7689 -10.6387 -3.8967 -0.7148 -10.6327 3.8365 9.9300 6.7460 -18.2888 -39.4618 -54.1139 -16.8053 0.0984 1.5488 -68.9846 30.9847 46.7319 35.4534 -17.5374 10.7027 15.6687 -60.9911 1.4763 1.8548 -9.9295 5.7684 16.8140 40.2296 -39.9177 33.8806 -0.3119 -0.2449 95.9270 0.7387 32.5932 -25.4589 15.8668 7.6381 -16.8105 50.8774 -3.5340 -5.6787 -6.9794 -58.8471 33.7614 -0.1056 31.6266 0.2281 0.0337 8.3309 1.3920 1.6015 -2.5756 -2.0237 4.8966 -36.9713 -0.6427 0.1527 50.2562 0.2603 7.5479 -28.6967 -9.2734 -1.4206 -1.8509 1.1857
-31.5248 89.6237 -263.3391 -7.4575 12.2893 -13.2908 -1.6841 4.3164 0.0968 -1.3658 -2.0974 -0.5116 -2.3979 12.9101 -2.6940 2.1101 -5.8925 1.8872 0.6794 -3.7528 4.6698 0.5867 -18.8373 4.6369 0.0303 0.0281 -0.0339 0.7596 -10.6334 -3.9010 -0.7125 -10.6284 3.8285 9.4198 6.8016 -18.6700 -40.3572 -54.1743 -15.4842 0.2404 1.6220 -68.6080 31.3096 46.9137 35.5246 -17.4045 10.7826 15.7846 -60.8887 1.4881 1.9453 -9.6810 5.6692 16.7038 40.2011 -39.5463 34.4675 -0.4927 -0.3522 96.0564 0.6947 33.2900 -26.0093 15.7664 7.6336 -16.7907 50.8658 -3.5385 -5.6887 -5.4619 -57.9644 32.4106 -0.1584 29.9053 0.1896 -0.3592 9.6167 1.5746 1.5984 -2.5389 -2.0132 5.1840 -37.1298 0.1146 0.1209 50.6928 0.2067 7.1282 -28.5114 -9.6806 -1.4204 -1.8610 1.1954
-31.9122 89.5577 -264.5664 -7.3112 11.3612 -13.2638 -1.4779 4.0893 0.1925 -1.2894 -2.1984 -0.6801 -2.1445 12.9348 -2.7110 2.1595 -5.1075 1.8063 0.6627 -3.7446 4.7987 0.5330 -18.8101 4.6568 0.0266 0.0277 -0.0384 0.7507 -10.6250 -3.9008 -0.7107 -10.6172 3.8210 8.8831 6.7895 -18.9296 -41.2375 -54.1767 -14.3791 0.4219 1.6672 -68.2391 31.9417 47.2657 35.9992 -17.2377 10.8713 15.8778 -60.7323 1.4999 2.0303 -9.3994 5.6326 16.6964 39.7919 -39.2070 35.2587 -0.7779 -0.4236 95.8658 0.5537 34.0902 -26.5265 15.6573 7.6347 -16.7692 50.8478 -3.5359 -5.6889 -4.0142 -57.0294 30.9974 -0.2161 28.4062 0.1279 -0.6556 10.6813 1.8915 1.5948 -2.5079 -2.0035 5.3699 -37.2197 0.8980 0.0899 51.2332 0.1519 6.7317 -28.3746 -10.1225 -1.4216 -1.8913 1.1994
-32.2948 89.4559 -265.7037 -7.1010 10.3329 -13.1193 -1.2202 3.8451 0.2566 -1.1980 -2.3121 -0.8043 -1.8398 12.9170 -2.6770 2.1429 -4.1639 1.7740 0.6028 -3.7340 4.7839 0.4565 -18.7023 4.6121 0.0227 0.0250 -0.0294 0.7428 -10.5963 -3.8841 -0.7103 -10.5824 3.8235 8.2579 6.7772 -19.0195 -42.1918 -54.0538 -13.4963 0.6461 1.7306 -67.8927 32.9380 47.8256 36.9665 -17.1000 10.9344 15.9390 -60.5272 1.4451 2.0814 -9.0590 5.6558 16.8125 39.1522 -38.9069 36.0936 -1.0241 -0.3969 95.3611 0.3676 35.0876 -27.0361 15.5039 7.6511 -16.7042 50.8023 -3.5275 -5.6387 -2.6126 -55.9939 29.4843 -0.2469 27.1301 0.0880 -0.8308 11.4953 2.3286 1.5940 -2.4294 -1.9863 5.4478 -37.1568 1.6727 0.0786 51.7959 0.1170 6.4211 -28.3157 -10.5937 -1.4249 -1.9173 1.1978
-32.6292 89.3374 -266.7792 -6.7856 9.1909 -12.8798 -0.9157 3.6195 0.2931 -1.0795 -2.4609 -0.8994 -1.5270 12.8592 -2.5892 2.0204 -3.0432 1.8223 0.5401 -3.7219 4.7167 0.3246 -18.4783 4.4639 0.0175 0.0226 -0.0084 0.7330 -10.5607 -3.8494 -0.7105 -10.5363 3.8321 7.4753 6.8589 -18.8135 -43.2472 -53.8091 -12.9190 0.7898 1.7142 -67.6975 34.4007 48.4223 38.4121 -17.0274 11.0061 15.9690 -60.4085 1.3509 2.1262 -8.5283 5.8328 17.0866 38.2553 -38.5950 36.8034 -1.1161 -0.4074 94.6503 -0.2306 36.3314 -27.5853 15.3451 7.6897 -16.6082 50.7022 -3.5207 -5.5894 -1.2204 -54.8227 27.8407 -0.3053 26.3167 0.0316 -0.8672 11.9100 2.8638 1.6018 -2.3173 -1.9836 5.3462 -36.8709 2.3595 0.1068 52.3503 0.1459 6.1722 -28.4057 -10.8511 -1.4257 -1.8621 1.2102
-32.9176 89.2769 -267.8387 -6.3684 7.9633 -12.7039 -0.5908 3.4057 0.2695 -0.9807 -2.6435 -0.7403 -1.1432 12.8664 -2.4499 1.8708 -2.0055 2.0785 0.2310 -3.6707 4.3160 0.2083 -17.9841 4.2331 0.0132 -0.0114 -0.0213 0.7264 -10.5491 -3.8507 -0.7110 -10.5110 3.8084 6.5491 6.8635 -18.3948 -44.3231 -52.9935 -12.6538 0.8736 1.5514 -68.0853 36.5210 49.1062 40.3234 -17.1869 11.2303 16.0960 -60.7586 1.4128 2.2094 -7.9058 5.9989 17.4850 37.7960 -38.6030 36.6295 -0.6957 -0.4669 94.0273 -0.7760 37.7573 -27.9853 15.0739 7.5821 -16.3993 50.2998 -3.5261 -5.6180 0.6153 -53.5861 25.4231 -0.3163 25.8921 -0.0006 -1.2029 11.9866 3.1355 1.6565 -2.2683 -1.9960 5.0917 -36.4426 2.9199 0.0950 52.9535 0.1782 5.9748 -28.8151 -10.7534 -1.4186 -1.7301 1.2893
-33.1645 89.1231 -268.8309 -5.8250 6.6495 -12.6612 -0.2260 3.0850 0.2595 -0.8604 -2.7997 -0.6926 -0.7547 12.8192 -2.1198 1.5380 -0.8331 2.3414 0.1476 -3.6373 3.9582 -0.1054 -17.3822 3.8943 0.0076 0.0002 -0.0227 0.7200 -10.5205 -3.8437 -0.7163 -10.4726 3.7961 5.4665 7.0165 -17.6757 -45.1826 -51.6751 -12.7294 0.9124 1.5226 -68.9306 38.9805 50.1076 43.1958 -17.4590 11.1296 15.9467 -60.8864 1.3759 2.2900 -7.1645 6.2746 17.9981 37.0950 -38.0510 36.6637 -0.7989 -0.1894 93.4899 -1.2200 39.1567 -27.9906 14.7484 7.6351 -16.3995 50.1625 -3.5283 -5.8168 2.5984 -52.4852 22.9829 -0.3927 27.1903 -0.1141 -1.6496 10.4700 3.7100 1.6424 -2.4724 -1.9998 4.5744 -35.7494 3.3465 0.1703 53.3836 0.2896 5.9505 -29.1760 -10.2821 -1.4196 -1.6151 1.2875
-33.3065 88.9304 -269.6488 -5.3320 5.4945 -12.6828 0.0880 2.7009 0.2062 -0.7179 -2.9518 -0.6265 -0.3517 12.8714 -1.8986 1.1074 0.0073 2.5282 0.1243 -3.5990 3.5840 -0.4780 -16.7670 3.7624 0.0018 0.0099 -0.0705 0.7202 -10.5125 -3.8889 -0.7285 -10.4697 3.7419 4.5509 7.2021 -16.7782 -45.7782 -50.0111 -12.8349 1.0102 1.6528 -70.3138 40.8542 50.6058 45.8597 -17.9230 10.9172 15.7241 -61.0972 1.2020 2.2227 -6.5266 6.3458 18.4233 36.6701 -37.1185 36.7469 -1.2798 0.2752 93.2585 -1.4502 40.2167 -27.9415 14.4257 7.7434 -16.5196 50.1799 -3.5537 -6.0850 4.4848 -51.8135 20.8223 -0.4474 30.1000 -0.2281 -1.8304 8.1914 4.6545 1.6497 -2.6408 -1.9940 4.1854 -35.1712 3.4227 0.2144 53.7635 0.4154 5.8408 -29.3634 -9.6531 -1.4188 -1.7183 1.2700
