HIERARCHY
ROOT Hips
{
	OFFSET 0.0000 0.0000 0.0000
	CHANNELS 6 Xposition Yposition Zposition Zrotation Xrotation Yrotation
	JOINT Spine1
	{
		OFFSET -0.0137 5.0038 -0.0537
		CHANNELS 3 Zrotation Xrotation Yrotation
		JOINT Spine2
		{
			OFFSET -0.0000 7.1253 -0.0298
			CHANNELS 3 Zrotation Xrotation Yrotation
			JOINT Chest
			{
				OFFSET -0.0000 7.5501 -0.8160
				CHANNELS 3 Zrotation Xrotation Yrotation
				JOINT Neck1
				{
					OFFSET -0.1817 26.3113 -0.5533
					CHANNELS 3 Zrotation Xrotation Yrotation
					JOINT Neck2
					{
						OFFSET -0.0000 7.7094 2.3026
						CHANNELS 3 Zrotation Xrotation Yrotation
						JOINT Head
						{
							OFFSET -0.0000 6.1289 1.9537
							CHANNELS 3 Zrotation Xrotation Yrotation
							JOINT Jaw
							{
								OFFSET 0.0026 0.4756 3.0949
								CHANNELS 3 Zrotation Xrotation Yrotation
								End Site
								{
									OFFSET 0.0 1.0 0.0
								}
							}
							JOINT LeftEye
							{
								OFFSET 3.2064 5.3802 7.5869
								CHANNELS 3 Zrotation Xrotation Yrotation
								End Site
								{
									OFFSET 0.0 1.0 0.0
								}
							}
							JOINT RightEye
							{
								OFFSET -3.2224 5.3619 7.5582
								CHANNELS 3 Zrotation Xrotation Yrotation
								End Site
								{
									OFFSET 0.0 1.0 0.0
								}
							}
						}
					}
				}
				JOINT LeftShoulder
				{
					OFFSET 1.6217 23.2372 5.1134
					CHANNELS 3 Zrotation Xrotation Yrotation
					JOINT LeftArm
					{
						OFFSET 14.9198 0.0000 -5.5023
						CHANNELS 3 Zrotation Xrotation Yrotation
						JOINT LeftForeArm
						{
							OFFSET 28.7393 0.0000 -0.0026
							CHANNELS 3 Zrotation Xrotation Yrotation
							JOINT LeftHand
							{
								OFFSET 27.0940 -0.0000 0.0026
								CHANNELS 3 Zrotation Xrotation Yrotation
								JOINT LeftHandThumbEnd
								{
									OFFSET 12.2686 -3.2202 4.8331
									CHANNELS 3 Zrotation Xrotation Yrotation
									End Site
									{
										OFFSET 0.0 1.0 0.0
									}
								}
								JOINT LeftHandMiddleEnd
								{
									OFFSET 19.0120 -0.3129 -0.0340
									CHANNELS 3 Zrotation Xrotation Yrotation
									End Site
									{
										OFFSET 0.0 1.0 0.0
									}
								}
							}
						}
					}
				}
				JOINT RightShoulder
				{
					OFFSET -1.3801 23.1803 5.2142
					CHANNELS 3 Zrotation Xrotation Yrotation
					JOINT RightArm
					{
						OFFSET -15.0372 0.0000 -5.5456
						CHANNELS 3 Zrotation Xrotation Yrotation
						JOINT RightForeArm
						{
							OFFSET -28.7366 0.0000 -0.0026
							CHANNELS 3 Zrotation Xrotation Yrotation
							JOINT RightHand
							{
								OFFSET -27.1336 -0.0000 0.0026
								CHANNELS 3 Zrotation Xrotation Yrotation
								JOINT RightHandThumbEnd
								{
									OFFSET -12.2642 -3.2115 4.8040
									CHANNELS 3 Zrotation Xrotation Yrotation
									End Site
									{
										OFFSET 0.0 1.0 0.0
									}
								}
								JOINT RightHandMiddleEnd
								{
									OFFSET -19.0006 -0.3066 -0.0316
									CHANNELS 3 Zrotation Xrotation Yrotation
									End Site
									{
										OFFSET 0.0 1.0 0.0
									}
								}
							}
						}
					}
				}
			}
		}
	}
	JOINT LeftLeg
	{
		OFFSET 10.0432 -8.4345 2.5957
		CHANNELS 3 Zrotation Xrotation Yrotation
		JOINT LeftShin
		{
			OFFSET -0.0000 -43.2218 -0.8029
			CHANNELS 3 Zrotation Xrotation Yrotation
			JOINT LeftFoot
			{
				OFFSET 0.0000 -42.1551 -3.4815
				CHANNELS 3 Zrotation Xrotation Yrotation
				JOINT LeftToeBase
				{
					OFFSET 0.0000 -5.0595 13.2315
					CHANNELS 3 Zrotation Xrotation Yrotation
					End Site
					{
						OFFSET 0.0 1.0 0.0
					}
				}
			}
		}
	}
	JOINT RightLeg
	{
		OFFSET -10.0473 -8.2953 2.6203
		CHANNELS 3 Zrotation Xrotation Yrotation
		JOINT RightShin
		{
			OFFSET 0.0000 -43.3622 -0.8056
			CHANNELS 3 Zrotation Xrotation Yrotation
			JOINT RightFoot
			{
				OFFSET 0.0000 -42.1174 -3.4784
				CHANNELS 3 Zrotation Xrotation Yrotation
				JOINT RightToeBase
				{
					OFFSET -0.0000 -5.0796 13.2842
					CHANNELS 3 Zrotation Xrotation Yrotation
					End Site
					{
						OFFSET 0.0 1.0 0.0
					}
				}
			}
		}
	}
}
MOTION
Frames: 240
Frame Time: 0.033333
-4.5445 91.8568 3.4900 5.5027 -9.5009 -0.3447 -0.1009 2.5117 -0.0479 -0.6208 -3.6435 0.4402 -4.3361 16.3863 -3.7484 0.6501 42.7309 3.2658 -0.6415 -3.6578 0.5989 1.1607 -7.3742 -0.7717 -0.1431 -0.0001 0.2031 0.4818 -10.3341 -3.5660 -0.7682 -10.3611 4.0419 -8.4960 14.3194 -7.8055 -61.4228 -33.6365 -11.0952 -0.2308 0.1966 -140.1307 -5.3643 25.1845 16.0474 -15.5845 9.1218 15.3224 -60.0758 1.1484 2.8614 -1.9135 17.4218 8.8887 72.1812 -34.0973 2.7388 0.0385 0.1128 95.8458 -59.7639 51.8507 -129.1561 15.3284 8.3469 -14.9364 51.4563 -3.2457 -4.7290 10.1192 -16.2336 -8.8551 -0.9069 57.7355 -1.8849 -19.5648 -6.3137 -8.2082 1.7598 -6.4778 -2.0238 -14.9003 -18.9788 -3.8416 0.2106 42.8875 0.5579 10.8278 -14.2592 -15.6789 -1.4483 0.3943 1.0544
-3.6226 91.7189 2.5905 5.0186 -9.6891 0.0302 -0.3716 2.2999 -0.1716 -0.6986 -3.7166 0.1792 -4.5591 16.1478 -4.1223 0.5032 41.0870 3.3831 -0.5361 -3.6159 0.4976 1.4892 -7.0840 -1.0215 -0.1785 -0.0057 0.2444 0.4714 -10.2485 -3.5245 -0.8281 -10.2463 4.0921 -8.2128 14.3118 -8.5955 -60.5468 -31.8324 -13.7645 -0.7260 0.1649 -137.8774 -5.5659 26.0403 16.5748 -15.7762 9.1696 15.2789 -60.3255 1.1831 2.7522 -1.6480 17.2218 8.3281 71.3591 -34.6668 2.2945 -0.0084 0.0123 97.0401 -57.0308 51.7678 -125.7431 15.2533 8.3474 -15.0339 51.8421 -3.2780 -4.6744 10.1169 -13.3149 -8.9243 -0.8403 58.2281 -1.8197 -18.7020 -6.9780 -7.8199 1.8126 -6.9540 -2.0461 -15.0047 -19.0907 -3.1848 0.2029 42.7250 0.5973 11.7236 -13.3007 -16.2297 -1.4535 0.4854 0.9821
-2.4967 91.4220 1.5895 4.5203 -9.6523 0.5673 -0.6724 2.0995 -0.2968 -0.7729 -3.8445 -0.1578 -4.8378 15.9310 -4.4947 0.5715 38.9198 3.5330 -0.5382 -3.5566 0.0567 1.6369 -6.5880 -1.2745 -0.1900 -0.0058 0.2705 0.4865 -10.1710 -3.4969 -0.8666 -10.1624 4.1180 -8.1122 14.3112 -9.6247 -59.2858 -29.2429 -16.7425 -1.1160 0.1121 -134.8931 -6.2070 27.4663 17.1361 -15.8308 9.3221 15.2942 -60.5094 1.3366 2.6966 -1.2540 17.0246 7.6361 70.1564 -35.2275 1.9289 0.2806 -0.1902 98.3336 -52.6043 51.2393 -118.9225 15.2989 8.1091 -15.0464 52.0402 -3.3103 -4.6635 9.9402 -10.3782 -8.5787 -0.6829 56.5818 -1.6587 -17.5732 -7.7417 -6.3433 1.8737 -8.5275 -2.1046 -15.2381 -19.7608 -2.7274 0.2252 42.9453 0.6479 12.4188 -12.4162 -16.3828 -1.4599 0.7059 0.9590
-1.2739 90.9849 0.4813 4.0091 -9.4444 1.2006 -0.9240 1.9809 -0.4222 -0.8391 -3.9286 -0.4719 -5.2071 15.7481 -4.8430 0.7776 36.6198 3.6232 -0.6229 -3.5094 -0.4593 1.8140 -6.1671 -1.6601 -0.1650 -0.0007 0.2549 0.5367 -10.1082 -3.5118 -0.8658 -10.1075 4.0877 -8.6058 14.2645 -10.6076 -56.9660 -26.4776 -20.2900 -1.2930 0.0568 -131.5008 -6.6900 28.5864 17.2695 -15.6494 9.5574 15.3339 -60.5379 1.4934 2.5988 -0.9343 16.9297 6.8502 68.5037 -35.8596 2.0548 0.5442 -0.3204 99.4666 -48.2189 51.0463 -111.5805 15.4067 7.8342 -15.0173 52.0529 -3.3157 -4.6732 9.7510 -7.8248 -7.6669 -0.4949 53.4944 -1.4512 -16.4633 -10.7916 -3.9101 1.9137 -10.1522 -2.1545 -15.5758 -20.8062 -2.3563 0.2557 43.2980 0.7206 12.9176 -11.6673 -16.3690 -1.4618 0.9220 0.9577
-0.0374 90.4804 -0.7297 3.5253 -9.2599 1.9700 -1.1540 2.0341 -0.4975 -0.9169 -3.9686 -0.7595 -5.7395 15.6672 -5.1697 1.1100 34.5424 3.5459 -0.7364 -3.5043 -1.0181 2.1730 -5.6920 -2.1648 -0.1309 -0.0033 0.2201 0.5971 -10.0679 -3.5492 -0.8572 -10.0790 4.0402 -9.6223 14.0463 -11.5938 -53.6233 -23.4660 -24.2177 -1.1621 -0.0556 -127.7548 -7.0092 28.7203 17.0783 -15.3949 9.8659 15.3903 -60.4299 1.5935 2.4949 -0.8439 16.8447 5.9954 66.3566 -36.3197 2.7748 0.6472 -0.3367 100.3640 -42.6797 51.4545 -103.3978 15.5921 7.4976 -15.0020 51.9674 -3.3044 -4.6535 9.4501 -5.6560 -6.3483 -0.2944 49.5237 -1.2023 -15.8755 -16.7954 -1.2704 1.8793 -8.8851 -2.1266 -16.0711 -21.9738 -2.0271 0.2902 43.6873 0.7995 13.2755 -10.9290 -16.2782 -1.4603 0.9204 1.0019
1.1933 90.0800 -2.2189 3.1800 -9.1782 2.7379 -1.4205 2.1576 -0.4894 -0.9864 -3.9103 -0.9778 -6.4981 15.8363 -5.4522 1.2943 33.0341 3.2671 -0.8035 -3.5511 -1.3053 2.8151 -4.8749 -2.6640 -0.1046 0.0030 0.1957 0.6232 -10.0870 -3.5755 -0.8325 -10.0983 4.0038 -11.0864 13.5926 -12.4359 -49.6679 -20.2761 -27.8278 -0.8097 -0.1150 -123.7112 -7.4846 27.2373 16.2569 -15.1123 10.0983 15.4728 -60.1738 1.5487 2.5145 -1.0608 16.8047 5.3496 63.9556 -36.5268 3.8379 0.5875 -0.1673 100.8366 -35.2303 51.9606 -93.8809 16.0315 7.3297 -15.1684 52.1045 -3.2899 -4.6886 9.0265 -4.2804 -5.0050 -0.2128 45.5971 -0.9907 -15.9560 -22.6563 0.4019 1.7995 -5.4590 -1.9930 -16.7883 -23.0682 -1.8247 0.3192 43.8505 0.8377 13.4068 -9.8406 -15.8125 -1.4570 0.6433 1.0367
2.4047 89.8214 -3.8901 3.2010 -9.2276 3.2937 -1.8372 2.4881 -0.4290 -1.0616 -3.7325 -0.8691 -7.5040 16.1226 -5.6188 1.5344 32.2959 3.0211 -0.8911 -3.5820 -1.5950 3.4938 -4.0587 -2.8977 -0.0495 -0.0185 0.1044 0.6819 -10.1528 -3.6834 -0.7800 -10.1682 3.9070 -12.9738 13.0409 -13.2178 -45.3580 -16.9960 -30.5057 -0.6344 -0.2318 -119.3815 -7.9921 24.1057 15.4499 -14.9677 10.3069 15.5779 -60.1347 1.6069 2.5162 -1.5684 16.8269 4.7999 61.2829 -36.2003 5.4785 0.2876 -0.1910 101.0728 -27.0113 52.0552 -83.9402 16.3486 7.1527 -15.4112 52.2005 -3.2986 -4.8536 8.1393 -3.9793 -4.1090 -0.1042 42.9436 -0.6750 -15.5435 -26.3818 1.2041 1.7541 -2.1566 -1.8812 -17.8505 -23.9803 -1.6808 0.3797 43.4792 0.9274 13.4947 -8.3092 -14.9649 -1.4453 0.2885 1.1144
3.5296 89.7881 -5.7968 3.5029 -9.3005 3.2211 -2.2542 2.9394 -0.2721 -1.1422 -3.5453 -0.5138 -8.7444 16.6324 -5.3473 1.5184 32.3714 3.0152 -0.9226 -3.6686 -1.6892 4.0826 -3.2688 -2.7512 -0.0073 -0.0395 0.0262 0.7168 -10.2773 -3.7923 -0.7306 -10.3006 3.8443 -14.8063 12.4667 -13.7939 -41.5085 -14.2131 -31.5459 -0.6963 -0.4299 -115.0470 -8.2251 21.4536 15.1771 -15.0210 10.3371 15.5180 -60.1088 1.7414 2.5191 -2.5482 16.7366 4.4448 59.5330 -35.4775 6.7348 0.0848 -0.1905 101.0759 -18.6388 51.7838 -74.0148 16.6461 7.0054 -15.6404 52.2934 -3.3395 -5.0605 7.0129 -4.8535 -3.2706 -0.0777 42.2034 -0.5549 -14.6691 -27.6639 1.1847 1.6972 -0.9735 -1.8734 -18.9830 -24.6976 -1.1595 0.4497 42.2672 1.0060 13.3986 -6.2632 -13.8858 -1.4342 0.0011 1.1268
4.4961 90.0161 -7.8252 3.4217 -9.2639 2.3893 -2.2924 3.4097 -0.1097 -1.1589 -3.3512 0.0940 -9.9034 17.1140 -4.8500 0.9559 32.9483 3.5641 -0.9844 -3.6333 -1.3488 4.4370 -2.6445 -2.4151 -0.0008 -0.0540 0.0043 0.7154 -10.3674 -3.8250 -0.7181 -10.3851 3.8304 -16.0634 11.7351 -13.7243 -38.9587 -12.1290 -30.6373 -0.6948 -0.4383 -111.7098 -7.8233 19.9711 15.7367 -14.9008 10.3510 15.5442 -60.0218 1.9398 2.5097 -4.0648 16.5439 4.4745 58.9375 -34.6137 7.8152 -0.0300 -0.1161 100.7238 -11.4279 50.7390 -65.6343 16.7537 6.9015 -15.7507 52.0889 -3.3541 -5.2564 6.5759 -6.5103 -2.3296 -0.1306 42.8324 -0.5341 -13.8538 -27.2220 0.9438 1.6727 -0.6865 -1.8463 -19.2026 -24.9900 -0.6636 0.4370 39.5924 1.0319 13.3414 -3.5328 -12.6609 -1.4227 -0.2843 1.2071
5.3504 90.3789 -9.8757 2.9120 -9.2010 0.4674 -2.1410 3.9078 0.0408 -1.1384 -3.1458 0.7853 -10.5215 17.3238 -4.0690 -0.7945 33.8031 4.6509 -0.9725 -3.5918 -0.7349 4.4291 -2.1910 -1.6641 -0.0350 -0.0527 0.0251 0.6912 -10.4367 -3.8098 -0.7665 -10.4334 3.8695 -16.5710 11.3126 -12.9671 -37.9690 -11.2818 -27.5854 -0.6502 -0.4629 -110.0940 -6.9397 19.7806 17.4870 -14.7404 10.3966 15.5427 -60.1367 2.0458 2.5058 -5.9996 16.2475 4.9595 58.5100 -33.7418 10.0051 -0.3734 0.1003 99.8067 -6.1240 51.0988 -60.4075 16.6879 6.8329 -15.7341 51.7925 -3.3646 -5.2946 6.8367 -7.7325 -0.8235 -0.2457 43.0182 -0.6504 -13.3520 -26.3206 1.1163 1.6704 -0.5180 -1.8452 -18.3617 -24.9094 -0.4757 0.3793 35.5697 0.9597 13.4717 -0.4416 -10.7293 -1.4118 -0.4717 1.2795
6.0326 90.8092 -11.8623 2.1755 -9.2031 -2.4602 -1.9830 4.3892 0.2127 -1.1919 -2.8950 1.4091 -10.7163 17.3243 -3.0768 -2.9342 34.3295 6.0244 -1.0030 -3.4973 0.1984 4.2914 -2.0249 -0.8316 -0.1021 -0.0255 0.0726 0.6627 -10.4993 -3.7722 -0.8753 -10.4579 3.9469 -16.1213 11.2730 -11.9292 -38.1405 -11.5213 -22.6032 -0.7638 -0.5499 -110.2222 -5.4155 19.7859 19.9987 -14.8509 10.5044 15.5282 -60.3342 2.0178 2.4832 -7.4744 15.6871 5.7123 57.1337 -33.4717 13.7657 -0.6818 0.5089 98.3160 -1.3261 52.9635 -56.6190 16.3374 6.8778 -15.6614 51.4947 -3.3415 -5.2726 7.5199 -8.4461 1.1529 -0.3812 42.7069 -0.7845 -13.1772 -25.0969 2.0261 1.6653 -0.4992 -1.8226 -16.5852 -24.7107 -1.3648 0.4248 30.4484 1.1397 14.1819 2.3921 -7.6193 -1.4048 -0.7999 1.3065
6.6008 91.2418 -13.9392 1.3434 -9.2179 -6.1699 -2.0122 4.8469 0.4271 -1.2677 -2.7602 1.9507 -10.4897 17.1097 -2.0718 -5.0484 34.4058 7.1717 -1.0259 -3.5258 1.1236 3.5989 -2.1411 0.4238 -0.1412 -0.0143 0.0932 0.6576 -10.5362 -3.7582 -0.9497 -10.5017 3.9878 -14.7846 11.3006 -10.7556 -38.7644 -11.2528 -16.3486 -0.5985 -0.6835 -111.8435 -3.8114 19.4320 22.5191 -14.7801 10.5710 15.5418 -60.5187 1.9588 2.5194 -8.7036 15.2846 6.8874 54.6208 -34.1792 19.0546 -0.9085 0.6815 96.5021 2.5930 55.0894 -53.5824 16.0070 7.1276 -15.7222 51.6703 -3.2428 -5.2672 8.5960 -9.0777 3.4966 -0.4126 42.3724 -0.8347 -13.2585 -23.8090 3.2942 1.6629 -0.2488 -1.8064 -13.7680 -24.6857 -3.4267 0.3551 25.6057 0.8978 14.5698 3.2703 -5.0972 -1.3657 -1.1494 1.3583
7.0202 91.5551 -15.9270 0.7229 -9.4860 -10.1546 -2.2195 5.3154 0.5739 -1.3720 -2.6773 2.3474 -10.1125 16.8441 -1.2313 -6.8004 34.1550 7.9485 -0.9618 -3.5548 2.0401 2.5560 -2.5369 1.8208 -0.1487 0.0034 0.1017 0.6620 -10.5423 -3.7511 -0.9714 -10.5121 4.0023 -13.2370 11.7214 -9.8018 -38.9299 -10.2781 -9.8557 -0.3153 -0.6275 -114.2389 -2.7038 18.5527 24.4859 -14.7702 10.7741 15.7552 -60.6866 1.9344 2.6112 -9.8473 14.6225 8.0384 50.9331 -35.4061 25.7108 -0.9670 0.5761 94.6636 7.0030 55.6495 -49.0648 15.6256 7.3678 -15.7531 51.7959 -3.1234 -5.3106 9.7090 -9.5185 6.1493 -0.4355 42.0470 -0.8787 -13.3093 -22.4726 4.4995 1.6663 0.1956 -1.7806 -10.5005 -25.3495 -6.8099 0.2636 24.3310 0.6053 14.0702 0.9239 -5.0794 -1.3176 -1.3071 1.3570
7.3423 91.7632 -17.8263 0.4095 -10.0914 -14.4423 -2.4240 5.6910 0.6822 -1.4080 -2.6453 2.6383 -9.7081 16.6900 -0.6805 -8.3624 34.1684 8.4204 -0.7614 -3.5723 2.8394 1.2549 -3.0219 3.2067 -0.1050 0.0154 0.0663 0.6931 -10.5223 -3.7907 -0.9132 -10.5052 3.9554 -12.0454 12.1811 -8.9577 -38.4662 -8.6055 -2.9653 -0.2308 -0.4532 -116.9073 -2.0772 17.6103 26.1063 -14.9033 11.0373 16.1169 -60.9489 1.8567 2.7327 -11.1100 13.8300 9.2078 45.9278 -37.3150 33.7327 -0.8488 0.3650 93.1720 11.7656 53.2174 -42.7470 15.1597 7.6006 -15.7235 51.7665 -2.9509 -5.2486 10.7624 -9.5960 9.2849 -0.4004 41.6499 -0.8280 -13.1652 -21.1873 5.4336 1.6703 0.7984 -1.7145 -7.7120 -26.5030 -10.1355 0.2646 28.0215 0.4513 12.3447 -2.6957 -5.8306 -1.3137 -1.4300 1.3019
7.5793 91.9632 -19.5764 0.5155 -10.8157 -18.4429 -2.5313 5.8847 0.7754 -1.3903 -2.7850 2.7394 -9.2878 16.6551 -0.3335 -9.6255 34.6929 8.5560 -0.6001 -3.5574 3.4158 -0.1122 -3.3870 4.4954 -0.0392 0.0168 0.0052 0.7440 -10.5211 -3.8533 -0.8325 -10.5234 3.8754 -11.1152 12.6040 -8.0666 -37.9088 -6.6699 3.7528 -0.4016 -0.3302 -118.7987 -1.2843 18.0197 28.0714 -15.1216 11.4320 16.5121 -61.4211 1.8036 2.7402 -12.4962 13.0475 10.4185 40.2888 -39.2692 42.2231 -0.7984 0.1961 93.0313 14.9316 47.4194 -36.1154 14.7503 7.8653 -15.8066 51.6049 -2.8201 -5.1270 11.4539 -9.2007 12.1438 -0.3545 40.8635 -0.7682 -12.9980 -19.9832 6.2148 1.6602 1.2526 -1.6752 -6.6173 -27.3040 -12.1641 0.2691 34.9182 0.3879 11.6468 -6.7475 -5.9977 -1.3350 -1.5620 1.2218
7.6590 92.2712 -21.1633 0.8466 -11.1819 -21.5552 -2.4433 5.7859 0.8631 -1.3082 -3.0055 2.8602 -8.7371 16.4965 -0.1019 -10.4954 35.5138 8.4889 -0.5293 -3.5266 3.7961 -1.2942 -3.4964 5.4429 -0.0025 0.0086 -0.0243 0.7664 -10.5068 -3.8780 -0.7809 -10.5253 3.8303 -10.4290 13.0485 -7.1444 -37.4616 -5.0419 9.0098 -0.7381 -0.2208 -119.0413 -0.2724 20.4239 30.4675 -15.4204 11.7225 16.7970 -61.6557 1.7863 2.7301 -13.3373 12.2794 11.6699 35.0995 -40.7962 49.8567 -0.8159 0.2342 94.8864 16.4732 39.4378 -29.8750 14.4598 7.9722 -16.0743 51.3219 -2.8456 -4.9844 11.7171 -8.7642 13.8964 -0.3069 39.5681 -0.6765 -13.0071 -18.7262 6.9635 1.6432 1.3286 -1.6774 -7.2717 -27.2954 -12.8985 0.2784 41.8011 0.3803 12.4614 -9.9335 -5.2953 -1.3628 -1.7674 1.1153
7.5309 92.7593 -22.5463 1.3027 -11.0675 -23.5480 -2.2301 5.4276 0.9709 -1.1888 -3.2351 3.1213 -7.9410 16.1979 0.1932 -11.0817 36.1659 8.3671 -0.4904 -3.5222 4.0704 -2.1215 -3.4854 5.9642 0.0023 0.0023 -0.0323 0.7608 -10.4960 -3.8764 -0.7654 -10.5216 3.8136 -9.7866 13.4281 -6.2941 -37.2287 -3.6392 11.9107 -1.0062 -0.2183 -117.6559 0.8056 24.5319 33.6075 -15.7439 11.7386 16.7318 -61.5018 1.7812 2.6407 -13.4086 11.6619 13.0561 31.3172 -42.0262 55.7270 -0.7416 0.4939 98.5446 17.1109 30.7740 -24.5536 14.5853 7.8269 -16.3354 51.4078 -3.0178 -4.8911 11.5446 -8.4192 14.3912 -0.2461 37.6736 -0.5403 -13.2044 -17.2051 7.7434 1.6248 1.1151 -1.7243 -9.3570 -26.1928 -12.6388 0.3405 46.6622 0.4745 14.1555 -12.1408 -4.0426 -1.3801 -2.1139 1.0023
7.2084 93.2580 -23.7675 1.7155 -10.5890 -24.2382 -1.9766 4.8944 1.0954 -1.0474 -3.3919 3.3986 -6.8861 15.7403 0.5945 -11.4307 36.3318 8.2337 -0.4359 -3.5511 4.3510 -2.6329 -3.4889 6.1802 -0.0182 -0.0066 -0.0190 0.7334 -10.5014 -3.8555 -0.7794 -10.5321 3.8310 -8.7876 13.7883 -5.5103 -37.4933 -2.5837 12.3195 -1.0679 -0.2346 -115.1497 1.8483 29.3088 36.9032 -15.9681 11.5620 16.3855 -61.0613 1.8735 2.5403 -12.9563 11.2298 14.4957 29.3244 -43.2602 59.5951 -0.5098 0.8097 103.0992 17.1597 24.1026 -21.0056 15.0944 7.5941 -16.3249 51.5343 -3.2071 -4.9575 11.2297 -8.4236 13.7518 -0.2331 35.5687 -0.4765 -13.5325 -15.5213 8.3278 1.6179 0.7255 -1.8254 -12.1914 -23.8088 -11.9406 0.4549 49.0703 0.6829 15.9902 -13.4359 -2.7185 -1.3913 -2.5720 0.8773
6.6718 93.5461 -24.9819 1.9236 -10.0301 -23.1845 -1.6573 4.2827 1.1836 -0.9125 -3.5299 3.4640 -5.5716 15.2912 1.0280 -11.5194 36.2249 8.1098 -0.3452 -3.5934 4.4901 -3.0301 -3.7523 6.1306 -0.0368 -0.0120 0.0051 0.7067 -10.5213 -3.8307 -0.7900 -10.5558 3.8648 -7.1556 14.0333 -4.9340 -38.4117 -2.0261 10.7149 -0.7384 -0.2385 -112.3886 2.4188 33.1584 38.9940 -16.0554 11.3544 15.9773 -60.6789 1.9803 2.3850 -12.1366 11.0714 15.6716 28.9415 -44.5443 61.2936 -0.0094 1.0400 108.2760 16.5401 18.9044 -19.0178 15.5957 7.3480 -16.1596 51.4485 -3.3019 -5.0250 11.0464 -9.1466 11.9477 -0.2633 34.1506 -0.4922 -13.8623 -14.0412 8.1155 1.6235 0.3274 -1.9150 -15.2021 -20.0307 -11.3094 0.5844 49.8544 0.9996 17.7536 -14.0739 -1.3215 -1.3971 -3.2128 0.7777
5.9580 93.4782 -26.2674 2.0795 -9.6540 -20.2432 -1.3815 3.6743 1.2288 -0.7838 -3.7393 3.3364 -4.2153 14.9158 1.3053 -11.1313 36.1641 7.9746 -0.2117 -3.6635 4.3709 -3.3856 -4.1286 5.9180 -0.0296 -0.0144 0.0036 0.6945 -10.5010 -3.8245 -0.7635 -10.5378 3.8547 -4.9994 13.9908 -4.8294 -40.1055 -2.4600 8.1689 -0.3003 -0.3279 -110.2295 2.5979 35.7124 39.4445 -16.2671 11.2156 15.7181 -60.5961 1.9925 2.2123 -10.8500 11.1468 16.1513 29.8689 -45.3727 60.9042 0.7841 1.3217 113.4951 15.3934 15.1891 -18.0535 15.7573 7.0376 -16.0233 50.8807 -3.4393 -5.0820 10.9225 -10.5774 9.1885 -0.3354 33.7571 -0.5723 -14.1400 -12.9687 6.9423 1.6374 -0.0020 -1.9818 -18.0534 -14.7579 -11.0461 0.6829 49.8719 1.3707 18.6800 -14.5007 -0.3106 -1.4100 -4.1906 0.7433
5.0431 92.9452 -27.5833 2.5101 -9.6228 -16.2641 -1.2858 3.0077 1.2366 -0.6907 -4.0260 3.0957 -3.1253 14.5341 1.4504 -10.2387 36.2721 7.8255 -0.0468 -3.7339 4.1458 -3.8515 -4.3319 5.7718 -0.0312 -0.0261 0.0110 0.6860 -10.4589 -3.7988 -0.7592 -10.5001 3.8442 -2.6200 13.8304 -5.0638 -42.7437 -3.9507 5.8496 0.1636 -0.3132 -109.3120 2.8208 37.5374 38.7240 -16.5619 11.1029 15.6375 -60.6566 1.8866 2.0745 -9.2986 11.2390 15.8083 31.6295 -45.2369 58.9701 1.4617 1.7273 117.5823 14.6208 15.1473 -18.1670 15.7462 6.8513 -16.1028 50.4190 -3.5398 -5.2064 10.6109 -12.5088 6.1553 -0.4298 34.6013 -0.6553 -14.4969 -12.5338 5.1547 1.6405 -0.1600 -1.9710 -20.4968 -7.8870 -11.0820 0.6791 48.4082 1.7513 19.7235 -15.1864 0.8251 -1.4453 -6.3928 0.8748
4.0731 92.0191 -28.9552 3.2078 -9.9056 -13.0197 -1.2883 2.2977 1.2910 -0.6568 -4.3115 2.9107 -2.4683 14.1338 1.5235 -9.3752 36.2290 7.8325 0.1042 -3.7225 4.0846 -4.2769 -4.4254 5.7550 -0.0337 -0.0345 0.0269 0.6903 -10.4451 -3.7741 -0.7711 -10.4842 3.8518 -0.7154 13.5912 -5.1027 -46.1150 -5.6662 4.7089 0.6417 -0.3159 -109.9882 3.3991 38.6906 36.8172 -16.7746 11.1165 15.8189 -60.8427 1.7734 2.0348 -7.5928 11.4073 15.1589 33.3433 -44.1221 56.5539 1.8956 2.1986 119.8839 14.2597 19.0400 -19.4099 15.8851 6.8257 -16.2862 50.4891 -3.5735 -5.3405 10.2834 -14.5660 4.2117 -0.5416 36.4052 -0.7855 -15.0882 -12.7246 3.4755 1.6087 -0.1944 -1.8952 -21.9093 -1.0294 -11.4680 0.4919 45.0413 1.8504 21.3984 -16.7803 1.8136 -1.5234 -10.9485 1.1364
2.9771 90.9408 -30.2103 4.2359 -10.4225 -11.9268 -1.2974 1.7026 1.2761 -0.6258 -4.5112 3.0142 -2.2625 13.7383 1.8008 -9.0465 35.9067 7.9879 0.0100 -3.7226 4.3812 -4.5097 -4.7787 5.6505 -0.0304 -0.0554 0.0583 0.6939 -10.4630 -3.7465 -0.7718 -10.4910 3.8863 -0.2118 13.3517 -4.7935 -49.6180 -7.0087 5.7525 0.7202 -0.2544 -112.6506 2.9725 38.5530 32.8381 -16.9635 11.1733 16.0534 -60.9767 1.6815 2.0549 -6.2632 11.7529 14.5793 34.5988 -42.8938 54.8025 1.9428 2.2857 120.5064 13.4175 25.5398 -21.5945 15.8243 7.0288 -16.5292 50.6783 -3.6624 -5.3144 10.0148 -16.0754 4.0245 -0.6033 38.2663 -0.8537 -15.8421 -12.9288 2.3958 1.5837 -0.7145 -1.8514 -22.4985 3.4597 -12.5599 0.3325 40.3747 1.6117 23.2018 -22.7473 -0.2189 -1.5207 -9.2744 1.2555
1.9062 90.1900 -31.4450 4.7947 -10.9890 -13.2935 -0.6744 1.3603 1.1691 -0.4746 -4.6218 3.3437 -2.0518 13.4379 2.1665 -9.9002 35.3786 8.4167 -0.2630 -3.7689 4.5107 -4.5875 -5.1407 5.7326 0.0003 -0.0874 0.0495 0.7114 -10.4428 -3.7557 -0.7302 -10.4902 3.8706 -2.7578 13.0080 -4.3908 -52.0727 -7.0625 9.1093 0.5232 -0.5060 -117.0564 1.1275 37.3047 27.4640 -16.8678 11.4777 16.4677 -61.3126 1.6091 2.1267 -5.4190 12.0411 14.0887 35.0556 -41.1721 54.6437 1.7974 1.9558 119.8361 11.3146 31.8357 -24.5193 15.5932 7.1037 -16.6435 50.3979 -3.8783 -5.1587 10.6440 -16.5425 4.9249 -0.5393 39.1320 -0.7806 -16.5944 -12.7643 2.3935 1.5853 -1.2763 -1.9252 -21.6173 5.1781 -12.2344 0.2934 37.6673 1.1820 22.9284 -28.8698 -4.4306 -1.4577 -4.0824 1.2095
0.9649 89.9178 -32.7108 4.5360 -11.5813 -15.7878 0.3923 1.1549 1.1707 -0.2205 -4.6504 3.3299 -1.5020 13.1604 2.1326 -11.1720 34.9900 8.9057 -0.2361 -3.8454 4.5624 -5.0768 -5.1518 6.0414 0.0133 -0.0818 0.0113 0.6996 -10.3887 -3.7840 -0.6926 -10.4363 3.8196 -6.2645 13.1634 -3.6014 -55.2962 -5.6452 13.3144 0.1847 -0.3279 -121.9426 -0.6223 36.4231 23.2880 -16.4850 11.7628 16.6854 -61.3809 1.6193 2.2774 -5.4922 12.5617 13.9426 35.5662 -39.2657 55.0957 1.6688 1.6923 118.0727 9.1443 35.4546 -27.0505 15.0925 7.0161 -16.6263 49.9908 -4.0231 -5.0886 12.2086 -15.9536 5.5056 -0.5216 38.6258 -0.8359 -17.1904 -11.6185 3.5416 1.5807 -1.3520 -1.9756 -19.4447 5.2013 -9.9141 0.2044 37.9628 1.0678 21.1549 -31.1873 -6.7416 -1.4120 -1.8584 1.1736
0.0622 89.9601 -34.0279 4.3965 -12.2236 -17.8481 0.9505 0.8467 1.1458 -0.0838 -4.6683 3.0059 -0.9811 12.8944 1.6658 -11.3674 34.7945 8.7727 -0.1731 -3.7676 4.5337 -5.5486 -4.8210 6.3178 0.0040 -0.0634 0.0465 0.6867 -10.3689 -3.7510 -0.6979 -10.4131 3.8610 -8.7501 13.6388 -3.0976 -59.5141 -2.0458 16.4499 -0.1898 -0.1292 -126.2954 -1.6097 34.0175 20.6896 -16.1696 11.6468 16.6218 -60.9687 1.6377 2.5182 -5.8214 12.8780 13.2710 36.6442 -36.6326 55.8084 1.3415 1.6729 116.2131 8.4349 37.0250 -29.4477 14.6647 6.9100 -16.4018 49.5345 -4.0265 -4.9709 13.3904 -14.5485 5.2271 -0.4595 37.0139 -0.8603 -17.6753 -10.0608 4.9820 1.5854 -1.3473 -2.0052 -17.8668 4.3020 -8.0191 0.2910 39.7456 1.1309 19.7872 -31.5170 -7.2365 -1.3881 -1.3367 1.1160
-0.9406 89.9740 -35.5132 4.1611 -12.8717 -18.6823 1.1419 0.5042 0.9890 -0.0729 -4.7177 2.4370 -0.5667 12.6758 0.9862 -10.2882 34.3542 7.9082 0.0037 -3.7043 4.4930 -5.8189 -4.4772 6.4566 0.0131 -0.0615 0.0531 0.6854 -10.3603 -3.7403 -0.6752 -10.3932 3.8581 -10.0776 14.2530 -2.9900 -63.3775 2.4156 17.0286 -0.6309 -0.0301 -129.7074 -2.9430 30.9772 19.0844 -15.8061 11.3794 16.2913 -60.6918 1.6129 2.6303 -5.4595 13.0548 11.9232 37.6677 -33.8155 56.5377 0.9739 1.2885 115.0794 7.9676 38.0033 -32.8284 14.2755 6.9490 -16.1216 49.4689 -3.8930 -4.9272 14.4663 -13.2292 3.9574 -0.4031 35.1800 -0.8940 -17.8880 -8.3797 6.2232 1.5846 -1.2670 -2.0094 -16.3925 3.5686 -7.3882 0.3121 41.2959 1.1463 18.3898 -31.7480 -7.3756 -1.3877 -0.9535 1.0692
-1.9768 89.9266 -37.2049 3.7454 -13.2936 -18.4459 1.1834 0.2814 0.7998 -0.0968 -4.8019 1.8920 -0.1842 12.4950 0.2642 -8.6313 33.7034 6.6722 0.1013 -3.6888 4.3608 -5.6342 -4.3377 6.2421 0.0301 -0.0590 0.0216 0.6941 -10.3286 -3.7617 -0.6457 -10.3402 3.8069 -10.8304 14.7030 -3.2647 -66.1837 5.8052 15.8312 -1.2865 0.2047 -131.9820 -4.9010 28.7086 18.2148 -15.4389 11.1288 16.0367 -60.4681 1.5504 2.6961 -4.5889 13.2108 10.3918 38.5691 -31.2429 56.5765 0.7471 0.8166 114.7416 6.7745 38.5753 -36.5624 13.9494 7.0303 -15.9631 49.5580 -3.8117 -4.8813 15.5183 -12.6451 2.3222 -0.3446 33.4500 -0.8890 -17.8297 -6.5972 6.8030 1.5821 -1.2200 -1.9972 -14.8392 2.6348 -7.6138 0.2702 42.8404 1.0516 17.0609 -32.0253 -7.5505 -1.3928 -0.6180 1.0469
-2.9140 89.8617 -39.1481 3.4111 -13.4241 -17.5241 1.0896 0.1822 0.6525 -0.1408 -4.8659 1.4673 0.0415 12.3826 -0.3571 -6.9117 33.1285 5.6133 0.0682 -3.7246 4.1563 -5.1817 -4.4552 5.8785 0.0329 -0.0600 -0.0121 0.7046 -10.3211 -3.7893 -0.6464 -10.3211 3.7623 -10.7788 15.1126 -3.6892 -68.1630 7.2185 14.0144 -2.0525 0.5485 -133.2441 -6.6174 27.2828 17.9978 -15.2222 10.9023 15.9056 -60.2534 1.5014 2.7556 -3.9148 13.2889 9.1772 39.7359 -29.0805 55.7443 0.3653 0.4665 114.6907 5.1298 39.4299 -40.6384 13.5877 7.1845 -15.8408 49.6711 -3.7427 -4.8654 16.3084 -12.7857 0.8616 -0.3335 31.6939 -0.9500 -17.5583 -4.8091 6.8259 1.5847 -1.2961 -1.9902 -13.4472 1.2836 -8.2392 0.2796 44.4768 0.9953 15.8837 -32.2241 -7.8700 -1.3929 -0.3853 1.0307
-3.7479 89.7931 -41.2387 3.1433 -13.2732 -16.1311 0.9605 0.2147 0.5490 -0.1462 -4.8788 1.2127 0.1176 12.2684 -0.7375 -5.3650 32.7081 4.8635 -0.2055 -3.6796 3.8893 -4.6998 -4.7393 5.4950 0.0448 -0.1081 -0.0764 0.7344 -10.3798 -3.8638 -0.6480 -10.3817 3.7052 -9.8218 15.4502 -4.1603 -69.5428 7.0647 11.8237 -2.4121 0.7477 -133.8984 -7.9783 26.5464 17.9106 -15.1682 10.6932 15.8306 -59.9642 1.5443 2.9378 -3.7246 13.2699 8.3456 41.4642 -27.6155 53.8446 0.0569 0.1633 114.9828 3.2239 40.9694 -45.3890 13.1404 7.3404 -15.6234 49.6243 -3.6271 -4.8610 16.9074 -13.5687 -0.4444 -0.3282 29.9024 -0.9906 -16.9621 -3.1312 6.1659 1.6373 -1.7883 -1.9438 -12.1471 -0.5698 -9.1699 0.2899 46.1951 0.9155 14.6950 -32.1613 -8.0644 -1.3977 -0.0703 1.1249
-4.4029 89.8102 -43.2942 3.1160 -13.2021 -14.6705 0.8955 0.4723 0.4201 -0.2699 -4.7366 0.9932 0.0476 12.2148 -0.7562 -4.4741 32.7327 4.6786 -0.3134 -3.6767 3.6798 -4.3005 -5.0530 4.8909 0.0451 -0.1019 -0.0854 0.7313 -10.3907 -3.8744 -0.6431 -10.3874 3.6959 -8.3496 15.5863 -4.4535 -70.2117 5.5662 9.8793 -2.6132 0.7300 -134.2222 -9.4104 25.7914 17.5014 -15.1053 10.4690 15.7531 -59.7461 1.5301 3.0642 -4.0874 13.3384 8.0414 43.6006 -26.4589 51.1262 -0.5614 -0.0185 115.7051 1.1942 42.6393 -49.2095 12.9384 7.5278 -15.4970 49.7659 -3.4771 -4.8555 16.8868 -14.4212 -1.1970 -0.3752 28.2448 -1.0739 -16.9696 -3.2780 5.7980 1.6238 -2.1829 -1.9547 -11.2857 -2.2950 -10.0689 0.3153 47.6360 0.8567 13.5511 -31.9720 -8.2029 -1.4024 0.2079 1.0954
-4.8404 89.8839 -45.3515 3.4145 -13.1601 -13.5119 0.8394 0.8742 0.3233 -0.3649 -4.5627 0.9895 -0.2257 12.2860 -0.6397 -4.1788 33.2563 4.9097 -0.4141 -3.6891 3.3050 -3.9909 -5.4472 4.3921 0.0407 -0.0842 -0.0778 0.7178 -10.3767 -3.8665 -0.6387 -10.3646 3.7048 -6.4829 15.4353 -4.5814 -70.3848 3.1494 8.0996 -2.6064 0.6580 -134.4018 -11.1472 24.7679 16.5005 -15.1621 10.3031 15.7345 -59.7054 1.5036 3.1787 -5.1456 13.4987 8.1326 46.2928 -25.8265 47.5408 -1.1715 0.0263 117.1162 -0.6843 44.3901 -52.4373 12.8651 7.7010 -15.4112 49.9096 -3.4034 -4.8234 16.1977 -15.3558 -1.4055 -0.3857 27.4659 -1.0864 -17.2414 -5.2252 6.1753 1.6130 -2.5093 -1.9694 -10.8874 -4.0337 -10.7381 0.2946 48.8297 0.7588 12.3109 -31.5229 -8.0844 -1.4072 0.5389 1.0461
-5.1166 90.0298 -47.3815 3.9803 -13.2566 -12.8561 0.8212 1.3997 0.2935 -0.4269 -4.3973 1.1387 -0.6905 12.5445 -0.4834 -4.4444 34.3806 5.4626 -0.4909 -3.6892 2.9723 -3.7453 -5.6621 3.9140 0.0277 -0.0640 -0.0416 0.7020 -10.3792 -3.8339 -0.6499 -10.3608 3.7500 -4.2796 15.1644 -4.5063 -70.1621 -0.1179 6.0146 -2.2031 0.4428 -134.3627 -13.2406 23.8434 14.5789 -15.3970 10.1332 15.6583 -59.9564 1.5055 3.1295 -6.8772 13.7381 8.5230 49.7716 -25.6143 42.9560 -1.5891 0.1014 119.2509 -2.2491 45.8749 -54.8253 12.9034 7.7662 -15.3478 49.9755 -3.3639 -4.8387 14.8947 -16.1582 -0.9660 -0.3962 28.4123 -1.0692 -17.5458 -7.5454 6.5113 1.6203 -2.7300 -2.0084 -10.8056 -5.6826 -10.8771 0.2432 49.8517 0.6394 11.0684 -30.7702 -7.7954 -1.4109 0.7820 0.9948
-5.1989 90.2199 -49.4002 4.7166 -13.3762 -12.7731 0.7995 1.9274 0.2786 -0.4642 -4.2181 1.3850 -1.2939 12.8845 -0.3973 -5.0662 35.8947 6.1385 -0.5573 -3.6744 2.7477 -3.5519 -5.5702 3.4293 0.0096 -0.0431 0.0042 0.6763 -10.3695 -3.7938 -0.6616 -10.3491 3.8075 -1.9145 14.6524 -4.2892 -69.6173 -3.9415 3.8172 -1.5533 0.1167 -134.0029 -15.5875 23.0463 11.5328 -15.7994 9.9622 15.5482 -60.3273 1.5040 2.9870 -8.9892 13.9415 9.0240 53.8048 -25.3822 37.9331 -1.8325 0.2663 121.7222 -3.1825 47.2211 -56.2376 12.9791 7.7423 -15.2539 49.9954 -3.3536 -4.8413 13.2585 -16.4381 -0.1781 -0.4451 31.2195 -1.0933 -17.6550 -9.3925 5.8508 1.6453 -2.7128 -2.0311 -10.9228 -7.2631 -10.4161 0.2273 50.5830 0.5651 10.0191 -29.8100 -7.5705 -1.4163 0.9790 0.9521
-5.0481 90.3836 -51.3364 5.3737 -13.3499 -13.1933 0.7747 2.3645 0.3285 -0.4956 -4.0776 1.5483 -1.9012 13.2027 -0.4801 -5.7700 37.4160 6.6604 -0.5706 -3.6633 2.6657 -3.4728 -5.2591 3.0954 -0.0088 -0.0270 0.0408 0.6511 -10.3603 -3.7600 -0.6737 -10.3423 3.8535 0.4041 14.0344 -4.1701 -69.0142 -7.7749 1.8875 -1.0058 -0.2092 -133.5571 -17.6598 22.5091 7.9156 -16.1487 9.8480 15.4701 -60.6366 1.4914 2.8265 -11.0877 14.0754 9.3946 57.6204 -24.9936 33.4223 -2.0092 0.3800 124.0303 -3.7386 48.8506 -57.2054 13.1591 7.6928 -15.1662 50.0338 -3.3441 -4.8118 11.8001 -15.9972 0.3750 -0.5238 35.4875 -1.1727 -17.2392 -10.7970 4.9633 1.6678 -2.4348 -2.0157 -10.9444 -8.9606 -9.4685 0.1981 51.1993 0.4863 9.1658 -28.8241 -7.4325 -1.4254 1.0326 0.9161
-4.6981 90.4985 -53.1820 5.8896 -13.1030 -13.9874 0.6997 2.7051 0.3830 -0.5244 -3.9635 1.6046 -2.4749 13.3879 -0.7940 -6.3958 38.6105 6.9539 -0.5448 -3.6668 2.7272 -3.4765 -4.8845 2.9883 -0.0228 -0.0201 0.0604 0.6346 -10.3592 -3.7449 -0.6851 -10.3502 3.8830 2.4980 13.4499 -4.2684 -68.4476 -11.3250 0.4837 -0.8509 -0.4178 -133.1382 -19.3635 22.4915 4.3498 -16.3386 9.8078 15.4131 -60.7993 1.5118 2.6838 -12.9656 14.0864 9.5286 60.9460 -24.8219 29.7533 -2.1252 0.4645 125.8953 -3.9822 50.6013 -57.6113 13.2848 7.6380 -15.0879 50.0329 -3.3108 -4.7757 10.6685 -14.8345 0.5023 -0.6116 40.6974 -1.2779 -16.3750 -12.1816 4.5352 1.6839 -2.0933 -1.9948 -10.8439 -10.8669 -8.1962 0.1800 51.7286 0.4404 8.4809 -27.8552 -7.3323 -1.4324 0.9264 0.8994
-4.1966 90.5680 -54.9155 6.1856 -12.6882 -14.8284 0.5258 2.9509 0.4001 -0.5481 -3.9060 1.4959 -2.9751 13.4294 -1.3230 -6.7178 39.5595 7.1109 -0.4959 -3.6800 2.7857 -3.4915 -4.5404 3.0990 -0.0222 -0.0162 0.0511 0.6364 -10.3625 -3.7612 -0.6845 -10.3653 3.8807 4.4050 13.0135 -4.6088 -67.9583 -14.3400 -0.5127 -1.0419 -0.4669 -132.9305 -21.0271 23.0091 1.2217 -16.3764 9.7761 15.3677 -60.7904 1.5100 2.5459 -14.4893 13.8776 9.2677 63.8727 -25.0787 26.9659 -2.1744 0.4861 127.4052 -3.9725 52.0986 -57.3148 13.3025 7.5518 -15.0275 49.8638 -3.2598 -4.7700 9.8566 -13.0129 0.3128 -0.6697 46.1866 -1.3514 -15.4251 -13.7224 4.4623 1.6986 -2.0438 -2.0015 -10.6371 -12.8766 -6.9314 0.1677 52.1366 0.3928 8.0356 -26.8728 -7.2737 -1.4350 0.7742 0.8939
-3.6031 90.5592 -56.5484 6.0743 -12.2688 -15.2181 0.2669 3.1211 0.3490 -0.5818 -3.9039 1.1390 -3.3297 13.3870 -2.0859 -6.5017 40.3544 7.1327 -0.4681 -3.6994 2.8216 -3.5666 -4.2823 3.4374 -0.0102 -0.0039 0.0239 0.6579 -10.3478 -3.7956 -0.6793 -10.3576 3.8565 6.3263 12.8302 -5.2804 -67.7427 -16.6658 -1.3223 -1.3660 -0.4050 -132.8705 -22.6379 23.7307 -1.2002 -16.3519 9.7359 15.3481 -60.7201 1.4844 2.4676 -15.5702 13.3502 8.4975 66.6800 -25.7195 24.8790 -2.1050 0.4532 128.7105 -3.3714 53.0270 -56.1614 13.3874 7.4450 -14.9880 49.7189 -3.2310 -4.7776 9.4667 -10.3313 0.1540 -0.6699 50.9353 -1.3517 -14.6418 -15.0877 4.5304 1.7153 -2.3396 -2.0292 -10.2148 -14.7699 -6.1137 0.1352 52.4380 0.3127 7.8041 -25.9073 -7.3294 -1.4348 0.7118 0.9120
-2.9781 90.5035 -58.1158 5.5095 -11.8956 -14.7684 -0.0301 3.1808 0.1959 -0.6301 -3.9472 0.5379 -3.5171 13.2728 -3.0445 -5.7846 41.0700 6.9237 -0.4217 -3.7156 2.8684 -3.7217 -4.0062 4.0227 -0.0033 0.0141 0.0055 0.6741 -10.3184 -3.8141 -0.6797 -10.3414 3.8380 8.1315 12.8943 -6.1921 -67.6980 -18.2791 -2.4236 -1.6629 -0.2670 -132.7004 -24.0073 24.2490 -2.8089 -16.3991 9.7914 15.3955 -60.7521 1.4767 2.4068 -16.0533 12.5675 7.1876 69.4460 -26.4113 23.2614 -1.8657 0.3827 129.7442 -2.2613 53.6816 -54.4470 13.5242 7.3515 -14.9771 49.7505 -3.2063 -4.7668 9.5714 -6.8534 0.3440 -0.6425 53.7666 -1.3439 -14.2308 -15.8088 4.4707 1.7515 -2.9816 -2.0803 -9.5944 -16.4086 -6.1614 0.0769 52.5369 0.2220 7.7524 -24.9231 -7.4521 -1.4303 0.6964 0.9475
-2.2711 90.5046 -59.6106 4.6588 -11.4604 -13.2210 -0.3989 3.0658 -0.0893 -0.6937 -4.0065 -0.2111 -3.6382 13.1518 -4.1562 -4.5857 41.6185 6.4754 -0.3800 -3.7161 2.9849 -3.8073 -3.5085 4.6201 -0.0105 0.0260 0.0063 0.6622 -10.2914 -3.8097 -0.6795 -10.3259 3.8394 9.3768 13.1267 -7.3171 -67.4688 -19.4339 -4.2913 -1.8525 -0.1053 -132.1093 -24.8978 24.5269 -3.4778 -16.6026 9.9409 15.4621 -60.9693 1.4814 2.3683 -15.5341 11.7296 5.2706 71.8408 -26.8166 21.9352 -1.4518 0.4406 130.5585 -0.7551 54.4706 -52.3262 13.7359 7.2932 -15.0255 49.9134 -3.2154 -4.8078 10.0955 -2.9571 1.1948 -0.5875 53.8781 -1.3400 -13.9695 -15.7157 3.9853 1.7983 -4.0929 -2.1322 -8.9703 -17.7860 -7.1132 0.0103 52.2480 0.1399 7.9336 -23.7909 -7.8590 -1.4281 0.7280 0.9869
-1.4422 90.5718 -61.0801 3.9300 -10.8032 -10.6266 -0.9277 2.8389 -0.4591 -0.8194 -4.0509 -1.0320 -3.8446 13.0040 -5.2464 -3.0250 41.7389 5.9253 -0.4085 -3.6835 3.2041 -3.7559 -2.8480 4.9295 -0.0395 0.0233 0.0360 0.6170 -10.2659 -3.7701 -0.6909 -10.3079 3.8714 9.6423 13.3344 -8.5823 -66.9684 -20.2588 -6.9340 -1.9315 -0.0592 -131.0089 -25.0197 24.4106 -3.3215 -16.7637 10.1059 15.5085 -61.1598 1.4865 2.3543 -13.9847 10.9871 2.9043 73.6790 -26.5898 20.4973 -0.9140 0.7018 131.4499 1.1587 55.7491 -49.7134 14.0024 7.3238 -15.1642 50.3161 -3.1869 -4.8634 10.6046 0.9126 2.5868 -0.5067 50.9235 -1.3401 -13.3995 -15.4021 3.4679 1.8343 -5.7739 -2.1749 -8.7884 -19.2159 -8.6210 -0.0011 51.7375 0.1080 8.3311 -22.4979 -8.5867 -1.4293 0.8073 1.0044
-0.4155 90.6564 -62.6143 3.6657 -9.8878 -7.5269 -1.5686 2.6924 -0.8398 -1.0117 -4.0065 -1.7634 -4.1581 12.7865 -6.0653 -1.5799 41.1262 5.5669 -0.5077 -3.6597 3.2618 -3.6700 -2.4435 4.9339 -0.0706 0.0057 0.0698 0.5645 -10.2570 -3.7287 -0.7001 -10.3003 3.9105 8.7529 13.2876 -9.8153 -66.5000 -20.7386 -9.8166 -2.0017 -0.1736 -129.6635 -24.4043 24.1940 -2.7096 -16.8441 10.2917 15.5768 -61.2649 1.4933 2.4337 -11.7833 10.5704 0.6067 74.7759 -25.8032 18.5436 -0.3173 1.0270 132.5986 2.7131 57.9106 -47.1579 14.2927 7.4286 -15.3569 50.7062 -3.1823 -4.9405 10.6125 4.2105 4.0489 -0.3716 45.2332 -1.3050 -13.4909 -16.1430 3.2810 1.8590 -7.8727 -2.2173 -9.3217 -21.0180 -10.1364 -0.0077 51.2757 0.0758 8.9006 -21.0847 -9.5050 -1.4362 0.8364 0.9970
0.8813 90.6589 -64.4034 3.8919 -8.7788 -4.4202 -2.1574 2.8194 -1.0840 -1.1628 -3.8644 -2.2745 -4.5582 12.6020 -6.5458 -0.7501 39.6708 5.5226 -0.7011 -3.6545 3.0241 -3.5266 -2.5478 4.6432 -0.0817 -0.0211 0.0868 0.5441 -10.2791 -3.7169 -0.7017 -10.3118 3.9346 7.3385 12.9559 -10.7518 -66.2891 -20.9144 -12.6260 -1.8933 -0.2645 -128.7377 -23.7328 24.3815 -1.9265 -16.7950 10.4871 15.6918 -61.3633 1.4946 2.5617 -9.8946 10.5720 -1.0161 75.2261 -24.8959 15.7242 0.0726 1.1353 133.9824 3.0184 60.2931 -45.4595 14.5435 7.4938 -15.4382 50.8341 -3.2350 -4.9884 9.7180 6.0776 4.5713 -0.2099 38.5383 -1.1602 -14.5816 -19.6028 3.6600 1.8478 -7.1151 -2.1930 -10.4912 -23.3552 -11.2931 0.0319 51.0633 0.1501 9.6276 -19.5546 -10.6721 -1.4525 0.6919 0.9901
2.2143 90.5398 -66.4964 4.3150 -7.7113 -1.6464 -2.4818 3.3515 -1.2305 -1.2085 -3.6019 -2.4434 -4.9385 12.5888 -6.6497 -0.8862 37.6140 5.6186 -0.9318 -3.6548 2.4303 -3.3405 -3.1653 4.2611 -0.0699 -0.0435 0.0779 0.5678 -10.3035 -3.7342 -0.7035 -10.3177 3.9287 6.0992 12.4377 -11.2151 -66.2170 -21.0107 -14.9292 -1.7845 -0.1669 -128.5501 -23.7967 24.8304 -1.4219 -16.6591 10.6749 15.7928 -61.6011 1.5195 2.7187 -9.1075 10.8339 -1.6304 75.2782 -24.3712 11.9625 0.2409 1.0051 135.1827 2.5023 61.7821 -44.5230 14.6995 7.5433 -15.4963 50.7170 -3.3485 -4.9636 8.0663 5.7661 3.5724 -0.1275 34.1300 -0.9191 -15.0596 -24.0000 4.5059 1.7956 -3.5085 -2.1107 -11.9142 -26.0693 -12.0423 0.0689 51.2437 0.2428 10.2983 -17.9232 -11.6752 -1.4678 0.4216 1.0136
3.5565 90.3363 -68.6957 4.9188 -6.9585 0.4998 -2.6612 4.2665 -1.2869 -1.1813 -3.2115 -2.2904 -5.2962 12.8644 -6.3821 -1.8422 35.4770 5.8588 -0.9769 -3.6558 1.4903 -3.2279 -4.0434 3.7564 -0.0504 -0.0648 0.0612 0.6115 -10.3065 -3.7478 -0.7111 -10.3078 3.9030 4.9364 12.0232 -11.1062 -65.6428 -21.0530 -17.1329 -1.5132 -0.0263 -128.8670 -24.7302 25.9401 -1.4842 -16.6798 10.6034 15.7310 -61.6580 1.3790 2.9294 -9.1987 11.0469 -1.4604 74.9392 -24.2834 7.7599 0.3029 0.7164 135.8006 1.7515 62.3995 -44.0973 14.8555 7.6541 -15.6831 50.6525 -3.4463 -4.8010 6.1269 3.5700 1.9288 -0.0945 33.6637 -0.7589 -15.0204 -26.8227 5.2883 1.7432 -1.4494 -2.1015 -13.5697 -28.6842 -12.3952 0.1613 51.4125 0.3826 10.6792 -16.1552 -12.3207 -1.4729 0.3867 0.9357
4.9249 90.2571 -70.9990 5.6103 -6.0763 1.8854 -2.5096 5.1200 -1.2444 -1.0125 -2.8398 -1.6707 -5.8713 13.3849 -5.8759 -3.8309 33.8382 5.9822 -1.0037 -3.7000 0.8235 -3.1772 -4.7454 2.7364 -0.0378 -0.0629 0.0776 0.6259 -10.3216 -3.7411 -0.7064 -10.3361 3.9222 3.6201 11.4031 -10.5952 -64.7070 -20.6500 -18.6675 -1.4469 0.2397 -129.3048 -25.5999 27.5733 -1.8116 -16.5917 10.6916 15.8807 -61.9361 1.4630 2.9764 -9.7816 11.3124 -0.4817 74.3867 -24.5397 3.2401 0.5120 0.3986 135.4694 0.9781 61.7815 -43.7488 15.0793 7.7794 -15.7597 51.0476 -3.3442 -4.7384 4.2462 -0.3297 0.7852 -0.1816 36.2942 -0.8201 -14.1047 -28.0514 4.7867 1.6769 -0.8394 -2.0946 -15.2175 -31.4507 -12.2338 0.2582 51.4254 0.5116 10.8398 -14.0196 -12.4447 -1.4772 0.1869 0.9273
6.2318 90.2908 -73.0520 6.1711 -5.2081 2.7920 -2.1661 5.8491 -1.0769 -0.8748 -2.5703 -0.8908 -6.2843 14.0767 -5.2348 -6.0279 32.9794 6.5372 -1.0251 -3.6841 -0.0365 -3.2681 -5.0628 1.7531 -0.0292 -0.0667 0.0696 0.6439 -10.3391 -3.7589 -0.7123 -10.3640 3.9225 1.7888 11.1648 -9.5730 -63.3255 -19.7524 -19.3829 -1.5174 0.4293 -129.9199 -25.9514 29.0737 -1.9855 -16.4368 10.6371 15.8817 -61.7476 1.4980 2.9402 -10.1465 11.8485 1.0257 73.1758 -25.2387 0.1830 0.4760 0.1908 133.8509 -0.8432 61.4331 -44.8641 15.2009 7.6842 -15.6806 51.0356 -3.2917 -4.6794 2.6799 -4.0588 0.4150 -0.2374 38.7475 -0.8062 -12.9947 -28.3349 3.9839 1.6633 -0.5798 -2.0919 -16.4936 -33.7313 -11.8861 0.3268 50.6410 0.6395 10.7668 -11.7231 -12.6759 -1.4655 0.0221 0.9370
7.4262 90.3419 -74.8710 6.5111 -4.5123 3.3853 -1.7702 6.3803 -0.8566 -0.7350 -2.3513 -0.1665 -6.4633 14.7746 -4.3917 -8.2817 32.7724 7.0523 -1.1058 -3.6753 -0.7058 -3.2845 -4.7512 0.7221 -0.0461 -0.0637 0.0692 0.6417 -10.4030 -3.7735 -0.7483 -10.4336 3.9414 -0.3417 11.0891 -8.2270 -61.7204 -18.0612 -19.1372 -1.3347 0.4749 -130.7191 -25.9239 30.4348 -2.0530 -16.2954 10.5914 15.8935 -61.4841 1.4320 2.9826 -10.3109 12.4957 2.8229 71.8599 -26.2474 -1.6830 0.4555 0.1738 131.0158 -3.9761 61.6288 -47.3771 15.3232 7.5539 -15.4996 50.9800 -3.2805 -4.6458 1.4709 -7.0394 0.4458 -0.2902 40.4807 -0.8035 -11.9956 -28.2595 3.2817 1.6647 -0.4903 -2.0992 -17.4683 -35.3422 -11.4244 0.3625 49.4825 0.7068 10.7622 -9.6272 -12.8492 -1.4601 -0.0089 0.9484
8.4526 90.3388 -76.3945 6.6574 -4.1033 3.8923 -1.4146 6.7064 -0.6153 -0.6287 -2.2070 0.4881 -6.4683 15.4538 -3.4074 -10.1195 33.0081 7.4035 -1.2099 -3.6823 -1.2591 -3.0893 -4.0972 -0.2480 -0.0629 -0.0564 0.0651 0.6519 -10.4874 -3.7865 -0.7957 -10.5139 3.9494 -2.4489 11.1951 -6.7442 -59.8478 -15.9158 -17.8834 -1.0199 0.4920 -131.3540 -25.5191 31.7293 -1.9995 -16.2791 10.4694 15.7932 -61.2700 1.3458 3.0071 -10.1403 13.2472 4.5796 70.6361 -27.5259 -2.3861 0.3836 0.2540 127.2132 -8.8286 61.9133 -51.4604 15.3764 7.5533 -15.3958 51.0272 -3.2074 -4.6739 0.5180 -9.3661 0.5186 -0.3124 41.9273 -0.7648 -11.0490 -28.2178 2.7494 1.6697 -0.4121 -2.0937 -18.2108 -36.3387 -10.9596 0.3714 48.3435 0.7399 10.8133 -7.8857 -13.0178 -1.4561 0.0345 0.9657
9.3775 90.2700 -77.6632 6.5245 -4.0177 4.4044 -1.0799 6.8801 -0.3984 -0.5324 -2.1516 1.1213 -6.3661 16.0745 -2.4070 -11.4242 33.4005 7.5512 -1.2837 -3.6927 -1.7449 -2.6526 -3.3955 -1.0552 -0.0611 -0.0558 0.0499 0.6851 -10.5312 -3.8033 -0.8274 -10.5527 3.9326 -4.2008 11.5460 -5.2038 -57.7652 -13.6633 -15.5718 -0.7596 0.5435 -131.5435 -24.4889 33.3320 -1.6768 -16.2617 10.3335 15.6829 -61.0030 1.2940 2.9659 -9.7463 13.9759 6.0741 69.8035 -28.8967 -2.0575 0.3194 0.4101 122.8042 -14.4967 61.8855 -56.4060 15.4224 7.6200 -15.3834 51.2001 -3.1147 -4.7716 -0.0581 -11.1508 0.4323 -0.3021 43.3715 -0.6776 -10.1145 -28.2267 2.2852 1.6760 -0.3546 -2.0944 -18.5880 -36.7704 -10.7575 0.3703 47.3317 0.7596 10.8910 -6.4846 -13.2341 -1.4496 0.1099 0.9844
10.1403 90.1881 -78.7330 6.0233 -4.2139 4.8649 -0.7469 6.9747 -0.1963 -0.4454 -2.1748 1.6590 -6.1669 16.5660 -1.4383 -12.1753 33.7054 7.5439 -1.3618 -3.7160 -2.1886 -2.1227 -2.7479 -1.5968 -0.0464 -0.0667 0.0318 0.7193 -10.5608 -3.8237 -0.8334 -10.5821 3.9098 -5.3137 12.1720 -3.8158 -55.8299 -11.6442 -12.1602 -0.6773 0.6297 -131.3462 -22.5430 34.8320 -0.7458 -16.1998 10.1594 15.5436 -60.6117 1.1938 2.8886 -9.3407 14.6317 7.2131 69.5663 -30.1391 -0.8915 0.2676 0.6333 118.3261 -18.9095 61.1262 -60.1555 15.4791 7.5897 -15.3541 51.3009 -3.0889 -4.8290 -0.1355 -12.4231 0.1941 -0.3024 44.7603 -0.6342 -9.1896 -28.2872 1.8653 1.6770 -0.2744 -2.0796 -18.4006 -36.6768 -11.0197 0.3736 46.3426 0.7654 10.9290 -5.3046 -13.3829 -1.4399 0.1369 1.0042
10.8404 90.1960 -79.7138 5.2953 -4.5881 5.1375 -0.4801 7.0245 -0.0020 -0.4011 -2.2220 2.1179 -5.9677 16.8716 -0.5473 -12.4451 33.8165 7.4915 -1.4880 -3.7531 -2.5269 -1.5546 -2.2778 -1.9706 -0.0306 -0.0827 0.0154 0.7384 -10.5713 -3.8420 -0.8218 -10.6016 3.8895 -5.8612 12.8816 -2.7497 -54.1729 -9.6927 -8.1297 -0.5746 0.6247 -131.0442 -20.2144 35.8425 0.6188 -16.1778 10.1336 15.5473 -60.3242 1.0861 2.8268 -8.9249 15.1140 8.0259 69.8219 -31.1298 0.9201 0.1865 0.8297 114.5279 -21.3696 59.9008 -61.6431 15.5771 7.5537 -15.3625 51.3271 -3.1111 -4.8633 0.0652 -13.1780 -0.1796 -0.3192 45.7773 -0.6206 -8.2809 -28.2619 1.6788 1.6738 -0.1496 -2.0393 -17.7754 -36.1756 -11.8038 0.3804 45.0758 0.7597 10.9120 -4.2023 -13.1731 -1.4292 0.1620 1.0252
11.5621 90.3632 -80.5813 4.5308 -4.9268 4.8559 -0.3267 7.0005 0.1668 -0.4045 -2.2953 2.5789 -5.8388 16.9750 0.2426 -12.5875 33.6291 7.4145 -1.5815 -3.7915 -2.6412 -0.9592 -2.1526 -2.1573 -0.0221 -0.0917 0.0069 0.7431 -10.5789 -3.8554 -0.8097 -10.6169 3.8819 -6.3434 13.4884 -2.0029 -52.8570 -7.4678 -4.3413 -0.3585 0.6068 -130.9292 -18.0602 36.2828 2.3639 -16.1012 10.1881 15.6408 -60.1093 0.9801 2.7425 -8.5135 15.3870 8.7293 70.5047 -31.8990 2.9849 0.1866 0.9498 112.1737 -22.4611 58.1996 -61.0061 15.5841 7.6223 -15.4215 51.3174 -3.1140 -4.8815 0.2933 -13.4986 -0.3898 -0.3445 46.1516 -0.6382 -7.5453 -27.9565 1.9738 1.6697 0.0451 -1.9789 -16.8110 -35.4798 -13.0071 0.4049 43.1379 0.7671 10.7558 -2.9731 -12.2984 -1.4215 0.1354 1.0669
12.3850 90.7506 -81.4385 3.8613 -5.0774 3.4884 -0.2577 6.8605 0.3651 -0.4403 -2.4246 3.0343 -5.9345 16.9567 0.9494 -12.9073 33.1158 7.4565 -1.5993 -3.8184 -2.5165 -0.3787 -2.3899 -2.1533 -0.0310 -0.0975 0.0190 0.7314 -10.6082 -3.8522 -0.8179 -10.6462 3.9071 -7.1742 13.9646 -1.2509 -52.0822 -4.9704 -0.9007 -0.3025 0.6259 -131.2692 -15.8556 36.4591 4.8635 -15.8375 10.3396 15.7708 -59.9257 0.9675 2.6187 -8.1905 15.5734 9.5301 71.0921 -32.5614 5.8038 0.2700 0.9729 111.0834 -22.9037 56.0916 -59.0004 15.3464 7.7357 -15.5352 51.1446 -3.0732 -4.9048 0.4075 -13.5132 0.0260 -0.3466 45.8195 -0.6200 -7.0258 -27.3260 2.9263 1.6711 0.2280 -1.9340 -15.4534 -34.7085 -14.2988 0.3954 40.1829 0.7410 10.5502 -1.5759 -10.6051 -1.4134 -0.0366 1.1002
13.2542 91.2417 -82.2979 3.3885 -5.1519 1.0227 -0.3632 6.5846 0.4903 -0.5300 -2.5245 3.5283 -6.2580 16.7849 1.4641 -13.3859 32.5267 7.7689 -1.4633 -3.7854 -2.2499 0.1413 -3.1479 -1.9287 -0.0789 -0.0761 0.0522 0.6701 -10.6117 -3.8242 -0.8527 -10.6422 3.9599 -8.3308 14.5783 -0.3129 -52.3883 -2.9288 2.2817 -0.8647 0.9270 -132.0962 -13.4117 36.3513 7.6771 -15.5946 10.5125 15.8657 -59.6147 1.2287 2.5148 -8.3355 15.5703 10.2579 71.5226 -32.9387 9.3147 0.7066 0.8755 110.9307 -21.5948 53.7560 -55.3416 15.0986 7.6841 -15.6040 50.8399 -2.9795 -4.9835 0.3255 -13.0664 1.1487 -0.3655 44.6078 -0.6066 -6.6957 -26.2988 4.3837 1.6692 0.2954 -1.8942 -13.7435 -33.6754 -15.8436 0.3252 36.0036 0.7607 10.8299 0.1875 -8.0741 -1.4036 -0.3855 1.0065
14.1453 91.9092 -83.1924 3.0235 -5.3040 -2.3495 -0.5468 6.2319 0.6789 -0.6214 -2.6698 3.9152 -6.7984 16.5901 1.8320 -13.9821 32.2153 8.1451 -1.3220 -3.7952 -1.7215 0.5720 -3.8667 -1.4994 -0.1213 -0.0641 0.0946 0.6239 -10.5956 -3.7686 -0.8927 -10.6234 4.0044 -9.6073 15.0270 0.4756 -53.5474 -0.8643 4.9807 -1.2887 1.0138 -133.6628 -11.2943 36.6206 10.6040 -15.1562 10.7651 15.9776 -59.5350 1.4256 2.4669 -8.9377 15.5868 10.5665 70.9888 -33.1248 14.3096 0.9222 0.8766 111.3901 -18.9191 51.7430 -52.1622 14.9345 7.7388 -15.7194 50.9477 -2.9279 -4.9879 0.2553 -12.1643 2.8550 -0.3231 42.9167 -0.5365 -6.7549 -25.0874 6.1854 1.6673 0.4189 -1.9011 -12.0179 -32.0866 -16.7030 0.2417 31.0467 0.6191 11.1949 1.8492 -5.4684 -1.4068 -0.6252 0.9748
14.8654 92.6061 -84.0495 2.7916 -5.7499 -6.0573 -0.7858 5.8674 0.9131 -0.7436 -2.8036 4.1363 -7.4756 16.3892 1.9348 -14.5447 32.3726 8.4632 -1.2086 -3.7525 -0.8394 0.9454 -4.6263 -0.9678 -0.1590 -0.0389 0.1535 0.5824 -10.5620 -3.6891 -0.9272 -10.5771 4.0555 -11.1122 15.4965 0.8959 -54.9768 0.4756 7.0259 -1.4703 1.0227 -135.4990 -9.5119 36.8449 13.4019 -14.8008 10.8542 15.9409 -59.3885 1.6203 2.4779 -9.7079 15.4742 10.6150 69.7394 -33.1240 19.5892 1.1809 0.9771 112.2043 -14.8230 49.4559 -48.9070 14.8849 7.7334 -15.8382 51.0387 -2.9423 -5.0702 0.1803 -10.7977 4.7402 -0.2610 40.9813 -0.4896 -7.0204 -23.7442 8.0618 1.6604 0.4074 -1.9675 -10.5590 -30.1133 -17.2430 0.2156 26.0187 0.4772 11.4895 3.4352 -3.2481 -1.4338 -0.8022 0.9428
15.5096 93.2270 -84.9916 2.7059 -6.4481 -9.6675 -1.1695 5.5013 1.0793 -0.8323 -2.8786 4.2353 -8.1345 16.2428 1.8390 -14.9101 32.6840 8.9103 -1.1165 -3.7252 -0.0084 1.1623 -5.1448 -0.4249 -0.1834 -0.0215 0.1800 0.5519 -10.5654 -3.6490 -0.9449 -10.5646 4.0762 -12.3812 15.4966 0.9803 -56.1096 1.0486 8.3529 -1.4912 1.0268 -137.1781 -8.3736 36.8150 15.7340 -14.5453 10.8716 15.8822 -59.3212 1.7386 2.5317 -10.4776 15.4322 10.5916 68.1238 -33.3533 24.3324 1.1984 0.9881 113.0294 -11.5252 47.3751 -46.6754 14.8067 7.6539 -15.9221 51.0634 -3.0325 -5.1643 0.1258 -9.2639 6.6302 -0.2097 39.0964 -0.4523 -7.2898 -22.5167 9.5628 1.6520 0.3440 -1.9815 -9.7104 -28.1885 -17.0869 0.1519 22.0860 0.3085 12.3661 4.1410 -1.8550 -1.4361 -0.9680 0.9123
16.0293 93.7304 -86.0839 2.6920 -7.3115 -12.7267 -1.5907 5.2263 1.2022 -0.9163 -2.9214 4.1440 -8.6676 16.1533 1.5752 -14.9728 32.8919 9.2194 -1.0110 -3.7084 0.7210 1.2241 -5.4809 0.1676 -0.1970 -0.0138 0.2012 0.5331 -10.5970 -3.6227 -0.9535 -10.5896 4.0972 -13.1959 15.2207 0.5046 -56.6399 0.7793 9.0362 -1.4383 1.0660 -138.4342 -8.1421 36.6308 17.5770 -14.4107 10.8564 15.8303 -59.4359 1.8336 2.5988 -11.2337 15.3623 10.4747 66.6843 -33.8960 27.8954 1.1701 1.1156 113.6904 -9.5271 45.4993 -45.5399 14.7050 7.5275 -15.9168 50.9957 -3.0994 -5.2483 0.1999 -7.8984 8.3749 -0.1764 37.5814 -0.4237 -7.4649 -21.4371 10.5977 1.6467 0.3077 -1.9980 -9.5098 -26.7415 -16.3169 0.1202 20.1606 0.2168 13.5900 3.1177 -1.1887 -1.4273 -1.1259 0.8930
16.3958 94.0315 -87.2302 2.5890 -8.2961 -14.9052 -1.9685 5.0990 1.2547 -0.9839 -2.9115 3.8750 -9.0381 16.1373 1.1537 -14.6481 32.8820 9.3555 -0.8692 -3.7154 1.3317 1.3343 -5.8203 0.7018 -0.1879 -0.0128 0.2072 0.5336 -10.5937 -3.6148 -0.9346 -10.5942 4.0977 -13.2816 14.7422 -0.4652 -56.5389 0.0022 8.9527 -1.3786 1.1151 -139.2087 -8.9672 36.0984 18.9096 -14.4258 10.7829 15.7599 -59.6590 1.8492 2.6285 -11.9787 15.2844 10.1998 65.4363 -34.6828 30.5953 1.0200 1.2613 114.1610 -8.7499 43.8976 -45.3196 14.5385 7.4369 -15.8593 50.8576 -3.1483 -5.3405 0.5723 -6.9817 9.8493 -0.1620 36.7691 -0.3877 -7.5165 -20.5503 10.9660 1.6420 0.3680 -1.9949 -9.8823 -25.8273 -15.0305 0.1255 20.9669 0.2220 14.5158 1.0506 -1.1889 -1.4152 -1.2522 0.9020
16.6416 94.1248 -88.4746 2.3030 -9.4216 -16.0666 -2.2841 5.1851 1.2114 -1.0513 -2.8576 3.4796 -9.2464 16.1716 0.5172 -13.8510 32.7295 9.2581 -0.6563 -3.7293 1.8655 1.5252 -6.1812 1.1878 -0.1538 -0.0121 0.1861 0.5526 -10.5465 -3.6312 -0.8834 -10.5536 4.0592 -12.5715 14.2214 -1.8901 -55.8579 -1.0045 8.0679 -1.2520 1.0568 -139.5426 -10.9650 35.0418 19.7255 -14.4713 10.7052 15.6954 -59.9034 1.8141 2.6035 -12.6205 15.2574 9.7109 64.2656 -35.5659 32.7982 0.8624 1.2776 114.3982 -8.7137 42.5466 -45.7166 14.4771 7.3948 -15.8207 50.7199 -3.1860 -5.4084 1.2852 -6.5604 10.9492 -0.1683 36.7353 -0.3813 -7.5291 -19.9237 10.6712 1.6413 0.5393 -1.9808 -10.7287 -25.2169 -13.3256 0.1766 24.9022 0.3493 14.6184 -1.4520 -1.3363 -1.4159 -1.2906 0.9341
16.7399 94.0379 -89.7209 1.8555 -10.6377 -16.1752 -2.5908 5.4540 1.1392 -1.1392 -2.8088 2.8909 -9.2845 16.2902 -0.2086 -12.6295 32.5418 8.9028 -0.3666 -3.7324 2.2804 1.7252 -6.5425 1.6830 -0.1092 -0.0048 0.1595 0.5877 -10.4656 -3.6509 -0.8268 -10.4816 4.0097 -11.2228 13.7744 -3.7060 -54.5961 -2.1124 6.4398 -1.0084 0.8825 -139.3809 -14.3592 33.5349 19.8377 -14.4344 10.6270 15.6019 -60.0067 1.7394 2.5350 -13.0338 15.3901 8.9815 63.1830 -36.3689 34.5485 0.8412 1.1135 114.5154 -9.1751 41.4197 -46.6945 14.6453 7.4030 -15.8439 50.7806 -3.2232 -5.4058 2.2530 -6.7063 11.6418 -0.1787 37.5349 -0.3718 -7.5615 -19.5622 9.7671 1.6379 0.8134 -1.9528 -11.9748 -24.6043 -11.1499 0.2374 31.9601 0.5579 13.9303 -4.8916 -1.5744 -1.4350 -1.2805 0.9660
16.6410 93.7799 -90.9302 1.5066 -11.6838 -15.6707 -2.9442 5.6813 1.0335 -1.2489 -2.7907 2.3683 -9.2888 16.4040 -0.8300 -11.3312 32.3602 8.3605 -0.1353 -3.7058 2.5926 1.9315 -6.7933 2.1183 -0.0717 0.0035 0.1415 0.6209 -10.3616 -3.6596 -0.7821 -10.3975 3.9682 -9.7913 13.5138 -5.4768 -53.1135 -3.3643 4.6710 -0.8757 0.7084 -138.9105 -17.9897 31.6887 19.2054 -14.3802 10.6825 15.5803 -59.9791 1.6714 2.5502 -13.2359 15.5850 8.1297 62.6441 -36.7174 35.7212 0.8591 0.9081 114.5286 -10.1894 40.7306 -48.1635 14.8795 7.4601 -15.8662 50.9755 -3.2243 -5.2891 3.0664 -7.3127 11.8679 -0.1767 38.8135 -0.3552 -7.6720 -19.3126 8.6785 1.6335 1.0496 -1.9311 -13.3398 -23.6662 -9.0059 0.3328 40.8374 0.7982 12.8698 -8.9674 -1.5507 -1.4645 -1.3821 0.9728
16.4851 93.4893 -92.0411 1.5167 -12.3668 -15.3491 -3.2394 5.6344 0.9824 -1.3519 -2.8667 2.1691 -9.4276 16.5293 -1.1444 -10.5034 32.3016 8.0036 -0.0733 -3.6721 2.7843 2.2001 -6.7199 2.2856 -0.0513 0.0058 0.1340 0.6368 -10.3084 -3.6580 -0.7567 -10.3546 3.9450 -9.0156 13.3111 -6.5761 -51.8781 -4.6799 3.2728 -0.9783 0.6115 -138.3490 -20.1731 30.0456 18.1415 -14.4571 10.7090 15.5788 -59.9082 1.6013 2.6115 -13.1622 15.7378 7.6316 63.0077 -36.2804 35.8406 0.8717 0.8332 114.6090 -11.8174 41.0720 -49.9516 14.9903 7.5387 -15.8418 51.0370 -3.2345 -5.1320 3.3751 -8.0780 11.8332 -0.1801 40.0053 -0.3419 -7.8227 -19.0403 7.9639 1.6285 1.1102 -1.9312 -14.6200 -22.1018 -7.0927 0.4021 49.2701 0.9517 12.0773 -13.0088 -1.0928 -1.4831 -1.6575 0.9749
16.2914 93.1962 -93.0232 1.8638 -12.7502 -15.4800 -3.3942 5.3083 1.0181 -1.4113 -3.0240 2.3187 -9.6644 16.6785 -1.0840 -10.3663 32.4026 8.0024 -0.1155 -3.6668 2.8121 2.4428 -6.3734 2.2033 -0.0520 -0.0005 0.1443 0.6304 -10.3205 -3.6486 -0.7525 -10.3687 3.9572 -8.8533 13.0587 -6.9010 -51.3610 -6.0097 2.2460 -1.1445 0.5889 -137.6540 -20.9553 29.4097 16.7329 -14.6260 10.6966 15.5585 -59.8609 1.5649 2.6432 -12.9100 15.9812 7.6199 63.8696 -35.2793 35.1164 0.7923 0.8226 114.7253 -13.9392 42.1463 -51.9004 14.9756 7.6262 -15.7635 51.0002 -3.2600 -5.0428 3.2862 -8.7905 11.8371 -0.1916 40.8775 -0.3388 -8.0022 -18.7252 7.6804 1.6229 1.0388 -1.9405 -15.6495 -19.8309 -5.5042 0.4270 55.9959 0.9887 11.5308 -16.5231 -0.6403 -1.4848 -1.9888 0.9455
16.0895 92.9026 -93.9035 2.5355 -12.9481 -16.0670 -3.4502 4.8078 1.1131 -1.4298 -3.2379 2.6814 -9.9562 16.7755 -0.7365 -10.8542 32.6129 8.3341 -0.2525 -3.6509 2.7597 2.4703 -5.8903 2.1044 -0.0736 -0.0069 0.1713 0.6043 -10.3669 -3.6326 -0.7730 -10.4130 4.0038 -9.0630 12.8094 -6.5892 -51.9599 -7.0912 1.6202 -1.2919 0.5976 -136.8668 -20.3349 30.0669 15.3431 -14.8954 10.6985 15.5724 -59.9885 1.5643 2.6514 -12.6769 16.2797 8.0314 64.7878 -33.9533 34.0716 0.6839 0.8976 114.7448 -15.7560 43.3816 -53.6495 14.9062 7.6516 -15.6477 50.8718 -3.2904 -4.9709 2.8585 -9.2911 12.0083 -0.1706 41.3667 -0.2938 -8.1684 -18.4332 7.6952 1.6155 0.8954 -1.9527 -16.5553 -16.9117 -4.2915 0.4992 60.1912 1.0699 11.5341 -18.9225 0.1282 -1.4753 -2.4012 0.9476
15.8653 92.6458 -94.7534 3.4531 -13.0367 -17.0261 -3.4489 4.1953 1.2370 -1.4084 -3.4617 3.1955 -10.2426 16.8262 -0.2234 -11.8106 32.9238 8.9572 -0.4287 -3.6240 2.6348 2.2050 -5.3082 2.1294 -0.0976 -0.0140 0.1926 0.5834 -10.4287 -3.6339 -0.8019 -10.4804 4.0539 -9.5054 12.7181 -5.7874 -53.6259 -7.8578 1.2605 -1.4161 0.6345 -135.9213 -18.2670 31.7172 14.1767 -15.2134 10.6820 15.6439 -60.2084 1.5627 2.6594 -12.5024 16.6572 8.7600 65.4564 -32.6642 33.0588 0.5072 1.0244 114.6401 -17.0152 44.6632 -55.1787 14.8676 7.6193 -15.4919 50.7618 -3.3210 -4.9182 2.2378 -9.5964 12.3997 -0.1332 41.5390 -0.2292 -8.3278 -18.0946 7.9693 1.6108 0.6701 -1.9579 -17.3961 -13.6119 -3.5051 0.6638 61.9361 1.3058 12.3581 -20.3594 1.5378 -1.4604 -3.0156 0.9769
15.5930 92.4020 -95.6107 4.4584 -13.0891 -18.1903 -3.4088 3.5473 1.3951 -1.3746 -3.7059 3.6922 -10.4505 16.8500 0.3867 -12.9107 33.3135 9.7341 -0.5459 -3.5907 2.4866 1.7009 -4.7455 2.3023 -0.1063 -0.0175 0.1859 0.5848 -10.4732 -3.6631 -0.8240 -10.5376 4.0721 -10.0342 12.8018 -4.7577 -55.9966 -8.0770 1.0697 -1.6089 0.6614 -134.6937 -14.9392 33.5000 13.5420 -15.4271 10.7849 15.7686 -60.5393 1.6195 2.6367 -12.3196 17.0524 9.6683 65.7685 -31.6417 32.2690 0.2638 1.1113 114.4360 -17.8801 45.8510 -56.4032 14.8680 7.5676 -15.3333 50.7550 -3.3185 -4.8884 1.6338 -9.7749 13.0263 -0.1012 41.5511 -0.1688 -8.4082 -17.7027 8.3000 1.6069 0.4546 -1.9392 -18.1822 -10.1487 -3.2665 0.7629 61.2973 1.5327 14.0354 -21.0453 3.8698 -1.4525 -4.0727 1.0465
15.1964 92.1516 -96.5780 5.3482 -13.1648 -19.3565 -3.3257 2.9217 1.5877 -1.3251 -3.9286 4.1361 -10.4667 16.8284 0.9320 -13.9064 33.7044 10.4688 -0.5662 -3.5779 2.4126 1.1104 -4.3009 2.4943 -0.0947 -0.0119 0.1648 0.6163 -10.4857 -3.6949 -0.8339 -10.5464 4.0542 -10.5282 12.8614 -3.6575 -58.4322 -7.4966 0.5129 -1.6217 0.4791 -133.1695 -11.6446 34.5174 13.4039 -15.4809 10.9006 15.8267 -60.6199 1.6665 2.5941 -12.0653 17.4261 10.5643 65.8088 -31.0596 31.6544 0.0044 1.0039 114.3232 -18.7946 46.8765 -57.4911 14.8205 7.5167 -15.2303 50.6243 -3.2904 -4.9728 1.2948 -9.9627 13.8463 -0.0867 41.5457 -0.1455 -8.4464 -17.2281 8.5263 1.5939 0.3581 -1.8667 -18.7213 -6.6831 -3.8428 0.6902 58.0838 1.5561 15.9087 -20.9166 6.3868 -1.4579 -6.9372 1.1474
14.6796 91.9476 -97.6940 5.9590 -13.2714 -20.4065 -3.1686 2.3669 1.7727 -1.2451 -4.1394 4.4786 -10.1562 16.7430 1.3822 -14.9192 34.0906 10.9480 -0.5163 -3.6137 2.3196 0.5209 -3.9842 2.7255 -0.0717 -0.0081 0.1494 0.6553 -10.5048 -3.7180 -0.8267 -10.5533 4.0380 -10.9552 13.1200 -2.8262 -60.5970 -6.4808 -0.7068 -1.1739 0.0879 -131.2280 -9.0714 35.0687 13.3824 -15.3770 10.9626 15.8652 -60.7974 1.6151 2.5455 -11.7612 17.4582 11.2622 65.7412 -30.5769 31.3970 -0.1388 0.8670 114.3733 -19.5773 47.2126 -58.1188 14.8815 7.5241 -15.1882 50.5363 -3.2193 -5.0637 1.3602 -10.2604 14.5799 -0.0395 41.5187 -0.1063 -8.4621 -16.6325 8.4967 1.5799 0.3457 -1.8541 -18.8743 -3.4815 -5.3590 0.6014 52.4076 1.2191 16.2929 -22.2009 6.5633 -1.4895 -9.9332 1.2837
13.9321 91.9012 -98.8258 6.0788 -13.5301 -21.2608 -2.7204 2.0363 1.8012 -1.1404 -4.2471 4.6619 -9.6384 16.6414 1.6399 -15.5602 34.2675 11.3708 -0.4996 -3.6306 2.1774 -0.2506 -3.7913 2.8646 -0.0421 -0.0047 0.1280 0.6906 -10.5010 -3.7439 -0.8049 -10.5441 4.0131 -11.0315 13.2886 -2.3096 -62.6942 -5.6966 -1.7055 -0.9437 -0.1458 -129.1131 -7.2972 34.6805 13.6119 -15.3423 10.9675 15.8099 -60.8711 1.6584 2.5132 -11.6281 17.3533 11.7979 65.1754 -30.3920 31.8186 -0.3732 0.7937 114.6882 -19.2180 46.9812 -58.0003 14.7983 7.5751 -15.2761 50.5110 -3.2464 -4.9756 2.0397 -10.6177 15.0169 -0.0089 41.2798 -0.0930 -8.5409 -15.5845 8.4424 1.5821 -0.0927 -1.9090 -17.9589 -1.3614 -6.6040 0.4692 47.9679 0.9686 15.1920 -26.1321 4.2960 -1.4628 -6.1020 1.2414
13.2601 91.9733 -100.2277 5.7282 -13.8154 -22.0236 -2.0795 1.9608 1.6961 -0.9961 -4.2793 4.6307 -8.8271 16.5568 1.6214 -16.0818 34.3170 11.5978 -0.5535 -3.6551 1.8946 -1.1347 -3.8176 2.9892 -0.0132 -0.0086 0.1147 0.7210 -10.4814 -3.7592 -0.7770 -10.5249 3.9920 -10.9099 13.5060 -2.2327 -64.4186 -5.3635 -2.6413 -0.8064 -0.2627 -126.9688 -6.0902 34.2521 13.7684 -15.3899 11.0155 15.7746 -61.0538 1.6947 2.4910 -11.6671 17.1669 11.9956 64.1007 -30.2889 32.7471 -0.4601 0.8584 115.3107 -17.8884 46.7386 -57.4714 14.6904 7.5784 -15.3374 50.5188 -3.2963 -4.8742 3.1355 -11.1192 15.1271 -0.0031 40.7305 -0.1118 -8.6080 -14.1164 8.5370 1.5834 -0.4694 -1.9819 -16.3457 -0.1682 -7.0060 0.3926 44.8280 0.8625 13.3372 -28.3108 2.6087 -1.4359 -3.0270 1.1557
12.7272 92.2159 -101.8990 5.1448 -13.9520 -22.5589 -1.4291 2.0991 1.5678 -0.8757 -4.2130 4.2692 -7.9512 16.3921 1.2926 -16.3901 34.2284 11.6158 -0.6214 -3.7502 1.6465 -2.0848 -4.0015 3.0868 -0.0010 -0.0319 0.0790 0.7265 -10.4880 -3.7921 -0.7586 -10.5326 3.9539 -10.4296 13.5553 -2.5532 -65.5711 -5.3644 -3.6953 -0.7872 -0.4017 -124.9521 -5.3603 33.8705 13.9217 -15.3478 11.0564 15.7585 -61.1329 1.7842 2.5422 -11.6524 16.9204 11.8757 62.6540 -30.0461 34.1450 -0.6205 0.7994 116.1557 -16.4998 46.9654 -57.2062 14.6464 7.5883 -15.3912 50.7724 -3.2087 -4.9248 4.2795 -11.8260 14.9889 -0.0328 39.7392 -0.1688 -8.5042 -12.2415 8.9805 1.5921 -0.6967 -2.0216 -14.3886 0.1434 -6.7326 0.3181 42.8432 0.8377 11.3362 -28.9267 1.6019 -1.4146 -1.5070 1.1336
12.3198 92.5500 -103.7414 4.5737 -13.8366 -22.8366 -0.9479 2.4311 1.3722 -0.8307 -4.1154 3.7513 -7.0844 16.2934 0.6751 -16.3228 33.8655 11.3797 -0.8122 -3.7514 1.4169 -3.0033 -4.6661 3.0489 -0.0223 -0.0394 0.1075 0.7037 -10.4720 -3.7480 -0.7804 -10.5128 3.9779 -9.6392 13.5863 -3.3503 -66.1368 -5.8591 -4.9540 -0.6582 -0.4168 -123.2789 -5.3764 33.2441 13.7634 -15.3406 11.0525 15.7552 -61.0525 1.7981 2.5991 -11.5340 16.7025 11.4366 61.0996 -29.7880 35.3113 -0.5883 0.9016 117.2216 -14.9710 47.3555 -57.1021 14.7127 7.5032 -15.3557 50.8772 -3.2077 -4.8468 5.2185 -12.7271 15.0358 -0.0410 38.3331 -0.2000 -8.2201 -10.0356 9.3618 1.6056 -1.0428 -2.0636 -12.5018 -0.6219 -6.0537 0.2888 42.1772 0.7816 9.8491 -28.3131 0.9533 -1.4024 -1.0289 1.1314
12.0521 92.8342 -105.8255 4.1701 -13.3736 -22.6196 -0.7086 2.9494 1.1015 -0.8940 -3.8941 3.0230 -6.3693 16.1310 -0.1718 -15.8673 32.9831 10.8876 -0.9619 -3.7406 1.2002 -3.8717 -5.7618 2.9278 -0.0535 -0.0425 0.1395 0.6651 -10.4447 -3.6903 -0.8033 -10.4682 3.9950 -8.1908 13.6714 -4.5447 -66.4493 -7.0764 -6.0339 -0.7000 -0.4326 -121.9819 -5.9274 32.4145 13.6036 -15.4001 11.0581 15.8651 -61.2545 1.8248 2.7104 -11.4893 16.4740 10.5798 60.2246 -29.4268 36.1251 -0.6208 1.0989 118.5300 -14.0554 47.9065 -57.4328 14.9527 7.4529 -15.3100 51.0792 -3.1855 -4.8592 5.6865 -14.1375 15.6108 -0.0672 36.8210 -0.2284 -7.6494 -7.8414 9.2006 1.6257 -1.3604 -2.0493 -10.8994 -2.1079 -5.3904 0.2925 41.9913 0.7165 8.7631 -27.4947 0.2174 -1.3993 -0.7971 1.1094
11.9283 93.0111 -108.1948 3.8270 -12.4780 -21.9733 -0.6016 3.7328 0.7843 -0.9407 -3.6573 2.1613 -5.7350 15.9279 -1.1526 -15.1638 31.4233 10.1174 -1.1724 -3.6739 0.6385 -4.7542 -7.2999 2.9771 -0.0477 -0.0686 0.1129 0.6899 -10.3999 -3.6837 -0.8146 -10.4173 3.9345 -6.3991 13.8729 -6.0695 -66.6539 -8.9145 -6.6768 -0.8607 -0.3894 -121.4083 -6.7624 31.6330 13.5683 -15.4803 11.1452 16.0286 -61.3826 1.9361 2.8139 -11.6288 16.1602 9.2947 60.3072 -28.7676 36.3247 -0.5309 1.1075 120.4400 -13.7863 47.9801 -57.7236 15.0130 7.2984 -15.2452 50.9124 -3.1742 -4.8508 5.7321 -16.3204 16.9515 -0.0614 35.2570 -0.1362 -7.4559 -5.7166 8.3104 1.6850 -1.8269 -2.0356 -9.3702 -4.4150 -4.8052 0.2519 42.2461 0.6400 8.0006 -26.4661 -0.8502 -1.4002 -0.5330 1.1794
12.0160 93.0714 -110.7442 3.5031 -11.4042 -20.7751 -0.4674 4.6615 0.3449 -1.0412 -3.3264 1.0748 -5.2473 15.9575 -2.2124 -14.5969 29.2770 9.0856 -1.0284 -3.7706 0.3333 -5.5783 -8.9415 2.7676 -0.0626 -0.0486 0.1343 0.6485 -10.3029 -3.6185 -0.8020 -10.3015 3.9107 -4.3663 14.3123 -7.7508 -66.7669 -11.4109 -6.8175 -0.9429 -0.2605 -121.0397 -7.3546 31.0386 13.7100 -15.5558 11.0242 16.0631 -61.6752 1.8804 2.9668 -11.5039 16.0583 7.7505 60.9333 -27.4833 36.2140 -0.4334 1.1495 122.7643 -14.5310 47.4888 -56.9925 15.5511 7.4880 -15.5670 51.3414 -3.0767 -5.0869 5.3311 -18.6272 19.0918 -0.0970 33.2969 -0.0943 -8.4375 -4.4023 6.5340 1.6292 -1.9519 -1.9476 -8.1298 -7.2105 -4.3873 0.2355 42.8841 0.4974 7.2182 -25.4839 -2.1604 -1.4155 -0.1696 1.0683
12.2100 93.1747 -113.2198 3.5642 -9.9760 -19.4995 -0.5357 5.3789 0.0025 -1.0138 -3.1289 0.3443 -4.9480 16.0481 -3.4239 -13.6582 27.6283 8.3121 -1.2432 -3.6859 -0.7207 -6.3468 -10.4317 2.7231 -0.0371 -0.0606 0.0595 0.6931 -10.2232 -3.6728 -0.7920 -10.2288 3.8034 -2.5298 14.6348 -9.1113 -67.0069 -13.6131 -6.9623 -0.9972 -0.1099 -120.9868 -7.2515 30.4648 14.5613 -15.5826 11.0679 16.1499 -61.4941 1.9672 3.0400 -10.4469 16.2346 6.1509 61.5568 -25.3616 35.6143 -0.1981 1.0260 125.0034 -15.9849 47.3269 -56.9367 15.7227 7.4136 -15.5709 51.2333 -3.1106 -5.0620 4.2490 -20.7403 21.0344 -0.0593 31.3086 0.1267 -11.6458 -3.9661 4.5348 1.6175 -2.3377 -1.9477 -7.4388 -10.3911 -4.3590 0.1917 43.3798 0.4178 6.4155 -24.1187 -3.5899 -1.4295 0.0887 1.0959
12.6219 93.2914 -115.4962 3.9422 -8.7695 -18.5050 -0.5719 6.0941 -0.2886 -1.0128 -2.8993 -0.2932 -4.7767 16.3706 -4.3560 -13.1471 26.4096 7.7103 -1.4141 -3.6944 -1.5516 -6.9636 -11.4987 2.3362 -0.0497 -0.0542 0.0467 0.6665 -10.1534 -3.6586 -0.7901 -10.1528 3.7647 -0.9433 14.9788 -10.0026 -67.5119 -15.5107 -7.0100 -0.9712 -0.0308 -120.9762 -6.5651 30.1552 15.7034 -15.4967 11.0696 16.1695 -61.3882 1.9804 3.0001 -8.8427 16.8727 4.7429 62.1463 -22.7074 34.3674 -0.0198 0.9791 126.8343 -18.6814 48.1297 -57.2789 15.9015 7.4780 -15.6783 51.1124 -3.1391 -5.1062 3.2113 -21.9076 21.9664 -0.0446 30.8069 0.1265 -14.0636 -5.4712 4.1246 1.5403 -2.5633 -1.9972 -7.3616 -13.3473 -4.2624 0.1954 43.8313 0.4133 5.7297 -22.9133 -4.7187 -1.4394 0.3425 1.0135
13.2542 93.4217 -117.6197 4.6184 -7.7352 -17.8246 -0.6594 6.7198 -0.5037 -0.9836 -2.6800 -0.6262 -4.7039 16.8023 -5.1330 -13.0301 25.7478 7.3313 -1.5707 -3.7088 -2.3964 -7.4338 -12.3089 1.7545 -0.0705 -0.0517 0.0553 0.6314 -10.1277 -3.6346 -0.7970 -10.1189 3.7635 0.2344 15.1648 -10.4323 -67.9636 -16.7672 -7.2110 -0.9493 0.0751 -121.1219 -5.6942 29.6237 17.1553 -15.4294 11.0664 16.1544 -61.2457 1.9653 2.8138 -6.7153 17.7054 3.6295 62.3899 -19.7944 32.1312 0.1914 0.9955 128.2056 -22.0877 49.3511 -58.0641 16.0185 7.4685 -15.7373 50.9515 -3.2402 -5.1141 2.4836 -22.3361 21.0404 -0.0302 33.0354 0.0827 -13.4107 -7.8367 6.0897 1.5665 -2.4635 -2.0270 -7.7900 -16.1092 -3.9239 0.2244 44.2035 0.4783 5.2169 -21.6354 -5.7562 -1.4467 0.4896 0.9611
13.9732 93.5284 -119.5694 5.4451 -6.8922 -17.3159 -0.7327 7.3010 -0.6479 -0.9506 -2.4752 -0.7731 -4.7053 17.2240 -5.7272 -13.2640 25.4547 7.1870 -1.7110 -3.7104 -3.1082 -7.7473 -12.8809 0.9656 -0.1068 -0.0441 0.0893 0.5755 -10.1201 -3.5909 -0.8139 -10.0979 3.7998 1.1281 15.3216 -10.5119 -68.3048 -17.3730 -7.7449 -0.8384 0.0981 -121.3440 -4.8490 29.0631 18.7314 -15.3473 11.1155 16.1443 -61.2050 1.9893 2.5904 -4.6500 18.6159 2.9239 62.3846 -17.2063 29.0566 0.4715 0.9453 129.3006 -25.5972 50.3497 -59.0859 16.1628 7.4702 -15.8241 50.7989 -3.3881 -5.1211 2.1894 -22.0122 18.4671 -0.0662 37.5791 -0.0578 -12.0194 -10.3575 8.2503 1.6192 -2.2220 -2.0697 -8.5288 -18.5581 -3.3011 0.2646 44.4348 0.5629 4.9421 -20.3628 -6.9304 -1.4493 0.4266 0.9155
14.7203 93.5751 -121.3814 6.3049 -6.0991 -16.6912 -0.7862 7.8020 -0.7194 -0.9029 -2.2875 -0.8942 -4.7399 17.5207 -6.1331 -13.7001 25.3279 7.1629 -1.8400 -3.6835 -3.7713 -7.9315 -13.3379 0.1073 -0.1400 -0.0352 0.1274 0.5299 -10.1399 -3.5553 -0.8351 -10.1049 3.8528 1.6925 15.4364 -10.4693 -68.4935 -17.5634 -8.4016 -0.7629 0.0761 -121.6418 -4.0518 28.5390 20.1941 -15.2804 11.1603 16.1474 -61.0562 1.9916 2.4835 -2.8562 19.4919 2.5558 62.0557 -15.1342 25.6009 0.7905 0.7635 130.2495 -28.2909 51.0397 -59.7974 16.3044 7.4503 -15.8927 50.7476 -3.4732 -5.1000 1.8436 -21.2381 15.3168 -0.1639 43.4328 -0.3043 -11.2714 -12.4965 9.1075 1.6589 -2.0833 -2.1115 -9.4607 -20.8374 -2.3548 0.2917 44.6501 0.6316 4.9760 -19.0732 -8.3987 -1.4517 0.3187 0.8742
15.4370 93.5866 -123.1788 7.2232 -5.2034 -15.6990 -0.8863 8.2047 -0.7869 -0.8556 -2.0968 -0.9937 -4.7809 17.6987 -6.3938 -14.2223 25.0720 7.1622 -1.9519 -3.6274 -4.4714 -7.9658 -13.7321 -0.8472 -0.1605 -0.0276 0.1479 0.5034 -10.1806 -3.5504 -0.8500 -10.1457 3.8966 1.9065 15.4387 -10.5390 -68.4800 -17.6208 -9.0452 -0.8066 -0.0174 -122.0365 -3.1329 28.0590 21.5039 -15.2233 11.1933 16.1629 -60.8622 1.9663 2.4740 -1.3325 20.2240 2.4738 61.5606 -13.6949 21.9361 1.1426 0.5788 131.0221 -29.8598 51.4305 -59.8363 16.5157 7.4217 -15.9744 50.8593 -3.4722 -5.0812 1.0223 -20.2477 12.3384 -0.2578 49.4877 -0.5428 -11.0221 -13.6732 8.4720 1.6917 -2.2449 -2.1496 -10.6395 -23.1210 -1.0884 0.2926 44.8745 0.6811 5.2639 -17.7294 -10.2643 -1.4546 0.2617 0.8437
16.1683 93.5880 -125.0339 8.2198 -4.1692 -14.2200 -1.0223 8.5461 -0.8929 -0.8062 -1.9062 -1.0754 -4.8406 17.8371 -6.5357 -14.7662 24.6469 7.1785 -2.1086 -3.5865 -5.2612 -7.8699 -14.1309 -1.9363 -0.1691 -0.0296 0.1503 0.4905 -10.2172 -3.5626 -0.8553 -10.1935 3.9178 1.8844 15.3246 -10.7347 -68.2607 -17.6765 -9.9617 -0.7871 -0.0753 -122.5098 -2.0611 27.4904 22.5221 -15.1383 11.2480 16.1750 -60.7478 1.9379 2.4802 -0.0439 20.8021 2.6352 61.2206 -12.9283 18.0406 1.4993 0.3789 131.5488 -30.7765 51.4517 -59.2136 16.6152 7.3940 -16.0231 50.9389 -3.4087 -5.0590 -0.2896 -19.0802 9.7531 -0.3294 54.3816 -0.7036 -10.8110 -13.6365 7.1316 1.7309 -2.7637 -2.1814 -12.1588 -25.4502 0.6317 0.2631 45.1280 0.6994 5.7374 -16.3082 -12.6577 -1.4594 0.1948 0.8267
16.9417 93.5640 -126.9345 9.2862 -3.0139 -12.2421 -1.1569 8.8337 -1.0686 -0.7582 -1.6937 -1.1137 -4.9273 17.9720 -6.6134 -15.2687 24.1476 7.1780 -2.3255 -3.5668 -6.1392 -7.6170 -14.5400 -3.2217 -0.1697 -0.0350 0.1482 0.4843 -10.2322 -3.5729 -0.8517 -10.2289 3.9252 1.6902 15.0323 -11.0124 -67.8388 -17.7567 -11.3897 -0.7113 -0.1048 -122.9397 -0.9313 27.0915 23.3635 -15.0384 11.3000 16.1784 -60.7463 1.9489 2.4917 1.0447 21.1771 3.1004 61.3141 -12.8254 13.8421 1.8475 0.0918 131.5953 -31.5166 51.1969 -58.1936 16.5715 7.4111 -16.0776 50.9133 -3.3619 -5.0529 -1.8752 -17.8006 7.4292 -0.3875 57.0982 -0.8063 -10.6370 -12.2631 5.6365 1.7890 -3.6968 -2.2447 -14.0640 -27.7843 2.7611 0.2530 45.3788 0.7499 6.2216 -14.7520 -15.5776 -1.4667 0.1408 0.8263
17.6899 93.4295 -128.9635 10.2764 -1.7733 -9.7342 -1.1849 9.0572 -1.3271 -0.7101 -1.4889 -1.1188 -4.9707 18.1928 -6.6006 -15.6313 23.6920 7.1241 -2.5705 -3.5776 -7.1182 -7.1823 -14.9395 -4.7341 -0.1691 -0.0392 0.1608 0.4852 -10.2364 -3.5584 -0.8518 -10.2553 3.9354 1.3979 14.6556 -11.2846 -67.2556 -17.9452 -13.5354 -0.5556 -0.1376 -123.2891 0.1085 27.2168 24.1107 -14.9520 11.3611 16.2288 -60.8518 2.0064 2.4968 1.9127 21.3333 3.8312 61.9561 -13.2637 9.6283 2.0753 -0.2133 131.1630 -32.4167 50.7423 -57.3372 16.4477 7.4948 -16.1435 50.8277 -3.3440 -5.0940 -3.3432 -16.5016 5.5005 -0.4211 56.8161 -0.8996 -10.5140 -10.3506 4.2102 1.8561 -5.3390 -2.3185 -16.2077 -30.1255 5.0237 0.2728 45.7422 0.8375 6.6038 -13.2587 -18.7881 -1.4703 0.1046 0.8475
18.4418 93.1410 -131.0018 11.0014 -0.5565 -6.7435 -1.0285 9.2026 -1.6026 -0.6264 -1.3129 -1.1072 -4.8421 18.4972 -6.4341 -15.7078 23.4131 7.0788 -2.7141 -3.6379 -8.2193 -6.5732 -15.2204 -6.4538 -0.1640 -0.0459 0.1827 0.4902 -10.2312 -3.5266 -0.8457 -10.2718 3.9451 1.0058 14.2532 -11.5719 -66.7566 -18.1663 -16.2490 -0.3110 -0.1777 -123.6062 0.9901 27.9198 25.1981 -14.8746 11.3505 16.2443 -60.7765 2.0499 2.5364 2.6120 21.2950 4.6861 62.8698 -14.0561 5.7601 2.1732 -0.5451 130.2767 -32.9213 49.9451 -56.4112 16.2968 7.5146 -16.1782 50.5754 -3.3611 -5.1829 -4.3879 -15.0421 4.2651 -0.4392 52.8523 -1.0056 -10.3407 -9.9733 3.7729 1.9223 -8.3828 -2.3931 -18.3512 -32.3957 6.9494 0.2966 46.1735 0.8873 7.0003 -11.9308 -21.9827 -1.4724 0.1086 0.9084
19.1420 92.7029 -132.9579 11.3995 0.4486 -3.5364 -0.6985 9.1881 -1.7265 -0.4850 -1.1503 -1.1945 -4.5516 18.8679 -6.1309 -15.4771 23.3563 6.8183 -2.7706 -3.7517 -8.9141 -5.8226 -15.1671 -8.1288 -0.1549 -0.0538 0.2278 0.4830 -10.2552 -3.4911 -0.8218 -10.3075 3.9966 0.5960 13.7961 -11.8837 -66.8339 -18.2528 -18.7466 -0.1674 -0.0621 -123.8997 1.9024 29.1974 26.7847 -14.8133 11.4009 16.3908 -60.7672 2.0233 2.7598 2.9683 21.0846 5.6496 63.8709 -14.9936 2.6563 2.1261 -0.7562 129.0654 -32.3529 49.2544 -55.5278 16.2766 7.4459 -16.2983 50.4255 -3.4289 -5.3086 -4.9814 -13.3824 4.2733 -0.4201 46.2389 -0.9669 -10.5217 -14.5198 4.4229 1.9053 -8.2114 -2.3616 -20.3308 -34.5576 8.1250 0.3803 46.7793 0.9753 7.4856 -10.8335 -24.6102 -1.4825 -0.0941 0.9917
19.8319 92.0541 -134.8250 11.7049 0.9312 -0.1259 -0.3816 9.2755 -1.7229 -0.2294 -0.9498 -1.2686 -4.1574 19.2425 -5.7704 -14.3154 23.5363 6.8140 -2.9684 -3.8415 -10.1407 -5.0287 -14.9661 -9.6390 -0.1632 -0.0873 0.1977 0.5075 -10.2814 -3.5422 -0.8612 -10.3403 3.9929 0.4269 13.1613 -11.9078 -67.5139 -18.0516 -21.2291 -0.0171 0.0527 -123.9962 2.9860 30.3481 28.5933 -14.8627 11.5108 16.4142 -60.5976 2.0933 2.8033 2.8969 20.8180 6.3104 64.6119 -16.0902 0.5196 2.0105 -0.5849 127.4124 -30.3031 48.7362 -54.3160 16.1004 7.3143 -16.2691 50.0532 -3.5402 -5.2882 -5.6249 -12.1512 5.1715 -0.3083 40.3274 -0.7541 -10.1227 -20.9860 4.3387 1.8228 -3.3095 -2.2272 -22.2164 -36.5766 8.2525 0.4703 47.8445 1.1522 8.2249 -9.8812 -26.7607 -1.4666 -0.5450 1.1716
20.4259 91.3204 -136.5758 12.0798 0.6752 3.0100 -0.2329 9.5361 -1.6281 -0.0499 -0.7487 -1.2334 -3.9681 19.7562 -5.3781 -12.8168 23.8514 6.3022 -2.8947 -3.9135 -10.6639 -4.1564 -14.4047 -10.5545 -0.1338 -0.0920 0.2224 0.5291 -10.2990 -3.5397 -0.8241 -10.3636 4.0277 0.0794 13.2178 -11.7918 -67.5554 -17.6957 -23.1829 0.1914 -0.1073 -123.9269 3.9850 31.5120 29.7221 -14.8841 11.5759 16.5216 -60.3916 1.9067 2.9697 2.4547 20.5386 6.9375 65.4770 -17.3122 -0.5747 1.7951 -0.4503 125.4511 -27.7958 49.1222 -53.8860 16.1199 7.3208 -16.4414 50.1397 -3.5561 -5.3431 -6.0599 -12.3830 6.9730 -0.3384 38.5899 -0.6455 -10.0493 -24.3985 2.6545 1.7314 -1.2174 -2.1456 -24.0861 -38.0165 7.8601 0.5745 49.1971 1.1654 8.9455 -9.1517 -27.7755 -1.4673 -0.4840 1.1623
20.8220 90.7176 -138.1862 11.9474 -0.2720 6.1695 0.1353 9.9487 -1.4742 0.0569 -0.6321 -1.0429 -3.6324 20.5686 -4.9415 -10.4316 24.5119 5.6231 -2.9837 -3.9429 -10.9770 -2.9606 -14.1115 -11.5449 -0.1378 -0.0974 0.2533 0.5326 -10.2437 -3.5144 -0.8357 -10.3112 4.0675 -0.0812 13.5308 -11.2276 -67.2553 -17.0622 -24.9436 0.2744 -0.2655 -123.3372 4.1643 31.3874 29.9102 -15.0170 11.5227 16.5072 -60.2988 1.7668 2.9339 1.4795 20.5590 7.3645 66.8437 -18.6622 -1.2514 1.6251 -0.1353 123.3088 -24.8280 50.0524 -54.1310 16.0095 7.3280 -16.4865 50.0898 -3.5346 -5.3689 -5.9023 -14.4702 7.8671 -0.3609 41.3396 -0.6325 -9.2089 -25.5077 -0.4626 1.6864 -0.7684 -2.0869 -24.8486 -38.7448 6.0528 0.5808 50.3064 1.1268 9.8875 -8.4974 -28.3314 -1.4588 -0.2410 1.2218
21.1081 90.3306 -139.4385 11.0130 -1.4693 8.8550 0.6948 10.1667 -1.2385 0.1929 -0.6014 -0.7436 -2.8982 21.4195 -4.2166 -8.0794 25.4190 4.7181 -2.9621 -3.9433 -11.0064 -1.4196 -13.3802 -12.3772 -0.1597 -0.1130 0.2810 0.4889 -10.2067 -3.4835 -0.8359 -10.2715 4.1013 -0.4742 14.1454 -10.3038 -66.7345 -15.6548 -26.6199 0.4254 -0.3791 -122.1496 3.9618 30.1780 29.2317 -15.0368 11.5037 16.4887 -60.2826 1.6457 2.7715 0.2893 20.8373 7.8873 68.3378 -19.8768 -1.8012 1.3760 0.2331 121.3080 -22.0784 51.3020 -55.6214 15.9344 7.4535 -16.5572 50.2707 -3.5447 -5.3421 -5.0066 -16.2161 7.3247 -0.3992 44.0091 -0.6159 -8.2666 -25.7394 -2.5740 1.6668 -0.8381 -2.0486 -24.2269 -38.7363 3.2498 0.5993 50.5988 1.0767 10.6597 -7.5332 -28.4561 -1.4522 -0.1054 1.2578
21.3123 90.1848 -140.4110 9.7389 -2.5841 11.0534 1.1663 10.2760 -1.0372 0.3316 -0.6065 -0.3741 -2.0544 21.9203 -3.2719 -5.6901 26.2297 3.7207 -2.8963 -3.9188 -10.8484 0.2984 -12.6142 -13.0285 -0.1907 -0.1188 0.2992 0.4356 -10.1765 -3.4508 -0.8418 -10.2346 4.1157 -0.8354 14.6795 -9.0900 -66.3949 -13.6214 -27.4869 0.3445 -0.5089 -120.8947 3.3944 27.9112 27.3272 -14.8677 11.4717 16.4185 -60.0324 1.5792 2.6066 -0.9025 21.0106 8.3757 70.2445 -20.7437 -3.0981 1.0852 0.5827 119.9701 -20.3896 52.5863 -57.8119 15.8974 7.6122 -16.6156 50.5628 -3.5573 -5.2940 -3.9953 -17.3603 5.5773 -0.3958 45.7080 -0.5960 -7.4163 -25.6532 -3.0092 1.6518 -1.0575 -1.9904 -22.9658 -38.1984 0.3649 0.5656 50.1498 0.9788 11.1161 -6.5058 -28.3760 -1.4465 -0.0984 1.2648
21.5063 90.1893 -141.3903 8.4766 -3.4914 12.7454 1.4329 10.4416 -0.8256 0.4330 -0.6082 -0.0149 -1.4583 21.9974 -2.3063 -3.1782 26.8526 2.7301 -2.7859 -3.8986 -10.5833 1.9909 -12.1436 -13.4658 -0.2127 -0.1123 0.2956 0.4050 -10.1659 -3.4490 -0.8531 -10.2097 4.1138 -0.8698 15.1404 -7.8311 -66.2213 -11.4589 -26.9928 0.1029 -0.4588 -120.4239 2.7711 24.9054 24.4734 -14.6679 11.3385 16.2139 -59.7863 1.5569 2.5142 -2.2618 20.9546 8.6519 73.0080 -21.5859 -5.6000 0.9886 0.6644 119.3578 -20.2269 53.5010 -59.5558 15.9636 7.6204 -16.5427 50.6772 -3.5373 -5.2311 -3.1628 -18.1507 3.2102 -0.3401 46.6645 -0.5723 -7.0260 -25.4157 -2.1274 1.6462 -1.1628 -1.9600 -21.6135 -37.3146 -1.9076 0.4813 49.1143 0.8932 11.3066 -5.5607 -28.3976 -1.4486 -0.1256 1.2498
21.6939 90.2683 -142.5244 7.2590 -4.2308 13.8066 1.4937 10.7258 -0.5945 0.4671 -0.5969 0.3055 -1.2406 21.9745 -1.5025 -0.7130 27.2914 1.8676 -2.6047 -3.8695 -10.3122 3.5658 -11.8849 -13.6067 -0.2130 -0.1016 0.2683 0.4129 -10.2048 -3.4811 -0.8579 -10.2372 4.0872 -0.6393 15.3328 -6.7594 -66.0149 -9.3956 -24.9095 0.0346 -0.3563 -121.2607 2.3679 21.5370 21.0902 -14.5552 11.0516 15.8785 -59.7290 1.5304 2.4425 -3.7642 20.8003 8.9320 76.6290 -23.0354 -9.3981 1.2145 0.4201 119.3442 -22.8612 53.2635 -60.1376 16.1435 7.3986 -16.2594 50.3206 -3.5345 -5.1373 -2.4493 -18.8632 0.8367 -0.3314 47.4447 -0.6066 -7.0941 -24.9540 -0.3621 1.6555 -1.1045 -1.9670 -20.2359 -36.2336 -3.2112 0.3701 47.6289 0.8199 11.0558 -4.6659 -28.6612 -1.4551 -0.0201 1.1877
21.8660 90.3364 -143.8179 6.0085 -4.7782 13.8637 1.3339 11.1533 -0.4172 0.3731 -0.5318 0.6588 -1.3642 21.9724 -0.9533 1.3272 27.2488 1.2797 -2.3171 -3.8189 -9.8999 5.0439 -11.7291 -13.4609 -0.1966 -0.1031 0.2328 0.4310 -10.2777 -3.5336 -0.8393 -10.2987 4.0580 -0.5470 15.2296 -6.3204 -65.7268 -7.5445 -21.5077 0.3519 -0.3758 -122.8881 2.3148 18.3841 17.9208 -14.6064 10.6580 15.5080 -59.9180 1.4474 2.3994 -4.8204 20.4017 9.5210 79.8299 -25.4621 -13.0232 1.4914 0.2965 119.2830 -27.0319 51.1997 -57.9093 16.2057 7.2102 -15.8760 49.6447 -3.4734 -5.0105 -1.5180 -19.6728 -0.3573 -0.4227 48.3733 -0.7326 -7.2287 -24.3736 1.1372 1.6743 -1.0709 -1.9427 -18.6285 -35.3105 -3.7702 0.2750 45.7945 0.7335 10.1581 -3.8340 -28.7836 -1.4657 0.0427 1.1558
22.0605 90.4665 -145.2993 4.7666 -4.9251 12.5627 0.9253 11.4631 -0.3130 0.1336 -0.4267 0.9425 -1.9397 22.0380 -0.6515 2.6353 26.6510 0.8893 -1.8294 -3.7156 -9.2098 6.2682 -11.5368 -12.8115 -0.1764 -0.0863 0.1872 0.4641 -10.3319 -3.6204 -0.8293 -10.3449 4.0411 -1.3625 14.8496 -6.5102 -65.2070 -5.6606 -17.2631 0.6475 -0.3141 -124.2392 2.9363 15.2242 14.5540 -14.7327 10.2362 15.1387 -59.4826 1.5238 2.5582 -5.2508 19.6004 10.6117 81.5193 -29.1425 -14.8630 1.5246 0.3528 118.3396 -30.3193 48.0128 -52.0316 15.7165 6.7852 -15.4446 48.5720 -3.3356 -4.9284 -0.4068 -20.5551 -0.1417 -0.5146 48.9667 -0.7895 -7.4305 -23.6661 2.5056 1.7008 -0.9155 -1.8509 -16.4200 -35.0894 -4.8465 0.2128 43.2624 0.7132 8.6492 -2.8829 -27.5274 -1.4751 -0.1190 1.2408
22.4053 90.7298 -146.7924 3.3893 -4.7266 9.4383 0.4255 11.5374 -0.0634 -0.1394 -0.3882 1.1526 -2.7527 22.3748 -0.3244 3.2259 26.1139 1.0038 -1.5863 -3.6909 -8.3476 7.7365 -11.2234 -12.0978 -0.1916 -0.0472 0.1908 0.4417 -10.2830 -3.6164 -0.8351 -10.2721 4.0468 -3.1891 14.8653 -7.6148 -64.4206 -4.6567 -12.1707 0.4567 -0.6468 -124.5311 4.6734 13.3857 12.4729 -14.8481 10.2019 15.0271 -59.1349 1.5199 2.4963 -5.2781 18.8378 11.5137 80.9982 -34.6216 -14.1853 1.4389 0.5495 116.5491 -31.2298 46.4509 -46.6940 15.4135 6.7846 -15.6088 48.4574 -3.4097 -4.9350 1.0665 -21.0078 1.7690 -0.4080 48.4285 -0.5566 -7.9234 -22.9903 3.6636 1.6521 -0.2697 -1.8605 -13.4596 -35.3771 -5.7625 0.2922 39.9967 0.6898 5.7660 -2.3307 -24.8972 -1.4860 -0.6282 1.3024
22.8005 91.2599 -148.4945 2.0222 -4.6103 5.2281 -0.3161 11.4790 0.0761 -0.4502 -0.3986 1.3133 -4.0609 22.8781 -0.4572 3.5834 26.0175 1.1815 -1.3417 -3.7174 -7.2226 8.8694 -10.6513 -10.9858 -0.1864 -0.0370 0.1574 0.4518 -10.2822 -3.6492 -0.8313 -10.2622 4.0089 -5.0796 14.6726 -9.0344 -63.8950 -3.9456 -6.7726 0.2988 -0.7910 -123.6443 6.3370 13.0964 11.0611 -14.8589 10.1719 14.8939 -58.6793 1.6172 2.3638 -6.0485 18.2699 12.3444 80.2558 -40.1953 -12.1063 1.3300 0.6208 113.9009 -31.2371 45.4246 -44.9381 15.1138 6.6385 -15.5642 48.1893 -3.4325 -4.7972 2.5603 -21.3849 4.1119 -0.3322 47.8364 -0.4353 -8.3762 -21.8961 5.1886 1.6324 0.0593 -1.8373 -9.3912 -35.3714 -8.1720 0.2688 35.5660 0.5038 4.4750 -1.9826 -20.9547 -1.4596 -1.1348 1.3983
23.1765 91.7697 -150.1963 0.5602 -4.9408 0.6386 -1.1122 11.3740 0.2905 -0.8044 -0.4564 1.2257 -5.5216 23.3135 -0.7306 3.8952 26.5461 1.4664 -1.1197 -3.7280 -5.9763 9.9396 -9.7273 -9.7735 -0.2100 -0.0308 0.1521 0.4413 -10.3415 -3.6486 -0.8671 -10.3048 4.0068 -6.7305 14.8731 -10.7075 -63.2539 -3.8932 -1.7615 0.2856 -0.7345 -121.9882 7.6972 15.0272 10.4747 -14.7559 10.1638 14.8674 -58.5971 1.7286 2.3671 -7.5880 17.8137 12.3588 78.6629 -44.8028 -8.0174 1.2013 0.7444 110.7294 -29.9981 45.5514 -45.3808 15.1200 6.3558 -15.3563 48.0081 -3.4811 -4.7132 4.3650 -21.3585 6.7183 -0.3163 47.1292 -0.4213 -8.6684 -20.6397 6.6575 1.6332 0.1856 -1.8633 -4.4230 -34.2638 -12.0290 0.1843 30.4930 0.1782 5.9110 -2.8537 -16.7817 -1.3962 -1.7230 1.4184
23.4704 92.0567 -151.7745 -0.7024 -5.6912 -3.3477 -1.9883 11.1442 0.4390 -1.2068 -0.5315 0.9609 -6.9837 23.4647 -1.1415 4.3418 27.6192 1.6752 -0.9347 -3.7445 -4.8241 10.8477 -8.7790 -8.5789 -0.2313 -0.0212 0.1544 0.4332 -10.4190 -3.6461 -0.9001 -10.3723 4.0168 -7.6331 15.0656 -12.0546 -62.2416 -4.1326 2.1359 0.2085 -0.4377 -120.6917 8.1557 17.1616 10.4583 -14.7228 10.2905 14.9994 -58.9599 1.8535 2.5058 -9.3602 17.3589 11.5242 75.1299 -47.7049 -1.4786 0.8375 0.9739 108.6781 -26.7467 47.3732 -46.1207 15.2276 6.0615 -15.0600 48.0692 -3.4289 -4.8039 6.1476 -21.2118 9.2951 -0.3060 46.7694 -0.4283 -8.8275 -19.6693 7.4771 1.6323 0.4268 -1.8387 0.0035 -32.5530 -16.2788 0.0962 27.1754 -0.0837 9.3510 -4.4579 -13.8131 -1.3028 -2.1089 1.3836
23.5632 92.1223 -153.1590 -1.7190 -6.8064 -6.3126 -2.8205 10.8835 0.5052 -1.5885 -0.6560 0.6488 -8.2695 23.4073 -1.6487 5.0507 28.8878 1.7960 -0.7839 -3.7907 -3.9227 11.4247 -7.9412 -7.5862 -0.2227 -0.0250 0.1337 0.4408 -10.4665 -3.6730 -0.8893 -10.4166 4.0016 -7.6145 15.0037 -13.2017 -60.9140 -4.5278 5.0110 -0.1179 -0.1546 -120.0250 7.8453 17.7323 10.3959 -14.7635 10.5480 15.1718 -59.4505 1.9352 2.5598 -10.8165 16.8449 10.2032 69.3585 -48.9778 7.1645 0.0945 1.2223 108.5745 -21.8173 50.6981 -45.2396 15.1737 5.9745 -14.8759 48.2745 -3.3219 -4.9741 7.8723 -21.0360 11.6279 -0.2936 46.8134 -0.4447 -8.9641 -18.9082 7.5151 1.6333 0.7677 -1.7770 2.9439 -30.8824 -19.8109 0.0615 26.9732 -0.2054 12.0163 -6.3556 -12.3941 -1.2062 -2.1039 1.3535
23.6216 92.1831 -154.4473 -2.5813 -8.1145 -8.4514 -3.4670 10.5569 0.5362 -1.9167 -0.8087 0.3923 -9.4146 23.3317 -2.2643 6.0142 30.1561 1.8685 -0.6756 -3.8308 -3.2860 11.8192 -6.9424 -6.9510 -0.2041 -0.0341 0.1167 0.4550 -10.5240 -3.7008 -0.8627 -10.4742 3.9871 -7.1265 14.9538 -14.3499 -59.3830 -5.1952 6.9751 -0.3199 -0.1231 -119.3654 7.0562 17.3060 10.0412 -14.8000 10.6876 15.3074 -59.7789 1.8825 2.5371 -11.6586 16.4142 8.7999 62.3471 -49.3518 16.4716 -0.5381 1.2978 109.8590 -16.4812 55.5369 -43.1629 15.1352 6.0538 -14.8954 48.4326 -3.2532 -5.0563 9.5534 -20.8966 13.7477 -0.2854 46.9669 -0.4464 -9.0178 -18.0033 6.9559 1.6341 0.9020 -1.7058 4.3075 -29.5569 -22.1996 0.0173 30.0517 -0.2888 12.9177 -7.4936 -12.5294 -1.1788 -1.9027 1.3063
23.5892 92.2152 -155.6373 -3.1599 -9.4853 -10.1788 -4.0156 10.2178 0.5779 -2.1952 -1.0109 0.1091 -10.4024 23.0278 -2.8935 7.0498 31.6675 1.8472 -0.6053 -3.8764 -2.8424 11.9986 -5.8941 -6.4345 -0.1773 -0.0460 0.1016 0.4763 -10.5976 -3.7323 -0.8270 -10.5552 3.9776 -6.5240 15.0397 -15.4136 -57.9513 -5.8137 8.5690 -0.4574 -0.0820 -118.1921 6.0375 16.4455 9.7305 -14.8045 10.7148 15.4017 -59.9561 1.7455 2.5022 -12.4612 16.1408 7.4419 56.2967 -48.8707 24.7134 -0.6967 1.3586 111.8264 -10.9525 60.6510 -40.2360 15.2959 6.1703 -15.1129 48.6260 -3.2103 -5.2266 10.9989 -20.6763 15.8297 -0.2927 47.0265 -0.4616 -9.0276 -17.1669 6.2801 1.6340 0.8719 -1.6475 4.1249 -28.5205 -23.3130 -0.0710 35.5605 -0.3721 13.0276 -9.1364 -13.2760 -1.2155 -1.6560 1.2348
23.5023 92.1796 -156.7747 -3.4989 -10.7732 -11.6275 -4.4696 9.8052 0.6210 -2.4150 -1.2686 -0.1915 -11.2130 22.4096 -3.5537 8.0549 33.4205 1.7672 -0.4654 -3.8970 -2.4773 11.9209 -4.8349 -5.9319 -0.1520 -0.0531 0.0892 0.4986 -10.6704 -3.7616 -0.7947 -10.6414 3.9692 -6.0770 15.2126 -16.3035 -56.7062 -6.0967 10.3319 -0.5972 -0.0968 -116.3424 5.1844 16.2112 10.0985 -14.7277 10.6877 15.4719 -60.0240 1.6476 2.5218 -13.3647 15.9464 5.9843 52.0509 -47.6980 31.3793 -0.3023 1.3708 114.0212 -4.7460 63.7427 -35.7192 15.5786 6.1981 -15.3382 48.7732 -3.1595 -5.3686 12.2183 -20.4428 17.6749 -0.3064 47.0259 -0.4814 -9.0834 -16.4826 5.7024 1.6288 0.7497 -1.6229 2.6021 -27.4072 -23.2202 -0.1983 42.1225 -0.4843 12.9048 -11.0759 -13.9933 -1.2901 -1.4791 1.1546
23.3460 92.0611 -157.7925 -3.6574 -11.8619 -12.8556 -4.8387 9.2104 0.6325 -2.5741 -1.5454 -0.4801 -11.8347 21.5583 -4.2370 8.9223 35.3117 1.7151 -0.3080 -3.8997 -2.0170 11.5887 -3.8502 -5.3459 -0.1342 -0.0586 0.0874 0.5180 -10.7302 -3.7745 -0.7750 -10.7198 3.9697 -5.8560 15.4942 -16.9284 -55.5397 -6.1228 12.3147 -0.7163 -0.0733 -114.3078 4.3539 16.8733 11.1439 -14.6072 10.6367 15.5716 -59.9521 1.6091 2.6372 -14.3227 15.7481 4.4156 49.6345 -45.9006 36.5857 0.1028 1.3692 116.2914 0.4624 64.6250 -31.2076 15.7704 6.2205 -15.4934 48.7976 -3.0966 -5.4591 13.2424 -20.3467 19.1295 -0.3112 47.1083 -0.4849 -9.3411 -16.0087 5.2540 1.6243 0.5672 -1.6020 0.1004 -25.9118 -21.9516 -0.2655 48.4749 -0.5232 13.0505 -13.2413 -14.1800 -1.3625 -1.5018 1.1070
23.0823 91.8628 -158.7628 -3.5755 -12.7498 -13.8728 -5.1965 8.4838 0.6698 -2.6897 -1.8776 -0.7886 -12.2959 20.6343 -4.8321 9.5065 37.1153 1.7082 -0.1564 -3.9024 -1.4522 11.1754 -2.9772 -4.7368 -0.1341 -0.0539 0.1067 0.5218 -10.7783 -3.7648 -0.7765 -10.7766 3.9959 -5.7839 15.7418 -17.3370 -54.4858 -5.9398 14.2145 -0.7454 -0.0929 -112.5285 3.3836 18.0944 12.5323 -14.4707 10.6002 15.6575 -59.8456 1.6128 2.7411 -15.2231 15.5778 2.9181 49.0956 -43.6187 40.0219 0.3780 1.2260 118.5974 2.5135 64.3854 -29.1690 15.8308 6.3078 -15.5918 48.7773 -3.0291 -5.5096 14.0018 -20.3438 20.2220 -0.3236 47.3074 -0.4856 -9.8463 -15.7017 4.8501 1.6184 0.3913 -1.6010 -3.0374 -23.7045 -19.7126 -0.2102 53.5725 -0.3955 13.2389 -15.5824 -14.1875 -1.4197 -1.6055 1.0697
22.6488 91.5972 -159.7440 -3.1539 -13.4035 -14.7338 -5.6179 7.5976 0.7477 -2.7913 -2.2003 -0.9894 -12.7067 19.6643 -5.3199 9.8328 38.5856 1.8104 -0.0293 -3.9013 -0.9795 10.8104 -2.1267 -4.1626 -0.1505 -0.0466 0.1420 0.5122 -10.7993 -3.7333 -0.7995 -10.8008 4.0395 -5.8734 15.7106 -17.5390 -53.4451 -5.6031 15.4634 -0.4861 -0.1834 -111.1149 2.1685 19.2468 13.7674 -14.3735 10.6323 15.7519 -59.7324 1.6388 2.8021 -15.9228 15.3367 1.6627 50.1721 -40.9263 41.9896 0.5135 1.1203 120.5811 1.9608 63.8790 -29.5873 15.7334 6.3826 -15.6426 48.6945 -3.0313 -5.5171 14.3504 -20.3620 21.0677 -0.3373 47.3455 -0.5005 -10.5700 -15.3757 4.5882 1.6126 0.2743 -1.6129 -6.4152 -20.5843 -16.6079 -0.0376 56.9966 -0.1189 12.8911 -18.2478 -14.9161 -1.4626 -1.6254 1.0105
22.0823 91.3460 -160.8004 -2.4007 -13.7960 -15.3191 -6.0634 6.6379 0.8654 -2.8940 -2.5245 -1.0580 -13.1967 18.7814 -5.6738 9.9284 39.5684 1.9383 0.0439 -3.8957 -0.5907 10.5048 -1.4175 -3.6564 -0.1719 -0.0452 0.1848 0.4995 -10.7922 -3.6897 -0.8311 -10.7965 4.0886 -6.1724 15.4358 -17.6256 -52.3732 -5.5246 15.9270 0.0016 -0.4074 -110.1324 0.7217 20.1605 14.8354 -14.2966 10.7192 15.7967 -59.6358 1.6722 2.7780 -16.3229 15.1561 0.7126 51.9637 -37.9857 43.2257 0.5638 1.0533 121.9789 0.4021 63.3953 -31.2355 15.6419 6.4106 -15.7020 48.6619 -3.0995 -5.5814 14.2389 -20.4392 21.7083 -0.3459 47.0854 -0.5115 -11.3549 -14.8287 4.3339 1.6034 0.1754 -1.6181 -9.4728 -16.6571 -13.2502 0.1487 59.0077 0.2207 12.2962 -20.8048 -16.1874 -1.4948 -1.6177 0.9438
21.3158 91.1197 -162.0287 -1.2517 -13.9057 -15.4441 -6.5303 5.6644 0.9407 -3.0168 -2.9050 -0.9623 -13.8261 18.0601 -5.8481 9.8715 39.9142 2.1058 -0.0255 -3.8788 -0.3517 10.2527 -1.0188 -3.3515 -0.1943 -0.0496 0.2323 0.4799 -10.7463 -3.6346 -0.8586 -10.7576 4.1357 -6.6381 15.0216 -17.7102 -51.5200 -6.1980 15.8579 0.2381 -0.6314 -109.4923 -0.7946 20.5934 15.8354 -14.3264 10.9010 15.8613 -59.6528 1.7709 2.7177 -16.5614 15.0694 -0.0175 53.9200 -34.9032 44.3277 0.6128 1.0953 122.7183 -0.9885 62.7105 -33.0685 15.6815 6.4478 -15.7201 48.8941 -3.1755 -5.6559 13.5282 -20.5737 22.1218 -0.3106 46.4682 -0.4668 -12.1413 -14.0034 3.9840 1.5916 0.0274 -1.6222 -12.1330 -12.0689 -10.1785 0.3120 59.7006 0.6296 11.8573 -22.7943 -17.0416 -1.5292 -1.7486 0.9313
20.4601 90.9862 -163.4374 0.1085 -13.6792 -15.1118 -6.8417 4.6545 0.9933 -3.1024 -3.3160 -0.6267 -14.5805 17.5488 -5.8455 9.4870 39.6940 2.2773 -0.2048 -3.8164 -0.3038 10.1093 -0.7841 -3.1492 -0.1947 -0.0588 0.2510 0.4722 -10.6957 -3.6122 -0.8542 -10.7146 4.1512 -7.4166 14.4316 -17.7210 -50.9926 -7.7668 15.0263 0.1234 -0.7378 -108.9526 -2.1051 19.8502 16.5740 -14.3704 11.0361 15.8933 -59.7291 1.8691 2.6344 -16.5781 15.4344 -0.4138 55.5125 -32.2902 45.2828 0.6931 1.3585 122.5779 -1.3616 61.9881 -34.2973 15.7912 6.4061 -15.6535 49.2077 -3.2867 -5.6326 12.3356 -20.9228 22.4059 -0.2720 45.3997 -0.3898 -12.9053 -12.7096 3.2592 1.5907 -0.2801 -1.6442 -14.0580 -7.0753 -7.7646 0.4489 58.4940 1.1460 11.6352 -23.4829 -16.6357 -1.5631 -2.1431 0.9704
19.5587 90.8351 -165.1789 1.4806 -13.1565 -14.2272 -6.9083 3.7593 1.0903 -3.1652 -3.6903 -0.2485 -15.1801 17.1636 -5.6573 8.4715 39.2062 2.2327 -0.3900 -3.6979 -0.1970 9.9752 -0.6591 -3.0132 -0.1705 -0.0613 0.2310 0.4935 -10.6062 -3.6235 -0.8277 -10.6393 4.1119 -8.2314 13.6226 -17.5658 -51.3018 -9.7075 13.2912 -0.3360 -0.8454 -108.4843 -2.5953 17.0174 17.1207 -14.3972 11.0372 15.7301 -59.7079 1.9468 2.4626 -16.7632 16.0572 -0.3520 57.0087 -30.6755 45.4321 0.6680 1.5928 121.5319 -1.4355 61.5987 -35.8197 15.7689 6.3421 -15.4771 49.3798 -3.3639 -5.5223 10.7828 -21.6991 22.4458 -0.2943 44.1153 -0.4082 -13.5343 -11.0562 2.5412 1.5854 -0.5685 -1.6904 -15.1175 -2.0196 -6.0801 0.4080 54.7362 1.5260 12.5480 -23.0892 -14.6473 -1.5871 -3.4845 1.0893
18.6711 90.5648 -167.3124 2.5757 -12.3867 -12.8284 -6.6815 3.0698 1.2810 -3.1922 -3.9245 0.0786 -15.2127 16.8265 -5.3348 6.8882 38.7507 1.7880 -0.5145 -3.5900 0.0238 9.4736 -1.0262 -2.9234 -0.1591 -0.0591 0.2231 0.5238 -10.5150 -3.6089 -0.8366 -10.5668 4.0777 -8.9916 12.7295 -17.3596 -52.5596 -11.5281 10.5813 -0.5869 -1.0887 -107.9011 -2.5543 12.6769 17.6847 -14.3537 11.0424 15.4951 -59.9142 1.8932 2.2073 -17.0955 16.3858 0.2852 58.6040 -29.7249 44.3251 0.4907 1.4128 119.8981 -3.5399 61.0260 -39.6734 15.6000 6.4654 -15.4012 49.0873 -3.3947 -5.3492 9.1263 -23.1050 22.0146 -0.2840 42.8175 -0.4223 -13.8398 -9.2857 2.1194 1.5683 -0.9626 -1.7276 -15.5163 2.6058 -5.1594 0.3503 47.5601 1.6043 17.3003 -24.0292 -12.4578 -1.5974 -6.7193 1.3914
17.8596 90.2673 -169.7285 3.3021 -11.7032 -10.9301 -6.1426 2.7853 1.3001 -3.0453 -3.9682 0.5365 -14.6357 16.6741 -4.9045 5.3389 37.8211 1.8577 -0.6015 -3.5120 0.0229 8.8568 -1.4864 -3.1702 -0.1824 -0.0503 0.2712 0.5254 -10.4957 -3.5542 -0.8886 -10.5524 4.1310 -9.5030 12.0405 -17.0039 -54.4554 -13.5178 6.7560 -0.5598 -1.0763 -106.8333 -2.4187 8.6958 18.4030 -14.4423 11.0725 15.4673 -60.0744 1.9055 2.1879 -17.1482 16.3766 1.6216 59.6483 -29.1059 42.2330 -0.1774 1.3584 118.0035 -6.2408 59.7325 -43.7477 15.4561 6.8313 -15.3642 49.1687 -3.4050 -5.1457 7.5664 -24.8050 20.9714 -0.2733 41.5057 -0.4287 -13.5764 -7.2031 1.9384 1.5929 -1.5408 -1.7982 -15.5498 3.6752 -6.6141 0.2884 42.8842 1.3090 19.3141 -28.8404 -14.1201 -1.5278 -2.7105 1.3165
17.2683 89.9873 -172.5743 3.4537 -11.5386 -8.4919 -5.1560 3.0792 1.2172 -2.7147 -3.8749 0.8781 -13.5339 16.8414 -4.5570 4.0580 36.5798 2.5122 -0.7134 -3.5142 -0.7536 7.9370 -2.0214 -3.4353 -0.1485 -0.0970 0.2415 0.5743 -10.4831 -3.5793 -0.8721 -10.5667 4.0948 -9.9002 11.6410 -16.3109 -56.6878 -15.5852 2.7215 -0.8880 -1.1096 -105.8739 -2.0307 6.3375 19.2759 -14.4867 11.0014 15.5443 -59.6198 1.9531 2.3751 -16.5917 16.6146 3.3450 59.7850 -28.7989 39.2307 -0.6336 1.0573 116.1745 -8.0278 57.5333 -47.2492 15.3311 7.0558 -15.2952 49.3956 -3.2385 -5.0755 6.5595 -26.3273 18.7435 -0.1644 40.1682 -0.3022 -14.1230 -5.5281 1.8074 1.6649 -1.9383 -1.9115 -15.4641 2.2218 -9.2734 0.1824 42.3297 1.0193 18.8144 -31.1267 -14.2682 -1.4826 -0.6100 1.2807
16.8934 89.6419 -175.3438 3.3481 -12.0010 -6.0851 -4.1046 3.6488 1.0367 -2.3850 -3.6909 1.0189 -11.7263 17.3248 -3.9270 2.5243 35.9991 2.7557 -0.6780 -3.4915 -1.2685 6.9445 -3.3597 -3.8902 -0.1412 -0.0915 0.2387 0.5785 -10.4664 -3.5818 -0.8661 -10.5219 4.0934 -9.4966 12.2657 -15.1814 -59.5679 -17.0524 -1.6344 -0.7883 -1.2239 -105.9525 -1.6280 6.0590 19.4897 -14.5903 10.8561 15.4575 -59.5702 1.9489 2.4278 -15.8137 17.4982 5.1071 58.9172 -28.1894 36.2676 -1.1248 0.9728 114.3165 -7.4978 53.9924 -48.8574 15.4701 7.2319 -15.2051 49.8820 -3.1854 -4.9509 5.8539 -27.1456 17.0036 -0.0981 38.5645 -0.2202 -15.2711 -5.2959 2.0138 1.6232 -2.5039 -2.0587 -15.6477 -0.6271 -12.1401 0.3159 45.1793 1.0158 17.5177 -31.6663 -13.1671 -1.4753 0.1882 1.1260
16.5022 89.3825 -177.8916 3.3414 -12.6867 -3.7934 -3.2953 3.9898 0.8183 -2.1221 -3.5933 1.0644 -10.1713 17.8377 -3.4196 1.8387 36.5714 2.5632 -0.7581 -3.4699 -1.6696 6.0632 -4.2716 -4.2065 -0.1356 -0.0750 0.2184 0.5650 -10.4438 -3.6056 -0.8442 -10.4754 4.0785 -8.2365 13.3575 -13.7190 -62.0214 -16.6991 -5.1858 -0.7479 -1.2344 -108.0868 -1.8467 7.3182 18.8226 -14.6237 10.7764 15.3065 -59.6393 1.9519 2.4974 -15.1802 18.1795 6.3232 58.8996 -26.9615 33.4992 -1.4510 1.1543 112.5219 -5.9676 50.0411 -49.8790 15.6651 7.2402 -15.2222 50.4767 -3.1981 -4.8481 4.9658 -27.2606 16.6048 -0.0560 36.8223 -0.1518 -16.3490 -6.2384 2.5662 1.5688 -3.0174 -2.1147 -16.0839 -2.6534 -14.7782 0.4258 47.2445 1.0228 16.3219 -31.5908 -11.9513 -1.4815 0.6882 1.0469
16.2111 89.2975 -180.1916 3.3502 -13.4501 -1.7053 -2.6009 4.1140 0.6477 -1.9193 -3.6023 1.0879 -8.9923 18.2631 -3.0588 2.0859 37.9883 2.1667 -0.8810 -3.4572 -2.0198 5.2502 -4.5094 -4.4439 -0.1351 -0.0649 0.1939 0.5375 -10.4405 -3.6329 -0.8155 -10.4579 4.0583 -6.7897 14.6285 -12.0540 -63.2896 -14.7182 -8.0155 -0.6420 -1.1746 -111.8482 -3.0499 9.7311 17.1895 -14.5541 10.7216 15.1226 -59.7568 1.9047 2.5358 -14.7148 18.7098 6.9015 59.8260 -25.4459 30.7763 -1.5934 1.2484 111.0925 -5.8632 47.0527 -51.7291 15.7497 7.2190 -15.2616 50.7410 -3.2321 -4.7941 4.1063 -26.9224 17.1206 -0.0373 35.5000 -0.0772 -17.1802 -7.5280 3.4447 1.5266 -3.4858 -2.1297 -16.3995 -3.8295 -16.8421 0.4330 48.3441 0.9624 15.3687 -31.2394 -11.1500 -1.4897 0.9928 0.9920
15.9808 89.3048 -182.2809 3.3571 -14.3018 -0.1028 -2.0141 4.1056 0.5911 -1.7870 -3.6471 1.0033 -8.1307 18.4467 -2.8112 2.9666 39.9860 1.5961 -1.0637 -3.4668 -2.2135 4.4549 -4.1530 -4.6043 -0.1299 -0.0509 0.1624 0.5205 -10.4660 -3.6669 -0.7869 -10.4711 4.0285 -5.6180 15.8684 -10.3130 -63.1842 -11.3309 -9.6868 -0.4239 -1.0283 -116.4403 -5.3547 13.2667 14.4329 -14.3855 10.7814 15.0765 -59.9653 1.8159 2.5058 -14.4213 19.1815 7.0842 61.4093 -23.9499 28.1549 -1.5264 1.2163 110.0134 -7.2407 45.3449 -53.8862 15.7821 7.2241 -15.2380 50.8428 -3.2266 -4.7382 3.7101 -26.2708 18.0757 -0.0620 35.7770 -0.0464 -18.4591 -9.3427 4.3916 1.4811 -3.7033 -2.1233 -16.5456 -4.4564 -18.0544 0.3661 48.9328 0.8326 14.5545 -30.7010 -10.7156 -1.5007 1.1585 0.9302
15.8638 89.3362 -184.1646 3.2892 -15.2747 0.8996 -1.5229 3.9125 0.5647 -1.7166 -3.6511 0.8869 -7.4990 18.3918 -2.6417 3.9671 42.1193 0.8823 -1.1684 -3.4747 -2.3364 3.6933 -3.5743 -4.6327 -0.0958 -0.0261 0.1097 0.5542 -10.4723 -3.7274 -0.7490 -10.4704 3.9708 -5.0361 16.9326 -8.7291 -61.8390 -7.2911 -9.5325 -0.3824 -0.7842 -120.6347 -8.1058 16.8547 11.3959 -14.3265 10.9213 15.3058 -60.2175 1.6969 2.4392 -14.5000 19.6352 6.8205 63.1426 -22.8627 26.2787 -1.4767 1.2243 109.1789 -9.0203 44.6328 -55.6462 15.8458 7.2403 -15.2581 50.9215 -3.2337 -4.7611 4.4011 -25.3216 18.7738 -0.1235 39.3621 -0.0746 -20.3912 -10.6855 4.4853 1.4697 -3.5107 -2.1023 -16.4094 -4.6024 -18.3896 0.2806 49.1653 0.7273 13.7924 -30.2115 -10.7545 -1.5091 1.2244 0.8874
15.9352 89.3814 -185.8056 3.1051 -16.2140 1.2251 -1.1497 3.5574 0.5647 -1.7007 -3.6994 0.7793 -7.0895 18.1270 -2.5009 4.7823 43.8856 0.2108 -1.1301 -3.5024 -2.4308 2.9995 -2.9139 -4.6312 -0.0550 0.0002 0.0629 0.6062 -10.4790 -3.7972 -0.7155 -10.4720 3.9307 -4.9192 17.7674 -7.4531 -59.9305 -3.7198 -7.6678 -0.4928 -0.6868 -123.3602 -10.2476 19.7640 8.8802 -14.4066 11.0412 15.5852 -60.4089 1.5811 2.2956 -14.8261 19.9719 6.2620 64.8456 -22.1972 25.3069 -1.4429 1.4505 108.6793 -10.3346 44.8794 -56.8682 15.9007 7.2005 -15.2158 50.9200 -3.2893 -4.7674 6.5386 -23.8520 18.1272 -0.2487 46.1088 -0.2610 -22.2748 -11.7522 3.6919 1.4929 -3.1743 -2.0843 -16.0123 -4.5211 -18.0056 0.2225 49.2337 0.6962 13.0506 -29.8084 -11.0422 -1.5133 1.1775 0.8549
16.1502 89.5267 -187.2875 2.6942 -16.9203 1.2215 -0.9172 3.0284 0.5893 -1.6801 -3.8411 0.6759 -6.8813 17.6989 -2.4182 5.5978 44.9672 -0.2453 -1.0261 -3.5542 -2.5787 2.3988 -1.9379 -4.7250 -0.0479 0.0075 0.0472 0.6273 -10.5162 -3.8369 -0.7197 -10.5018 3.9360 -5.1001 18.3753 -6.6018 -58.0639 -1.1724 -4.7226 -0.5568 -0.7700 -124.5535 -11.5921 22.4695 6.9616 -14.5536 11.0645 15.7813 -60.5116 1.5024 2.1516 -14.8798 20.0603 5.7304 66.5336 -21.5715 24.5325 -1.3373 1.7585 108.7136 -11.6199 45.7799 -58.0259 15.7748 7.1035 -15.1211 50.7457 -3.3187 -4.8000 9.7110 -21.5287 15.6378 -0.4074 54.8742 -0.5463 -21.9903 -12.2210 2.9949 1.5917 -3.0054 -2.0321 -15.2115 -4.3767 -17.1777 0.2397 48.9674 0.7703 12.4863 -29.1561 -11.6718 -1.5045 0.9601 0.8271
16.4199 89.6977 -188.6220 1.8395 -17.2472 1.3867 -0.7607 2.4008 0.6804 -1.6666 -4.0700 0.3992 -6.7623 17.1560 -2.3309 6.5358 45.0487 -0.6354 -0.9692 -3.5723 -2.7760 1.9686 -0.9155 -4.9993 -0.0764 0.0132 0.0743 0.6105 -10.5488 -3.8347 -0.7588 -10.5293 3.9993 -5.5589 18.6883 -6.3714 -56.6647 -0.0194 -1.2054 -0.5450 -0.9829 -124.8229 -12.1703 24.5884 5.6138 -14.7664 11.0219 15.8630 -60.4653 1.5008 2.1451 -14.2473 19.9181 5.2669 67.9577 -20.5849 23.6599 -1.2001 1.9812 109.5145 -12.9242 46.5978 -58.8744 15.6382 7.0301 -15.0251 50.7310 -3.2577 -4.7867 13.1633 -17.7963 11.8684 -0.6767 63.6284 -0.9990 -19.0599 -11.2792 2.2888 1.6990 -3.2308 -1.9558 -13.8342 -4.3327 -16.3659 0.2197 48.4587 0.7675 12.2282 -28.2134 -12.7855 -1.4881 0.7731 0.8293
16.7200 89.8331 -189.9898 0.6914 -17.1592 2.0492 -0.7656 1.8085 0.7332 -1.6876 -4.3341 0.0508 -6.8014 16.6111 -2.3462 7.7515 44.0533 -0.9721 -1.0586 -3.5248 -3.0766 1.8361 -0.1821 -5.4324 -0.0867 0.0258 0.0870 0.5966 -10.5125 -3.8300 -0.7643 -10.4922 4.0256 -6.1689 18.5811 -6.6681 -55.8594 -0.0872 2.0272 -0.3952 -1.2253 -124.7801 -12.0863 25.6465 4.6886 -15.0301 10.9184 15.8505 -60.3493 1.5587 2.3217 -12.8721 19.7140 4.7815 69.0101 -19.4750 22.3027 -0.7408 2.1392 110.8469 -13.7744 47.0574 -58.9980 15.6987 7.0340 -14.9888 51.0513 -3.1651 -4.7093 16.0607 -12.4757 8.2425 -1.3231 69.5329 -1.9421 -15.6444 -9.0330 1.8771 1.7702 -3.9061 -1.9563 -12.1539 -4.6957 -15.7953 0.1181 48.0471 0.6250 12.2755 -27.0932 -14.3642 -1.4756 0.6501 0.8451
16.9925 89.9964 -191.5563 -0.3555 -16.4872 3.2148 -1.0979 1.2970 0.6733 -1.7447 -4.6015 -0.1726 -7.1933 16.1513 -2.5914 9.3857 42.0080 -1.1080 -1.3043 -3.4810 -3.5815 2.0427 0.2255 -5.9410 -0.0685 0.0175 0.0581 0.6073 -10.4716 -3.8479 -0.7353 -10.4557 3.9779 -6.8198 17.9672 -7.2599 -55.4464 -1.1579 4.3215 -0.0410 -1.3480 -124.5543 -11.5819 25.6063 4.0776 -15.2054 10.7478 15.7815 -60.1837 1.6370 2.5185 -10.6528 19.4016 4.3302 69.5857 -18.3536 20.4449 -0.0797 2.3680 112.2326 -14.4000 46.9269 -57.9247 15.8640 7.1054 -14.9980 51.4482 -3.1152 -4.6673 17.8890 -6.4978 5.6791 -1.7367 70.6290 -2.7252 -13.1023 -6.3425 1.6030 1.8473 -5.0213 -2.0537 -10.5383 -5.9074 -15.2722 0.0180 47.9333 0.4517 12.3300 -25.8493 -16.1265 -1.4696 0.5521 0.8765
17.3935 90.0752 -193.5112 -0.9746 -15.0895 4.9205 -1.8240 0.9414 0.5231 -1.8570 -4.7871 -0.2477 -8.0298 15.7727 -3.0000 11.4869 39.1128 -1.0383 -1.6001 -3.5143 -4.3456 2.7513 0.2076 -6.6161 -0.0564 0.0063 0.0380 0.6367 -10.3996 -3.8221 -0.7386 -10.3860 3.9063 -7.2736 17.1007 -8.1157 -55.3886 -3.2069 5.4719 0.3785 -1.4170 -124.1121 -10.8961 25.0085 3.7634 -15.2874 10.5267 15.6082 -59.9274 1.7223 2.6529 -7.9015 19.2191 3.8918 69.9429 -17.4872 18.1747 0.4077 2.4576 113.4961 -16.4385 46.8933 -56.9843 15.9992 7.2774 -15.0165 51.7414 -3.0477 -4.6043 18.2060 -0.8603 3.6589 -1.3632 65.7359 -2.6993 -13.1844 -4.3464 -0.2010 1.9338 -9.3478 -2.2218 -9.3535 -8.3470 -14.7867 -0.0299 48.2262 0.2714 12.2083 -24.3920 -17.7320 -1.4737 0.6700 0.9000
17.9575 89.9294 -195.9305 -1.1815 -13.1242 7.2322 -2.7146 0.7901 0.0889 -2.0242 -4.7719 -0.3003 -8.9497 15.5938 -3.3369 13.4239 35.8277 -0.8485 -1.8132 -3.5957 -5.1725 4.0460 -0.2926 -7.6221 -0.0610 0.0035 0.0705 0.6567 -10.3626 -3.7569 -0.7672 -10.3378 3.9075 -7.3972 16.3756 -9.2958 -56.0015 -6.1642 5.7638 0.2873 -1.3568 -123.3538 -10.0281 24.4422 4.0931 -15.1736 10.3779 15.4470 -59.4582 1.7753 2.8149 -5.7605 19.4035 3.4534 70.0371 -17.1220 15.8859 0.3974 2.2302 114.6330 -19.3162 46.4294 -56.1753 15.8552 7.4652 -15.0115 51.7878 -2.9852 -4.5739 16.9895 3.4452 1.2911 -0.8179 55.9030 -2.3558 -16.7898 -8.1377 -1.6044 2.2279 -20.3098 -2.5918 -8.7853 -11.8921 -14.4975 0.0078 48.8419 0.1846 12.1417 -22.8955 -19.1907 -1.4910 1.0887 0.8398
18.5429 89.8075 -198.8106 -0.9641 -11.2510 9.4498 -3.6287 1.2643 0.0274 -2.2565 -4.4589 -0.3676 -9.8692 15.8178 -4.0865 14.9273 32.5956 -0.8024 -2.1422 -3.8076 -5.7479 5.6148 -1.1163 -8.4016 -0.0151 -0.0672 0.0229 0.6947 -10.4178 -3.8056 -0.7127 -10.4051 3.8469 -7.2773 15.7246 -10.5144 -56.7108 -9.3385 5.4318 -0.2851 -1.1004 -122.5817 -8.9374 24.0383 4.8593 -14.9872 10.4116 15.4089 -59.0867 1.7734 2.8749 -5.3457 19.1030 3.3040 70.7481 -16.9845 12.5773 0.7799 1.9967 116.2299 -20.4727 45.2433 -54.4590 15.4172 7.5033 -15.2268 51.5343 -3.1752 -4.5399 14.9896 4.4454 -0.8515 -0.4068 48.8430 -1.7986 -18.4745 -18.0258 0.9862 2.0586 -15.1319 -2.4750 -8.8883 -15.9258 -13.7950 0.1005 49.5798 0.3131 12.2580 -20.8472 -20.6813 -1.5139 0.9306 0.8781
19.1610 90.2078 -201.7885 0.0261 -10.3270 10.9882 -4.3850 2.4385 0.0182 -2.5570 -3.9058 -0.1575 -11.7060 16.8072 -4.5608 16.3325 30.0186 -0.7060 -2.4927 -3.8338 -5.7889 7.6830 -1.9263 -9.0667 -0.0356 -0.0708 0.1043 0.6283 -10.3869 -3.6933 -0.6906 -10.3673 3.9038 -7.2369 15.2517 -11.8122 -56.5689 -12.2689 3.9463 -0.6316 -0.9940 -121.3248 -8.1863 25.0209 5.9252 -15.1147 10.3487 15.4092 -59.1924 1.8959 2.8454 -6.4022 19.5556 3.4085 72.9866 -17.3011 8.7230 0.8262 1.5407 118.1808 -22.0804 43.8852 -53.7643 15.5904 7.4495 -15.3446 51.3969 -3.2247 -4.8357 12.7128 1.8702 -2.3554 -0.3672 48.0908 -1.4736 -18.2904 -20.3524 1.9433 1.9327 -11.6852 -2.3658 -10.0279 -18.7565 -12.5330 0.1813 49.2262 0.5421 11.8327 -17.9267 -21.8103 -1.5290 0.4988 0.9023
19.9235 90.6066 -204.7555 0.4530 -9.8594 11.6244 -4.5070 3.7912 -0.0740 -2.7076 -3.2824 0.0451 -12.8232 17.8331 -4.5858 15.9299 28.0882 -0.6186 -2.4598 -3.7725 -5.7326 9.4991 -2.7916 -9.4809 -0.0660 -0.0712 0.1625 0.5713 -10.4085 -3.6170 -0.6968 -10.3777 3.9557 -7.2587 14.9575 -12.5516 -57.5280 -13.9963 2.4720 -0.8780 -0.9877 -120.7488 -7.2750 25.7092 7.2695 -15.1800 10.3353 15.2923 -59.4025 1.9728 2.6759 -9.6504 20.0622 3.6360 75.6733 -17.1880 5.0792 0.7269 1.2543 120.5485 -23.7195 43.6186 -56.2525 15.8359 7.3590 -15.2525 51.4900 -3.2031 -4.9324 11.3646 -0.9770 -2.5519 -0.4685 48.6320 -1.5338 -17.5633 -20.6314 2.2184 1.9114 -10.4135 -2.3570 -10.8110 -20.7289 -11.5199 0.2203 48.0979 0.6262 10.8773 -14.9952 -21.9898 -1.5300 0.3644 0.9245
20.7828 90.9044 -207.7449 0.4651 -9.0996 11.2494 -4.3542 4.8912 -0.0554 -2.6838 -2.7818 0.3149 -13.3039 18.6923 -4.5000 14.8051 26.0454 -0.4270 -2.3015 -3.7406 -5.4333 10.8726 -3.8001 -9.8478 -0.0812 -0.0685 0.1882 0.5526 -10.4435 -3.5857 -0.7113 -10.3978 3.9816 -7.6575 14.4736 -12.8997 -59.3575 -14.7408 1.4545 -1.1785 -1.0436 -120.9669 -5.8528 24.7348 8.6613 -15.1389 10.3093 15.0794 -59.4956 1.9905 2.4956 -12.4928 20.5062 4.3105 76.5163 -16.7293 2.1072 0.2694 1.0533 123.2672 -24.4435 43.9153 -59.5841 16.0124 7.4402 -15.2324 51.7944 -3.1134 -4.9772 10.2028 -3.1844 -2.1259 -0.5442 48.1296 -1.5534 -16.6826 -21.6368 3.8815 1.8904 -8.5948 -2.3573 -11.1331 -22.8232 -10.9216 0.2248 46.3496 0.6449 9.6206 -12.2624 -20.9472 -1.5313 0.2508 0.9051
21.6891 91.1774 -210.5187 0.2437 -7.8360 10.3554 -4.2013 5.6772 -0.0443 -2.6058 -2.4166 0.6573 -13.4756 19.3103 -4.4579 13.8306 23.7338 -0.2023 -2.0461 -3.7355 -5.1726 11.8546 -5.1474 -9.9785 -0.0784 -0.0586 0.1700 0.5722 -10.4205 -3.6038 -0.7264 -10.3690 3.9613 -8.1614 13.9921 -13.2064 -61.1636 -15.0060 1.1139 -1.5535 -1.0377 -121.5951 -4.3645 23.1648 9.5862 -15.0539 10.2191 14.9145 -59.2724 2.0147 2.4298 -14.1004 20.4951 5.1339 76.2021 -16.3565 -0.8080 -0.0270 0.8449 125.9323 -23.0109 43.7950 -60.5766 16.0570 7.5270 -15.3300 52.1284 -2.9649 -5.0419 9.1282 -5.3629 -1.7268 -0.4945 46.8975 -1.3218 -15.8594 -23.1284 6.5208 1.8307 -5.6277 -2.2747 -10.9008 -25.1257 -10.6158 0.2107 43.8752 0.6632 8.2620 -9.5801 -19.6271 -1.5363 -0.0522 0.9313
22.4591 91.4939 -213.2422 -0.0982 -6.3534 9.1884 -4.1916 6.2919 0.0557 -2.5108 -2.1194 0.9391 -13.5909 19.8297 -4.4878 13.1934 21.4489 -0.1649 -1.6255 -3.7900 -4.7953 12.6060 -6.5558 -9.7867 -0.0963 -0.0392 0.1918 0.5789 -10.3877 -3.5768 -0.7702 -10.3351 3.9864 -8.5423 13.8455 -13.6875 -62.2830 -15.1159 1.2655 -1.7803 -0.9248 -122.3828 -2.9062 22.0086 10.3487 -14.9352 10.1625 14.7811 -59.0985 2.0344 2.3589 -14.9641 19.9248 5.8715 75.7603 -16.0839 -3.7207 -0.1131 0.7813 128.1952 -20.0011 42.9852 -58.9787 16.0430 7.5681 -15.5530 52.2817 -2.9054 -5.1434 8.3145 -7.8482 -1.1785 -0.4376 45.7459 -1.1005 -14.9794 -24.1846 8.8479 1.7580 -3.3831 -2.2524 -10.2698 -27.2325 -10.2045 0.2232 40.7439 0.6809 6.5940 -6.9474 -18.3840 -1.5406 -0.4765 0.9274
23.0494 92.0381 -215.8587 -0.6023 -5.0253 8.2107 -4.1712 6.7376 0.0848 -2.5297 -1.8027 1.0487 -13.8542 20.5735 -4.5740 13.2439 19.3540 -0.3877 -1.4082 -3.7146 -3.9994 13.2744 -7.7736 -9.3039 -0.1171 -0.0345 0.2216 0.5824 -10.3621 -3.5392 -0.8165 -10.3051 4.0153 -8.8496 13.9198 -14.3680 -62.3020 -15.1335 1.7267 -1.8644 -0.8338 -123.1553 -2.0169 21.0865 11.0458 -15.0898 10.1313 14.8225 -58.8489 2.0650 2.4114 -15.4469 19.2941 6.4056 75.9923 -16.1654 -6.8212 -0.2029 0.9381 130.2058 -16.7325 41.6396 -56.2333 15.8551 7.4499 -15.5816 52.1145 -2.9146 -5.2285 8.0324 -10.8200 -0.6006 -0.3862 45.4137 -0.8957 -14.0089 -23.5320 9.7175 1.7147 -2.2646 -2.1809 -9.2643 -28.6512 -10.0503 0.3513 36.9747 0.9653 4.6310 -4.5210 -17.4138 -1.5604 -1.1295 0.9627
23.5618 92.5253 -218.2412 -1.2602 -4.0897 7.2625 -4.2131 7.2165 0.1545 -2.5451 -1.5391 1.0273 -13.9472 21.0655 -4.6469 13.4061 18.2290 -0.4714 -1.2008 -3.7333 -3.2075 13.7528 -8.6215 -8.8923 -0.1223 -0.0276 0.2237 0.5791 -10.3566 -3.5220 -0.8245 -10.2952 4.0075 -8.9866 13.9207 -14.8218 -61.7137 -14.3199 2.0995 -1.7165 -0.6798 -123.4912 -1.4560 20.6180 11.6193 -15.0951 10.0821 14.7699 -58.9711 2.0456 2.3714 -15.9031 19.0143 6.6064 76.4890 -16.3814 -8.7568 -0.6375 0.7863 131.6863 -15.2964 40.9046 -54.2574 15.6682 7.4208 -15.6333 51.8909 -3.0072 -5.3106 8.1267 -13.2522 0.0310 -0.3566 45.0540 -0.7940 -13.2804 -22.6821 10.2268 1.6975 -1.3287 -2.1432 -8.1382 -29.0830 -9.8452 0.3337 33.4355 0.9179 3.3416 -3.9823 -16.2266 -1.5444 -1.5747 1.0815
23.9377 92.9604 -220.4389 -1.9631 -3.5139 6.4741 -4.2577 7.6278 0.1785 -2.5267 -1.3128 1.0120 -13.9800 21.4877 -4.7335 13.5387 17.7458 -0.5247 -0.9294 -3.7475 -2.5000 14.0469 -9.4725 -8.3352 -0.1291 -0.0101 0.2311 0.5665 -10.3524 -3.5042 -0.8262 -10.2842 4.0091 -9.2452 14.0123 -15.2055 -60.4903 -13.1551 2.4176 -1.4875 -0.5595 -123.5634 -1.1474 20.1502 12.1040 -15.0363 10.1021 14.8312 -59.0769 2.0426 2.3858 -16.1753 18.7639 6.6537 77.2150 -16.5640 -10.4234 -0.9896 0.7229 133.0169 -14.3068 40.3234 -52.5162 15.5767 7.3489 -15.6330 51.7028 -3.0901 -5.3621 8.4223 -15.1291 0.6019 -0.3538 44.5806 -0.7370 -12.5263 -21.7610 10.5906 1.6880 -0.6614 -2.1395 -6.9513 -29.2549 -10.1309 0.3008 31.2919 0.8373 3.0791 -4.5640 -15.2569 -1.5223 -1.8803 1.1461
24.2170 93.3088 -222.3792 -2.5699 -3.3283 5.9108 -4.2753 8.0281 0.1993 -2.4835 -1.1495 0.9623 -13.9481 21.9039 -4.7862 13.5460 17.7311 -0.5764 -0.6797 -3.7581 -1.9039 14.1767 -10.1998 -7.7770 -0.1333 0.0015 0.2378 0.5507 -10.3671 -3.4934 -0.8193 -10.2916 4.0149 -9.5292 14.1399 -15.4914 -59.0070 -11.7620 2.6393 -1.3215 -0.4590 -123.3696 -1.0503 19.9298 12.5884 -14.8957 10.1853 14.8947 -59.2993 2.0275 2.3842 -16.3710 18.5665 6.6378 78.1465 -16.6983 -12.0949 -1.2292 0.7096 134.3168 -13.8684 39.8284 -51.0657 15.6429 7.2654 -15.5789 51.6149 -3.1324 -5.3910 8.6863 -16.5319 1.0733 -0.3534 44.2527 -0.6825 -11.6602 -20.8540 10.7477 1.6798 -0.2045 -2.1317 -6.0426 -29.3257 -10.6490 0.2744 31.1488 0.7702 3.9284 -5.9070 -14.4686 -1.4989 -2.0140 1.1805
24.4778 93.4950 -224.1060 -3.0162 -3.4913 5.5386 -4.2564 8.4064 0.2082 -2.4360 -1.0125 0.9356 -13.8306 22.2803 -4.8086 13.4030 18.0243 -0.5981 -0.4326 -3.7769 -1.4873 14.0663 -10.8072 -7.2223 -0.1258 0.0028 0.2212 0.5441 -10.3940 -3.5127 -0.7976 -10.3194 3.9994 -9.7668 14.3300 -15.6323 -57.5213 -10.2934 2.6145 -1.2304 -0.4207 -122.8969 -1.0890 19.8781 13.0425 -14.7386 10.2689 14.9611 -59.4228 1.9792 2.3676 -16.4707 18.4574 6.5771 79.2526 -16.9158 -13.8080 -1.3455 0.7214 135.5517 -13.9050 39.4876 -49.9208 15.7883 7.1782 -15.4718 51.5127 -3.1351 -5.3743 8.8392 -17.5789 1.5176 -0.3325 44.1500 -0.6021 -10.7081 -20.0990 10.7207 1.6710 0.1409 -2.0908 -5.5368 -29.3707 -11.4157 0.3027 33.5605 0.7852 5.7115 -7.5094 -13.6166 -1.4801 -2.0336 1.1938
24.6459 93.5219 -225.6020 -3.1710 -3.9512 5.4287 -4.2354 8.7878 0.1979 -2.3860 -0.9211 0.8908 -13.6450 22.6073 -4.7732 13.1178 18.4740 -0.5613 -0.2467 -3.7862 -1.2495 13.7762 -11.3361 -6.8131 -0.1131 0.0085 0.1881 0.5460 -10.4261 -3.5527 -0.7731 -10.3591 3.9666 -9.8979 14.5588 -15.5792 -56.2846 -8.7946 2.0722 -1.1709 -0.3654 -122.1332 -1.1274 19.7158 13.4466 -14.6017 10.3911 15.0327 -59.5981 1.9309 2.3084 -16.4621 18.4499 6.4947 80.4510 -17.2039 -15.4316 -1.4216 0.6440 136.5913 -14.9655 39.2830 -49.2429 15.8989 7.1389 -15.3695 51.3927 -3.1014 -5.3108 8.6861 -18.3807 1.9518 -0.3092 44.3761 -0.5563 -9.6705 -19.5211 10.5846 1.6673 0.3890 -2.0467 -5.6937 -29.0845 -12.0119 0.3433 38.3555 0.8241 7.5775 -9.6100 -12.7239 -1.4694 -1.9508 1.1920
24.7770 93.4115 -227.0103 -3.0392 -4.5490 5.4804 -4.2088 9.1340 0.1676 -2.3472 -0.8799 0.9038 -13.4359 22.8808 -4.6883 12.6338 18.9227 -0.5624 -0.1048 -3.8020 -1.1154 13.3961 -11.8051 -6.5102 -0.1071 0.0111 0.1645 0.5459 -10.4530 -3.5836 -0.7602 -10.3942 3.9458 -10.0418 14.8526 -15.4204 -55.2337 -7.4126 1.1401 -1.1017 -0.3010 -121.3387 -1.2903 19.5648 13.6912 -14.4907 10.5276 15.1832 -59.8061 1.8783 2.2866 -16.2918 18.5410 6.4919 81.7242 -17.5661 -17.0661 -1.4462 0.5460 137.3694 -16.9403 38.8677 -48.9768 15.9650 7.1092 -15.3314 51.1259 -3.0856 -5.2211 8.2405 -19.0277 2.3729 -0.2780 44.7873 -0.5009 -8.6477 -18.9988 10.4443 1.6633 0.4755 -1.9967 -6.4058 -28.3334 -12.3147 0.3741 44.5643 0.8766 9.0637 -11.6637 -11.7969 -1.4678 -1.8961 1.1729
24.8795 93.2225 -228.3946 -2.6061 -5.1045 5.4762 -4.2018 9.3970 0.1502 -2.3178 -0.9122 0.9682 -13.2163 23.0993 -4.5135 11.9494 19.1331 -0.5620 -0.0785 -3.8099 -1.0350 12.9989 -12.2460 -6.4029 -0.1116 0.0111 0.1655 0.5366 -10.4677 -3.5863 -0.7600 -10.4160 3.9496 -10.2310 15.1417 -15.1113 -54.5360 -6.3400 -0.0226 -1.0598 -0.1846 -120.6879 -1.4988 19.2761 13.5705 -14.4398 10.6465 15.3244 -59.9885 1.8486 2.2949 -16.1299 18.6526 6.6993 82.9991 -17.8671 -18.6870 -1.3963 0.4310 137.8358 -19.2433 38.0574 -48.8549 15.9511 7.0716 -15.3754 50.6915 -3.1532 -5.1294 7.4939 -19.6661 2.9310 -0.2689 45.2302 -0.4744 -7.7151 -18.4678 10.3658 1.6580 0.4587 -1.9580 -7.5094 -27.0657 -12.1901 0.3564 51.2113 0.8628 10.2341 -13.8368 -11.1204 -1.4701 -1.9353 1.1375
24.9129 92.9543 -229.7018 -1.9307 -5.4611 5.2441 -4.1943 9.5648 0.1533 -2.2945 -0.9847 1.0900 -13.0296 23.2096 -4.2595 11.1179 19.0336 -0.5533 -0.1271 -3.8186 -0.9893 12.5807 -12.7029 -6.3774 -0.1194 0.0029 0.1780 0.5300 -10.4706 -3.5766 -0.7698 -10.4277 3.9657 -10.4621 15.3960 -14.7111 -54.2500 -5.7153 -1.1150 -1.0268 -0.1133 -120.4578 -1.4893 18.6967 13.1336 -14.4380 10.7078 15.3977 -60.0942 1.8022 2.3067 -16.0898 18.6927 7.1665 84.0864 -18.0005 -20.2009 -1.2880 0.2861 138.1314 -21.2528 37.1940 -48.8494 15.8146 7.0424 -15.4420 50.2312 -3.2471 -5.0327 6.5212 -20.4639 3.7120 -0.2680 45.6799 -0.4505 -6.9118 -17.9602 10.3018 1.6531 0.4019 -1.9207 -8.6625 -25.4297 -11.7063 0.3000 57.2097 0.7680 10.9912 -15.7415 -10.6042 -1.4748 -2.0945 1.1056
24.9367 92.6480 -231.1152 -1.0561 -5.5336 4.7856 -4.2008 9.6271 0.1372 -2.2783 -1.0714 1.2673 -12.8880 23.2140 -3.9537 10.2375 18.6075 -0.3921 -0.2633 -3.8194 -1.0488 12.1736 -13.1547 -6.4249 -0.1211 -0.0043 0.1738 0.5380 -10.4752 -3.5898 -0.7830 -10.4421 3.9705 -10.6997 15.5726 -14.2758 -54.2519 -5.5068 -1.9470 -1.0531 -0.0564 -120.5204 -1.3530 17.9963 12.5322 -14.4420 10.7739 15.4504 -60.1695 1.7893 2.3185 -16.1193 18.7241 7.8237 84.6931 -18.1303 -21.2600 -1.1859 0.1684 138.3039 -22.7198 36.4624 -48.8784 15.6851 7.0761 -15.5147 49.9645 -3.3509 -4.9708 5.3759 -21.4936 4.6591 -0.2417 46.0560 -0.3813 -6.2374 -17.4027 10.2843 1.6489 0.3899 -1.8855 -9.6305 -23.5195 -11.1153 0.2784 61.7047 0.7244 11.5758 -17.3202 -10.2598 -1.4775 -2.3053 1.0827
24.8451 92.3469 -232.5680 -0.0739 -5.3431 4.0778 -4.1964 9.6188 0.1305 -2.2421 -1.1884 1.4880 -12.8067 23.1827 -3.6374 9.2427 17.8796 -0.1011 -0.3989 -3.8190 -1.1606 11.7656 -13.6390 -6.5021 -0.1211 -0.0135 0.1699 0.5463 -10.4604 -3.6001 -0.7940 -10.4375 3.9753 -10.9277 15.6550 -13.8845 -54.4668 -5.5822 -2.4988 -1.1352 -0.0293 -120.7833 -1.0725 17.2925 11.8968 -14.4072 10.8164 15.4784 -60.1084 1.7872 2.3170 -16.1624 18.7428 8.5726 84.7955 -18.4092 -21.7600 -1.0312 0.1369 138.3504 -23.5574 36.0146 -48.8195 15.5644 7.1445 -15.6068 49.8383 -3.4147 -4.9442 4.1550 -22.7115 5.8042 -0.2071 46.2717 -0.2894 -5.6912 -16.7048 10.3434 1.6469 0.3771 -1.8513 -10.2404 -21.3431 -10.4559 0.3088 64.2494 0.7550 12.1303 -18.4599 -9.9321 -1.4815 -2.6693 1.0780
24.6760 92.0611 -234.1520 0.9160 -4.9892 3.1811 -4.1342 9.5820 0.1009 -2.2158 -1.2824 1.7660 -12.7930 23.1718 -3.3777 8.1410 16.9420 0.3057 -0.4558 -3.8231 -1.3015 11.2844 -14.1464 -6.4833 -0.1188 -0.0238 0.1629 0.5526 -10.4183 -3.6077 -0.7979 -10.4118 3.9692 -11.2238 15.6668 -13.5999 -54.6389 -5.8601 -2.7813 -1.2436 -0.0649 -121.0941 -0.7886 16.7274 11.2110 -14.4035 10.7684 15.4373 -59.9191 1.7642 2.2936 -16.1307 18.8297 9.3620 84.4626 -18.9998 -21.7112 -0.7576 0.1631 138.2853 -23.7758 35.9058 -48.6357 15.4476 7.1828 -15.6880 49.7407 -3.4724 -4.9728 2.9359 -24.0298 7.1463 -0.1491 46.2971 -0.1615 -5.2181 -15.8234 10.5373 1.6477 0.3415 -1.8184 -10.4301 -18.8640 -9.8426 0.3543 64.4232 0.8365 12.7358 -19.1821 -9.4523 -1.4878 -3.4172 1.0888
24.4322 91.7809 -235.8900 1.8324 -4.5751 2.0570 -4.0052 9.5803 0.1510 -2.1846 -1.3599 1.9930 -12.7965 23.2247 -3.1992 6.8472 15.8946 0.7429 -0.4293 -3.8247 -1.3063 10.6960 -14.6147 -6.3810 -0.1162 -0.0306 0.1631 0.5617 -10.3690 -3.5960 -0.8039 -10.3775 3.9580 -11.5942 15.6113 -13.3308 -54.7273 -6.0807 -3.0921 -1.1412 -0.1943 -121.4046 -0.4350 16.3369 10.5655 -14.4020 10.6995 15.3425 -59.7585 1.7346 2.2265 -15.9118 19.1629 10.1395 83.5278 -20.0630 -20.8676 -0.4774 0.1301 138.1422 -23.4362 36.2317 -48.3211 15.4366 7.1796 -15.7945 49.6856 -3.4553 -5.0707 1.7840 -25.4034 8.6788 -0.0939 46.2675 -0.0576 -4.8782 -14.8320 10.9948 1.6430 0.3501 -1.7708 -10.2574 -16.0727 -9.2420 0.3056 61.8692 0.8199 13.3249 -19.4771 -9.1112 -1.5064 -5.7719 1.1336
24.1094 91.5451 -237.6368 2.6133 -4.1631 0.7767 -3.8566 9.5786 0.2186 -2.1763 -1.3322 2.2404 -12.6833 23.2243 -3.0852 5.4702 14.9131 1.2047 -0.4382 -3.8125 -1.2343 10.1110 -14.9349 -6.2560 -0.1258 -0.0360 0.2018 0.5632 -10.3457 -3.5435 -0.8271 -10.3482 3.9874 -11.8520 15.4950 -12.9699 -54.8392 -6.0819 -3.5684 -0.8233 -0.3923 -121.5193 -0.0354 16.3305 9.9338 -14.4973 10.6787 15.2841 -59.7665 1.7465 2.2466 -15.4731 19.7047 10.8664 81.9479 -21.3956 -19.0874 -0.1817 0.1217 137.8618 -22.4923 36.8218 -47.8912 15.6669 7.1515 -15.8183 49.7653 -3.4300 -5.1575 0.8021 -26.6999 10.2855 -0.0362 46.0678 0.0136 -4.6061 -13.6677 11.6523 1.6298 0.3110 -1.7219 -9.9963 -13.0514 -8.6759 0.2437 56.3035 0.7533 14.2126 -21.4880 -10.0033 -1.5334 -8.8680 1.2222
23.7892 91.4007 -239.4359 3.0434 -3.9369 -0.6032 -3.4955 9.7058 0.2610 -2.1467 -1.3029 2.4043 -12.3965 23.2765 -2.8425 4.0730 14.2974 1.6010 -0.5646 -3.8093 -1.1770 9.5803 -15.3280 -6.1397 -0.1330 -0.0476 0.2597 0.5519 -10.3639 -3.4893 -0.8320 -10.3675 4.0551 -12.0524 15.6844 -12.8330 -55.0093 -6.1954 -3.9533 -0.4734 -0.5215 -121.7586 0.3469 16.5303 9.8266 -14.4529 10.6599 15.2178 -59.8226 1.7781 2.2752 -14.9290 20.0316 11.5374 79.5241 -22.2636 -16.3383 -0.0864 0.1206 137.3918 -20.7178 37.2125 -47.1630 15.9517 7.2182 -15.8838 50.1670 -3.3116 -5.2198 0.3189 -27.8536 11.5258 0.1059 45.8939 0.2120 -4.2994 -12.4645 12.4334 1.6366 -0.0449 -1.8038 -9.5303 -10.9379 -7.9256 0.1635 50.8578 0.5162 15.0055 -26.7099 -12.6345 -1.5009 -5.1716 1.2401
23.4425 91.2206 -241.0776 3.1219 -4.1175 -2.0225 -3.0533 9.9995 0.3347 -2.0586 -1.2665 2.3582 -11.9727 23.4669 -2.6777 2.9020 14.0120 2.0172 -0.5916 -3.7601 -1.2013 8.8292 -15.8787 -5.8170 -0.1256 -0.0328 0.2653 0.5596 -10.3556 -3.4872 -0.8265 -10.3578 4.0647 -12.0192 15.9950 -12.5900 -55.4765 -6.4563 -4.1657 -0.2162 -0.6297 -122.0890 0.7111 16.6005 9.7416 -14.4754 10.6762 15.2190 -59.8861 1.8474 2.3062 -14.5250 20.4303 11.9466 77.0043 -23.1086 -13.4158 0.2613 0.3043 136.7798 -18.0803 37.0817 -46.1812 16.0958 7.3260 -16.0639 50.4896 -3.2910 -5.2733 0.3990 -28.6090 12.5794 0.1780 45.7091 0.3182 -3.9713 -11.3428 13.0577 1.6470 -0.3852 -1.8978 -8.9079 -10.5195 -7.1467 0.0641 48.4023 0.3809 14.5224 -29.6346 -13.7445 -1.4690 -1.9699 1.2015
23.1480 91.0036 -242.6439 3.0158 -4.6331 -3.3427 -2.6630 10.3351 0.3700 -1.9730 -1.1896 2.2113 -11.4493 23.6774 -2.6792 2.0287 14.2441 2.2219 -0.6025 -3.8103 -1.2815 8.1629 -16.2359 -5.4037 -0.1132 -0.0374 0.2326 0.5635 -10.3662 -3.5282 -0.8067 -10.3695 4.0392 -11.7277 16.3741 -12.3396 -56.2159 -6.5371 -4.1910 -0.0484 -0.8453 -122.7690 1.2391 16.8341 9.8406 -14.4788 10.6360 15.1607 -59.8139 1.8949 2.2898 -14.2240 20.6530 12.0162 74.6123 -23.2741 -10.2410 0.4413 0.4667 136.1152 -14.5464 37.2049 -44.6989 16.1746 7.4334 -16.2658 50.7702 -3.3008 -5.4227 0.8141 -29.0243 13.2251 0.2421 45.5901 0.4206 -3.6608 -10.4242 13.6093 1.6541 -0.4869 -1.9307 -8.4289 -10.9038 -6.6660 0.0659 48.0000 0.4059 13.3939 -30.8543 -13.1403 -1.4345 -0.7755 1.1940
22.9143 90.8479 -244.0031 2.9041 -5.3044 -4.4574 -2.4147 10.5648 0.3209 -1.8919 -1.1505 1.9714 -10.9276 23.9082 -2.7965 1.5408 14.8430 2.2907 -0.5806 -3.8011 -1.4712 7.5461 -16.4722 -5.0686 -0.1070 -0.0341 0.2173 0.5619 -10.3671 -3.5470 -0.7927 -10.3649 4.0246 -11.4221 16.8481 -12.1814 -56.9187 -6.5003 -4.1890 0.1029 -0.9531 -123.4212 1.7153 16.8281 9.7799 -14.5322 10.5736 15.1142 -59.6440 1.8766 2.2777 -13.6344 20.7823 11.6553 72.4964 -23.0104 -7.1491 0.7229 0.6441 135.4671 -10.7450 36.9822 -43.2662 16.1911 7.5183 -16.4734 50.9357 -3.2831 -5.5141 1.3133 -29.1070 13.6539 0.3014 45.2637 0.5145 -3.4263 -9.4434 14.0312 1.6610 -0.4593 -1.9577 -8.1352 -11.7741 -6.6108 0.1203 48.7718 0.4530 12.2409 -30.9021 -11.8917 -1.4173 -0.3608 1.1765
22.6532 90.8149 -245.3648 2.8173 -5.9046 -5.2672 -2.2643 10.6373 0.2351 -1.8405 -1.1568 1.6464 -10.4764 24.0053 -3.0439 1.4107 15.6903 2.2042 -0.5802 -3.7960 -1.7249 7.0588 -16.5530 -4.9700 -0.1086 -0.0319 0.2129 0.5459 -10.3805 -3.5532 -0.7800 -10.3711 4.0217 -11.1183 17.2133 -12.1034 -57.5582 -6.2266 -4.1483 0.1104 -0.9647 -123.9249 2.1778 17.3629 9.8465 -14.5967 10.5374 15.0342 -59.6088 1.8772 2.2170 -12.7989 20.8603 11.0902 70.9275 -22.1634 -4.3963 0.9766 0.8315 134.8607 -7.4935 37.1138 -42.2768 16.1860 7.5567 -16.6266 51.0243 -3.2826 -5.5773 1.7691 -29.0122 13.8743 0.3290 44.5988 0.5471 -3.2333 -8.3573 14.3549 1.6659 -0.4333 -1.9510 -7.8729 -12.4867 -6.7790 0.1672 49.3400 0.4764 11.1100 -30.5583 -10.6658 -1.4133 -0.1436 1.1632
22.3954 90.9614 -246.6398 2.7379 -6.3444 -5.7713 -2.1453 10.6026 0.1099 -1.8089 -1.1886 1.3231 -10.0511 23.9347 -3.3708 1.4043 16.5168 2.0121 -0.5737 -3.7871 -2.0775 6.6955 -16.6184 -5.1491 -0.1155 -0.0335 0.2208 0.5255 -10.3791 -3.5417 -0.7733 -10.3726 4.0277 -10.8991 17.5079 -12.0971 -58.0767 -5.8142 -4.2939 0.0545 -0.9187 -124.2471 2.5733 18.8950 10.1233 -14.5845 10.5061 14.9867 -59.5680 1.8753 2.1821 -11.8640 20.9167 10.3781 69.9773 -21.0018 -2.1902 1.1463 1.0826 134.2379 -4.7988 37.7402 -41.8027 16.2372 7.5392 -16.6821 51.0834 -3.3040 -5.5860 2.1463 -28.7604 14.0094 0.3366 43.3364 0.5369 -3.0283 -6.9067 14.5506 1.6678 -0.4918 -1.9371 -7.5801 -13.0371 -7.1666 0.1852 49.3982 0.4699 9.9235 -29.8246 -9.5986 -1.4168 -0.0923 1.1373
22.1249 91.2889 -247.7969 2.6869 -6.5491 -5.9432 -2.0465 10.5546 -0.0768 -1.7689 -1.2180 1.0280 -9.5944 23.6211 -3.7155 1.4374 17.2005 1.7867 -0.6042 -3.7792 -2.4780 6.4209 -16.8402 -5.5881 -0.1203 -0.0317 0.2268 0.5070 -10.3690 -3.5318 -0.7637 -10.3704 4.0291 -10.6218 17.7346 -12.0965 -58.5831 -5.3982 -4.9250 -0.0568 -0.8188 -124.4762 2.8742 21.3998 10.4988 -14.5547 10.5156 15.0470 -59.6409 1.8780 2.1936 -11.1062 20.9375 9.6874 69.6744 -19.7469 -0.7523 1.2424 1.2709 133.6460 -2.8709 38.4492 -41.7062 16.3189 7.4731 -16.6665 51.0888 -3.3648 -5.5620 2.3324 -28.4298 14.1397 0.3175 41.4003 0.4907 -2.7434 -5.0169 14.5158 1.6706 -0.5328 -1.9375 -7.2712 -13.5446 -7.8258 0.1860 48.8972 0.4586 8.8035 -28.7527 -8.6985 -1.4226 -0.1420 1.1057
21.8260 91.7259 -248.9821 2.6933 -6.5200 -5.8254 -1.9486 10.5614 -0.2571 -1.6921 -1.2505 0.7438 -9.1167 23.1687 -3.9978 1.4164 17.7186 1.5820 -0.6440 -3.7844 -2.9443 6.2466 -17.3194 -6.2471 -0.1200 -0.0338 0.2281 0.4959 -10.3485 -3.5242 -0.7511 -10.3638 4.0215 -10.1834 17.9067 -12.0734 -59.1014 -5.1698 -6.1985 -0.1988 -0.6986 -124.8280 3.0690 24.2839 10.7177 -14.5715 10.5330 15.1615 -59.8055 1.8813 2.2752 -10.7013 20.8957 9.1567 69.8004 -18.5978 -0.0224 1.3096 1.3427 133.2388 -1.9170 38.6752 -41.7188 16.3519 7.3961 -16.6483 50.9999 -3.4105 -5.5075 2.2649 -28.1291 14.4842 0.2821 38.9580 0.4426 -2.4420 -2.7651 14.1475 1.6737 -0.5693 -1.9357 -6.9691 -14.1764 -8.6570 0.1881 48.1045 0.4440 7.9371 -27.5807 -8.0767 -1.4315 -0.1780 1.0809
21.5287 92.1865 -250.1704 2.8261 -6.2807 -5.3955 -1.8369 10.6026 -0.4157 -1.5923 -1.2847 0.4953 -8.6706 22.7344 -4.1826 1.3432 18.0415 1.4794 -0.6992 -3.7821 -3.4631 6.2157 -17.9320 -7.0629 -0.1252 -0.0324 0.2446 0.4811 -10.3329 -3.5010 -0.7463 -10.3620 4.0309 -9.6800 17.9501 -12.0466 -59.4474 -5.2253 -8.0047 -0.3017 -0.5351 -125.2366 2.9637 26.5826 10.4607 -14.6355 10.5347 15.2634 -60.0185 1.8785 2.3862 -10.5392 20.8399 8.8503 69.9967 -17.7880 0.0422 1.4405 1.3034 133.1090 -1.6985 38.3494 -41.7813 16.2773 7.3612 -16.6287 50.8671 -3.3981 -5.4411 1.8457 -27.9231 15.2888 0.2392 36.2136 0.4008 -2.3043 -0.3416 13.3137 1.6775 -0.6305 -1.9214 -6.7580 -15.0347 -9.6150 0.2041 47.2779 0.4348 7.2646 -26.4387 -7.6830 -1.4427 -0.1402 1.0660
21.2716 92.6525 -251.4714 3.0906 -5.8529 -4.7296 -1.6826 10.6397 -0.5281 -1.4666 -1.2836 0.3406 -8.3331 22.3797 -4.3445 1.1929 18.0747 1.4871 -0.7520 -3.7784 -4.0301 6.3138 -18.3510 -7.8775 -0.1356 -0.0298 0.2641 0.4683 -10.3212 -3.4743 -0.7539 -10.3550 4.0447 -9.3427 17.8629 -12.0448 -59.4161 -5.7455 -9.7862 -0.4288 -0.3384 -125.4431 2.5013 27.6601 9.8097 -14.7027 10.4934 15.3176 -60.1727 1.8638 2.4814 -10.4131 20.6992 8.7503 69.9766 -17.3477 -0.2807 1.6247 1.2375 133.1796 -1.9069 37.7853 -41.8806 16.2067 7.3745 -16.6076 50.7438 -3.3658 -5.4073 1.0166 -27.7654 16.7956 0.1782 33.2287 0.3626 -2.4444 2.1042 11.8216 1.6890 -0.7482 -1.9011 -6.6718 -16.1336 -10.6712 0.2283 46.4980 0.4243 6.6390 -25.2677 -7.3715 -1.4564 -0.0879 1.0586
21.0274 93.1281 -252.9907 3.4041 -5.2720 -3.7343 -1.4409 10.7263 -0.6501 -1.3278 -1.2829 0.2715 -8.0526 22.0898 -4.5115 1.1735 17.7945 1.7097 -0.9685 -3.7462 -4.9384 6.4543 -18.5227 -8.6636 -0.1195 -0.0496 0.2238 0.5000 -10.3315 -3.5154 -0.7510 -10.3731 3.9994 -9.2201 17.6711 -12.0808 -59.1431 -6.3746 -11.3609 -0.4468 -0.1970 -125.5174 2.0649 28.1221 9.2866 -14.7474 10.3944 15.2805 -60.0119 1.8350 2.5168 -10.4008 20.4815 8.7404 69.7999 -17.0786 -0.7102 1.6772 1.1431 133.4802 -2.3010 37.3548 -42.0102 16.0464 7.3013 -16.4365 50.4208 -3.3171 -5.3431 -0.1821 -27.6144 19.3038 0.1149 29.8498 0.3955 -3.9546 4.7242 8.7223 1.7455 -1.0824 -1.9080 -6.6073 -17.5144 -12.1172 0.2015 45.8030 0.3633 5.9639 -23.9640 -6.9093 -1.4692 -0.0927 1.1091
20.8923 93.4462 -254.4562 3.7545 -4.6435 -2.5918 -1.0386 10.7889 -0.7263 -1.1965 -1.2327 0.1714 -7.8488 21.8411 -4.5084 0.8976 17.3365 1.8145 -1.0731 -3.7181 -5.5488 6.6166 -18.5545 -9.5942 -0.1229 -0.0445 0.2226 0.4865 -10.3395 -3.5224 -0.7451 -10.3855 4.0046 -9.1180 17.2646 -12.1529 -58.9151 -7.1850 -12.7112 -0.2954 -0.1617 -125.3151 1.7081 28.0293 9.0420 -14.6994 10.3481 15.2397 -60.1100 1.8225 2.5749 -10.4035 20.3599 8.8628 69.4088 -17.0846 -1.3740 1.6918 1.0242 133.9119 -2.9169 36.6079 -42.1157 15.9780 7.3190 -16.3481 50.3562 -3.2728 -5.3529 -1.3481 -27.6703 22.1860 -0.0068 27.6746 0.3368 -8.1652 4.9357 4.7205 1.6831 -1.4286 -1.9440 -6.6191 -19.1238 -13.5450 0.2152 45.3638 0.3257 5.4572 -22.8736 -6.6300 -1.4802 0.1000 1.0644
20.8227 93.5928 -256.0440 4.2208 -4.0955 -1.4459 -0.6234 10.7812 -0.7163 -1.0904 -1.2220 0.0816 -7.7467 21.7525 -4.5071 0.6216 16.9531 1.9841 -1.1115 -3.7176 -6.2524 6.5949 -18.5540 -10.1837 -0.1139 -0.0348 0.1955 0.4951 -10.3538 -3.5595 -0.7359 -10.4034 3.9845 -9.1845 16.9072 -12.2453 -58.7205 -8.2372 -13.5571 -0.1999 -0.2705 -125.0341 1.6945 27.1389 9.0191 -14.5933 10.3463 15.2608 -60.0434 1.7533 2.6613 -10.4009 20.3677 9.0650 68.6650 -17.4109 -2.1419 1.6305 0.8854 134.2182 -3.4285 35.7091 -42.1195 15.8656 7.3326 -16.2609 50.3189 -3.2362 -5.2454 -2.4465 -27.8076 25.0036 -0.0470 27.8359 0.2716 -13.5072 1.5326 2.0981 1.5654 -1.7294 -1.9916 -6.7840 -20.9539 -14.9395 0.2233 45.3695 0.3082 4.8413 -21.9167 -6.1914 -1.4778 0.4213 1.0047
20.8719 93.6115 -257.5147 4.7700 -3.8903 -0.5262 -0.3282 10.7348 -0.6089 -1.0046 -1.2072 0.0828 -7.7679 21.8815 -4.5630 0.4539 16.8503 2.1055 -1.1496 -3.7156 -6.6517 6.5117 -18.4831 -10.4164 -0.1002 -0.0396 0.1661 0.5089 -10.3673 -3.5964 -0.7219 -10.4162 3.9587 -9.5072 16.8074 -12.3863 -58.4349 -9.5379 -13.9347 -0.2045 -0.4388 -124.5753 1.8045 25.9725 9.0820 -14.5490 10.3957 15.2713 -60.0450 1.6854 2.6009 -10.2453 20.4476 9.3305 67.4029 -18.0794 -2.4868 1.3141 0.8204 133.9913 -3.8064 35.2370 -42.2553 15.7985 7.3693 -16.2601 50.1870 -3.2870 -5.2456 -2.8754 -27.6817 26.7880 -0.0054 31.3804 0.3028 -14.6442 -3.2611 2.9888 1.5591 -1.9296 -2.0620 -7.1554 -22.5996 -15.8539 0.2295 45.6801 0.3117 4.3153 -21.0247 -5.8637 -1.4715 0.7917 0.9547
20.9291 93.5704 -258.9505 5.1661 -4.0305 0.2597 -0.1316 10.6286 -0.4817 -0.9481 -1.2039 0.1925 -7.7612 22.1494 -4.6269 0.3764 17.2597 2.1144 -1.1858 -3.7208 -6.5662 6.5849 -18.4679 -10.4676 -0.0952 -0.0447 0.1665 0.5105 -10.3768 -3.6027 -0.7121 -10.4242 3.9654 -9.7767 16.8369 -12.4636 -58.3131 -10.5739 -14.0795 -0.1869 -0.6387 -124.0513 1.9733 25.2949 9.5483 -14.5058 10.5043 15.2751 -60.1354 1.6518 2.4598 -10.0995 20.6214 9.4956 66.0441 -18.9652 -2.3244 0.7650 0.7584 133.1547 -3.8008 35.7702 -42.5117 15.8215 7.3757 -16.2681 50.0755 -3.4078 -5.2783 -1.8307 -26.9424 26.0562 0.0541 37.1837 0.3404 -13.1131 -7.6619 5.5143 1.6377 -1.9142 -2.1033 -7.4762 -23.7783 -16.1476 0.2380 46.0580 0.3339 3.9635 -20.2045 -5.9846 -1.4672 1.0037 0.9444
21.0691 93.4716 -260.3393 5.4043 -4.3649 1.0923 -0.0761 10.4258 -0.3409 -0.9025 -1.2478 0.2970 -7.7147 22.4115 -4.6406 0.5562 18.0483 2.1557 -1.1844 -3.7230 -6.3377 6.8345 -18.4339 -10.4713 -0.1004 -0.0450 0.1853 0.5020 -10.3770 -3.5910 -0.7120 -10.4205 3.9965 -9.8392 16.8807 -12.4307 -58.5987 -11.1514 -13.9823 -0.3090 -0.7544 -123.6185 2.2317 25.1283 10.3503 -14.4279 10.6516 15.2894 -60.1606 1.6742 2.2949 -9.9008 20.8046 9.6053 64.9774 -19.8338 -2.3673 0.4015 0.7021 132.0699 -3.3904 37.1125 -42.6356 15.7806 7.3673 -16.1828 50.0335 -3.4534 -5.2503 0.2789 -25.2466 22.6705 0.0069 43.3896 0.2054 -10.9943 -10.6105 8.4093 1.7261 -1.9727 -2.1228 -7.7557 -24.5636 -15.9727 0.2545 46.3576 0.3744 3.7977 -19.3623 -6.6824 -1.4704 1.0651 0.9380
21.2946 93.3560 -261.5784 5.4921 -4.7388 2.0802 -0.1542 10.1518 -0.2178 -0.8586 -1.3231 0.3042 -7.6450 22.5698 -4.5866 1.0014 18.8470 2.2188 -1.1576 -3.7002 -6.1268 7.1518 -18.2435 -10.4335 -0.1122 -0.0384 0.2126 0.4874 -10.3749 -3.5723 -0.7186 -10.4184 4.0397 -9.8082 16.9452 -12.3123 -58.9436 -11.2754 -13.7908 -0.4769 -0.8422 -123.4982 2.3711 25.1566 11.0556 -14.3850 10.7449 15.2410 -60.1243 1.6838 2.1651 -9.6099 20.9685 9.6709 64.3416 -20.4847 -2.6116 0.2433 0.7255 131.1988 -2.7065 38.6025 -42.4584 15.6696 7.3568 -16.0730 50.0900 -3.4240 -5.2223 2.6163 -22.5894 17.8167 -0.1651 48.9273 -0.1420 -9.0738 -11.7029 10.9484 1.7994 -2.2793 -2.1724 -8.0057 -25.1168 -15.5427 0.2355 46.5925 0.3484 3.8997 -18.5596 -7.8006 -1.4755 1.0272 0.9196
21.5703 93.1927 -262.8582 5.3984 -5.1246 3.3167 -0.2663 9.8338 -0.1664 -0.8365 -1.4041 0.2179 -7.5513 22.6098 -4.5284 1.5897 19.5587 2.2064 -1.1141 -3.6581 -5.9288 7.4862 -17.9405 -10.3861 -0.1197 -0.0229 0.2301 0.4784 -10.3662 -3.5626 -0.7217 -10.4114 4.0694 -9.7654 17.0673 -12.1430 -59.0289 -11.1234 -13.7281 -0.6662 -0.8875 -123.7116 2.0766 24.9843 11.3735 -14.3630 10.7398 15.1951 -60.1222 1.6788 2.1471 -9.2886 21.0743 9.5986 64.2542 -20.9212 -2.9703 0.2943 0.8004 130.7060 -1.7147 39.6909 -41.8481 15.5664 7.3735 -16.0362 50.2110 -3.3926 -5.2009 4.6930 -19.0192 12.5525 -0.4471 53.0805 -0.7062 -7.9426 -11.2248 12.6358 1.8472 -2.7065 -2.2338 -8.2080 -25.4763 -15.0537 0.1890 46.8031 0.2895 4.2466 -17.7771 -9.2314 -1.4803 0.9724 0.8938
21.9793 92.9672 -264.1003 5.2061 -5.5156 4.9378 -0.3840 9.5067 -0.2089 -0.8535 -1.5253 0.0631 -7.4585 22.5784 -4.5019 2.3214 20.2107 2.0671 -1.0237 -3.6291 -5.7690 7.7855 -17.5066 -10.3293 -0.1212 -0.0051 0.2382 0.4766 -10.3626 -3.5606 -0.7199 -10.4070 4.0842 -9.6385 17.1656 -11.9501 -58.8081 -10.8697 -14.0460 -0.8584 -0.8323 -124.0876 1.5217 24.3756 11.1855 -14.4275 10.7257 15.1767 -60.2464 1.6999 2.1779 -9.0463 21.1424 9.3617 64.7992 -21.1263 -3.4729 0.5006 0.8352 130.7341 -0.7951 40.2261 -41.0366 15.5379 7.4554 -16.1059 50.4364 -3.3584 -5.1998 6.1198 -14.7372 7.5482 -0.7336 55.4355 -1.3453 -7.4807 -9.6812 13.3062 1.8985 -3.4196 -2.3109 -8.4805 -25.7864 -14.4672 0.1152 47.1288 0.2065 4.8718 -17.0108 -10.9694 -1.4847 0.9650 0.8765
22.4987 92.6537 -265.5123 5.1379 -5.8583 6.9193 -0.5651 9.1881 -0.3356 -0.8950 -1.6484 -0.0583 -7.4737 22.4795 -4.5494 3.2628 20.7907 1.7711 -0.9816 -3.6224 -5.6846 8.1812 -16.9352 -10.4311 -0.1229 0.0076 0.2477 0.4808 -10.3626 -3.5543 -0.7257 -10.4094 4.0983 -9.4411 17.2182 -11.7669 -58.2635 -10.7807 -14.8813 -1.0166 -0.6998 -124.3809 0.9593 23.7694 10.6664 -14.5352 10.7030 15.2025 -60.3085 1.7605 2.2366 -8.9011 21.1354 8.9850 65.9178 -21.1259 -4.2323 0.8802 0.8766 131.1612 -0.0427 40.3779 -40.2132 15.5447 7.5244 -16.1814 50.6146 -3.3572 -5.2120 6.6360 -10.3528 3.1919 -0.8904 55.5764 -1.8670 -8.5480 -7.6790 11.9258 1.9770 -5.4425 -2.4230 -9.1022 -26.2512 -13.7562 0.0491 47.6801 0.1277 5.7051 -16.3046 -12.8225 -1.4879 1.0579 0.8566
23.1501 92.2369 -267.0181 5.3495 -6.0725 9.2265 -0.8274 8.8882 -0.5130 -0.9488 -1.7374 -0.1429 -7.6589 22.3350 -4.5502 4.3822 21.1908 1.4760 -0.9823 -3.6147 -5.8167 8.8161 -16.3479 -10.9213 -0.1244 0.0125 0.2634 0.5010 -10.3442 -3.5414 -0.7484 -10.4003 4.1188 -9.1901 17.2816 -11.6755 -57.3597 -11.0369 -16.3166 -1.0655 -0.5698 -124.4819 0.4683 23.2605 10.2534 -14.6337 10.5761 15.1449 -60.1204 1.8282 2.2829 -8.8651 21.0552 8.4450 67.3819 -20.9569 -5.2368 1.4065 0.9598 131.8679 0.8699 40.1279 -39.5045 15.5795 7.5322 -16.1891 50.6978 -3.3661 -5.2149 6.2670 -6.5773 -0.4949 -0.8603 53.3123 -2.1424 -12.1044 -7.4608 8.3815 2.1101 -11.1618 -2.6038 -10.2462 -27.0828 -12.9444 0.0077 48.5734 0.0536 6.7302 -15.7546 -14.6368 -1.4915 1.3499 0.8134
23.8833 91.7811 -268.6440 5.9729 -6.2427 11.7454 -1.2024 8.7069 -0.6097 -0.9880 -1.7849 -0.2077 -7.9729 22.2807 -4.4993 5.5027 21.2551 1.2605 -1.0450 -3.6366 -6.2724 9.6990 -15.7377 -11.8283 -0.1135 -0.0079 0.2631 0.5300 -10.3566 -3.5547 -0.7556 -10.4296 4.1291 -8.9005 17.2802 -11.7345 -56.2018 -11.4494 -18.2460 -0.9374 -0.3908 -124.4854 -0.0312 23.0357 10.1509 -14.6813 10.4907 15.1411 -59.9329 1.8234 2.3155 -9.2085 20.9621 7.7853 69.0462 -20.6929 -6.4606 1.8464 0.9475 132.6895 1.8676 39.4895 -38.9250 15.6106 7.5325 -16.2392 50.7324 -3.4011 -5.1733 5.1697 -4.5779 -2.8801 -0.6946 50.0743 -2.0276 -14.7508 -10.9505 6.7885 2.1620 -13.4543 -2.6935 -12.0771 -28.1969 -12.0215 0.0319 49.7033 0.0748 7.8535 -15.2519 -16.3279 -1.4962 1.3307 0.7849
24.6317 91.3757 -270.2592 7.0930 -6.5480 14.4127 -1.6579 8.6022 -0.6241 -1.0513 -1.7457 -0.1787 -8.5912 22.4730 -4.5935 6.5329 21.1295 0.9033 -1.2320 -3.6833 -6.6431 10.7917 -15.0473 -12.9900 -0.1048 -0.0308 0.2759 0.5416 -10.3484 -3.5561 -0.7528 -10.4355 4.1517 -8.7622 17.1950 -11.9221 -54.6547 -11.8607 -20.2547 -0.5492 -0.2433 -124.4370 -0.9274 22.6967 9.8682 -14.6515 10.4151 15.2596 -59.8806 1.7431 2.4593 -9.9041 20.7033 7.1396 70.9522 -20.2428 -7.8089 2.0643 0.8119 133.3157 2.9155 38.3298 -38.3333 15.6478 7.5027 -16.3601 50.7485 -3.3732 -5.2191 3.4724 -4.5213 -4.2387 -0.6047 48.3658 -1.7418 -15.3944 -14.6862 6.7724 2.0468 -11.1582 -2.5796 -14.7399 -29.2746 -10.8000 0.1322 50.8137 0.2511 8.8081 -14.5598 -18.0208 -1.4998 1.0871 0.7889
25.3339 91.0712 -271.7844 8.2372 -7.0047 17.0327 -1.9711 8.5507 -0.5754 -1.1370 -1.6810 -0.0437 -9.2601 22.9399 -4.7789 7.5459 21.1368 0.6406 -1.3478 -3.7291 -7.2929 11.7399 -14.4952 -14.0276 -0.0797 -0.0624 0.2280 0.5807 -10.3272 -3.6111 -0.7420 -10.4353 4.1029 -8.9549 17.2587 -12.2363 -52.9737 -12.3693 -21.6522 -0.1033 -0.2439 -124.2863 -1.5004 21.6106 9.7497 -14.8042 10.3848 15.2518 -59.8615 1.6800 2.4939 -10.7299 20.4768 6.5002 72.4702 -19.8601 -8.5571 1.9871 0.5446 133.3299 3.4092 37.9194 -38.3329 15.6447 7.5217 -16.4322 50.6853 -3.3660 -5.2995 1.7098 -5.3423 -4.7708 -0.5613 47.8413 -1.5601 -14.7521 -17.0832 6.5131 1.9598 -8.7094 -2.4725 -17.4818 -29.8949 -9.4551 0.2233 51.5262 0.4330 9.3911 -13.6714 -19.8066 -1.4907 0.8814 0.8475
25.9816 90.8988 -273.2180 8.8843 -7.4931 19.2196 -2.0517 8.3956 -0.4608 -1.1789 -1.6583 0.1106 -9.7208 23.5351 -4.8485 8.3606 21.5671 0.4160 -1.3526 -3.7801 -7.8302 12.5440 -13.8080 -14.7868 -0.0690 -0.0886 0.1964 0.5922 -10.3233 -3.6457 -0.7324 -10.4371 4.0698 -9.5142 17.3630 -12.4242 -51.8576 -12.6212 -21.8676 0.1558 -0.2812 -123.8529 -1.5042 20.3562 9.7964 -15.0208 10.4063 15.2360 -59.9362 1.6191 2.4421 -11.2941 20.4122 6.1219 73.4935 -19.8917 -8.7808 1.8807 0.3267 132.3755 3.9428 38.9211 -38.7596 15.6455 7.4881 -16.4072 50.5531 -3.4020 -5.3521 0.4753 -6.0034 -4.9167 -0.5367 47.3596 -1.4149 -14.0025 -18.4952 6.0899 1.9219 -7.1941 -2.4166 -19.4948 -29.9085 -8.2779 0.2914 51.5411 0.5621 9.6100 -12.5264 -21.3294 -1.4792 0.7325 0.8848
26.5407 90.8706 -274.5697 8.9436 -7.8981 20.8741 -1.9966 8.2800 -0.3351 -1.1835 -1.6445 0.2044 -9.8220 23.9108 -4.6692 9.0934 22.2634 0.2344 -1.3357 -3.8185 -8.2134 13.1233 -13.1565 -15.2151 -0.0784 -0.1018 0.2015 0.5736 -10.3340 -3.6446 -0.7330 -10.4480 4.0822 -9.9387 17.5484 -12.3425 -51.7048 -12.4486 -21.1409 0.1282 -0.3446 -123.1795 -0.9569 19.5190 10.0593 -15.1608 10.4221 15.1480 -59.8479 1.6209 2.3866 -11.7028 20.4552 5.9500 74.2131 -20.1228 -8.4559 1.8208 0.3140 130.9133 4.9259 40.8810 -39.1574 15.6386 7.3925 -16.2872 50.4671 -3.3882 -5.3555 -0.1619 -6.3503 -5.0366 -0.5269 46.7153 -1.3202 -13.4242 -19.5425 5.7337 1.8991 -6.2767 -2.3763 -20.5810 -29.5499 -7.4929 0.3300 50.9340 0.6384 9.5694 -11.2438 -22.4498 -1.4728 0.6113 0.9278
27.0948 90.9144 -275.7605 8.5414 -8.1687 21.9324 -1.9483 8.2758 -0.2507 -1.1732 -1.6099 0.2620 -9.5950 23.9525 -4.3111 9.7938 22.8083 0.0932 -1.2996 -3.8251 -8.4084 13.4745 -12.6665 -15.3305 -0.0931 -0.1039 0.2167 0.5583 -10.3591 -3.6410 -0.7462 -10.4711 4.1119 -9.9614 17.8158 -12.0040 -52.1632 -11.7475 -20.1077 0.0608 -0.4375 -122.5427 -0.3987 18.9778 10.2260 -15.1878 10.4049 15.0584 -59.6151 1.6497 2.3727 -11.9632 20.5649 5.9728 74.6152 -20.3985 -7.4583 1.6824 0.4266 129.7107 5.9012 42.3897 -38.9000 15.5756 7.3748 -16.2294 50.5010 -3.3592 -5.3360 -0.3907 -6.3920 -5.3027 -0.5050 45.7657 -1.2406 -12.9588 -20.7625 5.7796 1.8722 -5.3248 -2.3323 -20.8952 -29.1310 -7.1189 0.3468 49.9512 0.6747 9.4048 -10.0018 -23.0136 -1.4684 0.5249 0.9832
27.5537 90.9529 -276.9267 7.8534 -8.3400 22.5506 -1.9546 8.3264 -0.1767 -1.1721 -1.5423 0.2616 -9.2247 23.8147 -3.9472 10.5316 23.0162 -0.1103 -1.2188 -3.8162 -8.3703 13.6257 -12.3333 -15.1216 -0.0833 -0.0987 0.1868 0.5759 -10.3891 -3.6850 -0.7432 -10.4939 4.0911 -9.7492 18.1158 -11.6547 -52.4519 -10.6541 -19.3724 0.0876 -0.5582 -122.1280 -0.1352 18.4519 10.0386 -15.1622 10.3608 15.0118 -59.4761 1.6677 2.3769 -12.0783 20.7316 6.0701 74.8484 -20.7582 -6.0578 1.5518 0.5568 129.3714 6.4997 42.9481 -37.9630 15.5613 7.4552 -16.2942 50.7079 -3.2967 -5.3330 -0.4250 -6.3216 -5.7625 -0.4556 44.7788 -1.1287 -12.5306 -22.3186 6.4166 1.8366 -3.8676 -2.2480 -20.7126 -28.8473 -7.1165 0.3385 48.8382 0.6866 9.3997 -8.8787 -23.0570 -1.4695 0.4770 1.0497
27.9962 90.9385 -278.0316 7.0497 -8.4336 22.8488 -2.0475 8.4380 -0.1253 -1.1501 -1.5019 0.2820 -8.9134 23.6503 -3.6545 11.3231 22.9053 -0.4217 -1.1266 -3.8246 -8.1232 13.7282 -12.0940 -14.7814 -0.0807 -0.0823 0.1722 0.6001 -10.4333 -3.7151 -0.7603 -10.5352 4.0900 -9.6216 18.5165 -11.5484 -51.9829 -9.7643 -19.1301 0.2393 -0.5572 -121.6889 -0.1422 18.0867 9.7021 -14.9974 10.4625 15.0922 -59.6379 1.7025 2.3886 -11.9893 20.7534 6.1042 74.9983 -21.1345 -4.7002 1.6836 0.6900 129.6771 6.6753 42.3321 -36.7046 15.7755 7.5371 -16.5157 50.9850 -3.2678 -5.3763 -0.3618 -6.4652 -6.2369 -0.3990 44.2103 -0.9905 -11.9902 -23.9156 7.2087 1.7699 -2.6468 -2.1724 -20.3033 -28.7928 -7.2762 0.3496 47.7158 0.6876 9.4523 -7.7048 -22.7084 -1.4755 0.5391 1.0314
28.4236 91.0013 -279.3162 6.2982 -8.4349 23.0293 -2.1396 8.5370 -0.0889 -1.1843 -1.4773 0.2924 -8.8144 23.6588 -3.5505 11.9680 22.5918 -0.7282 -0.9884 -3.8350 -7.8415 13.8363 -11.9034 -14.3074 -0.0604 -0.0691 0.1259 0.6321 -10.4270 -3.7695 -0.7507 -10.5296 4.0425 -9.5529 18.4854 -11.6546 -51.1150 -9.2192 -18.9525 0.3396 -0.4539 -121.0763 -0.3817 17.6584 9.2257 -14.9976 10.4437 15.1696 -59.6233 1.7268 2.4736 -11.9193 20.7461 6.0284 75.4763 -21.5481 -3.9726 1.9703 0.6181 130.2816 6.9121 41.7952 -35.6574 15.8664 7.6032 -16.6227 51.1891 -3.1773 -5.3873 -0.2797 -7.1525 -6.6180 -0.3071 44.2917 -0.8050 -11.4193 -24.6649 7.7415 1.7306 -1.6288 -2.1076 -19.8433 -28.8339 -7.6772 0.3239 46.3325 0.6767 9.3786 -6.3641 -22.3002 -1.4779 0.4831 1.0521
28.8353 91.1786 -280.7611 5.5274 -8.2801 23.0328 -2.2252 8.6450 -0.0852 -1.2521 -1.4400 0.3201 -8.8782 23.7562 -3.5123 12.4599 22.0892 -1.0046 -0.8754 -3.8416 -7.4132 14.0590 -11.7261 -13.8681 -0.0480 -0.0659 0.0992 0.6491 -10.4051 -3.7944 -0.7425 -10.5046 4.0087 -9.5934 18.3791 -11.9285 -50.0587 -9.2483 -18.6689 0.3907 -0.3455 -120.2868 -0.6623 17.2918 8.8274 -14.9515 10.4328 15.2038 -59.6001 1.7516 2.5509 -11.7355 20.5931 5.9551 76.0138 -21.6477 -3.4191 2.1984 0.6022 130.7919 7.1358 41.8469 -35.1435 15.9197 7.6210 -16.6668 51.2728 -3.1199 -5.3682 -0.1195 -8.1460 -6.7858 -0.2411 44.4262 -0.6747 -10.8136 -24.8968 8.0486 1.7025 -1.0063 -2.0612 -19.2438 -28.8879 -8.0724 0.3182 44.3894 0.7036 9.0360 -4.5960 -21.8582 -1.4785 0.3785 1.0641
29.2513 91.5045 -282.3860 4.6892 -7.9357 22.6606 -2.3025 8.8053 -0.0608 -1.3214 -1.3791 0.3509 -8.9914 23.8947 -3.4657 12.7333 21.4458 -1.1531 -0.7982 -3.8230 -6.7985 14.3426 -11.7050 -13.4441 -0.0442 -0.0693 0.0898 0.6537 -10.3956 -3.7968 -0.7394 -10.4899 3.9904 -9.7192 18.1611 -12.3206 -49.0906 -9.6545 -18.1788 0.4824 -0.3616 -119.4435 -0.9578 17.0420 8.4139 -14.9319 10.4094 15.2046 -59.6090 1.7680 2.5633 -11.3190 20.4500 6.0615 76.2508 -21.3817 -2.7003 2.1064 0.5651 131.0660 7.1221 42.5591 -35.2514 15.9836 7.6089 -16.6349 51.2900 -3.0827 -5.3511 0.1549 -9.2674 -6.7514 -0.2216 44.3641 -0.6292 -10.2061 -24.7347 8.3332 1.6842 -0.6515 -2.0296 -18.3595 -28.8686 -8.3593 0.3044 41.7233 0.7131 8.4300 -2.3945 -21.2883 -1.4778 0.2257 1.0626
29.6499 91.9764 -284.0806 3.7824 -7.3899 21.8060 -2.4078 8.9755 -0.0501 -1.3868 -1.2606 0.4465 -9.1037 24.0308 -3.3617 12.7365 20.6010 -1.1238 -0.7128 -3.7823 -6.0838 14.6073 -11.9364 -13.0490 -0.0520 -0.0725 0.1036 0.6391 -10.3813 -3.7705 -0.7405 -10.4693 3.9949 -9.9394 17.8356 -12.7536 -48.2938 -10.2370 -17.4133 0.5067 -0.4576 -118.5438 -1.2596 16.9659 7.8820 -14.9065 10.3541 15.2009 -59.5782 1.8053 2.5892 -10.6136 20.3990 6.4155 76.2170 -20.9166 -1.9492 1.9416 0.5951 131.0345 6.7466 43.6987 -36.1094 16.0360 7.5895 -16.5675 51.2653 -3.0512 -5.3185 0.5740 -10.4118 -6.4195 -0.2351 43.8871 -0.6471 -9.6397 -24.2128 8.7199 1.6802 -0.4410 -2.0366 -17.1419 -28.6248 -8.5690 0.2616 37.9775 0.6783 7.5565 0.2224 -20.5087 -1.4759 0.0232 1.0629
30.0199 92.5374 -285.8376 2.8070 -6.7066 20.4185 -2.5339 9.1533 -0.0491 -1.4391 -1.0766 0.5971 -9.1740 24.1867 -3.1739 12.3864 19.6036 -0.9163 -0.5519 -3.7434 -5.3515 14.7644 -12.5152 -12.5761 -0.0616 -0.0672 0.1236 0.6239 -10.3745 -3.7418 -0.7449 -10.4510 4.0092 -10.1667 17.5206 -13.0828 -47.6674 -10.8279 -16.4733 0.5234 -0.5760 -117.7447 -1.5212 17.0858 7.2366 -14.9376 10.2115 15.0770 -59.6019 1.8133 2.5762 -9.5897 20.4991 6.9744 75.8137 -20.4846 -1.2344 1.7013 0.6352 130.8597 5.9892 44.8695 -37.3946 15.9631 7.5648 -16.4596 51.1575 -3.0329 -5.2917 1.1730 -11.6122 -5.5864 -0.2710 43.1347 -0.6604 -9.1602 -23.3355 9.1162 1.6833 -0.2957 -2.0554 -15.5764 -28.0798 -8.8003 0.2065 33.0227 0.6100 6.3685 3.0196 -19.3889 -1.4745 -0.3368 1.0728
30.2939 93.1336 -287.6174 1.7225 -5.9839 18.5890 -2.5840 9.2762 0.0727 -1.4833 -0.9095 0.7175 -9.1446 24.4169 -2.8537 11.8398 18.4220 -0.6828 -0.4896 -3.6107 -4.4976 14.7568 -13.2114 -12.0846 -0.0932 -0.0335 0.1829 0.6075 -10.3941 -3.6814 -0.7942 -10.4389 4.0807 -10.4145 17.3903 -13.2674 -47.0057 -11.3884 -15.4607 0.4732 -0.5605 -117.0045 -1.8471 17.4352 6.5489 -14.9932 10.2093 15.0274 -59.6519 1.7859 2.5810 -8.2627 20.6676 7.6190 75.1601 -20.2820 -1.0009 1.7771 0.8361 130.8347 4.9145 44.7868 -38.8751 15.7545 7.5475 -16.4004 50.8711 -3.0578 -5.2484 2.0720 -12.7680 -3.8791 -0.2913 42.1184 -0.6107 -8.6843 -22.2614 9.0860 1.6744 -0.2252 -2.0536 -13.6084 -27.1951 -9.4184 0.2843 26.9985 0.7741 4.7243 5.2419 -17.8897 -1.4906 -1.0534 1.0803
30.6567 93.6092 -289.4663 0.7604 -5.3873 16.4796 -2.7131 9.4643 0.1402 -1.5166 -0.8136 0.9213 -8.9950 24.5231 -2.4971 11.0461 17.5785 -0.4414 -0.5018 -3.6442 -3.7596 14.4456 -13.6654 -11.4248 -0.1132 -0.0180 0.2294 0.5917 -10.4084 -3.6285 -0.8208 -10.4438 4.1313 -10.8140 17.1267 -13.3861 -46.4266 -11.4997 -13.9981 0.3781 -0.5041 -116.5624 -2.1640 17.6624 6.0276 -14.8912 10.1748 15.0681 -59.7548 1.7618 2.6134 -7.2279 21.0134 8.3438 74.6342 -20.1595 -0.8948 1.7437 0.9013 130.8850 3.5783 44.4833 -40.0774 15.5411 7.5007 -16.3524 50.6422 -3.1166 -5.1478 2.8846 -14.0354 -1.5613 -0.2780 41.5657 -0.5475 -8.1031 -21.3199 8.5573 1.6671 0.1452 -1.9798 -11.6779 -26.4880 -9.9365 0.1548 22.2623 0.5506 3.6605 3.8474 -16.6596 -1.4547 -1.5873 1.1845
31.0512 93.9609 -291.1803 -0.0252 -5.1203 14.3109 -2.7459 9.7394 0.1879 -1.5143 -0.7215 1.1063 -8.9463 24.6700 -2.2277 10.1035 16.9966 -0.2017 -0.3892 -3.7033 -3.2657 13.7294 -14.0800 -10.5572 -0.1206 -0.0122 0.2500 0.5836 -10.4135 -3.5966 -0.8294 -10.4417 4.1461 -11.4484 16.8648 -13.4053 -45.9376 -11.5284 -12.2371 0.4562 -0.5003 -116.2369 -2.4568 17.9341 5.8418 -14.8290 10.2726 15.2345 -59.8870 1.7553 2.6471 -6.7231 21.2291 8.9120 74.0259 -20.1666 -0.4615 1.6292 0.8496 131.0551 2.0818 43.8227 -41.0984 15.4641 7.5040 -16.2530 50.5344 -3.0405 -5.1069 3.4996 -15.1571 1.0756 -0.2670 41.3119 -0.4849 -7.4054 -20.4393 7.8715 1.6611 0.4259 -1.9087 -9.6735 -26.7822 -11.5263 0.0203 21.3835 0.3513 4.6106 0.6094 -16.0867 -1.4102 -1.9761 1.2607
31.5226 94.1786 -292.8846 -0.5464 -5.3178 12.0381 -2.6850 10.1137 0.2150 -1.4920 -0.6446 1.3286 -9.0833 24.9489 -2.0742 9.1851 16.7847 -0.0089 -0.2796 -3.7220 -2.8835 12.9232 -14.3441 -9.6542 -0.1162 -0.0170 0.2371 0.5750 -10.4077 -3.5903 -0.8124 -10.4314 4.1129 -12.2323 16.6933 -13.3095 -45.9216 -11.8013 -10.1115 0.5122 -0.6148 -115.7285 -2.4902 18.3047 5.8861 -14.8476 10.3564 15.3253 -60.0057 1.6728 2.5998 -6.8167 21.4388 9.2420 73.3479 -20.5654 0.5029 1.4157 0.6882 131.1522 1.1543 43.0843 -41.4223 15.4472 7.5175 -16.2248 50.4607 -2.9656 -5.0838 3.7890 -15.7840 3.7042 -0.2198 41.1348 -0.3721 -6.6676 -19.6651 7.3652 1.6549 0.5043 -1.8838 -7.8691 -27.8381 -13.8929 0.1003 25.2983 0.3960 6.3439 -1.3293 -14.7527 -1.3907 -2.0841 1.2904
31.9705 94.3083 -294.4670 -0.8651 -5.8553 9.9209 -2.5928 10.5199 0.2793 -1.4700 -0.5762 1.4552 -9.2571 25.2921 -1.9791 8.4110 16.9972 0.2001 -0.1397 -3.7328 -2.6272 12.1745 -14.4354 -8.8220 -0.1110 -0.0173 0.2159 0.5573 -10.4273 -3.6005 -0.7834 -10.4465 4.0769 -12.9731 16.6889 -13.0845 -46.4102 -12.2195 -8.0499 0.4325 -0.7734 -114.8844 -2.1499 18.6319 6.0763 -14.9109 10.4490 15.3436 -60.1149 1.6104 2.4805 -7.2002 21.7300 9.4308 72.4474 -21.3002 2.1765 0.9799 0.5676 131.1846 0.6065 42.5986 -41.4333 15.5553 7.4762 -16.2297 50.4571 -2.9922 -5.0744 3.8871 -16.0527 5.9612 -0.1739 41.1512 -0.2746 -6.0342 -19.1319 7.2033 1.6537 0.5493 -1.8862 -6.6303 -28.8593 -15.9834 0.2033 32.5728 0.4982 7.6594 -3.5957 -12.8926 -1.4033 -2.0329 1.2673
32.3813 94.2918 -295.8739 -0.9477 -6.4178 8.1121 -2.5531 10.8347 0.3456 -1.4661 -0.5540 1.4875 -9.4616 25.5401 -1.9142 8.0022 17.5096 0.3755 -0.0447 -3.7374 -2.4594 11.5999 -14.4504 -8.1990 -0.1073 -0.0120 0.1971 0.5450 -10.4548 -3.6166 -0.7631 -10.4729 4.0522 -13.5774 16.7293 -12.8202 -47.1454 -12.3248 -6.5859 0.3265 -0.8369 -113.8734 -1.6075 18.6870 6.2981 -14.9305 10.5628 15.3448 -60.2427 1.5633 2.3459 -7.6223 22.0004 9.4919 71.5447 -22.2083 4.1379 0.5714 0.5475 131.2510 0.0889 42.6944 -41.4651 15.7068 7.4874 -16.2694 50.5597 -3.0189 -5.0327 3.7720 -16.3402 7.7054 -0.1445 41.4023 -0.1977 -5.4409 -18.7481 7.2184 1.6576 0.6013 -1.8808 -6.2597 -29.2838 -17.0764 0.2185 40.6357 0.5123 8.5648 -6.1465 -11.3422 -1.4272 -1.9425 1.2194
32.6985 94.2031 -297.2345 -0.8579 -6.8465 6.4706 -2.5517 10.9990 0.3825 -1.4911 -0.5665 1.5486 -9.6813 25.6674 -1.8654 7.8857 18.1091 0.5104 -0.0343 -3.7400 -2.3273 11.1518 -14.4071 -7.7499 -0.1062 -0.0074 0.1876 0.5392 -10.4762 -3.6285 -0.7549 -10.4996 4.0427 -14.0978 16.8267 -12.5947 -47.8685 -12.2403 -5.6132 0.1920 -0.8269 -112.9050 -1.0762 18.4705 6.4998 -14.8847 10.6329 15.3663 -60.2408 1.5128 2.2757 -8.0059 22.1563 9.5120 70.7864 -23.2516 6.0581 0.3625 0.5714 131.3760 -0.6470 43.2867 -41.6843 15.8220 7.5699 -16.3431 50.7672 -2.9931 -4.9923 3.5149 -16.7652 9.1173 -0.1159 41.7679 -0.1159 -4.9059 -18.3923 7.4126 1.6602 0.6088 -1.8657 -6.5649 -28.9234 -17.0537 0.1626 47.8457 0.4290 9.1786 -8.3584 -10.2014 -1.4471 -1.9399 1.1632
32.8905 94.0699 -298.4972 -0.5975 -7.0716 4.9226 -2.6012 11.0379 0.4115 -1.5369 -0.6265 1.6111 -9.9034 25.7284 -1.8201 7.9060 18.6774 0.6063 -0.0861 -3.7403 -2.2163 10.7569 -14.3451 -7.4441 -0.1019 -0.0051 0.1739 0.5422 -10.4916 -3.6474 -0.7489 -10.5209 4.0299 -14.4909 16.9731 -12.4358 -48.5304 -12.0987 -4.9478 0.0313 -0.7433 -112.1638 -0.5371 18.0573 6.7157 -14.8173 10.7006 15.4075 -60.3024 1.4962 2.2510 -8.4385 22.1607 9.4870 70.2761 -24.3368 7.9230 0.2877 0.5621 131.5785 -1.6007 44.0908 -42.1121 15.9132 7.6787 -16.4300 50.9764 -2.9353 -4.9759 3.1225 -17.3885 10.3150 -0.0780 42.1573 -0.0269 -4.4623 -17.9312 7.7765 1.6597 0.5762 -1.8438 -7.2574 -27.8483 -16.0126 0.0639 53.4837 0.3045 9.5658 -10.2582 -9.5904 -1.4610 -2.0176 1.1153
32.9760 93.9337 -299.6298 -0.2377 -7.0720 3.4064 -2.6919 10.9850 0.4102 -1.6000 -0.6989 1.6907 -10.0952 25.6957 -1.7813 7.9848 19.1202 0.7057 -0.1975 -3.7362 -2.1510 10.3551 -14.2400 -7.2487 -0.0929 -0.0045 0.1471 0.5467 -10.4966 -3.6823 -0.7353 -10.5348 4.0066 -14.6466 17.1226 -12.3217 -49.2489 -12.0430 -4.3725 -0.2089 -0.6738 -111.6107 0.0123 17.5885 6.9607 -14.7489 10.7736 15.5097 -60.3527 1.5260 2.2849 -8.8420 21.9333 9.4823 69.9120 -25.3396 9.7239 0.2619 0.5464 131.7279 -2.5887 44.5610 -42.4690 15.9586 7.7278 -16.4805 51.1355 -2.8689 -4.9989 2.6429 -18.1793 11.3283 -0.0348 42.4457 0.0553 -4.1641 -17.3475 8.3496 1.6579 0.5495 -1.8224 -7.9647 -26.2000 -14.4012 0.0262 57.1060 0.2797 9.8278 -11.7663 -9.2556 -1.4714 -2.1485 1.0929
32.9712 93.8123 -300.7934 0.1702 -6.8829 1.9475 -2.8024 10.8911 0.3741 -1.6667 -0.7922 1.7676 -10.2527 25.5956 -1.7682 7.9765 19.4591 0.8414 -0.3056 -3.7388 -2.1164 9.8715 -14.1378 -7.0238 -0.0743 -0.0105 0.1008 0.5597 -10.4831 -3.7341 -0.7113 -10.5370 3.9581 -14.6224 17.2692 -12.2116 -49.9406 -11.9802 -3.9038 -0.3553 -0.6286 -111.2361 0.4859 17.2414 7.1952 -14.7104 10.8247 15.6466 -60.3665 1.5629 2.3517 -9.1593 21.5753 9.5256 69.6992 -26.2890 11.3673 0.3063 0.5596 131.7570 -3.5331 44.8571 -42.7408 15.9862 7.7030 -16.5125 51.2159 -2.8407 -5.0167 2.1207 -19.1040 12.1808 0.0215 42.5662 0.1581 -3.9736 -16.6033 9.1076 1.6565 0.5093 -1.7884 -8.4572 -24.2043 -12.6015 0.0409 58.6922 0.3422 10.0397 -12.9346 -9.0607 -1.4862 -2.4367 1.1039
32.8779 93.7118 -301.9954 0.5521 -6.5592 0.4179 -2.8899 10.8314 0.3663 -1.7361 -0.8970 1.8086 -10.3323 25.4608 -1.7797 7.7846 19.7413 1.0743 -0.3692 -3.7408 -2.1044 9.2710 -14.0755 -6.7696 -0.0538 -0.0148 0.0478 0.5796 -10.4736 -3.7909 -0.6902 -10.5419 3.9006 -14.3914 17.3823 -12.0872 -50.7028 -11.7918 -3.5736 -0.2557 -0.5678 -111.0300 0.9388 17.0043 7.4119 -14.7302 10.8402 15.7390 -60.4607 1.6074 2.3823 -9.4034 21.2214 9.6486 69.5789 -27.2888 12.7330 0.4204 0.5484 131.7029 -4.5362 45.1153 -42.9452 15.9924 7.6422 -16.5393 51.2552 -2.8566 -5.0358 1.6453 -20.2160 12.9619 0.0606 42.6292 0.2544 -3.9034 -15.7051 10.1236 1.6538 0.4835 -1.7652 -8.5860 -22.0329 -10.8154 0.0677 58.3648 0.4193 10.1651 -13.7576 -8.8103 -1.5027 -3.0053 1.1348
32.7111 93.6000 -303.3019 0.8981 -6.1285 -1.1691 -2.9848 10.8000 0.3672 -1.8030 -0.9505 1.8639 -10.2728 25.2273 -1.8190 7.3478 19.9853 1.3296 -0.3918 -3.7317 -2.0632 8.4942 -14.1206 -6.4526 -0.0466 -0.0117 0.0217 0.5958 -10.4413 -3.8114 -0.6924 -10.5137 3.8649 -13.9770 17.4437 -11.8976 -51.5131 -11.3937 -3.5112 0.1015 -0.6004 -110.8351 1.4323 16.9629 7.6256 -14.7463 10.8415 15.7789 -60.5397 1.6841 2.3670 -9.5624 20.9832 9.8225 69.5108 -28.4203 13.8173 0.6376 0.4688 131.5881 -5.8179 45.5089 -43.3965 15.9025 7.5878 -16.5422 51.2066 -2.9097 -5.0855 1.2355 -21.4503 13.8146 0.0900 42.5363 0.3144 -3.8901 -14.6627 11.2643 1.6415 0.4380 -1.7433 -8.3893 -19.7256 -9.4751 0.1318 55.6725 0.5475 10.3391 -14.3575 -8.0943 -1.5147 -4.5815 1.1857
32.4764 93.5359 -304.6210 1.1097 -5.6404 -2.6512 -2.9916 10.8121 0.4203 -1.8372 -0.9429 1.9043 -10.0068 24.8945 -1.8306 6.6418 20.1825 1.5130 -0.6045 -3.7489 -1.9635 7.7930 -14.1895 -6.3222 -0.0767 -0.0213 0.0761 0.5757 -10.4454 -3.7503 -0.7351 -10.5079 3.9260 -13.4138 17.5763 -11.6880 -52.3153 -10.8973 -3.6851 0.4025 -0.7346 -110.5786 2.0407 17.5252 8.2073 -14.7381 10.9172 15.7995 -60.7965 1.7510 2.2776 -9.6614 20.5350 9.9252 69.3169 -29.0106 14.7947 0.8843 0.2909 131.5635 -7.0700 45.7724 -43.8184 15.8158 7.6342 -16.5788 51.2785 -2.9963 -5.1087 1.0017 -22.7905 14.5959 0.1827 42.3806 0.4394 -3.8396 -13.5632 12.1930 1.6281 0.2882 -1.8065 -7.9627 -17.4936 -8.9521 0.1941 50.4833 0.4645 10.4130 -16.9412 -7.7338 -1.5053 -4.9732 1.2706
32.1563 93.5073 -306.0675 1.0321 -5.1965 -3.9511 -2.7247 10.9117 0.4538 -1.8066 -0.9046 1.8981 -9.5919 24.5987 -1.8761 5.7113 20.2213 1.7540 -0.7207 -3.7221 -1.9837 6.9096 -14.4790 -6.0727 -0.0928 -0.0245 0.1099 0.5624 -10.4133 -3.7078 -0.7550 -10.4666 3.9567 -12.8866 17.6433 -11.5234 -53.0575 -10.4820 -3.9537 0.6075 -0.7947 -110.2632 2.4973 18.2912 8.7659 -14.7236 10.9953 15.9317 -60.8333 1.7904 2.3302 -9.7026 20.2033 9.9046 68.0562 -29.3443 16.5451 0.8357 0.3028 131.9484 -7.2274 45.6607 -43.3908 15.7741 7.6155 -16.6561 51.3064 -3.1015 -5.0846 1.1218 -24.1923 15.4764 0.2320 42.1540 0.4807 -3.5639 -12.3324 12.6461 1.6321 -0.0595 -1.8818 -6.9448 -16.4863 -9.1330 0.1449 46.1443 0.3807 9.5688 -20.0158 -8.0180 -1.4661 -1.9652 1.2057
31.8512 93.4858 -307.7673 0.6183 -4.9302 -4.8615 -2.1788 11.2291 0.5248 -1.7106 -0.8022 1.7349 -8.9303 24.3942 -2.0362 4.4787 20.1507 1.8635 -0.7412 -3.7712 -2.1544 5.9572 -14.9695 -5.7712 -0.0896 -0.0521 0.1014 0.5490 -10.3781 -3.7028 -0.7363 -10.4311 3.9354 -12.1793 17.7545 -11.3131 -53.8774 -10.1564 -4.3062 0.6478 -0.9153 -110.2048 2.8698 19.5232 9.3065 -14.7243 11.0576 16.0842 -60.7739 1.8500 2.4096 -9.7891 19.9223 9.6852 65.8945 -29.4608 18.5384 0.4990 0.3885 133.0144 -5.2743 45.2358 -40.9102 15.8852 7.5049 -16.7706 51.4839 -3.1188 -5.1672 1.6191 -25.6119 16.1642 0.2307 41.9334 0.4687 -3.1992 -10.9210 12.7000 1.6474 -0.2347 -1.9054 -5.7113 -16.4946 -9.5105 0.0883 43.6320 0.3526 8.3164 -20.8659 -7.5615 -1.4240 -0.6176 1.1499
31.5137 93.5345 -309.5223 0.2261 -4.7531 -5.1078 -1.6417 11.7113 0.5190 -1.5584 -0.7239 1.3885 -8.0702 24.3556 -2.2320 3.3083 20.0520 1.8607 -0.7814 -3.7756 -2.4149 4.7536 -15.8704 -5.4332 -0.0852 -0.0704 0.1022 0.5458 -10.3496 -3.6917 -0.7246 -10.3963 3.9234 -10.9857 18.0553 -11.1905 -55.0536 -9.9666 -4.6659 0.6316 -0.9273 -110.5719 3.2219 20.7281 9.4016 -14.8020 10.9725 16.1622 -60.5833 1.7479 2.5208 -9.8947 19.6508 9.1683 63.4744 -29.9087 19.5393 0.4352 0.4718 134.6621 -2.0812 44.0464 -37.1180 16.1310 7.3013 -16.9311 51.7278 -3.1879 -5.1827 1.9710 -26.9799 16.7893 0.2264 41.5472 0.4594 -2.9179 -9.1426 12.3080 1.6602 -0.2816 -1.9066 -4.6659 -17.5814 -10.1142 0.0842 43.1932 0.3256 7.3204 -20.1695 -7.1406 -1.4062 -0.2949 1.1277
31.1570 93.6170 -311.3559 0.1519 -4.5564 -4.4901 -1.2331 12.2676 0.3932 -1.4015 -0.6067 0.9350 -7.2527 24.3344 -2.4823 2.5875 20.1113 1.7463 -0.8871 -3.7909 -2.7562 3.5184 -16.8587 -5.2351 -0.0952 -0.0882 0.1096 0.5255 -10.3360 -3.6670 -0.7252 -10.3742 3.9174 -9.2840 18.3203 -11.1636 -56.5892 -9.7078 -4.9625 0.5679 -1.0032 -111.2972 3.8780 21.6617 8.9396 -14.8623 10.8443 16.0968 -60.4008 1.6506 2.5864 -9.9503 19.3409 8.6501 61.8016 -30.5636 18.9634 0.4978 0.6216 136.2325 0.1903 42.7497 -33.6025 16.4103 7.1705 -17.0286 52.1166 -3.1811 -5.1709 1.7150 -28.2006 17.6153 0.1970 40.8147 0.4205 -2.7361 -6.9836 11.3927 1.6751 -0.3893 -1.8953 -4.0700 -18.7948 -10.9545 0.1282 43.0482 0.3271 6.5132 -19.2180 -7.1901 -1.4035 -0.0749 1.1000
30.7603 93.8337 -313.3310 0.3412 -4.3059 -3.1280 -0.8699 12.8072 0.1759 -1.2177 -0.4454 0.5479 -6.5637 24.3676 -2.9269 2.3783 20.1885 1.6380 -1.0285 -3.7607 -3.1919 2.2791 -17.6577 -5.1207 -0.0852 -0.1056 0.0831 0.5222 -10.3279 -3.6799 -0.7030 -10.3665 3.8742 -7.6909 18.4584 -11.0936 -58.0741 -9.5128 -5.1593 0.4102 -1.0957 -112.0763 4.7448 22.2727 8.1430 -14.8812 10.6601 15.9559 -60.2399 1.5366 2.6415 -9.8846 19.1147 8.3698 60.9770 -31.1144 17.0389 0.5484 0.6619 137.0953 0.4582 41.6304 -31.5755 16.4734 7.0497 -16.9517 52.2015 -3.1855 -5.1582 0.8880 -29.3171 18.9751 0.1947 39.8227 0.4882 -3.0773 -4.3520 9.4459 1.7340 -0.7910 -1.8811 -3.7849 -20.0019 -12.0535 0.1380 42.7860 0.2493 5.6715 -18.1255 -7.3908 -1.4146 0.1760 1.1089
30.3431 94.0349 -315.3988 0.7171 -4.0467 -1.3016 -0.4190 13.3390 -0.0001 -1.0739 -0.2441 0.1565 -5.8832 24.4742 -3.2106 2.6054 20.2045 1.5573 -1.1509 -3.7880 -4.0229 1.1200 -18.3823 -5.2207 -0.0949 -0.1129 0.0633 0.5149 -10.3095 -3.6835 -0.7136 -10.3474 3.8424 -6.4181 18.8269 -11.2965 -59.2436 -9.5095 -5.8667 0.6206 -1.1194 -112.6139 5.9702 22.8214 7.7206 -14.8988 10.6505 15.8978 -60.0320 1.5133 2.5144 -9.4980 18.8901 8.0594 60.6179 -31.2005 14.3655 0.5999 0.7394 137.1398 -0.7724 40.6524 -31.5368 16.3138 6.9842 -16.8187 51.8375 -3.2552 -5.1921 -0.2171 -30.2890 21.3429 0.0626 38.6198 0.4077 -5.8241 -1.5353 5.5396 1.7655 -1.5130 -1.9430 -3.7015 -21.1652 -13.4349 0.1180 42.3365 0.1919 4.8352 -16.9114 -7.8368 -1.4244 0.3501 1.0885
29.9689 94.1615 -317.1573 1.2001 -3.9190 0.4462 0.0409 13.7231 -0.1095 -0.8989 -0.0574 -0.1658 -5.3130 24.6288 -3.4468 2.8578 20.3393 1.3504 -1.3968 -3.7710 -4.5958 0.3880 -18.7548 -5.6095 -0.1154 -0.1040 0.0776 0.4888 -10.3178 -3.6641 -0.7293 -10.3416 3.8579 -5.5988 18.9799 -11.3988 -60.2317 -9.2335 -6.8943 0.9534 -1.0678 -112.8113 6.9548 23.5204 7.4835 -14.7286 10.7524 15.9450 -60.0870 1.5146 2.4172 -8.8005 19.1702 8.0197 60.6060 -30.9847 11.0864 0.8225 0.6850 136.3496 -2.8572 39.9474 -32.7906 15.9947 6.9796 -16.6493 51.3617 -3.2674 -5.1717 -1.0721 -30.6960 23.9729 -0.0748 38.0854 0.2965 -12.5281 -1.4268 0.3035 1.6670 -1.9420 -1.9928 -3.8797 -22.2651 -14.7880 0.0732 41.9317 0.0882 4.0941 -15.7513 -8.0562 -1.4334 0.5834 1.0122
29.8186 94.1956 -318.8968 1.6578 -4.0133 1.7729 0.5237 13.9504 -0.0840 -0.7517 0.0605 -0.4222 -4.7416 24.8678 -3.5883 3.1413 20.6274 1.1896 -1.6022 -3.7583 -5.2110 -0.3212 -18.9658 -5.9942 -0.1254 -0.0829 0.0907 0.4800 -10.3286 -3.6543 -0.7413 -10.3319 3.8773 -5.4037 19.0829 -11.4705 -60.8867 -8.9175 -7.6929 1.0253 -0.9705 -112.8204 7.3361 24.3471 7.4198 -14.5639 10.9259 16.0976 -60.1002 1.5249 2.3554 -7.8873 19.4993 8.1098 60.6360 -30.2093 7.7383 1.0492 0.7066 135.1881 -5.0419 39.9450 -35.4213 15.7069 7.1514 -16.4923 50.9415 -3.2906 -5.0174 -1.2980 -30.6428 25.7571 -0.1758 39.5666 0.0903 -18.4214 -4.2572 -2.7260 1.5279 -2.1159 -2.0441 -4.2267 -23.2465 -16.0663 0.0111 41.7071 0.0020 3.4021 -14.7640 -7.8094 -1.4357 0.7253 0.9567
29.8434 94.1755 -320.5132 2.0058 -4.3322 2.5912 0.9250 14.0607 -0.1108 -0.6270 0.1340 -0.4757 -4.1447 25.1689 -3.6627 3.4195 20.9537 1.0691 -1.8222 -3.7533 -5.8002 -1.0479 -19.0823 -6.2964 -0.1200 -0.0758 0.0891 0.4770 -10.3136 -3.6535 -0.7281 -10.3030 3.8731 -5.4750 19.2563 -11.4758 -61.2991 -8.6621 -8.1515 0.9551 -0.9116 -112.8031 7.2310 25.3409 7.4446 -14.4941 11.1272 16.2743 -60.1762 1.5951 2.2568 -6.8401 19.8307 8.2958 60.3338 -28.9991 5.0342 0.9984 0.9333 134.0374 -6.5121 40.6189 -38.0858 15.6257 7.3101 -16.3469 50.5182 -3.2831 -4.9778 -0.3546 -30.3122 25.5088 -0.1801 44.0332 0.0587 -18.3009 -7.8328 -1.5559 1.5712 -2.1661 -2.0638 -4.6298 -24.0865 -17.1709 0.0264 41.5448 0.0524 2.8948 -13.8281 -7.2343 -1.4377 0.8603 0.9119
30.1274 94.1191 -322.1450 2.1927 -4.7487 2.9026 1.2185 14.0199 -0.1702 -0.5118 0.1644 -0.4842 -3.5735 25.4579 -3.6592 3.7131 21.2884 1.0511 -2.1106 -3.7738 -6.2279 -1.6295 -19.1986 -6.5871 -0.1191 -0.0752 0.0844 0.4651 -10.3110 -3.6633 -0.7137 -10.2852 3.8737 -5.3732 19.4550 -11.2165 -61.6034 -8.2169 -8.4590 0.9635 -0.9316 -113.0510 7.0472 26.0979 7.5127 -14.4166 11.2054 16.3346 -60.1293 1.6196 2.1477 -5.8207 20.1603 8.4991 59.8781 -27.5897 3.0939 0.7393 1.1773 133.1873 -7.2351 41.8103 -40.0175 15.6223 7.3863 -16.2057 50.2034 -3.2929 -4.9628 1.8775 -29.2948 22.9546 -0.1800 49.6815 0.0111 -16.4655 -10.8021 1.1264 1.6598 -2.2103 -2.0445 -4.9485 -24.8189 -17.7952 0.1055 41.3618 0.1740 2.5887 -12.8109 -6.7159 -1.4364 0.9159 0.8969
30.6176 93.9988 -323.8036 2.2254 -5.1451 2.7891 1.4220 13.8604 -0.1813 -0.3850 0.1275 -0.5805 -3.0351 25.5705 -3.5530 3.9855 21.6681 1.0691 -2.3737 -3.7956 -6.5679 -2.0519 -19.2900 -6.8646 -0.1222 -0.0680 0.0794 0.4542 -10.3127 -3.6750 -0.7086 -10.2758 3.8783 -5.0170 19.6274 -10.7781 -61.8289 -7.5141 -8.5691 1.0324 -0.9778 -113.6341 6.8367 26.4461 7.5814 -14.3666 11.2040 16.2984 -60.0144 1.5985 2.0559 -4.9000 20.4369 8.7234 59.5916 -26.0637 1.5386 0.5493 1.3245 132.5542 -7.6803 42.9543 -41.4796 15.6004 7.3754 -16.0769 49.9525 -3.2958 -4.9580 4.6257 -27.2660 19.1544 -0.2698 55.0240 -0.1923 -14.7900 -12.4813 3.3586 1.7222 -2.3663 -2.0239 -5.1524 -25.5324 -17.8923 0.1745 41.1924 0.2628 2.5276 -11.7338 -6.4523 -1.4355 0.9166 0.8843
31.2897 93.8145 -325.4350 2.1481 -5.5084 2.4020 1.5675 13.5845 -0.1712 -0.2582 0.0275 -0.7230 -2.5208 25.4811 -3.3901 4.2750 22.0848 1.0759 -2.6199 -3.7977 -6.8762 -2.3599 -19.4586 -7.1292 -0.1298 -0.0478 0.0777 0.4461 -10.2866 -3.6798 -0.7153 -10.2470 3.8839 -4.5058 19.7132 -10.2303 -61.8720 -6.6311 -8.4189 1.0099 -1.0890 -114.4737 6.5505 26.3675 7.6575 -14.3157 11.1925 16.2350 -59.8904 1.5847 2.0370 -4.0015 20.6564 8.9071 59.4888 -24.5466 0.1079 0.5697 1.3973 131.9567 -7.9368 43.9083 -42.6899 15.6173 7.3679 -16.0145 49.8827 -3.2681 -4.9689 7.2100 -24.0690 15.1080 -0.5169 59.1769 -0.6361 -13.7038 -13.1077 4.4573 1.7601 -2.6626 -2.0396 -5.2849 -26.2435 -17.5857 0.2048 41.0428 0.2956 2.6724 -10.6115 -6.4347 -1.4359 0.9309 0.8538
32.0647 93.5399 -326.9670 1.9481 -5.8082 1.9050 1.6620 13.1776 -0.2334 -0.1405 -0.1345 -0.8333 -1.9969 25.2100 -3.2182 4.5637 22.4295 1.0116 -2.7679 -3.7851 -7.1798 -2.6612 -19.6577 -7.3219 -0.1280 -0.0265 0.0663 0.4466 -10.2464 -3.6900 -0.7105 -10.2164 3.8712 -3.8291 19.6572 -9.5727 -61.6938 -5.7076 -8.0687 0.7449 -1.2055 -115.4163 6.2253 25.8601 7.6861 -14.3489 11.1988 16.2121 -59.8515 1.5903 2.1209 -3.0617 20.7864 9.0098 59.6291 -23.0782 -1.3008 0.8354 1.4815 131.3121 -7.9130 44.6929 -43.6700 15.7014 7.3903 -16.0171 50.0121 -3.2005 -5.0056 9.2573 -19.8498 11.3598 -0.8324 61.4498 -1.2167 -12.8911 -13.0230 4.8636 1.7942 -3.2002 -2.0933 -5.3237 -26.9442 -17.0847 0.2007 40.8059 0.2968 2.8914 -9.3739 -6.6901 -1.4371 0.9485 0.8058
32.9569 93.2021 -328.4604 1.6116 -6.0261 1.3801 1.7160 12.6959 -0.3336 -0.0461 -0.3750 -0.9146 -1.4747 24.8276 -3.1298 4.9024 22.6009 0.8827 -2.8769 -3.8025 -7.4379 -2.9869 -19.9184 -7.4604 -0.1126 -0.0129 0.0501 0.4630 -10.2142 -3.6998 -0.6945 -10.1970 3.8423 -3.0832 19.5741 -8.8182 -61.1292 -4.8224 -7.7449 0.4457 -1.2478 -116.4960 5.8552 24.7352 7.6413 -14.3946 11.1582 16.1370 -59.8269 1.6004 2.2107 -1.9713 20.8232 9.1039 59.9754 -21.6830 -2.7055 1.2358 1.5306 130.7504 -7.6767 44.9954 -44.0556 15.7407 7.4134 -16.0869 50.0947 -3.1772 -5.0521 10.6874 -14.9763 8.4809 -1.0455 61.1444 -1.7305 -12.2889 -12.6175 4.7012 1.8276 -4.1887 -2.1545 -5.2643 -27.7207 -16.5123 0.1890 40.5392 0.2882 3.1384 -7.9908 -7.0730 -1.4378 1.0150 0.7864
33.9725 92.7712 -330.0974 1.1738 -6.1015 0.9252 1.7345 12.1890 -0.4856 0.0119 -0.6527 -0.9614 -0.9831 24.3206 -3.1223 5.2695 22.4138 0.7498 -2.8931 -3.8350 -7.7506 -3.2050 -20.3028 -7.6309 -0.0957 -0.0029 0.0366 0.4960 -10.1799 -3.7020 -0.6927 -10.1736 3.8093 -2.2825 19.4390 -8.0895 -60.1747 -4.1112 -7.4115 0.1049 -1.2687 -117.6485 5.3885 23.2910 7.6276 -14.4984 11.0834 16.0385 -59.7806 1.6421 2.2675 -0.6328 20.7236 9.1949 60.5132 -20.4124 -4.1486 1.6952 1.5584 130.3304 -7.3465 44.8455 -43.9406 15.8096 7.4335 -16.1779 50.1489 -3.2142 -5.1161 11.5304 -9.9058 6.5681 -1.0003 57.7954 -2.0167 -12.7470 -12.5545 3.6465 1.8779 -6.4585 -2.2475 -5.0986 -28.6372 -16.1076 0.1663 40.2047 0.2574 3.3017 -6.5160 -7.4322 -1.4364 1.1752 0.7985
34.9912 92.2546 -331.8549 0.6831 -5.9613 0.5774 1.7350 11.7132 -0.6863 0.0162 -0.9025 -1.0119 -0.4864 23.6928 -3.0454 5.6268 21.6804 0.7295 -2.7454 -3.8792 -8.3305 -3.2024 -20.8143 -7.9506 -0.0725 0.0014 0.0129 0.5459 -10.1502 -3.7160 -0.6947 -10.1445 3.7647 -1.5164 19.1372 -7.6034 -58.8891 -3.6104 -7.1822 -0.1387 -1.2483 -118.7344 4.8925 21.9211 7.9617 -14.6027 10.9859 15.9169 -59.5878 1.6570 2.2782 0.9505 20.5595 9.2205 60.9987 -19.3499 -5.4600 2.0191 1.5311 129.9841 -7.0276 44.2470 -43.5966 15.9164 7.3480 -16.2111 50.0675 -3.2672 -5.1750 11.8609 -5.2305 5.8303 -0.7556 51.4820 -2.0197 -14.9563 -14.6351 2.5538 1.9886 -11.0545 -2.4300 -4.8346 -29.7986 -15.8942 0.1365 39.7764 0.2103 3.4136 -5.0276 -7.7457 -1.4354 1.2859 0.8060
36.1490 91.7753 -333.7582 0.3560 -5.5605 0.2964 1.5810 11.2061 -0.7367 0.0373 -1.0591 -1.1913 -0.0324 23.0817 -2.9914 5.7686 20.3937 0.4664 -2.8666 -3.9380 -8.5772 -2.4373 -21.2866 -8.8691 -0.0590 0.0039 0.0427 0.5579 -10.2008 -3.7041 -0.6814 -10.1768 3.8032 -0.9762 18.6307 -7.4127 -57.2120 -3.6882 -6.8787 -0.4141 -1.1445 -119.5236 4.5040 20.7454 8.4424 -14.5691 11.0343 16.0012 -59.6158 1.6328 2.4128 2.4035 20.2348 9.3972 61.4094 -18.4187 -6.5998 2.0115 1.4659 129.5484 -6.7966 43.7334 -43.4500 16.0304 7.3030 -16.3543 50.1330 -3.3422 -5.2250 11.4263 -2.1318 6.6889 -0.5387 44.6972 -1.6546 -16.5877 -21.1396 4.3718 1.9040 -9.0353 -2.3553 -4.7166 -31.3422 -15.6064 0.1717 39.0647 0.2699 3.5339 -3.2608 -7.9169 -1.4445 0.9585 0.8221
37.4622 91.4644 -335.8955 0.5203 -5.1486 0.0483 1.1450 10.9373 -0.8093 -0.0007 -1.1027 -1.2174 0.0155 22.7107 -3.1332 6.0077 18.5337 0.4160 -3.0449 -3.9814 -9.2205 -1.4035 -21.9405 -9.8447 -0.0182 -0.0191 -0.0056 0.6104 -10.2141 -3.7565 -0.6517 -10.1799 3.7424 -0.8020 18.0725 -7.6182 -54.7848 -4.8667 -6.4546 -0.6796 -0.9961 -119.9055 4.0856 19.6066 8.8741 -14.6557 10.9889 15.9201 -59.6031 1.5936 2.4489 3.6058 19.9407 9.6701 61.9383 -18.0476 -7.6085 1.8858 1.2655 128.9166 -7.1193 43.4277 -44.1318 16.0167 7.2838 -16.5267 50.2108 -3.3413 -5.2426 9.8356 -1.1876 7.8572 -0.3900 40.0393 -1.2274 -15.8567 -26.7451 7.0113 1.7572 -3.6127 -2.1314 -5.0882 -32.8948 -15.4034 0.1644 37.5632 0.2913 3.5237 -0.7425 -7.7504 -1.4397 0.4227 0.9027
38.7042 91.4096 -338.2670 1.0533 -4.8354 -0.5097 0.5216 10.8745 -0.8341 -0.1057 -1.0825 -1.0362 -0.3986 22.7397 -3.2668 6.1488 16.6376 0.5969 -3.0584 -4.0678 -9.9369 0.0051 -22.5374 -11.1663 0.0068 -0.0427 -0.0380 0.6483 -10.2370 -3.7855 -0.6383 -10.1787 3.6955 -1.0895 17.7598 -8.1201 -51.3703 -6.9894 -6.5765 -0.4247 -0.9443 -119.8218 3.3763 19.7693 9.5581 -14.8818 10.9384 15.9246 -59.6387 1.5285 2.4811 4.4349 19.8649 10.1548 63.0737 -18.3757 -8.5755 1.7492 0.8901 128.1234 -8.0348 43.4011 -45.7456 15.9325 7.2180 -16.6315 50.1786 -3.4015 -5.2494 7.8691 -1.9902 8.6759 -0.2661 38.3103 -0.9370 -14.3597 -29.0056 8.5333 1.6704 -1.5226 -2.0414 -5.6814 -33.7146 -14.8759 0.2471 34.5017 0.3704 3.2562 2.2853 -7.6128 -1.4327 -0.0629 0.9166
39.7311 91.7026 -340.8075 1.4306 -4.6000 -1.1751 0.1629 10.8935 -0.8405 -0.2791 -0.9519 -0.7651 -1.1995 22.8669 -3.4358 6.1431 15.3784 0.9232 -3.0835 -3.9576 -10.3517 1.2912 -23.2029 -12.2154 -0.0143 -0.0353 -0.0308 0.6630 -10.2513 -3.7722 -0.6962 -10.1804 3.7011 -1.4678 17.5028 -8.3859 -47.8644 -9.8844 -6.9705 -0.3327 -0.8302 -119.4141 2.4689 21.1965 10.1634 -15.2329 10.6780 15.6855 -59.5250 1.6621 2.5504 4.0671 20.2866 10.6362 65.6174 -18.9895 -9.7446 2.0094 0.7149 127.3878 -9.1852 42.7792 -46.5271 15.8964 7.0455 -16.5458 49.9488 -3.4465 -5.3034 6.5324 -4.1598 9.3582 -0.3033 39.0516 -0.8424 -13.0568 -28.5023 8.7524 1.6513 -1.1781 -2.0147 -5.8324 -33.2489 -14.2886 0.2433 29.6489 0.4544 3.5304 5.4933 -7.8138 -1.4196 -0.8145 0.9152
40.6079 92.1958 -343.2031 1.3780 -4.5070 -2.3803 0.0511 10.9995 -0.6520 -0.3880 -0.9115 -0.5294 -1.9331 22.9974 -3.1487 5.4486 15.3983 1.1189 -3.0375 -3.8299 -9.9890 2.5222 -23.2392 -12.9875 -0.0642 -0.0209 0.1153 0.6175 -10.2416 -3.5998 -0.7524 -10.1625 3.8370 -2.2519 17.2761 -8.6930 -45.0675 -12.8334 -7.6256 -0.0145 -0.8079 -119.0583 2.0576 22.9337 10.9058 -15.3196 10.5913 15.5918 -59.6580 1.7386 2.6080 2.6611 20.7403 10.9251 67.9448 -18.9282 -10.1031 2.1859 0.7307 126.8806 -9.3637 40.9360 -45.5973 15.7279 7.0230 -16.5215 49.7375 -3.4623 -5.3552 6.0082 -6.0190 10.6012 -0.3712 39.4573 -0.7584 -12.2633 -27.5013 8.6406 1.6368 -0.9067 -2.0645 -5.3396 -31.8447 -13.9031 0.3286 23.8981 0.4543 4.2168 6.7933 -7.5323 -1.4122 -1.3859 0.9490
41.2016 92.6994 -345.5040 1.0561 -4.5384 -3.4859 -0.0656 11.0887 -0.4645 -0.4211 -0.8559 -0.2132 -2.5187 23.1366 -2.8411 4.6078 16.0634 1.3807 -2.8747 -3.8031 -9.6602 3.6023 -22.9360 -13.3509 -0.0996 -0.0150 0.2029 0.5752 -10.2690 -3.4953 -0.7824 -10.1923 3.9202 -3.1321 16.8121 -8.7848 -43.5133 -15.4751 -8.4405 0.4970 -0.6835 -119.0646 2.0561 24.0922 11.4583 -15.3366 10.5490 15.5217 -59.7998 1.8329 2.6455 1.3257 21.1796 11.3715 69.2539 -18.5629 -9.8284 2.1177 0.8355 126.9671 -9.0280 39.0794 -44.1778 15.6393 7.0290 -16.5281 49.5449 -3.5221 -5.4508 5.9589 -7.3637 11.6857 -0.4004 39.2759 -0.7045 -11.6772 -26.2732 8.4786 1.6425 -0.8038 -2.0244 -4.4410 -30.4547 -14.3599 0.2520 20.1779 0.2996 5.7290 5.9772 -7.3878 -1.3985 -1.5042 0.9670
41.5236 93.1690 -347.5617 0.6147 -4.7219 -4.1358 -0.1787 11.1718 -0.3268 -0.4637 -0.8126 0.1266 -3.0872 23.3875 -2.5763 4.0011 16.8843 1.5278 -2.6826 -3.7920 -9.3020 4.6532 -22.2889 -13.6283 -0.1217 -0.0016 0.2401 0.5378 -10.2985 -3.4529 -0.7903 -10.2232 3.9587 -4.0333 16.3074 -8.6364 -42.7102 -18.1808 -9.6791 0.9557 -0.5801 -119.2796 2.4644 24.8360 11.8450 -15.3676 10.4623 15.3877 -59.8429 1.8332 2.6111 0.2762 21.6243 11.8013 69.9025 -18.1212 -9.2497 1.9543 0.8712 127.2512 -8.6233 37.3217 -42.8023 15.5856 7.0745 -16.4816 49.4143 -3.5481 -5.4982 6.1806 -8.5000 12.3803 -0.3987 38.9155 -0.6430 -11.1386 -24.9461 8.3225 1.6490 -0.6814 -1.9881 -3.6511 -29.4350 -15.3474 0.1933 19.6277 0.1866 6.7405 5.1108 -7.8408 -1.4001 -1.4634 0.9629
41.6604 93.5310 -349.5631 0.2251 -5.0741 -4.0909 -0.3398 11.2761 -0.2170 -0.5291 -0.8215 0.3620 -3.6508 23.7050 -2.3180 3.7776 17.8216 1.4900 -2.4495 -3.7950 -8.9114 5.7432 -21.4054 -13.8821 -0.1310 0.0114 0.2409 0.5099 -10.3410 -3.4604 -0.7817 -10.2725 3.9711 -4.7533 15.8882 -8.4257 -42.7032 -20.8177 -11.3361 1.1695 -0.6240 -119.5967 3.3185 25.4072 12.1611 -15.3724 10.3839 15.2415 -59.8460 1.8497 2.5524 -0.6232 22.0558 12.0463 70.3149 -17.4399 -8.6744 1.7757 0.8398 127.5321 -8.1677 35.9902 -41.7647 15.5562 7.1333 -16.4655 49.3703 -3.5311 -5.5639 6.4589 -9.5418 12.5873 -0.3817 38.6824 -0.5629 -10.5415 -23.6739 8.0227 1.6467 -0.5176 -1.9656 -3.6175 -28.7666 -16.0469 0.1852 22.3414 0.1917 7.1436 3.6953 -8.4930 -1.4116 -1.2911 0.9613
41.5490 93.7728 -351.2710 0.0263 -5.5530 -3.3551 -0.6053 11.3428 -0.2057 -0.6144 -0.8488 0.5719 -4.2181 23.9975 -2.1610 3.9313 18.8876 1.3885 -2.1484 -3.7967 -8.5007 6.8602 -20.5194 -14.0072 -0.1306 0.0164 0.2282 0.4940 -10.3705 -3.4856 -0.7647 -10.3191 3.9728 -5.3726 15.7090 -8.2098 -43.3063 -22.9974 -13.3197 1.1620 -0.6931 -119.9665 4.1967 25.8496 12.3570 -15.3620 10.3149 15.1424 -59.7467 1.8485 2.5009 -1.5204 22.5597 12.0807 70.7701 -16.5457 -8.1449 1.6328 0.7733 127.7024 -7.7654 35.3787 -41.2549 15.5621 7.1731 -16.4034 49.4061 -3.5057 -5.5098 6.6430 -10.4549 12.3246 -0.3513 38.5722 -0.4756 -9.9997 -22.4974 7.6261 1.6387 -0.2902 -1.9608 -4.5638 -28.1988 -16.1243 0.2154 27.4383 0.3188 7.5187 1.6389 -8.8631 -1.4321 -1.0825 0.9526
41.1739 93.9290 -352.8590 0.1198 -6.0496 -2.1197 -0.9798 11.3265 -0.2166 -0.7125 -0.8801 0.7331 -4.8600 24.2121 -2.1136 4.4437 19.8551 1.2619 -1.8993 -3.7870 -8.0149 7.9765 -19.5289 -14.0434 -0.1278 0.0214 0.2212 0.4860 -10.3850 -3.5077 -0.7510 -10.3534 3.9813 -6.0915 15.7321 -8.0080 -43.8932 -24.0866 -15.7046 0.9585 -0.6964 -120.2621 4.5045 26.5176 12.5325 -15.3223 10.3178 15.1011 -59.7609 1.8197 2.3932 -2.3887 23.0517 11.9767 71.3803 -15.5787 -7.8622 1.5929 0.6798 127.6801 -7.3801 35.5245 -40.8969 15.6065 7.1729 -16.3158 49.4008 -3.5064 -5.3335 6.5761 -11.2481 11.7667 -0.3248 38.4441 -0.4122 -9.4968 -21.2496 7.0750 1.6357 -0.0442 -1.9768 -6.4068 -27.4070 -15.4657 0.2319 33.5780 0.4547 7.8551 -1.4083 -9.4272 -1.4599 -0.9046 0.9528
40.6146 94.0187 -354.3927 0.4950 -6.4768 -0.6357 -1.3839 11.2197 -0.2112 -0.8196 -0.9435 0.9111 -5.5536 24.4187 -2.1068 5.1297 20.5919 1.1229 -1.6684 -3.7736 -7.4929 9.0513 -18.5412 -13.9484 -0.1262 0.0267 0.2259 0.4842 -10.4023 -3.5187 -0.7458 -10.3939 4.0029 -7.0555 15.9440 -7.8154 -44.2025 -23.8737 -18.4619 0.7661 -0.5468 -120.4554 4.0371 27.3841 12.6706 -15.2512 10.3415 15.1022 -59.8496 1.7284 2.3088 -3.2644 23.4582 11.8535 72.1430 -14.6484 -7.8548 1.4887 0.6370 127.6637 -7.1301 36.1262 -40.5933 15.6303 7.1822 -16.2536 49.3996 -3.5102 -5.1450 6.2562 -12.0000 11.1721 -0.3046 38.2507 -0.3526 -9.0289 -19.8921 6.3840 1.6350 0.1338 -1.9957 -8.7931 -26.2605 -14.2376 0.2442 39.7996 0.5357 8.0665 -4.6993 -10.1612 -1.4867 -0.8927 0.9665
39.8865 94.0725 -355.6956 1.0463 -6.7804 0.8044 -1.7379 11.0348 -0.1824 -0.9206 -1.0153 1.1903 -6.2321 24.5934 -2.0592 5.8068 21.0640 0.9821 -1.4695 -3.7656 -6.9617 10.0721 -17.6402 -13.7890 -0.1353 0.0284 0.2497 0.4742 -10.4051 -3.5073 -0.7535 -10.4180 4.0446 -8.2336 16.2557 -7.6262 -44.4565 -22.7297 -21.0608 0.4084 -0.2281 -120.4309 3.1613 28.1987 12.7802 -15.2221 10.4315 15.1807 -60.0234 1.6465 2.2861 -4.1722 23.7348 11.8198 73.0654 -14.0281 -8.1134 1.3072 0.6852 127.5398 -7.1589 37.0950 -40.4069 15.6741 7.1843 -16.1715 49.3913 -3.4993 -5.0041 5.7977 -12.6907 10.6719 -0.2753 37.8448 -0.2791 -8.6769 -18.4470 5.6535 1.6376 0.1647 -2.0030 -11.1773 -24.7277 -12.9075 0.2664 44.9547 0.6085 8.2343 -7.4993 -10.9137 -1.5036 -1.0873 0.9763
39.0864 94.0871 -357.0317 1.7551 -6.9977 2.0744 -2.0341 10.8348 -0.1010 -1.0159 -1.1013 1.5210 -6.8661 24.7215 -1.9149 6.4011 21.4347 0.9048 -1.3338 -3.7684 -6.4680 10.9731 -16.8794 -13.6118 -0.1499 0.0228 0.2785 0.4587 -10.4173 -3.4936 -0.7677 -10.4452 4.0962 -9.3915 16.5400 -7.4454 -45.0209 -20.9676 -23.1459 -0.0445 0.0699 -120.1932 2.4513 28.6082 12.9221 -15.1724 10.5182 15.2462 -60.1209 1.6188 2.2846 -5.1448 23.8862 11.9491 74.0226 -13.8200 -8.5525 1.0150 0.7860 127.2804 -7.6010 38.2111 -40.2820 15.7593 7.2272 -16.1288 49.4893 -3.4813 -4.9447 5.2511 -13.3505 10.4072 -0.2499 37.2853 -0.2327 -8.4645 -16.9862 4.9239 1.6362 0.0372 -2.0183 -13.3590 -22.7444 -11.5969 0.2748 48.4868 0.6556 8.4580 -9.8880 -11.7016 -1.5118 -1.3077 0.9815
38.2068 94.0466 -358.3621 2.5606 -7.1389 3.1400 -2.3124 10.6401 -0.0313 -1.0933 -1.1893 1.9105 -7.4374 24.7698 -1.7164 6.8099 21.8731 0.8559 -1.2146 -3.7664 -5.9879 11.6466 -16.2846 -13.3840 -0.1594 0.0136 0.2873 0.4519 -10.4433 -3.5062 -0.7800 -10.4796 4.1302 -10.3967 16.8172 -7.1663 -45.9441 -18.8070 -24.7340 -0.3580 0.2168 -119.8281 2.2021 28.3165 12.9994 -15.1255 10.5563 15.2597 -60.0755 1.6001 2.3257 -6.1963 23.9156 12.2176 74.9901 -14.1802 -9.0482 0.5955 0.8494 126.8432 -8.5292 39.2848 -40.2321 15.8518 7.3006 -16.1008 49.6891 -3.4482 -4.9174 4.6587 -14.0246 10.3839 -0.2259 36.5999 -0.1990 -8.4102 -15.5003 4.2526 1.6344 -0.1623 -2.0231 -15.0927 -20.3697 -10.4755 0.3040 50.0487 0.7470 8.7984 -11.8509 -12.5593 -1.5194 -1.5083 0.9977
37.1610 93.9480 -359.7631 3.4145 -7.2895 4.0060 -2.5841 10.4846 0.0814 -1.1553 -1.2526 2.2154 -7.9540 24.7907 -1.4907 6.9919 22.3839 0.8023 -1.0571 -3.7446 -5.5251 12.0042 -15.8730 -13.0630 -0.1503 0.0038 0.2645 0.4789 -10.4589 -3.5510 -0.7886 -10.5043 4.1257 -11.1736 17.1329 -6.7896 -47.0937 -16.3277 -25.8127 -0.3803 0.2026 -119.4677 2.2097 27.3763 12.9638 -15.0081 10.5757 15.2294 -59.9578 1.6375 2.3163 -7.2934 23.9232 12.5972 75.9136 -15.2839 -9.7147 0.2567 0.7601 126.3787 -10.1498 40.2390 -40.2219 15.8636 7.3644 -16.0879 49.8672 -3.4385 -4.9564 4.1059 -14.6659 10.5722 -0.2242 35.8765 -0.2040 -8.5038 -14.0256 3.7686 1.6296 -0.3608 -2.0090 -16.2374 -17.7133 -9.7588 0.3283 49.5330 0.8429 9.7836 -13.4364 -13.3297 -1.5326 -1.7831 1.0592
35.9734 93.7695 -361.0419 4.2209 -7.4563 4.6643 -2.8475 10.3448 0.2102 -1.2197 -1.2882 2.4077 -8.3358 24.7433 -1.2426 6.9463 22.9075 0.7015 -0.9010 -3.6985 -5.1115 12.0067 -15.6505 -12.6319 -0.1366 0.0041 0.2408 0.5201 -10.4760 -3.5903 -0.8025 -10.5259 4.1110 -11.6584 17.4035 -6.4163 -48.4594 -13.6200 -26.1422 -0.1713 0.0350 -119.0413 2.1245 25.9937 12.7134 -14.8661 10.6403 15.2248 -59.9038 1.7670 2.2962 -8.3318 23.7914 12.9356 76.5057 -16.9171 -10.3601 0.0208 0.4578 126.0936 -12.5130 40.8644 -40.0971 15.7679 7.4113 -16.0833 49.9305 -3.4125 -5.0019 3.7326 -15.3896 10.8995 -0.2252 35.2863 -0.2331 -8.7445 -12.6028 3.3700 1.6113 -0.5377 -1.9565 -16.6935 -15.0185 -9.8816 0.3232 46.7046 0.8730 12.5864 -15.1832 -13.9763 -1.5341 -2.0958 1.1569
34.6068 93.5708 -362.4072 4.8514 -7.6471 5.2916 -2.8656 10.2856 0.3144 -1.3188 -1.3150 2.6111 -8.6505 24.6295 -0.9827 6.8058 23.4211 0.5926 -0.9539 -3.6957 -4.8326 12.0484 -15.4514 -12.3695 -0.1351 -0.0127 0.2428 0.5258 -10.4614 -3.5845 -0.8050 -10.5109 4.1090 -12.2193 17.5523 -6.4608 -49.6587 -10.5784 -25.6336 0.3189 -0.1394 -118.5417 1.6745 24.3106 12.6734 -14.6940 10.7409 15.2779 -60.0232 1.7724 2.2426 -9.1903 22.9180 13.0997 76.6580 -18.2580 -11.0811 -0.1333 0.1279 125.9608 -14.9297 40.8408 -39.1978 15.5178 7.5198 -16.1815 50.0348 -3.3241 -5.1116 3.6624 -16.1791 11.3707 -0.1580 34.5721 -0.1604 -9.2472 -10.9795 2.6102 1.6119 -0.6801 -1.9918 -16.4490 -13.0575 -10.7098 0.2624 42.9572 0.5661 14.4372 -18.2680 -15.8043 -1.5170 -0.3745 1.2023
33.1511 93.5041 -363.9014 4.8171 -8.0349 6.0911 -2.4566 10.4075 0.4240 -1.3128 -1.2491 2.6311 -8.7354 24.6381 -1.1396 6.1656 23.6905 0.6050 -0.8889 -3.7776 -4.8216 11.7565 -15.2844 -11.9529 -0.1102 -0.0361 0.1831 0.5342 -10.4431 -3.6401 -0.7634 -10.4980 4.0387 -13.1202 17.5257 -6.5805 -50.7676 -8.1423 -23.9637 0.4261 -0.2392 -118.0560 1.2674 22.6727 12.9489 -14.5282 10.7596 15.2961 -59.9524 1.8484 2.1945 -10.1642 22.1443 13.2324 76.7377 -20.0482 -12.3605 -0.2785 0.0339 126.1640 -15.8683 40.3449 -38.1291 15.5332 7.4328 -16.2456 50.2351 -3.2984 -5.1750 4.3492 -16.8234 11.9347 -0.1435 33.5637 -0.1770 -10.1368 -9.2247 1.4341 1.6311 -0.8606 -1.9879 -15.5036 -13.1265 -12.0806 0.1474 42.3549 0.4181 13.5891 -19.3522 -16.0048 -1.4840 0.8344 1.1798
31.7092 93.5038 -365.4278 4.4291 -8.4697 7.0712 -1.9387 10.5615 0.4421 -1.2257 -1.2209 2.4059 -8.4472 24.5657 -1.3544 5.0775 24.1861 0.5593 -0.7359 -3.7825 -4.9011 11.0645 -15.1589 -11.3800 -0.1040 -0.0523 0.1581 0.5368 -10.4295 -3.6640 -0.7539 -10.4852 4.0107 -13.7020 17.7558 -6.7467 -52.1765 -6.3187 -21.8370 0.4924 -0.3127 -117.5932 1.5322 21.3827 13.6411 -14.4977 10.7264 15.2892 -59.8868 1.7644 2.1325 -11.7025 21.2364 12.7124 77.1937 -21.6185 -14.2742 -0.2462 0.1229 126.6658 -16.1784 39.8714 -37.1924 15.5305 7.2959 -16.2279 50.2663 -3.4214 -5.1019 5.3588 -17.5372 13.1451 -0.2198 32.5601 -0.2818 -11.5824 -7.8273 -0.6416 1.6536 -1.1434 -1.9629 -14.4937 -13.9995 -13.9063 0.2037 42.9691 0.3887 12.4540 -19.2656 -15.0541 -1.4702 1.2853 1.1344
30.3122 93.5906 -366.7251 4.0014 -8.8211 8.4119 -1.3978 10.6088 0.2849 -1.1696 -1.2348 2.0566 -7.9560 24.1621 -1.6983 4.1325 25.2036 0.7071 -0.6729 -3.7426 -5.2316 9.7724 -15.0368 -10.5816 -0.0744 -0.0747 0.0951 0.5795 -10.4343 -3.7329 -0.7359 -10.4968 3.9459 -13.5637 18.0607 -6.8626 -53.9183 -4.7170 -19.7440 0.4517 -0.4359 -117.5669 2.3714 19.9872 14.3125 -14.6258 10.6051 15.1633 -59.7795 1.6532 2.0432 -13.5215 20.0241 11.8771 77.8998 -22.3629 -16.2031 -0.3553 0.2100 127.3585 -16.5730 39.7669 -36.8959 15.2721 7.0610 -16.0304 49.8035 -3.5508 -5.0623 6.1624 -18.2522 15.0354 -0.3136 31.1717 -0.3492 -14.6520 -6.9795 -3.6486 1.6828 -1.7217 -1.9625 -13.6463 -14.4939 -16.1256 0.2457 42.8853 0.2971 11.4827 -19.0169 -13.8147 -1.4757 1.4473 1.1237
29.1582 93.8253 -367.9005 3.6067 -9.0362 9.3699 -0.7078 10.4859 0.2098 -1.0775 -1.3216 1.5466 -7.3892 23.4855 -1.8836 3.0201 26.4923 0.8534 -0.6659 -3.7269 -5.4815 7.9201 -14.7830 -9.8441 -0.0710 -0.0714 0.0779 0.5703 -10.4140 -3.7475 -0.7198 -10.4893 3.9228 -13.1406 18.1936 -7.1961 -55.7072 -3.1547 -17.8474 0.3744 -0.4686 -117.7058 3.3782 18.3101 14.8046 -14.7299 10.5950 15.1052 -59.9629 1.5702 2.0136 -14.7979 18.8144 10.9191 77.6759 -23.3208 -17.2930 -0.5680 0.4098 127.5265 -17.0263 40.0572 -36.2921 14.8935 6.9340 -15.9663 49.2360 -3.6679 -4.9732 6.6929 -18.7419 17.0612 -0.3288 30.6409 -0.4448 -19.3963 -8.8220 -4.3271 1.5937 -2.7197 -1.9932 -12.7694 -14.5699 -17.4202 0.3057 42.0438 0.2842 10.4667 -18.6273 -13.0405 -1.4790 1.5409 1.0363
28.4264 94.2577 -369.0711 3.3728 -9.2637 9.5621 -0.0442 10.1872 0.2094 -0.9327 -1.5305 1.0922 -6.7471 22.8673 -2.1040 1.7357 27.9324 1.1942 -0.7279 -3.7138 -5.8127 5.7152 -14.5049 -8.9691 -0.0665 -0.0696 0.0497 0.5735 -10.4567 -3.7753 -0.7149 -10.5232 3.8928 -12.7308 18.2967 -7.5832 -57.1395 -2.0608 -16.0342 0.2057 -0.5330 -118.0266 4.1103 16.4523 14.9863 -14.8468 10.6571 15.1824 -60.3355 1.5285 1.9642 -15.3020 17.8106 10.1153 76.2011 -24.8416 -16.9228 -0.6029 0.4807 126.8657 -17.4703 40.8417 -35.5875 14.5224 6.9009 -15.9451 48.6528 -3.7638 -4.8935 6.8979 -18.9317 18.7735 -0.3208 32.7796 -0.4911 -21.7336 -11.6660 -2.1738 1.5799 -3.2315 -1.9963 -11.9502 -14.3319 -17.2609 0.2740 40.7027 0.1978 9.5831 -17.7750 -12.8820 -1.4805 1.3866 0.9814
28.1837 94.6902 -370.1804 3.3619 -9.5894 8.7010 0.4647 9.7519 0.1623 -0.7613 -1.7246 0.7987 -6.0438 22.2236 -2.2533 0.1193 29.4150 1.7791 -0.9028 -3.6849 -5.9189 3.4554 -14.1572 -7.9292 -0.0861 -0.0651 0.0585 0.5491 -10.5161 -3.7693 -0.7317 -10.5559 3.9132 -12.1595 18.2618 -7.6432 -58.5169 -1.2203 -14.3572 0.1738 -0.6748 -118.3136 4.6144 14.8485 14.9742 -14.8813 10.7445 15.2677 -60.6723 1.5421 1.8905 -15.2524 17.1570 9.5813 73.7594 -26.8627 -14.4080 -0.6054 0.6361 125.2497 -17.5849 42.5361 -35.2384 14.1889 6.8964 -15.8522 48.1117 -3.8390 -4.8531 7.1006 -18.2542 19.9159 -0.3111 37.4904 -0.4786 -21.3122 -13.4752 -0.0579 1.6646 -3.3601 -1.9984 -11.3481 -13.9349 -15.6284 0.2291 39.2218 0.1453 8.9664 -16.6196 -13.2274 -1.4789 1.1413 0.9553
28.4129 95.0265 -371.6400 3.5785 -9.9450 6.8421 0.8374 9.2225 0.1449 -0.5757 -1.8982 0.5661 -5.3467 21.5696 -2.3432 -1.8743 30.8418 2.5749 -1.1409 -3.6582 -5.7339 1.2111 -13.7085 -6.6616 -0.1271 -0.0542 0.1053 0.4953 -10.5693 -3.7214 -0.7633 -10.5716 3.9779 -11.4798 18.0222 -7.3877 -59.9312 -0.3985 -12.4871 0.2089 -0.7577 -118.6675 4.9734 13.6333 14.8229 -14.7831 10.8181 15.2880 -60.7121 1.5386 1.8207 -14.9092 16.7767 9.3317 70.7543 -28.7294 -10.0297 -0.6343 0.8799 122.8557 -17.4666 44.8059 -35.3591 13.8277 6.9587 -15.6957 47.7093 -3.8315 -4.8198 7.4042 -16.4992 20.5442 -0.3101 43.0947 -0.4838 -20.0451 -14.4556 1.6656 1.7400 -3.4039 -2.0149 -11.0344 -13.7891 -12.9991 0.1992 38.1898 0.1310 8.5169 -15.4590 -13.5346 -1.4788 0.9003 0.9266
28.9167 95.1373 -373.0664 3.8988 -10.2266 4.2798 1.1194 8.6137 0.1728 -0.3687 -2.0494 0.3272 -4.6661 20.9603 -2.4291 -3.9742 31.9699 3.4581 -1.3886 -3.6563 -5.3322 -0.9677 -13.1341 -5.2158 -0.1506 -0.0343 0.1358 0.4732 -10.5841 -3.6821 -0.7914 -10.5532 4.0140 -10.8852 17.6901 -6.9103 -61.0830 0.5292 -10.4622 0.4345 -0.8294 -119.2288 5.1896 13.2118 14.5039 -14.5731 10.8426 15.2863 -60.4215 1.4905 1.8124 -14.3076 16.5781 9.2939 67.7186 -29.9458 -4.5741 -0.5588 1.1453 120.1431 -17.4706 47.0929 -36.0576 13.4981 7.0375 -15.5236 47.4179 -3.8110 -4.8195 7.7084 -13.7661 20.8375 -0.3232 48.3457 -0.5505 -18.3874 -14.6300 3.2833 1.7922 -3.4178 -2.0610 -10.8906 -14.2104 -10.0018 0.1939 37.9838 0.1649 8.1625 -14.4986 -13.5687 -1.4794 0.7431 0.8869
29.4858 94.9879 -374.7015 4.1340 -10.4064 1.5532 1.3634 8.0801 0.1707 -0.1610 -2.1922 0.0090 -3.9746 20.4024 -2.5766 -5.8447 32.6145 4.2989 -1.5314 -3.6845 -4.8148 -2.9766 -12.5641 -3.7049 -0.1500 -0.0076 0.1316 0.4840 -10.5674 -3.6704 -0.8024 -10.5024 3.9981 -10.2371 17.3056 -6.3287 -61.8487 1.4700 -8.3438 0.7720 -0.9389 -119.8654 5.3542 13.3836 14.0883 -14.3512 10.8399 15.2855 -59.9996 1.4905 1.8830 -13.4139 16.4848 9.2435 65.2352 -30.3113 0.9829 -0.1822 1.2785 117.7400 -17.8255 48.8028 -36.9519 13.3180 7.0908 -15.3832 47.2628 -3.7947 -4.8435 7.8960 -10.2923 20.6783 -0.3711 52.3968 -0.7281 -16.7994 -14.1917 4.4788 1.8312 -3.6579 -2.1211 -10.7536 -15.2978 -7.2690 0.2021 38.6884 0.2308 7.8823 -13.8762 -13.2642 -1.4774 0.7258 0.8378
29.9580 94.5410 -376.2073 4.0954 -10.4721 -0.7004 1.5729 7.6808 0.0269 0.0092 -2.3200 -0.4016 -3.2204 19.9312 -2.8393 -7.1410 32.6009 4.8638 -1.5135 -3.7310 -4.2637 -4.8442 -12.1618 -2.1626 -0.1338 0.0098 0.1084 0.5131 -10.5233 -3.6774 -0.7995 -10.4422 3.9556 -9.1800 16.8294 -5.9632 -62.2814 2.2840 -5.9682 0.9441 -1.1544 -120.4550 5.7501 14.4740 13.8891 -14.1768 10.8353 15.3421 -59.6240 1.5482 1.9966 -12.0698 16.4922 8.9401 63.6471 -29.7611 5.9567 0.4658 1.3188 116.2703 -18.7093 49.8980 -37.6986 13.3906 7.1345 -15.3568 47.3460 -3.8096 -4.9399 7.9737 -6.5824 19.9747 -0.4503 54.8887 -1.0083 -15.5667 -13.0078 5.0122 1.8696 -4.5579 -2.1877 -10.4673 -16.9533 -5.2975 0.2369 40.0516 0.3500 7.6954 -13.5628 -12.7130 -1.4712 0.8567 0.8015
30.2661 93.8697 -377.9101 3.7464 -10.3847 -1.9850 1.7337 7.3773 -0.2491 0.1256 -2.4605 -0.8798 -2.5006 19.6837 -3.2377 -7.4585 31.8740 4.9654 -1.4908 -3.7958 -3.8009 -6.4822 -12.1041 -0.7424 -0.1076 -0.0032 0.0742 0.5473 -10.4605 -3.6970 -0.7810 -10.3990 3.9010 -7.6458 16.4830 -6.2104 -62.2884 2.6664 -3.7669 1.0010 -1.2965 -120.9820 6.4136 16.4426 14.1191 -14.1083 10.8842 15.4156 -59.5225 1.6026 2.0783 -10.2484 16.5479 8.2592 63.0986 -28.1230 9.6678 1.1783 1.3081 116.1551 -20.4105 50.7983 -38.5535 13.6060 7.2408 -15.5087 47.6654 -3.8750 -5.1078 7.8831 -3.2172 18.7933 -0.5098 55.4789 -1.2827 -14.4320 -11.6749 5.2532 1.9255 -6.5843 -2.2698 -10.0408 -18.9260 -4.3240 0.3094 41.6188 0.4973 7.6717 -13.5564 -12.0104 -1.4605 0.9568 0.7852
30.4672 93.0969 -379.8448 3.1562 -10.0483 -2.3533 1.7861 7.1861 -0.6218 0.2413 -2.5943 -1.3516 -1.8696 19.6269 -3.7876 -6.8652 30.5354 4.8620 -1.5420 -3.8561 -3.5003 -7.5759 -12.3414 0.1991 -0.0659 -0.0441 0.0199 0.6044 -10.3842 -3.7396 -0.7523 -10.3716 3.8220 -5.9311 16.3967 -7.0606 -61.7157 2.2019 -2.1668 1.1483 -1.2881 -121.8430 6.7501 18.6792 14.5301 -14.2873 10.8842 15.5000 -59.5486 1.5762 2.1366 -7.9173 16.5238 7.4635 63.4691 -25.1379 11.7843 1.8759 1.2364 117.4434 -23.0863 51.7799 -39.7856 13.9526 7.3794 -15.7962 48.0910 -3.9823 -5.3223 7.4957 -0.5318 17.2464 -0.5037 53.9311 -1.5026 -13.4141 -11.2678 5.3987 2.0018 -10.2731 -2.3746 -9.5618 -21.0862 -4.1074 0.3659 42.9438 0.5503 7.8458 -13.5034 -11.4549 -1.4482 0.9278 0.7857
30.7719 92.4090 -381.9707 2.5620 -9.5526 -2.1493 1.7191 7.1535 -0.9252 0.3152 -2.6253 -1.8715 -1.3073 19.6022 -4.2481 -5.9647 29.0229 4.8103 -1.7793 -3.8795 -3.3062 -7.9432 -12.5564 0.3672 -0.0117 -0.0674 -0.0730 0.6686 -10.2984 -3.8265 -0.7051 -10.3243 3.7045 -4.3823 16.3932 -8.1582 -60.8119 0.8029 -0.9482 1.2264 -1.1247 -123.3512 6.4995 20.6306 14.9845 -14.6931 10.8170 15.6110 -59.4024 1.4935 2.2772 -5.5173 16.5024 6.8745 64.1537 -21.3217 12.8991 2.3576 1.2794 119.3163 -26.2157 52.3667 -41.2891 14.3893 7.3414 -15.9360 48.4892 -4.0327 -5.3709 7.0133 1.1184 15.8736 -0.4525 50.8992 -1.5859 -12.5018 -13.4509 6.1415 2.0336 -12.5316 -2.4374 -9.2189 -23.0978 -4.1733 0.3702 43.7034 0.5245 8.1005 -13.1925 -11.2187 -1.4462 0.5005 0.8262
